ply
format ascii 1.0
element vertex 6668
property float x
property float y
property float z
end_header
11.8065 -2.3694 6.7768
11.8134 -2.4118 6.8091
11.7866 -2.3500 6.7925
11.7801 -2.3693 6.7614
11.7868 -2.4118 6.7936
11.7677 -2.3326 6.8154
11.7613 -2.3522 6.7835
11.7531 -2.3680 6.7426
11.7602 -2.4117 6.7781
11.7668 -2.4548 6.8107
11.7794 -2.5103 6.8736
11.7598 -2.3032 6.8972
11.7486 -2.3153 6.8397
11.7427 -2.3359 6.8092
11.7208 -2.3267 6.6970
11.7267 -2.3680 6.7273
11.7342 -2.4128 6.7659
11.7456 -2.4660 6.8244
11.7521 -2.5102 6.8575
11.7378 -2.2810 6.9107
11.7291 -2.2975 6.8645
11.7118 -2.2976 6.7727
11.7018 -2.3099 6.7197
11.6961 -2.3293 6.6892
11.6807 -2.3297 6.6081
11.6782 -2.3542 6.5949
11.6843 -2.3961 6.6271
11.7248 -2.5100 6.8414
11.7170 -2.2612 6.9327
11.7094 -2.2798 6.8909
11.6908 -2.2774 6.7890
11.6826 -2.2930 6.7438
11.6773 -2.3134 6.7146
11.6593 -2.3084 6.6161
11.6520 -2.3233 6.5761
11.6530 -2.3547 6.5815
11.6588 -2.3966 6.6136
11.6975 -2.5099 6.8254
11.6961 -2.2415 6.9569
11.6893 -2.2617 6.9180
11.6703 -2.2583 6.8099
11.6632 -2.2761 6.7694
11.6582 -2.2975 6.7414
11.6392 -2.2900 6.6332
11.6330 -2.3073 6.5983
11.6285 -2.3274 6.5726
11.6277 -2.3552 6.5680
11.6333 -2.3971 6.6000
11.6694 -2.5080 6.8048
11.6725 -2.5466 6.8227
11.6749 -2.2217 6.9824
11.6688 -2.2432 6.9461
11.6497 -2.2397 6.8338
11.6433 -2.2588 6.7956
11.6387 -2.2812 6.7689
11.6191 -2.2722 6.6533
11.6138 -2.2911 6.6215
11.6097 -2.3125 6.5977
11.6067 -2.3355 6.5796
11.6046 -2.3606 6.5674
11.6078 -2.3976 6.5865
11.6194 -2.4546 6.6550
11.6451 -2.5465 6.8067
11.6508 -2.5920 6.8401
11.6535 -2.2018 7.0099
11.6479 -2.2246 6.9753
11.6289 -2.2208 6.8586
11.6230 -2.2413 6.8230
11.6061 -2.2385 6.7191
11.5990 -2.2546 6.6755
11.5942 -2.2750 6.6463
11.5906 -2.2974 6.6239
11.5879 -2.3215 6.6074
11.5864 -2.3481 6.5983
11.5887 -2.3834 6.6122
11.5891 -2.4146 6.6151
11.5933 -2.4548 6.6404
11.5989 -2.4992 6.6749
11.6232 -2.5919 6.8240
11.6409 -2.1647 7.0974
11.6317 -2.1816 7.0383
11.6265 -2.2055 7.0052
11.6077 -2.2019 6.8854
11.6024 -2.2235 6.8514
11.5846 -2.2185 6.7373
11.5787 -2.2372 6.6996
11.5744 -2.2587 6.6722
11.5711 -2.2822 6.6514
11.5689 -2.3076 6.6372
11.5633 -2.3249 6.6017
11.5680 -2.3662 6.6315
11.5689 -2.3988 6.6372
11.5652 -2.4199 6.6135
11.5671 -2.4551 6.6259
11.5725 -2.4994 6.6602
11.6167 -2.1405 7.1167
11.6094 -2.1612 7.0681
11.5941 -2.1654 6.9660
11.5862 -2.1826 6.9129
11.5813 -2.2054 6.8805
11.5631 -2.1992 6.7589
11.5580 -2.2196 6.7248
11.5542 -2.2424 6.6995
11.5514 -2.2669 6.6806
11.5496 -2.2936 6.6687
11.5388 -2.2985 6.5968
11.5372 -2.3248 6.5862
11.5416 -2.3661 6.6159
11.5451 -2.4054 6.6390
11.5426 -2.4294 6.6224
11.5412 -2.4560 6.6130
11.5580 -2.5324 6.7249
11.5928 -2.1173 7.1415
11.5866 -2.1403 7.0985
11.5710 -2.1434 6.9891
11.5643 -2.1632 6.9422
11.5483 -2.1627 6.8310
11.5415 -2.1801 6.7832
11.5370 -2.2020 6.7519
11.5336 -2.2259 6.7283
11.5312 -2.2515 6.7111
11.5299 -2.2799 6.7026
11.5178 -2.2811 6.6180
11.5131 -2.2998 6.5853
11.5111 -2.3246 6.5708
11.5153 -2.3659 6.6004
11.5227 -2.4163 6.6519
11.5220 -2.4451 6.6470
11.5309 -2.5013 6.7097
11.5308 -2.5322 6.7089
11.5690 -2.0947 7.1710
11.5633 -2.1188 7.1297
11.5477 -2.1219 7.0156
11.5418 -2.1434 6.9722
11.5252 -2.1409 6.8503
11.5196 -2.1611 6.8095
11.5156 -2.1842 6.7803
11.5126 -2.2091 6.7582
11.5107 -2.2362 6.7438
11.5029 -2.2487 6.6871
11.4967 -2.2640 6.6412
11.4925 -2.2840 6.6108
11.4893 -2.3061 6.5876
11.4870 -2.3301 6.5705
11.4890 -2.3658 6.5848
11.5034 -2.4374 6.6907
11.4953 -2.4452 6.6317
11.4986 -2.4856 6.6556
11.5059 -2.5389 6.7094
11.5105 -2.5845 6.7429
11.5447 -2.0718 7.2022
11.5397 -2.0973 7.1633
11.5244 -2.1006 7.0454
11.5190 -2.1234 7.0037
11.5021 -2.1198 6.8738
11.4974 -2.1419 6.8372
11.4939 -2.1662 6.8100
11.4913 -2.1924 6.7904
11.4898 -2.2209 6.7788
11.4804 -2.2289 6.7060
11.4752 -2.2468 6.6660
11.4714 -2.2680 6.6373
11.4686 -2.2911 6.6156
11.4667 -2.3165 6.6008
11.4661 -2.3453 6.5960
11.4906 -2.4481 6.7848
11.4647 -2.4022 6.5851
11.4682 -2.4436 6.6124
11.4721 -2.4865 6.6423
11.4786 -2.5385 6.6927
11.4829 -2.5841 6.7261
11.5200 -2.0486 7.2349
11.5154 -2.0753 7.1977
11.5004 -2.0788 7.0755
11.4859 -2.0814 6.9578
11.4789 -2.0991 6.9005
11.4748 -2.1226 6.8667
11.4717 -2.1481 6.8417
11.4695 -2.1755 6.8241
11.4686 -2.2059 6.8170
11.4578 -2.2098 6.7286
11.4533 -2.2294 6.6919
11.4500 -2.2518 6.6652
11.4475 -2.2761 6.6452
11.4460 -2.3028 6.6326
11.4312 -2.2896 6.5123
11.4344 -2.3294 6.5384
11.4350 -2.3616 6.5436
11.4384 -2.4025 6.5707
11.4433 -2.4493 6.6112
11.4455 -2.4874 6.6291
11.4493 -2.5314 6.6601
11.4554 -2.5837 6.7093
11.5017 -2.0023 7.3293
11.4947 -2.0250 7.2692
11.4906 -2.0529 7.2340
11.4759 -2.0566 7.1072
11.4607 -2.0569 6.9759
11.4555 -2.0787 6.9310
11.4517 -2.1032 6.8983
11.4490 -2.1297 6.8748
11.4473 -2.1585 6.8599
11.4416 -2.1765 6.8109
11.4349 -2.1910 6.7536
11.4310 -2.2121 6.7197
11.4281 -2.2355 6.6943
11.4259 -2.2609 6.6758
11.4104 -2.2454 6.5422
11.4052 -2.2596 6.4972
11.4053 -2.2898 6.4979
11.4083 -2.3297 6.5240
11.4096 -2.3642 6.5351
11.4121 -2.4029 6.5563
11.4153 -2.4445 6.5838
11.4189 -2.4883 6.6157
11.4280 -2.5523 6.6942
11.4278 -2.5832 6.6925
11.4747 -1.9758 7.3580
11.4689 -2.0010 7.3050
11.4572 -2.0122 7.1976
11.4510 -2.0341 7.1405
11.4358 -2.0338 7.0015
11.4315 -2.0576 6.9613
11.4283 -2.0836 6.9321
11.4260 -2.1116 6.9113
11.4246 -2.1416 6.8988
11.4168 -2.1535 6.8269
11.4117 -2.1720 6.7801
11.4083 -2.1944 6.7484
11.4057 -2.2190 6.7248
11.4039 -2.2457 6.7088
11.3878 -2.2265 6.5604
11.3835 -2.2434 6.5214
11.3804 -2.2634 6.4929
11.3794 -2.2901 6.4836
11.3822 -2.3299 6.5096
11.3858 -2.3728 6.5423
11.3857 -2.4032 6.5419
11.3887 -2.4448 6.5693
11.3915 -2.4860 6.5946
11.3959 -2.5340 6.6351
11.3995 -2.5795 6.6680
11.4472 -1.9490 7.3888
11.4425 -1.9764 7.3421
11.4307 -1.9870 7.2264
11.4171 -1.9914 7.0936
11.4107 -2.0110 7.0306
11.4070 -2.0363 6.9938
11.4042 -2.0637 6.9670
11.4024 -2.0929 6.9487
11.4018 -2.1254 6.9429
11.3923 -2.1322 6.8500
11.3881 -2.1529 6.8085
11.3850 -2.1767 6.7789
11.3828 -2.2024 6.7570
11.3815 -2.2305 6.7437
11.3651 -2.2087 6.5830
11.3615 -2.2275 6.5478
11.3588 -2.2487 6.5210
11.3566 -2.2716 6.5003
11.3553 -2.2968 6.4866
11.3561 -2.3302 6.4951
11.3631 -2.3871 6.5638
11.3585 -2.4001 6.5189
11.3630 -2.4486 6.5632
11.3646 -2.4858 6.5785
11.3678 -2.5302 6.6103
11.3720 -2.5793 6.6516
11.4196 -1.9226 7.4253
11.4155 -1.9516 7.3820
11.4038 -1.9619 7.2591
11.3899 -1.9644 7.1117
11.3852 -1.9880 7.0620
11.3819 -2.0148 7.0282
11.3796 -2.0434 7.0036
11.3782 -2.0741 6.9886
11.3789 -2.1110 6.9966
11.3675 -2.1112 6.8764
11.3639 -2.1337 6.8385
11.3613 -2.1586 6.8106
11.3594 -2.1854 6.7906
11.3465 -2.1748 6.6551
11.3421 -2.1911 6.6082
11.3390 -2.2114 6.5757
11.3366 -2.2337 6.5505
11.3349 -2.2581 6.5322
11.3339 -2.2850 6.5218
11.3420 -2.3474 6.6069
11.3357 -2.3535 6.5410
11.3315 -2.3669 6.4966
11.3321 -2.3999 6.5031
11.3350 -2.4429 6.5339
11.3377 -2.4855 6.5625
11.3407 -2.5299 6.5941
11.3446 -2.5790 6.6352
11.3914 -1.8956 7.4635
11.3878 -1.9260 7.4227
11.3764 -1.9364 7.2931
11.3629 -1.9390 7.1393
11.3591 -1.9647 7.0955
11.3563 -1.9928 7.0642
11.3544 -2.0227 7.0422
11.3535 -2.0554 7.0322
11.3477 -2.0728 6.9664
11.3424 -2.0903 6.9050
11.3393 -2.1142 6.8698
11.3370 -2.1403 6.8440
11.3355 -2.1685 6.8266
11.3223 -2.1546 6.6760
11.3187 -2.1736 6.6353
11.3160 -2.1952 6.6050
11.3140 -2.2189 6.5821
11.3126 -2.2445 6.5660
11.3122 -2.2739 6.5612
11.3194 -2.3352 6.6436
11.3116 -2.3334 6.5540
11.3084 -2.3504 6.5175
11.3059 -2.3702 6.4899
11.3057 -2.3996 6.4873
11.3084 -2.4426 6.5180
11.3110 -2.4858 6.5477
11.3136 -2.5297 6.5779
11.3170 -2.5777 6.6164
11.3680 -1.8416 7.5735
11.3624 -1.8682 7.5038
11.3593 -1.8999 7.4649
11.3482 -1.9099 7.3268
11.3358 -1.9141 7.1728
11.3324 -1.9412 7.1313
11.3301 -1.9707 7.1027
11.3286 -2.0020 7.0839
11.3285 -2.0373 7.0820
11.3208 -2.0479 6.9861
11.3168 -2.0694 6.9368
11.3141 -2.0945 6.9031
11.3121 -2.1218 6.8792
11.3110 -2.1515 6.8649
11.2978 -2.1353 6.7014
11.2948 -2.1560 6.6643
11.2926 -2.1791 6.6364
11.2909 -2.2039 6.6154
11.2899 -2.2312 6.6025
11.2907 -2.2666 6.6134
11.2914 -2.3013 6.6219
11.2875 -2.3151 6.5732
11.2849 -2.3342 6.5407
11.2829 -2.3556 6.5158
11.2813 -2.3788 6.4963
11.2802 -2.4041 6.4832
11.2818 -2.4424 6.5020
11.2845 -2.4874 6.5360
11.2871 -2.5321 6.5681
11.2896 -2.5775 6.6002
11.3372 -1.8107 7.6060
11.3328 -1.8401 7.5456
11.3247 -1.8589 7.4361
11.3126 -1.8644 7.2700
11.3081 -1.8889 7.2081
11.3052 -1.9175 7.1698
11.3033 -1.9481 7.1434
11.3022 -1.9811 7.1287
11.3053 -2.0277 7.1703
11.2938 -2.0244 7.0133
11.2905 -2.0480 6.9689
11.2882 -2.0744 6.9376
11.2866 -2.1028 6.9154
11.2766 -2.0976 6.7791
11.2730 -2.1161 6.7297
11.2705 -2.1384 6.6955
11.2686 -2.1627 6.6694
11.2672 -2.1889 6.6506
11.2666 -2.2184 6.6429
11.2729 -2.2800 6.7290
11.2660 -2.2796 6.6344
11.2632 -2.2975 6.5955
11.2610 -2.3184 6.5664
11.2594 -2.3412 6.5437
11.2492 -2.3189 6.4054
11.2531 -2.3695 6.4576
11.2532 -2.4010 6.4603
11.2555 -2.4440 6.4905
11.2576 -2.4872 6.5200
11.2599 -2.5318 6.5516
11.2623 -2.5773 6.5839
11.3059 -1.7800 7.6445
11.3023 -1.8114 7.5895
11.2942 -1.8292 7.4667
11.2830 -1.8355 7.2962
11.2796 -1.8630 7.2448
11.2773 -1.8931 7.2095
11.2757 -1.9249 7.1849
11.2750 -1.9597 7.1755
11.2766 -2.0023 7.1994
11.2664 -2.0010 7.0439
11.2637 -2.0264 7.0035
11.2618 -2.0540 6.9743
11.2605 -2.0838 6.9546
11.2505 -2.0759 6.8033
11.2477 -2.0970 6.7601
11.2456 -2.1206 6.7283
11.2440 -2.1462 6.7044
11.2430 -2.1741 6.6890
11.2431 -2.2075 6.6914
11.2442 -2.2457 6.7082
11.2407 -2.2601 6.6547
11.2384 -2.2802 6.6203
11.2367 -2.3027 6.5941
11.2354 -2.3270 6.5738
11.2226 -2.2850 6.3801
11.2232 -2.3187 6.3900
11.2252 -2.3604 6.4194
11.2268 -2.4008 6.4446
11.2288 -2.4438 6.4747
11.2307 -2.4870 6.5040
11.2328 -2.5316 6.5354
11.2349 -2.5771 6.5677
11.2740 -1.7489 7.6860
11.2710 -1.7819 7.6352
11.2634 -1.7998 7.5038
11.2532 -1.8073 7.3296
11.2505 -1.8368 7.2840
11.2486 -1.8683 7.2518
11.2474 -1.9016 7.2306
11.2472 -1.9387 7.2286
11.2418 -1.9547 7.1355
11.2384 -1.9774 7.0770
11.2362 -2.0043 7.0396
11.2346 -2.0333 7.0126
11.2337 -2.0646 6.9963
11.2240 -2.0547 6.8316
11.2217 -2.0776 6.7925
11.2200 -2.1027 6.7631
11.2188 -2.1297 6.7419
11.2181 -2.1595 6.7309
11.2233 -2.2213 6.8204
11.2175 -2.2223 6.7203
11.2150 -2.2412 6.6785
11.2132 -2.2632 6.6477
11.2119 -2.2872 6.6239
11.2011 -2.2524 6.4401
11.1986 -2.2674 6.3982
11.1968 -2.2857 6.3672
11.1973 -2.3185 6.3745
11.1990 -2.3602 6.4039
11.2004 -2.4006 6.4289
11.2022 -2.4436 6.4588
11.2044 -2.4907 6.4973
11.2061 -2.5343 6.5261
11.2071 -2.5732 6.5433
11.2413 -1.7173 7.7310
11.2389 -1.7517 7.6828
11.2264 -1.7520 7.4378
11.2228 -1.7789 7.3669
11.2206 -1.8101 7.3256
11.2191 -1.8430 7.2964
11.2183 -1.8780 7.2800
11.2200 -1.9235 7.3141
11.2123 -1.9283 7.1632
11.2098 -1.9537 7.1125
11.2080 -1.9819 7.0776
11.2067 -2.0122 7.0531
11.1999 -2.0137 6.9192
11.1971 -2.0342 6.8652
11.1952 -2.0585 6.8282
11.1938 -2.0847 6.8003
11.1929 -2.1132 6.7820
11.1927 -2.1460 6.7790
11.1940 -2.1874 6.8035
11.1908 -2.2014 6.7415
11.1889 -2.2227 6.7050
11.1875 -2.2464 6.6774
11.1865 -2.2719 6.6563
11.1762 -2.2327 6.4551
11.1744 -2.2505 6.4195
11.1729 -2.2706 6.3916
11.1718 -2.2922 6.3691
11.1713 -2.3183 6.3591
11.1728 -2.3600 6.3883
11.1747 -2.4059 6.4264
11.1764 -2.4507 6.4605
11.1773 -2.4884 6.4763
11.1787 -2.5316 6.5044
11.1798 -2.5731 6.5273
11.1815 -2.6190 6.5590
11.2077 -1.6848 7.7778
11.2058 -1.7207 7.7325
11.1941 -1.7198 7.4642
11.1916 -1.7502 7.4077
11.1900 -1.7829 7.3696
11.1889 -1.8172 7.3439
11.1885 -1.8543 7.3347
11.1891 -1.8961 7.3488
11.1823 -1.9015 7.1928
11.1804 -1.9295 7.1503
11.1790 -1.9592 7.1179
11.1781 -1.9909 7.0964
11.1715 -1.9898 6.9459
11.1695 -2.0130 6.8991
11.1680 -2.0388 6.8651
11.1669 -2.0665 6.8400
11.1663 -2.0968 6.8257
11.1703 -2.1587 6.9189
11.1657 -2.1613 6.8122
11.1637 -2.1812 6.7669
11.1623 -2.2045 6.7344
11.1612 -2.2297 6.7094
11.1529 -2.1976 6.5177
11.1510 -2.2143 6.4751
11.1497 -2.2340 6.4434
11.1486 -2.2557 6.4183
11.1477 -2.2788 6.3982
11.1454 -2.2888 6.3454
11.1458 -2.3229 6.3557
11.1472 -2.3653 6.3863
11.1482 -2.4057 6.4106
11.1496 -2.4492 6.4413
11.1504 -2.4882 6.4605
11.1517 -2.5328 6.4913
11.1526 -2.5730 6.5114
11.1540 -2.6189 6.5429
11.1761 -1.6183 7.9079
11.1732 -1.6516 7.8273
11.1717 -1.6888 7.7843
11.1615 -1.6886 7.5013
11.1597 -1.7210 7.4515
11.1585 -1.7552 7.4168
11.1577 -1.7910 7.3950
11.1580 -1.8321 7.4034
11.1574 -1.8685 7.3870
11.1517 -1.8753 7.2290
11.1502 -1.9041 7.1862
11.1492 -1.9357 7.1593
11.1486 -1.9693 7.1426
11.1427 -1.9665 6.9775
11.1412 -1.9916 6.9353
11.1400 -2.0188 6.9039
11.1392 -2.0480 6.8818
11.1389 -2.0807 6.8737
11.1423 -2.1427 6.9678
11.1375 -2.1383 6.8330
11.1361 -2.1613 6.7954
11.1351 -2.1863 6.7662
11.1290 -2.1651 6.5960
11.1268 -2.1771 6.5349
11.1255 -2.1965 6.4986
11.1244 -2.2179 6.4698
11.1236 -2.2410 6.4474
11.1230 -2.2658 6.4305
11.1202 -2.2668 6.3514
11.1189 -2.2826 6.3144
11.1198 -2.3227 6.3402
11.1208 -2.3644 6.3690
11.1217 -2.4055 6.3949
11.1228 -2.4486 6.4247
11.1235 -2.4881 6.4447
11.1246 -2.5326 6.4754
11.1258 -2.5785 6.5079
11.1397 -1.5816 7.9496
11.1377 -1.6177 7.8819
11.1305 -1.6271 7.6251
11.1282 -1.6570 7.5430
11.1269 -1.6912 7.4981
11.1260 -1.7268 7.4670
11.1256 -1.7645 7.4511
11.1262 -1.8089 7.4743
11.1221 -1.8217 7.3289
11.1204 -1.8488 7.2679
11.1193 -1.8791 7.2283
11.1185 -1.9114 7.2009
11.1148 -1.9199 7.0703
11.1132 -1.9432 7.0128
11.1121 -1.9700 6.9739
11.1113 -1.9987 6.9455
11.1108 -2.0296 6.9273
11.1110 -2.0675 6.9362
11.1103 -2.0956 6.9094
11.1089 -2.1167 6.8600
11.1079 -2.1412 6.8254
11.1072 -2.1682 6.8007
11.1015 -2.1392 6.6005
11.1003 -2.1577 6.5572
11.0994 -2.1791 6.5249
11.0987 -2.2020 6.4989
11.0981 -2.2267 6.4794
11.0962 -2.2338 6.4118
11.0950 -2.2484 6.3680
11.0941 -2.2666 6.3359
11.0933 -2.2867 6.3098
11.0937 -2.3225 6.3247
11.0945 -2.3642 6.3534
11.0953 -2.4053 6.3791
11.0961 -2.4484 6.4088
11.0968 -2.4905 6.4348
11.0975 -2.5321 6.4584
11.0983 -2.5764 6.4873
11.1024 -1.5446 7.9991
11.1011 -1.5826 7.9361
11.0952 -1.5913 7.6514
11.0940 -1.6249 7.5886
11.0931 -1.6607 7.5475
11.0926 -1.6978 7.5208
11.0925 -1.7381 7.5159
11.0924 -1.7788 7.5142
11.0893 -1.7923 7.3627
11.0882 -1.8217 7.3091
11.0875 -1.8536 7.2726
11.0870 -1.8873 7.2486
11.0839 -1.8938 7.1012
11.0829 -1.9197 7.0512
11.0822 -1.9481 7.0154
11.0817 -1.9783 6.9900
11.0814 -2.0113 6.9773
11.0834 -2.0733 7.0755
11.0805 -2.0714 6.9325
11.0796 -2.0953 6.8907
11.0790 -2.1216 6.8596
11.0753 -2.1022 6.6780
11.0741 -2.1177 6.6200
11.0733 -2.1389 6.5830
11.0727 -2.1619 6.5539
11.0722 -2.1864 6.5309
11.0719 -2.2130 6.5151
11.0701 -2.2129 6.4247
11.0693 -2.2311 6.3890
11.0687 -2.2512 6.3603
11.0683 -2.2727 6.3367
11.0679 -2.2956 6.3178
11.0677 -2.3223 6.3093
11.0683 -2.3640 6.3378
11.0685 -2.3983 6.3471
11.0694 -2.4484 6.3933
11.0699 -2.4904 6.4190
11.0705 -2.5341 6.4474
11.0710 -2.5762 6.4711
11.0716 -2.6223 6.5026
11.0640 -1.5070 8.0536
11.0633 -1.5465 7.9932
11.0594 -1.5563 7.6920
11.0587 -1.5922 7.6377
11.0583 -1.6294 7.6003
11.0580 -1.6683 7.5790
11.0584 -1.7149 7.6105
11.0577 -1.7484 7.5579
11.0557 -1.7629 7.4017
11.0551 -1.7941 7.3529
11.0547 -1.8274 7.3192
11.0544 -1.8629 7.2997
11.0524 -1.8680 7.1371
11.0518 -1.8958 7.0918
11.0514 -1.9258 7.0595
11.0511 -1.9577 7.0378
11.0511 -1.9944 7.0374
11.0508 -2.0255 7.0149
11.0501 -2.0480 6.9614
11.0497 -2.0740 6.9245
11.0493 -2.1020 6.8968
11.0467 -2.0769 6.6889
11.0461 -2.0973 6.6448
11.0457 -2.1203 6.6119
11.0454 -2.1449 6.5857
11.0451 -2.1712 6.5661
11.0441 -2.1768 6.4864
11.0436 -2.1943 6.4451
11.0432 -2.2144 6.4133
11.0428 -2.2361 6.3874
11.0426 -2.2592 6.3665
11.0424 -2.2841 6.3513
11.0423 -2.3127 6.3463
11.0424 -2.3472 6.3562
11.0420 -2.3635 6.3213
11.0421 -2.3981 6.3315
11.0425 -2.4411 6.3608
11.0430 -2.4902 6.4031
11.0434 -2.5348 6.4334
11.0437 -2.5760 6.4550
11.0245 -1.4682 8.1108
11.0242 -1.5093 8.0537
11.0227 -1.5209 7.7382
11.0224 -1.5584 7.6880
11.0223 -1.5974 7.6570
11.0222 -1.6383 7.6437
11.0223 -1.6820 7.6519
11.0216 -1.7042 7.5203
11.0213 -1.7330 7.4442
11.0210 -1.7660 7.3996
11.0209 -1.8007 7.3691
11.0203 -1.8164 7.2424
11.0200 -1.8420 7.1764
11.0198 -1.8712 7.1336
11.0196 -1.9025 7.1032
11.0195 -1.9370 7.0898
11.0201 -2.0001 7.1975
11.0193 -1.9995 7.0393
11.0191 -2.0249 6.9943
11.0189 -2.0528 6.9613
11.0180 -2.0356 6.7667
11.0177 -2.0545 6.7118
11.0175 -2.0772 6.6733
11.0174 -2.1020 6.6438
11.0173 -2.1282 6.6208
11.0170 -2.1402 6.5547
11.0167 -2.1563 6.5048
11.0166 -2.1764 6.4692
11.0164 -2.1982 6.4407
11.0163 -2.2215 6.4175
11.0162 -2.2463 6.3998
11.0162 -2.2740 6.3906
11.0163 -2.3133 6.4119
11.0161 -2.3293 6.3732
11.0159 -2.3479 6.3426
11.0158 -2.3682 6.3175
11.0158 -2.3979 6.3159
11.0159 -2.4409 6.3451
11.0161 -2.4901 6.3872
11.0163 -2.5345 6.4170
11.0164 -2.5768 6.4409
10.9837 -1.4280 8.1680
10.9846 -1.4471 7.8577
10.9849 -1.4848 7.7885
10.9850 -1.5239 7.7435
10.9851 -1.5642 7.7146
10.9851 -1.6076 7.7149
10.9851 -1.6487 7.6983
10.9856 -1.6705 7.5522
10.9858 -1.7026 7.4897
10.9859 -1.7372 7.4489
10.9860 -1.7735 7.4223
10.9865 -1.7871 7.2748
10.9866 -1.8157 7.2192
10.9867 -1.8466 7.1801
10.9868 -1.8793 7.1528
10.9869 -1.9153 7.1426
10.9869 -1.9484 7.1209
10.9871 -1.9742 7.0700
10.9872 -2.0019 7.0308
10.9873 -2.0315 7.0015
10.9880 -2.0103 6.7839
10.9881 -2.0329 6.7399
10.9882 -2.0577 6.7061
10.9883 -2.0838 6.6788
10.9884 -2.1120 6.6600
10.9887 -2.1170 6.5683
10.9888 -2.1369 6.5282
10.9889 -2.1589 6.4967
10.9890 -2.1824 6.4710
10.9890 -2.2074 6.4510
10.9891 -2.2346 6.4383
10.9889 -2.2781 6.4704
10.9891 -2.2937 6.4272
10.9892 -2.3127 6.3946
10.9893 -2.3332 6.3674
10.9893 -2.3552 6.3454
10.9894 -2.3788 6.3279
10.9894 -2.4052 6.3178
10.9893 -2.4502 6.3512
10.9893 -2.4876 6.3660
10.9892 -2.5314 6.3944
10.9891 -2.5766 6.4248
10.9415 -1.3868 8.2295
10.9452 -1.4078 7.9004
10.9458 -1.4476 7.8415
10.9463 -1.4884 7.8020
10.9465 -1.5305 7.7806
10.9462 -1.5778 7.8063
10.9468 -1.6151 7.7512
10.9486 -1.6373 7.5945
10.9492 -1.6716 7.5389
10.9496 -1.7076 7.5009
10.9499 -1.7457 7.4796
10.9517 -1.7582 7.3150
10.9522 -1.7889 7.2653
10.9526 -1.8215 7.2297
10.9529 -1.8560 7.2071
10.9516 -1.9195 7.3227
10.9535 -1.9209 7.1486
10.9541 -1.9487 7.1029
10.9544 -1.9787 7.0698
10.9567 -1.9651 6.8648
10.9573 -1.9867 6.8102
10.9578 -2.0116 6.7716
10.9581 -2.0381 6.7414
10.9583 -2.0664 6.7193
10.9592 -2.0766 6.6375
10.9598 -2.0959 6.5906
10.9602 -2.1181 6.5556
10.9605 -2.1419 6.5273
10.9607 -2.1670 6.5047
10.9609 -2.1941 6.4893
10.9609 -2.2263 6.4889
10.9609 -2.2569 6.4844
10.9613 -2.2760 6.4488
10.9617 -2.2969 6.4199
10.9619 -2.3193 6.3960
10.9621 -2.3432 6.3773
10.9623 -2.3696 6.3654
10.9633 -2.3636 6.2761
10.9631 -2.3987 6.2873
10.9628 -2.4415 6.3158
10.9624 -2.4874 6.3501
10.9621 -2.5319 6.3800
10.9618 -2.5765 6.4087
10.8963 -1.2997 8.3787
10.8979 -1.3442 8.2940
10.9045 -1.3680 7.9533
10.9055 -1.4096 7.8995
10.9062 -1.4519 7.8646
10.9063 -1.4962 7.8556
10.9063 -1.5413 7.8556
10.9073 -1.5804 7.8055
10.9105 -1.6037 7.6415
10.9114 -1.6398 7.5909
10.9121 -1.6774 7.5568
10.9145 -1.6996 7.4292
10.9159 -1.7291 7.3597
10.9167 -1.7617 7.3146
10.9174 -1.7959 7.2829
10.9177 -1.8326 7.2671
10.9181 -1.8673 7.2430
10.9193 -1.8940 7.1835
10.9200 -1.9239 7.1429
10.9206 -1.9555 7.1132
10.9250 -1.9389 6.8865
10.9259 -1.9637 6.8413
10.9265 -1.9905 6.8069
10.9270 -2.0187 6.7804
10.9281 -2.0389 6.7269
10.9294 -2.0541 6.6592
10.9302 -2.0758 6.6179
10.9308 -2.0998 6.5864
10.9312 -2.1252 6.5614
10.9316 -2.1522 6.5427
10.9317 -2.1828 6.5358
10.9316 -2.2186 6.5444
10.9323 -2.2378 6.5053
10.9329 -2.2592 6.4746
10.9334 -2.2819 6.4487
10.9338 -2.3063 6.4286
10.9341 -2.3327 6.4148
10.9357 -2.3301 6.3287
10.9365 -2.3445 6.2884
10.9371 -2.3620 6.2571
10.9368 -2.3986 6.2719
10.9363 -2.4414 6.3003
10.9356 -2.4872 6.3342
10.9350 -2.5317 6.3639
10.9345 -2.5759 6.3917
10.8507 -1.2536 8.4377
10.8602 -1.2849 8.0893
10.8624 -1.3273 8.0117
10.8637 -1.3705 7.9639
10.8644 -1.4146 7.9360
10.8633 -1.4645 7.9777
10.8652 -1.5040 7.9095
10.8692 -1.5333 7.7621
10.8712 -1.5690 7.6892
10.8724 -1.6071 7.6459
10.8732 -1.6463 7.6164
10.8773 -1.6673 7.4683
10.8789 -1.6996 7.4085
10.8800 -1.7338 7.3673
10.8808 -1.7698 7.3405
10.8807 -1.8104 7.3408
10.8826 -1.8375 7.2724
10.8840 -1.8672 7.2228
10.8850 -1.8989 7.1868
10.8908 -1.8902 6.9734
10.8924 -1.9139 6.9160
10.8935 -1.9409 6.8764
10.8943 -1.9694 6.8459
10.8949 -1.9996 6.8241
10.8975 -2.0102 6.7316
10.8987 -2.0321 6.6852
10.8997 -2.0562 6.6496
10.9005 -2.0817 6.6208
10.9011 -2.1090 6.5997
10.9014 -2.1388 6.5879
10.9008 -2.1789 6.6081
10.9020 -2.1982 6.5652
10.9029 -2.2199 6.5316
10.9037 -2.2431 6.5041
10.9043 -2.2678 6.4821
10.9047 -2.2945 6.4666
10.9070 -2.2953 6.3841
10.9082 -2.3100 6.3408
10.9091 -2.3279 6.3079
10.9098 -2.3474 6.2800
10.9105 -2.3680 6.2564
10.9105 -2.3985 6.2565
10.9097 -2.4413 6.2848
10.9089 -2.4841 6.3118
10.9079 -2.5324 6.3497
10.9072 -2.5757 6.3755
10.8035 -1.2062 8.5015
10.8164 -1.2409 8.1413
10.8188 -1.2854 8.0747
10.8203 -1.3302 8.0325
10.8209 -1.3761 8.0146
10.8205 -1.4240 8.0252
10.8226 -1.4656 7.9654
10.8283 -1.4958 7.8072
10.8305 -1.5338 7.7443
10.8320 -1.5732 7.7025
10.8328 -1.6145 7.6806
10.8387 -1.6351 7.5148
10.8406 -1.6694 7.4613
10.8420 -1.7053 7.4240
10.8427 -1.7434 7.4040
10.8437 -1.7796 7.3751
10.8460 -1.8084 7.3098
10.8476 -1.8402 7.2663
10.8487 -1.8738 7.2349
10.8570 -1.8634 7.0024
10.8588 -1.8895 6.9516
10.8601 -1.9180 6.9153
10.8610 -1.9484 6.8891
10.8638 -1.9653 6.8118
10.8658 -1.9862 6.7554
10.8672 -2.0107 6.7158
10.8684 -2.0366 6.6841
10.8692 -2.0639 6.6592
10.8698 -2.0935 6.6433
10.8686 -2.1381 6.6772
10.8704 -2.1569 6.6277
10.8717 -2.1789 6.5912
10.8727 -2.2027 6.5619
10.8736 -2.2278 6.5379
10.8742 -2.2550 6.5210
10.8770 -2.2594 6.4428
10.8786 -2.2740 6.3957
10.8799 -2.2924 6.3608
10.8809 -2.3125 6.3317
10.8818 -2.3338 6.3069
10.8825 -2.3565 6.2869
10.8831 -2.3810 6.2719
10.8839 -2.4017 6.2488
10.8827 -2.4462 6.2804
10.8822 -2.4840 6.2961
10.8811 -2.5282 6.3251
10.8799 -2.5755 6.3594
10.8788 -2.6215 6.3895
10.7546 -1.1573 8.5718
10.7709 -1.1959 8.2020
10.7735 -1.2421 8.1428
10.7751 -1.2885 8.1068
10.7747 -1.3371 8.1139
10.7762 -1.3828 8.0800
10.7786 -1.4262 8.0272
10.7860 -1.4577 7.8591
10.7884 -1.4977 7.8033
10.7901 -1.5387 7.7655
10.7957 -1.5681 7.6383
10.7988 -1.6023 7.5664
10.8010 -1.6385 7.5181
10.8024 -1.6762 7.4855
10.8027 -1.7172 7.4776
10.8059 -1.7473 7.4064
10.8082 -1.7792 7.3525
10.8099 -1.8130 7.3141
10.8197 -1.8100 7.0935
10.8222 -1.8364 7.0348
10.8241 -1.8655 6.9933
10.8255 -1.8958 6.9611
10.8265 -1.9277 6.9379
10.8312 -1.9386 6.8308
10.8332 -1.9632 6.7856
10.8347 -1.9896 6.7505
10.8360 -2.0173 6.7227
10.8368 -2.0467 6.7026
10.8371 -2.0802 6.6978
10.8372 -2.1143 6.6951
10.8389 -2.1368 6.6557
10.8404 -2.1605 6.6222
10.8415 -2.1863 6.5966
10.8423 -2.2137 6.5777
10.8456 -2.2218 6.5041
10.8478 -2.2365 6.4529
10.8495 -2.2554 6.4159
10.8508 -2.2762 6.3855
10.8519 -2.2981 6.3596
10.8529 -2.3215 6.3388
10.8535 -2.3466 6.3231
10.8563 -2.3518 6.2601
10.8581 -2.3652 6.2193
10.8575 -2.4016 6.2331
10.8562 -2.4446 6.2615
10.8554 -2.4838 6.2803
10.8541 -2.5281 6.3092
10.8526 -2.5753 6.3433
10.7184 -1.1014 8.3691
10.7236 -1.1494 8.2694
10.7264 -1.1973 8.2161
10.7278 -1.2454 8.1883
10.7266 -1.2959 8.2117
10.7303 -1.3405 8.1408
10.7376 -1.3788 8.0030
10.7421 -1.4188 7.9172
10.7447 -1.4606 7.8670
10.7463 -1.5034 7.8354
10.7543 -1.5319 7.6831
10.7576 -1.5685 7.6201
10.7598 -1.6068 7.5791
10.7611 -1.6465 7.5529
10.7629 -1.6846 7.5199
10.7667 -1.7156 7.4466
10.7692 -1.7498 7.3998
10.7709 -1.7854 7.3666
10.7837 -1.7804 7.1218
10.7863 -1.8097 7.0729
10.7882 -1.8407 7.0362
10.7896 -1.8731 7.0095
10.7947 -1.8891 6.9129
10.7975 -1.9137 6.8602
10.7995 -1.9405 6.8207
10.8012 -1.9687 6.7893
10.8024 -1.9984 6.7662
10.8030 -2.0309 6.7546
10.8024 -2.0694 6.7649
10.8047 -2.0923 6.7216
10.8065 -2.1171 6.6871
10.8080 -2.1434 6.6595
10.8092 -2.1707 6.6367
10.8126 -2.1834 6.5711
10.8157 -2.1973 6.5127
10.8177 -2.2168 6.4734
10.8194 -2.2383 6.4416
10.8208 -2.2609 6.4146
10.8219 -2.2850 6.3928
10.8228 -2.3108 6.3765
10.8262 -2.3167 6.3111
10.8284 -2.3310 6.2692
10.8301 -2.3483 6.2363
10.8316 -2.3670 6.2084
10.8311 -2.4014 6.2175
10.8296 -2.4444 6.2458
10.8286 -2.4843 6.2658
10.8271 -2.5280 6.2933
10.8255 -2.5743 6.3253
10.6744 -1.1014 8.3433
10.6773 -1.1509 8.2952
10.6781 -1.2008 8.2823
10.6789 -1.2504 8.2682
10.6826 -1.2970 8.2072
10.6920 -1.3363 8.0537
10.6964 -1.3789 7.9815
10.6992 -1.4224 7.9358
10.7054 -1.4596 7.8335
10.7113 -1.4955 7.7366
10.7148 -1.5341 7.6799
10.7171 -1.5739 7.6417
10.7179 -1.6162 7.6276
10.7225 -1.6494 7.5519
10.7261 -1.6838 7.4931
10.7286 -1.7199 7.4520
10.7429 -1.7223 7.2186
10.7465 -1.7516 7.1588
10.7491 -1.7830 7.1159
10.7511 -1.8158 7.0839
10.7555 -1.8395 7.0116
10.7599 -1.8617 6.9384
10.7626 -1.8892 6.8949
10.7647 -1.9180 6.8602
10.7663 -1.9481 6.8333
10.7673 -1.9804 6.8170
10.7660 -2.0225 6.8388
10.7689 -2.0458 6.7907
10.7712 -2.0713 6.7537
10.7730 -2.0981 6.7236
10.7744 -2.1266 6.7007
10.7752 -2.1578 6.6880
10.7820 -2.1564 6.5752
10.7846 -2.1765 6.5335
10.7866 -2.1987 6.5002
10.7883 -2.2221 6.4720
10.7897 -2.2469 6.4491
10.7907 -2.2734 6.4322
10.7949 -2.2802 6.3642
10.7975 -2.2954 6.3212
10.7996 -2.3135 6.2874
10.8013 -2.3331 6.2587
10.8028 -2.3536 6.2338
10.8041 -2.3753 6.2126
10.8048 -2.4012 6.2019
10.8030 -2.4443 6.2300
10.8020 -2.4830 6.2476
10.7997 -2.5313 6.2849
10.7982 -2.5741 6.3092
10.7964 -2.6200 6.3388
10.6260 -1.1026 8.3797
10.6235 -1.1551 8.4165
10.6292 -1.2037 8.3337
10.6331 -1.2520 8.2784
10.6446 -1.2930 8.1131
10.6490 -1.3376 8.0485
10.6519 -1.3828 8.0079
10.6615 -1.4187 7.8688
10.6667 -1.4582 7.7949
10.6701 -1.4988 7.7452
10.6723 -1.5405 7.7136
10.6752 -1.5804 7.6722
10.6805 -1.6148 7.5953
10.6840 -1.6515 7.5448
10.6983 -1.6635 7.3389
10.7044 -1.6908 7.2518
10.7079 -1.7228 7.2015
10.7105 -1.7561 7.1639
10.7123 -1.7910 7.1380
10.7202 -1.8078 7.0249
10.7239 -1.8351 6.9717
10.7266 -1.8643 6.9318
10.7287 -1.8952 6.9023
10.7299 -1.9281 6.8840
10.7293 -1.9675 6.8930
10.7313 -1.9972 6.8640
10.7341 -2.0233 6.8234
10.7364 -2.0508 6.7908
10.7381 -2.0799 6.7659
10.7392 -2.1114 6.7509
10.7467 -2.1141 6.6425
10.7498 -2.1351 6.5984
10.7523 -2.1574 6.5614
10.7544 -2.1816 6.5319
10.7561 -2.2071 6.5079
10.7573 -2.2344 6.4903
10.7622 -2.2421 6.4196
10.7653 -2.2583 6.3753
10.7677 -2.2773 6.3407
10.7697 -2.2977 6.3111
10.7715 -2.3190 6.2855
10.7730 -2.3417 6.2642
10.7742 -2.3659 6.2475
10.7787 -2.3691 6.1827
10.7789 -2.3982 6.1799
10.7769 -2.4411 6.2075
10.7752 -2.4829 6.2320
10.7732 -2.5273 6.2607
10.7710 -2.5740 6.2932
10.7689 -2.6198 6.3227
10.5774 -1.1555 8.4068
10.5808 -1.2058 8.3622
10.5952 -1.2485 8.1785
10.5998 -1.2948 8.1199
10.6024 -1.3417 8.0862
10.6149 -1.3784 7.9268
10.6201 -1.4199 7.8600
10.6235 -1.4624 7.8166
10.6250 -1.5066 7.7969
10.6318 -1.5427 7.7096
10.6367 -1.5800 7.6468
10.6401 -1.6189 7.6038
10.6596 -1.6272 7.3542
10.6643 -1.6597 7.2935
10.6678 -1.6937 7.2494
10.6703 -1.7290 7.2174
10.6778 -1.7519 7.1209
10.6829 -1.7791 7.0565
10.6864 -1.8090 7.0112
10.6892 -1.8400 6.9759
10.6912 -1.8725 6.9501
10.6920 -1.9080 6.9396
10.6915 -1.9473 6.9456
10.6953 -1.9730 6.8967
10.6981 -2.0014 6.8617
10.7002 -2.0311 6.8342
10.7016 -2.0630 6.8166
10.7098 -2.0695 6.7119
10.7135 -2.0911 6.6645
10.7164 -2.1148 6.6271
10.7188 -2.1398 6.5961
10.7209 -2.1656 6.5693
10.7223 -2.1937 6.5510
10.7281 -2.2024 6.4775
10.7317 -2.2196 6.4318
10.7344 -2.2395 6.3962
10.7368 -2.2607 6.3657
10.7389 -2.2830 6.3395
10.7405 -2.3066 6.3180
10.7419 -2.3317 6.3012
10.7474 -2.3339 6.2297
10.7506 -2.3477 6.1890
10.7532 -2.3643 6.1565
10.7526 -2.3981 6.1643
10.7504 -2.4409 6.1918
10.7485 -2.4828 6.2163
10.7462 -2.5272 6.2449
10.7437 -2.5741 6.2777
10.5362 -1.1543 8.3367
10.5437 -1.2024 8.2503
10.5484 -1.2505 8.1965
10.5575 -1.2946 8.0916
10.5662 -1.3370 7.9917
10.5713 -1.3807 7.9330
10.5744 -1.4251 7.8969
10.5784 -1.4680 7.8510
10.5863 -1.5052 7.7605
10.5911 -1.5448 7.7053
10.6110 -1.5614 7.4759
10.6182 -1.5935 7.3934
10.6227 -1.6283 7.3412
10.6260 -1.6643 7.3029
10.6282 -1.7018 7.2783
10.6395 -1.7204 7.1478
10.6440 -1.7510 7.0960
10.6474 -1.7828 7.0562
10.6501 -1.8159 7.0262
10.6515 -1.8512 7.0093
10.6499 -1.8941 7.0281
10.6543 -1.9211 6.9771
10.6578 -1.9499 6.9373
10.6605 -1.9801 6.9060
10.6623 -2.0124 6.8855
10.6710 -2.0227 6.7847
10.6754 -2.0450 6.7338
10.6789 -2.0695 6.6941
10.6817 -2.0955 6.6616
10.6840 -2.1226 6.6352
10.6857 -2.1516 6.6160
10.6924 -2.1610 6.5381
10.6965 -2.1792 6.4910
10.6997 -2.2001 6.4542
10.7025 -2.2222 6.4227
10.7048 -2.2455 6.3961
10.7067 -2.2700 6.3741
10.7081 -2.2962 6.3577
10.7149 -2.2975 6.2790
10.7184 -2.3129 6.2389
10.7213 -2.3304 6.2058
10.7238 -2.3491 6.1771
10.7260 -2.3688 6.1518
10.7263 -2.3979 6.1487
10.7239 -2.4407 6.1761
10.7211 -2.4863 6.2084
10.7185 -2.5311 6.2376
10.7164 -2.5740 6.2617
10.4831 -1.1045 8.3995
10.4906 -1.1546 8.3218
10.4948 -1.2045 8.2779
10.5076 -1.2492 8.1437
10.5153 -1.2944 8.0630
10.5203 -1.3399 8.0107
10.5228 -1.3865 7.9849
10.5320 -1.4265 7.8885
10.5387 -1.4671 7.8182
10.5432 -1.5088 7.7712
10.5685 -1.5243 7.5070
10.5749 -1.5596 7.4402
10.5793 -1.5965 7.3947
10.5823 -1.6346 7.3632
10.5934 -1.6589 7.2472
10.5992 -1.6900 7.1862
10.6035 -1.7228 7.1413
10.6068 -1.7566 7.1070
10.6090 -1.7921 7.0845
10.6059 -1.8383 7.1167
10.6114 -1.8659 7.0591
10.6155 -1.8957 7.0161
10.6188 -1.9267 6.9821
10.6211 -1.9594 6.9573
10.6303 -1.9736 6.8616
10.6356 -1.9966 6.8064
10.6396 -2.0221 6.7643
10.6428 -2.0490 6.7303
10.6455 -2.0771 6.7025
10.6474 -2.1070 6.6825
10.6554 -2.1168 6.5988
10.6600 -2.1364 6.5510
10.6635 -2.1589 6.5148
10.6666 -2.1820 6.4823
10.6692 -2.2063 6.4552
10.6713 -2.2317 6.4328
10.6728 -2.2593 6.4172
10.6811 -2.2596 6.3304
10.6849 -2.2765 6.2908
10.6881 -2.2951 6.2572
10.6909 -2.3149 6.2283
10.6933 -2.3357 6.2031
10.6954 -2.3576 6.1815
10.6970 -2.3808 6.1639
10.7004 -2.3959 6.1290
10.6956 -2.4490 6.1790
10.6943 -2.4862 6.1926
10.6915 -2.5307 6.2212
10.6892 -2.5738 6.2457
10.6864 -2.6198 6.2749
10.4347 -1.1050 8.4026
10.4389 -1.1565 8.3628
10.4546 -1.2029 8.2121
10.4621 -1.2502 8.1405
10.4668 -1.2977 8.0954
10.4666 -1.3475 8.0974
10.4830 -1.3850 7.9405
10.4892 -1.4279 7.8813
10.5142 -1.4523 7.6430
10.5238 -1.4876 7.5504
10.5297 -1.5255 7.4947
10.5338 -1.5642 7.4548
10.5439 -1.5945 7.3588
10.5518 -1.6259 7.2831
10.5572 -1.6597 7.2319
10.5613 -1.6945 7.1927
10.5641 -1.7305 7.1652
10.5644 -1.7706 7.1626
10.5661 -1.8080 7.1463
10.5711 -1.8387 7.0989
10.5750 -1.8707 7.0616
10.5779 -1.9041 7.0340
10.5864 -1.9242 6.9519
10.5933 -1.9467 6.8862
10.5983 -1.9724 6.8380
10.6021 -2.0004 6.8022
10.6052 -2.0295 6.7730
10.6073 -2.0603 6.7521
10.6164 -2.0715 6.6651
10.6216 -2.0922 6.6156
10.6257 -2.1153 6.5765
10.6291 -2.1396 6.5437
10.6319 -2.1653 6.5170
10.6343 -2.1918 6.4941
10.6397 -2.2078 6.4427
10.6457 -2.2205 6.3851
10.6499 -2.2387 6.3449
10.6534 -2.2585 6.3113
10.6565 -2.2794 6.2821
10.6592 -2.3012 6.2567
10.6614 -2.3241 6.2351
10.6631 -2.3489 6.2189
10.6698 -2.3529 6.1552
10.6744 -2.3643 6.1110
10.6742 -2.3955 6.1130
10.6713 -2.4382 6.1401
10.6675 -2.4860 6.1768
10.6645 -2.5305 6.2052
10.6620 -2.5737 6.2297
10.3992 -1.1551 8.2877
10.4063 -1.2044 8.2251
10.4102 -1.2539 8.1903
10.4229 -1.2982 8.0792
10.4316 -1.3427 8.0019
10.4374 -1.3877 7.9510
10.4695 -1.4113 7.6686
10.4772 -1.4504 7.6012
10.4825 -1.4904 7.5545
10.4861 -1.5313 7.5226
10.5014 -1.5585 7.3881
10.5081 -1.5933 7.3289
10.5131 -1.6292 7.2844
10.5168 -1.6661 7.2518
10.5185 -1.7053 7.2371
10.5184 -1.7470 7.2383
10.5243 -1.7788 7.1861
10.5289 -1.8119 7.1457
10.5323 -1.8462 7.1154
10.5406 -1.8709 7.0428
10.5492 -1.8934 6.9671
10.5548 -1.9207 6.9180
10.5592 -1.9494 6.8783
10.5629 -1.9793 6.8465
10.5653 -2.0113 6.8251
10.5756 -2.0240 6.7346
10.5814 -2.0460 6.6834
10.5860 -2.0702 6.6428
10.5898 -2.0956 6.6092
10.5931 -2.1221 6.5808
10.5956 -2.1499 6.5584
10.6027 -2.1640 6.4961
10.6088 -2.1798 6.4422
10.6134 -2.1993 6.4018
10.6172 -2.2203 6.3679
10.6206 -2.2423 6.3383
10.6235 -2.2652 6.3126
10.6259 -2.2894 6.2918
10.6276 -2.3157 6.2769
10.6366 -2.3151 6.1975
10.6412 -2.3294 6.1570
10.6450 -2.3458 6.1233
10.6483 -2.3636 6.0942
10.6479 -2.3954 6.0977
10.6449 -2.4382 6.1246
10.6407 -2.4858 6.1609
10.6375 -2.5304 6.1892
10.6345 -2.5746 6.2158
10.3480 -1.1566 8.3130
10.3506 -1.2080 8.2917
10.3697 -1.2525 8.1362
10.3777 -1.2992 8.0713
10.4101 -1.3309 7.8068
10.4213 -1.3711 7.7159
10.4283 -1.4124 7.6587
10.4331 -1.4544 7.6193
10.4479 -1.4868 7.4989
10.4565 -1.5229 7.4289
10.4623 -1.5604 7.3817
10.4669 -1.5983 7.3437
10.4696 -1.6378 7.3218
10.4677 -1.6828 7.3372
10.4749 -1.7158 7.2791
10.4803 -1.7500 7.2347
10.4844 -1.7854 7.2011
10.4868 -1.8230 7.1818
10.5027 -1.8373 7.0523
10.5091 -1.8659 6.9997
10.5143 -1.8957 6.9578
10.5184 -1.9268 6.9242
10.5214 -1.9593 6.8996
10.5327 -1.9741 6.8074
10.5392 -1.9975 6.7545
10.5444 -2.0229 6.7125
10.5486 -2.0496 6.6778
10.5522 -2.0771 6.6485
10.5549 -2.1063 6.6264
10.5635 -2.1200 6.5565
10.5701 -2.1374 6.5024
10.5751 -2.1582 6.4617
10.5794 -2.1804 6.4271
10.5830 -2.2035 6.3972
10.5861 -2.2278 6.3720
10.5886 -2.2533 6.3515
10.5948 -2.2671 6.3015
10.6018 -2.2772 6.2446
10.6065 -2.2935 6.2058
10.6106 -2.3114 6.1729
10.6141 -2.3303 6.1438
10.6173 -2.3501 6.1179
10.6201 -2.3707 6.0951
10.6217 -2.3953 6.0823
10.6184 -2.4381 6.1091
10.6139 -2.4859 6.1456
10.6101 -2.5317 6.1764
10.6073 -2.5744 6.1997
10.6037 -2.6203 6.2283
10.3033 -1.1565 8.2824
10.3140 -1.2055 8.2015
10.3210 -1.2543 8.1484
10.3610 -1.2873 7.8452
10.3703 -1.3303 7.7747
10.3768 -1.3736 7.7251
10.3904 -1.4112 7.6220
10.4012 -1.4488 7.5400
10.4088 -1.4875 7.4829
10.4145 -1.5267 7.4396
10.4181 -1.5670 7.4117
10.4138 -1.6152 7.4447
10.4227 -1.6492 7.3773
10.4291 -1.6848 7.3285
10.4340 -1.7213 7.2914
10.4370 -1.7598 7.2687
10.4537 -1.7782 7.1420
10.4611 -1.8080 7.0858
10.4670 -1.8392 7.0413
10.4716 -1.8715 7.0060
10.4750 -1.9052 6.9802
10.4882 -1.9210 6.8805
10.4950 -1.9465 6.8284
10.5007 -1.9734 6.7857
10.5054 -2.0012 6.7498
10.5093 -2.0300 6.7199
10.5123 -2.0604 6.6977
10.5228 -2.0733 6.6177
10.5297 -2.0930 6.5652
10.5352 -2.1152 6.5240
10.5398 -2.1385 6.4885
10.5437 -2.1632 6.4595
10.5470 -2.1887 6.4342
10.5495 -2.2158 6.4150
10.5590 -2.2234 6.3435
10.5653 -2.2384 6.2953
10.5703 -2.2563 6.2573
10.5746 -2.2756 6.2246
10.5784 -2.2959 6.1959
10.5818 -2.3169 6.1705
10.5847 -2.3389 6.1485
10.5871 -2.3622 6.1303
10.5885 -2.3882 6.1192
10.5944 -2.3989 6.0749
10.5889 -2.4484 6.1160
10.5871 -2.4857 6.1297
10.5835 -2.5302 6.1576
10.5800 -2.5743 6.1836
10.5763 -2.6201 6.2120
10.2551 -1.1571 8.2776
10.2952 -1.1983 7.9936
10.3081 -1.2434 7.9022
10.3165 -1.2885 7.8423
10.3222 -1.3338 7.8017
10.3424 -1.3702 7.6586
10.3516 -1.4107 7.5934
10.3585 -1.4515 7.5448
10.3634 -1.4929 7.5098
10.3638 -1.5374 7.5070
10.3674 -1.5789 7.4819
10.3751 -1.6158 7.4268
10.3807 -1.6539 7.3872
10.3845 -1.6932 7.3602
10.4019 -1.7157 7.2368
10.4104 -1.7471 7.1766
10.4171 -1.7797 7.1294
10.4223 -1.8133 7.0922
10.4262 -1.8483 7.0650
10.4409 -1.8660 6.9609
10.4485 -1.8930 6.9068
10.4546 -1.9215 6.8637
10.4597 -1.9509 6.8274
10.4640 -1.9811 6.7970
10.4674 -2.0124 6.7729
10.4800 -2.0251 6.6838
10.4873 -2.0467 6.6316
10.4933 -2.0702 6.5895
10.4983 -2.0950 6.5541
10.5026 -2.1206 6.5235
10.5062 -2.1472 6.4979
10.5087 -2.1761 6.4803
10.5209 -2.1806 6.3941
10.5272 -2.1982 6.3489
10.5324 -2.2180 6.3121
10.5370 -2.2387 6.2798
10.5410 -2.2602 6.2512
10.5446 -2.2825 6.2261
10.5475 -2.3060 6.2049
10.5497 -2.3314 6.1894
10.5560 -2.3441 6.1449
10.5637 -2.3514 6.0903
10.5690 -2.3654 6.0529
10.5680 -2.3988 6.0596
10.5643 -2.4417 6.0863
10.5604 -2.4855 6.1138
10.5565 -2.5300 6.1415
10.5522 -2.5762 6.1717
10.2413 -1.1508 8.0411
10.2520 -1.1983 7.9697
10.2597 -1.2454 7.9190
10.2787 -1.2870 7.7924
10.2905 -1.3294 7.7144
10.2988 -1.3721 7.6591
10.3049 -1.4150 7.6182
10.3070 -1.4597 7.6042
10.3091 -1.5042 7.5903
10.3179 -1.5430 7.5317
10.3248 -1.5824 7.4863
10.3296 -1.6227 7.4541
10.3470 -1.6498 7.3382
10.3569 -1.6827 7.2725
10.3644 -1.7169 7.2225
10.3704 -1.7520 7.1831
10.3747 -1.7883 7.1545
10.3911 -1.8081 7.0456
10.3995 -1.8367 6.9893
10.4062 -1.8667 6.9447
10.4119 -1.8976 6.9074
10.4163 -1.9295 6.8777
10.4192 -1.9635 6.8589
10.4352 -1.9744 6.7522
10.4429 -1.9981 6.7013
10.4492 -2.0233 6.6590
10.4547 -2.0494 6.6230
10.4593 -2.0763 6.5920
10.4630 -2.1047 6.5676
10.4716 -2.1220 6.5105
10.4806 -2.1374 6.4506
10.4872 -2.1569 6.4065
10.4928 -2.1780 6.3697
10.4976 -2.2002 6.3377
10.5018 -2.2231 6.3097
10.5054 -2.2470 6.2854
10.5084 -2.2722 6.2657
10.5100 -2.3006 6.2552
10.5220 -2.3004 6.1754
10.5283 -2.3145 6.1334
10.5336 -2.3307 6.0983
10.5383 -2.3481 6.0673
10.5425 -2.3661 6.0394
10.5417 -2.3988 6.0443
10.5377 -2.4416 6.0708
10.5319 -2.4908 6.1093
10.5289 -2.5317 6.1294
10.5250 -2.5760 6.1555
10.1819 -1.1024 8.1143
10.1926 -1.1517 8.0476
10.2087 -1.1984 7.9469
10.2252 -1.2429 7.8440
10.2355 -1.2876 7.7795
10.2430 -1.3323 7.7327
10.2468 -1.3779 7.7084
10.2469 -1.4251 7.7077
10.2577 -1.4656 7.6406
10.2657 -1.5067 7.5905
10.2712 -1.5486 7.5558
10.2887 -1.5801 7.4467
10.3004 -1.6145 7.3733
10.3088 -1.6505 7.3210
10.3155 -1.6871 7.2791
10.3203 -1.7250 7.2489
10.3385 -1.7471 7.1351
10.3479 -1.7774 7.0766
10.3553 -1.8090 7.0300
10.3614 -1.8414 6.9917
10.3663 -1.8748 6.9614
10.3690 -1.9107 6.9447
10.3886 -1.9207 6.8220
10.3968 -1.9461 6.7704
10.4030 -1.9739 6.7316
10.4088 -2.0015 6.6953
10.4137 -2.0301 6.6650
10.4175 -2.0599 6.6411
10.4300 -2.0730 6.5632
10.4384 -2.0925 6.5107
10.4451 -2.1143 6.4688
10.4508 -2.1371 6.4328
10.4562 -2.1602 6.3994
10.4606 -2.1846 6.3716
10.4643 -2.2101 6.3486
10.4669 -2.2376 6.3321
10.4768 -2.2476 6.2705
10.4850 -2.2603 6.2192
10.4911 -2.2772 6.1807
10.4965 -2.2952 6.1469
10.5014 -2.3141 6.1167
10.5058 -2.3335 6.0893
10.5097 -2.3536 6.0645
10.5132 -2.3744 6.0425
10.5154 -2.3987 6.0289
10.5112 -2.4416 6.0553
10.5071 -2.4846 6.0809
10.5015 -2.5326 6.1157
10.4977 -2.5757 6.1393
10.4932 -2.6217 6.1675
10.1287 -1.1034 8.1401
10.1548 -1.1507 7.9864
10.1679 -1.1979 7.9091
10.1771 -1.2447 7.8548
10.1829 -1.2916 7.8205
10.1802 -1.3413 7.8363
10.1931 -1.3840 7.7606
10.2025 -1.4270 7.7048
10.2093 -1.4704 7.6647
10.2276 -1.5055 7.5565
10.2405 -1.5423 7.4804
10.2502 -1.5800 7.4233
10.2579 -1.6182 7.3777
10.2631 -1.6578 7.3474
10.2830 -1.6826 7.2296
10.2934 -1.7149 7.1686
10.3016 -1.7481 7.1200
10.3083 -1.7821 7.0806
10.3134 -1.8172 7.0502
10.3267 -1.8415 6.9721
10.3389 -1.8655 6.8999
10.3477 -1.8929 6.8482
10.3550 -1.9212 6.8047
10.3612 -1.9505 6.7686
10.3661 -1.9809 6.7395
10.3693 -2.0134 6.7204
10.3855 -2.0239 6.6246
10.3940 -2.0459 6.5749
10.4010 -2.0695 6.5335
10.4071 -2.0939 6.4976
10.4123 -2.1191 6.4665
10.4169 -2.1453 6.4399
10.4208 -2.1720 6.4167
10.4223 -2.2034 6.4079
10.4384 -2.2033 6.3129
10.4459 -2.2202 6.2687
10.4521 -2.2390 6.2317
10.4577 -2.2587 6.1989
10.4627 -2.2790 6.1692
10.4673 -2.2999 6.1425
10.4713 -2.3215 6.1187
10.4849 -2.3181 6.0382
10.4874 -2.3423 6.0237
10.4829 -2.3847 6.0499
10.4776 -2.4301 6.0813
10.4827 -2.4468 6.0511
10.4803 -2.4845 6.0653
10.4757 -2.5289 6.0925
10.4705 -2.5755 6.1231
10.0780 -1.0519 8.1465
10.0956 -1.1021 8.0483
10.1066 -1.1514 7.9869
10.1146 -1.2002 7.9425
10.1083 -1.2521 7.9772
10.1242 -1.2972 7.8887
10.1353 -1.3424 7.8269
10.1433 -1.3877 7.7821
10.1623 -1.4265 7.6757
10.1776 -1.4653 7.5908
10.1883 -1.5052 7.5306
10.1967 -1.5455 7.4841
10.2027 -1.5865 7.4503
10.2239 -1.6148 7.3321
10.2357 -1.6487 7.2659
10.2448 -1.6838 7.2152
10.2521 -1.7195 7.1746
10.2576 -1.7563 7.1441
10.2740 -1.7807 7.0525
10.2865 -1.8076 6.9824
10.2959 -1.8368 6.9301
10.3037 -1.8669 6.8866
10.3103 -1.8978 6.8497
10.3155 -1.9297 6.8205
10.3244 -1.9559 6.7711
10.3385 -1.9734 6.6924
10.3473 -1.9974 6.6430
10.3546 -2.0228 6.6025
10.3609 -2.0489 6.5669
10.3665 -2.0757 6.5361
10.3709 -2.1037 6.5112
10.3739 -2.1338 6.4943
10.3886 -2.1419 6.4126
10.3973 -2.1598 6.3639
10.4047 -2.1792 6.3227
10.4111 -2.1998 6.2866
10.4169 -2.2210 6.2544
10.4221 -2.2428 6.2254
10.4267 -2.2653 6.1996
10.4409 -2.2657 6.1205
10.4487 -2.2793 6.0770
10.4550 -2.2955 6.0417
10.4606 -2.3126 6.0103
10.4610 -2.3422 6.0082
10.4563 -2.3846 6.0343
10.4497 -2.4327 6.0715
10.4540 -2.4522 6.0470
10.4536 -2.4844 6.0496
10.4487 -2.5288 6.0768
10.4437 -2.5741 6.1045
10.0320 -1.0519 8.1250
10.0423 -1.1031 8.0702
10.0465 -1.1541 8.0478
10.0501 -1.2048 8.0291
10.0637 -1.2523 7.9569
10.0732 -1.2998 7.9068
10.0918 -1.3428 7.8079
10.1099 -1.3840 7.7122
10.1223 -1.4260 7.6468
10.1319 -1.4682 7.5957
10.1387 -1.5110 7.5596
10.1615 -1.5427 7.4391
10.1742 -1.5791 7.3719
10.1841 -1.6162 7.3195
10.1927 -1.6533 7.2740
10.1984 -1.6918 7.2434
10.2182 -1.7169 7.1386
10.2311 -1.7466 7.0703
10.2412 -1.7778 7.0171
10.2495 -1.8097 6.9729
10.2565 -1.8423 6.9361
10.2618 -1.8761 6.9077
10.2764 -1.8979 6.8308
10.2882 -1.9216 6.7682
10.2973 -1.9477 6.7197
10.3056 -1.9740 6.6760
10.3123 -2.0018 6.6406
10.3179 -2.0305 6.6111
10.3221 -2.0606 6.5885
10.3335 -2.0787 6.5280
10.3454 -2.0947 6.4650
10.3539 -2.1154 6.4200
10.3613 -2.1371 6.3809
10.3680 -2.1594 6.3458
10.3739 -2.1822 6.3142
10.3792 -2.2057 6.2861
10.3937 -2.2102 6.2093
10.4029 -2.2242 6.1609
10.4101 -2.2411 6.1224
10.4165 -2.2593 6.0888
10.4222 -2.2780 6.0584
10.4275 -2.2973 6.0305
10.4323 -2.3171 6.0052
10.4346 -2.3421 5.9927
10.4297 -2.3845 6.0187
10.4285 -2.4184 6.0253
10.4316 -2.4412 6.0085
10.4266 -2.4849 6.0352
10.4208 -2.5311 6.0657
10.4165 -2.5740 6.0885
10.4113 -2.6199 6.1164
9.9864 -1.1565 8.1003
9.9981 -1.2063 8.0414
10.0158 -1.2534 7.9527
10.0378 -1.2974 7.8419
10.0517 -1.3419 7.7716
10.0624 -1.3864 7.7178
10.0699 -1.4313 7.6802
10.0945 -1.4665 7.5562
10.1089 -1.5051 7.4838
10.1202 -1.5441 7.4272
10.1289 -1.5836 7.3834
10.1347 -1.6243 7.3539
10.1591 -1.6500 7.2313
10.1726 -1.6822 7.1630
10.1833 -1.7155 7.1094
10.1922 -1.7493 7.0644
10.1995 -1.7839 7.0279
10.2046 -1.8199 7.0023
10.2242 -1.8396 6.9034
10.2359 -1.8664 6.8449
10.2454 -1.8945 6.7967
10.2535 -1.9234 6.7560
10.2605 -1.9528 6.7207
10.2663 -1.9832 6.6915
10.2696 -2.0164 6.6749
10.2891 -2.0259 6.5769
10.2995 -2.0471 6.5247
10.3080 -2.0700 6.4818
10.3155 -2.0936 6.4438
10.3223 -2.1178 6.4098
10.3283 -2.1424 6.3795
10.3428 -2.1517 6.3067
10.3540 -2.1654 6.2503
10.3623 -2.1833 6.2086
10.3695 -2.2025 6.1724
10.3759 -2.2223 6.1400
10.3818 -2.2427 6.1105
10.3871 -2.2636 6.0836
10.3920 -2.2849 6.0592
10.3963 -2.3069 6.0375
10.3999 -2.3300 6.0193
10.4021 -2.3560 6.0083
10.3992 -2.3934 6.0227
10.4054 -2.4096 5.9913
10.4051 -2.4411 5.9930
10.3998 -2.4848 6.0196
10.3916 -2.5365 6.0609
10.3893 -2.5738 6.0726
10.3838 -2.6198 6.1003
9.9601 -1.2050 7.9833
9.9766 -1.2522 7.9046
9.9886 -1.2992 7.8469
9.9969 -1.3462 7.8070
10.0243 -1.3849 7.6757
10.0400 -1.4261 7.6003
10.0520 -1.4676 7.5428
10.0617 -1.5091 7.4966
10.0680 -1.5517 7.4664
10.0973 -1.5789 7.3259
10.1111 -1.6139 7.2596
10.1221 -1.6497 7.2072
10.1314 -1.6856 7.1622
10.1390 -1.7221 7.1262
10.1520 -1.7530 7.0636
10.1687 -1.7792 6.9834
10.1805 -1.8086 6.9268
10.1904 -1.8388 6.8797
10.1989 -1.8695 6.8388
10.2060 -1.9010 6.8049
10.2115 -1.9336 6.7784
10.2268 -1.9537 6.7050
10.2405 -1.9743 6.6394
10.2507 -1.9981 6.5904
10.2595 -2.0230 6.5486
10.2672 -2.0485 6.5115
10.2741 -2.0745 6.4784
10.2879 -2.0891 6.4120
10.3017 -2.1025 6.3460
10.3111 -2.1216 6.3008
10.3193 -2.1419 6.2619
10.3265 -2.1630 6.2272
10.3331 -2.1846 6.1957
10.3391 -2.2066 6.1671
10.3444 -2.2291 6.1412
10.3492 -2.2522 6.1183
10.3531 -2.2767 6.0996
10.3554 -2.3040 6.0887
10.3532 -2.3403 6.0992
10.3600 -2.3578 6.0666
10.3663 -2.3758 6.0367
10.3720 -2.3943 6.0090
10.3834 -2.3994 5.9545
10.3786 -2.4410 5.9776
10.3730 -2.4848 6.0040
10.3677 -2.5286 6.0295
10.3620 -2.5739 6.0569
9.8956 -1.1565 8.0494
9.9096 -1.2061 7.9855
9.9189 -1.2555 7.9429
9.9495 -1.2980 7.8031
9.9668 -1.3420 7.7240
9.9802 -1.3859 7.6627
9.9906 -1.4297 7.6149
10.0100 -1.4683 7.5265
10.0305 -1.5044 7.4324
10.0452 -1.5420 7.3653
10.0572 -1.5798 7.3106
10.0669 -1.6180 7.2660
10.0745 -1.6568 7.2315
10.0945 -1.6854 7.1399
10.1098 -1.7160 7.0702
10.1218 -1.7479 7.0149
10.1321 -1.7802 6.9682
10.1408 -1.8131 6.9283
10.1478 -1.8467 6.8960
10.1522 -1.8825 6.8760
10.1760 -1.8967 6.7673
10.1880 -1.9221 6.7123
10.1982 -1.9484 6.6657
10.2080 -1.9744 6.6210
10.2160 -2.0016 6.5845
10.2229 -2.0296 6.5528
10.2463 -2.0343 6.4459
10.2569 -2.0549 6.3974
10.2660 -2.0767 6.3558
10.2737 -2.0997 6.3203
10.2811 -2.1225 6.2866
10.2878 -2.1458 6.2561
10.2938 -2.1696 6.2286
10.2991 -2.1940 6.2044
10.3033 -2.2198 6.1852
10.3052 -2.2493 6.1764
10.3043 -2.2838 6.1805
10.3117 -2.3027 6.1465
10.3185 -2.3220 6.1153
10.3248 -2.3418 6.0866
10.3460 -2.3306 5.9896
10.3545 -2.3440 5.9511
10.3618 -2.3590 5.9177
10.3571 -2.3993 5.9390
10.3514 -2.4423 5.9649
10.3412 -2.4963 6.0117
10.3408 -2.5284 6.0136
10.3348 -2.5737 6.0409
9.8700 -1.2052 7.9373
9.8886 -1.2523 7.8560
9.9033 -1.2989 7.7919
9.9146 -1.3452 7.7427
9.9378 -1.3861 7.6412
9.9589 -1.4257 7.5489
9.9746 -1.4659 7.4803
9.9873 -1.5062 7.4250
9.9977 -1.5466 7.3795
10.0048 -1.5879 7.3482
10.0312 -1.6164 7.2331
10.0470 -1.6496 7.1638
10.0594 -1.6839 7.1095
10.0701 -1.7185 7.0629
10.0788 -1.7536 7.0247
10.0854 -1.7898 6.9961
10.1064 -1.8123 6.9042
10.1211 -1.8389 6.8399
10.1330 -1.8670 6.7882
10.1433 -1.8956 6.7429
10.1525 -1.9245 6.7028
10.1605 -1.9539 6.6679
10.1858 -1.9622 6.5574
10.1982 -1.9840 6.5033
10.2085 -2.0074 6.4583
10.2176 -2.0314 6.4185
10.2257 -2.0558 6.3827
10.2332 -2.0805 6.3504
10.2396 -2.1060 6.3220
10.2455 -2.1318 6.2966
10.2500 -2.1590 6.2765
10.2514 -2.1910 6.2706
10.2522 -2.2237 6.2671
10.2603 -2.2440 6.2316
10.2678 -2.2648 6.1991
10.2851 -2.2673 6.1234
10.2985 -2.2754 6.0646
10.3075 -2.2905 6.0253
10.3154 -2.3070 5.9910
10.3225 -2.3242 5.9599
10.3291 -2.3418 5.9311
10.3352 -2.3598 5.9043
10.3308 -2.3992 5.9235
10.3249 -2.4422 5.9493
10.3126 -2.4998 6.0031
10.3138 -2.5283 5.9977
10.3076 -2.5736 6.0248
9.8053 -1.1565 7.9963
9.8210 -1.2060 7.9306
9.8336 -1.2548 7.8780
9.8615 -1.2985 7.7612
9.8832 -1.3417 7.6705
9.8995 -1.3848 7.6022
9.9127 -1.4278 7.5469
9.9229 -1.4709 7.5042
9.9422 -1.5087 7.4237
9.9645 -1.5433 7.3302
9.9801 -1.5797 7.2650
9.9933 -1.6162 7.2097
10.0039 -1.6533 7.1657
10.0125 -1.6909 7.1296
10.0285 -1.7222 7.0627
10.0483 -1.7491 6.9799
10.0624 -1.7790 6.9207
10.0744 -1.8095 6.8706
10.0849 -1.8403 6.8265
10.0942 -1.8714 6.7877
10.1215 -1.8836 6.6736
10.1352 -1.9077 6.6165
10.1467 -1.9329 6.5684
10.1569 -1.9586 6.5255
10.1661 -1.9846 6.4870
10.1744 -2.0109 6.4524
10.1818 -2.0377 6.4216
10.1881 -2.0652 6.3952
10.1929 -2.0941 6.3748
10.1865 -2.1385 6.4018
10.1963 -2.1599 6.3609
10.2051 -2.1819 6.3239
10.2135 -2.2038 6.2887
10.2361 -2.2026 6.1942
10.2480 -2.2167 6.1443
10.2576 -2.2338 6.1045
10.2660 -2.2519 6.0692
10.2737 -2.2705 6.0369
10.2808 -2.2895 6.0073
10.2874 -2.3089 5.9797
10.2935 -2.3285 5.9540
10.3118 -2.3242 5.8776
10.3044 -2.3688 5.9085
10.3045 -2.3991 5.9080
10.2985 -2.4418 5.9331
10.2932 -2.4837 5.9554
10.2822 -2.5381 6.0013
10.2800 -2.5743 6.0105
9.7448 -1.1584 8.0312
9.7802 -1.2053 7.8892
9.8022 -1.2521 7.8012
9.8196 -1.2982 7.7314
9.8336 -1.3438 7.6754
9.8436 -1.3896 7.6350
9.8737 -1.4270 7.5146
9.8938 -1.4659 7.4340
9.9097 -1.5052 7.3700
9.9228 -1.5445 7.3177
9.9336 -1.5840 7.2742
9.9419 -1.6240 7.2410
9.9686 -1.6518 7.1342
9.9856 -1.6838 7.0658
9.9997 -1.7164 7.0091
10.0119 -1.7493 6.9603
10.0226 -1.7824 6.9176
10.0509 -1.7997 6.8039
10.0671 -1.8254 6.7392
10.0800 -1.8528 6.6873
10.0914 -1.8805 6.6417
10.1015 -1.9085 6.6011
10.1113 -1.9361 6.5620
10.1195 -1.9646 6.5291
10.1265 -1.9938 6.5011
10.1318 -2.0243 6.4798
10.1259 -2.0681 6.5035
10.1366 -2.0914 6.4605
10.1463 -2.1151 6.4217
10.1551 -2.1392 6.3862
10.1825 -2.1367 6.2766
10.1940 -2.1547 6.2303
10.2042 -2.1737 6.1896
10.2133 -2.1934 6.1532
10.2216 -2.2136 6.1198
10.2293 -2.2340 6.0889
10.2365 -2.2547 6.0601
10.2594 -2.2483 5.9683
10.2702 -2.2608 5.9250
10.2792 -2.2756 5.8887
10.2873 -2.2913 5.8563
10.2858 -2.3241 5.8624
10.2797 -2.3657 5.8866
10.2658 -2.4231 5.9426
10.2726 -2.4405 5.9151
10.2664 -2.4837 5.9400
10.2599 -2.5280 5.9660
10.2528 -2.5742 5.9946
9.7167 -1.1562 7.9365
9.7347 -1.2055 7.8675
9.7483 -1.2542 7.8151
9.7578 -1.3027 7.7783
9.7970 -1.3421 7.6276
9.8173 -1.3844 7.5495
9.8339 -1.4265 7.4857
9.8476 -1.4683 7.4330
9.8586 -1.5103 7.3907
9.8767 -1.5478 7.3208
9.9007 -1.5808 7.2288
9.9177 -1.6159 7.1634
9.9327 -1.6507 7.1056
9.9450 -1.6861 7.0581
9.9737 -1.7092 6.9478
9.9934 -1.7365 6.8722
10.0081 -1.7661 6.8155
10.0209 -1.7959 6.7660
10.0324 -1.8260 6.7221
10.0425 -1.8563 6.6832
10.0514 -1.8869 6.6490
10.0588 -1.9182 6.6203
10.0639 -1.9513 6.6008
10.0596 -1.9940 6.6174
10.0725 -2.0179 6.5675
10.0832 -2.0435 6.5265
10.0929 -2.0694 6.4893
10.1241 -2.0681 6.3690
10.1368 -2.0879 6.3205
10.1476 -2.1088 6.2787
10.1569 -2.1310 6.2428
10.1659 -2.1529 6.2083
10.1742 -2.1750 6.1764
10.1819 -2.1973 6.1468
10.2094 -2.1892 6.0410
10.2201 -2.2048 5.9998
10.2295 -2.2215 5.9635
10.2382 -2.2388 5.9304
10.2462 -2.2564 5.8995
10.2536 -2.2745 5.8710
10.2605 -2.2926 5.8443
10.2598 -2.3240 5.8471
10.2535 -2.3656 5.8712
10.2503 -2.4020 5.8836
10.2468 -2.4392 5.8972
10.2396 -2.4837 5.9245
10.2304 -2.5331 5.9603
10.2256 -2.5741 5.9787
10.2186 -2.6201 6.0056
9.6581 -1.1578 7.9599
9.6829 -1.2066 7.8683
9.7143 -1.2522 7.7523
9.7349 -1.2978 7.6760
9.7519 -1.3429 7.6133
9.7656 -1.3876 7.5624
9.7752 -1.4327 7.5271
9.8076 -1.4681 7.4074
9.8287 -1.5058 7.3292
9.8457 -1.5438 7.2665
9.8602 -1.5817 7.2129
9.8859 -1.6123 7.1177
9.9131 -1.6401 7.0174
9.9301 -1.6721 6.9545
9.9447 -1.7044 6.9006
9.9576 -1.7367 6.8528
9.9690 -1.7692 6.8108
9.9789 -1.8019 6.7740
9.9872 -1.8351 6.7434
9.9915 -1.8712 6.7273
9.9895 -1.9126 6.7349
10.0026 -1.9400 6.6864
10.0144 -1.9676 6.6429
10.0440 -1.9760 6.5334
10.0614 -1.9951 6.4691
10.0748 -2.0173 6.4197
10.0864 -2.0404 6.3767
10.0970 -2.0638 6.3376
10.1067 -2.0875 6.3017
10.1156 -2.1113 6.2686
10.1419 -2.1120 6.1715
10.1554 -2.1277 6.1218
10.1665 -2.1456 6.0805
10.1765 -2.1642 6.0438
10.1856 -2.1833 6.0101
10.1941 -2.2026 5.9786
10.2020 -2.2221 5.9492
10.2095 -2.2417 5.9215
10.2164 -2.2616 5.8959
10.2228 -2.2818 5.8723
10.2287 -2.3025 5.8508
10.2337 -2.3240 5.8321
10.2273 -2.3655 5.8558
10.2269 -2.3965 5.8572
10.2203 -2.4391 5.8816
10.1923 -2.5225 5.9851
10.1983 -2.5427 5.9631
10.1983 -2.5741 5.9628
9.6235 -1.1565 7.8944
9.6454 -1.2055 7.8164
9.6634 -1.2535 7.7524
9.6767 -1.3013 7.7051
9.7046 -1.3441 7.6059
9.7314 -1.3852 7.5106
9.7518 -1.4265 7.4383
9.7687 -1.4674 7.3779
9.7835 -1.5080 7.3253
9.8246 -1.5355 7.1791
9.8448 -1.5702 7.1074
9.8619 -1.6050 7.0467
9.8765 -1.6399 6.9947
9.8893 -1.6748 6.9491
9.9005 -1.7098 6.9095
9.9096 -1.7453 6.8769
9.9132 -1.7841 6.8642
9.9139 -1.8249 6.8617
9.9283 -1.8546 6.8104
9.9412 -1.8846 6.7647
9.9786 -1.8921 6.6314
9.9949 -1.9161 6.5737
10.0087 -1.9412 6.5246
10.0206 -1.9670 6.4822
10.0320 -1.9925 6.4416
10.0425 -2.0181 6.4043
10.0639 -2.0310 6.3283
10.0839 -2.0437 6.2570
10.0971 -2.0630 6.2102
10.1089 -2.0830 6.1684
10.1194 -2.1036 6.1307
10.1292 -2.1244 6.0959
10.1384 -2.1453 6.0634
10.1469 -2.1664 6.0332
10.1547 -2.1878 6.0053
10.1620 -2.2094 5.9794
10.1686 -2.2314 5.9558
10.1744 -2.2542 5.9353
10.1787 -2.2788 5.9199
10.1707 -2.3228 5.9484
10.1793 -2.3402 5.9178
10.1874 -2.3578 5.8890
10.1950 -2.3757 5.8619
10.2007 -2.3964 5.8417
10.1939 -2.4389 5.8660
10.1643 -2.5234 5.9711
10.1746 -2.5360 5.9346
10.1717 -2.5729 5.9450
9.5669 -1.1578 7.9070
9.5790 -1.2087 7.8655
9.6231 -1.2529 7.7144
9.6476 -1.2981 7.6306
9.6680 -1.3426 7.5608
9.6854 -1.3865 7.5012
9.7259 -1.4214 7.3623
9.7509 -1.4591 7.2769
9.7706 -1.4971 7.2095
9.7872 -1.5349 7.1524
9.8017 -1.5726 7.1028
9.8152 -1.6097 7.0566
9.8253 -1.6478 7.0222
9.8250 -1.6911 7.0232
9.8320 -1.7299 6.9990
9.8477 -1.7625 6.9453
9.8618 -1.7950 6.8970
9.9044 -1.8056 6.7511
9.9218 -1.8324 6.6916
9.9366 -1.8601 6.6410
9.9499 -1.8880 6.5955
9.9620 -1.9159 6.5539
9.9731 -1.9439 6.5160
10.0044 -1.9518 6.4089
10.0209 -1.9720 6.3524
10.0344 -1.9940 6.3059
10.0467 -2.0165 6.2640
10.0579 -2.0391 6.2254
10.0684 -2.0619 6.1897
10.0784 -2.0843 6.1554
10.0874 -2.1073 6.1245
10.0957 -2.1304 6.0960
10.1033 -2.1539 6.0701
10.1099 -2.1782 6.0476
10.1148 -2.2042 6.0307
10.1064 -2.2486 6.0596
10.1160 -2.2676 6.0266
10.1251 -2.2868 5.9955
10.1336 -2.3060 5.9662
10.1416 -2.3256 5.9389
10.1492 -2.3452 5.9130
10.1563 -2.3649 5.8886
10.1628 -2.3852 5.8663
10.1687 -2.4060 5.8462
10.1674 -2.4388 5.8504
10.1604 -2.4818 5.8745
10.1499 -2.5316 5.9104
10.1445 -2.5728 5.9289
10.1368 -2.6186 5.9553
9.5309 -1.1567 7.8487
9.5557 -1.2056 7.7671
9.5773 -1.2532 7.6957
9.6185 -1.2951 7.5595
9.6486 -1.3369 7.4603
9.6712 -1.3786 7.3856
9.6900 -1.4199 7.3236
9.7070 -1.4605 7.2675
9.7212 -1.5011 7.2205
9.7322 -1.5420 7.1844
9.7223 -1.5917 7.2168
9.7425 -1.6272 7.1502
9.7601 -1.6626 7.0923
9.7986 -1.6848 6.9650
9.8242 -1.7122 6.8806
9.8425 -1.7423 6.8203
9.8586 -1.7727 6.7672
9.8730 -1.8031 6.7194
9.8862 -1.8334 6.6760
9.8982 -1.8637 6.6365
9.9339 -1.8737 6.5185
9.9513 -1.8968 6.4610
9.9668 -1.9204 6.4099
9.9798 -1.9451 6.3669
9.9918 -1.9699 6.3273
10.0029 -1.9948 6.2907
10.0132 -2.0197 6.2567
10.0227 -2.0447 6.2254
10.0313 -2.0701 6.1971
10.0388 -2.0960 6.1722
10.0451 -2.1229 6.1515
10.0362 -2.1677 6.1808
10.0470 -2.1885 6.1450
10.0572 -2.2094 6.1114
10.0668 -2.2303 6.0797
10.0757 -2.2515 6.0503
10.0841 -2.2728 6.0226
10.0920 -2.2943 5.9967
10.0992 -2.3161 5.9729
10.1056 -2.3386 5.9518
10.1104 -2.3631 5.9358
10.1076 -2.3992 5.9452
10.1178 -2.4146 5.9114
10.1273 -2.4305 5.8801
10.1362 -2.4466 5.8505
10.1338 -2.4816 5.8586
10.1261 -2.5258 5.8840
10.1174 -2.5726 5.9128
10.1094 -2.6185 5.9391
9.5017 -1.1551 7.7712
9.5364 -1.2021 7.6608
9.5625 -1.2482 7.5777
9.5845 -1.2933 7.5076
9.6037 -1.3376 7.4464
9.6201 -1.3814 7.3942
9.6333 -1.4250 7.3521
9.6246 -1.4752 7.3797
9.6465 -1.5145 7.3101
9.6656 -1.5533 7.2493
9.7122 -1.5785 7.1009
9.7364 -1.6114 7.0238
9.7565 -1.6446 6.9597
9.7739 -1.6780 6.9044
9.7895 -1.7112 6.8545
9.8037 -1.7442 6.8092
9.8377 -1.7633 6.7012
9.8593 -1.7885 6.6324
9.8766 -1.8154 6.5772
9.8921 -1.8425 6.5279
9.9062 -1.8695 6.4829
9.9196 -1.8962 6.4401
9.9321 -1.9227 6.4003
9.9431 -1.9499 6.3656
9.9529 -1.9772 6.3342
9.9614 -2.0052 6.3072
9.9676 -2.0348 6.2873
9.9599 -2.0785 6.3118
9.9722 -2.1014 6.2728
9.9836 -2.1243 6.2365
9.9943 -2.1472 6.2023
10.0039 -2.1707 6.1719
10.0132 -2.1939 6.1422
10.0218 -2.2172 6.1146
10.0297 -2.2410 6.0896
10.0364 -2.2657 6.0681
10.0408 -2.2931 6.0542
10.0420 -2.3246 6.0504
10.0532 -2.3418 6.0147
10.0636 -2.3594 5.9815
10.0975 -2.3414 5.8736
10.1094 -2.3545 5.8358
10.1199 -2.3690 5.8024
10.1231 -2.3943 5.7921
10.1154 -2.4371 5.8166
10.1072 -2.4814 5.8428
10.0993 -2.5256 5.8680
10.0891 -2.5744 5.9005
9.4425 -1.1042 7.7892
9.4676 -1.1540 7.7122
9.4896 -1.2025 7.6444
9.5082 -1.2501 7.5873
9.5228 -1.2972 7.5424
9.5162 -1.3484 7.5628
9.5406 -1.3916 7.4876
9.5622 -1.4341 7.4213
9.6129 -1.4654 7.2655
9.6396 -1.5020 7.1831
9.6617 -1.5388 7.1152
9.6806 -1.5755 7.0571
9.6980 -1.6116 7.0037
9.7139 -1.6473 6.9546
9.7563 -1.6677 6.8243
9.7776 -1.6973 6.7588
9.7960 -1.7272 6.7022
9.8126 -1.7571 6.6513
9.8277 -1.7868 6.6049
9.8415 -1.8164 6.5622
9.8543 -1.8459 6.5230
9.8658 -1.8754 6.4875
9.8760 -1.9053 6.4562
9.8836 -1.9367 6.4329
9.8760 -1.9807 6.4561
9.8894 -2.0064 6.4151
9.9023 -2.0315 6.3754
9.9143 -2.0566 6.3383
9.9256 -2.0817 6.3036
9.9360 -2.1069 6.2715
9.9456 -2.1324 6.2422
9.9541 -2.1583 6.2159
9.9611 -2.1855 6.1945
9.9570 -2.2252 6.2071
9.9707 -2.2436 6.1649
9.9829 -2.2630 6.1274
10.0179 -2.2525 6.0197
10.0330 -2.2657 5.9733
10.0454 -2.2815 5.9351
10.0567 -2.2980 5.9003
10.0671 -2.3149 5.8683
10.0770 -2.3320 5.8379
10.0865 -2.3490 5.8087
10.0954 -2.3662 5.7814
10.0970 -2.3941 5.7764
10.0891 -2.4368 5.8008
10.0770 -2.4869 5.8379
10.0681 -2.5325 5.8652
10.0619 -2.5742 5.8844
10.0534 -2.6202 5.9105
9.3831 -1.1051 7.8051
9.3981 -1.1564 7.7605
9.3946 -1.2091 7.7710
9.4234 -1.2568 7.6854
9.4475 -1.3035 7.6139
9.5058 -1.3409 7.4406
9.5338 -1.3823 7.3574
9.5574 -1.4232 7.2872
9.5781 -1.4635 7.2256
9.5970 -1.5031 7.1694
9.6346 -1.5342 7.0577
9.6658 -1.5655 6.9650
9.6883 -1.5988 6.8980
9.7079 -1.6320 6.8400
9.7256 -1.6649 6.7873
9.7418 -1.6975 6.7392
9.7566 -1.7298 6.6952
9.7700 -1.7621 6.6554
9.7818 -1.7945 6.6202
9.7907 -1.8281 6.5937
9.7830 -1.8731 6.6165
9.7985 -1.9012 6.5705
9.8128 -1.9292 6.5280
9.8261 -1.9570 6.4884
9.8385 -1.9848 6.4516
9.8506 -2.0121 6.4157
9.8612 -2.0399 6.3841
9.8704 -2.0683 6.3569
9.8768 -2.0989 6.3378
9.8778 -2.1345 6.3348
9.8923 -2.1560 6.2918
9.9264 -2.1554 6.1903
9.9473 -2.1673 6.1284
9.9623 -2.1844 6.0836
9.9756 -2.2027 6.0442
9.9878 -2.2214 6.0080
9.9993 -2.2402 5.9738
10.0101 -2.2591 5.9417
10.0203 -2.2780 5.9113
10.0302 -2.2968 5.8820
10.0394 -2.3158 5.8544
10.0484 -2.3346 5.8279
10.0569 -2.3534 5.8026
10.0649 -2.3724 5.7787
10.0710 -2.3938 5.7607
10.0628 -2.4366 5.7849
10.0513 -2.4851 5.8190
10.0429 -2.5295 5.8440
10.0347 -2.5741 5.8684
10.0260 -2.6201 5.8943
9.3335 -0.9468 7.7902
9.3517 -1.1565 7.7379
9.3889 -1.2041 7.6308
9.4183 -1.2506 7.5462
9.4440 -1.2959 7.4724
9.4668 -1.3402 7.4069
9.4872 -1.3836 7.3483
9.5382 -1.4171 7.2016
9.5666 -1.4545 7.1201
9.5899 -1.4918 7.0529
9.6111 -1.5285 6.9922
9.6303 -1.5646 6.9370
9.6476 -1.6004 6.8873
9.6632 -1.6359 6.8424
9.6769 -1.6713 6.8029
9.6874 -1.7076 6.7727
9.6795 -1.7538 6.7954
9.6972 -1.7850 6.7445
9.7135 -1.8160 6.6976
9.7286 -1.8467 6.6542
9.7426 -1.8773 6.6141
9.7553 -1.9079 6.5775
9.7666 -1.9388 6.5451
9.7750 -1.9713 6.5209
9.7711 -2.0134 6.5321
9.7891 -2.0369 6.4802
9.8066 -2.0598 6.4300
9.8518 -2.0561 6.3001
9.8699 -2.0753 6.2481
9.8854 -2.0958 6.2034
9.8996 -2.1168 6.1627
9.9129 -2.1378 6.1246
9.9250 -2.1592 6.0896
9.9369 -2.1801 6.0555
9.9482 -2.2009 6.0230
9.9588 -2.2218 5.9924
9.9691 -2.2425 5.9631
9.9788 -2.2632 5.9352
9.9879 -2.2841 5.9089
9.9966 -2.3048 5.8839
10.0046 -2.3259 5.8608
10.0119 -2.3477 5.8400
10.0179 -2.3706 5.8228
10.0086 -2.4150 5.8493
10.0186 -2.4319 5.8208
10.0280 -2.4489 5.7935
10.0247 -2.4848 5.8031
10.0160 -2.5292 5.8280
10.0075 -2.5739 5.8524
9.2789 -0.8934 7.7881
9.3096 -0.9475 7.7029
9.3367 -0.9997 7.6274
9.3624 -1.0502 7.5560
9.3849 -1.0994 7.4931
9.4034 -1.1476 7.4418
9.3436 -1.2042 7.6081
9.3900 -1.2482 7.4790
9.4295 -1.2906 7.3691
9.4584 -1.3329 7.2888
9.4838 -1.3742 7.2181
9.5063 -1.4148 7.1554
9.5264 -1.4547 7.0995
9.5443 -1.4941 7.0498
9.5605 -1.5331 7.0048
9.5740 -1.5721 6.9670
9.5632 -1.6208 6.9971
9.5841 -1.6555 6.9389
9.6029 -1.6899 6.8866
9.6202 -1.7240 6.8386
9.6360 -1.7578 6.7947
9.6502 -1.7916 6.7551
9.6622 -1.8258 6.7216
9.6690 -1.8627 6.7027
9.6735 -1.9007 6.6901
9.6932 -1.9277 6.6353
9.7403 -1.9332 6.5043
9.7642 -1.9536 6.4378
9.7832 -1.9766 6.3851
9.8003 -1.9998 6.3374
9.8158 -2.0235 6.2944
9.8302 -2.0472 6.2543
9.8438 -2.0707 6.2163
9.8569 -2.0939 6.1801
9.8690 -2.1172 6.1462
9.8807 -2.1402 6.1138
9.8919 -2.1630 6.0826
9.9023 -2.1859 6.0536
9.9122 -2.2089 6.0261
9.9214 -2.2320 6.0006
9.9294 -2.2558 5.9781
9.9354 -2.2817 5.9616
9.9279 -2.3237 5.9823
9.9392 -2.3426 5.9510
9.9498 -2.3616 5.9215
9.9601 -2.3803 5.8928
9.9699 -2.3991 5.8655
9.9794 -2.4177 5.8391
9.9885 -2.4364 5.8139
10.0082 -2.4390 5.7591
9.9981 -2.4846 5.7872
9.9892 -2.5290 5.8120
9.9802 -2.5740 5.8368
9.2383 -0.9467 7.7470
9.2836 -0.9996 7.6250
9.3199 -1.0502 7.5270
9.3510 -1.0988 7.4434
9.3786 -1.1459 7.3689
9.4037 -1.1917 7.3012
9.4270 -1.2362 7.2385
9.4467 -1.2800 7.1855
9.4617 -1.3235 7.1449
9.4304 -1.3773 7.2294
9.4466 -1.4201 7.1856
9.4315 -1.4714 7.2263
9.4549 -1.5108 7.1632
9.4771 -1.5493 7.1035
9.4973 -1.5872 7.0491
9.5150 -1.6249 7.0013
9.5306 -1.6625 6.9592
9.5453 -1.6996 6.9196
9.5407 -1.7458 6.9321
9.5651 -1.7764 6.8663
9.5866 -1.8073 6.8082
9.6437 -1.8155 6.6546
9.6669 -1.8416 6.5919
9.6869 -1.8685 6.5381
9.7050 -1.8954 6.4892
9.7219 -1.9222 6.4438
9.7378 -1.9487 6.4010
9.7538 -1.9741 6.3577
9.7683 -1.9998 6.3187
9.7818 -2.0255 6.2824
9.7946 -2.0509 6.2479
9.8064 -2.0765 6.2159
9.8175 -2.1021 6.1861
9.8276 -2.1279 6.1589
9.8361 -2.1547 6.1360
9.8254 -2.2007 6.1649
9.8386 -2.2221 6.1293
9.8509 -2.2437 6.0961
9.8631 -2.2647 6.0633
9.8745 -2.2858 6.0324
9.8857 -2.3066 6.0024
9.8962 -2.3275 5.9741
9.9272 -2.3224 5.8905
9.9418 -2.3363 5.8512
9.9546 -2.3515 5.8166
9.9666 -2.3670 5.7842
9.9779 -2.3829 5.7539
9.9887 -2.3986 5.7248
9.9817 -2.4390 5.7437
9.9726 -2.4828 5.7683
9.9603 -2.5316 5.8011
9.9531 -2.5738 5.8208
9.9436 -2.6198 5.8462
9.2292 -1.1034 7.6245
9.3188 -1.1475 7.3904
9.3572 -1.1923 7.2901
9.3887 -1.2358 7.2078
9.4160 -1.2782 7.1367
9.4403 -1.3197 7.0732
9.4624 -1.3602 7.0155
9.4810 -1.4004 6.9669
9.4984 -1.4398 6.9213
9.5126 -1.4793 6.8844
9.4093 -1.5591 7.1540
9.4177 -1.6026 7.1320
9.4438 -1.6382 7.0638
9.4679 -1.6733 7.0010
9.5340 -1.6872 6.8283
9.5584 -1.7180 6.7647
9.5802 -1.7488 6.7078
9.6002 -1.7792 6.6554
9.6190 -1.8092 6.6064
9.6366 -1.8389 6.5604
9.6531 -1.8682 6.5174
9.6686 -1.8972 6.4767
9.6833 -1.9259 6.4383
9.6971 -1.9544 6.4024
9.7097 -1.9829 6.3694
9.7230 -2.0103 6.3348
9.7323 -2.0401 6.3105
9.7233 -2.0849 6.3340
9.7383 -2.1091 6.2949
9.7525 -2.1331 6.2576
9.7661 -2.1570 6.2223
9.7791 -2.1805 6.1881
9.8077 -2.1879 6.1136
9.8277 -2.2023 6.0613
9.8441 -2.2193 6.0183
9.8588 -2.2373 5.9802
9.8725 -2.2555 5.9444
9.8855 -2.2736 5.9103
9.8978 -2.2919 5.8783
9.9097 -2.3098 5.8471
9.9210 -2.3279 5.8175
9.9321 -2.3456 5.7886
9.9427 -2.3632 5.7610
9.9529 -2.3807 5.7342
9.9629 -2.3979 5.7081
9.9552 -2.4389 5.7283
9.9458 -2.4827 5.7527
9.9346 -2.5298 5.7821
9.9259 -2.5736 5.8047
9.1772 -1.2080 7.6163
9.2035 -1.2564 7.5498
9.2269 -1.3037 7.4905
9.3922 -1.3214 7.0717
9.4223 -1.3605 6.9954
9.4475 -1.3991 6.9317
9.4713 -1.4367 6.8714
9.4930 -1.4735 6.8165
9.5129 -1.5098 6.7662
9.5309 -1.5456 6.7205
9.5468 -1.5812 6.6802
9.5598 -1.6172 6.6472
9.5040 -1.6839 6.7886
9.5235 -1.7172 6.7393
9.5418 -1.7500 6.6930
9.5589 -1.7823 6.6495
9.5749 -1.8144 6.6090
9.5895 -1.8464 6.5721
9.6020 -1.8788 6.5405
9.6084 -1.9146 6.5242
9.6070 -1.9553 6.5276
9.6240 -1.9830 6.4848
9.6401 -2.0103 6.4438
9.6556 -2.0372 6.4046
9.6922 -2.0464 6.3119
9.7153 -2.0646 6.2535
9.7336 -2.0856 6.2070
9.7505 -2.1069 6.1644
9.7661 -2.1283 6.1248
9.7809 -2.1496 6.0872
9.7948 -2.1710 6.0521
9.8085 -2.1917 6.0175
9.8216 -2.2123 5.9842
9.8343 -2.2326 5.9521
9.8464 -2.2527 5.9213
9.8583 -2.2725 5.8913
9.8696 -2.2922 5.8627
9.8806 -2.3115 5.8347
9.8912 -2.3309 5.8080
9.9014 -2.3499 5.7820
9.9113 -2.3689 5.7570
9.9208 -2.3878 5.7329
9.9300 -2.4066 5.7097
9.9287 -2.4388 5.7128
9.9174 -2.4850 5.7416
9.9077 -2.5295 5.7661
9.1198 -1.2619 7.6205
9.1553 -1.3084 7.5332
9.2328 -1.3447 7.3426
9.2680 -1.3861 7.2561
9.2982 -1.4269 7.1821
9.4191 -1.4407 6.8849
9.4504 -1.4752 6.8080
9.4766 -1.5096 6.7435
9.5000 -1.5436 6.6861
9.5213 -1.5771 6.6337
9.5409 -1.6102 6.5855
9.5590 -1.6428 6.5411
9.5754 -1.6752 6.5007
9.5901 -1.7076 6.4647
9.6023 -1.7405 6.4347
9.6102 -1.7751 6.4154
9.5142 -1.8700 6.6511
9.5598 -1.8835 6.5390
9.5842 -1.9080 6.4792
9.6051 -1.9335 6.4278
9.6243 -1.9590 6.3805
9.6426 -1.9841 6.3356
9.6608 -2.0083 6.2908
9.6774 -2.0327 6.2501
9.6932 -2.0568 6.2113
9.7084 -2.0805 6.1740
9.7229 -2.1040 6.1382
9.7370 -2.1271 6.1036
9.7505 -2.1499 6.0705
9.7636 -2.1722 6.0381
9.7761 -2.1945 6.0074
9.7883 -2.2164 5.9774
9.7999 -2.2382 5.9489
9.8112 -2.2597 5.9212
9.8218 -2.2814 5.8952
9.8321 -2.3028 5.8699
9.8414 -2.3247 5.8471
9.8497 -2.3472 5.8265
9.8555 -2.3724 5.8123
9.8770 -2.3780 5.7595
9.8913 -2.3913 5.7244
9.9044 -2.4055 5.6923
9.9011 -2.4403 5.7002
9.8907 -2.4848 5.7257
9.8808 -2.5293 5.7501
9.0711 -1.1572 7.6021
9.1086 -1.2057 7.5127
9.1428 -1.2526 7.4309
9.1734 -1.2981 7.3580
9.2019 -1.3425 7.2901
9.2283 -1.3857 7.2270
9.2528 -1.4279 7.1685
9.2755 -1.4694 7.1144
9.2955 -1.5103 7.0667
9.3117 -1.5515 7.0280
9.3007 -1.6013 7.0542
9.4758 -1.5809 6.6364
9.5024 -1.6115 6.5729
9.5256 -1.6422 6.5175
9.5467 -1.6726 6.4673
9.5660 -1.7027 6.4212
9.5828 -1.7331 6.3812
9.5995 -1.7626 6.3412
9.6148 -1.7919 6.3047
9.6287 -1.8214 6.2716
9.6406 -1.8513 6.2433
9.6484 -1.8832 6.2245
9.5931 -1.9576 6.3564
9.6095 -1.9844 6.3175
9.6267 -2.0095 6.2762
9.6418 -2.0355 6.2404
9.6562 -2.0610 6.2059
9.6700 -2.0864 6.1730
9.6832 -2.1115 6.1416
9.6957 -2.1364 6.1117
9.7072 -2.1616 6.0843
9.7174 -2.1874 6.0599
9.7269 -2.2132 6.0372
9.7478 -2.2275 5.9874
9.7657 -2.2435 5.9448
9.7816 -2.2606 5.9066
9.7963 -2.2782 5.8717
9.8104 -2.2957 5.8381
9.8237 -2.3132 5.8062
9.8367 -2.3304 5.7753
9.8490 -2.3476 5.7459
9.8611 -2.3645 5.7170
9.8727 -2.3813 5.6893
9.8840 -2.3979 5.6625
9.8747 -2.4402 5.6847
9.8647 -2.4838 5.7085
9.8540 -2.5291 5.7341
9.0289 -1.1570 7.5681
9.0586 -1.2063 7.4993
9.0883 -1.2540 7.4306
9.1120 -1.3011 7.3756
9.1316 -1.3476 7.3301
9.1237 -1.3990 7.3484
9.1522 -1.4421 7.2824
9.2095 -1.4761 7.1496
9.2473 -1.5127 7.0620
9.2789 -1.5492 6.9887
9.3070 -1.5853 6.9237
9.3325 -1.6209 6.8646
9.3580 -1.6550 6.8054
9.3811 -1.6889 6.7518
9.4966 -1.6797 6.4841
9.5253 -1.7060 6.4176
9.5465 -1.7345 6.3685
9.5677 -1.7619 6.3194
9.5870 -1.7892 6.2746
9.6049 -1.8164 6.2332
9.6215 -1.8434 6.1948
9.6369 -1.8702 6.1591
9.6510 -1.8970 6.1262
9.6646 -1.9236 6.0948
9.6760 -1.9509 6.0683
9.6845 -1.9798 6.0487
9.6163 -2.0674 6.2066
9.6361 -2.0884 6.1609
9.6542 -2.1098 6.1188
9.6715 -2.1309 6.0788
9.6877 -2.1519 6.0411
9.7029 -2.1731 6.0059
9.7179 -2.1937 5.9712
9.7325 -2.2138 5.9373
9.7464 -2.2338 5.9051
9.7600 -2.2535 5.8736
9.7732 -2.2728 5.8431
9.7858 -2.2919 5.8137
9.7982 -2.3107 5.7850
9.8103 -2.3293 5.7571
9.8219 -2.3476 5.7302
9.8333 -2.3656 5.7038
9.8443 -2.3835 5.6783
9.8549 -2.4012 5.6536
9.8482 -2.4401 5.6692
9.8380 -2.4837 5.6928
9.8231 -2.5341 5.7274
9.8161 -2.5747 5.7435
8.9912 -1.2086 7.5246
9.0336 -1.2554 7.4291
9.0699 -1.3008 7.3472
9.1036 -1.3449 7.2713
9.1348 -1.3877 7.2011
9.1642 -1.4294 7.1348
9.1922 -1.4698 7.0717
9.2180 -1.5095 7.0136
9.2430 -1.5481 6.9575
9.2665 -1.5858 6.9043
9.2893 -1.6226 6.8531
9.3111 -1.6586 6.8040
9.3317 -1.6939 6.7574
9.3507 -1.7289 6.7148
9.3678 -1.7638 6.6763
9.3804 -1.8000 6.6479
9.4100 -1.8268 6.5812
9.5418 -1.7961 6.2843
9.5668 -1.8198 6.2280
9.5881 -1.8443 6.1800
9.6073 -1.8691 6.1368
9.6250 -1.8937 6.0968
9.6415 -1.9183 6.0597
9.6569 -1.9429 6.0250
9.6713 -1.9674 5.9927
9.6844 -1.9920 5.9630
9.6965 -2.0168 5.9359
9.7071 -2.0421 5.9119
9.7155 -2.0688 5.8930
9.6598 -2.1500 6.0185
9.6735 -2.1727 5.9876
9.6876 -2.1944 5.9559
9.7011 -2.2158 5.9254
9.7143 -2.2370 5.8957
9.7272 -2.2577 5.8667
9.7547 -2.2628 5.8046
9.7759 -2.2731 5.7569
9.7915 -2.2883 5.7217
9.8062 -2.3037 5.6887
9.8200 -2.3193 5.6575
9.8333 -2.3348 5.6276
9.8433 -2.3534 5.6051
9.8334 -2.3954 5.6274
9.8080 -2.4568 5.6847
9.8103 -2.4849 5.6795
9.7996 -2.5294 5.7034
9.7889 -2.5745 5.7275
9.7780 -2.6205 5.7522
8.9305 -1.1575 7.5323
8.9644 -1.2067 7.4580
8.9987 -1.2542 7.3828
9.0288 -1.3005 7.3170
9.0575 -1.3455 7.2540
9.0848 -1.3894 7.1944
9.1105 -1.4322 7.1379
9.1345 -1.4741 7.0853
9.1554 -1.5158 7.0397
9.1802 -1.5551 6.9853
9.2175 -1.5891 6.9038
9.2482 -1.6235 6.8365
9.2757 -1.6576 6.7763
9.3018 -1.6908 6.7191
9.3270 -1.7231 6.6638
9.3508 -1.7547 6.6117
9.3738 -1.7856 6.5614
9.3956 -1.8159 6.5135
9.4168 -1.8453 6.4671
9.4370 -1.8743 6.4229
9.4566 -1.9026 6.3799
9.5535 -1.8827 6.1678
9.5838 -1.9002 6.1014
9.6062 -1.9215 6.0524
9.6256 -1.9436 6.0099
9.6432 -1.9661 5.9714
9.6594 -1.9886 5.9359
9.6745 -2.0111 5.9027
9.6887 -2.0336 5.8716
9.7021 -2.0562 5.8424
9.7144 -2.0788 5.8155
9.7256 -2.1018 5.7909
9.7356 -2.1254 5.7690
9.7425 -2.1512 5.7538
9.7194 -2.2049 5.8043
9.7339 -2.2234 5.7726
9.7481 -2.2416 5.7416
9.7616 -2.2597 5.7120
9.7748 -2.2774 5.6830
9.7878 -2.2947 5.6546
9.8003 -2.3118 5.6271
9.8125 -2.3287 5.6005
9.8173 -2.3534 5.5899
9.8072 -2.3953 5.6121
9.7879 -2.4486 5.6543
9.7836 -2.4848 5.6638
9.7727 -2.5293 5.6876
9.7618 -2.5744 5.7116
8.8790 -1.2108 7.5184
8.9324 -1.2569 7.4047
8.9727 -1.3024 7.3188
9.0096 -1.3464 7.2403
9.0438 -1.3891 7.1675
9.0761 -1.4306 7.0987
9.1067 -1.4708 7.0333
9.1361 -1.5099 6.9707
9.1651 -1.5476 6.9089
9.1924 -1.5845 6.8508
9.2181 -1.6205 6.7962
9.2429 -1.6556 6.7432
9.2666 -1.6899 6.6927
9.2893 -1.7234 6.6443
9.3111 -1.7563 6.5979
9.3322 -1.7883 6.5530
9.3721 -1.8100 6.4679
9.4005 -1.8356 6.4075
9.4253 -1.8619 6.3545
9.4483 -1.8879 6.3056
9.4700 -1.9136 6.2594
9.4909 -1.9386 6.2148
9.5127 -1.9621 6.1684
9.5318 -1.9863 6.1277
9.5978 -1.9768 5.9871
9.6222 -1.9941 5.9351
9.6418 -2.0138 5.8933
9.6594 -2.0340 5.8558
9.6756 -2.0544 5.8213
9.6907 -2.0750 5.7892
9.7047 -2.0958 5.7594
9.7178 -2.1166 5.7314
9.7091 -2.1563 5.7500
9.6986 -2.1980 5.7723
9.7073 -2.2222 5.7538
9.7208 -2.2413 5.7250
9.7338 -2.2602 5.6973
9.7466 -2.2787 5.6701
9.7590 -2.2968 5.6435
9.7712 -2.3146 5.6176
9.7830 -2.3324 5.5925
9.7913 -2.3533 5.5747
9.7810 -2.3952 5.5968
9.7585 -2.4518 5.6447
9.7569 -2.4847 5.6482
9.7458 -2.5292 5.6719
9.7343 -2.5747 5.6963
8.8375 -1.1577 7.4833
8.8735 -1.2069 7.4087
8.9063 -1.2547 7.3407
8.9394 -1.3008 7.2722
8.9711 -1.3456 7.2064
9.0011 -1.3892 7.1441
9.0301 -1.4316 7.0840
9.0574 -1.4729 7.0274
9.1037 -1.5078 6.9314
9.1467 -1.5415 6.8424
9.1787 -1.5765 6.7760
9.2092 -1.6105 6.7127
9.2381 -1.6436 6.6529
9.2644 -1.6762 6.5983
9.2898 -1.7080 6.5457
9.3141 -1.7390 6.4952
9.3375 -1.7692 6.4467
9.3602 -1.7987 6.3995
9.3820 -1.8275 6.3544
9.4031 -1.8556 6.3106
9.4237 -1.8830 6.2680
9.4434 -1.9098 6.2270
9.4632 -1.9357 6.1861
9.4831 -1.9605 6.1448
9.5012 -1.9856 6.1074
9.5186 -2.0102 6.0712
9.5356 -2.0343 6.0359
9.5522 -2.0578 6.0014
9.5682 -2.0811 5.9684
9.6360 -2.0631 5.8278
9.6565 -2.0799 5.7854
9.6742 -2.0979 5.7486
9.6860 -2.1201 5.7241
9.6754 -2.1614 5.7461
9.6563 -2.2109 5.7857
9.6692 -2.2317 5.7589
9.6818 -2.2521 5.7327
9.6942 -2.2722 5.7072
9.7056 -2.2926 5.6835
9.7295 -2.2996 5.6338
9.7456 -2.3138 5.6005
9.7604 -2.3285 5.5699
9.7651 -2.3536 5.5602
9.7047 -2.4512 5.6853
9.7148 -2.4712 5.6644
9.7225 -2.4936 5.6485
9.7162 -2.5321 5.6614
9.7071 -2.5746 5.6804
9.6954 -2.6206 5.7046
8.8170 -1.1559 7.4063
8.8612 -1.2038 7.3172
8.9003 -1.2501 7.2383
8.9373 -1.2949 7.1636
8.9723 -1.3383 7.0929
9.0059 -1.3803 7.0250
9.0379 -1.4210 6.9605
9.0681 -1.4606 6.8995
9.0969 -1.4991 6.8413
9.1248 -1.5365 6.7850
9.1522 -1.5728 6.7297
9.1790 -1.6079 6.6755
9.2046 -1.6422 6.6239
9.2290 -1.6757 6.5746
9.2528 -1.7083 6.5266
9.2758 -1.7402 6.4803
9.2978 -1.7713 6.4358
9.3193 -1.8017 6.3924
9.3400 -1.8314 6.3505
9.3599 -1.8606 6.3104
9.3794 -1.8890 6.2711
9.3979 -1.9171 6.2338
9.4157 -1.9447 6.1977
9.4343 -1.9710 6.1603
9.4503 -1.9980 6.1280
9.4856 -2.0114 6.0567
9.5079 -2.0321 6.0117
9.5281 -2.0532 5.9709
9.5474 -2.0740 5.9318
9.5657 -2.0947 5.8949
9.5827 -2.1156 5.8607
9.5999 -2.1355 5.8260
9.6463 -2.1301 5.7323
9.6414 -2.1666 5.7422
9.6478 -2.1934 5.7293
9.6630 -2.2119 5.6986
9.6777 -2.2301 5.6690
9.6919 -2.2481 5.6402
9.7059 -2.2656 5.6120
9.7196 -2.2828 5.5844
9.7330 -2.2996 5.5573
9.7459 -2.3162 5.5312
9.7391 -2.3535 5.5450
9.7281 -2.3956 5.5671
9.7054 -2.4514 5.6130
9.7036 -2.4843 5.6165
9.6921 -2.5288 5.6399
9.6799 -2.5745 5.6645
9.6680 -2.6205 5.6885
8.7870 -1.1548 7.3506
8.8261 -1.2029 7.2738
8.8612 -1.2496 7.2046
8.8952 -1.2949 7.1379
8.9274 -1.3388 7.0746
8.9586 -1.3814 7.0132
8.9885 -1.4228 6.9544
9.0169 -1.4632 6.8986
9.0436 -1.5027 6.8462
9.0799 -1.5383 6.7747
9.1199 -1.5710 6.6960
9.1501 -1.6051 6.6367
9.1801 -1.6378 6.5778
9.2087 -1.6696 6.5214
9.2356 -1.7008 6.4686
9.2617 -1.7311 6.4174
9.2864 -1.7608 6.3687
9.3103 -1.7896 6.3217
9.3336 -1.8177 6.2759
9.3560 -1.8452 6.2319
9.3776 -1.8720 6.1895
9.3986 -1.8981 6.1481
9.4174 -1.9246 6.1112
9.4374 -1.9494 6.0719
9.4568 -1.9737 6.0337
9.4755 -1.9975 5.9969
9.4938 -2.0207 5.9609
9.5117 -2.0434 5.9258
9.5291 -2.0656 5.8915
9.5457 -2.0875 5.8589
9.5617 -2.1092 5.8274
9.5778 -2.1300 5.7958
9.5935 -2.1504 5.7649
9.6089 -2.1704 5.7347
9.6239 -2.1899 5.7051
9.6385 -2.2091 5.6765
9.6528 -2.2279 5.6485
9.6667 -2.2464 5.6211
9.6803 -2.2645 5.5942
9.6937 -2.2822 5.5679
9.7068 -2.2995 5.5422
9.7196 -2.3166 5.5170
9.7131 -2.3534 5.5298
9.7019 -2.3955 5.5517
9.6816 -2.4481 5.5917
9.6769 -2.4842 5.6010
9.6651 -2.5287 5.6242
8.7296 -1.1037 7.3488
8.7699 -1.1529 7.2716
8.8075 -1.2006 7.1997
8.8458 -1.2464 7.1264
8.8824 -1.2907 7.0561
8.9174 -1.3337 6.9891
8.9513 -1.3752 6.9243
8.9841 -1.4153 6.8613
9.0162 -1.4542 6.7999
9.0477 -1.4917 6.7395
9.0773 -1.5283 6.6828
9.1056 -1.5639 6.6286
9.1333 -1.5984 6.5755
9.1598 -1.6321 6.5247
9.1856 -1.6648 6.4754
9.2106 -1.6967 6.4275
9.2348 -1.7277 6.3812
9.2582 -1.7580 6.3363
9.2810 -1.7874 6.2927
9.3032 -1.8161 6.2501
9.3248 -1.8441 6.2087
9.3457 -1.8715 6.1686
9.3661 -1.8982 6.1297
9.3856 -1.9244 6.0923
9.4049 -1.9499 6.0552
9.4238 -1.9748 6.0190
9.4423 -1.9990 5.9837
9.4603 -2.0227 5.9491
9.4778 -2.0460 5.9156
9.4948 -2.0688 5.8831
9.5114 -2.0911 5.8512
9.5268 -2.1136 5.8218
9.5427 -2.1350 5.7913
9.5583 -2.1559 5.7615
9.5733 -2.1765 5.7327
9.5880 -2.1967 5.7046
9.6024 -2.2166 5.6770
9.6165 -2.2360 5.6500
9.6489 -2.2379 5.5878
9.6655 -2.2533 5.5560
9.6813 -2.2687 5.5258
9.6959 -2.2845 5.4977
9.6960 -2.3143 5.4976
9.6872 -2.3533 5.5145
9.6752 -2.3960 5.5375
9.6486 -2.4549 5.5884
9.6502 -2.4842 5.5854
9.6381 -2.5287 5.6085
9.6258 -2.5739 5.6321
9.6134 -2.6198 5.6557
8.6944 -1.1032 7.3045
8.7325 -1.1524 7.2333
8.7692 -1.2001 7.1648
8.8052 -1.2462 7.0976
8.8401 -1.2908 7.0324
8.8737 -1.3340 6.9698
8.9060 -1.3760 6.9094
8.9368 -1.4168 6.8518
8.9678 -1.4562 6.7940
8.9979 -1.4944 6.7378
9.0266 -1.5317 6.6842
9.0541 -1.5680 6.6330
9.1058 -1.5955 6.5364
9.1369 -1.6275 6.4783
9.1654 -1.6591 6.4250
9.1932 -1.6898 6.3733
9.2196 -1.7197 6.3239
9.2449 -1.7489 6.2766
9.2695 -1.7773 6.2307
9.2934 -1.8048 6.1861
9.3166 -1.8317 6.1427
9.3389 -1.8580 6.1012
9.3622 -1.8828 6.0576
9.3833 -1.9077 6.0182
9.4039 -1.9320 5.9798
9.4239 -1.9557 5.9424
9.4434 -1.9789 5.9059
9.4624 -2.0015 5.8705
9.4808 -2.0236 5.8361
9.4984 -2.0455 5.8033
9.5160 -2.0666 5.7706
9.5331 -2.0873 5.7386
9.5498 -2.1074 5.7073
9.5662 -2.1271 5.6767
9.5822 -2.1464 5.6468
9.5979 -2.1652 5.6176
9.6132 -2.1837 5.5890
9.6282 -2.2017 5.5611
9.6427 -2.2194 5.5339
9.6569 -2.2368 5.5073
9.6709 -2.2538 5.4813
9.6815 -2.2735 5.4616
9.6702 -2.3142 5.4825
9.6541 -2.3603 5.5126
9.6489 -2.3959 5.5223
9.6371 -2.4388 5.5443
9.6230 -2.4846 5.5707
9.6081 -2.5319 5.5984
9.5987 -2.5738 5.6161
9.5861 -2.6197 5.6396
8.6497 -1.0514 7.2782
8.6924 -1.1013 7.2007
8.7339 -1.1494 7.1250
8.7728 -1.1960 7.0543
8.8104 -1.2409 6.9858
8.8467 -1.2844 6.9196
8.8817 -1.3264 6.8559
8.9146 -1.3673 6.7960
8.9473 -1.4068 6.7365
8.9789 -1.4451 6.6789
9.0097 -1.4821 6.6230
9.0398 -1.5180 6.5681
9.0698 -1.5526 6.5135
9.0978 -1.5866 6.4626
9.1249 -1.6195 6.4132
9.1513 -1.6515 6.3652
9.1769 -1.6827 6.3186
9.2018 -1.7130 6.2732
9.2261 -1.7424 6.2290
9.2497 -1.7711 6.1860
9.2727 -1.7991 6.1441
9.2951 -1.8263 6.1034
9.3168 -1.8529 6.0639
9.3401 -1.8776 6.0215
9.3607 -1.9029 5.9840
9.3808 -1.9275 5.9474
9.4004 -1.9515 5.9116
9.4196 -1.9749 5.8768
9.4383 -1.9978 5.8427
9.4565 -2.0201 5.8095
9.4745 -2.0418 5.7767
9.4920 -2.0632 5.7450
9.5090 -2.0840 5.7140
9.5257 -2.1044 5.6837
9.5419 -2.1243 5.6540
9.5579 -2.1438 5.6250
9.5735 -2.1629 5.5966
9.5887 -2.1815 5.5689
9.6037 -2.1998 5.5417
9.6183 -2.2177 5.5151
9.6325 -2.2353 5.4891
9.6465 -2.2525 5.4637
9.6559 -2.2734 5.4466
9.6444 -2.3141 5.4675
9.6327 -2.3556 5.4887
9.6227 -2.3959 5.5071
9.6106 -2.4387 5.5290
9.5963 -2.4845 5.5551
9.5838 -2.5289 5.5778
9.5715 -2.5736 5.6001
8.6080 -1.0513 7.2468
8.6506 -1.1012 7.1711
8.6925 -1.1493 7.0968
8.7310 -1.1959 7.0283
8.7684 -1.2409 6.9621
8.8045 -1.2845 6.8980
8.8394 -1.3267 6.8359
8.8726 -1.3677 6.7770
8.9048 -1.4074 6.7198
8.9356 -1.4461 6.6651
8.9659 -1.4835 6.6114
8.9958 -1.5198 6.5583
9.0252 -1.5548 6.5061
9.0534 -1.5890 6.4560
9.0808 -1.6222 6.4074
9.1074 -1.6545 6.3601
9.1333 -1.6859 6.3141
9.1585 -1.7165 6.2693
9.1830 -1.7462 6.2258
9.2069 -1.7752 6.1834
9.2302 -1.8034 6.1420
9.2529 -1.8309 6.1018
9.2750 -1.8577 6.0625
9.2990 -1.8825 6.0199
9.3200 -1.9079 5.9826
9.3405 -1.9328 5.9463
9.3604 -1.9570 5.9108
9.3798 -1.9807 5.8764
9.3988 -2.0038 5.8427
9.4174 -2.0264 5.8098
9.4355 -2.0485 5.7776
9.4542 -2.0694 5.7443
9.4715 -2.0904 5.7136
9.4884 -2.1111 5.6835
9.5050 -2.1312 5.6542
9.5212 -2.1510 5.6255
9.5370 -2.1703 5.5973
9.5525 -2.1892 5.5698
9.5677 -2.2077 5.5429
9.5825 -2.2258 5.5165
9.5971 -2.2436 5.4907
9.6113 -2.2609 5.4653
9.6253 -2.2780 5.4405
9.6186 -2.3141 5.4525
9.5944 -2.3675 5.4954
9.5964 -2.3959 5.4918
9.5735 -2.4495 5.5325
9.5695 -2.4845 5.5395
9.5568 -2.5288 5.5621
9.5445 -2.5734 5.5841
8.5715 -1.1027 7.2065
8.6145 -1.1515 7.1320
8.6546 -1.1988 7.0627
8.6933 -1.2445 6.9956
8.7307 -1.2887 6.9307
8.7670 -1.3314 6.8679
8.8021 -1.3729 6.8071
8.8352 -1.4132 6.7497
8.8686 -1.4521 6.6918
8.9011 -1.4897 6.6356
8.9322 -1.5264 6.5817
8.9638 -1.5616 6.5270
8.9938 -1.5959 6.4750
9.0222 -1.6294 6.4258
9.0498 -1.6620 6.3779
9.0767 -1.6937 6.3314
9.1029 -1.7246 6.2861
9.1283 -1.7546 6.2420
9.1531 -1.7838 6.1992
9.1772 -1.8123 6.1574
9.2007 -1.8400 6.1167
9.2236 -1.8670 6.0770
9.2461 -1.8932 6.0379
9.2692 -1.9182 5.9979
9.2904 -1.9432 5.9611
9.3111 -1.9676 5.9253
9.3314 -1.9915 5.8903
9.3511 -2.0148 5.8561
9.3703 -2.0375 5.8227
9.3892 -2.0597 5.7901
9.4070 -2.0818 5.7593
9.4249 -2.1030 5.7282
9.4425 -2.1238 5.6977
9.4597 -2.1441 5.6679
9.4765 -2.1639 5.6388
9.4930 -2.1833 5.6103
9.5091 -2.2023 5.5824
9.5248 -2.2209 5.5551
9.5403 -2.2391 5.5284
9.5554 -2.2570 5.5022
9.5702 -2.2744 5.4765
9.5847 -2.2915 5.4514
9.5956 -2.3114 5.4325
9.5835 -2.3528 5.4535
9.5679 -2.3981 5.4806
9.5583 -2.4380 5.4971
9.5428 -2.4844 5.5239
9.5271 -2.5316 5.5511
9.5173 -2.5733 5.5681
9.5041 -2.6191 5.5910
8.4687 -0.8941 7.2791
8.5146 -0.9478 7.2016
8.5570 -0.9996 7.1298
8.6004 -1.0496 7.0565
8.6419 -1.0979 6.9862
8.6821 -1.1446 6.9184
8.7209 -1.1897 6.8528
8.7590 -1.2332 6.7884
8.7964 -1.2752 6.7251
8.8328 -1.3159 6.6636
8.8668 -1.3554 6.6061
8.8994 -1.3937 6.5510
8.9313 -1.4309 6.4970
8.9623 -1.4669 6.4447
8.9922 -1.5019 6.3940
9.0213 -1.5358 6.3448
9.0496 -1.5688 6.2971
9.0771 -1.6009 6.2506
9.1038 -1.6321 6.2055
9.1297 -1.6624 6.1616
9.1550 -1.6919 6.1188
9.1790 -1.7209 6.0783
9.2011 -1.7496 6.0410
9.2244 -1.7769 6.0015
9.2472 -1.8035 5.9630
9.2694 -1.8294 5.9255
9.2910 -1.8546 5.8889
9.3121 -1.8793 5.8533
9.3326 -1.9034 5.8186
9.3522 -1.9271 5.7855
9.3717 -1.9500 5.7525
9.3908 -1.9724 5.7202
9.4095 -1.9943 5.6887
9.4277 -2.0157 5.6579
9.4455 -2.0366 5.6278
9.4629 -2.0570 5.5984
9.4799 -2.0770 5.5696
9.4965 -2.0966 5.5415
9.5128 -2.1157 5.5139
9.5288 -2.1344 5.4870
9.5245 -2.1684 5.4943
9.5124 -2.2090 5.5147
9.5197 -2.2339 5.5023
9.5350 -2.2517 5.4764
9.5501 -2.2691 5.4510
9.5648 -2.2861 5.4261
9.5699 -2.3113 5.4174
9.5575 -2.3527 5.4383
9.5446 -2.3952 5.4602
9.5318 -2.4380 5.4818
9.5188 -2.4816 5.5038
9.4964 -2.5354 5.5416
9.4902 -2.5732 5.5521
9.4768 -2.6189 5.5749
8.4322 -0.9470 7.2375
8.4853 -0.9996 7.1500
8.5322 -1.0501 7.0726
8.5780 -1.0988 6.9970
8.6221 -1.1457 6.9242
8.6638 -1.1910 6.8553
8.7035 -1.2347 6.7897
8.7436 -1.2768 6.7236
8.7832 -1.3174 6.6582
8.8195 -1.3568 6.5983
8.8555 -1.3948 6.5390
8.8892 -1.4318 6.4833
8.9217 -1.4677 6.4297
8.9533 -1.5025 6.3776
8.9836 -1.5364 6.3275
9.0130 -1.5692 6.2789
9.0416 -1.6011 6.2318
9.0694 -1.6321 6.1859
9.0964 -1.6623 6.1414
9.1227 -1.6916 6.0980
9.1478 -1.7202 6.0566
9.1715 -1.7485 6.0175
9.1955 -1.7756 5.9778
9.2190 -1.8019 5.9391
9.2418 -1.8277 5.9014
9.2640 -1.8527 5.8647
9.2857 -1.8772 5.8289
9.3067 -1.9011 5.7944
9.3266 -1.9248 5.7614
9.3468 -1.9475 5.7282
9.3664 -1.9696 5.6957
9.3857 -1.9913 5.6640
9.4044 -2.0124 5.6330
9.4227 -2.0332 5.6029
9.4405 -2.0534 5.5735
9.4579 -2.0732 5.5448
9.4749 -2.0926 5.5166
9.4916 -2.1115 5.4891
9.5079 -2.1300 5.4622
9.4979 -2.1684 5.4787
9.4856 -2.2089 5.4990
9.4880 -2.2380 5.4950
9.5039 -2.2556 5.4688
9.5195 -2.2728 5.4431
9.5347 -2.2897 5.4179
9.5442 -2.3112 5.4024
9.5316 -2.3526 5.4231
9.5176 -2.3959 5.4463
9.5053 -2.4380 5.4665
9.4396 -2.5331 5.5749
9.4539 -2.5508 5.5514
9.4613 -2.5748 5.5391
8.4472 -1.0510 7.1137
8.4944 -1.1004 7.0376
8.5383 -1.1482 6.9669
8.5797 -1.1944 6.9001
8.6198 -1.2391 6.8356
8.6585 -1.2823 6.7733
8.6958 -1.3241 6.7131
8.7307 -1.3649 6.6568
8.7656 -1.4042 6.6006
8.7994 -1.4424 6.5461
8.8321 -1.4794 6.4934
8.8652 -1.5150 6.4402
8.8963 -1.5498 6.3899
8.9258 -1.5839 6.3424
8.9545 -1.6169 6.2961
8.9825 -1.6491 6.2511
9.0096 -1.6804 6.2074
9.0357 -1.7110 6.1653
9.0611 -1.7408 6.1244
9.0858 -1.7699 6.0846
9.1333 -1.7883 6.0080
9.1621 -1.8131 5.9616
9.1884 -1.8379 5.9192
9.2139 -1.8621 5.8782
9.2376 -1.8861 5.8399
9.2608 -1.9094 5.8026
9.2816 -1.9331 5.7691
9.3035 -1.9553 5.7337
9.3249 -1.9770 5.6993
9.3453 -1.9984 5.6664
9.3652 -2.0192 5.6342
9.3847 -2.0396 5.6029
9.4037 -2.0594 5.5722
9.4223 -2.0789 5.5423
9.4405 -2.0978 5.5130
9.4580 -2.1165 5.4848
9.4751 -2.1348 5.4573
9.4714 -2.1683 5.4632
9.4589 -2.2089 5.4834
9.4284 -2.2644 5.5325
9.4445 -2.2827 5.5065
9.4602 -2.3007 5.4812
9.4756 -2.3184 5.4565
9.4906 -2.3358 5.4323
9.5036 -2.3544 5.4112
9.4909 -2.3962 5.4317
9.4714 -2.4450 5.4631
9.4637 -2.4832 5.4756
9.4442 -2.5333 5.5070
9.4343 -2.5746 5.5229
9.4203 -2.6205 5.5456
8.3754 -1.1034 7.1310
8.4194 -1.1527 7.0618
8.5027 -1.1971 6.9307
8.5537 -1.2415 6.8504
8.5989 -1.2845 6.7792
8.6417 -1.3261 6.7119
8.6809 -1.3665 6.6501
8.7188 -1.4056 6.5906
8.7545 -1.4437 6.5342
8.7899 -1.4804 6.4785
8.8251 -1.5157 6.4232
8.8590 -1.5500 6.3699
8.8907 -1.5836 6.3199
8.9215 -1.6161 6.2714
8.9515 -1.6478 6.2243
8.9803 -1.6786 6.1789
9.0082 -1.7086 6.1350
9.0353 -1.7378 6.0924
9.0616 -1.7662 6.0509
9.0872 -1.7940 6.0107
9.1118 -1.8211 5.9718
9.1369 -1.8470 5.9325
9.1613 -1.8723 5.8940
9.1841 -1.8974 5.8581
9.2061 -1.9220 5.8235
9.2275 -1.9460 5.7898
9.2484 -1.9695 5.7568
9.2689 -1.9924 5.7246
9.2889 -2.0147 5.6932
9.3076 -2.0371 5.6637
9.3264 -2.0586 5.6341
9.3449 -2.0797 5.6051
9.3629 -2.1003 5.5767
9.3805 -2.1205 5.5489
9.3975 -2.1404 5.5222
9.4142 -2.1599 5.4960
9.4305 -2.1790 5.4703
9.4464 -2.1977 5.4452
9.4621 -2.2161 5.4205
9.4773 -2.2341 5.3965
9.4921 -2.2520 5.3733
9.5029 -2.2726 5.3563
9.4902 -2.3133 5.3763
9.4777 -2.3542 5.3959
9.4648 -2.3960 5.4162
9.4504 -2.4398 5.4390
9.4369 -2.4832 5.4602
9.4232 -2.5274 5.4818
9.4073 -2.5743 5.5067
9.3930 -2.6202 5.5292
8.3800 -1.0505 7.0289
8.4208 -1.0999 6.9662
8.4622 -1.1476 6.9025
8.5014 -1.1939 6.8422
8.5389 -1.2388 6.7845
8.5743 -1.2826 6.7300
8.6081 -1.3251 6.6782
8.6395 -1.3668 6.6299
8.6552 -1.4099 6.6056
8.6612 -1.4543 6.5964
8.6948 -1.4926 6.5448
8.7282 -1.5296 6.4934
8.7606 -1.5656 6.4436
8.7912 -1.6008 6.3966
8.8217 -1.6349 6.3497
8.8512 -1.6680 6.3042
8.8795 -1.7004 6.2607
8.9461 -1.7184 6.1583
8.9800 -1.7458 6.1062
9.0109 -1.7730 6.0586
9.0403 -1.7997 6.0135
9.0680 -1.8260 5.9709
9.0949 -1.8515 5.9295
9.1235 -1.8752 5.8856
9.1480 -1.8998 5.8479
9.1719 -1.9237 5.8111
9.1951 -1.9471 5.7754
9.2174 -1.9700 5.7412
9.2391 -1.9924 5.7078
9.2603 -2.0143 5.6752
9.2810 -2.0357 5.6433
9.3009 -2.0567 5.6127
9.3204 -2.0772 5.5828
9.3394 -2.0973 5.5536
9.3579 -2.1170 5.5250
9.3760 -2.1363 5.4973
9.3935 -2.1552 5.4703
9.4107 -2.1738 5.4439
9.4274 -2.1920 5.4181
9.4439 -2.2098 5.3928
9.4600 -2.2272 5.3681
9.4756 -2.2444 5.3441
9.4772 -2.2726 5.3415
9.4643 -2.3133 5.3614
9.4518 -2.3540 5.3806
9.4387 -2.3959 5.4008
9.4224 -2.4411 5.4259
9.4101 -2.4833 5.4448
9.3787 -2.5441 5.4931
9.3803 -2.5740 5.4905
8.3406 -1.0504 6.9963
8.3853 -1.0996 6.9292
8.4322 -1.1469 6.8587
8.4762 -1.1926 6.7925
8.5187 -1.2368 6.7287
8.5591 -1.2796 6.6680
8.5980 -1.3211 6.6095
8.6364 -1.3612 6.5518
8.6723 -1.4002 6.4979
8.7067 -1.4381 6.4462
8.7396 -1.4750 6.3967
8.7693 -1.5114 6.3521
8.7997 -1.5465 6.3065
8.8292 -1.5807 6.2620
8.8573 -1.6142 6.2199
8.8844 -1.6468 6.1791
8.9102 -1.6789 6.1403
8.9349 -1.7104 6.1033
8.9577 -1.7415 6.0690
8.9783 -1.7727 6.0380
8.9615 -1.8181 6.0633
8.9880 -1.8459 6.0234
9.0134 -1.8732 5.9853
9.0381 -1.8999 5.9481
9.0631 -1.9254 5.9106
9.0867 -1.9508 5.8752
9.1094 -1.9756 5.8410
9.1314 -2.0000 5.8079
9.1529 -2.0238 5.7756
9.2043 -2.0296 5.6983
9.2317 -2.0477 5.6571
9.2573 -2.0659 5.6187
9.2796 -2.0851 5.5853
9.3009 -2.1042 5.5533
9.3212 -2.1231 5.5227
9.3411 -2.1415 5.4929
9.3603 -2.1596 5.4640
9.3787 -2.1776 5.4362
9.3968 -2.1951 5.4091
9.4144 -2.2122 5.3826
9.4316 -2.2291 5.3568
9.4482 -2.2458 5.3319
9.4516 -2.2727 5.3268
9.4384 -2.3133 5.3466
9.4252 -2.3545 5.3664
9.3398 -2.4597 5.4947
9.3554 -2.4774 5.4713
9.3705 -2.4950 5.4485
9.3680 -2.5285 5.4524
9.3532 -2.5739 5.4746
8.2811 -1.0507 6.9937
8.3205 -1.1004 6.9357
8.3587 -1.1486 6.8796
8.3935 -1.1957 6.8285
8.4184 -1.2424 6.7919
8.4890 -1.2830 6.6883
8.5395 -1.3236 6.6141
8.5851 -1.3630 6.5470
8.6286 -1.4010 6.4833
8.6687 -1.4381 6.4243
8.7054 -1.4744 6.3704
8.7396 -1.5098 6.3201
8.7733 -1.5441 6.2707
8.8059 -1.5774 6.2228
8.8372 -1.6098 6.1769
8.8673 -1.6414 6.1326
8.8966 -1.6722 6.0896
8.9245 -1.7023 6.0485
8.9517 -1.7316 6.0086
8.9782 -1.7602 5.9697
9.0034 -1.7882 5.9326
9.0280 -1.8156 5.8965
9.0509 -1.8428 5.8628
9.0731 -1.8694 5.8303
9.0954 -1.8952 5.7975
9.1172 -1.9203 5.7654
9.1381 -1.9452 5.7348
9.1583 -1.9695 5.7052
9.1780 -1.9934 5.6762
9.1965 -2.0173 5.6491
9.2159 -2.0399 5.6206
9.2334 -2.0629 5.5949
9.2492 -2.0863 5.5716
9.2629 -2.1104 5.5514
9.2502 -2.1515 5.5700
9.2692 -2.1715 5.5422
9.2877 -2.1912 5.5150
9.3059 -2.2104 5.4883
9.3236 -2.2293 5.4622
9.3407 -2.2479 5.4371
9.3575 -2.2662 5.4125
9.3978 -2.2653 5.3533
9.4206 -2.2770 5.3198
9.4055 -2.3191 5.3419
9.4021 -2.3520 5.3470
9.3882 -2.3941 5.3674
9.3321 -2.4740 5.4498
9.3482 -2.4908 5.4262
9.3410 -2.5285 5.4367
9.3260 -2.5738 5.4588
8.2529 -1.0504 6.9450
8.2982 -1.0996 6.8800
8.3448 -1.1470 6.8130
8.3886 -1.1929 6.7501
8.4306 -1.2374 6.6898
8.4703 -1.2805 6.6328
8.5083 -1.3224 6.5782
8.5456 -1.3630 6.5246
8.5798 -1.4027 6.4755
8.6120 -1.4416 6.4292
8.6425 -1.4795 6.3855
8.6702 -1.5170 6.3456
8.6873 -1.5560 6.3212
8.7436 -1.5843 6.2403
8.7840 -1.6148 6.1822
8.8202 -1.6451 6.1302
8.8541 -1.6748 6.0816
8.8858 -1.7039 6.0360
8.9164 -1.7323 5.9921
8.9454 -1.7601 5.9504
8.9735 -1.7872 5.9101
9.0005 -1.8137 5.8713
9.0246 -1.8405 5.8368
9.0492 -1.8661 5.8014
9.0737 -1.8909 5.7662
9.0972 -1.9152 5.7324
9.1202 -1.9389 5.6994
9.1426 -1.9621 5.6673
9.1640 -1.9850 5.6365
9.1849 -2.0074 5.6065
9.2056 -2.0291 5.5768
9.2255 -2.0505 5.5482
9.2446 -2.0717 5.5207
9.2634 -2.0924 5.4938
9.2817 -2.1126 5.4675
9.2993 -2.1327 5.4422
9.3164 -2.1525 5.4176
9.3332 -2.1718 5.3935
9.3495 -2.1909 5.3701
9.3652 -2.2099 5.3477
9.3805 -2.2285 5.3256
9.3954 -2.2469 5.3042
9.4095 -2.2653 5.2840
9.3966 -2.3053 5.3025
9.3761 -2.3520 5.3320
9.3620 -2.3941 5.3522
9.3453 -2.4389 5.3762
9.3305 -2.4826 5.3973
9.3140 -2.5285 5.4210
9.2987 -2.5738 5.4430
8.1768 -1.1024 6.9646
8.2221 -1.1514 6.9011
8.3231 -1.1946 6.7592
8.3776 -1.2384 6.6826
8.4261 -1.2809 6.6145
8.4707 -1.3221 6.5519
8.5136 -1.3619 6.4917
8.5546 -1.4005 6.4341
8.5929 -1.4381 6.3802
8.6286 -1.4748 6.3301
8.6614 -1.5108 6.2841
8.6938 -1.5457 6.2385
8.7252 -1.5797 6.1944
8.7550 -1.6130 6.1526
8.7838 -1.6455 6.1122
8.8110 -1.6775 6.0740
8.8371 -1.7088 6.0373
8.8617 -1.7396 6.0027
8.8847 -1.7702 5.9705
8.9055 -1.8008 5.9413
8.9207 -1.8329 5.9200
8.9737 -1.8485 5.8455
9.0010 -1.8735 5.8071
9.0305 -1.8965 5.7658
9.0577 -1.9195 5.7275
9.0837 -1.9420 5.6909
9.1085 -1.9643 5.6562
9.1326 -1.9861 5.6224
9.1554 -2.0076 5.5903
9.1772 -2.0289 5.5597
9.1990 -2.0494 5.5291
9.2197 -2.0697 5.5000
9.2400 -2.0896 5.4715
9.2597 -2.1091 5.4438
9.2788 -2.1283 5.4170
9.2973 -2.1472 5.3910
9.3154 -2.1656 5.3656
9.3331 -2.1837 5.3407
9.3501 -2.2017 5.3168
9.3668 -2.2193 5.2934
9.3831 -2.2366 5.2705
9.3847 -2.2648 5.2682
9.3710 -2.3051 5.2875
9.3501 -2.3520 5.3169
9.3357 -2.3941 5.3370
9.3189 -2.4388 5.3607
9.3039 -2.4825 5.3817
9.2755 -2.5388 5.4217
9.2704 -2.5748 5.4288
8.1272 -1.1026 6.9459
8.1862 -1.1510 6.8648
8.2358 -1.1979 6.7967
8.2823 -1.2433 6.7329
8.3260 -1.2873 6.6727
8.3675 -1.3300 6.6158
8.4065 -1.3717 6.5622
8.4424 -1.4124 6.5129
8.5233 -1.4437 6.4018
8.5748 -1.4780 6.3310
8.6172 -1.5124 6.2728
8.6556 -1.5461 6.2200
8.6919 -1.5791 6.1702
8.7260 -1.6113 6.1234
8.7586 -1.6427 6.0786
8.7897 -1.6734 6.0358
8.8196 -1.7034 5.9948
8.8482 -1.7328 5.9555
8.8757 -1.7615 5.9177
8.9021 -1.7896 5.8814
8.9277 -1.8172 5.8463
8.9513 -1.8446 5.8139
8.9734 -1.8718 5.7835
8.9959 -1.8981 5.7526
9.0178 -1.9238 5.7225
9.0384 -1.9494 5.6943
9.0584 -1.9745 5.6668
9.0765 -1.9999 5.6419
9.0931 -2.0255 5.6191
9.1052 -2.0529 5.6025
9.1482 -2.0622 5.5434
9.1756 -2.0793 5.5059
9.2000 -2.0970 5.4722
9.2226 -2.1151 5.4412
9.2445 -2.1329 5.4112
9.2651 -2.1507 5.3828
9.2851 -2.1682 5.3554
9.3045 -2.1854 5.3287
9.3231 -2.2025 5.3033
9.3412 -2.2192 5.2783
9.3589 -2.2356 5.2540
9.3594 -2.2646 5.2533
9.3455 -2.3050 5.2724
9.3278 -2.3490 5.2967
9.3132 -2.3910 5.3168
9.2925 -2.4386 5.3452
9.2773 -2.4823 5.3660
9.2563 -2.5317 5.3950
9.2431 -2.5748 5.4130
9.2274 -2.6206 5.4346
8.0830 -1.1026 6.9195
8.1253 -1.1519 6.8627
8.1626 -1.2000 6.8125
8.1933 -1.2474 6.7713
8.2596 -1.2899 6.6823
8.3163 -1.3313 6.6061
8.3650 -1.3718 6.5407
8.4085 -1.4115 6.4822
8.4496 -1.4499 6.4269
8.4888 -1.4874 6.3743
8.5263 -1.5238 6.3239
8.5636 -1.5589 6.2738
8.5972 -1.5936 6.2286
8.6293 -1.6275 6.1855
8.6594 -1.6609 6.1450
8.7354 -1.6794 6.0429
8.7736 -1.7073 5.9915
8.8078 -1.7351 5.9456
8.8398 -1.7625 5.9027
8.8703 -1.7894 5.8617
8.8989 -1.8159 5.8232
8.9252 -1.8423 5.7878
8.9502 -1.8683 5.7542
8.9759 -1.8932 5.7198
9.0002 -1.9177 5.6870
9.0239 -1.9417 5.6552
9.0467 -1.9654 5.6246
9.0687 -1.9886 5.5950
9.0901 -2.0114 5.5663
9.1107 -2.0338 5.5386
9.1306 -2.0559 5.5119
9.1498 -2.0777 5.4860
9.1682 -2.0994 5.4613
9.1862 -2.1206 5.4371
9.2031 -2.1419 5.4145
9.2196 -2.1628 5.3922
9.2346 -2.1842 5.3721
9.2487 -2.2057 5.3531
9.2603 -2.2284 5.3375
9.2967 -2.2327 5.2886
9.3192 -2.2462 5.2585
9.3341 -2.2645 5.2384
9.3200 -2.3049 5.2574
9.3019 -2.3489 5.2816
9.2871 -2.3909 5.3016
9.2493 -2.4525 5.3524
9.2486 -2.4840 5.3533
9.2331 -2.5284 5.3741
9.2159 -2.5747 5.3972
8.0435 -0.9996 6.8871
8.0863 -1.0503 6.8308
8.1245 -1.0996 6.7805
8.1535 -1.1481 6.7425
8.1483 -1.1980 6.7492
8.1944 -1.2436 6.6886
8.2373 -1.2879 6.6322
8.2773 -1.3311 6.5797
8.3142 -1.3733 6.5311
8.3481 -1.4147 6.4867
8.3792 -1.4554 6.4457
8.4053 -1.4960 6.4114
8.4655 -1.5286 6.3322
8.5143 -1.5616 6.2681
8.5566 -1.5946 6.2125
8.5948 -1.6271 6.1623
8.6303 -1.6590 6.1156
8.6640 -1.6903 6.0713
8.6961 -1.7209 6.0290
8.7263 -1.7509 5.9893
8.7554 -1.7804 5.9510
8.7830 -1.8093 5.9147
8.8095 -1.8378 5.8800
8.8658 -1.8533 5.8059
8.9014 -1.8756 5.7591
8.9335 -1.8981 5.7169
8.9625 -1.9210 5.6788
8.9898 -1.9436 5.6428
9.0159 -1.9658 5.6085
9.0406 -1.9879 5.5761
9.0644 -2.0095 5.5448
9.0868 -2.0311 5.5154
9.1088 -2.0522 5.4864
9.1303 -2.0727 5.4582
9.1507 -2.0932 5.4313
9.1707 -2.1131 5.4050
9.1900 -2.1329 5.3797
9.2086 -2.1524 5.3552
9.2268 -2.1715 5.3313
9.2442 -2.1905 5.3084
9.2612 -2.2093 5.2861
9.2777 -2.2277 5.2643
9.2934 -2.2462 5.2437
9.3089 -2.2643 5.2234
9.2958 -2.3037 5.2405
9.2760 -2.3488 5.2666
9.2609 -2.3909 5.2864
9.2313 -2.4453 5.3253
9.2217 -2.4841 5.3379
9.2060 -2.5284 5.3586
9.1887 -2.5747 5.3814
8.0102 -0.9996 6.8470
8.0646 -1.0499 6.7769
8.1156 -1.0984 6.7114
8.1632 -1.1454 6.6501
8.2070 -1.1910 6.5937
8.2472 -1.2354 6.5420
8.2835 -1.2789 6.4953
8.3155 -1.3216 6.4541
8.3354 -1.3648 6.4285
8.3307 -1.4112 6.4345
8.3716 -1.4499 6.3819
8.4103 -1.4877 6.3321
8.4457 -1.5248 6.2865
8.4799 -1.5609 6.2426
8.5110 -1.5967 6.2025
8.5387 -1.6322 6.1669
8.5622 -1.6679 6.1367
8.5421 -1.7155 6.1626
8.6441 -1.7262 6.0313
8.6831 -1.7539 5.9811
8.7183 -1.7815 5.9358
8.7510 -1.8088 5.8937
8.7815 -1.8359 5.8544
8.8106 -1.8624 5.8170
8.8397 -1.8880 5.7796
8.8667 -1.9134 5.7448
8.8919 -1.9388 5.7125
8.9159 -1.9638 5.6816
8.9389 -1.9884 5.6520
8.9610 -2.0128 5.6235
9.0121 -2.0214 5.5577
9.0423 -2.0395 5.5189
9.0691 -2.0583 5.4845
9.0942 -2.0772 5.4521
9.1181 -2.0959 5.4213
9.1407 -2.1146 5.3923
9.1624 -2.1331 5.3644
9.1831 -2.1515 5.3378
9.2032 -2.1695 5.3118
9.2224 -2.1875 5.2872
9.2411 -2.2051 5.2630
9.2592 -2.2225 5.2398
9.2767 -2.2397 5.2173
9.2850 -2.2631 5.2065
9.2704 -2.3035 5.2254
9.2158 -2.3753 5.2957
9.2285 -2.3958 5.2793
9.2130 -2.4386 5.2993
9.1949 -2.4841 5.3225
9.1789 -2.5285 5.3431
9.1615 -2.5746 5.3655
9.1450 -2.6205 5.3867
7.9635 -1.1021 6.8242
8.1091 -1.1460 6.6408
8.1682 -1.1908 6.5665
8.2199 -1.2343 6.5014
8.2666 -1.2765 6.4425
8.3106 -1.3174 6.3871
8.3499 -1.3576 6.3377
8.3856 -1.3969 6.2927
8.4185 -1.4355 6.2512
8.4480 -1.4736 6.2141
8.4687 -1.5125 6.1880
8.4537 -1.5585 6.2069
8.4911 -1.5926 6.1598
8.5261 -1.6261 6.1157
8.5590 -1.6590 6.0742
8.5901 -1.6913 6.0350
8.6194 -1.7231 5.9982
8.6464 -1.7546 5.9641
8.6715 -1.7859 5.9325
8.6939 -1.8172 5.9043
8.7119 -1.8495 5.8817
8.7547 -1.8715 5.8278
8.7936 -1.8936 5.7787
8.8299 -1.9156 5.7331
8.8592 -1.9393 5.6961
8.8870 -1.9628 5.6611
8.9136 -1.9859 5.6276
8.9386 -2.0089 5.5962
8.9628 -2.0315 5.5657
8.9857 -2.0538 5.5368
9.0074 -2.0762 5.5095
9.0286 -2.0980 5.4828
9.0489 -2.1196 5.4572
9.0684 -2.1410 5.4326
9.0871 -2.1623 5.4091
9.1347 -2.1648 5.3491
9.1621 -2.1788 5.3147
9.1861 -2.1940 5.2845
9.2078 -2.2100 5.2571
9.2287 -2.2258 5.2308
9.2484 -2.2417 5.2060
9.2598 -2.2630 5.1916
9.2449 -2.3034 5.2103
9.2004 -2.3669 5.2664
9.2022 -2.3958 5.2641
9.1865 -2.4386 5.2839
9.1296 -2.5153 5.3556
9.1484 -2.5314 5.3319
9.1343 -2.5745 5.3497
9.1176 -2.6204 5.3707
7.8690 -1.1038 6.8604
7.8545 -1.1566 6.8783
7.9984 -1.1994 6.7009
8.0645 -1.2438 6.6194
8.1188 -1.2873 6.5525
8.2573 -1.3191 6.3816
8.3115 -1.3575 6.3149
8.3582 -1.3952 6.2572
8.3998 -1.4323 6.2059
8.4365 -1.4688 6.1607
8.4716 -1.5045 6.1174
8.5048 -1.5394 6.0765
8.5356 -1.5737 6.0386
8.5636 -1.6077 6.0039
8.5884 -1.6417 5.9734
8.6076 -1.6764 5.9497
8.5935 -1.7204 5.9671
8.6264 -1.7500 5.9265
8.6572 -1.7793 5.8885
8.6865 -1.8081 5.8525
8.7142 -1.8364 5.8182
8.7402 -1.8645 5.7863
8.7645 -1.8924 5.7563
8.7856 -1.9208 5.7302
8.8054 -1.9491 5.7058
8.8214 -1.9784 5.6861
8.8579 -1.9977 5.6411
8.8941 -2.0158 5.5965
8.9243 -2.0358 5.5592
8.9520 -2.0561 5.5251
8.9780 -2.0763 5.4930
9.0020 -2.0968 5.4634
9.0252 -2.1169 5.4348
9.0473 -2.1369 5.4076
9.0685 -2.1566 5.3814
9.0889 -2.1763 5.3563
9.1086 -2.1956 5.3320
9.1274 -2.2149 5.3088
9.1458 -2.2338 5.2862
9.1631 -2.2528 5.2647
9.1802 -2.2714 5.2437
9.1961 -2.2903 5.2240
9.2195 -2.3032 5.1952
9.1936 -2.3522 5.2271
9.1760 -2.3958 5.2489
9.1600 -2.4386 5.2686
9.1422 -2.4834 5.2905
9.1259 -2.5277 5.3107
9.1071 -2.5744 5.3338
7.8676 -1.1023 6.7816
7.9153 -1.1514 6.7240
7.9600 -1.1990 6.6701
8.0003 -1.2456 6.6214
8.0345 -1.2914 6.5801
8.0506 -1.3382 6.5606
8.1484 -1.3738 6.4425
8.2075 -1.4119 6.3713
8.2588 -1.4493 6.3093
8.3889 -1.4708 6.1523
8.4346 -1.5046 6.0971
8.4761 -1.5378 6.0469
8.5140 -1.5705 6.0011
8.5492 -1.6027 5.9587
8.5820 -1.6342 5.9191
8.6128 -1.6653 5.8820
8.6413 -1.6961 5.8475
8.6677 -1.7265 5.8157
8.6918 -1.7569 5.7866
8.7128 -1.7875 5.7612
8.7267 -1.8200 5.7443
8.7153 -1.8616 5.7582
8.7451 -1.8874 5.7222
8.7727 -1.9130 5.6889
8.7983 -1.9386 5.6580
8.8227 -1.9639 5.6284
8.8460 -1.9890 5.6004
8.8675 -2.0140 5.5744
8.8878 -2.0391 5.5499
8.9064 -2.0642 5.5275
8.9223 -2.0902 5.5082
8.8999 -2.1364 5.5353
8.9807 -2.1258 5.4378
9.0091 -2.1426 5.4034
9.0346 -2.1602 5.3726
9.0584 -2.1781 5.3440
9.0810 -2.1958 5.3166
9.1024 -2.2136 5.2909
9.1229 -2.2312 5.2660
9.1426 -2.2488 5.2423
9.1616 -2.2662 5.2193
9.1798 -2.2835 5.1974
9.1833 -2.3108 5.1932
9.1677 -2.3521 5.2119
9.1463 -2.3983 5.2378
9.1233 -2.4464 5.2656
9.1154 -2.4834 5.2751
9.0988 -2.5277 5.2952
9.0794 -2.5748 5.3185
7.7670 -1.1041 6.8222
7.8662 -1.1516 6.7049
7.9273 -1.1984 6.6327
7.9819 -1.2436 6.5681
8.0303 -1.2878 6.5109
8.0742 -1.3308 6.4590
8.1140 -1.3730 6.4120
8.1507 -1.4143 6.3686
8.1804 -1.4556 6.3335
8.1902 -1.4995 6.3219
8.2840 -1.5267 6.2110
8.3402 -1.5588 6.1445
8.3837 -1.5920 6.0932
8.5019 -1.6057 5.9534
8.5448 -1.6350 5.9027
8.5829 -1.6642 5.8577
8.6177 -1.6932 5.8165
8.6501 -1.7218 5.7782
8.6804 -1.7500 5.7424
8.7085 -1.7779 5.7090
8.7345 -1.8057 5.6783
8.7591 -1.8332 5.6493
8.7824 -1.8604 5.6217
8.8038 -1.8877 5.5964
8.8227 -1.9152 5.5741
8.8367 -1.9443 5.5575
8.8237 -1.9852 5.5729
8.8494 -2.0083 5.5425
8.8740 -2.0312 5.5135
8.8970 -2.0540 5.4862
8.9180 -2.0772 5.4615
8.9389 -2.0997 5.4367
8.9585 -2.1223 5.4135
8.9771 -2.1448 5.3916
8.9943 -2.1674 5.3712
9.0095 -2.1908 5.3533
9.0209 -2.2160 5.3397
9.0550 -2.2265 5.2994
9.0835 -2.2395 5.2657
9.1080 -2.2543 5.2368
9.1306 -2.2695 5.2101
9.1515 -2.2852 5.1854
9.1576 -2.3107 5.1781
9.1418 -2.3520 5.1968
9.1236 -2.3956 5.2183
9.1074 -2.4383 5.2374
9.0886 -2.4835 5.2597
9.0717 -2.5277 5.2796
9.0522 -2.5748 5.3028
9.0346 -2.6207 5.3235
7.7721 -1.1025 6.7377
7.8190 -1.1518 6.6834
7.8590 -1.2000 6.6372
7.8918 -1.2475 6.5992
7.9651 -1.2900 6.5143
8.0329 -1.3309 6.4357
8.0862 -1.3714 6.3740
8.1341 -1.4110 6.3185
8.1770 -1.4499 6.2689
8.2156 -1.4881 6.2242
8.2502 -1.5259 6.1842
8.2808 -1.5634 6.1487
8.3021 -1.6021 6.1241
8.2843 -1.6493 6.1446
8.4067 -1.6614 6.0029
8.4526 -1.6904 5.9498
8.4921 -1.7196 5.9039
8.6034 -1.7259 5.7751
8.6433 -1.7514 5.7290
8.6783 -1.7773 5.6883
8.7089 -1.8036 5.6530
8.7377 -1.8296 5.6195
8.7660 -1.8548 5.5868
8.7927 -1.8798 5.5559
8.8178 -1.9046 5.5268
8.8413 -1.9293 5.4996
8.8634 -1.9539 5.4740
8.8841 -1.9784 5.4500
8.9044 -2.0024 5.4266
8.9211 -2.0276 5.4072
8.9337 -2.0543 5.3926
8.9178 -2.0956 5.4111
8.9409 -2.1163 5.3843
8.9630 -2.1368 5.3587
8.9838 -2.1573 5.3346
9.0039 -2.1777 5.3114
9.0229 -2.1980 5.2894
9.0409 -2.2183 5.2685
9.0581 -2.2386 5.2485
9.0738 -2.2593 5.2304
9.0882 -2.2803 5.2137
9.1005 -2.3024 5.1995
9.1019 -2.3317 5.1979
9.0991 -2.3640 5.2011
9.0974 -2.3955 5.2030
9.0810 -2.4382 5.2220
9.0605 -2.4845 5.2458
9.0434 -2.5288 5.2656
9.0249 -2.5747 5.2870
7.6905 -1.1037 6.7540
7.7811 -1.1515 6.6512
7.8396 -1.1985 6.5849
7.8904 -1.2442 6.5273
7.9350 -1.2889 6.4766
7.9744 -1.3328 6.4319
8.0072 -1.3763 6.3947
8.0287 -1.4203 6.3704
8.1290 -1.4513 6.2565
8.1833 -1.4871 6.1950
8.2282 -1.5229 6.1440
8.2673 -1.5585 6.0997
8.3035 -1.5935 6.0586
8.3371 -1.6280 6.0206
8.3675 -1.6623 5.9860
8.3944 -1.6965 5.9555
8.4163 -1.7313 5.9307
8.3954 -1.7782 5.9544
8.5110 -1.7828 5.8232
8.5531 -1.8081 5.7755
8.5894 -1.8340 5.7344
8.6881 -1.8362 5.6223
8.7272 -1.8578 5.5780
8.7606 -1.8804 5.5401
8.7909 -1.9033 5.5058
8.8189 -1.9261 5.4740
8.8454 -1.9488 5.4440
8.8701 -1.9714 5.4159
8.8941 -1.9936 5.3887
8.9165 -2.0158 5.3633
8.9374 -2.0381 5.3396
8.9570 -2.0603 5.3173
8.9755 -2.0826 5.2964
8.9925 -2.1051 5.2771
9.0072 -2.1284 5.2604
9.0165 -2.1542 5.2498
9.0025 -2.1938 5.2657
9.0234 -2.2124 5.2420
9.0436 -2.2308 5.2191
9.0625 -2.2494 5.1977
9.0809 -2.2677 5.1768
9.0982 -2.2862 5.1571
9.1090 -2.3087 5.1449
9.0929 -2.3498 5.1632
9.0713 -2.3955 5.1877
9.0546 -2.4381 5.2066
9.0338 -2.4844 5.2302
9.0165 -2.5287 5.2499
8.9957 -2.5763 5.2735
7.6521 -1.1035 6.7205
7.6913 -1.1536 6.6769
7.7164 -1.2034 6.6491
7.8211 -1.2463 6.5327
7.8958 -1.2887 6.4497
7.9509 -1.3309 6.3885
7.9986 -1.3723 6.3354
8.0408 -1.4130 6.2885
8.0797 -1.4529 6.2454
8.1140 -1.4923 6.2072
8.1412 -1.5321 6.1770
8.2146 -1.5616 6.0954
8.2668 -1.5935 6.0374
8.3100 -1.6259 5.9893
8.3489 -1.6580 5.9461
8.3845 -1.6898 5.9066
8.4172 -1.7212 5.8703
8.4472 -1.7525 5.8369
8.4746 -1.7836 5.8065
8.4988 -1.8149 5.7796
8.5186 -1.8469 5.7576
8.4951 -1.8938 5.7837
8.6052 -1.8917 5.6613
8.6430 -1.9142 5.6193
8.6759 -1.9375 5.5828
8.7704 -1.9340 5.4777
8.8069 -1.9528 5.4371
8.8381 -1.9728 5.4025
8.8663 -1.9932 5.3711
8.8928 -2.0136 5.3417
8.9174 -2.0340 5.3144
8.9406 -2.0545 5.2885
8.9628 -2.0747 5.2639
8.9836 -2.0951 5.2408
9.0033 -2.1153 5.2188
9.0222 -2.1355 5.1979
9.0397 -2.1559 5.1785
9.0560 -2.1764 5.1603
9.0709 -2.1973 5.1437
9.0837 -2.2191 5.1296
9.0910 -2.2441 5.1214
9.0786 -2.2820 5.1352
9.0834 -2.3086 5.1299
9.0671 -2.3497 5.1480
9.0458 -2.3948 5.1716
9.0304 -2.4364 5.1887
9.0072 -2.4843 5.2146
8.9896 -2.5286 5.2341
8.9712 -2.5741 5.2545
8.9529 -2.6200 5.2748
7.6229 -1.1030 6.6774
7.6844 -1.1519 6.6104
7.7344 -1.1996 6.5560
7.7764 -1.2464 6.5102
7.8100 -1.2927 6.4736
7.8268 -1.3398 6.4553
7.9243 -1.3764 6.3492
7.9984 -1.4133 6.2684
8.0527 -1.4510 6.2093
8.0992 -1.4883 6.1587
8.1394 -1.5253 6.1149
8.1760 -1.5619 6.0750
8.2074 -1.5984 6.0409
8.2335 -1.6352 6.0124
8.2806 -1.6660 5.9612
8.3422 -1.6916 5.8941
8.3853 -1.7204 5.8471
8.4234 -1.7494 5.8056
8.4579 -1.7783 5.7680
8.4897 -1.8070 5.7335
8.5190 -1.8356 5.7015
8.5460 -1.8640 5.6721
8.5707 -1.8926 5.6452
8.5909 -1.9220 5.6232
8.6094 -1.9516 5.6031
8.6163 -1.9853 5.5956
8.6902 -1.9902 5.5151
8.7249 -2.0101 5.4774
8.7553 -2.0310 5.4442
8.8413 -2.0245 5.3506
8.8786 -2.0393 5.3099
8.9082 -2.0569 5.2777
8.9350 -2.0750 5.2486
8.9596 -2.0934 5.2218
8.9826 -2.1120 5.1967
9.0045 -2.1304 5.1729
9.0252 -2.1490 5.1503
9.0448 -2.1675 5.1290
9.0636 -2.1859 5.1085
9.0812 -2.2045 5.0893
9.0814 -2.2338 5.0891
9.0656 -2.2736 5.1063
9.0578 -2.3084 5.1148
9.0413 -2.3496 5.1328
9.0213 -2.3936 5.1546
9.0041 -2.4363 5.1733
8.9805 -2.4842 5.1990
8.9583 -2.5318 5.2232
8.9441 -2.5739 5.2386
8.9256 -2.6199 5.2587
7.5108 -1.1578 6.7233
7.6895 -1.1997 6.5326
7.7528 -1.2450 6.4651
7.8043 -1.2894 6.4102
7.8480 -1.3331 6.3634
7.8857 -1.3762 6.3232
7.9149 -1.4193 6.2921
7.9257 -1.4643 6.2805
7.9460 -1.5073 6.2588
8.0956 -1.5264 6.0993
8.1481 -1.5600 6.0432
8.1904 -1.5942 5.9981
8.2279 -1.6281 5.9581
8.2616 -1.6619 5.9221
8.2918 -1.6955 5.8899
8.3178 -1.7294 5.8621
8.3376 -1.7642 5.8410
8.4091 -1.7828 5.7647
8.4536 -1.8079 5.7172
8.4913 -1.8339 5.6770
8.5249 -1.8601 5.6411
8.5548 -1.8866 5.6092
8.5815 -1.9135 5.5807
8.6082 -1.9396 5.5523
8.6329 -1.9657 5.5259
8.6556 -1.9918 5.5017
8.6759 -2.0184 5.4800
8.6928 -2.0458 5.4620
8.6997 -2.0775 5.4546
8.7652 -2.0806 5.3847
8.7977 -2.0981 5.3501
8.8262 -2.1168 5.3196
8.9086 -2.1060 5.2316
8.9446 -2.1180 5.1932
8.9725 -2.1335 5.1635
8.9975 -2.1498 5.1368
9.0205 -2.1665 5.1122
9.0423 -2.1833 5.0890
9.0630 -2.2001 5.0670
9.0562 -2.2336 5.0742
9.0401 -2.2735 5.0913
9.0253 -2.3129 5.1071
9.0092 -2.3537 5.1244
8.9952 -2.3935 5.1392
8.9778 -2.4362 5.1578
8.9542 -2.4839 5.1830
8.9361 -2.5282 5.2023
8.9170 -2.5738 5.2227
7.4856 -1.1568 6.6756
7.5212 -1.2072 6.6382
7.5622 -1.2560 6.5954
7.6434 -1.3000 6.5105
7.8117 -1.3326 6.3344
7.8663 -1.3736 6.2774
7.9107 -1.4144 6.2309
7.9498 -1.4547 6.1900
7.9836 -1.4946 6.1547
8.0116 -1.5346 6.1254
8.0258 -1.5764 6.1105
8.0440 -1.6170 6.0915
8.1857 -1.6294 5.9433
8.2323 -1.6603 5.8946
8.2722 -1.6915 5.8528
8.3077 -1.7226 5.8157
8.3397 -1.7537 5.7822
8.3686 -1.7848 5.7520
8.3941 -1.8161 5.7253
8.4156 -1.8479 5.7029
8.4620 -1.8705 5.6543
8.5151 -1.8894 5.5988
8.5491 -1.9138 5.5633
8.5825 -1.9374 5.5283
8.6129 -1.9612 5.4965
8.6410 -1.9851 5.4671
8.6671 -2.0090 5.4398
8.6913 -2.0330 5.4145
8.7138 -2.0570 5.3910
8.7347 -2.0812 5.3691
8.7542 -2.1053 5.3487
8.7703 -2.1307 5.3319
8.7809 -2.1584 5.3208
8.8355 -2.1622 5.2637
8.8657 -2.1778 5.2321
8.8923 -2.1946 5.2042
8.9688 -2.1816 5.1243
9.0047 -2.1904 5.0868
9.0312 -2.2040 5.0590
9.0309 -2.2335 5.0593
9.0146 -2.2733 5.0763
9.0003 -2.3124 5.0913
8.9834 -2.3536 5.1090
8.9691 -2.3934 5.1239
8.9515 -2.4361 5.1424
8.9276 -2.4837 5.1673
8.9094 -2.5280 5.1864
8.8863 -2.5764 5.2105
7.4608 -1.1559 6.6282
7.5212 -1.2045 6.5663
7.5703 -1.2521 6.5159
7.6093 -1.2992 6.4759
7.6372 -1.3463 6.4474
7.6956 -1.3889 6.3875
7.8585 -1.4160 6.2205
7.9183 -1.4535 6.1592
7.9653 -1.4913 6.1110
8.0068 -1.5287 6.0685
8.0436 -1.5657 6.0307
8.0770 -1.6024 5.9965
8.1030 -1.6397 5.9698
8.1184 -1.6787 5.9540
8.1317 -1.7178 5.9404
8.2653 -1.7247 5.8034
8.3093 -1.7526 5.7583
8.3473 -1.7811 5.7194
8.3812 -1.8097 5.6846
8.4117 -1.8383 5.6533
8.4394 -1.8671 5.6250
8.4641 -1.8961 5.5996
8.4818 -1.9269 5.5815
8.4944 -1.9592 5.5686
8.5646 -1.9682 5.4966
8.6048 -1.9875 5.4554
8.6381 -2.0085 5.4212
8.6680 -2.0301 5.3906
8.6954 -2.0519 5.3625
8.7209 -2.0739 5.3363
8.7450 -2.0957 5.3117
8.7672 -2.1178 5.2889
8.7880 -2.1400 5.2676
8.8072 -2.1624 5.2479
8.8246 -2.1852 5.2300
8.8395 -2.2089 5.2148
8.8494 -2.2350 5.2046
8.8999 -2.2370 5.1529
8.9281 -2.2509 5.1240
8.9530 -2.2660 5.0984
8.9760 -2.2816 5.0748
8.9747 -2.3122 5.0761
8.9576 -2.3534 5.0937
8.9390 -2.3961 5.1128
8.9211 -2.4388 5.1311
8.9011 -2.4836 5.1516
8.8826 -2.5278 5.1706
8.8592 -2.5762 5.1946
8.8401 -2.6221 5.2142
7.3456 -1.2121 6.6725
7.5338 -1.2516 6.4834
7.5943 -1.2968 6.4226
7.6436 -1.3413 6.3731
7.6844 -1.3853 6.3320
7.7173 -1.4293 6.2990
7.7362 -1.4742 6.2800
7.8067 -1.5104 6.2091
7.9613 -1.5299 6.0537
8.0153 -1.5639 5.9995
8.0595 -1.5983 5.9550
8.0979 -1.6327 5.9165
8.1316 -1.6671 5.8826
8.1604 -1.7017 5.8536
8.1843 -1.7367 5.8296
8.1969 -1.7742 5.8170
8.2111 -1.8108 5.8027
8.3380 -1.8126 5.6752
8.3803 -1.8378 5.6326
8.4164 -1.8639 5.5964
8.4484 -1.8903 5.5642
8.4767 -1.9171 5.5358
8.5027 -1.9440 5.5097
8.5260 -1.9711 5.4862
8.5463 -1.9989 5.4659
8.5620 -2.0279 5.4500
8.5424 -2.0719 5.4698
8.6554 -2.0567 5.3562
8.6882 -2.0756 5.3233
8.7181 -2.0948 5.2932
8.7452 -2.1146 5.2659
8.7703 -2.1346 5.2407
8.7937 -2.1548 5.2172
8.8158 -2.1750 5.1950
8.8363 -2.1954 5.1744
8.8554 -2.2161 5.1552
8.8731 -2.2370 5.1374
8.8891 -2.2583 5.1213
8.9029 -2.2806 5.1075
8.9123 -2.3053 5.0981
8.9492 -2.3120 5.0610
8.9318 -2.3532 5.0784
8.9130 -2.3959 5.0973
8.8949 -2.4386 5.1155
8.8730 -2.4845 5.1375
8.8544 -2.5287 5.1562
8.8320 -2.5761 5.1787
7.2949 -1.2124 6.6506
7.3373 -1.2626 6.6087
7.4148 -1.3085 6.5324
7.5939 -1.3420 6.3559
7.6595 -1.3834 6.2913
7.7101 -1.4248 6.2414
7.7515 -1.4662 6.2007
7.7861 -1.5073 6.1666
7.8128 -1.5489 6.1402
7.7666 -1.6033 6.1858
7.9083 -1.6213 6.0462
8.0574 -1.6336 5.8992
8.1054 -1.6648 5.8519
8.1453 -1.6966 5.8127
8.1803 -1.7286 5.7781
8.2109 -1.7608 5.7481
8.2374 -1.7932 5.7219
8.2592 -1.8263 5.7004
8.2691 -1.8625 5.6906
8.2844 -1.8967 5.6756
8.4054 -1.8940 5.5564
8.4470 -1.9163 5.5154
8.4805 -1.9405 5.4823
8.5106 -1.9650 5.4527
8.5380 -1.9898 5.4257
8.5629 -2.0147 5.4011
8.5856 -2.0400 5.3788
8.6057 -2.0657 5.3590
8.6226 -2.0923 5.3424
8.6311 -2.1224 5.3340
8.6967 -2.1244 5.2693
8.7346 -2.1384 5.2320
8.7645 -2.1555 5.2025
8.7914 -2.1734 5.1761
8.8161 -2.1916 5.1517
8.8390 -2.2101 5.1292
8.8604 -2.2289 5.1081
8.8806 -2.2477 5.0882
8.8997 -2.2666 5.0693
8.9173 -2.2860 5.0520
8.9336 -2.3055 5.0360
8.9224 -2.3424 5.0470
8.8870 -2.3957 5.0818
8.8687 -2.4384 5.0999
8.8465 -2.4842 5.1217
8.8277 -2.5284 5.1403
8.8070 -2.5745 5.1607
7.2507 -1.2123 6.6222
7.3218 -1.2604 6.5535
7.3747 -1.3081 6.5024
7.4159 -1.3555 6.4626
7.4441 -1.4031 6.4353
7.5548 -1.4394 6.3284
7.7183 -1.4651 6.1704
7.7691 -1.5038 6.1213
7.8111 -1.5424 6.0807
7.8478 -1.5809 6.0453
7.8787 -1.6195 6.0155
7.9029 -1.6586 5.9920
7.9448 -1.6931 5.9516
8.0864 -1.7023 5.8147
8.1458 -1.7284 5.7573
8.1879 -1.7576 5.7167
8.2243 -1.7872 5.6816
8.2559 -1.8171 5.6510
8.2840 -1.8473 5.6238
8.3085 -1.8778 5.6002
8.3282 -1.9093 5.5812
8.3361 -1.9444 5.5735
8.3509 -1.9767 5.5592
8.4711 -1.9683 5.4431
8.5080 -1.9895 5.4074
8.5400 -2.0117 5.3766
8.5687 -2.0344 5.3488
8.5949 -2.0574 5.3235
8.6176 -2.0811 5.3015
8.6396 -2.1047 5.2803
8.6593 -2.1286 5.2613
8.6763 -2.1534 5.2448
8.6895 -2.1796 5.2321
8.6752 -2.2199 5.2459
8.7763 -2.1984 5.1483
8.8072 -2.2129 5.1184
8.8339 -2.2288 5.0926
8.8582 -2.2454 5.0691
8.8807 -2.2624 5.0473
8.9020 -2.2795 5.0268
8.9143 -2.3015 5.0149
8.8970 -2.3421 5.0316
8.8795 -2.3834 5.0486
8.8427 -2.4381 5.0841
8.8201 -2.4840 5.1059
8.8010 -2.5282 5.1244
8.7801 -2.5742 5.1446
8.7602 -2.6201 5.1638
7.2370 -1.2632 6.5648
7.3299 -1.3081 6.4769
7.3974 -1.3530 6.4129
7.4492 -1.3976 6.3638
7.4909 -1.4422 6.3244
7.5221 -1.4870 6.2948
7.6139 -1.5216 6.2078
7.7665 -1.5434 6.0633
7.8222 -1.5785 6.0104
7.8674 -1.6142 5.9677
7.9061 -1.6500 5.9310
7.9391 -1.6859 5.8997
7.9662 -1.7224 5.8741
7.9837 -1.7605 5.8575
8.0391 -1.7880 5.8050
8.1783 -1.7905 5.6731
8.2257 -1.8161 5.6282
8.2639 -1.8432 5.5921
8.2966 -1.8710 5.5610
8.3259 -1.8990 5.5333
8.3549 -1.9264 5.5059
8.3774 -1.9552 5.4845
8.3951 -1.9853 5.4677
8.4010 -2.0195 5.4621
8.4132 -2.0509 5.4506
8.5291 -2.0385 5.3408
8.5648 -2.0576 5.3070
8.5940 -2.0786 5.2793
8.6215 -2.0996 5.2532
8.6467 -2.1210 5.2294
8.6698 -2.1426 5.2075
8.6910 -2.1645 5.1874
8.7104 -2.1869 5.1691
8.7274 -2.2099 5.1529
8.7412 -2.2342 5.1398
8.7482 -2.2619 5.1332
8.8125 -2.2565 5.0723
8.8466 -2.2671 5.0400
8.8735 -2.2811 5.0145
8.8892 -2.3012 4.9997
8.8717 -2.3418 5.0162
8.8349 -2.3954 5.0511
8.8165 -2.4378 5.0685
8.7936 -2.4838 5.0902
8.7696 -2.5312 5.1129
8.7531 -2.5740 5.1285
8.7330 -2.6198 5.1476
7.1606 -1.2122 6.5670
7.2281 -1.2607 6.5044
7.2817 -1.3084 6.4545
7.3194 -1.3563 6.4195
7.3972 -1.3986 6.3472
7.4674 -1.4398 6.2821
7.5188 -1.4816 6.2343
7.5605 -1.5234 6.1955
7.5935 -1.5656 6.1648
7.6630 -1.6002 6.1003
7.8024 -1.6194 5.9708
7.8710 -1.6495 5.9070
7.9189 -1.6822 5.8625
7.9584 -1.7155 5.8259
7.9926 -1.7491 5.7941
8.0214 -1.7832 5.7673
8.0445 -1.8180 5.7458
8.0536 -1.8563 5.7374
8.1225 -1.8761 5.6734
8.2582 -1.8728 5.5473
8.2995 -1.8970 5.5090
8.3366 -1.9216 5.4744
8.3668 -1.9476 5.4464
8.3938 -1.9740 5.4213
8.4178 -2.0007 5.3990
8.4386 -2.0281 5.3797
8.4546 -2.0569 5.3648
8.4590 -2.0903 5.3608
8.4720 -2.1197 5.3487
8.5817 -2.1046 5.2467
8.6165 -2.1217 5.2144
8.6457 -2.1406 5.1873
8.6721 -2.1600 5.1628
8.6963 -2.1799 5.1403
8.7186 -2.2000 5.1196
8.7389 -2.2206 5.1007
8.7576 -2.2416 5.0833
8.7744 -2.2631 5.0677
8.7889 -2.2855 5.0542
8.7994 -2.3098 5.0445
8.7878 -2.3473 5.0552
8.8463 -2.3415 5.0009
8.8090 -2.3951 5.0356
8.7904 -2.4376 5.0528
8.7629 -2.4864 5.0783
8.7434 -2.5306 5.0964
8.7262 -2.5737 5.1124
7.1342 -1.2640 6.5226
7.2480 -1.3075 6.4189
7.3099 -1.3530 6.3625
7.3577 -1.3982 6.3189
7.3947 -1.4435 6.2852
7.4582 -1.4841 6.2274
7.5329 -1.5214 6.1593
7.5831 -1.5606 6.1135
7.6262 -1.5997 6.0742
7.6618 -1.6390 6.0418
7.6870 -1.6795 6.0189
7.7740 -1.7058 5.9396
7.9146 -1.7172 5.8115
7.9659 -1.7468 5.7647
8.0066 -1.7778 5.7276
8.0416 -1.8092 5.6958
8.0715 -1.8410 5.6685
8.0969 -1.8734 5.6453
8.1154 -1.9074 5.6285
8.1415 -1.9383 5.6047
8.2840 -1.9286 5.4749
8.3338 -1.9481 5.4294
8.3699 -1.9712 5.3966
8.4012 -1.9952 5.3681
8.4291 -2.0197 5.3427
8.4541 -2.0446 5.3199
8.4764 -2.0700 5.2996
8.4954 -2.0962 5.2822
8.5091 -2.1243 5.2698
8.4890 -2.1677 5.2880
8.5251 -2.1848 5.2551
8.6323 -2.1659 5.1575
8.6659 -2.1813 5.1269
8.6941 -2.1985 5.1012
8.7194 -2.2166 5.0781
8.7426 -2.2351 5.0570
8.7639 -2.2540 5.0376
8.7836 -2.2733 5.0196
8.8018 -2.2929 5.0030
8.8183 -2.3130 4.9880
8.8037 -2.3519 5.0012
8.7831 -2.3949 5.0201
8.7481 -2.4477 5.0519
8.7366 -2.4861 5.0624
8.7168 -2.5303 5.0804
8.6970 -2.5751 5.0985
7.1239 -1.2616 6.4644
7.1790 -1.3095 6.4152
7.2181 -1.3575 6.3802
7.3233 -1.3973 6.2861
7.3832 -1.4397 6.2326
7.4292 -1.4824 6.1915
7.4653 -1.5253 6.1593
7.4874 -1.5695 6.1395
7.5929 -1.5985 6.0452
7.6459 -1.6345 5.9979
7.6882 -1.6713 5.9600
7.7231 -1.7085 5.9288
7.7500 -1.7467 5.9048
7.8195 -1.7737 5.8426
7.9456 -1.7843 5.7300
8.0086 -1.8086 5.6737
8.0512 -1.8370 5.6356
8.0866 -1.8663 5.6040
8.1175 -1.8961 5.5763
8.1443 -1.9264 5.5524
8.1659 -1.9577 5.5331
8.1798 -1.9911 5.5206
8.2305 -2.0107 5.4753
8.3590 -1.9996 5.3605
8.3995 -2.0194 5.3242
8.4324 -2.0412 5.2948
8.4613 -2.0638 5.2690
8.4874 -2.0869 5.2457
8.5102 -2.1106 5.2253
8.5305 -2.1350 5.2072
8.5479 -2.1601 5.1917
8.5611 -2.1869 5.1799
8.5422 -2.2293 5.1967
8.5765 -2.2449 5.1661
8.6797 -2.2233 5.0739
8.7120 -2.2372 5.0450
8.7393 -2.2530 5.0206
8.7636 -2.2698 4.9989
8.7858 -2.2871 4.9790
8.7968 -2.3105 4.9692
8.7780 -2.3517 4.9859
8.7444 -2.4026 5.0160
8.7340 -2.4398 5.0253
8.7102 -2.4858 5.0466
8.6864 -2.5325 5.0678
8.6701 -2.5748 5.0824
8.6492 -2.6207 5.1011
7.0412 -1.2641 6.4709
7.1419 -1.3089 6.3826
7.2090 -1.3542 6.3238
7.2573 -1.3997 6.2814
7.2932 -1.4454 6.2500
7.3947 -1.4814 6.1610
7.4521 -1.5212 6.1107
7.4951 -1.5617 6.0729
7.5302 -1.6024 6.0422
7.5560 -1.6440 6.0195
7.6498 -1.6712 5.9373
7.7052 -1.7042 5.8888
7.7464 -1.7388 5.8526
7.7805 -1.7741 5.8227
7.8079 -1.8102 5.7987
7.8578 -1.8395 5.7549
7.9174 -1.8648 5.7027
8.0467 -1.8680 5.5893
8.0919 -1.8936 5.5497
8.1284 -1.9207 5.5177
8.1601 -1.9485 5.4899
8.1904 -1.9759 5.4633
8.2143 -2.0049 5.4423
8.2337 -2.0349 5.4254
8.2428 -2.0683 5.4174
8.2993 -2.0825 5.3678
8.4250 -2.0665 5.2576
8.4619 -2.0851 5.2253
8.4913 -2.1061 5.1995
8.5175 -2.1277 5.1765
8.5412 -2.1498 5.1558
8.5625 -2.1724 5.1371
8.5815 -2.1956 5.1205
8.5976 -2.2198 5.1063
8.6096 -2.2456 5.0958
8.5920 -2.2870 5.1112
8.6246 -2.3013 5.0826
8.7241 -2.2772 4.9954
8.7553 -2.2897 4.9680
8.7713 -2.3103 4.9540
8.7524 -2.3515 4.9706
8.7273 -2.3969 4.9926
8.7077 -2.4396 5.0097
8.6679 -2.4958 5.0447
8.6600 -2.5321 5.0516
8.6432 -2.5745 5.0663
7.0340 -1.2615 6.4113
7.0815 -1.3102 6.3704
7.1165 -1.3587 6.3403
7.2252 -1.3985 6.2468
7.2854 -1.4413 6.1950
7.3303 -1.4844 6.1564
7.3636 -1.5280 6.1277
7.4607 -1.5607 6.0443
7.5145 -1.5982 5.9980
7.5573 -1.6364 5.9612
7.5925 -1.6749 5.9309
7.6187 -1.7144 5.9083
7.7063 -1.7394 5.8329
7.7584 -1.7705 5.7882
7.7993 -1.8031 5.7530
7.8336 -1.8363 5.7235
7.8613 -1.8705 5.6997
7.8810 -1.9062 5.6827
7.9586 -1.9238 5.6160
8.0777 -1.9263 5.5135
8.1291 -1.9479 5.4693
8.1696 -1.9719 5.4344
8.2021 -1.9977 5.4065
8.2304 -2.0242 5.3822
8.2552 -2.0513 5.3608
8.2764 -2.0792 5.3426
8.2919 -2.1088 5.3293
8.3179 -2.1336 5.3069
8.4471 -2.1127 5.1958
8.4870 -2.1285 5.1614
8.5180 -2.1474 5.1348
8.5451 -2.1673 5.1114
8.5695 -2.1878 5.0905
8.5916 -2.2088 5.0715
8.6115 -2.2304 5.0543
8.6292 -2.2526 5.0391
8.6443 -2.2757 5.0262
8.6550 -2.3009 5.0170
8.6387 -2.3412 5.0310
8.6698 -2.3543 5.0042
8.6962 -2.3694 4.9815
8.7013 -2.3967 4.9771
8.6815 -2.4394 4.9941
8.6633 -2.4815 5.0098
8.6425 -2.5259 5.0277
6.9326 -1.2652 6.4323
7.0500 -1.3091 6.3333
7.1125 -1.3550 6.2805
7.1584 -1.4010 6.2417
7.1911 -1.4473 6.2141
7.3017 -1.4827 6.1209
7.3570 -1.5230 6.0742
7.3978 -1.5642 6.0398
7.4281 -1.6061 6.0142
7.5195 -1.6361 5.9371
7.5744 -1.6708 5.8907
7.6179 -1.7065 5.8540
7.6535 -1.7427 5.8240
7.6802 -1.7802 5.8015
7.7557 -1.8048 5.7377
7.8085 -1.8334 5.6932
7.8494 -1.8639 5.6587
7.8831 -1.8953 5.6302
7.9116 -1.9275 5.6062
7.9332 -1.9611 5.5880
7.9959 -1.9807 5.5350
8.0418 -2.0043 5.4963
8.1643 -1.9998 5.3929
8.2051 -2.0219 5.3585
8.2383 -2.0458 5.3305
8.2674 -2.0705 5.3059
8.2930 -2.0958 5.2843
8.3150 -2.1220 5.2658
8.3333 -2.1492 5.2503
8.3450 -2.1788 5.2405
8.3837 -2.1958 5.2077
8.5077 -2.1717 5.1031
8.5419 -2.1877 5.0743
8.5704 -2.2057 5.0502
8.5956 -2.2246 5.0289
8.6183 -2.2441 5.0098
8.6390 -2.2642 4.9924
8.6576 -2.2848 4.9766
8.6741 -2.3061 4.9627
8.6882 -2.3284 4.9508
8.6896 -2.3578 4.9497
8.6753 -2.3965 4.9617
8.6553 -2.4392 4.9786
8.6369 -2.4813 4.9941
8.6159 -2.5256 5.0118
8.5885 -2.5746 5.0349
6.9385 -1.2618 6.3627
6.9850 -1.3107 6.3243
7.0140 -1.3599 6.3002
7.1331 -1.3991 6.2017
7.1893 -1.4425 6.1551
7.2315 -1.4863 6.1202
7.2611 -1.5308 6.0957
7.3732 -1.5617 6.0028
7.4220 -1.6004 5.9625
7.4603 -1.6397 5.9308
7.4896 -1.6797 5.9064
7.5796 -1.7065 5.8320
7.6334 -1.7388 5.7874
7.6748 -1.7727 5.7531
7.7085 -1.8074 5.7252
7.7347 -1.8431 5.7035
7.8006 -1.8674 5.6489
7.8556 -1.8931 5.6034
7.8961 -1.9217 5.5699
7.9300 -1.9513 5.5418
7.9583 -1.9818 5.5184
7.9812 -2.0134 5.4994
8.0274 -2.0363 5.4612
8.0823 -2.0549 5.4158
8.1921 -2.0514 5.3248
8.2375 -2.0701 5.2872
8.2722 -2.0919 5.2585
8.3017 -2.1149 5.2340
8.3277 -2.1387 5.2126
8.3511 -2.1629 5.1932
8.3707 -2.1883 5.1770
8.3859 -2.2152 5.1644
8.3916 -2.2462 5.1596
8.5122 -2.2207 5.0598
8.5627 -2.2275 5.0180
8.5933 -2.2431 4.9926
8.6196 -2.2603 4.9709
8.6430 -2.2783 4.9515
8.6642 -2.2970 4.9340
8.6835 -2.3162 4.9180
8.6635 -2.3577 4.9345
8.6432 -2.4000 4.9513
8.6294 -2.4388 4.9628
8.6106 -2.4810 4.9783
8.5894 -2.5254 4.9959
8.5616 -2.5744 5.0189
8.5399 -2.6202 5.0368
6.8685 -1.2634 6.3565
6.9687 -1.3085 6.2751
7.0239 -1.3551 6.2302
7.0629 -1.4019 6.1986
7.0818 -1.4500 6.1832
7.2103 -1.4836 6.0788
7.2616 -1.5248 6.0371
7.3013 -1.5665 6.0049
7.3641 -1.6033 5.9538
7.4360 -1.6369 5.8954
7.4836 -1.6733 5.8568
7.5209 -1.7106 5.8265
7.5509 -1.7486 5.8021
7.6362 -1.7730 5.7328
7.6878 -1.8035 5.6908
7.7279 -1.8355 5.6583
7.7605 -1.8686 5.6319
7.7864 -1.9027 5.6108
7.8405 -1.9279 5.5669
7.8998 -1.9500 5.5186
7.9404 -1.9767 5.4856
7.9741 -2.0046 5.4583
8.0026 -2.0334 5.4351
8.0243 -2.0639 5.4175
8.0387 -2.0966 5.4058
8.1161 -2.1048 5.3429
8.1546 -2.1264 5.3117
8.2668 -2.1168 5.2205
8.3033 -2.1364 5.1908
8.3347 -2.1572 5.1653
8.3611 -2.1795 5.1439
8.3845 -2.2024 5.1249
8.4049 -2.2262 5.1083
8.4220 -2.2510 5.0944
8.4347 -2.2776 5.0841
8.4545 -2.3003 5.0680
8.5786 -2.2678 4.9671
8.6136 -2.2800 4.9388
8.6411 -2.2953 4.9164
8.6576 -2.3162 4.9029
8.6375 -2.3577 4.9193
8.6163 -2.4003 4.9365
8.6097 -2.4347 4.9419
8.5884 -2.4783 4.9592
8.5521 -2.5318 4.9887
8.5347 -2.5742 5.0028
6.8455 -1.2620 6.3120
6.8881 -1.3112 6.2780
6.9825 -1.3548 6.2028
7.0531 -1.3985 6.1465
7.1009 -1.4429 6.1084
7.1338 -1.4880 6.0822
7.2150 -1.5256 6.0174
7.2831 -1.5631 5.9631
7.3309 -1.6022 5.9250
7.3669 -1.6422 5.8964
7.4335 -1.6755 5.8433
7.4985 -1.7074 5.7914
7.5437 -1.7419 5.7554
7.5795 -1.7774 5.7268
7.6068 -1.8141 5.7051
7.6895 -1.8361 5.6391
7.7394 -1.8647 5.5994
7.7782 -1.8951 5.5684
7.8097 -1.9266 5.5433
7.8354 -1.9592 5.5229
7.8529 -1.9936 5.5089
7.9418 -2.0042 5.4380
7.9826 -2.0289 5.4055
8.0159 -2.0553 5.3790
8.0435 -2.0828 5.3569
8.0663 -2.1115 5.3388
8.0831 -2.1420 5.3254
8.1470 -2.1531 5.2745
8.1874 -2.1722 5.2422
8.2950 -2.1616 5.1564
8.3337 -2.1787 5.1256
8.3648 -2.1982 5.1008
8.3915 -2.2190 5.0795
8.4152 -2.2406 5.0606
8.4363 -2.2628 5.0438
8.4547 -2.2859 5.0291
8.4699 -2.3102 5.0170
8.4790 -2.3373 5.0097
8.5113 -2.3517 4.9840
8.6302 -2.3170 4.8892
8.6114 -2.3576 4.9042
8.5977 -2.3958 4.9152
8.5836 -2.4345 4.9263
8.5622 -2.4780 4.9434
8.5348 -2.5257 4.9653
8.5078 -2.5740 4.9868
6.7965 -1.1571 6.2885
6.8359 -1.2077 6.2578
6.8444 -1.2592 6.2510
6.8766 -1.3087 6.2259
6.9270 -1.3558 6.1864
6.9611 -1.4033 6.1597
7.0724 -1.4413 6.0727
7.1303 -1.4831 6.0274
7.1720 -1.5258 5.9948
7.1986 -1.5696 5.9740
7.2938 -1.6017 5.8995
7.3539 -1.6375 5.8525
7.3959 -1.6752 5.8196
7.4279 -1.7138 5.7946
7.4963 -1.7439 5.7410
7.5577 -1.7739 5.6930
7.6002 -1.8069 5.6598
7.6339 -1.8409 5.6334
7.6596 -1.8763 5.6133
7.7401 -1.8959 5.5503
7.7883 -1.9227 5.5126
7.8257 -1.9517 5.4833
7.8565 -1.9817 5.4593
7.8818 -2.0128 5.4394
7.8999 -2.0457 5.4253
7.9844 -2.0549 5.3592
8.0234 -2.0784 5.3287
8.0555 -2.1036 5.3036
8.0831 -2.1297 5.2820
8.1063 -2.1568 5.2638
8.1244 -2.1855 5.2496
8.1733 -2.2007 5.2114
8.2201 -2.2156 5.1748
8.3129 -2.2086 5.1022
8.3603 -2.2202 5.0651
8.3924 -2.2380 5.0400
8.4199 -2.2572 5.0185
8.4441 -2.2773 4.9995
8.4658 -2.2981 4.9826
8.4850 -2.3197 4.9676
8.5015 -2.3423 4.9547
8.5141 -2.3666 4.9448
8.5188 -2.3950 4.9411
8.5620 -2.4012 4.9073
8.5576 -2.4342 4.9108
8.5300 -2.4813 4.9324
8.5080 -2.5257 4.9496
6.7609 -1.1567 6.2547
6.8325 -1.2056 6.1997
6.8796 -1.2542 6.1636
6.9107 -1.3029 6.1397
6.8981 -1.3545 6.1493
6.9597 -1.3991 6.1021
7.0024 -1.4443 6.0693
7.0289 -1.4905 6.0489
7.1521 -1.5228 5.9543
7.2018 -1.5631 5.9162
7.2367 -1.6044 5.8894
7.2578 -1.6473 5.8732
7.3660 -1.6735 5.7901
7.4171 -1.7083 5.7509
7.4546 -1.7447 5.7220
7.4832 -1.7822 5.7001
7.5597 -1.8077 5.6414
7.6140 -1.8368 5.5997
7.6537 -1.8684 5.5692
7.6855 -1.9011 5.5448
7.7097 -1.9352 5.5262
7.7881 -1.9526 5.4660
7.8348 -1.9779 5.4302
7.8709 -2.0054 5.4024
7.9009 -2.0341 5.3794
7.9281 -2.0630 5.3585
7.9458 -2.0947 5.3449
8.0218 -2.1042 5.2866
8.0610 -2.1260 5.2565
8.0932 -2.1496 5.2317
8.1205 -2.1744 5.2108
8.1440 -2.2002 5.1928
8.1630 -2.2272 5.1782
8.1737 -2.2576 5.1699
8.2487 -2.2582 5.1124
8.2824 -2.2764 5.0865
8.3840 -2.2610 5.0085
8.4182 -2.2764 4.9822
8.4466 -2.2939 4.9604
8.4712 -2.3127 4.9415
8.4932 -2.3323 4.9246
8.5129 -2.3526 4.9095
8.5302 -2.3737 4.8962
8.5318 -2.4034 4.8950
8.5102 -2.4464 4.9116
8.5034 -2.4812 4.9168
8.4811 -2.5256 4.9339
8.4492 -2.5764 4.9584
6.6935 -1.1575 6.2451
6.7288 -1.2085 6.2184
6.8599 -1.2527 6.1197
6.9176 -1.2992 6.0762
6.9562 -1.3458 6.0471
6.9735 -1.3936 6.0341
6.9849 -1.4416 6.0255
7.0360 -1.4844 5.9869
7.0718 -1.5281 5.9600
7.1633 -1.5627 5.8911
7.2233 -1.6001 5.8458
7.2652 -1.6392 5.8142
7.2966 -1.6791 5.7906
7.3124 -1.7213 5.7787
7.4310 -1.7418 5.6894
7.4760 -1.7755 5.6554
7.5109 -1.8105 5.6291
7.5371 -1.8468 5.6093
7.6174 -1.8685 5.5489
7.6673 -1.8965 5.5113
7.7045 -1.9268 5.4832
7.7344 -1.9583 5.4607
7.7573 -1.9912 5.4435
7.8337 -2.0066 5.3858
7.8791 -2.0304 5.3516
7.9172 -2.0555 5.3230
7.9459 -2.0830 5.3013
7.9699 -2.1116 5.2833
7.9877 -2.1419 5.2699
8.0571 -2.1516 5.2175
8.0968 -2.1715 5.1876
8.1288 -2.1938 5.1635
8.1550 -2.2177 5.1438
8.1782 -2.2423 5.1263
8.1978 -2.2679 5.1115
8.2119 -2.2956 5.1009
8.2752 -2.2995 5.0532
8.3102 -2.3157 5.0268
8.4022 -2.3025 4.9575
8.4421 -2.3138 4.9274
8.4712 -2.3298 4.9055
8.4964 -2.3471 4.8865
8.5189 -2.3654 4.8696
8.5057 -2.4032 4.8795
8.4839 -2.4462 4.8959
8.4768 -2.4812 4.9013
8.4543 -2.5255 4.9182
8.4221 -2.5763 4.9425
8.3991 -2.6222 4.9598
6.6653 -1.1569 6.2059
6.7330 -1.2061 6.1558
6.7765 -1.2551 6.1236
6.8790 -1.2988 6.0478
6.9490 -1.3428 5.9960
6.9950 -1.3874 5.9620
7.0243 -1.4326 5.9403
7.0004 -1.4837 5.9580
7.0629 -1.5238 5.9118
7.1059 -1.5652 5.8800
7.1368 -1.6074 5.8571
7.2367 -1.6373 5.7833
7.2887 -1.6734 5.7448
7.3270 -1.7109 5.7165
7.3552 -1.7496 5.6956
7.4317 -1.7770 5.6390
7.4909 -1.8066 5.5953
7.5321 -1.8391 5.5648
7.5643 -1.8729 5.5409
7.5884 -1.9081 5.5231
7.6720 -1.9261 5.4613
7.7175 -1.9532 5.4276
7.7528 -1.9822 5.4016
7.7810 -2.0127 5.3807
7.8026 -2.0446 5.3647
7.8822 -2.0563 5.3059
7.9247 -2.0791 5.2744
7.9581 -2.1042 5.2497
7.9862 -2.1305 5.2289
8.0095 -2.1579 5.2117
8.0276 -2.1869 5.1983
8.0907 -2.1969 5.1517
8.1300 -2.2155 5.1226
8.1615 -2.2365 5.0993
8.1887 -2.2587 5.0792
8.2122 -2.2819 5.0618
8.2319 -2.3064 5.0472
8.2475 -2.3323 5.0357
8.2990 -2.3401 4.9976
8.3368 -2.3536 4.9697
8.3657 -2.3707 4.9482
8.4632 -2.3507 4.8762
8.4943 -2.3645 4.8531
8.4796 -2.4030 4.8640
8.4576 -2.4460 4.8803
8.4472 -2.4828 4.8880
8.4167 -2.5318 4.9105
8.3950 -2.5762 4.9266
6.6776 -1.1031 6.1377
6.6986 -1.1541 6.1224
6.6782 -1.2066 6.1373
6.7692 -1.2529 6.0712
6.8168 -1.3002 6.0366
6.8463 -1.3478 6.0152
6.9749 -1.3853 5.9219
7.0281 -1.4277 5.8833
7.0648 -1.4709 5.8566
7.0839 -1.5155 5.8427
7.0819 -1.5627 5.8442
7.1345 -1.6015 5.8060
7.1735 -1.6413 5.7777
7.2254 -1.6778 5.7400
7.3048 -1.7078 5.6824
7.3503 -1.7428 5.6493
7.3853 -1.7790 5.6240
7.4097 -1.8167 5.6062
7.4952 -1.8392 5.5442
7.5468 -1.8682 5.5067
7.5850 -1.8996 5.4790
7.6151 -1.9322 5.4572
7.6371 -1.9664 5.4412
7.7229 -1.9810 5.3789
7.7651 -2.0071 5.3482
7.7986 -2.0350 5.3239
7.8285 -2.0633 5.3022
7.8495 -2.0940 5.2870
7.9236 -2.1051 5.2332
7.9647 -2.1267 5.2033
7.9972 -2.1507 5.1798
8.0246 -2.1758 5.1599
8.0474 -2.2021 5.1433
8.0657 -2.2298 5.1301
8.1207 -2.2413 5.0901
8.1620 -2.2574 5.0601
8.1939 -2.2770 5.0370
8.2207 -2.2980 5.0175
8.2442 -2.3201 5.0005
8.2645 -2.3431 4.9857
8.2806 -2.3678 4.9741
8.3143 -2.3830 4.9496
8.3609 -2.3906 4.9157
8.3913 -2.4058 4.8937
8.4535 -2.4028 4.8485
8.4392 -2.4413 4.8589
8.4205 -2.4828 4.8725
8.3978 -2.5270 4.8890
8.3679 -2.5761 4.9107
6.6649 -1.1023 6.0889
6.7155 -1.1519 6.0529
6.7480 -1.2012 6.0297
6.7389 -1.2521 6.0361
6.7977 -1.2984 5.9943
6.8529 -1.3437 5.9550
6.8898 -1.3894 5.9287
6.9921 -1.4272 5.8558
7.0574 -1.4670 5.8093
7.0998 -1.5082 5.7790
7.1264 -1.5506 5.7601
7.0885 -1.6024 5.7871
7.1575 -1.6373 5.7379
7.2023 -1.6749 5.7060
7.2347 -1.7138 5.6829
7.3082 -1.7436 5.6305
7.3681 -1.7746 5.5879
7.4091 -1.8085 5.5586
7.4401 -1.8437 5.5366
7.4603 -1.8809 5.5222
7.5535 -1.8985 5.4557
7.5997 -1.9268 5.4229
7.6349 -1.9571 5.3977
7.6630 -1.9887 5.3777
7.6833 -2.0220 5.3633
7.7710 -2.0332 5.3008
7.8133 -2.0575 5.2706
7.8452 -2.0843 5.2479
7.8708 -2.1126 5.2297
7.8906 -2.1424 5.2156
7.9631 -2.1518 5.1639
8.0030 -2.1721 5.1354
8.0344 -2.1950 5.1131
8.0612 -2.2191 5.0940
8.0830 -2.2446 5.0784
8.1008 -2.2714 5.0658
8.1500 -2.2836 5.0307
8.1927 -2.2976 5.0003
8.2247 -2.3158 4.9775
8.2515 -2.3356 4.9584
8.2747 -2.3566 4.9418
8.2949 -2.3786 4.9274
8.3120 -2.4018 4.9153
8.3241 -2.4272 4.9067
8.3835 -2.4266 4.8643
8.4150 -2.4400 4.8419
8.3938 -2.4827 4.8570
8.3149 -2.5595 4.9132
6.6874 -1.1513 6.0163
6.7488 -1.1991 5.9734
6.7874 -1.2467 5.9464
6.8049 -1.2949 5.9342
6.8194 -1.3429 5.9240
6.8846 -1.3859 5.8784
6.9272 -1.4297 5.8486
6.9531 -1.4745 5.8305
7.0807 -1.5055 5.7413
7.1288 -1.5447 5.7076
7.1613 -1.5852 5.6849
7.1784 -1.6274 5.6729
7.1715 -1.6735 5.6777
7.2257 -1.7082 5.6398
7.2652 -1.7446 5.6122
7.2915 -1.7829 5.5938
7.3780 -1.8072 5.5333
7.4277 -1.8380 5.4986
7.4642 -1.8709 5.4731
7.4915 -1.9054 5.4539
7.5078 -1.9422 5.4425
7.6079 -1.9549 5.3725
7.6499 -1.9824 5.3431
7.6825 -2.0118 5.3204
7.7084 -2.0425 5.3022
7.7589 -2.0646 5.2669
7.8191 -2.0821 5.2248
7.8564 -2.1063 5.1987
7.8865 -2.1323 5.1776
7.9111 -2.1596 5.1605
7.9298 -2.1886 5.1474
8.0008 -2.1963 5.0977
8.0401 -2.2153 5.0702
8.0703 -2.2373 5.0491
8.0961 -2.2605 5.0310
8.1176 -2.2850 5.0160
8.1352 -2.3108 5.0037
8.1746 -2.3259 4.9761
8.2222 -2.3361 4.9429
8.2538 -2.3532 4.9207
8.2807 -2.3718 4.9019
8.3040 -2.3917 4.8857
8.3242 -2.4127 4.8715
8.3414 -2.4348 4.8595
8.3551 -2.4584 4.8499
8.3672 -2.4827 4.8415
8.3207 -2.5403 4.8740
8.3094 -2.5784 4.8819
6.4711 -1.1047 6.1094
6.5169 -1.1557 6.0780
6.7000 -1.1993 5.9523
6.7782 -1.2448 5.8986
6.8223 -1.2907 5.8683
6.8490 -1.3371 5.8500
6.6489 -1.4039 5.9874
6.9119 -1.4270 5.8068
6.9591 -1.4690 5.7744
6.9923 -1.5117 5.7516
7.0988 -1.5434 5.6785
7.1545 -1.5803 5.6403
7.1929 -1.6187 5.6139
7.2174 -1.6587 5.5971
7.2167 -1.7028 5.5976
7.2450 -1.7411 5.5781
7.2890 -1.7756 5.5479
7.3216 -1.8115 5.5255
7.3430 -1.8493 5.5108
7.4402 -1.8680 5.4441
7.4831 -1.8984 5.4147
7.5157 -1.9306 5.3922
7.5398 -1.9643 5.3757
7.5995 -1.9872 5.3347
7.6585 -2.0089 5.2942
7.6971 -2.0356 5.2677
7.7247 -2.0650 5.2488
7.7484 -2.0950 5.2325
7.8120 -2.1107 5.1888
7.8627 -2.1295 5.1540
7.8976 -2.1529 5.1301
7.9261 -2.1781 5.1105
7.9495 -2.2045 5.0944
7.9673 -2.2327 5.0822
8.0383 -2.2382 5.0334
8.0751 -2.2568 5.0082
8.1044 -2.2779 4.9881
8.1296 -2.3001 4.9708
8.1507 -2.3236 4.9562
8.1681 -2.3485 4.9444
8.1798 -2.3756 4.9363
8.2497 -2.3735 4.8883
8.2818 -2.3890 4.8663
8.3085 -2.4067 4.8479
8.3317 -2.4255 4.8320
8.3522 -2.4454 4.8179
8.3379 -2.4841 4.8277
8.3145 -2.5283 4.8438
8.2824 -2.5782 4.8658
6.4743 -1.1036 6.0503
6.5143 -1.1543 6.0234
6.5198 -1.2056 6.0196
6.6348 -1.2505 5.9421
6.8034 -1.2891 5.8285
6.8537 -1.3334 5.7946
6.8866 -1.3780 5.7724
6.8971 -1.4242 5.7653
6.9319 -1.4674 5.7418
6.9882 -1.5071 5.7039
7.0275 -1.5478 5.6774
7.1016 -1.5824 5.6275
7.1760 -1.6153 5.5773
7.2177 -1.6521 5.5492
7.2493 -1.6898 5.5279
7.2673 -1.7294 5.5158
7.2552 -1.7748 5.5240
7.3082 -1.8063 5.4883
7.3461 -1.8401 5.4627
7.3740 -1.8754 5.4439
7.4426 -1.8997 5.3977
7.4973 -1.9262 5.3608
7.5353 -1.9560 5.3352
7.5645 -1.9874 5.3155
7.5853 -2.0207 5.3015
7.6572 -2.0377 5.2530
7.7037 -2.0611 5.2217
7.7389 -2.0873 5.1979
7.7674 -2.1150 5.1788
7.7899 -2.1441 5.1636
7.8585 -2.1558 5.1173
7.9036 -2.1748 5.0869
7.9369 -2.1974 5.0645
7.9638 -2.2218 5.0464
7.9867 -2.2473 5.0309
8.0031 -2.2749 5.0199
8.0728 -2.2789 4.9729
8.1086 -2.2966 4.9488
8.1371 -2.3167 4.9296
8.1616 -2.3381 4.9131
8.1825 -2.3607 4.8990
8.1995 -2.3846 4.8875
8.2120 -2.4105 4.8791
8.2759 -2.4095 4.8360
8.3087 -2.4235 4.8139
8.3345 -2.4405 4.7965
8.3113 -2.4840 4.8121
8.2877 -2.5282 4.8280
8.2554 -2.5779 4.8498
6.5108 -1.1529 5.9703
6.5530 -1.2021 5.9423
6.5690 -1.2518 5.9318
6.6678 -1.2955 5.8664
6.8232 -1.3325 5.7636
6.8817 -1.3747 5.7249
6.9200 -1.4177 5.6995
6.9404 -1.4618 5.6860
6.9403 -1.5081 5.6861
7.0128 -1.5444 5.6381
7.0577 -1.5832 5.6085
7.0890 -1.6231 5.5877
7.1893 -1.6505 5.5214
7.2410 -1.6845 5.4872
7.2776 -1.7202 5.4629
7.3027 -1.7575 5.4463
7.3088 -1.7982 5.4423
7.3224 -1.8372 5.4333
7.3664 -1.8686 5.4042
7.3994 -1.9017 5.3824
7.4228 -1.9365 5.3668
7.5044 -1.9550 5.3128
7.5500 -1.9818 5.2827
7.5840 -2.0110 5.2602
7.6102 -2.0419 5.2429
7.6288 -2.0745 5.2305
7.7059 -2.0875 5.1795
7.7489 -2.1103 5.1511
7.7818 -2.1357 5.1293
7.8082 -2.1627 5.1118
7.8293 -2.1912 5.0979
7.9016 -2.1993 5.0500
7.9442 -2.2176 5.0218
7.9752 -2.2397 5.0013
8.0007 -2.2634 4.9845
8.0218 -2.2884 4.9705
8.0375 -2.3154 4.9602
8.1059 -2.3179 4.9149
8.1406 -2.3347 4.8919
8.1684 -2.3540 4.8736
8.1923 -2.3745 4.8577
8.2129 -2.3962 4.8441
8.2297 -2.4193 4.8330
8.2425 -2.4441 4.8245
8.3012 -2.4441 4.7857
8.2847 -2.4838 4.7965
8.2185 -2.5517 4.8404
8.2206 -2.5822 4.8390
6.3288 -1.1575 6.0342
6.5465 -1.2004 5.8928
6.5927 -1.2480 5.8627
6.6142 -1.2963 5.8488
6.6975 -1.3391 5.7947
6.8300 -1.3757 5.7086
6.9076 -1.4149 5.6582
6.9491 -1.4564 5.6313
6.9745 -1.4989 5.6148
6.9707 -1.5448 5.6172
7.0326 -1.5812 5.5771
7.0840 -1.6178 5.5437
7.1226 -1.6554 5.5186
7.1936 -1.6863 5.4725
7.2603 -1.7165 5.4291
7.3021 -1.7502 5.4020
7.3323 -1.7854 5.3824
7.3504 -1.8227 5.3706
7.3276 -1.8692 5.3854
7.3823 -1.8971 5.3499
7.4204 -1.9280 5.3252
7.4490 -1.9606 5.3065
7.4682 -1.9953 5.2941
7.5598 -2.0082 5.2346
7.5995 -2.0350 5.2088
7.6326 -2.0629 5.1873
7.6567 -2.0929 5.1717
7.6724 -2.1253 5.1614
7.7525 -2.1349 5.1094
7.7917 -2.1573 5.0840
7.8225 -2.1821 5.0640
7.8473 -2.2084 5.0478
7.8668 -2.2363 5.0352
7.9444 -2.2401 4.9848
7.9816 -2.2590 4.9606
8.0109 -2.2805 4.9416
8.0353 -2.3035 4.9257
8.0553 -2.3279 4.9127
8.0704 -2.3541 4.9029
8.1376 -2.3553 4.8593
8.1714 -2.3712 4.8373
8.1984 -2.3897 4.8198
8.2217 -2.4095 4.8046
8.2419 -2.4304 4.7915
8.2587 -2.4526 4.7806
8.2577 -2.4840 4.7812
8.2170 -2.5374 4.8077
8.1999 -2.5784 4.8188
6.3624 -1.2067 5.9574
6.5808 -1.2463 5.8181
6.6301 -1.2923 5.7866
6.6559 -1.3391 5.7702
6.7241 -1.3815 5.7267
6.7851 -1.4232 5.6878
6.9288 -1.4542 5.5962
6.9748 -1.4940 5.5668
7.0050 -1.5349 5.5475
7.0184 -1.5776 5.5390
7.0437 -1.6181 5.5229
7.1093 -1.6513 5.4810
7.1501 -1.6875 5.4550
7.1783 -1.7251 5.4370
7.2749 -1.7484 5.3754
7.3230 -1.7798 5.3447
7.3576 -1.8131 5.3227
7.3821 -1.8481 5.3071
7.3912 -1.8862 5.3013
7.3925 -1.9262 5.3005
7.4371 -1.9545 5.2720
7.4703 -1.9850 5.2508
7.4951 -2.0173 5.2350
7.5605 -2.0367 5.1933
7.6113 -2.0592 5.1609
7.6477 -2.0853 5.1377
7.6762 -2.1132 5.1196
7.6979 -2.1428 5.1057
7.7102 -2.1752 5.0978
7.7968 -2.1801 5.0427
7.8325 -2.2023 5.0198
7.8612 -2.2265 5.0016
7.8842 -2.2523 4.9869
7.9027 -2.2794 4.9751
7.9826 -2.2801 4.9241
8.0174 -2.2987 4.9019
8.0450 -2.3196 4.8843
8.0684 -2.3419 4.8694
8.0875 -2.3657 4.8572
8.1020 -2.3913 4.8480
8.1680 -2.3912 4.8059
8.2008 -2.4063 4.7850
8.2272 -2.4240 4.7682
8.2500 -2.4431 4.7537
8.2310 -2.4839 4.7657
8.2067 -2.5282 4.7813
8.1728 -2.5783 4.8029
6.3821 -1.2549 5.8910
6.6134 -1.2906 5.7462
6.6656 -1.3351 5.7135
6.6950 -1.3805 5.6951
6.7459 -1.4230 5.6633
6.8153 -1.4624 5.6198
6.9459 -1.4928 5.5380
6.9987 -1.5306 5.5050
7.0338 -1.5698 5.4830
7.0541 -1.6106 5.4703
6.8920 -1.6811 5.5718
7.1283 -1.6847 5.4238
7.1745 -1.7189 5.3950
7.2071 -1.7547 5.3746
7.2801 -1.7813 5.3288
7.3405 -1.8091 5.2910
7.3797 -1.8405 5.2665
7.4085 -1.8735 5.2485
7.4269 -1.9086 5.2369
7.3913 -1.9575 5.2592
7.4498 -1.9813 5.2226
7.4880 -2.0096 5.1987
7.5173 -2.0397 5.1803
7.5376 -2.0719 5.1676
7.6154 -2.0853 5.1189
7.6591 -2.1082 5.0916
7.6919 -2.1339 5.0711
7.7175 -2.1614 5.0550
7.7365 -2.1908 5.0431
7.7900 -2.2068 5.0096
7.8380 -2.2237 4.9795
7.8704 -2.2458 4.9593
7.8975 -2.2693 4.9423
7.9201 -2.2941 4.9282
7.9371 -2.3208 4.9175
8.0186 -2.3187 4.8665
8.0514 -2.3368 4.8459
8.0778 -2.3571 4.8294
8.1002 -2.3788 4.8154
8.1184 -2.4020 4.8040
8.1323 -2.4270 4.7953
8.1972 -2.4257 4.7547
8.2285 -2.4404 4.7351
8.2043 -2.4839 4.7502
8.1680 -2.5345 4.7730
8.1457 -2.5781 4.7869
6.6432 -1.3336 5.6778
6.6993 -1.3765 5.6434
6.7322 -1.4203 5.6231
6.7393 -1.4663 5.6187
6.8421 -1.5006 5.5556
6.9560 -1.5312 5.4856
7.0204 -1.5664 5.4460
7.0575 -1.6043 5.4232
7.0840 -1.6431 5.4069
7.0934 -1.6844 5.4011
7.1422 -1.7181 5.3711
7.1959 -1.7498 5.3381
7.2325 -1.7838 5.3156
7.2580 -1.8195 5.2999
7.3537 -1.8385 5.2411
7.3987 -1.8676 5.2135
7.4313 -1.8988 5.1934
7.4550 -1.9317 5.1789
7.4658 -1.9676 5.1722
7.4569 -2.0088 5.1777
7.5022 -2.0343 5.1499
7.5352 -2.0624 5.1295
7.5597 -2.0926 5.1145
7.5750 -2.1253 5.1051
7.6656 -2.1321 5.0494
7.7038 -2.1552 5.0259
7.7332 -2.1807 5.0079
7.7566 -2.2078 4.9935
7.7734 -2.2369 4.9832
7.8330 -2.2487 4.9465
7.8758 -2.2661 4.9202
7.9073 -2.2872 4.9009
7.9330 -2.3101 4.8851
7.9541 -2.3344 4.8721
8.0082 -2.3435 4.8388
8.0531 -2.3556 4.8113
8.0839 -2.3734 4.7923
8.1092 -2.3931 4.7767
8.1307 -2.4142 4.7635
8.1481 -2.4369 4.7529
8.1614 -2.4613 4.7447
8.1776 -2.4838 4.7347
8.0952 -2.5590 4.7854
6.6708 -1.3754 5.6123
6.7315 -1.4165 5.5757
6.7677 -1.4589 5.5539
6.7814 -1.5032 5.5456
6.8668 -1.5378 5.4941
6.9112 -1.5764 5.4673
7.0357 -1.6019 5.3922
7.0807 -1.6376 5.3650
7.1112 -1.6748 5.3466
7.1286 -1.7138 5.3361
6.9779 -1.7853 5.4270
7.2141 -1.7802 5.2845
7.2551 -1.8124 5.2598
7.2847 -1.8463 5.2419
7.3597 -1.8687 5.1966
7.4145 -1.8946 5.1636
7.4513 -1.9239 5.1414
7.4788 -1.9550 5.1248
7.4971 -1.9880 5.1137
7.4975 -2.0259 5.1135
7.5142 -2.0588 5.1034
7.5510 -2.0851 5.0812
7.5794 -2.1133 5.0641
7.6005 -2.1433 5.0514
7.6617 -2.1590 5.0144
7.7117 -2.1773 4.9843
7.7457 -2.2004 4.9637
7.7728 -2.2255 4.9474
7.7946 -2.2519 4.9342
7.8083 -2.2812 4.9259
7.8750 -2.2884 4.8857
7.9134 -2.3060 4.8625
7.9426 -2.3269 4.8449
7.9670 -2.3492 4.8302
7.9867 -2.3731 4.8183
8.0459 -2.3782 4.7826
8.0861 -2.3911 4.7583
8.1152 -2.4085 4.7408
8.1394 -2.4277 4.7261
8.1599 -2.4483 4.7138
8.1497 -2.4844 4.7199
8.1250 -2.5285 4.7349
8.0941 -2.5765 4.7535
6.6928 -1.4163 5.5517
6.7637 -1.4550 5.5097
6.8019 -1.4961 5.4871
6.8195 -1.5389 5.4767
6.8908 -1.5739 5.4344
6.9389 -1.6108 5.4059
7.0496 -1.6367 5.3403
7.1013 -1.6702 5.3097
7.1356 -1.7059 5.2894
7.1582 -1.7431 5.2760
7.1617 -1.7837 5.2739
7.2281 -1.8107 5.2346
7.2751 -1.8406 5.2068
7.3083 -1.8728 5.1871
7.3317 -1.9067 5.1732
7.4265 -1.9217 5.1171
7.4686 -1.9488 5.0921
7.4987 -1.9784 5.0743
7.5221 -2.0092 5.0604
7.5363 -2.0424 5.0520
7.5200 -2.0847 5.0617
7.5635 -2.1080 5.0359
7.5958 -2.1342 5.0167
7.6206 -2.1623 5.0021
7.6382 -2.1924 4.9917
7.7140 -2.2008 4.9467
7.7552 -2.2207 4.9223
7.7869 -2.2433 4.9036
7.8110 -2.2682 4.8893
7.8298 -2.2949 4.8782
7.8408 -2.3243 4.8716
7.9141 -2.3268 4.8282
7.9490 -2.3446 4.8075
7.9765 -2.3649 4.7912
7.9994 -2.3869 4.7776
8.0180 -2.4103 4.7666
8.0814 -2.4117 4.7291
8.1177 -2.4252 4.7076
8.1452 -2.4423 4.6913
8.1230 -2.4844 4.7044
8.0980 -2.5285 4.7193
8.0672 -2.5763 4.7375
8.0412 -2.6220 4.7529
6.7068 -1.4569 5.4971
6.7943 -1.4924 5.4462
6.8335 -1.5322 5.4234
6.8542 -1.5737 5.4114
6.9105 -1.6094 5.3786
6.9643 -1.6444 5.3473
7.0523 -1.6724 5.2962
7.1195 -1.7023 5.2571
7.1577 -1.7363 5.2348
7.1843 -1.7719 5.2194
7.1978 -1.8096 5.2115
7.2350 -1.8418 5.1899
7.2923 -1.8685 5.1565
7.3294 -1.8989 5.1350
7.3565 -1.9311 5.1192
7.4327 -1.9496 5.0749
7.4798 -1.9746 5.0475
7.5156 -2.0018 5.0267
7.5431 -2.0307 5.0107
7.5625 -2.0615 4.9994
7.5692 -2.0960 4.9955
7.5722 -2.1316 4.9938
7.6091 -2.1555 4.9723
7.6374 -2.1817 4.9558
7.6593 -2.2095 4.9431
7.6734 -2.2399 4.9349
7.7614 -2.2416 4.8837
7.7966 -2.2622 4.8632
7.8242 -2.2852 4.8472
7.8465 -2.3097 4.8342
7.8629 -2.3363 4.8247
7.8709 -2.3663 4.8200
7.9508 -2.3638 4.7735
7.9829 -2.3816 4.7549
8.0090 -2.4015 4.7397
8.0305 -2.4231 4.7272
8.0481 -2.4461 4.7169
8.1139 -2.4446 4.6787
8.0962 -2.4844 4.6890
8.0658 -2.5312 4.7067
8.0402 -2.5761 4.7215
6.6178 -1.5083 5.5025
6.8218 -1.5288 5.3859
6.8628 -1.5672 5.3625
6.8849 -1.6076 5.3499
6.9257 -1.6446 5.3266
6.9891 -1.6769 5.2904
7.0250 -1.7128 5.2699
7.1348 -1.7339 5.2072
7.1778 -1.7661 5.1827
7.2078 -1.8001 5.1655
7.2268 -1.8359 5.1547
7.2218 -1.8769 5.1575
7.3065 -1.8963 5.1092
7.3481 -1.9247 5.0854
7.3785 -1.9552 5.0680
7.4000 -1.9876 5.0558
7.4893 -2.0001 5.0048
7.5307 -2.0249 4.9811
7.5614 -2.0522 4.9636
7.5846 -2.0811 4.9504
7.5991 -2.1124 4.9421
7.5744 -2.1566 4.9562
7.6192 -2.1772 4.9306
7.6514 -2.2013 4.9122
7.6768 -2.2273 4.8977
7.6944 -2.2557 4.8876
7.7579 -2.2658 4.8514
7.8029 -2.2820 4.8257
7.8346 -2.3027 4.8076
7.8599 -2.3254 4.7932
7.8799 -2.3499 4.7817
7.8947 -2.3763 4.7733
7.9425 -2.3873 4.7460
7.9857 -2.3995 4.7213
8.0155 -2.4172 4.7043
8.0400 -2.4368 4.6903
8.0603 -2.4580 4.6787
8.0618 -2.4882 4.6778
8.0359 -2.5326 4.6926
6.6435 -1.5463 5.4425
6.8493 -1.5639 5.3271
6.8911 -1.6012 5.3037
6.9160 -1.6403 5.2897
6.9160 -1.6830 5.2897
7.0117 -1.7087 5.2360
7.0507 -1.7431 5.2142
7.1462 -1.7654 5.1606
7.1958 -1.7954 5.1328
7.2290 -1.8279 5.1142
7.2518 -1.8621 5.1014
7.2613 -1.8990 5.0961
7.3160 -1.9244 5.0654
7.3645 -1.9502 5.0382
7.4002 -1.9786 5.0182
7.4246 -2.0093 5.0045
7.4919 -2.0270 4.9668
7.5430 -2.0482 4.9381
7.5773 -2.0736 4.9189
7.6036 -2.1009 4.9042
7.6228 -2.1300 4.8934
7.6308 -2.1625 4.8889
7.6253 -2.1997 4.8920
7.6626 -2.2214 4.8711
7.6900 -2.2460 4.8558
7.7124 -2.2719 4.8432
7.7282 -2.3000 4.8343
7.8044 -2.3031 4.7916
7.8420 -2.3209 4.7705
7.8705 -2.3417 4.7546
7.8936 -2.3642 4.7416
7.9119 -2.3885 4.7313
7.9242 -2.4151 4.7244
7.9814 -2.4204 4.6924
8.0186 -2.4341 4.6715
8.0468 -2.4514 4.6557
8.0353 -2.4881 4.6622
8.0092 -2.5325 4.6768
7.9865 -2.5756 4.6895
6.6611 -1.5842 5.3882
6.8742 -1.5983 5.2710
6.9183 -1.6342 5.2467
6.9450 -1.6721 5.2320
6.9526 -1.7128 5.2278
7.0331 -1.7397 5.1835
7.0745 -1.7727 5.1607
7.1450 -1.7988 5.1219
7.2114 -1.8243 5.0854
7.2480 -1.8552 5.0652
7.2742 -1.8879 5.0508
7.2897 -1.9226 5.0422
7.1620 -1.9941 5.1125
7.3827 -1.9745 4.9911
7.4189 -2.0018 4.9711
7.4458 -2.0312 4.9563
7.4643 -2.0624 4.9462
7.5520 -2.0718 4.8979
7.5910 -2.0950 4.8764
7.6203 -2.1207 4.8603
7.6428 -2.1480 4.8479
7.6575 -2.1776 4.8398
7.6579 -2.2121 4.8396
7.6696 -2.2424 4.8332
7.7020 -2.2645 4.8153
7.7274 -2.2887 4.8013
7.7470 -2.3147 4.7905
7.7598 -2.3431 4.7835
7.8453 -2.3403 4.7364
7.8784 -2.3586 4.7182
7.9046 -2.3793 4.7038
7.9258 -2.4017 4.6922
7.9423 -2.4259 4.6830
7.9527 -2.4526 4.6773
8.0166 -2.4531 4.6421
8.0087 -2.4879 4.6465
7.9800 -2.5335 4.6623
7.9593 -2.5755 4.6737
7.9320 -2.6215 4.6887
6.8972 -1.6318 5.2171
6.9438 -1.6663 5.1919
6.9730 -1.7029 5.1762
6.9851 -1.7420 5.1697
7.0528 -1.7700 5.1331
7.0975 -1.8014 5.1089
7.1262 -1.8353 5.0934
7.2242 -1.8530 5.0404
7.2653 -1.8821 5.0182
7.2944 -1.9132 5.0025
7.3141 -1.9463 4.9919
7.3208 -1.9823 4.9882
7.3939 -1.9998 4.9487
7.4347 -2.0252 4.9267
7.4647 -2.0529 4.9105
7.4866 -2.0824 4.8986
7.5553 -2.0966 4.8615
7.6023 -2.1166 4.8361
7.6348 -2.1405 4.8185
7.6613 -2.1658 4.8042
7.6802 -2.1933 4.7940
7.6905 -2.2236 4.7884
7.6739 -2.2639 4.7974
7.7114 -2.2835 4.7772
7.7399 -2.3058 4.7617
7.7626 -2.3300 4.7495
7.7800 -2.3559 4.7401
7.8413 -2.3625 4.7070
7.8832 -2.3765 4.6843
7.9131 -2.3950 4.6681
7.9369 -2.4157 4.6553
7.9566 -2.4379 4.6446
7.9711 -2.4621 4.6368
7.9788 -2.4894 4.6326
7.9571 -2.5314 4.6444
7.9321 -2.5755 4.6579
6.9190 -1.6645 5.1652
6.9686 -1.6974 5.1388
6.9991 -1.7329 5.1227
7.0149 -1.7706 5.1143
7.0701 -1.7999 5.0850
7.1188 -1.8295 5.0591
7.1497 -1.8621 5.0427
7.2330 -1.8818 4.9986
7.2807 -1.9085 4.9732
7.3127 -1.9383 4.9562
7.3362 -1.9696 4.9438
7.3507 -2.0029 4.9361
7.3997 -2.0261 4.9101
7.4485 -2.0484 4.8842
7.4814 -2.0745 4.8667
7.5063 -2.1024 4.8535
7.5234 -2.1325 4.8445
7.6105 -2.1386 4.7983
7.6479 -2.1602 4.7784
7.6763 -2.1842 4.7634
7.6982 -2.2100 4.7517
7.7133 -2.2379 4.7438
7.7156 -2.2705 4.7425
7.7177 -2.3031 4.7414
7.7501 -2.3234 4.7242
7.7756 -2.3458 4.7107
7.7961 -2.3699 4.6998
7.8104 -2.3962 4.6922
7.8836 -2.3959 4.6534
7.9190 -2.4114 4.6346
7.9457 -2.4303 4.6204
7.9680 -2.4507 4.6086
7.9603 -2.4854 4.6127
7.9338 -2.5295 4.6268
7.9027 -2.5766 4.6432
6.9381 -1.6966 5.1157
6.9920 -1.7278 5.0876
7.0244 -1.7620 5.0707
7.0425 -1.7985 5.0613
7.0846 -1.8295 5.0394
7.1392 -1.8569 5.0109
7.1721 -1.8883 4.9938
7.1928 -1.9219 4.9830
7.2927 -1.9351 4.9310
7.3283 -1.9632 4.9124
7.3552 -1.9929 4.8984
7.3735 -2.0245 4.8889
7.3783 -2.0597 4.8864
7.4597 -2.0717 4.8440
7.4964 -2.0959 4.8249
7.5239 -2.1224 4.8105
7.5442 -2.1507 4.8000
7.6130 -2.1620 4.7642
7.6579 -2.1803 4.7407
7.6893 -2.2026 4.7244
7.7140 -2.2268 4.7115
7.7323 -2.2530 4.7020
7.7430 -2.2817 4.6964
7.7190 -2.3243 4.7089
7.7576 -2.3415 4.6888
7.7863 -2.3620 4.6739
7.8095 -2.3844 4.6618
7.8272 -2.4087 4.6526
7.8390 -2.4354 4.6464
7.9210 -2.4292 4.6037
7.9521 -2.4456 4.5875
7.9337 -2.4852 4.5971
7.9070 -2.5294 4.6110
7.8836 -2.5724 4.6232
7.8557 -2.6182 4.6377
6.9544 -1.7282 5.0687
7.0143 -1.7573 5.0380
7.0483 -1.7904 5.0207
7.0689 -1.8256 5.0101
7.0914 -1.8600 4.9986
7.1581 -1.8838 4.9645
7.1932 -1.9138 4.9466
7.2163 -1.9461 4.9348
7.3002 -1.9622 4.8919
7.3429 -1.9876 4.8700
7.3726 -2.0159 4.8549
7.3938 -2.0461 4.8440
7.4055 -2.0786 4.8380
7.4676 -2.0954 4.8063
7.5095 -2.1173 4.7848
7.5397 -2.1422 4.7694
7.5616 -2.1694 4.7582
7.5766 -2.1985 4.7505
7.6651 -2.2010 4.7053
7.7005 -2.2212 4.6872
7.7276 -2.2439 4.6733
7.7487 -2.2684 4.6625
7.7636 -2.2950 4.6549
7.7687 -2.3253 4.6523
7.7620 -2.3604 4.6557
7.7948 -2.3787 4.6389
7.8208 -2.3994 4.6257
7.8412 -2.4220 4.6152
7.8570 -2.4463 4.6071
7.9165 -2.4498 4.5767
7.9071 -2.4851 4.5815
7.8756 -2.5315 4.5976
7.8566 -2.5723 4.6073
7.8285 -2.6181 4.6217
6.8463 -1.7825 5.0851
7.0358 -1.7861 4.9900
7.0712 -1.8181 4.9722
7.0936 -1.8521 4.9610
7.0997 -1.8895 4.9579
7.1759 -1.9101 4.9196
7.2134 -1.9387 4.9008
7.2413 -1.9691 4.8868
7.3040 -1.9896 4.8554
7.3555 -2.0119 4.8295
7.3881 -2.0387 4.8131
7.4121 -2.0674 4.8011
7.4278 -2.0982 4.7932
7.4658 -2.1215 4.7741
7.5206 -2.1387 4.7466
7.5536 -2.1620 4.7300
7.5784 -2.1876 4.7176
7.5967 -2.2151 4.7084
7.6677 -2.2227 4.6728
7.7096 -2.2400 4.6517
7.7395 -2.2611 4.6367
7.7632 -2.2840 4.6248
7.7810 -2.3089 4.6159
7.7922 -2.3362 4.6103
7.7612 -2.3812 4.6259
7.8009 -2.3960 4.6059
7.8299 -2.4148 4.5913
7.8528 -2.4358 4.5798
7.8715 -2.4583 4.5705
7.8847 -2.4831 4.5639
7.8589 -2.5265 4.5768
7.8296 -2.5722 4.5915
6.8597 -1.8140 5.0403
7.0558 -1.8143 4.9437
7.0934 -1.8449 4.9251
7.1173 -1.8779 4.9134
7.1274 -1.9137 4.9084
7.1925 -1.9358 4.8763
7.2341 -1.9626 4.8558
7.2618 -1.9923 4.8421
7.2789 -2.0244 4.8337
7.3659 -2.0362 4.7909
7.4021 -2.0613 4.7730
7.4285 -2.0886 4.7600
7.4472 -2.1178 4.7508
7.4559 -2.1500 4.7465
7.5298 -2.1601 4.7101
7.5665 -2.1816 4.6920
7.5937 -2.2058 4.6786
7.6143 -2.2317 4.6684
7.6281 -2.2599 4.6617
7.7161 -2.2593 4.6183
7.7497 -2.2784 4.6017
7.7757 -2.2999 4.5889
7.7960 -2.3232 4.5789
7.8109 -2.3484 4.5716
7.8171 -2.3771 4.5685
7.8037 -2.4143 4.5751
7.8369 -2.4307 4.5587
7.8625 -2.4500 4.5461
7.8599 -2.4821 4.5474
7.8322 -2.5263 4.5611
7.7983 -2.5742 4.5778
7.7697 -2.6200 4.5919
7.0752 -1.8417 4.8986
7.1142 -1.8712 4.8798
7.1391 -1.9033 4.8677
7.1485 -1.9387 4.8632
7.2066 -1.9615 4.8351
7.2521 -1.9865 4.8131
7.2813 -2.0151 4.7989
7.3004 -2.0460 4.7897
7.3735 -2.0607 4.7543
7.4147 -2.0836 4.7344
7.4435 -2.1095 4.7205
7.4647 -2.1374 4.7102
7.4797 -2.1669 4.7030
7.5342 -2.1827 4.6766
7.5773 -2.2013 4.6558
7.6074 -2.2238 4.6412
7.6303 -2.2485 4.6301
7.6470 -2.2749 4.6220
7.7186 -2.2797 4.5874
7.7580 -2.2960 4.5683
7.7866 -2.3159 4.5545
7.8093 -2.3377 4.5435
7.8267 -2.3614 4.5351
7.8383 -2.3872 4.5295
7.8360 -2.4191 4.5306
7.8414 -2.4474 4.5280
7.8334 -2.4820 4.5319
7.8055 -2.5262 4.5453
7.7712 -2.5741 4.5620
7.7424 -2.6199 4.5759
7.0928 -1.8687 4.8554
7.1327 -1.8972 4.8365
7.1581 -1.9285 4.8244
7.1727 -1.9620 4.8175
7.2175 -1.9873 4.7962
7.2686 -2.0100 4.7719
7.2999 -2.0373 4.7571
7.3209 -2.0670 4.7471
7.3741 -2.0867 4.7218
7.4257 -2.1058 4.6973
7.4584 -2.1299 4.6818
7.4820 -2.1564 4.6706
7.4986 -2.1848 4.6627
7.5051 -2.2164 4.6596
7.5861 -2.2212 4.6212
7.6193 -2.2420 4.6054
7.6447 -2.2651 4.5933
7.6638 -2.2902 4.5843
7.6764 -2.3175 4.5783
7.7640 -2.3140 4.5367
7.7959 -2.3321 4.5215
7.8209 -2.3524 4.5096
7.8405 -2.3746 4.5004
7.8534 -2.3994 4.4942
7.8265 -2.4421 4.5070
7.8069 -2.4819 4.5163
7.7672 -2.5316 4.5351
7.7441 -2.5740 4.5461
7.1092 -1.8952 4.8136
7.1517 -1.9223 4.7938
7.1790 -1.9524 4.7811
7.1953 -1.9848 4.7735
7.2154 -2.0159 4.7641
7.2845 -2.0330 4.7319
7.3174 -2.0592 4.7166
7.3400 -2.0878 4.7060
7.3526 -2.1190 4.7002
7.4353 -2.1278 4.6616
7.4706 -2.1505 4.6452
7.4967 -2.1756 4.6330
7.5156 -2.2027 4.6242
7.5268 -2.2321 4.6190
7.5921 -2.2416 4.5885
7.6298 -2.2602 4.5710
7.6574 -2.2819 4.5581
7.6789 -2.3055 4.5481
7.6944 -2.3312 4.5409
7.7663 -2.3332 4.5073
7.8035 -2.3485 4.4900
7.8309 -2.3674 4.4772
7.8273 -2.3993 4.4789
7.8002 -2.4420 4.4915
7.7371 -2.5017 4.5209
7.6943 -2.5531 4.5409
7.6928 -2.5855 4.5416
7.1250 -1.9210 4.7730
7.1701 -1.9468 4.7523
7.1989 -1.9758 4.7391
7.2172 -2.0071 4.7308
7.2201 -2.0423 4.7295
7.2989 -2.0557 4.6934
7.3342 -2.0805 4.6772
7.3584 -2.1080 4.6661
7.3735 -2.1379 4.6593
7.4407 -2.1507 4.6285
7.4812 -2.1710 4.6100
7.5096 -2.1948 4.5970
7.5310 -2.2205 4.5872
7.5454 -2.2483 4.5806
7.5914 -2.2641 4.5596
7.6385 -2.2785 4.5380
7.6688 -2.2987 4.5241
7.6924 -2.3210 4.5134
7.7103 -2.3451 4.5052
7.7218 -2.3716 4.4999
7.8090 -2.3655 4.4600
7.8012 -2.3992 4.4636
7.7738 -2.4419 4.4761
7.7103 -2.5016 4.5051
7.6956 -2.5397 4.5119
7.6892 -2.5742 4.5148
7.6595 -2.6201 4.5284
7.1391 -1.9466 4.7339
7.1879 -1.9706 4.7119
7.2179 -1.9986 4.6985
7.2375 -2.0290 4.6897
7.2447 -2.0624 4.6864
7.3126 -2.0780 4.6559
7.3499 -2.1015 4.6392
7.3768 -2.1276 4.6271
7.3933 -2.1565 4.6197
7.4373 -2.1760 4.5999
7.4904 -2.1915 4.5761
7.5215 -2.2138 4.5621
7.5448 -2.2383 4.5517
7.5618 -2.2646 4.5440
7.5708 -2.2937 4.5400
7.6451 -2.2973 4.5066
7.6790 -2.3155 4.4914
7.7044 -2.3365 4.4800
7.7246 -2.3592 4.4709
7.7389 -2.3841 4.4645
7.7750 -2.3991 4.4483
7.7123 -2.4574 4.4765
7.6836 -2.5014 4.4894
7.6848 -2.5321 4.4888
7.6620 -2.5741 4.4990
7.6321 -2.6200 4.5125
7.1497 -1.9724 4.6971
7.2051 -1.9939 4.6727
7.2364 -2.0209 4.6588
7.2573 -2.0503 4.6496
7.2670 -2.0825 4.6454
7.3241 -2.1003 4.6202
7.3667 -2.1216 4.6014
7.3935 -2.1470 4.5896
7.4118 -2.1748 4.5815
7.4194 -2.2058 4.5782
7.4977 -2.2122 4.5437
7.5324 -2.2327 4.5284
7.5575 -2.2559 4.5173
7.5765 -2.2810 4.5090
7.5890 -2.3083 4.5035
7.6477 -2.3171 4.4775
7.6877 -2.3324 4.4599
7.7154 -2.3520 4.4477
7.7372 -2.3736 4.4381
7.7377 -2.4039 4.4379
7.7095 -2.4468 4.4503
7.6737 -2.4936 4.4661
7.6606 -2.5308 4.4719
7.6349 -2.5741 4.4832
7.2211 -2.0168 4.6347
7.2539 -2.0428 4.6205
7.2761 -2.0712 4.6109
7.2881 -2.1022 4.6057
7.3368 -2.1217 4.5846
7.3807 -2.1418 4.5656
7.4091 -2.1662 4.5533
7.4288 -2.1930 4.5448
7.4396 -2.2224 4.5402
7.5016 -2.2336 4.5133
7.5415 -2.2516 4.4961
7.5692 -2.2734 4.4841
7.5900 -2.2974 4.4751
7.6049 -2.3232 4.4686
7.6117 -2.3520 4.4657
7.6944 -2.3497 4.4300
7.7252 -2.3675 4.4166
7.7115 -2.4038 4.4225
7.6830 -2.4467 4.4348
7.6559 -2.4896 4.4466
7.6264 -2.5340 4.4594
7.6126 -2.5717 4.4653
7.2367 -2.0392 4.5976
7.2708 -2.0641 4.5832
7.2930 -2.0919 4.5737
7.3073 -2.1217 4.5676
7.3434 -2.1444 4.5523
7.3942 -2.1617 4.5307
7.4242 -2.1850 4.5180
7.4453 -2.2107 4.5090
7.4582 -2.2389 4.5036
7.4910 -2.2598 4.4897
7.5493 -2.2706 4.4649
7.5795 -2.2910 4.4521
7.6024 -2.3136 4.4424
7.6194 -2.3382 4.4352
7.6298 -2.3651 4.4307
7.6985 -2.3677 4.4016
7.6852 -2.4037 4.4072
7.6528 -2.4483 4.4210
7.6294 -2.4894 4.4309
7.5997 -2.5339 4.4435
7.5875 -2.5708 4.4487
7.5572 -2.6164 4.4616
7.2510 -2.0613 4.5618
7.2858 -2.0854 4.5473
7.3105 -2.1119 4.5370
7.3263 -2.1407 4.5305
7.3292 -2.1733 4.5293
7.4067 -2.1814 4.4970
7.4385 -2.2034 4.4837
7.4608 -2.2282 4.4744
7.4755 -2.2553 4.4683
7.4792 -2.2862 4.4668
7.5551 -2.2899 4.4351
7.5888 -2.3084 4.4211
7.6135 -2.3299 4.4108
7.6326 -2.3532 4.4029
7.6457 -2.3786 4.3974
7.6503 -2.4073 4.3955
7.6247 -2.4488 4.4061
7.6029 -2.4892 4.4152
7.5786 -2.5311 4.4254
7.5604 -2.5707 4.4329
7.5299 -2.6163 4.4456
7.2625 -2.0836 4.5279
7.3010 -2.1060 4.5121
7.3269 -2.1315 4.5016
7.3440 -2.1594 4.4946
7.3507 -2.1904 4.4918
7.4183 -2.2008 4.4642
7.4519 -2.2217 4.4504
7.4757 -2.2454 4.4407
7.4920 -2.2715 4.4341
7.4988 -2.3007 4.4313
7.5576 -2.3101 4.4072
7.5971 -2.3259 4.3911
7.6238 -2.3461 4.3802
7.6443 -2.3683 4.3718
7.6449 -2.3985 4.3716
7.6119 -2.4429 4.3850
7.5869 -2.4845 4.3953
7.5857 -2.5160 4.3958
7.5334 -2.5706 4.4172
7.2745 -2.1052 4.4944
7.3159 -2.1261 4.4778
7.3428 -2.1508 4.4670
7.3611 -2.1777 4.4596
7.3699 -2.2075 4.4561
7.4285 -2.2201 4.4326
7.4650 -2.2394 4.4179
7.4899 -2.2623 4.4080
7.5074 -2.2874 4.4009
7.5169 -2.3152 4.3971
7.5017 -2.3524 4.4032
7.6035 -2.3436 4.3624
7.6330 -2.3622 4.3506
7.6177 -2.3988 4.3567
7.5845 -2.4433 4.3700
7.5875 -2.4727 4.3688
7.5595 -2.5157 4.3801
7.5103 -2.5688 4.3998
7.4801 -2.6140 4.4119
7.2857 -2.1265 4.4618
7.3304 -2.1457 4.4442
7.3584 -2.1695 4.4332
7.3777 -2.1956 4.4256
7.3885 -2.2243 4.4213
7.4379 -2.2393 4.4019
7.4770 -2.2572 4.3865
7.5032 -2.2790 4.3762
7.5221 -2.3031 4.3687
7.5336 -2.3297 4.3642
7.5319 -2.3613 4.3649
7.6081 -2.3617 4.3349
7.5906 -2.3992 4.3418
7.5486 -2.4472 4.3583
7.5626 -2.4720 4.3528
7.5333 -2.5154 4.3643
7.4844 -2.5682 4.3836
7.4540 -2.6134 4.3956
7.2931 -2.1485 4.4313
7.3437 -2.1652 4.4117
7.3729 -2.1880 4.4005
7.3933 -2.2133 4.3926
7.4056 -2.2410 4.3879
7.4441 -2.2591 4.3730
7.4885 -2.2745 4.3558
7.5162 -2.2953 4.3451
7.5362 -2.3185 4.3374
7.5493 -2.3441 4.3324
7.5525 -2.3734 4.3311
7.4812 -2.4329 4.3586
7.4860 -2.4621 4.3568
7.5367 -2.4717 4.3372
7.5072 -2.5152 4.3486
7.4584 -2.5677 4.3674
7.4278 -2.6129 4.3793
7.3568 -2.1842 4.3800
7.3871 -2.2061 4.3685
7.4085 -2.2305 4.3604
7.4222 -2.2573 4.3552
7.4245 -2.2879 4.3543
7.4992 -2.2917 4.3260
7.5284 -2.3115 4.3150
7.5495 -2.3338 4.3070
7.5640 -2.3584 4.3015
7.5486 -2.3948 4.3073
7.4751 -2.4555 4.3352
7.4436 -2.4997 4.3471
7.4325 -2.5671 4.3513
7.3692 -2.2029 4.3490
7.4009 -2.2238 4.3373
7.4232 -2.2474 4.3290
7.4379 -2.2733 4.3235
7.4435 -2.3024 4.3214
7.5091 -2.3088 4.2971
7.5400 -2.3274 4.2856
7.5504 -2.3535 4.2817
7.5211 -2.3953 4.2926
7.4484 -2.4554 4.3196
7.4167 -2.4997 4.3314
7.3806 -2.2215 4.3191
7.4140 -2.2413 4.3069
7.4370 -2.2641 4.2985
7.4529 -2.2892 4.2927
7.4604 -2.3171 4.2900
7.5180 -2.3258 4.2690
7.5232 -2.3539 4.2671
7.4936 -2.3958 4.2779
7.4218 -2.4554 4.3041
7.3879 -2.5004 4.3164
7.3770 -2.5363 4.3204
7.3917 -2.2397 4.2897
7.4265 -2.2584 4.2773
7.4506 -2.2804 4.2687
7.4675 -2.3047 4.2626
7.4684 -2.3347 4.2623
7.4959 -2.3544 4.2525
7.3490 -2.4425 4.3050
7.3741 -2.4638 4.2960
7.3922 -2.4874 4.2896
7.3781 -2.5244 4.2946
7.4013 -2.2579 4.2615
7.4388 -2.2752 4.2483
7.4638 -2.2964 4.2396
7.4411 -2.3350 4.2475
7.4107 -2.3771 4.2582
7.4002 -2.4118 4.2619
7.3595 -2.4588 4.2761
7.3823 -2.4805 4.2681
7.3507 -2.5246 4.2792
7.4103 -2.2760 4.2339
7.4440 -2.2941 4.2223
7.4138 -2.3354 4.2327
7.3905 -2.3747 4.2407
7.3854 -2.4072 4.2425
7.3548 -2.4500 4.2530
7.3551 -2.4807 4.2529
7.3233 -2.5247 4.2638
7.4163 -2.2947 4.2078
7.3865 -2.3358 4.2179
7.3793 -2.3689 4.2203
7.3589 -2.4072 4.2272
7.3281 -2.4500 4.2375
7.3537 -2.3686 4.2048
7.3324 -2.4072 4.2119
