ply
format ascii 1.0
element vertex 10000
property float x
property float y
property float z
end_header
1.6358 -0.4083 5.6296
10.9070 -2.2953 6.3841
6.3499 -2.5788 4.0507
13.8943 -1.5337 10.4790
5.3811 -2.1415 4.3579
8.4995 0.3279 4.5654
8.0120 -2.9288 4.3170
7.7991 -3.1235 3.8082
9.5036 -2.3544 5.4112
9.3189 -3.3106 4.3152
10.7787 -2.3691 6.1827
7.8497 -0.6524 8.7346
11.3207 -3.1606 5.7686
4.4145 -2.0833 3.9150
14.0298 -1.8191 9.9917
8.9680 -3.0848 4.5601
12.4767 -2.7178 7.3138
12.0719 -1.2036 6.3893
4.8606 -1.0613 6.1978
11.3179 -0.8687 10.3088
13.1368 -2.3006 8.5218
7.3429 -1.9876 4.8700
13.1951 -1.8190 9.5098
12.6146 -3.0544 6.7263
9.7103 -2.9038 5.3474
7.8209 -2.7174 4.6256
7.8836 -2.5724 4.6232
9.5845 -2.9534 5.1765
9.2155 -3.1237 4.6260
12.3699 -3.0544 6.5850
3.4901 -0.2277 7.0583
5.9448 -0.5743 7.7891
12.8020 -2.5793 7.7760
9.5735 -3.3106 4.4622
8.7013 -2.3967 4.9771
7.8405 -2.3746 4.5004
13.4660 -2.2502 8.8117
10.4673 -2.8088 5.9729
11.5843 -2.7492 6.7361
9.1035 -3.3445 4.1236
7.7165 -3.1329 3.7419
10.3273 -3.2596 4.9987
12.1691 -3.3514 5.8805
12.0220 -2.2756 7.9275
-0.9848 0.0758 5.0752
11.2133 -2.6850 6.6490
9.5126 -1.4793 6.8844
8.4543 -2.5255 4.9182
7.7276 -2.2439 4.6733
10.1927 -3.4068 4.6292
7.5233 -1.3897 3.8217
10.6749 -3.0330 5.6484
9.7196 -3.2036 4.7586
7.9872 -2.8507 4.4575
7.5535 -1.8985 5.4557
11.8853 -3.2597 5.8983
10.0168 -3.2746 4.7896
8.5868 -3.2440 4.0245
10.4579 -2.7795 6.0255
4.7997 -0.9351 6.4128
8.6829 -0.0420 4.9185
7.8705 -2.3417 4.7546
12.0389 -2.9536 6.5937
4.5228 -1.8547 4.4304
9.4458 -3.0645 4.8762
7.2427 -2.7792 4.1692
9.5007 -3.3766 4.2895
11.3904 -3.1332 5.8631
8.5676 -3.2440 4.0134
11.6225 -3.2894 5.6876
9.1683 -3.2595 4.3296
5.5175 -0.0303 8.6204
10.5959 -3.2672 5.1388
11.1536 -3.3314 5.3336
11.5652 -1.6212 8.9605
6.2012 -2.6678 3.7885
10.4199 -3.1694 5.2309
11.7630 -3.1425 6.0599
9.0008 0.5482 4.2516
8.6127 -3.3378 3.8533
9.5825 -2.2258 5.5165
8.3618 -0.9353 8.4697
9.5605 -3.2036 4.6668
10.7523 -2.1574 6.5614
10.7700 -3.3767 5.0223
11.3675 -2.1112 6.8764
11.5336 -2.2259 6.7283
12.1874 -3.0332 6.5217
9.5471 -3.2893 4.4893
8.2276 -3.3948 3.5181
10.8320 -1.5732 7.7025
10.8825 -2.3565 6.2869
10.7302 -3.0849 5.5775
7.7890 -2.8907 4.2637
7.9627 -2.8907 4.3640
9.0112 -3.1141 4.5269
8.1327 -3.1692 3.9104
5.5646 -1.5777 5.5811
8.7694 -3.2594 4.0993
7.0993 -2.9410 3.7656
8.3653 -3.2118 3.9602
8.9893 -3.0220 4.6967
11.5633 -2.1188 7.1297
3.2090 -0.4930 6.3702
10.2522 -2.2237 6.2671
5.4507 -1.9579 4.7618
9.6403 -3.1045 4.9092
10.3084 -3.1515 5.2020
11.1398 -1.0617 9.8236
11.2058 -1.7207 7.7325
9.1248 -1.5365 6.7850
8.0378 -2.8643 4.4598
9.2362 -0.2279 10.3764
10.3758 -2.9653 5.6098
8.4418 -3.4067 3.6183
5.4006 -2.4164 3.8242
12.0413 -3.1333 6.2389
9.4750 -0.9353 9.1125
12.8682 -2.3720 8.2252
12.1586 -2.7796 7.0075
10.8791 -3.2672 5.3023
7.8317 -2.8229 4.4228
9.7166 -3.2746 4.6163
8.5662 -2.7941 4.9040
14.3809 -0.8689 12.0775
8.1345 -3.1513 3.9468
7.5193 -3.2199 3.4555
7.6997 -3.1513 3.6958
5.9318 -1.7034 5.5441
9.1932 -1.6898 6.3733
9.1986 -3.1423 4.5793
12.3153 -3.2122 6.2408
12.6999 -2.5605 7.7544
8.7923 -2.7013 5.2186
11.6814 -1.2889 9.6860
8.5876 -3.3175 3.8792
12.2653 -2.4388 7.7446
11.9566 -1.9400 6.7484
11.8947 -3.2203 5.9817
8.3710 -3.4183 3.5543
8.1204 -3.2891 3.6656
9.8766 -1.8154 6.5772
9.2608 -1.9094 5.8026
14.9664 -0.7996 12.5530
10.5142 -3.2519 5.1219
1.9655 -1.2884 4.0758
10.5653 -3.0437 5.5640
2.1745 -1.1210 4.5282
8.4249 -0.3202 9.7250
9.7568 -3.3446 4.5008
11.3920 -3.3642 5.4064
10.7063 -0.2280 11.2254
9.7394 -3.2036 4.7701
6.8724 -0.1313 9.2027
8.3978 -2.5270 4.8890
9.3321 -2.4740 5.4498
7.5788 -3.0946 3.7384
10.6889 -3.0948 5.5340
11.2855 -2.9039 6.2569
7.5224 -3.2280 3.4413
12.0742 -3.1695 6.1860
10.1734 -3.2282 4.9719
10.9399 -0.9500 8.3745
7.4505 -1.6349 3.9557
10.8240 -1.1792 9.4083
11.3845 -2.7944 6.5312
11.6145 -3.3381 5.5864
12.1368 -3.0113 6.5358
8.6208 -0.1295 5.0078
8.0907 -2.1969 5.1517
9.2449 -1.7489 6.2766
4.1875 -0.9350 6.0593
8.8625 -3.0435 4.5808
8.5080 -2.5257 4.9496
9.8536 -3.0221 5.1957
12.7539 -2.9536 7.0064
4.9026 -2.0833 4.1967
10.5250 -2.7335 6.1554
8.8448 -3.2036 4.2535
9.0679 -3.2440 4.3022
8.9722 -3.2670 4.2013
9.3177 -3.0110 4.9082
11.9526 -3.1954 6.0645
2.7999 -0.6521 5.8186
12.2825 -1.2890 10.0331
11.7470 -2.9167 6.4982
13.4733 -0.8688 11.5535
2.5394 -1.4398 4.1071
8.0937 -3.1422 3.9414
9.2824 0.5555 3.9990
12.1528 -3.1955 6.1801
8.2143 -3.2818 3.7343
5.2788 -1.7033 5.1671
9.7225 -0.4933 10.1314
10.8448 -3.4185 4.9826
3.4896 -0.0302 7.4494
10.7188 -2.1398 6.5961
9.5604 -3.3827 4.3117
9.0133 -2.8777 4.9965
8.9313 -1.4309 6.4970
12.3995 -2.5604 7.5810
9.0862 -2.9164 4.9619
3.6360 -0.7990 6.0103
9.5260 -3.3949 4.2678
8.2930 -2.0958 5.2843
6.9404 -1.4618 5.6860
9.7338 -2.2602 5.6973
8.6823 -2.8908 4.7795
6.7226 -2.7940 3.8396
3.4641 -0.9350 5.6416
7.5616 -2.1694 4.7582
12.9637 -2.1420 8.7360
12.3043 -1.2351 10.1525
9.0691 -2.0583 5.4845
14.4295 -0.9356 11.9734
9.8907 -2.4848 5.7257
7.5509 -1.7486 5.8021
12.0909 -3.3038 5.9296
2.5428 -0.3199 6.3284
3.0003 -0.7990 5.6432
11.2429 -3.0112 6.0197
8.8320 -2.5761 5.1787
12.1681 -1.7816 8.9907
10.0449 -3.3512 4.6541
8.2250 -0.5353 4.5558
10.7217 -2.9166 5.9062
11.1418 -0.2734 8.0207
12.3328 -2.7944 7.0788
6.3173 -2.1695 4.8429
9.1725 -3.2745 4.3021
7.3239 -3.0109 3.7570
12.3968 -3.1144 6.4815
8.7941 0.5512 4.2830
3.6800 -1.0613 5.5161
12.1630 -3.2673 6.0435
2.3323 -0.4929 5.8639
9.6103 -3.3949 4.3164
6.5048 -0.7122 5.6146
7.4323 -2.8642 4.1102
9.0306 -3.1952 4.3774
14.2625 -0.9356 11.8770
8.0900 -3.1951 3.8344
14.7339 -0.4935 13.0253
4.7112 -2.0531 4.1461
11.8180 -3.1869 6.0037
11.8085 -3.3642 5.6468
7.9680 -3.1140 3.9246
8.5215 0.4938 4.5234
8.8117 -0.6524 9.2901
11.2722 -3.3578 5.3499
5.8755 -2.4383 4.0552
3.9340 -0.1312 7.5059
11.7657 -3.3247 5.7005
10.7341 -2.0233 6.8234
9.3966 -3.3640 4.2543
12.0081 -2.7646 6.9504
11.5030 -2.8372 6.5147
11.9142 -1.8074 6.6656
10.7462 -2.5272 6.2449
12.3789 -3.1517 6.3974
11.3364 -3.2520 5.5966
9.8760 -3.3036 4.6508
13.1187 -2.4170 8.2805
10.1215 -2.8909 5.6104
11.8528 -0.9997 10.3581
5.1929 -0.8684 6.7720
11.8584 -3.0543 6.2897
8.7668 -0.3790 4.7803
10.0701 -1.7185 7.0629
6.7241 -1.3815 5.7267
8.7142 -3.1514 4.2815
11.2161 -0.2430 7.9679
9.9255 -3.2120 4.8610
8.1933 -3.2963 3.6934
7.7090 -2.9884 4.0240
9.7388 -0.7273 9.6770
14.9450 -0.6527 12.8317
12.1229 -3.2895 5.9765
11.5248 -3.0543 6.0971
13.0663 -2.3720 8.3396
4.5211 -2.0531 4.0363
11.2875 -1.7037 8.6366
11.4991 -3.3951 5.4069
8.8742 -0.0304 10.5588
10.6116 -3.1953 5.2903
9.8810 -3.2282 4.8031
10.3291 -3.1515 5.2139
8.7153 -2.9769 4.6279
8.5746 -0.5396 4.7282
10.5820 -0.3203 10.9707
11.1057 -0.6249 8.1596
10.4834 -3.0646 5.4752
8.6678 -3.4183 3.7257
11.7744 -3.3381 5.6787
5.7464 -1.3912 6.0557
8.4703 -1.2805 6.6328
12.7129 -2.8090 7.2694
11.3793 -3.2966 5.5328
8.6432 -2.5745 5.0663
10.4740 -3.1515 5.2976
10.2242 -3.0748 5.3053
9.5924 -3.4068 4.2826
8.5620 -2.4012 4.9073
8.3191 -3.3702 3.6197
13.7898 -0.4088 12.6479
11.2471 -1.0617 9.8856
2.1689 0.1867 7.1164
4.5030 -0.7991 6.5110
12.6248 -2.7646 7.3065
8.4434 -3.0220 4.3816
8.8291 -3.1330 4.3843
4.7576 -1.1211 6.0198
12.9220 -0.7275 11.5152
8.7400 -3.1422 4.3145
10.3148 -0.6525 10.1581
4.9262 -1.5332 5.3006
10.7297 -3.2747 5.2012
12.4771 -2.7493 7.2516
12.6346 -2.8090 7.2242
9.2280 -3.1330 4.6146
14.8596 0.1862 14.4449
7.7614 -2.2416 4.8837
11.8186 -2.0501 6.8332
13.5425 -1.3412 10.6573
13.7163 -1.0618 11.3113
5.4414 -2.5210 3.6406
10.6745 -3.4010 4.9190
11.2231 -3.2442 5.5466
8.7606 -1.5656 6.4436
8.2162 -2.8507 4.5897
8.2458 -2.8229 4.6619
10.8035 -3.2672 5.2587
7.6253 -2.1997 4.8920
9.4872 -1.3836 7.3483
7.1233 -2.9411 3.7795
12.3378 -3.0648 6.5459
11.4264 -3.0850 5.9795
15.1692 -0.0306 14.1940
11.2175 -3.2747 5.4829
11.7262 -2.7336 6.8489
11.9299 -0.1315 12.1232
9.2321 -3.2892 4.3075
10.6446 -3.1694 5.3606
8.9566 -3.3511 4.0258
2.4993 -0.6521 5.6450
12.7392 -0.3204 12.2164
8.9790 -2.8087 5.1136
11.6046 -2.3606 6.5674
8.3839 -2.9884 4.4137
9.5677 -1.7619 6.3194
5.8384 -2.3714 4.1663
12.4148 -2.8511 7.0138
10.2948 -3.3577 4.7856
9.4727 -3.2746 4.4755
0.6308 -0.7989 4.2750
12.1106 -3.4070 5.7364
8.2515 -2.3356 4.9584
7.6832 -2.7174 4.5461
11.9417 -3.0950 6.2573
11.5428 -2.9414 6.3312
7.5520 -2.9288 4.0514
10.8248 -3.1424 5.5182
9.4924 -3.4184 4.2018
11.7895 -1.6212 9.0900
11.2132 -2.2632 6.6477
10.5646 -2.8779 5.8922
13.4029 -2.3948 8.4888
10.1479 -3.3245 4.7664
7.9829 -2.3816 4.7549
11.2100 -3.4069 5.2165
10.3571 -2.3993 5.9390
4.7100 -1.1788 5.8779
10.9730 -0.1315 11.5707
0.3014 -0.5741 4.5303
8.0340 -3.0219 4.1452
12.7843 -2.5978 7.7291
6.2093 -2.0223 5.0724
7.5397 -2.1422 4.7694
11.8180 -2.6511 7.0654
9.4425 -2.1238 5.6977
10.2974 -3.1694 5.1602
10.7108 -2.7015 6.3263
11.0900 -2.8779 6.1956
9.1646 -2.6848 5.4662
4.2209 -1.4873 4.9842
9.5875 -3.3640 4.3645
13.0993 -2.3720 8.3586
-1.6143 -0.0300 4.5020
8.7883 -0.1981 4.7303
7.8498 -2.7333 4.6108
10.8480 -3.3177 5.1843
7.7145 -3.2963 3.4170
9.5213 -3.1693 4.7121
10.5424 -3.1694 5.3017
11.3658 -3.3381 5.4429
9.6852 -3.4009 4.3478
7.6140 -1.8368 5.5997
8.5352 -2.8087 4.8573
9.5247 -2.9653 5.1184
10.4010 -2.0695 6.5335
8.2635 -3.0109 4.2995
8.9152 -3.4183 3.8685
11.3035 -3.3705 5.3428
12.2020 -1.7038 9.1646
9.5935 -3.3949 4.3067
11.9104 -3.4070 5.6209
8.8278 -2.6848 5.2717
7.8835 -2.8229 4.4527
7.4773 -1.5406 3.9088
12.3329 -3.1144 6.4447
12.6100 -1.2351 10.3290
2.8668 -1.2884 4.5963
9.1929 0.5453 4.0319
12.1053 -3.3448 5.8567
9.8923 -2.1560 6.2918
8.5789 -0.1866 5.0046
8.1116 -2.8908 4.4499
12.1898 -2.6512 7.2801
9.4799 -3.1331 4.7601
4.7959 -0.8684 6.5428
12.2341 -3.2895 6.0406
10.1106 -3.2746 4.8438
7.5232 -2.3539 4.2671
14.5460 -0.4935 12.9168
12.3381 -2.9655 6.7428
7.1790 -1.9524 4.7811
9.2622 -3.0220 4.8543
13.0344 -2.3006 8.4627
6.6066 -0.9994 7.3288
9.7880 -3.2893 4.6284
7.7895 -2.6847 4.6722
11.7473 -3.1333 6.0692
9.5999 -2.1355 5.8260
12.5296 -2.8373 7.1074
6.1943 -2.1969 4.7177
11.9315 -2.3248 7.7776
13.1234 -0.5746 11.9343
5.8872 -2.2496 4.4358
9.0947 -3.0329 4.7361
9.8609 -3.3766 4.4975
11.2655 -3.3108 5.4391
10.3157 -2.9886 5.5290
14.0335 -1.4879 10.6502
12.6238 -2.9415 6.9553
12.9820 -2.7337 7.5740
11.2354 -2.3270 6.5738
4.2170 -2.0531 3.8607
11.8992 -1.8165 6.6920
9.2147 -2.7334 5.3988
7.5930 -2.6847 4.5588
11.5909 -2.9414 6.3589
7.8707 -3.2035 3.6911
9.0447 -2.9412 4.8889
12.3216 -2.3486 7.9557
11.8383 -3.3705 5.6515
12.7826 -2.3947 8.1306
12.7112 -0.2281 12.3831
11.1303 -3.2121 5.5566
10.8118 -3.3177 5.1634
10.7835 -3.3577 5.0677
11.3171 -3.3829 5.3260
8.7455 -3.2361 4.1317
3.9362 -1.3406 5.1104
6.8911 -1.6012 5.3037
10.7998 -2.9535 5.8782
4.8253 -2.0531 4.2119
-0.2672 -0.3198 4.7057
9.4144 -2.2122 5.3826
8.1599 -0.4085 9.3969
13.2970 -0.1316 12.9126
13.1801 -2.0228 9.0973
6.3897 -2.1696 4.8847
-2.0111 0.1868 4.7025
10.8197 -1.8100 7.0935
9.4155 0.5770 3.8721
8.9569 -3.1866 4.3518
10.9761 -3.3890 5.1170
9.9692 0.0754 11.4009
8.2666 -1.2765 6.4425
7.5861 -2.2212 4.6212
10.9928 -3.3447 5.2144
9.4901 -3.0848 4.8615
14.6078 -0.8689 12.2086
11.4795 -3.4011 5.3838
11.6396 -3.2203 5.8344
8.6973 0.5644 4.4153
12.9458 -2.3947 8.2249
8.3114 -3.2670 3.8198
12.2285 -3.0113 6.5887
7.5830 -2.9532 4.0209
9.7347 -1.2055 7.8675
8.1290 -1.4513 6.2565
4.3019 -2.0833 3.8499
11.2902 -3.2038 5.6654
7.2923 -1.8685 5.1565
11.0958 -3.1425 5.6747
11.8293 -2.2516 6.8833
10.4897 -3.3641 4.8855
8.3590 -3.2964 3.7891
11.9760 -0.2280 11.9586
11.8180 -2.8232 6.7244
7.3176 -2.8907 3.9915
5.6169 -1.9245 4.9241
13.4330 -2.1134 9.0639
0.1174 -0.5740 4.4240
10.0145 -2.8371 5.6553
6.7910 -2.7792 3.9084
5.4972 -2.2751 4.1602
10.0488 -3.0748 5.2041
11.4057 -2.2190 6.7248
13.2580 -1.7433 9.6960
8.7514 -0.9353 8.6947
7.8494 -1.8639 5.6587
10.7501 -2.9414 5.8735
9.1197 -2.9038 5.0064
10.9361 -3.2747 5.3204
2.8680 -0.8683 5.4296
8.0650 -0.3986 4.4198
8.0292 -3.2280 3.7339
9.6922 -2.0464 6.3119
9.6044 -3.1514 4.7955
7.2032 -2.9997 3.7095
8.4694 0.2202 4.5554
12.9628 -0.8688 11.2587
8.6077 -0.4086 9.6555
9.6126 0.6121 3.9526
12.0482 -1.3635 6.4307
11.8604 -3.4070 5.5920
12.2608 0.0753 12.7242
7.3881 -2.0387 4.8131
8.9086 -2.7942 5.1017
7.6450 -3.1779 3.6115
7.4402 -1.8680 5.4441
8.6833 -3.0435 4.4773
7.8948 -3.2517 3.6095
8.9461 -2.8644 4.9842
9.3754 -0.4086 10.0988
2.7398 -0.6521 5.7839
7.3825 -2.9288 3.9535
8.9737 -1.8485 5.8455
10.0047 -3.1605 5.0088
12.8276 -2.8233 7.3073
10.3056 -1.9740 6.6760
13.6410 -1.3412 10.7142
10.4315 -3.1953 5.1863
9.9891 -2.8778 5.5599
11.5412 -3.1239 5.9687
4.8699 -2.1694 4.0072
11.8376 -3.3247 5.7420
10.0202 -3.4185 4.5065
5.9812 -2.3482 4.2948
9.4771 -2.9413 5.1385
5.1676 -1.3407 5.8215
8.8670 -2.8230 5.0206
10.7608 -2.8510 6.0588
11.6620 -3.3768 5.5373
8.6576 -2.2848 4.9766
3.8352 -0.4930 6.7318
10.0567 -2.2980 5.9003
9.4693 0.6023 4.0317
10.5563 -2.7491 6.1426
11.0687 -2.2512 6.3603
10.0372 -2.9534 5.4379
11.3943 -3.0438 6.0426
12.1803 -3.3891 5.8122
11.0836 -3.3108 5.3341
7.9728 -3.3174 3.5243
11.7902 -3.3891 5.5870
9.5115 -3.1237 4.7969
6.3941 -0.1313 8.9265
11.6154 -3.2673 5.7274
10.7067 -2.2700 6.3741
12.1720 -2.1133 8.3358
9.9400 -0.9996 9.2536
8.5836 -2.4345 4.9263
9.4248 -3.0848 4.8239
12.6039 -0.4934 11.7953
11.5085 -3.2520 5.6959
12.3922 -3.0544 6.5979
10.9422 -3.3890 5.0974
8.5402 -3.3765 3.7350
12.5613 -3.0001 6.8031
10.2507 -1.9981 6.5904
12.0893 -3.3951 5.7477
7.2134 -1.9387 4.9008
9.2647 -2.9652 4.9683
12.4606 -3.1144 6.5184
10.7718 -3.1953 5.3827
9.7034 -3.2965 4.5652
4.6493 -0.4930 7.2019
9.5637 -2.8778 5.3144
6.5307 -0.1313 9.0054
7.9903 -3.2439 3.6801
9.7695 -3.2893 4.6177
10.3382 -3.1694 5.1838
12.5885 -2.9292 6.9593
10.3222 -1.3338 7.8017
7.9133 -0.7992 8.4802
9.4337 -0.0304 10.8819
10.9108 -0.4087 10.9854
12.1399 -3.3951 5.7769
11.6827 -2.8372 6.6184
11.5598 -1.8552 8.4936
12.5210 -2.4388 7.8922
7.2975 -2.7174 4.3234
9.8130 -3.3640 4.4948
12.4612 -3.1333 6.4813
9.8662 -3.2119 4.8268
13.0453 -0.2281 12.5761
9.4352 -3.0747 4.8498
5.7394 -2.3714 4.1091
11.9583 -1.8905 8.6537
2.5485 -0.7270 5.5250
9.6957 -2.1364 6.1117
8.6294 -2.4388 4.9628
10.1184 -3.1142 5.1661
11.1540 -2.6189 6.5429
6.3275 -2.7939 3.6115
10.8152 -3.3381 5.1250
8.7403 -3.1780 4.2438
11.1782 -2.9771 6.0499
3.6738 -1.1788 5.2796
10.3278 -2.7176 6.0730
9.3317 -1.6939 6.7574
11.3578 -3.2442 5.6243
5.1917 -1.7033 5.1168
12.5641 -2.5793 7.6386
9.3120 -3.1330 4.6631
10.6620 -2.5737 6.2297
10.7370 -3.2202 5.3133
9.7205 -2.9999 5.1629
12.1897 -3.2967 6.0007
7.4746 -3.1043 3.6588
10.9916 -3.1516 5.5964
1.0799 -0.4929 5.1407
9.6803 -2.2645 5.5942
7.5548 -1.4394 6.3284
11.3465 -2.1748 6.6551
3.4906 -0.4083 6.7006
6.3913 -2.5211 4.1890
12.3854 -2.9655 6.7701
11.6342 -0.9997 10.2319
6.0526 -2.5788 3.8790
11.8542 -2.1700 8.0399
9.3636 -2.7175 5.5163
13.3218 -2.1133 8.9996
9.3541 -3.3703 4.2172
8.7181 -2.0948 5.2932
12.0516 -3.2203 6.0724
9.4150 -3.3766 4.2400
8.6416 -2.9289 4.6805
8.9164 -1.7323 5.9921
11.7582 -3.0749 6.1910
7.9478 -3.1422 3.8571
9.5510 0.6009 3.9587
7.3082 -1.7436 5.6305
7.0436 -2.9288 3.7578
8.7606 -1.8804 5.5401
8.0381 -2.8507 4.4868
8.1425 -0.1154 4.3569
11.2278 -3.3177 5.4035
-0.2161 -0.0301 5.3095
8.4067 -1.6614 6.0029
11.8473 -3.2597 5.8763
13.9195 -0.4935 12.5550
9.1803 0.5804 4.1820
8.0999 -0.2926 4.4029
12.0422 -3.1048 6.2959
11.6472 -3.4011 5.4806
6.8399 -2.7332 4.0277
13.9862 -1.3917 10.8135
9.0364 -2.9533 4.8601
5.8831 -2.1695 4.5922
7.1322 -2.7173 4.2280
4.5822 -1.7033 4.7648
7.9707 -0.3660 4.6984
11.0222 -1.6383 7.6437
11.2902 -3.4186 5.2397
10.0775 -3.0849 5.2007
10.1427 -3.3176 4.7771
7.9036 -2.1748 5.0869
9.5428 -2.4844 5.5239
4.5545 -1.1788 5.7881
11.8364 -3.3951 5.6016
11.9846 -3.0647 6.3420
5.6010 -1.6208 5.5166
7.5019 -1.3613 3.7904
10.8598 -3.4069 5.0143
12.5193 -2.5978 7.5761
12.1282 -3.0223 6.5090
9.8200 -2.3193 5.6575
3.4296 -0.5742 6.3367
12.1127 -3.1955 6.1570
10.2670 -3.1515 5.1781
12.6749 -2.0839 8.6844
8.6718 -3.3575 3.8485
14.3460 0.1863 14.1483
10.7202 -1.8078 7.0249
11.0779 -3.3890 5.1757
8.2258 -2.7793 4.7368
10.3160 -3.2037 5.1029
9.0436 -2.2308 5.2191
5.1031 -1.7428 4.9874
12.1660 -2.5978 7.3721
8.3180 -2.8508 4.6484
9.7322 -1.5420 7.1844
10.0212 -2.9653 5.4051
10.1016 -2.9413 5.4991
12.8659 -1.6213 9.7115
11.2830 -3.3829 5.3063
9.8962 -3.3245 4.6211
8.8485 -2.8087 5.0382
13.1315 -0.3204 12.4429
12.4382 -2.7945 7.1396
10.9208 -2.9886 5.8784
7.1888 -2.9288 3.8417
7.2494 -2.9036 3.9266
9.4765 0.5843 3.9538
4.9632 -0.5743 7.2223
8.3911 0.0192 4.4898
3.7100 -0.4930 6.6595
12.2590 -2.6337 7.3546
12.1016 -2.0227 8.4746
12.5632 -2.9536 6.8964
8.1503 -0.6524 8.9082
8.6163 -3.3311 3.8687
6.7644 -2.7792 3.8930
2.1715 -1.1787 4.4121
12.2534 -2.9536 6.7175
9.9712 -3.1953 4.9205
9.4812 -3.2201 4.5883
10.8686 -2.1381 6.6772
10.6088 -2.1798 6.4422
7.9926 -1.7491 5.7941
9.7684 -2.8509 5.4858
7.9730 -3.3243 3.5107
6.6320 -2.9287 3.5202
6.1776 -1.9245 5.2479
5.7469 -1.7428 5.3591
7.2072 -3.1235 3.4664
8.8352 -1.4132 6.7497
8.6919 -2.9769 4.6144
10.0553 -3.2519 4.8569
10.0144 -1.9676 6.6429
11.4013 -3.3381 5.4634
8.2752 -3.3378 3.6585
8.8490 -2.9037 4.8501
6.8971 -1.4242 5.7653
10.2020 -2.2221 5.9492
10.8809 -2.7491 6.3300
12.3255 -3.0544 6.5594
9.2951 -1.8263 6.1034
10.2464 -3.2202 5.0301
9.3602 0.6176 3.8862
8.9198 -3.2361 4.2324
11.3679 -2.7492 6.6111
6.6503 -1.2347 6.8877
7.4352 -2.7174 4.4029
7.8749 -3.2439 3.6134
6.4853 -2.7641 3.7617
11.9992 -2.8232 6.8290
10.0668 -2.2303 6.0797
3.7055 -1.7811 4.1044
10.6272 -2.8231 6.0369
14.6705 -1.1217 11.7438
5.6890 -2.5973 3.6325
8.4256 0.0698 4.4974
11.4615 -3.1695 5.8323
13.0139 -1.8906 9.2632
10.8290 -3.0000 5.8029
10.0907 0.1864 11.6910
11.6761 -2.9655 6.3606
7.8006 -1.8674 5.6489
9.5902 -2.8509 5.3830
7.5363 -2.0424 5.0520
6.5664 -0.0303 9.2261
7.5215 -2.2138 4.5621
9.3204 -2.0772 5.5828
11.8063 -3.1047 6.1597
10.0415 -3.2820 4.7892
11.8213 -3.2967 5.7880
11.5488 -1.7037 8.7874
9.1921 0.5650 4.1112
11.1984 -2.8089 6.3950
9.3501 -2.2017 5.3168
8.1994 -3.1329 4.0207
6.6080 -2.4806 4.3944
7.4915 -1.2017 3.7224
10.0318 -2.8231 5.6931
11.6788 -3.2203 5.8571
9.3575 -2.2662 5.4125
7.1790 -1.3095 6.4152
10.7569 0.0754 11.8558
7.3387 -3.1329 3.5238
6.3547 -2.4383 4.3319
8.0443 -3.3378 3.5252
6.5914 -2.5010 4.3443
7.8012 -2.3992 4.4636
12.4749 -2.5793 7.5871
7.4783 -3.1140 3.6418
5.6109 -1.3407 6.0774
8.7056 -0.5744 9.3833
8.3205 -1.1004 6.9357
7.2254 -1.6778 5.7400
8.4667 -2.8643 4.7074
11.7550 -2.0227 8.2744
11.3349 -2.2581 6.5322
8.4274 -3.3105 3.8005
10.9730 -3.2442 5.4021
2.9774 -0.1312 6.9535
12.1388 -3.3109 5.9433
13.1835 -2.1420 8.8629
8.7504 -3.1951 4.2157
10.5410 -3.1046 5.4292
12.0680 -3.0113 6.4961
10.1602 -2.9165 5.5820
11.8910 -3.2520 5.9167
10.1983 -2.5427 5.9631
9.0631 -1.9254 5.9106
11.3053 -1.5336 8.9840
9.5097 -3.3312 4.3845
10.8518 -3.1953 5.4289
8.0882 -3.2200 3.7840
11.2109 -3.3108 5.4076
8.4403 -3.3243 3.7806
9.6259 -0.5745 9.9147
11.8607 -3.3178 5.7690
9.7792 -3.2036 4.7930
7.2367 -1.6044 5.8894
4.4071 -2.0531 3.9704
11.8519 -2.0560 6.7747
7.7127 -3.2891 3.4302
8.9679 -3.3379 4.0584
12.8248 -1.1216 10.6780
10.8037 -0.7994 10.1492
11.4219 -3.3767 5.3987
9.6751 -3.2362 4.6684
11.2017 -2.9771 6.0634
10.5979 -2.8088 6.0482
10.0086 -2.4150 5.8493
8.0982 -3.3311 3.5696
8.4816 -0.1560 4.6059
12.8046 -0.3204 12.2541
11.6398 -3.3246 5.6278
10.8157 -2.1973 6.5127
10.8277 -2.9886 5.8247
11.1132 -2.9039 6.1574
10.9573 -3.3381 5.2070
3.0943 -1.4872 4.3337
7.4909 -1.4422 6.3244
5.7989 -2.6154 3.6600
11.3078 -0.2280 11.5727
8.3957 -2.7333 4.9260
10.1527 -2.9886 5.4350
9.0887 -3.1236 4.5527
11.5134 -3.0850 6.0297
8.1008 -2.2714 5.0658
4.7697 -2.2496 3.7906
12.4719 -3.1426 6.4692
12.1168 -2.2240 8.0844
8.8590 -1.5500 6.3699
9.6768 -3.2893 4.5642
11.0461 -2.0973 6.6448
8.7858 -2.2871 4.9790
12.2334 -2.4388 7.7262
11.1488 -2.7796 6.4244
13.1258 -1.0618 10.9704
10.6781 -3.4127 4.8978
10.4814 -3.3828 4.8435
11.8038 -3.3705 5.6316
10.3049 -2.9653 5.5689
6.4838 -2.5973 4.0914
8.7150 -3.3445 3.8993
11.7894 -2.2501 7.8437
7.6179 -1.7065 5.8540
9.1929 -2.7643 5.3250
9.7060 -2.7334 5.6825
8.6677 -0.3786 4.7249
11.9141 -3.3830 5.6706
11.9201 -3.0950 6.2448
4.8615 -2.0222 4.2942
10.4662 -3.3512 4.8974
7.5474 -3.0643 3.7801
8.6455 -3.4008 3.7476
7.2377 -2.9768 3.7748
3.3866 -1.7427 3.9963
12.6480 -0.9355 10.9447
10.8226 -1.4656 7.9654
15.5167 -0.5748 13.3163
11.8053 -2.9887 6.3891
10.4825 -1.4904 7.5545
13.6391 -1.7039 9.9944
11.6288 -2.9654 6.3333
7.0106 -3.0218 3.5543
8.1543 -2.6848 4.8829
10.4849 -2.3181 6.0382
12.1752 -3.3109 5.9643
7.5272 -1.2782 3.7494
7.9580 -3.4007 3.3506
4.3164 -0.7271 6.5459
12.7032 -2.3719 8.1299
12.4797 -2.9415 6.8721
11.6212 -3.3578 5.5514
7.3174 -2.0592 4.7166
9.4071 -3.1423 4.6997
11.7990 -2.8089 6.7417
7.3936 -1.7206 4.0556
9.4080 -3.3949 4.1996
8.7684 -1.2409 6.9621
7.9035 -2.7174 4.6733
10.4370 -1.7598 7.2687
8.5060 0.4619 4.5050
2.0872 -0.2276 6.2482
12.4601 -3.0950 6.5566
9.4610 -2.7644 5.4798
7.9298 -2.1886 5.1474
11.6777 -2.7177 6.8524
10.9075 -3.1332 5.5843
10.1887 -3.3313 4.7765
10.0839 -3.3766 4.6262
6.0983 -2.6507 3.7630
10.6241 -3.0112 5.6624
8.2452 -3.2200 3.8747
9.1106 -2.9164 4.9760
2.7406 -0.9350 5.2238
11.8180 -2.9655 6.4425
3.6839 -1.4399 4.7680
10.2679 -0.9996 9.4430
10.4984 -3.3447 4.9289
8.7188 -1.4056 6.5906
9.1648 -2.9412 4.9582
13.7984 -0.5747 12.3241
7.8585 -1.4160 6.2205
12.5090 -0.8688 10.9966
10.1433 -1.3877 7.7821
12.4880 -2.2501 8.2470
13.5708 -2.2502 8.8722
6.6527 -2.8368 3.7143
8.4999 0.4787 4.4811
11.3917 -1.5780 8.9458
13.9310 -1.0618 11.4353
9.0034 -3.3379 4.0789
12.2226 -2.7646 7.0743
9.5562 -3.0645 4.9399
8.9805 -3.3827 3.9769
0.7627 -0.0301 5.8747
10.6343 -2.1918 6.4941
8.4364 -3.1141 4.1950
15.6667 0.1862 14.9110
9.3164 -2.1525 5.4176
6.2658 -2.1969 4.7590
11.9124 -2.1132 8.1859
11.5903 -0.9354 10.3340
7.8528 -3.2200 3.6481
11.7665 -3.2673 5.8146
7.1530 -0.9995 7.6443
11.7467 -2.7492 6.8298
12.3941 -2.7178 7.2660
6.5974 -2.3715 4.6045
10.9203 -3.3177 5.2260
9.6827 -3.3106 4.5253
11.5376 -3.4186 5.3826
6.6269 -1.1790 6.9848
10.8718 -3.1953 5.4405
11.0103 -3.3641 5.1860
7.8613 -1.8705 5.6997
8.6473 -2.7175 5.1028
8.4049 -2.2262 5.1083
8.3954 -3.1780 4.0448
10.8422 -3.4010 5.0159
2.9632 -0.9350 5.3523
12.2697 -3.3706 5.9006
11.3320 -3.0222 6.0493
5.0142 -2.2496 3.9317
12.2265 -3.2967 6.0220
11.1466 -3.3829 5.2275
10.0819 -3.2362 4.9033
10.2780 -3.3313 4.8281
7.3086 -0.6523 8.4221
8.5042 0.0766 4.8118
8.9809 -3.4008 3.9412
8.1888 -3.2035 3.8748
11.2572 -3.1695 5.7144
11.3420 -3.3578 5.3902
8.3696 -3.0435 4.2963
8.6287 -2.8370 4.8552
9.3029 -3.1423 4.6395
12.1515 -1.2350 10.0643
9.5094 -3.3703 4.3069
9.3794 -1.8890 6.2711
9.6954 -2.6206 5.7046
11.6655 -2.7492 6.7830
10.4984 -3.3037 5.0101
5.0164 -1.8901 4.6455
12.3975 -2.5215 7.6569
10.4950 -1.9465 6.8284
11.6325 -3.0112 6.2447
8.2420 -3.2360 3.8410
8.5253 -3.1044 4.2654
7.7884 -3.1865 3.6772
9.2233 -3.1604 4.5577
6.1434 -0.7272 7.6009
9.6533 -3.3889 4.3533
10.3085 -3.0221 5.4584
12.0250 -1.4775 6.4786
8.4117 -3.3035 3.8054
8.3551 -2.4584 4.8499
2.5594 -0.6521 5.6797
8.1923 -2.3745 4.8577
9.4474 -3.1045 4.7978
5.3363 -2.1968 4.2223
10.5413 -2.9654 5.7054
8.7778 -3.0747 4.4703
10.1375 -3.3107 4.7878
10.3776 -3.0748 5.3939
10.7035 -3.2442 5.2466
6.3404 -2.4596 4.2814
10.3732 -3.2746 4.9954
11.7638 -3.0647 6.2145
11.6507 -0.5746 11.0839
9.0546 -2.4381 5.2066
7.6790 -3.1513 3.6839
8.4838 0.2959 4.5465
8.4865 0.2073 4.6028
8.3552 -3.0110 4.3524
8.4000 -0.4532 4.9962
10.0901 -3.2965 4.7885
9.4466 -1.4201 7.1856
10.5253 -3.3245 4.9844
9.5940 -3.2820 4.5309
9.2849 0.5748 4.0737
9.4011 -0.1314 10.6629
8.2669 -3.2963 3.7359
8.7380 -2.8777 4.8376
11.0937 -2.3225 6.3247
11.4153 -2.8779 6.3834
8.9550 -3.3106 4.1051
8.0840 -2.9411 4.3342
9.2640 -1.8527 5.8647
8.2616 -1.6619 5.9221
7.6196 -3.1603 3.6317
9.0477 -3.2670 4.2449
8.2317 -3.0644 4.1752
3.3270 -0.3200 6.7812
9.4449 0.5800 3.8560
-1.3427 0.0758 4.8686
12.0727 -3.1954 6.1338
13.1588 -2.5794 7.9820
2.9209 -1.4399 4.3274
11.1400 -2.0188 6.9039
10.5786 -3.4127 4.8404
6.7477 -0.9352 7.5376
11.6302 -3.1144 6.0390
0.5170 -0.3199 5.1585
-0.4106 -0.4082 4.4478
8.9344 -3.2670 4.1795
9.7223 -1.5917 7.2168
9.1125 -2.7643 5.2786
10.9496 -1.7076 7.5009
11.0441 -2.7177 6.4866
12.6866 -2.1700 8.5205
9.3224 -2.9533 5.0252
12.7875 -2.0839 8.7495
7.5504 -2.3535 4.2817
10.6997 -0.9354 9.8196
10.1331 -0.0304 11.2858
13.8326 -1.2351 11.0350
11.7114 -3.1606 5.9942
6.9161 -0.0303 9.4281
4.8055 -1.7811 4.7395
10.0727 -3.1694 5.0305
11.3921 -0.0305 12.0128
10.6450 -2.3458 6.1233
9.3612 -2.8508 5.2508
10.5898 -3.1238 5.4194
8.6376 -3.2200 4.1012
8.9690 -3.3765 3.9825
9.5114 -3.1423 4.7599
4.7735 -1.3407 5.5939
7.4773 -1.4865 3.9088
9.4915 -3.2892 4.4572
9.9521 -3.2201 4.8602
8.2228 -2.9769 4.3435
9.5863 -3.2595 4.5709
7.3853 -1.7790 5.6240
9.9096 -1.2061 7.9855
11.5542 -2.2424 6.6995
10.9270 -3.1047 5.6521
8.8036 -3.2361 4.1653
10.1912 -2.9290 5.5752
11.0107 -3.3246 5.2646
7.7623 -2.8776 4.2742
9.9722 -2.1014 6.2728
12.4922 -3.0439 6.6765
9.5167 0.5906 3.9459
11.4259 -2.7336 6.6755
9.8646 -3.3107 4.6303
5.5857 -2.0532 4.6509
10.0873 -0.9354 9.4661
10.0993 -3.3313 4.7250
11.9433 -1.5925 6.6146
10.4828 -0.0304 11.4877
13.2907 -1.7038 9.7932
6.4971 -0.7272 7.8051
8.1928 -3.4007 3.4862
9.3436 -1.2042 7.6081
6.5928 -0.3657 5.3816
7.1473 -2.9411 3.7934
9.8423 -3.3245 4.5900
7.4285 -2.0886 4.7600
11.9177 -1.8905 8.6303
7.3567 -3.1691 3.4624
7.6393 -3.2280 3.5089
12.4422 -2.9040 6.9247
5.7285 -2.0834 4.6736
13.2739 -0.9998 11.1787
13.6089 -1.0618 11.2493
7.5877 -3.1235 3.6861
11.7346 -1.8189 8.6664
2.3709 -0.0302 6.8034
9.6024 -2.2166 5.6770
12.9693 -2.5015 8.0268
8.2597 -3.2439 3.8356
9.2887 -2.7794 5.3504
11.3482 -1.1215 9.8254
12.0877 -3.3448 5.8465
11.2422 -2.8646 6.3099
7.8865 -2.1323 5.1776
12.8454 -2.5015 7.9553
9.9189 -1.2555 7.9429
1.2654 -1.0611 4.1218
9.1922 -3.4068 4.0515
10.8343 -2.8231 6.1564
9.0438 -1.3891 7.1675
8.4559 -3.4125 3.6148
6.0904 -2.3942 4.2667
12.8556 -2.3487 8.2641
4.6994 -0.3200 7.5737
7.9906 -3.2818 3.6051
12.1858 -2.8511 6.8816
12.1751 -2.3719 7.8250
9.3081 -0.9353 9.0161
10.4201 -2.8231 5.9173
6.7977 -1.2984 5.9943
6.9508 -0.8685 7.7871
10.1805 -3.2671 4.8990
0.1249 -0.3198 4.9321
10.1040 -0.9996 9.3483
7.3459 -3.1043 3.5845
6.2478 -2.0223 5.0946
9.0695 0.5427 4.1229
11.5801 -3.1782 5.8834
7.5881 -2.7793 4.3686
7.3390 -3.0434 3.7012
2.5966 -1.3910 4.2369
10.9605 -2.1419 6.5273
7.4096 -3.1950 3.4416
11.2532 -2.4010 6.4603
8.0342 -0.1314 9.8736
15.8134 0.1862 14.9957
8.7252 -1.5797 6.1944
10.4427 -3.2202 5.1434
8.4734 -3.3311 3.7862
1.9592 -0.7270 5.1847
12.9218 -2.8090 7.3900
4.3545 -0.9351 6.1557
10.6230 -0.7274 10.1876
5.6622 -2.3000 4.2061
5.8477 -2.3481 4.2178
9.4880 -2.2380 5.4950
13.8101 -0.7995 11.8852
8.5111 -0.6524 9.1165
8.8983 -3.0220 4.6442
10.9925 -3.2966 5.3095
10.1701 -2.7335 5.9505
9.2082 -2.9165 5.0324
7.2373 -2.9288 3.8697
8.3163 -1.3313 6.6061
10.8072 -3.2894 5.2168
9.3196 -3.1867 4.5612
11.7528 -3.0438 6.2496
9.2107 -3.1952 4.4814
6.9381 -1.6966 5.1157
7.0718 -1.5281 5.9600
9.7409 -3.3766 4.4282
9.6684 -3.4009 4.3381
11.6035 -3.4186 5.4206
8.3414 -2.4348 4.8595
11.0928 -3.4128 5.1372
10.6457 -3.0948 5.5091
7.1274 -1.9137 4.9084
9.5235 -1.7172 6.7393
7.2749 -1.7484 5.3754
8.6245 -3.2819 3.9711
2.6556 -1.3405 4.3710
11.4024 -3.3829 5.3752
11.2013 -3.2596 5.5033
8.7586 -3.4067 3.8012
10.4175 -2.0599 6.6411
11.6200 -3.4186 5.4302
9.5970 -1.5031 7.1694
9.5964 -2.3959 5.4918
10.8048 -2.4012 6.2019
14.1540 -0.8688 11.9465
11.9398 -3.3315 5.7876
11.3832 -3.3890 5.3520
8.1257 -3.4007 3.4475
9.9321 -1.9227 6.4003
6.4016 -2.4165 4.4022
2.0181 -0.7270 5.2188
9.2591 -3.1867 4.5263
9.6287 -3.1142 4.8834
7.2448 -2.2806 4.3163
10.9568 -3.3246 5.2334
8.4622 -1.1476 6.9025
9.3703 -2.0375 5.8227
11.1818 -3.1238 5.7612
10.3479 -1.7774 7.0766
12.1490 -2.9655 6.6336
9.5346 -0.4933 10.0229
5.6538 -1.1212 6.5373
12.1699 -3.3830 5.8183
11.6003 -3.3951 5.4653
11.1087 -2.9654 6.0330
9.6013 -3.4009 4.2994
9.7319 -3.1331 4.9055
9.5126 -2.9999 5.0429
12.8081 -2.5412 7.8551
11.3545 -3.1869 5.7361
8.6600 -2.5321 5.0516
10.0054 -2.9770 5.3727
6.6973 -2.8906 3.6334
2.7388 -0.3199 6.4416
8.2428 -2.0683 5.4174
10.8692 -3.1694 5.4903
7.8878 -3.3702 3.3707
11.0123 -3.1606 5.5905
11.3364 -1.2350 9.5936
6.4089 -2.1969 4.8416
0.6616 0.0757 6.0260
5.8657 -2.5973 3.7345
9.9127 -1.4278 7.5469
11.8771 -3.4070 5.6016
8.6121 -0.1310 4.6702
7.5890 -2.3083 4.5035
12.3529 -3.1955 6.2956
10.5195 -2.8088 6.0030
6.8790 -1.2988 6.0478
9.7750 -1.9713 6.5209
4.4755 -0.9993 6.0982
7.5395 -1.2568 3.7998
11.6990 -3.1047 6.0978
7.7136 -3.2117 3.5840
10.0626 -2.6849 5.9847
13.9004 -1.7039 10.1453
10.2973 -1.9477 6.7197
10.2689 -3.3446 4.7964
6.5580 -2.5788 4.1709
10.1215 -1.8836 6.6736
11.2555 -3.1782 5.6960
6.0473 -1.7429 5.5325
9.5063 -1.4148 7.1554
10.1202 -2.7943 5.8012
7.3915 -1.6969 3.9511
8.1957 -3.2818 3.7235
8.7057 -3.3311 3.9203
10.3460 -2.3306 5.9896
8.4627 -3.0328 4.3712
8.8620 -3.1780 4.3141
5.8349 -1.9905 4.9191
9.1617 0.5385 4.0307
11.1769 -2.7645 6.4705
5.6011 -1.1212 6.5069
8.6723 -1.4002 6.4979
11.6465 -3.2442 5.7910
9.3554 -3.0436 4.8654
6.8049 -1.2949 5.9342
10.5014 -2.3141 6.1167
6.9315 -2.7488 4.0497
11.9849 -1.8189 8.8110
5.2915 -1.5777 5.4234
13.1190 -1.9584 9.1895
12.0420 -2.8373 6.8259
9.1550 -1.6919 6.1188
7.4288 -2.1930 4.5448
11.9243 -0.9354 10.5268
10.9062 -1.4519 7.8646
9.4017 -3.0645 4.8507
12.3994 -0.9998 10.6737
8.8196 0.5824 4.2001
11.4160 -2.9654 6.2104
8.2323 -1.6603 5.8946
11.1548 -2.9771 6.0364
7.0189 -2.9650 3.6717
9.5682 -2.0811 5.9684
8.2219 -2.8086 4.6764
9.2916 -2.9885 4.9378
6.4660 -0.7150 5.5420
11.7937 -3.1606 6.0417
7.8508 -3.2035 3.6797
11.8838 -1.9436 6.7189
9.1716 -3.2361 4.3777
12.1401 -2.0227 8.4968
9.8548 -3.1046 5.0330
8.7263 -1.7509 5.9893
8.9711 -1.3456 7.2064
10.0973 -3.2037 4.9767
13.3557 -0.4934 12.2294
8.6554 -2.0567 5.3562
7.8015 -0.8685 8.2784
11.1747 -1.3915 9.1901
9.8828 -3.3107 4.6408
7.9370 -3.3243 3.4900
11.8539 -1.9584 8.4591
10.5808 -1.2058 8.3622
8.7169 -3.2517 4.0842
8.5494 -0.1154 4.5918
7.5232 0.1865 10.2084
9.0169 -1.4632 6.8986
9.2747 -3.3175 4.2759
7.6036 -2.1009 4.9042
7.4448 -1.6002 3.9172
8.8465 -2.4842 5.1217
10.0827 -1.1214 9.0947
9.3833 -3.4009 4.1735
4.8974 -1.9579 4.4424
9.2134 0.5765 4.1393
2.1611 -0.0301 6.6822
10.1669 -3.1237 5.1753
7.4903 -2.7174 4.4348
11.9842 -3.0331 6.4044
7.9215 -3.0435 4.0376
11.6775 -3.3513 5.5967
9.7217 -2.7176 5.7231
8.0875 -2.8776 4.4620
11.7030 -3.2121 5.8873
8.0123 -2.8908 4.3926
7.8272 -2.7793 4.5067
12.7858 -1.7433 9.4234
8.5813 -3.1236 4.2598
10.7264 -1.1973 8.2161
9.0312 -3.1693 4.4292
10.8602 -2.8231 6.1714
7.2979 -2.1116 4.2232
10.5406 -1.8709 7.0428
10.7648 -2.8779 6.0078
10.0823 -3.1237 5.1264
7.3323 -1.7854 5.3824
12.2517 -2.6851 7.2486
11.2082 -2.9291 6.1623
11.0319 -3.1954 5.5329
12.0698 -3.1239 6.2739
10.7597 -3.0000 5.7629
9.2977 -3.3445 4.2357
12.4029 -1.1215 10.4344
2.8751 -1.0612 5.0513
10.6266 -3.2441 5.2021
11.4094 -3.3642 5.4164
2.6454 -0.4930 6.0447
8.0445 -1.8180 5.7458
8.3841 -3.3311 3.7346
5.6266 -2.4164 3.9547
4.7939 -1.6208 5.0506
12.9552 -0.1315 12.7153
8.4590 -2.8908 4.6505
7.9490 -2.3446 4.8075
5.7947 -2.4805 3.9249
11.9330 -1.9584 8.5047
11.1927 -3.3108 5.3971
9.0562 -3.0541 4.6718
11.9300 -3.3642 5.7170
6.2863 -2.0223 5.1168
8.9006 -3.0541 4.5820
9.2599 -3.0747 4.7486
7.2825 -0.1313 9.4395
8.2593 -2.7333 4.8472
9.9301 -1.6721 6.9545
9.9619 -3.3176 4.6727
10.1970 -3.3176 4.8084
5.9156 -2.6154 3.7273
13.4722 -2.2757 8.7648
2.2490 -0.7990 5.2094
11.7836 -2.2021 6.8945
13.5013 -1.6632 9.9954
8.6599 -3.3175 3.9210
4.2452 -1.8900 4.2001
11.7985 -1.7432 8.8533
8.0252 -3.3948 3.4013
5.5257 -2.3000 4.1273
10.6547 -3.2747 5.1579
9.5468 -1.5812 6.6802
9.9873 -1.5062 7.4250
4.3610 -2.0222 4.0051
9.7233 -2.0849 6.3340
11.0941 -2.2666 6.3359
8.6096 -3.2745 3.9772
8.1982 -3.2669 3.7544
9.2029 -3.1141 4.6375
7.8123 -3.3311 3.4045
7.4797 -2.1669 4.7030
7.4612 -0.8685 8.0819
7.4995 -2.8369 4.2032
5.9012 -2.0223 4.8945
8.3995 -3.3378 3.7303
9.1815 0.0754 10.9460
12.6308 -2.1974 8.4341
9.7651 -3.2671 4.6591
6.4927 -0.6695 5.5270
10.1659 -2.1529 6.2083
8.8832 -3.3765 3.9330
11.7476 -3.2967 5.7455
8.5010 -0.1131 4.4805
8.2502 -2.7941 4.7215
10.7828 -0.4086 10.9115
11.7066 -3.1695 5.9738
9.4326 -3.2282 4.5442
8.2515 -3.3639 3.5932
7.4624 -3.1779 3.5061
10.3782 -2.7795 5.9795
4.9094 -2.2496 3.8712
12.0714 -2.1700 8.1653
10.6552 -2.7014 6.2941
11.0122 -3.1694 5.5729
10.9028 -3.0646 5.7174
5.8739 -1.9905 4.9416
8.6163 -1.9853 5.5956
9.0706 -3.1952 4.4006
5.4233 -2.3000 4.0681
12.0827 -3.3315 5.8701
8.1745 -2.9884 4.2928
9.6003 -3.0645 4.9654
10.9001 0.0754 11.9385
10.1715 -3.4009 4.6286
8.2940 -3.1779 3.9862
8.4610 -3.1044 4.2283
10.6269 -3.0222 5.6422
10.5020 -2.9166 5.7793
8.4035 0.1865 10.7167
3.9628 -0.7271 6.3417
8.7632 -3.3765 3.8637
10.5434 -2.8910 5.8540
7.5066 -3.1329 3.6207
2.9557 -0.2277 6.7497
13.4175 -2.1974 8.8883
12.1848 -1.7433 9.0764
5.0586 -1.8185 4.8117
5.9420 -2.1128 4.7386
9.2294 -3.3888 4.1085
12.9175 -2.7178 7.5683
8.9529 -2.6200 5.2748
10.2157 -3.1694 5.1130
8.4761 -1.5378 6.0469
12.1056 -2.4388 7.6524
8.7505 -2.9037 4.7933
4.8720 -1.3407 5.6508
8.3324 -3.3243 3.7183
10.7689 -2.0458 6.7907
8.2990 -2.3401 4.9976
7.0753 -2.9410 3.7518
10.6697 -3.1046 5.5035
7.5500 -1.9818 5.2827
7.4226 -3.1329 3.5723
6.6109 -2.6846 3.9917
8.7035 -0.4319 4.7632
10.0502 -3.2202 4.9168
12.2184 -1.8552 8.8739
11.0516 -3.2038 5.5276
7.7515 -1.4662 6.2007
8.8882 -2.8777 4.9243
11.3631 -3.2894 5.5378
9.8219 -2.3476 5.7302
11.7689 -3.0949 6.1575
8.0833 -3.2891 3.6442
14.8144 -1.1794 11.7125
7.2493 -2.6679 4.3936
14.0793 -1.5337 10.5857
11.0147 -2.9039 6.1005
10.9516 -3.1868 5.5034
8.1085 -0.2665 4.3988
11.5249 -0.9997 10.1688
9.8476 -1.4683 7.4330
11.7810 -3.0331 6.2871
10.2995 -2.0471 6.5247
8.3001 -3.2361 3.8746
10.6930 -3.4069 4.9180
8.8921 -3.1330 4.4207
10.9124 -3.2037 5.4473
11.1280 -3.3951 5.1927
3.1521 -1.5775 4.1881
11.3303 -3.3381 5.4224
11.2207 -2.8372 6.3517
12.8334 -2.4811 7.9889
-1.4046 -0.0300 4.6232
7.5301 -3.0109 3.8761
9.9803 -3.3380 4.6430
9.5822 -2.1464 5.6468
11.7760 -3.0001 6.3496
11.6052 -2.9654 6.3196
9.1638 -3.0848 4.6731
12.8779 -0.5746 11.7926
11.4345 -3.2966 5.5647
11.1666 -1.5336 8.9039
5.7646 -2.3000 4.2652
13.8927 -1.4879 10.5689
8.3299 -3.1141 4.1335
9.5897 -0.7993 9.4482
8.1415 -3.2669 3.7217
11.4340 -3.3890 5.3814
9.0684 -2.1410 5.4326
8.2817 -0.0032 4.4421
8.9527 -3.3948 3.9367
9.2022 -3.4126 4.0457
9.8333 -2.3656 5.7038
9.0684 -2.7490 5.2835
10.9073 -1.5804 7.8055
6.8595 -2.6333 4.2371
1.5639 -0.8682 4.6765
11.3101 -2.9039 6.2711
12.2613 -3.1869 6.2596
13.6689 -0.4934 12.4103
11.2463 -2.8372 6.3665
8.2018 -3.3510 3.5900
13.0129 -2.0839 8.8796
5.6997 -2.0532 4.7168
11.1349 -1.1792 9.5878
9.0042 0.6464 4.0588
9.6885 -3.2119 4.7242
6.5357 -2.9035 3.5145
8.5944 -3.2281 4.0603
11.5961 -3.0949 6.0578
7.5395 -1.2054 3.7998
2.1309 -0.8682 5.0039
10.5123 -3.4127 4.8021
10.9436 -2.9771 5.9145
7.8353 -3.2360 3.6062
11.1883 -3.2203 5.5739
8.2288 -0.3202 9.6118
6.2294 -0.2278 8.6401
11.0490 -3.2672 5.4004
3.4315 -1.8184 3.8722
5.7786 -1.7812 5.3014
3.9205 -1.8900 4.0127
6.4196 -0.9498 5.7640
9.4589 -2.2089 5.4834
8.6096 -2.2456 5.0958
10.5132 -3.3380 4.9506
4.1131 -1.4399 5.0158
12.6287 -2.5015 7.8301
7.6485 -3.2593 3.4521
11.4597 -2.9771 6.2124
8.3489 -1.6580 5.9461
8.1098 -2.9164 4.3982
9.9513 -1.8968 6.4610
11.6640 -3.4011 5.4903
7.8239 -3.2891 3.4944
8.4870 -2.1285 5.1614
11.0994 -2.1791 6.5249
12.2828 -1.6212 9.3748
8.4168 -3.2891 3.8367
11.5872 -3.0647 6.1125
8.2915 -3.0946 4.1498
11.2260 -3.2283 5.5797
9.6668 -0.3202 10.4422
7.5454 -3.1235 3.6617
10.0269 -3.0748 5.1915
7.4370 -2.2641 4.2985
11.7580 -3.1144 6.1127
11.4307 -1.9870 7.2264
11.3308 -1.2889 9.4836
1.8277 -0.4083 5.7403
9.9379 -3.0436 5.2017
9.4900 -3.0645 4.9017
9.1141 -3.2964 4.2250
11.2875 -3.1238 5.8222
11.1562 -3.1606 5.6736
4.3253 -1.5331 4.9537
11.0634 -2.9166 6.1035
7.3431 -2.7642 4.2570
9.7287 -3.1515 4.8673
10.2458 -2.9886 5.4887
9.8425 -1.7423 6.8203
9.8441 -2.2193 6.0183
8.9655 -3.2518 4.2277
6.6057 -2.5211 4.3129
10.8132 -2.8645 6.0622
12.4458 -3.0001 6.7364
9.6787 -2.7334 5.6668
5.8794 -2.5010 3.9332
8.9261 -3.1141 4.4777
8.0714 -3.1692 3.8750
8.6430 -1.9142 5.6193
10.9316 -2.1522 6.5427
7.7146 -2.8907 4.2207
8.4734 -3.1866 4.0726
9.5934 -2.7942 5.4971
9.4321 -3.3766 4.2499
10.8539 -2.7491 6.3144
7.9594 -2.7489 4.6432
2.2070 -0.4929 5.7916
8.9783 -3.2594 4.2199
7.4458 -2.0312 4.9563
-0.7246 -0.3198 4.4416
10.9387 -1.2534 8.4835
5.9927 -2.4596 4.0806
8.8849 -3.0436 4.5938
6.7511 -2.8642 3.7169
8.1999 -2.5784 4.8188
10.2839 -3.2820 4.9292
10.2823 -2.9165 5.6525
12.3762 -3.2285 6.2437
8.6997 -3.1780 4.2204
13.1534 -1.8190 9.4857
11.9620 -3.2822 5.8981
8.2078 -0.1894 4.4278
8.5366 -3.3105 3.8635
8.8125 -0.1983 4.7439
8.7222 -3.2745 4.0422
7.2757 -3.1329 3.4874
12.7926 -0.8688 11.1604
12.0404 -2.5015 7.4904
8.0450 -2.3196 4.8843
8.4944 -1.9592 5.5686
8.8823 -3.0110 4.6568
9.8380 -2.4837 5.6928
9.7339 -2.2234 5.7726
7.2930 -2.0919 4.5737
12.1528 -3.2967 5.9794
11.2001 -2.9887 6.0397
6.2362 -2.6154 3.9125
5.9731 -2.5599 3.8705
6.0948 -1.0614 6.9105
12.0665 -3.4011 5.7227
7.5078 -1.9422 5.4425
8.2156 -1.4881 6.2242
10.8495 -2.2554 6.4159
8.1424 -3.2594 3.7373
6.8941 -0.8685 7.7544
6.6238 -2.7011 3.9665
11.2674 -2.8646 6.3245
8.5536 -2.9037 4.6796
7.3785 -1.8745 4.0820
12.2168 -2.8090 6.9829
7.7368 -3.2280 3.5651
8.3050 -3.4183 3.5162
9.4335 -3.2440 4.5133
12.2207 -2.9040 6.7969
9.2333 -3.3703 4.1475
11.0745 -3.1516 5.6443
10.1178 -2.4146 5.9114
12.1760 -3.3448 5.8975
7.4620 -2.8776 4.1009
11.1611 -2.9166 6.1599
2.4624 -0.9350 5.0631
10.3138 -2.5283 5.9977
9.4084 -3.1604 4.6645
8.7894 -3.2281 4.1728
10.4133 -3.0000 5.5629
10.6979 -3.2966 5.1394
12.3957 -3.2285 6.2550
11.8336 -3.2520 5.8836
11.3023 -1.8114 7.5895
12.0616 -3.3891 5.7437
12.3461 -1.9249 8.8095
10.3821 -3.3577 4.8360
12.2470 -2.6512 7.3131
8.1573 -0.4258 4.4806
13.9057 0.1863 13.8941
8.7067 -3.3575 3.8687
10.0593 -3.4068 4.5521
9.3976 -3.2745 4.4321
6.5451 -0.5763 5.5440
8.7909 -1.9033 5.5058
10.9621 -2.5319 6.3800
11.3480 -3.3381 5.4326
9.2624 -3.3445 4.2153
10.4111 -3.2362 5.0934
10.8224 -3.2672 5.2696
11.3969 -2.8510 6.4261
12.2354 -0.9997 10.5791
9.8716 -3.3703 4.5160
10.7019 -3.0542 5.6220
9.1432 -2.7175 5.3891
10.8742 -2.2550 6.5210
10.8940 -3.2202 5.4040
8.1108 -3.3826 3.4748
7.8123 -3.0644 3.9331
8.2250 -3.4067 3.4931
6.1600 -2.5973 3.9044
11.2075 -2.7336 6.5494
11.7903 -3.2597 5.8434
10.6106 -3.3107 5.0610
8.1054 -1.6648 5.8519
12.3355 -2.9415 6.7889
10.9469 -3.0646 5.7429
10.7652 -3.0330 5.7005
7.6993 -0.2279 9.4890
13.1253 -2.6338 7.8548
7.1798 -2.7012 4.2875
8.8929 -2.8230 5.0355
7.0846 -1.8295 5.0394
9.0661 -3.1514 4.4847
12.8726 -2.5978 7.7801
6.7423 -0.5743 8.2496
7.8264 -3.1691 3.7335
2.7931 -1.1787 4.7711
7.7357 -3.1235 3.7716
8.8393 -3.3888 3.8833
8.5872 0.5284 4.3778
8.8090 -2.3951 5.0356
8.4938 -3.2361 3.9864
9.9972 -2.7176 5.8821
9.6440 -3.3949 4.3359
10.2382 -2.2388 5.9304
9.8991 -3.0221 5.2220
11.0715 -3.2038 5.5391
9.5029 -2.2726 5.3563
14.3437 -0.6527 12.4845
11.7383 -3.2822 5.7689
8.8559 -2.7941 5.0713
10.4186 -3.2519 5.0667
7.8698 -3.3638 3.3728
8.4733 -2.7489 4.9399
7.9258 -2.4017 4.6922
6.5161 -2.1969 4.9035
9.0774 -2.9289 4.9321
8.3699 -1.9712 5.3966
12.2296 -2.9536 6.7037
6.8874 -2.7641 3.9939
7.7788 -2.9884 4.0644
12.2353 -2.3248 7.9530
6.9851 -1.7420 5.1697
9.6869 -1.8685 6.5381
8.0431 -0.2194 4.6885
12.7300 -2.9536 6.9927
12.1968 -3.2122 6.1724
7.0735 -2.9768 3.6800
8.2008 -3.1236 4.0401
8.6168 -3.2964 3.9379
11.9209 -1.9909 8.4331
8.5184 -3.3105 3.8530
12.5696 -2.4170 7.9635
12.2563 -2.7178 7.1865
10.9798 -1.2350 9.3877
8.1071 -3.2281 3.7789
8.4360 -0.4229 5.0059
7.5341 -3.1513 3.6002
8.9020 -2.2795 5.0268
12.1821 -2.4170 7.7397
9.9589 -1.4257 7.5489
10.7877 -3.0330 5.7136
9.2898 -1.7080 6.5457
6.1148 -0.9994 7.0448
9.5735 -2.4495 5.5325
5.2224 -1.8548 4.8343
6.4304 -2.7332 3.7913
10.4495 -3.1424 5.3015
10.9578 -2.0116 6.7716
4.7149 -1.2346 5.7702
8.6034 -1.7259 5.7751
9.8559 -3.1781 4.8879
12.6961 -2.0537 8.7565
6.7527 -0.4085 8.5843
9.4916 -2.1115 5.4891
10.9196 -2.9654 5.9238
11.4230 -3.0222 6.1019
4.7698 -0.4084 7.4393
7.7372 -2.8776 4.2598
9.4730 -3.2892 4.4465
7.4228 -1.9365 5.3668
10.2137 -3.0948 5.2597
10.1149 -3.2282 4.9381
7.9418 -2.0042 5.4380
11.8623 -2.8373 6.7222
9.0574 -2.8087 5.1588
9.7053 -0.7993 9.5150
13.3962 -2.2502 8.7714
11.9997 -1.5689 6.5252
1.3494 -0.9349 4.4205
11.1986 -2.2674 6.3982
9.1256 -3.2440 4.3356
10.6512 -3.3245 5.0570
13.0004 -1.9584 9.1210
5.1162 -2.3000 3.8908
9.9456 -2.1324 6.2422
9.2078 -2.2100 5.2571
8.0600 -3.3764 3.4577
10.0869 -3.1605 5.0563
8.2518 -3.1866 3.9447
12.6332 -1.2890 10.2356
9.8497 -2.3472 5.8265
9.9817 -2.4390 5.7437
7.1929 -0.9352 7.7947
5.4567 -1.9244 4.8316
7.1239 -1.2616 6.4644
11.3089 -3.3513 5.3839
10.9118 -3.1953 5.4636
14.7760 -1.1217 11.8047
7.6517 -2.9411 4.0846
8.6509 -2.7793 4.9822
9.3668 0.6634 3.8665
10.4643 -3.3828 4.8336
12.1813 -3.2284 6.1312
3.7596 -1.3911 4.9084
9.7289 -3.3511 4.4717
9.3617 -3.2036 4.5520
7.4996 -3.0540 3.7731
9.1537 -3.3639 4.1141
11.7911 -3.3642 5.6368
10.1124 0.0754 11.4836
8.6293 -1.6275 6.1855
7.6751 -3.0434 3.8953
11.5430 -3.0647 6.0870
9.8065 -3.2893 4.6391
8.9156 -3.2670 4.1686
10.8865 -3.1332 5.5722
8.4620 -1.8705 5.6543
9.9636 -3.1605 4.9850
11.4391 -3.0438 6.0685
7.7185 -2.7642 4.4737
12.5373 -2.4170 7.9449
9.2393 -3.3949 4.1023
8.4964 -2.3471 4.8865
9.1054 -3.1780 4.4546
11.9126 -3.3642 5.7069
11.0620 -3.3705 5.2033
10.9014 -2.1388 6.5879
11.7852 -1.9249 8.4857
8.9306 -3.4008 3.9121
12.0251 -2.8232 6.8440
10.2988 -1.3721 7.6591
9.5861 -2.6197 5.6396
9.5257 -2.1044 5.6837
9.8196 -1.2982 7.7314
11.9502 -1.3916 9.6379
11.7839 -1.0617 10.1955
6.9770 -2.7792 4.0157
7.9050 -3.3702 3.3806
9.5930 0.6026 3.9310
10.3067 -3.0646 5.3733
9.1615 -3.3888 4.0693
9.3019 -2.3489 5.2816
12.1083 -1.4877 9.5386
9.9210 -2.8509 5.5740
11.9631 -2.7492 6.9548
9.7655 -2.7014 5.7804
6.9328 -2.9767 3.5987
11.3662 -3.3890 5.3422
11.4265 -3.2121 5.7277
9.3509 -2.9999 4.9495
7.4277 -1.8380 5.4986
9.3830 -3.1045 4.7607
12.3713 -0.0305 12.5783
6.8298 -2.9650 3.5625
10.5899 -3.3037 5.0630
9.2822 -3.2036 4.5061
13.7352 -1.2891 10.8719
11.4117 -2.1720 6.7801
5.1597 -1.4873 5.5264
11.8841 -3.3108 5.7962
9.9601 -1.2050 7.9833
8.7547 -1.8715 5.8278
12.6527 -2.8912 7.0718
8.4878 -2.8777 4.6932
12.1507 -1.2020 6.4124
8.8688 -3.3510 3.9751
11.7937 -3.4070 5.5535
8.5763 -2.7643 4.9690
9.1439 -0.3202 10.1402
12.2287 -2.7178 7.1706
13.6884 -0.7275 11.9577
3.5467 -0.9993 5.5619
3.2616 -0.3200 6.7435
12.8384 -2.5412 7.8726
3.1040 -1.1788 4.9505
12.4098 -2.0227 8.6525
6.4128 -2.6507 3.9446
6.4682 -0.7992 7.6457
10.8778 -3.4185 5.0017
9.7014 -3.3576 4.4430
9.6053 -3.2595 4.5819
8.9347 -3.3765 3.9627
6.1621 -1.9580 5.1726
15.0049 -0.8689 12.4379
6.9196 -3.0218 3.5018
6.0181 -1.8185 5.3657
9.6313 -0.4086 10.2466
10.3490 -3.0111 5.5036
6.6834 -2.9035 3.5998
11.5178 -2.2811 6.6180
9.5588 -2.9999 5.0695
9.8172 -3.3176 4.5891
12.2014 -2.4388 7.7077
7.9912 -3.3574 3.4556
8.2006 -3.3575 3.5765
11.5880 -3.1606 5.9229
10.2598 -2.3240 5.8471
10.8270 -1.2350 9.2995
8.1134 -3.3575 3.5261
8.3645 -3.3887 3.6092
8.6052 -1.8917 5.6613
10.0745 -1.6568 7.2315
8.9299 -3.2964 4.1187
7.9814 -2.4204 4.6924
13.8506 -0.3204 12.8582
9.1924 -1.5845 6.8508
7.6556 -2.7174 4.5302
11.9249 -3.1783 6.0825
8.3959 -0.1359 4.4334
9.5589 -3.2362 4.6014
12.0780 -2.9655 6.5926
11.4703 -0.9997 10.1372
10.4300 -2.0730 6.5632
9.8569 -2.0939 6.1801
12.1396 -3.2521 6.0603
12.2835 -2.3005 8.0291
9.9731 -1.9439 6.5160
10.7647 -1.9180 6.8602
8.9438 -3.0220 4.6705
9.0101 -3.2440 4.2689
-1.2045 0.1868 5.1683
11.1006 -3.3246 5.3165
11.3566 -2.2716 6.5003
10.4115 -0.4933 10.5293
5.3063 -0.8684 6.8375
10.7962 -3.3313 5.1273
8.1418 -0.8685 8.4748
8.8801 -3.2892 4.1042
6.9719 -1.1212 7.2984
10.0100 -3.3313 4.6734
8.1801 -2.9411 4.3897
6.4624 -0.1313 8.9659
7.4552 -2.9288 3.9955
6.6562 -2.9287 3.5342
8.3215 0.0460 4.4475
11.4960 -3.3246 5.5448
10.8681 -2.9166 5.9908
11.6978 -0.6525 10.9566
10.9409 -2.9039 6.0579
12.3140 -3.2673 6.1308
8.1025 -3.2818 3.6697
9.9835 -3.1046 5.1073
11.6036 -3.3891 5.4793
8.2397 -3.3378 3.6380
8.6802 -3.0947 4.3743
5.3983 -2.2496 4.1535
5.7698 -2.6154 3.6432
8.2042 -3.3378 3.6175
11.5680 -2.3662 6.6315
1.4607 -0.9349 4.4847
9.6587 -3.3511 4.4312
9.9269 -3.2362 4.8138
12.5043 -2.7178 7.3297
6.1904 -2.7641 3.5914
10.8268 -3.2966 5.2139
8.7771 -3.3312 3.9616
9.1234 -3.3765 4.0716
11.8872 -3.0438 6.3272
1.0195 0.0757 6.2327
9.4926 0.5723 3.8930
10.9661 -2.9291 6.0225
4.0623 -0.6522 6.5475
9.6361 -2.0884 6.1609
12.9138 -2.1133 8.7641
7.1703 -2.7940 4.0981
10.2272 -2.9038 5.6458
9.6102 -1.7751 6.4154
7.4513 -3.1512 3.5524
11.2910 -3.0000 6.0696
7.4329 -3.0539 3.7346
12.2197 -1.6631 9.2554
7.2066 -1.9615 4.8351
10.5534 -2.8371 5.9664
9.1316 -1.3476 7.3301
8.6701 -3.2670 4.0269
11.7573 -0.9354 10.4304
12.3280 -3.0750 6.5200
7.8668 -2.9288 4.2331
9.9396 -3.3512 4.5933
5.7467 -1.5777 5.6862
12.1044 -3.2895 5.9658
9.3589 -2.2356 5.2540
9.0419 -3.2518 4.2718
9.2429 -0.7993 9.2479
10.3955 -3.2037 5.1488
12.4671 -1.9910 8.7485
9.6502 -2.4842 5.5854
11.7942 -3.2822 5.8012
11.7443 -1.4404 9.4222
8.3944 -1.6965 5.9555
11.3664 -0.3203 11.4236
9.0771 -1.6009 6.2506
8.4273 -3.1422 4.1340
11.0691 -2.7795 6.3784
10.9658 -2.9166 6.0471
10.3416 -3.3176 4.8919
7.3936 -1.6918 4.0556
12.4093 -1.3411 10.0030
8.0961 -2.2605 5.0310
9.5729 -3.1604 4.7595
8.3800 -1.0505 7.0289
9.5278 -2.7794 5.4885
8.2814 -3.1422 4.0497
8.6390 -2.2642 4.9924
8.7503 -3.3175 3.9732
9.1357 -2.8087 5.2040
4.3110 -1.6626 4.6888
8.8756 -3.0220 4.6311
8.9282 -3.3639 3.9839
3.4517 -1.7811 3.9578
10.1095 -2.8231 5.7380
10.0037 -3.4185 4.4970
8.8822 -3.4183 3.8495
9.8662 -2.6849 5.8713
10.6030 -3.3890 4.9016
8.0259 -3.3638 3.4630
7.4258 -3.1865 3.4678
7.1581 -1.8838 4.9645
0.8268 -0.8682 4.2509
11.2414 -2.6850 6.6653
11.1891 -1.8961 7.3488
12.5330 -2.6512 7.4783
11.9993 -3.0438 6.3919
8.4443 -0.1314 10.1104
12.8479 -2.3947 8.1683
6.1214 -0.7992 7.4455
10.4554 -2.8509 5.8825
9.7872 -3.2119 4.7812
7.6975 -3.0434 3.9082
2.8162 -0.5742 5.9825
11.2729 -2.2800 6.7290
5.9746 -2.6678 3.6577
7.3552 -1.9929 4.8984
7.0807 -1.5055 5.7413
11.3446 -2.5790 6.6352
10.3123 -2.0018 6.6406
11.9989 -2.0838 8.2942
12.6609 -1.2351 10.3584
9.9157 -3.3446 4.5925
12.8403 -0.6526 11.6164
10.9736 -3.2747 5.3420
10.4390 -3.2120 5.1575
8.9973 -3.2594 4.2309
7.9711 -0.7993 8.5136
10.3994 -2.8371 5.8775
7.4641 -1.4643 3.9320
7.1932 -1.9138 4.9466
9.8939 -0.6524 9.9150
10.5238 -1.4876 7.5504
9.7989 -2.8230 5.5586
5.2496 -0.8684 6.8048
9.3784 -2.7334 5.4934
10.4820 -3.4185 4.7731
8.3943 -2.8508 4.6925
4.2074 -0.1312 7.6637
9.0397 -3.3175 4.1402
12.7955 -2.3005 8.3247
9.5620 -0.7273 9.5749
4.9740 -1.7033 4.9911
9.7191 -3.3106 4.5463
12.0457 -3.2039 6.1016
6.1276 -1.8548 5.3570
7.7902 -3.0644 3.9203
8.8337 -3.3510 3.9548
12.2552 -3.3830 5.8676
9.8495 -3.2362 4.7691
8.4731 -0.9353 8.5340
12.3268 -1.1793 10.2761
9.0383 0.5557 4.2510
10.7337 -2.6682 6.4054
11.8523 -3.1333 6.1298
12.6273 -0.7275 11.3449
8.8235 0.0754 10.7393
5.1594 -2.1695 4.1743
12.3787 -1.1793 10.3060
10.2516 -2.9999 5.4696
7.6173 -3.2199 3.5122
11.7828 -3.3513 5.6575
7.2017 -2.9532 3.8008
12.2146 -3.3578 5.8940
14.7189 -0.5747 12.8557
13.9841 -0.9356 11.7162
15.2351 -0.4935 13.3147
7.1620 -1.9941 5.1125
8.0555 -3.0540 4.0941
8.8535 -3.2745 4.1180
8.8507 -3.2518 4.1615
11.2803 -3.3246 5.4202
11.4614 -3.3642 5.4465
6.1645 -2.1128 4.8671
11.6683 -2.9292 6.4280
15.7093 -0.4089 13.7564
7.1253 -2.8085 4.0433
10.6924 -2.1610 6.5381
11.5930 -3.3108 5.6282
10.1579 -3.3380 4.7455
8.1161 -3.3311 3.5799
10.9240 -3.3704 5.1236
7.7756 -2.3458 4.7107
11.1375 -2.1383 6.8330
9.1486 -3.4008 4.0380
9.2035 -1.2564 7.5498
9.3572 -1.1923 7.2901
5.6657 -1.5332 5.7276
8.5658 -0.1291 4.9776
11.9386 -3.4129 5.6255
11.5625 -0.3203 11.5369
11.5288 -3.2038 5.8031
12.0212 -3.0750 6.3429
10.3202 -3.3704 4.7750
10.4229 -1.2982 8.0792
8.7833 -3.4183 3.7924
10.5782 -3.0112 5.6359
6.8677 -2.8506 3.8111
7.2211 -2.0168 4.6347
11.3194 -2.3352 6.6436
7.5900 -2.2974 4.4751
4.3148 -1.4873 5.0385
10.5310 -3.0748 5.4825
9.9256 -2.0817 6.3036
8.9341 -3.1330 4.4449
7.3201 -2.0142 4.1221
7.9687 -0.4932 9.1187
10.3046 -2.7943 5.9077
10.5886 -2.2533 6.3515
5.1704 -1.2886 5.9264
10.9302 -2.0758 6.6179
9.9745 -2.9999 5.3095
0.5152 -0.7989 4.2082
9.4758 -1.5809 6.6364
8.0363 -2.9288 4.3310
8.6097 -2.4347 4.9419
11.6235 -3.4128 5.4436
11.1481 -3.2283 5.5346
10.6674 -2.8910 5.9256
10.4762 -3.4069 4.7928
8.7920 0.5795 4.2153
10.1445 -2.5728 5.9289
10.2408 -3.1046 5.2559
8.3446 -3.0540 4.2610
6.6364 -0.9352 7.4734
9.9129 -3.2201 4.8375
13.0559 -2.3487 8.3797
7.7175 -2.1614 5.0550
7.8447 -3.1513 3.7795
7.2561 -2.7488 4.2371
13.6524 -1.4405 10.5240
9.3950 -2.7794 5.4118
1.5719 -0.4083 5.5926
4.7358 -1.9244 4.4154
12.1595 -3.3768 5.8245
7.1822 -3.0434 3.6107
6.1694 -0.9994 7.0763
7.3158 -3.1691 3.4388
10.7974 -3.3381 5.1147
5.1764 -1.9244 4.6697
4.1302 -0.4084 7.0699
9.9390 -2.8778 5.5311
8.9510 -3.3575 4.0097
11.0158 -2.7943 6.3183
4.6212 -2.1968 3.8094
8.0952 -2.5590 4.7854
10.6209 -2.9039 5.8732
10.5548 -1.9207 6.9180
9.7139 -3.1781 4.8060
10.1927 -1.6533 7.2740
9.6551 -3.3766 4.3786
8.2495 -0.0280 4.4326
12.1185 -3.3315 5.8907
7.6995 -0.9995 7.9598
8.8367 -1.9443 5.5575
7.8845 -2.8369 4.4255
11.3641 -1.7816 8.5264
7.8585 -2.1558 5.1173
7.9890 -3.0746 4.0148
11.8504 -3.3314 5.7360
11.8735 -1.4877 9.4030
8.1445 -3.0540 4.1454
8.7357 -0.4086 9.7294
7.4085 -2.2305 4.3604
9.0157 -3.3035 4.1541
5.2959 -1.5332 5.5141
8.5569 -3.2670 3.9615
8.5622 -2.4780 4.9434
7.3785 -1.9037 4.0820
6.3248 -2.0223 5.1391
9.2750 -1.8577 6.0625
8.7516 -0.6524 9.2553
3.1971 -1.0612 5.2372
10.5848 -3.2893 5.0884
11.1305 -1.6271 7.6251
10.5813 -3.3767 4.9134
10.2005 -3.3950 4.6572
9.0164 0.5433 4.2192
10.5508 -2.9166 5.8075
3.9611 -1.8900 4.0361
12.3472 -3.3039 6.0775
12.5301 -2.8090 7.1639
6.3486 -2.7332 3.7440
12.0840 -2.8511 6.8228
7.4227 -1.7333 4.0046
11.2240 -3.1238 5.7856
7.9134 -2.3060 4.8625
10.1099 -1.3840 7.7122
9.7887 -3.3576 4.4934
10.7282 -3.0748 5.5963
8.3216 -2.9533 4.4474
6.4682 -2.5407 4.1945
5.9598 -2.3942 4.1913
12.2662 -3.3109 6.0168
9.2632 0.5544 4.0102
8.3783 -2.9164 4.5532
11.9136 -2.8373 6.7518
7.3631 -1.8844 4.1090
11.4849 -3.3890 5.4107
7.5512 -1.2289 3.7792
11.5963 -3.1869 5.8757
8.6790 -2.9533 4.6538
7.0839 -1.5155 5.8427
5.9267 -2.6506 3.6639
7.8109 -3.0540 3.9528
8.5073 -0.3629 5.0251
3.4266 -0.4083 6.6636
8.9905 -3.1952 4.3543
8.7693 -1.5114 6.3521
11.2150 -2.2412 6.6785
9.3260 -2.5738 5.4588
12.3599 -3.0648 6.5587
10.9105 -1.6037 7.6415
9.2875 -3.3827 4.1542
14.0781 -1.5782 10.4969
5.7577 -1.7033 5.4436
12.1190 -2.8373 6.8703
11.7642 -3.0223 6.2989
10.1455 -3.2441 4.9244
8.0882 -2.8643 4.4889
11.9090 -2.0227 8.3634
7.3043 -2.9163 3.9331
12.9623 -2.0537 8.9102
8.0026 -2.0334 5.4351
11.4536 -3.3829 5.4047
5.8627 -2.0223 4.8722
9.5011 -2.9885 5.0587
10.1476 -2.1088 6.2787
8.5198 -3.2200 4.0332
2.2114 -0.4083 5.9619
8.2976 -2.8229 4.6918
8.7056 -2.8370 4.8996
10.5796 -2.7335 6.1869
9.7990 -3.0111 5.1860
7.3188 -2.7012 4.3678
8.7376 -2.8230 4.9459
6.1902 -0.5743 7.9308
9.6665 -3.4126 4.3138
11.4665 -3.0949 5.9830
3.9016 -1.7427 4.2936
11.9689 -1.6212 9.1935
7.3230 -1.7798 5.3447
8.6402 -3.1330 4.2752
11.6893 -2.2617 6.9180
13.5317 -1.5782 10.1814
12.1446 -2.8373 6.8852
10.3036 -3.1424 5.2173
8.4689 -3.3826 3.6815
11.3548 -3.0222 6.0625
10.4894 -3.3245 4.9636
9.7164 -3.3703 4.4264
11.9835 -2.9655 6.5380
11.9261 -3.3038 5.8344
9.4809 0.5934 3.9868
10.8264 -3.4069 4.9950
8.6025 0.5500 4.4736
8.5363 0.0183 4.5710
9.1537 -3.2745 4.2913
11.1898 -3.0647 5.8831
9.5222 -3.1142 4.8219
6.8903 -2.8085 3.9076
10.8799 -2.7335 6.3603
13.7964 -2.0228 9.4531
4.7331 -1.4400 5.3738
11.8424 -0.2280 11.8814
4.3311 -2.0531 3.9265
5.1633 -2.1127 4.2890
9.8305 -2.7942 5.6340
10.9319 -3.1953 5.4752
7.6372 -1.3463 6.4474
5.1438 -2.3941 3.7201
10.6833 -3.3107 5.1030
-1.4859 0.0758 4.7859
9.9076 -3.2362 4.8026
4.4603 -1.2346 5.6232
7.9165 -2.4498 4.5767
7.9008 -2.6679 4.7698
7.2368 -2.8776 3.9709
9.9093 -3.4068 4.4655
11.4555 -2.0787 6.9310
12.1708 -3.4129 5.7596
11.8218 -3.1144 6.1496
8.9178 -3.0947 4.5115
9.2827 -3.4009 4.1155
9.5068 0.5858 3.9348
5.2321 -1.1211 6.2938
7.3605 -1.7980 4.0008
7.9879 -2.9411 4.2787
9.1306 -3.1952 4.4352
9.7258 -3.4068 4.3596
9.3652 -2.2099 5.3477
12.3110 -1.9910 8.6584
12.4251 -2.4388 7.8369
14.8498 -0.2281 13.6181
8.4913 -3.3311 3.7965
8.7899 -1.4804 6.4785
7.9404 -2.9532 4.2273
9.2484 -1.9695 5.7568
10.4208 -2.1720 6.4167
9.9790 -2.7335 5.8402
9.6463 -3.3106 4.5042
10.2792 -2.2756 5.8887
10.7342 -3.3704 5.0141
11.2783 -3.4010 5.2676
10.4957 -3.4127 4.7925
10.3617 -3.1331 5.2691
8.3231 -3.1422 4.0738
10.3739 -3.1142 5.3136
12.0844 -2.1420 8.2283
11.9236 -2.6683 7.0924
9.0969 -1.4991 6.8413
10.2025 -2.9038 5.6316
11.4517 -2.1032 6.8983
9.4308 -3.1952 4.6085
9.9426 -3.4068 4.4847
7.6924 -2.3210 4.5134
8.1655 -3.0644 4.1370
8.0532 -3.1140 3.9737
9.6954 -3.2893 4.5749
8.2587 -2.4526 4.7806
9.6437 -1.8155 6.6546
-0.8378 0.1868 5.3801
5.3961 0.1866 8.9800
12.1199 -3.1144 6.3217
8.3604 -3.4008 3.5830
7.0292 -0.4932 8.5762
11.4492 -3.0112 6.1388
10.8771 -3.0222 5.7867
9.6685 -3.3446 4.4498
9.9492 -3.3036 4.6931
7.5161 -2.8907 4.1061
2.9169 -1.2884 4.6252
12.6145 -2.9041 7.0242
9.6960 -2.3143 5.4976
9.6327 -3.1781 4.7591
8.0274 -3.3034 3.5835
11.1860 -3.3513 5.3129
5.6010 -1.3912 5.9718
10.9506 -3.1606 5.5549
11.8414 -1.7432 8.8781
8.1619 -3.0946 4.0750
7.9516 -0.2481 4.6473
10.1127 -3.2519 4.8900
7.6180 -2.7940 4.3566
8.3651 -2.7489 4.8774
10.7884 -1.4977 7.8033
9.2231 -3.3640 4.1542
7.9566 -2.4379 4.6446
8.4000 0.0881 4.4577
8.6364 -1.3612 6.5518
6.6389 -2.6846 4.0079
9.9751 -3.3704 4.5758
11.4733 -3.3767 5.4284
8.1684 -2.3540 4.8736
11.9574 -1.6140 6.5899
10.8786 -2.2740 6.3957
8.1913 -3.1866 3.9098
3.6682 -0.7270 6.1716
11.7354 -2.9887 6.3488
12.3400 -0.1315 12.3600
11.9674 -1.4877 9.4572
12.2203 -3.2284 6.1537
11.6961 -2.3293 6.6892
9.4964 -2.5354 5.5416
7.3777 -2.1956 4.4256
11.2504 -3.2038 5.6424
9.5444 -3.3576 4.3523
10.8889 -2.8645 6.1059
8.2844 -1.8967 5.6756
11.8844 -3.1783 6.0591
12.4296 -2.5604 7.5984
10.0100 -1.4683 7.5265
12.0785 -3.3891 5.7534
11.1886 -2.8910 6.2265
12.6342 -2.4170 8.0008
11.6678 -3.3381 5.6172
9.3027 0.5660 4.0242
8.7603 -3.2118 4.1883
3.2547 -1.4399 4.5201
3.1882 -1.4872 4.3879
9.1785 -3.3888 4.0791
6.3632 -1.0614 7.0654
8.7710 -3.4126 3.7968
11.3110 -2.7645 6.5479
7.7085 -1.8074 5.7252
7.3324 -2.4072 4.2119
12.4281 -2.5215 7.6746
6.0033 -2.4383 4.1290
11.0114 -3.2520 5.4089
10.5007 -1.9734 6.7857
6.0310 0.0755 9.1267
12.3587 -2.6159 7.4475
7.8081 -3.0328 3.9932
13.2062 -1.8553 9.4442
7.9630 -2.9037 4.3386
8.5347 -2.5742 5.0028
10.5529 -3.0748 5.4951
10.2513 -3.2283 5.0169
8.2148 -0.5744 9.0999
7.9893 -3.1140 3.9368
8.8095 -1.8378 5.8800
10.5269 -0.4086 10.7637
11.4902 -1.5336 9.0908
12.2566 -3.1048 6.4198
11.8522 -0.4934 11.3613
8.0614 -3.3510 3.5089
11.3747 -3.3108 5.5021
11.9783 -3.1333 6.2025
11.1175 -3.1332 5.7055
8.4423 -3.3639 3.7034
10.7166 -3.1238 5.4926
11.2535 -3.2821 5.4890
11.5021 -3.2673 5.6620
9.1988 -3.3036 4.2598
11.0177 -2.0545 6.7118
12.3148 -2.7493 7.1579
11.2349 -2.5771 6.5677
10.1591 -1.6500 7.2313
10.5750 -3.0000 5.6562
5.3321 -1.9579 4.6934
8.6757 -3.3510 3.8636
8.3814 -2.9037 4.5801
11.9166 -1.3411 9.7185
2.5312 -0.4083 6.1466
12.1777 -2.9887 6.6041
9.3898 -3.0541 4.8644
13.3667 -2.1421 8.9687
8.9052 -3.0110 4.6700
13.1194 -1.2351 10.6232
9.9044 -1.8056 6.7511
6.2310 -2.5788 3.9820
8.6787 -3.2517 4.0621
10.1259 -2.0681 6.5035
12.4633 -2.7337 7.2745
8.5281 -3.4008 3.6798
10.0393 -3.3446 4.6639
10.3106 -2.8088 5.8824
9.4626 -3.2518 4.5147
10.6553 -3.3380 5.0327
9.4174 -3.2892 4.4144
11.0425 -2.7795 6.3631
11.1244 -2.7492 6.4706
9.7432 -3.2820 4.6170
10.2164 -2.2616 5.8959
6.0717 -2.5973 3.8534
7.5072 -2.5152 4.3486
7.9722 -0.9352 8.2447
0.8764 0.0757 6.1500
10.3909 -3.1046 5.3426
13.8526 -1.6213 10.2812
3.7822 -1.8547 4.0028
9.8438 -3.3766 4.4876
9.0185 -3.1045 4.5502
11.3084 -2.3504 6.5175
8.0656 -3.2744 3.6631
11.8972 -1.7038 8.9886
9.2925 0.5608 4.0116
7.3547 -2.7940 4.2045
8.5550 0.0770 4.8424
10.2697 -2.9413 5.5961
11.5070 -2.9040 6.3847
12.6553 -2.8647 7.1258
7.3649 -2.9997 3.8028
8.1308 -3.3575 3.5362
6.0216 -2.6846 3.6515
9.4601 -3.1693 4.6768
7.8565 -1.9817 5.4593
6.1569 -0.8684 7.3287
10.9728 -3.2363 5.4176
8.1604 -3.2669 3.7326
7.3177 -3.1329 3.5117
9.6959 -2.2845 5.4977
13.4567 -2.0538 9.1957
9.1199 -1.5710 6.6960
8.4951 -1.8938 5.7837
5.5297 -1.9579 4.8075
11.9495 -2.1132 8.2073
8.7994 -1.4424 6.5461
8.1680 -2.3912 4.8059
11.6868 -1.9909 8.2980
10.0914 -1.8805 6.6417
-1.1996 0.0758 4.9512
14.2683 -1.4879 10.7858
10.1674 -2.4388 5.8504
11.4317 -3.3513 5.4548
12.2445 -3.2039 6.2164
10.2285 -3.3107 4.8404
6.9643 -1.6444 5.3473
8.9336 -3.3575 3.9997
4.6418 -0.4084 7.3654
9.7148 -2.4712 5.6644
8.4655 0.0755 10.5325
10.7359 -3.1143 5.5226
11.0755 -3.1332 5.6813
14.4440 -1.2352 11.3880
11.0952 -3.1516 5.6562
10.9715 -3.1782 5.5321
13.4183 -0.4934 12.2656
8.5941 -3.1422 4.2303
15.6454 -0.4089 13.7194
7.8309 -3.2035 3.6682
10.1581 -2.7644 5.8823
7.9788 -2.4894 4.6326
7.9149 -1.4193 6.2921
11.5109 -3.3314 5.5400
9.5124 -3.0221 4.9988
4.9581 -0.0302 8.2974
10.1982 -3.3446 4.7556
11.9992 -3.0113 6.4564
10.9883 -2.0838 6.6788
4.0347 -1.3406 5.1673
11.6651 -1.9249 8.4163
11.3881 -2.1529 6.8085
13.8078 -1.6213 10.2553
15.7701 0.0752 14.7507
8.8401 -3.0435 4.5679
6.0389 -2.2236 4.5751
7.9313 -3.2200 3.6934
13.5983 -1.3917 10.5896
10.8141 -3.3313 5.1376
7.7937 -0.7272 8.5538
12.9798 -2.5216 7.9931
8.4085 -1.4115 6.4822
10.9029 -2.2199 6.5316
12.3094 -2.5604 7.5290
12.2821 -0.8688 10.8656
9.3805 -2.2285 5.3256
5.9077 -0.7271 7.4648
9.7481 -2.2416 5.7416
11.9545 -2.3486 7.7438
7.1893 -1.6505 5.5214
7.1189 -3.0846 3.4925
11.7042 -3.2442 5.8243
11.9142 -1.7816 8.8441
5.1890 -1.7428 5.0369
8.0261 -3.3574 3.4757
11.9797 -2.6159 7.2286
8.8554 -2.2161 5.1552
3.5984 -1.8184 3.9686
12.6031 -2.8912 7.0432
9.2401 -2.8087 5.2643
-1.8645 0.1868 4.7872
13.5131 -0.2281 12.8462
10.9522 -1.7889 7.2653
8.4122 -3.1236 4.1622
11.3425 -3.2966 5.5116
4.8579 -1.9579 4.4195
12.2477 -3.1144 6.3955
7.2140 -2.3360 4.2760
7.3917 -2.8228 4.1688
8.1162 -3.1236 3.9913
5.9287 -1.5777 5.7914
9.6037 -1.3376 7.4464
8.3379 -2.4841 4.8277
9.1413 -3.3244 4.1853
11.4322 -3.1954 5.7641
9.2978 -1.7713 6.4358
7.6169 -0.7272 8.4517
9.3479 -3.2518 4.4485
9.3889 -3.2819 4.4125
7.3433 -3.1421 3.5081
9.4439 -2.2098 5.3928
9.5114 0.6086 4.0221
13.6856 0.1863 13.7670
10.8637 -2.8645 6.0914
13.1833 -2.4170 8.3178
10.3052 -2.2493 6.1764
12.5664 -2.8780 7.0480
8.7836 -2.2733 5.0196
10.1573 -3.3828 4.6564
9.3729 -2.8370 5.2848
10.1056 -2.3386 5.9518
11.0976 -3.3577 5.2491
10.4662 -2.9534 5.6856
8.0581 -2.9884 4.2256
9.8143 -3.2595 4.7026
11.9544 -3.3951 5.6698
6.4379 -2.5407 4.1770
8.2300 -3.0746 4.1540
7.8268 -1.3398 6.4553
9.2774 -3.3312 4.2504
9.0252 -2.1490 5.1503
11.4372 -2.7944 6.5617
3.8491 -1.2346 5.2703
7.5540 -3.0846 3.7437
7.2772 -3.0539 3.6447
11.7345 -3.3448 5.6426
11.3233 -2.8372 6.4110
1.7475 -0.1311 6.2432
11.6279 -0.3203 11.5746
10.1174 -2.5726 5.9128
11.0685 -2.3983 6.3471
7.0004 -1.4837 5.9580
8.4594 -3.1692 4.0990
8.3679 -2.5761 4.9107
9.3236 -2.2293 5.4622
10.5054 -2.2470 6.2854
16.1069 0.1862 15.1652
8.1667 -3.2200 3.8294
12.2184 -3.3382 5.9351
13.4943 -1.8553 9.6106
11.6984 -3.2203 5.8684
-0.3979 -0.3198 4.6303
12.7289 -2.6851 7.5241
9.6743 -2.9999 5.1362
3.9510 -1.2346 5.3291
7.7952 -2.7333 4.5793
13.0193 -2.6512 7.7590
10.2654 -2.7644 5.9442
6.4082 -2.8228 3.6009
12.0232 -1.5689 6.5387
8.5201 -3.3826 3.7111
8.3448 -1.1470 6.8130
5.0464 -2.3714 3.7090
8.9979 -1.4944 6.7378
8.1839 -3.2360 3.8075
11.8130 -0.9354 10.4625
12.6144 -2.4810 7.8624
4.5867 -1.9904 4.1984
10.1678 -3.3512 4.7251
6.3292 -2.0834 5.0205
7.0575 -1.6043 5.4232
12.4170 -2.6159 7.4811
12.0360 -1.4196 6.4521
10.0451 -2.1229 6.1515
3.5782 -0.7990 5.9770
9.0931 -2.0255 5.6191
10.9161 -0.6525 10.5053
8.8675 -2.0140 5.5744
8.0127 -2.8507 4.4721
11.6412 -3.3829 5.5131
8.8073 -3.0220 4.5917
9.8092 -3.4068 4.4077
10.4631 -3.3447 4.9085
11.1273 -3.0222 5.9311
8.1707 -3.3243 3.6249
7.7182 -0.4932 8.9740
11.5533 -3.3178 5.5915
8.5935 -1.7204 5.9671
6.8150 -0.7992 7.8460
7.3369 -2.8776 4.0287
10.5587 -3.0222 5.6028
2.7549 -0.5742 5.9471
11.9377 -2.7944 6.8506
9.6420 -0.9353 9.2089
11.5450 -3.2121 5.7961
5.2497 -1.5332 5.4874
10.7550 -3.2120 5.3400
11.8769 -3.0949 6.2199
8.9513 -1.3752 6.9243
12.6205 -2.8233 7.1877
6.9277 -2.8642 3.8188
10.1982 -1.9484 6.6657
7.4481 -1.5379 3.8774
5.7949 -1.3912 6.0837
12.3418 -1.8553 8.9452
11.9070 -3.1144 6.1988
10.0274 -3.3512 4.6440
12.4061 -2.3719 7.9584
13.6683 -1.5782 10.2603
11.5579 -2.9654 6.2923
12.1509 -3.0223 6.5221
9.5409 -1.6102 6.5855
7.5650 -2.6847 4.5426
10.1220 -3.1515 5.0944
8.8401 -2.6221 5.2142
9.7452 -3.3949 4.3943
11.9990 -2.3248 7.8166
7.5029 -1.3441 3.8639
6.7459 -1.4230 5.6633
9.6015 -0.3202 10.4045
7.2228 -3.1140 3.4943
11.5505 -0.4087 11.3548
7.8927 -3.2280 3.6552
9.5625 -1.2482 7.5777
11.4858 -3.2121 5.7619
6.3961 -2.8368 3.5662
16.1999 0.0752 14.9989
10.4800 -2.0251 6.6838
12.0109 -1.4015 6.4961
9.2850 -3.0947 4.7234
11.3536 -2.6850 6.7301
3.6407 -1.3406 4.9398
7.9459 -2.0830 5.3013
10.9305 -3.1694 5.5257
9.0605 -2.4845 5.2458
6.4986 -2.6507 3.9941
6.1555 -2.6507 3.7960
9.2238 -3.3312 4.2195
8.7368 -0.7273 9.0984
12.3511 -2.9772 6.7271
4.3493 -1.8184 4.4021
12.4403 -2.8511 7.0285
7.4119 -1.7638 4.0076
8.2821 -3.0328 4.2669
9.8677 -3.0111 5.2257
8.6549 -3.4125 3.7297
6.2013 -2.5788 3.9649
7.3245 -3.1043 3.5721
10.1387 -1.5110 7.5596
8.4484 -1.8903 5.5642
10.5496 -3.3828 4.8828
10.6216 -3.1605 5.3649
7.1958 -1.7954 5.1328
7.4019 -2.9163 3.9895
12.2741 -2.3719 7.8822
8.2278 -2.7643 4.7678
7.9891 -3.0946 3.9753
13.2140 -0.4088 12.3154
12.2802 -2.7944 7.0483
12.2449 -3.2967 6.0326
12.1844 -3.1607 6.2673
10.7284 -2.8088 6.1236
10.0614 -3.3704 4.6256
9.2271 -3.3445 4.1949
12.4084 -0.1315 12.3995
11.4432 -2.9535 6.2497
11.3361 -3.3767 5.3492
11.1253 -3.2596 5.4595
9.4376 -2.8508 5.2948
14.0758 -1.6632 10.3271
9.0858 -1.7699 6.0846
9.0827 0.5384 4.0949
8.1966 -3.1513 3.9827
8.5628 -3.2118 4.0743
9.1622 -3.3035 4.2387
7.6417 -3.2360 3.4944
11.9219 -3.2364 5.9656
7.9994 -2.3869 4.7776
12.1900 -3.3315 5.9320
8.8613 -3.3379 3.9969
6.9295 -2.9036 3.7418
9.0375 -3.1866 4.3983
2.6935 -0.5742 5.9116
8.9228 -3.1780 4.3492
12.3562 -3.1333 6.4207
8.0749 -0.4869 4.7979
13.7213 -1.1216 11.1957
7.6764 -2.3175 4.5783
12.7500 -2.0839 8.7278
11.2392 -3.0331 5.9743
-0.4746 -0.4082 4.4109
11.2099 -2.9166 6.1881
2.2258 -0.1311 6.5194
8.5666 -0.0298 4.6101
11.8940 -2.0142 6.7619
8.2751 -3.4067 3.5220
11.7050 -1.1792 9.9170
4.3995 -2.0222 4.0274
9.8893 -1.6748 6.9491
12.8037 -1.0618 10.7844
8.7089 -1.8036 5.6530
13.7157 -1.9911 9.4695
9.1711 0.5538 4.0835
7.5548 -3.1513 3.6122
9.6847 -3.1693 4.8065
10.6407 -2.4858 6.1609
4.3754 -0.7271 6.5799
11.1261 -3.2520 5.4751
12.7349 -2.8373 7.2260
11.8992 -1.8456 6.6920
12.5517 -2.9415 6.9137
5.5526 -1.3912 5.9438
9.3111 -1.6586 6.8040
7.9584 -1.7155 5.8259
6.0483 -2.7331 3.5707
7.4959 -3.0434 3.7918
11.9974 -1.6643 6.5876
6.9270 -1.3558 6.1864
8.7346 -2.1384 5.2320
8.7653 -3.2036 4.2076
9.1058 0.5398 4.0817
9.4434 -1.9789 5.9059
7.5173 -2.0397 5.1803
10.8400 -0.2280 11.3026
10.1089 -2.0830 6.1684
8.6255 -2.7013 5.1223
11.8674 -3.4186 5.5730
9.9872 -1.8351 6.7434
10.8932 -3.4069 5.0335
8.0576 -3.4183 3.3734
7.6836 -2.5014 4.4894
10.2557 -3.3245 4.8287
10.0493 -0.9996 9.3167
9.3605 -3.4184 4.1256
5.7044 -2.2751 4.2797
9.3043 0.5758 4.0616
10.3155 -2.0936 6.4438
10.8435 -3.1238 5.5659
10.4546 -1.2029 8.2121
4.2718 -0.7991 6.3775
9.4424 -2.9770 5.0477
2.4801 -0.7990 5.3429
14.3541 -1.1217 11.5611
13.2650 -2.2757 8.6452
8.2765 -2.7941 4.7367
10.9909 -3.0331 5.8309
8.2616 -2.7174 4.8801
9.1477 -3.2201 4.3957
10.2834 -0.7994 9.8488
6.2409 -0.4085 8.2888
10.9607 -2.6850 6.5032
4.8853 -1.6626 5.0204
11.0603 -3.4010 5.1417
8.2626 -0.1155 4.4258
6.1779 -2.6154 3.8788
10.5310 -3.3380 4.9609
7.6165 -3.0746 3.7997
7.9363 -3.3105 3.5169
13.5016 -1.0618 11.1873
11.1259 -3.4128 5.1563
9.3430 -3.0329 4.8794
8.9576 0.5233 4.1879
11.2198 -3.3577 5.3196
8.3887 -3.3175 3.7644
9.9696 -2.7176 5.8662
8.5122 0.0184 4.5575
9.3106 -3.0436 4.8395
7.3685 -3.1512 3.5046
11.2125 -0.7274 10.5280
14.5651 -1.1217 11.6829
13.6767 -1.9911 9.4469
12.0713 -3.2203 6.0837
10.9280 -3.1238 5.6147
10.2217 -3.2120 5.0321
9.3282 -3.0947 4.7484
9.5732 -2.9413 5.1940
10.5475 -2.3060 6.2049
11.5275 -3.1047 5.9988
6.2639 -2.4805 4.1958
11.9752 -2.9415 6.5808
9.1537 -3.0436 4.7490
15.4851 -0.3205 13.8020
10.6691 -3.3245 5.0674
9.0096 -1.3464 7.2403
12.6847 -2.3947 8.0741
11.0369 -3.0000 5.9229
12.7711 -2.8511 7.2195
11.3093 -3.0222 6.0362
8.7880 -2.1400 5.2676
10.2237 -2.6681 6.1110
8.5085 -3.4067 3.6568
8.7927 -1.8798 5.5559
9.4050 -2.9413 5.0969
8.8374 -3.4126 3.8350
9.5972 -0.4933 10.0591
5.7142 -1.7033 5.4184
5.9694 -2.3000 4.3834
12.3867 -3.2364 6.2340
7.1150 -3.0434 3.5719
9.2447 -3.3445 4.2051
11.9287 -3.3448 5.7547
6.4585 -2.7641 3.7462
9.6206 -3.0848 4.9369
7.8387 -2.8907 4.2924
9.2702 -2.8370 5.2256
11.0890 -3.2363 5.4847
11.4953 -2.4452 6.6317
6.7917 -2.9162 3.6372
9.1387 0.5468 4.0826
9.0042 -3.0947 4.5613
7.3969 -2.8369 4.1440
10.1273 -3.0948 5.2098
11.1471 -3.2363 5.5183
6.2029 0.1865 9.4459
9.3668 -3.3312 4.3020
10.9899 -2.8645 6.1642
10.2174 -3.3950 4.6669
6.9296 -2.7011 4.1431
11.3370 -2.1403 6.8440
12.6556 -1.3411 10.1452
8.5644 -2.9412 4.6115
7.2116 -3.0945 3.5264
8.0876 -3.2281 3.7677
11.7921 -2.8232 6.7094
9.3680 -3.4126 4.1414
2.2901 -0.9992 4.8363
6.8902 0.0755 9.6228
8.5069 -3.2035 4.0584
9.9404 -2.6681 5.9474
2.9535 -1.4872 4.2524
11.1715 -1.9898 6.9459
10.3572 -3.2441 5.0466
10.4584 -3.2965 5.0012
10.1131 -2.9999 5.3895
12.8960 -2.4811 8.0250
8.0528 -3.1236 3.9547
2.3922 -1.0612 4.7724
11.6658 -3.2442 5.8021
8.6467 -2.1210 5.2294
4.5640 -1.8547 4.4542
6.3840 -1.1498 5.7854
10.5553 -3.2596 5.1304
8.1188 -1.2873 6.5525
7.9984 -1.4133 6.2684
14.8973 -1.0619 11.9933
10.1099 -3.3446 4.7047
8.8431 0.5484 4.2317
7.6833 -2.9768 4.0321
12.2807 -2.9772 6.6864
1.0353 -0.7989 4.5086
7.8551 -2.7941 4.4934
12.7564 -2.0228 8.8526
10.8831 -2.3810 6.2719
6.6699 -2.7940 3.8091
8.2949 -2.3786 4.9274
14.2726 -0.7996 12.1523
8.2983 -3.3175 3.7122
7.2432 -2.8907 3.9485
9.8438 -2.0707 6.2163
10.1757 -3.3380 4.7558
12.4119 -2.7945 7.1244
8.5181 -2.7793 4.9055
13.1417 -2.3948 8.3380
6.3885 -2.7173 3.7986
9.8436 -1.3896 7.6350
12.6225 -0.8688 11.0622
8.0524 -3.1329 3.9359
10.0228 -2.8509 5.6328
10.1960 -2.8909 5.6534
10.2857 -3.2202 5.0528
8.5188 -2.3950 4.9411
10.9889 -2.2781 6.4704
15.9387 -0.0306 14.6384
11.3590 -1.8189 8.4496
7.4353 -2.1278 4.6616
6.3145 -2.6678 3.8539
9.8886 -1.2523 7.8560
2.9076 -0.9350 5.3202
7.5299 -2.6163 4.4456
12.0943 -2.1973 8.1243
6.5260 -0.7992 7.6791
10.6491 -3.3177 5.0694
9.4492 0.5575 3.8694
9.8727 -2.3813 5.6893
11.3625 -3.2284 5.6585
11.4551 -1.7432 8.6551
8.0894 -3.2035 3.8174
8.8098 -3.0947 4.4491
7.5228 -2.9883 3.9166
8.7685 -0.2279 10.1063
11.6294 -3.3108 5.6492
10.6832 -3.1605 5.4006
11.0400 -2.8779 6.1667
12.2479 -3.2204 6.1856
11.9934 -3.3315 5.8185
8.0186 -2.3187 4.8665
8.2065 -2.7174 4.8483
12.0688 -2.2501 8.0050
9.5947 -3.1423 4.8080
11.0335 -3.1332 5.6570
10.1771 -3.2893 4.8531
4.7413 -1.5331 5.1939
11.1800 -3.2747 5.4612
10.2503 -2.4020 5.8836
12.7127 -2.4388 8.0029
10.3016 -3.0542 5.3909
5.4154 -1.6627 5.3265
14.1815 -0.2281 13.2321
7.8663 -3.1603 3.7742
9.0376 -3.3765 4.0221
8.9750 -3.3888 3.9616
12.6706 -2.1420 8.5668
3.0457 -0.1312 6.9929
8.1527 -3.3243 3.6145
9.7787 -2.8644 5.4649
11.8762 -2.9040 6.5979
9.7229 -3.1237 4.9189
9.7988 -2.6681 5.8657
1.2520 -0.9992 4.2369
11.2532 -1.8073 7.3296
11.0687 -3.2520 5.4420
5.6141 -2.3481 4.0829
7.0632 -3.0327 3.5632
7.6242 -0.1313 9.6368
14.5856 -0.9999 11.9362
12.1763 -3.1695 6.2450
8.4346 -1.5046 6.0971
9.9366 -1.8601 6.6410
9.9796 -2.7795 5.7493
9.5645 -0.5745 9.8793
6.7328 -0.7272 7.9412
13.0642 -2.4388 8.2058
10.1729 -2.7943 5.8317
13.5915 -2.1701 9.0430
9.9815 -2.9413 5.4297
8.9807 -2.1258 5.4378
12.5051 -2.3719 8.0156
11.3864 -3.2747 5.5804
12.8166 -2.8780 7.1925
11.0287 -3.3246 5.2750
7.0629 -1.5238 5.9118
9.6919 -2.2481 5.6402
12.0988 -3.3514 5.8400
12.8272 -0.7995 11.3177
8.6174 -3.2594 4.0115
8.7997 -2.9037 4.8217
12.1326 -2.6512 7.2471
12.5033 -3.0750 6.6212
7.0091 -0.1313 9.2816
10.9895 -2.8089 6.2744
8.2337 -2.0349 5.4254
8.7173 -3.0644 4.4556
11.2217 -3.2520 5.5303
7.5953 -2.8086 4.3146
7.5389 -3.1043 3.6959
7.5995 -2.0350 5.2088
12.0683 -3.1517 6.2181
11.8862 -3.3315 5.7566
4.1590 -1.7427 4.4423
14.8775 -0.4088 13.2760
12.7661 -0.4087 12.0568
10.4441 -3.3766 4.8342
8.7247 -3.3827 3.8292
10.6568 -3.2821 5.1445
10.4098 -3.3766 4.8144
12.1926 -1.3916 9.7779
11.8809 -3.3382 5.7403
9.3129 0.5714 4.0369
10.0915 -2.8371 5.6997
9.1166 -3.3312 4.1576
10.0624 -1.7790 6.9207
10.9609 -2.1941 6.4893
9.8388 -3.4184 4.4018
8.2288 -3.3887 3.5308
7.9865 -2.7642 4.6285
8.5912 -3.3105 3.8950
12.2196 -3.2673 6.0763
12.8150 -0.9355 11.0411
12.6665 -2.7493 7.3609
8.8726 -1.3677 6.7770
7.4371 -1.9545 5.2720
10.3702 -3.3037 4.9361
10.9226 -3.0222 5.8129
0.1902 -0.3198 4.9699
10.0484 -2.3346 5.8279
8.7282 -1.5296 6.4934
10.7626 -1.8892 6.8949
9.8872 -0.4086 10.3943
14.3580 -0.4935 12.8082
13.2878 -2.4388 8.3350
9.4745 -2.0418 5.7767
13.2047 -0.9355 11.2662
11.8013 -2.1564 6.8635
7.6474 -3.1865 3.5957
8.0610 -2.1260 5.2565
8.6466 -0.4585 4.7405
11.8198 -3.1516 6.0746
9.7587 -3.0436 5.0983
8.5318 -0.0890 4.4894
7.8202 -3.1235 3.8204
11.1597 -1.7210 7.4515
6.7337 -2.8085 3.8172
10.5107 -3.2893 5.0456
7.4083 -1.7413 4.0298
9.6574 -3.4184 4.2970
11.4386 -3.4186 5.3254
5.9370 -0.0303 8.8627
7.1016 -3.0219 3.6068
13.7264 -2.0839 9.2916
7.7215 -2.9288 4.1492
12.0132 -3.1425 6.2043
11.2905 -2.0480 6.9689
13.3942 -1.0618 11.1253
10.8700 -3.3512 5.1305
10.3224 -3.4009 4.7157
7.4379 -2.2733 4.3235
10.2198 -2.8371 5.7738
12.4898 -2.5978 7.5591
10.3365 -2.9290 5.6590
8.3845 -3.2744 3.8472
10.3458 -2.7644 5.9906
10.3190 -2.7644 5.9752
11.9142 -1.7209 6.6656
9.7493 -3.0329 5.1140
7.6247 -3.0219 3.9088
8.4184 -1.2424 6.7919
11.1637 -2.1812 6.7669
9.5927 -3.0111 5.0669
13.0884 -1.1216 10.8303
8.8059 -1.5774 6.2228
8.4690 -3.1422 4.1580
15.5174 -0.4088 13.6455
6.3303 -2.6846 3.8297
9.4237 -1.8830 6.2680
6.2394 -2.7332 3.6810
9.2290 -1.6757 6.5746
2.8269 -0.7990 5.5431
15.2110 -0.1316 14.0179
10.0458 -3.1605 5.0325
11.3828 -3.0850 5.9543
10.2989 -3.3641 4.7753
8.1953 -3.1603 3.9641
3.2066 -1.6625 4.0511
8.4472 -2.4828 4.8880
10.6794 -3.2966 5.1288
9.5370 -2.1703 5.5973
11.7714 -2.9167 6.5122
8.1978 -2.9884 4.3062
10.3821 -3.0849 5.3765
8.7505 -2.9533 4.6950
7.0437 -1.6181 5.5229
9.8903 -3.2595 4.7464
8.5371 -2.7175 5.0391
8.0358 0.0755 10.2844
8.5638 -3.3639 3.7735
11.0884 -3.2442 5.4688
13.5879 -1.9250 9.5266
9.7641 -3.3511 4.4920
7.7912 -3.2035 3.6452
8.8046 -3.3175 4.0045
8.1841 -2.6680 4.9333
10.1569 -3.2037 5.0111
11.5319 -0.0305 12.0936
3.5765 -1.8547 3.8840
6.2778 -2.5973 3.9724
11.7473 -3.0949 6.1451
9.9589 -3.2282 4.8481
12.8772 -1.5337 9.8916
7.1264 -1.5506 5.7601
10.3377 -3.3107 4.9034
1.5894 -0.5741 5.2741
12.8527 -1.3411 10.2590
8.4033 -3.2745 3.8580
9.0273 0.6475 4.0466
4.5025 -1.4873 5.1469
10.6242 -3.3512 4.9886
8.4666 -3.3035 3.8371
9.3988 -2.0038 5.8427
11.3955 -2.9535 6.2222
4.2426 -0.6522 6.6517
8.7442 -2.8644 4.8677
7.7404 -3.0328 3.9541
12.1334 -0.7995 10.9171
12.9270 -2.1420 8.7148
12.0131 -1.7433 8.9773
12.5102 -0.4087 11.9090
7.3645 -1.9502 5.0382
7.0483 -2.7642 4.0867
1.4972 -0.3199 5.7246
11.0366 -3.0112 5.9006
7.5389 -3.2199 3.4669
10.4128 -3.0542 5.4551
11.2792 -2.7944 6.4704
12.5043 -2.6851 7.3945
11.9312 -1.9400 6.7337
6.2468 -0.9352 7.2484
8.5344 -3.0220 4.4341
9.0560 -2.1764 5.1603
8.6989 -3.0110 4.5509
9.1173 -3.0329 4.7491
4.8159 -1.9244 4.4616
9.3808 -1.9275 5.9474
9.5815 -3.1867 4.7124
12.7338 -2.9293 7.0432
12.3536 -3.2822 6.1241
11.1407 -3.2894 5.4094
9.3213 0.5671 4.0130
8.8163 0.5645 4.3177
12.3556 -3.0223 6.6403
7.6595 -1.3834 6.2913
12.0505 -3.3830 5.7494
12.2717 -0.1315 12.3206
10.3446 -3.2202 5.0868
10.8582 -3.3950 5.0369
12.1523 -2.5215 7.5154
10.8079 -3.1694 5.4550
10.9423 -2.9414 5.9845
12.2045 -3.2822 6.0380
9.0814 0.5969 4.0368
13.5823 -1.8907 9.5915
10.8602 -1.2849 8.0893
9.1862 -2.1206 5.4371
12.0909 -3.0113 6.5093
8.5717 -0.2156 5.0105
8.4250 -3.3639 3.6934
11.3026 -2.9414 6.1925
10.1461 -2.9770 5.4540
11.1940 -2.1874 6.8035
8.0789 -3.0328 4.1496
11.6143 -3.0001 6.2563
13.0453 -2.3249 8.4207
5.6706 -1.7033 5.3933
10.9248 -3.3829 5.0995
8.5976 -2.2198 5.1063
10.0209 -3.3828 4.5776
10.0347 -3.0542 5.2368
8.6501 -1.7218 5.7782
8.0245 -0.1905 4.6682
12.9683 -2.4388 8.1505
13.2228 -2.3487 8.4760
11.0405 -0.2280 11.4183
10.5883 -0.9354 9.7554
12.2041 -3.3830 5.8380
12.3647 -0.7995 11.0506
9.1662 -3.3175 4.2133
9.2380 -3.0747 4.7360
3.1378 -0.7270 5.8653
12.1112 -3.2822 5.9842
0.4831 -0.0301 5.7132
9.5633 -3.3312 4.4155
9.0230 0.5609 4.2842
8.3368 -2.3536 4.9697
9.8111 -3.1952 4.8281
11.1325 -3.3577 5.2692
8.6286 -1.4010 6.4833
8.0610 -2.9164 4.3700
9.5176 -2.3959 5.4463
8.8198 -2.9998 4.6428
9.8934 -3.3576 4.5538
11.5022 -3.2203 5.7551
7.6688 -2.2987 4.5241
9.2390 -3.1867 4.5147
8.3127 -2.8777 4.5921
10.0051 -3.0437 5.2406
6.4561 -2.6678 3.9357
9.4736 -3.3176 4.3908
7.8035 -2.3485 4.4900
9.5476 -2.9885 5.0856
12.6457 -2.4810 7.8805
4.1547 -1.2346 5.4467
7.8055 -2.5262 4.5453
8.5980 -2.9769 4.5602
7.6923 -3.2818 3.4329
8.9211 -2.4388 5.1311
9.3535 -3.2964 4.3632
7.3631 -1.9139 4.1090
11.8992 -1.7581 6.6920
8.6065 -0.0087 4.6132
8.1316 -3.3510 3.5495
8.4354 -3.2891 3.8474
11.0616 -3.3767 5.1907
8.6287 -0.4316 4.7214
12.3501 -1.9910 8.6809
7.2520 -2.2104 4.2140
7.9666 -3.0540 4.0427
7.5115 -2.9532 3.9797
12.3453 -3.2895 6.1048
9.7494 -3.1515 4.8792
12.5166 -2.8511 7.0726
12.4347 -3.0113 6.7078
8.3348 -2.9998 4.3628
9.8090 -0.9353 9.3054
7.7133 -2.2379 4.7438
10.4412 -2.8088 5.9578
10.1427 -3.2120 4.9865
10.5603 -2.7644 6.1145
12.3357 -2.8233 7.0233
6.4975 -1.2347 6.7995
11.3051 -2.9291 6.2183
4.5033 -0.3200 7.4605
12.0654 -3.4187 5.6873
9.8371 -3.3703 4.4961
14.6394 0.1863 14.3178
11.6878 -3.2038 5.8950
9.0982 -3.4008 4.0090
11.9714 -1.8552 8.7313
4.7595 -0.2277 7.7913
13.2634 0.0753 13.3032
7.4222 -2.2573 4.3552
11.9155 -2.1973 8.0211
9.7089 -3.3640 4.4347
12.8153 -2.3947 8.1495
9.0236 0.5368 4.0879
13.2930 -0.4934 12.1932
11.8348 -3.1606 6.0654
9.4108 -3.1952 4.5970
9.8813 -3.1605 4.9376
8.4538 0.1885 4.5364
10.2834 -2.8645 5.7563
9.2519 -3.4126 4.0744
10.9924 -3.2747 5.3529
11.9993 -3.2822 5.9196
9.1390 -3.1141 4.6006
10.5090 -3.0748 5.4698
14.8967 -0.3204 13.4622
9.1426 -2.2488 5.2423
10.8498 -3.3314 5.1582
10.4795 -3.0542 5.4936
10.3705 -3.1515 5.2378
12.2007 -3.3038 5.9930
9.2225 -3.2036 4.4716
7.3474 -1.9840 4.1366
9.7428 -0.1314 10.8602
6.4145 -2.6846 3.8783
8.2769 -3.3311 3.6727
10.8951 -2.9535 5.9332
8.5859 -0.0652 4.5114
11.3075 -2.9166 6.2445
9.7626 -3.0221 5.1432
9.1809 0.5697 4.1388
8.7669 -0.5744 9.4187
11.3915 -2.4860 6.5946
7.1784 -1.6274 5.6729
12.9598 -2.5412 7.9426
7.6890 -3.1044 3.7826
8.1550 -2.2177 5.1438
-0.8521 -0.2275 4.5509
9.8336 -1.3438 7.6754
12.1755 -3.1239 6.3349
7.6579 -2.2121 4.8396
11.4213 -3.2821 5.5859
6.7357 -0.1313 9.1238
12.2556 -3.3038 6.0247
6.6874 -1.1513 6.0163
11.4363 -2.9771 6.1989
12.1174 -3.1425 6.2645
11.4416 -2.1765 6.8109
5.7323 -0.9994 6.8239
8.0828 -3.2963 3.6296
9.8467 -2.7794 5.6726
9.0557 -3.3575 4.0702
11.7750 -3.3108 5.7332
9.0094 -3.3312 4.0957
7.8716 -3.2118 3.6752
8.7024 -2.7175 5.1346
11.8295 -3.3108 5.7647
9.5535 -1.8827 6.1678
8.9401 -2.6848 5.3365
12.9383 -2.5015 8.0089
9.2011 -1.7496 6.0410
9.1715 -1.7485 6.0175
11.0105 -3.3381 5.2378
12.2411 -2.8780 6.8602
8.8214 -1.9784 5.6861
9.6997 -3.4126 4.3329
7.3922 -2.4874 4.2896
11.6849 -2.8911 6.5130
4.7149 -2.0833 4.0884
6.3129 -0.5743 8.0016
6.4630 -0.8044 5.6879
9.9385 -3.3313 4.6321
9.5864 -0.9353 9.1768
2.9021 -0.7270 5.7292
11.0693 -2.2311 6.3890
10.5661 -1.8080 7.1463
9.6763 -3.3511 4.4413
4.8275 -2.0833 4.1534
11.0126 -3.1238 5.6635
11.2290 -3.2121 5.6136
7.1173 -1.8779 4.9134
9.5796 -2.8087 5.4603
9.0035 -3.3175 4.1193
12.0541 -1.6003 6.5775
10.9502 -3.1516 5.5725
12.4909 -2.7945 7.1700
-0.5656 -0.0300 5.1076
8.8212 -3.2670 4.1141
10.3623 -2.1833 6.2086
11.3347 -2.9039 6.2853
9.6510 -1.8970 6.1262
12.6513 -3.0224 6.8110
7.2521 -1.9865 4.8131
7.7371 -2.5017 4.5209
13.0808 -0.6526 11.7553
10.6260 -1.1026 8.3797
7.9391 -1.6859 5.8997
8.6699 -3.3311 3.8997
10.5482 -2.7176 6.2003
10.3350 -0.4086 10.6529
12.0890 -3.1517 6.2300
10.6671 -3.3767 4.9629
12.6065 -2.3249 8.1674
7.2183 -2.8907 3.9342
4.6087 -1.5776 5.0292
11.7719 -3.2284 5.8948
8.0555 -2.1036 5.3036
10.7303 -1.3405 8.1408
12.8166 -0.5746 11.7572
7.8346 -2.8507 4.3693
10.2090 -2.9165 5.6102
10.1287 -1.1034 8.1401
10.5789 -3.3704 4.9244
5.3454 -0.4084 7.7717
5.2068 -2.4164 3.7124
8.0251 -3.4007 3.3894
10.4531 -2.9166 5.7511
12.1031 -3.0544 6.4309
10.9633 -2.3636 6.2761
11.7931 -3.3108 5.7437
7.8330 -2.2487 4.9465
7.6479 -2.1602 4.7784
9.0177 -3.1604 4.4390
9.1491 0.5525 4.0965
8.5083 -1.3224 6.5782
9.3262 -0.7273 9.4388
6.6293 -2.8085 3.7569
8.5661 -3.3243 3.8532
10.1803 -3.0748 5.2800
3.3008 -1.7427 3.9467
11.4943 -2.7796 6.6239
9.2056 -2.0291 5.5768
8.2192 -0.4932 9.2634
7.9174 -1.8648 5.7027
10.6075 -3.4010 4.8803
8.8141 -3.2200 4.2032
10.4637 -3.2672 5.0625
12.8572 -2.5216 7.9223
-0.9132 0.0758 5.1166
9.5598 -1.8835 6.5390
4.5900 -1.4400 5.2912
9.3385 -2.8777 5.1843
7.2551 -1.8124 5.2598
5.2536 -1.4873 5.5806
10.6754 -2.0450 6.7338
4.8745 -2.2496 3.8511
9.6418 -2.0355 6.2404
8.7635 -2.8230 4.9608
12.4698 -3.0439 6.6636
12.2580 -3.1696 6.2922
9.7018 -3.1237 4.9067
4.6610 -2.2235 3.7795
11.7689 -3.3951 5.5627
8.0468 -2.4514 4.6557
6.1850 -1.8186 5.4621
12.0636 -3.1048 6.3083
10.6728 -2.9166 5.8780
10.4463 -3.2283 5.1295
4.0016 -1.8900 4.0595
12.2042 -3.3514 5.9008
7.9105 -3.2035 3.7141
5.9019 -0.4931 7.9252
11.8863 -2.0838 8.2291
10.1246 -2.8509 5.6915
9.7729 -3.2746 4.6488
8.4815 0.4216 4.5197
9.3017 -2.9770 4.9665
12.1672 -3.2822 6.0165
4.0979 0.0756 8.0104
8.1163 -0.3190 4.4211
8.6275 -3.3105 3.9161
8.4906 0.4303 4.4866
7.9172 -2.0555 5.3230
10.3889 -3.3380 4.8788
12.8765 -2.3249 8.3233
9.1850 -0.7993 9.2146
12.0833 -2.6851 7.1514
6.4983 -2.2236 4.8403
12.1392 -1.1215 10.2822
13.0934 -0.9355 11.2019
13.5706 -1.1794 10.9943
10.5685 -1.5243 7.5070
10.7605 -3.3313 5.1067
10.0108 -3.2441 4.8466
11.9462 -3.0223 6.4039
8.8255 -3.1045 4.4388
8.0496 -3.2035 3.7944
12.1854 -3.2443 6.1021
7.1392 -1.8569 5.0109
10.9921 -3.2283 5.4446
5.4183 -0.3201 7.9889
6.3333 -0.3201 8.5172
9.2758 -3.1045 4.6987
8.2538 -2.3532 4.9207
8.6863 -3.3035 3.9639
4.8881 -0.0302 8.2570
10.2934 -1.7149 7.1686
7.3659 -2.0362 4.7909
11.6289 -2.2208 6.8586
0.3209 -0.3198 5.0453
8.8920 -3.4067 3.8782
7.7394 -2.8907 4.2351
11.7033 -3.3381 5.6377
14.0746 -1.7039 10.2459
10.4803 -1.7500 7.2347
11.4931 -3.3314 5.5296
8.1749 -0.2150 4.4182
3.6994 -0.0302 7.5705
14.5194 -1.3917 11.1214
4.6173 -0.1312 7.9005
4.1825 -1.8184 4.3058
10.3241 -3.3766 4.7649
12.9492 -2.5216 7.9754
7.5975 -1.0615 7.7781
10.5217 -3.3577 4.9166
7.4492 -1.3976 6.3638
11.6460 -0.9354 10.3661
11.6841 -0.7274 10.8003
9.8807 -3.2893 4.6819
13.4938 -1.6213 10.0741
9.7458 -2.5292 5.6719
12.4417 -2.4601 7.8041
10.7015 -3.3107 5.1135
10.8979 -3.2672 5.3132
10.1779 -2.9038 5.6174
9.1350 -3.2745 4.2805
6.7615 -2.8775 3.6964
4.3583 -1.8547 4.3354
8.9573 -3.3703 3.9882
10.3644 -2.8778 5.7766
13.7482 -1.9250 9.6191
13.7094 -1.5337 10.3722
7.5728 -2.9163 4.0881
7.5221 -2.3031 4.3687
8.7717 -2.6848 5.2393
10.3033 -1.1565 8.2824
11.7083 -2.8372 6.6333
13.2036 -1.7038 9.7430
8.8155 -2.9652 4.7090
7.2979 -2.1734 4.2233
7.7423 -3.0434 3.9341
11.7808 -2.7336 6.8804
10.3000 -3.3380 4.8276
8.5371 0.0755 10.5739
0.6039 -0.7269 4.4021
11.2660 -2.2796 6.6344
12.5464 -1.9249 8.9252
12.2531 -3.0851 6.4568
8.5511 -2.9769 4.5331
12.5419 -2.1700 8.4369
14.7351 -0.7996 12.4194
10.3155 -1.6871 7.2791
11.0692 -3.2442 5.4577
11.9574 -1.6699 6.5899
12.0872 -3.1783 6.1762
10.7918 -3.1953 5.3943
12.3721 -2.5978 7.4911
3.7980 -0.9350 5.8344
8.2283 -3.0847 4.1331
4.7490 -1.6208 5.0247
8.1251 -2.7012 4.8333
8.4291 -2.0197 5.3427
11.1185 -1.9114 7.2009
7.4265 -2.2584 4.2773
11.1768 -2.9887 6.0262
11.5145 -3.2821 5.6397
11.1338 -3.1782 5.6258
8.8301 -3.0220 4.6048
7.9871 -2.8369 4.4847
4.5760 -1.6626 4.8419
6.4381 -0.7272 7.7711
9.0143 -2.7490 5.2523
8.3828 -0.1124 4.4143
7.2448 -2.2166 4.3163
9.1711 -3.3639 4.1241
8.0684 -2.3419 4.8694
1.4191 -0.2276 5.8624
8.7715 -3.3888 3.8441
10.1522 -1.8825 6.8760
11.8673 -1.3411 9.6900
11.3375 -2.8910 6.3125
11.3637 -3.3447 5.4285
2.0891 -0.1311 6.4405
9.4720 -3.2440 4.5355
5.3945 -1.4873 5.6619
10.8575 -3.2442 5.3355
9.0353 -3.2594 4.2528
7.8748 -2.7012 4.6888
8.4776 -2.7333 4.9733
7.8254 -2.9884 4.0912
10.5918 -2.9771 5.7113
9.3610 -2.6849 5.5796
10.2242 -1.8396 6.9034
11.5188 -2.9414 6.3173
11.9354 -3.3578 5.7328
12.2622 -2.8511 6.9257
4.2757 -0.1312 7.7032
10.8172 -3.0849 5.6278
9.2159 -2.5747 5.3972
12.0267 -1.8189 8.8351
6.4013 -2.7011 3.8381
7.4739 -2.8369 4.1884
10.5716 -3.3037 5.0524
8.0092 -2.5325 4.6768
8.1916 -0.0881 4.3840
12.7942 -1.6632 9.5871
4.4307 -1.9904 4.1083
11.4503 -3.1425 5.8793
10.0892 -2.8778 5.6177
10.3571 -3.3446 4.8474
11.3503 -2.7015 6.6955
8.6371 -3.0947 4.3494
9.0507 -2.9998 4.7762
10.4221 -2.6681 6.2255
12.1967 -3.1695 6.2568
9.1907 -3.1952 4.4699
7.6081 -2.3617 4.3349
7.3923 -2.9532 3.9109
11.7270 -2.7944 6.7290
11.1786 -0.2835 7.9734
8.0294 -3.2200 3.7501
13.0621 -1.5337 9.9984
11.1288 -3.3890 5.2051
7.8599 -2.4821 4.5474
9.6820 -2.7014 5.7323
10.5018 -3.0542 5.5064
5.6610 -1.7428 5.3095
5.4473 -2.3481 3.9866
16.0087 -0.0306 14.6788
4.5701 -2.1127 3.9465
6.6342 -2.9035 3.5714
9.3625 0.5883 4.0636
12.1252 -3.3768 5.8047
10.8638 -1.9653 6.8118
9.7718 -2.7491 5.6896
7.7579 -2.2658 4.8514
11.0115 -3.2442 5.4244
9.0120 -3.0220 4.7099
8.8806 -2.2477 5.0882
12.4323 -2.6337 7.4547
8.7397 -0.1979 4.7032
11.5790 -3.3381 5.5659
3.2674 -1.2884 4.8276
10.7664 -2.7015 6.3584
12.1571 -2.4601 7.6399
1.8348 -0.5741 5.4158
9.1955 -1.7756 5.9778
2.3601 -1.3405 4.2003
10.7800 -3.1238 5.5293
12.0127 -3.1954 6.0992
10.1551 -2.1392 6.3862
8.4008 -3.2818 3.8419
10.1819 -2.1973 6.1468
11.5131 -2.2998 6.5853
2.7552 -0.2277 6.6339
1.8474 -0.8682 4.8402
15.1485 -0.5747 13.1037
10.6490 -1.3376 8.0485
9.3721 -2.9770 5.0071
5.0228 -0.8684 6.6738
7.4317 -3.1043 3.6340
10.8672 -2.0107 6.7158
11.4320 -3.2520 5.6518
11.1929 -2.1132 6.7820
3.0452 -1.6206 4.0409
13.8704 -0.8688 11.7827
0.7755 0.1867 6.3117
-1.5711 0.1868 4.9566
9.8191 -1.1214 8.9424
11.2786 -3.3314 5.4058
11.5928 -2.1173 7.1415
8.4875 -3.2517 3.9517
12.9572 -2.4170 8.1873
8.0093 -3.2744 3.6306
6.7014 -2.9531 3.5119
7.4527 -2.6847 4.4778
6.6149 -0.7272 7.8732
8.5389 -1.2388 6.7845
9.4019 -2.8909 5.1949
8.6895 -2.1796 5.2321
6.1415 -2.0834 4.9121
7.8465 -2.3097 4.8342
9.0317 -3.3827 4.0065
11.3611 -3.0850 5.9418
8.0994 -3.3174 3.5973
8.8319 -1.0615 8.4909
11.0175 -2.0772 6.6733
8.6728 -3.1514 4.2576
3.1824 -0.1312 7.0718
6.6920 -0.9352 7.5055
10.4800 -3.3037 4.9995
9.6854 -1.3865 7.5012
8.3385 -3.3035 3.7631
12.5928 -2.2501 8.3075
12.2961 -1.4878 9.6470
9.1554 -1.5158 7.0397
10.0632 -0.0304 11.2454
10.9846 -1.4471 7.8577
11.1679 -2.8510 6.2939
11.4689 -2.0010 7.3050
9.0925 -3.1693 4.4645
11.5451 -2.4054 6.6390
5.0216 -1.0613 6.2907
12.5370 -3.0439 6.7024
12.1423 -3.2284 6.1087
11.9430 -2.6851 7.0704
9.3676 -3.0541 4.8516
10.2027 -1.5865 7.4503
11.0387 -2.9291 6.0645
9.1694 -0.2279 10.3379
10.0756 -2.8088 5.7467
11.7602 -2.4117 6.7781
5.6008 -2.2751 4.2199
9.4755 -2.8371 5.3441
2.3058 -1.3910 4.0690
5.2647 -2.1968 4.1810
11.3959 -2.5340 6.6351
8.1790 -2.7174 4.8324
10.3683 -3.3641 4.8153
7.9053 -2.7489 4.6119
8.0136 -2.7333 4.7054
8.0916 -3.4066 3.4161
12.0257 -2.7796 6.9308
11.8648 -3.0438 6.3143
9.0039 -3.2036 4.3454
9.7219 -1.9222 6.4438
7.4658 -1.9676 5.1722
9.1989 -3.4008 4.0671
9.2506 -3.3703 4.1575
6.9479 -0.6523 8.2138
6.2235 -2.1415 4.8443
9.9981 -3.3380 4.6532
9.7712 -2.3146 5.6176
8.7434 -2.5306 5.0964
9.1521 -3.1237 4.5894
9.3554 -2.4774 5.4713
8.8677 -2.7175 5.2300
9.9886 -1.2992 7.8469
6.9856 -2.7488 4.0809
8.0686 -3.2200 3.7727
9.9590 -1.0616 9.1417
8.8349 -2.3954 5.0511
9.6932 -2.0568 6.2113
11.4517 -2.8372 6.4851
9.6888 -2.8778 5.3866
9.2007 -1.8400 6.1167
4.3027 -0.6522 6.6864
7.5921 -2.2416 4.5885
7.6865 -3.2593 3.4740
7.2194 -2.9411 3.8350
8.2054 -3.3311 3.6315
9.1537 -3.1693 4.4999
11.5309 -2.5013 6.7097
10.5429 -3.4069 4.8313
12.1349 -2.8511 6.8522
13.4347 -1.2890 10.6984
12.5396 -0.6526 11.4428
14.5752 -1.0619 11.8073
9.8269 -2.9885 5.2468
6.1364 -2.1695 4.7384
8.8735 -1.2069 7.4087
11.7556 -1.7432 8.8286
9.3741 -3.2282 4.5105
10.7218 -3.3890 4.9701
5.4208 -1.2886 6.0710
7.5917 -2.7940 4.3414
11.4235 -3.1606 5.8280
9.5029 -0.8686 9.2608
7.0489 -3.0108 3.5982
7.6852 -2.4037 4.4072
8.5955 -0.1136 4.5333
11.6507 -3.2364 5.8090
11.2984 -3.3890 5.3030
8.6928 -2.0458 5.4620
8.7118 -1.1213 8.3031
14.6317 -0.7276 12.5024
11.1792 -3.1425 5.7228
6.8463 -1.7825 5.0851
10.3205 -0.3203 10.8197
9.8715 -3.3176 4.6205
9.2242 0.5823 4.1535
10.1368 -3.1424 5.1210
8.4890 -2.1677 5.2880
9.3441 0.5875 4.0756
11.6740 -3.2967 5.7030
0.9955 0.1867 6.4388
2.4662 -1.2884 4.3650
0.8764 -0.6520 4.7079
6.0513 -2.1969 4.6351
9.2121 -3.4184 4.0399
9.4611 -3.2036 4.6094
4.5882 -1.7428 4.6900
8.1626 -1.2000 6.8125
10.6584 -2.7176 6.2639
9.2757 -1.6576 6.7763
8.6314 -2.9533 4.6262
9.8555 -2.6681 5.8984
11.7418 -0.0305 12.2148
12.0109 -1.5085 6.4961
5.2471 -2.3481 3.8710
9.2377 -3.2282 4.4317
12.0378 -0.7274 11.0045
12.1714 -1.1793 10.1863
10.6390 -3.3950 4.9104
11.6368 -2.8232 6.6198
8.8427 -2.4381 5.0841
8.6962 -2.3694 4.9815
12.3352 -3.1333 6.4086
12.4556 -2.9415 6.8582
8.1614 -3.2594 3.7483
8.9862 -3.3765 3.9924
9.0421 -3.4067 3.9648
14.4562 -1.4879 10.8943
10.5220 -3.1694 5.2899
9.3109 -3.3176 4.2968
9.7758 -3.4068 4.3885
5.7937 -2.1128 4.6530
12.5169 -2.8233 7.1279
8.7608 -3.1422 4.3265
10.3218 -3.3446 4.8270
8.7506 -2.6680 5.2605
11.0710 -2.7336 6.4706
10.4606 -2.1846 6.3716
9.0132 -0.3202 10.0647
7.9661 -3.0328 4.0845
11.5735 -3.0438 6.1461
11.9855 -3.1517 6.1703
11.0837 -2.9887 5.9725
11.5779 -3.0331 6.1698
10.7086 -3.3380 5.0634
9.8266 -3.3766 4.4777
7.2555 -2.9163 3.9049
8.4683 0.2642 4.5277
10.9034 -3.3314 5.1892
11.2428 -1.1215 9.7645
7.2928 -2.8907 3.9772
11.1185 -1.5780 8.7880
8.1309 -3.1866 3.8749
4.2152 -1.9244 4.1148
12.3658 -3.1239 6.4448
7.5154 -1.4194 3.8421
13.7048 -1.4878 10.4604
8.8727 -2.9885 4.6959
11.9065 -3.2038 6.0212
10.0977 -3.4127 4.5627
7.4676 -0.4932 8.8294
8.2448 -0.0304 10.1954
8.0353 -2.4881 4.6622
10.0198 -3.0646 5.2076
3.0327 -1.3910 4.4887
14.6522 -0.9356 12.1020
8.7114 -3.2281 4.1278
6.6649 -1.1023 6.0889
11.8397 -3.0850 6.2181
7.0582 -2.7332 4.1538
8.6565 -3.3827 3.7899
11.1185 -3.3246 5.3268
8.8999 -2.2370 5.1529
9.7076 -3.0848 4.9872
7.1497 -1.9724 4.6971
7.5310 -2.2205 4.5872
7.6189 -2.9997 3.9495
10.2068 -3.0437 5.3570
7.8054 -3.2891 3.4837
5.0176 -1.7033 5.0162
6.2984 -2.6507 3.8786
11.3053 -2.0277 7.1703
11.7160 -3.3178 5.6854
9.9122 -2.2089 6.0261
9.8311 -3.1952 4.8396
10.4403 -3.1694 5.2427
8.5832 0.1122 4.6289
11.7406 -2.8780 6.5712
7.1908 -2.9768 3.7477
7.7514 -3.2035 3.6223
1.4977 -0.7989 4.7755
10.4137 -2.0301 6.6650
9.4648 -2.9290 5.1558
9.7895 -1.7112 6.8545
9.8929 -2.8088 5.6412
9.4226 -3.0436 4.9042
11.0245 -1.4682 8.1108
7.3166 -3.0434 3.6883
5.1247 -2.1414 4.2098
12.3201 -3.2443 6.1799
8.5757 -3.2670 3.9724
7.6339 -1.8409 5.6334
11.6400 -3.4128 5.4532
9.7653 -2.9413 5.3049
11.2173 -0.2835 7.9957
9.7059 -2.2656 5.6120
9.8218 -2.2814 5.8952
-1.7722 0.0758 4.6205
12.5977 -2.5015 7.8122
10.7692 -1.7498 7.3998
8.3057 -3.2891 3.7726
6.1226 -1.9580 5.1498
8.7410 -3.2745 4.0530
11.9529 -1.7980 6.6514
12.3638 -3.2039 6.2853
8.0290 -3.2360 3.7180
4.2955 -1.1788 5.6386
11.4877 -3.3829 5.4244
9.9412 -1.8846 6.7647
12.3272 -2.8647 6.9364
12.7580 -2.9293 7.0571
8.2862 -3.3639 3.6132
11.1043 -3.2821 5.4028
11.5082 -0.2280 11.6885
10.1713 -3.1953 5.0361
6.4175 -2.7488 3.7529
12.0193 -2.5412 7.3996
9.3452 -3.3036 4.3443
11.1840 -2.9291 6.1484
5.9840 -0.1313 8.6897
1.1268 -0.9349 4.2919
5.0241 -0.6522 7.1029
9.2746 -0.3202 10.2157
7.8302 -2.8086 4.4503
7.3548 -2.4500 4.2530
9.0670 -3.3639 4.0640
12.4137 -2.5412 7.6273
11.6267 -3.0749 6.1151
10.2952 -1.1983 7.9936
10.1212 -3.4009 4.5995
8.9709 -0.4932 9.6974
9.7505 -2.1499 6.0705
10.9394 -1.1500 8.4148
14.5111 -1.4406 11.0198
12.1543 -3.1239 6.3227
6.9659 -3.0539 3.4650
7.0227 -2.6679 4.2628
5.0496 -2.2235 4.0039
11.0163 -2.3133 6.4119
9.8912 -2.3309 5.8080
10.8461 -3.3037 5.2109
11.7228 -3.2121 5.8987
9.5381 -2.9038 5.2480
8.7259 -2.9037 4.7791
7.7052 -1.7042 5.8888
9.4049 -1.9499 6.0552
14.6242 0.0752 14.0890
10.6562 -3.2120 5.2829
10.3299 -3.4127 4.6968
5.3278 -1.9905 4.6263
10.8780 -3.0330 5.7657
9.4213 0.6221 3.8531
6.0174 -1.9245 5.1554
8.7047 0.5706 4.2634
11.3226 -3.3642 5.3663
10.1717 -2.5729 5.9450
9.9406 -3.3703 4.5559
6.1626 -0.2278 8.6015
8.4825 0.3391 4.5191
12.1095 -2.8511 6.8375
12.1275 -3.3038 5.9507
11.6128 -3.1516 5.9551
5.9818 -2.4165 4.1598
4.6997 -1.5776 5.0817
9.1809 -3.0645 4.7233
8.5421 -1.7155 6.1626
10.6820 -0.7274 10.2216
8.4864 -3.1513 4.1501
8.7452 -2.1146 5.2659
12.9377 -2.0839 8.8362
12.0182 -2.6512 7.1810
9.1062 -3.3765 4.0617
11.8432 -3.3642 5.6669
10.9326 -2.6850 6.4870
5.5380 -2.2496 4.2341
10.2361 -2.2026 6.1942
12.0335 -3.3830 5.7396
15.1335 -0.4088 13.4238
7.7918 -3.0746 3.9010
8.2844 -3.2200 3.8973
9.4120 -3.0541 4.8773
10.4068 -3.3037 4.9573
11.4358 -2.0338 7.0015
11.4789 -2.0991 6.9005
4.9608 -0.3200 7.7247
12.6665 -2.5978 7.6611
9.2331 -3.2518 4.3822
8.0307 -0.5744 8.9936
1.0881 -0.9992 4.1422
12.8912 -2.5793 7.8275
7.2354 -2.7012 4.3196
8.5274 -2.7490 4.9711
5.6910 -2.0834 4.6520
12.8102 -2.0537 8.8224
8.7420 -0.3789 4.7665
12.3486 -2.6683 7.3378
9.0955 0.5342 4.0678
9.8080 -2.4568 5.6847
10.7647 -3.3512 5.0697
6.2787 -0.9994 7.1395
9.6562 -2.0610 6.2059
8.7950 -3.3312 3.9719
5.5191 -1.5777 5.5548
11.6709 -0.7994 10.6500
10.3502 -2.9039 5.7169
12.7555 -2.3487 8.2063
11.4364 -1.8552 8.4223
11.4947 -2.0250 7.2692
4.4075 -1.8900 4.2939
5.0521 -2.1127 4.2248
10.5809 -3.0948 5.4717
3.3175 -1.2884 4.8565
10.6134 -2.1993 6.4018
6.0743 -2.2236 4.5955
11.9991 -2.5793 7.3124
5.3555 -1.7812 5.0571
12.0222 -3.3768 5.7453
12.6665 -2.1974 8.4547
8.7450 -3.0947 4.4117
8.5605 0.0181 4.5846
9.5979 -3.3446 4.4090
7.2154 -2.0159 4.7641
8.0664 -3.2594 3.6934
11.9511 -3.3178 5.8212
7.6553 -3.0540 3.8630
9.5584 -3.4184 4.2399
10.6139 -2.7645 6.1454
8.5223 -3.4125 3.6531
8.6560 -3.3244 3.9051
5.7142 -2.3481 4.1407
7.9381 -3.3444 3.4508
5.8981 -2.6506 3.6474
9.9853 -3.2595 4.8013
11.1334 -2.9535 6.0708
6.5569 -2.6155 4.0976
8.6754 -3.1044 4.3521
9.3498 -3.0947 4.7609
8.7411 0.5361 4.2665
9.4679 -1.6733 7.0010
7.9080 -0.5744 8.9227
10.7674 -3.3641 5.0457
13.0827 -1.8553 9.3729
9.1833 -3.2440 4.3689
6.6461 -2.7641 3.8546
9.3890 0.5620 3.9370
5.8807 -1.8548 5.2145
6.3634 -2.5599 4.0959
8.9885 -1.4228 6.9544
8.6081 -1.3251 6.6782
4.0625 -1.5776 4.7138
7.5075 -1.2246 3.7022
11.8284 -0.8687 10.6036
13.2085 -1.9910 9.1766
8.4536 -1.8079 5.7172
10.9220 -3.0112 5.8344
6.2742 -2.6846 3.7973
6.5309 -0.5363 5.4599
7.6288 -2.0745 5.2305
11.6285 -3.3448 5.5814
7.7612 -2.3812 4.6259
9.6165 -2.2360 5.6500
12.3743 -1.0617 10.5364
13.0399 -1.9584 9.1438
8.3776 -1.2384 6.6826
6.1026 0.0755 9.1680
12.0155 -2.9167 6.6532
2.8732 -1.4399 4.2999
10.9492 -3.1238 5.6269
9.1088 -3.4067 4.0034
10.0594 -1.6839 7.1095
8.1949 -3.3887 3.5113
7.4569 -2.0088 5.1777
9.4743 -3.3446 4.3377
8.1174 -2.8086 4.6161
9.5357 -2.9999 5.0562
11.4030 -3.1606 5.8161
10.5421 -3.2747 5.0929
8.3781 -3.0110 4.3657
12.0586 -2.8511 6.8081
9.8673 -2.9165 5.4129
7.0483 -1.7904 5.0207
9.5263 -3.3827 4.2920
3.2556 -0.7270 5.9334
9.2279 -3.3106 4.2627
11.3977 -1.5336 9.0374
9.0492 -0.8686 8.9988
12.5098 -0.5746 11.5800
7.6913 -1.1536 6.6769
1.5337 -1.0611 4.2767
10.4165 -2.5740 6.0885
7.6501 -3.0328 3.9020
9.3390 -2.7490 5.4397
7.2023 -1.6749 5.7060
6.9116 -2.8775 3.7831
12.7569 -2.6851 7.5403
4.9790 -2.2235 3.9631
6.2341 -1.8901 5.3486
8.4707 -1.3221 6.5519
11.2574 -2.7645 6.5170
11.9193 -3.3768 5.6859
8.1205 -2.1744 5.2108
8.7503 -3.3702 3.8687
9.1350 0.6525 3.9895
7.3838 -3.0434 3.7271
8.5783 -2.9037 4.6938
5.4280 -1.5777 5.5023
11.8850 -3.3768 5.6661
12.2013 -2.6337 7.3213
8.6957 0.0044 4.7042
11.1022 -3.0543 5.8531
11.7648 -1.9909 8.3430
10.7145 -3.2894 5.1633
12.1361 -3.0950 6.3696
10.7776 -3.4127 4.9553
8.8482 -3.2819 4.1003
8.9276 -0.4086 9.8402
8.3806 -3.0847 4.2210
3.9349 -1.9243 3.9529
9.7610 -3.3640 4.4647
7.4751 -2.4555 4.3352
12.4793 -2.9167 6.9210
10.8404 -2.1605 6.6222
10.5656 -3.1143 5.4243
10.6731 -3.3380 5.0429
8.0030 -2.1721 5.1354
9.3922 -2.9290 5.1138
6.9410 -2.7641 4.0248
10.1119 -3.3245 4.7457
8.6433 -1.7514 5.7290
8.1546 -3.3105 3.6430
8.4269 -2.7174 4.9755
12.7654 -2.1133 8.6784
3.1117 -1.4399 4.4375
10.7372 -3.3829 4.9912
9.2810 -2.0357 5.6433
8.0258 -1.5764 6.1105
11.9769 -3.0438 6.3790
5.0850 -2.2235 4.0243
4.3754 -1.9244 4.2073
9.4797 -3.1142 4.7973
11.3304 -3.3951 5.3095
7.0864 -0.7272 8.1454
9.7480 -3.3828 4.4200
4.8027 -1.7428 4.8139
12.0553 -3.2822 5.9519
10.1416 -2.3256 5.9389
4.6486 -2.1414 3.9349
12.0151 -1.3411 9.7754
8.7937 -2.1548 5.2172
7.5362 -2.3185 4.3374
9.8249 -3.0948 5.0352
8.7744 -2.2631 5.0677
9.8594 -2.7176 5.8026
6.4065 -2.7939 3.6571
8.4192 -2.7489 4.9087
11.1449 -3.3951 5.2024
10.2676 -3.4185 4.6493
11.4111 -3.3108 5.5231
8.9915 -3.3312 4.0854
11.5450 -2.7015 6.8079
11.2328 -2.5316 6.5354
7.2867 -3.1140 3.5312
4.9127 -0.9994 6.3507
9.3511 -2.0148 5.8561
9.3831 -1.1051 7.8051
11.0825 -3.0112 5.9271
4.8363 -1.5776 5.1606
12.7008 -2.6851 7.5079
11.4586 -3.2821 5.6074
6.9176 -1.2992 6.0762
9.1163 -2.8370 5.1367
8.8040 -3.1045 4.4264
3.4117 -1.0613 5.3611
5.6392 -1.4400 5.8970
9.4452 -2.6849 5.6282
12.7346 -2.5216 7.8516
10.2737 -2.0997 6.3203
9.3831 -2.2366 5.2705
8.4824 -3.1044 4.2407
12.9435 -2.6683 7.6813
8.8540 0.5548 4.2482
7.7329 -3.2963 3.4276
10.1401 -3.2893 4.8317
8.9228 -3.0541 4.5948
10.0773 -3.3889 4.5980
7.9981 -0.1670 4.6222
9.1086 -1.2057 7.5127
12.3470 -0.3203 11.9899
10.3091 -1.5042 7.5903
3.8910 -0.2277 7.2898
9.2699 -3.3379 4.2328
3.8377 -1.3406 5.0535
7.2954 -3.1691 3.4270
15.1098 -0.4935 13.2423
9.4302 -2.9653 5.0639
8.5561 -3.3445 3.8075
8.3876 -3.2035 3.9896
9.5897 -3.2119 4.6672
6.8908 -1.5739 5.4344
6.6435 -1.5463 5.4425
11.9662 -3.2038 6.0557
11.7536 -2.6682 6.9943
13.5835 -1.6213 10.1258
1.7121 -0.5741 5.3449
11.8300 -3.0647 6.2527
10.0106 -3.2671 4.8009
8.5909 -3.2745 3.9664
11.5656 -3.3642 5.5066
9.3256 -3.4068 4.1285
8.3093 -3.0109 4.3260
13.8106 -1.6632 10.1740
8.3475 -2.7013 4.9617
11.3615 -2.2275 6.5478
5.1521 -2.2751 3.9608
11.8751 -2.9887 6.4294
6.2862 -2.6678 3.8376
9.0868 -3.1514 4.4967
10.1309 -3.4127 4.5819
11.8397 -2.3005 7.7729
8.6024 -3.1236 4.2720
7.8294 -3.0219 4.0270
8.7545 -1.4437 6.5342
10.8789 -3.0437 5.7451
10.6678 -1.6937 7.2494
11.5195 -3.3513 5.5055
8.7829 -0.4932 9.5889
11.6324 -3.1954 5.8796
9.4096 -3.1780 4.6303
8.8562 -3.2440 4.1800
9.1661 -2.7643 5.3095
7.4432 -1.6319 3.9375
8.0751 -2.2568 5.0082
8.9098 -3.2745 4.1505
5.2290 -2.1968 4.1603
7.4902 -1.4815 3.8861
5.0246 -0.5743 7.2577
10.6597 -3.4069 4.8987
10.0557 -3.0849 5.1881
12.0873 -1.2783 6.3814
13.3930 -0.3204 12.5939
7.6318 -3.2669 3.4275
14.1594 -1.7434 10.2166
9.9947 -0.9996 9.2852
10.0220 -3.3245 4.6938
4.5892 0.1866 8.5141
5.0892 -2.1127 4.2462
10.6596 -1.6272 7.3542
7.1454 -0.7272 8.1795
10.4689 -2.8910 5.8110
13.8354 -1.2891 10.9298
13.3815 -0.6526 11.9289
-0.1548 -0.4082 4.5955
9.1852 -3.3827 4.0951
7.3440 -2.1594 4.4946
11.3201 -1.3915 9.2741
11.8632 -3.3382 5.7300
11.3148 -0.1315 11.7680
10.9906 -2.9771 5.9416
6.6986 -1.1541 6.1224
7.2429 -2.8369 4.0551
8.5277 -2.9769 4.5196
6.3539 -2.7939 3.6267
10.5336 -2.3307 6.0983
10.2007 -3.1781 5.0870
11.3853 -2.6682 6.7817
4.7317 -2.2235 3.8203
6.7715 -2.5407 4.3697
10.8087 -3.4010 4.9965
9.5575 -0.9996 9.0327
10.2731 -3.3512 4.7859
10.9105 -2.3985 6.2565
9.2225 -3.3949 4.0925
10.3338 -2.9771 5.5623
10.3961 -3.3828 4.7942
9.1043 -3.1045 4.5997
10.4861 -1.5313 7.5226
9.2893 -1.6226 6.8531
7.8228 -3.2818 3.5083
6.6339 -2.7488 3.8779
9.4772 -2.2726 5.3415
8.2661 -3.1141 4.0966
11.1020 -2.6682 6.6181
5.5887 -0.4931 7.7444
8.7089 -3.2964 3.9911
9.8167 -3.3511 4.5224
11.2407 -2.2601 6.6547
12.4061 -2.9167 6.8787
9.4530 0.5659 3.8998
3.6310 -0.9350 5.7380
7.8719 -2.9884 4.1181
11.1895 -3.2121 5.5908
11.3301 -1.9707 7.1027
10.6507 -3.1143 5.4735
10.4809 -2.8509 5.8972
11.0666 -3.2894 5.3666
8.2501 -3.1951 3.9268
11.1718 -2.2922 6.3691
10.7084 -3.0849 5.5649
1.6056 -0.7269 4.9806
8.9068 -3.1423 4.4108
8.9281 -2.2509 5.1240
10.3886 -2.1419 6.4126
11.7217 -3.3642 5.5967
7.9911 -3.3444 3.4813
9.9858 -3.3036 4.7142
10.7467 -3.1694 5.4196
8.7164 -3.0220 4.5391
2.5180 -0.9350 5.0953
14.5348 -0.5747 12.7494
8.2486 -3.3764 3.5666
8.7327 -3.3445 3.9095
14.7659 -0.3204 13.3867
13.8186 -1.7818 9.9437
12.2842 -3.1426 6.3608
7.8845 -3.3378 3.4329
12.1765 -0.2280 12.0744
8.3658 -3.2744 3.8364
5.7700 -1.4874 5.8787
10.8024 -1.9984 6.7662
0.7920 -0.5741 4.8136
7.8005 -3.1329 3.7904
9.6522 -3.0947 4.9354
1.3371 -0.8682 4.5455
10.4671 -0.8687 9.8176
8.6094 -3.3105 3.9056
10.9618 -2.7336 6.4076
8.6547 -3.1866 4.1773
7.2674 -2.9411 3.8627
8.0320 -0.4085 9.3231
7.2844 -2.6847 4.3806
11.6478 -1.9909 8.2754
7.6591 -2.1082 5.0916
5.3360 -2.4164 3.7869
2.3487 -1.4398 3.9970
12.0561 -3.1144 6.2848
10.7958 -3.2202 5.3473
4.4500 -0.4084 7.2546
11.0703 -2.7492 6.4393
9.3248 -3.2892 4.3609
8.4173 -3.3378 3.7405
12.0610 -3.1607 6.1960
12.0713 -2.5015 7.5083
7.7672 -2.5316 4.5351
10.0104 -3.2893 4.7568
7.7372 -2.3736 4.4381
7.8831 -3.3243 3.4589
9.3931 -2.7490 5.4709
10.1656 -2.7795 5.8567
8.8941 -2.0158 5.5965
0.9966 -0.6520 4.7773
11.0303 -1.2889 9.3100
10.1227 -2.9770 5.4405
8.0890 -2.8507 4.5162
9.2659 -3.4008 4.1058
4.8168 -1.2346 5.8290
5.6007 -2.5009 3.7723
6.2654 -2.6154 3.9293
6.6364 -2.8775 3.6242
4.1187 -1.2885 5.3191
11.2768 -2.8089 6.4402
2.4033 -0.4083 6.0727
11.7866 -2.3500 6.7925
8.7085 -0.0822 4.8973
10.8911 -3.1868 5.4685
10.2093 -1.4704 7.6647
11.5198 -0.1315 11.8864
12.5144 -3.0648 6.6479
6.5757 -2.8368 3.6699
6.4861 -2.8506 3.5907
12.6896 -1.1793 10.4855
11.2608 -3.3314 5.3955
12.2011 -2.8647 6.8635
9.1143 0.5557 4.1379
9.1086 -2.1956 5.3320
1.1823 -0.0301 6.1170
6.8685 -1.2634 6.3565
7.9369 -2.8643 4.4015
12.5959 -0.7995 11.1841
8.5854 -3.1141 4.2810
9.1030 -3.0220 4.7624
11.5769 -3.2284 5.7823
10.0624 -1.3864 7.7178
6.8599 -1.2527 6.1197
8.1631 -3.0847 4.0954
5.8953 -0.2278 8.4472
10.3118 -3.0748 5.3559
8.1917 -3.4067 3.4738
5.8474 -0.1313 8.6108
10.6595 -2.9654 5.7736
9.7280 -3.2119 4.7470
10.2528 -2.5742 5.9946
3.9874 -1.7427 4.3432
12.4282 -2.8647 6.9946
8.1862 -1.1510 6.8648
3.7473 -1.2346 5.2115
11.3245 -3.3578 5.3801
8.5371 -3.3826 3.7209
6.8310 -2.9036 3.6850
-0.0472 -0.4928 4.4899
10.8329 -3.2037 5.4014
10.4983 -2.0950 6.5541
9.1333 -1.6859 6.3141
10.6439 -2.7795 6.1329
11.1676 -3.2283 5.5459
10.4976 -2.2002 6.3377
10.3878 -3.2283 5.0957
12.8021 -2.4811 7.9708
8.8687 -2.4384 5.0999
8.8199 -2.8644 4.9114
9.7921 -3.3446 4.5212
12.2624 -3.3768 5.8840
12.0713 -2.7493 7.0173
0.5163 -0.4929 4.8153
8.4365 -1.4688 6.1607
8.1394 -2.4277 4.7261
9.3132 -3.2119 4.5075
12.2060 -2.8911 6.8139
11.5612 -3.3381 5.5557
11.5483 -2.0838 8.0340
10.6240 -2.9166 5.8498
8.6426 -0.1974 4.6489
7.6216 -2.9163 4.1163
13.9859 -1.3412 10.9134
11.6998 -3.2520 5.8063
9.1944 -3.1237 4.6138
10.2327 -3.2893 4.8852
12.3397 -3.1696 6.3393
11.3064 -3.1332 5.8146
6.8665 -2.5973 4.3123
7.8672 -3.1692 3.7571
5.2459 -1.5777 5.3971
8.6969 0.1864 10.8861
10.3098 -3.2283 5.0507
7.7739 -3.3174 3.4094
11.1776 -1.3411 9.2917
8.7234 -3.0947 4.3992
6.8018 -2.5407 4.3872
9.8193 -3.4009 4.4253
10.9368 -2.3986 6.2719
1.5798 -0.9992 4.4261
1.6018 -0.0301 6.3592
7.3959 -1.6752 5.8196
7.0559 -0.0303 9.5088
9.2666 -1.6899 6.6927
11.3564 -2.9166 6.2726
6.1741 -2.7488 3.6124
9.3968 -2.1951 5.4091
9.1538 -2.7013 5.4273
9.8926 -3.4068 4.4559
12.2211 -3.3830 5.8479
12.5998 -0.6526 11.4775
0.8044 -0.4082 5.1495
10.6996 -0.1315 11.4128
10.2430 -1.3323 7.7327
10.0577 -2.8231 5.7081
13.3537 -2.2241 8.7986
11.4581 -1.4404 9.2569
7.0629 -1.4019 6.1986
4.1114 -1.8547 4.1929
10.9900 -2.8910 6.1119
6.2509 -2.2236 4.6975
3.8869 -1.3406 5.0820
12.2965 -2.5793 7.4841
11.9737 -3.2443 5.9799
7.8298 -3.1951 3.6842
9.7948 -3.1331 4.9419
6.4505 -2.4383 4.3872
11.5260 -2.9887 6.2278
11.3582 -2.7944 6.5160
7.3827 -1.9745 4.9911
9.9982 -3.3949 4.5404
9.9097 -1.5052 7.3700
5.7355 -1.6208 5.5943
7.9176 -3.3034 3.5201
8.7120 -2.2372 5.0450
7.8042 -3.2818 3.4975
11.1441 -3.4010 5.1901
11.0683 -2.2727 6.3367
9.9885 -2.4364 5.8139
10.5962 -3.3704 4.9344
7.4452 -3.0846 3.6809
10.0222 -2.8909 5.5531
7.5916 -3.0643 3.8056
9.9049 -2.8645 5.5378
8.0345 -1.2914 6.5801
8.8911 -3.2745 4.1397
12.2957 -2.7016 7.2414
5.8459 -1.9579 4.9900
9.2904 -1.9432 5.9611
12.3150 -3.3315 6.0042
7.1210 -0.8685 7.8854
9.2326 -0.6524 9.5331
8.1697 -3.3311 3.6109
8.9665 -3.0220 4.6836
7.4504 -2.7642 4.3189
6.7240 -0.8685 7.6562
12.0631 -3.2521 6.0161
8.8075 -0.1229 4.7153
9.8953 -3.2441 4.7800
9.9784 -2.6849 5.9361
8.3611 -2.1795 5.1439
8.9586 -3.2361 4.2547
9.3651 -3.3176 4.3281
11.2664 -2.0010 7.0439
8.4181 -3.1044 4.2035
14.0358 -1.2891 11.0455
10.7759 -2.9535 5.8645
8.5468 -2.9884 4.5078
13.0002 -2.5605 7.9278
6.2962 -0.2278 8.6787
8.3126 -3.3311 3.6934
12.5493 -3.0113 6.7740
6.5236 -2.8906 3.5331
8.5291 -3.3639 3.7535
12.7653 -2.5216 7.8693
9.1382 -3.1867 4.4565
12.0869 -3.0750 6.3808
11.0358 -3.0437 5.8356
12.9152 -2.6683 7.6650
8.1418 -0.2406 4.4085
7.8635 -2.8907 4.3067
9.2025 -3.2819 4.3048
9.5657 -2.0947 5.8949
7.3658 -2.8228 4.1538
10.9281 -2.0389 6.7269
3.3342 -1.1210 5.1979
9.2506 -3.2892 4.3182
9.7761 -2.1945 6.0074
11.3231 -3.4186 5.2588
12.5930 -2.8511 7.1167
7.8825 -2.8086 4.4804
5.6826 -1.2347 6.3290
8.4046 -2.8086 4.7819
8.3154 -3.0847 4.1833
10.2794 -3.0542 5.3780
9.6946 -3.3949 4.3651
12.6236 -2.5793 7.6730
9.3528 -0.6524 9.6025
10.0572 -1.5798 7.3106
6.8742 -1.5983 5.2710
10.3539 -2.1154 6.4200
12.0533 -3.3247 5.8665
7.8574 -3.2593 3.5728
2.3645 -0.7990 5.2761
9.2409 0.6087 3.9506
10.7213 -2.3304 6.2058
7.5690 -2.7012 4.5123
11.6313 -2.0536 8.1417
8.1449 -3.3826 3.4945
9.4194 -3.3176 4.3595
11.6899 -2.1132 8.0574
11.1807 -3.3829 5.2472
5.5388 -2.5009 3.7366
15.6985 0.0752 14.7094
10.5494 -1.0616 9.4827
8.5778 -3.3702 3.7691
8.6521 -3.3311 3.8894
10.3855 -2.9886 5.5693
8.8655 -3.0747 4.5209
8.1738 -0.5351 4.5273
11.1893 -3.3314 5.3543
7.5722 -2.1316 4.9938
12.7341 -2.0537 8.7785
2.9824 -1.0612 5.1133
8.0166 -0.3069 4.7037
7.2911 -0.8685 7.9836
9.2674 0.6587 3.9192
10.9749 -3.3314 5.2305
8.0559 -3.0435 4.1152
12.7173 -2.3947 8.0929
1.8556 -1.0612 4.4626
-0.7055 -0.0300 5.0269
2.2159 -1.2884 4.2204
10.0178 -3.2037 4.9308
2.9652 -1.1210 4.9848
7.4640 -1.5736 3.9320
10.1045 -2.7644 5.8513
9.3360 -2.7175 5.5004
8.1232 -3.0435 4.1540
10.2787 -1.2870 7.7924
12.7722 -2.5793 7.7588
11.4618 -1.0617 10.0095
7.5367 -2.4717 4.3372
8.0640 -3.3034 3.6046
8.2144 -3.0328 4.2278
9.6873 -3.2820 4.5847
6.9867 -2.8775 3.8264
10.8737 -3.3829 5.0699
14.1775 -0.3204 13.0469
7.7582 -2.8507 4.3252
10.4313 -2.7795 6.0102
11.6623 -2.6850 6.9083
8.8444 -2.7643 5.1238
9.3049 -2.6848 5.5472
9.6409 -3.4184 4.2875
8.9900 -3.1141 4.5146
9.9463 -3.2362 4.8250
1.5072 -0.8682 4.6438
6.7943 -1.4924 5.4462
12.3521 -3.0950 6.4943
10.8358 -3.3577 5.0979
11.5894 -0.5746 11.0485
13.5269 -1.2351 10.8585
11.7005 -3.1425 6.0238
7.7173 -1.4293 6.2990
9.8261 -1.9570 6.4884
9.8915 -3.3380 4.5917
9.1616 -2.2662 5.2193
9.7639 -2.8778 5.4299
10.7317 -2.2196 6.4318
9.2326 -2.9165 5.0465
6.4483 -2.8642 3.5421
11.5560 -3.1869 5.8524
14.5825 -0.2281 13.4637
9.4187 -2.7175 5.5481
11.0654 -0.5765 8.1546
6.7364 -2.5788 4.2738
9.4916 -3.3036 4.4289
8.4641 -0.4230 5.0216
7.4263 -2.9163 4.0036
9.8943 -2.9534 5.3554
7.5495 -2.3338 4.3070
7.4714 -1.5379 3.8909
12.3188 -1.8190 9.0038
6.9147 -0.9352 7.6341
7.5336 -2.3297 4.3642
9.3330 -2.9412 5.0553
8.5738 -0.9996 8.4647
12.3162 -2.8780 6.9035
11.6137 -3.4011 5.4612
7.4885 -2.2745 4.3558
8.2143 -3.3764 3.5468
14.8914 -0.8689 12.3723
13.3203 -1.8190 9.5821
3.2959 -1.3406 4.7407
8.7803 -3.3765 3.8736
11.9993 -3.3038 5.8767
10.6565 -2.2794 6.2821
8.1933 -1.2474 6.7713
11.8688 -3.2822 5.8442
11.5912 -3.0001 6.2430
11.3217 -1.7816 8.5020
11.9054 -2.9772 6.4697
8.5919 -3.4067 3.7049
13.9406 -1.5337 10.5057
10.6631 -2.3489 6.2189
8.6348 -0.2279 10.0292
8.6082 -1.9396 5.5523
9.1440 -3.1330 4.5661
8.4076 -3.3639 3.6834
5.1556 -2.2235 4.0651
7.0885 -1.6024 5.7871
9.1361 -3.1423 4.5432
12.4892 -2.4810 7.7902
8.7173 -3.4183 3.7543
9.0479 -3.4008 3.9799
10.6033 -2.7176 6.2321
5.0859 -0.5743 7.2931
9.1904 -3.1514 4.5565
9.3683 -3.3445 4.2765
10.7572 -3.1143 5.5349
7.1958 -3.1043 3.4979
12.1160 -3.2967 5.9582
10.5930 -3.4069 4.8602
11.8478 -2.8646 6.6595
10.4331 -3.2820 5.0153
10.5277 -2.8371 5.9516
14.3623 -1.4879 10.8400
9.9073 -3.0330 5.2053
7.9680 -0.4085 9.2861
9.6212 -3.2893 4.5321
6.6443 -2.6155 4.1481
10.9719 -3.1953 5.4983
5.0508 -2.1695 4.1117
12.5036 -2.9655 6.8384
8.2128 -3.0435 4.2057
5.2970 -2.2235 4.1467
10.5716 -3.2519 5.1550
10.0570 -3.0542 5.2496
9.9272 -2.3224 5.8905
10.9452 -1.4078 7.9004
12.7416 -2.8780 7.1491
11.4908 -3.4128 5.3670
11.5796 -0.9997 10.2003
13.4406 -1.5782 10.1288
11.1637 -2.8910 6.2122
8.0959 -3.3574 3.5160
9.6569 -2.2368 5.5073
4.4555 -1.9244 4.2535
9.1296 -3.4184 3.9923
7.5604 -2.5707 4.4329
6.3682 -2.8085 3.6062
11.8180 -2.1700 8.0190
6.0236 -2.5210 3.9767
7.6447 -3.0109 3.9422
10.3215 -2.7014 6.1015
7.4990 -0.7272 8.3837
10.1994 -3.2671 4.9099
9.8412 -2.9770 5.2779
4.8184 -1.9579 4.3967
12.0109 -1.4282 6.4961
10.6605 -1.9801 6.9060
10.3210 -1.2543 8.1484
7.5560 -1.6440 6.0195
8.9685 -3.3575 4.0198
4.6557 -1.9244 4.3691
9.7420 -3.0748 5.0270
8.5072 -3.1513 4.1620
8.3007 -0.2279 9.8362
8.2404 -3.2439 3.8245
7.8498 -2.9997 4.0828
7.8920 -3.2200 3.6708
11.3691 -3.0543 6.0072
9.3292 -3.3765 4.1905
9.7425 -3.4068 4.3692
13.2382 -2.0839 9.0097
9.2039 -2.6680 5.5222
7.5034 -2.9997 3.8828
14.5526 0.0752 14.0476
8.3845 -2.2024 5.1249
10.1336 -3.1046 5.1940
7.2482 0.0755 9.8296
12.5256 -3.0544 6.6749
7.7979 -3.2439 3.5690
9.6433 -3.2595 4.6038
13.3921 0.1863 13.5975
8.4538 -2.9884 4.4540
8.3921 -0.4838 5.0023
12.8251 -2.0839 8.7712
8.8353 -2.9289 4.7923
12.2411 -2.3719 7.8631
10.5168 -3.0330 5.5572
3.1974 -1.3406 4.6838
12.5031 -3.1696 6.4337
11.8180 -3.4186 5.5444
6.5294 -2.5010 4.3086
8.0646 -2.8229 4.5573
6.8537 -1.3334 5.7946
5.5508 -2.1968 4.3461
9.7343 -2.5747 5.6963
8.5165 -0.5669 4.7051
12.2977 -3.2822 6.0918
5.0602 -1.7428 4.9626
13.8598 -0.5747 12.3596
7.6739 -2.2639 4.7974
9.5769 -2.8644 5.3484
7.5823 -3.0327 3.8629
10.5347 -3.2037 5.2292
-0.6025 -0.4082 4.3370
10.4916 -3.1953 5.2210
9.6774 -3.2201 4.7016
10.4882 -1.9210 6.8805
7.4176 -2.8228 4.1837
9.6099 -3.3106 4.4832
5.9250 -1.9579 5.0357
10.4852 -2.8645 5.8728
11.8235 -3.1783 6.0240
9.7011 -2.2158 5.9254
10.6501 -1.8159 7.0262
11.6119 -2.6682 6.9125
8.9160 -3.0645 4.5703
8.0467 -0.4868 4.7821
8.1816 -3.2517 3.7751
7.2766 -2.7332 4.2799
9.0882 -2.2803 5.2137
7.5693 -2.9036 4.1113
10.9105 -2.3680 6.2564
11.9702 -1.7433 8.9525
10.5275 -3.0646 5.5007
10.3283 -2.1424 6.3795
12.3401 -3.0851 6.5070
9.4948 -2.0688 5.8831
12.1736 -2.7178 7.1388
9.0793 -2.8908 5.0087
12.3292 -2.4388 7.7815
8.5849 -3.0644 4.3791
8.5528 -3.3510 3.7927
12.5490 -1.7817 9.2106
5.4968 -1.9245 4.8547
11.1293 -3.0000 5.9763
10.1586 -3.2893 4.8424
10.7966 -2.9291 5.9247
6.9218 -2.7332 4.0750
9.0992 -2.9652 4.8728
8.8224 -0.8686 8.8678
8.1184 -1.6787 5.9540
11.0965 -3.1332 5.6934
3.6142 -1.3911 4.8245
4.6434 -1.4873 5.2282
11.6925 -2.7492 6.7986
11.0655 -0.6698 8.1664
10.1846 -2.9165 5.5961
9.3278 -2.9999 4.9362
12.3224 -3.2598 6.1506
10.5196 -3.3107 5.0084
5.2594 -0.7271 7.0904
9.7791 -2.1805 6.1881
8.6527 0.5364 4.3404
10.0217 -2.9290 5.4773
12.0287 -3.0647 6.3675
5.4276 -0.2278 8.1771
9.4529 0.6017 4.0427
12.6427 -1.0618 10.6914
11.6260 -2.8510 6.5584
10.8211 -3.1143 5.5718
8.8104 -1.2409 6.9858
8.5789 -0.0892 4.5157
7.3405 -2.6847 4.4130
7.9056 -3.3764 3.3686
12.4040 0.0753 12.8069
11.4677 -2.7796 6.6085
10.4546 -1.9215 6.8637
10.4331 -1.4544 7.6193
9.2597 -2.1091 5.4438
11.3140 -2.2189 6.5821
8.0503 -3.1866 3.8284
11.9241 -1.9037 6.7054
8.3167 -2.7174 4.9119
7.3935 -2.1470 4.5896
7.6044 -3.1779 3.5880
5.8116 -2.4383 4.0183
9.1838 -3.2819 4.2941
12.8126 -1.4878 9.9453
6.6534 -0.4931 8.3592
8.5730 -3.3105 3.8845
10.9621 -2.3432 6.3773
10.4829 -2.3847 6.0499
8.2737 -3.1779 3.9745
11.8838 -1.8847 6.7189
7.6912 -3.1140 3.7648
-1.3270 -0.1310 4.4678
12.5107 -0.2280 12.2673
8.0513 -3.1603 3.8810
13.1063 -2.2241 8.6557
9.0290 0.5330 4.1464
7.0275 -1.5478 5.6774
11.7439 -1.2350 9.8290
12.4663 -2.8780 6.9902
10.1354 -2.8231 5.7529
11.8264 -3.2895 5.8053
9.9367 -3.4009 4.4930
8.2642 -3.1236 4.0767
13.1525 -2.0537 9.0200
12.1296 -2.3947 7.7536
9.9643 -3.1867 4.9334
10.2822 -2.5381 6.0013
10.2295 -3.3641 4.7352
11.3094 -3.2821 5.5213
8.1230 -2.4844 4.7044
11.4963 -3.4011 5.3935
11.7982 -0.9997 10.3266
11.6896 -3.3314 5.6431
8.7241 -2.2772 4.9954
12.2128 -3.1955 6.2147
12.4520 -2.1974 8.3308
8.4944 -3.3639 3.7334
10.1760 -2.9886 5.4484
8.0156 -0.2193 4.6732
11.1744 -3.1782 5.6492
10.1502 -3.3512 4.7150
11.5573 -2.7492 6.7205
10.1554 -2.1277 6.1218
9.5554 -3.3106 4.4517
9.2777 -2.2277 5.2643
8.5472 -2.6848 5.1097
12.8692 -2.6851 7.6051
7.7209 -3.2439 3.5246
10.3248 -1.5824 7.4863
8.7366 -2.4861 5.0624
12.2798 -2.6851 7.2648
8.1089 -2.9288 4.3729
6.5925 -2.7641 3.8236
9.3564 -2.7942 5.3602
10.6964 -1.3789 7.9815
9.7004 -2.9770 5.1967
7.7019 -3.0643 3.8694
11.0135 -3.0331 5.8439
9.7573 -3.2595 4.6697
12.1226 -3.0850 6.3814
8.0213 -0.1807 4.5803
11.9987 -1.3916 9.6659
6.0799 -2.0532 4.9363
8.8051 -3.2036 4.2306
7.2215 -2.2516 4.2239
8.5481 -3.3243 3.8428
8.9977 -3.4184 3.9162
8.4324 -2.0412 5.2948
8.4429 -3.3175 3.7957
11.0520 -3.1954 5.5445
11.6588 -2.3966 6.6136
11.0932 -3.1782 5.6023
12.9069 -1.9250 9.1333
11.7393 -3.3891 5.5576
9.1411 -0.9353 8.9197
11.3659 -2.9771 6.1582
12.4076 -2.9415 6.8305
7.2375 -2.0290 4.6897
14.2954 -0.4935 12.7721
11.1987 -3.1516 5.7160
6.9048 -2.9036 3.7276
11.2067 -2.0122 7.0531
11.0223 -1.6820 7.6519
8.0677 -3.2360 3.7404
8.3129 -2.2086 5.1022
6.1346 -2.5407 4.0019
7.6978 -3.2280 3.5426
8.5766 0.5212 4.3587
11.8355 -2.0073 6.8036
8.6292 -2.2526 5.0391
8.3545 -3.4183 3.5448
7.3061 -2.8642 4.0373
10.8349 -3.3512 5.1102
9.7082 -3.2119 4.7356
9.0930 -2.7942 5.2082
11.0159 -2.3479 6.3426
5.4894 -1.7428 5.2104
7.7384 -3.0219 3.9745
9.6763 -3.0747 4.9890
12.4926 -3.1240 6.5181
7.4893 -2.0001 5.0048
12.1778 -3.2521 6.0823
12.0482 -1.2596 6.4307
9.3441 0.6164 3.8948
12.0216 -0.0305 12.3763
12.4214 -3.1696 6.3865
10.1711 -2.8909 5.6391
13.0864 -2.4170 8.2619
9.8115 -3.1515 4.9151
8.5600 -0.7273 8.9963
11.8583 -3.1869 6.0269
9.1616 -3.1604 4.5221
8.7696 -2.5312 5.1129
7.1517 -1.9223 4.7938
7.6648 -2.7642 4.4427
10.5786 -2.9291 5.7988
8.6629 -0.0425 5.0103
11.0162 -2.2740 6.3906
7.7102 -2.1752 5.0978
12.9274 -2.7337 7.5425
12.0360 -1.3672 6.4521
14.0316 -1.6632 10.3016
8.5412 -2.1498 5.1558
9.1408 -2.9412 4.9444
9.9200 -3.2282 4.8256
8.4325 -3.3445 3.7362
8.3891 -3.0540 4.2866
11.3772 -3.1782 5.7663
7.2906 -3.1602 3.4418
12.7280 -2.7945 7.3069
9.0688 -2.9412 4.9027
8.6190 -0.1056 4.6653
9.6222 -3.3640 4.3846
7.2441 -3.1140 3.5066
7.5708 -2.2937 4.5400
4.5275 0.0756 8.2584
10.9890 -2.1824 6.4710
11.2630 -2.8910 6.2695
10.8839 -2.4017 6.2488
7.5614 -2.0522 4.9636
5.8776 -1.4400 6.0347
10.2046 -1.8199 7.0023
8.8588 -3.3639 3.9438
10.0954 -3.2282 4.9269
2.8168 -1.2884 4.5674
9.1471 -3.3703 4.0977
9.9892 -2.5290 5.8120
11.8186 -2.1119 6.8332
11.5772 -1.9583 8.2993
11.2921 -3.1954 5.6832
9.9295 -3.3766 4.5371
8.7826 -3.1045 4.4140
11.9937 -3.3891 5.7045
9.0839 -3.2892 4.2219
9.2883 -2.9652 4.9820
8.8183 -2.3130 4.9880
8.3268 -2.9289 4.4987
-0.3467 -0.4082 4.4847
-0.6269 0.0758 5.2819
11.0777 -1.3915 9.1341
11.3850 -3.1516 5.8236
3.6750 -0.5742 6.4784
11.2946 -0.4087 11.2071
7.5935 -1.5656 6.1648
10.3536 -2.8509 5.8237
8.9136 -1.9859 5.6276
5.6865 -2.5210 3.7821
9.3856 -1.9244 6.0923
6.0065 -0.3201 8.3285
11.5074 -3.4128 5.3766
5.8616 -2.5407 3.8443
9.2654 -3.2201 4.4637
13.3454 -1.3412 10.5435
5.5038 -1.6627 5.3775
8.2170 -3.2669 3.7653
4.4218 -2.1127 3.8608
10.8089 -3.0222 5.7473
8.6052 -3.4125 3.7010
7.7295 -0.6523 8.6651
9.6429 -2.9653 5.1867
4.9779 -2.1127 4.1820
14.7899 -1.0619 11.9313
9.3759 0.6188 3.8777
5.7797 -2.4383 3.9999
12.6491 -3.0439 6.7671
5.4839 -1.9905 4.7164
10.7294 -3.4185 4.9160
7.2450 -1.7411 5.5781
14.9166 -0.2281 13.6567
7.3653 -3.1865 3.4329
4.3220 -0.4084 7.1807
9.3532 -3.0221 4.9068
11.4685 -1.6631 8.8217
8.3648 -2.1982 5.1008
5.2137 -2.3481 3.8517
6.2067 -2.7011 3.7257
11.7579 -0.6525 10.9914
11.5371 -3.3513 5.5156
9.8502 -2.9885 5.2603
11.6343 -2.6850 6.8921
10.8245 -3.3950 5.0175
7.0133 -2.6507 4.2913
8.5548 -3.3105 3.8740
7.8267 -2.3614 4.5351
5.8526 -2.4165 4.0852
9.8696 -3.4009 4.4543
7.8498 -3.1951 3.6957
8.9505 -3.1952 4.3312
11.9013 -2.1419 8.1226
10.0185 -3.1515 5.0346
12.4707 -3.0851 6.5824
12.5781 -2.1700 8.4578
8.1601 -3.3948 3.4792
8.1184 -2.4020 4.8040
1.9649 -1.2345 4.1823
4.1477 -0.9993 5.9089
10.9668 -2.9654 5.9511
10.0377 -3.2037 4.9422
9.1343 -2.5745 5.3497
8.4658 -2.2981 4.9826
6.0762 -2.4805 4.0874
9.3009 -2.1042 5.5533
8.0520 -3.1422 3.9173
8.4762 -3.3243 3.8013
10.2512 -3.3176 4.8397
7.4588 -3.1691 3.5213
11.6423 -2.8089 6.6513
3.5754 -0.9350 5.7058
8.0729 -3.1422 3.9294
11.6635 -3.2121 5.8645
5.3683 -2.4164 3.8056
7.3126 -2.0780 4.6559
11.3746 -0.2280 11.6113
7.8927 -2.9532 4.1998
12.0496 -2.0537 8.3832
8.5712 -3.3827 3.7406
8.4480 -1.4736 6.2141
9.8361 -2.1547 6.1360
12.2762 -2.7646 7.1052
9.0522 -2.5748 5.3028
12.7780 -0.2281 12.4217
7.8936 -2.9651 4.1767
11.7790 -2.3719 7.5963
11.6694 -2.0536 8.1637
9.0406 -1.9879 5.5761
12.2328 -3.1955 6.2263
8.2573 -1.3191 6.3816
7.8750 -2.2884 4.8857
8.9904 0.1864 11.0556
9.0034 -3.3575 4.0400
10.9763 -3.3950 5.1051
9.0032 -3.3948 3.9660
10.5896 -2.8779 5.9067
10.0040 -3.3446 4.6435
10.9378 -2.8231 6.2162
7.6656 -2.1321 5.0494
8.4821 -0.8686 8.6713
2.4841 -1.4871 3.9814
11.9010 -2.5978 7.2191
9.2903 -3.3036 4.3126
9.3085 -2.7175 5.4845
6.5248 -2.8085 3.6966
8.2341 -3.3639 3.5832
12.6166 -2.6851 7.4593
7.9061 -1.6500 5.9310
13.2665 -2.0537 9.0859
5.6292 -1.4873 5.7974
13.4782 -2.3006 8.7189
9.9492 -3.1424 5.0126
8.8855 -1.0615 8.5219
10.0362 -3.2519 4.8459
8.9563 -2.9289 4.8622
3.7516 -0.7990 6.0771
9.7945 -3.0329 5.1401
8.5448 -3.2517 3.9848
9.2786 -3.0541 4.8002
12.5134 -3.1607 6.4572
5.1175 -2.2751 3.9409
11.4136 -3.3038 5.5385
8.2352 -3.0435 4.2186
13.3229 -2.3487 8.5339
14.1570 -0.7996 12.0855
11.7415 -3.0223 6.2857
7.0181 -3.0327 3.5371
6.7959 -2.5788 4.3082
13.9485 -1.9250 9.7348
12.8220 -2.8511 7.2489
9.2046 -1.6422 6.6239
11.1351 -2.1863 6.7662
9.8701 -2.8509 5.5446
8.2241 -3.2281 3.8465
11.4667 -2.3165 6.6008
8.3919 -3.2517 3.8965
10.7949 -2.9166 5.9485
10.9541 -1.9487 7.1029
12.2676 -2.1420 8.3341
7.6448 -0.9995 7.9283
10.2961 -3.2037 5.0915
8.2569 -3.1603 3.9997
10.0891 -2.4368 5.8008
8.3510 -2.9289 4.5127
11.1283 -3.0112 5.9535
11.6889 -0.9997 10.2635
7.3367 -2.9883 3.8091
9.7019 -3.4009 4.3575
12.2146 -0.7275 11.1067
9.5419 -3.4184 4.2304
5.0262 -0.3200 7.7624
7.9101 -2.8369 4.4403
11.5073 -2.8232 6.5450
11.1868 -1.1792 9.6178
11.9108 -3.1695 6.0917
4.9679 -1.0613 6.2597
9.0451 -3.3312 4.1163
11.6856 -3.0438 6.2108
9.9346 -2.5298 5.7821
14.1255 -1.5337 10.6124
0.5555 0.1867 6.1847
11.4660 -3.2121 5.7505
8.0621 -3.3378 3.5355
9.9192 -3.3107 4.6618
7.5512 -1.2034 3.7792
8.3536 -3.3702 3.6396
12.5036 -2.9888 6.7922
12.2571 -2.5015 7.6156
7.9662 -1.7224 5.8741
7.0326 -3.0539 3.5035
8.2885 -3.4183 3.5067
11.2185 -3.3641 5.3062
4.3136 -1.9904 4.0407
8.8042 -3.4126 3.8159
12.0187 -2.5978 7.2871
10.2660 -2.2519 6.0692
3.4396 -1.1210 5.2588
8.8534 -3.2200 4.2258
10.5456 -2.8088 6.0181
8.5310 -0.1562 4.6336
6.3747 -2.5010 4.2192
8.0084 -3.3948 3.3916
8.5217 0.5191 4.4682
7.5334 -2.5706 4.4172
12.0993 -3.0001 6.5363
9.6742 -2.0979 5.7486
9.7138 -2.6681 5.8166
7.4417 -2.8907 4.0631
9.0220 -3.2964 4.1718
8.4944 -1.1004 7.0376
7.8838 -3.3311 3.4458
8.9976 -3.4008 3.9509
12.2587 -3.0544 6.5208
10.0613 -3.2595 4.8452
13.5471 -0.9998 11.3365
11.1430 -0.4503 8.0643
9.3867 -2.8508 5.2655
8.9760 -2.2816 5.0748
11.3018 -3.3767 5.3294
9.0163 -3.2594 4.2419
9.1306 -2.0559 5.5119
7.4002 -2.4118 4.2619
9.4449 0.5827 3.9736
8.5429 0.5540 4.3525
10.4511 -2.9771 5.6301
12.7167 -2.7797 7.3297
12.0571 -2.8911 6.7280
11.7693 -3.3705 5.6117
9.4778 0.5715 3.9018
8.4071 -0.4932 9.3719
10.7331 -2.8372 6.0702
6.2338 -1.1212 6.8722
10.6711 -3.3313 5.0551
10.7481 -2.9291 5.8967
5.9798 -2.1969 4.5939
10.1336 -2.3060 5.9662
12.6415 -2.8780 7.0914
13.1460 -2.6160 7.9020
8.4919 -2.8643 4.7220
10.7561 -3.3107 5.1450
11.4344 -2.3294 6.5384
12.4013 -2.8373 7.0334
7.8575 -3.0746 3.9389
9.1388 -3.3445 4.1440
11.6840 -2.7015 6.8882
10.2344 -3.0111 5.4375
11.8286 -2.9887 6.4025
11.7676 -1.5336 9.2510
8.8962 -3.0947 4.4990
2.6895 -1.1787 4.7112
7.8625 -3.1235 3.8448
12.3221 -2.9292 6.8055
1.6645 -0.7269 5.0146
5.9479 -1.7812 5.3991
13.0686 -2.3006 8.4824
8.9822 -3.0645 4.6086
10.6240 -2.8088 6.0633
8.6442 -0.5744 9.3479
8.1666 -0.2408 4.4223
13.1560 -2.3487 8.4375
10.6155 -1.8957 7.0161
12.1787 -2.0227 8.5191
11.3831 -0.1315 11.8075
8.0284 -0.8685 8.4093
11.6294 -2.1973 7.8559
6.3016 -2.1969 4.7797
11.2834 -1.7432 8.5559
6.2016 -1.9580 5.1954
11.1975 -3.2821 5.4567
7.8538 -2.7793 4.5220
8.7868 -2.9289 4.7643
8.8803 -3.4008 3.8831
8.9217 -1.4677 6.4297
9.1733 -3.3106 4.2312
7.6737 -2.4936 4.4661
8.3101 -3.1951 3.9615
11.4554 -2.5837 6.7093
10.9290 -3.1424 5.5784
12.3660 -3.0113 6.6681
11.8093 -3.2597 5.8544
9.3987 -3.0221 4.9331
7.8452 -2.0843 5.2479
9.9208 -2.3878 5.7329
10.0918 -3.2746 4.8329
6.7252 -2.9531 3.5257
11.4467 -3.3578 5.4506
9.5828 -1.7331 6.3812
11.0857 -2.9535 6.0433
7.0406 -3.0327 3.5501
8.7260 -1.6113 6.1234
1.0753 -0.7269 4.6743
4.8741 -1.3911 5.5520
12.8319 -2.8647 7.2278
9.4317 -3.2119 4.5760
8.4915 -2.7793 4.8902
12.3177 -3.2284 6.2100
11.7403 -2.8232 6.6795
10.0181 -3.1781 4.9816
10.5070 -2.6681 6.2746
10.9486 -1.6373 7.5945
9.4977 0.5686 3.8738
8.1093 -0.1890 4.3727
11.9993 -3.2364 6.0103
6.3820 -2.6154 3.9966
8.0827 -2.9651 4.2859
10.2517 -2.9534 5.5618
3.6818 -1.8184 4.0167
-0.7853 -0.2275 4.5894
12.4786 -2.8647 7.0238
11.4599 -3.1143 5.9406
8.6432 -3.0328 4.4754
6.4988 -2.8368 3.6254
9.7494 -3.4126 4.3616
11.5059 -2.5389 6.7094
7.5358 -3.2117 3.4813
7.2708 -2.0641 4.5832
6.5376 -2.8228 3.6756
12.3468 -2.4601 7.7494
10.0852 -3.1867 5.0032
11.3475 -3.2121 5.6821
13.5339 -0.4088 12.5001
12.4622 -1.6213 9.4784
7.1288 -1.5447 5.7076
9.0213 -1.5358 6.3448
11.4939 -2.1662 6.8100
10.0791 -0.4086 10.5052
10.8574 -3.3890 5.0484
8.5460 -0.0409 4.4808
8.5239 -3.3378 3.8021
8.5752 -3.4067 3.6953
11.1416 -3.2821 5.4244
4.8414 -2.2750 3.7815
6.1461 -2.5210 4.0475
8.7190 -2.8644 4.8531
10.1930 -2.9770 5.4811
12.1593 -2.5604 7.4423
13.1969 -0.3204 12.4806
12.1314 -1.6631 9.2044
10.8975 -2.0102 6.7316
9.4483 -1.8879 6.3056
8.6163 -2.4003 4.9365
8.3773 -3.3510 3.6913
3.5679 -1.2885 5.0011
11.2265 -2.7944 6.4400
8.5972 -1.5936 6.2286
11.5432 -3.1695 5.8795
9.7778 -2.7942 5.6035
11.5468 -3.2520 5.7180
9.9831 -3.0748 5.1661
10.9312 -2.1252 6.5614
8.1783 -1.7905 5.6731
10.4587 -3.2120 5.1689
13.2786 -1.8190 9.5580
10.2346 -3.4185 4.6303
8.0095 -2.1579 5.2117
10.1098 -1.7160 7.0702
11.8159 -3.0113 6.3505
8.4765 -0.1150 4.5510
7.9259 -3.1235 3.8814
8.9252 -1.8423 5.7878
13.6215 0.0753 13.5100
9.4498 -3.3888 4.2358
7.3140 -2.8228 4.1240
12.8349 -2.7178 7.5206
12.7272 -2.8912 7.1148
8.0487 -3.2281 3.7452
10.5309 0.1864 11.9452
8.7832 -1.3174 6.6582
10.7833 -3.2596 5.2620
8.5880 -3.3510 3.8130
8.1483 -3.3575 3.5463
1.4490 0.0757 6.4807
10.1921 -3.3107 4.8194
4.5293 -1.8900 4.3642
8.8612 -3.3827 3.9080
10.6484 -2.9166 5.8639
8.8214 -3.1780 4.2907
9.8523 -3.2595 4.7245
12.7682 -1.7038 9.4915
12.0774 -3.1144 6.2971
11.2761 -1.3411 9.3486
9.3349 -3.4126 4.1223
10.0701 -0.8686 9.5883
11.9092 -0.2280 11.9200
12.0360 -3.3038 5.8979
7.3148 -2.0986 4.1937
11.2305 -3.0850 5.8664
1.1931 -0.7269 4.7424
11.3471 -2.7177 6.6616
9.7889 -2.5745 5.7275
8.0436 -1.5657 6.0307
10.1678 -0.7994 9.7820
8.1984 -2.3897 4.8198
8.8176 -2.7643 5.1083
9.8806 -2.3115 5.8347
8.3065 -3.1236 4.1011
8.5620 -2.0279 5.4500
12.3809 -3.2748 6.1545
9.9531 -2.5738 5.8208
6.9206 -2.8907 3.7623
9.8832 -1.3417 7.6705
9.8477 -1.7625 6.9453
-0.5385 -0.4082 4.3740
12.6174 -1.6631 9.4850
8.9322 -1.5264 6.5817
4.6377 -1.4400 5.3187
5.4340 -1.8185 5.0285
11.7914 -2.1419 8.0591
7.9618 -2.8507 4.4428
12.2814 -3.1869 6.2712
2.4774 -0.3199 6.2906
6.5484 -2.8906 3.5474
11.1467 -3.0543 5.8788
11.1486 -2.2557 6.4183
8.8952 -1.2949 7.1379
9.7179 -2.1937 5.9712
12.1084 -2.7336 7.0696
7.9017 -3.3311 3.4561
9.4142 -2.1599 5.4960
11.1425 -3.4128 5.1659
11.8386 -2.6683 7.0434
9.1920 -3.3765 4.1113
4.5779 -0.4084 7.3285
9.2931 -3.2671 4.3866
10.0798 -2.7176 5.9299
0.7217 -0.7269 4.4702
10.8772 -3.4128 5.0127
7.1364 -2.7792 4.1078
7.5517 -3.1421 3.6285
8.6497 -1.0514 7.2782
11.4894 -3.2520 5.6849
11.3400 -3.3642 5.3763
13.4244 -2.2241 8.8394
7.8488 -3.1865 3.7120
6.4231 -2.8642 3.5275
8.0932 -2.1496 5.2317
6.8766 -1.3087 6.2259
10.3586 -3.1694 5.1956
10.0891 -2.5744 5.9005
10.1838 -3.3245 4.7872
8.3522 -2.4454 4.8179
10.6260 -1.6643 7.3029
11.4819 -3.1695 5.8441
8.2358 -1.1979 6.7967
8.9063 -1.2547 7.3407
10.5048 -3.2283 5.1632
5.5029 -2.3942 3.9274
3.0811 -1.3910 4.5167
9.6428 -3.3379 4.4481
11.4768 -3.0647 6.0488
8.4624 -3.3575 3.7276
12.5136 -3.1426 6.4932
7.8484 -2.7174 4.6415
9.2704 -2.3035 5.2254
9.2181 -1.6205 6.7962
11.9979 -1.5409 6.5188
13.5132 -2.1421 9.0533
9.6784 -3.3379 4.4686
3.5600 -1.6625 4.2552
12.3984 -3.2598 6.1945
10.0964 -2.7491 5.8770
6.5560 -0.7272 7.8391
4.2690 -1.2885 5.4059
9.9571 -3.3512 4.6035
9.8160 -2.6510 5.9095
8.5151 -1.8894 5.5988
7.8265 -2.4421 4.5070
8.7759 -3.3827 3.8588
8.8224 -2.8087 5.0231
9.8425 -3.4068 4.4270
11.7611 -3.3314 5.6844
10.2811 -2.1225 6.2866
9.3315 0.5723 4.0255
11.0766 -3.1143 5.7193
10.8118 -3.1953 5.4058
7.9203 -3.0219 4.0795
9.1200 -2.9998 4.8162
6.2908 -2.4383 4.2950
10.0189 -3.1237 5.0898
10.7303 -0.5745 10.5525
1.2051 -0.4929 5.2131
7.9152 -2.9288 4.2611
10.5443 -3.1143 5.4120
7.6187 -1.7144 5.9083
9.3750 -3.1330 4.6995
8.2509 -0.6190 4.5990
9.1938 -2.9652 4.9274
13.0005 -1.1793 10.6651
11.2112 -3.4010 5.2289
8.1031 -3.2744 3.6847
5.8293 -2.3942 4.1159
8.4744 -3.2361 3.9752
10.8920 -3.3950 5.0564
4.3225 -2.0222 3.9829
7.4157 -1.6969 3.9651
8.2800 -3.0435 4.2445
8.1139 -2.4446 4.6787
9.8980 -3.3446 4.5823
9.5971 -2.2436 5.4907
9.9190 -2.8088 5.6563
7.8758 -2.2661 4.9202
10.2256 -0.7994 9.8154
12.1970 -3.2895 6.0192
12.0253 -3.2284 6.0411
9.2451 -3.4184 4.0590
11.8750 -3.3891 5.6359
10.9618 -2.5765 6.4087
8.1092 -2.3931 4.7767
7.9044 -2.7333 4.6423
8.9146 -3.3379 4.0277
10.8881 -3.1516 5.5367
12.2873 -3.0950 6.4569
10.7317 -3.1953 5.3596
9.9129 -2.1378 6.1246
9.9980 -3.2746 4.7788
10.1148 -2.2042 6.0307
7.6159 -2.9883 3.9703
8.4906 -3.2439 3.9689
9.4471 0.5697 3.9200
11.3453 -3.2203 5.6645
7.0130 -2.7011 4.1912
6.1283 -1.1212 6.8113
11.6718 -3.3314 5.6328
11.8346 -3.3038 5.7816
10.3179 -1.5430 7.5317
6.3789 -2.3001 4.6199
13.1653 -2.3720 8.3967
8.6503 -3.1951 4.1579
3.6537 -0.3200 6.9699
12.4702 -3.0648 6.6224
8.6786 -0.4318 4.7492
6.8859 -2.9767 3.5716
5.5297 -2.4164 3.8988
13.1795 -1.0618 11.0014
8.6837 -3.3379 3.8944
8.4609 -2.7941 4.8432
10.2605 -2.2926 5.8443
9.3149 -1.0616 8.7698
9.6140 -3.1604 4.7832
10.5205 -3.0437 5.5381
11.7803 -2.2756 7.7879
7.6543 -3.2117 3.5498
11.0101 -3.3890 5.1366
6.0168 -2.0223 4.9612
2.2310 -0.0301 6.7226
12.6905 0.0753 12.9723
8.9180 -2.0772 5.4615
10.1035 -3.1237 5.1387
8.8898 -3.1045 4.4759
9.8308 -3.0221 5.1826
10.1237 -3.0542 5.2881
5.7261 -1.8185 5.1971
8.6618 -3.2819 3.9926
7.8490 -3.3378 3.4124
8.7346 0.5736 4.2469
10.1929 -3.2283 4.9832
8.6440 0.0123 4.8782
12.1441 -3.2673 6.0326
1.1627 0.0757 6.3154
6.1559 -2.0532 4.9802
12.7708 -2.4811 7.9528
10.3495 -3.3313 4.8694
6.5519 -2.7792 3.7703
10.0418 -3.0646 5.2203
8.1804 -1.4556 6.3335
8.3735 -0.6221 4.6443
3.8948 -1.9243 3.9298
9.1984 -2.8644 5.1299
7.8426 -2.9288 4.2191
10.6790 -2.8231 6.0668
12.9648 -1.0618 10.8774
9.7284 -3.3949 4.3846
13.0717 -2.5216 8.0462
12.1546 -2.6159 7.3296
3.1349 -1.6207 4.0927
10.9404 -2.8910 6.0832
1.8982 -0.6521 5.2979
11.3688 -2.9654 6.1831
7.5924 -3.2034 3.5304
11.9989 -1.8905 8.6772
8.2271 -0.0919 4.3919
4.8457 -1.7428 4.8387
11.6194 -1.5781 9.0772
5.3366 -1.9244 4.7622
7.0938 -2.7488 4.1434
11.0333 -3.1425 5.6386
10.6692 -2.2063 6.4552
12.4029 -2.8647 6.9801
11.0741 -1.5335 8.8505
7.8824 -3.3174 3.4721
11.6992 -3.3448 5.6222
11.5606 -2.6511 6.9168
12.2302 -3.1333 6.3480
12.7628 -1.2351 10.4173
9.4921 -2.2520 5.3733
2.0223 0.1867 7.0317
11.5897 -2.7336 6.7701
10.4384 -2.0925 6.5107
8.6136 -2.2800 4.9388
-1.2711 0.0758 4.9099
12.7957 -2.4170 8.0941
7.2484 -0.3201 9.0456
11.1151 -3.3577 5.2592
12.8131 -2.6851 7.5727
10.4031 -3.3313 4.9003
2.6797 -0.6521 5.7492
7.3412 -3.0945 3.6012
11.1320 -3.1954 5.5907
11.4620 -0.0305 12.0532
11.5924 -1.7037 8.8126
5.9774 -1.9245 5.1322
8.1941 -2.8229 4.6320
7.5316 -2.9411 4.0152
10.3995 -3.4185 4.7255
3.5396 -1.5331 4.5000
8.9286 -3.2745 4.1613
13.6851 -1.2891 10.8430
9.1102 0.5773 4.2276
9.4183 -1.2506 7.5462
11.4203 -3.1047 5.9369
8.8773 -3.1236 4.4307
5.3247 -0.6522 7.2765
10.4850 -2.2603 6.2192
13.6230 -1.8907 9.6149
10.8904 -3.1782 5.4852
9.9981 -3.3176 4.6935
9.0356 -2.9885 4.7900
9.9611 -2.1855 6.1945
7.5038 -2.8507 4.1783
11.6405 -2.8779 6.5134
7.6004 -2.9288 4.0793
13.0322 -2.4388 8.1874
12.1311 -2.9887 6.5772
9.4581 -3.3827 4.2526
5.0208 -1.1789 6.0574
11.2475 -3.3890 5.2736
10.6186 -3.0748 5.5331
9.7893 -3.4184 4.3732
10.8855 -3.3314 5.1789
6.6642 -2.8506 3.6936
7.6273 -3.1140 3.7279
6.8455 -1.2620 6.3120
9.0906 -2.8370 5.1219
8.4241 -3.0847 4.2461
8.0372 -2.8908 4.4070
6.2282 -2.7488 3.6436
10.9485 -3.1047 5.6645
10.2562 -3.2362 5.0039
3.2507 -1.6625 4.0766
9.4074 -2.7644 5.4488
10.6997 -2.2001 6.4542
10.7510 0.1864 12.0723
10.3412 -3.0437 5.4346
10.2065 -3.3313 4.7869
8.9625 -1.9210 5.6788
9.8292 -2.8644 5.4941
9.1607 0.5482 4.0698
5.6450 -2.4596 3.8799
8.5531 -1.8081 5.7755
7.1947 -2.7332 4.2326
6.8983 -2.9287 3.6740
11.7216 -2.8646 6.5867
16.1486 -0.0307 14.7595
12.2495 -3.2748 6.0787
5.1423 -2.4164 3.6751
9.2953 -3.3312 4.2607
7.6699 0.1865 10.2931
11.2488 -3.2121 5.6250
5.4808 -1.5332 5.6209
12.3567 -2.7646 7.1517
12.0926 -3.2822 5.9734
7.9874 -2.8776 4.4043
6.5133 -2.5973 4.1084
3.1302 -0.9350 5.4487
9.4516 -2.2727 5.3268
11.7784 -3.1516 6.0507
10.6101 -3.0437 5.5898
11.1180 -2.8372 6.2924
8.5707 -1.8926 5.6452
8.6566 -3.1422 4.2664
11.3653 -2.8779 6.3545
12.1349 -2.1133 8.3144
10.0825 -3.3950 4.5891
10.0672 -3.2671 4.8336
8.1248 -0.2927 4.4169
7.7533 -3.1044 3.8197
12.6984 -1.4405 9.9731
9.9298 -3.1693 4.9480
7.3947 -1.4435 6.2852
6.8860 -1.1790 7.1344
10.5842 -3.3380 4.9916
6.7480 -1.2012 6.0297
8.5530 -3.0328 4.4233
11.4686 -2.2059 6.8170
9.0801 -3.4184 3.9638
9.6369 -1.8702 6.1591
8.0113 -3.0219 4.1321
11.8372 -3.1239 6.1396
15.0503 -0.2281 13.7339
7.6944 -2.2557 4.8876
8.8348 -3.2745 4.1072
11.0442 -3.3829 5.1684
7.8689 -2.9532 4.1860
9.0906 -3.2819 4.2402
11.1091 -3.2283 5.5121
12.7058 -1.6631 9.5361
10.3205 -3.2120 5.0891
7.4189 -2.0018 4.9711
9.2531 0.0754 10.9874
12.5885 -2.6851 7.4431
13.1754 -1.4405 10.2485
9.6177 -2.8230 5.4540
9.4918 -3.3312 4.3742
0.8534 -0.5741 4.8490
10.8264 -2.9771 5.8467
10.2597 -1.2454 7.9190
12.5053 -2.3249 8.1089
5.4475 -0.0303 8.5800
12.2475 -2.9888 6.6444
10.2274 -3.2519 4.9563
9.5293 -3.2595 4.5380
11.7342 -2.4128 6.7659
9.2623 0.5452 3.9742
8.6836 -2.7643 5.0309
5.1974 -1.6208 5.2836
10.6764 -3.4069 4.9084
10.8937 -3.4128 5.0223
9.0123 -2.9885 4.7765
13.6321 -2.1974 9.0122
7.3895 -1.7301 3.9721
4.4951 -1.7033 4.7146
12.0109 -1.4550 6.4961
5.5241 -2.4382 3.8523
9.4896 -1.2025 7.6444
11.6908 -3.1606 5.9823
8.4154 0.0190 4.5033
10.1642 -2.8778 5.6611
3.4488 -1.6207 4.2739
9.0531 0.5507 4.2189
10.8516 -3.3447 5.1328
9.3514 -3.4126 4.1319
9.5332 -0.6524 9.7067
7.9653 -1.4913 6.1110
8.0849 -3.2669 3.6890
9.3930 -3.0947 4.7858
11.0148 -2.8910 6.1262
10.2304 -3.4127 4.6393
11.5227 -2.4163 6.6519
10.6035 -1.7228 7.1413
7.6032 -3.1044 3.7331
7.5017 -2.3524 4.4032
8.0435 -0.9996 6.8871
10.5635 -2.1200 6.5565
9.8259 -3.0436 5.1371
5.1401 -1.8548 4.7868
9.2554 -3.2670 4.3648
9.6978 -2.6849 5.7740
7.4989 -0.2278 9.3732
6.2015 -2.2497 4.6172
9.1135 -3.2361 4.3442
5.2423 -1.6208 5.3095
7.4227 -1.7051 4.0046
9.3547 0.5929 4.0887
11.0762 -3.4128 5.1276
11.0591 -3.0222 5.8917
0.2753 -0.6520 4.3608
12.7692 -2.3720 8.1680
3.7793 -1.4399 4.8230
12.4052 -2.6683 7.3705
7.6330 -2.3622 4.3506
9.5007 -3.4126 4.2180
5.3531 -2.0833 4.4569
7.1339 -2.9997 3.6695
6.3971 -2.3244 4.5822
9.9903 -3.0542 5.2111
7.2090 -1.3542 6.3238
4.8468 -0.7271 6.8522
10.6543 -1.9211 6.9771
10.4643 -2.2101 6.3486
11.1543 -2.7177 6.5502
8.1089 -3.4007 3.4378
9.9579 -3.3704 4.5658
14.5138 -0.7276 12.4343
8.7158 -0.1525 4.7538
12.7425 -2.5793 7.7416
4.6145 -1.6207 4.9471
12.8979 -2.3005 8.3838
11.4826 -3.2203 5.7438
9.7214 -0.9996 9.1274
5.9839 -2.6507 3.6969
4.7348 -2.2496 3.7704
8.2621 -3.3175 3.6913
12.4756 0.0753 12.8483
5.7472 -2.0223 4.8055
8.9361 -2.5282 5.2023
9.8640 -2.8778 5.4877
10.9759 -3.3767 5.1412
9.5197 -2.2339 5.5023
9.5305 -3.2119 4.6330
9.6134 -2.6198 5.6557
8.7574 -0.2234 4.7218
14.7233 -1.1217 11.7743
4.1860 -1.9578 4.0316
11.0345 -3.0949 5.7335
10.8209 -1.3761 8.0146
13.5800 -0.2281 12.8848
12.8712 -1.3916 10.1697
4.7792 -0.5743 7.1160
8.6177 -1.6932 5.8165
7.3597 -1.8687 5.1966
9.3350 0.6619 3.8834
8.3323 -3.1866 3.9912
8.9332 -2.7490 5.2054
8.0672 -2.5763 4.7375
6.5646 -2.7940 3.7483
10.0992 -2.3161 5.9729
8.4541 -2.0446 5.3199
6.6827 -2.6678 4.0665
5.3174 -2.3243 3.9587
11.9992 -2.7796 6.9154
11.9810 -1.1215 10.1908
10.7791 -3.2363 5.3058
11.9919 -3.0544 6.3667
5.2935 -2.2496 4.0930
10.9802 -1.2889 9.2811
9.4284 -2.2644 5.5325
3.1159 -0.7990 5.7100
5.4734 -0.4084 7.8456
13.6888 -2.0839 9.2699
5.2114 -2.3714 3.8043
9.0680 -1.8260 5.9709
9.4654 -2.9534 5.1078
12.3277 -2.9772 6.7135
11.5887 -2.3834 6.6122
9.5313 -3.1781 4.7006
8.9910 -0.1314 10.4261
12.6027 -3.0648 6.6989
4.1390 -0.1312 7.6243
2.1507 -0.3199 6.1019
8.1409 -3.4125 3.4329
9.5667 -3.0747 4.9258
7.0821 -3.0945 3.4516
8.8738 -3.1604 4.3559
7.9458 -2.0947 5.3449
9.0050 -2.8508 5.0451
6.0289 -2.0834 4.8471
8.5929 -1.4381 6.3802
7.4996 -2.9883 3.9031
8.6553 -2.4392 4.9786
10.3995 -1.8367 6.9893
6.8014 -2.9883 3.5000
8.8220 -2.9533 4.7363
11.4227 -2.9414 6.2618
9.6418 -2.0138 5.8933
11.3173 -1.8189 8.4255
10.3261 -3.0111 5.4904
11.9379 -2.1420 8.1437
9.6358 0.6173 3.9542
9.2767 -2.2397 5.2173
7.2599 -3.1421 3.4600
9.8101 -3.3106 4.5988
7.1373 -0.9352 7.7626
9.6253 -2.2780 5.4405
8.4234 -2.8370 4.7366
13.1939 -1.1216 10.8912
9.4597 -2.1441 5.6679
5.2205 -1.2886 5.9553
7.5121 -2.8776 4.1298
11.1690 -3.0543 5.8916
8.7612 -3.1045 4.4016
11.8616 -0.1315 12.0838
11.8609 -0.7274 10.9024
8.7870 -1.1548 7.3506
8.7339 -1.1494 7.1250
8.4529 -2.8229 4.7815
8.4898 -3.1422 4.1701
8.3382 -3.3639 3.6433
12.1062 -3.3951 5.7574
12.8688 -2.5412 7.8901
9.0116 -0.7993 9.1144
11.8337 -3.0949 6.1950
12.3915 -0.7275 11.2088
12.0462 -2.9772 6.5510
9.4740 -3.3312 4.3639
11.6347 -3.1047 6.0607
8.0175 -0.3960 4.7347
11.4832 -2.9772 6.2260
10.0347 -2.5741 5.8684
4.6521 -1.1211 5.9589
8.6334 -3.2281 4.0828
7.9884 -2.9997 4.1628
10.9896 -2.8231 6.2461
8.5135 -2.7941 4.8736
9.7269 -2.2132 6.0372
8.5329 -3.0847 4.3089
9.5361 -0.3202 10.3667
6.2904 -2.5788 4.0164
11.7604 -2.7177 6.9002
9.1479 -2.8644 5.1007
5.2086 -0.5743 7.3640
6.2956 -1.3058 5.8388
9.0720 -3.2819 4.2295
6.8166 -0.4085 8.6212
11.7529 -3.0001 6.3363
8.2107 -3.3948 3.5084
2.0756 -0.7990 5.1093
8.7998 -3.4183 3.8019
11.8743 -3.2748 5.8620
11.7966 -3.2203 5.9251
9.2747 -2.9533 4.9977
12.5081 -1.2351 10.2702
8.2455 -0.0626 4.4085
11.5834 -3.3951 5.4556
3.7559 -1.1211 5.4414
4.8136 -1.1789 5.9377
10.3684 -2.8231 5.8874
7.4496 -1.5075 3.8580
10.6844 -3.0748 5.5710
7.0293 -2.8228 3.9596
8.3077 -1.7226 5.8157
10.8789 -1.6996 7.4085
5.0976 -1.8901 4.6923
9.4777 -2.3542 5.3959
11.9436 -2.9536 6.5386
8.6199 -3.0847 4.3591
12.4492 -2.7178 7.2978
10.4192 -1.9635 6.8589
13.0195 -0.8688 11.2914
4.8699 -1.2885 5.7529
9.3471 -3.3176 4.3177
11.6770 -3.4070 5.4861
12.8572 -2.8647 7.2423
13.6732 -1.6213 10.1776
10.9056 -3.3577 5.1383
3.8325 -1.7811 4.1776
10.5663 -3.2893 5.0777
10.5680 -2.3988 6.0596
8.7077 -2.4396 5.0097
8.0117 -2.9768 4.2216
8.6236 0.1865 10.8438
9.0627 -3.0747 4.6348
4.6693 -1.7033 4.8151
11.6634 -3.1333 6.0207
15.1033 -0.7276 12.7747
2.7904 -1.3910 4.3488
11.2135 -3.2966 5.4371
11.3534 -3.1143 5.8791
6.4403 -2.6155 4.0303
9.7566 -1.7298 6.6952
8.0310 -3.1513 3.8871
7.7993 -1.8031 5.7530
12.0473 -2.9415 6.6224
10.2290 -3.3380 4.7865
5.1804 -2.3481 3.8325
10.1203 -3.3576 4.6848
2.5086 -0.9992 4.9625
12.5112 -0.0305 12.6591
3.3044 -1.0612 5.2992
7.3692 -2.2029 4.3490
7.2989 -2.0557 4.6934
9.2056 -3.3949 4.0828
6.1900 -2.6846 3.7487
9.4305 0.1864 11.3098
5.6653 -0.4084 7.9564
10.9499 -3.1424 5.5904
6.8195 -1.5389 5.4767
11.5867 -3.3891 5.4695
7.3399 -2.8228 4.1389
11.8742 -3.0647 6.2782
11.6006 -2.7796 6.6853
14.7830 -0.2281 13.5795
9.9694 -3.1142 5.0801
10.9915 -3.1332 5.6328
8.4301 -3.2517 3.9186
6.4544 -0.9506 5.6929
7.8952 -2.9884 4.1315
9.5297 -3.2440 4.5689
7.6673 -1.8965 5.5113
4.0528 -1.2346 5.3879
9.9157 -0.7273 9.7791
11.9295 -2.8089 6.8171
7.6308 -2.1625 4.8889
9.4707 -0.3202 10.3290
10.8193 -2.9166 5.9626
9.6512 -2.9999 5.1229
4.3287 -0.0302 7.9339
8.7635 -3.3510 3.9143
12.2330 -1.9910 8.6134
7.4513 -1.9239 5.1414
9.4004 -1.9515 5.9116
8.5061 -3.3378 3.7918
9.0692 -3.2201 4.3504
10.2938 -3.1238 5.2485
7.0561 -3.0219 3.5806
9.4565 -3.0541 4.9029
6.9112 -1.5764 5.4673
10.5717 -3.0646 5.5262
11.7593 -2.8911 6.5560
4.6825 -0.8684 6.4773
8.7360 -3.2517 4.0952
8.6608 -3.0435 4.4644
7.5080 -2.8642 4.1539
9.0098 -3.2892 4.1791
8.7939 -3.3575 3.9191
11.0831 -1.1792 9.5579
7.4281 -1.6061 6.0142
11.5370 -2.2020 6.7519
6.4276 -2.2236 4.7995
9.4886 -2.8778 5.2710
8.4243 -3.1513 4.1142
9.0648 -3.1780 4.4312
8.5356 -1.5737 6.0386
10.0087 -1.9412 6.5246
9.3990 -3.3888 4.2064
3.0948 -0.8683 5.5605
12.3777 -2.8647 6.9655
11.4786 -2.5385 6.6927
7.8599 -2.3254 4.7932
6.9024 -2.8642 3.8043
11.7474 -3.1695 5.9974
3.4197 -0.0302 7.4090
10.0583 -3.0221 5.3139
8.1175 -1.8961 5.5763
11.8758 -3.3448 5.7242
11.6684 -2.8089 6.6663
6.1433 -1.8185 5.4380
11.8244 -2.2501 7.8638
13.2612 -0.6526 11.8594
13.1517 -2.2502 8.6302
7.6374 -2.1817 4.9558
5.7932 -0.4084 8.0302
11.1063 -3.2596 5.4485
8.1452 -2.4423 4.6913
11.3885 -3.0647 5.9978
11.2705 -2.1384 6.6955
6.7661 -2.5788 4.2910
7.4875 -0.1313 9.5579
6.5604 -2.5010 4.3264
9.1673 -3.2201 4.4071
7.2252 -1.3985 6.2468
12.2739 -3.3038 6.0353
8.2417 -2.8507 4.6044
7.8212 -2.9532 4.1585
12.1481 -3.1783 6.2114
9.8765 -2.8230 5.6035
8.8238 -3.0329 4.5797
11.2485 -2.8232 6.3956
12.3859 -2.3005 8.0882
8.8241 -3.3639 3.9238
9.6829 -1.2066 7.8683
10.9429 -3.4010 5.0740
14.7362 -1.0619 11.9003
11.7715 -2.3005 7.7335
12.0183 -3.2597 5.9751
7.8901 -2.9163 4.2713
10.0153 -3.3766 4.5866
10.3739 -2.1338 6.4943
11.5153 -2.3659 6.6004
8.2626 -2.8777 4.5632
13.9141 -0.2281 13.0778
12.8070 -2.7945 7.3525
9.2058 -3.3640 4.1441
9.5739 -3.1423 4.7960
8.5586 -0.1577 4.9834
10.9726 -3.2283 5.4334
9.5564 -2.7175 5.6276
7.7828 -3.2669 3.5147
9.8433 -2.3534 5.6051
10.7225 -1.6494 7.5519
11.9433 -1.7053 6.6146
1.9636 -1.1210 4.4065
9.0599 -3.2745 4.2372
4.3860 -0.4084 7.2177
8.0923 -0.2404 4.3808
8.6759 -2.0184 5.4800
9.5775 -3.3827 4.3216
7.7305 -2.8369 4.3366
10.9580 -3.3577 5.1685
8.8463 -2.3415 5.0009
8.3834 -3.0746 4.2426
11.2044 -2.4907 6.4973
8.5249 -1.8601 5.6411
9.0731 -1.8694 5.8303
10.7432 -3.1515 5.4530
8.4180 0.0904 4.4744
8.6088 0.5429 4.4166
8.4959 -2.7643 4.9226
7.0846 -2.9163 3.8063
7.8836 -2.3959 4.6534
13.0790 -2.3249 8.4402
11.8005 -3.1144 6.1373
10.4104 -2.7176 6.1207
3.3391 -1.6625 4.1276
11.8160 -3.1239 6.1274
9.4794 -3.0947 4.8357
12.1839 -3.4011 5.7904
10.0619 -2.5742 5.8844
8.5874 -2.8087 4.8874
11.2679 -3.0000 6.0563
12.0164 -3.3830 5.7297
8.0299 -3.1951 3.7997
12.3246 -3.2748 6.1220
7.4902 -1.3744 3.8861
10.7597 -3.4069 4.9565
3.8947 -1.0613 5.6400
8.9492 -2.3120 5.0610
9.6873 -3.1514 4.8433
7.9904 -3.2517 3.6647
11.9915 -2.9887 6.4966
5.6987 -2.3942 4.0405
8.9369 -3.4126 3.8925
14.0736 -1.7434 10.1670
10.4977 -2.7335 6.1396
8.7506 -2.7334 5.1309
7.4337 -2.7940 4.2501
7.5338 -1.2516 6.4834
5.5744 -2.3714 4.0138
8.3776 -3.2361 3.9193
8.3862 -3.0644 4.2644
-1.6445 0.1868 4.9142
10.8581 -2.3652 6.2193
9.4434 0.5611 3.8889
11.9025 -3.2364 5.9544
12.1583 -3.3448 5.8873
6.6937 -2.5600 4.2866
7.1782 -3.0745 3.5467
8.5479 -3.3948 3.7031
10.4364 -3.0000 5.5762
9.4836 -3.3766 4.2796
9.8482 -2.4401 5.6692
-0.7121 -0.1310 4.8229
9.8112 -2.2597 5.9212
9.6002 -1.7792 6.6554
9.2124 -3.3888 4.0987
7.6812 -3.1603 3.6673
9.2496 0.6579 3.9286
8.7267 -2.9533 4.6813
8.1296 -2.3001 4.9708
11.5602 -3.4070 5.4187
10.4714 -3.3245 4.9532
11.6906 -2.8780 6.5423
12.2730 -2.8373 6.9593
9.1810 -3.3379 4.1815
6.0694 -2.3714 4.2996
-0.6592 -0.3198 4.4793
11.9126 -3.1954 6.0414
11.2073 -3.0949 5.8333
9.0545 -2.8908 4.9944
11.7535 -2.7336 6.8647
7.9242 -2.4151 4.7244
11.2637 -2.0264 7.0035
9.5058 -1.3409 7.4406
10.9238 -3.0437 5.7709
4.3776 -1.0613 5.9189
10.0927 -3.4068 4.5714
10.3309 -2.7943 5.9229
12.7272 -2.3005 8.2853
8.2691 -1.8625 5.6906
9.0434 -2.5288 5.2656
12.1478 -3.4187 5.7349
4.7807 -1.4400 5.4013
7.9338 -2.5295 4.6268
8.9094 -2.5280 5.1864
9.7286 -1.8467 6.6542
10.6947 -3.4127 4.9074
3.7316 -1.4399 4.7955
9.4504 -1.4752 6.8080
11.8087 -3.1695 6.0328
8.7313 0.5662 4.3944
9.6873 -2.7794 5.5806
7.0752 -1.8417 4.8986
11.5835 -3.1239 5.9931
11.1345 -2.9414 6.0954
7.7145 -3.1235 3.7594
7.9451 -3.0746 3.9895
9.6702 -2.3142 5.4825
11.0983 -2.7336 6.4864
8.4933 -0.1319 4.5985
11.8186 -2.1736 6.8332
9.7055 -3.2282 4.7018
9.4616 -3.2201 4.5770
7.1978 -1.8096 5.2115
10.8758 -3.4010 5.0352
11.3630 -2.9887 6.1337
4.4955 -1.9244 4.2766
8.8369 -2.7794 5.0896
12.2148 -3.0001 6.6030
11.8551 -2.9415 6.5115
12.0915 -0.0305 12.4167
7.2173 -2.8369 4.0403
10.8340 -3.2120 5.3856
9.5228 -1.2972 7.5424
8.1401 -0.4801 4.4896
8.6593 -2.1286 5.2613
9.9146 -1.3452 7.7427
13.5762 -2.0839 9.2048
12.6526 -1.8190 9.1965
7.5845 -2.4433 4.3700
8.5636 -1.6077 6.0039
8.6594 -1.6609 6.1450
11.1971 -2.0342 6.8652
9.0906 -3.3575 4.0903
6.0058 -0.7992 7.3787
11.1347 -3.1695 5.6436
7.9299 -3.1951 3.7420
5.0936 -0.2278 7.9842
9.0972 -1.9152 5.7324
11.6059 -2.7645 6.7182
9.5648 -2.8509 5.3683
5.3053 -1.4400 5.7042
9.0209 0.5253 4.1302
2.7141 -1.0612 4.9583
11.2488 -3.3037 5.4434
1.2804 -0.8682 4.5128
5.9764 -1.8185 5.3416
7.5292 -2.8507 4.1930
9.6844 -1.9920 5.9630
4.6594 -1.6208 4.9729
8.0066 -1.7778 5.7276
5.4009 -0.4931 7.6359
10.4256 -3.0849 5.4017
8.7253 -3.4067 3.7819
10.3838 -3.2202 5.1094
11.2942 -1.8292 7.4667
7.6783 -2.9532 4.0760
12.4702 -2.2241 8.2884
11.9599 -1.9909 8.4557
9.5534 -3.3511 4.3704
10.7459 -0.7994 10.1159
13.1167 -2.2502 8.6100
8.8106 -1.8624 5.8170
11.5955 -2.8646 6.5139
12.2199 -2.9655 6.6745
10.7735 -1.2421 8.1428
13.3599 -0.8688 11.4880
11.3418 -3.0749 5.9506
10.9163 -3.2596 5.3388
12.3697 -0.9355 10.7840
8.6057 -3.3175 3.8897
6.8806 -2.7940 3.9308
11.6695 -3.4186 5.4587
9.6724 -2.7942 5.5427
12.9124 -2.7945 7.4134
10.7266 -1.2959 8.2117
11.6451 -2.5465 6.8067
2.3723 -1.2345 4.4175
12.8904 -2.1420 8.6937
10.0885 -3.3176 4.7458
9.7675 -3.2119 4.7698
9.0721 -3.0329 4.7231
6.9160 -1.6403 5.2897
13.6231 -2.1421 9.1168
10.6292 -3.1868 5.3173
11.2332 -3.3767 5.2897
12.8034 -1.3411 10.2305
8.6392 -3.2892 3.9651
6.8981 -1.3545 6.1493
7.8309 -2.3674 4.4772
11.6269 -3.4070 5.4572
7.3599 -0.9352 7.8912
8.1552 -3.1513 3.9588
10.8198 -3.1046 5.5902
5.4529 -1.7033 5.2676
5.9374 -2.6846 3.6029
10.9156 -2.8910 6.0689
9.8507 -2.8230 5.5885
8.5399 -3.3035 3.8794
11.4691 -3.2038 5.7687
10.3945 -2.8910 5.7680
14.6575 -0.5747 12.8202
7.9600 -1.1990 6.6701
12.2073 -2.5793 7.4326
9.3463 -3.3765 4.2004
8.0964 -3.1044 4.0178
12.6314 -2.4601 7.9137
8.0085 -0.4261 4.7400
9.7139 -2.9653 5.2276
7.0085 -0.4085 8.7320
9.7835 -1.5080 7.3253
10.3555 -2.9166 5.6948
11.9034 -2.8089 6.8020
8.6938 -2.8644 4.8385
13.6822 -0.6526 12.1025
6.4630 -0.8532 5.6879
1.8630 -1.2345 4.1235
6.3890 0.0755 9.3334
6.7307 -2.7332 3.9647
10.5364 -3.3512 4.9379
7.5934 -3.1421 3.6525
11.2436 -2.6682 6.6999
4.5150 -2.0222 4.0941
6.6472 -2.5788 4.2224
10.2556 -3.3512 4.7758
7.8257 -1.9517 5.4833
9.3330 -3.4009 4.1445
7.1986 -1.5696 5.9740
8.6287 0.5412 4.3792
11.1245 -3.0543 5.8660
11.7600 -2.7796 6.7773
9.6067 -3.2440 4.6133
13.0765 -2.6512 7.7920
4.0480 -1.5331 4.7935
11.2191 -1.8430 7.2964
12.1819 -2.9536 6.6762
9.1965 -2.0173 5.6491
8.5368 -3.0746 4.3311
7.8169 -2.9163 4.2291
9.2864 -1.7608 6.3687
9.1598 -1.6321 6.5247
8.8045 -1.2845 6.8980
13.7302 -1.7434 9.9687
9.4129 -0.6524 9.6373
12.9526 -2.1974 8.6199
5.9272 -2.3942 4.1724
9.0695 -3.4126 3.9691
10.2462 -2.2564 5.8995
8.3113 -2.4840 4.8121
11.8779 -3.3642 5.6869
10.4853 -3.2283 5.1520
9.4136 -2.8778 5.2277
11.1921 -3.1954 5.6254
12.4227 -3.0001 6.7230
4.9423 -2.1694 4.0490
2.1658 -1.2884 4.1915
8.3774 -1.9552 5.4845
7.8865 -3.3574 3.3951
8.7914 -2.1734 5.1761
9.5181 -3.3640 4.3245
9.0539 0.5567 4.1961
2.9585 -0.4930 6.2255
7.8024 -2.7941 4.4630
9.4788 -3.0541 4.9158
9.6059 -3.1331 4.8328
8.3507 -2.6848 4.9963
9.9162 -3.2671 4.7463
8.5992 -0.2157 5.0259
8.6244 -3.0747 4.3817
4.5330 -2.1127 3.9251
7.6384 -3.0746 3.8124
12.0523 -2.7796 6.9461
5.4776 -2.0222 4.6499
8.8077 0.5765 4.3725
4.6854 -1.4400 5.3462
7.8852 -3.3444 3.4202
9.2700 -3.1330 4.6388
8.5507 -3.0946 4.2995
10.5560 -3.3107 5.0294
7.4384 -3.1691 3.5095
13.8133 -1.7039 10.0950
12.3190 -2.5015 7.6513
7.9273 -1.1984 6.6327
10.3630 -3.4127 4.7159
12.1903 -0.4087 11.7243
12.4267 -2.4810 7.7540
9.7456 -3.0542 5.0699
10.5058 -2.3335 6.0893
8.2122 -2.2819 5.0618
8.9312 -3.3175 4.0776
12.3105 -3.3038 6.0564
9.9665 -2.9886 5.3275
8.5002 -3.1692 4.1226
11.5412 -2.4560 6.6130
8.4834 -0.5945 4.6962
10.7308 -2.8231 6.0967
7.1681 -1.0615 7.5302
8.1668 -0.1155 4.3706
7.3785 -1.8453 4.0820
7.1530 -3.1043 3.4731
7.4496 -3.1950 3.4647
12.1758 -2.8647 6.8489
8.4611 -0.0886 4.4498
12.4758 -2.6512 7.4452
9.0106 -3.1952 4.3659
4.0863 -1.7811 4.3242
12.0512 -2.4810 7.5373
12.2231 -3.2822 6.0488
10.4977 -2.5757 6.1393
8.1682 -2.8229 4.6171
9.8534 -3.3176 4.6100
6.2012 -2.7488 3.6280
8.4408 -3.2745 3.8797
9.4733 -3.3036 4.4183
8.8173 -1.1213 8.3640
7.9521 -2.4456 4.5875
7.4896 -1.6797 5.9064
12.9875 -2.0228 8.9861
5.8105 -0.3201 8.2153
9.7084 -2.0805 6.1740
14.9823 0.0752 14.2958
3.1309 -0.3200 6.6680
12.3509 -3.1783 6.3285
8.1500 -3.1951 3.8691
9.1865 -2.4386 5.2839
7.6758 -0.7272 8.4858
6.1485 -1.0614 6.9414
11.2878 -2.8910 6.2838
7.3539 -1.6375 5.8525
12.5465 -3.0950 6.6065
11.3940 -1.1792 9.7375
7.4755 -0.0303 9.7511
8.7191 -3.1422 4.3025
11.2965 -3.3314 5.4162
9.4938 -2.0207 5.9609
11.8181 -0.6525 11.0261
6.3919 -1.1212 6.9635
11.3816 -3.2894 5.5485
10.7051 -3.3246 5.0881
4.8296 -2.1127 4.0963
10.0131 -2.9886 5.3543
9.3189 -2.4388 5.3607
10.9913 -3.0949 5.7086
11.9993 -3.0750 6.3302
5.1649 -1.3911 5.7199
14.0831 -1.3917 10.8695
8.8069 -1.9528 5.4371
-0.0312 0.1867 5.8459
10.8533 -3.0112 5.7947
8.7808 -3.1780 4.2673
9.2195 -3.1423 4.5914
10.5662 -1.3370 7.9917
11.7333 -3.2597 5.8105
8.2210 -2.9884 4.3197
5.5561 -1.6208 5.4907
8.6958 -0.9353 8.6625
7.3233 -1.3973 6.2861
8.6080 -1.0513 7.2468
1.9600 -0.7990 5.0425
6.9687 -2.8085 3.9528
12.2007 -3.3706 5.8607
8.4790 -2.3373 5.0097
10.8773 -1.6673 7.4683
8.6304 -3.3378 3.8636
10.1074 -2.7176 5.9458
9.1654 -1.6591 6.4250
1.5625 -0.3199 5.7623
9.8344 -3.2201 4.7922
11.8499 -2.4387 7.5048
12.1702 -1.9584 8.6417
8.7545 -3.3888 3.8343
10.2405 -1.5423 7.4804
11.9994 -3.4011 5.6839
8.3886 -1.1929 6.7501
10.7117 -3.1953 5.3481
7.8456 -2.6847 4.7046
11.2533 -0.2029 7.9626
9.8870 -2.7176 5.8185
7.9582 -2.7012 4.7370
10.2080 -3.0849 5.2760
9.3023 -3.3703 4.1874
12.7500 -2.3947 8.1118
11.2981 -3.1695 5.7380
10.0324 -1.8260 6.7221
5.8130 -1.6627 5.5561
6.2147 -2.3482 4.4297
12.5535 -1.5336 9.7048
4.8223 -0.1312 8.0189
10.3777 -1.2992 8.0713
12.0816 -3.1607 6.2079
7.8089 -3.3105 3.4434
9.4765 -2.1639 5.6388
9.8211 -3.3036 4.6191
11.2345 -3.3705 5.3029
10.7161 -2.7335 6.2657
12.4385 -3.0950 6.5442
6.7590 -2.5211 4.4013
9.5653 0.6015 3.9493
8.0449 -3.3243 3.5523
6.4706 -2.6846 3.9107
10.5185 -2.8910 5.8396
13.4861 -1.5782 10.1551
10.6613 -3.3577 4.9972
10.7236 -2.7795 6.1789
9.3695 -3.0747 4.8119
5.4540 -0.5743 7.5057
10.2389 -2.8231 5.8127
6.7686 -2.9767 3.5039
11.9554 -3.0750 6.3049
8.2819 -0.4932 9.2995
7.6822 -3.0746 3.8377
11.2072 -3.3314 5.3646
11.5487 -3.2038 5.8146
9.1791 -3.4184 4.0209
12.3480 -3.2364 6.2116
11.5643 -2.1632 6.9422
8.0860 -3.2517 3.7199
8.4730 0.2893 4.5248
8.9510 -3.0110 4.6965
9.0812 -2.2045 5.0893
12.0170 -3.3448 5.8057
11.2777 -3.1695 5.7262
7.7389 -2.3841 4.4645
10.6856 -2.9771 5.7655
6.0255 -0.7272 7.5328
10.8826 -1.8375 7.2724
12.6180 -0.9998 10.8000
7.3744 -2.7012 4.3999
8.1412 -0.3191 4.4350
13.7629 -1.6213 10.2294
11.1056 -3.2672 5.4331
10.9332 -3.2202 5.4266
5.1112 -2.3941 3.7013
12.0479 -1.4775 6.4919
11.5302 -2.7492 6.7049
9.7770 -3.2965 4.6078
12.1890 -3.2204 6.1517
11.4128 -2.9771 6.1853
10.2782 -2.7943 5.8925
10.5417 -2.7943 6.0446
11.5787 -2.2372 6.6996
9.5167 0.5778 3.8950
7.8337 -2.0066 5.3858
11.1870 -3.0850 5.8413
5.8939 -2.1415 4.6539
5.3963 -2.4382 3.7786
8.4918 -3.4067 3.6471
11.1366 -3.1516 5.6801
8.1000 -3.3105 3.6115
11.7263 -3.1333 6.0570
3.6220 -1.1788 5.2497
6.3095 -1.0614 7.0344
13.4377 -1.7817 9.7238
7.5276 -3.1329 3.6329
5.3046 -1.8548 4.8818
5.3937 -2.2751 4.1004
9.7296 -3.3036 4.5663
8.9812 -3.4184 3.9066
12.2586 -3.3178 5.9987
6.0675 -0.5743 7.8599
4.4266 -1.5776 4.9240
10.0992 -2.8509 5.6768
9.8158 -2.0235 6.2944
9.6644 -3.2441 4.6466
8.2339 -0.2279 9.7977
9.1411 -3.1604 4.5102
11.2685 -3.2121 5.6364
10.4630 -2.1047 6.5676
8.9876 -2.7942 5.1473
6.2250 -1.9905 5.1443
9.2128 -3.3576 4.1609
11.3747 -3.1143 5.8914
8.5647 -2.7175 5.0550
10.1155 -2.7335 5.9190
10.8692 -1.5333 7.7621
5.4049 -2.3941 3.8709
12.3578 -3.0439 6.5989
13.0198 -2.5979 7.8651
9.1172 -1.9203 5.7654
9.7066 -3.3766 4.4083
10.0534 -3.1424 5.0728
9.2534 -3.3827 4.1345
9.8104 -2.2957 5.8381
6.0339 -1.6627 5.6837
11.8355 -2.0989 6.8036
7.2078 -1.8001 5.1655
11.3694 -3.1332 5.8510
8.4831 -3.1603 4.1303
0.8684 -0.4082 5.1864
8.6063 -0.1867 5.0200
11.5553 -2.0536 8.0978
4.5903 -2.2235 3.7387
7.9005 -3.3174 3.4825
11.4294 -3.1425 5.8673
9.5294 -2.6849 5.6768
5.7617 -0.2278 8.3701
10.8188 -1.2854 8.0747
10.8588 -1.8895 6.9516
7.2897 -1.9226 5.0422
8.3071 -3.3510 3.6508
8.3010 -0.5818 4.6897
11.1816 -0.4079 8.0583
10.7091 -2.9771 5.7790
10.5433 -3.3245 4.9947
9.6398 -3.2893 4.5428
11.6546 -2.9040 6.4700
10.7113 -3.4127 4.9170
10.0648 -3.3107 4.7458
3.2150 -1.7427 3.8972
11.2047 -3.3447 5.3367
11.0447 -3.3705 5.1933
11.9938 -3.4070 5.6690
10.3100 -3.1142 5.2768
9.8787 -0.7993 9.6151
11.3346 -3.0112 6.0726
6.9921 -1.4272 5.8558
9.0559 0.5471 4.1518
10.7445 -3.4127 4.9361
12.5561 -3.1240 6.5547
10.7197 -3.3107 5.1240
12.3412 -2.8780 6.9180
10.9525 -3.2120 5.4540
9.8368 -3.1331 4.9661
9.5406 -3.2036 4.6553
11.2359 -3.3641 5.3162
11.5283 -1.5781 9.0246
12.0338 -1.1215 10.2213
9.0778 -3.1867 4.4216
8.8798 -3.1514 4.3772
11.2443 -2.8510 6.3380
7.8242 -2.2852 4.8472
13.2150 -1.7433 9.6713
9.0102 0.5265 4.1574
11.0988 -3.3447 5.2756
8.7856 -1.9208 5.7302
3.6938 -0.7990 6.0437
11.8011 -2.1132 8.1216
10.2721 -3.4009 4.6867
11.2188 -2.1297 6.7419
8.5113 -3.4008 3.6701
2.7880 -1.5775 3.9779
9.1450 -2.6205 5.3867
11.6206 -3.3891 5.4891
5.7185 -2.5973 3.6495
13.6565 -0.9998 11.3996
9.9501 -3.3245 4.6523
8.4663 -3.3888 3.6679
10.2862 -0.4933 10.4570
12.0987 -3.1144 6.3094
6.3128 -2.1128 4.9527
10.9747 -0.4087 11.0223
9.8506 -2.0121 6.4157
12.2883 -2.3486 7.9365
9.4107 -3.0329 4.9185
11.9205 -3.3108 5.8173
7.9243 -1.3764 6.3492
10.7828 -3.0000 5.7762
10.3134 -1.8172 7.0502
9.4164 -3.2745 4.4430
11.4191 -3.3381 5.4736
8.4509 -0.6524 9.0818
10.9933 -3.4185 5.0683
10.7260 -2.7943 6.1510
11.5894 -3.3178 5.6123
9.1629 -3.2036 4.4372
9.5139 -2.8509 5.3389
10.0580 -3.3245 4.7145
8.4415 -2.8643 4.6928
9.1772 -2.0289 5.5597
7.2167 -1.7028 5.5976
10.3178 -3.3380 4.8378
11.3002 -2.9535 6.1671
8.7008 -3.4183 3.7448
12.7857 -2.7646 7.3994
9.8241 -3.1423 4.9404
8.2468 -3.2118 3.8918
11.4241 -3.3246 5.5033
7.9616 -0.3958 4.7035
9.1105 -1.4322 7.1379
6.5778 -1.0614 7.1894
9.5271 -2.5316 5.5511
11.9788 -0.7274 10.9705
9.9139 -3.3949 4.4917
3.7364 -0.5742 6.5138
9.3635 -3.2201 4.5203
8.3555 -2.7941 4.7824
9.5784 -3.3703 4.3467
3.6607 -0.1312 7.3480
10.2323 -3.2596 4.9439
8.4913 -2.1061 5.1995
7.7871 -3.0435 3.9599
8.0304 -3.1779 3.8340
9.1325 -3.2964 4.2356
8.1461 -2.7793 4.6908
11.4107 -2.0110 7.0306
12.6615 -3.0332 6.7954
12.1097 -0.2280 12.0358
11.2932 -2.9887 6.0934
8.4163 -1.7313 5.9307
8.5948 -3.3035 3.9111
10.8427 -1.7434 7.4040
8.0329 -1.3309 6.4357
4.8781 -1.4873 5.3637
4.7642 -2.1968 3.8920
8.8970 -2.3421 5.0316
4.0025 0.1866 8.1752
8.9971 -3.1604 4.4271
5.5035 -1.8901 4.9267
11.5638 -3.0112 6.2050
8.1994 -0.5352 4.5415
7.8215 -3.1329 3.8025
4.0231 -0.4930 6.8403
9.4527 -3.2440 4.5244
11.8986 -3.1869 6.0502
8.3568 -3.3035 3.7737
12.3500 -2.5015 7.6692
8.7488 -0.3526 4.7612
9.5835 -2.3528 5.4535
8.8397 -1.8880 5.7796
11.8620 -2.9292 6.5398
9.7494 -3.2518 4.6803
5.9614 -1.7429 5.4830
8.3067 -3.4125 3.5287
12.5197 -2.5604 7.6504
13.4829 -2.1701 8.9803
10.2007 -2.3964 5.8417
11.2116 -2.9039 6.2142
11.8313 -3.1333 6.1176
7.0702 -3.0434 3.5460
9.0307 -3.4184 3.9352
11.1917 -2.8646 6.2808
10.0288 -2.9770 5.3863
8.7796 -3.4008 3.8250
12.8253 -2.6160 7.7168
8.5460 -1.8640 5.6721
7.5265 -2.9997 3.8962
4.3617 -1.4873 5.0656
11.8537 -1.7037 8.9635
7.3844 -3.0945 3.6261
8.8984 -3.1236 4.4429
11.4122 -1.7432 8.6303
8.4880 0.0908 4.5158
10.3942 -2.8231 5.9024
10.7909 -3.0543 5.6733
7.4773 -1.4595 3.9088
11.9352 -1.8327 6.6643
10.5871 -2.4857 6.1297
1.6016 -1.1787 4.0831
8.0138 -2.7012 4.7691
11.0968 -2.4905 6.4348
8.4745 -3.0644 4.3154
12.7299 -2.5605 7.7718
8.5547 -3.0847 4.3215
-0.2018 -0.3198 4.7435
9.6027 -3.2893 4.5214
2.3214 -1.2345 4.3881
11.7970 -2.6337 7.0879
8.0408 -1.4130 6.2885
9.0923 -3.2595 4.2857
5.9520 -1.9905 4.9867
5.0273 -0.1312 8.1372
8.9658 -2.9885 4.7496
9.9597 -3.2519 4.8017
11.0253 -0.8549 8.2670
9.6595 -3.1237 4.8823
9.3734 -3.3106 4.3467
2.0188 -0.5741 5.5220
8.3751 -3.2439 3.9023
11.5447 -2.0718 7.2022
10.8080 -2.1434 6.6595
11.2080 -1.9819 7.0776
10.1787 -3.2362 4.9592
7.0143 -1.7573 5.0380
6.2733 -2.5599 4.0439
9.6774 -2.0327 6.2501
3.5221 -0.4930 6.5510
8.5595 -2.7333 5.0206
9.8943 -3.3036 4.6614
9.6365 -2.9038 5.3048
8.0314 -3.1329 3.9237
8.9249 -2.7643 5.1702
6.6223 -2.5010 4.3622
11.5253 -3.2121 5.7847
9.3354 -3.0645 4.8125
8.2582 -1.8728 5.5473
7.6321 -2.6200 4.5125
6.4433 -2.1415 4.9711
13.7664 -1.6632 10.1485
15.4844 -0.1316 14.1758
12.5349 -3.1240 6.5425
7.3447 -2.9532 3.8834
8.8984 0.5810 4.3157
2.7166 -1.2884 4.5095
11.3247 -1.8589 7.4361
7.3363 -3.1691 3.4506
6.7807 -0.8685 7.6889
11.6200 -3.2203 5.8231
8.0531 -2.3556 4.8113
8.9332 -3.2440 4.2245
9.2129 -2.9412 4.9860
12.5914 -2.8780 7.0625
11.5697 -3.3891 5.4597
10.2405 -3.0646 5.3350
8.0108 -3.0847 4.0075
11.0924 -1.7788 7.5142
7.3935 -1.8072 4.0556
8.8827 0.5566 4.2315
11.9808 -2.7177 7.0274
11.0472 -3.3108 5.3130
13.5248 -2.1974 8.9503
1.5822 0.1867 6.7776
13.2106 -0.0305 13.0630
8.0964 -2.7174 4.7847
12.2527 -1.7816 9.0396
7.8732 -3.2280 3.6439
9.9451 -2.8088 5.6713
10.1456 -3.1867 5.0381
1.0602 -0.4082 5.2972
12.0838 -3.2284 6.0749
7.2076 -2.7012 4.3036
6.5121 -2.7641 3.7772
6.8325 -1.2056 6.1997
5.2544 -0.7991 6.9448
11.0654 -0.5295 8.1546
11.3215 -2.9654 6.1558
6.5117 -2.8228 3.6607
9.8032 -3.1423 4.9284
9.6155 -3.3446 4.4192
9.6301 -2.9770 5.1561
9.4224 -3.2201 4.5543
11.5157 -3.1869 5.8292
6.6674 -0.1313 9.0843
7.9716 -3.2669 3.6236
6.0251 -2.3942 4.2290
10.8437 -2.9166 5.9767
8.6965 -0.1169 4.7686
6.2199 -2.5010 4.1298
11.7475 -3.2038 5.9294
7.7020 -2.2645 4.8153
7.5725 -3.2593 3.4082
12.1075 -3.1783 6.1879
8.7325 -1.1524 7.2333
11.8359 -2.1301 6.8059
9.1044 -3.3949 4.0244
9.6090 -3.0947 4.9105
9.3784 -3.1693 4.6296
11.0594 -1.5563 7.6920
13.1304 -1.9910 9.1315
10.8236 -3.1332 5.5358
12.1376 -2.9167 6.7237
12.0244 -2.8646 6.7615
6.3030 -1.9905 5.1894
12.3695 -3.1607 6.3741
11.0939 -3.1694 5.6201
10.0126 -1.0616 9.1727
8.0474 -2.2021 5.1433
11.1603 -3.2821 5.4351
8.9272 -3.2518 4.2056
8.6443 -2.2757 5.0262
11.3553 -2.2968 6.4866
11.5159 -3.3951 5.4167
10.4803 -2.4845 6.0653
12.0321 -1.5076 6.5028
8.8746 -3.0947 4.4865
11.8969 -3.3178 5.7898
10.3995 -3.0222 5.5109
9.6341 -2.7794 5.5499
8.3666 -3.3826 3.6225
9.2606 -3.3765 4.1509
10.9753 -0.4933 10.8548
8.2383 -2.0458 5.3305
6.2674 -2.3714 4.4140
9.4763 -2.8909 5.2379
11.8311 -2.9415 6.4976
10.0865 -2.3490 5.8087
9.2877 -2.1912 5.5150
7.0272 -2.9410 3.7240
8.8264 -3.2594 4.1322
10.0247 -2.7176 5.8981
9.1577 -3.3765 4.0915
13.4564 -2.3487 8.6109
10.6981 -2.0014 6.8617
6.6214 -0.3641 5.4101
10.7611 -1.6465 7.5529
8.5142 -3.3948 3.6836
10.0046 -2.3259 5.8608
8.6906 -3.3827 3.8095
10.4128 -3.4127 4.7446
8.7818 -3.3244 3.9777
13.2637 -2.4602 8.2788
9.8062 -2.3037 5.6887
9.4418 -0.5745 9.8084
13.1866 -2.2502 8.6504
10.1749 -2.6849 6.0495
8.0688 -2.7174 4.7688
9.7047 -2.0958 5.7594
11.9668 -3.2284 6.0074
13.7003 -0.0306 13.3457
11.3125 -3.3381 5.4121
10.1433 -1.8956 6.7429
10.0151 -0.4086 10.4682
11.8315 -3.2822 5.8227
9.5012 -2.7794 5.4732
10.3620 -2.5739 6.0569
10.2512 -3.3446 4.7862
8.9269 -3.3445 4.0216
6.4240 -2.1128 5.0169
5.5198 -2.3243 4.0756
11.4473 -2.1585 6.8599
7.3832 -2.9883 3.8359
10.9887 -2.6682 6.5526
10.2740 -3.0437 5.3958
8.8469 -3.1045 4.4511
7.4327 -1.9496 5.0749
10.9104 -2.7943 6.2575
7.4454 -2.7489 4.3464
11.5808 -2.9040 6.4274
12.2120 -3.2748 6.0570
6.3179 -2.7011 3.7899
12.4561 -2.3947 7.9421
10.3902 -2.9999 5.5496
11.9173 -2.7336 6.9593
12.8085 -2.4388 8.0583
8.0784 -3.3574 3.5060
11.4759 -2.0566 7.1072
10.5015 -2.5326 6.1157
13.7522 -0.7995 11.8518
11.9198 -2.0142 6.7768
8.8018 -2.2929 5.0030
11.7952 -2.7015 6.9524
2.0728 -0.9349 4.8382
8.0174 -2.2987 4.9019
8.5388 -0.8686 8.7041
7.1242 -2.7012 4.2554
13.2392 -2.3006 8.5809
11.0846 -3.2966 5.3627
9.4918 0.5850 3.9442
11.1382 -3.3108 5.3656
12.3023 -3.1239 6.4082
5.4007 -1.4400 5.7593
8.4590 -2.0903 5.3608
13.1578 -0.7275 11.6513
10.2762 -3.2037 5.0800
12.0984 -3.4187 5.7063
10.5302 -2.9291 5.7709
8.4398 -3.3702 3.6894
4.6941 -0.9993 6.2244
5.2391 -2.4164 3.7310
11.1786 -3.3951 5.2219
13.5224 -1.7817 9.7726
11.1500 -3.3577 5.2793
8.3154 -3.2517 3.8524
9.6049 -1.8164 6.2332
11.7935 -2.0227 8.2967
9.5752 0.6063 3.9603
10.0216 -3.3446 4.6537
9.1361 -1.5099 6.9707
9.8199 -3.3703 4.4862
10.0983 -0.4933 10.3485
11.4752 -3.3314 5.5193
12.1000 -3.4011 5.7420
12.5902 -2.6512 7.5113
6.4694 -2.6155 4.0471
11.0650 -2.8779 6.1812
7.8208 -2.3994 4.6257
7.8112 -3.3243 3.4173
9.2621 -2.7794 5.3351
12.2281 -3.3768 5.8642
9.2365 -3.2670 4.3539
11.4913 -3.0222 6.1413
8.7975 -3.3765 3.8835
12.0294 -3.0331 6.4304
10.2183 -3.2671 4.9208
11.1657 -2.1613 6.8122
3.0156 -1.5775 4.1093
9.1509 -3.2964 4.2463
10.0878 -3.2441 4.8911
5.3720 -2.1968 4.2429
9.0785 -3.0541 4.6847
11.6176 -3.3642 5.5366
13.5944 -0.9355 11.4912
10.3708 -2.9534 5.6306
6.4219 -2.5211 4.2067
12.5897 -3.0950 6.6315
8.8839 -2.6848 5.3041
10.7702 -3.1868 5.3987
6.6453 -2.3942 4.5871
7.7531 -3.2118 3.6068
9.3166 -3.2964 4.3420
9.5832 -3.3036 4.4817
9.8801 -3.3949 4.4722
10.5800 -2.5743 6.1836
7.6351 -3.1421 3.6766
11.6449 -3.3768 5.5274
2.3787 -1.1787 4.5317
3.8657 -0.1312 7.4664
10.4716 -1.8715 7.0060
6.2177 -1.9245 5.2710
11.5580 -2.5324 6.7249
6.7673 -2.9162 3.6231
11.4278 -2.5832 6.6925
11.3887 -2.4448 6.5693
3.6588 -1.8547 3.9315
8.0262 -3.3510 3.4887
10.7016 -2.0630 6.8166
8.2444 -3.3948 3.5279
9.7816 -3.3511 4.5021
6.9067 -2.6155 4.2996
7.1584 -1.4010 6.2417
7.1868 -2.8776 3.9420
7.4298 -2.9883 3.8628
7.9550 -3.3243 3.5004
8.2575 -3.3378 3.6483
6.8846 -1.3859 5.8784
11.3795 -3.2363 5.6525
8.8366 -3.3702 3.9185
9.7143 -1.2522 7.7523
8.1156 -1.0984 6.7114
8.4624 0.2827 4.5034
7.7855 -2.8643 4.3141
8.7561 -3.0329 4.5406
11.9054 -1.9249 8.5551
10.6652 -3.3704 4.9742
6.5322 0.0755 9.4161
11.4052 -3.2747 5.5912
12.7622 -2.9041 7.1095
12.3836 -2.9415 6.8166
6.3288 -1.1575 6.0342
10.0744 -1.8095 6.8706
11.3669 -3.1425 5.8312
8.7838 -2.7794 5.0590
8.2519 -3.0746 4.1666
2.0172 -0.9349 4.8061
10.7998 -3.3512 5.0900
13.5244 -1.5337 10.2654
8.7643 0.5679 4.3741
5.8898 -2.0532 4.8266
9.3538 -2.7643 5.4179
11.7563 -1.3915 9.5259
8.0682 -2.7333 4.7369
7.3770 -2.5363 4.3204
7.5929 -0.4932 8.9017
10.2468 -1.3779 7.7084
7.6893 -2.2026 4.7244
9.7420 -3.3312 4.5186
10.2135 -2.2038 6.2887
9.2774 -2.7942 5.3146
10.5632 -3.2283 5.1970
10.0258 -3.1331 5.0752
9.6243 -1.9590 6.3805
7.7154 -3.2199 3.5688
7.1713 -2.9411 3.8072
7.5276 -1.2334 3.8207
11.7845 -3.2967 5.7668
11.9991 -2.5215 7.4269
3.6680 -1.2885 5.0589
1.1704 -0.3199 5.5359
12.4391 -2.3719 7.9774
9.0960 -3.2119 4.3821
10.8541 -3.3641 5.0958
8.9802 -3.3639 4.0139
0.9402 -0.8682 4.3164
8.6659 -3.1236 4.3086
11.8595 -2.0536 8.2734
10.6778 -1.7519 7.1209
5.5681 -2.3942 3.9651
10.7954 -3.4185 4.9540
11.0134 -3.0437 5.8227
7.7691 -1.5038 6.1213
9.1154 -2.4834 5.2751
14.4697 -0.0306 13.7901
11.5933 -2.4548 6.6404
8.0076 -0.3364 4.7088
11.9289 -1.6845 6.6398
11.1375 -3.1425 5.6987
8.9789 -1.4451 6.6789
8.1569 -0.5075 4.5084
10.4591 -3.1143 5.3628
9.5382 -1.4171 7.2016
11.2431 -2.2075 6.6914
7.0126 -2.7488 4.0965
10.0039 -1.6533 7.1657
11.1070 -2.9887 5.9859
12.1657 -1.5781 9.3927
7.8864 -2.8643 4.3724
10.2130 -2.8231 5.7977
9.3675 0.5742 4.0034
11.3293 -2.9291 6.2322
7.9321 -2.5755 4.6579
13.1117 -1.8190 9.4616
6.5558 -2.6507 4.0272
12.6389 -3.0332 6.7824
7.4150 -3.0643 3.7037
10.9537 -3.2442 5.3910
11.5892 -2.6511 6.9333
8.4635 0.2391 4.5306
8.9907 -3.2201 4.3051
8.8338 -3.2200 4.2145
10.5324 -2.2180 6.3121
13.2321 -2.4602 8.2605
8.9211 -2.0276 5.4072
11.2440 -1.7037 8.6114
8.9461 -1.7184 6.1583
6.0690 -1.9905 5.0543
8.4414 -3.2200 3.9879
12.1501 -3.3178 5.9360
12.6432 -2.9888 6.8729
8.9795 -3.3244 4.0919
10.7937 -3.3177 5.1529
9.4380 -3.1331 4.7358
11.9565 -1.7816 8.8685
11.2035 -3.3513 5.3231
9.0384 -1.9494 5.6943
5.2404 -2.0833 4.3918
8.8072 -2.2129 5.1184
7.8405 -1.9279 5.5669
12.0348 -3.1144 6.2725
11.8125 -3.1954 5.9836
2.4895 -0.7270 5.4910
7.6503 -2.4073 4.3955
8.3779 -3.0946 4.1997
5.6590 -0.7991 7.1785
6.9076 -1.4149 5.6582
7.8708 -2.1126 5.2297
9.6754 -2.1614 5.7461
8.2598 -3.4008 3.5249
12.3875 -2.8233 7.0532
9.7040 -0.2279 10.6466
9.6212 -2.9413 5.2217
10.6439 -3.3577 4.9871
8.0681 -3.2281 3.7564
10.9912 -3.0749 5.7482
10.6615 -2.7335 6.2342
4.2959 0.1866 8.3446
10.3498 -3.1515 5.2259
12.6189 0.0753 12.9310
13.2815 -2.3249 8.5571
11.0544 -1.8629 7.2997
12.3158 -2.0537 8.5369
9.3852 -0.7273 9.4728
10.6614 -2.3241 6.2351
5.3284 -2.2496 4.1132
12.0994 -3.2748 5.9920
10.4868 -1.8230 7.1818
11.5870 -3.4186 5.4111
12.5172 -2.7945 7.1852
8.3120 -2.4018 4.9153
11.6277 -2.3552 6.5680
12.1837 -1.5336 9.4912
9.8450 -3.2518 4.7355
9.1841 -1.8974 5.8581
11.2167 -3.0331 5.9612
7.5438 -1.0615 7.7472
5.6589 -2.4164 3.9734
8.5928 -0.0412 4.5070
10.4770 -0.9354 9.6911
9.0239 -1.9417 5.6552
11.1951 -3.2966 5.4265
9.3311 -3.3888 4.1672
9.8302 -2.0472 6.2543
8.6600 -0.2229 4.6673
8.7770 -3.1141 4.3917
11.8180 -3.0850 6.2056
8.2302 -3.3826 3.5437
12.6990 -2.9168 7.0479
9.0737 -1.8909 5.7662
12.6740 -2.3249 8.2064
10.9592 -3.3890 5.1072
13.6169 -1.5337 10.3188
14.5459 -1.2352 11.4469
10.9209 -0.8687 10.0796
12.8366 -2.6338 7.6881
11.3120 -0.9354 10.1732
11.4041 -3.2203 5.6985
7.1064 -2.9531 3.7458
11.8065 -3.3178 5.7376
6.3781 -2.7641 3.6998
11.2019 -2.7796 6.4551
9.8076 -1.4681 7.4074
13.2803 -1.6632 9.8678
7.6364 -2.9768 4.0050
12.9556 -1.6213 9.7633
8.4774 -0.1129 4.4672
11.7532 -2.8510 6.6318
7.6349 -1.9571 5.3977
8.3363 -3.3702 3.6296
8.4118 -2.7793 4.8442
8.5419 -3.4067 3.6760
10.3178 -3.1694 5.1720
11.4815 -2.8232 6.5301
8.8947 -3.2440 4.2022
9.8586 -1.7727 6.7672
7.7191 -3.2360 3.5391
8.6375 -2.3577 4.9193
6.1377 -2.6332 3.8203
10.2457 -2.9413 5.5823
9.8377 -1.7633 6.7012
1.8055 -1.1210 4.3152
4.6958 -1.9244 4.3922
6.3880 -0.9994 7.2026
2.7419 -1.3910 4.3209
9.7298 -0.8686 9.3918
9.1068 -2.8508 5.1039
9.9838 -3.1331 5.0510
13.1082 -2.5979 7.9161
5.9144 -2.3481 4.2563
8.9803 -1.6786 6.1789
5.0147 -2.1695 4.0908
7.4712 -0.9352 7.9554
9.2134 0.5872 4.1821
10.9011 -2.1090 6.5997
7.7005 -2.2212 4.6872
4.7372 -1.4873 5.2824
9.6703 -3.3889 4.3631
8.3483 -3.3311 3.7140
8.6852 -3.0847 4.3968
9.8590 -2.9999 5.2429
4.5991 0.0756 8.2998
9.4490 -2.8087 5.3849
11.5669 -3.2894 5.6555
9.3474 0.5639 3.9791
9.2458 -3.2201 4.4524
5.5150 -2.1968 4.3255
9.8848 -3.0330 5.1922
8.1336 -3.1603 3.9285
5.6338 -1.8548 5.0719
8.0114 -3.0109 4.1540
10.4655 -2.7176 6.1526
7.5841 -3.1779 3.5763
11.6657 -3.1695 5.9502
7.8557 -2.6182 4.6377
8.9964 -2.7794 5.1817
11.8629 -3.3830 5.6411
9.3756 -3.4068 4.1574
10.2907 -2.8231 5.8426
2.9302 -0.0302 7.1264
10.4793 -3.2596 5.0865
7.6955 -3.1329 3.7298
8.2334 -3.0540 4.1968
8.1548 -2.9532 4.3511
0.7405 -0.4082 5.1125
10.3693 -2.0134 6.7204
9.2953 -2.9290 5.0579
6.9389 -1.6108 5.4059
6.0464 -2.4165 4.1971
11.7396 -2.7015 6.9203
7.3926 -3.0109 3.7967
9.4682 0.5668 3.8910
7.5350 -2.7792 4.3379
9.2737 -3.2119 4.4847
9.1956 -3.4184 4.0304
8.1130 -3.1603 3.9166
9.7747 -3.1781 4.8411
14.0525 0.1863 13.9788
2.6074 -0.7270 5.5590
6.3569 -2.2236 4.7587
10.3671 -2.9999 5.5362
8.8356 -2.6680 5.3095
6.9377 -2.6678 4.2137
9.5778 -2.1300 5.7958
9.5296 -1.0616 8.8938
12.3612 -2.4388 7.8000
8.4390 -2.6680 5.0806
9.6569 -1.9429 6.0250
11.0816 -3.3381 5.2788
11.6652 -2.1973 7.8766
12.6416 -1.6213 9.5820
10.8144 -0.9997 9.7585
12.8829 -2.7493 7.4859
12.1489 -3.3706 5.8308
12.1940 -1.9910 8.5908
11.9305 -3.0113 6.4167
11.5888 -3.2442 5.7577
7.9907 -3.2891 3.5907
9.3804 -3.2892 4.3930
11.4070 -3.3705 5.4025
14.7005 -0.3204 13.3489
4.5994 -1.1211 5.9285
10.4247 -3.1331 5.3055
8.0946 -2.7489 4.7212
11.3905 -3.3177 5.4975
9.5253 -1.7060 6.4176
7.9558 -3.3444 3.4610
9.6833 -1.9259 6.4383
7.3535 -3.0745 3.6479
13.0207 -0.6526 11.7205
3.7175 -1.8900 3.8955
12.1559 -3.1695 6.2332
6.3842 -2.6507 3.9281
10.1015 -3.0542 5.2753
8.1120 -3.3702 3.5002
8.3669 0.0193 4.4762
11.9387 -3.3108 5.8278
8.8782 -3.3827 3.9179
8.3028 -2.7941 4.7519
11.7991 -3.0001 6.3630
10.3573 -2.7943 5.9381
11.2583 -3.2597 5.5363
9.0474 -3.0947 4.5863
8.1645 -3.2360 3.7963
9.9918 -3.2893 4.7461
8.1584 -3.2818 3.7020
14.0405 -0.8688 11.8810
12.7211 -2.6338 7.6214
8.3635 -2.9769 4.4248
7.8066 -3.0219 4.0139
6.2381 -2.5210 4.1006
8.7046 -0.1473 4.6663
10.9068 -0.2280 11.3412
7.8847 -2.4831 4.5639
9.5368 -2.9534 5.1490
11.1572 -2.9535 6.0846
2.0156 -1.2884 4.1047
9.2949 -3.3765 4.1707
4.7540 -0.1312 7.9794
9.4259 -3.1045 4.7854
13.3460 -2.1974 8.8470
14.5553 -1.1794 11.5628
11.0879 -3.2520 5.4531
4.8138 0.0756 8.4238
3.9093 -1.5331 4.7135
9.3206 -2.7013 5.5236
10.0658 -2.8371 5.6849
7.8817 -3.3105 3.4854
11.1007 -3.0749 5.8114
7.2630 -2.1702 4.2845
11.8700 -3.1695 6.0681
10.5297 -2.0930 6.5652
9.6500 -3.2820 4.5632
8.5942 0.1412 4.7142
8.6918 -1.7569 5.7866
10.2186 -2.6201 6.0056
5.0469 -2.3481 3.7554
9.0949 -1.8515 5.9295
7.3194 -1.3563 6.4195
11.5867 -3.0112 6.2182
9.7056 -2.2926 5.6835
8.3512 -3.1141 4.1458
0.9479 0.0757 6.1913
9.0761 -1.4306 7.0987
12.2063 -2.8232 6.9486
8.5244 0.1219 4.6997
7.8782 -2.7489 4.5963
8.1657 -3.3575 3.5563
11.2961 -1.6212 8.8051
6.9450 -1.6721 5.2320
7.8285 -2.0633 5.3022
10.5015 -3.2672 5.0843
9.0020 -2.0968 5.4634
11.0569 -3.0749 5.7861
8.1458 -1.7284 5.7573
6.2121 -2.7332 3.6652
0.6080 -0.5741 4.7074
11.5047 -3.3829 5.4343
10.2897 -3.3766 4.7451
5.9554 -2.1695 4.6340
6.7917 -0.7272 7.9753
8.0103 -3.1513 3.8751
10.5080 -3.2363 5.1493
8.5815 -1.9135 5.5807
9.6282 -2.2017 5.5611
7.7855 -3.1691 3.7099
12.3836 -3.0851 6.5322
10.5392 -1.9975 6.7545
3.2889 -1.2345 4.9468
7.9146 -1.7172 5.8115
12.3879 -2.6159 7.4643
7.1142 -1.8712 4.8798
9.8854 -0.9996 9.2221
11.9991 -2.6851 7.1028
10.9462 -1.5778 7.8063
12.7090 -2.7337 7.4164
10.3262 -3.4069 4.7062
7.9862 -2.1305 5.2289
11.4952 -3.0749 6.0392
4.2746 -1.9904 4.0182
7.3603 -2.8086 4.1790
0.8985 -0.7269 4.5722
6.4036 -2.4596 4.3179
13.1838 -1.7817 9.5772
8.1068 -0.4257 4.4524
9.7538 -1.9741 6.3577
5.2876 -0.3201 7.9134
6.8634 -2.6846 4.1376
11.3858 -2.3728 6.5423
7.6326 -3.1329 3.6935
8.9854 -3.3175 4.1089
10.1705 -3.0948 5.2347
9.4493 -3.3766 4.2598
12.1376 -3.4129 5.7404
12.6666 -1.1216 10.5867
7.4235 -3.0846 3.6684
8.6361 -0.1240 4.9205
10.4606 -2.7014 6.1818
7.4801 -2.6140 4.4119
8.4845 -2.9652 4.5179
11.2415 -3.3381 5.3711
10.7682 -1.1215 9.4905
8.3502 -0.1811 4.5413
11.1908 -3.2038 5.6080
8.3940 -0.2003 4.6017
6.4599 -2.8228 3.6308
9.0699 -1.3008 7.3472
10.1113 -1.9361 6.5620
11.1295 -3.3829 5.2176
12.5045 -2.6159 7.5316
12.1745 -3.2748 6.0353
8.9897 -3.0848 4.5727
11.9011 -2.3947 7.6217
0.4854 -0.5741 4.6365
11.6219 -3.3246 5.6174
10.4756 -3.0437 5.5122
6.0304 -2.7172 3.5918
8.3040 -3.2200 3.9086
4.9315 -1.7428 4.8883
10.8027 -1.7172 7.4776
9.7586 -3.2965 4.5971
5.0173 -1.7428 4.9378
12.2951 -2.8090 7.0282
8.4113 -3.0540 4.2995
11.0794 -3.0647 5.8194
8.2521 -0.1323 4.4579
9.1296 -2.5153 5.3556
8.7218 -3.0110 4.5641
6.5250 -0.9352 7.4091
12.0772 -3.4070 5.7172
3.4940 -1.7811 3.9822
8.8390 -2.2101 5.1292
9.6884 -3.3312 4.4877
4.9186 -1.2346 5.8878
12.4163 -3.2443 6.2355
6.5507 -2.2497 4.8189
8.6425 -2.5259 5.0277
11.6846 -3.3951 5.5140
8.0265 -0.3662 4.7295
11.4764 -3.2363 5.7084
9.2851 -2.1682 5.3554
6.3995 -2.6678 3.9030
8.8498 -3.0645 4.5321
8.1824 -0.5076 4.5226
9.7139 -3.3380 4.4891
7.0117 -1.7087 5.2360
9.1786 -2.8909 5.0660
8.3443 -2.7174 4.9278
5.1415 -0.7271 7.0223
12.4074 -1.9584 8.7786
9.4674 -3.0436 4.9301
10.6082 -3.3037 5.0735
11.1717 -1.6888 7.7843
5.9247 -2.3244 4.3094
10.6069 -2.7335 6.2027
9.2356 -1.7008 6.4686
9.2590 0.6101 3.9408
11.7380 -3.2520 5.8284
5.4058 -1.9905 4.6714
12.2604 -3.2822 6.0703
10.1112 -3.3889 4.6176
10.2311 -1.7466 7.0703
8.8717 -3.3244 4.0296
7.9160 -3.2818 3.5621
12.4885 -2.3487 8.0521
10.4326 -3.1515 5.2737
11.2675 -3.3767 5.3095
9.7208 -2.9165 5.3283
6.7158 -0.9995 7.3919
9.2492 -3.4008 4.0961
6.2558 -1.0614 7.0034
4.3556 -2.1414 3.7657
9.4120 0.5592 3.9068
6.7194 -2.5973 4.2274
9.1952 -3.3244 4.2164
6.9707 -1.5448 5.6172
5.5620 -2.4164 3.9174
8.8863 -2.5764 5.2105
10.6428 -2.0490 6.7303
13.0710 -2.2241 8.6353
11.0120 -3.1868 5.5383
12.3900 -2.6512 7.3957
11.0361 -3.0331 5.8569
4.6311 -1.7428 4.7148
5.7008 -2.4805 3.8707
9.9969 -1.3462 7.8070
14.4516 -1.1794 11.5030
8.2193 -2.9998 4.2962
7.0030 -3.0434 3.5072
10.9136 -3.2202 5.4153
6.3866 -2.4383 4.3504
8.7504 -3.2281 4.1503
12.4857 -1.8190 9.1001
8.3131 -3.0946 4.1623
9.7513 -2.9534 5.2729
9.7115 -3.3949 4.3749
9.5316 -2.3526 5.4231
8.7997 -2.6848 5.2555
8.9638 -1.5616 6.5270
10.7262 -3.0646 5.6154
7.3781 -2.5244 4.2946
7.5853 -2.0207 5.3015
10.2887 -1.5801 7.4467
7.9289 -3.1779 3.7754
10.1625 -3.2120 4.9979
9.9113 -2.3689 5.7570
10.2785 -3.0948 5.2971
9.4375 0.5649 3.9088
-0.4122 0.0758 5.4059
9.1843 -3.3175 4.2237
10.2730 -0.0304 11.3666
9.5128 -2.1157 5.5139
11.3581 -3.4128 5.2904
8.0941 -2.5765 4.7535
12.1021 -3.1607 6.2198
12.5888 -1.8553 9.0877
11.8831 -3.2364 5.9432
11.6497 -3.1606 5.9586
11.2504 -3.2966 5.4584
11.7065 -3.3038 5.7076
7.9659 -0.1314 9.8341
9.4591 0.5972 4.0196
12.4739 -2.5015 7.7407
8.1275 -3.2200 3.8067
6.3837 -0.8685 7.4597
12.5367 -0.9355 10.8804
12.0272 -2.6851 7.1190
10.8521 -3.0000 5.8163
8.3388 -3.2361 3.8969
10.7686 -2.7176 6.3275
11.8180 -1.8189 8.7146
10.2044 -3.2746 4.8979
3.3683 -0.5742 6.3013
9.0097 -1.4821 6.6230
9.7510 -3.1952 4.7934
5.3606 -1.7428 5.1361
9.5107 -3.2119 4.6216
5.8031 -2.4596 3.9711
11.7205 -3.1047 6.1102
8.1667 -3.0540 4.1583
10.3739 -2.1822 6.3142
10.5184 -1.9268 6.9242
11.8804 -2.8511 6.7053
9.3583 -3.2595 4.4393
12.6976 -2.2502 8.3680
11.0496 -3.2520 5.4310
6.1230 -2.3942 4.2855
7.6079 -1.9549 5.3725
9.2106 -1.6967 6.4275
7.6277 -2.9411 4.0707
8.4261 -1.2809 6.6145
11.8729 -3.3705 5.6715
10.2009 -2.8509 5.7356
10.2693 -0.7274 9.9834
9.8670 -3.3313 4.5908
6.5624 -2.8506 3.6348
11.7819 -2.6683 7.0107
11.6459 -2.8646 6.5430
14.6493 -0.2281 13.5023
10.5592 -3.3641 4.9255
10.2094 -2.1892 6.0410
7.2605 -3.0643 3.6145
9.0370 -3.3949 3.9854
12.2161 -2.1700 8.2488
10.5889 -2.4484 6.1160
10.6184 -2.4381 6.1091
7.4584 -2.1299 4.6818
10.6830 -2.7014 6.3102
7.7017 -3.2439 3.5134
8.5346 -3.2745 3.9339
10.3392 -3.4010 4.7254
8.1908 -2.8507 4.5750
9.9856 -1.6838 7.0658
11.9855 -1.9249 8.6013
9.0477 -1.4917 6.7395
11.8857 -3.1144 6.1865
2.9107 -1.6206 3.9633
11.4441 -3.3642 5.4364
11.8304 -3.2284 5.9286
3.6925 -1.6626 4.3317
9.2673 -0.7273 9.4047
8.3472 -3.0435 4.2833
10.1255 -3.1867 5.0265
12.1920 -3.0544 6.4823
7.2364 -2.8228 4.0791
12.1311 -1.2783 6.4067
5.5030 -2.2496 4.2140
5.2366 -2.4382 3.6863
8.1746 -0.2929 4.4447
7.4145 -1.8946 5.1636
4.9748 -1.7812 4.8372
10.1707 -2.3228 5.9484
11.4854 -2.0227 8.1188
9.6857 -2.9038 5.3332
11.8113 -3.3108 5.7542
11.2439 -3.2363 5.5742
10.3428 -3.4069 4.7158
6.1121 -2.5788 3.9134
6.8915 -2.6846 4.1538
11.6969 -2.6682 6.9616
9.4700 -1.9136 6.2594
9.2814 -2.9165 5.0746
10.6013 -2.8231 6.0219
10.4943 -3.0330 5.5441
4.9334 -1.8185 4.7394
8.4654 -3.2594 3.9238
7.5211 -2.8228 4.2435
8.0820 -2.9769 4.2623
1.8814 -0.0301 6.5207
10.6631 -3.3037 5.1052
9.2311 -3.3244 4.2372
4.7392 -0.8684 6.5101
12.0684 -1.8190 8.8592
4.8977 -0.4084 7.5131
11.2947 -2.7015 6.6634
8.8892 -2.3012 4.9997
10.9214 -3.0000 5.8563
8.6337 -3.0541 4.4279
12.0178 -0.7995 10.8503
9.3508 -1.7547 6.6117
9.0224 -3.2745 4.2155
8.1978 -2.2679 5.1115
9.9334 -3.3446 4.6027
6.6134 -1.2906 5.7462
11.5748 -3.3108 5.6177
10.9388 -3.3246 5.2231
10.6773 -1.1509 8.2952
9.8627 -3.3446 4.5619
12.7576 -1.5781 9.7345
8.2318 -2.9164 4.4686
11.3413 -3.1606 5.7805
7.5597 -2.0926 5.1145
8.4012 -1.9952 5.3681
12.8453 -2.1974 8.5580
9.0383 -2.8777 5.0110
9.3141 -1.7390 6.4952
6.7083 -1.1212 7.1462
8.1241 -0.3720 4.4436
9.4387 0.5870 3.9956
0.8489 0.1867 6.3541
10.7875 -3.1694 5.4432
9.8795 -0.1314 10.9392
5.5757 -2.4805 3.7984
12.6702 -2.3719 8.1109
10.6037 -2.6203 6.2283
10.6505 -0.9997 9.6639
6.3174 0.0755 9.2921
6.1270 -2.5010 4.0762
11.3609 -0.9997 10.0741
3.3565 -0.2277 6.9811
8.0798 -3.3378 3.5457
4.8034 -0.9994 6.2876
10.2634 -2.9770 5.5217
8.5003 -3.1141 4.2319
11.0831 -3.3177 5.3200
8.1948 -0.9353 8.3733
9.6608 -2.0083 6.2908
11.3040 -3.2284 5.6247
9.0136 -2.8370 5.0774
13.3297 -1.8553 9.5155
11.4046 -3.0850 5.9669
8.9022 -3.3312 4.0338
5.8174 -2.5010 3.8975
7.4232 -2.2474 4.3290
9.0767 -3.3888 4.0204
10.3661 -3.1424 5.2534
0.5530 -0.0301 5.7536
12.5444 -2.7646 7.2600
11.1747 -3.4186 5.1731
9.0397 -2.1559 5.1785
7.9369 -2.1974 5.0645
8.1561 -2.9411 4.3758
11.1489 -3.0331 5.9221
8.4239 -3.0110 4.3921
10.6426 -2.8910 5.9113
8.4808 -2.9769 4.4925
12.0159 -3.4186 5.6587
9.2609 -2.9412 5.0137
7.7578 -3.2360 3.5615
11.2916 -3.1047 5.8626
13.0989 -0.7275 11.6173
8.8171 -0.3202 9.9515
11.5500 -3.3246 5.5759
8.5324 -0.4932 9.4442
10.8215 -3.3767 5.0521
9.9766 -1.2522 7.9046
9.2104 0.1864 11.1827
9.9943 -2.1472 6.2023
7.4412 -3.0745 3.6985
7.5951 -3.2117 3.5156
9.9937 -0.3202 10.6309
10.9333 -2.7015 6.4547
8.4988 -1.8149 5.7796
9.1988 -3.3379 4.1917
8.7739 0.5560 4.3188
8.9132 -2.8777 4.9388
7.6298 -2.3651 4.4307
11.6214 -3.1333 5.9964
12.7183 -1.7817 9.3084
8.6252 -3.4067 3.7242
8.9515 -3.2201 4.2825
10.5933 -1.9467 6.8862
9.8516 -3.0748 5.0902
5.9634 -2.5788 3.8276
3.5163 -1.5775 4.3984
10.1463 -2.1151 6.4217
10.2262 -3.1868 5.0846
10.4567 -3.3313 4.9313
8.7996 -0.4086 9.7663
12.8280 -2.4170 8.1127
8.8114 -3.3575 3.9291
6.7237 -2.5600 4.3039
12.3616 -2.8233 7.0383
11.5397 -2.0973 7.1633
11.1462 -2.8089 6.3648
11.1830 -3.1143 5.7808
12.4294 -2.8911 6.9429
10.1989 -1.8695 6.8388
11.2764 -2.9535 6.1534
10.0044 -3.2362 4.8585
7.4246 -2.0093 5.0045
7.2413 -1.9691 4.8868
10.3523 -3.3950 4.7448
9.9699 -2.3991 5.8655
10.0671 -2.3149 5.8683
10.2747 -2.9999 5.4829
10.3994 -2.9039 5.7453
8.1759 -3.2891 3.6977
6.9382 -2.9163 3.7217
15.3732 0.1862 14.7415
11.7678 -3.1695 6.0092
8.1624 -3.2517 3.7641
11.5101 -3.0331 6.1307
11.1042 -0.4454 8.0864
12.6718 -2.9415 6.9830
8.5153 0.5104 4.4994
8.8314 -3.0947 4.4616
8.3454 -2.9533 4.4612
8.0330 -3.0644 4.0605
11.7668 -2.4548 6.8107
9.7901 -3.0542 5.0955
11.4381 -3.1782 5.8014
9.8832 -3.2518 4.7576
5.1262 -2.1127 4.2676
8.6057 -2.0657 5.3590
14.7079 -0.9356 12.1341
14.8313 -0.3204 13.4245
9.8225 -3.2282 4.7693
5.7880 -2.4165 4.0479
7.7962 -3.1044 3.8445
8.4790 0.2708 4.5495
7.8299 -2.4148 4.5913
8.1586 -0.1892 4.4002
12.0552 -1.5076 6.5162
13.8211 -1.8191 9.8712
7.6998 -3.3104 3.3804
9.0146 -2.2733 5.0763
7.4529 -2.8507 4.1490
10.4749 -1.7158 7.2791
12.3620 -3.1870 6.3178
1.9125 -1.1787 4.2625
9.2928 -2.7013 5.5075
8.9358 -3.3948 3.9270
5.4883 -1.4873 5.7161
6.6301 -1.2923 5.7866
5.5886 -2.5406 3.6867
15.0274 -0.3205 13.5377
8.5247 -2.9164 4.6378
5.5574 -2.1695 4.4042
8.4186 0.4028 4.5015
11.8782 -0.6525 11.0608
8.7213 -3.4125 3.7680
11.9401 -3.2121 6.0242
10.6330 -2.9535 5.7819
4.9799 -2.3243 3.7639
12.1301 -3.2203 6.1177
13.3046 -2.0537 9.1078
6.3535 -2.1696 4.8638
11.2382 -2.8910 6.2551
10.9349 -3.2519 5.3647
12.0858 -3.2895 5.9551
10.9894 -2.3788 6.3279
9.2119 -3.0541 4.7617
9.2076 -1.0616 8.7079
12.9621 -2.6512 7.7260
10.8095 -3.3037 5.1898
10.1939 -2.4389 5.8660
10.5273 -3.2363 5.1604
4.8854 0.0756 8.4651
5.5229 -1.9905 4.7389
11.1728 -3.0222 5.9574
10.6158 -3.0646 5.5517
10.8413 -3.2672 5.2805
10.8590 -2.8089 6.1990
10.7335 -3.2037 5.3440
6.4813 -2.3001 4.6790
13.0356 -2.2241 8.6149
8.1830 -2.9164 4.4404
8.8270 -3.1692 4.3113
6.4456 -2.7792 3.7089
10.4481 -2.7491 6.0801
9.6665 -3.2965 4.5440
9.6873 -0.5745 9.9501
11.9125 -2.6337 7.1546
8.8163 -3.4183 3.8114
7.3283 -1.9632 4.9124
13.3876 -1.9250 9.4109
11.3144 -3.3314 5.4265
9.3378 -3.0848 4.7736
10.9892 -2.5314 6.3944
9.6627 -3.3828 4.3708
15.1531 0.1862 14.6144
9.1211 -3.3445 4.1338
11.8481 -3.3578 5.6824
12.6279 -2.8912 7.0575
9.3204 -3.0329 4.8664
12.2100 -3.0332 6.5347
9.5162 -1.3484 7.5628
13.4605 -1.8906 9.5211
13.1721 -1.7433 9.6465
9.8251 -3.2893 4.6498
8.2814 -2.7643 4.7987
7.5915 -3.2593 3.4192
9.6251 -3.1514 4.8075
11.3067 -3.4186 5.2492
8.8104 -3.1951 4.2503
12.3306 -3.1783 6.3168
9.8942 -2.6849 5.8875
1.5163 -0.9349 4.5169
11.0146 -2.9166 6.0753
3.8087 -1.1211 5.4719
10.7751 -1.2885 8.1068
6.9200 -1.4177 5.6995
9.6559 -2.2734 5.4466
8.8561 -3.1236 4.4185
6.7906 -2.7011 4.0628
9.6964 -2.9165 5.3142
12.4803 -0.7995 11.1174
8.8760 0.5678 4.2817
3.4611 -0.6521 6.2004
10.6941 -3.2821 5.1660
5.7168 -0.7991 7.2118
8.7677 -3.0110 4.5906
8.9446 -3.3445 4.0318
10.2426 -3.3828 4.7056
9.2474 -0.4086 10.0249
6.2541 -2.0834 4.9771
8.2256 -3.2200 3.8633
8.7300 -2.7175 5.1505
7.3745 -3.0219 3.7644
11.5723 -3.1954 5.8449
7.6977 -3.1421 3.7127
8.8595 -2.9289 4.8063
5.7634 -2.4805 3.9068
11.5850 -2.8232 6.5899
8.7964 -3.4008 3.8347
12.0586 -1.6212 9.2453
11.5689 -2.3076 6.6372
0.7910 -0.1311 5.6909
11.2103 -3.0749 5.8747
8.5049 -2.7333 4.9891
6.9105 -1.6094 5.3786
11.7471 -3.0113 6.3108
9.4012 -3.4126 4.1606
12.4730 -3.1955 6.3650
9.9645 -1.5433 7.3302
2.2233 -1.1787 4.4420
9.7606 -3.2441 4.7022
5.0140 -2.2750 3.8811
9.0011 -1.3892 7.1441
11.0426 -2.2592 6.3665
7.1864 -2.3360 4.2601
10.8033 -2.7795 6.2250
7.8137 -3.0746 3.9136
9.6036 -3.3766 4.3489
15.2614 -0.4088 13.4977
12.8597 -2.7945 7.3829
9.4688 -3.1045 4.8102
12.1698 -3.0544 6.4695
4.7169 -1.7428 4.7644
7.3013 -1.5665 6.0049
9.7168 -3.1604 4.8426
7.9116 -2.8643 4.3869
8.0124 -2.8776 4.4187
5.3006 -0.9351 6.7020
3.2887 -1.5775 4.2670
10.5014 -1.5585 7.3881
11.6925 -2.9292 6.4420
10.9889 -2.1589 6.4967
7.0507 -1.7431 5.2142
5.6427 -2.2496 4.2946
9.2741 -2.8644 5.1736
11.4260 -2.8372 6.4703
12.0238 -2.9040 6.6832
10.8274 -3.4128 4.9840
7.2889 -3.0327 3.6935
8.0359 -2.5326 4.6926
12.0443 -2.7492 7.0017
7.1718 -0.5744 8.4976
11.7920 -1.4404 9.4497
13.3793 -1.8906 9.4742
5.4736 -2.2235 4.2487
10.2299 -3.3889 4.6862
7.4422 -3.1779 3.4944
11.0326 -3.1694 5.5847
1.8381 -0.6521 5.2632
12.0180 -3.2822 5.9304
8.0625 -3.3311 3.5490
2.4513 0.0757 7.0595
13.7888 -1.3412 10.7996
11.0164 -2.5768 6.4409
8.3478 -3.2035 3.9666
7.9073 -2.2872 4.9009
8.8037 -2.3519 5.0012
12.5400 -2.9292 6.9313
12.9038 -2.1700 8.6459
10.9107 -3.1782 5.4969
9.1422 -2.4834 5.2905
8.2198 -3.2517 3.7972
9.0523 -3.3035 4.1753
11.2258 -0.4933 10.9995
12.3212 -2.8090 7.0433
9.3963 -3.2595 4.4612
9.6486 -2.4549 5.5884
9.7165 -3.3245 4.5174
11.2796 -1.8630 7.2448
9.2484 -2.2417 5.2060
9.6896 -3.2671 4.6155
5.6696 -2.4805 3.8526
7.5598 -2.0082 5.2346
9.2825 -3.3106 4.2942
10.3612 -1.9505 6.7686
9.7098 -2.7014 5.7483
9.9356 -3.3828 4.5283
10.7327 -3.3641 5.0257
13.7779 -1.1794 11.1140
8.9317 0.6430 4.0973
7.7639 -3.2669 3.5038
6.6935 -1.1575 6.2451
15.3091 -0.0306 14.2748
11.1502 -1.9041 7.1862
10.2830 -1.6826 7.2296
11.6539 -3.3314 5.6225
9.5609 0.6057 3.9699
11.8121 -3.0949 6.1825
6.8193 -2.6155 4.2491
9.4305 -3.3511 4.2994
4.6352 -2.0531 4.1022
7.7424 -2.6199 4.5759
8.5585 -3.4067 3.6856
7.3801 -2.7174 4.3711
12.0745 -3.0331 6.4565
9.4664 -2.9999 5.0162
11.2336 -3.1868 5.6663
9.4472 -2.7490 5.5022
7.7122 -2.8776 4.2454
7.7700 -2.7489 4.5338
9.4502 -3.1780 4.6537
9.7233 -3.4184 4.3351
10.3244 -3.1424 5.2293
6.7274 -2.6507 4.1262
10.2405 -1.9743 6.6394
12.3463 -2.9292 6.8194
7.8918 -1.2475 6.5992
12.2581 -2.8233 6.9785
10.6607 -3.2283 5.2533
11.8225 -3.4128 5.5585
9.1184 -3.2518 4.3160
7.9191 -2.9997 4.1228
9.1707 -3.1952 4.4583
8.8292 -1.5807 6.2620
8.7085 -2.9412 4.6947
1.3221 -0.0301 6.1977
8.1574 -3.1329 3.9965
6.0029 -2.6678 3.6740
13.1051 -2.6512 7.8085
10.1428 -2.7335 5.9347
12.3639 -2.8511 6.9844
9.5407 -1.7458 6.9321
8.7505 -2.9998 4.6028
8.7932 -2.9164 4.7928
5.6281 -2.3000 4.1864
12.3163 -3.2822 6.1026
11.8774 -3.2443 5.9243
12.6382 -0.4087 11.9829
8.2485 -3.2963 3.7253
9.5091 -3.3949 4.2580
9.3368 -3.3703 4.2073
9.1113 -3.2595 4.2967
9.3278 -2.3490 5.2967
12.1038 -2.2501 8.0252
12.6427 -2.5216 7.7985
7.1864 -3.0108 3.6776
9.9167 -3.1781 4.9231
11.8081 -2.7336 6.8962
12.0381 -3.4129 5.6830
9.8376 -3.2441 4.7466
11.8197 -3.2443 5.8910
9.2851 -3.3244 4.2683
8.0082 -3.4125 3.3563
6.5450 -0.6233 5.5440
9.2550 -3.3511 4.1981
9.5622 -3.1693 4.7357
11.9711 -2.6851 7.0866
9.4664 -3.3766 4.2697
9.5465 -3.3036 4.4606
9.5232 -3.0541 4.9415
9.2943 -3.0848 4.7485
3.9184 -1.2885 5.2035
8.0008 -2.1963 5.0977
8.0459 -2.3782 4.7826
10.8255 -2.5743 6.3253
10.0285 -1.7222 7.0627
7.2451 -2.2934 4.2655
3.0299 -1.6625 3.9491
11.2362 -2.9039 6.2284
8.6811 -2.7013 5.1544
7.1191 -2.8907 3.8769
10.9093 -3.4010 5.0546
7.4018 -3.0327 3.7587
12.9315 -2.5978 7.8141
15.0059 -0.1316 13.8995
13.1721 -2.5412 8.0653
9.5783 -3.0645 4.9527
6.2386 -2.1128 4.9099
10.2982 -3.2746 4.9521
6.4965 -0.0303 9.1858
5.6101 -1.5777 5.6074
5.4721 -2.5210 3.6583
9.3054 -3.3379 4.2533
10.5063 -2.8509 5.9119
9.1098 -3.1236 4.5650
8.8747 -3.2964 4.0868
10.8054 -3.3829 5.0305
12.1120 -0.8687 10.7674
9.6799 -2.5745 5.6645
7.9238 -3.0847 3.9572
7.4902 -1.0615 7.7162
8.3269 -3.4008 3.5636
11.6094 -1.8189 8.5941
6.2168 -0.0303 9.0242
11.4502 -3.3038 5.5597
10.7164 -2.1148 6.6271
12.1289 -2.7016 7.1450
9.2319 0.5582 3.9732
11.4053 -0.5746 10.9422
11.6480 -2.7944 6.6833
5.3458 -1.8548 4.9056
10.0327 -2.7795 5.7800
9.3439 -3.2201 4.5090
9.4133 -3.0747 4.8372
9.3789 -3.2745 4.4213
12.0946 -3.1695 6.1978
11.2434 -3.4069 5.2357
8.9583 -2.9998 4.7228
5.8714 -2.3714 4.1853
9.9430 -3.1605 4.9732
12.2224 -3.3178 5.9778
10.6446 -1.2930 8.1131
5.6298 -2.1695 4.4459
8.4211 -3.0946 4.2247
4.9157 -1.1211 6.1111
12.3679 -1.9584 8.7558
7.7231 -1.7085 5.9288
11.0926 -1.6978 7.5208
6.8650 -0.5744 8.3205
11.7769 -3.2203 5.9137
5.5796 -2.2235 4.3099
7.8899 -3.1951 3.7189
7.6117 -2.3520 4.4657
8.3377 -2.8777 4.6065
8.1833 -1.4871 6.1950
7.3316 -3.0745 3.6353
7.5206 -2.1387 4.7466
10.2463 -3.1515 5.1661
3.9534 -1.3911 5.0204
7.9512 -3.2280 3.6889
10.0800 -3.3512 4.6744
10.3542 -3.1605 5.2106
11.2846 -3.3767 5.3195
12.2768 -2.8647 6.9072
11.1973 -3.1606 5.6974
9.1037 -1.5078 6.9314
12.4418 -3.1696 6.3983
8.4503 -2.9998 4.4295
11.3440 -3.3513 5.4041
7.1040 -0.7992 8.0129
9.2546 0.5683 4.0728
8.1372 -3.3035 3.6469
7.9352 -2.8229 4.4826
8.4456 -3.3105 3.8110
11.4483 -0.7274 10.6641
8.1039 -2.9997 4.2295
8.4275 -3.3575 3.7075
13.1959 -2.2757 8.6053
12.1550 -1.9910 8.5683
9.3526 0.5511 3.9236
13.2466 -1.1216 10.9216
11.6438 -3.2121 5.8531
4.9673 -0.9994 6.3822
11.0350 -3.0749 5.7735
9.7553 -1.9079 6.5775
12.2389 -3.1239 6.3716
-2.1578 0.1868 4.6178
9.6607 -2.7794 5.5652
8.2505 -0.9353 8.4054
9.7198 -3.1423 4.8802
10.3394 -2.8778 5.7622
8.5540 -3.1866 4.1192
12.5725 -2.7337 7.3376
13.0877 -2.6160 7.8683
7.9695 -3.1779 3.7988
8.6966 -0.4587 4.7685
8.6179 -3.2200 4.0899
12.3262 -2.5793 7.5013
9.0140 -2.7942 5.1625
10.5948 -3.3177 5.0381
12.7883 -2.2241 8.4721
10.7785 -3.1143 5.5472
9.0266 -1.5317 6.6842
12.3956 -0.8688 10.9311
11.0654 -0.6235 8.1545
10.1028 -3.3576 4.6747
11.1735 -3.3177 5.3722
11.9104 -1.6631 9.0768
7.4306 -3.1512 3.5405
7.4603 -1.8809 5.5222
5.2672 -1.8185 4.9321
12.2966 -3.0851 6.4819
12.0556 -3.3951 5.7282
5.8896 -2.6678 3.6086
13.3937 -0.7275 11.7875
9.6961 -3.3379 4.4789
8.4175 -3.0328 4.3451
9.9810 -3.3766 4.5668
8.0867 -0.7993 8.5803
8.0426 -3.3826 3.4354
2.8695 -0.3200 6.5170
11.3477 -2.0728 6.9664
10.8918 -3.1953 5.4521
6.6175 -2.5788 4.2052
13.7824 -1.8554 9.7769
8.7128 -1.7875 5.7612
10.0061 -2.7795 5.7647
9.5469 -3.0111 5.0405
12.4455 -1.8906 8.9350
6.6612 -0.9995 7.3603
11.8008 -2.7492 6.8611
11.2521 -3.1954 5.6601
11.3686 -1.3915 9.3020
7.2347 -1.7138 5.6829
11.3781 -2.7015 6.7116
11.6649 -1.5781 9.1035
6.2320 -2.0532 5.0241
9.5429 -3.1331 4.7964
10.5575 -1.2946 8.0916
10.6672 -3.2519 5.2102
11.5351 -3.0850 6.0423
10.0777 -2.7644 5.8358
8.1996 -0.2151 4.4320
9.3035 -1.9553 5.7337
12.4157 -3.0750 6.5706
0.2034 -0.0301 5.5517
10.0282 -3.0111 5.3184
9.6259 0.6125 3.9434
11.7172 -3.1869 5.9455
12.3286 -3.2364 6.2004
8.0089 -3.3311 3.5180
9.9212 -3.4184 4.4494
10.5093 -2.0300 6.7199
5.0156 -2.0222 4.3831
14.9862 -0.9356 12.2949
7.2915 -1.7829 5.5938
12.0865 -1.1215 10.2517
11.7523 -3.2597 5.8215
8.8596 -2.8370 4.9885
11.5484 -3.2894 5.6448
11.6721 -3.2673 5.7601
9.7324 -3.2893 4.5963
6.6133 -2.8506 3.6642
11.4666 -0.5746 10.9776
5.0541 -2.0222 4.4053
10.2896 -0.1314 11.1760
11.6239 -2.9772 6.3072
11.5418 -2.1434 6.9722
4.5124 -0.8684 6.3791
9.6116 -3.3828 4.3413
10.1682 -3.0542 5.3138
8.1933 -3.0220 4.2371
6.0034 -2.3714 4.2615
3.1781 -1.3910 4.5727
11.5697 -1.9909 8.2304
10.3730 -2.4848 6.0040
7.4703 -1.9850 5.2508
7.9544 -3.3105 3.5274
3.3498 -0.0302 7.3686
4.8046 -2.2496 3.8107
8.1100 -3.1951 3.8459
7.4973 -1.9262 5.3608
10.3711 -3.3380 4.8686
10.7157 -3.0112 5.7153
10.5774 -1.1555 8.4068
8.6712 -2.9164 4.7223
8.3994 -2.9289 4.5407
11.1624 -2.9039 6.1858
7.1098 -2.7792 4.0924
7.0024 -1.4443 6.0693
8.3488 -1.0615 8.2120
8.7043 -2.9998 4.5762
12.2920 -3.3514 5.9515
5.6661 -2.5788 3.6559
8.1921 -2.0514 5.3248
8.8528 -3.0220 4.6179
8.8539 -3.4126 3.8446
11.5034 -2.4374 6.6907
10.6401 -1.6189 7.6038
8.6215 -2.0996 5.2532
7.5591 -2.9532 4.0072
10.3179 -2.0305 6.6111
4.2189 -1.2885 5.3770
4.2317 -1.3406 5.2811
8.2374 -1.7932 5.7219
12.7401 -2.9655 6.9749
12.0052 -3.3578 5.7731
7.6572 -2.9651 4.0402
7.6878 -1.8035 5.6908
11.3986 -2.7336 6.6598
1.6132 -0.7989 4.8423
7.1884 -0.6523 8.3527
12.0126 -1.8552 8.7550
8.9976 -3.3827 3.9868
8.1323 -2.4270 4.7953
0.1010 -0.4082 4.7432
11.3782 -2.0741 6.9886
9.5605 -1.5331 7.0048
6.5242 -1.0614 7.1584
11.9986 -1.2350 9.9760
10.5054 -3.0646 5.4880
8.3242 -3.2891 3.7833
10.9341 -3.2363 5.3953
8.7824 -1.8604 5.6217
8.9470 0.5172 4.1723
12.0802 -0.5746 11.3320
11.3070 -3.0331 6.0134
12.1606 -3.4070 5.7653
10.5572 -1.6597 7.2319
6.8606 -2.7641 3.9784
9.0304 -2.4364 5.1887
11.8659 -3.3108 5.7857
6.3869 -2.1128 4.9955
11.2346 -2.0333 7.0126
9.5340 -1.6872 6.8283
6.8960 -2.5974 4.3293
9.6944 -3.0221 5.1038
11.7707 -2.9655 6.4152
6.3772 -2.5407 4.1420
9.4914 -3.2746 4.4863
10.9931 -3.3890 5.1268
10.6859 -2.7176 6.2798
10.7663 -1.9481 6.8333
8.2301 -3.1951 3.9153
9.1584 -3.1867 4.4681
5.3103 -1.3912 5.8039
11.6163 0.0753 12.3520
12.0808 -3.0544 6.4181
11.4868 -3.3038 5.5808
10.8558 -3.3767 5.0719
8.1592 -3.4007 3.4668
9.2436 0.5532 4.0216
9.5956 -2.3114 5.4325
12.6012 -3.0851 6.6578
10.3797 -3.2120 5.1233
6.3745 -1.2022 5.8430
-0.2188 -0.4082 4.5586
8.9879 -2.8370 5.0626
11.9704 -1.7639 6.6386
7.7640 -2.3140 4.5367
9.8896 -3.3176 4.6309
10.5644 -1.7706 7.1626
9.0810 -2.1958 5.3166
8.5407 -3.0644 4.3537
8.3647 -3.1422 4.0979
12.3157 -3.0648 6.5332
8.8170 -1.1559 7.4063
11.1433 -3.4069 5.1780
10.8674 -3.1516 5.5247
6.3428 -2.6678 3.8703
10.2070 -0.4086 10.5790
11.8901 -3.3705 5.6814
12.6464 -2.8233 7.2027
11.6680 -3.1239 6.0420
7.8390 -2.4354 4.6464
9.5318 -2.4380 5.4818
6.4446 -2.1969 4.8622
7.5506 -3.2516 3.4108
9.2905 -3.2518 4.4154
9.0246 -1.8405 5.8368
10.2991 -2.1940 6.2044
13.1983 -2.3720 8.4158
12.0379 -1.9910 8.5007
8.2538 -3.0644 4.1880
9.9440 0.1864 11.6063
11.4987 -2.7645 6.6563
7.6192 -2.1772 4.9306
11.6338 -2.9535 6.3598
10.3111 -2.1216 6.3008
8.1711 -2.7941 4.6759
9.5909 -3.1952 4.7010
9.1203 -3.0848 4.6480
5.0186 -1.5332 5.3540
10.6470 -2.7943 6.1054
7.6154 -0.0303 9.8319
11.6138 -2.2911 6.6215
11.5196 -2.1611 6.8095
8.5916 -2.2088 5.0715
9.6640 -2.9885 5.1528
9.4716 -3.2282 4.5667
9.3738 -1.7856 6.5614
8.5137 -3.1866 4.0959
11.0938 -3.4010 5.1611
9.5411 0.5961 3.9476
10.1515 -0.7274 9.9153
8.4452 -2.8508 4.7219
10.8092 -2.1707 6.6367
11.0469 -3.3177 5.2991
1.2087 -0.7989 4.6087
11.1776 -3.4010 5.2095
7.6699 -3.1140 3.7525
5.5898 -0.8684 7.0012
9.0222 -2.1355 5.1979
7.9887 -3.0435 4.0764
9.0786 -2.2820 5.1352
12.4917 -2.9536 6.8551
7.6537 -1.8684 5.5692
11.7527 -3.0850 6.1679
10.0971 -3.1142 5.1538
10.2793 -2.7335 6.0135
7.9541 -2.3344 4.8721
8.0289 -0.7993 8.5470
11.8277 -3.1047 6.1721
8.9324 -1.2569 7.4047
11.9858 -3.1783 6.1177
9.4239 -1.9557 5.9424
10.3609 -3.3512 4.8366
8.9336 -2.3055 5.0360
8.0519 -0.1906 4.6835
11.4475 -3.3108 5.5441
12.2568 -1.5781 9.4453
12.1165 -2.9772 6.5916
5.5186 -2.4596 3.8069
9.5733 -2.1765 5.7327
11.9292 -3.2520 5.9388
8.7068 -3.2361 4.1094
2.9701 -1.5775 4.0830
7.4056 -3.1865 3.4562
8.1264 -3.3948 3.4597
11.2148 -3.3829 5.2669
11.7521 -3.3448 5.6528
9.4343 -1.9710 6.1603
12.6447 -2.6851 7.4755
8.0086 -3.3638 3.4530
10.2845 -2.8088 5.8673
13.4782 -1.5337 10.2387
10.1463 -2.8909 5.6247
9.9792 -3.2746 4.7679
11.1595 -3.1332 5.7298
11.3059 -2.3702 6.4899
11.4433 -2.4493 6.6112
3.3216 -0.8683 5.6915
8.7375 -0.3004 4.7371
7.5929 -1.5985 6.0452
10.5505 -3.2966 5.0544
12.3737 -3.0950 6.5067
8.7570 -2.8370 4.9292
10.2160 -2.0016 6.5845
11.9487 -2.8646 6.7178
8.2631 -3.2281 3.8690
7.6153 -3.2744 3.4031
13.1027 -2.3006 8.5021
8.4129 -3.1866 4.0377
9.4455 -3.2965 4.4164
11.6807 -3.4011 5.5000
9.5053 -2.4380 5.4665
8.3445 -0.4932 9.3357
3.9862 -1.4872 4.8487
9.5583 -2.1559 5.7615
9.9055 -3.1142 5.0432
9.6040 -3.2746 4.5513
9.7666 -2.9999 5.1895
8.5117 -3.3639 3.7435
8.4102 -3.1951 4.0193
7.8110 -2.2682 4.8893
6.1338 -2.6846 3.7163
12.8843 -2.4602 8.0597
2.6725 -0.9992 5.0571
8.5034 -3.2594 3.9457
11.1222 -3.2894 5.3987
6.1296 0.1865 9.4035
7.2712 -3.0846 3.5804
9.8210 -1.2060 7.9306
1.0689 0.1867 6.4811
11.0753 -1.4877 8.9421
7.7882 -3.2963 3.4595
9.6018 -3.0436 5.0077
11.0792 -3.3705 5.2133
3.9454 -0.8683 6.0517
7.8475 -2.9768 4.1268
1.2937 -0.9349 4.3883
10.3473 -1.9974 6.6430
12.0488 -3.2895 5.9337
11.6577 -2.9535 6.3735
12.5031 -3.1517 6.4691
3.1515 -0.8683 5.5933
9.9184 -3.2037 4.8734
10.3238 -3.0542 5.4037
7.5180 -2.3258 4.2690
11.0101 -3.3829 5.1487
4.6647 -1.9904 4.2434
7.9670 -2.3492 4.8302
7.6420 -2.9997 3.9628
10.2663 -1.9832 6.6915
10.2055 -2.9999 5.4429
12.1144 -3.3706 5.8109
12.2777 -3.0332 6.5738
8.6348 -3.4183 3.7067
11.7092 -3.0850 6.1428
7.3871 -2.2061 4.3685
14.2674 -0.8689 12.0120
8.8271 -3.3827 3.8883
6.0035 -2.3000 4.4031
4.6022 -2.0833 4.0233
8.4309 -2.7013 5.0099
13.6284 -1.6213 10.1517
7.1438 -3.0539 3.5677
11.5645 -3.3314 5.5709
11.9158 -2.8780 6.6724
3.3146 -0.7270 5.9674
8.6948 -1.4926 6.5448
11.3164 -3.1782 5.7312
5.9317 -2.5210 3.9237
10.8713 -2.9535 5.9195
9.3805 -2.1205 5.5489
8.6293 -3.2361 4.0646
8.7226 -0.7993 8.9475
3.9649 -0.9350 5.9308
8.3559 -3.2439 3.8912
9.1830 -1.7462 6.2258
5.7822 -1.4400 5.9796
12.1478 -2.5793 7.3983
11.4460 -3.4011 5.3644
9.6148 -1.7919 6.3047
11.4318 -0.3203 11.4614
8.5648 -2.0576 5.3070
12.7743 -1.3916 10.1137
12.7240 -2.8233 7.2475
8.6379 -2.8777 4.7798
12.1964 -3.0223 6.5484
12.1333 -2.5015 7.5441
10.8167 -3.2283 5.3433
9.9718 -3.2201 4.8715
10.3855 -2.0239 6.6246
12.6931 -2.3005 8.2656
9.9351 -3.2671 4.7572
11.2572 -3.4186 5.2207
11.1003 -2.1577 6.5572
10.9603 -3.4185 5.0493
8.6128 -1.6653 5.8820
13.9478 -1.8907 9.8025
8.8261 -1.2029 7.2738
6.3058 -2.7173 3.7509
9.3018 -1.6908 6.7191
4.9110 -0.9351 6.4771
8.7057 -3.0435 4.4903
11.5474 -2.7796 6.6546
9.1457 -2.7942 5.2386
5.9906 -1.8901 5.2080
11.6610 -2.0838 8.0990
9.7381 -3.3889 4.4022
10.2339 -3.3704 4.7252
12.1404 -3.1869 6.1898
5.8572 -2.3243 4.2704
9.0181 -3.1330 4.4934
10.1605 -1.9539 6.6679
9.2262 -3.2201 4.4410
4.5356 -1.9244 4.2997
10.1640 -3.4127 4.6010
9.8734 -2.9885 5.2737
10.4487 -2.2793 6.0770
8.2993 -2.0825 5.3678
8.4062 -3.4125 3.5861
8.4889 -3.0220 4.4078
9.3495 -2.1909 5.3701
8.2652 -0.7273 8.8261
12.1170 -3.0647 6.4184
9.2486 -2.4840 5.3533
8.0739 -3.1236 3.9669
11.8624 -2.1301 6.8212
13.2030 -2.1974 8.7644
9.1869 -3.2201 4.4184
7.5844 -2.7642 4.3963
9.0118 -3.0541 4.6462
12.5831 -1.2890 10.2067
9.4362 -3.0947 4.8107
8.3635 -3.2818 3.8204
7.4115 -2.9411 3.9459
7.1125 -1.3550 6.2805
9.0658 -3.3827 4.0262
10.9741 -3.2966 5.2989
7.9304 -2.7012 4.7209
8.8482 -1.7328 5.9555
10.5182 -3.3890 4.8526
8.2960 -3.1692 4.0047
8.7138 -2.0570 5.3910
12.9327 -1.8906 9.2163
10.0780 -1.0519 8.1465
4.2734 -2.1127 3.7752
8.6829 -3.3948 3.7810
10.5744 -3.2037 5.2522
10.2500 -2.1590 6.2765
9.4709 -3.1952 4.6317
8.9778 -2.4362 5.1578
13.4067 0.0753 13.3859
11.6885 -2.8232 6.6497
9.1303 -3.2595 4.3077
8.5387 -1.6322 6.1669
9.2210 -3.0436 4.7878
8.6080 -0.1469 4.6122
8.7334 -3.3948 3.8102
8.5556 -0.3202 9.8005
11.9198 -2.9536 6.5249
12.9224 -2.3487 8.3026
2.2704 -1.2345 4.3587
7.8780 -3.2744 3.5548
2.2642 -0.5741 5.6637
12.2462 -2.1133 8.3786
10.3200 -2.8910 5.7250
11.0200 -1.8420 7.1764
12.1164 -1.2248 6.3624
8.3179 -0.7993 8.7139
9.8543 -1.8459 6.5230
8.0418 -2.0043 5.4963
12.4073 -3.2521 6.2148
6.3975 -2.6332 3.9704
10.5561 -3.0849 5.4770
8.4167 -2.5318 4.9105
9.4884 -2.1111 5.6835
12.4261 -3.0648 6.5969
7.7091 -3.2744 3.4573
10.8712 -1.5690 7.6892
12.3365 -2.3248 8.0115
11.8915 -3.0001 6.4163
5.3422 -1.5332 5.5408
9.5538 -3.1237 4.8213
11.5529 -3.0949 6.0328
8.9446 -2.1180 5.1932
10.2922 -2.7644 5.9597
10.3898 -2.9413 5.6655
9.6752 -2.3960 5.5375
7.7528 -1.2450 6.4651
7.1403 -2.8369 3.9958
7.3577 -1.3982 6.3189
10.4847 -3.1781 5.2510
12.4674 -2.9292 6.8894
10.2879 -2.0891 6.4120
8.2057 -2.9289 4.4288
2.5760 -1.2345 4.5351
10.3755 -3.3766 4.7946
14.6178 -1.1217 11.7134
12.3324 0.0753 12.7656
8.0663 -2.1115 5.3388
9.1900 -3.1045 4.6492
8.5705 -0.3332 5.0502
11.3121 -3.1954 5.6947
9.4190 0.6004 4.0656
10.5161 -3.0948 5.4342
10.3612 -2.7335 6.0608
10.3357 -3.2746 4.9737
11.0209 -1.8007 7.3691
6.5548 -2.6846 3.9593
9.9806 -2.8645 5.5815
7.8681 -3.1779 3.7403
13.2105 -1.3916 10.3656
10.8870 -2.8372 6.1591
5.5414 -2.3714 3.9948
10.8510 -2.9886 5.8381
5.9540 -2.5973 3.7854
9.4065 -2.9653 5.0502
13.0003 -2.3006 8.4430
7.9542 -3.3034 3.5412
5.7256 -2.5788 3.6902
9.2758 -1.7402 6.4803
11.8118 -3.3830 5.6115
13.3612 -2.2502 8.7512
5.5729 -2.2496 4.2543
9.9761 -3.0948 5.1225
6.3370 -2.4165 4.3649
7.6460 -2.9163 4.1304
10.6396 -2.0221 6.7643
10.8554 -2.4838 6.2803
7.7199 -3.0434 3.9211
8.8730 -3.2200 4.2371
6.7753 -2.7940 3.8700
5.3605 -2.4596 3.7156
9.5008 -3.2671 4.5065
10.1196 -3.1781 5.0402
9.0193 -3.0436 4.6714
11.8430 -2.7177 6.9479
5.2829 -1.6627 5.2500
6.1302 -2.7331 3.6180
9.8615 -1.2985 7.7612
9.6731 -0.8686 9.3591
12.3712 -2.7797 7.1302
13.8364 0.0753 13.6340
2.4586 -1.3405 4.2572
11.8397 -3.2967 5.7987
11.0924 -2.8372 6.2776
10.4047 -2.7795 5.9948
12.5860 -1.1793 10.4257
11.1973 -2.3185 6.3745
9.2689 -1.9924 5.7246
10.9365 -2.3445 6.2884
6.4111 -2.6154 4.0134
11.0650 -3.3177 5.3095
12.0450 -1.5336 9.4111
8.2131 -3.3826 3.5339
8.7104 -3.1951 4.1926
7.1970 -2.9883 3.7284
10.4840 -3.1238 5.3584
5.4193 -2.4805 3.7082
8.5470 -2.8508 4.7807
7.0031 -3.0108 3.5718
10.8296 -2.4444 6.2458
10.1330 -1.8670 6.7882
10.1094 -2.6185 5.9391
9.0033 -2.1153 5.2188
5.7126 -2.2496 4.3350
7.8944 -2.9768 4.1539
9.3660 -2.7490 5.4553
9.6977 -0.9353 9.2411
12.9907 -2.6512 7.7425
6.4968 -0.4085 8.4365
9.4329 -3.3888 4.2260
7.6380 -2.7642 4.4272
7.3255 -1.9399 4.0755
11.4752 -2.2468 6.6660
7.4773 -1.4324 3.9088
7.6919 -2.1339 5.0711
8.8588 -3.3175 4.0358
11.9513 -2.1973 8.0417
11.4881 -3.4186 5.3540
9.5009 -3.2201 4.5996
9.9504 -2.6849 5.9199
10.9613 -2.2760 6.4488
7.0035 -2.8228 3.9446
9.3389 -1.8580 6.1012
8.0911 -3.4125 3.4042
7.6956 -1.3889 6.3875
11.5801 -3.4011 5.4419
10.2025 -1.4270 7.7048
10.9356 -2.4872 6.3342
9.1600 -2.4386 5.2686
9.4025 -3.3312 4.3226
9.4642 -2.9038 5.2053
12.3906 -3.0332 6.6390
7.5154 -1.2882 3.8421
4.5387 -1.7033 4.7397
8.4546 -2.0569 5.3648
8.0326 -3.0847 4.0200
11.6749 -2.2217 6.9824
9.4817 -3.2518 4.5257
11.0168 -2.6850 6.5356
9.0961 -0.4932 9.7697
9.9467 -3.3766 4.5470
9.2563 -2.5317 5.3950
11.8798 -3.2673 5.8800
13.9874 -1.6632 10.2761
11.5738 -1.5781 9.0509
8.0744 -3.1140 3.9860
11.5172 -2.7015 6.7918
8.4372 0.1796 4.5752
11.5623 -2.9535 6.3185
9.8382 -3.3380 4.5609
10.1358 -2.9165 5.5679
7.2304 -2.8642 3.9936
11.7626 -3.1783 5.9888
3.7984 -1.4872 4.7403
11.7571 -3.2520 5.8395
8.4273 -3.2035 4.0125
7.8629 -2.3363 4.8247
7.9707 -3.2280 3.7002
10.2133 -0.9996 9.4114
9.0991 -2.3640 5.2011
11.4573 -0.6525 10.8178
9.3827 -2.7942 5.3754
10.2867 -3.1868 5.1195
7.5195 -1.6361 5.9371
8.9782 -1.7602 5.9697
8.3464 -2.8370 4.6922
12.2982 -3.2284 6.1987
6.9438 -1.6663 5.1919
8.7142 -2.9289 4.7224
12.5037 -2.9167 6.9351
7.5243 -1.3613 3.8033
11.5060 -3.1047 5.9864
8.1510 -3.1866 3.8865
10.3992 -1.1551 8.2877
6.9312 -2.9410 3.6686
9.6680 -2.6205 5.6885
7.6845 -3.0846 3.8191
12.2009 -3.0950 6.4070
14.1641 -1.6632 10.3781
8.2226 -3.4183 3.4686
12.6090 -2.2756 8.2664
9.6444 -2.3141 5.4675
9.6903 -3.4184 4.3161
14.3369 -0.7276 12.3322
8.5554 -0.0891 4.5025
10.7185 -2.5311 6.2376
10.8575 -2.4016 6.2331
9.8973 -3.2671 4.7354
10.0423 -2.7491 5.8458
11.2305 -3.3890 5.2639
7.3373 -1.2626 6.6087
12.0910 -2.7178 7.0911
8.2008 -2.4063 4.7850
8.5190 -1.8356 5.7015
6.8742 -3.0218 3.4755
10.9244 -3.3767 5.1115
10.2273 -1.0616 9.2967
11.2474 -1.9016 7.2306
7.0114 -2.9163 3.7640
9.3811 -1.6889 6.7518
15.0472 -0.4935 13.2062
9.2156 -3.4008 4.0767
14.7635 -0.9356 12.1663
8.0805 -1.0615 8.0570
11.4124 -3.4011 5.3451
11.8492 -3.1047 6.1845
6.5510 -2.8085 3.7117
6.6544 -2.6678 4.0502
8.1091 -1.1460 6.6408
11.3943 -3.3578 5.4204
10.1576 -3.1424 5.1330
11.6600 -3.3513 5.5866
11.4038 -1.9619 7.2591
9.8334 -2.9038 5.4185
11.9847 -1.5465 6.5420
10.7051 -0.9997 9.6954
6.2700 -2.0532 5.0461
6.5697 0.1865 9.6577
10.3810 -3.2893 4.9708
12.0391 -2.5604 7.3729
8.4569 -0.1558 4.5921
8.2917 -3.4067 3.5316
9.7139 -3.0436 5.0724
7.9565 -3.3638 3.4229
11.3995 -2.5795 6.6680
6.2993 -2.5210 4.1360
8.1026 -0.1520 4.4016
12.3168 -3.1517 6.3615
12.4577 -3.0113 6.7211
11.2623 -3.3246 5.4099
7.8135 -3.2199 3.6255
8.6748 -3.1866 4.1890
11.4988 -3.0000 6.1896
9.0931 0.5441 4.1091
11.2844 -3.0331 6.0003
8.1535 -1.1481 6.7425
9.5445 -2.5734 5.5841
11.1665 -2.8646 6.2662
11.4716 -3.4186 5.3445
9.5072 0.5732 3.8844
10.9923 -3.2520 5.3979
11.1070 -0.7153 8.2207
8.1614 -2.4613 4.7447
9.5679 -2.3981 5.4806
12.0467 -1.5689 6.5523
11.1423 -0.9997 9.9479
9.0082 -1.7086 6.1350
6.8031 -1.2347 6.9760
10.8555 -3.0330 5.7527
9.9895 -1.9126 6.7349
10.9243 -3.0543 5.7504
13.3381 -2.1701 8.8967
4.4640 -1.5331 5.0337
9.8568 -3.0542 5.1341
5.5865 -2.1968 4.3668
10.9927 -3.3177 5.2678
9.6742 -3.3640 4.4146
10.5861 -3.1782 5.3095
7.4163 -2.2947 4.2078
9.8232 -0.4086 10.3574
10.3540 -2.1654 6.2503
7.1407 -3.0846 3.5051
13.0951 -1.8906 9.3101
7.4519 -2.2217 4.4504
13.3563 -2.3487 8.5531
12.4160 -0.4934 11.6868
8.0703 -2.2373 5.0491
10.2381 -2.7014 6.0533
11.2791 -3.2520 5.5635
11.5165 -3.3578 5.4909
10.2451 -2.7176 6.0253
12.2737 -2.9292 6.7775
11.7337 -3.2895 5.7518
8.8941 -1.9936 5.3887
10.4929 -3.4069 4.8025
6.6036 -2.5600 4.2346
8.6497 -3.3035 3.9428
9.6519 -3.2671 4.5937
11.7152 -3.2895 5.7411
9.9150 -3.1515 4.9748
5.2586 -2.2496 4.0728
7.4834 -3.2280 3.4188
7.4176 -1.6642 3.9443
4.9325 -1.7812 4.8128
12.2495 -3.3578 5.9141
12.7606 -2.8373 7.2408
9.1322 -2.8508 5.1186
8.4990 -0.1818 4.6245
9.4781 -3.0111 5.0008
11.5105 -2.5845 6.7429
8.5704 -2.2057 5.0502
11.5402 -3.3448 5.5304
10.3140 -1.2055 8.2015
9.9944 -0.7994 9.6819
12.6375 -1.7038 9.4161
13.0370 -2.1420 8.7783
11.6387 -3.3578 5.5615
10.2737 -2.2705 6.0369
7.5353 -2.9532 3.9934
9.4550 -3.3036 4.4077
10.7068 -2.9654 5.8009
14.0904 -1.1216 11.4088
11.2324 -2.9291 6.1763
11.8712 -3.3038 5.8027
7.2633 -0.7272 8.2475
9.0707 -3.3035 4.1858
7.5989 -3.0109 3.9158
8.0724 -3.1513 3.9110
7.4763 -2.9883 3.8897
12.1210 -3.4129 5.7309
8.6648 -0.7993 8.9141
7.7103 -2.5016 4.5051
8.5425 -0.1321 4.6260
6.7258 -2.8642 3.7023
10.5062 -2.1472 6.4979
12.5937 -3.0332 6.7563
12.5552 -1.4404 9.8904
9.6747 -3.3036 4.5346
7.6130 -2.1620 4.7642
11.1798 -2.5731 6.5273
7.6341 -2.8643 4.2267
9.2503 0.5600 3.9631
11.8978 -2.3248 7.7582
10.4230 -3.4010 4.7738
11.9577 -3.3315 5.7979
5.6425 -1.1789 6.4164
10.4454 -3.3446 4.8984
7.4818 -2.7792 4.3072
8.5002 -3.3105 3.8425
12.3305 -3.0950 6.4818
7.3439 -3.0539 3.6832
7.7977 -0.7992 8.4134
8.5171 -3.1780 4.1150
12.3915 -3.1783 6.3519
1.6864 -0.2276 6.0167
7.4278 -2.6129 4.3793
10.8257 -3.2894 5.2275
9.8324 -3.4127 4.4095
7.2105 -3.0539 3.6062
6.1331 -1.7429 5.5821
12.4669 -2.9040 6.9390
10.9168 -3.2672 5.3241
11.9590 -3.1869 6.0851
12.5478 -2.6337 7.5214
10.8213 -3.2596 5.2839
9.3252 -2.9770 4.9800
9.6567 -3.0541 5.0185
10.5288 -3.0000 5.6296
8.2596 -1.2899 6.6823
8.3579 -0.1554 4.5368
1.8786 0.0757 6.7288
14.2083 -1.6632 10.4036
8.9746 -3.3703 3.9981
12.4844 -1.5781 9.5767
8.5137 0.4028 4.5565
9.9687 -3.3446 4.6231
12.1011 -2.7016 7.1290
7.6303 -2.2485 4.6301
9.9007 -1.5808 7.2288
0.4088 0.1867 6.1000
12.0892 -3.3247 5.8873
11.9843 -1.7038 9.0389
2.9125 -1.1210 4.9544
12.3370 -3.2967 6.0858
7.4325 -2.5671 4.3513
11.1266 -3.4069 5.1683
9.3026 -2.8909 5.1376
7.4085 -1.8735 5.2485
4.9661 -0.8684 6.6411
11.6603 -1.7816 8.6975
9.3306 -3.1142 4.7113
10.1087 -2.9534 5.4792
8.7805 -2.9412 4.7363
9.2218 -2.9885 4.8975
11.8032 -3.1783 6.0123
11.5538 -3.2364 5.7531
6.7692 -1.2529 6.0712
10.6727 -3.3950 4.9298
11.0893 -2.8910 6.1692
8.4957 -2.6680 5.1133
8.4150 -2.4400 4.8419
8.6630 -2.8777 4.7943
9.0032 -3.4126 3.9308
7.2776 -2.6679 4.4100
4.1790 -2.0531 3.8387
9.5931 -1.9576 6.3564
8.4103 -1.4877 6.3321
8.8494 -2.0083 5.5425
8.3107 -3.3378 3.6790
5.5789 -0.9351 6.8627
6.1136 -2.1415 4.7808
12.2133 -3.1517 6.3018
9.7050 -1.8954 6.4892
10.9649 -2.8779 6.1234
8.3539 -2.9164 4.5391
11.1192 -3.3177 5.3409
7.4638 -2.2964 4.2396
8.3085 -1.8778 5.6002
13.0438 -2.3947 8.2814
11.6840 -3.3108 5.6807
4.4521 -2.0833 3.9366
3.1229 -0.5742 6.1596
8.2683 -3.2035 3.9207
9.5360 0.5872 3.9165
12.4049 -3.2204 6.2763
10.0412 -2.7942 5.7556
8.1406 -2.3347 4.8919
9.8489 -2.7014 5.8286
12.0381 -3.2364 6.0327
7.1108 -2.9997 3.6562
7.9911 -3.3510 3.4684
15.2802 -0.7276 12.8769
8.3053 -3.3575 3.6369
8.7200 -3.3639 3.8637
5.7231 -1.4873 5.8516
11.7265 -3.3830 5.5623
9.1556 -2.9533 4.9289
9.6565 -2.0799 5.7854
9.1085 -1.9643 5.6562
10.6396 -2.8779 5.9356
6.6637 -2.5600 4.2693
10.0297 -2.2410 6.0896
11.8519 -2.0258 6.7748
8.7642 -3.2964 4.0230
10.9200 -1.9239 7.1429
10.5937 -3.0646 5.5390
8.5645 -0.2447 5.0165
11.1732 -1.6516 7.8273
7.9604 -2.7941 4.5543
8.2340 -0.1547 4.4675
11.8750 -3.2203 5.9704
13.2571 -2.0228 9.1418
10.0110 -3.2202 4.8942
4.2588 -0.0302 7.8936
11.8307 -2.6851 7.0055
3.8747 -1.4399 4.8781
5.7321 -2.4805 3.8887
8.2079 -0.5077 4.5368
7.1145 -1.0615 7.4992
5.5084 -2.3714 3.9757
7.9865 -2.5756 4.6895
9.4733 -2.6849 5.6444
4.4896 -2.0833 3.9583
9.0130 -1.5692 6.2789
8.0365 -0.4261 4.7557
9.3679 -2.9290 5.0998
12.2602 -2.3947 7.8290
9.9980 -3.2519 4.8238
8.5158 -3.2745 3.9230
10.4144 -3.2820 5.0045
13.8892 -1.3917 10.7575
8.6289 0.0195 4.6280
0.4271 -0.7269 4.3000
8.8935 -3.3639 3.9638
9.4742 -2.7490 5.5178
10.7437 -3.2519 5.2543
9.3089 -2.9412 5.0414
9.7218 -3.2965 4.5759
10.1805 -1.8086 6.9268
11.9818 -2.8089 6.8473
8.0254 -3.3887 3.4133
12.1886 -3.1783 6.2348
8.8466 0.5662 4.2995
11.2034 -1.6630 8.6686
12.2520 -2.4601 7.6946
14.9375 -0.1316 13.8600
5.7115 -2.6154 3.6095
7.0510 -2.6679 4.2791
5.8015 -0.9351 6.9913
13.3521 -1.1216 10.9825
14.0769 -1.6214 10.4107
9.7281 -2.3956 5.5671
10.7287 -1.8952 6.9023
9.5331 -3.1045 4.8473
11.9650 -2.8373 6.7814
11.9641 -2.2501 7.9445
12.2661 -2.8780 6.8746
11.4534 -3.1332 5.8995
9.9300 -2.4066 5.7097
7.5315 -3.2516 3.3998
7.4641 -1.4916 3.9320
8.3658 -2.8643 4.6491
10.9562 -3.3108 5.2605
9.7356 -2.1254 5.7690
10.6592 -2.3012 6.2567
12.8647 -2.4811 8.0069
11.1655 -3.3705 5.2631
8.6790 -3.4008 3.7669
5.1573 -1.5332 5.4341
7.1501 -3.0643 3.5507
7.3216 -1.8115 5.5255
12.5142 -3.0851 6.6075
11.3409 -2.7492 6.5955
7.0855 -2.7332 4.1695
9.1079 -2.9533 4.9014
13.8910 -1.4405 10.6617
10.3032 -3.0111 5.4772
12.0949 -3.0647 6.4057
7.4800 -3.2199 3.4329
10.4389 -1.1565 8.3628
8.7099 -3.3244 3.9362
12.9451 -2.7178 7.5842
10.7872 -3.3767 5.0323
11.9598 -3.3891 5.6849
7.3394 -2.9411 3.9043
9.2614 -3.2964 4.3101
9.3770 -3.4184 4.1352
6.5751 -2.5211 4.2952
9.0829 -3.3827 4.0360
3.3112 -1.1788 5.0702
8.1327 -0.3455 4.4393
10.3379 -3.2441 5.0355
8.9382 -2.8777 4.9532
12.0852 -2.4169 7.6838
11.6943 -2.9772 6.3479
10.5097 -2.3536 6.0645
7.3030 -3.1043 3.5598
9.2972 -3.3888 4.1477
10.4769 -3.2966 5.0118
5.5946 -2.5210 3.7291
8.9530 -2.2660 5.0984
5.5927 -1.8548 5.0482
-1.0578 0.1868 5.2530
8.5122 -3.3243 3.8221
8.6634 -0.0147 4.8983
8.2239 -0.0633 4.3935
8.4972 -3.3175 3.8270
8.2754 -3.2594 3.8141
9.8104 -3.2746 4.6704
11.7465 -2.6850 6.9569
7.0209 -2.8085 3.9830
8.5521 -2.5318 4.9887
8.7449 -3.0541 4.4921
11.8680 -1.9843 6.7465
10.6052 -2.0295 6.7730
11.2863 -3.3705 5.3328
10.2733 -3.0849 5.3137
2.9245 -1.5775 4.0567
7.6474 -3.0219 3.9220
7.9443 -3.0540 4.0299
11.9922 -3.1144 6.2480
12.3565 -1.7433 9.1756
11.0390 -2.9166 6.0894
9.3813 -3.0848 4.7987
12.1712 -3.2967 5.9901
8.5187 -1.2368 6.7287
0.6175 -0.2276 5.3995
9.2140 -3.2518 4.3712
5.6161 0.1865 9.1070
4.5497 -2.1968 3.7681
5.1149 -2.3243 3.8418
11.6387 -1.4877 9.2674
14.3865 -1.2891 11.2480
10.9683 -3.0331 5.8178
7.9720 -3.2818 3.5944
8.2555 -3.4183 3.4877
13.6959 -1.8191 9.7989
12.2512 -3.1333 6.3601
13.7002 -0.8688 11.6845
7.2364 -2.0209 4.6588
13.9870 -1.5782 10.4443
10.5289 -1.8119 7.1457
8.2963 -3.2517 3.8413
10.4733 -3.4010 4.8029
9.2285 -2.3958 5.2793
13.0992 -2.1133 8.8712
7.4647 -2.8086 4.2392
9.4509 -3.4126 4.1893
2.2697 -0.4929 5.8278
10.0474 -3.2893 4.7782
10.5629 -0.1315 11.3338
6.2370 -0.7992 7.5122
11.0584 -1.7149 7.6105
11.8488 -3.0331 6.3262
11.4372 -1.5780 8.9721
5.2046 -2.4382 3.6679
11.7829 -3.1783 6.0005
12.9393 -0.5746 11.8280
-0.3325 -0.3198 4.6680
7.3173 -2.0522 4.1459
11.4959 -3.2821 5.6289
10.5506 -3.1332 5.3782
3.8692 -1.6626 4.4337
14.1618 -1.7039 10.2962
10.2924 -2.9886 5.5156
13.8816 -1.1794 11.1738
11.9377 -3.0001 6.4430
10.7214 -3.3177 5.1112
9.4984 -1.4398 6.9213
11.1512 -3.0112 5.9668
10.2994 -3.2441 5.0133
8.4327 -3.2964 3.8316
3.8799 -1.8900 3.9892
14.1992 0.1863 14.0636
4.0675 -1.9578 3.9632
9.5039 -2.2556 5.4688
8.3345 -3.2517 3.8634
12.0537 -1.8552 8.7788
10.3519 -3.3037 4.9256
11.2918 -1.6631 8.7196
12.2007 -3.3382 5.9249
6.9454 -2.8907 3.7766
10.4071 -3.2672 5.0298
13.7698 -1.7039 10.0699
10.6875 -3.1782 5.3681
9.0454 -3.1514 4.4728
7.1775 -2.8085 4.0734
13.2994 -1.1216 10.9521
11.7731 -3.1606 6.0298
13.0736 -2.1420 8.7995
8.7221 -0.1726 4.6847
11.9502 -3.2967 5.8625
9.2383 -0.9467 7.7470
7.9553 -3.3311 3.4871
8.1182 -3.3105 3.6220
8.0884 -0.7273 8.7240
8.7826 -2.8370 4.9441
8.7200 -2.9164 4.7505
11.7745 -3.0850 6.1804
7.6214 -2.8086 4.3297
7.4550 -1.9317 5.1789
3.8565 -1.3911 4.9644
7.9555 -3.3378 3.4739
10.1856 -2.1833 6.0101
5.0639 -1.5776 5.2920
9.2347 0.5775 4.1257
7.5093 -3.2439 3.4023
10.8319 -3.3314 5.1479
10.4032 -3.2965 4.9693
6.2074 -2.5210 4.0829
8.2847 -2.4838 4.7965
8.3751 -3.3035 3.7843
5.3511 -2.3243 3.9782
11.8672 -3.1425 6.1201
8.6124 -2.9412 4.6393
11.0317 -3.2038 5.5162
13.2771 -1.9585 9.2808
6.1954 -2.6332 3.8537
9.9690 -1.7692 6.8108
8.2948 -0.0907 4.4352
10.8424 -3.1143 5.5841
9.3879 0.5846 4.0280
10.3829 -2.7176 6.1048
2.4380 -1.1210 4.6804
9.1344 -3.0110 4.8023
13.9101 -0.0306 13.4669
10.3033 -2.2198 6.1852
11.1908 -2.2014 6.7415
8.1612 -2.8908 4.4786
11.0193 -1.9995 7.0393
10.2599 -2.5280 5.9660
10.2567 -3.1331 5.2085
11.7135 -3.3768 5.5670
12.1577 -3.0950 6.3820
8.1727 -3.3105 3.6535
7.9723 -3.2963 3.5658
8.8668 -1.3554 6.6061
8.4132 -2.0509 5.4506
6.2977 -2.7641 3.6534
10.8524 -3.3512 5.1204
13.3387 -1.8906 9.4508
-0.4712 0.1867 5.5918
9.0119 0.5545 4.2678
7.6348 -2.1405 4.8185
11.6744 -3.2284 5.8385
12.0717 -1.3899 6.4470
14.0715 -1.8191 10.0158
11.5813 -2.2054 6.8805
11.1582 -3.4186 5.1635
7.7430 -2.2817 4.6964
9.5407 -2.7942 5.4667
12.1838 -3.1144 6.3586
8.1680 -3.0435 4.1798
12.7747 -2.7493 7.4234
11.9692 -3.3178 5.8316
8.5143 -1.5616 6.2681
8.8673 -1.6414 6.1326
12.1971 -3.3247 5.9496
10.3407 -3.1331 5.2570
9.7913 -2.3533 5.5747
9.1856 -3.4126 4.0361
12.9232 -2.6338 7.7381
7.3997 -2.0261 4.9101
11.2306 -1.2889 9.4257
12.0927 -3.1954 6.1454
7.5765 -2.8369 4.2477
10.5316 -3.1953 5.2441
11.4233 -0.9354 10.2375
12.0936 -2.6683 7.1906
10.0636 -3.3313 4.7043
9.5089 -3.4184 4.2113
11.4195 -3.3829 5.3850
7.6139 -1.5216 6.2078
7.4996 -2.9163 4.0458
6.6975 -1.3391 5.7947
1.0931 -0.7989 4.5419
8.2212 -3.2439 3.8134
9.0253 -2.3129 5.1071
11.6505 -3.0223 6.2332
12.1826 -3.0113 6.5623
6.6915 -2.7173 3.9735
6.6348 -1.2505 5.9421
7.0771 -2.7173 4.1962
11.9440 -2.3719 7.6916
2.4623 0.1866 7.2858
7.9892 -3.1044 3.9559
11.8430 -2.3359 6.9476
10.6163 -3.1424 5.3978
5.9129 -1.9905 4.9642
11.0375 -2.9771 5.9686
9.4206 -2.2770 5.3198
11.0227 -1.5209 7.7382
4.1777 -1.1211 5.6849
12.5473 0.0753 12.8896
9.9887 -2.3986 5.7248
13.6493 -1.7817 9.8460
7.9506 -3.2118 3.7208
9.2663 -3.2745 4.3563
8.6997 -3.3948 3.7907
11.9733 -2.8232 6.8141
11.7378 -2.2810 6.9107
9.8205 -3.3380 4.5507
8.4544 -3.3765 3.6854
11.4014 0.0754 12.2279
11.8443 -0.7994 10.7501
4.7584 -2.1414 3.9983
14.9683 -0.9999 12.1571
11.6424 -3.3513 5.5764
13.8473 -0.2281 13.0392
13.6443 -1.7434 9.9191
9.5417 -3.1693 4.7239
8.5033 -3.3035 3.8582
8.2808 -1.5634 6.1487
4.2926 -1.3911 5.2162
9.7992 -3.4127 4.3904
9.9802 -2.5740 5.8368
9.0198 -3.4126 3.9404
7.8366 -0.3202 9.3853
9.1093 -3.2819 4.2510
12.4883 -2.3005 8.1473
8.6244 -2.7793 4.9669
10.8107 -3.3107 5.1765
11.8324 -3.0223 6.3383
8.5978 -2.7793 4.9516
10.5462 -3.0542 5.5321
11.5942 -2.2750 6.6463
9.6452 -2.9413 5.2356
9.8017 -1.5726 7.1028
11.1395 -3.1238 5.7368
8.1594 -3.2744 3.7172
11.9454 -3.3247 5.8043
5.1980 -2.1415 4.2521
9.2889 -2.0147 5.6932
11.3836 -3.3381 5.4531
9.5183 -3.3511 4.3501
9.8152 -1.6097 7.0566
9.8503 -3.3828 4.4791
8.6019 -3.4183 3.6876
12.3891 -1.9910 8.7035
4.7037 -1.9904 4.2659
7.4604 -2.3171 4.2900
12.0272 -3.4070 5.6883
11.6985 -2.0838 8.1207
8.5955 -0.8686 8.7368
11.3789 -2.1110 6.9966
11.1413 -2.8646 6.2516
9.3389 -0.9996 8.9065
9.6844 -3.0111 5.1199
9.6208 -3.3766 4.3588
9.8791 -3.0542 5.1469
11.6210 -1.3411 9.5478
8.8660 -2.9998 4.6695
5.8036 -2.0834 4.7170
9.8058 -3.4184 4.3827
2.3964 -1.4398 4.0245
11.5385 -2.9535 6.3047
8.5784 -3.4008 3.7088
6.5321 -2.3244 4.6601
11.8149 -3.4011 5.5774
9.0412 -3.2745 4.2263
6.7000 -1.1993 5.9523
12.9719 -2.6684 7.6977
8.2767 -0.6191 4.6134
13.5116 -0.7275 11.8556
8.6703 -3.1951 4.1695
-0.1258 0.0757 5.5713
14.2214 -1.4879 10.7587
8.0303 -1.2878 6.5109
9.8485 -2.8909 5.4528
7.3832 -1.4397 6.2326
11.8228 -1.1215 10.0995
7.5103 -2.5688 4.3998
6.4340 -2.8228 3.6159
11.8519 -1.9655 6.7748
9.7908 -3.1515 4.9031
9.2430 -1.5481 6.9575
10.4704 -2.7335 6.1239
9.1384 -2.8777 5.0688
4.6852 -2.1414 3.9561
3.8745 -0.9993 5.7512
8.1712 -3.1866 3.8982
11.9516 -0.0305 12.3359
8.6495 -0.1722 4.6440
13.4848 -1.2890 10.7273
10.7748 -3.2120 5.3514
10.3297 -3.3577 4.8057
6.5710 -0.5363 5.4831
7.0826 -2.9531 3.7320
8.3537 -3.1044 4.1664
10.0879 -3.0330 5.3095
10.3799 -2.9166 5.7089
12.1276 -3.2443 6.0688
13.1980 -1.9584 9.2351
11.3642 -3.3951 5.3290
8.1584 -0.0130 4.4265
8.3337 -2.1787 5.1256
9.7268 -3.3176 4.5369
10.1963 -2.1599 6.3609
13.3947 -1.3412 10.5720
7.2553 -2.9651 3.8082
12.8863 -2.0537 8.8663
11.9712 -1.5523 6.5657
11.9376 -3.2895 5.8695
9.4489 0.5920 4.0076
10.9269 -3.4128 5.0414
10.3155 -1.9297 6.8205
9.9823 -3.0111 5.2919
4.1739 -1.4873 4.9571
9.2318 -3.1514 4.5804
10.9736 -0.2280 11.3797
10.2869 -2.9770 5.5353
11.2756 -3.2672 5.5312
4.5699 -1.8900 4.3876
10.9931 -3.3829 5.1389
9.0603 -2.9533 4.8739
10.6470 -3.0112 5.6756
8.0313 -0.4932 9.1549
7.8024 -1.6194 5.9708
11.9175 -3.2673 5.9018
10.1684 -2.8371 5.7442
6.1012 -2.5973 3.8704
9.9045 -3.3511 4.5731
8.1853 -3.3444 3.5935
8.5741 -3.1866 4.1308
10.2115 -3.0111 5.4242
14.2402 -1.2352 11.2704
7.4792 -3.1691 3.5331
10.2396 -2.4837 5.9245
5.1294 -2.0532 4.3875
8.4678 -3.3445 3.7566
10.5642 -2.7795 6.0869
11.9421 -2.3005 7.8320
7.3785 -1.8162 4.0820
10.8187 -2.6682 6.4545
8.4788 -2.8229 4.7964
7.5526 -3.2034 3.5075
8.0968 -2.1715 5.1876
11.1728 -2.3600 6.3883
10.6908 -3.3380 5.0532
7.4159 -1.3555 6.4626
11.1941 -1.7198 7.4642
5.8930 -1.8185 5.2935
8.9545 -1.6169 6.2961
10.5104 -2.8645 5.8874
6.9560 -1.5312 5.4856
11.4425 -1.9764 7.3421
10.4650 -3.3107 4.9769
9.2136 -3.2892 4.2968
12.3023 -1.5781 9.4716
5.2646 -0.6522 7.2418
12.6581 -2.0537 8.7345
8.0306 -3.1692 3.8514
11.0701 -2.2129 6.4247
7.4009 -2.2238 4.3373
11.7790 -3.3314 5.6947
10.9598 -2.0959 6.5906
10.7357 -0.6525 10.4011
7.9642 0.0755 10.2431
12.1055 -2.7796 6.9768
12.0713 -3.3247 5.8769
11.5569 -3.0850 6.0548
11.6303 -3.2748 5.7212
4.5249 -1.6207 4.8953
4.0556 -1.0613 5.7330
8.4110 -3.2517 3.9076
12.1176 0.0753 12.6415
4.7817 -1.9904 4.3110
12.5938 -2.5793 7.6558
8.6659 -3.2035 4.1502
11.5862 -2.9535 6.3322
3.1593 -1.4399 4.4651
7.4735 -3.0434 3.7789
13.1572 -2.1701 8.7922
4.1234 -1.8900 4.1298
12.2352 -2.9167 6.7801
11.6532 -1.1792 9.8871
11.9658 -3.4011 5.6646
7.8066 -3.2963 3.4701
10.6742 -2.3955 6.1130
9.9628 -3.1331 5.0388
4.7058 -0.4084 7.4023
4.8438 -0.6522 6.9988
12.4907 -2.7646 7.2291
11.9574 -1.5861 6.5899
8.5390 -3.1236 4.2354
11.3261 -2.8232 6.4404
8.1031 -0.4870 4.8136
8.1655 -0.4802 4.5038
7.9311 -2.7174 4.6892
8.4725 -3.4125 3.6244
9.9650 -3.2120 4.8838
9.3337 0.5821 4.0626
11.8819 -1.9909 8.4106
6.6364 -2.5211 4.3306
9.8832 -2.7942 5.6644
10.3768 -1.3736 7.7251
2.2208 -0.2276 6.3253
11.0788 -3.3767 5.2006
10.5132 -3.0222 5.5766
10.4341 -3.2441 5.0910
9.8127 -3.3949 4.4333
0.2321 0.0757 5.7780
10.5981 -3.0000 5.6696
9.3524 -3.3576 4.2415
13.3741 -1.2351 10.7703
9.3693 0.5723 3.8976
7.6575 -2.1776 4.8398
11.2093 -3.2121 5.6022
7.4083 -1.6557 4.0298
8.7035 -3.2745 4.0313
12.4900 -2.6337 7.4880
10.1224 -3.3380 4.7250
9.8177 -2.9770 5.2644
12.7062 -2.9536 6.9789
9.8388 -3.2036 4.8274
10.2616 -3.1781 5.1222
11.6264 -3.2821 5.7043
9.6016 -3.1867 4.7240
7.1674 -2.7332 4.2168
9.5327 -3.1237 4.8091
9.3239 -2.7334 5.4619
12.8553 -1.7038 9.5418
11.4962 -3.3642 5.4665
5.8433 -1.3912 6.1117
10.1492 -2.3452 5.9130
10.7939 -3.0748 5.6343
11.8652 -3.4011 5.6065
8.9918 -3.3703 4.0081
11.6453 -1.6631 8.9237
7.6916 -2.7642 4.4582
12.0806 -3.2748 5.9812
4.4615 -0.4930 7.0934
9.8763 -3.0221 5.2089
12.3375 -3.1517 6.3735
7.1514 -2.8085 4.0584
15.3845 -0.2282 13.9268
11.6149 -3.3038 5.6548
8.9032 -2.8508 4.9863
12.7909 -2.7337 7.4637
2.5095 -0.5742 5.8054
-1.6842 -0.0300 4.4617
11.3010 -0.3203 11.3859
10.1331 -3.0330 5.3356
2.9485 -1.1788 4.8608
8.7850 -2.7175 5.1823
7.3741 -2.0867 4.7218
11.1651 -2.8779 6.2389
11.1477 -0.8687 10.2106
10.5992 -1.6900 7.1862
8.5318 -2.9652 4.5452
11.1218 -3.0850 5.8036
11.3543 -3.3177 5.4766
8.3881 0.2359 4.5474
9.2958 -2.3037 5.2405
12.4864 -1.9584 8.8243
10.4262 -2.7644 6.0371
13.8324 0.1863 13.8517
8.1017 -0.1380 4.3510
12.6410 -3.0113 6.8269
7.6796 -3.3034 3.3827
8.3422 -1.6916 5.8941
9.8635 -3.1867 4.8753
10.7555 -3.1046 5.5530
15.0052 -0.6527 12.8665
8.6261 -3.2035 4.1273
8.3733 -0.1362 4.4195
10.5086 -3.1332 5.3540
12.2176 -2.7337 7.1326
10.2994 -2.9534 5.5893
11.4329 -2.9887 6.1741
7.6005 -2.7174 4.4984
11.5562 -2.9040 6.4132
8.4826 -3.3510 3.7522
2.0742 -0.8682 4.9712
11.2472 -1.9387 7.2286
9.4434 -1.9098 6.2270
9.6465 -2.2525 5.4637
11.3355 -2.1685 6.8266
5.6580 -2.1968 4.4081
11.6240 -3.2121 5.8417
10.7483 -3.0646 5.6282
7.8453 -3.3105 3.4644
10.6152 -3.3245 5.0363
12.3102 -0.2280 12.1515
9.6365 -2.7490 5.6115
10.2970 -3.3037 4.8939
10.0141 -2.8778 5.5744
8.2735 -3.4125 3.5095
6.9949 -2.8506 3.8845
6.8490 -1.3371 5.8500
4.9462 -2.3243 3.7444
10.8849 -3.1143 5.6087
11.2505 -3.0949 5.8582
6.5262 -2.7173 3.8781
11.5675 -2.7177 6.7888
10.2293 -2.2340 6.0889
7.4880 -2.0096 5.1987
10.0319 -3.1693 5.0069
11.1755 -3.0000 6.0029
4.2703 -1.0613 5.8569
10.6539 -3.3890 4.9309
10.3545 -3.2746 4.9846
7.8566 -2.5723 4.6073
11.0674 -3.2747 5.3962
11.6629 -2.9415 6.4005
5.4072 -1.3912 5.8598
9.3910 0.5944 4.0646
4.4654 -2.1414 3.8292
9.1455 -3.3379 4.1610
9.7383 -2.1091 6.2949
6.9326 -1.2652 6.4323
12.7193 -1.1216 10.6171
11.1606 -3.1238 5.7490
9.6490 -3.2119 4.7014
7.9205 -3.3444 3.4406
11.4890 -3.2038 5.7802
8.8011 -3.1780 4.2790
10.3748 -2.9039 5.7311
12.8024 -2.2502 8.4285
11.2064 -1.6212 8.7533
2.0646 -1.3405 4.0297
12.3837 -3.2039 6.2967
9.9110 -3.2820 4.7139
9.7578 -2.8371 5.5071
8.1814 -0.4257 4.4954
7.4060 -3.0945 3.6386
11.2217 -2.0776 6.7925
10.9043 -2.2678 6.4821
12.8724 -2.4388 8.0952
8.3366 -1.9216 5.4744
6.3712 -2.6678 3.8866
12.3309 -3.3178 6.0404
9.6500 -2.8909 5.3382
10.8103 -3.0330 5.7266
6.9644 -0.2278 9.0645
3.6867 -0.9350 5.7701
12.2700 -2.9040 6.8253
10.3995 -3.2893 4.9815
8.1291 -1.9479 5.4693
9.2100 -3.2745 4.3238
4.8715 -2.1968 3.9539
5.5318 -2.2751 4.1801
4.9744 -1.7428 4.9131
9.8998 -2.7794 5.7033
8.9082 -2.0569 5.2777
6.4638 -2.2752 4.7182
10.1344 -0.6525 10.0539
11.6728 -3.1144 6.0636
9.7777 -3.1142 4.9694
12.0482 -1.3375 6.4307
11.3370 -0.6525 10.7483
1.2692 -0.1311 5.9671
9.2760 -2.3488 5.2666
-0.7899 -0.3198 4.4039
8.6715 -3.4125 3.7393
9.0534 -1.5890 6.4560
14.2835 -0.6527 12.4498
12.1570 -3.3109 5.9538
13.0218 -2.4170 8.2246
11.6078 -3.2821 5.6935
10.1601 -3.1781 5.0636
11.6289 -1.5336 9.1709
8.5131 -3.2361 3.9975
8.9972 -3.1866 4.3751
8.1393 -3.1044 4.0426
0.4847 -0.4082 4.9648
12.8432 -2.5978 7.7631
14.5215 -1.0619 11.7763
10.1804 -3.1781 5.0753
8.3729 -3.3639 3.6633
11.4805 -2.7336 6.7071
11.7524 -3.2284 5.8836
9.7389 -2.8778 5.4155
8.5901 -1.6913 6.0350
8.7349 -3.1514 4.2935
6.2553 -2.7488 3.6592
6.7598 -2.8085 3.8323
11.6462 -3.3448 5.5916
12.2081 -3.2967 6.0113
8.9761 -3.1330 4.4692
8.0742 -1.3308 6.4590
9.3440 -3.4184 4.1161
5.7714 -2.4596 3.9529
10.2693 -3.3176 4.8502
8.9258 -1.5839 6.3424
9.9564 -3.1515 4.9987
10.6701 -1.4988 7.7452
11.4178 -3.1782 5.7897
8.1507 -0.5177 4.8507
11.1078 -2.9771 6.0093
8.1272 -1.1026 6.9459
12.1646 -2.8090 6.9528
10.3008 -0.5745 10.3045
8.0350 -0.0304 10.0742
9.8737 -3.2820 4.6923
8.8340 -2.8370 4.9737
-1.1904 -0.1310 4.5467
9.4403 -1.3197 7.0732
12.2667 -2.5793 7.4669
12.2089 -3.1783 6.2465
7.7669 -3.2818 3.4760
9.2238 0.5617 4.0718
12.0508 -3.0647 6.3802
14.8287 -1.1217 11.8352
11.8358 -2.3947 7.5840
8.7330 -2.6198 5.1476
8.6732 -3.0644 4.4301
11.8556 -3.4129 5.5777
8.5027 -1.1971 6.9307
9.9553 -2.8645 5.5669
13.3255 -1.9910 9.2442
10.1806 -3.4127 4.6106
9.9369 -2.1801 6.0555
10.6540 -3.2037 5.2981
9.8490 -2.3476 5.7459
9.9746 -1.4659 7.4803
5.6766 -2.4596 3.8981
12.1344 -3.2967 5.9688
6.1432 -2.4165 4.2530
7.4016 -3.1779 3.4709
9.3798 -1.9807 5.8764
8.1115 -3.1779 3.8808
11.2058 -3.1047 5.8131
8.0927 -3.3948 3.4402
6.1288 -0.5743 7.8953
12.1033 -3.2284 6.0862
14.4734 -0.5747 12.7139
7.7041 -3.0746 3.8504
10.2127 -3.0542 5.3395
8.3093 -1.7526 5.7583
9.7943 -2.9770 5.2509
9.7476 -3.1045 4.9711
15.3604 -0.4935 13.3871
9.5718 -3.3379 4.4071
13.9818 -0.4088 12.7588
9.0165 -2.1542 5.2498
7.0120 -2.8368 3.9217
7.2175 -1.9873 4.7962
12.2129 -2.6159 7.3633
9.9932 -0.0304 11.2050
7.1830 -0.3201 9.0079
9.8259 -3.4068 4.4173
9.2598 -2.2630 5.1916
9.7549 -3.0645 5.0546
0.6628 -0.7269 4.4361
9.8420 -3.2282 4.7806
12.5264 -3.0113 6.7608
9.5155 -2.6681 5.7021
12.1097 -3.1517 6.2420
9.8760 -3.3576 4.5438
10.5822 -3.2820 5.1014
7.7260 -3.0746 3.8630
10.7687 -3.3704 5.0340
6.8624 -2.9767 3.5581
10.8677 -3.3314 5.1686
12.5519 -1.6213 9.5302
3.7752 -0.8683 5.9534
12.2675 -3.2204 6.1970
13.0676 -2.6338 7.8215
9.3203 -3.2595 4.4174
8.0112 -3.0328 4.1105
9.9885 -2.7942 5.7252
9.9586 -3.3889 4.5295
2.7113 -0.7990 5.4764
11.5171 -3.0749 6.0518
9.9132 -3.1237 5.0288
14.3203 -1.4406 10.9096
10.3569 -1.6827 7.2725
8.5555 -3.2281 4.0378
9.2482 -1.6235 6.8365
9.6461 -2.7942 5.5275
10.0312 -3.1953 4.9552
11.6592 -3.2203 5.8458
11.9557 -2.8089 6.8322
11.1230 -2.2658 6.4305
4.8730 -2.2235 3.9019
7.5551 -2.2899 4.4351
8.5737 -0.1155 4.6054
7.4435 -2.8228 4.1987
10.6750 -3.3447 5.0309
4.9076 -0.7991 6.7446
11.7054 -3.1333 6.0449
10.8460 -1.8084 7.3098
8.6640 -1.6903 6.0713
12.2086 -3.2204 6.1630
12.1956 -2.6851 7.2162
12.1963 -2.9655 6.6609
11.9275 -3.3247 5.7939
5.9834 -2.5973 3.8024
12.2481 -3.3891 5.8514
11.0384 -2.9414 6.0399
8.2143 -2.0049 5.4423
8.5149 -3.0746 4.3185
7.2315 -1.4863 6.1202
12.1219 -2.6683 7.2070
0.4822 0.1867 6.1423
8.1892 -2.8643 4.5472
12.8603 -2.4170 8.1314
11.6725 -2.5466 6.8227
6.0672 -2.4383 4.1659
9.5639 -3.1331 4.8085
7.8554 -3.0540 3.9785
9.3405 -1.9328 5.9463
11.3390 -2.2114 6.5757
3.5451 -1.1211 5.3196
11.7768 -2.9536 6.4423
12.0909 -3.2203 6.0950
9.9733 -3.2893 4.7354
9.1912 -3.2745 4.3130
8.0391 -2.8086 4.5709
11.0478 -3.2966 5.3414
10.8385 -2.8645 6.0768
6.1468 -0.0303 8.9839
11.5623 -3.3705 5.4922
11.8362 -3.0543 6.2769
12.2122 -1.3411 9.8892
5.6253 -0.6522 7.4501
10.2469 -3.3889 4.6960
14.7496 -0.7276 12.5705
9.0253 -3.1236 4.5161
8.8711 -3.1330 4.4086
12.6885 -2.6683 7.5341
10.9016 -3.3108 5.2290
10.0467 -2.0165 6.2640
8.6882 -0.0305 4.6782
10.0636 -2.3594 5.9815
9.6327 -2.3556 5.4887
14.2726 -1.4406 10.8821
11.4493 -2.5314 6.6601
10.3221 -2.0606 6.5885
9.0096 -1.6804 6.2074
8.3597 -3.1603 4.0591
10.7346 -2.9886 5.7709
7.7818 -2.1357 5.1293
8.2324 -0.1896 4.4415
9.9421 -2.7176 5.8503
10.4285 -2.4184 6.0253
8.7340 -2.4398 5.0253
9.2633 -3.3888 4.1281
11.4974 -2.1419 6.8372
9.0403 -1.7997 6.0135
8.4567 -3.2818 3.8742
11.1158 -3.3513 5.2724
8.1904 -3.0435 4.1928
12.0943 -3.2597 6.0189
6.8534 -2.9650 3.5761
10.1900 -2.7176 5.9935
5.3122 -0.7991 6.9782
9.6292 -3.2119 4.6900
10.2857 -3.0221 5.4452
8.7242 -3.1330 4.3237
6.6805 -2.5407 4.3171
11.1024 -3.3037 5.3589
9.2957 -3.2819 4.3586
12.3473 -2.8090 7.0583
9.3911 -2.7175 5.5322
13.6178 -1.8553 9.6819
8.3818 -2.7941 4.7976
9.9813 -3.3949 4.5306
9.6251 -3.3379 4.4379
11.8611 -3.2121 5.9785
10.2645 -3.3380 4.8070
8.5765 -2.2449 5.1661
11.6441 -2.9292 6.4140
9.7925 -3.4068 4.3981
10.1501 -2.8509 5.7062
3.3783 -0.8683 5.7242
11.6930 -1.2350 9.7995
7.8784 -2.3586 4.7182
8.4942 -3.3243 3.8117
12.2480 -3.3109 6.0063
9.0883 -1.2540 7.4306
9.5202 -3.2362 4.5790
11.4059 -2.7015 6.7276
10.9762 -0.6525 10.5400
9.0555 -0.4086 9.9141
10.5370 -2.2387 6.2798
4.4481 -1.8900 4.3173
9.7342 -3.1781 4.8177
8.9317 -3.4183 3.8781
12.3326 -1.2890 10.0620
0.8920 -0.4929 5.0323
9.3922 -1.3214 7.0717
10.1746 -2.5360 5.9346
9.0538 -3.1141 4.5515
9.3988 0.5669 3.9486
8.5247 -0.1132 4.4937
13.2011 -0.6526 11.8247
4.6195 -1.2885 5.6083
8.9228 -2.9037 4.8927
8.6586 -3.4067 3.7434
5.2004 -0.7271 7.0564
8.8919 -1.9388 5.7125
10.1802 -2.9534 5.5205
10.4582 -3.3704 4.8547
8.9463 -3.2518 4.2167
8.3525 -3.0220 4.3290
7.5507 -3.0746 3.7618
5.2616 -2.2235 4.1263
7.2141 -0.1313 9.4000
11.0972 -3.1238 5.7124
0.6229 -0.0301 5.7940
7.9859 -2.6847 4.7856
9.7314 -1.3852 7.5106
8.3979 -0.0641 4.4062
10.2907 -3.3512 4.7960
9.8849 -3.3313 4.6012
7.7183 -1.4651 6.1704
10.0891 -3.3828 4.6170
9.4648 -2.3960 5.4162
10.9432 -2.9654 5.9374
11.4042 -2.0637 6.9670
7.5605 -2.0367 5.1933
7.9590 -2.7333 4.6739
12.0967 -0.7274 11.0386
8.7066 -0.0622 4.8632
8.3021 -3.2281 3.8915
7.3027 -1.7575 5.4463
11.1135 -3.1782 5.6140
8.2257 -1.8161 5.6282
11.0873 -3.2596 5.4375
9.9726 -2.8909 5.5244
9.4351 -3.2745 4.4538
1.6947 -1.0612 4.3697
11.9906 -2.8373 6.7963
9.7956 -3.3313 4.5496
9.0036 -3.2964 4.1612
11.5112 -2.8911 6.4127
4.2550 -2.0531 3.8826
11.4957 -3.2363 5.7196
8.1803 -1.7286 5.7781
11.5580 0.1864 12.5383
9.0333 -3.0848 4.5978
10.7844 -2.8372 6.0998
8.3940 -3.4008 3.6024
9.5735 -2.1629 5.5966
11.6216 -2.7944 6.6681
2.9686 -1.4399 4.3549
11.5220 -2.4451 6.6470
8.1244 -2.1855 5.2496
8.9141 -3.0329 4.6318
8.3282 -0.6192 4.6421
8.5486 -0.1821 4.6522
3.3471 -0.7990 5.8435
11.5190 -2.1234 7.0037
9.5727 -3.3244 4.4343
7.0149 -1.7706 5.1143
5.6465 -0.8684 7.0340
10.3622 -0.5745 10.3399
8.9130 -2.3959 5.0973
6.3088 -2.4596 4.2631
12.0079 -2.8089 6.8623
12.2698 -3.1783 6.2816
11.4189 -2.4883 6.6157
9.5836 -3.4126 4.2659
9.0202 -2.9769 4.8040
7.5441 -3.0540 3.7988
5.6570 -1.9245 4.9472
8.9648 -3.2281 4.2741
8.5706 0.0961 4.5780
8.5577 -3.1780 4.1384
11.5693 -3.0543 6.1228
10.9681 -3.0222 5.8392
9.2907 -3.1952 4.5277
12.2595 -1.8553 8.8976
8.4203 -2.9412 4.5283
7.1135 -2.9650 3.7263
10.6291 -2.1396 6.5437
12.5047 -2.5412 7.6799
7.3719 -3.1140 3.5804
11.8680 -1.8948 6.7465
13.8609 -1.7818 9.9681
12.2394 -2.9415 6.7334
12.5762 -2.2241 8.3496
9.7780 -2.6205 5.7522
8.8430 -3.2892 4.0828
3.5567 -1.8184 3.9445
12.7753 -2.3249 8.2648
8.1318 -3.1779 3.8925
10.5687 -3.1868 5.2824
11.9352 -3.2443 5.9577
11.3304 -0.7274 10.5961
7.2979 -2.0498 4.2232
8.3306 -3.3887 3.5896
9.7982 -2.3107 5.7850
8.4609 -2.9652 4.5042
7.6246 -2.7012 4.5444
7.2732 -2.9532 3.8421
7.0279 -2.9036 3.7987
9.9972 -2.7644 5.7894
10.4508 -2.8371 5.9072
10.8235 -3.3890 5.0289
11.4512 -3.2520 5.6628
12.4524 -3.1783 6.3870
11.9838 -3.0001 6.4697
-0.5072 -0.1310 4.9413
10.4692 -3.2363 5.1269
-0.5553 0.0758 5.3233
13.3806 -2.0537 9.1517
8.6642 -2.2970 4.9340
10.2229 -2.0296 6.5528
6.0243 -2.4596 4.0989
10.0452 -1.5420 7.3653
12.3210 -3.1048 6.4569
6.9190 -1.6645 5.1652
9.2567 -3.3175 4.2655
12.5358 -2.5015 7.7765
8.0416 -3.4066 3.3872
10.8021 -3.3641 5.0658
13.5865 -2.1421 9.0956
9.4584 -1.3329 7.2888
3.9236 -1.9904 3.8155
15.0871 -0.5747 13.0683
11.3725 -3.3705 5.3826
9.3034 0.5655 3.9339
10.1064 -1.8123 6.9042
9.9686 -1.6518 7.1342
10.3968 -1.9461 6.7704
4.0021 -0.8683 6.0844
9.4552 -3.0111 4.9876
8.0535 -3.1044 3.9931
4.0758 0.1866 8.2176
7.5744 -2.1566 4.9562
8.0249 -3.4066 3.3776
13.7658 -0.9998 11.4627
8.1321 -0.4257 4.4665
5.7560 -2.3243 4.2120
7.4559 -2.1500 4.7465
11.3613 -2.1586 6.8106
7.2603 -1.7165 5.4291
11.7014 -3.3951 5.5238
9.7960 -1.7272 6.7022
8.2181 -2.8369 4.6181
14.2285 -1.3917 10.9534
14.7324 -0.1316 13.7416
9.8218 -3.2671 4.6918
12.0213 -1.6643 6.6014
8.4718 -0.3928 5.0155
10.9851 -1.6076 7.7149
2.6661 0.0757 7.1835
8.0630 -2.8643 4.4743
11.6563 -1.9583 8.3449
10.5497 -2.3314 6.1894
7.4951 -1.5617 6.0729
9.9419 -1.6240 7.2410
8.8131 -2.8777 4.8810
8.5063 -3.2964 3.8741
7.4731 -3.2034 3.4616
5.1289 -1.0613 6.3527
5.7898 -0.7271 7.3967
9.3762 -2.7013 5.5557
11.5046 -3.4186 5.3635
12.2321 -3.3578 5.9041
6.3022 -2.6846 3.8135
15.2712 -0.5747 13.1746
9.6301 -3.3703 4.3766
10.8372 -3.2363 5.3394
12.0160 -1.5380 6.5139
11.1412 -1.9916 6.9353
7.8425 -3.1329 3.8147
9.7628 -3.1867 4.8171
12.2250 -3.3642 5.8873
11.3460 -3.3447 5.4183
6.6489 -1.4039 5.9874
2.8598 -1.1210 4.9239
9.1884 -2.8777 5.0977
6.9476 -2.6846 4.1862
10.8190 -3.2442 5.3133
9.0393 -2.8370 5.0922
9.9341 -2.7491 5.7833
10.8743 -2.9886 5.8515
11.4118 -3.3578 5.4305
3.3191 -0.1312 7.1508
8.9711 -3.2201 4.2938
10.9917 -3.1694 5.5611
8.5949 -3.3378 3.8431
8.1546 -2.1264 5.3117
1.8158 -0.1311 6.2827
10.6317 -3.1953 5.3018
9.4692 -3.1237 4.7725
6.0419 -2.0532 4.9144
10.7097 -3.4069 4.9276
11.6106 -3.3768 5.5076
13.9456 -1.7818 10.0170
10.5299 -3.3767 4.8837
8.6933 -1.2445 6.9956
8.7551 -3.2517 4.1063
1.4059 -0.1311 6.0460
7.7375 -3.1329 3.7541
7.6723 -3.1235 3.7350
9.4191 -1.4407 6.8849
9.1303 -2.0727 5.4582
7.3016 -3.1421 3.4840
6.9288 -1.4542 5.5962
10.5225 -3.3177 4.9963
9.9535 -3.4009 4.5027
7.3932 -3.1140 3.5927
7.2673 -1.7294 5.5158
6.3421 -2.8085 3.5911
7.1936 -1.6863 5.4725
11.4514 -3.0749 6.0139
8.1678 -3.2118 3.8462
4.3795 -1.3406 5.3664
6.9396 -2.9531 3.6495
5.9179 -2.6678 3.6249
8.5515 0.5272 4.4506
7.6677 -2.9036 4.1681
6.7115 -2.8775 3.6676
10.4081 -3.0948 5.3719
9.1522 -1.4421 7.2824
13.1376 -2.5979 7.9331
11.2948 -2.1560 6.6643
10.7396 -3.1332 5.4873
6.4049 -2.7641 3.7153
8.9741 -3.3511 4.0359
11.8591 -2.4169 7.5533
9.7571 -2.9885 5.2065
9.5979 -2.1652 5.6176
4.5535 -2.0222 4.1163
12.0088 -2.6159 7.2454
13.5436 -0.4934 12.3379
4.5867 -0.4930 7.1658
12.1131 -2.9167 6.7096
9.8081 -3.0221 5.1695
12.0083 -2.7177 7.0433
10.5814 -2.0460 6.6834
4.2810 -1.3406 5.3095
9.6630 -2.2119 5.6986
11.5710 -2.1434 6.9891
11.4246 -2.1416 6.8988
11.4492 -3.2038 5.7572
11.3512 -3.3829 5.3457
8.0295 -0.7273 8.6900
6.1742 0.0755 9.2094
9.2239 -0.0304 10.7608
12.3207 -1.0617 10.5054
9.8075 -3.1237 4.9678
11.3022 -3.1516 5.7758
7.8564 -2.1063 5.1987
11.5448 -0.8687 10.4399
11.7608 -2.6511 7.0324
8.9158 0.5758 4.2810
11.4733 -3.0749 6.0265
6.4973 -0.9994 7.2657
13.2622 -0.3204 12.5184
9.2174 -1.9700 5.7412
9.2564 -3.0541 4.7874
9.1702 -3.3312 4.1885
12.3964 -2.9536 6.8000
9.2753 -3.0329 4.8403
10.2040 -2.9534 5.5343
7.9863 -2.7333 4.6896
8.8874 -3.0747 4.5335
4.8869 -1.7033 4.9408
7.7204 -3.1513 3.7078
12.4302 -3.1426 6.4451
7.7782 -1.8951 5.5684
11.5966 -3.3038 5.6442
