ply
format ascii 1.0
element vertex 10000
property float x
property float y
property float z
end_header
9.0456 -1.7592 5.8066
11.4267 -3.3178 5.5184
5.7094 -1.3407 6.1343
9.8662 -2.6849 5.8713
9.1224 -1.8750 5.5788
9.2255 -3.4068 4.0707
11.0445 -3.3767 5.1808
10.8528 -3.2037 5.4129
9.8428 -2.3540 5.6062
8.6919 -3.4067 3.7627
3.2808 -0.6521 6.0963
5.6964 -2.3000 4.2258
7.4120 -2.8776 4.0720
8.3022 -3.1422 4.0618
7.9124 -2.8776 4.3609
9.3498 -3.4009 4.1542
8.1862 -3.0746 4.1287
10.7572 -3.1143 5.5349
7.5332 -2.8642 4.1684
12.9100 -2.7493 7.5015
9.6740 -2.2508 5.4754
9.2589 -3.4068 4.0900
10.2434 -1.8941 6.3056
8.2769 -3.3311 3.6727
9.3638 -0.0304 10.8415
9.1147 -3.0645 4.6850
8.3084 -3.4067 3.5412
11.3165 -2.9887 6.1069
9.0383 -3.3575 4.0601
7.7191 -3.2360 3.5391
7.7471 -2.1564 4.8237
9.9291 0.3717 4.9994
11.2817 -2.3809 6.5017
9.3554 -3.0436 4.8654
12.6079 -1.8906 9.0288
12.6960 -2.5978 7.6781
5.5162 -2.0222 4.6721
13.1099 -0.9998 11.0840
10.1499 -3.3950 4.6280
12.1023 -2.5015 7.5262
6.6693 -1.5831 5.3838
11.9190 -3.2895 5.8588
7.4767 -2.4348 4.3604
10.4154 -2.0089 6.4484
11.9599 -1.9909 8.4557
6.8945 -2.9883 3.5538
8.6599 -3.3175 3.9210
6.7967 -2.9531 3.5670
8.6284 -3.2745 3.9880
10.9849 -1.4838 7.7785
8.8628 -2.9652 4.7363
6.0898 -0.4931 8.0337
11.7187 -3.0223 6.2726
-0.0972 -0.1311 5.1780
11.5638 -2.2007 6.7636
12.9400 -2.1700 8.6668
11.0202 -1.8133 7.2265
11.1382 -3.3108 5.3656
1.5467 -0.7269 4.9465
13.7614 -0.9355 11.5876
10.2934 0.9957 4.5478
10.5665 -3.3380 4.9814
8.9201 -3.3312 4.0441
8.6422 -2.0081 5.0672
6.1200 -2.7487 3.5812
9.5709 -2.9885 5.0990
12.2871 -3.2204 6.2083
8.7923 -3.2819 4.0680
9.3424 -0.9997 7.6115
10.0685 -2.9653 5.4324
10.0483 -2.8509 5.6474
11.5112 -2.2947 6.5714
8.9030 -2.9769 4.7362
9.5425 -2.4847 5.5245
8.6033 -2.6848 5.1421
11.6327 -2.7645 6.7337
9.3605 -3.4184 4.1256
12.7966 -2.8511 7.2342
8.4427 -3.0946 4.2371
8.6677 -1.2812 6.7584
5.1623 -1.4400 5.6216
10.2159 0.9680 4.6258
11.5164 -3.1332 5.9358
11.2883 -2.4758 6.5831
8.0103 -3.1513 3.8751
9.6343 -2.9290 5.2536
3.1233 -1.1210 5.0761
11.0561 -3.0949 5.7460
11.5269 -2.6682 6.8634
11.6775 -3.3513 5.5967
13.9310 -1.0618 11.4353
7.6492 -2.6847 4.5912
12.2058 -2.9536 6.6900
9.5812 -2.0628 5.5826
9.2506 -3.2892 4.3182
5.7573 -1.8548 5.1432
10.8431 -3.4069 5.0047
1.6998 -0.4083 5.6665
11.5655 -2.8779 6.4701
9.1126 -3.3703 4.0778
9.1276 -3.3888 4.0497
12.2370 -2.5793 7.4498
9.7792 -3.2036 4.7930
10.8105 -3.1868 5.4220
6.9607 -2.8368 3.8921
11.1728 -3.0222 5.9574
12.2702 -2.4810 7.6637
11.7165 -2.0227 8.2522
7.8123 -3.2118 3.6410
9.1321 -2.0108 5.2550
12.5460 -2.7016 7.3858
9.1588 -3.0645 4.7105
7.9711 -0.7993 8.5136
9.5255 -2.9165 5.2156
13.0218 -2.4170 8.2246
14.6288 -1.0619 11.8383
10.4587 -3.2120 5.1689
8.5496 -3.3575 3.7780
11.2485 -2.8232 6.3956
8.4171 -1.6933 5.7013
7.4641 -1.4916 3.9320
12.0248 -3.2520 5.9940
9.1808 -1.2362 7.0975
10.0385 0.3758 5.1659
9.3330 -3.4009 4.1445
11.6240 -3.2121 5.8417
12.9895 -2.4170 8.2059
9.3498 -3.2671 4.4193
8.1364 -3.3105 3.6325
12.4632 -3.2039 6.3427
6.3772 -2.5407 4.1420
9.1838 -2.9165 5.0183
7.9046 -0.8980 6.7369
10.8550 -2.3332 6.2900
11.1261 -3.2520 5.4751
11.7736 -2.0838 8.1641
11.8307 -2.6851 7.0055
7.7764 -3.1140 3.8139
11.6755 -3.0647 6.1635
9.1375 -3.2518 4.3270
10.1550 -3.1046 5.2064
1.2381 -0.9349 4.3562
15.0503 -0.2281 13.7339
9.2658 -3.0436 4.8137
9.8209 -0.7993 9.5817
5.7937 -2.1128 4.6530
3.7271 -0.7270 6.2056
8.7595 -3.3035 4.0062
12.0497 -3.2673 5.9781
8.8375 -3.0847 4.4847
8.1125 -2.8776 4.4765
11.2246 -3.2363 5.5630
8.5003 -2.9884 4.4809
9.8668 -2.8088 5.6261
8.9805 -1.7955 5.5984
8.6833 -3.0435 4.4773
13.3921 0.1863 13.5975
8.5368 -3.0746 4.3311
7.2209 -2.6679 4.3773
11.8280 -2.1419 8.0803
11.1056 -3.2672 5.4331
10.5234 -1.9172 6.8836
8.0833 -3.2891 3.6442
9.3508 -3.1952 4.5623
8.5264 -3.0435 4.3868
10.4158 -2.7335 6.0923
3.6925 -1.6626 4.3317
8.8489 -3.3765 3.9132
5.0469 -2.3481 3.7554
9.6382 -3.2201 4.6789
10.9640 -2.8372 6.2035
11.7564 -3.3642 5.6168
12.4163 -3.2443 6.2355
6.3016 -2.1969 4.7797
11.7022 -3.3108 5.6912
7.1300 -1.7069 5.2927
7.8634 -0.9995 8.0545
10.8697 -1.5314 7.7449
6.5893 -2.8228 3.7055
7.7805 -2.9997 4.0428
9.1689 -2.9038 5.0348
6.0034 -2.3714 4.2615
10.3885 -3.3037 4.9467
10.8714 -1.0617 9.6686
9.9252 -3.0848 5.1128
9.0414 -2.7490 5.2679
11.8742 -3.0647 6.2782
9.6365 -2.9038 5.3048
-0.1173 -0.2275 4.9752
8.0592 -1.9061 5.0954
9.9858 -3.3036 4.7142
10.0346 -2.5743 5.8687
8.5934 -2.9884 4.5347
4.1889 -0.0302 7.8532
5.3411 -1.8901 4.8329
9.7502 -1.7690 6.2638
10.5166 -0.3203 10.9329
12.0676 -2.8373 6.8407
7.7669 -3.2818 3.4760
10.7606 -3.1332 5.4994
13.8106 -1.6632 10.1740
11.8220 -1.6631 9.0258
7.6571 -3.2891 3.3981
6.8478 -1.3854 5.8508
10.7668 -1.7154 7.4456
8.6167 -2.9884 4.5481
11.5408 -3.0112 6.1917
8.7114 -3.2281 4.1278
9.3771 -2.8909 5.1806
10.0325 0.2082 5.1794
11.5422 -2.4283 6.6197
2.0679 -1.1787 4.3523
10.0118 0.2320 5.1644
7.8042 -3.2818 3.4975
10.3068 -2.1976 5.7783
7.5560 -1.8162 5.4539
9.0402 -1.7094 6.1580
3.5884 -0.3200 6.9322
8.8559 -2.6848 5.2879
3.0611 -1.5775 4.1356
11.9184 -2.2756 7.8677
9.4367 -3.3036 4.3972
8.4651 -3.3510 3.7420
7.5040 -2.7642 4.3499
12.0931 -2.9772 6.5781
10.2238 -3.3036 4.8516
11.2393 -3.2597 5.5253
6.2541 -2.0834 4.9771
10.2094 -3.4068 4.6388
11.5187 -1.8552 8.4699
6.6577 -0.1519 5.3466
8.7267 -2.9533 4.6813
3.0361 -1.0612 5.1442
8.5290 -2.9037 4.6654
11.5900 -3.3829 5.4835
9.9394 -3.2282 4.8368
12.3745 -2.6337 7.4213
10.5755 -2.1458 6.2184
9.6742 -3.3640 4.4146
12.6457 -2.4810 7.8805
11.6200 -3.4186 5.4302
9.3767 -3.1514 4.6640
9.9283 -2.8231 5.6333
10.3748 -3.1605 5.2225
11.8616 -0.1315 12.0838
0.9966 -0.6520 4.7773
5.1893 -0.9351 6.6378
11.4295 -3.0749 6.0012
11.7354 -1.9583 8.3906
9.1617 -2.0705 5.3652
8.1345 -3.1513 3.9468
8.8535 -3.2745 4.1180
11.2910 -3.0000 6.0696
11.6563 -1.9583 8.3449
7.3327 -1.0516 6.5429
8.2759 -2.5349 4.8360
8.1114 -3.3764 3.4874
11.5192 -3.1782 5.8483
8.4798 -2.9037 4.6370
9.7568 -3.3446 4.5008
5.9044 -2.3714 4.2044
5.2876 -0.3201 7.9134
13.6680 -1.9250 9.5728
3.7178 -1.6207 4.4293
10.3076 -2.1379 5.7752
9.0277 -1.9379 5.3810
9.1987 -3.1867 4.4914
7.5512 -1.2798 3.7792
6.3761 -2.2497 4.7181
8.4332 -1.3840 6.1648
8.4644 -2.2273 4.8753
9.5540 -2.0741 5.5047
11.7866 -3.3705 5.6216
2.0192 -0.4929 5.6831
7.6080 -3.2516 3.4439
2.3010 -0.0302 6.7630
10.6098 -3.2519 5.1771
9.4869 -1.9334 5.7542
11.0685 -2.7943 6.3487
7.9343 -3.2744 3.5873
7.6426 -3.1691 3.6274
10.0593 -2.7795 5.7954
13.4479 -1.0618 11.1563
8.3776 -3.2361 3.9193
8.0772 -3.0644 4.0860
7.4591 -3.0643 3.7292
11.5705 -3.2821 5.6720
8.2631 -3.2281 3.8690
8.3101 -2.8908 4.5646
12.0549 -3.1425 6.2284
12.2675 -3.2204 6.1970
10.3836 -2.7943 5.9533
1.6344 -0.9992 4.4577
2.7406 -0.9350 5.2238
9.2258 -2.7175 5.4368
10.1287 -3.2202 4.9621
11.5873 -2.3801 6.6037
9.8232 -0.4086 10.3574
11.2250 -3.3314 5.3749
3.5727 -1.0613 5.4541
6.7488 -2.5973 4.2444
11.1584 -3.1425 5.7108
10.2446 -1.9911 6.1590
9.4851 -2.0207 5.8282
9.3350 -3.2964 4.3526
8.2428 -2.0457 4.9646
7.0835 -1.8297 5.0399
11.2420 -3.4128 5.2234
11.0945 -3.1606 5.6380
9.8178 -3.2820 4.6601
9.6036 0.1020 4.9181
12.1708 -3.1048 6.3702
7.0906 -3.0745 3.4961
11.1377 -1.6174 7.8792
12.1898 -2.6512 7.2801
10.5168 -3.0330 5.5572
13.6230 -1.8907 9.6149
8.4577 -3.1141 4.2073
12.0327 -3.1954 6.1107
10.3961 -3.3828 4.7942
12.1188 -3.3830 5.7888
12.5224 -2.3005 8.1670
10.2389 -2.8231 5.8127
4.8023 -2.2235 3.8611
10.1782 -3.0330 5.3617
12.8022 -2.3720 8.1871
7.8434 -0.4932 9.0464
11.9142 -1.7816 8.8441
12.2763 -3.2673 6.1090
9.0982 -2.3646 5.2021
9.4052 -3.2518 4.4816
6.0798 -0.9351 7.1520
10.0229 -3.2820 4.7785
10.5939 -2.4007 6.0788
9.0325 -3.1141 4.5392
12.7273 -0.9998 10.8631
7.3233 -2.1238 4.4748
9.9628 -3.1331 5.0388
12.1543 -3.2364 6.0998
10.0806 -3.1515 5.0705
11.4145 -2.7796 6.5779
9.3162 -3.4009 4.1348
7.1309 -3.0327 3.6023
11.9746 -3.2895 5.8909
9.1537 -3.2745 4.2913
11.1449 -2.8232 6.3358
7.6144 -2.3498 4.3840
13.1886 -2.5794 7.9992
10.0288 -2.9770 5.3863
8.8412 -2.8230 5.0057
6.6238 -2.7011 3.9665
12.2276 -2.3947 7.8102
9.5787 -2.1626 5.7941
10.3178 -3.1694 5.1720
7.0662 -2.9650 3.6990
11.2826 -0.5746 10.8714
6.4638 -2.2752 4.7182
12.2876 -2.8511 6.9404
11.0272 -3.3829 5.1586
9.6254 -1.7859 6.2794
9.6774 -3.2201 4.7016
11.6603 -1.7816 8.6975
7.4309 -2.2758 4.3261
9.7059 -3.2820 4.5955
6.0930 -2.7487 3.5655
5.2868 -2.3000 3.9893
8.4110 -3.2517 3.9076
8.5872 -2.3122 4.8525
5.9338 -1.0614 6.8175
9.7335 -1.4376 7.0328
10.0321 0.2048 5.0622
6.0435 -1.9579 5.1041
9.1983 -2.7175 5.4209
5.3037 -2.4164 3.7683
10.5521 -2.1981 6.1724
11.2562 -3.3513 5.3535
11.8967 -3.2443 5.9355
12.0121 -1.9584 8.5504
5.0515 -2.1414 4.1675
12.4786 -2.8647 7.0238
7.7136 -3.2117 3.5840
10.1206 -3.2362 4.9256
10.9039 -2.2080 6.4971
13.4166 -0.8688 11.5207
10.7074 -2.8372 6.0553
13.6513 -2.0839 9.2482
8.9474 -3.1141 4.4900
7.8316 -2.5267 4.5614
12.1498 -2.4170 7.7211
9.8447 -2.8509 5.5299
11.3952 -1.8552 8.3986
12.3896 -3.2673 6.1744
5.6854 -0.6523 7.4848
11.1738 -2.7943 6.4096
8.7751 -2.9037 4.8075
8.9312 -1.4470 6.6729
8.4336 -0.7993 8.7806
7.4990 -0.7272 8.3837
7.6486 -3.1140 3.7402
10.4430 0.9909 4.4110
-0.3325 -0.3198 4.6680
10.5999 -1.2947 8.1179
10.2639 0.8896 4.8093
4.3164 -0.7271 6.5459
10.8422 -3.4010 5.0159
10.2182 0.0421 5.2475
14.3068 -1.0618 11.6523
10.1642 -2.8778 5.6611
11.9506 -3.1425 6.1682
6.0511 -2.6332 3.7703
7.8123 -3.0644 3.9331
5.6011 -1.1212 6.5069
7.7914 -2.7012 4.6407
9.0589 -2.9885 4.8034
7.4230 -1.5688 3.8836
13.9855 -1.2352 11.1233
7.3163 -2.7642 4.2415
9.9437 -2.6197 5.8461
10.0577 -2.8231 5.7081
9.4901 -3.0848 4.8615
11.5808 -2.9040 6.4274
5.3077 -0.0303 8.4993
6.5947 -1.2503 5.9148
7.1877 -1.3331 5.9825
4.1044 -0.5742 6.7263
10.8925 -2.9166 6.0048
10.9746 -3.3177 5.2573
11.0276 -3.3641 5.1960
9.4918 -1.7058 6.3968
1.7475 -0.1311 6.2432
6.4731 -2.8368 3.6106
5.5574 -2.1695 4.4042
9.2475 -3.2745 4.3455
8.4752 -3.4067 3.6375
10.9088 -3.3950 5.0661
10.4584 -3.2965 5.0012
7.2598 -1.9929 4.8432
7.2099 -1.3744 5.9100
8.1289 -2.9769 4.2893
8.1456 -3.0435 4.1669
10.1513 -0.0048 5.2165
12.1529 -3.3830 5.8085
9.5343 -1.9281 6.0387
9.7492 -2.7176 5.7390
7.9906 -3.2818 3.6051
14.8675 -0.7276 12.6386
7.9899 -3.1951 3.7766
11.0396 -0.3203 11.2349
8.4862 -2.3993 4.8591
10.6769 -3.3512 5.0190
11.5288 -3.3314 5.5503
8.2535 -3.1779 3.9628
8.8322 -1.9576 5.2223
7.6625 -2.9883 3.9972
8.5548 -3.3105 3.8740
5.1633 -2.1127 4.2890
6.6130 -2.6507 4.0602
6.6827 -2.6678 4.0665
13.9832 -0.7275 12.1279
5.6317 -2.0222 4.7388
8.9615 -3.3244 4.0815
9.1209 -3.2892 4.2433
6.5309 -0.5363 5.4599
11.7879 -2.3359 6.9158
12.1494 -3.1048 6.3579
8.3598 -2.4868 4.8466
10.0796 0.2787 5.1960
13.2313 -2.3720 8.4348
12.8573 -1.9910 8.9738
10.4031 -2.2370 5.8602
8.8064 -2.8908 4.8511
12.2556 -3.3038 6.0247
8.7153 -2.9769 4.6279
9.7446 -1.2858 7.4637
9.1474 -2.1211 5.0587
13.0710 -2.2241 8.6353
10.2264 -2.8509 5.7503
8.7169 -1.4361 6.4308
7.8538 -2.7793 4.5220
4.8579 -1.9579 4.4195
8.0557 -0.8972 6.8711
10.1590 0.8866 4.6977
7.9524 -3.2593 3.6276
10.7457 -2.7491 6.2519
9.2885 -2.8777 5.1554
6.4110 -2.2497 4.7382
4.1401 -1.1788 5.5488
8.0119 -1.6865 5.6708
11.8556 -2.0908 6.7910
13.4347 -1.2890 10.6984
12.3852 -3.2204 6.2649
9.1779 -3.3576 4.1407
4.4352 -1.6207 4.8435
11.1245 -3.0543 5.8660
11.6840 -2.7015 6.8882
9.4626 -2.5735 5.5369
11.9141 -3.3830 5.6706
12.3073 -3.3382 5.9864
10.7669 -3.0437 5.6804
6.5981 -2.8906 3.5761
9.6232 -2.9165 5.2720
11.3043 -3.1425 5.7950
3.8242 -0.2277 7.2512
10.3925 -3.3446 4.8678
8.9072 -2.5296 5.1887
10.4826 -3.0000 5.6029
10.2595 -0.0054 5.2772
13.0198 -2.5979 7.8651
10.9585 -3.3704 5.1435
8.5086 -2.8908 4.6792
10.0505 -3.3576 4.6445
9.1283 -2.1036 5.0800
8.7730 -2.2200 4.9525
10.5126 -3.0849 5.4519
10.2907 -3.3512 4.7960
12.4087 -2.7337 7.2430
14.9219 -0.4935 13.1338
10.7884 -3.3829 5.0207
7.4902 -1.5083 3.8861
9.7540 -0.3531 5.2122
9.2585 -2.1588 5.1472
7.3507 -2.5246 4.2792
8.9921 -3.4067 3.9360
8.0593 -2.4895 4.6793
5.9460 -2.2751 4.4193
6.1790 -2.0834 4.9338
7.3649 -2.9997 3.8028
5.3458 -1.8548 4.9056
10.0885 -3.3176 4.7458
-0.8378 0.1868 5.3801
13.4038 -1.8190 9.6302
6.7986 -1.1570 6.2869
12.6884 -2.9041 7.0669
10.9599 -3.4069 5.0721
11.9240 -1.6212 9.1676
11.8992 -1.8456 6.6920
9.9081 -2.5290 5.7651
8.3684 -3.3243 3.7390
5.6230 -0.9994 6.7608
5.0892 -2.1127 4.2462
7.3896 -3.1950 3.4300
10.1927 -0.0525 5.2462
11.1935 -2.1166 6.7935
9.9137 0.7018 5.1359
8.4342 -2.8908 4.6362
6.7810 -2.8368 3.7884
12.2568 -1.5781 9.4453
10.8118 -3.3177 5.1634
9.3472 -2.8370 5.2700
12.3550 -2.3486 7.9750
12.1017 -1.4187 6.4835
9.8620 0.7969 5.0207
7.0491 -0.5744 8.4267
7.1985 -2.8507 4.0021
10.9912 -3.0849 5.7282
2.0786 -0.6521 5.4021
10.3645 -2.0481 6.1973
2.6450 -1.3910 4.2649
7.8969 -2.2120 4.8725
10.5408 -3.2202 5.2000
11.6354 -3.2284 5.8160
9.3564 -2.7942 5.3602
10.4352 -1.6775 7.2825
10.4901 -2.1518 6.1872
11.0755 -3.1332 5.6813
7.5292 -2.1306 4.8414
11.5072 -0.7274 10.6982
10.9189 -3.2966 5.2670
0.3627 -0.5741 4.5657
12.2683 -3.2748 6.0895
10.5561 -3.0849 5.4770
14.9482 -0.8689 12.4051
9.4534 -1.3623 7.0390
10.4433 -3.0748 5.4319
8.7630 -2.8777 4.8521
11.6831 -3.3705 5.5619
10.1998 0.8725 4.7050
8.9092 -3.3445 4.0114
8.6799 -2.1107 5.1141
10.1075 -3.1605 5.0681
11.2591 -1.5336 8.9573
10.8999 -3.0222 5.7998
10.3149 -3.1238 5.2607
8.9984 -2.4404 5.1795
10.7731 -2.5278 6.2618
10.1108 -2.2535 5.7342
9.8301 -3.2362 4.7579
7.9624 -2.8776 4.3898
10.0234 -2.8088 5.7166
12.2972 -3.0113 6.6284
10.6286 -3.3641 4.9656
2.7724 -0.1312 6.8351
10.2379 -0.0053 5.2651
8.8429 -2.9998 4.6562
13.5078 -1.9250 9.4803
8.9918 -3.3703 4.0081
12.6585 0.1863 13.1738
5.7984 -1.8548 5.1670
11.5822 -3.0223 6.1938
10.0495 -2.8088 5.7316
6.7158 -0.9995 7.3919
4.8317 -2.1414 4.0406
12.6372 -2.3719 8.0918
12.1432 -3.1607 6.2435
9.3729 -2.8370 5.2848
9.6436 -2.8230 5.4690
6.8132 -2.6507 4.1757
11.2013 -3.2596 5.5033
13.2036 -1.7038 9.7430
6.8175 -1.2911 5.8716
9.8063 -3.3245 4.5692
11.0916 -2.8510 6.2498
5.4402 -1.7812 5.1059
10.4555 -2.6849 6.2115
9.8942 -2.6849 5.8875
12.2318 -3.2364 6.1445
10.4865 -0.9997 9.5692
7.9145 -2.9163 4.2854
10.8822 -2.4840 6.2961
9.0021 -2.2356 5.0481
8.5253 -1.6061 5.6946
3.1843 -0.5742 6.1950
9.7383 -1.8178 6.5099
6.7910 -2.7792 3.9084
2.4624 -0.9350 5.0631
9.9104 -0.4933 10.2399
10.2432 -1.8588 6.6267
10.3501 -1.9817 6.4403
11.5915 -3.0543 6.1356
4.4725 -0.5742 6.9389
10.8911 -3.1868 5.4685
8.5594 -3.3378 3.8226
10.2591 -2.6849 6.0981
7.4310 -2.9288 3.9815
9.3072 -3.2361 4.4560
11.6906 -2.2770 6.7878
5.9829 -2.5407 3.9143
8.9911 -3.2670 4.2122
3.4627 -0.7990 5.9102
9.4810 -3.2036 4.6208
12.6706 -2.1420 8.5668
10.6997 -3.2283 5.2758
8.5714 -1.9076 5.2564
8.1933 -3.2963 3.6934
6.7365 -2.8775 3.6820
10.1081 -3.0646 5.2586
0.2289 -0.4082 4.8171
11.9104 -1.6631 9.0768
9.9167 -1.6947 6.5752
7.8194 -3.2593 3.5508
11.9386 -3.4129 5.6255
9.7253 -1.4571 6.7881
7.1209 -1.8697 4.8765
10.4791 -3.4127 4.7829
7.7026 -1.3693 6.1238
12.4239 -3.0223 6.6797
7.4289 -0.6523 8.4916
10.2353 -3.0948 5.2721
10.3402 -3.2120 5.1005
12.2324 -1.2890 10.0042
8.0480 -3.2439 3.7134
9.8734 -2.9885 5.2737
7.3935 -1.7495 4.0556
6.1954 -2.6332 3.8537
10.3185 -1.9192 6.6077
9.2443 -3.2595 4.3735
13.1621 -1.3916 10.3376
8.3470 -2.2736 4.6918
9.0637 0.1864 11.0980
10.9663 -2.9414 5.9983
3.3451 -1.3406 4.7691
10.5480 -3.4185 4.8112
8.2061 -3.4183 3.4591
8.2389 -3.2517 3.8082
7.5727 -2.9997 3.9228
12.0643 -3.2284 6.0636
9.9511 0.3267 5.1174
0.2033 -0.4929 4.6345
7.0109 -2.9883 3.6210
6.9178 -1.4554 5.6032
9.2578 -3.3640 4.1742
12.5712 -3.0332 6.7433
10.3603 -3.0849 5.3640
8.0259 -3.3638 3.4630
6.3745 -1.1008 5.8430
11.5786 -3.0850 6.0674
12.0883 -2.5793 7.3639
7.4286 -3.0434 3.7530
5.8854 -1.9579 5.0129
14.3057 -1.5782 10.6284
9.6910 0.1014 4.9671
10.7261 -2.9414 5.8596
0.0596 -0.3198 4.8944
7.4536 -2.1507 4.7476
8.4717 -1.2759 6.5505
3.9445 -1.7427 4.3184
10.0300 -3.2441 4.8577
7.1374 -3.0434 3.5848
11.0750 -3.1425 5.6626
9.6857 -0.3099 5.0211
11.9511 -3.3178 5.8212
9.9979 -3.2037 4.9193
12.1785 -3.2895 6.0086
6.2862 -2.3942 4.3797
12.0719 -1.2291 6.3892
9.7880 -3.2893 4.6284
10.4313 -2.7795 6.0102
9.7924 0.1582 5.0416
11.0251 -0.6645 8.2252
13.7990 -2.0538 9.3933
5.9614 -1.7429 5.4830
10.7608 -2.8510 6.0588
8.1364 -2.8908 4.4643
7.7681 -2.9163 4.2009
6.6209 -2.9162 3.5385
8.6630 -2.8777 4.7943
6.7297 -2.8368 3.7588
9.3384 -1.6069 6.4449
7.9608 -2.8086 4.5257
8.3390 -1.7082 5.5208
2.7539 -1.5330 4.0463
7.8555 -0.7992 8.4468
8.9650 -2.9533 4.8188
11.6159 -3.2284 5.8048
11.1564 -3.3108 5.3761
10.9275 -3.1143 5.6333
11.7396 -2.7015 6.9203
6.7150 -2.8506 3.7229
12.5067 -1.7817 9.1862
11.0215 -1.7011 7.5005
6.7594 -1.1568 6.2558
8.5784 -3.4008 3.7088
8.2246 -3.3243 3.6560
7.9188 -1.7160 5.5511
8.5031 -3.3445 3.7770
10.0095 -3.3889 4.5589
7.4218 -2.4553 4.3041
10.5786 -3.4127 4.8404
11.2173 -3.3705 5.2929
9.6015 -0.3202 10.4045
5.6761 -1.4873 5.8245
6.0136 -2.4805 4.0513
8.5137 -3.1866 4.0959
11.5730 -3.3829 5.4737
7.0971 -1.8901 4.9592
10.7434 -2.7335 6.2815
9.1907 -1.9494 5.7822
8.1424 -3.2594 3.7373
12.0601 -1.3085 6.4098
7.6517 -2.9411 4.0846
11.0880 -1.8195 7.2974
10.6539 -3.3890 4.9309
10.8619 -3.2821 5.2629
7.4013 -1.1017 6.4767
12.4541 -2.3005 8.1276
5.2434 0.0756 8.6719
10.4377 -3.3641 4.8554
10.4603 -3.2596 5.0755
11.9575 -0.5746 11.2611
9.4058 -3.1237 4.7358
12.5169 -2.8233 7.1279
14.3421 -1.2352 11.3292
10.9054 -2.7015 6.4386
8.2315 -3.2891 3.7298
13.9879 -1.7818 10.0415
10.3433 -3.0948 5.3345
13.1412 -1.1216 10.8607
11.7582 -3.0749 6.1910
8.7456 -1.7548 5.6104
8.7425 -2.1160 4.9792
7.9601 -2.7793 4.5834
10.6274 -2.7014 6.2781
9.4740 -0.0113 5.1915
11.8359 -2.1301 6.8059
11.9460 -2.7796 6.8847
10.4556 0.9352 4.5652
4.7658 -1.2346 5.7996
5.0936 -0.2278 7.9842
11.3153 -2.3180 6.5966
8.6058 -2.1130 4.9823
10.4704 -2.9653 5.6644
13.4406 -1.5782 10.1288
9.9982 -2.2329 5.6160
8.5979 -2.8508 4.8100
7.8081 -3.0328 3.9932
11.7783 -3.3578 5.6421
9.9132 -3.1237 5.0288
9.8073 0.1143 5.0661
6.6639 -2.7173 3.9576
11.8101 -1.7037 8.9383
9.5916 -0.0654 4.9345
8.9425 -2.9885 4.7362
8.6863 -0.3202 9.8760
10.6327 -2.1285 6.5092
11.7793 -3.1144 6.1250
9.4902 -1.9494 5.8186
10.8574 -3.3890 5.0484
12.8182 -2.7337 7.4794
12.2011 -2.7944 7.0027
7.7447 -3.1691 3.6864
10.4631 -3.3447 4.9085
9.9789 -1.8118 6.2516
5.8282 -1.8901 5.1142
11.7403 -2.8232 6.6795
6.7959 -2.5788 4.3082
7.6314 -2.7333 4.4847
8.3834 -3.0746 4.2426
7.2809 -2.8642 4.0228
8.9287 -2.8508 5.0010
4.8184 -1.9579 4.3967
12.8545 -0.4934 11.9400
12.2995 -3.1048 6.4445
-1.1193 -0.2275 4.3966
5.4193 -2.4805 3.7082
8.9973 -3.2119 4.3251
8.7979 -2.7490 5.1273
9.7103 -2.9038 5.3474
11.5028 -2.9167 6.3572
7.3116 -2.1301 4.1947
7.4630 0.0755 9.9536
9.8198 -1.5710 6.7580
8.0095 -3.2439 3.6912
10.9270 -2.0188 6.7807
13.3815 -0.6526 11.9289
7.8192 -2.7012 4.6567
9.5429 -3.3949 4.2775
12.4311 -3.1607 6.4097
4.8223 -0.1312 8.0189
9.1726 -1.3180 6.8930
0.5486 -0.4082 5.0017
8.1342 -2.9164 4.4123
9.9452 -3.2120 4.8724
9.9947 -0.9996 9.2852
13.7888 -1.3412 10.7996
13.5244 -1.5337 10.2654
10.0391 -2.8778 5.5888
12.1521 -2.2240 8.1048
9.2132 -3.3244 4.2268
11.4469 -1.9482 7.3852
10.9554 -3.2894 5.3024
11.7337 -1.6631 8.9747
11.0818 -1.9804 6.9986
8.1909 -2.0335 4.8933
10.4901 -3.4010 4.8125
4.8027 -1.7428 4.8139
8.5884 -2.9412 4.6254
9.5008 -3.3106 4.4202
9.1392 -1.2775 6.9641
10.3486 -3.3889 4.7547
11.4980 -1.7432 8.6799
10.2766 0.8920 4.7262
11.1977 -3.3829 5.2570
12.2690 -3.1144 6.4078
5.4976 -2.5406 3.6341
12.3919 -2.0537 8.5808
7.9026 -2.7012 4.7049
6.0312 -2.6678 3.6904
10.9607 -2.6850 6.5032
9.6551 -3.3766 4.3786
7.3224 -2.7792 4.2152
11.1062 -3.0000 5.9629
11.8818 -1.2889 9.8017
10.8671 -2.9039 6.0153
9.5596 -1.5349 6.6478
11.2961 -1.6212 8.8051
6.3796 -2.5788 4.0679
10.8076 -3.3950 5.0077
6.1665 -2.2497 4.5971
3.7175 -1.8900 3.8955
11.5834 -3.3951 5.4556
12.1361 -1.8552 8.8263
8.5240 -2.6680 5.1296
10.5187 -3.1605 5.3056
9.8534 -3.3176 4.6100
10.6846 -2.0854 6.6279
9.5670 -3.4126 4.2563
5.0171 -1.7812 4.8616
10.1554 0.0895 5.2057
7.6380 -2.7642 4.4272
8.7771 -2.3987 5.0255
8.1206 -2.7642 4.7059
11.5839 -1.7432 8.7294
10.5793 -3.3245 5.0155
12.6795 -2.6160 7.6326
9.4159 -3.3888 4.2162
7.6768 -3.1421 3.7007
11.2808 -2.9291 6.2043
10.2402 -3.0221 5.4190
4.8055 -1.7811 4.7395
12.2314 -0.0305 12.4975
10.0510 -1.8289 6.3742
7.5508 -1.2246 3.7272
-1.9869 0.0758 4.4965
11.2506 -2.9654 6.1149
10.0343 -2.0014 6.0750
8.8244 -1.7237 5.6824
8.2901 -3.4125 3.5191
11.2555 -3.1782 5.6960
11.6207 -2.8646 6.5284
7.1970 -1.2537 6.3343
9.6713 -3.1142 4.9080
9.7205 -1.8919 6.1441
14.1165 -1.7434 10.1918
10.6439 -3.3577 4.9871
11.7834 -2.0536 8.2295
4.6418 -0.4084 7.3654
11.7689 -3.0949 6.1575
3.0496 -1.3406 4.5985
7.5454 -3.1235 3.6617
8.7217 -2.3699 4.9975
8.6091 -3.3445 3.8381
10.8920 -3.3950 5.0564
9.3047 -3.2201 4.4864
7.5496 -2.9997 3.9095
15.5505 -0.3205 13.8398
10.0046 -3.1867 4.9567
11.1099 -3.4069 5.1587
8.9602 -3.0645 4.5958
12.2106 -3.4070 5.7942
11.8268 -2.4169 7.5346
10.6575 -1.9127 6.9407
8.3381 -2.7489 4.8618
10.4201 -2.8231 5.9173
7.7537 -2.9768 4.0727
9.9030 -1.6644 6.6204
6.4688 -2.5788 4.1194
11.6784 -3.0112 6.2711
6.0559 -2.4596 4.1171
4.4849 -1.0613 5.9809
9.6017 0.2992 4.9637
11.0434 -2.5359 6.4358
10.8236 -2.2730 6.3612
14.9854 -0.7276 12.7066
9.6961 -1.0509 7.8198
12.3288 -3.3038 6.0670
6.7113 -2.7792 3.8623
9.9956 0.3706 5.0825
12.1819 -2.9536 6.6762
8.5495 -2.7643 4.9535
9.9379 -3.0436 5.2017
13.7547 -1.9911 9.4920
11.2150 -3.0438 5.9391
10.1181 -1.3805 7.6688
11.7763 -1.8189 8.6905
10.3906 -2.1426 5.9203
11.0293 -1.3915 9.1061
12.0258 -3.2039 6.0901
7.9691 -3.1603 3.8335
8.1861 -1.9083 5.3298
12.0574 -3.2364 6.0439
7.1834 -1.7242 5.4338
11.0141 -2.9654 5.9784
10.5801 -1.4661 7.8318
8.8458 -2.0563 5.0407
10.3918 -3.2362 5.0822
10.2335 -3.3446 4.7760
10.5421 0.0754 11.7317
10.1172 -3.3313 4.7353
8.5845 -3.3575 3.7982
0.4847 -0.4082 4.9648
9.0479 -2.3151 5.1256
8.3472 -3.0435 4.2833
11.8817 -0.0305 12.2955
9.8434 0.3510 5.0536
11.0109 -3.3037 5.3060
11.7392 -2.6337 7.0545
11.6332 -3.3038 5.6653
5.9495 -2.4165 4.1412
11.7263 -3.1333 6.0570
10.1327 -3.3512 4.7048
7.6347 -1.8427 5.2267
9.7003 -3.2595 4.6367
12.5107 -0.2280 12.2673
1.2804 -0.8682 4.5128
11.2855 -1.2350 9.5642
9.8688 -3.2362 4.7803
9.8715 -3.3176 4.6205
11.5426 -2.7944 6.6225
1.3622 0.1867 6.6505
8.6974 -3.3445 3.8891
9.3144 -3.2819 4.3694
10.7710 -2.0364 6.7567
9.2613 -2.1317 5.2371
10.1643 -2.4135 5.8612
10.2407 0.0654 5.2568
6.8070 -1.2948 5.9327
9.3142 -3.3888 4.1574
8.9503 -2.7175 5.2777
10.0897 0.0664 5.1721
12.0909 -3.3768 5.7849
11.8071 -3.2038 5.9638
10.9699 -3.1047 5.6769
7.3558 -0.5744 8.6039
12.7046 -2.6512 7.5773
7.1501 -3.0643 3.5507
7.9474 -2.2227 4.6496
11.5210 -3.2673 5.6729
11.4305 -1.8905 8.3490
10.4533 -3.1515 5.2856
11.9546 -1.6631 9.1023
8.1645 -1.8613 5.4389
8.0094 -3.2593 3.6605
1.1509 -0.7989 4.5753
8.4354 -3.2891 3.8474
8.1790 -3.3826 3.5142
10.0043 -3.2595 4.8123
12.3401 -2.3719 7.9203
8.6236 -3.1236 4.2842
10.9205 -1.9573 7.1212
10.6756 -0.6525 10.3664
-1.7722 0.0758 4.6205
10.1161 -1.9024 6.2670
12.2744 -3.3514 5.9413
8.6371 -3.0947 4.3494
12.0131 -1.7433 8.9773
10.0332 0.2274 5.0597
8.4879 -3.2964 3.8635
10.4762 -3.4069 4.7928
4.0406 -0.7991 6.2440
9.8839 -1.2819 7.4735
4.1966 -1.9904 3.9732
13.8679 -0.7995 11.9186
8.7506 -2.6680 5.2605
8.4033 -3.2745 3.8580
11.4617 -1.7037 8.7372
6.8710 -2.8907 3.7337
8.6904 -3.1951 4.1810
12.0893 -3.3951 5.7477
10.0733 -3.3640 4.6450
9.5900 -3.0541 4.9800
11.3824 -3.1606 5.8042
6.2394 -2.7332 3.6810
8.4788 -2.8229 4.7964
6.1666 -2.6332 3.8370
11.8897 -3.0749 6.2669
8.7045 -1.8677 5.3069
10.4338 -3.1046 5.3673
10.1900 -2.7176 5.9935
12.0634 -2.7178 7.0751
8.4226 -3.3702 3.6794
12.2379 -3.0001 6.6164
5.9373 -1.9245 5.1091
7.3543 -2.1988 4.3286
11.9155 -2.1973 8.0211
7.8690 -3.1865 3.7237
9.7820 -2.6849 5.8226
11.9496 -3.1144 6.2234
8.4860 -3.3826 3.6914
12.5664 -2.8780 7.0480
8.1295 -1.9030 5.1230
3.3581 -1.0612 5.3302
11.9421 -2.3005 7.8320
7.3209 -2.9532 3.8696
10.4326 -3.1515 5.2737
4.3362 -0.4930 7.0211
10.3399 -2.7491 6.0176
11.5732 -3.2364 5.7643
12.6556 -1.3411 10.1452
10.4679 0.9369 4.4341
14.6195 -0.7996 12.3526
11.8038 -3.3705 5.6316
10.8560 -0.6525 10.4705
10.3546 0.9111 4.6857
11.3720 -2.5793 6.6516
8.8257 -2.2344 4.9433
10.2911 -3.0330 5.4268
9.0906 -3.1952 4.4121
10.8541 -2.5284 6.3098
8.7936 -1.9302 5.2173
11.3137 -2.5297 6.5781
3.6683 0.0756 7.7623
12.3359 -2.6851 7.2972
7.1673 -2.9768 3.7341
10.4222 -3.0222 5.5240
9.5276 -3.3312 4.3948
9.8577 -1.9520 6.1778
9.7268 -3.3176 4.5369
8.9885 -2.9164 4.9055
11.6400 -3.4128 5.4532
12.5031 -3.1696 6.4337
9.7848 -2.9653 5.2686
10.8615 -0.7994 10.1826
6.2127 -2.6507 3.8290
10.0340 -1.5913 7.0396
11.2471 -3.2203 5.6079
6.8247 -2.9883 3.5135
10.8377 -3.3704 5.0738
9.8259 -2.7491 5.7208
11.7784 -3.1516 6.0507
9.4675 -3.4126 4.1989
10.3320 -1.9370 6.5364
8.1409 -3.4125 3.4329
2.3326 -1.1210 4.6195
8.2649 -2.1100 4.7766
8.5806 -3.0746 4.3564
6.2899 -2.8085 3.5609
10.0734 0.8683 4.9742
10.6207 -2.3991 6.0906
3.2351 -1.4872 4.4150
7.4436 -3.1329 3.5844
7.0753 -2.9410 3.7518
9.2150 -3.1693 4.5353
11.9379 -2.1420 8.1437
8.4004 -1.7654 5.6649
3.8699 -1.9578 3.8491
6.5382 -2.7940 3.7331
9.9503 -2.9653 5.3641
4.8138 0.0756 8.4238
11.9984 -0.4087 11.6135
9.3231 -3.3379 4.2635
0.7562 -0.6520 4.6384
10.4694 -1.4114 7.6696
8.9159 -1.6450 5.9267
10.0177 0.3496 5.1515
7.8716 -3.2118 3.6752
11.1518 -3.3447 5.3062
12.0726 -3.3038 5.9190
11.3774 -3.1047 5.9121
8.6245 -3.2819 3.9711
7.9363 -3.3105 3.5169
10.8260 -3.1516 5.5008
11.3420 -3.3578 5.3902
12.3489 -3.1607 6.3622
9.6500 -3.2820 4.5632
6.4218 -2.8368 3.5810
8.9175 -3.3765 3.9528
7.3019 -2.0549 4.6920
1.4668 -0.5741 5.2032
10.2246 -2.0657 5.8657
3.7793 -1.4399 4.8230
10.7113 -2.9886 5.7575
10.2542 -1.9152 6.2583
3.6441 -1.7427 4.1449
8.3847 -0.0304 10.2761
7.8527 -0.7272 8.5879
6.6674 -0.1313 9.0843
0.1605 0.0757 5.7366
9.8837 -3.1867 4.8869
9.9465 0.8228 5.0713
7.8998 -0.2279 9.6047
7.2680 -2.8907 3.9629
8.6774 -3.3765 3.8142
8.5118 -1.4826 5.9417
8.0256 -3.3764 3.4379
9.8408 -1.4095 7.2846
9.2644 -0.1314 10.5840
5.7987 -2.3000 4.2849
8.8374 -3.4126 3.8350
9.6798 -3.2036 4.7356
10.3728 0.9138 4.4966
0.2659 -0.4929 4.6707
8.7528 -0.9481 7.3044
10.3403 -2.5294 6.0156
12.1391 -3.0647 6.4312
10.0854 -3.3576 4.6647
2.3467 -0.3199 6.2151
8.5316 -1.4515 6.0435
5.4591 -0.9994 6.6662
10.9391 -3.3314 5.2098
9.6886 -2.5328 5.6469
11.7693 -3.3705 5.6117
8.2907 -3.2744 3.7931
10.4983 -3.2596 5.0975
12.5319 -1.3916 9.9738
8.9690 -3.3765 3.9825
9.9478 -2.0069 5.9271
9.4824 -3.2965 4.4377
9.2761 -0.8686 9.1298
7.9128 -3.2360 3.6509
10.6916 -2.7491 6.2207
12.1278 -3.1783 6.1996
11.3453 -3.2203 5.6645
9.2189 -2.8370 5.1959
8.4646 -2.9533 4.5299
13.0811 -2.5412 8.0127
13.9178 -0.4088 12.7218
10.2831 -3.3107 4.8719
9.5477 -1.0972 7.4658
12.3480 -3.2364 6.2116
9.2743 -3.2670 4.3757
10.0967 -2.3642 5.7774
9.1932 -2.8370 5.1811
9.5374 -2.9290 5.1977
14.8775 -0.4088 13.2760
8.9510 -3.3575 4.0097
5.5113 -1.6208 5.4649
10.4546 -2.4507 6.0438
11.3859 -3.3314 5.4677
9.1500 -2.9289 4.9740
10.7748 -2.7645 6.2383
11.8819 -2.7492 6.9079
13.0740 -2.4602 8.1692
8.3943 -2.8508 4.6925
5.4974 -2.4164 3.8802
8.6160 -1.5153 5.9394
10.2780 -3.3313 4.8281
5.0156 -2.0222 4.3831
8.9791 -3.3035 4.1330
9.6371 -0.2279 10.6080
13.2994 -1.1216 10.9521
13.3703 -2.3948 8.4700
11.0523 -3.1868 5.5616
11.7860 -2.3489 6.7895
12.2411 -2.3719 7.8631
8.9812 -3.4184 3.9066
2.8449 -1.1787 4.8010
7.9537 -2.2770 4.8047
7.7369 -1.4849 5.9165
9.5232 -3.0541 4.9415
9.2927 -0.6524 9.5678
4.7614 -2.1694 3.9445
10.3188 -3.0437 5.4217
14.1717 -1.5337 10.6391
11.6282 -3.2038 5.8605
11.6216 -2.7944 6.6681
8.4559 -3.4125 3.6148
8.4852 -3.0328 4.3842
7.5801 -2.8507 4.2224
11.6437 -3.3178 5.6437
9.3846 -3.3312 4.3123
11.0527 -3.1782 5.5789
10.8325 -0.0305 11.6897
9.1816 -3.3703 4.1176
9.6489 -3.0221 5.0775
11.5466 -3.4011 5.4225
6.6971 -0.2278 8.9102
9.2964 -1.3984 6.8370
9.8477 0.0668 5.0976
7.3595 -2.3664 4.2029
9.2247 -2.7942 5.2842
14.2107 -0.8689 11.9793
12.3329 -3.1955 6.2841
10.6365 -1.5804 7.6495
7.1535 -3.0327 3.6153
8.2091 -3.3105 3.6745
8.2981 -3.1603 4.0235
10.7917 -0.5745 10.5879
8.5172 -2.8643 4.7365
6.9312 -2.9410 3.6686
3.2150 -1.7427 3.8972
8.3307 -0.6524 9.0123
10.8966 -3.2519 5.3427
7.7056 -1.9847 5.2204
8.3589 -3.0847 4.2084
7.3742 -2.1284 4.6283
11.3055 -2.7944 6.4856
5.7451 -0.3201 8.1776
10.0164 -3.2965 4.7460
9.9863 -3.3446 4.6333
10.0110 -1.6432 6.8043
12.1349 -2.8511 6.8522
5.9934 -2.6332 3.7370
10.1761 -3.4068 4.6195
6.4414 -2.6507 3.9611
10.3542 -3.1605 5.2106
10.2193 -3.1046 5.2435
2.3255 -0.5741 5.6991
6.8874 -2.7641 3.9939
8.2538 -3.0644 4.1880
9.6198 -3.3036 4.5029
9.6301 -2.9770 5.1561
9.5012 -2.7794 5.4732
8.2622 -2.0599 4.9149
10.8424 -3.1143 5.5841
12.3906 -3.0332 6.6390
3.9668 -1.1211 5.5632
11.4962 -2.4475 6.6377
9.9738 -3.3107 4.6933
12.0338 -1.1215 10.2213
12.1451 -2.4810 7.5915
4.4343 -0.7271 6.6140
7.6925 -0.1313 9.6763
11.7143 -3.2597 5.7995
7.9186 -3.3174 3.4929
6.6152 -2.3482 4.6609
10.2031 -1.6448 7.2189
11.7026 -1.7816 8.7219
12.2009 -3.0438 6.5083
8.6264 -2.9652 4.5998
11.6592 -3.2203 5.8458
8.0861 -2.9037 4.4096
12.4727 -2.4170 7.9076
9.6095 -2.2023 5.7335
8.8764 -2.2346 4.9729
12.2906 -3.0439 6.5601
2.0178 -0.7990 5.0759
11.1246 -2.5328 6.4757
9.8872 -0.4086 10.3943
10.0948 -0.2928 5.2247
3.0656 -0.3200 6.6302
10.5674 -1.9690 6.8062
4.4603 -1.2346 5.6232
11.0565 -3.0849 5.7659
7.6268 -1.7503 5.5898
6.5644 -2.3715 4.5855
8.6155 -3.0947 4.3369
9.6899 -3.1331 4.8813
8.1260 -3.0109 4.2201
3.6680 -1.2885 5.0589
10.3807 -2.9771 5.5894
8.5790 -1.2273 6.5560
10.5275 -3.0646 5.5007
12.4310 -2.5978 7.5251
14.1600 -0.7275 12.2300
11.4414 -0.2280 11.6499
7.3754 -3.0745 3.6606
13.7702 -0.0306 13.3861
8.0123 -2.8908 4.3926
10.1754 -1.1961 7.8646
12.0508 -3.0647 6.3802
8.8184 -1.9515 5.1924
13.9257 -0.7995 11.9520
3.1159 -0.7990 5.7100
10.3226 0.9739 4.5261
4.0979 0.0756 8.0104
11.6694 -2.0536 8.1637
8.9417 -2.7334 5.2412
2.1649 0.0757 6.8941
10.1451 -3.3889 4.6372
8.8409 -0.9996 7.2446
6.5154 -2.3001 4.6987
10.1930 -2.9770 5.4811
10.6139 -2.7645 6.1454
8.2455 -3.3105 3.6955
9.5115 -3.1237 4.7969
11.1030 -3.2966 5.3733
13.9080 0.0753 13.6754
7.8481 -3.3311 3.4252
7.4332 -2.2561 4.2749
6.9258 -2.8228 3.8998
12.0733 -2.7016 7.1129
11.5692 -2.3083 6.6393
11.0950 -1.5897 7.6390
8.6507 -1.3475 6.3738
11.2885 -0.4933 11.0357
10.6019 -1.9639 6.8045
10.7703 -3.0646 5.6409
9.3773 -3.2595 4.4503
6.8543 -2.7940 3.9156
11.1730 -2.2707 6.3921
9.8587 -3.2037 4.8389
10.1617 -0.2687 5.2588
10.1203 -3.3576 4.6848
12.8137 -1.2351 10.4467
7.8387 -2.8907 4.2924
11.9305 -3.0113 6.4167
11.1215 -3.2966 5.3840
11.1194 -2.2588 6.3302
8.2288 -3.3887 3.5308
9.9713 -0.2279 10.8009
12.3995 -1.7433 9.2003
9.1357 -1.4604 6.4806
8.8939 -3.0645 4.5576
7.4232 -2.0996 4.7955
9.9819 -2.9770 5.3592
9.5886 0.1965 4.8966
8.7695 -2.8644 4.8822
10.9432 -3.4069 5.0624
9.8969 0.1377 5.1131
12.2039 -3.4129 5.7787
2.9457 -0.9993 5.2149
8.9025 -3.1780 4.3375
7.8110 -1.5351 5.6403
10.6743 -3.1238 5.4682
12.0349 -2.7646 6.9659
11.7715 -2.3005 7.7335
9.9835 -1.5784 6.9103
7.9017 -2.6847 4.7370
10.0298 -2.1381 5.6991
8.7437 -2.1727 5.0559
12.0396 -3.1869 6.1316
8.5338 -3.1866 4.1075
10.9596 -3.4010 5.0836
10.1044 -3.4009 4.5899
12.5809 -2.8373 7.1371
11.9127 -1.9768 6.7477
11.8307 -3.3578 5.6723
9.4701 -3.1604 4.7001
7.9740 -3.3702 3.4205
5.8512 -1.8185 5.2694
8.8360 -3.1866 4.2820
9.4493 -3.3766 4.2598
13.1027 -2.3006 8.5021
11.2336 -3.1868 5.6663
10.8763 -2.2659 6.4607
10.5304 -3.2441 5.1466
13.6215 0.0753 13.5100
2.8306 -1.2345 4.6822
10.8991 -3.0112 5.8212
8.1161 -3.3311 3.5799
10.3160 -3.2037 5.1029
9.4213 -3.3446 4.3071
11.8605 -3.3642 5.6769
9.4874 -2.7013 5.6199
6.4669 -0.6523 7.9361
9.0982 -2.7013 5.3952
-1.6290 0.0758 4.7032
10.5272 -3.3704 4.8945
5.8522 -2.2496 4.4156
10.3791 -3.1694 5.2074
9.2703 -1.3596 6.8959
4.3027 -0.6522 6.6864
5.3319 -1.6208 5.3613
8.3388 -3.2361 3.8969
14.4709 -1.3917 11.0934
11.2374 -3.0438 5.9520
9.6316 -3.3576 4.4027
10.7260 -1.6841 7.4950
12.1369 -3.2748 6.0137
9.5112 -3.1604 4.7239
6.5294 -0.3201 8.6305
6.7511 -2.8642 3.7169
6.7793 -1.4576 5.5469
5.0256 -0.4084 7.5870
5.3866 0.0756 8.7546
10.1607 -0.2931 5.2616
3.5204 -0.7990 5.9436
7.8011 -1.5619 5.8592
12.6999 -3.0002 6.8831
8.7037 -3.3888 3.8050
9.5783 0.0546 4.9104
8.9272 -3.2518 4.2056
10.2511 -3.3950 4.6864
11.2459 -2.1222 6.7333
6.1952 -2.5407 4.0369
9.4696 -1.4266 6.7609
6.9616 -2.8775 3.8120
4.5647 -2.0833 4.0017
6.8902 0.0755 9.6228
12.1437 -2.1700 8.2070
11.1303 -3.3767 5.2303
12.0510 -2.8232 6.8589
14.2362 -1.2891 11.1612
8.1308 -3.3575 3.5362
5.6292 -1.4873 5.7974
11.1435 -3.0850 5.8162
7.4070 -2.8642 4.0956
9.4747 -2.7794 5.4578
9.1518 -1.7191 6.2813
11.0144 -2.9414 6.0261
12.0331 -2.8511 6.7934
8.9967 -2.9412 4.8611
8.5262 -1.2658 6.3978
11.6313 -3.0647 6.1380
10.2938 -3.3828 4.7351
11.8350 -2.9772 6.4291
9.0288 -3.2670 4.2340
12.5260 -3.0332 6.7172
10.7205 -3.1424 5.4580
9.2306 -2.0459 5.3263
7.4922 -1.9993 5.0031
10.0732 -1.2498 7.9064
12.0847 -3.3830 5.7691
11.8992 -1.8748 6.6920
7.8817 -3.3105 3.4854
9.8645 -0.3644 5.4868
9.7333 -2.7334 5.6983
10.4098 -3.3766 4.8144
11.5375 -2.2030 6.7550
9.1509 -2.3155 5.1860
8.8125 -3.2517 4.1394
12.7720 -1.1216 10.6476
6.8405 -2.9162 3.6654
10.6320 -3.1238 5.4438
13.9367 -1.3412 10.8849
10.1156 0.8818 4.7389
9.6005 -2.6681 5.7512
9.0670 -3.3639 4.0640
9.4388 -3.1514 4.6999
7.6672 -1.3559 5.9221
12.9820 -0.9355 11.1376
4.7951 -2.1414 4.0195
11.2287 -2.9535 6.1259
8.2288 -0.3202 9.6118
9.0888 -3.2201 4.3618
10.4040 -3.0330 5.4920
6.6502 -2.8642 3.6586
10.5580 -2.9414 5.7626
12.3817 -2.9167 6.8646
7.5301 -3.0109 3.8761
8.4509 -0.6524 9.0818
5.1031 -1.7428 4.9874
2.2398 -0.9349 4.9346
8.9305 -3.1952 4.3197
9.6252 -2.8909 5.3239
11.4935 -3.4070 5.3802
12.2148 -3.0001 6.6030
9.5909 -3.1952 4.7010
9.7198 -3.1423 4.8802
2.8510 -0.4083 6.3313
12.5341 -1.1793 10.3958
10.8806 -3.2821 5.2737
11.7870 -3.0223 6.3120
10.7561 -3.3107 5.1450
13.7556 -1.5337 10.3989
9.7720 -3.2362 4.7244
-0.0762 -0.0301 5.3902
3.5451 -1.1211 5.3196
8.0350 -1.3093 6.1010
1.7061 -0.4929 5.5023
7.5334 -2.5154 4.3643
7.7679 -2.0169 4.9503
10.8223 -3.1238 5.5537
12.9466 -2.7647 7.4922
8.2069 -1.9931 4.9901
8.5360 -3.2281 4.0265
9.7526 -3.2362 4.7132
8.0916 -3.4066 3.4161
13.8328 -1.9911 9.5370
10.4568 -0.7994 9.9489
8.0126 -2.8643 4.4452
5.4629 -1.8901 4.9033
7.8960 -2.9997 4.1095
5.5789 -0.9351 6.8627
5.4424 -2.3714 3.9376
9.5530 -3.1423 4.7839
7.3763 -3.1235 3.5641
9.8376 -1.8737 6.1321
9.0383 0.0754 10.8633
11.4711 -3.1425 5.8913
10.5750 -1.5595 7.4389
10.3114 -3.1953 5.1170
11.7149 -0.8687 10.5381
11.2679 -3.0000 6.0563
7.6704 -2.9163 4.1445
10.5104 -2.3518 6.0604
7.9389 -2.9163 4.2995
10.3891 -2.5744 6.0736
9.5772 0.1864 11.3945
7.9755 -2.1593 4.9646
11.1641 -3.0949 5.8084
11.7388 -3.3381 5.6582
8.9398 -1.5579 6.4826
10.6816 -2.0604 6.6625
11.6387 -1.4877 9.2674
9.0818 -3.2281 4.3417
0.9026 -0.0301 5.9555
1.9546 -0.3199 5.9887
9.4672 -3.4009 4.2220
8.8501 -3.1330 4.3964
10.6470 -3.1782 5.3447
8.5468 -2.9884 4.5078
11.1200 -1.8463 7.2557
12.5153 -2.9772 6.8219
9.3784 -1.6713 6.3619
7.9671 -3.0746 4.0022
9.7004 -2.9770 5.1967
7.6944 -2.7793 4.4300
5.8170 -1.4874 5.9058
11.9449 -1.0617 10.2885
6.7675 -0.6523 8.1097
7.9399 -3.3764 3.3884
9.9754 0.3733 5.1245
8.7708 -2.1936 4.8811
13.0453 -0.2281 12.5761
9.5318 -3.1604 4.7357
9.9571 -3.3512 4.6035
7.4367 -1.6975 3.9799
7.4276 -3.0945 3.6511
10.4407 -3.0111 5.5565
11.4979 -1.4877 9.1861
8.0468 -3.2744 3.6522
11.4417 -2.4439 6.5977
4.9779 -2.1127 4.1820
12.2298 -3.3109 5.9958
7.1587 -2.8228 4.0343
10.3085 -3.0221 5.4584
8.2462 -2.9769 4.3571
12.1349 -2.1133 8.3144
7.7987 -1.9484 5.2810
10.4836 0.9424 4.5884
12.9419 -2.6160 7.7842
10.7929 -2.2602 6.3967
11.2002 -2.7943 6.4248
12.0626 -1.5380 6.5408
7.9903 -3.2439 3.6801
8.0838 -3.2818 3.6590
9.7289 -3.3511 4.4717
10.1431 -2.0398 5.9340
11.0877 -0.9997 9.9163
8.5075 -3.0946 4.2745
9.3248 -3.2892 4.3609
12.1819 -3.2673 6.0545
7.7780 -1.4110 6.1127
11.7777 -3.1869 5.9804
8.8899 -2.1975 4.9603
7.6630 -3.1691 3.6392
3.2694 -1.6207 4.1704
10.3945 -2.8910 5.7680
9.4140 -3.3640 4.2644
12.8041 -0.7275 11.4471
11.1349 -1.1792 9.5878
8.5331 -1.3045 6.3147
10.2949 -2.2775 5.8259
12.9543 -2.2757 8.4657
6.3237 -2.6154 3.9630
8.6268 -1.4319 6.3327
8.5279 -3.1513 4.1740
12.3578 -3.0439 6.5989
7.3547 -2.7940 4.2045
1.6932 -0.3199 5.8378
7.9359 -3.3034 3.5307
10.7521 -2.9535 5.8507
11.5379 -2.8089 6.5910
9.6002 0.0545 4.9227
10.0993 -3.1781 5.0285
8.4325 -3.3445 3.7362
11.2489 -3.3829 5.2866
6.9461 -2.6333 4.2871
4.6927 -2.1968 3.8507
12.2580 -3.1696 6.2922
10.5196 -3.1046 5.4168
9.6755 -2.7644 5.6036
8.5502 0.1865 10.8014
8.6184 -3.4183 3.6972
11.8519 -1.9353 6.7748
10.3415 -2.1673 5.8769
8.7314 -3.2594 4.0773
13.9271 -0.8688 11.8155
10.0742 -3.1424 5.0849
7.6272 -3.1865 3.5841
11.7593 -2.8911 6.5560
7.4481 -1.5379 3.8774
9.7200 -2.4653 5.6536
8.2424 -2.9998 4.3095
3.2815 -1.1210 5.1674
9.0603 -2.9533 4.8739
11.4136 -3.3038 5.5385
12.1380 -1.2248 6.3749
6.4863 -2.8775 3.5375
10.3307 0.9047 4.6449
8.7876 -3.4126 3.8063
7.8543 -3.0435 3.9988
12.8309 -1.5337 9.8649
10.5529 -3.0748 5.4951
12.4074 -1.9584 8.7786
12.8764 -2.5015 7.9732
10.8759 -3.2363 5.3617
2.9824 -1.0612 5.1133
11.3913 -3.4128 5.3096
11.0603 -3.4010 5.1417
5.5438 -1.4400 5.8419
13.5011 -1.8906 9.5446
9.8913 -1.7069 6.4091
2.5957 -0.7990 5.4096
10.1320 -2.8645 5.6689
8.3275 -1.7767 5.4829
9.7479 -3.3036 4.5768
10.5861 -2.8645 5.9311
11.9733 -2.8232 6.8141
9.6668 -0.9996 9.0958
11.9734 -1.6643 6.5738
10.2661 -3.2202 5.0414
8.2499 -2.4431 4.7537
11.0771 -3.1047 5.7388
0.4171 -0.2276 5.2838
9.5588 -2.9999 5.0695
9.4774 -2.9653 5.0911
12.4758 -2.6512 7.4452
5.0926 -2.0222 4.4276
12.4810 -0.9355 10.8483
7.4200 -3.0219 3.7907
11.5263 -3.1606 5.8873
10.3777 0.9328 4.4850
9.9620 0.1029 5.4768
12.4292 -3.1239 6.4814
11.2185 -3.3641 5.3062
8.1789 -2.4386 4.7023
10.5596 0.9607 4.5084
7.5353 -2.9532 3.9934
12.5210 -2.4388 7.8922
-0.7185 -0.2275 4.6280
8.7329 -2.1581 4.8418
11.7683 -3.1333 6.0813
9.3509 -2.9999 4.9495
13.1710 -2.3006 8.5415
5.8116 -2.4383 4.0183
6.4842 -2.6332 4.0204
9.9671 0.8355 5.0309
10.7124 -1.7908 7.1368
7.8476 -2.1503 4.9736
13.3376 -2.3948 8.4511
9.2673 -0.7273 9.4047
14.0920 -1.0618 11.5283
9.7601 -3.0948 4.9978
10.5553 -0.6525 10.2969
3.8565 -1.3911 4.9644
8.9905 -3.1952 4.3543
8.5799 -3.0220 4.4604
6.7231 -2.6846 4.0565
11.0295 -3.2894 5.3452
11.8850 -3.3768 5.6661
9.9218 -3.0221 5.2351
3.4936 -1.6207 4.2998
7.1047 -2.7173 4.2121
11.3797 -2.0435 7.0040
9.7732 -2.5286 5.6865
12.7868 -2.9041 7.1237
4.9590 -0.1312 8.0978
8.3165 -3.1692 4.0165
8.3689 -2.8508 4.6778
10.7038 -3.1605 5.4124
9.3514 -3.4126 4.1319
9.4581 -3.3827 4.2526
11.8836 -2.6337 7.1379
5.9049 -2.1128 4.7172
9.7221 -3.2441 4.6800
8.3612 -3.2891 3.8047
11.9178 -2.9167 6.5968
7.4338 -2.3787 4.4305
3.5967 0.0756 7.7210
8.5883 -3.3827 3.7505
9.5567 -3.2820 4.5093
10.8087 -3.4010 4.9965
7.7818 -2.8369 4.3662
5.3531 -2.0833 4.4569
8.1390 -1.9796 5.1558
10.6996 -0.1315 11.4128
10.8809 -2.7491 6.3300
6.7787 -0.4931 8.4315
10.2381 -2.7014 6.0533
12.8451 -1.1793 10.5753
5.1017 -1.7812 4.9105
10.3929 -2.5332 6.0542
8.9211 -3.0220 4.6573
9.4065 -2.9653 5.0502
9.5264 -2.8644 5.3193
10.2659 -2.7014 6.0694
11.3342 -3.3246 5.4514
9.0874 -2.0684 5.1254
4.1941 -0.4084 7.1069
5.5698 -2.5009 3.7545
8.6107 -3.1513 4.2218
10.4879 0.9434 4.5752
5.7850 -2.5788 3.7246
3.0211 -0.4930 6.2617
12.8637 -2.3005 8.3641
8.9483 -3.2964 4.1293
9.6025 -3.3889 4.3239
10.6650 -3.1694 5.3724
12.0373 -3.2597 5.9860
3.6730 -1.6207 4.4034
10.3339 -2.7335 6.0451
8.2204 -3.1329 4.0328
10.1881 -3.1237 5.1875
12.3216 -2.3486 7.9557
2.6895 -1.1787 4.7112
3.4488 -1.6207 4.2739
10.4057 -1.7112 7.2100
11.5027 -2.9887 6.2144
13.2051 -2.3006 8.5612
7.5894 -2.0796 4.9476
10.4129 -0.0304 11.4474
9.8540 -1.1560 8.0072
8.2615 -3.0220 4.2765
9.8837 0.1832 4.9821
9.2111 -3.1514 4.5684
13.1976 -1.3412 10.4581
14.6906 -0.7276 12.5364
9.9164 0.7482 5.1305
12.1637 -2.0537 8.4491
3.0788 -0.7270 5.8313
11.8323 -2.7944 6.7898
7.8748 -2.7012 4.6888
4.7845 -2.0222 4.2497
10.2865 0.8933 4.6072
6.2015 -2.2497 4.6172
8.5892 -3.0541 4.4022
11.6004 -3.1333 5.9843
12.1620 -2.9167 6.7378
10.4231 -2.9653 5.6371
6.0871 -2.1969 4.6558
7.3358 -1.7847 5.3801
10.1581 -2.7644 5.8823
10.7618 -1.8548 6.9070
10.0891 -2.5743 5.9002
9.1897 -3.0541 4.7489
10.0033 0.0650 5.1828
8.4390 -3.1692 4.0872
10.1514 -1.5861 7.0666
8.9245 -3.0848 4.5350
9.2877 -3.2892 4.3396
7.0599 -2.6847 4.2510
10.6470 -2.3992 6.1059
9.5389 -1.6762 6.4859
7.3452 -2.1500 4.4660
10.3131 -3.1605 5.1869
9.1089 -1.9923 5.2830
10.0949 0.1363 5.2243
7.2979 -2.1734 4.2233
11.3810 -3.3951 5.3388
9.3110 -3.4184 4.0971
15.4160 -0.1316 14.1363
12.1018 -1.3334 6.4266
12.3390 -3.3109 6.0589
12.4081 -2.4170 7.8703
10.8278 -3.3037 5.2003
9.6171 -0.0174 4.9421
7.3619 -2.8776 4.0431
10.7680 -0.1315 11.4522
10.5629 -3.1694 5.3135
10.0081 0.9391 4.8520
11.4284 -2.0840 6.9335
10.6695 -3.1868 5.3406
3.2889 -1.2345 4.9468
8.6795 -1.1039 7.3323
7.8724 -3.2200 3.6594
10.7877 -3.0330 5.7136
11.6460 -0.9354 10.3661
10.7832 -2.1501 6.5557
7.5292 -1.2246 3.7147
7.8252 -0.0304 9.9531
7.2239 -2.8507 4.0167
1.2155 0.1867 6.5658
9.8973 0.6759 5.1680
7.4677 -2.7333 4.3902
9.0781 -3.3703 4.0579
10.8309 -3.3246 5.1608
11.9494 -1.9037 6.7200
9.7214 -0.9996 9.1274
11.9433 -1.7335 6.6146
9.9688 -2.6681 5.9638
12.4434 -3.2039 6.3312
12.4617 -3.1517 6.4452
12.3068 -0.7995 11.0172
12.5977 -2.5015 7.8122
11.2834 -1.7432 8.5559
11.8756 -1.1215 10.1299
8.2343 -2.0709 5.0454
11.5722 -3.3513 5.5359
9.2726 -2.6509 5.5957
7.5492 -1.2782 3.7621
11.7143 -3.4011 5.5193
7.0920 -2.9288 3.7858
8.1563 -3.1422 3.9775
10.6405 -3.0748 5.5457
11.0490 -3.2672 5.4004
10.5264 -1.6937 7.1676
12.3930 -2.9040 6.8963
12.7474 -2.5412 7.8200
11.3108 -3.1143 5.8546
8.1452 -3.2360 3.7851
14.4634 -1.4406 10.9923
9.4649 -1.1419 7.2706
7.5627 -1.2014 3.7591
5.4825 -1.7812 5.1304
10.4927 -3.3704 4.8746
12.4756 0.0753 12.8483
12.3431 -1.4878 9.6741
10.4064 -1.2044 8.2243
13.4891 -2.1974 8.9296
8.9970 -3.1045 4.5378
14.5241 -0.6527 12.5887
14.3124 -0.9999 11.7784
8.8296 -2.7941 5.0561
10.0645 -3.4127 4.5436
9.7212 -3.3889 4.3924
5.6317 -2.5009 3.7902
7.5033 -3.0643 3.7547
6.5528 -2.7488 3.8310
8.9021 -0.2279 10.1835
9.0985 -3.0848 4.6355
12.6460 -1.5336 9.7582
14.0500 -0.0306 13.5477
9.2093 -0.3202 10.1780
9.1915 -3.3106 4.2417
8.0588 -2.4587 4.6796
9.1432 -2.7175 5.3891
11.9911 -2.9167 6.6391
11.6958 -1.9583 8.3678
11.5402 -1.2350 9.7113
10.6970 -2.7795 6.1636
5.6580 -2.1968 4.4081
9.1364 -3.3639 4.1041
13.1376 -2.5979 7.9331
4.1492 0.1866 8.2599
10.2922 -2.7644 5.9597
11.4778 -3.1239 5.9321
9.6997 -3.2036 4.7471
9.7510 -3.1952 4.7934
15.6211 -0.1316 14.2548
12.3418 -2.7493 7.1735
11.4733 -3.0749 6.0265
12.2109 -3.3768 5.8543
7.7160 -2.3428 4.5025
12.3131 -2.8511 6.9551
8.1483 -3.3575 3.5463
11.1286 -3.2283 5.5234
11.8706 -2.7177 6.9638
10.5221 -1.7412 7.2056
7.4542 -1.4185 3.8012
12.9132 -2.3947 8.2060
13.1413 -1.4878 10.1351
10.7932 -2.9039 5.9727
6.9358 -3.0434 3.4684
11.6011 -1.6631 8.8982
10.3622 -2.9886 5.5559
7.7855 -3.1691 3.7099
10.9265 -1.9904 6.8065
7.2563 -2.6847 4.3644
14.8195 -0.0306 13.9920
6.6316 -2.7792 3.8163
11.8444 -3.2364 5.9209
8.6367 -2.1641 4.8840
11.7196 -3.0647 6.1890
11.9287 -3.3448 5.7547
7.6822 -3.0746 3.8377
5.0611 -1.7033 5.0414
6.6920 -0.9352 7.5055
10.8289 -3.3107 5.1870
10.3258 -3.3512 4.8163
9.9426 -0.3086 5.5229
13.0961 -2.4388 8.2243
5.5612 -0.2278 8.2543
10.8935 -1.9407 6.8759
10.4005 -2.2127 5.8726
8.5939 -3.0947 4.3244
8.8088 -2.3346 5.0358
8.2424 -2.0897 5.0017
9.7362 -2.8088 5.5507
11.7942 -3.2822 5.8012
9.3401 -3.1045 4.7359
9.6686 0.0693 5.0008
11.9528 -3.3578 5.7428
10.3414 -2.0073 6.1557
12.5042 -2.7493 7.2672
12.6184 -2.8511 7.1314
7.6029 -3.2360 3.4720
9.2738 -1.6325 6.3065
9.8073 -2.0717 5.8456
11.2937 -3.0949 5.8832
10.7237 -2.1541 6.5341
7.3187 -2.9997 3.7762
9.7322 -0.3202 10.4800
12.3915 -3.1783 6.3519
9.6327 -3.1781 4.7591
10.6597 -3.4069 4.8987
8.8660 -2.9998 4.6695
11.4050 -2.2889 6.4955
13.7852 -0.3204 12.8204
7.5691 -1.8451 5.3996
5.4332 -2.2496 4.1737
5.5818 -2.4596 3.8434
7.4397 -3.1235 3.6007
8.4207 -3.0220 4.3684
10.1713 -3.1953 5.0361
8.1354 -3.1422 3.9655
8.4714 -3.2439 3.9578
10.0026 -2.3547 5.7746
12.1114 -2.6851 7.1676
5.8834 -0.5743 7.7536
9.4751 -3.3827 4.2625
9.9510 -3.3446 4.6129
9.9946 0.3766 5.1421
9.4502 -3.1780 4.6537
11.1825 -2.9414 6.1232
10.4088 -2.9886 5.5828
10.0625 -3.2362 4.8921
9.6318 -2.8087 5.4904
9.2798 -3.2964 4.3207
9.0999 -3.3827 4.0459
8.9461 -2.8644 4.9842
9.0658 -2.1398 5.0639
7.5745 -1.1018 6.5826
8.2814 -2.7643 4.7987
10.7597 -3.2363 5.2946
6.9261 -2.9996 3.5495
8.8327 -3.3035 4.0485
11.7258 -1.9909 8.3205
9.5934 -2.7942 5.4971
7.3968 -2.7642 4.2879
9.6182 -2.2178 5.5152
9.2062 -1.9019 5.8906
10.7353 -2.8510 6.0441
4.4686 -0.0302 8.0147
12.4181 -3.1144 6.4938
10.2580 -1.5740 7.3774
12.8763 -2.6512 7.6764
11.7674 -3.2038 5.9409
8.0835 -0.9352 8.3090
10.4409 -3.3704 4.8447
7.8287 -2.7941 4.4782
10.8378 -3.0749 5.6596
9.2283 -1.9456 5.7886
6.3373 -2.1969 4.8003
10.5514 -3.3447 4.9595
8.7089 -2.7013 5.1704
11.9658 -2.8780 6.7013
12.1965 -3.0750 6.4441
10.6667 -2.1478 6.4812
11.1201 -2.8089 6.3497
8.5952 -3.4008 3.7185
13.2156 -2.4170 8.3365
9.2251 -3.0645 4.7487
8.3380 -3.4183 3.5353
10.2801 -3.4127 4.6680
13.4904 -0.0306 13.2245
10.3299 -3.4127 4.6968
9.0032 -3.3948 3.9660
9.2331 -2.1010 5.1331
9.0619 -3.3511 4.0866
11.7713 -3.2597 5.8324
9.0802 -3.2518 4.2939
12.0869 -1.3614 6.4367
8.2063 -0.7273 8.7921
7.3582 -1.8327 4.0227
11.1418 -0.3188 8.0207
9.1114 -3.0110 4.7891
11.8239 -3.0749 6.2290
11.3121 -3.1954 5.6947
9.2374 -3.3511 4.1879
10.7753 -2.3279 6.2306
11.7287 -0.7994 10.6834
12.1401 -2.0227 8.4968
7.9581 -2.1546 4.9398
11.5269 -3.4070 5.3994
13.9356 -1.2891 10.9876
5.5057 -0.1313 8.4135
11.8684 -3.0001 6.4030
8.7200 -2.1938 4.8523
8.6699 -3.3311 3.8997
8.5657 -2.9998 4.4962
9.7531 0.3047 5.0094
13.4564 -2.3487 8.6109
10.0162 0.3821 5.2161
10.4598 0.9356 4.5033
8.6812 -2.9998 4.5628
8.6956 -2.9164 4.7364
8.8690 -1.5608 6.1301
12.9888 -2.2757 8.4857
-1.2045 0.1868 5.1683
14.4833 -0.4935 12.8806
10.5470 -3.3767 4.8936
10.5715 -3.3950 4.8714
10.7456 -3.3447 5.0717
12.0059 -3.2038 6.0786
11.1653 -3.0850 5.8287
9.5704 -2.3109 5.4166
10.3618 -2.5743 6.0577
9.2307 -3.1952 4.4930
11.2910 -2.2359 6.6162
7.0326 -3.0539 3.5035
8.9349 -2.7942 5.1169
13.5085 -1.7039 9.9190
7.0118 -1.5676 5.4512
13.0005 -1.1793 10.6651
8.7666 -3.0947 4.4242
10.2719 -2.7795 5.9181
7.8005 -3.1329 3.7904
12.4270 -2.8373 7.0482
6.7838 -2.5600 4.3386
9.8760 -3.3036 4.6508
8.8746 -2.8087 5.0533
6.5257 -2.7488 3.8154
12.7049 -1.3411 10.1737
12.0835 -1.7816 8.9418
11.3176 -3.0850 5.9167
10.8016 -2.7645 6.2538
7.6092 -0.6523 8.5957
8.6181 -2.8643 4.7948
9.8703 0.0663 5.1092
9.6021 -2.8644 5.3630
7.9909 -3.3243 3.5211
3.7822 -1.8547 4.0028
9.0202 -2.9769 4.8040
8.6742 -2.8508 4.8541
9.0213 -1.2717 6.7901
11.9108 -3.1695 6.0917
7.1365 -0.4085 8.8059
6.4366 -2.5010 4.2549
11.7033 -3.3381 5.6377
9.4659 -2.9770 5.0613
11.1901 -2.8779 6.2534
10.0744 -3.2519 4.8680
8.4723 -1.9682 5.1741
11.3922 -3.1954 5.7409
9.9730 -0.4933 10.2761
11.5562 -2.9040 6.4132
6.2623 -2.7011 3.7578
9.6912 -2.2592 5.5069
9.3911 -2.7175 5.5322
11.9142 -1.7498 6.6656
12.6544 -2.7337 7.3848
10.3336 -3.3641 4.7953
7.8292 -0.1314 9.7552
13.4873 -1.8190 9.6784
9.9481 0.2054 5.0151
11.4703 -3.2520 5.6739
4.7075 -2.0222 4.2052
11.3321 -3.1143 5.8668
10.5162 -2.7014 6.2139
7.9459 -3.0946 3.9503
6.8354 -2.6846 4.1214
0.1335 -0.0301 5.5113
9.1386 -1.9961 5.7972
9.4656 -3.3511 4.3197
11.5638 -3.0112 6.2050
11.5824 -3.3314 5.5812
10.2157 0.8771 4.7667
5.9149 -1.6208 5.6979
9.7023 -2.7644 5.6191
11.3067 -3.4186 5.2492
13.6743 -1.1794 11.0541
9.9915 -3.2441 4.8355
3.6626 -1.3911 4.8525
9.1101 -0.9996 7.3800
8.8386 -1.4780 6.4829
10.7445 -3.0437 5.6674
10.8098 -3.4069 4.9854
9.6585 -2.9290 5.2676
9.4352 -3.0747 4.8498
10.1993 -2.3988 5.8467
7.7966 -3.2360 3.5838
8.6603 -3.3765 3.8043
6.5152 -1.1527 5.9673
8.6493 -0.1314 10.2288
9.6692 -2.9413 5.2494
7.3222 -0.7272 8.2816
10.0744 -1.3815 7.6574
9.4648 -2.9290 5.1558
9.2609 -2.9412 5.0137
10.6997 -2.7943 6.1358
5.8009 -2.5406 3.8093
11.9125 -2.9655 6.4971
9.9296 0.2507 4.9985
9.6390 -2.7175 5.6754
10.1779 -2.9038 5.6174
8.9056 -2.8908 4.9084
6.2381 -2.5210 4.1006
10.5378 -3.3107 5.0189
10.5041 -3.3950 4.8325
8.2484 -3.2035 3.9092
9.6212 -2.3116 5.4478
8.9170 0.1864 11.0132
8.9006 -3.0541 4.5820
12.1316 -3.3706 5.8209
8.7503 -3.3702 3.8687
8.4027 -2.9164 4.5673
7.9409 -3.3947 3.3526
9.9228 -1.5317 6.8302
8.7249 -2.5746 5.1137
10.3136 0.8999 4.5910
11.3498 -3.2038 5.6998
7.8145 -3.3444 3.3794
11.6493 -2.9167 6.4418
5.5232 -0.9351 6.8306
7.9497 -2.1347 4.9813
5.5927 -1.8548 5.0482
8.7884 -3.2594 4.1102
11.3364 -3.2520 5.5966
7.4172 -1.8939 5.1620
7.0993 -2.9410 3.7656
11.3346 -3.0112 6.0726
10.6724 -2.0183 6.7683
9.0576 -3.1866 4.4100
7.5276 -1.2334 3.8207
6.1502 -2.1415 4.8020
6.0640 -2.1695 4.6967
10.6491 -3.3177 5.0694
7.8156 -3.3509 3.3670
9.5541 -1.0997 7.6043
12.2844 -3.3578 5.9343
8.5223 -3.4125 3.6531
10.1527 -2.9886 5.4350
10.9540 -1.9490 7.1042
8.5122 -3.3243 3.8221
9.0207 -2.9412 4.8750
7.8137 -3.0746 3.9136
10.9929 -3.3513 5.2014
6.9881 -3.0539 3.4778
9.1666 -1.3570 6.8010
9.4017 -3.0645 4.8507
3.5396 -1.5331 4.5000
8.6889 -1.2836 6.8139
8.7547 -3.3639 3.8837
4.2317 -1.3406 5.2811
7.1545 -0.4932 8.6485
8.9113 -3.1045 4.4883
9.3854 -2.3143 5.3185
11.2737 -3.4186 5.2302
10.7225 -3.1515 5.4410
9.7009 -1.1971 7.6190
5.7824 -2.2496 4.3753
2.5251 -1.2345 4.5057
4.9238 -1.4400 5.4839
10.0753 -2.1732 5.6577
10.2103 -3.1605 5.1275
12.1092 -3.3038 5.9401
11.5327 -3.0331 6.1437
11.8587 -2.7944 6.8050
7.4930 -3.2034 3.4731
12.1083 -1.4877 9.5386
11.9311 -3.3830 5.6805
9.6666 -3.1514 4.8314
9.7827 -1.1482 7.6828
12.4504 -3.1240 6.4936
8.4249 -0.3202 9.7250
9.6978 -2.6849 5.7740
11.3473 -3.3951 5.3193
2.4308 -0.1311 6.6378
8.6934 -3.2594 4.0554
8.9522 -1.4058 6.7276
10.5533 -3.3037 5.0418
10.7164 -2.5742 6.2621
11.9065 -3.2038 6.0212
1.3523 -0.2276 5.8238
5.7475 -2.2496 4.3551
7.9055 -3.1329 3.8510
12.3836 -2.9415 6.8166
10.0719 -2.8909 5.5818
10.1320 -2.4846 5.8645
4.3910 -1.8184 4.4262
13.0105 -2.5216 8.0108
7.7842 -3.2744 3.5006
9.9203 -0.9353 9.3696
6.6864 -2.8775 3.6531
9.9668 -2.1120 6.0703
11.5165 -3.3578 5.4909
12.0623 -2.4601 7.5851
11.2440 -1.7037 8.6114
12.1042 -2.9292 6.6796
12.0538 -3.1695 6.1743
9.9166 -1.5104 7.0044
10.5185 -2.8910 5.8396
10.3266 -3.1046 5.3054
11.2984 -3.3890 5.3030
11.5487 -3.2038 5.8146
8.1546 -3.3105 3.6430
11.8213 -3.2967 5.7880
9.9393 -3.0748 5.1408
5.2068 -2.4164 3.7124
8.4602 -1.5191 5.8809
10.9065 -1.5401 7.8449
3.5978 -1.1211 5.3501
7.0209 -2.8085 3.9830
9.4722 -1.4027 6.9898
5.8347 -2.4596 3.9894
9.6906 -2.7490 5.6427
8.8915 -3.0329 4.6188
5.6141 -2.3481 4.0829
10.2704 -2.8909 5.6964
11.1960 -3.1695 5.6790
13.3667 -2.1421 8.9687
9.4660 -3.3640 4.2944
7.5140 -3.0946 3.7010
6.2993 -2.5210 4.1360
8.8327 -3.1604 4.3321
9.5296 -1.0616 8.8938
7.6564 -2.8507 4.2665
9.4611 -3.2036 4.6094
11.3898 -3.3705 5.3926
4.9802 -2.3481 3.7169
10.9062 -3.3641 5.1259
8.1185 -2.7941 4.6455
9.1897 -0.9996 7.5847
7.4323 -2.8642 4.1102
7.2251 -2.2104 4.1985
7.4690 -1.2056 3.7620
11.5598 -1.8552 8.4936
12.2398 -3.2284 6.1649
8.0483 -3.2360 3.7292
1.5419 -1.1209 4.1630
8.1834 0.1865 10.5896
10.4429 -3.4069 4.7736
7.9265 -3.1329 3.8631
10.0055 -2.9413 5.4436
11.2388 -1.7514 7.6807
12.5526 -2.9167 6.9633
9.0484 -1.9958 5.2598
12.2066 -2.7493 7.0954
7.3775 -2.9163 3.9754
11.3921 -0.0305 12.0128
9.9125 0.3686 5.0305
11.8992 -1.7873 6.6920
7.8414 -3.1235 3.8326
9.5192 -3.2965 4.4589
8.0702 -1.7523 5.6186
7.7108 -1.9455 5.0592
10.3545 0.9757 4.4962
11.4002 -3.1695 5.7969
10.9253 -3.3890 5.0876
11.6075 -2.2014 6.8838
10.6149 -2.2041 6.1374
9.4204 -3.3312 4.3330
4.3795 -1.3406 5.3664
5.2352 -1.7033 5.1419
8.8882 -2.8777 4.9243
7.8906 -3.2035 3.7026
10.0553 -3.2519 4.8569
10.0704 -3.3176 4.7353
11.6643 -0.4934 11.2527
7.4996 -3.1140 3.6541
12.0201 -0.3203 11.8011
8.5615 -3.1692 4.1580
11.2455 -3.2283 5.5909
12.3982 -3.1333 6.4449
9.9800 -3.3176 4.6831
12.1797 -3.3578 5.8738
4.9325 -1.7812 4.8128
11.6814 -1.2889 9.6860
12.5090 -0.8688 10.9966
12.4520 -2.1974 8.3308
6.5272 -2.6507 4.0106
7.4139 -3.1602 3.5130
7.9426 -3.0109 4.1143
11.3130 -3.1047 5.8750
4.7392 -0.8684 6.5101
8.7551 -1.4219 6.2974
11.2519 -0.1633 7.9353
8.9061 -0.9996 7.3412
8.6802 -3.0947 4.3743
11.3281 -3.2821 5.5320
7.9289 -3.1779 3.7754
8.0701 -2.6847 4.8343
13.3255 -1.9910 9.2442
9.0319 -3.1423 4.4830
13.1490 -0.9355 11.2340
4.2437 -1.1788 5.6087
10.7986 -3.3447 5.1023
11.0098 -3.4185 5.0778
12.3177 -3.2284 6.2100
11.7017 -0.9354 10.3982
9.2029 -3.1141 4.6375
9.7900 -1.8990 6.0643
7.6653 -3.2516 3.4771
10.2237 1.0054 4.6098
8.3236 -3.2200 3.9200
9.7953 -3.2595 4.6916
7.5963 -1.7150 5.6132
11.7992 -3.2748 5.8187
8.1913 -0.9995 8.2438
8.4275 -3.4008 3.6217
10.3995 -3.3577 4.8460
8.3556 -3.3639 3.6533
8.0652 -3.2818 3.6482
8.2740 -1.9361 5.3447
12.2623 -3.2443 6.1466
10.0882 -2.7335 5.9032
12.2643 -0.5746 11.4383
10.3558 -3.3107 4.9139
10.4683 -1.5542 7.3330
10.7633 -3.3447 5.0819
11.7642 -3.0223 6.2989
9.8540 -3.2201 4.8035
12.2816 -0.3203 11.9521
8.1373 -3.1236 4.0035
8.5599 -2.9533 4.5850
10.3108 0.1864 11.8181
11.4868 -3.3038 5.5808
11.0104 -3.3577 5.1987
12.9169 -2.1974 8.5993
8.4963 -2.9289 4.5966
12.9534 -2.6852 7.6538
11.0549 -3.1238 5.6880
5.7398 -2.4596 3.9346
9.3619 -3.3640 4.2343
10.2032 -2.0366 6.0650
11.0464 -3.3314 5.2717
9.4289 -1.8468 5.9331
11.9170 -3.1606 6.1129
9.8388 -3.2036 4.8274
10.4682 -3.3177 4.9650
11.6562 -2.7015 6.8721
11.1830 -3.1143 5.7808
4.4780 -1.3407 5.4233
7.5036 -2.2169 4.6603
10.5621 -3.4127 4.8308
4.6640 -1.2346 5.7408
9.2483 -1.8921 6.0342
7.5320 -1.7895 5.2946
9.7261 -3.1045 4.9587
9.9561 -1.9108 6.2098
8.6682 -3.1604 4.2371
8.7622 -2.9769 4.6550
9.6319 -2.1909 5.6205
11.3324 -1.9411 7.1305
10.9336 -3.2283 5.4108
3.1593 -1.4399 4.4651
8.5371 -2.7175 5.0391
12.4022 -1.8190 9.0519
10.5609 -2.8645 5.9165
11.6039 -3.3246 5.6071
6.4682 -2.5407 4.1945
0.7464 -0.7989 4.3417
8.8194 -3.2964 4.0549
-2.1578 0.1868 4.6178
9.9421 -2.7176 5.8503
7.2256 -2.9532 3.8146
11.3311 -1.7037 8.6617
10.1178 -1.5843 7.0336
8.3757 -0.7993 8.7472
10.2872 0.8954 4.8055
12.3418 -1.8553 8.9452
12.7176 -2.2241 8.4313
10.4951 -3.2519 5.1108
8.3001 -3.0540 4.2353
15.2264 0.1862 14.6568
6.6310 -2.5973 4.1764
10.5243 -3.2283 5.1745
5.7646 -2.3000 4.2652
11.4822 -3.3951 5.3972
7.1716 -1.9669 4.6874
10.6339 -2.5454 6.2206
7.6177 -3.2818 3.3899
13.9791 0.1863 13.9365
11.9689 -1.6212 9.1935
10.1098 -3.1331 5.1237
3.3498 -0.0302 7.3686
6.9119 -2.7173 4.1008
9.0177 -3.1604 4.4390
13.7854 -1.8907 9.7087
11.5450 -3.2967 5.6285
9.3007 -3.3106 4.3047
11.7374 -3.1869 5.9571
12.2929 -2.3947 7.8479
6.4329 -2.7939 3.6723
10.4121 0.9250 4.6360
11.8426 -3.3178 5.7585
9.4839 -3.4009 4.2316
8.9536 -2.1182 4.9386
10.1403 -3.3828 4.6465
12.7121 -1.5781 9.7082
10.8948 -1.2025 8.4535
12.8174 -2.8090 7.3297
12.0613 -1.4877 9.5115
8.8420 -3.4067 3.8493
10.7511 -1.8157 7.0833
9.1256 -3.1780 4.4663
8.4230 -2.7333 4.9418
9.5886 -3.2282 4.6343
10.8889 -2.8645 6.1059
7.7287 -2.3661 4.4151
13.3592 -1.6213 9.9964
7.9716 -3.2669 3.6236
9.9694 -3.1142 5.0801
10.2079 0.8753 4.7844
9.3206 -2.7013 5.5236
5.3454 -0.4084 7.7717
9.0061 -2.4851 5.2158
10.3965 0.9196 4.4833
9.2156 -3.4008 4.0767
4.9386 -2.0222 4.3386
7.6088 -3.1235 3.6983
8.3098 -2.1873 4.8471
11.8032 -3.1783 6.0123
10.7026 -2.1887 6.4214
10.6750 -3.3447 5.0309
12.7798 -2.7178 7.4887
11.8889 -2.9655 6.4834
10.2611 0.8880 4.7127
11.7985 -1.7432 8.8533
8.9314 -2.1013 4.9597
9.8595 -3.2671 4.7136
11.5706 -3.4186 5.4016
8.1510 -3.1866 3.8865
9.1483 -2.1941 5.1004
12.3389 -2.7178 7.2342
12.7477 -2.7493 7.4078
11.1006 -3.3246 5.3165
12.4026 -3.0439 6.6248
6.9260 -1.6330 5.2424
4.6996 -1.0613 6.1048
12.5968 -1.6213 9.5561
11.4803 -3.0543 6.0714
8.3313 -2.3976 4.7657
9.8449 -3.1423 4.9524
11.4595 -2.8089 6.5457
7.0037 -2.6847 4.2186
12.3152 -2.4601 7.7311
8.7504 -3.1951 4.2157
8.6938 -2.0661 4.9836
11.8507 -3.3768 5.6463
8.8778 -2.8508 4.9716
12.5040 -2.8373 7.0926
10.1459 -3.0542 5.3010
1.4399 -0.7989 4.7422
15.2889 -0.3205 13.6887
11.6116 -3.2748 5.7104
11.4708 -2.9414 6.2896
8.0367 -2.2741 4.7556
11.7836 -2.2654 6.8945
13.0508 -2.5412 7.9952
9.6202 -1.4684 6.8387
10.5690 -3.3447 4.9697
6.3403 -0.4931 8.1784
11.6780 -2.0227 8.2299
13.2025 -2.5412 8.0828
10.5330 -2.2086 6.1025
12.6031 -2.8912 7.0432
6.4853 -2.7641 3.7617
2.7880 -1.5775 3.9779
12.1313 -3.4187 5.7254
9.2068 -1.9216 5.8224
7.6309 -1.4096 6.0112
10.2130 0.8652 4.8778
10.4736 -3.2893 5.0242
10.6241 -3.0112 5.6624
10.2416 0.0889 5.2541
12.1237 -1.2514 6.3844
9.0234 -2.0752 5.1092
10.9347 -2.5393 6.3807
8.5088 -3.3702 3.7292
5.4489 -2.1695 4.3415
9.1874 -2.7334 5.3831
10.8842 -2.3675 6.2399
7.1552 -1.2051 6.3710
12.5963 -2.7945 7.2308
9.6828 0.0754 11.2355
11.4557 -2.0791 6.9325
13.8773 -1.0618 11.4043
6.5262 -2.7173 3.8781
11.4886 -3.1516 5.8833
11.5937 -2.1645 6.9630
12.1282 -1.2059 6.4520
4.5564 -1.5331 5.0871
7.9575 -3.3887 3.3742
12.2275 -2.7944 7.0179
8.3349 -2.8908 4.5789
4.1535 -1.5776 4.7663
10.7353 -3.2120 5.3286
8.0441 -3.3444 3.5119
7.4103 -1.7763 5.3751
12.2911 -2.8780 6.8891
7.8010 -2.3300 4.5191
10.7777 -2.9654 5.8419
5.0896 -0.4084 7.6239
5.1162 -2.3000 3.8908
11.8653 -2.9655 6.4698
9.2417 -3.3312 4.2298
10.4626 -2.7943 5.9990
9.6082 -1.1214 8.8207
10.1573 -3.3828 4.6564
10.0242 -3.2120 4.9180
10.4733 -2.9039 5.7879
11.5492 -2.9887 6.2413
5.9935 -2.6846 3.6353
10.8660 -2.8910 6.0402
11.2783 -3.4010 5.2676
10.9534 -3.2363 5.4065
6.9094 -2.6678 4.1974
4.0625 -1.5776 4.7138
11.5124 -2.7177 6.7570
11.6481 -3.2038 5.8720
9.0247 -3.1514 4.4608
12.1027 -2.8232 6.8888
7.2443 -3.1512 3.4329
12.6065 -2.3249 8.1674
10.2398 -2.1045 5.8097
10.3394 -2.8778 5.7622
11.9847 -1.5192 6.5420
7.6772 -2.6847 4.6074
9.5009 -3.1514 4.7358
8.7743 -3.2517 4.1173
12.0482 -2.5978 7.3041
9.4834 -3.3640 4.3044
5.4414 -2.5210 3.6406
10.5095 -3.0111 5.5962
3.1624 -1.6625 4.0256
10.8341 -3.0437 5.7192
7.4626 -1.6638 5.4741
8.8630 -2.4422 5.1055
9.6729 -3.2518 4.6361
10.8573 -2.3422 6.2370
11.8180 -1.3411 9.6616
9.7876 -3.2518 4.7024
8.0477 -3.2517 3.6978
9.6027 -3.2893 4.5214
11.8680 -1.9246 6.7465
8.0293 -1.8267 5.1971
8.2193 -3.3510 3.6001
2.2233 -1.1787 4.4420
7.2663 -3.0327 3.6805
12.8334 -2.0228 8.8971
10.4366 0.9310 4.6197
8.8985 -3.2119 4.2681
8.9048 -3.1141 4.4654
11.9933 -3.3109 5.8593
9.0692 -3.2201 4.3504
13.2476 -2.1133 8.9568
8.7379 -3.4126 3.7776
8.6235 -2.4424 4.9677
9.3976 -3.2745 4.4321
13.0764 -2.3947 8.3003
10.4347 -2.3115 5.9926
10.3671 -2.9999 5.5362
11.4568 -2.0113 7.1941
9.7127 -1.7740 6.4685
6.3823 -2.8227 3.5860
12.7579 -2.4601 7.9867
12.6516 -2.7646 7.3219
9.0785 -3.0541 4.6847
11.4516 -2.2249 6.6784
5.5229 -1.9905 4.7389
9.6287 -3.1142 4.8834
7.5399 -0.5744 8.7101
4.2419 -0.3200 7.3095
11.6799 -3.3178 5.6645
8.0555 -3.0540 4.0941
10.3848 -3.2965 4.9587
10.5660 0.9626 4.5435
4.4266 -1.5776 4.9240
9.4758 0.0157 5.1888
11.4987 -2.7645 6.6563
9.9861 -3.3245 4.6730
7.9753 -1.6869 5.6519
9.5484 -2.9653 5.1321
9.6571 0.1683 4.9285
4.3993 -1.6626 4.7398
9.2071 -2.1016 5.1196
11.8832 -3.0850 6.2433
8.6348 -0.2279 10.0292
9.8333 -3.2595 4.7135
9.3698 -3.3576 4.2516
6.3941 -0.1313 8.9265
10.4509 -1.9992 6.4323
9.4648 -3.3244 4.3721
10.6681 -2.2054 6.1717
7.7133 -2.7333 4.5320
5.8739 -1.9905 4.9416
7.5474 -3.0643 3.7801
6.4258 -2.1696 4.9056
10.4692 -3.2363 5.1269
8.1474 -3.3639 3.5331
7.2298 0.1865 10.0389
13.2637 -2.4602 8.2788
10.8208 -2.2284 6.4142
13.8728 -0.9356 11.6519
12.4929 -3.1783 6.4105
12.0063 -3.1239 6.2373
10.8213 -3.2596 5.2839
4.3076 -1.8184 4.3781
9.9045 -3.3511 4.5731
13.9406 -1.5337 10.5057
9.7658 0.0882 5.2467
8.4112 -2.4422 4.8446
8.0580 -3.4125 3.3851
10.0630 0.8660 4.9963
9.5301 -3.2282 4.6005
7.3474 -1.9243 4.1366
13.1744 -2.3948 8.3569
11.9095 -3.3247 5.7835
8.8042 -3.4126 3.8159
8.6591 -3.1780 4.1970
7.5061 -3.2360 3.4161
9.4509 -1.8873 5.8198
7.0754 -3.0846 3.4674
7.3508 -0.1313 9.4789
11.7224 -3.3891 5.5478
11.7762 -3.2520 5.8505
8.5948 -3.3035 3.9111
-0.6438 -0.1310 4.8623
9.5421 -0.1377 4.9168
6.5539 -0.8685 7.5579
10.9867 -1.8473 7.1835
12.2595 -1.8553 8.8976
7.9644 -2.2268 4.6709
9.2850 -3.1604 4.5933
10.1856 -3.2746 4.8871
12.3619 -3.0851 6.5196
8.0118 -2.9532 4.2686
7.9160 -3.2818 3.5621
9.9517 -2.7335 5.8244
9.6181 -3.4009 4.3091
5.1825 -1.0613 6.3837
8.7121 -1.7196 5.5951
10.0120 -3.1142 5.1047
11.4292 -3.4011 5.3547
9.9885 -1.2493 7.8475
9.2240 -1.6224 6.4915
7.1458 -0.1313 9.3606
12.8017 -2.8233 7.2924
3.6185 -0.4083 6.7744
7.7237 -2.9411 4.1262
6.3213 -2.7332 3.7283
11.7006 -2.7944 6.7137
9.1816 -3.1141 4.6252
11.7467 -2.7492 6.8298
12.2161 -2.8780 6.8457
11.0266 -3.4069 5.1106
11.5076 -3.3768 5.4482
11.9364 -3.2673 5.9127
9.5700 -3.2119 4.6558
12.8230 -2.7797 7.3911
12.4402 -3.1333 6.4692
10.6323 -1.5420 7.7042
9.7443 -1.0616 9.0178
7.9544 -3.3105 3.5274
7.5692 -2.8086 4.2995
8.6218 -3.4125 3.7106
9.4482 -0.9996 8.9696
11.7478 -3.4011 5.5387
7.8123 -2.8776 4.3031
9.1465 -2.9652 4.9001
10.8026 -3.1332 5.5237
11.4111 -3.3108 5.5231
9.5442 -1.4375 6.9226
10.6183 -1.5933 7.3921
12.1934 -3.3109 5.9748
7.0510 -2.6679 4.2791
13.6047 -1.4405 10.4964
10.5716 -3.3037 5.0524
10.9929 -3.3577 5.1886
12.8153 -2.3947 8.1495
11.2084 -0.7994 10.3829
9.4763 -2.8909 5.2379
11.0553 -3.1143 5.7070
12.4645 -2.7945 7.1548
9.8816 0.1612 4.9858
8.9573 -3.3703 3.9882
8.4192 -2.1408 5.0574
7.3502 -2.1014 4.6391
11.6627 -2.8232 6.6347
11.9923 -3.1425 6.1923
4.3311 -2.0531 3.9265
13.0794 -1.9584 9.1667
10.9908 -3.0222 5.8523
11.7863 -3.2364 5.8873
8.2999 -2.1262 4.7538
8.5894 -1.1936 6.8846
11.8609 -3.2673 5.8691
8.2470 -3.3035 3.7103
8.9980 -1.6256 6.3843
7.6461 -2.3178 4.4783
6.4592 -2.7939 3.6875
11.2645 -3.1332 5.7904
11.7821 -3.3768 5.6067
6.6078 -2.9287 3.5062
9.7913 0.6210 5.1461
11.9633 -3.0950 6.2698
3.8978 -0.4930 6.7680
9.0258 -1.8453 5.5401
12.3140 -0.9355 10.7518
7.4646 -3.1329 3.5965
7.2764 -3.0945 3.5638
10.2361 0.8826 4.6275
5.4709 -1.2886 6.0999
11.1022 -3.0543 5.8531
4.5387 -2.1414 3.8715
9.4746 -3.3576 4.3120
9.8216 -2.1337 5.6540
9.2471 -3.0645 4.7615
9.4277 -1.5435 6.6438
8.2235 -3.1141 4.0721
1.7637 -0.4083 5.7034
4.6434 -1.4873 5.2282
6.8903 -2.8085 3.9076
10.8758 -3.4010 5.0352
12.5782 -2.5978 7.6101
11.1475 -2.7943 6.3944
10.4418 -3.1238 5.3340
11.9323 -3.4011 5.6452
12.0291 -3.3315 5.8391
8.2043 -1.1392 6.4470
10.2584 -2.8088 5.8522
8.9673 -3.3175 4.0985
8.2946 -2.6848 4.9639
11.9074 -3.3705 5.6914
2.1157 -1.2884 4.1626
2.4774 -0.3199 6.2906
10.5116 -3.1953 5.2325
11.5140 -3.3246 5.5552
12.0696 -2.9772 6.5646
8.3035 -3.3639 3.6232
10.5891 -3.3512 4.9683
9.2554 -3.2670 4.3648
11.6145 -3.3381 5.5864
8.1828 -0.9996 6.7039
11.0818 -2.0163 6.9971
10.8730 -3.3767 5.0818
10.2115 -3.0111 5.4242
7.4329 -3.0539 3.7346
8.8304 -3.1951 4.2619
7.6346 -3.2117 3.5384
8.4273 -3.2035 4.0125
7.7974 -2.9532 4.1447
10.5132 -3.0222 5.5766
11.6895 -1.6631 8.9492
13.4187 -2.0538 9.1737
9.3262 -0.7273 9.4388
12.4919 -2.9772 6.8083
7.4699 -2.0608 4.9431
7.4247 -1.5379 3.8640
8.5274 -2.7490 4.9711
11.5218 -3.2203 5.7665
10.1947 -3.0221 5.3927
9.1733 -3.1237 4.6016
0.7226 -0.1311 5.6514
12.9598 -2.5412 7.9426
8.7778 -3.3035 4.0167
8.5773 -2.8370 4.8255
11.5856 -2.8911 6.4557
9.9005 -1.2496 7.8039
12.3889 -3.0113 6.6814
9.0149 -3.3639 4.0340
12.3246 -3.2748 6.1220
9.0100 -3.2670 4.2231
5.6009 -1.9905 4.7840
8.5638 -1.9215 5.3080
6.4446 -2.1969 4.8622
9.8849 -3.3313 4.6012
6.8943 -1.6063 5.3446
12.2411 -1.3916 9.8058
8.1555 -3.3035 3.6575
10.0892 -2.2227 5.8005
9.2121 -3.4184 4.0399
9.9792 -3.2746 4.7679
13.6524 -1.4405 10.5240
8.1570 -1.8069 5.5410
7.9860 -2.7012 4.7530
9.3552 -3.3106 4.3362
12.4124 -0.3203 12.0276
11.0461 -2.0971 6.6443
8.1063 -2.9651 4.2995
9.0470 -2.8644 5.0425
5.7064 -1.8901 5.0439
7.2136 -1.9468 4.9361
9.0597 -2.4851 5.2468
11.2669 -2.7015 6.6473
-0.5849 -0.2275 4.7052
8.0578 -2.2568 4.8084
4.8781 -1.4873 5.3637
9.8673 -2.9165 5.4129
9.8461 -2.1702 5.5989
8.9205 -1.3663 6.7853
10.3005 -1.7076 7.1265
9.2225 -3.3949 4.0925
10.3865 0.9173 4.5080
10.5746 -3.1424 5.3737
9.6024 -2.2690 5.4812
9.7563 -3.4184 4.3542
14.4093 0.0752 13.9649
10.6265 -3.3037 5.0841
5.7467 -1.5777 5.6862
9.7428 -0.1314 10.8602
1.2855 -0.2276 5.7852
7.1942 -3.0643 3.5762
11.1310 -3.3705 5.2431
7.3936 -1.6642 3.9304
12.3272 -2.8647 6.9364
12.4719 -3.1426 6.4692
8.2913 -2.1353 4.9663
8.4071 -0.4932 9.3719
5.4094 -1.7033 5.2425
9.9642 -2.0841 5.9771
10.4418 0.9311 4.5044
12.4203 -3.1517 6.4213
7.1575 -1.8839 4.9648
8.0130 -2.8086 4.5558
14.9107 0.0752 14.2544
11.2690 -3.3705 5.3228
6.8062 -2.9650 3.5488
9.7990 -3.0645 5.0801
7.4083 -1.7128 4.0298
8.9665 -3.0220 4.6836
8.8655 -3.0747 4.5209
4.2570 -0.9993 5.9720
8.1389 -3.2891 3.6763
8.9049 -1.5573 6.4574
4.0177 -1.4399 4.9607
10.0238 -2.2327 5.6302
12.6258 -2.9168 7.0056
11.5541 -3.4186 5.3921
6.8776 -2.6155 4.2828
9.4430 -3.4184 4.1732
5.9739 -2.6154 3.7610
14.0904 -1.1216 11.4088
11.7304 -3.0438 6.2366
10.4539 -1.8842 6.8683
10.8014 -2.9654 5.8555
3.0004 -1.6206 4.0150
9.9481 -3.1142 5.0678
8.5126 -0.1314 10.1498
9.2044 -1.3572 6.8252
10.4336 -1.4541 7.6159
9.6491 -3.3576 4.4128
10.1215 -2.8909 5.6104
6.9296 -2.7011 4.1431
11.1418 -0.2734 8.0207
12.2308 -2.8911 6.8283
12.0244 -3.2748 5.9487
14.2726 0.1863 14.1060
11.1761 -2.2321 6.4534
7.8498 -3.3444 3.3998
11.0110 -3.2894 5.3345
12.1766 -3.3768 5.8344
10.2643 -2.8778 5.7189
14.0525 0.1863 13.9788
0.6416 -0.4929 4.8876
10.6929 -1.8299 6.9281
9.2901 -3.3511 4.2183
11.9979 -1.4597 6.5188
11.3422 -2.1915 6.6095
8.6372 -1.6964 5.6257
12.4305 -2.9167 6.8928
2.1988 -0.6521 5.4715
11.2855 -2.9039 6.2569
9.7973 0.1864 11.5216
10.5834 -2.7491 6.1582
6.4806 -1.1035 6.0460
9.9873 0.8469 4.9911
11.2076 -1.6844 7.7748
14.1744 -1.4879 10.7316
8.2942 -0.3202 9.6495
6.6453 -2.9162 3.5526
11.5171 -3.0749 6.0518
6.2461 -2.6846 3.7811
10.2009 -2.8509 5.7356
12.7501 -1.0618 10.7534
11.8604 -1.1793 10.0068
8.7200 -3.3639 3.8637
12.6403 -2.3249 8.1869
4.6071 -2.1127 3.9679
8.7372 -2.7643 5.0619
10.5528 -2.5742 6.1677
9.6991 -3.3703 4.4164
7.2632 -2.7012 4.3357
9.0141 -0.0304 10.6396
10.6264 -3.3577 4.9770
13.3133 -2.0839 9.0531
11.8910 -3.2520 5.9167
9.0510 -2.0084 5.3042
9.6599 -3.2036 4.7241
12.0117 -3.2895 5.9123
6.4456 -2.7792 3.7089
12.0235 -3.3178 5.8629
12.7258 -1.3916 10.0857
8.6141 -2.7334 5.0521
8.2272 -1.5788 5.8999
8.1527 -3.3243 3.6145
5.2391 -2.4164 3.7310
7.2827 -1.9376 4.9362
8.2108 -2.8908 4.5073
4.9654 -0.7991 6.7780
10.9713 -3.1694 5.5493
12.7762 -1.6213 9.6597
10.6520 -2.6850 6.3250
7.4903 -2.7174 4.4348
8.1010 -2.3641 4.6253
8.4521 -3.2439 3.9467
10.0603 -3.3889 4.5882
11.1466 -3.3829 5.2275
7.8095 -3.0435 3.9729
7.5609 -3.1691 3.5803
5.8281 -2.6154 3.6768
11.0165 -2.7177 6.4707
7.5395 -1.2568 3.7998
6.2713 -2.2497 4.6576
7.0807 -2.9883 3.6613
12.3971 -3.2443 6.2243
7.3070 -1.8961 5.1089
7.4321 -0.2278 9.3346
8.1229 -1.9447 5.2936
11.8056 -3.2364 5.8985
11.0384 -2.9414 6.0399
5.9193 -2.1695 4.6131
12.4262 -1.9249 8.8558
8.5117 -3.3639 3.7435
11.3271 -3.0438 6.0038
9.5578 -1.5629 6.5442
6.7084 -1.3757 5.6378
11.9994 -3.3642 5.7570
12.3650 0.1863 13.0044
13.5443 -2.1134 9.1281
2.3511 -0.9349 4.9989
9.8011 -2.2528 5.5539
5.9623 -2.5210 3.9414
10.3579 -0.1315 11.2154
14.9136 -0.9999 12.1255
9.1676 -2.8370 5.1663
9.5899 -0.0895 4.9369
12.0838 -3.2284 6.0749
7.7701 -1.9186 5.3014
13.1918 0.0753 13.2618
13.3046 -2.0537 9.1078
9.8889 -3.1693 4.9244
11.6343 -2.6850 6.8921
10.5418 -3.3641 4.9155
11.8160 -3.1239 6.1274
8.6790 -2.9533 4.6538
2.3717 -0.7270 5.4229
11.7770 -3.4070 5.5438
9.9318 -2.9038 5.4753
10.7297 -3.2747 5.2012
0.2152 -0.6520 4.3261
10.1584 -3.0748 5.2674
9.2572 -2.2354 5.1949
-0.6592 -0.3198 4.4793
8.6803 0.0754 10.6566
9.7388 0.0781 5.1322
14.7780 -0.8689 12.3068
7.0667 -2.7488 4.1278
11.8751 -2.9887 6.4294
6.5877 -2.5788 4.1880
8.1082 -1.8307 5.4403
9.9881 0.1587 5.1558
10.6941 -3.2821 5.1660
13.2215 -2.2502 8.6706
9.1136 -2.1553 5.0540
7.4505 -1.5797 3.9557
8.5294 -1.9572 5.1661
9.8376 -0.2279 10.7237
5.7099 -2.5406 3.7567
10.0964 -2.7491 5.8770
10.5293 -2.2405 5.9423
8.9921 -0.6524 9.3942
7.3317 -3.1602 3.4655
8.8983 -1.9331 5.2885
11.5697 -1.9909 8.2304
11.3348 -2.7796 6.5318
8.1347 -3.3243 3.6041
9.5744 -2.9165 5.2438
12.0774 -3.1144 6.2971
5.0620 -1.6626 5.1224
11.7276 -3.2038 5.9179
7.5369 -2.6847 4.5264
10.3518 0.9110 4.7470
7.0489 -1.3415 6.0336
10.0415 -3.2820 4.7892
10.3764 -3.2441 5.0577
13.4800 -1.7817 9.7482
12.3299 -2.7646 7.1362
8.3684 -2.2584 4.7412
12.2289 -3.3448 5.9281
8.5334 -2.8908 4.6935
7.9020 -3.0847 3.9447
3.0671 -1.2884 4.7119
9.3093 -3.1142 4.6990
12.1376 -3.2122 6.1382
9.3330 -3.3445 4.2561
8.9492 -3.3175 4.0880
8.8454 -3.2594 4.1431
10.4704 -3.1424 5.3136
11.3170 -2.5777 6.6163
7.7402 -3.2439 3.5357
2.0872 -0.2276 6.2482
10.6948 -2.9039 5.9158
7.3137 -0.3201 9.0834
13.5552 -1.0618 11.2183
11.2091 -1.9508 7.1000
11.2001 -2.9887 6.0397
10.1819 0.2058 5.2045
10.7628 -3.2519 5.2654
8.0107 -3.1044 3.9683
10.1109 0.8775 4.9473
12.0713 -2.5015 7.5083
14.8498 -0.2281 13.6181
11.0545 -3.1332 5.6691
12.4839 -1.4878 9.7555
9.6099 -1.8134 6.2215
8.2605 -3.1422 4.0377
9.2605 -2.6680 5.5549
9.4797 -3.1142 4.7973
15.2212 -0.7276 12.8428
5.9287 -1.5777 5.7914
9.2225 -3.2036 4.4716
10.4462 -0.7274 10.0855
10.6290 -3.2519 5.1881
9.4481 -3.1237 4.7603
7.0304 -1.7609 5.0676
9.0575 -3.0220 4.7361
6.6032 -2.8085 3.7418
10.2924 -2.9886 5.5156
8.9072 -3.3888 3.9225
11.4744 -3.1332 5.9116
9.9911 -2.2713 5.6346
8.8849 -3.0436 4.5938
12.2014 -2.4388 7.7077
10.8881 -3.1516 5.5367
7.2023 -1.8013 5.1687
11.8149 -2.2756 7.8079
10.7673 -2.2475 6.3464
9.1887 -3.3949 4.0730
12.0745 -3.0331 6.4565
15.5890 -0.0306 14.4364
9.8793 -2.9653 5.3232
6.0061 -0.5743 7.8245
9.8414 -1.9166 6.0256
8.5724 -2.8508 4.7953
10.9931 -3.3890 5.1268
8.6887 -3.1604 4.2490
9.5842 -3.2893 4.5107
5.2067 -1.4873 5.5535
12.1971 -3.3247 5.9496
12.8422 -1.9584 9.0297
10.7076 -1.4562 7.7971
9.4791 -3.0747 4.8751
12.8090 -2.3249 8.2843
12.1748 -2.7944 6.9875
10.5538 -3.1424 5.3617
9.9042 -3.2746 4.7246
11.3700 -3.2672 5.5857
11.4547 -3.0647 6.0361
3.8810 -1.1788 5.3992
11.1043 -0.3992 8.0864
4.6259 -0.2277 7.7142
12.6342 -2.4170 8.0008
9.2527 -2.0668 5.5092
13.9872 -1.6214 10.3589
11.8276 -3.3382 5.7095
10.2532 -0.1724 5.2967
12.6753 -2.7945 7.2765
11.5497 -3.3951 5.4361
10.2397 0.0419 5.2596
9.0663 -1.8942 5.4880
9.9371 -1.9706 6.1586
7.8750 -2.2092 4.8514
7.5977 -3.2199 3.5009
9.9357 -3.1515 4.9868
9.2362 -0.2279 10.3764
12.9556 -1.6213 9.7633
11.7533 -2.7944 6.7442
10.1956 0.0186 5.2381
9.8267 -3.2119 4.8040
7.2304 -2.8642 3.9936
4.2268 -2.0833 3.8066
8.6754 -3.1044 4.3521
9.7644 -2.2339 5.5616
12.0851 -3.1048 6.3207
12.1900 -3.3315 5.9320
8.3887 -3.3175 3.7644
8.4239 -3.0110 4.3921
10.3684 -2.8231 5.8874
8.9079 -2.9289 4.8342
7.5477 -3.2439 3.4246
10.0836 -2.8231 5.7230
12.2492 -1.4878 9.6199
8.9485 -3.1423 4.4349
-0.2018 -0.3198 4.7435
5.6702 -2.0223 4.7611
12.2362 -3.3382 5.9454
9.2771 -3.2819 4.3479
10.3456 0.9096 4.7637
11.1805 -3.1332 5.7419
11.2219 -2.0785 6.7954
9.9280 -1.5228 7.1236
8.7274 -2.9998 4.5895
9.7138 -2.8778 5.4010
9.4805 -3.1693 4.6886
2.7797 -1.2345 4.6528
11.2978 -2.1350 6.7007
12.2707 -1.7433 9.1260
10.6699 -3.0112 5.6889
11.7230 -1.7037 8.8880
10.0317 -0.9353 9.4339
5.1866 -2.2751 3.9808
7.5862 -3.2439 3.4468
8.3883 -3.1330 4.1298
8.3839 -2.9884 4.4137
14.0715 -1.8191 10.0158
11.0861 -1.0617 9.7926
11.2955 -1.1215 9.7950
4.3440 -0.1312 7.7426
9.2049 -2.5294 5.3601
9.0865 -3.0436 4.7102
11.8244 -2.2501 7.8638
12.5158 -2.9292 6.9173
8.7107 -2.3155 4.9318
7.7224 -3.1603 3.6911
11.7577 -3.1516 6.0388
14.8086 -0.7276 12.6045
10.9487 -1.6355 7.5817
11.4849 -2.7177 6.7411
10.5763 -2.6201 6.2121
1.0195 0.0757 6.2327
11.1042 -0.4916 8.0864
6.4817 -2.3482 4.5838
11.9487 -2.8646 6.7178
12.0422 -3.1048 6.2959
10.4140 -3.3177 4.9337
9.7185 -2.1478 5.7299
7.8209 -2.7174 4.6256
10.5819 -2.1911 6.1696
10.7501 -3.0748 5.6090
11.4241 -2.2554 6.6600
7.8672 -1.5999 5.5451
9.7189 0.1149 5.0165
9.8031 -3.1867 4.8404
4.6195 -1.2885 5.6083
8.3531 -1.6541 5.6600
8.7098 -2.0710 5.0079
12.1618 -3.2284 6.1199
7.1685 -3.0945 3.5014
3.5545 -0.4083 6.7375
8.7618 -3.0220 4.5654
11.2769 -0.6525 10.7136
10.4462 0.9337 4.6461
9.0033 -3.3765 4.0023
7.7993 -2.0617 5.0038
5.5646 -1.5777 5.5811
12.2705 -3.2364 6.1669
8.4662 -1.3081 6.3314
12.4382 -2.7945 7.1396
11.9866 -3.2520 5.9719
8.2302 -3.3826 3.5437
10.8167 -3.2283 5.3433
8.5978 -2.7793 4.9516
7.3470 -1.4290 6.0826
9.5683 -2.7644 5.5417
4.8650 -2.0833 4.1751
10.1760 0.0659 5.2205
8.2317 -3.0644 4.1752
13.2169 -1.8906 9.3805
8.1122 -3.1692 3.8986
13.3184 -2.2241 8.7782
8.4684 -3.2517 3.9407
8.2315 -2.4388 4.7332
2.9789 -0.4083 6.4051
9.5128 -2.9770 5.0883
6.8631 0.1865 9.8271
10.9906 -2.9886 5.9187
12.1838 -3.1144 6.3586
10.4942 -1.2047 8.2835
11.2863 -3.3705 5.3328
4.3476 -2.1127 3.8180
11.1418 -0.2281 8.0207
11.7176 -3.3705 5.5818
13.2568 -2.1420 8.9052
9.6348 -3.3312 4.4567
7.8275 -2.0771 4.9499
7.7209 -2.7793 4.4453
8.5854 -3.1141 4.2810
10.0228 -2.8509 5.6328
4.7331 -1.4400 5.3738
8.0320 -0.4085 9.3231
11.9692 -3.3178 5.8316
2.5594 -0.6521 5.6797
7.8932 -2.1687 4.8405
11.3358 -2.2615 6.5417
11.5958 -2.9887 6.2681
10.5065 -2.1462 6.2787
10.1157 -2.9653 5.4597
9.6002 -3.3176 4.4639
9.4648 -2.4822 5.4738
9.3030 -0.2279 10.4150
4.4627 -1.9578 4.1913
8.0817 -1.8943 5.3709
12.8794 -2.8233 7.3372
7.7639 -1.4699 5.7834
8.1851 -3.2281 3.8240
12.3853 -3.1048 6.4941
4.6647 -1.9904 4.2434
9.4312 -2.9885 5.0184
9.5771 -3.0848 4.9118
9.2714 -1.5050 6.5838
14.3255 -1.3917 11.0094
9.0353 -3.2594 4.2528
10.8839 -1.8675 7.2244
10.9075 -3.1332 5.5843
11.9694 -2.5793 7.2953
8.3638 -1.1830 6.4660
11.0595 -3.0112 5.9138
8.5970 -2.4423 4.9522
8.0931 -3.1513 3.9229
11.3664 -3.0647 5.9851
12.0698 -3.1239 6.2739
6.8826 -1.5751 5.4393
8.3867 -1.7321 5.4757
11.0433 -2.7492 6.4237
11.1535 -0.7274 10.4939
8.3498 -3.0328 4.3060
8.7391 -3.0220 4.5523
11.6924 -3.1954 5.9143
8.9455 -3.3639 3.9939
9.5796 -2.8087 5.4603
12.7341 -2.0537 8.7785
6.4971 -0.7272 7.8051
5.9179 -2.6678 3.6249
9.9225 -2.2019 5.6478
11.6927 -2.2240 7.8395
14.4936 -0.4088 13.0543
4.5176 -1.5776 4.9766
2.0185 -0.6521 5.3673
12.1434 -2.9415 6.6779
10.9349 -2.3150 6.3693
11.7968 -3.3314 5.7050
11.1665 -3.3641 5.2762
6.0769 -0.0303 8.9435
9.6069 -0.1624 4.9565
11.5528 -3.3890 5.4499
8.0952 -0.9996 6.6584
0.2753 -0.6520 4.3608
9.6623 0.2582 4.9650
13.5707 -1.5337 10.2921
9.6874 -0.2853 5.0186
7.3811 -0.7272 8.3156
9.5525 -1.9519 6.0009
11.1345 -2.9414 6.0954
6.4986 -2.6846 3.9269
9.1986 -3.0436 4.7749
8.3369 -3.1692 4.0283
11.0117 -3.2202 5.4719
10.5180 0.9505 4.5352
10.5292 -3.2893 5.0563
11.6815 -3.1783 5.9420
10.5602 -2.4863 6.1154
11.3110 -2.4860 6.5482
11.7406 -2.8780 6.5712
5.1674 -2.0532 4.4095
13.4033 -2.1421 8.9898
11.2764 -2.9535 6.1534
7.7585 -3.1329 3.7662
10.4272 0.9284 4.5938
12.8507 -2.2756 8.4059
9.2182 -3.2282 4.4204
9.5483 -3.2595 4.5490
8.3502 -1.6763 5.5599
11.2121 -2.2888 6.6283
11.8090 -2.8911 6.5847
10.3273 0.0754 11.6076
10.6781 -2.9414 5.8319
11.6656 -2.8779 6.5279
12.6527 -2.8912 7.0718
11.5063 -3.0438 6.1073
7.7159 -2.7489 4.5026
8.4228 -3.4125 3.5957
9.8295 -3.3949 4.4430
9.4538 -2.9653 5.0775
8.2179 -1.9340 5.3035
10.1544 -1.8195 6.3894
10.1057 -3.0948 5.1973
9.6073 -2.3549 5.4725
8.0360 -2.9411 4.3064
3.2189 -0.9993 5.3726
2.2312 -1.0612 4.6795
8.9710 -1.2732 6.7881
11.3654 -3.2821 5.5536
9.7515 -2.2164 5.5883
8.8469 -3.1045 4.4511
9.1122 -3.0947 4.6237
9.6156 -3.2518 4.6030
6.8462 -2.7011 4.0949
8.8281 -1.5222 6.1190
10.7686 -2.9039 5.9584
7.2215 -2.2516 4.2239
10.3724 -2.2770 5.8693
11.9904 -2.7944 6.8810
11.4410 -3.4128 5.3383
7.4902 -1.4547 3.8861
11.8117 -0.0305 12.2551
8.9478 -0.3202 10.0270
0.0422 0.1867 5.8882
9.4214 -3.0221 4.9462
8.7081 -3.1236 4.3330
12.0323 -2.8911 6.7136
7.9580 -3.4007 3.3506
7.4852 -2.0733 4.8647
8.2754 -3.2594 3.8141
13.7755 -0.1316 13.1890
7.9673 -0.3202 9.4608
8.8388 -1.0492 7.1397
7.8601 -1.6291 5.7530
10.0355 -3.0221 5.3008
10.2755 -2.9534 5.5755
4.4557 -0.8684 6.3464
8.7456 -3.2670 4.0705
9.1947 -1.3955 6.7427
10.9543 -3.2596 5.3607
11.8459 -3.0749 6.2416
9.1173 -1.9708 5.3213
11.9408 -2.8780 6.6868
8.4770 -3.3639 3.7234
10.2234 0.8789 4.7494
7.5846 -2.6164 4.4774
11.2368 -3.1695 5.7026
7.2616 -1.3414 6.1547
9.3484 -2.7013 5.5396
10.3598 0.9113 4.5735
8.6061 -3.2440 4.0356
7.5697 -3.2516 3.4219
9.0315 -0.7273 9.2686
6.9408 -0.1313 9.2422
10.0907 -3.1046 5.1692
1.9615 -0.9349 4.7739
8.0120 -2.9288 4.3170
7.8215 -3.1329 3.8025
0.6694 -0.5741 4.7428
7.2317 -1.4328 6.0614
8.8613 -3.3379 3.9969
9.3151 -2.4420 5.3660
7.5876 -2.2207 4.6204
7.5697 -3.1950 3.5340
8.9008 -2.6509 5.3811
4.6157 -1.9244 4.3460
8.6014 -2.3633 4.9122
9.1476 -1.5193 6.6416
9.9032 -3.4009 4.4737
5.6424 -0.1313 8.4924
11.1526 -2.5732 6.5117
9.7729 -3.0848 5.0248
9.4807 -3.1867 4.6542
8.8988 -1.9524 5.2421
11.0925 -1.7387 7.5198
9.0944 -3.1423 4.5191
7.4226 -2.2476 4.3292
10.2174 -3.2362 4.9815
8.5763 -1.4836 5.9883
9.5646 -2.2794 5.4863
13.6038 -2.0228 9.3419
10.2889 0.9720 4.5575
8.1134 -3.3575 3.5261
7.3690 -2.0258 4.8912
11.9763 -3.0113 6.4432
5.0219 -0.9994 6.4138
10.3033 -2.1083 6.0437
8.8012 -1.5820 5.9545
7.4862 -3.1865 3.5027
9.5824 -2.7490 5.5803
11.0328 -3.1606 5.6024
10.0748 0.1573 5.1443
8.4223 -3.3243 3.7702
12.8210 -1.6213 9.6856
12.0652 -2.6683 7.1742
4.3287 -0.0302 7.9339
11.7196 -2.2501 7.8033
10.0478 -3.1046 5.1445
12.7078 -2.3249 8.2258
12.3202 -2.6683 7.3215
8.5329 -3.0847 4.3089
11.3083 -2.4424 6.5174
9.4786 -2.3534 5.3946
11.6678 -3.3381 5.6172
11.3436 -3.1516 5.7997
13.7609 -2.0538 9.3713
13.0303 -2.5605 7.9452
9.6731 -0.8686 9.3591
13.4199 -1.8906 9.4977
11.0128 -3.1047 5.7016
10.4045 -2.8509 5.8531
8.5614 -3.0110 4.4715
12.1788 -0.6526 11.2344
10.5424 -1.5098 7.7802
7.3166 -3.0434 3.6883
12.4588 -2.5215 7.6923
11.4554 -2.5837 6.7093
7.9112 -2.2055 4.6692
0.1155 0.1867 5.9306
9.8388 -0.3600 5.1138
7.5573 -2.6164 4.4615
11.9022 -3.3768 5.6760
1.5527 -0.2276 5.9396
10.6060 -2.9414 5.7903
10.2060 -1.5391 7.4321
7.3623 -0.9995 6.4462
13.2865 -1.9910 9.2216
8.8911 -3.2745 4.1397
10.2236 -0.4933 10.4208
8.0695 -3.2035 3.8059
12.1441 -1.3916 9.7499
8.7043 -2.9998 4.5762
-1.4745 -0.0300 4.5828
5.1837 -1.8185 4.8839
8.8227 -2.3563 5.0228
7.8434 -3.2963 3.4914
9.0733 -3.2594 4.2748
12.2661 -2.8780 6.8746
7.4772 -2.7642 4.3344
8.1446 -2.4871 4.7230
12.3116 -3.1144 6.4324
7.8565 -3.2517 3.5874
10.9101 -3.1694 5.5139
6.4340 -2.8228 3.6159
13.0438 -2.3947 8.2814
9.9247 -3.3889 4.5099
10.8833 -3.0949 5.6462
14.0358 -1.2891 11.0455
9.7770 -3.2965 4.6078
8.9534 -3.4126 3.9021
5.0485 -2.2751 3.9011
7.1368 -2.8776 3.9131
12.7766 -2.4388 8.0398
11.8116 -2.9772 6.4156
3.2887 -1.5775 4.2670
7.2337 -1.9627 4.8560
11.3182 -3.3177 5.4557
11.5345 -3.2364 5.7419
1.6578 -0.6521 5.1591
11.6956 -3.1516 6.0029
8.1461 -2.7793 4.6908
10.0311 -2.1707 5.9793
10.9326 -2.6850 6.4870
11.9681 -3.2748 5.9162
12.2604 -3.2822 6.0703
12.2951 -3.2673 6.1199
15.6158 -0.3205 13.8775
3.4177 -1.2885 4.9143
6.8682 -2.9531 3.6082
10.3502 -2.9039 5.7169
11.6250 -1.9249 8.3932
8.4385 -2.2270 4.8594
12.6885 -2.6683 7.5341
10.0830 -3.3107 4.7563
7.9779 -2.2640 4.6943
13.5131 -0.2281 12.8462
9.7991 -3.3176 4.5787
10.6776 0.1864 12.0299
10.2113 -1.9970 6.1610
2.9065 -1.4872 4.2253
11.7532 -2.8510 6.6318
8.7184 -1.1534 7.2596
8.6753 -3.4067 3.7530
7.8239 -3.2891 3.4944
8.8559 -2.7941 5.0713
7.0114 -2.9163 3.7640
12.0785 -3.3891 5.7534
10.6593 -3.3512 5.0089
9.4441 -2.2490 5.3380
8.0604 -2.5340 4.7098
10.7709 -2.5744 6.2941
3.4436 -1.3406 4.8260
1.7735 -0.5741 5.3803
0.1888 0.1867 5.9729
8.6830 -3.2440 4.0800
11.9500 -2.9040 6.6405
11.8059 -3.4128 5.5489
7.3016 -3.1421 3.4840
8.6200 -3.3244 3.8843
12.3894 -2.8511 6.9991
8.0646 -2.8229 4.5573
5.4391 -2.0222 4.6277
6.9361 -1.6113 5.4076
11.6656 -2.9887 6.3084
0.5157 -0.6520 4.4996
7.4375 -2.0244 4.9252
10.3800 -2.2028 5.8343
8.3577 -2.3976 4.7809
9.4900 -3.0645 4.9017
9.6670 -2.2773 5.6205
8.1801 -2.9411 4.3897
6.0040 -1.9579 5.0813
11.3101 -2.9039 6.2711
11.2348 -3.2821 5.4782
10.8340 -3.2120 5.3856
12.9734 -2.7647 7.5077
7.3735 -2.9651 3.8764
7.2608 -3.0219 3.6987
3.7464 -0.4083 6.8483
11.3694 -3.1332 5.8510
12.2007 -3.3382 5.9249
5.8807 -1.8548 5.2145
11.8644 -3.1144 6.1742
4.8253 -2.0531 4.2119
10.4673 -2.8088 5.9729
9.0123 -2.9885 4.7765
11.3658 -3.3381 5.4429
4.8136 -1.1789 5.9377
9.8307 0.1381 5.0760
2.8168 -1.2884 4.5674
9.8590 0.3809 4.9765
9.4318 -2.7013 5.5878
7.2806 -2.1874 4.2535
8.4472 -3.2035 4.0240
11.6703 -3.1606 5.9704
9.8585 -3.3576 4.5337
9.8770 -1.2039 7.9068
11.9544 -3.3951 5.6698
10.7534 -3.2037 5.3555
6.8553 -2.5789 4.3425
10.6493 -2.2389 6.0855
10.1863 -3.0849 5.2635
9.7755 -3.2201 4.7582
7.7654 -3.2744 3.4898
10.1206 -1.9700 6.0110
10.4159 -3.1605 5.2462
9.4674 -3.0436 4.9301
12.0699 -3.2443 6.0355
3.9184 -1.2885 5.2035
8.7588 -3.3827 3.8489
7.9570 -3.3764 3.3983
10.4886 -3.2363 5.1381
8.1501 -1.0944 6.5138
11.7689 -3.3951 5.5627
9.4031 -3.0848 4.8113
2.8332 -0.4930 6.1532
10.8790 -1.6992 7.4064
6.7598 -2.8085 3.8323
12.3487 -2.9536 6.7725
7.7630 -2.2940 4.5659
7.9413 -2.9768 4.1810
9.2491 -3.2361 4.4224
12.5712 -1.7433 9.2995
9.6747 -3.3036 4.5346
11.0301 -3.2672 5.3895
5.5084 -2.3714 3.9757
7.9678 -3.1044 3.9435
10.5253 -3.1781 5.2744
11.7315 -3.1239 6.0786
8.3921 -2.2594 4.7577
6.8418 -2.6507 4.1923
10.4550 -3.3641 4.8654
9.8085 -2.4562 5.6835
9.6812 -1.9725 5.8880
8.5120 -2.3110 4.8060
10.3774 -1.7436 7.1366
8.2507 0.0755 10.4085
10.7707 -2.7335 6.2972
9.0189 -1.7812 5.7211
10.7445 -3.4127 4.9361
11.1341 -3.3447 5.2960
12.0379 -1.9910 8.5007
9.6051 -0.1868 4.9589
9.8506 -0.3964 5.3202
8.7504 -3.1604 4.2846
8.6680 -3.3035 3.9533
5.5508 -2.1968 4.3461
11.7836 -2.2970 6.8945
10.6064 -3.1782 5.3213
14.8043 -0.9999 12.0624
8.4590 -2.8908 4.6505
10.3886 -2.3575 5.9297
7.6982 -1.9214 5.1055
9.3708 -3.1952 4.5739
5.5583 -2.5406 3.6692
9.8953 -3.2441 4.7800
11.9261 -3.3038 5.8344
7.5049 -1.6477 5.6834
10.5309 0.1864 11.9452
8.3653 -3.2118 3.9602
7.5193 -3.2199 3.4555
10.2468 -3.3380 4.7968
12.2821 -0.8688 10.8656
13.7193 -2.0228 9.4086
14.1511 -0.9356 11.8127
10.5992 -2.2619 6.0381
10.0491 -2.1741 5.6452
12.1775 -2.5793 7.4154
11.1189 -1.8767 7.2168
5.0795 -0.8684 6.7065
7.0416 -2.9997 3.6162
7.5169 -2.3051 4.3708
2.3791 -0.6521 5.5756
9.3403 -2.1787 5.3307
12.2081 -3.2967 6.0113
10.4081 -2.0720 6.3037
3.1971 -1.0612 5.2372
13.2575 -1.8906 9.4039
5.2973 -2.4596 3.6791
8.4479 -2.9289 4.5686
11.8180 -3.2748 5.8295
11.4562 -3.3767 5.4185
11.0720 -2.2138 6.5172
8.1344 -2.5527 4.7940
11.9810 -1.1215 10.1908
12.0167 -2.7944 6.8962
11.3489 -3.2747 5.5587
12.7835 -2.5015 7.9195
8.4571 -2.2128 4.9161
4.6803 -1.3911 5.4401
11.5588 -3.2673 5.6947
10.1437 -1.7937 6.4320
9.1848 -1.8761 5.9251
8.4398 -3.3702 3.6894
8.6019 -3.4183 3.6876
10.4934 -2.8088 5.9879
11.4292 -3.3578 5.4405
6.5335 -0.6695 5.5506
10.2710 -0.4086 10.6160
9.9982 -3.3949 4.5404
10.4890 -3.2820 5.0476
4.8372 -0.4931 7.3104
6.4516 -2.4805 4.3041
5.9352 -2.3000 4.3637
10.6700 -1.4990 7.7470
10.2927 -2.4848 5.9576
10.7129 -3.4185 4.9064
7.6891 -2.5742 4.5149
12.9044 -2.4388 8.1136
12.1949 -2.3947 7.7913
10.1379 -3.4009 4.6092
11.0108 -3.3108 5.2920
7.5430 -2.8086 4.2845
11.9234 -3.1517 6.1344
9.2571 -2.0162 5.6801
13.0991 -1.7817 9.5283
12.4385 -3.0950 6.5442
3.3869 -1.1210 5.2283
8.4305 -2.9884 4.4406
5.8945 -2.3942 4.1536
7.8175 -2.6847 4.6884
11.3820 -2.0148 7.0284
9.8695 -2.2052 5.5460
11.5507 -3.1516 5.9192
6.6233 -1.2512 5.9499
10.9359 -2.4504 6.3208
8.4443 -3.4008 3.6314
10.2603 -1.2452 7.9147
8.0630 -2.8643 4.4743
8.7668 -3.4183 3.7828
12.2495 -3.2748 6.0787
8.2530 -3.3575 3.6067
8.1758 -2.9769 4.3164
2.0728 -0.9349 4.8382
10.1299 -3.3245 4.7560
8.8208 -3.4126 3.8255
12.1001 -3.1869 6.1665
5.9913 -2.0834 4.8254
9.9111 -1.9821 5.9339
12.0324 -3.4186 5.6682
4.5867 -0.4930 7.1658
9.9146 -3.2441 4.7911
5.3177 -1.7428 5.1113
7.2290 -2.7488 4.2215
7.1334 -2.9163 3.8345
12.4604 -2.5978 7.5421
11.0421 -2.3981 6.3315
11.5911 -2.2986 6.6273
10.0110 -3.2202 4.8942
11.8354 -2.7336 6.9120
10.2210 -3.1781 5.0987
9.6668 -1.2373 7.4003
7.2370 -2.0291 4.6899
12.1146 -2.6337 7.2713
12.6630 -2.4601 7.9319
10.7284 -2.8088 6.1236
12.3472 -3.3039 6.0775
4.9369 -1.9579 4.4652
5.8079 -2.2751 4.3395
8.0108 -3.0847 4.0075
10.0411 -1.4793 7.1896
8.3305 -3.3311 3.7037
8.1049 -0.0304 10.1146
12.6287 -2.5015 7.8301
9.5956 -2.0931 5.4934
8.3154 -3.2517 3.8524
10.8521 -3.0000 5.8163
7.8046 -3.1603 3.7386
9.9094 -3.0645 5.1439
9.4518 -1.6933 6.2982
3.9649 -0.9350 5.9308
9.6381 -3.3036 4.5134
8.1614 -3.2594 3.7483
12.6666 -1.1216 10.5867
10.3947 -2.9534 5.6443
8.2984 -3.3826 3.5831
6.5635 -0.2278 8.8330
8.7034 -1.6956 5.6593
15.0742 -0.1316 13.9390
10.2086 -0.1963 5.2750
11.4703 -2.6682 6.8307
6.3333 -0.9994 7.1710
7.9098 -0.6524 8.7693
6.8915 -2.6846 4.1538
7.7578 -3.2360 3.5615
9.1912 -3.2745 4.3130
7.9575 -2.6679 4.8025
10.1787 -3.2362 4.9592
11.5224 -1.3411 9.4909
5.1503 -1.6627 5.1735
8.3127 -2.8777 4.5921
13.0129 -2.0839 8.8796
8.9833 -3.1514 4.4369
8.0421 -3.3948 3.4110
12.0571 -2.8911 6.7280
9.0421 -3.4067 3.9648
6.1346 -2.5407 4.0019
9.0173 -3.1866 4.3867
8.4481 -3.1422 4.1460
10.3368 0.9061 4.6301
13.4655 0.1863 13.6399
10.0625 -1.8545 6.3334
7.0972 -1.1560 6.4218
11.4195 -3.3829 5.3850
11.3772 -3.1782 5.7663
9.9028 -3.3313 4.6115
3.4921 -0.9993 5.5303
7.4216 -2.1569 4.6372
6.7274 -2.6507 4.1262
11.7776 -3.3830 5.5918
10.7886 -3.2894 5.2061
8.7325 -2.9412 4.7086
5.3070 -2.3941 3.8143
8.0417 -2.3976 4.5987
9.2785 -1.7442 6.0563
6.4985 -2.5010 4.2907
4.0365 -1.1788 5.4890
10.1339 0.0896 5.1937
10.2412 0.9080 4.6169
9.3596 -3.0848 4.7862
10.2594 -3.4069 4.6677
11.2065 -3.2283 5.5684
11.3795 -3.2363 5.6525
8.2789 -3.2439 3.8467
10.8830 -2.7795 6.2710
10.5117 -2.6849 6.2439
12.8969 -1.1793 10.6052
11.7156 -2.8780 6.5568
7.3379 -1.9052 5.1695
9.1643 -3.3703 4.1077
6.0033 -2.4383 4.1290
7.5725 -3.2034 3.5190
11.0418 -2.3558 6.3025
7.4552 -2.9288 3.9955
11.2256 -3.1143 5.8054
9.5502 -3.2119 4.6444
3.8587 -1.7427 4.2688
12.2947 -3.3178 6.0195
10.9703 -3.1238 5.6391
10.1854 -3.3512 4.7352
7.0200 -1.5774 5.5380
11.2034 -1.6630 8.6686
12.2116 -3.3109 5.9853
9.3175 -3.3576 4.2213
10.8141 -3.3313 5.1376
9.2058 -3.3640 4.1441
9.0575 -2.3564 5.1586
9.6475 -0.7993 9.4816
9.6499 -3.4126 4.3042
10.8611 -3.2747 5.2770
9.0391 -3.1330 4.5055
9.3692 -1.5087 6.6731
8.5379 -2.8777 4.7221
10.4441 -3.1781 5.2276
9.8629 -0.3202 10.5554
10.3795 0.9441 4.4807
6.7572 -2.9035 3.6424
8.4862 -1.8099 5.3814
7.2281 -1.5418 5.7381
12.3362 -2.5215 7.6215
11.1780 -0.1966 7.9572
9.3931 -2.7490 5.4709
9.0755 -3.4067 3.9841
14.3012 -1.6214 10.5402
8.8336 -1.7705 5.5612
6.6472 -2.5788 4.2224
11.3173 -3.2520 5.5855
9.1493 -3.2595 4.3186
12.0482 -1.3375 6.4307
8.1058 -3.2439 3.7467
11.8965 -3.1606 6.1010
10.9172 -1.7972 7.2903
13.4376 -2.2757 8.7448
11.8804 -2.8511 6.7053
10.4518 -1.1214 9.3078
13.1943 -2.5216 8.1170
11.2225 -1.7782 7.3626
11.7217 -3.3642 5.5967
9.7471 0.2102 5.0192
7.5341 -3.1513 3.6002
5.5757 -2.4805 3.7984
11.2175 -3.2747 5.4829
10.9184 -3.2894 5.2810
7.7992 -2.2596 4.6671
6.3334 -2.5599 4.0786
11.6050 -3.0223 6.2069
7.3340 -3.1235 3.5397
13.8666 -1.8907 9.7556
6.4137 -0.9352 7.3448
5.0491 -2.2496 3.9519
12.4715 -3.1240 6.5058
7.3474 -1.9840 4.1366
11.9994 -3.4186 5.6492
10.0502 -3.2202 4.9168
8.7504 -3.0847 4.4345
8.1815 -2.9289 4.4148
9.9248 -2.9290 5.4214
9.9356 -2.1540 5.7794
4.6565 -0.5743 7.0452
8.9368 -3.3106 4.0946
9.8574 -2.1550 5.6478
13.4105 -2.1701 8.9385
8.1174 -2.8086 4.6161
11.8020 -0.7274 10.8684
13.4670 -1.1793 10.9344
12.6984 -1.4405 9.9731
9.9513 -2.0644 6.0142
9.5579 -3.0221 5.0250
6.3030 -1.9905 5.1894
10.1216 -3.2893 4.8210
7.1659 -2.8369 4.0106
5.2746 -2.1128 4.3532
10.7770 -3.3246 5.1297
12.4176 -2.9040 6.9105
2.2704 -1.2345 4.3587
10.0915 -2.8371 5.6997
11.5498 -2.2942 6.6702
15.1623 -0.7276 12.8088
9.8870 -2.7176 5.8185
7.3173 -2.0522 4.1459
1.2665 -0.7989 4.6421
11.2721 -3.1954 5.6716
10.3814 -3.0330 5.4790
12.8659 -1.6213 9.7115
7.5564 -3.0219 3.8695
10.0349 -3.2965 4.7566
11.9634 -3.3247 5.8146
8.5260 -2.8370 4.7959
9.7781 -2.6205 5.7520
10.0650 -3.1867 4.9916
3.6528 -1.5775 4.4772
8.2107 -3.3948 3.5084
10.4457 -3.1331 5.3176
8.7133 -3.2892 4.0079
12.1458 -1.9249 8.6939
9.2935 -1.7177 6.3548
1.4859 -0.2276 5.9010
6.1226 -1.9580 5.1498
11.4472 -3.1516 5.8594
9.0730 -1.8290 5.6467
6.8503 -1.3475 6.0124
6.6126 -2.3942 4.5682
10.5199 0.9515 4.5850
9.1098 -3.1236 4.5650
12.0891 -3.2443 6.0466
9.9258 0.1829 5.0057
9.8165 -0.3600 5.1013
11.9989 -1.9910 8.4782
11.2714 -0.7274 10.5620
8.0465 -3.2818 3.6374
9.2949 -3.3765 4.1707
11.2268 -1.3411 9.3202
6.0777 -2.6846 3.6839
8.5302 -3.3243 3.8324
9.9975 -2.9653 5.3914
9.6703 -3.3889 4.3631
5.5137 -0.9994 6.6977
8.6168 -3.2964 3.9379
14.0311 -1.7039 10.2207
8.7570 -2.8370 4.9292
11.5101 -3.0331 6.1307
9.5962 -2.4846 5.5551
6.9051 -1.6306 5.2129
11.0811 -3.3447 5.2654
10.1428 -3.0849 5.2384
10.0862 -3.4185 4.5446
7.8401 -0.4085 9.2122
10.0064 -1.7546 6.5327
9.4723 -1.4990 6.6448
11.3594 -3.1695 5.7733
10.0580 -3.3245 4.7145
10.2835 0.8935 4.7098
10.6766 -3.1332 5.4510
1.8088 -1.1787 4.2027
11.6956 -2.2405 6.9535
14.5553 -1.1794 11.5628
12.0575 -3.3578 5.8033
10.1610 -1.6053 7.2216
5.6890 -2.5973 3.6325
9.1494 -0.7273 9.3367
2.8255 -1.4399 4.2723
11.6456 -3.0331 6.2089
11.2738 -3.2747 5.5154
12.1441 -3.2673 6.0326
9.1278 -3.3379 4.1507
10.6773 -3.0437 5.6286
8.6572 -3.2200 4.1125
1.1974 -0.9992 4.2053
8.3043 -3.1330 4.0813
9.0804 -2.2344 5.0902
6.4065 -2.7939 3.6571
10.6672 -3.3177 5.0799
9.2172 -2.2753 5.1981
9.4708 -1.2296 7.1205
8.5680 -3.3888 3.7266
7.3838 -3.0434 3.7271
11.4527 -1.9909 8.1628
10.4176 -2.0398 6.4356
11.3189 -2.1743 6.6377
11.4340 -3.3890 5.3814
11.5298 -3.4011 5.4128
2.5952 -0.4083 6.1835
9.2850 -3.0221 4.8674
10.4980 -3.0437 5.5251
7.3719 -3.1140 3.5804
6.4097 -2.8506 3.5467
11.1303 -2.6682 6.6344
8.7649 -3.2361 4.1429
10.3100 -0.9354 9.5946
7.3970 -2.9036 4.0118
11.1311 -3.2038 5.5736
8.2176 -1.4978 5.9099
5.2272 -0.2278 8.0614
13.5436 -0.4934 12.3379
11.5257 -3.3381 5.5352
6.3581 -0.9352 7.3127
3.1349 -1.6207 4.0927
13.9195 -0.4935 12.5550
8.6215 -2.9769 4.5737
10.5547 -3.3950 4.8617
9.2763 -3.1693 4.5706
10.4982 -3.2120 5.1917
9.5381 -3.2820 4.4986
5.8639 -1.4874 5.9330
7.2630 -2.1702 4.2845
11.1637 -2.8910 6.2122
4.3545 -0.9351 6.1557
8.6418 -3.3175 3.9105
11.4318 -0.3203 11.4614
7.6794 -1.8120 5.5022
10.4331 -1.8381 7.0161
5.5847 -1.8901 4.9736
11.1120 -3.1954 5.5792
11.4904 -2.8779 6.4268
9.5482 -2.2707 5.4541
8.0416 -3.4066 3.3872
8.8914 -2.3158 5.0370
8.5107 -1.5158 5.8824
12.1252 -3.2039 6.1475
9.7708 -2.9770 5.2373
10.4897 -3.3641 4.8855
6.9750 -2.6333 4.3038
6.9278 -3.0327 3.4850
1.5977 -0.6521 5.1244
11.3245 -3.3578 5.3801
7.9557 -1.1886 6.3831
12.4809 -3.0332 6.6911
7.4017 -3.0846 3.6558
6.6176 -0.3242 5.3682
11.6279 -0.3203 11.5746
9.1376 -1.8240 6.0011
11.6075 -3.3178 5.6228
11.9544 -3.0438 6.3660
9.8030 -3.2282 4.7581
6.6842 -2.5010 4.3979
8.0849 -3.2669 3.6890
11.7477 -3.3247 5.6901
7.6121 -2.8776 4.1876
8.1584 -3.2818 3.7020
12.0256 -1.9249 8.6245
11.2490 -2.2369 6.7815
4.2918 -0.2277 7.5213
9.8577 -3.3036 4.6402
6.8214 -2.8906 3.7050
12.2974 -1.1215 10.3735
7.4995 -2.7489 4.3776
9.5009 -3.1331 4.7722
10.6395 -0.2280 11.1868
9.1552 -3.2119 4.4163
8.4203 -2.9412 4.5283
11.7476 -3.2673 5.8037
11.8950 -3.2967 5.8306
10.5625 -3.1046 5.4416
8.7013 -2.9037 4.7649
12.4305 -1.1793 10.3359
11.3360 -1.6631 8.7451
9.2026 -3.2440 4.3800
8.4058 -3.2670 3.8743
7.7374 -2.4040 4.4380
10.4002 0.9208 4.5193
7.9303 -3.2035 3.7256
6.1470 -1.9905 5.0993
8.4029 -2.2668 4.7831
8.9462 -3.0848 4.5475
10.7838 -1.7803 7.1209
9.5464 -2.1210 5.8575
7.4696 -3.1950 3.4762
12.0068 -3.0331 6.4174
11.3157 -2.0658 6.9236
7.8622 -2.1257 4.7918
7.8321 -3.2118 3.6524
8.2752 -3.3378 3.6585
12.4662 -1.9249 8.8789
14.1074 -0.4935 12.6635
7.5506 -3.2516 3.4108
10.8365 -1.6007 7.5759
7.6871 -1.9051 5.1920
11.0177 -2.0541 6.7105
9.8632 -2.7644 5.7120
8.1731 -2.9998 4.2695
13.1417 -2.3948 8.3380
12.6248 -1.4878 9.8368
8.1107 -3.1866 3.8633
9.7749 -2.2192 5.6097
7.6175 -2.6679 4.6062
10.1662 -1.6170 6.9954
10.5900 -2.0598 6.6076
13.9211 -0.5747 12.3950
10.5717 -2.9039 5.8448
8.4162 -2.8643 4.6783
9.2876 -3.3379 4.2430
12.1952 -2.5015 7.5798
7.8066 -3.0219 4.0139
8.5627 -3.3311 3.8378
11.6009 -2.0227 8.1855
4.9724 -1.5332 5.3273
4.0144 -2.0221 3.8050
11.8663 -2.7796 6.8387
8.8888 -2.0479 5.0395
13.4635 -2.0839 9.1398
15.0229 -0.9999 12.1887
8.9771 -3.1866 4.3634
9.0979 -3.1867 4.4332
11.3082 -2.7796 6.5165
9.1338 -3.0947 4.6362
10.0511 0.1603 5.1375
12.0878 -3.4129 5.7117
10.8329 -3.2037 5.4014
9.5218 -0.1134 4.9020
7.6979 -1.9397 5.1849
11.0307 -3.2442 5.4355
11.5829 -3.3642 5.5166
8.4327 -3.2964 3.8316
10.1428 -1.6894 6.9191
5.0232 -0.7991 6.8113
10.7597 -3.0000 5.7629
5.4208 -1.2886 6.0710
11.4724 -3.3381 5.5044
6.5363 -2.8775 3.5664
6.8186 0.0755 9.5815
2.6358 -0.1312 6.7562
8.3053 -3.3575 3.6369
10.7576 -3.3177 5.1321
7.5512 -1.2543 3.7792
10.2679 -0.9996 9.4430
8.6233 -2.8508 4.8247
14.1052 -0.5747 12.5013
10.4937 -2.8910 5.8253
5.5035 -1.8901 4.9267
9.8021 -1.7598 6.4430
11.8038 -1.9909 8.3655
10.1244 -1.8542 6.3679
12.3965 -1.6631 9.3575
8.0973 -2.7012 4.8173
12.0872 -1.6631 9.1789
10.8411 -2.8910 6.0259
8.6383 -1.9896 5.1109
9.5309 -3.1952 4.6663
8.5665 -3.2035 4.0929
10.6799 -1.2496 8.2522
9.6873 -3.2820 4.5847
12.1253 -2.9655 6.6199
9.0614 -3.1045 4.5749
7.3385 -2.1432 4.4410
12.1254 -2.8646 6.8198
9.3187 -3.1045 4.7235
7.3474 -1.8945 4.1366
10.6431 -3.0849 5.5273
7.7903 -1.5027 5.7085
9.3390 -3.3244 4.2994
8.1343 -1.1406 6.4596
9.9920 -3.3107 4.7038
11.0222 -1.6808 7.6437
7.9897 -2.4404 4.5971
11.4298 -2.7177 6.7093
10.0054 -2.9770 5.3727
11.6277 -3.0223 6.2201
14.2893 -0.5747 12.6076
10.9032 -1.3262 8.0185
9.8196 -3.1605 4.9019
9.0479 -1.8207 5.9334
13.0924 -2.2757 8.5455
11.4381 -3.1782 5.8014
8.0600 -2.9411 4.3203
7.5968 -2.7012 4.5283
12.0631 -3.2521 6.0161
8.9401 -2.6848 5.3365
14.1172 -0.1316 13.3863
8.6960 -2.7334 5.0994
8.0745 -3.4125 3.3946
10.0364 -2.9886 5.3678
9.6261 -3.0221 5.0644
6.7534 -2.7641 3.9165
7.7539 -2.1773 4.7868
9.0721 -3.0329 4.7231
8.1774 -2.7333 4.7999
8.9909 -3.2440 4.2578
9.8008 -2.0845 5.7790
10.3824 -1.7786 7.1031
10.3102 -1.9600 6.4709
8.9533 -2.3562 5.0981
11.5130 -3.4011 5.4031
10.0845 -0.1314 11.0576
12.2711 -3.2895 6.0620
8.5057 -3.4125 3.6436
1.8916 -0.4083 5.7773
10.5619 -1.6527 7.1871
8.9164 -2.4420 5.1359
12.5219 -2.3487 8.0714
10.5937 -3.0646 5.5390
11.3421 -2.3479 6.6083
9.3300 -2.2246 5.4529
10.2457 0.8840 4.6993
9.8950 -2.3540 5.6362
8.7554 -3.1866 4.2355
9.8745 -1.4418 7.1602
12.0958 -3.3178 5.9047
11.8830 -3.3578 5.7025
9.0989 -2.1061 5.0701
9.7918 -1.5270 6.7152
10.9921 -3.2202 5.4606
9.8201 0.3277 5.0438
8.5721 -3.2745 3.9555
11.1882 -3.3381 5.3403
8.4186 -3.1692 4.0754
11.5595 -3.0223 6.1807
6.3024 -0.9352 7.2805
8.8357 -3.3244 4.0089
7.4612 -2.0712 4.8432
7.7919 -0.9996 6.5652
7.7664 -3.0540 3.9272
11.0908 -2.8646 6.2225
12.7210 -0.0305 12.7802
9.7663 -1.1214 8.9120
9.4888 -2.9038 5.2195
10.1128 0.8773 4.8903
13.0818 -2.2502 8.5899
10.3170 -3.2746 4.9629
7.8824 -3.3174 3.4721
5.5769 -1.9245 4.9010
7.8534 -2.1058 4.8302
9.9169 -1.2952 7.7326
13.7937 -1.9911 9.5145
9.6212 -2.9413 5.2217
9.0679 -3.2440 4.3022
10.6600 -3.0646 5.5772
10.9088 -0.3203 11.1594
6.9869 -0.3201 8.8947
8.4060 -1.5161 5.8246
13.2930 -0.4934 12.1932
9.0784 -1.8047 5.6984
8.6712 -2.3990 4.9651
12.3947 -2.9292 6.8474
8.5125 -2.3993 4.8744
10.1496 -2.9413 5.5268
10.4090 0.9233 4.5437
10.4991 0.9453 4.4890
11.0939 -3.1694 5.6201
9.9047 -3.4184 4.4399
13.0987 0.1863 13.4280
9.5013 -2.7175 5.5958
7.3433 -3.1421 3.5081
10.3951 -3.0646 5.4243
9.4319 -1.8637 5.8544
13.1650 -1.8553 9.4205
6.9116 -2.8775 3.7831
13.0005 -1.3412 10.3443
12.9371 -2.7493 7.5171
10.0085 0.1597 5.0557
7.4834 -2.2172 4.5500
9.2094 -3.3445 4.1847
8.8773 -1.0493 7.1732
12.3277 -1.6212 9.4007
14.0335 -1.4879 10.6502
7.5454 -2.7174 4.4666
10.4381 -2.1216 5.9743
7.9876 -2.9037 4.3528
9.2451 -1.4014 6.8433
12.9363 -2.4388 8.1320
12.3996 -2.8090 7.0885
8.8224 -0.8686 8.8678
2.9358 -1.3910 4.4328
12.7780 -0.2281 12.4217
10.3912 -3.1515 5.2498
10.5285 -2.0623 6.3402
11.1131 -3.3767 5.2204
9.6858 0.2817 4.9749
12.5744 -2.2756 8.2464
8.6119 -2.9998 4.5228
11.9820 -1.2890 9.8596
10.4533 -2.4851 6.0510
8.9282 -3.3639 3.9839
11.7181 -3.2203 5.8798
7.8592 -3.2744 3.5439
4.2757 -0.1312 7.7032
9.7319 -3.1331 4.9055
7.4695 -3.0327 3.7977
13.0322 -2.4388 8.1874
8.4961 -2.8508 4.7513
11.7396 -3.4128 5.5106
4.4951 -1.7033 4.7146
8.6079 -2.8908 4.7365
8.8436 -3.0747 4.5082
3.0002 -0.5742 6.0887
8.4389 -1.0486 6.8486
11.8317 -1.2889 9.7728
13.3828 -2.3249 8.6156
7.8625 -3.1235 3.8448
8.6334 -3.2281 4.0828
8.3507 -2.6848 4.9963
10.4267 0.9288 4.6484
10.3083 -3.2596 4.9878
9.1197 -2.9038 5.0064
9.5279 -3.3176 4.4221
14.7626 -1.1794 11.6826
8.2369 -3.0328 4.2408
9.4396 -2.9038 5.1911
10.5572 -2.8509 5.9413
7.8264 -3.1691 3.7335
11.4931 -3.3314 5.5296
11.7027 -3.0543 6.1998
14.5397 -0.0306 13.8304
10.9130 -3.2120 5.4312
8.0163 -1.8090 5.4704
10.1868 -2.1960 5.7842
14.4068 -1.1217 11.5916
11.0151 -2.8646 6.1788
9.3908 -3.1952 4.5854
8.2992 -2.1458 4.7222
8.0640 -3.3034 3.6046
11.3813 -2.1975 6.7417
9.3762 -2.7013 5.5557
11.0944 -2.3624 6.3490
7.5876 -2.5707 4.4487
11.6497 -3.1606 5.9586
8.5906 -3.2361 4.0423
9.4121 -2.8508 5.2802
8.4902 -3.1951 4.0655
9.0292 -2.1027 5.0203
10.7705 -2.9166 5.9344
9.5913 -3.0329 5.0228
11.3057 -2.3994 6.4867
7.4432 -1.6319 3.9375
8.0410 -2.3799 4.6287
11.6106 -3.3768 5.5076
6.9582 -3.0434 3.4814
8.8177 -3.0435 4.5550
4.2432 -0.9350 6.0915
8.8253 -3.4067 3.8397
6.8358 -1.5014 5.5595
4.2445 -1.5776 4.8189
8.3957 -2.7333 4.9260
15.2555 -0.7996 12.7199
10.2241 -1.8444 6.5475
9.0792 -1.1462 7.2067
5.3972 -1.0614 6.5076
7.1364 -2.7792 4.1078
9.0588 -3.4067 3.9745
8.3829 -3.1513 4.0903
13.4597 -2.2241 8.8598
9.9458 -3.3576 4.5841
11.7454 -2.0536 8.2076
13.0411 -2.5216 8.0285
2.5632 -0.9992 4.9940
12.2011 -2.8647 6.8635
3.8218 -0.6522 6.4087
11.2928 -2.0211 7.0004
8.7709 -2.7490 5.1117
9.1198 -2.3984 5.2228
10.4235 -0.5745 10.3753
6.0453 -1.8548 5.3095
11.6928 -1.8189 8.6423
12.0104 -2.3005 7.8714
5.3511 -2.3243 3.9782
12.2436 -3.3315 5.9629
12.9213 -1.9584 9.0754
9.8374 -2.9413 5.3465
4.8182 -0.0302 8.2166
7.4459 -3.1865 3.4794
10.1864 -2.0505 5.8927
10.6129 -3.3177 5.0485
11.0098 -3.4128 5.0893
9.3942 -3.3379 4.3045
7.9874 -2.8776 4.4043
10.0295 -2.9413 5.4575
7.8985 -2.0698 5.0904
8.6173 -2.9289 4.6665
12.0949 -3.0647 6.4057
10.2518 -2.8509 5.7650
10.4175 -3.3245 4.9221
4.4451 -2.0531 3.9924
13.6639 -2.1701 9.0848
11.8735 -1.4877 9.4030
6.6929 -2.8228 3.7653
13.0175 -1.2351 10.5644
11.4059 -2.7015 6.7276
10.2166 -3.2037 5.0455
10.7431 -3.4069 4.9469
9.3156 -1.5027 6.5883
7.5191 -2.9768 3.9373
8.1335 -1.4218 5.9386
6.4425 -2.6846 3.8945
4.5423 -1.4400 5.2636
11.6075 -2.2415 6.7278
6.1810 -1.1212 6.8417
10.2984 -2.7795 5.9335
8.9257 -2.2356 5.0039
11.0427 -2.4478 6.3765
8.4684 -1.8465 5.5441
10.1855 -2.4848 5.8957
11.5484 -3.2894 5.6448
7.2619 -2.8776 3.9853
10.3099 0.9031 4.5546
13.3897 -2.3487 8.5724
13.0663 -2.3720 8.3396
9.0330 -2.7175 5.3254
8.6581 -2.9998 4.5495
10.1794 -1.7765 6.7515
7.1514 -2.8085 4.0584
10.2866 -2.0052 6.1168
14.0398 -0.9356 11.7484
11.6441 -2.9292 6.4140
10.1281 0.9367 4.7142
11.6846 -3.3951 5.5140
9.2685 -3.4126 4.0840
13.0108 -2.4602 8.1327
8.7057 -3.3311 3.9203
7.8588 -2.8369 4.4107
7.7992 -3.2517 3.5543
9.6689 -3.1331 4.8691
4.1234 -1.8900 4.1298
9.5009 -3.2201 4.5996
8.9005 -3.1514 4.3891
7.9422 -2.9997 4.1362
11.3914 -2.4858 6.5942
2.9076 -0.9350 5.3202
9.7977 -2.5319 5.7078
10.0039 -3.3640 4.6050
6.2724 -2.4165 4.3276
8.0346 -2.9997 4.1895
11.6992 -3.3448 5.6222
8.0304 -3.1779 3.8340
8.5135 -2.7941 4.8736
9.6358 -1.1884 7.3440
7.9005 -3.3174 3.4825
9.2094 -2.7013 5.4594
8.3877 -2.8777 4.6354
11.8554 -3.2203 5.9591
8.2341 -2.7174 4.8642
9.4302 -2.9653 5.0639
10.2755 -2.2370 5.7867
9.3087 -1.9868 5.8589
11.4491 -2.7492 6.6580
9.5346 -3.0436 4.9689
11.2271 -2.0347 6.8840
9.6347 -3.2518 4.6141
11.2434 -3.4069 5.2357
12.1867 -2.0838 8.4026
9.0158 -2.3975 5.1606
3.1871 -1.2345 4.8880
7.3744 -2.7012 4.3999
12.1686 -3.0001 6.5763
10.2513 -3.2893 4.8959
9.4799 -3.1331 4.7601
8.4583 -1.8091 5.3614
0.8437 -0.3199 5.3472
13.3300 -2.1421 8.9475
11.5340 -2.2267 6.7308
1.1326 -0.1311 5.8881
3.8910 -0.2277 7.2898
11.0198 -1.8717 7.1358
8.9907 -3.2201 4.3051
8.5706 -2.4422 4.9367
10.0570 -2.1994 5.8022
12.4601 -3.0950 6.5566
9.5887 -2.1815 5.5688
12.0586 -2.1973 8.1037
8.7503 -3.3445 3.9197
12.2204 -2.4601 7.6764
8.5591 -3.2200 4.0559
13.5387 -1.6213 10.0999
3.6281 -1.6207 4.3775
10.6739 -3.2037 5.3095
9.2732 -3.1514 4.6043
10.6219 -3.2894 5.1098
11.8088 -2.2934 6.8994
9.9153 -2.4878 5.7467
10.5744 -3.2037 5.2522
4.2736 -0.4930 6.9850
9.1231 -3.2036 4.4142
8.5562 -3.1330 4.2267
0.8593 -0.1311 5.7303
9.1949 -3.2518 4.3602
11.3342 -3.3829 5.3358
9.2767 -3.2282 4.4542
7.4551 -3.1602 3.5368
10.7078 -2.2327 6.3614
12.0482 -1.2337 6.4307
8.6492 -1.6371 5.7220
8.3598 -3.3510 3.6812
9.2953 -2.0966 5.2413
10.3424 -1.8218 6.8792
11.1623 -3.2672 5.4658
10.3246 0.9033 4.6600
5.7455 -0.6523 7.5195
8.7420 -3.4067 3.7916
14.5576 -0.4088 13.0913
7.9439 -3.0435 4.0505
11.1792 -3.1425 5.7228
11.5566 -3.3108 5.6072
7.3923 -2.9532 3.9109
10.0983 -0.4933 10.3485
9.5597 -2.9770 5.1154
11.0538 -3.1516 5.6323
7.1176 -3.0108 3.6379
7.5011 -2.2897 4.4035
10.0459 -2.9290 5.4913
7.1977 -1.7494 5.3370
8.7829 -0.4932 9.5889
10.0534 -3.1424 5.0728
8.1413 -3.0847 4.0828
10.1502 -3.3512 4.7150
9.8580 -2.1878 5.5722
12.1075 -3.1783 6.1879
8.9341 -3.1330 4.4449
9.6885 -3.2119 4.7242
8.1832 -3.3575 3.5664
8.5003 -3.0540 4.3508
3.4324 -0.7270 6.0354
9.8353 -1.9235 6.3477
11.7559 -1.5781 9.1561
7.5965 -1.2757 6.0420
8.2245 -2.9651 4.3678
3.5436 -1.2346 5.0939
11.9711 -2.6851 7.0866
3.6415 -0.6522 6.3045
10.4066 -3.3380 4.8891
8.0906 -3.1866 3.8516
9.7225 -3.1867 4.7938
8.9917 -3.3511 4.0461
8.8486 -3.3312 4.0028
13.2634 0.0753 13.3032
10.5943 -3.2037 5.2636
13.8589 -1.7434 10.0431
7.3262 -2.9651 3.8491
0.9725 -0.0301 5.9958
6.8503 -2.7488 4.0028
12.0109 -1.4015 6.4961
5.9818 -2.4165 4.1598
11.3771 -3.2442 5.6355
11.0432 -3.4069 5.1202
10.0353 -2.1640 5.8666
10.2670 -3.1515 5.1781
8.7460 -3.3765 3.8538
7.1578 -2.9163 3.8486
9.6017 -0.2357 4.9637
9.2849 -2.9412 5.0276
13.1368 -2.3006 8.5218
7.2748 -2.8507 4.0461
11.3321 -2.3996 6.5025
11.1590 -1.8375 7.4317
9.5439 -0.1135 4.9144
9.1226 -2.7490 5.3147
9.5417 -3.1693 4.7239
8.5002 -3.3105 3.8425
10.3279 -3.3828 4.7548
11.8601 -1.5336 9.3043
7.6223 -3.2360 3.4832
9.9192 -3.3107 4.6618
8.2397 -3.1422 4.0256
7.1265 -1.6548 5.5161
5.8435 -2.4383 4.0368
7.9321 -3.2360 3.6621
7.0684 -1.8003 5.0859
9.6944 -3.0221 5.1038
10.1318 0.0426 5.1990
13.6822 -0.6526 12.1025
7.9280 -3.1603 3.8098
9.3759 -3.0221 4.9200
12.5654 -2.5412 7.7149
13.5762 -2.0839 9.2048
9.1047 -1.7503 6.2040
7.3801 -2.7174 4.3711
8.6314 -3.1514 4.2337
11.2400 -3.3447 5.3571
6.9410 -2.7641 4.0248
12.3372 -3.2284 6.2212
11.0593 -1.5550 7.6810
9.2063 -2.0291 5.3583
8.7229 -3.3035 3.9850
9.0132 -0.3202 10.0647
7.8713 -2.6508 4.7867
1.8582 -1.1210 4.3456
11.8138 -1.5336 9.2776
10.0091 -2.0309 6.0468
9.4161 -2.1585 5.4929
10.5233 -3.2747 5.0821
7.9730 -3.3243 3.5107
12.2716 -3.0648 6.5077
9.6212 -3.2893 4.5321
11.0278 -3.3577 5.2088
8.4644 -1.2305 6.5607
10.2654 -2.7644 5.9442
7.6532 -2.2726 4.6190
8.7959 -1.4891 6.1652
8.2628 -3.3887 3.5504
7.7375 -3.1329 3.7541
12.4061 -2.9167 6.8787
10.8323 -1.9324 6.8057
7.6211 -2.6847 4.5750
10.3730 -3.0646 5.4115
9.3406 -3.0110 4.9214
11.5800 -2.8372 6.5592
5.0134 -2.3714 3.6899
14.0377 -1.1216 11.3784
10.4464 0.9317 4.4461
8.9136 -0.7273 9.2005
8.3114 -3.2670 3.8198
8.1323 -3.3444 3.5629
11.4985 -2.4853 6.6548
6.2093 -2.0223 5.0724
7.5466 -3.1865 3.5376
6.5314 -2.3715 4.5664
13.6295 -0.7275 11.9237
9.2668 -2.0402 5.3288
9.7768 -2.7176 5.7549
8.0744 -3.1140 3.9860
9.8942 0.0897 5.1183
10.1630 -2.9653 5.4870
9.9220 -3.3511 4.5832
10.4596 -2.0512 6.3782
6.5452 -0.5802 5.4976
8.6364 -2.9412 4.6531
9.4119 -3.3379 4.3148
6.5592 -2.5407 4.2471
10.1514 -1.8164 6.5487
9.6272 -1.3481 6.9457
10.4108 -3.2746 5.0171
9.6292 -3.2119 4.6900
9.3860 -2.2344 5.2664
9.9771 0.8417 5.0112
10.8047 -2.4015 6.2026
7.6971 -2.7940 4.4022
11.9142 -1.8363 6.6656
10.9088 -3.1516 5.5486
9.0661 -3.1514 4.4847
6.4694 -2.6155 4.0471
13.4029 -2.3948 8.4888
11.8386 -2.6683 7.0434
12.5733 -1.6631 9.4595
7.6189 -2.9997 3.9495
10.7883 -1.8406 7.0357
7.6246 -2.8229 4.3033
7.6916 -2.7642 4.4582
11.6975 -2.5099 6.8254
13.6493 -1.7817 9.8460
11.0923 -1.7777 7.5076
11.1178 -3.3314 5.3130
15.6269 0.0752 14.6680
11.6634 -3.1333 6.0207
9.5570 -3.0436 4.9818
9.9010 -1.3240 7.4052
10.7641 -1.0617 9.6066
10.4278 0.9280 4.5422
8.7079 -3.2670 4.0487
10.3536 -2.8509 5.8237
12.8493 -0.8688 11.1932
12.3255 -2.3947 7.8667
11.1916 -3.3177 5.3826
12.2373 -3.3038 6.0141
12.5172 -2.7945 7.1852
10.3507 0.9530 4.5052
9.8287 -2.0452 5.8782
7.7030 -1.3962 5.8907
3.6264 -1.0613 5.4851
2.5779 -1.4872 4.0356
12.2597 -3.3642 5.9073
11.4178 -3.1782 5.7897
11.1391 -2.1168 6.8780
8.0270 -1.6582 5.7621
9.8475 0.5497 5.0981
9.7957 -3.3640 4.4847
10.5632 -3.2283 5.1970
3.1606 -0.6521 6.0268
10.9893 -2.7645 6.3622
10.1406 0.1549 5.1767
7.0443 -1.7844 4.9857
10.8202 -3.2519 5.2985
9.8568 -3.2441 4.7577
9.2606 -3.3765 4.1509
9.7947 -1.5895 6.5818
12.0607 -3.2967 5.9263
12.6142 -2.1700 8.4787
12.2916 0.1863 12.9620
10.9884 -2.1124 6.6612
7.3672 -2.1808 4.3760
8.6782 -3.0541 4.4536
7.2522 -1.9865 4.8130
7.3628 -3.0945 3.6137
9.2882 -1.8233 6.2788
10.4705 0.0754 11.6903
8.9857 -3.3379 4.0687
9.8436 -3.2893 4.6605
4.9560 0.1866 8.7258
6.1471 -2.7487 3.5968
12.4909 -2.7945 7.1700
12.1296 -2.3947 7.7536
2.6663 -0.7270 5.5931
9.4211 -1.8874 5.8031
12.3129 -3.1955 6.2725
11.1405 -3.1143 5.7562
1.9125 -1.1787 4.2625
11.6524 -3.1954 5.8912
-0.1974 0.0757 5.5299
9.7296 -3.3036 4.5663
7.2337 -3.1329 3.4632
6.1433 -1.8185 5.4380
6.7429 -2.9162 3.6090
10.1356 -3.4185 4.5732
6.7762 -0.0303 9.3473
10.7045 -2.9535 5.8232
4.3190 -1.2885 5.4348
13.1031 -2.0228 9.0528
7.9158 -2.4501 4.5771
2.9021 -0.7270 5.7292
9.3252 -2.9770 4.9800
10.3272 0.9044 4.7042
8.8812 -3.3575 3.9694
6.6392 -2.4806 4.4125
4.5848 -0.9993 6.1613
10.0650 -2.1566 5.6874
10.9890 -2.1465 6.4591
8.4555 -3.3311 3.7759
11.2289 -3.0949 5.8458
11.2044 -0.8687 10.2433
6.9522 -1.3425 5.9937
8.2979 -1.5966 5.7701
10.0018 -0.3904 5.1861
7.6348 -2.7489 4.4557
13.8024 -0.6526 12.1720
9.4741 -0.7993 9.3815
9.0562 -3.0541 4.6718
9.6873 -2.9885 5.1662
3.1182 -1.6625 4.0001
9.3071 -2.8230 5.2747
3.9205 -1.8900 4.0127
12.5783 -2.8911 7.0289
9.2747 -2.0799 5.2683
8.8859 -3.1423 4.3988
9.8720 -1.6237 6.5918
11.5714 -3.1516 5.9312
9.5839 -2.3524 5.4529
9.9472 -2.0445 5.8367
10.7550 -3.2120 5.3400
13.4760 -1.2351 10.8291
6.2013 -2.4805 4.1597
11.1000 -3.0850 5.7910
12.0825 -2.4810 7.5553
8.1500 -3.1951 3.8691
12.5493 -3.0113 6.7740
11.4411 -2.7796 6.5932
13.4352 -1.9585 9.3721
5.7803 -1.6208 5.6202
11.7803 -2.2756 7.7879
7.5726 -3.0746 3.7744
10.6207 -2.7943 6.0902
11.6769 -3.1869 5.9222
14.1031 -0.6526 12.3456
7.3870 -2.8776 4.0576
9.2994 -3.1867 4.5496
7.2547 -3.1329 3.4753
9.6137 -0.0655 4.9469
-0.4513 -0.2275 4.7823
4.2166 -1.0613 5.8259
10.0382 -2.9165 5.5116
10.5332 0.9538 4.4870
10.4104 -0.8687 9.7848
9.4131 -3.2282 4.5330
10.6122 -2.9654 5.7463
9.1569 -1.0511 7.5293
8.9227 -0.1314 10.3866
10.9894 -2.3195 6.3330
7.4921 -3.0327 3.8108
3.8104 -0.4083 6.8852
8.6112 -2.1287 4.9407
9.5956 -3.3703 4.3567
10.4160 -3.4185 4.7350
7.5753 -3.2117 3.5042
10.0145 -2.8371 5.6553
10.1648 -0.1961 5.2505
13.8354 -1.2891 10.9298
5.7179 -1.9905 4.8515
7.1440 -2.7940 4.0829
7.7073 -2.8507 4.2959
7.6392 -2.9883 3.9837
8.9810 -1.9140 5.3870
10.5566 -3.3577 4.9367
9.7168 -3.1604 4.8426
10.1074 -2.7176 5.9458
7.1553 -1.7436 5.2777
8.8709 -1.5137 6.4309
11.3553 -3.3705 5.3726
11.7097 -2.8911 6.5274
9.6666 -3.0645 5.0037
11.2386 -1.1792 9.6477
1.4174 -0.6520 5.0202
3.7364 -0.5742 6.5138
8.8644 -3.2594 4.1541
13.4175 -2.1974 8.8883
12.9898 -2.4811 8.0792
7.2043 -0.7272 8.2135
10.9105 -2.3371 6.2551
9.2489 -2.8644 5.1590
9.9978 -3.1237 5.0776
10.9254 -3.0749 5.7102
5.7479 -2.5973 3.6665
11.3720 -3.1239 5.8711
13.9485 -1.9250 9.7348
6.1889 -2.5010 4.1119
11.7113 -2.2756 7.7481
8.0547 -3.0746 4.0528
9.9527 -3.3828 4.5382
9.9692 -3.3640 4.5849
8.0625 -2.8776 4.4476
9.2080 -2.0108 5.6321
7.9705 -2.4935 4.6371
11.2682 -3.1143 5.8300
9.3409 -3.3379 4.2738
7.6618 -2.7489 4.4714
3.1020 -1.7032 3.9102
9.5236 -0.0891 4.8997
11.1927 -3.3108 5.3971
10.0648 -3.3107 4.7458
8.3824 -2.6680 5.0478
9.9275 0.0716 5.2238
7.4896 -3.1950 3.4878
11.9532 -2.7177 7.0115
8.7818 -3.3244 3.9777
11.7126 -3.3513 5.6170
8.7063 -0.8945 7.3935
11.9089 -3.1425 6.1441
5.9478 -2.3482 4.2756
10.7764 -3.4069 4.9661
11.1299 -1.6242 7.6037
12.8052 0.1863 13.2586
12.5274 -1.8190 9.1242
5.8572 -1.9245 5.0629
7.2967 -3.1329 3.4995
10.4510 0.9342 4.5785
10.3573 -2.0056 6.4025
14.6645 -0.8689 12.2413
10.1540 -2.8088 5.7919
8.3845 -2.8908 4.6075
10.6038 -2.1437 6.2282
12.1399 -3.3951 5.7769
7.9550 -3.3243 3.5004
11.9743 0.0753 12.5588
8.5915 -1.9334 5.2376
11.7609 -2.3516 6.7817
8.1441 -3.3887 3.4819
1.1425 -0.4929 5.1769
10.4334 -3.3889 4.8037
11.8218 -3.1144 6.1496
8.9098 -3.2745 4.1505
10.0355 -3.2746 4.8004
10.3241 -3.3766 4.7649
6.3047 -2.4165 4.3462
5.9645 -2.6332 3.7203
8.3582 -3.2361 3.9081
10.1296 -1.9255 6.0947
8.3779 -3.0946 4.1997
11.0157 -2.3556 6.2869
6.9252 -1.6815 5.2845
5.2901 -2.2751 4.0406
11.4858 -3.2121 5.7619
7.7019 -3.0643 3.8694
10.2317 0.8813 4.7809
7.5322 -3.0846 3.7312
4.5756 -1.9244 4.3229
9.9681 -3.3245 4.6626
6.8650 -0.5744 8.3205
2.8126 -1.4872 4.1711
8.3055 -2.7793 4.7828
9.7447 -2.7491 5.6740
9.2246 -2.0348 5.6077
11.4294 -2.2075 6.7055
12.3938 -3.0750 6.5580
12.4282 -2.8647 6.9946
9.7611 -1.3291 7.4052
8.5936 -3.0435 4.4256
6.9857 -1.6775 5.2923
11.5407 -2.4547 6.6098
8.3891 -3.0540 4.2866
7.7639 -3.2669 3.5038
11.9203 -3.2121 6.0128
8.8287 -1.6328 6.3389
9.9562 -2.0893 6.1018
11.9430 -2.6851 7.0704
11.4602 -3.4070 5.3609
11.1719 -1.4404 9.0917
12.1970 -3.2895 6.0192
13.9084 -1.9250 9.7116
10.8720 -2.1086 6.5818
12.4426 -3.1870 6.3643
10.1544 0.0660 5.2084
8.7532 -1.5467 5.9540
6.3634 -2.3244 4.5627
1.8842 -0.1311 6.3222
13.2657 -2.1701 8.8549
11.9257 -2.7177 6.9956
9.3000 -3.3576 4.2113
7.4755 -1.4478 3.8330
8.4423 -2.7643 4.8916
12.2217 -3.3514 5.9109
7.3785 -1.7579 4.0820
8.0576 -3.4183 3.3734
9.2321 -3.2892 4.3075
8.6737 -2.9652 4.6271
0.6765 -0.4082 5.0756
11.2503 -3.3767 5.2996
13.9818 -0.4088 12.7588
8.6194 -3.3575 3.8183
10.0375 -1.8574 6.1767
0.3911 -0.4929 4.7430
9.5357 -2.9999 5.0562
11.7087 -0.2280 11.8042
10.6908 -3.3380 5.0532
11.3322 -3.1954 5.7063
8.1784 -3.1329 4.0086
8.1383 -3.1140 4.0229
8.2947 -3.3311 3.6831
8.1098 -2.9164 4.3982
7.4843 -3.0109 3.8496
11.5343 -2.9654 6.2787
9.0533 -3.2819 4.2187
12.6063 -1.3411 10.1168
6.2326 -2.4805 4.1777
7.4374 -2.2640 4.2984
10.9046 -2.6850 6.4708
9.8075 -3.1237 4.9678
7.2835 -3.0219 3.7119
12.3762 -3.2285 6.2437
5.6534 -2.0834 4.6303
12.0756 -0.7995 10.8837
11.1426 -1.9658 6.9749
2.2114 -0.4083 5.9619
9.6526 -2.8644 5.3921
9.1448 -2.6206 5.3870
6.6834 -2.9035 3.5998
10.9459 -1.4468 7.8318
12.8762 -2.7797 7.4218
6.5664 -0.0303 9.2261
7.5440 -1.9462 5.1242
4.5417 -1.9578 4.2370
9.1720 -2.7942 5.2538
6.8306 -2.6333 4.2204
10.9260 -3.0849 5.6906
9.8138 -1.5572 6.6476
9.8070 -3.2119 4.7926
10.4979 -2.9039 5.8021
12.2129 -2.6159 7.3633
10.1509 -3.2519 4.9121
6.2908 -2.4383 4.2950
12.4363 -2.2756 8.1667
8.9004 -3.3765 3.9429
7.9374 -2.8776 4.3754
12.2142 -3.3891 5.8318
15.0419 -0.9356 12.3270
7.2852 -2.1301 4.1794
12.3620 -3.1870 6.3178
3.1699 -1.5331 4.2865
9.9055 -3.1142 5.0432
11.1024 -3.3037 5.3589
16.1999 0.0752 14.9989
11.0932 -2.8232 6.3059
5.6345 -0.9351 6.8949
12.1787 -2.0227 8.5191
7.3447 -2.9532 3.8834
15.5553 0.0752 14.6267
7.2364 -2.8228 4.0791
5.5041 -1.3912 5.9158
14.2443 -1.1794 11.3833
10.3486 0.9098 4.7014
10.6407 -2.7645 6.1609
7.7609 -3.2517 3.5322
9.3195 -2.9290 5.0719
12.2761 -1.5336 9.5446
11.9703 -3.3578 5.7529
10.2693 -3.3176 4.8502
9.7333 -2.1661 5.6984
11.3535 -2.0555 7.0325
7.6565 -2.5327 4.4737
10.8776 -2.7015 6.4226
11.7561 -3.4128 5.5202
7.7893 -1.1452 6.4261
9.9845 0.1631 5.1055
8.9706 -2.8230 5.0804
11.4086 -3.1425 5.8552
10.4223 -3.2596 5.0536
6.5260 -0.7992 7.6791
11.2170 -2.8646 6.2953
3.3797 -1.5775 4.3195
7.2620 -2.0908 4.1398
6.9644 -0.2278 9.0645
6.9186 -2.8506 3.8405
11.4033 -3.0112 6.1123
13.6683 -1.5782 10.2603
9.5413 -1.0517 7.8144
7.4863 -1.6661 5.5036
6.6387 -2.8506 3.6789
4.7899 -2.0833 4.1317
9.6313 -3.2820 4.5524
11.5918 -3.1047 6.0359
9.8737 -3.2820 4.6923
10.0819 -3.2362 4.9033
8.3224 -3.0540 4.2481
7.8033 -3.1513 3.7556
12.0808 -3.0544 6.4181
11.8099 -3.3382 5.6993
12.3023 -1.5781 9.4716
9.3594 -1.3125 6.9142
11.1399 -3.2966 5.3946
11.0851 -3.2894 5.3773
8.9006 -2.9412 4.8057
5.5592 -1.8185 5.1007
11.3357 -1.9138 7.1711
8.9419 -3.1514 4.4130
7.7658 -2.7174 4.5938
10.4879 -2.0193 6.4019
14.4596 -1.1217 11.6220
12.4570 -2.9888 6.7654
12.4767 -0.1315 12.4390
5.6428 -2.5599 3.6798
11.5450 -2.8646 6.4847
9.9259 -2.5736 5.8047
8.7716 -3.1236 4.3697
11.6815 -3.3448 5.6120
7.8811 -3.0946 3.9129
5.3937 -2.2751 4.1004
11.3631 -3.2894 5.5378
9.9088 0.3505 5.0904
7.4015 -1.8669 5.2117
13.8211 -1.8191 9.8712
8.9968 -3.0110 4.7229
10.6647 -2.8779 5.9500
11.4687 -2.2060 6.8173
8.1994 -3.2594 3.7702
7.3602 -1.8686 5.1963
10.1579 -3.3380 4.7455
9.1618 -2.8087 5.2191
8.2787 -2.3976 4.7353
8.8199 -2.8644 4.9114
7.6105 -3.2593 3.4302
10.1540 -2.3566 5.7920
3.3248 -1.7810 3.8845
9.6099 -3.3106 4.4832
8.7986 -2.5299 5.1267
11.0326 -3.1694 5.5847
9.3488 -3.1780 4.5952
10.8947 -1.2534 8.4581
12.8081 -2.5412 7.8551
8.5270 -3.3311 3.8172
10.2783 0.8929 4.7738
11.5249 -0.9997 10.1688
-0.4632 -0.3198 4.5925
11.4863 -2.0822 6.9608
8.1969 -3.2744 3.7389
6.9138 -2.9163 3.7076
13.3426 -2.0537 9.1298
10.4605 0.9368 4.6038
11.1096 -2.9535 6.0571
12.0046 -1.6970 6.6136
7.3969 -2.0269 4.9116
8.1457 -3.3764 3.5072
8.6432 -3.1692 4.2051
9.6968 -3.3828 4.3905
11.8523 -3.1333 6.1298
8.9291 -3.1692 4.3702
4.9570 0.0756 8.5065
10.1105 -3.0330 5.3226
7.6662 -0.9996 6.6302
11.2796 -2.4011 6.4756
10.4483 -3.2746 5.0387
7.5694 -2.9883 3.9434
11.6502 -2.7177 6.8365
5.3983 -2.2496 4.1535
9.3571 0.1864 11.2674
10.3229 -1.3335 7.7972
10.1320 0.8436 4.7523
13.4497 -2.0228 9.2530
9.6644 -3.2441 4.6466
11.5030 -2.8372 6.5147
8.0959 -2.6222 4.7849
6.9485 -1.6948 5.1102
3.1957 0.1866 7.7093
8.0438 -1.7191 5.6422
9.1056 -2.4290 5.2869
5.3555 -1.7812 5.0571
11.1852 -2.6850 6.6328
11.5864 -2.1397 7.0966
7.6850 -2.1916 4.7914
5.6383 -2.4805 3.8346
8.3001 -3.1513 4.0425
8.0500 -3.1951 3.8113
7.9249 -3.1044 3.9188
9.1613 -2.5747 5.3657
6.2180 -2.6846 3.7649
12.3192 -2.9040 6.8537
13.3050 -2.3948 8.4323
11.5533 -3.3178 5.5915
9.1765 -3.2892 4.2754
8.0110 -3.0540 4.0684
10.1935 -3.3380 4.7660
9.7522 -3.4009 4.3865
12.2528 -3.1955 6.2378
3.7478 -1.7811 4.1288
8.3026 -1.2651 6.2565
6.7793 -2.6846 4.0889
13.8324 0.1863 13.8517
7.5660 -2.9768 3.9643
10.9013 -3.0437 5.7580
10.5056 -1.9637 6.7482
7.8563 -2.8086 4.4654
11.5283 -1.5781 9.0246
10.9925 -3.2894 5.3238
7.2942 -3.0434 3.6754
10.4291 -1.5992 7.3288
4.5991 0.0756 8.2998
10.1255 -3.1867 5.0265
3.1963 -0.3200 6.7057
11.5579 -2.9654 6.2923
10.1989 -2.3691 5.8481
9.4755 -2.8371 5.3441
4.8093 0.1866 8.6411
4.1739 -1.4873 4.9571
12.7500 -2.3947 8.1118
9.3587 -3.3379 4.2840
9.0504 -2.4412 5.2114
9.4912 -3.2440 4.5466
7.5626 -2.4720 4.3528
11.0531 -1.8416 7.1938
6.2310 -2.5788 3.9820
9.7845 -3.3036 4.5980
7.5288 -3.0746 3.7491
8.8463 -3.3575 3.9493
12.6760 -2.6512 7.5608
8.9342 -2.5296 5.2044
5.6144 -0.3201 8.1021
9.9967 0.8938 4.8733
8.0307 -0.5744 8.9936
13.7002 -0.8688 11.6845
3.0003 -0.7990 5.6432
10.2121 -3.3640 4.7252
9.1468 -1.1925 7.1742
9.8640 0.2060 4.9679
11.2699 -2.9887 6.0800
9.2925 -3.3640 4.1942
9.4488 -3.1423 4.7238
9.4415 -2.9533 5.0940
8.9904 0.1864 11.0556
14.4440 -1.2352 11.3880
11.0230 -1.4843 7.8057
12.6042 -2.3719 8.0727
12.4819 -3.1144 6.5307
13.5499 -1.3917 10.5616
9.0143 -2.7490 5.2523
9.1817 -2.0901 5.3395
11.9641 -2.7944 6.8658
12.3167 -1.4404 9.7527
7.5951 -1.2791 6.1026
10.9349 -3.2519 5.3647
10.9747 -0.4087 11.0223
12.2657 -3.0950 6.4444
10.2799 -2.5746 6.0110
9.6997 -2.8909 5.3668
2.8600 -0.6521 5.8533
11.2133 -2.6850 6.6490
10.9510 -1.7281 7.3739
8.4515 -1.1853 6.5788
7.6543 -3.2117 3.5498
12.3995 -2.5604 7.5810
10.7262 -3.1694 5.4078
5.8036 -2.0834 4.7170
12.9487 -1.1793 10.6352
5.7011 -1.5777 5.6600
11.6180 -1.7816 8.6730
7.7087 -1.9275 5.1379
12.7115 -0.7995 11.2509
7.8234 -1.6016 5.5324
7.5394 -2.3480 4.3362
12.0822 -1.2890 9.9174
7.1772 -1.9450 4.7491
11.7786 -2.8510 6.6465
8.1841 -2.6680 4.9333
9.6435 -0.0304 11.0031
3.2579 -1.7427 3.9219
12.0381 -3.2364 6.0327
10.3533 -3.3380 4.8583
8.7455 -1.2868 6.9052
1.5206 0.0757 6.5221
5.5191 -1.5777 5.5548
4.8069 -2.2750 3.7615
9.1120 -3.3175 4.1820
9.2626 -2.1272 5.1421
11.8271 -3.4070 5.5727
11.1231 -2.2666 6.4326
10.2454 -2.4418 5.9025
4.5140 -2.1968 3.7475
15.2392 -0.0306 14.2344
11.0466 -3.3246 5.2853
7.7361 -3.3105 3.4014
10.8710 -3.1868 5.4569
6.9562 -2.6507 4.2583
8.2448 -0.0304 10.1954
11.9391 -3.0331 6.3783
8.1987 -2.4868 4.7537
11.8383 -3.3705 5.6515
10.3821 -3.3577 4.8360
7.6907 -1.2884 6.3257
10.1049 -0.2279 10.8781
7.3148 -2.0070 4.1937
7.7554 -2.1996 4.7534
8.2271 -1.5374 5.9001
6.7781 -2.9883 3.4866
10.2289 -1.8762 6.3690
9.1947 -1.7029 6.4580
10.8637 -2.8645 6.0914
1.6645 -0.7269 5.0146
4.9787 -2.1968 4.0158
12.0075 -2.8911 6.6993
8.3067 -3.4125 3.5287
13.3832 -0.9998 11.2418
8.5003 -2.8370 4.7811
9.5858 -2.6200 5.6401
5.8700 -1.6208 5.6720
8.2181 -2.8369 4.6181
10.0383 0.3260 5.1663
9.9417 -3.2746 4.7463
7.7145 -3.2963 3.4170
10.3317 -3.3889 4.7449
11.8962 -3.0647 6.2910
12.0055 -3.2967 5.8944
12.1920 -3.0544 6.4823
8.5233 -3.2118 4.0515
10.5837 -3.3828 4.9025
5.2705 -1.2886 5.9842
2.1309 -0.8682 5.0039
13.7731 -1.7434 9.9935
10.0852 -3.1867 5.0032
7.9209 -3.3510 3.4279
11.3001 -3.3829 5.3161
7.5248 -1.7263 5.3860
6.5960 -2.7011 3.9504
8.9673 -3.0541 4.6205
11.3561 -3.4186 5.2778
8.2683 -3.2035 3.9207
2.0818 -0.4929 5.7193
11.4660 -3.2121 5.7505
8.8078 -1.7188 5.6465
7.8643 -3.3174 3.4616
9.6538 -3.2518 4.6251
8.2292 -2.3960 4.7030
7.4785 -0.5744 8.6747
9.0445 -3.1780 4.4195
10.5809 -3.0948 5.4717
3.7559 -1.1211 5.4414
8.5488 -3.0435 4.3997
12.2136 -2.5215 7.5507
10.4463 0.9326 4.5408
11.6638 -3.3448 5.6018
13.6125 -1.8191 9.7507
12.4281 -2.5215 7.6746
10.0545 -3.1142 5.1292
9.9382 -3.2037 4.8848
8.9258 -3.2281 4.2516
11.9788 -0.7274 10.9705
8.4307 -2.8086 4.7970
12.7522 -2.7178 7.4728
8.1800 -3.3764 3.5270
9.5510 -3.4009 4.2704
10.5950 -2.9886 5.6903
8.9454 -1.6733 5.8853
11.1796 -2.9654 6.0739
7.4115 -2.9411 3.9459
2.3160 -1.2884 4.2782
0.3209 -0.3198 5.0453
9.7233 -3.4184 4.3351
10.3995 -3.3889 4.7841
4.8886 -1.7428 4.8635
8.1924 -2.8369 4.6033
12.1275 -3.3038 5.9507
11.9355 -2.0536 8.3174
9.3368 -3.3703 4.2073
10.3949 -3.0111 5.5301
8.3903 -3.3639 3.6733
7.2230 -2.7940 4.1285
8.9024 -3.2594 4.1760
10.4534 -3.2441 5.1022
10.9399 -0.9500 8.3745
15.3791 -0.0306 14.3152
10.3540 -3.0221 5.4846
11.3932 -3.1239 5.8833
11.7230 -3.4128 5.5011
8.6057 -3.3175 3.8897
7.4069 -2.2344 4.2843
8.8029 -0.9483 7.3193
9.9211 -2.3540 5.6512
11.3565 -3.3108 5.4916
10.2520 -2.7335 5.9978
9.4784 -3.0329 4.9576
10.7051 -0.9997 9.6954
11.8087 -3.1695 6.0328
10.4491 -3.0330 5.5181
5.6007 -2.5009 3.7723
11.2401 -3.1516 5.7399
7.6993 -0.2279 9.4890
8.5034 -3.2594 3.9457
10.5219 -2.1999 5.9883
9.7623 -2.8088 5.5658
4.6854 -1.4400 5.3462
3.8672 -0.7990 6.1438
4.3046 -1.9578 4.1001
13.9057 0.1863 13.8941
12.6174 -1.6631 9.4850
8.9804 -1.6785 6.1787
11.9993 -3.0438 6.3919
9.0485 -3.0645 4.6468
9.3318 -1.7934 5.9617
8.6605 -2.0240 5.1318
13.4112 -2.0228 9.2307
9.2654 -3.2201 4.4637
11.2160 -3.3767 5.2798
11.2934 -3.4070 5.2646
10.4115 -3.1953 5.1747
10.0844 -2.0440 6.0216
10.5103 -3.3313 4.9622
11.8986 -3.2673 5.8909
8.2081 -3.0746 4.1413
9.8936 -2.1066 5.8019
9.2354 -3.3036 4.2809
11.0135 -3.0331 5.8439
6.5658 -2.3244 4.6796
5.2405 -0.9994 6.5400
10.7372 -3.3829 4.9912
9.8873 -3.0645 5.1311
6.9254 -2.5974 4.3463
9.8100 -2.6849 5.8388
10.0590 0.8640 4.8996
8.6958 -0.9353 8.6625
9.4003 -1.8645 5.8400
7.4067 -2.9288 3.9675
11.3832 -3.3890 5.3520
7.9185 -2.9884 4.1450
11.3153 -3.3890 5.3128
8.3679 -2.2408 4.7740
13.6931 0.0753 13.5513
10.9332 -3.2202 5.4266
5.4094 -0.4084 7.8086
10.0269 -3.0748 5.1915
8.1941 -2.8229 4.6320
11.1692 -1.4877 8.9963
10.4268 -3.2283 5.1182
11.6323 -3.3381 5.5967
7.9590 -2.7333 4.6739
11.6815 -2.1419 7.9956
10.2229 0.8783 4.7021
9.4921 -2.3951 5.4297
9.2380 -3.0747 4.7360
8.0161 -2.4404 4.6125
9.1431 -2.9998 4.8295
7.5212 -1.1922 6.2321
12.1785 -3.0438 6.4954
11.0679 -2.8089 6.3196
9.0485 -2.1061 5.0409
8.0906 -3.4183 3.3925
8.3456 -3.3948 3.5863
9.4893 -2.9770 5.0748
10.6820 -0.7274 10.2216
6.6353 -1.2948 5.8351
9.1166 -3.3312 4.1576
7.8668 -2.1466 4.7566
12.3224 -1.5336 9.5713
12.1103 -2.5412 7.4522
12.4148 -2.8511 7.0138
5.1203 -1.2886 5.8975
9.9343 -3.1237 5.0410
7.5695 -3.0643 3.7929
11.6210 -1.3411 9.5478
11.0674 -3.2747 5.3962
8.1487 -2.7489 4.7525
10.6517 -3.1953 5.3134
10.0204 -1.2522 7.9292
10.8420 -1.7465 7.4224
10.0671 -2.2723 5.6813
7.3475 -2.0038 4.9378
6.9776 -2.8228 3.9297
11.5884 -3.2038 5.8376
11.6637 -3.2822 5.7258
8.0289 -0.7993 8.5470
8.7859 -1.4577 6.2522
9.0120 -1.0502 7.3538
7.6064 -2.1152 4.8339
7.7895 -2.6847 4.6722
11.6313 -3.3705 5.5320
11.9929 -3.2443 5.9910
10.2879 -1.6780 7.2009
7.8498 -2.7333 4.6108
11.7818 -2.1700 7.9981
7.5093 -3.2439 3.4023
8.8452 -2.8644 4.9259
7.2448 -2.2486 4.3163
7.9116 -0.7272 8.6219
5.6885 -2.3243 4.1730
4.6644 -1.6626 4.8929
9.7685 -3.2518 4.6913
11.3439 -0.5746 10.9068
11.7311 -3.4011 5.5290
13.5412 -2.2757 8.8047
9.9815 -2.9413 5.4297
9.9024 -2.8231 5.6184
9.1630 -1.4627 6.5187
8.0004 -2.2155 4.8436
9.7672 -3.3380 4.5199
11.8752 -2.6511 7.0984
11.8348 -0.5746 11.1902
4.0800 -1.4872 4.9029
7.7732 -2.4422 4.4764
11.0478 -3.2966 5.3414
11.4369 -3.3381 5.4839
3.2415 -0.9350 5.5130
7.9366 -1.5934 5.8461
6.9792 -2.9410 3.6963
11.4441 -2.8646 6.4264
5.4582 0.0756 8.7959
9.6013 -3.4009 4.2994
10.1849 -1.4612 7.5498
11.1506 -0.7994 10.3495
5.5029 -2.3942 3.9274
9.9448 -3.3380 4.6225
7.7920 -3.3174 3.4199
10.9049 -3.0949 5.6587
7.5598 -3.0327 3.8499
11.7845 -3.2967 5.7668
9.5876 -1.9976 5.9281
10.4507 0.9326 4.4348
7.5410 -2.3270 4.2852
14.6641 -0.1316 13.7021
5.6067 -2.5787 3.6216
10.0613 -3.2595 4.8452
8.1681 -0.9496 6.8052
11.5624 -2.7336 6.7543
9.2506 -3.3703 4.1575
6.3499 -2.1128 4.9741
13.9463 -1.8191 9.9435
8.6685 -2.8643 4.8240
9.1113 -3.2595 4.2967
7.8652 -1.1475 6.5558
6.0032 -2.5010 4.0047
9.2331 -3.2518 4.3822
8.5049 -2.7333 4.9891
4.4406 -1.8547 4.3829
8.7879 -1.9528 5.1795
6.6566 -1.1572 6.2123
7.9689 -3.1513 3.8512
8.1012 -3.2963 3.6402
8.8628 -2.1985 4.9474
10.4144 -3.2820 5.0045
10.9603 -3.4185 5.0493
5.5050 -0.6522 7.3807
7.5134 -2.7012 4.4802
7.9203 -3.0219 4.0795
7.3755 -2.7792 4.2459
5.7231 -1.4873 5.8516
6.5710 -0.5363 5.4831
8.8754 -3.2440 4.1911
9.4917 -3.3176 4.4012
11.5009 -2.0008 7.3228
9.5547 -3.3244 4.4240
10.8865 -3.1332 5.5722
8.4702 -3.1951 4.0539
9.9292 -1.7249 6.5341
9.7294 -3.0848 4.9997
10.5899 -3.3037 5.0630
12.1072 -3.3247 5.8977
13.5268 -2.0228 9.2974
4.8363 -1.5776 5.1606
8.6461 -1.1014 7.1792
11.9153 -3.1333 6.1661
10.8998 -3.2894 5.2703
11.5085 -3.2520 5.6959
12.4888 -2.3947 7.9610
9.8356 -3.1781 4.8762
4.2550 -2.0531 3.8826
10.0727 -3.1694 5.0305
4.1684 -2.0221 3.8940
12.5268 -2.9888 6.8057
8.2623 -2.0702 4.8452
8.7003 -3.3105 3.9581
3.9556 -1.5331 4.7402
11.0209 -1.7990 7.3598
14.0307 -1.7434 10.1422
-0.0666 -0.5740 4.3178
10.1444 -1.3388 7.7760
7.6958 -3.2199 3.5575
11.9104 -2.9292 6.5678
9.3852 -0.7273 9.4728
9.5090 -3.4068 4.2344
9.8323 -3.2965 4.6397
9.8254 0.0671 5.0856
7.8627 -3.3034 3.4884
11.4170 -1.3915 9.3300
10.4660 -1.9399 6.7832
11.6012 -1.4404 9.3396
12.1187 -0.6526 11.1997
11.6721 -3.2673 5.7601
10.7233 -3.3950 4.9590
10.3867 0.9188 4.6529
7.7204 -3.1513 3.7078
10.8593 -3.2596 5.3059
8.6914 -0.6524 9.2206
9.7344 -1.7956 6.2050
15.8418 0.0752 14.7921
8.7113 -2.0581 5.1682
11.0788 -3.3767 5.2006
11.9717 -3.4129 5.6447
10.2649 -3.3107 4.8614
12.1382 -3.3642 5.8372
12.0183 -3.2597 5.9751
11.3286 -2.6682 6.7489
10.7733 -3.2037 5.3669
7.7135 -3.0109 3.9819
6.2577 -1.9245 5.2941
5.5373 -0.4084 7.8825
12.6066 -2.8373 7.1519
12.9458 -2.3947 8.2249
9.0167 -3.2361 4.2883
9.2035 -2.8230 5.2149
7.4371 -3.0643 3.7164
7.3158 -3.1691 3.4388
11.3078 -0.2280 11.5727
8.9501 -3.3379 4.0482
13.2844 -1.2890 10.6116
10.0393 -1.7167 6.5510
12.5033 -3.0950 6.5816
12.8900 -2.7178 7.5524
11.4483 -3.2597 5.6460
11.5310 -3.2442 5.7243
7.3614 -3.0434 3.7142
12.7264 -2.9773 6.9438
6.5250 -0.9352 7.4091
8.0115 -2.9997 4.1762
8.9969 -3.0436 4.6584
8.7706 -2.3562 4.9926
9.1030 -3.0220 4.7624
4.7441 -0.9351 6.3807
8.4128 -2.8777 4.6498
11.9396 -2.5793 7.2781
11.6827 -2.8372 6.6184
9.2308 -1.6235 6.2204
9.3002 -2.7643 5.3869
11.4815 -2.8232 6.5301
10.4229 -1.7719 7.0885
10.6814 -3.3037 5.1158
8.1875 -3.2118 3.8576
8.4940 -3.2819 3.8958
11.5219 -3.0001 6.2030
12.7292 -0.4934 11.8677
11.0631 -3.3513 5.2420
7.5315 -3.2516 3.3998
14.0991 -0.7996 12.0522
8.2737 -3.1779 3.9745
12.2844 -3.3109 6.0273
14.0973 -0.8688 11.9138
5.3041 -2.1695 4.2579
10.3066 -2.7335 6.0293
9.2595 -3.3312 4.2401
8.6206 -1.4889 6.0616
9.5928 -1.7860 6.2612
9.3570 -3.3244 4.3098
10.8264 -3.4069 4.9950
10.3797 -3.2120 5.1233
6.1935 -1.8901 5.3251
11.4142 -3.3513 5.4447
7.0607 -1.4666 5.8069
12.0816 -3.1607 6.2079
10.0992 -2.8509 5.6768
9.2191 -2.1286 5.2914
9.7895 -2.1389 5.6508
6.8292 -2.7173 4.0530
12.5486 -3.0332 6.7302
5.3261 -1.2347 6.1231
10.2516 -2.9999 5.4696
5.1966 -0.7991 6.9115
11.4844 -3.3513 5.4852
9.5147 -2.7644 5.5108
11.4873 -3.3447 5.4999
8.8051 -3.2036 4.2306
13.3476 -1.9250 9.3878
11.0347 -3.0849 5.7534
8.0367 -1.8324 5.4074
9.8465 -3.0948 5.0477
13.9862 -1.3917 10.8135
9.9298 -3.1693 4.9480
9.2329 -3.1045 4.6740
9.4924 -3.4068 4.2248
8.3773 -3.3510 3.6913
11.7634 -2.2240 7.8803
8.9902 -3.1423 4.4589
9.2420 -2.7334 5.4146
7.5765 -2.8369 4.2477
8.6658 -3.0328 4.4885
12.7843 -2.5978 7.7291
8.2380 -3.1513 4.0066
11.2061 -2.0090 7.0405
9.9396 0.1134 5.1404
11.0418 -2.2670 6.3068
9.4683 -3.0848 4.8490
8.6547 -3.1866 4.1773
9.7098 -2.7014 5.7483
7.9529 -1.6926 5.4292
11.0303 -1.2889 9.3100
8.7157 -1.4837 6.0693
7.2173 -3.1043 3.5102
3.3146 -0.7270 5.9674
11.4320 -3.2520 5.6518
14.1200 -0.0306 13.5881
8.2576 -3.0435 4.2316
12.9435 -2.6683 7.6813
12.4556 -2.9415 6.8582
11.3383 -3.3108 5.4811
10.6649 -2.5287 6.2013
7.7444 -2.2592 4.6343
10.3638 0.9137 4.7145
10.0708 -3.0748 5.2168
4.9690 -1.1789 6.0275
6.5895 -2.5407 4.2646
7.8952 -2.9884 4.1315
9.4813 -1.9991 5.6305
1.5873 -1.0612 4.3077
8.5042 -1.1000 7.0219
12.2265 -3.2967 6.0220
9.2697 -1.9919 5.7234
11.6191 -2.9887 6.2816
8.4293 -1.9735 5.1693
12.4200 -2.3005 8.1079
0.2733 -0.0301 5.5921
10.1557 -3.0330 5.3486
9.3014 -2.4847 5.3852
11.8013 -2.1252 6.8635
11.2844 -2.4871 6.5353
8.7887 -2.2256 4.9764
10.8869 -3.3447 5.1532
10.6794 -3.2966 5.1288
9.8970 -3.3949 4.4820
10.9112 -2.8089 6.2291
11.4802 -3.2747 5.6345
11.9993 -3.2597 5.9641
11.0428 -3.4186 5.0969
11.8891 -1.8552 8.6837
8.6224 -2.9164 4.6941
5.9447 -2.6154 3.7441
7.8993 -3.3034 3.5095
9.4202 -2.9999 4.9895
8.2472 -3.3826 3.5535
11.5625 -1.3915 9.4140
5.6159 -2.0834 4.6086
11.9993 -3.2822 5.9196
8.0539 -2.3496 4.5630
12.7758 -2.8233 7.2774
7.5818 -2.0722 4.9164
8.8357 -2.0129 5.0909
7.8609 -1.0957 6.4182
10.2857 -3.2202 5.0528
11.9006 -3.2121 6.0013
11.7526 -3.1239 6.0908
7.8615 -3.1140 3.8631
12.1778 -3.2521 6.0823
10.5996 -2.7014 6.2620
1.6792 -0.1311 6.2038
8.9186 -3.3106 4.0841
-0.7754 -0.0300 4.9865
10.8587 -2.3597 6.2063
9.4163 -0.7993 9.3481
3.7032 -1.1211 5.4110
8.7710 -3.1604 4.2965
9.5906 -3.3244 4.4447
9.7136 -1.1214 8.8816
10.0728 -2.0242 6.0599
7.5842 -0.4085 9.0645
10.8811 -2.5284 6.3254
9.8665 0.3742 5.0634
7.5547 -2.8507 4.2077
5.4870 -2.4596 3.7886
9.4922 -3.3827 4.2723
10.6430 -3.4069 4.8891
12.5282 -1.7433 9.2747
10.4104 -2.7176 6.1207
1.8444 -0.7989 4.9758
12.1511 -3.1517 6.2659
11.9342 -3.3382 5.7710
8.5909 -3.2745 3.9664
6.8338 -2.7641 3.9629
12.3869 -3.1239 6.4570
10.5145 -2.8778 5.8633
11.2926 -3.2747 5.5262
11.4203 -3.1047 5.9369
11.5863 -3.3578 5.5312
8.1316 -3.3510 3.5495
5.0201 -1.2885 5.8396
10.7098 -3.1868 5.3638
10.1095 -2.8231 5.7380
4.2703 -1.0613 5.8569
9.4616 -3.2201 4.5770
6.9256 -1.4681 5.7461
10.0900 -2.9999 5.3762
11.2652 -2.8779 6.2967
4.5386 -1.0613 6.0118
12.5040 -2.8090 7.1488
8.1387 -2.8643 4.5180
11.3225 -2.7015 6.6794
7.3805 -2.1947 4.6254
9.7695 -3.2893 4.6177
9.6855 -2.6681 5.8002
12.0182 -2.6512 7.1810
12.4633 -2.7337 7.2745
11.0812 -3.0331 5.8830
12.0109 -3.3705 5.7511
10.1012 0.8752 4.9687
10.9634 -2.8089 6.2593
12.1681 -3.3178 5.9465
11.6610 -2.0838 8.0990
8.7939 -3.3575 3.9191
10.5047 -2.1175 6.2907
11.0831 -3.0000 5.9496
10.1411 -1.9459 6.0537
6.4968 -0.4085 8.4365
9.9356 -3.3828 4.5283
10.2331 -3.3176 4.8293
9.2603 -3.2440 4.4133
12.3758 -2.4170 7.8516
8.6592 -1.4686 6.2872
8.1678 -3.2118 3.8462
3.0179 -1.1210 5.0152
9.4040 -3.2362 4.5119
8.0391 -2.8086 4.5709
8.1951 -2.0098 4.9258
7.5389 -3.1043 3.6959
8.6794 -3.1780 4.2087
10.8538 -3.2120 5.3970
9.6325 -3.0747 4.9637
5.5428 0.1866 9.0647
10.0590 -0.3202 10.6687
12.5229 -2.2501 8.2672
8.4378 -2.8777 4.6643
10.7309 -1.3398 8.1302
10.7674 -1.9074 6.8156
11.2461 -3.3951 5.2609
10.3659 1.0422 4.4698
12.6638 -2.9041 7.0526
9.1538 -1.8078 6.1208
13.3599 -0.8688 11.4880
11.8196 -3.3247 5.7316
8.0995 -1.9320 5.2269
7.4289 -1.5410 5.8469
5.4329 -2.4164 3.8429
11.8766 -3.2967 5.8199
9.7991 -3.1605 4.8901
7.7743 -2.3995 4.4486
10.0408 0.0754 11.4422
9.9879 -2.7014 5.9089
11.5692 -1.0617 10.0715
7.3792 -3.0327 3.7456
7.9907 -3.2963 3.5764
14.7495 -0.0306 13.9516
10.3872 -0.7274 10.0514
10.4807 -3.3447 4.9187
8.2420 -3.2360 3.8410
10.3433 -3.3512 4.8264
10.1914 -3.3828 4.6761
9.8648 0.0837 5.2916
12.8889 -2.8373 7.3149
7.9451 -3.0746 3.9895
11.6162 -2.1395 7.1132
9.1523 -3.3312 4.1782
8.1845 -2.9037 4.4665
9.7712 -3.3576 4.4833
10.2153 -1.8922 6.2815
9.6156 -3.1423 4.8200
7.4141 -2.2601 4.3582
9.1303 -3.2595 4.3077
10.5563 -2.5307 6.1431
10.7611 -3.4127 4.9457
7.2100 -1.9606 4.8334
12.3236 -2.7016 7.2574
10.2871 -2.6849 6.1143
9.3592 -2.9652 5.0229
4.1302 -0.4084 7.0699
6.5495 -2.3001 4.7184
10.6080 -2.1630 6.1940
12.3746 -3.2122 6.2750
7.3478 -3.1512 3.4926
9.7897 -2.9999 5.2029
9.5351 -3.0221 5.0119
8.6618 -3.2819 3.9926
8.5389 -3.4125 3.6627
7.8780 -3.2744 3.5548
8.1487 -1.8835 5.3607
9.3576 -2.3978 5.3584
9.6847 -3.1693 4.8065
11.2842 -2.7645 6.5324
7.2882 -2.8228 4.1090
12.5400 -2.9292 6.9313
11.5949 -2.2765 6.6504
2.6661 0.0757 7.1835
8.3299 -3.1141 4.1335
8.7872 -3.1330 4.3601
9.0964 -3.1141 4.5761
13.4531 -1.8553 9.5868
8.6627 -2.7490 5.0492
10.1184 -3.1142 5.1661
11.8355 -2.0378 6.8036
11.3010 -0.3203 11.3859
9.8714 0.8308 5.0039
10.4534 -3.3245 4.9429
10.0089 -2.1014 5.7572
7.6001 -2.5337 4.4434
9.6778 -3.3949 4.3554
10.9028 -3.3246 5.2023
7.3917 -2.2138 4.3932
10.7021 -2.9414 5.8458
10.5488 -2.2276 5.9976
6.3609 -2.7173 3.7827
9.9307 -3.3949 4.5014
9.7201 -3.0748 5.0143
7.9911 -3.3510 3.4684
10.2547 -0.6525 10.1233
11.3747 -3.4128 5.3000
10.8452 -3.2966 5.2245
11.1551 -3.1695 5.6554
9.9236 0.8269 4.9595
10.8628 -3.2894 5.2489
11.8240 -0.3203 11.6879
7.2806 -2.0936 4.2535
4.0016 -1.8900 4.0595
0.9775 -0.7989 4.4752
11.6924 -3.3829 5.5426
9.6122 -3.0541 4.9928
13.6350 -1.2891 10.8141
8.3322 -3.0110 4.3392
4.7218 -2.1414 3.9772
8.2020 -3.2439 3.8023
10.1621 -3.3889 4.6470
6.6988 -2.6507 4.1097
11.5634 -3.4011 5.4322
8.5291 -3.0946 4.2870
10.9465 -1.5303 7.7795
7.6523 -2.4485 4.4212
9.4028 -3.2201 4.5430
12.6792 -0.8688 11.0949
11.4615 -3.2747 5.6237
12.8366 -2.6338 7.6881
7.4094 -1.5041 5.9171
6.6436 -2.7940 3.7939
9.5010 -3.0947 4.8481
12.8942 -1.5781 9.8133
10.9320 -2.6682 6.5199
10.2325 -2.0348 6.0760
10.2853 0.8945 4.7566
9.0126 -1.1449 7.1204
8.3024 -3.0435 4.2575
4.7697 -1.2885 5.6951
8.5562 -2.0922 4.9853
8.1697 -3.3311 3.6109
8.0350 -0.0304 10.0742
9.1000 -2.8230 5.1551
10.6541 -2.9414 5.8180
9.3336 -2.1466 5.5041
9.9178 0.7713 5.1278
9.6847 -0.3297 5.2783
10.0234 -2.1466 5.9021
9.4836 -3.3766 4.2796
6.7572 -0.7992 7.8126
13.1801 -2.0228 9.0973
11.2918 -1.6631 8.7196
12.1274 -3.3578 5.8436
11.3989 -3.2363 5.6637
12.2737 -2.9292 6.7775
7.8169 -2.9163 4.2291
7.9875 -2.1771 4.9210
13.0415 -1.8553 9.3492
8.0418 -3.4007 3.3990
11.7628 -2.3248 7.6802
7.5240 -2.9163 4.0599
8.9171 -1.9941 5.1783
7.1371 -2.9650 3.7399
12.0966 -3.1425 6.2525
11.8912 -1.0617 10.2575
9.4359 -0.2020 5.1966
7.9579 -2.6847 4.7694
7.3549 -2.9768 3.8425
10.8010 -3.2519 5.2875
10.7769 -2.4409 6.2072
7.3390 -3.0434 3.7012
10.0306 -1.3824 7.6454
3.4641 -0.9350 5.6416
7.4755 -0.0303 9.7511
9.9784 -0.4150 5.1764
10.5240 -1.4875 7.5494
10.9833 -0.9509 8.3069
12.2534 -1.2351 10.1231
10.2225 -3.2441 4.9688
13.9849 -1.1216 11.3479
11.2348 -2.7336 6.5652
11.8079 -3.2895 5.7946
3.5754 -0.9350 5.7058
8.6919 -3.3244 3.9258
10.2365 -3.2037 5.0570
8.7169 -3.2517 4.0842
8.9422 -1.5238 6.5644
12.2874 -3.0223 6.6009
10.9920 -3.2038 5.4932
8.7521 -1.6448 5.8310
7.6153 -3.2744 3.4031
13.3951 -1.5782 10.1025
5.0166 -1.8548 4.7155
8.6958 -3.4008 3.7766
10.9883 -2.0840 6.6794
9.3750 -2.8644 5.2318
-1.9153 0.0758 4.5379
11.6004 -3.1782 5.8951
12.1752 -3.3109 5.9643
11.8499 -2.4387 7.5048
2.6377 -1.1787 4.6813
9.6584 -2.2710 5.4419
11.9826 -3.4011 5.6742
2.1387 -0.6521 5.4368
9.8759 -3.4068 4.4462
5.3768 -1.6208 5.3872
10.2902 0.8951 4.6937
11.3357 -2.1360 6.8296
9.5462 -3.0329 4.9967
8.7168 -2.7490 5.0805
4.0528 -1.2346 5.3879
5.2815 -0.4084 7.7347
9.5934 -3.1604 4.7714
8.5980 -2.9769 4.5602
9.6825 -2.1231 5.7314
8.2950 -3.3948 3.5571
7.2980 -3.0945 3.5763
11.9218 -3.1239 6.1884
5.7913 -2.6332 3.6203
12.3662 -2.8780 6.9324
7.8260 -2.4423 4.5073
11.8518 -2.9887 6.4160
10.7308 -2.8231 6.0967
5.6789 -1.9905 4.8290
12.6615 -3.0332 6.7954
11.3963 -3.2442 5.6466
9.7739 -3.1331 4.9297
8.1601 -3.3948 3.4792
2.4995 -1.0612 4.8344
9.6751 -2.3960 5.5376
3.3671 -1.7811 3.9089
12.5034 -3.0544 6.6621
4.6528 -2.1694 3.8818
9.0707 -3.3035 4.1858
8.8843 -3.3312 4.0235
8.7765 -3.3575 3.9090
11.9434 -3.2822 5.8873
8.5041 -2.2340 4.9163
11.2493 -2.3189 6.4056
7.2764 -2.0796 4.5222
10.4754 -2.5297 6.0941
9.5554 -1.1214 8.7902
10.2212 -0.1314 11.1365
11.6683 -2.9292 6.4280
12.3501 -1.9910 8.6809
12.0109 -1.4818 6.4961
9.6926 -3.1142 4.9203
12.2494 -2.5604 7.4943
11.6531 -2.2010 7.0072
10.5572 -2.0651 6.6080
10.4499 -3.2363 5.1157
8.5862 -1.9462 5.1574
6.2509 -2.2236 4.6975
10.8508 -3.1868 5.4453
12.1714 -1.1793 10.1863
11.7469 -2.8646 6.6013
10.7084 -3.0849 5.5649
7.9035 -2.7174 4.6733
8.6658 -2.9289 4.6944
2.9670 -1.2884 4.6541
10.4750 -3.2037 5.1948
8.4678 -3.3445 3.7566
0.9147 -0.5741 4.8845
10.2586 -0.0291 5.2800
5.4734 -0.4084 7.8456
6.6739 -0.7272 7.9072
9.0050 -2.8508 5.0451
8.4914 -0.7993 8.8140
9.3922 -2.9290 5.1138
6.1364 -2.1695 4.7384
8.1585 -3.1236 4.0157
10.1730 -0.0049 5.2286
9.2140 -2.8087 5.2492
12.2183 0.1863 12.9196
9.5687 -3.0329 5.0098
9.2509 -2.0033 5.4024
11.0650 -2.8779 6.1812
11.5511 -3.0438 6.1332
9.2689 -1.6192 6.4942
11.3673 -3.2121 5.6935
7.9383 -2.1153 5.0258
10.7429 -2.0955 6.6972
10.2295 -0.2205 5.2901
9.3134 -3.0645 4.7997
9.9396 -3.3512 4.5933
10.2227 -2.0153 6.1153
11.6740 -3.2967 5.7030
2.6797 -0.6521 5.7492
12.2798 -2.6851 7.2648
10.3960 0.9214 4.6806
10.3683 -3.3641 4.8153
10.8590 -3.4010 5.0255
10.7686 -2.7176 6.3275
12.9785 -2.3947 8.2437
12.5094 -0.7275 11.2769
8.8560 -2.9769 4.7092
12.0777 -3.3178 5.8942
8.9131 -3.1330 4.4328
9.6255 0.1018 4.9303
8.7605 -3.1780 4.2555
7.9093 -2.8229 4.4677
2.7904 -1.3910 4.3488
13.4726 -1.7434 9.8200
2.8113 -0.8683 5.3968
13.4035 -1.9911 9.2892
8.2065 -2.7174 4.8483
13.6808 -2.0228 9.3864
10.3571 -3.3446 4.8474
7.2876 -1.4537 5.7974
8.7281 -3.0435 4.5032
1.3059 0.0757 6.3980
5.6938 -2.1968 4.4287
11.8556 -3.3705 5.6615
12.0694 -2.7944 6.9267
13.2556 -2.5216 8.1524
14.6086 -0.4935 12.9529
6.7661 -2.5788 4.2910
9.6478 -0.2114 4.9862
9.1461 -3.4184 4.0018
8.8631 -2.8777 4.9099
12.0287 -3.0647 6.3675
12.1854 -3.2443 6.1021
8.7815 -2.8908 4.8368
11.0285 -3.3314 5.2614
10.4752 -2.7491 6.0957
14.7659 -0.3204 13.3867
7.3785 -1.8453 4.0820
7.3553 -1.5854 5.7983
8.5118 -1.8365 5.3572
7.9912 -3.3574 3.4556
8.0328 -3.0746 4.0401
8.6179 -3.2200 4.0899
3.0948 -0.8683 5.5605
6.5818 -2.3482 4.6416
13.8481 -1.5337 10.4523
10.4115 -0.4933 10.5293
15.2998 0.1862 14.6991
10.8198 -3.1046 5.5902
8.3001 -3.3105 3.7270
6.7466 -2.7173 4.0053
7.5029 -1.9772 5.0718
7.8885 -1.6574 5.6762
6.2601 -2.1415 4.8654
9.6303 -2.5374 5.6235
10.9176 -2.9291 5.9946
5.3360 -2.4164 3.7869
8.0084 -3.3948 3.3916
1.5798 -0.9992 4.4261
8.4683 -2.9412 4.5561
11.4265 -3.2121 5.7277
9.5283 -2.7490 5.5490
12.4068 -3.1048 6.5064
9.6474 -3.3703 4.3866
5.2450 -0.9351 6.6699
6.1557 -2.3942 4.3044
10.2782 -2.7943 5.8925
12.7747 -2.7493 7.4234
10.6871 -2.2360 6.2680
10.8303 -3.0112 5.7815
9.7113 -3.3036 4.5557
6.8802 -2.9036 3.7134
10.5494 -1.0616 9.4827
8.9896 -1.7567 5.7613
4.9295 -1.6626 5.0459
8.6773 -1.5486 5.9253
12.5046 -2.5793 7.6043
-0.4106 -0.4082 4.4478
-0.7645 0.1868 5.4224
10.3336 -3.4185 4.6874
12.9020 -1.3412 10.2875
14.3480 -1.1794 11.4431
9.0496 -3.0329 4.7100
10.5160 -2.0222 6.4284
7.4675 -2.2582 4.4716
10.9928 -3.3381 5.2275
9.5254 -1.7668 6.3213
5.4346 -1.5332 5.5942
10.6450 -3.4127 4.8787
9.1096 -1.1472 7.2579
11.2541 -3.0749 5.9000
9.3324 -1.7115 6.1133
10.7634 -3.0222 5.7210
4.6305 -2.0222 4.1608
7.5531 -1.1500 6.4640
9.4406 -2.9290 5.1418
12.8166 -2.8780 7.1925
10.6734 -2.7943 6.1206
9.7820 -2.0768 5.7432
13.2771 -1.9585 9.2808
10.6332 -3.3245 5.0466
11.0846 -1.1215 9.6732
7.7603 -1.4482 6.0099
8.1830 -2.9164 4.4404
6.6152 -2.8228 3.7205
9.3057 -1.1934 7.2909
9.4096 -3.1780 4.6303
12.6489 -2.7945 7.2613
9.7452 -1.4909 6.7290
11.3545 -3.1869 5.7361
0.7627 -0.0301 5.8747
7.4792 -3.1691 3.5331
8.7503 -3.3175 3.9732
9.1359 -3.4126 4.0074
12.8432 -2.5978 7.7631
11.0546 -1.8255 7.3091
6.6152 -2.6155 4.1313
4.1867 -1.5331 4.8736
10.9341 -2.2680 6.4113
7.0421 -1.1529 6.2770
8.6900 -2.9289 4.7084
12.2698 -3.1783 6.2816
12.6141 -1.7433 9.3243
8.9392 -3.2361 4.2435
11.0121 -3.1782 5.5555
7.6923 -2.9036 4.1823
6.9950 -2.8907 3.8053
9.2238 -3.3312 4.2195
8.0333 -3.0540 4.0812
8.0363 -2.9288 4.3310
8.1520 -3.1779 3.9042
12.4822 -3.1333 6.4934
2.5310 -1.4872 4.0085
8.6539 -3.1044 4.3397
7.3052 -1.4915 5.7326
11.7872 -1.7816 8.7708
7.8466 -0.5744 8.8873
10.2794 -0.0529 5.2949
11.7265 -3.3830 5.5623
9.2809 -2.7175 5.4686
9.3830 -3.1045 4.7607
11.6360 -3.3314 5.6122
5.3132 -1.7812 5.0326
7.4135 -3.2034 3.4272
2.2443 -0.8682 5.0694
11.0734 -3.1694 5.6083
7.2797 -0.4932 8.7209
6.8251 -0.9995 7.4550
12.2511 -3.2364 6.1557
8.3949 -3.0328 4.3321
1.8939 -0.4929 5.6108
3.6738 -1.1788 5.2796
13.5704 -0.1316 13.0705
11.5385 -2.9535 6.3047
5.2319 -1.7428 5.0617
9.1987 -3.2282 4.4092
15.2978 -0.4935 13.3509
10.3419 -1.9586 6.4838
9.7114 -3.3511 4.4616
12.3102 -0.2280 12.1515
11.6700 -2.2579 6.8086
11.3533 -3.2597 5.5911
10.8371 -2.8510 6.1029
11.1151 -3.1606 5.6499
8.7558 -3.1141 4.3794
6.9687 -2.8085 3.9528
8.3972 -3.3445 3.7158
11.1886 -2.8910 6.2265
9.7510 -3.2893 4.6070
8.3007 -0.2279 9.8362
5.2035 -1.5332 5.4607
7.7187 -1.9967 4.9800
12.0955 -3.3891 5.7632
12.1923 -3.1048 6.3826
9.9850 0.8475 4.8951
10.7873 -3.2821 5.2198
11.6566 -3.4128 5.4628
12.6693 -2.8511 7.1608
9.3329 -2.6848 5.5634
7.3931 -0.7992 8.1798
6.5357 -2.9035 3.5145
7.9338 -3.2669 3.6018
8.5155 -1.9160 5.4002
10.6240 -2.9166 5.8498
9.7173 -2.9413 5.2772
8.5817 -1.4488 6.0457
11.9289 -1.6845 6.6398
10.3395 -3.3446 4.8372
11.6964 -2.8646 6.5721
8.2940 -3.1779 3.9862
8.5215 -0.5744 9.2770
13.2723 -2.3948 8.4134
9.3287 -3.2518 4.4374
7.4740 -1.1903 6.1515
10.6030 -3.3890 4.9016
9.8299 0.7091 5.1847
8.2449 -1.9605 5.2811
11.4122 -3.1954 5.7525
10.2402 -0.8686 9.6866
9.6219 -2.7644 5.5727
6.7782 -2.5973 4.2613
10.4984 -3.3037 5.0101
9.9629 0.1372 5.1502
2.2159 -1.2884 4.2204
4.4123 -0.1312 7.7821
10.3915 -3.1953 5.1632
11.7132 -2.7645 6.7801
12.3665 -2.7178 7.2501
8.8739 -3.3445 3.9910
8.5067 -1.8485 5.4087
11.1746 -3.3108 5.3866
9.0428 -3.3888 4.0008
9.8219 -3.0111 5.1993
9.2474 -0.4086 10.0249
9.6576 -1.1972 7.5964
9.3007 -0.7993 9.2813
5.3498 -0.9994 6.6031
10.7985 -3.2363 5.3170
11.6408 -3.0438 6.1849
12.2281 -3.3768 5.8642
12.2232 -1.1793 10.2162
7.9133 -3.2439 3.6356
10.6939 -1.9399 6.9147
14.5511 -0.8689 12.1758
9.0906 -2.0511 5.1659
0.5759 -0.6520 4.5343
10.8167 -2.1904 6.4925
8.2963 -1.8039 5.4166
10.8851 -2.8089 6.2141
12.0294 -3.0331 6.4304
10.0811 0.2266 5.1925
8.9495 -3.1692 4.3820
8.6921 -2.2815 4.9108
11.4655 -1.3915 9.3580
11.1015 -3.0647 5.8321
11.2252 -2.3604 6.4195
10.9250 -1.9386 6.8851
9.4644 -3.3106 4.3992
11.6396 -3.2203 5.8344
12.5349 -3.1240 6.5425
4.2659 -1.8184 4.3540
5.8327 -1.7428 5.4086
9.3038 -3.2745 4.3780
10.5282 -2.1897 6.1344
6.9870 -2.9163 3.7499
11.9008 -2.9040 6.6121
9.8654 0.2286 4.9655
9.2104 0.1864 11.1827
14.8390 0.0752 14.2131
13.5010 -2.2502 8.8319
9.0887 -2.1553 5.0395
12.9804 -2.5793 7.8790
10.3975 0.9212 4.6238
12.4530 -3.1955 6.3534
11.6436 -3.4070 5.4668
9.3306 -3.1142 4.7113
13.4699 -0.4088 12.4632
11.8027 -2.6851 6.9893
8.8562 -3.1866 4.2936
13.5290 -1.8190 9.7025
7.0301 -2.7792 4.0464
10.1943 -3.2596 4.9220
7.0991 -2.6507 4.3409
9.5736 -1.2712 7.0999
8.7808 -3.1780 4.2673
11.2438 -2.1780 6.7014
11.8632 -3.3382 5.7300
11.9992 -2.9772 6.5239
8.9635 -3.3827 3.9671
9.3040 -1.7098 6.0871
10.4926 -2.3588 5.9928
10.9671 -2.9771 5.9280
10.5341 -1.5639 7.4527
9.6219 0.0903 5.1692
13.7081 -1.9250 9.5960
9.2136 -3.2892 4.2968
10.5789 -3.3704 4.9244
10.9449 -3.0112 5.8477
6.2409 -0.4085 8.2888
11.9474 -2.8232 6.7991
11.9259 -3.3891 5.6653
6.4716 -2.7488 3.7842
11.9054 -2.9772 6.4697
8.7454 -2.1937 4.8667
3.9049 -1.3911 4.9924
12.3565 -1.7433 9.1756
9.6364 -3.2362 4.6461
10.2467 0.1554 5.2391
8.2719 -3.0847 4.1582
9.4045 -3.1045 4.7730
7.5296 -3.1950 3.5109
9.8976 0.0754 11.3595
0.4860 -0.7269 4.3340
1.7000 -1.1210 4.2543
11.8904 -3.1695 6.0799
11.2007 -0.9354 10.1089
11.6104 -2.8911 6.4701
9.7956 -3.3313 4.5496
6.3556 -2.6507 3.9116
9.9350 -2.9770 5.3321
12.9124 -2.7945 7.4134
12.7390 -2.8090 7.2845
10.7471 -3.3512 5.0595
11.7902 -3.3891 5.5870
9.9077 -3.3889 4.5001
1.4556 -0.4929 5.3577
12.5982 -2.9655 6.8930
11.3179 -0.8687 10.3088
14.3014 -1.1217 11.5307
8.1791 0.0755 10.3671
11.4757 -3.0000 6.1763
7.0408 -2.7011 4.2073
11.5728 -2.7015 6.8239
12.3554 -3.2967 6.0964
8.8114 -3.3575 3.9291
9.8425 -2.7335 5.7614
11.2890 -3.2894 5.4950
2.7706 -0.4930 6.1171
7.7221 -1.9976 5.1292
8.7975 -1.8201 5.4477
13.0676 -2.6338 7.8215
7.6550 -3.2818 3.4114
4.7642 -2.1968 3.8920
10.0995 -1.8891 6.2015
13.8297 -1.1794 11.1439
7.5233 -1.3897 3.8217
10.1149 -3.2282 4.9381
12.8266 -2.5216 7.9047
11.2830 -3.3829 5.3063
8.0761 -3.0847 4.0451
11.7727 -3.4128 5.5298
11.9836 -1.5781 9.2875
11.4956 -3.1869 5.8175
6.4544 -0.9506 5.6929
10.5296 -3.1332 5.3661
8.8923 -2.6680 5.3422
11.8672 -3.1425 6.1201
9.8817 -3.0848 5.0876
9.9871 -2.2168 5.6449
5.5729 -2.2496 4.2543
8.0960 -0.4085 9.3600
13.8548 -1.6632 10.1995
11.3241 -1.8573 7.4277
13.1269 -2.2757 8.5654
10.6997 -3.0437 5.6416
9.5105 -2.0863 5.5178
13.0989 -0.7275 11.6173
10.1135 0.2927 5.2454
11.1528 -2.1967 6.5149
10.4473 -2.1261 6.0849
5.5038 -1.6627 5.3775
7.8582 -0.8685 8.3111
10.6799 -3.4185 4.8874
11.4378 -2.6850 6.7787
11.9398 -3.3315 5.7876
6.2777 -0.4931 8.1422
8.2143 -3.3764 3.5468
9.0745 -3.3379 4.1200
8.9087 -3.1692 4.3584
7.0085 -0.4085 8.7320
9.5604 -3.3827 4.3117
10.1846 -2.9165 5.5961
11.8026 -3.3951 5.5822
11.5302 -2.7492 6.7049
9.0249 -2.5747 5.2870
6.4861 -2.8506 3.5907
9.4667 -1.8777 6.0949
8.9527 -3.3948 3.9367
12.2340 -3.1517 6.3137
8.3203 -2.1288 4.7730
8.0572 -3.0109 4.1804
10.1824 -2.9999 5.4296
9.0020 -1.5934 6.4608
12.8393 -2.7646 7.4303
8.5322 -2.7333 5.0048
2.9388 -1.5330 4.1531
8.0384 -2.8369 4.5144
14.3865 -1.2891 11.2480
11.6618 -3.3178 5.6541
10.3016 -3.0542 5.3909
6.8672 -2.7332 4.0435
10.9345 -2.7335 6.3918
9.2424 -3.2036 4.4831
11.7010 -3.2822 5.7473
13.6143 -0.5747 12.2178
4.8931 -0.2277 7.8685
10.2440 -2.2766 5.7942
12.1384 -2.8090 6.9377
11.5447 0.0753 12.3107
10.4617 -3.3037 4.9890
10.4886 -1.4284 7.8871
11.5955 -2.8646 6.5139
13.3297 -1.8553 9.5155
2.8407 -0.1312 6.8745
9.9751 -3.3704 4.5758
4.7836 -0.6522 6.9641
9.8061 -3.3576 4.5035
11.4487 -1.7816 8.5753
13.5896 -1.6632 10.0464
4.3264 -1.8900 4.2470
10.4894 -3.3245 4.9636
4.3551 -1.6626 4.7143
6.1207 -0.1313 8.7686
11.4424 -1.8189 8.4978
13.7478 -1.4405 10.5791
11.6046 -3.1239 6.0053
3.8250 -1.6626 4.4082
11.0099 -3.4069 5.1009
7.9737 -3.3574 3.4455
7.6808 -2.9651 4.0538
10.9122 -1.6763 7.5498
5.3317 -1.1789 6.2369
8.2238 -2.7941 4.7063
10.9127 -2.8372 6.1739
7.7475 -2.7793 4.4606
8.7635 -1.2415 6.9706
4.4955 -1.9244 4.2766
10.6204 -2.6682 6.3400
10.8082 -1.7795 7.3542
9.9531 -3.2441 4.8133
11.2052 -3.2363 5.5518
4.9774 -2.0531 4.2997
10.8398 -2.0622 6.6360
8.4249 -3.3175 3.7853
7.8892 -2.9036 4.2960
12.9526 -2.1974 8.6199
6.0697 -2.6507 3.7465
8.0620 -2.8908 4.4213
9.9784 -3.2282 4.8594
-0.7804 -0.1310 4.7834
9.0939 -3.3175 4.1715
8.9741 -3.3511 4.0359
11.3621 -3.4010 5.3160
8.9783 -3.2594 4.2199
8.9146 -3.3379 4.0277
12.9581 -0.4087 12.1676
9.5110 -3.1781 4.6888
11.8131 -2.7796 6.8080
10.5020 -2.9166 5.7793
11.3747 -3.1143 5.8914
10.3336 -3.3037 4.9150
10.6955 -3.1238 5.4804
10.9389 -2.8510 6.1617
7.2153 -3.0219 3.6725
6.8866 -2.8775 3.7687
9.2861 -2.0588 5.3028
10.7218 -3.3890 4.9701
3.9349 -1.9243 3.9529
7.9149 -0.8685 8.3439
6.4230 0.1865 9.5730
8.3095 -3.2744 3.8039
10.7217 -2.9166 5.9062
3.6682 -0.7270 6.1716
12.3401 -3.0851 6.5070
7.5224 -2.3340 4.3686
14.6443 -0.6527 12.6581
8.3995 -3.2281 3.9478
11.6048 -3.0749 6.1025
8.9306 -1.7443 5.6627
5.8474 -0.1313 8.6108
10.2604 0.0182 5.2744
3.5163 -1.5775 4.3984
11.1548 -2.9771 6.0364
10.2653 -2.0602 6.0721
11.7393 -3.3891 5.5576
8.1848 -3.0847 4.1079
5.3978 -1.7812 5.0815
8.8082 -3.1330 4.3722
12.7127 -2.4388 8.0029
10.7861 -2.1681 6.5082
9.8854 -3.2746 4.7138
9.6903 -3.4184 4.3161
10.2989 0.8975 4.7232
10.8691 -0.9997 9.7901
11.7655 -2.2489 6.9263
12.7240 -2.8233 7.2475
13.3075 -1.3916 10.4216
12.8334 -2.4811 7.9889
7.4216 -2.9036 4.0260
7.6414 -1.2854 6.2447
7.4226 -3.1329 3.5723
14.2674 -0.8689 12.0120
10.9718 0.0754 11.9798
6.0677 -2.7011 3.6455
11.6112 -3.3108 5.6387
7.4479 -2.2358 4.3980
10.3479 -3.2965 4.9374
11.2285 -2.7796 6.4705
6.1511 -2.7011 3.6936
8.2417 -2.8507 4.6044
11.6343 -3.2673 5.7383
11.4013 -3.3381 5.4634
8.1003 -0.2279 9.7205
6.7554 -2.8368 3.7736
8.2251 -3.1044 4.0921
9.7728 -3.4184 4.3637
7.9746 -3.3947 3.3721
9.6461 -1.1927 7.4684
4.3473 -1.1788 5.6685
8.5638 -3.3639 3.7735
8.5483 -1.5224 5.9597
6.9172 -2.6333 4.2704
9.3265 -3.2361 4.4672
12.6581 -2.0537 8.7345
10.0786 -3.3704 4.6356
12.6666 -0.4934 11.8315
12.1501 -3.3178 5.9360
11.4503 -3.1425 5.8793
4.6773 -2.0833 4.0667
11.3221 -3.3038 5.4857
11.2572 -3.1695 5.7144
9.7616 0.0906 5.0438
12.2138 -3.4187 5.7730
10.3697 -2.8910 5.7537
9.8396 -3.0330 5.1662
12.1691 -3.3514 5.8805
7.2243 -1.9855 4.7930
4.5215 -0.9351 6.2521
9.2341 -3.0541 4.7745
10.8286 -2.4840 6.2651
9.6790 -1.8632 6.1517
10.9183 -1.8651 7.2321
10.8932 -3.4069 5.0335
9.6466 -3.0436 5.0336
10.1720 -3.2820 4.8646
8.8926 -3.2200 4.2485
9.6272 -3.3949 4.3262
9.2559 -2.6335 5.6207
8.7960 -1.8435 5.3999
11.4597 -2.9771 6.2124
10.0639 -3.0646 5.2331
7.4859 -2.3280 4.2561
8.4790 -3.1141 4.2196
8.2686 -3.2891 3.7512
7.5007 -1.3897 3.8087
7.7795 -3.1329 3.7783
7.6306 -2.9532 4.0484
9.9893 -2.9165 5.4834
9.1089 -3.0436 4.7231
9.4330 -2.7334 5.5249
4.6377 -1.4400 5.3187
8.5917 -3.3765 3.7647
8.3242 -3.2891 3.7833
8.5227 -2.0143 5.1308
6.3202 -1.9580 5.2639
10.1407 0.8456 4.7347
4.4693 -1.2885 5.5216
12.3268 -2.7337 7.1957
11.0896 -3.2283 5.5009
11.9667 -2.9167 6.6250
10.2144 -0.0526 5.2584
9.5012 -2.2740 5.3589
11.1416 -3.2821 5.4244
5.7313 -2.3942 4.0593
0.9197 -0.7989 4.4418
6.2386 -2.1128 4.9099
4.7584 -2.1414 3.9983
12.4378 -2.3249 8.0699
8.0455 -1.8033 5.2684
1.8055 -1.1210 4.3152
11.8704 -0.4087 11.5396
10.2678 -2.2798 5.8161
8.5273 -1.5832 5.8048
8.5172 -2.4424 4.9063
13.8855 -1.2891 10.9587
15.6667 0.1862 14.9110
11.3725 -3.3705 5.3826
4.0218 -0.7271 6.3757
11.8388 -3.0113 6.3638
7.3844 -1.0985 6.2946
-0.9112 0.1868 5.3377
10.6175 -3.3313 5.0241
4.3105 -2.1127 3.7966
10.7619 -3.3381 5.0942
8.7572 -2.7793 5.0436
10.4344 -3.3577 4.8662
5.6776 -2.2496 4.3148
9.4418 -0.5745 9.8084
11.1288 -3.3890 5.2051
7.7582 -2.8507 4.3252
13.7352 -1.2891 10.8719
11.9389 -3.1869 6.0735
8.0249 -3.4066 3.3776
8.9070 -2.0849 4.9828
11.3002 -2.8232 6.4255
11.1755 -3.0000 6.0029
10.7347 -3.2966 5.1607
9.1610 -3.2670 4.3103
4.2644 -2.0833 3.8282
9.0459 -1.1901 7.0513
8.5385 -3.0110 4.4583
11.6439 -3.0850 6.1051
10.1331 -0.0304 11.2858
10.9536 -1.9200 7.1448
5.6195 -1.5332 5.7009
5.3587 -1.3912 5.8318
12.1017 -3.3830 5.7789
12.4105 -2.9888 6.7385
10.0549 -2.9038 5.5464
1.8121 -1.2345 4.0941
7.3147 -3.0846 3.6056
8.1740 -3.4125 3.4521
12.3433 -3.2748 6.1328
10.2055 -3.3036 4.8410
10.8184 -3.3577 5.0879
3.8748 -1.7811 4.2021
9.7664 -1.7952 6.2214
6.1726 -2.1695 4.7593
8.5384 -3.3445 3.7974
10.3484 -2.1848 5.8469
10.6896 -3.1868 5.3522
7.1782 -3.0745 3.5467
11.8376 -3.3247 5.7420
9.4535 -1.8286 6.2062
7.8359 -2.8643 4.3432
8.0095 -3.2517 3.6757
9.8767 -2.7014 5.8446
11.4244 -3.4128 5.3287
11.9422 -1.8679 6.6919
9.9446 -3.0221 5.2483
10.3905 0.9202 4.6960
7.7358 -2.7012 4.6086
8.5481 -1.8823 5.2779
10.5540 -3.3512 4.9481
14.1666 -0.5747 12.5367
10.5748 -3.0748 5.5078
9.7256 -1.1033 7.9022
5.9074 -2.4383 4.0737
12.6901 -2.7797 7.3144
12.2907 -0.4934 11.6145
12.0401 -3.3578 5.7932
9.7989 -2.8230 5.5586
8.8178 -3.3948 3.8589
11.9209 -1.9909 8.4331
8.6575 -2.8908 4.7651
10.4478 -3.1868 5.2126
6.6963 -2.7940 3.8244
8.5569 -3.2670 3.9615
12.0450 -1.5336 9.4111
9.8725 -1.9745 6.1366
9.9344 0.8556 4.9399
5.2594 -0.7271 7.0904
8.0273 -0.9995 8.1492
10.2399 -2.9770 5.5082
11.1091 -3.2283 5.5121
10.7550 -2.3241 6.1332
10.8588 -0.7274 10.3238
3.7982 -1.2346 5.2409
10.6458 -3.2441 5.2133
13.5934 -1.9585 9.4634
11.4030 -3.1606 5.8161
-0.1841 -0.2275 4.9366
11.4440 -1.5336 9.0641
12.3357 -2.8233 7.0233
9.5789 -2.2969 5.4615
6.1645 -2.1128 4.8671
10.2987 -3.1331 5.2328
8.8503 -1.9812 5.2037
12.2341 -3.2895 6.0406
12.2151 -3.3247 5.9599
11.4137 -0.4934 11.1080
11.6989 -2.7336 6.8332
9.6612 0.1585 4.9666
12.7216 -2.5015 7.8838
10.7103 -3.3447 5.0513
10.4890 -2.7943 6.0142
6.6926 -1.3844 5.7468
11.7270 -2.7944 6.7290
11.0523 -1.8670 7.1322
9.3642 -1.5696 6.4848
13.9046 -1.8191 9.9194
5.9337 -2.5788 3.8104
9.5849 -3.1331 4.8207
10.2292 0.8689 4.8392
11.7343 -2.4131 6.7664
10.6500 -3.3767 4.9530
9.9940 -0.5745 10.1273
12.1726 -2.9655 6.6472
12.1190 -2.8373 6.8703
8.4395 -3.1044 4.2159
9.6590 -3.0329 5.0619
11.5924 -1.7037 8.8126
9.2584 -3.2819 4.3371
12.5562 -2.8090 7.1789
12.5534 -2.8911 7.0145
8.7299 -1.6129 5.8591
11.5961 -3.0949 6.0578
11.1245 -2.2181 6.4703
8.3223 0.0755 10.4498
12.1573 -3.2122 6.1496
11.7042 -3.2442 5.8243
9.2948 -3.0110 4.8949
11.8844 -3.1783 6.0591
9.2850 -3.2201 4.4750
13.3962 -2.2502 8.7714
5.0135 -2.3481 3.7361
11.9784 -2.5015 7.4547
12.6144 -2.4810 7.8624
12.3885 -3.1426 6.4210
8.4270 -2.8229 4.7665
11.4719 -2.7645 6.6408
8.4744 -3.2361 3.9752
8.2829 -3.3764 3.5864
10.7410 -3.3246 5.1089
1.0689 0.1867 6.4811
7.6148 -3.2117 3.5270
3.3399 -1.2345 4.9762
3.7016 -0.6522 6.3393
7.8913 -3.2118 3.6866
7.3245 -3.1043 3.5721
11.8762 -2.9040 6.5979
14.2602 -1.5782 10.6021
13.0837 -2.4811 8.1334
9.1371 0.1864 11.1403
10.8362 -3.2283 5.3546
7.2105 -3.0539 3.6062
13.4567 -2.0538 9.1957
11.2043 -3.1143 5.7931
4.3991 -1.1788 5.6984
8.6199 -3.0847 4.3591
7.4924 -3.0946 3.6885
10.0263 -3.1046 5.1321
11.6096 -3.0112 6.2314
9.2711 -2.9290 5.0439
8.3994 -2.9289 4.5407
9.7352 -3.1142 4.9448
9.7991 -3.2820 4.6493
8.8448 -3.2036 4.2535
8.5230 -3.3765 3.7251
10.4779 -2.1140 6.2638
6.1377 -2.6332 3.8203
5.7321 -2.4805 3.8887
4.7576 -1.1211 6.0198
10.7378 -3.1238 5.5049
5.8572 -2.6154 3.6937
11.7853 -3.2673 5.8255
11.2415 -3.3381 5.3711
10.0741 -1.9568 6.0558
12.8396 -2.1133 8.7212
6.9040 -0.4931 8.5039
6.4828 -2.4805 4.3222
6.1824 -2.4596 4.1901
12.8585 -2.6683 7.6323
6.8884 -2.6333 4.2537
10.6220 -3.3447 5.0003
11.4839 -3.3108 5.5652
9.9590 -1.0616 9.1417
8.5945 -0.0304 10.3973
12.4489 -3.0851 6.5699
5.8424 -2.2751 4.3595
10.6628 -2.1272 6.5221
14.5348 -0.5747 12.7494
8.2404 -3.2439 3.8245
10.8646 -3.1238 5.5781
12.9830 -1.1216 10.7694
8.4331 -3.1866 4.0494
11.0654 -0.6235 8.1545
11.0287 -3.3246 5.2750
7.8837 -3.1235 3.8570
10.9730 -3.2442 5.4021
9.8108 -2.4843 5.6784
12.9004 -0.6526 11.6511
12.1230 -3.3448 5.8669
13.5417 -1.8906 9.5680
10.8014 -2.3014 6.2570
11.5793 -2.2386 6.7037
13.5823 -1.8907 9.5915
12.2405 -3.3178 5.9882
9.8877 0.2511 4.9749
9.7465 -3.3511 4.4818
8.4019 -3.3311 3.7450
10.3920 1.0208 4.4508
11.8623 -2.8373 6.7222
11.1923 -3.4128 5.1946
9.2878 -3.2361 4.4448
11.4517 -2.8372 6.4851
8.8353 -0.2279 10.1449
6.7610 -2.6155 4.2154
7.5200 -3.1691 3.5567
12.0713 -3.4129 5.7021
12.0302 -3.2895 5.9230
9.4248 -3.3949 4.2094
10.1842 -3.1515 5.1302
12.0827 -3.3315 5.8701
5.6134 -2.4596 3.8616
11.9339 -3.2203 6.0044
7.4686 -2.0517 4.9083
6.9517 -2.8228 3.9147
10.9004 -3.2966 5.2564
4.7120 -0.4931 7.2381
8.4306 -2.9037 4.6086
8.8868 -3.2281 4.2291
16.3271 0.1862 15.2924
4.1990 -1.5776 4.7926
11.6360 -3.0543 6.1613
6.5948 -0.3201 8.6682
6.7717 -1.4542 5.5050
8.8845 -1.7978 5.5539
11.5592 -1.1215 9.9472
11.8163 -3.3038 5.7710
10.8601 -1.9179 6.9149
2.9652 -1.1210 4.9848
11.5591 -3.3768 5.4779
10.4398 -3.4010 4.7835
11.2099 -2.9166 6.1881
5.6750 -1.8548 5.0957
10.0336 -2.7335 5.8717
10.7048 -3.3890 4.9603
2.7667 -1.2884 4.5384
9.4490 -0.9997 7.6095
11.7545 -2.2501 7.8235
8.4415 -2.8643 4.6928
10.4919 -1.9143 6.8525
8.4030 -3.3765 3.6557
10.5715 -2.1244 6.2484
6.2638 -2.8085 3.5459
7.8999 -2.6508 4.8032
7.2757 -2.7940 4.1589
13.3454 -1.3412 10.5435
11.5676 -1.8189 8.5700
12.6427 -2.5216 7.7985
7.2897 -1.8452 5.2389
11.1956 -3.0222 5.9705
8.8328 -3.4183 3.8209
7.1472 -1.9390 4.8638
10.3995 -3.1238 5.3095
12.0488 -3.2895 5.9337
7.6903 -2.3314 4.4588
6.5708 -2.6333 4.0704
5.1503 -2.3000 3.9105
8.6364 -3.2594 4.0225
7.0879 -2.6847 4.2672
8.5147 -3.3575 3.7579
6.4630 -0.8532 5.6879
10.6559 -3.3950 4.9201
4.5903 -2.2235 3.7387
10.7450 -1.4602 7.8618
9.0844 -1.9737 5.3125
8.9679 -3.3379 4.0584
8.1908 -1.9887 4.9648
7.3032 0.1865 10.0813
5.2435 -2.0532 4.4534
7.7731 -1.5232 5.8841
11.3125 -3.3381 5.4121
10.0160 -1.6568 6.6370
10.8741 -2.1898 6.5238
5.0154 -2.0531 4.3217
7.5512 -1.1779 3.7792
10.4315 -3.1953 5.1863
12.1542 -3.3315 5.9114
6.6337 -2.5600 4.2519
11.5493 -2.1649 6.8380
4.4313 -1.0613 5.9499
12.0941 -3.3382 5.8633
7.2015 -3.1140 3.4820
10.1165 -1.9059 6.1411
10.1678 0.9266 4.6801
8.7998 -3.4183 3.8019
12.2670 -1.0617 10.4744
11.9712 -1.5523 6.5657
7.2944 -0.9995 6.4428
9.2683 -2.9885 4.9243
5.6181 -1.7428 5.2847
11.8943 -3.1333 6.1540
8.0181 -1.7482 5.5648
9.9428 -3.2965 4.7035
7.7522 -1.8944 5.3576
7.8177 -3.1044 3.8569
6.9723 -2.9996 3.5762
9.0992 -2.9652 4.8728
4.3995 -2.0222 4.0274
12.0617 -2.7646 6.9814
8.8059 -3.2892 4.0614
7.4412 -3.0745 3.6985
6.1233 -2.7011 3.6776
8.0050 -2.3035 4.6486
8.9586 -3.2361 4.2547
8.2352 -3.0435 4.2186
10.7136 -3.2037 5.3325
8.6035 -1.4164 6.1508
8.7222 -3.2745 4.0422
10.4455 -1.9742 6.4660
10.6470 -2.7943 6.1054
10.6889 -3.0948 5.5340
0.9090 -0.3199 5.3850
11.8296 -1.7816 8.7952
8.7824 -2.1584 4.8713
11.1217 -1.8190 7.3142
10.6513 -2.9291 5.8408
11.5645 -3.3314 5.5709
5.2471 -2.3481 3.8710
8.4360 -3.1780 4.0682
10.2068 -3.0437 5.3570
11.2721 -3.2821 5.4997
7.8600 -2.8507 4.3840
9.2313 -2.9770 4.9258
9.6262 -1.9570 5.9265
10.7210 -2.4869 6.2096
13.6872 -1.7434 9.9439
10.6568 -3.2821 5.1445
7.4506 -1.5520 3.9557
12.2596 -2.9167 6.7941
9.0356 -1.7377 6.0919
8.3934 -3.3035 3.7948
6.5419 -2.6332 4.0537
10.7537 -3.0948 5.5714
7.3533 -2.0398 4.7971
4.2250 -0.2277 7.4827
5.2661 -1.3407 5.8783
9.8096 -2.7644 5.6810
8.0394 -2.7941 4.5999
11.0340 -3.1143 5.6947
9.6464 -2.2525 5.4638
10.0174 -2.0553 6.0215
5.3848 -2.3243 3.9977
8.8561 -3.0541 4.5563
11.8086 -1.1793 9.9768
11.2363 -3.2747 5.4937
9.0671 -2.3985 5.1925
12.4577 -3.0113 6.7211
9.6084 -2.5316 5.5980
10.1680 -3.2202 4.9848
10.6514 -2.0947 6.6414
9.2348 -2.1619 5.2231
12.2411 -3.3952 5.8353
9.6036 -3.3766 4.3489
11.5278 -3.3705 5.4722
8.7913 -3.3106 4.0106
13.5132 -2.1421 9.0533
7.2405 -2.0198 4.6570
12.2257 -3.3315 5.9526
9.3618 -3.2892 4.3823
9.4572 -2.2000 5.5459
6.2765 -2.3000 4.5607
8.3322 -2.9037 4.5517
15.0539 0.0752 14.3371
5.9156 -2.6154 3.7273
10.9126 -0.4933 10.8187
11.5932 -3.3448 5.5610
4.8974 -1.9579 4.4424
9.1373 -1.3173 6.8618
10.1205 0.8796 4.9264
8.5335 -2.5749 5.0038
8.3510 -1.3038 6.1980
10.6058 -3.2966 5.0863
11.9713 -3.3951 5.6795
10.2145 0.1716 5.2581
9.5278 -2.7794 5.4885
8.7980 -1.5990 6.3861
9.3928 -2.6204 5.5296
11.1987 -3.1516 5.7160
6.9761 -1.6961 5.1348
10.3694 -3.1046 5.3302
8.9966 -2.9037 4.9354
11.1797 -3.3890 5.2345
8.8314 -3.0947 4.4616
8.4798 -3.3575 3.7377
9.0803 -3.0220 4.7492
7.3597 -3.1329 3.5359
9.2756 -3.4068 4.0996
12.2211 -3.3830 5.8479
7.8202 -3.1235 3.8204
12.0855 -3.2039 6.1246
10.9522 -3.2038 5.4702
11.2503 -1.8364 7.2815
0.7217 -0.7269 4.4702
0.3503 -0.2276 5.2452
2.8364 -0.9992 5.1518
1.9636 -1.1210 4.4065
11.9625 -3.0647 6.3292
7.2060 -2.6333 4.4371
12.8024 -2.2502 8.4285
5.0262 -0.3200 7.7624
8.0606 -3.3638 3.4830
13.4748 -1.9585 9.3949
1.9489 0.1867 6.9893
7.4531 -3.1043 3.6464
11.8133 -2.4117 6.8087
5.9317 -2.5210 3.9237
9.4495 -3.1604 4.6883
8.7986 -3.3510 3.9346
7.6913 -1.4470 5.9572
11.9899 -2.7016 7.0648
9.3793 -3.3640 4.2443
-1.7178 0.1868 4.8719
9.3183 -3.4126 4.1127
5.4968 -1.9245 4.8547
13.3126 -0.2281 12.7304
10.6519 -3.3829 4.9419
7.3394 -2.9411 3.9043
5.2045 -0.6522 7.2071
15.2802 -0.7276 12.8769
12.1019 -1.2514 6.3718
7.7402 -2.0553 5.0787
12.6279 -2.8912 7.0575
10.0242 -2.0807 6.0004
11.6365 -3.4186 5.4397
11.1674 -3.3577 5.2894
8.7442 -2.8644 4.8677
7.2220 -3.0745 3.5720
10.9257 -3.3950 5.0759
4.0459 -0.3200 7.1963
5.8397 -2.5210 3.8706
8.4093 -3.1330 4.1419
8.2168 -3.3639 3.5732
10.3937 0.9199 4.5837
9.8673 0.5273 5.1150
10.4705 -1.9692 6.7511
11.3789 -2.1110 6.9967
10.6843 -3.3767 4.9728
11.8097 -3.0223 6.3251
8.5876 -3.3175 3.8792
9.0356 -2.9885 4.7900
11.7920 -1.4404 9.4497
12.0071 -2.9655 6.5517
11.7205 -3.1047 6.1102
12.7359 -0.8688 11.1277
7.1054 -1.2456 6.1048
11.8494 -2.2756 7.8278
10.1383 -1.9107 6.3144
6.3880 -0.9994 7.2026
10.5044 -1.5551 7.3617
12.0431 -3.0750 6.3555
8.8757 -2.7013 5.2667
10.4135 -2.0953 6.2734
12.2120 -3.2748 6.0570
10.2579 -2.9165 5.6384
10.2029 -3.3512 4.7454
11.4263 -2.2305 6.6794
12.3477 -3.0544 6.5722
10.0516 -2.4847 5.8184
11.7196 -2.7492 6.8142
11.7050 -1.1792 9.9170
10.3558 -3.2037 5.1259
12.8559 -2.7493 7.4703
10.6532 -3.3313 5.0448
10.0240 -2.2031 5.6296
10.2513 -3.2283 5.0169
9.7494 -3.4126 4.3616
9.1577 -3.3765 4.0915
7.2359 -2.7642 4.1951
13.9423 -1.6214 10.3330
10.2127 -3.0542 5.3395
8.1667 -3.2200 3.8294
11.4573 -3.3314 5.5090
9.6169 -3.3312 4.4464
5.5619 -1.9905 4.7614
9.3135 -2.5289 5.4218
2.7657 -1.4872 4.1440
6.8041 -0.1313 9.1632
8.4974 -3.3948 3.6739
11.6041 -3.2520 5.7511
12.1208 -3.3642 5.8272
3.3424 0.1866 7.7940
10.7555 -3.1046 5.5530
13.5653 -2.0228 9.3197
9.0364 -1.9842 5.3215
5.0474 -2.3243 3.8029
11.9006 -3.1239 6.1762
12.5473 0.0753 12.8896
9.7025 -1.4937 6.7293
10.9194 -3.3037 5.2532
12.2888 -1.9584 8.7101
11.0836 -3.3108 5.3341
11.8139 -3.0543 6.2640
8.1705 -3.0220 4.2240
9.1242 -1.8538 5.6341
11.1971 -2.0341 6.8647
11.8118 -3.3830 5.6115
8.5670 -3.0541 4.3894
12.8647 -2.4811 8.0069
11.9876 -1.7302 6.6260
11.1236 -3.0647 5.8449
11.7936 -2.7646 6.8266
4.7817 -1.9904 4.3110
9.0974 -3.2745 4.2588
9.9586 -3.3889 4.5295
11.3611 -3.0850 5.9418
12.2217 -3.1426 6.3247
12.6718 -1.4878 9.8639
12.2836 -2.4601 7.7129
10.0468 -3.1331 5.0873
9.1471 -3.1045 4.6245
9.8568 -2.7942 5.6492
5.4951 -0.7271 7.2265
11.4424 -3.0331 6.0916
2.9107 -1.6206 3.9633
11.4109 -2.7944 6.5464
10.9067 -3.3704 5.1137
2.1285 -0.9349 4.8703
10.6266 -3.2441 5.2021
6.2863 -2.0223 5.1168
12.5382 -3.0001 6.7897
10.3278 -2.7176 6.0730
8.6238 -3.3175 3.9001
11.8549 -2.7492 6.8923
11.7475 -3.2038 5.9294
11.1455 -0.5805 8.1528
9.6748 -2.8909 5.3525
11.1618 -3.3951 5.2122
10.3874 -3.1868 5.1777
11.3905 -3.3177 5.4975
13.0007 -0.5746 11.8635
8.3483 -3.3311 3.7140
5.4465 -1.7428 5.1856
6.5820 -1.2462 5.8173
6.3583 -2.6846 3.8459
8.4820 -3.3105 3.8320
10.0617 -1.1516 7.9674
8.3421 -3.0644 4.2389
10.2721 -3.4009 4.6867
12.3207 -1.0617 10.5054
7.3599 -2.9883 3.8225
9.1831 -2.8508 5.1479
10.5602 -2.0931 6.5831
4.7285 -2.1968 3.8713
10.7931 -3.2037 5.3784
10.4646 0.9372 4.5394
12.6936 -2.7493 7.3765
11.2408 -3.2520 5.5414
10.0314 -3.4127 4.5244
11.9300 -3.3642 5.7170
7.0286 -2.8642 3.8771
10.9927 -3.3314 5.2408
9.7139 -3.1142 4.9326
10.0438 -2.9999 5.3495
11.3602 -3.2363 5.6413
7.4755 -2.1683 4.7050
11.8646 -2.1419 8.1014
10.5796 -2.7335 6.1869
12.2302 -3.1333 6.3480
8.5238 -1.6359 5.6423
11.2932 -2.9887 6.0934
8.4456 -3.3105 3.8110
7.7084 -3.0946 3.8132
7.9594 -1.6311 5.8249
5.8962 -0.9994 6.9186
10.3952 -3.1143 5.3259
11.9175 -3.2673 5.9018
7.8951 -0.0304 9.9934
8.3410 -3.2281 3.9140
12.0800 -2.5412 7.4347
6.8677 -2.8506 3.8111
9.5972 -2.9413 5.2078
9.4120 -3.2119 4.5646
3.3630 -1.1788 5.1001
10.6426 -2.8910 5.9113
1.9583 -0.6521 5.3326
11.6507 -0.5746 11.0839
7.5266 -2.3225 4.2659
9.3969 -1.7027 6.3236
7.5276 -3.1329 3.6329
7.7700 -2.7489 4.5338
8.7057 -3.0435 4.4903
5.5209 -1.2886 6.1288
12.7363 -2.7337 7.4321
8.9592 -1.9999 5.2222
8.6644 -0.0304 10.4377
8.3979 -3.0220 4.3553
5.3568 -2.4805 3.6720
6.3802 -2.7939 3.6419
6.5445 -2.5211 4.2775
11.9863 -3.2284 6.0186
11.0112 -3.2672 5.3786
12.2734 -3.2521 6.1375
10.5085 0.9479 4.5119
5.7363 -1.7812 5.2769
8.0104 -3.1329 3.9116
8.9858 -1.8754 5.6482
11.1986 -3.0000 6.0163
10.7469 -3.2672 5.2260
9.7970 -2.4378 5.6343
8.8959 -2.9885 4.7093
7.9506 -3.2118 3.7208
10.4380 -2.7176 6.1366
9.9682 -1.5215 7.1354
10.7923 -2.6850 6.4060
7.0947 -3.0108 3.6247
12.0782 -1.4404 9.6150
7.5951 -3.2117 3.5156
7.4227 -1.5922 4.0046
0.3285 -0.4929 4.7068
7.8208 -1.4838 5.9537
7.7197 -3.3174 3.3781
3.1455 -1.7032 3.9353
10.0040 -3.3446 4.6435
11.4213 -3.2821 5.5859
7.8553 -2.6184 4.6379
10.7998 -3.3512 5.0900
10.8926 -3.4010 5.0449
2.9149 -0.4083 6.3682
11.8942 -2.2501 7.9042
11.2372 -3.3577 5.3297
1.3800 -0.4082 5.4818
9.0228 -3.2518 4.2608
11.6833 -1.8552 8.5649
7.0821 -3.0945 3.4516
0.1077 -0.1311 5.2963
11.5547 -2.2434 6.7027
10.5874 -3.2966 5.0756
9.9210 -2.8509 5.5740
5.2497 -1.5332 5.4874
8.7244 -2.1517 5.0736
7.7761 -0.4085 9.1753
7.3662 -3.0539 3.6961
8.7344 -0.0304 10.4781
12.7062 -2.9536 6.9789
5.6237 -2.0532 4.6729
7.4476 -1.6313 5.5312
9.3732 -2.1816 5.4446
8.8129 -3.3312 3.9822
9.1205 -3.1604 4.4983
9.0505 -3.3445 4.0930
11.6743 -2.7944 6.6985
11.9344 -0.4087 11.5765
10.6531 -2.8231 6.0518
0.7405 -0.4082 5.1125
3.1967 -0.7270 5.8993
10.2948 -3.3577 4.7856
11.5105 -2.5845 6.7428
10.6764 -3.4069 4.9084
10.2024 0.1825 5.2192
9.6751 -3.2362 4.6684
10.9742 -0.3203 11.1972
10.1220 -3.1515 5.0944
14.7339 -0.4935 13.0253
8.3506 -2.3142 4.7209
8.9751 -3.0747 4.5841
14.3298 -0.0306 13.7093
10.2458 -2.9886 5.4887
12.0715 0.1863 12.8349
9.1328 -2.7334 5.3516
11.4056 -3.4186 5.3064
5.1473 -0.5743 7.3285
11.2879 -3.3642 5.3463
10.4058 -1.4454 7.5053
12.2839 -2.8233 6.9934
10.4256 -3.0849 5.4017
2.3068 -0.7990 5.2428
10.0573 -2.1931 5.6223
13.9334 -1.1794 11.2037
7.5292 -2.8507 4.1930
8.6129 -2.8777 4.7654
7.5154 -1.3144 3.8421
6.6364 -2.8775 3.6242
7.9743 -3.3826 3.3960
11.4119 -2.8910 6.3554
10.9068 -0.2280 11.3412
11.9212 -2.3486 7.7245
10.9735 -3.2672 5.3568
11.2000 -3.2672 5.4876
11.9187 -3.1869 6.0618
11.3226 -3.3642 5.3663
4.3843 0.0756 8.1757
10.6933 -3.1143 5.4980
11.3400 -3.3642 5.3763
9.2176 -3.2670 4.3430
15.0821 -0.7996 12.6197
13.1083 -1.5337 10.0251
13.8133 -1.7039 10.0950
11.1665 -3.2363 5.5295
8.3677 -3.2035 3.9781
14.3364 -1.2891 11.2190
9.8670 -3.3313 4.5908
11.1539 -1.8495 7.2910
1.0173 -0.4929 5.1046
9.2390 -3.1867 4.5147
10.1825 -2.7014 6.0212
9.4242 -2.8370 5.3145
6.2065 -2.7791 3.5709
7.7629 -3.0328 3.9672
7.3455 -2.1190 4.5809
6.4606 0.0755 9.3748
10.5037 -2.2405 5.9274
10.7998 -3.1143 5.5595
11.4526 -3.0000 6.1630
11.7306 -3.3768 5.5769
9.8351 -1.4281 6.9885
11.4734 -2.2423 6.6526
12.4119 -2.5015 7.7050
10.1127 -3.2519 4.8900
8.9580 -3.3888 3.9518
11.3643 -3.1516 5.8116
12.1124 -3.3891 5.7730
11.0113 -3.2596 5.3936
8.5085 -3.4067 3.6568
9.7813 -1.1538 7.8850
13.2885 -1.8553 9.4918
10.5375 -2.1071 6.2762
11.2626 -3.1425 5.7710
6.1586 -2.1969 4.6971
7.5395 -1.3340 3.7998
11.0162 -2.1851 6.4029
13.0965 -2.6338 7.8382
7.8678 -2.9411 4.2094
7.8696 -2.0437 5.1099
12.1164 -3.3514 5.8501
6.9806 -3.0434 3.4943
11.5651 -3.0647 6.0998
8.4596 -3.2745 3.8905
9.2076 -3.0329 4.8013
10.1427 -3.3640 4.6851
9.0635 -3.2036 4.3798
2.2070 -0.4929 5.7916
10.8554 -2.4840 6.2806
10.9913 -3.1047 5.6892
11.7965 -2.3248 7.6997
10.5263 -3.4069 4.8217
7.6056 -2.8507 4.2371
10.1070 0.1489 5.2617
11.6043 -3.2121 5.8303
10.2231 -3.2746 4.9087
10.1625 -3.2120 4.9979
6.1559 -2.0532 4.9802
7.3852 -2.4073 4.2425
9.9601 -2.7014 5.8928
11.8311 0.0753 12.4761
8.3887 -2.7643 4.8606
14.5310 -0.9999 11.9046
7.5556 -3.2117 3.4928
7.0118 -1.5446 5.6388
13.4377 -1.7817 9.7238
9.2896 -2.0143 5.6920
9.7082 -1.9741 5.9095
12.2722 -2.7337 7.1642
10.7387 -3.3890 4.9799
8.5243 -1.8803 5.2558
12.1849 -3.2039 6.1819
11.9352 -3.2443 5.9577
6.2639 -2.4805 4.1958
12.0799 -2.9292 6.6657
7.7280 -3.0846 3.8442
11.4989 -3.0647 6.0615
10.5046 -3.2746 5.0712
8.7110 -3.0328 4.5145
11.0450 -3.3641 5.2060
9.5061 0.1694 4.9642
11.8382 -2.1132 8.1431
10.7998 -2.9535 5.8782
-0.2188 -0.4082 4.5586
10.0950 -2.5328 5.8815
2.4067 -0.9350 5.0310
11.9289 -1.7416 6.6398
2.2901 -0.9992 4.8363
11.3002 -2.9535 6.1671
11.5855 -3.2894 5.6662
6.5942 -2.7332 3.8859
7.7279 -1.4369 5.8688
8.9760 -1.1889 6.9790
3.8392 -0.0302 7.6513
9.1650 -3.1330 4.5782
10.0646 -1.5526 7.0868
12.1708 -3.4129 5.7596
11.5208 -2.7796 6.6392
9.2684 -2.2754 5.2279
11.7427 -3.2442 5.8466
4.3754 -1.9244 4.2073
7.2627 -2.7642 4.2106
11.5051 -3.3038 5.5914
8.4085 -3.4067 3.5990
5.0680 -1.3911 5.6639
8.9173 -2.3158 5.0520
11.9913 -2.9536 6.5661
6.3257 -0.1313 8.8870
9.9318 0.3736 5.1001
11.7600 -2.7796 6.7773
7.6866 -2.5313 4.4880
4.8818 -1.5776 5.1869
9.7842 -2.9038 5.3901
10.8405 -3.3890 5.0386
11.0501 -2.0476 6.9597
8.4369 -3.4183 3.5924
12.0366 -3.2822 5.9411
9.3789 -3.2745 4.4213
8.9897 -3.0848 4.5727
12.4251 -2.4388 7.8369
7.7540 -2.8229 4.3780
9.1043 -3.2670 4.2776
7.2553 -2.9651 3.8082
11.7931 -3.3108 5.7437
9.9404 -2.6681 5.9474
5.0143 -2.2235 3.9835
8.4492 -3.2517 3.9296
9.0297 -1.6270 6.4129
7.4492 -3.0945 3.6635
8.4844 -3.2594 3.9347
11.9313 -2.8511 6.7347
9.7854 -3.3703 4.4662
11.3938 -3.2520 5.6297
8.4503 -2.9998 4.4295
7.3583 -2.9288 3.9396
10.1750 0.0423 5.2232
7.7786 -3.2439 3.5579
8.8890 -2.9998 4.6828
12.4225 -0.7995 11.0840
12.0945 -1.3057 6.4038
9.4164 -2.9290 5.1278
12.4926 -3.1240 6.5181
11.2065 -2.9414 6.1370
10.4554 -2.1344 6.2126
11.7667 -2.4547 6.8104
8.8300 -1.8531 5.4614
7.2808 -1.7196 5.4608
10.4147 -2.3576 5.9448
7.9243 -3.0946 3.9379
3.7399 0.0756 7.8036
10.9285 -3.1332 5.5964
10.7582 -3.2283 5.3095
5.4839 -1.9905 4.7164
10.3656 -3.3889 4.7645
6.4474 -2.8368 3.5958
12.1334 -0.7995 10.9171
9.0977 -2.0100 5.4476
11.9419 -3.3705 5.7113
7.6136 -3.0643 3.8184
10.3364 -2.3573 5.8990
10.2375 0.1864 11.7758
11.0421 -2.2439 6.3255
10.6359 -2.9654 5.7600
12.1229 -3.2895 5.9765
9.8371 -3.3703 4.4961
11.9234 -3.0223 6.3908
6.4927 -0.6695 5.5270
11.7386 -3.3108 5.7122
11.6006 -2.7015 6.8400
9.3076 -2.3652 5.3244
9.9042 0.3544 5.0460
10.6463 -2.2190 6.1120
10.9108 -3.4185 5.0207
8.2258 -1.5241 5.7880
8.1074 0.0755 10.3258
6.3496 0.1865 9.5306
11.2904 -2.2966 6.6087
9.3523 -2.8909 5.1663
9.9657 -3.2362 4.8362
5.5414 -2.3714 3.9948
9.8322 -3.1515 4.9270
12.6928 -2.9655 6.9476
6.3646 -1.2066 5.9559
12.7165 -2.8780 7.1347
12.4684 -2.9772 6.7948
8.3629 -3.2200 3.9426
10.4582 -3.3704 4.8547
10.0037 -3.4185 4.4970
2.9247 -0.8683 5.4623
8.5261 -3.3702 3.7392
9.8171 -3.0329 5.1531
8.3382 -3.3639 3.6433
11.0254 -0.9026 8.2990
10.3137 -3.3313 4.8488
12.1625 -3.1144 6.3463
10.2349 -3.0542 5.3523
6.1372 -0.3201 8.4040
11.5109 -2.2367 6.7455
1.8022 0.1867 6.9046
11.9136 -2.8373 6.7518
10.9432 -2.9654 5.9374
10.6947 -3.4127 4.9074
7.7018 -3.1603 3.6792
8.2590 -3.3311 3.6624
7.7977 -3.1140 3.8262
8.0256 -1.5060 5.8735
0.8847 -0.2276 5.5538
10.4294 -3.4127 4.7542
9.9874 0.1599 5.0440
11.5021 -3.2673 5.6620
12.0819 -2.8911 6.7423
9.8622 -3.0330 5.1792
6.8713 -1.5661 5.3577
10.3542 0.9100 4.5873
12.5998 -0.6526 11.4775
11.9896 -2.6511 7.1645
11.6908 -3.1606 5.9823
12.7957 -2.4170 8.0941
9.9692 0.0754 11.4009
7.6485 -3.2593 3.4521
11.4038 -2.8232 6.4852
12.1160 -1.9910 8.5458
7.8516 -3.3574 3.3750
10.4860 -1.7418 7.1884
8.2661 -3.1141 4.0966
4.3584 -1.2346 5.5644
8.7894 -3.2281 4.1728
12.3015 -2.4810 7.6818
10.9901 -2.9039 6.0863
11.8023 -2.9040 6.5553
9.6010 -1.3885 6.8921
9.3231 -2.0952 5.2532
9.8583 -2.2766 5.5714
6.2904 -2.5788 4.0164
5.8572 -2.3243 4.2704
6.9052 -3.0327 3.4720
5.3848 -0.6522 7.3112
12.3854 -2.9655 6.7701
10.1279 -2.3566 5.7769
8.5574 -3.3765 3.7449
8.9312 -3.3175 4.0776
10.9705 -3.1332 5.6207
10.0401 -2.8371 5.6701
5.9397 -2.0223 4.9167
10.1168 -0.5745 10.1982
8.2853 -2.8908 4.5502
11.8662 -1.6631 9.0513
9.6259 -0.5745 9.9147
10.1038 -3.0221 5.3402
8.4910 -2.6848 5.0773
9.4029 -2.0983 5.6998
8.6859 -2.8229 4.9160
5.9694 -2.3000 4.3834
10.7395 -3.3177 5.1216
9.4455 -3.2965 4.4164
6.0325 -1.7812 5.4480
13.3876 -1.9250 9.4109
14.7233 -1.1217 11.7743
6.3306 -1.1575 6.0330
9.6810 -1.2733 7.2003
10.5486 -2.3180 5.9989
9.3549 -1.1443 7.2962
9.9493 0.2280 5.0126
7.4773 -1.4054 3.9088
9.4585 -3.3949 4.2288
12.1633 -3.3891 5.8024
12.8200 -2.5605 7.8238
9.3823 -2.1193 5.5461
11.9289 -1.7701 6.6398
10.0918 -3.2746 4.8329
8.0086 -3.3638 3.4530
11.4233 -3.0949 5.9580
11.6232 -2.5919 6.8240
2.3993 -0.9992 4.8994
5.7394 -2.3714 4.1091
12.3638 -3.2039 6.2853
8.6612 -3.1330 4.2873
9.5885 -3.3511 4.3906
10.8831 -2.4422 6.2715
12.3872 -2.9888 6.7250
4.0156 -1.8184 4.2094
11.9557 -2.8089 6.8322
9.0425 -2.5295 5.2666
7.9871 -2.8369 4.4847
12.2089 -3.1783 6.2465
10.7687 -3.3704 5.0340
11.8355 -3.3513 5.6879
9.1123 -0.6524 9.4637
10.2063 -1.7831 6.8033
7.3864 -2.8086 4.1940
12.0644 -1.3411 9.8038
10.3617 -3.1331 5.2691
6.5283 -2.5788 4.1537
9.7531 -3.0111 5.1596
8.9206 -2.1226 4.9319
10.3959 -3.3177 4.9232
7.5747 -0.8685 8.1474
5.9897 -1.6627 5.6581
7.7107 -2.7174 4.5620
9.8896 0.0824 5.3023
9.9067 0.5849 5.1495
11.6855 -3.3381 5.6275
10.2357 -2.0696 6.1962
11.6443 -2.7336 6.8016
11.7367 -3.1144 6.1004
9.4631 -3.2671 4.4847
2.2814 -0.3199 6.1774
9.4481 -2.7794 5.4425
11.4363 -2.9771 6.1989
11.7568 -1.1792 9.9469
10.4605 -1.9115 6.8216
11.1279 -2.7015 6.5671
10.6335 -1.2517 8.2721
10.7715 -3.2966 5.1820
10.3995 -3.0222 5.5109
10.9415 -1.3866 8.2267
11.5762 -3.1869 5.8641
4.5273 -1.3407 5.4517
9.1616 -3.1604 4.5221
11.5300 -3.1516 5.9073
9.9233 -0.0304 11.1646
9.5837 -3.1514 4.7836
9.6988 -2.7942 5.5579
5.1175 -2.2751 3.9409
4.9200 -1.2885 5.7818
11.2338 -2.0299 6.9995
12.7032 -2.3719 8.1299
9.3292 -3.3765 4.1905
10.9365 -3.2821 5.3060
8.3110 -2.7489 4.8462
9.0874 -3.3244 4.1541
8.0626 -1.8626 5.3864
10.6697 -3.1046 5.5035
9.2082 -2.9165 5.0324
7.4575 -2.8642 4.1247
10.7349 -1.9475 6.8128
8.9569 -3.1866 4.3518
8.2492 -1.0482 6.6962
12.0107 -3.3891 5.7143
7.0512 -2.9410 3.7379
7.8294 -3.0219 4.0270
8.3539 -2.1119 5.0316
14.4217 -0.9999 11.8415
12.8700 -0.3204 12.2919
9.6002 -3.4126 4.2755
11.1618 -3.1143 5.7685
7.4997 -1.7543 5.5409
9.7042 -3.3889 4.3826
10.2217 -3.2120 5.0321
10.3568 0.9101 4.5349
3.8614 -1.1211 5.5023
11.1268 -1.6905 7.4935
10.3537 -2.1620 5.9546
8.3615 -3.0746 4.2299
13.2332 -1.0618 11.0324
9.5308 0.0071 4.8904
11.1267 -2.1766 6.5335
11.9082 -2.8911 6.6420
9.1021 -2.0592 5.1976
11.1273 -3.4010 5.1805
6.9216 -0.3201 8.8569
12.3309 -3.3178 6.0404
11.4293 -3.2597 5.6350
12.3470 -0.3203 11.9899
12.1886 -3.1783 6.2348
9.1408 -2.9412 4.9444
12.2233 -3.0439 6.5213
4.3019 -2.0833 3.8499
10.2999 1.0306 4.5334
10.7054 -2.2102 6.3891
8.2277 -2.5781 4.8343
13.7163 -1.0618 11.3113
9.2851 -3.4126 4.0936
5.9129 -1.9905 4.9642
12.0601 -1.2571 6.4098
13.3818 -2.1974 8.8677
8.1689 -3.2035 3.8633
8.2007 -3.2517 3.7861
12.4612 -3.1333 6.4813
10.9391 -1.2014 8.4489
11.3943 -3.0438 6.0426
11.2904 -1.1792 9.6776
12.8603 -2.4170 8.1314
11.5351 -2.7336 6.7386
6.9618 0.0755 9.6642
11.9238 -2.0838 8.2508
8.7247 -3.3827 3.8292
8.3612 -2.0998 5.1037
4.1777 -1.1211 5.6849
10.2787 -3.3037 4.8833
8.0248 -3.4125 3.3659
9.9147 -1.3656 7.3500
11.4283 -2.5532 6.6964
11.5482 -3.3642 5.4966
12.4440 -2.5412 7.6449
5.0508 -2.1695 4.1117
6.6416 -0.7992 7.7459
8.1635 -3.2439 3.7801
12.4749 -2.5793 7.5871
9.5317 -1.6022 6.8343
10.0431 -3.2362 4.8809
7.0705 -2.6507 4.3243
12.0159 -1.1793 10.0965
10.8193 -2.9166 5.9626
12.0910 -2.8780 6.7735
12.3599 -3.0648 6.5587
7.7117 -3.2035 3.5993
8.9269 -3.3445 4.0216
13.2475 -1.9910 9.1991
8.8693 -3.3035 4.0696
10.2928 -3.4069 4.6869
8.0277 -3.2891 3.6121
14.1618 -1.7039 10.2962
10.0289 -3.2893 4.7675
11.1756 -3.1695 5.6672
1.6947 -1.0612 4.3697
12.1839 -3.4011 5.7904
12.0541 -1.6003 6.5775
10.4984 -3.3828 4.8533
11.9248 -3.2822 5.8765
9.5448 -3.0747 4.9131
9.9010 -3.3107 4.6513
8.8615 -3.2892 4.0935
10.5743 -3.2596 5.1413
9.6622 -2.2258 5.5624
11.2827 -3.2363 5.5966
11.3363 -3.3177 5.4662
7.5030 -3.1779 3.5295
13.1416 -2.0228 9.0750
5.4374 -0.1313 8.3740
9.6888 -2.8778 5.3866
10.4073 -3.2283 5.1070
0.0636 -0.0301 5.4710
10.7119 -1.4945 7.7271
8.7685 -0.2279 10.1063
12.2841 -3.0001 6.6430
11.7350 -2.9415 6.4421
8.0133 -2.7642 4.6439
12.3385 -2.8511 6.9698
9.9669 -3.2820 4.7462
5.4229 -2.1128 4.4389
8.0155 -2.3976 4.5834
12.1054 -3.0223 6.4959
9.7631 0.1146 5.0414
9.7168 -1.5290 6.6883
8.2866 -2.7333 4.8630
10.4840 -3.1238 5.3584
9.3914 -3.0747 4.8245
3.0522 -1.1788 4.9206
13.6280 -1.9250 9.5497
8.8683 -3.3948 3.8881
8.4336 -3.0540 4.3123
7.1104 -0.5744 8.4622
11.4733 -3.3767 5.4284
7.9352 -2.8229 4.4826
8.4743 -3.3702 3.7093
10.0529 1.0006 4.7684
7.2297 -2.8085 4.1036
3.5523 -0.5742 6.4075
12.1720 -2.1133 8.3358
10.4356 -2.4008 5.9878
13.6410 -1.3412 10.7142
9.3403 -2.0682 5.6744
9.0550 -3.0848 4.6103
8.8638 -3.3575 3.9594
2.8389 -1.3910 4.3768
9.6914 -2.0745 5.7878
9.6038 -2.8371 5.4182
9.9076 0.3725 4.9886
7.9896 -3.1513 3.8632
13.4848 -1.2890 10.7273
9.6155 -3.3446 4.4192
4.1547 -1.2346 5.4467
8.8312 -2.8908 4.8654
7.8663 -3.1603 3.7742
7.6196 -3.1603 3.6317
7.7298 -2.3571 4.4686
11.9080 -2.3005 7.8123
10.0233 -3.2595 4.8232
10.5211 -3.2202 5.1887
9.3274 -2.8909 5.1519
8.4496 -1.5143 5.8343
6.7185 -2.9162 3.5949
10.4748 -1.3422 8.0192
12.3785 -2.4601 7.7676
9.2206 -1.4332 6.6890
12.3929 -3.1955 6.3187
10.1561 0.8730 4.7036
0.6928 -0.0301 5.8343
10.2388 0.0184 5.2623
12.9353 -2.7016 7.6106
12.8411 -2.6851 7.5889
9.8633 -3.3949 4.4625
5.2290 -2.1968 4.1603
10.1483 -3.2202 4.9735
10.9540 -3.2519 5.3758
10.4655 -2.7176 6.1526
11.9236 -2.6683 7.0924
8.2954 -2.9652 4.4087
11.7434 -3.3578 5.6219
9.0036 -3.2745 4.2047
8.1012 -1.3501 6.0933
10.6983 -1.9634 6.8583
12.5465 -3.0950 6.6065
9.2132 -2.0857 5.2504
3.1040 -1.1788 4.9505
9.1079 -2.9533 4.9014
9.7830 -3.1867 4.8287
8.4269 -2.3149 4.7666
9.2676 -2.1041 5.4327
9.6829 -1.6097 6.6641
6.4168 -1.0614 7.0964
9.0787 -3.2745 4.2480
7.1438 -3.0539 3.5677
7.0852 -1.8395 4.8938
9.9813 0.0651 5.1704
11.6422 -1.8552 8.5412
6.5722 -2.5973 4.1424
2.1776 -1.0612 4.6485
9.2214 -0.4933 9.8421
8.3239 -2.1857 4.9426
10.8255 -3.4010 5.0062
9.2103 -3.2361 4.4001
6.9716 -2.9650 3.6444
6.0031 -2.5599 3.8878
9.9162 -2.6196 5.8300
3.8292 -1.1788 5.3693
8.9613 -2.7942 5.1321
7.8657 -2.9163 4.2572
12.0623 -3.1333 6.2510
6.8799 -2.9996 3.5228
6.1432 -2.4165 4.2530
11.2721 -3.0949 5.8707
8.7653 -3.2036 4.2076
10.6171 -3.2747 5.1362
11.1118 -3.3890 5.1953
10.6590 -2.8510 6.0000
3.4148 -1.1788 5.1300
6.8806 -2.7940 3.9308
15.4513 -0.2282 13.9654
11.8514 0.1863 12.7078
11.7478 -3.3768 5.5869
8.4124 -2.1638 5.0243
7.9397 -2.2051 4.6845
3.1309 -0.3200 6.6680
10.2667 0.8887 4.6520
8.4628 -2.8777 4.6787
8.3344 -3.3764 3.6161
12.0051 -3.3768 5.7354
12.0443 -2.7492 7.0017
10.0195 -2.1198 5.7275
11.7604 -2.7177 6.9002
14.7899 -1.0619 11.9313
7.9313 -3.2200 3.6934
6.0675 -0.5743 7.8599
8.7351 -1.8445 5.3688
8.7151 -3.1866 4.2122
9.3842 -2.3976 5.3733
8.6244 -2.7793 4.9669
10.7396 -3.1332 5.4873
6.0932 -2.5599 3.9399
10.8513 -2.6216 6.3741
8.4654 -3.2594 3.9238
9.2694 -2.0237 5.3769
0.6080 -0.5741 4.7074
10.3096 -3.3245 4.8598
10.5159 0.9506 4.5983
8.7293 -3.1236 4.3452
12.5899 -2.9041 7.0100
8.2483 -3.0946 4.1249
10.4715 -3.1953 5.2094
10.7357 -3.3767 5.0025
7.2979 -2.1425 4.2233
12.3110 -1.9910 8.6584
11.3198 -2.0446 6.9737
6.9933 -1.4271 5.8549
10.1279 -2.8088 5.7769
12.3865 -1.3916 9.8898
6.7283 -2.5211 4.3836
5.8758 -0.3201 8.2531
8.8834 -3.2594 4.1651
7.7393 -3.3243 3.3758
10.1961 -1.9824 6.2222
7.7392 -1.9180 5.2807
4.7348 -2.2496 3.7704
3.2716 -0.4930 6.4064
10.4682 -2.3242 5.9678
1.8556 -1.0612 4.4626
13.6321 -2.1974 9.0122
11.1303 -2.9887 5.9994
7.3548 -2.4500 4.2530
9.5917 -3.3106 4.4727
12.1907 -2.8090 6.9679
4.5765 -1.3407 5.4802
12.0207 -3.1048 6.2836
8.4303 -3.1330 4.1540
8.8864 -2.9652 4.7499
10.1325 -1.2453 7.8424
5.3766 -1.9244 4.7854
5.2086 -0.5743 7.3640
8.2784 -2.9289 4.4708
11.8795 -3.1239 6.1640
7.2875 -1.9232 5.0435
9.5280 -1.8057 6.1358
7.3980 -1.7453 5.4277
7.1335 -1.3453 6.1412
8.6780 -3.3175 3.9314
12.4834 -1.3916 9.9458
10.7363 -3.3037 5.1475
9.7093 0.3051 4.9849
13.2123 -2.2241 8.7169
7.0489 -3.0108 3.5982
11.4846 0.1864 12.4960
8.7671 -1.8877 5.2890
9.9140 -2.8778 5.5166
8.2680 -3.1044 4.1169
10.2256 -2.7943 5.8621
8.6604 -2.9412 4.6670
9.8523 0.7022 5.1429
7.2763 -1.3843 6.0831
10.4531 -2.9166 5.7511
8.4734 -3.1866 4.0726
8.0597 -1.7463 5.5779
6.0168 -2.0223 4.9612
2.5394 -1.4398 4.1071
11.8317 -3.4011 5.5871
11.6679 -3.2748 5.7429
10.8700 -3.3512 5.1305
7.4219 -3.1779 3.4827
6.6749 -1.1031 6.1396
12.4391 -2.3719 7.9774
14.1945 0.0753 13.8408
5.9929 -2.5210 3.9591
9.3825 -2.4841 5.4306
2.5806 -0.0302 6.9245
10.5920 -2.6682 6.3236
7.6819 -2.8507 4.2812
10.4230 -3.2202 5.1321
8.7444 -2.9164 4.7646
12.2883 -2.3486 7.9365
14.8967 -0.3204 13.4622
11.9974 -1.6643 6.5876
10.7280 -3.3447 5.0615
4.4946 -1.4400 5.2361
8.3050 -2.3976 4.7505
10.1089 -1.7969 6.4278
10.5523 -2.7335 6.1711
7.5441 -3.0540 3.7988
9.4365 -2.5409 5.5193
10.4092 -1.3315 7.8148
8.3904 -1.4575 6.0217
10.5941 -2.0843 6.5718
11.3111 -2.3312 6.5482
9.7706 -1.9599 6.0210
8.9722 -3.2670 4.2013
11.4081 -2.3289 6.5219
7.1253 -2.8085 4.0433
7.9492 -3.1779 3.7871
10.2466 -2.1242 5.7845
7.5115 -2.9532 3.9797
12.3592 -0.6526 11.3386
12.7124 -2.0839 8.7061
8.3214 -2.0925 5.0566
9.0482 -2.8230 5.1252
9.6641 -3.0848 4.9620
7.3687 -0.6523 8.4568
13.2105 -2.5605 8.0492
5.6074 -2.3714 4.0329
12.5197 -2.5604 7.6504
10.0494 -2.2325 5.6444
13.2085 -1.9910 9.1766
6.0289 -0.2278 8.5244
6.3406 -1.1498 5.7604
6.4974 -1.1212 7.0244
9.9282 0.8178 5.0533
2.2195 -1.2345 4.3293
8.6063 -3.2035 4.1158
11.4610 -2.0574 6.9779
7.9702 -1.7190 5.3703
12.5497 -2.5604 7.6677
8.6544 -2.0908 5.1373
11.4990 -3.2747 5.6454
10.7039 -2.0184 6.7870
9.9155 -3.0436 5.1888
9.9375 -2.0447 6.0539
10.3530 -3.2362 5.0598
9.8433 0.3753 5.0037
9.4782 -1.9228 5.8411
13.2305 -2.2757 8.6252
7.3120 -2.1114 4.5364
10.1011 -1.4632 7.5234
9.7034 -3.2965 4.5652
11.5339 -3.3578 5.5010
11.9433 -1.6489 6.6146
8.2763 -2.1206 5.0144
9.7189 -3.3576 4.4531
12.5543 -2.8647 7.0675
12.1375 -2.4388 7.6708
6.2320 -2.0532 5.0241
7.2432 -2.8907 3.9485
9.4192 -3.1693 4.6532
5.0976 -1.8901 4.6923
7.5316 -2.9411 4.0152
4.7149 -1.2346 5.7702
11.4077 -3.2672 5.6075
3.1362 -1.2345 4.8586
9.0271 -1.9929 5.2378
9.9944 -0.7994 9.6819
13.5155 -1.7434 9.8448
9.4090 -3.4068 4.1767
8.5313 -3.2819 3.9173
9.8782 -3.3245 4.6108
8.9453 -3.2281 4.2629
8.0092 -3.2818 3.6159
8.7635 -3.3510 3.9143
10.4852 -2.8645 5.8728
11.5196 -2.0480 7.2323
13.0453 -2.3249 8.4207
9.8353 -3.3176 4.5996
8.9172 -0.9996 7.4373
9.3683 -3.3445 4.2765
9.6409 -3.4184 4.2875
7.4810 -2.2409 4.5222
4.8468 -0.7271 6.8522
13.4584 -0.3204 12.6316
5.8293 -2.3942 4.1159
8.0695 -2.7012 4.8012
8.7667 -1.9091 5.2444
12.0352 -2.1700 8.1444
6.4293 -2.2752 4.6983
7.5796 -2.9411 4.0430
6.5538 -2.7173 3.8940
10.9924 -3.2747 5.3529
8.7661 -1.5642 6.4352
13.8018 -1.5337 10.4256
7.6593 -2.8643 4.2413
8.8478 -3.2281 4.2066
7.4448 -1.6002 3.9172
9.7925 -3.4068 4.3981
10.3911 -1.1047 8.3589
14.9450 -0.6527 12.8317
9.1431 -1.5317 6.3802
10.5884 -3.3950 4.8811
9.8081 -2.5219 5.7620
13.1653 -2.3720 8.3967
12.9815 -2.6852 7.6700
8.6813 -3.3702 3.8288
8.1531 -3.1692 3.9222
8.3107 -3.3378 3.6790
9.0641 -3.0436 4.6973
10.6549 -0.4086 10.8376
11.0457 -2.1203 6.6120
8.5194 -1.1419 6.7277
11.6303 -3.2748 5.7212
9.1091 -1.4997 6.4421
10.6621 -0.4933 10.6740
10.6673 -2.4869 6.1786
11.5953 -2.7944 6.6529
7.7805 -2.2980 4.5866
9.3304 -3.0221 4.8937
5.9774 -1.9245 5.1322
11.1402 -2.0203 6.9096
9.8084 -1.6217 6.5411
10.4942 -1.8111 7.1218
11.6776 -3.1047 6.0854
11.3688 -2.9654 6.1831
7.2305 -2.0143 4.6306
9.3124 -2.1289 5.5359
9.4405 -2.1811 5.5735
6.8616 -1.2526 6.1184
10.6903 -3.2672 5.1933
11.3592 -1.8995 7.4632
9.7303 0.2556 4.9986
3.9685 -1.2885 5.2324
8.4220 -3.2745 3.8689
7.8254 -2.9884 4.0912
12.0140 -1.6321 6.5757
10.0939 -2.3989 5.7860
7.9053 -2.7489 4.6119
11.7221 -3.1783 5.9654
4.5139 -0.4084 7.2915
9.1777 -2.8230 5.1999
7.2495 -3.1235 3.4908
14.0769 -1.6214 10.4107
8.2936 -3.0847 4.1707
7.9087 -3.1779 3.7637
7.3119 -2.8776 4.0142
5.4776 -2.0222 4.6499
1.8020 -1.0612 4.4316
5.6940 -1.7812 5.2525
10.3915 -1.8781 6.8037
7.8975 -1.6408 5.5687
11.8129 -3.2822 5.8119
10.9830 -1.0492 8.3726
11.3659 -2.9771 6.1582
8.2051 -3.0946 4.1000
6.9709 -2.9287 3.7159
9.7493 -3.0329 5.1140
12.9875 -2.0228 8.9861
10.1131 -2.9999 5.3895
12.0616 -3.3891 5.7437
8.2669 -3.2963 3.7359
5.8384 -2.3714 4.1663
10.3184 0.9019 4.6754
12.0065 -3.0950 6.2947
7.6403 -2.3808 4.3996
11.5894 -3.3178 5.6123
10.2133 -2.1951 5.7970
7.7918 -3.0746 3.9010
7.7068 -2.9768 4.0456
9.8980 -3.3446 4.5823
12.0189 -0.5746 11.2965
8.5532 -1.9260 5.1869
8.8920 -3.4067 3.8782
9.0196 -1.7327 5.8439
15.6110 -0.4935 13.5318
12.2756 -2.6512 7.3296
10.7566 -2.1711 6.5005
10.5083 -3.1868 5.2475
11.7731 -3.1606 6.0298
8.2759 -2.1300 4.9410
11.8972 -1.7038 8.9886
6.9196 -3.0218 3.5018
8.1552 -3.1513 3.9588
11.1895 -3.2121 5.5908
6.2948 -0.7992 7.5456
8.9629 -2.3977 5.1304
7.8891 -3.1865 3.7353
9.9251 0.8096 5.1134
7.6726 -3.0328 3.9150
7.4773 -1.5135 3.9088
10.7757 -3.3177 5.1425
4.0840 -1.3406 5.1957
11.0397 -2.8910 6.1405
5.8173 -2.2496 4.3954
9.6609 -1.1214 8.8511
9.6481 -3.2965 4.5333
9.6034 -3.0221 5.0513
9.1440 -3.1330 4.5661
7.3935 -1.8360 4.0556
7.6929 -3.0219 3.9482
11.5754 -3.1425 5.9515
11.2474 -1.9391 7.2306
8.6366 -2.5297 5.0328
7.7041 -3.0746 3.8504
5.6655 -1.0614 6.6626
11.1398 -1.0617 9.8236
11.0513 -1.9604 7.0491
8.2906 -2.0266 5.1600
10.0835 -3.2120 4.9523
8.6342 -2.1823 4.8508
8.4663 -3.3888 3.6679
10.8715 -3.3641 5.1058
5.0602 -1.7428 4.9626
9.2090 -2.7794 5.3044
3.4666 -1.1788 5.1599
8.7100 -1.7461 5.5449
10.2823 -2.9165 5.6525
12.3412 -2.8780 6.9180
9.8043 -2.7176 5.7708
11.6183 -3.0438 6.1720
10.0409 -3.0948 5.1599
6.4907 -1.1043 6.0960
9.7565 -3.1142 4.9571
12.1938 -3.3768 5.8444
1.9093 -1.0612 4.4936
9.8541 -1.7847 6.4053
10.3522 -1.8481 6.8215
10.8197 -1.8096 7.0915
9.2145 -2.0833 5.1555
10.3722 -0.2280 11.0324
8.6878 -3.3311 3.9100
8.4136 -3.2439 3.9245
6.2199 -2.5010 4.1298
10.8743 -2.9886 5.8515
10.9736 -0.2280 11.3797
10.2817 0.8926 4.6649
9.9700 -3.1424 5.0247
12.9402 -2.5605 7.8932
7.5871 -2.4729 4.3690
11.4364 -1.8552 8.4223
13.1253 -2.6338 7.8548
7.0489 -1.7434 5.2152
13.1848 -0.5746 11.9698
7.8527 -2.3997 4.4945
10.7432 -3.1515 5.4530
8.9885 -1.2301 6.8529
12.9572 -2.4170 8.1873
4.3116 -0.9993 6.0036
7.9181 -1.7476 5.5038
8.3492 -3.2670 3.8416
11.9578 -2.8911 6.6706
10.1968 -1.4999 7.4833
13.0686 -2.3006 8.4824
9.0611 -3.2518 4.2829
9.2923 -2.1408 5.1972
8.6647 -2.0541 5.1279
9.3617 -3.2036 4.5520
7.0972 -3.0846 3.4800
10.5606 -1.2926 8.0563
9.0825 -1.3512 6.6730
10.7553 -0.9354 9.8518
10.5985 -3.3767 4.9233
7.9431 -2.2696 4.7780
12.7916 -2.8780 7.1780
12.1056 -2.4388 7.6524
10.5236 -3.4010 4.8319
9.4159 -1.8884 6.1141
9.9900 -3.0221 5.2745
-0.6269 0.0758 5.2819
15.3392 -0.7276 12.9109
9.4971 -0.9997 7.7858
11.4259 -2.7336 6.6755
9.3210 -3.3244 4.2890
14.1407 -1.1794 11.3234
8.9717 -3.2440 4.2467
8.8471 -1.4110 6.7291
11.9352 -1.8327 6.6643
11.5867 -3.0112 6.2182
9.0118 -3.0541 4.6462
11.3301 -1.9706 7.1025
13.7262 -1.7039 10.0447
8.3547 -3.3105 3.7585
7.0687 -3.0745 3.4835
5.4278 -0.7991 7.0450
8.9242 -3.3035 4.1013
8.3422 -3.3510 3.6711
9.8287 -2.0041 5.9661
7.9308 -3.2118 3.7094
11.7265 -2.3676 6.7264
10.2163 -0.0051 5.2529
11.7094 -2.1699 7.9563
9.3094 -2.0360 5.6609
7.5149 -1.7020 5.4833
11.2590 -3.1606 5.7330
11.2232 -2.3187 6.3900
8.3862 -3.0644 4.2644
11.1396 -2.0507 6.8919
11.8082 -2.1973 7.9591
11.9574 -1.6699 6.5899
8.5929 -2.8643 4.7802
1.7052 -1.1787 4.1429
12.0915 -0.0305 12.4167
8.6736 -3.3827 3.7997
13.9801 -0.0306 13.5073
11.3222 -3.0647 5.9596
4.3886 -1.1211 5.8067
8.8612 -3.3827 3.9080
13.3727 -2.0228 9.2085
11.7135 -3.3768 5.5670
11.1450 -0.9354 10.0768
7.5127 -2.1163 4.7832
9.8738 -3.3889 4.4805
12.0873 -1.2783 6.3814
4.7618 -1.1789 5.9078
12.7858 -1.7433 9.4234
9.0617 -2.9164 4.9478
15.3939 -0.5747 13.2455
11.4386 -3.4186 5.3254
6.8374 -0.8685 7.7217
10.0209 -3.3828 4.5776
7.5395 -1.2825 3.7998
13.9227 -0.6526 12.2414
12.1155 -3.2364 6.0774
12.1943 -2.1420 8.2918
8.1442 -3.2439 3.7690
9.0951 -2.9038 4.9922
4.0984 -0.7991 6.2773
9.8149 -2.3562 5.5953
10.7340 -2.2091 6.4024
2.7041 -0.1312 6.7956
8.0510 -3.1692 3.8632
8.1451 -1.0478 6.5956
8.6236 0.1865 10.8438
10.4390 -0.2280 11.0710
7.5792 -3.0219 3.8826
10.2250 -3.3577 4.7453
10.0306 -3.2202 4.9055
7.2975 -2.7174 4.3234
13.9844 -0.9998 11.5890
9.5643 -1.4746 6.8685
10.8023 -3.2596 5.2730
8.7834 -3.2670 4.0923
11.3532 -3.3767 5.3591
11.1098 -3.2203 5.5286
9.1565 -2.4414 5.2730
10.0957 -3.3036 4.7776
10.5752 -2.9166 5.8216
6.9024 -2.8642 3.8043
9.0477 -3.2670 4.2449
9.2097 -3.3106 4.2522
9.9536 0.3735 5.1123
10.1612 -2.3152 5.7684
9.1255 -3.3575 4.1105
8.2349 -1.3041 6.1364
9.5605 -3.2036 4.6668
8.9948 -2.1079 5.0151
11.7579 -0.6525 10.9914
4.2023 -0.9993 5.9405
10.3464 -1.8508 6.6484
8.8132 -3.4008 3.8444
9.4937 -2.3027 5.4272
4.9462 -2.3243 3.7444
8.5680 -0.2279 9.9906
10.2242 -3.0748 5.3053
6.6279 -0.2427 5.3196
1.7946 -0.9349 4.6775
9.2553 -2.8230 5.2448
10.6999 -2.3979 6.1336
6.7364 -2.5788 4.2738
8.3122 -3.1866 3.9796
8.0729 -3.1422 3.9294
10.2841 -3.4185 4.6589
10.3508 -1.6461 7.3131
9.7239 -2.9770 5.2102
8.6287 -3.4008 3.7379
11.8953 -3.3642 5.6969
12.0116 -2.0537 8.3613
9.6655 -1.5766 6.7124
3.6983 -1.5776 4.5035
10.0976 -3.3512 4.6845
10.5274 -2.2159 5.9541
9.7436 -3.3640 4.4547
8.7415 -1.7709 5.5098
7.7748 -3.1044 3.8321
7.9221 -3.0540 4.0170
8.7057 -3.2035 4.1732
11.4260 -2.8372 6.4703
11.3136 -2.2484 6.5771
9.4606 -3.1867 4.6426
7.9291 -2.5318 4.6292
11.0418 -2.3258 6.3029
11.3152 -2.8779 6.3256
10.1301 -3.0646 5.2713
12.6665 -2.1974 8.4547
12.8724 -2.4388 8.0952
12.6455 -2.9655 6.9203
6.0719 -0.3201 8.3663
6.2243 -2.6332 3.8703
12.0308 -2.9655 6.5653
10.0198 -3.0646 5.2076
8.8530 -3.0947 4.4741
7.7409 -1.3695 6.1485
-0.3022 -0.1310 5.0596
2.3853 -1.1210 4.6500
7.6632 -3.2439 3.4912
7.8910 -2.9288 4.2471
-0.0063 -0.0301 5.4306
10.1649 0.9134 4.6859
3.6560 -0.9993 5.6250
9.0198 -3.0110 4.7361
12.2814 -3.1869 6.2712
12.1154 -2.7646 7.0123
9.8376 -3.2441 4.7466
12.3769 -2.6683 7.3542
10.1323 -3.3036 4.7988
10.6795 -2.2535 6.0626
9.4084 -3.1604 4.6645
12.8166 -0.5746 11.7572
5.4961 -1.4400 5.8144
4.9695 -1.2346 5.9173
11.9684 -2.5215 7.4092
8.4973 -3.3575 3.7478
8.5403 -2.9412 4.5977
11.9866 -2.1132 8.2287
12.4267 -2.4810 7.7540
9.5673 -0.4086 10.2096
9.1954 -1.3210 6.9520
7.2196 -0.7992 8.0797
11.9183 -3.0647 6.3037
1.2971 -0.6520 4.9508
9.1629 -3.2036 4.4372
10.5525 -3.2519 5.1440
10.1593 -2.9999 5.4162
10.5765 -3.3641 4.9355
10.2642 -1.4615 7.5996
8.3434 -2.8508 4.6631
7.7467 -3.2744 3.4789
8.3318 -2.1618 4.7015
13.5269 -1.2351 10.8585
10.7113 -2.0640 6.6926
9.6151 -1.5828 6.7315
10.5544 -2.9291 5.7849
11.7110 -2.9415 6.4283
9.6970 -2.1425 5.7013
13.5956 -1.7039 9.9693
12.0054 -3.3178 5.8525
12.5330 -1.2890 10.1777
11.9835 -2.9655 6.5380
10.4863 -3.3177 4.9754
9.1723 -3.0747 4.6980
7.3695 -3.1950 3.4184
7.0559 -0.0303 9.5088
10.4352 0.9381 4.4308
7.6341 -2.8643 4.2267
9.6567 -3.0541 5.0185
10.2378 0.8714 4.8733
7.8842 -2.1944 4.9151
9.7583 0.0681 5.0493
8.6096 -2.5296 5.0171
12.0112 -2.1420 8.1860
8.5433 -3.3702 3.7491
10.1131 -3.3704 4.6555
11.7657 -3.3247 5.7005
11.1115 -2.0004 6.9524
8.8746 -3.0947 4.4865
8.8436 -3.3379 3.9867
12.0561 -3.1144 6.2848
7.1842 -3.0846 3.5302
12.3743 -1.0617 10.5364
11.9868 -3.2748 5.9270
11.4331 -2.9040 6.3421
6.0958 -0.2278 8.5630
13.1763 -1.8906 9.3570
9.8973 -3.2671 4.7354
11.6092 -3.0647 6.1253
12.5871 -2.9536 6.9101
9.5366 -1.9995 5.6638
8.3057 -3.2891 3.7726
12.0610 -3.1607 6.1960
7.6474 -2.1464 4.8454
10.3713 -2.6849 6.1629
10.2393 -2.8778 5.7044
9.0738 -1.6245 6.4198
9.5650 -2.1176 5.7486
6.7317 -1.2062 6.1567
5.4030 -2.2235 4.2079
7.9703 -3.2118 3.7322
8.0517 -3.1513 3.8990
10.5363 -1.6044 7.4310
11.6941 -3.1144 6.0758
11.5888 -3.2442 5.7577
6.2553 -2.7488 3.6592
10.3288 1.0083 4.5122
11.7828 -3.3513 5.6575
2.2849 -1.0612 4.7105
8.0882 -2.8643 4.4889
7.2135 -2.6508 4.4069
8.7699 -2.2372 4.9181
10.3748 -3.3446 4.8576
9.6457 0.0780 4.9450
11.5145 -3.2821 5.6397
7.9018 -2.1548 4.8020
14.8135 -0.4088 13.2391
5.0280 -0.0302 8.3377
10.4776 -2.9166 5.7652
10.7648 -2.8779 6.0078
7.6364 -2.9768 4.0050
10.0050 -3.0748 5.1788
11.0361 -3.0331 5.8569
9.2489 -3.0110 4.8685
12.4492 -2.7178 7.2978
8.3435 -2.2337 4.6631
7.4422 -3.1779 3.4944
6.0799 -2.0532 4.9363
10.4509 0.9336 4.5281
7.4683 -3.1421 3.5803
3.5567 -1.8184 3.9445
11.3114 -3.2747 5.5370
12.4775 -2.7797 7.1916
9.0706 -2.0317 5.1885
10.7768 -2.7795 6.2096
11.5449 -2.4047 6.6374
5.9456 -1.6627 5.6326
9.7911 -3.1952 4.8165
10.9341 -3.2363 5.3953
8.6220 -3.2118 4.1085
6.8568 -2.9996 3.5095
10.4689 -2.8910 5.8110
8.7192 -3.3379 3.9149
9.2524 -0.9353 8.9839
7.2494 -3.0434 3.6495
9.0778 -3.1867 4.4216
6.9898 -1.1031 6.3203
10.6964 -3.4185 4.8969
6.5191 -0.6246 5.5122
10.2682 -1.8675 6.6824
7.8006 -2.9768 4.0998
12.9027 -2.7797 7.4371
9.5832 -3.3036 4.4817
11.8532 -3.3951 5.6114
10.5604 -3.2202 5.2114
10.8751 -3.3950 5.0467
10.3103 -2.9770 5.5488
10.7550 -1.5304 7.6697
9.5422 -2.7334 5.5880
13.2011 -0.6526 11.8247
11.2242 -3.4186 5.2016
8.4662 -3.0220 4.3947
11.0497 -2.0746 6.9265
11.5001 -2.0782 7.0734
9.5582 -3.2518 4.5699
10.6053 -3.1046 5.4664
4.3770 -2.0833 3.8933
10.7560 -2.9771 5.8061
9.7606 -2.7335 5.7141
10.6459 -3.3641 4.9756
10.2942 0.8970 4.7878
7.5255 -3.2360 3.4273
2.8092 0.0756 7.2662
4.0951 -1.9244 4.0454
12.9476 -2.4602 8.0962
10.4265 -3.0330 5.5050
7.4808 -2.6847 4.4940
9.9380 -2.1203 5.7733
11.6270 -2.3538 6.5643
10.8498 -2.7015 6.4065
11.8397 -1.4404 9.4773
8.1610 -3.3887 3.4917
10.7282 -1.7210 7.4590
10.3427 0.9074 4.6156
12.1597 -1.2248 6.3873
10.2580 -2.3574 5.8541
2.5966 -1.3910 4.2369
9.3185 -2.8087 5.3095
9.4750 -0.9353 9.1125
12.0272 -2.6851 7.1190
8.2653 -3.3035 3.7209
9.1844 -2.9769 4.8987
12.0719 -1.2546 6.3892
8.1311 -2.3623 4.6383
8.0446 -3.3311 3.5386
12.3770 -0.2280 12.1901
10.8268 -2.7491 6.2988
9.3062 -3.2892 4.3502
9.1340 -2.5747 5.3500
5.9295 -2.4596 4.0441
10.0235 -2.3565 5.7164
9.2022 -3.4126 4.0457
8.0099 -3.2035 3.7715
10.1239 -3.2671 4.8663
9.9174 -3.0748 5.1282
13.3229 -2.3487 8.5339
10.9758 -0.5745 10.6942
13.1102 -2.1420 8.8206
15.4857 -0.4935 13.4594
9.1163 -2.8370 5.1367
12.4857 -1.8190 9.1001
7.2438 -3.0327 3.6674
8.4299 -3.3948 3.6349
7.1624 -3.0846 3.5176
7.2979 -2.0498 4.2232
12.1515 -3.3514 5.8704
11.6523 -3.3642 5.5567
5.8883 -1.7034 5.5190
8.3485 -1.2682 6.3393
7.6097 -3.1950 3.5571
5.2029 -2.0833 4.3702
6.0352 -2.4383 4.1475
8.4655 0.0755 10.5325
4.6634 -0.6522 6.8947
9.2885 -1.9629 5.8932
12.2078 -3.3315 5.9423
9.1096 -2.8087 5.1889
1.5639 -0.8682 4.6765
12.0353 -3.3247 5.8561
1.1601 -0.5741 5.0261
12.5561 -3.1240 6.5547
12.0429 -0.2280 11.9972
2.7425 -1.5775 3.9516
10.2530 -2.1441 5.7610
10.8414 -3.3950 5.0272
9.0397 -3.3175 4.1402
11.7879 -2.7177 6.9161
12.3030 -2.7646 7.1207
4.9284 -1.6208 5.1283
10.8270 -1.2350 9.2995
12.4360 -2.7337 7.2587
9.8014 -2.1582 5.6248
11.2217 -3.2520 5.5303
9.9987 0.8496 4.9687
10.1033 0.8752 4.9106
7.3021 -1.4568 5.8392
9.6368 -2.0624 5.8261
10.1708 -3.3313 4.7662
4.8977 -0.4084 7.5131
6.3469 -2.5407 4.1245
9.2294 -3.3888 4.1085
11.6177 -3.0949 6.0703
8.7975 -3.3765 3.8835
10.2698 -3.2893 4.9066
8.9256 -1.7701 5.6125
9.8388 -3.4184 4.4018
9.9703 0.2279 5.0244
6.9196 -2.6846 4.1700
9.7314 -2.2406 5.5604
10.6714 -1.5420 7.7263
8.2598 -3.4008 3.5249
10.8820 -3.2966 5.2457
10.8178 -3.2363 5.3282
2.2941 -0.1311 6.5589
11.4730 0.0754 12.2693
9.4721 -0.0384 5.1942
12.3794 -3.2598 6.1835
9.2676 -3.1780 4.5483
8.6024 -3.1692 4.1816
9.0828 -1.6915 6.3208
12.2133 -3.1517 6.3018
10.9232 -3.0330 5.7918
9.3604 -2.2345 5.2519
9.9095 -2.7942 5.6796
10.6073 -3.2441 5.1910
9.7835 -2.8371 5.5219
0.2034 -0.0301 5.5517
9.6440 0.0542 4.9473
10.3127 -3.2671 4.9753
10.4009 -1.9271 6.5343
8.7894 -3.3639 3.9037
12.0359 -2.7177 7.0592
10.5636 -3.2820 5.0907
11.6951 -3.3513 5.6069
10.5523 -1.8872 6.9393
11.3643 -2.3608 6.5755
9.7882 -2.2362 5.5815
11.9616 -3.0331 6.3913
8.4666 -3.3035 3.8371
10.5603 -2.7644 6.1145
11.1702 -3.0438 5.9132
12.3514 -2.7016 7.2735
12.5824 -2.8090 7.1940
13.1082 -2.5979 7.9161
9.8957 -1.5683 6.7812
9.3270 -2.7643 5.4024
-1.1948 -0.0300 4.7443
10.2907 -2.8231 5.8426
2.4997 -1.3910 4.1810
12.0569 -2.6337 7.2379
7.7840 -3.1603 3.7267
10.2808 -3.3889 4.7155
5.6392 -1.4400 5.8970
7.3165 -2.0769 4.6542
10.1800 0.1594 5.2098
12.6561 -2.9773 6.9032
11.1572 -2.6850 6.6166
8.8442 -1.4490 6.6443
4.9468 -2.3481 3.6976
4.2329 -1.5331 4.9003
7.9556 -2.5144 4.6757
8.0474 -3.2594 3.6824
11.1562 -3.1606 5.6736
6.4400 -0.9024 5.6523
7.4472 -2.2913 4.2948
8.1007 -3.0435 4.1410
12.7694 -0.7995 11.2843
6.9579 -1.4739 5.8271
7.4191 -0.1313 9.5184
11.6725 -2.5466 6.8227
7.5517 -3.1421 3.6285
8.3180 -2.8508 4.6484
9.7611 -2.9653 5.2549
11.2009 -2.2512 6.4367
5.8518 -2.0532 4.8046
12.9770 -2.2502 8.5294
12.9383 -2.5015 8.0089
10.5440 -2.7014 6.2299
6.8344 -1.2055 6.1982
12.5050 -2.4170 7.9262
10.5483 -1.2506 8.1979
8.1876 -3.0644 4.1497
7.3148 -1.9765 4.1937
16.2537 0.1862 15.2500
12.1412 -3.1144 6.3340
7.1810 -1.2518 6.2848
3.8657 -0.1312 7.4664
10.1710 -0.0523 5.2341
9.1401 -2.2752 5.1536
11.2001 -3.1425 5.7349
9.9687 -3.3446 4.6231
9.8402 -3.1605 4.9138
12.1280 -3.1048 6.3455
9.0317 -3.3827 4.0065
8.3966 -3.1044 4.1911
7.3363 -3.1691 3.4506
8.3956 -2.5758 4.9261
8.9796 -2.8508 5.0304
10.6856 -1.7723 7.0211
12.2259 -1.9249 8.7401
5.6728 -2.5599 3.6971
9.6470 -3.2282 4.6680
8.2245 -1.6914 5.5786
11.6190 -2.4537 6.6527
8.4756 -3.1236 4.1988
11.4957 -3.2363 5.7196
9.1833 -3.2440 4.3689
10.9614 -2.1778 6.4416
12.4501 -2.7493 7.2360
11.3777 -2.9291 6.2602
11.2240 -3.1238 5.7856
6.0436 -2.5407 3.9494
7.7368 -3.2280 3.5651
1.3441 -0.5741 5.1324
7.4162 -2.9532 3.9246
11.4358 -3.0543 6.0457
14.3017 -0.4088 12.9435
2.4144 -0.8682 5.1676
11.1045 -0.5366 8.0998
5.0251 -0.4931 7.4189
0.9744 -0.3199 5.4227
11.5535 -2.9772 6.2666
12.3352 -3.1333 6.4086
9.3381 -2.9885 4.9646
6.3421 -2.8085 3.5911
11.2579 -3.0543 5.9430
7.8851 -2.3284 4.5636
5.9211 -0.4084 8.1041
7.4877 -2.9532 3.9659
7.8659 -3.3311 3.4355
9.0071 -1.9533 5.3077
10.2929 0.8947 4.5928
9.7114 0.2529 4.9817
11.7094 -3.3830 5.5525
10.7544 -2.1479 6.5321
13.4943 -1.8553 9.6106
11.9233 -3.3513 5.7386
9.1190 -2.3197 5.1780
11.4988 -3.0000 6.1896
11.0879 -3.2520 5.4531
13.3198 -2.4388 8.3534
8.1860 -2.8908 4.4929
8.4519 -3.3826 3.6717
12.2242 -2.9888 6.6310
7.4927 -3.1512 3.5763
8.1085 -3.2118 3.8120
10.4441 -3.3766 4.8342
12.1528 -3.2967 5.9794
11.3460 -3.3447 5.4183
9.9206 0.8192 5.0154
7.9144 -3.2593 3.6057
12.0833 -1.2521 6.3691
8.8116 -1.6371 5.8158
11.1524 -3.0000 5.9896
9.6533 -3.3889 4.3533
8.3539 -2.9164 4.5391
12.6323 -2.8373 7.1667
11.9172 -1.8679 6.6775
8.2524 -2.4869 4.7847
2.2642 -0.5741 5.6637
11.0697 -2.7645 6.4086
10.4333 0.9283 4.4355
8.2544 -3.3510 3.6204
2.7080 -0.4930 6.0809
10.5867 -3.3447 4.9799
9.0906 -3.3575 4.0903
9.4127 -2.3956 5.3852
10.0314 0.8571 4.9044
7.4800 -3.2199 3.4329
8.0825 -1.3864 5.9909
13.6377 -1.9911 9.4244
8.2542 -1.6923 5.6013
0.1761 -0.1311 5.3358
12.1956 -2.6851 7.2162
5.7087 -2.0223 4.7833
8.1686 -3.3378 3.5970
8.8261 -2.9885 4.6690
8.8596 -2.8370 4.9885
4.0303 -1.7427 4.3679
9.9174 0.8112 5.0739
9.1603 -3.1141 4.6129
10.2105 -0.1481 5.2695
10.7704 -1.7871 7.3761
7.0771 -3.0539 3.5291
11.6313 -3.2364 5.7978
11.2751 -1.9598 7.1758
8.9964 -2.7794 5.1817
11.5200 -3.1239 5.9565
3.6310 -0.9350 5.7380
10.6861 -3.3829 4.9616
5.6353 -2.2751 4.2399
9.0577 -3.3175 4.1507
12.5318 -2.7178 7.3456
13.3793 -1.8906 9.4742
9.5625 -0.1622 4.9316
12.5973 -2.1420 8.5245
8.1994 -3.3639 3.5631
8.9578 -2.0525 5.0935
7.3341 -2.9288 3.9256
8.9753 -0.9996 7.4341
10.1913 -3.1953 5.0476
12.4152 -3.2285 6.2662
8.3470 -0.9996 6.8968
8.0833 -2.9532 4.3098
10.2203 -1.8079 6.7365
9.5933 -0.6524 9.7414
9.5190 -3.3106 4.4307
8.9358 -3.3948 3.9270
10.3001 -3.0948 5.3095
9.6798 -3.3828 4.3806
8.5530 -3.0328 4.4233
12.0300 -3.0001 6.4963
9.3524 -3.3576 4.2415
12.6665 -2.8780 7.1058
9.1000 -3.1604 4.4864
11.4615 -3.1695 5.8323
11.2616 -3.2442 5.5688
10.5263 -3.2820 5.0691
10.7068 -3.3313 5.0757
11.3490 -2.8372 6.4258
12.3130 -3.0439 6.5730
13.2622 -0.3204 12.5184
4.9401 -2.0833 4.2184
7.9721 -3.2891 3.5800
11.0170 -2.6682 6.5690
8.1489 -3.0109 4.2333
12.4795 -0.6526 11.4080
7.2000 -2.0144 4.6132
2.9842 -1.3910 4.4608
8.9430 -2.0124 5.1512
1.4490 0.0757 6.4807
12.4466 -3.0223 6.6928
12.2354 -0.9997 10.5791
12.0228 -2.1973 8.0830
12.9343 -2.3720 8.2633
9.3109 -3.3176 4.2968
5.6495 -1.3912 5.9997
12.2190 -3.3038 6.0035
10.0845 -3.2893 4.7996
11.1823 -3.2596 5.4924
9.8621 -3.2893 4.6712
9.8449 -2.3216 5.6016
8.5829 -0.5744 9.3124
7.1903 -1.9225 4.9843
1.9502 0.0757 6.7701
7.3675 -1.9494 5.0365
12.7235 -2.9168 7.0620
10.7796 -3.3381 5.1044
9.6710 -3.1952 4.7472
10.4154 -3.2037 5.1603
5.1423 -2.4164 3.6751
12.2184 -3.0750 6.4567
7.8413 -2.9163 4.2431
12.8301 -0.4087 12.0937
10.7569 0.0754 11.8558
9.3277 -1.2387 7.2352
9.4120 -3.0541 4.8773
7.2551 -3.0109 3.7173
13.0762 -0.8688 11.3242
11.5968 -3.3705 5.5121
10.6897 -2.8779 5.9645
7.2020 -2.7488 4.2059
8.2426 -3.3243 3.6664
9.2336 -2.0457 5.5366
4.2953 -1.9244 4.1610
10.3989 1.0633 4.4343
6.2071 -2.6154 3.8956
10.4132 -3.3828 4.8041
11.2623 -3.3246 5.4099
11.9057 -1.9400 6.7191
4.1608 -1.4399 5.0433
12.3326 -1.2890 10.0620
10.2058 -1.8663 6.4698
7.3837 -1.9538 5.0651
8.5277 -2.9769 4.5196
8.5925 -2.7941 4.9192
8.3302 -2.3115 4.7025
9.8651 0.3746 5.0150
8.1055 -2.9769 4.2758
9.5599 0.1023 4.8935
8.7173 -3.0644 4.4556
6.4175 -2.7488 3.7529
12.1396 -1.1784 6.4320
10.1358 -2.9165 5.5679
8.9411 -2.9533 4.8051
10.2133 -3.2596 4.9329
4.3515 -1.4399 5.1535
12.1964 -3.0223 6.5484
8.4864 -2.3108 4.7910
9.1652 -3.2819 4.2833
10.5641 -2.4422 6.0874
12.8538 -2.1420 8.6725
9.2242 -3.1141 4.6498
5.0138 -2.2999 3.8317
13.9122 -0.1316 13.2679
8.8146 -3.3765 3.8934
11.1527 -3.3381 5.3198
8.3773 -2.3231 4.8344
4.6257 -2.2235 3.7591
7.4708 -3.0946 3.6760
10.5826 -2.8509 5.9560
10.7414 -2.0664 6.7187
8.3662 -3.3311 3.7243
6.9424 -3.0218 3.5149
10.7679 -1.1488 8.2703
9.0430 -2.1968 5.0467
11.3746 -1.7037 8.6869
5.9012 -2.0223 4.8945
12.6289 -1.3916 10.0298
11.2965 -3.3314 5.4162
6.3577 -2.4805 4.2500
8.0993 -3.0644 4.0988
8.6314 -1.6126 5.8002
10.2297 -1.6103 7.2999
9.6487 -2.7644 5.5882
10.7437 -3.2519 5.2543
8.8719 -3.0645 4.5448
11.4630 -3.2203 5.7325
5.7786 -1.7812 5.3014
11.8278 -2.7492 6.8767
8.5492 -0.7993 8.8474
7.8317 -2.8229 4.4228
10.0874 -1.7419 6.5104
9.5184 -2.4820 5.5045
12.0925 -3.3578 5.8235
8.4403 -3.3243 3.7806
11.6505 -3.0223 6.2332
11.8149 -3.4011 5.5774
11.4227 -2.9414 6.2618
11.9401 -3.2121 6.0242
7.4021 -2.7792 4.2612
8.0457 -3.3034 3.5941
7.7313 -3.2891 3.4409
7.8498 -2.9997 4.0828
10.0523 -3.3176 4.7249
10.8870 -2.8372 6.1591
7.9641 -1.1856 6.3058
4.1093 -1.0613 5.7640
7.2494 -3.0846 3.5679
12.0806 -3.2748 5.9812
9.3889 -3.2819 4.4125
8.7645 -3.2670 4.0814
9.9416 -3.3889 4.5197
8.8916 -3.3445 4.0012
10.8467 -3.1516 5.5128
15.8688 -0.0306 14.5980
11.5704 -3.1047 6.0235
10.9802 -1.2889 9.2811
7.5852 -2.3305 4.3960
10.2888 -3.4009 4.6964
7.0588 -2.9531 3.7183
12.4526 -2.8373 7.0630
8.9968 -2.9769 4.7904
10.0384 -3.1781 4.9933
10.5413 -2.9654 5.7054
9.8158 -3.4127 4.3999
8.1083 -3.4066 3.4257
12.5419 -2.1700 8.4369
7.3880 -2.0477 4.8469
11.1973 -3.1606 5.6974
12.6811 -1.7038 9.4412
6.7846 -2.6507 4.1592
14.1383 -1.2352 11.2115
11.3361 -3.3767 5.3492
5.2829 -1.6627 5.2500
10.0248 -2.4846 5.8027
11.8006 -2.9536 6.4561
9.3689 -2.1403 5.2403
8.0854 -3.2594 3.7044
11.3664 -0.3203 11.4236
9.2705 -3.3827 4.1443
11.0441 -2.6225 6.4871
9.3036 -1.3156 6.9315
7.9913 -3.3764 3.4181
9.0373 -2.9164 4.9337
6.8843 -2.7173 4.0849
10.4417 0.9316 4.5537
9.7139 -3.3380 4.4891
12.2690 -1.4404 9.7252
8.4699 -3.4183 3.6115
7.8429 -2.3852 4.5273
5.3659 -1.7033 5.2173
13.3405 -1.0618 11.0944
9.8483 -3.0436 5.1500
10.5763 -3.4069 4.8506
11.3702 -3.3246 5.4721
11.7858 -3.3951 5.5724
9.9747 -3.3512 4.6136
12.2197 -1.6631 9.2554
9.5444 -3.3576 4.3523
12.5367 -0.9355 10.8804
9.2209 -1.3617 6.8962
4.1250 -1.1211 5.6545
10.2323 -2.8088 5.8372
8.7241 -3.3575 3.8788
11.8713 -3.0331 6.3392
11.5025 -2.1207 6.8769
9.4427 -3.2362 4.5343
12.1583 -3.3448 5.8873
9.3462 -1.2833 7.1883
4.1590 -1.7427 4.4423
8.5849 -3.0644 4.3791
7.9678 -1.2710 6.1712
9.4746 -2.2451 5.3455
9.6789 -3.0542 5.0313
4.8854 0.0756 8.4651
13.7853 -1.2891 10.9009
10.0075 -2.1637 5.6741
10.8772 -3.4128 5.0127
9.9754 -2.2010 5.6757
7.6277 -2.9411 4.0707
8.8960 -0.7993 9.0477
10.0977 -3.4127 4.5627
10.8308 -1.5329 7.7358
3.9094 -1.9578 3.8719
1.4159 -0.9992 4.3315
9.2678 -3.3703 4.1674
8.5682 -3.1044 4.2902
7.5667 -2.1677 4.7556
11.5026 -3.0543 6.0842
10.2657 -3.2519 4.9784
11.5420 -2.1813 6.7870
9.8123 -3.0542 5.1084
5.7185 -2.5973 3.6495
6.4736 -2.8642 3.5566
9.8338 -0.6524 9.8803
11.8938 -3.4070 5.6112
11.5965 -3.2673 5.7165
14.5459 -1.2352 11.4469
11.0152 -2.8510 6.2057
0.0950 -0.6520 4.2567
12.2457 -3.0439 6.5342
11.0654 -0.5295 8.1546
14.6705 -1.1217 11.7438
11.4899 -2.7944 6.5921
7.2869 -2.8776 3.9998
7.3312 -1.5498 5.8702
6.0435 -0.8684 7.2632
8.0590 -2.9651 4.2722
6.0125 -2.6507 3.7135
8.8657 -3.4183 3.8400
12.3190 -2.5015 7.6513
10.8558 -3.3767 5.0719
10.7283 -2.3273 6.1256
9.9039 0.5377 5.1550
8.6228 -3.1692 4.1933
8.3714 -1.4189 6.0438
9.9923 0.8476 4.9304
12.4721 -2.3719 7.9965
12.0360 -3.3038 5.8979
9.7908 -3.1515 4.9031
7.3672 -2.8907 4.0202
10.9416 -3.3767 5.1214
9.9404 0.1645 5.0833
8.4436 -3.2670 3.8961
11.3460 -3.1425 5.8191
10.6427 -2.0133 6.7318
10.4237 1.0422 4.4165
12.4817 -3.0950 6.5691
10.1964 0.8609 4.8628
9.7865 -0.8686 9.4246
2.4121 -0.3199 6.2529
7.3631 -1.9434 4.1090
6.4257 -0.8547 5.6122
11.8673 -1.3411 9.6900
9.7310 -3.3828 4.4102
11.8588 -2.6851 7.0218
9.9739 -2.9653 5.3778
11.3820 -2.3291 6.5075
11.0313 -1.1792 9.5280
11.8180 -2.1700 8.0190
9.6154 -0.0414 4.9445
8.7279 -3.3244 3.9466
9.7139 -2.9653 5.2276
6.3841 -2.0532 5.1119
10.2881 -2.9290 5.6311
13.7763 -1.7818 9.9193
5.1027 0.1866 8.8105
10.0620 0.8642 4.8442
9.4305 -3.3511 4.2994
12.1567 -2.7016 7.1611
10.0167 0.3759 5.1535
11.7103 -3.1239 6.0664
10.4722 -1.8310 7.0020
13.1734 -2.1133 8.9140
10.7983 -3.1046 5.5778
15.7988 -0.0306 14.5576
11.7337 -3.2895 5.7518
6.0983 -2.6507 3.7630
3.2547 -1.4399 4.5201
11.7163 -3.1516 6.0148
8.7166 -3.3948 3.8004
10.2777 -3.1331 5.2207
6.9454 -2.8907 3.7766
8.8141 -3.2200 4.2032
10.0614 -3.3704 4.6256
8.9156 -3.2670 4.1686
7.8574 -3.2593 3.5728
13.3884 -2.0839 9.0964
10.9847 -1.4454 7.8397
11.6036 -3.3891 5.4793
7.5627 -1.2266 3.7591
10.6412 -3.2283 5.2420
9.0666 -2.7942 5.1929
8.2210 -2.9884 4.3197
6.2022 -1.0614 6.9724
10.0134 -0.8686 9.5556
9.2667 -1.6228 6.2360
9.8548 -3.1046 5.0330
7.6335 -2.9651 4.0265
10.4122 0.9682 4.4448
12.7129 -2.7016 7.4822
10.3955 1.0422 4.4425
7.8405 -3.2744 3.5331
7.9888 -3.0540 4.0555
8.8011 -3.1780 4.2790
9.3152 -2.7794 5.3658
7.7855 -3.0328 3.9802
7.8756 -3.2517 3.5985
4.1709 -1.7811 4.3731
9.7544 0.0754 11.2768
9.8828 -3.3107 4.6408
7.6021 -1.8426 5.2071
7.3474 -1.9542 4.1366
10.8446 -3.1332 5.5479
8.3810 -2.9998 4.3895
10.2557 -3.3245 4.8287
7.2248 -2.9036 3.9123
10.3553 -2.7176 6.0889
8.5804 -2.1307 4.9289
11.2369 -2.3037 6.5968
10.5716 -3.3512 4.9582
3.7346 -1.9243 3.8373
8.5772 -3.1330 4.2389
8.2877 -1.0498 6.8950
12.2146 -0.7275 11.1067
8.8798 -1.6840 5.9121
15.2098 -0.5747 13.1392
9.1869 -3.2201 4.4184
11.2873 -2.0708 6.9244
9.2239 -0.0304 10.7608
7.1775 -2.8085 4.0734
5.8811 -2.3481 4.2370
8.4762 -3.3243 3.8013
11.1462 -2.8089 6.3648
5.8265 -1.0614 6.7555
9.4271 -3.2965 4.4058
5.0842 -0.6522 7.1377
9.6217 -1.1471 7.5492
8.3228 -2.5549 4.9076
9.6868 -2.3537 5.5153
8.2718 -2.9651 4.3950
10.1048 -2.1970 5.6601
10.5108 0.9479 4.4544
7.4122 -2.3361 4.2333
12.4626 -2.7016 7.3377
11.2113 -2.7015 6.6152
12.1897 -3.2967 6.0007
8.4329 -3.2439 3.9356
9.9696 -2.7176 5.8662
10.5429 -3.0437 5.5510
13.0486 0.0753 13.1791
8.8436 0.1864 10.9709
9.2415 -1.1433 7.1954
6.3499 -2.5788 4.0507
12.1803 -3.3891 5.8122
13.5499 -2.1421 9.0745
8.3737 -1.8519 5.3473
14.6856 -0.4088 13.1652
8.5486 -3.1513 4.1859
9.2129 -2.9412 4.9860
10.7357 -0.6525 10.4011
10.1699 -0.0761 5.2368
10.1806 -3.4127 4.6106
7.0523 -0.3201 8.9324
8.4969 -3.1780 4.1033
10.3168 -1.7725 7.0304
12.5723 -3.0113 6.7872
0.5790 -0.4929 4.8515
10.0111 0.2049 5.0504
9.8473 -0.4070 5.2663
9.4837 -1.9922 5.9809
10.5219 0.9514 4.5229
10.7186 -3.1332 5.4752
8.9272 -1.2325 6.8699
8.7360 -3.2517 4.0952
10.5907 -3.4010 4.8706
12.0395 -1.8905 8.7006
11.7937 -3.1606 6.0417
4.2256 -1.9578 4.0544
9.9870 -3.4009 4.5221
6.4706 -2.6846 3.9107
9.2864 -2.5290 5.4064
11.8580 -3.3891 5.6261
11.8320 -2.0227 8.3189
4.8263 -0.2277 7.8299
10.7016 -3.2363 5.2611
8.3181 -2.2337 4.6484
11.1768 -3.1606 5.6855
8.8353 -2.9289 4.7923
11.2251 -2.9771 6.0770
13.2401 -2.4811 8.2237
12.3079 -2.6851 7.2810
5.9824 -2.4805 4.0332
6.3947 -2.2752 4.6784
8.5359 -3.4183 3.6495
7.7282 -2.8229 4.3631
12.5189 -2.6337 7.5047
8.9612 -2.0968 5.0489
6.6754 -1.3344 5.7074
5.0658 -1.4873 5.4721
12.4907 -2.7646 7.2291
9.8915 -3.3380 4.5917
10.7912 -3.3037 5.1792
8.6476 -3.1603 4.2253
11.8771 -3.4070 5.6016
6.4381 -0.7272 7.7711
9.3042 -1.2306 7.0460
10.3448 -2.4880 5.9951
4.5608 -0.7991 6.5443
7.5626 -2.9651 3.9856
9.9976 -2.9999 5.3229
9.4481 -3.3511 4.3096
15.1751 -0.8689 12.5361
8.9304 -1.6723 6.1100
10.6997 -3.3704 4.9941
12.6833 -1.2890 10.2645
9.5525 -2.8371 5.3886
5.4602 -2.4382 3.8155
12.9451 -2.7178 7.5842
5.8657 -2.5973 3.7345
9.6764 -1.7751 6.2526
12.2429 -2.8090 6.9980
10.6370 -3.3890 4.9212
10.1645 -3.0849 5.2509
10.2572 -2.0955 5.9772
9.7449 -3.3176 4.5474
7.0582 -2.7332 4.1538
0.3810 -0.1311 5.4541
7.9165 -3.2891 3.5479
9.1300 -1.9340 5.6853
12.6824 -2.9536 6.9652
10.2477 -1.8899 6.4394
1.1422 0.1867 6.5235
15.0274 -0.3205 13.5377
11.0790 -2.1226 6.8631
7.9285 -3.1692 3.7925
9.6561 -1.8936 6.1144
5.2965 -1.9244 4.7391
7.5732 -1.1964 6.3763
9.6029 -0.3132 5.3056
1.4977 -0.7989 4.7755
10.3170 -1.2883 7.8391
5.6766 -2.4596 3.8981
10.2594 -2.5291 5.9681
7.6978 -3.2280 3.5426
12.0929 -3.0950 6.3446
8.6127 -3.3378 3.8533
10.4002 -2.0820 6.0177
11.2352 -3.1782 5.6843
4.1688 -1.2885 5.3481
7.3603 -2.8086 4.1790
9.5266 -3.3703 4.3168
10.7783 -3.3313 5.1170
10.9624 -2.4874 6.3500
9.7166 -3.2746 4.6163
11.8700 -3.1695 6.0681
7.9165 -2.9532 4.2135
8.5002 -3.3510 3.7623
12.4441 -3.2204 6.2989
8.2671 -2.8507 4.6191
11.4191 -3.3381 5.4736
8.9035 -2.7013 5.2828
11.4097 -2.6850 6.7625
8.2104 -2.6848 4.9153
10.7228 -3.2442 5.2577
8.2448 -1.5826 5.9400
10.6147 -3.2672 5.1497
10.9384 -2.8372 6.1887
7.5599 -2.2769 4.4881
7.5153 -2.9651 3.9583
14.4943 -0.8689 12.1431
9.0798 -1.9681 5.5246
9.0519 -2.9652 4.8455
7.6370 -3.2199 3.5235
3.5212 -0.6521 6.2351
4.1957 -1.3911 5.1603
6.6379 -0.1630 5.2720
11.7836 -3.3247 5.7108
11.8698 -2.8232 6.7543
9.2634 -3.0947 4.7110
8.4274 -3.3105 3.8005
9.1256 -3.3035 4.2175
12.0538 -2.7336 7.0381
6.5321 -2.3244 4.6601
8.2274 -2.0304 4.9036
8.4048 -3.2118 3.9830
8.3501 -3.1951 3.9846
7.7240 -3.0643 3.8821
10.0112 -3.1953 4.9436
11.0174 -2.1021 6.6441
3.9056 -1.8547 4.0741
7.6896 -1.3932 5.8473
12.0602 -1.2314 6.4098
9.2171 -3.3036 4.2704
11.9817 -3.3448 5.7853
10.0076 0.0215 5.5136
10.9618 -2.5767 6.4092
9.1951 -3.2892 4.2861
6.4317 -2.7641 3.7307
12.2049 -3.1607 6.2791
9.0795 -3.3511 4.0967
10.9438 -3.4185 5.0397
8.2028 -2.7489 4.7837
9.5959 -2.3964 5.4927
7.3800 -3.0846 3.6432
10.7831 -3.1424 5.4941
9.2880 -3.1142 4.6867
11.2896 -2.5775 6.6001
9.7541 -1.1954 7.6051
8.2562 -2.9164 4.4827
0.2400 -0.5741 4.4949
9.1761 -3.0436 4.7619
9.7338 -2.9885 5.1931
10.6136 -3.1332 5.4146
10.2339 -3.3704 4.7252
12.1858 -1.9249 8.7170
10.8924 -1.9137 6.9151
4.2304 -1.1211 5.7154
11.6262 -2.2050 7.0036
11.3713 -2.7336 6.6440
7.2941 -2.0916 4.5733
6.7451 -2.9767 3.4904
10.3173 -2.0014 6.1210
6.3889 -1.2545 5.8868
12.1240 -1.3334 6.4394
12.2805 -2.8911 6.8569
12.6504 -2.1700 8.4996
7.9681 -2.2364 4.6998
7.4624 -3.1779 3.5061
11.8311 -2.9415 6.4976
7.8344 -3.0644 3.9458
6.7763 -2.8642 3.7314
11.2597 -2.3427 6.5477
9.7251 -2.7942 5.5731
11.9326 -3.1954 6.0529
6.3913 -2.5211 4.1890
6.0331 -2.5599 3.9052
8.6744 -3.2594 4.0444
8.0946 -2.7489 4.7212
7.7801 -3.2517 3.5433
12.0173 -3.3247 5.8458
12.6698 -2.5605 7.7371
12.1751 -2.3719 7.8250
12.4910 -2.8233 7.1130
14.0805 -1.4879 10.6774
10.3676 0.9126 4.5092
8.0264 -3.3444 3.5017
6.2014 -2.3714 4.3759
8.9492 -1.0507 7.3691
7.5787 -2.5311 4.4253
14.0478 -0.2281 13.1550
10.2018 -3.3245 4.7976
8.4724 -3.2892 3.8688
9.5182 -2.2351 5.5048
3.0189 -0.9350 5.3845
11.8326 -3.3314 5.7257
12.6537 -3.0002 6.8564
9.2851 -3.3244 4.2683
12.9049 -2.6512 7.6929
6.3173 -2.1695 4.8429
11.9312 -3.1695 6.1035
9.8211 -3.3036 4.6191
12.1079 -2.9887 6.5638
12.3089 -3.0950 6.4693
7.5650 -2.6847 4.5426
12.7126 -2.2756 8.3262
7.5693 -2.9036 4.1113
11.2435 -3.1332 5.7782
11.3724 -3.3177 5.4870
9.4507 -2.8644 5.2755
10.4677 -3.0222 5.5503
10.4369 0.9305 4.5668
11.1747 -1.3915 9.1901
5.4078 -2.1968 4.2636
11.2272 -3.1047 5.8254
10.3051 -3.1046 5.2930
11.3206 -2.8510 6.3820
8.1274 -2.6679 4.9006
8.1524 -2.9769 4.3029
10.6929 -1.3354 8.0389
8.1254 -1.3856 6.0064
14.5661 0.1863 14.2754
9.6578 -3.2201 4.6903
11.6909 -3.2673 5.7710
8.3619 -3.3445 3.6954
9.0340 -2.1580 5.0154
9.1580 -3.2892 4.2647
6.7929 -1.2988 5.9977
12.0791 -3.0850 6.3563
5.5515 -1.8548 5.0244
10.3881 -1.6461 7.3350
5.1094 -1.5776 5.3183
8.0734 -3.1329 3.9480
12.1199 -3.1144 6.3217
6.1485 -1.0614 6.9414
9.2979 -3.0329 4.8534
13.2464 -0.8688 11.4224
10.2115 -0.1242 5.2667
9.2909 -1.9430 5.9604
11.9674 -1.4877 9.4572
10.3594 -1.2052 8.2202
6.3693 -2.4165 4.3835
5.2137 -2.3481 3.8517
9.1005 -1.6569 6.3724
9.5380 0.1024 4.8812
10.9851 -1.5638 7.7114
6.8475 -1.3339 5.7988
11.7966 -3.2203 5.9251
10.0637 -3.2120 4.9408
8.2444 -3.3948 3.5279
5.5476 -2.0532 4.6290
10.6476 -1.7433 7.0540
9.4539 -3.2745 4.4646
9.4040 -2.7013 5.5717
10.3495 -3.3313 4.8694
10.2592 -2.0842 5.8496
6.6406 -1.3338 5.6794
10.6227 -2.3612 6.0737
7.5836 -2.8643 4.1976
11.0837 -2.9887 5.9725
2.6778 -1.2345 4.5940
10.7501 -3.1868 5.3871
8.0299 -3.1951 3.7997
8.4661 -1.9479 5.2216
11.5287 -2.8372 6.5295
3.4901 -0.2277 7.0583
11.7914 -3.2284 5.9061
1.0353 -0.7989 4.5086
1.1427 -0.9992 4.1738
9.8687 0.5508 5.1123
6.9922 -1.7880 4.9750
9.2482 -1.9681 5.8908
7.8397 -2.0009 5.2104
7.0791 -2.8642 3.9062
9.8869 0.3740 5.0263
6.7446 -2.8228 3.7952
5.6119 -1.0614 6.6316
8.4706 -3.3378 3.7713
11.2630 -2.8910 6.2695
6.5673 -2.2752 4.7780
12.2184 -1.8552 8.8739
12.9682 -1.3916 10.2257
11.0642 -3.3314 5.2820
10.9409 -3.3641 5.1459
12.9661 -2.3006 8.4233
7.4508 -2.0477 4.8830
2.7398 -0.6521 5.7839
10.2314 -1.9412 6.2141
5.4567 -1.9244 4.8316
10.0405 -2.1914 5.9502
10.1230 -3.2120 4.9751
4.8337 -2.1694 3.9863
13.6732 -1.6213 10.1776
8.3922 -2.7489 4.8930
8.4205 -3.4183 3.5829
10.0202 -3.4185 4.5065
8.5079 -1.8945 5.4554
6.3127 -2.7791 3.6322
15.4490 -0.0306 14.3556
11.3816 -3.2894 5.5485
12.2758 -3.2122 6.2180
4.9430 -2.1968 3.9952
12.2961 -1.4878 9.6470
8.3215 -3.4183 3.5258
7.1125 -3.0745 3.5088
8.3777 -3.1692 4.0519
12.8786 0.1863 13.3009
10.2821 0.9360 4.5724
6.5909 -2.7940 3.7635
13.9835 -0.7996 11.9854
11.3002 -3.0647 5.9468
7.9994 -2.3298 4.7135
9.6763 0.1391 4.9893
11.3590 -1.9646 7.0949
9.3297 -2.3991 5.3456
7.5682 -1.7132 5.5859
13.0622 -2.5015 8.0804
11.1970 -3.0112 5.9932
8.3038 -3.2963 3.7572
8.4241 -3.0847 4.2461
3.0989 -1.3406 4.6269
9.9448 -2.4842 5.7554
12.7692 -2.3720 8.1680
8.7796 -3.4008 3.8250
9.5010 -3.0747 4.8878
7.7098 -3.1950 3.6149
9.0719 -3.3765 4.0419
8.4624 -3.3575 3.7276
9.7515 -2.7942 5.5883
9.5120 -3.0645 4.9144
6.5424 -0.4500 5.4089
7.2046 -3.0434 3.6236
10.2190 -3.2965 4.8630
6.6214 -0.2733 5.4101
9.4918 -3.3312 4.3742
10.5340 -2.9414 5.7487
9.4095 -2.2160 5.3899
9.5039 -2.6193 5.5914
9.9099 0.8127 5.0354
11.8110 -2.8373 6.6925
10.5127 -3.3767 4.8738
9.8086 -1.4668 6.9322
11.4153 -2.8779 6.3834
10.5666 -1.6860 7.1418
9.7785 -3.1605 4.8782
13.1671 -2.5979 7.9501
12.3784 -3.0223 6.6534
12.4462 -2.6159 7.4980
11.8962 -0.5746 11.2257
11.3492 -3.3890 5.3324
12.1469 -2.9040 6.7542
12.7171 -2.5412 7.8025
11.1160 -2.8646 6.2371
10.8791 -3.2672 5.3023
12.6210 -1.5781 9.6556
11.4933 -3.3705 5.4523
10.6212 -3.0000 5.6829
11.9574 -1.6978 6.5899
5.0870 -2.1695 4.1326
8.6463 -1.9980 5.1447
7.4258 -3.1865 3.4678
7.6198 -2.2297 4.6657
10.5732 -2.2620 6.0232
14.1633 -0.6527 12.3803
13.1795 -1.0618 11.0014
9.7263 -3.3640 4.4447
5.7771 -1.9245 5.0166
5.9067 -2.6332 3.6870
11.9736 -2.0536 8.3393
12.1446 -2.8373 6.8852
9.9912 -3.1953 4.9321
9.5564 -2.7175 5.6276
11.8978 -2.3248 7.7582
3.3175 -1.2884 4.8565
14.7862 0.1863 14.4025
0.3433 -0.0301 5.6325
9.9589 -2.6510 5.9920
9.5859 -2.9290 5.2257
11.1185 -1.5780 8.7880
10.2554 -3.3766 4.7252
2.1949 -0.7270 5.3208
10.2653 1.0302 4.5655
10.8617 -3.0949 5.6338
11.5097 -3.0949 6.0079
9.7796 -2.9290 5.3375
10.4403 -3.1694 5.2427
10.3772 -2.7014 6.1336
9.2853 -2.0616 5.4079
13.4829 -2.1701 8.9803
7.7406 -2.7333 4.5478
12.4925 -3.1048 6.5560
5.6070 -2.4805 3.8165
10.4565 -3.4010 4.7932
9.6665 -3.4126 4.3138
11.3762 -1.9358 7.2904
12.7416 -2.8780 7.1491
10.6652 -3.3704 4.9742
9.9433 -2.9886 5.3140
9.9712 -2.3565 5.6864
9.5952 -3.2671 4.5610
9.4892 -2.9534 5.1215
10.8701 -3.1782 5.4735
9.0328 -3.3445 4.0828
13.0545 -1.8906 9.2867
10.6651 -3.2441 5.2244
8.9670 -2.0309 5.1262
10.4180 -3.2893 4.9922
11.1665 -2.8646 6.2662
10.2157 -3.1694 5.1130
6.1388 -2.4805 4.1235
12.9909 -2.7016 7.6427
12.0244 -2.8646 6.7615
11.9605 -3.4070 5.6498
12.7942 -1.6632 9.5871
11.3511 -0.4933 11.0719
9.2401 -2.8087 5.2643
5.7470 -1.8901 5.0673
9.7821 -3.3828 4.4397
7.8884 -3.3764 3.3587
7.7594 -3.2439 3.5468
11.4561 -2.9887 6.1875
9.1125 -2.7643 5.2786
8.4690 -3.1422 4.1580
11.2485 -1.8680 7.2503
9.5783 -3.0645 4.9527
11.5923 -3.1954 5.8565
10.8456 -3.1424 5.5302
14.1830 -1.3412 11.0272
9.1310 -3.1236 4.5772
11.4696 -2.2629 6.6228
7.1315 -3.1043 3.4607
5.5140 -2.3481 4.0251
8.9035 -1.6410 6.1504
10.7106 -1.7559 7.1625
8.8657 -2.0056 5.1879
6.6114 -2.8775 3.6098
12.6294 -2.7016 7.4340
9.9439 0.8147 5.1320
12.1630 -2.7337 7.1011
2.8659 -1.6206 3.9374
6.7396 -1.4157 5.5708
6.4291 -2.7011 3.8541
6.8037 -0.5744 8.2850
9.5951 -0.0173 4.9298
8.7039 -2.1484 5.0522
10.5794 -1.5963 7.3932
9.2301 -1.1880 7.1018
5.2321 -1.1211 6.2938
8.7521 -2.5747 5.1295
13.1330 -2.5216 8.0816
11.6449 -3.3768 5.5274
7.4328 -1.5791 5.7907
7.1589 -1.3468 6.1803
9.5769 -2.8644 5.3484
10.0599 -3.1515 5.0585
9.6364 -3.3176 4.4847
11.3021 -3.2363 5.6077
8.7414 -2.1375 4.8700
3.9547 0.0756 7.9277
7.3631 -1.8549 4.1090
11.9010 -2.0522 6.7914
4.9213 -1.3407 5.6792
8.0504 -1.8567 5.3514
14.4141 -1.0619 11.7143
9.0047 -2.9289 4.8901
8.1983 -3.3702 3.5499
5.0246 -0.5743 7.2577
10.5906 -1.5454 7.7110
8.3375 -0.5744 9.1707
10.2568 -0.0766 5.2855
15.3059 -0.6527 13.0401
7.6246 -2.7012 4.5444
12.5998 -2.9415 6.9414
8.0681 -3.2281 3.7564
11.8225 -3.4128 5.5585
9.5317 -2.1015 5.4820
10.2849 -2.5323 5.9901
10.6053 -3.3950 4.8909
12.0523 -1.0617 10.3505
13.0827 -1.8553 9.3729
12.4864 -1.9584 8.8243
9.5616 -2.9290 5.2117
8.5826 -2.5296 5.0015
7.3434 -2.1796 4.3586
11.6846 -2.2501 7.7832
6.2241 -0.9994 7.1079
7.5915 -3.2593 3.4192
8.0313 -0.4932 9.1549
11.6889 -2.9887 6.3219
6.3700 -2.1415 4.9288
11.2930 -3.3447 5.3877
11.0417 -2.2925 6.2948
10.5984 -3.2747 5.1254
7.9347 -2.8086 4.5106
12.3229 -3.3247 6.0222
12.2092 -3.1333 6.3358
8.8299 -3.4008 3.8541
9.7990 -2.9534 5.3004
9.2812 -2.8230 5.2597
9.4688 -1.9661 6.0102
9.4595 -3.4184 4.1828
9.8098 -3.3446 4.5313
2.9169 -1.2884 4.6252
9.9059 -3.2965 4.6822
11.9704 -1.7639 6.6386
11.9764 -3.3705 5.7312
5.3382 -0.4931 7.5997
8.9213 -1.7227 5.7329
1.2051 -0.4929 5.2131
11.8300 -3.0647 6.2527
11.8838 -1.9142 6.7189
11.8413 -3.2121 5.9671
10.1052 -2.4846 5.8490
10.2055 -2.9999 5.4429
11.1283 -1.3410 9.2633
8.4689 -3.3826 3.6815
12.1035 -1.1797 6.4318
10.7862 -2.8510 6.0735
9.8277 -1.8931 6.0614
8.2468 -3.2118 3.8918
12.0669 -3.1783 6.1645
10.5385 -1.4674 7.8211
10.8132 -2.8645 6.0622
8.2212 -1.6617 5.6325
10.8205 -1.3297 8.0247
8.9465 -1.9877 5.2820
11.7674 -2.7015 6.9363
0.7307 -0.5741 4.7782
9.8889 -3.3703 4.5260
8.2741 -2.8086 4.7065
8.7056 -2.8370 4.8996
11.3274 -3.1332 5.8267
10.5907 -2.7795 6.1022
7.8871 -3.3638 3.3828
9.9978 -3.1515 5.0227
10.5069 -3.4010 4.8222
6.0955 -2.7011 3.6615
14.6403 -0.9999 11.9677
12.0543 -3.3038 5.9084
9.6218 -3.1867 4.7357
3.6401 -1.8184 3.9926
14.3153 -1.4879 10.8129
9.9947 0.3264 5.1418
9.9514 -2.9999 5.2962
11.5443 -2.0711 7.1992
9.3219 -2.0829 5.3048
11.5451 -3.3705 5.4822
7.6868 -1.9619 5.2748
12.0237 -2.1132 8.2501
8.2272 -2.0187 4.9757
8.9153 -2.9164 4.8632
8.8081 -3.3379 3.9661
13.9864 -1.4405 10.7168
11.2701 -3.1047 5.8502
10.5915 -3.3577 4.9569
8.4676 -3.0847 4.2712
11.0160 -2.2303 6.3560
0.1406 -0.4929 4.5984
9.2355 -2.7794 5.3198
9.6344 -3.0541 5.0057
5.7476 -2.3481 4.1600
12.2700 -2.9040 6.8253
7.7853 -0.5744 8.8519
5.9014 -1.6627 5.6071
10.4809 0.9403 4.4446
6.2607 -2.5788 3.9992
9.8961 -1.8640 6.2805
13.1969 -0.3204 12.4806
11.4182 -2.7645 6.6098
11.7341 -3.3178 5.6959
9.1750 -3.2119 4.4277
10.9469 -3.0646 5.7429
9.3353 -3.1514 4.6401
12.0394 -3.3768 5.7552
10.9889 -2.7015 6.4868
3.1976 -1.5775 4.2144
10.9329 -2.2270 6.4749
10.3243 -1.5379 7.4895
15.5190 -0.0306 14.3960
13.3686 -2.2757 8.7050
10.3578 -2.0262 6.2315
12.6702 -2.3719 8.1109
9.1384 -2.8777 5.0688
12.0737 -3.3768 5.7750
12.4438 -0.2280 12.2287
6.6610 -2.7488 3.8935
7.8109 -3.0540 3.9528
9.8713 -3.2595 4.7355
9.7649 -1.2423 7.5653
8.1230 -1.5368 5.8346
8.1667 -2.8369 4.5885
8.5128 -1.5787 5.7640
10.8253 -2.5756 6.3280
7.3932 -3.1140 3.5927
11.7716 -0.8687 10.5709
7.6677 -2.9036 4.1681
6.8634 -2.6846 4.1376
12.8904 -2.1420 8.6937
9.0724 -1.9298 5.3767
12.2146 -3.3578 5.8940
10.0664 -3.1605 5.0444
6.6175 -2.5788 4.2052
7.0018 -1.5354 5.5496
13.9072 -1.8907 9.7790
12.5078 -1.3411 10.0599
10.6313 -3.2596 5.1743
11.3040 -3.2284 5.6247
13.0848 -2.1700 8.7504
10.8778 -3.4185 5.0017
12.0599 -3.0223 6.4696
9.4454 -1.8528 6.1379
2.7691 -0.7990 5.5097
4.2085 -1.4399 5.0709
10.5062 -1.8315 7.0240
11.9776 -1.7980 6.6656
10.5048 -3.2283 5.1632
9.3471 -2.2431 5.4278
12.0725 -3.3951 5.7380
9.6930 -3.3036 4.5451
8.9161 -3.3575 3.9896
8.7068 -3.2361 4.1094
2.5201 -0.4930 5.9724
5.9746 -2.6678 3.6577
9.3713 -3.3703 4.2272
1.7121 -0.5741 5.3449
10.3609 -1.2873 7.8455
7.8782 -2.7489 4.5963
9.6156 -3.0111 5.0802
13.8186 -1.7818 9.9437
9.3081 -1.5161 6.7053
11.8180 -3.0850 6.2056
12.0347 -3.3448 5.8159
11.8788 -3.3178 5.7794
11.9822 -2.8511 6.7641
13.0377 -0.9355 11.1697
9.4397 -3.3576 4.2919
8.1823 -1.6314 5.6693
9.0212 -3.3379 4.0892
10.2212 0.8671 4.8583
9.5008 -3.2518 4.5368
11.7865 -0.7994 10.7168
10.6158 -3.0646 5.5517
10.7340 -3.1046 5.5407
9.6273 -2.8644 5.3775
8.5472 -2.6848 5.1097
4.9000 -2.0222 4.3164
11.0928 -3.4128 5.1372
14.1959 -1.1216 11.4697
9.4943 -2.2501 5.3698
8.0814 -2.9884 4.2390
11.0281 -3.3447 5.2348
8.9809 -1.7331 6.0342
14.2429 -0.3204 13.0847
10.6189 -3.1515 5.3813
9.6239 -0.2358 4.9762
12.0226 -3.3578 5.7831
7.4825 -2.3068 4.4380
9.3654 -3.1423 4.6756
3.7316 -1.4399 4.7955
6.5798 -2.7488 3.8466
12.6104 -2.7797 7.2683
6.8268 -2.8642 3.7606
9.9603 -3.0436 5.2147
9.8540 -0.3855 5.3760
12.0833 -2.6851 7.1514
12.7429 -1.7433 9.3986
5.7406 -2.6154 3.6263
13.3115 -1.1793 10.8446
9.3516 -3.2819 4.3909
10.8940 -3.2202 5.4040
0.7668 -0.4929 4.9600
12.7040 -2.5216 7.8339
7.8036 -2.9997 4.0562
6.1555 -2.6507 3.7960
8.3235 -2.8229 4.7068
13.0323 -1.4405 10.1659
6.6936 -1.1575 6.2450
10.6106 -1.5620 7.4808
10.1921 -3.0948 5.2472
7.6783 -2.9532 4.0760
9.5784 -3.3703 4.3467
10.9686 -3.0437 5.7968
7.4681 -2.9651 3.9310
8.6231 -3.3510 3.8332
11.6601 -2.8911 6.4987
4.1937 -1.8547 4.2404
7.6975 -3.0434 3.9082
14.1432 -1.1216 11.4393
9.5677 -3.0541 4.9671
7.4465 -1.5688 3.8972
10.1542 -1.3828 7.7210
10.9423 -2.9414 5.9845
10.5667 -3.3828 4.8927
0.8294 -0.4929 4.9961
7.7319 -3.1044 3.8074
8.8669 -3.2819 4.1111
8.3001 -3.2361 3.8746
8.0358 0.0755 10.2844
9.4460 -1.8725 5.9012
12.0586 -3.3382 5.8428
8.7545 -3.3888 3.8343
6.1012 -2.5973 3.8704
10.8249 -2.5474 6.3352
8.2797 -3.3887 3.5602
9.4490 -2.8087 5.3849
12.3003 -3.0332 6.5869
1.7824 -0.7269 5.0826
12.6398 -2.5605 7.7197
11.7656 -1.8552 8.6124
9.9826 -1.4160 7.4452
7.1555 -2.7642 4.1486
8.0888 -3.2118 3.8006
13.6556 -2.1134 9.1924
0.3127 -0.1311 5.4147
9.4002 -3.0436 4.8913
9.9115 -2.0525 5.8424
11.2119 -3.0647 5.8959
10.5373 -2.2282 6.0740
4.7647 -0.3200 7.6115
8.7186 -2.1023 4.9251
10.1555 0.8500 4.7993
8.6906 -3.3827 3.8095
11.9165 -3.3382 5.7608
10.5099 -2.9413 5.7348
9.1601 -2.7334 5.3673
11.9116 -3.0749 6.2796
11.2703 -3.2038 5.6539
9.4234 -3.2362 4.5231
10.2802 -3.2441 5.0022
8.4776 -2.7333 4.9733
8.9294 -3.3827 3.9474
11.0425 -2.7795 6.3631
10.5939 -3.3641 4.9456
10.8807 -2.2833 6.3371
13.7264 -2.0839 9.2916
4.9701 -1.2885 5.8107
11.9925 -3.1695 6.1389
4.4697 -1.9904 4.1308
11.6313 -2.1809 7.0358
8.2917 -3.4067 3.5316
8.6717 -0.4086 9.6925
10.8223 -1.8363 7.0341
10.6573 -3.3447 5.0207
7.8286 -2.0666 4.9137
10.4871 -3.0748 5.4572
10.2874 -3.3176 4.8606
10.7992 -1.9056 6.8261
9.4095 -2.1747 5.4457
9.5477 -3.2746 4.5188
10.8609 -1.2835 8.0652
11.3585 -2.3998 6.5182
9.4924 -3.4184 4.2018
7.1660 -3.0539 3.5805
12.1202 -1.5781 9.3664
10.5850 -2.0369 6.6513
9.7992 -3.4127 4.3904
8.6762 -1.7210 5.5825
11.5285 -2.0290 7.3043
9.7474 -2.9770 5.2238
13.0399 -2.5794 7.9133
9.3384 -2.1021 5.2822
6.5128 -2.6678 3.9684
9.5639 -3.1331 4.8085
7.9597 -2.7642 4.6130
14.3623 -1.4879 10.8400
11.8735 -3.3247 5.7627
5.1676 -1.3407 5.8215
12.6599 -0.6526 11.5122
8.6531 -3.0110 4.5244
7.9515 -2.2113 4.7092
6.9702 -2.8907 3.7910
10.1993 -3.1424 5.1571
9.3954 -3.3511 4.2792
12.8912 -2.5793 7.8275
9.9126 -3.3036 4.6719
10.9914 -3.1143 5.6702
11.6910 -3.3578 5.5917
6.5997 -2.8642 3.6295
7.4513 -3.1512 3.5524
9.9535 -3.0646 5.1693
8.6881 -3.4125 3.7489
9.8929 -2.8088 5.6412
9.4342 -2.5747 5.5232
5.0192 -1.4400 5.5390
2.3269 -1.1787 4.5018
5.8130 -1.6627 5.5561
9.3565 -3.2440 4.4689
11.6697 -3.3642 5.5667
9.4093 -0.4933 9.9506
10.2347 0.8765 4.8262
8.6468 -2.9164 4.7082
12.7820 -0.9998 10.8946
9.2774 -3.3312 4.2504
8.3177 -3.0746 4.2046
11.9591 -3.3705 5.7213
11.2473 -1.9015 7.2302
9.3796 -3.0645 4.8380
11.6019 -0.0305 12.1340
11.3150 -1.4404 9.1743
11.4536 -3.3829 5.4047
10.0151 -0.4086 10.4682
9.1122 -1.8209 5.9713
12.6415 -2.8780 7.0914
5.6706 -1.7033 5.3933
10.3449 -3.3828 4.7647
10.9643 -2.8510 6.1764
10.7192 -3.2283 5.2870
10.8645 -1.4143 7.9333
10.4490 -3.4185 4.7541
-1.5444 -0.0300 4.5424
10.4628 -2.0787 6.3580
6.8244 -2.6678 4.1483
11.9219 -3.2364 5.9656
5.8324 -0.7991 7.2786
10.4750 -1.9755 6.4881
9.5008 -3.2965 4.4483
11.7361 -2.0838 8.1424
11.3693 -1.7432 8.6055
1.9536 -0.2276 6.1710
8.3028 -2.7941 4.7519
8.9276 -3.1423 4.4228
10.0488 -3.0748 5.2041
6.3661 -2.5973 4.0234
11.0294 -3.2966 5.3308
9.0982 -3.4008 4.0090
9.8128 -2.9999 5.2162
11.8992 -1.8165 6.6920
8.5604 -3.2594 3.9786
12.8384 -2.5412 7.8726
9.6665 -3.2282 4.6793
11.0191 -2.0251 6.9948
11.3747 -2.8372 6.4406
10.5350 -3.3037 5.0313
9.4133 -2.3648 5.3843
7.5447 -2.9036 4.0971
14.2486 -1.1216 11.5002
10.0141 0.2792 5.1592
12.3810 -2.5015 7.6871
8.5571 -3.0220 4.4472
13.3521 -1.1216 10.9825
7.7556 -2.9884 4.0509
9.6964 -2.9165 5.3142
12.2033 -0.1315 12.2811
9.1482 -3.3175 4.2029
9.5864 -0.1380 4.9416
8.5676 -3.2440 4.0134
5.7669 -1.9579 4.9444
7.7169 -2.9036 4.1965
4.1477 -0.9993 5.9089
12.5381 -0.7995 11.1508
10.9088 -2.7645 6.3157
8.3841 -3.3311 3.7346
13.0717 -2.5216 8.0462
5.0785 -2.3941 3.6824
4.8168 -1.2346 5.8290
6.8520 -2.8642 3.7751
7.4507 -2.9163 4.0177
9.8111 -0.1314 10.8997
12.3400 -0.1315 12.3600
9.3980 -2.3555 5.3531
10.6382 -3.2821 5.1337
11.8791 -2.9415 6.5254
2.4027 -1.3910 4.1250
5.7929 -2.5599 3.7665
11.6146 -2.2928 6.6263
2.2751 -1.1787 4.4719
9.2231 -3.3640 4.1542
11.1333 -3.3513 5.2825
4.5102 -1.5331 5.0604
13.5631 -1.1216 11.1043
9.8557 -2.9653 5.3095
12.4853 -1.7433 9.2499
10.3012 0.8971 4.6197
8.6543 -3.3575 3.8385
11.9989 -1.8905 8.6772
9.3246 -2.8644 5.2027
10.0967 -2.8909 5.5961
10.1529 -3.3313 4.7559
8.7513 -1.4726 6.3792
5.8714 -2.3714 4.1853
11.1287 -2.1622 6.5873
9.4707 -0.3202 10.3290
7.6998 -3.2360 3.5279
6.9585 -2.7488 4.0653
8.5778 -3.3702 3.7691
5.7305 -2.3000 4.2455
11.4420 -2.6682 6.8144
8.9787 -3.2819 4.1756
8.7640 -2.7643 5.0774
7.5855 -2.5161 4.3959
9.2100 -3.2745 4.3238
6.9069 -2.7940 3.9460
10.3741 0.9150 4.5855
11.0136 -3.0222 5.8655
11.1366 -3.1516 5.6801
5.3683 -2.4164 3.8056
8.4957 -2.6680 5.1133
12.9585 -2.4811 8.0611
8.3081 -3.2035 3.9436
8.0658 -2.7941 4.6151
10.9265 -3.4069 5.0528
10.9226 -3.0222 5.8129
9.9746 -0.7273 9.8132
6.5732 -2.8906 3.5618
11.2058 -3.1047 5.8131
8.0593 -3.3887 3.4329
11.1572 -2.9535 6.0846
11.3979 -3.3951 5.3485
7.6347 -2.2574 4.6584
11.3768 -3.4070 5.3128
9.7241 -3.3312 4.5083
11.7214 -1.5336 9.2243
10.5238 -0.8687 9.8503
7.7611 -3.0219 3.9876
9.8685 -3.1693 4.9126
6.0141 -2.4165 4.1785
8.1810 -3.3702 3.5400
10.1187 -2.6849 6.0171
