ply
format ascii 1.0
element vertex 6775
property float x
property float y
property float z
end_header
11.8064 -2.3693 6.7764
11.8133 -2.4117 6.8088
11.7860 -2.3490 6.7897
11.7801 -2.3692 6.7611
11.7867 -2.4116 6.7933
11.7672 -2.3317 6.8128
11.7609 -2.3516 6.7818
11.7529 -2.3677 6.7417
11.7601 -2.4116 6.7778
11.7667 -2.4547 6.8104
11.7794 -2.5103 6.8735
11.7580 -2.3000 6.8876
11.7482 -2.3145 6.8373
11.7424 -2.3353 6.8076
11.7206 -2.3264 6.6961
11.7265 -2.3677 6.7264
11.7343 -2.4131 6.7665
11.7456 -2.4660 6.8244
11.7521 -2.5101 6.8575
11.7370 -2.2796 6.9063
11.7287 -2.2968 6.8623
11.7115 -2.2971 6.7712
11.7016 -2.3094 6.7184
11.6958 -2.3289 6.6879
11.7002 -2.3676 6.7112
11.6776 -2.3529 6.5913
11.6838 -2.3949 6.6241
11.7248 -2.5100 6.8414
11.7164 -2.2600 6.9289
11.7091 -2.2791 6.8889
11.6906 -2.2769 6.7874
11.6824 -2.2926 6.7426
11.6771 -2.3130 6.7134
11.6611 -2.3118 6.6258
11.6531 -2.3254 6.5818
11.6523 -2.3534 6.5779
11.6583 -2.3954 6.6107
11.6975 -2.5099 6.8254
11.6956 -2.2405 6.9537
11.6890 -2.2610 6.9161
11.6700 -2.2578 6.8083
11.6629 -2.2756 6.7680
11.6580 -2.2970 6.7402
11.6403 -2.2923 6.6397
11.6338 -2.3089 6.6029
11.6292 -2.3288 6.5764
11.6271 -2.3539 6.5645
11.6328 -2.3960 6.5972
11.6688 -2.5067 6.8017
11.6725 -2.5466 6.8227
11.6745 -2.2208 6.9796
11.6685 -2.2427 6.9443
11.6495 -2.2391 6.8320
11.6430 -2.2583 6.7941
11.6385 -2.2807 6.7675
11.6201 -2.2740 6.6587
11.6145 -2.2926 6.6257
11.6103 -2.3137 6.6010
11.6070 -2.3364 6.5819
11.6049 -2.3612 6.5691
11.6073 -2.3965 6.5837
11.6190 -2.4537 6.6528
11.6451 -2.5465 6.8067
11.6508 -2.5919 6.8401
11.6531 -2.2011 7.0073
11.6476 -2.2241 6.9736
11.6286 -2.2203 6.8571
11.6228 -2.2409 6.8216
11.6075 -2.2413 6.7274
11.5998 -2.2562 6.6801
11.5948 -2.2762 6.6498
11.5910 -2.2983 6.6266
11.5883 -2.3223 6.6096
11.5865 -2.3484 6.5991
11.5871 -2.3798 6.6028
11.5894 -2.4152 6.6166
11.5930 -2.4540 6.6385
11.5986 -2.4986 6.6734
11.6232 -2.5919 6.8240
11.6398 -2.1627 7.0905
11.6313 -2.1810 7.0359
11.6262 -2.2050 7.0037
11.6075 -2.2013 6.8837
11.6022 -2.2231 6.8499
11.5854 -2.2202 6.7423
11.5792 -2.2384 6.7032
11.5748 -2.2597 6.6751
11.5715 -2.2830 6.6539
11.5691 -2.3081 6.6386
11.5629 -2.3239 6.5990
11.5742 -2.3811 6.6710
11.5690 -2.3991 6.6381
11.5651 -2.4197 6.6129
11.5668 -2.4544 6.6241
11.5723 -2.4989 6.6589
11.6162 -2.1396 7.1134
11.6091 -2.1606 7.0659
11.5936 -2.1644 6.9627
11.5859 -2.1821 6.9114
11.5811 -2.2050 6.8792
11.5637 -2.2005 6.7631
11.5585 -2.2206 6.7280
11.5546 -2.2432 6.7021
11.5516 -2.2675 6.6824
11.5497 -2.2939 6.6695
11.5373 -2.2949 6.5870
11.5369 -2.3240 6.5840
11.5413 -2.3651 6.6134
11.5449 -2.4048 6.6376
11.5422 -2.4284 6.6200
11.5407 -2.4547 6.6098
11.5459 -2.4993 6.6444
11.5923 -2.1164 7.1381
11.5864 -2.1398 7.0967
11.5706 -2.1426 6.9862
11.5640 -2.1627 6.9405
11.5493 -2.1648 6.8377
11.5420 -2.1812 6.7866
11.5374 -2.2028 6.7546
11.5339 -2.2265 6.7303
11.5314 -2.2520 6.7127
11.5300 -2.2800 6.7031
11.5163 -2.2772 6.6070
11.5113 -2.2950 6.5723
11.5108 -2.3240 6.5691
11.5150 -2.3652 6.5983
11.5222 -2.4149 6.6484
11.5210 -2.4425 6.6404
11.5312 -2.5020 6.7116
11.5308 -2.5322 6.7088
11.5685 -2.0939 7.1679
11.5631 -2.1183 7.1277
11.5474 -2.1213 7.0132
11.5416 -2.1429 6.9705
11.5257 -2.1420 6.8538
11.5200 -2.1619 6.8120
11.5159 -2.1848 6.7823
11.5129 -2.2097 6.7602
11.5108 -2.2365 6.7449
11.5022 -2.2470 6.6820
11.4950 -2.2598 6.6291
11.4906 -2.2791 6.5970
11.4873 -2.3008 6.5729
11.4848 -2.3242 6.5546
11.4887 -2.3652 6.5832
11.5017 -2.4324 6.6780
11.4962 -2.4476 6.6378
11.4985 -2.4853 6.6547
11.5059 -2.5389 6.7093
11.5105 -2.5844 6.7428
11.5443 -2.0711 7.1994
11.5394 -2.0968 7.1615
11.5240 -2.0999 7.0427
11.5188 -2.1229 7.0021
11.5025 -2.1206 6.8765
11.4976 -2.1425 6.8392
11.4941 -2.1668 6.8119
11.4915 -2.1928 6.7917
11.4899 -2.2211 6.7793
11.4791 -2.2257 6.6964
11.4735 -2.2425 6.6535
11.4697 -2.2632 6.6235
11.4667 -2.2858 6.6006
11.4646 -2.3104 6.5841
11.4635 -2.3379 6.5763
11.4908 -2.4487 6.7864
11.4645 -2.4017 6.5839
11.4685 -2.4444 6.6145
11.4720 -2.4863 6.6417
11.4761 -2.5303 6.6730
11.4829 -2.5840 6.7260
11.5286 -2.0292 7.3048
11.5197 -2.0480 7.2324
11.5152 -2.0748 7.1961
11.5001 -2.0782 7.0733
11.4863 -2.0822 6.9607
11.4791 -2.0996 6.9024
11.4750 -2.1231 6.8684
11.4718 -2.1485 6.8430
11.4696 -2.1757 6.8249
11.4686 -2.2059 6.8168
11.4564 -2.2062 6.7174
11.4517 -2.2252 6.6792
11.4482 -2.2470 6.6509
11.4457 -2.2708 6.6299
11.4319 -2.2616 6.5178
11.4309 -2.2887 6.5099
11.4342 -2.3287 6.5365
11.4352 -2.3622 6.5451
11.4382 -2.4021 6.5697
11.4417 -2.4438 6.5977
11.4455 -2.4873 6.6286
11.4493 -2.5313 6.6599
11.4554 -2.5836 6.7092
11.5010 -2.0009 7.3230
11.4944 -2.0245 7.2668
11.4834 -2.0375 7.1719
11.4757 -2.0560 7.1048
11.4609 -2.0574 6.9776
11.4557 -2.0790 6.9322
11.4520 -2.1037 6.9003
11.4491 -2.1300 6.8757
11.4474 -2.1587 6.8606
11.4473 -2.1916 6.8599
11.4335 -2.1871 6.7414
11.4295 -2.2077 6.7063
11.4264 -2.2308 6.6801
11.4242 -2.2556 6.6606
11.4097 -2.2433 6.5362
11.4054 -2.2601 6.4987
11.4050 -2.2890 6.4956
11.4081 -2.3289 6.5220
11.4100 -2.3655 6.5386
11.4120 -2.4025 6.5554
11.4152 -2.4443 6.5833
11.4189 -2.4882 6.6155
11.4283 -2.5532 6.6962
11.4281 -2.5842 6.6948
11.4742 -1.9748 7.3537
11.4687 -2.0005 7.3028
11.4568 -2.0113 7.1939
11.4508 -2.0336 7.1384
11.4359 -2.0340 7.0023
11.4315 -2.0578 6.9620
11.4284 -2.0839 6.9331
11.4261 -2.1118 6.9122
11.4247 -2.1418 6.8992
11.4157 -2.1505 6.8169
11.4104 -2.1682 6.7678
11.4068 -2.1902 6.7351
11.4041 -2.2143 6.7104
11.3944 -2.2163 6.6213
11.3875 -2.2257 6.5580
11.3838 -2.2443 6.5239
11.3810 -2.2653 6.4980
11.3791 -2.2892 6.4812
11.3820 -2.3292 6.5076
11.3860 -2.3737 6.5446
11.3857 -2.4029 6.5412
11.3887 -2.4447 6.5690
11.3914 -2.4858 6.5942
11.3959 -2.5340 6.6351
11.3995 -2.5795 6.6680
11.4469 -1.9482 7.3854
11.4423 -1.9760 7.3400
11.4303 -1.9862 7.2231
11.4170 -1.9910 7.0921
11.4107 -2.0110 7.0308
11.4070 -2.0364 6.9943
11.4043 -2.0638 6.9676
11.4024 -2.0931 6.9492
11.4018 -2.1255 6.9431
11.3911 -2.1288 6.8385
11.3868 -2.1491 6.7957
11.3836 -2.1723 6.7650
11.3813 -2.1977 6.7424
11.3696 -2.1924 6.6277
11.3650 -2.2085 6.5824
11.3618 -2.2286 6.5512
11.3594 -2.2507 6.5269
11.3575 -2.2746 6.5086
11.3564 -2.3012 6.4984
11.3643 -2.3607 6.5752
11.3583 -2.3686 6.5162
11.3585 -2.3998 6.5182
11.3616 -2.4429 6.5492
11.3646 -2.4857 6.5783
11.3678 -2.5301 6.6101
11.3720 -2.5793 6.6516
11.4193 -1.9219 7.4222
11.4153 -1.9512 7.3801
11.4035 -1.9611 7.2557
11.3898 -1.9641 7.1105
11.3851 -1.9879 7.0618
11.3820 -2.0148 7.0283
11.3796 -2.0434 7.0038
11.3782 -2.0742 6.9888
11.3789 -2.1108 6.9961
11.3664 -2.1078 6.8644
11.3627 -2.1299 6.8254
11.3600 -2.1544 6.7969
11.3580 -2.1809 6.7762
11.3459 -2.1727 6.6486
11.3422 -2.1914 6.6091
11.3394 -2.2128 6.5798
11.3373 -2.2361 6.5572
11.3358 -2.2614 6.5416
11.3353 -2.2903 6.5364
11.3421 -2.3478 6.6081
11.3346 -2.3490 6.5294
11.3312 -2.3656 6.4933
11.3321 -2.3996 6.5025
11.3350 -2.4426 6.5333
11.3377 -2.4855 6.5625
11.3407 -2.5299 6.5941
11.3446 -2.5790 6.6352
11.3911 -1.8951 7.4606
11.3876 -1.9256 7.4208
11.3762 -1.9358 7.2904
11.3628 -1.9386 7.1379
11.3590 -1.9646 7.0949
11.3563 -1.9928 7.0640
11.3544 -2.0228 7.0424
11.3535 -2.0554 7.0323
11.3470 -2.0705 6.9579
11.3413 -2.0869 6.8929
11.3381 -2.1105 6.8569
11.3358 -2.1362 6.8302
11.3275 -2.1409 6.7361
11.3220 -2.1537 6.6732
11.3189 -2.1742 6.6374
11.3165 -2.1969 6.6100
11.3147 -2.2215 6.5897
11.3136 -2.2484 6.5771
11.3143 -2.2826 6.5854
11.3152 -2.3177 6.5958
11.3110 -2.3311 6.5479
11.3082 -2.3498 6.5161
11.3060 -2.3707 6.4910
11.3057 -2.3994 6.4868
11.3083 -2.4424 6.5174
11.3110 -2.4859 6.5479
11.3137 -2.5298 6.5781
11.3170 -2.5777 6.6164
11.3674 -1.8402 7.5660
11.3622 -1.8677 7.5011
11.3592 -1.8995 7.4632
11.3479 -1.9093 7.3237
11.3357 -1.9138 7.1711
11.3324 -1.9410 7.1305
11.3301 -1.9706 7.1024
11.3286 -2.0020 7.0839
11.3285 -2.0375 7.0827
11.3198 -2.0448 6.9744
11.3158 -2.0660 6.9242
11.3130 -2.0907 6.8898
11.3110 -2.1178 6.8653
11.3016 -2.1167 6.7479
11.2977 -2.1349 6.7003
11.2951 -2.1569 6.6673
11.2931 -2.1810 6.6423
11.2916 -2.2068 6.6241
11.2910 -2.2359 6.6163
11.2971 -2.2941 6.6919
11.2903 -2.2965 6.6084
11.2872 -2.3139 6.5697
11.2849 -2.3343 6.5409
11.2831 -2.3566 6.5183
11.2817 -2.3809 6.5017
11.2797 -2.4011 6.4758
11.2883 -2.4757 6.5828
11.2844 -2.4871 6.5354
11.2871 -2.5321 6.5681
11.2896 -2.5775 6.6001
11.3368 -1.8099 7.6010
11.3326 -1.8397 7.5432
11.3241 -1.8573 7.4276
11.3121 -1.8631 7.2639
11.3079 -1.8885 7.2061
11.3052 -1.9172 7.1687
11.3033 -1.9480 7.1429
11.3022 -1.9812 7.1288
11.3051 -2.0270 7.1676
11.2929 -2.0212 7.0011
11.2896 -2.0448 6.9567
11.2873 -2.0709 6.9249
11.2856 -2.0990 6.9020
11.2761 -2.0955 6.7716
11.2730 -2.1162 6.7300
11.2708 -2.1396 6.6994
11.2691 -2.1648 6.6762
11.2680 -2.1923 6.6610
11.2681 -2.2249 6.6623
11.2695 -2.2639 6.6819
11.2655 -2.2773 6.6279
11.2630 -2.2970 6.5940
11.2611 -2.3188 6.5676
11.2597 -2.3427 6.5477
11.2493 -2.3191 6.4060
11.2527 -2.3675 6.4525
11.2532 -2.4010 6.4602
11.2555 -2.4440 6.4907
11.2576 -2.4870 6.5197
11.2599 -2.5317 6.5514
11.2623 -2.5773 6.5839
11.3057 -1.7794 7.6404
11.3022 -1.8110 7.5872
11.2938 -1.8281 7.4609
11.2827 -1.8347 7.2918
11.2795 -1.8626 7.2425
11.2772 -1.8928 7.2082
11.2756 -1.9248 7.1844
11.2751 -1.9598 7.1758
11.2764 -2.0016 7.1961
11.2655 -1.9979 7.0313
11.2629 -2.0232 6.9909
11.2609 -2.0506 6.9613
11.2596 -2.0800 6.9409
11.2502 -2.0748 6.7994
11.2478 -2.0974 6.7617
11.2459 -2.1221 6.7331
11.2445 -2.1486 6.7122
11.2438 -2.1780 6.7015
11.2490 -2.2368 6.7812
11.2432 -2.2405 6.6925
11.2405 -2.2588 6.6511
11.2384 -2.2803 6.6205
11.2369 -2.3037 6.5968
11.2259 -2.2739 6.4309
11.2224 -2.2840 6.3777
11.2233 -2.3188 6.3904
11.2252 -2.3606 6.4199
11.2268 -2.4008 6.4445
11.2288 -2.4439 6.4749
11.2307 -2.4870 6.5040
11.2328 -2.5316 6.5355
11.2350 -2.5777 6.5690
11.2738 -1.7483 7.6824
11.2709 -1.7816 7.6331
11.2631 -1.7990 7.4993
11.2529 -1.8065 7.3255
11.2504 -1.8364 7.2816
11.2485 -1.8680 7.2504
11.2473 -1.9015 7.2302
11.2474 -1.9391 7.2305
11.2411 -1.9518 7.1227
11.2377 -1.9745 7.0647
11.2355 -2.0013 7.0272
11.2339 -2.0300 7.0000
11.2270 -2.0345 6.8833
11.2239 -2.0543 6.8300
11.2219 -2.0784 6.7951
11.2203 -2.1044 6.7689
11.2193 -2.1325 6.7512
11.2191 -2.1649 6.7483
11.2208 -2.2074 6.7771
11.2171 -2.2200 6.7131
11.2150 -2.2407 6.6770
11.2133 -2.2637 6.6491
11.2121 -2.2888 6.6283
11.2009 -2.2510 6.4359
11.1986 -2.2669 6.3968
11.1968 -2.2857 6.3672
11.1973 -2.3186 6.3748
11.1990 -2.3603 6.4042
11.2004 -2.4007 6.4289
11.2022 -2.4437 6.4591
11.2042 -2.4890 6.4932
11.2057 -2.5315 6.5197
11.2071 -2.5733 6.5435
11.2412 -1.7168 7.7278
11.2388 -1.7514 7.6808
11.2257 -1.7499 7.4253
11.2225 -1.7782 7.3629
11.2205 -1.8097 7.3231
11.2191 -1.8428 7.2951
11.2183 -1.8780 7.2800
11.2198 -1.9225 7.3095
11.2117 -1.9254 7.1501
11.2091 -1.9509 7.1004
11.2074 -1.9791 7.0656
11.2061 -2.0092 7.0409
11.1994 -2.0112 6.9095
11.1971 -2.0340 6.8644
11.1954 -2.0595 6.8318
11.1942 -2.0866 6.8072
11.1935 -2.1166 6.7935
11.1977 -2.1756 6.8767
11.1929 -2.1807 6.7823
11.1906 -2.2002 6.7377
11.1890 -2.2228 6.7053
11.1877 -2.2474 6.6803
11.1788 -2.2194 6.5054
11.1761 -2.2319 6.4528
11.1743 -2.2502 6.4188
11.1730 -2.2707 6.3921
11.1719 -2.2927 6.3704
11.1713 -2.3184 6.3592
11.1728 -2.3601 6.3885
11.1762 -2.4181 6.4563
11.1761 -2.4475 6.4528
11.1772 -2.4883 6.4762
11.1786 -2.5309 6.5027
11.1799 -2.5733 6.5276
11.1815 -2.6191 6.5592
11.2076 -1.6844 7.7748
11.2057 -1.7204 7.7307
11.1938 -1.7186 7.4566
11.1915 -1.7495 7.4034
11.1899 -1.7825 7.3672
11.1888 -1.8170 7.3429
11.1885 -1.8545 7.3357
11.1889 -1.8951 7.3441
11.1818 -1.8990 7.1813
11.1799 -1.9268 7.1382
11.1785 -1.9564 7.1059
11.1745 -1.9711 7.0145
11.1713 -1.9885 6.9405
11.1695 -2.0132 6.8997
11.1682 -2.0400 6.8695
11.1673 -2.0688 6.8481
11.1669 -2.1008 6.8397
11.1704 -2.1592 6.9206
11.1653 -2.1588 6.8040
11.1637 -2.1807 6.7654
11.1624 -2.2050 6.7360
11.1614 -2.2312 6.7141
11.1527 -2.1964 6.5140
11.1510 -2.2138 6.4739
11.1497 -2.2340 6.4432
11.1486 -2.2560 6.4191
11.1478 -2.2794 6.4000
11.1472 -2.3053 6.3880
11.1475 -2.3379 6.3938
11.1469 -2.3630 6.3807
11.1482 -2.4055 6.4102
11.1494 -2.4476 6.4376
11.1504 -2.4882 6.4605
11.1517 -2.5329 6.4916
11.1526 -2.5732 6.5117
11.1540 -2.6190 6.5432
11.1758 -1.6172 7.8998
11.1731 -1.6512 7.8246
11.1690 -1.6781 7.7101
11.1613 -1.6875 7.4945
11.1596 -1.7203 7.4472
11.1584 -1.7547 7.4142
11.1577 -1.7909 7.3946
11.1590 -1.8375 7.4319
11.1539 -1.8495 7.2910
11.1513 -1.8728 7.2171
11.1498 -1.9017 7.1748
11.1488 -1.9333 7.1486
11.1445 -1.9427 7.0290
11.1426 -1.9657 6.9746
11.1412 -1.9921 6.9372
11.1402 -2.0203 6.9095
11.1396 -2.0507 6.8919
11.1398 -2.0877 6.8988
11.1391 -2.1167 6.8776
11.1373 -2.1371 6.8288
11.1361 -2.1615 6.7958
11.1352 -2.1873 6.7694
11.1286 -2.1614 6.5847
11.1267 -2.1764 6.5329
11.1255 -2.1963 6.4980
11.1245 -2.2180 6.4703
11.1237 -2.2415 6.4487
11.1231 -2.2667 6.4329
11.1193 -2.2579 6.3279
11.1188 -2.2819 6.3124
11.1198 -2.3228 6.3405
11.1207 -2.3628 6.3649
11.1217 -2.4052 6.3943
11.1233 -2.4544 6.4383
11.1235 -2.4882 6.4449
11.1246 -2.5328 6.4758
11.1254 -2.5734 6.4966
11.1395 -1.5809 7.9442
11.1377 -1.6174 7.8793
11.1299 -1.6243 7.6043
11.1280 -1.6561 7.5366
11.1268 -1.6906 7.4939
11.1260 -1.7264 7.4647
11.1256 -1.7646 7.4521
11.1260 -1.8077 7.4676
11.1217 -1.8190 7.3145
11.1201 -1.8464 7.2561
11.1190 -1.8768 7.2172
11.1182 -1.9090 7.1900
11.1145 -1.9173 7.0591
11.1131 -1.9428 7.0114
11.1122 -1.9707 6.9769
11.1115 -2.0004 6.9523
11.1111 -2.0330 6.9404
11.1135 -2.0918 7.0258
11.1100 -2.0929 6.8998
11.1088 -2.1162 6.8584
11.1079 -2.1417 6.8271
11.1073 -2.1698 6.8058
11.1014 -2.1382 6.5971
11.1003 -2.1573 6.5560
11.0994 -2.1790 6.5248
11.0987 -2.2023 6.4999
11.0982 -2.2274 6.4813
11.0979 -2.2551 6.4708
11.0941 -2.2375 6.3386
11.0931 -2.2540 6.3026
11.0929 -2.2816 6.2969
11.0937 -2.3226 6.3249
11.0944 -2.3625 6.3491
11.0952 -2.4049 6.3783
11.0960 -2.4467 6.4047
11.0968 -2.4905 6.4348
11.1000 -2.5718 6.5482
11.0983 -2.5767 6.4881
11.1023 -1.5442 7.9947
11.1010 -1.5823 7.9338
11.0950 -1.5898 7.6396
11.0938 -1.6241 7.5822
11.0930 -1.6601 7.5437
11.0925 -1.6976 7.5191
11.0926 -1.7389 7.5207
11.0923 -1.7777 7.5078
11.0890 -1.7899 7.3496
11.0880 -1.8195 7.2976
11.0872 -1.8514 7.2617
11.0868 -1.8852 7.2382
11.0838 -1.8923 7.0943
11.0829 -1.9197 7.0511
11.0823 -1.9490 7.0196
11.0818 -1.9804 6.9986
11.0818 -2.0164 6.9974
11.0815 -2.0485 6.9815
11.0804 -2.0701 6.9278
11.0796 -2.0954 6.8910
11.0790 -2.1226 6.8630
11.0751 -2.0998 6.6700
11.0740 -2.1172 6.6182
11.0733 -2.1387 6.5825
11.0727 -2.1620 6.5542
11.0723 -2.1869 6.5323
11.0720 -2.2139 6.5177
11.0695 -2.2037 6.3985
11.0687 -2.2194 6.3567
11.0680 -2.2380 6.3250
11.0675 -2.2585 6.2994
11.0671 -2.2814 6.2814
11.0677 -2.3223 6.3092
11.0687 -2.3722 6.3577
11.0685 -2.3984 6.3474
11.0693 -2.4466 6.3890
11.0699 -2.4904 6.4190
11.0704 -2.5321 6.4430
11.0710 -2.5765 6.4719
11.0640 -1.5066 8.0497
11.0632 -1.5462 7.9910
11.0593 -1.5551 7.6817
11.0587 -1.5914 7.6312
11.0582 -1.6289 7.5968
11.0580 -1.6682 7.5784
11.0583 -1.7136 7.6018
11.0576 -1.7474 7.5518
11.0556 -1.7607 7.3893
11.0550 -1.7922 7.3423
11.0546 -1.8255 7.3094
11.0531 -1.8415 7.1933
11.0523 -1.8669 7.1320
11.0518 -1.8960 7.0928
11.0515 -1.9271 7.0651
11.0513 -1.9604 7.0491
11.0524 -2.0194 7.1388
11.0507 -2.0227 7.0040
11.0501 -2.0475 6.9596
11.0497 -2.0746 6.9265
11.0494 -2.1035 6.9022
11.0466 -2.0760 6.6859
11.0461 -2.0970 6.6438
11.0457 -2.1203 6.6118
11.0454 -2.1451 6.5864
11.0451 -2.1718 6.5681
11.0439 -2.1701 6.4665
11.0432 -2.1835 6.4138
11.0427 -2.2021 6.3787
11.0424 -2.2225 6.3502
11.0421 -2.2445 6.3271
11.0418 -2.2678 6.3087
11.0417 -2.2936 6.2976
11.0422 -2.3381 6.3336
11.0418 -2.3558 6.3026
11.0421 -2.3981 6.3316
11.0427 -2.4479 6.3767
11.0430 -2.4903 6.4031
11.0434 -2.5360 6.4360
11.0437 -2.5764 6.4558
11.0441 -2.6225 6.4871
11.0245 -1.4679 8.1072
11.0230 -1.4844 7.8061
11.0226 -1.5199 7.7286
11.0224 -1.5577 7.6819
11.0223 -1.5970 7.6539
11.0222 -1.6386 7.6462
11.0222 -1.6808 7.6440
11.0215 -1.7010 7.5002
11.0212 -1.7311 7.4326
11.0210 -1.7642 7.3895
11.0209 -1.7991 7.3601
11.0202 -1.8133 7.2261
11.0200 -1.8413 7.1731
11.0198 -1.8717 7.1356
11.0196 -1.9038 7.1095
11.0196 -1.9402 7.1037
11.0196 -1.9750 7.0921
11.0193 -1.9982 7.0341
11.0191 -2.0250 6.9947
11.0189 -2.0538 6.9652
11.0180 -2.0340 6.7611
11.0177 -2.0539 6.7098
11.0175 -2.0771 6.6728
11.0174 -2.1021 6.6441
11.0173 -2.1286 6.6219
11.0172 -2.1575 6.6087
11.0166 -2.1466 6.4755
11.0164 -2.1648 6.4351
11.0162 -2.1854 6.4039
11.0161 -2.2074 6.3781
11.0160 -2.2310 6.3579
11.0159 -2.2564 6.3437
11.0159 -2.2870 6.3435
11.0159 -2.3183 6.3453
11.0158 -2.3355 6.3119
11.0157 -2.3556 6.2870
11.0158 -2.3979 6.3158
11.0159 -2.4409 6.3451
11.0161 -2.4901 6.3873
11.0164 -2.5462 6.4430
11.0164 -2.5762 6.4396
10.9837 -1.4278 8.1648
10.9847 -1.4455 7.8405
10.9849 -1.4839 7.7795
10.9850 -1.5233 7.7380
10.9851 -1.5639 7.7121
10.9850 -1.6123 7.7514
10.9852 -1.6477 7.6906
10.9856 -1.6683 7.5377
10.9858 -1.7009 7.4791
10.9859 -1.7356 7.4395
10.9860 -1.7721 7.4144
10.9865 -1.7853 7.2652
10.9866 -1.8153 7.2175
10.9867 -1.8473 7.1833
10.9868 -1.8812 7.1618
10.9867 -1.9231 7.1778
10.9870 -1.9462 7.1113
10.9871 -1.9738 7.0682
10.9872 -2.0025 7.0331
10.9873 -2.0331 7.0075
10.9880 -2.0095 6.7810
10.9881 -2.0326 6.7385
10.9882 -2.0577 6.7059
10.9883 -2.0840 6.6795
10.9884 -2.1125 6.6618
10.9887 -2.1091 6.5431
10.9889 -2.1264 6.4954
10.9890 -2.1469 6.4602
10.9891 -2.1692 6.4321
10.9892 -2.1927 6.4091
10.9892 -2.2182 6.3926
10.9892 -2.2469 6.3859
10.9892 -2.2835 6.4002
10.9893 -2.3008 6.3640
10.9894 -2.3201 6.3344
10.9895 -2.3410 6.3101
10.9895 -2.3632 6.2902
10.9895 -2.3976 6.3000
10.9894 -2.4438 6.3364
10.9893 -2.4875 6.3658
10.9892 -2.5325 6.3968
10.9891 -2.5768 6.4252
10.9405 -1.3444 8.3219
10.9415 -1.3866 8.2267
10.9453 -1.4066 7.8864
10.9459 -1.4469 7.8329
10.9463 -1.4879 7.7973
10.9465 -1.5305 7.7807
10.9463 -1.5764 7.7948
10.9469 -1.6142 7.7444
10.9487 -1.6355 7.5817
10.9493 -1.6701 7.5291
10.9497 -1.7063 7.4928
10.9510 -1.7280 7.3735
10.9518 -1.7571 7.3086
10.9522 -1.7889 7.2652
10.9526 -1.8225 7.2347
10.9527 -1.8587 7.2201
10.9529 -1.8944 7.2046
10.9536 -1.9200 7.1447
10.9540 -1.9490 7.1042
10.9544 -1.9798 7.0747
10.9568 -1.9640 6.8602
10.9573 -1.9863 6.8083
10.9578 -2.0114 6.7708
10.9581 -2.0382 6.7416
10.9583 -2.0668 6.7205
10.9584 -2.0983 6.7108
10.9601 -2.0865 6.5596
10.9606 -2.1070 6.5200
10.9609 -2.1293 6.4886
10.9612 -2.1532 6.4634
10.9614 -2.1786 6.4439
10.9615 -2.2067 6.4331
10.9612 -2.2475 6.4583
10.9617 -2.2647 6.4182
10.9620 -2.2843 6.3867
10.9623 -2.3054 6.3604
10.9626 -2.3281 6.3392
10.9627 -2.3523 6.3228
10.9634 -2.3574 6.2612
10.9631 -2.3988 6.2876
10.9628 -2.4437 6.3209
10.9624 -2.4874 6.3501
10.9621 -2.5319 6.3799
10.9618 -2.5767 6.4092
10.8964 -1.2993 8.3725
10.9032 -1.3263 8.0196
10.9047 -1.3671 7.9405
10.9057 -1.4089 7.8913
10.9062 -1.4516 7.8612
10.9061 -1.4972 7.8659
10.9065 -1.5401 7.8452
10.9092 -1.5682 7.7049
10.9107 -1.6022 7.6299
10.9116 -1.6385 7.5820
10.9122 -1.6764 7.5499
10.9149 -1.6968 7.4116
10.9160 -1.7284 7.3556
10.9167 -1.7620 7.3162
10.9172 -1.7972 7.2903
10.9172 -1.8371 7.2902
10.9183 -1.8651 7.2319
10.9193 -1.8938 7.1825
10.9200 -1.9247 7.1464
10.9205 -1.9573 7.1212
10.9250 -1.9383 6.8839
10.9259 -1.9634 6.8400
10.9265 -1.9903 6.8064
10.9270 -2.0188 6.7809
10.9273 -2.0496 6.7653
10.9299 -2.0454 6.6290
10.9308 -2.0654 6.5830
10.9315 -2.0881 6.5484
10.9320 -2.1121 6.5201
10.9325 -2.1377 6.4982
10.9327 -2.1655 6.4840
10.9320 -2.2103 6.5203
10.9329 -2.2272 6.4753
10.9335 -2.2471 6.4413
10.9341 -2.2686 6.4131
10.9345 -2.2916 6.3901
10.9349 -2.3162 6.3725
10.9360 -2.3249 6.3157
10.9369 -2.3363 6.2683
10.9374 -2.3563 6.2435
10.9368 -2.3986 6.2720
10.9358 -2.4506 6.3213
10.9356 -2.4873 6.3344
10.9347 -2.5395 6.3811
10.9344 -2.5766 6.3932
10.8508 -1.2534 8.4329
10.8609 -1.2836 8.0664
10.8627 -1.3266 7.9999
10.8639 -1.3700 7.9566
10.8645 -1.4144 7.9346
10.8637 -1.4630 7.9611
10.8654 -1.5031 7.9002
10.8697 -1.5314 7.7444
10.8715 -1.5678 7.6795
10.8726 -1.6061 7.6383
10.8749 -1.6377 7.5550
10.8776 -1.6656 7.4567
10.8790 -1.6992 7.4063
10.8799 -1.7344 7.3709
10.8805 -1.7717 7.3513
10.8809 -1.8092 7.3345
10.8827 -1.8366 7.2678
10.8839 -1.8675 7.2243
10.8848 -1.9002 7.1927
10.8910 -1.8891 6.9685
10.8925 -1.9135 6.9142
10.8935 -1.9407 6.8755
10.8943 -1.9693 6.8457
10.8949 -1.9998 6.8249
10.8980 -2.0048 6.7114
10.8997 -2.0226 6.6513
10.9008 -2.0451 6.6112
10.9016 -2.0695 6.5802
10.9023 -2.0953 6.5553
10.9028 -2.1229 6.5376
10.9028 -2.1551 6.5352
10.9028 -2.1882 6.5354
10.9039 -2.2083 6.4981
10.9047 -2.2304 6.4682
10.9054 -2.2537 6.4432
10.9059 -2.2787 6.4243
10.9073 -2.2912 6.3733
10.9087 -2.3019 6.3204
10.9097 -2.3188 6.2851
10.9105 -2.3374 6.2558
10.9112 -2.3574 6.2311
10.9105 -2.3984 6.2563
10.9097 -2.4415 6.2852
10.9090 -2.4840 6.3116
10.9073 -2.5427 6.3722
10.9072 -2.5760 6.3762
10.8037 -1.2060 8.4975
10.8171 -1.2400 8.1224
10.8191 -1.2848 8.0640
10.8205 -1.3298 8.0264
10.8207 -1.3765 8.0200
10.8210 -1.4228 8.0110
10.8229 -1.4648 7.9574
10.8288 -1.4944 7.7937
10.8308 -1.5329 7.7356
10.8322 -1.5725 7.6965
10.8366 -1.6007 7.5756
10.8390 -1.6339 7.5066
10.8407 -1.6693 7.4606
10.8417 -1.7063 7.4300
10.8420 -1.7466 7.4227
10.8442 -1.7773 7.3624
10.8461 -1.8082 7.3087
10.8474 -1.8410 7.2702
10.8484 -1.8756 7.2437
10.8571 -1.8628 6.9996
10.8589 -1.8892 6.9502
10.8601 -1.9179 6.9148
10.8610 -1.9484 6.8894
10.8615 -1.9816 6.8764
10.8669 -1.9781 6.7244
10.8686 -2.0006 6.6786
10.8698 -2.0250 6.6430
10.8708 -2.0512 6.6155
10.8715 -2.0790 6.5951
10.8719 -2.1098 6.5857
10.8714 -2.1475 6.5984
10.8728 -2.1681 6.5581
10.8740 -2.1905 6.5256
10.8750 -2.2143 6.4991
10.8757 -2.2397 6.4782
10.8762 -2.2675 6.4649
10.8794 -2.2662 6.3749
10.8807 -2.2834 6.3374
10.8818 -2.3026 6.3067
10.8827 -2.3232 6.2808
10.8835 -2.3451 6.2593
10.8841 -2.3685 6.2421
10.8842 -2.3982 6.2407
10.8831 -2.4422 6.2715
10.8822 -2.4840 6.2961
10.8811 -2.5284 6.3255
10.8799 -2.5759 6.3602
10.7678 -1.1488 8.2719
10.7716 -1.1952 8.1849
10.7739 -1.2416 8.1329
10.7752 -1.2883 8.1030
10.7736 -1.3389 8.1401
10.7768 -1.3819 8.0680
10.7827 -1.4183 7.9341
10.7864 -1.4567 7.8482
10.7887 -1.4970 7.7961
10.7903 -1.5383 7.7613
10.7965 -1.5658 7.6195
10.7991 -1.6016 7.5608
10.8009 -1.6387 7.5191
10.8020 -1.6776 7.4948
10.8028 -1.7171 7.4771
10.8061 -1.7464 7.4011
10.8082 -1.7795 7.3542
10.8097 -1.8142 7.3205
10.8198 -1.8092 7.0892
10.8223 -1.8361 7.0330
10.8241 -1.8653 6.9924
10.8255 -1.8958 6.9610
10.8265 -1.9279 6.9388
10.8324 -1.9321 6.8046
10.8348 -1.9541 6.7499
10.8365 -1.9790 6.7103
10.8379 -2.0053 6.6785
10.8390 -2.0331 6.6543
10.8396 -2.0631 6.6392
10.8385 -2.1054 6.6658
10.8404 -2.1260 6.6210
10.8420 -2.1489 6.5857
10.8432 -2.1733 6.5573
10.8442 -2.1990 6.5343
10.8449 -2.2271 6.5194
10.8488 -2.2290 6.4319
10.8505 -2.2466 6.3918
10.8519 -2.2664 6.3597
10.8531 -2.2876 6.3325
10.8541 -2.3102 6.3102
10.8549 -2.3341 6.2923
10.8574 -2.3413 6.2349
10.8587 -2.3597 6.2063
10.8574 -2.4021 6.2344
10.8560 -2.4468 6.2665
10.8554 -2.4840 6.2806
10.8541 -2.5284 6.3098
10.8526 -2.5757 6.3441
10.8513 -2.6217 6.3741
10.7203 -1.1007 8.3328
10.7244 -1.1490 8.2535
10.7268 -1.1970 8.2074
10.7278 -1.2455 8.1894
10.7276 -1.2948 8.1923
10.7309 -1.3398 8.1305
10.7387 -1.3771 7.9815
10.7425 -1.4181 7.9081
10.7450 -1.4601 7.8617
10.7502 -1.4958 7.7617
10.7550 -1.5304 7.6695
10.7578 -1.5681 7.6169
10.7596 -1.6073 7.5824
10.7603 -1.6487 7.5682
10.7637 -1.6823 7.5046
10.7668 -1.7154 7.4455
10.7689 -1.7505 7.4041
10.7794 -1.7564 7.2052
10.7839 -1.7800 7.1193
10.7864 -1.8095 7.0715
10.7883 -1.8406 7.0356
10.7896 -1.8732 7.0100
10.7901 -1.9089 7.0002
10.7992 -1.9056 6.8262
10.8016 -1.9308 6.7811
10.8034 -1.9576 6.7461
10.8049 -1.9857 6.7184
10.8059 -2.0157 6.6992
10.8058 -2.0512 6.7008
10.8065 -2.0823 6.6874
10.8085 -2.1059 6.6500
10.8101 -2.1305 6.6183
10.8114 -2.1568 6.5935
10.8123 -2.1852 6.5765
10.8168 -2.1900 6.4913
10.8190 -2.2081 6.4486
10.8208 -2.2287 6.4150
10.8223 -2.2505 6.3864
10.8235 -2.2737 6.3632
10.8245 -2.2984 6.3446
10.8275 -2.3067 6.2859
10.8299 -2.3195 6.2410
10.8317 -2.3361 6.2071
10.8325 -2.3594 6.1905
10.8311 -2.4018 6.2185
10.8280 -2.4581 6.2765
10.8286 -2.4840 6.2651
10.8249 -2.5477 6.3358
10.8253 -2.5756 6.3280
10.6712 -1.0511 8.3956
10.6753 -1.1011 8.3285
10.6777 -1.1507 8.2882
10.6763 -1.2019 8.3117
10.6799 -1.2496 8.2527
10.6832 -1.2965 8.1987
10.6929 -1.3353 8.0384
10.6968 -1.3784 7.9741
10.6993 -1.4222 7.9330
10.7076 -1.4562 7.7970
10.7119 -1.4945 7.7270
10.7148 -1.5340 7.6789
10.7167 -1.5747 7.6483
10.7180 -1.6161 7.6266
10.7229 -1.6485 7.5457
10.7260 -1.6841 7.4950
10.7282 -1.7210 7.4590
10.7431 -1.7216 7.2148
10.7466 -1.7512 7.1565
10.7492 -1.7828 7.1146
10.7511 -1.8157 7.0836
10.7522 -1.8507 7.0652
10.7619 -1.8546 6.9063
10.7649 -1.8805 6.8568
10.7673 -1.9078 6.8171
10.7692 -1.9364 6.7862
10.7706 -1.9667 6.7635
10.7711 -2.0001 6.7547
10.7709 -2.0365 6.7573
10.7734 -2.0606 6.7163
10.7755 -2.0861 6.6830
10.7771 -2.1133 6.6570
10.7782 -2.1422 6.6384
10.7834 -2.1493 6.5534
10.7861 -2.1680 6.5079
10.7883 -2.1893 6.4727
10.7901 -2.2118 6.4428
10.7916 -2.2358 6.4184
10.7928 -2.2611 6.3991
10.7964 -2.2706 6.3391
10.7993 -2.2842 6.2925
10.8014 -2.3016 6.2575
10.8031 -2.3207 6.2285
10.8047 -2.3409 6.2034
10.8060 -2.3622 6.1820
10.8047 -2.4015 6.2026
10.8035 -2.4406 6.2218
10.8019 -2.4836 6.2488
10.7996 -2.5320 6.2865
10.7982 -2.5745 6.3101
10.6263 -1.1025 8.3756
10.6252 -1.1543 8.3911
10.6301 -1.2032 8.3206
10.6335 -1.2517 8.2723
10.6454 -1.2924 8.1013
10.6494 -1.3373 8.0434
10.6518 -1.3828 8.0084
10.6628 -1.4170 7.8499
10.6671 -1.4576 7.7889
10.6700 -1.4990 7.7470
10.6714 -1.5420 7.7264
10.6762 -1.5786 7.6575
10.6806 -1.6148 7.5948
10.6837 -1.6522 7.5495
10.6990 -1.6621 7.3299
10.7046 -1.6903 7.2489
10.7080 -1.7225 7.1995
10.7106 -1.7559 7.1626
10.7123 -1.7909 7.1378
10.7219 -1.8029 7.0001
10.7265 -1.8272 6.9340
10.7296 -1.8551 6.8896
10.7318 -1.8850 6.8579
10.7336 -1.9155 6.8312
10.7346 -1.9485 6.8168
10.7336 -1.9886 6.8308
10.7368 -2.0132 6.7858
10.7392 -2.0395 6.7502
10.7412 -2.0672 6.7217
10.7427 -2.0965 6.7006
10.7482 -2.1075 6.6209
10.7517 -2.1262 6.5703
10.7543 -2.1482 6.5329
10.7565 -2.1715 6.5017
10.7583 -2.1962 6.4760
10.7597 -2.2223 6.4559
10.7639 -2.2330 6.3946
10.7673 -2.2475 6.3462
10.7698 -2.2656 6.3101
10.7719 -2.2856 6.2802
10.7737 -2.3065 6.2544
10.7752 -2.3286 6.2324
10.7796 -2.3331 6.1696
10.7807 -2.3561 6.1526
10.7788 -2.3985 6.1806
10.7769 -2.4410 6.2073
10.7751 -2.4836 6.2333
10.7731 -2.5278 6.2619
10.7709 -2.5744 6.2940
10.7689 -2.6202 6.3235
10.5782 -1.1552 8.3966
10.5891 -1.2017 8.2560
10.5959 -1.2480 8.1697
10.6000 -1.2947 8.1176
10.6090 -1.3361 8.0021
10.6159 -1.3773 7.9133
10.6203 -1.4197 7.8569
10.6230 -1.4630 7.8223
10.6239 -1.5082 7.8114
10.6323 -1.5420 7.7041
10.6365 -1.5804 7.6495
10.6395 -1.6200 7.6120
10.6598 -1.6267 7.3511
10.6645 -1.6593 7.2911
10.6679 -1.6935 7.2478
10.6704 -1.7289 7.2166
10.6715 -1.7667 7.2020
10.6856 -1.7724 7.0212
10.6897 -1.8005 6.9694
10.6928 -1.8303 6.9299
10.6951 -1.8613 6.8994
10.6965 -1.8947 6.8816
10.6939 -1.9399 6.9148
10.6983 -1.9637 6.8594
10.7013 -1.9907 6.8206
10.7037 -2.0190 6.7893
10.7055 -2.0490 6.7664
10.7115 -2.0633 6.6904
10.7156 -2.0829 6.6371
10.7187 -2.1057 6.5975
10.7214 -2.1293 6.5632
10.7235 -2.1548 6.5362
10.7251 -2.1817 6.5153
10.7300 -2.1938 6.4525
10.7340 -2.2091 6.4023
10.7369 -2.2282 6.3650
10.7393 -2.2489 6.3341
10.7414 -2.2707 6.3075
10.7431 -2.2937 6.2853
10.7487 -2.2962 6.2132
10.7522 -2.3086 6.1685
10.7549 -2.3246 6.1344
10.7547 -2.3559 6.1371
10.7525 -2.3983 6.1649
10.7490 -2.4490 6.2098
10.7484 -2.4836 6.2179
10.7441 -2.5400 6.2721
10.7437 -2.5743 6.2780
10.7414 -2.6201 6.3073
10.5379 -1.1537 8.3174
10.5442 -1.2022 8.2443
10.5483 -1.2506 8.1976
10.5606 -1.2926 8.0564
10.5671 -1.3363 7.9817
10.5713 -1.3807 7.9328
10.5734 -1.4262 7.9089
10.5801 -1.4661 7.8317
10.5863 -1.5052 7.7601
10.5906 -1.5454 7.7111
10.6114 -1.5608 7.4707
10.6184 -1.5931 7.3904
10.6229 -1.6280 7.3392
10.6261 -1.6641 7.3015
10.6282 -1.7018 7.2781
10.6422 -1.7151 7.1171
10.6475 -1.7435 7.0552
10.6514 -1.7740 7.0103
10.6544 -1.8057 6.9758
10.6565 -1.8389 6.9514
10.6568 -1.8763 6.9480
10.6574 -1.9129 6.9415
10.6612 -1.9405 6.8982
10.6644 -1.9687 6.8609
10.6666 -1.9994 6.8354
10.6729 -2.0169 6.7633
10.6779 -2.0371 6.7056
10.6816 -2.0606 6.6634
10.6845 -2.0857 6.6291
10.6870 -2.1121 6.6009
10.6889 -2.1399 6.5791
10.6946 -2.1527 6.5130
10.6992 -2.1690 6.4608
10.7025 -2.1890 6.4223
10.7053 -2.2106 6.3903
10.7077 -2.2333 6.3629
10.7096 -2.2573 6.3404
10.7165 -2.2591 6.2614
10.7203 -2.2732 6.2176
10.7233 -2.2902 6.1830
10.7318 -2.2804 6.0854
10.7299 -2.3194 6.1071
10.7286 -2.3557 6.1216
10.7262 -2.3981 6.1493
10.7235 -2.4429 6.1809
10.7210 -2.4869 6.2096
10.7189 -2.5288 6.2328
10.7164 -2.5742 6.2621
10.4843 -1.1042 8.3871
10.4908 -1.1545 8.3194
10.4943 -1.2047 8.2832
10.5097 -1.2481 8.1217
10.5160 -1.2940 8.0559
10.5200 -1.3402 8.0140
10.5197 -1.3890 8.0172
10.5327 -1.4258 7.8813
10.5385 -1.4674 7.8211
10.5424 -1.5098 7.7802
10.5688 -1.5240 7.5042
10.5752 -1.5593 7.4378
10.5794 -1.5963 7.3929
10.5824 -1.6344 7.3619
10.5949 -1.6565 7.2316
10.6029 -1.6837 7.1478
10.6078 -1.7150 7.0966
10.6116 -1.7475 7.0572
10.6143 -1.7812 7.0282
10.6156 -1.8176 7.0151
10.6147 -1.8585 7.0241
10.6193 -1.8869 6.9768
10.6228 -1.9168 6.9393
10.6256 -1.9479 6.9102
10.6320 -1.9690 6.8432
10.6383 -1.9890 6.7773
10.6426 -2.0135 6.7325
10.6461 -2.0396 6.6965
10.6489 -2.0668 6.6668
10.6511 -2.0955 6.6440
10.6578 -2.1092 6.5742
10.6628 -2.1271 6.5219
10.6666 -2.1481 6.4821
10.6698 -2.1707 6.4490
10.6725 -2.1943 6.4208
10.6746 -2.2193 6.3980
10.6829 -2.2204 6.3116
10.6870 -2.2363 6.2687
10.6904 -2.2544 6.2337
10.7009 -2.2422 6.1241
10.7051 -2.2546 6.0801
10.7065 -2.2781 6.0648
10.7039 -2.3193 6.0919
10.7011 -2.3624 6.1219
10.6999 -2.3979 6.1336
10.6969 -2.4429 6.1656
10.6941 -2.4869 6.1941
10.6919 -2.5288 6.2170
10.6891 -2.5741 6.2462
10.4346 -1.1050 8.4039
10.4458 -1.1546 8.2966
10.4564 -1.2023 8.1956
10.4625 -1.2500 8.1365
10.4659 -1.2982 8.1043
10.4748 -1.3422 8.0191
10.4832 -1.3849 7.9394
10.4886 -1.4284 7.8872
10.5147 -1.4518 7.6382
10.5242 -1.4873 7.5475
10.5299 -1.5252 7.4926
10.5340 -1.5640 7.4530
10.5361 -1.6047 7.4333
10.5554 -1.6209 7.2483
10.5617 -1.6529 7.1884
10.5664 -1.6864 7.1438
10.5699 -1.7209 7.1102
10.5720 -1.7572 7.0900
10.5697 -1.8013 7.1116
10.5752 -1.8306 7.0593
10.5795 -1.8614 7.0183
10.5828 -1.8935 6.9868
10.5849 -1.9275 6.9661
10.5963 -1.9398 6.8576
10.6018 -1.9640 6.8050
10.6058 -1.9911 6.7671
10.6090 -2.0193 6.7358
10.6115 -2.0490 6.7120
10.6190 -2.0642 6.6404
10.6249 -2.0827 6.5841
10.6292 -2.1048 6.5430
10.6326 -2.1289 6.5104
10.6356 -2.1535 6.4816
10.6381 -2.1795 6.4582
10.6478 -2.1805 6.3650
10.6523 -2.1978 6.3220
10.6560 -2.2173 6.2872
10.6683 -2.2044 6.1690
10.6727 -2.2191 6.1273
10.6762 -2.2360 6.0935
10.6793 -2.2541 6.0640
10.6808 -2.2780 6.0497
10.6780 -2.3192 6.0766
10.6752 -2.3610 6.1034
10.6733 -2.3992 6.1213
10.6703 -2.4429 6.1502
10.6673 -2.4869 6.1786
10.6649 -2.5287 6.2013
10.6619 -2.5740 6.2304
10.3911 -1.1047 8.3591
10.4007 -1.1547 8.2741
10.4064 -1.2044 8.2243
10.4076 -1.2550 8.2131
10.4238 -1.2977 8.0712
10.4313 -1.3429 8.0049
10.4363 -1.3884 7.9604
10.4698 -1.4110 7.6659
10.4774 -1.4502 7.5988
10.4827 -1.4902 7.5521
10.4863 -1.5311 7.5205
10.5045 -1.5549 7.3601
10.5129 -1.5876 7.2868
10.5187 -1.6221 7.2359
10.5230 -1.6575 7.1971
10.5260 -1.6943 7.1714
10.5221 -1.7412 7.2056
10.5288 -1.7714 7.1468
10.5338 -1.8033 7.1022
10.5378 -1.8364 7.0675
10.5405 -1.8711 7.0438
10.5524 -1.8870 6.9384
10.5585 -1.9130 6.8851
10.5632 -1.9408 6.8433
10.5672 -1.9696 6.8082
10.5701 -2.0003 6.7832
10.5784 -2.0172 6.7098
10.5851 -2.0368 6.6511
10.5899 -2.0601 6.6085
10.5939 -2.0846 6.5730
10.5973 -2.1104 6.5435
10.6000 -2.1374 6.5196
10.6112 -2.1391 6.4212
10.6160 -2.1579 6.3784
10.6201 -2.1785 6.3430
10.6344 -2.1656 6.2170
10.6390 -2.1821 6.1765
10.6428 -2.2004 6.1430
10.6461 -2.2197 6.1137
10.6491 -2.2398 6.0878
10.6517 -2.2606 6.0649
10.6539 -2.2824 6.0454
10.6520 -2.3191 6.0614
10.6501 -2.3568 6.0789
10.6470 -2.3992 6.1060
10.6438 -2.4423 6.1335
10.6328 -2.5186 6.2307
10.6338 -2.5459 6.2216
10.6345 -2.5744 6.2154
10.3422 -1.1052 8.3605
10.3477 -1.1567 8.3159
10.3594 -1.2052 8.2202
10.3699 -1.2524 8.1347
10.3769 -1.2996 8.0777
10.4105 -1.3307 7.8040
10.4216 -1.3709 7.7136
10.4286 -1.4122 7.6562
10.4335 -1.4541 7.6165
10.4356 -1.4977 7.5995
10.4611 -1.5184 7.3915
10.4680 -1.5544 7.3348
10.4735 -1.5910 7.2905
10.4773 -1.6286 7.2590
10.4783 -1.6692 7.2511
10.4797 -1.7092 7.2396
10.4857 -1.7422 7.1906
10.4904 -1.7763 7.1523
10.4937 -1.8119 7.1254
10.5063 -1.8313 7.0228
10.5133 -1.8585 6.9656
10.5188 -1.8875 6.9212
10.5232 -1.9176 6.8855
10.5265 -1.9490 6.8578
10.5358 -1.9678 6.7827
10.5433 -1.9887 6.7213
10.5487 -2.0132 6.6771
10.5532 -2.0388 6.6403
10.5569 -2.0658 6.6101
10.5599 -2.0938 6.5855
10.5727 -2.0963 6.4814
10.5781 -2.1163 6.4374
10.5921 -2.1119 6.3233
10.5989 -2.1256 6.2681
10.6037 -2.1439 6.2287
10.6078 -2.1634 6.1953
10.6114 -2.1839 6.1658
10.6146 -2.2051 6.1398
10.6174 -2.2270 6.1171
10.6197 -2.2503 6.0987
10.6212 -2.2756 6.0861
10.6274 -2.2845 6.0353
10.6264 -2.3181 6.0441
10.6227 -2.3613 6.0740
10.6206 -2.3991 6.0906
10.6173 -2.4422 6.1180
10.6137 -2.4866 6.1470
10.6103 -2.5310 6.1749
10.6073 -2.5743 6.1995
10.3044 -1.1562 8.2746
10.3135 -1.2056 8.2051
10.3196 -1.2548 8.1588
10.3614 -1.2871 7.8422
10.3707 -1.3301 7.7715
10.3772 -1.3734 7.7218
10.3812 -1.4174 7.6916
10.4058 -1.4454 7.5056
10.4147 -1.4826 7.4375
10.4213 -1.5206 7.3878
10.4259 -1.5594 7.3525
10.4284 -1.5999 7.3338
10.4278 -1.6434 7.3381
10.4350 -1.6777 7.2839
10.4405 -1.7131 7.2422
10.4445 -1.7497 7.2119
10.4576 -1.7726 7.1120
10.4658 -1.8010 7.0503
10.4720 -1.8313 7.0032
10.4770 -1.8627 6.9655
10.4808 -1.8953 6.9364
10.4922 -1.9137 6.8498
10.4998 -1.9376 6.7926
10.5055 -1.9639 6.7491
10.5105 -1.9909 6.7111
10.5146 -2.0189 6.6799
10.5244 -2.0340 6.6053
10.5327 -2.0511 6.5430
10.5384 -2.0728 6.4995
10.5552 -2.0672 6.3725
10.5617 -2.0843 6.3226
10.5669 -2.1041 6.2835
10.5713 -2.1249 6.2498
10.5752 -2.1466 6.2206
10.5786 -2.1691 6.1949
10.5815 -2.1924 6.1729
10.5837 -2.2171 6.1555
10.5847 -2.2454 6.1483
10.5942 -2.2472 6.0759
10.5992 -2.2619 6.0380
10.6035 -2.2782 6.0056
10.6004 -2.3181 6.0291
10.5970 -2.3597 6.0552
10.5937 -2.4010 6.0796
10.5891 -2.4478 6.1148
10.5869 -2.4864 6.1312
10.5833 -2.5309 6.1590
10.5800 -2.5743 6.1836
10.5763 -2.6201 6.2120
10.2539 -1.1573 8.2859
10.2953 -1.1982 7.9922
10.3085 -1.2432 7.8988
10.3170 -1.2883 7.8387
10.3227 -1.3336 7.7982
10.3462 -1.3681 7.6319
10.3576 -1.4069 7.5514
10.3656 -1.4465 7.4942
10.3716 -1.4865 7.4515
10.3752 -1.5277 7.4262
10.3723 -1.5744 7.4466
10.3812 -1.6098 7.3840
10.3877 -1.6465 7.3375
10.3925 -1.6842 7.3036
10.4060 -1.7108 7.2077
10.4157 -1.7404 7.1396
10.4227 -1.7721 7.0895
10.4283 -1.8049 7.0498
10.4327 -1.8387 7.0191
10.4452 -1.8592 6.9300
10.4539 -1.8843 6.8688
10.4604 -1.9117 6.8225
10.4657 -1.9404 6.7850
10.4702 -1.9698 6.7532
10.4824 -1.9839 6.6667
10.4906 -2.0042 6.6086
10.4969 -2.0272 6.5642
10.5163 -2.0217 6.4267
10.5228 -2.0414 6.3800
10.5283 -2.0626 6.3413
10.5330 -2.0849 6.3079
10.5372 -2.1078 6.2785
10.5408 -2.1315 6.2529
10.5438 -2.1563 6.2317
10.5458 -2.1831 6.2173
10.5529 -2.1960 6.1668
10.5594 -2.2098 6.1211
10.5645 -2.2264 6.0850
10.5689 -2.2442 6.0534
10.5729 -2.2628 6.0251
10.5765 -2.2820 5.9996
10.5745 -2.3181 6.0140
10.5708 -2.3597 6.0400
10.5679 -2.3993 6.0606
10.5641 -2.4422 6.0874
10.5602 -2.4862 6.1153
10.5563 -2.5307 6.1430
10.5528 -2.5742 6.1677
10.2417 -1.1507 8.0384
10.2526 -1.1981 7.9659
10.2603 -1.2452 7.9150
10.2642 -1.2928 7.8890
10.2962 -1.3267 7.6763
10.3062 -1.3681 7.6094
10.3135 -1.4098 7.5609
10.3185 -1.4521 7.5281
10.3136 -1.5009 7.5603
10.3241 -1.5381 7.4904
10.3320 -1.5761 7.4383
10.3379 -1.6150 7.3990
10.3514 -1.6454 7.3090
10.3627 -1.6765 7.2340
10.3707 -1.7098 7.1808
10.3771 -1.7440 7.1386
10.3819 -1.7792 7.1062
10.3957 -1.8019 7.0146
10.4054 -1.8285 6.9504
10.4127 -1.8574 6.9021
10.4185 -1.8874 6.8631
10.4234 -1.9183 6.8310
10.4381 -1.9322 6.7333
10.4465 -1.9549 6.6772
10.4644 -1.9596 6.5583
10.4752 -1.9751 6.4868
10.4820 -1.9968 6.4413
10.4878 -2.0197 6.4030
10.4929 -2.0431 6.3687
10.4973 -2.0673 6.3393
10.5011 -2.0925 6.3146
10.5040 -2.1189 6.2949
10.5054 -2.1487 6.2858
10.5165 -2.1550 6.2120
10.5228 -2.1717 6.1704
10.5281 -2.1899 6.1349
10.5328 -2.2090 6.1037
10.5370 -2.2289 6.0758
10.5494 -2.2258 5.9931
10.5548 -2.2406 5.9572
10.5511 -2.2808 5.9820
10.5486 -2.3180 5.9989
10.5427 -2.3653 6.0375
10.5416 -2.3992 6.0453
10.5376 -2.4422 6.0719
10.5334 -2.4861 6.0995
10.5282 -2.5340 6.1341
10.5250 -2.5760 6.1556
10.1670 -1.0520 8.2076
10.1826 -1.1023 8.1100
10.1934 -1.1516 8.0429
10.1997 -1.2006 8.0031
10.2303 -1.2413 7.8118
10.2429 -1.2849 7.7332
10.2518 -1.3285 7.6777
10.2579 -1.3724 7.6393
10.2576 -1.4191 7.6410
10.2641 -1.4616 7.6007
10.2732 -1.5016 7.5438
10.2799 -1.5421 7.5015
10.2916 -1.5778 7.4285
10.3066 -1.6090 7.3345
10.3158 -1.6439 7.2773
10.3230 -1.6797 7.2324
10.3284 -1.7163 7.1981
10.3435 -1.7414 7.1038
10.3543 -1.7698 7.0364
10.3624 -1.8002 6.9861
10.3689 -1.8316 6.9454
10.3741 -1.8640 6.9126
10.3918 -1.8777 6.8019
10.4008 -1.9023 6.7455
10.4225 -1.9059 6.6099
10.4320 -1.9267 6.5509
10.4392 -1.9501 6.5057
10.4453 -1.9746 6.4675
10.4506 -1.9998 6.4344
10.4552 -2.0256 6.4057
10.4590 -2.0524 6.3818
10.4620 -2.0803 6.3632
10.4700 -2.0975 6.3132
10.4781 -2.1135 6.2625
10.4844 -2.1324 6.2230
10.4899 -2.1523 6.1885
10.4948 -2.1728 6.1577
10.4992 -2.1941 6.1302
10.5153 -2.1861 6.0297
10.5217 -2.2005 5.9898
10.5271 -2.2167 5.9562
10.5293 -2.2405 5.9423
10.5253 -2.2807 5.9670
10.5103 -2.3519 6.0607
10.5187 -2.3590 6.0083
10.5152 -2.3992 6.0300
10.5110 -2.4421 6.0565
10.5069 -2.4853 6.0823
10.5019 -2.5313 6.1131
10.4977 -2.5759 6.1395
10.4932 -2.6218 6.1678
10.1297 -1.1033 8.1345
10.1578 -1.1501 7.9687
10.1751 -1.1961 7.8664
10.1861 -1.2420 7.8014
10.1940 -1.2876 7.7548
10.1975 -1.3341 7.7342
10.1999 -1.3808 7.7201
10.2109 -1.4225 7.6553
10.2191 -1.4646 7.6071
10.2244 -1.5076 7.5754
10.2471 -1.5375 7.4414
10.2578 -1.5741 7.3786
10.2660 -1.6115 7.3304
10.2719 -1.6499 7.2953
10.2884 -1.6775 7.1980
10.3004 -1.7077 7.1271
10.3093 -1.7399 7.0746
10.3165 -1.7728 7.0322
10.3222 -1.8068 6.9986
10.3425 -1.8217 6.8787
10.3521 -1.8483 6.8223
10.3760 -1.8541 6.6810
10.3865 -1.8762 6.6189
10.3941 -1.9014 6.5742
10.4006 -1.9275 6.5359
10.4062 -1.9541 6.5026
10.4110 -1.9815 6.4745
10.4147 -2.0101 6.4526
10.4164 -2.0420 6.4429
10.4298 -2.0521 6.3638
10.4375 -2.0712 6.3179
10.4441 -2.0917 6.2789
10.4499 -2.1131 6.2451
10.4550 -2.1352 6.2149
10.4710 -2.1333 6.1202
10.4789 -2.1475 6.0739
10.4852 -2.1643 6.0368
10.4907 -2.1822 6.0044
10.4956 -2.2007 5.9752
10.5001 -2.2198 5.9489
10.5037 -2.2405 5.9274
10.4995 -2.2807 5.9520
10.4941 -2.3248 5.9842
10.4926 -2.3588 5.9929
10.4882 -2.4011 6.0189
10.4826 -2.4473 6.0521
10.4801 -2.4852 6.0667
10.4754 -2.5297 6.0942
10.4705 -2.5757 6.1234
10.1024 -1.1013 8.0106
10.1159 -1.1499 7.9349
10.1259 -1.1977 7.8795
10.1316 -1.2455 7.8473
10.1311 -1.2949 7.8503
10.1441 -1.3389 7.7774
10.1538 -1.3829 7.7232
10.1605 -1.4275 7.6863
10.1850 -1.4611 7.5494
10.1966 -1.5000 7.4846
10.2056 -1.5394 7.4343
10.2127 -1.5792 7.3948
10.2302 -1.6099 7.2970
10.2434 -1.6422 7.2230
10.2532 -1.6761 7.1682
10.2612 -1.7108 7.1239
10.2673 -1.7463 7.0895
10.2906 -1.7627 6.9595
10.3007 -1.7915 6.9031
10.3279 -1.7988 6.7516
10.3378 -1.8244 6.6960
10.3462 -1.8511 6.6495
10.3536 -1.8780 6.6081
10.3594 -1.9063 6.5754
10.3643 -1.9354 6.5480
10.3677 -1.9662 6.5292
10.3771 -1.9870 6.4764
10.3871 -2.0060 6.4211
10.3948 -2.0275 6.3779
10.4016 -2.0499 6.3400
10.4077 -2.0726 6.3056
10.4222 -2.0790 6.2247
10.4330 -2.0910 6.1644
10.4405 -2.1083 6.1229
10.4468 -2.1271 6.0875
10.4525 -2.1465 6.0558
10.4576 -2.1665 6.0273
10.4755 -2.1577 5.9273
10.4827 -2.1710 5.8870
10.4821 -2.2018 5.8906
10.4778 -2.2414 5.9147
10.4733 -2.2817 5.9394
10.4680 -2.3249 5.9694
10.4665 -2.3587 5.9775
10.4619 -2.4010 6.0034
10.4546 -2.4508 6.0440
10.4533 -2.4851 6.0510
10.4484 -2.5296 6.0784
10.4436 -2.5745 6.1053
10.0413 -1.0514 8.0755
10.0535 -1.1019 8.0111
10.0609 -1.1517 7.9715
10.0572 -1.2032 7.9913
10.0730 -1.2498 7.9079
10.0843 -1.2962 7.8477
10.0923 -1.3426 7.8053
10.1183 -1.3804 7.6680
10.1318 -1.4214 7.5966
10.1421 -1.4627 7.5416
10.1498 -1.5044 7.5009
10.1688 -1.5380 7.4005
10.1830 -1.5729 7.3253
10.1939 -1.6087 7.2673
10.2027 -1.6452 7.2211
10.2197 -1.6735 7.1307
10.2358 -1.7008 7.0457
10.2604 -1.7182 6.9156
10.2771 -1.7410 6.8270
10.2873 -1.7690 6.7729
10.2959 -1.7977 6.7276
10.3031 -1.8271 6.6890
10.3094 -1.8569 6.6559
10.3148 -1.8872 6.6273
10.3171 -1.9210 6.6149
10.3324 -1.9365 6.5343
10.3419 -1.9586 6.4836
10.3499 -1.9820 6.4414
10.3569 -2.0062 6.4045
10.3631 -2.0309 6.3718
10.3836 -2.0309 6.2629
10.3925 -2.0487 6.2156
10.4000 -2.0683 6.1762
10.4065 -2.0887 6.1418
10.4123 -2.1097 6.1109
10.4309 -2.1054 6.0127
10.4395 -2.1189 5.9670
10.4464 -2.1350 5.9305
10.4525 -2.1520 5.8982
10.4580 -2.1696 5.8688
10.4567 -2.2017 5.8758
10.4522 -2.2413 5.8998
10.4467 -2.2835 5.9286
10.4455 -2.3162 5.9350
10.4404 -2.3585 5.9621
10.4355 -2.4008 5.9878
10.4312 -2.4423 6.0109
10.4254 -2.4880 6.0416
10.4209 -2.5309 6.0654
10.4163 -2.5744 6.0894
9.9861 -1.0520 8.1021
9.9891 -1.1039 8.0870
9.9957 -1.1550 8.0536
10.0100 -1.2038 7.9814
10.0197 -1.2524 7.9327
10.0467 -1.2946 7.7968
10.0623 -1.3381 7.7186
10.0739 -1.3817 7.6599
10.0826 -1.4254 7.6161
10.1016 -1.4629 7.5204
10.1186 -1.4996 7.4351
10.1307 -1.5375 7.3740
10.1401 -1.5761 7.3271
10.1621 -1.6045 7.2162
10.1778 -1.6356 7.1372
10.2090 -1.6522 6.9799
10.2232 -1.6806 6.9086
10.2339 -1.7107 6.8546
10.2429 -1.7414 6.8095
10.2506 -1.7724 6.7705
10.2570 -1.8042 6.7387
10.2616 -1.8372 6.7153
10.2703 -1.8650 6.6717
10.2847 -1.8848 6.5993
10.2942 -1.9094 6.5512
10.3025 -1.9347 6.5095
10.3097 -1.9606 6.4731
10.3294 -1.9678 6.3744
10.3406 -1.9855 6.3176
10.3497 -2.0056 6.2722
10.3572 -2.0270 6.2341
10.3639 -2.0491 6.2003
10.3827 -2.0500 6.1062
10.3932 -2.0634 6.0532
10.4012 -2.0803 6.0130
10.4081 -2.0984 5.9783
10.4143 -2.1170 5.9469
10.4200 -2.1360 5.9183
10.4252 -2.1555 5.8921
10.4299 -2.1754 5.8684
10.4314 -2.2017 5.8610
10.4266 -2.2412 5.8848
10.4245 -2.2754 5.8953
10.4196 -2.3162 5.9199
10.4147 -2.3576 5.9450
10.4086 -2.4023 5.9757
10.4046 -2.4422 5.9954
10.3994 -2.4859 6.0217
10.3929 -2.5332 6.0544
10.3891 -2.5744 6.0736
10.3836 -2.6203 6.1012
9.9415 -1.1564 8.0724
9.9704 -1.2030 7.9342
9.9882 -1.2494 7.8486
10.0014 -1.2954 7.7857
10.0111 -1.3413 7.7390
10.0312 -1.3822 7.6425
10.0499 -1.4217 7.5529
10.0631 -1.4621 7.4897
10.0738 -1.5025 7.4386
10.1017 -1.5317 7.3048
10.1171 -1.5662 7.2308
10.1522 -1.5855 7.0628
10.1663 -1.6169 6.9952
10.1774 -1.6493 6.9418
10.1869 -1.6819 6.8964
10.1949 -1.7150 6.8582
10.2013 -1.7487 6.8275
10.2048 -1.7846 6.8105
10.2209 -1.8072 6.7336
10.2330 -1.8325 6.6756
10.2429 -1.8591 6.6279
10.2523 -1.8853 6.5828
10.2598 -1.9130 6.5468
10.2849 -1.9173 6.4268
10.2953 -1.9388 6.3770
10.3040 -1.9615 6.3352
10.3117 -1.9848 6.2983
10.3190 -2.0081 6.2635
10.3435 -2.0041 6.1458
10.3527 -2.0219 6.1016
10.3606 -2.0411 6.0639
10.3676 -2.0608 6.0302
10.3740 -2.0810 5.9996
10.3798 -2.1016 5.9718
10.3851 -2.1226 5.9466
10.3897 -2.1442 5.9241
10.3938 -2.1665 5.9049
10.3965 -2.1911 5.8918
10.3990 -2.2157 5.8796
10.4031 -2.2370 5.8602
10.3978 -2.2776 5.8853
10.3938 -2.3161 5.9049
10.3886 -2.3576 5.9298
10.3805 -2.4060 5.9683
10.3781 -2.4422 5.9799
10.3726 -2.4858 6.0061
10.3673 -2.5296 6.0315
10.3618 -2.5743 6.0578
9.9080 -1.1547 7.9928
9.9238 -1.2034 7.9205
9.9349 -1.2518 7.8700
9.9568 -1.2960 7.7697
9.9776 -1.3384 7.6747
9.9921 -1.3813 7.6080
10.0036 -1.4242 7.5558
10.0361 -1.4559 7.4071
10.0519 -1.4933 7.3347
10.0911 -1.5160 7.1557
10.1058 -1.5499 7.0884
10.1175 -1.5845 7.0347
10.1274 -1.6192 6.9894
10.1356 -1.6543 6.9518
10.1417 -1.6903 6.9239
10.1505 -1.7234 6.8837
10.1673 -1.7485 6.8070
10.1793 -1.7766 6.7523
10.1895 -1.8053 6.7053
10.1984 -1.8344 6.6648
10.2242 -1.8443 6.5468
10.2369 -1.8666 6.4889
10.2471 -1.8906 6.4421
10.2560 -1.9153 6.4016
10.2639 -1.9405 6.3655
10.2902 -1.9404 6.2452
10.3007 -1.9595 6.1969
10.3097 -1.9799 6.1558
10.3177 -2.0009 6.1195
10.3248 -2.0223 6.0867
10.3313 -2.0441 6.0570
10.3372 -2.0663 6.0301
10.3424 -2.0890 6.0062
10.3469 -2.1126 5.9859
10.3498 -2.1384 5.9727
10.3546 -2.1605 5.9506
10.3658 -2.1704 5.8995
10.3740 -2.1849 5.8619
10.3812 -2.2005 5.8291
10.3776 -2.2369 5.8453
10.3723 -2.2770 5.8693
10.3679 -2.3161 5.8898
10.3625 -2.3574 5.9144
10.3570 -2.3996 5.9396
10.3507 -2.4440 5.9684
10.3444 -2.4890 5.9971
10.3404 -2.5294 6.0156
10.3345 -2.5745 6.0425
9.8532 -1.1561 8.0107
9.8776 -1.2038 7.9040
9.9004 -1.2497 7.8045
9.9165 -1.2953 7.7343
9.9289 -1.3406 7.6798
9.9655 -1.3760 7.5201
9.9824 -1.4161 7.4462
10.0258 -1.4427 7.2568
10.0411 -1.4793 7.1898
10.0537 -1.5160 7.1344
10.0641 -1.5529 7.0891
10.0725 -1.5901 7.0526
10.0773 -1.6290 7.0317
10.0950 -1.6581 6.9540
10.1101 -1.6876 6.8883
10.1222 -1.7181 6.8351
10.1328 -1.7489 6.7892
10.1419 -1.7800 6.7490
10.1721 -1.7902 6.6171
10.1847 -1.8152 6.5622
10.1960 -1.8405 6.5129
10.2050 -1.8672 6.4734
10.2325 -1.8721 6.3534
10.2448 -1.8925 6.2997
10.2549 -1.9144 6.2554
10.2638 -1.9369 6.2163
10.2721 -1.9594 6.1800
10.2794 -1.9826 6.1481
10.2860 -2.0060 6.1193
10.2919 -2.0300 6.0938
10.2967 -2.0549 6.0726
10.2998 -2.0821 6.0591
10.3070 -2.1024 6.0275
10.3185 -2.1152 5.9776
10.3273 -2.1314 5.9391
10.3351 -2.1484 5.9048
10.3423 -2.1659 5.8734
10.3489 -2.1838 5.8445
10.3550 -2.2020 5.8178
10.3521 -2.2368 5.8304
10.3467 -2.2769 5.8543
10.3309 -2.3382 5.9232
10.3364 -2.3573 5.8990
10.3307 -2.3995 5.9241
10.3248 -2.4424 5.9497
10.3157 -2.4929 5.9894
10.3134 -2.5292 5.9996
10.3073 -2.5744 6.0264
9.8191 -1.1547 7.9386
9.8358 -1.2034 7.8686
9.8615 -1.2487 7.7611
9.8904 -1.2909 7.6401
9.9351 -1.3258 7.4532
9.9571 -1.3647 7.3613
9.9729 -1.4041 7.2952
9.9858 -1.4434 7.2414
9.9967 -1.4825 7.1959
10.0050 -1.5220 7.1610
10.0131 -1.5609 7.1271
10.0343 -1.5911 7.0384
10.0490 -1.6237 6.9768
10.0615 -1.6566 6.9245
10.0723 -1.6896 6.8795
10.1026 -1.7064 6.7529
10.1179 -1.7328 6.6886
10.1303 -1.7606 6.6370
10.1410 -1.7888 6.5921
10.1698 -1.7987 6.4717
10.1845 -1.8202 6.4101
10.1961 -1.8437 6.3617
10.2062 -1.8678 6.3194
10.2153 -1.8922 6.2815
10.2234 -1.9169 6.2474
10.2308 -1.9419 6.2167
10.2377 -1.9668 6.1878
10.2430 -1.9931 6.1655
10.2463 -2.0218 6.1517
10.2557 -2.0415 6.1122
10.2678 -2.0566 6.0616
10.2775 -2.0743 6.0214
10.2860 -2.0928 5.9855
10.2939 -2.1117 5.9528
10.3011 -2.1309 5.9225
10.3078 -2.1503 5.8944
10.3283 -2.1456 5.8087
10.3375 -2.1589 5.7703
10.3320 -2.1977 5.7932
10.3267 -2.2367 5.8155
10.3210 -2.2769 5.8392
10.3161 -2.3161 5.8599
10.3077 -2.3624 5.8947
10.3044 -2.3994 5.9087
10.2988 -2.4413 5.9321
10.2927 -2.4847 5.9575
10.2851 -2.5319 5.9892
10.2799 -2.5746 6.0110
9.7839 -1.1534 7.8745
9.8104 -1.2002 7.7681
9.8624 -1.2394 7.5598
9.8840 -1.2819 7.4731
9.9007 -1.3240 7.4060
9.9143 -1.3658 7.3518
9.9252 -1.4074 7.3081
9.9324 -1.4497 7.2793
9.9487 -1.4871 7.2139
9.9683 -1.5215 7.1354
9.9839 -1.5565 7.0727
9.9968 -1.5917 7.0210
10.0244 -1.6165 6.9104
10.0451 -1.6437 6.8275
10.0598 -1.6734 6.7685
10.0722 -1.7036 6.7188
10.0831 -1.7340 6.6750
10.1176 -1.7435 6.5366
10.1317 -1.7683 6.4801
10.1441 -1.7933 6.4304
10.1543 -1.8195 6.3894
10.1635 -1.8459 6.3526
10.1717 -1.8724 6.3196
10.1789 -1.8995 6.2909
10.1846 -1.9276 6.2680
10.1872 -1.9589 6.2575
10.2019 -1.9752 6.1988
10.2137 -1.9939 6.1515
10.2242 -2.0133 6.1093
10.2336 -2.0334 6.0718
10.2421 -2.0538 6.0376
10.2500 -2.0745 6.0060
10.2573 -2.0953 5.9767
10.2821 -2.0890 5.8773
10.2927 -2.1028 5.8350
10.3016 -2.1183 5.7991
10.3096 -2.1345 5.7668
10.3124 -2.1589 5.7557
10.3067 -2.1977 5.7784
10.2885 -2.2592 5.8517
10.2959 -2.2757 5.8218
10.2902 -2.3161 5.8449
10.2841 -2.3574 5.8691
10.2667 -2.4212 5.9387
10.2723 -2.4412 5.9165
10.2659 -2.4847 5.9420
10.2576 -2.5329 5.9755
10.2527 -2.5745 5.9951
9.7256 -1.1033 7.9022
9.7833 -1.1481 7.6803
9.8053 -1.1940 7.5959
9.8226 -1.2391 7.5291
9.8369 -1.2835 7.4741
9.8480 -1.3276 7.4313
9.8524 -1.3730 7.4144
9.8800 -1.4096 7.3084
9.8986 -1.4476 7.2367
9.9140 -1.4855 7.1774
9.9273 -1.5231 7.1263
9.9652 -1.5468 6.9807
9.9828 -1.5788 6.9127
9.9975 -1.6112 6.8564
10.0100 -1.6438 6.8080
10.0465 -1.6589 6.6678
10.0626 -1.6859 6.6060
10.0758 -1.7138 6.5550
10.0875 -1.7418 6.5099
10.0981 -1.7699 6.4692
10.1081 -1.7976 6.4306
10.1162 -1.8263 6.3997
10.1225 -1.8561 6.3755
10.1247 -1.8895 6.3667
10.1427 -1.9060 6.2975
10.1561 -1.9262 6.2460
10.1674 -1.9476 6.2025
10.1776 -1.9696 6.1636
10.1867 -1.9919 6.1284
10.1953 -2.0141 6.0953
10.2156 -2.0204 6.0172
10.2321 -2.0301 5.9535
10.2429 -2.0464 5.9120
10.2524 -2.0637 5.8756
10.2611 -2.0814 5.8422
10.2690 -2.0995 5.8116
10.2764 -2.1178 5.7831
10.2834 -2.1361 5.7563
10.2874 -2.1588 5.7411
10.2815 -2.1976 5.7637
10.2615 -2.2610 5.8406
10.2681 -2.2795 5.8153
10.2642 -2.3160 5.8300
10.2580 -2.3574 5.8540
10.2519 -2.3990 5.8775
10.2454 -2.4418 5.9026
10.2391 -2.4847 5.9265
10.2304 -2.5330 5.9601
10.2254 -2.5744 5.9792
10.2184 -2.6204 6.0061
9.6965 -1.0509 7.8181
9.7206 -1.1002 7.7290
9.7387 -1.1483 7.6620
9.7534 -1.1955 7.6077
9.7636 -1.2425 7.5701
9.7811 -1.2870 7.5052
9.8058 -1.3281 7.4141
9.8243 -1.3691 7.3455
9.8403 -1.4097 7.2865
9.8753 -1.4415 7.1573
9.8985 -1.4756 7.0713
9.9158 -1.5108 7.0073
9.9306 -1.5458 6.9528
9.9686 -1.5669 6.8121
9.9876 -1.5962 6.7420
10.0029 -1.6264 6.6854
10.0162 -1.6567 6.6363
10.0280 -1.6870 6.5925
10.0386 -1.7173 6.5536
10.0478 -1.7478 6.5195
10.0551 -1.7792 6.4925
10.0582 -1.8136 6.4811
10.0792 -1.8317 6.4035
10.0937 -1.8541 6.3498
10.1060 -1.8777 6.3044
10.1171 -1.9015 6.2634
10.1272 -1.9254 6.2260
10.1365 -1.9494 6.1915
10.1643 -1.9517 6.0888
10.1782 -1.9681 6.0374
10.1896 -1.9866 5.9954
10.1997 -2.0057 5.9580
10.2089 -2.0251 5.9238
10.2175 -2.0447 5.8920
10.2256 -2.0644 5.8622
10.2330 -2.0843 5.8347
10.2400 -2.1043 5.8091
10.2464 -2.1246 5.7854
10.2522 -2.1452 5.7638
10.2573 -2.1667 5.7450
10.2562 -2.1976 5.7490
10.2502 -2.2366 5.7710
10.2440 -2.2766 5.7942
10.2378 -2.3169 5.8168
10.2289 -2.3626 5.8498
10.2256 -2.3989 5.8621
10.2188 -2.4417 5.8870
10.2084 -2.4921 5.9256
10.2053 -2.5293 5.9372
10.1982 -2.5743 5.9633
9.6470 -1.0511 7.8108
9.6623 -1.1013 7.7565
9.6688 -1.1514 7.7333
9.7013 -1.1970 7.6177
9.7248 -1.2419 7.5341
9.7440 -1.2860 7.4659
9.7603 -1.3293 7.4079
9.8070 -1.3623 7.2419
9.8270 -1.4007 7.1707
9.8441 -1.4388 7.1101
9.8830 -1.4665 6.9718
9.9058 -1.4985 6.8904
9.9236 -1.5313 6.8274
9.9387 -1.5642 6.7736
9.9521 -1.5968 6.7259
9.9640 -1.6294 6.6837
9.9743 -1.6621 6.6468
9.9824 -1.6956 6.6182
9.9841 -1.7329 6.6119
10.0100 -1.7519 6.5199
10.0254 -1.7772 6.4653
10.0396 -1.8024 6.4148
10.0519 -1.8281 6.3710
10.0630 -1.8540 6.3316
10.0731 -1.8800 6.2954
10.1062 -1.8825 6.1780
10.1201 -1.9023 6.1286
10.1323 -1.9227 6.0852
10.1431 -1.9437 6.0466
10.1531 -1.9649 6.0111
10.1623 -1.9862 5.9784
10.1709 -2.0076 5.9479
10.1789 -2.0291 5.9194
10.1863 -2.0507 5.8931
10.1930 -2.0726 5.8691
10.1989 -2.0952 5.8481
10.2033 -2.1194 5.8324
10.1962 -2.1599 5.8576
10.2057 -2.1764 5.8240
10.2145 -2.1933 5.7928
10.2227 -2.2104 5.7637
10.2248 -2.2366 5.7562
10.2183 -2.2766 5.7793
10.1924 -2.3496 5.8714
10.2062 -2.3566 5.8221
10.1993 -2.3988 5.8467
10.1923 -2.4416 5.8715
10.1855 -2.4847 5.8956
10.1783 -2.5292 5.9215
9.5805 -1.0519 7.8606
9.6125 -1.1017 7.7509
9.6374 -1.1500 7.6657
9.6567 -1.1973 7.5993
9.7047 -1.2379 7.4353
9.7299 -1.2800 7.3489
9.7502 -1.3215 7.2793
9.7673 -1.3624 7.2206
9.8150 -1.3919 7.0573
9.8362 -1.4277 6.9849
9.8542 -1.4633 6.9233
9.8694 -1.4987 6.8713
9.8828 -1.5339 6.8253
9.8945 -1.5690 6.7853
9.9034 -1.6047 6.7548
9.9121 -1.6399 6.7248
9.9355 -1.6653 6.6448
9.9524 -1.6933 6.5870
9.9671 -1.7215 6.5364
9.9804 -1.7497 6.4910
9.9925 -1.7779 6.4496
10.0242 -1.7893 6.3411
10.0429 -1.8093 6.2770
10.0574 -1.8318 6.2274
10.0701 -1.8547 6.1837
10.0817 -1.8778 6.1440
10.0924 -1.9010 6.1074
10.1028 -1.9236 6.0718
10.1121 -1.9468 6.0401
10.1206 -1.9700 6.0109
10.1283 -1.9935 5.9845
10.1351 -2.0176 5.9611
10.1406 -2.0427 5.9424
10.1324 -2.0846 5.9705
10.1431 -2.1027 5.9339
10.1530 -2.1212 5.9000
10.1622 -2.1398 5.8685
10.1709 -2.1584 5.8387
10.1792 -2.1770 5.8103
10.1869 -2.1959 5.7839
10.1942 -2.2147 5.7587
10.1993 -2.2365 5.7414
10.1926 -2.2766 5.7644
10.1870 -2.3152 5.7833
10.1801 -2.3566 5.8071
10.1634 -2.4149 5.8641
10.1661 -2.4411 5.8550
10.1579 -2.4862 5.8831
10.1513 -2.5291 5.9057
9.5407 -1.0517 7.8166
9.5883 -1.1003 7.6595
9.6211 -1.1471 7.5511
9.6452 -1.1928 7.4715
9.6656 -1.2375 7.4042
9.7166 -1.2742 7.2360
9.7415 -1.3137 7.1536
9.7614 -1.3529 7.0880
9.7789 -1.3914 7.0301
9.7944 -1.4294 6.9791
9.8073 -1.4673 6.9365
9.8172 -1.5056 6.9038
9.8305 -1.5416 6.8599
9.8546 -1.5713 6.7805
9.8732 -1.6022 6.7190
9.8894 -1.6331 6.6656
9.9039 -1.6639 6.6175
9.9171 -1.6944 6.5739
9.9532 -1.7086 6.4549
9.9724 -1.7322 6.3914
9.9896 -1.7560 6.3346
10.0033 -1.7813 6.2894
10.0158 -1.8065 6.2481
10.0274 -1.8317 6.2099
10.0380 -1.8569 6.1748
10.0478 -1.8821 6.1426
10.0567 -1.9075 6.1132
10.0646 -1.9333 6.0872
10.0718 -1.9591 6.0633
10.0716 -1.9925 6.0641
10.0746 -2.0222 6.0540
10.0858 -2.0424 6.0172
10.0962 -2.0628 5.9829
10.1059 -2.0832 5.9506
10.1152 -2.1034 5.9200
10.1239 -2.1239 5.8914
10.1321 -2.1443 5.8644
10.1398 -2.1648 5.8390
10.1469 -2.1855 5.8154
10.1533 -2.2068 5.7943
10.1588 -2.2290 5.7763
10.1615 -2.2549 5.7672
10.1546 -2.2953 5.7900
10.1611 -2.3152 5.7684
10.1540 -2.3566 5.7920
10.1467 -2.3987 5.8160
10.1396 -2.4410 5.8396
10.1320 -2.4846 5.8645
10.1243 -2.5290 5.8899
10.1164 -2.5742 5.9159
9.4968 -0.9997 7.7869
9.5275 -1.0506 7.6890
9.5530 -1.0997 7.6078
9.6072 -1.1442 7.4352
9.6374 -1.1881 7.3392
9.6609 -1.2312 7.2643
9.6810 -1.2733 7.2002
9.6984 -1.3147 7.1447
9.7130 -1.3557 7.0983
9.7241 -1.3967 7.0629
9.7380 -1.4361 7.0187
9.7662 -1.4690 6.9289
9.7868 -1.5031 6.8633
9.8046 -1.5370 6.8066
9.8206 -1.5706 6.7555
9.8352 -1.6038 6.7092
9.8784 -1.6202 6.5715
9.8979 -1.6475 6.5095
9.9145 -1.6753 6.4564
9.9295 -1.7030 6.4087
9.9432 -1.7305 6.3651
9.9567 -1.7572 6.3221
9.9681 -1.7846 6.2858
9.9785 -1.8121 6.2527
9.9877 -1.8397 6.2234
9.9953 -1.8682 6.1994
9.9961 -1.9022 6.1968
9.9997 -1.9335 6.1851
10.0123 -1.9559 6.1450
10.0240 -1.9784 6.1079
10.0349 -2.0008 6.0731
10.0453 -2.0230 6.0400
10.0551 -2.0452 6.0088
10.0642 -2.0675 5.9799
10.0727 -2.0898 5.9528
10.0805 -2.1124 5.9278
10.0875 -2.1355 5.9057
10.0928 -2.1603 5.8887
10.0818 -2.2060 5.9236
10.0912 -2.2252 5.8938
10.1002 -2.2442 5.8652
10.1086 -2.2633 5.8383
10.1166 -2.2824 5.8127
10.1374 -2.2821 5.7466
10.1358 -2.3143 5.7515
10.1279 -2.3566 5.7769
10.1156 -2.4063 5.8161
10.1130 -2.4410 5.8241
10.1053 -2.4846 5.8490
10.0953 -2.5324 5.8807
10.0891 -2.5743 5.9002
10.0809 -2.6202 5.9264
9.4790 -0.9997 7.6773
9.5211 -1.0493 7.5477
9.5483 -1.0971 7.4639
9.5718 -1.1435 7.3917
9.5920 -1.1888 7.3297
9.6092 -1.2331 7.2766
9.6224 -1.2772 7.2363
9.6352 -1.3204 7.1968
9.6678 -1.3575 7.0967
9.6910 -1.3952 7.0251
9.7109 -1.4324 6.9639
9.7296 -1.4688 6.9064
9.7691 -1.4956 6.7851
9.7961 -1.5251 6.7018
9.8167 -1.5559 6.6386
9.8345 -1.5866 6.5838
9.8507 -1.6171 6.5341
9.8655 -1.6472 6.4886
9.8790 -1.6771 6.4469
9.8914 -1.7068 6.4088
9.9025 -1.7366 6.3748
9.9118 -1.7669 6.3462
9.9158 -1.8005 6.3339
9.9169 -1.8360 6.3305
9.9312 -1.8608 6.2864
9.9444 -1.8856 6.2457
9.9568 -1.9103 6.2078
9.9684 -1.9348 6.1721
9.9793 -1.9591 6.1385
9.9895 -1.9835 6.1071
9.9989 -2.0080 6.0784
10.0077 -2.0324 6.0511
10.0150 -2.0578 6.0286
10.0193 -2.0861 6.0155
10.0117 -2.1278 6.0390
10.0221 -2.1487 6.0070
10.0318 -2.1697 5.9769
10.0412 -2.1906 5.9481
10.0616 -2.1968 5.8855
10.0780 -2.2067 5.8348
10.1232 -2.1771 5.6961
10.1323 -2.1939 5.6679
10.1251 -2.2333 5.6902
10.1175 -2.2735 5.7133
10.1100 -2.3143 5.7366
10.0987 -2.3612 5.7713
10.0939 -2.3989 5.7860
10.0865 -2.4409 5.8087
10.0782 -2.4849 5.8341
10.0678 -2.5330 5.8662
10.0619 -2.5743 5.8845
10.0534 -2.6202 5.9105
9.4214 -0.9482 7.6915
9.4488 -0.9997 7.6098
9.4738 -1.0495 7.5356
9.4933 -1.0980 7.4776
9.5080 -1.1457 7.4340
9.5283 -1.1917 7.3735
9.5618 -1.2343 7.2742
9.5875 -1.2762 7.1977
9.6094 -1.3172 7.1325
9.6293 -1.3574 7.0734
9.6774 -1.3880 6.9306
9.7059 -1.4219 6.8459
9.7276 -1.4563 6.7815
9.7469 -1.4903 6.7241
9.7643 -1.5237 6.6721
9.7803 -1.5568 6.6247
9.7948 -1.5895 6.5815
9.8079 -1.6220 6.5428
9.8191 -1.6546 6.5092
9.8268 -1.6886 6.4864
9.8239 -1.7287 6.4952
9.8401 -1.7565 6.4468
9.8552 -1.7840 6.4020
9.8692 -1.8113 6.3604
9.8837 -1.8373 6.3175
9.8959 -1.8641 6.2811
9.9073 -1.8909 6.2472
9.9177 -1.9177 6.2162
9.9268 -1.9450 6.1892
9.9336 -1.9738 6.1690
9.9225 -2.0190 6.2019
9.9345 -2.0424 6.1663
9.9459 -2.0657 6.1324
9.9571 -2.0884 6.0991
9.9673 -2.1114 6.0689
9.9974 -2.1117 5.9794
10.0468 -2.0881 5.8327
10.0609 -2.1026 5.7908
10.0731 -2.1185 5.7544
10.0844 -2.1347 5.7208
10.0950 -2.1510 5.6892
10.1050 -2.1676 5.6597
10.1071 -2.1939 5.6532
10.0997 -2.2332 5.6754
10.0919 -2.2735 5.6985
10.0841 -2.3143 5.7216
10.0762 -2.3557 5.7451
10.0676 -2.3988 5.7706
10.0594 -2.4418 5.7950
10.0515 -2.4848 5.8185
10.0431 -2.5292 5.8435
10.0346 -2.5743 5.8688
9.3800 -0.9997 7.6564
9.4091 -1.0501 7.5729
9.4445 -1.0984 7.4711
9.4730 -1.1450 7.3892
9.4980 -1.1903 7.3172
9.5200 -1.2344 7.2539
9.5787 -1.2702 7.0853
9.6061 -1.3093 7.0065
9.6294 -1.3476 6.9394
9.6506 -1.3850 6.8786
9.6695 -1.4218 6.8243
9.6867 -1.4580 6.7749
9.7021 -1.4938 6.7306
9.7154 -1.5295 6.6922
9.7251 -1.5660 6.6643
9.7214 -1.6082 6.6749
9.7401 -1.6392 6.6212
9.7574 -1.6699 6.5716
9.7734 -1.7002 6.5256
9.7882 -1.7302 6.4831
9.8019 -1.7599 6.4436
9.8146 -1.7895 6.4072
9.8259 -1.8192 6.3745
9.8365 -1.8487 6.3443
9.8420 -1.8814 6.3282
9.8363 -1.9227 6.3447
9.8498 -1.9485 6.3060
9.8624 -1.9741 6.2697
9.8742 -1.9998 6.2358
9.9083 -2.0041 6.1376
9.9612 -1.9884 5.9858
9.9779 -2.0050 5.9378
9.9921 -2.0229 5.8968
10.0052 -2.0412 5.8593
10.0173 -2.0597 5.8243
10.0287 -2.0782 5.7916
10.0397 -2.0965 5.7601
10.0500 -2.1148 5.7304
10.0600 -2.1330 5.7018
10.0695 -2.1511 5.6745
10.0786 -2.1690 5.6482
10.0820 -2.1938 5.6385
10.0743 -2.2332 5.6606
10.0625 -2.2786 5.6945
10.0583 -2.3142 5.7066
10.0460 -2.3616 5.7417
10.0413 -2.3987 5.7553
10.0329 -2.4417 5.7795
10.0248 -2.4847 5.8028
10.0161 -2.5291 5.8277
9.3445 -0.9997 7.6058
9.3732 -1.0499 7.5260
9.4291 -1.0967 7.3703
9.4684 -1.1416 7.2611
9.4977 -1.1852 7.1795
9.5233 -1.2277 7.1083
9.5459 -1.2691 7.0454
9.5659 -1.3097 6.9896
9.5839 -1.3495 6.9396
9.6002 -1.3887 6.8943
9.6134 -1.4279 6.8576
9.6052 -1.4734 6.8802
9.6282 -1.5080 6.8165
9.6480 -1.5424 6.7613
9.6663 -1.5762 6.7103
9.6833 -1.6096 6.6630
9.6989 -1.6425 6.6197
9.7131 -1.6752 6.5801
9.7256 -1.7080 6.5452
9.7348 -1.7420 6.5198
9.7235 -1.7880 6.5511
9.7394 -1.8171 6.5068
9.7543 -1.8459 6.4654
9.7683 -1.8744 6.4265
9.8063 -1.8843 6.3208
9.8263 -1.9057 6.2651
9.8838 -1.8958 6.1052
9.9008 -1.9161 6.0579
9.9161 -1.9368 6.0153
9.9304 -1.9574 5.9754
9.9435 -1.9783 5.9389
9.9561 -1.9989 5.9041
9.9680 -2.0195 5.8710
9.9793 -2.0398 5.8395
9.9902 -2.0599 5.8092
10.0005 -2.0799 5.7805
10.0105 -2.0996 5.7527
10.0198 -2.1195 5.7266
10.0289 -2.1391 5.7013
10.0374 -2.1589 5.6779
10.0454 -2.1788 5.6556
10.0528 -2.1988 5.6349
10.0489 -2.2331 5.6458
10.0416 -2.2722 5.6661
10.0288 -2.3192 5.7018
10.0233 -2.3568 5.7171
10.0035 -2.4150 5.7720
10.0071 -2.4406 5.7621
9.9983 -2.4843 5.7866
9.9892 -2.5290 5.8119
9.9803 -2.5739 5.8366
9.3018 -0.9486 7.5758
9.3435 -0.9997 7.4636
9.3756 -1.0485 7.3771
9.4033 -1.0957 7.3023
9.4283 -1.1415 7.2351
9.4507 -1.1861 7.1748
9.4704 -1.2297 7.1215
9.4867 -1.2727 7.0775
9.4747 -1.3208 7.1100
9.5007 -1.3604 7.0400
9.5239 -1.3992 6.9774
9.5451 -1.4372 6.9204
9.5647 -1.4745 6.8675
9.5832 -1.5110 6.8176
9.5991 -1.5474 6.7747
9.6125 -1.5839 6.7385
9.6167 -1.6237 6.7272
9.6151 -1.6661 6.7317
9.6329 -1.6986 6.6837
9.6496 -1.7307 6.6387
9.6924 -1.7469 6.5233
9.7153 -1.7724 6.4617
9.7787 -1.7710 6.2906
9.7981 -1.7949 6.2385
9.8160 -1.8187 6.1904
9.8323 -1.8425 6.1464
9.8476 -1.8661 6.1051
9.8622 -1.8894 6.0658
9.8759 -1.9125 6.0288
9.8890 -1.9352 5.9935
9.9014 -1.9578 5.9601
9.9131 -1.9803 5.9285
9.9245 -2.0024 5.8980
9.9352 -2.0244 5.8691
9.9453 -2.0464 5.8418
9.9549 -2.0683 5.8159
9.9636 -2.0906 5.7924
9.9713 -2.1134 5.7718
9.9766 -2.1384 5.7574
9.9795 -2.1659 5.7497
9.9925 -2.1813 5.7146
10.0047 -2.1970 5.6818
10.0161 -2.2128 5.6509
10.0241 -2.2323 5.6293
10.0160 -2.2722 5.6513
10.0057 -2.3153 5.6789
9.9972 -2.3567 5.7019
9.9885 -2.3989 5.7252
9.9806 -2.4405 5.7467
9.9715 -2.4842 5.7711
9.9603 -2.5316 5.8012
9.9531 -2.5738 5.8207
9.9436 -2.6198 5.8461
9.2675 -0.9489 7.5246
9.2956 -0.9997 7.4511
9.3200 -1.0489 7.3874
9.3396 -1.0970 7.3362
9.3275 -1.1467 7.3678
9.3578 -1.1922 7.2885
9.3852 -1.2363 7.2170
9.4102 -1.2793 7.1518
9.4325 -1.3213 7.0935
9.4532 -1.3624 7.0395
9.4709 -1.4031 6.9933
9.4851 -1.4437 6.9561
9.4713 -1.4925 6.9921
9.4928 -1.5298 6.9359
9.5130 -1.5663 6.8833
9.5594 -1.5908 6.7620
9.5875 -1.6207 6.6887
9.6575 -1.6293 6.5059
9.6823 -1.6563 6.4410
9.7035 -1.6837 6.3858
9.7227 -1.7110 6.3357
9.7406 -1.7380 6.2889
9.7571 -1.7647 6.2457
9.7719 -1.7916 6.2070
9.7870 -1.8174 6.1677
9.8014 -1.8428 6.1299
9.8151 -1.8680 6.0943
9.8280 -1.8928 6.0604
9.8404 -1.9174 6.0281
9.8519 -1.9419 5.9982
9.8626 -1.9665 5.9701
9.8712 -1.9922 5.9477
9.8783 -2.0189 5.9292
9.8808 -2.0494 5.9225
9.8960 -2.0675 5.8828
9.9102 -2.0858 5.8460
9.9235 -2.1040 5.8110
9.9361 -2.1223 5.7783
9.9482 -2.1403 5.7465
9.9597 -2.1583 5.7165
9.9709 -2.1760 5.6872
9.9816 -2.1936 5.6593
9.9920 -2.2110 5.6321
9.9987 -2.2323 5.6146
9.9903 -2.2722 5.6366
9.9818 -2.3128 5.6589
9.9712 -2.3566 5.6866
9.9623 -2.3988 5.7098
9.9541 -2.4405 5.7312
9.9448 -2.4842 5.7555
9.9349 -2.5292 5.7812
9.9259 -2.5737 5.8048
9.1921 -0.9996 7.5786
9.2243 -1.0504 7.4972
9.2551 -1.0994 7.4191
9.2813 -1.1470 7.3527
9.3053 -1.1934 7.2920
9.3263 -1.2389 7.2387
9.3424 -1.2840 7.1979
9.3323 -1.3334 7.2235
9.3570 -1.3754 7.1610
9.3795 -1.4166 7.1040
9.4378 -1.4462 6.9563
9.5175 -1.4658 6.7544
9.5477 -1.4979 6.6779
9.5730 -1.5300 6.6140
9.5957 -1.5617 6.5564
9.6167 -1.5928 6.5031
9.6365 -1.6233 6.4530
9.6552 -1.6532 6.4056
9.6727 -1.6826 6.3613
9.6894 -1.7115 6.3190
9.7053 -1.7399 6.2787
9.7202 -1.7680 6.2412
9.7324 -1.7969 6.2102
9.7455 -1.8245 6.1769
9.7574 -1.8521 6.1467
9.7673 -1.8806 6.1218
9.7663 -1.9166 6.1243
9.7845 -1.9378 6.0783
9.8012 -1.9592 6.0360
9.8169 -1.9804 5.9960
9.8323 -2.0010 5.9570
9.8465 -2.0219 5.9213
9.8599 -2.0425 5.8872
9.8729 -2.0629 5.8543
9.8853 -2.0830 5.8229
9.8974 -2.1028 5.7922
9.9089 -2.1225 5.7632
9.9201 -2.1418 5.7347
9.9308 -2.1610 5.7075
9.9413 -2.1800 5.6811
9.9513 -2.1987 5.6557
9.9609 -2.2175 5.6314
9.9702 -2.2359 5.6077
9.9647 -2.2722 5.6218
9.9442 -2.3275 5.6736
9.9469 -2.3543 5.6668
9.9171 -2.4235 5.7423
9.9276 -2.4403 5.7156
9.9161 -2.4869 5.7449
9.9080 -2.5291 5.7654
9.1545 -1.0511 7.5353
9.1398 -1.1034 7.5714
9.1713 -1.1527 7.4938
9.2003 -1.2005 7.4227
9.2615 -1.2421 7.2722
9.3602 -1.2741 7.0296
9.3949 -1.3131 6.9445
9.4239 -1.3514 6.8732
9.4506 -1.3887 6.8075
9.4748 -1.4251 6.7480
9.4973 -1.4608 6.6928
9.5192 -1.4953 6.6388
9.5399 -1.5292 6.5880
9.5593 -1.5623 6.5404
9.5777 -1.5948 6.4952
9.5951 -1.6267 6.4525
9.6110 -1.6584 6.4133
9.6257 -1.6898 6.3773
9.6384 -1.7213 6.3460
9.6440 -1.7562 6.3322
9.6551 -1.7875 6.3049
9.6754 -1.8125 6.2549
9.6947 -1.8371 6.2076
9.7121 -1.8619 6.1648
9.7287 -1.8862 6.1240
9.7446 -1.9101 6.0849
9.7598 -1.9337 6.0476
9.7744 -1.9569 6.0116
9.7884 -1.9798 5.9772
9.8024 -2.0018 5.9428
9.8154 -2.0241 5.9110
9.8278 -2.0460 5.8804
9.8398 -2.0676 5.8509
9.8513 -2.0891 5.8227
9.8623 -2.1104 5.7957
9.8727 -2.1317 5.7700
9.8826 -2.1530 5.7459
9.8918 -2.1743 5.7231
9.9092 -2.1863 5.6803
9.9267 -2.1973 5.6375
9.9404 -2.2115 5.6036
9.9445 -2.2362 5.5936
9.9355 -2.2764 5.6157
9.9301 -2.3127 5.6289
9.9209 -2.3541 5.6515
9.9102 -2.3979 5.6778
9.9012 -2.4402 5.7001
9.8915 -2.4839 5.7239
9.8810 -2.5290 5.7496
9.8709 -2.5744 5.7745
9.1665 -1.0496 7.3745
9.2110 -1.0971 7.2682
9.2464 -1.1429 7.1837
9.2784 -1.1872 7.1075
9.3079 -1.2301 7.0371
9.3360 -1.2716 6.9701
9.3618 -1.3120 6.9086
9.3865 -1.3513 6.8497
9.4095 -1.3896 6.7947
9.4307 -1.4271 6.7441
9.4501 -1.4640 6.6978
9.4684 -1.5003 6.6542
9.4844 -1.5363 6.6160
9.4942 -1.5739 6.5925
9.5051 -1.6104 6.5667
9.5293 -1.6406 6.5087
9.5519 -1.6702 6.4549
9.5728 -1.6994 6.4051
9.5928 -1.7279 6.3574
9.6118 -1.7559 6.3120
9.6299 -1.7833 6.2688
9.6473 -1.8102 6.2272
9.6631 -1.8371 6.1894
9.6790 -1.8632 6.1516
9.6941 -1.8889 6.1155
9.7087 -1.9141 6.0807
9.7226 -1.9391 6.0476
9.7358 -1.9638 6.0160
9.7484 -1.9882 5.9860
9.7601 -2.0128 5.9582
9.7705 -2.0378 5.9334
9.7976 -2.0476 5.8685
9.8156 -2.0642 5.8256
9.8317 -2.0816 5.7873
9.8464 -2.0993 5.7521
9.8605 -2.1170 5.7185
9.8739 -2.1345 5.6866
9.8868 -2.1518 5.6557
9.8992 -2.1690 5.6263
9.9112 -2.1858 5.5975
9.9228 -2.2026 5.5700
9.9190 -2.2362 5.5788
9.9098 -2.2764 5.6008
9.9044 -2.3126 5.6137
9.8950 -2.3540 5.6362
9.8843 -2.3975 5.6617
9.8748 -2.4400 5.6845
9.8648 -2.4837 5.7082
9.8541 -2.5289 5.7337
9.0773 -0.9485 7.4561
9.1124 -0.9996 7.3746
9.1441 -1.0490 7.3011
9.1751 -1.0968 7.2292
9.2038 -1.1430 7.1629
9.2304 -1.1880 7.1011
9.2550 -1.2318 7.0440
9.2773 -1.2747 6.9924
9.2965 -1.3170 6.9479
9.2982 -1.3619 6.9439
9.3288 -1.3999 6.8731
9.3575 -1.4367 6.8067
9.3847 -1.4725 6.7436
9.4089 -1.5077 6.6874
9.4327 -1.5418 6.6322
9.4556 -1.5750 6.5793
9.4772 -1.6075 6.5292
9.4979 -1.6392 6.4812
9.5176 -1.6702 6.4354
9.5365 -1.7007 6.3917
9.5546 -1.7304 6.3497
9.5717 -1.7598 6.3101
9.5882 -1.7886 6.2717
9.6036 -1.8171 6.2362
9.6166 -1.8463 6.2060
9.6273 -1.8763 6.1812
9.6654 -1.8875 6.0930
9.6859 -1.9088 6.0454
9.7045 -1.9304 6.0022
9.7221 -1.9518 5.9614
9.7386 -1.9731 5.9233
9.7541 -1.9942 5.8873
9.7692 -2.0149 5.8523
9.7839 -2.0351 5.8182
9.7979 -2.0552 5.7859
9.8115 -2.0749 5.7542
9.8247 -2.0942 5.7236
9.8374 -2.1133 5.6942
9.8498 -2.1320 5.6654
9.8619 -2.1505 5.6375
9.8735 -2.1687 5.6106
9.8848 -2.1866 5.5843
9.8959 -2.2042 5.5587
9.8936 -2.2362 5.5640
9.8842 -2.2764 5.5859
9.8764 -2.3151 5.6038
9.8691 -2.3538 5.6208
9.8500 -2.4073 5.6651
9.8483 -2.4399 5.6689
9.8103 -2.5191 5.7570
9.8226 -2.5347 5.7285
9.8162 -2.5745 5.7433
9.0230 -0.9482 7.4530
9.0522 -0.9996 7.3873
9.0747 -1.0497 7.3365
9.0776 -1.0996 7.3299
9.1169 -1.1466 7.2414
9.1522 -1.1919 7.1620
9.1848 -1.2357 7.0886
9.2154 -1.2782 7.0196
9.2448 -1.3192 6.9533
9.2717 -1.3593 6.8927
9.2973 -1.3982 6.8350
9.3220 -1.4361 6.7795
9.3457 -1.4730 6.7260
9.3668 -1.5094 6.6786
9.3880 -1.5447 6.6307
9.4083 -1.5793 6.5851
9.4273 -1.6132 6.5422
9.4446 -1.6469 6.5032
9.4853 -1.6694 6.4116
9.5114 -1.6966 6.3528
9.5347 -1.7238 6.3004
9.5565 -1.7506 6.2513
9.5770 -1.7769 6.2051
9.5951 -1.8036 6.1642
9.6133 -1.8292 6.1233
9.6315 -1.8539 6.0822
9.6488 -1.8783 6.0433
9.6656 -1.9020 6.0054
9.6818 -1.9254 5.9689
9.6974 -1.9483 5.9338
9.7126 -1.9707 5.8995
9.7265 -1.9934 5.8683
9.7407 -2.0151 5.8364
9.7544 -2.0364 5.8054
9.7676 -2.0575 5.7757
9.7805 -2.0781 5.7466
9.7930 -2.0985 5.7185
9.8050 -2.1186 5.6915
9.8167 -2.1384 5.6651
9.8279 -2.1581 5.6399
9.8387 -2.1776 5.6155
9.8492 -2.1969 5.5918
9.8590 -2.2164 5.5698
9.8681 -2.2361 5.5492
9.8562 -2.2789 5.5762
9.8565 -2.3083 5.5754
9.8400 -2.3573 5.6126
9.8337 -2.3950 5.6266
9.8236 -2.4377 5.6496
9.8106 -2.4845 5.6787
9.8001 -2.5289 5.7025
9.7889 -2.5745 5.7275
9.7780 -2.6205 5.7521
8.9762 -0.9996 7.4322
9.0123 -1.0502 7.3532
9.0459 -1.0991 7.2795
9.0780 -1.1463 7.2093
9.1080 -1.1922 7.1436
9.1364 -1.2367 7.0812
9.1634 -1.2800 7.0223
9.1882 -1.3223 6.9679
9.2122 -1.3635 6.9153
9.2579 -1.3985 6.8152
9.2923 -1.4341 6.7399
9.3210 -1.4695 6.6770
9.3489 -1.5037 6.6160
9.3751 -1.5370 6.5585
9.4000 -1.5695 6.5039
9.4238 -1.6011 6.4519
9.4464 -1.6320 6.4023
9.4682 -1.6621 6.3547
9.4891 -1.6915 6.3089
9.5091 -1.7202 6.2650
9.5286 -1.7483 6.2224
9.5471 -1.7758 6.1819
9.5642 -1.8032 6.1444
9.5814 -1.8296 6.1067
9.5981 -1.8555 6.0701
9.6144 -1.8808 6.0343
9.6301 -1.9056 5.9999
9.6452 -1.9301 5.9669
9.6600 -1.9541 5.9346
9.6738 -1.9780 5.9043
9.6863 -2.0022 5.8769
9.6988 -2.0257 5.8496
9.7107 -2.0491 5.8235
9.7213 -2.0730 5.8003
9.7174 -2.1090 5.8089
9.7332 -2.1275 5.7742
9.7483 -2.1459 5.7412
9.7630 -2.1639 5.7090
9.7771 -2.1817 5.6781
9.7907 -2.1993 5.6483
9.8040 -2.2165 5.6191
9.8170 -2.2334 5.5906
9.8295 -2.2501 5.5633
9.8406 -2.2678 5.5391
9.8306 -2.3084 5.5608
9.8206 -2.3497 5.5828
9.8076 -2.3949 5.6113
9.7972 -2.4376 5.6341
9.7839 -2.4844 5.6631
9.7731 -2.5288 5.6868
9.7617 -2.5745 5.7118
8.9570 -1.0505 7.3523
9.0056 -1.0989 7.2488
9.0468 -1.1455 7.1611
9.0840 -1.1904 7.0819
9.1184 -1.2338 7.0085
9.1507 -1.2758 6.9397
9.1821 -1.3164 6.8729
9.2122 -1.3556 6.8087
9.2409 -1.3937 6.7476
9.2674 -1.4309 6.6911
9.2931 -1.4670 6.6362
9.3176 -1.5021 6.5840
9.3413 -1.5364 6.5337
9.3639 -1.5698 6.4855
9.3856 -1.6024 6.4392
9.4066 -1.6342 6.3945
9.4265 -1.6654 6.3520
9.4459 -1.6959 6.3108
9.4641 -1.7260 6.2720
9.4816 -1.7555 6.2346
9.4979 -1.7847 6.1999
9.5128 -1.8140 6.1682
9.5278 -1.8424 6.1363
9.5271 -1.8795 6.1378
9.5470 -1.9038 6.0954
9.5659 -1.9276 6.0550
9.5843 -1.9510 6.0159
9.6021 -1.9738 5.9779
9.6193 -1.9962 5.9414
9.6359 -2.0182 5.9060
9.6521 -2.0396 5.8714
9.6679 -2.0606 5.8377
9.6832 -2.0812 5.8051
9.6981 -2.1014 5.7735
9.7126 -2.1211 5.7426
9.7268 -2.1405 5.7124
9.7405 -2.1595 5.6830
9.7539 -2.1782 5.6546
9.7670 -2.1965 5.6267
9.7798 -2.2145 5.5994
9.7923 -2.2320 5.5727
9.8044 -2.2494 5.5469
9.8149 -2.2679 5.5245
9.8048 -2.3085 5.5461
9.7945 -2.3498 5.5680
9.7814 -2.3948 5.5960
9.7707 -2.4375 5.6186
9.7572 -2.4843 5.6475
9.7461 -2.5287 5.6711
9.7342 -2.5747 5.6964
8.9119 -0.9996 7.3292
8.9465 -1.0497 7.2574
8.9815 -1.0980 7.1849
9.0148 -1.1447 7.1158
9.0469 -1.1900 7.0493
9.0772 -1.2339 6.9865
9.1065 -1.2765 6.9257
9.1338 -1.3179 6.8690
9.1613 -1.3580 6.8120
9.1875 -1.3971 6.7578
9.2111 -1.4355 6.7088
9.2329 -1.4732 6.6636
9.2556 -1.5097 6.6165
9.2684 -1.5481 6.5900
9.2793 -1.5866 6.5674
9.3050 -1.6191 6.5141
9.3300 -1.6507 6.4623
9.3539 -1.6814 6.4127
9.3769 -1.7114 6.3649
9.3993 -1.7406 6.3185
9.4209 -1.7691 6.2738
9.4417 -1.7969 6.2306
9.4620 -1.8240 6.1885
9.4818 -1.8504 6.1476
9.5026 -1.8752 6.1044
9.5211 -1.9005 6.0661
9.5390 -1.9251 6.0288
9.5566 -1.9492 5.9925
9.5734 -1.9728 5.9575
9.5899 -1.9960 5.9234
9.6060 -2.0186 5.8900
9.6221 -2.0403 5.8565
9.6374 -2.0620 5.8248
9.6522 -2.0833 5.7942
9.6667 -2.1041 5.7642
9.6808 -2.1246 5.7349
9.6947 -2.1445 5.7062
9.7080 -2.1643 5.6785
9.7210 -2.1838 5.6516
9.7337 -2.2028 5.6251
9.7462 -2.2215 5.5992
9.7583 -2.2399 5.5741
9.7700 -2.2582 5.5499
9.7815 -2.2762 5.5261
9.7789 -2.3086 5.5314
9.7660 -2.3525 5.5582
9.7551 -2.3948 5.5809
9.7200 -2.4653 5.6537
9.7307 -2.4840 5.6314
9.7167 -2.5317 5.6605
9.7070 -2.5746 5.6805
9.6954 -2.6206 5.7046
8.8444 -0.9996 7.3511
8.8749 -1.0503 7.2895
8.9025 -1.0997 7.2338
8.9126 -1.1490 7.2134
8.9497 -1.1953 7.1385
8.9854 -1.2400 7.0665
9.0194 -1.2832 6.9979
9.0519 -1.3250 6.9321
9.0827 -1.3656 6.8701
9.1123 -1.4050 6.8102
9.1409 -1.4432 6.7525
9.1687 -1.4803 6.6963
9.1959 -1.5162 6.6415
9.2226 -1.5510 6.5876
9.2476 -1.5850 6.5371
9.2719 -1.6182 6.4881
9.2955 -1.6504 6.4405
9.3183 -1.6818 6.3944
9.3403 -1.7125 6.3501
9.3617 -1.7424 6.3069
9.3825 -1.7715 6.2648
9.4025 -1.8001 6.2244
9.4220 -1.8280 6.1852
9.4409 -1.8553 6.1469
9.4613 -1.8808 6.1058
9.4788 -1.9070 6.0704
9.4960 -1.9327 6.0357
9.5127 -1.9578 6.0019
9.5285 -1.9827 5.9700
9.5439 -2.0072 5.9390
9.5587 -2.0314 5.9092
9.5722 -2.0558 5.8819
9.5877 -2.0779 5.8505
9.5975 -2.1039 5.8307
9.5966 -2.1381 5.8326
9.6126 -2.1582 5.8003
9.6283 -2.1779 5.7687
9.6434 -2.1973 5.7381
9.6581 -2.2163 5.7084
9.6725 -2.2349 5.6793
9.6866 -2.2531 5.6509
9.7004 -2.2709 5.6230
9.7138 -2.2885 5.5959
9.7269 -2.3058 5.5696
9.7397 -2.3228 5.5438
9.7401 -2.3524 5.5430
9.7288 -2.3948 5.5656
9.7085 -2.4479 5.6066
9.7039 -2.4840 5.6160
9.6922 -2.5285 5.6395
9.6798 -2.5745 5.6645
9.6680 -2.6205 5.6885
8.7981 -1.0511 7.3288
8.8369 -1.1008 7.2525
8.8742 -1.1487 7.1791
8.9088 -1.1952 7.1112
8.9420 -1.2402 7.0459
8.9741 -1.2838 6.9827
9.0050 -1.3261 6.9221
9.0342 -1.3673 6.8647
9.0623 -1.4073 6.8094
9.0882 -1.4466 6.7585
9.1137 -1.4847 6.7082
9.1388 -1.5218 6.6590
9.1610 -1.5585 6.6153
9.1824 -1.5945 6.5732
9.1840 -1.6365 6.5702
9.2104 -1.6690 6.5182
9.2359 -1.7007 6.4681
9.2606 -1.7316 6.4194
9.2845 -1.7616 6.3724
9.3076 -1.7909 6.3272
9.3300 -1.8195 6.2831
9.3518 -1.8473 6.2402
9.3729 -1.8745 6.1986
9.3933 -1.9011 6.1585
9.4137 -1.9267 6.1184
9.4332 -1.9520 6.0802
9.4521 -1.9766 6.0429
9.4706 -2.0007 6.0066
9.4887 -2.0242 5.9711
9.5061 -2.0473 5.9368
9.5530 -2.0483 5.8446
9.5739 -2.0665 5.8035
9.5933 -2.0849 5.7654
9.6113 -2.1034 5.7299
9.6285 -2.1218 5.6962
9.6452 -2.1398 5.6634
9.6611 -2.1578 5.6322
9.6764 -2.1754 5.6019
9.6915 -2.1926 5.5724
9.7062 -2.2095 5.5435
9.7203 -2.2262 5.5157
9.7340 -2.2426 5.4887
9.7376 -2.2686 5.4817
9.7269 -2.3092 5.5028
9.7141 -2.3524 5.5279
9.7026 -2.3947 5.5504
9.6827 -2.4469 5.5896
9.6771 -2.4840 5.6005
9.6652 -2.5285 5.6240
8.7353 -1.1034 7.3380
8.7747 -1.1526 7.2624
8.8123 -1.2001 7.1905
8.8488 -1.2461 7.1205
8.8841 -1.2905 7.0529
8.9183 -1.3335 6.9875
8.9509 -1.3753 6.9250
8.9820 -1.4158 6.8655
9.0131 -1.4549 6.8059
9.0431 -1.4929 6.7483
9.0718 -1.5298 6.6933
9.0995 -1.5658 6.6403
9.1280 -1.6002 6.5857
9.1539 -1.6342 6.5362
9.2158 -1.6537 6.4174
9.2454 -1.6831 6.3609
9.2721 -1.7123 6.3097
9.2979 -1.7407 6.2602
9.3225 -1.7684 6.2131
9.3461 -1.7955 6.1680
9.3689 -1.8219 6.1241
9.3919 -1.8471 6.0802
9.4149 -1.8714 6.0362
9.4355 -1.8959 5.9967
9.4556 -1.9197 5.9582
9.4749 -1.9432 5.9212
9.4937 -1.9661 5.8852
9.5120 -1.9884 5.8501
9.5299 -2.0102 5.8158
9.5479 -2.0311 5.7813
9.5650 -2.0519 5.7487
9.5814 -2.0723 5.7171
9.5975 -2.0923 5.6863
9.6132 -2.1118 5.6562
9.6286 -2.1309 5.6267
9.6437 -2.1495 5.5979
9.6584 -2.1678 5.5697
9.6728 -2.1857 5.5421
9.6867 -2.2033 5.5154
9.7004 -2.2206 5.4893
9.7138 -2.2375 5.4636
9.7122 -2.2685 5.4667
9.7012 -2.3090 5.4876
9.6817 -2.3589 5.5251
9.6341 -2.4393 5.6162
9.6467 -2.4569 5.5920
9.6503 -2.4840 5.5851
9.6335 -2.5338 5.6174
9.6258 -2.5740 5.6321
9.6134 -2.6199 5.6558
8.7004 -1.0513 7.2934
8.7481 -1.1008 7.2042
8.7922 -1.1484 7.1219
8.8321 -1.1945 7.0474
8.8705 -1.2389 6.9757
8.9069 -1.2818 6.9077
8.9420 -1.3233 6.8422
8.9751 -1.3636 6.7804
9.0069 -1.4027 6.7211
9.0373 -1.4406 6.6643
9.0677 -1.4772 6.6076
9.0978 -1.5125 6.5513
9.1261 -1.5470 6.4985
9.1535 -1.5805 6.4474
9.1801 -1.6130 6.3977
9.2059 -1.6446 6.3494
9.2310 -1.6753 6.3025
9.2553 -1.7052 6.2572
9.2789 -1.7344 6.2132
9.3018 -1.7628 6.1705
9.3241 -1.7904 6.1289
9.3458 -1.8173 6.0883
9.3681 -1.8430 6.0466
9.3890 -1.8683 6.0076
9.4089 -1.8934 5.9704
9.4283 -1.9178 5.9342
9.4473 -1.9416 5.8988
9.4658 -1.9648 5.8642
9.4839 -1.9875 5.8305
9.5015 -2.0097 5.7976
9.5195 -2.0308 5.7640
9.5361 -2.0521 5.7329
9.5525 -2.0729 5.7024
9.5684 -2.0932 5.6726
9.5840 -2.1131 5.6435
9.5993 -2.1326 5.6150
9.6142 -2.1516 5.5871
9.6289 -2.1703 5.5598
9.6432 -2.1885 5.5330
9.6571 -2.2065 5.5070
9.6707 -2.2241 5.4816
9.6840 -2.2414 5.4567
9.6868 -2.2684 5.4517
9.6756 -2.3089 5.4725
9.6608 -2.3536 5.5002
9.6492 -2.3956 5.5217
9.6234 -2.4532 5.5699
9.6232 -2.4844 5.5703
9.6080 -2.5321 5.5987
9.5986 -2.5738 5.6161
9.5860 -2.6197 5.6397
8.6836 -1.0507 7.2165
8.7259 -1.0999 7.1396
8.7649 -1.1474 7.0687
8.8023 -1.1934 7.0005
8.8385 -1.2378 6.9345
8.8736 -1.2808 6.8708
8.9072 -1.3225 6.8095
8.9396 -1.3629 6.7505
8.9699 -1.4023 6.6954
8.9994 -1.4406 6.6417
9.0291 -1.4774 6.5876
9.0571 -1.5135 6.5366
9.0847 -1.5484 6.4864
9.1117 -1.5823 6.4372
9.1380 -1.6152 6.3894
9.1635 -1.6472 6.3430
9.1883 -1.6784 6.2977
9.2124 -1.7088 6.2540
9.2357 -1.7384 6.2116
9.2583 -1.7673 6.1703
9.2804 -1.7955 6.1301
9.3020 -1.8229 6.0908
9.3230 -1.8497 6.0525
9.3434 -1.8759 6.0155
9.3631 -1.9015 5.9796
9.3823 -1.9266 5.9446
9.4011 -1.9511 5.9104
9.4194 -1.9750 5.8770
9.4371 -1.9985 5.8448
9.4542 -2.0217 5.8138
9.4711 -2.0442 5.7830
9.4890 -2.0653 5.7504
9.5050 -2.0869 5.7213
9.5206 -2.1082 5.6929
9.5351 -2.1296 5.6664
9.5491 -2.1508 5.6410
9.5628 -2.1716 5.6161
9.5495 -2.2144 5.6403
9.5649 -2.2331 5.6122
9.5800 -2.2514 5.5848
9.5948 -2.2694 5.5579
9.6092 -2.2870 5.5315
9.6234 -2.3042 5.5057
9.6373 -2.3210 5.4804
9.6347 -2.3536 5.4852
9.6229 -2.3956 5.5066
9.6043 -2.4453 5.5405
9.5964 -2.4844 5.5549
9.5839 -2.5288 5.5776
9.5715 -2.5736 5.6001
8.5804 -1.1043 7.2957
8.6222 -1.1539 7.2216
8.6654 -1.2016 7.1449
8.7036 -1.2479 7.0771
8.7410 -1.2927 7.0106
8.7773 -1.3361 6.9462
8.8124 -1.3781 6.8839
8.8459 -1.4189 6.8243
8.8784 -1.4584 6.7667
8.9098 -1.4969 6.7109
8.9404 -1.5341 6.6565
8.9706 -1.5702 6.6030
9.0011 -1.6048 6.5488
9.0295 -1.6389 6.4984
9.0571 -1.6719 6.4495
9.0839 -1.7041 6.4018
9.1100 -1.7354 6.3555
9.1354 -1.7658 6.3104
9.1601 -1.7954 6.2666
9.1841 -1.8243 6.2238
9.2076 -1.8524 6.1822
9.2304 -1.8798 6.1416
9.2527 -1.9065 6.1021
9.2761 -1.9317 6.0606
9.2982 -1.9565 6.0214
9.3188 -1.9813 5.9847
9.3390 -2.0054 5.9490
9.3586 -2.0290 5.9140
9.3778 -2.0521 5.8799
9.3966 -2.0746 5.8466
9.4149 -2.0966 5.8141
9.4332 -2.1178 5.7816
9.4507 -2.1388 5.7505
9.4679 -2.1593 5.7201
9.4846 -2.1794 5.6903
9.5010 -2.1991 5.6612
9.5171 -2.2183 5.6327
9.5328 -2.2371 5.6049
9.5481 -2.2555 5.5776
9.5632 -2.2736 5.5508
9.5779 -2.2913 5.5247
9.5924 -2.3086 5.4990
9.6065 -2.3256 5.4739
9.6086 -2.3536 5.4701
9.5967 -2.3956 5.4914
9.5750 -2.4480 5.5298
9.5696 -2.4844 5.5394
9.5569 -2.5288 5.5620
9.5444 -2.5734 5.5841
8.5052 -0.8937 7.3213
8.5495 -0.9476 7.2446
8.5867 -0.9996 7.1803
8.6289 -1.0500 7.1072
8.6683 -1.0986 7.0389
8.7063 -1.1457 6.9730
8.7431 -1.1913 6.9093
8.7810 -1.2352 6.8437
8.8159 -1.2778 6.7832
8.8503 -1.3191 6.7236
8.8816 -1.3594 6.6693
8.9118 -1.3986 6.6171
8.8808 -1.4495 6.6708
8.9130 -1.4870 6.6150
8.9437 -1.5235 6.5618
8.9757 -1.5583 6.5064
9.0046 -1.5927 6.4563
9.0327 -1.6261 6.4077
9.0600 -1.6586 6.3603
9.0866 -1.6902 6.3143
9.1124 -1.7209 6.2695
9.1376 -1.7508 6.2260
9.1621 -1.7800 6.1835
9.1859 -1.8083 6.1422
9.2092 -1.8360 6.1019
9.2318 -1.8630 6.0627
9.2545 -1.8889 6.0234
9.2767 -1.9142 5.9850
9.2977 -1.9392 5.9486
9.3182 -1.9636 5.9131
9.3382 -1.9874 5.8784
9.3577 -2.0107 5.8446
9.3768 -2.0334 5.8115
9.3955 -2.0555 5.7792
9.4126 -2.0780 5.7495
9.4304 -2.0992 5.7187
9.4478 -2.1200 5.6886
9.4648 -2.1403 5.6592
9.4814 -2.1602 5.6304
9.4976 -2.1797 5.6022
9.5136 -2.1987 5.5746
9.5292 -2.2174 5.5476
9.5444 -2.2356 5.5212
9.5594 -2.2535 5.4953
9.5740 -2.2710 5.4699
9.5884 -2.2882 5.4450
9.5959 -2.3111 5.4319
9.5839 -2.3524 5.4528
9.5709 -2.3951 5.4752
9.5585 -2.4378 5.4968
9.5380 -2.4893 5.5323
9.5275 -2.5312 5.5504
9.5173 -2.5733 5.5681
9.5041 -2.6191 5.5910
8.4805 -0.8946 7.2592
8.5263 -0.9480 7.1818
8.5697 -0.9996 7.1084
8.6128 -1.0494 7.0356
8.6543 -1.0974 6.9653
8.6944 -1.1438 6.8975
8.7332 -1.1886 6.8319
8.7710 -1.2320 6.7680
8.8087 -1.2737 6.7042
8.8446 -1.3142 6.6437
8.8783 -1.3535 6.5867
8.9110 -1.3916 6.5314
8.9427 -1.4285 6.4778
8.9734 -1.4643 6.4259
9.0031 -1.4992 6.3757
9.0319 -1.5330 6.3270
9.0598 -1.5659 6.2798
9.0870 -1.5978 6.2339
9.1134 -1.6289 6.1892
9.1391 -1.6591 6.1458
9.1641 -1.6885 6.1036
9.1871 -1.7177 6.0647
9.2094 -1.7462 6.0269
9.2323 -1.7734 5.9881
9.2547 -1.8000 5.9503
9.2765 -1.8260 5.9134
9.2978 -1.8513 5.8775
9.3185 -1.8759 5.8424
9.3384 -1.9002 5.8087
9.3579 -1.9238 5.7758
9.3772 -1.9468 5.7432
9.3960 -1.9693 5.7115
9.4142 -1.9913 5.6806
9.4321 -2.0128 5.6504
9.4495 -2.0339 5.6209
9.4666 -2.0545 5.5921
9.4833 -2.0746 5.5639
9.4996 -2.0943 5.5362
9.5156 -2.1136 5.5092
9.5313 -2.1324 5.4827
9.5252 -2.1678 5.4929
9.5120 -2.2093 5.5153
9.5275 -2.2274 5.4891
9.5427 -2.2451 5.4634
9.5576 -2.2624 5.4382
9.5722 -2.2794 5.4136
9.5701 -2.3111 5.4171
9.5578 -2.3525 5.4379
9.5447 -2.3951 5.4601
9.5320 -2.4379 5.4815
9.4815 -2.5190 5.5669
9.4962 -2.5356 5.5420
9.4902 -2.5731 5.5521
9.4768 -2.6189 5.5748
8.4926 -1.0509 7.1379
8.5708 -1.0991 7.0088
8.6215 -1.1457 6.9251
8.6669 -1.1907 6.8502
8.7080 -1.2343 6.7823
8.7503 -1.2760 6.7125
8.7905 -1.3163 6.6463
8.8274 -1.3555 6.5853
8.8650 -1.3931 6.5234
8.8988 -1.4299 6.4675
8.9316 -1.4655 6.4133
8.9634 -1.5001 6.3609
8.9939 -1.5336 6.3105
9.0234 -1.5663 6.2618
9.0521 -1.5979 6.2145
9.0799 -1.6287 6.1686
9.1070 -1.6586 6.1239
9.1332 -1.6877 6.0807
9.1576 -1.7164 6.0404
9.1819 -1.7442 6.0003
9.2059 -1.7711 5.9607
9.2292 -1.7973 5.9221
9.2520 -1.8228 5.8845
9.2740 -1.8478 5.8482
9.2955 -1.8722 5.8128
9.3155 -1.8964 5.7798
9.3359 -1.9196 5.7461
9.3559 -1.9423 5.7132
9.3753 -1.9644 5.6810
9.3944 -1.9860 5.6496
9.4129 -2.0070 5.6190
9.4311 -2.0276 5.5891
9.4487 -2.0479 5.5600
9.4659 -2.0677 5.5316
9.4827 -2.0870 5.5038
9.4992 -2.1059 5.4767
9.5106 -2.1280 5.4578
9.4985 -2.1679 5.4778
9.4862 -2.2085 5.4981
9.4990 -2.2290 5.4770
9.5147 -2.2465 5.4510
9.5302 -2.2636 5.4255
9.5453 -2.2804 5.4006
9.5442 -2.3112 5.4023
9.5317 -2.3525 5.4230
9.5184 -2.3951 5.4450
9.5055 -2.4379 5.4663
9.4412 -2.5316 5.5722
9.4558 -2.5489 5.5482
9.4613 -2.5748 5.5391
8.4505 -1.0509 7.1084
8.4996 -1.1002 7.0293
8.5437 -1.1479 6.9582
8.5859 -1.1939 6.8902
8.6263 -1.2384 6.8252
8.6650 -1.2815 6.7626
8.7026 -1.3232 6.7021
8.7378 -1.3637 6.6453
8.7722 -1.4030 6.5900
8.8055 -1.4411 6.5362
8.8382 -1.4781 6.4836
8.8714 -1.5135 6.4301
8.9022 -1.5483 6.3805
8.9316 -1.5822 6.3330
8.9603 -1.6152 6.2868
8.9882 -1.6473 6.2419
9.0152 -1.6785 6.1983
9.0413 -1.7090 6.1564
9.0666 -1.7387 6.1155
9.1247 -1.7542 6.0219
9.1533 -1.7799 5.9758
9.1796 -1.8054 5.9334
9.2051 -1.8302 5.8923
9.2296 -1.8545 5.8528
9.2530 -1.8783 5.8151
9.2758 -1.9016 5.7784
9.2966 -1.9249 5.7448
9.3182 -1.9470 5.7100
9.3389 -1.9688 5.6766
9.3591 -1.9900 5.6441
9.3788 -2.0107 5.6123
9.3981 -2.0310 5.5813
9.4169 -2.0507 5.5510
9.4351 -2.0701 5.5217
9.4528 -2.0892 5.4932
9.4700 -2.1078 5.4654
9.4841 -2.1281 5.4427
9.4718 -2.1680 5.4626
9.4592 -2.2086 5.4828
9.4478 -2.2488 5.5012
9.4674 -2.2639 5.4697
9.4859 -2.2790 5.4397
9.5029 -2.2948 5.4124
9.5183 -2.3112 5.3875
9.5035 -2.3545 5.4114
9.4915 -2.3957 5.4308
9.4752 -2.4415 5.4571
9.4637 -2.4832 5.4755
9.4444 -2.5331 5.5066
9.4343 -2.5745 5.5229
9.4203 -2.6204 5.5455
8.3856 -1.1030 7.1149
8.4304 -1.1520 7.0444
8.4734 -1.1995 6.9768
8.5137 -1.2454 6.9133
8.5528 -1.2900 6.8518
8.6313 -1.3275 6.7282
8.6764 -1.3672 6.6572
8.7158 -1.4061 6.5952
8.7525 -1.4441 6.5374
8.7893 -1.4805 6.4795
8.8248 -1.5158 6.4237
8.8591 -1.5500 6.3697
8.8916 -1.5833 6.3186
8.9228 -1.6158 6.2694
8.9531 -1.6473 6.2217
8.9822 -1.6780 6.1760
9.0102 -1.7079 6.1318
9.0375 -1.7370 6.0888
9.0640 -1.7653 6.0471
9.0895 -1.7930 6.0070
9.1143 -1.8200 5.9680
9.1397 -1.8457 5.9280
9.1641 -1.8709 5.8895
9.1867 -1.8961 5.8540
9.2088 -1.9206 5.8193
9.2303 -1.9445 5.7854
9.2513 -1.9679 5.7524
9.2715 -1.9908 5.7205
9.2913 -2.0133 5.6894
9.3104 -2.0354 5.6594
9.3292 -2.0569 5.6297
9.3476 -2.0779 5.6008
9.3653 -2.0987 5.5728
9.3827 -2.1190 5.5454
9.3998 -2.1388 5.5186
9.4164 -2.1583 5.4924
9.4450 -2.1681 5.4474
9.4484 -2.1962 5.4421
9.4638 -2.2147 5.4178
9.4789 -2.2329 5.3941
9.4937 -2.2506 5.3708
9.5042 -2.2715 5.3542
9.4914 -2.3122 5.3744
9.4784 -2.3536 5.3948
9.4652 -2.3957 5.4156
9.4504 -2.4398 5.4389
9.4369 -2.4832 5.4601
9.4232 -2.5274 5.4817
9.4073 -2.5742 5.5067
9.3931 -2.6201 5.5291
8.3454 -0.9996 7.0822
8.3907 -1.0503 7.0125
8.4313 -1.0995 6.9501
8.4734 -1.1470 6.8853
8.5128 -1.1930 6.8247
8.5508 -1.2377 6.7662
8.5866 -1.2811 6.7111
8.6212 -1.3234 6.6580
8.6543 -1.3645 6.6070
8.6830 -1.4050 6.5630
8.7053 -1.4457 6.5286
8.6994 -1.4916 6.5378
8.7333 -1.5284 6.4856
8.7658 -1.5643 6.4355
8.7965 -1.5994 6.3883
8.8273 -1.6332 6.3410
8.8570 -1.6662 6.2953
8.8856 -1.6985 6.2514
8.9134 -1.7298 6.2086
8.9403 -1.7605 6.1673
9.0041 -1.7757 6.0691
9.0366 -1.8012 6.0192
9.0661 -1.8268 5.9738
9.0937 -1.8521 5.9314
9.1231 -1.8754 5.8862
9.1481 -1.8997 5.8477
9.1725 -1.9234 5.8102
9.1957 -1.9468 5.7745
9.2183 -1.9696 5.7398
9.2403 -1.9918 5.7059
9.2615 -2.0136 5.6732
9.2825 -2.0348 5.6410
9.3025 -2.0557 5.6102
9.3222 -2.0761 5.5800
9.3410 -2.0962 5.5510
9.3595 -2.1159 5.5227
9.3775 -2.1352 5.4949
9.3951 -2.1541 5.4678
9.4123 -2.1726 5.4413
9.4290 -2.1908 5.4158
9.4453 -2.2087 5.3907
9.4612 -2.2262 5.3662
9.4768 -2.2434 5.3421
9.4784 -2.2716 5.3397
9.4654 -2.3124 5.3597
9.4524 -2.3535 5.3797
9.4390 -2.3956 5.4004
9.4166 -2.4464 5.4347
9.4101 -2.4832 5.4447
9.3773 -2.5454 5.4952
9.3804 -2.5739 5.4905
8.3381 -1.0505 7.0001
8.3844 -1.0996 6.9305
8.4326 -1.1469 6.8580
8.4780 -1.1925 6.7899
8.5209 -1.2366 6.7254
8.5620 -1.2793 6.6636
8.6014 -1.3206 6.6044
8.6397 -1.3607 6.5469
8.6756 -1.3996 6.4929
8.7102 -1.4374 6.4409
8.7429 -1.4743 6.3917
8.7726 -1.5107 6.3471
8.8028 -1.5458 6.3018
8.8320 -1.5799 6.2578
8.8600 -1.6134 6.2158
8.8868 -1.6461 6.1755
8.9125 -1.6782 6.1370
8.9368 -1.7097 6.1004
8.9594 -1.7409 6.0664
8.9800 -1.7721 6.0355
8.9638 -1.8172 6.0598
8.9903 -1.8450 6.0200
9.0160 -1.8721 5.9813
9.0411 -1.8985 5.9437
9.0659 -1.9241 5.9064
9.0893 -1.9494 5.8712
9.1121 -1.9742 5.8369
9.1344 -1.9984 5.8034
9.1560 -2.0221 5.7709
9.1769 -2.0454 5.7396
9.1973 -2.0681 5.7090
9.2555 -2.0670 5.6215
9.2791 -2.0855 5.5860
9.3006 -2.1043 5.5536
9.3216 -2.1228 5.5220
9.3416 -2.1411 5.4920
9.3609 -2.1592 5.4631
9.3797 -2.1768 5.4348
9.3979 -2.1943 5.4075
9.4154 -2.2115 5.3811
9.4326 -2.2284 5.3554
9.4493 -2.2448 5.3301
9.4526 -2.2718 5.3252
9.4394 -2.3125 5.3451
9.4289 -2.3513 5.3608
9.3446 -2.4555 5.4876
9.3602 -2.4732 5.4641
9.3754 -2.4905 5.4412
9.3683 -2.5283 5.4520
9.3532 -2.5739 5.4746
8.2703 -1.0509 7.0095
8.3098 -1.1008 6.9515
8.3464 -1.1493 6.8977
8.3789 -1.1968 6.8500
8.3814 -1.2459 6.8463
8.4254 -1.2901 6.7817
8.5213 -1.3259 6.6408
8.5789 -1.3639 6.5563
8.6257 -1.4015 6.4875
8.6672 -1.4384 6.4266
8.7049 -1.4745 6.3711
8.7394 -1.5098 6.3204
8.7734 -1.5441 6.2705
8.8061 -1.5773 6.2225
8.8374 -1.6098 6.1765
8.8675 -1.6414 6.1323
8.8966 -1.6722 6.0895
8.9244 -1.7023 6.0487
8.9515 -1.7317 6.0089
8.9775 -1.7604 5.9707
9.0026 -1.7886 5.9339
9.0270 -1.8160 5.8980
9.0496 -1.8434 5.8648
9.0713 -1.8702 5.8329
9.0935 -1.8961 5.8003
9.1145 -1.9217 5.7694
9.1350 -1.9467 5.7393
9.1547 -1.9714 5.7105
9.1734 -1.9960 5.6830
9.1912 -2.0202 5.6568
9.2077 -2.0446 5.6325
9.2251 -2.0678 5.6069
9.2340 -2.0957 5.5939
9.2318 -2.1304 5.5972
9.2514 -2.1507 5.5684
9.2706 -2.1706 5.5401
9.2893 -2.1901 5.5127
9.3073 -2.2094 5.4862
9.3250 -2.2283 5.4602
9.3423 -2.2468 5.4348
9.3591 -2.2649 5.4101
9.3754 -2.2829 5.3862
9.4200 -2.2774 5.3207
9.4070 -2.3179 5.3398
9.4028 -2.3514 5.3459
9.3889 -2.3935 5.3664
9.3706 -2.4399 5.3932
9.3517 -2.4877 5.4211
9.3413 -2.5282 5.4363
9.3260 -2.5738 5.4588
8.2452 -1.0506 6.9560
8.2908 -1.0999 6.8906
8.3364 -1.1475 6.8250
8.3801 -1.1935 6.7623
8.4218 -1.2382 6.7024
8.4612 -1.2815 6.6459
8.4991 -1.3236 6.5914
8.5359 -1.3644 6.5386
8.5696 -1.4044 6.4901
8.6011 -1.4436 6.4450
8.6304 -1.4820 6.4028
8.6567 -1.5200 6.3651
8.6442 -1.5664 6.3830
8.6773 -1.6014 6.3355
8.7797 -1.6160 6.1884
8.8178 -1.6458 6.1337
8.8525 -1.6753 6.0839
8.8846 -1.7043 6.0378
8.9154 -1.7326 5.9935
8.9445 -1.7605 5.9518
8.9727 -1.7875 5.9113
8.9994 -1.8142 5.8729
9.0237 -1.8409 5.8381
9.0480 -1.8666 5.8031
9.0721 -1.8916 5.7685
9.0956 -1.9160 5.7347
9.1183 -1.9399 5.7021
9.1402 -1.9634 5.6707
9.1616 -1.9863 5.6400
9.1822 -2.0089 5.6104
9.2026 -2.0308 5.5811
9.2221 -2.0526 5.5531
9.2411 -2.0738 5.5258
9.2593 -2.0949 5.4997
9.2771 -2.1156 5.4741
9.2945 -2.1359 5.4492
9.3110 -2.1562 5.4255
9.3272 -2.1760 5.4022
9.3428 -2.1957 5.3797
9.3577 -2.2154 5.3583
9.3723 -2.2347 5.3374
9.3856 -2.2545 5.3183
9.3983 -2.2743 5.3001
9.3980 -2.3042 5.3005
9.3767 -2.3515 5.3311
9.3625 -2.3936 5.3515
9.3459 -2.4384 5.3753
9.3310 -2.4822 5.3967
9.3143 -2.5282 5.4207
8.1678 -1.1028 6.9772
8.2470 -1.1500 6.8660
8.3196 -1.1949 6.7641
8.3720 -1.2389 6.6904
8.4195 -1.2816 6.6238
8.4636 -1.3230 6.5619
8.5061 -1.3630 6.5021
8.5466 -1.4018 6.4452
8.5844 -1.4396 6.3922
8.6200 -1.4765 6.3422
8.6527 -1.5127 6.2963
8.6845 -1.5479 6.2517
8.7157 -1.5822 6.2079
8.7451 -1.6157 6.1665
8.7737 -1.6484 6.1263
8.8005 -1.6807 6.0887
8.8262 -1.7123 6.0526
8.8502 -1.7436 6.0189
8.8721 -1.7748 5.9882
8.8902 -1.8066 5.9627
8.8809 -1.8488 5.9758
8.9735 -1.8486 5.8457
9.0009 -1.8735 5.8072
9.0299 -1.8967 5.7665
9.0573 -1.9197 5.7281
9.0830 -1.9424 5.6920
9.1077 -1.9647 5.6573
9.1313 -1.9867 5.6242
9.1542 -2.0082 5.5919
9.1758 -2.0297 5.5616
9.1971 -2.0505 5.5317
9.2179 -2.0708 5.5025
9.2378 -2.0910 5.4746
9.2572 -2.1107 5.4474
9.2761 -2.1300 5.4208
9.2943 -2.1492 5.3952
9.3120 -2.1680 5.3703
9.3294 -2.1864 5.3460
9.3462 -2.2046 5.3224
9.3625 -2.2226 5.2995
9.3784 -2.2402 5.2771
9.3861 -2.2637 5.2664
9.3722 -2.3042 5.2858
9.3506 -2.3516 5.3162
9.3361 -2.3937 5.3365
9.3196 -2.4382 5.3597
9.3045 -2.4820 5.3809
9.2798 -2.5349 5.4156
9.2704 -2.5747 5.4287
9.2550 -2.6206 5.4504
8.1207 -0.9996 6.9548
8.1647 -1.0504 6.8943
8.2034 -1.0999 6.8412
8.2353 -1.1483 6.7974
8.2273 -1.1985 6.8083
8.2738 -1.2440 6.7446
8.3174 -1.2882 6.6846
8.3588 -1.3311 6.6278
8.3975 -1.3729 6.5746
8.4332 -1.4139 6.5256
8.5224 -1.4439 6.4030
8.5699 -1.4790 6.3378
8.6108 -1.5137 6.2817
8.6484 -1.5478 6.2300
8.6843 -1.5810 6.1806
8.7180 -1.6134 6.1344
8.7505 -1.6450 6.0897
8.7813 -1.6760 6.0474
8.8111 -1.7062 6.0065
8.8394 -1.7358 5.9676
8.8669 -1.7647 5.9298
8.8930 -1.7931 5.8940
8.9184 -1.8208 5.8590
8.9425 -1.8482 5.8260
8.9638 -1.8759 5.7967
8.9862 -1.9024 5.7659
9.0077 -1.9285 5.7364
9.0280 -1.9544 5.7085
9.0475 -1.9800 5.6818
9.0647 -2.0060 5.6581
9.0790 -2.0330 5.6385
9.1262 -2.0412 5.5736
9.1523 -2.0599 5.5378
9.1776 -2.0781 5.5031
9.2010 -2.0964 5.4709
9.2231 -2.1149 5.4406
9.2443 -2.1330 5.4114
9.2646 -2.1510 5.3835
9.2841 -2.1688 5.3567
9.3032 -2.1863 5.3305
9.3214 -2.2036 5.3055
9.3392 -2.2207 5.2811
9.3566 -2.2374 5.2572
9.3605 -2.2638 5.2518
9.3464 -2.3043 5.2711
9.3285 -2.3484 5.2957
9.3137 -2.3906 5.3161
9.2933 -2.4380 5.3441
9.2780 -2.4818 5.3652
9.2572 -2.5309 5.3936
9.2431 -2.5747 5.4130
9.2274 -2.6206 5.4346
8.0837 -0.9996 6.9186
8.1401 -1.0501 6.8429
8.1916 -1.0988 6.7737
8.2384 -1.1459 6.7107
8.2823 -1.1916 6.6517
8.3233 -1.2359 6.5966
8.3615 -1.2792 6.5454
8.3961 -1.3215 6.4988
8.4288 -1.3628 6.4549
8.4588 -1.4035 6.4146
8.4755 -1.4454 6.3922
8.4805 -1.4890 6.3854
8.5178 -1.5256 6.3353
8.5542 -1.5610 6.2863
8.5883 -1.5958 6.2406
8.6201 -1.6300 6.1978
8.6876 -1.6529 6.1072
8.7311 -1.6807 6.0487
8.7677 -1.7091 5.9995
8.8011 -1.7374 5.9546
8.8327 -1.7650 5.9122
8.8628 -1.7921 5.8717
8.8912 -1.8188 5.8336
8.9180 -1.8452 5.7975
8.9422 -1.8717 5.7650
8.9675 -1.8969 5.7309
8.9919 -1.9215 5.6982
9.0154 -1.9458 5.6666
9.0382 -1.9696 5.6360
9.0599 -1.9931 5.6068
9.0812 -2.0161 5.5782
9.1019 -2.0387 5.5504
9.1216 -2.0610 5.5240
9.1408 -2.0830 5.4982
9.1589 -2.1050 5.4738
9.1766 -2.1265 5.4500
9.1931 -2.1482 5.4278
9.2092 -2.1697 5.4063
9.2234 -2.1917 5.3871
9.2552 -2.2012 5.3444
9.2801 -2.2144 5.3110
9.3019 -2.2290 5.2816
9.3220 -2.2441 5.2547
9.3350 -2.2638 5.2372
9.3207 -2.3044 5.2564
9.3025 -2.3484 5.2808
9.2875 -2.3906 5.3011
9.2543 -2.4484 5.3457
9.2485 -2.4841 5.3534
9.2330 -2.5284 5.3742
9.2158 -2.5748 5.3973
8.0322 -1.1028 6.9020
8.1784 -1.1468 6.7098
8.2364 -1.1919 6.6334
8.2876 -1.2355 6.5661
8.3345 -1.2778 6.5045
8.3771 -1.3189 6.4485
8.4181 -1.3588 6.3946
8.4570 -1.3977 6.3434
8.4938 -1.4355 6.2950
8.5287 -1.4724 6.2491
8.5628 -1.5083 6.2043
8.5931 -1.5438 6.1645
8.6211 -1.5788 6.1276
8.6459 -1.6138 6.0950
8.6641 -1.6496 6.0711
8.6559 -1.6927 6.0819
8.6878 -1.7234 6.0399
8.7178 -1.7538 6.0005
8.7467 -1.7834 5.9626
8.7741 -1.8126 5.9265
8.8001 -1.8413 5.8922
8.8658 -1.8533 5.8059
8.8965 -1.8776 5.7656
8.9275 -1.9008 5.7248
8.9559 -1.9240 5.6875
8.9829 -1.9468 5.6519
9.0086 -1.9694 5.6182
9.0331 -1.9916 5.5859
9.0567 -2.0136 5.5549
9.0793 -2.0352 5.5253
9.1010 -2.0565 5.4966
9.1223 -2.0773 5.4686
9.1428 -2.0978 5.4417
9.1626 -2.1181 5.4157
9.1819 -2.1380 5.3903
9.2003 -2.1577 5.3661
9.2183 -2.1771 5.3424
9.2357 -2.1963 5.3195
9.2525 -2.2153 5.2975
9.2689 -2.2340 5.2759
9.2845 -2.2527 5.2554
9.2997 -2.2712 5.2354
9.2962 -2.3034 5.2400
9.2765 -2.3484 5.2659
9.2612 -2.3907 5.2860
9.2316 -2.4451 5.3249
9.2217 -2.4841 5.3379
9.2060 -2.5284 5.3586
9.1888 -2.5746 5.3812
7.9802 -1.1031 6.8855
8.0203 -1.1527 6.8340
8.0478 -1.2019 6.7986
8.1183 -1.2465 6.7078
8.1797 -1.2895 6.6289
8.2314 -1.3316 6.5623
8.3593 -1.3616 6.3977
8.4095 -1.3991 6.3331
8.4550 -1.4357 6.2747
8.4976 -1.4713 6.2198
8.5375 -1.5059 6.1684
8.5740 -1.5400 6.1215
8.6085 -1.5733 6.0771
8.6407 -1.6060 6.0356
8.6715 -1.6380 5.9961
8.7008 -1.6693 5.9584
8.7280 -1.7003 5.9233
8.7537 -1.7309 5.8902
8.7777 -1.7612 5.8594
8.7991 -1.7915 5.8318
8.8154 -1.8231 5.8108
8.8028 -1.8655 5.8271
8.8310 -1.8916 5.7908
8.8584 -1.9170 5.7555
8.8832 -1.9426 5.7235
8.9071 -1.9678 5.6928
8.9298 -1.9928 5.6637
8.9517 -2.0174 5.6355
9.0092 -2.0229 5.5615
9.0382 -2.0416 5.5241
9.0634 -2.0614 5.4918
9.0880 -2.0807 5.4601
9.1116 -2.0997 5.4297
9.1338 -2.1187 5.4011
9.1554 -2.1374 5.3733
9.1759 -2.1560 5.3470
9.1958 -2.1743 5.3213
9.2150 -2.1924 5.2967
9.2335 -2.2103 5.2728
9.2517 -2.2278 5.2495
9.2689 -2.2453 5.2273
9.2854 -2.2628 5.2061
9.2707 -2.3033 5.2250
9.2557 -2.3445 5.2442
9.2285 -2.3958 5.2793
9.2130 -2.4387 5.2993
9.1949 -2.4841 5.3225
9.1750 -2.5317 5.3481
9.1615 -2.5746 5.3655
9.1450 -2.6205 5.3867
7.9476 -1.1026 6.8442
8.0036 -1.1513 6.7737
8.0523 -1.1986 6.7124
8.0972 -1.2446 6.6559
8.1381 -1.2895 6.6044
8.1749 -1.3335 6.5580
8.2067 -1.3769 6.5179
8.2238 -1.4214 6.4964
8.3052 -1.4546 6.3939
8.3574 -1.4904 6.3282
8.4021 -1.5259 6.2718
8.5142 -1.5452 6.1306
8.5617 -1.5760 6.0709
8.6023 -1.6068 6.0197
8.6393 -1.6373 5.9731
8.6738 -1.6673 5.9297
8.7063 -1.6967 5.8887
8.7368 -1.7256 5.8503
8.7658 -1.7540 5.8138
8.7936 -1.7819 5.7788
8.8199 -1.8094 5.7456
8.8454 -1.8363 5.7135
8.8688 -1.8632 5.6840
8.8906 -1.8900 5.6566
8.9105 -1.9168 5.6315
8.9281 -1.9441 5.6094
8.9391 -1.9739 5.5956
8.9310 -2.0127 5.6058
8.9548 -2.0355 5.5757
8.9777 -2.0581 5.5469
8.9990 -2.0807 5.5201
9.0200 -2.1028 5.4936
9.0400 -2.1247 5.4685
9.0593 -2.1464 5.4441
9.0775 -2.1681 5.4212
9.1319 -2.1666 5.3527
9.1573 -2.1818 5.3207
9.1804 -2.1977 5.2916
9.2017 -2.2141 5.2648
9.2223 -2.2301 5.2388
9.2417 -2.2464 5.2144
9.2602 -2.2627 5.1911
9.2452 -2.3032 5.2099
9.2301 -2.3443 5.2291
9.2022 -2.3958 5.2641
9.1865 -2.4386 5.2839
9.1648 -2.4868 5.3113
9.1461 -2.5332 5.3347
9.1342 -2.5746 5.3498
7.8794 -1.1034 6.8475
7.9007 -1.1543 6.8213
7.9874 -1.2001 6.7145
8.0533 -1.2447 6.6332
8.1077 -1.2884 6.5661
8.1561 -1.3308 6.5065
8.2001 -1.3723 6.4521
8.2402 -1.4129 6.4027
8.2789 -1.4524 6.3550
8.3148 -1.4911 6.3108
8.3463 -1.5295 6.2719
8.3725 -1.5680 6.2396
8.4183 -1.6010 6.1831
8.4700 -1.6311 6.1193
8.5119 -1.6620 6.0677
8.5498 -1.6927 6.0210
8.6500 -1.7035 5.8974
8.6921 -1.7293 5.8455
8.7284 -1.7556 5.8008
8.7614 -1.7819 5.7600
8.7934 -1.8074 5.7206
8.8239 -1.8325 5.6831
8.8509 -1.8579 5.6497
8.8769 -1.8829 5.6177
8.9016 -1.9075 5.5872
8.9251 -1.9318 5.5583
8.9477 -1.9558 5.5303
8.9689 -1.9798 5.5042
8.9879 -2.0041 5.4809
9.0069 -2.0278 5.4574
9.0240 -2.0518 5.4363
9.0389 -2.0765 5.4179
9.0449 -2.1057 5.4105
9.0398 -2.1412 5.4167
9.0608 -2.1613 5.3909
9.0810 -2.1811 5.3660
9.1004 -2.2008 5.3421
9.1191 -2.2203 5.3191
9.1370 -2.2396 5.2970
9.1542 -2.2589 5.2757
9.1707 -2.2780 5.2554
9.2135 -2.2779 5.2026
9.2198 -2.3030 5.1949
9.1939 -2.3520 5.2268
9.1760 -2.3958 5.2489
9.1600 -2.4386 5.2686
9.1428 -2.4830 5.2898
9.1263 -2.5273 5.3101
7.8806 -0.9996 6.7659
7.9251 -1.0500 6.7122
7.9643 -1.0992 6.6648
7.9209 -1.1511 6.7173
7.9643 -1.1988 6.6648
8.0021 -1.2455 6.6192
8.0322 -1.2917 6.5829
8.0154 -1.3423 6.6032
8.1395 -1.3750 6.4534
8.1963 -1.4135 6.3848
8.2458 -1.4514 6.3250
8.2907 -1.4885 6.2708
8.3311 -1.5249 6.2220
8.3700 -1.5605 6.1751
8.4046 -1.5956 6.1332
8.4363 -1.6304 6.0950
8.4651 -1.6649 6.0603
8.4905 -1.6994 6.0296
8.5097 -1.7349 6.0064
8.5651 -1.7585 5.9395
8.6064 -1.7849 5.8896
8.6427 -1.8116 5.8458
8.6759 -1.8383 5.8057
8.7749 -1.8391 5.6862
8.8108 -1.8615 5.6428
8.8424 -1.8844 5.6047
8.8716 -1.9074 5.5695
8.8991 -1.9301 5.5363
8.9250 -1.9527 5.5050
8.9496 -1.9750 5.4753
8.9727 -1.9973 5.4475
8.9949 -2.0192 5.4206
9.0164 -2.0409 5.3947
9.0368 -2.0624 5.3700
9.0563 -2.0837 5.3465
9.0750 -2.1048 5.3239
9.0925 -2.1261 5.3028
9.1092 -2.1472 5.2826
9.1244 -2.1688 5.2643
9.1376 -2.1911 5.2483
9.1450 -2.2167 5.2394
9.1354 -2.2537 5.2510
9.1540 -2.2714 5.2285
9.1721 -2.2889 5.2067
9.1836 -2.3106 5.1928
9.1680 -2.3519 5.2117
9.1207 -2.4177 5.2688
9.1190 -2.4498 5.2708
9.1158 -2.4831 5.2746
9.0991 -2.5275 5.2948
9.0798 -2.5745 5.3181
7.8575 -0.9996 6.7152
7.9112 -1.0495 6.6517
7.9644 -1.0978 6.5889
8.0131 -1.1445 6.5313
8.0585 -1.1899 6.4776
8.1005 -1.2341 6.4279
8.1390 -1.2772 6.3824
8.1733 -1.3196 6.3419
8.1969 -1.3623 6.3139
8.1444 -1.4153 6.3760
8.1700 -1.4573 6.3458
8.1566 -1.5055 6.3616
8.2686 -1.5297 6.2292
8.3260 -1.5618 6.1613
8.3718 -1.5947 6.1072
8.4116 -1.6276 6.0601
8.4481 -1.6600 6.0169
8.4820 -1.6919 5.9769
8.5135 -1.7235 5.9396
8.5428 -1.7547 5.9050
8.5698 -1.7857 5.8731
8.5941 -1.8168 5.8443
8.6147 -1.8484 5.8200
8.6427 -1.8765 5.7869
8.6900 -1.8963 5.7309
8.7271 -1.9186 5.6871
8.7582 -1.9423 5.6504
8.7868 -1.9661 5.6165
8.8788 -1.9602 5.5077
8.9111 -1.9794 5.4695
8.9400 -1.9992 5.4354
8.9661 -2.0194 5.4045
8.9910 -2.0394 5.3751
9.0144 -2.0594 5.3475
9.0367 -2.0793 5.3211
9.0581 -2.0989 5.2957
9.0785 -2.1184 5.2716
9.0982 -2.1377 5.2483
9.1169 -2.1570 5.2262
9.1351 -2.1760 5.2048
9.1522 -2.1951 5.1845
9.1689 -2.2139 5.1648
9.1775 -2.2377 5.1546
9.1622 -2.2778 5.1727
9.1579 -2.3106 5.1778
9.1420 -2.3519 5.1965
9.1229 -2.3961 5.2191
9.1068 -2.4388 5.2382
9.0889 -2.4833 5.2594
9.0655 -2.5327 5.2870
9.0524 -2.5746 5.3025
9.0348 -2.6206 5.3233
7.7255 -1.0518 6.7917
7.8931 -1.0987 6.5976
7.9643 -1.1449 6.5152
8.0225 -1.1896 6.4478
8.0748 -1.2329 6.3872
8.1240 -1.2748 6.3303
8.1683 -1.3158 6.2789
8.2089 -1.3558 6.2319
8.2468 -1.3948 6.1881
8.2827 -1.4330 6.1465
8.3141 -1.4709 6.1102
8.3434 -1.5081 6.0761
8.3667 -1.5456 6.0492
8.2969 -1.6032 6.1300
8.2856 -1.6490 6.1432
8.3921 -1.6652 6.0198
8.4406 -1.6936 5.9637
8.4809 -1.7229 5.9170
8.5172 -1.7520 5.8749
8.5507 -1.7810 5.8362
8.5818 -1.8096 5.8001
8.6110 -1.8379 5.7663
8.6379 -1.8662 5.7351
8.6630 -1.8943 5.7061
8.6842 -1.9230 5.6815
8.7035 -1.9520 5.6592
8.7162 -1.9831 5.6445
8.7679 -1.9965 5.5846
8.8016 -2.0165 5.5456
8.8315 -2.0373 5.5110
8.8591 -2.0582 5.4790
8.9357 -2.0533 5.3903
8.9724 -2.0669 5.3478
9.0009 -2.0838 5.3148
9.0265 -2.1014 5.2852
9.0504 -2.1191 5.2575
9.0732 -2.1368 5.2311
9.0944 -2.1546 5.2065
9.1150 -2.1722 5.1827
9.1345 -2.1899 5.1601
9.1534 -2.2073 5.1382
9.1522 -2.2375 5.1396
9.1367 -2.2776 5.1576
9.1223 -2.3174 5.1742
9.1161 -2.3518 5.1814
9.0967 -2.3961 5.2038
9.0803 -2.4387 5.2228
9.0592 -2.4855 5.2472
9.0433 -2.5289 5.2657
9.0250 -2.5746 5.2868
7.7155 -1.1029 6.7257
7.7933 -1.1509 6.6374
7.8491 -1.1979 6.5741
7.8980 -1.2436 6.5186
7.9407 -1.2884 6.4702
8.1138 -1.3175 6.2738
8.1698 -1.3558 6.2103
8.2176 -1.3936 6.1561
8.2615 -1.4305 6.1063
8.2998 -1.4669 6.0628
8.3380 -1.5022 6.0196
8.3739 -1.5367 5.9788
8.4078 -1.5706 5.9404
8.4395 -1.6039 5.9044
8.4687 -1.6368 5.8712
8.4954 -1.6695 5.8410
8.5184 -1.7024 5.8148
8.3969 -1.7777 5.9527
8.4979 -1.7869 5.8381
8.5418 -1.8118 5.7883
8.5786 -1.8377 5.7465
8.6120 -1.8637 5.7087
8.6431 -1.8896 5.6734
8.6718 -1.9154 5.6409
8.6983 -1.9412 5.6108
8.7230 -1.9669 5.5828
8.7459 -1.9926 5.5568
8.7670 -2.0184 5.5328
8.7860 -2.0446 5.5113
8.8017 -2.0718 5.4935
8.8331 -2.0905 5.4578
8.8672 -2.1069 5.4192
8.8966 -2.1248 5.3859
8.9230 -2.1433 5.3559
8.9478 -2.1620 5.3278
9.0216 -2.1513 5.2441
9.0546 -2.1627 5.2066
9.0806 -2.1774 5.1772
9.1040 -2.1928 5.1506
9.1259 -2.2085 5.1257
9.1269 -2.2373 5.1246
9.1112 -2.2774 5.1424
9.1050 -2.3115 5.1495
9.0903 -2.3517 5.1661
9.0705 -2.3960 5.1886
9.0539 -2.4386 5.2074
9.0336 -2.4845 5.2304
9.0163 -2.5288 5.2500
7.6873 -1.1024 6.6814
7.7305 -1.1518 6.6334
7.7622 -1.2006 6.5982
7.8441 -1.2445 6.5071
7.9085 -1.2875 6.4356
7.9605 -1.3298 6.3778
8.0057 -1.3714 6.3276
8.0454 -1.4123 6.2834
8.0821 -1.4525 6.2427
8.2424 -1.4704 6.0645
8.2942 -1.5036 6.0069
8.3393 -1.5365 5.9568
8.3803 -1.5689 5.9112
8.4184 -1.6007 5.8689
8.4542 -1.6319 5.8291
8.4875 -1.6626 5.7921
8.5191 -1.6928 5.7570
8.5490 -1.7224 5.7237
8.5771 -1.7518 5.6926
8.6031 -1.7809 5.6636
8.6281 -1.8096 5.6359
8.6513 -1.8381 5.6101
8.6702 -1.8675 5.5890
8.6359 -1.9170 5.6271
8.6688 -1.9404 5.5906
8.6988 -1.9640 5.5572
8.7268 -1.9876 5.5262
8.7530 -2.0111 5.4971
8.7775 -2.0345 5.4698
8.8004 -2.0580 5.4443
8.8207 -2.0820 5.4218
8.8407 -2.1056 5.3996
8.8590 -2.1295 5.3792
8.8748 -2.1541 5.3617
8.8856 -2.1811 5.3497
8.9270 -2.1901 5.3037
8.9566 -2.2049 5.2708
8.9825 -2.2209 5.2420
9.0060 -2.2376 5.2159
9.0282 -2.2544 5.1912
9.0985 -2.2392 5.1131
9.0692 -2.2883 5.1456
9.0808 -2.3103 5.1328
9.0644 -2.3516 5.1510
9.0478 -2.3935 5.1695
9.0276 -2.4385 5.1918
9.0069 -2.4845 5.2149
8.9894 -2.5288 5.2343
8.9714 -2.5739 5.2543
7.6428 -1.1024 6.6557
7.7110 -1.1507 6.5814
7.7632 -1.1979 6.5245
7.8078 -1.2440 6.4760
7.8456 -1.2894 6.4348
7.8738 -1.3347 6.4041
7.9545 -1.3727 6.3163
8.0122 -1.4114 6.2534
8.0622 -1.4495 6.1990
8.1055 -1.4872 6.1518
8.1434 -1.5246 6.1105
8.1782 -1.5614 6.0726
8.2066 -1.5986 6.0417
8.3473 -1.6090 5.8885
8.4060 -1.6353 5.8246
8.4494 -1.6637 5.7773
8.4880 -1.6921 5.7353
8.5235 -1.7203 5.6966
8.5568 -1.7480 5.6604
8.5883 -1.7753 5.6261
8.6165 -1.8027 5.5954
8.6450 -1.8292 5.5643
8.6719 -1.8554 5.5350
8.6973 -1.8813 5.5074
8.7214 -1.9070 5.4811
8.7439 -1.9326 5.4566
8.7645 -1.9583 5.4342
8.7827 -1.9845 5.4144
8.7994 -2.0107 5.3962
8.7764 -2.0554 5.4213
8.8013 -2.0772 5.3941
8.8257 -2.0986 5.3676
8.8484 -2.1201 5.3429
8.8698 -2.1415 5.3196
8.8901 -2.1630 5.2975
8.9090 -2.1845 5.2768
8.9263 -2.2065 5.2580
8.9420 -2.2289 5.2409
8.9550 -2.2524 5.2268
8.9773 -2.2698 5.2025
9.0103 -2.2795 5.1665
9.0360 -2.2931 5.1386
9.0551 -2.3102 5.1177
9.0386 -2.3514 5.1358
9.0183 -2.3957 5.1578
9.0012 -2.4384 5.1765
8.9802 -2.4845 5.1993
8.9566 -2.5331 5.2250
8.9442 -2.5738 5.2385
8.9257 -2.6198 5.2586
7.5990 -1.1024 6.6292
7.6369 -1.1521 6.5887
7.7009 -1.1990 6.5204
7.7750 -1.2433 6.4414
7.8299 -1.2871 6.3828
7.8764 -1.3301 6.3331
7.9167 -1.3724 6.2901
7.9500 -1.4145 6.2546
7.9763 -1.4566 6.2266
8.0520 -1.4897 6.1457
8.1089 -1.5240 6.0850
8.1575 -1.5582 6.0332
8.1968 -1.5928 5.9912
8.2320 -1.6272 5.9536
8.2635 -1.6614 5.9201
8.2909 -1.6957 5.8909
8.3119 -1.7310 5.8684
8.3478 -1.7613 5.8301
8.5040 -1.7542 5.6635
8.5470 -1.7783 5.6176
8.5802 -1.8043 5.5822
8.6145 -1.8290 5.5456
8.6463 -1.8535 5.5116
8.6762 -1.8777 5.4797
8.7045 -1.9018 5.4495
8.7311 -1.9256 5.4211
8.7566 -1.9491 5.3939
8.7816 -1.9720 5.3672
8.8048 -1.9951 5.3425
8.8267 -2.0180 5.3190
8.8471 -2.0409 5.2973
8.8663 -2.0639 5.2768
8.8840 -2.0871 5.2579
8.8989 -2.1112 5.2420
8.8702 -2.1585 5.2726
8.8929 -2.1781 5.2485
8.9141 -2.1977 5.2258
8.9342 -2.2174 5.2043
8.9534 -2.2370 5.1839
8.9711 -2.2570 5.1650
8.9877 -2.2771 5.1472
9.0031 -2.2975 5.1309
9.0165 -2.3188 5.1165
9.0122 -2.3517 5.1212
8.9921 -2.3957 5.1426
8.9747 -2.4384 5.1612
8.9533 -2.4845 5.1840
8.9352 -2.5288 5.2033
8.9170 -2.5738 5.2227
8.8983 -2.6197 5.2427
7.5740 -1.1018 6.5831
7.6333 -1.1503 6.5211
7.6819 -1.1976 6.4702
7.7218 -1.2441 6.4285
7.7508 -1.2904 6.3982
7.8287 -1.3308 6.3167
7.8888 -1.3709 6.2538
7.9365 -1.4109 6.2039
7.9792 -1.4503 6.1592
8.0173 -1.4891 6.1195
8.0490 -1.5279 6.0862
8.0736 -1.5672 6.0606
8.1481 -1.5953 5.9826
8.1993 -1.6264 5.9291
8.2416 -1.6581 5.8848
8.2786 -1.6898 5.8461
8.3117 -1.7216 5.8115
8.3414 -1.7533 5.7805
8.3675 -1.7851 5.7532
8.3892 -1.8176 5.7304
8.3998 -1.8531 5.7194
8.4737 -1.8665 5.6421
8.5160 -1.8891 5.5978
8.6276 -1.8845 5.4812
8.6654 -1.9053 5.4417
8.6984 -1.9268 5.4071
8.7287 -1.9485 5.3754
8.7573 -1.9700 5.3455
8.7841 -1.9915 5.3175
8.8095 -2.0128 5.2909
8.8335 -2.0340 5.2658
8.8566 -2.0549 5.2416
8.8783 -2.0759 5.2189
8.8993 -2.0966 5.1970
8.9191 -2.1173 5.1763
8.9378 -2.1380 5.1567
8.9556 -2.1587 5.1381
8.9718 -2.1798 5.1211
8.9862 -2.2014 5.1060
8.9974 -2.2247 5.0944
8.9743 -2.2690 5.1185
8.9934 -2.2870 5.0986
9.0033 -2.3104 5.0882
8.9863 -2.3516 5.1060
8.9658 -2.3957 5.1274
8.9482 -2.4384 5.1458
8.9267 -2.4844 5.1683
8.9084 -2.5287 5.1875
8.8899 -2.5737 5.2068
7.4396 -1.1569 6.6499
7.6428 -1.1974 6.4416
7.7042 -1.2423 6.3786
7.7536 -1.2865 6.3280
7.7952 -1.3300 6.2854
7.8285 -1.3733 6.2513
7.8476 -1.4175 6.2316
7.9380 -1.4506 6.1390
7.9907 -1.4872 6.0850
8.0353 -1.5236 6.0393
8.0759 -1.5595 5.9976
8.1103 -1.5955 5.9624
8.1386 -1.6318 5.9333
8.1601 -1.6689 5.9113
8.2320 -1.6927 5.8376
8.2794 -1.7209 5.7890
8.3189 -1.7499 5.7484
8.3539 -1.7791 5.7126
8.3851 -1.8085 5.6806
8.4132 -1.8379 5.6518
8.4381 -1.8675 5.6263
8.4594 -1.8978 5.6045
8.4693 -1.9315 5.5943
8.5365 -1.9430 5.5254
8.5754 -1.9639 5.4856
8.6082 -1.9861 5.4519
8.7002 -1.9820 5.3576
8.7410 -1.9978 5.3158
8.7737 -2.0162 5.2823
8.8029 -2.0352 5.2523
8.8301 -2.0544 5.2244
8.8553 -2.0737 5.1986
8.8793 -2.0929 5.1739
8.9023 -2.1120 5.1504
8.9240 -2.1311 5.1282
8.9450 -2.1499 5.1067
8.9647 -2.1688 5.0864
8.9838 -2.1875 5.0668
8.9986 -2.2083 5.0517
8.9821 -2.2480 5.0686
8.9701 -2.2853 5.0808
8.9776 -2.3103 5.0732
8.9605 -2.3515 5.0907
8.9369 -2.3975 5.1150
8.9190 -2.4402 5.1333
8.9001 -2.4843 5.1527
8.8816 -2.5286 5.1717
8.8594 -2.5761 5.1944
7.4014 -1.1566 6.6165
7.4304 -1.2072 6.5873
7.4200 -1.2599 6.5978
7.7016 -1.2874 6.3147
7.7684 -1.3286 6.2476
7.8190 -1.3697 6.1968
7.8611 -1.4104 6.1544
7.8949 -1.4512 6.1204
7.9206 -1.4922 6.0947
7.9682 -1.5287 6.0469
8.0397 -1.5593 5.9750
8.0872 -1.5927 5.9272
8.1271 -1.6263 5.8871
8.1624 -1.6599 5.8517
8.1930 -1.6936 5.8209
8.2190 -1.7277 5.7948
8.2381 -1.7628 5.7756
8.3091 -1.7823 5.7042
8.3532 -1.8080 5.6599
8.3903 -1.8346 5.6226
8.4232 -1.8616 5.5896
8.4526 -1.8888 5.5601
8.4785 -1.9164 5.5340
8.5016 -1.9444 5.5107
8.5214 -1.9729 5.4909
8.5347 -2.0036 5.4775
8.5887 -2.0167 5.4232
8.6286 -2.0343 5.3831
8.6611 -2.0541 5.3504
8.6891 -2.0751 5.3223
8.7154 -2.0961 5.2959
8.8081 -2.0835 5.2027
8.8416 -2.0983 5.1690
8.8700 -2.1149 5.1406
8.8958 -2.1320 5.1146
8.9201 -2.1491 5.0902
8.9430 -2.1664 5.0672
8.9646 -2.1837 5.0454
8.9748 -2.2073 5.0352
8.9582 -2.2469 5.0519
8.9412 -2.2872 5.0690
8.9520 -2.3102 5.0581
8.9347 -2.3513 5.0755
8.9107 -2.3974 5.0996
8.8927 -2.4401 5.1177
8.8735 -2.4841 5.1370
8.8512 -2.5309 5.1594
8.8321 -2.5760 5.1786
8.8127 -2.6220 5.1981
7.3753 -1.1037 6.5713
7.3858 -1.1553 6.5610
7.4378 -1.2042 6.5097
7.4812 -1.2522 6.4670
7.5147 -1.2999 6.4339
7.4921 -1.3522 6.4562
7.6515 -1.3843 6.2992
7.8273 -1.4097 6.1260
7.8772 -1.4481 6.0768
7.9186 -1.4864 6.0360
7.9552 -1.5244 5.9999
7.9850 -1.5626 5.9706
8.0079 -1.6012 5.9480
8.0789 -1.6289 5.8781
8.1311 -1.6589 5.8266
8.1728 -1.6899 5.7856
8.2092 -1.7211 5.7497
8.2412 -1.7525 5.7181
8.2692 -1.7841 5.6905
8.2931 -1.8161 5.6670
8.3101 -1.8496 5.6503
8.3803 -1.8650 5.5812
8.4231 -1.8879 5.5390
8.4576 -1.9125 5.5049
8.4878 -1.9378 5.4752
8.5152 -1.9632 5.4482
8.5400 -1.9889 5.4238
8.5622 -2.0150 5.4019
8.5814 -2.0418 5.3830
8.5963 -2.0699 5.3683
8.6272 -2.0902 5.3378
8.6775 -2.1004 5.2883
8.7093 -2.1183 5.2570
8.7372 -2.1371 5.2294
8.7627 -2.1565 5.2043
8.7862 -2.1761 5.1811
8.8082 -2.1959 5.1595
8.9028 -2.1744 5.0663
8.9309 -2.1884 5.0386
8.9511 -2.2062 5.0187
8.9342 -2.2458 5.0353
8.8942 -2.3002 5.0748
8.9034 -2.3246 5.0657
8.8882 -2.3646 5.0807
8.8846 -2.3973 5.0842
8.8663 -2.4400 5.1022
8.8462 -2.4845 5.1220
8.8273 -2.5287 5.1407
8.8049 -2.5760 5.1628
7.3415 -1.0514 6.5344
7.3958 -1.1018 6.4819
7.4358 -1.1512 6.4433
7.4587 -1.2005 6.4212
7.4585 -1.2508 6.4214
7.5134 -1.2963 6.3684
7.5579 -1.3414 6.3253
7.5931 -1.3862 6.2913
7.6144 -1.4318 6.2708
7.7047 -1.4671 6.1836
7.8758 -1.4871 6.0182
7.9307 -1.5221 5.9652
7.9729 -1.5579 5.9244
8.0110 -1.5932 5.8876
8.0431 -1.6288 5.8566
8.0695 -1.6648 5.8310
8.0856 -1.7025 5.8155
8.1686 -1.7226 5.7353
8.2136 -1.7507 5.6919
8.2516 -1.7794 5.6552
8.2846 -1.8086 5.6233
8.3139 -1.8380 5.5950
8.3397 -1.8676 5.5700
8.3617 -1.8979 5.5488
8.3960 -1.9232 5.5156
8.4500 -1.9402 5.4634
8.4870 -1.9622 5.4278
8.5189 -1.9852 5.3969
8.5475 -2.0086 5.3693
8.5735 -2.0323 5.3442
8.5972 -2.0563 5.3213
8.6171 -2.0814 5.3020
8.6357 -2.1065 5.2841
8.6505 -2.1329 5.2697
8.6550 -2.1640 5.2654
8.7228 -2.1626 5.1999
8.7547 -2.1782 5.1691
8.7821 -2.1953 5.1426
8.8070 -2.2130 5.1186
8.8300 -2.2310 5.0964
8.8512 -2.2495 5.0759
8.8711 -2.2681 5.0567
8.8897 -2.2869 5.0387
8.8972 -2.3122 5.0315
8.8792 -2.3535 5.0488
8.8585 -2.3971 5.0689
8.8290 -2.4472 5.0973
8.8196 -2.4843 5.1064
8.8004 -2.5286 5.1250
8.7794 -2.5747 5.1452
7.3511 -0.9995 6.4568
7.3871 -1.0502 6.4227
7.3908 -1.1007 6.4191
7.4246 -1.1499 6.3872
7.4754 -1.1971 6.3391
7.5154 -1.2437 6.3012
7.5416 -1.2904 6.2763
7.5290 -1.3401 6.2883
7.5839 -1.3826 6.2362
7.6284 -1.4248 6.1940
7.6661 -1.4668 6.1583
7.6925 -1.5094 6.1333
7.6730 -1.5591 6.1518
7.9148 -1.5617 5.9227
7.9776 -1.5926 5.8632
8.0237 -1.6253 5.8195
8.0625 -1.6583 5.7829
8.0956 -1.6916 5.7515
8.1239 -1.7251 5.7247
8.1455 -1.7597 5.7041
8.1947 -1.7859 5.6576
8.2495 -1.8091 5.6057
8.2897 -1.8353 5.5676
8.3238 -1.8623 5.5353
8.3545 -1.8894 5.5062
8.3819 -1.9169 5.4802
8.4051 -1.9451 5.4583
8.4238 -1.9744 5.4406
8.4642 -1.9947 5.4023
8.5110 -2.0112 5.3580
8.5457 -2.0315 5.3251
8.5759 -2.0528 5.2965
8.6019 -2.0751 5.2718
8.6265 -2.0973 5.2485
8.6490 -2.1199 5.2272
8.6694 -2.1428 5.2079
8.6876 -2.1663 5.1906
8.7027 -2.1908 5.1763
8.7118 -2.2182 5.1677
8.7640 -2.2217 5.1182
8.7967 -2.2347 5.0872
8.8239 -2.2500 5.0615
8.8482 -2.2662 5.0385
8.8705 -2.2829 5.0174
8.8714 -2.3122 5.0165
8.8532 -2.3535 5.0337
8.8307 -2.3981 5.0551
8.8119 -2.4408 5.0728
8.7930 -2.4842 5.0908
8.7735 -2.5285 5.1092
8.7523 -2.5746 5.1293
8.7322 -2.6204 5.1483
7.3256 -0.9995 6.4138
7.3848 -1.0496 6.3587
7.4319 -1.0984 6.3150
7.4668 -1.1463 6.2826
7.4752 -1.1948 6.2748
7.5012 -1.2418 6.2506
7.5507 -1.2861 6.2047
7.5899 -1.3301 6.1682
7.6176 -1.3742 6.1424
7.5947 -1.4239 6.1637
7.6508 -1.4633 6.1117
7.6959 -1.5028 6.0697
7.7325 -1.5425 6.0357
7.7601 -1.5828 6.0100
7.7683 -1.6260 6.0024
7.8639 -1.6509 5.9136
8.0217 -1.6594 5.7671
8.0706 -1.6891 5.7216
8.1099 -1.7199 5.6851
8.1439 -1.7510 5.6535
8.1730 -1.7825 5.6264
8.1973 -1.8145 5.6039
8.2146 -1.8481 5.5878
8.2793 -1.8661 5.5277
8.3249 -1.8886 5.4853
8.3617 -1.9129 5.4511
8.3924 -1.9384 5.4226
8.4199 -1.9642 5.3971
8.4443 -1.9905 5.3744
8.4655 -2.0173 5.3547
8.4827 -2.0453 5.3387
8.5244 -2.0622 5.3000
8.5669 -2.0777 5.2605
8.5995 -2.0965 5.2302
8.6280 -2.1163 5.2037
8.6536 -2.1367 5.1799
8.6771 -2.1575 5.1581
8.6985 -2.1787 5.1382
8.7181 -2.2003 5.1200
8.7357 -2.2224 5.1036
8.7508 -2.2453 5.0896
8.7616 -2.2703 5.0796
8.8001 -2.2790 5.0439
8.8357 -2.2882 5.0107
8.8457 -2.3121 5.0015
8.8272 -2.3534 5.0186
8.8043 -2.3981 5.0399
8.7854 -2.4408 5.0575
8.7608 -2.4878 5.0803
8.7417 -2.5318 5.0981
8.7253 -2.5744 5.1133
8.7049 -2.6203 5.1322
7.1988 -1.0515 6.4637
7.4080 -1.0979 6.2731
7.4662 -1.1446 6.2201
7.5107 -1.1905 6.1796
7.5434 -1.2360 6.1497
7.5532 -1.2825 6.1408
7.5731 -1.3278 6.1227
7.6202 -1.3695 6.0797
7.6591 -1.4110 6.0443
7.6898 -1.4525 6.0163
7.7010 -1.4961 6.0061
7.7147 -1.5390 5.9936
7.7581 -1.5762 5.9541
7.7940 -1.6137 5.9213
7.8205 -1.6521 5.8972
7.8365 -1.6921 5.8826
7.8249 -1.7381 5.8932
8.0576 -1.7243 5.6811
8.1130 -1.7501 5.6306
8.1538 -1.7785 5.5935
8.1884 -1.8075 5.5620
8.2182 -1.8370 5.5348
8.2440 -1.8669 5.5113
8.2647 -1.8978 5.4924
8.3032 -1.9221 5.4574
8.3573 -1.9397 5.4080
8.3943 -1.9622 5.3744
8.4261 -1.9857 5.3453
8.4543 -2.0097 5.3196
8.4796 -2.0342 5.2966
8.5022 -2.0591 5.2761
8.5215 -2.0848 5.2585
8.5359 -2.1122 5.2453
8.5804 -2.1252 5.2047
8.6199 -2.1394 5.1688
8.6507 -2.1568 5.1407
8.6777 -2.1753 5.1161
8.7021 -2.1944 5.0939
8.7244 -2.2139 5.0735
8.7450 -2.2338 5.0548
8.7638 -2.2541 5.0376
8.7808 -2.2749 5.0221
8.7957 -2.2965 5.0086
8.8074 -2.3196 4.9979
8.7862 -2.3626 5.0172
8.7780 -2.3981 5.0247
8.7588 -2.4408 5.0422
8.7361 -2.4864 5.0629
8.7161 -2.5308 5.0811
8.6982 -2.5742 5.0974
7.3976 -1.1457 6.2198
7.4890 -1.1895 6.1381
7.5428 -1.2333 6.0900
7.5843 -1.2767 6.0529
7.6165 -1.3198 6.0241
7.6279 -1.3644 6.0139
7.6395 -1.4085 6.0036
7.6878 -1.4475 5.9604
7.7270 -1.4864 5.9253
7.7571 -1.5258 5.8984
7.7735 -1.5667 5.8838
7.7718 -1.6107 5.8853
7.8141 -1.6458 5.8475
7.8496 -1.6812 5.8158
7.8786 -1.7171 5.7899
7.8994 -1.7543 5.7713
7.8712 -1.8034 5.7964
8.0080 -1.8088 5.6742
8.1514 -1.8085 5.5460
8.1943 -1.8343 5.5077
8.2294 -1.8613 5.4763
8.2604 -1.8887 5.4486
8.2890 -1.9161 5.4230
8.3124 -1.9445 5.4021
8.3308 -1.9741 5.3856
8.3815 -1.9910 5.3404
8.4232 -2.0101 5.3031
8.4567 -2.0314 5.2732
8.4857 -2.0536 5.2473
8.5108 -2.0767 5.2248
8.5341 -2.1000 5.2040
8.5549 -2.1238 5.1854
8.5729 -2.1483 5.1692
8.5873 -2.1741 5.1564
8.6328 -2.1840 5.1157
8.6694 -2.1972 5.0830
8.6986 -2.2133 5.0570
8.7242 -2.2306 5.0340
8.7474 -2.2484 5.0133
8.7688 -2.2668 4.9942
8.7885 -2.2855 4.9766
8.7908 -2.3140 4.9745
8.7719 -2.3554 4.9914
8.7517 -2.3981 5.0095
8.7212 -2.4478 5.0367
8.7094 -2.4863 5.0473
8.6892 -2.5307 5.0653
8.6697 -2.5751 5.0828
7.1056 -1.1557 6.4145
7.1529 -1.2052 6.3730
7.4905 -1.2341 6.0769
7.5646 -1.2751 6.0120
7.6155 -1.3162 5.9674
7.6552 -1.3572 5.9326
7.6837 -1.3985 5.9076
7.6888 -1.4421 5.9032
7.7040 -1.4842 5.8898
7.7501 -1.5208 5.8493
7.7894 -1.5574 5.8149
7.8184 -1.5949 5.7895
7.8368 -1.6338 5.7734
7.8255 -1.6784 5.7832
7.8677 -1.7113 5.7462
7.9031 -1.7446 5.7152
7.9328 -1.7785 5.6892
7.9557 -1.8134 5.6691
7.9654 -1.8513 5.6606
8.0438 -1.8688 5.5918
8.1849 -1.8650 5.4682
8.2312 -1.8878 5.4276
8.2681 -1.9124 5.3952
8.3001 -1.9378 5.3671
8.3280 -1.9639 5.3427
8.3521 -1.9905 5.3215
8.3726 -2.0180 5.3035
8.3880 -2.0469 5.2901
8.4478 -2.0571 5.2376
8.4837 -2.0758 5.2061
8.5137 -2.0962 5.1799
8.5404 -2.1174 5.1565
8.5644 -2.1390 5.1354
8.5861 -2.1611 5.1164
8.6055 -2.1838 5.0994
8.6223 -2.2072 5.0847
8.6351 -2.2323 5.0734
8.6819 -2.2390 5.0324
8.7158 -2.2513 5.0026
8.7435 -2.2663 4.9784
8.7679 -2.2825 4.9570
8.7650 -2.3140 4.9595
8.7459 -2.3553 4.9762
8.7251 -2.3982 4.9945
8.7055 -2.4409 5.0117
8.6827 -2.4862 5.0316
8.6615 -2.5311 5.0503
8.6425 -2.5751 5.0670
8.6212 -2.6210 5.0856
7.1261 -1.2043 6.3320
7.1857 -1.2515 6.2807
7.2308 -1.2983 6.2420
7.5698 -1.3168 5.9504
7.6378 -1.3550 5.8919
7.6845 -1.3938 5.8517
7.7204 -1.4329 5.8208
7.7466 -1.4724 5.7983
7.7468 -1.5154 5.7982
7.7662 -1.5550 5.7814
7.8103 -1.5896 5.7435
7.8463 -1.6246 5.7126
7.8751 -1.6602 5.6878
7.8949 -1.6970 5.6707
7.8755 -1.7427 5.6874
7.9180 -1.7733 5.6509
7.9534 -1.8047 5.6204
7.9831 -1.8367 5.5949
8.0076 -1.8694 5.5739
8.0235 -1.9041 5.5601
8.0019 -1.9503 5.5787
8.1321 -1.9469 5.4668
8.2638 -1.9396 5.3534
8.3032 -1.9617 5.3196
8.3356 -1.9853 5.2917
8.3639 -2.0097 5.2673
8.3889 -2.0346 5.2459
8.4106 -2.0602 5.2271
8.4284 -2.0869 5.2118
8.4664 -2.1043 5.1792
8.5082 -2.1190 5.1433
8.5399 -2.1373 5.1160
8.5675 -2.1567 5.0922
8.5922 -2.1767 5.0710
8.6146 -2.1973 5.0517
8.6348 -2.2184 5.0343
8.6529 -2.2401 5.0188
8.6686 -2.2626 5.0053
8.6801 -2.2870 4.9954
8.7278 -2.2906 4.9544
8.7392 -2.3139 4.9445
8.7199 -2.3553 4.9611
8.6990 -2.3981 4.9791
8.6791 -2.4408 4.9962
8.6590 -2.4843 5.0135
8.6381 -2.5287 5.0315
8.6153 -2.5750 5.0511
6.9617 -1.1578 6.4078
7.0278 -1.2071 6.3520
7.0749 -1.2559 6.3122
7.2094 -1.2966 6.1987
7.2644 -1.3411 6.1523
7.3053 -1.3857 6.1178
7.6488 -1.3936 5.8280
7.7049 -1.4300 5.7806
7.7460 -1.4672 5.7459
7.7789 -1.5045 5.7181
7.8028 -1.5425 5.6980
7.8041 -1.5841 5.6969
7.8221 -1.6223 5.6817
7.8650 -1.6548 5.6455
7.8998 -1.6881 5.6161
7.9285 -1.7218 5.5919
7.9496 -1.7567 5.5741
7.9227 -1.8036 5.5968
7.9654 -1.8321 5.5608
8.0004 -1.8616 5.5312
8.0305 -1.8918 5.5059
8.0553 -1.9228 5.4849
8.0742 -1.9551 5.4689
8.0720 -1.9941 5.4708
8.1687 -1.9982 5.3892
8.2923 -1.9900 5.2849
8.3352 -2.0091 5.2487
8.3686 -2.0308 5.2205
8.3976 -2.0535 5.1960
8.4244 -2.0763 5.1734
8.4466 -2.1004 5.1547
8.4656 -2.1252 5.1386
8.4809 -2.1514 5.1258
8.5285 -2.1619 5.0856
8.5633 -2.1774 5.0562
8.5924 -2.1948 5.0317
8.6178 -2.2133 5.0103
8.6407 -2.2324 4.9909
8.6617 -2.2520 4.9732
8.6806 -2.2722 4.9572
8.6975 -2.2930 4.9430
8.7119 -2.3148 4.9308
8.7058 -2.3483 4.9360
8.6728 -2.3980 4.9638
8.6527 -2.4407 4.9807
8.6324 -2.4842 4.9979
8.6113 -2.5286 5.0157
8.5879 -2.5750 5.0354
6.9906 -1.1031 6.3196
7.0347 -1.1532 6.2831
7.0545 -1.2034 6.2667
7.0579 -1.2541 6.2639
7.1115 -1.3009 6.2195
7.2131 -1.3419 6.1354
7.2881 -1.3831 6.0733
7.3374 -1.4253 6.0325
7.3760 -1.4677 6.0005
7.7158 -1.4662 5.7192
7.7663 -1.5008 5.6774
7.8052 -1.5361 5.6452
7.8363 -1.5717 5.6194
7.8589 -1.6082 5.6007
7.8612 -1.6483 5.5988
7.8749 -1.6858 5.5874
7.9163 -1.7166 5.5531
7.9505 -1.7480 5.5249
7.9789 -1.7801 5.5014
8.0002 -1.8133 5.4837
8.0078 -1.8499 5.4774
8.0096 -1.8880 5.4760
8.0449 -1.9157 5.4467
8.0747 -1.9443 5.4221
8.0973 -1.9744 5.4033
8.1172 -2.0050 5.3868
8.1285 -2.0381 5.3775
8.1970 -2.0496 5.3208
8.2439 -2.0676 5.2819
8.3643 -2.0550 5.1823
8.4011 -2.0739 5.1518
8.4302 -2.0950 5.1277
8.4560 -2.1169 5.1063
8.4788 -2.1394 5.0874
8.4989 -2.1627 5.0708
8.5160 -2.1868 5.0566
8.5281 -2.2129 5.0466
8.5835 -2.2170 5.0008
8.6146 -2.2321 4.9750
8.6409 -2.2490 4.9532
8.6646 -2.2666 4.9336
8.6860 -2.2849 4.9158
8.6996 -2.3070 4.9046
8.6799 -2.3482 4.9210
8.6263 -2.4100 4.9653
8.6105 -2.4502 4.9784
8.6058 -2.4840 4.9823
8.5845 -2.5284 4.9999
8.5608 -2.5749 5.0195
8.5390 -2.6208 5.0376
6.9301 -1.1035 6.3065
7.0225 -1.1520 6.2314
7.0734 -1.2002 6.1900
7.1092 -1.2480 6.1609
7.1152 -1.2973 6.1560
7.1404 -1.3447 6.1356
7.1878 -1.3891 6.0971
7.2980 -1.4251 6.0075
7.3615 -1.4643 5.9560
7.4079 -1.5043 5.9183
7.4427 -1.5449 5.8900
7.7778 -1.5347 5.6177
7.8244 -1.5675 5.5799
7.8611 -1.6011 5.5501
7.8904 -1.6352 5.5263
7.9118 -1.6702 5.5089
7.9151 -1.7089 5.5062
7.9246 -1.7460 5.4985
7.9649 -1.7750 5.4657
7.9984 -1.8048 5.4385
8.0261 -1.8354 5.4160
8.0479 -1.8670 5.3984
8.0595 -1.9011 5.3889
8.0514 -1.9412 5.3954
8.0833 -1.9683 5.3696
8.1135 -1.9952 5.3450
8.1389 -2.0229 5.3244
8.1602 -2.0516 5.3071
8.1751 -2.0822 5.2950
8.1517 -2.1275 5.3140
8.2743 -2.1138 5.2144
8.3919 -2.0991 5.1189
8.4292 -2.1161 5.0885
8.4594 -2.1355 5.0640
8.4858 -2.1558 5.0426
8.5091 -2.1769 5.0236
8.5298 -2.1987 5.0068
8.5477 -2.2213 4.9923
8.5623 -2.2452 4.9804
8.5981 -2.2576 4.9513
8.6342 -2.2689 4.9220
8.6621 -2.2838 4.8993
8.6739 -2.3070 4.8897
8.6540 -2.3482 4.9059
8.6197 -2.3983 4.9338
8.5985 -2.4414 4.9510
8.5239 -2.5178 5.0116
8.5518 -2.5320 4.9890
8.5337 -2.5748 5.0036
6.8695 -1.1561 6.2928
7.0444 -1.1994 6.1534
7.1081 -1.2454 6.1027
7.1520 -1.2912 6.0677
7.1803 -1.3374 6.0451
7.1595 -1.3877 6.0617
7.2167 -1.4297 6.0160
7.2588 -1.4722 5.9825
7.3761 -1.5032 5.8890
7.4333 -1.5403 5.8434
7.4741 -1.5787 5.8109
7.7613 -1.5725 5.5820
7.8356 -1.5993 5.5227
7.8791 -1.6305 5.4880
7.9138 -1.6625 5.4603
7.9415 -1.6952 5.4382
7.9619 -1.7289 5.4220
7.9661 -1.7662 5.4187
7.9716 -1.8031 5.4143
8.0110 -1.8304 5.3828
8.0439 -1.8586 5.3566
8.0701 -1.8880 5.3357
8.0903 -1.9187 5.3196
8.1013 -1.9518 5.3109
8.0875 -1.9931 5.3219
8.1228 -2.0174 5.2937
8.1526 -2.0429 5.2699
8.1786 -2.0690 5.2492
8.2003 -2.0962 5.2320
8.2172 -2.1247 5.2184
8.2239 -2.1571 5.2132
8.3040 -2.1577 5.1493
8.4123 -2.1439 5.0630
8.4553 -2.1570 5.0287
8.4868 -2.1745 5.0035
8.5134 -2.1934 4.9823
8.5371 -2.2132 4.9634
8.5582 -2.2336 4.9466
8.5769 -2.2548 4.9317
8.5930 -2.2769 4.9189
8.6059 -2.3003 4.9086
8.6483 -2.3070 4.8748
8.6280 -2.3482 4.8909
8.5934 -2.3983 4.9186
8.5720 -2.4414 4.9356
8.5487 -2.4862 4.9542
8.5274 -2.5303 4.9712
8.5066 -2.5747 4.9877
6.7944 -1.1572 6.2902
6.8288 -1.2080 6.2633
6.9615 -1.2519 6.1595
7.1346 -1.2894 6.0241
7.1873 -1.3331 5.9828
7.2242 -1.3771 5.9540
7.2444 -1.4220 5.9382
7.2383 -1.4697 5.9429
7.2869 -1.5100 5.9049
7.3253 -1.5506 5.8748
7.4485 -1.5766 5.7784
7.4969 -1.6125 5.7406
7.5330 -1.6495 5.7123
7.8305 -1.6334 5.4796
7.8901 -1.6603 5.4330
7.9308 -1.6901 5.4012
7.9638 -1.7206 5.3753
7.9900 -1.7520 5.3548
8.0094 -1.7845 5.3396
8.0143 -1.8205 5.3358
8.0162 -1.8573 5.3343
8.0556 -1.8827 5.3035
8.0866 -1.9099 5.2793
8.1123 -1.9379 5.2591
8.1333 -1.9669 5.2427
8.1465 -1.9981 5.2323
8.1246 -2.0417 5.2495
8.1601 -2.0643 5.2217
8.1899 -2.0883 5.1984
8.2157 -2.1131 5.1782
8.2379 -2.1387 5.1608
8.2566 -2.1653 5.1462
8.2690 -2.1942 5.1365
8.3279 -2.2018 5.0905
8.3688 -2.2163 5.0584
8.4789 -2.1969 4.9723
8.5119 -2.2124 4.9465
8.5394 -2.2297 4.9250
8.5635 -2.2481 4.9061
8.5851 -2.2672 4.8893
8.6043 -2.2870 4.8742
8.6213 -2.3077 4.8609
8.6072 -2.3453 4.8719
8.5671 -2.3983 4.9033
8.5455 -2.4413 4.9202
8.5222 -2.4860 4.9384
8.5007 -2.5301 4.9553
6.7691 -1.1564 6.2484
6.8332 -1.2056 6.1992
6.8774 -1.2544 6.1652
6.9812 -1.2976 6.0855
7.1504 -1.3327 5.9556
7.2152 -1.3739 5.9058
7.2600 -1.4157 5.8715
7.2919 -1.4580 5.8470
7.3034 -1.5023 5.8381
7.3091 -1.5471 5.8338
7.3548 -1.5854 5.7987
7.4451 -1.6149 5.7293
7.5136 -1.6461 5.6768
7.5567 -1.6807 5.6437
7.5902 -1.7163 5.6180
7.8891 -1.6919 5.3885
7.9417 -1.7180 5.3481
7.9797 -1.7465 5.3189
8.0109 -1.7757 5.2949
8.0348 -1.8062 5.2766
8.0512 -1.8382 5.2640
8.0566 -1.8730 5.2599
8.0613 -1.9080 5.2563
8.0972 -1.9327 5.2287
8.1275 -1.9585 5.2054
8.1528 -1.9853 5.1860
8.1736 -2.0130 5.1700
8.1878 -2.0427 5.1591
8.1596 -2.0882 5.1808
8.1953 -2.1093 5.1534
8.2246 -2.1320 5.1309
8.2508 -2.1553 5.1107
8.2733 -2.1795 5.0935
8.2924 -2.2047 5.0788
8.3072 -2.2315 5.0675
8.3102 -2.2633 5.0651
8.3945 -2.2560 5.0004
8.4986 -2.2367 4.9205
8.5353 -2.2490 4.8923
8.5637 -2.2647 4.8705
8.5882 -2.2818 4.8517
8.6020 -2.3042 4.8411
8.5814 -2.3453 4.8569
8.5604 -2.3871 4.8730
8.4951 -2.4552 4.9232
8.4957 -2.4858 4.9227
8.4740 -2.5299 4.9394
6.6951 -1.1575 6.2439
6.7778 -1.2061 6.1816
6.8645 -1.2525 6.1162
6.9173 -1.2992 6.0764
6.9517 -1.3462 6.0505
7.0706 -1.3841 5.9609
7.2356 -1.4140 5.8366
7.2900 -1.4534 5.7956
7.3296 -1.4934 5.7657
7.3558 -1.5345 5.7460
7.3214 -1.5845 5.7719
7.3767 -1.6201 5.7302
7.4188 -1.6567 5.6985
7.5195 -1.6808 5.6226
7.5734 -1.7122 5.5821
7.6130 -1.7454 5.5522
7.6441 -1.7795 5.5287
7.9424 -1.7477 5.3040
7.9905 -1.7727 5.2677
8.0233 -1.8007 5.2430
8.0523 -1.8290 5.2211
8.0763 -1.8580 5.2031
8.0940 -1.8883 5.1897
8.0995 -1.9221 5.1856
8.1016 -1.9569 5.1840
8.1368 -1.9803 5.1575
8.1663 -2.0049 5.1353
8.1913 -2.0304 5.1164
8.2118 -2.0569 5.1009
8.2254 -2.0857 5.0907
8.2250 -2.1198 5.0910
8.2277 -2.1526 5.0890
8.2578 -2.1737 5.0663
8.2839 -2.1957 5.0466
8.3068 -2.2186 5.0294
8.3264 -2.2424 5.0146
8.3420 -2.2677 5.0029
8.3514 -2.2956 4.9958
8.4174 -2.2949 4.9460
8.4515 -2.3090 4.9204
8.5566 -2.2849 4.8412
8.5763 -2.3041 4.8263
8.5555 -2.3452 4.8420
8.5109 -2.4002 4.8756
8.4893 -2.4431 4.8919
8.4673 -2.4867 4.9084
8.4192 -2.5465 4.9447
8.4228 -2.5759 4.9420
6.6754 -1.1565 6.1983
6.7360 -1.2060 6.1536
6.7740 -1.2553 6.1255
6.8891 -1.2981 6.0404
6.9510 -1.3426 5.9946
6.9930 -1.3875 5.9635
7.0837 -1.4262 5.8964
7.2428 -1.4543 5.7788
7.3150 -1.4902 5.7253
7.3601 -1.5283 5.6920
7.3926 -1.5672 5.6679
7.4102 -1.6079 5.6549
7.3945 -1.6542 5.6665
7.4417 -1.6887 5.6316
7.4774 -1.7244 5.6052
7.5818 -1.7443 5.5280
7.6298 -1.7747 5.4925
7.6662 -1.8067 5.4656
7.6949 -1.8397 5.4443
7.9899 -1.8012 5.2262
8.0330 -1.8256 5.1943
8.0669 -1.8517 5.1692
8.0949 -1.8787 5.1485
8.1178 -1.9067 5.1316
8.1348 -1.9360 5.1191
8.1402 -1.9689 5.1150
8.1400 -2.0036 5.1152
8.1745 -2.0257 5.0897
8.2032 -2.0491 5.0684
8.2266 -2.0739 5.0511
8.2468 -2.0994 5.0362
8.2626 -2.1262 5.0245
8.2681 -2.1570 5.0204
8.2590 -2.1940 5.0272
8.2896 -2.2135 5.0046
8.3155 -2.2344 4.9854
8.3383 -2.2561 4.9685
8.3582 -2.2787 4.9538
8.3749 -2.3024 4.9414
8.3866 -2.3282 4.9328
8.4368 -2.3337 4.8957
8.4746 -2.3446 4.8677
8.5032 -2.3596 4.8466
8.4845 -2.4003 4.8604
8.4626 -2.4431 4.8766
8.4410 -2.4864 4.8925
8.4102 -2.5356 4.9153
8.3956 -2.5758 4.9261
8.3724 -2.6217 4.9433
6.6789 -1.1030 6.1367
6.6949 -1.1542 6.1251
6.7014 -1.2055 6.1204
6.7727 -1.2527 6.0687
6.8167 -1.3002 6.0367
6.8958 -1.3437 5.9793
6.9794 -1.3848 5.9186
7.0282 -1.4277 5.8832
7.0609 -1.4714 5.8595
7.1700 -1.5042 5.7803
7.3307 -1.5270 5.6636
7.3845 -1.5626 5.6246
7.4230 -1.5994 5.5966
7.4491 -1.6376 5.5776
7.4567 -1.6787 5.5721
7.4583 -1.7208 5.5710
7.4999 -1.7543 5.5408
7.5319 -1.7889 5.5175
7.6399 -1.8046 5.4391
7.6831 -1.8340 5.4078
7.7167 -1.8648 5.3834
7.7432 -1.8969 5.3641
8.0357 -1.8518 5.1518
8.0766 -1.8751 5.1221
8.1089 -1.9001 5.0987
8.1355 -1.9261 5.0794
8.1574 -1.9531 5.0635
8.1736 -1.9815 5.0517
8.1790 -2.0134 5.0478
8.1766 -2.0481 5.0495
8.2092 -2.0694 5.0259
8.2372 -2.0918 5.0056
8.2613 -2.1151 4.9881
8.2816 -2.1393 4.9733
8.2974 -2.1651 4.9619
8.3057 -2.1938 4.9558
8.2889 -2.2337 4.9680
8.3194 -2.2519 4.9459
8.3457 -2.2715 4.9268
8.3684 -2.2921 4.9103
8.3884 -2.3136 4.8958
8.4054 -2.3361 4.8835
8.4189 -2.3600 4.8736
8.4251 -2.3876 4.8691
8.4580 -2.4003 4.8452
8.4368 -2.4427 4.8606
8.4144 -2.4863 4.8769
8.3881 -2.5327 4.8960
8.3685 -2.5757 4.9103
6.6704 -1.1022 6.0850
6.7168 -1.1519 6.0519
6.7458 -1.2013 6.0313
6.5242 -1.2648 6.1892
6.8039 -1.2980 5.9899
6.8542 -1.3436 5.9540
6.8871 -1.3896 5.9306
7.0018 -1.4262 5.8488
7.0593 -1.4667 5.8079
7.0977 -1.5085 5.7805
7.1779 -1.5433 5.7234
7.2468 -1.5780 5.6743
7.4047 -1.5963 5.5618
7.4482 -1.6312 5.5308
7.4805 -1.6672 5.5078
7.5018 -1.7046 5.4926
7.4671 -1.7535 5.5173
7.5175 -1.7841 5.4814
7.5546 -1.8165 5.4550
7.6330 -1.8379 5.3991
7.6935 -1.8620 5.3560
7.7331 -1.8904 5.3278
7.7646 -1.9202 5.3053
7.7891 -1.9513 5.2878
8.0800 -1.8997 5.0806
8.1181 -1.9221 5.0534
8.1489 -1.9461 5.0315
8.1741 -1.9712 5.0136
8.1951 -1.9973 4.9986
8.2113 -2.0246 4.9870
8.2183 -2.0550 4.9820
8.2106 -2.0910 4.9876
8.2436 -2.1107 4.9640
8.2709 -2.1321 4.9446
8.2944 -2.1544 4.9278
8.3147 -2.1776 4.9134
8.3306 -2.2022 4.9020
8.3410 -2.2291 4.8946
8.3172 -2.2719 4.9116
8.3479 -2.2888 4.8897
8.3740 -2.3072 4.8711
8.3969 -2.3267 4.8548
8.4171 -2.3470 4.8404
8.4346 -2.3683 4.8279
8.4322 -2.4000 4.8296
8.4100 -2.4428 4.8454
8.3877 -2.4862 4.8613
8.2949 -2.5711 4.9274
8.3413 -2.5757 4.8944
6.6943 -1.1511 6.0115
6.7504 -1.1990 5.9723
6.7859 -1.2468 5.9475
6.7985 -1.2954 5.9386
6.8288 -1.3422 5.9175
6.8873 -1.3856 5.8765
6.9267 -1.4297 5.8490
7.0150 -1.4672 5.7872
7.0846 -1.5050 5.7385
7.1281 -1.5448 5.7081
7.1566 -1.5859 5.6882
7.2625 -1.6136 5.6141
7.4169 -1.6303 5.5061
7.4687 -1.6626 5.4699
7.5062 -1.6966 5.4436
7.5338 -1.7318 5.4243
7.5495 -1.7689 5.4133
7.5287 -1.8143 5.4279
7.5722 -1.8443 5.3975
7.6058 -1.8759 5.3740
7.6938 -1.8920 5.3124
7.7443 -1.9166 5.2771
7.7806 -1.9441 5.2517
7.8064 -1.9740 5.2337
7.8292 -2.0043 5.2177
8.1220 -1.9453 5.0129
8.1577 -1.9670 4.9880
8.1862 -1.9903 4.9680
8.2107 -2.0144 4.9509
8.2311 -2.0395 4.9367
8.2466 -2.0659 4.9258
8.2536 -2.0954 4.9209
8.2440 -2.1316 4.9276
8.2763 -2.1503 4.9050
8.3031 -2.1707 4.8863
8.3262 -2.1920 4.8701
8.3460 -2.2143 4.8562
8.3624 -2.2377 4.8448
8.3734 -2.2634 4.8371
8.3436 -2.3089 4.8579
8.3753 -2.3241 4.8358
8.4012 -2.3415 4.8176
8.4240 -2.3600 4.8017
8.4062 -2.3998 4.8142
8.3837 -2.4426 4.8299
8.3590 -2.4873 4.8472
8.3155 -2.5433 4.8776
8.3105 -2.5777 4.8811
6.4750 -1.1046 6.1068
6.5208 -1.1556 6.0753
6.7131 -1.1987 5.9433
6.7803 -1.2446 5.8971
6.8212 -1.2908 5.8691
6.8445 -1.3375 5.8531
6.8432 -1.3858 5.8540
6.9160 -1.4265 5.8040
6.9603 -1.4688 5.7736
6.9899 -1.5120 5.7532
7.1051 -1.5425 5.6741
7.1553 -1.5802 5.6397
7.1904 -1.6192 5.6156
7.2670 -1.6501 5.5630
7.3329 -1.6812 5.5178
7.4843 -1.6939 5.4138
7.5276 -1.7257 5.3841
7.5603 -1.7588 5.3616
7.5836 -1.7934 5.3456
7.5922 -1.8310 5.3397
7.5853 -1.8723 5.3445
7.6240 -1.9016 5.3179
7.6542 -1.9325 5.2972
7.7478 -1.9441 5.2329
7.7890 -1.9695 5.2046
7.8227 -1.9962 5.1815
7.8495 -2.0244 5.1631
8.1113 -1.9728 4.9833
8.1601 -1.9894 4.9498
8.1943 -2.0101 4.9264
8.2225 -2.0322 4.9070
8.2458 -2.0555 4.8910
8.2654 -2.0798 4.8775
8.2804 -2.1054 4.8672
8.2873 -2.1341 4.8624
8.2760 -2.1705 4.8702
8.3075 -2.1883 4.8486
8.3339 -2.2076 4.8305
8.3565 -2.2280 4.8150
8.3761 -2.2494 4.8015
8.3925 -2.2719 4.7903
8.4043 -2.2963 4.7822
8.4051 -2.3260 4.7816
8.4009 -2.3584 4.7845
8.3801 -2.3997 4.7987
8.3555 -2.4436 4.8157
8.3324 -2.4871 4.8315
8.3090 -2.5314 4.8476
8.2832 -2.5777 4.8653
6.4783 -1.1035 6.0476
6.5173 -1.1542 6.0213
6.5214 -1.2055 6.0185
6.6378 -1.2504 5.9401
6.8065 -1.2889 5.8264
6.8529 -1.3334 5.7951
6.8829 -1.3784 5.7749
6.8868 -1.4253 5.7723
6.9387 -1.4667 5.7373
6.9908 -1.5068 5.7022
7.0279 -1.5478 5.6772
7.1189 -1.5799 5.6158
7.1790 -1.6148 5.5753
7.2173 -1.6522 5.5495
7.2458 -1.6904 5.5303
7.3454 -1.7141 5.4632
7.4912 -1.7260 5.3649
7.5449 -1.7546 5.3287
7.5824 -1.7858 5.3035
7.6106 -1.8182 5.2844
7.6297 -1.8524 5.2715
7.6231 -1.8929 5.2760
7.6376 -1.9277 5.2662
7.6723 -1.9564 5.2428
7.6997 -1.9865 5.2244
7.7943 -1.9951 5.1606
7.8341 -2.0192 5.1338
7.8653 -2.0452 5.1128
7.8907 -2.0725 5.0957
8.1505 -2.0156 4.9205
8.1980 -2.0309 4.8885
8.2303 -2.0509 4.8668
8.2570 -2.0723 4.8487
8.2795 -2.0948 4.8336
8.2983 -2.1183 4.8209
8.3127 -2.1433 4.8112
8.3196 -2.1711 4.8066
8.3067 -2.2077 4.8153
8.3374 -2.2246 4.7946
8.3634 -2.2429 4.7770
8.3856 -2.2626 4.7621
8.4049 -2.2831 4.7491
8.4016 -2.3146 4.7513
8.3793 -2.3560 4.7663
8.3541 -2.3995 4.7833
8.3291 -2.4434 4.8001
8.3059 -2.4870 4.8158
8.2801 -2.5325 4.8332
8.2558 -2.5777 4.8495
6.5149 -1.1527 5.9676
6.5564 -1.2019 5.9401
6.5704 -1.2517 5.9309
6.6713 -1.2953 5.8641
6.8281 -1.3321 5.7603
6.8814 -1.3748 5.7251
6.9172 -1.4180 5.7014
6.9345 -1.4625 5.6900
6.9544 -1.5063 5.6768
7.0174 -1.5438 5.6351
7.0597 -1.5829 5.6071
7.0879 -1.6233 5.5884
7.1949 -1.6496 5.5176
7.2421 -1.6843 5.4864
7.2759 -1.7205 5.4640
7.2972 -1.7586 5.4499
7.4108 -1.7762 5.3748
7.5562 -1.7839 5.2786
7.6001 -1.8127 5.2495
7.6329 -1.8432 5.2279
7.6574 -1.8751 5.2116
7.6718 -1.9092 5.2021
7.6461 -1.9544 5.2191
7.6873 -1.9804 5.1918
7.7190 -2.0084 5.1708
7.7801 -2.0263 5.1305
7.8407 -2.0430 5.0903
7.8771 -2.0665 5.0662
7.9060 -2.0919 5.0472
7.9298 -2.1185 5.0314
8.1923 -2.0548 4.8577
8.2339 -2.0707 4.8302
8.2647 -2.0899 4.8098
8.2901 -2.1106 4.7930
8.3116 -2.1324 4.7788
8.3298 -2.1552 4.7668
8.3436 -2.1795 4.7576
8.3505 -2.2065 4.7530
8.3361 -2.2435 4.7626
8.3661 -2.2594 4.7427
8.3915 -2.2770 4.7259
8.3759 -2.3145 4.7362
8.3535 -2.3559 4.7511
8.3294 -2.3986 4.7670
8.3064 -2.4413 4.7822
8.2793 -2.4868 4.8001
8.2218 -2.5499 4.8382
8.2285 -2.5777 4.8338
6.3299 -1.1575 6.0335
6.5508 -1.2002 5.8900
6.5957 -1.2478 5.8608
6.6154 -1.2962 5.8480
6.7021 -1.3388 5.7917
6.8429 -1.3746 5.7003
6.9080 -1.4148 5.6580
6.9467 -1.4566 5.6328
6.9697 -1.4995 5.6179
6.7912 -1.5691 5.7338
7.0391 -1.5802 5.5728
7.0871 -1.6173 5.5417
7.1228 -1.6554 5.5184
7.2074 -1.6839 5.4635
7.2633 -1.7159 5.4272
7.3018 -1.7502 5.4022
7.3292 -1.7861 5.3844
7.4188 -1.8073 5.3262
7.5574 -1.8149 5.2362
7.6138 -1.8397 5.1995
7.6514 -1.8681 5.1751
7.6803 -1.8981 5.1563
7.6993 -1.9301 5.1440
7.7033 -1.9662 5.1413
7.6997 -2.0045 5.1437
7.7345 -2.0307 5.1211
7.7620 -2.0585 5.1033
7.8373 -2.0696 5.0543
7.8840 -2.0889 5.0240
7.9176 -2.1119 5.0022
7.9447 -2.1366 4.9846
7.9666 -2.1626 4.9703
8.2298 -2.0930 4.7994
8.2682 -2.1087 4.7744
8.2976 -2.1272 4.7554
8.3217 -2.1473 4.7397
8.3424 -2.1684 4.7262
8.3599 -2.1905 4.7149
8.3732 -2.2141 4.7062
8.3801 -2.2405 4.7017
8.3642 -2.2778 4.7121
8.3503 -2.3144 4.7211
8.3276 -2.3557 4.7358
8.3033 -2.3985 4.7516
8.2801 -2.4412 4.7667
8.2520 -2.4871 4.7850
8.2275 -2.5316 4.8008
8.2005 -2.5781 4.8184
6.3637 -1.2066 5.9565
6.5863 -1.2460 5.8146
6.6335 -1.2921 5.7845
6.6571 -1.3390 5.7694
6.7308 -1.3809 5.7224
6.7870 -1.4230 5.6866
6.9303 -1.4540 5.5952
6.9731 -1.4942 5.5679
7.0009 -1.5355 5.5502
7.0097 -1.5789 5.5445
7.0554 -1.6163 5.5154
7.1139 -1.6505 5.4781
7.1515 -1.6872 5.4541
7.1767 -1.7254 5.4380
7.2804 -1.7473 5.3719
7.3243 -1.7795 5.3439
7.3562 -1.8134 5.3236
7.3772 -1.8492 5.3102
7.4817 -1.8640 5.2435
7.6224 -1.8672 5.1538
7.6664 -1.8931 5.1258
7.6971 -1.9217 5.1062
7.7216 -1.9515 5.0906
7.7376 -1.9833 5.0804
7.7052 -2.0299 5.1010
7.7462 -2.0534 5.0749
7.7774 -2.0793 5.0550
7.8026 -2.1066 5.0390
7.8838 -2.1132 4.9871
7.9236 -2.1334 4.9618
7.9552 -2.1557 4.9416
7.9813 -2.1795 4.9250
8.0022 -2.2049 4.9117
8.2655 -2.1296 4.7438
8.3010 -2.1450 4.7211
8.3289 -2.1630 4.7033
8.3520 -2.1825 4.6886
8.3720 -2.2030 4.6758
8.3696 -2.2334 4.6774
8.3476 -2.2734 4.6914
8.3054 -2.3237 4.7183
8.2904 -2.3613 4.7279
8.2772 -2.3984 4.7363
8.2496 -2.4433 4.7539
8.2253 -2.4870 4.7694
8.2006 -2.5315 4.7851
8.1732 -2.5781 4.8026
6.3872 -1.2546 5.8878
6.6192 -1.2902 5.7426
6.6690 -1.3349 5.7114
6.6957 -1.3804 5.6947
6.7566 -1.4219 5.6566
6.8173 -1.4622 5.6186
6.9496 -1.4924 5.5358
6.9976 -1.5308 5.5057
7.0302 -1.5704 5.4853
7.0473 -1.6116 5.4746
7.0564 -1.6538 5.4689
7.1344 -1.6837 5.4200
7.1769 -1.7184 5.3934
7.2069 -1.7547 5.3746
7.2923 -1.7788 5.3212
7.3435 -1.8084 5.2891
7.3797 -1.8405 5.2665
7.4058 -1.8742 5.2502
7.4859 -1.8936 5.2000
7.6124 -1.8989 5.1208
7.6770 -1.9185 5.0803
7.7135 -1.9447 5.0575
7.7418 -1.9726 5.0398
7.7628 -2.0022 5.0267
7.7746 -2.0342 5.0192
7.7534 -2.0769 5.0325
7.7896 -2.1004 5.0099
7.8184 -2.1257 4.9918
7.8409 -2.1527 4.9777
7.9249 -2.1561 4.9252
7.9628 -2.1754 4.9014
7.9922 -2.1973 4.8830
8.0166 -2.2206 4.8677
8.0363 -2.2453 4.8554
8.2995 -2.1646 4.6906
8.3325 -2.1798 4.6700
8.3588 -2.1974 4.6535
8.3443 -2.2334 4.6626
8.3221 -2.2733 4.6765
8.3050 -2.3112 4.6872
8.2818 -2.3526 4.7017
8.2521 -2.3977 4.7203
8.2319 -2.4386 4.7330
8.1986 -2.4869 4.7538
8.1637 -2.5368 4.7757
8.1459 -2.5780 4.7868
6.6510 -1.3331 5.6730
6.7031 -1.3761 5.6410
6.7339 -1.4202 5.6221
6.7789 -1.4620 5.5944
6.8450 -1.5003 5.5538
6.9635 -1.5302 5.4810
7.0199 -1.5664 5.4463
7.0541 -1.6048 5.4253
7.0777 -1.6441 5.4108
7.0800 -1.6867 5.4094
7.1507 -1.7165 5.3659
7.1993 -1.7491 5.3360
7.2335 -1.7836 5.3150
7.2565 -1.8198 5.3009
7.3592 -1.8372 5.2378
7.4001 -1.8673 5.2126
7.4302 -1.8991 5.1941
7.4508 -1.9328 5.1815
7.5471 -1.9453 5.1223
7.6835 -1.9443 5.0384
7.7266 -1.9679 5.0119
7.7586 -1.9940 4.9923
7.7833 -2.0216 4.9771
7.8011 -2.0510 4.9661
7.8076 -2.0839 4.9622
7.7983 -2.1221 4.9678
7.8308 -2.1454 4.9479
7.8556 -2.1709 4.9326
7.8761 -2.1975 4.9201
7.9651 -2.1966 4.8654
7.9998 -2.2158 4.8440
8.0276 -2.2371 4.8269
8.0503 -2.2600 4.8130
8.0690 -2.2841 4.8015
8.3313 -2.1984 4.6403
8.3191 -2.2333 4.6478
8.2966 -2.2732 4.6616
8.2795 -2.3111 4.6721
8.2560 -2.3525 4.6866
8.2297 -2.3958 4.7027
8.2057 -2.4385 4.7175
8.1716 -2.4870 4.7384
8.1224 -2.5444 4.7686
8.1215 -2.5764 4.7692
6.6802 -1.3746 5.6067
6.7362 -1.4160 5.5729
6.7689 -1.4587 5.5531
6.7765 -1.5037 5.5486
6.8701 -1.5374 5.4921
6.9112 -1.5764 5.4673
7.0365 -1.6018 5.3917
7.0776 -1.6381 5.3669
7.1056 -1.6758 5.3500
7.1198 -1.7154 5.3414
7.1601 -1.7497 5.3171
7.2188 -1.7793 5.2817
7.2570 -1.8120 5.2586
7.2845 -1.8464 5.2420
7.3701 -1.8663 5.1904
7.4176 -1.8938 5.1617
7.4515 -1.9239 5.1412
7.4764 -1.9556 5.1262
7.5466 -1.9741 5.0839
7.5985 -1.9963 5.0526
7.7358 -1.9915 4.9697
7.7723 -2.0155 4.9477
7.8005 -2.0413 4.9307
7.8224 -2.0687 4.9174
7.8372 -2.0980 4.9085
7.8335 -2.1337 4.9108
7.8393 -2.1659 4.9072
7.8685 -2.1891 4.8896
7.8924 -2.2138 4.8752
7.9547 -2.2225 4.8376
8.0035 -2.2354 4.8082
8.0352 -2.2545 4.7890
8.0612 -2.2754 4.7734
8.0827 -2.2977 4.7604
8.1003 -2.3214 4.7497
8.2599 -2.2784 4.6534
8.2539 -2.3110 4.6571
8.2302 -2.3524 4.6714
8.2037 -2.3956 4.6873
8.1795 -2.4383 4.7020
8.1450 -2.4869 4.7228
8.1196 -2.5314 4.7381
8.0942 -2.5764 4.7534
8.0684 -2.6222 4.7690
6.7075 -1.4149 5.5430
6.7690 -1.4544 5.5066
6.8034 -1.4959 5.4862
6.8150 -1.5395 5.4793
6.8960 -1.5732 5.4314
6.9395 -1.6108 5.4056
7.0524 -1.6362 5.3387
7.0989 -1.6707 5.3112
7.1306 -1.7068 5.2924
7.1506 -1.7446 5.2805
7.1417 -1.7877 5.2858
7.2349 -1.8092 5.2306
7.2779 -1.8400 5.2051
7.3091 -1.8726 5.1866
7.3686 -1.8976 5.1514
7.4319 -1.9203 5.1139
7.4702 -1.9484 5.0912
7.4985 -1.9784 5.0744
7.5198 -2.0099 5.0618
7.6062 -2.0213 5.0106
7.7387 -2.0165 4.9321
7.7829 -2.0373 4.9059
7.8149 -2.0612 4.8870
7.8401 -2.0868 4.8720
7.8581 -2.1144 4.8614
7.8694 -2.1440 4.8547
7.8451 -2.1868 4.8691
7.8786 -2.2078 4.8492
7.9054 -2.2307 4.8334
7.9269 -2.2552 4.8206
7.9989 -2.2581 4.7780
8.0392 -2.2730 4.7541
8.0692 -2.2916 4.7363
8.0933 -2.3122 4.7220
8.1137 -2.3340 4.7099
8.1301 -2.3573 4.7002
8.1414 -2.3827 4.6935
8.1778 -2.3955 4.6720
8.1434 -2.4432 4.6923
8.1183 -2.4868 4.7072
8.0926 -2.5314 4.7225
8.0669 -2.5764 4.7376
6.7355 -1.4538 5.4804
6.8004 -1.4916 5.4427
6.8351 -1.5319 5.4225
6.8507 -1.5741 5.4134
6.9182 -1.6083 5.3741
6.9663 -1.6441 5.3461
7.0631 -1.6706 5.2899
7.1178 -1.7026 5.2580
7.1532 -1.7372 5.2374
7.1775 -1.7733 5.2234
7.1867 -1.8120 5.2180
7.2457 -1.8394 5.1837
7.2961 -1.8676 5.1543
7.3310 -1.8985 5.1340
7.3562 -1.9312 5.1194
7.4419 -1.9472 5.0695
7.4839 -1.9734 5.0451
7.5172 -2.0013 5.0257
7.5424 -2.0309 5.0111
7.6010 -2.0497 4.9770
7.6569 -2.0680 4.9445
7.7896 -2.0598 4.8673
7.8252 -2.0819 4.8466
7.8537 -2.1057 4.8300
7.8760 -2.1311 4.8170
7.8925 -2.1582 4.8074
7.8994 -2.1887 4.8034
7.8856 -2.2271 4.8115
7.9157 -2.2482 4.7940
7.9402 -2.2708 4.7797
7.9600 -2.2950 4.7682
8.0373 -2.2936 4.7232
8.0735 -2.3090 4.7022
8.1012 -2.3275 4.6861
8.1242 -2.3476 4.6727
8.1436 -2.3689 4.6614
8.1338 -2.4041 4.6671
8.1089 -2.4471 4.6816
8.0916 -2.4867 4.6916
8.0607 -2.5339 4.7096
8.0396 -2.5764 4.7219
6.7599 -1.4918 5.4213
6.8286 -1.5279 5.3820
6.8645 -1.5670 5.3616
6.8812 -1.6082 5.3520
6.9385 -1.6426 5.3193
6.9914 -1.6765 5.2891
7.0239 -1.7130 5.2706
7.1343 -1.7340 5.2075
7.1738 -1.7669 5.1849
7.2015 -1.8014 5.1691
7.2175 -1.8380 5.1600
7.0853 -1.9086 5.2355
7.3115 -1.8950 5.1063
7.3506 -1.9241 5.0840
7.3792 -1.9550 5.0677
7.4349 -1.9780 5.0358
7.4960 -1.9982 5.0010
7.5336 -2.0241 4.9795
7.5620 -2.0520 4.9633
7.5827 -2.0817 4.9515
7.6612 -2.0921 4.9066
7.7887 -2.0843 4.8338
7.8334 -2.1026 4.8083
7.8658 -2.1244 4.7898
7.8911 -2.1482 4.7753
7.9111 -2.1734 4.7639
7.9250 -2.2006 4.7560
7.9251 -2.2329 4.7559
7.9232 -2.2662 4.7570
7.9509 -2.2870 4.7412
7.9733 -2.3094 4.7284
7.9915 -2.3334 4.7180
8.0733 -2.3280 4.6713
8.1062 -2.3436 4.6525
8.1320 -2.3619 4.6378
8.1076 -2.4040 4.6517
8.0826 -2.4469 4.6660
8.0596 -2.4894 4.6791
8.0337 -2.5338 4.6939
6.6466 -1.5459 5.4407
6.8563 -1.5630 5.3232
6.8931 -1.6009 5.3025
6.9131 -1.6408 5.2913
6.9563 -1.6763 5.2671
7.0155 -1.7080 5.2339
7.0497 -1.7433 5.2147
7.1476 -1.7652 5.1598
7.1923 -1.7961 5.1348
7.2230 -1.8292 5.1175
7.2435 -1.8640 5.1061
7.2482 -1.9022 5.1035
7.3232 -1.9226 5.0614
7.3678 -1.9494 5.0364
7.4008 -1.9784 5.0179
7.4230 -2.0098 5.0054
7.5040 -2.0235 4.9600
7.5475 -2.0468 4.9356
7.5791 -2.0730 4.9179
7.6032 -2.1010 4.9044
7.6193 -2.1311 4.8954
7.7090 -2.1356 4.8451
7.8375 -2.1243 4.7730
7.8754 -2.1435 4.7518
7.9037 -2.1655 4.7359
7.9266 -2.1890 4.7231
7.9441 -2.2142 4.7133
7.9547 -2.2419 4.7074
7.9274 -2.2851 4.7226
7.9590 -2.3037 4.7049
7.9842 -2.3245 4.6908
8.0051 -2.3466 4.6791
8.0212 -2.3705 4.6700
8.1063 -2.3616 4.6223
8.0815 -2.4039 4.6363
8.0375 -2.4560 4.6609
8.0329 -2.4893 4.6635
8.0068 -2.5337 4.6781
7.9863 -2.5757 4.6896
6.6671 -1.5834 5.3850
6.8824 -1.5971 5.2664
6.9209 -1.6338 5.2453
6.9428 -1.6724 5.2332
6.9670 -1.7102 5.2199
7.0379 -1.7388 5.1809
7.0747 -1.7727 5.1606
7.1560 -1.7965 5.1159
7.2085 -1.8249 5.0869
7.2425 -1.8564 5.0682
7.2665 -1.8897 5.0550
7.2793 -1.9252 5.0480
7.3275 -1.9513 5.0215
7.3857 -1.9737 4.9894
7.4197 -2.0016 4.9707
7.4450 -2.0314 4.9568
7.5004 -2.0516 4.9263
7.5586 -2.0698 4.8943
7.5940 -2.0941 4.8748
7.6210 -2.1204 4.8599
7.6411 -2.1486 4.8488
7.7097 -2.1592 4.8111
7.8281 -2.1504 4.7459
7.8817 -2.1633 4.7164
7.9140 -2.1832 4.6986
7.9397 -2.2051 4.6845
7.9600 -2.2286 4.6733
7.9751 -2.2538 4.6650
7.9820 -2.2822 4.6612
7.9643 -2.3212 4.6709
7.9926 -2.3401 4.6554
8.0162 -2.3605 4.6424
8.0350 -2.3826 4.6320
8.0499 -2.4063 4.6238
8.0429 -2.4403 4.6277
8.0061 -2.4892 4.6479
7.9777 -2.5347 4.6636
7.9591 -2.5757 4.6738
7.9317 -2.6216 4.6889
6.9073 -1.6302 5.2117
6.9473 -1.6657 5.1901
6.9715 -1.7031 5.1770
6.9743 -1.7440 5.1755
7.0594 -1.7688 5.1295
7.0979 -1.8013 5.1087
7.1227 -1.8361 5.0953
7.2225 -1.8533 5.0413
7.2603 -1.8832 5.0209
7.2873 -1.9150 5.0063
7.3048 -1.9487 4.9969
7.3037 -1.9869 4.9975
7.3985 -1.9986 4.9463
7.4363 -2.0247 4.9258
7.4645 -2.0529 4.9106
7.4847 -2.0830 4.8997
7.5660 -2.0933 4.8557
7.6067 -2.1151 4.8337
7.6367 -2.1398 4.8175
7.6613 -2.1658 4.8042
7.6776 -2.1942 4.7954
7.7584 -2.1985 4.7517
7.8830 -2.1845 4.6844
7.9217 -2.2014 4.6635
7.9504 -2.2215 4.6480
7.9734 -2.2434 4.6356
7.9916 -2.2668 4.6257
8.0043 -2.2922 4.6188
8.0060 -2.3222 4.6179
7.9986 -2.3564 4.6220
8.0249 -2.3750 4.6077
8.0420 -2.3975 4.5985
8.0164 -2.4403 4.6124
7.9236 -2.5167 4.6625
7.9578 -2.5311 4.6440
7.9319 -2.5756 4.6580
6.9308 -1.6625 5.1589
6.9728 -1.6967 5.1366
6.9983 -1.7330 5.1230
7.0064 -1.7722 5.1188
7.0790 -1.7981 5.0803
7.1205 -1.8292 5.0582
7.1469 -1.8628 5.0442
7.2336 -1.8817 4.9982
7.2764 -1.9096 4.9755
7.3062 -1.9399 4.9597
7.3269 -1.9720 4.9487
7.3386 -2.0062 4.9425
7.4077 -2.0238 4.9058
7.4508 -2.0477 4.8830
7.4819 -2.0743 4.8665
7.5053 -2.1028 4.8541
7.5647 -2.1190 4.8226
7.6169 -2.1364 4.7949
7.6514 -2.1589 4.7766
7.6775 -2.1838 4.7627
7.6972 -2.2104 4.7523
7.7556 -2.2220 4.7213
7.8014 -2.2373 4.6970
7.9262 -2.2203 4.6308
7.9590 -2.2383 4.6134
7.9847 -2.2585 4.5998
8.0053 -2.2804 4.5888
8.0214 -2.3039 4.5803
8.0312 -2.3298 4.5750
8.0208 -2.3648 4.5806
8.0157 -2.3975 4.5833
7.9899 -2.4403 4.5970
7.9562 -2.4873 4.6148
7.9293 -2.5318 4.6291
7.9048 -2.5755 4.6422
6.9537 -1.6939 5.1076
6.9971 -1.7268 5.0849
7.0243 -1.7620 5.0708
7.0361 -1.7998 5.0646
7.0974 -1.8268 5.0327
7.1415 -1.8564 5.0097
7.1700 -1.8887 4.9949
7.2399 -1.9105 4.9585
7.2895 -1.9359 4.9327
7.3216 -1.9649 4.9159
7.3465 -1.9953 4.9030
7.3625 -2.0276 4.8946
7.4078 -2.0511 4.8710
7.4631 -2.0706 4.8422
7.4976 -2.0955 4.8243
7.5236 -2.1225 4.8107
7.5422 -2.1514 4.8010
7.6243 -2.1581 4.7583
7.6629 -2.1785 4.7381
7.6917 -2.2018 4.7232
7.7142 -2.2268 4.7114
7.7300 -2.2539 4.7032
7.8043 -2.2576 4.6645
7.9248 -2.2412 4.6017
7.9652 -2.2556 4.5807
7.9939 -2.2740 4.5657
8.0169 -2.2944 4.5538
8.0355 -2.3162 4.5441
8.0350 -2.3464 4.5443
8.0098 -2.3880 4.5575
7.9633 -2.4402 4.5817
7.9295 -2.4873 4.5993
7.9023 -2.5317 4.6135
7.8832 -2.5726 4.6234
7.8553 -2.6184 4.6379
6.9745 -1.7246 5.0584
7.0204 -1.7562 5.0349
7.0491 -1.7903 5.0203
7.0634 -1.8268 5.0129
7.1140 -1.8550 4.9871
7.1618 -1.8829 4.9626
7.1918 -1.9141 4.9473
7.2101 -1.9477 4.9379
7.2982 -1.9627 4.8929
7.3367 -1.9893 4.8732
7.3643 -2.0182 4.8591
7.3836 -2.0490 4.8492
7.3916 -2.0828 4.8451
7.4726 -2.0938 4.8037
7.5115 -2.1166 4.7838
7.5400 -2.1421 4.7692
7.5601 -2.1699 4.7589
7.6237 -2.1821 4.7264
7.6721 -2.1984 4.7017
7.7041 -2.2199 4.6853
7.7290 -2.2434 4.6726
7.7479 -2.2687 4.6629
7.7958 -2.2821 4.6384
7.8459 -2.2936 4.6128
7.9680 -2.2739 4.5504
8.0011 -2.2900 4.5335
8.0265 -2.3088 4.5205
8.0094 -2.3463 4.5292
7.9840 -2.3879 4.5422
7.9224 -2.4470 4.5737
7.9028 -2.4872 4.5837
7.8747 -2.5320 4.5981
7.8562 -2.5725 4.6076
7.8280 -2.6183 4.6220
6.9947 -1.7545 5.0106
7.0430 -1.7847 4.9863
7.0727 -1.8177 4.9714
7.0895 -1.8530 4.9630
7.1276 -1.8831 4.9439
7.1807 -1.9089 4.9172
7.2130 -1.9388 4.9010
7.2370 -1.9702 4.8890
7.3057 -1.9891 4.8545
7.3499 -2.0135 4.8323
7.3802 -2.0410 4.8171
7.4022 -2.0703 4.8060
7.4155 -2.1019 4.7994
7.4774 -2.1179 4.7683
7.5234 -2.1377 4.7452
7.5540 -2.1619 4.7298
7.5776 -2.1879 4.7180
7.5944 -2.2159 4.7096
7.6783 -2.2189 4.6675
7.7146 -2.2381 4.6492
7.7420 -2.2601 4.6355
7.7636 -2.2839 4.6246
7.7790 -2.3097 4.6169
7.8471 -2.3133 4.5827
7.9624 -2.2954 4.5248
8.0055 -2.3067 4.5032
7.9838 -2.3461 4.5141
7.9582 -2.3877 4.5269
7.8933 -2.4481 4.5595
7.8760 -2.4872 4.5682
7.8464 -2.5325 4.5831
7.8291 -2.5724 4.5917
7.0125 -1.7840 4.9650
7.0645 -1.8125 4.9394
7.0957 -1.8444 4.9240
7.1139 -1.8787 4.9150
7.1355 -1.9118 4.9044
7.1998 -1.9340 4.8727
7.2353 -1.9624 4.8552
7.2581 -1.9933 4.8440
7.3025 -2.0179 4.8221
7.3614 -2.0375 4.7931
7.3947 -2.0634 4.7767
7.4191 -2.0914 4.7646
7.4359 -2.1214 4.7564
7.4410 -2.1548 4.7539
7.5328 -2.1591 4.7086
7.5673 -2.1813 4.6916
7.5933 -2.2059 4.6788
7.6128 -2.2323 4.6692
7.6791 -2.2408 4.6365
7.7231 -2.2566 4.6148
7.7533 -2.2770 4.5999
7.7772 -2.2993 4.5882
7.7955 -2.3234 4.5792
7.8073 -2.3499 4.5733
7.8878 -2.3465 4.5337
7.9582 -2.3460 4.4990
7.8938 -2.4050 4.5307
7.8670 -2.4479 4.5439
7.8593 -2.4824 4.5477
7.8317 -2.5266 4.5613
7.7983 -2.5742 4.5778
7.0287 -1.8129 4.9211
7.0850 -1.8396 4.8939
7.1175 -1.8705 4.8782
7.1369 -1.9038 4.8688
7.1373 -1.9414 4.8686
7.2173 -1.9588 4.8299
7.2542 -1.9860 4.8120
7.2787 -2.0158 4.8002
7.2921 -2.0483 4.7937
7.3707 -2.0615 4.7557
7.4079 -2.0856 4.7377
7.4347 -2.1123 4.7247
7.4541 -2.1408 4.7154
7.4667 -2.1712 4.7093
7.5395 -2.1808 4.6740
7.5786 -2.2009 4.6551
7.6074 -2.2238 4.6412
7.6293 -2.2488 4.6306
7.6448 -2.2758 4.6231
7.7288 -2.2757 4.5825
7.7631 -2.2940 4.5659
7.7892 -2.3148 4.5533
7.8099 -2.3375 4.5432
7.8250 -2.3621 4.5359
7.8868 -2.3659 4.5060
7.8678 -2.4048 4.5152
7.8444 -2.4461 4.5265
7.8327 -2.4823 4.5322
7.8049 -2.5265 4.5456
7.7712 -2.5741 4.5620
7.7424 -2.6199 4.5759
7.0377 -1.8426 4.8816
7.1050 -1.8660 4.8496
7.1358 -1.8965 4.8350
7.1562 -1.9289 4.8253
7.1623 -1.9646 4.8224
7.2333 -1.9832 4.7887
7.2718 -2.0091 4.7704
7.2979 -2.0379 4.7580
7.3138 -2.0691 4.7505
7.3765 -2.0859 4.7207
7.4196 -2.1077 4.7002
7.4489 -2.1329 4.6863
7.4718 -2.1597 4.6754
7.4865 -2.1889 4.6684
7.5386 -2.2047 4.6437
7.5882 -2.2205 4.6202
7.6198 -2.2419 4.6052
7.6442 -2.2653 4.5936
7.6623 -2.2908 4.5850
7.7298 -2.2963 4.5529
7.7709 -2.3112 4.5334
7.7996 -2.3305 4.5198
7.8225 -2.3517 4.5089
7.8401 -2.3748 4.5005
7.8521 -2.4000 4.4949
7.8260 -2.4423 4.5072
7.8062 -2.4822 4.5166
7.7693 -2.5306 4.5342
7.7441 -2.5740 4.5461
7.1215 -1.8923 4.8079
7.1556 -1.9214 4.7920
7.1777 -1.9527 4.7817
7.1872 -1.9869 4.7772
7.2470 -2.0074 4.7494
7.2890 -2.0317 4.7298
7.3164 -2.0594 4.7170
7.3341 -2.0895 4.7088
7.3685 -2.1141 4.6928
7.4297 -2.1296 4.6642
7.4623 -2.1532 4.6490
7.4867 -2.1789 4.6376
7.5041 -2.2066 4.6295
7.5131 -2.2370 4.6254
7.5953 -2.2404 4.5870
7.6307 -2.2599 4.5705
7.6573 -2.2820 4.5581
7.6779 -2.3059 4.5485
7.6922 -2.3321 4.5419
7.7762 -2.3291 4.5027
7.8085 -2.3464 4.4876
7.8335 -2.3662 4.4760
7.8267 -2.3996 4.4792
7.7997 -2.4422 4.4918
7.7369 -2.5018 4.5210
7.6939 -2.5533 4.5411
7.7170 -2.5739 4.5303
7.1396 -1.9176 4.7663
7.1753 -1.9455 4.7499
7.1986 -1.9759 4.7393
7.2100 -2.0090 4.7340
7.2595 -2.0314 4.7114
7.3050 -2.0540 4.6906
7.3340 -2.0806 4.6773
7.3534 -2.1095 4.6684
7.3615 -2.1417 4.6648
7.4370 -2.1519 4.6302
7.4736 -2.1736 4.6135
7.5000 -2.1981 4.6014
7.5199 -2.2244 4.5923
7.5326 -2.2529 4.5864
7.5985 -2.2614 4.5563
7.6401 -2.2780 4.5373
7.6691 -2.2986 4.5240
7.6917 -2.3212 4.5136
7.7087 -2.3458 4.5059
7.7774 -2.3483 4.4744
7.8158 -2.3626 4.4569
7.8006 -2.3995 4.4639
7.7733 -2.4421 4.4763
7.7101 -2.5016 4.5052
7.6953 -2.5398 4.5120
7.6891 -2.5742 4.5149
7.6594 -2.6201 4.5284
7.1572 -1.9422 4.7257
7.1940 -1.9691 4.7092
7.2184 -1.9985 4.6983
7.2321 -2.0304 4.6921
7.2692 -2.0555 4.6754
7.3204 -2.0757 4.6524
7.3508 -2.1013 4.6388
7.3722 -2.1290 4.6292
7.3828 -2.1598 4.6244
7.4408 -2.1748 4.5984
7.4836 -2.1939 4.5792
7.5124 -2.2170 4.5662
7.5341 -2.2421 4.5565
7.5495 -2.2691 4.5496
7.5557 -2.2994 4.5468
7.6475 -2.2963 4.5055
7.6796 -2.3153 4.4911
7.7041 -2.3366 4.4801
7.7235 -2.3597 4.4714
7.7367 -2.3850 4.4655
7.7744 -2.3994 4.4485
7.7121 -2.4575 4.4765
7.6834 -2.5015 4.4894
7.6848 -2.5321 4.4888
7.6620 -2.5741 4.4990
7.6321 -2.6200 4.5125
7.1736 -1.9663 4.6865
7.2121 -1.9921 4.6696
7.2374 -2.0206 4.6584
7.2526 -2.0516 4.6517
7.2503 -2.0873 4.6527
7.3349 -2.0971 4.6155
7.3683 -2.1211 4.6007
7.3901 -2.1481 4.5911
7.4026 -2.1778 4.5856
7.3955 -2.2139 4.5887
7.4920 -2.2142 4.5462
7.5236 -2.2358 4.5323
7.5472 -2.2597 4.5219
7.5647 -2.2855 4.5142
7.5752 -2.3136 4.5095
7.6519 -2.3155 4.4757
7.6887 -2.3320 4.4595
7.7154 -2.3520 4.4477
7.7364 -2.3739 4.4385
7.7377 -2.4039 4.4379
7.7094 -2.4468 4.4504
7.6735 -2.4938 4.4662
7.6607 -2.5308 4.4719
7.6349 -2.5741 4.4832
7.1892 -1.9901 4.6485
7.2298 -2.0145 4.6309
7.2560 -2.0422 4.6196
7.2725 -2.0722 4.6125
7.2752 -2.1060 4.6113
7.3502 -2.1176 4.5788
7.3836 -2.1409 4.5644
7.4066 -2.1670 4.5544
7.4211 -2.1956 4.5482
7.4219 -2.2285 4.5478
7.4979 -2.2349 4.5149
7.5333 -2.2546 4.4996
7.5592 -2.2772 4.4884
7.5787 -2.3017 4.4800
7.5920 -2.3283 4.4742
7.6495 -2.3370 4.4494
7.6959 -2.3491 4.4293
7.7255 -2.3674 4.4165
7.7116 -2.4037 4.4225
7.6830 -2.4467 4.4349
7.6559 -2.4896 4.4466
7.6264 -2.5340 4.4593
7.6126 -2.5718 4.4653
7.2041 -2.0133 4.6114
7.2464 -2.0365 4.5935
7.2738 -2.0633 4.5819
7.2909 -2.0925 4.5746
7.2976 -2.1247 4.5718
7.3633 -2.1382 4.5439
7.3983 -2.1604 4.5290
7.4225 -2.1855 4.5187
7.4386 -2.2130 4.5119
7.4437 -2.2440 4.5098
7.5001 -2.2565 4.4858
7.5418 -2.2734 4.4681
7.5699 -2.2946 4.4562
7.5914 -2.3179 4.4471
7.6070 -2.3431 4.4404
7.6154 -2.3709 4.4368
7.7010 -2.3666 4.4005
7.6854 -2.4036 4.4071
7.6528 -2.4483 4.4210
7.6294 -2.4894 4.4309
7.5997 -2.5338 4.4435
7.5875 -2.5708 4.4487
7.5572 -2.6164 4.4616
7.2171 -2.0364 4.5760
7.2610 -2.0585 4.5577
7.2898 -2.0842 4.5457
7.3090 -2.1123 4.5377
7.3179 -2.1433 4.5339
7.3746 -2.1588 4.5103
7.4125 -2.1795 4.4946
7.4379 -2.2036 4.4840
7.4552 -2.2302 4.4767
7.4635 -2.2596 4.4733
7.3893 -2.3190 4.5042
7.5490 -2.2922 4.4377
7.5797 -2.3119 4.4249
7.6028 -2.3341 4.4153
7.6205 -2.3581 4.4079
7.6321 -2.3841 4.4031
7.6593 -2.4035 4.3917
7.6249 -2.4488 4.4061
7.6030 -2.4892 4.4152
7.5782 -2.5313 4.4255
7.5605 -2.5707 4.4329
7.5300 -2.6163 4.4456
7.2253 -2.0602 4.5431
7.2768 -2.0795 4.5221
7.3064 -2.1044 4.5099
7.3266 -2.1316 4.5017
7.3372 -2.1616 4.4973
7.3851 -2.1792 4.4778
7.4256 -2.1983 4.4612
7.4523 -2.2215 4.4503
7.4710 -2.2471 4.4427
7.4813 -2.2753 4.4384
7.4713 -2.3109 4.4425
7.5539 -2.3115 4.4088
7.5884 -2.3293 4.3947
7.6135 -2.3502 4.3844
7.6326 -2.3731 4.3766
7.6457 -2.3982 4.3713
7.6121 -2.4429 4.3850
7.5865 -2.4847 4.3954
7.5855 -2.5161 4.3959
7.5335 -2.5706 4.4171
7.2913 -2.1002 4.4876
7.3223 -2.1241 4.4752
7.3433 -2.1506 4.4668
7.3556 -2.1795 4.4618
7.3933 -2.1997 4.4467
7.4384 -2.2168 4.4286
7.4664 -2.2390 4.4174
7.4863 -2.2636 4.4094
7.4984 -2.2907 4.4045
7.4969 -2.3228 4.4052
7.5542 -2.3321 4.3822
7.5956 -2.3467 4.3656
7.6230 -2.3663 4.3546
7.6183 -2.3986 4.3565
7.5844 -2.4433 4.3701
7.5860 -2.4733 4.3694
7.5594 -2.5157 4.3801
7.5101 -2.5688 4.3999
7.4800 -2.6140 4.4119
7.3055 -2.1205 4.4540
7.3375 -2.1435 4.4414
7.3594 -2.1692 4.4328
7.3729 -2.1972 4.4275
7.3940 -2.2224 4.4192
7.4503 -2.2350 4.3970
7.4797 -2.2562 4.3854
7.5005 -2.2800 4.3772
7.5141 -2.3061 4.3719
7.5175 -2.3359 4.3706
7.4511 -2.3930 4.3967
7.6015 -2.3643 4.3375
7.5909 -2.3990 4.3417
7.5567 -2.4438 4.3551
7.5626 -2.4720 4.3528
7.5334 -2.5154 4.3643
7.4843 -2.5682 4.3836
7.4540 -2.6134 4.3956
7.3195 -2.1403 4.4211
7.3523 -2.1624 4.4084
7.3751 -2.1873 4.3996
7.3898 -2.2144 4.3939
7.3933 -2.2452 4.3926
7.4615 -2.2530 4.3663
7.4924 -2.2731 4.3543
7.5144 -2.2960 4.3458
7.5295 -2.3211 4.3400
7.5355 -2.3495 4.3377
7.4654 -2.4081 4.3648
7.5635 -2.3994 4.3269
7.4817 -2.4639 4.3585
7.5368 -2.4716 4.3372
7.5074 -2.5151 4.3485
7.4585 -2.5676 4.3674
7.3321 -2.1600 4.3893
7.3668 -2.1809 4.3762
7.3903 -2.2050 4.3673
7.4059 -2.2314 4.3614
7.4121 -2.2608 4.3590
7.4720 -2.2708 4.3363
7.5048 -2.2897 4.3239
7.5277 -2.3117 4.3152
7.5437 -2.3360 4.3092
7.5521 -2.3631 4.3060
7.5358 -2.4000 4.3122
7.4752 -2.4554 4.3351
7.4437 -2.4997 4.3471
7.3443 -2.1793 4.3583
7.3804 -2.1992 4.3449
7.4047 -2.2225 4.3359
7.4213 -2.2481 4.3297
7.4292 -2.2765 4.3268
7.4813 -2.2885 4.3074
7.5163 -2.3061 4.2944
7.5403 -2.3273 4.2855
7.5510 -2.3532 4.2815
7.5217 -2.3951 4.2924
7.4485 -2.4554 4.3196
7.4167 -2.4997 4.3314
7.3559 -2.1983 4.3281
7.3937 -2.2171 4.3143
7.4188 -2.2396 4.3052
7.4363 -2.2644 4.2988
7.4457 -2.2918 4.2953
7.4897 -2.3062 4.2793
7.5273 -2.3222 4.2656
7.5234 -2.3538 4.2670
7.4939 -2.3957 4.2778
7.4218 -2.4553 4.3041
7.3836 -2.5022 4.3180
7.3660 -2.2173 4.2989
7.4066 -2.2345 4.2844
7.4325 -2.2563 4.2751
7.4508 -2.2804 4.2686
7.4615 -2.3069 4.2648
7.4963 -2.3241 4.2524
7.4958 -2.3544 4.2525
7.4660 -2.3963 4.2632
7.3729 -2.4642 4.2964
7.3901 -2.4883 4.2903
7.3782 -2.5244 4.2946
7.3754 -2.2361 4.2705
7.4191 -2.2517 4.2552
7.4457 -2.2727 4.2459
7.4645 -2.2961 4.2393
7.4406 -2.3353 4.2477
7.3945 -2.3833 4.2639
7.4013 -2.4114 4.2615
7.3603 -2.4585 4.2758
7.3823 -2.4805 4.2681
7.3507 -2.5246 4.2792
7.3817 -2.2555 4.2437
7.4308 -2.2687 4.2269
7.4429 -2.2945 4.2227
7.4129 -2.3358 4.2330
7.3929 -2.3737 4.2399
7.3852 -2.4073 4.2425
7.3548 -2.4500 4.2530
7.3551 -2.4807 4.2529
7.3233 -2.5248 4.2638
7.4155 -2.2950 4.2081
7.3853 -2.3363 4.2183
7.3822 -2.3678 4.2193
7.3588 -2.4072 4.2272
7.3282 -2.4499 4.2375
7.3279 -2.4809 4.2376
7.3581 -2.3669 4.2034
7.3324 -2.4072 4.2119
