ply
format ascii 1.0
element vertex 6905
property float x
property float y
property float z
end_header
11.8064 -2.3692 6.7764
11.8133 -2.4116 6.8087
11.7856 -2.3484 6.7880
11.7800 -2.3692 6.7610
11.7867 -2.4116 6.7932
11.7669 -2.3313 6.8114
11.7607 -2.3513 6.7808
11.7528 -2.3675 6.7413
11.7601 -2.4115 6.7777
11.7667 -2.4547 6.8103
11.7794 -2.5103 6.8736
11.7573 -2.2989 6.8843
11.7479 -2.3140 6.8359
11.7422 -2.3350 6.8066
11.7205 -2.3262 6.6956
11.7265 -2.3675 6.7260
11.7344 -2.4131 6.7666
11.7456 -2.4660 6.8244
11.7521 -2.5102 6.8575
11.7366 -2.2789 6.9041
11.7285 -2.2964 6.8611
11.7109 -2.2960 6.7681
11.7013 -2.3089 6.7171
11.6956 -2.3285 6.6870
11.7001 -2.3675 6.7108
11.6773 -2.3523 6.5897
11.6836 -2.3945 6.6231
11.7248 -2.5100 6.8414
11.7159 -2.2592 6.9267
11.7088 -2.2787 6.8877
11.6902 -2.2762 6.7854
11.6822 -2.2922 6.7416
11.6769 -2.3128 6.7127
11.6631 -2.3159 6.6369
11.6539 -2.3272 6.5866
11.6520 -2.3527 6.5763
11.6581 -2.3950 6.6095
11.6975 -2.5099 6.8254
11.6999 -2.5467 6.8386
11.6953 -2.2400 6.9520
11.6888 -2.2607 6.9149
11.6697 -2.2573 6.8068
11.6627 -2.2752 6.7669
11.6579 -2.2968 6.7394
11.6414 -2.2945 6.6460
11.6346 -2.3105 6.6073
11.6298 -2.3301 6.5798
11.6268 -2.3532 6.5628
11.6326 -2.3955 6.5960
11.6686 -2.5063 6.8005
11.6725 -2.5466 6.8226
11.6742 -2.2203 6.9779
11.6683 -2.2423 6.9432
11.6492 -2.2385 6.8303
11.6429 -2.2580 6.7932
11.6384 -2.2804 6.7666
11.6209 -2.2757 6.6634
11.6151 -2.2939 6.6293
11.6108 -2.3148 6.6040
11.6075 -2.3374 6.5846
11.6051 -2.3618 6.5706
11.6071 -2.3960 6.5824
11.6190 -2.4536 6.6524
11.6451 -2.5465 6.8066
11.6508 -2.5919 6.8401
11.6529 -2.2006 7.0059
11.6474 -2.2237 6.9726
11.6284 -2.2198 6.8557
11.6227 -2.2405 6.8206
11.6091 -2.2446 6.7374
11.6004 -2.2575 6.6840
11.5953 -2.2774 6.6530
11.5915 -2.2993 6.6295
11.5886 -2.3230 6.6115
11.5867 -2.3489 6.6003
11.5869 -2.3791 6.6011
11.5900 -2.4166 6.6203
11.5929 -2.4539 6.6382
11.5986 -2.4986 6.6734
11.6232 -2.5919 6.8240
11.6393 -2.1617 7.0871
11.6311 -2.1805 7.0345
11.6168 -2.1868 6.9433
11.6072 -2.2009 6.8821
11.6020 -2.2227 6.8487
11.5862 -2.2220 6.7477
11.5798 -2.2396 6.7068
11.5753 -2.2608 6.6781
11.5718 -2.2838 6.6560
11.5694 -2.3087 6.6404
11.5627 -2.3234 6.5977
11.5750 -2.3830 6.6759
11.5695 -2.4002 6.6408
11.5653 -2.4203 6.6145
11.5668 -2.4543 6.6239
11.5723 -2.4990 6.6590
11.6159 -2.1390 7.1114
11.6089 -2.1602 7.0646
11.5933 -2.1637 6.9603
11.5857 -2.1818 6.9101
11.5810 -2.2047 6.8784
11.5643 -2.2018 6.7671
11.5589 -2.2216 6.7311
11.5549 -2.2440 6.7043
11.5519 -2.2682 6.6845
11.5499 -2.2944 6.6709
11.5390 -2.2989 6.5980
11.5366 -2.3234 6.5825
11.5411 -2.3647 6.6123
11.5451 -2.4053 6.6387
11.5423 -2.4284 6.6201
11.5407 -2.4546 6.6096
11.5459 -2.4993 6.6447
11.5920 -2.1159 7.1363
11.5862 -2.1395 7.0957
11.5702 -2.1420 6.9841
11.5638 -2.1623 6.9391
11.5505 -2.1674 6.8464
11.5424 -2.1821 6.7896
11.5377 -2.2036 6.7569
11.5342 -2.2272 6.7324
11.5316 -2.2525 6.7142
11.5301 -2.2802 6.7035
11.5178 -2.2810 6.6176
11.5127 -2.2986 6.5822
11.5106 -2.3233 6.5673
11.5148 -2.3647 6.5970
11.5221 -2.4147 6.6478
11.5206 -2.4414 6.6377
11.5225 -2.4775 6.6510
11.5309 -2.5325 6.7097
11.5683 -2.0934 7.1661
11.5629 -2.1180 7.1267
11.5471 -2.1207 7.0111
11.5414 -2.1426 6.9694
11.5263 -2.1433 6.8581
11.5203 -2.1627 6.8147
11.5162 -2.1856 6.7846
11.5131 -2.2103 6.7618
11.5109 -2.2368 6.7457
11.5046 -2.2529 6.6995
11.4964 -2.2634 6.6395
11.4920 -2.2826 6.6069
11.4886 -2.3041 6.5821
11.4861 -2.3276 6.5638
11.4885 -2.3646 6.5817
11.5010 -2.4305 6.6731
11.4970 -2.4499 6.6437
11.4984 -2.4851 6.6542
11.5059 -2.5389 6.7094
11.5105 -2.5845 6.7430
11.5441 -2.0707 7.1979
11.5393 -2.0966 7.1604
11.5238 -2.0994 7.0410
11.5186 -2.1226 7.0009
11.5029 -2.1215 6.8796
11.4979 -2.1432 6.8416
11.4943 -2.1673 6.8135
11.4916 -2.1932 6.7928
11.4899 -2.2212 6.7799
11.4806 -2.2295 6.7077
11.4748 -2.2458 6.6630
11.4709 -2.2664 6.6327
11.4679 -2.2891 6.6099
11.4657 -2.3137 6.5931
11.4646 -2.3411 6.5848
11.4824 -2.4240 6.7216
11.4645 -2.4017 6.5837
11.4687 -2.4450 6.6160
11.4719 -2.4861 6.6413
11.4760 -2.5302 6.6728
11.4829 -2.5841 6.7261
11.5275 -2.0271 7.2960
11.5195 -2.0476 7.2308
11.5151 -2.0746 7.1951
11.4999 -2.0777 7.0714
11.4872 -2.0842 6.9681
11.4794 -2.1002 6.9045
11.4751 -2.1235 6.8699
11.4720 -2.1489 6.8443
11.4697 -2.1761 6.8260
11.4686 -2.2059 6.8168
11.4577 -2.2096 6.7278
11.4529 -2.2283 6.6886
11.4494 -2.2502 6.6603
11.4467 -2.2739 6.6387
11.4449 -2.2997 6.6240
11.4308 -2.2883 6.5087
11.4340 -2.3283 6.5353
11.4357 -2.3635 6.5486
11.4382 -2.4021 6.5695
11.4417 -2.4438 6.5976
11.4454 -2.4871 6.6283
11.4493 -2.5312 6.6597
11.4554 -2.5836 6.7092
11.5006 -2.0002 7.3202
11.4943 -2.0241 7.2655
11.4828 -2.0362 7.1667
11.4755 -2.0556 7.1033
11.4612 -2.0581 6.9804
11.4559 -2.0795 6.9339
11.4522 -2.1042 6.9021
11.4492 -2.1303 6.8769
11.4474 -2.1589 6.8611
11.4471 -2.1911 6.8584
11.4347 -2.1902 6.7511
11.4305 -2.2107 6.7154
11.4274 -2.2336 6.6887
11.4252 -2.2586 6.6692
11.4112 -2.2476 6.5485
11.4059 -2.2617 6.5031
11.4049 -2.2886 6.4944
11.4080 -2.3285 6.5209
11.4102 -2.3662 6.5403
11.4119 -2.4024 6.5553
11.4152 -2.4442 6.5833
11.4189 -2.4881 6.6153
11.4288 -2.5551 6.7008
11.4292 -2.5881 6.7039
11.4739 -1.9743 7.3512
11.4685 -2.0002 7.3015
11.4564 -2.0105 7.1905
11.4506 -2.0331 7.1367
11.4361 -2.0345 7.0042
11.4317 -2.0582 6.9636
11.4285 -2.0842 6.9342
11.4262 -2.1120 6.9126
11.4247 -2.1417 6.8990
11.4169 -2.1537 6.8274
11.4113 -2.1709 6.7766
11.4077 -2.1929 6.7437
11.4051 -2.2171 6.7190
11.4031 -2.2432 6.7013
11.3884 -2.2285 6.5663
11.3842 -2.2455 6.5273
11.3810 -2.2654 6.4983
11.3790 -2.2888 6.4801
11.3819 -2.3288 6.5065
11.3861 -2.3740 6.5452
11.3856 -2.4028 6.5410
11.3887 -2.4446 6.5689
11.3914 -2.4858 6.5942
11.3959 -2.5340 6.6350
11.3995 -2.5795 6.6680
11.4467 -1.9478 7.3834
11.4421 -1.9757 7.3388
11.4301 -1.9856 7.2205
11.4176 -1.9924 7.0977
11.4108 -2.0113 7.0318
11.4071 -2.0366 6.9951
11.4043 -2.0639 6.9679
11.4024 -2.0931 6.9493
11.4017 -2.1253 6.9424
11.3921 -2.1316 6.8480
11.3877 -2.1517 6.8045
11.3845 -2.1750 6.7737
11.3822 -2.2003 6.7506
11.3806 -2.2277 6.7352
11.3656 -2.2104 6.5882
11.3620 -2.2293 6.5530
11.3593 -2.2505 6.5263
11.3572 -2.2735 6.5056
11.3557 -2.2985 6.4913
11.3558 -2.3291 6.4921
11.3630 -2.3868 6.5629
11.3584 -2.3995 6.5174
11.3630 -2.4484 6.5627
11.3646 -2.4856 6.5782
11.3678 -2.5300 6.6100
11.3720 -2.5792 6.6515
11.4192 -1.9216 7.4206
11.4152 -1.9509 7.3789
11.4033 -1.9606 7.2532
11.3899 -1.9644 7.1118
11.3852 -1.9881 7.0622
11.3820 -2.0149 7.0286
11.3797 -2.0435 7.0041
11.3782 -2.0741 6.9888
11.3786 -2.1100 6.9931
11.3672 -2.1103 6.8729
11.3635 -2.1323 6.8338
11.3607 -2.1568 6.8048
11.3588 -2.1833 6.7839
11.3470 -2.1764 6.6600
11.3425 -2.1926 6.6129
11.3395 -2.2131 6.5807
11.3371 -2.2356 6.5558
11.3353 -2.2597 6.5369
11.3343 -2.2866 6.5262
11.3421 -2.3478 6.6080
11.3357 -2.3535 6.5410
11.3315 -2.3669 6.4966
11.3320 -2.3994 6.5018
11.3349 -2.4424 6.5326
11.3377 -2.4854 6.5622
11.3407 -2.5298 6.5938
11.3446 -2.5789 6.6349
11.3982 -1.8717 7.5414
11.3910 -1.8947 7.4590
11.3875 -1.9254 7.4198
11.3760 -1.9353 7.2882
11.3629 -1.9388 7.1385
11.3591 -1.9647 7.0953
11.3563 -1.9929 7.0644
11.3544 -2.0228 7.0425
11.3535 -2.0553 7.0318
11.3563 -2.0992 7.0641
11.3420 -2.0892 6.9011
11.3388 -2.1127 6.8648
11.3365 -2.1385 6.8380
11.3348 -2.1663 6.8194
11.3227 -2.1561 6.6807
11.3191 -2.1751 6.6401
11.3165 -2.1969 6.6101
11.3144 -2.2205 6.5868
11.3130 -2.2462 6.5708
11.3126 -2.2754 6.5653
11.3194 -2.3352 6.6435
11.3116 -2.3335 6.5542
11.3084 -2.3503 6.5174
11.3059 -2.3701 6.4895
11.3056 -2.3992 6.4862
11.3083 -2.4422 6.5168
11.3110 -2.4857 6.5475
11.3136 -2.5296 6.5777
11.3170 -2.5776 6.6163
11.3671 -1.8395 7.5622
11.3621 -1.8674 7.4998
11.3591 -1.8993 7.4623
11.3478 -1.9089 7.3218
11.3356 -1.9137 7.1709
11.3324 -1.9410 7.1304
11.3301 -1.9705 7.1020
11.3286 -2.0019 7.0834
11.3284 -2.0370 7.0806
11.3206 -2.0473 6.9840
11.3164 -2.0682 6.9324
11.3136 -2.0930 6.8976
11.3116 -2.1199 6.8728
11.3036 -2.1242 6.7732
11.2982 -2.1366 6.7057
11.2952 -2.1575 6.6690
11.2930 -2.1805 6.6409
11.2913 -2.2055 6.6202
11.2903 -2.2329 6.6074
11.2910 -2.2677 6.6166
11.2914 -2.3012 6.6217
11.2875 -2.3151 6.5731
11.2849 -2.3342 6.5407
11.2828 -2.3554 6.5152
11.2813 -2.3786 6.4958
11.2802 -2.4038 6.4824
11.2817 -2.4420 6.5011
11.2844 -2.4870 6.5350
11.2871 -2.5321 6.5679
11.2896 -2.5774 6.6000
11.3366 -1.8094 7.5985
11.3325 -1.8394 7.5419
11.3238 -1.8565 7.4234
11.3122 -1.8632 7.2645
11.3079 -1.8884 7.2061
11.3051 -1.9172 7.1684
11.3032 -1.9478 7.1420
11.3022 -1.9809 7.1278
11.3051 -2.0273 7.1686
11.2935 -2.0234 7.0095
11.2902 -2.0467 6.9640
11.2878 -2.0729 6.9321
11.2861 -2.1010 6.9091
11.2768 -2.0985 6.7820
11.2733 -2.1173 6.7335
11.2708 -2.1397 6.6996
11.2689 -2.1642 6.6740
11.2676 -2.1905 6.6557
11.2670 -2.2201 6.6479
11.2730 -2.2802 6.7293
11.2660 -2.2796 6.6344
11.2631 -2.2975 6.5954
11.2610 -2.3183 6.5660
11.2593 -2.3410 6.5432
11.2581 -2.3657 6.5264
11.2534 -2.3711 6.4617
11.2532 -2.4006 6.4592
11.2554 -2.4437 6.4897
11.2576 -2.4868 6.5192
11.2599 -2.5315 6.5509
11.2623 -2.5772 6.5838
11.3055 -1.7790 7.6384
11.3021 -1.8108 7.5860
11.2936 -1.8275 7.4577
11.2826 -1.8345 7.2907
11.2794 -1.8625 7.2420
11.2772 -1.8927 7.2079
11.2756 -1.9247 7.1840
11.2750 -1.9594 7.1743
11.2764 -2.0016 7.1964
11.2661 -1.9998 7.0392
11.2633 -2.0250 6.9982
11.2614 -2.0525 6.9685
11.2600 -2.0819 6.9479
11.2507 -2.0767 6.8061
11.2479 -2.0980 6.7636
11.2458 -2.1219 6.7326
11.2443 -2.1477 6.7091
11.2433 -2.1756 6.6939
11.2435 -2.2094 6.6973
11.2442 -2.2456 6.7078
11.2407 -2.2600 6.6545
11.2384 -2.2802 6.6203
11.2367 -2.3025 6.5935
11.2353 -2.3269 6.5735
11.2231 -2.2876 6.3872
11.2232 -2.3184 6.3892
11.2251 -2.3600 6.4186
11.2268 -2.4005 6.4437
11.2288 -2.4435 6.4741
11.2307 -2.4867 6.5035
11.2328 -2.5314 6.5350
11.2349 -2.5771 6.5678
11.2737 -1.7481 7.6808
11.2708 -1.7814 7.6319
11.2629 -1.7984 7.4958
11.2528 -1.8062 7.3240
11.2503 -1.8362 7.2805
11.2485 -1.8678 7.2494
11.2473 -1.9013 7.2293
11.2473 -1.9388 7.2293
11.2415 -1.9537 7.1310
11.2381 -1.9762 7.0718
11.2359 -2.0030 7.0340
11.2343 -2.0317 7.0065
11.2286 -2.0418 6.9107
11.2242 -2.0556 6.8348
11.2219 -2.0787 6.7963
11.2203 -2.1040 6.7674
11.2190 -2.1311 6.7463
11.2184 -2.1611 6.7360
11.2234 -2.2215 6.8210
11.2175 -2.2222 6.7199
11.2150 -2.2412 6.6784
11.2132 -2.2632 6.6475
11.2118 -2.2871 6.6236
11.2108 -2.3130 6.6065
11.1988 -2.2683 6.4008
11.1968 -2.2855 6.3666
11.1972 -2.3182 6.3737
11.1989 -2.3598 6.4030
11.2004 -2.4004 6.4282
11.2022 -2.4434 6.4585
11.2041 -2.4882 6.4913
11.2057 -2.5313 6.5191
11.2071 -2.5733 6.5434
11.2411 -1.7165 7.7261
11.2387 -1.7512 7.6798
11.2256 -1.7496 7.4235
11.2225 -1.7779 7.3612
11.2204 -1.8094 7.3214
11.2190 -1.8424 7.2935
11.2182 -1.8777 7.2788
11.2198 -1.9224 7.3093
11.2121 -1.9271 7.1577
11.2095 -1.9523 7.1068
11.2077 -1.9805 7.0717
11.2064 -2.0106 7.0469
11.1999 -2.0138 6.9196
11.1973 -2.0349 6.8677
11.1954 -2.0595 6.8318
11.1940 -2.0858 6.8042
11.1931 -2.1144 6.7863
11.1930 -2.1479 6.7851
11.1938 -2.1862 6.7998
11.1908 -2.2013 6.7413
11.1889 -2.2227 6.7051
11.1875 -2.2463 6.6771
11.1864 -2.2718 6.6562
11.1765 -2.2348 6.4609
11.1744 -2.2506 6.4198
11.1728 -2.2698 6.3895
11.1716 -2.2905 6.3647
11.1712 -2.3180 6.3583
11.1727 -2.3596 6.3874
11.1754 -2.4112 6.4394
11.1767 -2.4530 6.4659
11.1772 -2.4878 6.4751
11.1785 -2.5305 6.5017
11.1799 -2.5732 6.5276
11.2116 -1.6539 7.8667
11.2075 -1.6842 7.7734
11.2056 -1.7203 7.7297
11.1936 -1.7181 7.4536
11.1914 -1.7492 7.4016
11.1898 -1.7822 7.3655
11.1887 -1.8167 7.3412
11.1885 -1.8544 7.3348
11.1888 -1.8950 7.3435
11.1821 -1.9004 7.1877
11.1802 -1.9282 7.1444
11.1788 -1.9578 7.1119
11.1778 -1.9894 7.0900
11.1716 -1.9900 6.9467
11.1696 -2.0136 6.9014
11.1682 -2.0397 6.8682
11.1671 -2.0676 6.8440
11.1665 -2.0981 6.8301
11.1704 -2.1589 6.9197
11.1657 -2.1609 6.8111
11.1637 -2.1812 6.7668
11.1623 -2.2045 6.7344
11.1612 -2.2296 6.7092
11.1536 -2.2029 6.5332
11.1511 -2.2151 6.4774
11.1496 -2.2336 6.4422
11.1484 -2.2544 6.4148
11.1474 -2.2765 6.3923
11.1467 -2.3006 6.3759
11.1463 -2.3274 6.3671
11.1469 -2.3626 6.3796
11.1509 -2.4314 6.4730
11.1494 -2.4476 6.4376
11.1503 -2.4878 6.4596
11.1517 -2.5325 6.4907
11.1526 -2.5732 6.5117
11.1540 -2.6190 6.5432
11.1757 -1.6168 7.8964
11.1731 -1.6510 7.8232
11.1687 -1.6769 7.7014
11.1611 -1.6870 7.4912
11.1595 -1.7200 7.4449
11.1583 -1.7544 7.4124
11.1576 -1.7906 7.3928
11.1589 -1.8372 7.4303
11.1572 -1.8674 7.3814
11.1515 -1.8741 7.2231
11.1500 -1.9029 7.1805
11.1490 -1.9345 7.1536
11.1452 -1.9470 7.0474
11.1427 -1.9668 6.9788
11.1413 -1.9922 6.9378
11.1402 -2.0198 6.9074
11.1394 -2.0492 6.8862
11.1391 -2.0822 6.8789
11.1399 -2.1236 6.9015
11.1375 -2.1382 6.8325
11.1361 -2.1614 6.7956
11.1351 -2.1863 6.7662
11.1343 -2.2131 6.7444
11.1270 -2.1788 6.5401
11.1255 -2.1965 6.4987
11.1244 -2.2170 6.4674
11.1235 -2.2393 6.4425
11.1227 -2.2630 6.4227
11.1223 -2.2891 6.4103
11.1187 -2.2812 6.3106
11.1197 -2.3222 6.3389
11.1206 -2.3623 6.3638
11.1217 -2.4048 6.3933
11.1231 -2.4524 6.4335
11.1235 -2.4879 6.4441
11.1246 -2.5325 6.4751
11.1253 -2.5731 6.4959
11.1394 -1.5806 7.9415
11.1376 -1.6173 7.8780
11.1298 -1.6236 7.5997
11.1279 -1.6556 7.5329
11.1267 -1.6901 7.4911
11.1259 -1.7261 7.4624
11.1255 -1.7642 7.4498
11.1260 -1.8074 7.4660
11.1219 -1.8204 7.3216
11.1202 -1.8475 7.2618
11.1191 -1.8779 7.2224
11.1183 -1.9101 7.1948
11.1147 -1.9193 7.0677
11.1132 -1.9435 7.0142
11.1122 -1.9706 6.9767
11.1114 -1.9996 6.9490
11.1109 -2.0308 6.9320
11.1135 -2.0915 7.0248
11.1102 -2.0950 6.9072
11.1089 -2.1166 6.8599
11.1079 -2.1413 6.8255
11.1072 -2.1683 6.8009
11.1019 -2.1433 6.6135
11.1004 -2.1584 6.5592
11.0993 -2.1785 6.5234
11.0985 -2.2007 6.4951
11.0979 -2.2244 6.4728
11.0975 -2.2499 6.4564
11.0944 -2.2404 6.3465
11.0931 -2.2541 6.3028
11.0929 -2.2809 6.2950
11.0937 -2.3219 6.3232
11.0944 -2.3620 6.3480
11.0952 -2.4045 6.3774
11.0970 -2.4628 6.4427
11.0967 -2.4892 6.4316
11.0995 -2.5644 6.5315
11.1022 -1.5439 7.9925
11.1010 -1.5822 7.9325
11.0949 -1.5891 7.6345
11.0937 -1.6236 7.5785
11.0930 -1.6596 7.5403
11.0925 -1.6972 7.5165
11.0925 -1.7387 7.5198
11.0922 -1.7774 7.5060
11.0892 -1.7909 7.3552
11.0881 -1.8205 7.3029
11.0873 -1.8524 7.2667
11.0868 -1.8861 7.2426
11.0839 -1.8935 7.0997
11.0829 -1.9200 7.0525
11.0822 -1.9487 7.0180
11.0817 -1.9792 6.9935
11.0815 -2.0128 6.9831
11.0834 -2.0735 7.0761
11.0805 -2.0711 6.9317
11.0796 -2.0953 6.8908
11.0790 -2.1217 6.8599
11.0785 -2.1499 6.8370
11.0742 -2.1193 6.6250
11.0733 -2.1388 6.5829
11.0726 -2.1609 6.5508
11.0721 -2.1846 6.5254
11.0717 -2.2100 6.5063
11.0715 -2.2380 6.4956
11.0687 -2.2199 6.3583
11.0680 -2.2371 6.3225
11.0674 -2.2563 6.2937
11.0671 -2.2806 6.2794
11.0676 -2.3216 6.3074
11.0684 -2.3661 6.3428
11.0688 -2.4043 6.3614
11.0693 -2.4464 6.3887
11.0699 -2.4902 6.4185
11.0704 -2.5326 6.4440
11.0710 -2.5764 6.4717
11.0640 -1.5064 8.0479
11.0632 -1.5461 7.9899
11.0592 -1.5545 7.6766
11.0586 -1.5909 7.6275
11.0582 -1.6285 7.5934
11.0580 -1.6678 7.5759
11.0582 -1.7132 7.5991
11.0576 -1.7470 7.5498
11.0556 -1.7616 7.3942
11.0550 -1.7930 7.3466
11.0546 -1.8263 7.3135
11.0534 -1.8467 7.2193
11.0524 -1.8678 7.1359
11.0518 -1.8960 7.0926
11.0514 -1.9264 7.0620
11.0512 -1.9586 7.0418
11.0512 -1.9970 7.0479
11.0508 -2.0248 7.0119
11.0501 -2.0479 6.9612
11.0497 -2.0741 6.9248
11.0493 -2.1022 6.8973
11.0468 -2.0799 6.6993
11.0461 -2.0978 6.6466
11.0457 -2.1197 6.6101
11.0453 -2.1434 6.5811
11.0450 -2.1688 6.5588
11.0448 -2.1962 6.5439
11.0432 -2.1849 6.4180
11.0427 -2.2014 6.3768
11.0423 -2.2208 6.3455
11.0420 -2.2416 6.3194
11.0417 -2.2639 6.2987
11.0415 -2.2878 6.2828
11.0416 -2.3213 6.2917
11.0418 -2.3555 6.3019
11.0421 -2.3978 6.3307
11.0426 -2.4464 6.3732
11.0430 -2.4901 6.4029
11.0434 -2.5336 6.4306
11.0437 -2.5763 6.4556
11.0441 -2.6224 6.4869
11.0245 -1.4677 8.1055
11.0230 -1.4835 7.7981
11.0226 -1.5193 7.7232
11.0224 -1.5572 7.6777
11.0223 -1.5966 7.6505
11.0222 -1.6383 7.6440
11.0222 -1.6804 7.6412
11.0216 -1.7020 7.5065
11.0212 -1.7318 7.4369
11.0210 -1.7649 7.3932
11.0209 -1.7997 7.3632
11.0203 -1.8150 7.2349
11.0200 -1.8418 7.1756
11.0198 -1.8715 7.1349
11.0196 -1.9030 7.1058
11.0196 -1.9380 7.0941
11.0197 -1.9809 7.1167
11.0193 -1.9991 7.0381
11.0191 -2.0250 6.9945
11.0189 -2.0530 6.9620
11.0188 -2.0828 6.9385
11.0177 -2.0555 6.7153
11.0175 -2.0771 6.6729
11.0174 -2.1009 6.6403
11.0173 -2.1262 6.6143
11.0172 -2.1534 6.5958
11.0166 -2.1501 6.4858
11.0164 -2.1648 6.4351
11.0162 -2.1839 6.3996
11.0161 -2.2050 6.3714
11.0160 -2.2273 6.3480
11.0159 -2.2514 6.3304
11.0158 -2.2779 6.3200
11.0160 -2.3198 6.3491
11.0158 -2.3337 6.3074
11.0157 -2.3554 6.2864
11.0158 -2.3976 6.3151
11.0161 -2.4543 6.3762
11.0161 -2.4901 6.3872
11.0163 -2.5415 6.4326
11.0164 -2.5762 6.4395
10.9837 -1.4277 8.1633
10.9847 -1.4448 7.8334
10.9849 -1.4833 7.7740
10.9850 -1.5228 7.7333
10.9851 -1.5635 7.7088
10.9850 -1.6117 7.7469
10.9852 -1.6473 7.6878
10.9856 -1.6690 7.5422
10.9858 -1.7015 7.4827
10.9859 -1.7362 7.4428
10.9860 -1.7725 7.4169
10.9865 -1.7862 7.2703
10.9866 -1.8156 7.2187
10.9867 -1.8469 7.1815
10.9868 -1.8800 7.1561
10.9868 -1.9169 7.1500
10.9869 -1.9478 7.1180
10.9871 -1.9741 7.0696
10.9872 -2.0021 7.0314
10.9873 -2.0318 7.0027
10.9880 -2.0125 6.7922
10.9881 -2.0331 6.7404
10.9882 -2.0570 6.7035
10.9883 -2.0823 6.6736
10.9884 -2.1093 6.6512
10.9884 -2.1388 6.6382
10.9889 -2.1269 6.4971
10.9890 -2.1459 6.4572
10.9891 -2.1669 6.4256
10.9892 -2.1896 6.4003
10.9892 -2.2136 6.3799
10.9893 -2.2398 6.3666
10.9893 -2.2730 6.3724
10.9893 -2.2995 6.3606
10.9894 -2.3169 6.3264
10.9895 -2.3361 6.2982
10.9896 -2.3567 6.2746
10.9895 -2.3974 6.2995
10.9894 -2.4436 6.3361
10.9893 -2.4873 6.3655
10.9891 -2.5368 6.4064
10.9891 -2.5767 6.4250
10.9405 -1.3441 8.3177
10.9415 -1.3864 8.2251
10.9454 -1.4060 7.8793
10.9460 -1.4463 7.8272
10.9464 -1.4874 7.7924
10.9465 -1.5301 7.7770
10.9464 -1.5760 7.7911
10.9469 -1.6139 7.7417
10.9487 -1.6360 7.5851
10.9493 -1.6705 7.5315
10.9497 -1.7067 7.4953
10.9509 -1.7309 7.3905
10.9517 -1.7576 7.3115
10.9523 -1.7889 7.2649
10.9526 -1.8218 7.2314
10.9528 -1.8569 7.2114
10.9526 -1.9004 7.2329
10.9536 -1.9207 7.1478
10.9540 -1.9488 7.1032
10.9544 -1.9790 7.0711
10.9547 -2.0107 7.0474
10.9573 -1.9875 6.8131
10.9578 -2.0112 6.7702
10.9581 -2.0369 6.7371
10.9584 -2.0643 6.7118
10.9586 -2.0936 6.6949
10.9601 -2.0880 6.5647
10.9606 -2.1062 6.5176
10.9610 -2.1276 6.4831
10.9613 -2.1503 6.4547
10.9615 -2.1746 6.4324
10.9617 -2.2007 6.4162
10.9617 -2.2310 6.4126
10.9617 -2.2640 6.4165
10.9621 -2.2815 6.3792
10.9624 -2.3011 6.3493
10.9627 -2.3221 6.3240
10.9630 -2.3445 6.3036
10.9631 -2.3687 6.2883
10.9632 -2.3972 6.2838
10.9628 -2.4436 6.3206
10.9624 -2.4873 6.3499
10.9621 -2.5314 6.3788
10.9618 -2.5766 6.4090
10.8964 -1.2992 8.3696
10.9034 -1.3256 8.0083
10.9049 -1.3665 7.9331
10.9058 -1.4084 7.8853
10.9063 -1.4511 7.8561
10.9061 -1.4973 7.8667
10.9066 -1.5397 7.8414
10.9091 -1.5688 7.7099
10.9106 -1.6025 7.6325
10.9116 -1.6388 7.5839
10.9122 -1.6766 7.5513
10.9147 -1.6980 7.4193
10.9159 -1.7287 7.3570
10.9167 -1.7616 7.3145
10.9173 -1.7963 7.2851
10.9175 -1.8339 7.2737
10.9182 -1.8665 7.2390
10.9193 -1.8940 7.1833
10.9200 -1.9241 7.1440
10.9206 -1.9560 7.1154
10.9249 -1.9406 6.8933
10.9259 -1.9638 6.8416
10.9266 -1.9896 6.8036
10.9271 -2.0170 6.7741
10.9276 -2.0462 6.7530
10.9297 -2.0495 6.6432
10.9308 -2.0653 6.5826
10.9316 -2.0865 6.5433
10.9322 -2.1097 6.5123
10.9327 -2.1341 6.4871
10.9330 -2.1603 6.4684
10.9332 -2.1894 6.4594
10.9329 -2.2271 6.4751
10.9337 -2.2447 6.4346
10.9343 -2.2647 6.4025
10.9348 -2.2861 6.3757
10.9352 -2.3089 6.3536
10.9355 -2.3335 6.3372
10.9366 -2.3412 6.2803
10.9374 -2.3561 6.2430
10.9368 -2.3984 6.2715
10.9360 -2.4481 6.3156
10.9356 -2.4872 6.3342
10.9350 -2.5317 6.3638
10.9345 -2.5765 6.3930
10.9339 -2.6226 6.4237
10.8509 -1.2533 8.4306
10.8611 -1.2830 8.0564
10.8629 -1.3260 7.9921
10.8640 -1.3695 7.9502
10.8646 -1.4140 7.9300
10.8639 -1.4624 7.9552
10.8655 -1.5027 7.8963
10.8696 -1.5317 7.7472
10.8714 -1.5679 7.6809
10.8726 -1.6063 7.6396
10.8733 -1.6457 7.6117
10.8774 -1.6663 7.4614
10.8790 -1.6992 7.4065
10.8800 -1.7339 7.3677
10.8807 -1.7704 7.3439
10.8774 -1.8328 7.4610
10.8827 -1.8373 7.2711
10.8840 -1.8673 7.2233
10.8849 -1.8993 7.1886
10.8856 -1.9332 7.1651
10.8923 -1.9145 6.9187
10.8935 -1.9404 6.8746
10.8945 -1.9681 6.8407
10.8952 -1.9972 6.8150
10.8956 -2.0288 6.8002
10.8996 -2.0233 6.6539
10.9009 -2.0440 6.6075
10.9018 -2.0673 6.5728
10.9026 -2.0921 6.5450
10.9032 -2.1184 6.5236
10.9035 -2.1471 6.5106
10.9028 -2.1890 6.5379
10.9040 -2.2065 6.4928
10.9050 -2.2267 6.4579
10.9057 -2.2487 6.4296
10.9064 -2.2719 6.4060
10.9069 -2.2969 6.3882
10.9083 -2.3076 6.3349
10.9097 -2.3191 6.2860
10.9106 -2.3357 6.2516
10.9113 -2.3560 6.2276
10.9105 -2.3983 6.2559
10.9097 -2.4413 6.2848
10.9090 -2.4839 6.3113
10.9069 -2.5487 6.3855
10.9071 -2.5765 6.3773
10.8037 -1.2059 8.4956
10.8174 -1.2396 8.1126
10.8194 -1.2843 8.0558
10.8207 -1.3294 8.0199
10.8208 -1.3763 8.0173
10.8212 -1.4223 8.0054
10.8231 -1.4645 7.9539
10.8287 -1.4945 7.7949
10.8308 -1.5329 7.7359
10.8322 -1.5725 7.6967
10.8361 -1.6024 7.5886
10.8389 -1.6343 7.5092
10.8407 -1.6692 7.4598
10.8419 -1.7055 7.4254
10.8425 -1.7444 7.4099
10.8439 -1.7786 7.3698
10.8460 -1.8083 7.3096
10.8475 -1.8405 7.2676
10.8486 -1.8743 7.2376
10.8568 -1.8648 7.0090
10.8588 -1.8895 6.9517
10.8602 -1.9172 6.9116
10.8613 -1.9466 6.8818
10.8620 -1.9779 6.8615
10.8667 -1.9800 6.7318
10.8686 -1.9999 6.6762
10.8700 -2.0233 6.6368
10.8711 -2.0484 6.6059
10.8720 -2.0750 6.5816
10.8726 -2.1035 6.5653
10.8724 -2.1387 6.5707
10.8730 -2.1665 6.5535
10.8743 -2.1873 6.5163
10.8754 -2.2097 6.4858
10.8763 -2.2335 6.4607
10.8770 -2.2588 6.4412
10.8787 -2.2729 6.3928
10.8807 -2.2840 6.3389
10.8820 -2.3010 6.3026
10.8830 -2.3200 6.2728
10.8839 -2.3402 6.2473
10.8847 -2.3617 6.2261
10.8842 -2.3981 6.2404
10.8831 -2.4423 6.2716
10.8822 -2.4839 6.2959
10.8808 -2.5330 6.3355
10.8799 -2.5758 6.3601
10.7685 -1.1483 8.2556
10.7721 -1.1948 8.1749
10.7743 -1.2412 8.1244
10.7755 -1.2879 8.0962
10.7740 -1.3382 8.1302
10.7770 -1.3815 8.0626
10.7826 -1.4185 7.9365
10.7865 -1.4567 7.8479
10.7888 -1.4969 7.7951
10.7903 -1.5382 7.7607
10.7962 -1.5665 7.6256
10.7990 -1.6017 7.5617
10.8010 -1.6384 7.5171
10.8023 -1.6766 7.4880
10.8020 -1.7200 7.4947
10.8060 -1.7470 7.4045
10.8082 -1.7793 7.3532
10.8098 -1.8134 7.3162
10.8188 -1.8140 7.1136
10.8221 -1.8370 7.0374
10.8241 -1.8650 6.9914
10.8257 -1.8945 6.9552
10.8269 -1.9253 6.9276
10.8274 -1.9595 6.9163
10.8348 -1.9539 6.7491
10.8368 -1.9774 6.7044
10.8383 -2.0029 6.6698
10.8395 -2.0296 6.6419
10.8404 -2.0579 6.6215
10.8406 -2.0910 6.6179
10.8406 -2.1251 6.6179
10.8424 -2.1462 6.5773
10.8438 -2.1690 6.5443
10.8450 -2.1934 6.5177
10.8459 -2.2191 6.4964
10.8476 -2.2382 6.4578
10.8504 -2.2474 6.3940
10.8521 -2.2650 6.3558
10.8535 -2.2846 6.3247
10.8546 -2.3054 6.2982
10.8556 -2.3276 6.2762
10.8564 -2.3513 6.2589
10.8587 -2.3597 6.2064
10.8574 -2.4021 6.2343
10.8562 -2.4449 6.2622
10.8554 -2.4839 6.2805
10.8541 -2.5283 6.3096
10.8526 -2.5757 6.3441
10.8513 -2.6216 6.3740
10.7211 -1.1004 8.3178
10.7250 -1.1487 8.2430
10.7273 -1.1967 8.1988
10.7281 -1.2452 8.1844
10.7281 -1.2943 8.1843
10.7311 -1.3395 8.1255
10.7387 -1.3771 7.9810
10.7426 -1.4179 7.9066
10.7451 -1.4599 7.8594
10.7465 -1.5031 7.8323
10.7549 -1.5308 7.6730
10.7578 -1.5681 7.6163
10.7598 -1.6068 7.5789
10.7609 -1.6472 7.5579
10.7633 -1.6834 7.5122
10.7667 -1.7156 7.4464
10.7691 -1.7500 7.4014
10.7707 -1.7860 7.3699
10.7834 -1.7816 7.1282
10.7863 -1.8097 7.0726
10.7884 -1.8398 7.0322
10.7900 -1.8714 7.0017
10.7910 -1.9049 6.9826
10.7991 -1.9062 6.8287
10.8018 -1.9297 6.7768
10.8039 -1.9554 6.7376
10.8055 -1.9827 6.7067
10.8067 -2.0113 6.6833
10.8074 -2.0426 6.6706
10.8066 -2.0818 6.6856
10.8089 -2.1034 6.6418
10.8108 -2.1267 6.6061
10.8123 -2.1516 6.5773
10.8135 -2.1779 6.5545
10.8142 -2.2066 6.5400
10.8189 -2.2092 6.4516
10.8210 -2.2273 6.4112
10.8227 -2.2477 6.3788
10.8241 -2.2692 6.3512
10.8253 -2.2921 6.3284
10.8263 -2.3165 6.3104
10.8295 -2.3225 6.2483
10.8318 -2.3349 6.2042
10.8325 -2.3595 6.1908
10.8311 -2.4018 6.2185
10.8284 -2.4546 6.2685
10.8286 -2.4839 6.2650
10.8255 -2.5428 6.3252
10.8253 -2.5756 6.3280
10.6720 -1.0509 8.3820
10.6759 -1.1009 8.3179
10.6782 -1.1504 8.2799
10.6755 -1.2024 8.3243
10.6803 -1.2493 8.2459
10.6834 -1.2963 8.1942
10.6931 -1.3352 8.0362
10.6970 -1.3782 7.9715
10.6995 -1.4219 7.9297
10.7071 -1.4570 7.8051
10.7118 -1.4947 7.7286
10.7149 -1.5338 7.6769
10.7170 -1.5741 7.6430
10.7172 -1.6178 7.6398
10.7227 -1.6491 7.5493
10.7261 -1.6839 7.4939
10.7285 -1.7203 7.4547
10.7419 -1.7250 7.2346
10.7464 -1.7519 7.1605
10.7493 -1.7825 7.1131
10.7514 -1.8145 7.0775
10.7530 -1.8481 7.0526
10.7612 -1.8570 6.9169
10.7651 -1.8798 6.8538
10.7678 -1.9060 6.8098
10.7699 -1.9337 6.7751
10.7715 -1.9627 6.7482
10.7725 -1.9938 6.7311
10.7710 -2.0365 6.7572
10.7739 -2.0585 6.7088
10.7762 -2.0828 6.6716
10.7780 -2.1084 6.6409
10.7795 -2.1355 6.6169
10.7806 -2.1640 6.5987
10.7859 -2.1693 6.5117
10.7885 -2.1881 6.4690
10.7906 -2.2092 6.4352
10.7923 -2.2314 6.4064
10.7938 -2.2551 6.3827
10.7949 -2.2802 6.3642
10.7988 -2.2870 6.2996
10.8016 -2.3004 6.2545
10.8037 -2.3172 6.2200
10.8054 -2.3359 6.1913
10.8064 -2.3593 6.1751
10.8047 -2.4016 6.2028
10.8033 -2.4422 6.2253
10.8019 -2.4835 6.2488
10.7991 -2.5359 6.2948
10.7982 -2.5745 6.3099
10.6268 -1.1024 8.3681
10.6260 -1.1540 8.3806
10.6306 -1.2030 8.3146
10.6337 -1.2516 8.2690
10.6456 -1.2922 8.0979
10.6497 -1.3370 8.0395
10.6521 -1.3824 8.0038
10.6626 -1.4174 7.8540
10.6671 -1.4576 7.7886
10.6702 -1.4986 7.7436
10.6720 -1.5409 7.7174
10.6757 -1.5794 7.6641
10.6805 -1.6148 7.5951
10.6839 -1.6518 7.5468
10.6862 -1.6903 7.5140
10.7040 -1.6917 7.2571
10.7080 -1.7226 7.2004
10.7109 -1.7552 7.1588
10.7130 -1.7891 7.1283
10.7140 -1.8255 7.1129
10.7266 -1.8270 6.9329
10.7300 -1.8536 6.8830
10.7325 -1.8826 6.8475
10.7346 -1.9122 6.8173
10.7360 -1.9434 6.7962
10.7361 -1.9796 6.7958
10.7372 -2.0116 6.7798
10.7400 -2.0365 6.7392
10.7423 -2.0628 6.7062
10.7441 -2.0905 6.6803
10.7453 -2.1203 6.6625
10.7514 -2.1275 6.5745
10.7546 -2.1471 6.5296
10.7570 -2.1690 6.4941
10.7591 -2.1920 6.4641
10.7608 -2.2164 6.4394
10.7622 -2.2424 6.4202
10.7668 -2.2500 6.3530
10.7700 -2.2644 6.3068
10.7725 -2.2821 6.2715
10.7745 -2.3016 6.2420
10.7763 -2.3221 6.2166
10.7778 -2.3437 6.1947
10.7807 -2.3562 6.1528
10.7784 -2.4014 6.1870
10.7771 -2.4401 6.2054
10.7751 -2.4836 6.2334
10.7731 -2.5278 6.2618
10.7709 -2.5743 6.2939
10.7689 -2.6202 6.3234
10.5786 -1.1551 8.3915
10.5895 -1.2015 8.2515
10.5962 -1.2478 8.1652
10.6004 -1.2944 8.1123
10.6076 -1.3372 8.0193
10.6158 -1.3775 7.9154
10.6205 -1.4195 7.8552
10.6234 -1.4625 7.8172
10.6240 -1.5081 7.8104
10.6320 -1.5424 7.7072
10.6366 -1.5802 7.6482
10.6398 -1.6195 7.6080
10.6586 -1.6291 7.3676
10.6642 -1.6599 7.2947
10.6681 -1.6932 7.2460
10.6709 -1.7277 7.2098
10.6727 -1.7639 7.1866
10.6854 -1.7730 7.0243
10.6901 -1.7994 6.9638
10.6935 -1.8282 6.9200
10.6962 -1.8583 6.8859
10.6979 -1.8907 6.8641
10.6986 -1.9256 6.8551
10.6986 -1.9625 6.8544
10.7021 -1.9880 6.8100
10.7049 -2.0152 6.7750
10.7071 -2.0435 6.7467
10.7086 -2.0738 6.7267
10.7152 -2.0844 6.6422
10.7190 -2.1047 6.5944
10.7220 -2.1270 6.5556
10.7244 -2.1509 6.5243
10.7264 -2.1761 6.4986
10.7280 -2.2028 6.4788
10.7335 -2.2114 6.4088
10.7372 -2.2268 6.3614
10.7400 -2.2456 6.3252
10.7424 -2.2659 6.2949
10.7444 -2.2872 6.2687
10.7461 -2.3097 6.2465
10.7518 -2.3107 6.1737
10.7552 -2.3228 6.1300
10.7547 -2.3561 6.1375
10.7525 -2.3984 6.1651
10.7495 -2.4458 6.2028
10.7484 -2.4836 6.2180
10.7461 -2.5279 6.2463
10.7437 -2.5742 6.2780
10.7414 -2.6201 6.3073
10.5384 -1.1535 8.3116
10.5448 -1.2020 8.2382
10.5489 -1.2502 8.1908
10.5600 -1.2929 8.0625
10.5670 -1.3364 7.9821
10.5716 -1.3804 7.9296
10.5741 -1.4255 7.9006
10.5794 -1.4668 7.8392
10.5863 -1.5052 7.7605
10.5908 -1.5451 7.7085
10.5938 -1.5863 7.6742
10.6178 -1.5941 7.3978
10.6228 -1.6281 7.3397
10.6265 -1.6634 7.2970
10.6291 -1.7000 7.2671
10.6404 -1.7187 7.1378
10.6479 -1.7428 7.0515
10.6522 -1.7723 7.0017
10.6555 -1.8031 6.9632
10.6581 -1.8352 6.9340
10.6595 -1.8696 6.9177
10.6576 -1.9123 6.9390
10.6620 -1.9382 6.8888
10.6656 -1.9652 6.8470
10.6683 -1.9944 6.8162
10.6702 -2.0253 6.7944
10.6773 -2.0389 6.7120
10.6818 -2.0599 6.6608
10.6852 -2.0835 6.6216
10.6880 -2.1084 6.5889
10.6903 -2.1345 6.5623
10.6923 -2.1616 6.5399
10.6986 -2.1711 6.4669
10.7028 -2.1876 6.4183
10.7061 -2.2074 6.3812
10.7088 -2.2286 6.3501
10.7111 -2.2508 6.3232
10.7130 -2.2743 6.3009
10.7201 -2.2739 6.2194
10.7238 -2.2879 6.1773
10.7267 -2.3047 6.1438
10.7292 -2.3227 6.1147
10.7286 -2.3560 6.1222
10.7262 -2.3983 6.1496
10.7235 -2.4428 6.1807
10.7200 -2.4918 6.2201
10.7190 -2.5287 6.2325
10.7158 -2.5775 6.2690
10.4850 -1.1041 8.3800
10.4915 -1.1543 8.3122
10.4950 -1.2044 8.2753
10.5094 -1.2483 8.1250
10.5161 -1.2939 8.0550
10.5205 -1.3398 8.0092
10.5216 -1.3875 7.9972
10.5324 -1.4262 7.8848
10.5386 -1.4672 7.8200
10.5427 -1.5094 7.7764
10.5671 -1.5260 7.5215
10.5748 -1.5597 7.4411
10.5797 -1.5960 7.3907
10.5832 -1.6332 7.3541
10.5851 -1.6724 7.3342
10.6030 -1.6835 7.1465
10.6086 -1.7136 7.0883
10.6127 -1.7452 7.0451
10.6159 -1.7781 7.0120
10.6180 -1.8125 6.9902
10.6148 -1.8582 7.0231
10.6200 -1.8851 6.9686
10.6241 -1.9138 6.9264
10.6273 -1.9438 6.8930
10.6299 -1.9747 6.8660
10.6376 -1.9911 6.7852
10.6428 -2.0129 6.7305
10.6468 -2.0374 6.6890
10.6501 -2.0633 6.6549
10.6527 -2.0904 6.6271
10.6548 -2.1190 6.6058
10.6622 -2.1290 6.5277
10.6670 -2.1467 6.4778
10.6706 -2.1675 6.4398
10.6737 -2.1897 6.4076
10.6763 -2.2129 6.3802
10.6785 -2.2374 6.3578
10.6870 -2.2363 6.2687
10.6910 -2.2520 6.2274
10.6942 -2.2698 6.1936
10.7045 -2.2571 6.0863
10.7064 -2.2784 6.0657
10.7039 -2.3196 6.0924
10.7025 -2.3559 6.1069
10.6999 -2.3982 6.1342
10.6969 -2.4428 6.1655
10.6942 -2.4868 6.1939
10.6920 -2.5287 6.2169
10.6892 -2.5740 6.2461
10.4355 -1.1049 8.3949
10.4431 -1.1553 8.3225
10.4563 -1.2023 8.1967
10.4628 -1.2499 8.1343
10.4666 -1.2978 8.0975
10.4739 -1.3428 8.0283
10.4831 -1.3849 7.9402
10.4889 -1.4282 7.8849
10.4926 -1.4724 7.8490
10.5233 -1.4881 7.5554
10.5298 -1.5253 7.4934
10.5346 -1.5633 7.4480
10.5375 -1.6028 7.4195
10.5550 -1.6215 7.2525
10.5624 -1.6519 7.1815
10.5676 -1.6845 7.1323
10.5715 -1.7181 7.0944
10.5743 -1.7531 7.0678
10.5746 -1.7922 7.0651
10.5759 -1.8292 7.0523
10.5807 -1.8589 7.0066
10.5845 -1.8898 6.9702
10.5874 -1.9220 6.9427
10.5947 -1.9435 6.8730
10.6020 -1.9636 6.8035
10.6065 -1.9892 6.7597
10.6103 -2.0161 6.7240
10.6133 -2.0442 6.6949
10.6156 -2.0737 6.6729
10.6244 -2.0843 6.5893
10.6297 -2.1033 6.5382
10.6336 -2.1259 6.5010
10.6371 -2.1490 6.4678
10.6400 -2.1733 6.4400
10.6424 -2.1988 6.4171
10.6525 -2.1971 6.3201
10.6567 -2.2145 6.2798
10.6603 -2.2335 6.2456
10.6726 -2.2195 6.1285
10.6769 -2.2335 6.0872
10.6804 -2.2497 6.0533
10.6807 -2.2784 6.0507
10.6779 -2.3195 6.0774
10.6673 -2.3940 6.1788
10.6733 -2.3992 6.1212
10.6703 -2.4429 6.1502
10.6673 -2.4868 6.1785
10.6649 -2.5287 6.2012
10.6619 -2.5740 6.2303
10.3905 -1.1048 8.3641
10.4007 -1.1547 8.2740
10.4068 -1.2043 8.2209
10.4092 -1.2543 8.1989
10.4234 -1.2979 8.0744
10.4314 -1.3428 8.0039
10.4367 -1.3881 7.9569
10.4678 -1.4126 7.6835
10.4770 -1.4505 7.6026
10.4830 -1.4899 7.5499
10.4873 -1.5301 7.5121
10.4892 -1.5721 7.4953
10.5134 -1.5869 7.2821
10.5198 -1.6206 7.2255
10.5247 -1.6552 7.1826
10.5283 -1.6910 7.1512
10.5299 -1.7291 7.1369
10.5294 -1.7704 7.1411
10.5351 -1.8011 7.0910
10.5396 -1.8331 7.0514
10.5430 -1.8662 7.0212
10.5504 -1.8911 6.9566
10.5585 -1.9130 6.8848
10.5640 -1.9392 6.8365
10.5686 -1.9666 6.7964
10.5720 -1.9957 6.7661
10.5746 -2.0264 6.7433
10.5845 -2.0382 6.6558
10.5905 -2.0586 6.6035
10.5950 -2.0817 6.5633
10.5989 -2.1059 6.5292
10.6019 -2.1319 6.5025
10.6098 -2.1431 6.4334
10.6164 -2.1568 6.3752
10.6210 -2.1755 6.3344
10.6249 -2.1958 6.3003
10.6391 -2.1816 6.1752
10.6437 -2.1974 6.1351
10.6474 -2.2151 6.1020
10.6508 -2.2338 6.0728
10.6537 -2.2532 6.0468
10.6550 -2.2784 6.0358
10.6519 -2.3195 6.0623
10.6500 -2.3569 6.0792
10.6470 -2.3992 6.1060
10.6432 -2.4448 6.1390
10.6405 -2.4869 6.1632
10.6362 -2.5360 6.2010
10.6346 -2.5740 6.2145
10.3424 -1.1052 8.3590
10.3483 -1.1565 8.3109
10.3585 -1.2055 8.2280
10.3698 -1.2524 8.1355
10.3771 -1.2995 8.0757
10.3866 -1.3441 7.9988
10.4207 -1.3715 7.7208
10.4285 -1.4123 7.6570
10.4341 -1.4537 7.6118
10.4374 -1.4961 7.5849
10.4613 -1.5182 7.3894
10.4693 -1.5531 7.3249
10.4752 -1.5890 7.2761
10.4797 -1.6257 7.2395
10.4823 -1.6641 7.2184
10.4803 -1.7084 7.2350
10.4870 -1.7403 7.1800
10.4923 -1.7735 7.1372
10.4963 -1.8077 7.1044
10.5027 -1.8373 7.0520
10.5133 -1.8585 6.9658
10.5195 -1.8861 6.9152
10.5245 -1.9151 6.8747
10.5286 -1.9450 6.8414
10.5316 -1.9765 6.8168
10.5428 -1.9899 6.7256
10.5493 -2.0118 6.6720
10.5544 -2.0360 6.6304
10.5587 -2.0615 6.5955
10.5623 -2.0880 6.5664
10.5716 -2.0991 6.4902
10.5787 -2.1148 6.4328
10.5837 -2.1350 6.3922
10.5977 -2.1291 6.2782
10.6042 -2.1424 6.2248
10.6089 -2.1601 6.1861
10.6130 -2.1790 6.1529
10.6166 -2.1988 6.1236
10.6198 -2.2194 6.0977
10.6226 -2.2408 6.0752
10.6249 -2.2632 6.0563
10.6266 -2.2874 6.0423
10.6258 -2.3200 6.0485
10.6237 -2.3576 6.0656
10.6206 -2.3992 6.0908
10.6173 -2.4422 6.1180
10.6045 -2.5219 6.2217
10.6098 -2.5331 6.1792
10.6073 -2.5743 6.1994
10.3040 -1.1563 8.2774
10.3136 -1.2056 8.2042
10.3201 -1.2547 8.1555
10.3594 -1.2880 7.8568
10.3702 -1.3303 7.7750
10.3775 -1.3732 7.7197
10.3825 -1.4166 7.6822
10.4053 -1.4457 7.5088
10.4159 -1.4816 7.4288
10.4230 -1.5190 7.3748
10.4283 -1.5571 7.3343
10.4320 -1.5961 7.3066
10.4281 -1.6431 7.3360
10.4362 -1.6763 7.2747
10.4424 -1.7107 7.2280
10.4471 -1.7461 7.1920
10.4501 -1.7833 7.1692
10.4656 -1.8012 7.0514
10.4727 -1.8301 6.9975
10.4784 -1.8603 6.9547
10.4830 -1.8915 6.9199
10.4864 -1.9242 6.8940
10.4994 -1.9383 6.7952
10.5062 -1.9626 6.7439
10.5119 -1.9881 6.7008
10.5166 -2.0148 6.6650
10.5205 -2.0425 6.6351
10.5320 -2.0525 6.5478
10.5391 -2.0712 6.4942
10.5445 -2.0928 6.4532
10.5613 -2.0855 6.3261
10.5676 -2.1022 6.2779
10.5727 -2.1213 6.2395
10.5770 -2.1416 6.2067
10.5808 -2.1627 6.1776
10.5842 -2.1845 6.1520
10.5871 -2.2072 6.1298
10.5895 -2.2310 6.1118
10.5908 -2.2580 6.1024
10.5980 -2.2658 6.0475
10.6033 -2.2788 6.0072
10.6004 -2.3183 6.0295
10.5948 -2.3669 6.0714
10.5943 -2.3992 6.0756
10.5891 -2.4479 6.1149
10.5869 -2.4865 6.1313
10.5833 -2.5309 6.1591
10.5800 -2.5743 6.1837
10.5763 -2.6202 6.2121
10.2542 -1.1573 8.2839
10.2692 -1.2056 8.1774
10.3075 -1.2436 7.9064
10.3169 -1.2884 7.8394
10.3236 -1.3332 7.7922
10.3269 -1.3789 7.7685
10.3586 -1.4063 7.5443
10.3675 -1.4452 7.4810
10.3742 -1.4845 7.4336
10.3788 -1.5247 7.4008
10.3784 -1.5688 7.4037
10.3824 -1.6087 7.3755
10.3897 -1.6445 7.3238
10.3952 -1.6811 7.2843
10.3989 -1.7194 7.2584
10.4154 -1.7408 7.1417
10.4235 -1.7711 7.0841
10.4298 -1.8027 7.0390
10.4350 -1.8353 7.0025
10.4388 -1.8692 6.9755
10.4536 -1.8847 6.8704
10.4613 -1.9102 6.8163
10.4673 -1.9376 6.7738
10.4723 -1.9659 6.7380
10.4767 -1.9948 6.7073
10.4903 -2.0046 6.6103
10.4977 -2.0255 6.5583
10.5036 -2.0485 6.5167
10.5228 -2.0414 6.3801
10.5293 -2.0603 6.3340
10.5347 -2.0811 6.2963
10.5393 -2.1027 6.2633
10.5434 -2.1250 6.2342
10.5470 -2.1481 6.2088
10.5500 -2.1723 6.1878
10.5521 -2.1981 6.1724
10.5565 -2.2176 6.1414
10.5639 -2.2282 6.0893
10.5691 -2.2437 6.0521
10.5737 -2.2605 6.0197
10.5778 -2.2782 5.9908
10.5744 -2.3183 6.0146
10.5707 -2.3599 6.0406
10.5678 -2.3995 6.0611
10.5624 -2.4478 6.0994
10.5601 -2.4863 6.1155
10.5562 -2.5308 6.1432
10.5528 -2.5743 6.1679
10.5487 -2.6201 6.1962
10.2396 -1.1511 8.0524
10.2521 -1.1983 7.9696
10.2607 -1.2451 7.9122
10.2661 -1.2920 7.8763
10.2968 -1.3264 7.6720
10.3081 -1.3671 7.5969
10.3162 -1.4082 7.5434
10.3221 -1.4497 7.5040
10.3245 -1.4929 7.4878
10.3250 -1.5373 7.4844
10.3338 -1.5746 7.4265
10.3404 -1.6126 7.3821
10.3449 -1.6520 7.3525
10.3623 -1.6770 7.2371
10.3715 -1.7089 7.1756
10.3787 -1.7420 7.1279
10.3845 -1.7760 7.0895
10.3887 -1.8112 7.0614
10.4052 -1.8288 6.9517
10.4136 -1.8560 6.8956
10.4203 -1.8847 6.8513
10.4259 -1.9143 6.8142
10.4303 -1.9450 6.7848
10.4466 -1.9547 6.6766
10.4543 -1.9777 6.6256
10.4732 -1.9787 6.4996
10.4825 -1.9958 6.4381
10.4891 -2.0170 6.3941
10.4949 -2.0391 6.3558
10.4998 -2.0621 6.3231
10.5041 -2.0859 6.2944
10.5078 -2.1104 6.2696
10.5108 -2.1360 6.2496
10.5124 -2.1648 6.2392
10.5214 -2.1751 6.1795
10.5280 -2.1902 6.1359
10.5333 -2.2076 6.1000
10.5381 -2.2260 6.0685
10.5424 -2.2450 6.0400
10.5548 -2.2407 5.9575
10.5511 -2.2809 5.9823
10.5484 -2.3183 5.9997
10.5446 -2.3599 6.0255
10.5415 -2.3995 6.0459
10.5375 -2.4424 6.0724
10.5334 -2.4862 6.0998
10.5292 -2.5306 6.1273
10.5250 -2.5760 6.1556
10.1814 -1.1025 8.1177
10.1934 -1.1516 8.0429
10.2009 -1.2003 7.9958
10.2298 -1.2414 7.8148
10.2446 -1.2842 7.7225
10.2544 -1.3273 7.6609
10.2618 -1.3704 7.6150
10.2653 -1.4147 7.5928
10.2647 -1.4612 7.5964
10.2749 -1.5004 7.5331
10.2825 -1.5402 7.4856
10.2880 -1.5807 7.4511
10.3060 -1.6096 7.3386
10.3166 -1.6432 7.2722
10.3247 -1.6779 7.2217
10.3311 -1.7134 7.1813
10.3358 -1.7502 7.1522
10.3541 -1.7699 7.0374
10.3634 -1.7988 6.9792
10.3708 -1.8291 6.9334
10.3769 -1.8602 6.8953
10.3817 -1.8923 6.8652
10.4011 -1.9019 6.7440
10.4087 -1.9276 6.6964
10.4311 -1.9281 6.5560
10.4400 -1.9488 6.5007
10.4469 -1.9718 6.4574
10.4528 -1.9956 6.4203
10.4581 -2.0202 6.3877
10.4628 -2.0449 6.3578
10.4666 -2.0710 6.3341
10.4694 -2.0988 6.3170
10.4751 -2.1197 6.2808
10.4838 -2.1338 6.2269
10.4902 -2.1515 6.1865
10.4958 -2.1705 6.1515
10.5008 -2.1903 6.1203
10.5150 -2.1868 6.0313
10.5230 -2.1973 5.9817
10.5289 -2.2121 5.9449
10.5292 -2.2408 5.9428
10.5253 -2.2809 5.9674
10.5115 -2.3488 6.0536
10.5155 -2.3679 6.0281
10.5151 -2.3995 6.0307
10.5109 -2.4424 6.0571
10.5068 -2.4854 6.0826
10.5021 -2.5307 6.1119
10.4977 -2.5759 6.1396
10.1302 -1.1033 8.1314
10.1357 -1.1541 8.0991
10.1766 -1.1958 7.8576
10.1889 -1.2411 7.7850
10.1977 -1.2863 7.7331
10.2032 -1.3317 7.7006
10.2003 -1.3806 7.7180
10.2126 -1.4216 7.6453
10.2216 -1.4631 7.5921
10.2282 -1.5052 7.5535
10.2460 -1.5384 7.4482
10.2585 -1.5736 7.3744
10.2677 -1.6101 7.3203
10.2748 -1.6473 7.2784
10.2799 -1.6856 7.2482
10.3003 -1.7078 7.1278
10.3105 -1.7385 7.0674
10.3186 -1.7705 7.0200
10.3252 -1.8032 6.9809
10.3403 -1.8245 6.8919
10.3526 -1.8476 6.8190
10.3613 -1.8742 6.7679
10.3863 -1.8765 6.6202
10.3952 -1.8998 6.5676
10.4025 -1.9245 6.5244
10.4089 -1.9499 6.4871
10.4143 -1.9760 6.4550
10.4190 -2.0028 6.4275
10.4227 -2.0308 6.4056
10.4242 -2.0623 6.3967
10.4361 -2.0739 6.3265
10.4441 -2.0918 6.2793
10.4506 -2.1116 6.2407
10.4564 -2.1323 6.2065
10.4616 -2.1535 6.1759
10.4801 -2.1449 6.0670
10.4870 -2.1601 6.0258
10.4929 -2.1769 5.9911
10.4982 -2.1946 5.9602
10.5029 -2.2129 5.9322
10.5036 -2.2408 5.9281
10.4994 -2.2810 5.9526
10.4961 -2.3196 5.9724
10.4925 -2.3591 5.9935
10.4868 -2.4048 6.0269
10.4822 -2.4482 6.0540
10.4800 -2.4854 6.0671
10.4754 -2.5299 6.0945
10.4705 -2.5757 6.1235
10.4657 -2.6217 6.1515
10.1032 -1.1012 8.0061
10.1187 -1.1494 7.9197
10.1296 -1.1968 7.8589
10.1370 -1.2440 7.8173
10.1310 -1.2949 7.8507
10.1457 -1.3383 7.7687
10.1564 -1.3818 7.7090
10.1643 -1.4255 7.6650
10.1834 -1.4620 7.5580
10.1973 -1.4996 7.4807
10.2073 -1.5382 7.4245
10.2155 -1.5770 7.3787
10.2215 -1.6167 7.3455
10.2434 -1.6422 7.2233
10.2546 -1.6749 7.1609
10.2634 -1.7086 7.1115
10.2706 -1.7430 7.0714
10.2894 -1.7641 6.9666
10.3016 -1.7905 6.8983
10.3108 -1.8191 6.8470
10.3380 -1.8242 6.6951
10.3477 -1.8490 6.6406
10.3558 -1.8750 6.5956
10.3624 -1.9021 6.5586
10.3682 -1.9297 6.5264
10.3729 -1.9582 6.5001
10.3762 -1.9884 6.4815
10.3843 -2.0106 6.4367
10.3943 -2.0283 6.3805
10.4022 -2.0488 6.3365
10.4090 -2.0703 6.2985
10.4150 -2.0926 6.2650
10.4339 -2.0894 6.1599
10.4423 -2.1047 6.1125
10.4492 -2.1223 6.0743
10.4552 -2.1409 6.0409
10.4606 -2.1601 6.0107
10.4655 -2.1798 5.9833
10.4699 -2.2000 5.9585
10.4803 -2.2060 5.9006
10.4773 -2.2425 5.9175
10.4736 -2.2810 5.9378
10.4704 -2.3187 5.9556
10.4664 -2.3590 5.9783
10.4617 -2.4013 6.0041
10.4555 -2.4483 6.0388
10.4532 -2.4854 6.0516
10.4483 -2.5298 6.0788
10.4431 -2.5757 6.1078
10.0439 -1.0513 8.0619
10.0571 -1.1015 7.9918
10.0659 -1.1509 7.9454
10.0693 -1.2006 7.9272
10.0744 -1.2495 7.9002
10.0868 -1.2954 7.8343
10.0960 -1.3412 7.7856
10.1165 -1.3812 7.6775
10.1325 -1.4210 7.5925
10.1440 -1.4616 7.5315
10.1528 -1.5026 7.4848
10.1591 -1.5443 7.4519
10.1831 -1.5729 7.3249
10.1953 -1.6077 7.2598
10.2051 -1.6432 7.2082
10.2129 -1.6794 7.1670
10.2352 -1.7014 7.0489
10.2476 -1.7306 6.9829
10.2749 -1.7432 6.8385
10.2879 -1.7684 6.7700
10.2975 -1.7958 6.7186
10.3057 -1.8240 6.6753
10.3130 -1.8524 6.6368
10.3194 -1.8812 6.6030
10.3241 -1.9117 6.5782
10.3258 -1.9457 6.5691
10.3406 -1.9605 6.4905
10.3501 -1.9818 6.4406
10.3580 -2.0045 6.3987
10.3649 -2.0278 6.3617
10.3833 -2.0314 6.2645
10.3943 -2.0457 6.2064
10.4023 -2.0641 6.1638
10.4093 -2.0836 6.1270
10.4155 -2.1038 6.0943
10.4210 -2.1245 6.0648
10.4261 -2.1457 6.0382
10.4306 -2.1674 6.0144
10.4485 -2.1604 5.9193
10.4558 -2.1744 5.8807
10.4567 -2.2018 5.8760
10.4521 -2.2414 5.9000
10.4372 -2.3055 5.9789
10.4454 -2.3165 5.9357
10.4402 -2.3590 5.9630
10.4354 -2.4012 5.9887
10.4312 -2.4423 6.0108
10.4264 -2.4853 6.0361
10.4213 -2.5298 6.0632
10.4163 -2.5744 6.0895
9.9912 -1.0517 8.0765
9.9978 -1.1030 8.0429
9.9969 -1.1548 8.0477
10.0126 -1.2033 7.9684
10.0234 -1.2514 7.9140
10.0445 -1.2953 7.8079
10.0630 -1.3379 7.7147
10.0760 -1.3808 7.6496
10.0860 -1.4238 7.5992
10.0932 -1.4672 7.5631
10.1186 -1.4996 7.4349
10.1323 -1.5365 7.3660
10.1428 -1.5743 7.3135
10.1513 -1.6123 7.2703
10.1778 -1.6356 7.1374
10.1907 -1.6673 7.0723
10.2222 -1.6814 6.9136
10.2349 -1.7098 6.8498
10.2450 -1.7393 6.7989
10.2536 -1.7694 6.7557
10.2610 -1.7999 6.7187
10.2671 -1.8310 6.6876
10.2714 -1.8637 6.6660
10.2814 -1.8889 6.6156
10.2939 -1.9099 6.5531
10.3033 -1.9337 6.5057
10.3114 -1.9583 6.4649
10.3185 -1.9834 6.4288
10.3422 -1.9832 6.3098
10.3521 -2.0019 6.2600
10.3601 -2.0225 6.2198
10.3671 -2.0438 6.1842
10.3735 -2.0656 6.1523
10.3792 -2.0879 6.1235
10.3843 -2.1107 6.0978
10.4036 -2.1066 6.0007
10.4118 -2.1217 5.9595
10.4188 -2.1383 5.9240
10.4252 -2.1555 5.8923
10.4309 -2.1732 5.8632
10.4313 -2.2018 5.8614
10.4265 -2.2415 5.8854
10.4244 -2.2758 5.8962
10.4195 -2.3165 5.9206
10.4146 -2.3579 5.9455
10.4098 -2.3994 5.9696
10.4046 -2.4423 5.9955
10.3881 -2.5139 6.0787
10.3937 -2.5313 6.0506
10.3891 -2.5744 6.0737
10.3836 -2.6204 6.1014
9.9450 -1.1559 8.0557
9.9667 -1.2037 7.9518
9.9889 -1.2492 7.8455
10.0035 -1.2948 7.7755
10.0146 -1.3401 7.7221
10.0222 -1.3858 7.6859
10.0498 -1.4218 7.5534
10.0647 -1.4613 7.4819
10.0767 -1.5010 7.4248
10.0859 -1.5411 7.3803
10.1176 -1.5659 7.2287
10.1302 -1.6007 7.1681
10.1660 -1.6171 6.9965
10.1788 -1.6482 6.9352
10.1893 -1.6799 6.8848
10.1984 -1.7119 6.8415
10.2060 -1.7443 6.8050
10.2120 -1.7775 6.7761
10.2147 -1.8137 6.7633
10.2314 -1.8342 6.6829
10.2431 -1.8589 6.6270
10.2538 -1.8836 6.5759
10.2621 -1.9102 6.5360
10.2860 -1.9159 6.4212
10.2977 -1.9355 6.3653
10.3069 -1.9575 6.3211
10.3150 -1.9801 6.2823
10.3226 -2.0026 6.2459
10.3291 -2.0261 6.2147
10.3349 -2.0501 6.1869
10.3555 -2.0494 6.0883
10.3648 -2.0655 6.0436
10.3727 -2.0832 6.0058
10.3798 -2.1017 5.9720
10.3862 -2.1206 5.9412
10.3921 -2.1398 5.9129
10.3975 -2.1593 5.8868
10.4025 -2.1792 5.8629
10.4059 -2.2019 5.8469
10.4009 -2.2415 5.8707
10.3987 -2.2757 5.8813
10.3936 -2.3164 5.9056
10.3884 -2.3578 5.9303
10.3828 -2.4007 5.9572
10.3780 -2.4423 5.9801
10.3726 -2.4859 6.0063
10.3673 -2.5297 6.0317
10.3618 -2.5744 6.0580
9.9083 -1.1547 7.9912
9.9260 -1.2030 7.9103
9.9386 -1.2509 7.8531
9.9468 -1.2988 7.8153
9.9775 -1.3385 7.6752
9.9938 -1.3807 7.6006
10.0065 -1.4229 7.5426
10.0344 -1.4567 7.4148
10.0528 -1.4928 7.3304
10.0848 -1.5195 7.1844
10.1060 -1.5498 7.0874
10.1192 -1.5834 7.0269
10.1303 -1.6171 6.9761
10.1397 -1.6513 6.9335
10.1475 -1.6857 6.8977
10.1529 -1.7214 6.8731
10.1637 -1.7518 6.8233
10.1789 -1.7770 6.7542
10.1904 -1.8044 6.7015
10.2003 -1.8324 6.6561
10.2227 -1.8459 6.5536
10.2392 -1.8640 6.4785
10.2502 -1.8870 6.4282
10.2594 -1.9111 6.3858
10.2677 -1.9356 6.3480
10.2751 -1.9604 6.3142
10.2817 -1.9857 6.2840
10.3039 -1.9881 6.1824
10.3146 -2.0054 6.1335
10.3234 -2.0244 6.0931
10.3313 -2.0442 6.0572
10.3384 -2.0643 6.0245
10.3450 -2.0848 5.9946
10.3510 -2.1055 5.9671
10.3565 -2.1267 5.9420
10.3614 -2.1483 5.9197
10.3655 -2.1710 5.9009
10.3683 -2.1957 5.8880
10.3706 -2.2210 5.8773
10.3775 -2.2372 5.8460
10.3722 -2.2773 5.8700
10.3677 -2.3164 5.8905
10.3623 -2.3578 5.9152
10.3569 -2.3998 5.9400
10.3515 -2.4423 5.9648
10.3460 -2.4853 5.9895
10.3403 -2.5296 6.0159
9.8568 -1.1556 7.9950
9.8663 -1.2059 7.9535
9.9003 -1.2497 7.8050
9.9182 -1.2948 7.7269
9.9320 -1.3396 7.6665
9.9647 -1.3763 7.5235
9.9839 -1.4155 7.4396
10.0229 -1.4440 7.2693
10.0415 -1.4791 7.1878
10.0560 -1.5148 7.1247
10.0674 -1.5509 7.0745
10.0772 -1.5871 7.0320
10.0848 -1.6239 6.9989
10.0878 -1.6633 6.9855
10.1087 -1.6887 6.8944
10.1227 -1.7177 6.8333
10.1344 -1.7475 6.7821
10.1445 -1.7777 6.7378
10.1738 -1.7886 6.6098
10.1878 -1.8122 6.5487
10.1995 -1.8368 6.4973
10.2090 -1.8629 6.4560
10.2174 -1.8893 6.4192
10.2249 -1.9160 6.3864
10.2490 -1.9216 6.2811
10.2608 -1.9407 6.2295
10.2706 -1.9614 6.1867
10.2794 -1.9826 6.1484
10.2873 -2.0042 6.1136
10.2946 -2.0260 6.0819
10.3012 -2.0481 6.0528
10.3073 -2.0706 6.0265
10.3126 -2.0936 6.0033
10.3169 -2.1177 5.9842
10.3193 -2.1448 5.9738
10.3257 -2.1647 5.9461
10.3358 -2.1774 5.9017
10.3442 -2.1924 5.8651
10.3516 -2.2083 5.8327
10.3520 -2.2371 5.8312
10.3465 -2.2773 5.8551
10.3309 -2.3381 5.9230
10.3363 -2.3575 5.8995
10.3306 -2.3997 5.9246
10.3128 -2.4680 6.0020
10.3188 -2.4863 5.9762
10.3133 -2.5295 6.0002
10.3071 -2.5746 6.0269
9.8193 -1.1546 7.9378
9.8375 -1.2031 7.8614
9.8525 -1.2507 7.7987
9.8904 -1.2909 7.6401
9.9098 -1.3335 7.5593
9.9553 -1.3653 7.3688
9.9738 -1.4037 7.2915
9.9881 -1.4424 7.2315
10.0005 -1.4807 7.1799
10.0105 -1.5192 7.1381
10.0171 -1.5586 7.1102
10.0307 -1.5933 7.0533
10.0488 -1.6239 6.9777
10.0627 -1.6557 6.9196
10.0747 -1.6878 6.8694
10.1030 -1.7060 6.7511
10.1208 -1.7304 6.6765
10.1339 -1.7575 6.6218
10.1451 -1.7851 6.5750
10.1550 -1.8129 6.5335
10.1638 -1.8410 6.4966
10.1894 -1.8508 6.3898
10.2029 -1.8714 6.3331
10.2139 -1.8938 6.2872
10.2236 -1.9167 6.2465
10.2324 -1.9399 6.2098
10.2406 -1.9630 6.1754
10.2480 -1.9866 6.1447
10.2546 -2.0105 6.1171
10.2604 -2.0351 6.0929
10.2650 -2.0607 6.0734
10.2656 -2.0920 6.0710
10.2769 -2.1067 6.0235
10.2876 -2.1215 5.9788
10.2965 -2.1383 5.9416
10.3046 -2.1557 5.9079
10.3120 -2.1735 5.8770
10.3188 -2.1916 5.8484
10.3252 -2.2099 5.8216
10.3265 -2.2371 5.8164
10.3208 -2.2773 5.8401
10.3041 -2.3390 5.9098
10.3102 -2.3574 5.8842
10.3043 -2.3996 5.9092
10.2982 -2.4425 5.9345
10.2925 -2.4851 5.9582
10.2863 -2.5294 5.9844
9.7517 -1.1049 8.0036
9.7675 -1.1555 7.9400
9.8107 -1.2002 7.7671
9.8310 -1.2460 7.6855
9.8832 -1.2821 7.4764
9.9020 -1.3237 7.4010
9.9171 -1.3648 7.3404
9.9294 -1.4058 7.2911
9.9391 -1.4469 7.2524
9.9442 -1.4892 7.2320
9.9665 -1.5225 7.1426
9.9846 -1.5561 7.0698
9.9987 -1.5906 7.0135
10.0109 -1.6250 6.9643
10.0480 -1.6417 6.8159
10.0635 -1.6707 6.7536
10.0764 -1.7004 6.7018
10.0877 -1.7303 6.6564
10.0978 -1.7602 6.6161
10.1234 -1.7756 6.5133
10.1405 -1.7967 6.4449
10.1529 -1.8209 6.3953
10.1637 -1.8456 6.3517
10.1735 -1.8706 6.3125
10.1824 -1.8957 6.2769
10.1905 -1.9210 6.2446
10.1976 -1.9466 6.2158
10.2038 -1.9728 6.1910
10.2090 -1.9999 6.1704
10.1966 -2.0494 6.2201
10.2250 -2.0450 6.1063
10.2360 -2.0624 6.0622
10.2456 -2.0808 6.0237
10.2543 -2.0998 5.9888
10.2623 -2.1190 5.9566
10.2698 -2.1384 5.9266
10.2967 -2.1260 5.8185
10.3065 -2.1397 5.7795
10.3121 -2.1594 5.7570
10.3064 -2.1982 5.7796
10.2992 -2.2402 5.8087
10.2951 -2.2772 5.8252
10.2900 -2.3163 5.8456
10.2839 -2.3578 5.8699
10.2780 -2.3995 5.8937
10.2721 -2.4415 5.9172
10.2657 -2.4851 5.9428
10.2547 -2.5389 5.9871
10.2527 -2.5744 5.9950
9.7263 -1.1033 7.8997
9.7783 -1.1487 7.6997
9.8050 -1.1941 7.5968
9.8244 -1.2387 7.5222
9.8402 -1.2827 7.4613
9.8533 -1.3261 7.4111
9.8629 -1.3696 7.3743
9.8747 -1.4115 7.3287
9.8982 -1.4477 7.2383
9.9153 -1.4849 7.1726
9.9299 -1.5219 7.1162
9.9677 -1.5454 6.9708
9.9866 -1.5766 6.8981
10.0018 -1.6086 6.8396
10.0148 -1.6407 6.7895
10.0263 -1.6728 6.7454
10.0530 -1.6928 6.6426
10.0717 -1.7169 6.5708
10.0857 -1.7433 6.5169
10.0981 -1.7699 6.4693
10.1101 -1.7959 6.4232
10.1200 -1.8228 6.3851
10.1289 -1.8499 6.3508
10.1368 -1.8772 6.3204
10.1433 -1.9055 6.2954
10.1474 -1.9358 6.2794
10.1546 -1.9622 6.2517
10.1694 -1.9791 6.1948
10.1807 -1.9991 6.1513
10.1911 -2.0194 6.1114
10.2005 -2.0400 6.0753
10.2092 -2.0609 6.0419
10.2358 -2.0562 5.9393
10.2482 -2.0697 5.8919
10.2582 -2.0856 5.8534
10.2671 -2.1024 5.8190
10.2753 -2.1195 5.7875
10.2830 -2.1368 5.7580
10.2870 -2.1594 5.7424
10.2811 -2.1981 5.7650
10.2752 -2.2376 5.7879
10.2665 -2.2822 5.8214
10.2641 -2.3163 5.8306
10.2578 -2.3578 5.8548
10.2390 -2.4231 5.9271
10.2455 -2.4415 5.9019
10.2389 -2.4851 5.9273
10.2310 -2.5318 5.9578
10.2254 -2.5745 5.9794
10.2184 -2.6205 6.0062
9.6932 -1.0510 7.8305
9.7210 -1.1002 7.7276
9.7409 -1.1481 7.6541
9.7573 -1.1949 7.5933
9.7703 -1.2412 7.5452
9.7773 -1.2879 7.5193
9.8039 -1.3286 7.4209
9.8249 -1.3690 7.3435
9.8422 -1.4090 7.2795
9.8742 -1.4419 7.1612
9.9024 -1.4740 7.0568
9.9203 -1.5086 6.9906
9.9356 -1.5433 6.9343
9.9487 -1.5779 6.8858
9.9760 -1.6030 6.7847
9.9984 -1.6292 6.7021
10.0142 -1.6580 6.6436
10.0280 -1.6870 6.5927
10.0403 -1.7160 6.5473
10.0514 -1.7450 6.5063
10.0613 -1.7740 6.4695
10.0709 -1.8026 6.4339
10.0779 -1.8328 6.4082
10.0807 -1.8663 6.3977
10.0942 -1.8892 6.3480
10.1093 -1.9094 6.2921
10.1216 -1.9313 6.2465
10.1327 -1.9536 6.2056
10.1428 -1.9761 6.1681
10.1523 -1.9987 6.1332
10.1839 -1.9935 6.0164
10.1960 -2.0103 5.9714
10.2065 -2.0283 5.9327
10.2160 -2.0467 5.8975
10.2248 -2.0655 5.8651
10.2329 -2.0844 5.8351
10.2406 -2.1034 5.8068
10.2662 -2.0950 5.7120
10.2692 -2.1192 5.7009
10.2632 -2.1573 5.7231
10.2558 -2.1981 5.7503
10.2489 -2.2387 5.7759
10.2440 -2.2766 5.7941
10.2382 -2.3163 5.8156
10.2316 -2.3578 5.8397
10.2254 -2.3993 5.8630
10.2186 -2.4422 5.8879
10.2121 -2.4851 5.9119
10.2016 -2.5362 5.9507
10.1981 -2.5745 5.9637
10.1909 -2.6205 5.9904
9.6494 -1.0510 7.8022
9.6672 -1.1009 7.7390
9.6798 -1.1501 7.6943
9.6965 -1.1977 7.6347
9.7244 -1.2420 7.5355
9.7456 -1.2856 7.4602
9.7633 -1.3286 7.3972
9.8109 -1.3611 7.2281
9.8316 -1.3992 7.1542
9.8492 -1.4369 7.0918
9.8647 -1.4741 7.0366
9.8773 -1.5115 6.9920
9.9185 -1.5338 6.8455
9.9365 -1.5653 6.7813
9.9520 -1.5969 6.7262
9.9658 -1.6283 6.6771
9.9782 -1.6596 6.6331
9.9891 -1.6909 6.5942
9.9986 -1.7225 6.5605
10.0061 -1.7548 6.5337
9.9907 -1.8049 6.5885
10.0279 -1.8121 6.4562
10.0443 -1.8347 6.3980
10.0577 -1.8588 6.3504
10.0697 -1.8832 6.3077
10.0807 -1.9077 6.2686
10.1119 -1.9106 6.1575
10.1272 -1.9281 6.1031
10.1399 -1.9473 6.0581
10.1510 -1.9673 6.0186
10.1611 -1.9876 5.9826
10.1705 -2.0080 5.9492
10.1793 -2.0285 5.9179
10.2063 -2.0248 5.8219
10.2186 -2.0386 5.7781
10.2290 -2.0541 5.7412
10.2384 -2.0702 5.7078
10.2471 -2.0865 5.6768
10.2444 -2.1192 5.6865
10.2382 -2.1573 5.7086
10.2213 -2.2125 5.7686
10.2248 -2.2364 5.7560
10.2183 -2.2765 5.7791
10.2081 -2.3232 5.8153
10.1987 -2.3693 5.8487
10.1991 -2.3992 5.8475
10.1921 -2.4421 5.8723
10.1853 -2.4852 5.8966
10.1780 -2.5296 5.9224
9.5776 -1.0520 7.8702
9.6105 -1.1019 7.7577
9.6381 -1.1499 7.6631
9.6594 -1.1969 7.5904
9.7089 -1.2371 7.4208
9.7349 -1.2789 7.3316
9.7555 -1.3201 7.2611
9.7729 -1.3607 7.2015
9.7879 -1.4009 7.1502
9.8295 -1.4302 7.0077
9.8518 -1.4642 6.9315
9.8693 -1.4987 6.8716
9.8848 -1.5329 6.8185
9.8985 -1.5669 6.7714
9.9107 -1.6007 6.7298
9.9211 -1.6346 6.6942
9.9286 -1.6696 6.6683
9.9303 -1.7078 6.6624
9.9566 -1.7289 6.5727
9.9732 -1.7550 6.5156
9.9876 -1.7817 6.4664
10.0009 -1.8081 6.4206
10.0137 -1.8340 6.3770
10.0510 -1.8374 6.2493
10.0660 -1.8584 6.1977
10.0791 -1.8804 6.1531
10.0908 -1.9025 6.1128
10.1021 -1.9243 6.0742
10.1122 -1.9466 6.0396
10.1397 -1.9490 5.9456
10.1550 -1.9631 5.8931
10.1669 -1.9802 5.8522
10.1776 -1.9978 5.8157
10.1875 -2.0157 5.7819
10.1966 -2.0338 5.7506
10.2052 -2.0520 5.7212
10.2134 -2.0701 5.6931
10.2211 -2.0883 5.6668
10.2195 -2.1191 5.6721
10.2131 -2.1573 5.6941
10.1958 -2.2124 5.7534
10.1994 -2.2364 5.7411
10.1926 -2.2765 5.7641
10.1844 -2.3195 5.7924
10.1799 -2.3568 5.8076
10.1728 -2.3991 5.8321
10.1656 -2.4420 5.8568
10.1585 -2.4852 5.8811
10.1510 -2.5296 5.9067
9.5424 -1.0516 7.8107
9.5932 -1.1000 7.6432
9.6263 -1.1466 7.5338
9.6509 -1.1920 7.4527
9.6714 -1.2365 7.3850
9.6892 -1.2800 7.3262
9.7331 -1.3158 7.1813
9.7581 -1.3538 7.0989
9.7780 -1.3917 7.0331
9.7957 -1.4289 6.9747
9.8116 -1.4656 6.9222
9.8251 -1.5022 6.8776
9.8366 -1.5388 6.8398
9.8439 -1.5766 6.8157
9.8566 -1.6110 6.7738
9.8793 -1.6388 6.6988
9.8969 -1.6681 6.6406
9.9126 -1.6974 6.5890
9.9267 -1.7266 6.5422
9.9574 -1.7429 6.4408
9.9839 -1.7603 6.3534
9.9999 -1.7840 6.3008
10.0137 -1.8083 6.2551
10.0263 -1.8327 6.2136
10.0379 -1.8571 6.1754
10.0679 -1.8635 6.0763
10.0851 -1.8802 6.0195
10.0989 -1.8991 5.9741
10.1111 -1.9186 5.9338
10.1223 -1.9383 5.8968
10.1326 -1.9581 5.8627
10.1423 -1.9780 5.8306
10.1515 -1.9977 5.8003
10.1602 -2.0175 5.7717
10.1683 -2.0373 5.7449
10.1760 -2.0570 5.7194
10.1832 -2.0769 5.6957
10.1897 -2.0971 5.6741
10.1947 -2.1191 5.6577
10.1881 -2.1573 5.6795
10.1812 -2.1963 5.7024
10.1743 -2.2358 5.7251
10.1670 -2.2764 5.7491
10.1610 -2.3154 5.7687
10.1538 -2.3568 5.7925
10.1465 -2.3989 5.8166
10.1393 -2.4415 5.8405
10.1317 -2.4851 5.8655
10.1240 -2.5295 5.8910
9.5026 -0.9997 7.7683
9.5336 -1.0504 7.6696
9.5589 -1.0993 7.5889
9.5796 -1.1470 7.5231
9.6279 -1.1895 7.3693
9.6568 -1.2319 7.2771
9.6794 -1.2737 7.2054
9.6994 -1.3145 7.1417
9.7166 -1.3547 7.0869
9.7315 -1.3944 7.0394
9.7444 -1.4339 6.9984
9.7516 -1.4745 6.9753
9.7715 -1.5094 6.9120
9.7948 -1.5414 6.8377
9.8141 -1.5738 6.7763
9.8312 -1.6059 6.7219
9.8466 -1.6378 6.6728
9.8891 -1.6527 6.5375
9.9095 -1.6784 6.4723
9.9263 -1.7051 6.4190
9.9413 -1.7318 6.3711
9.9562 -1.7576 6.3238
9.9687 -1.7842 6.2840
10.0086 -1.7881 6.1568
10.0243 -1.8094 6.1069
10.0381 -1.8312 6.0629
10.0508 -1.8531 6.0226
10.0624 -1.8751 5.9857
10.0733 -1.8968 5.9507
10.0837 -1.9185 5.9176
10.0935 -1.9400 5.8864
10.1026 -1.9616 5.8575
10.1112 -1.9831 5.8301
10.1192 -2.0047 5.8046
10.1265 -2.0266 5.7814
10.1328 -2.0491 5.7612
10.1374 -2.0734 5.7468
10.1324 -2.1096 5.7626
10.1425 -2.1263 5.7304
10.1521 -2.1431 5.6999
10.1612 -2.1598 5.6710
10.1559 -2.1963 5.6877
10.1488 -2.2358 5.7103
10.1424 -2.2747 5.7306
10.1339 -2.3173 5.7579
10.1278 -2.3568 5.7773
10.1202 -2.3989 5.8013
10.1128 -2.4414 5.8251
10.1049 -2.4851 5.8499
10.0934 -2.5355 5.8866
10.0890 -2.5745 5.9007
9.4576 -0.9997 7.7431
9.5107 -1.0497 7.5796
9.5441 -1.0974 7.4771
9.5704 -1.1437 7.3962
9.5932 -1.1886 7.3259
9.6131 -1.2325 7.2646
9.6304 -1.2756 7.2114
9.6445 -1.3182 7.1680
9.6505 -1.3621 7.1498
9.6755 -1.3999 7.0727
9.7012 -1.4357 6.9937
9.7229 -1.4713 6.9271
9.7421 -1.5065 6.8681
9.7589 -1.5413 6.8163
9.8096 -1.5592 6.6605
9.8302 -1.5888 6.5971
9.8481 -1.6184 6.5420
9.8642 -1.6479 6.4925
9.8790 -1.6771 6.4471
9.9216 -1.6876 6.3159
9.9413 -1.7105 6.2554
9.9572 -1.7349 6.2064
9.9717 -1.7592 6.1619
9.9851 -1.7834 6.1208
9.9974 -1.8075 6.0828
10.0091 -1.8314 6.0470
10.0200 -1.8551 6.0132
10.0305 -1.8785 5.9811
10.0401 -1.9020 5.9516
10.0490 -1.9256 5.9243
10.0570 -1.9495 5.8997
10.0636 -1.9742 5.8793
10.0660 -2.0031 5.8720
10.0665 -2.0338 5.8702
10.0778 -2.0523 5.8357
10.0882 -2.0710 5.8036
10.0982 -2.0895 5.7728
10.1077 -2.1080 5.7436
10.1167 -2.1265 5.7160
10.1452 -2.1189 5.6284
10.1381 -2.1571 5.6502
10.1306 -2.1963 5.6731
10.1233 -2.2357 5.6955
10.1168 -2.2746 5.7157
10.1092 -2.3154 5.7389
10.1017 -2.3567 5.7622
10.0936 -2.3993 5.7869
10.0862 -2.4414 5.8096
10.0782 -2.4850 5.8343
10.0685 -2.5319 5.8642
10.0617 -2.5745 5.8850
10.0533 -2.6205 5.9110
9.4169 -0.9480 7.7048
9.4473 -0.9997 7.6145
9.4753 -1.0494 7.5311
9.4974 -1.0977 7.4655
9.5168 -1.1448 7.4078
9.5318 -1.1913 7.3631
9.5126 -1.2423 7.4204
9.5723 -1.2791 7.2429
9.5996 -1.3195 7.1616
9.6231 -1.3590 7.0920
9.6436 -1.3979 7.0309
9.6942 -1.4257 6.8807
9.7218 -1.4584 6.7985
9.7433 -1.4917 6.7347
9.7624 -1.5246 6.6779
9.7797 -1.5570 6.6264
9.8253 -1.5745 6.4910
9.8477 -1.6012 6.4245
9.8661 -1.6286 6.3697
9.8827 -1.6558 6.3204
9.8984 -1.6825 6.2737
9.9134 -1.7086 6.2290
9.9267 -1.7350 6.1896
9.9391 -1.7611 6.1527
9.9507 -1.7870 6.1182
9.9614 -1.8129 6.0865
9.9710 -1.8389 6.0578
9.9795 -1.8653 6.0326
9.9854 -1.8934 6.0151
9.9815 -1.9300 6.0266
9.9944 -1.9511 5.9884
10.0067 -1.9718 5.9517
10.0184 -1.9923 5.9169
10.0294 -2.0130 5.8844
10.0398 -2.0333 5.8533
10.0709 -2.0303 5.7611
10.0852 -2.0442 5.7184
10.0975 -2.0596 5.6820
10.1087 -2.0755 5.6487
10.1191 -2.0916 5.6176
10.1204 -2.1188 5.6139
10.1131 -2.1570 5.6356
10.1040 -2.1980 5.6625
10.0914 -2.2446 5.7000
10.0911 -2.2746 5.7008
10.0834 -2.3153 5.7238
10.0740 -2.3590 5.7516
10.0673 -2.3992 5.7715
10.0591 -2.4422 5.7959
10.0493 -2.4883 5.8252
10.0429 -2.5295 5.8441
10.0344 -2.5745 5.8693
9.3884 -0.9997 7.6322
9.4047 -1.0503 7.5855
9.3876 -1.1020 7.6345
9.4587 -1.1464 7.4302
9.4886 -1.1915 7.3442
9.5144 -1.2353 7.2702
9.5373 -1.2781 7.2043
9.5974 -1.3112 7.0314
9.6241 -1.3489 6.9547
9.6476 -1.3859 6.8873
9.6683 -1.4222 6.8276
9.7158 -1.4479 6.6910
9.7437 -1.4780 6.6109
9.7655 -1.5089 6.5482
9.7848 -1.5395 6.4929
9.8023 -1.5697 6.4424
9.8185 -1.5995 6.3959
9.8336 -1.6288 6.3525
9.8476 -1.6578 6.3122
9.8607 -1.6865 6.2746
9.8744 -1.7139 6.2352
9.8852 -1.7424 6.2041
9.8941 -1.7716 6.1787
9.8957 -1.8055 6.1741
9.9006 -1.8368 6.1600
9.9151 -1.8602 6.1182
9.9287 -1.8834 6.0791
9.9414 -1.9065 6.0425
9.9536 -1.9293 6.0076
9.9857 -1.9329 5.9154
10.0037 -1.9480 5.8636
10.0180 -1.9655 5.8223
10.0310 -1.9834 5.7850
10.0430 -2.0016 5.7505
10.0543 -2.0198 5.7180
10.0652 -2.0378 5.6869
10.0753 -2.0558 5.6577
10.0852 -2.0736 5.6293
10.0945 -2.0913 5.6025
10.0956 -2.1188 5.5995
10.0881 -2.1569 5.6210
10.0811 -2.1950 5.6411
10.0733 -2.2344 5.6633
10.0655 -2.2745 5.6859
10.0575 -2.3153 5.7088
10.0476 -2.3594 5.7374
10.0410 -2.3991 5.7562
10.0326 -2.4421 5.7804
10.0245 -2.4851 5.8036
10.0159 -2.5295 5.8284
9.3312 -0.9997 7.6427
9.3643 -1.0502 7.5506
9.3931 -1.0989 7.4704
9.4539 -1.1429 7.3014
9.4908 -1.1861 7.1987
9.5191 -1.2283 7.1199
9.5436 -1.2695 7.0517
9.5654 -1.3098 6.9912
9.6243 -1.3395 6.8271
9.6522 -1.3742 6.7495
9.6748 -1.4089 6.6868
9.6951 -1.4429 6.6301
9.7138 -1.4763 6.5781
9.7312 -1.5090 6.5299
9.7472 -1.5413 6.4852
9.7620 -1.5731 6.4440
9.7755 -1.6047 6.4065
9.7872 -1.6363 6.3738
9.7961 -1.6689 6.3493
9.7923 -1.7082 6.3597
9.8096 -1.7348 6.3116
9.8269 -1.7604 6.2636
9.8423 -1.7862 6.2207
9.8566 -1.8117 6.1809
9.8913 -1.8213 6.0843
9.9130 -1.8388 6.0238
9.9296 -1.8590 5.9777
9.9439 -1.8802 5.9379
9.9578 -1.9008 5.8993
9.9708 -1.9213 5.8630
9.9833 -1.9415 5.8284
9.9950 -1.9617 5.7958
10.0062 -1.9816 5.7645
10.0169 -2.0014 5.7348
10.0436 -2.0038 5.6607
10.0614 -2.0140 5.6109
10.0746 -2.0283 5.5742
10.0849 -2.0452 5.5457
10.0774 -2.0822 5.5665
10.0708 -2.1187 5.5850
10.0631 -2.1569 5.6064
10.0558 -2.1950 5.6265
10.0479 -2.2344 5.6486
10.0398 -2.2745 5.6710
10.0319 -2.3149 5.6931
10.0235 -2.3565 5.7164
10.0147 -2.3991 5.7408
9.9917 -2.4629 5.8049
9.9978 -2.4851 5.7880
9.9889 -2.5295 5.8128
9.3323 -0.9997 7.4937
9.3699 -1.0487 7.3923
9.4001 -1.0959 7.3110
9.4270 -1.1416 7.2384
9.4884 -1.1815 7.0732
9.5213 -1.2220 6.9844
9.5487 -1.2616 6.9104
9.5729 -1.3001 6.8454
9.5948 -1.3378 6.7863
9.6160 -1.3743 6.7293
9.6344 -1.4104 6.6796
9.6513 -1.4459 6.6340
9.6665 -1.4809 6.5931
9.6794 -1.5160 6.5583
9.6838 -1.5539 6.5465
9.6904 -1.5905 6.5287
9.7098 -1.6205 6.4765
9.7278 -1.6501 6.4279
9.7447 -1.6792 6.3824
9.7843 -1.6944 6.2757
9.8090 -1.7161 6.2091
9.8287 -1.7394 6.1560
9.8463 -1.7631 6.1087
9.8624 -1.7866 6.0652
9.8774 -1.8100 6.0249
9.8916 -1.8330 5.9864
9.9051 -1.8558 5.9500
9.9177 -1.8785 5.9162
9.9300 -1.9007 5.8829
9.9654 -1.9020 5.7875
9.9823 -1.9179 5.7422
9.9965 -1.9352 5.7037
10.0097 -1.9527 5.6682
10.0222 -1.9701 5.6346
10.0338 -1.9877 5.6033
10.0451 -2.0049 5.5730
10.0557 -2.0221 5.5444
10.0604 -2.0452 5.5315
10.0527 -2.0822 5.5523
10.0449 -2.1199 5.5734
10.0391 -2.1556 5.5890
10.0306 -2.1949 5.6119
10.0225 -2.2344 5.6338
10.0142 -2.2745 5.6561
10.0060 -2.3149 5.6781
9.9974 -2.3564 5.7013
9.9813 -2.4089 5.7447
9.9799 -2.4415 5.7485
9.9709 -2.4851 5.7727
9.9618 -2.5294 5.7971
9.9527 -2.5745 5.8219
9.2650 -0.9488 7.5309
9.3313 -0.9997 7.3577
9.3748 -1.0473 7.2443
9.4073 -1.0930 7.1593
9.4360 -1.1372 7.0844
9.4614 -1.1801 7.0181
9.4851 -1.2217 6.9561
9.5064 -1.2624 6.9005
9.5256 -1.3022 6.8503
9.5431 -1.3413 6.8045
9.5569 -1.3804 6.7687
9.5522 -1.4240 6.7808
9.5763 -1.4587 6.7180
9.5979 -1.4928 6.6615
9.6181 -1.5263 6.6088
9.6370 -1.5590 6.5594
9.6905 -1.5755 6.4198
9.7135 -1.6031 6.3597
9.7338 -1.6306 6.3065
9.7526 -1.6578 6.2575
9.7701 -1.6846 6.2118
9.7874 -1.7105 6.1666
9.8032 -1.7364 6.1254
9.8180 -1.7619 6.0868
9.8529 -1.7730 5.9956
9.8754 -1.7908 5.9368
9.8929 -1.8110 5.8911
9.9089 -1.8312 5.8494
9.9237 -1.8515 5.8107
9.9375 -1.8717 5.7746
9.9508 -1.8915 5.7398
9.9633 -1.9113 5.7072
9.9755 -1.9306 5.6753
9.9870 -1.9499 5.6454
9.9982 -1.9687 5.6161
10.0088 -1.9875 5.5884
10.0191 -2.0059 5.5614
10.0291 -2.0242 5.5355
10.0360 -2.0452 5.5174
10.0281 -2.0822 5.5380
10.0200 -2.1199 5.5590
10.0141 -2.1556 5.5745
10.0058 -2.1944 5.5962
9.9960 -2.2357 5.6219
9.9889 -2.2739 5.6402
9.9802 -2.3149 5.6631
9.9713 -2.3564 5.6861
9.9568 -2.4061 5.7240
9.9533 -2.4415 5.7331
9.9441 -2.4851 5.7572
9.9330 -2.5321 5.7863
9.9254 -2.5745 5.8062
9.9157 -2.6205 5.8315
9.2424 -0.8992 7.4512
9.2784 -0.9505 7.3600
9.3088 -0.9997 7.2831
9.3367 -1.0472 7.2123
9.3622 -1.0933 7.1478
9.3853 -1.1381 7.0893
9.4057 -1.1820 7.0377
9.4210 -1.2254 6.9988
9.4191 -1.2708 7.0037
9.4461 -1.3106 6.9353
9.4706 -1.3494 6.8733
9.4937 -1.3872 6.8148
9.5521 -1.4136 6.6669
9.5809 -1.4459 6.5939
9.6053 -1.4781 6.5322
9.6275 -1.5097 6.4759
9.6481 -1.5407 6.4238
9.6673 -1.5711 6.3750
9.6856 -1.6009 6.3288
9.7028 -1.6301 6.2850
9.7454 -1.6452 6.1773
9.7723 -1.6665 6.1091
9.7917 -1.6905 6.0599
9.8094 -1.7144 6.0151
9.8260 -1.7380 5.9731
9.8419 -1.7611 5.9330
9.8567 -1.7841 5.8955
9.8715 -1.8062 5.8579
9.8850 -1.8284 5.8236
9.8983 -1.8500 5.7901
9.9107 -1.8715 5.7585
9.9229 -1.8926 5.7277
9.9344 -1.9135 5.6985
9.9456 -1.9340 5.6702
9.9562 -1.9545 5.6433
9.9665 -1.9746 5.6173
9.9762 -1.9948 5.5928
9.9854 -2.0147 5.5693
9.9939 -2.0350 5.5478
10.0017 -2.0555 5.5280
10.0034 -2.0822 5.5238
9.9926 -2.1228 5.5512
9.9891 -2.1555 5.5600
9.9806 -2.1944 5.5816
9.9716 -2.2343 5.6042
9.9633 -2.2739 5.6252
9.9544 -2.3147 5.6478
9.9436 -2.3586 5.6753
9.9359 -2.3989 5.6948
9.9268 -2.4415 5.7178
9.9173 -2.4851 5.7418
9.9045 -2.5340 5.7742
9.8981 -2.5745 5.7905
9.8881 -2.6205 5.8156
9.1922 -0.8988 7.4425
9.2204 -0.9500 7.3734
9.2440 -0.9997 7.3152
9.2579 -1.0483 7.2811
9.2692 -1.0962 7.2532
9.3001 -1.1419 7.1775
9.3284 -1.1862 7.1079
9.3546 -1.2292 7.0434
9.4229 -1.2636 6.8756
9.4544 -1.3015 6.7982
9.4811 -1.3386 6.7326
9.5072 -1.3745 6.6685
9.5300 -1.4097 6.6124
9.5515 -1.4441 6.5595
9.5719 -1.4777 6.5094
9.6260 -1.4980 6.3765
9.6512 -1.5265 6.3145
9.6735 -1.5548 6.2598
9.6941 -1.5826 6.2092
9.7132 -1.6099 6.1622
9.7331 -1.6358 6.1133
9.7503 -1.6621 6.0711
9.7665 -1.6879 6.0313
9.7821 -1.7132 5.9929
9.7969 -1.7380 5.9564
9.8112 -1.7624 5.9213
9.8248 -1.7865 5.8880
9.8378 -1.8102 5.8559
9.8510 -1.8330 5.8235
9.8629 -1.8561 5.7942
9.8741 -1.8791 5.7667
9.8845 -1.9021 5.7411
9.8941 -1.9252 5.7176
9.9018 -1.9494 5.6987
9.8855 -1.9945 5.7387
9.8976 -2.0145 5.7090
9.9092 -2.0342 5.6804
9.9432 -2.0314 5.5968
9.9581 -2.0459 5.5602
9.9715 -2.0612 5.5273
9.9820 -2.0787 5.5015
9.9735 -2.1164 5.5224
9.9641 -2.1555 5.5455
9.9554 -2.1944 5.5670
9.9456 -2.2349 5.5909
9.9378 -2.2738 5.6102
9.9286 -2.3146 5.6327
9.9190 -2.3566 5.6564
9.9096 -2.3988 5.6795
9.8849 -2.4615 5.7400
9.8905 -2.4852 5.7263
9.8806 -2.5296 5.7505
9.8708 -2.5745 5.7748
9.1289 -0.9487 7.4642
9.1625 -0.9997 7.3840
9.2378 -1.0477 7.2043
9.2768 -1.0935 7.1113
9.3102 -1.1377 7.0317
9.3403 -1.1805 6.9598
9.3679 -1.2219 6.8940
9.3941 -1.2621 6.8314
9.4184 -1.3012 6.7735
9.4867 -1.3294 6.6105
9.5147 -1.3638 6.5437
9.5400 -1.3973 6.4832
9.5635 -1.4301 6.4273
9.5856 -1.4620 6.3745
9.6066 -1.4931 6.3244
9.6263 -1.5235 6.2774
9.6452 -1.5532 6.2322
9.6631 -1.5823 6.1895
9.6803 -1.6108 6.1485
9.6976 -1.6382 6.1072
9.7132 -1.6656 6.0700
9.7280 -1.6926 6.0348
9.7416 -1.7195 6.0022
9.7544 -1.7461 5.9718
9.7659 -1.7728 5.9443
9.7745 -1.8008 5.9237
9.7601 -1.8439 5.9580
9.7748 -1.8673 5.9231
9.7886 -1.8905 5.8900
9.8288 -1.8928 5.7941
9.8462 -1.9111 5.7527
9.8621 -1.9295 5.7148
9.8767 -1.9481 5.6799
9.8908 -1.9664 5.6462
9.9041 -1.9847 5.6145
9.9171 -2.0025 5.5835
9.9294 -2.0203 5.5541
9.9414 -2.0377 5.5255
9.9531 -2.0547 5.4977
9.9574 -2.0787 5.4872
9.9487 -2.1164 5.5080
9.9399 -2.1547 5.5292
9.9299 -2.1947 5.5530
9.9208 -2.2342 5.5747
9.9122 -2.2737 5.5952
9.9026 -2.3147 5.6180
9.8929 -2.3565 5.6412
9.8833 -2.3987 5.6642
9.8598 -2.4592 5.7201
9.8637 -2.4851 5.7108
9.8536 -2.5295 5.7349
9.1082 -0.8990 7.3845
9.1456 -0.9503 7.2977
9.1794 -0.9997 7.2195
9.2109 -1.0473 7.1463
9.2832 -1.0910 6.9788
9.3214 -1.1337 6.8903
9.3541 -1.1749 6.8145
9.3833 -1.2148 6.7468
9.4110 -1.2534 6.6825
9.4373 -1.2908 6.6216
9.4616 -1.3272 6.5653
9.4847 -1.3626 6.5118
9.5065 -1.3971 6.4613
9.5272 -1.4308 6.4134
9.5470 -1.4637 6.3674
9.5654 -1.4959 6.3247
9.5830 -1.5276 6.2840
9.5995 -1.5587 6.2457
9.6143 -1.5897 6.2115
9.6269 -1.6208 6.1822
9.6094 -1.6658 6.2228
9.6271 -1.6938 6.1818
9.6726 -1.7061 6.0762
9.6958 -1.7285 6.0225
9.7158 -1.7515 5.9762
9.7342 -1.7744 5.9335
9.7518 -1.7968 5.8927
9.7683 -1.8191 5.8545
9.7836 -1.8413 5.8190
9.7988 -1.8627 5.7837
9.8136 -1.8836 5.7495
9.8279 -1.9042 5.7164
9.8415 -1.9245 5.6848
9.8548 -1.9443 5.6539
9.8677 -1.9638 5.6240
9.8801 -1.9831 5.5953
9.8922 -2.0019 5.5672
9.9040 -2.0204 5.5400
9.9153 -2.0388 5.5138
9.9264 -2.0567 5.4881
9.9329 -2.0787 5.4730
9.9240 -2.1163 5.4937
9.9149 -2.1546 5.5147
9.9047 -2.1946 5.5383
9.8954 -2.2342 5.5599
9.8788 -2.2826 5.5984
9.8772 -2.3142 5.6021
9.8675 -2.3557 5.6245
9.8570 -2.3987 5.6489
9.8470 -2.4416 5.6720
9.8369 -2.4851 5.6953
9.8266 -2.5295 5.7192
9.8162 -2.5745 5.7433
9.0811 -0.8499 7.3221
9.1291 -0.9023 7.2139
9.1668 -0.9520 7.1290
9.2018 -0.9997 7.0502
9.2343 -1.0456 6.9770
9.2648 -1.0899 6.9082
9.2934 -1.1328 6.8439
9.3196 -1.1745 6.7848
9.3442 -1.2150 6.7294
9.3683 -1.2543 6.6751
9.3909 -1.2927 6.6243
9.4111 -1.3303 6.5789
9.4300 -1.3672 6.5361
9.4462 -1.4038 6.4996
9.4286 -1.4493 6.5394
9.4506 -1.4833 6.4897
9.5082 -1.5041 6.3601
9.5344 -1.5334 6.3009
9.5582 -1.5622 6.2474
9.5805 -1.5904 6.1972
9.6013 -1.6182 6.1504
9.6213 -1.6452 6.1052
9.6411 -1.6712 6.0606
9.6596 -1.6970 6.0191
9.6772 -1.7222 5.9793
9.6942 -1.7469 5.9411
9.7107 -1.7710 5.9038
9.7264 -1.7947 5.8684
9.7417 -1.8179 5.8340
9.7564 -1.8407 5.8010
9.7706 -1.8630 5.7689
9.7845 -1.8849 5.7376
9.8191 -1.8904 5.6596
9.8382 -1.9063 5.6168
9.8543 -1.9234 5.5803
9.8696 -1.9405 5.5459
9.8838 -1.9578 5.5140
9.8976 -1.9746 5.4830
9.9106 -1.9915 5.4537
9.9232 -2.0080 5.4252
9.9149 -2.0440 5.4440
9.9059 -2.0811 5.4643
9.8992 -2.1163 5.4793
9.8884 -2.1562 5.5037
9.8795 -2.1945 5.5236
9.8700 -2.2341 5.5450
9.8543 -2.2810 5.5804
9.8514 -2.3141 5.5869
9.8415 -2.3556 5.6093
9.8263 -2.4039 5.6435
9.8204 -2.4416 5.6567
9.8100 -2.4853 5.6801
9.7970 -2.5327 5.7093
9.7889 -2.5745 5.7275
9.7780 -2.6205 5.7522
9.0176 -0.7979 7.3416
9.0548 -0.8512 7.2601
9.0910 -0.9025 7.1808
9.1228 -0.9519 7.1112
9.1527 -0.9997 7.0456
9.1808 -1.0459 6.9842
9.2066 -1.0909 6.9276
9.2293 -1.1348 6.8779
9.2469 -1.1780 6.8393
9.2321 -1.2245 6.8717
9.3021 -1.2588 6.7184
9.3351 -1.2961 6.6462
9.3664 -1.3321 6.5776
9.3938 -1.3674 6.5176
9.4198 -1.4016 6.4607
9.4442 -1.4350 6.4072
9.4678 -1.4674 6.3556
9.4900 -1.4990 6.3068
9.5116 -1.5297 6.2596
9.5322 -1.5597 6.2145
9.5520 -1.5890 6.1710
9.5712 -1.6175 6.1290
9.5895 -1.6455 6.0890
9.6090 -1.6720 6.0462
9.6491 -1.6870 5.9585
9.6742 -1.7079 5.9035
9.6947 -1.7301 5.8585
9.7139 -1.7521 5.8165
9.7318 -1.7739 5.7773
9.7481 -1.7958 5.7417
9.7644 -1.8169 5.7060
9.7803 -1.8374 5.6712
9.7956 -1.8575 5.6377
9.8102 -1.8774 5.6056
9.8245 -1.8967 5.5743
9.8384 -1.9157 5.5439
9.8517 -1.9344 5.5148
9.8647 -1.9527 5.4863
9.8774 -1.9706 5.4584
9.8896 -1.9882 5.4316
9.8995 -2.0074 5.4099
9.8905 -2.0439 5.4297
9.8813 -2.0810 5.4499
9.8728 -2.1179 5.4684
9.8633 -2.1562 5.4892
9.8458 -2.2034 5.5276
9.8422 -2.2365 5.5354
9.8352 -2.2737 5.5508
9.8256 -2.3140 5.5718
9.8155 -2.3555 5.5940
9.7980 -2.4060 5.6322
9.7938 -2.4416 5.6413
9.7832 -2.4853 5.6647
9.7695 -2.5332 5.6946
9.7617 -2.5745 5.7118
9.7505 -2.6205 5.7363
8.9677 -0.8479 7.3296
8.9575 -0.8980 7.3514
9.0419 -0.9509 7.1715
9.0856 -0.9997 7.0784
9.1240 -1.0464 6.9966
9.1594 -1.0913 6.9212
9.1927 -1.1346 6.8503
9.2232 -1.1766 6.7852
9.2534 -1.2170 6.7209
9.2818 -1.2563 6.6604
9.3085 -1.2944 6.6035
9.3358 -1.3310 6.5453
9.3603 -1.3670 6.4932
9.3838 -1.4019 6.4431
9.4354 -1.4280 6.3331
9.4667 -1.4576 6.2665
9.4931 -1.4873 6.2103
9.5174 -1.5163 6.1586
9.5406 -1.5446 6.1091
9.5622 -1.5723 6.0630
9.5833 -1.5991 6.0180
9.6037 -1.6252 5.9746
9.6229 -1.6509 5.9336
9.6417 -1.6759 5.8937
9.6597 -1.7002 5.8552
9.6770 -1.7241 5.8184
9.6939 -1.7474 5.7824
9.7102 -1.7701 5.7477
9.7255 -1.7927 5.7151
9.7408 -1.8145 5.6825
9.7558 -1.8358 5.6506
9.7703 -1.8567 5.6197
9.7842 -1.8772 5.5899
9.7979 -1.8973 5.5608
9.8112 -1.9169 5.5324
9.8241 -1.9362 5.5049
9.8366 -1.9552 5.4783
9.8489 -1.9738 5.4523
9.8608 -1.9920 5.4268
9.8724 -2.0100 5.4022
9.8661 -2.0439 5.4155
9.8567 -2.0810 5.4355
9.8480 -2.1179 5.4541
9.8383 -2.1562 5.4747
9.8285 -2.1951 5.4956
9.8197 -2.2334 5.5143
9.8096 -2.2736 5.5359
9.7993 -2.3145 5.5578
9.7882 -2.3568 5.5815
9.7776 -2.3990 5.6039
9.7673 -2.4416 5.6260
9.7564 -2.4852 5.6491
9.7454 -2.5296 5.6726
9.7344 -2.5746 5.6961
8.9470 -0.8496 7.2564
8.9863 -0.9015 7.1750
9.0224 -0.9515 7.1001
9.0567 -0.9997 7.0289
9.0895 -1.0462 6.9610
9.1207 -1.0912 6.8962
9.1808 -1.1326 6.7717
9.2258 -1.1726 6.6783
9.2606 -1.2116 6.6062
9.2919 -1.2494 6.5413
9.3225 -1.2858 6.4779
9.3504 -1.3212 6.4200
9.3766 -1.3557 6.3657
9.4020 -1.3890 6.3130
9.4262 -1.4215 6.2628
9.4495 -1.4530 6.2145
9.4721 -1.4836 6.1676
9.4936 -1.5135 6.1230
9.5145 -1.5426 6.0797
9.5349 -1.5708 6.0376
9.5555 -1.5980 5.9949
9.5746 -1.6248 5.9551
9.5929 -1.6510 5.9171
9.6108 -1.6766 5.8800
9.6279 -1.7017 5.8447
9.6445 -1.7262 5.8102
9.6607 -1.7502 5.7766
9.6763 -1.7737 5.7442
9.6914 -1.7968 5.7130
9.7061 -1.8193 5.6825
9.7205 -1.8414 5.6526
9.7342 -1.8632 5.6242
9.7476 -1.8846 5.5965
9.7606 -1.9056 5.5695
9.7729 -1.9265 5.5440
9.7848 -1.9471 5.5193
9.7962 -1.9676 5.4958
9.8065 -1.9883 5.4743
9.8153 -2.0099 5.4562
9.8155 -2.0386 5.4557
9.8303 -2.0541 5.4250
9.8314 -2.0816 5.4227
9.8232 -2.1178 5.4397
9.8133 -2.1561 5.4602
9.7852 -2.2131 5.5184
9.7944 -2.2333 5.4995
9.7840 -2.2735 5.5209
9.7570 -2.3321 5.5769
9.7621 -2.3568 5.5662
9.7514 -2.3990 5.5885
9.7255 -2.4590 5.6422
9.7297 -2.4852 5.6336
9.7184 -2.5296 5.6569
8.9156 -0.8007 7.2075
8.9584 -0.8535 7.1209
8.9993 -0.9042 7.0383
9.0381 -0.9528 6.9601
9.0746 -0.9997 6.8864
9.1095 -1.0448 6.8160
9.1419 -1.0883 6.7505
9.1740 -1.1304 6.6857
9.2047 -1.1710 6.6238
9.2337 -1.2104 6.5652
9.2622 -1.2485 6.5077
9.2899 -1.2853 6.4519
9.3156 -1.3212 6.3999
9.3402 -1.3561 6.3502
9.3640 -1.3901 6.3023
9.3870 -1.4230 6.2557
9.4090 -1.4552 6.2114
9.4302 -1.4866 6.1685
9.4508 -1.5172 6.1269
9.4703 -1.5472 6.0876
9.4893 -1.5764 6.0493
9.5073 -1.6052 6.0130
9.5282 -1.6318 5.9707
9.5450 -1.6593 5.9369
9.5604 -1.6867 5.9057
9.5748 -1.7138 5.8768
9.5744 -1.7480 5.8775
9.5954 -1.7705 5.8351
9.6148 -1.7929 5.7960
9.6336 -1.8148 5.7580
9.6505 -1.8369 5.7238
9.6680 -1.8578 5.6886
9.6848 -1.8784 5.6547
9.7012 -1.8984 5.6215
9.7172 -1.9179 5.5892
9.7325 -1.9372 5.5584
9.7474 -1.9561 5.5283
9.7620 -1.9745 5.4989
9.7762 -1.9925 5.4701
9.7900 -2.0101 5.4422
9.8034 -2.0275 5.4152
9.8165 -2.0445 5.3888
9.8068 -2.0815 5.4084
9.7968 -2.1193 5.4284
9.7831 -2.1611 5.4562
9.7786 -2.1945 5.4652
9.7682 -2.2340 5.4862
9.7584 -2.2735 5.5060
9.7472 -2.3149 5.5286
9.7355 -2.3573 5.5521
9.7251 -2.3989 5.5732
9.7141 -2.4417 5.5955
9.7029 -2.4851 5.6180
9.6914 -2.5295 5.6412
9.6799 -2.5745 5.6645
8.8843 -0.8018 7.1594
8.9251 -0.8541 7.0791
8.9615 -0.9043 7.0075
8.9966 -0.9528 6.9385
9.0304 -0.9997 6.8721
9.0627 -1.0450 6.8085
9.0930 -1.0888 6.7491
9.1220 -1.1314 6.6920
9.1492 -1.1727 6.6385
9.1746 -1.2130 6.5886
9.1994 -1.2522 6.5398
9.2228 -1.2905 6.4938
9.2268 -1.3313 6.4860
9.2580 -1.3662 6.4247
9.2870 -1.4001 6.3676
9.3149 -1.4330 6.3127
9.3413 -1.4650 6.2609
9.3668 -1.4960 6.2108
9.3914 -1.5262 6.1624
9.4149 -1.5555 6.1162
9.4377 -1.5841 6.0714
9.4598 -1.6118 6.0278
9.4818 -1.6385 5.9846
9.5027 -1.6647 5.9434
9.5228 -1.6904 5.9041
9.5423 -1.7153 5.8657
9.5613 -1.7396 5.8284
9.5798 -1.7633 5.7920
9.5976 -1.7865 5.7569
9.6150 -1.8091 5.7228
9.6314 -1.8315 5.6905
9.6479 -1.8531 5.6580
9.6640 -1.8742 5.6263
9.6798 -1.8947 5.5954
9.6951 -1.9148 5.5653
9.7099 -1.9346 5.5361
9.7244 -1.9539 5.5076
9.7386 -1.9728 5.4797
9.7525 -1.9912 5.4524
9.7660 -2.0093 5.4258
9.7793 -2.0270 5.3997
9.7922 -2.0444 5.3744
9.7822 -2.0815 5.3940
9.7720 -2.1192 5.4140
9.7622 -2.1571 5.4334
9.7534 -2.1944 5.4506
9.7428 -2.2340 5.4715
9.7274 -2.2789 5.5017
9.7213 -2.3149 5.5137
9.7102 -2.3564 5.5355
9.6926 -2.4055 5.5701
9.6875 -2.4416 5.5801
9.6759 -2.4853 5.6029
9.6603 -2.5342 5.6337
9.6526 -2.5745 5.6487
9.6404 -2.6205 5.6726
8.8234 -0.8500 7.1692
8.8664 -0.9019 7.0868
8.9072 -0.9517 7.0088
8.9467 -0.9997 6.9330
8.9843 -1.0458 6.8610
9.0203 -1.0904 6.7921
9.0543 -1.1334 6.7269
9.0879 -1.1749 6.6626
9.1204 -1.2150 6.6003
9.1513 -1.2538 6.5410
9.1818 -1.2913 6.4827
9.2110 -1.3276 6.4268
9.2385 -1.3629 6.3740
9.2653 -1.3972 6.3228
9.2909 -1.4305 6.2736
9.3158 -1.4628 6.2260
9.3399 -1.4942 6.1798
9.3634 -1.5247 6.1349
9.3862 -1.5544 6.0912
9.4081 -1.5833 6.0491
9.4294 -1.6115 6.0083
9.4517 -1.6383 5.9658
9.4723 -1.6648 5.9262
9.4920 -1.6908 5.8885
9.5111 -1.7161 5.8518
9.5298 -1.7408 5.8160
9.5692 -1.7538 5.7407
9.5924 -1.7737 5.6961
9.6104 -1.7957 5.6617
9.6301 -1.8158 5.6239
9.6485 -1.8358 5.5887
9.6664 -1.8553 5.5545
9.6835 -1.8745 5.5217
9.6998 -1.8934 5.4904
9.7158 -1.9119 5.4598
9.7314 -1.9299 5.4299
9.7466 -1.9475 5.4008
9.7611 -1.9649 5.3730
9.7753 -1.9819 5.3458
9.7776 -2.0080 5.3414
9.7676 -2.0445 5.3605
9.7576 -2.0814 5.3797
9.7472 -2.1192 5.3995
9.7327 -2.1612 5.4273
9.7282 -2.1944 5.4359
9.7174 -2.2340 5.4567
9.7012 -2.2793 5.4878
9.6954 -2.3149 5.4987
9.6841 -2.3564 5.5204
9.6661 -2.4055 5.5548
9.6610 -2.4416 5.5646
9.6492 -2.4853 5.5873
9.6346 -2.5326 5.6153
9.6253 -2.5745 5.6330
9.6129 -2.6205 5.6567
8.7513 -0.7975 7.1983
8.7935 -0.8509 7.1195
8.8358 -0.9024 7.0405
8.8738 -0.9519 6.9695
8.9109 -0.9997 6.9002
8.9468 -1.0458 6.8333
8.9814 -1.0904 6.7686
9.0136 -1.1335 6.7085
9.0454 -1.1753 6.6491
9.1169 -1.2112 6.5157
9.1519 -1.2488 6.4504
9.1863 -1.2849 6.3861
9.2168 -1.3202 6.3291
9.2462 -1.3543 6.2743
9.2746 -1.3873 6.2213
9.3017 -1.4194 6.1706
9.3278 -1.4505 6.1219
9.3531 -1.4807 6.0747
9.3776 -1.5100 6.0289
9.4014 -1.5384 5.9845
9.4242 -1.5662 5.9420
9.4470 -1.5929 5.8994
9.4685 -1.6191 5.8593
9.4894 -1.6445 5.8202
9.5098 -1.6693 5.7822
9.5296 -1.6935 5.7451
9.5489 -1.7170 5.7091
9.5676 -1.7399 5.6741
9.5851 -1.7627 5.6415
9.6028 -1.7845 5.6085
9.6200 -1.8058 5.5763
9.6368 -1.8266 5.5449
9.6532 -1.8469 5.5143
9.6693 -1.8667 5.4843
9.6849 -1.8861 5.4551
9.7002 -1.9050 5.4266
9.7151 -1.9235 5.3987
9.7296 -1.9416 5.3717
9.7438 -1.9593 5.3452
9.7576 -1.9767 5.3194
9.7535 -2.0079 5.3271
9.7433 -2.0444 5.3461
9.7237 -2.0893 5.3826
9.7231 -2.1185 5.3837
9.7125 -2.1567 5.4036
9.6861 -2.2100 5.4530
9.6921 -2.2338 5.4417
9.6809 -2.2740 5.4625
9.6696 -2.3148 5.4837
9.6575 -2.3570 5.5064
9.6457 -2.3992 5.5282
9.6345 -2.4415 5.5492
9.6225 -2.4852 5.5717
9.6102 -2.5296 5.5945
9.5981 -2.5745 5.6172
8.7289 -0.7494 7.1341
8.7739 -0.8034 7.0522
8.8170 -0.8553 6.9738
8.8584 -0.9053 6.8985
8.8982 -0.9533 6.8259
8.9364 -0.9997 6.7564
8.9731 -1.0443 6.6897
9.0077 -1.0875 6.6267
9.0426 -1.1291 6.5631
9.0760 -1.1693 6.5023
9.1076 -1.2082 6.4448
9.1401 -1.2456 6.3856
9.1697 -1.2820 6.3317
9.1984 -1.3173 6.2795
9.2261 -1.3515 6.2290
9.2531 -1.3847 6.1799
9.2791 -1.4169 6.1326
9.3042 -1.4482 6.0868
9.3287 -1.4785 6.0423
9.3524 -1.5080 5.9990
9.3755 -1.5367 5.9570
9.3981 -1.5646 5.9159
9.4215 -1.5911 5.8733
9.4427 -1.6175 5.8346
9.4634 -1.6431 5.7970
9.4835 -1.6681 5.7604
9.5031 -1.6925 5.7247
9.5222 -1.7162 5.6900
9.5407 -1.7394 5.6564
9.5585 -1.7621 5.6239
9.5761 -1.7842 5.5919
9.5933 -1.8058 5.5606
9.6100 -1.8268 5.5301
9.6264 -1.8473 5.5003
9.6424 -1.8674 5.4712
9.6580 -1.8870 5.4428
9.6733 -1.9061 5.4150
9.6882 -1.9248 5.3878
9.7028 -1.9431 5.3613
9.7170 -1.9610 5.3353
9.7310 -1.9785 5.3099
9.7294 -2.0078 5.3128
9.7190 -2.0442 5.3317
9.7014 -2.0872 5.3638
9.6984 -2.1184 5.3693
9.6875 -2.1567 5.3890
9.6648 -2.2061 5.4303
9.6667 -2.2337 5.4269
9.6553 -2.2739 5.4476
9.6254 -2.3326 5.5021
9.6314 -2.3569 5.4912
9.6195 -2.3992 5.5129
9.5910 -2.4590 5.5647
9.5957 -2.4851 5.5561
9.5832 -2.5295 5.5788
8.6866 -0.7495 7.1074
8.7314 -0.8034 7.0278
8.7755 -0.8553 6.9495
8.8160 -0.9052 6.8776
8.8550 -0.9533 6.8082
8.8928 -0.9997 6.7412
8.9292 -1.0444 6.6766
8.9633 -1.0878 6.6160
8.9969 -1.1296 6.5563
9.0287 -1.1702 6.4998
9.0603 -1.2094 6.4437
9.0925 -1.2472 6.3866
9.1224 -1.2839 6.3336
9.1511 -1.3196 6.2825
9.1790 -1.3541 6.2330
9.2060 -1.3877 6.1850
9.2321 -1.4202 6.1387
9.2574 -1.4519 6.0938
9.2819 -1.4827 6.0502
9.3058 -1.5126 6.0079
9.3290 -1.5417 5.9666
9.3516 -1.5701 5.9265
9.3774 -1.5962 5.8808
9.3987 -1.6230 5.8429
9.4195 -1.6491 5.8060
9.4398 -1.6745 5.7700
9.4595 -1.6993 5.7349
9.4788 -1.7234 5.7007
9.4976 -1.7470 5.6674
9.5161 -1.7699 5.6345
9.5343 -1.7921 5.6021
9.5518 -1.8140 5.5711
9.5688 -1.8354 5.5409
9.5853 -1.8563 5.5115
9.6014 -1.8768 5.4830
9.6171 -1.8969 5.4551
9.6325 -1.9165 5.4279
9.6475 -1.9357 5.4012
9.6622 -1.9544 5.3751
9.6765 -1.9728 5.3496
9.6906 -1.9908 5.3246
9.7044 -2.0084 5.3002
9.6947 -2.0441 5.3173
9.6839 -2.0812 5.3365
9.6736 -2.1184 5.3548
9.6626 -2.1566 5.3744
9.6504 -2.1963 5.3959
9.6413 -2.2337 5.4121
9.6297 -2.2739 5.4327
9.6175 -2.3151 5.4544
9.6053 -2.3568 5.4760
9.5932 -2.3991 5.4976
9.5755 -2.4475 5.5289
9.5689 -2.4851 5.5406
9.5562 -2.5295 5.5631
8.6246 -0.7979 7.1146
8.6702 -0.8513 7.0357
8.7145 -0.9026 6.9589
8.7563 -0.9520 6.8865
8.7967 -0.9996 6.8165
8.8357 -1.0456 6.7489
8.8734 -1.0899 6.6837
8.9089 -1.1328 6.6221
8.9447 -1.1742 6.5602
8.9794 -1.2141 6.5000
9.0123 -1.2528 6.4430
9.0461 -1.2900 6.3844
9.0769 -1.3263 6.3310
9.1067 -1.3614 6.2794
9.1356 -1.3955 6.2294
9.1636 -1.4285 6.1809
9.1908 -1.4606 6.1338
9.2172 -1.4917 6.0881
9.2428 -1.5219 6.0437
9.2677 -1.5513 6.0006
9.2919 -1.5798 5.9586
9.3155 -1.6076 5.9178
9.3398 -1.6341 5.8757
9.3621 -1.6603 5.8371
9.3838 -1.6859 5.7995
9.4049 -1.7108 5.7630
9.4254 -1.7350 5.7273
9.4455 -1.7587 5.6926
9.4650 -1.7817 5.6588
9.4834 -1.8045 5.6269
9.5020 -1.8265 5.5946
9.5202 -1.8479 5.5632
9.5379 -1.8687 5.5325
9.5552 -1.8891 5.5025
9.5721 -1.9090 5.4732
9.5886 -1.9285 5.4446
9.6048 -1.9475 5.4167
9.6205 -1.9661 5.3894
9.6359 -1.9842 5.3627
9.6510 -2.0020 5.3366
9.6657 -2.0194 5.3111
9.6703 -2.0441 5.3032
9.6594 -2.0811 5.3220
9.6239 -2.1389 5.3835
9.6367 -2.1573 5.3613
9.6253 -2.1962 5.3811
9.6136 -2.2357 5.4013
9.5986 -2.2788 5.4273
9.5917 -2.3150 5.4393
9.5795 -2.3566 5.4604
9.5601 -2.4056 5.4939
9.5545 -2.4418 5.5036
9.5418 -2.4854 5.5257
9.5230 -2.5359 5.5583
9.5162 -2.5745 5.5701
8.5748 -0.7974 7.0998
8.6217 -0.8509 7.0204
8.6702 -0.9025 6.9386
8.7128 -0.9520 6.8664
8.7544 -0.9996 6.7962
8.7943 -1.0456 6.7287
8.8328 -1.0900 6.6636
8.8690 -1.1329 6.6024
8.9046 -1.1744 6.5422
8.9388 -1.2145 6.4844
8.9725 -1.2533 6.4275
9.0064 -1.2906 6.3701
9.0383 -1.3268 6.3161
9.0688 -1.3620 6.2645
9.0984 -1.3961 6.2145
9.1271 -1.4291 6.1660
9.1549 -1.4612 6.1190
9.1820 -1.4923 6.0733
9.2082 -1.5226 6.0290
9.2337 -1.5520 5.9859
9.2585 -1.5805 5.9440
9.2826 -1.6083 5.9032
9.3085 -1.6344 5.8594
9.3312 -1.6606 5.8210
9.3534 -1.6862 5.7835
9.3750 -1.7110 5.7470
9.3960 -1.7353 5.7115
9.4165 -1.7589 5.6768
9.4365 -1.7819 5.6431
9.4559 -1.8044 5.6102
9.4748 -1.8263 5.5782
9.4933 -1.8477 5.5469
9.5114 -1.8685 5.5164
9.5290 -1.8889 5.4866
9.5462 -1.9088 5.4575
9.5630 -1.9283 5.4291
9.5795 -1.9472 5.4013
9.5955 -1.9658 5.3742
9.6112 -1.9840 5.3476
9.6266 -2.0017 5.3217
9.6416 -2.0191 5.2963
9.6460 -2.0440 5.2889
9.6349 -2.0810 5.3075
9.6005 -2.1374 5.3658
9.6118 -2.1572 5.3466
9.6001 -2.1961 5.3663
9.5883 -2.2356 5.3864
9.5736 -2.2781 5.4111
9.5659 -2.3149 5.4241
9.5535 -2.3564 5.4451
9.5363 -2.4031 5.4743
9.5281 -2.4417 5.4882
9.5151 -2.4854 5.5101
9.4995 -2.5322 5.5365
9.4889 -2.5745 5.5543
9.4753 -2.6205 5.5774
8.5764 -0.8011 6.9996
8.6220 -0.8536 6.9244
8.6643 -0.9040 6.8545
8.7056 -0.9527 6.7864
8.7455 -0.9996 6.7206
8.7839 -1.0450 6.6571
8.8208 -1.0889 6.5963
8.8569 -1.1313 6.5366
8.8934 -1.1722 6.4765
8.9278 -1.2118 6.4196
8.9604 -1.2502 6.3658
8.9941 -1.2872 6.3103
9.0243 -1.3233 6.2604
9.0536 -1.3584 6.2121
9.0820 -1.3924 6.1651
9.1097 -1.4254 6.1195
9.1365 -1.4575 6.0752
9.1626 -1.4888 6.0321
9.1876 -1.5192 5.9908
9.2119 -1.5489 5.9509
9.2354 -1.5778 5.9120
9.2584 -1.6059 5.8741
9.2769 -1.6347 5.8434
9.2978 -1.6619 5.8090
9.3158 -1.6894 5.7792
9.3175 -1.7231 5.7766
9.3420 -1.7466 5.7361
9.3644 -1.7700 5.6991
9.3862 -1.7927 5.6631
9.4074 -1.8149 5.6281
9.4297 -1.8356 5.5913
9.4494 -1.8569 5.5588
9.4686 -1.8776 5.5271
9.4874 -1.8979 5.4962
9.5057 -1.9176 5.4660
9.5235 -1.9369 5.4365
9.5409 -1.9557 5.4078
9.5579 -1.9741 5.3797
9.5746 -1.9920 5.3522
9.5908 -2.0096 5.3255
9.6065 -2.0268 5.2995
9.6217 -2.0439 5.2745
9.6104 -2.0808 5.2930
9.5971 -2.1199 5.3150
9.5855 -2.1582 5.3343
9.5750 -2.1959 5.3516
9.5637 -2.2348 5.3701
9.5515 -2.2750 5.3903
9.5402 -2.3148 5.4090
9.5265 -2.3573 5.4315
9.5146 -2.3987 5.4512
9.5016 -2.4416 5.4727
9.4865 -2.4871 5.4976
9.4752 -2.5294 5.5162
9.4616 -2.5745 5.5386
8.5387 -0.8016 6.9662
8.5898 -0.8542 6.8839
8.6344 -0.9045 6.8121
8.6780 -0.9529 6.7418
8.7201 -0.9996 6.6740
8.7604 -1.0447 6.6090
8.7982 -1.0883 6.5481
8.8358 -1.1303 6.4876
8.8721 -1.1709 6.4289
8.9072 -1.2102 6.3725
8.9423 -1.2481 6.3159
8.9758 -1.2847 6.2618
9.0076 -1.3204 6.2107
9.0381 -1.3549 6.1614
9.0677 -1.3884 6.1138
9.0964 -1.4210 6.0676
9.1242 -1.4525 6.0227
9.1512 -1.4832 5.9792
9.1775 -1.5130 5.9368
9.2030 -1.5420 5.8957
9.2278 -1.5702 5.8558
9.2529 -1.5972 5.8154
9.2762 -1.6239 5.7778
9.2989 -1.6500 5.7412
9.3210 -1.6753 5.7056
9.3425 -1.7000 5.6709
9.3635 -1.7240 5.6371
9.3838 -1.7475 5.6043
9.4032 -1.7707 5.5731
9.4219 -1.7934 5.5429
9.4408 -1.8153 5.5125
9.4592 -1.8367 5.4829
9.4772 -1.8575 5.4539
9.4947 -1.8779 5.4256
9.5119 -1.8979 5.3980
9.5286 -1.9174 5.3710
9.5448 -1.9365 5.3449
9.5607 -1.9553 5.3193
9.5762 -1.9736 5.2943
9.5914 -1.9915 5.2698
9.6060 -2.0093 5.2462
9.5947 -2.0458 5.2645
9.5797 -2.0855 5.2886
9.5724 -2.1198 5.3004
9.5605 -2.1581 5.3195
9.5346 -2.2084 5.3614
9.5384 -2.2347 5.3553
9.5259 -2.2749 5.3753
9.4954 -2.3316 5.4245
9.5014 -2.3564 5.4148
9.4883 -2.3986 5.4358
9.4563 -2.4592 5.4874
9.4618 -2.4850 5.4785
9.4482 -2.5294 5.5005
8.4645 -0.8492 6.9909
8.5105 -0.9012 6.9184
8.5543 -0.9513 6.8495
8.5971 -0.9996 6.7821
8.6379 -1.0463 6.7179
8.7256 -1.0896 6.5799
8.7696 -1.1320 6.5105
8.8088 -1.1730 6.4489
8.8473 -1.2125 6.3883
8.8860 -1.2505 6.3274
8.9238 -1.2870 6.2678
8.9587 -1.3226 6.2129
8.9923 -1.3570 6.1600
9.0242 -1.3904 6.1098
9.0551 -1.4227 6.0612
9.0850 -1.4541 6.0141
9.1140 -1.4845 5.9684
9.1417 -1.5141 5.9248
9.1686 -1.5429 5.8824
9.1948 -1.5708 5.8413
9.2228 -1.5971 5.7972
9.2472 -1.6236 5.7588
9.2709 -1.6493 5.7214
9.2940 -1.6744 5.6851
9.3165 -1.6988 5.6498
9.3383 -1.7226 5.6153
9.3597 -1.7457 5.5818
9.3799 -1.7686 5.5500
9.3999 -1.7907 5.5184
9.4195 -1.8123 5.4876
9.4386 -1.8333 5.4575
9.4572 -1.8539 5.4282
9.4754 -1.8740 5.3995
9.4932 -1.8936 5.3716
9.5105 -1.9128 5.3444
9.5273 -1.9316 5.3179
9.5437 -1.9500 5.2921
9.5598 -1.9680 5.2668
9.5755 -1.9856 5.2420
9.5819 -2.0092 5.2319
9.5704 -2.0456 5.2501
9.5587 -2.0827 5.2685
9.5477 -2.1197 5.2858
9.5356 -2.1579 5.3048
9.5082 -2.2091 5.3479
9.5130 -2.2346 5.3404
9.5003 -2.2748 5.3604
9.4674 -2.3330 5.4121
9.4754 -2.3563 5.3996
9.4621 -2.3985 5.4205
9.4286 -2.4600 5.4732
9.4351 -2.4849 5.4630
9.4212 -2.5293 5.4848
8.3981 -0.8479 7.0012
8.4544 -0.9006 6.9145
8.5056 -0.9511 6.8357
8.5530 -0.9996 6.7628
8.5981 -1.0463 6.6935
8.6415 -1.0913 6.6268
8.6826 -1.1348 6.5636
8.7215 -1.1768 6.5038
8.7607 -1.2173 6.4435
8.7981 -1.2565 6.3860
8.8333 -1.2945 6.3318
8.8695 -1.3310 6.2762
8.9025 -1.3667 6.2255
8.9340 -1.4013 6.1769
8.9646 -1.4349 6.1299
8.9943 -1.4676 6.0842
9.0231 -1.4993 6.0399
9.0508 -1.5302 5.9974
9.0776 -1.5603 5.9561
9.1038 -1.5895 5.9159
9.1292 -1.6180 5.8768
9.1856 -1.6346 5.7901
9.2163 -1.6585 5.7428
9.2440 -1.6825 5.7003
9.2696 -1.7062 5.6609
9.2945 -1.7291 5.6226
9.3178 -1.7519 5.5868
9.3404 -1.7740 5.5520
9.3630 -1.7953 5.5172
9.3839 -1.8166 5.4850
9.4044 -1.8373 5.4536
9.4243 -1.8575 5.4230
9.4437 -1.8771 5.3932
9.4626 -1.8964 5.3641
9.4808 -1.9153 5.3361
9.4985 -1.9338 5.3088
9.5159 -1.9518 5.2821
9.5328 -1.9695 5.2561
9.5494 -1.9867 5.2306
9.5579 -2.0090 5.2176
9.5461 -2.0455 5.2356
9.5342 -2.0826 5.2540
9.5230 -2.1196 5.2712
9.5107 -2.1578 5.2901
9.4992 -2.1960 5.3078
9.4843 -2.2373 5.3307
9.4747 -2.2747 5.3454
9.4623 -2.3150 5.3645
9.4490 -2.3565 5.3849
9.4359 -2.3984 5.4051
9.4214 -2.4420 5.4273
9.4075 -2.4857 5.4487
9.3942 -2.5293 5.4692
9.3798 -2.5745 5.4914
8.3524 -0.7971 6.9786
8.3986 -0.8504 6.9092
8.4392 -0.9017 6.8482
8.4794 -0.9514 6.7878
8.5167 -0.9996 6.7317
8.5499 -1.0465 6.6818
8.5273 -1.0942 6.7158
8.5685 -1.1391 6.6539
8.6079 -1.1826 6.5947
8.6447 -1.2248 6.5394
8.6816 -1.2656 6.4840
8.7637 -1.2990 6.3606
8.8102 -1.3346 6.2906
8.8497 -1.3697 6.2313
8.8863 -1.4038 6.1764
8.9204 -1.4370 6.1251
8.9534 -1.4692 6.0755
8.9848 -1.5005 6.0282
9.0150 -1.5310 5.9828
9.0444 -1.5605 5.9387
9.0725 -1.5893 5.8965
9.0996 -1.6174 5.8558
9.1259 -1.6446 5.8161
9.1522 -1.6709 5.7766
9.1768 -1.6969 5.7398
9.2006 -1.7221 5.7039
9.2239 -1.7468 5.6690
9.2462 -1.7709 5.6355
9.2679 -1.7945 5.6028
9.2891 -1.8174 5.5709
9.3089 -1.8404 5.5413
9.3289 -1.8623 5.5111
9.3483 -1.8839 5.4819
9.3673 -1.9049 5.4534
9.3859 -1.9255 5.4255
9.4040 -1.9456 5.3982
9.4216 -1.9654 5.3718
9.4387 -1.9848 5.3461
9.4859 -1.9840 5.2753
9.5063 -1.9992 5.2445
9.5251 -2.0148 5.2163
9.5218 -2.0454 5.2212
9.5109 -2.0816 5.2377
9.4986 -2.1192 5.2561
9.4867 -2.1570 5.2740
9.4741 -2.1958 5.2930
9.4612 -2.2353 5.3123
9.4455 -2.2777 5.3359
9.4366 -2.3149 5.3493
9.4230 -2.3564 5.3697
9.4051 -2.4023 5.3966
9.3949 -2.4419 5.4119
9.3808 -2.4856 5.4331
9.3641 -2.5322 5.4582
9.3525 -2.5745 5.4756
9.3376 -2.6205 5.4980
8.3118 -0.7974 6.9486
8.3656 -0.8510 6.8696
8.4166 -0.9024 6.7946
8.4637 -0.9519 6.7254
8.5087 -0.9996 6.6594
8.5516 -1.0457 6.5964
8.5924 -1.0902 6.5364
8.6311 -1.1333 6.4796
8.6696 -1.1750 6.4229
8.7069 -1.2153 6.3682
8.7418 -1.2545 6.3169
8.7746 -1.2926 6.2688
8.8069 -1.3296 6.2214
8.8361 -1.3659 6.1784
8.8641 -1.4014 6.1373
8.8900 -1.4362 6.0993
8.9125 -1.4708 6.0663
8.8886 -1.5159 6.1013
8.9182 -1.5478 6.0578
8.9469 -1.5789 6.0156
8.9743 -1.6092 5.9753
9.0010 -1.6388 5.9361
9.0658 -1.6545 5.8410
9.1037 -1.6773 5.7853
9.1324 -1.7022 5.7432
9.1595 -1.7266 5.7033
9.1851 -1.7507 5.6658
9.2099 -1.7740 5.6293
9.2338 -1.7969 5.5942
9.2567 -1.8194 5.5606
9.2783 -1.8416 5.5288
9.3000 -1.8630 5.4970
9.3208 -1.8840 5.4665
9.3411 -1.9045 5.4367
9.3609 -1.9245 5.4076
9.3802 -1.9441 5.3792
9.3987 -1.9634 5.3519
9.4169 -1.9823 5.3253
9.4346 -2.0007 5.2993
9.4519 -2.0187 5.2738
9.4689 -2.0364 5.2489
9.4852 -2.0538 5.2250
9.4865 -2.0814 5.2231
9.4740 -2.1190 5.2414
9.4616 -2.1570 5.2596
9.4490 -2.1957 5.2781
9.4359 -2.2352 5.2973
9.4155 -2.2811 5.3274
9.4108 -2.3148 5.3342
9.3970 -2.3563 5.3544
9.3731 -2.4071 5.3895
9.3685 -2.4418 5.3964
9.3541 -2.4855 5.4175
9.3399 -2.5295 5.4383
9.3252 -2.5745 5.4599
8.2817 -0.8990 6.9036
8.3308 -0.9502 6.8332
8.4395 -0.9996 6.6771
8.4952 -1.0460 6.5970
8.5444 -1.0905 6.5263
8.5890 -1.1335 6.4624
8.6326 -1.1749 6.3997
8.6742 -1.2149 6.3400
8.7133 -1.2536 6.2839
8.7518 -1.2909 6.2286
8.7878 -1.3272 6.1769
8.8214 -1.3625 6.1286
8.8538 -1.3968 6.0820
8.8849 -1.4302 6.0374
8.9147 -1.4628 5.9946
8.9436 -1.4944 5.9530
8.9710 -1.5254 5.9137
8.9977 -1.5555 5.8754
9.0232 -1.5850 5.8388
9.0476 -1.6139 5.8037
9.0704 -1.6424 5.7709
9.0908 -1.6710 5.7416
9.1112 -1.6988 5.7124
9.1299 -1.7265 5.6856
9.1442 -1.7553 5.6650
9.1282 -1.7964 5.6879
9.1512 -1.8208 5.6549
9.1734 -1.8448 5.6230
9.1948 -1.8683 5.5923
9.2157 -1.8912 5.5623
9.2678 -1.8973 5.4875
9.2944 -1.9151 5.4493
9.3184 -1.9333 5.4148
9.3403 -1.9518 5.3833
9.3616 -1.9699 5.3528
9.3819 -1.9879 5.3237
9.4013 -2.0056 5.2957
9.4203 -2.0229 5.2684
9.4387 -2.0399 5.2421
9.4563 -2.0567 5.2168
9.4620 -2.0812 5.2085
9.4493 -2.1189 5.2268
9.4299 -2.1619 5.2547
9.4047 -2.2101 5.2908
9.4104 -2.2352 5.2827
9.3968 -2.2754 5.3021
9.3616 -2.3337 5.3527
9.3708 -2.3564 5.3396
9.3566 -2.3986 5.3599
9.3211 -2.4599 5.4109
9.3277 -2.4851 5.4014
9.3129 -2.5295 5.4227
8.2715 -0.9499 6.8317
8.3303 -0.9996 6.7491
8.3820 -1.0473 6.6764
8.4300 -1.0932 6.6090
8.4751 -1.1376 6.5457
8.5171 -1.1805 6.4867
8.5568 -1.2221 6.4310
8.5959 -1.2624 6.3761
8.6330 -1.3014 6.3240
8.7301 -1.3304 6.1877
8.7722 -1.3649 6.1284
8.8104 -1.3985 6.0749
8.8463 -1.4312 6.0243
8.8804 -1.4630 5.9765
8.9126 -1.4939 5.9312
8.9436 -1.5241 5.8878
8.9731 -1.5534 5.8463
9.0015 -1.5821 5.8064
9.0290 -1.6100 5.7679
9.0553 -1.6373 5.7309
9.0805 -1.6640 5.6955
9.1047 -1.6901 5.6616
9.1282 -1.7156 5.6285
9.1508 -1.7407 5.5968
9.1726 -1.7653 5.5662
9.1939 -1.7892 5.5363
9.2140 -1.8130 5.5080
9.2324 -1.8368 5.4822
9.2512 -1.8598 5.4559
9.2692 -1.8824 5.4305
9.2865 -1.9048 5.4062
9.3026 -1.9272 5.3836
9.3175 -1.9497 5.3627
9.3299 -1.9731 5.3453
9.3118 -2.0144 5.3706
9.3303 -2.0337 5.3448
9.3481 -2.0528 5.3197
9.3653 -2.0716 5.2955
9.3822 -2.0900 5.2718
9.3987 -2.1080 5.2486
9.4146 -2.1259 5.2263
9.4111 -2.1573 5.2313
9.3977 -2.1962 5.2500
9.3850 -2.2351 5.2678
9.3713 -2.2753 5.2871
9.3389 -2.3309 5.3327
9.3447 -2.3564 5.3244
9.3303 -2.3986 5.3447
9.2956 -2.4587 5.3934
9.3009 -2.4851 5.3859
9.2859 -2.5295 5.4070
8.1654 -0.8471 6.8934
8.2112 -0.8996 6.8305
8.2516 -0.9503 6.7749
8.2859 -0.9996 6.7279
8.2573 -1.0488 6.7671
8.3034 -1.0963 6.7039
8.3467 -1.1423 6.6443
8.4509 -1.1825 6.5012
8.5033 -1.2235 6.4293
8.5505 -1.2632 6.3644
8.5944 -1.3016 6.3041
8.6349 -1.3389 6.2485
8.6754 -1.3748 6.1929
8.7116 -1.4100 6.1432
8.7457 -1.4443 6.0964
8.7782 -1.4777 6.0517
8.8093 -1.5103 6.0090
8.8388 -1.5422 5.9685
8.9159 -1.5602 5.8625
8.9530 -1.5870 5.8116
8.9861 -1.6136 5.7661
9.0185 -1.6392 5.7216
9.0476 -1.6649 5.6816
9.0749 -1.6901 5.6442
9.1008 -1.7148 5.6085
9.1260 -1.7390 5.5739
9.1499 -1.7627 5.5411
9.1733 -1.7858 5.5090
9.1954 -1.8087 5.4786
9.2163 -1.8313 5.4499
9.2374 -1.8531 5.4209
9.2576 -1.8745 5.3932
9.2772 -1.8956 5.3662
9.2964 -1.9161 5.3399
9.3147 -1.9365 5.3147
9.3326 -1.9565 5.2902
9.3500 -1.9760 5.2662
9.3667 -1.9955 5.2433
9.3829 -2.0146 5.2210
9.3988 -2.0333 5.1992
9.4138 -2.0521 5.1787
9.4109 -2.0825 5.1825
9.3943 -2.1226 5.2054
9.3862 -2.1572 5.2166
9.3726 -2.1961 5.2352
9.3597 -2.2350 5.2529
9.3458 -2.2751 5.2720
9.3334 -2.3145 5.2890
9.3186 -2.3564 5.3093
9.3040 -2.3986 5.3294
9.2893 -2.4414 5.3497
9.2741 -2.4851 5.3704
9.2589 -2.5294 5.3914
9.2434 -2.5745 5.4126
8.1239 -0.8472 6.8646
8.1828 -0.9001 6.7855
8.2369 -0.9508 6.7128
8.2852 -0.9996 6.6479
8.3303 -1.0468 6.5872
8.3721 -1.0924 6.5311
8.4109 -1.1368 6.4789
8.4462 -1.1800 6.4315
8.4792 -1.2222 6.3872
8.5093 -1.2635 6.3468
8.4817 -1.3109 6.3838
8.5211 -1.3498 6.3309
8.5578 -1.3877 6.2816
8.6470 -1.4151 6.1616
8.6950 -1.4473 6.0971
8.7356 -1.4795 6.0427
8.7727 -1.5109 5.9927
8.8070 -1.5418 5.9467
8.8396 -1.5719 5.9029
8.8706 -1.6013 5.8612
8.8999 -1.6301 5.8218
8.9282 -1.6581 5.7838
8.9550 -1.6858 5.7479
8.9812 -1.7126 5.7127
9.0056 -1.7392 5.6799
9.0760 -1.7471 5.5853
9.1064 -1.7687 5.5443
9.1342 -1.7904 5.5070
9.1603 -1.8118 5.4720
9.1840 -1.8334 5.4401
9.2076 -1.8542 5.4084
9.2301 -1.8748 5.3782
9.2517 -1.8949 5.3491
9.2728 -1.9146 5.3208
9.2928 -1.9342 5.2939
9.3124 -1.9533 5.2676
9.3314 -1.9720 5.2421
9.3496 -1.9905 5.2176
9.3674 -2.0086 5.1937
9.3848 -2.0264 5.1703
9.3997 -2.0452 5.1503
9.3865 -2.0823 5.1680
9.3731 -2.1200 5.1860
9.3613 -2.1571 5.2019
9.3475 -2.1960 5.2204
9.3346 -2.2348 5.2378
9.3153 -2.2787 5.2636
9.3077 -2.3145 5.2739
9.2931 -2.3559 5.2935
9.2725 -2.4027 5.3211
9.2628 -2.4413 5.3342
9.2475 -2.4850 5.3548
9.2287 -2.5321 5.3800
9.2161 -2.5745 5.3969
9.2000 -2.6205 5.4185
8.0953 -0.9491 6.8190
8.2211 -0.9996 6.6536
8.2834 -1.0469 6.5717
8.3364 -1.0923 6.5019
8.3846 -1.1361 6.4386
8.4281 -1.1785 6.3814
8.4702 -1.2196 6.3261
8.5098 -1.2595 6.2740
8.5468 -1.2983 6.2254
8.5822 -1.3360 6.1789
8.6157 -1.3728 6.1347
8.6454 -1.4092 6.0958
8.6722 -1.4450 6.0605
8.6949 -1.4807 6.0306
8.6699 -1.5264 6.0634
8.7022 -1.5591 6.0210
8.7331 -1.5910 5.9804
8.8141 -1.6079 5.8739
8.8535 -1.6343 5.8221
8.8882 -1.6608 5.7765
8.9201 -1.6869 5.7345
8.9522 -1.7120 5.6924
8.9799 -1.7375 5.6559
9.0066 -1.7624 5.6208
9.0318 -1.7869 5.5876
9.0564 -1.8109 5.5554
9.0795 -1.8347 5.5249
9.1021 -1.8579 5.4952
9.1225 -1.8813 5.4685
9.1433 -1.9038 5.4411
9.2039 -1.9056 5.3614
9.2311 -1.9226 5.3257
9.2557 -1.9401 5.2933
9.2781 -1.9580 5.2638
9.2999 -1.9754 5.2352
9.3202 -1.9930 5.2084
9.3401 -2.0101 5.1823
9.3591 -2.0271 5.1574
9.3755 -2.0451 5.1358
9.3621 -2.0821 5.1534
9.3485 -2.1199 5.1713
9.3097 -2.1756 5.2223
9.3234 -2.1951 5.2042
9.3093 -2.2346 5.2228
9.2950 -2.2747 5.2416
9.2819 -2.3144 5.2588
9.2671 -2.3558 5.2783
9.2442 -2.4043 5.3084
9.2363 -2.4413 5.3188
9.2207 -2.4849 5.3392
9.1966 -2.5364 5.3709
9.1888 -2.5745 5.3812
8.0855 -0.9996 6.7501
8.1498 -1.0484 6.6673
8.2043 -1.0954 6.5972
8.2534 -1.1408 6.5340
8.2984 -1.1848 6.4761
8.4139 -1.2212 6.3275
8.4647 -1.2603 6.2622
8.5106 -1.2982 6.2031
8.5542 -1.3349 6.1469
8.5940 -1.3707 6.0957
8.6301 -1.4057 6.0492
8.6642 -1.4399 6.0054
8.6965 -1.4733 5.9638
8.7268 -1.5060 5.9249
8.7552 -1.5381 5.8884
8.7818 -1.5697 5.8541
8.8066 -1.6010 5.8222
8.8286 -1.6321 5.7938
8.8455 -1.6641 5.7721
8.8250 -1.7077 5.7985
8.8528 -1.7355 5.7628
8.9210 -1.7477 5.6750
8.9601 -1.7686 5.6246
8.9920 -1.7910 5.5837
9.0209 -1.8135 5.5464
9.0482 -1.8357 5.5113
9.0738 -1.8577 5.4784
9.0975 -1.8798 5.4478
9.1209 -1.9011 5.4177
9.1431 -1.9223 5.3891
9.1647 -1.9430 5.3615
9.1853 -1.9635 5.3349
9.2051 -1.9838 5.3094
9.2244 -2.0036 5.2846
9.2427 -2.0234 5.2610
9.2607 -2.0427 5.2379
9.3126 -2.0405 5.1711
9.3375 -2.0536 5.1390
9.3376 -2.0820 5.1389
9.3251 -2.1189 5.1551
9.3112 -2.1570 5.1728
9.2984 -2.1950 5.1894
9.2841 -2.2344 5.2078
9.2695 -2.2746 5.2265
9.2561 -2.3143 5.2437
9.2409 -2.3559 5.2634
9.2256 -2.3981 5.2830
9.2098 -2.4412 5.3034
9.1941 -2.4847 5.3235
9.1781 -2.5291 5.3441
7.9846 -0.9487 6.7978
7.9680 -0.9996 6.8187
8.0291 -1.0497 6.7417
8.0811 -1.0982 6.6761
8.1276 -1.1451 6.6176
8.2407 -1.1860 6.4751
8.2988 -1.2276 6.4020
8.3476 -1.2683 6.3405
8.3939 -1.3076 6.2822
8.4358 -1.3460 6.2294
8.4737 -1.3835 6.1817
8.5788 -1.4084 6.0493
8.6232 -1.4410 5.9933
8.6628 -1.4732 5.9435
8.6992 -1.5046 5.8977
8.7332 -1.5354 5.8548
8.7649 -1.5657 5.8150
8.7949 -1.5953 5.7771
8.8236 -1.6243 5.7410
8.8503 -1.6529 5.7074
8.8758 -1.6810 5.6752
8.8995 -1.7089 5.6454
8.9215 -1.7366 5.6177
8.9412 -1.7643 5.5928
8.9579 -1.7926 5.5719
8.9328 -1.8373 5.6034
8.9577 -1.8617 5.5721
8.9817 -1.8856 5.5418
9.0466 -1.8901 5.4601
9.0794 -1.9076 5.4188
9.1069 -1.9266 5.3842
9.1319 -1.9458 5.3527
9.1558 -1.9649 5.3226
9.1783 -1.9838 5.2942
9.1999 -2.0026 5.2671
9.2205 -2.0211 5.2411
9.2404 -2.0394 5.2160
9.2595 -2.0575 5.1920
9.2781 -2.0753 5.1686
9.2957 -2.0931 5.1464
9.3004 -2.1188 5.1405
9.2863 -2.1570 5.1583
9.2632 -2.2018 5.1873
9.2588 -2.2343 5.1928
9.2451 -2.2736 5.2101
9.2302 -2.3143 5.2289
9.2148 -2.3559 5.2483
9.1993 -2.3981 5.2678
9.1609 -2.4589 5.3161
9.1674 -2.4847 5.3080
9.1511 -2.5291 5.3284
7.9309 -0.8974 6.7841
7.9851 -0.9494 6.7172
8.0302 -0.9996 6.6617
8.0741 -1.0483 6.6076
8.1113 -1.0957 6.5617
8.1402 -1.1424 6.5260
8.1360 -1.1902 6.5312
8.1860 -1.2337 6.4696
8.2311 -1.2760 6.4139
8.2713 -1.3174 6.3644
8.3746 -1.3491 6.2371
8.4297 -1.3846 6.1691
8.4780 -1.4193 6.1096
8.5182 -1.4539 6.0599
8.5552 -1.4878 6.0144
8.5895 -1.5211 5.9721
8.6727 -1.5418 5.8694
8.7193 -1.5689 5.8120
8.7574 -1.5967 5.7650
8.7918 -1.6243 5.7225
8.8238 -1.6515 5.6831
8.8554 -1.6777 5.6442
8.8836 -1.7040 5.6094
8.9099 -1.7300 5.5770
8.9350 -1.7556 5.5460
8.9587 -1.7809 5.5168
8.9813 -1.8059 5.4890
9.0028 -1.8305 5.4625
9.0225 -1.8552 5.4381
9.0392 -1.8806 5.4175
9.0552 -1.9058 5.3978
9.0667 -1.9326 5.3836
9.0487 -1.9737 5.4059
9.0704 -1.9950 5.3791
9.0914 -2.0159 5.3532
9.1553 -2.0126 5.2744
9.1823 -2.0280 5.2411
9.2066 -2.0441 5.2112
9.2287 -2.0607 5.1839
9.2499 -2.0771 5.1578
9.2699 -2.0936 5.1331
9.2756 -2.1187 5.1261
9.2613 -2.1569 5.1437
9.2383 -2.2015 5.1720
9.2193 -2.2441 5.1954
9.2196 -2.2735 5.1951
9.2044 -2.3143 5.2138
9.1887 -2.3559 5.2332
9.1730 -2.3981 5.2526
9.1565 -2.4414 5.2730
9.1407 -2.4847 5.2924
9.1242 -2.5290 5.3128
9.1071 -2.5745 5.3338
7.9877 -0.9996 6.6366
8.0477 -1.0480 6.5641
8.1000 -1.0947 6.5010
8.1462 -1.1400 6.4452
8.1877 -1.1841 6.3952
8.2246 -1.2272 6.3506
8.2581 -1.2695 6.3102
8.2815 -1.3118 6.2819
8.2762 -1.3570 6.2883
8.3197 -1.3953 6.2358
8.3604 -1.4326 6.1866
8.3993 -1.4689 6.1396
8.4994 -1.4919 6.0188
8.5477 -1.5226 5.9605
8.5887 -1.5534 5.9110
8.6255 -1.5839 5.8665
8.6595 -1.6139 5.8256
8.6911 -1.6435 5.7874
8.7208 -1.6726 5.7516
8.8033 -1.6843 5.6519
8.8453 -1.7066 5.6013
8.8775 -1.7308 5.5624
8.9071 -1.7549 5.5266
8.9348 -1.7788 5.4932
8.9611 -1.8023 5.4614
8.9860 -1.8256 5.4314
9.0095 -1.8486 5.4029
9.0313 -1.8716 5.3767
9.0525 -1.8941 5.3511
9.0729 -1.9164 5.3265
9.0922 -1.9385 5.3032
9.1102 -1.9606 5.2814
9.1273 -1.9826 5.2607
9.1429 -2.0049 5.2419
9.1561 -2.0280 5.2260
9.1605 -2.0558 5.2207
9.1501 -2.0920 5.2332
9.1694 -2.1107 5.2100
9.2146 -2.1125 5.1554
9.2485 -2.1202 5.1145
9.2363 -2.1569 5.1292
9.2228 -2.1949 5.1455
9.2078 -2.2343 5.1635
9.1941 -2.2735 5.1802
9.1787 -2.3142 5.1988
9.1615 -2.3567 5.2195
9.1378 -2.4047 5.2481
9.1300 -2.4413 5.2575
9.1135 -2.4849 5.2774
9.0931 -2.5323 5.3021
9.0798 -2.5745 5.3181
9.0625 -2.6205 5.3390
7.8401 -0.9996 6.7358
7.9078 -1.0496 6.6558
7.9616 -1.0979 6.5922
8.0961 -1.1405 6.4332
8.1554 -1.1836 6.3631
8.2054 -1.2256 6.3039
8.2505 -1.2664 6.2506
8.2916 -1.3063 6.2020
8.3278 -1.3454 6.1593
8.3596 -1.3840 6.1216
8.3828 -1.4229 6.0942
8.3888 -1.4642 6.0871
8.4015 -1.5039 6.0721
8.4418 -1.5375 6.0244
8.4786 -1.5705 5.9809
8.5125 -1.6031 5.9408
8.6042 -1.6196 5.8324
8.6497 -1.6459 5.7786
8.6874 -1.6729 5.7341
8.7213 -1.6999 5.6939
8.7527 -1.7266 5.6569
8.7810 -1.7533 5.6233
8.8082 -1.7796 5.5913
8.8822 -1.7875 5.5037
8.9195 -1.8072 5.4596
8.9509 -1.8282 5.4226
8.9793 -1.8494 5.3889
9.0054 -1.8707 5.3581
9.0300 -1.8918 5.3290
9.0534 -1.9127 5.3013
9.0758 -1.9333 5.2749
9.0969 -1.9538 5.2499
9.1174 -1.9740 5.2257
9.1366 -1.9942 5.2030
9.1553 -2.0141 5.1809
9.1727 -2.0340 5.1602
9.1895 -2.0538 5.1404
9.2053 -2.0737 5.1218
9.2198 -2.0938 5.1046
9.2248 -2.1194 5.0987
9.2027 -2.1624 5.1248
9.1977 -2.1948 5.1307
9.1826 -2.2342 5.1486
9.1300 -2.3002 5.2108
9.1469 -2.3183 5.1907
9.1368 -2.3556 5.2027
9.1208 -2.3977 5.2217
9.1036 -2.4412 5.2420
9.0869 -2.4848 5.2618
9.0624 -2.5352 5.2907
9.0525 -2.5745 5.3024
7.7561 -0.9996 6.7563
7.8066 -1.0505 6.6978
7.8474 -1.1001 6.6506
7.9615 -1.1450 6.5185
8.0216 -1.1896 6.4488
8.0722 -1.2331 6.3902
8.1912 -1.2684 6.2524
8.2547 -1.3061 6.1789
8.3032 -1.3437 6.1228
8.3451 -1.3807 6.0742
8.3821 -1.4172 6.0314
8.4159 -1.4530 5.9922
8.4464 -1.4884 5.9569
8.4732 -1.5236 5.9259
8.4947 -1.5591 5.9009
8.4728 -1.6043 5.9264
8.5131 -1.6343 5.8797
8.5493 -1.6642 5.8378
8.5825 -1.6937 5.7994
8.6133 -1.7230 5.7637
8.6981 -1.7340 5.6655
8.7429 -1.7557 5.6135
8.7768 -1.7798 5.5743
8.8075 -1.8040 5.5388
8.8361 -1.8280 5.5057
8.8629 -1.8518 5.4747
8.8878 -1.8756 5.4458
8.9113 -1.8992 5.4186
8.9860 -1.8991 5.3321
9.0169 -1.9170 5.2963
9.0440 -1.9356 5.2649
9.0691 -1.9544 5.2359
9.0927 -1.9731 5.2085
9.1149 -1.9919 5.1828
9.1361 -2.0105 5.1583
9.1563 -2.0289 5.1349
9.1755 -2.0473 5.1126
9.1941 -2.0654 5.0911
9.2117 -2.0836 5.0707
9.2001 -2.1193 5.0842
9.1851 -2.1576 5.1015
9.1727 -2.1946 5.1159
9.1573 -2.2341 5.1337
9.1420 -2.2739 5.1514
9.1259 -2.3149 5.1701
9.1108 -2.3556 5.1875
9.0945 -2.3977 5.2064
9.0771 -2.4411 5.2265
9.0601 -2.4848 5.2462
9.0429 -2.5292 5.2662
7.7639 -1.0505 6.6707
7.8282 -1.0994 6.5978
7.8800 -1.1468 6.5391
7.9248 -1.1931 6.4883
7.9635 -1.2385 6.4443
8.0671 -1.2765 6.3269
8.1230 -1.3164 6.2634
8.1724 -1.3555 6.2074
8.2793 -1.3849 6.0861
8.3439 -1.4175 6.0128
8.3888 -1.4515 5.9619
8.4284 -1.4851 5.9170
8.4642 -1.5183 5.8763
8.4968 -1.5510 5.8393
8.5265 -1.5834 5.8057
8.5533 -1.6155 5.7753
8.5767 -1.6478 5.7487
8.5940 -1.6810 5.7291
8.5767 -1.7240 5.7488
8.6128 -1.7508 5.7078
8.6455 -1.7776 5.6707
8.6775 -1.8035 5.6343
8.7064 -1.8296 5.6016
8.7889 -1.8345 5.5081
8.8251 -1.8551 5.4669
8.8566 -1.8764 5.4313
8.8852 -1.8980 5.3988
8.9106 -1.9201 5.3700
8.9353 -1.9417 5.3420
8.9586 -1.9632 5.3156
8.9808 -1.9845 5.2904
9.0419 -1.9855 5.2210
9.0758 -1.9987 5.1826
9.1027 -2.0146 5.1521
9.1269 -2.0311 5.1246
9.1493 -2.0479 5.0992
9.1706 -2.0646 5.0750
9.1903 -2.0816 5.0527
9.1754 -2.1192 5.0696
9.1602 -2.1575 5.0869
9.1152 -2.2155 5.1379
9.1321 -2.2339 5.1187
9.1164 -2.2739 5.1365
9.1005 -2.3146 5.1546
9.0848 -2.3556 5.1724
9.0689 -2.3972 5.1904
9.0521 -2.4400 5.2095
9.0334 -2.4847 5.2307
9.0159 -2.5291 5.2505
7.6814 -0.9996 6.6880
7.7103 -1.0506 6.6559
7.6947 -1.1022 6.6732
7.8155 -1.1479 6.5389
7.8894 -1.1927 6.4568
7.9446 -1.2367 6.3955
7.9922 -1.2797 6.3426
8.0331 -1.3219 6.2971
8.0692 -1.3635 6.2570
8.1595 -1.3964 6.1566
8.2175 -1.4315 6.0922
8.2661 -1.4664 6.0382
8.3064 -1.5013 5.9934
8.4220 -1.5198 5.8649
8.4665 -1.5502 5.8155
8.5045 -1.5807 5.7733
8.5388 -1.6109 5.7351
8.5702 -1.6408 5.7002
8.5990 -1.6704 5.6682
8.6253 -1.7000 5.6390
8.6488 -1.7295 5.6129
8.6659 -1.7605 5.5939
8.6779 -1.7926 5.5805
8.6735 -1.8302 5.5855
8.7057 -1.8543 5.5496
8.7351 -1.8785 5.5169
8.7624 -1.9026 5.4866
8.7880 -1.9267 5.4582
8.8652 -1.9274 5.3724
8.8983 -1.9457 5.3356
8.9277 -1.9646 5.3030
8.9544 -1.9839 5.2732
8.9791 -2.0034 5.2458
9.0022 -2.0230 5.2201
9.0241 -2.0424 5.1957
9.0448 -2.0618 5.1727
9.0644 -2.0812 5.1510
9.1277 -2.0749 5.0806
9.1552 -2.0878 5.0501
9.1507 -2.1191 5.0551
9.1324 -2.1592 5.0754
9.1195 -2.1963 5.0897
9.1067 -2.2339 5.1040
9.0908 -2.2739 5.1216
9.0747 -2.3145 5.1396
9.0379 -2.3701 5.1805
9.0427 -2.3971 5.1751
9.0256 -2.4399 5.1941
9.0066 -2.4847 5.2152
8.9889 -2.5291 5.2348
8.9705 -2.5746 5.2553
7.6665 -0.9996 6.6299
7.7185 -1.0498 6.5733
7.7621 -1.0988 6.5257
7.7970 -1.1467 6.4878
7.8119 -1.1949 6.4716
7.8154 -1.2434 6.4677
7.9367 -1.2811 6.3356
7.9992 -1.3213 6.2676
8.0500 -1.3610 6.2122
8.0953 -1.4000 6.1630
8.1347 -1.4384 6.1200
8.1683 -1.4767 6.0834
8.2506 -1.5049 5.9939
8.3053 -1.5361 5.9343
8.3486 -1.5681 5.8871
8.3866 -1.6000 5.8457
8.4928 -1.6140 5.7300
8.5365 -1.6410 5.6825
8.5736 -1.6686 5.6421
8.6067 -1.6961 5.6060
8.6362 -1.7237 5.5739
8.6618 -1.7517 5.5461
8.6871 -1.7790 5.5185
8.7103 -1.8062 5.4933
8.7309 -1.8337 5.4708
8.7481 -1.8619 5.4521
8.7567 -1.8929 5.4427
8.7574 -1.9270 5.4419
8.7866 -1.9488 5.4101
8.8134 -1.9708 5.3809
8.8387 -1.9927 5.3535
8.8620 -2.0147 5.3281
8.9331 -2.0126 5.2506
8.9661 -2.0276 5.2147
8.9936 -2.0445 5.1848
9.0185 -2.0618 5.1576
9.0415 -2.0795 5.1326
9.0633 -2.0972 5.1089
9.0840 -2.1148 5.0864
9.1032 -2.1326 5.0653
9.1099 -2.1576 5.0581
9.0943 -2.1963 5.0751
9.0719 -2.2399 5.0995
9.0652 -2.2738 5.1068
9.0496 -2.3140 5.1238
9.0328 -2.3554 5.1420
9.0165 -2.3970 5.1598
8.9992 -2.4399 5.1786
8.9795 -2.4849 5.2001
8.9566 -2.5331 5.2250
8.9432 -2.5746 5.2396
8.9247 -2.6206 5.2598
7.6650 -1.0500 6.5587
7.7372 -1.0982 6.4817
7.7924 -1.1450 6.4229
7.8383 -1.1907 6.3739
7.8758 -1.2357 6.3338
7.9035 -1.2804 6.3042
7.8786 -1.3298 6.3308
7.9262 -1.3713 6.2800
8.0429 -1.4019 6.1555
8.1016 -1.4377 6.0929
8.1479 -1.4738 6.0434
8.1906 -1.5092 5.9979
8.2258 -1.5447 5.9603
8.2568 -1.5801 5.9273
8.3287 -1.6053 5.8505
8.3825 -1.6326 5.7930
8.4243 -1.6615 5.7485
8.4604 -1.6906 5.7100
8.5560 -1.7015 5.6079
8.6007 -1.7249 5.5602
8.6346 -1.7505 5.5241
8.6664 -1.7756 5.4901
8.6955 -1.8008 5.4591
8.7222 -1.8259 5.4305
8.7470 -1.8510 5.4041
8.7697 -1.8761 5.3799
8.7903 -1.9015 5.3579
8.8086 -1.9271 5.3384
8.8241 -1.9534 5.3219
8.8309 -1.9832 5.3146
8.8340 -2.0145 5.3112
8.8605 -2.0345 5.2830
8.8851 -2.0546 5.2568
8.9079 -2.0748 5.2324
8.9294 -2.0950 5.2095
8.9965 -2.0898 5.1379
9.0279 -2.1026 5.1044
9.0537 -2.1175 5.0768
9.0770 -2.1332 5.0520
9.0849 -2.1575 5.0436
9.0691 -2.1963 5.0605
9.0400 -2.2439 5.0915
9.0202 -2.2864 5.1126
9.0238 -2.3139 5.1087
9.0068 -2.3553 5.1269
8.9464 -2.4274 5.1913
8.9646 -2.4456 5.1719
8.9528 -2.4849 5.1845
8.9347 -2.5293 5.2039
8.9160 -2.5746 5.2238
7.5427 -1.1027 6.6158
7.6333 -1.1503 6.5211
7.8036 -1.1903 6.3430
7.8605 -1.2338 6.2834
7.9071 -1.2765 6.2346
7.9471 -1.3184 6.1928
7.9796 -1.3601 6.1588
8.0003 -1.4024 6.1372
7.9860 -1.4493 6.1521
8.0303 -1.4870 6.1058
8.1451 -1.5107 5.9858
8.1959 -1.5435 5.9326
8.2381 -1.5765 5.8885
8.2752 -1.6094 5.8497
8.3079 -1.6423 5.8155
8.3368 -1.6751 5.7853
8.3990 -1.6981 5.7202
8.4537 -1.7215 5.6631
8.4934 -1.7476 5.6215
8.5280 -1.7741 5.5853
8.6103 -1.7840 5.4992
8.6576 -1.8035 5.4498
8.6930 -1.8257 5.4128
8.7239 -1.8486 5.3804
8.7519 -1.8717 5.3511
8.7777 -1.8949 5.3242
8.8009 -1.9183 5.2999
8.8233 -1.9415 5.2765
8.8439 -1.9647 5.2549
8.8628 -1.9881 5.2352
8.8793 -2.0121 5.2179
8.8923 -2.0374 5.2043
8.8766 -2.0768 5.2207
8.9030 -2.0947 5.1931
8.9274 -2.1129 5.1676
8.9501 -2.1312 5.1438
8.9712 -2.1499 5.1218
8.9912 -2.1685 5.1009
9.0546 -2.1606 5.0345
9.0438 -2.1963 5.0458
9.0282 -2.2352 5.0622
9.0115 -2.2754 5.0796
8.9980 -2.3139 5.0937
8.9808 -2.3553 5.1117
8.9618 -2.3985 5.1316
8.9413 -2.4432 5.1531
8.9260 -2.4849 5.1690
8.9077 -2.5292 5.1882
8.8887 -2.5746 5.2081
7.4724 -1.0515 6.6163
7.5215 -1.1020 6.5659
7.5562 -1.1517 6.5304
7.5612 -1.2022 6.5253
7.6977 -1.2428 6.3853
7.8621 -1.2769 6.2168
7.9226 -1.3169 6.1548
7.9722 -1.3564 6.1039
8.0137 -1.3955 6.0614
8.0467 -1.4346 6.0276
8.0725 -1.4739 6.0011
8.0716 -1.5172 6.0020
8.0844 -1.5579 5.9889
8.1221 -1.5931 5.9503
8.2339 -1.6108 5.8357
8.2796 -1.6407 5.7888
8.3185 -1.6711 5.7489
8.3529 -1.7014 5.7136
8.3834 -1.7319 5.6824
8.4105 -1.7625 5.6546
8.4338 -1.7934 5.6307
8.5217 -1.8027 5.5406
8.5595 -1.8264 5.5018
8.5917 -1.8510 5.4688
8.6208 -1.8757 5.4390
8.7118 -1.8760 5.3457
8.7465 -1.8959 5.3102
8.7753 -1.9172 5.2806
8.8028 -1.9382 5.2525
8.8280 -1.9594 5.2265
8.8515 -1.9807 5.2025
8.8731 -2.0022 5.1804
8.8932 -2.0237 5.1598
8.9118 -2.0454 5.1407
8.9287 -2.0675 5.1234
8.9434 -2.0902 5.1083
8.9545 -2.1144 5.0969
8.9420 -2.1516 5.1097
8.9662 -2.1680 5.0849
8.9886 -2.1847 5.0619
9.0097 -2.2016 5.0403
9.0027 -2.2352 5.0475
8.9858 -2.2754 5.0648
8.9266 -2.3434 5.1255
8.9449 -2.3618 5.1067
8.9354 -2.3985 5.1165
8.9173 -2.4414 5.1350
8.8993 -2.4848 5.1535
8.8802 -2.5295 5.1730
7.4905 -1.1016 6.5269
7.5508 -1.1501 6.4663
7.5987 -1.1974 6.4182
7.6372 -1.2441 6.3795
7.6629 -1.2908 6.3537
7.7533 -1.3301 6.2628
7.9086 -1.3593 6.1067
7.9831 -1.3945 6.0318
8.0312 -1.4314 5.9835
8.0712 -1.4682 5.9433
8.1051 -1.5049 5.9093
8.1325 -1.5418 5.8818
8.1508 -1.5798 5.8634
8.1323 -1.6252 5.8819
8.1714 -1.6578 5.8426
8.2534 -1.6787 5.7602
8.3149 -1.7026 5.6984
8.3565 -1.7301 5.6566
8.3925 -1.7581 5.6204
8.4245 -1.7863 5.5883
8.4530 -1.8146 5.5596
8.4770 -1.8436 5.5355
8.5374 -1.8592 5.4748
8.5835 -1.8783 5.4284
8.6186 -1.9001 5.3932
8.6494 -1.9227 5.3622
8.6772 -1.9455 5.3342
8.7573 -1.9455 5.2537
8.7941 -1.9621 5.2168
8.8242 -1.9806 5.1865
8.8509 -1.9998 5.1597
8.8753 -2.0194 5.1352
8.8979 -2.0391 5.1125
8.9191 -2.0589 5.0912
8.9389 -2.0788 5.0713
8.9571 -2.0990 5.0530
8.9739 -2.1194 5.0361
8.9891 -2.1403 5.0209
9.0022 -2.1619 5.0077
8.9949 -2.1953 5.0150
8.9772 -2.2353 5.0328
8.9601 -2.2754 5.0500
8.9447 -2.3149 5.0654
8.9235 -2.3586 5.0868
8.9089 -2.3986 5.1014
8.8906 -2.4415 5.1198
8.8701 -2.4865 5.1404
8.8531 -2.5296 5.1575
8.8340 -2.5747 5.1767
7.3719 -1.0517 6.5747
7.4205 -1.1024 6.5268
7.4531 -1.1524 6.4947
7.5637 -1.1970 6.3857
7.6241 -1.2420 6.3262
7.6726 -1.2863 6.2784
7.7120 -1.3302 6.2396
7.7419 -1.3739 6.2101
7.7399 -1.4210 6.2121
7.8734 -1.4487 6.0806
8.0358 -1.4679 5.9205
8.0848 -1.5021 5.8723
8.1250 -1.5364 5.8327
8.1595 -1.5708 5.7987
8.1885 -1.6053 5.7701
8.2117 -1.6404 5.7472
8.2218 -1.6780 5.7373
8.2158 -1.7194 5.7432
8.2514 -1.7497 5.7081
8.3389 -1.7641 5.6219
8.3890 -1.7872 5.5726
8.4274 -1.8125 5.5347
8.4611 -1.8384 5.5015
8.4902 -1.8648 5.4729
8.5163 -1.8914 5.4471
8.5397 -1.9184 5.4241
8.5912 -1.9338 5.3734
8.6400 -1.9488 5.3253
8.6736 -1.9687 5.2921
8.7021 -1.9898 5.2640
8.7287 -2.0109 5.2378
8.7987 -2.0114 5.1689
8.8394 -2.0237 5.1287
8.8692 -2.0402 5.0994
8.8953 -2.0577 5.0736
8.9192 -2.0756 5.0502
8.9413 -2.0937 5.0284
8.9619 -2.1120 5.0081
8.9809 -2.1306 4.9893
8.9864 -2.1565 4.9839
8.9697 -2.1953 5.0004
8.9159 -2.2568 5.0534
8.9356 -2.2747 5.0340
8.9188 -2.3149 5.0505
8.9009 -2.3563 5.0681
8.8825 -2.3987 5.0863
8.8569 -2.4463 5.1115
8.8450 -2.4853 5.1232
8.8260 -2.5296 5.1419
7.3723 -0.9995 6.5046
7.3993 -1.0506 6.4786
7.3945 -1.1018 6.4832
7.4537 -1.1505 6.4261
7.4990 -1.1982 6.3822
7.5325 -1.2455 6.3499
7.6297 -1.2864 6.2560
7.6918 -1.3281 6.1959
7.7402 -1.3695 6.1492
7.7811 -1.4106 6.1097
7.8149 -1.4514 6.0770
7.8379 -1.4930 6.0548
7.9210 -1.5238 5.9746
8.0813 -1.5379 5.8197
8.1333 -1.5690 5.7695
8.1746 -1.6009 5.7295
8.2094 -1.6331 5.6960
8.2395 -1.6654 5.6668
8.2647 -1.6981 5.6425
8.2835 -1.7318 5.6244
8.2556 -1.7783 5.6513
8.2927 -1.8062 5.6155
8.3249 -1.8345 5.5844
8.4186 -1.8419 5.4938
8.4600 -1.8644 5.4538
8.4940 -1.8884 5.4209
8.5243 -1.9128 5.3917
8.5515 -1.9375 5.3654
8.5761 -1.9625 5.3416
8.5982 -1.9878 5.3203
8.6421 -2.0032 5.2779
8.6916 -2.0149 5.2301
8.7239 -2.0329 5.1988
8.7522 -2.0520 5.1716
8.7777 -2.0715 5.1469
8.8013 -2.0914 5.1241
8.8811 -2.0818 5.0470
8.9113 -2.0960 5.0179
8.9369 -2.1118 4.9931
8.9602 -2.1282 4.9705
8.9614 -2.1565 4.9694
8.9445 -2.1952 4.9858
8.8864 -2.2590 5.0419
8.9107 -2.2742 5.0184
8.8929 -2.3149 5.0356
8.8748 -2.3563 5.0531
8.8454 -2.4057 5.0815
8.8386 -2.4407 5.0880
8.8195 -2.4844 5.1065
8.7989 -2.5296 5.1263
8.7796 -2.5745 5.1450
7.3603 -0.9995 6.4481
7.4131 -1.0498 6.3981
7.4545 -1.0989 6.3588
7.4819 -1.1475 6.3329
7.4745 -1.1972 6.3398
7.5307 -1.2427 6.2867
7.5747 -1.2876 6.2450
7.6078 -1.3323 6.2136
7.6889 -1.3708 6.1368
7.7544 -1.4089 6.0747
7.8052 -1.4473 6.0266
7.8469 -1.4857 5.9871
7.8809 -1.5241 5.9549
7.9062 -1.5632 5.9309
7.9617 -1.5957 5.8783
8.1168 -1.6057 5.7314
8.1776 -1.6325 5.6738
8.2199 -1.6620 5.6337
8.2555 -1.6920 5.6000
8.2864 -1.7222 5.5707
8.3126 -1.7529 5.5459
8.3342 -1.7842 5.5254
8.3477 -1.8174 5.5127
8.3299 -1.8603 5.5295
8.3618 -1.8870 5.4993
8.3905 -1.9139 5.4721
8.4853 -1.9159 5.3823
8.5230 -1.9369 5.3466
8.5546 -1.9592 5.3166
8.5829 -1.9820 5.2898
8.6076 -2.0055 5.2664
8.6304 -2.0291 5.2448
8.6513 -2.0529 5.2250
8.6695 -2.0774 5.2078
8.7400 -2.0765 5.1410
8.7718 -2.0926 5.1109
8.7989 -2.1101 5.0851
8.8236 -2.1282 5.0618
8.8461 -2.1467 5.0404
8.9192 -2.1369 4.9712
8.9364 -2.1564 4.9549
8.9192 -2.1952 4.9712
8.9026 -2.2342 4.9870
8.8848 -2.2743 5.0038
8.8670 -2.3149 5.0207
8.8498 -2.3556 5.0369
8.8255 -2.4014 5.0600
8.8120 -2.4408 5.0728
8.7926 -2.4845 5.0911
8.7669 -2.5331 5.1155
8.7524 -2.5745 5.1293
8.7322 -2.6205 5.1484
7.3723 -1.0498 6.3704
7.4420 -1.0981 6.3056
7.4937 -1.1452 6.2576
7.5332 -1.1916 6.2209
7.5586 -1.2378 6.1973
7.5491 -1.2863 6.2061
7.6029 -1.3288 6.1561
7.6454 -1.3712 6.1166
7.6788 -1.4135 6.0857
7.6985 -1.4567 6.0673
7.8143 -1.4848 5.9598
7.8644 -1.5206 5.9132
7.9067 -1.5564 5.8739
7.9400 -1.5928 5.8429
7.9669 -1.6296 5.8180
7.9820 -1.6682 5.8039
8.0698 -1.6893 5.7223
8.2175 -1.6931 5.5851
8.2618 -1.7200 5.5439
8.2982 -1.7478 5.5101
8.3293 -1.7762 5.4813
8.3547 -1.8054 5.4577
8.3760 -1.8353 5.4378
8.3932 -1.8659 5.4219
8.3939 -1.9017 5.4212
8.3967 -1.9368 5.4186
8.4267 -1.9616 5.3907
8.4965 -1.9702 5.3259
8.5471 -1.9846 5.2789
8.5803 -2.0047 5.2480
8.6099 -2.0256 5.2206
8.6364 -2.0469 5.1959
8.6605 -2.0686 5.1736
8.6823 -2.0907 5.1532
8.7021 -2.1132 5.1349
8.7195 -2.1364 5.1187
8.7854 -2.1342 5.0575
8.8163 -2.1486 5.0288
8.8426 -2.1646 5.0043
8.8662 -2.1814 4.9824
8.8879 -2.1987 4.9622
8.8771 -2.2342 4.9723
8.8591 -2.2743 4.9890
8.8370 -2.3174 5.0096
8.8235 -2.3558 5.0221
8.8046 -2.3980 5.0397
8.7853 -2.4409 5.0576
8.7622 -2.4869 5.0790
8.7419 -2.5316 5.0979
8.7251 -2.5745 5.1135
7.4578 -1.1450 6.2277
7.5219 -1.1899 6.1693
7.5698 -1.2342 6.1256
7.6066 -1.2782 6.0921
7.6302 -1.3223 6.0706
7.6180 -1.3698 6.0818
7.6707 -1.4095 6.0337
7.7139 -1.4492 5.9944
7.7479 -1.4890 5.9634
7.7697 -1.5299 5.9435
7.8711 -1.5561 5.8511
7.9207 -1.5894 5.8059
7.9608 -1.6233 5.7693
7.9950 -1.6575 5.7382
8.0227 -1.6921 5.7129
8.0431 -1.7278 5.6944
8.1049 -1.7522 5.6381
8.2517 -1.7517 5.5042
8.3006 -1.7752 5.4598
8.3354 -1.8017 5.4280
8.3666 -1.8283 5.3996
8.3940 -1.8554 5.3746
8.4176 -1.8830 5.3531
8.4372 -1.9113 5.3352
8.4504 -1.9415 5.3232
8.4286 -1.9847 5.3431
8.4598 -2.0075 5.3147
8.4872 -2.0310 5.2897
8.5622 -2.0336 5.2213
8.6033 -2.0490 5.1839
8.6348 -2.0676 5.1552
8.6625 -2.0870 5.1300
8.6874 -2.1071 5.1072
8.7101 -2.1275 5.0865
8.7309 -2.1484 5.0676
8.7496 -2.1697 5.0505
8.7663 -2.1916 5.0354
8.8280 -2.1884 4.9791
8.8579 -2.2013 4.9518
8.8516 -2.2342 4.9576
8.8334 -2.2743 4.9742
8.8160 -2.3144 4.9900
8.7972 -2.3559 5.0072
8.7780 -2.3981 5.0247
8.7437 -2.4505 5.0559
8.7363 -2.4863 5.0627
8.7162 -2.5307 5.0810
8.6978 -2.5745 5.0978
7.1181 -1.1570 6.4696
7.1524 -1.2076 6.4389
7.5380 -1.2336 6.0943
7.5966 -1.2757 6.0420
7.6422 -1.3174 6.0012
7.6761 -1.3592 5.9709
7.6954 -1.4017 5.9536
7.6851 -1.4478 5.9628
7.7367 -1.4850 5.9167
7.7769 -1.5226 5.8808
7.8096 -1.5604 5.8515
7.8310 -1.5995 5.8324
7.9201 -1.6243 5.7527
7.9711 -1.6549 5.7072
8.0117 -1.6865 5.6709
8.0457 -1.7187 5.6405
8.0745 -1.7512 5.6147
8.0971 -1.7847 5.5946
8.1088 -1.8206 5.5841
8.1949 -1.8341 5.5071
8.3341 -1.8287 5.3827
8.3721 -1.8524 5.3487
8.4038 -1.8773 5.3204
8.4316 -1.9026 5.2956
8.4559 -1.9285 5.2738
8.4770 -1.9549 5.2550
8.4934 -1.9825 5.2403
8.5016 -2.0131 5.2330
8.4897 -2.0519 5.2437
8.5166 -2.0742 5.2196
8.5420 -2.0964 5.1969
8.6196 -2.0940 5.1275
8.6563 -2.1089 5.0948
8.6857 -2.1262 5.0685
8.7117 -2.1445 5.0452
8.7352 -2.1634 5.0242
8.7567 -2.1827 5.0050
8.7763 -2.2024 4.9875
8.7942 -2.2225 4.9715
8.8101 -2.2433 4.9572
8.8067 -2.2749 4.9603
8.7819 -2.3193 4.9825
8.7709 -2.3560 4.9923
8.7515 -2.3982 5.0096
8.7319 -2.4410 5.0271
8.7093 -2.4864 5.0474
8.6889 -2.5308 5.0656
8.6696 -2.5752 5.0829
7.0932 -1.1562 6.4253
7.1536 -1.2052 6.3724
7.1971 -1.2537 6.3342
7.2282 -1.3020 6.3069
7.6140 -1.3164 5.9687
7.6682 -1.3558 5.9212
7.7088 -1.3955 5.8856
7.7396 -1.4354 5.8585
7.7567 -1.4764 5.8436
7.7471 -1.5213 5.8520
7.7984 -1.5559 5.8071
7.8365 -1.5915 5.7736
7.8672 -1.6277 5.7467
7.8891 -1.6648 5.7275
7.9642 -1.6894 5.6617
8.0182 -1.7170 5.6143
8.0589 -1.7465 5.5786
8.0933 -1.7766 5.5485
8.1223 -1.8073 5.5230
8.1464 -1.8387 5.5019
8.1633 -1.8716 5.4871
8.2297 -1.8882 5.4289
8.3659 -1.8798 5.3094
8.4060 -1.9011 5.2743
8.4385 -1.9240 5.2458
8.4668 -1.9477 5.2210
8.4916 -1.9719 5.1992
8.5127 -1.9970 5.1808
8.5312 -2.0225 5.1646
8.5454 -2.0495 5.1521
8.5459 -2.0821 5.1517
8.5447 -2.1154 5.1527
8.5709 -2.1360 5.1297
8.5944 -2.1571 5.1091
8.6731 -2.1504 5.0401
8.7058 -2.1648 5.0114
8.7333 -2.1811 4.9873
8.7578 -2.1984 4.9659
8.7800 -2.2162 4.9464
8.7996 -2.2348 4.9292
8.7810 -2.2749 4.9455
8.7621 -2.3157 4.9621
8.7341 -2.3625 4.9866
8.7250 -2.3983 4.9946
8.7052 -2.4412 5.0120
8.6823 -2.4865 5.0320
8.6620 -2.5308 5.0499
8.6421 -2.5753 5.0673
8.6209 -2.6213 5.0859
7.0423 -1.2087 6.4041
7.1778 -1.2520 6.2876
7.2335 -1.2981 6.2396
7.2752 -1.3440 6.2037
7.6036 -1.3586 5.9213
7.6862 -1.3936 5.8503
7.7337 -1.4312 5.8094
7.7694 -1.4691 5.7787
7.7971 -1.5074 5.7549
7.8122 -1.5471 5.7419
7.8084 -1.5900 5.7452
7.8544 -1.6230 5.7056
7.8913 -1.6568 5.6739
7.9215 -1.6911 5.6479
7.9440 -1.7264 5.6286
8.0010 -1.7525 5.5795
8.0621 -1.7760 5.5269
8.1035 -1.8033 5.4914
8.1376 -1.8316 5.4620
8.1670 -1.8605 5.4367
8.1908 -1.8904 5.4163
8.2072 -1.9221 5.4021
8.2587 -1.9413 5.3578
8.3927 -1.9297 5.2426
8.4373 -1.9477 5.2042
8.4709 -1.9687 5.1753
8.4983 -1.9913 5.1518
8.5236 -2.0139 5.1300
8.5460 -2.0372 5.1107
8.5656 -2.0611 5.0939
8.5820 -2.0859 5.0798
8.5926 -2.1129 5.0706
8.5702 -2.1554 5.0899
8.5974 -2.1742 5.0665
8.6216 -2.1938 5.0457
8.6435 -2.2139 5.0268
8.7219 -2.2036 4.9594
8.7522 -2.2173 4.9333
8.7741 -2.2349 4.9145
8.7553 -2.2749 4.9307
8.7362 -2.3157 4.9471
8.7103 -2.3610 4.9694
8.6985 -2.3984 4.9795
8.6784 -2.4413 4.9968
8.6579 -2.4849 5.0144
8.6371 -2.5294 5.0324
8.6147 -2.5754 5.0516
7.0026 -1.1040 6.3733
7.0236 -1.1554 6.3555
7.0255 -1.2072 6.3539
7.0825 -1.2554 6.3058
7.1842 -1.2986 6.2200
7.2593 -1.3416 6.1566
7.3100 -1.3852 6.1138
7.3482 -1.4289 6.0816
7.6894 -1.4321 5.7937
7.7491 -1.4667 5.7433
7.7927 -1.5024 5.7065
7.8274 -1.5384 5.6772
7.8541 -1.5749 5.6547
7.8682 -1.6133 5.6428
7.8628 -1.6553 5.6474
7.9072 -1.6864 5.6099
7.9431 -1.7184 5.5796
7.9727 -1.7510 5.5546
7.9951 -1.7847 5.5357
8.0045 -1.8213 5.5278
8.1027 -1.8323 5.4449
8.1448 -1.8575 5.4094
8.1786 -1.8842 5.3808
8.2072 -1.9117 5.3567
8.2319 -1.9398 5.3359
8.2515 -1.9690 5.3193
8.2633 -2.0006 5.3094
8.3363 -2.0087 5.2477
8.4636 -1.9936 5.1404
8.4991 -2.0124 5.1104
8.5286 -2.0327 5.0855
8.5544 -2.0539 5.0637
8.5773 -2.0757 5.0444
8.5976 -2.0980 5.0273
8.6149 -2.1213 5.0127
8.6286 -2.1458 5.0011
8.6352 -2.1735 4.9956
8.6217 -2.2113 5.0070
8.6467 -2.2293 4.9858
8.6692 -2.2480 4.9669
8.6896 -2.2672 4.9497
8.7296 -2.2750 4.9159
8.7112 -2.3152 4.9314
8.6918 -2.3565 4.9478
8.6720 -2.3985 4.9645
8.6415 -2.4476 4.9902
8.6310 -2.4850 4.9991
8.6099 -2.5295 5.0169
8.5879 -2.5750 5.0354
6.9927 -1.1030 6.3179
7.0455 -1.1528 6.2741
7.0786 -1.2021 6.2468
7.0469 -1.2548 6.2730
7.1129 -1.3008 6.2183
7.1605 -1.3467 6.1790
7.2715 -1.3848 6.0870
7.3355 -1.4256 6.0341
7.3827 -1.4668 5.9950
7.4182 -1.5085 5.9656
7.7553 -1.5025 5.6865
7.8098 -1.5353 5.6414
7.8504 -1.5692 5.6078
7.8828 -1.6036 5.5809
7.9079 -1.6387 5.5601
7.9211 -1.6757 5.5492
7.9142 -1.7171 5.5549
7.9572 -1.7464 5.5193
7.9920 -1.7767 5.4905
8.0209 -1.8077 5.4666
8.0432 -1.8399 5.4481
8.0556 -1.8744 5.4378
8.1424 -1.8855 5.3660
8.1842 -1.9089 5.3313
8.2179 -1.9339 5.3034
8.2469 -1.9598 5.2794
8.2716 -1.9864 5.2590
8.2925 -2.0138 5.2417
8.3077 -2.0429 5.2291
8.3618 -2.0560 5.1843
8.4881 -2.0379 5.0798
8.5268 -2.0539 5.0477
8.5572 -2.0725 5.0225
8.5832 -2.0923 5.0010
8.6063 -2.1127 4.9818
8.6269 -2.1338 4.9648
8.6451 -2.1555 4.9498
8.6604 -2.1782 4.9370
8.6720 -2.2025 4.9275
8.6690 -2.2341 4.9300
8.6694 -2.2640 4.9297
8.6925 -2.2813 4.9105
8.6852 -2.3152 4.9165
8.6656 -2.3565 4.9328
8.6445 -2.3992 4.9503
8.6240 -2.4421 4.9672
8.6041 -2.4851 4.9837
8.5827 -2.5296 5.0014
8.5607 -2.5750 5.0196
8.5389 -2.6209 5.0377
7.0165 -1.1522 6.2363
7.0795 -1.1999 6.1851
7.1239 -1.2471 6.1490
7.1514 -1.2945 6.1267
7.1340 -1.3452 6.1408
7.1917 -1.3887 6.0940
7.2337 -1.4325 6.0598
7.3497 -1.4658 5.9655
7.4085 -1.5042 5.9178
7.4516 -1.5435 5.8827
7.4832 -1.5836 5.8571
7.8174 -1.5688 5.5856
7.8665 -1.6000 5.5457
7.9047 -1.6322 5.5147
7.9352 -1.6652 5.4899
7.9587 -1.6989 5.4708
7.9711 -1.7347 5.4607
7.9629 -1.7755 5.4674
8.0045 -1.8032 5.4336
8.0384 -1.8319 5.4060
8.0664 -1.8615 5.3833
8.0877 -1.8925 5.3660
8.0970 -1.9267 5.3585
8.1784 -1.9367 5.2923
8.2212 -1.9580 5.2575
8.2550 -1.9814 5.2301
8.2840 -2.0058 5.2065
8.3092 -2.0308 5.1860
8.3306 -2.0567 5.1686
8.3464 -2.0843 5.1558
8.3558 -2.1143 5.1482
8.5032 -2.0840 5.0284
8.5523 -2.0940 4.9885
8.5835 -2.1109 4.9632
8.6101 -2.1292 4.9416
8.6337 -2.1483 4.9224
8.6546 -2.1681 4.9054
8.6733 -2.1885 4.8902
8.6897 -2.2096 4.8769
8.6941 -2.2368 4.8734
8.6747 -2.2769 4.8891
8.6592 -2.3153 4.9017
8.6393 -2.3566 4.9178
8.6181 -2.3992 4.9351
8.5974 -2.4421 4.9519
8.5726 -2.4880 4.9720
8.5526 -2.5315 4.9882
8.5334 -2.5750 5.0039
6.8617 -1.1564 6.2991
7.0057 -1.2014 6.1843
7.1073 -1.2454 6.1033
7.1603 -1.2906 6.0610
7.1982 -1.3358 6.0309
7.2174 -1.3819 6.0155
7.2140 -1.4300 6.0182
7.2643 -1.4715 5.9782
7.3012 -1.5136 5.9487
7.4264 -1.5414 5.8489
7.4768 -1.5782 5.8087
7.5150 -1.6160 5.7782
7.5412 -1.6551 5.7574
7.8746 -1.6314 5.4916
7.9200 -1.6611 5.4554
7.9558 -1.6919 5.4269
7.9848 -1.7234 5.4038
8.0069 -1.7559 5.3861
8.0184 -1.7907 5.3769
8.0091 -1.8309 5.3844
8.0494 -1.8570 5.3522
8.0813 -1.8846 5.3268
8.1079 -1.9131 5.3056
8.1289 -1.9428 5.2889
8.1417 -1.9746 5.2786
8.2104 -1.9865 5.2239
8.2557 -2.0051 5.1878
8.2901 -2.0267 5.1603
8.3191 -2.0496 5.1372
8.3430 -2.0739 5.1182
8.3649 -2.0983 5.1007
8.3834 -2.1236 5.0860
8.3961 -2.1510 5.0758
8.4520 -2.1585 5.0313
8.5747 -2.1334 4.9335
8.6083 -2.1479 4.9067
8.6354 -2.1648 4.8850
8.6592 -2.1826 4.8661
8.6804 -2.2012 4.8492
8.6683 -2.2369 4.8588
8.6487 -2.2770 4.8744
8.6289 -2.3177 4.8902
8.6008 -2.3637 4.9127
8.5918 -2.3992 4.9198
8.5708 -2.4421 4.9365
8.5499 -2.4855 4.9533
8.5281 -2.5299 4.9706
8.5062 -2.5750 4.9881
6.8000 -1.1570 6.2858
6.8418 -1.2074 6.2531
6.9612 -1.2519 6.1597
7.1237 -1.2902 6.0325
7.1896 -1.3329 5.9810
7.2348 -1.3760 5.9457
7.2663 -1.4195 5.9210
7.2776 -1.4648 5.9121
7.2865 -1.5101 5.9052
7.3325 -1.5496 5.8692
7.4233 -1.5807 5.7982
7.4941 -1.6130 5.7427
7.5385 -1.6485 5.7081
7.5731 -1.6848 5.6810
7.5982 -1.7223 5.6613
7.9286 -1.6905 5.4028
7.9706 -1.7189 5.3700
8.0042 -1.7484 5.3437
8.0317 -1.7786 5.3222
8.0525 -1.8100 5.3059
8.0631 -1.8438 5.2976
8.0550 -1.8829 5.3040
8.0922 -1.9081 5.2748
8.1232 -1.9344 5.2506
8.1490 -1.9616 5.2304
8.1700 -1.9899 5.2140
8.1842 -2.0202 5.2029
8.2337 -2.0368 5.1641
8.2883 -2.0502 5.1214
8.3215 -2.0708 5.0955
8.3508 -2.0922 5.0725
8.3764 -2.1144 5.0525
8.3984 -2.1376 5.0353
8.4173 -2.1616 5.0206
8.4323 -2.1869 5.0088
8.4688 -2.2017 4.9802
8.5933 -2.1727 4.8829
8.6308 -2.1840 4.8535
8.6590 -2.1992 4.8315
8.6425 -2.2371 4.8443
8.6228 -2.2771 4.8598
8.6131 -2.3122 4.8673
8.5925 -2.3536 4.8834
8.5654 -2.3992 4.9046
8.5391 -2.4451 4.9252
8.5229 -2.4856 4.9379
8.5009 -2.5300 4.9551
6.7559 -1.1569 6.2585
6.8352 -1.2055 6.1977
6.8853 -1.2539 6.1592
6.9678 -1.2986 6.0958
7.0492 -1.3415 6.0333
7.2106 -1.3744 5.9094
7.2647 -1.4152 5.8679
7.3050 -1.4564 5.8370
7.3321 -1.4984 5.8161
7.2999 -1.5485 5.8409
7.3559 -1.5853 5.7979
7.3973 -1.6231 5.7660
7.5009 -1.6485 5.6865
7.5562 -1.6808 5.6440
7.5969 -1.7148 5.6128
7.6288 -1.7498 5.5883
7.9215 -1.7228 5.3636
7.9796 -1.7465 5.3190
8.0186 -1.7737 5.2890
8.0480 -1.8026 5.2664
8.0737 -1.8317 5.2467
8.0942 -1.8619 5.2310
8.1057 -1.8942 5.2221
8.0966 -1.9329 5.2291
8.1328 -1.9568 5.2014
8.1630 -1.9818 5.1782
8.1881 -2.0078 5.1589
8.2090 -2.0348 5.1429
8.2234 -2.0638 5.1318
8.1934 -2.1100 5.1548
8.3168 -2.0944 5.0601
8.3528 -2.1124 5.0324
8.3820 -2.1325 5.0100
8.4075 -2.1535 4.9904
8.4299 -2.1753 4.9732
8.4494 -2.1979 4.9582
8.4654 -2.2218 4.9460
8.4765 -2.2476 4.9375
8.5330 -2.2502 4.8941
8.6168 -2.2372 4.8298
8.5917 -2.2800 4.8491
8.5872 -2.3122 4.8525
8.5664 -2.3536 4.8684
8.5389 -2.3993 4.8895
8.5173 -2.4423 4.9061
8.4959 -2.4857 4.9226
8.4176 -2.5640 4.9827
6.6925 -1.1576 6.2458
6.7329 -1.2083 6.2154
6.8611 -1.2527 6.1188
6.9220 -1.2988 6.0729
6.9627 -1.3452 6.0422
7.0684 -1.3843 5.9626
7.2130 -1.4165 5.8536
7.2886 -1.4536 5.7967
7.3367 -1.4925 5.7604
7.3715 -1.5322 5.7341
7.3919 -1.5733 5.7188
7.3706 -1.6211 5.7349
7.4223 -1.6560 5.6959
7.4597 -1.6925 5.6677
7.5652 -1.7139 5.5882
7.6148 -1.7450 5.5508
7.6523 -1.7777 5.5226
7.6817 -1.8114 5.5004
7.9765 -1.7763 5.2783
8.0236 -1.8006 5.2428
8.0605 -1.8266 5.2150
8.0909 -1.8537 5.1921
8.1161 -1.8816 5.1731
8.1355 -1.9107 5.1585
8.1463 -1.9421 5.1503
8.1362 -1.9805 5.1579
8.1714 -2.0031 5.1314
8.2008 -2.0269 5.1092
8.2253 -2.0518 5.0908
8.2444 -2.0783 5.0764
8.2595 -2.1059 5.0650
8.2625 -2.1382 5.0628
8.3447 -2.1365 5.0008
8.3820 -2.1526 4.9727
8.4119 -2.1710 4.9502
8.4373 -2.1909 4.9311
8.4597 -2.2115 4.9142
8.4794 -2.2330 4.8993
8.4962 -2.2554 4.8867
8.5094 -2.2792 4.8767
8.5506 -2.2880 4.8457
8.5613 -2.3122 4.8376
8.5403 -2.3536 4.8534
8.5125 -2.3993 4.8744
8.4906 -2.4423 4.8909
8.4683 -2.4861 4.9077
8.4277 -2.5414 4.9382
8.4229 -2.5758 4.9419
6.6527 -1.1574 6.2151
6.7303 -1.2062 6.1577
6.7778 -1.2550 6.1226
6.8756 -1.2991 6.0503
6.9526 -1.3425 5.9934
7.0003 -1.3868 5.9581
7.0318 -1.4318 5.9348
7.1510 -1.4654 5.8466
7.3045 -1.4916 5.7331
7.3617 -1.5280 5.6908
7.4018 -1.5658 5.6611
7.4303 -1.6045 5.6401
7.4407 -1.6458 5.6324
7.4391 -1.6892 5.6335
7.4825 -1.7234 5.6015
7.5160 -1.7587 5.5767
7.6252 -1.7757 5.4960
7.6697 -1.8058 5.4630
7.7047 -1.8372 5.4371
7.7318 -1.8699 5.4171
8.0210 -1.8290 5.2032
8.0684 -1.8513 5.1681
8.1037 -1.8761 5.1420
8.1323 -1.9021 5.1209
8.1564 -1.9290 5.1031
8.1747 -1.9572 5.0895
8.1850 -1.9878 5.0819
8.1740 -2.0258 5.0900
8.2076 -2.0474 5.0652
8.2354 -2.0705 5.0446
8.2595 -2.0943 5.0268
8.2796 -2.1192 5.0120
8.2951 -2.1456 5.0004
8.3011 -2.1757 4.9960
8.3702 -2.1774 4.9449
8.4097 -2.1911 4.9157
8.4397 -2.2083 4.8935
8.4654 -2.2268 4.8745
8.4881 -2.2462 4.8577
8.5080 -2.2665 4.8430
8.5252 -2.2878 4.8303
8.5370 -2.3114 4.8216
8.5159 -2.3527 4.8372
8.4861 -2.3994 4.8592
8.4634 -2.4427 4.8760
8.4412 -2.4863 4.8924
8.4153 -2.5327 4.9116
8.3956 -2.5758 4.9261
8.3724 -2.6217 4.9433
6.6725 -1.1032 6.1414
6.7027 -1.1539 6.1195
6.7646 -1.2532 6.0746
6.8167 -1.3002 6.0367
6.8506 -1.3475 6.0121
6.9768 -1.3851 5.9205
7.0327 -1.4273 5.8799
7.0709 -1.4702 5.8522
7.1649 -1.5049 5.7839
7.2287 -1.5417 5.7377
7.3794 -1.5634 5.6282
7.4279 -1.5986 5.5930
7.4620 -1.6353 5.5683
7.4849 -1.6733 5.5517
7.4791 -1.7166 5.5559
7.4997 -1.7543 5.5409
7.5387 -1.7874 5.5126
7.6166 -1.8102 5.4561
7.6807 -1.8346 5.4095
7.7216 -1.8636 5.3798
7.7539 -1.8939 5.3564
7.7795 -1.9255 5.3378
8.0681 -1.8776 5.1283
8.1114 -1.8993 5.0969
8.1446 -1.9232 5.0728
8.1718 -1.9482 5.0530
8.1947 -1.9742 5.0364
8.2133 -2.0011 5.0229
8.2241 -2.0304 5.0150
8.2086 -2.0696 5.0263
8.2419 -2.0899 5.0021
8.2697 -2.1116 4.9820
8.2934 -2.1344 4.9647
8.3131 -2.1583 4.9504
8.3288 -2.1836 4.9391
8.3370 -2.2118 4.9331
8.3890 -2.2194 4.8953
8.4356 -2.2284 4.8615
8.4663 -2.2440 4.8392
8.4920 -2.2614 4.8206
8.5147 -2.2798 4.8041
8.5114 -2.3113 4.8065
8.4900 -2.3526 4.8220
8.4512 -2.4041 4.8502
8.4365 -2.4429 4.8608
8.4141 -2.4865 4.8772
8.3891 -2.5321 4.8953
8.3684 -2.5758 4.9103
6.6494 -1.1027 6.1000
6.7071 -1.1522 6.0588
6.7452 -1.2013 6.0317
6.7614 -1.2508 6.0202
6.7902 -1.2990 5.9997
6.8514 -1.3438 5.9560
6.8922 -1.3891 5.9269
6.9907 -1.4273 5.8567
7.0613 -1.4665 5.8065
7.1045 -1.5076 5.7757
7.1327 -1.5497 5.7556
7.2475 -1.5779 5.6737
7.3919 -1.5984 5.5709
7.4479 -1.6313 5.5310
7.4877 -1.6658 5.5027
7.5172 -1.7015 5.4816
7.5355 -1.7389 5.4686
7.5101 -1.7857 5.4867
7.5562 -1.8162 5.4538
7.5916 -1.8482 5.4286
7.6804 -1.8654 5.3653
7.7334 -1.8903 5.3276
7.7708 -1.9184 5.3009
7.8008 -1.9478 5.2796
7.8218 -1.9793 5.2645
8.1126 -1.9239 5.0574
8.1523 -1.9450 5.0291
8.1834 -1.9680 5.0069
8.2097 -1.9921 4.9881
8.2319 -2.0170 4.9723
8.2490 -2.0433 4.9602
8.2593 -2.0719 4.9528
8.2430 -2.1110 4.9644
8.2755 -2.1302 4.9413
8.3025 -2.1510 4.9221
8.3257 -2.1727 4.9055
8.3452 -2.1957 4.8917
8.3607 -2.2200 4.8806
8.3702 -2.2468 4.8738
8.3490 -2.2883 4.8889
8.4600 -2.2644 4.8098
8.4915 -2.2785 4.7874
8.4857 -2.3112 4.7915
8.4641 -2.3525 4.8069
8.4330 -2.3996 4.8291
8.4110 -2.4423 4.8447
8.3869 -2.4867 4.8619
8.3264 -2.5528 4.9050
8.3296 -2.5826 4.9027
6.6636 -1.1522 6.0330
6.7376 -1.1996 5.9812
6.7820 -1.2470 5.9502
6.8079 -1.2947 5.9320
6.8035 -1.3442 5.9351
6.8816 -1.3862 5.8805
6.9285 -1.4296 5.8477
6.9585 -1.4738 5.8267
7.0831 -1.5052 5.7396
7.1325 -1.5442 5.7051
7.1665 -1.5844 5.6812
7.2548 -1.6149 5.6195
7.3179 -1.6477 5.5753
7.4619 -1.6639 5.4747
7.5084 -1.6962 5.4421
7.5432 -1.7298 5.4177
7.5687 -1.7647 5.3999
7.5814 -1.8020 5.3911
7.5682 -1.8453 5.4003
7.6094 -1.8750 5.3715
7.6414 -1.9061 5.3491
7.7365 -1.9187 5.2826
7.7824 -1.9436 5.2505
7.8141 -1.9717 5.2283
7.8420 -2.0002 5.2088
7.8637 -2.0302 5.1936
8.1544 -1.9681 4.9903
8.1907 -1.9887 4.9649
8.2206 -2.0108 4.9440
8.2457 -2.0340 4.9265
8.2668 -2.0581 4.9117
8.2831 -2.0837 4.9003
8.2929 -2.1116 4.8934
8.2759 -2.1505 4.9053
8.3076 -2.1687 4.8831
8.3338 -2.1886 4.8648
8.3565 -2.2095 4.8489
8.3758 -2.2314 4.8354
8.3913 -2.2548 4.8246
8.4019 -2.2802 4.8172
8.3752 -2.3241 4.8358
8.4601 -2.3111 4.7765
8.4284 -2.3576 4.7986
8.4066 -2.3996 4.8139
8.3844 -2.4423 4.8294
8.3595 -2.4870 4.8468
8.3361 -2.5314 4.8632
8.3106 -2.5776 4.8810
6.4930 -1.1042 6.0944
6.5143 -1.1558 6.0798
6.5816 -1.2048 6.0336
6.7642 -1.2456 5.9082
6.8148 -1.2912 5.8735
6.8474 -1.3372 5.8511
6.8549 -1.3848 5.8460
6.9068 -1.4275 5.8103
6.9592 -1.4690 5.7743
6.9960 -1.5112 5.7491
7.0985 -1.5434 5.6787
7.1573 -1.5799 5.6383
7.1972 -1.6180 5.6109
7.2233 -1.6577 5.5930
7.3329 -1.6812 5.5178
7.4641 -1.6979 5.4277
7.5246 -1.7263 5.3862
7.5647 -1.7578 5.3586
7.5954 -1.7906 5.3375
7.6169 -1.8249 5.3227
7.6217 -1.8630 5.3195
7.6221 -1.9022 5.3192
7.6593 -1.9310 5.2937
7.6888 -1.9613 5.2734
7.7846 -1.9708 5.2076
7.8260 -1.9952 5.1792
7.8582 -2.0216 5.1571
7.8846 -2.0492 5.1390
7.9045 -2.0784 5.1253
8.1925 -2.0107 4.9276
8.2278 -2.0302 4.9033
8.2560 -2.0516 4.8840
8.2800 -2.0740 4.8675
8.3000 -2.0975 4.8537
8.3157 -2.1223 4.8430
8.3250 -2.1495 4.8366
8.3074 -2.1883 4.8487
8.3383 -2.2056 4.8275
8.3639 -2.2246 4.8099
8.3860 -2.2447 4.7947
8.4051 -2.2657 4.7816
8.4205 -2.2882 4.7710
8.4273 -2.3147 4.7664
8.4004 -2.3587 4.7849
8.3802 -2.3996 4.7987
8.3560 -2.4433 4.8153
8.3327 -2.4869 4.8313
8.3091 -2.5314 4.8475
8.2831 -2.5777 4.8653
6.4801 -1.1035 6.0464
6.5313 -1.1537 6.0119
6.5532 -1.2041 5.9971
6.6153 -1.2517 5.9553
6.7854 -1.2904 5.8406
6.8441 -1.3341 5.8010
6.8820 -1.3784 5.7755
6.9022 -1.4237 5.7619
6.9220 -1.4686 5.7485
6.9870 -1.5073 5.7047
7.0305 -1.5474 5.6754
7.0599 -1.5887 5.6556
7.1784 -1.6149 5.5757
7.2214 -1.6514 5.5467
7.2546 -1.6888 5.5243
7.3359 -1.7160 5.4696
7.3980 -1.7453 5.4277
7.5336 -1.7571 5.3363
7.5820 -1.7858 5.3037
7.6172 -1.8167 5.2800
7.6439 -1.8488 5.2620
7.6614 -1.8828 5.2502
7.6285 -1.9303 5.2724
7.6728 -1.9563 5.2425
7.7065 -1.9845 5.2198
7.7333 -2.0140 5.2017
7.8325 -2.0197 5.1349
7.8704 -2.0435 5.1093
7.9002 -2.0692 5.0892
7.9247 -2.0961 5.0727
8.1755 -2.0392 4.9037
8.2298 -2.0511 4.8671
8.2629 -2.0700 4.8448
8.2898 -2.0906 4.8267
8.3128 -2.1123 4.8112
8.3318 -2.1351 4.7983
8.3469 -2.1592 4.7882
8.3557 -2.1858 4.7822
8.3376 -2.2245 4.7944
8.3677 -2.2409 4.7741
8.3927 -2.2591 4.7573
8.4143 -2.2784 4.7427
8.4013 -2.3148 4.7515
8.3792 -2.3561 4.7664
8.3575 -2.3977 4.7810
8.3347 -2.4404 4.7964
8.3060 -2.4869 4.8157
8.2740 -2.5359 4.8373
8.2556 -2.5778 4.8497
6.5151 -1.1527 5.9675
6.5679 -1.2014 5.9325
6.5940 -1.2504 5.9152
6.6442 -1.2971 5.8820
6.7950 -1.3347 5.7822
6.8701 -1.3758 5.7325
6.9137 -1.4184 5.7037
6.9403 -1.4619 5.6861
6.9324 -1.5091 5.6913
7.0101 -1.5448 5.6399
7.0597 -1.5829 5.6071
7.0942 -1.6223 5.5843
7.1890 -1.6506 5.5216
7.2441 -1.6839 5.4851
7.2821 -1.7193 5.4600
7.3087 -1.7562 5.4424
7.4094 -1.7765 5.3757
7.4571 -1.8065 5.3442
7.5939 -1.8142 5.2536
7.6348 -1.8427 5.2266
7.6660 -1.8729 5.2059
7.6894 -1.9044 5.1904
7.7024 -1.9384 5.1818
7.6818 -1.9821 5.1955
7.7222 -2.0074 5.1688
7.7519 -2.0353 5.1491
7.8267 -2.0476 5.0996
7.8772 -2.0665 5.0662
7.9121 -2.0897 5.0431
7.9404 -2.1146 5.0244
7.9631 -2.1409 5.0093
8.2212 -2.0756 4.8386
8.2655 -2.0896 4.8093
8.2965 -2.1080 4.7888
8.3222 -2.1280 4.7718
8.3441 -2.1490 4.7572
8.3623 -2.1711 4.7452
8.3767 -2.1946 4.7357
8.3852 -2.2205 4.7301
8.3665 -2.2592 4.7424
8.3960 -2.2748 4.7229
8.3753 -2.3148 4.7367
8.3530 -2.3561 4.7514
8.3312 -2.3977 4.7658
8.3081 -2.4404 4.7811
8.2790 -2.4870 4.8003
8.2332 -2.5435 4.8307
8.2277 -2.5781 4.8343
6.3336 -1.1574 6.0311
6.5496 -1.2003 5.8908
6.6052 -1.2473 5.8547
6.6329 -1.2950 5.8366
6.6668 -1.3416 5.8147
6.7456 -1.3833 5.7634
6.8940 -1.4163 5.6671
6.9413 -1.4572 5.6363
6.9719 -1.4992 5.6165
6.9832 -1.5431 5.6091
7.0264 -1.5821 5.5811
7.0847 -1.6177 5.5432
7.1265 -1.6548 5.5160
7.1523 -1.6938 5.4992
7.2627 -1.7160 5.4276
7.3059 -1.7494 5.3995
7.3373 -1.7843 5.3791
7.3999 -1.8115 5.3384
7.4713 -1.8352 5.2921
7.5981 -1.8436 5.2097
7.6485 -1.8689 5.1769
7.6843 -1.8970 5.1537
7.7101 -1.9271 5.1369
7.7283 -1.9589 5.1252
7.7325 -1.9945 5.1224
7.7326 -2.0313 5.1224
7.7667 -2.0570 5.1002
7.7940 -2.0842 5.0825
7.8759 -2.0917 5.0292
7.9198 -2.1111 5.0007
7.9509 -2.1343 4.9805
7.9780 -2.1583 4.9630
7.9996 -2.1839 4.9489
8.2598 -2.1121 4.7799
8.2996 -2.1264 4.7541
8.3286 -2.1444 4.7352
8.3531 -2.1637 4.7193
8.3741 -2.1841 4.7056
8.3915 -2.2057 4.6943
8.3932 -2.2343 4.6932
8.3716 -2.2742 4.7073
8.3492 -2.3149 4.7218
8.3192 -2.3600 4.7413
8.3049 -2.3977 4.7506
8.2816 -2.4404 4.7657
8.2522 -2.4869 4.7848
8.2277 -2.5315 4.8007
8.2002 -2.5782 4.8186
6.3679 -1.2064 5.9539
6.5839 -1.2461 5.8161
6.6407 -1.2916 5.7798
6.6701 -1.3380 5.7611
6.6536 -1.3878 5.7717
6.7767 -1.4240 5.6931
6.9122 -1.4561 5.6068
6.9660 -1.4951 5.5724
7.0007 -1.5355 5.5503
7.0204 -1.5773 5.5377
6.8528 -1.6479 5.6446
7.1090 -1.6514 5.4812
7.1530 -1.6870 5.4532
7.1839 -1.7241 5.4335
7.2755 -1.7483 5.3751
7.3263 -1.7791 5.3427
7.3621 -1.8121 5.3199
7.3876 -1.8468 5.3036
7.4784 -1.8648 5.2457
7.5274 -1.8915 5.2144
7.6573 -1.8955 5.1316
7.6979 -1.9215 5.1057
7.7287 -1.9495 5.0860
7.7522 -1.9789 5.0711
7.7676 -2.0104 5.0613
7.7376 -2.0562 5.0804
7.7778 -2.0792 5.0548
7.8087 -2.1044 5.0350
7.8339 -2.1311 5.0190
7.9190 -2.1351 4.9647
7.9585 -2.1545 4.9395
7.9890 -2.1765 4.9201
8.0142 -2.2000 4.9040
8.0347 -2.2249 4.8909
8.2957 -2.1473 4.7245
8.3317 -2.1618 4.7015
8.3593 -2.1793 4.6839
8.3828 -2.1980 4.6689
8.3676 -2.2344 4.6786
8.3458 -2.2742 4.6925
8.3305 -2.3114 4.7023
8.3075 -2.3527 4.7169
8.2786 -2.3976 4.7354
8.2498 -2.4432 4.7538
8.2255 -2.4869 4.7693
8.1975 -2.5332 4.7871
8.1727 -2.5784 4.8029
6.3939 -1.2542 5.8836
6.6171 -1.2904 5.7439
6.6748 -1.3344 5.7078
6.7054 -1.3795 5.6886
6.7031 -1.4273 5.6901
6.8065 -1.4634 5.6253
6.9240 -1.4955 5.5517
6.9885 -1.5320 5.5114
7.0277 -1.5707 5.4869
7.0521 -1.6109 5.4716
7.0563 -1.6539 5.4689
7.1258 -1.6852 5.4254
7.1764 -1.7185 5.3938
7.2116 -1.7538 5.3717
7.2741 -1.7826 5.3326
7.3432 -1.8085 5.2893
7.3836 -1.8396 5.2640
7.4134 -1.8723 5.2454
7.4329 -1.9070 5.2331
7.5383 -1.9185 5.1672
7.6589 -1.9235 5.0917
7.7096 -1.9459 5.0599
7.7447 -1.9718 5.0380
7.7718 -1.9994 5.0210
7.7923 -2.0285 5.0082
7.8037 -2.0602 5.0010
7.7841 -2.1023 5.0133
7.8201 -2.1251 4.9908
7.8488 -2.1498 4.9728
7.8715 -2.1761 4.9586
7.9602 -2.1764 4.9031
7.9966 -2.1956 4.8803
8.0255 -2.2169 4.8622
8.0489 -2.2400 4.8475
8.0684 -2.2642 4.8353
8.3290 -2.1814 4.6722
8.3624 -2.1958 4.6512
8.3420 -2.2344 4.6640
8.3200 -2.2743 4.6778
8.3047 -2.3114 4.6874
8.2815 -2.3527 4.7019
8.2551 -2.3962 4.7184
8.2314 -2.4389 4.7333
8.1987 -2.4869 4.7538
8.1388 -2.5503 4.7912
8.1455 -2.5783 4.7871
6.4179 -1.3007 5.8163
6.6482 -1.3333 5.6748
6.7076 -1.3757 5.6382
6.7406 -1.4195 5.6179
6.7460 -1.4656 5.6147
6.8322 -1.5018 5.5617
6.8789 -1.5413 5.5330
7.0083 -1.5681 5.4534
7.0495 -1.6055 5.4281
7.0796 -1.6438 5.4096
7.0957 -1.6840 5.3997
7.1343 -1.7195 5.3760
7.1967 -1.7496 5.3376
7.2361 -1.7831 5.3134
7.2643 -1.8181 5.2960
7.3551 -1.8382 5.2403
7.4021 -1.8668 5.2114
7.4359 -1.8977 5.1906
7.4604 -1.9303 5.1756
7.5415 -1.9469 5.1257
7.5896 -1.9711 5.0961
7.7158 -1.9711 5.0186
7.7571 -1.9944 4.9932
7.7880 -2.0201 4.9742
7.8124 -2.0473 4.9592
7.8303 -2.0761 4.9482
7.8366 -2.1087 4.9443
7.8279 -2.1465 4.9497
7.8595 -2.1695 4.9303
7.8854 -2.1939 4.9143
7.9064 -2.2197 4.9014
7.9998 -2.2158 4.8440
8.0330 -2.2348 4.8236
8.0599 -2.2558 4.8071
8.0822 -2.2783 4.7933
8.1006 -2.3020 4.7820
8.3164 -2.2345 4.6494
8.2825 -2.2798 4.6702
8.2789 -2.3114 4.6725
8.2555 -2.3527 4.6869
8.2291 -2.3961 4.7031
8.2051 -2.4388 4.7178
8.1713 -2.4872 4.7386
8.1352 -2.5375 4.7608
8.1216 -2.5764 4.7691
8.0960 -2.6222 4.7849
6.6779 -1.3748 5.6081
6.7402 -1.4156 5.5705
6.7741 -1.4582 5.5500
6.7821 -1.5031 5.5452
6.8554 -1.5393 5.5010
6.9072 -1.5770 5.4697
7.0207 -1.6042 5.4012
7.0713 -1.6391 5.3707
7.1053 -1.6759 5.3502
7.1271 -1.7141 5.3370
7.1233 -1.7569 5.3393
7.2134 -1.7804 5.2849
7.2579 -1.8118 5.2581
7.2900 -1.8451 5.2387
7.3568 -1.8694 5.1984
7.4174 -1.8939 5.1618
7.4554 -1.9229 5.1389
7.4838 -1.9536 5.1218
7.5030 -1.9864 5.1102
7.5983 -1.9964 5.0527
7.7082 -1.9999 4.9863
7.7657 -2.0176 4.9517
7.8012 -2.0411 4.9302
7.8291 -2.0664 4.9134
7.8506 -2.0934 4.9004
7.8643 -2.1226 4.8922
7.8642 -2.1567 4.8922
7.8678 -2.1894 4.8900
7.8974 -2.2118 4.8722
7.9215 -2.2358 4.8577
7.9921 -2.2401 4.8150
8.0367 -2.2539 4.7881
8.0679 -2.2725 4.7693
8.0930 -2.2932 4.7542
8.1142 -2.3150 4.7414
8.1313 -2.3384 4.7311
8.2531 -2.3114 4.6576
8.2094 -2.3625 4.6839
8.2030 -2.3960 4.6878
8.1789 -2.4386 4.7023
8.1445 -2.4871 4.7231
8.1193 -2.5315 4.7383
8.0944 -2.5763 4.7533
6.7064 -1.4150 5.5437
6.7726 -1.4541 5.5044
6.8064 -1.4955 5.4844
6.8170 -1.5392 5.4781
6.8786 -1.5756 5.4416
6.9345 -1.6115 5.4085
7.0283 -1.6401 5.3530
7.0907 -1.6721 5.3160
7.1286 -1.7072 5.2935
7.1546 -1.7438 5.2781
7.1657 -1.7829 5.2716
7.2242 -1.8115 5.2369
7.2768 -1.8402 5.2057
7.3128 -1.8717 5.1844
7.3387 -1.9050 5.1691
7.4286 -1.9212 5.1158
7.4721 -1.9479 5.0900
7.5038 -1.9769 5.0712
7.5283 -2.0074 5.0567
7.5980 -2.0238 5.0154
7.6491 -2.0444 4.9852
7.7689 -2.0418 4.9142
7.8113 -2.0624 4.8891
7.8429 -2.0859 4.8704
7.8662 -2.1115 4.8565
7.8855 -2.1381 4.8451
7.8975 -2.1671 4.8380
7.8724 -2.2102 4.8529
7.9064 -2.2303 4.8327
7.9335 -2.2525 4.8167
7.9558 -2.2761 4.8035
8.0332 -2.2755 4.7576
8.0719 -2.2904 4.7347
8.1008 -2.3088 4.7176
8.1247 -2.3290 4.7034
8.1449 -2.3503 4.6915
8.1608 -2.3733 4.6821
8.1589 -2.4048 4.6831
8.1419 -2.4439 4.6932
8.1177 -2.4871 4.7075
8.0832 -2.5363 4.7280
8.0671 -2.5763 4.7375
6.7371 -1.4536 5.4795
6.8033 -1.4913 5.4410
6.8367 -1.5317 5.4215
6.8497 -1.5743 5.4140
6.8967 -1.6115 5.3867
6.9596 -1.6452 5.3501
6.9965 -1.6819 5.3286
7.1072 -1.7045 5.2642
7.1498 -1.7378 5.2395
7.1792 -1.7729 5.2224
7.1967 -1.8099 5.2122
7.0559 -1.8819 5.2941
7.2928 -1.8684 5.1563
7.3331 -1.8980 5.1328
7.3625 -1.9295 5.1157
7.4319 -1.9498 5.0753
7.4833 -1.9736 5.0455
7.5207 -2.0003 5.0237
7.5489 -2.0290 5.0073
7.5691 -2.0595 4.9956
7.6555 -2.0684 4.9453
7.6956 -2.0908 4.9220
7.8177 -2.0844 4.8510
7.8522 -2.1062 4.8309
7.8802 -2.1296 4.8146
7.9028 -2.1544 4.8014
7.9196 -2.1810 4.7917
7.9279 -2.2105 4.7869
7.9120 -2.2496 4.7961
7.9427 -2.2698 4.7783
7.9681 -2.2915 4.7635
7.9884 -2.3150 4.7517
8.0709 -2.3101 4.7037
8.1056 -2.3254 4.6835
8.1324 -2.3437 4.6679
8.1551 -2.3634 4.6547
8.1328 -2.4046 4.6677
8.1084 -2.4474 4.6819
8.0861 -2.4896 4.6949
8.0605 -2.5340 4.7098
6.7655 -1.4912 5.4181
6.8316 -1.5275 5.3804
6.8649 -1.5670 5.3614
6.8777 -1.6087 5.3540
6.8021 -1.6642 5.3972
6.9842 -1.6778 5.2932
7.0230 -1.7132 5.2711
7.1201 -1.7367 5.2156
7.1686 -1.7680 5.1879
7.2012 -1.8015 5.1693
7.2233 -1.8367 5.1567
7.2299 -1.8751 5.1529
7.3049 -1.8966 5.1101
7.3510 -1.9240 5.0838
7.3838 -1.9538 5.0650
7.4076 -1.9855 5.0515
7.4918 -1.9994 5.0034
7.5354 -2.0236 4.9785
7.5668 -2.0505 4.9605
7.5906 -2.0792 4.9469
7.6472 -2.0967 4.9146
7.7044 -2.1128 4.8820
7.8134 -2.1096 4.8197
7.8597 -2.1266 4.7933
7.8916 -2.1480 4.7750
7.9172 -2.1711 4.7604
7.9372 -2.1958 4.7490
7.9515 -2.2224 4.7409
7.9550 -2.2531 4.7389
7.9490 -2.2878 4.7423
7.9775 -2.3077 4.7260
8.0006 -2.3293 4.7128
8.0196 -2.3523 4.7019
8.1055 -2.3439 4.6529
8.1309 -2.3624 4.6384
8.1066 -2.4045 4.6522
8.0587 -2.4588 4.6796
8.0594 -2.4895 4.6792
8.0335 -2.5339 4.6940
7.9862 -2.5901 4.7210
6.7895 -1.5280 5.3606
6.8590 -1.5626 5.3217
6.8926 -1.6010 5.3028
6.9080 -1.6416 5.2941
6.7318 -1.7138 5.3930
7.0069 -1.7096 5.2387
7.0482 -1.7436 5.2155
7.1244 -1.7698 5.1728
7.1851 -1.7976 5.1388
7.2213 -1.8296 5.1185
7.2469 -1.8632 5.1042
7.2612 -1.8990 5.0961
7.3081 -1.9264 5.0698
7.3662 -1.9498 5.0373
7.4043 -1.9774 5.0159
7.4305 -2.0077 5.0013
7.4905 -2.0274 4.9676
7.5471 -2.0470 4.9358
7.5825 -2.0720 4.9160
7.6093 -2.0990 4.9010
7.6289 -2.1279 4.8900
7.7063 -2.1365 4.8466
7.7469 -2.1565 4.8238
7.8626 -2.1482 4.7590
7.9003 -2.1668 4.7378
7.9290 -2.1881 4.7217
7.9518 -2.2112 4.7090
7.9698 -2.2357 4.6989
7.9816 -2.2625 4.6923
7.9765 -2.2962 4.6951
7.9842 -2.3245 4.6908
8.0103 -2.3443 4.6762
8.0319 -2.3656 4.6641
8.0926 -2.3681 4.6300
8.0805 -2.4043 4.6368
8.0645 -2.4427 4.6458
8.0327 -2.4894 4.6636
8.0066 -2.5338 4.6782
7.9862 -2.5758 4.6897
7.9591 -2.6217 4.7049
6.8185 -1.5630 5.3016
6.8855 -1.5967 5.2648
6.9199 -1.6339 5.2458
6.9368 -1.6734 5.2365
6.7538 -1.7478 5.3372
7.0287 -1.7405 5.1859
7.0723 -1.7731 5.1619
7.0998 -1.8081 5.1468
7.1991 -1.8269 5.0921
7.2396 -1.8571 5.0698
7.2682 -1.8893 5.0541
7.2871 -1.9233 5.0437
7.2883 -1.9614 5.0430
7.3828 -1.9745 4.9910
7.4217 -2.0011 4.9696
7.4507 -2.0297 4.9536
7.4713 -2.0603 4.9423
7.5551 -2.0709 4.8962
7.5958 -2.0935 4.8738
7.6257 -2.1189 4.8573
7.6485 -2.1460 4.8448
7.6656 -2.1748 4.8354
7.7530 -2.1776 4.7873
7.8457 -2.1767 4.7362
7.9057 -2.1864 4.7032
7.9384 -2.2056 4.6852
7.9640 -2.2270 4.6711
7.9848 -2.2498 4.6596
8.0005 -2.2744 4.6510
8.0092 -2.3017 4.6462
7.9877 -2.3423 4.6580
8.0175 -2.3599 4.6417
8.0416 -2.3796 4.6284
8.0620 -2.4005 4.6172
8.0426 -2.4404 4.6279
7.9561 -2.5141 4.6755
7.9827 -2.5321 4.6608
7.9590 -2.5757 4.6739
7.9317 -2.6217 4.6889
6.8367 -1.5984 5.2498
6.9112 -1.6297 5.2096
6.9461 -1.6659 5.1907
6.9643 -1.7044 5.1809
6.8267 -1.7713 5.2552
7.0484 -1.7709 5.1355
7.0951 -1.8019 5.1102
7.1244 -1.8357 5.0943
7.2097 -1.8562 5.0483
7.2561 -1.8842 5.0232
7.2877 -1.9149 5.0061
7.3100 -1.9473 4.9941
7.3209 -1.9823 4.9882
7.3920 -2.0004 4.9497
7.4368 -2.0246 4.9255
7.4688 -2.0516 4.9082
7.4927 -2.0806 4.8953
7.5562 -2.0964 4.8610
7.6066 -2.1152 4.8338
7.6400 -2.1387 4.8157
7.6669 -2.1639 4.8012
7.6863 -2.1911 4.7907
7.7521 -2.2008 4.7551
7.7961 -2.2175 4.7314
7.9054 -2.2077 4.6723
7.9452 -2.2236 4.6508
7.9739 -2.2432 4.6353
7.9973 -2.2644 4.6227
8.0158 -2.2873 4.6126
8.0296 -2.3118 4.6052
8.0348 -2.3400 4.6024
8.0221 -2.3763 4.6093
8.0418 -2.3976 4.5986
8.0162 -2.4404 4.6124
7.9750 -2.4913 4.6347
7.9563 -2.5318 4.6448
7.9318 -2.5756 4.6580
6.9361 -1.6617 5.1561
6.9713 -1.6970 5.1374
6.9909 -1.7344 5.1270
6.9801 -1.7773 5.1327
7.0667 -1.8006 5.0868
7.1171 -1.8299 5.0600
7.1479 -1.8625 5.0437
7.2112 -1.8869 5.0101
7.2704 -1.9110 4.9787
7.3051 -1.9402 4.9603
7.3298 -1.9713 4.9472
7.3471 -2.0039 4.9380
7.3906 -2.0287 4.9149
7.4495 -2.0481 4.8837
7.4850 -2.0734 4.8648
7.5117 -2.1008 4.8507
7.5307 -2.1301 4.8406
7.6140 -2.1374 4.7964
7.6532 -2.1583 4.7756
7.6818 -2.1822 4.7605
7.7040 -2.2079 4.7487
7.7195 -2.2356 4.7404
7.8004 -2.2377 4.6975
7.8359 -2.2562 4.6787
7.9481 -2.2427 4.6192
7.9815 -2.2599 4.6015
8.0076 -2.2794 4.5876
8.0286 -2.3007 4.5765
8.0456 -2.3234 4.5675
8.0568 -2.3483 4.5615
8.0360 -2.3880 4.5725
7.9898 -2.4403 4.5970
7.9562 -2.4873 4.6149
7.9292 -2.5318 4.6292
7.9103 -2.5727 4.6392
6.9598 -1.6928 5.1044
6.9957 -1.7271 5.0856
7.0165 -1.7635 5.0748
7.0132 -1.8044 5.0765
7.0823 -1.8300 5.0406
7.1375 -1.8573 5.0118
7.1705 -1.8886 4.9946
7.1905 -1.9224 4.9842
7.2815 -1.9379 4.9368
7.3188 -1.9657 4.9174
7.3479 -1.9949 4.9022
7.3684 -2.0260 4.8915
7.3778 -2.0599 4.8867
7.4592 -2.0718 4.8442
7.4994 -2.0950 4.8233
7.5287 -2.1208 4.8081
7.5507 -2.1485 4.7966
7.6154 -2.1612 4.7629
7.6629 -2.1786 4.7382
7.6947 -2.2007 4.7216
7.7195 -2.2248 4.7087
7.7383 -2.2507 4.6989
7.7951 -2.2612 4.6693
7.8419 -2.2747 4.6449
7.9435 -2.2645 4.5920
7.9863 -2.2773 4.5697
8.0158 -2.2949 4.5544
8.0392 -2.3146 4.5421
8.0356 -2.3461 4.5441
8.0102 -2.3878 4.5573
7.9482 -2.4474 4.5896
7.9295 -2.4873 4.5993
7.9022 -2.5318 4.6135
7.8833 -2.5726 4.6234
7.8554 -2.6184 4.6379
6.9828 -1.7231 5.0542
7.0195 -1.7564 5.0354
7.0409 -1.7919 5.0245
7.0426 -1.8311 5.0236
7.0907 -1.8602 4.9990
7.1574 -1.8839 4.9649
7.1917 -1.9142 4.9474
7.2137 -1.9468 4.9361
7.2837 -1.9665 4.9003
7.3323 -1.9905 4.8755
7.3642 -2.0183 4.8591
7.3875 -2.0479 4.8472
7.4019 -2.0797 4.8399
7.4640 -2.0964 4.8081
7.5117 -2.1166 4.7837
7.5440 -2.1408 4.7672
7.5673 -2.1674 4.7553
7.5845 -2.1958 4.7465
7.6695 -2.1994 4.7030
7.7058 -2.2192 4.6844
7.7331 -2.2418 4.6705
7.7545 -2.2662 4.6596
7.7700 -2.2925 4.6517
7.8434 -2.2946 4.6141
7.8798 -2.3109 4.5955
7.9872 -2.2960 4.5406
8.0217 -2.3109 4.5229
8.0100 -2.3460 4.5289
7.9844 -2.3877 4.5420
7.9195 -2.4484 4.5752
7.9027 -2.4872 4.5838
7.8758 -2.5314 4.5975
7.8563 -2.5725 4.6075
7.8281 -2.6183 4.6219
7.0051 -1.7526 5.0054
7.0425 -1.7848 4.9866
7.0645 -1.8195 4.9756
7.0692 -1.8575 4.9732
6.9516 -1.9233 5.0323
7.1758 -1.9101 4.9197
7.2124 -1.9389 4.9013
7.2393 -1.9696 4.8878
7.2512 -2.0037 4.8819
7.3438 -2.0152 4.8354
7.3792 -2.0413 4.8176
7.4049 -2.0695 4.8047
7.4227 -2.0997 4.7958
7.4292 -2.1332 4.7925
7.5215 -2.1384 4.7462
7.5569 -2.1609 4.7284
7.5836 -2.1858 4.7150
7.6036 -2.2126 4.7050
7.6706 -2.2217 4.6713
7.7148 -2.2381 4.6491
7.7450 -2.2590 4.6340
7.7687 -2.2819 4.6221
7.7871 -2.3064 4.6129
7.7984 -2.3336 4.6071
7.8842 -2.3288 4.5641
7.9152 -2.3461 4.5485
7.9844 -2.3458 4.5138
7.9197 -2.4053 4.5463
7.8932 -2.4482 4.5596
7.8854 -2.4827 4.5635
7.8585 -2.5267 4.5770
7.8293 -2.5723 4.5917
7.0268 -1.7812 4.9580
7.0646 -1.8125 4.9393
7.0875 -1.8462 4.9281
7.0949 -1.8830 4.9244
6.9899 -1.9462 4.9761
7.1940 -1.9355 4.8756
7.2340 -1.9627 4.8559
7.2600 -1.9928 4.8430
7.2749 -2.0255 4.8357
7.3528 -2.0399 4.7973
7.3927 -2.0640 4.7776
7.4209 -2.0909 4.7638
7.4413 -2.1197 4.7537
7.4531 -2.1509 4.7479
7.5280 -2.1607 4.7110
7.5687 -2.1809 4.6909
7.5982 -2.2042 4.6764
7.6206 -2.2295 4.6654
7.6364 -2.2568 4.6576
7.7209 -2.2575 4.6159
7.7552 -2.2763 4.5990
7.7811 -2.2977 4.5862
7.8018 -2.3208 4.5760
7.8169 -2.3459 4.5686
7.8839 -2.3482 4.5356
7.9200 -2.3629 4.5178
7.8937 -2.4051 4.5308
7.8656 -2.4486 4.5446
7.8592 -2.4824 4.5478
7.8316 -2.5266 4.5613
7.7983 -2.5742 4.5778
7.7698 -2.6199 4.5918
7.0479 -1.8090 4.9118
7.0859 -1.8394 4.8935
7.1097 -1.8722 4.8819
7.1186 -1.9081 4.8777
7.0203 -1.9699 4.9252
7.2104 -1.9605 4.8332
7.2526 -1.9864 4.8128
7.2799 -2.0155 4.7996
7.2966 -2.0470 4.7916
7.3572 -2.0654 4.7622
7.4044 -2.0867 4.7394
7.4353 -2.1121 4.7245
7.4583 -2.1395 4.7133
7.4751 -2.1684 4.7052
7.5264 -2.1853 4.6804
7.5785 -2.2009 4.6552
7.6109 -2.2226 4.6395
7.6360 -2.2463 4.6274
7.6544 -2.2721 4.6185
7.7222 -2.2783 4.5857
7.7633 -2.2939 4.5658
7.7921 -2.3136 4.5519
7.8148 -2.3354 4.5409
7.8326 -2.3588 4.5322
7.8441 -2.3847 4.5267
7.8677 -2.4049 4.5153
7.8459 -2.4454 4.5258
7.8326 -2.4824 4.5322
7.8048 -2.5265 4.5457
7.7712 -2.5741 4.5620
7.7425 -2.6198 4.5758
7.0679 -1.8362 4.8672
7.1067 -1.8656 4.8488
7.1285 -1.8982 4.8385
7.1375 -1.9335 4.8342
7.0477 -1.9934 4.8768
7.2250 -1.9853 4.7926
7.2701 -2.0096 4.7712
7.2990 -2.0376 4.7575
7.3176 -2.0680 4.7487
7.3220 -2.1023 4.7466
7.4141 -2.1093 4.7028
7.4482 -2.1331 4.6866
7.4745 -2.1588 4.6741
7.4931 -2.1867 4.6653
7.5027 -2.2172 4.6608
7.5858 -2.2213 4.6213
7.6222 -2.2409 4.6040
7.6495 -2.2634 4.5911
7.6705 -2.2876 4.5811
7.6851 -2.3140 4.5742
7.7691 -2.3120 4.5343
7.8014 -2.3298 4.5189
7.8263 -2.3501 4.5071
7.8463 -2.3721 4.4976
7.8528 -2.3997 4.4945
7.8260 -2.4423 4.5072
7.8060 -2.4823 4.5167
7.7654 -2.5325 4.5360
7.7441 -2.5740 4.5461
7.0871 -1.8627 4.8239
7.1237 -1.8918 4.8069
7.1480 -1.9232 4.7955
7.1598 -1.9572 4.7900
7.0716 -2.0168 4.8311
7.2374 -2.0100 4.7539
7.2868 -2.0323 4.7308
7.3170 -2.0593 4.7167
7.3371 -2.0886 4.7074
7.3457 -2.1211 4.7034
7.4215 -2.1322 4.6681
7.4606 -2.1538 4.6498
7.4883 -2.1784 4.6369
7.5090 -2.2049 4.6273
7.5224 -2.2336 4.6210
7.5889 -2.2428 4.5900
7.6319 -2.2594 4.5700
7.6616 -2.2803 4.5561
7.6848 -2.3032 4.5453
7.7021 -2.3280 4.5372
7.7706 -2.3314 4.5053
7.8089 -2.3463 4.4875
7.8363 -2.3650 4.4747
7.8266 -2.3996 4.4792
7.7996 -2.4422 4.4918
7.7369 -2.5018 4.5210
7.7037 -2.5487 4.5365
7.7105 -2.5771 4.5334
7.1035 -1.8891 4.7828
7.1433 -1.9167 4.7645
7.1681 -1.9472 4.7532
7.1810 -1.9804 4.7473
7.0954 -2.0395 4.7865
7.2453 -2.0353 4.7179
7.3029 -2.0546 4.6915
7.3346 -2.0804 4.6771
7.3559 -2.1088 4.6673
7.3668 -2.1400 4.6623
7.4231 -2.1564 4.6365
7.4707 -2.1745 4.6148
7.5010 -2.1978 4.6009
7.5236 -2.2231 4.5906
7.5397 -2.2503 4.5832
7.5468 -2.2806 4.5799
7.6394 -2.2782 4.5376
7.6725 -2.2973 4.5225
7.6976 -2.3189 4.5110
7.7173 -2.3422 4.5019
7.7308 -2.3678 4.4958
7.8141 -2.3633 4.4577
7.8004 -2.3996 4.4639
7.7732 -2.4422 4.4764
7.7101 -2.5016 4.5052
7.7011 -2.5371 4.5094
7.6891 -2.5742 4.5149
7.6595 -2.6201 4.5284
7.1219 -1.9142 4.7416
7.1625 -1.9409 4.7233
7.1877 -1.9707 4.7120
7.2014 -2.0030 4.7059
7.1912 -2.0416 4.7104
7.1258 -2.0961 4.7398
7.3178 -2.0765 4.6536
7.3512 -2.1012 4.6386
7.3749 -2.1282 4.6280
7.3877 -2.1583 4.6222
7.3779 -2.1956 4.6266
7.4789 -2.1955 4.5812
7.5123 -2.2170 4.5663
7.5371 -2.2410 4.5551
7.5554 -2.2670 4.5469
7.5666 -2.2952 4.5419
7.6438 -2.2978 4.5072
7.6819 -2.3143 4.4901
7.7092 -2.3346 4.4778
7.7307 -2.3567 4.4682
7.7470 -2.3806 4.4609
7.7743 -2.3995 4.4486
7.7120 -2.4575 4.4766
7.6833 -2.5015 4.4895
7.6869 -2.5311 4.4878
7.6621 -2.5741 4.4990
7.1398 -1.9388 4.7014
7.1808 -1.9645 4.6834
7.2067 -1.9935 4.6719
7.2212 -2.0250 4.6655
7.2168 -2.0616 4.6675
7.1502 -2.1164 4.6969
7.3323 -2.0979 4.6166
7.3684 -2.1210 4.6007
7.3919 -2.1475 4.5903
7.4064 -2.1766 4.5839
7.4059 -2.2104 4.5841
7.4845 -2.2168 4.5495
7.5222 -2.2363 4.5329
7.5492 -2.2590 4.5210
7.5698 -2.2836 4.5119
7.5837 -2.3103 4.5058
7.6399 -2.3202 4.4810
7.6893 -2.3318 4.4592
7.7197 -2.3502 4.4459
7.7428 -2.3712 4.4356
7.7374 -2.4040 4.4380
7.7095 -2.4468 4.4504
7.6825 -2.4897 4.4622
7.6546 -2.5335 4.4745
7.6350 -2.5740 4.4832
7.1567 -1.9628 4.6625
7.1986 -1.9876 4.6444
7.2249 -2.0158 4.6330
7.2405 -2.0465 4.6263
7.2401 -2.0815 4.6264
7.1731 -2.1363 4.6554
7.3474 -2.1184 4.5800
7.3839 -2.1409 4.5643
7.4085 -2.1664 4.5536
7.4246 -2.1944 4.5466
7.4286 -2.2262 4.5449
7.4838 -2.2399 4.5210
7.5309 -2.2555 4.5007
7.5602 -2.2768 4.4880
7.5825 -2.3002 4.4783
7.5991 -2.3255 4.4712
7.6083 -2.3534 4.4672
7.6945 -2.3497 4.4299
7.7284 -2.3662 4.4152
7.7113 -2.4039 4.4226
7.6831 -2.4467 4.4348
7.6563 -2.4894 4.4464
7.6267 -2.5339 4.4592
7.6147 -2.5708 4.4644
7.5846 -2.6164 4.4774
7.1729 -1.9863 4.6247
7.2160 -2.0101 4.6064
7.2426 -2.0376 4.5951
7.2589 -2.0675 4.5882
7.2618 -2.1011 4.5869
7.1942 -2.1561 4.6157
7.3599 -2.1393 4.5453
7.3984 -2.1604 4.5290
7.4243 -2.1850 4.5180
7.4416 -2.2120 4.5106
7.4491 -2.2421 4.5074
7.3689 -2.3036 4.5415
7.5379 -2.2748 4.4698
7.5704 -2.2944 4.4560
7.5943 -2.3168 4.4458
7.6126 -2.3409 4.4380
7.6250 -2.3670 4.4328
7.6955 -2.3689 4.4029
7.6851 -2.4037 4.4072
7.6517 -2.4487 4.4214
7.6301 -2.4891 4.4306
7.6003 -2.5336 4.4433
7.5876 -2.5707 4.4486
7.5573 -2.6164 4.4615
7.1888 -2.0093 4.5878
7.2329 -2.0320 4.5694
7.2590 -2.0590 4.5585
7.2764 -2.0881 4.5512
7.2820 -2.1205 4.5489
7.2154 -2.1751 4.5767
7.3708 -2.1600 4.5119
7.4123 -2.1795 4.4946
7.4393 -2.2032 4.4834
7.4579 -2.2292 4.4756
7.4675 -2.2582 4.4716
7.3857 -2.3204 4.5057
7.5422 -2.2947 4.4405
7.5789 -2.3122 4.4252
7.6053 -2.3331 4.4142
7.6252 -2.3562 4.4059
7.6397 -2.3810 4.3999
7.6468 -2.4088 4.3970
7.5697 -2.4725 4.4291
7.6038 -2.4888 4.4148
7.5786 -2.5311 4.4253
7.5606 -2.5706 4.4329
7.5300 -2.6163 4.4456
7.2042 -2.0317 4.5517
7.2481 -2.0538 4.5338
7.2759 -2.0798 4.5224
7.2938 -2.1081 4.5151
7.3005 -2.1397 4.5124
7.2343 -2.1942 4.5394
7.3804 -2.1807 4.4797
7.4259 -2.1982 4.4611
7.4540 -2.2209 4.4496
7.4737 -2.2461 4.4415
7.4853 -2.2739 4.4368
7.4806 -2.3075 4.4387
7.5397 -2.3169 4.4146
7.5863 -2.3301 4.3955
7.6149 -2.3496 4.3838
7.6368 -2.3714 4.3749
7.6453 -2.3983 4.3714
7.6123 -2.4427 4.3849
7.5871 -2.4844 4.3952
7.5854 -2.5161 4.3959
7.5335 -2.5706 4.4171
7.2139 -2.0551 4.5187
7.2639 -2.0748 4.4986
7.2923 -2.1000 4.4872
7.3107 -2.1277 4.4798
7.3185 -2.1584 4.4767
7.2525 -2.2129 4.5032
7.3846 -2.2026 4.4502
7.4383 -2.2168 4.4286
7.4678 -2.2385 4.4168
7.4885 -2.2628 4.4085
7.5015 -2.2896 4.4033
7.5027 -2.3206 4.4028
7.4318 -2.3794 4.4313
7.5921 -2.3481 4.3670
7.6237 -2.3660 4.3543
7.6180 -2.3987 4.3566
7.5848 -2.4432 4.3699
7.5868 -2.4730 4.3691
7.5593 -2.5158 4.3801
7.5101 -2.5689 4.3999
7.4800 -2.6140 4.4119
7.2272 -2.0770 4.4848
7.2792 -2.0953 4.4643
7.3080 -2.1198 4.4530
7.3270 -2.1468 4.4455
7.3361 -2.1766 4.4419
7.2696 -2.2313 4.4681
7.2837 -2.2598 4.4626
7.4504 -2.2350 4.3970
7.4812 -2.2557 4.3849
7.5029 -2.2791 4.3763
7.5174 -2.3049 4.3706
7.5216 -2.3343 4.3689
7.4472 -2.3946 4.3982
7.5952 -2.3669 4.3400
7.5907 -2.3991 4.3418
7.5464 -2.4481 4.3592
7.5622 -2.4721 4.3530
7.5332 -2.5155 4.3644
7.4843 -2.5682 4.3836
7.4540 -2.6134 4.3956
7.2355 -2.0997 4.4535
7.2942 -2.1153 4.4308
7.3233 -2.1391 4.4196
7.3427 -2.1655 4.4121
7.3529 -2.1946 4.4082
7.3409 -2.2309 4.4128
7.3020 -2.2767 4.4278
7.4617 -2.2529 4.3662
7.4942 -2.2725 4.3536
7.5168 -2.2951 4.3449
7.5323 -2.3200 4.3389
7.5393 -2.3480 4.3362
7.4614 -2.4097 4.3663
7.4744 -2.4357 4.3613
7.4774 -2.4657 4.3601
7.5363 -2.4718 4.3374
7.5071 -2.5152 4.3487
7.4585 -2.5676 4.3674
7.3088 -2.1349 4.3981
7.3383 -2.1580 4.3870
7.3580 -2.1838 4.3795
7.3690 -2.2122 4.3754
7.3630 -2.2461 4.3776
7.3189 -2.2935 4.3943
7.4720 -2.2708 4.3363
7.5063 -2.2891 4.3233
7.5299 -2.3109 4.3144
7.5465 -2.3350 4.3081
7.5554 -2.3618 4.3047
7.5446 -2.3964 4.3088
7.4753 -2.4554 4.3351
7.4437 -2.4997 4.3471
7.3231 -2.1540 4.3662
7.3528 -2.1765 4.3551
7.3730 -2.2017 4.3476
7.3847 -2.2293 4.3433
7.3824 -2.2616 4.3442
7.3354 -2.3100 4.3616
7.4817 -2.2884 4.3072
7.5180 -2.3054 4.2938
7.5427 -2.3263 4.2846
7.5500 -2.3536 4.2819
7.5212 -2.3953 4.2926
7.4484 -2.4554 4.3196
7.4165 -2.4997 4.3315
7.3371 -2.1727 4.3349
7.3671 -2.1946 4.3240
7.3876 -2.2191 4.3165
7.4000 -2.2461 4.3120
7.4000 -2.2773 4.3120
7.3510 -2.3262 4.3298
7.4897 -2.3062 4.2793
7.5295 -2.3214 4.2648
7.5222 -2.3543 4.2675
7.4932 -2.3959 4.2780
7.4216 -2.4554 4.3041
7.3806 -2.5034 4.3191
7.3504 -2.1912 4.3045
7.3810 -2.2122 4.2936
7.4019 -2.2362 4.2861
7.4148 -2.2625 4.2815
7.4166 -2.2927 4.2809
7.3659 -2.3422 4.2990
7.4954 -2.3245 4.2527
7.4944 -2.3550 4.2530
7.4652 -2.3966 4.2635
7.3724 -2.4645 4.2967
7.3887 -2.4889 4.2908
7.3782 -2.5243 4.2946
7.3633 -2.2092 4.2748
7.3946 -2.2295 4.2638
7.4156 -2.2529 4.2565
7.4290 -2.2787 4.2518
7.4328 -2.3078 4.2504
7.3805 -2.3578 4.2688
7.3952 -2.3830 4.2636
7.4015 -2.4113 4.2614
7.3605 -2.4584 4.2758
7.3824 -2.4805 4.2681
7.3508 -2.5245 4.2792
7.3759 -2.2268 4.2457
7.4076 -2.2465 4.2348
7.4289 -2.2694 4.2275
7.4415 -2.2950 4.2232
7.4114 -2.3363 4.2335
7.3941 -2.3733 4.2395
7.3852 -2.4073 4.2425
7.3548 -2.4500 4.2530
7.3552 -2.4807 4.2529
7.3233 -2.5247 4.2638
7.3882 -2.2441 4.2173
7.4203 -2.2632 4.2065
7.4127 -2.2960 4.2090
7.3823 -2.3373 4.2193
7.3840 -2.3671 4.2187
7.3588 -2.4072 4.2272
7.3282 -2.4499 4.2375
7.3280 -2.4809 4.2376
7.4003 -2.2610 4.1894
7.3839 -2.2970 4.1949
7.3532 -2.3384 4.2050
7.3613 -2.3658 4.2023
7.3324 -2.4072 4.2118
7.3550 -2.2979 4.1807
