ply
format ascii 1.0
element vertex 6817
property float x
property float y
property float z
end_header
11.8064 -2.3693 6.7764
11.8133 -2.4117 6.8087
11.7860 -2.3489 6.7895
11.7801 -2.3692 6.7611
11.7867 -2.4116 6.7933
11.7671 -2.3317 6.8127
11.7609 -2.3516 6.7817
11.7529 -2.3677 6.7416
11.7601 -2.4116 6.7778
11.7667 -2.4547 6.8104
11.7794 -2.5103 6.8736
11.7579 -2.2999 6.8873
11.7481 -2.3144 6.8372
11.7423 -2.3353 6.8075
11.7206 -2.3264 6.6960
11.7265 -2.3676 6.7264
11.7343 -2.4131 6.7664
11.7456 -2.4660 6.8244
11.7521 -2.5101 6.8575
11.7370 -2.2795 6.9061
11.7287 -2.2968 6.8622
11.7117 -2.2973 6.7719
11.7016 -2.3094 6.7185
11.6958 -2.3289 6.6880
11.7002 -2.3676 6.7111
11.6775 -2.3528 6.5911
11.6838 -2.3949 6.6240
11.7248 -2.5100 6.8414
11.7163 -2.2599 6.9287
11.7090 -2.2791 6.8888
11.6906 -2.2770 6.7878
11.6824 -2.2926 6.7427
11.6771 -2.3130 6.7135
11.6612 -2.3120 6.6263
11.6532 -2.3256 6.5825
11.6523 -2.3533 6.5777
11.6583 -2.3954 6.6105
11.6975 -2.5099 6.8254
11.6956 -2.2405 6.9535
11.6889 -2.2610 6.9160
11.6700 -2.2579 6.8086
11.6629 -2.2756 6.7681
11.6580 -2.2971 6.7402
11.6404 -2.2925 6.6403
11.6339 -2.3091 6.6035
11.6293 -2.3291 6.5771
11.6270 -2.3538 6.5643
11.6328 -2.3959 6.5970
11.6688 -2.5067 6.8017
11.6725 -2.5466 6.8227
11.6744 -2.2208 6.9795
11.6685 -2.2426 6.9441
11.6495 -2.2392 6.8323
11.6430 -2.2583 6.7941
11.6385 -2.2807 6.7675
11.6202 -2.2743 6.6593
11.6146 -2.2928 6.6263
11.6104 -2.3139 6.6017
11.6072 -2.3367 6.5827
11.6050 -2.3615 6.5698
11.6073 -2.3964 6.5835
11.6190 -2.4537 6.6527
11.6451 -2.5465 6.8067
11.6508 -2.5919 6.8401
11.6531 -2.2010 7.0072
11.6476 -2.2240 6.9735
11.6286 -2.2203 6.8572
11.6228 -2.2409 6.8217
11.6075 -2.2415 6.7278
11.5998 -2.2564 6.6806
11.5949 -2.2765 6.6504
11.5911 -2.2986 6.6273
11.5884 -2.3226 6.6103
11.5867 -2.3487 6.5999
11.5873 -2.3801 6.6037
11.5894 -2.4152 6.6167
11.5929 -2.4540 6.6384
11.5986 -2.4986 6.6733
11.6232 -2.5919 6.8240
11.6398 -2.1626 7.0902
11.6313 -2.1809 7.0358
11.6262 -2.2050 7.0036
11.6075 -2.2014 6.8838
11.6022 -2.2231 6.8499
11.5854 -2.2204 6.7429
11.5793 -2.2386 6.7037
11.5749 -2.2599 6.6757
11.5716 -2.2833 6.6546
11.5692 -2.3083 6.6393
11.5629 -2.3239 6.5989
11.5742 -2.3812 6.6712
11.5690 -2.3991 6.6381
11.5651 -2.4196 6.6128
11.5668 -2.4544 6.6241
11.5723 -2.4989 6.6589
11.6162 -2.1395 7.1132
11.6091 -2.1605 7.0658
11.5937 -2.1645 6.9630
11.5859 -2.1822 6.9114
11.5811 -2.2050 6.8793
11.5638 -2.2007 6.7636
11.5585 -2.2208 6.7286
11.5547 -2.2434 6.7027
11.5517 -2.2677 6.6830
11.5498 -2.2942 6.6702
11.5372 -2.2945 6.5859
11.5369 -2.3239 6.5840
11.5412 -2.3651 6.6132
11.5449 -2.4047 6.6374
11.5422 -2.4283 6.6197
11.5407 -2.4547 6.6098
11.5459 -2.4993 6.6444
11.5923 -2.1163 7.1379
11.5864 -2.1397 7.0966
11.5706 -2.1427 6.9865
11.5640 -2.1628 6.9406
11.5493 -2.1649 6.8380
11.5420 -2.1813 6.7870
11.5375 -2.2030 6.7550
11.5340 -2.2267 6.7308
11.5315 -2.2522 6.7133
11.5301 -2.2803 6.7038
11.5161 -2.2769 6.6060
11.5112 -2.2947 6.5714
11.5108 -2.3240 6.5690
11.5150 -2.3651 6.5981
11.5221 -2.4148 6.6481
11.5209 -2.4423 6.6398
11.5312 -2.5019 6.7113
11.5308 -2.5322 6.7089
11.5685 -2.0939 7.1678
11.5630 -2.1183 7.1276
11.5475 -2.1213 7.0134
11.5416 -2.1429 6.9705
11.5257 -2.1421 6.8542
11.5200 -2.1620 6.8124
11.5160 -2.1850 6.7827
11.5130 -2.2099 6.7607
11.5109 -2.2367 6.7455
11.5020 -2.2464 6.6803
11.4949 -2.2594 6.6282
11.4905 -2.2788 6.5962
11.4872 -2.3005 6.5721
11.4848 -2.3240 6.5540
11.4887 -2.3651 6.5831
11.5016 -2.4321 6.6772
11.4962 -2.4475 6.6377
11.4985 -2.4853 6.6548
11.5059 -2.5389 6.7093
11.5105 -2.5845 6.7428
11.5443 -2.0711 7.1992
11.5394 -2.0968 7.1614
11.5240 -2.0999 7.0428
11.5188 -2.1229 7.0022
11.5025 -2.1207 6.8769
11.4977 -2.1426 6.8396
11.4942 -2.1669 6.8124
11.4915 -2.1930 6.7922
11.4899 -2.2212 6.7798
11.4790 -2.2254 6.6954
11.4734 -2.2423 6.6526
11.4696 -2.2629 6.6228
11.4666 -2.2855 6.5998
11.4645 -2.3102 6.5835
11.4635 -2.3378 6.5758
11.4907 -2.4486 6.7861
11.4645 -2.4017 6.5839
11.4685 -2.4444 6.6145
11.4720 -2.4863 6.6417
11.4761 -2.5303 6.6730
11.4829 -2.5841 6.7261
11.5285 -2.0290 7.3043
11.5196 -2.0480 7.2323
11.5152 -2.0748 7.1960
11.5001 -2.0782 7.0734
11.4863 -2.0822 6.9608
11.4792 -2.0997 6.9028
11.4750 -2.1232 6.8688
11.4719 -2.1486 6.8434
11.4697 -2.1759 6.8253
11.4687 -2.2060 6.8173
11.4563 -2.2059 6.7165
11.4516 -2.2249 6.6784
11.4481 -2.2467 6.6502
11.4456 -2.2705 6.6292
11.4320 -2.2619 6.5187
11.4309 -2.2887 6.5098
11.4342 -2.3287 6.5364
11.4353 -2.3623 6.5453
11.4382 -2.4021 6.5697
11.4417 -2.4439 6.5977
11.4455 -2.4873 6.6287
11.4493 -2.5313 6.6599
11.4554 -2.5837 6.7093
11.5009 -2.0008 7.3228
11.4944 -2.0244 7.2667
11.4835 -2.0376 7.1723
11.4757 -2.0560 7.1048
11.4610 -2.0574 6.9779
11.4557 -2.0791 6.9325
11.4520 -2.1038 6.9007
11.4492 -2.1301 6.8761
11.4474 -2.1588 6.8611
11.4473 -2.1918 6.8605
11.4334 -2.1868 6.7406
11.4294 -2.2075 6.7055
11.4263 -2.2305 6.6794
11.4241 -2.2554 6.6600
11.4098 -2.2435 6.5368
11.4054 -2.2603 6.4991
11.4050 -2.2889 6.4955
11.4081 -2.3289 6.5219
11.4100 -2.3656 6.5389
11.4120 -2.4025 6.5554
11.4152 -2.4443 6.5834
11.4189 -2.4883 6.6156
11.4283 -2.5532 6.6964
11.4281 -2.5844 6.6952
11.4742 -1.9748 7.3535
11.4687 -2.0005 7.3027
11.4568 -2.0113 7.1941
11.4508 -2.0336 7.1385
11.4360 -2.0341 7.0026
11.4316 -2.0578 6.9624
11.4284 -2.0840 6.9335
11.4261 -2.1119 6.9125
11.4247 -2.1419 6.8997
11.4156 -2.1502 6.8159
11.4103 -2.1679 6.7670
11.4067 -2.1900 6.7344
11.4040 -2.2141 6.7097
11.3947 -2.2173 6.6243
11.3876 -2.2259 6.5585
11.3838 -2.2444 6.5243
11.3810 -2.2654 6.4983
11.3791 -2.2892 6.4811
11.3820 -2.3291 6.5075
11.3861 -2.3738 6.5449
11.3857 -2.4029 6.5412
11.3887 -2.4447 6.5690
11.3914 -2.4858 6.5942
11.3959 -2.5340 6.6351
11.3995 -2.5795 6.6680
11.4469 -1.9482 7.3852
11.4422 -1.9759 7.3399
11.4304 -1.9862 7.2232
11.4170 -1.9910 7.0920
11.4108 -2.0111 7.0310
11.4070 -2.0365 6.9946
11.4043 -2.0639 6.9679
11.4024 -2.0931 6.9495
11.4018 -2.1256 6.9436
11.3910 -2.1286 6.8377
11.3867 -2.1489 6.7950
11.3836 -2.1721 6.7643
11.3813 -2.1975 6.7417
11.3697 -2.1926 6.6285
11.3651 -2.2086 6.5829
11.3619 -2.2288 6.5515
11.3594 -2.2508 6.5271
11.3575 -2.2747 6.5087
11.3564 -2.3012 6.4984
11.3643 -2.3608 6.5755
11.3583 -2.3688 6.5167
11.3585 -2.3998 6.5182
11.3616 -2.4428 6.5491
11.3646 -2.4857 6.5783
11.3678 -2.5301 6.6101
11.3720 -2.5793 6.6516
11.4193 -1.9219 7.4221
11.4153 -1.9512 7.3800
11.4035 -1.9612 7.2557
11.3898 -1.9641 7.1106
11.3851 -1.9880 7.0619
11.3820 -2.0148 7.0284
11.3797 -2.0435 7.0040
11.3782 -2.0742 6.9891
11.3789 -2.1110 6.9967
11.3663 -2.1076 6.8637
11.3626 -2.1297 6.8248
11.3599 -2.1542 6.7963
11.3580 -2.1807 6.7756
11.3460 -2.1729 6.6492
11.3422 -2.1915 6.6095
11.3394 -2.2129 6.5801
11.3373 -2.2361 6.5574
11.3358 -2.2615 6.5417
11.3353 -2.2902 6.5362
11.3421 -2.3479 6.6083
11.3346 -2.3492 6.5297
11.3312 -2.3657 6.4935
11.3321 -2.3996 6.5025
11.3350 -2.4426 6.5332
11.3377 -2.4855 6.5624
11.3407 -2.5299 6.5941
11.3446 -2.5790 6.6352
11.3911 -1.8951 7.4605
11.3876 -1.9256 7.4207
11.3762 -1.9358 7.2904
11.3628 -1.9386 7.1380
11.3590 -1.9646 7.0949
11.3563 -1.9928 7.0642
11.3544 -2.0229 7.0427
11.3535 -2.0555 7.0325
11.3469 -2.0702 6.9567
11.3412 -2.0867 6.8922
11.3381 -2.1103 6.8563
11.3357 -2.1360 6.8296
11.3278 -2.1418 6.7389
11.3221 -2.1539 6.6737
11.3189 -2.1743 6.6377
11.3165 -2.1970 6.6102
11.3147 -2.2215 6.5899
11.3136 -2.2484 6.5771
11.3142 -2.2823 6.5845
11.3153 -2.3180 6.5966
11.3111 -2.3312 6.5482
11.3082 -2.3499 6.5162
11.3060 -2.3707 6.4911
11.3057 -2.3994 6.4867
11.3083 -2.4424 6.5174
11.3110 -2.4860 6.5482
11.3137 -2.5297 6.5781
11.3170 -2.5777 6.6163
11.3674 -1.8402 7.5658
11.3622 -1.8677 7.5010
11.3592 -1.8995 7.4632
11.3479 -1.9093 7.3238
11.3357 -1.9138 7.1711
11.3324 -1.9411 7.1305
11.3301 -1.9706 7.1025
11.3286 -2.0021 7.0841
11.3285 -2.0376 7.0829
11.3198 -2.0446 6.9737
11.3157 -2.0658 6.9236
11.3129 -2.0906 6.8892
11.3110 -2.1176 6.8648
11.3016 -2.1169 6.7486
11.2978 -2.1350 6.7007
11.2951 -2.1570 6.6676
11.2931 -2.1810 6.6425
11.2916 -2.2069 6.6242
11.2910 -2.2359 6.6162
11.2971 -2.2942 6.6921
11.2904 -2.2966 6.6087
11.2872 -2.3139 6.5699
11.2849 -2.3343 6.5409
11.2831 -2.3566 6.5184
11.2817 -2.3809 6.5017
11.2796 -2.4011 6.4756
11.2883 -2.4758 6.5831
11.2844 -2.4871 6.5353
11.2871 -2.5321 6.5680
11.2896 -2.5775 6.6001
11.3368 -1.8098 7.6009
11.3326 -1.8397 7.5432
11.3241 -1.8573 7.4277
11.3121 -1.8631 7.2637
11.3079 -1.8884 7.2061
11.3052 -1.9172 7.1687
11.3033 -1.9480 7.1429
11.3022 -1.9812 7.1289
11.3051 -2.0270 7.1675
11.2928 -2.0211 7.0004
11.2896 -2.0446 6.9562
11.2873 -2.0708 6.9244
11.2856 -2.0988 6.9014
11.2761 -2.0956 6.7722
11.2730 -2.1163 6.7304
11.2708 -2.1397 6.6997
11.2691 -2.1649 6.6764
11.2680 -2.1923 6.6610
11.2680 -2.2248 6.6619
11.2696 -2.2642 6.6828
11.2656 -2.2774 6.6282
11.2631 -2.2970 6.5941
11.2611 -2.3189 6.5677
11.2597 -2.3427 6.5477
11.2493 -2.3189 6.4056
11.2527 -2.3677 6.4530
11.2532 -2.4009 6.4600
11.2555 -2.4440 6.4905
11.2576 -2.4870 6.5196
11.2599 -2.5317 6.5513
11.2623 -2.5773 6.5839
11.3057 -1.7794 7.6403
11.3022 -1.8110 7.5871
11.2939 -1.8281 7.4610
11.2827 -1.8346 7.2917
11.2795 -1.8626 7.2425
11.2772 -1.8928 7.2083
11.2756 -1.9248 7.1845
11.2751 -1.9598 7.1758
11.2764 -2.0015 7.1960
11.2655 -1.9977 7.0307
11.2628 -2.0230 6.9904
11.2609 -2.0504 6.9607
11.2595 -2.0799 6.9404
11.2503 -2.0750 6.7999
11.2478 -2.0975 6.7620
11.2459 -2.1222 6.7333
11.2445 -2.1487 6.7123
11.2438 -2.1780 6.7014
11.2490 -2.2369 6.7815
11.2432 -2.2406 6.6928
11.2405 -2.2589 6.6513
11.2384 -2.2803 6.6206
11.2369 -2.3037 6.5968
11.2263 -2.2758 6.4361
11.2225 -2.2842 6.3782
11.2232 -2.3187 6.3900
11.2252 -2.3604 6.4195
11.2268 -2.4007 6.4444
11.2288 -2.4438 6.4747
11.2307 -2.4869 6.5039
11.2328 -2.5316 6.5355
11.2350 -2.5778 6.5693
11.2738 -1.7483 7.6824
11.2709 -1.7816 7.6330
11.2631 -1.7990 7.4993
11.2529 -1.8065 7.3253
11.2503 -1.8364 7.2815
11.2485 -1.8680 7.2503
11.2473 -1.9015 7.2302
11.2474 -1.9391 7.2306
11.2410 -1.9517 7.1222
11.2376 -1.9744 7.0642
11.2354 -2.0011 7.0267
11.2338 -2.0299 6.9995
11.2271 -2.0347 6.8840
11.2239 -2.0544 6.8304
11.2219 -2.0785 6.7954
11.2204 -2.1044 6.7691
11.2193 -2.1326 6.7513
11.2191 -2.1648 6.7480
11.2210 -2.2083 6.7798
11.2171 -2.2200 6.7133
11.2150 -2.2408 6.6771
11.2133 -2.2638 6.6491
11.2121 -2.2888 6.6283
11.2009 -2.2512 6.4367
11.1986 -2.2670 6.3971
11.1968 -2.2858 6.3673
11.1973 -2.3184 6.3744
11.1990 -2.3601 6.4038
11.2004 -2.4006 6.4288
11.2022 -2.4437 6.4590
11.2042 -2.4890 6.4934
11.2057 -2.5315 6.5196
11.2071 -2.5733 6.5435
11.2412 -1.7168 7.7277
11.2388 -1.7514 7.6807
11.2257 -1.7498 7.4249
11.2225 -1.7782 7.3626
11.2205 -1.8096 7.3229
11.2191 -1.8427 7.2949
11.2183 -1.8779 7.2799
11.2198 -1.9224 7.3094
11.2117 -1.9253 7.1497
11.2091 -1.9508 7.1000
11.2073 -1.9789 7.0651
11.2061 -2.0090 7.0405
11.1994 -2.0113 6.9100
11.1971 -2.0341 6.8647
11.1954 -2.0595 6.8320
11.1942 -2.0867 6.8073
11.1935 -2.1166 6.7935
11.1977 -2.1757 6.8770
11.1929 -2.1808 6.7826
11.1906 -2.2002 6.7379
11.1890 -2.2228 6.7054
11.1877 -2.2474 6.6803
11.1789 -2.2202 6.5078
11.1761 -2.2321 6.4534
11.1743 -2.2503 6.4190
11.1730 -2.2707 6.3921
11.1719 -2.2927 6.3703
11.1713 -2.3182 6.3588
11.1728 -2.3599 6.3880
11.1762 -2.4179 6.4559
11.1761 -2.4477 6.4532
11.1772 -2.4882 6.4760
11.1786 -2.5309 6.5026
11.1799 -2.5733 6.5276
11.1815 -2.6191 6.5592
11.2076 -1.6844 7.7748
11.2057 -1.7204 7.7307
11.1938 -1.7186 7.4563
11.1914 -1.7494 7.4031
11.1899 -1.7824 7.3669
11.1888 -1.8170 7.3426
11.1885 -1.8545 7.3356
11.1889 -1.8951 7.3440
11.1818 -1.8990 7.1810
11.1799 -1.9267 7.1377
11.1785 -1.9563 7.1054
11.1746 -1.9717 7.0170
11.1713 -1.9886 6.9409
11.1695 -2.0133 6.9000
11.1682 -2.0401 6.8697
11.1673 -2.0688 6.8482
11.1669 -2.1008 6.8396
11.1704 -2.1592 6.9209
11.1654 -2.1588 6.8043
11.1637 -2.1808 6.7655
11.1624 -2.2050 6.7360
11.1614 -2.2312 6.7141
11.1528 -2.1967 6.5149
11.1510 -2.2140 6.4743
11.1497 -2.2340 6.4434
11.1486 -2.2560 6.4191
11.1478 -2.2793 6.3998
11.1472 -2.3051 6.3875
11.1474 -2.3372 6.3920
11.1469 -2.3630 6.3806
11.1482 -2.4054 6.4101
11.1494 -2.4475 6.4375
11.1504 -2.4882 6.4604
11.1517 -2.5328 6.4914
11.1526 -2.5732 6.5117
11.1540 -2.6190 6.5432
11.1758 -1.6172 7.8997
11.1731 -1.6512 7.8246
11.1690 -1.6781 7.7099
11.1612 -1.6875 7.4940
11.1596 -1.7203 7.4469
11.1584 -1.7547 7.4140
11.1577 -1.7909 7.3943
11.1590 -1.8375 7.4317
11.1539 -1.8495 7.2910
11.1513 -1.8728 7.2167
11.1498 -1.9016 7.1745
11.1488 -1.9333 7.1482
11.1446 -1.9428 7.0296
11.1426 -1.9658 6.9749
11.1412 -1.9922 6.9374
11.1402 -2.0203 6.9096
11.1396 -2.0507 6.8919
11.1398 -2.0875 6.8980
11.1391 -2.1168 6.8780
11.1373 -2.1371 6.8289
11.1361 -2.1615 6.7959
11.1352 -2.1873 6.7694
11.1287 -2.1622 6.5873
11.1267 -2.1766 6.5335
11.1255 -2.1964 6.4982
11.1245 -2.2181 6.4703
11.1237 -2.2415 6.4486
11.1231 -2.2666 6.4326
11.1194 -2.2588 6.3302
11.1188 -2.2818 6.3121
11.1198 -2.3227 6.3403
11.1207 -2.3627 6.3648
11.1217 -2.4052 6.3941
11.1233 -2.4543 6.4380
11.1235 -2.4881 6.4447
11.1246 -2.5328 6.4757
11.1254 -2.5733 6.4962
11.1395 -1.5809 7.9442
11.1377 -1.6174 7.8792
11.1299 -1.6242 7.6037
11.1280 -1.6560 7.5360
11.1268 -1.6905 7.4935
11.1259 -1.7264 7.4644
11.1256 -1.7646 7.4517
11.1260 -1.8076 7.4674
11.1217 -1.8190 7.3142
11.1200 -1.8463 7.2557
11.1189 -1.8767 7.2168
11.1182 -1.9090 7.1896
11.1145 -1.9174 7.0595
11.1131 -1.9429 7.0117
11.1122 -1.9707 6.9771
11.1115 -2.0004 6.9524
11.1111 -2.0330 6.9403
11.1135 -2.0919 7.0261
11.1100 -2.0930 6.9000
11.1088 -2.1162 6.8585
11.1079 -2.1418 6.8272
11.1073 -2.1698 6.8058
11.1015 -2.1385 6.5981
11.1003 -2.1575 6.5565
11.0994 -2.1791 6.5249
11.0987 -2.2023 6.4998
11.0981 -2.2273 6.4810
11.0978 -2.2549 6.4701
11.0941 -2.2376 6.3388
11.0931 -2.2538 6.3020
11.0929 -2.2815 6.2966
11.0937 -2.3225 6.3246
11.0944 -2.3624 6.3490
11.0952 -2.4049 6.3782
11.0960 -2.4469 6.4052
11.0968 -2.4905 6.4347
11.1000 -2.5712 6.5468
11.0983 -2.5767 6.4880
11.1023 -1.5442 7.9946
11.1010 -1.5823 7.9338
11.0950 -1.5897 7.6390
11.0938 -1.6240 7.5816
11.0930 -1.6600 7.5431
11.0925 -1.6975 7.5186
11.0925 -1.7387 7.5198
11.0923 -1.7777 7.5076
11.0890 -1.7899 7.3494
11.0880 -1.8195 7.2974
11.0872 -1.8513 7.2614
11.0867 -1.8851 7.2378
11.0838 -1.8924 7.0947
11.0829 -1.9197 7.0513
11.0823 -1.9491 7.0197
11.0818 -1.9804 6.9986
11.0818 -2.0163 6.9971
11.0815 -2.0486 6.9819
11.0804 -2.0701 6.9280
11.0796 -2.0954 6.8910
11.0790 -2.1226 6.8631
11.0751 -2.1004 6.6720
11.0740 -2.1174 6.6189
11.0733 -2.1388 6.5828
11.0727 -2.1620 6.5542
11.0723 -2.1868 6.5321
11.0720 -2.2138 6.5172
11.0695 -2.2040 6.3994
11.0687 -2.2192 6.3564
11.0680 -2.2377 6.3240
11.0675 -2.2580 6.2981
11.0671 -2.2813 6.2811
11.0677 -2.3222 6.3089
11.0686 -2.3708 6.3543
11.0688 -2.4046 6.3623
11.0693 -2.4465 6.3889
11.0699 -2.4903 6.4189
11.0704 -2.5322 6.4431
11.0710 -2.5765 6.4719
11.0640 -1.5066 8.0496
11.0632 -1.5462 7.9909
11.0593 -1.5550 7.6810
11.0587 -1.5913 7.6306
11.0582 -1.6288 7.5961
11.0580 -1.6681 7.5779
11.0583 -1.7135 7.6016
11.0576 -1.7473 7.5516
11.0556 -1.7607 7.3891
11.0550 -1.7922 7.3421
11.0546 -1.8255 7.3091
11.0531 -1.8416 7.1938
11.0523 -1.8670 7.1322
11.0518 -1.8961 7.0929
11.0515 -1.9271 7.0652
11.0513 -1.9604 7.0491
11.0524 -2.0195 7.1391
11.0507 -2.0228 7.0042
11.0501 -2.0476 6.9597
11.0497 -2.0746 6.9265
11.0494 -2.1035 6.9022
11.0467 -2.0764 6.6871
11.0461 -2.0971 6.6443
11.0457 -2.1203 6.6120
11.0454 -2.1451 6.5863
11.0451 -2.1717 6.5677
11.0439 -2.1720 6.4722
11.0432 -2.1835 6.4139
11.0427 -2.2019 6.3780
11.0424 -2.2221 6.3489
11.0421 -2.2439 6.3255
11.0418 -2.2670 6.3068
11.0417 -2.2925 6.2948
11.0418 -2.3258 6.3029
11.0418 -2.3558 6.3025
11.0421 -2.3981 6.3315
11.0427 -2.4478 6.3765
11.0430 -2.4902 6.4030
11.0434 -2.5359 6.4358
11.0437 -2.5763 6.4557
11.0441 -2.6225 6.4871
11.0245 -1.4679 8.1072
11.0230 -1.4843 7.8057
11.0226 -1.5198 7.7278
11.0224 -1.5576 7.6812
11.0223 -1.5969 7.6531
11.0222 -1.6385 7.6452
11.0222 -1.6808 7.6437
11.0215 -1.7011 7.5005
11.0212 -1.7311 7.4324
11.0210 -1.7642 7.3893
11.0209 -1.7990 7.3598
11.0202 -1.8133 7.2265
11.0200 -1.8414 7.1733
11.0198 -1.8717 7.1358
11.0196 -1.9038 7.1096
11.0196 -1.9401 7.1035
11.0196 -1.9751 7.0924
11.0193 -1.9982 7.0342
11.0191 -2.0251 6.9948
11.0189 -2.0538 6.9652
11.0180 -2.0346 6.7632
11.0177 -2.0541 6.7105
11.0175 -2.0772 6.6732
11.0174 -2.1021 6.6441
11.0173 -2.1285 6.6216
11.0172 -2.1573 6.6079
11.0166 -2.1468 6.4758
11.0164 -2.1646 6.4345
11.0162 -2.1851 6.4029
11.0161 -2.2069 6.3766
11.0160 -2.2303 6.3560
11.0159 -2.2554 6.3410
11.0159 -2.2851 6.3386
11.0159 -2.3183 6.3452
11.0158 -2.3352 6.3110
11.0157 -2.3556 6.2869
11.0158 -2.3978 6.3157
11.0161 -2.4592 6.3875
11.0161 -2.4901 6.3872
11.0164 -2.5459 6.4425
11.0164 -2.5762 6.4396
10.9837 -1.4278 8.1648
10.9847 -1.4454 7.8397
10.9849 -1.4838 7.7785
10.9850 -1.5232 7.7371
10.9851 -1.5638 7.7114
10.9850 -1.6123 7.7511
10.9852 -1.6476 7.6904
10.9856 -1.6683 7.5377
10.9858 -1.7009 7.4791
10.9859 -1.7356 7.4392
10.9860 -1.7721 7.4141
10.9865 -1.7853 7.2655
10.9866 -1.8154 7.2177
10.9867 -1.8473 7.1835
10.9868 -1.8812 7.1618
10.9868 -1.9223 7.1743
10.9870 -1.9463 7.1115
10.9871 -1.9738 7.0683
10.9872 -2.0025 7.0331
10.9873 -2.0330 7.0074
10.9880 -2.0098 6.7821
10.9881 -2.0327 6.7390
10.9882 -2.0577 6.7061
10.9883 -2.0840 6.6794
10.9884 -2.1124 6.6612
10.9887 -2.1097 6.5449
10.9889 -2.1262 6.4950
10.9890 -2.1465 6.4591
10.9891 -2.1687 6.4307
10.9892 -2.1921 6.4072
10.9892 -2.2173 6.3902
10.9892 -2.2456 6.3823
10.9892 -2.2837 6.4006
10.9893 -2.3004 6.3629
10.9894 -2.3195 6.3330
10.9895 -2.3400 6.3078
10.9895 -2.3621 6.2875
10.9895 -2.3976 6.2999
10.9894 -2.4437 6.3363
10.9893 -2.4874 6.3657
10.9892 -2.5326 6.3970
10.9891 -2.5768 6.4252
10.9405 -1.3444 8.3219
10.9415 -1.3866 8.2267
10.9453 -1.4065 7.8854
10.9459 -1.4468 7.8318
10.9463 -1.4878 7.7963
10.9465 -1.5303 7.7795
10.9463 -1.5764 7.7945
10.9469 -1.6142 7.7442
10.9487 -1.6355 7.5817
10.9493 -1.6701 7.5290
10.9497 -1.7063 7.4926
10.9510 -1.7281 7.3739
10.9518 -1.7571 7.3088
10.9522 -1.7890 7.2654
10.9526 -1.8225 7.2348
10.9527 -1.8586 7.2200
10.9529 -1.8945 7.2050
10.9536 -1.9200 7.1448
10.9540 -1.9490 7.1042
10.9544 -1.9798 7.0747
10.9567 -1.9646 6.8626
10.9573 -1.9865 6.8091
10.9578 -2.0115 6.7711
10.9581 -2.0382 6.7416
10.9583 -2.0666 6.7201
10.9584 -2.0980 6.7097
10.9601 -2.0865 6.5597
10.9606 -2.1067 6.5192
10.9609 -2.1289 6.4871
10.9612 -2.1527 6.4617
10.9614 -2.1778 6.4416
10.9616 -2.2055 6.4297
10.9612 -2.2477 6.4590
10.9617 -2.2644 6.4175
10.9620 -2.2838 6.3853
10.9623 -2.3047 6.3585
10.9626 -2.3270 6.3364
10.9628 -2.3510 6.3197
10.9634 -2.3591 6.2653
10.9631 -2.3988 6.2875
10.9628 -2.4437 6.3208
10.9624 -2.4874 6.3500
10.9621 -2.5318 6.3798
10.9618 -2.5767 6.4092
10.8964 -1.2993 8.3725
10.9032 -1.3262 8.0185
10.9047 -1.3670 7.9394
10.9057 -1.4088 7.8900
10.9063 -1.4514 7.8600
10.9062 -1.4970 7.8641
10.9065 -1.5401 7.8449
10.9092 -1.5683 7.7054
10.9107 -1.6022 7.6301
10.9116 -1.6385 7.5820
10.9122 -1.6763 7.5498
10.9149 -1.6968 7.4119
10.9160 -1.7285 7.3558
10.9167 -1.7620 7.3163
10.9172 -1.7972 7.2903
10.9172 -1.8370 7.2896
10.9183 -1.8651 7.2321
10.9193 -1.8938 7.1826
10.9200 -1.9247 7.1465
10.9205 -1.9573 7.1212
10.9250 -1.9386 6.8851
10.9259 -1.9635 6.8406
10.9265 -1.9904 6.8065
10.9270 -2.0188 6.7807
10.9273 -2.0494 6.7645
10.9299 -2.0456 6.6299
10.9308 -2.0652 6.5825
10.9315 -2.0877 6.5472
10.9321 -2.1116 6.5184
10.9325 -2.1371 6.4962
10.9328 -2.1645 6.4811
10.9327 -2.1987 6.4865
10.9329 -2.2270 6.4749
10.9336 -2.2465 6.4397
10.9341 -2.2680 6.4113
10.9346 -2.2906 6.3875
10.9349 -2.3150 6.3693
10.9359 -2.3267 6.3203
10.9369 -2.3367 6.2691
10.9374 -2.3563 6.2433
10.9368 -2.3986 6.2719
10.9359 -2.4504 6.3208
10.9356 -2.4873 6.3344
10.9347 -2.5393 6.3807
10.9345 -2.5766 6.3932
10.8508 -1.2534 8.4329
10.8609 -1.2835 8.0652
10.8627 -1.3265 7.9986
10.8639 -1.3699 7.9551
10.8645 -1.4143 7.9333
10.8638 -1.4629 7.9607
10.8654 -1.5030 7.8999
10.8697 -1.5314 7.7449
10.8715 -1.5678 7.6797
10.8726 -1.6061 7.6382
10.8748 -1.6380 7.5566
10.8776 -1.6656 7.4569
10.8790 -1.6992 7.4064
10.8799 -1.7344 7.3710
10.8805 -1.7717 7.3512
10.8809 -1.8093 7.3349
10.8827 -1.8366 7.2680
10.8839 -1.8675 7.2244
10.8848 -1.9002 7.1927
10.8909 -1.8897 6.9710
10.8924 -1.9137 6.9151
10.8935 -1.9407 6.8759
10.8943 -1.9693 6.8456
10.8949 -1.9996 6.8243
10.8979 -2.0062 6.7167
10.8997 -2.0225 6.6509
10.9008 -2.0448 6.6101
10.9017 -2.0691 6.5787
10.9023 -2.0947 6.5532
10.9028 -2.1221 6.5351
10.9030 -2.1534 6.5300
10.9028 -2.1880 6.5348
10.9039 -2.2080 6.4971
10.9047 -2.2297 6.4663
10.9054 -2.2528 6.4410
10.9060 -2.2775 6.4209
10.9063 -2.3046 6.4082
10.9087 -2.3024 6.3214
10.9097 -2.3187 6.2849
10.9105 -2.3371 6.2551
10.9112 -2.3568 6.2297
10.9105 -2.3984 6.2562
10.9097 -2.4415 6.2851
10.9090 -2.4840 6.3116
10.9072 -2.5434 6.3739
10.9072 -2.5760 6.3762
10.8037 -1.2060 8.4975
10.8171 -1.2400 8.1211
10.8192 -1.2847 8.0625
10.8205 -1.3297 8.0247
10.8208 -1.3764 8.0182
10.8210 -1.4228 8.0107
10.8229 -1.4648 7.9571
10.8288 -1.4945 7.7940
10.8308 -1.5329 7.7358
10.8322 -1.5725 7.6963
10.8365 -1.6007 7.5759
10.8390 -1.6339 7.5068
10.8407 -1.6693 7.4607
10.8417 -1.7063 7.4300
10.8420 -1.7465 7.4224
10.8441 -1.7774 7.3626
10.8461 -1.8082 7.3088
10.8474 -1.8410 7.2702
10.8484 -1.8756 7.2436
10.8570 -1.8631 7.0011
10.8588 -1.8893 6.9509
10.8601 -1.9179 6.9149
10.8610 -1.9483 6.8890
10.8615 -1.9813 6.8752
10.8669 -1.9781 6.7245
10.8686 -2.0003 6.6777
10.8699 -2.0247 6.6417
10.8709 -2.0507 6.6137
10.8716 -2.0782 6.5925
10.8720 -2.1086 6.5818
10.8714 -2.1477 6.5988
10.8729 -2.1677 6.5571
10.8741 -2.1898 6.5238
10.8750 -2.2135 6.4967
10.8758 -2.2385 6.4749
10.8763 -2.2659 6.4607
10.8793 -2.2666 6.3760
10.8807 -2.2833 6.3371
10.8818 -2.3024 6.3060
10.8828 -2.3227 6.2795
10.8836 -2.3444 6.2574
10.8842 -2.3675 6.2399
10.8842 -2.3982 6.2405
10.8831 -2.4422 6.2715
10.8822 -2.4840 6.2961
10.8811 -2.5284 6.3254
10.8799 -2.5759 6.3602
10.7679 -1.1488 8.2703
10.7717 -1.1952 8.1834
10.7740 -1.2416 8.1312
10.7753 -1.2882 8.1011
10.7736 -1.3388 8.1395
10.7768 -1.3819 8.0677
10.7826 -1.4184 7.9352
10.7864 -1.4567 7.8485
10.7887 -1.4970 7.7962
10.7903 -1.5383 7.7613
10.7965 -1.5658 7.6197
10.7991 -1.6016 7.5609
10.8009 -1.6387 7.5192
10.8020 -1.6776 7.4948
10.8027 -1.7172 7.4776
10.8061 -1.7465 7.4012
10.8082 -1.7795 7.3542
10.8097 -1.8142 7.3205
10.8197 -1.8096 7.0915
10.8223 -1.8363 7.0341
10.8241 -1.8653 6.9928
10.8255 -1.8957 6.9608
10.8265 -1.9277 6.9380
10.8323 -1.9324 6.8057
10.8348 -1.9539 6.7494
10.8366 -1.9786 6.7090
10.8380 -2.0047 6.6767
10.8391 -2.0324 6.6521
10.8398 -2.0622 6.6360
10.8385 -2.1054 6.6658
10.8405 -2.1257 6.6198
10.8421 -2.1484 6.5843
10.8433 -2.1725 6.5549
10.8444 -2.1981 6.5316
10.8451 -2.2257 6.5154
10.8487 -2.2293 6.4328
10.8505 -2.2465 6.3915
10.8520 -2.2662 6.3590
10.8532 -2.2871 6.3313
10.8542 -2.3094 6.3082
10.8550 -2.3332 6.2900
10.8573 -2.3422 6.2370
10.8587 -2.3597 6.2063
10.8574 -2.4021 6.2344
10.8560 -2.4467 6.2661
10.8554 -2.4840 6.2806
10.8541 -2.5284 6.3098
10.8526 -2.5757 6.3441
10.8513 -2.6216 6.3741
10.7204 -1.1007 8.3310
10.7245 -1.1489 8.2517
10.7269 -1.1969 8.2055
10.7279 -1.2454 8.1874
10.7277 -1.2947 8.1917
10.7309 -1.3398 8.1302
10.7386 -1.3772 7.9824
10.7425 -1.4181 7.9083
10.7450 -1.4602 7.8618
10.7502 -1.4958 7.7620
10.7550 -1.5304 7.6697
10.7578 -1.5681 7.6170
10.7596 -1.6073 7.5825
10.7603 -1.6486 7.5681
10.7637 -1.6823 7.5048
10.7668 -1.7154 7.4456
10.7689 -1.7505 7.4041
10.7704 -1.7871 7.3761
10.7838 -1.7803 7.1209
10.7863 -1.8096 7.0722
10.7883 -1.8406 7.0357
10.7896 -1.8731 7.0094
10.7902 -1.9084 6.9979
10.7992 -1.9056 6.8261
10.8017 -1.9305 6.7801
10.8035 -1.9572 6.7444
10.8050 -1.9851 6.7161
10.8061 -2.0149 6.6962
10.8062 -2.0493 6.6942
10.8065 -2.0821 6.6868
10.8085 -2.1054 6.6485
10.8103 -2.1298 6.6159
10.8116 -2.1559 6.5907
10.8125 -2.1838 6.5724
10.8167 -2.1904 6.4925
10.8190 -2.2081 6.4485
10.8208 -2.2284 6.4142
10.8223 -2.2501 6.3853
10.8236 -2.2730 6.3612
10.8246 -2.2975 6.3422
10.8274 -2.3077 6.2883
10.8299 -2.3196 6.2411
10.8317 -2.3359 6.2066
10.8325 -2.3594 6.1905
10.8311 -2.4018 6.2185
10.8281 -2.4578 6.2758
10.8286 -2.4840 6.2651
10.8249 -2.5474 6.3352
10.8253 -2.5756 6.3280
10.6713 -1.0510 8.3937
10.6754 -1.1011 8.3265
10.6779 -1.1506 8.2860
10.6765 -1.2017 8.3079
10.6799 -1.2496 8.2522
10.6832 -1.2965 8.1985
10.6929 -1.3354 8.0389
10.6968 -1.3784 7.9745
10.6993 -1.4222 7.9331
10.7076 -1.4562 7.7971
10.7119 -1.4945 7.7271
10.7148 -1.5340 7.6789
10.7167 -1.5747 7.6483
10.7180 -1.6161 7.6271
10.7229 -1.6486 7.5458
10.7260 -1.6841 7.4950
10.7282 -1.7210 7.4590
10.7429 -1.7221 7.2175
10.7466 -1.7514 7.1577
10.7492 -1.7829 7.1150
10.7511 -1.8157 7.0833
10.7523 -1.8504 7.0638
10.7618 -1.8548 6.9070
10.7650 -1.8803 6.8558
10.7674 -1.9074 6.8156
10.7693 -1.9359 6.7842
10.7707 -1.9659 6.7608
10.7714 -1.9990 6.7505
10.7710 -2.0364 6.7567
10.7735 -2.0601 6.7146
10.7756 -2.0856 6.6812
10.7772 -2.1124 6.6541
10.7784 -2.1409 6.6342
10.7832 -2.1501 6.5557
10.7861 -2.1681 6.5082
10.7883 -2.1890 6.4719
10.7902 -2.2114 6.4417
10.7917 -2.2350 6.4164
10.7929 -2.2602 6.3967
10.7963 -2.2716 6.3417
10.7992 -2.2843 6.2927
10.8014 -2.3014 6.2570
10.8032 -2.3202 6.2273
10.8048 -2.3403 6.2020
10.8061 -2.3615 6.1802
10.8047 -2.4015 6.2026
10.8035 -2.4408 6.2222
10.8019 -2.4836 6.2488
10.7996 -2.5321 6.2866
10.7982 -2.5745 6.3101
10.6265 -1.1025 8.3732
10.6253 -1.1543 8.3905
10.6302 -1.2032 8.3203
10.6335 -1.2517 8.2721
10.6453 -1.2924 8.1019
10.6494 -1.3373 8.0437
10.6518 -1.3828 8.0085
10.6628 -1.4171 7.8500
10.6671 -1.4576 7.7889
10.6700 -1.4990 7.7470
10.6714 -1.5420 7.7263
10.6762 -1.5786 7.6576
10.6806 -1.6148 7.5949
10.6837 -1.6522 7.5495
10.6980 -1.6643 7.3442
10.7045 -1.6906 7.2507
10.7080 -1.7226 7.2001
10.7106 -1.7559 7.1625
10.7124 -1.7908 7.1368
10.7217 -1.8034 7.0026
10.7265 -1.8271 6.9333
10.7297 -1.8548 6.8882
10.7319 -1.8845 6.8558
10.7338 -1.9149 6.8288
10.7349 -1.9475 6.8128
10.7336 -1.9886 6.8307
10.7368 -2.0129 6.7846
10.7394 -2.0390 6.7483
10.7414 -2.0664 6.7187
10.7429 -2.0955 6.6972
10.7481 -2.1082 6.6231
10.7517 -2.1263 6.5706
10.7544 -2.1479 6.5321
10.7566 -2.1711 6.5005
10.7584 -2.1954 6.4740
10.7598 -2.2214 6.4535
10.7637 -2.2341 6.3975
10.7673 -2.2475 6.3464
10.7699 -2.2654 6.3095
10.7720 -2.2851 6.2790
10.7738 -2.3060 6.2529
10.7753 -2.3279 6.2306
10.7794 -2.3340 6.1718
10.7808 -2.3561 6.1526
10.7788 -2.3985 6.1805
10.7769 -2.4409 6.2072
10.7751 -2.4836 6.2333
10.7731 -2.5278 6.2618
10.7709 -2.5744 6.2941
10.7689 -2.6203 6.3235
10.5782 -1.1552 8.3964
10.5890 -1.2017 8.2574
10.5958 -1.2481 8.1704
10.5999 -1.2947 8.1179
10.6090 -1.3361 8.0022
10.6159 -1.3773 7.9133
10.6203 -1.4197 7.8570
10.6230 -1.4630 7.8223
10.6238 -1.5083 7.8130
10.6323 -1.5420 7.7042
10.6365 -1.5804 7.6495
10.6395 -1.6200 7.6120
10.6596 -1.6272 7.3541
10.6645 -1.6595 7.2922
10.6679 -1.6935 7.2480
10.6704 -1.7288 7.2160
10.6716 -1.7664 7.2000
10.6856 -1.7723 7.0211
10.6898 -1.8003 6.9682
10.6929 -1.8299 6.9281
10.6953 -1.8608 6.8969
10.6968 -1.8940 6.8785
10.6939 -1.9399 6.9147
10.6983 -1.9634 6.8583
10.7014 -1.9902 6.8185
10.7039 -2.0184 6.7870
10.7058 -2.0481 6.7630
10.7113 -2.0640 6.6926
10.7156 -2.0830 6.6373
10.7188 -2.1054 6.5966
10.7215 -2.1289 6.5619
10.7237 -2.1541 6.5341
10.7253 -2.1808 6.5127
10.7298 -2.1948 6.4556
10.7340 -2.2091 6.4024
10.7369 -2.2279 6.3642
10.7394 -2.2484 6.3329
10.7415 -2.2701 6.3060
10.7433 -2.2929 6.2831
10.7486 -2.2970 6.2153
10.7523 -2.3084 6.1681
10.7550 -2.3241 6.1332
10.7547 -2.3559 6.1371
10.7525 -2.3983 6.1648
10.7490 -2.4487 6.2092
10.7484 -2.4836 6.2179
10.7441 -2.5399 6.2718
10.7436 -2.5743 6.2780
10.7414 -2.6201 6.3074
10.5378 -1.1537 8.3187
10.5442 -1.2022 8.2451
10.5483 -1.2506 8.1979
10.5606 -1.2926 8.0563
10.5671 -1.3363 7.9817
10.5713 -1.3807 7.9328
10.5734 -1.4262 7.9089
10.5801 -1.4661 7.8318
10.5863 -1.5052 7.7601
10.5906 -1.5454 7.7110
10.6106 -1.5620 7.4808
10.6183 -1.5933 7.3921
10.6228 -1.6281 7.3398
10.6262 -1.6641 7.3013
10.6283 -1.7016 7.2768
10.6421 -1.7152 7.1179
10.6476 -1.7433 7.0540
10.6516 -1.7737 7.0087
10.6546 -1.8052 6.9736
10.6568 -1.8383 6.9484
10.6574 -1.8749 6.9420
10.6575 -1.9127 6.9407
10.6613 -1.9401 6.8967
10.6646 -1.9681 6.8584
10.6669 -1.9984 6.8319
10.6724 -2.0183 6.7683
10.6779 -2.0371 6.7057
10.6816 -2.0604 6.6625
10.6846 -2.0854 6.6279
10.6872 -2.1114 6.5987
10.6891 -2.1390 6.5765
10.6943 -2.1538 6.5164
10.6991 -2.1691 6.4610
10.7026 -2.1887 6.4214
10.7054 -2.2102 6.3891
10.7078 -2.2327 6.3614
10.7098 -2.2564 6.3380
10.7165 -2.2592 6.2617
10.7204 -2.2728 6.2167
10.7234 -2.2898 6.1820
10.7260 -2.3081 6.1519
10.7283 -2.3273 6.1256
10.7286 -2.3557 6.1216
10.7262 -2.3981 6.1492
10.7235 -2.4429 6.1809
10.7210 -2.4869 6.2096
10.7189 -2.5288 6.2328
10.7164 -2.5742 6.2621
10.4842 -1.1042 8.3883
10.4907 -1.1545 8.3200
10.4942 -1.2047 8.2835
10.5097 -1.2481 8.1217
10.5160 -1.2940 8.0559
10.5200 -1.3402 8.0140
10.5197 -1.3890 8.0171
10.5327 -1.4259 7.8814
10.5385 -1.4674 7.8211
10.5424 -1.5098 7.7802
10.5685 -1.5244 7.5075
10.5750 -1.5595 7.4389
10.5794 -1.5963 7.3932
10.5825 -1.6343 7.3612
10.5834 -1.6752 7.3520
10.6030 -1.6836 7.1470
10.6080 -1.7147 7.0950
10.6118 -1.7471 7.0550
10.6146 -1.7806 7.0252
10.6160 -1.8167 7.0106
10.6148 -1.8583 7.0235
10.6194 -1.8866 6.9752
10.6231 -1.9162 6.9368
10.6259 -1.9473 6.9074
10.6312 -1.9711 6.8515
10.6383 -1.9890 6.7774
10.6427 -2.0133 6.7318
10.6462 -2.0392 6.6952
10.6491 -2.0661 6.6646
10.6514 -2.0947 6.6414
10.6575 -2.1102 6.5776
10.6628 -2.1272 6.5221
10.6667 -2.1478 6.4812
10.6699 -2.1703 6.4478
10.6726 -2.1937 6.4192
10.6749 -2.2184 6.3956
10.6828 -2.2206 6.3123
10.6871 -2.2360 6.2680
10.6905 -2.2540 6.2327
10.7003 -2.2445 6.1299
10.7050 -2.2549 6.0808
10.7065 -2.2781 6.0648
10.7039 -2.3193 6.0918
10.7014 -2.3610 6.1185
10.6999 -2.3979 6.1336
10.6969 -2.4429 6.1656
10.6941 -2.4869 6.1941
10.6919 -2.5288 6.2170
10.6891 -2.5741 6.2462
10.4345 -1.1051 8.4046
10.4458 -1.1546 8.2962
10.4564 -1.2023 8.1956
10.4626 -1.2500 8.1364
10.4659 -1.2982 8.1042
10.4748 -1.3422 8.0192
10.4832 -1.3849 7.9394
10.4886 -1.4284 7.8871
10.4978 -1.4675 7.7991
10.5240 -1.4875 7.5494
10.5298 -1.5253 7.4933
10.5341 -1.5639 7.4527
10.5363 -1.6044 7.4310
10.5555 -1.6208 7.2481
10.5619 -1.6527 7.1871
10.5666 -1.6860 7.1418
10.5702 -1.7204 7.1075
10.5724 -1.7565 7.0862
10.5698 -1.8012 7.1114
10.5754 -1.8303 7.0578
10.5797 -1.8610 7.0165
10.5831 -1.8929 6.9841
10.5854 -1.9266 6.9622
10.5962 -1.9400 6.8587
10.6019 -1.9639 6.8045
10.6059 -1.9908 6.7657
10.6093 -2.0187 6.7337
10.6118 -2.0482 6.7093
10.6186 -2.0653 6.6442
10.6249 -2.0828 6.5843
10.6293 -2.1045 6.5421
10.6327 -2.1285 6.5092
10.6358 -2.1529 6.4797
10.6383 -2.1787 6.4558
10.6478 -2.1805 6.3650
10.6524 -2.1976 6.3215
10.6561 -2.2168 6.2858
10.6681 -2.2054 6.1717
10.6727 -2.2191 6.1274
10.6763 -2.2357 6.0927
10.6795 -2.2535 6.0626
10.6808 -2.2780 6.0497
10.6780 -2.3192 6.0766
10.6752 -2.3610 6.1035
10.6733 -2.3992 6.1213
10.6703 -2.4429 6.1502
10.6673 -2.4869 6.1786
10.6649 -2.5287 6.2013
10.6619 -2.5741 6.2304
10.3911 -1.1047 8.3589
10.4007 -1.1547 8.2740
10.4064 -1.2044 8.2243
10.4076 -1.2550 8.2131
10.4238 -1.2977 8.0712
10.4313 -1.3429 8.0049
10.4363 -1.3884 7.9603
10.4694 -1.4114 7.6696
10.4773 -1.4503 7.6001
10.4827 -1.4902 7.5523
10.4865 -1.5309 7.5191
10.5044 -1.5551 7.3617
10.5130 -1.5874 7.2858
10.5189 -1.6218 7.2339
10.5233 -1.6571 7.1947
10.5264 -1.6937 7.1676
10.5221 -1.7412 7.2056
10.5289 -1.7712 7.1457
10.5340 -1.8030 7.1002
10.5381 -1.8358 7.0646
10.5409 -1.8702 7.0397
10.5523 -1.8872 6.9393
10.5585 -1.9129 6.8846
10.5634 -1.9405 6.8418
10.5674 -1.9690 6.8062
10.5704 -1.9995 6.7805
10.5779 -2.0183 6.7139
10.5850 -2.0369 6.6513
10.5900 -2.0598 6.6076
10.5941 -2.0843 6.5718
10.5975 -2.1098 6.5414
10.6003 -2.1366 6.5172
10.6112 -2.1390 6.4210
10.6162 -2.1576 6.3773
10.6202 -2.1781 6.3417
10.6342 -2.1661 6.2183
10.6390 -2.1820 6.1764
10.6429 -2.1999 6.1419
10.6463 -2.2190 6.1120
10.6493 -2.2389 6.0855
10.6520 -2.2594 6.0621
10.6543 -2.2809 6.0419
10.6520 -2.3191 6.0614
10.6501 -2.3568 6.0789
10.6470 -2.3992 6.1059
10.6438 -2.4422 6.1335
10.6329 -2.5184 6.2301
10.6339 -2.5454 6.2206
10.6345 -2.5744 6.2154
10.3422 -1.1052 8.3603
10.3477 -1.1567 8.3158
10.3594 -1.2052 8.2202
10.3699 -1.2524 8.1347
10.3769 -1.2996 8.0777
10.4092 -1.3315 7.8148
10.4213 -1.3710 7.7154
10.4285 -1.4123 7.6569
10.4336 -1.4541 7.6159
10.4359 -1.4974 7.5969
10.4612 -1.5183 7.3906
10.4683 -1.5542 7.3330
10.4738 -1.5906 7.2880
10.4777 -1.6281 7.2557
10.4791 -1.6682 7.2445
10.4799 -1.7089 7.2383
10.4860 -1.7418 7.1884
10.4907 -1.7758 7.1497
10.4942 -1.8111 7.1218
10.5062 -1.8315 7.0240
10.5134 -1.8583 6.9650
10.5189 -1.8871 6.9198
10.5234 -1.9172 6.8836
10.5269 -1.9483 6.8549
10.5352 -1.9689 6.7871
10.5433 -1.9888 6.7216
10.5488 -2.0129 6.6762
10.5534 -2.0385 6.6390
10.5572 -2.0651 6.6080
10.5602 -2.0931 6.5831
10.5727 -2.0963 6.4814
10.5782 -2.1159 6.4364
10.5827 -2.1377 6.4002
10.5988 -2.1260 6.2691
10.6038 -2.1437 6.2282
10.6080 -2.1630 6.1940
10.6117 -2.1832 6.1640
10.6149 -2.2041 6.1374
10.6178 -2.2259 6.1142
10.6202 -2.2487 6.0947
10.6219 -2.2734 6.0808
10.6268 -2.2866 6.0403
10.6264 -2.3181 6.0441
10.6227 -2.3612 6.0737
10.6207 -2.3991 6.0906
10.6173 -2.4422 6.1180
10.6137 -2.4866 6.1470
10.6103 -2.5311 6.1750
10.6073 -2.5743 6.1995
10.3044 -1.1562 8.2745
10.3135 -1.2056 8.2051
10.3196 -1.2548 8.1587
10.3609 -1.2873 7.8455
10.3705 -1.3302 7.7729
10.3773 -1.3734 7.7216
10.3815 -1.4172 7.6899
10.4058 -1.4454 7.5053
10.4149 -1.4824 7.4360
10.4216 -1.5203 7.3856
10.4263 -1.5590 7.3495
10.4291 -1.5992 7.3288
10.4279 -1.6433 7.3377
10.4352 -1.6775 7.2825
10.4408 -1.7127 7.2399
10.4449 -1.7491 7.2086
10.4573 -1.7730 7.1144
10.4659 -1.8009 7.0497
10.4722 -1.8310 7.0020
10.4772 -1.8623 6.9636
10.4812 -1.8946 6.9335
10.4919 -1.9143 6.8525
10.4997 -1.9376 6.7926
10.5056 -1.9637 6.7482
10.5107 -1.9905 6.7096
10.5149 -2.0184 6.6778
10.5238 -2.0354 6.6104
10.5326 -2.0512 6.5431
10.5385 -2.0726 6.4987
10.5547 -2.0684 6.3760
10.5617 -2.0844 6.3228
10.5670 -2.1038 6.2828
10.5715 -2.1244 6.2484
10.5755 -2.1458 6.2184
10.5789 -2.1681 6.1922
10.5819 -2.1911 6.1696
10.5843 -2.2154 6.1513
10.5856 -2.2426 6.1412
10.5939 -2.2482 6.0782
10.5992 -2.2619 6.0381
10.6036 -2.2779 6.0050
10.6004 -2.3181 6.0290
10.5970 -2.3597 6.0552
10.5939 -2.4007 6.0788
10.5891 -2.4478 6.1148
10.5869 -2.4864 6.1312
10.5833 -2.5309 6.1591
10.5800 -2.5743 6.1836
10.5763 -2.6201 6.2121
10.2539 -1.1573 8.2858
10.2942 -1.1985 8.0003
10.3082 -1.2433 7.9012
10.3170 -1.2883 7.8391
10.3229 -1.3335 7.7972
10.3461 -1.3681 7.6325
10.3578 -1.4068 7.5499
10.3660 -1.4463 7.4919
10.3721 -1.4862 7.4485
10.3758 -1.5272 7.4220
10.3723 -1.5744 7.4468
10.3814 -1.6096 7.3823
10.3881 -1.6461 7.3350
10.3930 -1.6837 7.3001
10.4057 -1.7112 7.2100
10.4157 -1.7404 7.1392
10.4229 -1.7719 7.0885
10.4286 -1.8045 7.0478
10.4331 -1.8381 7.0161
10.4448 -1.8598 6.9328
10.4539 -1.8842 6.8683
10.4605 -1.9115 6.8216
10.4660 -1.9399 6.7832
10.4705 -1.9692 6.7511
10.4820 -1.9847 6.6697
10.4907 -2.0040 6.6080
10.4970 -2.0270 6.5635
10.5160 -2.0222 6.4284
10.5228 -2.0414 6.3801
10.5285 -2.0623 6.3402
10.5333 -2.0843 6.3062
10.5375 -2.1071 6.2762
10.5412 -2.1305 6.2501
10.5443 -2.1549 6.2279
10.5465 -2.1812 6.2121
10.5521 -2.1981 6.1724
10.5592 -2.2103 6.1223
10.5645 -2.2263 6.0846
10.5691 -2.2437 6.0521
10.5732 -2.2620 6.0232
10.5769 -2.2809 5.9972
10.5745 -2.3180 6.0139
10.5708 -2.3596 6.0400
10.5679 -2.3993 6.0606
10.5641 -2.4422 6.0874
10.5602 -2.4863 6.1154
10.5563 -2.5307 6.1431
10.5528 -2.5742 6.1677
10.2412 -1.1508 8.0419
10.2524 -1.1982 7.9670
10.2603 -1.2452 7.9147
10.2646 -1.2926 7.8859
10.2963 -1.3267 7.6752
10.3066 -1.3679 7.6073
10.3140 -1.4095 7.5580
10.3191 -1.4517 7.5237
10.3136 -1.5009 7.5606
10.3243 -1.5379 7.4895
10.3323 -1.5759 7.4365
10.3383 -1.6146 7.3964
10.3508 -1.6461 7.3131
10.3627 -1.6765 7.2341
10.3709 -1.7096 7.1797
10.3774 -1.7436 7.1366
10.3824 -1.7786 7.1031
10.3953 -1.8025 7.0175
10.4055 -1.8284 6.9499
10.4128 -1.8572 6.9012
10.4188 -1.8870 6.8612
10.4237 -1.9177 6.8284
10.4379 -1.9325 6.7345
10.4465 -1.9548 6.6769
10.4534 -1.9793 6.6314
10.4750 -1.9755 6.4881
10.4821 -1.9967 6.4409
10.4879 -2.0193 6.4019
10.4932 -2.0425 6.3669
10.4977 -2.0665 6.3368
10.5016 -2.0914 6.3113
10.5047 -2.1175 6.2907
10.5065 -2.1462 6.2787
10.5161 -2.1558 6.2145
10.5227 -2.1717 6.1705
10.5282 -2.1897 6.1344
10.5330 -2.2086 6.1025
10.5373 -2.2282 6.0740
10.5488 -2.2276 5.9976
10.5549 -2.2406 5.9571
10.5511 -2.2808 5.9819
10.5486 -2.3180 5.9989
10.5428 -2.3653 6.0374
10.5416 -2.3992 6.0453
10.5376 -2.4422 6.0719
10.5334 -2.4861 6.0996
10.5292 -2.5306 6.1271
10.5250 -2.5760 6.1556
10.1823 -1.1024 8.1123
10.1933 -1.1516 8.0433
10.2000 -1.2006 8.0011
10.2304 -1.2412 7.8113
10.2432 -1.2847 7.7315
10.2522 -1.3283 7.6748
10.2585 -1.3721 7.6355
10.2597 -1.4179 7.6282
10.2642 -1.4615 7.5996
10.2735 -1.5013 7.5419
10.2804 -1.5418 7.4988
10.2848 -1.5833 7.4712
10.3066 -1.6090 7.3345
10.3160 -1.6437 7.2761
10.3233 -1.6793 7.2303
10.3289 -1.7158 7.1950
10.3431 -1.7419 7.1067
10.3544 -1.7696 7.0358
10.3625 -1.7999 6.9849
10.3692 -1.8312 6.9436
10.3746 -1.8634 6.9098
10.3915 -1.8781 6.8037
10.4008 -1.9023 6.7454
10.4214 -1.9076 6.6168
10.4319 -1.9269 6.5514
10.4393 -1.9500 6.5052
10.4455 -1.9742 6.4660
10.4509 -1.9992 6.4323
10.4556 -2.0248 6.4030
10.4596 -2.0512 6.3782
10.4628 -2.0787 6.3580
10.4689 -2.0996 6.3195
10.4779 -2.1140 6.2638
10.4845 -2.1322 6.2223
10.4901 -2.1518 6.1872
10.4951 -2.1722 6.1559
10.4996 -2.1931 6.1278
10.5154 -2.1858 6.0289
10.5219 -2.1999 5.9883
10.5274 -2.2159 5.9541
10.5293 -2.2405 5.9423
10.5253 -2.2807 5.9669
10.5104 -2.3518 6.0604
10.5187 -2.3589 6.0082
10.5152 -2.3992 6.0300
10.5110 -2.4421 6.0564
10.5069 -2.4852 6.0823
10.5019 -2.5313 6.1131
10.4977 -2.5759 6.1395
10.4932 -2.6218 6.1678
10.1299 -1.1033 8.1333
10.1573 -1.1502 7.9716
10.1754 -1.1961 7.8646
10.1866 -1.2418 7.7988
10.1946 -1.2874 7.7513
10.1985 -1.3337 7.7285
10.2000 -1.3807 7.7198
10.2112 -1.4224 7.6537
10.2195 -1.4644 7.6047
10.2251 -1.5071 7.5714
10.2472 -1.5375 7.4413
10.2580 -1.5740 7.3774
10.2663 -1.6112 7.3283
10.2725 -1.6494 7.2920
10.2879 -1.6780 7.2009
10.3005 -1.7076 7.1265
10.3095 -1.7396 7.0732
10.3168 -1.7725 7.0304
10.3227 -1.8062 6.9958
10.3424 -1.8218 6.8792
10.3522 -1.8481 6.8215
10.3753 -1.8551 6.6852
10.3865 -1.8763 6.6192
10.3943 -1.9012 6.5733
10.4009 -1.9271 6.5343
10.4066 -1.9535 6.5003
10.4115 -1.9806 6.4714
10.4154 -2.0089 6.4484
10.4176 -2.0398 6.4356
10.4294 -2.0526 6.3658
10.4375 -2.0712 6.3180
10.4442 -2.0915 6.2784
10.4501 -2.1126 6.2436
10.4554 -2.1344 6.2126
10.4709 -2.1336 6.1210
10.4792 -2.1469 6.0723
10.4855 -2.1635 6.0347
10.4911 -2.1812 6.0018
10.4961 -2.1995 5.9723
10.5006 -2.2185 5.9456
10.5037 -2.2405 5.9274
10.4996 -2.2807 5.9519
10.4944 -2.3240 5.9824
10.4926 -2.3588 5.9928
10.4882 -2.4011 6.0188
10.4826 -2.4473 6.0520
10.4801 -2.4852 6.0667
10.4754 -2.5297 6.0941
10.4705 -2.5757 6.1234
10.1025 -1.1013 8.0097
10.1164 -1.1498 7.9325
10.1265 -1.1975 7.8761
10.1325 -1.2453 7.8424
10.1311 -1.2948 7.8499
10.1444 -1.3388 7.7760
10.1542 -1.3828 7.7210
10.1611 -1.4271 7.6825
10.1849 -1.4612 7.5498
10.1968 -1.4999 7.4833
10.2060 -1.5391 7.4321
10.2133 -1.5787 7.3915
10.2297 -1.6103 7.2999
10.2435 -1.6421 7.2224
10.2535 -1.6759 7.1666
10.2615 -1.7104 7.1220
10.2679 -1.7458 7.0866
10.2905 -1.7629 6.9604
10.3008 -1.7914 6.9026
10.3275 -1.7992 6.7535
10.3378 -1.8244 6.6959
10.3464 -1.8508 6.6484
10.3539 -1.8776 6.6062
10.3599 -1.9057 6.5728
10.3649 -1.9345 6.5446
10.3686 -1.9648 6.5240
10.3761 -1.9887 6.4823
10.3869 -2.0063 6.4220
10.3949 -2.0273 6.3771
10.4019 -2.0494 6.3385
10.4081 -2.0720 6.3037
10.4135 -2.0953 6.2734
10.4332 -2.0907 6.1636
10.4409 -2.1076 6.1208
10.4473 -2.1261 6.0849
10.4530 -2.1454 6.0529
10.4582 -2.1652 6.0240
10.4727 -2.1638 5.9427
10.4816 -2.1736 5.8935
10.4821 -2.2018 5.8905
10.4778 -2.2413 5.9146
10.4738 -2.2806 5.9370
10.4682 -2.3242 5.9678
10.4665 -2.3587 5.9774
10.4619 -2.4009 6.0033
10.4546 -2.4507 6.0438
10.4533 -2.4851 6.0510
10.4484 -2.5296 6.0784
10.4436 -2.5745 6.1052
10.0417 -1.0514 8.0734
10.0541 -1.1018 8.0079
10.0617 -1.1516 7.9674
10.0572 -1.2032 7.9915
10.0732 -1.2498 7.9064
10.0848 -1.2961 7.8453
10.0929 -1.3424 7.8021
10.1181 -1.3805 7.6688
10.1320 -1.4213 7.5952
10.1426 -1.4624 7.5392
10.1505 -1.5040 7.4974
10.1682 -1.5384 7.4036
10.1831 -1.5728 7.3247
10.1942 -1.6085 7.2656
10.2031 -1.6448 7.2189
10.2099 -1.6819 7.1826
10.2357 -1.7009 7.0459
10.2467 -1.7315 6.9880
10.2768 -1.7413 6.8286
10.2873 -1.7689 6.7727
10.2961 -1.7974 6.7263
10.3035 -1.8266 6.6870
10.3099 -1.8563 6.6531
10.3156 -1.8862 6.6231
10.3185 -1.9192 6.6077
10.3320 -1.9370 6.5364
10.3419 -1.9586 6.4838
10.3501 -1.9817 6.4403
10.3573 -2.0056 6.4025
10.3635 -2.0301 6.3692
10.3836 -2.0309 6.2630
10.3928 -2.0482 6.2140
10.4004 -2.0675 6.1739
10.4070 -2.0877 6.1388
10.4130 -2.1085 6.1075
10.4183 -2.1298 6.0792
10.4381 -2.1216 5.9743
10.4456 -2.1366 5.9348
10.4520 -2.1530 5.9006
10.4578 -2.1700 5.8700
10.4567 -2.2017 5.8758
10.4522 -2.2413 5.8998
10.4347 -2.3115 5.9926
10.4456 -2.3161 5.9347
10.4404 -2.3585 5.9620
10.4356 -2.4008 5.9878
10.4312 -2.4423 6.0109
10.4255 -2.4877 6.0409
10.4209 -2.5309 6.0654
10.4163 -2.5744 6.0894
9.9869 -1.0519 8.0981
9.9907 -1.1038 8.0787
9.9959 -1.1550 8.0526
10.0105 -1.2038 7.9794
10.0204 -1.2522 7.9292
10.0466 -1.2946 7.7976
10.0626 -1.3380 7.7170
10.0744 -1.3815 7.6574
10.0834 -1.4250 7.6124
10.1011 -1.4632 7.5234
10.1187 -1.4995 7.4345
10.1311 -1.5373 7.3723
10.1406 -1.5757 7.3244
10.1610 -1.6053 7.2216
10.1778 -1.6356 7.1373
10.2076 -1.6534 6.9871
10.2231 -1.6807 6.9094
10.2341 -1.7105 6.8539
10.2432 -1.7411 6.8080
10.2511 -1.7719 6.7682
10.2576 -1.8035 6.7354
10.2626 -1.8361 6.7101
10.2682 -1.8675 6.6824
10.2845 -1.8850 6.6001
10.2944 -1.9092 6.5504
10.3028 -1.9343 6.5082
10.3102 -1.9600 6.4709
10.3288 -1.9687 6.3773
10.3410 -1.9850 6.3159
10.3501 -2.0049 6.2699
10.3578 -2.0262 6.2315
10.3645 -2.0481 6.1973
10.3707 -2.0704 6.1665
10.3915 -2.0664 6.0619
10.4002 -2.0820 6.0177
10.4075 -2.0994 5.9810
10.4140 -2.1175 5.9482
10.4200 -2.1361 5.9184
10.4254 -2.1551 5.8911
10.4304 -2.1744 5.8661
10.4314 -2.2017 5.8610
10.4266 -2.2412 5.8849
10.4239 -2.2768 5.8984
10.4197 -2.3160 5.9196
10.4147 -2.3576 5.9448
10.4087 -2.4020 5.9752
10.4046 -2.4422 5.9954
10.3994 -2.4859 6.0218
10.3929 -2.5332 6.0542
10.3891 -2.5744 6.0736
10.3836 -2.6203 6.1012
9.9421 -1.1563 8.0699
9.9702 -1.2030 7.9350
9.9885 -1.2493 7.8475
10.0019 -1.2953 7.7831
10.0119 -1.3411 7.7352
10.0306 -1.3824 7.6454
10.0501 -1.4217 7.5523
10.0635 -1.4619 7.4880
10.0743 -1.5022 7.4359
10.1011 -1.5321 7.3075
10.1172 -1.5661 7.2305
10.1514 -1.5861 7.0666
10.1662 -1.6170 6.9954
10.1776 -1.6491 6.9410
10.1873 -1.6816 6.8946
10.1954 -1.7145 6.8556
10.2021 -1.7479 6.8235
10.2063 -1.7831 6.8033
10.2203 -1.8079 6.7365
10.2329 -1.8326 6.6757
10.2432 -1.8588 6.6267
10.2527 -1.8848 6.5808
10.2604 -1.9123 6.5443
10.2850 -1.9171 6.4260
10.2957 -1.9382 6.3747
10.3045 -1.9608 6.3325
10.3123 -1.9839 6.2952
10.3197 -2.0070 6.2600
10.3414 -2.0073 6.1557
10.3517 -2.0236 6.1066
10.3600 -2.0421 6.0669
10.3673 -2.0614 6.0317
10.3739 -2.0811 5.9999
10.3800 -2.1012 5.9708
10.3856 -2.1217 5.9442
10.3906 -2.1426 5.9203
10.3950 -2.1642 5.8991
10.3985 -2.1871 5.8821
10.4005 -2.2127 5.8726
10.4031 -2.2370 5.8602
10.3973 -2.2786 5.8878
10.3938 -2.3160 5.9046
10.3886 -2.3575 5.9297
10.3804 -2.4062 5.9689
10.3781 -2.4421 5.9798
10.3726 -2.4858 6.0061
10.3673 -2.5296 6.0315
10.3618 -2.5743 6.0577
9.9082 -1.1547 7.9918
9.9243 -1.2033 7.9180
9.9357 -1.2516 7.8660
9.9561 -1.2962 7.7729
9.9777 -1.3384 7.6740
9.9925 -1.3812 7.6063
10.0041 -1.4239 7.5531
10.0358 -1.4561 7.4082
10.0520 -1.4933 7.3343
10.0905 -1.5163 7.1581
10.1058 -1.5499 7.0885
10.1178 -1.5843 7.0336
10.1279 -1.6189 6.9874
10.1363 -1.6538 6.9488
10.1428 -1.6894 6.9191
10.1437 -1.7293 6.9150
10.1670 -1.7488 6.8083
10.1794 -1.7765 6.7515
10.1898 -1.8050 6.7040
10.1989 -1.8338 6.6623
10.2241 -1.8444 6.5475
10.2372 -1.8662 6.4872
10.2477 -1.8899 6.4394
10.2566 -1.9145 6.3985
10.2646 -1.9395 6.3620
10.2877 -1.9437 6.2563
10.2995 -1.9612 6.2026
10.3091 -1.9808 6.1588
10.3173 -2.0014 6.1210
10.3248 -2.0224 6.0869
10.3316 -2.0437 6.0559
10.3378 -2.0654 6.0276
10.3433 -2.0875 6.0022
10.3482 -2.1103 5.9800
10.3520 -2.1344 5.9623
10.3537 -2.1620 5.9546
10.3630 -2.1754 5.9119
10.3723 -2.1880 5.8695
10.3800 -2.2028 5.8343
10.3776 -2.2369 5.8453
10.3724 -2.2770 5.8693
10.3679 -2.3159 5.8895
10.3616 -2.3593 5.9184
10.3570 -2.3996 5.9396
10.3496 -2.4464 5.9733
10.3448 -2.4880 5.9951
10.3403 -2.5294 6.0156
10.3345 -2.5746 6.0425
9.8540 -1.1560 8.0072
9.8770 -1.2039 7.9068
9.9005 -1.2496 7.8039
9.9169 -1.2952 7.7326
9.9296 -1.3404 7.6771
9.9653 -1.3761 7.5212
9.9826 -1.4160 7.4452
10.0254 -1.4428 7.2583
10.0411 -1.4793 7.1896
10.0541 -1.5158 7.1331
10.0646 -1.5526 7.0868
10.0733 -1.5896 7.0492
10.0789 -1.6279 7.0247
10.0944 -1.6585 6.9569
10.1100 -1.6876 6.8884
10.1226 -1.7178 6.8336
10.1332 -1.7485 6.7871
10.1425 -1.7794 6.7464
10.1723 -1.7900 6.6163
10.1852 -1.8147 6.5598
10.1966 -1.8398 6.5100
10.2058 -1.8663 6.4698
10.2289 -1.8762 6.3690
10.2434 -1.8941 6.3056
10.2542 -1.9152 6.2583
10.2635 -1.9373 6.2177
10.2721 -1.9595 6.1801
10.2797 -1.9822 6.1469
10.2866 -2.0052 6.1168
10.2928 -2.0286 6.0898
10.2981 -2.0528 6.0664
10.3023 -2.0782 6.0481
10.3033 -2.1083 6.0437
10.3159 -2.1195 5.9889
10.3257 -2.1341 5.9460
10.3340 -2.1503 5.9096
10.3415 -2.1673 5.8769
10.3484 -2.1848 5.8469
10.3548 -2.2025 5.8189
10.3521 -2.2368 5.8305
10.3467 -2.2770 5.8543
10.3303 -2.3394 5.9257
10.3364 -2.3573 5.8990
10.3307 -2.3995 5.9242
10.3248 -2.4425 5.9498
10.3161 -2.4922 5.9879
10.3134 -2.5293 5.9997
10.3072 -2.5744 6.0265
9.8192 -1.1546 7.9380
9.8362 -1.2033 7.8670
9.8499 -1.2512 7.8095
9.8904 -1.2909 7.6405
9.9330 -1.3264 7.4620
9.9569 -1.3648 7.3623
9.9730 -1.4040 7.2947
9.9861 -1.4432 7.2398
9.9973 -1.4822 7.1933
10.0060 -1.5215 7.1570
10.0083 -1.5637 7.1471
10.0340 -1.5913 7.0396
10.0492 -1.6236 6.9760
10.0620 -1.6563 6.9226
10.0729 -1.6891 6.8768
10.1024 -1.7065 6.7536
10.1184 -1.7325 6.6868
10.1309 -1.7601 6.6342
10.1418 -1.7881 6.5889
10.1514 -1.8164 6.5487
10.1829 -1.8218 6.4168
10.1953 -1.8446 6.3651
10.2059 -1.8682 6.3207
10.2153 -1.8922 6.2815
10.2237 -1.9166 6.2461
10.2314 -1.9412 6.2141
10.2387 -1.9655 6.1837
10.2446 -1.9911 6.1590
10.2491 -2.0180 6.1399
10.2357 -2.0696 6.1962
10.2653 -2.0602 6.0721
10.2759 -2.0766 6.0277
10.2850 -2.0944 5.9898
10.2931 -2.1128 5.9558
10.3006 -2.1317 5.9245
10.3076 -2.1507 5.8955
10.3140 -2.1700 5.8684
10.3341 -2.1648 5.7844
10.3321 -2.1976 5.7929
10.3267 -2.2368 5.8156
10.3210 -2.2769 5.8393
10.3161 -2.3160 5.8598
10.3077 -2.3623 5.8946
10.3044 -2.3994 5.9087
10.2983 -2.4423 5.9342
10.2927 -2.4848 5.9576
10.2849 -2.5323 5.9901
10.2799 -2.5746 6.0110
9.7813 -1.1538 7.8850
9.8102 -1.2003 7.7689
9.8614 -1.2397 7.5640
9.8839 -1.2819 7.4735
9.9010 -1.3240 7.4052
9.9147 -1.3656 7.3500
9.9259 -1.4071 7.3052
9.9336 -1.4492 7.2742
9.9479 -1.4875 7.2172
9.9682 -1.5215 7.1354
9.9843 -1.5563 7.0712
9.9973 -1.5914 7.0190
10.0217 -1.6182 6.9210
10.0455 -1.6434 6.8257
10.0604 -1.6730 6.7661
10.0730 -1.7030 6.7155
10.0840 -1.7333 6.6714
10.1155 -1.7454 6.5453
10.1305 -1.7693 6.4849
10.1437 -1.7937 6.4320
10.1544 -1.8195 6.3894
10.1639 -1.8455 6.3512
10.1724 -1.8717 6.3170
10.1800 -1.8983 6.2866
10.1864 -1.9256 6.2608
10.1912 -1.9542 6.2415
10.1961 -1.9824 6.2222
10.2113 -1.9970 6.1610
10.2227 -2.0153 6.1153
10.2325 -2.0348 6.0760
10.2414 -2.0548 6.0403
10.2496 -2.0750 6.0074
10.2572 -2.0955 5.9772
10.2642 -2.1162 5.9492
10.2887 -2.1089 5.8508
10.2989 -2.1226 5.8101
10.3076 -2.1379 5.7752
10.3125 -2.1588 5.7555
10.3068 -2.1976 5.7783
10.3010 -2.2370 5.8015
10.2949 -2.2775 5.8259
10.2902 -2.3161 5.8449
10.2841 -2.3574 5.8691
10.2663 -2.4222 5.9406
10.2723 -2.4412 5.9165
10.2659 -2.4847 5.9421
10.2594 -2.5291 5.9681
10.2527 -2.5745 5.9951
9.7256 -1.1033 7.9022
9.7827 -1.1482 7.6828
9.8052 -1.1940 7.5961
9.8229 -1.2390 7.5281
9.8375 -1.2833 7.4720
9.8490 -1.3273 7.4276
9.8549 -1.3722 7.4047
9.8797 -1.4097 7.3096
9.8988 -1.4475 7.2360
9.9145 -1.4852 7.1755
9.9280 -1.5228 7.1236
9.9654 -1.5466 6.9797
9.9835 -1.5784 6.9103
9.9982 -1.6108 6.8536
10.0110 -1.6432 6.8043
10.0438 -1.6607 6.6781
10.0613 -1.6868 6.6107
10.0752 -1.7142 6.5573
10.0874 -1.7419 6.5104
10.0984 -1.7696 6.4681
10.1089 -1.7969 6.4278
10.1173 -1.8253 6.3953
10.1244 -1.8542 6.3679
10.1294 -1.8847 6.3487
10.1383 -1.9107 6.3144
10.1539 -1.9287 6.2545
10.1659 -1.9494 6.2084
10.1765 -1.9708 6.1677
10.1860 -1.9927 6.1311
10.1949 -2.0146 6.0967
10.2032 -2.0366 6.0650
10.2261 -2.0382 5.9768
10.2396 -2.0510 5.9248
10.2500 -2.0672 5.8850
10.2592 -2.0842 5.8496
10.2676 -2.1016 5.8171
10.2754 -2.1194 5.7872
10.2826 -2.1373 5.7592
10.2874 -2.1588 5.7410
10.2815 -2.1976 5.7637
10.2755 -2.2370 5.7867
10.2678 -2.2798 5.8161
10.2642 -2.3161 5.8300
10.2580 -2.3574 5.8541
10.2519 -2.3990 5.8775
10.2454 -2.4418 5.9025
10.2391 -2.4847 5.9266
10.2304 -2.5329 5.9600
10.2254 -2.5744 5.9792
10.2184 -2.6204 6.0061
9.6961 -1.0509 7.8198
9.7207 -1.1002 7.7288
9.7391 -1.1483 7.6607
9.7541 -1.1954 7.6051
9.7649 -1.2423 7.5653
9.7799 -1.2873 7.5099
9.8057 -1.3281 7.4143
9.8248 -1.3690 7.3440
9.8408 -1.4095 7.2846
9.8745 -1.4418 7.1602
9.8990 -1.4754 7.0694
9.9166 -1.5104 7.0044
9.9315 -1.5453 6.9494
9.9646 -1.5691 6.8271
9.9862 -1.5970 6.7470
10.0022 -1.6268 6.6880
10.0160 -1.6568 6.6370
10.0283 -1.6868 6.5916
10.0393 -1.7167 6.5510
10.0489 -1.7469 6.5154
10.0570 -1.7776 6.4855
10.0627 -1.8097 6.4644
10.0751 -1.8353 6.4185
10.0914 -1.8562 6.3581
10.1045 -1.8791 6.3097
10.1161 -1.9024 6.2670
10.1266 -1.9260 6.2282
10.1362 -1.9498 6.1926
10.1451 -1.9736 6.1598
10.1738 -1.9733 6.0537
10.1866 -1.9902 6.0063
10.1975 -2.0085 5.9661
10.2072 -2.0273 5.9300
10.2162 -2.0464 5.8967
10.2246 -2.0657 5.8657
10.2325 -2.0850 5.8365
10.2398 -2.1045 5.8097
10.2466 -2.1242 5.7845
10.2530 -2.1441 5.7610
10.2588 -2.1643 5.7395
10.2562 -2.1976 5.7490
10.2502 -2.2366 5.7710
10.2440 -2.2766 5.7942
10.2383 -2.3161 5.8151
10.2280 -2.3643 5.8533
10.2256 -2.3989 5.8621
10.2189 -2.4417 5.8870
10.2065 -2.4956 5.9325
10.2052 -2.5293 5.9373
10.1982 -2.5743 5.9633
9.6475 -1.0511 7.8092
9.6632 -1.1012 7.7532
9.6716 -1.1511 7.7235
9.7009 -1.1971 7.6190
9.7250 -1.2419 7.5334
9.7446 -1.2858 7.4637
9.7611 -1.3291 7.4052
9.8074 -1.3622 7.2406
9.8277 -1.4005 7.1683
9.8450 -1.4385 7.1067
9.8602 -1.4760 7.0527
9.9042 -1.4993 6.8963
9.9228 -1.5317 6.8302
9.9384 -1.5643 6.7744
9.9523 -1.5967 6.7250
9.9647 -1.6290 6.6810
9.9755 -1.6614 6.6427
9.9845 -1.6941 6.6108
9.9903 -1.7285 6.5899
10.0064 -1.7546 6.5327
10.0234 -1.7788 6.4724
10.0381 -1.8036 6.4199
10.0510 -1.8289 6.3742
10.0625 -1.8545 6.3334
10.0730 -1.8801 6.2959
10.0995 -1.8891 6.2015
10.1165 -1.9059 6.1411
10.1296 -1.9255 6.0947
10.1411 -1.9459 6.0537
10.1516 -1.9666 6.0165
10.1613 -1.9874 5.9820
10.1702 -2.0084 5.9502
10.1786 -2.0294 5.9205
10.1864 -2.0505 5.8927
10.1937 -2.0718 5.8668
10.2003 -2.0934 5.8433
10.2061 -2.1156 5.8227
10.2106 -2.1392 5.8066
10.2042 -2.1787 5.8294
10.2133 -2.1951 5.7970
10.2219 -2.2116 5.7665
10.2248 -2.2366 5.7563
10.2183 -2.2766 5.7793
10.1919 -2.3504 5.8730
10.1989 -2.3691 5.8481
10.1993 -2.3988 5.8467
10.1923 -2.4416 5.8715
10.1855 -2.4848 5.8957
10.1782 -2.5292 5.9215
9.5785 -1.0519 7.8673
9.6124 -1.1017 7.7511
9.6378 -1.1500 7.6643
9.6576 -1.1972 7.5964
9.7050 -1.2378 7.4342
9.7306 -1.2798 7.3463
9.7511 -1.3212 7.2761
9.7684 -1.3621 7.2169
9.8127 -1.3927 7.0653
9.8351 -1.4281 6.9885
9.8539 -1.4634 6.9244
9.8696 -1.4986 6.8704
9.8836 -1.5335 6.8225
9.8957 -1.5683 6.7812
9.9057 -1.6034 6.7469
9.9116 -1.6402 6.7267
9.9321 -1.6674 6.6565
9.9504 -1.6946 6.5939
9.9657 -1.7225 6.5414
9.9794 -1.7504 6.4943
9.9919 -1.7783 6.4515
10.0040 -1.8056 6.4101
10.0382 -1.8133 6.2930
10.0543 -1.8344 6.2378
10.0679 -1.8567 6.1912
10.0801 -1.8794 6.1496
10.0912 -1.9022 6.1116
10.1019 -1.9245 6.0748
10.1116 -1.9473 6.0418
10.1206 -1.9700 6.0110
10.1289 -1.9929 5.9825
10.1364 -2.0161 5.9567
10.1431 -2.0398 5.9340
10.1484 -2.0646 5.9158
10.1414 -2.1049 5.9396
10.1517 -2.1228 5.9044
10.1613 -2.1410 5.8715
10.1703 -2.1592 5.8406
10.1787 -2.1776 5.8117
10.1868 -2.1960 5.7842
10.1944 -2.2144 5.7581
10.1993 -2.2366 5.7415
10.1926 -2.2766 5.7644
10.1868 -2.3157 5.7843
10.1801 -2.3566 5.8071
10.1643 -2.4135 5.8612
10.1661 -2.4411 5.8550
10.1578 -2.4863 5.8833
10.1513 -2.5291 5.9058
9.5413 -1.0517 7.8144
9.5870 -1.1004 7.6636
9.6217 -1.1471 7.5492
9.6461 -1.1927 7.4684
9.6668 -1.2373 7.4003
9.7135 -1.2748 7.2459
9.7402 -1.3140 7.1580
9.7610 -1.3530 7.0892
9.7790 -1.3914 7.0300
9.7950 -1.4292 6.9770
9.8086 -1.4668 6.9322
9.8197 -1.5045 6.8954
9.8250 -1.5441 6.8779
9.8514 -1.5729 6.7908
9.8711 -1.6033 6.7260
9.8879 -1.6339 6.6703
9.9030 -1.6644 6.6204
9.9167 -1.6947 6.5752
9.9292 -1.7249 6.5341
9.9682 -1.7352 6.4053
9.9870 -1.7580 6.3434
10.0013 -1.7828 6.2960
10.0143 -1.8078 6.2530
10.0263 -1.8326 6.2134
10.0375 -1.8574 6.1767
10.0478 -1.8821 6.1426
10.0572 -1.9070 6.1114
10.0658 -1.9320 6.0831
10.0741 -1.9568 6.0558
10.0803 -1.9831 6.0353
10.0728 -2.0242 6.0599
10.0844 -2.0440 6.0216
10.0952 -2.0639 5.9860
10.1054 -2.0838 5.9524
10.1148 -2.1039 5.9213
10.1238 -2.1240 5.8917
10.1323 -2.1440 5.8635
10.1403 -2.1641 5.8373
10.1477 -2.1844 5.8127
10.1547 -2.2049 5.7898
10.1610 -2.2258 5.7689
10.1662 -2.2478 5.7517
10.1669 -2.2766 5.7496
10.1612 -2.3152 5.7684
10.1540 -2.3566 5.7920
10.1467 -2.3987 5.8161
10.1396 -2.4410 5.8396
10.1320 -2.4846 5.8645
10.1243 -2.5290 5.8900
10.1164 -2.5743 5.9160
9.4971 -0.9997 7.7858
9.5284 -1.0505 7.6863
9.5541 -1.0997 7.6043
9.6024 -1.1447 7.4506
9.6358 -1.1884 7.3440
9.6604 -1.2313 7.2658
9.6810 -1.2733 7.2003
9.6990 -1.3146 7.1429
9.7143 -1.3553 7.0942
9.7265 -1.3960 7.0552
9.7335 -1.4376 7.0328
9.7627 -1.4703 6.9401
9.7847 -1.5039 6.8698
9.8033 -1.5376 6.8106
9.8198 -1.5710 6.7580
9.8348 -1.6040 6.7103
9.8720 -1.6237 6.5918
9.8944 -1.6496 6.5204
9.9122 -1.6768 6.4640
9.9278 -1.7041 6.4143
9.9420 -1.7314 6.3691
9.9561 -1.7577 6.3241
9.9679 -1.7848 6.2863
9.9789 -1.8118 6.2516
9.9888 -1.8388 6.2199
9.9975 -1.8662 6.1921
10.0045 -1.8946 6.1699
9.9979 -1.9352 6.1908
10.0109 -1.9572 6.1494
10.0230 -1.9794 6.1110
10.0343 -2.0014 6.0750
10.0449 -2.0234 6.0411
10.0550 -2.0453 6.0092
10.0644 -2.0672 5.9790
10.0734 -2.0890 5.9505
10.0816 -2.1111 5.9244
10.0891 -2.1335 5.9004
10.0958 -2.1565 5.8792
10.1008 -2.1811 5.8633
10.0902 -2.2265 5.8970
10.0992 -2.2455 5.8682
10.1078 -2.2644 5.8408
10.1161 -2.2832 5.8145
10.1347 -2.2861 5.7552
10.1358 -2.3144 5.7516
10.1279 -2.3566 5.7769
10.1152 -2.4069 5.8174
10.1131 -2.4410 5.8241
10.1052 -2.4846 5.8490
10.0950 -2.5328 5.8815
10.0891 -2.5743 5.9002
10.0809 -2.6202 5.9264
9.4524 -0.9997 7.7589
9.5196 -1.0494 7.5522
9.5477 -1.0972 7.4658
9.5718 -1.1435 7.3917
9.5927 -1.1887 7.3276
9.6107 -1.2329 7.2722
9.6251 -1.2766 7.2278
9.6324 -1.3211 7.2054
9.6644 -1.3584 7.1070
9.6890 -1.3958 7.0312
9.7096 -1.4329 6.9681
9.7287 -1.4692 6.9092
9.7453 -1.5052 6.8581
9.7918 -1.5270 6.7152
9.8138 -1.5572 6.6476
9.8324 -1.5877 6.5904
9.8491 -1.6179 6.5389
9.8644 -1.6478 6.4920
9.8784 -1.6775 6.4488
9.8913 -1.7069 6.4091
9.9031 -1.7362 6.3729
9.9136 -1.7656 6.3405
9.9220 -1.7959 6.3148
9.9149 -1.8375 6.3365
9.9297 -1.8620 6.2910
9.9434 -1.8865 6.2490
9.9561 -1.9108 6.2098
9.9681 -1.9350 6.1728
9.9793 -1.9591 6.1384
9.9898 -1.9832 6.1062
9.9998 -2.0070 6.0755
10.0091 -2.0309 6.0468
10.0174 -2.0553 6.0215
10.0242 -2.0807 6.0004
10.0245 -2.1131 5.9995
10.0210 -2.1500 6.0102
10.0311 -2.1707 5.9793
10.0405 -2.1914 5.9502
10.0495 -2.2122 5.9226
10.0764 -2.2089 5.8398
10.0892 -2.2227 5.8005
10.1004 -2.2379 5.7661
10.1108 -2.2535 5.7342
10.1175 -2.2736 5.7134
10.1100 -2.3143 5.7366
10.0967 -2.3642 5.7774
10.0939 -2.3989 5.7860
10.0865 -2.4409 5.8087
10.0766 -2.4876 5.8393
10.0680 -2.5327 5.8657
10.0619 -2.5743 5.8845
10.0534 -2.6202 5.9105
9.4205 -0.9481 7.6940
9.4490 -0.9997 7.6095
9.4746 -1.0494 7.5333
9.4948 -1.0979 7.4731
9.5111 -1.1454 7.4248
9.4916 -1.1965 7.4828
9.5583 -1.2348 7.2845
9.5855 -1.2766 7.2038
9.6079 -1.3176 7.1370
9.6284 -1.3577 7.0762
9.6465 -1.3971 7.0224
9.7024 -1.4230 6.8561
9.7253 -1.4571 6.7881
9.7452 -1.4909 6.7290
9.7632 -1.5242 6.6755
9.7797 -1.5571 6.6266
9.7947 -1.5895 6.5818
9.8084 -1.6217 6.5411
9.8206 -1.6538 6.5050
9.8306 -1.6864 6.4753
9.8345 -1.7221 6.4634
9.8386 -1.7574 6.4513
9.8541 -1.7847 6.4053
9.8685 -1.8118 6.3625
9.8834 -1.8375 6.3183
9.8961 -1.8640 6.2805
9.9078 -1.8904 6.2457
9.9187 -1.9169 6.2134
9.9286 -1.9434 6.1840
9.9371 -1.9706 6.1586
9.9425 -2.0002 6.1426
9.9335 -2.0435 6.1694
9.9452 -2.0664 6.1347
9.9562 -2.0893 6.1018
9.9668 -2.1120 6.0703
9.9953 -2.1141 5.9857
10.0104 -2.1296 5.9407
10.0234 -2.1466 5.9021
10.0353 -2.1640 5.8666
10.0466 -2.1816 5.8332
10.0570 -2.1994 5.8022
10.0923 -2.1841 5.6972
10.1048 -2.1970 5.6601
10.1005 -2.2321 5.6729
10.0919 -2.2735 5.6985
10.0841 -2.3142 5.7216
10.0763 -2.3557 5.7450
10.0676 -2.3988 5.7707
10.0594 -2.4418 5.7950
10.0516 -2.4847 5.8184
10.0431 -2.5291 5.8434
10.0346 -2.5743 5.8687
9.3831 -0.9997 7.6476
9.4019 -1.0504 7.5935
9.4411 -1.0986 7.4808
9.4708 -1.1452 7.3955
9.4965 -1.1905 7.3217
9.5193 -1.2346 7.2559
9.5736 -1.2712 7.0999
9.6034 -1.3099 7.0143
9.6272 -1.3481 6.9457
9.6490 -1.3855 6.8831
9.6687 -1.4221 6.8265
9.6864 -1.4581 6.7755
9.7025 -1.4937 6.7293
9.7168 -1.5290 6.6883
9.7285 -1.5645 6.6547
9.7334 -1.6024 6.6404
9.7385 -1.6400 6.6258
9.7562 -1.6705 6.5750
9.7726 -1.7006 6.5279
9.7879 -1.7304 6.4840
9.8021 -1.7598 6.4430
9.8153 -1.7890 6.4050
9.8274 -1.8181 6.3703
9.8394 -1.8466 6.3359
9.8485 -1.8765 6.3097
9.8353 -1.9235 6.3477
9.8488 -1.9493 6.3088
9.8616 -1.9748 6.2719
9.8738 -2.0001 6.2370
9.9057 -2.0065 6.1451
9.9233 -2.0245 6.0946
9.9375 -2.0447 6.0539
9.9513 -2.0644 6.0142
9.9642 -2.0841 5.9771
10.0009 -2.0774 5.8716
10.0171 -2.0911 5.8249
10.0306 -2.1069 5.7863
10.0428 -2.1233 5.7511
10.0542 -2.1400 5.7184
10.0650 -2.1566 5.6874
10.0753 -2.1732 5.6577
10.0827 -2.1929 5.6365
10.0750 -2.2323 5.6587
10.0671 -2.2723 5.6813
10.0583 -2.3142 5.7065
10.0465 -2.3609 5.7404
10.0413 -2.3987 5.7553
10.0329 -2.4417 5.7796
10.0248 -2.4846 5.8027
10.0162 -2.5290 5.8276
9.3424 -0.9997 7.6115
9.3717 -1.0499 7.5301
9.3973 -1.0986 7.4589
9.4649 -1.1419 7.2706
9.4955 -1.1855 7.1856
9.5217 -1.2279 7.1127
9.5448 -1.2693 7.0485
9.5653 -1.3098 6.9915
9.5837 -1.3495 6.9400
9.6010 -1.3885 6.8921
9.6157 -1.4271 6.8512
9.6202 -1.4684 6.8387
9.6265 -1.5086 6.8212
9.6468 -1.5429 6.7646
9.6655 -1.5766 6.7124
9.6829 -1.6097 6.6641
9.6990 -1.6424 6.6192
9.7139 -1.6748 6.5779
9.7273 -1.7071 6.5407
9.7387 -1.7397 6.5090
9.7445 -1.7750 6.4928
9.7383 -1.8178 6.5099
9.7536 -1.8464 6.4675
9.7679 -1.8747 6.4276
9.8028 -1.8869 6.3305
9.8242 -1.9073 6.2710
9.8418 -1.9295 6.2220
9.8577 -1.9520 6.1778
9.8725 -1.9745 6.1366
9.9145 -1.9718 6.0199
9.9332 -1.9879 5.9678
9.9478 -2.0069 5.9271
9.9613 -2.0260 5.8895
9.9741 -2.0450 5.8538
9.9862 -2.0640 5.8202
9.9978 -2.0828 5.7880
10.0089 -2.1014 5.7572
10.0195 -2.1198 5.7275
10.0298 -2.1381 5.6991
10.0397 -2.1562 5.6715
10.0491 -2.1741 5.6452
10.0573 -2.1931 5.6223
10.0494 -2.2325 5.6444
10.0413 -2.2725 5.6669
10.0026 -2.3547 5.7746
10.0235 -2.3565 5.7164
10.0150 -2.3987 5.7400
10.0071 -2.4406 5.7621
9.9981 -2.4845 5.7871
9.9892 -2.5289 5.8118
9.9803 -2.5739 5.8365
9.2970 -0.9484 7.5888
9.3409 -0.9997 7.4705
9.3738 -1.0486 7.3820
9.4023 -1.0958 7.3052
9.4276 -1.1415 7.2368
9.4505 -1.1861 7.1753
9.4708 -1.2296 7.1205
9.4886 -1.2724 7.0726
9.5003 -1.3154 7.0409
9.4985 -1.3609 7.0457
9.5225 -1.3996 6.9812
9.5442 -1.4375 6.9226
9.5643 -1.4746 6.8685
9.5835 -1.5109 6.8167
9.6003 -1.5469 6.7716
9.6151 -1.5828 6.7315
9.6263 -1.6194 6.7014
9.6140 -1.6666 6.7346
9.6321 -1.6990 6.6857
9.6490 -1.7310 6.6402
9.6877 -1.7495 6.5360
9.7127 -1.7740 6.4685
9.7330 -1.7999 6.4140
9.7512 -1.8259 6.3649
9.7681 -1.8518 6.3192
9.8190 -1.8521 6.1822
9.8376 -1.8737 6.1321
9.8542 -1.8956 6.0872
9.8696 -1.9176 6.0457
9.8841 -1.9394 6.0068
9.8981 -1.9607 5.9690
9.9111 -1.9821 5.9339
9.9236 -2.0032 5.9001
9.9356 -2.0240 5.8678
9.9472 -2.0445 5.8367
9.9582 -2.0649 5.8069
9.9690 -2.0849 5.7780
9.9792 -2.1049 5.7505
9.9891 -2.1246 5.7238
9.9984 -2.1443 5.6986
10.0075 -2.1637 5.6741
10.0160 -2.1834 5.6513
10.0240 -2.2031 5.6296
10.0238 -2.2327 5.6302
10.0169 -2.2710 5.6489
10.0033 -2.3185 5.6855
9.9974 -2.3565 5.7014
9.9887 -2.3987 5.7249
9.9806 -2.4405 5.7467
9.9715 -2.4842 5.7710
9.9603 -2.5317 5.8012
9.9531 -2.5738 5.8206
9.9437 -2.6197 5.8461
9.2664 -0.9488 7.5273
9.2954 -0.9997 7.4517
9.3202 -1.0489 7.3867
9.3411 -1.0969 7.3323
9.3549 -1.1443 7.2962
9.3556 -1.1925 7.2944
9.3836 -1.2366 7.2213
9.4091 -1.2794 7.1545
9.4320 -1.3214 7.0948
9.4534 -1.3623 7.0390
9.4722 -1.4027 6.9898
9.4877 -1.4429 6.9492
9.4978 -1.4840 6.9228
9.4917 -1.5302 6.9387
9.5123 -1.5665 6.8850
9.5317 -1.6022 6.8343
9.5842 -1.6221 6.6972
9.6085 -1.6523 6.6339
9.6300 -1.6823 6.5775
9.6856 -1.6931 6.4324
9.7107 -1.7177 6.3668
9.7314 -1.7433 6.3128
9.7502 -1.7690 6.2638
9.7664 -1.7952 6.2214
9.7830 -1.8202 6.1782
9.7985 -1.8449 6.1376
9.8135 -1.8691 6.0985
9.8277 -1.8931 6.0614
9.8414 -1.9166 6.0256
9.8544 -1.9398 5.9915
9.8669 -1.9629 5.9591
9.8788 -1.9856 5.9278
9.8902 -2.0080 5.8980
9.9012 -2.0303 5.8693
9.9115 -2.0525 5.8424
9.9214 -2.0746 5.8166
9.9303 -2.0971 5.7934
9.9380 -2.1203 5.7733
9.9356 -2.1540 5.7794
9.9500 -2.1691 5.7418
9.9632 -2.1848 5.7073
9.9754 -2.2010 5.6757
9.9871 -2.2168 5.6449
9.9982 -2.2329 5.6160
9.9911 -2.2713 5.6346
9.9825 -2.3119 5.6571
9.9712 -2.3565 5.6864
9.9623 -2.3987 5.7097
9.9541 -2.4405 5.7312
9.9448 -2.4842 5.7554
9.9302 -2.5361 5.7936
9.9259 -2.5736 5.8047
9.9162 -2.6196 5.8300
9.1897 -0.9996 7.5847
9.2226 -1.0505 7.5013
9.2542 -1.0995 7.4214
9.2811 -1.1471 7.3533
9.3057 -1.1934 7.2909
9.3277 -1.2387 7.2352
9.3462 -1.2833 7.1883
9.3312 -1.3336 7.2264
9.3563 -1.3755 7.1628
9.3791 -1.4167 7.1050
9.4328 -1.4476 6.9689
9.4638 -1.4827 6.8905
9.4899 -1.5177 6.8243
9.5596 -1.5349 6.6478
9.5858 -1.5656 6.5814
9.6090 -1.5961 6.5226
9.6304 -1.6261 6.4684
9.6504 -1.6555 6.4180
9.6692 -1.6844 6.3702
9.6873 -1.7127 6.3245
9.7042 -1.7405 6.2816
9.7206 -1.7677 6.2401
9.7344 -1.7956 6.2050
9.7493 -1.8220 6.1674
9.7635 -1.8480 6.1313
9.7770 -1.8737 6.0972
9.7900 -1.8990 6.0643
9.8020 -1.9243 6.0339
9.8132 -1.9495 6.0054
9.8234 -1.9750 5.9797
9.8287 -2.0041 5.9661
9.8363 -2.0309 5.9470
9.8520 -2.0498 5.9072
9.8665 -2.0689 5.8705
9.8804 -2.0878 5.8353
9.8936 -2.1066 5.8019
9.9064 -2.1251 5.7696
9.9185 -2.1435 5.7388
9.9304 -2.1615 5.7087
9.9417 -2.1794 5.6799
9.9528 -2.1970 5.6519
9.9636 -2.2143 5.6246
9.9739 -2.2316 5.5985
9.9653 -2.2715 5.6204
9.9564 -2.3122 5.6427
9.9451 -2.3566 5.6714
9.9359 -2.3988 5.6946
9.9276 -2.4404 5.7158
9.9153 -2.4878 5.7467
9.9081 -2.5290 5.7651
9.1569 -1.0511 7.5293
9.1749 -1.1015 7.4850
9.1703 -1.1528 7.4964
9.1999 -1.2005 7.4237
9.2463 -1.2442 7.3096
9.2939 -1.2852 7.1926
9.3839 -1.3152 6.9714
9.4150 -1.3534 6.8950
9.4433 -1.3905 6.8254
9.4696 -1.4266 6.7609
9.4923 -1.4623 6.7050
9.5153 -1.4967 6.6484
9.5372 -1.5301 6.5946
9.5578 -1.5629 6.5442
9.5774 -1.5949 6.4958
9.5961 -1.6263 6.4498
9.6139 -1.6570 6.4062
9.6310 -1.6871 6.3642
9.6469 -1.7168 6.3251
9.6621 -1.7461 6.2878
9.6764 -1.7751 6.2526
9.6881 -1.8048 6.2237
9.6966 -1.8359 6.2029
9.7014 -1.8691 6.1911
9.7205 -1.8919 6.1441
9.7380 -1.9149 6.1011
9.7547 -1.9375 6.0600
9.7706 -1.9599 6.0210
9.7859 -1.9818 5.9835
9.8010 -2.0030 5.9462
9.8152 -2.0242 5.9114
9.8287 -2.0452 5.8782
9.8419 -2.0657 5.8458
9.8545 -2.0861 5.8149
9.8668 -2.1061 5.7847
9.8787 -2.1257 5.7554
9.8901 -2.1452 5.7274
9.9013 -2.1643 5.6999
9.9121 -2.1832 5.6733
9.9225 -2.2019 5.6478
9.9327 -2.2203 5.6227
9.9424 -2.2387 5.5988
9.9394 -2.2717 5.6061
9.9304 -2.3124 5.6283
9.9211 -2.3540 5.6512
9.9087 -2.3998 5.6815
9.9012 -2.4402 5.7001
9.8909 -2.4846 5.7253
9.8812 -2.5288 5.7492
9.8710 -2.5742 5.7741
9.0981 -1.0514 7.5377
9.2053 -1.0974 7.2818
9.2415 -1.1433 7.1954
9.2741 -1.1877 7.1177
9.3042 -1.2306 7.0460
9.3328 -1.2721 6.9776
9.3594 -1.3125 6.9142
9.3848 -1.3516 6.8535
9.4087 -1.3898 6.7966
9.4314 -1.4269 6.7425
9.4519 -1.4635 6.6934
9.4723 -1.4990 6.6448
9.4916 -1.5338 6.5987
9.5094 -1.5681 6.5563
9.5257 -1.6020 6.5175
9.5395 -1.6361 6.4844
9.5389 -1.6762 6.4859
9.5632 -1.7041 6.4279
9.5852 -1.7318 6.3753
9.6060 -1.7590 6.3257
9.6254 -1.7859 6.2794
9.6441 -1.8121 6.2348
9.6621 -1.8378 6.1918
9.6790 -1.8632 6.1517
9.6953 -1.8880 6.1126
9.7110 -1.9125 6.0752
9.7262 -1.9364 6.0391
9.7409 -1.9599 6.0039
9.7549 -1.9831 5.9704
9.7687 -2.0058 5.9377
9.7823 -2.0279 5.9052
9.7950 -2.0499 5.8749
9.8073 -2.0717 5.8456
9.8190 -2.0933 5.8176
9.8304 -2.1146 5.7902
9.8411 -2.1360 5.7648
9.8515 -2.1571 5.7400
9.8609 -2.1787 5.7177
9.8691 -2.2010 5.6981
9.8621 -2.2394 5.7147
9.9068 -2.2204 5.6080
9.9192 -2.2360 5.5784
9.9100 -2.2762 5.6004
9.9044 -2.3126 5.6137
9.8950 -2.3540 5.6362
9.8845 -2.3972 5.6611
9.8747 -2.4401 5.6845
9.8647 -2.4838 5.7084
9.8542 -2.5287 5.7334
9.0749 -0.9484 7.4615
9.1101 -0.9996 7.3800
9.1417 -1.0491 7.3067
9.1733 -1.0969 7.2336
9.2026 -1.1431 7.1656
9.2301 -1.1880 7.1018
9.2561 -1.2317 7.0416
9.2805 -1.2742 6.9851
9.3036 -1.3156 6.9315
9.3250 -1.3562 6.8819
9.3436 -1.3964 6.8388
9.3449 -1.4401 6.8358
9.3756 -1.4751 6.7647
9.4022 -1.5099 6.7029
9.4277 -1.5435 6.6438
9.4518 -1.5764 6.5879
9.4746 -1.6085 6.5352
9.4965 -1.6398 6.4844
9.5172 -1.6704 6.4363
9.5373 -1.7002 6.3897
9.5565 -1.7295 6.3454
9.5750 -1.7580 6.3024
9.5928 -1.7860 6.2612
9.6099 -1.8134 6.2215
9.6254 -1.8410 6.1857
9.6411 -1.8675 6.1492
9.6561 -1.8936 6.1144
9.6707 -1.9194 6.0807
9.6844 -1.9449 6.0490
9.6975 -1.9701 6.0185
9.7094 -1.9956 5.9909
9.7198 -2.0216 5.9668
9.7140 -2.0605 5.9803
9.7673 -2.0493 5.8568
9.7848 -2.0667 5.8161
9.8008 -2.0845 5.7790
9.8161 -2.1022 5.7436
9.8303 -2.1201 5.7106
9.8442 -2.1376 5.6785
9.8574 -2.1550 5.6478
9.8702 -2.1721 5.6182
9.8827 -2.1889 5.5893
9.8947 -2.2055 5.5614
9.8936 -2.2362 5.5641
9.8841 -2.2764 5.5859
9.8786 -2.3126 5.5989
9.8689 -2.3540 5.6212
9.8525 -2.4042 5.6592
9.8483 -2.4399 5.6690
9.8081 -2.5219 5.7620
9.8207 -2.5372 5.7329
9.8163 -2.5745 5.7432
9.0209 -0.9482 7.4576
9.0510 -0.9996 7.3899
9.0754 -1.0497 7.3350
9.0948 -1.0988 7.2913
9.1096 -1.1472 7.2579
9.1468 -1.1925 7.1742
9.1808 -1.2362 7.0975
9.2123 -1.2786 7.0265
9.2424 -1.3197 6.9588
9.2703 -1.3596 6.8959
9.2964 -1.3984 6.8370
9.3221 -1.4361 6.7793
9.3468 -1.4727 6.7235
9.3692 -1.5087 6.6731
9.3918 -1.5434 6.6221
9.4136 -1.5773 6.5730
9.4344 -1.6105 6.5261
9.4545 -1.6429 6.4810
9.4735 -1.6746 6.4381
9.4918 -1.7058 6.3968
9.5090 -1.7365 6.3582
9.5254 -1.7668 6.3213
9.5401 -1.7971 6.2881
9.5761 -1.8145 6.2071
9.5957 -1.8397 6.1628
9.6180 -1.8624 6.1127
9.6378 -1.8854 6.0680
9.6568 -1.9080 6.0253
9.6746 -1.9305 5.9852
9.6918 -1.9524 5.9463
9.7082 -1.9741 5.9095
9.7235 -1.9957 5.8749
9.7388 -2.0166 5.8405
9.7536 -2.0370 5.8072
9.7681 -2.0571 5.7746
9.7820 -2.0768 5.7432
9.7955 -2.0962 5.7128
9.8087 -2.1151 5.6831
9.8216 -2.1337 5.6540
9.8340 -2.1521 5.6262
9.8461 -2.1702 5.5989
9.8580 -2.1878 5.5722
9.8695 -2.2052 5.5460
9.8679 -2.2364 5.5497
9.8583 -2.2766 5.5714
9.8449 -2.3216 5.6016
9.8428 -2.3540 5.6062
9.8337 -2.3950 5.6268
9.8085 -2.4562 5.6835
9.8108 -2.4843 5.6784
9.7977 -2.5319 5.7078
9.7890 -2.5745 5.7274
9.7781 -2.6205 5.7520
8.9753 -0.9996 7.4341
9.0120 -1.0502 7.3538
9.0467 -1.0990 7.2778
9.0792 -1.1462 7.2067
9.1103 -1.1919 7.1385
9.1397 -1.2362 7.0740
9.1679 -1.2793 7.0124
9.1954 -1.3210 6.9520
9.2209 -1.3617 6.8962
9.2451 -1.4014 6.8433
9.2681 -1.4402 6.7929
9.2899 -1.4782 6.7452
9.3081 -1.5161 6.7053
9.3540 -1.5440 6.6046
9.3849 -1.5748 6.5371
9.4116 -1.6057 6.4786
9.4366 -1.6360 6.4238
9.4602 -1.6655 6.3721
9.4827 -1.6944 6.3229
9.5042 -1.7226 6.2758
9.5249 -1.7501 6.2305
9.5447 -1.7771 6.1871
9.5629 -1.8039 6.1473
9.5811 -1.8298 6.1073
9.5991 -1.8549 6.0680
9.6165 -1.8795 6.0298
9.6335 -1.9034 5.9925
9.6499 -1.9269 5.9567
9.6657 -1.9500 5.9220
9.6812 -1.9725 5.8880
9.6955 -1.9951 5.8567
9.7100 -2.0169 5.8250
9.7242 -2.0381 5.7939
9.7381 -2.0589 5.7635
9.7514 -2.0795 5.7343
9.7644 -2.0997 5.7059
9.7771 -2.1195 5.6780
9.7895 -2.1389 5.6508
9.8014 -2.1582 5.6248
9.8130 -2.1772 5.5993
9.8245 -2.1957 5.5743
9.8354 -2.2142 5.5504
9.8422 -2.2365 5.5354
9.8324 -2.2767 5.5569
9.8307 -2.3084 5.5607
9.8149 -2.3562 5.5953
9.8074 -2.3950 5.6116
9.7970 -2.4378 5.6343
9.7840 -2.4842 5.6628
9.7732 -2.5286 5.6865
9.7617 -2.5745 5.7117
8.9172 -0.9996 7.4373
8.9492 -1.0507 7.3691
8.9752 -1.1004 7.3135
8.9955 -1.1493 7.2703
9.0645 -1.1923 7.1234
9.1038 -1.2356 7.0396
9.1392 -1.2775 6.9641
9.1726 -1.3180 6.8930
9.2044 -1.3572 6.8252
9.2349 -1.3950 6.7602
9.2628 -1.4320 6.7009
9.2896 -1.4679 6.6437
9.3156 -1.5027 6.5883
9.3403 -1.5367 6.5358
9.3642 -1.5696 6.4848
9.3873 -1.6017 6.4355
9.4095 -1.6331 6.3884
9.4310 -1.6635 6.3425
9.4518 -1.6933 6.2982
9.4718 -1.7224 6.2557
9.4912 -1.7507 6.2142
9.5101 -1.7784 6.1740
9.5280 -1.8057 6.1358
9.5455 -1.8323 6.0985
9.5627 -1.8582 6.0618
9.5794 -1.8836 6.0262
9.5954 -1.9086 5.9921
9.6111 -1.9330 5.9588
9.6262 -1.9570 5.9265
9.6407 -1.9808 5.8958
9.6538 -2.0048 5.8678
9.6670 -2.0281 5.8396
9.6798 -2.0511 5.8124
9.6914 -2.0745 5.7878
9.7008 -2.0990 5.7676
9.7033 -2.1292 5.7622
9.7185 -2.1478 5.7299
9.7333 -2.1661 5.6984
9.7476 -2.1842 5.6681
9.7614 -2.2019 5.6386
9.7749 -2.2192 5.6097
9.7882 -2.2362 5.5815
9.8011 -2.2528 5.5539
9.8136 -2.2693 5.5273
9.8046 -2.3087 5.5465
9.7944 -2.3499 5.5683
9.7812 -2.3950 5.5964
9.7706 -2.4377 5.6190
9.7573 -2.4842 5.6473
9.7463 -2.5286 5.6708
9.7344 -2.5745 5.6960
8.9061 -0.9996 7.3412
8.9422 -1.0498 7.2663
8.9780 -1.0982 7.1922
9.0126 -1.1449 7.1204
9.0459 -1.1901 7.0513
9.0776 -1.2338 6.9857
9.1082 -1.2762 6.9221
9.1373 -1.3173 6.8618
9.1666 -1.3570 6.8010
9.1947 -1.3955 6.7427
9.2206 -1.4332 6.6890
9.2468 -1.4695 6.6348
9.2714 -1.5050 6.5838
9.2945 -1.5398 6.5358
9.3171 -1.5737 6.4891
9.3384 -1.6069 6.4449
9.3590 -1.6394 6.4022
9.3784 -1.6713 6.3619
9.3969 -1.7027 6.3236
9.4131 -1.7343 6.2900
9.4100 -1.7744 6.2963
9.4323 -1.8018 6.2502
9.4535 -1.8286 6.2062
9.4741 -1.8547 6.1635
9.4961 -1.8790 6.1178
9.5156 -1.9038 6.0775
9.5343 -1.9281 6.0387
9.5525 -1.9519 6.0009
9.5703 -1.9750 5.9641
9.5876 -1.9976 5.9281
9.6045 -2.0197 5.8932
9.6209 -2.0412 5.8591
9.6368 -2.0624 5.8261
9.6524 -2.0831 5.7938
9.6676 -2.1033 5.7623
9.6825 -2.1231 5.7314
9.6970 -2.1425 5.7013
9.7111 -2.1615 5.6721
9.7248 -2.1802 5.6436
9.7383 -2.1985 5.6157
9.7515 -2.2164 5.5883
9.7644 -2.2339 5.5616
9.7771 -2.2510 5.5353
9.7888 -2.2685 5.5109
9.7785 -2.3090 5.5322
9.7681 -2.3502 5.5539
9.7549 -2.3950 5.5812
9.7200 -2.4653 5.6536
9.7302 -2.4846 5.6325
9.7158 -2.5327 5.6623
9.7071 -2.5745 5.6803
9.6955 -2.6205 5.7044
8.8503 -0.9996 7.3391
8.8852 -1.0501 7.2688
8.9179 -1.0990 7.2027
8.9493 -1.1464 7.1392
8.9785 -1.1926 7.0804
9.0051 -1.2376 7.0266
9.0064 -1.2850 7.0240
9.0404 -1.3269 6.9554
9.0717 -1.3677 6.8921
9.1029 -1.4070 6.8292
9.1328 -1.4452 6.7689
9.1615 -1.4822 6.7109
9.1895 -1.5181 6.6545
9.2177 -1.5525 6.5974
9.2437 -1.5863 6.5450
9.2689 -1.6192 6.4942
9.2934 -1.6512 6.4447
9.3171 -1.6823 6.3968
9.3400 -1.7126 6.3506
9.3623 -1.7421 6.3057
9.3839 -1.7709 6.2620
9.4050 -1.7988 6.2194
9.4256 -1.8261 6.1779
9.4454 -1.8528 6.1379
9.4667 -1.8777 6.0949
9.4855 -1.9031 6.0570
9.5038 -1.9278 6.0199
9.5217 -1.9520 5.9837
9.5392 -1.9756 5.9485
9.5561 -1.9988 5.9144
9.5726 -2.0214 5.8811
9.5890 -2.0433 5.8479
9.6051 -2.0647 5.8156
9.6205 -2.0859 5.7845
9.6355 -2.1066 5.7540
9.6503 -2.1268 5.7243
9.6645 -2.1468 5.6955
9.6785 -2.1663 5.6673
9.6921 -2.1855 5.6398
9.7055 -2.2042 5.6128
9.7186 -2.2226 5.5863
9.7314 -2.2406 5.5604
9.7440 -2.2583 5.5351
9.7561 -2.2758 5.5106
9.7525 -2.3093 5.5180
9.7389 -2.3537 5.5454
9.7277 -2.3960 5.5679
9.7156 -2.4400 5.5924
9.7040 -2.4838 5.6157
9.6886 -2.5328 5.6469
9.6799 -2.5745 5.6645
9.6680 -2.6205 5.6885
8.7640 -0.8951 7.3959
8.8029 -0.9483 7.3193
8.8409 -0.9996 7.2446
8.8773 -1.0493 7.1732
8.9121 -1.0973 7.1047
8.9449 -1.1438 7.0401
8.9760 -1.1889 6.9790
9.0063 -1.2327 6.9195
9.0307 -1.2759 6.8714
9.0050 -1.3261 6.9220
9.0355 -1.3670 6.8621
9.0649 -1.4068 6.8042
9.0928 -1.4455 6.7495
9.1204 -1.4830 6.6952
9.1476 -1.5193 6.6416
9.1739 -1.5546 6.5900
9.1993 -1.5890 6.5401
9.2240 -1.6224 6.4915
9.2480 -1.6550 6.4443
9.2711 -1.6867 6.3989
9.2935 -1.7177 6.3548
9.3153 -1.7479 6.3119
9.3366 -1.7774 6.2701
9.3572 -1.8061 6.2295
9.3769 -1.8344 6.1907
9.3962 -1.8620 6.1529
9.4159 -1.8884 6.1141
9.4351 -1.9143 6.0765
9.4521 -1.9405 6.0430
9.4688 -1.9661 6.0102
9.4837 -1.9922 5.9809
9.4775 -2.0318 5.9931
9.4956 -2.0547 5.9575
9.5133 -2.0770 5.9227
9.5306 -2.0989 5.8887
9.5464 -2.1210 5.8575
9.5627 -2.1420 5.8255
9.5787 -2.1626 5.7941
9.5943 -2.1827 5.7635
9.6095 -2.2023 5.7335
9.6244 -2.2216 5.7041
9.6390 -2.2405 5.6756
9.6531 -2.2591 5.6477
9.6670 -2.2773 5.6205
9.6806 -2.2951 5.5938
9.6939 -2.3126 5.5677
9.7069 -2.3297 5.5420
9.7128 -2.3537 5.5304
9.7014 -2.3960 5.5528
9.6890 -2.4400 5.5772
9.6772 -2.4839 5.6004
9.6503 -2.5456 5.6532
9.6526 -2.5745 5.6488
8.7063 -0.8945 7.3935
8.7528 -0.9481 7.3044
8.7964 -0.9996 7.2210
8.8388 -1.0492 7.1397
8.8788 -1.0968 7.0631
8.9169 -1.1428 6.9900
8.9534 -1.1872 6.9202
8.9885 -1.2301 6.8529
9.0213 -1.2717 6.7901
9.0527 -1.3120 6.7300
9.0825 -1.3512 6.6730
9.1094 -1.3895 6.6214
9.1367 -1.4266 6.5691
9.1630 -1.4627 6.5187
9.1879 -1.4979 6.4709
9.2118 -1.5323 6.4252
9.2343 -1.5661 6.3821
9.2551 -1.5994 6.3422
9.2738 -1.6325 6.3065
9.1947 -1.7029 6.4580
9.2190 -1.7342 6.4114
9.2427 -1.7647 6.3660
9.2658 -1.7944 6.3218
9.2882 -1.8233 6.2788
9.3099 -1.8516 6.2372
9.3311 -1.8792 6.1967
9.3517 -1.9061 6.1573
9.3721 -1.9322 6.1182
9.3919 -1.9577 6.0802
9.4110 -1.9827 6.0435
9.4297 -2.0071 6.0077
9.4480 -2.0309 5.9727
9.4658 -2.0543 5.9387
9.5043 -2.0620 5.8648
9.5263 -2.0802 5.8227
9.5459 -2.0991 5.7851
9.5650 -2.1176 5.7486
9.5824 -2.1365 5.7153
9.5993 -2.1550 5.6829
9.6158 -2.1731 5.6512
9.6319 -2.1909 5.6205
9.6472 -2.2085 5.5911
9.6622 -2.2258 5.5624
9.6768 -2.2427 5.5344
9.6912 -2.2592 5.5069
9.7052 -2.2754 5.4800
9.6986 -2.3116 5.4926
9.6868 -2.3537 5.5153
9.6751 -2.3960 5.5376
9.6599 -2.4428 5.5668
9.6504 -2.4840 5.5850
9.6303 -2.5374 5.6235
9.6256 -2.5741 5.6324
8.6795 -1.1039 7.3323
8.7184 -1.1534 7.2596
8.7563 -1.2013 7.1889
8.9272 -1.2325 6.8699
8.9710 -1.2732 6.7881
9.0088 -1.3128 6.7176
9.0432 -1.3514 6.6533
9.0750 -1.3889 6.5940
9.1058 -1.4252 6.5363
9.1357 -1.4604 6.4806
9.1639 -1.4947 6.4279
9.1913 -1.5280 6.3768
9.2173 -1.5604 6.3282
9.2425 -1.5920 6.2812
9.2667 -1.6228 6.2360
9.2899 -1.6528 6.1927
9.3125 -1.6821 6.1505
9.3324 -1.7115 6.1133
9.3533 -1.7396 6.0744
9.3735 -1.7671 6.0366
9.3927 -1.7941 6.0008
9.4114 -1.8206 5.9658
9.4289 -1.8468 5.9331
9.4460 -1.8725 5.9012
9.4632 -1.8974 5.8691
9.4782 -1.9228 5.8411
9.4902 -1.9494 5.8186
9.4669 -1.9985 5.8621
9.4851 -2.0207 5.8282
9.5033 -2.0421 5.7942
9.5206 -2.0632 5.7618
9.5376 -2.0839 5.7302
9.5541 -2.1041 5.6993
9.5703 -2.1239 5.6691
9.5861 -2.1432 5.6395
9.6016 -2.1621 5.6106
9.6168 -2.1806 5.5824
9.6316 -2.1987 5.5547
9.6461 -2.2164 5.5276
9.6602 -2.2338 5.5012
9.6740 -2.2508 5.4754
9.6840 -2.2710 5.4568
9.6728 -2.3116 5.4776
9.6615 -2.3529 5.4989
9.6486 -2.3963 5.5229
9.6188 -2.4581 5.5785
9.6231 -2.4845 5.5705
9.6084 -2.5316 5.5980
9.5984 -2.5741 5.6166
9.5858 -2.6200 5.6401
8.6571 -1.0512 7.2648
8.6998 -1.1010 7.1870
8.7412 -1.1490 7.1117
8.7797 -1.1954 7.0416
8.8169 -1.2402 6.9739
8.8529 -1.2835 6.9084
8.8875 -1.3255 6.8453
8.9205 -1.3663 6.7853
8.9522 -1.4058 6.7276
8.9826 -1.4442 6.6723
9.0679 -1.4680 6.5170
9.1091 -1.4997 6.4421
9.1431 -1.5317 6.3802
9.1742 -1.5630 6.3235
9.2034 -1.5936 6.2703
9.2308 -1.6235 6.2204
9.2573 -1.6526 6.1723
9.2822 -1.6811 6.1268
9.3040 -1.7098 6.0871
9.3274 -1.7369 6.0446
9.3497 -1.7635 6.0040
9.3714 -1.7893 5.9645
9.3922 -1.8147 5.9267
9.4123 -1.8395 5.8901
9.4319 -1.8637 5.8544
9.4509 -1.8873 5.8198
9.4691 -1.9106 5.7866
9.4869 -1.9334 5.7542
9.5039 -1.9559 5.7233
9.5204 -1.9779 5.6932
9.5366 -1.9995 5.6638
9.5518 -2.0210 5.6360
9.5668 -2.0420 5.6088
9.5812 -2.0628 5.5826
9.5948 -2.0835 5.5577
9.6081 -2.1039 5.5335
9.6175 -2.1270 5.5165
9.5887 -2.1815 5.5688
9.6036 -2.1998 5.5417
9.6182 -2.2178 5.5152
9.6325 -2.2353 5.4892
9.6464 -2.2525 5.4638
9.6584 -2.2710 5.4419
9.6470 -2.3116 5.4627
9.6354 -2.3529 5.4838
9.6223 -2.3963 5.5078
9.6103 -2.4391 5.5296
9.5962 -2.4846 5.5551
9.5838 -2.5289 5.5778
9.5712 -2.5740 5.6007
8.6042 -1.0514 7.2535
8.6461 -1.1014 7.1792
8.6875 -1.1496 7.1057
8.7262 -1.1963 7.0370
8.7635 -1.2415 6.9706
8.7997 -1.2851 6.9064
8.8347 -1.3274 6.8442
8.8688 -1.3683 6.7837
8.9010 -1.4082 6.7265
8.9312 -1.4470 6.6729
8.9611 -1.4847 6.6198
8.9910 -1.5210 6.5667
9.0180 -1.5568 6.5188
9.0463 -1.5911 6.4686
9.0738 -1.6245 6.4198
9.1005 -1.6569 6.3724
9.1265 -1.6884 6.3262
9.1518 -1.7191 6.2813
9.2489 -1.7192 6.1089
9.2785 -1.7442 6.0563
9.3062 -1.7689 6.0072
9.3318 -1.7934 5.9617
9.3557 -1.8175 5.9192
9.3785 -1.8412 5.8787
9.4003 -1.8645 5.8400
9.4211 -1.8874 5.8031
9.4412 -1.9099 5.7675
9.4607 -1.9317 5.7328
9.4796 -1.9532 5.6993
9.4977 -1.9743 5.6672
9.5154 -1.9950 5.6358
9.5324 -2.0153 5.6055
9.5489 -2.0353 5.5763
9.5650 -2.0548 5.5477
9.5805 -2.0741 5.5200
9.5956 -2.0931 5.4934
9.5890 -2.1286 5.5049
9.5779 -2.1683 5.5247
9.5590 -2.2149 5.5582
9.5738 -2.2333 5.5320
9.5882 -2.2514 5.5063
9.6024 -2.2690 5.4812
9.6163 -2.2864 5.4565
9.6212 -2.3116 5.4478
9.6073 -2.3549 5.4725
9.5959 -2.3964 5.4927
9.5837 -2.4391 5.5144
9.5694 -2.4846 5.5398
9.5567 -2.5290 5.5623
9.5443 -2.5736 5.5843
8.5500 -1.0516 7.2438
8.5916 -1.1019 7.1717
8.6331 -1.1503 7.0998
8.6714 -1.1973 7.0334
8.7090 -1.2428 6.9683
8.7455 -1.2868 6.9052
8.7806 -1.3294 6.8443
8.8147 -1.3708 6.7853
8.8471 -1.4110 6.7291
8.8802 -1.4496 6.6719
8.9120 -1.4872 6.6167
8.9422 -1.5238 6.5644
8.9735 -1.5589 6.5101
9.0020 -1.5934 6.4608
9.0297 -1.6270 6.4129
9.0566 -1.6597 6.3662
9.0828 -1.6915 6.3208
9.1083 -1.7225 6.2767
9.1331 -1.7526 6.2336
9.1573 -1.7820 6.1917
9.1809 -1.8106 6.1509
9.2039 -1.8385 6.1111
9.2263 -1.8657 6.0723
9.2483 -1.8921 6.0342
9.2701 -1.9177 5.9964
9.2909 -1.9430 5.9604
9.3901 -1.9224 5.7885
9.4167 -1.9408 5.7425
9.4397 -1.9602 5.7026
9.4613 -1.9796 5.6652
9.4813 -1.9991 5.6305
9.5007 -2.0181 5.5969
9.5190 -2.0371 5.5652
9.5369 -2.0557 5.5343
9.5540 -2.0741 5.5047
9.5705 -2.0921 5.4761
9.5605 -2.1303 5.4934
9.5491 -2.1701 5.5131
9.5200 -2.2249 5.5635
9.5352 -2.2435 5.5372
9.5500 -2.2616 5.5115
9.5646 -2.2794 5.4863
9.5789 -2.2969 5.4615
9.5929 -2.3140 5.4373
9.5839 -2.3524 5.4529
9.5696 -2.3964 5.4776
9.5579 -2.4384 5.4979
9.5425 -2.4847 5.5245
9.5262 -2.5326 5.5526
9.5171 -2.5736 5.5685
9.5039 -2.6193 5.5914
8.4984 -1.0517 7.2289
8.5423 -1.1021 7.1547
8.5887 -1.1504 7.0763
8.6286 -1.1973 7.0087
8.6678 -1.2427 6.9426
8.7056 -1.2866 6.8785
8.7423 -1.3291 6.8166
8.7778 -1.3702 6.7566
8.8112 -1.4103 6.7001
8.8442 -1.4490 6.6443
8.8763 -1.4866 6.5900
8.9077 -1.5230 6.5369
8.9398 -1.5579 6.4826
8.9694 -1.5922 6.4326
8.9980 -1.6256 6.3843
9.0257 -1.6581 6.3374
9.0528 -1.6897 6.2917
9.0791 -1.7204 6.2472
9.1047 -1.7503 6.2040
9.1296 -1.7794 6.1618
9.1538 -1.8078 6.1208
9.1775 -1.8354 6.0808
9.2005 -1.8624 6.0419
9.2240 -1.8882 6.0023
9.2465 -1.9135 5.9642
9.2677 -1.9385 5.9283
9.2885 -1.9629 5.8932
9.3087 -1.9868 5.8589
9.3285 -2.0101 5.8255
9.3478 -2.0328 5.7928
9.3667 -2.0551 5.7609
9.3848 -2.0770 5.7303
9.4029 -2.0983 5.6998
9.4205 -2.1191 5.6701
9.5105 -2.0863 5.5178
9.5317 -2.1015 5.4820
9.5318 -2.1320 5.4818
9.4870 -2.1981 5.5575
9.5028 -2.2168 5.5309
9.5182 -2.2351 5.5048
9.5334 -2.2531 5.4792
9.5482 -2.2707 5.4541
9.5627 -2.2879 5.4296
9.5704 -2.3109 5.4166
9.5577 -2.3525 5.4380
9.5341 -2.4053 5.4780
9.5313 -2.4385 5.4827
9.5184 -2.4820 5.5045
9.4987 -2.5330 5.5377
9.4899 -2.5735 5.5527
9.4764 -2.6193 5.5755
8.4939 -1.0509 7.1357
8.5378 -1.1004 7.0632
8.5782 -1.1484 6.9967
8.6167 -1.1948 6.9330
8.6534 -1.2399 6.8724
8.6889 -1.2836 6.8139
8.7233 -1.3259 6.7571
8.7543 -1.3675 6.7060
8.7859 -1.4076 6.6538
8.8168 -1.4467 6.6029
8.8457 -1.4849 6.5552
8.8728 -1.5223 6.5104
8.9049 -1.5573 6.4574
8.9279 -1.5936 6.4195
8.9043 -1.6433 6.4584
8.9323 -1.6770 6.4122
8.9596 -1.7099 6.3672
9.0158 -1.7309 6.2744
9.0456 -1.7600 6.2252
9.0740 -1.7883 6.1783
9.1012 -1.8161 6.1334
9.1270 -1.8433 6.0908
9.1521 -1.8699 6.0494
9.1766 -1.8957 6.0091
9.2034 -1.9193 5.9647
9.2261 -1.9440 5.9273
9.2482 -1.9681 5.8908
9.2698 -1.9916 5.8552
9.2908 -2.0146 5.8206
9.3110 -2.0371 5.7871
9.3308 -2.0591 5.7545
9.3504 -2.0805 5.7222
9.3693 -2.1015 5.6910
9.3877 -2.1220 5.6606
9.4058 -2.1421 5.6308
9.4234 -2.1618 5.6018
9.4405 -2.1811 5.5735
9.4572 -2.2000 5.5459
9.4736 -2.2185 5.5188
9.4897 -2.2366 5.4924
9.5054 -2.2544 5.4664
9.5207 -2.2717 5.4410
9.5358 -2.2888 5.4162
9.5445 -2.3109 5.4019
9.5316 -2.3526 5.4231
9.5094 -2.4036 5.4598
9.5047 -2.4386 5.4675
9.4916 -2.4821 5.4891
9.4567 -2.5480 5.5468
9.4626 -2.5735 5.5369
8.4565 -1.0508 7.0988
8.5042 -1.1000 7.0219
8.5476 -1.1476 6.9519
8.5894 -1.1936 6.8846
8.6292 -1.2381 6.8205
8.6677 -1.2812 6.7584
8.7050 -1.3228 6.6983
8.7399 -1.3634 6.6419
8.7735 -1.4028 6.5879
8.8061 -1.4410 6.5353
8.8386 -1.4780 6.4829
8.8709 -1.5137 6.4309
8.9014 -1.5485 6.3818
8.9308 -1.5825 6.3344
8.9594 -1.6155 6.2883
8.9872 -1.6476 6.2435
9.0142 -1.6788 6.1999
9.0402 -1.7094 6.1580
9.0655 -1.7391 6.1173
9.0902 -1.7681 6.0775
9.1142 -1.7964 6.0388
9.1376 -1.8240 6.0011
9.1607 -1.8508 5.9640
9.1848 -1.8761 5.9251
9.2062 -1.9019 5.8906
9.2271 -1.9270 5.8569
9.2475 -1.9516 5.8239
9.2672 -1.9758 5.7923
9.2863 -1.9995 5.7615
9.3050 -2.0227 5.7313
9.3230 -2.0456 5.7024
9.3403 -2.0682 5.6744
9.3573 -2.0903 5.6470
9.3740 -2.1119 5.6202
9.3899 -2.1334 5.5945
9.4049 -2.1549 5.5703
9.4196 -2.1761 5.5466
9.4314 -2.1989 5.5276
9.4026 -2.2530 5.5740
9.4390 -2.2558 5.5154
9.4591 -2.2706 5.4829
9.4766 -2.2869 5.4547
9.4937 -2.3027 5.4272
9.5104 -2.3182 5.4002
9.5055 -2.3527 5.4082
9.4921 -2.3951 5.4297
9.4781 -2.4387 5.4523
9.4648 -2.4822 5.4738
9.4365 -2.5409 5.5193
9.4342 -2.5747 5.5232
8.4023 -1.0510 7.0887
8.4265 -1.1014 7.0506
8.4273 -1.1522 7.0494
8.4708 -1.1997 6.9809
8.5119 -1.2456 6.9162
8.5509 -1.2902 6.8548
8.6344 -1.3271 6.7233
8.6796 -1.3667 6.6522
8.7178 -1.4058 6.5920
8.7541 -1.4437 6.5349
8.7902 -1.4803 6.4781
8.8245 -1.5159 6.4242
8.8579 -1.5503 6.3716
8.8902 -1.5837 6.3207
8.9213 -1.6162 6.2718
8.9514 -1.6478 6.2244
8.9804 -1.6785 6.1787
9.0084 -1.7085 6.1347
9.0356 -1.7377 6.0919
9.0620 -1.7661 6.0503
9.0875 -1.7938 6.0101
9.1122 -1.8209 5.9713
9.1375 -1.8467 5.9315
9.1619 -1.8720 5.8931
9.1847 -1.8970 5.8571
9.2068 -1.9216 5.8224
9.2283 -1.9456 5.7886
9.2492 -1.9690 5.7556
9.2697 -1.9919 5.7234
9.2896 -2.0143 5.6920
9.3094 -2.0360 5.6609
9.3282 -2.0575 5.6312
9.3466 -2.0785 5.6023
9.3647 -2.0991 5.5739
9.3823 -2.1193 5.5461
9.3994 -2.1390 5.5192
9.4161 -2.1585 5.4929
9.4324 -2.1776 5.4673
9.4484 -2.1962 5.4421
9.4640 -2.2145 5.4175
9.4794 -2.2325 5.3933
9.4943 -2.2501 5.3698
9.5012 -2.2740 5.3589
9.4883 -2.3149 5.3793
9.4786 -2.3534 5.3946
9.4657 -2.3953 5.4149
9.4520 -2.4383 5.4364
9.4361 -2.4840 5.4614
9.4194 -2.5311 5.4878
9.4070 -2.5746 5.5072
9.3928 -2.6204 5.5296
8.3466 -0.9996 7.0802
8.3936 -1.0503 7.0080
8.4374 -1.0992 6.9407
8.4803 -1.1466 6.8747
8.5209 -1.1924 6.8122
8.5601 -1.2368 6.7519
8.5973 -1.2799 6.6948
8.6332 -1.3217 6.6395
8.6678 -1.3624 6.5863
8.7021 -1.4017 6.5336
8.7343 -1.4401 6.4840
8.7636 -1.4779 6.4390
8.7890 -1.5154 6.3999
8.7661 -1.5642 6.4352
8.7980 -1.5990 6.3861
8.8287 -1.6328 6.3389
8.8585 -1.6658 6.2930
8.8874 -1.6978 6.2485
8.9151 -1.7292 6.2061
8.9419 -1.7598 6.1647
8.9680 -1.7897 6.1246
9.0304 -1.8038 6.0286
9.0606 -1.8291 5.9822
9.0888 -1.8542 5.9389
9.1169 -1.8783 5.8957
9.1427 -1.9024 5.8561
9.1670 -1.9262 5.8187
9.1907 -1.9494 5.7822
9.2137 -1.9720 5.7468
9.2356 -1.9944 5.7131
9.2571 -2.0162 5.6801
9.2790 -2.0369 5.6464
9.2991 -2.0578 5.6155
9.3187 -2.0783 5.5854
9.3378 -2.0984 5.5560
9.3565 -2.1180 5.5273
9.3747 -2.1372 5.4993
9.3923 -2.1561 5.4722
9.4095 -2.1747 5.4457
9.4263 -2.1928 5.4198
9.4428 -2.2106 5.3944
9.4590 -2.2280 5.3696
9.4746 -2.2451 5.3455
9.4755 -2.2741 5.3443
9.4623 -2.3150 5.3645
9.4529 -2.3531 5.3790
9.4392 -2.3954 5.4000
9.4253 -2.4385 5.4214
9.4093 -2.4840 5.4460
9.3951 -2.5284 5.4678
9.3799 -2.5745 5.4913
8.3458 -0.9489 6.9886
8.3947 -0.9996 6.9150
8.4389 -1.0486 6.8486
8.4801 -1.0960 6.7867
8.5194 -1.1419 6.7277
8.5557 -1.1866 6.6731
8.5894 -1.2301 6.6224
8.6170 -1.2730 6.5810
8.6029 -1.3204 6.6021
8.6424 -1.3602 6.5428
8.6809 -1.3987 6.4849
8.7169 -1.4361 6.4308
8.7513 -1.4726 6.3792
8.7850 -1.5078 6.3285
8.8165 -1.5423 6.2811
8.8465 -1.5761 6.2360
8.8757 -1.6089 6.1922
8.9035 -1.6410 6.1504
8.9304 -1.6723 6.1100
8.9562 -1.7030 6.0713
8.9809 -1.7331 6.0342
9.0046 -1.7627 5.9985
9.0269 -1.7919 5.9649
9.0479 -1.8207 5.9334
9.0651 -1.8505 5.9075
9.0443 -1.8971 5.9389
9.0702 -1.9220 5.8999
9.0938 -1.9472 5.8644
9.1165 -1.9720 5.8304
9.1386 -1.9961 5.7972
9.1602 -2.0198 5.7647
9.1808 -2.0431 5.7336
9.2010 -2.0659 5.7033
9.2214 -2.0878 5.6727
9.2636 -2.0952 5.6092
9.2900 -2.1113 5.5697
9.3124 -2.1289 5.5359
9.3336 -2.1466 5.5041
9.3536 -2.1643 5.4740
9.3732 -2.1816 5.4446
9.3916 -2.1990 5.4170
9.4095 -2.2160 5.3899
9.4271 -2.2326 5.3635
9.4441 -2.2490 5.3380
9.4497 -2.2742 5.3296
9.4363 -2.3151 5.3497
9.4133 -2.3648 5.3843
9.4127 -2.3956 5.3852
9.3911 -2.4454 5.4177
9.3825 -2.4841 5.4306
8.2887 -0.9486 6.9825
8.3470 -0.9996 6.8968
8.4004 -1.0485 6.8184
8.4490 -1.0956 6.7471
8.4948 -1.1410 6.6798
8.5383 -1.1848 6.6159
8.5790 -1.2273 6.5560
8.6174 -1.2685 6.4997
8.6531 -1.3086 6.4472
8.6877 -1.3476 6.3963
8.7215 -1.3853 6.3467
8.7551 -1.4219 6.2974
8.7859 -1.4577 6.2522
8.8154 -1.4927 6.2088
8.8431 -1.5270 6.1681
8.8690 -1.5608 6.1301
8.8927 -1.5942 6.0953
8.9114 -1.6282 6.0678
8.9054 -1.6694 6.0766
8.9342 -1.6990 6.0343
8.9620 -1.7279 5.9935
8.9889 -1.7562 5.9540
9.0146 -1.7838 5.9162
9.0396 -1.8108 5.8794
9.0623 -1.8379 5.8461
9.0856 -1.8638 5.8119
9.1078 -1.8894 5.7793
9.1294 -1.9144 5.7476
9.1503 -1.9389 5.7168
9.1702 -1.9633 5.6876
9.1897 -1.9871 5.6590
9.2080 -2.0108 5.6321
9.2246 -2.0348 5.6077
9.2409 -2.0584 5.5838
9.2559 -2.0821 5.5617
9.2642 -2.1096 5.5495
9.2571 -2.1470 5.5600
9.2761 -2.1668 5.5320
9.2946 -2.1864 5.5049
9.3125 -2.2057 5.4786
9.3300 -2.2246 5.4529
9.3471 -2.2431 5.4278
9.3636 -2.2615 5.4035
9.3797 -2.2795 5.3798
9.3955 -2.2972 5.3566
9.4110 -2.3146 5.3339
9.3980 -2.3555 5.3531
9.3842 -2.3976 5.3733
9.3467 -2.4610 5.4283
9.3552 -2.4845 5.4158
8.2232 -0.9482 6.9876
8.2408 -0.9996 6.9624
8.2877 -1.0498 6.8950
8.3330 -1.0983 6.8299
8.3766 -1.1453 6.7673
8.4176 -1.1908 6.7084
8.5159 -1.2295 6.5673
8.5672 -1.2698 6.4937
8.6101 -1.3092 6.4321
8.6507 -1.3475 6.3738
8.6898 -1.3844 6.3176
8.7265 -1.4204 6.2649
8.7618 -1.4553 6.2141
8.7959 -1.4891 6.1652
8.8281 -1.5222 6.1190
8.8592 -1.5543 6.0743
8.8887 -1.5858 6.0320
8.9173 -1.6164 5.9909
8.9443 -1.6464 5.9520
8.9707 -1.6757 5.9142
8.9955 -1.7045 5.8786
9.0196 -1.7327 5.8439
9.0456 -1.7592 5.8066
9.0677 -1.7864 5.7749
9.0882 -1.8134 5.7454
9.1074 -1.8403 5.7178
9.1242 -1.8675 5.6937
9.1070 -1.9105 5.7183
9.1300 -1.9340 5.6853
9.1525 -1.9570 5.6531
9.1739 -1.9797 5.6223
9.1937 -2.0025 5.5938
9.2142 -2.0242 5.5645
9.2336 -2.0457 5.5366
9.2527 -2.0668 5.5092
9.2713 -2.0874 5.4825
9.2890 -2.1079 5.4570
9.3063 -2.1280 5.4321
9.3233 -2.1478 5.4078
9.3394 -2.1675 5.3847
9.3552 -2.1868 5.3620
9.3703 -2.2060 5.3402
9.3848 -2.2252 5.3195
9.3988 -2.2442 5.2993
9.3983 -2.2743 5.3001
9.3854 -2.3143 5.3185
9.3717 -2.3557 5.3383
9.3576 -2.3978 5.3584
9.3347 -2.4481 5.3913
9.3283 -2.4846 5.4005
9.3135 -2.5289 5.4218
8.2022 -0.8977 6.9290
8.2527 -0.9496 6.8580
8.2998 -0.9996 6.7919
8.3428 -1.0480 6.7315
8.3827 -1.0950 6.6755
8.4193 -1.1406 6.6241
8.4515 -1.1853 6.5788
8.4644 -1.2305 6.5607
8.4717 -1.2759 6.5505
8.5133 -1.3167 6.4921
8.5536 -1.3561 6.4355
8.5917 -1.3944 6.3819
8.6268 -1.4319 6.3327
8.6592 -1.4686 6.2872
8.7377 -1.4941 6.1769
8.7797 -1.5254 6.1179
8.8174 -1.5562 6.0650
8.8520 -1.5865 6.0165
8.8847 -1.6161 5.9704
8.9159 -1.6450 5.9267
8.9454 -1.6733 5.8853
8.9738 -1.7009 5.8454
9.0008 -1.7279 5.8074
9.0291 -1.7535 5.7677
9.0544 -1.7793 5.7321
9.0784 -1.8047 5.6984
9.1019 -1.8294 5.6655
9.1242 -1.8538 5.6341
9.1459 -1.8777 5.6037
9.1667 -1.9013 5.5744
9.1871 -1.9242 5.5458
9.2063 -1.9471 5.5188
9.2245 -1.9698 5.4932
9.2420 -1.9923 5.4686
9.2583 -2.0148 5.4458
9.2732 -2.0376 5.4249
9.2853 -2.0616 5.4079
9.2676 -2.1041 5.4327
9.2866 -2.1232 5.4061
9.3051 -2.1419 5.3800
9.3229 -2.1604 5.3550
9.3403 -2.1787 5.3307
9.3573 -2.1965 5.3068
9.3737 -2.2142 5.2838
9.3860 -2.2344 5.2664
9.3724 -2.2744 5.2855
9.3586 -2.3151 5.3049
9.3453 -2.3559 5.3235
9.3297 -2.3991 5.3456
9.3151 -2.4420 5.3660
9.3014 -2.4847 5.3852
9.2864 -2.5290 5.4064
9.2704 -2.5748 5.4288
8.1913 -0.9492 6.8579
8.2575 -0.9996 6.7670
8.3104 -1.0478 6.6942
8.3596 -1.0943 6.6267
8.4055 -1.1392 6.5636
8.4481 -1.1827 6.5050
8.4874 -1.2249 6.4511
8.5262 -1.2658 6.3978
8.5630 -1.3055 6.3472
8.5971 -1.3443 6.3005
8.6286 -1.3823 6.2571
8.6597 -1.4193 6.2144
8.6843 -1.4564 6.1807
8.6669 -1.5017 6.2046
8.7016 -1.5354 6.1569
8.7345 -1.5684 6.1118
8.7661 -1.6005 6.0683
8.7959 -1.6320 6.0274
8.8246 -1.6628 5.9879
8.8798 -1.6840 5.9121
8.9233 -1.7072 5.8524
8.9575 -1.7322 5.8053
8.9896 -1.7567 5.7613
9.0189 -1.7812 5.7211
9.0468 -1.8052 5.6827
9.0730 -1.8290 5.6467
9.0984 -1.8521 5.6118
9.1224 -1.8750 5.5788
9.1459 -1.8974 5.5467
9.1690 -1.9190 5.5149
9.1906 -1.9406 5.4852
9.2113 -1.9619 5.4567
9.2313 -1.9828 5.4292
9.2509 -2.0033 5.4024
9.2694 -2.0237 5.3769
9.2876 -2.0437 5.3519
9.3051 -2.0634 5.3279
9.3219 -2.0829 5.3048
9.3384 -2.1021 5.2822
9.3538 -2.1214 5.2610
9.3689 -2.1403 5.2403
9.3830 -2.1594 5.2209
9.3712 -2.1972 5.2372
9.3604 -2.2345 5.2519
9.3466 -2.2745 5.2709
9.3325 -2.3152 5.2902
9.3076 -2.3652 5.3244
9.3033 -2.3992 5.3304
9.2885 -2.4420 5.3507
9.2745 -2.4848 5.3699
9.2563 -2.5317 5.3949
9.2431 -2.5748 5.4131
9.2273 -2.6207 5.4347
8.1203 -0.8979 6.8695
8.1681 -0.9496 6.8052
8.2100 -0.9996 6.7489
8.2492 -1.0482 6.6962
8.2824 -1.0956 6.6516
8.3246 -1.1413 6.5949
8.3936 -1.1837 6.5022
8.4442 -1.2253 6.4342
8.4903 -1.2655 6.3723
8.5331 -1.3045 6.3147
8.5737 -1.3424 6.2603
8.6137 -1.3789 6.2065
8.6497 -1.4146 6.1580
8.6835 -1.4496 6.1126
8.7157 -1.4837 6.0693
8.7458 -1.5171 6.0289
8.7743 -1.5499 5.9906
8.8012 -1.5820 5.9545
8.8259 -1.6139 5.9212
8.8479 -1.6457 5.8917
8.8637 -1.6787 5.8706
8.8563 -1.7189 5.8805
8.8850 -1.7466 5.8418
8.9122 -1.7738 5.8053
8.9363 -1.8013 5.7729
8.9611 -1.8277 5.7397
8.9849 -1.8536 5.7076
9.0398 -1.8650 5.6338
9.0760 -1.8830 5.5853
9.1053 -1.9030 5.5459
9.1336 -1.9224 5.5078
9.1582 -1.9428 5.4748
9.1819 -1.9628 5.4429
9.2043 -1.9826 5.4128
9.2261 -2.0020 5.3835
9.2467 -2.0213 5.3558
9.2668 -2.0402 5.3288
9.2861 -2.0588 5.3028
9.3048 -2.0772 5.2778
9.3231 -2.0952 5.2532
9.3404 -2.1132 5.2299
9.3574 -2.1308 5.2070
9.3591 -2.1586 5.2048
9.3458 -2.1973 5.2227
9.3298 -2.2383 5.2441
9.3208 -2.2746 5.2563
9.3068 -2.3151 5.2751
9.2811 -2.3654 5.3096
9.2769 -2.3992 5.3152
9.2619 -2.4421 5.3354
9.2476 -2.4849 5.3546
9.2321 -2.5292 5.3755
9.2158 -2.5748 5.3974
8.0557 -0.8972 6.8711
8.1247 -0.9496 6.7803
8.1828 -0.9996 6.7039
8.2338 -1.0477 6.6369
8.2806 -1.0942 6.5753
8.3238 -1.1392 6.5185
8.3638 -1.1830 6.4660
8.4005 -1.2257 6.4177
8.4348 -1.2673 6.3726
8.4662 -1.3081 6.3314
8.4893 -1.3490 6.3010
8.5534 -1.3826 6.2166
8.6035 -1.4164 6.1508
8.6454 -1.4501 6.0957
8.6839 -1.4830 6.0451
8.7197 -1.5152 5.9980
8.7532 -1.5467 5.9540
8.7850 -1.5775 5.9122
8.8152 -1.6076 5.8724
8.8437 -1.6372 5.8350
8.8711 -1.6661 5.7990
8.8968 -1.6946 5.7651
8.9213 -1.7227 5.7329
8.9440 -1.7506 5.7031
8.9650 -1.7783 5.6755
8.9835 -1.8063 5.6511
8.9954 -1.8364 5.6356
8.9858 -1.8754 5.6482
9.0109 -1.8991 5.6151
9.0347 -1.9225 5.5839
9.0578 -1.9454 5.5534
9.0798 -1.9681 5.5246
9.1004 -1.9908 5.4975
9.1209 -2.0128 5.4705
9.1788 -2.0132 5.3944
9.2063 -2.0291 5.3583
9.2306 -2.0459 5.3263
9.2535 -2.0628 5.2962
9.2747 -2.0799 5.2683
9.2953 -2.0966 5.2413
9.3147 -2.1135 5.2158
9.3336 -2.1299 5.1908
9.3339 -2.1587 5.1904
9.3203 -2.1973 5.2083
9.2711 -2.2625 5.2730
9.2877 -2.2801 5.2511
9.2807 -2.3153 5.2604
9.2660 -2.3567 5.2798
9.2505 -2.3992 5.3001
9.2315 -2.4452 5.3251
9.2206 -2.4850 5.3393
9.2049 -2.5294 5.3601
9.1886 -2.5748 5.3815
8.0259 -0.8977 6.8268
8.0717 -0.9494 6.7678
8.1100 -0.9996 6.7185
8.1445 -1.0485 6.6742
8.2181 -1.0949 6.5794
8.2794 -1.1395 6.5006
8.3308 -1.1826 6.4345
8.3764 -1.2244 6.3757
8.4203 -1.2648 6.3192
8.4617 -1.3041 6.2660
8.4988 -1.3425 6.2182
8.5339 -1.3799 6.1731
8.5664 -1.4166 6.1313
8.5952 -1.4529 6.0942
8.6206 -1.4889 6.0616
8.6379 -1.5258 6.0392
8.6965 -1.5522 5.9639
8.7400 -1.5805 5.9079
8.7773 -1.6090 5.8598
8.8116 -1.6371 5.8158
8.8433 -1.6648 5.7750
8.8734 -1.6920 5.7363
8.9037 -1.7180 5.6972
8.9306 -1.7443 5.6627
8.9560 -1.7701 5.6299
8.9805 -1.7955 5.5984
9.0035 -1.8206 5.5688
9.0258 -1.8453 5.5401
9.0466 -1.8699 5.5134
9.0663 -1.8942 5.4880
9.0830 -1.9193 5.4665
9.0993 -1.9440 5.4455
9.1106 -1.9708 5.4310
9.0977 -2.0100 5.4476
9.1198 -2.0305 5.4191
9.1413 -2.0506 5.3915
9.1617 -2.0705 5.3652
9.1817 -2.0901 5.3395
9.2006 -2.1095 5.3152
9.2191 -2.1286 5.2914
9.2613 -2.1317 5.2371
9.2923 -2.1408 5.1972
9.3087 -2.1588 5.1761
9.2949 -2.1974 5.1938
9.2826 -2.2355 5.2097
9.2684 -2.2754 5.2279
9.2545 -2.3155 5.2458
9.2396 -2.3569 5.2650
9.2254 -2.3983 5.2833
9.2098 -2.4412 5.3033
9.1937 -2.4851 5.3241
9.1777 -2.5295 5.3447
9.1613 -2.5747 5.3657
9.1448 -2.6206 5.3870
7.9807 -0.8976 6.8027
8.0424 -0.9497 6.7249
8.0952 -0.9996 6.6584
8.1451 -1.0478 6.5956
8.1904 -1.0945 6.5385
8.2314 -1.1398 6.4868
8.2682 -1.1841 6.4405
8.2993 -1.2276 6.4014
8.3485 -1.2682 6.3393
8.4111 -1.3056 6.2606
8.4601 -1.3427 6.1988
8.5053 -1.3787 6.1419
8.5453 -1.4141 6.0915
8.5817 -1.4488 6.0457
8.6156 -1.4827 6.0029
8.6475 -1.5160 5.9628
8.6773 -1.5486 5.9253
8.7047 -1.5809 5.8907
8.7299 -1.6129 5.8591
8.7521 -1.6448 5.8310
8.7687 -1.6777 5.8102
8.8181 -1.6995 5.7479
8.8606 -1.7220 5.6944
8.8953 -1.7459 5.6507
8.9256 -1.7701 5.6125
8.9537 -1.7943 5.5772
8.9804 -1.8180 5.5435
9.0059 -1.8413 5.5114
9.0300 -1.8644 5.4810
9.0532 -1.8871 5.4519
9.0745 -1.9099 5.4250
9.0957 -1.9320 5.3983
9.1157 -1.9540 5.3731
9.1350 -1.9758 5.3488
9.1533 -1.9974 5.3258
9.1705 -2.0190 5.3041
9.1868 -2.0405 5.2836
9.2012 -2.0626 5.2654
9.2132 -2.0857 5.2504
9.1958 -2.1267 5.2722
9.2156 -2.1445 5.2473
9.2348 -2.1619 5.2231
9.2532 -2.1793 5.1999
9.2710 -2.1965 5.1775
9.2572 -2.2354 5.1949
9.2428 -2.2753 5.2130
9.2284 -2.3157 5.2312
9.2044 -2.3638 5.2614
9.1989 -2.3984 5.2683
9.1831 -2.4413 5.2881
9.1647 -2.4869 5.3114
9.1480 -2.5316 5.3323
9.1340 -2.5747 5.3500
9.1173 -2.6206 5.3710
7.9349 -0.8976 6.7791
7.9769 -0.9493 6.7274
8.0063 -0.9996 6.6912
8.0830 -1.0481 6.5966
8.1501 -1.0944 6.5138
8.2043 -1.1392 6.4470
8.2525 -1.1825 6.3876
8.2973 -1.2245 6.3324
8.3376 -1.2654 6.2827
8.3739 -1.3055 6.2378
8.4062 -1.3449 6.1980
8.4332 -1.3840 6.1648
8.4443 -1.4249 6.1511
8.5316 -1.4515 6.0435
8.5763 -1.4836 5.9883
8.6160 -1.5153 5.9394
8.6523 -1.5466 5.8946
8.6860 -1.5772 5.8530
8.7174 -1.6074 5.8143
8.7468 -1.6370 5.7781
8.7745 -1.6662 5.7439
8.8006 -1.6950 5.7117
8.8244 -1.7237 5.6824
8.8441 -1.7530 5.6581
8.8623 -1.7822 5.6357
8.8714 -1.8143 5.6244
8.9326 -1.8253 5.5489
8.9660 -1.8458 5.5078
8.9957 -1.8668 5.4712
9.0228 -1.8880 5.4378
9.0481 -1.9091 5.4066
9.0724 -1.9298 5.3767
9.0953 -1.9505 5.3484
9.1173 -1.9708 5.3213
9.1382 -1.9910 5.2954
9.1584 -2.0109 5.2706
9.1777 -2.0306 5.2468
9.1963 -2.0501 5.2239
9.2140 -2.0695 5.2020
9.2310 -2.0888 5.1810
9.2472 -2.1079 5.1610
9.2626 -2.1272 5.1421
9.2585 -2.1588 5.1472
9.2437 -2.1978 5.1654
9.2318 -2.2354 5.1801
9.2172 -2.2753 5.1981
9.2029 -2.3154 5.2157
9.1876 -2.3567 5.2345
9.1725 -2.3985 5.2532
9.1565 -2.4414 5.2730
9.1409 -2.4845 5.2922
9.1245 -2.5288 5.3124
9.1068 -2.5747 5.3342
7.9046 -0.8980 6.7369
7.9621 -0.9498 6.6675
8.0123 -0.9996 6.6069
8.0586 -1.0478 6.5510
8.0993 -1.0948 6.5018
8.1343 -1.1406 6.4596
8.1581 -1.1861 6.4309
8.2456 -1.2255 6.3253
8.3026 -1.2651 6.2565
8.3510 -1.3038 6.1980
8.3927 -1.3418 6.1476
8.4297 -1.3791 6.1030
8.4639 -1.4156 6.0617
8.4957 -1.4515 6.0234
8.5242 -1.4870 5.9889
8.5483 -1.5224 5.9597
8.5638 -1.5591 5.9411
8.6333 -1.5820 5.8572
8.6767 -1.6094 5.8047
8.7138 -1.6372 5.7600
8.7474 -1.6648 5.7194
8.7785 -1.6920 5.6819
8.8078 -1.7188 5.6465
8.8349 -1.7455 5.6138
8.8605 -1.7717 5.5829
8.8845 -1.7978 5.5539
8.9069 -1.8237 5.5269
8.9278 -1.8494 5.5016
8.9469 -1.8753 5.4786
8.9633 -1.9017 5.4588
8.9732 -1.9305 5.4468
9.0277 -1.9379 5.3810
9.0576 -1.9555 5.3449
9.0844 -1.9737 5.3125
9.1089 -1.9923 5.2830
9.1321 -2.0108 5.2550
9.1542 -2.0291 5.2283
9.1751 -2.0474 5.2031
9.1953 -2.0654 5.1786
9.2145 -2.0833 5.1555
9.2331 -2.1010 5.1331
9.2477 -2.1207 5.1154
9.2334 -2.1588 5.1327
9.2189 -2.1975 5.1502
9.2064 -2.2353 5.1653
9.1859 -2.2792 5.1900
9.1769 -2.3154 5.2008
9.1614 -2.3568 5.2196
9.1056 -2.4290 5.2869
9.1247 -2.4454 5.2639
9.1139 -2.4846 5.2769
9.0973 -2.5289 5.2970
9.0795 -2.5747 5.3185
7.9517 -0.9996 6.6039
8.0225 -1.0478 6.5201
8.0790 -1.0941 6.4534
8.1279 -1.1390 6.3955
8.1717 -1.1826 6.3438
8.2120 -1.2251 6.2961
8.2470 -1.2668 6.2548
8.2747 -1.3082 6.2219
8.3324 -1.3448 6.1537
8.3898 -1.3796 6.0859
8.4349 -1.4145 6.0325
8.4751 -1.4488 5.9851
8.5118 -1.4826 5.9417
8.5456 -1.5157 5.9017
8.5769 -1.5483 5.8647
8.6055 -1.5806 5.8309
8.6314 -1.6126 5.8002
8.6540 -1.6447 5.7735
8.6703 -1.6779 5.7543
8.7237 -1.6991 5.6911
8.7672 -1.7219 5.6398
8.8030 -1.7459 5.5974
8.8336 -1.7705 5.5612
8.8621 -1.7949 5.5275
8.8890 -1.8191 5.4957
8.9144 -1.8429 5.4656
8.9381 -1.8667 5.4376
8.9607 -1.8902 5.4109
8.9810 -1.9140 5.3870
9.0008 -1.9374 5.3635
9.0193 -1.9607 5.3416
9.0364 -1.9842 5.3215
9.0510 -2.0084 5.3042
9.0600 -2.0351 5.2935
9.1113 -2.0383 5.2329
9.1388 -2.0532 5.2003
9.1632 -2.0692 5.1716
9.1857 -2.0854 5.1450
9.2071 -2.1016 5.1196
9.2228 -2.1206 5.1010
9.2083 -2.1588 5.1182
9.1936 -2.1975 5.1356
9.1810 -2.2353 5.1505
9.1658 -2.2753 5.1685
9.1509 -2.3155 5.1860
9.1352 -2.3569 5.2046
9.1198 -2.3984 5.2228
9.1036 -2.4412 5.2420
9.0869 -2.4848 5.2617
9.0667 -2.5317 5.2855
9.0522 -2.5747 5.3027
9.0347 -2.6207 5.3235
7.7890 -1.0508 6.7182
7.9010 -1.0984 6.5885
8.0588 -1.1403 6.4057
8.1319 -1.1826 6.3211
8.1858 -1.2241 6.2587
8.2340 -1.2643 6.2029
8.2762 -1.3037 6.1540
8.3131 -1.3425 6.1113
8.3454 -1.3807 6.0739
8.3714 -1.4189 6.0438
8.3904 -1.4575 6.0217
8.4649 -1.4849 5.9355
8.5107 -1.5158 5.8824
8.5502 -1.5467 5.8367
8.5859 -1.5772 5.7953
8.6188 -1.6073 5.7573
8.6492 -1.6371 5.7220
8.6775 -1.6664 5.6893
8.7034 -1.6956 5.6593
8.7265 -1.7249 5.6326
8.7456 -1.7548 5.6104
8.7626 -1.7848 5.5908
8.8121 -1.8023 5.5335
8.8494 -1.8229 5.4902
8.8813 -1.8445 5.4534
8.9101 -1.8663 5.4199
8.9370 -1.8881 5.3888
8.9611 -1.9102 5.3609
8.9846 -1.9319 5.3337
9.0071 -1.9533 5.3077
9.0284 -1.9745 5.2830
9.0484 -1.9958 5.2598
9.0676 -2.0168 5.2376
9.0855 -2.0379 5.2169
9.1021 -2.0592 5.1976
9.1174 -2.0806 5.1799
9.1308 -2.1028 5.1644
9.1394 -2.1274 5.1544
9.1856 -2.1283 5.1009
9.1833 -2.1588 5.1037
9.1691 -2.1970 5.1201
9.1556 -2.2352 5.1357
9.1401 -2.2752 5.1536
9.1190 -2.3197 5.1780
9.0982 -2.3646 5.2021
9.0935 -2.3985 5.2076
9.0770 -2.4412 5.2267
9.0597 -2.4851 5.2468
9.0425 -2.5295 5.2666
9.0249 -2.5747 5.2870
7.7643 -0.9487 6.6703
7.8080 -0.9996 6.6207
7.8442 -1.0492 6.5796
7.8155 -1.0998 6.6123
7.8652 -1.1475 6.5558
7.9093 -1.1941 6.5058
8.0115 -1.2347 6.3898
8.0745 -1.2758 6.3184
8.2349 -1.3041 6.1364
8.2852 -1.3413 6.0794
8.3283 -1.3779 6.0305
8.3668 -1.4139 5.9869
8.4015 -1.4493 5.9475
8.4327 -1.4843 5.9121
8.4602 -1.5191 5.8809
8.4829 -1.5541 5.8552
8.5273 -1.5832 5.8048
8.5782 -1.6093 5.7471
8.6177 -1.6368 5.7022
8.6528 -1.6644 5.6624
8.6848 -1.6917 5.6261
8.7121 -1.7196 5.5951
8.7391 -1.7466 5.5645
8.7649 -1.7733 5.5352
8.7887 -1.7998 5.5083
8.8105 -1.8264 5.4836
8.8300 -1.8531 5.4614
8.8464 -1.8806 5.4428
8.8841 -1.8985 5.4001
8.9212 -1.9154 5.3579
8.9513 -1.9344 5.3238
8.9785 -1.9538 5.2929
9.0037 -1.9733 5.2644
9.0271 -1.9929 5.2378
9.0495 -2.0124 5.2125
9.0706 -2.0317 5.1885
9.0906 -2.0511 5.1659
9.1098 -2.0702 5.1440
9.1277 -2.0895 5.1237
9.1450 -2.1087 5.1041
9.1612 -2.1279 5.0857
9.1636 -2.1553 5.0830
9.1483 -2.1941 5.1004
9.1301 -2.2352 5.1210
9.1145 -2.2752 5.1387
9.0997 -2.3151 5.1555
9.0836 -2.3564 5.1737
9.0671 -2.3985 5.1925
9.0504 -2.4412 5.2114
9.0329 -2.4851 5.2313
9.0155 -2.5295 5.2510
7.7260 -0.9488 6.6384
7.7919 -0.9996 6.5652
7.8464 -1.0485 6.5046
7.8922 -1.0961 6.4537
7.9294 -1.1426 6.4124
7.9557 -1.1886 6.3831
7.9324 -1.2377 6.4090
7.9785 -1.2810 6.3578
8.0191 -1.3235 6.3126
8.1060 -1.3590 6.2161
8.1716 -1.3947 6.1432
8.3252 -1.4148 5.9725
8.3724 -1.4482 5.9200
8.4131 -1.4815 5.8748
8.4496 -1.5143 5.8343
8.4827 -1.5466 5.7974
8.5128 -1.5787 5.7640
8.5399 -1.6106 5.7339
8.5635 -1.6425 5.7076
8.5816 -1.6753 5.6876
8.6372 -1.6964 5.6257
8.6762 -1.7210 5.5825
8.7100 -1.7461 5.5449
8.7415 -1.7709 5.5098
8.7705 -1.7956 5.4776
8.7975 -1.8201 5.4477
8.8227 -1.8445 5.4196
8.8463 -1.8688 5.3933
8.8680 -1.8931 5.3692
8.8887 -1.9172 5.3462
8.9073 -1.9416 5.3256
8.9233 -1.9667 5.3078
8.9465 -1.9877 5.2820
8.9870 -1.9995 5.2370
9.0160 -2.0159 5.2048
9.0415 -2.0332 5.1764
9.0651 -2.0508 5.1502
9.0874 -2.0684 5.1254
9.1085 -2.0859 5.1020
9.1283 -2.1036 5.0800
9.1474 -2.1211 5.0587
9.1386 -2.1553 5.0685
9.1231 -2.1941 5.0858
9.1037 -2.2358 5.1073
9.0807 -2.2806 5.1329
9.0738 -2.3151 5.1405
9.0575 -2.3564 5.1586
9.0422 -2.3975 5.1757
9.0251 -2.4403 5.1947
9.0061 -2.4851 5.2158
8.9884 -2.5295 5.2354
8.9706 -2.5745 5.2552
7.6662 -0.9996 6.6302
7.7833 -1.0488 6.5027
7.8609 -1.0957 6.4182
7.9170 -1.1412 6.3571
7.9641 -1.1856 6.3058
8.0036 -1.2291 6.2627
8.0352 -1.2720 6.2284
8.0539 -1.3154 6.2080
8.0382 -1.3625 6.2251
8.0822 -1.4018 6.1772
8.1213 -1.4405 6.1346
8.1548 -1.4789 6.0981
8.2633 -1.5026 5.9800
8.4060 -1.5161 5.8246
8.4517 -1.5460 5.7749
8.4906 -1.5761 5.7325
8.5253 -1.6061 5.6946
8.5570 -1.6357 5.6602
8.5859 -1.6652 5.6287
8.6122 -1.6945 5.6001
8.6349 -1.7241 5.5754
8.6519 -1.7549 5.5568
8.6649 -1.7864 5.5427
8.7285 -1.7998 5.4734
8.7647 -1.8213 5.4340
8.7960 -1.8435 5.3999
8.8244 -1.8660 5.3689
8.8507 -1.8884 5.3404
8.8750 -1.9109 5.3139
8.8983 -1.9331 5.2885
8.9201 -1.9553 5.2648
8.9403 -1.9776 5.2428
8.9592 -1.9999 5.2222
8.9765 -2.0224 5.2034
8.9918 -2.0454 5.1867
9.0034 -2.0699 5.1741
9.0463 -2.0769 5.1274
9.0743 -2.0909 5.0968
9.0989 -2.1061 5.0701
9.1214 -2.1217 5.0456
9.1136 -2.1553 5.0540
9.0979 -2.1940 5.0712
9.0804 -2.2344 5.0902
9.0642 -2.2745 5.1079
9.0479 -2.3151 5.1256
9.0314 -2.3564 5.1436
9.0158 -2.3975 5.1606
8.9984 -2.4404 5.1795
8.9793 -2.4851 5.2003
8.9584 -2.5317 5.2230
8.9433 -2.5745 5.2395
8.9248 -2.6205 5.2596
7.6808 -1.0497 6.5419
7.7401 -1.0981 6.4787
7.7893 -1.1452 6.4261
7.9202 -1.1858 6.2864
7.9801 -1.2278 6.2226
8.0286 -1.2691 6.1708
8.0676 -1.3099 6.1292
8.1012 -1.3501 6.0933
8.1283 -1.3903 6.0644
8.1402 -1.4319 6.0516
8.1365 -1.4757 6.0556
8.1786 -1.5114 6.0107
8.2138 -1.5471 5.9732
8.2448 -1.5826 5.9400
8.3439 -1.6018 5.8343
8.4794 -1.6092 5.6897
8.5238 -1.6359 5.6423
8.5612 -1.6632 5.6024
8.5944 -1.6905 5.5669
8.6223 -1.7184 5.5373
8.6493 -1.7458 5.5084
8.6746 -1.7729 5.4814
8.6976 -1.8001 5.4568
8.7179 -1.8275 5.4352
8.7347 -1.8557 5.4173
8.7737 -1.8746 5.3756
8.8137 -1.8919 5.3330
8.8441 -1.9121 5.3005
8.8727 -1.9322 5.2700
8.8988 -1.9524 5.2421
8.9230 -1.9729 5.2164
8.9456 -1.9933 5.1922
8.9671 -2.0137 5.1693
8.9872 -2.0341 5.1478
9.0059 -2.0546 5.1279
9.0234 -2.0752 5.1092
9.0397 -2.0960 5.0918
9.0542 -2.1173 5.0763
9.0658 -2.1398 5.0639
9.0887 -2.1553 5.0395
9.0629 -2.2001 5.0670
9.0550 -2.2344 5.0754
9.0386 -2.2744 5.0929
9.0217 -2.3153 5.1110
9.0057 -2.3561 5.1281
8.9893 -2.3976 5.1455
8.9718 -2.4405 5.1643
8.9523 -2.4852 5.1850
8.9342 -2.5296 5.2044
8.9160 -2.5745 5.2237
7.5745 -1.1018 6.5826
7.7465 -1.1452 6.4027
7.8100 -1.1900 6.3362
7.8602 -1.2338 6.2837
7.9678 -1.2710 6.1712
8.0350 -1.3093 6.1010
8.0835 -1.3477 6.0502
8.1254 -1.3856 6.0064
8.1614 -1.4231 5.9688
8.1927 -1.4603 5.9360
8.2176 -1.4978 5.9099
8.2271 -1.5374 5.9001
8.2272 -1.5788 5.8999
8.2639 -1.6119 5.8615
8.2968 -1.6449 5.8272
8.3259 -1.6779 5.7967
8.4171 -1.6933 5.7013
8.5459 -1.6953 5.5666
8.5883 -1.7193 5.5223
8.6232 -1.7444 5.4858
8.6550 -1.7694 5.4525
8.6839 -1.7944 5.4222
8.7105 -1.8195 5.3944
8.7351 -1.8445 5.3688
8.7575 -1.8695 5.3453
8.7778 -1.8948 5.3241
8.7960 -1.9204 5.3050
8.8097 -1.9473 5.2907
8.8541 -1.9601 5.2442
8.8884 -1.9763 5.2084
8.9171 -1.9941 5.1783
8.9430 -2.0124 5.1512
8.9670 -2.0309 5.1262
8.9892 -2.0497 5.1029
9.0101 -2.0685 5.0811
9.0299 -2.0872 5.0604
9.0485 -2.1061 5.0409
9.0659 -2.1251 5.0228
9.0590 -2.1580 5.0300
9.0430 -2.1968 5.0467
9.0296 -2.2343 5.0606
9.0130 -2.2744 5.0780
8.9968 -2.3147 5.0950
8.9795 -2.3562 5.1131
8.9629 -2.3977 5.1304
8.9354 -2.4473 5.1592
8.9255 -2.4852 5.1695
8.9072 -2.5296 5.1887
8.8866 -2.5761 5.2102
7.4744 -1.0515 6.6142
7.5188 -1.1021 6.5687
7.5469 -1.1521 6.5399
7.6409 -1.1975 6.4436
7.8018 -1.2351 6.2786
7.8732 -1.2759 6.2054
7.9251 -1.3166 6.1522
7.9701 -1.3566 6.1061
8.0825 -1.3864 5.9909
8.1335 -1.4218 5.9386
8.1776 -1.4569 5.8933
8.2156 -1.4918 5.8544
8.2486 -1.5265 5.8206
8.2763 -1.5613 5.7922
8.2979 -1.5966 5.7701
8.2693 -1.6432 5.7994
8.3081 -1.6737 5.7596
8.3423 -1.7043 5.7245
8.3730 -1.7348 5.6930
8.4004 -1.7654 5.6649
8.4844 -1.7777 5.5788
8.6042 -1.7760 5.4560
8.6484 -1.7963 5.4107
8.6832 -1.8187 5.3750
8.7137 -1.8415 5.3437
8.7416 -1.8646 5.3152
8.7671 -1.8877 5.2890
8.7901 -1.9111 5.2654
8.8121 -1.9342 5.2429
8.8322 -1.9576 5.2223
8.8503 -1.9812 5.2037
8.8657 -2.0056 5.1879
8.8767 -2.0317 5.1766
8.9280 -2.0373 5.1240
8.9578 -2.0525 5.0935
8.9837 -2.0688 5.0670
9.0073 -2.0857 5.0428
9.0292 -2.1027 5.0203
9.0499 -2.1199 4.9991
9.0340 -2.1580 5.0154
9.0178 -2.1967 5.0320
9.0021 -2.2356 5.0481
8.9851 -2.2758 5.0655
8.9708 -2.3147 5.0802
8.9533 -2.3562 5.0981
8.9347 -2.3990 5.1172
8.9164 -2.4420 5.1359
8.8987 -2.4852 5.1540
8.8802 -2.5296 5.1731
8.8593 -2.5761 5.1945
8.8402 -2.6220 5.2141
7.4256 -1.0515 6.5921
7.4993 -1.1014 6.5180
7.5531 -1.1500 6.4640
7.5972 -1.1975 6.4197
7.6308 -1.2446 6.3859
7.6907 -1.2884 6.3257
7.7693 -1.3285 6.2467
7.9317 -1.3566 6.0835
7.9876 -1.3939 6.0274
8.0310 -1.4314 5.9837
8.0676 -1.4687 5.9469
8.1793 -1.4919 5.8347
8.2258 -1.5241 5.7880
8.2650 -1.5565 5.7486
8.2988 -1.5889 5.7146
8.3281 -1.6214 5.6851
8.3531 -1.6541 5.6600
8.3711 -1.6878 5.6419
8.3464 -1.7329 5.6667
8.3825 -1.7610 5.6305
8.4145 -1.7893 5.5983
8.4433 -1.8177 5.5693
8.4684 -1.8465 5.5441
8.5511 -1.8544 5.4610
8.6579 -1.8512 5.3537
8.7045 -1.8677 5.3069
8.7384 -1.8878 5.2728
8.7667 -1.9091 5.2444
8.7936 -1.9302 5.2173
8.8184 -1.9515 5.1924
8.8414 -1.9729 5.1693
8.8628 -1.9943 5.1478
8.8825 -2.0160 5.1280
8.9003 -2.0379 5.1101
8.9162 -2.0604 5.0941
8.9295 -2.0837 5.0807
8.9612 -2.0968 5.0489
8.9948 -2.1079 5.0151
9.0212 -2.1221 4.9886
9.0089 -2.1580 5.0009
8.9926 -2.1967 5.0174
8.9766 -2.2356 5.0334
8.9594 -2.2758 5.0506
8.9448 -2.3148 5.0653
8.9271 -2.3563 5.0832
8.9082 -2.3991 5.1021
8.8897 -2.4421 5.1207
8.8496 -2.5008 5.1610
8.8501 -2.5317 5.1605
8.8320 -2.5761 5.1787
7.3700 -1.0517 6.5765
7.4113 -1.1026 6.5359
7.5008 -1.1503 6.4477
7.5732 -1.1964 6.3763
7.6276 -1.2418 6.3227
7.6720 -1.2864 6.2790
7.7076 -1.3306 6.2439
7.7307 -1.3752 6.2211
7.8230 -1.4103 6.1302
7.9827 -1.4330 5.9728
8.0421 -1.4669 5.9143
8.0861 -1.5018 5.8710
8.1230 -1.5368 5.8346
8.2177 -1.5591 5.7413
8.2691 -1.5880 5.6907
8.3098 -1.6179 5.6506
8.3443 -1.6481 5.6166
8.3748 -1.6783 5.5866
8.4014 -1.7088 5.5603
8.4234 -1.7398 5.5387
8.4388 -1.7721 5.5235
8.4176 -1.8156 5.5443
8.4519 -1.8414 5.5105
8.4813 -1.8678 5.4816
8.5079 -1.8945 5.4554
8.5317 -1.9214 5.4319
8.6089 -1.9269 5.3558
8.6461 -1.9463 5.3192
8.7542 -1.9351 5.2127
8.7879 -1.9528 5.1795
8.8168 -1.9717 5.1510
8.8429 -1.9911 5.1253
8.8669 -2.0107 5.1017
8.8891 -2.0305 5.0798
8.9096 -2.0505 5.0596
8.9286 -2.0707 5.0409
8.9462 -2.0911 5.0235
8.9623 -2.1118 5.0077
8.9763 -2.1332 4.9939
8.9867 -2.1563 4.9836
8.9617 -2.2000 5.0083
8.9511 -2.2356 5.0187
8.9337 -2.2758 5.0358
8.9173 -2.3158 5.0520
8.8994 -2.3573 5.0697
8.8817 -2.3991 5.0870
8.8630 -2.4422 5.1055
8.8458 -2.4847 5.1224
8.8253 -2.5301 5.1427
8.8047 -2.5761 5.1629
7.3583 -0.9995 6.5182
7.3327 -1.0516 6.5429
7.4013 -1.1017 6.4767
7.4517 -1.1506 6.4280
7.4906 -1.1987 6.3904
7.5117 -1.2470 6.3699
7.6414 -1.2854 6.2447
7.6963 -1.3276 6.1916
7.7409 -1.3695 6.1485
7.7780 -1.4110 6.1127
7.8079 -1.4524 6.0839
7.8680 -1.4883 6.0258
8.0256 -1.5060 5.8735
8.0910 -1.5361 5.8103
8.1363 -1.5684 5.7666
8.1741 -1.6010 5.7301
8.2068 -1.6336 5.6984
8.3073 -1.6490 5.6013
8.3502 -1.6763 5.5599
8.3859 -1.7043 5.5254
8.4172 -1.7325 5.4952
8.4463 -1.7604 5.4670
8.4717 -1.7887 5.4425
8.4922 -1.8179 5.4228
8.5067 -1.8485 5.4087
8.4849 -1.8916 5.4297
8.5155 -1.9160 5.4002
8.5432 -1.9407 5.3735
8.5682 -1.9656 5.3493
8.5908 -1.9908 5.3275
8.6618 -1.9948 5.2589
8.6976 -2.0122 5.2243
8.8015 -1.9977 5.1239
8.8357 -2.0129 5.0909
8.8636 -2.0301 5.0639
8.8888 -2.0479 5.0395
8.9118 -2.0661 5.0173
8.9331 -2.0846 4.9967
8.9531 -2.1031 4.9775
8.9717 -2.1219 4.9595
8.9618 -2.1563 4.9691
8.9450 -2.1950 4.9853
8.9257 -2.2356 5.0039
8.8996 -2.2809 5.0291
8.8914 -2.3158 5.0370
8.8733 -2.3573 5.0546
8.8004 -2.4350 5.1249
8.8218 -2.4519 5.1043
8.8194 -2.4845 5.1066
8.7986 -2.5299 5.1267
8.7793 -2.5748 5.1453
7.3623 -0.9995 6.4462
7.4081 -1.0499 6.4028
7.4414 -1.0993 6.3712
7.4174 -1.1502 6.3940
7.4804 -1.1969 6.3343
7.5294 -1.2428 6.2879
7.5676 -1.2882 6.2517
7.5924 -1.3339 6.2282
7.7026 -1.3693 6.1238
7.7597 -1.4083 6.0697
7.8067 -1.4471 6.0251
7.8454 -1.4859 5.9885
7.8759 -1.5250 5.9596
7.8959 -1.5651 5.9407
7.9859 -1.5910 5.8554
8.1348 -1.6019 5.7143
8.1823 -1.6314 5.6693
8.2212 -1.6617 5.6325
8.2542 -1.6923 5.6013
8.3390 -1.7082 5.5208
8.3867 -1.7321 5.4757
8.4244 -1.7576 5.4400
8.4572 -1.7836 5.4089
8.4862 -1.8099 5.3814
8.5118 -1.8365 5.3572
8.5339 -1.8637 5.3362
8.5522 -1.8916 5.3189
8.5638 -1.9215 5.3080
8.5458 -1.9626 5.3249
8.5746 -1.9854 5.2977
8.6006 -2.0084 5.2730
8.6231 -2.0323 5.2518
8.6444 -2.0560 5.2315
8.7113 -2.0581 5.1682
8.7466 -2.0733 5.1347
8.8458 -2.0563 5.0407
8.8795 -2.0695 5.0089
8.9070 -2.0849 4.9828
8.9314 -2.1013 4.9597
8.9536 -2.1182 4.9386
8.9369 -2.1562 4.9545
8.9199 -2.1949 4.9706
8.9017 -2.2347 4.9878
8.8841 -2.2747 5.0045
8.8656 -2.3158 5.0220
8.8472 -2.3573 5.0395
8.8297 -2.3987 5.0560
8.7847 -2.4587 5.0986
8.7929 -2.4843 5.0908
8.7719 -2.5296 5.1107
8.7521 -2.5747 5.1295
8.7320 -2.6206 5.1486
7.2944 -0.9995 6.4428
7.3855 -1.0496 6.3581
7.4436 -1.0980 6.3041
7.4887 -1.1454 6.2623
7.5212 -1.1922 6.2321
7.4936 -1.2423 6.2577
7.5548 -1.2858 6.2008
7.6021 -1.3289 6.1568
7.6396 -1.3718 6.1221
7.6664 -1.4150 6.0972
7.7603 -1.4482 6.0099
7.8208 -1.4838 5.9537
7.8663 -1.5203 5.9114
7.9055 -1.5566 5.8750
7.9366 -1.5934 5.8461
7.9594 -1.6311 5.8249
8.0270 -1.6582 5.7621
8.1719 -1.6653 5.6275
8.2245 -1.6914 5.5786
8.2642 -1.7193 5.5417
8.2979 -1.7479 5.5104
8.3275 -1.7767 5.4829
8.4169 -1.7865 5.3999
8.4583 -1.8091 5.3614
8.4924 -1.8329 5.3297
8.5219 -1.8574 5.3023
8.5481 -1.8823 5.2779
8.5714 -1.9076 5.2564
8.5915 -1.9334 5.2376
8.6090 -1.9597 5.2214
8.6172 -1.9894 5.2137
8.6015 -2.0291 5.2283
8.6285 -2.0504 5.2032
8.6530 -2.0720 5.1805
8.6754 -2.0940 5.1597
8.6957 -2.1163 5.1408
8.7571 -2.1176 5.0838
8.7925 -2.1306 5.0509
8.8847 -2.1127 4.9653
8.9206 -2.1226 4.9319
8.9119 -2.1561 4.9399
8.8899 -2.1975 4.9603
8.8764 -2.2346 4.9729
8.8586 -2.2746 4.9895
8.8088 -2.3346 5.0358
8.8227 -2.3563 5.0228
8.8034 -2.3987 5.0408
8.7456 -2.4667 5.0945
8.7532 -2.4928 5.0874
8.7422 -2.5314 5.0976
8.7249 -2.5746 5.1137
8.7045 -2.6206 5.1326
7.3844 -1.0985 6.2946
7.4683 -1.1445 6.2181
7.5227 -1.1899 6.1686
7.5646 -1.2346 6.1304
7.5951 -1.2791 6.1026
7.5947 -1.3257 6.1030
7.6238 -1.3691 6.0764
7.6706 -1.4096 6.0338
7.7091 -1.4498 5.9987
7.7381 -1.4905 5.9723
7.8097 -1.5234 5.9070
7.8779 -1.5549 5.8449
7.9231 -1.5890 5.8037
7.9606 -1.6234 5.7695
7.9921 -1.6581 5.7408
8.0175 -1.6933 5.7177
8.0315 -1.7307 5.7050
8.1209 -1.7481 5.6235
8.2628 -1.7486 5.4941
8.3041 -1.7742 5.4566
8.3363 -1.8014 5.4272
8.3655 -1.8287 5.4006
8.4380 -1.8409 5.3345
8.4885 -1.8587 5.2885
8.5243 -1.8803 5.2558
8.5546 -1.9030 5.2282
8.5815 -1.9262 5.2037
8.6067 -1.9493 5.1808
8.6279 -1.9733 5.1614
8.6463 -1.9980 5.1447
8.6605 -2.0240 5.1318
8.6647 -2.0541 5.1279
8.6544 -2.0908 5.1373
8.6799 -2.1107 5.1141
8.7031 -2.1310 5.0930
8.7244 -2.1517 5.0736
8.7437 -2.1727 5.0559
8.8001 -2.1735 5.0046
8.8356 -2.1842 4.9722
8.8628 -2.1985 4.9474
8.8511 -2.2345 4.9581
8.8330 -2.2745 4.9746
8.7852 -2.3330 5.0181
8.7966 -2.3562 5.0077
8.7771 -2.3987 5.0255
8.7405 -2.4526 5.0588
8.7358 -2.4866 5.0631
8.7158 -2.5310 5.0814
8.6977 -2.5746 5.0978
7.1187 -1.1570 6.4690
7.4740 -1.1903 6.1515
7.5462 -1.2331 6.0870
7.5965 -1.2757 6.0420
7.6369 -1.3179 6.0059
7.6650 -1.3603 5.9808
7.6309 -1.4096 6.0112
7.6913 -1.4470 5.9572
7.7369 -1.4849 5.9165
7.7731 -1.5232 5.8841
7.8011 -1.5619 5.8592
7.8544 -1.5951 5.8115
7.9287 -1.6225 5.7450
7.9742 -1.6542 5.7044
8.0119 -1.6865 5.6708
8.0438 -1.7191 5.6422
8.0702 -1.7523 5.6186
8.0895 -1.7867 5.6014
8.1570 -1.8069 5.5410
8.2963 -1.8039 5.4166
8.3393 -1.8271 5.3781
8.3737 -1.8519 5.3473
8.4038 -1.8773 5.3204
8.4302 -1.9031 5.2968
8.5141 -1.9072 5.2219
8.5532 -1.9260 5.1869
8.5862 -1.9462 5.1574
8.6137 -1.9677 5.1328
8.6383 -1.9896 5.1109
8.6602 -2.0121 5.0913
8.6797 -2.0350 5.0739
8.6961 -2.0588 5.0591
8.7084 -2.0842 5.0481
8.7043 -2.1172 5.0518
8.7039 -2.1484 5.0522
8.7279 -2.1671 5.0307
8.7500 -2.1862 5.0110
8.7702 -2.2057 4.9929
8.7887 -2.2256 4.9764
8.8257 -2.2344 4.9433
8.8058 -2.2755 4.9612
8.7872 -2.3162 4.9778
8.7706 -2.3562 4.9926
8.7508 -2.3986 5.0103
8.7203 -2.4484 5.0375
8.7090 -2.4866 5.0476
8.6887 -2.5310 5.0658
8.6695 -2.5753 5.0830
7.0972 -1.1560 6.4218
7.1552 -1.2051 6.3710
7.1970 -1.2537 6.3343
7.5547 -1.2759 6.0207
7.6204 -1.3158 5.9631
7.6672 -1.3559 5.9221
7.7030 -1.3962 5.8907
7.7279 -1.4369 5.8688
7.6955 -1.4854 5.8972
7.7530 -1.5204 5.8468
7.7984 -1.5559 5.8070
7.8331 -1.5922 5.7766
7.8601 -1.6291 5.7530
7.8744 -1.6680 5.7404
7.9753 -1.6869 5.6519
8.0219 -1.7161 5.6110
8.0597 -1.7463 5.5779
8.0919 -1.7770 5.5497
8.1189 -1.8083 5.5260
8.1405 -1.8404 5.5071
8.1836 -1.8654 5.4693
8.3231 -1.8583 5.3470
8.3729 -1.8774 5.3033
8.4089 -1.9001 5.2718
8.4394 -1.9237 5.2450
8.4661 -1.9479 5.2216
8.5294 -1.9572 5.1661
8.5806 -1.9697 5.1212
8.6140 -1.9882 5.0919
8.6422 -2.0081 5.0672
8.6672 -2.0286 5.0453
8.6896 -2.0495 5.0256
8.7098 -2.0710 5.0079
8.7276 -2.0930 4.9924
8.7425 -2.1160 4.9792
8.7534 -2.1406 4.9697
8.7251 -2.1854 4.9945
8.7502 -2.2024 4.9725
8.7730 -2.2200 4.9525
8.7939 -2.2380 4.9342
8.7802 -2.2754 4.9462
8.7614 -2.3161 4.9627
8.7217 -2.3699 4.9975
8.7239 -2.3990 4.9956
8.7041 -2.4418 5.0129
8.6822 -2.4866 5.0321
8.6614 -2.5312 5.0504
8.6421 -2.5753 5.0673
8.6209 -2.6213 5.0859
7.0980 -1.2057 6.3562
7.1810 -1.2518 6.2848
7.2346 -1.2980 6.2387
7.2746 -1.3441 6.2043
7.6330 -1.3555 5.8960
7.6896 -1.3932 5.8473
7.7319 -1.4314 5.8109
7.7639 -1.4699 5.7834
7.7856 -1.5092 5.7648
7.7594 -1.5562 5.7873
7.8133 -1.5890 5.7409
7.8546 -1.6230 5.7054
7.8885 -1.6574 5.6762
7.9156 -1.6924 5.6529
7.9323 -1.7292 5.6386
8.0181 -1.7482 5.5648
8.0665 -1.7748 5.5232
8.1045 -1.8030 5.4905
8.1368 -1.8319 5.4627
8.1645 -1.8613 5.4389
8.1863 -1.8918 5.4201
8.1978 -1.9252 5.4102
8.2740 -1.9361 5.3447
8.4033 -1.9260 5.2335
8.4412 -1.9463 5.2008
8.4723 -1.9682 5.1741
8.4984 -1.9912 5.1517
8.5227 -2.0143 5.1308
8.6022 -2.0134 5.0624
8.6389 -2.0291 5.0308
8.6681 -2.0472 5.0057
8.6938 -2.0661 4.9836
8.7168 -2.0857 4.9638
8.7375 -2.1057 4.9460
8.7561 -2.1263 4.9300
8.7725 -2.1475 4.9159
8.7861 -2.1697 4.9042
8.7951 -2.1941 4.8965
8.7699 -2.2372 4.9181
8.7546 -2.2753 4.9313
8.7356 -2.3161 4.9477
8.7048 -2.3643 4.9741
8.6975 -2.3990 4.9804
8.6776 -2.4418 4.9975
8.6575 -2.4852 5.0148
8.6366 -2.5297 5.0328
8.6148 -2.5753 5.0515
6.9983 -1.1041 6.3769
7.0173 -1.1556 6.3608
7.0242 -1.2073 6.3550
7.0808 -1.2555 6.3073
7.1917 -1.2980 6.2137
7.2616 -1.3414 6.1547
7.3105 -1.3851 6.1134
7.3470 -1.4290 6.0826
7.7023 -1.4304 5.7828
7.7512 -1.4664 5.7415
7.7903 -1.5027 5.7085
7.8215 -1.5394 5.6822
7.8432 -1.5769 5.6639
7.8153 -1.6236 5.6875
7.8676 -1.6543 5.6433
7.9077 -1.6863 5.6095
7.9409 -1.7189 5.5814
7.9674 -1.7523 5.5591
7.9855 -1.7872 5.5438
8.0564 -1.8071 5.4840
8.1082 -1.8307 5.4403
8.1466 -1.8569 5.4079
8.1780 -1.8844 5.3814
8.2050 -1.9124 5.3586
8.2276 -1.9412 5.3395
8.2448 -1.9714 5.3250
8.3030 -1.9861 5.2759
8.4293 -1.9735 5.1693
8.4691 -1.9915 5.1357
8.5017 -2.0113 5.1082
8.5297 -2.0323 5.0846
8.5542 -2.0540 5.0639
8.5761 -2.0762 5.0454
8.6609 -2.0691 4.9738
8.6921 -2.0850 4.9476
8.7186 -2.1023 4.9251
8.7421 -2.1204 4.9053
8.7633 -2.1392 4.8874
8.7824 -2.1584 4.8713
8.7708 -2.1936 4.8811
8.7522 -2.2329 4.8968
8.7290 -2.2753 4.9164
8.7107 -2.3155 4.9318
8.6913 -2.3567 4.9482
8.6712 -2.3990 4.9651
8.6510 -2.4418 4.9822
8.6307 -2.4852 4.9993
8.6096 -2.5296 5.0171
8.5880 -2.5750 5.0354
6.9898 -1.1031 6.3203
7.0421 -1.1529 6.2770
7.0744 -1.2024 6.2503
7.0462 -1.2549 6.2736
7.1117 -1.3009 6.2194
7.1589 -1.3468 6.1803
7.2763 -1.3843 6.0831
7.3372 -1.4254 6.0326
7.3827 -1.4668 5.9950
7.4165 -1.5087 5.9670
7.7646 -1.5011 5.6788
7.8110 -1.5351 5.6403
7.8477 -1.5697 5.6100
7.8770 -1.6047 5.5857
7.8975 -1.6408 5.5687
7.8681 -1.6873 5.5931
7.9188 -1.7160 5.5511
7.9578 -1.7462 5.5188
7.9902 -1.7772 5.4920
8.0163 -1.8090 5.4704
8.0354 -1.8421 5.4546
8.0833 -1.8661 5.4149
8.1487 -1.8835 5.3607
8.1861 -1.9083 5.3298
8.2179 -1.9340 5.3035
8.2449 -1.9605 5.2811
8.2682 -1.9876 5.2618
8.2871 -2.0158 5.2462
8.3216 -2.0375 5.2176
8.3737 -2.0513 5.1745
8.4959 -2.0347 5.0733
8.5301 -2.0524 5.0449
8.5585 -2.0719 5.0215
8.5835 -2.0921 5.0008
8.6058 -2.1130 4.9823
8.6790 -2.1089 4.9216
8.7138 -2.1218 4.8929
8.7414 -2.1375 4.8700
8.7639 -2.1550 4.8514
8.7454 -2.1937 4.8667
8.7266 -2.2330 4.8823
8.6921 -2.2815 4.9108
8.6849 -2.3154 4.9168
8.6654 -2.3567 4.9330
8.6438 -2.3996 4.9508
8.6235 -2.4424 4.9677
8.6039 -2.4852 4.9838
8.5826 -2.5296 5.0015
8.5607 -2.5750 5.0196
8.5389 -2.6208 5.0377
7.0148 -1.1522 6.2376
7.0768 -1.2000 6.1873
7.1204 -1.2473 6.1519
7.1467 -1.2949 6.1305
7.1335 -1.3453 6.1412
7.1902 -1.3889 6.0951
7.2317 -1.4328 6.0614
7.3537 -1.4653 5.9623
7.4094 -1.5041 5.9171
7.4510 -1.5436 5.8833
7.7601 -1.5376 5.6322
7.8239 -1.5676 5.5803
7.8672 -1.5999 5.5451
7.9018 -1.6328 5.5170
7.9294 -1.6664 5.4946
7.9489 -1.7012 5.4788
7.9181 -1.7476 5.5038
7.9673 -1.7744 5.4638
8.0053 -1.8029 5.4329
8.0367 -1.8324 5.4074
8.0626 -1.8626 5.3864
8.0817 -1.8943 5.3709
8.0798 -1.9322 5.3724
8.1852 -1.9345 5.2868
8.2235 -1.9572 5.2556
8.2551 -1.9814 5.2300
8.2827 -2.0062 5.2076
8.3063 -2.0319 5.1884
8.3259 -2.0585 5.1724
8.3401 -2.0869 5.1609
8.3982 -2.0964 5.1137
8.5192 -2.0771 5.0154
8.5562 -2.0922 4.9853
8.5857 -2.1099 4.9614
8.6112 -2.1287 4.9407
8.6337 -2.1483 4.9224
8.6539 -2.1684 4.9060
8.7329 -2.1581 4.8418
8.7200 -2.1938 4.8523
8.6942 -2.2367 4.8733
8.6749 -2.2768 4.8890
8.6591 -2.3153 4.9017
8.6394 -2.3566 4.9178
8.6176 -2.3995 4.9355
8.5970 -2.4423 4.9522
8.5772 -2.4852 4.9683
8.5531 -2.5312 4.9879
8.5335 -2.5749 5.0038
6.8641 -1.1563 6.2972
7.0177 -1.2008 6.1748
7.1054 -1.2456 6.1048
7.1576 -1.2908 6.0632
7.1947 -1.3361 6.0337
7.2119 -1.3824 6.0199
7.2133 -1.4301 6.0188
7.2631 -1.4717 5.9791
7.2994 -1.5138 5.9502
7.4289 -1.5410 5.8469
7.4772 -1.5782 5.8084
7.5140 -1.6162 5.7791
7.8234 -1.6016 5.5324
7.8796 -1.6304 5.4876
7.9201 -1.6611 5.4553
7.9529 -1.6926 5.4292
7.9790 -1.7248 5.4084
7.9975 -1.7583 5.3936
7.9654 -1.8047 5.4192
8.0133 -1.8298 5.3810
8.0504 -1.8567 5.3514
8.0798 -1.8851 5.3280
8.1041 -1.9143 5.3086
8.1229 -1.9447 5.2936
8.1279 -1.9794 5.2897
8.2197 -1.9832 5.2165
8.2586 -2.0040 5.1854
8.2906 -2.0266 5.1600
8.3179 -2.0501 5.1382
8.3405 -2.0748 5.1201
8.3612 -2.0998 5.1037
8.3773 -2.1262 5.0908
8.4192 -2.1408 5.0574
8.5346 -2.1210 4.9654
8.5804 -2.1307 4.9289
8.6108 -2.1467 4.9047
8.6367 -2.1641 4.8840
8.6596 -2.1824 4.8658
8.6802 -2.2013 4.8494
8.6686 -2.2368 4.8586
8.6490 -2.2768 4.8742
8.6333 -2.3153 4.8867
8.6014 -2.3633 4.9122
8.5914 -2.3994 4.9201
8.5706 -2.4422 4.9367
8.5495 -2.4857 4.9536
8.5279 -2.5300 4.9708
8.5063 -2.5749 4.9880
6.7986 -1.1570 6.2869
6.8389 -1.2075 6.2554
6.9619 -1.2519 6.1591
7.1235 -1.2902 6.0327
7.1877 -1.3331 5.9825
7.2321 -1.3763 5.9478
7.2626 -1.4199 5.9239
7.2697 -1.4657 5.9183
7.2860 -1.5101 5.9056
7.3312 -1.5498 5.8702
7.4328 -1.5791 5.7907
7.4956 -1.6127 5.7416
7.5383 -1.6485 5.7082
7.5714 -1.6852 5.6823
7.8817 -1.6621 5.4395
7.9323 -1.6897 5.4000
7.9702 -1.7190 5.3703
8.0014 -1.7491 5.3459
8.0260 -1.7801 5.3266
8.0436 -1.8125 5.3129
8.0381 -1.8510 5.3172
8.0580 -1.8820 5.3016
8.0927 -1.9080 5.2745
8.1216 -1.9349 5.2518
8.1459 -1.9627 5.2328
8.1645 -1.9918 5.2183
8.1739 -2.0239 5.2110
8.2507 -2.0304 5.1509
8.2916 -2.0489 5.1188
8.3225 -2.0704 5.0947
8.3502 -2.0924 5.0730
8.3742 -2.1154 5.0543
8.3950 -2.1391 5.0380
8.4124 -2.1638 5.0243
8.4248 -2.1904 5.0147
8.4844 -2.1943 4.9680
8.6019 -2.1685 4.8761
8.6342 -2.1823 4.8508
8.6609 -2.1982 4.8299
8.6430 -2.2368 4.8440
8.6232 -2.2769 4.8594
8.6129 -2.3123 4.8675
8.5924 -2.3536 4.8835
8.5652 -2.3993 4.9048
8.5391 -2.4451 4.9252
8.5227 -2.4857 4.9381
8.5009 -2.5300 4.9551
6.7594 -1.1568 6.2558
6.8344 -1.2055 6.1982
6.8834 -1.2540 6.1606
6.9723 -1.2983 6.0923
7.0489 -1.3415 6.0336
7.2099 -1.3744 5.9100
7.2628 -1.4154 5.8693
7.3021 -1.4568 5.8392
7.3279 -1.4990 5.8193
7.3008 -1.5484 5.8402
7.3553 -1.5854 5.7983
7.3959 -1.6234 5.7671
7.5049 -1.6477 5.6834
7.5572 -1.6806 5.6433
7.5963 -1.7150 5.6132
7.6268 -1.7503 5.5898
7.9356 -1.7195 5.3527
7.9821 -1.7459 5.3170
8.0177 -1.7739 5.2897
8.0455 -1.8033 5.2684
8.0685 -1.8332 5.2507
8.0862 -1.8642 5.2371
8.0885 -1.8996 5.2354
8.0995 -1.9320 5.2269
8.1334 -1.9565 5.2009
8.1615 -1.9823 5.1793
8.1855 -2.0088 5.1609
8.2041 -2.0366 5.1466
8.2153 -2.0669 5.1380
8.2766 -2.0771 5.0909
8.3214 -2.0925 5.0566
8.3539 -2.1119 5.0316
8.3816 -2.1327 5.0103
8.4059 -2.1542 4.9917
8.4272 -2.1766 4.9753
8.4452 -2.1999 4.9615
8.4593 -2.2247 4.9507
8.5041 -2.2340 4.9163
8.6190 -2.2066 4.8281
8.6174 -2.2369 4.8293
8.5937 -2.2789 4.8475
8.5872 -2.3122 4.8525
8.5664 -2.3536 4.8684
8.5388 -2.3994 4.8896
8.5172 -2.4424 4.9063
8.4959 -2.4857 4.9226
8.4036 -2.5725 4.9934
6.6936 -1.1575 6.2450
6.7332 -1.2083 6.2152
6.8616 -1.2526 6.1184
6.9207 -1.2989 6.0738
6.9605 -1.3454 6.0439
7.0692 -1.3842 5.9620
7.2173 -1.4160 5.8504
7.2876 -1.4537 5.7974
7.3347 -1.4928 5.7619
7.3687 -1.5326 5.7363
7.3871 -1.5741 5.7224
7.3713 -1.6210 5.7343
7.4216 -1.6562 5.6964
7.4582 -1.6928 5.6689
7.5682 -1.7132 5.5859
7.6153 -1.7448 5.5504
7.6513 -1.7779 5.5233
7.6794 -1.8120 5.5022
7.9866 -1.7737 5.2706
8.0256 -1.8001 5.2412
8.0595 -1.8269 5.2157
8.0881 -1.8545 5.1942
8.1109 -1.8832 5.1770
8.1278 -1.9131 5.1643
8.1302 -1.9474 5.1624
8.1390 -1.9796 5.1558
8.1721 -2.0028 5.1309
8.1995 -2.0273 5.1102
8.2229 -2.0527 5.0926
8.2404 -2.0798 5.0794
8.2531 -2.1085 5.0699
8.2284 -2.1524 5.0885
8.3504 -2.1341 4.9966
8.3839 -2.1517 4.9713
8.4116 -2.1712 4.9504
8.4358 -2.1916 4.9322
8.4571 -2.2128 4.9161
8.4757 -2.2348 4.9021
8.4913 -2.2579 4.8904
8.5015 -2.2833 4.8826
8.5617 -2.2822 4.8373
8.5614 -2.3122 4.8375
8.5404 -2.3535 4.8533
8.5125 -2.3993 4.8744
8.4906 -2.4423 4.8909
8.4683 -2.4861 4.9077
8.4258 -2.5426 4.9397
8.4228 -2.5759 4.9419
6.6566 -1.1572 6.2123
6.7317 -1.2062 6.1567
6.7782 -1.2550 6.1223
6.8787 -1.2988 6.0480
6.9522 -1.3425 5.9937
6.9986 -1.3870 5.9593
7.0292 -1.4321 5.9367
7.1510 -1.4654 5.8466
7.3052 -1.4915 5.7326
7.3605 -1.5282 5.6917
7.3997 -1.5661 5.6627
7.4272 -1.6050 5.6424
7.4340 -1.6470 5.6373
7.4393 -1.6892 5.6334
7.4816 -1.7236 5.6021
7.5517 -1.7509 5.5503
7.6269 -1.7753 5.4946
7.6696 -1.8058 5.4631
7.7032 -1.8376 5.4382
7.7292 -1.8706 5.4190
8.0293 -1.8267 5.1971
8.0702 -1.8508 5.1668
8.1023 -1.8765 5.1430
8.1295 -1.9030 5.1230
8.1512 -1.9307 5.1069
8.1674 -1.9597 5.0949
8.1700 -1.9930 5.0930
8.1767 -2.0249 5.0881
8.2083 -2.0472 5.0646
8.2343 -2.0709 5.0454
8.2572 -2.0952 5.0285
8.2763 -2.1206 5.0144
8.2893 -2.1480 5.0047
8.2829 -2.1836 5.0095
8.3776 -2.1741 4.9395
8.4117 -2.1901 4.9142
8.4399 -2.2082 4.8934
8.4644 -2.2273 4.8753
8.4858 -2.2474 4.8594
8.5046 -2.2683 4.8455
8.5206 -2.2901 4.8337
8.5332 -2.3135 4.8244
8.5164 -2.3525 4.8368
8.4862 -2.3993 4.8591
8.4641 -2.4423 4.8755
8.4414 -2.4862 4.8923
8.4142 -2.5333 4.9124
8.3956 -2.5758 4.9261
8.3724 -2.6217 4.9433
6.6749 -1.1031 6.1396
6.7016 -1.1540 6.1203
6.7662 -1.2531 6.0734
6.8176 -1.3001 6.0361
6.8503 -1.3475 6.0124
6.9771 -1.3850 5.9203
7.0315 -1.4274 5.8808
7.0688 -1.4704 5.8537
7.1670 -1.5046 5.7824
7.2281 -1.5418 5.7381
7.3795 -1.5634 5.6282
7.4265 -1.5989 5.5940
7.4597 -1.6357 5.5700
7.4813 -1.6740 5.5543
7.4487 -1.7228 5.5780
7.4997 -1.7543 5.5409
7.5377 -1.7876 5.5133
7.6264 -1.8078 5.4490
7.6821 -1.8342 5.4085
7.7211 -1.8637 5.3802
7.7522 -1.8944 5.3576
7.7764 -1.9264 5.3401
8.0742 -1.8758 5.1239
8.1124 -1.8990 5.0961
8.1431 -1.9236 5.0739
8.1689 -1.9492 5.0552
8.1897 -1.9759 5.0400
8.2068 -2.0034 5.0276
8.2116 -2.0351 5.0241
8.2112 -2.0686 5.0244
8.2424 -2.0897 5.0017
8.2689 -2.1119 4.9825
8.2913 -2.1353 4.9663
8.3101 -2.1596 4.9527
8.3239 -2.1857 4.9426
8.3267 -2.2165 4.9406
8.4025 -2.2131 4.8856
8.4385 -2.2270 4.8594
8.4667 -2.2438 4.8390
8.4911 -2.2619 4.8212
8.5128 -2.2808 4.8055
8.5120 -2.3110 4.8060
8.4906 -2.3523 4.8216
8.4599 -2.3993 4.8439
8.4369 -2.4426 4.8605
8.4145 -2.4863 4.8769
8.3894 -2.5319 4.8950
8.3684 -2.5758 4.9103
6.6566 -1.1025 6.0948
6.7104 -1.1521 6.0565
6.7464 -1.2012 6.0308
6.7564 -1.2511 6.0237
6.7929 -1.2988 5.9977
6.8526 -1.3437 5.9552
6.8922 -1.3891 5.9269
6.9933 -1.4271 5.8549
7.0607 -1.4666 5.8069
7.1031 -1.5078 5.7767
7.1304 -1.5501 5.7572
7.2480 -1.5778 5.6734
7.3935 -1.5982 5.5698
7.4476 -1.6313 5.5312
7.4863 -1.6661 5.5036
7.5149 -1.7020 5.4833
7.5310 -1.7399 5.4718
7.5114 -1.7854 5.4858
7.5560 -1.8162 5.4539
7.5903 -1.8485 5.4295
7.6852 -1.8642 5.3619
7.7339 -1.8902 5.3272
7.7701 -1.9186 5.3014
7.7987 -1.9484 5.2810
8.0592 -1.9061 5.0954
8.1168 -1.9226 5.0543
8.1527 -1.9448 5.0288
8.1819 -1.9685 5.0080
8.2069 -1.9931 4.9901
8.2272 -2.0187 4.9757
8.2428 -2.0457 4.9646
8.2477 -2.0764 4.9611
8.2455 -2.1099 4.9626
8.2759 -2.1300 4.9410
8.3019 -2.1512 4.9225
8.3239 -2.1736 4.9068
8.3424 -2.1970 4.8937
8.3569 -2.2217 4.8833
8.3633 -2.2500 4.8787
8.4243 -2.2517 4.8353
8.4633 -2.2628 4.8074
8.4923 -2.2781 4.7868
8.4864 -2.3108 4.7910
8.4647 -2.3522 4.8064
8.4333 -2.3994 4.8288
8.4112 -2.4422 4.8446
8.3875 -2.4863 4.8615
8.3228 -2.5549 4.9076
8.3411 -2.5758 4.8945
6.6748 -1.1518 6.0251
6.7419 -1.1994 5.9782
6.7840 -1.2469 5.9487
6.8070 -1.2948 5.9327
6.8095 -1.3438 5.9310
6.8830 -1.3860 5.8795
6.9289 -1.4295 5.8474
6.9579 -1.4739 5.8271
7.0833 -1.5051 5.7394
7.1314 -1.5443 5.7058
7.1647 -1.5847 5.6825
7.2581 -1.6143 5.6171
7.3174 -1.6478 5.5757
7.4626 -1.6638 5.4741
7.5078 -1.6963 5.4425
7.5416 -1.7301 5.4189
7.5660 -1.7653 5.4018
7.5755 -1.8033 5.3952
7.5691 -1.8451 5.3996
7.6089 -1.8751 5.3718
7.6401 -1.9065 5.3500
7.7392 -1.9180 5.2807
7.7825 -1.9436 5.2504
7.8129 -1.9720 5.2292
7.8397 -2.0009 5.2104
8.1094 -1.9495 5.0218
8.1575 -1.9670 4.9881
8.1908 -1.9887 4.9648
8.2190 -2.0114 4.9451
8.2427 -2.0351 4.9285
8.2622 -2.0599 4.9149
8.2771 -2.0861 4.9044
8.2822 -2.1160 4.9009
8.2784 -2.1494 4.9036
8.3079 -2.1686 4.8829
8.3333 -2.1888 4.8652
8.3550 -2.2102 4.8499
8.3733 -2.2327 4.8372
8.3878 -2.2565 4.8270
8.3958 -2.2832 4.8214
8.3773 -2.3231 4.8344
8.4609 -2.3107 4.7759
8.4389 -2.3521 4.7913
8.4071 -2.3994 4.8136
8.3847 -2.4421 4.8292
8.3598 -2.4868 4.8466
8.3364 -2.5313 4.8630
8.3107 -2.5776 4.8810
6.4907 -1.1043 6.0960
6.5101 -1.1560 6.0827
6.5884 -1.2045 6.0289
6.7696 -1.2452 5.9045
6.8175 -1.2911 5.8716
6.8477 -1.3372 5.8509
6.8478 -1.3854 5.8508
6.9087 -1.4273 5.8090
6.9602 -1.4689 5.7737
6.9958 -1.5112 5.7492
7.0996 -1.5433 5.6779
7.1567 -1.5800 5.6388
7.1959 -1.6183 5.6118
7.2213 -1.6580 5.5944
7.3337 -1.6810 5.5172
7.4680 -1.6971 5.4250
7.5248 -1.7263 5.3860
7.5639 -1.7580 5.3592
7.5936 -1.7911 5.3388
7.6137 -1.8257 5.3250
7.6110 -1.8657 5.3268
7.6229 -1.9019 5.3187
7.6586 -1.9312 5.2941
7.6868 -1.9619 5.2748
7.7869 -1.9701 5.2061
7.8259 -1.9952 5.1793
7.8567 -2.0221 5.1581
7.8818 -2.0501 5.1409
8.1496 -1.9930 4.9570
8.1951 -2.0098 4.9258
8.2274 -2.0304 4.9036
8.2543 -2.0523 4.8851
8.2769 -2.0752 4.8696
8.2956 -2.0993 4.8568
8.3100 -2.1247 4.8469
8.3151 -2.1537 4.8434
8.3098 -2.1873 4.8471
8.3386 -2.2055 4.8273
8.3633 -2.2249 4.8103
8.3847 -2.2453 4.7956
8.4029 -2.2668 4.7831
8.4174 -2.2898 4.7732
8.4269 -2.3149 4.7666
8.4029 -2.3573 4.7831
8.3808 -2.3993 4.7983
8.3562 -2.4431 4.8152
8.3330 -2.4868 4.8311
8.3094 -2.5312 4.8473
8.2832 -2.5777 4.8653
6.4806 -1.1035 6.0460
6.5306 -1.1537 6.0123
6.5512 -1.2042 5.9984
6.6233 -1.2512 5.9499
6.7927 -1.2899 5.8357
6.8475 -1.3339 5.7988
6.8831 -1.3783 5.7747
6.9006 -1.4239 5.7629
6.9256 -1.4681 5.7461
6.9883 -1.5071 5.7038
7.0307 -1.5474 5.6753
7.0919 -1.5839 5.6340
7.1783 -1.6149 5.5758
7.2205 -1.6516 5.5474
7.2530 -1.6891 5.5255
7.3401 -1.7152 5.4668
7.3980 -1.7453 5.4277
7.5358 -1.7566 5.3348
7.5820 -1.7858 5.3037
7.6163 -1.8169 5.2806
7.6420 -1.8493 5.2633
7.6579 -1.8837 5.2525
7.6309 -1.9296 5.2707
7.6729 -1.9562 5.2424
7.7056 -1.9847 5.2204
7.7804 -1.9994 5.1700
7.8336 -2.0193 5.1342
7.8696 -2.0437 5.1099
7.8985 -2.0698 5.0904
7.9217 -2.0972 5.0747
8.1909 -2.0335 4.8933
8.2319 -2.0503 4.8657
8.2623 -2.0702 4.8452
8.2881 -2.0913 4.8278
8.3097 -2.1136 4.8133
8.3276 -2.1369 4.8012
8.3414 -2.1616 4.7918
8.3466 -2.1898 4.7884
8.3397 -2.2235 4.7930
8.3679 -2.2408 4.7740
8.3921 -2.2594 4.7577
8.4131 -2.2790 4.7436
8.4022 -2.3143 4.7509
8.3801 -2.3556 4.7658
8.3577 -2.3976 4.7809
8.3278 -2.4441 4.8010
8.3062 -2.4868 4.8156
8.2759 -2.5349 4.8360
8.2558 -2.5777 4.8496
6.5152 -1.1527 5.9673
6.5678 -1.2014 5.9326
6.5947 -1.2503 5.9148
6.6533 -1.2965 5.8760
6.8075 -1.3337 5.7740
6.8740 -1.3754 5.7299
6.9155 -1.4182 5.7025
6.9405 -1.4618 5.6860
6.7545 -1.5313 5.8090
7.0118 -1.5446 5.6388
7.0605 -1.5828 5.6066
7.0938 -1.6223 5.5845
7.1899 -1.6504 5.5209
7.2435 -1.6840 5.4855
7.2808 -1.7196 5.4608
7.3067 -1.7566 5.4437
7.4103 -1.7763 5.3751
7.5320 -1.7895 5.2946
7.5952 -1.8139 5.2528
7.6347 -1.8427 5.2267
7.6648 -1.8732 5.2067
7.6871 -1.9051 5.1920
7.6979 -1.9397 5.1849
7.6838 -1.9815 5.1941
7.7220 -2.0075 5.1689
7.7506 -2.0357 5.1499
7.8326 -2.0456 5.0957
7.8779 -2.0663 5.0658
7.9111 -2.0901 5.0438
7.9383 -2.1153 5.0258
7.9599 -2.1421 5.0115
8.2291 -2.0725 4.8334
8.2667 -2.0891 4.8085
8.2957 -2.1083 4.7893
8.3203 -2.1288 4.7730
8.3410 -2.1503 4.7594
8.3582 -2.1729 4.7479
8.3715 -2.1970 4.7391
8.3768 -2.2244 4.7356
8.3684 -2.2584 4.7412
8.3961 -2.2747 4.7229
8.3764 -2.3143 4.7359
8.3541 -2.3556 4.7507
8.3313 -2.3976 4.7657
8.3083 -2.4403 4.7810
8.2792 -2.4869 4.8002
8.2303 -2.5451 4.8326
8.2277 -2.5781 4.8343
6.3306 -1.1575 6.0330
6.5493 -1.2003 5.8910
6.6055 -1.2473 5.8545
6.6353 -1.2948 5.8351
6.6793 -1.3406 5.8065
6.7490 -1.3830 5.7612
6.8986 -1.4158 5.6641
6.9436 -1.4570 5.6349
6.9727 -1.4991 5.6159
6.9805 -1.5435 5.6109
7.0295 -1.5816 5.5790
7.0859 -1.6175 5.5424
7.1265 -1.6548 5.5161
7.1891 -1.6872 5.4754
7.2627 -1.7160 5.4276
7.3050 -1.7496 5.4001
7.3358 -1.7847 5.3801
7.4101 -1.8092 5.3318
7.4714 -1.8352 5.2920
7.6021 -1.8426 5.2071
7.6493 -1.8687 5.1765
7.6839 -1.8971 5.1540
7.7087 -1.9275 5.1379
7.7252 -1.9598 5.1272
7.7221 -1.9976 5.1292
7.7336 -2.0310 5.1217
7.7661 -2.0572 5.1006
7.7923 -2.0848 5.0836
7.8798 -2.0904 5.0267
7.9198 -2.1111 5.0007
7.9497 -2.1347 4.9813
7.9755 -2.1593 4.9646
7.9961 -2.1852 4.9512
8.2649 -2.1100 4.7766
8.2999 -2.1262 4.7538
8.3277 -2.1448 4.7358
8.3511 -2.1646 4.7206
8.3710 -2.1855 4.7077
8.3876 -2.2075 4.6969
8.3944 -2.2337 4.6925
8.3727 -2.2736 4.7066
8.3506 -2.3142 4.7209
8.3207 -2.3592 4.7403
8.3050 -2.3976 4.7505
8.2818 -2.4403 4.7656
8.2524 -2.4869 4.7847
8.2279 -2.5314 4.8006
8.2003 -2.5782 4.8186
6.3646 -1.2066 5.9559
6.5820 -1.2462 5.8173
6.6413 -1.2916 5.7795
6.6735 -1.3377 5.7589
6.6926 -1.3844 5.7468
6.7803 -1.4237 5.6909
6.9178 -1.4554 5.6032
6.9686 -1.4948 5.5708
7.0018 -1.5354 5.5496
7.0200 -1.5774 5.5380
7.0287 -1.6205 5.5325
7.1107 -1.6511 5.4802
7.1533 -1.6869 5.4530
7.1834 -1.7242 5.4338
7.2763 -1.7481 5.3746
7.3257 -1.7792 5.3430
7.3609 -1.8124 5.3206
7.3858 -1.8472 5.3047
7.4803 -1.8643 5.2444
7.5270 -1.8917 5.2147
7.6595 -1.8950 5.1302
7.6982 -1.9214 5.1055
7.7279 -1.9497 5.0866
7.7506 -1.9794 5.0721
7.7640 -2.0115 5.0635
7.7402 -2.0553 5.0787
7.7781 -2.0790 5.0545
7.8081 -2.1046 5.0354
7.8318 -2.1318 5.0203
7.9207 -2.1344 4.9636
7.9581 -2.1546 4.9398
7.9875 -2.1771 4.9210
8.0115 -2.2011 4.9057
8.0311 -2.2264 4.8932
8.2992 -2.1458 4.7222
8.3318 -2.1618 4.7015
8.3583 -2.1797 4.6846
8.3806 -2.1990 4.6703
8.3689 -2.2337 4.6778
8.3470 -2.2736 4.6918
8.3302 -2.3115 4.7025
8.3078 -2.3526 4.7167
8.2787 -2.3976 4.7353
8.2499 -2.4431 4.7537
8.2256 -2.4869 4.7692
8.1976 -2.5331 4.7870
8.1728 -2.5783 4.8029
6.3889 -1.2545 5.8868
6.6125 -1.2907 5.7468
6.6754 -1.3344 5.7074
6.7099 -1.3791 5.6858
6.7180 -1.4258 5.6807
6.8098 -1.4630 5.6232
6.9316 -1.4945 5.5470
6.9916 -1.5316 5.5095
7.0292 -1.5705 5.4859
7.0525 -1.6108 5.4713
7.0536 -1.6543 5.4706
7.1282 -1.6848 5.4239
7.1770 -1.7184 5.3934
7.2114 -1.7539 5.3718
7.2785 -1.7817 5.3298
7.3430 -1.8086 5.2894
7.3827 -1.8398 5.2646
7.4121 -1.8727 5.2462
7.4309 -1.9075 5.2344
7.5392 -1.9183 5.1667
7.6642 -1.9220 5.0883
7.7108 -1.9455 5.0592
7.7446 -1.9718 5.0380
7.7709 -1.9997 5.0216
7.7902 -2.0292 5.0095
7.7993 -2.0617 5.0038
7.7864 -2.1015 5.0119
7.8204 -2.1250 4.9906
7.8476 -2.1503 4.9736
7.8695 -2.1769 4.9598
7.9618 -2.1758 4.9020
7.9959 -2.1958 4.8807
8.0235 -2.2177 4.8634
8.0461 -2.2412 4.8493
8.0646 -2.2659 4.8377
8.3317 -2.1802 4.6705
8.3623 -2.1958 4.6513
8.3435 -2.2337 4.6631
8.3214 -2.2736 4.6769
8.3050 -2.3112 4.6872
8.2818 -2.3526 4.7017
8.2552 -2.3961 4.7183
8.2315 -2.4388 4.7332
8.1987 -2.4868 4.7537
8.1344 -2.5527 4.7940
8.1453 -2.5784 4.7872
6.6406 -1.3338 5.6794
6.7084 -1.3757 5.6378
6.7455 -1.4190 5.6150
6.7601 -1.4640 5.6060
6.8358 -1.5014 5.5595
6.8805 -1.5411 5.5320
7.0118 -1.5676 5.4512
7.0514 -1.6052 5.4269
7.0804 -1.6437 5.4091
7.0948 -1.6841 5.4002
7.1389 -1.7187 5.3731
7.1977 -1.7494 5.3370
7.2363 -1.7830 5.3133
7.2637 -1.8183 5.2964
7.3557 -1.8380 5.2399
7.4015 -1.8669 5.2117
7.4348 -1.8980 5.1913
7.4588 -1.9307 5.1765
7.5440 -1.9462 5.1242
7.5897 -1.9710 5.0961
7.7191 -1.9701 5.0165
7.7582 -1.9941 4.9925
7.7879 -2.0202 4.9743
7.8112 -2.0477 4.9600
7.8275 -2.0771 4.9499
7.8300 -2.1110 4.9484
7.8291 -2.1460 4.9489
7.8591 -2.1696 4.9305
7.8842 -2.1944 4.9151
7.9547 -2.2007 4.8717
8.0004 -2.2155 4.8436
8.0321 -2.2352 4.8241
8.0578 -2.2568 4.8084
8.0792 -2.2796 4.7952
8.3175 -2.2046 4.6487
8.3181 -2.2337 4.6484
8.2858 -2.2783 4.6683
8.2791 -2.3112 4.6723
8.2557 -2.3526 4.6867
8.2292 -2.3960 4.7030
8.2052 -2.4387 4.7178
8.1714 -2.4871 4.7386
8.1329 -2.5388 4.7622
8.1216 -2.5764 4.7691
8.0959 -2.6222 4.7849
6.6633 -1.3761 5.6169
6.7396 -1.4157 5.5708
6.7793 -1.4576 5.5469
6.7973 -1.5013 5.5361
6.8596 -1.5388 5.4984
6.9091 -1.5767 5.4685
7.0250 -1.6035 5.3986
7.0735 -1.6388 5.3694
7.1065 -1.6757 5.3495
7.1274 -1.7140 5.3368
7.1155 -1.7584 5.3440
7.2149 -1.7801 5.2840
7.2584 -1.8117 5.2578
7.2897 -1.8452 5.2389
7.3602 -1.8686 5.1963
7.4172 -1.8939 5.1620
7.4546 -1.9231 5.1394
7.4826 -1.9539 5.1225
7.5012 -1.9869 5.1113
7.5992 -1.9961 5.0521
7.7187 -1.9967 4.9800
7.7679 -2.0169 4.9503
7.8019 -2.0409 4.9298
7.8286 -2.0666 4.9137
7.8493 -2.0938 4.9012
7.8613 -2.1237 4.8940
7.8332 -2.1681 4.9109
7.8688 -2.1890 4.8894
7.8969 -2.2120 4.8725
7.9197 -2.2365 4.8587
7.9975 -2.2379 4.8118
8.0369 -2.2538 4.7880
8.0664 -2.2731 4.7702
8.0906 -2.2942 4.7556
8.1110 -2.3165 4.7433
8.1268 -2.3405 4.7338
8.2533 -2.3113 4.6574
8.2122 -2.3611 4.6822
8.2031 -2.3959 4.6877
8.1789 -2.4386 4.7023
8.1446 -2.4871 4.7230
8.1193 -2.5315 4.7383
8.0943 -2.5763 4.7534
8.0684 -2.6222 4.7690
6.5640 -1.4288 5.6280
6.7717 -1.4542 5.5050
6.8126 -1.4948 5.4807
6.8327 -1.5372 5.4688
6.8826 -1.5751 5.4393
6.9361 -1.6113 5.4076
7.0349 -1.6390 5.3491
7.0931 -1.6717 5.3146
7.1300 -1.7069 5.2927
7.1553 -1.7436 5.2777
7.1651 -1.7830 5.2719
7.2275 -1.8108 5.2349
7.2778 -1.8400 5.2052
7.3129 -1.8717 5.1844
7.3379 -1.9052 5.1695
7.4290 -1.9211 5.1156
7.4716 -1.9480 5.0903
7.5029 -1.9772 5.0718
7.5270 -2.0078 5.0575
7.6021 -2.0225 5.0130
7.6493 -2.0444 4.9851
7.7729 -2.0405 4.9119
7.8128 -2.0619 4.8882
7.8431 -2.0858 4.8703
7.8657 -2.1117 4.8569
7.8836 -2.1388 4.8462
7.8932 -2.1687 4.8405
7.8750 -2.2092 4.8514
7.9068 -2.2301 4.8325
7.9328 -2.2528 4.8171
7.9537 -2.2770 4.8047
8.0367 -2.2741 4.7556
8.0718 -2.2904 4.7347
8.0992 -2.3096 4.7185
8.1222 -2.3301 4.7049
8.1413 -2.3520 4.6936
8.1561 -2.3756 4.6848
8.1771 -2.3958 4.6724
8.1429 -2.4434 4.6927
8.1178 -2.4871 4.7075
8.0860 -2.5348 4.7264
8.0670 -2.5763 4.7376
6.5945 -1.4688 5.5624
6.8022 -1.4914 5.4416
6.8429 -1.5310 5.4180
6.8651 -1.5722 5.4050
6.9012 -1.6108 5.3841
6.9615 -1.6449 5.3490
6.9972 -1.6818 5.3282
7.1100 -1.7040 5.2626
7.1514 -1.7375 5.2385
7.1800 -1.7727 5.2219
7.1968 -1.8098 5.2121
7.2237 -1.8443 5.1964
7.2942 -1.8681 5.1554
7.3335 -1.8979 5.1326
7.3621 -1.9296 5.1159
7.4335 -1.9494 5.0744
7.4832 -1.9736 5.0455
7.5201 -2.0005 5.0241
7.5478 -2.0293 5.0079
7.5676 -2.0600 4.9964
7.6565 -2.0681 4.9447
7.7617 -2.0690 4.8835
7.8200 -2.0836 4.8496
7.8534 -2.1058 4.8302
7.8804 -2.1295 4.8145
7.9018 -2.1548 4.8020
7.9175 -2.1817 4.7929
7.9222 -2.2127 4.7902
7.9137 -2.2490 4.7951
7.9431 -2.2696 4.7780
7.9668 -2.2921 4.7642
7.9863 -2.3159 4.7529
8.0724 -2.3094 4.7028
8.1048 -2.3258 4.6840
8.1306 -2.3446 4.6690
8.1525 -2.3646 4.6562
8.1329 -2.4045 4.6676
8.1084 -2.4474 4.6819
8.0859 -2.4896 4.6949
8.0604 -2.5340 4.7098
6.6218 -1.5079 5.5002
6.8290 -1.5279 5.3818
6.8713 -1.5661 5.3577
6.8943 -1.6063 5.3446
6.8840 -1.6512 5.3504
6.9857 -1.6775 5.2923
7.0239 -1.7130 5.2706
7.1233 -1.7361 5.2138
7.1702 -1.7676 5.1870
7.2023 -1.8013 5.1687
7.2238 -1.8366 5.1564
7.2291 -1.8752 5.1534
7.3070 -1.8961 5.1089
7.3518 -1.9238 5.0833
7.3837 -1.9538 5.0651
7.4067 -1.9857 5.0519
7.4922 -1.9993 5.0031
7.5349 -2.0237 4.9787
7.5660 -2.0508 4.9610
7.5894 -2.0796 4.9476
7.6545 -2.0943 4.9105
7.7047 -2.1127 4.8818
7.8199 -2.1073 4.8160
7.8622 -2.1257 4.7918
7.8925 -2.1476 4.7745
7.9169 -2.1712 4.7606
7.9361 -2.1962 4.7497
7.9487 -2.2235 4.7425
7.9455 -2.2570 4.7443
7.9506 -2.2871 4.7414
7.9772 -2.3078 4.7262
7.9994 -2.3298 4.7135
8.0613 -2.3334 4.6782
8.1066 -2.3434 4.6523
8.1311 -2.3623 4.6383
8.1067 -2.4044 4.6522
8.0588 -2.4587 4.6796
8.0593 -2.4895 4.6793
8.0335 -2.5339 4.6940
6.6480 -1.5458 5.4399
6.8564 -1.5630 5.3231
6.8991 -1.6001 5.2991
6.9241 -1.6390 5.2851
6.9252 -1.6815 5.2845
7.0087 -1.7093 5.2377
7.0489 -1.7434 5.2152
7.1303 -1.7686 5.1695
7.1869 -1.7972 5.1378
7.2225 -1.8293 5.1179
7.2476 -1.8631 5.1038
7.2614 -1.8990 5.0960
7.3138 -1.9249 5.0666
7.3675 -1.9494 5.0365
7.4042 -1.9775 5.0160
7.4295 -2.0079 5.0018
7.4934 -2.0266 4.9660
7.5470 -2.0470 4.9359
7.5818 -2.0722 4.9164
7.6083 -2.0994 4.9015
7.6275 -2.1284 4.8908
7.7078 -2.1360 4.8458
7.7471 -2.1564 4.8237
7.8668 -2.1466 4.7566
7.9021 -2.1661 4.7368
7.9295 -2.1879 4.7215
7.9515 -2.2113 4.7092
7.9681 -2.2364 4.6998
7.9779 -2.2640 4.6943
7.9545 -2.3056 4.7074
7.9851 -2.3241 4.6903
8.0099 -2.3444 4.6764
8.0303 -2.3663 4.6649
8.1010 -2.3641 4.6253
8.0806 -2.4043 4.6368
8.0285 -2.4604 4.6660
8.0326 -2.4894 4.6637
8.0066 -2.5338 4.6783
7.9862 -2.5758 4.6897
6.6693 -1.5831 5.3838
6.8817 -1.5972 5.2668
6.9260 -1.6330 5.2424
6.9524 -1.6709 5.2279
6.9593 -1.7116 5.2241
7.0301 -1.7403 5.1851
7.0731 -1.7730 5.1615
7.0999 -1.8081 5.1467
7.2011 -1.8265 5.0910
7.2408 -1.8568 5.0692
7.2690 -1.8891 5.0536
7.2875 -1.9232 5.0435
7.2878 -1.9616 5.0433
7.3841 -1.9741 4.9903
7.4220 -2.0010 4.9694
7.4502 -2.0299 4.9539
7.4699 -2.0608 4.9431
7.5554 -2.0708 4.8960
7.5954 -2.0936 4.8740
7.6249 -2.1191 4.8578
7.6474 -2.1464 4.8454
7.6637 -2.1754 4.8364
7.7539 -2.1773 4.7868
7.8640 -2.1699 4.7261
7.9087 -2.1852 4.7015
7.9397 -2.2051 4.6845
7.9644 -2.2268 4.6709
7.9840 -2.2501 4.6601
7.9987 -2.2752 4.6520
8.0050 -2.3035 4.6486
7.9902 -2.3412 4.6567
8.0181 -2.3596 4.6413
8.0410 -2.3799 4.6287
8.0598 -2.4016 4.6184
8.0426 -2.4404 4.6278
7.9556 -2.5144 4.6757
7.9811 -2.5329 4.6617
7.9590 -2.5757 4.6739
7.9316 -2.6217 4.6889
6.9051 -1.6306 5.2129
6.9515 -1.6650 5.1878
6.9797 -1.7017 5.1725
6.9907 -1.7410 5.1666
7.0499 -1.7706 5.1346
7.0956 -1.8018 5.1099
7.1247 -1.8356 5.0942
7.2119 -1.8557 5.0471
7.2573 -1.8839 5.0226
7.2886 -1.9147 5.0057
7.3105 -1.9472 4.9938
7.3212 -1.9822 4.9880
7.3943 -1.9997 4.9485
7.4375 -2.0244 4.9252
7.4686 -2.0517 4.9083
7.4917 -2.0809 4.8959
7.5575 -2.0960 4.8603
7.6064 -2.1152 4.8339
7.6394 -2.1389 4.8161
7.6660 -2.1642 4.8017
7.6850 -2.1916 4.7914
7.7554 -2.1996 4.7534
7.7963 -2.2174 4.7313
7.9112 -2.2055 4.6692
7.9474 -2.2227 4.6496
7.9750 -2.2427 4.6347
7.9972 -2.2644 4.6227
8.0149 -2.2876 4.6131
8.0270 -2.3130 4.6066
8.0282 -2.3430 4.6059
8.0237 -2.3756 4.6084
8.0417 -2.3976 4.5987
8.0161 -2.4404 4.6125
7.9705 -2.4935 4.6371
7.9569 -2.5315 4.6445
7.9318 -2.5757 4.6581
6.9276 -1.6631 5.1606
6.9761 -1.6961 5.1348
7.0055 -1.7317 5.1192
7.0193 -1.7697 5.1119
7.0684 -1.8003 5.0859
7.1175 -1.8298 5.0598
7.1480 -1.8625 5.0436
7.2150 -1.8861 5.0081
7.2717 -1.9107 4.9780
7.3060 -1.9400 4.9598
7.3304 -1.9711 4.9469
7.3475 -2.0038 4.9378
7.3969 -2.0269 4.9116
7.4508 -2.0477 4.8830
7.4852 -2.0733 4.8647
7.5110 -2.1010 4.8510
7.5292 -2.1306 4.8414
7.6142 -2.1374 4.7963
7.6527 -2.1585 4.7759
7.6810 -2.1825 4.7609
7.7030 -2.2082 4.7492
7.7182 -2.2361 4.7411
7.8013 -2.2373 4.6970
7.8972 -2.2318 4.6462
7.9523 -2.2410 4.6170
7.9835 -2.2590 4.6004
8.0082 -2.2791 4.5872
8.0285 -2.3008 4.5765
8.0441 -2.3240 4.5683
8.0539 -2.3496 4.5630
8.0155 -2.3976 4.5834
7.9897 -2.4404 4.5971
7.9562 -2.4874 4.6149
7.9291 -2.5318 4.6292
7.9052 -2.5753 4.6419
6.9485 -1.6948 5.1102
7.0000 -1.7263 5.0834
7.0304 -1.7609 5.0676
7.0468 -1.7976 5.0590
7.0835 -1.8297 5.0399
7.1379 -1.8572 5.0116
7.1706 -1.8886 4.9946
7.1903 -1.9225 4.9843
7.2827 -1.9376 4.9362
7.3197 -1.9655 4.9169
7.3486 -1.9947 4.9019
7.3690 -2.0258 4.8912
7.3782 -2.0598 4.8865
7.4612 -2.0712 4.8432
7.5000 -2.0948 4.8230
7.5284 -2.1209 4.8082
7.5496 -2.1489 4.7971
7.6164 -2.1608 4.7624
7.6626 -2.1786 4.7383
7.6941 -2.2009 4.7219
7.7186 -2.2251 4.7091
7.7372 -2.2511 4.6994
7.7992 -2.2596 4.6671
7.8424 -2.2745 4.6447
7.9515 -2.2613 4.5878
7.9895 -2.2759 4.5680
8.0172 -2.2943 4.5536
8.0399 -2.3143 4.5418
8.0350 -2.3464 4.5443
8.0098 -2.3880 4.5575
7.9467 -2.4481 4.5903
7.9294 -2.4873 4.5993
7.9021 -2.5318 4.6135
7.8832 -2.5726 4.6234
7.8553 -2.6184 4.6379
6.9679 -1.7258 5.0618
7.0224 -1.7558 5.0339
7.0545 -1.7892 5.0175
7.0724 -1.8249 5.0083
7.0937 -1.8595 4.9975
7.1575 -1.8839 4.9648
7.1916 -1.9142 4.9474
7.2136 -1.9468 4.9361
7.2852 -1.9661 4.8995
7.3331 -1.9903 4.8750
7.3648 -2.0181 4.8588
7.3880 -2.0477 4.8469
7.4024 -2.0796 4.8396
7.4671 -2.0955 4.8065
7.5127 -2.1163 4.7832
7.5442 -2.1408 4.7671
7.5667 -2.1677 4.7556
7.5829 -2.1964 4.7473
7.6696 -2.1993 4.7030
7.7054 -2.2194 4.6847
7.7323 -2.2421 4.6709
7.7536 -2.2665 4.6600
7.7688 -2.2929 4.6523
7.8454 -2.2938 4.6131
7.8800 -2.3108 4.5954
7.9921 -2.2939 4.5381
8.0241 -2.3099 4.5217
8.0094 -2.3462 4.5292
7.9840 -2.3879 4.5422
7.9158 -2.4501 4.5771
7.9027 -2.4873 4.5838
7.8757 -2.5315 4.5976
7.8562 -2.5725 4.6076
7.8280 -2.6183 4.6220
6.9842 -1.7565 5.0159
7.0443 -1.7844 4.9857
7.0773 -1.8168 4.9691
7.0973 -1.8513 4.9591
7.0971 -1.8901 4.9592
7.1758 -1.9101 4.9197
7.2122 -1.9390 4.9014
7.2391 -1.9696 4.8879
7.2511 -2.0037 4.8819
7.3445 -2.0150 4.8350
7.3797 -2.0411 4.8174
7.4053 -2.0694 4.8045
7.4232 -2.0996 4.7955
7.4297 -2.1330 4.7922
7.5230 -2.1379 4.7454
7.5570 -2.1609 4.7283
7.5832 -2.1860 4.7152
7.6024 -2.2130 4.7055
7.6713 -2.2214 4.6710
7.7145 -2.2382 4.6493
7.7444 -2.2592 4.6343
7.7679 -2.2822 4.6225
7.7861 -2.3068 4.6133
7.8387 -2.3168 4.5869
7.8851 -2.3284 4.5636
7.9881 -2.3143 4.5119
7.9839 -2.3461 4.5141
7.9197 -2.4053 4.5463
7.8932 -2.4482 4.5596
7.8839 -2.4834 4.5642
7.8584 -2.5268 4.5771
7.8291 -2.5724 4.5917
6.9922 -1.7880 4.9750
7.0654 -1.8123 4.9389
7.0994 -1.8436 4.9222
7.1206 -1.8772 4.9117
7.1254 -1.9142 4.9094
7.1937 -1.9355 4.8757
7.2337 -1.9627 4.8560
7.2598 -1.9929 4.8432
7.2747 -2.0255 4.8358
7.3533 -2.0398 4.7971
7.3931 -2.0639 4.7775
7.4212 -2.0908 4.7636
7.4417 -2.1196 4.7535
7.4536 -2.1507 4.7476
7.5303 -2.1599 4.7098
7.5692 -2.1807 4.6907
7.5978 -2.2043 4.6766
7.6198 -2.2297 4.6657
7.6347 -2.2574 4.6584
7.7209 -2.2575 4.6159
7.7547 -2.2764 4.5993
7.7805 -2.2980 4.5866
7.8010 -2.3212 4.5765
7.8158 -2.3464 4.5692
7.8859 -2.3473 4.5346
7.9199 -2.3629 4.5179
7.8936 -2.4051 4.5308
7.8648 -2.4490 4.5450
7.8591 -2.4825 4.5478
7.8316 -2.5267 4.5614
7.7983 -2.5742 4.5778
7.7698 -2.6200 4.5918
7.0852 -1.8395 4.8938
7.1209 -1.8697 4.8765
7.1421 -1.9026 4.8663
7.1472 -1.9390 4.8638
7.2100 -1.9606 4.8334
7.2522 -1.9865 4.8130
7.2795 -2.0156 4.7998
7.2964 -2.0471 4.7917
7.3577 -2.0653 4.7620
7.4048 -2.0866 4.7392
7.4357 -2.1120 4.7243
7.4585 -2.1394 4.7132
7.4755 -2.1683 4.7050
7.5319 -2.1834 4.6777
7.5796 -2.2005 4.6547
7.6110 -2.2225 4.6395
7.6352 -2.2466 4.6277
7.6532 -2.2726 4.6190
7.7227 -2.2781 4.5854
7.7630 -2.2940 4.5659
7.7915 -2.3139 4.5521
7.8141 -2.3357 4.5412
7.8317 -2.3592 4.5327
7.8429 -2.3852 4.5273
7.8676 -2.4049 4.5153
7.8457 -2.4455 4.5259
7.8326 -2.4824 4.5323
7.8048 -2.5266 4.5457
7.7712 -2.5741 4.5620
7.7425 -2.6199 4.5759
7.1045 -1.8661 4.8499
7.1387 -1.8958 4.8336
7.1614 -1.9277 4.8228
7.1712 -1.9623 4.8182
7.2243 -1.9855 4.7930
7.2695 -2.0098 4.7715
7.2986 -2.0377 4.7577
7.3173 -2.0681 4.7488
7.3222 -2.1022 4.7465
7.4143 -2.1093 4.7027
7.4484 -2.1331 4.6865
7.4749 -2.1587 4.6740
7.4934 -2.1865 4.6652
7.5036 -2.2169 4.6603
7.5876 -2.2207 4.6204
7.6227 -2.2408 4.6038
7.6490 -2.2635 4.5913
7.6695 -2.2880 4.5816
7.6833 -2.3147 4.5750
7.7689 -2.3120 4.5343
7.8010 -2.3300 4.5191
7.8256 -2.3504 4.5074
7.8455 -2.3724 4.4980
7.8527 -2.3997 4.4945
7.8260 -2.4423 4.5073
7.8060 -2.4823 4.5167
7.7667 -2.5318 4.5354
7.7441 -2.5740 4.5461
7.1210 -1.8925 4.8081
7.1580 -1.9208 4.7908
7.1822 -1.9516 4.7796
7.1943 -1.9851 4.7739
7.2362 -2.0103 4.7544
7.2860 -2.0326 4.7312
7.3164 -2.0594 4.7170
7.3367 -2.0888 4.7076
7.3458 -2.1211 4.7034
7.4214 -2.1322 4.6681
7.4605 -2.1538 4.6498
7.4884 -2.1784 4.6368
7.5094 -2.2048 4.6271
7.5233 -2.2334 4.6206
7.5919 -2.2417 4.5886
7.6329 -2.2590 4.5695
7.6616 -2.2803 4.5561
7.6840 -2.3036 4.5457
7.7008 -2.3286 4.5379
7.7710 -2.3313 4.5052
7.8085 -2.3464 4.4876
7.8358 -2.3653 4.4750
7.8266 -2.3997 4.4792
7.7996 -2.4423 4.4918
7.7369 -2.5018 4.5210
7.7015 -2.5497 4.5375
7.7070 -2.5787 4.5350
7.1385 -1.9178 4.7668
7.1772 -1.9450 4.7491
7.2023 -1.9749 4.7376
7.2162 -2.0073 4.7312
7.2422 -2.0362 4.7193
7.3019 -2.0549 4.6920
7.3338 -2.0806 4.6774
7.3554 -2.1089 4.6675
7.3668 -2.1400 4.6623
7.4216 -2.1569 4.6372
7.4704 -2.1747 4.6149
7.5009 -2.1978 4.6010
7.5238 -2.2230 4.5905
7.5403 -2.2501 4.5829
7.5480 -2.2802 4.5794
7.6410 -2.2776 4.5369
7.6729 -2.2971 4.5223
7.6971 -2.3191 4.5112
7.7160 -2.3428 4.5025
7.7290 -2.3686 4.4966
7.8140 -2.3633 4.4577
7.8004 -2.3996 4.4639
7.7732 -2.4422 4.4764
7.7101 -2.5017 4.5052
7.7000 -2.5376 4.5099
7.6891 -2.5742 4.5149
7.6595 -2.6201 4.5284
7.1553 -1.9426 4.7266
7.1958 -1.9686 4.7084
7.2217 -1.9976 4.6967
7.2370 -2.0291 4.6899
7.2342 -2.0654 4.6911
7.3165 -2.0769 4.6542
7.3502 -2.1014 4.6391
7.3742 -2.1284 4.6283
7.3875 -2.1583 4.6223
7.3805 -2.1947 4.6254
7.4784 -2.1956 4.5815
7.5123 -2.2170 4.5663
7.5371 -2.2410 4.5551
7.5557 -2.2669 4.5468
7.5674 -2.2949 4.5415
7.6465 -2.2967 4.5060
7.6823 -2.3142 4.4899
7.7091 -2.3346 4.4779
7.7298 -2.3571 4.4686
7.7454 -2.3813 4.4616
7.7743 -2.3995 4.4486
7.7120 -2.4575 4.4766
7.6833 -2.5015 4.4895
7.6866 -2.5313 4.4880
7.6620 -2.5741 4.4990
7.6322 -2.6200 4.5124
7.1716 -1.9669 4.6874
7.2134 -1.9917 4.6690
7.2405 -2.0198 4.6570
7.2572 -2.0503 4.6497
7.2592 -2.0847 4.6488
7.3307 -2.0983 4.6173
7.3673 -2.1214 4.6012
7.3911 -2.1478 4.5906
7.4061 -2.1767 4.5841
7.4071 -2.2100 4.5836
7.4834 -2.2172 4.5500
7.5219 -2.2364 4.5330
7.5492 -2.2590 4.5210
7.5698 -2.2835 4.5119
7.5842 -2.3101 4.5055
7.6461 -2.3178 4.4783
7.6903 -2.3314 4.4588
7.7196 -2.3503 4.4459
7.7423 -2.3714 4.4359
7.7374 -2.4040 4.4380
7.7095 -2.4468 4.4503
7.6824 -2.4897 4.4623
7.6565 -2.5327 4.4737
7.6350 -2.5740 4.4832
7.1860 -1.9909 4.6499
7.2305 -2.0143 4.6306
7.2584 -2.0415 4.6185
7.2762 -2.0711 4.6108
7.2815 -2.1041 4.6085
7.3455 -2.1190 4.5809
7.3826 -2.1413 4.5648
7.4077 -2.1667 4.5540
7.4242 -2.1945 4.5468
7.4291 -2.2260 4.5447
7.4810 -2.2409 4.5222
7.5301 -2.2558 4.5010
7.5599 -2.2769 4.4881
7.5826 -2.3002 4.4783
7.5993 -2.3254 4.4711
7.6091 -2.3531 4.4668
7.6962 -2.3490 4.4292
7.7287 -2.3661 4.4151
7.7113 -2.4039 4.4226
7.6831 -2.4467 4.4348
7.6561 -2.4895 4.4465
7.6266 -2.5339 4.4593
7.6146 -2.5708 4.4644
7.5846 -2.6164 4.4774
7.2000 -2.0144 4.6132
7.2471 -2.0363 4.5932
7.2758 -2.0627 4.5810
7.2941 -2.0916 4.5733
7.3025 -2.1232 4.5697
7.3576 -2.1400 4.5463
7.3969 -2.1609 4.5296
7.4232 -2.1853 4.5185
7.4410 -2.2122 4.5109
7.4492 -2.2421 4.5074
7.3707 -2.3030 4.5407
7.5366 -2.2753 4.4703
7.5697 -2.2947 4.4562
7.5942 -2.3168 4.4459
7.6130 -2.3407 4.4379
7.6257 -2.3668 4.4325
7.6987 -2.3676 4.4015
7.6851 -2.4038 4.4073
7.6523 -2.4485 4.4212
7.6298 -2.4892 4.4307
7.6001 -2.5337 4.4434
7.5876 -2.5707 4.4487
7.5573 -2.6164 4.4615
7.2110 -2.0380 4.5785
7.2613 -2.0584 4.5575
7.2917 -2.0837 4.5449
7.3120 -2.1114 4.5364
7.3220 -2.1420 4.5322
7.3676 -2.1610 4.5132
7.4106 -2.1801 4.4953
7.4381 -2.2036 4.4839
7.4572 -2.2295 4.4759
7.4675 -2.2582 4.4716
7.4554 -2.2949 4.4767
7.5400 -2.2956 4.4414
7.5783 -2.3125 4.4255
7.6049 -2.3333 4.4144
7.6252 -2.3562 4.4059
7.6403 -2.3808 4.3996
7.6484 -2.4081 4.3963
7.6112 -2.4547 4.4118
7.6035 -2.4890 4.4150
7.5787 -2.5311 4.4253
7.5606 -2.5706 4.4329
7.5301 -2.6163 4.4456
7.2157 -2.0629 4.5470
7.2764 -2.0796 4.5222
7.3077 -2.1040 4.5094
7.3288 -2.1310 4.5008
7.3407 -2.1605 4.4959
7.3753 -2.1823 4.4818
7.4239 -2.1989 4.4619
7.4527 -2.2214 4.4501
7.4728 -2.2464 4.4419
7.4849 -2.2740 4.4370
7.4825 -2.3068 4.4380
7.5336 -2.3192 4.4171
7.5852 -2.3305 4.3960
7.6144 -2.3498 4.3840
7.6366 -2.3714 4.3750
7.6454 -2.3983 4.3714
7.6122 -2.4428 4.3849
7.5889 -2.4837 4.3945
7.5855 -2.5161 4.3959
7.5336 -2.5706 4.4171
7.2912 -2.1003 4.4877
7.3233 -2.1238 4.4748
7.3452 -2.1500 4.4660
7.3583 -2.1786 4.4608
7.3566 -2.2119 4.4614
7.4360 -2.2176 4.4296
7.4662 -2.2390 4.4175
7.4874 -2.2632 4.4090
7.5011 -2.2897 4.4035
7.5038 -2.3202 4.4024
7.4338 -2.3787 4.4305
7.5903 -2.3488 4.3677
7.6227 -2.3664 4.3547
7.6182 -2.3986 4.3565
7.5847 -2.4432 4.3699
7.5871 -2.4729 4.3690
7.5594 -2.5157 4.3801
7.5101 -2.5689 4.3999
7.4800 -2.6140 4.4119
7.3053 -2.1206 4.4541
7.3385 -2.1432 4.4410
7.3612 -2.1686 4.4321
7.3754 -2.1964 4.4265
7.3773 -2.2280 4.4257
7.4479 -2.2358 4.3980
7.4794 -2.2563 4.3856
7.5018 -2.2795 4.3768
7.5169 -2.3051 4.3708
7.5224 -2.3340 4.3686
7.4488 -2.3939 4.3976
7.5924 -2.3680 4.3411
7.5909 -2.3990 4.3417
7.5433 -2.4494 4.3604
7.5626 -2.4720 4.3528
7.5334 -2.5154 4.3643
7.4843 -2.5683 4.3836
7.4540 -2.6134 4.3956
7.3184 -2.1406 4.4215
7.3532 -2.1622 4.4081
7.3766 -2.1868 4.3990
7.3917 -2.2138 4.3932
7.3964 -2.2441 4.3914
7.4585 -2.2540 4.3674
7.4922 -2.2732 4.3544
7.5153 -2.2956 4.3455
7.5314 -2.3204 4.3393
7.5394 -2.3480 4.3362
7.4629 -2.4091 4.3657
7.4767 -2.4348 4.3604
7.4813 -2.4641 4.3586
7.5368 -2.4717 4.3372
7.5074 -2.5151 4.3485
7.4585 -2.5676 4.3674
7.3313 -2.1602 4.3896
7.3672 -2.1808 4.3760
7.3913 -2.2047 4.3669
7.4074 -2.2309 4.3608
7.4141 -2.2601 4.3582
7.4685 -2.2720 4.3376
7.5040 -2.2900 4.3242
7.5283 -2.3115 4.3150
7.5456 -2.3353 4.3085
7.5555 -2.3618 4.3047
7.5494 -2.3945 4.3070
7.4754 -2.4554 4.3350
7.4438 -2.4997 4.3470
7.3434 -2.1796 4.3586
7.3808 -2.1991 4.3447
7.4056 -2.2222 4.3355
7.4226 -2.2476 4.3292
7.4309 -2.2758 4.3261
7.4770 -2.2901 4.3090
7.5156 -2.3064 4.2947
7.5410 -2.3270 4.2852
7.5504 -2.3535 4.2817
7.5214 -2.3952 4.2925
7.4486 -2.4554 4.3196
7.4167 -2.4997 4.3314
7.3543 -2.1988 4.3286
7.3941 -2.2169 4.3141
7.4197 -2.2393 4.3048
7.4374 -2.2640 4.2984
7.4472 -2.2913 4.2948
7.4844 -2.3082 4.2812
7.5266 -2.3225 4.2659
7.5226 -2.3541 4.2673
7.4934 -2.3959 4.2780
7.4218 -2.4553 4.3041
7.3827 -2.5026 4.3183
7.3651 -2.2176 4.2993
7.4069 -2.2344 4.2843
7.4332 -2.2561 4.2749
7.4514 -2.2801 4.2684
7.4623 -2.3066 4.2645
7.4859 -2.3280 4.2561
7.4949 -2.3548 4.2529
7.4654 -2.3966 4.2634
7.3728 -2.4643 4.2965
7.3896 -2.4885 4.2905
7.3782 -2.5244 4.2946
7.3728 -2.2369 4.2714
7.4191 -2.2517 4.2552
7.4461 -2.2726 4.2458
7.4651 -2.2959 4.2391
7.4402 -2.3354 4.2478
7.3949 -2.3831 4.2637
7.4014 -2.4113 4.2614
7.3604 -2.4585 4.2758
7.3823 -2.4805 4.2681
7.3507 -2.5246 4.2792
7.3758 -2.2575 4.2457
7.4309 -2.2686 4.2268
7.4423 -2.2947 4.2229
7.4122 -2.3361 4.2333
7.3935 -2.3735 4.2397
7.3852 -2.4073 4.2425
7.3548 -2.4500 4.2530
7.3551 -2.4807 4.2529
7.3233 -2.5248 4.2638
7.4145 -2.2953 4.2084
7.3841 -2.3367 4.2187
7.3829 -2.3675 4.2191
7.3588 -2.4073 4.2272
7.3281 -2.4500 4.2375
7.3279 -2.4809 4.2376
7.3595 -2.3664 4.2029
7.3324 -2.4072 4.2119
