ply
format ascii 1.0
element vertex 10000
property float x
property float y
property float z
end_header
15.1335 -0.4088 13.4238
7.7739 -3.3174 3.4094
9.3056 -3.1604 4.6052
10.9189 -3.2966 5.2670
7.3526 -2.7174 4.3552
8.6861 -1.9540 5.3721
11.7836 -2.2337 6.8945
10.3540 -2.1654 6.2503
4.1957 -1.3911 5.1603
11.9289 -1.6845 6.6398
10.5874 -3.2966 5.0756
10.9022 -3.3177 5.2156
11.7478 -3.3768 5.5869
11.7110 -2.9415 6.4283
9.5095 -2.1181 5.5195
10.6865 -0.0692 5.5555
10.2040 -2.9534 5.5343
4.4516 -1.7033 4.6894
0.9276 -0.1311 5.7698
9.8062 -2.0602 6.4313
14.4936 -0.4088 13.0543
12.1623 -3.3578 5.8638
12.1357 -2.7337 7.0854
10.3463 -3.2596 5.0097
4.7487 -0.9993 6.2560
12.8692 -2.6851 7.6051
8.5066 -2.5747 4.9877
10.9540 -1.9487 7.1030
7.9749 -3.4066 3.3487
8.5272 -1.7192 5.6927
9.8926 -3.4068 4.4559
9.0039 -3.1780 4.3961
9.3272 -3.3640 4.2143
5.9553 -2.6506 3.6804
12.8435 -2.8090 7.3448
12.0167 -2.7944 6.8962
12.3393 -3.2443 6.1910
5.0979 -0.0303 8.3781
7.2919 -2.0923 4.5742
10.1462 -2.1152 6.4219
10.5496 -2.8231 5.9920
12.4360 -2.7337 7.2587
8.6934 -3.2594 4.0554
11.4095 -3.2038 5.7343
9.1720 -2.7942 5.2538
7.6169 -3.1513 3.6480
12.0586 -2.8511 6.8081
10.1200 -1.0616 9.2347
6.1468 -0.0303 8.9839
5.7573 -1.8548 5.1432
10.6300 -2.9414 5.8042
9.6204 -1.3813 7.3933
8.1678 -3.2118 3.8462
5.2434 0.0756 8.6719
7.6648 -2.7642 4.4427
10.5074 -3.3245 4.9740
5.3892 -2.3000 4.0484
10.5754 -2.8231 6.0070
10.6418 -3.3512 4.9987
7.9388 -3.3574 3.4254
12.7128 -2.5793 7.7245
12.1311 -2.9887 6.5772
9.0538 -3.3949 3.9952
7.6952 -3.0328 3.9281
12.6279 -2.8912 7.0575
8.6388 -3.1780 4.1853
8.3887 -2.0347 5.2460
12.8448 -0.2281 12.4603
11.2448 -3.0000 6.0429
9.1622 -3.3035 4.2387
4.3027 -0.6522 6.6864
11.8986 -3.2673 5.8909
10.8575 -2.4016 6.2332
8.1824 -2.6848 4.8991
10.2516 -2.9999 5.4696
11.6200 -3.4186 5.4302
12.4404 -2.4170 7.8889
11.1665 -2.8646 6.2662
10.4030 -1.9739 6.7316
10.9784 0.8746 4.9483
8.8844 -2.3974 5.0844
8.7153 -2.9769 4.6279
8.9453 -3.2281 4.2629
11.0243 0.8924 4.9026
11.9641 -1.1793 10.0666
10.3395 -3.3446 4.8372
7.6271 -3.2516 3.4550
14.4121 -0.5747 12.6785
9.9224 -3.1605 4.9613
13.5479 -1.9250 9.5034
11.3035 -3.3705 5.3428
11.0949 -3.3890 5.1855
7.9478 -3.1422 3.8571
3.9739 -1.8184 4.1854
8.6414 -2.7334 5.0679
11.9797 -2.6159 7.2286
11.6408 -3.0438 6.1849
10.7629 -1.6846 7.5198
8.6749 -2.7175 5.1187
9.8845 -3.3828 4.4988
11.8307 -2.6851 7.0055
4.7423 0.0756 8.3825
10.1098 -3.1331 5.1237
12.6542 -2.1133 8.6142
9.6499 -3.4126 4.3042
8.6843 -3.4183 3.7352
8.7694 -2.2664 4.9937
15.0871 -0.5747 13.0683
4.8667 -2.1127 4.1177
10.7331 -3.2894 5.1740
3.8491 -1.2346 5.2703
8.0113 -3.0219 4.1321
8.1747 -1.9811 5.0509
8.5540 -3.1866 4.1192
11.3056 -3.2966 5.4903
7.5738 -1.1018 6.5832
10.1353 -1.3424 7.8267
11.8337 -3.0949 6.1950
12.7273 -0.9998 10.8631
10.2103 -2.7014 6.0373
10.4165 -3.3889 4.7939
3.0837 -0.4930 6.2979
8.0965 -3.3510 3.5292
9.0951 -1.5874 6.4676
2.3190 -0.6521 5.5409
1.1242 -0.4082 5.3341
5.3866 0.0756 8.7546
8.0882 -3.2200 3.7840
11.8583 -3.1869 6.0269
11.1901 -1.1215 9.7341
11.0111 -3.2821 5.3490
7.9912 -3.3574 3.4556
10.7974 -3.3381 5.1147
10.3215 -2.7014 6.1015
11.7980 -3.3038 5.7605
11.7797 -2.7944 6.7594
9.5321 -1.9005 6.6072
10.4275 -2.6849 6.1953
-2.3044 0.1868 4.5331
6.7920 -2.9767 3.5175
7.7894 -2.1005 5.0100
10.4784 -3.3767 4.8540
11.6491 -3.2748 5.7320
10.6458 -3.2441 5.2133
10.5885 0.7996 5.1792
10.6503 -3.2596 5.1852
10.7123 -1.7911 7.1384
9.9406 -3.1046 5.0826
-1.4859 0.0758 4.7859
10.4777 -2.4299 6.0809
8.2626 -2.8777 4.5632
12.3908 -2.3947 7.9044
9.3504 -2.3517 5.3165
12.5594 -2.7178 7.3615
10.4353 -1.1049 8.3971
4.2348 -1.8547 4.2641
7.2615 -2.9288 3.8836
7.7585 -3.1329 3.7662
8.3966 -3.1044 4.1911
11.2947 -2.7015 6.6634
6.7357 -0.1313 9.1238
9.0557 -3.3575 4.0702
7.6979 -3.3034 3.3933
10.2720 -3.1605 5.1631
8.9518 -3.3765 3.9726
12.0236 -1.3974 6.4739
12.0958 -3.3178 5.9047
12.2915 -2.7797 7.0842
10.3170 -3.2746 4.9629
10.4462 -0.7274 10.0855
8.3795 -3.3445 3.7056
9.1634 -2.8777 5.0832
10.1744 -2.5363 5.9351
11.0523 -3.1868 5.5616
11.0715 -3.2038 5.5391
9.4013 -3.3176 4.3490
4.0263 0.0756 7.9690
8.5191 -3.2670 3.9397
8.2206 -3.3444 3.6139
13.3133 -2.0839 9.0531
10.6242 -3.2363 5.2164
9.9802 -1.3859 7.6628
1.8239 -0.3199 5.9132
11.7429 -3.2748 5.7862
8.1790 -3.3826 3.5142
10.1621 -3.3889 4.6470
10.2980 0.1104 5.4038
13.4311 -2.2502 8.7916
12.4556 -2.9415 6.8582
13.2657 -2.1701 8.8549
8.2719 -3.1866 3.9563
8.3186 -3.1603 4.0353
8.1583 -1.9528 5.0628
10.8397 -0.0735 5.6312
9.3784 -2.7334 5.4934
9.2875 -3.3827 4.1542
14.3801 -1.3412 11.1410
11.5775 -0.6525 10.8872
7.8099 -2.3375 4.5432
11.3408 -3.2363 5.6301
6.5608 -0.4085 8.4735
10.9560 -3.3037 5.2743
7.7708 -2.3113 4.5334
7.9767 -1.1032 6.8901
12.2380 -1.6212 9.3489
10.8286 -2.4843 6.2660
11.8832 -3.0850 6.2433
4.5249 -1.6207 4.8953
8.0430 -3.3702 3.4603
7.4977 -1.1795 3.7734
7.4253 -2.9768 3.8831
10.3098 -3.2283 5.0507
3.2507 -1.6625 4.0766
6.6521 -0.2026 5.3068
9.5192 -3.2965 4.4589
8.1262 -2.6847 4.8667
4.9295 -1.6626 5.0459
9.9223 -2.6849 5.9037
7.5697 -3.1950 3.5340
7.6527 -3.0434 3.8823
9.7631 -0.7993 9.5484
8.5347 -2.2493 4.8928
10.9513 0.8928 4.7781
8.5712 -3.2361 4.0311
11.8407 -2.8780 6.6290
13.0585 -2.6160 7.8515
5.6428 -2.5599 3.6798
9.5780 -2.1498 5.6546
11.7797 -3.3038 5.7499
8.9690 -2.7334 5.2570
10.0466 -3.3107 4.7353
10.3284 -2.1423 6.3792
7.8066 -3.2963 3.4701
8.5875 -1.8019 5.5744
4.5771 -0.9351 6.2843
11.5332 -3.2821 5.6505
10.7658 -3.2672 5.2369
8.9641 -3.2036 4.3224
9.8439 -2.3840 5.6792
7.3474 -1.8647 4.1366
9.5989 -3.0848 4.9244
4.0503 -1.3911 5.0763
8.9890 -2.9885 4.7631
7.8498 -2.9997 4.0828
10.1859 -3.1868 5.0614
7.7977 -0.7992 8.4134
9.3262 -0.7273 9.4388
3.6415 -0.6522 6.3045
12.2113 -3.3448 5.9179
10.1863 -3.0849 5.2635
10.1428 -3.0849 5.2384
10.6172 -0.1957 5.9034
3.9828 -0.7991 6.2106
13.7413 -1.8554 9.7532
10.8849 -3.1143 5.6087
2.0770 -0.7270 5.2528
9.2271 -3.1780 4.5249
10.1801 -0.3495 5.3568
12.2436 -3.3315 5.9629
8.9381 -1.2948 7.1619
7.9876 -2.9037 4.3528
7.5695 -3.0643 3.7929
9.6742 -3.3640 4.4146
12.2013 -2.5412 7.5047
10.4198 -3.3950 4.7838
8.7353 -3.1866 4.2238
10.2907 -2.8231 5.8426
10.6182 -2.9886 5.7037
5.5038 -1.6627 5.3775
0.9090 -0.3199 5.3850
12.1386 -1.3057 6.4293
8.0132 -2.7793 4.6140
5.0976 -1.8901 4.6923
2.0742 -0.8682 4.9712
9.9866 -3.3640 4.5949
7.9553 -3.3311 3.4871
13.8354 -1.2891 10.9298
8.5247 -2.9164 4.6378
9.4336 -3.4009 4.2026
11.0288 -3.3177 5.2887
8.2669 -3.2963 3.7359
9.5260 -3.3949 4.2678
12.0541 -1.6003 6.5775
7.4773 -1.4324 3.9088
11.9873 -3.3178 5.8420
6.2558 -1.0614 7.0034
12.0993 -3.0001 6.5363
10.3705 -3.1515 5.2378
11.6827 -2.8372 6.6184
8.3287 -3.3948 3.5765
7.3853 -2.4073 4.2425
6.5669 -2.7332 3.8701
9.8568 -2.2394 5.9853
11.6498 -2.2397 6.8339
9.4577 -2.1456 5.6714
10.7596 0.8526 4.9604
6.0034 -2.3714 4.2615
11.9871 -3.2967 5.8837
10.6791 -1.2502 8.2646
9.8103 -2.4849 5.6795
11.1304 -1.2889 9.3679
10.5877 0.1050 5.4330
8.1309 -3.1866 3.8749
15.9629 -0.1317 14.4521
3.2070 -1.4399 4.4926
10.3603 -3.0849 5.3640
9.9404 -2.6681 5.9474
9.7251 -2.7942 5.5731
13.8679 -0.7995 11.9186
11.4459 -1.1792 9.7674
10.9631 -2.3987 6.2873
6.1471 -2.7487 3.5968
8.9862 -2.3517 5.1061
10.0134 -2.9534 5.4242
8.5010 -0.7273 8.9623
7.5474 -3.0643 3.7801
10.3973 -2.1597 6.3637
1.8381 -0.6521 5.2632
8.8034 -1.5780 6.2264
8.8684 -3.1045 4.4635
10.9368 -2.3986 6.2719
14.2486 -1.1216 11.5002
8.6938 -2.8644 4.8385
7.7835 -2.0216 4.9770
5.3227 0.1866 8.9376
10.8023 -3.2596 5.2730
10.1221 -1.6496 7.2071
3.4039 -1.6207 4.2480
10.7543 -3.3829 5.0010
10.5107 -3.2893 5.0456
11.4633 -2.9654 6.2377
11.1636 -3.3829 5.2373
8.4667 -2.8643 4.7074
7.7983 -2.5742 4.5778
10.3423 -1.3702 7.6592
11.2073 -3.0949 5.8333
6.5997 -2.8642 3.6295
12.3855 -2.7944 7.1092
10.7691 0.7862 5.2078
11.7013 -3.0113 6.2844
10.2374 -3.2965 4.8736
9.8210 -1.2060 7.9307
12.0379 -1.9910 8.5007
9.1732 -2.8644 5.1153
10.5796 -3.2747 5.1146
6.2574 -0.1313 8.8475
9.6079 -2.1712 5.7366
12.4482 -2.6851 7.3621
12.1254 -2.7493 7.0485
9.8698 -2.7335 5.7771
8.7506 -2.8508 4.8982
9.0768 -3.0848 4.6229
8.5809 -0.1314 10.1893
7.5732 -1.7122 5.5822
8.5311 -3.3948 3.6934
12.0715 0.1863 12.8349
10.9832 -0.9998 8.3395
8.2104 -3.3035 3.6892
8.3723 -1.5600 6.1723
8.1518 -3.3311 3.6005
11.4378 -2.6850 6.7787
9.2454 -1.8043 5.9660
6.5048 -0.7122 5.6146
7.6729 -1.5591 6.1519
6.8247 -2.9883 3.5135
8.8070 -2.3198 4.9983
8.5486 -3.1513 4.1859
5.8639 -1.4874 5.9330
11.4641 -3.3578 5.4607
11.5078 -2.7336 6.7228
8.1758 -2.9769 4.3164
9.2535 -2.0986 5.5080
11.0762 -3.4128 5.1276
12.3638 -3.2895 6.1155
1.8413 -0.7270 5.1167
8.5495 -2.7643 4.9535
14.1074 -0.4935 12.6635
11.3086 -3.1238 5.8344
9.6108 -2.2614 5.4662
1.1425 -0.4929 5.1769
8.3143 -3.1779 3.9979
8.8736 -2.9037 4.8643
8.8121 -3.1604 4.3202
13.4129 -1.6632 9.9443
10.1858 -1.9622 6.5574
9.5105 -3.2440 4.5578
8.5403 -2.9412 4.5977
8.7335 -3.0329 4.5276
4.4102 -0.9351 6.1879
8.1347 -3.3243 3.6041
9.6720 -1.8608 6.6944
5.7929 -2.5599 3.7665
7.2956 -2.9997 3.7628
11.5559 -3.3829 5.4638
11.1188 -2.2826 6.3142
12.2237 -2.6851 7.2324
11.9988 -1.6631 9.1278
12.4376 -3.0750 6.5833
10.5772 -3.2120 5.2373
10.6142 -3.2037 5.2751
9.6407 -2.9885 5.1393
10.3636 -3.0437 5.4475
9.8259 -3.2518 4.7245
2.0161 -1.1787 4.3224
11.8138 -1.5336 9.2776
8.9455 -3.3639 3.9939
7.7925 -2.9163 4.2150
11.2013 -3.2596 5.5033
9.0865 -3.0436 4.7102
10.7820 -2.1565 6.5754
7.4995 -2.8369 4.2032
8.7458 -1.7837 5.9638
10.4830 -1.3850 7.9408
12.5762 -2.2241 8.3496
11.9810 -3.3038 5.8662
4.5387 -2.1414 3.8715
7.3134 -2.9883 3.7956
12.3401 -3.0851 6.5070
10.0908 -0.2461 5.3026
5.7179 -1.9905 4.8515
11.8117 -0.0305 12.2551
7.1440 -2.6847 4.2996
9.9357 -3.1515 4.9868
9.3950 -3.2440 4.4911
5.2647 -2.1968 4.1810
10.5060 -2.9291 5.7569
3.9468 -1.8547 4.0978
1.7289 0.1867 6.8623
9.4701 -3.1604 4.7001
9.0947 -3.0329 4.7361
9.9614 -2.0052 6.3071
10.8717 0.8255 5.1082
12.4141 -3.2122 6.2978
6.9651 -3.0218 3.5281
11.7755 -0.2280 11.8428
11.9584 -3.3513 5.7589
8.5128 -2.8777 4.7076
5.6902 -0.9351 6.9270
10.4282 -1.4125 7.6593
9.7333 -3.2362 4.7020
2.6884 -0.2277 6.5954
6.1434 -0.7272 7.6009
8.0010 -1.2455 6.6205
14.2483 -0.2281 13.2707
11.9993 -3.0438 6.3919
7.7594 -3.2439 3.5468
7.5726 -3.1421 3.6405
11.8528 -0.9997 10.3581
6.4630 -0.8044 5.6879
14.2068 -0.9356 11.8448
3.5230 -0.3200 6.8944
8.1007 -3.0435 4.1410
8.9802 -3.3639 4.0139
10.3755 -3.3766 4.7946
12.5757 -2.9415 6.9276
11.3810 -3.3951 5.3388
10.9679 -3.0112 5.8609
11.0873 -3.2596 5.4375
11.6412 -3.3829 5.5131
10.4316 -2.4411 6.0084
8.3702 -3.1951 3.9962
10.6928 0.8567 5.0421
7.5341 -3.1513 3.6002
10.6030 -1.0616 9.5136
11.0504 0.9164 4.7809
12.5871 -2.9536 6.9101
8.9609 -1.9217 5.6809
11.7477 -3.3513 5.6373
8.8179 -1.5837 6.2791
9.5793 -1.8126 6.1998
11.3206 -2.8510 6.3820
9.3303 -2.9165 5.1028
12.1092 -1.2783 6.3940
8.3164 -3.3175 3.7226
12.0360 -1.3934 6.4521
9.0829 -3.3827 4.0360
10.2412 -1.1508 8.0414
11.8406 -3.1516 6.0866
10.0501 -1.2047 8.0289
10.2938 -3.2671 4.9644
10.4745 -2.9771 5.6436
5.6334 -2.3942 4.0028
7.1560 -1.9213 4.7918
10.3989 0.0754 11.6490
8.6718 -3.3575 3.8485
13.3341 -2.2757 8.6850
10.2974 -1.9476 6.7194
8.8217 -3.0747 4.4956
5.8572 -2.1415 4.6328
9.5175 -3.4009 4.2510
10.1038 -3.0221 5.3402
11.0317 -3.2038 5.5162
12.4367 -3.0544 6.6236
11.6532 -3.2673 5.7492
9.7672 -3.3380 4.5199
7.7989 -2.7642 4.5201
8.7874 -1.3168 6.6513
2.1912 -0.7990 5.1760
5.7758 -2.0532 4.7607
11.7550 -2.0227 8.2744
10.3995 -3.1238 5.3095
10.1083 -2.0837 6.1704
12.5952 -3.0113 6.8005
13.4932 -1.3412 10.6289
9.6021 -2.8644 5.3630
7.9578 -2.5311 4.6440
8.5651 -3.2892 3.9223
9.6945 -3.2362 4.6796
11.0635 -3.3447 5.2552
4.0384 -0.9993 5.8458
6.8958 -1.3437 5.9793
11.9658 -2.8780 6.7013
9.7477 -3.2119 4.7584
9.7215 -1.5010 7.2198
10.8016 0.9241 4.8980
12.2942 -2.0227 8.5858
10.5304 0.6986 5.4867
9.0654 -3.2892 4.2112
11.4600 -3.2284 5.7147
11.4313 -0.8687 10.3743
9.4012 -2.1918 5.4025
10.1985 -1.6918 7.2433
11.4307 -1.6212 8.8828
10.9924 -3.2821 5.3383
9.8587 -3.2037 4.8389
11.9866 -3.2520 5.9719
10.5986 0.7276 5.2411
7.9878 -2.9288 4.3030
13.7094 -1.5337 10.3722
4.1112 -0.3200 7.2341
7.8748 -3.0219 4.0533
8.5031 -3.3445 3.7770
11.2012 -2.2529 6.4413
12.3478 -1.5781 9.4979
12.7439 -2.1420 8.6091
10.4341 -3.2441 5.0910
8.4418 -3.4067 3.6183
8.1275 -3.2200 3.8067
8.1327 -3.1692 3.9104
9.1427 -1.2526 7.4312
5.3841 -2.5009 3.6472
10.4836 -2.6849 6.2277
11.1916 -3.3177 5.3826
8.3568 -3.3035 3.7737
10.4501 -3.3177 4.9546
10.5894 0.7363 5.4232
12.7600 -2.5605 7.7891
7.7046 -1.9658 5.1405
10.7481 -2.9291 5.8967
5.9094 -2.6846 3.5867
12.5849 -2.4388 7.9291
11.4492 -3.2038 5.7572
8.3349 -2.8908 4.5789
11.7729 -2.8089 6.7266
9.4876 -2.7334 5.5565
9.4727 -3.2746 4.4755
12.8596 -1.4878 9.9724
9.2550 -3.3511 4.1981
8.2686 -3.2891 3.7512
3.4716 -1.6625 4.2042
7.9122 -3.2280 3.6664
10.9492 -3.1238 5.6269
8.0709 -3.1779 3.8574
11.6566 -3.4128 5.4628
9.2132 -3.3244 4.2268
8.2363 -2.7012 4.8975
12.2352 -2.9167 6.7801
12.6626 -2.2501 8.3479
9.0468 -3.2892 4.2005
2.0912 -0.0301 6.6418
11.6063 -2.2389 6.7203
8.6823 -2.8908 4.7795
11.9387 -3.3108 5.8278
7.2629 -2.2334 4.2845
5.2366 -2.4382 3.6863
6.2787 -0.9994 7.1395
11.7324 -3.1954 5.9374
10.4740 -3.1515 5.2976
10.9341 -3.2363 5.3953
8.0306 -3.1692 3.8514
11.1050 -3.2747 5.4179
10.9257 -3.3950 5.0759
10.5320 -1.4265 7.8886
11.1159 -3.1516 5.6682
11.5428 -2.9414 6.3312
9.3239 -2.7334 5.4619
-0.3177 -0.2275 4.8594
9.9038 -3.1867 4.8985
10.0892 -0.2968 5.3068
7.2493 -2.7332 4.2641
10.8946 -3.2283 5.3883
11.8426 -2.1699 6.8364
11.7818 -2.1700 7.9981
9.5120 -3.0645 4.9144
8.1320 -2.3619 4.6378
7.6147 -2.7793 4.3839
7.4952 -2.8228 4.2286
8.9920 -2.3958 5.1427
9.5387 -2.8778 5.2999
9.6906 -2.2493 5.6428
9.1465 -2.9652 4.9001
10.4213 -0.9354 9.6589
9.6623 -3.2595 4.6148
12.1441 -3.2673 6.0326
8.3831 -0.7273 8.8942
8.1417 -2.3826 4.6934
10.8414 -3.3950 5.0272
8.8417 -3.1780 4.3024
8.3934 -3.3035 3.7948
5.6730 0.0755 8.9199
9.5229 -3.0747 4.9005
12.0051 -3.3768 5.7354
10.7081 -2.2962 6.3578
8.3347 -3.0946 4.1748
7.8361 -1.5992 5.5223
7.3651 -1.7301 3.9581
12.0762 -3.0001 6.5230
10.8935 -1.9409 6.8768
5.3555 -1.7812 5.0571
13.5072 -2.1134 9.1067
7.3695 -3.1950 3.4184
7.9591 -2.5757 4.6738
5.8327 -1.7428 5.4086
11.7990 -2.8089 6.7417
10.4434 -3.3037 4.9784
7.3602 -1.5283 5.6919
11.3877 -3.1425 5.8432
7.8498 -3.1951 3.6957
12.0183 -3.2597 5.9751
7.4718 -2.1597 4.6754
9.8933 -3.2201 4.8262
8.6199 -3.0847 4.3591
10.8657 0.8494 4.9343
11.8934 -3.3448 5.7343
9.7980 -1.0616 9.0488
9.5600 -1.9959 6.3372
7.5346 0.0755 9.9950
9.4074 -2.7644 5.4488
9.7889 -2.5745 5.7276
10.0040 -3.3446 4.6435
7.5755 -3.1513 3.6241
10.9412 -3.3704 5.1336
1.4775 -0.6521 5.0550
9.6559 -2.0370 6.4040
8.5479 -3.3948 3.7031
7.7059 -0.3202 9.3098
8.1503 -0.6524 8.9082
7.9180 -1.7083 5.5039
10.4020 -2.3561 6.0085
9.5701 -3.3640 4.3545
9.9977 -3.0948 5.1350
8.5623 -2.2452 4.9804
13.4479 -1.0618 11.1563
7.9583 -2.3459 4.4990
6.4190 -2.7792 3.6936
10.9599 -3.4069 5.0721
8.5671 -3.3575 3.7881
12.1785 -3.0438 6.4954
11.0634 -2.9166 6.1035
7.4685 -2.2720 4.3376
14.0758 -1.6632 10.3271
10.0575 -2.0396 6.2269
13.0764 -2.0537 8.9761
14.0736 -1.7434 10.1670
11.8719 -1.7816 8.8197
7.1883 -3.0539 3.5933
12.4451 -2.5793 7.5700
11.8112 -2.0838 8.1858
8.8896 -0.5744 9.4896
9.1285 -3.0747 4.6727
2.5251 -1.2345 4.5057
10.7251 0.7652 5.2415
12.3053 -2.8911 6.8712
5.5865 -2.1968 4.3668
9.9619 -1.9160 6.5544
10.3276 -3.3245 4.8702
11.4819 -3.1695 5.8441
7.7741 -2.7793 4.4760
2.3128 -0.7270 5.3889
8.9563 -2.9289 4.8622
13.5915 -2.1701 9.0430
12.2843 -3.2039 6.2393
8.9196 -3.1236 4.4551
13.4567 -2.0538 9.1957
7.8340 -2.0192 5.1338
10.9357 -3.2672 5.3350
5.6590 -0.7991 7.1785
5.0639 -1.5776 5.2920
10.4251 -3.3037 4.9678
6.1569 -0.8684 7.3287
9.1760 -2.3957 5.2488
10.2661 -3.2202 5.0414
12.1423 -3.3768 5.8146
11.5165 -3.3578 5.4909
8.8479 -2.7013 5.2507
6.8256 -2.5788 4.3253
13.7003 -0.0306 13.3457
3.8304 -1.9578 3.8262
2.3467 -0.3199 6.2151
7.2764 -3.0945 3.5638
13.3476 -1.9250 9.3878
5.3927 -0.5743 7.4702
9.8673 -2.9165 5.4129
2.4711 -0.8683 5.2004
12.1793 -3.0950 6.3945
8.3127 -2.8777 4.5921
11.6138 -3.0543 6.1484
10.2565 -3.1694 5.1366
7.9426 -3.0109 4.1143
11.7066 -3.1695 5.9738
7.6822 -1.1976 6.4699
10.1099 -2.1782 6.0476
10.4803 -2.4845 6.0653
9.5316 -2.3526 5.4231
5.2004 -0.7271 7.0564
10.8614 -0.0984 5.6443
5.7600 -0.8684 7.0995
2.9358 -1.3910 4.4328
7.1698 -3.0219 3.6462
11.3880 -2.7796 6.5625
6.9613 -1.1578 6.4081
11.4784 -2.9167 6.3431
10.6110 -1.5615 7.4763
8.8676 -1.4523 6.6937
9.7983 -1.9013 6.5710
7.2083 -1.8250 5.0871
9.0273 -3.3312 4.1060
9.6005 -2.6681 5.7512
4.3692 0.1866 8.3870
12.3789 -3.1517 6.3974
7.8770 -1.4481 6.0770
12.0294 -3.0331 6.4304
9.6015 -0.3202 10.4045
8.2328 -1.4919 6.2716
8.0955 -2.7333 4.7527
10.9399 -0.9500 8.3745
11.7054 -3.1333 6.0449
9.6463 -3.3106 4.5042
8.1566 -0.4932 9.2272
9.0157 -1.7712 6.0513
5.5441 -1.8901 4.9501
15.2351 -0.4935 13.3147
10.7723 -2.9291 5.9107
9.1799 -3.2670 4.3212
6.2783 -2.7173 3.7350
8.3463 -3.1330 4.1055
11.6844 -3.1333 6.0328
11.9433 -1.6771 6.6146
8.5695 -3.3175 3.8688
10.6173 -2.7795 6.1176
5.1175 -2.2751 3.9409
13.2480 -2.5016 8.1877
9.6805 -3.3245 4.4966
9.1816 -3.3703 4.1176
9.8737 -3.2201 4.8149
8.2004 -1.1000 6.8453
8.5723 -3.0947 4.3119
10.1882 -1.1214 9.1556
11.0800 -3.0543 5.8403
11.1811 -2.9535 6.0983
10.2626 -3.0646 5.3478
9.1838 -3.2819 4.2941
11.1509 -3.3513 5.2927
11.3722 -3.1954 5.7294
11.5923 -3.1954 5.8565
11.9362 -2.9655 6.5107
11.4340 -3.3890 5.3814
9.9746 -0.7273 9.8132
10.7378 -3.1238 5.5049
9.7830 -3.1867 4.8287
9.1716 -3.2361 4.3777
11.1042 -0.4916 8.0864
7.8066 -3.0219 4.0139
11.1357 -3.3314 5.3233
7.6099 -2.9651 4.0129
9.4905 -3.1423 4.7478
2.7398 -0.6521 5.7839
1.2937 -0.9349 4.3883
5.5640 -2.5210 3.7114
10.9200 -1.9239 7.1431
10.9717 -3.1868 5.5151
11.3498 -3.2038 5.6998
13.6680 -1.9250 9.5728
9.2311 -3.3244 4.2372
12.9661 -2.3006 8.4233
8.8253 -3.4067 3.8397
10.3724 -3.2362 5.0710
9.3330 -3.4009 4.1445
12.1661 -3.3706 5.8408
13.1801 -2.0228 9.0973
8.0905 -1.9186 5.3194
12.6570 -1.7433 9.3490
4.1709 -1.7811 4.3731
11.1584 -1.7551 7.4163
11.2125 -0.7274 10.5280
10.2887 -1.5802 7.4469
10.3516 -2.7795 5.9641
12.2608 0.0753 12.7242
11.6424 -3.1333 6.0086
11.2872 -3.2966 5.4797
8.1085 -3.2118 3.8120
8.2307 -2.0507 4.8665
8.5843 -3.0110 4.4847
10.6493 -3.1868 5.3289
8.1101 0.1865 10.5473
11.8595 -2.0536 8.2734
2.1444 -0.4929 5.7555
10.9662 0.8989 4.7612
8.6800 -2.8370 4.8848
10.3389 -2.9886 5.5425
9.6778 -2.8644 5.4067
9.0804 -2.0346 5.5237
7.3889 -1.0502 6.4209
5.0469 -2.3481 3.7554
9.0158 -1.5685 6.2745
10.2256 -2.7943 5.8621
10.4353 0.6694 5.4678
10.4227 -1.6492 7.3771
12.6392 -2.9041 7.0384
10.2808 -3.3889 4.7155
7.5331 -1.6495 5.7123
11.6069 -3.4128 5.4340
7.7533 -3.1044 3.8197
11.1222 -2.7796 6.4091
8.9431 -3.1780 4.3609
4.3886 -1.1211 5.8067
8.8371 -1.7482 6.0373
8.8177 -3.0435 4.5550
8.6794 -3.1780 4.2087
7.9358 -2.8369 4.4551
12.0401 -3.3578 5.7932
11.1175 -3.1332 5.7055
7.7751 -1.2433 6.4413
8.9954 -1.7914 5.9444
10.7664 -2.7015 6.3584
8.2648 -3.2200 3.8860
11.0806 -3.0437 5.8615
9.7443 -1.0616 9.0178
10.2276 -1.5055 7.5570
12.0387 -3.3951 5.7185
9.5648 -3.3036 4.4712
1.2520 -0.7269 4.7764
8.8249 -3.2036 4.2421
9.0187 -1.9589 5.7213
10.8347 -1.9896 6.7504
6.8561 -1.5630 5.3233
8.2676 -2.9884 4.3465
10.5273 -2.1981 6.3485
11.4183 -3.2363 5.6748
9.4177 -2.9533 5.0802
9.7849 -3.3380 4.5302
9.4412 -3.2036 4.5979
9.3309 -3.2671 4.4084
14.9086 -0.7996 12.5196
10.7972 -3.2283 5.3321
9.7225 -0.4933 10.1314
8.5861 -2.1611 5.1164
12.5818 -3.0439 6.7282
8.7345 -3.1141 4.3671
6.8443 -2.9531 3.5945
10.4696 -1.6379 7.3223
8.6639 -3.3105 3.9371
5.7646 -2.3000 4.2652
7.7199 -3.0434 3.9211
9.1652 -3.2819 4.2833
12.1011 -2.7016 7.1290
5.1674 -2.0532 4.4095
10.8795 0.8461 4.9797
8.7321 -1.9252 5.4200
11.2112 -3.4010 5.2289
7.5269 -0.9352 7.9876
9.5174 -2.5733 5.5680
12.8501 -2.5605 7.8411
10.5833 -3.1694 5.3253
9.2758 -1.5502 6.9960
12.2385 -3.2673 6.0872
11.8719 -3.2520 5.9057
10.9851 -1.5640 7.7137
10.5143 -1.8957 6.9578
9.4080 -3.3949 4.1996
11.9544 -3.3951 5.6698
11.2845 -3.2284 5.6134
11.3440 -2.7336 6.6282
11.1535 -0.7274 10.4939
10.7384 0.8651 4.9847
7.3602 -2.1689 4.4325
11.4145 -2.7796 6.5779
8.3444 -2.2333 4.6625
9.9650 -3.4127 4.4861
10.1625 -2.7176 5.9776
8.7833 -3.4183 3.7924
9.6599 -3.2036 4.7241
10.1502 -3.3512 4.7150
12.8166 -0.5746 11.7572
8.5686 -3.2819 3.9388
8.5261 -3.3702 3.7392
12.7858 -1.7433 9.4234
5.6517 -1.7812 5.2281
8.3279 -3.2035 3.9551
10.3856 -3.3641 4.8253
12.2844 -3.3578 5.9343
6.4414 -2.6507 3.9611
7.5566 -1.2822 6.1377
8.9921 -1.9973 5.5835
12.1708 -3.1048 6.3702
11.4666 -0.5746 10.9776
8.6511 -3.0644 4.4174
12.0050 -3.3951 5.6990
11.3853 -2.6682 6.7817
8.3605 -3.2281 3.9252
6.2301 -2.1969 4.7384
7.3551 -2.4807 4.2529
8.7668 -3.4183 3.7828
10.5449 -0.0464 5.5407
11.1215 -3.2966 5.3840
8.0981 -0.3202 9.5363
10.1737 -2.9413 5.5407
6.7072 -2.7011 4.0146
8.4610 -3.4008 3.6411
6.0168 -2.0223 4.9612
2.5180 -0.9350 5.0953
9.9098 -1.7452 6.8763
7.4073 -2.7940 4.2349
11.6219 -3.3246 5.6174
10.4325 -3.4185 4.7446
7.0678 -2.9288 3.7718
7.5342 -1.7317 5.4241
9.3580 -1.9044 5.9889
9.7818 -1.7945 6.6202
7.8042 -3.2818 3.4975
9.9140 -2.8778 5.5166
11.1677 -3.0647 5.8704
12.1952 -2.5015 7.5798
12.1557 -0.7275 11.0726
10.1417 -0.0964 5.3128
12.7221 -2.3487 8.1870
10.4163 -1.9295 6.8777
12.3806 -3.1696 6.3629
10.5996 -2.7014 6.2620
7.5002 -2.0516 4.9264
12.0496 -2.0537 8.3832
10.2231 -3.2746 4.9087
10.5236 -3.4010 4.8319
8.2005 -2.5781 4.8184
11.5242 -2.8510 6.4996
10.2514 -3.1953 5.0823
7.3330 -2.0977 4.6163
10.1993 -2.9886 5.4618
9.0143 -2.7490 5.2523
7.9594 -2.7489 4.6432
12.5274 -1.8190 9.1242
6.7337 -2.8085 3.8172
12.2593 -3.2284 6.1762
8.4401 -3.0328 4.3581
9.3764 -3.3379 4.2943
13.1833 -2.4170 8.3178
11.1399 -3.2966 5.3946
12.8969 -1.1793 10.6052
7.7068 -2.9768 4.0456
12.1641 -3.3038 5.9718
9.3964 -2.1412 5.5239
12.0988 -3.3514 5.8400
8.0656 -3.2744 3.6631
11.9583 -1.8905 8.6537
10.5335 -2.7644 6.0990
8.4168 -3.2891 3.8367
8.2430 -3.1236 4.0645
5.3978 -1.7812 5.0815
8.6982 -2.5743 5.0974
10.1285 -1.1035 8.1413
12.0083 -2.7177 7.0433
4.3116 -0.9993 6.0036
9.4354 -1.9702 6.1580
1.6473 -1.1209 4.2238
8.9560 -3.1604 4.4033
4.9640 -0.6522 7.0682
9.3246 -2.8644 5.2027
7.9601 -2.7793 4.5834
5.6622 -2.3000 4.2061
12.4462 -2.6159 7.4980
9.2168 -2.0715 5.5041
11.0369 -3.0000 5.9229
8.4638 -3.3105 3.8215
11.9419 -3.3705 5.7113
6.4291 -2.7011 3.8541
11.2703 -3.2038 5.6539
11.6292 -3.1606 5.9467
1.5206 0.0757 6.5221
9.6193 -2.0088 5.8624
11.7064 -3.4128 5.4915
10.7166 -3.1238 5.4926
7.2423 -1.8565 5.0683
11.6459 -2.8646 6.5430
11.9454 -3.3247 5.8043
4.0018 -1.3911 5.0483
11.0937 -2.3225 6.3247
12.3003 -3.0332 6.5869
9.1228 -1.9529 5.7572
6.9757 -2.6847 4.2024
4.2555 -1.7811 4.4219
12.9770 -2.2502 8.5294
7.1694 -1.5043 5.7807
11.4194 -2.9535 6.2359
10.6871 -3.3246 5.0778
7.2928 -2.8907 3.9772
10.0876 -3.4009 4.5802
7.5448 -3.2360 3.4385
8.1293 -3.3702 3.5101
11.4760 -3.3705 5.4424
4.1299 -2.0221 3.8717
7.9689 -3.1513 3.8512
7.6857 -1.3937 5.8507
9.6940 -2.2023 5.7822
10.7467 -2.1142 6.6428
8.8272 -2.5288 5.1408
9.7834 -0.0304 11.0839
10.7793 0.8272 4.9431
13.8433 -1.4405 10.6342
8.6290 -3.0644 4.4046
10.1331 -0.3741 5.3361
13.1703 -1.2351 10.6526
11.3133 -3.2672 5.5530
10.1748 -3.1694 5.0894
10.7947 0.0351 5.6277
9.8513 -2.3454 5.8227
5.6734 -2.3714 4.0710
7.9896 -3.1603 3.8454
9.8196 -1.2982 7.7313
15.5527 -0.1316 14.2153
11.1526 -2.5730 6.5114
5.2700 -0.5743 7.3994
8.8348 -3.2745 4.1072
11.8059 -3.4128 5.5489
10.1755 -2.8509 5.7209
7.4327 -2.2562 4.2751
5.3506 -1.8185 4.9803
8.5141 -1.7233 5.9389
9.8196 -3.1605 4.9019
6.4525 -2.5211 4.2244
1.8277 -0.4083 5.7403
9.6258 -2.5739 5.6320
9.1166 -3.3312 4.1576
8.9113 -3.1045 4.4883
13.0376 -2.6852 7.7024
9.6789 -3.0542 5.0313
12.6773 -1.3916 10.0577
7.4774 -2.1179 4.7683
12.6031 -2.8912 7.0432
12.1057 -1.9249 8.6707
10.2704 -2.8909 5.6964
2.3385 -1.0612 4.7415
13.5103 -1.1216 11.0739
2.7113 -0.7990 5.4764
10.8707 -3.3577 5.1181
7.4021 -2.7792 4.2612
8.9761 -3.1330 4.4692
11.8216 -3.2121 5.9557
9.3327 -0.1314 10.6234
10.6731 -3.3380 5.0429
11.3686 -1.3915 9.3020
11.9008 -2.9040 6.6121
13.0790 -2.3249 8.4402
10.0554 -0.5745 10.1627
13.2461 -0.5746 12.0052
9.2082 -2.9165 5.0324
5.8898 -2.0532 4.8266
7.5848 -3.1140 3.7033
8.5952 -3.4008 3.7185
9.3846 -3.3312 4.3123
10.0612 -3.1237 5.1142
4.5687 -0.3200 7.4982
5.1232 -2.1695 4.1534
11.6909 -2.2775 6.7892
9.2962 -2.3035 5.2401
7.9285 -3.1692 3.7925
8.1832 -3.3575 3.5664
11.4167 -3.0438 6.0555
2.7016 -1.1210 4.8326
11.0965 -3.1332 5.6934
13.2930 -0.4934 12.1932
11.0297 -1.3410 9.2064
8.0120 -2.9288 4.3170
5.6011 -1.1212 6.5069
12.4296 -2.5604 7.5984
13.3795 -0.2281 12.7690
4.4426 0.1866 8.4293
10.0458 -3.1605 5.0325
11.0350 -3.0749 5.7735
10.9103 -3.4128 5.0319
7.9087 -3.1779 3.7637
5.3132 -1.7812 5.0326
6.3499 -2.5788 4.0507
9.5154 -1.6247 7.0003
7.6824 -3.2439 3.5023
7.5320 -1.7889 5.5175
8.8017 -1.9965 5.3457
9.1850 -3.0329 4.7882
12.8779 -0.5746 11.7926
10.9543 -3.2596 5.3607
2.1218 -1.1210 4.4978
11.9500 -2.9040 6.6405
7.6663 -1.8931 5.1258
7.5862 -3.2439 3.4468
10.2857 -3.3704 4.7551
11.8881 -3.1425 6.1321
7.2831 -2.7488 4.2527
11.2418 -3.1425 5.7589
8.8868 -3.2281 4.2291
9.9327 -0.5745 10.0919
13.1323 -2.3720 8.3777
7.6121 -2.4429 4.3850
10.1131 -0.2719 5.3162
10.2814 -0.0008 5.3720
10.4266 -2.4849 6.0352
12.8597 -2.7945 7.3829
9.0925 -3.1693 4.4645
7.2979 -2.1734 4.2233
10.2811 -2.1225 6.2866
8.7846 -3.0220 4.5785
3.2761 -1.7032 4.0107
6.1700 -2.4805 4.1416
10.6556 -3.1332 5.4388
4.9715 -1.4400 5.5114
7.5818 -3.1043 3.7207
11.5178 -3.2747 5.6562
9.5708 -2.7014 5.6681
2.1177 -1.2345 4.2705
10.4201 -2.8231 5.9173
8.2616 -2.7174 4.8801
10.0830 -3.3107 4.7563
12.7816 -2.2756 8.3661
15.2802 -0.7276 12.8769
9.2489 -2.8644 5.1590
10.8875 -3.3512 5.1406
6.3761 -2.2497 4.7181
13.3075 -0.5747 12.0406
12.4251 -2.4388 7.8369
8.1127 -3.3638 3.5131
13.2285 -2.0537 9.0639
9.5009 -3.2036 4.6323
7.3043 -0.9352 7.8590
1.6206 -0.8682 4.7092
10.9735 -3.2672 5.3568
11.8110 -2.8373 6.6925
8.2288 -0.3202 9.6118
12.5046 -2.5793 7.6043
11.6347 -3.1047 6.0607
3.6041 -1.6626 4.2807
13.3741 -1.2351 10.7703
10.5184 -1.7469 7.2381
9.6903 -3.4184 4.3161
10.3157 -2.9886 5.5290
8.5433 -1.9405 5.5184
11.1718 -2.2922 6.3692
11.5073 -2.8232 6.5450
11.4795 -3.2284 5.7260
7.9985 -2.2582 4.7782
9.4445 -2.1992 5.4482
12.0742 -3.1695 6.1860
6.9296 -2.7011 4.1431
8.8421 -2.9164 4.8210
1.3775 0.0757 6.4394
14.2726 0.1863 14.1060
8.6833 -3.0435 4.4773
3.8565 -1.3911 4.9644
11.2044 -2.4908 6.4975
10.4945 -3.0948 5.4218
11.9248 0.1863 12.7502
7.5049 -1.6178 5.7863
11.9764 -3.3705 5.7312
1.4800 -1.0611 4.2457
6.0718 -1.8901 5.2548
12.2825 -1.2890 10.0331
9.5425 -1.6095 6.5815
12.5144 -3.0648 6.6479
4.6257 -1.7033 4.7900
7.5558 -1.7840 5.2788
10.9740 -3.2894 5.3131
7.9424 -1.7477 5.3040
8.1696 -2.8086 4.6463
13.0541 -2.4170 8.2432
12.2017 -2.0537 8.4711
0.1174 -0.5740 4.4240
5.6425 -1.1789 6.4164
11.7345 -2.8911 6.5417
9.0785 -2.0175 5.5819
12.2076 -3.3642 5.8773
9.3758 -3.2440 4.4800
8.4562 -1.0615 8.2740
3.6679 -1.7032 4.2370
5.6519 -2.4382 3.9261
10.1743 -3.0646 5.2968
9.6703 -3.3889 4.3631
8.4390 -3.1692 4.0872
11.3364 -3.2520 5.5966
8.2704 -3.3575 3.6168
5.3078 -2.1415 4.3156
12.8131 -2.6851 7.5727
9.3337 -1.8607 6.1109
10.6883 -3.2596 5.2072
8.7894 -2.8230 4.9758
7.5809 -3.2280 3.4751
10.9168 -3.2672 5.3241
2.0181 -0.7270 5.2188
8.2569 -3.1603 3.9997
9.7889 -2.8778 5.4444
13.4649 -1.7039 9.8938
9.4028 -3.2201 4.5430
11.6335 -3.1516 5.9670
12.5413 -0.4934 11.7592
10.5487 -3.3380 4.9711
12.6718 -2.9415 6.9830
8.5470 -2.8508 4.7807
7.2348 -1.8092 5.2306
11.5048 -1.9249 8.3238
12.2840 -2.9167 6.8082
9.5749 -3.1237 4.8335
7.6507 -3.2669 3.4384
9.8227 -2.2074 6.0744
10.1616 -3.2671 4.8881
9.9981 -3.3176 4.6935
12.5102 -0.4087 11.9090
8.3431 -2.1681 4.7258
9.1141 -2.9769 4.8581
10.1934 0.1007 5.3187
12.0516 -3.2203 6.0724
8.1474 -2.7642 4.7213
10.2550 -1.1571 8.2784
10.7456 -3.3447 5.0717
9.5961 -3.1237 4.8457
10.2818 -3.1781 5.1339
11.5855 -3.2894 5.6662
11.5485 -2.1630 6.8318
10.0719 -0.1196 5.2808
12.1489 -3.3706 5.8308
10.5883 -2.3888 6.1206
10.3357 -3.2746 4.9737
11.1202 -2.2667 6.3511
11.4316 -3.3951 5.3680
8.7303 -1.3649 6.6575
10.8791 -3.2672 5.3023
6.7122 -1.1988 5.9440
7.8111 -3.2035 3.6567
9.1828 -3.2036 4.4487
11.8838 -1.9436 6.7189
9.3852 -0.7273 9.4728
8.2270 -3.2118 3.8804
10.8314 -2.7943 6.2119
11.1038 -3.0331 5.8961
7.6218 -3.0109 3.9290
8.3699 -3.1236 4.1377
7.8574 -3.2593 3.5728
5.4376 -2.3942 3.8897
14.0904 -1.1216 11.4088
9.4835 -2.5169 5.5635
11.0766 -3.1143 5.7193
8.3174 -3.2439 3.8689
10.2696 -2.0165 6.6753
11.1407 -3.2894 5.4094
5.5619 -1.9905 4.7614
8.1822 -3.1044 4.0673
4.1234 -1.8900 4.1298
12.2014 -2.4388 7.7077
8.0307 -0.5744 8.9936
9.0666 -2.7942 5.1929
5.2714 -2.4164 3.7497
11.5134 -3.0850 6.0297
10.4330 -1.4545 7.6200
4.0931 -0.9993 5.8774
5.9040 -2.5788 3.7932
10.4186 -3.2519 5.0667
-0.3467 -0.4082 4.4847
4.8650 -2.0833 4.1751
6.2607 -2.5788 3.9992
10.9945 0.9008 4.7949
12.3060 -1.9249 8.7864
11.2122 -3.3037 5.4223
11.6149 -3.3038 5.6548
8.8657 -1.7911 5.8678
2.9169 -1.2884 4.6252
10.9897 -2.8372 6.2183
6.7793 -2.6846 4.0889
8.0136 -2.7333 4.7054
10.2762 -3.2037 5.0800
0.5900 0.0757 5.9847
8.2790 -1.6898 5.8458
12.2183 0.1863 12.9196
12.0909 -3.0113 6.5093
8.1196 -3.2963 3.6509
8.1483 -3.3575 3.5463
8.6880 -2.8777 4.8087
11.5224 -1.3411 9.4909
12.4510 -3.1426 6.4571
12.1043 -3.1333 6.2752
7.5988 -2.0503 4.9783
10.4487 -2.5288 6.0768
9.7328 -3.0645 5.0419
7.0807 -2.9883 3.6613
7.3119 -2.8776 4.0142
14.5965 -0.9356 12.0698
9.4417 -2.2850 5.5111
8.5114 -2.2126 4.9469
8.5517 -2.5320 4.9890
9.6565 -2.2926 5.5733
9.7864 -3.1237 4.9556
8.7372 -2.7643 5.0619
6.7490 -2.9531 3.5395
9.9052 -2.1783 6.2534
6.6364 -2.8775 3.6242
9.3046 -3.3827 4.1640
9.8696 -3.4009 4.4543
9.5202 -3.2362 4.5790
10.6811 -2.2597 6.3305
2.6249 -1.4872 4.0627
10.2949 -3.2362 5.0263
12.3762 -1.7038 9.2652
12.2613 -3.1869 6.2596
7.7117 -3.2035 3.5993
11.1975 -3.2821 5.4567
8.8494 -2.9885 4.6825
11.9203 -3.2121 6.0128
11.1427 -1.9665 6.9775
-0.6438 -0.1310 4.8623
9.3611 -1.8599 6.3080
5.8787 -2.0834 4.7604
11.0158 -2.3681 6.3172
8.6577 -1.2824 6.7745
14.5310 -0.9999 11.9046
9.3940 -2.2381 5.3589
14.8248 -0.6527 12.7623
6.6699 -2.7940 3.8091
9.0588 -3.2964 4.1931
6.2778 -2.5973 3.9724
8.8543 -0.1314 10.3472
10.2291 -2.2343 6.0897
11.6657 -3.0850 6.1176
10.3558 -3.3107 4.9139
10.1771 -3.2893 4.8531
11.8674 -3.4186 5.5730
10.9618 0.8650 4.9867
11.7228 -3.2121 5.8987
12.0497 -3.2673 5.9781
11.6302 -3.1144 6.0390
12.0178 -0.7995 10.8503
11.8226 -2.2104 6.8519
9.0707 -3.3035 4.1858
10.0954 -3.2282 4.9269
5.4193 -2.4805 3.7082
7.1258 -1.8836 4.9448
10.6001 -1.2946 8.1157
10.9384 -3.3177 5.2365
11.3290 -2.8089 6.4704
9.5009 -3.2201 4.5996
9.5443 -1.4941 7.0498
10.3001 -3.0948 5.3095
3.4936 -1.6207 4.2998
7.1216 -3.0539 3.5548
12.0308 -2.9655 6.5653
10.1246 -3.3176 4.7666
8.2735 -3.4125 3.5095
12.6369 -2.9292 6.9872
10.5258 0.6896 5.5111
8.8098 -3.0947 4.4491
10.8245 -3.3950 5.0175
14.0364 -1.2352 11.1527
5.9478 -2.3482 4.2756
8.0266 -3.3378 3.5150
12.2043 -3.3178 5.9673
8.6099 -1.6049 6.0102
11.0177 -2.0546 6.7122
10.2968 -2.8371 5.8183
9.0493 -1.5689 6.2976
4.8886 -1.7428 4.8635
12.4920 -3.0001 6.7630
10.0047 -3.1605 5.0088
8.7787 -3.0329 4.5536
10.1876 -3.2202 4.9961
10.7550 -3.2120 5.3400
9.6209 -0.7273 9.6090
5.2286 -1.7812 4.9838
11.0425 -2.7795 6.3631
10.8983 -3.0000 5.8429
10.8511 0.8499 4.9065
8.2124 -2.6680 4.9497
7.8112 -3.3243 3.4173
12.5478 -2.6337 7.5214
1.6410 -1.0612 4.3387
12.5517 -2.9415 6.9137
12.5504 -1.7038 9.3658
10.5591 0.7739 5.2193
12.4026 -3.0439 6.6248
8.8560 -2.8908 4.8797
10.4551 -3.2893 5.0135
11.0741 -1.5335 8.8505
12.7381 -2.1974 8.4960
11.1609 -3.4010 5.1998
8.5644 -2.1390 5.1354
7.3697 -3.0109 3.7835
12.3454 -3.0332 6.6129
13.0344 -2.3006 8.4627
10.4828 -0.0304 11.4877
8.1886 -3.3243 3.6353
10.8284 -1.4954 7.8036
10.1378 -0.2219 5.3233
10.8182 -0.0245 5.6158
6.3513 -2.7641 3.6843
12.3872 -2.9888 6.7250
11.9303 -1.8552 8.7075
12.6225 -0.8688 11.0622
11.4037 -3.3314 5.4781
9.6081 -3.2282 4.6455
9.4181 -3.1514 4.6879
8.0357 -1.8059 5.2759
11.0710 -3.2121 5.5224
0.8396 -0.7269 4.5382
11.9104 -1.6631 9.0768
10.4619 -2.9413 5.7071
7.1886 -1.9865 4.7766
9.2422 -3.4068 4.0804
8.3984 -1.9223 5.5133
7.3534 -1.9036 4.0674
8.5635 -1.0615 8.3360
9.1457 -2.7942 5.2386
10.4709 0.4629 5.5362
12.5300 -1.5781 9.6030
11.2538 -3.1869 5.6779
8.5614 -3.0110 4.4715
4.0195 -1.1211 5.5936
10.6211 -1.9593 6.9570
7.6960 -2.3491 4.4293
12.2009 -3.0950 6.4070
13.1463 -2.4811 8.1695
8.2954 -2.9652 4.4087
10.9432 -2.9654 5.9374
5.3321 -1.9579 4.6934
12.2242 -2.9888 6.6310
7.9335 -2.7793 4.5680
0.8044 -0.4082 5.1495
9.7072 -1.4605 7.2668
9.0348 -2.6206 5.3233
10.3994 -2.9039 5.7453
0.5170 -0.3199 5.1585
10.7324 0.0224 5.5582
12.2788 -3.2284 6.1875
8.1647 -3.3639 3.5431
5.0515 -2.1414 4.1675
10.0126 -1.6908 7.1292
9.6251 -3.1514 4.8075
10.8963 -1.2996 8.3772
7.1176 -2.7940 4.0677
6.5130 -2.6332 4.0370
4.8759 -2.2750 3.8014
12.1202 -3.1869 6.1782
8.8120 -2.2721 5.0328
10.0241 -2.7644 5.8049
13.8267 -1.1216 11.2566
9.1733 -2.2881 5.2052
9.5181 -3.3640 4.3245
7.3466 -2.7012 4.3838
7.9666 -3.0540 4.0427
11.1679 -2.8510 6.2939
10.1931 -1.3840 7.7604
7.6448 -0.9995 7.9283
9.3471 -3.3176 4.3177
6.9953 -2.9650 3.6580
8.5294 -1.4723 6.2482
6.4624 -0.1313 8.9659
10.5629 -0.1315 11.3338
3.3112 -1.1788 5.0702
12.5344 -3.1426 6.5053
10.6724 -3.0222 5.6685
2.2754 -0.4083 5.9989
13.1258 -1.0618 10.9704
7.6129 -1.7454 5.5522
5.4414 -2.5210 3.6406
9.9932 -0.0304 11.2050
8.4117 -1.6602 5.9971
7.1391 -1.9409 4.8677
10.6667 -0.2528 5.9334
9.3656 -3.0329 4.8925
12.3224 -3.2598 6.1506
9.5080 -2.1300 5.4622
8.9245 -3.0848 4.5350
8.9204 -1.9750 5.4585
7.3969 -2.8369 4.1440
3.4049 -0.7990 5.8768
11.1418 -0.2734 8.0207
10.8213 -3.2596 5.2839
8.9211 -3.0220 4.6573
10.5939 -3.3641 4.9456
11.6239 -2.9772 6.3072
7.8209 -2.7174 4.6256
7.5007 -1.3897 3.8087
7.9334 -3.2593 3.6166
10.2685 -3.0330 5.4138
9.2094 -2.7013 5.4594
10.8072 -3.2894 5.2168
6.1649 -2.5407 4.0194
10.8507 -3.3381 5.1455
9.2964 -1.5101 7.0645
10.6512 -3.3245 5.0570
11.9011 -2.3947 7.6217
7.7471 -1.4670 5.7450
5.2444 -2.3714 3.8233
9.2341 -3.0541 4.7745
8.7586 -2.4409 5.0423
5.7195 -2.1128 4.6101
11.7947 -3.3830 5.6017
5.0168 -1.8185 4.7876
8.4443 -2.9412 4.5422
10.3772 -2.7014 6.1336
6.6852 -1.0614 7.2513
12.4157 -3.0750 6.5706
12.4093 -3.1426 6.4330
12.0637 -3.3514 5.8197
10.8508 -2.2762 6.3857
12.2213 -1.4404 9.6976
9.4002 -1.8358 6.4081
11.2663 -2.0009 7.0438
9.2519 -3.4126 4.0744
9.1596 -1.9849 5.7656
9.8237 -2.8909 5.4385
8.6521 -3.1514 4.2457
10.3254 -3.2893 4.9387
13.8101 -0.7995 11.8852
9.2851 -3.4126 4.0936
10.4360 0.1800 5.4647
11.5905 -2.8779 6.4846
3.3528 -0.9350 5.5773
10.9093 -3.4010 5.0546
8.4369 -3.4183 3.5924
9.6075 -2.7794 5.5346
6.1302 -2.7331 3.6180
8.8700 -1.1214 8.3944
5.2544 -0.7991 6.9448
10.4403 -3.1694 5.2427
11.6012 -1.4404 9.3396
6.9278 -3.0327 3.4850
10.6426 -2.8910 5.9113
11.3575 -3.0112 6.0859
4.8082 -1.8185 4.6671
10.3949 -3.0111 5.5301
5.4506 -2.4805 3.7262
11.4746 -2.9291 6.3161
7.0574 -2.9883 3.6478
8.1116 -2.8908 4.4499
6.4688 -2.5788 4.1194
3.7726 -0.4930 6.6957
8.8693 -3.3035 4.0696
10.7557 0.7912 5.1513
5.7028 -2.5599 3.7145
9.0906 -3.0947 4.6112
10.0065 -2.6849 5.9523
7.3468 -3.0109 3.7702
5.0602 -1.7428 4.9626
13.0004 -1.9584 9.1210
2.9842 -1.3910 4.4608
10.4540 -2.4522 6.0470
9.5037 -0.0304 10.9223
10.8243 0.1864 12.1147
9.1986 -3.0947 4.6736
12.7685 -2.7016 7.5143
12.2091 -2.1133 8.3572
9.6212 -2.9413 5.2217
8.9602 -3.0645 4.5958
11.2291 -3.3108 5.4181
6.6670 -2.6846 4.0241
7.7933 -3.0847 3.8819
7.8252 -1.5674 5.5793
5.7857 -2.0223 4.8278
9.2990 -1.6920 6.7253
13.0860 -0.4087 12.2415
4.1033 -1.7032 4.4883
13.2994 -1.1216 10.9521
10.3056 -1.9741 6.6761
3.2949 -1.6625 4.1021
8.9523 -1.6475 6.2230
11.0434 0.0754 12.0212
7.7713 -3.2035 3.6337
10.6053 -3.3950 4.8909
11.2477 -2.0970 6.7601
8.6709 -3.0220 4.5129
7.2482 -1.9021 5.1034
9.1554 -2.2059 5.1359
10.8486 -2.9654 5.8828
2.8815 -1.2345 4.7116
8.8319 -1.0615 8.4909
10.4849 -0.5745 10.4107
10.5326 -3.3828 4.8730
7.9235 -2.1334 4.9618
7.2052 -2.8642 3.9791
0.3911 -0.4929 4.7430
12.0601 -1.3085 6.4098
6.4983 -2.2752 4.7382
11.4292 -3.3578 5.4405
8.3726 -3.1866 4.0145
9.5456 -2.1107 5.7152
10.8602 -3.2672 5.2914
8.8503 -2.1341 5.3889
7.3801 -2.0410 4.8172
8.4129 -3.1866 4.0377
10.2934 -2.3288 5.9548
6.6488 -2.7332 3.9174
7.8006 -2.9768 4.0998
11.7023 -2.8510 6.6024
8.7390 -2.3141 4.9447
9.7884 -3.3245 4.5589
8.7058 -1.9238 5.3994
3.8242 -0.2277 7.2512
8.0754 -3.4007 3.4184
9.8817 -3.0848 5.0876
5.9430 -2.5599 3.8532
10.4768 -2.2474 6.2701
7.8287 -3.1865 3.7004
6.4352 -2.8506 3.5614
12.2574 -3.2673 6.0981
10.0625 -1.7789 6.9203
10.8701 0.8598 4.8703
9.3354 -3.0645 4.8125
9.0015 -2.0305 5.4640
10.4141 0.6666 5.4509
1.8814 -0.0301 6.5207
10.4102 -1.3309 7.8066
11.8027 -2.6851 6.9893
-0.0909 -0.4082 4.6324
7.7287 -2.2758 4.5825
11.4546 -3.3381 5.4941
10.4305 -3.2362 5.1045
7.2570 -1.8120 5.2586
10.0319 -3.3949 4.5598
10.8563 -2.3518 6.2601
9.5243 -2.9885 5.0721
8.3715 -1.3599 6.3821
12.6319 -2.6683 7.5014
13.2156 -2.4170 8.3365
6.7258 -2.8642 3.7023
5.7446 0.0755 8.9613
11.9820 -3.3642 5.7470
7.7839 -3.0219 4.0008
10.5642 -3.3767 4.9035
13.8283 -1.9250 9.6654
9.6840 -2.8088 5.5206
6.2733 -2.5599 4.0439
8.3981 -3.1692 4.0637
8.5264 -3.0435 4.3868
9.8025 -3.4009 4.4156
8.9988 -2.0985 5.4673
11.3179 -0.8687 10.3088
11.8743 -3.2748 5.8620
9.8704 -2.9534 5.3416
11.0396 -0.3203 11.2349
11.8844 -3.1783 6.0591
10.7019 -3.0542 5.6220
8.5787 -3.2200 4.0672
10.1062 -2.9886 5.4081
11.7270 -0.4934 11.2889
10.6048 -3.2363 5.2052
12.5657 -0.8688 11.0294
12.1237 -1.2514 6.3844
12.0236 -1.3709 6.4739
4.6557 -1.9244 4.3691
12.5394 -2.9536 6.8826
12.7283 -2.1133 8.6570
11.2332 -3.3767 5.2897
2.2814 -0.3199 6.1774
6.5123 -2.7332 3.8386
8.0123 -2.8908 4.3926
12.5725 -2.7337 7.3376
5.9694 -2.3000 4.3834
7.6193 -2.1311 4.8953
11.8245 -2.9536 6.4698
6.7067 -2.5788 4.2567
9.4839 -3.4009 4.2316
4.3754 -1.9244 4.2073
5.0464 -2.3714 3.7090
2.7999 -0.6521 5.8186
10.2571 -3.0542 5.3652
10.0048 -2.3257 5.8603
9.1466 -3.2819 4.2725
7.3018 -1.7502 5.4022
4.4603 -1.2346 5.6232
4.9049 -2.1414 4.0829
8.9990 -1.4942 6.7358
11.6699 -3.3038 5.6865
9.9921 -3.3313 4.6631
12.0727 -3.1954 6.1338
1.6773 -0.8682 4.7420
9.6747 -3.3036 4.5346
10.5655 -2.2380 6.2943
9.0532 -2.9289 4.9181
7.4639 -3.2280 3.4076
4.4800 -1.6207 4.8694
7.6028 -2.3341 4.4153
9.9528 -1.9773 6.3345
7.7624 -3.2593 3.5179
11.7752 -3.0438 6.2625
7.3880 -2.9997 3.8162
10.8752 -3.0000 5.8296
7.7279 -3.1865 3.6423
10.0330 -0.3600 5.6057
9.8407 -3.2671 4.7027
11.1438 -0.4932 8.0935
12.1105 -3.2203 6.1063
12.1675 -2.6851 7.2000
8.8360 -2.0515 5.2184
10.1657 -3.0111 5.3978
6.7787 -0.4931 8.4315
9.4470 -1.4200 7.1846
10.1035 -3.1237 5.1387
7.0538 -2.8642 3.8917
4.7058 -0.4084 7.4023
9.5769 -2.8644 5.3484
-0.1258 0.0757 5.5713
9.1375 -3.2518 4.3270
12.2449 -2.7337 7.1484
7.2786 -2.0158 4.8002
13.1939 -1.1216 10.8912
8.4887 -3.3765 3.7052
12.1883 -3.1333 6.3237
9.9564 -3.3313 4.6424
12.5245 -3.1144 6.5553
8.0994 -3.3174 3.5973
9.4418 -0.5745 9.8084
8.3070 -3.0220 4.3028
11.3845 -2.7944 6.5312
12.3152 -2.4601 7.7311
8.1355 -3.3174 3.6182
10.9159 -1.7291 7.3595
10.8615 -0.7994 10.1826
7.6306 -2.9532 4.0484
10.6878 -3.3890 4.9505
8.8763 -3.1866 4.3053
11.2434 -3.4069 5.2357
5.9144 -2.3481 4.2563
8.1657 -3.3575 3.5563
8.0288 -3.2439 3.7023
7.4416 -1.6887 5.6317
12.7966 -2.8511 7.2342
12.5153 -2.9772 6.8219
5.8036 -2.0834 4.7170
8.4220 -3.2745 3.8689
5.6317 -2.5009 3.7902
11.0154 -2.8372 6.2332
8.4656 -2.1253 5.1387
7.4341 -2.9997 3.8428
10.5950 -2.9886 5.6903
11.4097 -2.6850 6.7625
8.4651 -3.3510 3.7420
8.3759 -0.1314 10.0709
10.3293 -3.2283 5.0619
8.3066 -2.2078 4.8153
11.3833 -3.0000 6.1230
12.2744 -3.3514 5.9413
10.7566 -2.8231 6.1116
3.6244 -1.7032 4.2118
13.9072 -1.8907 9.7790
10.3748 -3.3446 4.8576
7.4568 -3.2117 3.4357
1.8088 -1.1787 4.2027
10.5214 -2.9771 5.6707
13.2305 -2.2757 8.6252
12.1017 -1.4187 6.4835
9.1440 -3.1330 4.5661
12.2538 -2.7944 7.0331
8.9356 -3.2892 4.1363
9.0038 -3.2281 4.2966
8.8967 -3.2670 4.1577
8.3047 -3.0328 4.2799
10.8366 -3.0646 5.6792
7.0292 -0.4932 8.5762
7.3807 -3.1329 3.5480
9.0447 -2.9412 4.8889
11.2600 -3.4069 5.2454
7.4335 -1.0983 6.3136
8.2281 -2.9411 4.4174
10.3428 -2.1517 6.3067
11.7439 -1.2350 9.8290
12.3548 -3.2122 6.2636
12.5923 -0.9355 10.9126
14.5727 -0.7276 12.4683
9.8897 -3.0948 5.0726
8.4384 -1.8674 5.6259
7.2222 -1.8534 5.0415
10.9643 0.8841 4.8597
4.9787 -2.1968 4.0158
10.1496 0.1294 5.3660
7.6314 -0.8685 8.1801
10.7710 -2.5740 6.2932
12.1830 -2.5215 7.5331
8.1014 -1.9570 5.1842
12.2879 -2.6337 7.3713
8.8806 -1.2910 7.0596
6.7499 -1.1990 5.9727
11.8519 -1.9655 6.7748
8.0572 -3.0109 4.1804
10.6760 -3.2120 5.2943
11.0156 -2.8089 6.2894
4.8977 -0.4084 7.5131
13.0205 -2.5412 7.9777
11.6200 -3.2203 5.8231
10.6820 -0.7274 10.2216
8.8122 -1.9196 5.5865
11.5794 -3.1333 5.9722
12.0278 -1.7038 9.0640
10.5177 -2.9653 5.6917
10.7912 0.0015 5.6727
10.9453 -3.0222 5.8261
13.8236 -1.8554 9.8007
7.1940 -1.9691 4.7092
10.3830 -3.4185 4.7160
2.7880 -1.5775 3.9779
11.1657 -2.1613 6.8124
9.2667 -3.1141 4.6744
6.0599 -1.8185 5.3898
9.6581 -1.9420 6.0222
15.3543 -0.3205 13.7265
11.9234 -3.0223 6.3908
10.0632 -0.0304 11.2454
11.5529 -3.0949 6.0328
5.6230 -0.9994 6.7608
8.0581 -2.9884 4.2256
9.8478 -3.3640 4.5148
8.8177 -3.1514 4.3413
11.9266 -2.1700 8.0817
12.0151 -2.9536 6.5799
12.1195 -1.1793 10.1564
11.0724 -3.1868 5.5732
10.9222 -3.3447 5.1736
11.9430 -2.6851 7.0704
11.8694 -3.2284 5.9511
6.5942 -2.7332 3.8859
8.9574 -2.9652 4.7909
12.1821 -2.4170 7.7397
8.2680 -3.1044 4.1169
13.4330 -2.1134 9.0639
12.3101 -3.0223 6.6140
6.5115 -2.8506 3.6054
10.0538 -2.6681 6.0129
10.6185 0.7488 5.3858
9.1733 -3.1237 4.6016
8.6619 -2.2839 4.8995
9.0794 -3.1604 4.4746
13.4059 -0.4088 12.4262
13.8326 -1.2351 11.0350
9.8590 -2.9999 5.2429
8.9352 -1.4462 6.6659
0.8764 0.0757 6.1500
9.4407 -2.0532 5.5731
12.8647 -1.2351 10.4761
10.4719 -2.8231 5.9472
12.6306 -3.0001 6.8431
8.1183 -2.4868 4.7072
10.4929 -3.4069 4.8025
10.6155 -1.8957 7.0158
11.2463 -2.8372 6.3665
10.8507 -1.2535 8.4365
10.8627 -3.1046 5.6149
7.8951 -0.0304 9.9934
12.2155 -3.2895 6.0299
5.5388 -2.5009 3.7366
11.1472 -2.3653 6.3863
11.3641 -1.7816 8.5264
7.9651 -1.0978 6.5880
9.4516 -1.4653 7.1722
12.2888 -1.9584 8.7101
9.6156 -3.2518 4.6030
11.7896 -0.4934 11.3251
7.6321 -2.6200 4.5125
14.4809 0.0752 14.0063
11.6680 -3.1239 6.0420
10.6242 -3.2966 5.0969
9.5861 -2.1837 5.5736
10.7597 -3.4069 4.9565
7.5395 -1.2825 3.7998
7.2141 -0.1313 9.4000
8.7273 -3.2964 4.0017
9.7660 -3.4126 4.3712
10.0483 -2.8509 5.6474
7.3558 -1.8679 4.0449
8.2854 -3.2963 3.7466
11.8317 -3.4011 5.5871
12.8037 -1.0618 10.7844
5.4094 -0.4084 7.8086
11.5849 -1.9249 8.3701
5.9791 -2.1128 4.7600
8.7967 -2.9998 4.6295
12.2633 -3.2967 6.0432
5.8307 -2.1128 4.6744
10.0658 -2.8371 5.6849
9.5836 -3.4126 4.2659
7.2779 -1.8400 5.2051
7.2228 -1.8292 5.1177
8.8876 -1.7033 6.0334
8.0952 -1.8879 5.1888
11.2489 -3.3829 5.2866
10.2211 -3.3766 4.7054
10.7387 -3.3890 4.9799
6.3802 -2.7939 3.6419
8.0426 -3.3826 3.4354
10.0325 -3.3766 4.5965
7.9028 -3.3444 3.4304
10.8740 0.8317 5.0698
8.5195 -1.9849 5.3963
11.1170 -2.8510 6.2645
7.8672 -3.1692 3.7571
11.8862 -2.9292 6.5538
8.3222 -2.2733 4.6764
9.8119 -3.1046 5.0083
13.6689 -0.4934 12.4103
9.5124 -3.0221 4.9988
12.3934 -1.5781 9.5241
0.1249 -0.3198 4.9321
8.4423 -1.4061 6.4368
7.4482 -2.8369 4.1736
12.9631 -2.7016 7.6267
10.4828 -2.4467 6.0509
11.7613 -2.3522 6.7835
4.3556 -2.1414 3.7657
7.2900 -1.4534 5.7956
10.5873 0.2439 5.5807
7.3191 -2.0761 4.6530
11.3556 -3.2520 5.6076
7.9295 -2.4873 4.5993
7.7180 -3.3105 3.3909
5.7099 -2.5406 3.7567
6.6697 -1.1022 6.0855
10.7147 -2.8779 5.9789
10.9368 -2.7943 6.2727
9.4672 -3.4009 4.2220
11.8364 -3.3951 5.6016
8.5468 -2.9884 4.5078
9.9047 -3.4184 4.4399
9.5975 -3.1045 4.8845
10.7590 -3.3246 5.1193
6.4620 -2.1696 4.9265
1.6018 -0.0301 6.3592
7.3148 -1.9765 4.1937
13.8328 -1.9911 9.5370
7.6588 -3.2280 3.5201
10.2648 -2.8231 5.8276
9.7840 -3.2671 4.6700
11.5226 -3.3448 5.5202
9.0236 -2.7334 5.2885
6.1207 -0.1313 8.7686
7.3287 -2.9163 3.9472
4.8498 -0.7991 6.7112
8.7681 -1.2410 6.9625
5.2788 -1.7033 5.1671
9.2892 -1.6226 6.8534
4.6186 -0.7991 6.5777
3.3342 -1.5775 4.2933
10.0845 -0.1314 11.0576
10.2862 -0.4933 10.4570
5.4216 -1.6208 5.4131
7.5512 -1.2289 3.7792
13.4490 -1.6213 10.0482
11.1192 -3.3177 5.3409
9.8668 -2.8088 5.6261
12.1176 0.0753 12.6415
8.7081 -3.1236 4.3330
11.8397 -3.2967 5.7987
12.6347 -2.9536 6.9376
7.0037 -2.6847 4.2186
9.8568 -3.3889 4.4708
11.5850 -2.8232 6.5899
8.5322 -3.3575 3.7679
5.1812 -1.8548 4.8106
11.7361 -2.0838 8.1424
12.0869 -1.3614 6.4367
8.4190 -3.2281 3.9590
8.7177 -3.2819 4.0249
5.7355 -1.6208 5.5943
8.4731 -0.9353 8.5340
9.2702 -2.8370 5.2256
7.1752 -1.9455 4.7500
10.1818 -2.0376 6.4214
3.1378 -0.7270 5.8653
11.7641 -2.1132 8.1002
10.9306 0.8632 4.9471
14.9664 -0.7996 12.5530
10.0284 -3.3107 4.7248
2.4624 -0.9350 5.0631
10.3117 -2.3028 6.1468
8.2544 -3.3510 3.6204
3.5384 -1.6207 4.3257
7.6334 -1.1502 6.5210
6.6466 -1.5460 5.4407
12.1259 -1.4404 9.6425
5.1470 -2.3481 3.8132
10.7752 -2.1577 6.6877
9.8892 -2.0065 6.4156
12.5797 -2.5604 7.6851
10.8386 -3.3767 5.0620
10.6308 -2.7176 6.2480
9.4359 -1.9503 6.0748
10.8765 -2.6850 6.4546
10.3504 -3.2671 4.9971
12.4245 -3.2204 6.2876
8.4649 -2.7793 4.8749
6.4863 -2.8775 3.5375
5.0140 -2.2750 3.8811
7.4457 -2.2727 4.2459
5.4006 -2.4164 3.8242
10.5870 -2.3624 6.1309
8.4364 -3.1141 4.1950
9.1748 -3.3765 4.1014
7.9645 -2.9651 4.2176
14.1594 -1.7434 10.2166
8.3382 -3.3639 3.6433
11.0511 -1.9943 7.0367
11.8439 -2.8232 6.7393
5.0232 -0.7991 6.8113
6.7812 -1.4617 5.5930
10.3148 -0.6525 10.1581
8.1125 -2.8776 4.4765
12.2108 -2.9167 6.7660
2.4162 -1.2884 4.3360
8.1896 -3.4183 3.4496
3.9700 -1.4399 4.9332
10.1140 -3.3036 4.7882
10.9929 -3.3577 5.1886
8.8492 -3.4183 3.8305
11.6234 -2.0838 8.0773
8.1251 -2.7012 4.8333
13.2739 -0.9998 11.1787
2.6825 -1.4398 4.1897
7.6854 -2.4036 4.4071
12.5509 -2.9655 6.8657
10.3515 -1.4107 7.5940
11.9791 -2.5604 7.3383
14.0725 -1.7818 10.0903
9.8236 -3.3576 4.5135
12.4203 -3.1517 6.4213
6.9295 -2.9036 3.7418
5.6424 -0.1313 8.4924
11.0428 -3.4186 5.0969
14.3068 -1.0618 11.6523
7.9862 -2.7174 4.7210
7.1259 -0.0303 9.5492
10.8718 -3.1953 5.4405
8.4456 -3.3105 3.8110
10.3054 -0.2280 10.9939
9.2507 -3.1952 4.5045
9.8629 -3.1142 5.0186
10.8743 -2.9886 5.8515
12.8017 -2.8233 7.2924
5.3006 -0.9351 6.7020
9.6061 -0.1314 10.7813
10.9898 -2.8510 6.1910
8.3002 -2.8086 4.7216
13.4033 -2.1421 8.9898
10.4328 -2.7014 6.1657
7.6242 -0.1313 9.6368
9.0384 -2.3515 5.1359
2.6556 -1.3405 4.3710
9.8655 -3.4127 4.4287
10.1151 -3.3512 4.6947
4.9748 -1.7812 4.8372
8.8503 -2.1191 5.3408
10.4693 -3.3577 4.8863
8.1242 -2.3475 4.6727
10.9206 -1.9555 7.1134
8.9341 -3.1330 4.4449
12.6116 -2.2241 8.3700
4.5834 -1.3911 5.3841
12.9073 -2.5015 7.9910
12.1712 -3.2967 5.9901
12.5583 -2.7493 7.2984
9.4680 0.0754 11.1114
9.4630 -2.8508 5.3095
9.3415 -2.0959 5.5502
10.6981 0.7445 5.2903
7.8610 -3.2891 3.5158
12.5032 -3.1333 6.5056
8.1215 -2.5764 4.7692
12.2756 -2.6512 7.3296
5.9671 -2.1415 4.6962
10.5926 -3.1332 5.4025
8.4745 -3.0644 4.3154
1.9608 -0.8682 4.9057
11.3840 -3.2821 5.5643
11.9283 -2.5411 7.3471
10.5620 -3.0330 5.5832
7.9611 -2.8229 4.4976
6.7255 -0.3201 8.7437
5.8167 -0.8684 7.1322
5.4119 -0.9351 6.7663
11.7921 -3.3381 5.6890
13.6598 -2.1421 9.1379
12.3640 -2.6851 7.3134
7.9139 -2.1832 4.6987
9.7916 -3.2746 4.6596
-1.6445 0.1868 4.9142
8.2584 -3.4067 3.5124
11.4122 -3.1954 5.7525
12.3668 -2.5215 7.6392
9.0282 -1.3006 7.3183
13.0241 -2.1974 8.6612
7.9154 -2.2483 4.7941
11.2002 -2.7943 6.4248
9.3498 -3.4009 4.1542
9.6457 -3.3828 4.3610
11.1430 -0.4503 8.0643
9.7343 -2.2231 5.7718
11.7478 -3.4011 5.5387
12.1000 -3.4011 5.7420
7.5885 -3.0540 3.8244
4.7999 -1.7033 4.8905
5.4974 -2.4164 3.8802
10.0400 -1.4261 7.6005
7.7743 -3.2199 3.6028
9.9725 -2.4828 5.7683
11.0760 -3.1238 5.7002
9.6971 -3.2201 4.7129
12.0872 -3.1783 6.1762
8.3926 -1.9383 5.4225
9.2233 -1.7436 6.2340
12.2203 -3.2284 6.1537
8.6568 -2.7643 5.0154
9.4012 -3.4126 4.1606
10.8820 -3.2966 5.2457
8.5616 -3.2964 3.9060
9.1756 -2.0298 5.5619
11.9831 -2.9292 6.6097
11.0099 -3.4069 5.1009
5.5698 -2.5009 3.7545
11.4628 -3.3178 5.5392
12.4076 -2.9415 6.8305
8.1057 -1.4872 6.1516
10.2406 -1.9742 6.6391
9.0684 -2.7490 5.2835
8.4036 -3.1513 4.1022
11.2887 -3.0112 6.0462
11.2173 -3.3705 5.2929
10.1452 -3.3446 4.7250
4.0303 -1.7427 4.3679
10.1624 -0.1721 5.3305
0.7042 -0.4929 4.9238
7.2494 -2.9532 3.8283
10.3818 -2.2427 6.1106
14.8144 -1.1794 11.7125
10.7728 -0.2426 5.6151
8.7454 -3.2035 4.1962
7.7497 -2.9532 4.1172
9.1731 -1.7478 6.0148
12.1038 -2.2501 8.0252
7.8356 -3.0746 3.9263
8.1527 -3.3243 3.6145
7.4834 -3.2280 3.4188
10.8495 -2.2555 6.4161
8.4798 -2.9037 4.6370
10.9087 -1.5718 7.7347
10.6292 -3.1868 5.3173
10.5412 -0.9997 9.6007
8.9057 -1.9685 5.6947
2.2089 -1.3910 4.0131
11.6479 -2.2245 6.9752
10.9380 0.8950 4.7412
10.7404 0.9486 4.9698
-0.6355 -0.0300 5.0672
11.6924 -3.2967 5.7136
5.9067 -2.6332 3.6870
11.0158 -2.3979 6.3159
6.7675 -0.6523 8.1097
7.9871 -2.8369 4.4847
8.7934 -3.2517 4.1283
7.4111 -2.9997 3.8295
11.4166 -3.3447 5.4591
9.8321 -2.9653 5.2959
11.3281 -3.2821 5.5320
12.0665 -3.4011 5.7227
4.1766 -0.3200 7.2718
11.6939 -3.2284 5.8498
5.6253 -0.6522 7.4501
9.7255 -3.1693 4.8300
4.7413 -1.5331 5.1939
9.2030 -3.0645 4.7360
10.7791 -3.2363 5.3058
12.6665 -2.4170 8.0195
8.9380 -3.2119 4.2909
14.7045 -0.6527 12.6928
9.2447 -3.3445 4.2051
12.1207 -1.8905 8.7475
13.9448 -1.7434 10.0926
7.9521 -3.2517 3.6426
14.1337 -1.3412 10.9987
16.2537 0.1862 15.2500
7.5776 -2.1879 4.7180
7.7662 -1.5550 5.7815
11.9516 -0.0305 12.3359
10.6175 -0.1677 5.9008
11.2258 -0.4933 10.9995
6.7297 -2.8368 3.7588
9.6858 -2.1536 6.0455
7.2451 -1.4219 5.9376
5.1929 -0.8684 6.7720
9.4509 -3.4126 4.1893
9.5210 -3.1867 4.6775
12.9402 -2.5605 7.8932
8.6739 -3.3244 3.9155
10.7064 -3.3950 4.9493
8.1450 -2.4869 4.7228
7.2251 -2.2104 4.1985
8.1303 -2.3572 4.7001
7.7429 -3.1603 3.7029
13.7120 -1.9585 9.5319
8.2557 -3.0540 4.2096
12.6665 -2.7493 7.3609
9.7621 -3.3949 4.4041
9.5116 -2.0697 5.7787
8.9620 -2.1703 5.0892
7.4755 -1.1795 3.7606
10.8215 0.9731 4.8661
7.3435 -1.8084 5.2891
10.6387 -2.9771 5.7384
12.0855 -0.3203 11.8389
12.4777 -0.3203 12.0654
12.6769 -2.4810 7.8986
3.7617 -0.6522 6.3740
11.5199 -2.0486 7.2347
7.5233 -1.3897 3.8217
7.5796 -2.9411 4.0430
11.0132 -3.0646 5.7811
8.4544 -3.3765 3.6854
9.0839 -3.2892 4.2219
3.9420 -0.6522 6.4781
11.1738 -2.7943 6.4096
10.7740 -0.0960 5.6012
7.6505 -2.8229 4.3182
12.3690 -3.2521 6.1927
6.5271 -0.6523 7.9708
10.1550 -3.1046 5.2064
4.0796 -1.9904 3.9056
11.0900 -2.8779 6.1956
11.2203 -3.2597 5.5143
8.1548 -2.9532 4.3511
11.9408 -3.3513 5.7488
8.2107 -3.3948 3.5084
12.4744 -2.5412 7.6624
9.9311 -2.3468 5.7911
7.1718 -0.5744 8.4976
12.2281 -3.3768 5.8642
12.2365 -3.0544 6.5080
12.3487 -2.9536 6.7725
8.6026 -3.0220 4.4735
11.0878 -2.9166 6.1176
6.1233 -2.7011 3.6776
12.2445 -3.2039 6.2164
7.0712 -2.8506 3.9286
7.1303 -2.9531 3.7596
11.5959 -3.0438 6.1590
8.4181 -3.1044 4.2035
9.7268 -3.0329 5.1010
8.4846 -1.6912 5.9738
8.8563 -3.3888 3.8931
9.7338 -2.9885 5.1931
1.7000 -1.1210 4.2543
10.1737 -1.0616 9.2657
4.8168 -1.2346 5.8290
10.0046 -3.1867 4.9567
12.2891 -1.7038 9.2149
12.6768 -3.0002 6.8697
10.7691 -1.7498 7.4002
9.7761 -0.9996 9.1589
8.3478 -3.2035 3.9666
14.1959 -1.1216 11.4697
5.7398 -2.4596 3.9346
11.8529 -3.3038 5.7922
12.0272 -3.4070 5.6883
9.9591 -0.2449 5.5580
11.3874 -1.2350 9.6231
8.0972 -1.9327 5.2287
12.8280 -2.4170 8.1127
9.5739 -3.1423 4.7960
6.0800 -2.6332 3.7870
4.3401 -1.7811 4.4708
7.2443 -3.1512 3.4329
8.3974 -2.0536 5.1962
10.7890 -3.1782 5.4267
8.6416 -2.9289 4.6805
9.9579 -3.3704 4.5658
8.3809 -1.5927 6.0964
8.3258 -3.2118 3.9374
4.2020 -1.7427 4.4670
6.7412 -2.5407 4.3521
9.5937 -2.1687 5.6253
8.1890 -3.0540 4.1711
11.0450 -3.3641 5.2060
9.7510 -1.4591 7.2766
9.2678 -3.3703 4.1674
11.7703 -3.3178 5.7167
12.7479 -2.9168 7.0761
9.0123 -0.5745 9.5604
9.4576 -3.3703 4.2770
6.7729 -2.6333 4.1871
7.3531 -2.9163 3.9613
7.9875 -2.8907 4.3783
8.9623 -2.8370 5.0478
7.3199 -2.8369 4.0995
10.4890 -3.2820 5.0476
8.3363 -3.3702 3.6296
10.6616 -1.4186 7.8675
1.3243 -0.7989 4.6754
9.0123 -2.9885 4.7765
11.3266 -2.9414 6.2064
8.4251 -3.4067 3.6086
9.7261 -3.1045 4.9587
11.6119 -2.6682 6.9125
8.2299 -2.9289 4.4428
10.1473 -2.1092 6.2798
4.5765 -1.3407 5.4802
9.2740 -2.1314 5.4238
9.9077 -2.5295 5.7661
8.9953 -1.5199 6.5592
10.5189 -3.3512 4.9278
10.7041 -3.0646 5.6027
11.4114 -3.1332 5.8752
12.0238 -2.9040 6.6832
8.8523 -2.8508 4.9569
9.8424 -2.3236 5.8446
7.8169 -2.9163 4.2291
9.0533 -3.2819 4.2187
9.0625 -2.1602 5.3888
8.7117 -2.8229 4.9309
11.3247 -1.8587 7.4351
10.9607 -2.1669 6.5046
13.0696 -2.5794 7.9305
9.7729 -3.2746 4.6488
11.7486 -2.3152 6.8396
7.4489 -2.1329 4.6863
12.4534 -2.8647 7.0092
8.9891 -1.8455 6.0218
7.3137 -0.3201 9.0834
13.0524 -1.1793 10.6950
9.6445 -3.0645 4.9909
11.8857 -3.1144 6.1865
9.9448 -3.3380 4.6225
8.9474 -2.9037 4.9069
12.3518 -3.2673 6.1526
9.7500 -2.1503 6.0716
8.0664 -3.2594 3.6934
9.0579 -1.9941 5.6095
11.5154 -2.8779 6.4412
10.8084 -2.8231 6.1415
10.8013 0.8131 5.0768
10.3772 -0.9996 9.5061
10.4840 -3.1238 5.3584
10.8198 0.8645 4.8844
8.8897 -2.3030 5.0792
12.8527 -2.4602 8.0415
9.0106 -3.1952 4.3659
4.5228 -1.8547 4.4304
8.4782 -2.1973 4.9729
4.0019 -1.2346 5.3585
8.7848 -3.3702 3.8886
10.6240 -2.9166 5.8498
11.5918 -3.1047 6.0359
8.6146 -2.1973 5.0517
10.4511 -2.9771 5.6301
7.7113 -2.9997 4.0028
2.6506 -0.0302 6.9649
13.8548 -1.6632 10.1995
12.1721 -3.3315 5.9217
9.1291 -1.6626 6.1626
7.7145 -3.2963 3.4170
10.6053 -3.1046 5.4664
8.8467 -3.4008 3.8637
9.8353 -2.3320 5.7787
12.3673 -3.2364 6.2228
8.8801 -3.2892 4.1042
8.8474 -3.1692 4.3230
10.6404 -3.2894 5.1205
10.3808 0.6971 5.4826
12.6336 -1.7817 9.2595
10.9473 0.8703 4.9259
12.1502 -2.6683 7.2233
10.9294 0.8581 4.9805
11.4602 -3.4070 5.3609
10.6781 -3.2202 5.2793
11.2287 -2.9535 6.1259
12.3117 -3.2521 6.1596
5.7305 -2.3000 4.2455
13.5640 -1.4878 10.3791
10.8385 -2.8645 6.0768
10.4916 -3.1953 5.2210
9.4290 -2.9413 5.1108
7.8039 -2.2578 4.6647
10.0041 -3.3036 4.7248
6.1274 -2.1128 4.8456
6.9238 -2.7792 3.9851
5.2712 -2.1415 4.2944
8.7548 -1.4436 6.5338
13.6884 -0.7275 11.9577
11.9304 -2.5978 7.2361
10.7170 -3.3704 5.0041
9.2275 -2.2679 5.1854
4.5592 -2.0531 4.0583
8.7684 -3.3175 3.9836
9.0373 -2.9164 4.9337
10.6052 -2.0294 6.7730
11.5762 -3.3768 5.4878
9.9136 -3.0111 5.2522
8.1063 -2.3616 4.6223
13.6903 -1.3412 10.7427
7.8380 -3.0946 3.8880
8.6325 -3.1044 4.3273
10.8402 0.9899 4.8405
10.0699 -3.2202 4.9282
10.1529 -3.3313 4.7559
10.3644 -1.7169 7.2226
8.2128 -3.0435 4.2057
10.6189 -3.1515 5.3813
12.5464 -1.9249 8.9252
5.9185 -1.7428 5.4582
10.6325 -3.0437 5.6028
9.4748 -3.3703 4.2870
7.4018 -3.0327 3.7587
10.3995 -3.0748 5.4065
10.8855 -3.3314 5.1789
11.1871 -3.3447 5.3265
10.0745 -0.0445 5.2746
13.9310 -1.0618 11.4353
7.2878 -1.3832 6.0736
8.0258 -3.3702 3.4504
7.6243 -0.7992 8.3133
8.6350 -2.9998 4.5362
8.3812 -1.3184 6.4431
7.5074 -2.5151 4.3485
12.0552 -0.8687 10.7346
9.5516 -3.3889 4.2945
11.9807 -3.2822 5.9088
11.4083 -2.3295 6.5236
3.5545 -0.4083 6.7375
9.4011 -0.1314 10.6629
7.3642 -2.0183 4.8591
13.1357 -1.8906 9.3336
9.9024 -2.1858 6.0533
11.1947 -3.1782 5.6609
10.1262 -3.2441 4.9133
11.4397 -2.9654 6.2241
9.0133 -2.8777 4.9965
8.8082 -3.1330 4.3722
13.9868 -1.5337 10.5323
8.8615 -3.2892 4.0935
12.0631 -2.0227 8.4523
4.7169 -1.7428 4.7644
12.0553 -2.6851 7.1352
11.0697 -2.7645 6.4086
12.0253 -3.2284 6.0411
11.8659 -3.3108 5.7857
7.4289 -0.6523 8.4916
12.4853 -1.7433 9.2499
10.6221 -3.3950 4.9006
11.4224 -2.8510 6.4408
12.5201 -2.5215 7.7277
8.6379 -2.8777 4.7798
11.2770 -3.3381 5.3916
10.7388 0.8819 4.9817
9.1406 -1.9788 5.7311
8.5903 -3.1951 4.1232
11.4842 -1.8189 8.5218
11.5724 -2.4993 6.6599
12.3554 -3.2967 6.0964
13.3964 -2.3720 8.5301
7.8041 -2.8086 4.4352
12.6171 -2.1133 8.5928
12.5307 -2.7797 7.2223
13.0207 -0.6526 11.7205
10.1689 -3.3036 4.8199
9.2645 -2.0615 5.6080
8.4124 -3.3510 3.7116
13.4635 -2.0839 9.1398
8.8853 -2.8370 5.0033
9.2644 -3.1604 4.5814
7.7939 -3.2199 3.6141
10.5027 -1.8374 7.0524
12.2870 -3.3247 6.0014
8.6212 -2.6210 5.0856
8.2315 -3.3764 3.5567
9.7890 -3.3889 4.4316
12.5388 -2.9772 6.8354
9.9073 -3.0330 5.2053
8.0098 -2.3880 4.5574
12.1844 -3.1607 6.2673
12.5337 -2.6160 7.5485
10.5324 -3.0111 5.6095
11.4982 -1.9583 8.2536
8.1909 -3.3105 3.6640
10.5099 -2.9413 5.7348
9.0545 -2.8908 4.9944
8.1161 -3.3311 3.5799
10.5913 -0.2225 5.8962
9.0695 -3.4126 3.9691
7.7080 -2.7012 4.5925
11.3893 -2.9771 6.1718
8.7461 -3.4008 3.8057
5.7797 -2.4383 3.9999
10.1647 -3.2441 4.9355
5.9295 -2.4596 4.0441
9.4224 -3.2201 4.5543
14.3820 -0.2281 13.3479
7.2562 -2.0323 4.7129
10.3709 -2.1038 6.5115
7.4018 -2.9768 3.8696
10.1121 -2.3605 5.9304
-0.4746 -0.4082 4.4109
12.9702 -2.5605 7.9105
9.9687 -1.6517 7.1337
9.6412 -3.3511 4.4210
7.8934 -3.2360 3.6397
10.4859 -2.9413 5.7210
9.4064 -2.3707 5.3947
9.3142 -3.3888 4.1574
8.4798 -0.4085 9.5816
9.1646 -2.6848 5.4662
7.2239 -2.8507 4.0167
10.1279 -2.8088 5.7769
5.6949 -0.2278 8.3315
9.5042 -2.0347 6.0192
11.0378 -2.9654 5.9920
8.4083 -1.5705 5.9397
2.5229 0.0757 7.1008
10.6618 -2.8645 5.9748
7.4773 -1.4595 3.9088
8.6296 -3.3702 3.7989
8.1316 -3.3510 3.5495
11.8022 -2.2516 6.8677
10.4291 -1.6847 7.3283
10.9797 0.8927 4.8266
9.8632 -2.2646 6.0629
13.1677 -0.4934 12.1209
8.1335 -1.9668 5.2425
13.8526 -1.6213 10.2812
10.7392 -2.1113 6.7506
4.9437 -2.2235 3.9427
4.9343 -1.8548 4.6680
8.5648 -3.3948 3.7128
13.8666 -1.8907 9.7556
10.8010 -3.2519 5.2875
9.0210 -2.1193 5.4400
11.0345 -3.0949 5.7335
8.5939 -3.0947 4.3244
10.5878 0.7804 5.1830
12.1623 -2.3947 7.7725
11.8020 -3.0749 6.2163
14.2214 -1.4879 10.7587
14.2249 -1.4405 10.8545
12.2161 -2.1700 8.2488
9.6155 -1.8293 6.3030
9.6666 -2.7176 5.6913
13.6410 -1.3412 10.7142
6.8999 -2.8228 3.8849
11.0136 -3.0222 5.8655
11.9979 -1.5409 6.5188
2.3797 0.0757 7.0181
10.9248 -3.3829 5.0995
10.4254 0.3589 5.5110
11.7547 -2.1419 8.0380
12.3639 -3.1048 6.4817
10.9628 -2.7795 6.3170
11.9917 -3.0223 6.4302
2.9245 -1.5775 4.0567
5.2926 -1.9579 4.6706
10.2327 -3.2893 4.8852
5.3606 -1.7428 5.1361
8.9563 -2.0347 5.5738
10.0951 -3.1424 5.0969
10.7748 -2.7645 6.2383
9.3968 -2.8087 5.3548
8.3793 -3.3948 3.6057
12.3772 -3.1333 6.4328
2.4895 -0.7270 5.4910
8.0167 -2.2205 4.8677
2.3326 -1.1210 4.6195
8.5883 -3.3827 3.7505
8.7192 -3.3379 3.9149
7.5988 -2.8229 4.2883
10.0039 -3.3640 4.6050
9.6234 -3.1693 4.7711
11.6910 -3.3578 5.5917
11.4733 -3.2442 5.6910
9.9619 -3.3176 4.6727
10.5391 -3.3577 4.9266
11.4989 -3.0647 6.0615
7.3148 -2.0681 4.1937
11.5569 -1.6631 8.8727
8.0840 -2.9411 4.3342
9.2586 -2.9998 4.8962
8.6287 -3.4008 3.7379
6.0033 -2.4383 4.1290
7.5101 -2.5688 4.3999
5.8173 -2.2496 4.3954
11.7315 -1.2889 9.7149
9.3036 -2.1612 5.4360
8.9092 -3.3445 4.0114
12.1399 -3.3951 5.7769
6.1232 -2.5599 3.9572
14.5459 -1.2352 11.4469
7.3387 -3.1329 3.5238
8.6224 -3.3827 3.7702
10.9802 -1.2889 9.2811
8.0301 -3.1866 3.8167
9.3719 -3.2964 4.3739
5.4094 -1.7033 5.2425
12.1299 -3.2822 5.9950
6.5624 -2.8506 3.6348
10.3013 -3.3107 4.8824
9.7217 -2.7176 5.7231
10.7082 -0.0942 5.5686
6.0156 -2.1969 4.6145
8.9044 -1.4075 6.7206
11.9993 -3.2364 6.0103
11.0792 -3.3705 5.2133
9.0702 -1.5410 6.7937
11.7628 -2.3248 7.6802
9.2124 -3.3888 4.0987
12.2828 -1.6212 9.3748
10.9940 0.8791 4.9433
14.6773 -0.7996 12.3860
10.6214 0.0056 5.5161
10.6627 -3.1605 5.3887
10.3748 -3.1605 5.2225
11.9283 -3.1144 6.2111
6.0411 -2.6507 3.7300
11.6545 -3.3891 5.5086
4.0556 -1.0613 5.7330
9.2850 -3.0221 4.8674
12.0601 -1.2828 6.4098
11.3719 -3.0438 6.0297
7.4240 -2.1988 4.4618
11.9849 -3.0950 6.2823
6.9067 -2.6155 4.2996
12.1148 -3.4187 5.7158
12.0272 -2.6851 7.1190
8.4671 -3.2035 4.0355
12.7661 -0.4087 12.0568
9.0993 -2.2156 5.2946
4.7049 -1.1211 5.9893
9.3614 -2.9885 4.9781
9.1633 -3.3379 4.1712
11.0943 -3.3950 5.1732
10.1970 -3.3176 4.8084
11.1141 -2.8910 6.1835
9.8691 -2.2927 5.8640
10.4996 -0.0451 5.5183
12.5824 -2.8090 7.1940
11.0490 -3.2672 5.4004
12.0251 -2.8232 6.8440
7.7217 -1.4327 5.8197
10.9829 -1.0993 8.4060
8.6565 -3.3827 3.7899
7.3498 -2.0135 4.8324
12.5350 -2.5412 7.6974
12.9111 -1.0618 10.8464
6.7572 -0.7992 7.8126
12.4227 -3.0001 6.7230
8.8452 -2.8644 4.9259
14.9306 -0.9356 12.2627
7.3549 -2.9768 3.8425
8.7818 -3.3244 3.9777
8.3026 -2.9289 4.4847
10.3776 -1.2992 8.0719
12.5229 -2.2501 8.2672
9.8267 -3.2119 4.8040
13.0508 -2.5412 7.9952
10.3829 -2.7176 6.1048
10.2346 -0.0490 5.3538
10.7954 -3.4185 4.9540
12.2417 -3.2822 6.0595
9.5720 -2.9653 5.1457
10.9651 0.8906 4.8162
11.9658 -1.3411 9.7469
12.9673 -2.3720 8.2824
4.4500 -0.4084 7.2546
6.3334 -2.7173 3.7668
10.4032 -3.2965 4.9693
10.9485 -3.1047 5.6645
8.1592 -3.4007 3.4668
13.5010 -2.0839 9.1615
8.3369 -3.1692 4.0283
9.4918 -3.3312 4.3742
8.7729 -3.0435 4.5291
9.4230 -2.0330 5.6024
8.8415 -2.2848 5.0054
5.5132 -2.4805 3.7623
11.0263 -3.4186 5.0874
8.3233 -3.4125 3.5382
10.8372 -3.2363 5.3394
13.0663 -2.3720 8.3396
12.3619 -3.0851 6.5196
10.4807 -2.1372 6.4502
8.2107 -1.3555 6.2298
13.7058 -0.9355 11.5555
11.2290 -3.2121 5.6136
6.6929 -2.8228 3.7653
12.5084 -1.1216 10.4953
10.6370 -3.3890 4.9212
8.8965 -3.1866 4.3169
10.2463 -2.0343 6.4459
4.4817 -1.8547 4.4067
8.1793 -3.2669 3.7435
10.3025 -3.2820 4.9399
10.9517 -1.7582 7.3147
8.6590 -2.4843 5.0135
10.1375 -3.3107 4.7878
7.6019 -3.0219 3.8957
9.3096 -3.2518 4.4264
9.1047 -1.5642 6.6303
5.1017 -1.7812 4.9105
10.9618 -2.5765 6.4087
9.9728 -3.2671 4.7791
7.6677 -2.9036 4.1681
3.7337 -1.0613 5.5471
9.3440 -3.4184 4.1161
7.3563 -1.9311 5.1194
8.6408 -2.2491 4.9533
3.7478 -1.7811 4.1288
11.9627 -3.3038 5.8556
11.2831 -2.9166 6.2304
7.4555 -2.2301 4.4767
8.0333 -3.0540 4.0812
5.5769 -1.9245 4.9010
14.1457 -1.0618 11.5593
6.7962 -2.7488 3.9716
10.3911 0.0403 5.3427
14.8347 -0.8689 12.3396
0.3209 -0.3198 5.0453
6.8111 -2.9410 3.5992
6.4694 -0.9352 7.3769
10.3791 -3.1694 5.2074
12.2447 -1.1215 10.3431
9.8810 -3.2282 4.8031
9.7348 -1.2979 7.6763
1.4355 0.1867 6.6929
4.8184 -1.9579 4.3967
9.6899 -3.1331 4.8813
9.9788 -3.2519 4.8128
12.6474 -2.6512 7.5443
9.6310 -3.1952 4.7241
6.6389 -2.6846 4.0079
10.9275 -3.1143 5.6333
11.0837 -2.9887 5.9725
12.2275 -2.7944 7.0179
13.0642 -2.4388 8.2058
10.2883 -3.2893 4.9173
10.7308 -2.8231 6.0967
9.8603 -1.5817 7.2124
10.3047 0.0232 5.3811
9.8448 -3.0111 5.2125
10.8016 -2.7645 6.2538
10.2516 -3.0437 5.3828
10.0275 -3.0437 5.2535
8.9583 -2.9998 4.7228
12.8153 -2.3947 8.1495
9.0300 -3.2201 4.3278
10.2857 -3.2202 5.0528
4.1044 -0.5742 6.7263
8.5117 -3.3639 3.7435
10.7357 -3.3767 5.0025
11.3585 -2.4000 6.5186
10.9926 -3.3108 5.2815
6.2232 -2.7173 3.7032
9.2850 -3.2201 4.4750
12.2285 -3.0113 6.5887
10.7389 -2.2830 6.3396
6.4391 -2.5788 4.1022
10.8178 -0.0972 5.6228
12.0340 -2.8090 6.8774
13.9844 -0.9998 11.5890
9.8977 -3.1046 5.0578
10.9528 -3.2202 5.4379
12.5603 -3.0223 6.7585
14.8914 -0.8689 12.3723
6.4630 -0.8532 5.6879
14.8775 -0.4088 13.2760
11.2518 -3.3705 5.3129
10.9930 -3.3704 5.1635
10.0522 -0.7994 9.7153
2.7231 -0.4083 6.2574
9.8970 -3.3949 4.4820
11.2225 -3.1332 5.7661
9.7229 -3.1237 4.9189
10.1950 -2.3757 5.8619
11.1828 -3.3705 5.2730
9.9926 -3.4068 4.5136
8.7705 -1.1962 7.0584
7.9590 -2.7333 4.6739
9.7071 -2.5746 5.6804
9.4777 -2.2722 5.3408
8.4303 -3.1330 4.1540
11.7249 -0.1315 12.0048
11.0102 -3.3705 5.1734
12.3355 -2.9415 6.7889
7.8859 -2.3663 4.5065
11.5679 -2.3661 6.6311
9.5727 -3.3244 4.4343
8.9951 -2.2104 5.0552
5.2748 -1.7428 5.0865
11.3804 -2.2634 6.4929
1.6833 -0.9349 4.6133
11.5172 -2.0536 8.0758
11.3190 -2.9771 6.1312
10.0131 -2.9886 5.3543
10.0382 -2.9165 5.5116
8.5366 -3.3105 3.8635
8.6020 -2.3042 4.8411
9.7679 -3.0542 5.0827
11.3969 -2.8510 6.4261
9.3099 -3.3640 4.2043
10.3692 -3.3950 4.7546
10.8026 -3.1332 5.5237
11.0292 -3.3037 5.3166
13.2250 -2.5216 8.1347
7.9663 -3.0435 4.0634
7.1822 -2.9163 3.8626
8.7436 -2.6848 5.2231
6.5411 -2.6678 3.9847
9.1604 -3.3576 4.1306
11.8771 -1.8905 8.6068
12.5458 -3.1144 6.5676
8.3475 -2.7013 4.9617
7.5483 -1.3055 3.7799
9.0181 -3.1330 4.4934
8.6697 -2.5751 5.0828
7.0512 -2.9410 3.7379
7.2825 -3.0643 3.6272
5.2193 -1.8901 4.7626
3.1624 -1.6625 4.0256
3.1561 -0.2277 6.8654
2.9701 -1.5775 4.0830
7.9133 -3.2439 3.6356
7.9245 -1.7461 5.4986
9.5064 -2.2535 5.4648
7.0279 -2.9036 3.7987
5.9927 -2.4596 4.0806
10.6717 -3.1953 5.3250
7.5031 -3.1235 3.6373
10.5717 -2.9039 5.8448
8.1815 -2.9289 4.4148
13.7261 -1.1794 11.0840
11.6814 -1.2889 9.6860
10.5907 -3.4010 4.8706
11.7278 -2.8510 6.6171
12.7280 -2.7945 7.3069
3.1362 -1.2345 4.8586
11.9949 -1.7639 6.6528
6.2680 -0.3201 8.4795
11.0614 -2.9654 6.0057
8.8464 -3.0329 4.5927
10.3492 -2.2523 6.1183
13.0002 -2.5605 7.9278
13.8598 -0.5747 12.3596
6.6057 -2.5211 4.3129
11.0687 -2.2511 6.3601
11.0896 -3.2283 5.5009
13.3562 -1.9585 9.3264
11.1496 -2.4492 6.4414
8.0342 -0.1314 9.8736
2.0192 -0.4929 5.6831
9.1402 -3.2282 4.3754
8.9256 -3.3244 4.0607
11.1520 -3.1954 5.6023
9.4428 -1.1042 7.7885
4.7359 0.1866 8.5988
9.8434 -2.3533 5.6049
12.0148 -2.9887 6.5100
0.9147 -0.5741 4.8845
6.0930 -2.7487 3.5655
7.8663 -3.1603 3.7742
10.8209 -1.3760 8.0140
10.8904 -3.1782 5.4852
10.3473 -1.9974 6.6431
12.2053 -3.0648 6.4694
4.7490 -1.6208 5.0247
9.2159 -2.1787 5.3456
13.6178 -1.8553 9.6819
10.9464 0.8654 4.9585
7.6927 -1.5094 6.1331
13.3416 -2.3006 8.6401
10.0174 -3.2282 4.8819
10.2514 -2.1909 6.2706
9.2339 -2.2100 5.2724
8.2355 -3.3575 3.5966
6.2962 -0.2278 8.6787
8.9059 -3.3035 4.0907
10.1273 -3.0948 5.2098
9.9167 -3.1781 4.9231
11.0814 -2.0112 6.9769
8.1496 -2.0160 4.9212
11.3694 -3.1332 5.8510
9.2939 -3.1514 4.6162
9.7988 -2.7491 5.7052
10.8765 -3.4069 5.0239
5.4793 -2.1968 4.3048
10.8751 0.8347 5.0511
9.1150 -3.4008 4.0186
6.4082 -2.8228 3.6009
8.1240 -1.7251 5.7245
8.0090 -3.3174 3.5451
9.8388 -3.4184 4.4018
9.4142 -3.2440 4.5022
10.6948 -2.9039 5.9158
9.7991 -3.2441 4.7244
15.7701 0.0752 14.7507
4.7524 -2.0833 4.1100
9.2079 -2.9770 4.9123
12.3354 -3.0439 6.5859
13.2215 -2.2502 8.6706
2.1309 -0.8682 5.0039
12.3787 -1.1793 10.3060
10.1258 -2.0682 6.5036
9.6193 -2.9653 5.1730
8.6612 -3.1330 4.2873
5.0714 -1.2346 5.9761
11.9561 -3.2895 5.8802
10.1740 -2.1753 6.1772
12.7711 -2.8511 7.2195
8.0734 -2.3090 4.7022
10.2926 -3.1605 5.1750
9.7882 -2.2943 5.6537
11.7611 -3.3314 5.6844
13.1121 -0.2281 12.6147
7.6553 -3.0540 3.8630
9.7258 -3.4068 4.3596
7.2654 -3.1140 3.5189
2.7543 -1.1210 4.8631
12.0423 -3.2967 5.9156
12.0776 -2.5978 7.3211
11.6277 -3.3768 5.5175
8.7349 -3.1514 4.2935
9.4733 -2.6849 5.6444
6.5484 -2.3482 4.6224
9.6082 -2.5319 5.5984
9.8086 -2.2976 5.8423
8.6575 -2.8908 4.7651
8.9183 -3.2119 4.2795
8.8275 -2.2479 5.0581
2.4067 -0.9350 5.0310
3.8869 -1.3406 5.0820
9.1689 -2.9038 5.0348
7.5105 -3.0846 3.7186
11.5517 -2.9167 6.3854
7.6297 -3.1950 3.5686
13.4049 -1.1216 11.0130
6.7782 -2.5973 4.2613
11.3938 -3.2520 5.6297
6.3437 -2.5010 4.2013
7.6932 -1.8921 5.3128
10.2236 -0.4933 10.4208
12.8432 -2.5978 7.7631
9.7214 -0.9996 9.1274
10.2413 -3.1781 5.1105
10.1822 -3.3704 4.6953
10.8582 1.0062 4.8159
12.8024 -2.2502 8.4285
10.6313 -3.2596 5.1743
12.7126 -2.2756 8.3262
8.6989 -2.3982 4.9792
10.7106 0.7948 5.0515
8.1403 -3.0946 4.0626
9.0220 -3.2964 4.1718
9.6016 -3.1867 4.7240
10.8908 -1.8903 6.9738
7.7887 -3.0540 3.9400
9.5578 -1.7183 6.7662
13.6780 -1.6632 10.0974
9.9575 -2.9413 5.4159
9.9072 -2.9038 5.4611
13.1631 -2.0839 8.9663
10.2020 -3.2120 5.0207
11.6486 -3.0749 6.1278
10.9011 -3.3037 5.2426
8.5556 -0.3202 9.8005
12.0155 -2.9167 6.6532
11.8350 -2.9772 6.4291
9.1159 -2.3520 5.1817
1.0536 -0.8682 4.3818
12.3329 -3.2673 6.1417
10.5678 -2.6850 6.2763
10.0831 -2.0446 6.2600
8.2418 -1.6580 5.8847
9.7739 -3.1331 4.9297
9.0529 -3.4126 3.9595
10.4631 -3.3447 4.9085
7.7540 -2.8229 4.3780
9.2488 -2.6848 5.5148
11.7396 -2.7015 6.9203
11.0679 -2.2956 6.3176
13.2478 -2.3249 8.5376
11.5930 -3.3108 5.6282
7.4847 -1.8939 5.2007
13.1886 -2.5794 7.9992
11.0656 -2.8646 6.2079
6.5450 -0.6233 5.5440
7.6725 -1.9091 5.2017
10.6953 -2.3576 6.1815
12.0909 -3.2203 6.0950
8.0092 -3.2818 3.6159
8.4580 -3.2281 3.9815
7.6427 -1.1024 6.6558
11.9818 -2.8089 6.8473
10.2402 -0.8686 9.6866
11.1051 -0.5805 8.1295
7.4444 -2.9651 3.9174
9.5245 -1.5759 6.6258
7.3547 -1.5855 5.7988
8.0068 -2.5337 4.6781
11.7363 -3.0749 6.1784
2.7080 -0.4930 6.0809
13.3343 -1.7038 9.8184
7.0972 -3.0846 3.4800
8.4230 -2.7333 4.9418
7.0227 -2.6679 4.2628
12.1104 -2.9536 6.6349
13.0003 -2.3006 8.4430
10.6434 0.8476 5.1043
9.4836 -3.3766 4.2796
9.5987 -2.5738 5.6161
10.3872 -0.7274 10.0514
1.7907 -0.8682 4.8075
8.9527 -2.2374 5.1846
8.3598 -3.3510 3.6812
12.2019 -1.8906 8.7944
11.1714 -3.3314 5.3439
13.4597 -2.2241 8.8598
8.7376 -2.8230 4.9459
10.8060 -3.2821 5.2306
0.2152 -0.6520 4.3261
3.8683 -1.2885 5.1746
12.1729 -3.3642 5.8572
11.0965 -3.3705 5.2232
8.5943 -3.1866 4.1424
13.1368 -2.3006 8.5218
10.3265 -1.8417 6.9730
9.4603 -2.7334 5.5407
7.4735 -3.0434 3.7789
9.0037 -3.2518 4.2498
4.3007 -1.6207 4.7658
10.8824 -3.0849 5.6654
11.1311 -3.2038 5.5736
10.5593 -3.0948 5.4592
10.7228 -3.2442 5.2577
8.1175 -3.3174 3.6078
6.0453 -1.8548 5.3095
10.3653 -3.2596 5.0207
10.8992 0.8589 4.9244
11.4024 -2.0930 6.9492
10.3860 -3.3950 4.7643
6.1354 -0.9351 7.1841
9.1301 -3.3175 4.1924
6.4721 -2.7792 3.7243
10.5636 -3.2820 5.0907
9.3676 -3.0541 4.8516
8.2978 -2.9532 4.4336
0.2167 -0.2276 5.1680
12.1252 -3.3768 5.8047
7.9197 -3.0109 4.1010
7.6578 -3.0643 3.8439
10.8786 -2.2741 6.3959
11.3055 -2.7944 6.4856
10.6702 0.9055 5.0627
10.2557 0.0754 11.5663
10.2121 -3.3640 4.7252
8.0766 -3.0746 4.0654
10.9432 -3.4069 5.0624
10.5820 0.2446 5.4664
7.5387 -2.2047 4.6437
10.1939 0.0489 5.3173
8.8678 -1.3552 6.6044
15.4231 -0.4935 13.4232
7.2741 -2.0632 4.5818
7.7290 -2.2434 4.6726
12.3042 -3.2039 6.2508
10.3553 -1.8090 7.0301
10.9805 0.9028 4.7579
12.3689 -2.7493 7.1891
10.7483 -3.0646 5.6282
12.3539 -2.0537 8.5589
12.0596 -3.3178 5.8838
10.8021 0.9555 4.8926
13.6231 -2.1421 9.1168
10.2062 -2.8088 5.8221
8.0847 -2.9288 4.3589
9.4163 -0.7993 9.3481
10.1195 -1.9645 6.5289
12.3424 -3.1048 6.4693
9.8425 -3.4068 4.4270
11.2207 -2.8372 6.3517
12.2100 -3.0332 6.5347
9.7925 -3.4068 4.3981
7.4808 -2.6847 4.4940
8.8231 -2.1253 5.1448
7.6845 -3.2516 3.4881
11.6784 -3.0112 6.2711
12.2042 -3.3514 5.9008
12.4542 -2.8911 6.9572
12.6561 -2.9773 6.9032
7.4961 -2.3543 4.2524
6.2241 -0.9994 7.1079
8.6236 -3.1236 4.2842
12.2265 -3.2967 6.0220
10.7501 -2.9414 5.8735
11.3820 -3.2284 5.6697
11.9760 -0.2280 11.9586
4.0431 -0.5742 6.6909
1.2654 -1.0611 4.1218
11.5266 -3.2966 5.6179
8.1144 -2.8507 4.5309
8.6698 -3.3888 3.7854
11.5737 -3.4128 5.4149
9.0588 -3.1604 4.4627
9.2720 -3.3036 4.3021
10.8645 0.8467 4.9509
11.4155 -1.9516 7.3818
4.6486 -2.1414 3.9349
8.8969 -3.3379 4.0174
12.6395 -2.7493 7.3453
4.9701 -1.2885 5.8107
4.3770 -2.0833 3.8933
6.7350 -2.7011 4.0307
6.7226 -2.7940 3.8396
8.5416 -3.3378 3.8123
10.0907 0.1864 11.6910
2.4801 -0.7990 5.3429
7.4726 -2.0938 4.8037
8.4228 -2.5759 4.9420
13.2684 -1.7817 9.6260
11.4058 -2.2193 6.7257
10.3477 -1.8929 6.8482
11.9006 -3.1239 6.1762
11.8416 -2.9655 6.4561
11.1653 -3.0850 5.8287
10.2298 -3.0849 5.2886
9.4396 -3.1693 4.6650
6.9461 -2.6333 4.2871
6.2863 -2.2236 4.7179
8.3141 -2.9884 4.3734
11.6080 -3.2442 5.7688
11.6796 -3.1425 6.0117
11.7719 -3.2284 5.8948
12.3446 -3.1239 6.4326
5.5515 -1.8548 5.0244
0.5449 -0.7269 4.3681
7.3888 -3.1043 3.6093
6.0222 -2.6332 3.7537
7.7420 -2.2601 4.6355
11.0986 -3.1047 5.7511
12.1791 -3.3247 5.9392
7.8838 -2.0890 5.0241
9.2928 -3.3176 4.2864
8.2301 -3.1951 3.9153
14.0859 -1.2891 11.0744
7.0959 -1.8444 4.9239
12.4844 -1.5781 9.5767
3.3565 -0.2277 6.9811
4.8901 -1.7812 4.7884
7.7173 -3.2280 3.5539
11.9858 -3.1783 6.1177
1.2343 0.0757 6.3567
11.3304 -3.3951 5.3095
8.2198 -3.2517 3.7972
7.3685 -2.6847 4.4292
8.2976 -2.8229 4.6918
12.6226 -2.7945 7.2461
8.9045 -3.2036 4.2880
8.2435 -2.0678 5.2823
8.1409 -3.4125 3.4329
9.2026 -3.2440 4.3800
7.6541 -1.9325 5.2972
7.3605 -1.7980 4.0008
10.9096 -2.7795 6.2863
9.1852 -3.3827 4.0951
7.1403 -2.8369 3.9958
11.5645 -3.3314 5.5709
10.5168 -1.6661 7.2522
6.3420 -1.9906 5.2119
11.7216 -2.8646 6.5867
3.5154 -1.7427 4.0706
8.6529 -3.2281 4.0941
10.7816 0.9213 4.9229
4.5021 -2.1414 3.8503
9.1226 -2.7490 5.3147
11.2033 -2.9654 6.0876
11.1435 -3.0850 5.8162
13.5619 -0.6526 12.0331
9.4406 -2.9290 5.1418
14.8192 -0.9356 12.1984
9.4442 -3.0221 4.9594
7.8644 -3.1422 3.8090
7.2748 -2.8507 4.0461
12.1028 -0.4934 11.5059
12.6865 -1.6213 9.6079
10.6022 -3.2283 5.2195
3.5765 -1.8547 3.8840
7.2882 -2.0908 4.1550
5.5248 -1.7812 5.1548
9.5576 -2.3527 5.4383
8.8638 -3.3575 3.9594
9.9766 -1.2522 7.9045
9.9870 -3.4009 4.5221
12.5075 -1.4404 9.8629
8.6919 -3.3244 3.9258
14.2674 -0.8689 12.0120
12.7129 -2.7016 7.4822
6.4436 -2.7173 3.8304
10.8805 0.8489 4.9626
13.5206 -1.9911 9.3568
9.0538 -3.1141 4.5515
11.3424 -2.9771 6.1447
5.9129 -1.9905 4.9642
10.1393 0.0616 5.3195
7.6804 -3.2360 3.5168
7.7888 -1.9695 5.2047
4.3311 -2.0531 3.9265
5.1503 -0.4931 7.4912
11.5047 -3.3829 5.4343
10.7982 -2.5741 6.3092
3.0343 -1.2345 4.7998
9.1184 -2.1701 5.1787
8.5703 -3.1951 4.1117
8.6079 -2.8908 4.7365
11.8992 -1.7873 6.6920
1.4977 -0.7989 4.7755
10.9370 0.8909 4.7679
8.7416 -3.3575 3.8888
8.9306 -3.4008 3.9121
10.6259 -2.2895 6.2919
8.5955 -0.8686 8.7368
10.7329 0.8039 5.0261
4.2452 -1.8900 4.2001
9.0842 -1.6023 6.5767
12.1745 -3.2748 6.0353
11.1917 -2.8646 6.2808
13.2319 -0.7995 11.5514
8.5313 -3.2819 3.9173
8.7360 -3.2517 4.0952
7.2922 -1.7788 5.3212
12.6718 -1.4878 9.8639
9.1364 -3.3639 4.1041
7.3115 -1.8950 5.1063
8.4658 -1.9940 5.4007
10.6239 -2.6850 6.3088
12.1323 -3.2597 6.0409
7.7940 -1.9952 5.1608
12.1263 -0.4087 11.6873
8.3662 -3.3311 3.7243
12.0772 -3.4070 5.7172
11.9104 -2.9292 6.5678
7.8281 -3.3174 3.4407
13.1920 -2.4388 8.2796
6.0132 -2.5407 3.9318
9.3183 -3.4126 4.1127
6.6533 -2.5010 4.3800
9.5648 -2.8509 5.3683
7.5029 -1.3176 3.8639
8.9030 -1.9069 5.5855
4.6825 -0.8684 6.4773
9.7707 -1.4970 7.2090
9.1123 -0.6524 9.4637
5.7803 -1.6208 5.6202
8.2315 -3.2891 3.7298
10.2689 -3.3446 4.7964
13.4904 -0.0306 13.2245
3.0550 -0.9993 5.2780
10.8107 -3.3107 5.1765
9.2031 -3.0110 4.8420
7.8782 -2.7489 4.5963
8.7505 -2.9533 4.6950
10.4487 -2.9039 5.7737
12.2556 -2.8911 6.8426
8.4490 -2.8370 4.7514
12.1763 -3.1695 6.2450
8.0964 -3.1044 4.0178
9.5309 -3.1952 4.6663
2.8220 -0.2277 6.6725
12.1123 -2.8090 6.9226
11.5489 -3.1047 6.0112
8.3943 -2.8508 4.6925
13.4035 -1.9911 9.2892
10.4984 -3.3447 4.9289
8.3124 -1.9445 5.4021
14.4295 -0.9356 11.9734
3.1117 -1.4399 4.4375
8.3095 -1.7822 5.7038
11.7930 -3.0113 6.3373
9.8667 -3.2746 4.7029
10.5320 -2.4904 6.1086
5.1788 -1.8901 4.7392
9.9146 -1.3451 7.7426
8.3726 -2.2027 4.6754
10.0821 -0.4465 5.6384
9.0797 -2.5745 5.3182
9.8677 -3.0111 5.2257
10.0242 -3.2120 4.9180
6.9750 -2.6333 4.3038
9.7644 -2.1298 6.1290
7.2118 -2.8776 3.9565
12.4154 -2.5793 7.5528
13.4377 -1.7817 9.7238
7.4459 -3.1865 3.4794
10.6896 -3.3950 4.9396
8.3907 -1.8345 5.6222
10.0871 -2.1076 6.1255
8.9515 -3.2201 4.2825
10.4175 -2.0599 6.6410
7.3719 -3.1140 3.5804
10.3377 -3.3107 4.9034
12.1464 -3.3891 5.7926
10.6806 -2.9535 5.8094
7.7582 -2.1986 4.7519
7.6247 -3.1044 3.7455
11.1135 -3.1782 5.6140
8.6604 -2.9412 4.6670
10.7145 -3.2894 5.1633
12.0941 -3.3382 5.8633
10.3119 -2.3241 5.8774
11.8969 -3.3178 5.7898
10.5460 -3.3313 4.9829
7.4191 -0.1313 9.5184
8.6643 -2.0527 5.3473
4.0291 -1.8547 4.1453
12.2051 -3.1144 6.3709
11.4849 -2.7177 6.7411
10.8684 -2.0366 6.6841
9.6189 -3.1045 4.8968
10.6957 -3.2120 5.3057
10.0145 -2.8371 5.6553
9.0635 -3.2036 4.3798
10.4392 -3.0646 5.4497
9.4054 -0.3202 10.2912
9.4382 -3.3312 4.3433
7.8095 -3.0435 3.9729
9.9458 -2.4827 5.7528
11.5198 -0.1315 11.8864
6.6864 -2.8775 3.6531
4.0016 -1.8900 4.0595
11.7981 -3.4011 5.5677
10.8521 -3.0000 5.8163
11.7845 -3.2967 5.7668
8.9580 -3.3888 3.9518
10.6192 -0.0286 5.8879
9.1707 -2.7175 5.4050
8.2524 -2.3976 4.7201
6.8371 -2.5973 4.2953
12.2352 -3.1048 6.4074
7.8562 -2.5725 4.6076
3.9805 -0.3200 7.1586
10.4603 -3.2596 5.0755
7.6564 -2.8507 4.2665
11.5360 -2.8911 6.4271
4.6145 -1.6207 4.9471
10.9063 -1.4962 7.8558
8.3421 -3.0644 4.2389
12.3168 -3.1517 6.3615
10.0557 -3.0849 5.1881
7.6693 -0.6523 8.6304
10.8395 0.9446 4.8481
8.6732 -3.0644 4.4301
10.4845 -1.7854 7.2009
7.4408 -3.2199 3.4102
7.7541 -0.9995 7.9914
10.7828 -3.0000 5.7762
11.2560 -3.0647 5.9213
2.6454 -0.4930 6.0447
8.0898 -2.8369 4.5440
9.6558 -3.2362 4.6573
10.0999 0.0294 5.2798
9.2434 -3.0436 4.8007
7.3810 -2.7940 4.2197
7.2623 -0.9995 7.7074
8.8322 -1.8910 5.7892
10.8940 -3.2202 5.4040
8.5108 -2.0767 5.2248
11.9792 -3.1869 6.0967
5.2004 -1.5776 5.3708
8.1628 -1.6598 5.8513
8.6935 -3.1514 4.2696
9.6301 -3.3703 4.3766
5.0198 -1.3407 5.7361
10.5442 -1.2022 8.2448
7.4067 -2.9288 3.9675
9.1634 -1.5482 6.9126
8.8050 -1.2008 7.2044
10.6396 -2.0221 6.7644
5.6997 -2.0532 4.7168
11.4599 -3.1143 5.9406
5.6617 -2.0532 4.6949
8.2597 -3.2439 3.8356
12.0688 -2.2501 8.0050
6.6863 -2.6333 4.1371
11.6961 -2.2415 6.9567
5.7949 -1.3912 6.0837
11.8581 -3.2967 5.8093
8.3139 -2.7333 4.8787
3.6454 -1.2346 5.1527
9.3987 -3.0221 4.9331
10.6949 0.7402 5.3147
10.4668 -2.2380 6.3331
2.7539 -1.5330 4.0463
8.4408 -3.2745 3.8797
10.2406 0.0710 5.3354
11.8819 -2.9772 6.4562
4.7939 -1.6208 5.0506
8.1364 -3.3105 3.6325
8.7504 -3.1604 4.2846
11.8904 -3.1695 6.0799
8.7298 -1.2888 6.9324
10.7086 -3.3380 5.0634
8.9042 -3.2819 4.1326
8.6602 -1.8953 5.7094
6.4985 -2.4597 4.3726
10.5952 -3.4127 4.8499
10.7789 -3.4185 4.9445
8.3627 -2.2376 4.8446
5.0208 -1.1789 6.0574
11.4120 -2.4028 6.5562
12.3817 -2.9167 6.8646
8.9885 -2.9164 4.9055
12.6811 -1.7038 9.4412
14.3670 -0.9999 11.8099
9.3528 -0.6524 9.6025
9.6002 -3.4126 4.2755
5.4507 -1.9579 4.7618
11.3393 -2.1143 6.8703
10.7923 -2.6850 6.4060
11.7569 -3.2822 5.7796
11.0251 -0.6645 8.2252
10.7718 -0.3660 5.6268
8.9527 -3.3948 3.9367
6.1954 -2.6332 3.8537
9.1523 -3.3312 4.1782
5.7959 -1.9905 4.8966
5.7766 -0.4931 7.8529
10.0224 -2.2165 6.1129
11.7520 -3.3951 5.5530
6.2381 -2.5210 4.1006
9.9979 -3.1781 4.9699
12.5682 -2.4601 7.8772
13.9059 -1.8554 9.8482
10.8087 -3.4010 4.9965
5.7126 -2.2496 4.3350
9.0761 -2.7794 5.2277
10.5789 -3.3704 4.9244
7.6722 -1.9565 5.2429
8.5280 -3.2892 3.9009
7.5154 -1.2882 3.8421
5.4112 -1.9579 4.7390
11.6975 -3.4011 5.5096
6.5860 -2.6155 4.1144
9.3360 -2.3938 5.3366
9.0123 -2.4497 5.2089
4.3473 -1.1788 5.6685
11.5863 -3.3578 5.5312
3.9626 -1.9904 3.8380
8.6986 -3.3702 3.8388
9.0189 -3.0747 4.6095
10.6531 -2.8231 6.0518
11.5351 -2.7336 6.7386
10.3886 -2.1418 6.4124
8.6280 -3.1141 4.3056
11.1486 -2.2558 6.4185
7.4541 -2.1408 4.7154
11.9018 -1.3916 9.6099
11.4881 -3.0949 5.9954
7.4367 -1.6696 3.9799
7.1849 -2.6508 4.3904
3.5567 -1.8184 3.9445
8.9305 -3.1952 4.3197
11.5197 -2.1613 6.8102
9.6038 -2.8371 5.4182
10.7950 -3.3246 5.1400
11.5085 -3.2520 5.6959
9.8190 -3.2036 4.8160
9.6395 -3.3640 4.3946
6.5708 -2.6333 4.0704
1.8530 -0.9992 4.5839
10.3249 -3.2202 5.0754
7.3931 -0.7992 8.1798
8.3684 -2.2921 4.9103
9.2420 -1.6559 6.7450
9.1873 -3.2595 4.3406
11.8458 -1.2350 9.8878
10.1142 -2.8778 5.6322
11.3653 -2.8779 6.3545
8.6194 -3.3575 3.8183
11.5470 -3.0543 6.1099
10.1445 -2.5728 5.9289
11.6741 -1.8905 8.4896
9.2922 -3.4068 4.1093
3.4266 -0.4083 6.6636
5.4567 -1.9244 4.8316
8.7041 -2.7793 5.0129
13.0008 -0.0305 12.9418
11.8742 -3.0647 6.2782
11.4070 -2.0364 6.9941
7.5884 -2.3293 4.3947
10.4064 -3.3704 4.8248
9.2439 -3.1604 4.5695
5.5582 -1.0614 6.6006
12.0199 -3.1607 6.1723
7.6906 -3.0109 3.9687
8.7561 -3.0329 4.5406
8.0927 -3.3948 3.4402
7.9883 -2.9884 4.1853
4.7697 -1.2885 5.6951
13.6916 -1.7817 9.8704
12.1932 -3.2748 6.0462
1.7354 0.0757 6.6461
11.5433 -3.2597 5.7008
9.2189 -2.8370 5.1959
11.9149 -0.4934 11.3974
8.6547 -3.1866 4.1773
8.4624 -3.3575 3.7276
11.9179 -3.3578 5.7227
6.7753 -2.7940 3.8700
10.7434 -2.7335 6.2815
11.2547 -3.3577 5.3398
5.2186 -2.3000 3.9499
8.9727 -2.9412 4.8473
9.7582 -1.3027 7.7770
6.7440 -2.6333 4.1704
12.0636 -3.1048 6.3083
7.7966 -3.2360 3.5838
10.7202 0.7513 5.2809
10.2793 -2.7335 6.0135
10.7445 -3.0437 5.6674
8.6997 -3.1780 4.2204
7.7586 -1.9939 4.9923
11.1303 -3.2121 5.5566
12.3190 -2.5015 7.6513
10.0247 -2.7176 5.8981
12.7622 -2.9041 7.1095
11.9820 -1.2890 9.8596
8.7558 -3.1141 4.3794
11.7039 -2.9040 6.4984
9.9972 -2.7644 5.7894
6.2012 -2.6678 3.7885
12.0439 -3.4070 5.6979
10.9893 -2.7795 6.3324
11.5255 -2.7645 6.6718
6.9119 -2.7173 4.1008
3.7873 -1.0613 5.5780
11.4415 -3.3705 5.4224
7.5635 -2.3994 4.3269
13.2140 -2.3249 8.5182
12.6818 -0.1315 12.5574
7.5236 -2.2358 4.5323
10.3852 -0.0669 5.4645
9.0474 -3.0947 4.5863
11.3114 -3.2747 5.5370
7.4600 -2.7940 4.2653
11.7067 -3.0001 6.3096
13.2734 -2.3006 8.6006
11.6013 -1.1792 9.8572
9.5412 -3.1867 4.6891
8.9076 -3.3244 4.0504
5.6008 -2.3942 3.9840
10.0216 -3.3446 4.6537
10.6817 -2.8372 6.0405
10.8391 0.9142 4.8532
10.3644 -2.8778 5.7766
12.5890 -1.0618 10.6604
7.7255 -2.3674 4.4165
8.9713 -2.8644 4.9988
4.4307 -1.9904 4.1083
10.1623 -1.4266 7.6762
7.2196 -0.7992 8.0797
7.2605 -3.0643 3.6145
12.1439 -3.4070 5.7557
14.1992 0.1863 14.0636
9.3467 -3.1604 4.6289
10.0357 -0.4933 10.3123
9.5616 -2.9290 5.2117
10.2304 -3.4127 4.6393
12.0768 -3.2364 6.0550
13.2454 0.1863 13.5128
15.1485 -0.5747 13.1037
3.9884 -1.9578 3.9175
8.1610 -1.3303 6.5003
8.8081 -1.2412 6.9900
12.1226 -3.0850 6.3814
2.3068 -0.7990 5.2428
6.9094 -2.6678 4.1974
9.7287 -3.1515 4.8673
14.2531 -1.0618 11.6213
8.2212 -3.2439 3.8134
14.7339 -0.4935 13.0253
8.6482 -3.3379 3.8739
8.4626 -2.4431 4.8766
7.0278 -1.2071 6.3520
10.3250 -2.7795 5.9488
11.7403 -2.8232 6.6795
10.8383 -3.2442 5.3244
8.5385 -3.0110 4.4583
3.7299 -1.7427 4.1945
11.4515 -0.1315 11.8469
-1.8645 0.1868 4.7872
10.2952 -2.8910 5.7107
7.7204 -3.1513 3.7078
13.5348 -1.2890 10.7562
12.3365 -2.3248 8.0115
8.1543 -2.6848 4.8829
4.9776 -2.0833 4.2401
3.6537 -0.3200 6.9699
11.3625 -3.2284 5.6585
11.1256 -2.5766 6.5035
12.7952 -2.1700 8.5832
12.3105 -3.3038 6.0564
10.5140 0.7046 5.4462
9.7201 -3.0748 5.0143
10.2317 -2.7491 5.9551
9.1107 -3.3888 4.0400
8.3902 -3.1951 4.0077
9.4706 -2.4457 5.4644
12.9293 -2.7797 7.4524
9.0507 -2.9998 4.7762
9.3401 -3.1045 4.7359
10.4551 0.7598 5.3816
9.0117 -2.1258 5.2553
10.4977 -2.5757 6.1393
11.2488 -3.2121 5.6250
9.0098 -3.2892 4.1791
9.4754 -3.3949 4.2386
11.4391 -3.0438 6.0685
10.1348 -1.6242 7.3538
5.5084 -2.3714 3.9757
8.6021 -3.2892 3.9437
13.7629 -1.6213 10.2294
9.5010 -3.0111 5.0140
5.6580 -2.1968 4.4081
11.9769 -3.0438 6.3790
8.8811 -3.2361 4.2100
5.0936 -0.2278 7.9842
10.4340 -1.7213 7.2911
10.3360 -3.1238 5.2729
6.7554 -2.8368 3.7736
1.5376 -0.6521 5.0897
9.0209 -1.6298 6.4280
11.3871 -2.8910 6.3411
3.6012 -1.7427 4.1202
0.8534 -0.5741 4.8490
10.3479 -3.2965 4.9374
7.9716 -3.2669 3.6236
5.5927 -1.8548 5.0482
5.1146 -1.4400 5.5941
11.0170 -2.1402 6.5547
11.4264 -3.1516 5.8475
7.1624 -3.0846 3.5176
7.9913 -3.3702 3.4304
2.3010 -0.0302 6.7630
9.3216 -2.8370 5.2552
10.3416 -3.3176 4.8919
11.6048 -3.0749 6.1025
8.6630 -1.4540 6.5937
8.8526 -2.9412 4.7779
11.8317 -1.2889 9.7728
10.7449 -3.1605 5.4362
8.5063 -3.2964 3.8741
7.4739 -2.8369 4.1884
10.5232 0.7216 5.4001
12.0677 -1.1793 10.1265
6.8041 -0.1313 9.1632
9.4568 -1.3246 7.1583
10.4613 -3.0646 5.4625
9.6000 -1.7793 6.6560
12.6760 -2.6512 7.5608
10.4113 0.0303 5.4621
8.8131 -2.8777 4.8810
4.6377 -1.4400 5.3187
9.1364 -1.9653 5.6761
9.4250 -2.0174 5.6624
11.9838 -3.0001 6.4697
8.6973 -2.9652 4.6407
1.5922 0.0757 6.5634
11.8967 -3.2443 5.9355
8.1700 -3.1951 3.8806
11.1939 -3.3037 5.4117
13.1894 -2.3487 8.4568
10.6200 -3.3890 4.9114
11.2391 -2.7015 6.6313
14.9415 -0.4088 13.3130
6.2567 -2.2751 4.5986
6.4235 -2.5599 4.1306
1.9022 -0.7989 5.0091
7.3267 -3.0643 3.6527
9.5744 -2.9165 5.2438
10.3860 -3.0437 5.4605
10.7882 -1.8408 7.0366
10.1206 -3.2362 4.9256
12.6698 -2.5605 7.7371
8.8485 -2.8087 5.0382
11.3078 -0.2280 11.5727
10.5289 -2.5317 6.1294
6.0070 -0.0303 8.9031
8.5003 -3.0540 4.3508
7.4869 -2.3277 4.2557
6.4036 -2.4596 4.3179
8.9152 -3.4183 3.8685
7.9859 -2.6847 4.7856
8.1982 -2.0308 4.8884
11.8472 -2.7646 6.8575
6.0423 -2.5973 3.8364
2.4662 -1.2884 4.3650
9.0278 -3.3106 4.1471
11.0424 -2.3472 6.3561
7.9553 -2.2416 4.7070
9.0554 -3.2361 4.3106
7.1598 -2.7173 4.2439
10.5168 -3.0330 5.5572
9.0601 -3.1330 4.5176
7.4902 -1.3744 3.8861
12.2493 -1.9584 8.6873
7.2923 -1.4580 5.8467
9.1055 -2.7334 5.3358
11.0645 -2.8910 6.1548
10.2721 -3.4009 4.6867
10.3952 -3.1143 5.3259
9.9738 -3.3107 4.6933
8.9131 -3.1330 4.4328
10.7431 -3.4069 4.9469
7.5656 -1.2750 6.0112
12.4589 -3.0544 6.6364
11.9842 -3.0331 6.4044
2.0801 -0.5741 5.5574
11.1144 -3.3641 5.2461
10.9176 -2.9291 5.9946
8.6742 -2.8508 4.8541
13.0957 -2.1974 8.7025
8.6167 -2.9884 4.5481
10.7352 0.7851 5.1589
9.5288 -2.0904 5.7466
7.8344 -3.0644 3.9458
8.4769 0.1865 10.7591
8.2120 -2.0569 5.1008
4.1941 -0.4084 7.1069
9.5264 -2.8644 5.3193
9.2918 -1.1214 8.6380
3.0004 -1.6206 4.0150
11.9574 -1.6978 6.5899
11.0342 -3.1047 5.7140
10.8544 -3.0222 5.7735
10.6691 -3.3245 5.0674
11.3357 -2.3536 6.5412
8.9615 -3.3244 4.0815
9.1125 -2.7643 5.2786
10.0520 -2.0441 6.3707
11.4160 -2.9654 6.2104
9.8504 -2.0573 6.3040
12.2761 -1.5336 9.5446
9.8367 -2.1541 6.1343
14.0398 -0.9356 11.7484
2.3890 0.1867 7.2434
8.3718 -2.7174 4.9437
10.2385 -3.4009 4.6673
-0.0053 -0.5740 4.3532
11.5287 -2.8372 6.5295
5.9272 -2.3942 4.1724
7.9618 -2.8507 4.4428
11.0158 -2.7943 6.3183
7.0833 -2.7792 4.0771
10.5292 -3.2893 5.0563
9.7344 -3.3245 4.5277
10.8130 -3.2037 5.3899
7.4665 -2.8907 4.0775
12.4202 -2.9536 6.8138
10.1495 -2.3447 5.9119
6.7778 -1.2061 6.1815
-1.1249 -0.0300 4.7846
12.3517 -2.3005 8.0685
8.0803 -3.3311 3.5593
9.2676 -1.9190 6.0007
9.7639 -2.8778 5.4299
8.6464 -3.0747 4.3944
9.1674 -3.0541 4.7360
14.3308 -1.3412 11.1125
9.9792 -3.2746 4.7679
8.1101 -3.3887 3.4623
9.9093 -3.1693 4.9362
7.4298 -2.9883 3.8628
10.9759 -3.3767 5.1412
10.8547 -3.2202 5.3813
8.0301 -0.6524 8.8387
8.7418 -3.3827 3.8391
8.4201 -3.3765 3.6656
8.7586 -3.4067 3.8012
10.6670 -0.2248 5.9308
10.4786 0.0039 5.4990
11.0145 -2.9291 6.0505
12.4904 -2.7016 7.3537
13.7984 -0.5747 12.3241
9.4708 -2.0910 5.7149
11.5298 -3.4011 5.4128
9.1762 -1.5563 6.9942
2.9834 -1.2345 4.7704
12.2302 -3.1333 6.3480
2.0172 -0.9349 4.8061
9.3120 -2.9652 4.9956
10.6755 0.7377 5.2999
9.7555 -1.6681 6.8267
5.7984 -1.8548 5.1670
7.1901 -3.0945 3.5139
10.6913 -3.4010 4.9287
12.2661 -2.8780 6.8746
10.6089 -3.3577 4.9670
9.3538 -2.7643 5.4179
6.5396 -2.7332 3.8544
8.1705 -3.0220 4.2240
13.8892 -1.3917 10.7575
6.2541 -2.0834 4.9771
11.9586 -2.5411 7.3646
13.0322 -2.4388 8.1874
9.5732 -2.9413 5.1940
11.4530 -3.2966 5.5754
7.4646 -3.1329 3.5965
9.3771 -2.8909 5.1806
7.5753 -2.3135 4.5095
8.1778 -2.3955 4.6720
9.2746 -0.3202 10.2157
9.6991 -3.3703 4.4164
6.3890 0.0755 9.3334
4.0206 -0.9350 5.9629
10.5000 0.0368 5.3966
3.0179 -1.1210 5.0152
11.7475 -3.2038 5.9294
10.7544 -2.1816 6.5320
9.1043 -3.2670 4.2776
10.6047 -2.8371 5.9961
11.7991 -3.1516 6.0627
9.2907 -3.1952 4.5277
12.2841 -3.0001 6.6430
5.6627 -2.5009 3.8081
10.1394 -0.1716 5.3191
6.4842 -2.6332 4.0204
9.6070 -1.9553 6.5277
11.6600 -3.3513 5.5866
10.8144 -0.9997 9.7585
12.4504 -0.7275 11.2428
8.6072 -3.0110 4.4980
11.3094 -3.2821 5.5213
7.7517 -1.2904 6.3972
14.0781 -1.5782 10.4969
9.5430 -2.7014 5.6520
11.9116 -3.0749 6.2796
8.7682 -1.7533 5.8108
8.0438 -1.8586 5.3567
11.1150 0.0754 12.0625
14.1641 -1.6632 10.3781
7.5124 -2.2170 4.5662
10.5293 -2.7491 6.1269
7.9329 -2.7642 4.5975
8.6803 0.0754 10.6566
11.9289 -2.9772 6.4833
12.5349 -3.1240 6.5425
9.8685 -3.1693 4.9126
9.9658 -2.9534 5.3967
10.7975 -1.9137 6.8603
10.4040 -3.0330 5.4920
9.6666 -3.1514 4.8314
11.3235 -3.2284 5.6359
12.5592 -2.1974 8.3928
10.8028 -2.3536 6.2338
12.0052 -3.3578 5.7731
10.6515 0.7506 5.1793
9.8828 -3.3107 4.6408
10.9871 -1.9743 7.0702
9.0944 -3.1423 4.5191
11.5114 -3.2894 5.6234
5.0658 -1.4873 5.4721
10.6194 -0.0396 5.5293
8.9188 -2.8230 5.0505
10.8858 -3.1238 5.5903
8.4143 -3.2964 3.8210
7.3762 -2.0860 4.7208
8.3752 -2.9289 4.5267
9.4783 -2.1324 5.4520
12.4098 -2.0227 8.6525
11.4420 -2.6682 6.8144
8.4173 -3.3378 3.7405
10.0730 -3.2746 4.8221
8.9744 -2.2075 5.0356
9.4476 -1.3035 7.6136
8.8783 -3.0541 4.5691
6.9678 -2.7641 4.0403
10.9273 -3.4185 5.0302
7.6235 -2.1821 4.7265
6.8276 -0.6523 8.1444
10.2631 -1.6577 7.3472
3.8453 -1.4872 4.7674
12.7699 -2.7797 7.3604
11.2093 -3.2121 5.6022
11.0133 -3.0543 5.8018
9.5010 -3.1142 4.8096
-0.5656 -0.0300 5.1076
0.7920 -0.5741 4.8136
9.1418 -2.3520 5.1968
11.1952 -2.0585 6.8282
9.2059 -3.3312 4.2092
7.8019 -3.1422 3.7729
6.6963 -2.7940 3.8244
12.0602 -1.2314 6.4098
8.5591 -3.2200 4.0559
7.1939 -1.0516 6.4682
7.7240 -3.0643 3.8821
12.1758 -2.8647 6.8489
9.2822 -3.2036 4.5061
10.9285 -3.1332 5.5964
8.6404 -3.2517 4.0400
10.9724 -0.0305 11.7705
6.8332 -1.2056 6.1992
11.8519 -2.0258 6.7748
5.6994 -0.5743 7.6474
10.3810 -3.2893 4.9708
8.4076 -3.3639 3.6834
7.5584 -2.8643 4.1830
10.8584 0.8324 5.0388
8.5922 -2.7175 5.0710
12.7778 -2.5412 7.8375
10.5474 -2.3063 6.2056
10.3804 -3.2519 5.0446
10.5123 -3.4127 4.8021
7.5292 -1.2246 3.7147
11.8443 -0.7994 10.7501
9.5331 -3.1045 4.8473
12.3378 -3.0648 6.5459
10.0213 -3.3640 4.6150
8.0084 -3.3948 3.3916
8.8177 -3.2440 4.1578
13.9096 -1.9585 9.6460
7.0839 -3.0643 3.5125
9.3750 -3.1330 4.6995
10.9631 0.8749 4.9211
6.4043 -2.0834 5.0638
6.4405 -0.8685 7.4924
10.7714 0.7899 5.1860
9.6988 -2.7942 5.5579
10.0362 -3.2519 4.8459
9.0781 -3.3703 4.0579
9.9588 -2.2219 5.9926
5.2829 -1.6627 5.2500
9.6325 -3.0747 4.9637
8.3442 -3.3444 3.6852
9.2181 -2.9038 5.0632
12.4526 -2.8373 7.0630
8.9673 -3.0541 4.6205
12.9598 -2.5412 7.9426
10.5516 -3.1953 5.2556
9.7699 -1.7622 6.6557
6.6032 -2.8085 3.7418
10.7260 -2.7943 6.1510
7.7573 -3.3243 3.3862
2.8680 -0.8683 5.4296
6.6502 -2.5407 4.2996
6.3213 -2.7332 3.7283
10.7281 -3.1782 5.3915
12.0514 -3.3642 5.7871
11.4714 -3.2966 5.5860
9.8890 -2.8778 5.5022
7.2633 -0.7272 8.2475
12.6537 -3.0002 6.8564
3.6824 -0.4083 6.8114
11.5021 -3.2673 5.6620
11.8361 -2.2934 6.9152
8.9101 -2.9652 4.7636
10.6147 -3.2672 5.1497
11.1167 -3.1425 5.6867
8.1364 -3.1329 3.9843
8.1392 -0.9353 8.3411
7.4246 -1.1499 6.3872
15.4261 -0.6527 13.1096
10.7692 0.8117 5.0325
7.4263 -2.9163 4.0036
10.4629 -3.1238 5.3462
11.5640 -2.8089 6.6060
9.4441 -0.7273 9.5068
9.9463 -3.2362 4.8250
10.3172 -0.0400 5.4281
10.4680 -3.1868 5.2242
8.1807 -2.7012 4.8654
9.2757 -0.8932 7.7970
15.9387 -0.0306 14.6384
9.1911 -1.5849 6.8536
6.9168 -1.4180 5.7017
11.1767 -3.4069 5.1972
10.0680 -2.0623 6.1911
9.5540 -3.3379 4.3968
9.1520 -2.2376 5.1398
8.8704 -2.1412 5.3189
10.5131 0.7309 5.3340
11.0275 -3.3705 5.1834
9.5033 -0.4086 10.1727
12.3362 -2.5215 7.6215
12.1478 -3.4187 5.7349
10.9105 -2.3985 6.2565
7.1476 -2.8507 3.9727
6.9763 -2.7332 4.1065
10.9590 -3.3829 5.1192
9.5251 -2.9413 5.1662
11.2504 -3.2966 5.4584
11.8142 -3.1606 6.0535
9.5812 -3.3312 4.4258
11.0870 -1.8872 7.2480
7.0260 -0.9352 7.6983
8.4027 -2.9164 4.5673
10.9333 -2.7015 6.4547
4.5124 -0.8684 6.3791
10.0317 -0.9353 9.4339
8.6875 -2.6848 5.1907
12.7129 -2.8090 7.2694
9.5012 -2.7794 5.4732
9.6640 -2.9885 5.1528
10.7264 -3.4069 4.9373
5.4208 -1.2886 6.0710
12.2475 -2.9888 6.6444
12.0069 -3.0001 6.4830
10.7280 -0.3156 5.6003
5.3313 -0.5743 7.4348
8.9904 -3.1693 4.4056
8.7124 -3.2594 4.0663
7.4247 -2.6847 4.4616
12.1018 -1.3334 6.4266
4.9072 -2.1968 3.9746
6.5996 -2.6333 4.0870
9.1073 -3.3035 4.2070
10.6912 -1.8726 6.9502
12.2020 -1.7038 9.1646
8.6521 -2.9037 4.7364
7.7122 -0.4085 9.1384
10.6226 0.7536 5.3599
13.0101 -2.5794 7.8962
6.9946 -2.7641 4.0558
13.0007 -0.3204 12.3674
10.2496 0.0121 5.3897
12.0187 -3.2364 6.0215
10.8566 -3.3829 5.0601
11.6588 -3.1425 5.9997
5.0739 -1.1211 6.2024
9.3692 -1.9515 5.7567
13.4041 -1.6213 10.0223
8.3007 -0.2279 9.8362
13.2634 0.0753 13.3032
8.5447 -2.9289 4.6245
4.9125 -2.3243 3.7249
9.3405 -3.3949 4.1607
8.7932 -2.9164 4.7928
12.0486 -3.1239 6.2617
10.6752 -1.5804 7.6720
2.3393 -0.4083 6.0358
14.2577 -0.9999 11.7468
5.5443 -2.2235 4.2895
10.7179 -3.0222 5.6948
11.3813 -3.3447 5.4387
11.0659 -0.7153 8.1970
8.7309 -3.2281 4.1391
11.1378 -2.9039 6.1716
11.9142 -1.7816 8.8441
5.0183 -1.5776 5.2657
10.9063 0.8804 4.7887
9.6306 -3.0947 4.9230
7.3685 -2.9532 3.8971
10.5443 -3.1143 5.4120
8.5613 -2.8087 4.8724
4.0625 -1.5776 4.7138
9.0139 -2.0572 5.4488
11.9474 -3.0544 6.3411
8.4336 -0.7993 8.7806
10.7314 -3.2821 5.1875
9.6417 -2.6849 5.7416
9.5678 -3.4009 4.2800
8.8424 -3.2361 4.1876
6.2330 -2.7791 3.5862
6.6416 -2.6507 4.0767
10.0141 -2.8778 5.5744
7.8206 -3.2669 3.5364
11.1823 -3.2596 5.4924
8.4209 -1.6001 5.8661
12.1027 -2.8232 6.8888
7.6517 -2.9411 4.0846
7.2203 -2.9883 3.7419
10.0159 -3.3380 4.6635
8.8529 -2.3536 5.0340
8.3355 -1.2001 6.9138
8.0304 -3.1779 3.8340
7.0919 -0.4932 8.6124
12.2261 -2.5015 7.5977
12.0733 -2.7016 7.1129
8.5215 -0.5744 9.2770
11.2756 -3.2672 5.5312
5.7274 -1.9579 4.9216
1.6578 -0.6521 5.1591
10.2186 -2.6201 6.0056
6.5404 -2.7011 3.9183
12.3885 -3.1426 6.4210
10.2181 0.0461 5.3239
7.8036 -2.9997 4.0562
12.3836 -2.9415 6.8166
9.2939 -0.0304 10.8012
11.1218 -3.0850 5.8036
11.6313 -3.3705 5.5320
12.0394 -3.3768 5.7552
12.4441 -3.2204 6.2989
8.1723 -3.1779 3.9159
6.8073 -2.6846 4.1051
9.6781 -3.1423 4.8562
6.6511 -1.3330 5.6730
11.8656 -3.3578 5.6925
8.0942 -2.5764 4.7534
9.9374 -1.3862 7.6427
10.6440 -1.7510 7.0962
9.9810 -3.3766 4.5668
8.5163 -2.9412 4.5838
1.8607 -1.1787 4.2326
7.2599 -3.1421 3.4600
8.5693 -3.1513 4.1979
13.3703 -2.3948 8.4700
9.7139 -3.1781 4.8060
8.1608 -3.1044 4.0550
12.7889 -2.3487 8.2255
10.2068 -3.0437 5.3570
10.9488 -3.1143 5.6456
12.1681 -3.3178 5.9465
10.2576 -1.7563 7.1440
10.7503 -0.2913 5.6089
11.8118 -3.3830 5.6115
10.2559 -3.2965 4.8842
8.5061 -3.3378 3.7918
8.0589 -3.3948 3.4208
9.4642 -2.9038 5.2053
5.2290 -2.1968 4.1603
12.3947 -2.9292 6.8474
0.9574 -0.7269 4.6063
10.0051 -3.0437 5.2406
7.0650 -2.7940 4.0372
7.4864 -2.7940 4.2805
8.6487 -2.6211 5.1015
7.2177 -2.2934 4.2497
7.3255 -1.9399 4.0755
9.9146 -3.2441 4.7911
10.4617 -3.3037 4.9890
10.5290 -0.0665 5.6293
8.9067 -1.3759 6.9081
9.4712 -3.2119 4.5988
10.8250 -2.9654 5.8692
5.7064 -2.3714 4.0901
7.4232 -1.5994 5.5965
11.6964 -2.8646 6.5721
12.2231 -3.2822 6.0488
3.3759 -1.4872 4.4964
10.6559 -3.3950 4.9201
8.9770 -2.2673 5.1157
8.7052 -1.8904 5.7130
13.7258 -0.4088 12.6110
12.4049 -3.2204 6.2763
8.3773 -3.3510 3.6913
10.7919 0.8234 4.9900
8.0433 -3.3638 3.4730
10.7192 -3.2283 5.2870
8.6086 -3.4067 3.7145
10.9353 -3.2596 5.3498
4.1404 -1.5331 4.8469
8.0130 -2.8086 4.5558
8.1941 -2.8229 4.6320
10.8435 -3.1238 5.5659
7.8927 -2.9532 4.1998
10.9156 -2.8910 6.0689
12.0473 -2.9415 6.6224
6.5495 -2.3001 4.7184
10.0870 -2.9165 5.5397
10.4222 -2.2780 6.0584
10.6491 -3.3177 5.0694
9.7789 -2.2635 5.9132
9.9679 -2.0345 6.2863
8.2569 -2.7489 4.8150
6.5557 -1.2020 5.9406
10.3619 0.5604 5.5582
9.4881 -2.7942 5.4363
11.9422 -1.8679 6.6919
9.6106 -3.0747 4.9511
9.1342 -1.5105 6.9749
10.8297 0.8367 4.9615
8.2008 -3.1236 4.0401
12.6609 -1.2351 10.3584
11.6943 -2.9772 6.3479
11.1530 -3.1868 5.6198
11.3003 -2.6682 6.7326
9.5491 -2.9413 5.1801
5.0148 -2.1414 4.1464
10.1256 -2.9413 5.5129
6.5635 -2.8228 3.6906
10.7523 -0.0711 5.5880
12.2653 -2.4388 7.7446
10.9295 -3.1516 5.5606
10.5544 -2.9291 5.7849
9.7452 -2.2350 5.9078
6.7912 -1.5691 5.7338
12.9907 -2.6512 7.7425
10.8531 0.8200 5.1151
14.1200 -0.0306 13.5881
9.6827 -3.3106 4.5253
11.9847 -1.6012 6.5420
6.2370 -0.7992 7.5122
4.6202 -1.6626 4.8674
7.0567 -2.7792 4.0618
9.0670 -3.3639 4.0640
10.8194 -3.3641 5.0758
10.2249 -3.1142 5.2276
0.1335 -0.0301 5.5113
9.6671 -2.2574 5.4884
4.3663 -0.9993 6.0351
8.7554 -3.1866 4.2355
7.6995 -0.9995 7.9598
8.2459 -0.9995 8.2754
10.6600 -2.1364 6.5511
10.9156 0.8636 4.9195
13.6468 -1.3917 10.6176
6.9328 -2.9767 3.5987
3.1096 -0.9993 5.3095
10.9624 -2.7645 6.3467
8.8223 -1.6347 6.3488
12.4787 -0.4934 11.7230
11.5625 -0.3203 11.5369
7.7667 -3.1779 3.6817
11.1222 -1.4877 8.9692
11.2835 -3.1425 5.7830
8.1373 -3.1236 4.0035
11.9312 -3.1695 6.1035
10.6188 -1.9267 6.9818
8.3001 -3.3764 3.5963
5.6009 -1.9905 4.7840
3.8978 -0.4930 6.7680
8.1100 -3.1951 3.8459
9.1014 -2.2374 5.1099
10.2950 -3.0849 5.3263
7.4286 -3.0434 3.7530
9.2458 -3.2201 4.4524
7.5209 -3.1140 3.6664
8.3076 -0.1314 10.0314
8.7268 -3.2670 4.0596
1.1268 -0.9349 4.2919
8.1076 -2.4040 4.6517
12.8637 -2.3005 8.3641
9.6790 -3.2746 4.5946
7.5373 -3.1602 3.5842
12.9830 -1.1216 10.7694
10.3049 -2.9653 5.5689
7.5198 -2.0099 5.0618
11.7907 -2.8780 6.6001
11.1573 -3.1516 5.6921
11.2485 -2.8232 6.3956
10.9394 -1.1500 8.4148
10.8448 -3.4185 4.9826
10.0580 -3.3245 4.7145
10.3453 -3.1424 5.2413
7.5951 -3.2117 3.5156
8.7235 -3.3312 3.9306
10.8240 -1.8656 6.9938
10.3870 -3.1424 5.2654
8.4909 -3.2892 3.8795
13.0356 -2.2241 8.6149
4.9305 -1.7033 4.9660
10.5881 -3.2441 5.1799
7.7394 -2.8907 4.2351
8.8666 -1.8641 5.6869
12.5493 -3.0113 6.7740
7.9291 -2.6679 4.7861
8.8588 -3.3175 4.0358
9.4397 -3.3576 4.2919
7.2368 -2.8776 3.9709
7.6247 -3.2439 3.4690
10.5184 -1.7054 7.2378
8.9632 -2.8777 4.9676
9.9865 -1.1564 8.1001
12.4588 -2.5215 7.6923
7.3619 -2.8776 4.0431
10.9912 -3.0749 5.7482
0.6765 -0.4082 5.0756
8.9132 -2.8777 4.9388
10.0263 -3.1046 5.1321
11.4644 -3.2673 5.6402
10.7561 -2.2071 6.5079
10.5128 -0.4197 5.8743
10.8816 -3.0749 5.6849
11.1852 -2.6850 6.6328
12.2906 -3.0439 6.5601
12.0338 -1.1215 10.2213
10.9103 0.8450 5.0389
0.9599 -0.9349 4.1955
8.5850 -3.3888 3.7364
15.0242 -0.7996 12.5864
10.9830 -1.0492 8.3726
8.4573 -2.9769 4.4789
10.1658 -3.1868 5.0497
10.9231 0.9132 4.7498
9.5106 -3.2282 4.5892
8.3312 -2.1984 4.6403
6.0579 -2.7172 3.6077
8.4519 -1.2392 6.7428
11.5514 -3.3578 5.5111
8.7556 -3.1514 4.3054
8.0350 -2.3827 4.6320
9.7770 -3.2965 4.6078
11.9240 -1.6212 9.1676
10.5116 -3.1953 5.2325
1.7687 -0.4929 5.5385
9.4636 -2.8778 5.2566
7.6938 -3.2117 3.5726
8.5257 -3.2517 3.9738
3.0745 -0.9350 5.4166
10.2733 -3.0849 5.3137
10.8051 -2.7943 6.1967
10.7491 -1.7831 7.1162
7.8150 -3.0847 3.8944
10.0386 -3.3640 4.6250
6.9776 -2.8228 3.9297
12.7857 -2.7646 7.3994
7.9384 -2.9036 4.3244
11.1486 -1.9692 7.1424
12.1097 -0.2280 12.0358
12.5282 -1.7433 9.2747
9.7524 -3.3245 4.5381
11.7725 -2.1973 7.9385
7.5292 -2.8507 4.1930
11.1865 -2.2719 6.6563
8.7519 -1.6446 6.0878
10.9055 -1.4094 7.8976
9.7799 -3.2441 4.7133
10.2755 -3.2362 5.0151
6.7466 -2.7173 4.0053
8.4223 -3.3243 3.7702
7.3478 -3.1512 3.4926
11.7172 -3.1869 5.9455
7.4976 -2.0955 4.8242
8.4884 -2.9533 4.5437
9.0099 -2.0789 5.3044
10.8743 -3.2202 5.3926
8.7805 -2.9412 4.7363
11.2867 -2.7492 6.5643
8.8346 -3.3948 3.8686
10.9141 -3.2283 5.3996
11.3410 -1.6212 8.8310
11.9257 -2.7177 6.9956
12.4036 -3.2039 6.3082
7.6022 -2.8369 4.2625
6.2674 -2.3714 4.4140
5.1746 -2.4164 3.6937
10.8751 0.9783 4.7992
10.1146 -3.0748 5.2421
8.8486 -3.3312 4.0028
9.0993 -3.2518 4.3050
10.8807 -1.8104 7.3408
10.9929 -3.3641 5.1760
8.3995 -3.3378 3.7303
10.5748 -3.0748 5.5078
5.0534 -2.0531 4.3436
9.3196 -3.1867 4.5612
12.7543 -2.7945 7.3221
12.4626 -2.7016 7.3377
8.7203 -0.4932 9.5527
9.9503 -2.9653 5.3641
10.0613 -3.2595 4.8452
13.6513 -2.0839 9.2482
11.9614 -2.0838 8.2725
13.5455 -1.6632 10.0209
11.5450 -3.2121 5.7961
10.6112 -3.3641 4.9556
9.4723 -3.2595 4.5051
0.2928 -0.4082 4.8540
9.3171 -3.1693 4.5942
8.5177 -3.3510 3.7724
12.8624 -2.7178 7.5365
13.7302 -1.7434 9.9687
8.1368 -1.9803 5.1575
10.6181 -1.5935 7.3937
10.6474 -2.1070 6.6825
14.5825 -0.2281 13.4637
6.7451 -2.9767 3.4904
11.5418 -2.1434 6.9721
7.2484 -0.3201 9.0456
4.1860 -1.9578 4.0316
10.0860 -3.0646 5.2458
9.5804 -3.2036 4.6782
8.6897 -2.7490 5.0648
10.4123 -2.1192 6.4667
7.9628 -2.1754 4.9015
10.8025 -2.0693 6.7648
7.3391 -2.1610 4.4966
2.9388 -1.5330 4.1531
10.1338 -0.4473 5.6639
9.0496 -3.0329 4.7100
10.0347 -2.5741 5.8684
10.0938 -0.0510 5.6050
11.5928 -3.2748 5.6995
10.9399 -1.0495 8.3745
10.2553 -3.4009 4.6770
11.4716 -3.4186 5.3445
3.0788 -0.7270 5.8313
10.2657 -1.5067 7.5904
12.1396 -1.1784 6.4320
9.1203 -0.9996 8.7803
12.3303 -3.0001 6.6697
12.6723 -2.8233 7.2176
9.1355 -3.2119 4.4049
9.4098 -3.3106 4.3677
8.3262 -3.2818 3.7989
6.6379 -0.1630 5.2720
8.6025 -2.0748 5.2713
9.4901 -3.0848 4.8615
7.8858 -3.3510 3.4076
11.4795 -3.4011 5.3838
8.7057 -3.0435 4.4903
9.5665 -3.2746 4.5296
8.0921 -3.4007 3.4281
9.3514 -3.4126 4.1319
10.2622 -3.1046 5.2683
10.4429 -1.9981 6.7014
11.6304 -3.4011 5.4709
4.8615 -2.0222 4.2942
10.8874 0.8668 4.8507
11.3955 -2.9535 6.2222
7.6159 -2.9883 3.9703
3.8587 -1.7427 4.2688
4.4155 -1.9244 4.2304
11.3878 -1.9260 7.4224
11.9375 -3.3951 5.6601
8.3400 -2.9769 4.4112
10.4573 -3.0542 5.4807
7.0376 -2.8368 3.9365
10.2280 -3.2820 4.8969
11.7749 -1.9583 8.4134
4.2166 -1.0613 5.8259
10.8626 -2.8510 6.1176
10.8377 -3.3704 5.0738
7.8033 -3.1513 3.7556
9.1937 -2.3521 5.2270
12.8794 -2.8233 7.3372
7.4217 -2.1954 4.5479
8.9084 -2.5287 5.1875
14.6369 -1.2891 11.3926
9.9912 -3.1953 4.9321
11.6522 -2.3237 6.5773
7.8747 -2.5320 4.5981
8.1862 -3.0746 4.1287
11.8388 -3.0113 6.3638
6.2757 -2.1128 4.9313
7.7498 -3.0846 3.8567
9.3094 -2.1698 5.3740
12.5282 -2.9167 6.9492
10.5054 -3.0646 5.4880
8.0761 -1.2000 6.7621
10.2603 -2.2441 6.2319
6.3245 -2.7641 3.6688
7.9172 -2.9651 4.1903
5.2352 -1.7033 5.1419
13.0578 -2.2757 8.5255
8.4870 -3.2035 4.0469
11.0662 -3.2966 5.3521
9.1610 -2.9769 4.8852
0.4468 0.0757 5.9020
6.5849 -2.9035 3.5429
10.1979 -3.1046 5.2311
11.8554 -3.2203 5.9591
2.4223 -0.7990 5.3095
12.9820 -0.9355 11.1376
12.7401 -2.9655 6.9749
12.3743 -1.0617 10.5364
9.1956 -3.4184 4.0304
10.0923 -3.3446 4.6945
8.3520 -1.9906 5.3216
12.6271 -2.7337 7.3691
5.8700 -1.6208 5.6720
12.0858 -2.6337 7.2546
7.1083 -3.0327 3.5892
6.7034 -2.7332 3.9489
12.0357 -0.9355 10.5911
12.1661 -3.0850 6.4066
14.6216 -0.4088 13.1282
11.9075 -0.9997 10.3897
7.2972 -1.9768 4.0838
9.7342 -2.5747 5.6964
6.0243 -2.4596 4.0989
10.3541 -2.3446 5.9526
8.4959 -1.3240 6.5960
-0.7246 -0.3198 4.4416
12.2528 -3.1955 6.2378
11.9751 -3.3109 5.8488
9.7684 -2.8509 5.4858
8.3400 -1.5589 6.1448
10.9799 0.8948 4.8124
11.1120 -3.1954 5.5792
10.3771 -3.2820 4.9830
9.4002 -2.8644 5.2464
9.2850 -3.0947 4.7234
11.6038 -3.3578 5.5413
10.5131 -1.6293 7.2847
10.4953 -3.2966 5.0225
10.5289 -1.8118 7.1455
7.4712 -2.2470 4.4426
12.4049 -1.8906 8.9116
8.2397 -3.1422 4.0256
7.7662 -0.2279 9.5276
12.9490 -2.0228 8.9638
9.6857 -2.9038 5.3332
7.6699 0.1865 10.2931
8.6479 -1.8878 5.6680
6.2818 -2.5010 4.1656
8.3597 -2.8908 4.5932
11.7427 -3.2442 5.8466
7.7461 -3.0644 3.8948
7.3038 -2.0543 4.6911
9.7303 -2.2100 6.0292
10.5123 -2.0604 6.6976
8.2665 -2.6848 4.9477
10.2103 -3.1605 5.1275
5.6150 -2.2235 4.3303
9.2258 -2.7175 5.4368
7.4109 -1.6078 5.6544
7.7517 -2.9651 4.0948
7.6583 -3.1513 3.6719
11.0777 -3.0949 5.7585
10.2865 -3.3446 4.8066
8.2983 -3.3175 3.7122
11.5239 -2.0227 8.1410
7.3629 -1.7638 3.9793
10.5814 -3.0222 5.6160
10.3220 -2.0608 6.5890
8.6278 -2.3483 4.8911
9.6748 -2.8909 5.3525
11.2875 -3.1238 5.8222
3.8325 -1.7811 4.1776
10.6157 0.1737 5.5537
10.6082 0.0334 5.4501
11.7297 -3.3246 5.6797
12.5473 0.0753 12.8896
1.2087 -0.7989 4.6087
9.5101 -3.2892 4.4679
6.5047 -0.7601 5.6146
10.0761 0.0053 5.2705
12.4272 -3.0851 6.5573
5.4229 -2.1128 4.4389
5.3317 -1.1789 6.2369
13.6822 -0.6526 12.1025
8.4269 -2.7174 4.9755
11.1252 -3.4186 5.1445
9.9841 -3.1605 4.9969
12.3328 -2.2756 8.1069
12.3277 -2.9772 6.7135
14.3017 -0.4088 12.9435
12.2325 -3.0332 6.5478
8.8212 -3.2670 4.1141
3.9483 -1.0613 5.6710
11.1217 -2.4054 6.3947
8.3510 -2.9289 4.5127
1.5337 -1.0611 4.2767
12.5734 -2.9888 6.8326
14.3437 -0.6527 12.4845
11.5079 -3.3381 5.5249
0.3092 -0.7269 4.2320
11.7302 -1.0617 10.1645
8.2552 -3.1692 3.9811
11.6805 -3.0543 6.1870
12.3375 -3.1517 6.3735
9.8479 -3.2746 4.6921
12.6301 -2.8647 7.1112
6.4856 -2.7939 3.7027
7.9711 -0.7993 8.5136
9.2107 -1.5913 6.9185
10.0523 -3.1694 5.0187
13.6366 -0.7995 11.7851
12.9383 -2.5015 8.0089
13.7396 -1.3412 10.7711
7.6295 -3.2593 3.4411
5.4523 -2.3243 4.0366
10.7113 -2.9886 5.7575
8.3687 -3.3765 3.6359
9.7245 -2.8909 5.3812
11.9989 -2.0838 8.2942
9.7139 -3.0436 5.0724
7.5585 -3.2199 3.4782
8.0937 -3.3826 3.4649
11.8521 -3.0647 6.2655
9.5796 -2.8087 5.4603
12.1771 -3.2122 6.1610
11.0624 -2.9414 6.0538
7.6882 -2.9997 3.9895
12.1786 -2.6683 7.2397
9.2977 -3.3445 4.2357
10.1016 -2.9413 5.4991
7.7295 -0.6523 8.6651
10.8213 0.9577 4.8687
11.9462 -3.0223 6.4039
6.4068 -0.6523 7.9014
8.9260 -2.1459 5.0843
12.6901 -2.7797 7.3144
8.1387 -2.8643 4.5180
8.8839 -1.9642 5.6651
10.7611 -1.6465 7.5529
12.9507 -2.5793 7.8618
7.6405 -0.3201 9.2721
9.0193 -3.0436 4.6714
7.5270 -2.3120 4.3155
8.5215 -1.9729 5.4907
6.4110 -2.2497 4.7382
15.6895 -0.1317 14.2942
8.4135 -1.8378 5.6515
12.7666 -2.8780 7.1636
4.0018 -1.5331 4.7669
9.1662 -2.9998 4.8428
8.6168 -1.5799 6.1333
11.0122 -3.1694 5.5729
10.0075 -2.5740 5.8525
8.8224 -2.8087 5.0231
10.8557 -3.2283 5.3658
7.6049 -3.0327 3.8759
11.6773 -2.3135 6.7147
10.9184 -3.2894 5.2810
11.1396 -1.5814 7.9485
8.8901 -2.7794 5.1203
1.3938 -0.8682 4.5783
9.3725 -3.2119 4.5418
10.4492 -2.0233 6.6591
8.1266 -3.2281 3.7902
11.8228 -3.3448 5.6936
12.2729 -3.1955 6.2494
10.7211 -2.4863 6.2084
8.0832 -1.9683 5.3697
11.6241 -3.3829 5.5032
6.5236 -2.8906 3.5331
8.8060 -1.2461 7.0962
8.3398 -1.5019 6.0175
7.6198 -2.2418 4.6052
13.2477 -2.2241 8.7374
12.9124 -2.7945 7.4134
6.8184 -2.7011 4.0789
5.7185 -2.5973 3.6495
10.8043 -3.3767 5.0422
11.1694 -2.8372 6.3221
12.7722 -2.5793 7.7588
9.3013 -3.2595 4.4064
12.4883 -2.3005 8.1473
10.1794 -0.3749 5.3589
12.0173 -3.3247 5.8458
3.5884 -0.3200 6.9322
8.2754 -3.2594 3.8141
10.6521 -1.3825 8.0046
9.2953 -3.3312 4.2607
11.7391 -3.3642 5.6068
6.7288 -2.9287 3.5761
11.4680 -3.3890 5.4009
12.0963 -2.6159 7.2959
8.7183 -3.1045 4.3769
15.2793 -0.1316 14.0574
8.8019 -2.2318 5.0824
8.2275 -2.5316 4.8008
2.3323 -0.4929 5.8639
4.1547 -1.2346 5.4467
12.5622 -2.9772 6.8490
12.6145 -2.7178 7.3933
8.8193 -3.3702 3.9085
11.7543 -2.3486 7.6281
10.2337 -2.3241 5.8321
10.8209 -1.1215 9.5209
7.5897 -3.1950 3.5455
11.0796 -2.0953 6.8909
10.5695 0.0255 5.5403
12.0115 -3.3109 5.8698
7.0967 -2.8506 3.9433
6.2127 -2.6507 3.8290
10.6217 -3.2283 5.2308
8.0496 -3.2035 3.7944
12.8182 -2.7337 7.4794
8.2112 -3.0540 4.1839
8.7459 -3.3510 3.9042
9.9022 -2.0315 6.3755
3.8250 -1.6626 4.4082
14.2962 -1.1794 11.4132
8.9765 -2.2812 5.0743
11.6725 -2.5466 6.8227
11.2349 -2.5771 6.5677
11.3545 -1.0617 9.9475
10.5563 -2.7491 6.1426
8.9024 -3.2594 4.1760
7.7551 -3.1140 3.8016
9.9940 -0.5745 10.1273
0.9725 -0.0301 5.9958
8.7200 -3.1780 4.2321
11.6176 -3.3642 5.5366
10.5167 -3.3037 5.0207
9.3141 -1.8542 6.0688
9.2786 -3.0541 4.8002
9.2161 -3.3703 4.1376
6.5260 -0.7992 7.6791
12.2425 -1.8906 8.8178
12.2517 -2.6851 7.2486
9.9478 -2.8909 5.5101
5.8056 -0.6523 7.5542
7.7855 -3.0328 3.9802
8.4093 -3.1330 4.1419
9.6155 -3.3446 4.4192
13.4214 -1.7039 9.8687
13.2847 -2.1133 8.9782
10.0523 -3.3176 4.7249
11.3264 -3.3513 5.3940
8.4938 -3.2361 3.9864
7.9385 -3.3510 3.4380
8.3415 -2.2289 4.8943
11.1478 -3.0438 5.9003
9.4774 -2.9653 5.0911
8.6594 -2.6848 5.1745
11.8751 -2.9887 6.4294
8.8742 -1.3340 6.9688
9.3194 -1.0502 7.5285
12.1848 -1.7433 9.0764
12.7634 -2.4170 8.0754
8.8013 -3.0329 4.5667
8.6284 -3.2745 3.9880
8.6121 -1.8376 5.7651
7.8980 -3.2891 3.5372
9.6009 -1.9399 5.9806
7.2630 -2.1702 4.2845
8.5201 -3.3826 3.7111
9.8578 -3.1331 4.9782
8.0351 -2.9768 4.2352
8.7323 -3.3175 3.9627
10.6930 -3.4069 4.9180
10.3995 -1.8367 6.9895
6.3106 -2.3000 4.5804
10.1352 -1.9076 6.6164
13.5766 -1.8553 9.6581
7.6948 -2.9163 4.1586
12.3861 -1.9249 8.8326
8.3564 -1.3314 6.6311
6.1270 -2.5010 4.0762
9.7139 -1.6473 6.9547
11.8623 -2.8373 6.7222
2.4917 -1.4398 4.0796
6.1226 -1.9580 5.1498
10.7149 -2.2975 6.2791
11.2908 -3.2821 5.5105
4.0984 -0.7991 6.2773
9.3146 -3.1514 4.6282
9.3068 -3.3949 4.1412
12.0236 -1.4239 6.4739
8.7340 -3.0747 4.4450
11.2834 -1.7432 8.5559
10.7023 -2.8088 6.1085
12.0816 -3.1607 6.2079
11.4650 -3.0331 6.1046
10.6927 -0.1694 5.9379
2.4308 -0.1311 6.6378
11.9574 -1.5582 6.5899
3.3424 0.1866 7.7940
7.8986 -3.2963 3.5233
13.4426 -1.9911 9.3118
8.5156 -1.9631 5.4478
7.5389 -3.2199 3.4669
10.7606 0.9020 4.9517
7.8149 -2.0612 4.8870
9.8161 -2.5747 5.7435
10.6500 -3.3767 4.9530
10.4063 -1.2044 8.2250
10.9531 0.9183 4.7119
13.5707 -1.5337 10.2921
3.1229 -0.5742 6.1596
8.5224 -3.2594 3.9567
12.1654 -0.4934 11.5421
10.3126 -2.4997 6.0030
9.6115 -2.7175 5.6595
10.9080 0.9957 4.7560
10.3439 -3.2893 4.9494
11.6003 -3.2967 5.6604
7.0793 -2.6679 4.2955
6.8292 -2.7173 4.0530
11.7282 -3.2364 5.8538
3.4917 -0.8683 5.7897
10.1007 0.0542 5.2777
11.5713 -2.2825 6.6523
10.5547 -3.3950 4.8617
4.0156 -1.8184 4.2094
8.2285 -2.5777 4.8338
7.8653 -2.0452 5.1127
8.1339 -3.3311 3.5902
7.7453 -2.7642 4.4892
11.9010 -2.5978 7.2191
13.4943 -1.8553 9.6106
10.9119 0.8505 5.0033
10.3021 -3.1781 5.1456
10.4979 0.7104 5.4067
7.8711 -1.8035 5.7966
1.4490 0.0757 6.4807
10.9893 -2.3551 6.3451
10.6157 -3.3767 4.9332
8.9149 -3.1604 4.3796
12.1559 -3.1695 6.2332
7.8403 -2.0867 4.8719
9.7139 -3.3380 4.4891
6.3127 -2.7791 3.6322
10.2959 -3.3313 4.8384
8.6775 -2.7793 4.9976
11.4293 -3.3108 5.5336
10.3533 -3.3380 4.8583
9.3076 -3.3511 4.2285
7.7433 -1.8968 5.3641
9.0383 -3.1604 4.4508
2.7724 -0.1312 6.8351
7.9884 -2.9997 4.1628
8.2853 -3.1236 4.0889
11.8466 -2.6511 7.0819
12.5814 -2.5216 7.7631
4.9408 -2.1127 4.1605
8.9965 -2.8644 5.0133
10.2460 -3.0330 5.4008
8.7242 -2.7941 4.9953
9.2279 -3.3106 4.2627
9.8388 -3.2036 4.8274
9.1328 -2.7334 5.3516
11.6327 -2.7645 6.7337
7.8750 -1.4873 6.0190
6.5454 -2.4806 4.3583
12.3679 -1.9584 8.7558
9.3275 -3.4184 4.1066
10.6852 -0.0907 5.5659
8.1853 -3.3444 3.5935
13.2387 -2.1974 8.7851
11.0432 -2.2144 6.4131
10.5299 -3.3767 4.8837
4.7379 -2.2750 3.7217
9.2198 -2.7643 5.3405
6.1600 -2.5973 3.9044
12.1160 -2.8780 6.7880
10.7135 -2.0911 6.6647
10.1121 -3.1046 5.1816
11.9320 -3.0438 6.3531
10.9923 -3.2596 5.3827
9.8715 -3.3176 4.6205
8.0610 -2.9164 4.3700
10.8730 -3.3767 5.0818
12.3112 -2.4170 7.8143
6.7470 0.0755 9.5401
12.5069 -1.7038 9.3406
12.0547 -3.4129 5.6926
9.6125 -3.1781 4.7474
15.0063 0.1862 14.5297
7.8699 -2.9651 4.1630
11.7657 -3.3247 5.7005
9.1521 -3.1237 4.5894
14.2083 -1.6632 10.4036
10.9692 -3.0749 5.7355
10.9208 -2.9886 5.8784
9.8787 -0.7993 9.6151
7.3282 -2.4499 4.2375
6.7469 -2.8906 3.6620
9.0339 -2.6680 5.4240
6.8712 -2.9883 3.5403
10.4531 0.6312 5.5008
14.6906 -0.7276 12.5364
6.8809 -1.3748 5.7254
10.7402 -3.3950 4.9688
5.2973 -2.4596 3.6791
12.7023 -2.8912 7.1005
7.3163 -2.7642 4.2415
11.1767 -3.2966 5.4159
10.8576 -3.0543 5.7119
9.8715 -2.0673 6.3536
5.8235 -2.3243 4.2509
12.8376 -2.8373 7.2853
8.7013 -2.9037 4.7649
10.5425 -2.3661 6.0391
4.1492 0.1866 8.2599
3.7316 -1.4399 4.7955
7.9061 -0.4932 9.0825
11.2742 -2.9654 6.1285
12.6491 -3.0439 6.7671
12.1766 -3.3768 5.8344
11.0189 -2.0528 6.9616
8.0449 -1.9157 5.4467
11.6075 -3.3178 5.6228
10.9452 -1.4075 7.8978
11.8487 -2.0838 8.2074
10.5455 -3.4127 4.8212
7.9872 -2.8507 4.4575
12.7439 -2.9415 7.0246
9.5407 -1.3916 7.4875
10.6484 -2.9166 5.8639
6.3564 -2.8227 3.5710
7.1233 -2.9411 3.7795
10.3630 -3.1781 5.1807
13.1754 -1.4405 10.2485
8.1682 -2.8229 4.6171
7.8391 -3.1044 3.8693
12.0347 -3.3448 5.8159
9.6231 -2.4845 5.5706
12.1231 -3.3951 5.7672
5.2324 -0.1313 8.2556
12.8393 -2.7646 7.4303
6.7807 -0.8685 7.6889
9.0803 -3.0220 4.7492
11.6398 -3.3246 5.6278
9.1788 -1.5765 6.7758
12.1803 -3.3891 5.8122
9.8107 -3.2362 4.7467
12.8117 -1.7038 9.5166
7.1229 -1.6554 5.5184
11.8431 -3.1144 6.1619
9.7383 -2.1091 6.2947
5.8384 -2.3714 4.1663
7.1761 -3.0327 3.6283
1.3821 -0.7989 4.7088
9.6241 -2.7334 5.6353
5.0620 -1.6626 5.1224
12.3875 -2.8233 7.0532
11.0114 -3.2520 5.4089
8.3535 -2.3558 4.7510
10.4068 -3.3037 4.9573
8.7454 -2.2335 5.0544
12.2839 -2.8233 6.9934
12.5330 -1.2890 10.1777
4.9771 -2.0222 4.3609
12.8288 -2.7493 7.4546
10.2618 0.2633 5.4367
11.9207 -3.3951 5.6503
9.5435 -3.1142 4.8342
10.7777 -2.9654 5.8419
7.3303 -1.5271 5.6639
8.0744 -3.1140 3.9860
12.1458 -3.3038 5.9613
2.7657 -1.4872 4.1440
10.2176 -2.0313 6.4184
8.2387 -1.7627 5.7750
11.5859 -3.3246 5.5967
14.1172 -0.1316 13.3863
8.4306 -2.9037 4.6086
12.6308 -2.1974 8.4341
9.8036 -2.9885 5.2334
6.3637 -1.2066 5.9565
3.5396 -1.5331 4.5000
8.5260 -2.8370 4.7959
14.1633 -0.6527 12.3803
9.5032 -0.5745 9.8439
11.0347 -3.0849 5.7534
8.3421 -2.2676 5.0028
2.0223 0.1867 7.0317
9.1516 -1.7844 6.2017
11.2741 -3.0850 5.8915
8.2420 -3.2360 3.8410
12.5924 -3.0544 6.7135
11.4001 -3.3890 5.3618
10.3719 -3.3704 4.8049
12.4536 -3.2122 6.3207
10.4487 0.4356 5.5211
10.2159 -3.3446 4.7658
11.1912 0.1864 12.3265
10.8456 -2.2219 6.5044
7.8919 -2.9411 4.2232
9.9723 -3.2441 4.8244
5.8445 -2.5788 3.7589
6.1155 -2.5210 4.0298
7.5032 -2.2903 4.3245
9.7967 -1.3422 7.6286
8.3114 -3.2670 3.8198
11.6279 -0.3203 11.5746
9.3527 -3.2119 4.5304
6.4075 -2.5407 4.1595
4.8987 -1.9904 4.3786
10.5368 -0.4933 10.6016
8.4932 -1.1946 6.8549
11.3215 -2.9654 6.1558
8.4163 -3.2361 3.9416
7.5253 -3.0643 3.7674
9.7452 -3.3949 4.3943
7.7315 -1.1518 6.6323
10.3569 -1.6827 7.2725
8.1103 -1.9732 4.9840
2.8910 -0.9992 5.1833
12.0281 -3.3705 5.7611
0.6543 -0.1311 5.6120
11.0200 -1.8420 7.1763
5.1438 -2.3941 3.7201
9.9807 -3.3576 4.6042
13.1504 -2.5605 8.0145
13.6387 -0.1316 13.1100
7.5851 -1.8724 5.3446
8.4136 -3.2439 3.9245
10.8200 0.8802 4.8818
2.4841 -1.4871 3.9814
9.6828 0.0754 11.2355
9.3742 -3.3949 4.1801
9.6531 -2.2403 5.5144
3.6560 -0.9993 5.6250
12.7500 -1.6631 9.5616
9.2899 -3.3949 4.1315
9.1120 -3.3175 4.1820
9.0955 -2.7490 5.2991
9.0967 -2.3961 5.2039
7.2692 -2.7792 4.1845
7.5368 -2.4716 4.3372
6.5836 -2.3001 4.7381
9.0101 -3.2440 4.2689
10.0391 -2.8778 5.5888
11.7667 -2.4548 6.8107
7.8239 -3.2891 3.4944
10.9082 -2.3100 6.3411
9.9019 -3.1605 4.9494
9.5318 -3.1604 4.7357
10.7523 -2.1575 6.5615
10.5716 -3.2519 5.1550
10.2072 -3.2202 5.0075
12.0943 -2.1973 8.1243
10.4798 -2.7644 6.0680
10.8771 -3.0222 5.7867
10.9371 -2.3621 6.2573
7.4404 -2.7333 4.3744
11.3791 -3.3513 5.4244
9.6419 -3.1867 4.7473
9.7563 -3.4184 4.3542
8.9814 -2.9998 4.7362
12.0832 -3.4011 5.7323
14.0715 -1.8191 10.0158
12.7708 -2.4811 7.9528
14.1031 -0.6526 12.3456
10.7769 -3.1046 5.5654
7.9653 -2.9997 4.1495
9.6332 -3.3446 4.4294
7.5422 -3.1140 3.6787
8.0398 -1.5593 5.9749
13.5553 -2.1701 9.0221
13.7898 -0.4088 12.6479
3.7175 -1.8900 3.8955
9.0126 -2.9533 4.8464
9.2584 -3.2819 4.3371
11.4262 -3.0112 6.1256
5.9906 -1.8901 5.2080
8.6185 -1.7809 5.8751
11.8897 -3.0749 6.2669
9.2343 -3.3379 4.2123
12.2162 -0.3203 11.9144
9.3862 -1.0993 7.4896
10.2877 -3.1515 5.1900
9.4001 -3.4009 4.1832
7.6777 -3.2963 3.3957
10.2649 -3.3107 4.8614
11.4478 -2.8510 6.4555
12.6212 -2.6160 7.5990
10.9111 0.8478 5.0209
12.0180 -3.2822 5.9304
12.3255 -2.3947 7.8667
7.5315 -3.2516 3.3998
9.7342 -3.1781 4.8177
11.3467 -3.2821 5.5428
11.5843 -2.7492 6.7361
6.5070 -0.7150 5.5657
9.6175 -2.1308 5.7177
4.9401 -2.0833 4.2184
12.2318 -3.2364 6.1445
11.3795 -3.2363 5.6525
1.2155 0.1867 6.5658
9.3120 -3.2671 4.3975
11.5288 -3.3314 5.5503
11.0553 -3.1143 5.7070
7.5371 -2.8776 4.1442
9.3552 -3.3106 4.3362
11.3138 -2.7492 6.5799
8.5787 -1.1945 6.9017
8.0699 -1.6647 5.8307
8.5922 -2.1767 5.0710
12.2982 -3.2284 6.1987
9.8523 -3.2595 4.7245
5.4968 -1.9245 4.8547
10.0502 -3.2202 4.9168
5.9337 -2.5788 3.8104
7.5659 -2.0933 4.8558
10.6778 -1.7519 7.1209
8.6053 -3.3827 3.7603
9.6535 -2.9770 5.1696
11.8846 -3.0113 6.3902
9.0575 -3.0220 4.7361
5.7469 -1.7428 5.3591
12.1474 -3.3382 5.8941
10.6922 -2.8910 5.9399
7.2020 -2.7488 4.2059
9.0103 -3.2201 4.3164
12.5151 -3.0001 6.7764
6.6950 -1.1575 6.2439
8.6737 -2.9652 4.6271
11.8735 -1.4877 9.4030
4.2023 -0.9993 5.9405
11.1389 -2.0805 6.8731
9.4719 -0.4933 9.9868
10.3418 -2.9413 5.6378
8.2558 -2.5777 4.8495
7.0913 -2.7940 4.0524
12.5172 -2.7945 7.1852
7.8657 -2.9163 4.2572
10.5894 -0.3925 5.9092
11.8895 -3.3038 5.8133
7.2901 -2.9883 3.7822
9.2367 -3.1237 4.6382
6.7158 -0.9995 7.3919
7.1926 -2.6679 4.3609
11.8269 -2.9040 6.5695
13.5570 -1.4405 10.4689
7.6779 -2.3059 4.5485
7.3915 -1.6969 3.9511
7.3785 -1.8162 4.0820
8.1735 -3.1692 3.9340
12.8417 -2.8781 7.2069
7.1570 -2.9997 3.6828
9.6364 -3.1423 4.8321
8.8257 -1.5156 6.4223
7.5441 -1.2332 6.0889
6.0229 -1.1212 6.7504
11.0516 -3.2038 5.5276
11.4206 -3.1695 5.8087
11.3301 -3.2747 5.5479
8.6644 -2.2667 4.9338
12.2334 -2.4388 7.7262
11.6656 -2.9887 6.3084
9.0690 -3.0947 4.5988
4.4693 -1.2885 5.5216
12.2058 -2.9536 6.6900
10.4078 -3.1424 5.2774
7.2248 -2.9036 3.9123
10.3273 0.0754 11.6076
9.0247 -3.1514 4.4608
8.8882 -2.8777 4.9243
10.8602 -2.8231 6.1714
8.8141 -3.2200 4.2032
9.5251 -2.0554 5.9770
10.0324 -1.8259 6.7218
2.8596 -1.4872 4.1982
12.5775 -0.2280 12.3059
13.7593 -1.5782 10.3129
10.0869 -3.3380 4.7045
10.5495 -2.2158 6.4150
9.6029 -1.8782 6.5380
4.8357 -2.1968 3.9333
5.6838 -2.4382 3.9446
5.6865 -2.5210 3.7821
10.1923 -2.5225 5.9851
12.0250 -1.4775 6.4786
13.0559 -2.3487 8.3797
11.2047 -3.3447 5.3367
11.6737 -2.9167 6.4559
10.8826 0.8542 4.9293
11.5754 -3.1425 5.9515
10.7498 -2.1351 6.5986
10.6171 -3.2747 5.1362
8.3919 -3.2517 3.8965
8.2629 -1.4302 6.1046
10.8329 -3.3381 5.1352
3.8080 -1.3911 4.9364
10.7108 -2.7015 6.3263
8.9254 -2.2063 5.0042
11.6005 -2.9772 6.2937
10.2381 -2.7014 6.0533
11.1564 -3.3108 5.3761
10.0264 -3.3889 4.5687
10.5661 -1.8080 7.1461
12.9296 -2.2241 8.5537
11.1070 -3.2520 5.4641
13.2844 -1.2890 10.6116
12.3065 -2.7944 7.0635
12.5049 -2.4601 7.8407
8.3236 -3.2200 3.9200
10.6728 -2.9166 5.8780
7.0467 -3.0745 3.4708
9.1641 -3.2440 4.3578
6.9582 -3.0434 3.4814
10.4832 -3.3107 4.9874
0.6961 -0.6520 4.6037
8.3154 -3.0847 4.1833
10.3540 -3.0221 5.4846
8.7689 -3.2892 4.0400
8.1389 -3.2891 3.6763
7.5161 -2.8907 4.1061
6.9508 -0.8685 7.7871
9.4386 -2.8778 5.2421
2.1475 -0.4083 5.9250
12.1898 -2.6512 7.2801
10.1992 -2.7943 5.8469
11.2773 -1.8931 7.2093
11.5796 -0.9997 10.2003
9.9436 -2.7644 5.7584
4.8787 -2.3243 3.7055
13.8438 -0.1316 13.2284
9.8993 -2.1171 6.1636
9.7905 -3.1045 4.9959
10.2978 -2.9999 5.4962
0.4271 -0.7269 4.3000
7.3858 -2.2022 4.4497
11.9473 -3.2284 5.9961
8.5172 -2.8643 4.7365
7.0880 -1.6233 5.5884
6.9703 -0.9352 7.6662
12.2810 -3.0544 6.5337
9.1683 -3.2595 4.3296
0.3503 -0.2276 5.2452
10.1344 -0.6525 10.0539
8.3121 -1.7215 5.8111
11.0755 -3.1332 5.6813
10.5213 0.7961 5.2945
10.5018 -3.0542 5.5064
9.4058 -3.3703 4.2471
7.9736 -3.3510 3.4583
11.5761 -2.9167 6.3995
13.3203 -1.8190 9.5821
11.7270 -2.1132 8.0788
10.5398 -2.1385 6.4885
8.8594 -2.5761 5.1944
11.1255 -2.1966 6.4990
10.0917 -0.2208 5.3005
12.5452 -2.7337 7.3218
9.2486 -2.4840 5.3533
10.8519 -2.2981 6.3598
9.4280 -3.3106 4.3782
9.2411 -3.2440 4.4022
8.4351 -3.3378 3.7508
8.0323 -3.0946 4.0002
12.0893 -3.3951 5.7477
8.7877 -1.8343 5.6707
0.3354 -0.6520 4.3955
9.4755 -2.8371 5.3441
12.2443 -2.5215 7.5684
8.7179 -2.8087 4.9628
9.0806 -2.3104 5.1329
13.7138 -1.5782 10.2866
8.2238 -2.7941 4.7063
9.0696 -1.8928 5.7721
12.4585 -1.3411 10.0314
9.1152 -3.1423 4.5312
10.8524 -3.3512 5.1204
8.0017 -1.9503 5.5788
10.8368 -2.0468 6.7027
6.0934 -2.3244 4.4068
8.5215 -2.0848 5.2584
10.5154 -2.3987 6.0289
7.1129 -1.8553 4.9876
11.1986 -3.0000 6.0163
9.0297 -2.8908 4.9800
11.3533 -3.2597 5.5911
11.3561 -2.3301 6.4948
9.2779 -2.4819 5.3653
7.9906 -3.2818 3.6051
7.8764 -3.2593 3.5837
10.7091 -3.2672 5.2042
12.4604 -2.5978 7.5421
8.2287 -3.3035 3.6997
11.4510 -3.3890 5.3911
14.9683 -0.9999 12.1571
11.5714 -3.3178 5.6019
10.5800 -3.2202 5.2227
12.1708 -3.4129 5.7596
9.6248 -2.2784 5.4414
8.1179 -3.1044 4.0302
10.8133 0.8054 5.1496
8.7874 -3.2892 4.0507
12.1577 -3.0950 6.3820
11.0478 -3.2966 5.3414
15.8418 0.0752 14.7921
10.5805 -0.8687 9.8831
10.5209 -3.3950 4.8422
4.0365 -1.1788 5.4890
6.4971 -0.7272 7.8051
11.3398 -2.9887 6.1203
8.9282 -3.3639 3.9839
5.0570 -1.8901 4.6689
6.8689 -1.1561 6.2933
10.2268 -3.2202 5.0188
10.6479 -3.3704 4.9643
10.1427 -3.3176 4.7771
0.9402 -0.8682 4.3164
5.4391 -2.0222 4.6277
6.4986 -2.6155 4.0639
9.6538 -3.2518 4.6251
9.8584 -1.7728 6.7677
11.3343 -3.2597 5.5801
10.1155 -2.1115 6.2692
11.1593 -3.2894 5.4201
6.4089 -2.1969 4.8416
10.1787 -3.2362 4.9592
12.3994 -0.9998 10.6737
6.7187 -2.8228 3.7802
12.2225 -3.0950 6.4194
8.5333 -3.3175 3.8479
12.4106 -3.1607 6.3979
10.4575 0.1864 11.9029
10.0153 -3.3766 4.5866
11.2554 -2.4439 6.4903
9.5766 -3.3949 4.2970
11.2737 -3.3513 5.3636
10.2127 -3.0542 5.3395
9.1000 -3.1604 4.4864
10.0300 -2.2970 5.8823
5.4692 -1.8548 4.9769
7.6535 -2.8369 4.2921
10.7058 -3.1694 5.3960
10.9369 -3.2894 5.2917
13.1269 -2.2757 8.5654
6.1688 -1.8548 5.3808
8.1631 -3.0847 4.0954
7.7920 -3.3174 3.4199
10.6897 -2.8779 5.9645
11.2099 -2.9166 6.1881
11.8259 -2.6337 7.1045
8.3371 -1.1474 6.8241
8.1759 -3.2891 3.6977
8.2187 -1.3934 6.1549
7.4686 -1.1462 6.2809
3.0989 -1.3406 4.6269
9.6327 -3.1781 4.7591
5.2237 -2.2496 4.0527
12.7657 -1.4878 9.9182
14.5194 -1.3917 11.1214
8.4048 -3.2118 3.9830
10.9021 -3.0543 5.7376
9.9393 -3.0748 5.1408
7.9898 -2.4403 4.5970
6.2478 -2.0223 5.0946
9.3400 -0.3202 10.2535
12.3229 -3.3247 6.0222
7.9116 -0.7272 8.6219
9.3476 -1.9470 5.7269
3.1798 -1.6207 4.1186
7.9499 -1.7566 5.5739
7.9880 -2.9532 4.2548
11.1655 -3.3705 5.2631
7.9536 -3.2891 3.5693
3.3968 -0.4930 6.4787
12.0864 -1.4479 6.4943
12.4922 -3.0439 6.6765
9.1496 -1.7195 6.0537
8.7829 -0.4932 9.5889
10.5982 -3.1515 5.3693
2.6850 -0.9350 5.1917
7.1768 -1.7254 5.4380
10.5751 -2.1583 6.4618
10.2557 -3.3245 4.8287
10.2314 -3.1953 5.0707
6.8891 -1.2981 6.0403
6.1814 -2.3482 4.4104
10.7723 0.0375 5.6212
11.9074 -3.3705 5.6914
7.4307 -1.2072 6.5870
4.5338 -0.5742 6.9743
11.7378 -2.2810 6.9105
8.4645 -0.9995 8.4016
7.4197 -2.0016 4.9707
9.9244 -2.7335 5.8086
5.2751 -1.2347 6.0937
8.1536 -3.3174 3.6287
7.9885 -3.0109 4.1407
8.7118 -2.3148 4.9309
8.1904 -3.0435 4.1928
0.4088 0.1867 6.1000
9.1014 -1.7251 6.2886
5.2224 -1.8548 4.8343
9.2903 -3.3036 4.3126
10.0650 -3.1867 4.9916
10.3224 -2.1177 6.4096
11.4473 -2.1587 6.8605
8.5772 -3.1330 4.2389
7.4417 -2.8907 4.0631
11.6036 -3.3891 5.4793
5.7477 -2.4383 3.9815
8.9474 -3.1141 4.4900
14.1945 0.0753 13.8408
13.2025 -2.5412 8.0828
13.5704 -0.1316 13.0705
12.0891 -3.2443 6.0466
8.3191 -3.3702 3.6197
11.1051 0.9278 4.7938
7.6423 -1.1974 6.4421
12.4910 -2.8233 7.1130
9.9452 -3.2120 4.8724
11.8604 -1.1793 10.0068
5.6364 -2.5788 3.6387
10.5830 -2.2036 6.3973
11.8323 -2.7944 6.7898
10.2323 -3.2596 4.9439
9.6733 -3.1781 4.7825
7.5977 -3.2199 3.5009
10.0798 -2.7176 5.9299
13.2956 -2.0228 9.1640
7.7319 -3.1044 3.8074
7.6128 -2.2323 4.6692
9.3029 -3.1423 4.6395
5.7389 -2.2751 4.2997
8.5216 -3.3035 3.8688
10.9922 -3.2442 5.4132
8.9165 -2.1963 5.2232
3.2388 0.0756 7.5142
9.4415 -2.9533 5.0940
12.0120 -1.7302 6.6401
10.6227 -0.0305 11.5685
11.7374 -3.1869 5.9571
12.9466 -2.7647 7.4922
8.8705 -3.4126 3.8542
12.0855 -3.2039 6.1246
12.1316 -3.3706 5.8209
11.7174 -1.1215 10.0386
3.0361 -1.0612 5.1442
10.2907 -3.3512 4.7960
10.8656 -3.1332 5.5601
2.0185 -0.6521 5.3673
11.7524 -3.2284 5.8836
5.3046 -1.8548 4.8818
9.7918 -2.2036 6.1549
3.7181 -1.2885 5.0878
6.1900 -2.6846 3.7487
11.1765 -2.4508 6.4608
8.3772 -3.4008 3.5927
12.1813 -3.2284 6.1312
10.9345 -3.2442 5.3799
9.1777 -2.8230 5.1999
5.4177 -2.1415 4.3790
11.7630 -3.1425 6.0599
8.7391 -3.0220 4.5523
10.7545 -2.8088 6.1387
8.1187 -3.0946 4.0501
10.3595 -3.4069 4.7254
7.9150 -3.2669 3.5909
7.2663 -3.0327 3.6805
8.1479 -1.5953 5.9828
10.5048 -3.2283 5.1632
11.0293 -1.3915 9.1061
5.3472 -2.3481 3.9288
9.5696 -2.4844 5.5394
9.1989 -3.4008 4.0671
9.8929 -2.8088 5.6412
7.7855 -3.1691 3.7099
8.0413 -2.7174 4.7529
12.4393 -2.8233 7.0831
7.9229 -2.2663 4.7572
11.8355 -2.0378 6.8036
10.5604 -2.4855 6.1139
12.0714 -1.7038 9.0892
11.1151 -2.8779 6.2101
9.5575 -2.6849 5.6930
8.1278 -3.3826 3.4846
10.4238 -3.1781 5.2159
11.4319 -3.3038 5.5491
10.8922 1.0228 4.7715
5.6363 -1.6627 5.4541
9.1234 -1.3991 7.3490
7.6126 -2.5717 4.4653
11.7328 -2.7177 6.8843
11.3110 -2.4859 6.5478
10.8030 -2.0309 6.7545
12.0066 -3.0647 6.3547
9.4807 -3.1867 4.6542
11.3570 -2.6682 6.7653
6.7673 -2.9162 3.6231
11.1741 -3.0112 5.9800
11.2765 -2.0021 7.1984
6.1364 -2.1695 4.7384
12.4382 -2.7945 7.1396
11.3631 -3.2894 5.5378
12.3306 -3.1783 6.3168
11.9259 -3.3891 5.6653
9.1735 -1.2981 7.3578
8.2003 -2.0961 5.2319
11.1395 -3.1238 5.7368
11.6744 -3.2284 5.8385
11.2740 -1.7488 7.6854
11.3746 -1.3411 9.4055
6.4968 -0.4085 8.4365
8.7611 -2.0211 5.5396
11.1349 -1.1792 9.5878
10.6265 -3.3037 5.0841
10.5424 -3.1694 5.3017
6.2811 -2.1695 4.8220
7.8705 -3.3702 3.3607
13.1373 -2.4602 8.2058
10.5019 0.0276 5.5069
10.6595 -2.9654 5.7736
7.7828 -3.2669 3.5147
8.4620 -1.4345 6.2655
9.9771 -3.1515 5.0107
8.9531 -1.9734 5.4711
6.6016 -2.5973 4.1594
7.4103 -3.1043 3.6217
11.8459 -3.0749 6.2416
12.2122 -1.3411 9.8892
7.7558 -3.3174 3.3990
10.6164 -2.0715 6.6653
8.1565 -3.2963 3.6721
9.9896 -2.9534 5.4104
10.8108 -3.4128 4.9744
9.1643 -3.3703 4.1077
7.5580 -0.7272 8.4177
8.4245 -3.2118 3.9944
-0.8553 -0.3198 4.3661
12.1550 -1.9910 8.5683
11.5097 -3.0949 6.0079
4.2760 -1.8547 4.2879
12.6416 -1.6213 9.5820
8.4951 -2.4552 4.9232
7.2381 -1.4697 5.9431
7.3148 -2.0070 4.1937
8.1806 -1.1513 6.8725
9.3187 -3.1045 4.7235
11.3126 -2.2444 6.5655
10.9931 -3.3829 5.1389
7.2587 -2.1301 4.1641
8.8009 -3.3948 3.8491
8.3887 -3.3175 3.7644
11.6998 -3.2520 5.8063
7.8463 -2.9651 4.1494
8.0451 -3.3174 3.5660
2.5107 -0.0302 6.8841
10.9465 -1.5304 7.7799
8.5419 -3.4067 3.6760
12.6666 -1.1216 10.5867
7.7364 -2.3739 4.4385
7.7892 -2.0599 4.8675
10.1398 -3.1781 5.0519
10.7120 -3.3512 5.0393
10.1276 -3.3446 4.7148
5.8299 -1.4400 6.0071
10.0349 -3.2965 4.7566
10.9621 -2.7492 6.3768
8.3455 -3.2118 3.9488
10.5540 -3.3512 4.9481
12.2096 -3.0851 6.4317
7.6719 -3.2034 3.5764
9.8225 -3.2282 4.7693
12.0726 -3.3038 5.9190
11.5884 -3.2038 5.8376
9.6925 -3.4068 4.3403
9.7879 -2.7335 5.7298
6.6554 -2.8085 3.7720
9.1920 -3.3765 4.1113
11.1692 -1.4877 8.9963
8.4333 -3.1236 4.1744
10.2883 -1.9215 6.7678
10.1838 -3.3245 4.7872
11.4119 -2.8910 6.3554
9.8335 -2.3953 5.6273
6.9562 -2.6507 4.2583
11.9633 -3.0950 6.2698
9.8489 -3.4127 4.4191
6.2667 -2.7332 3.6968
11.3120 -0.9354 10.1732
9.3964 0.0754 11.0701
12.0135 -3.1144 6.2603
11.3057 -2.3995 6.4870
13.8211 -1.8191 9.8712
12.7501 -1.0618 10.7534
7.3700 -1.8663 5.1904
13.3653 -0.1316 12.9521
10.1013 -3.1515 5.0824
11.2305 -3.3890 5.2639
9.9917 -3.2671 4.7900
12.2216 -2.8373 6.9296
12.5381 -0.7995 11.1508
5.1503 -1.6627 5.1735
11.9490 -2.5604 7.3209
9.8255 -1.6476 7.0214
14.6478 -1.2352 11.5057
11.6003 -3.3642 5.5266
8.2396 -2.8643 4.5763
9.1815 0.0754 10.9460
12.2207 -2.9040 6.7969
9.7564 -1.6447 6.9602
4.8284 -1.4400 5.4288
11.0992 -2.7177 6.5184
4.6511 -1.8900 4.4345
12.5164 -2.8780 7.0191
12.7807 -2.7945 7.3373
11.3781 -2.7015 6.7116
8.6304 -3.3378 3.8636
10.0453 -2.1226 6.1507
7.7711 -3.3034 3.4356
4.9608 -0.3200 7.7247
10.3670 0.6548 5.5378
5.1633 -2.1127 4.2890
10.6450 -2.3457 6.1230
5.4139 -1.3407 5.9637
10.3495 -3.3313 4.8694
12.1380 -1.2248 6.3749
7.8332 -3.3510 3.3772
14.7496 -1.2352 11.5645
10.5908 0.0020 5.5585
9.3507 -3.3445 4.2663
12.7735 -2.6683 7.5832
11.1268 -2.1773 6.5355
11.4331 -2.9040 6.3421
4.7348 -2.2496 3.7704
11.0324 -3.1782 5.5672
11.6701 -3.2364 5.8202
11.8607 -3.3178 5.7690
8.8982 -2.9037 4.8785
10.6828 -1.7792 7.0567
8.1531 -3.1692 3.9222
10.1572 -2.8645 5.6835
7.7639 -3.2669 3.5038
10.2205 -3.3512 4.7555
6.8915 -2.6846 4.1538
10.7469 -3.2672 5.2260
7.8532 -3.0328 4.0193
8.4380 -0.9471 7.2280
9.0617 -2.9164 4.9478
10.1684 -2.8371 5.7442
10.5250 -2.7335 6.1554
13.8204 -0.9998 11.4943
15.8262 -0.1317 14.3732
12.2312 -3.3891 5.8416
9.9168 -2.7644 5.7430
11.0925 -1.6978 7.5203
9.8907 -2.4848 5.7257
10.8762 -3.0112 5.8080
7.4050 -0.4932 8.7932
12.3665 -2.7178 7.2501
11.9275 -3.3247 5.7939
11.5123 -3.1954 5.8103
3.8392 -0.0302 7.6513
10.3673 -3.1868 5.1661
8.2562 -2.9164 4.4827
11.4617 -1.7037 8.7372
11.7406 -2.8780 6.5712
8.5830 -2.8908 4.7221
12.1660 -2.5978 7.3721
8.7279 -3.3244 3.9466
10.8949 -1.9996 6.8241
10.3748 -2.9039 5.7311
10.1943 -3.2596 4.9220
11.7626 -3.1783 5.9888
9.6687 -1.8971 6.4764
12.4181 -2.2501 8.2067
14.1892 -1.2352 11.2409
10.1887 -3.3313 4.7765
11.5004 -2.0787 7.0754
6.8634 -2.6846 4.1376
10.0950 -0.1202 5.2922
6.6834 -2.9035 3.5998
11.1545 -3.3246 5.3476
10.9637 0.8796 4.8899
12.9327 -1.8906 9.2163
8.2020 -3.2439 3.8023
11.1900 -1.7828 7.3692
7.2215 -2.2516 4.2239
15.1977 -0.7996 12.6865
11.0159 -2.4409 6.3451
4.6022 -2.0833 4.0233
10.7801 0.8041 5.1032
13.2343 -1.2890 10.5827
9.8864 -3.4009 4.4640
10.8751 -3.2283 5.3771
9.3091 -1.9522 5.7248
10.3715 -3.1953 5.1516
8.2032 -2.0491 5.0684
12.2494 -2.9292 6.7635
9.0679 -3.2440 4.3022
7.8878 -3.3702 3.3707
9.3565 -3.2440 4.4689
-1.0525 -0.2275 4.4351
11.7756 -3.2822 5.7904
9.2294 -3.3888 4.1085
9.8172 -1.3845 7.5498
9.7139 -3.1142 4.9326
6.2993 -2.5210 4.1360
5.6869 -1.4400 5.9245
9.7761 -3.0111 5.1728
12.6065 -2.3249 8.1674
8.8962 -3.0947 4.4990
5.4540 -0.5743 7.5057
8.1555 -3.3035 3.6575
13.9415 -1.5782 10.4180
9.3433 -3.2892 4.3716
9.6680 -2.6205 5.6885
13.7111 -0.9998 11.4312
11.6594 -1.3915 9.4700
7.7098 -3.1950 3.6149
11.2173 -0.2835 7.9957
13.0620 -0.5746 11.8989
7.9840 -2.3879 4.5422
9.7727 -2.5293 5.6877
6.6725 -1.2952 5.8633
9.0348 -3.0220 4.7230
3.6994 -0.0302 7.5705
7.1053 -1.1557 6.4148
4.6963 -2.2235 3.7999
11.0152 -2.8510 6.2057
8.2372 -2.0918 5.0055
10.4678 -1.6827 7.3370
11.0444 0.1864 12.2418
9.5627 -2.9038 5.2622
12.6181 -3.0113 6.8137
9.4222 -3.3576 4.2818
2.8959 -0.4930 6.1894
10.4454 -3.3446 4.8984
7.9509 -3.2200 3.7047
2.5548 -0.2277 6.5182
9.6770 -1.6713 6.8028
8.0610 -3.3574 3.4959
10.2234 -3.0330 5.3877
8.8174 -1.7152 6.0650
5.9010 -2.5210 3.9060
10.0201 -1.9727 6.3549
10.7372 -3.3829 4.9912
8.8224 -3.3888 3.8735
11.7875 -3.3448 5.6732
8.0107 -3.0946 3.9877
8.1876 -2.8776 4.5198
10.4768 0.2385 5.3925
6.9727 -1.4943 5.5682
14.0370 -1.1794 11.2636
9.2564 -3.0541 4.7874
10.1544 -2.1882 6.0063
12.1224 -3.0001 6.5497
8.4657 -3.1513 4.1381
11.0328 -3.1606 5.6024
10.2823 -3.3380 4.8173
8.7440 -2.8087 4.9779
8.8562 -3.2964 4.0762
9.6798 -2.9534 5.2316
11.4566 -3.1239 5.9199
9.5977 -3.2362 4.6237
9.2744 -2.5397 5.4231
9.5018 -1.9852 6.1061
9.7796 -2.9290 5.3375
9.5393 -2.1264 5.6588
9.4751 -2.0924 5.5163
8.3752 -1.5365 5.9773
10.1761 -1.8966 6.7669
11.1418 -0.2281 8.0207
8.5680 -3.3888 3.7266
12.1772 -1.8552 8.8501
15.1033 -0.7276 12.7747
7.9463 -3.1044 3.9312
12.3556 -3.0223 6.6403
11.4990 -3.2747 5.6454
7.8251 -2.1515 4.7476
8.5745 -3.3765 3.7548
10.4574 -0.0625 5.6005
11.5157 -2.1844 6.7810
11.2786 -2.9414 6.1786
6.3189 -2.3942 4.3986
10.4698 0.4135 5.5414
6.9464 -1.4567 5.6330
11.8701 -3.3951 5.6211
11.8740 -2.7646 6.8730
7.2914 -2.9411 3.8766
11.9205 -1.4877 9.4301
4.3362 -0.4930 7.0211
7.6855 -3.1779 3.6349
6.5363 -2.8775 3.5664
11.9393 -2.8373 6.7666
7.2277 -3.0846 3.5553
8.4780 -3.0540 4.3380
9.3397 -1.9332 5.9477
11.0565 -3.0849 5.7659
8.6025 -3.0747 4.3691
9.9593 -3.4068 4.4944
9.7023 -2.7644 5.6191
10.1028 -3.3576 4.6747
10.3995 -3.4185 4.7255
8.2913 -3.3444 3.6546
3.8536 -0.9350 5.8665
9.3252 -3.3511 4.2386
7.2493 -2.7940 4.1437
6.3334 -2.5599 4.0786
7.2333 -2.0301 4.6916
11.5283 -1.5781 9.0246
10.5742 -3.3107 5.0399
6.7818 -2.9035 3.6566
10.7969 -3.0949 5.5964
10.3610 0.4009 5.5617
9.6693 -2.1327 6.0838
12.0450 -1.5336 9.4111
12.2273 -3.4070 5.8038
11.5171 -3.0749 6.0518
7.7245 -3.2593 3.4960
9.3740 -2.9999 4.9629
13.0686 -2.3006 8.4824
8.4464 -2.1004 5.1548
8.2404 -3.4125 3.4904
9.7752 -3.3766 4.4480
6.9396 -2.9531 3.6495
10.5440 -2.7014 6.2299
13.4800 -1.7817 9.7482
5.6610 -1.7428 5.3095
9.3330 -2.9412 5.0553
12.4040 -3.0648 6.5842
6.4947 -0.8075 5.6205
7.9068 -3.1513 3.8154
0.0394 -0.1311 5.2569
5.4721 -2.5210 3.6583
8.9973 -3.2361 4.2771
11.1840 -2.9291 6.1484
11.3988 -3.1047 5.9245
11.8992 -1.7581 6.6920
6.6014 -2.8368 3.6847
10.3858 -0.0419 5.4620
11.4410 -3.4128 5.3383
5.9495 -2.4165 4.1412
10.3053 -3.2202 5.0641
11.2226 -2.8232 6.3806
5.5373 -0.4084 7.8825
10.4924 -3.3313 4.9519
2.0715 -0.9992 4.7101
5.3923 -1.8185 5.0044
0.7307 -0.5741 4.7782
8.8558 -2.0553 5.2424
12.8801 -2.5605 7.8585
11.4355 -3.1239 5.9077
7.7418 -3.2516 3.5212
11.8258 -3.3642 5.6568
11.6083 -3.2038 5.8491
5.2045 -0.6522 7.2071
13.6224 -1.1794 11.0242
8.3076 -3.2818 3.7881
11.9046 -3.1783 6.0708
11.8556 -3.4129 5.5777
9.3304 -3.0221 4.8937
11.6609 -3.0949 6.0952
7.9099 -3.1951 3.7304
12.6085 -2.8090 7.2091
7.4452 -3.0846 3.6809
4.4658 -0.9351 6.2200
8.0814 -2.4039 4.6363
12.5053 -2.3249 8.1089
10.8973 -3.2596 5.3278
7.4915 -1.2017 3.7224
10.9618 -2.7336 6.4076
8.4053 -3.0746 4.2552
12.1543 -3.1239 6.3227
8.2649 -1.8977 5.4922
8.1399 -2.8507 4.5456
9.0809 -1.1214 8.5162
8.7688 -2.9164 4.7787
3.5373 -1.7032 4.1615
8.3752 -3.1780 4.0330
8.3166 -2.9769 4.3977
11.6620 -3.3768 5.5373
9.4380 -3.1331 4.7358
11.5155 -1.0617 10.0405
12.1858 -2.8511 6.8816
10.5898 -0.3642 5.9066
11.9149 -2.6851 7.0542
1.7288 -0.7989 4.9090
9.7919 -3.3106 4.5883
10.4983 -3.2596 5.0975
12.0791 -3.0850 6.3563
8.9566 -3.3511 4.0258
0.0560 -0.5740 4.3886
11.9565 -1.7816 8.8685
8.0823 -3.3034 3.6152
9.5460 -3.3176 4.4325
10.6905 -3.0000 5.7229
7.5265 -3.1865 3.5259
11.2531 -2.3697 6.4581
8.6591 -3.1780 4.1970
9.3923 -3.4068 4.1670
10.0580 -0.3889 5.6208
9.0163 -3.2594 4.2419
8.6538 -1.1988 7.0639
11.6743 -2.7944 6.6985
9.3686 -1.0616 8.8008
10.5861 -2.8645 5.9311
10.5161 -3.3447 4.9391
13.8078 -1.6213 10.2553
7.2089 -1.2967 6.1992
6.5635 -0.2278 8.8330
10.7073 -3.2596 5.2181
7.9869 -2.8086 4.5407
8.5012 -0.2279 9.9520
8.4855 -2.1560 5.0428
12.0569 -2.6337 7.2379
11.8426 -3.3178 5.7585
4.3354 -1.9244 4.1841
6.8350 -1.5320 5.4225
8.4130 -3.3948 3.6252
8.0731 -2.3281 4.6714
10.7432 -3.1515 5.4530
11.9483 -3.2520 5.9499
12.3157 -3.0648 6.5332
8.3607 -2.9884 4.4003
12.6127 -2.9292 6.9732
8.9327 -3.1045 4.5007
8.4643 -3.0946 4.2496
11.7828 -3.3513 5.6575
5.5835 -1.7033 5.3430
8.6974 -3.3445 3.8891
10.3633 -1.4929 7.5105
15.2457 -0.6527 13.0054
10.2161 0.0999 5.3299
12.1702 -1.9584 8.6417
11.0295 -3.2894 5.3452
9.1376 -1.8467 5.9313
11.7135 -3.3768 5.5670
8.2980 -2.1270 4.7551
13.0253 0.1863 13.3857
7.8464 -1.2894 6.4339
7.3059 -2.6679 4.4263
11.0091 0.8946 4.8620
8.9061 -2.7490 5.1898
12.6792 -0.8688 11.0949
10.6184 -2.4380 6.1089
8.4271 -2.9164 4.5814
11.9126 -3.1954 6.0414
12.7822 -2.9293 7.0711
10.7378 0.7888 5.1379
11.9847 -1.5465 6.5420
8.4798 -3.1692 4.1108
10.4515 -3.1953 5.1978
4.9802 -2.3481 3.7169
7.5255 -2.3229 4.2663
8.0652 -1.2438 6.6185
6.2065 -2.7791 3.5709
9.4910 -3.2119 4.6102
8.4976 -2.2372 4.9213
9.5378 -0.1314 10.7418
8.2913 -1.6045 6.1365
8.4338 -1.6310 6.0980
9.2877 -3.2892 4.3396
8.3536 -3.3702 3.6396
6.8527 -2.6678 4.1646
9.4051 -1.1915 7.2975
9.4354 -2.7942 5.4059
10.9082 1.0097 4.7538
9.4164 -3.2745 4.4430
10.7931 -3.2037 5.3784
7.8913 -3.2118 3.6866
11.1382 -3.3108 5.3656
11.4156 -3.2442 5.6577
10.2710 -0.4086 10.6160
12.1823 -1.2890 9.9753
9.0721 -3.0329 4.7231
12.0381 -3.4129 5.6830
7.5944 -2.2159 4.7096
10.8396 -3.3829 5.0502
9.6997 -3.4126 4.3329
8.0364 -2.2452 4.8553
7.3283 -2.7940 4.1893
13.9141 -0.2281 13.0778
8.3155 -2.2344 4.9854
12.1787 -2.0227 8.5191
12.2720 -1.9910 8.6359
7.7958 -2.9411 4.1678
12.0378 -0.7274 11.0045
8.3264 -2.2424 5.0146
10.8264 -2.9771 5.8467
8.0611 -1.9080 5.2564
7.1698 -1.8888 4.9950
7.6448 -2.2758 4.6231
12.3188 -1.8190 9.0038
5.8968 -1.5332 5.8611
9.9756 -3.0646 5.1821
8.7770 -1.8376 5.8602
10.1265 -1.9937 6.5009
9.3635 -3.2201 4.5203
12.5910 -3.0750 6.6719
8.6059 -3.2819 3.9604
12.2690 -2.8090 7.0131
8.6253 -3.2440 4.0467
11.3836 -3.3381 5.4531
12.5031 -3.1517 6.4691
7.6702 -3.0219 3.9351
12.7522 -2.7178 7.4728
13.6856 0.1863 13.7670
9.6030 -1.6899 6.8865
8.8420 -3.4067 3.8493
5.5331 -0.8684 6.9685
12.0360 -1.3147 6.4521
11.1704 -3.3381 5.3301
11.0118 -3.2038 5.5047
7.4812 -3.0643 3.7419
7.4989 -0.2278 9.3732
7.3874 -1.7638 3.9935
7.7117 -1.1030 6.7299
11.1715 -1.9898 6.9459
5.4435 -2.1968 4.2842
9.6757 -3.1604 4.8188
12.8334 -2.0228 8.8971
10.1546 -2.1288 6.1247
10.1373 -3.2595 4.8890
11.8507 -3.3768 5.6463
6.1681 -2.7173 3.6713
12.5616 -2.6512 7.4948
8.2684 -2.1086 4.7743
11.4070 -3.3705 5.4025
11.9165 -3.0331 6.3653
10.8861 -2.8231 6.1863
10.9014 -2.1388 6.5879
12.0656 -1.9249 8.6476
11.6578 -3.3246 5.6382
0.3627 -0.5741 4.5657
2.4575 -0.4930 5.9363
8.0456 -1.4123 6.2832
10.3317 -3.3889 4.7449
9.9719 -2.8509 5.6034
9.6689 -3.1331 4.8691
5.8293 -2.3942 4.1159
9.5622 -1.4341 7.4212
12.6824 -2.9536 6.9652
11.0141 -2.9654 5.9784
8.6406 -3.3510 3.8434
10.1957 -3.2893 4.8638
9.1333 -3.1693 4.4881
10.4582 -3.3704 4.8547
6.9572 -3.0108 3.5453
8.8312 -2.8908 4.8654
7.2450 -2.0080 4.7503
5.9014 -1.6627 5.6071
8.5575 -1.2798 6.6704
7.8046 -3.1603 3.7386
7.2913 -2.0522 4.1309
10.7661 0.0396 5.6922
10.6430 -3.4069 4.8891
7.2270 -3.0434 3.6366
8.7836 -3.0644 4.4938
11.5327 -3.0331 6.1437
10.5444 -3.3704 4.9045
7.2942 -2.0142 4.1072
10.2029 -2.6849 6.0657
12.4496 -3.1048 6.5312
11.6233 -3.2520 5.7622
7.4722 -2.9768 3.9102
4.4451 -2.0531 3.9924
12.0527 -3.1954 6.1223
9.0975 -2.8644 5.0716
9.1560 -2.2701 5.2261
9.7283 -2.8644 5.4358
12.3881 -3.2521 6.2038
7.5019 -1.3613 3.7904
13.1517 -2.2502 8.6302
11.5497 -2.2939 6.6695
8.4237 -1.8877 5.5384
10.2457 -2.9413 5.5823
8.2436 -2.1107 4.9640
10.3855 -2.9886 5.5693
9.6568 -2.2104 5.7846
12.2151 -3.3247 5.9599
10.9356 -2.4872 6.3342
8.6124 -2.9412 4.6393
1.7612 -1.2345 4.0647
7.9610 -2.2960 4.5256
8.7635 -3.3510 3.9143
10.1140 -0.2466 5.3140
8.1500 -2.9998 4.2562
10.3836 -2.7943 5.9533
10.0312 -3.1953 4.9552
7.4107 -1.7762 5.3749
12.0395 -1.8905 8.7006
10.0768 -2.3323 5.8385
8.0596 -3.3826 3.4452
10.3826 -3.3889 4.7743
8.7642 -3.2964 4.0230
12.2821 -0.8688 10.8656
9.6920 -2.8509 5.4418
7.7732 -3.0946 3.8506
8.6384 -3.4125 3.7202
8.5066 -3.2517 3.9628
4.7184 -2.1127 4.0321
11.1449 -3.3951 5.2024
7.1343 -1.2894 6.0243
9.7874 -2.6510 5.8930
5.6169 -1.9245 4.9241
11.0387 -2.9291 6.0645
11.4957 -3.2363 5.7196
9.4595 -1.5451 6.6754
9.0421 -3.4067 3.9648
9.5534 -2.8087 5.4452
6.5928 -0.3657 5.3816
9.5833 -1.0616 8.9248
12.6289 -1.3916 10.0298
8.1390 -2.0229 5.3243
8.6041 -2.2872 4.8744
7.4641 -1.4643 3.9320
10.9198 -3.3108 5.2395
12.2798 -2.6851 7.2648
8.1827 -3.2439 3.7912
5.6266 -2.4164 3.9547
11.0308 -1.2350 9.4172
10.6962 -3.3577 5.0173
11.1062 -3.0000 5.9629
8.9332 -2.0116 5.6030
9.6292 -3.2119 4.6900
8.4865 -2.7013 5.0420
12.3136 -1.7433 9.1508
8.6890 -3.2670 4.0378
9.0567 -3.3379 4.1097
10.1454 -3.2965 4.8204
9.9531 -3.2441 4.8133
9.9077 -3.3889 4.5001
7.9853 -1.5625 5.9703
5.9597 -1.6208 5.7238
8.3760 -2.3145 4.7362
7.0867 -2.8776 3.8842
7.0735 -2.9768 3.6800
7.5399 -0.5744 8.7101
10.5996 -3.2202 5.2340
8.7397 -3.1045 4.3892
9.5094 -3.3703 4.3069
7.8852 -3.3444 3.4202
13.7048 -1.4878 10.4604
15.2264 0.1862 14.6568
10.2606 -1.9527 6.7203
5.4237 -2.4596 3.7521
2.8168 -1.2884 4.5674
8.0416 -2.7012 4.7851
8.1951 -2.1093 5.1535
9.0836 -1.9007 5.8148
8.3507 -2.6848 4.9963
11.2339 -3.0647 5.9086
6.6034 -0.2832 5.3326
9.9426 -3.4068 4.4847
13.1136 -1.3916 10.3097
11.1768 -2.9887 6.0262
12.4011 -3.0223 6.6666
11.3987 -2.9414 6.2480
10.6082 -3.3037 5.0735
5.3454 -0.4084 7.7717
11.5060 -3.1047 5.9864
12.1258 -1.7816 8.9663
9.7047 -3.1045 4.9464
9.6806 -1.5755 7.0571
10.2290 -3.3380 4.7865
11.7152 -3.2895 5.7411
5.4776 -2.0222 4.6499
11.7965 -2.3248 7.6997
11.6679 -3.2748 5.7429
10.3309 -2.7943 5.9229
12.4489 -3.0851 6.5699
8.6151 -1.4851 6.4248
11.8593 -2.2501 7.8840
9.7476 -3.1045 4.9711
6.9794 -1.3848 5.9186
9.8866 -3.1423 4.9765
8.6055 -3.3510 3.8231
9.6662 -1.8420 6.5939
10.4230 -3.2202 5.1321
5.8393 -0.4931 7.8891
0.3433 -0.0301 5.6325
10.3385 -1.7471 7.1354
8.1516 -2.1276 5.3141
12.1001 -2.8646 6.8052
9.0720 -3.2819 4.2295
11.2983 -3.3246 5.4306
12.4896 -2.5604 7.6330
7.2183 -2.8907 3.9342
11.3624 -1.8681 7.5034
9.5554 -3.0848 4.8992
6.3392 -1.1212 6.9331
7.2127 -3.1329 3.4511
11.4679 -3.1516 5.8714
9.3592 -2.9652 5.0229
8.0084 -3.3826 3.4157
11.8015 -3.4186 5.5349
10.9883 -2.0839 6.6791
8.5510 -3.3888 3.7169
11.4297 -2.8232 6.5002
9.4235 -1.2568 7.6852
13.1803 -2.3249 8.4987
8.9578 -2.2471 5.0523
10.6933 -2.3358 6.2032
2.8847 -0.7990 5.5765
9.6252 -2.8909 5.3239
-0.0505 -0.2275 5.0137
6.9359 -2.6155 4.3164
9.0185 -3.1045 4.5502
8.8797 -2.1098 5.1308
15.0821 -0.7996 12.6197
1.6998 -0.4083 5.6665
7.1567 -1.5859 5.6881
8.1064 -3.2360 3.7627
10.6996 -0.1315 11.4128
9.8249 -3.0948 5.0352
11.7424 -3.1783 5.9771
7.9732 -2.3095 4.7284
11.4858 -3.2121 5.7619
11.4052 -3.2747 5.5912
8.0255 -3.3826 3.4255
11.1091 -3.2283 5.5121
5.2404 -2.0833 4.3918
9.9564 -2.9038 5.4895
9.6095 -3.2119 4.6786
8.5004 -2.7489 4.9555
7.0538 -1.6048 5.4255
11.7196 -3.2822 5.7581
8.3552 -3.0110 4.3524
4.0840 -1.3406 5.1957
11.5706 -3.4186 5.4016
12.3770 -0.2280 12.1901
4.2550 -2.0531 3.8826
11.1024 -1.5446 7.9983
7.6904 -3.2744 3.4464
9.2676 -3.1780 4.5483
10.4687 0.3639 5.5465
7.2080 -2.9651 3.7809
12.2205 -3.4129 5.7883
12.7942 -1.6632 9.5871
7.2554 -2.1699 4.1889
8.8984 -3.1236 4.4429
6.3254 -1.2532 5.8208
7.6294 -2.4894 4.4309
10.4364 -3.0000 5.5762
11.9800 -0.9355 10.5590
13.0218 -2.4170 8.2246
7.4773 -1.4054 3.9088
12.5063 -1.9249 8.9020
10.4704 -3.1424 5.3136
9.1935 -2.9038 5.0490
7.4693 -2.8228 4.2136
8.1508 -1.8087 5.5465
10.5646 -2.8779 5.8922
10.7289 -0.1663 5.5916
10.8813 -3.2894 5.2596
7.8803 -3.0847 3.9321
12.2739 -3.3038 6.0353
10.2050 -2.1820 6.3242
7.6055 -3.2439 3.4579
10.7484 -3.1782 5.4032
10.4799 -2.0252 6.6840
4.5293 -1.8900 4.3642
12.2106 -3.4070 5.7942
10.2290 -2.2224 5.9657
6.9343 -3.0108 3.5321
8.8109 -3.2819 4.0788
9.1779 -3.3576 4.1407
11.9241 -1.9037 6.7054
13.2650 -2.2757 8.6452
9.0843 -3.3639 4.0740
11.4536 -3.3829 5.4047
10.2339 -3.3704 4.7252
4.6130 -1.2346 5.7114
8.5414 -3.2594 3.9676
9.5605 -3.2036 4.6668
8.1217 -2.7489 4.7369
9.3524 -3.3576 4.2415
9.4890 -2.9290 5.1697
16.3271 0.1862 15.2924
11.0104 -3.3513 5.2116
10.4031 -3.3313 4.9003
11.3101 -1.4877 9.0777
12.0117 -3.2895 5.9123
12.9335 -2.6512 7.7095
11.2961 -3.1782 5.7195
10.0773 -3.3889 4.5980
10.9763 -3.3950 5.1051
10.5861 -3.3890 4.8918
9.3149 -2.9885 4.9512
10.7107 0.0230 5.5471
8.7034 -1.6485 6.0859
10.9911 -3.0646 5.7684
8.2942 -0.3202 9.6495
10.3398 -3.2820 4.9615
7.8853 -2.2273 4.8116
11.9433 -1.5925 6.6146
9.5144 -1.8699 6.6506
10.6884 0.0253 5.5403
10.4311 -3.3512 4.8771
8.7731 -3.3105 4.0001
7.8771 -2.0665 5.0663
10.3585 -3.2820 4.9722
9.4617 -2.7942 5.4211
8.0108 -1.1467 6.6087
10.9083 1.0237 4.7515
7.8915 -1.6349 5.5254
8.9921 -0.6524 9.3942
9.4922 -3.3827 4.2723
9.6578 -3.2201 4.6903
11.3201 -1.3915 9.2741
10.8701 -3.1782 5.4735
12.8317 -2.5793 7.7932
0.2034 -0.0301 5.5517
6.5165 -1.1542 6.0218
9.5373 -1.4173 7.2042
7.1660 -3.0539 3.5805
13.7222 -1.6632 10.1230
12.4754 -2.6159 7.5148
7.3643 -2.7489 4.2996
5.3382 -0.4931 7.5997
10.6700 -2.3520 6.1530
7.8405 -2.0430 5.0905
12.9343 -2.3720 8.2633
10.0914 -1.8805 6.6415
11.3646 -2.7645 6.5789
5.5560 -2.4382 3.8708
5.2805 -2.3481 3.8903
11.7801 -2.3693 6.7614
10.0829 -2.9886 5.3946
6.6739 -0.7272 7.9072
13.0185 -1.0618 10.9084
10.4437 -2.5740 6.1044
11.9496 -3.1144 6.2234
12.6696 -2.7178 7.4251
5.8896 -2.6678 3.6086
9.6148 -1.8644 6.1199
6.7853 -2.7332 3.9962
9.1573 -3.0110 4.8155
7.4315 -2.2756 4.3259
11.4475 -3.3108 5.5441
10.8236 -3.1332 5.5358
5.0212 -1.1211 6.1720
7.0386 -2.7940 4.0220
8.0378 -2.8643 4.4598
4.7358 -1.9244 4.4154
9.2147 -2.7334 5.3988
7.1929 -0.9352 7.7947
7.9915 -2.3333 4.7180
10.0156 -3.3576 4.6244
9.1361 -3.1423 4.5432
7.8227 -1.9962 5.1815
11.6486 -3.3705 5.5420
3.0671 -1.2884 4.7119
11.4880 -0.8687 10.4071
10.0645 -3.4127 4.5436
12.3658 -3.1239 6.4448
7.3582 -1.8327 4.0227
11.7431 -3.3038 5.7288
14.4093 0.0752 13.9649
10.5907 -3.2519 5.1660
7.8330 -0.2279 9.5661
14.7899 -1.0619 11.9313
12.0355 -3.0850 6.3312
6.0511 -2.6332 3.7703
10.5138 -2.9534 5.7131
9.6099 -3.3106 4.4832
9.4261 -2.2725 5.3117
8.6521 -3.3311 3.8894
8.5793 -1.9623 5.4816
10.4144 0.2299 5.4492
11.9703 -3.3578 5.7529
12.6507 -1.4405 9.9455
7.6004 -3.0946 3.7508
3.8157 -1.7427 4.2440
9.4499 -2.8370 5.3293
9.5797 -1.2086 7.8630
10.7185 -2.5311 6.2377
11.5538 -3.2364 5.7531
10.6924 -2.1610 6.5383
13.8538 -0.4088 12.6849
7.7209 -2.7793 4.4453
11.1898 -3.0647 5.8831
11.0919 0.9241 4.7972
4.6786 -1.7811 4.6662
7.8059 -3.1691 3.7217
8.5274 -2.5303 4.9712
11.3460 -2.8510 6.3967
9.9620 -3.1046 5.0949
11.1720 -3.1954 5.6138
10.2659 -2.4229 5.9422
6.5682 -2.7011 3.9344
9.6643 -3.1693 4.7947
8.0115 -2.9997 4.1762
9.0930 -2.0779 5.4536
10.3336 -2.0786 6.5277
11.8004 -3.3513 5.6677
9.9700 -3.1424 5.0247
9.3142 -2.5283 5.4208
12.2690 -3.1144 6.4078
10.1625 -3.2120 4.9979
11.3764 -1.9363 7.2928
8.2010 -2.7642 4.7523
13.4151 -1.1793 10.9045
11.2896 -3.3578 5.3599
11.7665 -3.2673 5.8146
5.3116 -2.1128 4.3746
6.8810 -2.6678 4.1810
13.5520 -1.7039 9.9441
10.9056 -3.3577 5.1383
9.0152 -3.3445 4.0726
8.6706 -3.1141 4.3302
9.3882 -3.0329 4.9055
10.1269 -2.7014 5.9891
10.0672 -3.2671 4.8336
9.6666 -2.9653 5.2003
10.2465 -0.4527 5.3996
6.8771 -2.9650 3.5898
11.9126 -3.3642 5.7069
9.9405 -2.9165 5.4552
9.7763 -3.2595 4.6806
8.3448 -3.2818 3.8097
6.2320 -2.0532 5.0241
8.9911 -3.2670 4.2122
8.3677 -3.2035 3.9781
11.6592 -3.2203 5.8458
9.8875 -3.2965 4.6716
10.9121 -1.6771 7.5551
6.5877 -2.5788 4.1880
12.5752 -2.6683 7.4687
10.5324 0.8468 5.2413
9.4692 -3.1237 4.7725
13.7942 -0.4935 12.4826
5.9704 -2.3714 4.2425
11.5379 -2.8089 6.5910
9.8813 -3.1605 4.9376
8.9000 -2.4843 5.1527
8.7318 -1.1496 7.1288
8.0524 -3.1329 3.9359
9.9802 -2.5740 5.8368
14.2107 -0.8689 11.9793
4.3253 -1.5331 4.9537
11.1517 -2.5327 6.4911
12.1858 -1.9249 8.7170
8.6273 -1.8439 5.8051
4.0021 -0.8683 6.0844
3.4934 -1.5331 4.4733
10.7067 -2.2700 6.3741
12.2610 -3.0001 6.6297
9.5897 -3.2119 4.6672
5.8347 -2.4596 3.9894
9.8139 -2.8778 5.4588
1.1769 -0.6520 4.8814
11.9125 -2.6337 7.1546
2.3717 -0.7270 5.4229
10.2203 -2.4390 5.8815
11.4980 -1.7432 8.6799
6.8365 -2.8775 3.7398
12.0227 -2.9772 6.5375
10.8171 -0.1946 5.6321
7.4176 -1.6642 3.9443
11.7536 -2.6682 6.9943
11.3697 -3.2038 5.7113
6.6599 -2.4165 4.5513
11.0464 -3.3314 5.2717
9.3800 -3.1867 4.5961
12.8230 -2.7797 7.3911
0.2622 0.1867 6.0153
6.7964 -2.8228 3.8251
11.3809 -1.2889 9.5125
10.4495 -3.1424 5.3015
10.1695 -2.4047 5.8434
10.4704 -2.9653 5.6644
10.8024 -1.9984 6.7662
9.3749 -3.3244 4.3202
12.0320 -3.2203 6.0610
7.0494 -1.7902 5.0201
10.7759 -2.9535 5.8645
7.8771 -2.7333 4.6266
10.3205 -3.2120 5.0891
9.6086 -3.3244 4.4551
5.3884 -1.5332 5.5675
3.8218 -0.6522 6.4087
4.9720 -1.4873 5.4179
5.6119 -1.0614 6.6316
8.8327 -3.3035 4.0485
10.7253 0.7936 5.0841
0.8268 -0.8682 4.2509
8.8238 -3.0329 4.5797
10.0941 -0.1453 5.2943
9.5562 -3.0645 4.9399
6.6293 -2.8085 3.7569
10.4773 0.7077 5.3905
13.0584 -0.7995 11.4512
2.8332 -0.4930 6.1532
8.8642 -1.5153 6.4417
14.2599 -0.0306 13.6689
14.0430 -0.6526 12.3109
5.0491 -2.2496 3.9519
10.7078 0.7913 5.0711
12.0652 -2.6683 7.1742
10.2699 -0.5122 5.6989
8.3647 -3.1422 4.0979
12.7723 -2.9168 7.0901
12.0953 -2.9415 6.6502
11.5051 -3.3038 5.5914
9.3734 -3.3106 4.3467
9.9112 -3.1952 4.8859
7.0106 -3.0218 3.5543
12.1139 -3.3178 5.9151
11.3070 -3.0331 6.0134
11.7925 -3.1954 5.9721
10.9462 -3.0437 5.7839
12.5166 -2.8511 7.0726
9.3175 -3.3576 4.2213
11.9494 -1.9037 6.7200
8.2653 -2.1297 4.7439
4.1825 -0.6522 6.6170
9.8919 -2.1629 6.0825
10.9355 0.8844 4.8096
6.0461 -0.6523 7.6931
9.0614 -3.1045 4.5749
11.6469 -3.1239 6.0298
8.0652 -3.2818 3.6482
10.7781 -0.3203 11.0839
13.3075 -1.3916 10.4216
9.3382 -1.7689 6.4453
12.1252 -3.3247 5.9080
11.5483 -2.0838 8.0340
15.5199 0.1862 14.8263
3.8748 -1.7811 4.2021
11.2605 -2.0838 6.9548
10.5364 -3.3512 4.9379
12.6990 -2.9168 7.0479
6.3370 -2.4165 4.3649
11.7396 -3.4128 5.5106
13.8260 -1.8907 9.7321
5.9829 -2.5407 3.9143
5.7947 -2.4805 3.9249
8.0978 -3.0847 4.0577
11.9142 -1.8074 6.6656
9.4916 -3.3036 4.4289
10.8736 -2.2277 6.5376
7.9381 -3.3444 3.4508
12.0717 -1.3899 6.4470
11.7744 -3.3381 5.6787
15.0539 0.0752 14.3371
10.3722 -0.2280 11.0324
8.8454 -3.2594 4.1431
11.8519 -2.0560 6.7747
10.9884 -2.1120 6.6600
8.4304 -3.0644 4.2899
8.6369 -3.3575 3.8284
10.4066 -3.3380 4.8891
10.4307 -0.0678 5.4879
10.8021 -3.3641 5.0658
10.9037 -2.2430 6.5039
11.4487 -1.7816 8.5753
5.6127 -2.5599 3.6625
7.8497 -0.6524 8.7346
9.6926 -1.9282 6.6371
10.6823 -3.2363 5.2499
2.6196 -0.6521 5.7144
10.6714 -2.4382 6.1399
9.9980 -3.2965 4.7354
8.7666 -3.0947 4.4242
11.9992 -2.9040 6.6690
0.5157 -0.6520 4.4996
9.0720 -3.1693 4.4527
4.7845 -2.0222 4.2497
6.4128 -2.6507 3.9446
6.0532 -2.1128 4.8028
11.0953 -2.4052 6.3789
7.6920 -1.4417 5.9003
9.4595 -3.1514 4.7119
6.7446 -2.8228 3.7952
10.1881 -1.9220 6.7121
6.0043 -1.7429 5.5078
11.9004 -3.4186 5.5921
10.0205 -3.4009 4.5414
12.5783 -3.1048 6.6055
10.8948 -1.1518 8.4535
11.0135 -3.0331 5.8439
9.5011 -2.9165 5.2015
12.0137 -1.6212 9.2194
9.2166 -3.3379 4.2020
10.8092 -3.1782 5.4384
9.0149 -3.3639 4.0340
9.3784 -1.9105 6.0274
9.6835 -2.1112 6.1407
9.3599 -3.1867 4.5844
10.4895 -2.8778 5.8489
11.8960 -2.9536 6.5111
8.5577 -3.1780 4.1384
11.0965 -2.7645 6.4241
8.0411 -3.4183 3.3639
7.7055 -3.2593 3.4850
8.4064 -3.1422 4.1219
11.8527 -3.2520 5.8947
7.1479 -2.7488 4.1746
10.1771 -0.4515 5.3654
9.8092 -3.4068 4.4077
10.0523 -2.7176 5.9140
11.1127 -3.1868 5.5965
9.0892 -1.2539 7.4285
7.6310 -2.8507 4.2518
10.9711 0.1864 12.1994
10.1321 -1.7802 6.9681
8.4288 -2.1164 5.0889
12.0877 -2.0537 8.4052
6.2012 -2.7488 3.6280
6.0677 -2.7011 3.6455
10.9017 0.8665 4.8769
2.8431 -0.7270 5.6952
6.7365 -2.8775 3.6820
12.5365 -3.0648 6.6606
8.9529 -2.8087 5.0985
10.3579 -0.1315 11.2154
15.2098 -0.5747 13.1392
11.0140 -2.9771 5.9551
13.6618 -0.4088 12.5740
13.1072 -1.9250 9.2490
9.5708 -2.1650 5.6014
12.3028 -2.3248 7.9920
11.9526 -3.1954 6.0645
10.3846 -1.6932 7.3599
9.7036 -2.9534 5.2453
8.4602 -0.5744 9.2416
7.3243 -1.7795 5.3439
7.1344 -3.0745 3.5214
11.0727 -2.1619 6.5541
12.1175 -2.4170 7.7025
10.7173 0.9122 5.0036
8.0083 -1.1511 6.7679
10.7155 -1.1215 9.4601
0.7562 -0.6520 4.6384
10.1989 -1.8695 6.8389
9.8221 -2.3150 5.8102
8.6744 -1.9143 5.6379
7.2456 -1.8395 5.1837
9.0445 -3.1780 4.4195
8.0677 -3.2360 3.7404
9.8416 -3.1142 5.0063
9.3668 -2.2993 5.3453
7.8280 -2.6183 4.6220
5.3683 -2.4164 3.8056
3.3248 -1.7810 3.8845
10.8769 -2.2595 6.4431
13.2011 -0.6526 11.8247
8.8788 -3.2119 4.2567
7.7825 -3.1513 3.7437
7.4099 -3.1512 3.5285
9.9918 -3.2893 4.7461
8.0295 -0.7273 8.6900
7.6573 -2.2820 4.5581
9.5009 -3.1514 4.7358
12.6633 -2.6338 7.5881
8.7881 -2.8777 4.8665
8.6342 -3.3311 3.8791
10.7416 -3.4010 4.9578
8.1785 -1.5614 6.0723
11.3053 -1.5336 8.9840
9.9552 -2.4389 5.7283
9.8503 -3.3828 4.4791
7.8364 -3.2439 3.5912
5.1027 0.1866 8.8105
8.8510 -3.3035 4.0590
10.6573 -3.3447 5.0207
8.1437 -1.5246 6.1103
10.8246 -3.2821 5.2414
12.9870 -1.9250 9.1796
8.6476 -1.0515 7.2821
8.9843 -2.0606 5.3341
11.8346 -3.3038 5.7816
6.6477 -2.8906 3.6047
11.7156 -2.8780 6.5568
5.6809 -2.3481 4.1214
10.6994 -1.4221 7.9326
11.0516 0.9108 4.8216
8.0375 -2.8776 4.4331
10.6191 0.8983 5.1267
8.9228 -3.3703 3.9683
2.8162 -0.5742 5.9825
11.2168 -0.6525 10.6789
6.8177 -1.4621 5.6183
8.7334 -3.3948 3.8102
12.0531 -3.0001 6.5097
9.6365 -2.0732 5.7520
11.6623 -2.6850 6.9083
8.8003 -2.5287 5.1250
11.3371 -1.8106 7.6053
10.1428 -3.0111 5.3845
10.2208 -2.8909 5.6677
11.9836 -1.5781 9.2875
7.5765 -2.8369 4.2477
12.0177 -3.3038 5.8873
13.2070 -2.3948 8.3757
0.2400 -0.5741 4.4949
10.2247 -2.7335 5.9820
10.7272 0.7736 5.2245
10.1927 -3.4068 4.6292
8.9967 -2.9412 4.8611
8.8214 -3.1780 4.2907
7.3047 -1.9487 4.9969
11.5140 -1.3915 9.3860
9.4866 -1.6440 6.5074
9.2778 -2.8909 5.1233
9.7269 -2.2579 5.8673
10.6195 -3.2821 5.1229
8.0543 -3.0847 4.0326
8.5096 -2.7175 5.0232
7.9195 -3.3311 3.4664
7.5927 -2.9883 3.9569
8.0532 -3.1140 3.9737
10.7794 -2.9771 5.8197
11.5580 -2.5324 6.7249
12.1585 -1.7038 9.1395
12.3723 -3.2822 6.1349
10.3609 -1.2873 7.8457
7.5076 -2.9411 4.0014
9.7294 -3.0848 4.9997
5.2531 -1.9579 4.6477
8.3783 -2.9164 4.5532
12.1726 -2.9655 6.6472
10.6375 -2.5304 6.1892
11.9054 -2.9772 6.4697
11.1400 -2.0188 6.9036
11.5964 -3.2284 5.7935
11.4910 -1.7816 8.5997
7.1060 -3.0643 3.5253
8.9994 -2.2559 5.1785
9.6225 -1.9603 6.3850
13.4099 -2.3006 8.6795
9.4630 -1.3601 7.0139
12.8027 -1.9584 9.0069
12.1349 -2.1133 8.3144
5.4754 -2.3714 3.9567
6.6430 0.1865 9.7001
11.6332 -2.3968 6.5994
10.5352 -2.1152 6.5240
3.2090 -0.4930 6.3702
8.5929 -2.8643 4.7802
0.2444 -0.1311 5.3752
13.0007 -0.5746 11.8635
9.1479 -2.8644 5.1007
7.8368 -3.0847 3.9070
8.3253 -3.1330 4.0934
9.0692 -3.2201 4.3504
9.8410 -3.3576 4.5236
7.8563 -2.8086 4.4654
11.7801 -3.0749 6.2037
7.2212 -3.0327 3.6544
11.7415 -3.0223 6.2857
5.5827 -2.5599 3.6451
12.2527 -1.7816 9.0396
12.7300 -2.9536 6.9927
7.3566 -2.8642 4.0665
10.4752 -2.7491 6.0957
9.2167 -3.0220 4.8280
8.7158 -3.3702 3.8487
11.3152 -2.8779 6.3256
7.8425 -3.1329 3.8147
11.1222 -3.2894 5.3987
9.4883 -2.8230 5.3793
5.1538 -2.2496 4.0124
10.4881 -1.9210 6.8807
12.0604 -2.5215 7.4623
11.8609 -3.2673 5.8691
1.7061 -0.4929 5.5023
11.0372 -2.9886 5.9456
10.5571 -1.6598 7.2323
8.2150 -1.8480 5.5874
4.8406 -0.5743 7.1514
-0.8378 0.1868 5.3801
12.2078 -3.3315 5.9423
11.1087 -2.9654 6.0330
12.8973 -2.6851 7.6213
8.2720 -3.4183 3.4972
12.5476 -1.8553 9.0640
8.0917 -2.4867 4.6916
13.8324 0.1863 13.8517
4.3527 -1.9904 4.0632
7.6511 -3.1235 3.7228
10.5269 -0.4086 10.7637
11.4383 -2.4025 6.5705
5.8758 -0.3201 8.2531
10.1388 -1.5110 7.5594
11.3587 -3.3038 5.5068
8.5091 -3.3311 3.8069
-0.8521 -0.2275 4.5509
9.2340 -2.8508 5.1773
6.4974 -1.1212 7.0244
11.3817 -2.6850 6.7463
11.6984 -3.2203 5.8684
6.3406 -1.1498 5.7604
10.0925 -0.1956 5.2984
10.4313 -2.7795 6.0102
11.4677 -2.7796 6.6085
8.0603 -3.3702 3.4703
9.7494 -3.3380 4.5096
7.9867 -2.7793 4.5987
10.3040 0.0844 5.4752
10.0652 -0.2958 5.2972
11.0924 -1.7785 7.5126
6.4111 -2.6154 4.0134
10.3479 -1.7774 7.0767
11.1262 -1.8086 7.4727
11.4696 -3.3447 5.4897
10.5205 -3.0437 5.5381
8.9073 -2.4484 5.1453
10.7501 -3.0748 5.6090
12.1513 -3.2597 6.0519
12.3650 0.1863 13.0044
10.7395 -3.3177 5.1216
5.8487 -0.7271 7.4307
13.0233 -2.2757 8.5056
9.9891 -2.8778 5.5599
8.8727 -2.9885 4.6959
9.5863 -3.2595 4.5709
1.0397 -0.3199 5.4604
9.6272 -3.3949 4.3262
8.9634 -1.2068 7.4603
7.2448 -2.2166 4.3163
8.6641 -3.3702 3.8189
1.1509 -0.7989 4.5753
13.5359 -2.2502 8.8521
11.0099 -3.4010 5.1127
5.7371 -1.9245 4.9935
10.5637 0.8905 5.1963
12.2089 -3.1783 6.2465
9.9530 -2.7795 5.7340
6.7917 -0.7272 7.9753
5.7840 -2.1415 4.5905
13.7824 -1.8554 9.7769
7.7369 -2.5018 4.5210
10.8203 -1.3301 8.0307
4.5855 -2.1968 3.7888
9.5810 -2.7794 5.5192
6.5646 -2.7940 3.7483
9.6088 -1.8141 6.2241
9.1027 -3.4126 3.9882
3.9791 -0.0302 7.7320
9.9269 -3.2362 4.8138
9.3226 -3.2745 4.3888
6.4531 -0.8075 5.5965
11.6732 -3.4128 5.4723
10.5641 -0.3921 5.8967
9.2233 -3.1604 4.5577
8.4940 -3.2819 3.8958
11.1616 -1.6212 8.7274
13.0661 -0.3204 12.4051
8.7544 -3.4126 3.7872
8.5428 -3.1141 4.2565
7.2895 -2.7642 4.2260
12.5444 -2.7646 7.2600
10.4011 -1.4489 7.5406
11.5019 -3.3890 5.4205
12.4062 -1.2351 10.2114
9.9511 -0.4086 10.4313
8.8742 -0.0304 10.5588
8.9442 -0.0304 10.5992
7.4082 -1.7983 4.0298
9.4362 -3.0947 4.8107
9.7331 -2.0394 6.3082
10.0711 -0.1447 5.2829
6.3947 -2.2752 4.6784
11.0333 -3.1425 5.6386
11.9090 -2.0227 8.3634
-0.3245 0.1867 5.6765
7.9008 -2.6679 4.7698
3.5914 -1.3406 4.9113
9.0506 -3.1952 4.3890
9.4802 -3.1514 4.7238
8.6472 -3.2745 3.9989
9.5255 -2.9165 5.2156
12.9038 -2.1700 8.6459
11.2162 -3.2821 5.4674
8.1574 -3.1329 3.9965
10.3455 -2.3316 5.9919
10.7506 -2.3478 6.1892
9.6944 -3.0221 5.1038
7.5693 -2.9036 4.1113
12.3705 -2.9292 6.8334
9.7992 -3.3511 4.5123
10.4398 -3.4010 4.7835
8.8277 -3.3106 4.0316
11.9993 -3.3038 5.8767
13.3505 -0.0306 13.1438
11.1591 -3.4128 5.1755
11.4196 -1.9225 7.4249
13.4733 -0.8688 11.5535
10.3162 -3.3641 4.7853
11.1015 -3.0647 5.8321
6.8337 -2.9996 3.4962
6.2412 -2.6507 3.8455
12.8850 -0.7995 11.3511
11.8428 -1.9909 8.3881
11.0109 -3.2966 5.3202
7.7192 -2.9163 4.1727
5.3271 -1.6627 5.2755
4.9369 -1.9579 4.4652
10.7902 -1.5385 7.7631
5.3646 -1.3407 5.9352
11.6394 -2.2904 6.6344
12.8712 -1.3916 10.1697
11.8722 -3.4129 5.5872
9.3063 -2.2101 5.4877
8.9917 -3.3511 4.0461
9.6930 -3.3036 4.5451
11.3915 -2.4860 6.5945
13.0002 -2.7178 7.6160
9.6920 -3.2518 4.6472
11.3515 -1.5336 9.0107
11.0821 -3.3314 5.2924
9.4259 -3.1045 4.7854
6.2703 -0.8684 7.3942
12.6325 -0.5746 11.6509
10.2125 -0.0236 5.3404
11.8601 -1.5336 9.3043
13.9080 0.0753 13.6754
11.5319 -0.0305 12.0936
8.0938 -2.7642 4.6904
3.1004 -0.6521 5.9921
10.6428 -0.0436 5.5314
12.7390 -2.8090 7.2845
9.4516 -1.9971 6.1252
12.2039 -3.4129 5.7787
8.6503 -3.1951 4.1579
11.8584 -3.0543 6.2897
10.4151 -2.8088 5.9427
11.7122 -2.9887 6.3353
10.7218 -3.3890 4.9701
11.4237 -3.2203 5.7098
8.7505 -2.9037 4.7933
12.2120 -3.2748 6.0570
10.9603 -3.4185 5.0493
10.9495 -3.1332 5.6085
9.5163 -1.3483 7.5625
11.7329 -3.2284 5.8723
8.4191 -2.3599 4.8735
8.7249 -3.1692 4.2523
11.2082 -2.9291 6.1623
10.5871 -2.4857 6.1297
11.1261 -3.2520 5.4751
10.5715 -3.3950 4.8714
11.7952 -2.7015 6.9524
7.5690 -2.7012 4.5123
12.6447 -2.6851 7.4755
6.8534 -2.9650 3.5761
7.1722 -3.0643 3.5635
8.5886 -3.4125 3.6914
4.6087 -1.5776 5.0292
7.5472 -2.2597 4.5219
1.1931 -0.7269 4.7424
11.2597 -2.7492 6.5487
10.1656 -2.7795 5.8567
9.2354 -3.3036 4.2809
9.3560 -3.1514 4.6521
8.2797 -1.7208 5.7887
9.9977 -1.5465 7.3792
8.0462 -3.2891 3.6228
6.7628 -2.7011 4.0468
1.2214 -0.5741 5.0616
10.6110 0.7406 5.1722
11.8013 -2.1252 6.8635
6.8014 -2.9883 3.5000
11.0667 -2.8372 6.2628
9.2595 -2.8508 5.1920
10.5586 -3.3177 5.0172
9.3598 -2.1157 5.5221
12.1546 -2.6159 7.3296
10.2301 0.1375 5.3677
9.2771 -3.2819 4.3479
12.0329 -3.4011 5.7033
9.7519 -1.4264 7.4377
10.4409 -2.2657 6.1206
8.0802 -1.8997 5.0805
11.6451 -2.5465 6.8067
4.4555 -1.9244 4.2535
10.0790 -3.1781 5.0168
9.5386 -3.2671 4.5283
6.7076 -2.8085 3.8021
11.1064 -0.6698 8.1900
9.5095 -3.3576 4.3322
9.3966 -3.3640 4.2543
10.9416 -3.3767 5.1214
13.8629 -1.8191 9.8953
13.2239 -2.4388 8.2981
12.3837 -3.2039 6.2967
6.1555 -2.6507 3.7960
10.3215 0.1345 5.4129
9.9692 -3.3640 4.5849
11.1807 -3.3829 5.2472
0.0950 -0.6520 4.2567
3.9151 -0.3200 7.1208
11.6438 -3.2121 5.8531
9.6429 -2.9653 5.1867
8.3697 -1.4881 6.3126
5.1980 -2.1415 4.2521
6.8878 -0.6523 8.1791
10.3470 -2.9534 5.6168
11.8464 -3.1425 6.1080
10.9194 -3.3037 5.2532
9.3054 -3.3379 4.2533
11.7042 -3.2442 5.8243
10.6890 -3.3313 5.0654
8.1211 -3.2818 3.6805
10.3866 -0.0515 5.6805
9.5322 -3.1423 4.7719
11.1817 -3.3767 5.2600
7.5296 -3.1950 3.5109
11.9994 -3.3642 5.7570
12.2778 -2.0537 8.5150
12.6236 -2.5793 7.6730
10.3184 0.0101 5.4237
2.2354 -0.9992 4.8047
10.1649 -3.3704 4.6854
10.1837 -3.3950 4.6475
8.3779 -3.0946 4.1997
12.4034 -2.6337 7.4380
12.6944 -1.8190 9.2206
10.2017 -0.4008 5.3725
9.7865 -0.8686 9.4246
12.3350 -3.2822 6.1134
9.7383 -3.2595 4.6587
8.2063 -0.7273 8.7921
13.4352 -1.9585 9.3721
11.2440 -1.7037 8.6114
11.6453 -1.6631 8.9237
15.5167 -0.5748 13.3163
8.0784 -3.3574 3.5060
7.6889 -2.7489 4.4870
7.1253 -2.8085 4.0433
10.3821 -3.3577 4.8360
7.6372 -2.8776 4.2020
5.9374 -2.6846 3.6029
9.3987 -1.1564 7.7589
9.4462 -3.3106 4.3887
10.5644 0.7271 5.4324
2.6348 -1.4398 4.1622
11.7529 -3.0001 6.3363
8.3247 -3.3510 3.6609
8.4200 -1.9642 5.3970
7.3917 -2.0828 4.8451
11.1762 -2.2329 6.4556
5.5592 -1.8185 5.1007
11.5769 -3.2284 5.7823
10.7110 -3.2747 5.1904
10.9230 0.8991 4.7520
13.2622 -0.3204 12.5184
10.1995 -1.7838 7.0277
9.0458 -2.9037 4.9638
10.9913 -3.0949 5.7086
10.8024 -1.6762 7.4854
11.9932 -3.2895 5.9016
11.2429 -3.3314 5.3852
9.4254 -1.8618 6.3545
8.5962 -2.0699 5.3684
9.0383 0.0754 10.8633
10.3200 -2.8910 5.7250
12.5831 -2.4810 7.8444
9.9233 -0.0304 11.1646
11.1960 -3.1695 5.6790
13.5123 -2.3006 8.7386
9.9093 -3.4068 4.4655
12.6427 -1.0618 10.6914
8.9623 -1.4669 6.4446
11.4483 -0.7274 10.6641
8.1600 -2.0644 5.2218
13.8568 -0.4935 12.5188
6.8381 -2.8085 3.8775
3.3104 0.0756 7.5556
10.8727 -2.2026 6.5616
10.4320 -2.9886 5.5962
7.5063 -1.6966 5.4436
7.3456 -2.8369 4.1143
9.4240 -3.3827 4.2329
4.9590 -0.1312 8.0978
9.5137 -2.8778 5.2855
10.0974 -3.2820 4.8215
2.9021 -0.7270 5.7292
6.8126 -2.7332 4.0119
11.4106 -2.2459 6.5436
4.1114 -1.8547 4.1929
7.6088 -3.1235 3.6983
8.8245 -3.2892 4.0721
6.3971 -2.3244 4.5822
5.6475 -2.3481 4.1022
9.8376 -3.2441 4.7466
6.2623 -2.7011 3.7578
8.4354 -3.2891 3.8474
5.2242 -1.2346 6.0643
11.5573 -2.7492 6.7205
9.1848 -3.3511 4.1575
11.3176 -3.0850 5.9167
9.9318 -2.9038 5.4753
5.9222 -2.5407 3.8793
6.3634 -2.3244 4.5627
8.7420 -3.4067 3.7916
5.9843 -2.7011 3.5973
12.3852 -3.2204 6.2649
9.8962 -3.3245 4.6211
11.8354 -2.7336 6.9120
9.3596 -1.2810 7.1543
7.7611 -3.0219 3.9876
4.2132 -1.7811 4.3975
7.2712 -3.0846 3.5804
5.7403 -2.5406 3.7742
12.6129 -3.0750 6.6845
9.6929 -2.2830 5.5696
9.5967 -3.3576 4.3825
6.3264 -2.4805 4.2319
10.7569 0.0754 11.8558
9.6625 -3.3245 4.4862
6.9218 -2.7332 4.0750
9.8233 -3.1867 4.8520
10.2938 -2.9413 5.6100
8.4151 -3.1141 4.1827
7.6691 -2.2986 4.5240
10.3153 -3.3037 4.9044
10.2984 -2.4421 5.9338
7.8623 -2.8776 4.3320
11.8523 -3.1333 6.1298
8.6748 -3.1866 4.1890
11.5396 -2.0973 7.1631
11.1477 -2.2787 6.3982
7.1440 -2.7940 4.0829
8.7800 -3.2118 4.1997
12.8403 -0.6526 11.6164
8.2797 -3.3887 3.5602
9.6439 -2.1283 6.0543
13.0271 -1.9250 9.2027
8.8749 -2.1560 5.2676
8.1594 -2.0883 5.1809
10.4570 0.0620 5.3730
9.1932 -2.8370 5.1811
8.6678 -1.4009 6.5047
12.4281 -1.9910 8.7260
9.0861 -3.4126 3.9787
9.7076 -3.0848 4.9872
8.5600 -0.7273 8.9963
11.1684 -3.3513 5.3028
7.2370 -1.9702 4.8890
8.5198 -3.2200 4.0332
10.6163 -3.1424 5.3978
11.5074 -3.4128 5.3766
9.1370 -2.1168 5.3970
5.2576 -1.4400 5.6767
10.1806 -3.3446 4.7454
9.2792 -0.9996 7.6367
10.0128 -3.0221 5.2877
7.1040 -0.7992 8.0129
8.6805 -2.2722 4.9573
7.5962 -3.1513 3.6361
11.9682 -2.9887 6.4831
8.1584 -3.2818 3.7020
10.2174 -3.2362 4.9815
12.6520 -2.3947 8.0552
9.7718 -2.7491 5.6896
7.7779 -3.3378 3.3714
7.9639 -2.9411 4.2648
5.4362 -0.7271 7.1925
12.1383 -3.1426 6.2765
7.2333 -1.8818 4.9984
1.1704 -0.3199 5.5359
7.8140 -1.6458 5.8476
12.1311 -1.2783 6.4067
9.8900 -2.7644 5.7275
10.3520 0.2476 5.3955
7.3900 -2.1482 4.5912
10.2815 -3.3641 4.7652
9.5988 -2.9165 5.2579
-0.2339 -0.1310 5.0991
8.1228 -2.7333 4.7684
11.1830 -3.1143 5.7808
9.5027 -1.1214 8.7598
11.2777 -3.1695 5.7262
4.3754 -0.7271 6.5799
12.5885 -2.6851 7.4431
10.7729 -3.3037 5.1686
10.3359 -3.2037 5.1144
9.9203 -0.9353 9.3696
7.8332 -3.2199 3.6368
9.1126 -1.5732 6.7105
6.7185 -2.9162 3.5949
12.1501 -3.3178 5.9360
7.9916 -3.4066 3.3583
12.2313 -3.0851 6.4442
13.4400 -2.1421 9.0110
7.9863 -2.5757 4.6896
10.5086 0.2420 5.4734
10.9312 -2.1252 6.5614
8.6737 -2.3071 4.8899
9.3172 -2.6680 5.5876
9.3108 -3.1952 4.5392
11.5204 -1.6212 8.9346
11.8386 -2.6683 7.0434
11.5301 -2.9772 6.2530
11.0117 -3.2202 5.4719
11.8687 -0.9354 10.4947
9.3617 -3.2036 4.5520
13.4816 -1.9911 9.3343
9.1496 -2.7490 5.3304
7.3766 -2.8507 4.1049
8.3686 -0.8686 8.6058
5.9913 -2.0834 4.8254
10.0972 -1.5789 7.3263
12.4906 -2.7337 7.2903
9.4606 -3.1867 4.6426
8.2887 -2.2338 4.9682
11.2808 -2.9291 6.2043
9.8436 -3.2893 4.6605
6.5786 -0.3242 5.3457
7.5322 -3.0846 3.7312
10.9105 -1.6034 7.6389
8.4658 -2.1046 5.1797
12.9606 -0.6526 11.6858
7.7281 -2.9651 4.0811
7.2394 -1.9106 4.9587
5.2321 -1.1211 6.2938
8.9499 -2.9769 4.7633
7.5727 -2.9997 3.9228
8.5676 -3.2440 4.0134
11.5710 -2.1434 6.9890
8.7635 -2.8230 4.9608
6.2401 -2.4165 4.3090
9.5011 -2.9885 5.0587
12.2176 -2.7337 7.1326
8.6958 -3.4008 3.7766
12.0216 -0.0305 12.3763
11.8713 -3.0331 6.3392
13.0717 -2.5216 8.0462
8.7989 -1.8054 5.7138
11.4778 -3.1239 5.9321
7.8564 -1.1565 6.8760
13.6639 -2.1701 9.0848
7.5468 -1.9454 5.1225
8.2813 -3.3826 3.5732
13.7262 -1.7039 10.0447
10.0364 -2.9886 5.3678
12.0927 -3.1954 6.1454
9.8164 -3.0848 5.0500
6.8831 -2.9410 3.6408
10.4717 -3.0330 5.5311
10.6185 -0.0841 5.8930
9.5516 -2.8644 5.3338
9.3931 -2.7490 5.4709
10.1211 0.0565 5.2955
13.0384 -2.0537 8.9541
11.0213 -1.7328 7.4425
8.8436 -3.3379 3.9867
9.4504 -3.4009 4.2123
11.5880 -3.1606 5.9229
11.0428 -2.2361 6.3873
11.6945 -2.8089 6.6814
7.2807 -3.1421 3.4720
9.3180 -3.2440 4.4467
7.5355 -0.9995 7.8652
8.0504 -2.2599 4.8129
-0.9112 0.1868 5.3377
5.8409 -2.6506 3.6144
10.5196 -3.3107 5.0084
13.0992 -2.1133 8.8712
9.7558 -1.9076 6.5760
12.8767 -2.1133 8.7427
9.4352 -3.0747 4.8498
11.3717 -2.9535 6.2084
8.1108 -3.3826 3.4748
8.3869 -3.2670 3.8634
13.9257 -0.7995 11.9520
8.5289 -1.5420 6.1122
12.5136 -3.1426 6.4932
9.3596 -1.9575 5.9123
11.8450 -2.3719 7.6344
5.5886 -2.5406 3.6867
10.1202 -2.7943 5.8012
9.6627 -3.3828 4.3708
10.0122 -3.0849 5.1630
8.4307 -2.8086 4.7970
8.5029 -3.4183 3.6305
7.8468 -3.1691 3.7453
6.7164 0.1865 9.7424
5.2494 0.1866 8.8953
8.5466 -3.2035 4.0814
7.7690 -1.6259 6.0018
10.9094 -3.1606 5.5312
11.5543 -2.2426 6.7003
10.0918 -3.2746 4.8329
12.1084 -2.7336 7.0696
10.2270 -2.3964 5.8571
10.9890 -2.7177 6.4548
10.9118 -3.1953 5.4636
9.0813 -2.8508 5.0892
8.6796 -2.3484 4.9212
9.5874 -3.2440 4.6022
12.0297 -3.3109 5.8803
12.6043 -3.0439 6.7412
7.9232 -3.3826 3.3665
6.3528 -2.6154 3.9798
9.9978 -3.1237 5.0776
-0.6985 0.0758 5.2406
13.4166 -0.8688 11.5207
9.4784 -3.0329 4.9576
9.2851 -3.2745 4.3671
8.0321 -3.1044 3.9807
10.7697 -2.2977 6.3111
4.5387 -1.7033 4.7397
8.3454 -2.9533 4.4612
12.9428 -0.7995 11.3844
10.4111 -3.2362 5.0934
12.4472 -2.6512 7.4287
11.6788 -3.2203 5.8571
12.0404 -2.5015 7.4904
12.6189 0.0753 12.9310
11.4311 -2.2124 6.7205
8.7245 -1.0615 8.4289
8.9830 -1.4156 6.8636
10.2055 -2.9999 5.4429
10.9350 -2.5317 6.3639
8.6685 -2.2626 5.0053
3.7574 -0.2277 7.2126
7.3929 -1.5672 5.6677
6.7006 -2.8642 3.6877
7.5694 -2.9883 3.9434
10.1351 -3.3313 4.7456
6.7353 -2.9650 3.5079
11.8432 -3.3642 5.6669
1.9546 -0.3199 5.9887
12.4074 -1.9584 8.7786
9.9628 -3.1331 5.0388
10.9152 -3.2442 5.3688
10.6977 -3.2202 5.2907
9.4598 -2.2179 5.4241
8.5878 -2.2820 4.8520
7.7636 -2.7012 4.6246
10.6089 0.0806 5.4458
9.3496 -2.4896 5.4241
8.0087 -3.3444 3.4915
6.6637 -2.5600 4.2693
11.9050 -3.0850 6.2558
9.7316 -2.3010 5.5601
11.9150 -3.3178 5.8003
10.1539 -3.2282 4.9606
11.1401 -2.8779 6.2245
4.2069 -2.0221 3.9162
7.9894 -3.1329 3.8995
12.4225 -3.1870 6.3527
11.9433 -1.6489 6.6146
10.6500 -1.8160 7.0264
10.8789 -1.6995 7.4082
8.8839 -2.6848 5.3041
3.4940 -1.7811 3.9822
9.7363 -3.3576 4.4632
3.5184 -1.1788 5.1898
9.8502 -2.9885 5.2603
8.0358 -2.3161 4.5439
12.7187 -1.4878 9.8910
10.5560 -3.3107 5.0294
11.5410 -1.7432 8.7046
11.9219 -3.3315 5.7772
8.0702 -1.8880 5.3357
8.9830 -3.1236 4.4917
5.0474 -2.3243 3.8029
8.8902 -3.3888 3.9127
6.4808 -2.2497 4.7785
8.7558 -1.5811 6.2228
6.8070 -2.7641 3.9474
9.2424 -1.5482 6.9586
10.8806 -3.2821 5.2737
12.4561 -2.3947 7.9421
11.5894 -3.3178 5.6123
10.1717 -2.5729 5.9450
9.4045 -3.1045 4.7730
11.0425 -2.4411 6.3608
15.7401 0.1862 14.9534
10.1050 -3.2671 4.8554
8.5049 -2.7333 4.9891
8.5951 -3.3702 3.7790
8.6261 -2.4102 4.9655
12.1114 -2.6851 7.1676
13.3689 -0.5747 12.0761
7.8952 -1.4511 6.1202
6.9277 -2.8642 3.8188
4.4266 -1.5776 4.9240
8.4083 -3.0644 4.2772
11.1665 -3.3641 5.2762
9.7593 -3.2036 4.7815
7.4457 -2.2433 4.5089
7.7941 -2.9288 4.1912
10.0983 -0.4933 10.3485
13.8504 -1.5782 10.3654
14.4833 -0.4935 12.8806
10.7328 0.0459 5.5545
8.4071 -0.4932 9.3719
9.7252 -2.3041 5.6428
9.4439 -2.0954 5.5075
11.4943 -2.7796 6.6239
6.5978 -2.6678 4.0175
14.6096 -0.0306 13.8708
12.7334 -1.2890 10.2934
8.6244 -2.7793 4.9669
7.3326 -1.6812 5.5179
6.9694 -1.4995 5.6181
9.6233 -1.2528 7.7138
5.0812 -2.3243 3.8223
10.3609 -3.3512 4.8366
10.1882 -3.4009 4.6383
10.3134 -1.8172 7.0502
3.7747 -1.9243 3.8604
12.6572 -2.7016 7.4501
10.9270 -2.0187 6.7806
6.0938 -2.0223 5.0056
12.1334 -0.7995 10.9171
8.2424 -2.9998 4.3095
9.8701 -2.8509 5.5446
8.2129 -3.1779 3.9394
8.8824 -0.3202 9.9893
9.5031 -2.2724 5.3560
10.2332 -0.4921 5.6258
7.5995 -1.1024 6.6287
2.2312 -1.0612 4.6795
5.4921 -2.4382 3.8339
10.4816 0.2030 5.4849
5.5355 -2.3942 3.9463
10.7952 -0.1941 5.6213
10.7974 0.8323 4.9379
9.5570 -3.0436 4.9818
12.9254 -2.6851 7.6375
13.4938 -1.6213 10.0741
8.6210 -0.3202 9.8383
11.3221 -3.3038 5.4857
8.0833 -2.9532 4.3098
10.1645 -3.0849 5.2509
9.1588 -0.4933 9.8059
10.7459 -0.7994 10.1159
11.7292 -3.2967 5.7349
5.6298 -2.1695 4.4459
8.9461 -2.8644 4.9842
11.2471 -1.0617 9.8856
10.2461 -3.0748 5.3180
9.3570 -2.9412 5.0692
6.7359 -1.2060 6.1536
10.3925 -3.3446 4.8678
10.8041 -2.3754 6.2126
11.2075 -2.7336 6.5494
5.0810 -0.7991 6.8447
7.1864 -2.3360 4.2601
6.3581 -0.9352 7.3127
7.1808 -1.3373 6.0447
6.3270 -2.6507 3.8951
8.4270 -2.8229 4.7665
12.1917 -3.0001 6.5897
12.2441 -3.0950 6.4319
10.7457 -2.7491 6.2519
11.9896 -2.6511 7.1645
8.6432 -3.0328 4.4754
10.6122 -2.9654 5.7463
11.2875 -1.7037 8.6366
8.5399 -3.3035 3.8794
13.9838 -0.8688 11.8483
8.9324 -3.3379 4.0379
9.4578 -3.0947 4.8232
8.0135 -2.7489 4.6744
10.4421 -3.3380 4.9096
12.0077 -2.8511 6.7787
11.2267 -3.4069 5.2261
12.4571 -1.2351 10.2408
7.8154 -2.9036 4.2533
9.8213 -2.3483 5.7316
15.7093 -0.4089 13.7564
10.4200 0.7513 5.4261
9.3196 -3.3703 4.1973
7.9209 -3.0328 4.0584
12.6746 -2.9168 7.0338
12.5745 -2.9655 6.8793
5.2067 -1.4873 5.5535
8.0152 -1.1444 6.5288
10.9767 -3.4128 5.0702
9.4058 -3.1237 4.7358
7.5263 -1.3055 3.7671
12.4919 -2.9772 6.8083
8.7400 -1.7246 5.8463
3.1068 -0.4083 6.4790
11.7781 0.1863 12.6654
9.9888 -2.8371 5.6405
8.6769 -1.9371 5.5816
9.1408 -2.9412 4.9444
11.2405 -1.7432 8.5311
8.2276 -3.3948 3.5181
11.6951 -3.3513 5.6069
7.2551 -3.0109 3.7173
11.8930 -3.2748 5.8729
10.8074 -3.0112 5.7683
10.6152 -3.3245 5.0363
7.9902 -3.2360 3.6957
6.3016 -2.1969 4.7797
10.4507 0.5605 5.5120
10.3000 -3.3380 4.8276
7.7623 -2.8776 4.2742
10.7420 0.7579 5.2716
10.8296 -2.4444 6.2458
11.9187 -3.1869 6.0618
11.4898 -3.2966 5.5966
11.5801 -3.1782 5.8834
11.1405 -3.1143 5.7562
8.3704 -3.2594 3.8689
7.2799 -2.9163 3.9190
8.7055 -2.3484 4.9362
7.3612 -2.0375 4.7932
7.6330 -3.0540 3.8501
5.8079 -2.2751 4.3395
8.7998 -3.2118 4.2111
10.8325 -0.0305 11.6897
12.4817 -3.0950 6.5691
8.0111 -3.0435 4.0893
4.7842 -1.4873 5.3095
12.5428 -2.8233 7.1429
12.2512 -3.1333 6.3601
11.8295 -3.3108 5.7647
7.9797 -1.4502 6.1587
10.9332 -3.2202 5.4266
6.2579 -2.6678 3.8212
12.2838 -2.7178 7.2024
7.8612 -2.8643 4.3578
10.4652 -3.0748 5.4445
6.7307 -2.7332 3.9647
9.3791 -1.9811 5.8776
8.8782 -3.3827 3.9179
9.5297 -3.2440 4.5689
6.6614 -2.8775 3.6387
10.4992 -0.0701 5.5206
10.4113 -2.6199 6.1163
8.6787 -3.2517 4.0621
10.8926 -3.2037 5.4358
9.8620 -1.6049 7.0463
12.1907 -2.8090 6.9679
10.5775 -3.1515 5.3574
10.0161 -3.3176 4.7040
8.3618 -1.9129 5.4511
11.9474 -2.8232 6.7991
11.4283 -2.0838 6.9325
10.0484 -1.7490 6.9795
11.2167 -3.0331 5.9612
7.8135 -3.2199 3.6255
6.9585 -2.7488 4.0653
10.1686 -3.4185 4.5922
8.3651 -2.7489 4.8774
8.0051 -2.3466 4.6791
10.7272 -0.2881 5.6079
8.6522 -0.8686 8.7696
3.6925 -1.6626 4.3317
9.1064 -3.2440 4.3244
12.0510 -2.8232 6.8589
12.3762 -3.2285 6.2437
8.1072 -2.9532 4.3236
10.9108 -0.4087 10.9854
9.3564 -2.7942 5.3602
10.1162 -3.3950 4.6085
10.6651 -3.3107 5.0925
10.9213 -3.3314 5.1995
11.6732 -3.0223 6.2463
10.7364 -2.0507 6.7906
5.9397 -2.0223 4.9167
11.0803 -1.2889 9.3389
9.1084 -2.6848 5.4338
9.7918 -2.2881 5.7212
7.6675 -3.2593 3.4631
1.9489 0.1867 6.9893
10.4950 -1.9465 6.8285
12.8236 -2.2241 8.4925
12.6971 -2.7178 7.4410
7.6376 -3.1513 3.6600
8.4698 -0.4932 9.4080
10.4223 -1.8133 7.0922
12.8302 -2.6683 7.6159
9.2036 -1.2564 7.5495
12.7628 -1.2351 10.4173
10.7144 0.7790 5.1667
9.8985 -3.2037 4.8619
9.9342 -0.2160 5.5429
8.3325 -2.4871 4.8315
9.3835 -2.1741 5.4291
8.8378 -3.2964 4.0655
7.4060 -3.0945 3.6386
11.1882 -3.3381 5.3403
11.4188 -2.8646 6.4119
12.3081 -1.6631 9.3064
10.2554 -3.3766 4.7252
6.5253 -2.7792 3.7550
8.9920 -3.3888 3.9714
12.8451 -1.1793 10.5753
9.1626 -3.4184 4.0114
8.7669 -0.5744 9.4187
9.7842 -2.9038 5.3901
8.8338 -3.2200 4.2145
8.0828 -2.2977 4.7603
9.3878 -3.1604 4.6526
11.9564 -3.1047 6.2464
1.4191 -0.2276 5.8624
12.0756 -0.7995 10.8837
7.0519 -1.6363 5.3390
10.7919 -3.4010 4.9868
9.6816 -3.0329 5.0749
9.0883 -2.8777 5.0399
11.2217 -3.0000 6.0296
5.4819 -2.4805 3.7443
11.3649 -3.2203 5.6758
13.6070 -1.7817 9.8215
11.5147 -2.9535 6.2910
9.1322 -2.2044 5.1186
10.9915 -3.1332 5.6328
9.3699 -2.0163 5.6268
2.9670 -1.2884 4.6541
5.7678 -1.8185 5.2212
9.4100 -3.4184 4.1542
11.3532 -3.3767 5.3591
8.6919 -3.4067 3.7627
10.7603 0.8856 4.9546
10.7299 0.7775 5.2022
6.8774 -2.7488 4.0184
8.4596 -1.8977 5.6043
2.9802 -0.6521 5.9227
7.2954 -3.1691 3.4270
9.0323 -3.3639 4.0440
8.8970 -3.4008 3.8928
10.7079 -1.7229 7.2019
8.5665 -3.2035 4.0929
10.7311 -3.3577 5.0375
6.0694 -2.3714 4.2996
12.0497 -3.0950 6.3197
9.0550 -3.0848 4.6103
12.2184 -3.0750 6.4567
10.0953 -2.3664 5.7819
10.8437 -2.9166 5.9767
10.3053 0.0479 5.3790
10.1803 -1.3413 7.8361
10.6567 0.7679 5.1470
10.8027 0.9868 4.8872
11.0414 -0.1315 11.6101
8.9313 -2.7013 5.2988
11.1540 -2.6189 6.5429
1.2692 -0.1311 5.9671
10.2511 -3.3950 4.6864
3.9171 -1.7811 4.2265
11.0437 -3.3950 5.1440
10.8924 -1.9140 6.9165
12.3456 -2.6337 7.4046
11.3349 -2.2579 6.5318
5.9179 -2.6678 3.6249
1.0424 -0.0301 6.0362
8.7368 -0.7273 9.0984
5.9219 -1.8548 5.2382
9.9446 -3.0221 5.2483
9.3750 -2.8644 5.2318
8.9569 -3.1866 4.3518
7.9179 -1.7733 5.6510
8.0874 -1.5927 5.9271
9.0449 -2.0381 5.5156
3.6051 -0.8683 5.8552
11.5772 -1.9583 8.2993
11.3688 -2.9654 6.1831
12.0977 -2.9040 6.7258
9.1310 -3.1236 4.5772
2.3993 -0.9992 4.8994
8.1983 -3.3702 3.5499
4.9019 -0.5743 7.1868
12.3965 -1.6631 9.3575
13.3184 -2.2241 8.7782
14.0325 -1.5782 10.4706
12.1150 -3.1695 6.2096
10.6673 -0.1968 5.9282
11.6077 -2.3974 6.5859
5.9128 -0.9351 7.0556
8.8769 -3.3175 4.0463
9.7165 -3.3245 4.5174
12.1634 -2.9772 6.6187
12.9220 -0.7275 11.5152
11.4927 -2.2844 6.6119
6.8306 -2.6333 4.2204
10.3111 -2.1216 6.3008
10.9607 -2.6850 6.5032
7.6881 -1.1024 6.6805
7.1039 -2.9883 3.6747
10.1409 -1.8130 6.9279
7.6335 -2.9651 4.0265
10.6781 0.7742 5.1394
14.7635 -0.9356 12.1663
8.1821 -3.3639 3.5531
10.7580 0.7948 5.1305
11.3746 -0.2280 11.6113
11.4481 -3.0850 5.9920
8.4272 -3.0746 4.2679
12.4350 -1.3916 9.9178
12.6066 -2.8373 7.1519
11.6396 -3.2203 5.8344
13.9881 -1.8191 9.9676
7.5556 -3.2117 3.4928
5.1031 -1.7428 4.9874
-1.1193 -0.2275 4.3966
7.9395 -3.3702 3.4006
12.1515 -1.2350 10.0643
8.4113 -3.0540 4.2995
8.3001 -3.3105 3.7270
11.9993 -3.1607 6.1604
9.1032 -2.3127 5.1516
9.6962 -3.1604 4.8307
9.1257 -3.1045 4.6121
9.3860 -3.3445 4.2867
8.6533 -2.7013 5.1383
11.9590 -3.1869 6.0851
11.2767 -2.0978 6.7796
9.4597 -2.0231 5.9503
8.4060 -2.9037 4.5944
7.9588 -2.3038 4.7050
5.9868 -0.8684 7.2305
10.7893 -3.0437 5.6933
10.6266 -3.2441 5.2021
14.5397 -0.0306 13.8304
11.3223 -2.1548 6.6765
12.7376 -2.9041 7.0953
12.1612 -3.0647 6.4439
8.6255 -2.7013 5.1223
4.6998 -1.9578 4.3283
8.6058 -2.3003 4.9087
10.1601 -3.1781 5.0636
8.3752 -3.0220 4.3422
4.7925 -2.1127 4.0749
8.8200 -1.8579 5.6318
7.5188 -1.6809 5.6232
9.3252 -2.9770 4.9800
13.4053 -0.7995 11.6515
8.3306 -3.3887 3.5896
10.9921 -3.2202 5.4606
10.5933 -1.9468 6.8865
10.0788 -3.2820 4.8108
12.3072 -3.0001 6.6564
12.9354 -0.3204 12.3296
10.4248 0.3341 5.5135
8.2840 -2.7489 4.8306
10.5683 -2.9771 5.6978
10.8555 -3.0330 5.7527
7.2644 -0.4085 8.8798
8.0808 -3.3243 3.5730
6.0278 -2.1695 4.6758
9.0356 -2.9885 4.7900
-1.0550 -0.0300 4.8250
13.8481 -1.5337 10.4523
11.7287 -0.7994 10.6834
11.3896 -3.2038 5.7228
11.5908 -2.2977 6.6249
9.0115 -3.0848 4.5852
9.1163 -2.8370 5.1367
8.0313 -0.4932 9.1549
14.0421 -0.7275 12.1619
10.0388 -2.0960 6.1722
8.5536 -2.9037 4.6796
5.7247 -1.6627 5.5051
8.8935 -3.3639 3.9638
12.9592 -1.8553 9.3016
11.5836 -2.6682 6.8962
7.4575 -2.8642 4.1247
4.5027 -1.1788 5.7582
9.9604 -2.3800 5.8921
7.4329 -3.0539 3.7346
9.0242 -2.6848 5.3851
9.4545 -3.2892 4.4358
12.3673 -2.2756 8.1268
6.9196 -3.0218 3.5018
9.4185 -1.2505 7.5458
11.9535 -3.2203 6.0157
7.5725 -3.2034 3.5190
8.2605 -3.1422 4.0377
10.1521 -3.4185 4.5827
11.4128 -2.9771 6.1853
10.6727 -3.3950 4.9298
7.8555 -2.1709 4.9327
11.2618 -3.0331 5.9873
12.6168 -2.4388 7.9476
8.1500 -3.1951 3.8691
8.3555 -2.4436 4.8157
7.5161 -3.2117 3.4699
9.8068 -3.2518 4.7134
7.0641 -1.8125 4.9396
10.3285 -2.9653 5.5825
9.0254 -3.4067 3.9552
10.3238 -3.0542 5.4037
2.9076 -0.9350 5.3202
7.8451 -2.9532 4.1723
10.8590 -3.4010 5.0255
12.0482 -1.2596 6.4307
7.5668 -3.1865 3.5492
6.6544 -2.6678 4.0502
10.1739 -3.3107 4.8089
10.7502 -2.7795 6.1943
12.6607 -2.8090 7.2393
9.6388 -2.2230 5.5412
8.6144 -3.1866 4.1541
6.3759 -2.7332 3.7598
1.9003 -0.7270 5.1507
10.8541 -3.3641 5.0958
-0.1280 -0.5740 4.2823
10.6852 -3.3177 5.0903
10.4597 -1.9509 6.8275
5.9500 -1.8901 5.1845
9.7737 -3.3106 4.5778
4.0480 -1.5331 4.7935
10.4137 -2.0301 6.6650
10.5336 -2.3307 6.0981
10.8911 0.9078 4.7901
10.4926 0.4656 5.5540
5.9743 -1.5777 5.8177
11.1037 -3.2894 5.3880
9.5861 -3.1142 4.8588
12.6109 -2.9536 6.9239
11.4805 -2.2292 6.7069
12.8913 -0.9998 10.9578
7.6577 -1.8750 5.2114
12.6611 -2.9292 7.0012
8.0368 -2.9037 4.3812
10.3202 -3.3704 4.7750
8.5290 -2.9037 4.6654
11.5606 -2.6511 6.9168
9.4462 -2.7175 5.5640
9.2792 -2.2566 5.2624
13.3930 -0.3204 12.5939
6.8724 -0.1313 9.2027
8.5746 -2.9769 4.5466
10.8264 -3.4069 4.9950
11.0779 0.9221 4.7874
12.3374 -1.7817 9.0884
9.3193 -2.1816 5.4135
11.8226 -2.8646 6.6450
9.7973 0.1864 11.5216
8.2047 -2.7333 4.8157
11.6041 -3.2520 5.7511
10.8341 -3.0437 5.7192
9.1662 -3.1780 4.4898
11.0524 0.9069 4.8498
7.2494 -2.9997 3.7362
7.3177 -2.1409 4.4218
6.5538 -2.7173 3.8940
5.6696 -2.4805 3.8526
9.0477 -3.2670 4.2449
9.1193 -2.7942 5.2234
10.7734 0.8181 4.9958
8.2330 -3.2818 3.7451
11.0361 -3.0331 5.8569
9.2889 -2.6680 5.5712
7.9116 -3.2200 3.6821
10.0321 -0.3885 5.6081
7.9888 -3.0540 4.0555
9.5945 -3.3827 4.3314
6.7388 -1.0614 7.2823
6.8441 -2.7792 3.9390
8.9312 -3.3175 4.0776
8.9746 -2.4385 5.1612
10.9567 -1.9654 6.8657
5.9614 -1.7429 5.4830
12.8211 -2.4602 8.0232
10.4937 -2.8910 5.8253
9.3882 -1.2485 7.4842
8.4449 -3.3575 3.7176
10.4587 -3.2120 5.1689
9.9597 -3.2519 4.8017
8.9170 0.1864 11.0132
7.4059 -2.2348 4.2847
10.2511 -3.4185 4.6398
8.4762 -3.3243 3.8013
12.3207 -1.0617 10.5054
10.0489 -0.1190 5.2694
10.8908 0.8786 4.7948
9.5509 -3.1952 4.6779
10.0431 -3.2362 4.8809
11.1502 -1.9040 7.1856
5.0648 -1.5332 5.3807
10.7626 0.8018 5.0902
11.8819 -2.7492 6.9079
3.4654 -1.0613 5.3921
11.9243 -0.9354 10.5268
5.5368 -1.9245 4.8779
3.4436 -1.3406 4.8260
7.9682 -3.1235 3.9058
11.0130 -3.0849 5.7408
9.8760 -3.3576 4.5438
10.7340 -3.1046 5.5407
9.0110 -3.1423 4.4710
7.4020 -2.8507 4.1196
7.3196 -3.0945 3.5887
10.0993 -3.1781 5.0285
5.9702 -1.1212 6.7200
7.6156 -2.3709 4.4368
11.6637 -3.2822 5.7258
8.2775 -3.1603 4.0116
9.9307 -3.3949 4.5014
13.3300 -2.1421 8.9475
15.3939 -0.5747 13.2455
3.8104 -0.4083 6.8852
8.4610 -3.2200 3.9993
10.8809 -2.7491 6.3300
9.6729 -2.1732 5.9890
11.9248 -3.2822 5.8765
7.3836 -2.5022 4.3180
10.1018 -2.8088 5.7618
8.9976 -3.3639 4.0239
8.1275 -1.6263 5.8868
11.8787 -2.7015 7.0005
10.7304 0.8005 5.0451
11.7147 -1.8905 8.5131
10.9719 -3.1953 5.4983
10.5963 -2.9039 5.8590
11.3851 -2.1769 6.7795
7.9864 -2.7489 4.6588
4.2734 -2.1127 3.7752
9.2510 -2.7942 5.2994
10.7598 -1.6068 7.5789
14.8592 -0.4935 13.0976
7.6828 -1.9445 5.0388
9.5439 -3.3703 4.3268
7.0643 -0.8685 7.8526
7.6497 -3.1950 3.5802
10.8248 -3.1424 5.5182
10.4331 -3.2820 5.0153
11.2455 -3.2283 5.5909
10.2697 -2.9413 5.5961
9.8965 -2.2934 5.8815
4.0722 -1.1211 5.6241
9.8128 -1.9292 6.5280
5.8172 -1.9245 5.0397
9.1575 -1.9885 5.6459
8.0372 -2.8908 4.4070
10.4104 -1.7471 7.1766
9.9856 -3.2820 4.7569
12.0992 -2.5604 7.4076
12.2494 -2.7646 7.0897
11.0163 -2.3133 6.4118
11.0959 -3.3767 5.2105
10.8767 -3.2442 5.3466
11.4101 -3.4070 5.3320
8.3940 -3.4008 3.6024
10.9920 -3.2038 5.4932
14.9166 -0.2281 13.6567
6.1377 -2.6332 3.8203
9.5736 -0.0304 10.9627
8.9700 -3.4126 3.9116
10.2229 -2.0295 6.5526
8.7126 -3.4008 3.7863
10.4295 -3.2746 5.0279
5.2679 -2.1695 4.2370
9.8511 -3.1952 4.8512
10.9016 -3.3108 5.2290
7.3964 -2.2441 4.3914
8.4198 -2.8508 4.7072
10.7325 -2.9771 5.7926
9.6379 -3.3766 4.3687
7.8538 -2.7793 4.5220
5.6805 -1.6627 5.4796
10.7002 -2.0310 6.8339
10.0336 -3.3380 4.6737
13.2469 -1.3412 10.4866
7.1766 0.0755 9.7882
9.8263 -1.9569 6.4880
11.4532 -2.7336 6.6913
9.1177 -2.0632 5.5292
10.5437 -0.0544 5.8533
11.8005 -3.2443 5.8799
13.2231 -1.4405 10.2761
11.0834 -2.0732 7.0753
11.1926 -3.0438 5.9262
11.2064 -1.6212 8.7533
9.4305 0.1864 11.3098
13.9791 0.1863 13.9365
8.8110 -1.7062 6.0066
6.2483 -2.5973 3.9554
9.5691 -3.2282 4.6230
12.1485 -3.2822 6.0057
7.9011 -3.3243 3.4692
8.1980 -3.1422 4.0016
9.5599 -2.0726 6.3375
9.5296 -1.0616 8.8938
8.1509 -3.3378 3.5867
6.1418 -2.5788 3.9305
10.8698 -2.0935 6.6433
10.4237 -3.3704 4.8348
8.8926 -3.2200 4.2485
4.5903 -2.2235 3.7387
8.6139 -3.2281 4.0716
10.8440 -3.4128 4.9936
10.2936 -1.1214 9.2165
0.3863 -0.3199 5.0831
6.8176 -2.7792 3.9237
8.1434 -2.4432 4.6923
6.6752 -1.1565 6.1985
10.5905 -0.3076 5.9014
3.7106 -0.9993 5.6565
15.5182 -0.2282 14.0040
10.5955 -3.1424 5.3858
8.6428 -1.6054 6.0329
7.9630 -2.9037 4.3386
7.3801 -2.7174 4.3711
12.3879 -2.6159 7.4643
11.0467 -2.0771 6.6897
10.2008 -3.0330 5.3747
10.0438 -2.9999 5.3495
9.8830 -2.3991 5.6649
12.4160 -0.4934 11.6868
9.2982 -1.8829 6.0213
9.2037 -2.7490 5.3616
11.8295 -2.8511 6.6759
10.0045 -3.2120 4.9066
1.3059 0.0757 6.3980
9.3162 -3.4009 4.1348
10.2859 -2.3240 5.8621
14.4376 -0.8689 12.1103
2.7904 -0.0302 7.0456
7.7084 -3.0946 3.8132
9.0330 -2.7175 5.3254
8.3345 -3.2517 3.8634
7.2995 -3.0539 3.6575
6.8186 0.0755 9.5815
9.7826 -1.9770 6.3867
8.5191 -2.6848 5.0935
8.3410 -3.2281 3.9140
5.1863 -1.7812 4.9594
10.8145 -3.0646 5.6664
10.4214 -3.0748 5.4192
11.8758 -3.3448 5.7242
9.1742 -2.9289 4.9880
8.8549 -1.1791 8.2713
11.1709 -3.2038 5.5965
8.8095 -3.3106 4.0211
9.7047 -2.2667 5.6144
8.4594 -3.1692 4.0990
10.7954 -0.1696 5.6189
11.3522 -3.3246 5.4618
4.1590 -1.7427 4.4423
9.7171 -3.0221 5.1169
12.1652 -3.3382 5.9044
9.5673 -3.2595 4.5600
9.8729 -1.6195 7.1660
10.9890 -2.1823 6.4708
9.1359 -3.4126 4.0074
12.1368 -3.0113 6.5358
10.5296 -3.1332 5.3661
7.4157 -1.6969 3.9651
4.4111 -0.5742 6.9035
11.8180 -2.8232 6.7244
9.1554 -1.3084 7.5330
6.9955 -3.0327 3.5241
5.4769 -2.5009 3.7008
8.1994 -3.2594 3.7702
11.9220 -3.4129 5.6160
13.4337 -0.1316 12.9916
12.8763 -2.6512 7.6764
1.8121 -1.2345 4.0941
10.3547 -3.3704 4.7949
11.2096 -1.5780 8.8406
11.1776 -3.4010 5.2095
9.9967 -2.3047 5.8836
5.9713 -2.4383 4.1106
9.2647 -2.9652 4.9683
7.8260 -2.4423 4.5072
9.1833 -3.2440 4.3689
13.1465 -2.3249 8.4792
14.7626 -1.1794 11.6826
10.8472 0.8417 4.9562
7.2494 -3.0846 3.5679
7.9402 -3.3826 3.3763
11.3194 -3.2442 5.6021
11.1818 -2.7177 6.5661
8.7079 -3.2670 4.0487
12.6085 -0.3204 12.1409
8.1612 -2.8908 4.4786
10.4348 -2.8645 5.8437
7.7348 -0.7272 8.5198
11.6003 -3.2597 5.7337
10.5284 -3.1868 5.2591
5.3104 -2.3714 3.8614
10.4606 -2.1847 6.3719
8.2819 -0.4932 9.2995
9.4959 -1.8388 6.6962
11.1511 -2.2144 6.4756
2.2160 -0.3199 6.1397
13.3667 -2.1421 8.9687
9.3461 -2.3045 5.2715
9.1017 -3.3639 4.0840
8.9312 -3.0747 4.5588
11.1732 -1.6515 7.8269
6.3955 -2.5973 4.0404
12.4898 -2.5978 7.5591
11.2533 -0.2029 7.9626
8.6724 -3.2281 4.1053
8.5171 -3.1780 4.1150
10.8577 -2.7943 6.2271
9.8738 -3.3380 4.5814
9.9095 -2.7942 5.6796
10.8163 -2.8910 6.0116
8.7054 -2.4410 5.0118
5.0236 -0.7271 6.9543
10.8565 -2.7795 6.2557
8.9810 -2.9652 4.8045
6.8728 -0.7992 7.8794
10.2428 -1.3324 7.7335
8.3235 -2.8229 4.7068
11.4790 -2.0992 6.9010
11.0429 -2.7645 6.3931
9.2888 -1.9441 5.9640
8.6120 -3.4008 3.7282
10.5408 -3.2202 5.2000
9.4396 -2.9038 5.1911
11.3136 -3.3951 5.2998
3.8393 -1.8900 3.9658
6.7194 -2.5973 4.2274
7.8817 -3.3105 3.4854
10.8998 -3.2894 5.2703
9.1678 -2.3521 5.2119
11.9712 -1.5523 6.5657
8.2444 -3.3948 3.5279
9.6806 -3.1237 4.8945
14.5460 -0.4935 12.9168
9.3086 -1.7905 6.3251
11.1113 -1.9986 6.9453
10.1465 -2.1669 6.0345
4.0280 -1.9578 3.9403
11.5140 -3.0223 6.1544
5.4007 -1.4400 5.7593
9.0412 -3.2745 4.2263
13.7001 -1.4405 10.5515
9.3579 -3.1693 4.6178
8.3526 -2.1823 4.6882
9.1197 -1.2619 7.6207
12.3381 -2.9655 6.7428
9.8292 -2.8644 5.4941
11.7476 -3.2673 5.8037
12.1023 -2.5015 7.5262
8.6299 -2.7643 5.0000
8.0493 -3.2118 3.7778
-0.6025 -0.4082 4.3370
3.2415 -0.9350 5.5130
11.8756 -1.1215 10.1299
7.8374 -3.2517 3.5764
10.8545 0.8232 5.0955
7.6899 -1.4525 6.0162
10.1355 -1.1214 9.1251
3.4627 -0.7990 5.9102
11.1488 -2.7796 6.4244
10.4783 0.0375 5.3859
10.8268 -3.2966 5.2139
10.2256 -2.5741 5.9787
9.0891 -3.3765 4.0518
12.4900 -2.6337 7.4880
2.0679 -1.1787 4.3523
12.4347 -3.2285 6.2775
11.8056 -3.2364 5.8985
8.2302 -3.3826 3.5437
5.6345 -0.9351 6.8949
11.2061 -2.5343 6.5261
6.8462 -1.0614 7.3443
11.0127 -3.1143 5.6824
10.4416 0.2444 5.4401
10.8498 -3.1782 5.4618
7.2382 -2.0204 4.6581
11.1256 -1.7645 7.4512
12.5047 -2.5412 7.6799
12.1376 -3.2122 6.1382
8.3597 -3.1603 4.0591
7.7761 -2.3291 4.5027
8.7329 -1.4764 6.4068
8.9175 -3.3765 3.9528
10.4144 -3.2820 5.0045
13.6683 -1.5782 10.2603
0.1155 0.1867 5.9306
10.8934 -2.9291 5.9806
7.2958 -2.7792 4.1998
10.9546 -3.2672 5.3459
9.1770 -3.0947 4.6611
12.2749 -3.0851 6.4694
4.4086 -1.4873 5.0927
10.9915 -3.1238 5.6513
9.3602 -2.2641 5.2523
7.4194 -2.1077 4.7003
4.8468 -0.7271 6.8522
4.3874 -0.7991 6.4442
11.3818 -0.7994 10.4831
7.8834 -2.1134 4.9874
7.8516 -3.3574 3.3750
8.2369 -3.0328 4.2408
8.3207 -2.8370 4.6774
11.2803 -3.3246 5.4202
6.5133 -2.5973 4.1084
12.4633 -1.7038 9.3155
9.9806 -2.8645 5.5815
8.7314 -3.2594 4.0773
12.9232 -2.6338 7.7381
7.2820 -2.8085 4.1337
9.6832 -3.1045 4.9340
11.1904 -3.3246 5.3684
10.2567 -3.1331 5.2085
9.4490 -2.8087 5.3849
11.5492 -2.9887 6.2413
11.2486 -1.8683 7.2516
10.5233 -3.2747 5.0821
8.7687 -1.6499 6.1333
9.7047 -1.8956 6.4901
11.4733 -2.8510 6.4702
7.8319 -3.0435 3.9858
7.7377 -3.3174 3.3885
10.6871 -2.8645 5.9894
10.4400 -3.2965 4.9906
4.8579 -1.9579 4.4195
8.2263 -3.4007 3.5055
9.1690 -3.4126 4.0265
5.8064 -1.9579 4.9672
7.3923 -2.9532 3.9109
10.9390 1.0255 4.7134
9.6009 -1.8894 6.0640
9.7386 -3.0948 4.9853
10.6216 -2.0923 6.6158
8.5044 -2.9037 4.6512
8.0384 -2.8369 4.5144
4.9273 -1.5776 5.2131
8.3800 -1.1936 6.7624
11.1303 -3.3767 5.2303
8.3074 -2.2314 5.0673
10.0680 -1.5517 7.4662
11.8685 -2.3947 7.6028
10.4433 -3.0748 5.4319
10.6698 0.7542 5.1947
10.7063 -3.0748 5.5837
9.6852 -3.4009 4.3478
8.1583 -3.4067 3.4546
8.1727 -2.7793 4.7061
9.0606 -2.0975 5.2928
10.8717 -2.1789 6.5910
4.2441 -1.3911 5.1883
10.0042 -3.2820 4.7677
7.5489 -2.2922 4.4377
10.3885 -2.7335 6.0766
7.4243 -3.0327 3.7717
7.3313 -2.8642 4.0519
7.8365 -2.0698 5.0549
10.9889 -2.1589 6.4966
9.9390 -2.8778 5.5311
10.1402 -3.3380 4.7353
12.5950 -2.1974 8.4134
12.1062 -3.3951 5.7574
7.6175 -2.6679 4.6062
9.8807 -3.2893 4.6819
11.9384 -1.9768 6.7625
7.2700 -3.1602 3.4299
8.0340 -3.0219 4.1452
1.3523 -0.2276 5.8238
11.2918 -3.4128 5.2521
9.1043 -1.4715 7.0386
7.1773 -1.7733 5.2234
8.2720 -3.3510 3.6305
11.3075 -3.2894 5.5057
6.9030 -2.9996 3.5362
11.3425 -3.2966 5.5116
5.4167 -1.9244 4.8085
10.9323 -2.2377 6.5051
12.0967 -0.7274 11.0386
5.9157 -0.1313 8.6502
8.5752 -1.7524 5.6947
14.2661 0.0753 13.8822
8.8116 -3.0541 4.5306
8.9916 -0.4086 9.8772
9.1741 -3.3445 4.1643
7.4367 -1.6975 3.9799
9.1778 -2.1548 5.3446
4.6418 -0.4084 7.3654
8.3224 -3.0540 4.2481
9.1382 -3.1867 4.4565
10.8722 0.8647 4.8399
10.8219 0.8218 5.0512
11.7957 -3.3578 5.6522
10.5147 -0.7994 9.9823
10.5417 -2.7943 6.0446
9.5462 -3.0329 4.9967
4.4313 -1.0613 5.9499
9.2329 -3.1045 4.6740
8.4420 -3.1603 4.1066
10.9578 -3.3512 5.1812
5.6495 -1.3912 5.9997
10.5231 0.8368 5.2863
8.3305 -3.3311 3.7037
8.0932 -3.3887 3.4525
14.1165 -1.7434 10.1918
8.6439 -1.0978 6.9829
9.1661 -2.7643 5.3095
7.8780 -1.1035 6.8494
7.2189 -1.9984 4.6980
5.0502 -2.1968 4.0571
11.9992 -2.8646 6.7470
7.4419 -1.9472 5.0695
6.1372 -0.3201 8.4040
8.1467 -3.0328 4.1887
10.0049 -0.3872 5.5989
8.4107 -2.6680 5.0642
9.1538 -2.8909 5.0517
5.5646 -1.5777 5.5811
12.4739 -2.5015 7.7407
10.5142 -3.2519 5.1219
12.4929 -3.1783 6.4105
9.8420 -3.2282 4.7806
10.4138 -1.6152 7.4445
7.6566 -3.2199 3.5348
8.7632 -3.3765 3.8637
11.2663 -3.1238 5.8100
8.3847 -0.0304 10.2761
5.7161 -1.8548 5.1194
0.1787 -0.5740 4.4594
11.6403 -2.6682 6.9289
9.7167 -1.1562 7.9366
6.3934 -2.5599 4.1132
10.5240 -3.0542 5.5193
13.0864 -2.4170 8.2619
10.8253 -2.7335 6.3288
15.7466 -0.3205 13.9530
6.5839 -0.4452 5.4759
10.6951 -3.0222 5.6816
7.7814 -3.2593 3.5289
8.8307 -3.3312 3.9925
7.6929 -3.0219 3.9482
9.5184 -2.3951 5.4450
7.6550 -3.2818 3.4114
4.8699 -1.2885 5.7529
13.1710 -2.3006 8.5415
6.7283 -2.5211 4.3836
12.0750 -3.3578 5.8134
10.0233 -3.2595 4.8232
11.3881 -2.1531 6.8091
8.5402 -3.3765 3.7350
11.4780 -3.3246 5.5344
7.2298 0.1865 10.0389
13.4175 -2.1974 8.8883
12.5182 -2.7016 7.3698
4.7879 -0.7271 6.8181
11.8180 -3.3513 5.6778
6.0251 -2.3942 4.2290
12.3435 -2.4170 7.8330
8.8144 -3.3035 4.0379
11.1458 -2.3229 6.3556
10.5203 -1.3399 8.0106
11.2720 -2.9771 6.1041
10.9170 -2.9166 6.0189
12.3530 -2.5412 7.5923
8.3541 -2.3995 4.7833
10.9881 -2.0330 6.7402
8.7964 -3.4008 3.8347
11.1951 -3.2966 5.4265
11.3193 -2.3349 6.6427
8.3816 -2.2398 4.7008
11.0587 -1.5920 7.6364
10.4128 -3.0542 5.4551
7.7895 -2.6847 4.6722
11.2633 -3.2363 5.5854
8.0468 -3.2744 3.6522
9.4094 -3.0110 4.9611
12.1597 -1.2248 6.3873
12.9213 -1.9584 9.0754
7.4083 -1.6557 4.0298
8.6261 -3.2035 4.1273
11.8597 -1.8189 8.7387
8.3109 -3.1044 4.1416
8.4559 -1.1480 6.9122
10.9718 0.0754 11.9798
8.8161 -3.3510 3.9447
11.5745 -2.2591 6.6731
11.7456 -2.1700 7.9772
10.0314 -3.4127 4.5244
11.9983 -0.1315 12.1627
10.9701 -3.1143 5.6579
8.6024 -3.1236 4.2720
12.8119 -2.8373 7.2705
6.9970 -1.7269 5.0850
8.7085 -2.9412 4.6947
6.8508 -1.5741 5.4133
11.1501 -3.0222 5.9443
7.8698 -3.3638 3.3728
6.0675 -0.5743 7.8599
9.1168 -2.9412 4.9305
10.4868 -1.8229 7.1816
7.5769 -2.7333 4.4532
10.4062 -3.4010 4.7641
8.0946 -2.7489 4.7212
11.0606 -3.3950 5.1538
10.3331 -2.1846 6.1957
8.8852 -3.3948 3.8978
9.3576 -2.2459 5.3586
5.7771 -1.9245 5.0166
9.2988 -3.2440 4.4355
11.5953 -2.7944 6.6529
7.5412 -2.7012 4.4962
11.8953 -3.3642 5.6969
9.4668 -3.3888 4.2456
8.6658 -3.0328 4.4885
6.4446 -1.1212 6.9940
9.7484 -2.2413 5.7409
10.4366 -3.2893 5.0029
11.1425 -3.4128 5.1659
3.7516 -0.7990 6.0771
10.8405 -3.3890 5.0386
9.0990 -1.8497 5.9231
1.7528 -1.1210 4.2847
8.0888 -3.2118 3.8006
10.1161 -3.2820 4.8323
12.1545 -2.8232 6.9187
12.0833 -1.2521 6.3691
4.9632 -0.5743 7.2223
6.0028 -2.7172 3.5759
11.8525 -3.1954 6.0067
9.5147 -2.7644 5.5108
8.3834 -1.5682 5.9079
10.7465 -1.7517 7.1591
7.3728 -3.1602 3.4893
10.7970 0.0484 5.5981
9.4601 -3.1693 4.6768
10.8751 -3.3950 5.0467
7.8342 -3.2280 3.6214
12.0484 -2.9040 6.6974
3.0429 -0.4083 6.4420
10.3597 -3.3177 4.9024
6.7359 -1.4160 5.5731
10.7687 -3.3704 5.0340
6.8413 -0.4931 8.4677
5.9666 -0.7272 7.4988
11.4939 -2.6850 6.8111
9.5735 -3.3106 4.4622
10.3137 -3.3313 4.8488
9.8447 -2.8509 5.5299
4.7317 -2.2235 3.8203
10.6070 0.7557 5.3196
3.7884 -1.3406 5.0251
8.2352 -3.0435 4.2186
7.8362 -2.1327 4.9091
10.8772 -3.4128 5.0127
7.8073 -1.5835 5.6942
10.7400 0.9320 4.9727
7.3375 -2.1435 4.4414
9.2659 -2.1938 5.3300
5.3530 -1.4400 5.7317
11.4615 -3.2747 5.6237
13.8647 -1.8554 9.8245
9.0172 -2.0404 5.3937
11.9520 -3.3382 5.7813
12.3746 -2.9772 6.7406
9.5685 -3.3889 4.3043
4.3441 -1.9578 4.1229
9.0420 -2.1399 5.4140
12.1870 -3.3830 5.8282
7.7682 -3.1865 3.6655
13.9821 -0.4935 12.5912
9.6986 -2.0590 5.8499
2.9201 -0.6521 5.8880
9.0912 -2.1275 5.4039
12.3765 -3.0001 6.6964
8.1934 -1.6935 5.8205
11.8532 -3.3951 5.6114
10.4100 -2.7943 5.9685
10.3829 0.2550 5.3741
12.3032 -3.0544 6.5465
11.1815 -2.6190 6.5590
9.7685 -3.2518 4.6913
8.2769 -3.3311 3.6727
9.8915 -3.3380 4.5917
4.6033 -0.6522 6.8599
4.9740 -1.7033 4.9911
7.5496 -2.7333 4.4375
5.8807 -1.8548 5.2145
9.6356 -1.8710 6.1619
8.2500 -3.3702 3.5798
12.0523 -1.0617 10.3505
5.1128 -1.4873 5.4993
11.6178 -2.6511 6.9498
11.4096 -2.9887 6.1606
8.3223 -2.1471 4.7393
11.0790 -2.1216 6.8598
5.0186 -1.5332 5.3540
10.9525 -3.2120 5.4540
4.9647 -0.7271 6.9202
5.6657 -1.5332 5.7276
9.9330 -1.8744 6.5215
14.3507 -0.5747 12.6430
10.3537 -0.8687 9.7521
9.4826 -3.3106 4.4097
11.0115 -3.2442 5.4244
11.6874 -3.0850 6.1302
10.7261 -2.9414 5.8596
7.8510 -3.0109 4.0613
9.2055 -1.6709 6.5278
12.9476 -2.4602 8.0962
7.3528 -0.9995 6.4552
9.5597 -3.2201 4.6336
7.7602 -3.1422 3.7488
6.2639 -2.4805 4.1958
9.7193 -2.1856 6.0553
8.2181 -3.3575 3.5866
5.0256 -0.4084 7.5870
6.8616 -2.8775 3.7542
8.9139 -3.2440 4.2133
12.1280 -3.1048 6.3455
9.5040 -1.6839 6.7887
11.3569 -3.1782 5.7546
12.9224 -2.3487 8.3026
0.3014 -0.5741 4.5303
13.8063 -0.7275 12.0258
10.7304 -0.0704 5.5772
9.9638 -3.3766 4.5569
11.9499 -3.4186 5.6206
11.8088 -2.2934 6.8994
10.3408 -2.5284 6.0136
14.2053 -1.7039 10.3213
7.5061 -3.2360 3.4161
9.2554 -3.2670 4.3648
7.9712 -3.2517 3.6537
10.1168 -0.5745 10.1982
7.8400 -2.9036 4.2676
11.3630 -2.4485 6.5631
11.8784 -3.1869 6.0386
7.9035 -2.7174 4.6733
6.6214 -0.3641 5.4101
10.0708 -3.0748 5.2168
13.4165 -2.3249 8.6351
9.9052 -2.9999 5.2695
4.9661 -0.8684 6.6411
9.6768 -3.2893 4.5642
8.8405 -2.0330 5.5005
10.4550 -3.3641 4.8654
7.6061 -3.1140 3.7156
11.5027 -2.9887 6.2144
6.2559 -2.5407 4.0719
10.8925 -2.9166 6.0048
6.7274 -2.6507 4.1262
11.7430 -0.7274 10.8343
12.3604 -3.2598 6.1725
9.7452 -2.9165 5.3424
8.0080 -1.1987 6.6891
6.8138 -2.5600 4.3559
10.9203 -3.3177 5.2260
13.1866 -2.2502 8.6504
8.4972 -3.3175 3.8270
10.0639 -3.0646 5.2331
1.1825 -0.9349 4.3241
-2.0111 0.1868 4.7025
11.6924 -3.3829 5.5426
1.1627 0.0757 6.3154
11.2392 -3.0331 5.9743
11.5651 -2.4197 6.6131
12.2702 -2.4810 7.6637
7.0848 -1.8396 4.8940
9.6466 -3.0436 5.0336
11.5867 -3.0112 6.2182
10.9721 -3.2038 5.4817
8.6950 -1.1032 7.3034
9.5667 -3.0747 4.9258
8.5491 -2.9164 4.6518
7.0071 -1.0614 7.4373
8.3427 -2.9652 4.4360
10.2595 -1.2455 7.9198
8.8947 -3.2440 4.2022
12.4517 -3.1607 6.4216
9.2732 -3.1514 4.6043
13.5085 -1.7039 9.9190
10.9707 -3.1424 5.6024
10.0913 -3.1953 4.9899
10.4223 -3.2596 5.0536
9.0605 -2.7175 5.3413
9.2994 -3.1867 4.5496
7.4139 -3.1602 3.5130
11.7770 -3.4070 5.5438
8.1138 -3.1513 3.9349
9.7914 -3.2362 4.7355
5.3370 -1.5777 5.4497
12.7082 -2.4810 7.9166
9.8607 -3.1605 4.9257
13.2475 -1.9910 9.1991
11.4517 -2.8372 6.4851
8.3622 -3.1513 4.0783
8.6019 -3.3888 3.7462
12.0160 -1.5380 6.5139
7.6821 -0.7992 8.3467
12.5436 -2.7945 7.2004
0.9197 -0.7989 4.4418
9.5719 -1.6769 6.5093
8.3327 -2.1797 4.6698
8.5322 -2.7333 5.0048
9.4119 -3.3379 4.3148
9.3047 -2.9999 4.9229
8.8296 -3.2819 4.0895
11.8901 -3.3705 5.6814
9.4223 -2.4412 5.4260
12.2479 -3.2204 6.1856
7.3923 -0.4085 8.9537
7.9507 -2.2871 4.7413
11.4111 -3.3108 5.5231
8.9228 -3.2819 4.1433
10.7440 -2.9039 5.9442
3.2207 -0.6521 6.0616
11.3322 -3.3314 5.4368
12.3542 -3.1144 6.4570
5.3177 -1.7428 5.1113
8.0743 -1.5670 6.0598
8.3740 -2.3072 4.8711
10.3100 -0.9354 9.5946
11.5507 -3.1516 5.9192
7.1263 -2.9036 3.8555
12.7576 -1.5781 9.7345
10.5449 -2.9771 5.6842
7.8814 -2.7941 4.5086
12.4070 -2.7016 7.3056
10.0927 -3.0748 5.2294
7.8948 -3.2517 3.6095
10.8691 0.8572 4.8859
10.7768 -2.7795 6.2096
10.5017 -3.1143 5.3874
9.7376 -2.7014 5.7644
9.3833 -3.4009 4.1735
9.2957 -3.2819 4.3586
8.4636 -3.3948 3.6544
6.4716 -2.7488 3.7842
12.4520 -2.1974 8.3308
7.2117 -2.0085 4.7333
12.0808 -3.0544 6.4181
7.5877 -3.1235 3.6861
9.1758 -3.2518 4.3491
7.7354 -1.9916 4.9699
9.8322 -3.1515 4.9270
3.2694 -1.6207 4.1704
10.9449 -3.0112 5.8477
3.1020 -1.7032 3.9102
8.4847 -1.4055 6.4548
5.4709 -1.2886 6.0999
10.8692 -3.1694 5.4903
5.8739 -1.9905 4.9416
10.1193 -3.3107 4.7773
4.8198 -1.2885 5.7240
3.2246 -1.6207 4.1445
11.4917 -1.9909 8.1853
9.6665 -3.4126 4.3138
7.7952 -2.7333 4.5793
11.7230 -3.4128 5.5011
8.7114 -3.2281 4.1278
9.7078 -2.2217 5.7527
14.0307 -1.7434 10.1422
9.0144 -3.4008 3.9606
11.5553 -2.0536 8.0978
11.8539 -1.9584 8.4591
13.9801 -0.0306 13.5073
8.5099 -1.0615 8.3050
7.3222 -0.7272 8.2816
9.6322 -2.9534 5.2041
7.4186 -3.1235 3.5885
7.0214 -2.7641 4.0713
6.8990 -2.6507 4.2253
10.0943 -1.8713 6.7874
10.6908 -3.3380 5.0532
12.3395 -2.5604 7.5463
8.1692 -3.0328 4.2017
12.2224 -3.3178 5.9778
9.6013 -3.4009 4.2994
11.2586 -3.4128 5.2329
7.7758 -3.2280 3.5876
8.4919 -2.8643 4.7220
10.6789 0.7420 5.2757
10.9062 -3.3641 5.1259
7.8845 -2.8369 4.4255
11.8553 -3.0949 6.2074
11.3293 -2.9291 6.2322
9.7988 -2.6681 5.8657
10.1224 -3.3380 4.7250
5.3764 -2.3714 3.8995
10.6929 -0.1415 5.9353
14.3998 -1.1794 11.4731
10.4295 0.5310 5.4933
10.9329 0.8730 4.8835
9.2225 -3.3949 4.0925
8.3539 -2.9164 4.5391
5.7634 -2.4805 3.9068
11.6462 -3.3448 5.5916
7.4355 -2.9411 3.9598
3.7423 -0.9350 5.8022
12.0162 -3.4011 5.6936
8.0948 -3.3702 3.4902
4.6582 -1.1788 5.8480
8.1947 -2.0099 4.9260
3.9547 0.0756 7.9277
10.4139 0.2054 5.4514
10.5599 0.7935 5.2155
12.5367 -0.9355 10.8804
9.6694 -2.3106 5.5486
10.8744 0.9197 4.8088
9.1228 -2.9652 4.8864
9.1097 -1.9755 5.8406
9.7758 -2.1948 6.0081
5.1420 -1.8185 4.8598
12.7471 -2.2756 8.3461
11.6833 -3.2121 5.8759
10.6214 -3.0849 5.5147
13.0884 -1.1216 10.8303
7.2434 -1.8640 5.1061
8.3106 -1.4919 6.3159
8.0261 -3.3574 3.4757
9.6232 -2.9165 5.2720
10.1630 -2.9653 5.4870
8.1014 -1.9215 5.1842
9.9113 -3.0948 5.0851
9.6227 -2.3959 5.5069
10.1760 -2.9886 5.4484
10.7689 -2.0457 6.7905
10.4158 -2.7335 6.0923
4.0800 -1.4872 4.9029
8.5814 -2.3453 4.8570
11.6370 -2.1699 7.9145
10.1518 -1.7532 7.0644
3.3683 -0.5742 6.3013
12.0065 -3.0950 6.2947
7.9899 -3.1951 3.7766
10.6776 0.1864 12.0299
9.8446 -2.6510 5.9260
9.4626 -3.2518 4.5147
10.3571 -2.3993 5.9390
8.7071 -2.8908 4.7938
11.9989 -1.8905 8.6772
11.0088 0.9028 4.8050
9.1983 -2.7942 5.2690
6.6673 -0.8685 7.6234
7.6211 -2.6847 4.5750
8.3625 -3.3948 3.5960
12.2749 -2.5215 7.5861
10.6434 0.0049 5.5269
12.2362 -3.3382 5.9454
8.5841 -3.3244 3.8636
12.2932 -3.1333 6.3843
9.6685 -3.3446 4.4498
7.0695 -2.8907 3.8483
12.0792 -3.2967 5.9369
11.2525 -2.9535 6.1396
3.4906 -0.4083 6.7006
8.5936 -3.0435 4.4256
10.8913 0.9368 4.7854
11.2378 -3.2672 5.5094
10.5127 -3.3767 4.8738
9.7957 -3.3640 4.4847
12.3257 -0.5746 11.4737
9.1451 -2.6204 5.3866
14.2816 -1.3412 11.0841
10.4314 -0.0432 5.4846
12.2461 -3.1607 6.3029
5.6964 -2.3000 4.2258
7.3811 -0.7272 8.3156
10.7964 -2.6200 6.3388
9.6369 -1.0616 8.9558
8.0576 -3.4183 3.3734
13.6827 -1.7039 10.0196
8.7923 -2.7013 5.2186
10.8032 0.8163 5.0576
9.0397 -3.3175 4.1402
9.2096 -1.6103 6.7119
9.7974 -2.5323 5.7085
3.5353 -1.8547 3.8602
12.6960 -2.5978 7.6781
12.8272 -0.7995 11.3177
11.3815 -2.2307 6.7444
11.0541 -3.1425 5.6506
7.4735 -2.1736 4.6135
7.9451 -3.0746 3.9895
11.0283 -1.4877 8.9150
11.7698 -3.3448 5.6630
6.7326 -2.9035 3.6282
13.5304 -2.2241 8.9006
7.8890 -1.3709 6.2536
14.1666 -0.5747 12.5367
9.8248 -2.8230 5.5736
8.5136 -2.0963 5.1799
11.0101 -3.3829 5.1487
11.6688 -2.2432 6.9460
10.6155 -0.6525 10.3317
11.0659 0.9128 4.8318
13.6626 -1.0618 11.2803
11.2882 -2.0744 6.9379
9.4164 -2.9290 5.1278
8.3845 -2.8908 4.6075
8.6090 -2.6680 5.1787
11.9528 -3.3578 5.7428
7.7298 -3.1950 3.6264
6.4988 -2.8368 3.6254
12.4639 -2.7646 7.2136
8.9751 -3.0747 4.5841
7.6169 -2.1365 4.7949
12.3867 -3.2364 6.2340
11.0120 -3.1868 5.5383
8.7043 -2.9998 4.5762
9.8551 -3.2820 4.6816
11.0403 -2.8646 6.1933
5.2068 -2.4164 3.7124
6.2026 -0.3201 8.4418
12.4176 -2.9040 6.9105
2.6823 0.1866 7.4129
11.8372 -3.1239 6.1396
10.7959 -0.6525 10.4358
10.8433 -3.2821 5.2521
10.9181 -1.8673 7.2431
10.6257 0.7389 5.2090
8.2496 -2.4433 4.7539
11.2436 -2.6682 6.6999
8.2772 -2.3984 4.7363
10.6552 -2.7014 6.2941
8.4238 -1.3635 6.4617
12.0931 -2.9772 6.5781
14.3057 -1.5782 10.6284
11.5243 -3.2597 5.6898
10.8126 -2.1836 6.5716
11.7094 -3.3830 5.5525
3.7091 0.1866 8.0058
8.9631 -1.8175 6.0609
14.4927 0.1863 14.2331
12.1419 -1.7433 9.0516
9.6564 -3.3036 4.5240
11.3646 -2.4857 6.5785
7.9530 -3.2744 3.5981
2.1611 -0.0301 6.6822
10.8044 -2.9886 5.8112
8.8283 -0.5744 9.4541
14.6086 -0.4935 12.9529
7.6322 -3.2034 3.5534
12.1920 -3.0544 6.4823
2.0872 -0.2276 6.2482
4.5964 -1.4873 5.2011
11.9173 -2.7336 6.9593
11.6268 -1.7432 8.7542
8.8711 -3.1330 4.4086
10.5214 -1.9593 6.8995
11.1776 -1.3411 9.2917
5.1401 -1.8548 4.7868
12.8301 -0.4087 12.0937
5.6426 -1.8185 5.1489
8.0964 -2.7174 4.7847
7.9411 -1.2883 6.4698
8.8898 -2.5737 5.2069
2.0756 -0.7990 5.1093
11.7853 -3.2673 5.8255
12.6332 -1.2890 10.2356
8.2886 -2.9998 4.3362
15.8120 -0.3205 13.9908
8.6449 -2.9769 4.5873
8.9976 -2.5747 5.2712
10.4266 0.4083 5.5059
12.2973 -2.4388 7.7631
2.8215 -1.0612 5.0203
8.1958 -2.8086 4.6613
5.3723 -2.3941 3.8520
11.0161 -2.3292 6.3730
10.2055 -3.3036 4.8410
7.8317 -2.5266 4.5613
11.4890 -3.2038 5.7802
7.1044 -1.8661 4.8499
11.2633 -1.7997 7.5032
11.9218 -3.1239 6.1884
11.1288 -3.3890 5.2051
9.8603 -3.3245 4.6004
12.6502 -2.9168 7.0197
11.5501 -2.6850 6.8435
7.5275 -1.3633 3.8207
9.1054 -2.9885 4.8303
10.9235 -3.3641 5.1359
2.8070 -1.1210 4.8935
9.5633 -3.3312 4.4155
8.6022 -3.2517 4.0179
9.5754 -1.9309 6.3987
11.9823 -3.3830 5.7100
10.3010 -2.9039 5.6885
11.1518 -3.3447 5.3062
12.9421 -2.2502 8.5092
10.7613 -3.2442 5.2799
10.9663 -2.9414 5.9983
13.0006 -0.7995 11.4178
10.6081 -3.1143 5.4489
12.4570 -2.4388 7.8553
12.5238 -3.1517 6.4811
11.2237 -3.3381 5.3608
9.6978 -3.2746 4.6054
12.8991 -2.5412 7.9076
15.0229 -0.9999 12.1887
12.2842 -3.0750 6.4947
12.0713 -3.0950 6.3321
10.4820 -3.4185 4.7731
10.6693 -3.2596 5.1962
7.6544 -2.9532 4.0622
11.4534 -3.1332 5.8995
4.6570 -2.1968 3.8301
10.2005 -3.3950 4.6572
11.9495 -2.1132 8.2073
7.6587 -2.7333 4.5005
7.9017 -3.3311 3.4561
11.6193 -3.2597 5.7447
13.2313 -2.3720 8.4348
1.0195 0.0757 6.2327
7.1188 -1.5799 5.6159
6.0435 -1.9579 5.1041
7.4835 -2.1939 4.5792
8.4813 -3.2670 3.9179
11.4171 -1.9913 7.0934
11.4586 -1.9583 8.2308
6.5492 -2.8642 3.6003
8.1940 -1.8344 5.5080
3.1858 -0.9350 5.4809
8.9304 -2.8908 4.9227
10.4165 -2.5739 6.0885
10.9078 -3.3829 5.0896
7.7458 -2.0535 5.0751
9.3390 -2.7490 5.4397
2.9789 -0.4083 6.4051
7.5029 -1.4501 3.8639
10.9695 -3.0849 5.7157
11.6718 -3.3314 5.6328
11.8605 -3.3642 5.6769
10.9730 -0.1315 11.5707
9.4160 -1.9254 6.1139
8.3910 -2.8643 4.6637
10.3747 -1.7883 7.1544
10.0744 -3.2519 4.8680
7.5507 -3.0746 3.7618
6.4338 -2.4165 4.4208
9.9057 -3.2120 4.8496
12.6124 -2.7493 7.3297
8.2300 -3.0746 4.1540
11.3796 -2.0434 7.0040
11.3929 -3.3108 5.5126
8.3720 -2.8370 4.7070
9.9697 -3.3828 4.5480
10.8578 0.9766 4.8208
10.9637 -2.8231 6.2312
12.4888 -2.3947 7.9610
9.7237 -3.3766 4.4183
8.5641 -3.1141 4.2687
11.8313 -3.1333 6.1176
2.1689 0.1867 7.1164
8.6105 -2.4503 4.9784
10.8406 -1.6694 7.4611
6.8152 -1.5395 5.4792
11.7341 -3.3178 5.6959
12.8852 -2.2756 8.4259
10.4104 -0.8687 9.7848
8.3858 -3.3765 3.6458
12.7264 -2.9773 6.9438
9.2527 -3.0329 4.8273
7.2313 -1.9837 4.7896
9.7196 -3.2036 4.7586
11.3084 -2.4425 6.5177
12.2146 -0.7275 11.1067
8.4571 -3.3702 3.6993
13.0357 -1.1216 10.7998
8.7516 -0.6524 9.2553
6.8958 -2.8907 3.7480
9.4369 -2.4832 5.4602
8.7680 -1.7796 5.7520
11.0159 -2.3478 6.3424
4.2690 -1.2885 5.4059
9.5709 -3.1952 4.6894
13.5386 -2.0839 9.1832
8.7253 -3.4067 3.7819
12.2009 -3.0438 6.5083
7.4219 -2.4553 4.3040
10.9808 0.9067 4.7319
7.9211 -1.4922 6.0942
13.2868 -1.0618 11.0634
10.0171 -3.2519 4.8348
10.6755 -2.9291 5.8548
7.0552 -2.8228 3.9745
7.6386 -3.2891 3.3874
10.6820 -3.0646 5.5899
8.6447 -3.1236 4.2964
10.7510 0.1864 12.0723
8.4007 -3.3826 3.6422
7.8853 -3.1422 3.8210
9.3547 -2.9165 5.1169
10.5675 -0.0471 5.5519
8.7979 -2.7490 5.1273
12.6184 -2.8511 7.1314
12.6691 -2.9655 6.9339
11.5399 -3.2673 5.6838
11.1477 -0.8687 10.2106
9.7160 -2.5324 5.6619
6.2532 -2.6332 3.8870
7.8292 -3.3243 3.4277
7.7385 -3.2360 3.5503
5.8329 -2.3000 4.3046
9.4040 -2.7013 5.5717
10.6856 -2.9771 5.7655
11.5835 -3.1239 5.9931
3.0003 -0.7990 5.6432
9.2818 -3.0747 4.7613
11.5419 -3.3768 5.4680
10.4872 -3.3950 4.8227
8.7778 -3.3035 4.0167
7.9550 -3.3243 3.5004
8.2919 -2.7012 4.9296
11.6610 -2.0838 8.0990
10.9921 -3.2283 5.4446
10.2353 -1.2877 7.7803
10.0758 -3.1142 5.1415
8.7160 -2.5308 5.0812
5.8162 0.0755 9.0026
10.4390 -0.2280 11.0710
9.9157 -3.3446 4.5925
10.6241 -3.0948 5.4966
7.2493 -2.8507 4.0314
7.5328 -2.1591 4.7086
7.8062 -1.5359 5.6443
7.1295 -2.8642 3.9354
8.8054 -3.3888 3.8637
15.0653 -0.6527 12.9012
6.4265 -0.9995 5.7095
11.0753 -1.4877 8.9421
11.4129 -3.2520 5.6407
11.1412 -1.9916 6.9352
9.3192 -1.9084 5.9841
6.6152 -2.8228 3.7205
11.1515 -2.7492 6.4862
10.2262 -3.1868 5.0846
14.4390 -0.3204 13.1979
9.3635 -3.0110 4.9346
11.1611 -2.9166 6.1599
5.5104 -1.8548 5.0006
7.4096 -3.1950 3.4416
11.7693 -3.3705 5.6117
7.4507 -2.9163 4.0177
3.6618 -0.8683 5.8879
12.2273 -3.2597 6.0957
12.1112 -3.2822 5.9842
10.6926 -3.3447 5.0411
12.4663 -2.8780 6.9902
6.0061 -0.5743 7.8245
2.4121 -0.3199 6.2529
8.5253 -3.1044 4.2654
10.0049 -3.1046 5.1197
9.0416 -1.8468 5.8766
3.8856 -1.7032 4.3626
9.0877 -1.7937 6.0098
12.5260 -3.0332 6.7172
6.5872 -0.6523 8.0055
9.4740 -3.3312 4.3639
10.8190 0.0214 5.6055
11.8762 -2.9040 6.5979
9.5063 -2.0860 5.7188
9.9798 -2.4172 5.8380
4.8699 -2.1694 4.0072
7.9445 -2.2141 4.7131
11.6975 -3.0647 6.1763
5.4758 -1.8185 5.0526
8.7026 -2.1909 5.1764
14.3181 -0.9356 11.9091
9.7722 -2.2737 5.8453
3.9016 -1.7427 4.2936
6.9856 -2.7488 4.0809
6.6761 -2.7332 3.9331
10.0973 -3.2037 4.9767
8.9082 -0.4932 9.6612
8.5131 -3.2361 3.9975
11.3002 -2.9535 6.1671
8.2912 -1.6957 5.8905
8.2535 -3.1779 3.9628
9.6234 -1.1565 7.8948
11.1497 -2.2341 6.4436
7.4370 -2.8776 4.0865
11.3479 -2.9535 6.1947
6.1586 -2.1969 4.6971
9.7580 -3.3766 4.4381
8.7905 -1.4802 6.4777
10.8498 -2.7015 6.4065
8.8273 -2.0740 5.1834
12.7392 -0.3204 12.2164
11.5395 -3.1782 5.8600
10.6682 -0.1131 5.9203
11.5390 -0.4934 11.1804
10.2569 0.0279 5.3664
0.0889 0.0757 5.6953
12.5968 -1.6213 9.5561
10.7414 -3.1424 5.4700
9.2425 -1.5141 7.0731
9.5469 -3.0111 5.0405
10.5629 0.8712 5.2001
9.6697 -2.6849 5.7578
10.6822 -0.4390 5.5900
11.7838 -3.1425 6.0719
8.0357 -2.9532 4.2823
7.4436 -3.1329 3.5844
12.9012 -2.3720 8.2443
10.2047 -1.8198 7.0019
11.2638 -3.0222 6.0099
11.6815 -3.3448 5.6120
11.0933 -2.2866 6.3095
8.6509 -2.7793 4.9822
8.8596 -2.8370 4.9885
11.0437 -2.7336 6.4549
5.4094 -2.3714 3.9186
10.8827 -2.4462 6.2805
11.7683 -3.1333 6.0813
-0.5385 -0.4082 4.3740
10.0971 -3.1142 5.1538
9.7689 -1.4674 7.3774
11.4003 -3.0222 6.0887
10.1301 -3.0646 5.2713
10.5496 -3.2441 5.1577
10.2272 -2.9038 5.6458
6.0787 -2.4165 4.2157
11.7573 -0.9354 10.4304
6.7917 -2.9162 3.6372
12.4412 -0.0305 12.6187
12.2907 -0.4934 11.6145
12.1210 -3.4129 5.7309
7.9086 -2.8086 4.4955
13.4810 -0.4934 12.3018
5.5847 -1.8901 4.9736
6.5839 -0.3991 5.4758
5.5502 -2.4596 3.8251
11.0087 0.9048 4.7913
13.4576 -1.1216 11.0434
11.4143 -3.1239 5.8955
7.4150 -3.0643 3.7037
6.1146 -2.3482 4.3719
12.6432 -2.9888 6.8729
8.2245 -2.9651 4.3678
10.6153 0.7867 5.1481
10.7619 -3.3381 5.0942
8.1186 -1.9220 5.0531
10.2092 -2.2422 5.9227
12.1591 -3.1426 6.2886
7.4912 -2.2735 4.3548
8.2210 -2.9884 4.3197
10.5154 -3.1515 5.3215
7.0181 -3.0327 3.5371
9.1098 -3.1236 4.5650
11.7535 -2.7336 6.8647
9.0661 -3.1514 4.4847
11.0879 -3.2520 5.4531
8.0090 -3.3105 3.5589
6.0524 -0.1313 8.7291
8.2836 -3.3035 3.7314
12.0605 -3.4070 5.7075
9.3847 -3.1237 4.7236
12.2076 -2.4810 7.6276
8.2895 -2.2136 5.0046
11.4503 -2.9291 6.3021
8.1599 -0.4085 9.3969
9.5442 -3.0947 4.8731
7.0773 -1.6381 5.3671
7.1509 -2.9036 3.8697
4.5848 -0.9993 6.1613
10.5603 -0.0613 5.7493
8.7808 -3.1780 4.2673
8.7360 -2.4865 5.0629
12.1164 -3.3514 5.8501
3.7825 0.1866 8.0482
12.2947 -3.3178 6.0195
11.9273 -1.7432 8.9277
6.2654 -2.6154 3.9293
8.8390 -1.3268 6.8366
8.8587 -3.4067 3.8589
10.8669 -3.3246 5.1815
13.4891 -2.1974 8.9296
7.5153 -2.9651 3.9583
11.4816 -3.3578 5.4708
9.1610 -3.2670 4.3103
12.8904 -2.1420 8.6937
7.3269 -1.9721 4.9487
8.7045 -3.1692 4.2405
3.3547 -1.5331 4.3932
8.2951 -2.8369 4.6625
8.5002 -3.2200 4.0219
9.1512 -1.8982 5.8430
11.4683 -2.4437 6.6128
7.6958 -3.2199 3.5575
12.3573 -2.9167 6.8505
9.3653 -3.2362 4.4895
6.5528 -2.7488 3.8310
6.9541 -2.9036 3.7561
8.4094 -2.8908 4.6219
9.2817 -2.9999 4.9095
12.9337 -1.2890 10.4091
3.4472 -1.5331 4.4466
10.9509 0.8908 4.7918
8.6341 -2.8229 4.8861
12.8559 -2.7493 7.4703
8.2148 -0.5744 9.0999
4.6064 -1.1788 5.8181
6.0479 -2.3482 4.3334
11.0968 -2.4905 6.4348
7.8976 -3.0219 4.0664
7.9061 -3.3826 3.3566
11.1024 -3.3037 5.3589
8.7208 -3.2118 4.1655
7.1648 -0.2278 9.1803
5.8148 -2.5788 3.7417
7.3792 -3.0327 3.7456
8.8337 -3.3510 3.9548
7.4508 -1.9328 5.1814
7.5395 -1.2054 3.7998
9.9586 -3.3889 4.5295
12.6457 -2.4810 7.8805
4.6693 -1.7033 4.8151
9.6825 -2.2515 5.7314
8.6727 -2.3981 4.9639
10.8082 -1.7793 7.3528
10.2241 -0.4268 5.3860
7.7436 -2.9163 4.1868
10.6519 -3.3829 4.9419
10.8665 -3.1424 5.5423
2.9610 -0.7270 5.7632
13.1091 -2.3948 8.3192
11.1573 -3.3037 5.3906
10.6688 -0.0576 5.9151
8.8943 -3.1604 4.3677
12.7095 -2.9293 7.0292
9.3243 -1.8444 6.2098
5.1623 -1.4400 5.6216
8.0652 -2.8086 4.5860
11.6214 -3.1333 5.9964
9.6894 -3.3766 4.3984
8.3525 -3.3175 3.7435
8.5367 -1.1483 6.9695
4.5176 -1.5776 4.9766
9.0051 -2.8087 5.1286
7.8772 -3.2669 3.5691
6.1088 -2.6332 3.8037
6.9274 -1.1036 6.3087
7.6559 -2.4896 4.4466
8.7785 -3.2745 4.0747
7.5855 -2.5161 4.3959
9.9553 -2.8645 5.5669
7.2145 -2.0371 4.5770
12.1034 -1.6212 9.2712
13.4564 -2.3487 8.6109
10.6304 -3.4185 4.8588
9.8575 -2.2733 5.8933
9.2286 -3.4184 4.0495
10.4240 0.0333 5.4090
11.3101 -3.2038 5.6769
12.3612 -2.4388 7.8000
10.8668 0.8521 4.9179
10.0928 -2.0695 6.4896
9.7737 -0.6524 9.8456
12.4928 -3.1607 6.4453
12.2453 -2.9040 6.8111
10.9108 -3.4185 5.0207
11.5127 -2.2094 6.7590
12.2814 -3.1869 6.2712
10.8919 0.8369 5.0634
13.3376 -2.3948 8.4511
9.1719 -3.3949 4.0633
10.7897 -2.2469 6.4492
13.0193 -2.6512 7.7590
10.8205 0.9113 4.8765
9.6398 -3.2893 4.5428
10.7955 -0.1452 5.6166
9.9116 -2.9770 5.3186
10.1486 -3.1605 5.0919
13.2757 -0.7275 11.7194
10.1142 0.0658 5.3870
9.2446 -2.8370 5.2108
7.2657 -0.0303 9.6300
9.7593 -2.4509 5.6430
11.8925 -1.5781 9.2350
11.8220 -1.6631 9.0258
10.1189 -2.1042 6.1325
11.9023 -3.3108 5.8068
9.5934 -2.7942 5.4971
11.3775 -3.0222 6.0756
8.1185 -2.7941 4.6455
9.9458 -3.0542 5.1854
7.8331 -2.1027 4.8084
9.1268 -1.7552 6.2446
9.9094 -2.9413 5.3881
10.5124 -0.4482 5.8769
10.0518 -1.3419 7.7715
11.6366 -3.1869 5.8990
7.4856 -2.7012 4.4641
14.2642 -1.5337 10.6925
1.4365 -1.1209 4.1021
10.0883 -0.3222 5.3089
11.7715 -2.3005 7.7335
11.9334 -3.4186 5.6111
5.1569 -0.3200 7.8379
11.5417 -3.3038 5.6125
7.9268 -2.1890 4.7230
4.7290 -0.7271 6.7841
11.4752 -3.3314 5.5193
8.1573 -2.9289 4.4009
9.4556 -3.3176 4.3803
7.1598 -1.7497 5.3173
11.2817 -2.4423 6.5018
9.4902 -3.1045 4.8226
7.0993 -3.0539 3.5420
8.4254 -0.8686 8.6386
7.7718 -2.9411 4.1539
10.1340 -3.1694 5.0659
7.6532 -2.4481 4.4208
10.6064 -3.1782 5.3213
10.2160 -2.0016 6.5842
1.5873 -1.0612 4.3077
12.6862 -0.7275 11.3790
7.8740 -3.2360 3.6286
9.2076 -3.0329 4.8013
12.7863 -2.8373 7.2556
7.3828 -1.0615 7.6542
10.4620 0.6813 5.4605
10.4619 0.5409 5.5793
7.5154 -1.3144 3.8421
9.9817 -2.4390 5.7437
11.0196 -1.9024 7.1030
11.9689 -1.6212 9.1935
8.7517 -0.3202 9.9138
8.8041 -1.2846 6.8985
11.6657 -3.1695 5.9502
9.6381 -3.3036 4.5134
10.0619 -2.5742 5.8844
5.9317 -2.5210 3.9237
7.8426 -1.2446 6.5088
9.3886 -2.8778 5.2132
4.6565 -0.5743 7.0452
8.8594 -1.5499 6.3693
11.5610 -3.0749 6.0771
10.0202 -3.0330 5.2704
8.0556 -1.8828 5.3035
8.7142 -3.3175 3.9523
7.8876 -2.3466 4.5338
11.9554 -3.0750 6.3049
8.5388 -0.8686 8.7041
10.2147 -3.1331 5.1843
11.9742 -3.2673 5.9345
10.1749 -2.6849 6.0495
12.9243 -2.0537 8.8882
9.4659 -2.9770 5.0613
2.5871 -1.4398 4.1346
12.4407 -1.6631 9.3830
2.5278 -0.8683 5.2331
10.9537 -3.2442 5.3910
7.0194 -2.9288 3.7439
11.0650 -3.3177 5.3095
10.2665 -2.4836 5.9398
8.4331 -3.1866 4.0494
9.8917 -2.9165 5.4270
12.0360 -1.3409 6.4521
8.5982 -3.1330 4.2510
10.4982 -3.1605 5.2937
11.1375 -3.1425 5.6987
5.2586 -2.2496 4.0728
4.3039 -1.4399 5.1259
10.7403 0.7924 5.1173
13.0951 -1.8906 9.3101
12.1282 -3.0223 6.5090
6.3841 -2.0532 5.1119
9.5312 -1.6622 6.9575
6.9930 -1.3875 5.9635
12.1926 -1.3916 9.7779
11.0087 0.9068 4.7778
9.2878 -3.2361 4.4448
11.4383 -1.2350 9.6525
13.1239 -1.8553 9.3967
4.6626 0.1866 8.5564
11.1927 -2.1456 6.7778
10.4019 -1.7158 7.2370
6.9052 -3.0327 3.4720
10.8484 -2.6850 6.4384
5.4424 -2.3714 3.9376
8.5371 -2.7175 5.0391
7.7230 -2.2567 4.6149
7.7482 -3.2818 3.4652
9.5852 -3.2746 4.5404
10.2745 -2.2861 6.1696
9.5007 -3.3511 4.3400
10.8588 -0.7274 10.3238
11.7230 -1.7037 8.8880
9.6561 -2.0611 6.2061
9.9794 -1.9455 6.3685
9.7908 -3.1515 4.9031
5.7989 -2.6154 3.6600
12.3309 -3.3178 6.0404
12.9138 -2.1133 8.7641
8.2598 -3.4008 3.5249
9.6873 -2.9885 5.1662
8.7251 -2.2301 5.0333
12.0713 -3.4129 5.7021
10.6723 -1.5405 7.7137
5.8834 -0.5743 7.7536
9.1024 -3.2892 4.2326
8.7920 -1.6006 6.3953
12.9846 -1.4405 10.1383
11.3664 -3.0647 5.9851
4.0331 -1.4872 4.8758
11.3953 -3.3038 5.5280
12.7292 -0.4934 11.8677
11.6612 -3.1783 5.9303
9.6755 -2.7644 5.6036
10.7860 -3.3704 5.0439
8.7563 -2.9884 4.6287
11.4411 -2.7796 6.5932
10.3645 0.0082 5.4451
12.7240 -2.8233 7.2475
7.6520 -3.2034 3.5649
4.7209 -1.7811 4.6906
10.1670 -2.9290 5.5612
9.3149 -1.0616 8.7698
7.3488 -3.0643 3.6654
13.1959 -2.2757 8.6053
10.9715 -3.1782 5.5321
12.5767 -2.6337 7.5380
9.6906 -1.0616 8.9868
9.9589 -3.2282 4.8481
8.8051 -3.2036 4.2306
8.9030 -2.9769 4.7362
9.7225 -3.1867 4.7938
9.1960 -0.1314 10.5445
11.9904 -2.7944 6.8810
13.1412 -1.1216 10.8607
6.7584 -1.4218 5.6555
10.5792 -1.5966 7.3953
11.1070 -2.9887 5.9859
11.1422 -0.4079 8.0355
9.1922 -3.4068 4.0515
8.4249 -0.3202 9.7250
10.3913 0.2062 5.4402
10.2708 -3.2283 5.0282
11.1001 -2.7015 6.5510
11.8459 -3.3830 5.6312
7.2945 -0.5744 8.5684
9.1222 -1.6204 6.4182
8.3055 -2.7793 4.7828
7.1101 -3.1043 3.4483
10.5864 -1.9243 6.9522
10.6450 -3.4127 4.8787
2.2258 -0.1311 6.5194
9.5584 -3.4184 4.2399
10.6997 -2.7943 6.1358
11.8430 -2.7177 6.9479
9.8346 -3.0542 5.1212
7.3589 -2.4072 4.2272
11.2618 -2.0541 6.9744
10.8747 0.9491 4.8040
9.4265 -3.4184 4.1637
8.5002 -3.3105 3.8425
15.1692 -0.0306 14.1940
9.3375 -3.1693 4.6060
9.6606 -3.3379 4.4584
7.0985 -1.6707 5.3114
12.9778 -2.3249 8.3817
13.6931 0.0753 13.5513
9.7537 -1.9741 6.3580
12.5034 -3.0544 6.6621
8.5315 -1.3651 6.5448
11.1901 -2.8779 6.2534
12.0275 -3.1239 6.2495
11.1077 -3.2442 5.4799
11.2345 -1.2350 9.5348
11.8798 -3.2673 5.8800
11.2612 -0.8687 10.2761
6.1276 -1.8548 5.3570
5.4694 0.1866 9.0223
9.7897 -2.9999 5.2029
15.8868 0.1862 15.0381
7.8668 -2.9288 4.2331
8.0320 -0.4085 9.3231
9.2390 -3.1867 4.5147
12.4198 -1.7038 9.2903
10.6336 -3.2672 5.1606
12.8018 -2.7493 7.4390
9.6551 -3.3766 4.3786
10.9035 -3.0749 5.6976
10.3918 0.2307 5.4380
3.0948 -0.8683 5.5605
14.0294 -1.8554 9.9195
8.2458 -2.8229 4.6619
8.0248 -3.4125 3.3659
10.0347 -3.0542 5.2368
8.0921 -2.7941 4.6303
11.8382 -2.1132 8.1431
8.3251 -3.4067 3.5509
7.6395 -1.8047 5.4394
9.2058 -3.3640 4.1441
12.9353 -1.9910 9.0189
8.9050 -1.2548 7.3435
12.1892 0.0753 12.6828
8.6384 -3.0435 4.4515
12.0785 -3.3891 5.7534
12.8070 -2.7945 7.3525
9.5010 -3.0329 4.9707
8.8987 -3.4183 3.8590
8.7215 -2.4477 5.0364
9.1761 -3.0436 4.7619
6.8420 -1.3746 5.7008
9.8760 -1.9053 6.4562
10.3178 -3.3380 4.8378
6.6735 -2.6155 4.1649
-1.9378 0.1868 4.7449
10.0377 -3.2037 4.9422
8.1433 -3.2517 3.7530
10.7937 0.7995 5.1571
9.9944 -0.7994 9.6819
10.1027 -3.4185 4.5541
8.6703 -3.1951 4.1695
14.1199 -1.6632 10.3526
11.8358 -3.2203 5.9477
12.4504 -3.1240 6.4936
7.5844 -2.4433 4.3701
9.7420 -3.3312 4.5186
9.4367 -0.2279 10.4922
6.0597 -2.3244 4.3873
7.4193 -2.2394 4.3050
10.9043 -2.2677 6.4817
11.8582 -3.2443 5.9132
10.0637 -1.2523 7.9568
2.3661 -1.2884 4.3071
7.7270 -1.4864 5.9253
8.4021 -3.2200 3.9653
10.1112 -3.3889 4.6176
8.5514 -1.3328 6.7654
11.2252 -2.3602 6.4191
9.1227 -2.8644 5.0862
9.6416 -2.0356 6.2408
8.6024 -3.1692 4.1816
3.8886 -0.8683 6.0189
8.0106 -3.1140 3.9491
9.1462 -1.7829 5.9872
12.2743 -3.0113 6.6152
12.8453 -2.1974 8.5580
13.5248 -2.1974 8.9503
11.0393 -2.9039 6.1148
12.4551 -2.3487 8.0328
8.6721 -3.2964 3.9698
8.4675 -1.3225 6.5564
12.6180 -0.9998 10.8000
12.4186 -2.6512 7.4122
11.8240 -0.3203 11.6879
8.8364 -3.0110 4.6303
13.0552 -0.9998 11.0525
10.1149 -3.2282 4.9381
10.9029 -2.2198 6.5313
10.5283 -2.3144 6.1332
8.3434 -2.3090 4.8581
8.9294 -3.3827 3.9474
7.1019 -2.7642 4.1177
8.6186 -3.1780 4.1736
9.5522 -3.3766 4.3192
9.4521 -2.2427 5.3260
12.2398 -3.2284 6.1649
5.1461 -1.7428 5.0122
13.2123 -2.2241 8.7169
8.6287 -2.8370 4.8552
6.2172 -2.7641 3.6069
11.4052 -2.9166 6.3008
7.2427 -2.7792 4.1692
7.3169 -0.9995 7.7390
11.8186 -2.1736 6.8332
11.1977 -3.3829 5.2570
10.0774 -3.3036 4.7671
11.9330 -2.8911 6.6563
7.9589 -2.2383 4.6134
9.8259 -2.7491 5.7208
11.7097 -2.8911 6.5274
8.0314 -3.1329 3.9237
10.7370 -3.2202 5.3133
12.1282 -1.2059 6.4520
7.6796 -3.3034 3.3827
7.6997 -1.9300 5.1437
7.5585 -2.0698 4.8943
7.4527 -2.6847 4.4778
8.9381 -2.2301 5.1563
10.6446 0.8839 5.0975
12.8241 -2.7016 7.5464
12.0340 -3.1425 6.2164
8.8393 -3.3888 3.8833
9.7483 -2.1088 6.1698
8.7226 -0.7993 8.9475
8.4111 -2.1444 5.0639
9.2752 -3.3640 4.1842
11.9143 -3.2203 5.9930
11.9219 -3.2364 5.9656
11.8972 -1.7038 8.9886
8.1174 -2.8086 4.6161
5.5229 -1.9905 4.7389
12.9066 -1.4878 9.9995
9.8510 -2.2436 6.0957
11.6100 -2.9535 6.3460
0.8437 -0.3199 5.3472
6.9503 -3.0327 3.4980
12.2961 -3.1517 6.3496
6.3145 -2.6678 3.8539
10.8862 -3.3381 5.1660
9.6702 -2.0862 6.1725
13.1763 -1.8906 9.3570
9.9981 -3.3380 4.6532
8.1727 -3.3105 3.6535
10.8733 -2.9771 5.8738
10.5877 -3.0437 5.5769
9.1043 -3.1045 4.5997
11.3804 -3.0112 6.0991
9.6968 -3.3828 4.3905
8.4103 -2.5356 4.9153
11.3885 -3.0647 5.9978
9.3547 -3.2282 4.4992
11.4343 -3.3447 5.4693
6.6784 -1.1030 6.1371
9.7623 -2.8088 5.5658
12.0172 -2.7492 6.9860
6.3630 -0.2278 8.7173
8.0252 -3.3948 3.4013
10.1113 -3.1953 5.0014
9.7587 -3.0436 5.0983
8.8846 -3.2036 4.2765
4.8055 -1.7811 4.7395
2.9023 0.1866 7.5399
9.6585 -2.9290 5.2676
7.6210 -2.1204 4.8599
9.3903 -1.4038 6.9557
7.4640 -1.5736 3.9320
8.4527 -1.6588 6.0116
11.0703 -2.7492 6.4393
12.0462 -3.3514 5.8096
6.5191 -0.6246 5.5122
9.7070 -2.0938 5.7545
10.4865 -3.0111 5.5830
13.1410 -0.6526 11.7900
8.4327 -3.2964 3.8316
7.9321 -3.2360 3.6621
12.7176 -2.2241 8.4313
9.7316 -1.3851 7.5098
12.3500 -2.5015 7.6692
9.0589 -2.7643 5.2476
10.8597 -3.0749 5.6723
0.9365 -0.6520 4.7426
14.5215 -1.0619 11.7763
10.3386 -3.0849 5.3514
3.6938 -0.7990 6.0437
5.4281 -1.8548 4.9531
7.7875 -2.6679 4.7044
8.2390 -3.4183 3.4782
8.8859 -3.1423 4.3988
4.8457 -1.7428 4.8387
7.5753 -3.2117 3.5042
2.3160 -1.2884 4.2782
9.4493 -3.3766 4.2598
1.8444 -0.7989 4.9758
11.1266 -3.4069 5.1683
7.4840 -1.6940 5.4140
12.4181 -3.1144 6.4938
9.5525 -2.8371 5.3886
6.9666 -0.4932 8.5400
10.0407 -3.3036 4.7459
11.8581 -3.3448 5.7140
12.5920 -2.6160 7.5821
12.2013 -2.6337 7.3213
11.3396 -3.4186 5.2683
9.6208 -3.3766 4.3588
10.2468 -3.3641 4.7452
4.3990 -0.8684 6.3136
9.3411 -1.8308 6.3483
13.4722 -2.2757 8.7648
6.0777 -2.6846 3.6839
10.3937 -2.2103 6.2094
8.4699 -3.4183 3.6115
12.2534 -1.2351 10.1231
6.1790 -2.0834 4.9338
8.3689 -2.8508 4.6778
9.9549 -2.1574 6.2134
9.7051 -3.1693 4.8183
6.3393 -2.7791 3.6476
2.8732 -1.4399 4.2999
9.2589 -3.4068 4.0900
7.4506 -1.5244 3.9557
5.5079 -2.5009 3.7187
11.9899 -2.7016 7.0648
12.0151 -1.3411 9.7754
15.7187 -0.2282 14.1198
3.9184 -1.2885 5.2035
8.3006 -0.9995 8.3069
8.9192 -2.9885 4.7228
10.0394 -2.3159 5.8547
11.9868 -3.2748 5.9270
7.7940 -1.6137 5.9213
11.9933 -3.3109 5.8593
11.0086 0.9087 4.7645
4.0025 0.1866 8.1752
7.8395 -3.2669 3.5473
10.6134 -3.3704 4.9443
12.3084 -2.9167 6.8223
12.8805 -2.3947 8.1872
5.6450 -2.4596 3.8799
7.9777 -2.5347 4.6636
15.2614 -0.4088 13.4977
9.9573 -3.1781 4.9465
10.9811 -1.4404 8.9815
13.9835 -0.7996 11.9854
9.5396 0.0754 11.1528
9.9396 -3.3512 4.5933
9.0044 -3.0329 4.6840
8.5117 -3.0220 4.4210
8.5225 -3.0540 4.3637
8.0420 -2.6847 4.8180
11.0862 -3.2747 5.4070
3.6738 -1.1788 5.2796
9.1263 -2.5273 5.3101
10.7823 0.9533 4.9174
12.8137 -1.2351 10.4467
9.1577 -3.3765 4.0915
8.5701 -2.9884 4.5212
7.0784 -1.7982 5.0806
13.6018 -0.9998 11.3681
9.4772 -1.5492 7.1033
4.8432 -2.2999 3.7332
9.7598 -3.3312 4.5290
10.3282 -2.8509 5.8091
8.5764 -3.0847 4.3340
12.6300 -1.8553 9.1115
0.3955 -0.6520 4.4302
10.0040 -2.1705 6.1713
4.9013 -2.0531 4.2558
11.2505 -3.0949 5.8582
8.1437 -2.3688 4.6614
8.0991 -2.6679 4.8843
7.5486 -3.1329 3.6450
7.8865 -3.3574 3.3951
9.1946 -3.1693 4.5235
7.2889 -3.0327 3.6935
9.1260 -2.7013 5.4112
9.7189 -2.4665 5.6558
1.9059 -0.9349 4.7418
10.9075 -3.1332 5.5843
9.5008 -3.2671 4.5065
7.2017 -2.9532 3.8008
8.8066 -3.1692 4.2995
7.7012 -1.4961 6.0059
13.1051 -0.4934 12.0847
13.5986 -1.9911 9.4019
9.2562 -2.5318 5.3950
2.5394 -1.4398 4.1071
10.3489 -0.4933 10.4931
4.6640 -1.2346 5.7408
6.5952 -1.2479 5.8611
8.2406 -3.0109 4.2863
11.9433 -1.7335 6.6146
11.8047 -3.1425 6.0839
10.2094 -3.4068 4.6388
9.0649 -2.8370 5.1070
12.3960 -2.7493 7.2047
9.0991 -2.5275 5.2948
9.3698 -1.7629 6.6718
11.7285 -2.9040 6.5126
10.7043 0.7529 5.2430
10.9880 -2.0104 6.7843
9.9751 -3.3704 4.5758
11.0276 -3.3641 5.1960
9.2328 -2.1983 5.3234
8.0902 -0.6524 8.8734
8.3434 -2.8508 4.6631
10.9557 -3.2966 5.2883
8.3141 -1.8379 5.5948
12.3235 -3.1239 6.4204
9.4234 -1.9750 6.0198
7.3054 -1.9892 4.8547
8.1561 -2.9411 4.3758
9.0577 -3.3175 4.1507
8.1372 -3.3035 3.6469
6.7846 -2.6507 4.1592
7.1528 -1.2052 6.3730
11.9530 -2.2756 7.8876
7.2972 -1.4252 6.0082
10.6675 -2.4860 6.1767
6.0958 -0.2278 8.5630
11.9631 -2.7492 6.9548
10.5219 -0.0707 5.5318
9.6926 -3.1142 4.9203
12.7359 -0.8688 11.1277
9.5806 -3.0221 5.0381
9.5012 -2.8371 5.3589
9.8206 -2.2133 5.9867
10.8198 -3.1046 5.5902
2.9302 -0.0302 7.1264
9.6157 -2.8509 5.3977
8.4479 -2.9289 4.5686
9.8465 -3.2119 4.8154
11.8424 -3.0438 6.3013
10.3793 -2.2056 6.2858
12.2595 -1.8553 8.8976
10.9533 0.9455 4.7077
12.5465 -3.0950 6.6065
12.5632 -2.9536 6.8964
12.1455 -1.2514 6.3970
8.8815 -2.5286 5.1717
9.4879 -2.7644 5.4953
11.2305 -3.0850 5.8664
10.0488 -3.3949 4.5696
11.2932 -2.9887 6.0934
10.6352 -3.0542 5.5835
8.0170 -2.2944 4.5537
12.0189 -0.5746 11.2965
10.2602 -2.2933 5.8457
9.5810 -1.9101 6.4871
7.9422 -1.7179 5.3477
3.7626 -1.6207 4.4552
12.9294 -2.5412 7.9251
7.4156 -3.0109 3.8099
8.2219 -2.8086 4.6764
9.3428 -3.3511 4.2487
5.6141 -2.3481 4.0829
7.5328 -3.2034 3.4960
11.5553 -0.7994 10.5832
11.2000 -3.3705 5.2830
8.7778 -3.0747 4.4703
10.4384 -2.2032 6.3127
9.7428 -0.1314 10.8602
11.7760 -3.0001 6.3496
6.9847 -2.6507 4.2748
5.4183 -0.3201 7.9889
11.0226 0.9106 4.7744
6.7538 -2.5600 4.3213
12.4029 -1.1215 10.4344
10.5496 -3.0646 5.5135
6.1890 -0.1313 8.8081
9.8918 -2.1566 6.2933
7.3490 -2.7792 4.2305
7.9910 -1.7726 5.2673
6.8772 -2.8642 3.7897
7.8507 -3.3510 3.3873
3.0312 -1.5330 4.2064
7.7631 -2.0021 5.0264
11.2467 -2.9887 6.0666
8.0405 -2.7489 4.6900
11.4278 -2.5832 6.6925
10.4251 -2.8371 5.8924
5.4127 -2.1695 4.3206
7.0097 -1.5789 5.5446
13.9862 -1.3917 10.8135
12.0104 -2.3005 7.8714
12.0232 -1.5689 6.5387
6.4817 -2.3482 4.5838
10.3637 -1.5375 7.5080
8.6812 -2.9998 4.5628
10.3730 -3.0646 5.4115
10.2807 -0.0255 5.3742
11.3691 -3.0543 6.0072
8.0091 -3.2963 3.5871
10.0499 -3.0437 5.2664
8.7796 -2.9884 4.6421
8.5606 -3.3702 3.7591
7.7058 -3.1779 3.6466
8.7872 -3.1330 4.3601
10.4750 -3.2037 5.1948
12.3329 -2.9167 6.8364
6.8274 -1.3322 5.7608
9.9085 -2.3113 5.8503
10.9089 -2.4841 6.3118
9.2534 -3.3827 4.1345
10.2970 -0.8687 9.7193
1.1422 0.1867 6.5235
9.7821 -3.3828 4.4397
10.1427 -3.2120 4.9865
12.0497 -2.8646 6.7761
12.2490 -0.7995 10.9838
12.0939 -2.4601 7.6033
10.3348 -2.5737 6.0408
11.0501 -2.0481 6.9616
10.5484 -2.9886 5.6634
10.9575 -3.3447 5.1940
9.5226 -3.0947 4.8606
8.9510 -3.0110 4.6965
11.9005 -3.2895 5.8481
7.9865 -2.7642 4.6285
10.1107 -0.3482 5.3225
7.8651 -3.3243 3.4485
12.1642 -2.5015 7.5620
8.4171 -2.3470 4.8404
4.8720 -1.3407 5.6508
10.7297 -0.1435 5.5841
8.2946 -2.6848 4.9639
5.9352 -2.3000 4.3637
6.6080 -2.4806 4.3944
12.1017 -3.3830 5.7789
9.1026 -0.2279 10.2993
11.3226 -3.3642 5.3663
8.8252 -1.6436 6.1231
7.6764 -2.8229 4.3332
10.7499 -0.3408 5.6135
9.2354 -3.1693 4.5471
11.7657 -2.8780 6.5857
9.8622 -3.0330 5.1792
4.8478 -1.7812 4.7639
10.5051 -0.7274 10.1195
11.2458 -3.3177 5.4140
11.6908 -3.1606 5.9823
6.9759 -1.7437 5.1746
10.3998 -2.4849 6.0196
4.9797 -2.2999 3.8120
12.7621 0.0753 13.0137
9.0160 -3.2819 4.1972
11.7834 -2.0536 8.2295
5.8411 -2.0834 4.7387
10.3694 -2.0133 6.7201
9.2282 -2.8909 5.0946
5.4916 -2.3000 4.1075
7.7098 -2.8643 4.2704
5.9840 -0.1313 8.6897
7.9023 -2.5317 4.6135
9.8831 -1.3417 7.6708
3.7986 -1.7032 4.3124
6.2449 -2.1695 4.8011
10.1881 -3.1237 5.1875
10.2329 -2.8645 5.7272
10.2584 -2.8088 5.8522
10.3146 -0.0575 5.5336
10.3848 -3.2965 4.9587
10.4487 -2.2793 6.0771
2.1658 -1.2884 4.1915
3.3820 0.0756 7.5969
10.6855 0.7505 5.2288
11.0138 -3.0000 5.9096
8.1839 -3.2360 3.8075
13.7794 -1.8191 9.8471
7.4552 -2.9288 3.9955
11.7030 -3.2121 5.8873
10.5992 -1.6900 7.1863
9.0763 -1.5286 6.6847
11.2769 -0.6525 10.7136
9.7538 -3.3576 4.4732
10.5985 -3.3767 4.9233
11.5928 -2.1172 7.1413
8.3939 0.0755 10.4912
11.1912 -3.0543 5.9045
9.0072 -2.6206 5.3075
7.8327 -2.4823 4.5322
12.6847 -2.3947 8.0741
14.5661 0.1863 14.2754
10.0958 -0.0951 5.2901
11.0445 -3.3767 5.1808
8.3498 -3.0328 4.3060
11.8276 -3.3382 5.7095
8.9977 -3.4184 3.9162
8.8688 -3.3510 3.9751
10.6345 -2.5746 6.2158
12.5683 -0.7275 11.3109
7.8719 -2.9884 4.1181
9.9822 -0.3306 5.5778
10.9414 -2.9166 6.0330
5.2114 -2.3714 3.8043
12.4235 -2.3947 7.9233
8.3154 -3.2517 3.8524
7.1908 -2.9768 3.7477
10.8478 -2.2366 6.4532
11.1269 -3.2442 5.4910
13.3687 -1.6632 9.9188
1.5425 -0.1311 6.1249
6.9686 -0.7272 8.0774
11.2306 -0.4087 11.1701
9.2753 -3.0329 4.8403
8.4711 -3.0746 4.2932
7.5940 -2.0941 4.8748
12.3325 -0.7275 11.1747
6.0542 -2.5210 3.9944
8.5296 -2.1988 5.0070
6.2166 -2.0834 4.9554
10.4614 0.1986 5.4632
7.6620 -2.5741 4.4990
7.1221 -2.8506 3.9580
6.7151 -2.7488 3.9247
11.7808 -2.7336 6.8804
11.6199 -2.9292 6.4000
5.8919 -2.5407 3.8618
7.8835 -2.8229 4.4527
9.9118 -2.8371 5.5960
6.4804 -2.1969 4.8829
12.2007 -3.3706 5.8607
8.6528 -3.3888 3.7756
13.9852 -1.1794 11.2337
3.0811 -1.3910 4.5167
8.4395 -3.1044 4.2159
6.9900 -1.5120 5.7532
7.2781 -3.0109 3.7305
9.2364 -3.3827 4.1246
8.2443 -2.9884 4.3331
7.4179 -3.1691 3.4977
13.5020 -0.1316 13.0311
8.7615 -3.0644 4.4811
10.8550 -3.3704 5.0838
7.4759 -2.6679 4.5245
13.1056 -2.4602 8.1875
13.9879 -1.7818 10.0415
8.9667 0.0754 10.8220
2.6615 -1.5330 3.9929
11.0812 -3.0331 5.8830
10.9134 -2.8510 6.1470
10.2552 0.1076 5.3718
5.4951 -0.7271 7.2265
8.1948 -0.9353 8.3733
11.0569 -3.0749 5.7861
9.4404 -3.1867 4.6310
9.9208 -2.3878 5.7328
10.4047 -2.1792 6.3224
9.1461 -3.4184 4.0018
3.3908 -1.2345 5.0056
7.6881 -0.8685 8.2129
10.6676 -0.1689 5.9256
9.9394 -3.2282 4.8368
10.9905 -2.9654 5.9647
11.0227 -1.5207 7.7362
8.4820 -2.7175 5.0073
11.1110 -2.0671 6.9345
12.0942 -1.3899 6.4600
11.4815 -2.8232 6.5301
11.2362 -2.0043 7.0395
7.4781 -2.3084 4.4398
9.8872 -0.4086 10.3943
10.0463 -1.1541 8.0492
8.8724 -2.2818 5.0155
5.6211 -1.2886 6.1866
9.5807 -1.8661 6.1081
3.3866 -1.7427 3.9963
7.8221 -1.6223 5.6817
-1.1220 -0.1310 4.5862
7.7893 -1.9512 5.2878
13.0486 -2.1700 8.7295
12.2367 -2.8511 6.9110
4.4807 -0.1312 7.8216
12.1469 -2.9040 6.7542
8.2576 -3.0435 4.2316
8.2501 -3.0847 4.1456
10.8524 0.8525 4.8905
12.9458 -2.3947 8.2249
11.8926 -3.1954 6.0298
7.9608 -2.8086 4.5257
10.7628 -3.2519 5.2654
10.7576 -1.5685 7.6198
7.5869 -3.1865 3.5608
11.0818 -3.0222 5.9049
4.9450 -2.2750 3.8413
5.6317 -2.0222 4.7388
9.0288 -3.2670 4.2340
8.0198 -1.1897 6.4510
5.2709 -1.7812 5.0082
7.7441 -2.5740 4.5461
10.6442 -0.0293 5.9002
8.1130 -3.1603 3.9166
8.2839 -2.1957 5.0467
13.7423 -0.6526 12.1372
6.2763 0.1865 9.4883
8.0849 -3.2669 3.6890
10.5716 -3.1332 5.3904
10.7957 -0.1209 5.6143
7.5353 -2.9532 3.9934
9.1985 -2.1589 5.3685
8.7956 -2.2965 5.0086
