ply
format ascii 1.0
element vertex 10000
property float x
property float y
property float z
end_header
6.6349 -1.0743 10.6990
11.7236 3.1035 21.9625
3.8424 1.0672 13.3534
-5.1427 -0.8946 4.2551
6.6347 -2.9214 7.0182
2.7229 -2.1266 5.2085
7.0447 -1.8444 9.4011
3.0674 -1.7385 6.0705
-1.9623 -1.2358 5.4120
5.9753 0.3370 13.1302
2.3283 -2.2685 4.8412
2.4595 -2.8361 4.7769
6.4362 -1.7697 9.1985
4.3927 0.3194 5.4971
3.2750 -2.1177 5.4995
0.6300 1.0033 11.3708
9.8535 2.2444 19.1707
3.3488 -1.9322 5.8322
-2.3647 -0.4045 6.8359
2.7216 -0.4733 9.6365
13.5615 3.7618 24.3358
8.5940 1.5605 17.0806
0.6562 -2.9005 3.6071
-1.6811 2.2444 12.5089
9.1322 5.7084 25.6566
1.8066 -1.6087 5.6340
7.2339 -2.1632 8.8752
6.3478 -1.1456 10.3910
-24.4017 5.9298 6.7304
-9.1737 1.8841 7.4638
0.3447 -2.6827 3.8613
-0.8485 -1.4802 5.5681
7.7384 -0.8681 11.7472
8.5719 -0.6351 12.6928
3.7999 -2.8474 5.5286
6.9329 -2.4732 8.0836
5.7345 -2.6831 6.9732
4.8018 -2.7288 6.3435
7.9653 -0.7259 12.1615
8.1173 0.7615 15.2131
-2.1093 -0.8947 6.0067
-0.6365 1.2685 11.1677
4.9668 -2.3278 6.4541
-15.0222 6.1641 12.6142
4.7537 -2.1802 6.7260
-6.9993 0.5406 6.0426
-4.2983 0.0188 6.5627
2.2869 -1.7339 5.8718
-2.6168 1.1998 9.8872
-0.0535 -1.7996 5.3908
15.2270 5.9325 29.6231
5.0599 -2.8905 6.1703
1.9725 -2.7349 4.6973
1.1036 -2.0288 4.7498
6.0329 -1.3870 6.4417
-5.4297 -0.4729 4.9295
6.5083 -2.7540 7.2788
3.5966 -1.8406 6.3482
6.6526 -2.7161 7.4377
-0.3633 -1.4227 5.9630
0.5622 -2.5984 4.1548
3.8370 -2.8418 5.5611
2.7569 -2.6962 5.2275
-1.4671 -1.5174 5.1368
7.4417 -2.2902 8.7422
1.4130 -1.6483 5.4536
-6.3962 0.8202 6.9480
5.5954 4.9022 22.0074
-8.6104 0.9410 5.9099
4.2041 0.0185 11.4725
5.6641 -0.1055 12.0687
3.1521 -2.7901 5.2687
5.5363 -2.8693 6.4877
-4.8223 -0.4729 5.2803
4.6705 -2.8905 5.9455
-0.5853 -0.1053 8.4599
9.0853 0.4878 15.2268
7.9714 -1.3836 10.8546
-16.9436 4.0573 7.3066
-1.2768 -1.5536 5.1745
9.7344 3.2265 21.0588
-0.0448 0.2417 9.4634
-2.9501 -1.5355 4.2442
-2.0325 -0.0647 7.7049
-7.3684 0.3867 5.5226
3.3287 -2.1846 5.3575
6.5977 -1.2363 10.3547
-13.5682 5.4928 12.1164
5.7008 -0.7840 10.7379
-4.8177 -0.3693 5.4894
1.1828 -2.8017 4.1082
0.9961 -2.6345 4.3335
6.5342 -2.5142 7.7716
-0.2052 -2.3760 4.1548
4.8858 -2.3187 6.1951
5.4839 0.0184 12.2116
5.8587 -2.7723 6.8672
8.8469 0.7615 15.6344
-19.0594 5.2871 8.5352
4.5748 -0.4371 5.5374
4.9378 -1.5398 7.8602
-0.2869 -1.7224 5.4099
5.7240 -1.9286 8.4706
0.6772 -2.8901 3.6400
2.9631 -0.9740 8.7782
6.4890 3.3536 19.4377
1.7359 -2.2897 4.5558
4.6373 -2.1387 6.3511
2.8503 -2.8192 5.0364
6.2197 -2.7478 7.1245
2.0477 -2.7900 4.6310
5.8572 -2.7962 6.8187
5.7916 -0.9997 10.3605
2.9332 -1.7903 5.8640
4.1549 -1.4590 7.7171
0.3696 -1.0989 5.7331
2.4278 -1.0409 7.1254
8.0324 -1.1457 11.3637
2.1107 -2.9458 4.3569
2.9869 -2.0539 5.5138
3.6828 -1.4078 7.2851
5.8938 -2.9654 6.5028
0.2357 -2.5910 3.9811
0.7347 -2.5910 4.2692
5.8575 -0.8124 10.7718
9.8509 -0.1455 14.4071
6.6970 -2.0330 8.8245
-2.9370 -0.2225 6.8681
1.7915 0.5939 11.2258
1.5113 -2.0178 4.9996
-3.6315 1.0674 9.0372
-3.3957 -1.4419 4.1733
5.9025 1.0032 14.4157
4.3808 0.0627 5.4214
4.0145 -2.3414 5.6892
-5.0631 -0.6955 4.6977
-0.9645 -1.6738 5.1154
2.6930 -2.7959 4.9918
2.0659 -1.4016 6.5126
4.1245 -1.8374 6.4228
4.2497 -1.3345 7.9237
4.6411 -0.2951 5.0478
4.8534 -0.1823 5.6270
6.0742 -2.7540 7.0282
-5.1775 -0.6345 4.7532
10.0158 -0.0238 14.7447
-2.2089 -0.8676 6.0032
6.3903 -2.2284 8.2580
4.9558 -2.7224 6.4452
1.6012 -2.1250 4.8639
6.1149 -1.5361 9.4784
0.1305 -2.5056 4.0903
-6.9170 2.0593 9.1161
5.4859 -2.6831 6.8297
-8.8974 3.6205 11.0833
-4.2825 3.6206 13.7489
1.9898 -2.3016 4.5111
7.0383 -2.2178 8.6534
4.4636 -2.2629 5.9938
6.5682 -2.7478 7.3257
-3.0256 1.5606 10.3700
-2.7141 -0.3694 6.7042
5.5515 -2.9654 6.3051
3.2396 -2.7721 5.3550
4.9423 -2.9509 5.9821
1.6575 -2.8527 4.2807
1.9503 -1.8063 5.4589
5.9848 0.5403 13.5408
0.5868 -2.9005 3.5670
5.1970 -2.9112 6.2083
4.0382 -1.7184 6.8876
-5.6716 -0.4389 4.8574
5.2217 -0.9741 10.0824
2.0903 -2.9651 4.3067
10.0162 0.1049 15.0015
-2.4790 -0.0647 7.4471
1.2667 -1.0200 6.4019
4.6383 0.3037 5.4976
6.2587 4.5453 21.6793
-6.1421 -0.1051 5.2509
4.9894 -2.4612 6.3341
-10.4439 1.6384 6.2406
10.8695 6.1660 27.5716
7.2538 -0.6038 11.9939
0.5918 -0.4339 5.4175
6.1300 -2.0577 8.4479
5.0002 -0.9998 8.3395
3.5619 -0.9217 9.2281
-0.2038 3.9070 16.6751
-14.7568 5.0904 10.6281
2.1096 -2.3275 4.5851
-0.2463 0.2890 9.4413
6.1449 -1.5541 9.4599
10.0738 0.7615 16.3430
6.3338 -1.0743 10.5251
0.7891 -1.0247 7.4217
4.2259 -0.3121 5.6707
7.8808 -1.0250 11.5167
7.1690 1.6383 16.4126
4.8618 -0.2212 5.6354
6.0895 -1.3428 9.8489
7.2558 -2.1853 8.8437
-1.1630 -1.6064 5.1351
0.9421 -2.7536 4.0651
2.2426 -2.1227 4.7648
3.3683 -0.5067 9.9434
-17.0209 5.9303 10.9941
-2.6866 -1.7222 4.0243
-8.0161 0.8799 6.1314
13.0831 2.9843 22.5101
3.6967 -0.9218 9.3060
4.6730 -2.2545 6.1246
7.1666 -2.2178 8.7274
2.5893 -2.0302 5.2484
-4.1382 4.2141 15.0148
4.0618 -2.0261 6.3356
6.7678 -2.0204 8.8905
5.7893 -0.6960 10.9643
7.2966 1.8841 16.9761
-4.8739 -0.9736 4.2528
6.2345 -2.8694 6.8908
6.4752 -2.2070 8.3496
5.7765 -2.8747 6.6157
-1.0263 -2.3759 3.6807
1.5299 -2.3518 4.3709
4.7639 -0.2583 5.1821
-0.0325 -2.6484 3.7116
2.7871 -2.7286 5.1803
-2.5801 -0.5716 6.3787
0.5796 -2.6057 4.1503
2.2243 -2.5708 4.8163
6.9017 -2.4391 8.1336
1.7448 -1.5880 5.5659
-14.9004 3.2260 6.8302
4.8785 -2.8693 6.1079
3.8085 -2.7722 5.6834
6.2345 -2.9559 6.7185
3.6183 -2.9411 5.2370
0.4757 -2.2694 4.7603
2.5219 -2.8018 4.8813
4.4991 -2.9460 5.7359
-0.4503 -2.0572 4.6484
-0.6885 -1.1912 6.2365
2.2322 -2.9058 4.5068
4.7503 -2.9509 5.8712
3.7966 -2.0954 5.9395
-0.7154 -0.7255 7.1489
-21.8169 6.9319 10.2201
1.0869 0.1052 9.8451
0.3954 -2.4643 4.3257
6.1134 -2.1853 8.1841
5.9553 -2.7723 6.9230
-0.2197 -0.2226 8.4373
6.5402 -2.1743 8.4525
-10.3714 2.4402 7.8801
-7.6963 1.6384 7.8275
2.5755 -1.9518 5.4657
-0.7160 -1.4802 5.6446
-6.9991 -0.1449 4.6768
5.8777 -1.9308 6.7118
0.4910 -2.5685 4.1733
6.0475 -1.2584 6.4163
2.3865 -2.7475 4.9114
5.2184 6.9343 25.8388
-0.0274 -2.1052 4.7970
0.2756 -1.9815 5.2186
5.3270 -2.3089 6.6124
4.2797 -1.2432 8.1032
6.8643 -2.6279 7.7358
6.0939 -2.0699 8.4027
1.1296 -2.9310 3.8199
2.4489 -1.7401 5.8120
-0.4177 -1.9145 4.9516
-5.6240 1.5607 8.8693
5.1571 -0.3837 8.0189
2.3277 -2.8744 4.6245
4.4198 -2.5134 6.0397
1.4489 -2.7092 4.4462
5.0603 -2.8800 6.1916
1.0913 -0.5394 8.5631
-0.0699 -1.5891 5.8009
9.3360 -0.6039 13.1963
0.6424 -2.3760 4.6442
-1.4431 -1.9682 4.2523
0.8496 -2.7285 4.0616
7.0818 -0.9742 11.1565
4.7955 0.1497 12.0755
10.0167 0.2414 15.2737
4.5555 -2.3248 5.9901
10.3852 5.2889 25.5441
4.8571 -2.1005 6.6597
-6.3093 2.3409 10.0282
4.7657 -0.2678 5.5922
1.0756 -2.6760 4.2967
2.9913 -1.7980 5.9371
6.4044 1.0672 14.8330
3.8335 -0.3511 6.8501
-5.0845 -0.4390 5.1965
4.7452 -2.2505 6.1880
7.2411 -2.1405 8.9245
2.6237 -2.1452 5.2511
5.9709 -1.5604 6.5497
-0.9797 -1.2793 5.8927
-0.2227 -0.6347 7.6144
6.2433 6.4101 25.3862
-1.7470 -0.8947 6.2158
4.1531 -0.7551 9.9017
-4.1673 0.3373 7.2731
-5.2246 1.1329 8.2476
-0.9586 -2.2995 3.8721
5.9982 -2.6964 7.0989
5.7141 -2.0698 8.1834
0.7538 0.3864 10.2131
3.3806 1.3388 13.6278
-2.5925 -1.0245 5.4691
4.5601 -0.8124 10.0226
1.6865 -1.4979 5.9275
4.1588 -1.7283 6.9182
4.2091 -2.8019 5.8555
4.2460 0.1094 5.3843
5.3163 -2.8020 6.4948
5.8081 -2.3764 7.6268
6.8706 -2.1057 8.7798
-2.8763 -0.5716 6.2076
4.7345 -2.4468 6.1822
9.5841 5.7085 25.9176
3.9202 -2.7094 5.8730
4.2977 -1.9411 6.5338
2.9430 0.9408 12.5821
1.9630 -0.5718 9.0021
-1.4949 -1.3423 5.4696
6.4090 -2.4815 7.7644
-5.8319 -0.1840 5.2729
-0.1039 -1.9417 5.0786
1.4805 0.8200 11.4967
3.8284 -2.4379 5.6386
1.3086 -2.2797 4.4583
3.1405 -2.3046 5.1532
7.7035 -1.4426 10.5822
1.7288 -1.2614 6.1978
5.8325 -2.0098 6.7903
6.9899 0.7615 14.5621
8.8360 1.1326 16.3677
-12.0447 1.8001 5.6382
-3.6165 -0.2972 6.3269
1.4560 -2.1589 4.7529
3.8053 -2.1945 5.6605
2.3823 -2.7660 4.8721
0.3666 -2.4122 4.4128
-12.5149 1.8842 5.5342
2.6459 -2.3112 4.8838
-3.5224 1.5606 10.0831
3.9560 -1.4676 7.2919
-0.6342 -2.3288 4.0011
6.0030 -1.8730 8.7424
7.6825 -1.7544 9.9489
7.0004 -1.8588 9.3468
-0.6700 -2.4642 3.7106
1.7236 -2.8797 4.2651
0.8929 -2.6555 4.2321
-0.8026 -1.8726 4.8128
5.1469 -2.4419 6.3809
4.2437 -2.0394 6.3338
2.6963 -2.8134 4.9589
7.6040 -1.2582 10.8922
6.9441 -2.4216 8.1929
4.8184 -0.2203 5.6135
5.9091 -2.7784 6.8843
0.5436 -0.5394 8.2468
6.9353 -2.2699 8.4900
6.7686 -2.4732 7.9887
2.6408 -1.9838 5.5175
8.9808 6.1658 26.4805
5.9686 1.6383 15.7193
0.9173 -1.5574 5.5372
4.8220 -0.1056 5.0496
-4.7702 -0.7253 4.8075
3.6219 -2.1717 5.5597
-2.2238 -1.3005 5.1319
4.3417 -0.3513 5.6610
5.2370 -2.0030 7.2711
-1.8086 -1.4989 4.9765
-6.3016 4.7197 14.7727
4.4265 -2.5491 6.0674
4.9332 -2.3248 6.4605
7.0953 -2.2178 8.6863
-17.7229 3.9064 6.5560
6.0179 -1.4658 6.4677
2.0400 -0.2604 9.6671
-1.6402 -0.7255 6.6148
-9.7222 5.2877 13.9290
1.4955 -1.8090 5.2102
7.6001 1.5606 16.5066
2.9870 -2.1295 5.3699
7.6471 -1.6070 10.2221
0.5530 -2.8742 3.5998
-0.3745 -1.3831 6.0354
6.7230 -2.5915 7.7267
4.7653 -0.3068 5.5962
-2.2983 -1.8725 3.9492
2.7006 -2.0727 5.4144
4.3720 -1.0497 9.4411
-0.7896 1.0673 10.6784
-5.4123 0.5406 6.9591
-9.8927 6.9330 17.1089
8.9417 0.2414 14.6529
3.5332 -2.8473 5.3747
-4.5949 -0.9213 4.5181
5.3543 -1.3632 9.3837
0.7042 -1.5670 5.4986
6.4089 -2.9113 6.9081
2.2699 -2.3940 4.7218
8.0118 -0.9998 11.6425
4.4915 -2.6830 6.2555
5.5793 -1.9286 8.3870
-3.6749 -1.3627 4.1700
-8.9609 4.9014 13.5990
6.2867 -2.6207 7.4166
-3.9087 -0.3693 6.0143
3.4549 -2.7960 5.4317
4.2882 -0.0254 5.3497
5.2682 -2.7030 6.6643
-0.5059 -2.1737 4.3841
-0.9999 -0.8676 6.7013
5.2654 -2.3358 6.4869
-4.6862 -0.6653 4.9756
5.8503 -2.9413 6.5257
4.2850 0.2080 5.3950
-15.9221 3.4844 6.7551
1.5906 -2.6961 4.5541
1.4289 -2.2380 4.5217
8.5557 -0.8953 12.1650
0.9508 -2.8017 3.9742
-2.8101 0.8201 9.0190
3.5345 -1.8535 6.3008
5.1512 -2.8746 6.2547
-0.6093 -0.0647 8.5268
1.5338 -2.7349 4.4440
4.6054 -2.2806 6.1218
4.1005 -2.7961 5.8044
7.2000 2.7567 18.6589
9.1862 0.3862 15.0826
-6.2816 0.0618 5.5028
4.6424 -2.9411 5.8283
0.2925 -2.8074 3.5826
4.2568 -1.7626 6.8938
2.7678 -2.9603 4.7074
9.2197 -0.3341 13.6667
5.9808 -1.8443 8.7868
-20.3866 5.4924 8.1777
1.8362 -1.4652 6.0445
3.2260 -1.8013 6.0134
11.4093 2.6481 20.8736
4.4640 -1.6188 7.3680
8.0669 -1.4808 10.7161
-1.8761 2.4403 12.7866
7.1966 -2.5302 8.1222
1.8055 -1.8729 5.2510
1.5055 -1.2294 3.6992
4.7219 -0.2681 5.2666
4.3701 -2.3352 5.8794
3.0759 -2.0181 5.4864
3.2208 -2.2823 5.2029
8.6635 -0.3699 13.2742
8.2603 -1.1917 11.4038
-20.6920 6.6638 10.3356
3.6419 -1.9902 5.9577
6.4326 -2.6135 7.5152
6.5850 -0.3698 12.0740
0.0375 -1.7382 5.5658
1.1862 -2.9457 3.8231
1.5195 -0.3696 9.1489
3.5173 -2.8956 5.2693
-19.8660 6.9321 11.3472
0.3642 -2.8471 3.5449
7.5697 -2.0820 9.2308
1.1231 0.3864 10.4263
1.3780 -2.7285 4.3667
1.7301 -2.7959 4.4359
1.2039 -1.9560 5.1440
3.1514 -2.8362 5.1764
1.8374 -2.1294 4.7472
-3.5917 1.1328 9.1906
-0.4107 -2.5684 3.6527
6.5494 -2.3948 8.0185
-4.0721 -1.1910 4.2827
-10.0373 6.9330 17.0254
-2.6694 -1.5714 4.3349
4.5581 -1.9912 6.7104
-0.4378 -2.2488 4.2738
-5.0073 -0.7253 4.6705
4.0165 -2.7223 5.9029
4.6407 -2.2067 6.2121
5.3842 -2.6831 6.7710
-0.8811 -2.3851 3.7463
3.4070 0.8797 12.7283
6.6302 -0.5720 11.6972
-4.4500 -0.9992 4.4467
0.8687 -2.6894 4.1505
0.9861 -1.7099 5.5129
6.5207 -1.8872 9.0132
2.7398 -2.2015 4.9969
3.4034 -1.9967 5.7928
5.1416 -2.7477 6.5020
-18.8084 5.4925 9.0894
-0.8118 -1.7692 5.0134
6.0070 -2.2900 7.9139
-3.5169 0.1500 7.2753
8.4616 -1.2364 11.4310
10.3233 5.2889 25.5084
-2.4211 -1.8582 3.9067
4.8776 -1.8800 7.2044
6.0540 -1.5492 6.5379
-6.5471 0.2892 5.8027
4.8378 -2.5360 6.3035
4.0311 -2.7287 5.8986
3.0587 -1.2895 7.1358
7.1103 -2.6062 7.9209
5.6243 -2.3105 6.9254
0.2383 -2.6893 3.7866
4.3434 -2.0613 6.3707
-0.2110 -1.1912 6.5122
0.3147 -2.2592 4.6878
9.1614 4.9024 24.0672
4.0358 -2.8474 5.6648
5.7600 -2.6764 7.0014
2.5755 -2.8582 4.7998
6.7113 -2.7353 7.4334
10.9678 1.0032 17.3409
9.1702 2.7567 19.7968
0.2639 -2.5297 4.1194
5.7914 -2.2267 6.8619
8.6372 -1.2799 11.4458
2.8362 -2.1975 5.2539
4.8569 -2.8530 6.1279
-3.4115 -1.3215 4.4042
16.9427 5.9327 30.6142
-3.5221 -0.6033 5.7714
-0.3654 -2.2896 4.2345
3.8508 -2.7223 5.8072
6.6895 -2.6278 7.6349
0.1578 -2.7091 3.7007
6.9884 -2.5989 7.8652
6.9760 -0.5720 11.8968
6.0221 -2.1631 8.1755
4.0214 -1.7532 6.5334
6.6834 -2.8365 7.2157
8.3062 6.1658 26.0908
0.8841 -2.9408 3.6584
4.6705 -0.0819 4.8396
3.7478 -2.8851 5.4233
-5.3373 4.9016 15.6921
0.9440 -2.8075 3.9587
6.2581 -1.7850 9.0652
6.4679 -2.9010 6.9625
-18.8904 3.9064 5.8816
-0.3007 1.3388 11.5017
0.9908 -1.1613 6.1842
4.0017 -2.8250 5.6898
-8.4881 2.8684 9.8210
6.0809 -1.2616 6.3615
-6.5418 -0.2223 4.7865
5.4045 -2.9461 6.2586
4.4636 -2.7029 6.1998
5.4141 -2.4710 6.5737
4.7443 -1.4983 7.8746
9.3000 0.2414 14.8598
1.4197 -1.5124 3.8387
2.3635 -2.0275 5.0167
2.5554 -1.1761 6.9207
-2.7388 4.3764 16.1464
-9.3645 0.9410 5.4744
-12.1098 2.5425 7.0799
-0.8981 -2.1737 4.1576
-0.7143 -0.3695 7.8590
2.5113 -1.2555 6.9171
1.4556 -1.5359 3.9303
1.4994 -1.5160 5.8225
-0.6594 -0.3337 7.9619
-3.8391 -0.5715 5.6516
6.0742 -2.2070 8.1180
-0.1545 1.8841 12.6728
3.2473 -2.3171 5.2455
7.1102 1.2684 15.6415
1.8687 -2.5155 4.5719
5.1447 -2.2718 6.5781
-0.1823 -2.5684 3.7846
-0.2188 -1.8439 5.2072
-1.9924 2.9840 13.8029
-9.1492 1.0035 5.7233
3.4499 -1.5111 7.0732
4.9273 -2.1057 6.7654
9.4601 4.5454 23.5285
3.8553 -1.9799 6.3787
0.2747 -0.9994 7.1749
4.5321 -1.5762 7.6294
5.0014 6.6660 25.1788
5.2124 -2.7902 6.4582
1.1481 -0.5717 8.5315
2.8578 -2.7841 5.1106
4.8452 -2.1966 6.6521
1.2295 -1.8704 5.1295
-0.4204 -2.5608 3.6623
3.5951 -2.0153 5.7764
-0.8897 1.3388 11.1616
-11.7706 2.9838 8.1552
9.5442 0.8796 16.2725
4.1762 -0.4048 10.6130
2.4717 -2.2593 4.7423
-1.5085 -2.1051 3.9418
5.4827 -2.1940 6.8877
5.8455 -2.8585 6.6878
4.6851 -0.2881 4.9691
-1.2081 -1.4802 5.3605
1.5902 0.7045 11.3299
0.0359 -2.4727 4.1014
2.7005 -0.2974 9.9747
6.6628 -2.8365 7.2037
6.7180 -0.9482 10.9981
6.5532 -2.7031 7.4063
1.9167 -2.9210 4.2942
2.9044 -2.9059 4.8948
5.0352 1.0033 13.9148
1.0497 -2.8954 3.8446
1.9597 -2.0798 4.9174
0.4523 -2.4558 4.3755
-7.5177 2.3409 9.3303
5.5231 -2.8475 6.5235
-1.1449 0.1053 8.5563
2.6102 -2.2788 4.8417
2.1799 -2.0760 5.0779
-0.0472 -0.4046 8.1741
7.9733 -1.5896 10.4451
0.6976 -2.4211 4.5863
7.2535 -0.8405 11.5221
5.5192 -2.0576 8.0952
2.7781 -2.7721 5.0885
0.1593 -1.2578 6.5934
2.7798 -1.9203 5.5708
4.8373 -2.2402 6.3140
-2.7670 -1.0245 5.3683
-0.9999 -1.8145 4.8146
2.7612 -1.5925 6.1863
4.6390 0.1253 5.4297
5.8984 -2.7160 7.0022
1.0129 1.6384 12.8573
4.1554 -1.0497 9.3160
3.8386 -2.8583 5.5291
4.5049 -2.1166 6.3306
-4.2390 -0.8675 4.8309
2.2313 -1.6262 5.7714
1.3540 -2.1114 4.9272
5.6522 2.8686 17.9881
0.4194 -1.0739 7.1099
5.1786 -2.3586 6.4030
-3.6412 -1.2357 4.4425
2.5785 -2.0176 5.1068
-0.4812 -1.7382 5.2663
2.7631 -2.1306 5.2040
-0.3985 -2.3094 4.1759
6.4121 -1.5361 9.6501
-6.6977 5.0908 15.2834
-0.3532 -2.5760 3.6709
7.2675 -0.2606 12.6857
4.7389 -1.8412 7.1674
-10.7425 5.7071 14.1755
-3.9814 1.4110 9.5197
4.5768 -2.7539 6.1636
-11.5090 2.0593 6.4641
6.7359 -2.1057 8.7021
1.3014 -0.1452 9.4700
7.4654 -2.3294 8.6776
4.3536 -2.7661 6.0103
1.1396 -1.8146 5.2955
0.2176 -2.7347 3.6841
1.5920 -2.9506 4.0477
5.3039 -2.0377 7.1514
6.9955 -2.1853 8.6934
-6.1509 3.9068 13.2401
2.5741 -1.6423 6.0814
1.6570 -2.1874 4.7412
3.6977 -2.3712 5.5204
0.0158 0.5405 10.0937
4.6227 -0.1508 4.8259
-9.2871 2.3409 8.3084
2.0146 -2.9261 4.3407
5.9511 -2.8693 6.7272
4.6473 -0.7551 10.1871
4.5471 0.6314 5.5288
0.0283 -2.4122 4.2175
-1.6415 2.7565 13.5523
2.4738 -1.9315 5.2148
4.3735 -2.9212 5.7127
1.0718 -2.8471 3.9535
5.5664 -0.8951 10.4389
-1.2447 -1.7064 4.8887
1.5160 -2.0416 4.9248
1.2993 -2.1101 4.6869
-0.9828 -1.7692 4.9147
3.3660 -1.7485 6.1298
2.2037 -2.3956 4.6873
-2.0253 -1.0245 5.7966
5.9780 -2.8585 6.7643
4.4677 -2.2415 6.0366
10.1878 0.2887 15.4667
3.2353 -1.8119 5.9976
4.7111 -2.4825 6.1940
5.0000 -2.6069 6.4418
4.0908 -2.7782 5.8344
5.2722 -2.8747 6.3246
5.3667 -2.8585 6.4114
8.2170 -1.4995 10.7654
6.2497 -2.9607 6.7177
4.5206 -1.9274 6.7928
10.6889 1.7181 18.6044
-0.3125 -2.2065 4.4304
-15.7671 3.6203 7.1154
-18.4128 3.9064 6.1575
1.7106 -2.8636 4.2896
4.6511 -0.1192 4.8284
8.3487 -1.4995 10.8415
1.5085 0.8798 11.6319
-6.9222 1.6384 8.2745
-2.4036 -0.8947 5.8367
6.5078 -2.8476 7.0921
3.0785 -1.9015 5.7842
1.7699 -1.5722 5.5848
4.8318 -2.6963 6.4255
1.6974 -2.8472 4.3147
1.0690 0.1953 10.0141
2.0685 -1.9440 5.2592
3.7503 -2.9604 5.2747
5.2888 -2.7783 6.5261
2.2480 -1.5060 6.1604
4.3957 3.4850 18.4905
7.2189 0.0184 13.2135
9.1838 -0.5398 13.2361
1.5714 -2.9458 4.0455
-1.8743 4.7199 17.3301
1.7149 -1.5390 5.8364
1.5113 -2.8075 4.2863
1.8438 -1.1945 6.4790
8.7063 -0.6962 12.6487
1.2141 -1.6761 5.5329
4.4417 -1.9741 6.5749
-3.9536 0.3866 7.4946
6.3829 -2.5689 7.5752
5.7404 -2.2822 6.9507
5.8398 -2.8693 6.6630
-14.1208 5.9305 12.6695
5.7170 -1.2362 9.8462
-1.6376 3.9070 15.8470
4.8304 -0.0770 5.1235
5.1358 -1.6615 7.8149
3.4036 -2.5045 5.4892
6.1106 1.0032 14.5359
5.0807 -0.4796 8.0996
4.9846 -1.5549 7.8619
7.2354 -1.7543 9.6907
7.1838 -1.7543 9.6610
5.3653 -2.2651 6.6872
1.4437 -2.9650 3.9334
-23.5451 5.9298 7.2252
3.0135 -2.2294 5.0692
-0.9087 -0.8676 6.7540
-0.2979 -2.3759 4.1013
-1.9413 -1.5536 4.7908
2.7462 -1.8817 5.6315
5.3422 -2.7783 6.5570
3.1966 -2.7413 5.3916
-1.4518 -0.5065 7.1600
-8.2543 1.7182 7.6641
-5.1181 1.1329 8.3091
7.2297 0.9407 15.0576
2.9067 -1.7598 5.9265
6.2598 2.1505 16.9082
5.5900 -2.3128 6.7096
-0.2865 -2.4557 3.9489
1.8241 -2.8797 4.3231
4.2628 -1.5735 7.6088
6.6673 -2.8906 7.0984
5.1653 -2.9313 6.1499
2.5458 -2.9410 4.6178
4.4597 -0.3220 5.6145
6.0756 -1.2322 6.3673
12.6089 4.9026 26.0587
0.8424 -2.9108 3.6941
5.8973 -1.3220 9.7793
4.2669 -2.8135 5.8658
-0.3195 -2.5137 3.8144
5.0002 -1.3220 9.2613
3.0035 -2.7721 5.2186
3.1216 -1.9986 5.7969
6.9113 -2.2494 8.5171
2.1733 -2.8076 4.6685
3.1768 -2.3909 5.2962
6.3053 -1.9556 8.7526
6.2556 -2.8420 6.9576
4.3523 -1.6587 7.4700
0.7534 -0.1451 9.1536
2.6822 -2.1229 5.4338
6.7830 -2.6628 7.6192
-1.1423 -1.2577 5.8419
0.7990 -1.7001 5.3380
3.4547 -1.0402 7.6235
7.6137 -1.7544 9.9092
4.7800 -1.8734 7.1935
15.9379 4.9027 27.9817
5.8403 5.7082 23.7549
-1.9472 -0.6346 6.6185
1.4153 -2.3999 4.2714
5.0009 3.4850 18.8401
5.7117 -2.9061 6.5157
3.7681 -2.7901 5.6243
5.5591 -2.8905 6.4586
2.0406 -2.1938 4.7468
-5.0304 0.3866 6.8728
3.8665 -2.8249 5.6117
7.7052 -0.0237 13.4105
6.0378 -1.3959 6.4332
7.4432 0.2887 13.8818
3.7658 -2.2544 5.6006
-8.3557 5.7073 15.5543
1.5139 -2.7027 4.4967
5.7700 -2.2954 6.8992
7.8791 -1.5180 10.5335
-14.0616 2.2443 5.3586
2.9913 -0.2975 10.1426
0.6089 0.8201 10.9934
5.1726 -2.8639 6.2885
5.9130 -0.8680 10.6931
0.3334 -2.6202 3.9793
2.6330 -1.7113 6.0325
1.1025 -2.9006 3.8647
0.1321 -0.8948 7.3009
-4.1304 1.4110 9.4337
5.6606 -2.7289 6.8394
-8.4592 0.5407 5.1995
7.8377 -2.0205 9.5082
3.0930 -1.3904 6.7294
1.8407 -1.1219 6.7196
1.6610 -2.8690 4.2502
5.0004 -0.1453 11.6061
5.1582 -0.4342 8.0532
-2.8016 -1.4420 4.5164
3.0880 -1.9113 5.7705
0.1934 -2.7220 3.6955
8.3902 -0.5069 12.8433
5.6088 -0.1055 12.0367
0.2823 2.7566 14.6635
0.2399 -0.9739 7.2057
3.7201 -2.0357 6.0182
-0.5965 -1.8145 5.0475
5.0211 -2.7961 6.3360
0.7818 1.2685 11.9867
-1.6835 -0.4731 7.0928
-21.9656 5.0900 6.4640
-0.6588 3.2263 15.0559
10.9101 2.8687 21.0249
6.0216 -1.5895 9.3182
3.5621 -2.7599 5.5655
-0.3332 -1.9007 5.0279
4.7623 -2.0545 6.7927
11.2698 2.5427 20.5830
6.5348 -2.7844 7.2335
-2.8136 -1.3215 4.7494
0.0137 -0.1451 8.7264
4.8526 0.1951 12.1991
0.2234 -2.6273 3.9015
3.6943 -1.2007 7.7144
4.5755 2.9841 17.5964
-0.6141 1.0673 10.7797
-6.2259 -0.2600 4.8938
4.8837 -2.1950 6.5856
2.8589 -2.0185 5.4588
10.3019 2.4404 19.8201
12.6401 2.1506 20.5931
4.3617 -0.2012 5.4163
-3.6705 1.0034 8.8872
8.7860 0.3862 14.8515
-5.9815 1.2685 8.0808
-0.5275 -1.9814 4.7549
3.3562 -2.8745 5.2183
4.4724 -1.6937 7.2989
5.9669 -2.0454 8.3782
6.2999 -2.3947 7.8744
4.0512 0.8797 13.1003
0.6158 -2.6827 4.0178
0.4036 -2.6202 4.0198
5.6115 -2.4364 6.6643
-0.4308 -0.7255 7.3132
6.8543 -2.6490 7.6879
-0.7191 -0.4392 7.7173
5.7241 -0.7840 10.7514
4.5092 -0.1938 5.1259
2.8322 -1.0597 7.1956
0.5956 -2.3852 4.5989
-0.2118 2.4403 13.7478
4.3155 -1.8946 6.6613
4.4761 -2.1157 6.3544
10.0931 1.2683 17.3641
-1.0546 -1.5890 5.2323
-3.1244 3.9069 14.9882
0.4964 -0.7510 5.6003
4.2884 -2.7902 5.9247
-8.6291 1.0035 6.0236
7.3200 -2.4216 8.4099
7.0904 0.2414 13.5838
6.2590 -2.8640 6.9157
8.1426 0.4878 14.6824
-6.5225 3.9068 13.0254
-10.1565 1.0675 5.2689
-0.0712 -2.1400 4.7024
4.9566 -2.3906 6.3829
4.6193 0.6366 5.5620
0.0896 -2.1738 4.7280
4.3315 -2.5313 6.0007
4.3339 0.0124 5.3686
10.1658 1.2683 17.4062
-7.7005 2.4402 9.4227
2.9438 -0.0236 10.6609
3.6809 0.4880 12.1058
1.4436 -1.5863 3.9018
1.0840 -1.8046 5.3980
6.4973 -2.6764 7.4271
2.5392 -2.2275 4.7599
-3.0484 -1.1682 4.9192
3.5266 -1.8040 6.3564
-0.4544 -2.4642 3.8351
10.4646 0.2413 15.5323
6.9927 -0.7259 11.5999
-2.4679 2.3409 12.2469
-10.8530 4.2139 11.1362
6.9576 -2.4477 8.1486
4.7004 -1.9324 6.9184
9.4719 1.8841 18.2324
-6.4042 2.2443 9.7811
2.8163 -1.1220 8.3985
-15.0276 2.6478 5.6046
2.2616 0.3864 11.0838
3.6403 -1.5231 6.9602
4.2809 -2.2575 5.9061
4.6583 -2.2089 6.2646
9.4926 1.4847 17.4485
6.9953 -2.0820 8.8992
10.0299 0.8199 16.4340
-1.8596 -1.5173 4.9102
2.0086 -1.8745 5.3758
-1.2704 -1.9550 4.3784
1.0228 0.9408 11.4731
1.1726 -2.8635 3.9790
-0.9158 -1.8145 4.8632
2.1352 -1.3995 6.2900
-0.5211 -0.0234 8.6600
1.3502 -2.3359 4.3878
2.6294 -1.6172 6.1714
7.1197 -2.2071 8.7217
-3.2453 1.6384 10.3981
4.4947 -1.6177 7.3768
4.5057 0.7235 5.5383
2.6095 -2.9507 4.6352
-12.5178 6.4086 14.5480
-13.4855 4.0574 9.3041
1.5714 -2.8743 4.1878
4.0966 -2.2516 5.8167
2.8231 -2.7222 5.2138
9.5083 -0.1846 14.1313
-1.9321 -0.6957 6.5056
1.6360 -1.8995 5.1373
-0.6379 -2.2694 4.1173
4.3823 -2.0208 6.4478
4.0639 1.0033 13.3539
1.1118 -1.5743 5.6401
5.3399 -1.8945 7.4653
-0.5896 -1.7692 5.1417
-5.6541 -0.2224 5.2991
-2.4155 -0.9214 5.7766
-9.9429 1.4110 6.0768
1.7005 -2.5588 4.5153
5.9878 -0.4734 11.5226
-1.9621 2.7565 13.3672
2.9226 -2.7222 5.2713
3.1934 -2.0876 5.4381
4.3547 -0.2239 5.4043
7.2072 -2.2901 8.6068
1.6143 -1.3745 5.9010
-0.1328 -2.6414 3.6676
4.8251 1.0672 13.9209
5.5040 -2.0576 8.0864
-0.3702 -2.5909 3.6312
-8.6984 1.0035 5.9836
-4.2415 -1.1450 4.2764
-1.6612 -1.9813 4.1003
-12.5579 5.4928 12.7000
4.3865 -0.0037 5.4389
1.8197 -1.8876 5.2576
5.7414 -2.9061 6.5328
12.4104 2.0593 20.2786
9.5649 -0.0238 14.4844
1.0462 -2.7839 4.0646
6.2389 -2.7663 7.0988
1.5613 -0.7256 8.4635
0.9093 -1.9443 5.0687
3.6457 -2.9059 5.3229
6.3321 -2.4647 7.7535
1.7339 -2.8191 4.3918
5.0650 -0.4758 8.1269
-7.5655 1.4849 7.5971
2.3161 -1.7207 5.6236
-2.1496 -1.1683 5.4383
1.6166 -2.3144 4.4526
7.1206 -2.6279 7.8838
4.5183 -0.6657 10.2907
5.4295 -2.3141 6.6204
10.9212 1.9705 19.2415
5.0108 -2.5523 6.4116
6.6812 -1.3835 10.1096
-9.6934 1.1999 5.8004
9.0140 1.3387 16.8812
4.3747 -2.1602 6.1461
7.2270 6.1657 25.4674
1.7622 -2.8690 4.3087
0.4786 0.0186 9.3212
6.9511 -1.1222 10.7861
7.0994 -0.2229 12.6638
2.9711 0.1052 10.9332
-8.5968 0.2892 4.6190
12.0546 2.4404 20.8324
4.4094 -1.9190 6.6918
1.5550 -1.2319 3.7573
7.6904 -0.8405 11.7744
-1.7539 0.4881 8.9673
0.5529 -0.7549 7.8228
-8.5065 0.3867 4.8654
4.2461 0.9408 13.3346
5.3330 -2.3268 6.5654
14.3613 5.7088 28.6773
-1.4213 -1.3006 5.5953
3.2197 -1.8600 5.9380
4.9107 -0.1576 5.1097
-11.4887 1.6384 5.6372
7.5370 -1.7069 9.9593
-6.8408 1.8001 8.6437
1.5246 -2.2129 4.6200
0.6345 -2.8016 3.7916
-2.3129 -1.2792 5.1229
-2.2699 -1.8292 4.0519
5.2594 -1.3220 9.4110
3.8196 -2.7413 5.7512
8.3770 -1.4232 11.0098
4.5213 -2.2649 6.0645
1.6512 -0.0648 9.8321
3.4142 -0.2975 10.3868
5.6038 0.5403 13.3207
5.0000 -2.1469 6.7143
-5.1286 -0.8674 4.3173
7.7513 -1.7544 9.9886
6.5344 -1.4034 9.9851
0.0400 -0.2603 8.5121
4.8723 -2.4376 6.2689
-1.6670 3.6207 15.2596
6.4262 0.7615 14.2365
6.9353 -1.3835 10.2563
4.4047 -0.3943 5.4476
6.6789 -2.8308 7.2243
-2.6844 -1.7537 3.9630
6.5616 1.0032 14.7963
5.0214 -2.2965 6.3714
2.4190 -1.7047 5.8682
4.8009 -2.8957 6.0104
-12.3860 1.9705 5.7807
4.6993 -2.5001 6.1991
2.7536 -1.8542 5.8535
6.3478 -2.8906 6.9140
-2.1573 0.3373 8.4338
3.9346 -1.2881 7.6139
5.0729 -2.3459 6.3110
7.7541 -1.7851 9.9290
1.7984 -0.7256 8.6005
-10.0956 1.6384 6.4418
2.6095 -2.4661 4.9717
-2.5143 -1.4029 4.7602
4.6158 -2.1741 6.3273
-8.2441 2.5425 9.3125
-0.0258 3.6208 16.2075
-1.3176 -1.5174 5.2232
2.2058 -1.6036 5.7101
-0.2479 -1.8867 5.1050
3.2245 -2.0112 5.6927
1.0859 -2.0056 4.8245
10.8934 1.2683 17.8263
6.7215 2.1506 17.1748
8.3307 1.6383 17.0835
5.9591 -2.6206 7.2275
6.4107 -2.8531 7.0250
4.9067 -2.8307 6.2010
6.7128 -2.6765 7.5515
2.1653 -1.7840 5.4663
-0.4487 -1.1218 6.5132
2.6401 -2.7959 4.9613
4.7951 -1.6931 7.4814
-8.8349 0.7048 5.3095
5.2116 -2.7962 6.4460
3.8880 -2.7287 5.8159
-1.9966 -1.4420 4.9812
9.2619 2.7567 19.8498
3.1112 -2.9604 4.9057
10.9552 3.1034 21.5187
1.4165 -2.1003 4.7208
-3.6128 6.6653 20.2024
10.2467 3.4851 21.8701
5.1812 -2.7843 6.4520
-14.0644 4.3760 9.6045
5.5755 -1.8730 8.4956
3.8718 -1.6353 6.6702
6.7268 -1.1457 10.6098
-8.2140 1.3389 6.9317
5.1416 -2.1846 6.7860
1.5284 -2.2180 4.5590
6.3971 -2.3672 7.9853
6.9374 -1.9819 9.0651
-4.1643 -0.9992 4.6116
3.6631 -2.8306 5.4830
2.1219 -2.9261 4.4027
4.3714 -0.3339 10.8670
12.0524 2.1506 20.2536
5.0830 -2.3294 6.3060
4.0201 -1.6818 6.6504
7.6903 -1.4995 10.4613
11.1721 4.3770 24.1817
0.5957 -2.7411 3.8898
-1.0363 -1.5890 5.2428
5.8331 -2.8021 6.7931
6.9378 -1.4994 10.0268
10.8545 3.3537 21.9592
-16.0682 2.9838 5.6731
-0.2546 -2.4726 3.9336
11.0598 4.3770 24.1169
5.2548 -2.2791 6.6267
2.1707 -1.5635 5.8774
6.9816 -2.7096 7.6406
6.7770 -2.3099 8.3189
2.1294 -2.6895 4.8784
3.6266 -2.6896 5.7428
4.2475 -2.5865 5.9909
7.4570 -2.1175 9.0951
1.9521 -2.3616 4.5187
3.9121 -2.6963 5.8945
8.0695 -0.1454 13.3784
-0.3016 -2.2173 4.4154
5.8821 0.8797 14.1576
1.2565 -2.8247 4.1048
4.4354 -0.4049 5.7856
8.4722 -0.8406 12.2259
7.6046 -1.6908 10.0306
4.4300 -2.8307 5.9258
4.8010 -0.9741 9.8394
5.1243 -2.2396 6.6214
4.2775 -2.1500 6.0210
4.7017 -0.1684 4.8651
3.7417 -2.0397 6.1483
4.7758 -2.8584 6.0702
4.1891 -2.7600 5.9275
-1.2939 2.1505 12.5456
-2.6862 6.1650 19.7406
5.4141 -2.9461 6.2641
6.4850 -1.2141 10.3338
-0.5113 -2.0572 4.6132
5.0580 -1.7522 7.5812
3.5769 -0.0649 10.9442
7.7116 -1.3221 10.8269
-0.5556 0.5405 9.7638
6.3177 -2.7478 7.1811
4.5080 -0.3011 5.2499
7.4749 -1.9151 9.5088
0.5961 -2.6273 4.1167
-1.0144 -2.1737 4.0905
2.0003 -2.4144 4.5856
3.2795 -1.4693 6.9193
9.0737 -0.1846 13.8804
13.1864 3.3538 23.3061
2.5957 -2.8018 4.9240
-6.0275 4.0577 13.6119
5.8313 -2.7844 6.8274
5.9374 -1.6200 6.6078
5.6590 -1.6577 8.9728
8.3561 -0.6038 12.6304
-8.3497 0.4883 5.1583
3.3922 -2.8077 5.3722
0.0804 -1.8439 5.3799
6.0718 -2.9558 6.6246
1.9522 -1.5309 5.7558
5.5473 -1.5895 9.0443
-2.6225 -1.0979 5.3054
1.4448 -2.8581 4.1470
-6.1527 -0.5391 4.3800
6.0844 -1.5178 9.4972
2.0769 -1.3520 6.3569
10.2763 5.0917 25.0885
4.1025 -0.0430 5.5800
-7.3027 3.4847 11.7336
3.9950 -2.3158 5.6739
4.3234 -1.9801 6.4736
2.8057 -2.2606 5.0307
-4.7098 0.1054 6.4977
2.0584 -1.9327 5.2670
-3.2373 0.8798 8.8912
7.0274 -2.6279 7.8300
4.7745 -0.2582 5.5956
3.2626 -0.8123 9.2734
10.5052 1.1326 17.3317
-0.5019 -0.7255 7.2721
6.3431 -2.5222 7.6453
5.1517 -2.0211 7.0558
2.7561 -2.9059 4.8092
4.8909 -2.9009 6.0520
1.0327 -2.9159 3.7939
8.9235 2.9842 20.1077
4.8939 -1.6480 7.7037
2.6540 -1.9822 5.4633
1.6886 -2.5667 4.4982
2.2066 -2.0705 4.9394
6.5974 -2.1962 8.4417
6.1937 -2.7844 7.0366
5.4093 -2.7662 6.6198
8.4441 -0.4735 12.9410
-1.9103 -1.9006 4.1173
-7.9560 3.9068 12.1974
2.7669 -1.8642 5.7650
4.2322 -2.0299 6.1033
2.7411 -2.2099 4.8918
3.2782 -2.1213 5.4725
-2.5828 -0.4391 6.6411
2.4315 -2.8248 4.7832
1.3013 -1.0620 6.5315
3.7951 -0.5067 10.1898
5.8612 -0.4734 11.4495
4.5481 -1.7664 7.1755
1.8826 -1.0982 7.9068
-5.7436 -0.0646 5.5619
-7.6240 3.1031 10.7877
2.7119 -2.1642 5.0849
5.9981 -2.5689 7.3530
9.1976 3.2265 20.7488
-0.4701 -2.5217 3.7115
5.5557 3.4850 19.1606
2.9278 -1.2240 6.8885
4.9766 -2.1765 6.6653
1.7447 -1.1006 6.6176
13.1961 3.7618 24.1248
2.1937 -1.5696 5.8091
4.8475 -0.1826 5.0913
3.9009 -2.6963 5.8880
5.1269 -2.1855 6.6970
6.9243 -1.4618 10.0940
4.7246 -1.1221 9.5004
5.4681 -1.8297 8.5199
-5.8248 -0.4389 4.7690
3.0347 -1.3083 6.8036
5.6193 -2.1404 7.9880
-1.2114 -0.2973 7.7157
2.7107 -2.1400 5.2029
4.3192 0.1292 5.3487
6.3174 -2.8420 6.9932
5.9614 -1.8239 6.6678
1.3755 -1.7786 4.0697
7.3070 -2.3001 8.6446
4.6782 -2.0734 6.5582
2.4574 -2.9458 4.5570
6.4609 -2.5613 7.6354
-7.1676 2.1505 9.1532
15.1282 6.9352 31.5639
6.0355 2.0593 16.5968
-9.7356 1.0675 5.5120
4.2105 -2.4735 5.9411
-5.9504 0.7047 6.9753
3.6672 -2.4771 5.5793
1.4535 -0.9480 7.9582
2.5060 -2.8191 4.8376
-7.7919 1.4849 7.4664
5.5735 -2.7903 6.6667
-5.1269 1.0034 8.0461
5.2449 -2.2724 6.6377
0.2678 -2.7410 3.7005
-0.8253 -2.3479 3.8526
2.7211 -2.2395 5.1254
6.6499 -2.3672 8.1313
1.3492 0.5404 10.8638
5.2531 3.4850 18.9858
4.5768 0.6603 5.5258
4.6937 -2.9557 5.8289
3.2704 -2.9410 5.0362
3.9512 -2.8745 5.5618
6.0571 -1.9011 8.7177
-2.2355 -1.9006 3.9295
4.7527 -0.1823 5.0161
1.0398 -2.7536 4.1214
3.6256 -2.1119 5.6055
5.3120 -2.1636 6.9485
5.5417 -2.2635 6.7846
11.1429 1.0671 17.5695
4.3153 -2.1462 6.1888
-1.3531 1.7181 11.6498
4.5874 -1.2276 8.3978
-15.0352 4.2137 8.7205
0.8609 0.5940 10.6885
2.6344 -1.4242 6.6546
5.7065 -2.8021 6.7201
5.5714 -2.9112 6.4245
6.5560 -1.2798 10.2440
4.7373 -0.6960 10.3569
2.0481 -1.8770 5.2078
0.6030 2.7566 14.8487
6.6166 -2.9655 6.9200
7.0262 -2.7097 7.6663
5.7401 -1.9286 8.4799
4.1442 -2.9312 5.5603
-0.4612 -2.4893 3.7812
4.2631 -2.4919 5.9287
4.7235 -2.1440 6.4591
-3.4431 1.1999 9.4100
2.9894 -2.8134 5.1282
2.2422 -2.4628 4.7521
4.2929 -0.8679 9.7577
12.0349 5.0918 26.1044
1.7650 -1.5591 5.6083
2.4146 -1.4914 6.2840
5.5309 -2.8853 6.4528
0.8935 -0.8677 7.7947
0.5128 -0.6389 5.5719
4.5788 -0.2982 5.3014
5.1220 -1.6329 7.8536
1.7348 -2.8248 4.3810
-19.6032 5.0901 7.8286
6.4144 0.4879 13.6844
12.6785 2.8687 22.0462
0.2644 -2.7156 3.7493
6.8964 -2.3294 8.3491
6.0967 -2.8021 6.9453
6.5293 -2.4216 7.9534
0.9421 -2.8526 3.8676
-5.6631 -0.3335 5.0725
2.6394 -2.0980 5.2363
1.4663 -1.4338 3.9117
5.8401 2.1505 16.6658
1.5458 -1.2541 3.7734
7.0539 -0.8680 11.3519
1.0324 -2.9310 3.7637
-0.3842 -2.5608 3.6832
8.4005 3.9073 21.6450
5.2730 -1.9602 7.2393
0.5718 -2.4975 4.3613
6.1733 -2.8420 6.9100
1.5977 -0.8402 8.2562
6.6325 -2.0820 8.6897
1.7371 -1.9307 5.0730
5.4040 -0.2228 11.6848
1.7108 -2.5263 4.4771
-6.6915 5.2879 15.6797
5.8670 -2.9112 6.5952
2.7823 -1.6156 6.1282
6.6902 2.5426 17.9380
9.7676 0.9407 16.5233
6.2363 -2.7844 7.0612
-0.5251 -2.1957 4.3293
4.6457 -2.1216 6.3851
4.3473 -2.1564 6.1580
2.1812 -2.0801 5.0462
3.4629 -2.1201 5.5365
5.3553 -2.1315 7.0529
1.2651 -1.9172 5.0035
-6.8157 -0.3334 4.4069
4.9429 -2.9653 5.9537
9.9428 -0.1846 14.3822
-5.5951 4.0577 13.8617
2.2687 -2.7349 4.8683
6.8551 3.2264 19.3958
-0.3095 2.3409 13.4934
0.2358 -2.2996 4.5617
4.4561 -1.8821 6.7537
3.6906 -2.1610 5.5341
9.8384 1.2683 17.2171
14.0865 4.0584 25.2300
5.7063 -0.7551 10.7986
6.9275 -2.6560 7.7163
1.5449 -2.2789 4.4503
3.4842 -2.1249 5.5254
4.5391 -0.4265 5.5184
3.9072 -2.8692 5.5471
-3.7007 -0.9736 4.9303
4.2767 0.2888 12.0532
2.6904 -1.2981 6.7395
2.1826 -2.4784 4.7253
6.4866 -2.7540 7.2662
4.6340 -2.7159 6.2722
4.2134 -1.8142 6.8060
3.5093 -2.5703 5.5568
6.8136 -2.1405 8.6776
3.3741 -2.5874 5.4886
4.3390 -0.6037 10.3108
3.5972 -2.2237 5.4538
9.3717 -0.5721 13.2802
-12.9069 2.7564 7.0458
4.5491 -0.2946 5.6909
6.0095 -2.6764 7.1454
-5.0795 -0.2601 5.5558
6.7925 -2.0077 8.9301
5.9862 -2.5914 7.3013
5.5159 -2.3525 6.6732
6.6662 -2.4898 7.8964
7.1418 -0.7552 11.6276
-2.9558 -0.2972 6.7084
1.6533 0.2889 10.5382
6.5573 -2.3485 8.1152
6.0616 -1.4295 6.4624
4.9334 -2.9653 5.9482
-0.7344 -1.6739 5.2482
4.3257 -0.3585 5.7257
2.6226 -2.0717 5.1832
4.2286 -2.4966 5.9195
12.3429 3.3537 22.8189
4.9714 0.1051 12.0883
8.7631 0.4365 14.9385
-2.9257 -0.5716 6.1791
4.6734 -0.7840 10.1446
2.7109 -2.6263 5.1350
11.2625 5.7086 26.8872
3.8587 -1.9739 6.2376
0.2617 -2.1514 4.8719
3.6031 -1.7579 6.5810
3.9338 -2.6762 5.9469
-6.4692 1.9705 9.1979
0.5526 -2.8849 3.5785
-3.2931 -1.5713 3.9748
-2.7560 0.1499 7.7147
6.9702 -2.6899 7.6734
1.7812 -2.3919 4.4347
4.2040 -1.8271 6.7078
4.3220 -1.5278 7.5616
3.5435 -2.8473 5.3806
5.0814 -0.6434 8.1485
5.5240 -2.6009 6.7316
-1.4473 -1.2577 5.6657
1.5800 -2.5195 4.4141
1.9722 -1.8134 5.3510
-4.0098 -1.2135 4.2739
3.8324 -2.8638 5.5147
-1.6914 -1.2577 5.5248
0.0620 -1.6739 5.7080
-4.4377 -0.9213 4.6089
4.0438 -1.4046 7.4540
3.7627 -1.3045 7.4675
-2.4388 -0.1841 7.2323
4.9078 -1.9279 7.0851
1.7443 -2.8191 4.3978
-9.1392 2.8684 9.4450
3.8056 -0.1844 10.8382
2.6268 -2.5710 5.0491
8.6380 1.2684 16.5238
4.5726 -2.2459 6.1091
6.2993 -0.3698 11.9090
-3.4850 -1.4028 4.1997
1.0497 1.4109 12.4253
4.6889 0.3019 5.4625
4.7125 -2.3039 6.0588
2.1862 -1.5610 6.0026
-4.9599 -0.7253 4.6979
-1.8728 1.2685 10.4537
2.3125 -2.2789 4.6702
0.2556 -2.5608 4.0526
11.5745 1.9705 19.6189
1.8557 -2.8954 4.3099
2.7036 -2.7959 4.9979
7.7993 -1.1223 11.2759
11.8601 1.4108 18.6685
6.0556 -2.1853 8.1507
7.0084 -0.7841 11.4930
5.8993 -0.9219 10.5778
-0.2682 -2.3667 4.1369
6.9695 3.1034 19.2166
5.9472 -1.8519 6.6783
4.8969 -0.1413 5.1028
-0.7369 -1.8726 4.8508
1.0765 -2.8190 4.0123
2.8417 -2.6829 5.3030
2.0918 -1.4568 6.1033
2.3662 -1.7749 5.5345
0.3220 0.8798 10.9467
0.1619 -1.9551 5.2054
7.2381 -2.2597 8.6852
5.2811 -2.1628 6.8403
4.5555 -1.2256 8.3297
-1.3578 1.8000 11.8103
9.4144 0.5402 15.5213
7.9606 -0.2229 13.1611
-0.2873 -0.8401 7.1677
3.0480 -1.8811 5.8031
4.9169 -2.3307 6.2133
5.1621 -2.9606 6.0898
1.8870 -0.5066 9.0880
1.2909 1.2685 12.2808
0.4468 -0.7338 5.5340
1.5755 -1.3276 5.9795
5.5496 -2.1861 7.0692
12.5612 2.7567 21.7554
0.5426 -2.8849 3.5727
5.8423 -2.0939 8.2096
1.2727 -1.2539 6.1694
-7.4252 2.9839 10.6651
2.0265 -1.8504 5.4157
1.3755 -1.7553 4.0697
4.3008 -2.2175 6.1966
4.4292 -2.2813 5.9903
5.4503 -2.6898 6.7958
2.8682 -2.8249 5.0354
0.0383 -2.3384 4.3702
-4.2698 0.0188 6.5791
4.9384 -2.8475 6.1860
9.4938 0.4878 15.4627
1.0212 -1.7625 5.2144
-4.0613 1.9705 10.5886
6.6674 -2.7904 7.2983
-1.8985 0.1053 8.1211
13.3085 5.0919 26.8400
1.8797 -2.1965 4.6252
2.5926 -1.3654 6.5847
1.3678 -0.8402 8.1235
-1.5100 1.7181 11.5592
4.9084 -2.2036 6.5452
4.5396 -0.1977 5.1055
8.4686 2.5427 18.9652
1.8475 -2.1834 4.6420
-4.0485 0.6488 7.9623
6.6327 -2.8252 7.2089
2.8029 -0.0236 10.5795
-14.9350 5.7069 11.7536
-16.2108 5.0903 9.7882
3.8167 -1.3875 7.3396
1.4502 -1.5931 3.9397
-5.6390 3.4847 12.6946
7.5454 -2.0330 9.3144
1.5517 -2.2399 4.5602
10.1711 0.3862 15.6514
4.7575 -0.2684 4.9766
1.4060 -1.5863 3.8801
3.3861 -2.5131 5.4702
5.6834 -2.4795 6.7485
4.1684 -2.3156 5.7443
3.3367 -1.6776 6.4299
5.6850 -2.1174 8.0719
-21.9651 5.2870 6.8568
6.1243 -2.2493 8.0627
-2.8486 -1.6063 4.1618
7.6847 3.2265 19.8750
3.6709 -2.9459 5.2576
9.2556 0.5402 15.4296
1.6173 -2.7157 4.5305
2.8032 -2.2681 5.2165
4.6247 -0.2126 5.8866
4.8791 -0.2313 5.6451
5.1031 -2.2166 6.6568
2.2107 -1.4623 6.2299
-2.2712 -0.9478 5.8074
3.1529 -2.7413 5.3663
-0.8642 -0.1842 8.1416
1.8898 -0.6036 8.8965
6.3464 -2.6349 7.4226
-2.8723 3.1032 13.5322
1.1437 -1.3245 5.9719
-2.7529 -0.5716 6.2789
1.7955 -2.7221 4.6205
4.3662 -2.0044 6.5378
-10.8645 1.8842 6.4874
2.2353 -1.2511 6.6666
6.3653 -2.6559 7.3917
6.6007 -0.2606 12.3006
3.5668 -2.7782 5.5318
14.4771 6.9351 31.1877
-0.0085 -1.7693 5.4773
3.2997 -2.9059 5.1231
4.7323 -2.2363 6.2087
3.2125 -2.9410 5.0027
5.4294 -2.7288 6.7059
6.7985 -1.2798 10.3840
2.9064 -2.8851 4.9375
2.1234 -2.7720 4.7105
4.8682 -0.3185 5.1043
2.2728 -0.3696 9.5839
3.0176 -2.2441 5.0485
5.2523 -2.7352 6.5910
8.4363 2.0593 17.9833
4.6206 0.7127 5.5535
2.9338 -2.8192 5.0846
2.4871 -2.8472 4.7707
3.8228 -2.0679 6.0934
-5.3433 -0.1840 5.5550
-18.9975 5.0901 8.1785
3.0107 -2.7599 5.2471
-2.6751 0.3373 8.1348
-2.0604 -0.0647 7.6888
3.9267 -1.3882 7.4121
4.4052 0.0105 5.4045
1.2017 -2.8190 4.0846
0.2999 -2.8246 3.5525
-12.0844 1.8001 5.6153
-6.1822 -0.4389 4.5626
9.8801 2.3410 19.3785
2.5460 -1.9836 5.1516
5.4480 -1.6409 8.8843
2.8306 -1.9621 5.5971
1.3488 -2.0097 4.8739
5.0115 -2.2170 6.6051
4.5811 0.7343 5.5004
1.8198 -2.8416 4.3965
-0.1428 -2.6623 3.6204
8.9640 4.7204 23.5907
-7.9756 3.2261 10.8298
-1.3984 -0.9738 6.2597
1.8297 -0.3338 9.3993
-1.5281 5.9314 19.9440
3.4148 -2.1184 5.5423
3.9238 -2.8638 5.5675
-0.7512 -0.1053 8.3641
6.1420 1.3387 15.2225
-2.4425 -1.6901 4.2293
-1.0979 -0.6034 7.1712
2.6571 -2.6625 5.2370
6.2925 -2.3856 7.8882
9.2801 -0.6962 12.9801
4.1059 -2.7661 5.8672
4.7674 -1.9253 6.9260
3.7714 -2.7350 5.7360
4.1982 -2.0051 6.1349
4.8935 -1.6331 7.7237
-11.1945 2.6478 7.8185
3.4396 -0.9996 9.0024
6.6546 -2.8137 7.2443
3.5176 -1.8556 6.1580
4.9367 -2.8020 6.2756
2.9660 -1.4120 6.7025
2.4730 -2.7093 5.0375
8.8628 -1.0251 12.0837
9.5755 -0.2230 14.0936
-1.6715 2.1505 12.3275
5.0503 -2.0439 6.9732
10.8170 2.8687 20.9711
7.6103 -2.2285 8.9625
1.8719 -2.7092 4.6904
1.6365 -2.7536 4.4659
5.7479 -1.5178 9.3029
4.3147 -2.2264 6.1917
4.4283 -0.3175 5.6633
-1.4919 -1.4802 5.1966
2.3314 -2.2039 4.6707
1.7219 -1.9958 4.9781
3.1441 -2.6694 5.5045
5.4879 -1.1221 9.9412
5.5781 -1.7849 8.6726
5.1905 -2.7961 6.4338
6.0427 -1.2905 6.4247
-1.2334 -0.7837 6.7338
6.1857 -2.1853 8.2258
-0.3820 -1.3217 6.1535
4.9311 -2.1542 6.5694
5.9702 -2.5765 7.3218
-22.1693 6.4079 8.9723
5.5939 -1.1221 10.0024
-1.5419 -1.5174 5.0937
7.3204 -0.9483 11.3459
1.1437 -2.0765 4.7318
6.2339 -2.8958 6.8378
-3.6930 -0.2601 6.3564
3.9129 -2.7842 5.7198
5.6529 -2.8308 6.6319
-3.7899 1.5606 9.9286
5.4407 -2.8853 6.4007
5.8286 -1.2797 9.8240
-1.6537 -1.8866 4.2933
2.6144 -2.8361 4.8663
-0.2144 -2.3288 4.2435
3.4282 -2.1341 5.5209
-0.3557 -2.5835 3.6544
5.1128 -2.2764 6.6081
-4.1537 -0.7253 5.1634
-6.6819 1.8001 8.7354
3.3105 -1.0496 8.8282
2.8088 -1.9158 5.6903
-24.5017 6.6635 8.1347
15.0437 4.3772 26.4180
4.1029 -1.6514 7.0268
0.1822 0.1953 9.5021
0.0082 3.4849 15.9564
3.5437 -1.9684 5.8185
12.5536 5.7087 27.6330
4.4948 -0.3958 5.4929
1.2746 -2.0421 4.1085
0.4935 -0.4047 8.4864
-2.0491 4.7199 17.2291
3.3308 -1.9068 5.8912
3.8219 -2.8904 5.4556
4.7981 -2.6963 6.4060
3.3962 -2.2581 5.3031
-20.7675 4.5441 6.0681
7.4720 -1.9012 9.5347
4.2895 2.5426 16.5515
4.9521 -2.1217 6.7396
-5.7361 -0.6345 4.4306
-0.1460 -0.9216 7.0870
5.8995 -2.3484 7.7354
3.9820 -2.2503 5.8136
-2.5804 0.1499 7.8161
-15.5035 4.7192 9.4573
5.8204 -2.9061 6.5785
3.3647 -1.2160 7.4063
0.7524 -2.6345 4.1928
6.8073 -2.2389 8.4779
3.1620 -2.0862 5.3751
1.2708 -2.9210 3.9213
6.1162 -1.1456 10.2572
2.5076 -2.8472 4.7825
1.4481 -2.7411 4.3820
8.0296 -1.4232 10.8092
4.2836 0.1303 5.3307
3.2551 -0.6959 9.5010
4.4060 -2.0637 6.4648
1.6667 -0.5718 8.8310
-2.5898 -1.1217 5.2769
1.5608 -2.7958 4.3381
-1.0581 -1.4030 5.6010
-6.8854 0.0189 5.0687
-0.9033 -2.2895 3.9239
1.1818 -2.8416 4.0281
1.3908 -2.3726 4.2212
4.4914 1.2684 14.1291
-2.5485 1.6384 10.8004
-9.9057 1.4110 6.0984
-6.4265 0.2892 5.8723
0.5900 -2.6345 4.0990
-1.7366 -2.0933 3.8336
4.2803 0.0139 5.3416
5.6303 2.1505 16.5446
-0.8132 -0.7837 6.9765
3.9779 -1.8202 6.3249
3.9343 0.3371 11.9516
4.8826 -2.1257 6.6217
0.8834 -0.2226 9.0743
6.6142 -2.7096 7.4285
-1.9041 -1.7223 4.4761
6.3566 -2.8195 7.0608
-16.5245 5.2873 9.9996
3.5954 -2.8362 5.4328
0.9422 1.0033 11.5511
1.9328 -2.8361 4.4728
-2.4633 0.1499 7.8837
3.3862 1.0672 13.0900
10.8665 6.4105 28.0570
-19.2617 5.9301 9.6996
-11.5266 1.4849 5.3094
1.4376 -2.2169 4.7491
-0.9598 -1.3006 5.8618
6.4051 -2.6490 7.4285
4.9244 -0.4734 10.9085
5.8018 -1.0498 10.2667
3.3593 -0.6036 9.7450
9.6840 1.0032 16.5995
5.1446 -2.8363 6.3272
-1.5038 -1.9006 4.3520
6.8397 -2.7784 7.4216
-1.0618 -1.2137 5.9762
0.3753 -2.8580 3.5295
-1.2136 -2.2172 3.8888
4.4649 0.2161 5.4470
5.7871 -2.8530 6.6650
-2.9023 0.1499 7.6302
5.9095 -2.7160 7.0087
2.1052 -1.7686 5.5973
10.2180 0.2887 15.4841
7.3786 1.4848 16.2277
5.8213 -2.9412 6.5090
3.9037 -2.9212 5.4414
-1.2250 -1.9281 4.4582
-6.9250 1.4110 7.8197
1.1717 -1.9359 4.9648
-12.1285 2.7564 7.4954
3.2451 -1.7827 6.1625
-4.8897 2.0593 10.2870
6.0807 -1.4231 9.6839
7.9917 -1.6579 10.3198
-3.8961 -0.8399 5.0839
7.1305 -1.9012 9.3375
-2.7193 1.0674 9.5640
3.1434 -2.0458 5.4409
6.6434 0.8199 14.4783
6.5043 -1.9150 8.9484
7.3685 -1.6578 9.9599
11.4287 1.1326 17.8651
3.5966 -2.7223 5.6604
7.2646 -1.9150 9.3873
3.4480 -2.7413 5.5367
-17.9200 3.6203 5.8719
-0.2800 -1.0246 6.8044
-9.1203 0.7619 5.2584
1.2155 -2.9650 3.8017
4.4573 -2.8193 5.9642
10.2566 1.1326 17.1882
-1.9804 -0.7836 6.3025
4.5593 -1.9382 7.0719
6.5657 -2.9314 6.9585
1.0298 0.2416 10.0839
3.3774 -2.7476 5.4835
-0.2479 -1.9417 4.9954
1.7129 -2.6895 4.6379
0.3333 -0.5717 8.0610
-6.9444 4.3763 13.7172
5.6589 1.6383 15.5404
3.0108 -2.7413 5.2843
8.9233 -0.3699 13.4243
4.8782 1.9705 15.7515
4.3112 -2.1266 6.2082
1.6364 -2.4669 4.4119
7.2419 -0.7841 11.6278
4.9582 -1.8217 7.3595
2.7490 -1.5161 6.3826
2.3574 -2.8305 4.7292
1.5586 -2.7027 4.5225
-19.9871 4.2135 5.8602
2.0371 -2.7900 4.6249
11.7704 2.6481 21.0822
2.0725 -2.3136 4.5589
6.0513 -2.1631 8.1924
2.6567 -0.4047 9.7355
-9.4449 1.5607 6.6627
8.1788 -0.7259 12.2848
5.9078 -1.8150 8.8032
-2.0747 -1.3830 5.0537
4.3085 -1.6168 7.5375
-0.8788 -1.7382 5.0366
3.9853 -2.9262 5.4785
1.0229 -2.6624 4.2934
1.8917 -1.7461 5.5252
-5.0784 -0.7253 4.6295
-3.1062 -1.4988 4.2272
5.4097 -2.9264 6.3010
0.8220 -2.8132 3.8768
1.4079 -2.8954 4.0514
5.1813 2.6480 17.2765
3.5943 -2.2016 5.5587
2.6089 -0.9740 8.5737
10.0547 1.0671 16.9411
3.1529 -2.6556 5.5370
6.3475 -2.6490 7.3953
5.2704 -1.6240 8.8156
6.9575 -1.0743 10.8853
5.3361 -2.1909 6.8340
3.2900 -2.8691 5.1908
4.6912 -2.8419 6.0543
-0.0572 -2.4557 4.0813
-2.5371 -1.0979 5.3547
-11.6560 2.1505 6.5610
4.2462 -2.9008 5.6798
3.6498 -1.8642 6.4192
0.1056 -2.6485 3.7914
1.0246 -1.7383 5.4888
7.0268 -1.9688 9.1428
3.6788 -2.1505 5.7539
-7.5292 -0.0645 4.5308
2.8747 -2.9059 4.8777
4.9707 -1.7136 7.6055
5.0541 3.9072 19.7121
4.6974 -0.1594 4.8482
4.8614 -2.4652 6.2693
5.1256 -2.8136 6.3615
2.9410 -0.9740 8.7654
1.9799 -2.2953 4.5500
5.5154 -1.8443 8.5181
5.5438 -2.3309 6.7294
6.6150 -0.2229 12.3841
-1.3323 -2.1847 3.8850
4.5457 0.5849 5.5365
5.7587 4.7203 21.7392
-4.7897 2.6479 11.5177
3.2089 -2.4647 5.3145
1.2120 -1.8523 5.1082
7.0786 -2.5143 8.0859
4.4442 -2.8419 5.9117
1.9906 -1.6238 5.8509
-1.7620 -1.3830 5.2343
-6.8219 0.1955 5.4574
-6.5785 1.0674 7.3353
7.0981 -2.1519 8.8193
4.5585 -1.8996 6.8242
1.7321 -2.2829 4.5692
4.0663 1.1998 13.7467
4.3029 -2.0166 6.4387
4.6554 -0.2714 5.1048
1.9759 -2.9458 4.2790
3.6566 -2.4771 5.5731
2.5672 -2.8528 4.8059
3.3387 -2.7413 5.4736
5.8942 -1.7542 8.9163
4.5606 0.7057 5.5075
-4.9659 0.8799 7.8929
6.1465 -0.9219 10.7206
0.6296 -0.5717 8.2321
1.0067 -2.8743 3.8618
-0.6070 -0.3337 7.9922
5.3089 -2.0983 7.0585
-1.4800 -0.2602 7.6344
4.1266 -1.8963 6.3060
8.4321 -1.4427 11.0029
1.6339 -2.9650 4.0432
5.0579 -2.9412 6.0682
6.3740 -0.6658 11.3623
2.6319 -2.6074 5.0762
1.1042 -1.3058 5.9577
-1.7548 1.4848 10.9529
1.5219 -2.3072 4.6212
3.6918 -2.7600 5.6404
4.3719 -2.4020 5.9254
-9.3730 0.5942 4.7785
7.0900 -1.4426 10.2279
6.1270 -2.8640 6.8395
4.7044 -2.9111 5.9239
4.2080 -2.8638 5.7316
6.7775 -2.3579 8.2236
-1.9021 -1.9682 3.9873
4.2922 -1.4456 7.6443
-12.9527 2.7564 7.0194
-14.8549 5.2874 10.9640
-1.1555 0.4368 9.2107
1.5104 -2.2982 4.6266
5.6637 -2.2389 7.8175
9.7181 0.2414 15.1012
1.0796 -2.8954 3.8619
6.0427 -1.3113 6.4247
13.4822 4.2148 25.1927
-9.9317 2.6478 8.5478
4.3950 -1.9836 6.5289
4.7951 -2.9263 5.9461
7.1978 -2.0077 9.1641
5.7173 -2.9363 6.4587
1.6484 -2.9458 4.0900
6.3537 -2.4127 7.8697
6.5259 -2.1519 8.4889
1.8789 -0.2227 9.6492
1.1941 -2.1485 4.7092
-4.9082 -0.5392 5.0987
5.0698 -2.2081 6.6919
1.8696 -2.0539 4.9170
-1.8294 -1.4226 5.1164
1.3458 -2.1542 4.6288
6.8530 -2.2178 8.5464
1.6698 -1.2121 6.3335
0.9814 -0.0648 9.4453
3.6367 -1.3754 7.0790
2.8742 -1.3844 6.7556
4.2764 -2.7094 6.0787
-4.7403 -0.6345 5.0056
13.7662 3.9075 24.7443
0.8446 -2.8303 3.8557
-2.3333 0.5405 8.7371
3.5319 -1.9685 5.8120
-7.8477 0.1501 4.7744
-0.6644 -2.4298 3.7824
0.2419 -2.4033 4.3586
2.4371 -2.1809 4.9751
-9.6837 0.7619 4.9331
5.6412 -1.6577 8.9625
4.8038 -2.3115 6.1300
-3.5404 2.4402 11.8254
4.4601 -2.1142 6.2967
-6.9548 2.6479 10.2672
4.6801 -2.9362 5.8599
4.0926 -1.8147 6.4344
4.5735 -2.9009 5.8688
-22.5829 6.4078 8.7334
2.9731 -1.2577 6.8426
-0.8675 0.7617 10.0244
-10.7644 2.0593 6.8941
-1.2133 -0.2602 7.7884
4.9499 -2.8852 6.1173
1.5009 -2.7720 4.3511
4.4824 -0.3181 5.5539
3.1852 -2.0206 5.6061
6.1676 -1.2363 10.1064
2.3494 -2.2572 4.6965
3.7304 -0.5396 10.0870
0.8340 -0.3338 8.8243
0.8012 -2.6555 4.1791
-2.4836 -1.0738 5.4337
2.0737 -2.6761 4.8730
5.9148 -1.9969 6.7564
5.0656 -2.7414 6.4706
0.6374 -2.7658 3.8646
1.9270 -2.9310 4.2802
2.2894 -2.5150 4.8135
0.4800 -2.6554 3.9937
4.4516 -0.1895 5.2169
4.6301 -2.2692 6.1063
-0.3556 3.3534 15.4844
-3.2916 -0.4045 6.3007
7.6216 -1.0499 11.3175
0.7387 -1.6035 5.3716
0.8317 -2.6130 4.2814
-20.1178 4.3757 6.1079
-12.1957 2.9838 7.9097
-1.4635 -0.4046 7.3563
2.8327 -2.3779 5.0372
4.9658 -2.1610 6.5692
-1.0734 -0.6034 7.1854
4.7552 -2.2588 6.3531
5.0007 2.2444 16.3680
-3.3873 0.4881 8.0240
2.6917 -2.5713 5.0871
6.9531 -1.9819 9.0742
4.4483 -1.2053 8.2726
4.8375 -0.1016 5.1273
8.4915 -0.8681 12.1820
7.5236 -2.1519 9.0649
2.6369 -2.9311 4.6901
-4.9843 -0.8946 4.3466
2.8588 -0.9480 8.7697
6.5080 -2.8137 7.1597
3.2461 -2.0842 5.5414
4.0500 -2.1860 5.9210
2.1578 -2.7475 4.7793
6.3455 -2.7540 7.1848
2.9713 -2.7721 5.2001
1.2512 -2.8796 3.9924
4.2567 -1.5409 7.6466
3.7906 -2.0611 6.1003
6.9788 6.6661 26.3212
4.8196 -1.6426 7.6216
3.4332 -1.8248 6.0324
6.5031 -2.5989 7.5850
2.7601 -0.2604 10.0829
0.1677 1.8841 12.8589
0.5419 -2.7026 3.9355
1.6146 -2.9260 4.1098
5.8014 -1.6577 9.0551
12.2255 3.9074 23.8544
7.4007 -0.7552 11.7771
0.3990 -2.7411 3.7763
4.1155 -1.8200 6.6987
5.1579 -0.4173 8.0417
-2.5287 -0.8120 5.9292
-3.6144 -0.7835 5.3589
2.0237 -2.9650 4.2683
4.8957 -2.2448 6.5809
3.2921 -2.6694 5.5900
5.9941 -2.5765 7.3356
-9.3750 1.8842 7.3476
4.5820 -2.8957 5.8841
4.6174 0.5215 5.5749
4.8172 -2.8639 6.0833
-1.6550 -0.3337 7.3870
0.0121 -0.6655 7.6886
3.7543 -2.9652 5.2674
-1.7625 0.7617 9.5076
9.4198 -0.5070 13.4378
2.7367 -1.1765 7.0382
5.1199 1.8000 15.5514
5.0929 -2.8363 6.2974
1.3606 -2.7411 4.3315
3.1572 -1.7996 6.0411
2.7972 0.1052 10.8327
7.4899 -2.2597 8.8306
6.4786 -1.7229 9.3164
-6.2758 0.2892 5.9593
2.4911 -2.1659 4.8905
5.7529 -1.1687 10.0014
4.1277 1.2684 13.9190
-3.9237 -1.0492 4.6509
1.5486 -1.2948 6.0261
7.0755 -2.0939 8.9217
0.5607 -1.2260 6.0367
0.6487 -2.8190 3.7653
6.8022 -1.6241 9.7001
4.6479 -0.2402 4.8837
7.2142 2.2444 17.6464
8.8898 0.8199 15.7756
4.9678 -2.4144 6.3566
7.2879 -1.6907 9.8477
-6.6138 5.7074 16.5605
0.2916 -2.6129 3.9695
-5.6791 1.4849 8.6866
4.6957 -1.4808 7.8571
4.8954 -1.1207 8.4219
6.8084 -2.6135 7.7322
4.7303 -1.2490 8.4949
-0.6616 -1.6573 5.3232
-0.7171 -1.2793 6.0443
-2.6332 1.1328 9.7442
2.9944 -2.0351 5.5476
6.9478 -0.8952 11.2366
0.4747 -2.1848 4.9283
6.1610 -0.5720 11.4262
-8.7386 4.3762 12.6808
0.7188 -2.8016 3.8403
7.3759 -1.6908 9.8985
6.5217 -1.7697 9.2479
2.2253 -1.5870 6.2397
4.1941 -2.7476 5.9550
4.7247 -0.1331 5.0038
0.0382 -2.0572 4.9305
7.7419 2.9842 19.4252
-13.8857 3.7610 8.4823
1.8788 -2.9360 4.2425
13.1111 2.7567 22.0730
2.6428 -2.4465 4.9740
0.2414 -0.8401 7.4730
1.1651 -2.6485 4.4031
7.8759 -1.8445 9.8811
5.8213 -2.3764 7.6345
-3.4558 0.4368 7.8822
5.0740 -1.5540 8.8415
6.2481 -2.9510 6.7359
3.3783 -2.7599 5.4593
-0.2714 -2.3759 4.1166
1.7554 -0.4047 9.2151
0.6014 -2.9057 3.5651
2.4535 -1.5404 6.1265
5.2435 -1.7768 7.6374
-14.8904 4.0574 8.4926
3.0990 -2.7901 5.2380
3.9640 -2.2215 5.8634
3.9199 -1.8456 6.2758
-8.0671 0.4883 5.3216
0.8042 2.1505 13.7573
5.2934 -2.8693 6.3475
5.5838 4.7203 21.6382
-0.7967 0.8798 10.3007
-4.9816 -0.2224 5.6875
-4.0898 4.9017 16.4128
-10.6341 2.4402 7.7284
2.9481 -1.5837 6.3540
0.1598 -2.5983 3.9225
7.2027 -2.2390 8.7061
4.6772 -1.5856 7.6426
4.9125 -2.0399 6.8788
-0.6234 -0.5065 7.6383
4.8930 -2.9313 5.9927
4.3584 -0.0649 11.3955
3.6536 -1.4061 7.0285
-4.1552 -1.1910 4.2347
6.7767 -2.7031 7.5353
-0.1797 3.6208 16.1186
0.7682 -2.6057 4.2592
4.5215 -0.4062 5.5074
1.4670 -2.8636 4.1490
-1.8262 -1.8582 4.2503
4.4966 3.4850 18.5488
1.9010 -2.4804 4.5672
3.4650 -1.7752 6.4185
3.8726 -2.3016 5.5682
6.6759 -2.9462 6.9926
2.4434 -2.8191 4.8015
7.4094 -2.1058 9.0909
6.2496 -1.6907 9.2482
-4.5400 -1.1216 4.1508
6.3307 0.1951 13.0527
6.8147 -1.9556 9.0467
3.1742 -2.9652 4.9326
5.1468 0.1497 12.2784
-5.0676 0.8799 7.8342
0.1708 -2.6893 3.7476
3.5131 -1.9310 6.0994
7.5726 0.9407 15.2557
2.3875 -2.7900 4.8272
5.0095 -2.9558 6.0112
-9.8444 0.9410 5.1973
6.8056 -2.7602 7.4381
1.6327 -2.9603 4.0520
-0.8430 0.4881 9.4934
5.9239 -2.8639 6.7223
6.7300 -1.0984 10.7058
-0.2119 -1.6406 5.6163
4.0537 -2.7094 5.9501
-13.4844 5.0904 11.3631
4.5831 0.7597 5.4328
3.3951 -2.1267 5.4793
1.3787 1.1328 12.0611
1.7625 -2.3087 4.5546
-2.5486 -1.6572 4.2336
5.9453 -2.2070 8.0436
-0.4544 -2.0072 4.7457
-2.3080 0.0187 7.7120
4.3475 -1.8537 7.1777
-0.4225 0.5940 9.9473
4.1085 -2.2480 5.9854
6.9368 -2.5915 7.8502
1.2428 -2.0662 4.7513
4.1020 -1.8385 6.6294
3.3783 -2.9604 5.0599
2.6508 -2.3440 4.9085
5.1593 -2.7902 6.4275
5.6197 -1.6743 8.9171
2.4702 -2.2179 4.9206
6.7034 2.2444 17.3513
4.0005 -1.3721 7.4867
4.5655 -1.7767 7.1519
7.7480 -0.9998 11.4902
0.0640 0.1953 9.4338
5.2371 2.9841 17.9785
3.7351 -1.4045 7.0566
-17.0329 3.9065 6.9545
7.0766 1.4848 16.0533
-13.1527 3.6204 8.6254
1.2272 -2.3272 4.3277
-5.3285 -0.4729 4.9879
-19.3276 5.9301 9.6616
-1.8467 1.3388 10.6089
-12.9055 2.8683 7.2697
4.3901 -2.7476 6.0682
2.3784 -2.7349 4.9317
0.0224 -2.5454 3.9487
6.1193 -1.4231 9.7062
4.6421 -2.1750 6.3060
-1.7661 -1.5174 4.9642
-4.4329 0.5941 7.6313
7.6195 -1.3836 10.6514
3.3758 -1.6730 6.4226
4.0800 -2.8529 5.6794
2.7335 -2.1914 4.8694
6.4257 -2.4216 7.8935
4.3243 -2.2630 5.9785
2.8837 -1.0248 8.6312
6.3244 -2.8586 6.9643
-0.4310 -2.3288 4.1183
3.7374 -1.8397 6.5816
4.3335 -1.0742 9.3701
3.1518 0.0185 10.8649
5.2515 -2.5908 6.5796
3.1898 -1.7473 6.1049
6.2817 -1.2581 10.1287
5.3803 -1.8587 8.4113
5.0399 1.7181 15.3419
7.8719 0.0613 13.6761
9.1588 1.7181 17.7208
6.9305 -2.1058 8.8144
4.1750 -2.4968 5.8889
3.2387 -2.0939 5.4844
6.1288 -2.5914 7.3836
-11.7563 4.0575 10.3029
-0.9513 -1.9145 4.6435
6.0834 -1.7542 9.0255
2.9351 -2.0713 5.4514
-2.1276 -1.9943 3.8051
3.4531 -2.0505 5.6794
6.0575 -2.4562 7.6118
3.4874 -2.8851 5.2729
2.8823 -2.2412 5.1883
-7.0977 0.7047 6.3127
-2.1705 -1.1683 5.4262
3.3407 -1.5521 6.7374
2.6344 -1.0741 8.3890
4.1206 -0.3468 6.4388
-1.0251 -0.5065 7.4064
3.3922 -2.1112 5.5070
4.7849 2.3409 16.4357
5.8352 -2.9510 6.4976
0.5812 -2.8132 3.7377
1.4082 -1.5491 3.8565
-4.0737 -1.1216 4.4200
-0.0969 -2.5909 3.7890
5.2456 1.9705 15.9637
1.8117 -1.8826 5.2300
3.9033 -2.3017 5.5861
-12.7085 2.0593 5.7713
6.0745 -2.9654 6.6071
-2.1078 -1.1683 5.4624
1.5747 -0.8402 8.2429
4.9352 -1.9590 7.0391
5.5989 -2.6831 6.8949
0.2091 -2.0815 4.9809
5.6476 -2.1962 7.8933
2.2727 -2.7781 4.7847
3.1591 -2.8956 5.0625
-1.3028 3.4848 15.1991
6.3784 -2.5915 7.5277
10.6294 0.8796 16.8992
4.7616 -2.5516 6.2662
5.5463 2.1505 16.4961
5.5563 -0.8124 10.5979
5.7073 -2.4971 6.7741
2.5027 -2.7222 5.0288
4.4762 -0.3339 10.9275
7.6121 -1.8589 9.7000
-6.4910 0.8799 7.0122
2.1268 -2.2785 4.6227
1.1577 -1.7883 5.2513
5.2019 -0.1399 7.9888
1.5475 0.8200 11.5354
-5.2649 0.0188 6.0045
6.9143 -2.5302 7.9593
4.4023 -1.7065 7.1251
1.3248 -1.8025 5.3350
4.5686 -2.2633 6.0555
-0.1455 -1.5357 5.8636
5.6128 -1.6240 9.0133
-5.3260 -0.6955 4.5459
0.8373 -2.9554 3.6024
-0.4860 4.5450 17.7833
7.1551 -2.4304 8.2972
4.8725 -1.4971 7.9363
7.5677 -2.1519 9.0904
-0.4154 0.3865 9.5379
-2.4593 -0.8120 5.9693
-0.6990 -1.8293 4.9589
-2.4215 -0.6654 6.2834
4.6357 -1.9502 7.0278
8.6866 0.3370 14.6960
4.0530 1.0672 13.4750
-1.5287 -1.5890 4.9585
0.4370 -2.7348 3.8108
0.1911 -2.1170 4.8998
5.7006 -1.4806 9.3497
5.4356 -2.7477 6.6718
2.0157 -2.4050 4.6009
10.7911 3.9074 23.0258
6.8454 -2.5381 7.9038
6.5949 0.1050 13.0258
4.5907 -2.0803 6.4372
-0.9458 -1.6236 5.2263
5.6106 -2.1174 8.0289
-13.0382 1.8842 5.2319
5.6296 -2.4784 6.7148
4.6254 -1.6574 7.4910
1.6736 0.4367 10.8444
0.0582 -2.5684 3.9234
0.8607 -2.8954 3.7355
6.0306 -0.4049 11.6838
-0.8701 -0.3694 7.7690
5.0654 -2.5863 6.4626
4.7620 -2.3023 6.1128
-8.2824 0.2419 4.7063
4.2679 -0.1034 5.3479
-2.5323 -0.3694 6.8091
-1.1431 -1.9550 4.4519
4.8668 -2.9653 5.9098
0.1261 -1.8146 5.4648
4.7179 -0.3146 5.1101
4.2190 -2.9060 5.6539
-1.9614 0.7617 9.3927
2.7337 -2.0835 5.2866
1.2016 -1.3915 5.8837
4.4572 -2.8799 5.8434
2.0245 -2.1791 4.7693
-6.6916 0.3867 5.9135
2.7311 -2.1861 5.0515
2.1390 -1.0822 6.9645
0.0968 -2.4299 4.2219
6.5615 -1.4994 9.8095
-23.6551 6.6636 8.6238
2.3268 -1.6137 5.9707
4.5761 3.9072 19.4360
-1.2061 -1.7538 4.8165
2.5570 -2.8528 4.8000
3.2913 -1.5709 6.7213
5.7208 -1.9948 8.3368
7.0185 -2.7353 7.6107
2.6805 -2.1294 5.1135
0.3962 1.4848 12.1951
2.5618 -2.2991 4.8650
-3.1491 0.2418 7.6707
2.8304 -2.6829 5.2965
-2.1712 -0.6956 6.3676
-0.5173 -1.9282 4.8668
-0.6179 -1.9551 4.7551
5.9689 -2.7289 7.0174
-7.7436 3.9068 12.3201
1.3471 -2.1026 4.9452
-3.8655 -1.2135 4.3572
-4.5014 -0.7835 4.8467
7.0236 -0.8405 11.3894
-18.3391 5.9302 10.2327
6.1017 -2.7784 6.9954
-1.7837 -1.9416 4.1087
1.4021 -1.6498 3.9203
-2.7780 2.5426 12.4696
-11.8436 4.2138 10.5640
-8.2334 0.9410 6.1276
5.4652 -1.9845 7.3263
-0.4421 -2.3191 4.1313
4.3844 -2.3218 6.0369
3.4766 -2.8306 5.3754
7.0054 -2.0699 8.9290
11.2636 1.4108 18.3240
6.8634 -2.1519 8.6837
-6.5264 0.1955 5.6280
-0.4738 1.0673 10.8608
1.7914 -2.7780 4.5068
3.5680 -2.2214 5.5296
2.4135 -2.0682 5.0083
16.1614 6.6669 31.6260
0.1101 -0.2973 8.4788
-10.7344 1.4849 5.7670
0.6684 -2.8796 3.6558
1.4003 -2.4141 4.2967
3.9534 -1.3396 7.5323
3.3095 -1.1243 7.6728
2.6940 -2.6556 5.2720
3.8432 -0.2227 10.7835
3.2872 -2.7660 5.3945
1.2629 0.9408 11.6118
0.4268 -2.4558 4.3608
-3.0562 -1.1217 5.0076
8.4179 2.4403 18.7320
5.6537 -1.3428 9.5973
-0.7645 -2.4032 3.7775
-11.8867 5.2876 12.6786
6.1576 -2.7903 7.0039
4.9830 -1.0991 8.3959
9.1312 4.2147 22.6794
4.5773 -2.5517 6.1600
3.3486 -2.8473 5.2681
3.7054 -1.7797 6.6725
11.9961 2.6481 21.2125
4.3393 -0.1248 5.3860
1.8012 -2.9360 4.1977
4.6039 -2.4956 6.1338
3.9517 -2.5884 5.8243
4.1447 -0.2814 5.9955
0.0628 0.9409 10.9187
7.2306 -0.8405 11.5089
1.3979 -2.8690 4.0984
3.8955 -2.7901 5.6979
1.9948 -2.8304 4.5198
2.9082 -2.7286 5.2502
4.6837 -1.2230 8.3387
-2.1688 -1.7537 4.2607
4.4395 -2.2195 6.0616
1.9321 -2.8191 4.5063
2.9860 -1.2744 6.8182
2.8350 -2.3274 5.0036
-0.2035 -1.6739 5.5548
4.5586 -2.8078 6.0457
2.3990 -2.5897 4.9308
3.8249 -2.9460 5.3466
-17.3901 5.2872 9.4996
5.8777 -1.9072 6.7118
3.7439 -2.6963 5.7973
5.7439 -2.3010 6.8655
8.2009 -0.7553 12.2391
4.7335 -2.1238 6.4858
-3.1274 -1.4420 4.3282
2.0811 -0.8122 8.5911
4.3398 0.2161 5.4216
1.0371 -2.7092 4.2084
6.3260 -2.9607 6.7618
8.7809 -0.2977 13.4859
6.4065 -2.8694 6.9901
7.4320 -2.1963 8.9236
-0.3956 -2.1957 4.4040
-3.7534 0.1054 7.0499
8.3428 -1.3836 11.0690
5.3292 -0.1453 11.7959
4.1202 -0.2605 10.8683
-0.2109 -1.8726 5.1545
5.0826 -0.7525 8.2220
4.2257 -1.1661 8.2098
1.5348 0.5940 11.0776
6.1310 -1.5895 9.3813
-1.0781 -1.3830 5.6292
-1.0262 -0.3337 7.7501
5.7595 -2.7540 6.8465
-11.9496 2.1505 6.3914
2.6705 -2.0032 5.4461
4.0561 -2.9460 5.4801
4.6007 -2.2334 6.1588
6.2865 -2.8801 6.8996
-0.2871 -2.4210 4.0177
5.7599 -0.4734 11.3910
0.6608 -2.9505 3.5101
6.7034 -2.9559 6.9893
-7.9936 0.7619 5.9091
0.3170 0.1498 9.4893
6.2580 -2.7096 7.2228
6.6102 -1.1688 10.4964
7.7537 -0.7552 11.9809
-15.9731 3.2260 6.2106
5.4698 -1.7228 8.7339
4.6880 -2.8250 6.0861
3.4488 -2.7661 5.4878
5.4954 -2.7288 6.7440
1.1759 -2.1609 4.6919
-4.7664 -0.2224 5.8118
1.0520 -0.9480 7.7264
2.8923 -2.8744 4.9505
-0.9163 -2.2693 3.9566
-2.3231 2.9840 13.6119
-1.4507 -0.0234 8.1232
7.7612 -0.8681 11.7604
4.6782 -2.2823 6.0744
-4.5895 -0.5063 5.3481
6.9886 -2.6420 7.7794
4.7834 -0.2390 5.5980
6.9097 -2.8195 7.3802
2.0127 -2.2628 4.5791
12.0412 2.6481 21.2386
3.8598 -2.1568 5.9590
4.0871 -0.3104 6.1493
-1.5907 0.4368 8.9593
4.8112 -1.5633 7.8354
5.7973 -2.2596 7.8534
2.2857 -2.2336 4.7893
1.6351 -2.3403 4.4339
15.1424 4.7207 27.1596
-4.0729 0.1500 6.9543
3.4564 1.0672 13.1305
6.0525 -2.7540 7.0156
14.1983 4.2149 25.6063
17.7863 6.6670 32.5647
4.4521 0.1252 5.4157
6.1186 -1.2402 6.3689
-0.1144 -0.9738 7.0012
-2.1018 -1.7063 4.3938
-16.7251 5.4926 10.2928
3.9088 -1.5303 6.8799
-4.3500 0.3373 7.1676
4.1986 -2.0425 6.0826
-1.7789 2.7565 13.4730
2.8307 -2.1955 5.1714
14.0319 3.9075 24.8978
3.3925 -2.4970 5.4378
-1.7293 0.7617 9.5267
2.6825 -2.7959 4.9857
-0.2281 1.0673 11.0026
3.0507 -0.4733 9.8265
6.9057 -2.6765 7.6628
-5.9860 -0.2601 5.0324
3.4141 -2.4281 5.4051
-1.9090 -0.3694 7.1691
4.5852 -0.2811 5.2668
5.8284 -1.8000 8.7871
5.4453 2.5426 17.2190
-0.7449 2.2444 13.0496
4.2358 -1.8358 6.7701
0.1476 -2.7410 3.6311
4.6819 -0.2420 4.8986
4.0089 -0.3569 6.6924
6.1369 1.1327 14.8090
3.3999 -2.7599 5.4718
1.9603 -0.9996 6.8611
6.1750 -0.4394 11.6983
5.7553 -2.2568 6.9247
1.3698 -2.7659 4.2875
-0.5741 1.1328 10.9333
-4.7154 0.3374 6.9566
3.3498 -2.4076 5.3486
0.0378 -2.3667 4.3136
5.3966 -1.6240 8.8885
7.8654 0.2887 14.1256
3.0419 -2.9361 4.9141
-0.3397 0.0615 8.9341
-2.7702 -1.3627 4.6924
3.5755 -1.2614 7.2622
-4.6171 2.2444 10.8132
8.0183 0.8796 15.3913
1.9952 -1.5833 5.6753
2.0163 -2.1214 4.9097
4.8310 -2.3540 6.2208
3.6393 -2.0108 5.9307
-0.7168 2.9840 14.5397
4.9065 -1.6121 7.8449
1.2560 -1.4537 5.7793
4.7122 6.9343 25.5464
-0.8817 -2.3942 3.7278
-16.9190 4.9010 9.0020
5.6678 -2.8194 6.6632
0.6704 -2.9505 3.5156
-11.0754 2.7564 8.1036
8.9928 -0.5069 13.1913
-1.6398 -1.9416 4.1918
6.6126 -2.7353 7.3764
2.9191 -1.4269 6.6401
-4.6823 0.5406 7.3807
11.0045 6.4105 28.1368
-9.2094 1.0675 5.8159
1.8332 -2.0247 4.9393
0.1548 -0.5066 8.0877
10.7124 4.7205 24.6006
7.5113 -1.5542 10.2489
0.4261 -0.9410 5.6604
7.2355 -0.6351 11.9211
3.2494 -1.7713 6.1865
4.8765 -2.8419 6.1613
0.2062 -2.0573 5.0275
4.5042 -2.8363 5.9575
4.2682 -2.9263 5.6419
7.6292 -1.4618 10.5010
-0.5727 -1.5357 5.6170
7.2955 -0.6961 11.8341
2.9287 -1.7283 6.1126
-2.7282 -0.5716 6.2931
7.8467 -0.7259 12.0930
2.2851 -0.1843 9.9602
3.4302 -2.8362 5.3374
4.4826 0.3371 12.2682
3.7949 -0.3339 10.5341
5.5560 -1.8871 8.4562
5.7589 -2.2493 7.8518
0.3574 -0.1842 8.8470
6.9167 -2.4898 8.0411
4.1141 -0.4733 10.4406
4.7087 -0.1969 4.9118
-11.6597 6.6646 15.5536
2.8458 -2.8076 5.0567
3.5121 -2.9212 5.2154
-2.2835 0.2417 8.1705
3.8038 -1.6348 6.6281
1.5220 -2.2058 4.5972
1.9192 -1.5522 5.9186
3.2445 -2.2137 5.1922
1.9717 -2.6828 4.8007
4.6098 -2.8020 6.0868
5.6930 -2.1404 8.0306
-9.0744 0.6489 5.0598
0.2166 -0.1053 8.9229
0.2609 -2.6893 3.7996
3.9541 -1.7751 6.4518
5.6633 1.3387 14.9461
4.2011 -1.1465 8.2425
4.7152 -2.8020 6.1477
-0.6508 0.5405 9.7088
9.6206 -0.5070 13.5538
3.4625 0.2889 11.5830
-2.2983 1.0673 9.8071
5.9487 -1.7041 6.5881
8.5614 -0.9999 11.9599
8.0818 3.9073 21.4609
2.1082 -2.5873 4.7579
3.2703 -2.1810 5.3139
6.7000 -2.1743 8.5448
7.3373 -2.3948 8.4734
6.3291 -2.9462 6.7924
2.5434 -1.3169 6.6580
8.4400 -1.5180 10.8574
4.4156 -1.3662 7.9082
0.8820 -2.8689 3.8005
4.1936 -2.8135 5.8234
4.5660 -2.1210 6.3371
-5.4190 0.1500 6.1769
6.8613 -2.1175 8.7511
4.5932 -0.1796 4.9312
1.3444 -1.9985 4.1238
5.3278 -2.0188 7.1485
-9.7964 1.3389 6.0178
0.9115 -2.7899 3.9750
-8.9100 1.5607 6.9716
-9.7356 3.1030 9.5681
6.2005 -0.4395 11.7131
8.1171 -1.6411 10.4255
-0.0027 -1.8868 5.2466
-1.5100 -0.6347 6.8710
-3.3138 1.7182 10.5174
1.4934 -1.2433 6.0744
6.8819 -2.5989 7.8037
-5.0426 2.2443 10.5675
1.8371 -2.8075 4.4743
3.3144 -1.6100 6.5136
0.4965 -2.2173 4.8762
9.0033 6.4103 26.9807
2.0347 -2.1540 4.8158
3.1145 -2.9161 4.9958
12.0501 4.2148 24.3655
1.5824 -2.9506 4.0421
6.7023 0.2415 13.3597
6.3900 -2.9214 6.8769
-0.3690 -2.3479 4.1161
6.5881 -1.8298 9.1665
1.2448 -1.7362 5.3858
3.6194 -2.7901 5.5384
-0.8915 -2.3288 3.8525
2.8144 -2.2062 5.0868
7.6755 0.9407 15.3151
14.4414 3.6212 24.5637
-14.1548 4.2137 9.2290
0.2127 -2.4727 4.2035
8.4264 -1.0251 11.8317
-0.0188 -2.4810 4.0532
3.2668 -2.7350 5.4446
4.3830 -1.2967 8.0280
5.4713 -2.9163 6.3566
5.4630 -2.9112 6.3619
0.1116 -2.6759 3.7401
0.6411 -2.8471 3.7048
5.9749 -1.7021 6.5943
6.4957 -1.5179 9.7347
4.4275 -2.8529 5.8800
6.0711 -1.2797 9.9640
4.3824 -1.9313 6.6025
10.3985 1.8841 18.7675
3.7718 -2.0969 5.9302
-12.6477 6.6645 14.9828
2.9776 -2.9604 4.8286
4.5553 -0.2769 5.3306
3.6048 -2.9262 5.2588
4.6644 0.3086 5.4423
5.9259 -1.7164 6.6279
-0.9816 -1.5890 5.2744
15.3173 4.7207 27.2606
3.6069 -2.8956 5.3210
4.5744 1.1327 13.9066
1.3716 -2.0325 4.8622
-19.7215 6.9321 11.4307
-2.5443 -1.3423 4.8636
1.5896 -2.2827 4.4864
4.1087 -2.8306 5.7403
1.9180 -1.5404 5.9658
4.0013 -1.6516 6.9698
-3.3245 0.4881 8.0603
11.3387 2.1506 19.8415
3.3627 -2.2202 5.3094
3.3297 -1.3742 7.1292
-13.3652 1.9705 5.2152
9.3687 1.1326 16.6754
4.2620 -2.7782 5.9332
4.5826 -0.1935 5.0200
3.6670 1.7181 14.5491
0.4418 -2.7156 3.8518
5.6166 -2.9214 6.4304
5.9022 -1.7175 6.6691
1.1647 -0.7549 8.1761
9.7592 -0.2977 14.0508
1.2827 -1.4962 5.6784
-0.1744 -2.5217 3.8822
-13.2049 2.0593 5.4846
-0.3783 -2.4642 3.8790
1.9627 -1.2802 6.6978
5.5455 -2.3929 6.6097
2.7461 -2.8637 4.8875
4.4809 0.3194 5.4186
6.1031 -1.5178 9.5080
1.5122 -1.3867 3.8317
-15.8737 3.3531 6.5213
3.8743 -2.9212 5.4244
2.8901 -2.8417 5.0144
6.1407 -2.5914 7.3905
9.3855 6.1659 26.7143
8.8746 -0.4735 13.1896
2.2764 -1.5466 6.0767
3.6841 -2.0528 5.8658
3.5868 -1.9047 6.2194
0.5879 -2.5532 4.2598
3.1868 -0.2604 10.3293
5.3395 -1.1221 9.8555
1.9050 -1.2429 6.3027
5.8214 -1.1456 10.0870
5.2084 -2.1896 6.7565
2.9837 -2.1242 5.4342
4.9280 -0.6657 10.5273
1.3763 -1.5974 5.5534
6.9610 -2.4038 8.2381
3.3350 -2.8135 5.3277
4.7364 -1.5909 7.7204
8.5599 -0.8681 12.2216
3.9164 -2.8529 5.5849
4.3883 -0.3240 5.4319
4.7891 -2.2047 6.3648
7.1410 2.8686 18.8480
0.3976 -0.6655 7.9112
-0.8351 -2.2995 3.9435
2.1962 -2.1269 4.9465
5.3884 -2.3816 6.5211
1.0717 -0.2226 9.1830
-1.0432 -1.0494 6.3142
4.6693 -2.1183 6.5191
4.9038 -0.1337 5.1059
6.8644 1.4108 15.7834
1.8655 -1.7106 5.5854
-0.1619 -1.4613 6.0023
3.3036 -2.8135 5.3095
3.2622 -2.7413 5.4294
3.6643 -2.8692 5.4069
5.5650 -2.0576 8.1217
-0.2483 -2.4557 3.9710
3.8553 -2.1480 5.9708
0.6640 -2.9209 3.5709
2.0718 -2.7222 4.7800
2.4317 -2.0930 4.9353
2.5299 -2.9311 4.6283
1.0475 -1.6808 5.3502
1.7928 -2.5689 4.5631
-3.4079 -1.1910 4.6662
3.6763 -1.3128 7.2452
6.3605 -2.8640 6.9743
1.8134 0.0615 10.1775
-0.7015 0.2417 9.0841
-0.3670 -2.5453 3.7239
1.6704 -1.7134 5.4903
4.6840 -2.0384 6.6351
4.0481 -2.7782 5.8097
10.4192 3.9074 22.8110
-0.1197 -2.1514 4.6517
-2.9537 -0.8400 5.6280
3.1554 -2.8305 5.1899
5.2751 -2.7962 6.4827
2.8428 -2.2270 5.0596
6.0534 -2.5988 7.3253
3.4680 -2.9161 5.1999
4.9358 -1.9796 7.0008
8.0997 -0.0237 13.6383
9.7622 -0.0238 14.5983
6.4574 -2.6696 7.4176
6.0340 1.8000 16.0793
-1.7614 0.3373 8.6624
-9.8038 4.3761 12.0655
2.7653 -2.7028 5.2192
10.3249 3.7617 22.4664
1.5592 -1.3109 5.9937
-0.5539 -0.9479 6.7991
2.7761 -0.8123 8.9924
4.4803 -1.9220 6.6815
1.0162 -2.9359 3.7445
3.0337 -1.6041 6.3079
-1.5862 -2.0933 3.9204
3.0767 -2.8851 5.0358
3.2319 -1.6305 6.4942
5.3444 -2.2699 6.6881
3.1676 -1.8101 6.0238
1.8287 -2.7221 4.6397
9.2406 -0.8126 12.7253
-16.4932 2.9837 5.4276
4.2001 -1.1455 9.1509
2.5422 -1.9832 5.4026
-7.1619 -0.1839 4.5049
6.9168 -1.6410 9.7325
7.7284 0.5938 14.6544
-4.5575 0.2891 6.9516
4.9141 -0.1548 5.6544
2.6258 -1.5105 6.2609
2.1677 -2.1031 4.9810
1.1737 -2.1286 4.5820
2.9389 -2.1070 5.2718
-2.2382 -1.0979 5.5273
10.3789 3.1034 21.1858
3.1041 -1.4663 6.7865
7.1289 -2.0330 9.0739
-10.4554 3.1030 9.1523
2.4006 -1.8726 5.6647
4.5536 -0.2977 5.7263
-5.1901 0.5406 7.0874
1.2829 -0.9995 6.4400
4.7370 0.1497 12.0417
5.3386 -2.7962 6.5193
-4.9346 -0.6345 4.8934
7.0651 -1.0743 10.9474
-2.1677 -1.9416 3.8870
7.2478 -0.8125 11.5746
12.6633 2.2444 20.7935
8.4241 2.5427 18.9395
3.7204 -2.0571 5.9485
9.3514 4.2147 22.8067
-5.7588 -0.4729 4.7395
5.0297 -1.6672 7.6715
-4.3187 6.6652 19.7945
4.1955 -1.7366 6.8923
4.6199 0.1497 11.9741
3.1498 -2.3007 5.1783
5.8168 -2.8137 6.7606
4.9222 -2.3474 6.4459
1.5460 -1.0597 6.4574
5.3017 -2.7030 6.6837
-0.4026 -0.3695 8.0390
-3.9041 -1.1216 4.5180
3.3219 -2.9262 5.0955
0.7674 2.8685 15.1668
2.0165 -2.7285 4.7354
-3.2102 -0.6346 5.8892
5.3762 -2.3756 6.4996
4.3160 1.8841 15.2546
6.8159 -1.7387 9.4797
3.3469 -1.7988 6.0705
7.5529 2.9842 19.3160
-0.2249 0.0615 9.0004
4.7037 -0.1482 4.9938
2.8815 -1.7336 5.9355
-6.9724 -0.2600 4.4627
3.0784 -1.1640 7.4793
-13.0631 5.4928 12.4082
6.8320 -2.8421 7.2904
3.7631 -2.0139 6.1709
-4.2032 2.6479 11.8564
-0.0070 2.0593 13.1070
4.3326 -0.0364 5.3732
5.4865 -2.7601 6.6766
-0.8182 -0.3695 7.7990
1.9887 -0.8949 8.3730
5.9299 -2.9214 6.6113
4.2695 -0.9741 9.5326
5.0936 -1.5178 8.9251
3.3662 -2.4794 5.4107
-2.5664 0.1954 7.9148
3.2883 -1.8734 5.9076
6.4319 -1.9287 8.8793
6.3457 -2.3000 8.0896
6.6987 -0.8952 11.0927
-2.9068 6.6653 20.6102
5.1555 -1.4034 9.1889
-1.9167 -1.3216 5.2673
6.5862 -2.8195 7.1934
5.7914 -2.1265 6.8619
3.9914 -2.1774 5.9376
6.0842 -2.0577 8.4214
-10.8968 2.4402 7.5767
6.3345 -2.8586 6.9702
3.3913 -1.6620 6.4649
2.1620 -2.4960 4.7252
3.9857 -2.3025 5.6652
1.6177 -1.6505 5.5871
-9.2945 1.8842 7.3941
3.0032 -2.1841 5.2743
-0.5073 0.1053 8.9245
-4.4974 -0.2224 5.9671
-3.0002 2.2444 11.7471
-3.4761 0.5406 8.0772
6.0312 -1.8001 8.9042
3.3598 -2.8583 5.2527
3.1780 -2.9604 4.9442
5.3770 -2.7662 6.6012
2.0842 -2.4444 4.6468
4.4580 0.8797 13.3353
7.8912 0.4878 14.5373
6.5427 -2.8854 7.0369
-0.7654 -1.3831 5.8098
6.5125 -2.8958 6.9987
4.6722 -2.0144 6.9296
5.6609 -2.8364 6.6253
3.7459 -2.7600 5.6716
2.6796 -2.8528 4.8709
-2.0251 0.2890 8.4140
0.8039 1.7181 12.8955
3.3334 -1.1981 7.4344
2.0363 -2.8248 4.5551
6.0275 -2.9363 6.6378
5.4114 -2.3000 6.6378
6.9874 -2.4304 8.2003
-12.4841 5.7070 13.1695
2.2114 -1.3045 6.5727
0.3375 1.5606 12.3123
3.0964 -2.0026 5.6378
1.3791 -2.1399 4.8860
-2.1896 4.0578 15.8287
5.5106 -2.9163 6.3793
-4.1575 -0.6345 5.3422
6.7245 -2.8748 7.1631
1.4716 -1.4644 3.9025
0.6059 -0.9479 7.4688
5.7234 -2.3338 6.8084
5.6861 -2.7478 6.8164
-5.6845 -0.6955 4.3388
7.8487 0.8796 15.2934
0.4994 -0.5897 5.4682
-8.2892 3.3532 10.9020
6.4074 0.0613 12.8304
2.5789 -2.9555 4.6079
-3.7689 -0.1841 6.4642
8.5527 -0.2229 13.5030
0.8719 -2.9108 3.7112
-1.4591 0.7046 9.5690
-4.0175 1.0674 8.8143
-4.8960 -0.9736 4.2401
4.9590 -0.1596 5.1323
2.2663 -2.8797 4.5784
7.9521 -1.4035 10.8037
0.4004 -2.6691 3.9204
-0.9022 -1.3830 5.7308
2.5534 -1.3505 6.6100
6.9215 3.1034 19.1889
3.5754 -2.6068 5.6194
0.0632 -2.5375 3.9879
1.0551 -2.8360 3.9660
2.2341 -2.7475 4.8233
5.8556 -2.6898 7.0298
-0.6892 -1.4030 5.8140
-1.3927 -2.0814 4.0560
-1.5701 -0.1841 7.7340
0.6744 -0.0648 9.2681
7.8230 -0.7259 12.0793
0.7111 -2.6894 4.0595
4.0275 -2.2237 5.8704
3.8001 -1.3076 7.5420
0.3825 -2.2173 4.8103
4.8062 -0.1281 5.0635
1.7337 -1.5070 5.7146
10.6503 3.4851 22.1031
2.9954 -2.1377 5.3600
-5.5354 0.0617 5.9338
0.6932 1.3388 12.0757
-2.0513 2.4403 12.6854
4.2941 0.2077 5.3996
3.0646 -1.9378 5.6349
2.4118 -0.7550 8.8962
-3.7582 -0.8399 5.1635
7.1364 -2.3197 8.5070
-1.3737 -1.6573 4.9121
9.1157 6.1658 26.5584
0.2683 -2.7839 3.6155
4.8963 -0.2404 5.1146
5.7015 -2.0076 8.3001
5.4906 -0.7840 10.6166
1.1544 -2.7659 4.1631
2.1221 -2.0222 5.2013
0.6496 -0.2335 5.3337
-6.4163 3.9068 13.0867
12.0956 5.0918 26.1394
4.2286 -2.8852 5.7009
2.5249 -2.2129 4.7440
8.6194 0.2887 14.5610
-0.8996 -1.8293 4.8431
4.8735 -2.9313 5.9814
4.5516 -1.8736 7.1427
3.1230 -1.9488 5.7695
0.0936 0.1953 9.4509
-2.1604 -1.3628 5.0445
3.7030 -2.2144 5.4588
0.2964 0.2890 9.7547
0.0868 -2.6415 3.7944
-5.8727 -0.6032 4.4140
1.9185 -1.7268 5.4290
4.1499 -1.7944 6.7474
3.4808 -0.4048 10.2114
3.9951 0.4879 12.2873
5.4804 -2.8530 6.4879
2.4135 -2.8134 4.7957
3.7021 -2.8904 5.3864
0.0022 -2.4122 4.2024
4.7642 -0.2136 4.9812
3.4068 -0.5395 9.9001
6.0636 0.9407 14.3842
5.5058 -2.9009 6.4071
2.8401 -2.0194 5.5010
5.1441 -2.2922 6.5635
8.3745 -1.0985 11.6554
-4.7124 2.3409 10.9506
-0.5529 1.4109 11.4998
-0.7614 -1.5715 5.4366
0.4323 -2.4299 4.4156
5.6125 -1.7068 8.8481
3.7310 -2.1020 5.7945
-10.9482 3.6205 9.8988
7.8284 -1.6070 10.3268
4.9465 -0.2228 11.4206
3.4208 -0.9789 7.7251
5.6919 -1.9286 8.4520
6.8314 -2.7663 7.4409
4.5130 0.3371 12.2858
10.0257 0.0612 14.9198
2.3333 -2.7959 4.7841
6.2295 -2.8079 7.0104
4.0596 -0.3511 6.5599
12.5201 5.0919 26.3846
6.9577 -2.2284 8.5857
4.9510 -1.4730 8.1199
-3.2203 -1.0979 4.9602
0.1784 -2.5684 3.9929
2.4589 -2.1589 4.8173
4.6277 0.3002 5.4436
-0.4530 -1.9282 4.9040
2.5546 -1.6575 5.9522
2.5072 -2.9410 4.5955
12.9464 2.3410 21.1494
5.4023 -1.9286 8.2848
1.7909 -2.6828 4.6963
1.1269 -1.6030 5.5912
2.3857 -1.3537 6.5593
4.7755 -2.1091 6.7890
-0.8863 0.0187 8.5330
2.5307 -2.7027 5.0837
3.2580 -2.8583 5.1939
2.8586 -2.0233 5.3797
14.4047 6.9351 31.1459
2.1969 -1.8126 5.4018
5.8953 -2.7844 6.8643
-1.6647 -1.9682 4.1244
4.3129 -2.5865 6.0287
3.8141 -2.2730 5.5826
5.8829 -2.2900 7.8422
4.8827 -2.7843 6.2797
0.9572 -2.9057 3.7706
4.4049 -2.1495 6.2510
-2.0098 4.3765 16.5675
6.5152 -2.5689 7.6516
1.6090 -2.5860 4.4669
1.7733 -1.3501 6.1542
8.3548 -0.3341 13.1672
1.4716 -1.4103 3.9025
0.9864 -2.8581 3.8823
5.1374 -2.3543 6.3984
3.2880 -2.1755 5.5260
3.8372 -2.1946 5.6793
5.6029 -2.9558 6.3538
5.0124 -2.0657 6.8728
-1.1522 -1.4613 5.4305
1.5278 -1.8046 5.2060
2.8311 -2.2276 5.0547
4.8903 -2.7351 6.3820
0.6364 -2.7779 3.8399
6.5482 -0.1845 12.4220
-5.0201 4.7197 15.5130
8.0399 -0.3698 12.9142
-0.7666 -2.4210 3.7409
4.8753 -0.2634 5.1054
2.8631 -1.1401 7.2231
8.9119 0.2414 14.6356
2.7789 -1.3942 6.5961
6.0691 -2.2177 8.0937
1.7272 -2.8416 4.3430
5.2496 -2.9509 6.1595
10.4174 0.3862 15.7936
6.4247 -2.8252 7.0888
6.6374 1.2684 15.3684
-1.1217 -2.3288 3.7196
3.6178 -1.7978 6.5435
-2.7971 -0.1052 7.1826
3.5733 -1.9371 6.0392
6.7840 4.9023 22.6940
3.3330 -2.2192 5.2896
4.4972 -2.7414 6.1425
5.5955 -1.9948 8.2644
6.2211 0.8797 14.3535
4.8308 -2.8957 6.0277
-2.4077 -1.0493 5.5263
5.0403 -1.3010 9.3264
1.3775 -1.9377 5.0916
7.9343 -0.2606 13.0708
2.6048 -2.4813 4.9756
-9.5857 1.1999 5.8626
7.4622 -0.9998 11.3252
3.1578 -0.5395 9.7564
-1.4108 -1.8725 4.4617
4.4307 -1.8607 6.9289
6.8281 -2.3765 8.2157
5.4992 -2.8585 6.4879
7.7823 3.2265 19.9314
4.6587 -2.7288 6.2609
1.5006 -1.7473 5.3068
6.6456 -2.2284 8.4055
9.1765 3.7617 21.8031
3.6472 -2.9411 5.2538
4.4515 0.0963 5.4184
0.7472 -2.9505 3.5600
6.9294 -2.2284 8.5693
5.1176 4.7202 21.3689
-18.3707 3.7608 5.8917
2.2845 -2.2416 4.7769
4.6510 -1.9610 7.0154
6.1617 -2.7844 7.0182
-0.8474 -2.2795 3.9762
5.4171 -2.2754 6.7809
-12.9995 4.7194 10.9037
1.8603 -2.7027 4.6967
-0.8052 -1.6739 5.2073
-0.2482 -2.3479 4.1858
4.2169 -2.9212 5.6222
3.1671 -1.8493 5.9959
-0.6767 1.1998 11.0076
6.5051 -1.4994 9.7769
-18.2040 6.9322 12.3073
-3.0884 -1.2357 4.7617
-12.6022 3.3531 8.4109
-3.5269 -1.4225 4.1363
1.5049 -0.9996 6.6117
3.1901 -1.2560 7.3181
5.1466 -1.1687 9.6513
0.3303 -0.1842 8.8314
-2.1657 2.3409 12.4214
4.1451 -1.9869 6.1846
5.5819 -1.8443 8.5565
4.4946 0.1979 5.4458
-0.1235 -2.3384 4.2768
10.9355 6.4105 28.0969
4.6945 -0.3546 5.5659
-6.6483 6.6650 18.4487
4.5459 0.4506 5.5356
-13.9565 3.4845 7.8904
-1.2386 1.8000 11.8791
-9.4431 0.5407 4.6314
-7.9805 1.4849 7.3574
3.5520 -2.4983 5.5328
5.8950 -2.1518 8.1246
3.0130 -2.0451 5.5456
-3.3898 -0.5392 5.9755
2.8743 -2.3497 5.1110
1.6589 -2.9058 4.1758
0.5985 -2.6894 3.9945
-3.7050 -1.0244 4.8266
7.0665 -0.9998 11.0967
4.8969 -0.1491 5.1030
5.3490 -2.6898 6.7373
-6.5835 -0.3692 4.4697
7.0006 -0.8405 11.3761
0.0086 -1.7693 5.4872
9.1354 0.0612 14.4057
6.2885 0.1496 12.9377
-13.5450 5.0904 11.3281
-8.1516 0.1956 4.6895
8.5290 -0.4050 13.1265
-1.3629 -1.0980 6.0327
2.3209 -1.7136 5.7684
7.6770 -0.0237 13.3942
1.4216 -2.7598 4.3296
5.9268 -2.0699 8.3062
-1.4875 -1.1218 5.9134
4.1513 -1.4251 7.5403
3.7100 -1.4620 6.9127
-14.9319 3.3531 7.0652
-19.0496 3.9064 5.7896
-1.7999 -0.7548 6.4642
1.9307 -2.7840 4.5753
0.7126 -2.5760 4.2862
0.2386 -1.9282 5.3033
6.9266 -2.5302 7.9664
-7.4965 0.7618 6.1962
4.5968 -0.2969 5.1572
8.1854 -1.6908 10.3660
6.3243 -2.2901 8.0970
3.4492 -1.7562 6.3036
7.0839 -1.9949 9.1239
1.5634 -1.3119 6.0131
2.7261 -0.1452 10.2927
2.6225 -2.0851 5.1006
-3.9068 1.4110 9.5628
5.3552 -1.8672 7.4943
5.2375 -2.8363 6.3808
1.5007 -1.7401 5.3585
8.7542 -0.5721 12.9236
6.1821 -2.6898 7.2183
4.9555 -2.7095 6.4707
1.1761 -2.1106 4.6666
8.1451 -0.3341 13.0462
2.5042 -2.8582 4.7586
-7.4129 0.1955 5.1161
3.6486 -2.7600 5.6154
6.2397 -2.9010 6.8308
-5.2029 0.5941 7.1867
-4.6304 -0.4044 5.5275
-11.7808 2.6478 7.4799
2.4310 -2.4644 4.8649
6.0969 -2.4303 7.6862
6.1244 -2.7096 7.1457
8.9191 -0.1455 13.8690
1.9626 -2.7840 4.5937
5.8176 -1.3220 9.7333
1.4497 -2.9554 3.9559
-0.1948 -0.3695 8.1589
2.0053 -1.8717 5.3605
1.9617 -2.2960 4.4807
1.1007 -2.0216 4.7774
-3.7737 -1.0737 4.6887
1.8629 -2.0585 4.9785
0.5170 -0.8949 7.5232
1.3352 -1.3251 6.0926
0.1483 0.0615 9.2159
5.6181 -2.9654 6.3435
6.8609 -2.3390 8.3095
7.8252 -1.5542 10.4301
-0.1777 0.3372 9.5770
-6.1332 0.5941 6.6494
1.4511 -2.7840 4.2984
6.4185 -2.6898 7.3548
2.6490 -2.8528 4.8532
6.0531 -2.7352 7.0534
6.5371 -2.6697 7.4636
4.2916 -0.2226 5.3726
6.3158 -2.6764 7.3223
4.8965 -1.6834 7.5887
5.3371 -1.1456 9.8074
3.7182 -1.2365 7.6283
5.3410 -2.0059 7.1629
2.8271 -1.8756 5.7838
-19.4453 4.3757 6.4964
3.7444 -0.0649 11.0409
0.9374 -2.6130 4.3424
2.4511 -1.7434 5.8325
-10.6850 1.7182 6.2603
1.4808 -2.1587 4.6774
0.1275 -2.4211 4.2571
4.3132 -1.3963 7.7404
-0.8536 -1.1684 6.1866
5.8575 -1.3220 9.7563
4.8257 -2.7477 6.3197
8.0827 -1.5896 10.5083
2.3993 -2.4643 4.8462
-1.5663 -2.1737 3.7718
4.3213 -0.1244 5.3769
-0.3482 -1.4421 5.9330
-2.1707 0.1499 8.0527
10.3443 1.6383 18.2464
7.5047 -1.8151 9.7252
6.5482 -1.7229 9.3565
2.4383 -2.4298 4.8458
1.5965 -2.3012 4.5058
5.9206 -2.7160 7.0151
8.9070 6.9346 27.9698
4.5051 -2.0612 6.4155
4.5997 0.7396 5.5034
2.3103 -2.9109 4.5416
-6.9162 -0.1051 4.8040
6.1819 -1.5541 9.4812
5.6093 -2.2742 6.9623
8.0233 2.3410 18.3061
-5.6405 0.7618 7.2680
1.1600 0.9408 11.5523
4.0057 0.5939 12.5045
-1.4880 0.0616 8.2710
5.7112 -2.8853 6.5569
2.4159 -2.9211 4.5824
-2.1717 -1.7063 4.3535
4.2545 -2.1518 6.0128
5.5397 -0.9218 10.3702
5.6031 -2.8530 6.5588
1.4118 -1.4212 5.9151
5.1410 -0.2592 7.9946
6.3578 -1.3633 9.9631
7.0935 4.2146 21.5025
3.9243 -1.2401 7.8289
4.2860 -2.6233 6.0378
2.3680 -1.7706 5.5130
1.4248 -1.5863 3.8909
-3.7624 -1.2135 4.4167
8.1863 -1.0251 11.6931
7.7483 -1.5179 10.4580
6.3848 -2.4980 7.7176
-6.6950 -0.1051 4.9317
9.2637 -0.8126 12.7387
4.2188 -2.3708 5.8203
3.2823 -0.5395 9.8282
4.0566 -0.2465 6.1140
4.7039 -0.1521 4.8517
8.8172 -1.1223 11.8636
6.9876 -1.4231 10.2075
0.5378 -2.2996 4.7361
3.2733 0.1497 11.1965
4.3145 -0.6037 10.2966
-16.0214 3.1029 5.9375
-6.3507 6.9333 19.1552
3.6293 -0.9217 9.2671
-0.3490 2.8685 14.5219
2.8783 -2.9507 4.7904
3.3791 -1.6067 6.6507
0.0738 -2.4727 4.1232
1.8059 -2.3661 4.4452
5.2203 -2.8853 6.2735
-17.1597 4.0573 7.1818
7.8438 2.6481 18.8143
4.9754 -0.5396 10.8060
-7.2904 1.2686 7.3249
3.5442 -2.3906 5.4491
1.8854 -2.5952 4.6463
-0.8047 -1.9007 4.7556
7.4312 -0.4735 12.3560
5.8463 -2.9654 6.4753
4.7734 -0.1351 5.0270
4.2859 -2.9008 5.7027
0.2225 -2.2489 4.6551
4.4450 -1.0983 9.3864
-20.5962 4.5441 6.1671
3.6506 -2.9556 5.2267
1.5492 -2.2367 4.5497
6.2032 -2.0939 8.4180
4.8403 -0.3019 5.0899
5.0939 2.8686 17.6656
6.0570 -1.2050 6.3997
5.8165 -2.3196 7.7449
3.3635 -2.9556 5.0609
9.2269 -0.7842 12.7740
4.9479 3.9072 19.6508
-3.1610 0.0187 7.2194
2.9459 -1.9903 5.6091
-1.8813 2.1505 12.2063
3.5470 -1.8764 6.2726
7.4902 -2.3197 8.7112
-0.1905 -2.4385 4.0386
3.1386 -2.8249 5.1915
3.4789 -1.8254 6.2053
-8.4449 2.4402 8.9928
2.3860 -2.0948 5.1236
-4.8686 0.7047 7.6000
1.3119 -2.0704 4.1804
3.5392 -2.1610 5.4814
-1.5727 -1.9550 4.2038
4.2742 -1.8532 6.7261
5.9488 -1.6929 6.5881
4.0469 -2.9312 5.5042
-0.0322 -2.6691 3.6706
1.3063 -1.4058 5.8897
-2.6222 -1.7995 3.9077
5.6742 -1.8730 8.5525
2.2063 -2.7959 4.7108
-0.3819 1.2685 11.3147
4.0006 -1.4394 7.4059
2.7172 -2.1089 5.2315
-0.6414 -2.0072 4.6377
2.1645 -2.2972 4.6614
2.4857 -1.9129 5.2559
11.0505 2.9842 21.3362
4.9659 1.0033 13.8748
-3.8730 -0.0233 6.7244
-19.4026 6.1637 10.0838
-1.5269 -2.0198 4.1011
4.9543 -2.1605 6.5611
6.8697 -2.4732 8.0471
5.3403 -2.5589 6.6440
8.4759 -0.8126 12.2837
-3.5598 -1.3829 4.1962
4.9250 -2.4960 6.3199
2.3577 -2.7286 4.9324
-4.2399 -1.1682 4.2313
7.2681 2.5426 18.2718
3.7379 -2.7782 5.6306
-0.3319 -2.5835 3.6682
5.1582 -2.6831 6.6405
3.3426 -2.1989 5.3378
3.2804 -1.1415 7.5186
6.9015 -2.6697 7.6740
5.1580 -2.4591 6.3989
1.1657 1.1328 11.9380
0.9740 -1.8752 5.0061
2.1351 -2.0334 5.0952
0.0615 -2.1400 4.7790
-0.4445 -2.5608 3.6484
7.0892 -2.6350 7.8515
7.3582 -1.9012 9.4689
-0.0026 -1.9282 5.1640
6.8303 -2.4038 8.1627
5.6388 -1.8150 8.6479
1.7972 -2.8248 4.4170
10.0868 0.8796 16.5859
2.1907 -2.0899 5.0393
4.6647 -0.1656 4.8323
-4.4567 -0.9477 4.5454
-14.5881 3.6203 7.7964
4.9478 -2.8193 6.2474
5.3121 -1.9455 7.2631
1.5284 -1.3159 3.7702
-2.8863 -0.3336 6.6760
9.0452 5.4942 25.1794
5.8573 -2.0939 8.2183
4.6407 -2.4277 6.1120
1.9740 -2.8304 4.5078
5.0981 -2.5861 6.4811
5.9843 0.7044 13.8675
-20.4811 5.7065 8.5498
-3.2470 -1.2135 4.7143
8.3293 4.9023 23.5866
6.8246 -2.4391 8.0890
6.6989 -1.5541 9.7797
4.7485 5.4939 22.6973
-7.7356 1.3389 7.2080
1.3172 -2.0269 4.1230
3.6908 -2.9008 5.3592
6.0441 0.1051 12.7077
7.6823 -1.4232 10.6087
5.0204 -2.8530 6.2223
5.8084 -1.2797 9.8123
3.7335 -2.0165 6.0573
3.5202 -2.5703 5.5631
2.4373 -1.7276 5.8248
5.5125 -2.2733 6.7946
8.1192 -1.5896 10.5294
2.5918 -2.8691 4.7877
4.7640 -1.8495 7.2247
-0.8994 3.4848 15.4321
8.9932 -0.6962 12.8144
2.0989 -2.2436 4.6751
3.3313 -1.1602 7.4963
-1.0321 0.5940 9.5952
7.4737 -2.0578 9.2237
3.2567 -0.8950 9.1052
7.6672 -1.6241 10.1996
2.0853 -2.2370 4.6829
2.8254 -1.9740 5.4768
1.6700 -1.2258 6.2045
3.5593 -2.1718 5.5962
2.0410 -1.8647 5.2131
4.9153 -2.7961 6.2749
0.3838 -2.7597 3.7304
3.8415 -1.3055 7.5298
6.4356 -2.6965 7.3515
4.1716 -1.8805 6.6520
-5.7108 4.3763 14.4297
0.0062 -2.5297 3.9707
2.7679 -2.7222 5.1819
1.2963 -2.7958 4.1854
-0.3757 -2.4557 3.8974
-4.4099 -1.1450 4.1792
-3.9824 1.0674 8.8345
-2.0720 -1.2136 5.3928
11.2682 5.9323 27.3362
4.6524 -1.8800 6.9994
2.2154 0.0615 10.4096
1.4304 -2.7536 4.3469
-3.1770 -0.4730 6.2303
1.9125 -2.8416 4.4499
4.4808 -0.3697 10.8589
4.0015 -2.9652 5.4102
5.7914 -2.1891 6.8619
-2.6846 0.1954 7.8465
6.4533 -2.7289 7.2971
6.7463 -2.8640 7.1971
3.6592 -2.9652 5.2125
2.7497 -2.2211 4.9578
1.5171 0.1498 10.1823
6.7791 2.5426 17.9894
1.4556 -1.4593 3.9303
1.9224 -2.4804 4.5795
7.6066 -2.2071 9.0029
1.9369 -2.9360 4.2761
6.5566 -2.5915 7.6306
5.6417 -2.7783 6.7299
-0.1274 1.2685 11.4617
3.2726 -1.9549 5.8235
6.7489 -2.8801 7.1665
-0.0617 -0.5717 7.8329
1.9110 -1.2652 6.3773
13.8747 3.7618 24.5168
8.0838 -1.5542 10.5794
-4.6462 0.7618 7.8422
-6.0349 2.1505 9.8074
4.4709 -2.2342 6.0859
7.1824 -1.0250 11.1134
-1.2019 -1.2793 5.7644
1.9569 -1.8478 5.3629
2.3958 -1.8522 5.7127
-0.2799 -2.4726 3.9190
5.6571 -2.5932 6.8188
-5.8854 3.9068 13.3934
3.7431 -1.2259 7.4016
7.0203 -2.1058 8.8662
5.8193 -1.4617 9.4560
2.1235 -1.9774 4.9823
3.6577 -2.1258 5.8283
6.1390 -2.6134 7.3457
0.2194 -2.5608 4.0317
-1.4947 -1.2136 5.7262
4.3040 -2.8019 5.9103
3.1197 -1.9966 5.6288
2.0850 -1.9634 5.2297
-2.2054 -0.1450 7.4450
2.1227 -2.9160 4.4232
-1.4533 -0.2602 7.6498
-1.8907 -0.3336 7.2509
6.0711 -1.5541 9.4173
2.5318 -2.8361 4.8186
1.5756 -1.3291 6.0024
10.3976 5.0917 25.1585
2.1537 -1.1221 6.9094
0.6633 4.9019 19.1584
4.7839 -1.3839 8.0995
6.5718 -2.9062 7.0123
8.4182 -0.2229 13.4253
-11.4512 1.4849 5.3530
4.7574 -2.8020 6.1721
2.0762 0.3372 10.8786
-6.0452 -0.5063 4.5075
1.5837 -2.7598 4.4232
0.2882 -2.6827 3.8287
4.9092 -2.8746 6.1150
-16.4189 3.3530 6.2064
5.8896 -2.2389 7.9480
0.4502 0.0186 9.3048
-1.3303 -1.7223 4.8075
1.4393 -1.5427 3.9587
3.8327 -1.2177 7.7180
1.2869 -2.1511 4.1884
7.5257 0.7044 14.7576
5.6425 -2.1630 7.9563
-1.1721 -1.9943 4.3568
-8.3357 0.4370 5.0642
8.3781 0.2887 14.4217
3.7308 -2.0692 5.8585
-2.5627 -1.8144 3.9123
4.3887 -2.3517 5.9012
3.6204 -2.2506 5.4132
0.1978 -2.6826 3.7765
-12.6148 3.1030 7.9051
4.8394 -0.3221 5.1020
-1.0259 -0.3694 7.6790
1.8731 -2.0775 4.8593
9.2836 -0.7553 12.8643
5.6595 -2.2906 6.8916
-2.8351 3.3534 14.0522
3.4369 -0.8403 9.3182
3.9359 -2.9111 5.4802
1.3792 -1.4841 5.7904
4.9662 0.9408 13.7505
5.3315 -2.7224 6.6621
-3.9073 -1.2357 4.2888
5.4603 -2.2222 6.8796
6.6939 -1.1688 10.5447
9.2252 0.8199 15.9693
0.9596 -2.7285 4.1252
4.8683 -0.2948 5.1033
7.4137 0.5403 14.3660
-0.5239 -2.4892 3.7450
-19.0554 4.7191 7.4056
-0.7685 -1.8583 4.8610
4.5607 -2.8905 5.8821
2.2142 -2.3956 4.6934
0.8347 -2.9005 3.7102
2.3734 -0.4047 9.5720
6.0825 -1.9555 8.6239
0.0099 -2.6129 3.8069
5.3440 -2.1776 6.9235
4.6965 -0.4734 10.7769
1.5313 -1.7753 5.3035
1.0928 -2.0121 4.7944
1.4810 -1.2679 6.1818
-2.5613 3.2262 13.9570
2.7081 -2.6078 5.1210
3.7541 -2.2125 5.5146
-0.4035 -2.5453 3.7028
5.3379 -2.2353 6.7322
-10.2769 3.4846 10.0157
2.7632 -2.2244 5.0069
-4.9390 -0.8946 4.3727
2.5939 -2.8903 4.7466
1.4271 -2.1946 4.8068
-7.9672 1.6384 7.6710
4.3194 -2.3176 5.8956
8.5541 3.1034 20.1319
10.0249 -0.0651 14.6677
4.5203 -1.9799 6.5865
-4.0968 1.6384 9.9063
-2.2256 -1.0738 5.5827
9.0122 0.5938 15.3958
-7.7031 0.8202 6.1932
1.0793 -1.8344 5.1032
1.9604 -0.2974 9.5473
4.1454 -2.6064 5.9476
4.0810 -1.5817 7.1254
6.5640 -2.8531 7.1136
2.8326 -1.4547 6.5093
-0.8922 4.0579 16.5781
-3.0736 -0.1052 7.0230
3.2161 -2.7599 5.3657
2.9386 -1.6581 6.4018
-8.1546 1.4110 7.1096
8.1414 -0.4395 12.8339
6.6904 -0.6038 11.6686
-8.0649 0.3375 5.0223
5.0298 -2.8957 6.1426
-1.1517 -2.0693 4.2191
2.4362 -0.2974 9.8220
1.3589 -2.3214 4.3218
-4.3636 -0.5063 5.4786
2.3262 -2.4454 4.7888
4.2406 -1.7306 6.9791
3.8749 -1.4206 7.3280
-0.6072 -1.0246 6.6154
-4.5681 4.0577 14.4549
6.6103 -2.4815 7.8807
-3.1617 -1.6234 3.9468
5.9523 -2.6559 7.1532
4.5684 4.0581 19.7322
6.1510 0.4366 13.4300
6.9598 -2.0699 8.9027
-2.4165 6.1650 19.8964
0.7143 0.9408 11.2949
5.0763 -2.5863 6.4688
4.6429 -0.2693 5.1314
5.1603 3.9072 19.7735
2.6502 -0.8678 8.8091
5.1463 -2.6897 6.6203
3.5232 -2.3906 5.4370
1.1387 -2.6415 4.4018
4.5962 -0.1525 4.8813
6.1274 -0.0237 12.4993
-0.3293 1.4109 11.6289
10.6555 1.0032 17.1606
-18.3243 4.3758 7.1438
0.9606 -1.4201 5.8675
-1.3714 -1.5356 5.1558
3.9538 -1.0983 9.1028
4.8003 -2.9653 5.8714
7.1642 -0.9483 11.2558
5.2594 5.7082 23.4194
4.2000 -2.2562 5.8884
7.7341 0.4878 14.4465
4.7946 -0.0427 5.0330
4.9212 -2.6897 6.4903
-1.1883 -0.2225 7.8779
3.7513 -0.1844 10.8069
1.6918 -2.7598 4.4856
-11.0691 3.7611 10.1091
-0.8597 1.0673 10.6379
3.8039 -1.3405 7.1887
3.0512 -2.8473 5.0964
7.3948 -2.2700 8.7553
-2.1237 -1.8582 4.0785
-1.2718 -1.9416 4.4042
2.4205 -2.4644 4.8586
-1.9452 2.9840 13.8302
-3.5643 -0.7547 5.4453
1.7244 -2.8248 4.3750
9.6304 6.9347 28.3877
-5.0193 0.1955 6.4983
0.3973 -2.6130 4.0306
0.5207 -2.6057 4.1163
3.8140 -2.8798 5.4720
1.2198 -0.9995 7.7206
2.1642 -2.0636 5.1209
-13.9475 2.3408 5.6168
4.6753 -2.8136 6.1016
4.0907 -1.6094 7.0817
2.8833 -1.7436 5.9073
0.0041 -0.6035 7.8076
3.0326 -2.4287 5.1863
-4.1373 -1.1216 4.3833
5.9655 0.2888 13.0284
-3.4126 0.5406 8.1139
1.5300 -1.6729 5.4633
6.4832 -2.3197 8.1298
8.1673 2.9842 19.6709
4.5204 0.9408 13.4930
8.1896 0.1050 13.9467
5.1517 -2.8693 6.2657
2.3951 -2.7093 4.9925
3.4309 -1.8557 5.9747
4.1766 -2.8418 5.7572
3.6057 0.6486 12.3825
5.3102 -1.5894 8.9074
4.9669 -2.2989 6.4450
1.7122 -1.9919 5.0133
-1.8419 -1.1452 5.6620
1.5328 -2.6894 4.5339
-12.1241 6.1643 14.2885
4.6383 -1.6264 7.5259
6.8914 -2.6899 7.6278
4.6788 0.2990 5.4707
11.9654 2.7567 21.4113
1.8359 -1.2316 6.4314
2.4401 -2.1336 4.9877
-0.9691 -2.0449 4.3734
7.5774 -1.4995 10.3961
3.9825 -1.8695 6.5630
5.9833 -2.7030 7.0772
2.3034 -2.2951 4.6758
0.2117 -2.1626 4.8207
1.3381 -2.9409 3.9206
0.7959 1.9705 13.3938
-26.9463 6.9315 7.2568
-3.5022 0.0188 7.0224
3.4563 -2.4627 5.4526
1.1140 -2.8304 4.0112
-13.2966 4.9012 11.0946
7.2285 -1.9556 9.2857
3.8147 -1.9462 6.2763
3.7427 -2.8529 5.4846
6.0053 -2.7962 6.9043
2.4324 -0.3338 9.7473
1.1916 1.1998 12.0866
4.9369 -2.3955 6.2645
4.0046 -2.3912 5.7163
4.7616 -2.8307 6.1173
5.8506 -1.9819 8.4376
-4.1742 1.6384 9.8616
2.2522 -2.7720 4.7848
-8.0600 6.6649 17.6332
2.1503 -2.3111 4.5976
-8.7218 0.3867 4.7410
13.6037 5.2890 27.4033
5.0759 -2.7539 6.4518
-8.4663 2.5425 9.1842
7.6473 1.4108 16.2355
-5.9869 -0.5714 4.4114
-0.7871 -2.2278 4.1139
3.7743 -2.7842 5.6398
7.0141 1.6383 16.3231
-5.1122 -0.0233 6.0088
-2.5078 0.4881 8.5319
-3.4175 2.3409 11.6984
-1.6900 -1.6738 4.6964
4.0949 -1.7947 6.4817
0.6045 -0.3336 5.3579
4.6407 -1.3358 8.1692
6.1676 -2.7602 7.0698
-10.8243 1.8842 6.5106
-1.8680 -0.4391 7.0539
3.8436 -2.1682 5.8247
3.3836 0.4366 11.8319
7.1826 -0.3698 12.4191
-7.5955 2.2443 9.0931
12.4211 6.1661 28.4679
7.5899 0.3370 14.0626
5.4701 -2.2179 6.8726
-0.9243 -2.0814 4.3264
4.2337 -1.5307 7.3718
0.3811 -2.0450 5.1530
0.3932 -1.1195 5.7799
0.0543 -2.0199 5.0141
-0.8578 0.0187 8.5494
2.4442 -2.8903 4.6601
-0.3388 2.9840 14.7580
-3.4447 2.5425 12.0845
-3.4473 -1.0493 4.9260
0.9774 -2.6827 4.2266
4.7126 -1.9050 6.9378
6.4666 -2.5381 7.6850
4.3640 -1.4588 7.6277
-10.0198 2.0593 7.3242
0.1343 0.2417 9.5668
2.4568 -1.8750 5.3720
1.0437 -0.3338 8.9454
1.3004 -0.7256 8.3129
4.2628 -1.7722 6.8624
5.7553 -2.2312 6.9247
-19.2678 6.1637 10.1616
-5.5456 -0.2971 5.2128
4.3354 -0.2732 5.3999
3.5260 -2.9652 5.1357
4.6510 -2.9362 5.8431
-22.8669 5.7063 7.1716
5.8535 -2.3947 7.6166
3.4213 1.0672 13.1102
4.4358 -2.8474 5.8958
4.1464 -1.5532 7.2113
5.2597 -1.9893 7.2278
6.2442 -2.4216 7.7888
-4.0533 -1.0737 4.5273
7.4120 3.6210 20.5036
5.4897 -0.4049 11.3715
1.0892 -1.7153 5.3773
4.7529 3.3536 18.4350
-0.1246 -1.5891 5.7693
3.9808 1.7181 14.7303
0.6092 -1.1896 6.2112
-0.6936 -1.6236 5.3719
2.9889 -1.8614 5.8117
6.2207 -1.2581 10.0934
3.2953 0.7045 12.3146
2.0661 -1.4047 6.3143
4.9094 -2.2948 6.5055
-4.0716 -1.2135 4.2382
4.3557 -2.2926 5.9454
5.0330 -2.5518 6.4792
6.3369 -2.0699 8.5431
3.7345 -2.8019 5.5815
-5.5853 6.1648 18.0658
2.4408 -2.1016 4.9284
2.8070 -2.5340 5.1269
5.1516 1.4848 14.9415
2.2231 -2.1116 4.9136
4.1214 -2.1574 6.0306
4.6814 -0.0463 5.0911
6.9872 -2.4038 8.2532
6.5101 -2.3765 8.0322
3.9020 -2.9460 5.3911
6.9293 -2.4898 8.0483
4.9452 -0.1669 5.1260
-0.1453 -1.6573 5.6213
0.1356 -2.0449 5.0112
5.9063 -2.3000 7.8359
7.1803 -0.6038 11.9515
0.4310 -0.5066 8.2472
7.7223 -2.0940 9.2951
5.4227 -1.8000 8.5528
-9.3696 3.4846 10.5398
-9.2050 3.6205 10.9056
4.6920 -1.4492 7.9157
0.4599 -2.1627 4.9640
6.3944 -2.6628 7.3948
2.6924 -1.4858 6.5649
-5.2276 0.4369 6.8591
0.9480 -1.5710 5.5181
1.5317 -2.8416 4.2301
1.5466 -1.5693 5.7017
2.6771 -1.4874 6.3966
7.3345 -2.2071 8.8457
7.1443 -2.0330 9.0828
4.7127 -2.2655 6.1766
3.7556 -2.8019 5.5937
-0.4039 -2.3288 4.1340
5.4058 -1.8000 8.5430
4.8356 -0.7551 10.2958
-0.8239 -1.6902 5.1639
4.0515 -2.8904 5.5881
7.5319 -2.2597 8.8549
4.2893 0.0136 5.3461
-0.4053 -1.6236 5.5384
-4.0651 -0.3336 5.9952
-0.8114 1.4848 11.4977
0.0483 -0.9479 7.1468
2.8449 -1.3525 6.8073
-9.4457 0.8203 5.1869
2.8175 -2.1775 5.1846
3.7725 -2.1663 5.7032
0.7949 -2.8471 3.7936
2.0245 -2.9160 4.3665
0.6728 -2.8849 3.6479
5.4456 -2.8307 6.5122
3.6641 -1.9711 6.1139
1.6029 -1.7024 5.4845
3.0598 -2.2148 5.3226
-2.5270 -1.0245 5.5069
-0.5573 -2.4122 3.8793
1.9363 -1.5664 5.9024
1.3435 -1.0604 6.4104
4.9141 -2.9605 5.9466
0.5484 -2.8581 3.6295
1.2565 -1.9393 5.0987
4.5432 -2.5697 6.1524
1.7261 -1.3225 6.2771
3.1970 -2.9604 4.9552
6.8300 -1.3633 10.2357
3.8633 -2.7413 5.7765
2.3489 -0.0649 10.2350
-6.5158 0.0189 5.2821
2.1312 -1.5255 6.1112
-2.3946 0.6487 8.9174
3.1847 -1.8671 5.8842
1.7341 -2.7536 4.5223
-0.0131 -2.6759 3.6681
3.9181 -2.2241 5.7735
4.9083 -2.8584 6.1467
0.0180 -2.5760 3.8852
1.1708 -2.8796 3.9460
5.3812 -1.4617 9.2030
-10.8133 1.8001 6.3494
3.1988 -2.7538 5.3680
0.6180 -2.9457 3.4950
8.0247 2.7567 19.1352
1.2561 -2.9310 3.8928
4.6144 -0.2784 5.2001
6.0091 -2.7540 6.9906
5.0214 -2.4957 6.3751
6.2634 -2.0939 8.4528
-11.2165 1.2686 5.0575
1.7336 -2.8797 4.2709
-1.4573 -1.6902 4.7982
-15.3570 3.6203 7.3522
10.8803 1.9705 19.2180
11.4339 1.1996 18.0016
3.0019 -2.1597 5.3136
2.6596 -2.6556 5.2521
4.0062 -1.5821 7.0854
5.2848 -2.9163 6.2489
7.4697 0.9407 15.1962
5.8298 -2.1290 8.1324
0.3527 -1.0246 7.1697
-14.0259 4.0574 8.9919
3.0105 0.4367 11.6165
-10.5600 1.6384 6.1736
0.9096 -2.6057 4.3409
3.3036 -1.9928 5.7207
11.4712 2.2444 20.1050
2.5082 -1.1002 7.0345
-0.5844 -0.3695 7.9340
0.5576 -2.7348 3.8804
4.4449 -2.9557 5.6853
2.1193 -1.9658 5.0911
2.9320 -2.4398 5.1541
3.8215 -2.7600 5.7153
2.6542 -2.9360 4.6902
1.0757 -2.7597 4.1299
6.7427 -0.1056 12.6915
8.5157 -0.5069 12.9158
2.0638 -2.9160 4.3892
2.3877 -1.6718 5.9510
4.5596 0.7958 5.4589
4.6919 0.9408 13.5920
7.3127 -2.0820 9.0825
-0.1689 -1.8439 5.2359
4.9446 -0.0649 11.7340
4.5936 -0.3001 5.0865
10.1137 2.5427 19.9153
5.7655 -2.6898 6.9778
3.9656 -1.5970 7.0445
1.3459 -1.7689 3.9673
-6.1494 -0.4044 4.6504
4.3116 0.0972 5.3399
6.6423 -2.4732 7.9158
4.6448 -0.2019 5.8955
2.5614 -2.7781 4.9514
-7.5815 5.7073 16.0015
-0.6775 -1.6405 5.3474
4.6652 0.1800 5.4370
3.6394 -2.9212 5.2888
4.6946 -1.5994 7.6208
-20.4461 6.4080 9.9678
-0.4446 -2.0325 4.7010
2.9414 -1.7347 6.0653
2.8257 -1.6476 6.1506
7.7536 -2.1058 9.2896
-2.3304 -0.5064 6.6527
4.8020 -0.2889 5.1084
2.7277 -2.8134 4.9770
1.2293 -1.4239 5.8413
7.3868 -0.8125 11.6549
4.7817 -2.5878 6.3021
6.7323 -2.8195 7.2777
9.7436 2.1506 18.9202
3.1286 -1.8045 5.9732
2.5235 -0.4393 9.5897
15.5235 5.7089 29.3486
6.8632 -2.4391 8.1113
9.3395 -0.0238 14.3542
-0.8402 -0.8676 6.7935
4.8267 -0.1347 5.0788
6.2291 -1.2363 10.1418
6.6282 -2.6697 7.5162
6.4658 -1.3428 10.0662
4.4922 -1.5862 7.5408
-6.0822 -0.3335 4.8305
2.6862 -0.2227 10.1153
2.1857 -1.4535 6.3133
6.6533 -2.9314 7.0090
2.4631 -2.1817 5.0300
3.9417 -1.3758 7.5033
4.2441 -1.9890 6.5205
2.3437 -2.0406 5.2415
2.8221 -2.2631 5.0155
-2.5912 0.7617 9.0290
4.5336 -1.6427 7.4569
0.4090 -0.8834 5.6121
3.7149 -2.0578 5.9955
5.6239 -2.8251 6.6264
-11.2471 2.4402 7.3744
3.0184 -2.4116 5.1665
4.9811 -1.4616 8.9720
0.1313 -2.2066 4.6867
-2.9211 -1.6063 4.1200
2.2708 -2.8527 4.6348
-4.8484 -0.8946 4.4250
5.0129 -1.9940 7.0435
5.9741 -2.8308 6.8174
2.2774 -2.8134 4.7171
-3.0303 2.6479 12.5338
7.0049 -2.2699 8.5302
8.0974 -1.6908 10.3152
5.3993 -2.8079 6.5311
2.4316 -2.4825 4.8783
5.4981 -2.4685 6.6164
6.8626 -2.7963 7.3992
-2.2768 2.2444 12.1649
2.2888 -1.9237 5.1860
1.4762 -2.1720 4.7173
5.7660 -2.4617 6.7835
-1.0841 -1.1452 6.0996
0.9397 -2.8796 3.8125
7.1836 -2.0578 9.0562
2.2503 -2.9160 4.4969
6.3789 -2.7663 7.1796
1.3011 -2.1038 4.1650
5.1003 -1.7439 7.5554
2.6842 -2.2089 4.8254
1.0426 -2.9159 3.7996
-5.5962 1.0674 7.9025
4.6968 -2.2253 6.2263
3.4032 -2.1675 5.4217
3.7076 -2.8473 5.4753
4.4133 -1.9513 6.5825
-1.9124 -1.7995 4.3175
-0.5034 -2.2279 4.2777
4.9153 -2.4295 6.2748
3.1794 -2.3572 5.2165
6.6659 -0.8680 11.1279
8.8367 2.6481 19.3878
2.7016 -2.4306 4.9997
-6.2230 2.3409 10.0781
3.9993 -1.5945 7.0446
5.0427 -2.2818 6.3775
2.1424 -1.7448 5.4863
-20.7104 4.5441 6.1011
-1.2098 -1.7064 4.9089
2.6020 -2.8134 4.9045
0.5322 -2.2066 4.9182
4.5120 -0.1761 5.0767
-1.4792 -2.1737 3.8221
-0.0562 -0.9216 7.1389
10.3158 2.7567 20.4585
-0.7021 -2.1169 4.3840
6.3353 -2.0454 8.5909
2.4783 0.1052 10.6486
7.5493 -1.9689 9.4445
6.1723 -1.7068 9.1714
4.3357 0.0803 5.3622
5.9431 -1.7826 6.6297
2.6810 -1.4551 6.6160
1.4542 -1.3832 3.7723
4.1648 -0.4733 10.4698
5.0204 -1.2797 9.3573
5.4734 -2.7288 6.7313
5.9922 -1.5619 6.5125
2.6246 -1.3967 6.5370
3.5481 -2.8637 5.3506
1.9128 -2.8472 4.4391
-2.8535 -1.3215 4.7264
4.7457 -0.1820 5.0128
1.3580 -2.5516 4.3018
5.7146 -2.6764 6.9752
8.8878 -0.6351 12.8752
5.1675 -1.1687 9.6634
6.2214 -2.9364 6.7498
6.4440 -2.7784 7.1931
7.0831 -2.5989 7.9199
3.0529 -2.1560 5.3704
4.4439 -2.2199 6.1722
3.7417 -2.8249 5.5397
4.6119 0.7023 5.5480
4.6304 -1.2844 8.3165
10.7877 6.9348 29.0563
-12.1349 3.1030 8.1823
7.3570 -2.0205 9.2307
3.0647 -1.2028 7.4088
3.3767 -1.7465 6.2081
4.5271 -1.0742 9.4819
6.4560 -2.3197 8.1141
6.0509 -1.2797 9.9523
0.6939 -2.5835 4.2604
-22.5021 6.1635 8.2932
3.8467 -1.7068 6.8065
5.6719 -2.2671 6.9051
3.5546 -2.3906 5.4551
-10.4334 2.0593 7.0853
1.0905 -0.1842 9.2703
-5.1348 3.4847 12.9858
0.9657 -2.6624 4.2604
2.9952 -2.2169 5.0883
-5.7177 2.7565 11.1981
6.3831 -2.8252 7.0648
-0.9738 -0.3337 7.7804
2.3245 -2.2478 4.8166
12.5962 6.9349 30.1011
3.6857 -2.7661 5.6247
2.5261 0.0185 10.5036
5.1891 -1.9194 7.3487
-1.4865 0.6487 9.4418
7.3410 -0.5397 12.1720
7.6755 -1.5362 10.3796
-0.7479 -1.9814 4.6276
5.6700 -0.4049 11.4756
0.5377 -1.2244 5.9854
6.7964 -2.4563 8.0385
3.5520 -1.6247 6.7581
6.6777 -2.8421 7.2012
2.2414 -1.6964 5.9200
5.9694 5.7082 23.8295
-7.3808 1.0035 6.7445
2.6765 -2.2245 4.8314
5.8445 -0.8680 10.6536
-1.1312 0.7046 9.7583
-1.5691 -0.7255 6.6559
1.4871 -1.4800 3.8754
11.9958 2.9842 21.8822
-0.6215 -1.6236 5.4135
2.2040 -1.8747 5.4894
4.6018 0.7620 5.4322
-14.9991 5.0903 10.4881
7.3717 0.1496 13.5632
10.2877 4.2147 23.3475
3.4432 -1.4491 7.1948
1.3582 -1.4668 5.7856
-11.3689 4.7194 11.8457
5.0703 -2.8800 6.1974
5.6140 -2.3323 6.6795
3.4391 -2.3366 5.3455
3.8024 -2.2985 5.5794
4.0191 -2.8193 5.7112
3.1010 -2.9211 4.9780
6.6648 -2.5765 7.7229
1.9028 -2.8527 4.4224
0.3616 -2.1053 5.0216
2.0840 -2.9058 4.4212
6.4045 -2.2284 8.2662
6.8849 0.1050 13.1933
0.2604 -2.7658 3.6470
3.5803 -1.1903 7.3656
4.8583 -1.2249 8.4865
-0.6170 -0.4392 7.7763
4.9017 -2.0790 6.8056
4.3150 -2.3019 5.9145
3.2208 -1.4602 6.7904
4.7641 -0.2057 4.9815
0.6475 -2.7091 3.9835
5.3129 -2.7030 6.6901
4.6636 -2.7539 6.2137
6.6651 4.9022 22.6253
-4.6040 -0.8674 4.6202
10.0807 5.9322 26.6502
6.3104 0.3370 13.3237
-0.4439 0.1499 9.0499
3.0685 -2.4990 5.2552
8.0927 -0.3341 13.0159
-8.3902 5.4931 15.1076
3.7409 -1.7429 6.6673
11.3113 3.6211 22.7558
-20.2503 5.9301 9.1286
4.5779 0.7172 5.5195
3.8705 -2.1762 5.8260
2.6603 -0.8123 8.9256
3.9812 -2.3070 5.6441
3.3720 -1.6373 6.5066
7.6051 1.4847 16.3585
-3.9673 -1.0737 4.5770
1.6035 -2.5534 4.4474
-3.7445 2.8685 12.5608
6.1788 -2.9413 6.7154
6.7159 -2.8640 7.1795
-0.0837 -2.7025 3.5743
8.4371 2.7567 19.3734
4.5644 -2.7477 6.1688
1.9136 -0.5718 8.9735
-4.7171 -0.7546 4.7797
-3.4765 -1.0979 4.8123
3.9384 -0.3408 6.5554
6.4625 -1.8150 9.1234
2.1837 -2.0314 4.9265
6.2123 -2.8585 6.8996
6.4031 -2.8958 6.9355
-3.7928 4.9017 16.5844
10.4473 1.0032 17.0403
-3.6460 -0.8675 5.1734
1.9537 -2.1547 4.8114
4.5701 -1.6028 7.5757
5.5291 -2.0819 8.0526
-14.7840 2.7564 5.9617
3.2433 -2.7960 5.3095
3.7392 1.5606 14.2768
1.3038 -0.4732 8.8178
-4.4131 1.1999 8.8498
5.7945 3.3536 19.0366
3.6455 -2.0767 5.7052
-6.5201 3.1031 11.4253
9.0011 -0.9999 12.2138
6.0833 -2.2177 8.1020
-10.1200 1.0035 5.1626
1.8148 -1.9228 5.1468
5.2522 -2.8078 6.4461
6.7751 -2.7478 7.4452
3.9303 1.5606 14.3872
-3.3498 2.1505 11.3582
7.5251 -2.0078 9.3531
1.1888 -0.4047 8.8879
5.9543 -1.6900 6.5784
0.6103 -2.8471 3.6871
4.4788 -2.0530 6.4194
5.3109 -1.4034 9.2786
2.6174 -2.9311 4.6788
5.7316 3.7616 19.8133
11.3605 1.8000 19.1555
1.9276 -2.7092 4.7225
3.2177 -0.5067 9.8564
1.2876 -2.0677 4.7826
7.5721 -1.3221 10.7464
9.2964 4.2147 22.7749
1.3019 1.4848 12.7182
-5.0614 5.0909 16.2287
-1.9868 -2.0324 3.8105
8.2268 1.0032 15.7580
7.9830 1.3387 16.2857
4.0461 -1.7392 6.5537
2.2073 -2.8690 4.5657
-0.2905 -2.5684 3.7221
-1.5835 -0.7836 6.5316
4.9226 -1.5902 7.8219
1.5289 -2.4887 4.3713
-1.5699 0.8201 9.7351
6.4943 -0.4734 11.8150
7.6674 -1.0743 11.2952
6.1206 -0.2605 12.0234
6.1743 -2.6134 7.3660
-11.5401 4.0575 10.4277
-7.6877 0.7047 5.9720
-5.1454 -0.4044 5.2302
0.6891 -2.8303 3.7660
-3.5144 -1.3422 4.3035
-13.6720 4.3760 9.8311
-2.9801 5.2881 17.8236
3.5071 -2.9459 5.1631
1.1194 0.2416 10.1357
6.3304 -2.2800 8.1206
-2.3312 -1.8725 3.9302
2.5655 -1.4063 6.4036
6.5186 -2.8021 7.1889
0.3981 -2.6273 4.0024
-4.1823 -1.0737 4.4528
-10.1871 0.9411 4.9994
5.6094 -2.4193 6.6516
3.5569 -2.0848 5.6805
-1.2781 -1.7223 4.8376
4.3363 -2.5702 6.0340
4.7123 -2.1881 6.3094
6.2322 -1.9422 8.7371
1.7086 0.9408 11.8692
1.7469 -2.8360 4.3655
6.8383 -2.3948 8.1852
3.5854 -2.2781 5.4028
5.1095 -1.5590 7.9696
1.4444 -2.9409 3.9819
5.3993 -2.4316 6.5309
10.1582 2.5427 19.9410
6.8206 -2.7663 7.4347
3.8780 -2.9262 5.4166
2.8671 -1.6521 6.2052
3.5243 -2.7538 5.5559
4.8990 -0.4734 10.8939
4.7810 -2.8957 5.9990
14.0822 3.6212 24.3563
0.5451 -0.4047 8.5162
-0.7765 -2.1169 4.3411
4.3535 -2.1840 6.1279
4.0067 -1.6818 6.6427
0.8165 -2.7284 4.0425
-14.2984 5.2874 11.2855
-4.2204 -0.3693 5.8344
11.1078 1.0671 17.5492
0.8603 -1.7428 5.2044
-1.4587 1.5606 11.2749
5.3982 -2.2033 6.9078
1.1819 -2.1553 4.6766
6.7550 -1.0498 10.8171
6.1583 -2.8194 6.9463
3.5647 1.3388 13.7341
4.7789 -2.2255 6.3451
5.0214 -2.7783 6.3717
12.4187 3.2266 22.6093
-2.7050 -1.1451 5.1636
5.4036 -1.9006 7.4575
-3.8470 -1.2576 4.2801
6.8153 2.8686 18.6599
0.7157 -2.9359 3.5710
0.7647 -2.7779 3.9140
1.8656 -1.1952 6.5119
5.9737 -1.6743 9.1215
6.5967 -2.3672 8.1006
4.7861 -2.7783 6.2358
2.4991 -2.8744 4.7234
1.4242 -2.4954 4.2981
5.1847 -2.9313 6.1611
5.3494 -2.5632 6.6310
-10.0180 1.5607 6.3317
-4.3219 0.8799 8.2648
2.0299 -2.1429 4.9010
3.2841 -2.7413 5.4420
1.3875 -1.7947 4.0487
4.7877 -0.0502 5.0300
6.8241 0.7615 14.4663
-19.9497 4.3757 6.2050
4.5440 -2.8307 5.9916
5.0608 -2.0948 6.8534
-0.5797 -1.8145 5.0572
8.1651 1.2684 16.2507
6.3546 -2.5915 7.5140
4.3746 -1.7848 6.9097
1.5420 -2.3262 4.6119
8.1076 -0.7259 12.2437
2.4740 -1.8929 5.3377
10.3391 0.7614 16.4962
1.4392 -1.6203 3.9587
3.7574 -2.1425 5.7364
-1.1655 4.2143 16.7319
-5.5876 -0.1840 5.4140
-0.7951 -1.2359 6.0859
3.3882 -1.4376 7.0329
4.8425 -1.7442 7.4089
2.2959 -1.9405 5.1476
3.9804 -0.2584 6.3653
1.6773 -0.6958 8.5899
1.1722 -2.9554 3.7957
7.8612 0.4365 14.4177
1.7910 -1.9732 5.0998
6.0900 -2.6559 7.2327
6.7828 -2.8586 7.2290
5.7487 -2.7289 6.8902
1.2028 -1.3059 6.0158
5.3361 -2.3702 6.4927
-11.0008 6.4087 15.4243
-15.3460 3.7609 7.6388
-5.5565 2.6479 11.0748
6.0479 1.8841 16.2549
-4.1265 -0.0233 6.5780
-0.2480 -1.9944 4.8904
4.5506 -2.1042 6.3599
3.2788 -2.9652 4.9929
3.4616 -2.4453 5.4441
4.3582 -2.8584 5.8291
-2.0144 0.1053 8.0541
2.9077 -2.4665 5.1448
-0.8453 1.6384 11.7841
8.2379 1.2684 16.2927
4.2296 -2.7538 5.9631
-13.5520 6.4085 13.9505
-0.0327 -2.0815 4.8412
6.2615 -2.7353 7.1737
7.0709 -2.4981 8.1138
6.1794 -2.4215 7.7514
5.7432 -2.7415 6.8619
5.8543 -2.8800 6.6500
4.5259 -0.3813 5.4843
3.2342 -2.3751 5.2622
0.3698 -2.1170 5.0029
-1.8744 -0.6346 6.6606
5.3030 -1.9219 7.4990
3.9005 -0.6959 9.8737
-6.9306 6.6650 18.2856
1.4867 -2.7958 4.2953
0.9790 -1.1997 6.1222
4.8981 -2.8584 6.1408
0.7753 -1.6465 5.3168
4.3660 0.1902 5.4003
9.4821 -0.4050 13.6769
9.0772 -0.4735 13.3065
12.9314 4.2148 24.8746
3.8059 -2.4152 5.6296
5.7590 -0.8404 10.6591
0.7888 -2.8526 3.7791
-0.3398 -2.6056 3.6195
5.9983 -2.7903 6.9120
-1.6945 3.3534 14.7110
-4.5994 -0.8946 4.5688
4.9904 -2.9557 6.0002
-11.6795 2.2443 6.7343
3.6998 -2.1443 5.5967
1.7886 -1.9695 5.0254
2.7388 -2.2520 4.9081
3.1418 -1.5320 6.4515
6.1754 -2.5142 7.5644
1.0410 -2.8471 3.9357
0.6027 -2.3760 4.6213
3.2857 -2.1922 5.2539
-0.7715 -1.1912 6.1885
5.7460 -2.7601 6.8264
-1.1295 5.7078 19.7287
9.0565 -0.7260 12.7916
2.6830 -2.7412 5.0950
2.5465 -1.8600 5.6181
0.3490 -2.2489 4.7281
3.5491 -1.4988 7.0103
-3.4968 1.8841 10.7425
-2.0961 -1.3216 5.1637
-4.9589 -0.6345 4.8794
4.9327 -2.9509 5.9765
3.6553 -2.6829 5.7727
3.3351 0.0614 11.0562
0.9680 -2.9506 3.6874
-0.4805 -0.3695 7.9940
6.7452 -1.6578 9.6000
-3.2407 -0.6653 5.8103
5.8905 0.0613 12.5319
2.8784 -1.7662 5.8632
-4.0947 -0.1840 6.2761
3.8963 -1.5028 6.9243
4.4039 -0.4038 5.4509
6.2844 -0.3340 11.9717
3.2193 -2.1156 5.3822
4.0566 -2.9312 5.5098
-9.5654 0.5942 4.6673
4.1267 -2.5880 5.9244
6.5943 -2.9413 6.9553
4.8486 -2.7601 6.3083
1.2246 -2.7780 4.1795
3.2927 -1.8933 5.8721
3.8778 -0.2251 6.4039
-1.4663 -1.1218 5.9256
3.1657 -2.0388 5.5644
3.2308 -2.7841 5.3259
3.9785 -2.0990 6.0563
2.9174 -2.6896 5.3334
0.6847 -2.4211 4.5788
-5.2801 1.5607 9.0679
-13.1734 2.4402 6.2618
6.4788 -1.7543 9.2539
-0.6123 -2.3573 3.9568
-1.2669 -1.6573 4.9737
-1.9241 -1.8144 4.2810
4.6525 -2.0791 6.5630
-0.1618 -2.3667 4.1984
5.6053 -2.7903 6.6851
2.4770 -1.9461 5.5659
6.1749 -2.4732 7.6459
2.6246 -2.0944 4.9742
2.0550 -1.3359 6.3821
2.1909 -1.5673 5.7897
2.6106 -1.6813 6.0351
-5.0517 3.6206 13.3046
3.2339 -0.3696 10.1389
4.3572 -1.9459 6.5880
2.5484 -1.8898 5.5537
-4.6592 -0.5392 5.2424
-1.5568 -1.9550 4.2130
1.9835 -2.7349 4.7037
3.1371 -0.1452 10.5301
5.5024 -2.9412 6.3249
5.6729 -2.6964 6.9111
7.2126 -1.9556 9.2765
-0.4805 -1.6406 5.4612
4.7797 -2.1591 6.7182
-2.7371 -1.2792 4.8780
3.7282 -1.8191 6.4706
3.1138 -1.9581 5.8606
-1.5972 -0.1841 7.7183
11.2417 4.9025 25.2689
6.0431 -2.9558 6.6080
2.1331 -2.7840 4.6922
6.8744 -1.9819 9.0287
9.6691 2.5427 19.6585
-3.2115 -0.7547 5.6491
-0.8976 -2.1626 4.1801
-1.5877 -0.6034 6.8884
6.4014 -2.4563 7.8104
4.8397 -2.8852 6.0537
3.8180 -2.1129 5.9220
2.4663 -1.4331 6.4496
1.8085 -1.6470 5.6727
4.2656 0.1691 5.3895
6.0472 -2.8137 6.8936
1.3005 0.4367 10.6290
3.3900 -1.6907 6.5456
4.6246 -2.3122 6.0582
2.2274 -2.6258 4.8549
4.8968 -0.1727 5.1036
2.4834 -2.5528 4.9540
0.6420 -0.2199 5.3036
-17.8174 3.6203 5.9311
-3.5890 -1.1451 4.6532
8.4616 -0.5398 12.8191
4.6324 -0.3831 5.5378
8.6713 -0.9999 12.0234
0.1477 3.7614 16.5880
5.6347 -1.6068 9.0601
-0.2478 -1.7693 5.3391
3.5264 -1.7614 6.5572
-1.9741 -1.7692 4.3423
6.7084 -2.8021 7.2985
0.6363 -0.3695 8.6389
3.5912 -2.8192 5.4642
0.2574 1.1998 11.5471
2.7982 -2.1553 5.2214
4.5391 -0.1802 5.0323
-3.0301 -0.8675 5.5290
1.7424 -1.3398 6.2608
2.7412 -2.8955 4.8212
4.6449 -2.0325 6.9260
0.3357 -2.8189 3.5845
0.2424 -2.2384 4.6873
-1.3983 -0.5393 7.1255
1.9299 -2.7659 4.6109
-3.7113 -1.0978 4.6767
5.3045 -2.2891 6.7180
4.4596 -2.2228 6.0824
3.9842 -1.4974 7.2478
-14.4414 2.6478 5.9432
-1.0669 -2.3479 3.7131
-3.6101 0.8799 8.6759
-1.1404 -1.3006 5.7575
2.4682 -2.1869 5.0107
5.1586 -2.9009 6.2066
1.2916 -2.1473 4.2156
3.5744 -1.9901 5.8172
5.8432 -1.8588 8.6786
2.5647 -2.8305 4.8488
3.7777 -2.2796 5.5477
4.9587 2.1505 16.1567
2.5437 -1.6443 5.9653
-0.9532 -0.7837 6.8956
1.4338 -2.7958 4.2648
-22.2684 5.0899 6.2890
-10.1665 1.4110 5.9477
2.4330 -2.8191 4.7954
4.6059 0.1915 5.4068
3.9747 -1.0248 9.2611
0.6258 1.6384 12.6337
-0.2564 -1.7382 5.3960
4.7105 -2.7095 6.3293
4.8824 -0.2242 5.1071
-2.2589 2.1505 11.9882
1.7226 -2.8743 4.2752
6.9684 -2.3099 8.4294
11.8488 1.8841 19.6051
3.5133 -1.8049 6.2740
9.6406 2.2444 19.0478
3.1721 -1.5149 6.4654
-3.1739 -1.1682 4.8468
1.9726 -2.7412 4.6849
1.9548 -2.4978 4.6097
9.3914 1.8841 18.1859
1.5301 -1.7787 5.3214
1.9096 -2.9650 4.2024
3.5511 -2.0141 5.7467
7.2313 0.4879 14.1562
3.2722 -2.8135 5.2914
4.1151 -2.0754 6.1463
3.1555 -2.6694 5.5111
-1.1530 1.5606 11.4515
5.6033 -2.7352 6.7937
-2.7409 -0.7547 5.9208
5.6200 5.2886 22.7915
6.4182 -1.7387 9.2500
5.2457 -0.2202 7.9609
-5.8141 1.1999 8.0407
3.5927 -0.5719 9.9431
2.4476 -2.8417 4.7589
-18.4412 5.2872 8.8924
-0.7065 -2.1513 4.3129
3.8655 -1.2539 7.6637
0.2630 2.6480 14.4359
0.3535 -2.7839 3.6647
5.1474 -2.6763 6.6477
-5.6127 -0.2601 5.2479
-4.1463 -0.2601 6.0947
-0.6599 -1.7845 5.0707
0.5652 -0.7256 7.8884
3.4297 -2.8249 5.3596
-12.8398 3.9066 9.3764
-0.5217 -2.0325 4.6565
2.3566 -2.5889 4.9047
-0.3128 -0.2973 8.2346
3.4374 -0.0649 10.8636
3.0037 -2.6962 5.3700
5.0217 -2.5400 6.4184
0.1613 -1.0739 6.9609
1.6215 -2.6209 4.4947
4.1387 -0.1766 5.6125
0.5314 -0.5066 8.3052
3.0579 -2.2443 5.0724
-7.6082 0.3374 5.2860
2.3619 -0.7838 8.8099
-5.3696 4.7197 15.3111
2.5792 -2.0380 5.2230
4.6749 -0.2029 4.8967
-15.4083 3.6203 7.3226
6.2150 -2.1290 8.3549
10.5110 1.0671 17.2046
10.5763 1.1326 17.3728
8.6869 -1.2364 11.5611
1.7207 -0.6348 8.7365
1.3559 -2.3317 4.2824
-2.2005 4.5449 16.7930
7.8785 1.0672 15.6843
5.8079 -2.9112 6.5610
4.0438 -2.9262 5.5123
6.1922 -2.3765 7.8486
4.1700 -2.9605 5.5170
4.7129 0.2465 5.5680
5.8586 -2.9264 6.5601
-12.0467 2.0593 6.1535
-5.4767 0.3374 6.5169
-16.4531 5.0903 9.6482
-10.6134 5.7071 14.2500
-13.5599 4.3760 9.8959
2.9892 -2.7781 5.1984
5.6951 -2.8530 6.6119
-9.0667 0.8800 5.5247
6.2540 -2.8308 6.9789
-0.4278 -2.3667 4.0447
0.0609 -1.7224 5.6107
4.9087 -1.9490 7.0452
4.7748 -2.9213 5.9444
-1.3665 -2.1513 3.9318
-5.2394 -0.2601 5.4634
5.7921 -2.3484 7.6734
5.8177 -2.0329 8.3168
7.0905 -0.9219 11.2657
9.8745 6.6664 27.9940
4.6626 -2.8529 6.0158
-7.0583 0.1955 5.3209
5.2568 -2.4950 6.5093
3.0884 -2.4468 5.2319
3.9380 -1.5968 6.7759
6.1302 -0.5068 11.5382
2.4267 -2.1385 5.0748
4.9680 -2.7843 6.3289
-0.1005 -2.5983 3.7722
-1.0302 0.2890 8.9886
6.4804 -1.9556 8.8537
12.6827 5.7087 27.7076
-0.6515 -2.4298 3.7898
4.0238 -2.9557 5.4421
-0.5481 -2.2384 4.2309
2.8057 -1.3000 6.8384
6.6614 1.4848 15.8135
10.1656 2.8687 20.5949
12.6505 3.9075 24.0999
5.0960 -1.4425 9.0766
4.5586 0.7600 5.4647
0.0882 -2.0815 4.9110
5.0107 -2.3839 6.3675
4.4546 -2.0074 6.4918
0.6043 -2.7779 3.8214
6.5202 6.9344 26.5909
-1.5235 -1.0245 6.0863
-1.7030 -2.1051 3.8295
5.9708 -2.6206 7.2342
6.3366 -0.6350 11.4020
-0.9157 -1.1452 6.1968
5.7864 4.3768 21.0708
5.7808 -2.7784 6.8102
2.5766 -2.7959 4.9246
-1.4197 -0.5716 7.0487
6.2091 -2.6831 7.2473
-0.1849 -2.2488 4.4198
-16.6553 4.5442 8.4435
5.4469 -2.7030 6.7675
6.1112 -2.7962 6.9654
4.7094 -0.3092 5.4412
4.3807 -1.9087 6.6954
5.5498 -0.9997 10.2209
6.9432 -2.5381 7.9602
0.9963 -2.6960 4.2109
-1.9875 -0.5716 6.7208
-7.9844 0.1055 4.6067
5.0552 -0.1453 11.6377
3.1819 -0.3696 10.1089
3.2756 -2.3754 5.2868
-0.4573 0.2890 9.3194
3.4697 -0.6349 9.7465
5.5079 -2.7962 6.6171
4.8603 -2.2506 6.5776
4.8731 -0.0628 5.1430
3.1532 -2.0466 5.4492
1.3768 0.1052 10.0125
-1.9115 -1.1217 5.6686
2.8555 -1.7005 5.9981
4.5221 -2.7902 6.0596
5.4693 -1.3834 9.4098
-4.0117 -0.6345 5.4264
7.1999 -1.4232 10.3301
11.7468 5.2889 26.3307
2.7201 -2.9603 4.6799
-5.1260 -0.4729 5.1049
4.3959 -0.3842 5.4421
6.2180 0.1051 12.8082
1.9937 -2.1393 4.8275
-2.7884 -0.8947 5.6145
-1.6368 -2.1284 3.8213
1.6950 -2.7157 4.5753
10.2907 4.9024 24.7196
3.1200 -2.6896 5.4504
7.5438 6.6662 26.6476
6.6183 -2.8080 7.2349
9.7743 2.9842 20.5991
5.3804 -1.8782 7.4861
5.3351 -0.4049 11.2822
5.9901 6.6661 25.7500
1.8472 -2.9109 4.2743
3.3065 -2.6962 5.5448
6.4311 -2.8531 7.0368
-1.5352 -0.9478 6.2324
2.2083 -2.9360 4.4328
5.9046 -0.1453 12.1282
5.4263 -2.7843 6.5935
-2.5938 -0.9737 5.5694
4.4280 -2.6963 6.1923
1.3847 -2.9602 3.9088
5.6769 -2.8475 6.6124
3.8381 -1.2365 7.6965
5.9498 -2.1962 8.0678
3.4731 -2.1544 5.4957
0.0931 -2.6691 3.7429
4.6666 -2.0860 6.5474
1.7035 -2.8797 4.2535
-1.5279 -2.1513 3.8387
-2.4861 -1.6063 4.3711
-0.1040 -2.6056 3.7556
-12.3270 2.1505 6.1734
-10.2087 2.8684 8.8273
-0.5703 -2.2795 4.1362
6.7568 -2.7963 7.3381
0.2282 2.9840 15.0855
7.7529 -1.5720 10.3529
4.0464 -2.3913 5.7408
2.7704 -2.1676 5.3225
7.9127 -1.3836 10.8207
5.0119 -2.1510 6.7344
6.6493 -2.6207 7.6259
-10.3507 2.0593 7.1330
6.1229 4.3768 21.2652
0.8280 -2.6960 4.1138
5.2866 -2.0786 7.0778
6.5289 1.4108 15.5897
5.1632 -2.9509 6.1096
1.7901 -0.5718 8.9022
6.0220 -1.5361 9.4248
11.0039 4.9025 25.1316
6.9048 -2.2071 8.5977
6.4300 -2.9413 6.8604
4.0460 -2.9605 5.4454
-2.0576 -1.8582 4.1167
9.6367 0.0183 14.6097
8.1576 -0.6659 12.3922
-2.3780 2.5426 12.7006
12.0096 1.6383 19.2082
-0.4852 -2.3288 4.0871
1.6162 -2.7598 4.4419
3.7055 -0.5396 10.0727
6.2250 -2.0204 8.5771
4.4232 0.0197 5.4125
6.9012 -0.1845 12.6258
1.3246 -2.8133 4.1669
-0.6443 -2.1285 4.3943
2.2711 -2.1971 4.8529
-0.5169 1.8841 12.4635
-0.6296 -0.5717 7.5050
2.5537 -1.3432 6.7792
-10.4722 1.0675 5.0866
3.3418 -2.2430 5.4245
1.9518 -2.3286 4.4966
2.9060 -2.0818 5.4247
0.8942 -2.9005 3.7445
5.3198 -2.4770 6.5328
5.6356 -2.7662 6.7504
6.3864 -2.7161 7.2840
9.6006 -0.2977 13.9592
2.3224 -2.0164 5.2423
-1.6275 -1.5536 4.9720
-4.9311 2.0593 10.2631
-11.0141 2.6478 7.9227
0.4207 -2.0815 5.1030
1.9243 -2.8744 4.3916
-1.4834 0.0187 8.1882
1.5185 -2.7958 4.3137
1.6142 -2.1575 4.7505
4.0694 -1.5968 7.1028
1.3614 -0.6655 8.4678
-0.4258 -2.3094 4.1601
4.7179 -0.7551 10.2279
5.9320 -0.1453 12.1441
-4.4159 0.0617 6.5802
-12.8772 1.8842 5.3249
-3.2693 3.4848 14.0633
-5.0700 6.4092 18.8505
-0.1009 -1.5715 5.8180
-2.2296 -1.8438 4.0461
-6.1752 -0.4044 4.6355
-19.4594 5.9301 9.5854
1.8799 -2.8191 4.4761
5.5772 -2.7477 6.7536
1.4785 -1.4410 3.8249
3.3898 -2.0030 5.7088
-5.3708 1.8001 9.4926
1.7803 -1.1017 6.6976
3.4021 -2.2901 5.3577
4.5578 -0.2868 5.6392
3.1931 -0.8123 9.2332
4.2057 -2.7722 5.9127
-3.7032 4.0578 14.9544
3.2285 -1.4460 7.0356
2.0580 -1.6697 5.5402
1.1876 -2.7899 4.1344
-4.9271 -0.6652 4.8365
1.3031 -2.9057 3.9703
3.5190 -2.7476 5.5652
0.0513 -1.9145 5.2224
1.6043 -2.4035 4.3313
-2.1009 -0.9214 5.9582
1.5458 -1.2846 3.7734
6.6084 -1.7387 9.3598
0.7239 -2.9457 3.5562
2.3687 -2.7286 4.9388
-0.7149 -1.9683 4.6728
-14.5418 4.5443 9.6643
1.7692 -2.7720 4.5060
2.6512 -1.7379 6.0091
3.5935 -2.8691 5.3660
6.0488 -2.8747 6.7729
-14.0515 2.7564 6.3847
-3.4852 1.1328 9.2521
11.2059 0.8796 17.2321
2.8908 -1.1350 7.0400
4.5414 -2.9263 5.7996
5.5377 -2.1005 7.1486
4.3554 0.0068 5.4798
2.2453 -2.8850 4.5558
5.0121 -2.1295 6.8006
0.4670 -2.1514 4.9905
1.2435 -1.4388 5.8095
6.0999 -2.9163 6.7195
4.6285 -2.6897 6.3213
-0.3316 -2.0694 4.6927
-3.5387 -1.4988 3.9775
7.2523 -2.0330 9.1452
6.6097 -2.2389 8.3637
6.3038 -0.9219 10.8114
-7.4734 -0.0645 4.5630
2.4554 -2.8134 4.8198
3.9054 -2.8956 5.4934
1.9789 -2.0813 4.9336
2.8515 -2.7093 5.2560
8.0483 0.4878 14.6280
5.4497 -2.7352 6.7050
2.9091 -1.9250 5.7252
4.1940 -2.8956 5.6600
3.7830 -1.0983 9.0041
5.9856 -1.6907 9.0958
4.9156 -2.4124 6.2636
4.5370 -2.0827 6.4613
-0.4519 -2.2488 4.2657
4.2200 -0.3274 6.0005
5.1616 -2.9653 6.0800
-3.3817 -0.9214 5.2187
2.0810 -1.9151 5.0876
10.0644 6.9347 28.6384
6.4337 -0.6350 11.4581
5.5740 1.5606 15.3365
-3.6006 -0.4045 6.1222
5.5579 -2.9214 6.3965
5.7191 3.6209 19.5258
1.5364 -1.2561 3.7897
-9.3988 0.9410 5.4546
4.1749 -0.9481 9.5296
-2.2638 5.4935 18.6466
2.5524 -2.8361 4.8306
5.2784 -2.9509 6.1761
4.6711 -2.1665 6.5001
10.2319 0.5937 16.1001
7.8924 -0.6659 12.2391
-1.6777 -0.5065 7.0295
6.4083 -2.9010 6.9282
10.0381 0.4365 15.6748
6.5088 -2.6490 7.4884
-5.0411 0.4369 6.9668
1.6683 -2.5485 4.4740
3.8611 -2.9557 5.3482
2.1172 -1.5288 5.9790
7.0767 -2.3390 8.4341
3.9120 -2.5702 5.7891
0.2691 -2.7091 3.7650
2.1413 -1.7943 5.5064
-13.2463 2.0593 5.4607
5.6896 -2.1518 8.0060
3.4148 -1.4390 7.0638
3.9222 -2.8306 5.6326
2.9999 -2.8134 5.1342
0.1762 -2.1170 4.8912
9.1212 -0.1057 14.0650
3.7795 -2.6249 5.7488
2.4243 -2.9261 4.5773
0.1355 -2.4299 4.2442
-0.4923 -2.4122 3.9169
2.1204 -1.4666 6.4186
6.2680 1.4108 15.4390
0.4511 -0.0648 9.1391
5.0000 -2.9061 6.1048
7.2617 -2.4038 8.4118
4.5674 -0.1953 5.0537
-0.2406 -2.1169 4.6505
-8.1138 0.7047 5.7259
10.3516 0.1950 15.3747
5.8363 -2.9314 6.5373
-1.0694 -2.2693 3.8682
-18.2072 5.9302 10.3088
3.0642 -1.8398 5.9630
5.1026 -2.2373 6.6401
4.9382 -2.8419 6.1969
1.1507 -2.8796 3.9343
4.2657 0.0501 5.3219
4.9217 -1.5252 7.8832
3.7226 -2.7722 5.6339
-6.5447 2.0593 9.3312
3.5220 -1.7192 6.6979
-1.3025 -1.6573 4.9532
1.4176 -1.5491 3.8619
12.2681 5.4944 27.0412
3.8285 -2.4755 5.6686
5.7743 -2.1174 8.1235
7.3175 -1.7387 9.7693
3.4823 -2.8798 5.2805
2.0748 -2.8902 4.4469
6.5565 -1.7387 9.3299
5.7370 1.3387 14.9886
6.0230 -2.4980 7.5087
2.2035 -1.8374 5.5286
-3.6301 6.1649 19.1953
-2.9577 2.2444 11.7716
8.3256 2.3410 18.4806
-4.5714 -0.7835 4.8063
6.4104 -2.3672 7.9930
-1.1793 -1.3216 5.6931
7.6263 -2.1519 9.1242
-12.6680 2.9838 7.6370
5.1761 -2.1657 6.7889
4.1695 -2.3276 5.8646
-1.1142 -1.4613 5.4525
4.7637 -2.1202 6.7705
-3.5350 -0.0233 6.9196
5.1442 -2.7160 6.5668
3.9983 -2.9008 5.5367
1.8364 -1.0247 8.0264
3.9111 -1.4668 7.2576
0.3189 -2.5910 4.0291
-1.0841 2.1505 12.6667
5.9177 -2.0119 6.7681
5.9022 -1.7638 6.6691
3.0083 -1.6928 6.1349
8.6968 -0.8681 12.3006
2.4480 -2.1443 4.8388
4.3743 -2.7029 6.1482
-1.1189 -2.1169 4.1434
7.9798 2.4403 18.4790
1.5906 -2.5494 4.4311
-0.3247 -1.4227 5.9853
6.2339 -1.1688 10.2791
4.5750 -0.1928 5.0177
4.8282 -2.9605 5.8970
-0.2911 -2.5375 3.7833
2.8447 -2.4271 5.0740
5.9553 -2.8958 6.6769
-3.3154 -1.1451 4.8112
0.5982 -2.3289 4.7126
4.8868 -2.8419 6.1672
0.6120 -2.8953 3.5919
-3.0517 1.6384 10.5098
-0.2904 -2.0325 4.7901
7.4232 -2.2178 8.8756
3.2266 -2.1682 5.2526
2.0751 -1.7234 5.6859
0.5385 -2.8471 3.6456
5.3822 -2.0533 7.0927
4.3796 -2.7782 6.0012
-4.2214 0.1954 6.9591
4.8317 -2.3967 6.2066
-4.9997 0.7047 7.5243
1.0166 -2.8901 3.8359
3.2428 -1.6068 6.3313
1.9843 -2.8191 4.5364
-0.2010 -1.9944 4.9176
0.8313 -2.7658 3.9766
-0.7173 -1.8439 4.9193
5.4379 1.8000 15.7350
1.0408 1.9705 13.5352
5.9292 -2.9061 6.6413
2.9415 -0.5067 9.6969
4.7703 -0.1392 5.0552
0.2706 -2.2385 4.7036
4.7756 -2.0223 6.7876
0.6244 -0.3338 8.7033
3.0762 -2.8249 5.1554
3.9080 -2.7600 5.7652
5.0325 -2.7539 6.4267
5.4673 4.7203 21.5708
5.5541 2.2444 16.6876
-1.7136 -0.9478 6.1294
3.3290 -2.7538 5.4432
-7.2559 0.5942 6.0010
5.9432 -2.3098 7.8375
1.4965 -2.2750 4.7074
5.3419 -1.0983 9.9043
5.7528 -1.2581 9.8233
0.7245 1.1998 11.8168
6.9316 -0.8405 11.3363
4.9130 -1.2010 8.4235
5.1316 -2.7352 6.5213
4.4371 -2.9605 5.6712
9.9082 -0.2607 14.2106
2.9778 -2.1610 5.2657
9.7482 -0.2607 14.1182
6.7753 -2.1519 8.6329
3.4153 -1.8547 6.1648
8.8502 2.0593 18.2224
-10.5162 2.0593 7.0375
-3.0360 -0.1841 6.8874
4.0784 -2.8852 5.6141
3.2389 -2.8018 5.2953
5.3947 -1.9718 7.3588
-6.0346 0.2891 6.0986
5.9211 -2.3293 7.7860
-2.8461 0.3865 8.1342
4.5639 0.4293 5.5446
4.4826 -0.7551 10.0920
4.1385 0.7616 12.9154
2.7242 -1.9003 5.7018
5.0421 -2.4101 6.3312
4.3893 -2.3360 6.0127
3.6440 -2.6829 5.7662
-2.4071 2.0593 11.7208
2.2402 -2.7027 4.9160
1.9903 -2.4487 4.6026
1.7028 -1.5386 5.8252
5.6667 -2.8958 6.5103
2.8337 -1.0203 7.3726
1.7674 -0.6035 8.8258
5.5367 -2.2116 7.0552
7.5394 -2.2285 8.9215
3.4673 -1.0200 7.6488
-7.1222 1.9705 8.8208
4.3591 -1.1848 8.2229
6.9683 -0.6350 11.7667
3.8695 -2.9411 5.3821
4.2585 -2.9263 5.6363
8.9109 4.2147 22.5522
-3.3517 -1.3215 4.4387
-1.0543 -0.1842 8.0318
1.4430 -1.5989 3.9098
13.4520 4.7206 26.1831
4.0628 -2.0176 5.9633
5.6987 -2.2490 6.9425
3.6061 -2.7476 5.6155
5.2687 0.8200 13.6844
7.6354 -0.9742 11.4762
5.0739 -2.4129 6.3561
1.4176 -0.9995 7.8348
2.1127 -1.7389 5.4365
6.1967 -1.6069 9.3847
7.8628 -0.5069 12.5387
5.3924 -2.8364 6.4703
5.2610 -2.5818 6.5657
9.4280 0.7043 15.8562
3.1438 0.7616 12.3410
1.4332 -0.1054 9.6254
6.0540 -2.8194 6.8861
4.7832 -2.5516 6.2789
7.7077 -1.2798 10.9090
1.9385 -2.7027 4.7419
5.3529 -2.7783 6.5631
-6.7613 1.8001 8.6896
-6.2782 2.6479 10.6579
0.2425 -1.8868 5.3882
6.4690 -1.6410 9.4739
7.8205 -1.1223 11.2881
-1.5872 -0.4391 7.2161
-3.4160 -1.2357 4.5726
5.5021 -1.0249 10.1432
3.5984 -1.8010 6.5495
4.5383 -2.1572 6.2706
3.8928 -2.9060 5.4655
-12.2166 3.7610 9.4463
9.4031 -0.3341 13.7726
5.0890 -2.2588 6.5457
0.8010 -2.8689 3.7537
3.7383 -2.2201 5.6586
5.0590 0.1497 12.2277
6.4259 -1.9949 8.7439
6.0367 -2.1631 8.1840
3.0980 -2.8077 5.2024
4.3338 1.7181 14.9342
3.9117 -2.8904 5.5074
4.2185 -2.4388 5.8658
2.1442 -1.9876 4.9826
0.9598 -2.8796 3.8241
6.6821 -1.1916 10.4925
0.5919 -2.3192 4.7282
-0.5065 -1.9551 4.8195
3.6284 -1.9528 6.0205
2.1501 -2.0018 5.0382
-10.7549 2.7564 8.2887
-8.6885 2.5425 9.0559
5.6269 -0.6657 10.9309
1.6924 -2.5604 4.5418
-7.8298 0.3867 5.2562
1.4315 -1.6370 3.9286
2.7819 -2.8528 4.9299
-7.3411 0.4369 5.6385
4.3596 -1.7708 6.9104
4.4929 0.2415 12.0838
-3.6832 -0.4730 5.9380
4.3801 -2.5695 6.0578
-12.7936 6.4086 14.3887
6.2487 -2.6420 7.3522
4.7514 -2.1337 6.7606
2.8412 -1.0609 7.3116
-2.9078 -1.3627 4.6129
5.4761 -2.3491 6.6729
0.3538 -2.6554 3.9208
2.9939 -2.1769 5.2849
1.2778 -2.2205 4.2397
5.2983 4.9022 21.8357
1.5220 -1.2591 3.8147
4.0891 -1.9535 6.2889
1.3681 -2.7899 4.2386
5.9931 -2.2284 8.0287
-3.6900 -1.0978 4.6890
3.3615 -2.2487 5.4176
0.6792 -2.9159 3.5898
5.2748 -1.9362 7.2668
3.6079 -1.0832 7.8752
-1.3225 -2.1513 3.9572
3.8452 0.5939 12.4118
2.9846 -1.2667 7.0251
-15.9127 4.5443 8.8724
2.3486 -2.4628 4.8137
10.9141 2.5427 20.3776
-6.4421 0.7047 6.6913
-9.1500 1.4849 6.6820
-1.4730 -0.5393 7.0823
6.0230 -1.4323 6.4590
4.7867 -1.0983 9.5837
4.9892 -2.3036 6.4036
5.6507 -2.9558 6.3814
6.0078 -1.4803 6.4854
-0.3548 -1.0739 6.6629
-7.0325 0.7618 6.4642
5.4220 -2.8419 6.4762
4.5553 -1.6845 7.3995
4.9524 -2.9653 5.9592
-0.6450 -1.7996 5.0493
-3.8490 -1.3004 4.1935
0.0994 -2.3760 4.3307
-3.2634 -0.9992 5.1319
-6.6733 1.9705 9.0801
3.8317 -2.6762 5.8880
2.3018 -1.4028 6.4273
6.9248 -2.4816 8.0622
-3.2378 0.6488 8.4305
0.1757 -2.7156 3.6981
12.3690 2.0593 20.2547
6.1842 -2.6696 7.2598
4.4919 0.8797 13.3548
3.4073 -1.0248 8.9336
-0.2015 -0.8677 7.1624
7.5876 -0.2606 12.8705
1.3784 -2.7598 4.3046
-1.7472 -1.1911 5.6252
-2.1426 -1.8144 4.1548
6.9928 -2.7096 7.6470
7.0602 -2.6899 7.7254
-10.8894 1.2686 5.2465
0.1789 -2.6057 3.9189
2.8798 -1.6718 6.1284
0.5187 -0.5394 8.2324
6.2394 -0.6350 11.3458
4.4504 -2.6963 6.2053
5.2622 -2.8747 6.3188
1.5073 -1.3463 3.8403
-7.8395 0.1055 4.6903
-0.6936 2.4403 13.4696
14.7631 4.3772 26.2560
1.7946 -2.8850 4.2956
4.2783 -1.3786 7.7357
-0.5842 -2.2795 4.1282
0.6537 -1.5143 5.4911
-6.3357 -0.1051 5.1392
-1.5550 1.0034 10.1090
4.1993 -2.9060 5.6425
-1.0506 -1.7996 4.8151
5.1342 -2.8363 6.3212
-4.4285 1.4110 9.2615
-1.9644 -1.4226 5.0385
3.2272 -2.4131 5.2908
2.8768 -1.7244 5.9683
4.0107 -2.3001 5.7343
3.6170 -2.7476 5.6218
7.9912 -1.4618 10.7100
1.6587 -2.8581 4.2705
5.4100 -2.4323 6.5387
-6.5952 0.4369 6.0693
4.8867 4.5452 20.8868
7.2078 -2.1291 8.9281
1.1379 -2.0751 4.6707
2.1682 -1.2453 6.5063
3.3683 -1.4061 7.0826
9.5101 0.7615 16.0174
-0.5870 -0.6347 7.4040
2.4096 -0.9740 8.4586
-3.6285 -1.1216 4.6771
6.7048 -0.7841 11.3177
5.0007 1.8000 15.4825
1.4274 -2.9210 4.0117
7.2129 -2.4128 8.3657
4.4350 -0.2088 5.3632
4.8521 3.3536 18.4923
4.5634 -2.5879 6.1763
2.8333 -2.4984 5.1180
-5.2196 0.0617 6.1161
7.0668 -2.6135 7.8813
-3.0472 0.0187 7.2851
7.6398 2.2444 17.8922
-0.1699 1.4848 11.8682
0.7718 1.8841 13.2077
6.4118 -2.8748 6.9826
3.3689 -2.9059 5.1631
2.5444 -2.1936 4.9650
3.9910 -2.4076 5.7187
1.5002 -2.3171 4.4253
8.1940 -1.2583 11.2328
3.4447 -2.8077 5.4026
1.2710 -2.0832 4.7253
2.3718 -1.7699 5.6729
2.8726 -0.6959 9.2801
4.6537 -2.3935 6.0964
2.9676 -2.3596 5.1001
-8.9321 6.4089 16.6194
3.4230 -2.9008 5.2046
7.0233 -2.6420 7.7994
8.3456 0.7044 15.2311
1.4916 -2.7027 4.4838
4.8802 -0.0873 5.1469
-6.7075 0.6488 6.4267
4.7824 -1.5565 7.7589
5.6030 -2.1603 7.0615
-10.9392 1.1329 4.9474
-3.6820 -0.7547 5.3774
6.7087 -2.3099 8.2795
2.4768 -2.8472 4.7647
-0.3538 -1.5537 5.7074
0.3451 -2.0815 5.0594
-11.5259 1.3390 5.0190
4.5257 4.9021 21.3895
7.4079 0.8796 15.0388
4.2053 -2.0164 6.3816
4.3050 -1.9361 6.6412
-0.1573 -2.1738 4.5854
2.4221 -2.4819 4.8713
5.1424 -0.4342 8.0441
5.1780 -2.8136 6.3918
-5.6103 0.1955 6.1570
7.1711 -2.3390 8.4886
0.0530 -1.8293 5.3931
5.3147 -1.9160 7.4783
-0.2069 -2.1052 4.6933
6.0378 -1.2813 6.4332
-0.9486 -1.7692 4.9345
3.1245 -2.0220 5.5759
0.5288 -0.6227 5.5439
-0.4180 -1.3006 6.1746
4.9083 -0.8404 10.1679
-0.3303 -2.3942 4.0462
1.5815 -2.2896 4.5352
1.4089 -2.1823 4.8027
-4.6148 1.4110 9.1539
-14.1205 4.3760 9.5721
1.8230 -1.9020 5.1894
4.1482 -2.9557 5.5140
1.1029 -2.0369 4.7241
-14.6378 2.3408 5.2181
2.5959 -1.9349 5.6499
4.1242 -1.6630 7.0043
4.1836 0.4879 12.3961
0.0773 -2.4893 4.0922
-11.5845 3.2260 8.7454
1.6504 -2.4547 4.4490
2.7390 -2.1913 5.3364
5.2321 -2.4251 6.4474
3.0646 -1.6033 6.3197
8.6143 4.7204 23.3887
3.6952 -2.1836 5.4992
6.5508 -2.3389 8.1304
-4.2668 0.4882 7.5162
-1.3626 1.8841 11.9751
-2.5798 -1.0979 5.3300
7.9344 -1.4808 10.6395
1.0249 -2.7839 4.0523
2.1746 -2.5497 4.7688
1.3727 -2.9310 3.9602
-14.6621 3.4845 7.4829
5.5032 0.4879 13.1582
6.4212 5.7083 24.0905
5.0624 -2.8250 6.3022
3.4806 -1.9455 5.8511
1.1652 -2.8689 3.9640
-0.5694 0.0616 8.8015
2.6590 -2.8018 4.9605
-6.7699 0.7047 6.5020
6.5791 -2.8586 7.1114
1.6033 -2.7027 4.5483
-5.3459 6.4092 18.6912
1.8871 -2.4301 4.5284
3.2764 -2.7660 5.3883
-1.1539 0.3865 9.1114
-5.2224 2.5425 11.0578
-0.4879 -1.9417 4.8569
6.7440 -1.7697 9.3762
7.7926 0.5938 14.6914
5.0611 -2.8584 6.2349
1.3681 -2.0299 4.8503
-0.9762 -0.7255 6.9983
-10.8712 2.2443 7.2011
6.3253 -1.4807 9.7104
3.6979 -2.7538 5.6562
6.9127 -0.9998 11.0079
0.3571 -2.6960 3.8419
5.8414 -2.8853 6.6321
4.3320 -2.7094 6.1108
-2.8334 -1.6572 4.0692
-1.8144 -1.9943 3.9860
0.7808 -0.1452 9.1694
5.6999 -2.4449 6.7349
-1.1394 -2.0198 4.3249
-3.1482 -0.3336 6.5247
5.3479 -2.5817 6.6156
7.5161 -1.2141 10.9292
2.9917 -0.5067 9.7259
2.4862 -1.5385 6.2766
5.4790 3.9072 19.9576
7.3833 -1.0498 11.1799
3.4774 0.3371 11.6877
5.4753 -1.6906 8.8011
-3.5051 -0.9992 4.9923
7.8816 -1.0499 11.4677
-1.1222 -2.3191 3.7385
-0.1480 -2.5453 3.8504
0.4067 0.0615 9.3651
-11.1094 2.9838 8.5371
1.6030 -2.8797 4.1955
1.8556 -2.7780 4.5438
5.0712 -2.1366 6.7665
-6.6442 4.9016 14.9372
3.4592 -2.9556 5.1162
1.2487 -2.8075 4.1346
3.9161 -2.7029 5.8837
3.1975 -0.4048 10.0478
-1.8165 1.9705 11.8850
2.5037 -2.1795 4.8670
7.1918 -2.0820 9.0126
-0.8438 -0.9479 6.6317
-5.2785 -0.8946 4.1766
5.0000 -2.3075 6.3874
10.0893 -0.1057 14.6240
-4.3496 1.3389 9.1634
-9.1175 3.4846 10.6854
4.5634 0.2611 5.4915
0.6751 0.3372 10.0695
0.7383 -2.6960 4.0620
5.2622 -1.9382 7.2682
2.7096 -0.5395 9.4976
5.8904 -2.8693 6.6922
3.2517 -1.9819 5.7009
1.0000 -2.7026 4.2000
2.4379 -1.7353 5.8706
3.6826 -2.8418 5.4720
0.6848 -2.9108 3.6031
1.8583 -1.2064 6.2989
2.7894 -2.7475 5.1440
6.1683 0.6485 13.8624
4.5309 -0.3251 5.5098
-1.8543 -1.5356 4.8769
6.7930 -2.8586 7.2349
6.0144 -2.5380 7.4239
7.0013 2.2444 17.5234
5.1788 -2.7030 6.6127
0.5821 -2.8953 3.5746
3.0889 -1.7954 5.9800
4.8615 -0.1752 5.0978
-0.2700 -1.6573 5.5494
5.9179 -2.9413 6.5647
-1.9291 -1.2793 5.3445
11.6388 1.8000 19.3162
-0.7230 -1.5537 5.4943
4.6076 -2.9557 5.7792
-0.0317 -2.1514 4.7025
4.8541 -2.3475 6.1888
3.4604 -2.8019 5.4232
12.0739 4.9025 25.7496
5.4885 -2.7903 6.6176
3.4526 -1.8648 5.9640
11.7816 6.6665 29.0958
-2.6675 -1.2576 4.9611
1.6408 -2.7221 4.5312
-4.7466 -0.9476 4.3780
6.8603 -2.6765 7.6366
9.4934 0.8199 16.1242
14.1335 3.6212 24.3859
5.2371 -2.1632 6.8595
3.9677 -1.8184 6.3104
-4.1148 2.7565 12.1239
-0.0076 -2.0572 4.9041
2.8593 -2.8417 4.9966
4.2462 -1.7594 6.8697
5.9224 -2.9654 6.5192
4.9144 -0.0590 5.6443
3.0401 -2.8798 5.0252
1.2233 -2.8635 4.0083
2.2686 -1.9092 5.4132
4.6068 0.4044 5.5812
1.2635 1.1998 12.1281
5.0409 -2.8530 6.2341
6.5872 -2.2699 8.2891
5.1266 2.1505 16.2537
5.9785 -2.6061 7.2675
4.9834 -0.8057 8.2689
1.3078 -2.0939 4.7339
5.9823 -2.5988 7.2843
2.6584 -2.1211 5.0373
5.0316 -1.6177 7.9614
3.5031 -1.7241 6.6136
4.7573 -0.2211 4.9780
-12.7904 3.7610 9.1149
-12.4109 2.1505 6.1250
10.6317 3.9074 22.9338
1.4735 -2.5064 4.3512
5.8854 -2.2493 7.9248
3.5938 -2.0212 5.7500
-20.3420 4.3757 5.9784
7.0817 -1.9012 9.3093
4.2453 2.1505 15.7447
4.8010 -2.0051 6.7915
-1.3131 -1.9943 4.2754
5.8777 -1.8247 6.7118
3.6253 -2.5127 5.5795
2.1120 -1.7507 5.4186
4.7090 -0.3104 5.1762
7.3040 -2.4128 8.4183
-14.9995 5.7069 11.7164
5.7596 -2.4824 6.7989
0.4483 -2.5454 4.1947
7.4075 0.5938 14.4690
1.6601 0.1952 10.3555
6.0475 -1.2377 6.4163
-0.7353 -2.2694 4.0611
-4.1900 0.1500 6.8867
6.2369 -2.8531 6.9247
10.3309 3.1034 21.1581
2.4979 -2.3957 4.8574
6.2543 -2.6832 7.2734
8.6830 3.4851 20.9668
-1.3441 1.5606 11.3411
1.2347 -2.2437 4.3147
-4.9846 -0.9736 4.1889
2.3062 -2.9311 4.4992
0.2140 -0.7837 7.5696
3.4948 -2.2140 5.3690
3.7026 -2.7600 5.6466
2.3182 -1.7131 5.5807
1.4000 -2.9506 3.9368
6.5849 -2.3294 8.1692
-9.5763 1.8842 7.2313
-11.9485 5.2876 12.6429
3.4640 -0.9579 7.7894
4.5787 -0.1945 5.0385
2.7247 -2.9507 4.7017
1.4144 -1.2164 6.2927
2.4795 -2.1517 4.8433
7.7890 -1.9950 9.5310
5.6642 -2.6898 6.9193
5.5694 -2.8020 6.6409
3.3980 -2.4453 5.4073
-10.1071 2.3409 7.8348
-6.2337 -0.5714 4.2689
4.3723 -2.9653 5.6243
3.8956 -2.4208 5.6659
1.1107 -0.7256 8.2033
8.3211 -0.7259 12.3670
3.1989 -1.4699 6.8794
2.4962 -1.9984 5.1290
6.1934 -1.7386 9.1202
5.7540 -0.0650 12.2014
6.3830 0.4879 13.6663
3.2469 -1.8064 6.1278
-0.6700 4.2143 17.0181
2.1051 -2.8850 4.4748
1.3759 1.8841 13.5566
2.2820 -2.8472 4.6522
-10.0227 2.8684 8.9347
0.2022 -2.7719 3.6013
0.8113 -2.8415 3.8142
-3.1790 0.2418 7.6534
0.8787 -2.6130 4.3085
-10.2174 1.8001 6.6935
2.9598 -2.4798 5.1770
-2.6411 -0.2225 7.0390
2.7049 -2.8417 4.9075
1.3499 -1.1414 6.4044
4.4554 0.1873 5.4453
-3.7915 -0.6033 5.6158
1.7805 -1.1006 6.6369
16.2497 6.4109 31.1669
0.0680 -2.2489 4.5659
4.3290 -0.1739 5.3861
5.5788 -2.4337 6.6392
6.0638 -0.4734 11.5664
3.1907 0.5404 11.9272
4.7360 -2.8638 6.0364
3.4210 -2.9556 5.0941
2.7727 -2.9507 4.7294
-1.0138 -2.2591 3.9207
4.4981 -0.4201 5.6302
-1.9212 -0.9215 6.0620
7.1162 4.5453 22.1746
5.2823 -1.4993 9.0709
8.0562 -0.9743 11.7191
4.4815 -2.1451 6.2408
1.9619 -2.2709 4.5708
1.8474 -1.4176 5.9176
1.7625 -2.9360 4.1754
-0.9334 -1.8439 4.7945
-2.1911 -1.0493 5.6513
7.6652 -1.6070 10.2326
-8.0818 0.1501 4.6392
5.9433 3.3536 19.1226
-8.8167 4.2140 12.3124
6.8229 -2.3672 8.2312
5.4716 -2.0151 7.2745
10.5381 0.7614 16.6111
4.0874 -2.0009 6.0562
-3.9109 -1.3627 4.0337
3.0790 -1.2215 7.3762
3.0997 -1.3316 6.9187
7.9553 -1.6070 10.4001
-0.3333 -0.8401 7.1412
4.3086 -0.2627 5.3854
1.3629 -0.8122 8.1764
-1.7147 -1.0493 5.9265
3.0873 -2.5558 5.3090
1.0523 -1.5305 5.7004
-16.9461 3.6203 6.4344
-0.5989 -2.0325 4.6120
4.8967 -2.6558 6.5438
1.2821 -2.9650 3.8401
4.3625 -1.2042 8.1951
-12.3942 1.8842 5.6039
-3.7578 1.4110 9.6489
3.4827 -2.4111 5.4334
6.0559 -2.8640 6.7985
1.9867 -2.0970 4.9004
6.0078 -1.4910 6.4854
4.5144 -0.1986 5.1412
1.1178 -1.8708 5.0673
-0.0792 -2.0449 4.8872
-22.2326 6.1635 8.4489
4.3096 -2.8638 5.7902
2.2246 -1.4777 6.2137
1.4602 -2.2761 4.4636
1.5788 -2.1421 4.7688
-2.2719 -1.1217 5.4605
4.3724 -2.7287 6.0956
0.2522 -2.8189 3.5363
4.7805 -0.1042 5.0290
-5.4378 -0.1449 5.5784
3.7848 -1.3552 7.3878
4.9840 -1.5585 8.0570
3.7860 -1.8720 6.5360
10.0068 0.2887 15.3622
-3.6087 1.4109 9.7350
4.5725 -0.2982 5.1092
-0.2809 -0.9215 7.0092
3.6231 -1.6665 6.8553
5.4600 -2.8530 6.4761
-1.2516 1.1998 10.6756
4.2874 -2.8363 5.8323
3.5503 -2.9508 5.1784
-1.0328 0.7046 9.8151
1.2474 -2.2338 4.5633
-0.7457 -2.2384 4.1168
-1.6139 -0.0647 7.9466
8.9813 0.2887 14.7700
0.2828 -2.2896 4.6087
-4.7201 -0.3335 5.6171
3.8010 -2.0797 6.0738
2.6861 -2.6761 5.2266
-3.8491 0.8202 8.4189
4.5243 -2.7600 6.1210
-4.0701 -0.0233 6.6106
-0.3063 1.9705 12.7573
5.2803 -2.3445 6.5483
4.7057 -2.3955 6.1311
13.4904 5.0919 26.9451
4.9851 -1.6593 7.7121
-0.8289 4.5450 17.5853
-4.7465 -0.8399 4.5928
4.2284 -0.5396 10.3746
2.6112 -2.1226 4.9407
-9.1005 0.8800 5.5052
3.2362 -1.9344 5.7761
4.4406 -2.1883 6.1909
-12.1425 4.5445 11.0502
0.3694 -1.2215 5.8148
3.6616 -2.6762 5.7898
1.3280 -1.8801 4.0312
-0.8546 1.2685 11.0417
7.4909 -0.7259 11.8875
3.3604 -1.7600 6.1083
-10.3242 0.9411 4.9202
-8.5727 0.7048 5.4609
5.9178 -2.2389 7.9643
6.6044 -2.4732 7.8939
2.4314 -1.5515 6.2075
-12.9996 4.9012 11.2661
2.3195 -2.1967 4.7411
-2.6643 3.4848 14.4128
2.5094 -2.8417 4.7946
-8.4068 0.8202 5.7868
2.4296 -2.3109 4.7583
5.3602 -2.8419 6.4406
4.6078 0.4626 5.5747
3.2689 -0.7257 9.4496
2.9130 -2.6761 5.3576
0.7822 -1.7148 5.1969
5.2564 -2.8475 6.3696
0.9009 -1.8220 5.1989
-0.3169 -1.5537 5.7288
-4.0663 -0.2601 6.1409
6.5184 5.9319 24.5923
5.3803 -2.2373 6.8388
5.8358 -2.8958 6.6080
-0.2354 -1.8439 5.1976
6.2714 -1.5179 9.6052
4.4370 -1.7527 7.3293
2.5866 -1.6923 5.9882
0.2329 -1.8726 5.4108
-5.0003 3.2262 12.5483
2.3135 -2.1882 4.6819
5.1674 -1.5360 8.9313
7.5557 -1.9151 9.5555
5.1193 -2.7539 6.4768
5.9097 -2.1518 8.1331
2.5381 -2.5525 4.9850
3.0568 -0.6349 9.5080
-5.2483 0.6488 7.2694
6.0514 -2.7903 6.9426
4.5399 -2.2353 6.0949
3.8977 -2.8249 5.6297
11.3047 1.4847 18.4950
2.2381 -1.6020 6.2247
0.7811 -2.7091 4.0606
7.1277 -2.4563 8.2297
6.3061 -2.9164 6.8386
4.1727 -2.9652 5.5090
1.3713 1.1998 12.1903
1.3083 -1.0599 6.3381
1.2983 -2.7221 4.3335
-7.5884 1.3389 7.2930
4.8613 -0.2867 5.0995
6.1769 5.2886 23.1132
4.6958 -1.6146 7.6027
5.1768 -2.7224 6.5728
3.9834 -1.5952 7.0410
1.8261 -1.6159 5.5785
1.3822 -2.9057 4.0160
1.2040 -2.1473 4.5695
3.9842 -2.8135 5.7025
6.2080 -2.8906 6.8333
4.9323 -2.9412 5.9957
2.2097 -1.8551 5.2668
2.8880 -2.3760 5.0645
2.6050 -0.5718 9.3728
3.7163 -2.8956 5.3842
3.4177 -2.5874 5.5138
5.0420 -2.8078 6.3248
2.5327 -1.3284 6.5432
-15.3496 5.2874 10.6782
5.3959 1.1997 14.5146
2.3538 -0.3338 9.7019
1.9500 -2.1520 4.7610
0.2200 -2.7156 3.7237
4.0734 -2.6830 6.0141
6.7386 0.7044 14.3031
2.4008 -0.6348 9.1293
-24.0919 5.7063 6.4639
3.7883 -2.5880 5.7291
2.3239 -2.4109 4.7641
5.8564 -2.1353 6.8151
-15.7734 5.7068 11.2693
7.6001 2.9842 19.3433
5.2190 -1.5894 8.8548
5.3884 -2.8530 6.4348
-4.9579 -0.5392 5.0699
2.9935 -2.4989 5.2116
7.1540 0.0613 13.2615
0.9245 -0.8949 7.7585
3.7934 -1.9866 6.2510
1.5571 -1.2400 3.7361
2.2702 0.0186 10.3558
2.9558 -1.4957 6.4724
-0.8343 -2.2895 3.9637
1.4293 -2.8133 4.2274
5.1569 -2.4247 6.3750
-2.6842 -1.4801 4.5082
4.6859 -0.3339 11.0486
2.3730 -2.8527 4.6938
4.8447 -0.0615 5.1297
5.9571 -1.3220 9.8139
6.0863 6.9344 26.3402
4.5862 0.3049 5.4700
6.5585 2.7567 18.2884
4.6371 -0.2924 5.1660
6.4528 -1.7387 9.2700
3.8920 -2.5152 5.7390
0.4400 0.9409 11.1365
-11.1272 3.1030 8.7643
2.6727 -2.3615 4.9342
-0.2008 -2.3288 4.2513
-1.4530 1.4848 11.1272
1.1937 -1.2887 6.0459
-0.1379 -2.6759 3.5961
2.9383 -1.3965 6.7155
6.7043 -2.8748 7.1514
3.0482 -2.9410 4.9079
4.7917 -0.2935 4.9911
3.7813 -1.5561 6.7475
0.5271 -2.9108 3.5121
1.9981 -2.1062 4.8932
2.1206 -1.9689 4.9990
3.2330 -1.6185 6.5291
2.7363 -2.3306 4.9545
-2.4073 -1.6901 4.2497
4.3840 0.3261 5.5764
10.0588 1.4847 17.7755
7.8110 -0.4735 12.5754
1.4411 -0.8678 8.1109
4.1858 -0.1844 11.0578
5.6425 -2.2186 6.9742
4.8996 -2.0296 6.8871
5.3855 -2.1403 7.0056
4.6540 -2.2709 6.0930
-13.3592 2.6478 6.5682
8.8887 -0.9220 12.3040
3.4637 -1.1193 7.5349
1.9371 -2.9409 4.2664
1.1128 -1.7449 5.2609
-19.4926 6.6639 11.0285
0.5967 -2.4975 4.3757
5.5731 -1.9555 8.3298
7.1516 -0.8952 11.3542
-0.3937 -2.5137 3.7715
-10.7634 1.7182 6.2151
2.5500 -2.0501 5.3949
5.3710 -0.8124 10.4908
6.3920 -2.8021 7.1158
-0.2587 -0.8121 7.2400
0.6250 -0.1722 5.2620
7.0533 -2.3765 8.3458
7.3955 -0.2229 12.8347
3.3577 -1.1793 7.4819
5.9408 -2.2177 8.0197
-0.3142 -2.0072 4.8266
2.6649 -1.6819 6.0700
1.8852 -2.7412 4.6344
3.2841 -1.8835 5.8867
2.9129 -2.9410 4.8298
6.8730 -2.6420 7.7126
1.9230 -2.8472 4.4450
-0.2718 -2.3384 4.1912
2.7363 -0.9996 8.5963
8.2997 0.0183 13.8377
3.8058 -2.9212 5.3849
-13.9180 6.6644 14.2490
2.5373 -2.2252 4.8145
4.6471 -0.3142 5.3163
1.7782 -2.3274 4.5471
-2.4769 -1.5889 4.4110
3.8618 -1.1845 7.9291
3.9503 -2.3069 5.6262
5.9969 -1.1916 10.0968
9.4396 3.4851 21.4039
0.7429 -2.8849 3.6883
2.9215 -1.5140 6.4632
7.5877 -1.5720 10.2575
-4.7903 5.4933 17.1871
7.4384 -1.9689 9.3805
-1.1445 -0.6654 7.0207
2.1287 -2.5511 4.7454
3.4101 -1.4161 7.2304
5.9187 0.7044 13.8296
3.5509 -1.8513 6.2272
2.9331 -1.5798 6.3149
3.8497 -2.8306 5.5907
3.2225 -1.6054 6.5499
2.4342 -2.0998 4.9190
2.5938 -2.8637 4.7996
3.2568 -2.4816 5.3525
4.2087 -2.1801 5.9951
6.1853 -1.4994 9.5923
4.5764 -2.8746 5.9228
4.8238 -1.8767 7.1574
-0.7994 -2.3573 3.8488
6.3077 -2.5381 7.5933
-0.1335 -1.0494 6.8394
7.2670 -2.1291 8.9623
4.4991 -2.9162 5.7953
1.8148 -2.7959 4.4847
0.1626 -2.3574 4.4043
4.3154 -0.3695 5.7217
6.0789 -2.5536 7.4302
3.5834 -2.2018 5.5529
0.5765 -0.7549 7.8364
3.3960 -2.9410 5.1087
0.5488 -2.6554 4.0334
-2.0617 -1.6738 4.4818
5.2535 -0.4734 11.0986
-1.8299 -0.7254 6.5053
-0.5913 -1.0739 6.5263
-12.9402 4.9012 11.3004
6.0700 -1.5005 6.5147
-2.3923 3.1032 13.8094
4.5745 -0.1700 4.9457
3.6502 -1.9053 6.2585
5.1639 -2.7415 6.5274
1.8858 -1.7348 5.5493
-5.8791 4.3763 14.3325
6.0782 -2.2284 8.0778
-2.8057 -1.3005 4.7959
12.4129 1.8841 19.9309
4.0528 -0.6349 10.0832
-9.3572 1.0035 5.6031
2.7107 -2.5532 5.0860
-9.4717 6.6648 16.8176
-5.6128 -0.6955 4.3802
0.6108 -2.7597 3.8615
3.6266 -2.2318 5.5251
-2.7898 -1.3627 4.6811
1.3230 -1.8099 5.2851
-16.3320 5.0903 9.7182
4.0780 -0.3172 6.1808
3.3849 -2.7782 5.4269
10.5805 0.6484 16.4104
-7.8221 0.9410 6.3652
4.7916 -0.1651 5.0629
6.2456 2.5426 17.6812
2.7609 0.0614 10.7246
4.6811 -0.3146 5.1457
5.3095 -2.2043 6.7789
-0.5199 -2.4726 3.7805
5.7277 -0.3697 11.5790
-6.9041 3.1031 11.2035
3.3821 -0.9217 9.1243
0.4377 -1.2445 5.9201
0.7407 -1.3181 5.9571
-9.7302 2.0593 7.4914
4.3247 0.0029 5.3650
1.8492 0.8200 11.7097
2.2394 -2.1079 4.7932
5.0697 -2.2197 6.6864
1.3119 -2.0096 4.1804
1.6568 -2.5664 4.4791
-1.3664 -1.4226 5.3838
4.8418 -2.3153 6.2217
1.9087 -2.7720 4.5865
-1.1708 -1.7692 4.8062
4.4993 -1.3188 8.1355
4.9514 -2.0942 6.7883
5.1209 -1.6973 7.8127
4.5950 0.7192 5.5327
-0.1164 2.8685 14.6563
4.2369 -0.2787 5.6726
2.5251 -2.8248 4.8372
-2.7711 -1.4612 4.4957
4.2713 -2.3271 5.8029
4.0627 -2.9411 5.4936
1.8962 -2.0898 4.9147
-1.8116 0.1053 8.1713
3.8066 -2.7223 5.7816
3.1896 1.1327 13.1069
0.1184 -2.0815 4.9285
1.6215 -1.8046 5.2603
1.4244 -2.8581 4.1352
11.1182 4.5455 24.4863
-1.3070 -1.2358 5.7903
3.5943 -2.2324 5.5080
9.9242 1.1997 17.1298
4.0776 -0.2203 6.0011
0.3300 0.1953 9.5874
5.4722 -0.9218 10.3313
5.2061 -2.7539 6.5270
2.4899 -1.0608 7.1030
5.3074 -1.2362 9.6097
1.4224 -2.1107 4.8092
6.3195 -2.8137 7.0508
4.1923 -1.2431 8.0496
-1.2691 -2.1052 4.0800
1.5142 -1.6732 5.4562
3.4147 0.4366 11.8499
13.9761 4.9026 26.8484
6.2496 -2.0329 8.5662
6.8557 -2.1057 8.7712
6.9728 -2.6135 7.8271
5.0915 -0.8679 10.2188
1.2453 -2.0097 5.0591
-14.0848 2.9838 6.8186
3.6161 -1.9585 6.1524
6.3061 -1.8588 8.9459
0.5671 -2.7719 3.8120
6.7454 -2.4563 8.0090
1.5023 -1.4004 3.8490
-0.7063 -1.5715 5.4684
-12.2978 2.4402 6.7675
6.9223 -1.0984 10.8168
2.6753 -2.3782 4.9469
3.2684 -1.3073 7.2299
2.6227 -2.0672 5.0843
-0.7922 -0.3695 7.8140
-0.8829 0.1499 8.7964
4.4034 -1.4653 7.7207
6.4660 -2.5062 7.7483
2.2766 -1.3027 6.5806
-5.8273 -0.0646 5.5136
1.8031 -0.8122 8.4306
-0.3820 -2.5909 3.6244
3.5750 -2.9361 5.2219
0.9130 0.1052 9.7447
-5.4360 -0.8398 4.1947
3.8569 -2.2357 5.6039
2.3521 -1.9967 5.0871
3.4818 -2.8362 5.3672
1.4820 -1.3963 3.8844
-3.5539 -0.6653 5.6295
8.5276 -0.6039 12.7295
2.2513 0.1952 10.6969
6.4616 -2.2493 8.2575
4.8195 -0.2539 5.0776
3.9219 -0.1055 11.0626
3.3952 -0.5718 9.8291
2.0362 -2.8304 4.5437
1.4110 -1.7696 4.0078
1.8827 0.8200 11.7290
-0.7845 1.1998 10.9453
7.5521 1.1997 15.7599
5.5761 -1.5361 9.1673
8.8530 -0.5721 12.9807
2.1311 -1.5574 5.9410
-6.0740 0.2419 5.9816
-3.3702 3.4848 14.0050
6.7005 -2.2494 8.3954
2.5619 -2.4814 4.9510
-0.9330 -0.9478 6.5801
0.3044 -2.2996 4.6014
0.7283 -2.9159 3.6181
-11.5073 1.2686 4.8896
9.1101 -0.7842 12.7066
5.8853 -2.7415 6.9439
1.0990 -1.7448 5.2524
5.2378 -2.7601 6.5330
7.0118 -2.6420 7.7927
5.9825 -2.6206 7.2410
3.1050 -1.7702 6.0975
3.3447 -2.9110 5.1389
1.0797 -0.6958 8.2448
4.6270 -2.0901 6.4458
-1.0344 -1.7382 4.9468
-6.9998 2.3409 9.6294
-2.7430 0.8201 9.0577
-5.5091 1.4110 8.6374
1.6438 -2.3444 4.3877
-3.3995 -1.5535 3.9488
-6.5411 1.5607 8.3397
5.0818 -0.1844 11.5752
0.6796 -2.8689 3.6836
1.7210 -2.2661 4.6582
4.4098 -1.9423 6.6035
4.7507 -0.2680 4.9736
3.6399 -2.0724 5.6879
3.4564 -1.6764 6.5981
-4.6857 -0.2224 5.8584
4.5809 0.2509 5.5014
-12.0567 6.1643 14.3274
3.5974 -2.6067 5.6319
1.7277 -2.2721 4.6426
-5.7106 5.7075 17.0823
1.4811 -1.3832 3.7879
3.8970 -2.3695 5.6313
3.3827 -0.9148 7.8389
4.3764 -2.8529 5.8505
2.0972 -1.5007 6.0238
5.4465 -2.7477 6.6781
6.9111 -0.2229 12.5550
5.3364 -2.7539 6.6021
-1.8422 -1.7537 4.4493
5.7914 -2.1766 6.8619
-2.3416 -1.4420 4.7820
0.8666 -1.2827 6.1147
3.1371 -2.3023 5.1750
2.6945 -2.9110 4.7635
-3.7181 0.7618 8.3782
3.1813 -2.4821 5.3101
7.0559 -2.4391 8.2226
2.3780 -1.6578 5.9619
3.1610 -2.3239 5.1832
-2.3434 -0.8120 6.0362
1.1277 2.2444 14.1311
4.8660 -0.0544 5.1395
8.9611 1.9705 18.1095
2.9218 -2.7841 5.1475
7.3270 -1.7069 9.8381
2.5022 -0.4047 9.6463
6.3916 -2.7096 7.2999
-0.2809 -2.4032 4.0567
2.1706 -1.5905 6.0935
-14.9999 6.4084 13.1141
-2.1567 -1.8582 4.0594
4.8034 5.9318 23.6016
2.5109 -2.8691 4.7409
7.0806 -2.4648 8.1856
6.9451 -2.2901 8.4555
6.1103 -2.4980 7.5591
1.8601 0.4367 10.9521
5.4809 -2.7415 6.7104
-0.3577 -1.5715 5.6697
0.4853 -2.6057 4.0959
0.7734 0.1953 9.8434
3.1111 -1.4785 6.7329
2.6767 -0.4393 9.6782
0.4568 -0.5717 8.1323
6.6596 -1.4231 10.0181
10.3315 1.4108 17.7857
6.8862 -2.8309 7.3439
-0.1267 -2.4975 3.9580
4.3274 -0.2333 5.3917
-3.6619 2.6479 12.1690
-1.6903 -2.0448 3.9570
2.7870 -2.1720 5.3052
3.1186 -1.6251 6.3905
4.2547 -1.7823 6.8264
3.8224 1.3388 13.8829
7.2010 -1.7543 9.6709
3.7361 -2.4227 5.5784
3.2118 -1.8969 5.8410
-9.8050 2.3409 8.0093
-2.5996 -1.7223 4.0745
4.1931 -0.2228 10.9855
0.6414 -2.7156 3.9670
5.0227 -2.6763 6.5757
5.7297 -2.3077 6.8417
5.7739 -2.4444 6.7765
1.7219 -1.1041 6.7959
5.7985 -2.1461 6.8497
-0.3119 -1.9417 4.9585
5.7697 -2.2177 7.9209
4.9777 -2.7095 6.4836
-0.8651 -0.9215 6.6718
4.3259 -1.2792 8.0409
-22.4908 5.9299 7.8343
7.2602 -0.5069 12.1907
6.5154 -1.3221 10.1362
9.8409 1.6383 17.9557
0.4724 -2.5297 4.2398
1.7958 0.4880 11.0173
5.7631 0.7615 13.8536
-1.6769 0.3865 8.8094
0.5450 -2.7958 3.7516
1.5002 -2.0062 5.0059
-5.4874 3.7612 13.3331
7.1390 -1.1916 10.7563
6.6244 -2.5536 7.7452
5.2686 -1.4425 9.1762
-4.0956 -1.0978 4.4548
0.9348 -2.8416 3.8855
5.2602 -1.9762 7.2358
3.7073 -2.7661 5.6371
6.7237 -1.1916 10.5165
2.9379 -1.8178 5.7830
6.2452 -2.3765 7.8792
0.6275 -2.7535 3.8834
5.6343 1.4109 15.0730
6.0609 -1.9688 8.5851
2.1535 -2.0864 5.0057
6.1131 -2.4477 7.6610
-0.3724 -0.5065 7.7833
1.2493 -2.3078 4.2892
5.3220 -1.4806 9.1311
6.8884 -2.2597 8.4833
-0.6513 -1.5715 5.5002
3.2423 -2.4303 5.3109
7.1821 -2.2597 8.6529
8.2237 5.4941 24.7048
-5.1277 2.2443 10.5183
0.2802 -2.7091 3.7714
5.9102 -2.0270 6.7738
4.5303 -0.1055 11.4139
6.1088 -1.6907 9.1669
6.1484 -1.0498 10.4669
1.1264 -1.5767 5.6694
5.3047 -2.8078 6.4765
-7.3014 1.4849 7.7496
2.4035 -1.8333 5.4791
4.3991 -2.0406 6.4278
3.3001 -2.8691 5.1966
2.7124 -2.1723 5.0367
2.6570 -1.5675 6.1900
-13.3226 5.7070 12.6851
3.3546 -2.5147 5.4277
5.1274 -2.0141 7.0719
-1.2933 -0.2602 7.7422
6.1531 5.0915 22.7067
7.1087 -2.4128 8.3056
4.1610 -2.7902 5.8512
-0.1354 -0.3337 8.2645
7.7740 -1.6070 10.2954
6.1186 -2.0819 8.3930
-0.7685 -2.3191 3.9428
8.0646 2.1506 17.9505
-4.2848 0.8202 8.1673
9.3380 2.4403 19.2634
2.5973 -1.9805 5.4241
0.1464 1.5606 12.2019
-4.9475 -0.3693 5.4145
4.2520 -0.0343 5.3325
-1.1252 -1.6405 5.0889
10.2605 4.5455 23.9909
4.7090 -0.2511 4.9102
4.9245 -0.1503 5.1160
3.9711 -2.8583 5.6056
3.3889 -2.2765 5.3772
-1.3284 -1.7381 4.7771
2.6660 -2.7286 5.1104
2.9708 -2.1455 5.3303
4.8619 -0.2115 5.6344
3.3003 -2.6079 5.4629
0.3869 0.2890 9.8069
-3.2888 -1.5535 4.0127
2.6787 -2.8305 4.9147
3.7548 -0.8950 9.3928
6.7748 -2.5613 7.8167
4.1397 -2.7476 5.9236
-4.3655 0.1500 6.7853
-10.9360 5.7071 14.0637
6.9242 0.0613 13.1289
5.0659 -2.6230 6.4872
4.9106 -0.2048 5.1109
11.3861 2.2444 20.0559
-0.3050 -0.8121 7.2133
1.5215 -2.6215 4.4383
-0.9705 0.1953 8.8364
-2.1895 -1.7844 4.1875
5.9373 -1.8519 6.6726
-0.3866 -2.5684 3.6666
1.5268 -2.9260 4.0591
4.4413 -2.5134 6.0520
1.3408 -0.2226 9.3384
0.4306 -2.8415 3.5943
-0.3222 -1.8583 5.1187
3.9328 -0.2632 6.4722
3.5292 -2.1605 5.4743
6.8040 -2.4898 7.9760
-5.7723 6.9333 19.4893
1.8611 -1.5099 5.9736
4.7392 -0.2868 5.5810
3.3608 -2.8691 5.2316
-13.2194 4.2138 9.7694
2.9450 -1.1404 7.2837
5.5245 -2.2497 6.8074
5.9943 -2.6419 7.2053
2.3412 -2.8582 4.6645
2.8436 -2.2141 5.0914
-0.5934 -1.9007 4.8777
0.2456 -2.5760 4.0166
4.6167 0.2991 5.4552
3.7233 -2.4009 5.5769
0.7125 -2.5218 4.3943
-1.1105 4.2143 16.7637
4.7822 -2.2155 6.6750
-0.2180 -2.0934 4.7105
-2.8915 0.1954 7.7271
3.9678 -2.2176 5.9280
2.2836 -2.4455 4.7645
6.1666 4.7203 21.9748
1.9899 -1.3400 6.1355
-0.9103 -1.6405 5.2130
2.6587 -2.3275 4.9021
3.7114 -1.3304 7.2531
4.3240 -0.0264 5.3677
6.1535 -2.7161 7.1495
5.4787 -2.7095 6.7728
10.1207 0.8796 16.6055
1.0070 -1.7239 5.4998
6.6510 -2.6697 7.5293
4.1488 -0.1768 5.6176
5.6438 -2.5749 6.7990
4.0847 -2.6830 6.0207
2.5656 -1.7141 5.8189
-2.7761 -1.6063 4.2037
3.5565 -2.7661 5.5500
5.9148 1.8000 16.0104
-5.8634 -0.5714 4.4827
4.8324 -2.8136 6.1922
-7.5529 0.3867 5.4161
1.9393 -0.6348 8.8628
5.8178 -2.9654 6.4588
7.8683 -0.6659 12.2252
5.8102 -2.3000 7.7804
-6.0487 0.7047 6.9185
2.8619 -1.0248 8.6186
8.9169 2.2444 18.6298
2.2875 -2.7537 4.8418
4.3007 -0.2228 11.0476
4.7282 -2.5565 6.2579
4.5184 -2.9460 5.7470
-9.3303 1.5607 6.7289
4.2918 -2.9557 5.5968
6.1328 -2.6965 7.1767
7.8978 -1.5180 10.5443
1.9762 -2.9650 4.2408
15.6088 4.7207 27.4290
3.7726 -2.2861 5.5309
4.5831 -2.7351 6.2046
1.7449 -2.4566 4.4509
1.1647 -1.6221 5.6235
-6.2267 5.7074 16.7841
4.8372 -1.4325 8.0234
-1.8578 5.9314 19.7536
6.7866 3.3536 19.6096
9.6624 -0.4050 13.7810
6.3533 -2.8958 6.9067
-3.9744 3.7613 14.2071
5.1916 -2.8746 6.2780
4.1355 -1.8856 6.3253
6.6830 -2.6350 7.6169
9.0982 -0.2977 13.6691
0.7584 -2.5910 4.2829
4.0071 -1.8632 6.2769
-1.5424 0.8798 9.8700
4.3184 -0.2331 5.3871
2.8658 -2.4271 5.0862
4.2627 -2.0607 6.1369
-0.7105 2.0593 12.7007
-4.1657 5.9312 18.4203
3.5827 -1.6510 6.7241
-4.2205 -1.1451 4.2885
0.0797 -2.0325 5.0038
3.6093 -2.6962 5.7196
1.3728 -1.6220 5.4812
0.9472 -1.6681 5.5749
5.0000 -2.7783 6.3593
5.4679 -0.3697 11.4289
-1.1628 -2.1285 4.0950
4.9363 0.5939 13.0419
1.5067 -0.2604 9.3591
2.7711 -2.8955 4.8385
4.3686 -2.0093 6.4493
7.9133 -1.4035 10.7813
-1.1827 -1.8438 4.6506
2.7438 -2.9110 4.7919
3.0415 -1.3280 6.8302
5.1302 -2.7539 6.4831
1.7513 -2.7221 4.5950
5.6545 0.0184 12.3101
7.8044 -1.5180 10.4903
4.0643 -1.8175 6.4314
6.9516 0.1951 13.4112
-8.8507 4.3762 12.6160
-1.4253 -2.2278 3.7454
4.8616 -0.2600 5.6394
-4.2747 -0.3335 5.8742
4.2614 0.1952 11.8577
4.8207 -2.2008 6.6513
4.0994 -2.0667 6.1536
-7.1863 5.2878 15.3938
0.6355 -2.9108 3.5747
0.2838 -0.3337 8.5066
1.0558 -0.6958 8.2310
-0.2700 -2.5137 3.8430
2.8390 -2.7350 5.1977
1.3499 -2.1403 4.6763
1.2520 -2.1973 4.5380
5.6811 -2.4621 6.7355
1.0447 -2.7026 4.2258
3.9922 -1.3489 7.6942
11.4991 6.6665 28.9326
4.9230 -0.0497 5.6476
10.3909 1.5605 18.1184
4.7308 0.2746 5.5739
3.7278 -2.4081 5.5678
-3.6292 4.5448 15.9677
2.2560 -2.9409 4.4505
4.7081 -2.7600 6.2271
-2.7380 -1.5173 4.4030
-0.8599 -1.7064 5.1109
-1.3939 -1.6405 4.9338
3.0330 -2.2750 5.1681
3.3161 -2.7841 5.3752
8.1383 0.3370 14.3793
4.8697 -2.8852 6.0710
5.5903 1.0033 14.2354
5.9792 -2.6696 7.1414
6.7671 -1.7069 9.5148
5.5236 0.3863 12.9676
3.0124 -2.1912 5.2638
5.4299 -2.1166 6.9981
2.9481 -0.3696 9.9739
-12.2839 4.2138 10.3097
-0.7105 -2.4810 3.6538
-8.1403 0.1501 4.6054
-3.4253 -0.4390 6.1546
-0.3354 -1.3831 6.0580
7.2681 -1.3011 10.6127
1.0901 -2.8247 4.0088
-0.5134 -1.6236 5.4760
-1.8123 2.6479 13.2373
-0.3314 -1.8293 5.1712
1.2140 -1.4088 5.8743
1.4302 -2.8743 4.1063
4.8583 -1.1840 8.4865
-7.6869 2.7565 10.0607
5.1627 -2.7539 6.5019
1.4923 0.3864 10.6395
-10.2266 1.0675 5.2284
8.2412 -1.1689 11.4382
1.0187 -2.6960 4.2239
6.8698 -1.6578 9.6720
-13.4635 2.8683 6.9474
1.6412 -2.3528 4.3473
6.3199 -2.0454 8.5821
4.7158 -2.7414 6.2687
4.3284 -0.8124 9.8888
12.7049 2.9843 22.2917
3.4001 -0.2604 10.4525
6.6657 1.0032 14.8564
2.8819 -1.7209 6.0417
3.5271 -2.9059 5.2544
-17.9644 6.4082 11.4015
4.0919 -2.2678 5.7921
-2.4349 -1.3215 4.9681
4.9335 -1.4037 8.1941
13.3834 4.0584 24.8239
-1.9942 1.1328 10.1132
7.8162 3.9073 21.3075
-4.7933 -0.2224 5.7962
13.9745 5.4945 28.0269
3.1959 -2.0890 5.6619
-11.6259 1.7182 5.7170
2.1719 -1.5788 5.7429
3.3023 -2.9262 5.0842
6.2134 -1.0498 10.5044
3.6721 -0.7257 9.6824
9.6440 -0.1846 14.2097
-4.3897 -0.2224 6.0292
-2.4859 -1.5714 4.4409
5.7229 -2.8364 6.6611
4.8453 -2.7224 6.3814
7.0722 -1.3835 10.3353
3.5083 -2.7094 5.6352
-3.6070 2.0593 11.0278
7.2643 -1.9689 9.2799
4.8007 -0.2588 5.6088
4.7576 -0.2919 4.9760
-0.2940 -2.0449 4.7632
0.8728 -2.6415 4.2483
0.3359 -0.8948 7.4186
4.7023 -0.2662 4.9068
-2.0836 -0.2972 7.2120
-5.7998 1.6384 8.9227
-4.5876 0.2891 6.9342
2.8803 -2.6962 5.2987
4.2564 -2.8363 5.8144
2.3660 -2.9651 4.4659
-3.9080 -0.3336 6.0860
7.6937 4.3769 22.1725
5.8060 -1.1222 10.1249
-1.2983 1.4109 11.0693
-1.0151 -2.0572 4.3223
-0.6338 -2.4032 3.8530
-12.1787 3.6204 9.1881
3.4110 -2.0055 5.7795
-1.8171 -1.5356 4.8984
-1.5403 0.0187 8.1554
7.5946 -1.9556 9.4971
-1.6108 -1.0245 6.0359
8.9693 3.3537 20.8703
-1.8226 -1.3006 5.3636
0.5627 -2.5835 4.1847
-17.4841 3.7609 6.4038
1.1712 -2.1049 4.6439
5.0835 2.0593 16.0469
6.3006 -1.5361 9.5857
0.2315 -2.5608 4.0387
4.9218 -1.9486 7.0514
0.5441 -2.8303 3.6822
3.1744 -2.0853 5.3795
12.5561 2.1506 20.5446
6.0470 -2.6898 7.1403
-1.7470 -0.7836 6.4373
4.6577 -2.7783 6.1617
-1.9124 1.0673 10.0300
2.8407 -2.8955 4.8787
-9.3252 2.8684 9.3376
5.2754 -1.5719 8.9224
3.1554 -2.7537 5.3429
1.5609 -1.1009 6.5256
9.2448 0.7615 15.8642
8.0755 -1.0985 11.4828
3.3826 -2.8904 5.2019
6.2046 -2.6898 7.2313
4.8646 -2.2903 6.4674
0.8302 -2.8247 3.8587
6.1100 -2.8137 6.9299
3.3939 -1.2701 7.3276
5.9874 -1.7153 6.6104
0.6297 -2.7958 3.8005
2.5537 -2.9459 4.6126
-0.9693 0.3865 9.2180
-8.0036 0.0618 4.5084
4.8648 -2.8250 6.1881
3.5009 -2.0062 5.7845
3.1636 -1.6522 6.3766
3.3063 -2.8362 5.2658
2.3185 -2.9651 4.4385
4.9383 -0.1430 5.1222
9.5229 0.0183 14.5440
-3.4352 -1.3422 4.3492
11.9016 6.4105 28.6550
0.6143 -2.9309 3.5223
1.1581 -0.7256 8.2307
2.8554 -0.4393 9.7814
5.3692 -2.0656 7.0783
4.0728 -2.7842 5.8121
-3.6229 0.7046 8.3194
4.9057 -2.8136 6.2346
2.0866 -1.5033 6.2113
-2.7888 -1.0245 5.3557
-0.1861 -1.4803 5.9506
7.4308 -1.0743 11.1585
-3.7943 -1.3829 4.0608
7.3355 -0.5069 12.2342
0.9113 -2.9108 3.7339
1.4502 -1.5381 3.9397
2.1664 -1.1803 6.8242
6.3643 -2.7161 7.2712
5.8067 -0.7258 10.9150
4.9069 -0.7840 10.2795
0.8850 -0.8402 7.8447
1.2240 -2.2216 4.5970
1.7281 -2.9603 4.1071
-0.0545 -2.5531 3.8889
3.8707 -0.7550 9.7387
4.3747 -2.8746 5.8064
5.0643 -1.0983 9.7440
4.3520 0.0216 5.3766
5.2619 -2.3545 6.4410
6.4491 -2.7724 7.2081
9.0492 0.0612 14.3560
3.8447 -1.9380 6.3205
8.1967 -1.2142 11.3222
0.9041 -0.9739 7.5892
-0.2557 -2.0199 4.8351
-2.4180 -1.0245 5.5698
5.5987 -2.1630 7.9311
-0.9082 -2.0572 4.3840
3.9042 -1.7228 6.4647
6.6269 1.6383 16.0995
4.8165 -0.3215 5.2005
0.2396 -2.7347 3.6968
-0.7915 -0.8121 6.9324
0.1797 -2.6759 3.7794
7.3740 -2.3857 8.5126
-5.0455 0.9410 7.9687
2.5813 -2.0696 5.3831
2.5195 -2.7027 5.0773
7.1077 -2.3485 8.4330
2.6526 -2.7349 5.0900
3.5471 -1.7920 6.3865
1.5132 -0.8949 8.0984
-6.1290 0.4369 6.3385
6.9297 -1.4231 10.1741
-2.8963 -1.5889 4.1689
8.9708 2.9842 20.1350
4.9548 -2.6830 6.5230
0.5509 -1.4372 5.6069
-1.0594 -2.1169 4.1778
-5.4558 -0.5391 4.7825
7.3940 -1.9151 9.4621
-1.9583 3.4848 14.8205
9.2611 -0.3699 13.6193
6.6981 -2.6559 7.5838
4.1137 -1.5722 7.2067
4.3055 -0.3582 5.7155
5.3172 -2.3670 6.5034
8.4230 -0.8681 12.1425
6.7872 -2.5989 7.7490
0.0537 -2.7156 3.6277
8.5519 1.1326 16.2036
0.6266 -0.2199 5.2947
6.2058 -2.9559 6.7019
-0.5584 1.3388 11.3529
4.4916 -0.1958 5.1636
3.8430 -2.6762 5.8946
-1.9903 5.2881 18.3954
-12.0074 3.3532 8.7544
-10.1139 2.7564 8.6590
4.7294 -2.9412 5.8786
6.7417 -2.3197 8.2791
6.6330 -2.4216 8.0133
2.6126 -2.2949 4.8538
6.4445 -1.2582 10.2226
5.3468 -2.8078 6.5007
5.9564 -2.6696 7.1283
-6.5739 1.6384 8.4757
5.1147 -2.0295 7.0671
3.5938 -2.7721 5.5595
8.1925 -0.4395 12.8634
11.0744 1.1997 17.7940
3.2089 -2.8956 5.0912
5.0646 -2.2679 6.4187
3.5311 -2.9508 5.1673
4.0674 -1.8757 6.3672
3.9348 -2.5155 5.7643
-1.8791 1.5606 11.0321
1.8212 -2.9409 4.1995
2.7030 -2.7721 5.0451
-0.9863 -2.3384 3.7786
3.2893 -1.3416 7.1788
0.1648 -0.9994 7.1114
2.8636 -1.1162 7.0502
-8.9159 3.4846 10.8019
6.9731 -2.6350 7.7845
0.4901 -2.3668 4.5747
1.9366 -2.0360 4.9899
-9.4279 6.1645 15.8460
6.0151 -1.6577 9.1784
1.7868 -2.8248 4.4110
10.3667 1.8000 18.5816
5.9446 -1.3633 9.7245
8.7694 0.1050 14.2815
-2.8209 2.0593 11.4818
4.0939 -2.7223 5.9475
3.8022 -2.3352 5.5517
7.2206 -2.4981 8.2002
5.3756 -2.1329 7.0215
2.6815 -2.8955 4.7868
6.3835 -1.5179 9.6699
0.5088 -2.6202 4.0806
-6.2524 -0.4044 4.5909
-7.9326 4.7196 13.8306
4.6799 -2.1853 6.2824
3.6631 0.9408 12.9979
2.0948 -1.4717 5.9080
-0.6164 -0.1451 8.3625
3.7439 -2.2271 5.6468
0.8731 -2.8416 3.8498
3.1251 -1.7675 6.0941
1.3306 -2.9006 3.9964
1.4679 -0.8949 8.0723
2.7055 -2.7660 5.0587
2.2547 -2.1738 4.9634
2.0411 -1.8828 5.2296
5.0895 -2.8957 6.1771
-2.0301 -1.2793 5.2862
7.5868 0.7615 14.9067
-3.0182 3.9069 15.0495
1.6263 -2.4242 4.4814
5.0475 -1.5465 7.9840
-7.6929 1.0035 6.5643
4.7438 -0.2677 4.9706
1.1318 -1.5892 5.6265
-1.1472 -2.1399 4.0811
2.9195 -1.4381 6.5686
1.2221 -1.9971 4.8686
-2.5751 -0.8120 5.9025
-4.1684 -0.3693 5.8643
8.5911 -0.5069 12.9593
0.7022 -2.5608 4.3105
4.6574 -0.0890 4.8330
3.6875 -2.0101 6.0592
2.3302 -1.7824 5.8034
-0.4557 -2.2065 4.3477
1.7329 -2.8133 4.4027
-2.5985 -1.7537 4.0126
6.8352 -2.5613 7.8515
4.6368 -0.3125 5.2184
5.2413 -0.6657 10.7082
-3.3574 -1.4420 4.1954
3.7149 -2.9411 5.2928
2.0330 -0.9995 8.1902
3.0791 -0.7257 9.3400
-9.5702 0.9410 5.3556
3.3441 -2.4247 5.3567
8.5258 -0.2229 13.4875
7.0252 -1.5361 10.0041
-1.0841 -2.2488 3.9007
4.9471 -2.4294 6.2928
-3.5087 -1.0244 4.9400
1.0000 1.0673 11.7119
6.9959 -2.3948 8.2762
-17.0352 4.3758 7.8885
6.4771 -2.3857 7.9948
7.5900 -0.5397 12.3158
-1.8246 0.0187 7.9912
4.8307 -2.0751 6.7005
1.5801 -1.6097 5.6356
4.6382 -2.0723 6.5797
6.5844 -2.4980 7.8329
3.9230 -2.8474 5.5997
4.9669 -2.2728 6.4435
5.1760 2.4403 16.8596
-0.2198 -1.5357 5.8207
4.1749 0.5404 12.4956
-0.3656 -2.4642 3.8863
-5.5985 -0.7834 4.2133
-3.9692 5.4934 17.6614
-0.6049 -1.4990 5.6715
-15.0331 3.7609 7.8195
2.4157 -0.9217 8.5663
4.7093 -1.1887 8.5423
-2.2123 -1.1683 5.4020
-9.4612 1.0035 5.5431
3.6858 -2.8583 5.4409
-1.4583 2.7565 13.6582
1.0000 -2.8304 3.9454
5.2529 -2.8693 6.3241
1.5457 -2.0585 4.9510
0.2001 -2.1848 4.7697
-4.2148 -0.4730 5.6311
-2.4325 -1.6404 4.3341
1.7191 -0.9216 8.1641
3.5577 -2.5160 5.5479
-0.9999 -1.7692 4.9049
3.3437 -2.3265 5.2950
4.0949 -2.3813 5.7451
7.1667 0.1496 13.4449
2.5763 -2.9110 4.6952
0.4028 -2.6057 4.0482
4.9861 -1.8064 7.3797
-0.3523 -1.4613 5.8924
-9.8928 2.2443 7.7662
7.5309 -0.6658 12.0303
2.8759 -1.1974 7.1541
-0.7847 -0.2226 8.1110
5.8191 -2.0562 6.8137
3.7915 -2.2878 5.5464
1.7064 -0.4393 9.1179
-0.2020 -2.0449 4.8163
5.6151 -2.8747 6.5226
-21.2388 6.9320 10.5541
2.7441 -2.1687 5.1538
4.7578 -1.7568 7.3363
-0.6571 -1.4613 5.7164
-6.4382 1.0674 7.4163
5.2304 -2.9509 6.1484
0.6651 -2.9108 3.5917
5.3745 -2.3812 6.4834
5.6159 -2.7903 6.6912
3.6065 -2.8249 5.4616
2.7036 -2.1669 5.1252
1.5946 -1.6240 5.6244
6.5358 -1.2798 10.2323
-5.4699 -0.7546 4.3450
2.3174 -2.4624 4.7947
5.4560 2.0593 16.2621
-2.6851 -0.9214 5.6209
-6.7567 1.0035 7.1049
-4.5541 0.0188 6.4149
2.3824 -2.2742 4.7905
3.0582 -2.2090 5.3053
-4.0386 -0.3693 5.9393
4.4167 3.9072 19.3440
6.1808 3.6209 19.7925
6.3053 -2.8694 6.9317
2.8873 -1.3323 6.8074
0.1046 -0.5065 8.0587
3.8189 -2.8019 5.6302
-0.2673 -2.4726 3.9263
6.0302 -1.8872 8.7300
-7.7533 0.7047 5.9341
-7.8371 2.8684 10.1971
6.5845 0.3370 13.4821
5.9672 -1.8519 6.6898
0.1175 -1.7539 5.5808
3.4210 -1.6997 6.5164
7.6480 -1.9950 9.4496
10.7873 4.0583 23.3243
5.9962 -0.4394 11.5951
0.8681 -1.3176 6.0218
5.8899 -1.4806 9.4590
-0.7129 0.0616 8.7186
8.3209 2.2444 18.2856
2.6383 -2.6828 5.1856
4.9662 -2.6897 6.5163
4.7683 1.6383 15.0261
-0.9999 -0.8401 6.7562
4.7177 -0.1168 5.0008
1.9207 0.5404 11.1938
-2.1434 4.5449 16.8260
2.5694 -2.0117 5.2669
1.4986 -1.3946 3.8056
3.9889 -1.5128 7.2282
5.1419 -2.1736 6.7941
6.9049 -1.2363 10.5321
1.6639 -0.5395 8.8937
6.4830 -2.3000 8.1689
5.8744 -2.8800 6.6616
4.3063 -0.0161 5.3578
3.5025 -2.8135 5.4244
8.6851 -1.1458 11.7406
6.2201 -2.7161 7.1880
-2.9572 0.5941 8.4835
6.8745 -2.8138 7.3713
2.0148 -2.9058 4.3812
9.2213 1.6383 17.5978
4.3943 -1.8080 6.8781
7.0008 -0.1454 12.7612
2.1000 -2.5128 4.6992
-22.9738 6.1635 8.0207
-0.6520 -2.5056 3.6385
4.6365 -1.6121 7.5489
3.8116 -1.5810 6.7055
4.5970 -2.2073 6.1886
3.7875 -0.2833 6.7287
6.7962 -2.3672 8.2158
4.8649 -2.0351 6.7796
5.1294 -1.9703 7.1357
6.5663 -1.6907 9.4311
7.5987 -1.5179 10.3716
-0.7877 -1.4227 5.7179
-5.7807 3.2262 12.0975
5.9690 -2.9214 6.6339
4.5962 -0.2919 5.0324
1.2016 -2.9006 3.9220
4.5198 0.5072 5.5693
-4.6994 2.6479 11.5698
4.0889 -2.4433 5.8014
7.4393 -2.1058 9.1082
4.2426 -0.3339 6.1140
6.7914 0.4879 13.9022
1.0070 -2.8075 3.9951
3.6077 -2.7223 5.6668
4.5329 0.4943 5.5524
0.8071 -2.8635 3.7680
0.6645 -2.4299 4.5497
1.9190 -2.2269 4.5930
4.4469 -2.8193 5.9582
1.7458 -2.0232 4.9350
1.6249 -2.4036 4.3435
6.7221 -2.7784 7.3536
7.8639 -1.1457 11.2664
1.4513 -2.1744 4.7552
3.1790 -2.1012 5.3531
1.0890 -2.9602 3.7381
6.1760 -0.6037 11.3715
7.2695 -2.2700 8.6830
-5.8520 0.7047 7.0321
3.8059 -2.8956 5.4359
-2.0243 0.1499 8.1372
9.8133 0.1049 14.8843
6.0102 3.9072 20.2644
5.7211 3.1033 18.4956
3.8183 -2.8583 5.5174
3.5417 0.7616 12.5707
1.8612 -1.0982 7.8944
7.4807 -2.2801 8.7848
2.5550 -1.9865 5.3162
1.7521 -2.8690 4.3028
8.9450 -0.0238 14.1264
9.1080 -0.2607 13.7485
2.0437 -1.3991 6.2322
3.3539 -1.0496 8.8532
5.1648 -2.2934 6.5445
-3.5930 -0.9992 4.9415
6.8298 -2.8531 7.2670
2.8733 -2.3110 5.0147
6.9182 -2.4216 8.1779
1.6009 -2.2996 4.4376
6.5045 -1.8001 9.1775
5.4890 -2.8585 6.4820
-6.1690 4.9016 15.2117
3.5290 -2.7960 5.4745
1.7732 -1.8395 5.2906
5.1663 -0.7258 10.5452
3.6642 -2.7661 5.6122
7.1876 -2.5381 8.1014
14.1713 5.9325 29.0132
1.4861 -0.6958 8.4794
-6.9010 3.3533 11.7038
6.7309 -0.9219 11.0580
-15.5218 4.3759 8.7626
3.1968 1.0033 12.8531
-3.2081 -1.3829 4.3993
7.3676 -1.8731 9.5303
7.4114 -2.2801 8.7447
4.9334 -2.7160 6.4451
4.9476 -2.8136 6.2588
5.6108 -2.9112 6.4473
6.7631 4.2146 21.3116
7.1422 -2.5459 8.0596
4.5618 -1.3696 8.0417
4.0588 -2.7782 5.8159
1.5788 -2.5673 4.4361
2.2035 -1.5809 5.7772
-1.6726 -0.2225 7.5983
-7.4540 0.0189 4.7404
6.7065 -2.2597 8.3783
5.8460 -2.1993 6.8519
4.1789 -1.9201 6.3187
-22.0261 5.0900 6.4290
-3.6090 -1.4611 4.0119
-4.6387 1.6384 9.5933
4.3031 -1.2613 8.0706
3.0895 -2.9508 4.9123
0.1187 -2.1738 4.7448
6.8232 -2.8854 7.1989
-1.7645 1.5606 11.0983
4.4566 -1.1687 9.2529
-0.2201 -1.9551 4.9849
1.0138 -2.8360 3.9422
1.5306 -2.3676 4.3192
-0.5728 -1.2577 6.1707
-2.5249 0.7617 9.0673
6.3241 2.9841 18.6063
6.6541 -2.5613 7.7470
-0.8303 -1.1218 6.2929
-9.3070 2.1505 7.9176
2.0945 -2.8955 4.4478
4.2873 2.1505 15.7689
10.1267 2.4404 19.7189
4.4221 -2.9460 5.6914
3.1787 -1.7265 6.1547
1.2311 -2.8796 3.9808
-1.6349 0.5405 9.1404
-6.8691 5.9310 16.8586
-0.9498 -0.5065 7.4499
11.0455 2.2444 19.8591
3.2457 -1.8041 6.0387
-1.4951 -1.4612 5.2325
6.4962 -1.8731 9.0272
3.4869 -2.2121 5.3594
8.3024 -0.3341 13.1370
3.7987 -1.6776 6.5941
5.7812 -2.7540 6.8590
-15.7815 3.1029 6.0761
-5.5503 1.8841 9.5565
-3.5809 0.8201 8.5738
4.4513 -0.1549 5.1813
1.2759 -1.2548 6.1910
6.8133 1.8841 16.6969
6.1052 1.3387 15.2012
-6.0296 1.1999 7.9162
0.6698 -2.7091 3.9963
3.3411 -1.5994 6.5730
4.2249 -2.0739 6.0304
6.0211 -2.6559 7.1930
-16.5976 3.7609 6.9158
6.0403 -2.4647 7.5850
8.3191 -0.1056 13.6018
4.8151 -0.0976 5.0458
0.2485 1.0033 11.1505
-4.2541 6.9335 20.3664
-1.7752 -1.5536 4.8867
2.0135 -1.9203 5.2504
-1.8646 -1.6235 4.6958
2.5276 -2.2232 4.8354
6.8070 -2.9164 7.1278
5.6794 -2.9558 6.3980
4.6162 0.2497 5.5192
0.0037 -0.9479 7.1211
4.4220 0.1838 5.4178
-2.0670 -0.7254 6.3684
-4.2921 0.3866 7.2992
1.4786 -2.4827 4.3287
-0.4012 -2.4122 3.9695
4.6318 -2.8957 5.9128
7.0393 -1.4035 10.2766
4.6076 -1.6447 7.5143
6.8789 -2.6135 7.7729
0.0662 -1.1684 6.7177
6.7679 -2.8252 7.2869
5.5404 -2.6898 6.8478
-3.9613 -0.4390 5.8451
-1.4595 -0.4391 7.2898
2.9779 -1.4737 6.6079
0.5317 -2.6485 4.0374
5.8735 -2.8251 6.7705
2.4383 -1.5297 6.1719
4.3875 -2.4386 5.9629
-3.4763 -0.4390 6.1252
-11.9404 3.4845 9.0549
4.9466 -1.9106 7.1682
5.2522 -1.9040 7.3140
5.7125 -2.7095 6.9078
3.9176 -2.8077 5.6756
2.6068 -1.7253 5.8176
4.9130 -2.9412 5.9846
4.6989 0.3023 5.5297
3.5467 -2.7287 5.6189
1.6871 -2.8472 4.3088
5.4476 -2.7843 6.6059
-9.2432 4.3762 12.3893
3.0876 -2.8691 5.0739
-3.1672 -0.2972 6.5863
-0.4386 -2.3573 4.0571
5.5437 -2.2162 6.8713
4.0545 0.1952 11.7382
5.4063 0.1051 12.3394
7.4729 -1.9820 9.3743
6.8144 -1.3221 10.3089
-5.1382 -0.6032 4.8382
0.2626 -2.7026 3.7743
-2.8021 -0.7254 5.9439
2.4098 -1.8462 5.3421
2.5592 -2.2251 4.9240
-4.2067 -1.0244 4.5369
0.4926 -1.1470 6.1293
1.1685 -2.9310 3.8423
1.4337 -1.6118 3.9684
7.3351 -1.2363 10.7805
5.0567 -0.0236 11.8811
5.2672 -2.7095 6.6507
-4.7108 1.0034 8.2864
4.6759 -2.7029 6.3224
4.6606 -0.8951 9.9159
1.0961 -2.7156 4.2295
1.2775 -0.6035 8.5429
3.2863 -2.3110 5.2530
6.5699 -2.9462 6.9315
-7.7965 6.9332 18.3199
-0.7241 -0.8401 6.9155
0.2951 -0.2973 8.5856
-2.3526 1.0034 9.6483
-9.0843 0.5942 4.9452
-21.3047 5.9300 8.5195
2.4786 -2.5176 4.9286
6.0779 -2.9606 6.6186
7.0860 -2.0820 8.9515
3.3245 -2.8135 5.3216
-13.0003 6.1642 13.7823
4.2140 -0.3157 6.1244
2.4868 -0.8950 8.6606
-0.7654 -2.2895 4.0035
5.5252 -2.7030 6.8127
6.0210 -1.6499 6.5861
1.5376 -1.3049 3.7682
4.5584 -0.3069 5.3628
3.1054 0.0614 10.9236
-0.1398 -1.0739 6.7871
3.4466 -2.8637 5.2920
6.0825 -1.4766 6.5059
8.2595 -1.4427 10.9032
-4.5320 2.2444 10.8623
-2.8258 -1.3005 4.7843
4.4544 -2.0681 6.4103
3.0940 -2.8745 5.0669
0.6444 2.5426 14.4462
3.9220 -1.7556 6.4086
2.7411 -2.8744 4.8632
2.4923 -1.5754 6.1582
8.9234 1.7181 17.5848
-3.3204 0.7617 8.6079
-0.2943 3.4848 15.7816
2.1638 -2.5496 4.7626
1.8587 0.4880 11.0535
0.0979 -0.4392 8.1891
0.7448 -2.9359 3.5878
7.7409 -1.6411 10.2083
6.7055 -2.4732 7.9523
2.7124 -2.1859 5.0056
5.1339 -2.9558 6.0831
2.5420 -2.7721 4.9522
4.1994 -1.8165 6.7291
0.8872 -2.8471 3.8469
0.7275 -2.8526 3.7437
4.8770 -1.1216 8.4540
3.1325 -1.7391 6.1115
-5.0199 0.3374 6.7807
-2.9345 -1.3829 4.5573
3.4877 -2.4983 5.4956
1.0231 -2.9006 3.8189
1.8803 -1.4347 5.9325
-10.4667 1.0035 4.9624
0.5757 -0.5016 5.4623
-0.0814 -2.1285 4.7193
6.6640 -1.5179 9.8319
0.8531 -2.6827 4.1548
-5.0808 0.3374 6.7455
16.6638 6.4109 31.4061
7.6937 -2.1058 9.2551
4.8310 0.8797 13.5506
4.4905 -2.5395 6.1107
-1.8594 -1.7537 4.4394
2.2957 -1.6688 6.1056
1.7578 -1.3571 6.2454
5.7133 -1.7228 8.8745
4.5593 -2.0451 6.4866
2.7013 -2.3449 4.9398
2.4921 -2.8305 4.8070
3.2642 -1.4511 6.9095
1.7489 -2.3492 4.4600
4.1394 -2.3165 5.8820
3.3727 -2.0698 5.6099
-0.2190 1.1328 11.1384
1.4463 -2.4291 4.3002
-5.7306 -0.2971 5.1060
12.5356 2.2444 20.7198
3.7972 -1.4041 7.0880
-0.2386 0.3372 9.5418
4.3970 -2.9060 5.7566
6.3738 -2.4216 7.8636
7.0386 -1.4618 10.1600
6.0894 -1.2941 6.3881
2.4275 -2.2881 4.7597
4.3963 2.3409 16.2113
4.7324 -2.8419 6.0781
-2.1030 -0.2225 7.3497
4.8194 -0.2211 5.0793
-5.6082 0.1055 5.9789
-0.2327 -2.0449 4.7986
-13.7863 2.4402 5.9078
5.2947 -2.9653 6.1569
13.5258 3.4852 23.7641
2.4648 -2.9211 4.6107
6.0648 -2.4898 7.5492
2.0375 -2.7720 4.6609
1.8417 -1.6367 5.5084
3.1215 -2.7223 5.3861
-5.4527 1.4849 8.8173
-2.7458 -1.5355 4.3622
6.7192 -2.7161 7.4762
5.0385 -1.4425 9.0434
6.7551 -2.4304 8.0662
-1.8691 -1.1217 5.6930
3.9346 -2.8799 5.5417
3.8096 -2.4230 5.6214
4.7277 -2.7477 6.2631
2.9551 -1.5941 6.3108
-23.9614 6.4077 7.9370
9.4467 -0.6352 13.1979
5.3306 -1.7228 8.6535
3.4886 -2.2070 5.3788
5.3584 -2.2413 6.7244
4.5213 -2.7094 6.2201
2.1105 -2.3608 4.6081
-2.1732 -0.2602 7.2341
7.3926 -1.3221 10.6427
3.8364 -2.1127 6.0198
3.7880 -1.9071 6.4835
4.5705 -1.9015 6.8400
-3.4705 0.5941 8.1871
4.4207 -2.2385 6.0348
5.6494 -2.9363 6.4196
2.6713 -0.1452 10.2611
10.0764 0.2414 15.3082
5.3055 -2.4353 6.4852
3.7478 -2.1942 5.6970
2.1083 -1.7798 5.5746
4.9170 -1.4414 8.1747
5.0306 0.2888 12.4885
-1.9603 3.1032 14.0589
-2.6722 -1.1683 5.1365
5.8310 1.4848 15.3339
-6.8411 3.9068 12.8414
-1.2990 -2.1052 4.0627
4.2711 0.7616 12.9919
4.4491 -0.2575 5.3042
-19.1684 4.5441 6.9918
2.4596 -2.9058 4.6380
5.1052 -2.3111 6.3632
0.3546 5.7079 20.5860
-10.5073 1.0675 5.0664
6.1006 -1.7543 9.0355
5.3520 -1.3834 9.3421
10.6328 0.3862 15.9180
5.6167 -2.4610 6.6958
3.3739 -1.2016 7.5531
-4.5159 5.0909 16.5438
5.4771 -2.5899 6.6808
6.1187 -1.3051 6.4123
3.5328 -2.8691 5.3310
2.0621 -1.9587 5.1973
-3.3450 0.3373 7.7479
1.0676 -2.9408 3.7644
0.8086 -2.9554 3.5858
5.3766 -2.3541 6.5968
1.6901 -1.9623 4.9973
5.2262 -2.7662 6.5141
5.1739 -2.5684 6.5137
2.4969 -1.8059 5.6926
-2.8539 -0.4045 6.5534
6.9236 0.7615 14.5238
-3.2130 2.2444 11.6242
-5.0310 -0.7253 4.6569
-5.2167 4.0577 14.0802
6.2096 -2.9510 6.7138
1.4686 -2.4779 4.3121
4.7658 -0.2581 5.5912
3.4060 0.1051 11.1843
4.8589 -2.2223 6.6130
7.2422 -0.8952 11.4066
1.9150 -2.2203 4.6068
2.9378 -2.5332 5.2005
4.5665 -2.9460 5.7748
2.8692 -2.3462 5.0994
5.7525 -1.5719 9.1979
6.8576 5.2887 23.5064
1.9704 -2.0656 4.9679
9.2304 -0.2977 13.7454
5.9372 -0.4734 11.4933
1.6292 -2.3338 4.3832
2.6768 -2.0091 5.4199
3.3818 -1.5208 6.9529
-3.5216 -1.2576 4.4680
14.6815 4.0584 25.5737
-1.7847 -0.4731 7.0343
6.9615 -2.6350 7.7778
4.2688 -2.3436 5.8125
6.0129 -1.4358 6.4765
2.9094 -1.6985 6.1129
3.8563 -2.1505 5.8964
7.5040 -2.1963 8.9652
6.4191 -1.7697 9.1886
4.6903 -0.1799 4.8485
1.5026 -2.3204 4.4352
6.1827 -2.7540 7.0908
5.5918 -2.6196 6.7837
2.7351 -1.3335 6.7377
6.8033 -2.8021 7.3533
-1.1573 -1.3628 5.6237
-1.5091 -0.9738 6.1958
4.5740 -2.1299 6.3704
4.2895 -1.8507 6.7227
6.8981 -2.1631 8.6813
12.4722 2.1506 20.4961
3.2949 -2.2049 5.2613
2.3769 -1.4523 6.2205
3.1040 -2.7660 5.2888
-6.0035 -0.4389 4.6658
4.8524 -2.3023 6.2257
-2.6341 -1.0738 5.3468
-0.7018 -2.4210 3.7783
3.7567 -1.8970 6.3499
0.7522 -1.3858 5.8002
3.7117 -0.2393 6.7527
-3.6386 0.4882 7.8789
6.4136 -2.2800 8.1686
4.3660 -1.6426 7.4913
-3.0961 -0.6653 5.8938
1.6353 -2.9310 4.1118
1.9902 -2.2041 4.6751
4.5551 -2.7539 6.1511
-3.5130 0.4882 7.9515
6.6854 -2.8640 7.1619
4.8064 -2.3040 6.2667
3.2973 -2.8473 5.2385
5.3801 -0.4734 11.1717
5.3530 -2.1952 6.8986
-0.0056 -2.6623 3.6996
6.0378 -1.3750 6.4332
4.8964 -1.9871 7.0089
-1.9945 0.7617 9.3736
1.5411 -1.2857 3.7815
6.6061 -2.1631 8.5127
2.9180 -2.1132 5.2396
1.5028 -1.2939 3.7408
0.0402 -2.4642 4.1207
7.2737 -2.1963 8.8322
2.0969 -2.2175 4.7390
-8.8764 1.3389 6.5491
0.7588 -2.8796 3.7081
6.2167 1.7181 16.0216
1.4064 -2.2082 4.5780
9.6882 0.2414 15.0840
-0.9345 -1.8867 4.7086
-0.8777 1.9705 12.4272
8.4990 -0.6351 12.6507
2.0123 -0.6036 8.9672
1.2493 -2.2824 4.2892
4.9520 -0.2065 5.1302
4.2196 -1.2936 7.8790
1.5073 -1.7588 5.2855
-5.0229 -0.7546 4.6031
9.4073 0.1049 14.6499
-9.8077 2.2443 7.8154
1.5778 -2.6894 4.5599
4.2177 0.1051 11.6530
-0.7449 -1.7845 5.0217
4.7740 0.2157 5.6019
5.5648 -2.7843 6.6735
1.2708 -2.2014 4.2519
2.8183 0.0614 10.7578
3.8598 -2.5150 5.7200
1.2918 -2.0883 4.1492
1.0038 -2.6485 4.3100
9.6072 0.6484 15.8483
3.9128 -2.4015 5.6876
0.9290 -2.6960 4.1721
4.9796 -1.2140 9.4646
6.0846 -2.8958 6.7516
6.9209 -2.1175 8.7855
2.4111 -1.8343 5.6329
-13.2176 6.9327 15.1881
7.9033 -1.0499 11.4802
5.5804 -2.4271 6.7109
-0.1747 -1.7538 5.4121
6.2025 -2.5689 7.4710
4.3278 -2.9060 5.7167
6.1748 -1.0984 10.3852
1.1828 -2.6624 4.3858
8.6744 1.2684 16.5448
2.8566 -1.8836 5.7697
10.0742 0.1049 15.0350
8.2484 -1.5720 10.6390
6.9458 -2.6279 7.7829
5.7171 -2.8021 6.7261
4.3471 -2.0002 6.5667
4.5892 -2.0706 6.4498
0.0665 -2.4386 4.1870
5.4829 0.2888 12.7498
-4.6954 1.8001 9.8827
6.7232 0.0613 13.0128
7.6996 0.0613 13.5766
1.0720 -2.9159 3.8166
-0.6687 -2.3759 3.8872
5.4734 1.2684 14.6962
1.3003 -2.0600 4.9846
3.9265 -2.6830 5.9293
6.5722 -2.8959 7.0331
4.2747 -0.0649 11.3471
1.5051 -1.6473 5.4995
4.3054 -1.1455 9.2116
1.5522 -1.0792 6.4240
7.0665 -2.3765 8.3534
3.0608 -1.2216 7.3677
-3.5861 -1.1216 4.7016
7.7022 -0.3698 12.7191
-1.8290 -1.9006 4.1642
3.9023 -0.4394 10.3860
7.2544 -0.0237 13.1501
-1.0976 -1.3830 5.6179
-9.0008 5.7072 15.1817
-0.2887 -1.5891 5.6745
2.8690 0.7045 12.0684
1.3996 -2.0823 4.8478
4.8012 -0.1127 5.0397
6.1895 -1.6240 9.3463
1.3892 -2.7598 4.3109
-0.9410 4.9019 18.2317
0.8843 -2.9005 3.7388
3.1192 -2.8528 5.1246
-1.5866 -1.4802 5.1420
0.6866 -0.1053 9.1943
5.3523 -2.9213 6.2778
-0.5127 0.3372 9.3835
5.0909 0.2888 12.5234
5.9974 -1.5058 6.5034
-15.1378 6.4084 13.0344
0.0711 -2.6485 3.7714
4.9251 1.4848 14.8107
3.8336 -2.6963 5.8491
3.8296 -1.9261 6.4548
7.8593 -0.4050 12.7398
-0.3539 0.3865 9.5734
6.0744 -1.3383 6.4089
-0.0912 -2.6273 3.7199
1.7112 -2.9210 4.1756
-0.8834 -1.4030 5.7019
-0.9493 -0.4731 7.5167
4.4229 -0.3846 5.4557
10.7240 2.8687 20.9174
0.6123 -2.6485 4.0839
3.8863 -1.2173 7.7390
3.1230 -2.8903 5.0521
8.9479 -0.2607 13.6561
0.8549 -2.8303 3.8617
6.2351 -1.9688 8.6857
7.6367 -1.3634 10.7016
0.8209 -2.7348 4.0324
-5.0269 -0.1449 5.8156
-26.1669 6.4076 6.6630
4.0953 0.8200 13.0068
7.2757 -2.0078 9.2091
5.7352 -2.7601 6.8201
2.3142 -2.6073 4.8925
4.3789 -2.8852 5.7876
2.3389 -2.8690 4.6416
6.3643 -2.6420 7.4189
4.9337 -2.3524 6.4325
4.1700 -0.3288 6.2456
2.4874 -2.8797 4.7061
1.9163 -2.2398 4.5595
2.4864 -1.5903 6.1388
6.3594 -2.7903 7.1204
-0.8513 -1.5357 5.4561
4.7886 -1.6628 7.6239
3.7625 -2.2592 5.5795
5.7399 -1.8730 8.5905
8.3355 3.6210 21.0370
-2.3194 0.4881 8.6408
-1.1155 -2.1847 4.0102
7.8553 0.6485 14.8366
4.8800 -2.5370 6.3579
2.9038 -2.0711 5.3875
2.0698 -0.0648 10.0739
-4.5272 1.2685 8.9207
7.7774 -1.8589 9.7954
2.0673 -0.2227 9.7579
-3.2464 -0.1450 6.8438
3.5786 -2.8637 5.3682
2.3172 -2.7093 4.9475
3.8003 1.2684 13.7300
4.5458 -2.9411 5.7726
6.8063 -1.4035 10.1421
-4.3123 3.1031 12.7005
0.9777 -2.7026 4.1871
7.0662 -2.0699 8.9641
1.2949 -0.1054 9.5456
2.8471 -1.3470 6.7291
3.5111 -1.9609 5.8227
3.0129 -1.6669 6.2792
2.7669 -0.2227 10.1619
7.7305 -0.4050 12.6654
-1.0762 -2.0572 4.2871
6.6189 -0.5397 11.7550
-6.3399 4.2141 13.7430
6.2693 -0.2976 12.0355
5.8573 -2.3856 7.6369
-0.3311 -1.3629 6.1008
4.8001 -2.3967 6.1884
2.6439 -2.8134 4.9287
4.8362 -2.9461 5.9305
5.3149 -2.1714 6.8446
3.1300 -1.3503 6.9405
3.2133 -2.4822 5.3287
2.7614 -1.6258 6.0747
4.3126 1.5606 14.6080
2.7996 -2.7721 5.1009
-6.0298 -0.3335 4.8607
13.4053 4.5456 25.8074
3.1053 -1.2582 7.3162
-5.1501 4.3763 14.7536
8.3895 1.9705 17.7794
5.9354 -2.1962 8.0595
1.4507 -2.3237 4.3809
3.7494 -2.2340 5.6351
-19.5253 5.9301 9.5474
11.9013 2.9842 21.8276
1.4267 -0.2604 9.3129
3.0159 -2.0786 5.4776
0.5976 1.1328 11.6100
1.3390 -1.8659 4.0281
-11.5979 4.3761 11.0292
4.9452 -0.1433 5.1255
4.4525 -2.7722 6.0553
6.6320 -0.1056 12.6276
6.7122 -1.7387 9.4198
1.2038 -1.8414 5.1283
-0.8494 -1.8293 4.8721
5.9654 -1.5517 6.5592
3.5118 -2.9604 5.1370
-7.6433 0.8799 6.3467
-0.3165 -2.3094 4.2232
-0.6186 1.0034 10.6497
5.9975 -1.4520 6.5034
2.6683 -2.8798 4.8105
-12.4948 2.1505 6.0765
3.5058 -0.8403 9.3581
7.6907 0.1951 13.8380
1.4394 -1.5547 5.6630
3.6153 -2.2174 5.5461
4.3101 0.1198 5.3451
7.7430 -0.1845 13.1119
-0.0993 -2.6893 3.5916
-0.3129 -2.0572 4.7278
5.6823 -2.0203 8.2637
6.0026 -1.4287 6.4944
6.8104 -2.6697 7.6214
4.1335 -1.2399 7.9437
4.0500 -0.1844 10.9794
1.7674 -2.3149 4.5408
2.7821 -2.1465 5.1853
7.6209 -2.2071 9.0111
6.4194 -2.2493 8.2331
4.5549 -1.1221 9.4025
1.6821 -1.4503 5.7998
-2.3429 2.1505 11.9397
5.5290 1.4848 15.1595
-1.0277 -2.2693 3.8923
2.2192 -2.7781 4.7538
8.7881 -0.8681 12.3533
5.9397 -2.3484 7.7587
1.8305 -1.6503 5.5945
-2.3594 -1.7844 4.0894
6.9445 -0.0237 12.9712
2.0426 -1.9057 5.0839
2.6747 0.0614 10.6749
4.3462 -0.2039 5.3979
8.2595 4.5454 22.8350
6.5076 -2.8801 7.0272
-8.6179 0.5407 5.1079
2.4700 -2.6255 4.9942
3.5715 -0.9996 9.0786
-5.8205 1.0035 7.6456
4.6617 -0.2797 4.8886
4.5961 -2.5879 6.1952
0.0995 -2.6201 3.8442
-1.0703 1.0673 10.5163
0.5724 -2.2896 4.7760
4.3893 -2.9362 5.6920
-0.3623 -1.8867 5.0389
0.6243 -2.5532 4.2808
6.5587 -2.8586 7.0996
3.6751 -1.9504 6.2753
-2.2561 -1.0493 5.6138
1.7431 -2.7412 4.5523
-0.4671 -2.4642 3.8277
-3.4223 -0.0233 6.9847
4.7598 -0.0802 5.0177
-8.1060 2.2443 8.7982
0.6583 0.2889 9.9636
7.0533 -2.1853 8.7268
5.0671 -1.8969 7.2459
3.3349 -2.8637 5.2275
8.0767 -1.8002 10.0852
-4.9266 -1.0243 4.1213
1.9440 -1.1591 6.6586
6.0575 1.4848 15.4647
-1.8093 -0.0647 7.8338
7.8192 -1.0985 11.3348
1.6037 -2.3069 4.4914
-5.8093 2.7565 11.1452
4.8449 -2.9362 5.9550
4.3411 -0.0561 5.3795
1.7227 -1.4940 5.7446
1.1642 -1.2578 6.1880
3.4836 -0.9996 9.0278
2.4035 -2.9311 4.5553
5.8054 -2.0786 6.8376
5.7232 -2.6831 6.9667
10.3986 1.4847 17.9718
-10.4786 3.4846 9.8993
4.4842 -2.2982 5.9423
3.9561 -2.4243 5.7091
1.0820 -2.8471 3.9594
-9.5052 4.7195 12.9222
6.8057 -1.6743 9.6019
-9.0714 2.3409 8.4330
4.4010 0.1432 5.3814
5.2313 -2.4081 6.4356
9.6768 -0.3699 13.8594
-5.0178 3.7613 13.6044
0.1524 -2.3760 4.3613
4.6416 -2.2656 6.1036
3.7820 -2.1143 5.9058
2.4253 -0.8402 8.7341
-7.7897 1.1999 6.8998
3.0031 -1.6562 6.2027
-3.3234 -1.4611 4.1768
2.4626 -2.9603 4.5312
-5.6026 4.7197 15.1765
7.4555 -2.2902 8.7502
-17.2324 3.4844 5.9983
1.7427 -2.3596 4.4519
2.6143 -1.9668 5.6084
4.9795 -2.8530 6.1987
6.9468 -2.5223 7.9939
-0.4111 1.3388 11.4380
2.0377 -0.5066 9.1750
4.7779 -0.2457 4.9864
-0.6100 3.2263 15.0841
5.5191 -2.8905 6.4355
-5.4053 0.1054 6.0960
1.6490 -2.9058 4.1701
7.2671 2.1506 17.4899
-4.9541 6.6651 19.4275
7.6304 -1.9820 9.4652
-1.2542 -2.1052 4.0886
0.1231 0.1953 9.4679
1.6762 -1.9555 5.0809
7.3880 -2.0205 9.2486
6.9032 -2.5537 7.9061
1.4871 -1.4907 3.8754
4.1025 -2.0861 5.8780
-19.9447 5.4924 8.4330
-6.9434 4.5447 14.0533
3.2263 -2.2024 5.2148
-1.8539 -1.0979 5.7492
1.2609 0.1052 9.9455
9.2537 1.8000 17.9387
5.8461 -2.4127 7.5766
6.4080 2.0593 16.8119
-0.3746 -1.7996 5.2054
2.8210 0.2416 11.1183
-5.2419 1.5607 9.0900
1.6449 -0.6035 8.7551
4.5134 -1.8262 7.2147
4.6476 -2.2331 6.1511
9.2311 -0.8406 12.6640
4.3308 -1.6180 7.2851
4.6484 -2.3371 6.0446
11.2068 6.1660 27.7665
7.6266 -1.7229 9.9793
4.4467 -0.9741 9.6349
3.2967 -1.9899 5.7061
-1.9519 2.0593 11.9837
2.5256 -2.7900 4.9069
6.4351 -2.8252 7.0948
7.3381 -0.6658 11.9190
7.4145 -0.8405 11.6151
1.4178 -2.2233 4.5496
2.6647 -2.7028 5.1612
4.0055 -2.3174 5.7138
1.7709 -1.0247 7.9886
4.4644 -2.7414 6.1236
3.1309 -2.7901 5.2564
3.6329 -1.5375 6.9295
-15.4162 2.8683 5.8196
4.2653 -1.8173 6.7715
7.2570 -1.7069 9.7977
-0.7192 -2.3573 3.8951
-0.3674 -1.7693 5.2700
1.9893 -2.2100 4.7641
-12.4871 2.8683 7.5114
-4.3304 -1.0978 4.3192
3.0185 -2.7093 5.3524
7.0403 0.1951 13.4624
2.1364 -1.5017 6.0557
-5.0383 -0.7835 4.5367
5.1693 4.3768 20.7144
4.8663 -1.8959 7.1251
-2.2057 0.0616 7.8566
9.4907 2.9842 20.4353
3.2195 -2.8418 5.2046
2.8862 -2.7286 5.2375
3.2471 -2.2544 5.2076
4.4515 -0.1460 5.1805
0.5093 -2.5138 4.2929
5.3905 -2.3024 6.6321
1.1436 -2.7659 4.1569
2.4987 -2.2275 4.7365
1.9117 -2.5155 4.5967
6.8333 0.1951 13.3429
1.0723 -2.7536 4.1402
4.8589 -2.7539 6.3265
4.4017 -2.1291 6.2684
8.3792 -1.5543 10.7500
-4.7530 -0.1449 5.9738
5.7196 -2.9314 6.4699
7.0812 4.9023 22.8656
-2.1044 1.3388 10.4601
0.0130 -0.3695 8.2789
-1.3157 -0.6347 6.9832
2.2047 -2.4961 4.7500
6.2351 4.3768 21.3300
3.7515 0.3371 11.8461
3.3349 -2.1906 5.4128
8.7541 -0.6962 12.6763
2.8994 -2.7660 5.1706
5.8391 -1.0742 10.2394
1.3682 -2.0372 4.8231
-0.6232 0.1053 8.8575
2.2863 -0.5395 9.2531
10.4680 0.4878 16.0253
-2.2671 -1.3423 5.0237
6.6850 -1.4807 9.9181
-10.5880 5.2876 13.4288
2.1339 -2.2592 4.7042
3.1911 0.2889 11.4263
-4.3546 -0.6033 5.2906
-6.3325 -0.2600 4.8322
8.6538 1.4108 16.8168
2.6295 -1.7661 5.8860
2.9420 -1.0823 7.4328
6.1409 -2.1290 8.3121
-1.9753 0.1954 8.2561
-20.0942 5.7065 8.7733
2.5323 -2.8955 4.7006
6.8301 -2.7161 7.5402
0.4176 -2.5376 4.1925
3.3746 -1.3827 7.2710
-1.3662 -2.0571 4.1196
2.4736 -2.9555 4.5471
1.3867 -2.0499 4.8273
-1.2237 1.4109 11.1123
3.0324 -2.7599 5.2596
5.9538 -2.5613 7.3426
0.4582 -0.7707 5.5652
-7.7541 1.4849 7.4881
1.9403 -2.7536 4.6413
-3.6925 0.1500 7.1739
4.5710 0.7300 5.5036
-0.9424 -1.4421 5.5899
2.0692 -1.6670 5.6296
3.0084 -1.2296 7.0630
6.6677 -2.3099 8.2558
3.4440 -2.1773 5.4037
6.9473 -2.3765 8.2846
-2.4536 -0.2972 6.9984
-0.5265 -2.4472 3.8274
0.5545 -0.4170 5.3847
1.2699 -2.2169 4.4849
3.9538 -2.8474 5.6175
-0.1087 -1.9551 5.0492
3.3636 -2.7093 5.5516
4.4998 -1.8415 7.2004
4.9076 -0.8124 10.2233
-15.5108 3.6203 7.2634
1.4403 -1.6498 3.9423
2.3178 -2.2009 4.6546
6.3777 -2.6696 7.3715
10.1396 1.7181 18.2872
-0.6281 -1.7996 5.0591
2.2212 -2.1314 5.0172
0.9934 -2.9006 3.8018
5.4401 -1.6906 8.7808
5.1468 -2.9213 6.1591
3.7887 -2.6963 5.8232
-7.0300 0.3867 5.7180
5.9444 -1.8378 6.6673
0.0452 -2.4298 4.1921
2.8848 -2.5403 5.1857
2.7361 -2.2654 4.9104
9.6024 -0.2230 14.1092
6.2766 -0.1845 12.2652
-8.2266 5.7073 15.6288
1.3628 -1.8100 4.0044
4.5851 0.3012 5.4210
2.1600 -1.1615 6.8666
-11.5437 1.2686 4.8686
-2.6399 -1.1911 5.1097
1.9175 -2.9360 4.2649
9.5594 -0.4050 13.7215
6.6464 -1.6743 9.5099
7.6174 -1.5179 10.3824
1.8934 -2.6961 4.7289
3.8380 -1.3588 7.4699
-0.0350 -2.5137 3.9787
-2.4153 0.3865 8.3829
5.2570 -2.7030 6.6579
7.5634 -2.1291 9.1334
-0.6066 -2.4642 3.7472
5.0689 -2.9112 6.1344
-0.2815 -1.4030 6.0494
0.2898 -2.6960 3.8030
2.3033 -2.2279 4.8176
3.0008 -1.6454 6.2369
8.9693 -0.6962 12.8006
-3.4975 -0.1841 6.6210
6.0728 -2.6062 7.3219
4.1053 -0.3336 6.1813
6.8938 -2.7290 7.5514
4.6795 -2.7224 6.2857
-4.2623 -0.1052 6.3365
2.7920 -1.5700 6.2878
9.4788 0.3369 15.1535
3.1381 -1.6795 6.2251
6.4734 1.3387 15.4139
2.8043 -0.4393 9.7519
2.8994 -2.8249 5.0534
3.5010 -1.5996 6.7963
-0.3933 -2.3851 4.0280
2.0564 -1.3017 6.4369
0.0089 -1.6739 5.6774
7.4960 -1.5720 10.2045
4.6644 -0.1351 4.8339
5.2652 -2.7224 6.6238
4.9322 -2.6830 6.5100
7.8335 -0.4050 12.7249
4.7660 -0.2289 5.5882
4.1716 -1.4413 7.5261
6.2325 -2.7602 7.1073
-0.3364 -2.2384 4.3532
2.0004 -1.6355 5.8195
3.3401 -2.6962 5.5642
-11.7994 3.7610 9.6873
-2.6172 2.2444 11.9682
-5.7560 0.4369 6.5539
4.5345 -1.2065 8.3561
-1.0452 -2.0814 4.2566
5.7113 -2.1290 8.0640
-7.2588 2.3409 9.4799
5.9657 -2.7540 6.9655
1.4906 -0.8949 8.0854
5.3780 -2.9363 6.2628
4.8754 -2.3308 6.1894
4.5167 -2.5127 6.0941
11.5991 1.4108 18.5178
0.3115 -2.7410 3.7258
4.2151 -0.3343 5.6677
5.0325 -2.5523 6.4242
-3.8580 -0.4045 5.9736
3.6681 -1.7186 6.7783
6.2817 -2.6278 7.3994
-1.4413 -1.3006 5.5837
-0.3193 2.2444 13.2954
8.0303 4.3769 22.3669
-16.7408 5.7067 10.7104
6.4817 -2.8079 7.1560
-2.6650 -0.2972 6.8763
-3.7196 2.3409 11.5239
3.2268 0.1952 11.2602
7.6954 1.9705 17.3785
2.1211 -0.2227 9.7890
3.9418 -2.0570 6.1235
-3.9658 -0.9214 4.8814
3.2507 -2.4991 5.3607
2.6276 -2.3275 4.8841
4.4863 -0.2934 5.2652
4.9397 -2.8799 6.1219
3.1646 -2.0243 5.7580
-0.2556 2.4403 13.7225
-4.6971 0.6488 7.5877
2.4838 -2.8582 4.7469
4.3345 -2.7159 6.0993
6.5779 -2.7724 7.2824
1.6176 -2.7659 4.4305
-5.2377 -0.4390 5.1080
2.1833 -2.6259 4.8296
6.0965 -2.8640 6.8219
3.9393 -2.8250 5.6538
-7.9240 5.9309 16.2492
6.6917 -2.8959 7.1021
4.2513 -2.7538 5.9757
-16.2959 5.9303 11.4129
-0.8640 -1.4030 5.7131
-4.7564 3.2262 12.6892
-5.7114 1.3389 8.3770
1.1415 -1.8970 5.0546
0.5985 -0.8122 7.7350
6.1601 -2.2070 8.1677
3.7731 -1.8498 6.5734
-2.3230 -1.6063 4.4653
-5.7375 -0.4044 4.8883
-0.5429 -2.1400 4.4300
0.2494 -2.1738 4.8202
2.1459 -1.5146 6.0211
2.2181 -1.1410 6.8893
5.3502 -0.2228 11.6537
1.3562 -1.9088 4.0666
0.6795 -2.5454 4.3282
7.3383 -1.8873 9.4853
4.2311 -2.0550 6.0563
0.3444 -0.5394 8.1318
5.2786 -2.8957 6.2862
-1.3376 -0.3694 7.4990
7.4655 -2.0205 9.2934
5.6558 -2.9214 6.4530
2.6637 -2.0045 5.3950
6.3972 -2.9559 6.8124
1.5321 -2.7285 4.4557
3.9051 -0.8679 9.5337
4.7423 -1.6126 7.6140
4.6491 -0.3125 5.1942
6.0951 -1.1456 10.2451
2.0052 -1.3943 6.3831
2.4118 -2.3439 4.7704
0.4401 -2.8189 3.6448
-4.5524 -0.7546 4.8748
6.5824 -1.4231 9.9736
-1.7697 -0.8947 6.2028
-1.1423 -1.9683 4.4260
5.6893 -1.8150 8.6770
4.5194 -2.1230 6.3167
0.0830 -1.0494 6.9645
3.8376 -2.8135 5.6179
4.3589 -2.8852 5.7761
-2.5527 -0.7547 6.0295
7.1466 1.2684 15.6625
0.4238 -2.1738 4.9209
-5.2972 -0.0646 5.8197
3.5705 -2.1716 5.6021
11.2123 3.7618 22.9789
2.5066 -2.5394 4.9654
-9.5258 2.6479 8.7823
4.4948 -2.1920 6.1581
-5.0862 0.6488 7.3630
1.9269 0.1498 10.4190
0.3725 -2.6759 3.8907
5.9124 -2.7723 6.8982
1.0662 1.8000 13.2102
7.6085 -1.5896 10.2345
-10.7242 1.7182 6.2377
-0.0960 -2.0072 4.9526
-2.1073 4.7199 17.1955
-5.6893 -0.3335 5.0574
5.5402 -2.2729 6.7745
-3.6611 -0.7835 5.3320
-10.9450 1.8842 6.4409
5.5149 0.9408 14.0673
-8.6398 2.3409 8.6822
-1.6701 -1.8866 4.2838
-12.0221 2.8683 7.7799
-12.6802 1.8001 5.2712
4.1151 -2.5324 5.8784
-3.0486 0.1499 7.5457
7.8304 -1.6411 10.2600
-2.4544 -0.3694 6.8541
-3.1053 1.0674 9.3411
5.0999 -1.3220 9.3189
6.0080 -2.9510 6.5974
-7.4641 1.6384 7.9616
2.4466 -1.8590 5.5559
-1.9497 -0.8120 6.2636
6.1084 -1.1688 10.2067
-15.6204 6.4084 12.7556
3.6637 0.0185 11.1605
-23.1498 5.9299 7.4536
3.0171 -2.8362 5.0989
2.0371 -0.5718 9.0448
7.7107 -1.9950 9.4858
11.8332 1.4847 18.8003
4.6562 -2.7159 6.2850
7.3408 -2.2285 8.8068
3.0964 -2.7093 5.3974
1.0806 -2.8075 4.0375
4.4896 -2.6763 6.2678
1.5903 -0.2974 9.3336
4.2654 -0.3463 5.6942
-2.5054 -0.9214 5.7247
15.3242 4.3772 26.5801
1.6148 -2.7536 4.4534
0.1421 -1.9282 5.2476
3.3206 -1.8500 6.0879
1.9032 -2.0927 4.8825
-6.2178 3.7612 12.9113
5.4711 -2.6964 6.7946
9.6293 -0.2230 14.1247
-1.0385 -1.4227 5.5731
6.6279 -2.5915 7.6718
7.4008 -0.4395 12.4062
4.4131 -2.0706 6.3479
5.6473 -2.9412 6.4085
6.5698 -2.8365 7.1501
4.2110 -1.8009 6.8174
3.0604 -2.6762 5.4427
0.9390 -1.5427 5.5801
4.4319 -2.2997 5.9764
3.6015 -2.4082 5.4952
6.4258 -0.8404 11.0442
-4.0783 0.4882 7.6250
2.2015 -2.5528 4.7911
-0.6311 -2.2279 4.2040
5.2270 -2.7601 6.5267
2.8188 -1.0591 7.1352
-2.4887 2.8685 13.2861
-1.0791 -1.3424 5.7097
4.3195 -0.1934 5.3834
5.6458 -2.2556 6.9308
13.7849 5.4945 27.9174
-12.3939 4.2138 10.2462
2.9710 -2.3765 5.1135
0.8367 -0.6035 8.2884
6.2406 -2.3389 7.9514
2.5131 -1.4929 6.3563
-4.2422 1.4110 9.3691
-8.9573 0.4370 4.7052
10.4695 2.5427 20.1208
4.6397 -0.3092 5.2004
1.2928 -1.7658 5.3903
8.7674 2.0593 18.1746
5.3361 -2.0632 7.1027
4.1411 -1.2774 7.9001
0.8221 -2.6345 4.2330
-3.1497 0.5941 8.3724
4.8142 -2.7414 6.3255
3.2413 -2.2704 5.2149
4.0358 -1.6479 6.9635
5.3781 -2.8957 6.3437
6.1918 -2.8308 6.9430
-0.2515 -2.4298 4.0207
8.3055 0.1050 14.0137
1.6304 -2.9506 4.0699
4.7163 -1.6898 7.5281
1.9286 -2.2447 4.6476
9.1851 -0.8406 12.6375
5.8259 -1.9901 6.8020
1.6262 -1.6627 5.5613
-5.4787 -0.1051 5.6341
7.5399 -1.2363 10.8988
7.6069 -1.7069 9.9998
5.6788 -1.1221 10.0514
0.1776 -2.6960 3.7383
4.6231 0.2868 5.4742
3.8846 -2.8362 5.5997
4.6304 -2.9313 5.8411
-17.6910 4.9010 8.5561
-0.3336 3.6208 16.0298
2.3074 0.1498 10.6387
1.5123 -1.2717 3.8317
-11.6516 1.9705 6.2049
4.3488 0.1234 5.3517
6.9703 -2.0939 8.8609
7.1128 0.8199 14.7494
5.6100 -2.7160 6.8357
3.4026 -2.8904 5.2135
6.1490 -2.6349 7.3087
6.5454 -2.9607 6.8884
6.5791 -2.6207 7.5854
-13.8704 3.6204 8.2109
2.4801 -2.9651 4.5318
4.8407 -1.5335 7.9140
1.9550 -1.3159 6.3023
9.3332 0.1495 14.6960
4.3731 -2.8957 5.7634
-0.3222 -0.5065 7.8123
2.3458 -1.8169 5.7427
4.3928 -2.8692 5.8275
5.7145 -2.9214 6.4869
3.4887 -2.0952 5.5923
-2.7544 1.0674 9.5437
5.2759 -1.1221 9.8188
-7.2124 1.1329 7.0996
9.1474 5.2888 24.8291
1.2825 -2.0656 4.7719
2.7069 -2.1619 4.9351
-4.0875 -0.5064 5.6380
2.0472 -2.2584 4.6194
4.1094 -2.2414 5.8971
-5.6446 -0.1051 5.5383
4.6554 -0.8404 10.0219
3.5510 -1.4180 7.1106
6.8411 -1.6744 9.6224
2.8739 -1.6798 6.2845
0.7374 -0.8122 7.8152
1.9354 -2.0288 5.0655
-2.2704 -0.7547 6.1925
17.2917 6.6670 32.2790
-1.6978 -1.8438 4.3531
0.1803 0.7046 10.5157
3.1669 -2.6694 5.5177
4.3584 -2.5695 6.0452
4.6060 -0.3728 5.5235
5.2801 -2.7662 6.5452
4.6660 -2.8193 6.0847
5.2732 -2.8693 6.3358
0.5352 -0.5024 5.4306
6.6059 -2.7540 7.3352
0.1326 -2.7473 3.6100
-3.5226 -1.1216 4.7383
0.7470 -2.8247 3.8106
-11.0608 5.0906 12.7631
8.4882 4.5454 22.9671
5.1098 -2.8905 6.1992
5.7867 -2.3501 6.7930
-3.6021 -0.6653 5.6016
1.4806 -2.1666 4.7025
4.8536 -2.6897 6.4513
-1.1006 0.8201 10.0061
2.4894 -2.9360 4.5951
-0.7879 -1.1218 6.3173
-3.0755 2.6479 12.5077
0.7249 -2.5218 4.4014
0.7989 -2.6692 4.1505
6.1107 -1.6410 9.2670
-2.9639 -0.2225 6.8526
0.9790 0.4880 10.5456
-0.8674 -2.3759 3.7725
5.1440 -2.9509 6.0985
1.1196 -2.6960 4.2822
-6.5527 -0.0645 5.0947
1.5981 -2.2963 4.4938
4.0248 -1.1221 9.0964
0.6142 -2.8635 3.6566
-1.4000 0.3865 8.9693
4.8583 -1.2454 8.4865
-3.2335 -0.3693 6.4042
4.0231 -0.3285 6.3204
5.5572 -2.8958 6.4471
0.5555 2.5426 14.3949
-5.6151 1.1329 8.0221
3.3272 -2.1760 5.4021
2.1236 -1.7412 5.5413
2.6727 -2.1255 4.9490
3.7455 -0.3180 6.9116
3.9043 -0.1453 10.9731
8.1035 -0.8681 11.9580
-8.8136 2.8684 9.6330
-1.9338 -1.9682 3.9690
3.9099 -2.9162 5.4551
-3.2317 0.1054 7.3512
-2.3417 1.4109 10.4667
0.6308 -2.8471 3.6989
4.9101 -0.2723 5.1228
6.2538 -2.8958 6.8493
-0.9256 1.4109 11.2845
5.6561 -2.9654 6.3655
1.9289 0.0186 10.1587
-5.9452 1.2685 8.1018
-2.4920 0.5405 8.6455
4.5030 -1.8689 7.1737
2.7899 -2.8361 4.9677
-11.2722 2.3408 7.1619
2.8379 -2.9007 4.8667
2.6950 -2.1656 4.8726
7.5417 2.4403 18.2259
-11.3456 6.4087 15.2252
-4.4233 1.3389 9.1209
3.9627 -2.5884 5.8306
1.4447 -1.6397 3.9492
3.5993 -1.2254 7.3071
3.5089 1.0033 13.0334
1.3075 -1.9994 4.8673
7.9327 -1.4035 10.7925
-2.7266 -1.6572 4.1309
6.2818 -2.6764 7.3026
-1.2466 -2.0324 4.2379
0.2065 -1.9282 5.2848
0.5255 -2.6827 3.9657
6.0540 -2.2493 8.0222
7.4443 -1.0250 11.2646
2.3121 -2.7959 4.7719
5.4333 -1.2140 9.7265
0.5029 -2.6692 3.9796
4.0391 -2.3746 5.7255
8.4675 -1.4619 10.9851
-8.8718 2.2443 8.3559
3.9145 -2.8799 5.5300
-1.4515 -1.0738 6.0297
7.6879 4.5454 22.5048
4.8353 -1.8402 7.2178
6.9157 -2.4648 8.0904
8.0546 1.1326 15.9165
2.6386 -0.6656 9.2053
3.0495 -2.6066 5.3155
4.8196 -1.8176 7.2572
-2.3307 -1.0245 5.6202
4.7025 -0.3031 5.3550
4.3100 -1.8717 6.6907
-10.9270 2.3408 7.3613
1.1969 -2.8304 4.0591
3.9556 -1.2284 8.0531
1.7696 -1.8720 5.2261
5.1497 3.3536 18.6642
-4.6319 -0.2224 5.8894
0.5117 2.9840 15.2492
4.6033 0.6042 5.6039
-3.3954 -1.1216 4.8117
1.9466 -2.1664 4.7245
2.1103 -2.9507 4.3470
1.9877 -2.1933 4.7521
6.0073 -2.2284 8.0369
7.9869 0.0184 13.6570
4.7961 -0.2931 5.0181
14.6632 4.5457 26.5340
3.2123 -2.9652 4.9545
5.9321 -1.8872 8.6733
7.4240 4.2146 21.6933
4.2714 -2.2494 5.9446
6.4287 -2.5062 7.7268
-0.6238 -1.7692 5.1220
-0.2257 -2.1169 4.6591
2.3329 -1.9771 5.1023
-4.0123 -0.4730 5.7480
-5.6277 6.9333 19.5728
4.7635 -1.3316 8.1728
-2.2411 -1.4989 4.7267
5.1437 -0.5027 8.0906
1.1035 -2.8849 3.8965
4.6057 -0.3925 5.5255
7.6750 -1.6908 10.0713
8.3413 3.7617 21.3207
4.7480 0.2453 5.5857
2.4619 -2.7093 5.0310
0.8261 1.4109 12.2961
4.0187 -2.1715 5.9359
2.3356 -1.7534 5.6460
0.7572 -2.6415 4.1815
2.6899 -2.8528 4.8768
-11.9711 4.5445 11.1492
2.0922 -1.5149 5.8425
4.4093 -2.8307 5.9138
4.3231 -2.0779 6.2749
2.0357 -2.8527 4.4991
-6.9336 6.1647 17.2869
-18.8288 4.3758 6.8525
7.2920 -1.7069 9.8179
2.4978 -0.2227 10.0065
1.5702 -2.3590 4.5751
1.0379 -2.6692 4.2885
5.5278 -2.7662 6.6882
-4.3893 6.6652 19.7538
5.2111 -2.3891 6.4366
0.6166 0.4367 10.2340
6.3766 -2.3579 7.9921
6.3265 -2.4732 7.7334
0.4660 -0.1842 8.9098
1.6400 -2.8191 4.3376
0.7579 1.5606 12.5551
6.9028 -1.9012 9.2060
-17.9379 3.4844 5.5908
1.4134 0.8200 11.4580
2.2956 -1.5873 6.0054
1.3799 0.8200 11.4386
3.9881 -1.7889 6.5434
1.2172 -2.9310 3.8704
2.6074 -1.7476 5.7705
-0.9431 -2.2278 4.0238
3.5132 -2.2344 5.3401
3.8851 -2.4207 5.6598
1.3714 -2.8527 4.1155
6.1599 -1.8150 8.9487
4.3333 -0.3530 5.4075
4.6056 -2.7842 6.1197
3.3709 -2.8691 5.2375
-3.4214 -1.0244 4.9904
-1.5797 0.1053 8.3052
-2.0721 -0.8676 6.0822
-9.1340 1.3389 6.4004
5.0494 -2.9061 6.1333
5.4184 0.2415 12.6182
4.0147 0.1051 11.5358
-4.5818 0.2418 6.8434
-2.8659 0.0616 7.4753
6.5450 -2.2901 8.2245
2.8211 -1.4130 6.6304
1.3978 -2.7840 4.2676
6.9429 -1.9949 9.0424
0.3250 -2.7658 3.6843
7.0838 -2.3857 8.3451
-6.1633 1.2686 7.9758
-0.2190 -1.4613 5.9694
7.7681 -0.1454 13.2043
4.8641 -2.3158 6.2055
5.5220 -2.2694 6.7893
0.2482 1.8841 12.9054
2.1853 -2.9651 4.3616
4.0175 -1.9892 6.0211
-0.3841 -1.6902 5.4179
7.2669 -0.4049 12.3977
4.7723 -1.8971 7.0764
1.6906 -0.2227 9.5404
-1.5041 2.7565 13.6317
-3.5016 -0.8120 5.3675
-0.9587 -1.2137 6.0357
6.0892 -1.2195 6.3437
2.1391 -2.0692 5.0309
-9.1906 1.1999 6.0908
5.1121 -0.5200 8.0839
1.9334 -0.2604 9.6055
5.8542 -0.7258 10.9424
-10.4742 5.4930 13.9038
2.8982 -2.6829 5.3356
2.4824 -2.1649 4.8140
-3.0217 -0.9993 5.2714
4.3260 -2.4225 5.9183
2.2811 -1.9223 5.1758
-1.4358 0.8201 9.8126
4.6973 -2.7600 6.2209
2.8986 0.3371 11.3535
-11.2586 2.7564 7.9978
2.5721 -2.7781 4.9576
-5.2317 -0.5392 4.9118
4.5166 -2.8078 6.0214
4.6183 -1.9286 7.0615
0.6533 -1.3368 5.8867
2.1322 -2.5128 4.7178
6.3026 -2.0204 8.6219
5.0003 -0.4734 10.9523
-13.2690 2.6478 6.6203
8.0653 -1.5542 10.5687
7.9244 -1.0250 11.5419
-0.2948 -2.3667 4.1216
-4.4241 0.1500 6.7515
4.0368 -1.6950 6.6460
-0.9227 -0.4046 7.6686
-6.5772 0.2892 5.7853
-2.7083 2.4403 12.3060
2.0345 -1.6746 5.7659
6.7529 -2.9462 7.0371
5.7584 -2.9510 6.4532
4.4685 -1.9359 6.8673
3.8855 -0.7257 9.8056
-8.0244 3.2261 10.8017
1.0458 -1.7879 5.1845
8.4645 -1.4808 10.9456
4.6604 -2.0363 6.6139
-5.3650 -0.7835 4.3480
6.9284 -1.0498 10.9172
1.3052 -2.0021 4.1920
4.9134 -2.0575 6.8378
7.5396 -1.7229 9.9290
6.4388 -2.7844 7.1782
5.2583 1.3388 14.7122
-13.4235 2.2443 5.7271
4.7258 -2.4124 6.1540
3.3642 -1.9513 5.9186
4.7107 -0.1325 4.9973
2.0512 -2.6693 4.8735
3.8966 -1.4060 7.3859
7.6317 6.1657 25.7012
3.3396 -0.9740 8.9956
-5.0067 -0.9736 4.1761
-15.4503 3.7609 7.5785
-2.2403 0.8201 9.3480
1.2950 -2.9310 3.9153
-1.7367 -1.1452 5.7228
3.6031 -2.0623 5.6757
16.6559 6.6669 31.9117
1.4711 -1.2260 6.0940
3.2925 -1.9366 5.8177
-7.7443 2.4402 9.3974
4.1184 -1.0741 9.2459
-5.3758 -0.7546 4.3994
-0.8438 -2.2278 4.0811
0.8026 -0.4047 8.6649
1.7383 -1.9412 5.0571
6.9664 -1.2363 10.5676
-10.3280 1.0035 5.0425
-2.0972 0.9409 9.6713
9.7179 -0.0651 14.4904
4.9785 -2.5135 6.3623
-1.0284 0.0187 8.4509
-1.7271 -1.2793 5.4611
4.9590 -0.1518 5.1321
8.6017 1.6383 17.2400
4.2714 0.0141 5.3370
3.3958 -1.6659 6.4937
4.4755 -2.0139 6.5283
5.4920 -2.7783 6.6434
2.4584 -1.7720 5.7341
6.8038 0.1951 13.3259
-4.5768 -0.8946 4.5818
7.4427 -1.1457 11.0232
3.5064 -1.4034 7.1285
10.8365 0.7614 16.7835
-0.1990 -2.3942 4.1220
-1.1422 -0.7255 6.9024
-0.3358 -0.9738 6.8733
0.7172 -2.8526 3.7378
3.1792 -2.5390 5.3528
0.0519 -2.1285 4.7963
-4.4312 -0.9736 4.5085
5.6779 -1.8587 8.5831
5.1113 -0.3770 8.0464
-0.3003 -1.1218 6.5989
5.8069 -1.8150 8.7449
-6.2039 0.7618 6.9426
-8.9430 0.8203 5.4772
5.3683 -2.3381 6.6146
6.4172 -1.7069 9.3128
4.5158 -2.2964 5.9561
-6.1166 5.4932 16.4209
5.7314 -2.4075 6.7515
-1.9424 0.4881 8.8585
-0.6367 -2.1737 4.3086
1.1621 -1.3563 5.8919
11.5918 1.3387 18.3699
6.2378 2.7566 18.1032
7.6997 -2.0330 9.4035
9.3018 -0.4050 13.5728
4.2953 -2.8306 5.8480
4.9314 -2.6627 6.5501
-0.0168 -2.1848 4.6445
-1.1252 -1.9943 4.3840
5.0872 -2.5862 6.4749
5.8693 -2.0883 6.7911
4.6105 0.6261 5.5565
3.5627 -2.8798 5.3269
1.1286 -1.2000 6.2175
4.5418 -0.3035 5.2608
1.7422 -2.7349 4.5644
1.4984 -1.7377 5.3426
3.6851 -0.1453 10.8465
5.2319 -2.0113 7.1798
-2.7839 -1.7063 4.0000
2.3817 -2.9007 4.6033
-1.3514 -0.5065 7.2180
6.5595 -2.9655 6.8871
6.6885 -2.9607 6.9711
6.9449 -2.7226 7.5937
1.9905 -1.8532 5.4083
6.6354 -2.4815 7.8952
4.6894 -0.2823 5.0385
-5.6938 0.4369 6.5898
4.4708 -2.7961 6.0183
5.0828 -0.7709 8.2344
0.8035 -2.6415 4.2082
3.9011 -2.3050 5.6527
3.4624 -2.0855 5.5866
-1.2004 -1.8292 4.6694
4.3512 0.0029 5.4962
3.5182 -2.8192 5.4220
3.4606 -2.8135 5.4002
2.8968 -2.0444 5.4761
0.4483 -2.7473 3.7923
0.3933 -0.9216 7.3985
6.2918 -1.8872 8.8810
4.8231 -0.4734 10.8500
0.6390 0.1498 9.6753
6.3569 -2.6207 7.4571
5.6787 -2.4448 6.7226
4.5381 -2.2279 6.1074
7.6941 -1.5362 10.3903
-8.6096 3.2261 10.4636
4.4542 0.3118 5.4505
-7.0303 0.4369 5.8180
3.8394 -1.2717 7.6136
5.1558 -2.3908 6.3515
8.0953 5.2887 24.2214
3.9422 -1.5445 6.8793
-0.2930 -1.6065 5.6374
0.9355 -2.8581 3.8529
-9.7079 3.9067 11.1855
1.7016 0.4880 10.9628
-9.9711 4.7195 12.6531
-1.1485 -1.5356 5.2845
-8.2935 1.7182 7.6415
6.4832 -2.9462 6.8814
3.3098 -1.9124 5.8434
4.7387 -0.1658 5.0098
-2.0342 -1.4989 4.8462
1.6651 -2.3723 4.3789
1.2174 -2.1634 4.5405
-4.9136 -0.4044 5.3640
-1.8937 -1.7537 4.4195
4.7642 -0.2372 4.9806
6.8167 -2.7290 7.5069
4.3756 -0.9481 9.6456
3.6781 -2.8362 5.4805
4.2077 -0.8950 9.6543
-0.4644 -2.5453 3.6677
3.2930 -2.2082 5.2058
-1.0597 0.2417 8.8773
-19.3465 4.7191 7.2375
-4.3453 -0.1052 6.2886
5.8962 -1.8602 6.6796
1.6039 -2.7536 4.4472
5.4267 1.1327 14.3988
1.5055 -2.2908 4.6410
14.1406 4.0584 25.2613
6.8012 -2.8421 7.2725
0.8667 -0.2603 8.9895
4.2106 -1.7355 6.8945
2.5999 -2.6962 5.1369
5.9544 -2.1853 8.0922
-5.1140 0.9410 7.9291
4.2637 -2.3768 5.8319
-0.2875 -1.9683 4.9195
-0.0686 -1.0494 6.8770
6.8884 -2.7031 7.5998
5.3270 -2.4492 6.5016
5.8148 -1.9948 8.3911
3.5413 -0.7550 9.5484
-5.8798 0.0617 5.7349
7.8128 2.1506 17.8051
4.4680 -0.3854 5.4784
4.6075 -1.9532 7.0249
8.3161 -1.2583 11.3033
-0.8326 -0.0647 8.3979
4.5660 -2.1693 6.2451
2.1405 -0.4393 9.3686
7.6557 -1.1688 11.1001
9.4568 5.2888 25.0079
1.8118 -0.9739 8.1134
0.8325 -2.9108 3.6884
2.9932 -2.8745 5.0087
3.2716 -1.8362 5.9939
5.3955 -2.6831 6.7775
5.7351 -0.6037 11.1170
6.2664 -1.5719 9.4946
3.5640 -2.1893 5.4393
2.5267 -1.3003 6.6828
4.4232 -0.3746 5.4548
11.1759 1.0032 17.4611
6.8326 -2.7031 7.5676
-2.9298 1.0674 9.4424
2.5574 -1.5361 6.2965
-7.1432 1.1999 7.2732
-3.1184 -1.3422 4.5321
-14.7754 2.5424 5.5404
4.7609 -2.3444 6.1274
-2.1786 -1.6901 4.3817
1.3771 -2.9650 3.8950
3.1078 -1.9678 5.6691
2.3538 -1.1187 6.8693
6.6167 -2.8308 7.1884
2.5711 -2.7158 5.0812
6.8942 -1.3221 10.3549
2.8763 -1.7292 5.9956
1.5593 -1.8158 5.2022
4.6290 -2.2606 6.1151
2.6331 -2.5505 5.0912
5.1619 -2.8693 6.2715
-6.8362 -0.1839 4.6930
3.9217 -2.8904 5.5132
5.3851 -2.1532 7.0020
1.8361 -2.6828 4.7224
6.3037 0.9407 14.5229
4.8943 -1.3055 8.4824
3.0999 -1.9587 5.8553
1.5651 -2.2610 4.5541
5.8726 -2.3484 7.7199
5.7677 -2.5356 6.8393
-0.0417 -2.1400 4.7194
1.3216 0.2889 10.3467
3.1632 -2.0199 5.5909
4.7599 -2.9509 5.8768
-11.4243 2.2443 6.8817
-6.0730 5.2879 16.0370
3.2797 -2.8306 5.2617
5.3420 -2.8307 6.4524
5.8478 -2.3764 7.6498
4.8263 -0.2292 5.0831
4.0185 -2.8692 5.6114
1.9360 -1.2960 6.2695
-0.2082 0.3372 9.5594
3.0546 -2.7413 5.3095
3.2341 -2.9262 5.0448
9.3204 1.5605 17.5001
4.2706 -2.9312 5.6333
-0.6140 -2.3667 3.9372
-3.5298 -0.6653 5.6434
1.9797 -2.4487 4.5965
3.1752 -1.4925 6.5687
6.6941 -2.7416 7.4109
-19.2742 6.4081 10.6448
4.1353 -2.1165 6.0743
3.0179 -2.7660 5.2390
7.1791 -1.7387 9.6894
8.2546 -1.4995 10.7872
4.4153 3.2264 17.9866
2.0225 -2.2465 4.7066
6.9196 1.9705 16.9305
6.4873 -2.8476 7.0802
3.6872 -2.1336 5.5943
8.5325 6.6663 27.2188
-2.0676 1.3388 10.4813
-3.8383 1.1999 9.1818
0.6074 -2.8901 3.5996
6.2025 -2.6062 7.3968
2.9124 -2.0754 5.3199
-19.8363 5.7065 8.9223
-4.1735 -1.2357 4.1351
-2.0705 -1.7844 4.2562
8.6575 -1.2799 11.4574
-12.0125 6.6646 15.3498
1.3781 -2.8954 4.0342
5.8044 0.0613 12.4822
0.4542 -2.5376 4.2136
7.6818 4.7204 22.8500
5.7081 -2.9558 6.4146
6.5429 4.2146 21.1844
-6.4446 1.0035 7.2852
0.3857 -1.1883 6.0418
10.8350 2.1506 19.5505
9.9510 -0.1057 14.5442
4.0398 -2.0312 5.9525
-1.8490 -1.5536 4.8441
-3.8539 0.6488 8.0746
3.5099 1.5606 14.1444
7.5043 1.3387 16.0093
4.6726 -1.5401 7.7097
-3.2580 -0.9737 5.1859
-9.3999 3.7611 11.0732
4.3734 -2.7902 5.9738
-15.1629 2.6478 5.5265
3.8256 -2.1911 5.7693
2.6919 -2.1471 4.9183
-2.0957 -1.5356 4.7375
-1.6264 -1.9943 4.0945
-4.6226 1.4849 9.2967
8.1878 0.8796 15.4892
4.5767 -0.2833 5.0486
2.7743 -2.8473 4.9365
-2.1555 -1.7844 4.2072
2.9755 -1.6835 6.1568
6.0595 -1.3494 6.4078
-3.3712 -0.7254 5.6153
2.7596 -2.7158 5.1900
5.2306 -1.7649 7.6570
4.5214 0.3132 5.4088
-10.6476 1.0675 4.9854
0.0353 -0.7549 7.5239
2.4801 -1.9647 5.5223
-0.4453 -1.8145 5.1349
4.6418 -1.9958 6.9610
7.1250 -2.1058 8.9267
6.7887 -2.8252 7.2989
-2.8895 0.7617 8.8567
5.2075 -1.6839 7.7713
-1.1216 5.0911 18.5044
5.2524 -2.3176 6.5921
4.4795 -2.9162 5.7839
4.5596 -2.7288 6.2037
2.6671 -1.8240 5.6571
1.3112 -1.0200 6.4405
2.2562 -2.4972 4.7822
4.6156 0.4150 5.5868
7.4795 -0.8125 11.7084
4.2102 -2.8474 5.7655
0.2599 -2.4975 4.1812
4.5866 -2.7029 6.2708
-0.8807 -2.1169 4.2809
7.7640 -1.4808 10.5412
15.6285 6.4108 30.8080
6.5544 -2.6628 7.4872
-1.8034 2.9840 13.9120
-7.6955 5.4931 15.5089
5.7700 -2.3081 6.8992
2.4215 -1.2096 6.7029
4.7954 -1.2362 9.3140
-3.9500 -1.3422 4.0520
4.5027 -2.7600 6.1085
6.0529 -2.8531 6.8184
3.5606 -1.1543 7.4263
-1.4367 -0.8401 6.5041
2.9684 0.5404 11.7988
1.7619 -2.4756 4.4760
-3.3318 -1.3215 4.4502
0.8352 -2.9649 3.5821
0.7285 -2.7284 3.9917
-7.4450 0.9410 6.5829
-0.3602 -1.7382 5.3361
-0.3474 -1.9551 4.9113
-8.2688 0.5407 5.3095
7.9694 -1.1689 11.2813
3.1730 -2.8903 5.0809
-2.7892 -1.1451 5.1150
5.4825 -2.3168 6.7228
0.4764 0.4880 10.2553
4.4831 0.2348 5.4541
2.1032 -1.9357 5.0717
5.7787 -2.8906 6.5854
4.2537 -2.8957 5.6945
6.6105 -2.5840 7.6766
10.8290 4.7205 24.6680
4.6817 -0.2032 4.8997
4.2470 -0.3697 10.7239
-2.9172 -1.2135 4.9048
1.9548 0.2889 10.7123
-3.4597 1.4109 9.8210
-8.0423 0.1055 4.5732
-4.9902 -0.0646 5.9969
1.0994 -2.7221 4.2186
-9.9058 5.4930 14.2321
6.8095 6.9344 26.7580
7.7644 -1.7070 10.0907
-1.2899 0.1053 8.4726
-16.0314 5.7068 11.1202
4.5936 0.6172 5.6029
1.8306 -2.7412 4.6028
2.6506 -2.6487 5.2608
4.5979 -2.8799 5.9246
4.6147 -0.6657 10.3464
-1.9364 2.2444 12.3615
3.2769 -1.5562 6.5918
-6.1757 2.7565 10.9336
0.7163 -1.3831 6.0185
2.5502 -2.0411 5.4137
7.8826 0.8796 15.3130
4.7960 -0.4394 10.9021
0.9390 -2.7658 4.0387
6.8094 0.0613 13.0625
0.5253 -2.6960 3.9390
1.3250 -2.0485 4.1574
10.9537 3.3537 22.0165
-7.8720 1.2686 6.9890
2.8606 -2.8955 4.8902
6.7557 -2.5690 7.7904
4.3377 -2.9060 5.7224
1.9330 -2.4630 4.5741
4.3795 -0.3139 5.4264
2.1878 -1.5688 5.9294
1.2343 -2.9457 3.8509
-4.0635 -0.4390 5.7861
7.1404 -2.4563 8.2371
2.6227 -2.0657 5.2521
2.0264 -2.2358 4.6794
-0.0681 -1.8867 5.2088
6.8925 -1.9150 9.1725
-0.8169 -1.2577 6.0297
-9.1444 1.2686 6.2542
-5.8155 -0.2224 5.2059
-0.7506 -1.8439 4.9001
-2.9783 0.6487 8.5803
6.8706 -2.8080 7.3805
5.9554 -1.1916 10.0728
1.5307 -1.2507 3.7280
-0.7472 -2.4726 3.6492
-19.9867 5.9301 9.2809
-1.9657 -1.5356 4.8126
-5.7586 2.0593 9.7852
1.2536 -2.9260 3.9014
3.2955 -2.9110 5.1104
4.6809 -2.8419 6.0484
2.1122 -2.7780 4.6920
7.1910 -1.4618 10.2480
5.8291 -1.6240 9.1382
5.9312 0.5938 13.6165
4.0104 -2.1555 5.9607
3.0871 -1.2042 7.4590
2.0234 -1.8660 5.1447
-9.9789 1.8842 6.9988
4.3853 -2.3231 5.9172
0.0698 -2.0199 5.0231
4.2657 -0.3351 5.6931
5.7627 -2.2251 6.9119
8.9739 -0.1455 13.9006
-1.7272 -0.3694 7.2741
2.1605 -2.2993 4.6037
1.1829 -1.9233 5.2039
4.7213 -0.3075 5.0287
3.6031 -2.7960 5.5173
-1.5035 -2.1284 3.8983
0.3668 -2.3094 4.6178
-2.4263 4.9018 17.3737
3.7372 1.0672 13.2926
1.4204 -1.6610 5.4306
-2.1580 1.0673 9.8882
3.2316 -2.8528 5.1895
7.4628 -2.0078 9.3171
7.1861 1.0032 15.1570
8.2585 0.9407 15.6518
1.4294 -1.4413 5.9451
2.0935 -2.9109 4.4165
0.5664 -1.2433 5.9662
1.1447 -1.7717 5.2424
-2.6541 -0.5716 6.3359
4.6044 -2.2860 6.0411
0.3900 -0.8122 7.6146
4.7720 -0.2947 5.1791
1.7692 -2.8472 4.3562
-3.9118 -0.5064 5.7395
1.3161 -2.0421 4.1325
-1.1896 -2.1625 4.0116
0.0838 1.6384 12.3207
4.6343 -1.3838 8.0117
0.5349 -0.0648 9.1875
3.9940 -1.9453 6.0932
0.0173 -1.1912 6.6441
0.6256 -2.9108 3.5690
10.6251 2.1506 19.4293
-0.5446 -1.9007 4.9058
1.8929 -1.5147 6.0373
0.6015 -0.2359 5.2910
-13.4616 5.9305 13.0503
6.0582 -2.5689 7.3877
5.5331 -2.6764 6.8704
2.6473 -1.1213 7.1563
2.0570 -1.7210 5.6611
2.0712 -2.9651 4.2957
-1.1020 -2.1625 4.0621
-4.0121 -0.5392 5.6161
6.9261 -2.7963 7.4359
1.4717 -2.0034 4.9781
6.3053 1.4108 15.4605
7.7950 -1.0499 11.4176
7.1712 -2.5841 8.0003
4.4097 -1.6116 7.4142
7.8613 -1.5362 10.4869
0.7201 -1.4350 5.6794
15.7943 6.1663 30.4166
4.8580 -2.1346 6.6366
6.1925 -2.4647 7.6729
2.4764 -2.8134 4.8319
-6.7195 0.4369 5.9975
2.3129 -2.4111 4.7583
-0.9196 1.8841 12.2309
1.9014 -0.0235 10.0590
2.2005 -2.1041 5.0474
-3.4899 1.9705 10.9186
7.0767 -2.4563 8.2003
1.4514 -2.9057 4.0559
6.4259 -2.5915 7.5551
4.4313 -0.4148 5.4631
-2.6915 -1.3627 4.7378
1.0659 -2.9057 3.8334
3.8604 -2.2182 5.6562
7.9859 0.3370 14.2914
14.9172 6.1663 29.9099
5.1956 -1.3834 9.2518
1.1244 0.0615 9.7796
1.9003 -2.2579 4.5332
-1.4175 -0.9993 6.1978
-15.1442 3.2260 6.6893
8.3984 -0.1454 13.5683
-3.6209 -1.4028 4.1212
0.1718 -2.2384 4.6466
5.7986 -2.8079 6.7616
9.2189 0.9407 16.2064
7.5769 -1.7387 9.9191
-23.5116 5.7063 6.7991
0.5083 0.8201 10.9353
-5.8405 -0.4044 4.8288
1.4846 -2.7536 4.3783
3.1199 -2.2385 5.2507
6.4247 -1.6578 9.4149
3.1355 -2.6829 5.4726
-1.1640 0.7046 9.7394
-4.4895 -0.6955 5.0289
-1.7969 -0.9738 6.0296
5.6288 -2.7843 6.7105
-16.6118 5.7067 10.7849
5.1674 -2.3648 6.3821
3.9642 -1.8899 6.1850
2.1824 -2.6074 4.8167
4.8882 -2.7029 6.4450
2.0920 -1.1013 6.8567
4.0784 -1.4507 7.3744
-6.5539 3.3533 11.9043
-5.4925 -0.0646 5.7069
0.6037 -0.1053 9.1464
3.3954 -2.6829 5.6227
-12.5128 4.0574 9.8659
-0.1086 -2.3667 4.2291
4.9151 -2.4467 6.2861
-0.1778 -1.7064 5.5048
5.7183 -2.7225 6.8854
13.5627 2.8687 22.5570
3.6015 1.3388 13.7554
9.7635 1.6383 17.9109
-1.9662 6.4095 20.6436
-1.6384 -1.8145 4.4459
0.8336 -2.8581 3.7941
9.3416 1.4847 17.3613
-13.5395 4.0574 9.2728
0.0605 -2.3480 4.3641
1.2585 -2.2088 4.5353
7.8606 1.8841 17.3018
-1.0950 -2.3191 3.7542
-2.3809 -0.8947 5.8498
0.0865 2.9840 15.0036
6.0726 -2.8694 6.7973
3.6081 -2.4597 5.5335
5.1627 0.6486 13.2817
6.2695 -2.9010 6.8480
4.1475 -2.7414 5.9406
1.3316 -1.9956 4.1461
2.5468 -2.8528 4.7941
3.7713 -1.9309 6.3108
5.0600 -1.3220 9.2958
5.2308 -2.1989 6.7571
-1.6617 2.9840 13.9939
6.7448 -1.4426 10.0286
2.9397 -0.8950 8.9221
6.4240 -2.9164 6.9066
0.9413 -1.6453 5.6755
3.4855 -2.1221 5.6754
4.1574 -1.2579 7.9153
6.2073 -1.7068 9.1916
2.1634 -1.8039 5.3397
-1.0711 -1.6573 5.0868
-1.8934 -1.5890 4.7480
4.0746 -1.3432 7.6564
10.9154 2.4404 20.1744
5.9259 -1.6368 6.6279
6.1535 -2.5302 7.5200
3.6328 -2.1869 5.5395
3.2414 -2.9410 5.0195
0.9746 -1.1441 6.2951
2.4325 -2.0987 4.9935
5.4420 -0.3697 11.4139
4.3779 -2.5877 6.0687
2.9826 -2.8249 5.1014
3.9288 -2.9008 5.4966
4.0635 -2.7476 5.8796
4.7249 0.3017 5.5434
3.4553 -1.4642 7.1623
0.1582 -2.5217 4.0742
7.5141 0.4879 14.3195
14.7356 4.0584 25.6050
5.0199 -2.8957 6.1368
-16.4478 6.4083 12.2777
3.6348 -2.7960 5.5356
3.8601 -2.1280 5.9952
2.4101 -1.6948 5.9018
9.5717 1.8000 18.1224
2.6968 -2.1467 5.0987
6.8962 -1.3835 10.2337
-0.0888 -1.7538 5.4617
-0.4338 -2.4810 3.8135
-0.5880 -1.6406 5.3991
1.9067 -2.7349 4.6593
6.2051 -2.5061 7.5976
3.6486 -2.1425 5.5619
3.8107 -2.7600 5.7090
6.2746 -0.8125 11.0126
-12.8625 6.4086 14.3488
3.0031 -2.9651 4.8337
5.1981 -2.2703 6.5700
4.4690 -0.2045 5.2999
0.8671 -2.9309 3.6683
3.8920 -1.8576 6.3151
5.7542 0.1051 12.5403
-4.2701 -0.7546 5.0378
1.3103 -2.6961 4.3922
6.0122 -2.1853 8.1256
3.7159 -2.5074 5.6477
0.4909 1.2685 11.8187
3.8204 -2.8474 5.5405
-0.0548 -2.2066 4.5792
4.1170 0.3371 12.0571
5.0161 -1.5338 8.0181
7.8821 -1.5896 10.3924
-2.2435 0.4368 8.5823
3.8114 -2.6626 5.9034
4.6136 0.3102 5.4162
3.5700 -2.9411 5.2091
4.4139 -0.3125 5.4943
6.2187 -2.6349 7.3489
4.6985 -0.3120 5.1941
2.1959 -2.0442 4.9324
5.2916 1.2684 14.5912
5.2071 -2.0008 7.1832
-13.2472 5.2875 11.8927
1.4040 -2.8849 4.0700
-8.7446 1.2686 6.4851
-1.7784 0.6487 9.2732
-1.7983 -0.8676 6.2403
-24.1682 6.4077 7.8176
-10.2817 3.6205 10.2837
4.7681 -0.3084 5.2171
-7.8630 2.3409 9.1309
2.5873 -1.9040 5.5745
3.3821 -1.4066 7.0974
5.2030 -1.8744 7.3650
4.3909 -2.8904 5.7841
-20.6274 4.7190 6.4976
-2.5870 6.4094 20.2850
6.5301 -2.3672 8.0622
5.8808 -2.7289 6.9665
0.3548 -0.1053 9.0027
-15.6951 2.8683 5.6585
3.3806 -1.9688 5.7776
-3.4412 -1.4801 4.0711
4.4464 0.1876 5.4408
6.7008 -2.5765 7.7437
-4.7656 2.0593 10.3587
1.3739 -2.1704 4.6529
-6.2978 1.0674 7.4973
0.0358 2.3409 13.6929
0.4779 -2.4727 4.3566
4.1000 -0.1203 5.5871
-1.6207 0.1954 8.4609
5.4783 -2.0329 8.1209
2.3260 -2.2521 4.8291
4.4908 -2.8905 5.8418
3.4215 -2.9652 5.0753
3.3029 -2.1926 5.3310
5.3166 -2.2402 6.7341
-8.7173 0.2892 4.5494
13.4199 6.4107 29.5321
6.0738 -1.4425 9.6412
-2.2447 2.5426 12.7776
3.8092 -1.9360 6.2915
0.8224 -1.5053 5.8789
6.8805 -0.4049 12.1746
8.0252 -1.8732 9.9101
1.8052 -0.3696 9.3139
4.7478 -2.8746 6.0218
8.1816 0.7044 15.1364
-4.5373 -0.6955 5.0013
-5.8614 2.4402 10.4849
2.7877 -1.6503 6.0387
2.9004 -2.9459 4.8128
5.9625 -1.6889 6.5784
8.7320 0.4365 14.9205
-12.1743 2.7564 7.4689
1.6581 -2.9458 4.0955
6.4711 -2.4304 7.9023
3.1763 -2.6896 5.4829
4.0019 -2.2036 5.9071
0.9966 -2.8743 3.8560
5.9694 -2.5301 7.4137
4.0222 -2.4081 5.7377
1.7243 -2.7598 4.5044
1.2749 0.0186 9.7810
5.2214 -2.1836 6.7868
6.9021 -2.5302 7.9522
-6.9991 -0.0645 4.8369
2.7208 -2.1811 4.8657
1.2462 -2.8689 4.0107
4.2115 -0.0994 5.3279
5.5673 -2.2417 7.0396
-8.9065 1.0035 5.8634
6.0128 -2.7478 7.0051
11.3208 1.8000 19.1326
4.5014 0.2632 5.4603
-7.2736 0.9410 6.6819
1.4663 -1.5206 3.9117
6.1961 -2.9062 6.7954
6.8610 -0.3340 12.3046
4.9891 -2.7414 6.4265
4.2098 -1.6634 7.0567
-1.2352 -0.7548 6.7903
10.6431 1.1997 17.5449
-2.7369 -1.6404 4.1583
4.2101 -1.9408 6.4820
-1.9228 -1.5536 4.8014
1.4167 -1.7325 3.9979
4.2502 -2.5683 5.9803
6.0649 -2.1962 8.1343
2.7924 -1.9449 5.6208
6.2609 -0.1454 12.3340
8.9133 6.1658 26.4415
6.5993 -2.3099 8.2163
6.6618 -2.8959 7.0848
1.7125 -1.7714 5.3864
4.5567 -2.7600 6.1397
2.2217 -1.6012 5.9409
3.6656 -0.3367 7.1036
4.5392 -2.8852 5.8802
6.2929 -2.7225 7.2172
5.3118 -2.1865 6.8067
3.6495 -0.3696 10.3789
1.3185 -2.0654 4.1688
-9.2700 0.8800 5.4073
7.8144 0.0613 13.6429
7.1348 2.5426 18.1948
-1.1106 -0.1053 8.1565
5.8900 -1.8758 6.6903
-16.8772 5.0902 9.4032
7.9276 -1.1689 11.2571
3.2933 -2.7721 5.3860
5.5512 -2.3602 6.7128
-6.3003 1.3389 8.0369
-4.2236 0.2418 7.0502
5.1544 -2.8419 6.3217
-3.5835 0.0617 7.0609
5.4880 -2.7160 6.7653
6.8875 -1.1222 10.7493
7.6651 -1.2582 10.9274
2.5336 -0.7257 9.0250
-0.2915 2.9840 14.7853
4.6196 -2.3056 6.0093
3.8488 -2.8583 5.5350
2.2549 -1.8810 5.2815
1.1567 -0.1054 9.4658
-0.1242 2.4403 13.7984
6.5855 -2.7289 7.3734
7.0132 -2.4304 8.2153
-1.1265 -0.4731 7.4144
4.8959 -2.3101 6.2094
-0.0757 -1.9944 4.9899
-0.4844 -2.2065 4.3312
1.5517 -2.0971 4.8362
3.8457 -2.2366 5.5997
-0.0228 -2.0572 4.8952
4.5255 -2.9060 5.8308
4.2434 -2.8078 5.8637
5.1447 -2.7095 6.5800
3.9583 -2.7538 5.8065
4.5947 0.7002 5.5348
2.1669 -2.8690 4.5423
7.4232 -1.9012 9.5065
4.8112 -0.2888 5.0888
6.6444 -2.5302 7.8034
2.9660 -2.1287 5.3552
3.6579 -2.9312 5.2796
0.7969 -2.8360 3.8170
-8.1927 0.4883 5.2490
12.1871 1.9705 19.9727
6.4170 -2.5222 7.6879
6.8987 -1.0250 10.9496
1.1145 -0.2974 9.0588
-0.0362 -2.6554 3.6956
2.1983 -0.2974 9.6846
4.0851 -2.0176 5.9761
7.9919 -1.7230 10.1902
5.5420 -2.9654 6.2996
3.8300 -0.5396 10.1446
5.9316 -2.8853 6.6841
4.9670 -2.2849 6.4418
6.5053 -1.3835 10.0080
1.6866 0.2416 10.4632
1.8412 -2.1508 4.6945
3.2780 -2.1555 5.3861
-7.6507 0.9410 6.4641
1.2353 1.7181 13.1447
3.8987 -1.7687 6.3865
5.0872 -1.7041 7.6118
3.3039 -0.4733 9.9727
5.9826 -2.0819 8.3144
-0.7679 1.6384 11.8288
-1.9488 -1.9281 4.0403
-8.6825 4.3762 12.7132
6.7450 -2.6899 7.5433
6.3267 -2.5459 7.5887
6.7673 0.3370 13.5876
3.4369 -2.8745 5.2649
15.6671 4.7207 27.4626
-12.9107 2.4402 6.4135
2.5716 -2.8691 4.7760
4.4210 -0.8124 9.9423
5.6070 -2.8958 6.4758
1.9181 -2.9458 4.2457
3.7368 -2.7476 5.6910
7.9232 -1.7544 10.0879
-4.5824 -1.1216 4.1263
-14.3447 4.3760 9.4426
-3.6181 -1.2135 4.5000
3.3911 -1.7240 6.3536
-3.8826 0.8202 8.3996
0.5078 -2.8247 3.6726
4.3199 -2.0695 6.2903
3.1927 -2.8362 5.2002
-2.0413 -0.8947 6.0459
14.0349 4.7207 26.5198
4.6888 -0.2655 4.9009
-13.8247 4.2138 9.4197
5.5473 -2.8958 6.4413
-0.4308 -1.9007 4.9716
3.7893 -1.4541 7.0546
4.9615 -1.9802 7.0179
5.5232 -2.2594 6.7979
0.3846 -0.1842 8.8627
4.5168 -0.3910 5.4808
3.3466 -2.2068 5.3957
1.8561 -2.7840 4.5322
1.2346 -2.2651 4.2343
-9.7482 6.9330 17.1924
-0.7584 -1.5357 5.5097
10.2942 1.4108 17.7642
5.7662 -1.5895 9.1707
-0.2440 -1.9814 4.9186
0.1287 -2.6485 3.8047
-2.0314 -1.1452 5.5526
-2.3888 -1.4226 4.7934
4.2449 -1.9718 6.4520
5.5902 -2.7415 6.7735
-26.0536 6.6634 7.2381
4.8448 -1.5915 7.7876
1.3170 -2.8689 4.0516
4.5705 -2.1354 6.3024
4.1045 -1.7107 6.8781
3.9158 -0.6657 9.9428
9.1716 5.4942 25.2524
3.9053 -2.8362 5.6116
2.8672 -2.2784 4.9892
-15.3880 3.2260 6.5485
3.5844 -2.2228 5.3814
1.4576 -1.4819 5.8134
3.8809 -2.2006 5.9043
4.5437 -2.9009 5.8516
6.0755 -2.0077 8.5161
-3.8771 1.0674 8.8953
5.3830 -1.9756 7.3679
-0.8218 -1.6573 5.2307
-8.8317 2.7564 9.3995
8.8673 -0.5069 13.1188
1.3602 -2.3386 4.2709
1.6080 -1.8700 5.1236
11.0026 1.4847 18.3206
2.1941 0.2416 10.7563
9.1775 -0.2977 13.7149
8.9099 -0.5398 13.0779
4.0516 -2.3041 5.7995
-0.8728 -2.2384 4.0434
4.6038 -0.3043 5.2606
7.0587 -2.1632 8.7741
-0.9385 -2.0449 4.3911
-3.1007 -1.0493 5.1261
5.2051 -2.8475 6.3400
-4.2588 -0.5715 5.4093
6.3247 -2.3765 7.9251
3.9070 -0.6349 9.9990
3.6440 -1.7261 6.6078
2.2824 -2.1532 4.8047
-6.5749 2.9839 11.1562
3.7292 -1.4604 6.9076
4.8532 -2.3196 6.2087
1.6588 -1.5105 5.8629
-5.0082 -0.3335 5.4507
5.4515 1.0033 14.1552
4.5286 -2.9162 5.8123
1.3893 -1.7020 3.9477
5.4234 -2.2418 6.8381
-0.7959 -1.7845 4.9922
-1.8446 -1.0493 5.8514
10.2192 0.1049 15.1187
-7.6029 1.1329 6.8741
4.5092 -2.1466 6.3020
5.9620 0.7615 13.9685
4.7505 -1.2674 8.4571
-3.4612 -0.9992 5.0177
7.1579 -1.9820 9.1924
4.9495 -2.0219 6.9422
5.3209 -2.7783 6.5446
9.1215 -0.4050 13.4686
12.2862 2.7567 21.5965
0.5497 -2.3760 4.5907
0.0153 -2.4122 4.2099
2.3881 -2.0521 4.9829
5.8991 0.5938 13.5979
5.4875 -2.0678 7.2068
3.5836 -2.9556 5.1880
-13.5341 4.9012 10.9573
-2.1375 5.4935 18.7196
-10.9325 1.8001 6.2806
0.4221 2.5426 14.3178
-0.8657 -1.4421 5.6342
0.3714 -0.6035 8.0197
-12.1041 6.4087 14.7870
6.7390 -1.1222 10.6636
3.5670 -1.9270 6.0528
4.8267 -0.2690 5.6230
4.5528 -1.2064 8.3623
6.3108 -2.6832 7.3060
3.8619 -2.3863 5.6224
5.2940 -2.0034 7.1838
6.6901 -2.6765 7.5384
1.5473 -2.5668 4.4168
-4.6079 -1.0978 4.1590
2.8746 -2.4549 5.1274
6.8657 -2.2699 8.4498
0.8957 -1.8173 5.1695
1.8932 -1.2451 6.3422
-2.5496 -0.9737 5.5950
3.5035 -2.4439 5.4933
3.3491 -2.6694 5.6229
-11.7543 2.5425 7.2852
1.9898 -2.4144 4.5795
5.1302 -2.8853 6.2214
0.4150 -2.7348 3.7981
7.1707 -2.4981 8.1714
2.1069 -2.8582 4.5293
9.0015 0.3862 14.9760
7.0758 -2.5841 7.9452
1.3570 -1.9070 4.1018
-11.0209 5.2876 13.1788
-0.8978 -0.4391 7.6141
1.9474 -2.3974 4.5437
-1.3428 -0.6034 7.0298
-1.6533 -1.3423 5.3781
2.7513 -2.7599 5.0973
-1.9537 4.3765 16.5999
4.3662 -2.8529 5.8446
7.0808 -0.2606 12.5779
-2.0777 -1.2577 5.3017
3.3433 -2.3800 5.3368
-1.6156 -1.6902 4.7068
6.6972 -1.7069 9.4744
-0.0318 -2.6893 3.6306
3.7212 -2.7413 5.6945
7.4592 4.5453 22.3727
5.9722 -2.9163 6.6458
5.9709 -1.7286 6.6097
1.7880 -1.5852 5.5703
5.3264 -2.9510 6.2038
6.8170 -2.6965 7.5717
6.2052 -2.4647 7.6802
-11.6696 1.8842 6.0224
4.3197 2.2444 15.9747
5.1094 -1.8831 7.3535
4.3378 0.1575 5.3549
6.7797 0.2888 13.4986
-5.3064 -0.5391 4.8687
1.9642 -2.8527 4.4578
-0.0805 -2.6056 3.7692
2.7320 -2.5634 5.1485
2.8053 -1.4857 6.4544
2.2465 -1.8733 5.3059
-3.0982 1.3389 9.8861
4.5848 -0.1870 4.9712
5.8266 -2.9314 6.5317
5.4699 -2.0263 7.2599
-0.6321 -0.8401 6.9686
5.7562 -1.9286 8.4892
-2.1528 -1.0979 5.5766
4.0286 -2.8692 5.6172
9.7135 3.3537 21.3001
1.4621 -2.7157 4.4408
2.8349 -1.8431 5.8466
-3.2755 -0.8400 5.4422
8.1029 -1.5362 10.6263
1.8047 -1.5984 5.5570
2.7426 -2.0924 5.2776
1.4610 -1.5445 3.9209
3.6214 -1.9319 6.1049
6.6929 -2.8854 7.1237
6.3662 -2.7416 7.2216
5.3032 -1.8907 7.5020
5.7893 -1.1915 9.9769
7.4944 -2.2178 8.9167
-14.6345 3.3531 7.2370
-11.2362 6.6646 15.7983
8.4258 -0.1454 13.5841
4.4910 -2.0523 6.4239
9.1556 1.1326 16.5523
3.0461 -2.2437 5.1891
-1.6802 -1.2136 5.6190
-0.5649 -1.6064 5.4805
2.8733 -2.4100 5.0789
5.3466 -2.0717 7.0873
-5.6824 0.1500 6.0248
1.4426 -2.9359 3.9907
3.3005 -1.5850 6.7012
3.5791 -2.8528 5.3902
4.4766 -2.2690 5.9856
-3.9272 3.2262 13.1681
1.6303 -2.1546 4.7944
0.3426 2.1505 13.4907
-1.6707 -1.4421 5.1693
8.8446 -0.1056 13.9053
-10.9987 1.9705 6.5819
6.0092 -2.7352 7.0280
0.7822 -2.5910 4.2966
3.1488 0.9408 12.7009
1.5747 -2.0975 4.8510
4.2899 -0.2823 5.3781
4.1504 -2.1975 5.9752
-0.9050 -2.3288 3.8447
4.1365 -1.8927 6.5495
4.9141 -2.0770 6.8057
-2.1466 1.5606 10.8776
-0.0106 -2.4386 4.1425
4.1867 -2.9008 5.6455
2.8679 -1.6594 6.1459
-1.2971 -1.5356 5.1987
-11.3535 3.9066 10.2349
-3.0959 -0.3336 6.5550
2.2406 -2.7781 4.7661
1.7541 -2.0346 4.9301
-14.3185 5.9305 12.5552
6.0131 -2.7096 7.0814
-6.6531 3.3533 11.8470
2.3044 -1.7071 5.7197
5.0562 -0.0650 11.7984
-0.5399 -1.4421 5.8223
3.3060 -1.5237 6.7726
6.4209 -2.8531 7.0309
6.7130 -2.8854 7.1353
-4.7576 4.3764 14.9803
0.7260 -2.6130 4.2204
1.6395 -2.8636 4.2486
-6.6445 1.1329 7.4276
-7.0010 6.1647 17.2480
1.8118 -1.5997 5.5706
-0.0585 -2.6759 3.6419
4.8281 0.0614 11.9184
6.7947 -2.7290 7.4942
2.5447 -2.5168 4.9648
-0.7189 -1.8583 4.8896
2.9964 -2.2745 5.0539
4.0875 -2.9008 5.5882
1.7054 -1.0396 6.5442
5.5041 -1.9818 8.2375
3.2205 -2.7538 5.3805
3.6958 -0.7257 9.6961
3.3290 -1.8606 6.0725
-0.6682 -0.1053 8.4120
4.6008 -1.3005 8.2226
6.1447 -1.8872 8.7961
-1.2693 -2.2278 3.8355
3.2503 -2.9059 5.0946
4.6307 -2.0091 6.6534
7.1218 -0.0650 12.9912
5.7126 -2.8364 6.6551
-11.8545 6.1643 14.4442
5.2804 -2.6964 6.6845
-15.4685 3.4844 7.0171
2.4047 -2.7158 4.9851
-4.8403 3.1031 12.3955
6.6135 -1.3633 10.1108
-8.8640 0.4370 4.7591
6.0475 -1.2687 6.4163
7.4591 -2.3580 8.6172
-2.5611 -0.9478 5.6400
-8.3650 2.0593 8.2799
5.5457 -1.2797 9.6606
0.2372 -2.5137 4.1358
6.6609 -2.9511 6.9743
0.7294 -2.8016 3.8464
3.2258 -0.7839 9.3087
7.5506 3.9073 21.1541
0.3108 3.4849 16.1311
3.2117 -1.3904 7.0279
2.2041 -2.8134 4.6747
7.7544 4.2146 21.8842
1.7964 -1.4048 5.9419
3.1670 -2.2455 5.2315
6.8177 -2.8365 7.2932
3.6912 -2.5865 5.6699
4.8190 -2.8799 6.0523
3.4975 -2.9161 5.2169
4.1773 -2.7351 5.9703
0.4849 -1.1467 6.1115
-2.2314 -1.6901 4.3512
1.2056 -2.1438 4.6047
5.5008 -2.8853 6.4354
6.5252 -2.7096 7.3771
6.7772 -2.8907 7.1619
7.0094 -2.3099 8.4531
2.7736 -2.8903 4.8503
0.8124 -2.9602 3.5784
1.7198 -2.2750 4.5751
2.2949 -2.7093 4.9346
-2.5050 -1.1683 5.2331
-0.7226 1.0034 10.5896
3.7192 -2.2987 5.7586
0.7975 -0.4732 8.5254
2.9824 -2.8076 5.1356
4.1195 -2.9557 5.4974
7.5803 -2.1406 9.1203
6.1395 -2.8747 6.8253
3.4801 -2.1615 5.4843
6.7546 -2.1405 8.6435
3.3182 -2.7538 5.4369
2.5770 -2.8248 4.8673
3.9945 -2.7414 5.8522
2.8114 -2.8134 5.0254
4.2853 -2.5503 5.9885
6.4356 -2.8364 7.0726
-8.4154 1.4110 6.9590
-0.6746 2.8685 14.3339
2.8898 -2.2726 5.0791
6.7242 -2.6765 7.5581
5.7793 -1.1456 10.0627
-1.7119 0.8798 9.7721
1.0319 -1.6842 5.4842
6.3498 -2.8021 7.0915
3.2303 -2.8134 5.2672
-1.1422 0.0187 8.3852
-2.3275 -0.4391 6.7885
4.4647 0.2064 5.4480
1.8352 -1.9058 5.2135
1.2321 -2.9602 3.8207
1.2394 -1.2353 6.1734
3.7916 -1.1220 8.9617
-2.1066 -1.4029 4.9956
0.6450 -2.5984 4.2027
-2.7874 2.2444 11.8699
4.5341 -2.2134 6.1341
3.0561 -1.3861 6.8824
6.2050 -2.5459 7.5184
-13.5744 3.1030 7.3509
1.7054 -2.8902 4.2336
5.5677 -2.7095 6.8243
3.2808 -2.6694 5.5834
3.8553 -2.2115 5.6682
3.4520 -2.3138 5.3262
6.7656 -2.5840 7.7661
3.2337 -1.9125 5.8597
4.6004 0.3863 12.4344
9.6227 -0.4396 13.6892
1.8629 -2.8636 4.3776
6.4011 -2.8640 6.9978
2.8788 -1.3930 6.6384
-4.1953 -1.2135 4.1667
0.3534 -2.0935 5.0404
2.5133 -0.8678 8.7300
3.8704 -2.0683 6.1223
1.6450 -2.9310 4.1174
4.5146 -2.8363 5.9634
-6.0667 2.5425 10.5701
1.6465 -2.3476 4.3971
4.1495 -2.2850 5.8069
9.6888 4.5454 23.6606
-7.1139 0.0618 5.0222
-0.6740 -1.4421 5.7448
-10.3714 1.7182 6.4415
2.3755 -2.9651 4.4714
7.0940 -2.2494 8.6226
6.8067 -1.1916 10.5644
-11.8148 1.9705 6.1106
-2.9681 -0.7254 5.8481
1.1496 -2.8190 4.0544
4.6836 -1.4230 8.0500
-10.6560 6.4088 15.6235
3.9423 -2.9060 5.4941
5.9965 -0.7258 11.0246
5.2792 -1.9023 7.5445
6.2695 -2.7540 7.1409
5.7553 -2.3510 6.7771
2.6922 -2.9160 4.7520
3.4505 -1.6077 6.8305
-17.4836 4.3758 7.6295
6.1449 -2.8531 6.8716
-6.7293 2.6479 10.3974
4.3932 -0.7839 9.9828
2.3804 -1.4623 6.3274
4.7595 -2.0814 6.8369
5.9142 -2.1405 8.1583
4.4590 -2.8852 5.8339
0.5789 -0.6347 8.0772
8.6964 0.8796 15.7829
2.1125 -2.9210 4.4072
1.3951 -0.5718 8.6741
-5.6722 -0.1051 5.5223
4.6170 -2.9162 5.8633
-13.2078 2.1505 5.6647
-3.0244 -0.5716 6.1221
-0.5866 -2.2172 4.2508
3.8729 1.8841 14.9988
2.4025 -2.1423 5.0321
0.3922 0.7617 10.7519
2.8977 -1.0826 7.4301
5.3072 -1.8219 7.5615
7.1726 -1.0743 11.0095
8.4220 -0.1845 13.5040
2.6340 -2.7841 4.9814
4.8393 -2.0137 6.7914
-7.2379 0.2419 5.3095
7.4752 -2.1963 8.9486
3.8623 -2.3016 5.5622
-1.1390 -1.7223 4.9179
3.3450 0.1952 11.3285
5.9088 -1.4807 9.4699
7.9427 1.7181 17.0184
1.5743 -2.8472 4.2437
1.9946 -2.7959 4.5886
5.1088 -2.1296 6.8566
1.7661 -2.3161 4.5761
7.5985 -0.8405 11.7213
-1.1403 -2.2488 3.8682
3.1270 -2.7475 5.3389
7.9586 -1.8151 9.9873
0.2895 -2.8246 3.5465
3.1012 -2.1657 5.3511
4.4580 0.3138 5.4783
5.0000 -2.8020 6.3121
2.8023 -2.8528 4.9417
2.5932 -2.0482 5.0466
4.4551 -0.1854 5.2026
6.0129 -1.4465 6.4765
4.3329 -2.2836 5.9406
8.8932 5.9321 25.9642
7.5090 -1.3011 10.7518
6.6420 -2.5613 7.7400
3.2283 -2.9211 5.0515
-0.1610 -1.5891 5.7482
3.5485 -2.3406 5.4183
-0.1845 -2.5453 3.8293
2.3608 -2.7660 4.8597
1.5123 -1.2821 3.8317
4.5037 1.5606 14.7184
4.4001 -2.1672 6.1429
5.9848 -2.8640 6.7574
7.8569 -0.9743 11.6040
2.8528 -2.3262 5.1323
4.2245 -0.8679 9.7181
3.6606 -2.3425 5.4877
2.5402 -2.4629 4.9244
3.3878 -2.9604 5.0654
4.8850 -2.3037 6.2175
3.7225 -2.5499 5.6628
9.6553 6.1659 26.8702
0.7032 1.6384 12.6784
3.5872 -2.1253 5.6242
2.6386 -2.7721 5.0079
8.5163 1.1326 16.1831
3.1265 -2.0084 5.5284
2.9388 -1.6912 6.1844
-2.5205 -1.8292 3.9072
3.5408 -1.8642 6.1428
5.3262 -0.1844 11.7163
2.5157 -2.1879 4.8304
-3.6833 1.4109 9.6919
2.7939 -1.5824 6.2552
6.1429 -2.9113 6.7545
5.8331 -2.2389 7.9153
4.6811 -1.7532 7.3697
2.1384 -2.8472 4.5693
-8.0635 2.2443 8.8228
2.2461 -1.8918 5.3239
-9.5145 4.5446 12.5682
-8.2623 1.0674 6.3629
-2.5254 0.8798 9.3023
6.1206 -1.1848 6.4399
0.7438 -2.6554 4.1460
6.4057 -0.9482 10.8178
1.5145 -1.2189 3.6974
2.8649 -1.4575 6.5574
5.0013 6.1655 24.1816
1.9569 -2.9555 4.2488
6.6618 -2.3857 8.1014
1.7096 -2.8582 4.2999
4.0701 -2.0600 6.1604
-5.7444 2.8684 11.4058
0.4147 -0.9025 5.6281
5.5164 -2.8364 6.5418
-22.2383 6.4079 8.9325
3.6785 -2.9212 5.3114
0.6498 -2.9159 3.5728
1.4230 -1.5399 5.6752
0.9012 -2.8526 3.8440
1.7867 -2.9006 4.2598
8.1922 1.0032 15.7380
1.8532 -2.8690 4.3612
-9.1392 2.1505 8.0145
3.1258 -2.2862 5.1882
4.4940 -2.1420 6.3202
6.2008 0.9407 14.4634
2.5206 -2.9007 4.6835
4.6576 -2.9653 5.7890
7.3172 -0.0650 13.1040
3.5899 -2.9312 5.2403
5.6181 -1.9011 8.4642
4.1038 -2.0750 6.1384
3.2329 -1.9858 5.7048
6.7682 -2.9413 7.0557
2.3665 -2.8361 4.7232
6.1362 -2.5988 7.3732
2.0720 -2.7157 4.7930
1.9746 -2.8690 4.4313
3.8194 -0.6657 9.8872
-4.5573 -1.1450 4.0941
5.3385 -1.6577 8.7877
4.0681 -2.9652 5.4486
3.5073 -2.3284 5.3940
3.9301 -0.2642 6.3833
8.5058 -1.3429 11.2442
1.9650 -2.8902 4.3835
13.2972 3.2266 23.1167
3.7624 -2.7223 5.7561
-1.2920 -0.9215 6.4253
-11.5942 4.0575 10.3965
-14.5144 5.0904 10.7681
1.9475 -1.7560 5.3524
-2.9920 -0.8120 5.6617
9.1037 -0.0651 14.1357
1.9237 -1.7314 5.3708
4.9191 -1.9035 7.1915
-5.8586 1.3389 8.2919
2.9311 -2.4974 5.1724
-7.0333 0.8799 6.6990
7.4074 -1.7543 9.7900
1.9558 -2.1541 4.7706
6.0655 -0.3697 11.7740
4.8517 -0.1184 5.1344
-0.7465 -0.0234 8.5299
4.3734 -2.2945 6.0909
6.6433 -2.1519 8.5566
7.2341 2.8686 18.9017
2.2329 -1.2166 6.7674
7.0197 -2.1743 8.7293
-0.1494 -2.6273 3.6863
6.8914 -2.3197 8.3655
0.7861 -2.7779 3.9264
0.7552 -2.9602 3.5454
1.2776 -2.1353 4.1724
6.9711 -0.9742 11.0925
1.4712 -2.7092 4.4590
6.3201 0.4879 13.6300
5.1538 -2.6233 6.5387
3.4319 -2.7476 5.5149
4.3988 -2.6763 6.2155
-2.2228 -1.8582 4.0212
6.8319 -0.6658 11.6267
4.2694 0.3371 12.1451
3.5126 -1.4879 7.0591
15.7254 4.7207 27.4963
0.8095 -2.7958 3.9044
-1.1005 -2.1957 3.9970
-8.8718 1.5607 6.9937
1.6109 -0.5066 8.9285
5.0930 -1.5895 7.9145
7.5300 -2.0330 9.3055
-0.7241 -2.3942 3.8188
-9.9716 4.5446 12.3042
5.5536 -2.5416 6.7291
6.4036 -2.6207 7.4841
-3.0661 -0.5392 6.1624
-8.4240 2.3409 8.8069
6.5123 -2.9265 6.9375
1.7775 -2.9058 4.2442
6.2351 -2.9314 6.7675
4.7710 -0.2061 4.9845
5.5587 -2.5135 6.6973
0.6093 -2.7839 3.8123
1.1848 -2.7156 4.2808
2.9729 -2.5518 5.2343
6.0052 -2.8475 6.8019
-6.5166 1.8841 8.9984
0.3735 -0.6655 7.8973
3.3965 -0.1054 10.7592
6.4972 -2.5915 7.5963
1.3194 -2.3112 4.3054
1.4777 -0.6348 8.5962
-1.7646 -1.7844 4.4329
0.6816 -1.3469 6.0656
1.8956 0.2416 10.5839
4.2724 -2.0081 6.3889
4.6599 -2.7351 6.2490
7.1193 -1.3429 10.4436
10.1641 0.8199 16.5115
5.5280 -2.4510 6.6218
5.0638 -2.4610 6.3765
5.3613 -2.9653 6.1953
1.3376 -2.7092 4.3819
5.9544 -1.6232 6.5784
5.9317 -1.7020 6.6178
6.3837 -2.2389 8.2333
6.7885 -2.7963 7.3564
-11.0885 5.9307 14.4212
6.6487 -2.6965 7.4745
-1.9676 -1.0738 5.7317
1.4317 -1.4645 3.8136
4.5543 -1.9556 6.7423
4.7737 -0.3462 5.6047
3.9768 -1.9505 6.1034
4.6638 -2.2615 6.1057
-0.5862 -0.8401 6.9952
2.5641 -2.8018 4.9057
5.3946 -2.8693 6.4059
-2.8545 -1.4801 4.4098
4.2971 -2.2485 5.9907
-7.0544 -0.1050 4.7242
6.2011 2.5426 17.6556
5.1801 -0.9218 10.1625
-6.0869 -0.1051 5.2829
1.9538 -2.8472 4.4627
5.2030 -2.8639 6.3061
2.4271 -2.8797 4.6712
4.2137 -1.9756 6.2324
2.3227 -1.4179 6.4008
-1.3236 -0.5393 7.1686
1.9934 -2.1990 4.6981
6.3214 -1.5719 9.5263
0.5243 0.6487 10.6030
5.1716 -1.4617 9.0820
-3.3130 -0.6653 5.7686
0.6503 -2.6057 4.1911
6.4140 -1.8731 8.9797
-0.5370 -1.6573 5.3952
-5.1266 0.5406 7.1240
2.0163 -2.2230 4.6728
-0.0558 -2.5056 3.9827
2.5403 -0.8403 8.8005
1.4991 -2.9006 4.0938
3.1850 -2.9007 5.0671
3.9259 -2.8362 5.6236
2.8594 -1.9743 5.6060
7.8145 -1.9151 9.7049
-20.1704 6.4080 10.1271
-1.1735 -1.4227 5.4952
-13.2153 4.0574 9.4601
6.2477 -1.0743 10.4754
4.7041 -2.0548 6.8709
0.5322 -2.6202 4.0941
-9.4555 1.8842 7.3011
4.0768 -2.9162 5.5515
8.4671 -0.6962 12.5106
4.8024 -0.9997 9.7893
7.8244 -0.7552 12.0217
-2.7907 -1.6404 4.1273
1.6001 -2.5500 4.4379
6.1565 -2.4390 7.7032
3.3169 -0.1843 10.5560
0.9674 -2.9209 3.7461
3.4577 -2.6896 5.6453
-1.9006 -1.7844 4.3544
3.8753 -1.2905 7.6235
-11.3757 1.4849 5.3966
3.8518 -2.8904 5.4729
-7.0006 4.7196 14.3689
6.4697 -2.7225 7.3193
4.7143 -2.4296 6.1589
16.3733 6.6669 31.7484
-8.5419 0.9410 5.9495
5.7993 -2.8693 6.6396
4.5873 -0.6349 10.3918
2.7400 -2.1355 5.3731
-0.7586 -1.9282 4.7275
-0.1385 -2.0815 4.7802
-1.8279 -1.7995 4.3663
4.4694 -1.8012 6.9677
7.9620 -0.3698 12.8692
6.9529 -2.5989 7.8447
-7.0003 3.9068 12.7494
-1.1916 -1.4421 5.4460
7.3570 -1.8298 9.6105
6.2643 2.6480 17.9021
6.5241 0.4366 13.6455
0.7566 -0.8677 7.7157
4.0687 -2.9508 5.4777
4.4067 -2.9313 5.7119
5.4386 -2.3214 6.6127
6.4516 -2.4216 7.9085
-0.5475 -1.3629 5.9758
5.7164 -1.9555 8.4126
4.2412 -2.8904 5.6977
3.7961 -2.3187 5.5368
-3.9080 1.3389 9.4185
8.0677 -0.2606 13.1478
1.2233 0.3372 10.3861
-5.3926 5.2879 16.4300
3.9834 -2.7223 5.8837
7.2696 0.2414 13.6873
8.7234 0.5938 15.2289
10.5408 1.1326 17.3523
4.2735 -2.0802 6.0380
-8.9872 1.1329 6.0747
3.4881 -0.9997 7.7141
-7.8340 1.8001 8.0701
-9.9650 6.9330 17.0671
1.4871 -1.3840 3.8754
8.5612 -0.5398 12.8766
-1.9834 -1.3628 5.1467
-5.0667 -0.9213 4.2457
3.1400 -2.8077 5.2266
1.3185 -1.9685 4.1688
-6.0334 1.8841 9.2775
-6.3778 2.5425 10.3905
4.3548 -1.9347 6.6011
-5.4626 0.1955 6.2423
-9.0448 5.9308 15.6018
1.3030 -2.1193 4.6727
1.1290 -1.3078 6.0058
6.1805 -2.9264 6.7460
4.8609 -1.8356 7.2917
-5.4643 3.1031 12.0351
0.6232 -2.9408 3.5078
-2.5871 3.3534 14.1954
7.7800 1.8841 17.2553
-1.0963 0.5940 9.5582
1.8275 -2.9109 4.2629
4.2073 -0.2975 10.8447
1.1792 -2.9506 3.8094
2.2374 -1.9153 5.4221
-2.5920 1.9705 11.4371
-4.3823 -0.5715 5.3380
0.1734 -0.9739 7.1673
-2.9838 -0.6956 5.8983
3.1021 -1.9801 5.8259
7.5285 -0.4395 12.4799
4.4676 -0.1317 5.1523
4.2612 -2.8904 5.7092
3.3440 -2.8528 5.2545
-2.6975 0.1499 7.7485
-14.4850 4.2137 9.0383
2.4961 -2.4824 4.9152
2.6021 -2.7222 5.0862
3.4757 -1.9145 5.8898
5.6057 -1.5719 9.1131
13.9727 6.1662 29.3643
1.7215 -2.8075 4.4076
2.4541 -1.2787 6.5911
-0.9463 4.0579 16.5469
2.1535 -0.0648 10.1222
6.4739 -2.9654 6.8377
4.4763 -1.2820 8.1821
2.7745 -2.2322 5.2814
0.4460 -0.8236 5.6880
12.7993 3.6211 23.6153
0.5359 -2.7220 3.8933
4.2303 0.5939 12.6342
1.9718 -2.2886 4.4978
7.2432 -1.3633 10.4743
4.6197 0.6557 5.5599
2.7554 -1.8833 5.7098
7.9518 -1.3836 10.8433
2.7588 -1.5893 6.1613
-10.9993 3.2261 9.0834
0.6318 -1.5150 5.4853
13.3050 2.6481 21.9685
4.1467 -2.3056 5.7363
7.2110 -1.8444 9.4971
3.0293 -2.7286 5.3201
2.7373 -2.3602 4.9686
6.9066 -2.6207 7.7745
1.3811 -1.9006 5.1361
1.2637 -2.1694 4.2642
1.4456 -2.8304 4.2027
6.8139 -2.5062 7.9491
6.5482 1.4848 15.7481
5.7402 -2.6964 6.9500
4.1837 -2.3342 5.8585
4.8159 -2.0348 6.7500
-2.9573 -1.6063 4.0990
-0.2186 -2.1400 4.6173
-7.1086 -0.1448 4.6135
5.4640 -2.8020 6.5800
4.2660 -0.4733 10.5283
-2.8277 -1.0738 5.2350
-4.2352 3.7613 14.0564
4.6446 -0.2129 5.8966
10.7425 3.7617 22.7076
4.1934 1.0672 13.5561
6.5461 -2.7602 7.2883
0.1311 -2.7658 3.5723
4.4476 -0.2651 5.3105
11.0425 1.8000 18.9719
9.1932 -0.1455 14.0272
2.6417 -2.8191 4.9159
-0.3517 -1.8439 5.1304
6.6190 -2.8694 7.1128
-3.2572 -1.2576 4.6206
5.0172 -1.0194 8.3625
1.7534 -1.8173 5.3219
-2.1997 -1.8725 4.0062
0.0943 -2.5684 3.9443
-1.3871 -0.1053 7.9968
3.6210 -1.8119 6.5352
3.6026 -2.0454 5.7045
4.8718 -2.2386 6.5883
-8.1219 2.3409 8.9813
-5.8511 0.0617 5.7515
1.3380 -2.0030 4.1349
5.7830 -2.9214 6.5265
6.1939 -2.8420 6.9219
-2.7553 1.9705 11.3429
1.4668 -2.7659 4.3435
2.4812 -1.2144 6.8554
6.7722 -2.8309 7.2781
6.7990 -2.7031 7.5482
0.6998 -2.6894 4.0530
7.2426 -1.0984 11.0018
6.8307 -2.6832 7.6061
5.8771 -2.7784 6.8657
-1.2486 1.1328 10.5438
-11.8986 4.2138 10.5322
6.8894 2.1506 17.2718
6.3206 -2.9559 6.7682
7.5514 -0.6351 12.1035
-0.1937 -2.6484 3.6185
4.8877 -1.4635 7.9808
4.6649 0.1615 5.4389
-1.7635 -1.0245 5.9477
4.9780 -2.2562 6.4391
4.8492 -2.8799 6.0697
-1.1511 1.4848 11.3016
10.1570 6.6664 28.1573
8.7126 1.0032 16.0385
2.7273 -2.1766 5.3674
3.7332 -1.3106 7.2423
-6.0668 0.4369 6.3744
5.6605 -2.2493 7.7950
4.6943 -0.2936 4.9117
4.1939 -0.7257 9.9837
3.4294 -1.8346 6.0084
5.4757 -2.7601 6.6703
6.5295 -2.7784 7.2425
-8.7082 1.2686 6.5061
2.5043 -2.8248 4.8252
8.8318 2.2444 18.5806
6.5025 -2.9462 6.8925
2.1390 -1.5620 6.1280
0.6512 -2.9505 3.5045
1.9655 -2.4978 4.6159
4.8381 -2.8693 6.0846
-7.9355 0.1501 4.7237
6.4921 -2.7844 7.2089
6.2782 -2.0077 8.6331
-1.7190 -0.9215 6.1788
0.9565 -1.5584 5.5690
3.3239 -2.9008 5.1473
-22.9497 6.6637 9.0313
-0.2200 -2.4810 3.9370
5.7561 -2.9363 6.4811
4.8142 1.4109 14.5994
6.0166 -1.3835 9.7258
0.1999 3.1032 15.3066
4.8087 -1.3413 8.3549
0.1297 -0.5065 8.0732
2.1941 -2.4126 4.6932
5.8591 -2.4127 7.5841
2.7766 -2.2657 4.9345
2.5398 -1.9653 5.3860
3.7978 -2.8019 5.6180
-1.6718 -1.9416 4.1733
4.3301 -2.2767 5.9529
6.3724 -1.2363 10.2246
6.5478 -2.6965 7.4163
2.9561 -0.9996 8.7232
9.5311 1.6383 17.7768
-6.3815 1.2686 7.8499
9.5446 -0.5721 13.3800
5.0207 -2.8307 6.2669
-5.6223 2.5425 10.8268
3.2378 -2.1372 5.4203
-5.5376 0.3374 6.4818
3.5004 -2.1826 5.4510
2.1030 -1.5184 6.1933
2.7439 -2.9507 4.7128
-1.4960 -2.0933 3.9725
3.7645 -1.2889 7.5309
3.2465 -1.4122 7.0874
2.8550 -2.9410 4.7963
4.8930 -2.0852 6.6752
-4.7826 -0.6653 4.9200
-3.1462 2.4402 12.0531
5.0203 -1.3010 9.3148
2.3451 -2.9311 4.5216
2.5242 -2.7599 4.9662
0.5082 -1.1682 6.1417
0.7338 -2.8075 3.8374
1.2344 -1.4084 5.8803
2.9492 -2.4304 5.1707
2.0453 -2.8744 4.4615
10.0945 0.1495 15.1356
1.4865 -2.7598 4.3670
5.3434 -2.5241 6.5690
5.2269 -2.2311 6.6939
1.4919 -1.2709 6.2466
0.1555 -2.2694 4.5754
4.5811 0.2605 5.5004
9.3332 0.5938 15.5811
4.1216 -0.0765 5.5932
-8.2583 2.1505 8.5233
8.0433 -1.7698 10.1265
5.2408 -1.7542 8.5391
-1.5606 -1.5174 5.0829
3.5853 -2.9262 5.2476
5.4306 -0.6960 10.7572
6.2819 -2.7225 7.2108
4.5258 -0.2577 5.1292
-11.9724 4.0575 10.1780
2.5785 -1.9973 5.4238
5.4170 -2.5059 6.5986
5.7122 -2.9264 6.4756
4.2344 -2.9557 5.5637
0.8672 -0.5394 8.4337
-2.5297 -0.6956 6.1606
5.4111 -2.9213 6.3117
-6.5973 0.0618 5.3205
1.8616 0.3864 10.8528
2.3864 -1.1771 6.8565
-0.7461 0.5405 9.6538
4.1425 -1.2060 8.1166
6.9792 -1.9688 9.1154
-12.6206 2.1505 6.0038
-0.2940 -2.2384 4.3776
-0.4653 -1.3424 6.0641
-0.7184 -2.1285 4.3516
1.7385 0.3864 10.7817
2.0314 -2.1466 4.8313
4.9176 -1.8406 7.2675
5.9317 -1.7586 6.6178
4.3751 -0.4041 5.7553
-19.0657 6.1638 10.2784
-6.8108 -0.2223 4.6312
4.9671 -2.6069 6.4229
-7.4408 4.2140 13.1072
5.4206 -1.9149 8.3227
5.3537 1.7181 15.5232
6.7721 -2.3485 8.2392
-6.1774 -0.1449 5.1513
-5.8526 3.7612 13.1222
-5.8657 -0.1051 5.4106
-1.9380 -1.0245 5.8470
5.1191 -2.5499 6.4689
6.7265 -2.2699 8.3694
7.6619 -0.5069 12.4227
5.7223 -2.9461 6.4421
5.1841 -2.9363 6.1509
-0.7349 -1.4802 5.6337
5.5520 0.6485 13.5065
-14.9766 6.6643 13.6374
-2.9998 -0.4730 6.3327
-2.4025 -0.3694 6.8841
5.3471 -1.8333 7.5603
-0.0439 -2.4810 4.0386
5.8090 -1.4994 9.3750
-3.3795 -0.4730 6.1134
4.6548 -0.2483 4.8865
5.0680 -2.2287 6.5950
-1.6581 -1.4989 5.0634
-21.1942 4.9008 6.5326
5.4854 -2.8364 6.5240
-3.7603 -0.0233 6.7895
4.5547 -2.7094 6.2394
1.9407 -2.7659 4.6171
-1.9272 3.2263 14.3233
1.1368 -2.1258 4.7479
6.2753 0.4366 13.5018
4.6282 -1.2247 8.3479
