ply
format ascii 1.0
element vertex 6720
property float x
property float y
property float z
end_header
11.8065 -2.3694 6.7767
11.8134 -2.4118 6.8091
11.7866 -2.3499 6.7924
11.7801 -2.3693 6.7614
11.7868 -2.4117 6.7936
11.7677 -2.3326 6.8153
11.7613 -2.3522 6.7835
11.7530 -2.3680 6.7424
11.7602 -2.4117 6.7781
11.7667 -2.4548 6.8107
11.7794 -2.5103 6.8736
11.7597 -2.3030 6.8965
11.7486 -2.3152 6.8396
11.7427 -2.3359 6.8092
11.7208 -2.3266 6.6968
11.7267 -2.3679 6.7271
11.7342 -2.4129 6.7659
11.7456 -2.4660 6.8244
11.7521 -2.5102 6.8575
11.7378 -2.2810 6.9105
11.7291 -2.2975 6.8644
11.7119 -2.2978 6.7732
11.7018 -2.3099 6.7198
11.6961 -2.3293 6.6893
11.6815 -2.3310 6.6118
11.6781 -2.3539 6.5942
11.6842 -2.3958 6.6265
11.7248 -2.5100 6.8414
11.7170 -2.2611 6.9325
11.7094 -2.2798 6.8909
11.6909 -2.2775 6.7892
11.6826 -2.2930 6.7439
11.6773 -2.3135 6.7147
11.6596 -2.3089 6.6176
11.6522 -2.3237 6.5773
11.6529 -2.3544 6.5807
11.6587 -2.3963 6.6130
11.6975 -2.5099 6.8254
11.6961 -2.2415 6.9567
11.6893 -2.2616 6.9179
11.6703 -2.2583 6.8100
11.6632 -2.2761 6.7695
11.6582 -2.2975 6.7414
11.6394 -2.2904 6.6344
11.6332 -2.3077 6.5994
11.6287 -2.3278 6.5737
11.6276 -2.3549 6.5673
11.6332 -2.3968 6.5994
11.6693 -2.5078 6.8044
11.6725 -2.5466 6.8227
11.6749 -2.2216 6.9823
11.6688 -2.2432 6.9460
11.6498 -2.2397 6.8339
11.6433 -2.2588 6.7956
11.6387 -2.2812 6.7689
11.6193 -2.2725 6.6544
11.6139 -2.2915 6.6225
11.6099 -2.3128 6.5987
11.6068 -2.3359 6.5806
11.6047 -2.3609 6.5683
11.6077 -2.3974 6.5859
11.6193 -2.4544 6.6545
11.6451 -2.5465 6.8067
11.6508 -2.5920 6.8401
11.6535 -2.2018 7.0098
11.6479 -2.2245 6.9752
11.6289 -2.2208 6.8587
11.6230 -2.2413 6.8230
11.6063 -2.2389 6.7203
11.5992 -2.2550 6.6765
11.5944 -2.2754 6.6473
11.5908 -2.2977 6.6249
11.5880 -2.3218 6.6083
11.5866 -2.3484 6.5992
11.5885 -2.3830 6.6111
11.5891 -2.4146 6.6150
11.5932 -2.4547 6.6400
11.5988 -2.4991 6.6745
11.6232 -2.5919 6.8240
11.6408 -2.1645 7.0969
11.6316 -2.1816 7.0382
11.6265 -2.2054 7.0052
11.6077 -2.2019 6.8854
11.6024 -2.2235 6.8513
11.5847 -2.2189 6.7382
11.5788 -2.2375 6.7005
11.5745 -2.2591 6.6731
11.5713 -2.2825 6.6523
11.5690 -2.3079 6.6381
11.5632 -2.3247 6.6011
11.5679 -2.3661 6.6311
11.5688 -2.3987 6.6368
11.5651 -2.4197 6.6131
11.5670 -2.4549 6.6255
11.5724 -2.4993 6.6599
11.6167 -2.1405 7.1165
11.6094 -2.1612 7.0680
11.5941 -2.1654 6.9660
11.5862 -2.1826 6.9129
11.5813 -2.2054 6.8805
11.5632 -2.1995 6.7598
11.5581 -2.2199 6.7257
11.5543 -2.2426 6.7003
11.5515 -2.2672 6.6815
11.5497 -2.2939 6.6695
11.5390 -2.2990 6.5982
11.5371 -2.3245 6.5856
11.5416 -2.3659 6.6155
11.5450 -2.4051 6.6384
11.5425 -2.4291 6.6216
11.5410 -2.4555 6.6118
11.5580 -2.5324 6.7249
11.5928 -2.1172 7.1413
11.5866 -2.1402 7.0984
11.5710 -2.1434 6.9890
11.5642 -2.1632 6.9421
11.5485 -2.1630 6.8318
11.5416 -2.1804 6.7840
11.5371 -2.2022 6.7527
11.5337 -2.2261 6.7291
11.5313 -2.2518 6.7119
11.5301 -2.2801 6.7034
11.5180 -2.2815 6.6192
11.5133 -2.3002 6.5865
11.5110 -2.3244 6.5701
11.5152 -2.3657 6.5998
11.5225 -2.4159 6.6509
11.5217 -2.4445 6.6455
11.5310 -2.5013 6.7098
11.5308 -2.5322 6.7089
11.5689 -2.0946 7.1708
11.5633 -2.1188 7.1295
11.5477 -2.1219 7.0155
11.5418 -2.1434 6.9721
11.5253 -2.1411 6.8510
11.5197 -2.1613 6.8102
11.5157 -2.1844 6.7810
11.5127 -2.2094 6.7590
11.5108 -2.2364 6.7445
11.5031 -2.2490 6.6882
11.4968 -2.2644 6.6424
11.4927 -2.2844 6.6119
11.4895 -2.3065 6.5887
11.4872 -2.3306 6.5717
11.4889 -2.3656 6.5842
11.5029 -2.4361 6.6873
11.4955 -2.4457 6.6331
11.4986 -2.4855 6.6553
11.5059 -2.5389 6.7094
11.5105 -2.5845 6.7429
11.5447 -2.0718 7.2019
11.5396 -2.0973 7.1631
11.5244 -2.1006 7.0453
11.5190 -2.1233 7.0037
11.5022 -2.1200 6.8745
11.4975 -2.1421 6.8378
11.4939 -2.1664 6.8107
11.4914 -2.1926 6.7910
11.4899 -2.2211 6.7794
11.4805 -2.2292 6.7069
11.4753 -2.2472 6.6670
11.4716 -2.2683 6.6383
11.4688 -2.2915 6.6167
11.4669 -2.3169 6.6019
11.4662 -2.3457 6.5971
11.4906 -2.4482 6.7849
11.4646 -2.4021 6.5848
11.4683 -2.4437 6.6128
11.4721 -2.4864 6.6421
11.4786 -2.5385 6.6927
11.4829 -2.5841 6.7261
11.5199 -2.0486 7.2347
11.5154 -2.0752 7.1976
11.5004 -2.0787 7.0754
11.4860 -2.0815 6.9581
11.4790 -2.0992 6.9010
11.4748 -2.1227 6.8673
11.4718 -2.1483 6.8423
11.4696 -2.1757 6.8247
11.4687 -2.2061 6.8176
11.4579 -2.2101 6.7296
11.4534 -2.2298 6.6929
11.4501 -2.2522 6.6661
11.4476 -2.2765 6.6461
11.4461 -2.3031 6.6335
11.4312 -2.2894 6.5118
11.4344 -2.3293 6.5380
11.4350 -2.3615 6.5433
11.4383 -2.4025 6.5705
11.4433 -2.4492 6.6111
11.4455 -2.4873 6.6289
11.4493 -2.5313 6.6599
11.4554 -2.5837 6.7093
11.5016 -2.0022 7.3286
11.4947 -2.0250 7.2690
11.4906 -2.0529 7.2339
11.4759 -2.0565 7.1070
11.4608 -2.0570 6.9761
11.4556 -2.0788 6.9314
11.4518 -2.1034 6.8991
11.4491 -2.1299 6.8754
11.4473 -2.1587 6.8605
11.4417 -2.1767 6.8115
11.4350 -2.1912 6.7544
11.4311 -2.2124 6.7205
11.4282 -2.2358 6.6951
11.4260 -2.2612 6.6768
11.4106 -2.2459 6.5436
11.4053 -2.2597 6.4975
11.4053 -2.2897 6.4975
11.4083 -2.3295 6.5236
11.4096 -2.3641 6.5350
11.4120 -2.4028 6.5562
11.4152 -2.4444 6.5837
11.4189 -2.4883 6.6156
11.4281 -2.5524 6.6945
11.4278 -2.5832 6.6925
11.4746 -1.9757 7.3575
11.4689 -2.0009 7.3048
11.4572 -2.0121 7.1973
11.4510 -2.0340 7.1404
11.4359 -2.0339 7.0017
11.4315 -2.0577 6.9617
11.4283 -2.0838 6.9325
11.4261 -2.1117 6.9118
11.4247 -2.1418 6.8993
11.4169 -2.1537 6.8275
11.4118 -2.1722 6.7808
11.4083 -2.1946 6.7490
11.4058 -2.2193 6.7257
11.4040 -2.2460 6.7097
11.3879 -2.2268 6.5611
11.3835 -2.2435 6.5216
11.3804 -2.2634 6.4929
11.3794 -2.2900 6.4832
11.3822 -2.3298 6.5092
11.3857 -2.3727 6.5419
11.3857 -2.4032 6.5418
11.3887 -2.4448 6.5692
11.3915 -2.4860 6.5945
11.3959 -2.5340 6.6351
11.3995 -2.5795 6.6680
11.4472 -1.9489 7.3884
11.4424 -1.9764 7.3418
11.4306 -1.9869 7.2260
11.4171 -1.9913 7.0934
11.4107 -2.0110 7.0307
11.4070 -2.0364 6.9941
11.4043 -2.0638 6.9674
11.4024 -2.0930 6.9492
11.4018 -2.1255 6.9433
11.3924 -2.1324 6.8505
11.3881 -2.1531 6.8091
11.3851 -2.1769 6.7795
11.3829 -2.2026 6.7577
11.3815 -2.2307 6.7444
11.3651 -2.2088 6.5834
11.3615 -2.2275 6.5479
11.3587 -2.2486 6.5209
11.3566 -2.2715 6.5000
11.3552 -2.2966 6.4861
11.3561 -2.3301 6.4948
11.3630 -2.3867 6.5627
11.3585 -2.4000 6.5186
11.3630 -2.4485 6.5631
11.3646 -2.4857 6.5785
11.3678 -2.5301 6.6102
11.3720 -2.5793 6.6516
11.4196 -1.9225 7.4249
11.4155 -1.9516 7.3818
11.4038 -1.9619 7.2588
11.3899 -1.9643 7.1115
11.3852 -1.9880 7.0621
11.3820 -2.0148 7.0284
11.3796 -2.0434 7.0040
11.3782 -2.0742 6.9891
11.3790 -2.1111 6.9971
11.3676 -2.1113 6.8767
11.3640 -2.1339 6.8390
11.3613 -2.1587 6.8111
11.3595 -2.1856 6.7912
11.3467 -2.1752 6.6563
11.3421 -2.1912 6.6084
11.3390 -2.2114 6.5756
11.3366 -2.2337 6.5504
11.3349 -2.2579 6.5318
11.3338 -2.2847 6.5211
11.3419 -2.3471 6.6062
11.3357 -2.3536 6.5412
11.3315 -2.3669 6.4967
11.3321 -2.3998 6.5028
11.3350 -2.4428 6.5336
11.3377 -2.4855 6.5624
11.3407 -2.5299 6.5940
11.3446 -2.5790 6.6352
11.3913 -1.8956 7.4631
11.3878 -1.9260 7.4224
11.3764 -1.9363 7.2928
11.3629 -1.9389 7.1391
11.3591 -1.9648 7.0956
11.3564 -1.9929 7.0644
11.3544 -2.0228 7.0425
11.3536 -2.0555 7.0326
11.3477 -2.0727 6.9663
11.3424 -2.0904 6.9054
11.3393 -2.1143 6.8703
11.3371 -2.1405 6.8445
11.3355 -2.1687 6.8272
11.3223 -2.1548 6.6765
11.3187 -2.1736 6.6353
11.3160 -2.1952 6.6050
11.3140 -2.2188 6.5819
11.3126 -2.2444 6.5655
11.3121 -2.2736 6.5602
11.3193 -2.3349 6.6427
11.3116 -2.3334 6.5541
11.3084 -2.3504 6.5176
11.3059 -2.3703 6.4900
11.3057 -2.3995 6.4870
11.3084 -2.4425 6.5177
11.3110 -2.4859 6.5478
11.3136 -2.5296 6.5778
11.3170 -2.5777 6.6164
11.3680 -1.8414 7.5724
11.3624 -1.8681 7.5034
11.3593 -1.8998 7.4647
11.3482 -1.9099 7.3265
11.3358 -1.9141 7.1726
11.3324 -1.9412 7.1313
11.3302 -1.9707 7.1028
11.3286 -2.0021 7.0841
11.3285 -2.0375 7.0825
11.3208 -2.0479 6.9861
11.3168 -2.0695 6.9370
11.3141 -2.0946 6.9035
11.3122 -2.1219 6.8796
11.3110 -2.1517 6.8653
11.2979 -2.1354 6.7018
11.2949 -2.1560 6.6644
11.2926 -2.1790 6.6363
11.2909 -2.2038 6.6150
11.2898 -2.2310 6.6018
11.2905 -2.2656 6.6104
11.2914 -2.3014 6.6221
11.2875 -2.3152 6.5733
11.2849 -2.3342 6.5408
11.2829 -2.3557 6.5159
11.2813 -2.3787 6.4962
11.2802 -2.4041 6.4832
11.2817 -2.4423 6.5018
11.2845 -2.4873 6.5358
11.2871 -2.5321 6.5681
11.2896 -2.5775 6.6002
11.3371 -1.8106 7.6053
11.3327 -1.8401 7.5453
11.3247 -1.8587 7.4351
11.3125 -1.8641 7.2686
11.3080 -1.8888 7.2079
11.3052 -1.9175 7.1697
11.3033 -1.9482 7.1435
11.3022 -1.9812 7.1289
11.3052 -2.0275 7.1695
11.2938 -2.0243 7.0133
11.2905 -2.0480 6.9690
11.2882 -2.0744 6.9379
11.2866 -2.1029 6.9157
11.2767 -2.0978 6.7796
11.2730 -2.1162 6.7298
11.2705 -2.1384 6.6955
11.2686 -2.1626 6.6692
11.2672 -2.1888 6.6503
11.2666 -2.2181 6.6420
11.2729 -2.2798 6.7284
11.2660 -2.2796 6.6344
11.2632 -2.2975 6.5955
11.2610 -2.3184 6.5664
11.2594 -2.3412 6.5437
11.2492 -2.3187 6.4051
11.2531 -2.3697 6.4581
11.2532 -2.4009 6.4601
11.2554 -2.4439 6.4903
11.2576 -2.4871 6.5198
11.2599 -2.5317 6.5514
11.2623 -2.5773 6.5839
11.3059 -1.7800 7.6439
11.3023 -1.8113 7.5892
11.2942 -1.8290 7.4660
11.2830 -1.8354 7.2955
11.2796 -1.8630 7.2444
11.2773 -1.8931 7.2093
11.2757 -1.9249 7.1849
11.2750 -1.9598 7.1757
11.2765 -2.0021 7.1984
11.2663 -2.0009 7.0438
11.2637 -2.0264 7.0035
11.2618 -2.0541 6.9744
11.2605 -2.0838 6.9548
11.2505 -2.0760 6.8035
11.2477 -2.0970 6.7601
11.2455 -2.1206 6.7281
11.2440 -2.1461 6.7041
11.2429 -2.1739 6.6885
11.2430 -2.2070 6.6901
11.2442 -2.2458 6.7083
11.2407 -2.2601 6.6547
11.2384 -2.2803 6.6204
11.2367 -2.3028 6.5941
11.2354 -2.3270 6.5738
11.2226 -2.2851 6.3806
11.2232 -2.3186 6.3897
11.2252 -2.3602 6.4191
11.2268 -2.4007 6.4444
11.2288 -2.4437 6.4745
11.2307 -2.4869 6.5039
11.2328 -2.5315 6.5353
11.2349 -2.5771 6.5677
11.2740 -1.7488 7.6854
11.2710 -1.7819 7.6349
11.2633 -1.7997 7.5032
11.2531 -1.8072 7.3290
11.2505 -1.8368 7.2836
11.2486 -1.8683 7.2516
11.2474 -1.9016 7.2306
11.2473 -1.9388 7.2290
11.2418 -1.9545 7.1347
11.2384 -1.9774 7.0767
11.2362 -2.0043 7.0395
11.2346 -2.0333 7.0126
11.2337 -2.0646 6.9964
11.2240 -2.0547 6.8317
11.2217 -2.0776 6.7924
11.2200 -2.1027 6.7630
11.2187 -2.1296 6.7416
11.2181 -2.1593 6.7303
11.2233 -2.2211 6.8199
11.2175 -2.2224 6.7205
11.2150 -2.2413 6.6785
11.2132 -2.2633 6.6478
11.2119 -2.2872 6.6240
11.2012 -2.2529 6.4413
11.1987 -2.2675 6.3986
11.1969 -2.2859 6.3677
11.1972 -2.3184 6.3742
11.1990 -2.3601 6.4036
11.2004 -2.4006 6.4287
11.2022 -2.4435 6.4587
11.2044 -2.4908 6.4975
11.2061 -2.5343 6.5261
11.2071 -2.5732 6.5433
11.2413 -1.7172 7.7305
11.2389 -1.7517 7.6825
11.2263 -1.7516 7.4355
11.2227 -1.7788 7.3663
11.2206 -1.8101 7.3252
11.2191 -1.8430 7.2962
11.2183 -1.8780 7.2800
11.2200 -1.9232 7.3129
11.2123 -1.9281 7.1625
11.2097 -1.9536 7.1122
11.2080 -1.9819 7.0774
11.2067 -2.0122 7.0531
11.1999 -2.0139 6.9198
11.1971 -2.0342 6.8652
11.1952 -2.0585 6.8282
11.1938 -2.0846 6.8001
11.1929 -2.1131 6.7816
11.1927 -2.1456 6.7778
11.1940 -2.1874 6.8037
11.1908 -2.2014 6.7416
11.1889 -2.2228 6.7051
11.1875 -2.2464 6.6775
11.1865 -2.2719 6.6563
11.1762 -2.2329 6.4556
11.1744 -2.2506 6.4198
11.1730 -2.2707 6.3919
11.1718 -2.2922 6.3692
11.1713 -2.3182 6.3588
11.1728 -2.3599 6.3880
11.1747 -2.4058 6.4262
11.1765 -2.4508 6.4608
11.1772 -2.4883 6.4761
11.1787 -2.5316 6.5044
11.1798 -2.5731 6.5274
11.1815 -2.6190 6.5590
11.2077 -1.6847 7.7773
11.2058 -1.7207 7.7322
11.1940 -1.7196 7.4630
11.1916 -1.7501 7.4068
11.1900 -1.7828 7.3692
11.1889 -1.8172 7.3438
11.1885 -1.8543 7.3347
11.1890 -1.8958 7.3475
11.1823 -1.9014 7.1921
11.1804 -1.9294 7.1498
11.1790 -1.9591 7.1176
11.1781 -1.9909 7.0963
11.1715 -1.9898 6.9459
11.1695 -2.0130 6.8991
11.1680 -2.0388 6.8650
11.1669 -2.0664 6.8397
11.1663 -2.0966 6.8251
11.1703 -2.1585 6.9185
11.1657 -2.1613 6.8124
11.1637 -2.1812 6.7670
11.1623 -2.2045 6.7345
11.1612 -2.2297 6.7095
11.1529 -2.1978 6.5183
11.1511 -2.2144 6.4756
11.1497 -2.2341 6.4436
11.1486 -2.2558 6.4185
11.1477 -2.2787 6.3982
11.1454 -2.2887 6.3451
11.1458 -2.3229 6.3556
11.1472 -2.3653 6.3863
11.1482 -2.4056 6.4104
11.1496 -2.4492 6.4414
11.1504 -2.4881 6.4603
11.1517 -2.5327 6.4911
11.1526 -2.5730 6.5114
11.1540 -2.6189 6.5429
11.1761 -1.6181 7.9064
11.1732 -1.6515 7.8269
11.1717 -1.6888 7.7840
11.1615 -1.6884 7.5002
11.1597 -1.7209 7.4507
11.1584 -1.7551 7.4163
11.1577 -1.7910 7.3949
11.1580 -1.8323 7.4042
11.1547 -1.8538 7.3127
11.1517 -1.8751 7.2282
11.1502 -1.9040 7.1856
11.1492 -1.9356 7.1588
11.1486 -1.9692 7.1424
11.1427 -1.9665 6.9775
11.1412 -1.9916 6.9352
11.1400 -2.0188 6.9036
11.1392 -2.0479 6.8815
11.1389 -2.0805 6.8731
11.1423 -2.1426 6.9675
11.1375 -2.1384 6.8332
11.1361 -2.1614 6.7956
11.1351 -2.1863 6.7663
11.1291 -2.1662 6.5994
11.1268 -2.1773 6.5355
11.1255 -2.1966 6.4990
11.1245 -2.2180 6.4702
11.1236 -2.2411 6.4476
11.1230 -2.2658 6.4303
11.1202 -2.2667 6.3511
11.1188 -2.2826 6.3142
11.1198 -2.3227 6.3402
11.1208 -2.3644 6.3689
11.1217 -2.4054 6.3947
11.1228 -2.4485 6.4244
11.1235 -2.4880 6.4445
11.1246 -2.5326 6.4752
11.1256 -2.5766 6.5035
11.1396 -1.5814 7.9485
11.1377 -1.6177 7.8814
11.1304 -1.6265 7.6211
11.1281 -1.6569 7.5419
11.1269 -1.6911 7.4972
11.1260 -1.7267 7.4665
11.1256 -1.7645 7.4512
11.1262 -1.8086 7.4727
11.1221 -1.8215 7.3273
11.1204 -1.8486 7.2669
11.1193 -1.8790 7.2276
11.1185 -1.9113 7.2004
11.1148 -1.9199 7.0703
11.1132 -1.9431 7.0128
11.1121 -1.9699 6.9738
11.1113 -1.9986 6.9453
11.1108 -2.0295 6.9269
11.1110 -2.0671 6.9345
11.1103 -2.0956 6.9096
11.1089 -2.1167 6.8602
11.1079 -2.1413 6.8256
11.1072 -2.1683 6.8009
11.1015 -2.1395 6.6012
11.1003 -2.1579 6.5577
11.0994 -2.1791 6.5252
11.0987 -2.2021 6.4993
11.0981 -2.2268 6.4795
11.0962 -2.2337 6.4116
11.0949 -2.2483 6.3677
11.0940 -2.2666 6.3357
11.0933 -2.2866 6.3095
11.0937 -2.3225 6.3247
11.0945 -2.3642 6.3533
11.0953 -2.4052 6.3789
11.0961 -2.4483 6.4086
11.0968 -2.4905 6.4348
11.0975 -2.5321 6.4584
11.0983 -2.5764 6.4873
11.1024 -1.5446 7.9983
11.1011 -1.5826 7.9357
11.0952 -1.5910 7.6492
11.0939 -1.6248 7.5872
11.0931 -1.6605 7.5467
11.0925 -1.6978 7.5203
11.0925 -1.7381 7.5162
11.0924 -1.7785 7.5126
11.0893 -1.7920 7.3612
11.0882 -1.8215 7.3080
11.0874 -1.8534 7.2718
11.0870 -1.8872 7.2480
11.0839 -1.8938 7.1011
11.0829 -1.9197 7.0511
11.0822 -1.9480 7.0153
11.0817 -1.9782 6.9897
11.0814 -2.0112 6.9769
11.0834 -2.0732 7.0753
11.0805 -2.0714 6.9327
11.0796 -2.0953 6.8909
11.0790 -2.1216 6.8598
11.0753 -2.1027 6.6797
11.0741 -2.1179 6.6207
11.0733 -2.1390 6.5835
11.0727 -2.1619 6.5541
11.0722 -2.1865 6.5312
11.0714 -2.2050 6.4917
11.0701 -2.2129 6.4246
11.0693 -2.2310 6.3888
11.0687 -2.2511 6.3601
11.0682 -2.2726 6.3365
11.0679 -2.2956 6.3176
11.0677 -2.3223 6.3092
11.0683 -2.3640 6.3377
11.0685 -2.3982 6.3471
11.0694 -2.4484 6.3933
11.0699 -2.4904 6.4190
11.0705 -2.5341 6.4474
11.0710 -2.5762 6.4711
11.0716 -2.6223 6.5026
11.0640 -1.5069 8.0529
11.0633 -1.5464 7.9928
11.0594 -1.5561 7.6899
11.0587 -1.5920 7.6364
11.0583 -1.6293 7.5994
11.0580 -1.6682 7.5786
11.0584 -1.7146 7.6085
11.0577 -1.7481 7.5562
11.0557 -1.7626 7.4001
11.0551 -1.7939 7.3518
11.0547 -1.8272 7.3183
11.0544 -1.8628 7.2990
11.0524 -1.8680 7.1370
11.0518 -1.8958 7.0916
11.0514 -1.9257 7.0593
11.0511 -1.9576 7.0375
11.0511 -1.9943 7.0367
11.0508 -2.0256 7.0150
11.0501 -2.0481 6.9616
11.0497 -2.0741 6.9247
11.0493 -2.1021 6.8969
11.0467 -2.0771 6.6897
11.0461 -2.0974 6.6454
11.0457 -2.1204 6.6123
11.0454 -2.1450 6.5859
11.0451 -2.1712 6.5663
11.0441 -2.1768 6.4863
11.0436 -2.1943 6.4450
11.0432 -2.2144 6.4131
11.0428 -2.2361 6.3873
11.0426 -2.2591 6.3663
11.0424 -2.2840 6.3511
11.0423 -2.3127 6.3462
11.0424 -2.3472 6.3561
11.0420 -2.3634 6.3211
11.0421 -2.3981 6.3315
11.0425 -2.4411 6.3608
11.0430 -2.4902 6.4031
11.0434 -2.5348 6.4333
11.0437 -2.5760 6.4550
11.0245 -1.4681 8.1100
11.0242 -1.5093 8.0533
11.0227 -1.5207 7.7362
11.0224 -1.5582 7.6866
11.0223 -1.5973 7.6560
11.0222 -1.6382 7.6435
11.0223 -1.6817 7.6499
11.0216 -1.7037 7.5171
11.0213 -1.7328 7.4425
11.0210 -1.7658 7.3984
11.0209 -1.8006 7.3681
11.0203 -1.8164 7.2423
11.0200 -1.8420 7.1763
11.0198 -1.8712 7.1334
11.0196 -1.9024 7.1030
11.0195 -1.9369 7.0895
11.0201 -2.0001 7.1976
11.0193 -1.9995 7.0395
11.0191 -2.0250 6.9946
11.0189 -2.0528 6.9616
11.0180 -2.0358 6.7674
11.0177 -2.0546 6.7122
11.0175 -2.0774 6.6738
11.0174 -2.1021 6.6441
11.0173 -2.1282 6.6209
11.0170 -2.1402 6.5547
11.0167 -2.1563 6.5046
11.0166 -2.1764 6.4691
11.0164 -2.1982 6.4405
11.0163 -2.2214 6.4174
11.0162 -2.2463 6.3997
11.0162 -2.2740 6.3905
11.0163 -2.3133 6.4118
11.0161 -2.3292 6.3730
11.0159 -2.3478 6.3424
11.0158 -2.3681 6.3172
11.0158 -2.3979 6.3159
11.0159 -2.4409 6.3451
11.0161 -2.4901 6.3872
11.0163 -2.5345 6.4170
11.0164 -2.5768 6.4409
10.9837 -1.4280 8.1673
10.9847 -1.4468 7.8542
10.9849 -1.4846 7.7865
10.9850 -1.5238 7.7422
10.9851 -1.5640 7.7137
10.9851 -1.6078 7.7164
10.9851 -1.6484 7.6962
10.9856 -1.6701 7.5497
10.9858 -1.7023 7.4880
10.9859 -1.7369 7.4474
10.9860 -1.7733 7.4212
10.9865 -1.7870 7.2745
10.9866 -1.8156 7.2191
10.9867 -1.8466 7.1799
10.9868 -1.8793 7.1526
10.9869 -1.9152 7.1423
10.9869 -1.9485 7.1210
10.9871 -1.9743 7.0702
10.9872 -2.0020 7.0310
10.9873 -2.0316 7.0017
10.9880 -2.0104 6.7843
10.9881 -2.0330 6.7402
10.9882 -2.0578 6.7064
10.9883 -2.0839 6.6791
10.9884 -2.1120 6.6600
10.9887 -2.1169 6.5681
10.9888 -2.1369 6.5281
10.9889 -2.1589 6.4966
10.9890 -2.1823 6.4708
10.9890 -2.2073 6.4510
10.9891 -2.2346 6.4382
10.9889 -2.2781 6.4704
10.9891 -2.2936 6.4270
10.9892 -2.3126 6.3944
10.9893 -2.3330 6.3671
10.9893 -2.3551 6.3451
10.9894 -2.3787 6.3276
10.9894 -2.4050 6.3174
10.9893 -2.4501 6.3511
10.9893 -2.4876 6.3660
10.9892 -2.5314 6.3944
10.9891 -2.5766 6.4248
10.9403 -1.3455 8.3401
10.9415 -1.3867 8.2288
10.9452 -1.4075 7.8978
10.9459 -1.4475 7.8395
10.9463 -1.4883 7.8008
10.9465 -1.5304 7.7799
10.9462 -1.5775 7.8037
10.9469 -1.6148 7.7491
10.9486 -1.6370 7.5920
10.9492 -1.6713 7.5370
10.9496 -1.7074 7.4994
10.9499 -1.7455 7.4785
10.9517 -1.7582 7.3147
10.9523 -1.7889 7.2651
10.9526 -1.8214 7.2295
10.9529 -1.8560 7.2069
10.9516 -1.9196 7.3230
10.9535 -1.9209 7.1488
10.9540 -1.9487 7.1030
10.9544 -1.9787 7.0700
10.9567 -1.9654 6.8657
10.9573 -1.9868 6.8106
10.9577 -2.0117 6.7719
10.9581 -2.0382 6.7417
10.9583 -2.0665 6.7195
10.9592 -2.0765 6.6373
10.9598 -2.0959 6.5906
10.9602 -2.1181 6.5554
10.9605 -2.1419 6.5272
10.9607 -2.1669 6.5046
10.9609 -2.1941 6.4892
10.9609 -2.2263 6.4891
10.9609 -2.2569 6.4843
10.9613 -2.2759 6.4486
10.9617 -2.2968 6.4196
10.9619 -2.3191 6.3957
10.9621 -2.3431 6.3769
10.9623 -2.3695 6.3650
10.9633 -2.3637 6.2763
10.9631 -2.3987 6.2873
10.9628 -2.4415 6.3158
10.9624 -2.4874 6.3501
10.9621 -2.5319 6.3800
10.9618 -2.5765 6.4087
10.8963 -1.2996 8.3772
10.8979 -1.3441 8.2934
10.9045 -1.3679 7.9508
10.9055 -1.4094 7.8976
10.9062 -1.4518 7.8635
10.9063 -1.4962 7.8558
10.9064 -1.5410 7.8531
10.9087 -1.5718 7.7347
10.9105 -1.6034 7.6389
10.9115 -1.6395 7.5888
10.9121 -1.6771 7.5551
10.9146 -1.6995 7.4286
10.9159 -1.7291 7.3595
10.9168 -1.7616 7.3144
10.9174 -1.7958 7.2827
10.9177 -1.8326 7.2670
10.9181 -1.8673 7.2431
10.9193 -1.8941 7.1837
10.9200 -1.9239 7.1431
10.9206 -1.9555 7.1134
10.9250 -1.9391 6.8870
10.9258 -1.9638 6.8417
10.9265 -1.9905 6.8071
10.9270 -2.0187 6.7806
10.9281 -2.0386 6.7258
10.9294 -2.0541 6.6592
10.9302 -2.0758 6.6178
10.9308 -2.0997 6.5863
10.9312 -2.1252 6.5614
10.9316 -2.1522 6.5427
10.9317 -2.1828 6.5359
10.9316 -2.2186 6.5442
10.9323 -2.2377 6.5051
10.9329 -2.2591 6.4743
10.9334 -2.2818 6.4485
10.9338 -2.3061 6.4283
10.9341 -2.3326 6.4144
10.9357 -2.3302 6.3290
10.9365 -2.3446 6.2886
10.9371 -2.3621 6.2573
10.9368 -2.3986 6.2719
10.9363 -2.4414 6.3003
10.9356 -2.4872 6.3342
10.9350 -2.5317 6.3639
10.9345 -2.5759 6.3917
10.8507 -1.2535 8.4365
10.8604 -1.2846 8.0844
10.8624 -1.3272 8.0092
10.8637 -1.3704 7.9620
10.8645 -1.4145 7.9350
10.8634 -1.4642 7.9745
10.8652 -1.5038 7.9071
10.8693 -1.5329 7.7583
10.8713 -1.5686 7.6866
10.8724 -1.6068 7.6437
10.8732 -1.6461 7.6147
10.8773 -1.6673 7.4679
10.8789 -1.6995 7.4082
10.8800 -1.7338 7.3671
10.8808 -1.7698 7.3403
10.8807 -1.8104 7.3408
10.8826 -1.8376 7.2726
10.8840 -1.8673 7.2230
10.8850 -1.8990 7.1870
10.8908 -1.8903 6.9738
10.8924 -1.9140 6.9165
10.8935 -1.9409 6.8768
10.8943 -1.9694 6.8461
10.8949 -1.9996 6.8241
10.8975 -2.0102 6.7316
10.8987 -2.0321 6.6851
10.8997 -2.0562 6.6496
10.9005 -2.0816 6.6207
10.9011 -2.1090 6.5996
10.9014 -2.1388 6.5879
10.9008 -2.1789 6.6080
10.9020 -2.1981 6.5650
10.9029 -2.2198 6.5313
10.9037 -2.2430 6.5039
10.9043 -2.2677 6.4817
10.9047 -2.2944 6.4663
10.9070 -2.2955 6.3845
10.9082 -2.3100 6.3411
10.9091 -2.3280 6.3080
10.9098 -2.3474 6.2802
10.9105 -2.3681 6.2564
10.9105 -2.3985 6.2565
10.9097 -2.4413 6.2848
10.9089 -2.4841 6.3118
10.9079 -2.5324 6.3497
10.9072 -2.5757 6.3756
10.8036 -1.2061 8.5004
10.8165 -1.2407 8.1377
10.8188 -1.2852 8.0723
10.8203 -1.3301 8.0307
10.8209 -1.3760 8.0140
10.8206 -1.4238 8.0221
10.8227 -1.4653 7.9631
10.8284 -1.4954 7.8036
10.8306 -1.5335 7.7416
10.8321 -1.5730 7.7002
10.8329 -1.6142 7.6788
10.8387 -1.6350 7.5143
10.8406 -1.6694 7.4611
10.8420 -1.7053 7.4238
10.8427 -1.7434 7.4040
10.8437 -1.7796 7.3751
10.8460 -1.8084 7.3100
10.8476 -1.8403 7.2666
10.8487 -1.8739 7.2352
10.8570 -1.8635 7.0029
10.8588 -1.8896 6.9521
10.8601 -1.9181 6.9157
10.8610 -1.9484 6.8894
10.8638 -1.9653 6.8118
10.8658 -1.9862 6.7553
10.8672 -2.0107 6.7157
10.8684 -2.0366 6.6841
10.8692 -2.0639 6.6591
10.8698 -2.0935 6.6433
10.8686 -2.1381 6.6770
10.8704 -2.1568 6.6275
10.8717 -2.1789 6.5910
10.8727 -2.2026 6.5616
10.8736 -2.2277 6.5376
10.8742 -2.2548 6.5207
10.8769 -2.2595 6.4431
10.8786 -2.2741 6.3959
10.8799 -2.2925 6.3609
10.8809 -2.3126 6.3318
10.8818 -2.3338 6.3070
10.8825 -2.3566 6.2870
10.8830 -2.3810 6.2719
10.8839 -2.4017 6.2488
10.8827 -2.4462 6.2805
10.8822 -2.4840 6.2961
10.8811 -2.5282 6.3251
10.8799 -2.5755 6.3594
10.8788 -2.6215 6.3895
10.7546 -1.1572 8.5708
10.7710 -1.1957 8.1986
10.7736 -1.2420 8.1402
10.7751 -1.2884 8.1051
10.7744 -1.3377 8.1228
10.7764 -1.3826 8.0771
10.7787 -1.4260 8.0250
10.7861 -1.4574 7.8555
10.7885 -1.4974 7.8003
10.7902 -1.5385 7.7631
10.7957 -1.5680 7.6374
10.7989 -1.6023 7.5660
10.8010 -1.6385 7.5179
10.8024 -1.6762 7.4854
10.8027 -1.7173 7.4780
10.8059 -1.7474 7.4066
10.8082 -1.7793 7.3528
10.8099 -1.8131 7.3144
10.8196 -1.8101 7.0937
10.8222 -1.8365 7.0354
10.8240 -1.8656 6.9938
10.8255 -1.8959 6.9615
10.8265 -1.9277 6.9381
10.8312 -1.9386 6.8309
10.8332 -1.9632 6.7857
10.8347 -1.9896 6.7504
10.8360 -2.0173 6.7227
10.8368 -2.0468 6.7027
10.8371 -2.0802 6.6977
10.8372 -2.1142 6.6949
10.8389 -2.1368 6.6555
10.8404 -2.1605 6.6219
10.8415 -2.1862 6.5963
10.8424 -2.2136 6.5773
10.8456 -2.2219 6.5044
10.8478 -2.2366 6.4532
10.8495 -2.2555 6.4161
10.8508 -2.2762 6.3857
10.8519 -2.2981 6.3598
10.8528 -2.3215 6.3388
10.8535 -2.3466 6.3232
10.8563 -2.3518 6.2601
10.8581 -2.3653 6.2194
10.8575 -2.4016 6.2332
10.8562 -2.4446 6.2615
10.8554 -2.4838 6.2803
10.8541 -2.5281 6.3092
10.8526 -2.5753 6.3433
10.7188 -1.1013 8.3611
10.7238 -1.1493 8.2660
10.7265 -1.1972 8.2135
10.7279 -1.2453 8.1868
10.7268 -1.2956 8.2075
10.7305 -1.3403 8.1380
10.7378 -1.3783 7.9974
10.7422 -1.4185 7.9135
10.7448 -1.4604 7.8639
10.7465 -1.5032 7.8328
10.7544 -1.5319 7.6824
10.7576 -1.5685 7.6198
10.7598 -1.6068 7.5789
10.7611 -1.6465 7.5529
10.7629 -1.6846 7.5198
10.7667 -1.7156 7.4468
10.7691 -1.7498 7.4002
10.7709 -1.7855 7.3670
10.7837 -1.7805 7.1223
10.7863 -1.8098 7.0733
10.7882 -1.8408 7.0366
10.7896 -1.8732 7.0100
10.7947 -1.8891 6.9131
10.7975 -1.9137 6.8603
10.7995 -1.9405 6.8208
10.8012 -1.9687 6.7893
10.8024 -1.9984 6.7662
10.8030 -2.0309 6.7545
10.8025 -2.0693 6.7648
10.8047 -2.0922 6.7213
10.8065 -2.1170 6.6869
10.8080 -2.1433 6.6593
10.8092 -2.1706 6.6364
10.8126 -2.1836 6.5716
10.8156 -2.1974 6.5129
10.8177 -2.2169 6.4736
10.8194 -2.2383 6.4418
10.8208 -2.2609 6.4147
10.8219 -2.2850 6.3928
10.8228 -2.3108 6.3766
10.8262 -2.3168 6.3112
10.8284 -2.3311 6.2693
10.8301 -2.3483 6.2364
10.8316 -2.3671 6.2085
10.8311 -2.4014 6.2175
10.8296 -2.4444 6.2458
10.8286 -2.4843 6.2660
10.8271 -2.5279 6.2933
10.8255 -2.5743 6.3253
10.6746 -1.1013 8.3396
10.6774 -1.1508 8.2927
10.6781 -1.2008 8.2823
10.6791 -1.2502 8.2646
10.6828 -1.2968 8.2044
10.6923 -1.3360 8.0485
10.6966 -1.3786 7.9776
10.6994 -1.4221 7.9326
10.7056 -1.4593 7.8301
10.7113 -1.4954 7.7360
10.7148 -1.5341 7.6797
10.7171 -1.5739 7.6416
10.7179 -1.6162 7.6280
10.7225 -1.6495 7.5521
10.7261 -1.6838 7.4934
10.7286 -1.7199 7.4524
10.7428 -1.7223 7.2189
10.7465 -1.7517 7.1591
10.7491 -1.7831 7.1162
10.7510 -1.8159 7.0842
10.7555 -1.8395 7.0116
10.7599 -1.8617 6.9384
10.7626 -1.8892 6.8950
10.7647 -1.9180 6.8603
10.7663 -1.9481 6.8334
10.7673 -1.9804 6.8172
10.7660 -2.0225 6.8386
10.7689 -2.0457 6.7905
10.7712 -2.0712 6.7534
10.7730 -2.0980 6.7233
10.7744 -2.1265 6.7004
10.7752 -2.1577 6.6877
10.7820 -2.1565 6.5754
10.7846 -2.1766 6.5337
10.7866 -2.1988 6.5003
10.7883 -2.2221 6.4721
10.7897 -2.2469 6.4492
10.7907 -2.2734 6.4323
10.7949 -2.2802 6.3643
10.7975 -2.2954 6.3212
10.7996 -2.3136 6.2875
10.8013 -2.3331 6.2587
10.8028 -2.3536 6.2338
10.8041 -2.3754 6.2126
10.8048 -2.4012 6.2019
10.8030 -2.4443 6.2300
10.8020 -2.4830 6.2476
10.7997 -2.5313 6.2849
10.7982 -2.5741 6.3092
10.7964 -2.6200 6.3388
10.6262 -1.1025 8.3773
10.6238 -1.1549 8.4115
10.6295 -1.2036 8.3304
10.6332 -1.2519 8.2758
10.6449 -1.2927 8.1080
10.6493 -1.3373 8.0444
10.6521 -1.3825 8.0046
10.6616 -1.4186 7.8675
10.6667 -1.4581 7.7944
10.6701 -1.4988 7.7451
10.6723 -1.5405 7.7137
10.6752 -1.5804 7.6720
10.6805 -1.6148 7.5955
10.6840 -1.6516 7.5452
10.6984 -1.6634 7.3383
10.7044 -1.6908 7.2521
10.7079 -1.7229 7.2019
10.7105 -1.7562 7.1642
10.7123 -1.7911 7.1384
10.7202 -1.8078 7.0249
10.7239 -1.8351 6.9717
10.7266 -1.8643 6.9318
10.7287 -1.8952 6.9024
10.7299 -1.9281 6.8841
10.7292 -1.9677 6.8941
10.7313 -1.9971 6.8638
10.7342 -2.0232 6.8231
10.7364 -2.0507 6.7906
10.7382 -2.0798 6.7656
10.7392 -2.1113 6.7506
10.7467 -2.1142 6.6428
10.7498 -2.1351 6.5986
10.7523 -2.1575 6.5615
10.7544 -2.1816 6.5320
10.7561 -2.2071 6.5079
10.7573 -2.2345 6.4904
10.7622 -2.2422 6.4197
10.7653 -2.2583 6.3754
10.7677 -2.2774 6.3408
10.7697 -2.2977 6.3111
10.7715 -2.3190 6.2855
10.7730 -2.3417 6.2642
10.7742 -2.3659 6.2475
10.7787 -2.3690 6.1827
10.7789 -2.3982 6.1798
10.7769 -2.4410 6.2075
10.7752 -2.4829 6.2320
10.7732 -2.5273 6.2607
10.7710 -2.5740 6.2932
10.7689 -2.6198 6.3227
10.5776 -1.1554 8.4036
10.5867 -1.2029 8.2873
10.5956 -1.2482 8.1734
10.6001 -1.2946 8.1157
10.6027 -1.3415 8.0828
10.6149 -1.3783 7.9259
10.6201 -1.4199 7.8596
10.6235 -1.4624 7.8165
10.6250 -1.5067 7.7976
10.6318 -1.5427 7.7098
10.6367 -1.5801 7.6471
10.6401 -1.6190 7.6043
10.6596 -1.6273 7.3547
10.6643 -1.6597 7.2939
10.6678 -1.6938 7.2499
10.6702 -1.7291 7.2179
10.6778 -1.7519 7.1209
10.6828 -1.7792 7.0567
10.6864 -1.8090 7.0114
10.6892 -1.8401 6.9760
10.6912 -1.8726 6.9502
10.6920 -1.9081 6.9399
10.6915 -1.9473 6.9454
10.6954 -1.9730 6.8965
10.6981 -2.0013 6.8614
10.7002 -2.0310 6.8339
10.7016 -2.0629 6.8163
10.7098 -2.0696 6.7122
10.7135 -2.0911 6.6647
10.7164 -2.1148 6.6272
10.7188 -2.1398 6.5962
10.7209 -2.1656 6.5694
10.7223 -2.1937 6.5511
10.7281 -2.2025 6.4777
10.7316 -2.2196 6.4319
10.7344 -2.2396 6.3963
10.7368 -2.2608 6.3657
10.7389 -2.2830 6.3396
10.7405 -2.3066 6.3180
10.7419 -2.3317 6.3012
10.7474 -2.3340 6.2299
10.7506 -2.3478 6.1892
10.7532 -2.3643 6.1566
10.7526 -2.3980 6.1642
10.7504 -2.4409 6.1918
10.7485 -2.4828 6.2163
10.7462 -2.5272 6.2449
10.7437 -2.5741 6.2777
10.5369 -1.1540 8.3292
10.5442 -1.2022 8.2448
10.5488 -1.2503 8.1921
10.5577 -1.2944 8.0888
10.5662 -1.3370 7.9910
10.5713 -1.3806 7.9327
10.5744 -1.4252 7.8971
10.5785 -1.4679 7.8504
10.5862 -1.5052 7.7608
10.5910 -1.5448 7.7057
10.6110 -1.5615 7.4763
10.6181 -1.5935 7.3937
10.6226 -1.6284 7.3417
10.6260 -1.6644 7.3034
10.6281 -1.7019 7.2789
10.6395 -1.7205 7.1480
10.6440 -1.7510 7.0962
10.6474 -1.7829 7.0564
10.6500 -1.8160 7.0264
10.6515 -1.8512 7.0095
10.6499 -1.8940 7.0279
10.6543 -1.9211 6.9769
10.6578 -1.9498 6.9370
10.6605 -1.9800 6.9058
10.6623 -2.0123 6.8852
10.6710 -2.0228 6.7849
10.6754 -2.0450 6.7339
10.6789 -2.0695 6.6942
10.6817 -2.0955 6.6617
10.6840 -2.1226 6.6352
10.6857 -2.1516 6.6161
10.6924 -2.1610 6.5383
10.6965 -2.1792 6.4911
10.6997 -2.2001 6.4543
10.7025 -2.2222 6.4227
10.7048 -2.2455 6.3962
10.7067 -2.2700 6.3741
10.7081 -2.2962 6.3578
10.7149 -2.2975 6.2791
10.7184 -2.3129 6.2390
10.7213 -2.3304 6.2059
10.7238 -2.3492 6.1771
10.7260 -2.3689 6.1519
10.7263 -2.3979 6.1487
10.7239 -2.4407 6.1761
10.7211 -2.4863 6.2084
10.7185 -2.5311 6.2377
10.7164 -2.5740 6.2617
10.4838 -1.1043 8.3926
10.4911 -1.1544 8.3166
10.4952 -1.2043 8.2737
10.5077 -1.2491 8.1423
10.5154 -1.2943 8.0624
10.5203 -1.3399 8.0106
10.5227 -1.3866 7.9855
10.5320 -1.4265 7.8886
10.5387 -1.4671 7.8186
10.5432 -1.5089 7.7718
10.5685 -1.5244 7.5075
10.5749 -1.5597 7.4407
10.5792 -1.5966 7.3953
10.5823 -1.6346 7.3636
10.5934 -1.6589 7.2474
10.5992 -1.6900 7.1863
10.6035 -1.7228 7.1415
10.6068 -1.7567 7.1072
10.6089 -1.7922 7.0847
10.6059 -1.8382 7.1165
10.6114 -1.8659 7.0589
10.6155 -1.8957 7.0158
10.6188 -1.9267 6.9818
10.6211 -1.9593 6.9570
10.6303 -1.9737 6.8618
10.6355 -1.9967 6.8065
10.6396 -2.0221 6.7644
10.6428 -2.0491 6.7303
10.6455 -2.0771 6.7025
10.6474 -2.1070 6.6825
10.6554 -2.1168 6.5990
10.6600 -2.1364 6.5511
10.6635 -2.1589 6.5149
10.6666 -2.1820 6.4824
10.6692 -2.2063 6.4553
10.6713 -2.2317 6.4328
10.6728 -2.2593 6.4172
10.6811 -2.2597 6.3305
10.6849 -2.2766 6.2908
10.6881 -2.2951 6.2572
10.6909 -2.3150 6.2284
10.6933 -2.3358 6.2032
10.6953 -2.3576 6.1815
10.6970 -2.3808 6.1640
10.7004 -2.3956 6.1283
10.6956 -2.4491 6.1791
10.6943 -2.4862 6.1925
10.6915 -2.5307 6.2211
10.6892 -2.5738 6.2457
10.6864 -2.6198 6.2749
10.4353 -1.1049 8.3971
10.4393 -1.1564 8.3584
10.4548 -1.2029 8.2110
10.4622 -1.2502 8.1402
10.4668 -1.2977 8.0956
10.4713 -1.3445 8.0532
10.4830 -1.3850 7.9408
10.4892 -1.4280 7.8819
10.5142 -1.4522 7.6424
10.5238 -1.4877 7.5509
10.5296 -1.5255 7.4954
10.5338 -1.5643 7.4553
10.5438 -1.5946 7.3592
10.5518 -1.6260 7.2834
10.5571 -1.6598 7.2323
10.5612 -1.6945 7.1931
10.5641 -1.7306 7.1656
10.5643 -1.7708 7.1633
10.5661 -1.8080 7.1461
10.5711 -1.8387 7.0987
10.5750 -1.8706 7.0614
10.5779 -1.9040 7.0337
10.5864 -1.9243 6.9522
10.5933 -1.9468 6.8865
10.5983 -1.9724 6.8382
10.6021 -2.0004 6.8023
10.6052 -2.0294 6.7730
10.6073 -2.0603 6.7521
10.6164 -2.0715 6.6653
10.6216 -2.0923 6.6158
10.6257 -2.1153 6.5766
10.6291 -2.1396 6.5438
10.6319 -2.1653 6.5171
10.6343 -2.1917 6.4941
10.6397 -2.2079 6.4431
10.6457 -2.2206 6.3852
10.6499 -2.2387 6.3449
10.6534 -2.2585 6.3114
10.6565 -2.2794 6.2822
10.6591 -2.3012 6.2567
10.6614 -2.3241 6.2351
10.6631 -2.3489 6.2190
10.6700 -2.3520 6.1530
10.6745 -2.3638 6.1100
10.6742 -2.3955 6.1129
10.6714 -2.4382 6.1399
10.6675 -2.4860 6.1767
10.6645 -2.5305 6.2051
10.6620 -2.5737 6.2297
10.3993 -1.1551 8.2869
10.4063 -1.2044 8.2250
10.4101 -1.2539 8.1912
10.4228 -1.2982 8.0792
10.4316 -1.3427 8.0024
10.4373 -1.3877 7.9517
10.4695 -1.4113 7.6689
10.4771 -1.4505 7.6018
10.4824 -1.4905 7.5550
10.4860 -1.5314 7.5234
10.5013 -1.5585 7.3885
10.5080 -1.5934 7.3292
10.5131 -1.6293 7.2847
10.5168 -1.6661 7.2522
10.5184 -1.7054 7.2378
10.5184 -1.7469 7.2381
10.5243 -1.7787 7.1859
10.5289 -1.8118 7.1455
10.5323 -1.8462 7.1152
10.5405 -1.8710 7.0435
10.5491 -1.8935 6.9673
10.5547 -1.9208 6.9181
10.5592 -1.9494 6.8784
10.5629 -1.9793 6.8466
10.5653 -2.0113 6.8251
10.5756 -2.0240 6.7348
10.5814 -2.0460 6.6835
10.5860 -2.0702 6.6429
10.5898 -2.0956 6.6093
10.5930 -2.1221 6.5808
10.5956 -2.1499 6.5584
10.6026 -2.1641 6.4964
10.6088 -2.1798 6.4423
10.6134 -2.1993 6.4020
10.6172 -2.2203 6.3680
10.6206 -2.2423 6.3384
10.6235 -2.2652 6.3127
10.6259 -2.2895 6.2919
10.6276 -2.3157 6.2769
10.6367 -2.3146 6.1963
10.6413 -2.3290 6.1560
10.6450 -2.3457 6.1230
10.6483 -2.3635 6.0940
10.6479 -2.3954 6.0975
10.6449 -2.4381 6.1244
10.6407 -2.4858 6.1609
10.6375 -2.5304 6.1892
10.6345 -2.5746 6.2158
10.3480 -1.1566 8.3132
10.3505 -1.2081 8.2932
10.3697 -1.2525 8.1365
10.3776 -1.2992 8.0719
10.4102 -1.3309 7.8066
10.4212 -1.3711 7.7164
10.4282 -1.4125 7.6593
10.4330 -1.4545 7.6200
10.4479 -1.4869 7.4993
10.4565 -1.5229 7.4292
10.4622 -1.5604 7.3820
10.4669 -1.5984 7.3441
10.4696 -1.6379 7.3223
10.4678 -1.6827 7.3370
10.4749 -1.7157 7.2789
10.4803 -1.7500 7.2345
10.4845 -1.7854 7.2009
10.4868 -1.8229 7.1816
10.5027 -1.8374 7.0524
10.5091 -1.8659 6.9998
10.5143 -1.8957 6.9578
10.5184 -1.9268 6.9242
10.5214 -1.9593 6.8995
10.5327 -1.9742 6.8077
10.5392 -1.9976 6.7546
10.5444 -2.0229 6.7126
10.5486 -2.0496 6.6779
10.5522 -2.0771 6.6485
10.5549 -2.1063 6.6263
10.5635 -2.1201 6.5568
10.5701 -2.1374 6.5024
10.5751 -2.1583 6.4618
10.5794 -2.1804 6.4272
10.5830 -2.2036 6.3973
10.5861 -2.2278 6.3720
10.5886 -2.2533 6.3515
10.5952 -2.2659 6.2982
10.6019 -2.2768 6.2435
10.6066 -2.2932 6.2051
10.6106 -2.3112 6.1722
10.6142 -2.3302 6.1433
10.6173 -2.3500 6.1178
10.6201 -2.3708 6.0954
10.6217 -2.3953 6.0821
10.6184 -2.4380 6.1089
10.6139 -2.4859 6.1456
10.6101 -2.5317 6.1764
10.6073 -2.5744 6.1997
10.6037 -2.6203 6.2283
10.3033 -1.1565 8.2825
10.3139 -1.2055 8.2021
10.3209 -1.2544 8.1493
10.3609 -1.2873 7.8457
10.3702 -1.3304 7.7752
10.3767 -1.3737 7.7259
10.3903 -1.4112 7.6225
10.4011 -1.4489 7.5406
10.4087 -1.4876 7.4834
10.4144 -1.5268 7.4402
10.4181 -1.5671 7.4122
10.4138 -1.6152 7.4445
10.4227 -1.6492 7.3771
10.4291 -1.6847 7.3283
10.4340 -1.7213 7.2911
10.4370 -1.7597 7.2684
10.4537 -1.7782 7.1422
10.4611 -1.8080 7.0859
10.4670 -1.8392 7.0413
10.4716 -1.8715 7.0060
10.4750 -1.9052 6.9801
10.4881 -1.9210 6.8807
10.4950 -1.9465 6.8285
10.5006 -1.9734 6.7858
10.5054 -2.0012 6.7499
10.5093 -2.0300 6.7200
10.5123 -2.0604 6.6976
10.5228 -2.0734 6.6180
10.5297 -2.0930 6.5654
10.5352 -2.1152 6.5240
10.5398 -2.1385 6.4885
10.5437 -2.1632 6.4595
10.5470 -2.1887 6.4341
10.5495 -2.2158 6.4150
10.5592 -2.2227 6.3414
10.5655 -2.2380 6.2943
10.5704 -2.2561 6.2568
10.5746 -2.2756 6.2245
10.5784 -2.2959 6.1960
10.5817 -2.3170 6.1707
10.5846 -2.3390 6.1487
10.5870 -2.3624 6.1309
10.5883 -2.3888 6.1206
10.5944 -2.3989 6.0749
10.5890 -2.4482 6.1156
10.5871 -2.4857 6.1297
10.5835 -2.5302 6.1576
10.5800 -2.5743 6.1836
10.5763 -2.6201 6.2120
10.2550 -1.1571 8.2784
10.2951 -1.1983 7.9937
10.3080 -1.2434 7.9027
10.3164 -1.2886 7.8431
10.3221 -1.3339 7.8024
10.3423 -1.3702 7.6592
10.3515 -1.4107 7.5940
10.3584 -1.4516 7.5454
10.3633 -1.4929 7.5105
10.3637 -1.5375 7.5080
10.3674 -1.5789 7.4817
10.3752 -1.6158 7.4266
10.3807 -1.6539 7.3870
10.3846 -1.6932 7.3599
10.4019 -1.7158 7.2370
10.4104 -1.7471 7.1766
10.4171 -1.7797 7.1295
10.4223 -1.8133 7.0922
10.4262 -1.8483 7.0649
10.4408 -1.8660 6.9611
10.4485 -1.8930 6.9069
10.4546 -1.9216 6.8638
10.4597 -1.9509 6.8275
10.4640 -1.9811 6.7970
10.4674 -2.0124 6.7729
10.4799 -2.0252 6.6840
10.4873 -2.0467 6.6318
10.4933 -2.0702 6.5895
10.4983 -2.0950 6.5541
10.5026 -2.1206 6.5235
10.5062 -2.1472 6.4979
10.5087 -2.1760 6.4803
10.5210 -2.1802 6.3929
10.5273 -2.1981 6.3485
10.5325 -2.2178 6.3117
10.5370 -2.2385 6.2794
10.5410 -2.2601 6.2510
10.5445 -2.2826 6.2264
10.5474 -2.3063 6.2056
10.5496 -2.3317 6.1901
10.5561 -2.3439 6.1445
10.5637 -2.3513 6.0901
10.5690 -2.3653 6.0527
10.5680 -2.3988 6.0596
10.5643 -2.4417 6.0863
10.5604 -2.4855 6.1139
10.5565 -2.5300 6.1415
10.5522 -2.5762 6.1717
10.2412 -1.1508 8.0414
10.2519 -1.1983 7.9705
10.2595 -1.2455 7.9198
10.2786 -1.2870 7.7931
10.2903 -1.3295 7.7152
10.2987 -1.3721 7.6598
10.3048 -1.4150 7.6190
10.3069 -1.4598 7.6051
10.3091 -1.5041 7.5901
10.3180 -1.5430 7.5315
10.3248 -1.5823 7.4861
10.3296 -1.6227 7.4539
10.3470 -1.6499 7.3384
10.3569 -1.6827 7.2725
10.3644 -1.7169 7.2226
10.3704 -1.7520 7.1831
10.3747 -1.7883 7.1544
10.3910 -1.8081 7.0459
10.3995 -1.8367 6.9895
10.4062 -1.8668 6.9448
10.4118 -1.8976 6.9075
10.4163 -1.9295 6.8777
10.4192 -1.9635 6.8588
10.4352 -1.9744 6.7524
10.4429 -1.9981 6.7014
10.4492 -2.0233 6.6591
10.4547 -2.0494 6.6230
10.4593 -2.0763 6.5920
10.4630 -2.1046 6.5676
10.4720 -2.1212 6.5078
10.4807 -2.1372 6.4502
10.4873 -2.1566 6.4058
10.4928 -2.1780 6.3696
10.4976 -2.2002 6.3378
10.5018 -2.2232 6.3098
10.5054 -2.2471 6.2856
10.5083 -2.2725 6.2665
10.5097 -2.3012 6.2568
10.5220 -2.3003 6.1752
10.5283 -2.3144 6.1332
10.5336 -2.3307 6.0981
10.5383 -2.3480 6.0671
10.5425 -2.3661 6.0391
10.5417 -2.3988 6.0443
10.5377 -2.4416 6.0708
10.5320 -2.4904 6.1086
10.5289 -2.5317 6.1294
10.5250 -2.5760 6.1555
10.1818 -1.1024 8.1149
10.1925 -1.1518 8.0484
10.2086 -1.1984 7.9473
10.2250 -1.2429 7.8449
10.2353 -1.2877 7.7803
10.2428 -1.3324 7.7335
10.2467 -1.3780 7.7093
10.2470 -1.4251 7.7076
10.2577 -1.4656 7.6404
10.2657 -1.5067 7.5904
10.2713 -1.5486 7.5556
10.2887 -1.5802 7.4469
10.3004 -1.6145 7.3735
10.3088 -1.6505 7.3210
10.3155 -1.6871 7.2790
10.3203 -1.7249 7.2488
10.3385 -1.7471 7.1354
10.3479 -1.7774 7.0767
10.3553 -1.8090 7.0301
10.3614 -1.8414 6.9918
10.3663 -1.8748 6.9614
10.3690 -1.9107 6.9446
10.3886 -1.9208 6.8222
10.3968 -1.9462 6.7705
10.4030 -1.9739 6.7316
10.4088 -2.0015 6.6953
10.4137 -2.0301 6.6650
10.4175 -2.0599 6.6410
10.4301 -2.0728 6.5623
10.4385 -2.0923 6.5101
10.4451 -2.1142 6.4686
10.4509 -2.1371 6.4325
10.4562 -2.1601 6.3992
10.4606 -2.1847 6.3719
10.4642 -2.2103 6.3492
10.4668 -2.2380 6.3331
10.4768 -2.2474 6.2701
10.4850 -2.2603 6.2190
10.4912 -2.2771 6.1805
10.4966 -2.2951 6.1467
10.5014 -2.3140 6.1165
10.5058 -2.3334 6.0891
10.5097 -2.3535 6.0643
10.5133 -2.3743 6.0423
10.5154 -2.3987 6.0289
10.5112 -2.4416 6.0553
10.5071 -2.4846 6.0809
10.5015 -2.5326 6.1157
10.4977 -2.5757 6.1393
10.4932 -2.6217 6.1675
10.1285 -1.1035 8.1413
10.1546 -1.1507 7.9874
10.1677 -1.1979 7.9101
10.1769 -1.2447 7.8558
10.1828 -1.2916 7.8214
10.1803 -1.3413 7.8361
10.1931 -1.3840 7.7604
10.2025 -1.4270 7.7047
10.2093 -1.4704 7.6646
10.2276 -1.5055 7.5570
10.2405 -1.5423 7.4805
10.2502 -1.5800 7.4233
10.2579 -1.6182 7.3777
10.2631 -1.6577 7.3472
10.2830 -1.6827 7.2299
10.2933 -1.7149 7.1688
10.3016 -1.7481 7.1201
10.3083 -1.7821 7.0807
10.3134 -1.8172 7.0502
10.3265 -1.8417 6.9730
10.3389 -1.8656 6.9001
10.3477 -1.8929 6.8482
10.3550 -1.9212 6.8048
10.3612 -1.9505 6.7685
10.3661 -1.9808 6.7394
10.3694 -2.0133 6.7201
10.3857 -2.0236 6.6237
10.3940 -2.0458 6.5746
10.4010 -2.0694 6.5333
10.4071 -2.0939 6.4978
10.4123 -2.1192 6.4667
10.4168 -2.1453 6.4400
10.4206 -2.1725 6.4181
10.4219 -2.2041 6.4099
10.4384 -2.2032 6.3127
10.4459 -2.2201 6.2684
10.4522 -2.2389 6.2315
10.4577 -2.2586 6.1987
10.4628 -2.2789 6.1690
10.4673 -2.2998 6.1423
10.4713 -2.3214 6.1185
10.4849 -2.3181 6.0382
10.4874 -2.3423 6.0236
10.4829 -2.3847 6.0499
10.4777 -2.4299 6.0809
10.4828 -2.4467 6.0509
10.4803 -2.4845 6.0653
10.4757 -2.5289 6.0925
10.4705 -2.5755 6.1231
10.0779 -1.0519 8.1473
10.0954 -1.1021 8.0493
10.1064 -1.1515 7.9879
10.1143 -1.2003 7.9438
10.1084 -1.2521 7.9770
10.1242 -1.2972 7.8886
10.1353 -1.3424 7.8267
10.1433 -1.3877 7.7819
10.1623 -1.4266 7.6762
10.1775 -1.4653 7.5909
10.1883 -1.5052 7.5306
10.1967 -1.5455 7.4840
10.2027 -1.5865 7.4501
10.2238 -1.6149 7.3324
10.2357 -1.6487 7.2661
10.2448 -1.6838 7.2153
10.2521 -1.7195 7.1746
10.2576 -1.7563 7.1440
10.2738 -1.7808 7.0532
10.2865 -1.8076 6.9826
10.2959 -1.8368 6.9301
10.3037 -1.8669 6.8865
10.3103 -1.8977 6.8496
10.3155 -1.9297 6.8204
10.3243 -1.9560 6.7716
10.3385 -1.9733 6.6920
10.3473 -1.9974 6.6431
10.3546 -2.0228 6.6023
10.3610 -2.0488 6.5667
10.3664 -2.0758 6.5365
10.3709 -2.1038 6.5115
10.3737 -2.1342 6.4954
10.3886 -2.1418 6.4124
10.3973 -2.1597 6.3637
10.4047 -2.1792 6.3224
10.4112 -2.1997 6.2864
10.4170 -2.2209 6.2541
10.4221 -2.2428 6.2252
10.4268 -2.2653 6.1994
10.4409 -2.2657 6.1206
10.4487 -2.2793 6.0771
10.4550 -2.2955 6.0418
10.4606 -2.3126 6.0104
10.4610 -2.3422 6.0081
10.4563 -2.3846 6.0343
10.4497 -2.4327 6.0714
10.4540 -2.4522 6.0470
10.4536 -2.4844 6.0496
10.4487 -2.5288 6.0768
10.4437 -2.5740 6.1044
10.0318 -1.0519 8.1261
10.0421 -1.1031 8.0715
10.0463 -1.1541 8.0492
10.0501 -1.2047 8.0289
10.0637 -1.2523 7.9568
10.0732 -1.2998 7.9066
10.0918 -1.3428 7.8083
10.1099 -1.3840 7.7122
10.1223 -1.4260 7.6468
10.1319 -1.4682 7.5956
10.1388 -1.5110 7.5594
10.1614 -1.5428 7.4394
10.1741 -1.5791 7.3721
10.1841 -1.6162 7.3196
10.1927 -1.6533 7.2740
10.1985 -1.6918 7.2433
10.2181 -1.7170 7.1391
10.2311 -1.7466 7.0704
10.2412 -1.7778 7.0171
10.2495 -1.8097 6.9728
10.2565 -1.8423 6.9360
10.2619 -1.8761 6.9075
10.2765 -1.8978 6.8302
10.2883 -1.9215 6.7678
10.2974 -1.9476 6.7194
10.3056 -1.9741 6.6761
10.3122 -2.0018 6.6408
10.3179 -2.0304 6.6110
10.3220 -2.0608 6.5890
10.3336 -2.0786 6.5277
10.3455 -2.0947 6.4648
10.3540 -2.1153 6.4198
10.3614 -2.1370 6.3806
10.3680 -2.1593 6.3455
10.3740 -2.1821 6.3140
10.3793 -2.2056 6.2858
10.3937 -2.2103 6.2094
10.4029 -2.2242 6.1609
10.4101 -2.2411 6.1224
10.4165 -2.2593 6.0889
10.4222 -2.2780 6.0584
10.4275 -2.2973 6.0306
10.4323 -2.3171 6.0053
10.4346 -2.3421 5.9926
10.4297 -2.3845 6.0186
10.4285 -2.4183 6.0251
10.4316 -2.4411 6.0084
10.4266 -2.4849 6.0352
10.4208 -2.5311 6.0657
10.4165 -2.5739 6.0885
10.4113 -2.6199 6.1163
9.9865 -1.1564 8.1001
9.9981 -1.2063 8.0413
10.0156 -1.2535 7.9536
10.0378 -1.2974 7.8419
10.0518 -1.3419 7.7715
10.0625 -1.3864 7.7176
10.0699 -1.4313 7.6800
10.0944 -1.4666 7.5566
10.1089 -1.5051 7.4840
10.1201 -1.5441 7.4273
10.1289 -1.5836 7.3834
10.1348 -1.6242 7.3538
10.1590 -1.6501 7.2318
10.1726 -1.6822 7.1632
10.1833 -1.7155 7.1094
10.1923 -1.7493 7.0644
10.1995 -1.7838 7.0277
10.2047 -1.8198 7.0019
10.2243 -1.8395 6.9030
10.2359 -1.8664 6.8446
10.2454 -1.8945 6.7968
10.2536 -1.9233 6.7558
10.2606 -1.9527 6.7203
10.2663 -1.9832 6.6916
10.2696 -2.0165 6.6753
10.2891 -2.0259 6.5767
10.2995 -2.0470 6.5245
10.3080 -2.0699 6.4816
10.3156 -2.0935 6.4436
10.3224 -2.1177 6.4096
10.3284 -2.1423 6.3792
10.3428 -2.1517 6.3067
10.3540 -2.1654 6.2503
10.3623 -2.1833 6.2086
10.3695 -2.2025 6.1725
10.3759 -2.2223 6.1400
10.3818 -2.2427 6.1106
10.3871 -2.2636 6.0837
10.3920 -2.2849 6.0593
10.3963 -2.3069 6.0376
10.3999 -2.3301 6.0194
10.4020 -2.3561 6.0085
10.3992 -2.3936 6.0229
10.4054 -2.4098 5.9917
10.4051 -2.4411 5.9930
10.3998 -2.4849 6.0196
10.3916 -2.5365 6.0608
10.3893 -2.5738 6.0725
10.3838 -2.6198 6.1002
9.9601 -1.2050 7.9835
9.9766 -1.2522 7.9045
9.9886 -1.2992 7.8467
9.9970 -1.3462 7.8067
10.0242 -1.3850 7.6761
10.0400 -1.4261 7.6005
10.0520 -1.4676 7.5428
10.0617 -1.5091 7.4966
10.0680 -1.5517 7.4662
10.0972 -1.5789 7.3263
10.1111 -1.6139 7.2598
10.1221 -1.6496 7.2071
10.1315 -1.6855 7.1620
10.1390 -1.7221 7.1259
10.1518 -1.7532 7.0644
10.1687 -1.7792 6.9834
10.1805 -1.8086 6.9269
10.1904 -1.8388 6.8794
10.1989 -1.8695 6.8389
10.2060 -1.9010 6.8048
10.2115 -1.9337 6.7786
10.2269 -1.9536 6.7048
10.2406 -1.9742 6.6391
10.2508 -1.9980 6.5900
10.2595 -2.0230 6.5483
10.2672 -2.0484 6.5112
10.2741 -2.0744 6.4782
10.2879 -2.0892 6.4124
10.3017 -2.1025 6.3460
10.3111 -2.1216 6.3008
10.3193 -2.1420 6.2619
10.3265 -2.1630 6.2272
10.3331 -2.1846 6.1957
10.3390 -2.2066 6.1671
10.3444 -2.2291 6.1412
10.3492 -2.2523 6.1183
10.3531 -2.2767 6.0996
10.3554 -2.3040 6.0888
10.3532 -2.3404 6.0994
10.3599 -2.3579 6.0669
10.3662 -2.3760 6.0370
10.3719 -2.3945 6.0094
10.3834 -2.3995 5.9545
10.3786 -2.4410 5.9775
10.3730 -2.4848 6.0040
10.3677 -2.5286 6.0295
10.3620 -2.5738 6.0568
9.8956 -1.1565 8.0494
9.9097 -1.2061 7.9852
9.9190 -1.2555 7.9426
9.9494 -1.2981 7.8036
9.9667 -1.3420 7.7242
9.9802 -1.3859 7.6628
9.9906 -1.4297 7.6148
10.0092 -1.4686 7.5298
10.0305 -1.5045 7.4328
10.0452 -1.5420 7.3653
10.0572 -1.5798 7.3105
10.0670 -1.6180 7.2658
10.0746 -1.6567 7.2311
10.0943 -1.6856 7.1409
10.1097 -1.7161 7.0704
10.1219 -1.7478 7.0147
10.1321 -1.7802 6.9681
10.1409 -1.8130 6.9279
10.1479 -1.8467 6.8959
10.1523 -1.8824 6.8757
10.1761 -1.8966 6.7669
10.1881 -1.9220 6.7121
10.1983 -1.9484 6.6654
10.2080 -1.9743 6.6207
10.2160 -2.0016 6.5842
10.2229 -2.0295 6.5526
10.2463 -2.0343 6.4459
10.2569 -2.0549 6.3974
10.2660 -2.0767 6.3558
10.2737 -2.0997 6.3203
10.2811 -2.1225 6.2866
10.2878 -2.1458 6.2561
10.2938 -2.1696 6.2286
10.2991 -2.1940 6.2044
10.3033 -2.2198 6.1851
10.3052 -2.2493 6.1764
10.3042 -2.2839 6.1808
10.3117 -2.3028 6.1468
10.3185 -2.3222 6.1157
10.3247 -2.3420 6.0871
10.3455 -2.3316 5.9919
10.3541 -2.3446 5.9526
10.3615 -2.3596 5.9190
10.3571 -2.3993 5.9390
10.3514 -2.4424 5.9650
10.3412 -2.4963 6.0118
10.3408 -2.5284 6.0136
10.3348 -2.5737 6.0408
9.8699 -1.2052 7.9378
9.8886 -1.2524 7.8562
9.9033 -1.2989 7.7920
9.9146 -1.3451 7.7426
9.9374 -1.3862 7.6427
9.9588 -1.4258 7.5492
9.9746 -1.4659 7.4804
9.9873 -1.5062 7.4248
9.9977 -1.5465 7.3792
10.0050 -1.5878 7.3474
10.0311 -1.6164 7.2332
10.0470 -1.6497 7.1640
10.0595 -1.6839 7.1094
10.0701 -1.7185 7.0630
10.0789 -1.7535 7.0244
10.0855 -1.7897 6.9957
10.1065 -1.8122 6.9038
10.1212 -1.8388 6.8395
10.1330 -1.8669 6.7878
10.1434 -1.8955 6.7426
10.1526 -1.9244 6.7025
10.1605 -1.9539 6.6676
10.1858 -1.9622 6.5574
10.1982 -1.9840 6.5032
10.2085 -2.0074 6.4582
10.2176 -2.0313 6.4184
10.2258 -2.0557 6.3826
10.2332 -2.0805 6.3503
10.2397 -2.1059 6.3219
10.2455 -2.1318 6.2965
10.2501 -2.1590 6.2765
10.2514 -2.1909 6.2706
10.2521 -2.2238 6.2674
10.2603 -2.2441 6.2319
10.2677 -2.2649 6.1995
10.2745 -2.2861 6.1696
10.2982 -2.2761 6.0663
10.3072 -2.2911 6.0268
10.3151 -2.3076 5.9923
10.3222 -2.3247 5.9611
10.3288 -2.3423 5.9322
10.3350 -2.3602 5.9052
10.3308 -2.3992 5.9236
10.3249 -2.4422 5.9494
10.3126 -2.4997 6.0030
10.3138 -2.5283 5.9977
10.3076 -2.5735 6.0248
9.8052 -1.1565 7.9965
9.8210 -1.2060 7.9307
9.8336 -1.2548 7.8779
9.8612 -1.2986 7.7623
9.8831 -1.3417 7.6708
9.8995 -1.3848 7.6021
9.9128 -1.4277 7.5466
9.9231 -1.4708 7.5037
9.9415 -1.5090 7.4264
9.9645 -1.5433 7.3303
9.9801 -1.5797 7.2650
9.9933 -1.6162 7.2098
10.0040 -1.6533 7.1652
10.0126 -1.6908 7.1292
10.0286 -1.7221 7.0622
10.0484 -1.7490 6.9795
10.0625 -1.7789 6.9203
10.0745 -1.8094 6.8703
10.0850 -1.8402 6.8262
10.0943 -1.8713 6.7874
10.1215 -1.8836 6.6736
10.1352 -1.9076 6.6164
10.1467 -1.9329 6.5683
10.1569 -1.9585 6.5254
10.1661 -1.9846 6.4869
10.1744 -2.0109 6.4523
10.1818 -2.0376 6.4214
10.1881 -2.0652 6.3951
10.1930 -2.0941 6.3747
10.1864 -2.1385 6.4020
10.1962 -2.1600 6.3611
10.2050 -2.1820 6.3242
10.2134 -2.2039 6.2890
10.2353 -2.2038 6.1975
10.2476 -2.2174 6.1460
10.2573 -2.2343 6.1057
10.2658 -2.2523 6.0703
10.2734 -2.2709 6.0381
10.2806 -2.2900 6.0083
10.2872 -2.3093 5.9806
10.2934 -2.3288 5.9548
10.3119 -2.3241 5.8774
10.3043 -2.3691 5.9090
10.3045 -2.3991 5.9081
10.2984 -2.4421 5.9338
10.2932 -2.4836 5.9552
10.2823 -2.5379 6.0009
10.2800 -2.5743 6.0105
9.7448 -1.1584 8.0310
9.7800 -1.2054 7.8901
9.8021 -1.2521 7.8014
9.8196 -1.2982 7.7313
9.8336 -1.3438 7.6750
9.8438 -1.3895 7.6342
9.8734 -1.4271 7.5158
9.8937 -1.4660 7.4341
9.9097 -1.5052 7.3701
9.9229 -1.5445 7.3172
9.9337 -1.5839 7.2738
9.9421 -1.6239 7.2402
9.9687 -1.6517 7.1337
9.9857 -1.6837 7.0654
9.9999 -1.7163 7.0087
10.0120 -1.7492 6.9599
10.0227 -1.7824 6.9172
10.0509 -1.7997 6.8039
10.0671 -1.8254 6.7391
10.0801 -1.8527 6.6871
10.0914 -1.8805 6.6415
10.1016 -1.9085 6.6008
10.1113 -1.9361 6.5618
10.1195 -1.9645 6.5289
10.1265 -1.9937 6.5009
10.1318 -2.0243 6.4796
10.1258 -2.0682 6.5036
10.1365 -2.0915 6.4607
10.1462 -2.1152 6.4219
10.1550 -2.1393 6.3866
10.1820 -2.1374 6.2786
10.1937 -2.1551 6.2315
10.2039 -2.1741 6.1908
10.2130 -2.1938 6.1542
10.2214 -2.2139 6.1207
10.2291 -2.2343 6.0897
10.2363 -2.2551 6.0610
10.2582 -2.2502 5.9729
10.2694 -2.2621 5.9280
10.2786 -2.2767 5.8912
10.2868 -2.2922 5.8584
10.2859 -2.3240 5.8621
10.2798 -2.3656 5.8864
10.2659 -2.4229 5.9422
10.2728 -2.4402 5.9145
10.2665 -2.4836 5.9398
10.2600 -2.5279 5.9658
10.2528 -2.5742 5.9946
9.7167 -1.1562 7.9366
9.7347 -1.2055 7.8673
9.7484 -1.2541 7.8145
9.7582 -1.3027 7.7770
9.7967 -1.3422 7.6286
9.8172 -1.3845 7.5498
9.8338 -1.4265 7.4859
9.8477 -1.4683 7.4325
9.8587 -1.5102 7.3901
9.8769 -1.5477 7.3200
9.9008 -1.5808 7.2283
9.9178 -1.6158 7.1630
9.9328 -1.6506 7.1052
9.9451 -1.6860 7.0578
9.9736 -1.7092 6.9480
9.9934 -1.7365 6.8719
10.0081 -1.7660 6.8153
10.0210 -1.7959 6.7658
10.0324 -1.8259 6.7218
10.0426 -1.8562 6.6829
10.0514 -1.8868 6.6487
10.0589 -1.9181 6.6200
10.0640 -1.9512 6.6003
10.0596 -1.9940 6.6175
10.0725 -2.0180 6.5677
10.0831 -2.0436 6.5267
10.0928 -2.0695 6.4896
10.1238 -2.0686 6.3703
10.1364 -2.0883 6.3217
10.1473 -2.1092 6.2798
10.1567 -2.1313 6.2437
10.1657 -2.1532 6.2092
10.1740 -2.1753 6.1772
10.1817 -2.1976 6.1475
10.2085 -2.1905 6.0445
10.2194 -2.2058 6.0023
10.2290 -2.2224 5.9657
10.2377 -2.2396 5.9322
10.2457 -2.2572 5.9013
10.2532 -2.2752 5.8726
10.2602 -2.2933 5.8457
10.2599 -2.3239 5.8468
10.2536 -2.3655 5.8710
10.2477 -2.4068 5.8936
10.2468 -2.4391 5.8970
10.2397 -2.4836 5.9244
10.2304 -2.5331 5.9603
10.2256 -2.5741 5.9787
10.2186 -2.6201 6.0056
9.6583 -1.1578 7.9591
9.6809 -1.2069 7.8759
9.7140 -1.2522 7.7532
9.7348 -1.2979 7.6763
9.7520 -1.3428 7.6129
9.7658 -1.3875 7.5618
9.7756 -1.4325 7.5256
9.8078 -1.4680 7.4067
9.8289 -1.5057 7.3287
9.8458 -1.5437 7.2660
9.8603 -1.5817 7.2124
9.8729 -1.6195 7.1660
9.9131 -1.6401 7.0173
9.9302 -1.6721 6.9541
9.9448 -1.7043 6.9002
9.9577 -1.7367 6.8525
9.9691 -1.7691 6.8104
9.9790 -1.8018 6.7736
9.9873 -1.8351 6.7430
9.9918 -1.8710 6.7264
9.9895 -1.9126 6.7350
10.0026 -1.9400 6.6866
10.0143 -1.9676 6.6431
10.0435 -1.9766 6.5353
10.0610 -1.9955 6.4705
10.0745 -2.0176 6.4206
10.0862 -2.0406 6.3775
10.0968 -2.0641 6.3383
10.1065 -2.0877 6.3024
10.1155 -2.1115 6.2692
10.1408 -2.1135 6.1757
10.1546 -2.1288 6.1247
10.1659 -2.1465 6.0829
10.1759 -2.1650 6.0458
10.1851 -2.1840 6.0118
10.1937 -2.2033 5.9802
10.2017 -2.2226 5.9506
10.2092 -2.2422 5.9227
10.2162 -2.2620 5.8970
10.2226 -2.2822 5.8732
10.2285 -2.3027 5.8513
10.2337 -2.3241 5.8321
10.2274 -2.3654 5.8556
10.2270 -2.3964 5.8571
10.2203 -2.4390 5.8815
10.1923 -2.5225 5.9851
10.1983 -2.5427 5.9630
10.1983 -2.5741 5.9628
9.6234 -1.1565 7.8948
9.6455 -1.2055 7.8162
9.6636 -1.2535 7.7518
9.6771 -1.3012 7.7039
9.7048 -1.3441 7.6052
9.7316 -1.3851 7.5098
9.7519 -1.4264 7.4377
9.7689 -1.4674 7.3774
9.7837 -1.5080 7.3248
9.8247 -1.5355 7.1789
9.8449 -1.5701 7.1070
9.8620 -1.6049 7.0463
9.8766 -1.6398 6.9943
9.8895 -1.6747 6.9486
9.9006 -1.7097 6.9090
9.9098 -1.7452 6.8763
9.9135 -1.7839 6.8632
9.9139 -1.8249 6.8618
9.9283 -1.8547 6.8106
9.9411 -1.8846 6.7649
9.9782 -1.8925 6.6331
9.9946 -1.9163 6.5747
10.0084 -1.9414 6.5255
10.0204 -1.9673 6.4830
10.0318 -1.9927 6.4423
10.0423 -2.0183 6.4050
10.0520 -2.0441 6.3707
10.0831 -2.0446 6.2600
10.0964 -2.0638 6.2126
10.1083 -2.0837 6.1704
10.1189 -2.1042 6.1325
10.1288 -2.1249 6.0975
10.1380 -2.1458 6.0647
10.1465 -2.1669 6.0345
10.1544 -2.1882 6.0063
10.1618 -2.2097 5.9802
10.1685 -2.2316 5.9563
10.1744 -2.2542 5.9353
10.1789 -2.2785 5.9192
10.1704 -2.3233 5.9495
10.1791 -2.3405 5.9184
10.1874 -2.3579 5.8892
10.1950 -2.3757 5.8619
10.2007 -2.3963 5.8417
10.1939 -2.4389 5.8660
10.1639 -2.5242 5.9727
10.1744 -2.5363 5.9351
10.1717 -2.5729 5.9450
9.5672 -1.1577 7.9059
9.5797 -1.2086 7.8630
9.6233 -1.2528 7.7138
9.6478 -1.2981 7.6300
9.6682 -1.3426 7.5601
9.6856 -1.3864 7.5006
9.7260 -1.4214 7.3623
9.7510 -1.4591 7.2766
9.7707 -1.4970 7.2090
9.7874 -1.5349 7.1519
9.8019 -1.5725 7.1021
9.8154 -1.6096 7.0560
9.8255 -1.6476 7.0214
9.8262 -1.6904 7.0190
9.8320 -1.7299 6.9990
9.8477 -1.7625 6.9454
9.8618 -1.7951 6.8971
9.9042 -1.8058 6.7521
9.9216 -1.8326 6.6922
9.9364 -1.8603 6.6416
9.9497 -1.8881 6.5960
9.9619 -1.9160 6.5544
9.9730 -1.9440 6.5163
10.0033 -1.9528 6.4127
10.0201 -1.9727 6.3549
10.0339 -1.9946 6.3079
10.0462 -2.0170 6.2657
10.0575 -2.0396 6.2269
10.0680 -2.0623 6.1911
10.0780 -2.0847 6.1566
10.0871 -2.1076 6.1255
10.0955 -2.1307 6.0968
10.1032 -2.1541 6.0705
10.1099 -2.1782 6.0476
10.1150 -2.2039 6.0299
10.1060 -2.2490 6.0607
10.1158 -2.2679 6.0271
10.1251 -2.2868 5.9955
10.1336 -2.3060 5.9662
10.1418 -2.3253 5.9384
10.1495 -2.3447 5.9119
10.1567 -2.3643 5.8873
10.1633 -2.3843 5.8644
10.1695 -2.4047 5.8434
10.1674 -2.4388 5.8504
10.1604 -2.4817 5.8744
10.1499 -2.5316 5.9104
10.1445 -2.5728 5.9289
10.1368 -2.6186 5.9553
9.5311 -1.1567 7.8480
9.5559 -1.2056 7.7664
9.5775 -1.2532 7.6951
9.6184 -1.2951 7.5600
9.6487 -1.3368 7.4598
9.6714 -1.3785 7.3850
9.6902 -1.4199 7.3229
9.7072 -1.4605 7.2668
9.7215 -1.5010 7.2198
9.7325 -1.5418 7.1835
9.7224 -1.5917 7.2167
9.7425 -1.6272 7.1502
9.7601 -1.6626 7.0923
9.7982 -1.6851 6.9665
9.8240 -1.7123 6.8814
9.8423 -1.7424 6.8208
9.8584 -1.7728 6.7677
9.8729 -1.8032 6.7199
9.8861 -1.8335 6.6764
9.8980 -1.8638 6.6369
9.9330 -1.8744 6.5215
9.9506 -1.8974 6.4635
9.9662 -1.9209 6.4118
9.9794 -1.9455 6.3685
9.9914 -1.9703 6.3287
10.0026 -1.9951 6.2918
10.0129 -2.0200 6.2576
10.0225 -2.0449 6.2261
10.0311 -2.0702 6.1975
10.0388 -2.0960 6.1722
10.0453 -2.1226 6.1507
10.0359 -2.1681 6.1819
10.0469 -2.1887 6.1456
10.0572 -2.2094 6.1115
10.0668 -2.2303 6.0796
10.0759 -2.2513 6.0498
10.0844 -2.2723 6.0216
10.0925 -2.2935 5.9950
10.0998 -2.3151 5.9708
10.1065 -2.3373 5.9489
10.1121 -2.3605 5.9304
10.1144 -2.3885 5.9227
10.1171 -2.4157 5.9138
10.1268 -2.4313 5.8818
10.1359 -2.4472 5.8518
10.1338 -2.4815 5.8586
10.1261 -2.5258 5.8840
10.1174 -2.5726 5.9129
10.1094 -2.6185 5.9391
9.5016 -1.1551 7.7716
9.5366 -1.2021 7.6602
9.5627 -1.2482 7.5771
9.5847 -1.2933 7.5069
9.6039 -1.3376 7.4456
9.6204 -1.3813 7.3933
9.6337 -1.4249 7.3509
9.6246 -1.4752 7.3796
9.6465 -1.5145 7.3100
9.6656 -1.5533 7.2492
9.7120 -1.5786 7.1015
9.7363 -1.6114 7.0241
9.7564 -1.6447 6.9602
9.7738 -1.6780 6.9045
9.7895 -1.7112 6.8546
9.8037 -1.7442 6.8093
9.8360 -1.7644 6.7066
9.8585 -1.7891 6.6349
9.8761 -1.8158 6.5789
9.8916 -1.8428 6.5294
9.9058 -1.8699 6.4842
9.9193 -1.8965 6.4413
9.9319 -1.9230 6.4012
9.9429 -1.9500 6.3662
9.9528 -1.9773 6.3345
9.9614 -2.0052 6.3071
9.9679 -2.0345 6.2863
9.9596 -2.0788 6.3128
9.9720 -2.1015 6.2734
9.9836 -2.1243 6.2365
9.9944 -2.1470 6.2019
10.0040 -2.1705 6.1713
10.0135 -2.1935 6.1411
10.0224 -2.2165 6.1129
10.0305 -2.2399 6.0870
10.0376 -2.2641 6.0643
10.0430 -2.2901 6.0473
10.0413 -2.3255 6.0526
10.0526 -2.3426 6.0165
10.0631 -2.3602 5.9832
10.0968 -2.3424 5.8758
10.1089 -2.3552 5.8372
10.1195 -2.3696 5.8035
10.1231 -2.3943 5.7921
10.1154 -2.4371 5.8166
10.1072 -2.4814 5.8428
10.0993 -2.5256 5.8680
10.0891 -2.5743 5.9004
9.4428 -1.1042 7.7885
9.4679 -1.1540 7.7112
9.4899 -1.2024 7.6435
9.5086 -1.2500 7.5862
9.5233 -1.2971 7.5410
9.5163 -1.3483 7.5625
9.5407 -1.3916 7.4875
9.5622 -1.4341 7.4212
9.6128 -1.4654 7.2657
9.6396 -1.5020 7.1831
9.6617 -1.5388 7.1152
9.6806 -1.5755 7.0571
9.6979 -1.6116 7.0038
9.7139 -1.6473 6.9547
9.7555 -1.6681 6.8267
9.7770 -1.6977 6.7607
9.7955 -1.7275 6.7037
9.8121 -1.7574 6.6526
9.8273 -1.7871 6.6060
9.8412 -1.8166 6.5631
9.8540 -1.8460 6.5237
9.8657 -1.8755 6.4879
9.8760 -1.9053 6.4562
9.8839 -1.9364 6.4319
9.8757 -1.9810 6.4570
9.8892 -2.0065 6.4156
9.9022 -2.0315 6.3755
9.9145 -2.0565 6.3379
9.9258 -2.0815 6.3029
9.9364 -2.1066 6.2705
9.9461 -2.1318 6.2405
9.9549 -2.1574 6.2134
9.9624 -2.1840 6.1905
9.9658 -2.2148 6.1799
9.9700 -2.2444 6.1671
9.9824 -2.2637 6.1290
10.0166 -2.2541 6.0237
10.0325 -2.2664 5.9750
10.0450 -2.2820 5.9364
10.0564 -2.2984 5.9013
10.0669 -2.3153 5.8691
10.0768 -2.3323 5.8385
10.0863 -2.3492 5.8093
10.0953 -2.3664 5.7819
10.0970 -2.3940 5.7764
10.0891 -2.4368 5.8008
10.0783 -2.4849 5.8341
10.0679 -2.5329 5.8660
10.0619 -2.5742 5.8844
10.0534 -2.6202 5.9105
9.3836 -1.1051 7.8038
9.3987 -1.1564 7.7589
9.3947 -1.2091 7.7707
9.4235 -1.2568 7.6852
9.4476 -1.3035 7.6136
9.5058 -1.3409 7.4404
9.5339 -1.3823 7.3571
9.5574 -1.4232 7.2871
9.5782 -1.4635 7.2253
9.5971 -1.5031 7.1691
9.6319 -1.5352 7.0656
9.6650 -1.5659 6.9674
9.6878 -1.5990 6.8994
9.7075 -1.6322 6.8411
9.7252 -1.6651 6.7883
9.7415 -1.6976 6.7400
9.7564 -1.7300 6.6958
9.7699 -1.7622 6.6557
9.7818 -1.7945 6.6202
9.7911 -1.8279 6.5925
9.7827 -1.8733 6.6174
9.7983 -1.9013 6.5710
9.8128 -1.9292 6.5280
9.8263 -1.9569 6.4880
9.8388 -1.9846 6.4507
9.8511 -2.0117 6.4143
9.8619 -2.0393 6.3822
9.8715 -2.0673 6.3536
9.8787 -2.0970 6.3320
9.8771 -2.1352 6.3369
9.8918 -2.1566 6.2933
9.9052 -2.1783 6.2534
9.9464 -2.1682 6.1308
9.9618 -2.1850 6.0851
9.9752 -2.2032 6.0453
9.9875 -2.2218 6.0088
9.9990 -2.2405 5.9745
10.0099 -2.2593 5.9422
10.0202 -2.2782 5.9117
10.0300 -2.2970 5.8823
10.0394 -2.3159 5.8547
10.0483 -2.3346 5.8281
10.0568 -2.3534 5.8027
10.0649 -2.3723 5.7787
10.0710 -2.3938 5.7607
10.0628 -2.4365 5.7849
10.0513 -2.4851 5.8190
10.0429 -2.5295 5.8440
10.0347 -2.5741 5.8684
10.0260 -2.6201 5.8944
9.3376 -0.9469 7.7782
9.3518 -1.1565 7.7374
9.3892 -1.2041 7.6301
9.4185 -1.2505 7.5458
9.4442 -1.2958 7.4719
9.4669 -1.3401 7.4065
9.4873 -1.3836 7.3480
9.5373 -1.4173 7.2042
9.5661 -1.4546 7.1215
9.5896 -1.4919 7.0540
9.6108 -1.5286 6.9930
9.6301 -1.5647 6.9376
9.6474 -1.6005 6.8877
9.6631 -1.6359 6.8426
9.6770 -1.6713 6.8028
9.6879 -1.7074 6.7714
9.6793 -1.7539 6.7961
9.6971 -1.7851 6.7449
9.7135 -1.8160 6.6976
9.7288 -1.8466 6.6538
9.7429 -1.8771 6.6132
9.7558 -1.9076 6.5760
9.7673 -1.9383 6.5429
9.7768 -1.9699 6.5158
9.7699 -2.0143 6.5355
9.7885 -2.0374 6.4821
9.8062 -2.0602 6.4313
9.8504 -2.0573 6.3040
9.8693 -2.0759 6.2499
9.8850 -2.0963 6.2047
9.8993 -2.1171 6.1636
9.9126 -2.1381 6.1253
9.9249 -2.1594 6.0901
9.9367 -2.1803 6.0560
9.9481 -2.2010 6.0232
9.9588 -2.2219 5.9926
9.9690 -2.2426 5.9631
9.9788 -2.2632 5.9351
9.9879 -2.2840 5.9088
9.9967 -2.3047 5.8836
10.0048 -2.3257 5.8603
10.0121 -2.3473 5.8393
10.0183 -2.3700 5.8214
10.0086 -2.4150 5.8493
10.0186 -2.4319 5.8206
10.0282 -2.4487 5.7931
10.0247 -2.4849 5.8032
10.0160 -2.5293 5.8280
10.0075 -2.5740 5.8525
9.2757 -0.8932 7.7970
9.3084 -0.9474 7.7061
9.3371 -0.9997 7.6262
9.3636 -1.0502 7.5525
9.3862 -1.0993 7.4896
9.4046 -1.1475 7.4385
9.3439 -1.2042 7.6073
9.3882 -1.2485 7.4842
9.4290 -1.2907 7.3705
9.4581 -1.3329 7.2896
9.4836 -1.3743 7.2187
9.5061 -1.4148 7.1559
9.5263 -1.4547 7.0997
9.5443 -1.4941 7.0498
9.5606 -1.5330 7.0045
9.5743 -1.5720 6.9662
9.5630 -1.6209 6.9976
9.5841 -1.6555 6.9391
9.6030 -1.6899 6.8865
9.6203 -1.7239 6.8383
9.6363 -1.7576 6.7938
9.6508 -1.7912 6.7535
9.6633 -1.8252 6.7187
9.6720 -1.8608 6.6944
9.6726 -1.9014 6.6927
9.6926 -1.9282 6.6371
9.7106 -1.9552 6.5870
9.7635 -1.9542 6.4399
9.7826 -1.9770 6.3867
9.7999 -2.0002 6.3384
9.8155 -2.0238 6.2952
9.8300 -2.0474 6.2549
9.8437 -2.0708 6.2167
9.8568 -2.0940 6.1804
9.8690 -2.1172 6.1463
9.8807 -2.1402 6.1138
9.8919 -2.1629 6.0825
9.9024 -2.1858 6.0533
9.9124 -2.2087 6.0257
9.9216 -2.2317 5.9999
9.9298 -2.2554 5.9771
9.9363 -2.2806 5.9590
9.9280 -2.3237 5.9823
9.9393 -2.3425 5.9507
9.9500 -2.3614 5.9210
9.9604 -2.3800 5.8921
9.9702 -2.3987 5.8647
9.9798 -2.4172 5.8380
9.9889 -2.4358 5.8127
9.9977 -2.4542 5.7882
9.9980 -2.4847 5.7873
9.9891 -2.5290 5.8120
9.9802 -2.5740 5.8368
9.2792 -0.9996 7.6367
9.3194 -1.0502 7.5285
9.3517 -1.0988 7.4415
9.3800 -1.1458 7.3651
9.4051 -1.1915 7.2975
9.4278 -1.2361 7.2364
9.4459 -1.2801 7.1875
9.4568 -1.3246 7.1583
9.4305 -1.3773 7.2290
9.4470 -1.4200 7.1846
9.4516 -1.4653 7.1722
9.4549 -1.5108 7.1633
9.4772 -1.5492 7.1033
9.4975 -1.5871 7.0486
9.5154 -1.6247 7.0003
9.5312 -1.6622 6.9575
9.5463 -1.6992 6.9170
9.5394 -1.7464 6.9356
9.5646 -1.7767 6.8677
9.5863 -1.8074 6.8091
9.6424 -1.8163 6.6581
9.6662 -1.8420 6.5939
9.6864 -1.8688 6.5394
9.7047 -1.8956 6.4901
9.7217 -1.9223 6.4444
9.7376 -1.9488 6.4013
9.7537 -1.9741 6.3580
9.7683 -1.9998 6.3187
9.7818 -2.0254 6.2823
9.7947 -2.0509 6.2476
9.8066 -2.0763 6.2155
9.8178 -2.1018 6.1854
9.8280 -2.1276 6.1579
9.8367 -2.1541 6.1343
9.8406 -2.1852 6.1239
9.8386 -2.2221 6.1293
9.8510 -2.2436 6.0957
9.8632 -2.2646 6.0629
9.8748 -2.2855 6.0317
9.8860 -2.3062 6.0015
9.8966 -2.3270 5.9729
9.9220 -2.3288 5.9045
9.9392 -2.3395 5.8582
9.9526 -2.3540 5.8220
9.9649 -2.3693 5.7889
9.9765 -2.3847 5.7576
9.9874 -2.4004 5.7283
9.9817 -2.4390 5.7437
9.9725 -2.4828 5.7683
9.9604 -2.5316 5.8011
9.9531 -2.5738 5.8207
9.9436 -2.6198 5.8462
9.2293 -1.1034 7.6242
9.3205 -1.1473 7.3860
9.3600 -1.1919 7.2829
9.3917 -1.2354 7.2002
9.4183 -1.2778 7.1306
9.4418 -1.3194 7.0691
9.4630 -1.3601 7.0139
9.4803 -1.4006 6.9687
9.4953 -1.4407 6.9294
9.3976 -1.5163 7.1846
9.4107 -1.5586 7.1504
9.4171 -1.6028 7.1337
9.4434 -1.6384 7.0650
9.4676 -1.6734 7.0018
9.5331 -1.6876 6.8307
9.5578 -1.7183 6.7662
9.5798 -1.7490 6.7088
9.6000 -1.7793 6.6560
9.6189 -1.8093 6.6067
9.6365 -1.8389 6.5605
9.6531 -1.8682 6.5173
9.6687 -1.8971 6.4764
9.6835 -1.9257 6.4378
9.6974 -1.9542 6.4017
9.7102 -1.9826 6.3683
9.7235 -2.0099 6.3334
9.7331 -2.0394 6.3082
9.7232 -2.0849 6.3341
9.7383 -2.1091 6.2947
9.7526 -2.1330 6.2573
9.7663 -2.1568 6.2216
9.7794 -2.1802 6.1873
9.7918 -2.2036 6.1549
9.8227 -2.2074 6.0744
9.8414 -2.2221 6.0254
9.8568 -2.2394 5.9853
9.8707 -2.2574 5.9489
9.8839 -2.2754 5.9144
9.8965 -2.2934 5.8815
9.9085 -2.3113 5.8503
9.9201 -2.3291 5.8201
9.9311 -2.3468 5.7911
9.9419 -2.3643 5.7631
9.9522 -2.3816 5.7360
9.9622 -2.3988 5.7099
9.9552 -2.4389 5.7283
9.9458 -2.4827 5.7528
9.9298 -2.5366 5.7945
9.9259 -2.5736 5.8047
9.9162 -2.6196 5.8300
9.1772 -1.2080 7.6162
9.2036 -1.2564 7.5495
9.3596 -1.2810 7.1543
9.3980 -1.3202 7.0572
9.4271 -1.3594 6.9835
9.4511 -1.3982 6.9226
9.4740 -1.4359 6.8646
9.4947 -1.4730 6.8122
9.5132 -1.5097 6.7654
9.5290 -1.5463 6.7253
9.5407 -1.5837 6.6957
9.4832 -1.6500 6.8414
9.5040 -1.6839 6.7887
9.5235 -1.7171 6.7391
9.5419 -1.7499 6.6925
9.5592 -1.7822 6.6488
9.5753 -1.8141 6.6079
9.5900 -1.8461 6.5707
9.6029 -1.8782 6.5380
9.6115 -1.9125 6.5162
9.6070 -1.9553 6.5277
9.6240 -1.9830 6.4846
9.6403 -2.0102 6.4433
9.6559 -2.0370 6.4040
9.6721 -2.0625 6.3628
9.7114 -2.0679 6.2634
9.7310 -2.0879 6.2137
9.7483 -2.1088 6.1698
9.7644 -2.1298 6.1290
9.7795 -2.1510 6.0909
9.7935 -2.1722 6.0554
9.8073 -2.1929 6.0205
9.8206 -2.2133 5.9867
9.8333 -2.2336 5.9545
9.8457 -2.2535 5.9231
9.8575 -2.2733 5.8933
9.8691 -2.2927 5.8640
9.8801 -2.3122 5.8361
9.8908 -2.3313 5.8089
9.9012 -2.3503 5.7827
9.9111 -2.3691 5.7574
9.9208 -2.3878 5.7328
9.9300 -2.4065 5.7095
9.9287 -2.4389 5.7129
9.9171 -2.4854 5.7423
9.9077 -2.5295 5.7661
9.1197 -1.2619 7.6207
9.1554 -1.3084 7.5330
9.2311 -1.3450 7.3469
9.2674 -1.3863 7.2577
9.3903 -1.4038 6.9557
9.4295 -1.4378 6.8593
9.4578 -1.4729 6.7898
9.4826 -1.5076 6.7290
9.5046 -1.5420 6.6749
9.5245 -1.5759 6.6258
9.5425 -1.6095 6.5815
9.5585 -1.6430 6.5423
9.5719 -1.6769 6.5093
9.5789 -1.7132 6.4922
9.4761 -1.8073 6.7449
9.4959 -1.8388 6.6962
9.5144 -1.8699 6.6506
9.5321 -1.9005 6.6072
9.5810 -1.9101 6.4871
9.6028 -1.9351 6.4335
9.6225 -1.9603 6.3850
9.6409 -1.9854 6.3398
9.6594 -2.0093 6.2942
9.6760 -2.0337 6.2534
9.6921 -2.0577 6.2139
9.7074 -2.0814 6.1764
9.7222 -2.1046 6.1400
9.7363 -2.1277 6.1054
9.7500 -2.1503 6.0716
9.7630 -2.1728 6.0396
9.7758 -2.1948 6.0081
9.7881 -2.2167 5.9781
9.7999 -2.2383 5.9490
9.8112 -2.2597 5.9212
9.8221 -2.2810 5.8944
9.8325 -2.3023 5.8690
9.8424 -2.3236 5.8446
9.8513 -2.3454 5.8227
9.8591 -2.3681 5.8034
9.8726 -2.3833 5.7702
9.8886 -2.3947 5.7310
9.9022 -2.4083 5.6976
9.9011 -2.4403 5.7002
9.8907 -2.4848 5.7257
9.8808 -2.5293 5.7501
9.8707 -2.5746 5.7749
9.0700 -1.1573 7.6048
9.1081 -1.2057 7.5137
9.1427 -1.2526 7.4312
9.1735 -1.2981 7.3578
9.2021 -1.3424 7.2895
9.2287 -1.3856 7.2261
9.2533 -1.4278 7.1673
9.2762 -1.4692 7.1128
9.2964 -1.5101 7.0645
9.3133 -1.5509 7.0242
9.4595 -1.5451 6.6754
9.4871 -1.5766 6.6095
9.5109 -1.6081 6.5528
9.5322 -1.6393 6.5019
9.5515 -1.6703 6.4557
9.5691 -1.7012 6.4139
9.5849 -1.7320 6.3761
9.5993 -1.7627 6.3417
9.6114 -1.7939 6.3129
9.6155 -1.8293 6.3030
9.5575 -1.9033 6.4414
9.5754 -1.9309 6.3987
9.5925 -1.9580 6.3580
9.6090 -1.9847 6.3187
9.6263 -2.0099 6.2773
9.6416 -2.0356 6.2408
9.6561 -2.0611 6.2061
9.6702 -2.0862 6.1725
9.6835 -2.1112 6.1407
9.6963 -2.1359 6.1102
9.7084 -2.1606 6.0815
9.7193 -2.1856 6.0553
9.7303 -2.2100 6.0292
9.7363 -2.2387 6.0148
9.7622 -2.2470 5.9530
9.7789 -2.2635 5.9132
9.7941 -2.2806 5.8769
9.8086 -2.2976 5.8423
9.8221 -2.3150 5.8102
9.8353 -2.3320 5.7787
9.8477 -2.3491 5.7490
9.8599 -2.3659 5.7200
9.8717 -2.3826 5.6919
9.8830 -2.3991 5.6649
9.8747 -2.4402 5.6847
9.8647 -2.4838 5.7084
9.8540 -2.5291 5.7341
9.0295 -1.1569 7.5667
9.0595 -1.2062 7.4973
9.0892 -1.2539 7.4285
9.1134 -1.3008 7.3723
9.1338 -1.3472 7.3251
9.1234 -1.3991 7.3490
9.1521 -1.4422 7.2827
9.1790 -1.4842 7.2203
9.2425 -1.5141 7.0731
9.2758 -1.5502 6.9960
9.3047 -1.5861 6.9289
9.3309 -1.6215 6.8683
9.3566 -1.6556 6.8087
9.4866 -1.6440 6.5074
9.5140 -1.6719 6.4439
9.5361 -1.7008 6.3926
9.5564 -1.7295 6.3457
9.5754 -1.7578 6.3015
9.5929 -1.7860 6.2610
9.6088 -1.8141 6.2241
9.6232 -1.8423 6.1908
9.6356 -1.8710 6.1619
9.6452 -1.9009 6.1397
9.5600 -1.9959 6.3372
9.5730 -2.0249 6.3071
9.5599 -2.0726 6.3375
9.6110 -2.0715 6.2190
9.6326 -2.0912 6.1688
9.6516 -2.1119 6.1248
9.6693 -2.1327 6.0838
9.6858 -2.1536 6.0455
9.7016 -2.1744 6.0091
9.7164 -2.1950 5.9746
9.7312 -2.2151 5.9404
9.7452 -2.2350 5.9078
9.7589 -2.2545 5.8761
9.7722 -2.2737 5.8453
9.7850 -2.2928 5.8157
9.7975 -2.3116 5.7868
9.8096 -2.3300 5.7587
9.8213 -2.3483 5.7316
9.8327 -2.3663 5.7051
9.8439 -2.3840 5.6792
9.8546 -2.4016 5.6544
9.8482 -2.4400 5.6691
9.8380 -2.4837 5.6928
9.8221 -2.5354 5.7296
9.8161 -2.5747 5.7435
8.9804 -1.2097 7.5488
9.0286 -1.2560 7.4403
9.0665 -1.3014 7.3550
9.1009 -1.3454 7.2775
9.1328 -1.3882 7.2055
9.1627 -1.4297 7.1383
9.1908 -1.4702 7.0749
9.2170 -1.5098 7.0158
9.2424 -1.5482 6.9586
9.2662 -1.5859 6.9050
9.2892 -1.6226 6.8534
9.3116 -1.6584 6.8029
9.3325 -1.6936 6.7557
9.3518 -1.7284 6.7122
9.3698 -1.7629 6.6718
9.5064 -1.7378 6.3640
9.5358 -1.7614 6.2978
9.5589 -1.7868 6.2458
9.5793 -1.8126 6.1998
9.5978 -1.8385 6.1581
9.6148 -1.8644 6.1199
9.6310 -1.8899 6.0834
9.6453 -1.9158 6.0512
9.6581 -1.9420 6.0222
9.6692 -1.9689 5.9974
9.6770 -1.9975 5.9797
9.6123 -2.0825 6.1255
9.6283 -2.1056 6.0893
9.6439 -2.1283 6.0543
9.6591 -2.1506 6.0201
9.6729 -2.1732 5.9890
9.6870 -2.1949 5.9571
9.7007 -2.2162 5.9262
9.7140 -2.2373 5.8965
9.7269 -2.2579 5.8673
9.7394 -2.2784 5.8393
9.7759 -2.2732 5.7569
9.7918 -2.2881 5.7212
9.8064 -2.3035 5.6883
9.8204 -2.3190 5.6568
9.8336 -2.3345 5.6271
9.8434 -2.3533 5.6049
9.8335 -2.3953 5.6273
9.8218 -2.4399 5.6536
9.8103 -2.4849 5.6795
9.7974 -2.5323 5.7085
9.7889 -2.5745 5.7276
9.7780 -2.6205 5.7522
8.9291 -1.1577 7.5354
8.9634 -1.2068 7.4603
8.9980 -1.2543 7.3845
9.0282 -1.3006 7.3183
9.0575 -1.3455 7.2540
9.0851 -1.3893 7.1936
9.1112 -1.4320 7.1365
9.1357 -1.4739 7.0828
9.1576 -1.5151 7.0348
9.1762 -1.5563 6.9942
9.2107 -1.5913 6.9185
9.2440 -1.6250 6.8456
9.2723 -1.6589 6.7837
9.2990 -1.6920 6.7253
9.3246 -1.7241 6.6691
9.3488 -1.7557 6.6162
9.3721 -1.7864 6.5652
9.3941 -1.8166 6.5169
9.4155 -1.8461 6.4700
9.5259 -1.8246 6.2283
9.5580 -1.8433 6.1579
9.5807 -1.8661 6.1081
9.6009 -1.8894 6.0640
9.6190 -1.9130 6.0243
9.6356 -1.9367 5.9880
9.6509 -1.9605 5.9544
9.6650 -1.9845 5.9237
9.6777 -2.0087 5.8957
9.6892 -2.0333 5.8707
9.6986 -2.0590 5.8499
9.7033 -2.0881 5.8397
9.6732 -2.1471 5.9056
9.6893 -2.1665 5.8703
9.7049 -2.1856 5.8362
9.7198 -2.2045 5.8036
9.7343 -2.2231 5.7718
9.7484 -2.2413 5.7409
9.7619 -2.2593 5.7112
9.7752 -2.2770 5.6822
9.7882 -2.2943 5.6537
9.8006 -2.3115 5.6265
9.8128 -2.3283 5.5998
9.8174 -2.3533 5.5897
9.8073 -2.3952 5.6119
9.7878 -2.4488 5.6545
9.7836 -2.4848 5.6639
9.7727 -2.5293 5.6877
9.7618 -2.5744 5.7116
8.8873 -1.2099 7.5009
8.9221 -1.2582 7.4268
8.9662 -1.3033 7.3328
9.0050 -1.3472 7.2501
9.0403 -1.3898 7.1749
9.0734 -1.4312 7.1045
9.1043 -1.4715 7.0386
9.1342 -1.5105 6.9749
9.1634 -1.5482 6.9126
9.1911 -1.5849 6.8536
9.2169 -1.6209 6.7986
9.2420 -1.6559 6.7450
9.2659 -1.6902 6.6943
9.2889 -1.7236 6.6451
9.3108 -1.7564 6.5985
9.3322 -1.7883 6.5530
9.3706 -1.8107 6.4712
9.4002 -1.8358 6.4081
9.4254 -1.8618 6.3545
9.4485 -1.8878 6.3051
9.4703 -1.9134 6.2588
9.4914 -1.9383 6.2138
9.5780 -1.9199 6.0294
9.6009 -1.9399 5.9806
9.6205 -1.9610 5.9387
9.6381 -1.9826 5.9013
9.6542 -2.0045 5.8670
9.6691 -2.0265 5.8353
9.6828 -2.0487 5.8060
9.6955 -2.0711 5.7790
9.7070 -2.0938 5.7545
9.7170 -2.1172 5.7331
9.7094 -2.1560 5.7494
9.6940 -2.2023 5.7822
9.7078 -2.2217 5.7527
9.7212 -2.2409 5.7242
9.7342 -2.2598 5.6964
9.7470 -2.2782 5.6692
9.7595 -2.2963 5.6425
9.7716 -2.3143 5.6168
9.7834 -2.3320 5.5918
9.7914 -2.3532 5.5745
9.7811 -2.3951 5.5966
9.7593 -2.4509 5.6430
9.7569 -2.4847 5.6482
9.7457 -2.5292 5.6719
9.7342 -2.5747 5.6964
8.8354 -1.1578 7.4878
8.8720 -1.2070 7.4119
8.9050 -1.2548 7.3435
8.9385 -1.3010 7.2740
8.9704 -1.3458 7.2079
9.0009 -1.3893 7.1446
9.0301 -1.4316 7.0841
9.0579 -1.4728 7.0264
9.0843 -1.5130 6.9716
9.1462 -1.5416 6.8433
9.1788 -1.5765 6.7758
9.2096 -1.6103 6.7119
9.2386 -1.6434 6.6518
9.2649 -1.6760 6.5972
9.2904 -1.7077 6.5444
9.3147 -1.7387 6.4939
9.3382 -1.7689 6.4453
9.3610 -1.7983 6.3980
9.3827 -1.8271 6.3530
9.4038 -1.8552 6.3091
9.4244 -1.8825 6.2664
9.4441 -1.9094 6.2256
9.4639 -1.9352 6.1845
9.4839 -1.9600 6.1432
9.5018 -1.9852 6.1061
9.5193 -2.0098 6.0698
9.5964 -1.9914 5.9100
9.6193 -2.0088 5.8624
9.6385 -2.0280 5.8226
9.6557 -2.0477 5.7870
9.6714 -2.0679 5.7544
9.6860 -2.0882 5.7242
9.6858 -2.1203 5.7246
9.6754 -2.1614 5.7461
9.6568 -2.2104 5.7846
9.6698 -2.2312 5.7577
9.6825 -2.2515 5.7314
9.6946 -2.2717 5.7062
9.7062 -2.2920 5.6822
9.7252 -2.3041 5.6428
9.7430 -2.3164 5.6058
9.7581 -2.3310 5.5747
9.7652 -2.3534 5.5600
9.7082 -2.4473 5.6780
9.7189 -2.4665 5.6558
9.7293 -2.4856 5.6344
9.7160 -2.5324 5.6619
9.7071 -2.5746 5.6804
9.6954 -2.6206 5.7046
8.8169 -1.1559 7.4065
8.8616 -1.2037 7.3163
8.9009 -1.2500 7.2369
8.9381 -1.2948 7.1619
8.9732 -1.3381 7.0910
9.0069 -1.3801 7.0230
9.0389 -1.4208 6.9584
9.0692 -1.4603 6.8973
9.0980 -1.4988 6.8391
9.1260 -1.5362 6.7826
9.1533 -1.5725 6.7275
9.1802 -1.6075 6.6732
9.2057 -1.6418 6.6217
9.2302 -1.6753 6.5723
9.2540 -1.7079 6.5243
9.2769 -1.7397 6.4781
9.2990 -1.7708 6.4335
9.3205 -1.8011 6.3900
9.3411 -1.8308 6.3483
9.3611 -1.8599 6.3080
9.3806 -1.8884 6.2687
9.3990 -1.9164 6.2314
9.4170 -1.9439 6.1952
9.4354 -1.9702 6.1580
9.4516 -1.9971 6.1252
9.4662 -2.0244 6.0959
9.5042 -2.0347 6.0192
9.5251 -2.0554 5.9770
9.5449 -2.0759 5.9369
9.6129 -2.0587 5.7997
9.6365 -2.0732 5.7520
9.6553 -2.0905 5.7141
9.6518 -2.1255 5.7212
9.6411 -2.1668 5.7427
9.6463 -2.1947 5.7322
9.6614 -2.2133 5.7018
9.6762 -2.2315 5.6720
9.6906 -2.2493 5.6428
9.7047 -2.2667 5.6144
9.7183 -2.2840 5.5869
9.7316 -2.3010 5.5601
9.7447 -2.3175 5.5337
9.7392 -2.3533 5.5447
9.7282 -2.3954 5.5669
9.7046 -2.4523 5.6146
9.7037 -2.4842 5.6164
9.6921 -2.5287 5.6398
9.6799 -2.5745 5.6645
9.6680 -2.6205 5.6885
8.7889 -1.1547 7.3469
8.8281 -1.2027 7.2699
8.8632 -1.2494 7.2009
8.8971 -1.2946 7.1341
8.9293 -1.3385 7.0708
8.9606 -1.3810 7.0094
8.9905 -1.4224 6.9506
9.0189 -1.4628 6.8946
9.0456 -1.5022 6.8423
9.0702 -1.5410 6.7937
9.1126 -1.5732 6.7105
9.1443 -1.6070 6.6481
9.1762 -1.6392 6.5855
9.2055 -1.6709 6.5278
9.2330 -1.7019 6.4737
9.2593 -1.7321 6.4221
9.2843 -1.7617 6.3729
9.3086 -1.7905 6.3251
9.3318 -1.8186 6.2794
9.3543 -1.8460 6.2353
9.3761 -1.8728 6.1923
9.3974 -1.8988 6.1506
9.4160 -1.9254 6.1139
9.4359 -1.9503 6.0748
9.4553 -1.9746 6.0367
9.4742 -1.9984 5.9995
9.4927 -2.0215 5.9632
9.5106 -2.0442 5.9280
9.5279 -2.0665 5.8939
9.5448 -2.0883 5.8608
9.5607 -2.1100 5.8295
9.5769 -2.1308 5.7977
9.6175 -2.1308 5.7177
9.6079 -2.1712 5.7366
9.6229 -2.1908 5.7072
9.6375 -2.2100 5.6784
9.6518 -2.2288 5.6503
9.6659 -2.2472 5.6227
9.6796 -2.2652 5.5957
9.6929 -2.2830 5.5696
9.7059 -2.3005 5.5440
9.7187 -2.3176 5.5188
9.7133 -2.3532 5.5295
9.7021 -2.3953 5.5515
9.6820 -2.4477 5.5909
9.6770 -2.4842 5.6008
9.6652 -2.5286 5.6240
9.6527 -2.5744 5.6486
8.7268 -1.1038 7.3542
8.7675 -1.1531 7.2763
8.8050 -1.2008 7.2044
8.8440 -1.2466 7.1297
8.8806 -1.2910 7.0596
8.9160 -1.3339 6.9918
8.9501 -1.3754 6.9266
8.9830 -1.4156 6.8636
9.0152 -1.4544 6.8017
9.0469 -1.4919 6.7410
9.0763 -1.5286 6.6847
9.1047 -1.5642 6.6303
9.1325 -1.5987 6.5772
9.1591 -1.6324 6.5261
9.1850 -1.6651 6.4766
9.2098 -1.6970 6.4289
9.2340 -1.7280 6.3826
9.2576 -1.7582 6.3374
9.2806 -1.7876 6.2935
9.3027 -1.8163 6.2510
9.3243 -1.8444 6.2098
9.3452 -1.8717 6.1696
9.3657 -1.8984 6.1304
9.3849 -1.9248 6.0935
9.4044 -1.9502 6.0562
9.4234 -1.9750 6.0198
9.4418 -1.9993 5.9846
9.4597 -2.0231 5.9503
9.4772 -2.0464 5.9168
9.4943 -2.0691 5.8840
9.5110 -2.0914 5.8519
9.5265 -2.1138 5.8224
9.5423 -2.1353 5.7921
9.5577 -2.1563 5.7625
9.5728 -2.1769 5.7336
9.5876 -2.1970 5.7052
9.6022 -2.2167 5.6774
9.6163 -2.2362 5.6504
9.6299 -2.2553 5.6242
9.6433 -2.2741 5.5985
9.6565 -2.2926 5.5733
9.6694 -2.3106 5.5486
9.6963 -2.3140 5.4970
9.6873 -2.3531 5.5142
9.6752 -2.3959 5.5374
9.6503 -2.4531 5.5852
9.6502 -2.4841 5.5853
9.6382 -2.5285 5.6083
9.6258 -2.5739 5.6320
8.6950 -1.1032 7.3034
8.7330 -1.1524 7.2323
8.7697 -1.2001 7.1638
8.8060 -1.2461 7.0962
8.8406 -1.2907 7.0314
8.8742 -1.3340 6.9688
8.9067 -1.3759 6.9081
8.9379 -1.4166 6.8499
8.9686 -1.4560 6.7926
8.9990 -1.4942 6.7358
9.0279 -1.5313 6.6817
9.0555 -1.5676 6.6302
9.0842 -1.6023 6.5767
9.1246 -1.6317 6.5012
9.1569 -1.6622 6.4409
9.1854 -1.6927 6.3878
9.2126 -1.7225 6.3370
9.2388 -1.7515 6.2881
9.2635 -1.7800 6.2419
9.2875 -1.8076 6.1971
9.3109 -1.8345 6.1534
9.3337 -1.8607 6.1109
9.3570 -1.8856 6.0673
9.3784 -1.9105 6.0274
9.3990 -1.9349 5.9889
9.4191 -1.9587 5.9514
9.4387 -1.9819 5.9148
9.4578 -2.0045 5.8791
9.4764 -2.0266 5.8443
9.4944 -2.0483 5.8107
9.5116 -2.0697 5.7787
9.5288 -2.0904 5.7466
9.5456 -2.1107 5.7152
9.5620 -2.1304 5.6846
9.5780 -2.1498 5.6546
9.5937 -2.1687 5.6253
9.6091 -2.1872 5.5967
9.6241 -2.2053 5.5687
9.6388 -2.2230 5.5412
9.6531 -2.2403 5.5144
9.6671 -2.2574 5.4884
9.6808 -2.2741 5.4628
9.6705 -2.3139 5.4820
9.6590 -2.3554 5.5035
9.6490 -2.3959 5.5222
9.6372 -2.4387 5.5442
9.6231 -2.4845 5.5706
9.6082 -2.5319 5.5984
9.5987 -2.5738 5.6161
9.5861 -2.6197 5.6396
8.6476 -1.0515 7.2821
8.6901 -1.1014 7.2048
8.7318 -1.1496 7.1288
8.7705 -1.1962 7.0584
8.8081 -1.2412 6.9900
8.8444 -1.2847 6.9239
8.8792 -1.3268 6.8605
8.9121 -1.3678 6.8007
8.9447 -1.4073 6.7412
8.9763 -1.4456 6.6837
9.0070 -1.4828 6.6278
9.0369 -1.5188 6.5734
9.0671 -1.5534 6.5184
9.0951 -1.5874 6.4676
9.1222 -1.6204 6.4182
9.1485 -1.6525 6.3702
9.1742 -1.6837 6.3236
9.1991 -1.7141 6.2782
9.2233 -1.7436 6.2340
9.2470 -1.7724 6.1910
9.2699 -1.8003 6.1492
9.2923 -1.8276 6.1084
9.3141 -1.8542 6.0688
9.3373 -1.8791 6.0265
9.3580 -1.9044 5.9889
9.3781 -1.9290 5.9523
9.3977 -1.9531 5.9166
9.4169 -1.9766 5.8817
9.4356 -1.9995 5.8476
9.4539 -2.0219 5.8144
9.4719 -2.0437 5.7816
9.4893 -2.0651 5.7499
9.5063 -2.0860 5.7188
9.5230 -2.1064 5.6885
9.5393 -2.1264 5.6588
9.5552 -2.1459 5.6298
9.5708 -2.1650 5.6014
9.5861 -2.1837 5.5736
9.6010 -2.2020 5.5464
9.6157 -2.2200 5.5198
9.6300 -2.2375 5.4937
9.6440 -2.2548 5.4682
9.6562 -2.2731 5.4460
9.6447 -2.3139 5.4670
9.6329 -2.3554 5.4883
9.6227 -2.3959 5.5069
9.6107 -2.4387 5.5288
9.5963 -2.4845 5.5550
9.5839 -2.5288 5.5777
9.5716 -2.5736 5.6001
8.6081 -1.0513 7.2465
8.6506 -1.1012 7.1711
8.6924 -1.1493 7.0970
8.7309 -1.1959 7.0287
8.7681 -1.2410 6.9625
8.8041 -1.2846 6.8985
8.8390 -1.3268 6.8366
8.8722 -1.3678 6.7778
8.9044 -1.4075 6.7206
8.9352 -1.4462 6.6659
8.9654 -1.4836 6.6122
8.9953 -1.5199 6.5592
9.0246 -1.5550 6.5070
9.0528 -1.5892 6.4570
9.0802 -1.6224 6.4084
9.1068 -1.6547 6.3611
9.1327 -1.6861 6.3152
9.1579 -1.7167 6.2704
9.1824 -1.7465 6.2269
9.2063 -1.7755 6.1845
9.2295 -1.8037 6.1432
9.2522 -1.8312 6.1030
9.2743 -1.8580 6.0638
9.2982 -1.8829 6.0213
9.3192 -1.9084 5.9841
9.3397 -1.9332 5.9477
9.3596 -1.9575 5.9123
9.3791 -1.9811 5.8776
9.3982 -2.0042 5.8438
9.4168 -2.0268 5.8108
9.4349 -2.0489 5.7785
9.4534 -2.0699 5.7457
9.4708 -2.0910 5.7149
9.4877 -2.1116 5.6848
9.5043 -2.1317 5.6553
9.5206 -2.1514 5.6265
9.5365 -2.1707 5.5983
9.5520 -2.1896 5.5708
9.5671 -2.2081 5.5438
9.5820 -2.2263 5.5174
9.5966 -2.2440 5.4916
9.6108 -2.2614 5.4662
9.6248 -2.2784 5.4414
9.6188 -2.3139 5.4520
9.5944 -2.3675 5.4954
9.5965 -2.3958 5.4917
9.5842 -2.4386 5.5135
9.5696 -2.4844 5.5394
9.5569 -2.5288 5.5619
9.5445 -2.5734 5.5840
8.5712 -1.1027 7.2071
8.6141 -1.1516 7.1327
8.6538 -1.1988 7.0639
8.6924 -1.2445 6.9971
8.7298 -1.2888 6.9324
8.7659 -1.3316 6.8698
8.8009 -1.3731 6.8091
8.8339 -1.4135 6.7521
8.8676 -1.4523 6.6937
8.9000 -1.4900 6.6375
8.9310 -1.5267 6.5837
8.9624 -1.5619 6.5294
8.9926 -1.5962 6.4772
9.0209 -1.6298 6.4280
9.0485 -1.6625 6.3802
9.0753 -1.6942 6.3338
9.1014 -1.7251 6.2886
9.1268 -1.7552 6.2446
9.1516 -1.7844 6.2017
9.1756 -1.8129 6.1600
9.1991 -1.8407 6.1194
9.2220 -1.8678 6.0798
9.2444 -1.8941 6.0409
9.2676 -1.9190 6.0007
9.2888 -1.9441 5.9640
9.3095 -1.9686 5.9282
9.3297 -1.9925 5.8932
9.3494 -2.0158 5.8591
9.3686 -2.0386 5.8257
9.3874 -2.0608 5.7931
9.4050 -2.0831 5.7627
9.4229 -2.1044 5.7316
9.4405 -2.1252 5.7012
9.4577 -2.1456 5.6714
9.4745 -2.1655 5.6423
9.4909 -2.1849 5.6139
9.5070 -2.2040 5.5860
9.5227 -2.2227 5.5587
9.5382 -2.2409 5.5320
9.5533 -2.2588 5.5059
9.5681 -2.2763 5.4802
9.5826 -2.2935 5.4551
9.5957 -2.3113 5.4324
9.5835 -2.3527 5.4534
9.5678 -2.3981 5.4807
9.5583 -2.4380 5.4971
9.5429 -2.4843 5.5238
9.5272 -2.5316 5.5510
9.5174 -2.5733 5.5680
9.5041 -2.6190 5.5909
8.4717 -0.8942 7.2741
8.5172 -0.9479 7.1971
8.5596 -0.9996 7.1255
8.6026 -1.0496 7.0528
8.6439 -1.0978 6.9829
8.6839 -1.1445 6.9153
8.7225 -1.1895 6.8500
8.7605 -1.2331 6.7859
8.7978 -1.2751 6.7228
8.8339 -1.3157 6.6617
8.8678 -1.3552 6.6044
8.8999 -1.3936 6.5501
8.9316 -1.4308 6.4965
8.9623 -1.4669 6.4446
8.9922 -1.5019 6.3942
9.0211 -1.5359 6.3452
9.0493 -1.5689 6.2976
9.0766 -1.6010 6.2514
9.1032 -1.6323 6.2064
9.1291 -1.6626 6.1626
9.1543 -1.6922 6.1201
9.1782 -1.7212 6.0796
9.1997 -1.7502 6.0434
9.2228 -1.7776 6.0042
9.2454 -1.8043 5.9660
9.2674 -1.8303 5.9288
9.2889 -1.8557 5.8925
9.3098 -1.8805 5.8571
9.3302 -1.9046 5.8226
9.3498 -1.9284 5.7896
9.3692 -1.9515 5.7567
9.3883 -1.9740 5.7245
9.4069 -1.9959 5.6931
9.4250 -2.0174 5.6624
9.4428 -2.0384 5.6324
9.4600 -2.0590 5.6032
9.4769 -2.0791 5.5747
9.4934 -2.0988 5.5468
9.5095 -2.1181 5.5195
9.5254 -2.1370 5.4928
9.5250 -2.1680 5.4934
9.5128 -2.2086 5.5139
9.5200 -2.2336 5.5017
9.5353 -2.2514 5.4759
9.5503 -2.2688 5.4505
9.5650 -2.2859 5.4257
9.5700 -2.3112 5.4173
9.5576 -2.3527 5.4383
9.5446 -2.3951 5.4602
9.5318 -2.4380 5.4818
9.4835 -2.5169 5.5635
9.4982 -2.5335 5.5386
9.4902 -2.5731 5.5521
9.4768 -2.6189 5.5748
8.4380 -0.9471 7.2280
8.4903 -0.9996 7.1417
8.5373 -1.0500 7.0641
8.5833 -1.0986 6.9882
8.6266 -1.1454 6.9166
8.6683 -1.1906 6.8478
8.7081 -1.2343 6.7822
8.7484 -1.2763 6.7158
8.7874 -1.3168 6.6513
8.8233 -1.3562 6.5921
8.8593 -1.3941 6.5326
8.8928 -1.4311 6.4775
8.9249 -1.4670 6.4244
8.9561 -1.5018 6.3729
8.9864 -1.5356 6.3230
9.0158 -1.5685 6.2745
9.0443 -1.6003 6.2274
9.0720 -1.6313 6.1816
9.0989 -1.6614 6.1373
9.1249 -1.6908 6.0944
9.1496 -1.7195 6.0537
9.1731 -1.7478 6.0148
9.1971 -1.7749 5.9752
9.2205 -1.8013 5.9366
9.2433 -1.8270 5.8990
9.2654 -1.8520 5.8624
9.2869 -1.8766 5.8269
9.3076 -1.9006 5.7928
9.3276 -1.9242 5.7598
9.3476 -1.9470 5.7269
9.3671 -1.9693 5.6947
9.3861 -1.9910 5.6632
9.4048 -2.0122 5.6325
9.4230 -2.0330 5.6024
9.4407 -2.0532 5.5731
9.4581 -2.0731 5.5444
9.4751 -2.0924 5.5163
9.4918 -2.1114 5.4889
9.5080 -2.1300 5.4622
9.4984 -2.1680 5.4780
9.4860 -2.2086 5.4984
9.4905 -2.2359 5.4910
9.5064 -2.2535 5.4648
9.5218 -2.2708 5.4393
9.5369 -2.2878 5.4144
9.5442 -2.3112 5.4023
9.5316 -2.3526 5.4231
9.5184 -2.3951 5.4450
9.5054 -2.4380 5.4664
9.4490 -2.5556 5.5593
9.4631 -2.5730 5.5362
8.4445 -1.0510 7.1181
8.4923 -1.1005 7.0410
8.5367 -1.1483 6.9695
8.5787 -1.1945 6.9017
8.6189 -1.2391 6.8370
8.6577 -1.2824 6.7745
8.6953 -1.3242 6.7139
8.7303 -1.3649 6.6575
8.7650 -1.4043 6.6016
8.7986 -1.4425 6.5474
8.8313 -1.4796 6.4947
8.8642 -1.5153 6.4417
8.8953 -1.5501 6.3916
8.9248 -1.5841 6.3440
8.9535 -1.6172 6.2978
8.9814 -1.6494 6.2528
9.0082 -1.6809 6.2097
9.0342 -1.7116 6.1678
9.0875 -1.7307 6.0818
9.1192 -1.7564 6.0307
9.1462 -1.7829 5.9872
9.1720 -1.8088 5.9457
9.1971 -1.8339 5.9053
9.2213 -1.8585 5.8662
9.2445 -1.8826 5.8289
9.2670 -1.9061 5.7925
9.2876 -1.9298 5.7593
9.3091 -1.9522 5.7248
9.3300 -1.9740 5.6910
9.3502 -1.9954 5.6584
9.3699 -2.0163 5.6268
9.3890 -2.0368 5.5959
9.4077 -2.0568 5.5658
9.4260 -2.0763 5.5363
9.4439 -2.0954 5.5075
9.4614 -2.1141 5.4794
9.4783 -2.1324 5.4520
9.4718 -2.1680 5.4626
9.4592 -2.2086 5.4828
9.4257 -2.2665 5.5368
9.4417 -2.2850 5.5111
9.4573 -2.3032 5.4858
9.4878 -2.3078 5.4367
9.5055 -2.3226 5.4081
9.5057 -2.3525 5.4079
9.4910 -2.3962 5.4316
9.4706 -2.4457 5.4644
9.4636 -2.4833 5.4757
9.4427 -2.5348 5.5095
9.4343 -2.5746 5.5229
8.3765 -1.1033 7.1293
8.4204 -1.1526 7.0603
8.4633 -1.2003 6.9928
8.5499 -1.2419 6.8563
8.5973 -1.2847 6.7818
8.6411 -1.3261 6.7129
8.6810 -1.3665 6.6500
8.7190 -1.4056 6.5901
8.7548 -1.4436 6.5338
8.7905 -1.4802 6.4777
8.8257 -1.5156 6.4223
8.8594 -1.5499 6.3693
8.8913 -1.5834 6.3190
8.9223 -1.6159 6.2702
8.9523 -1.6475 6.2230
8.9810 -1.6784 6.1778
9.0089 -1.7083 6.1338
9.0361 -1.7375 6.0910
9.0624 -1.7660 6.0497
9.0877 -1.7937 6.0098
9.1124 -1.8208 5.9709
9.1376 -1.8467 5.9313
9.1620 -1.8719 5.8929
9.1845 -1.8972 5.8575
9.2065 -1.9218 5.8229
9.2279 -1.9458 5.7891
9.2489 -1.9692 5.7562
9.2690 -1.9923 5.7245
9.2887 -2.0148 5.6935
9.3075 -2.0371 5.6638
9.3264 -2.0587 5.6342
9.3445 -2.0800 5.6057
9.3622 -2.1008 5.5778
9.3795 -2.1212 5.5506
9.3964 -2.1412 5.5239
9.4130 -2.1608 5.4978
9.4289 -2.1802 5.4727
9.4445 -2.1992 5.4482
9.4598 -2.2179 5.4241
9.4748 -2.2362 5.4006
9.4892 -2.2544 5.3779
9.5031 -2.2724 5.3560
9.4908 -2.3127 5.3753
9.4778 -2.3542 5.3958
9.4648 -2.3960 5.4162
9.4504 -2.4398 5.4389
9.4369 -2.4832 5.4602
9.4231 -2.5275 5.4819
9.4073 -2.5743 5.5068
9.3930 -2.6202 5.5292
8.3759 -1.0506 7.0352
8.4159 -1.1001 6.9737
8.4559 -1.1480 6.9122
8.4932 -1.1946 6.8549
8.5283 -1.2399 6.8009
8.5599 -1.2842 6.7522
8.5514 -1.3328 6.7654
8.5903 -1.3744 6.7055
8.6280 -1.4146 6.6475
8.6630 -1.4540 6.5937
8.6965 -1.4922 6.5422
8.7293 -1.5294 6.4917
8.7615 -1.5654 6.4422
8.7920 -1.6006 6.3953
8.8223 -1.6347 6.3488
8.8513 -1.6680 6.3041
8.9156 -1.6885 6.2052
8.9527 -1.7161 6.1481
8.9852 -1.7439 6.0982
9.0157 -1.7712 6.0513
9.0443 -1.7981 6.0073
9.0718 -1.8243 5.9650
9.0990 -1.8497 5.9231
9.1265 -1.8738 5.8809
9.1512 -1.8982 5.8430
9.1748 -1.9222 5.8066
9.1977 -1.9457 5.7714
9.2201 -1.9686 5.7370
9.2419 -1.9909 5.7035
9.2628 -2.0128 5.6713
9.2834 -2.0342 5.6396
9.3033 -2.0552 5.6090
9.3228 -2.0757 5.5791
9.3415 -2.0959 5.5502
9.3598 -2.1157 5.5221
9.3778 -2.1350 5.4945
9.3953 -2.1539 5.4675
9.4124 -2.1725 5.4412
9.4290 -2.1908 5.4157
9.4452 -2.2087 5.3908
9.4611 -2.2263 5.3664
9.4766 -2.2435 5.3425
9.4777 -2.2722 5.3408
9.4649 -2.3128 5.3606
9.4519 -2.3540 5.3805
9.4387 -2.3959 5.4008
9.4223 -2.4412 5.4260
9.4101 -2.4832 5.4447
9.3842 -2.5389 5.4846
9.3803 -2.5741 5.4906
8.3434 -1.0504 6.9921
8.3872 -1.0995 6.9264
8.4332 -1.1468 6.8572
8.4763 -1.1926 6.7924
8.5180 -1.2369 6.7298
8.5575 -1.2798 6.6704
8.5956 -1.3214 6.6132
8.6330 -1.3617 6.5570
8.6678 -1.4009 6.5047
8.7008 -1.4392 6.4551
8.7329 -1.4764 6.4068
8.7617 -1.5132 6.3635
8.7904 -1.5488 6.3205
8.8179 -1.5837 6.2791
8.8443 -1.6179 6.2394
8.8684 -1.6517 6.2032
8.8885 -1.6859 6.1729
8.8794 -1.7294 6.1867
8.9081 -1.7596 6.1435
8.9361 -1.7889 6.1015
8.9631 -1.8175 6.0609
8.9891 -1.8455 6.0218
9.0145 -1.8728 5.9837
9.0391 -1.8994 5.9466
9.0641 -1.9250 5.9091
9.0872 -1.9505 5.8744
9.1097 -1.9755 5.8406
9.1596 -1.9849 5.7656
9.1907 -2.0028 5.7187
9.2169 -2.0224 5.6794
9.2420 -2.0416 5.6417
9.2645 -2.0615 5.6080
9.2859 -2.0811 5.5758
9.3068 -2.1003 5.5444
9.3268 -2.1193 5.5143
9.3462 -2.1380 5.4852
9.3651 -2.1562 5.4568
9.3835 -2.1741 5.4291
9.4012 -2.1918 5.4025
9.4185 -2.2091 5.3764
9.4355 -2.2261 5.3510
9.4521 -2.2427 5.3260
9.4519 -2.2724 5.3263
9.4389 -2.3129 5.3459
9.4064 -2.3707 5.3947
9.4126 -2.3957 5.3853
9.3559 -2.4770 5.4706
9.3710 -2.4946 5.4478
9.3680 -2.5285 5.4523
9.3531 -2.5739 5.4747
8.2632 -1.0511 7.0200
8.2998 -1.1012 6.9662
8.3292 -1.1503 6.9231
8.3355 -1.2001 6.9138
8.4519 -1.2392 6.7428
8.5020 -1.2815 6.6692
8.5475 -1.3225 6.6024
8.5907 -1.3621 6.5388
8.6316 -1.4005 6.4788
8.6700 -1.4379 6.4224
8.7058 -1.4743 6.3697
8.7387 -1.5100 6.3215
8.7716 -1.5445 6.2732
8.8034 -1.5780 6.2264
8.8338 -1.6108 6.1818
8.8633 -1.6426 6.1384
8.8916 -1.6738 6.0969
8.9189 -1.7042 6.0567
8.9455 -1.7338 6.0177
8.9708 -1.7630 5.9806
8.9954 -1.7914 5.9444
9.0191 -1.8193 5.9096
9.0416 -1.8468 5.8766
9.0626 -1.8742 5.8457
9.0836 -1.9007 5.8148
9.1039 -1.9268 5.7850
9.1228 -1.9529 5.7572
9.1406 -1.9788 5.7311
9.1540 -2.0065 5.7114
9.1473 -2.0450 5.7213
9.1689 -2.0672 5.6895
9.1900 -2.0890 5.6585
9.2116 -2.1096 5.6268
9.2316 -2.1305 5.5975
9.2509 -2.1510 5.5690
9.2698 -2.1711 5.5413
9.2884 -2.1908 5.5141
9.3063 -2.2101 5.4877
9.3237 -2.2292 5.4622
9.3730 -2.2237 5.3897
9.3940 -2.2381 5.3589
9.4133 -2.2530 5.3305
9.4261 -2.2725 5.3117
9.4129 -2.3131 5.3312
9.4024 -2.3518 5.3465
9.3885 -2.3938 5.3669
9.3589 -2.4503 5.4104
9.3496 -2.4896 5.4241
9.3411 -2.5284 5.4366
9.3260 -2.5738 5.4588
8.2478 -1.0505 6.9523
8.2924 -1.0998 6.8883
8.3371 -1.1474 6.8241
8.3800 -1.1936 6.7624
8.4205 -1.2383 6.7043
8.4591 -1.2818 6.6488
8.4959 -1.3240 6.5960
8.5315 -1.3651 6.5448
8.5637 -1.4054 6.4987
8.5922 -1.4452 6.4577
8.6151 -1.4851 6.4248
8.6719 -1.5167 6.3433
8.7176 -1.5488 6.2777
8.7558 -1.5811 6.2228
8.7914 -1.6127 6.1717
8.8252 -1.6436 6.1231
8.8569 -1.6739 6.0775
8.8876 -1.7033 6.0334
8.9168 -1.7321 5.9915
8.9450 -1.7603 5.9510
8.9722 -1.7877 5.9120
8.9983 -1.8146 5.8745
9.0223 -1.8415 5.8401
9.0459 -1.8676 5.8061
9.0696 -1.8928 5.7721
9.0927 -1.9174 5.7390
9.1149 -1.9416 5.7070
9.1364 -1.9653 5.6761
9.1575 -1.9885 5.6459
9.1777 -2.0114 5.6168
9.1979 -2.0335 5.5878
9.2171 -2.0555 5.5603
9.2357 -2.0771 5.5335
9.2535 -2.0986 5.5080
9.2709 -2.1196 5.4830
9.2877 -2.1405 5.4590
9.3036 -2.1612 5.4360
9.3193 -2.1816 5.4135
9.3335 -2.2024 5.3931
9.3470 -2.2233 5.3737
9.3576 -2.2459 5.3586
9.3499 -2.2822 5.3696
9.3668 -2.2993 5.3453
9.3833 -2.3161 5.3216
9.3764 -2.3518 5.3315
9.3623 -2.3938 5.3518
9.3456 -2.4386 5.3757
9.3308 -2.4823 5.3969
9.3142 -2.5283 5.4208
9.2988 -2.5738 5.4429
8.2140 -1.1011 6.9124
8.2764 -1.1484 6.8248
8.3303 -1.1941 6.7490
8.3795 -1.2383 6.6800
8.4248 -1.2811 6.6163
8.4675 -1.3225 6.5564
8.5092 -1.3626 6.4979
8.5482 -1.4016 6.4431
8.5850 -1.4395 6.3914
8.6200 -1.4765 6.3422
8.6516 -1.5129 6.2979
8.6825 -1.5484 6.2544
8.7127 -1.5829 6.2120
8.7413 -1.6168 6.1719
8.7687 -1.6499 6.1333
8.7940 -1.6827 6.0978
8.8174 -1.7152 6.0650
8.8371 -1.7482 6.0373
8.8856 -1.7699 5.9692
8.9221 -1.7944 5.9179
8.9539 -1.8196 5.8733
8.9825 -1.8448 5.8331
9.0081 -1.8704 5.7971
9.0352 -1.8944 5.7592
9.0606 -1.9181 5.7234
9.0854 -1.9413 5.6887
9.1091 -1.9640 5.6554
9.1320 -1.9864 5.6232
9.1543 -2.0082 5.5918
9.1756 -2.0298 5.5619
9.1964 -2.0509 5.5327
9.2168 -2.0715 5.5041
9.2364 -2.0918 5.4766
9.2554 -2.1119 5.4499
9.2740 -2.1314 5.4238
9.2921 -2.1507 5.3984
9.3094 -2.1698 5.3740
9.3265 -2.1885 5.3500
9.3432 -2.2068 5.3266
9.3592 -2.2250 5.3041
9.3748 -2.2429 5.2821
9.3856 -2.2641 5.2670
9.3718 -2.3045 5.2864
9.3504 -2.3517 5.3165
9.3360 -2.3938 5.3366
9.3194 -2.4384 5.3600
9.3044 -2.4821 5.3811
9.2744 -2.5397 5.4231
9.2704 -2.5748 5.4287
8.1218 -0.9996 6.9533
8.1643 -1.0504 6.8949
8.2004 -1.1000 6.8453
8.1806 -1.1513 6.8725
8.2289 -1.1984 6.8062
8.2741 -1.2440 6.7441
8.3166 -1.2883 6.6857
8.3564 -1.3314 6.6311
8.3939 -1.3735 6.5795
8.4847 -1.4055 6.4548
8.5361 -1.4414 6.3843
8.5781 -1.4773 6.3264
8.6164 -1.5125 6.2739
8.6527 -1.5468 6.2241
8.6873 -1.5802 6.1765
8.7202 -1.6128 6.1313
8.7519 -1.6446 6.0878
8.7819 -1.6758 6.0465
8.8110 -1.7062 6.0066
8.8387 -1.7360 5.9686
8.8654 -1.7652 5.9319
8.8909 -1.7939 5.8969
8.9155 -1.8220 5.8631
8.9388 -1.8497 5.8310
8.9594 -1.8778 5.8028
8.9806 -1.9049 5.7737
9.0008 -1.9317 5.7459
9.0187 -1.9589 5.7213
9.0482 -1.9796 5.6808
9.0838 -1.9961 5.6319
9.1116 -2.0155 5.5937
9.1356 -2.0360 5.5608
9.1600 -2.0555 5.5273
9.1827 -2.0750 5.4960
9.2049 -2.0941 5.4656
9.2258 -2.1132 5.4368
9.2462 -2.1318 5.4088
9.2660 -2.1501 5.3817
9.2849 -2.1683 5.3556
9.3035 -2.1861 5.3301
9.3215 -2.2036 5.3054
9.3388 -2.2209 5.2816
9.3558 -2.2379 5.2582
9.3602 -2.2641 5.2523
9.3461 -2.3045 5.2715
9.3280 -2.3488 5.2964
9.3136 -2.3907 5.3162
9.2931 -2.4381 5.3443
9.2779 -2.4819 5.3653
9.2562 -2.5318 5.3950
9.2431 -2.5748 5.4130
9.2274 -2.6206 5.4346
8.0900 -0.9996 6.9102
8.1455 -1.0500 6.8356
8.1957 -1.0986 6.7682
8.2415 -1.1457 6.7066
8.2843 -1.1914 6.6490
8.3243 -1.2358 6.5953
8.3614 -1.2792 6.5455
8.3945 -1.3217 6.5010
8.4238 -1.3635 6.4617
8.4423 -1.4061 6.4368
8.4438 -1.4510 6.4347
8.4819 -1.4887 6.3835
8.5178 -1.5256 6.3353
8.5534 -1.5612 6.2874
8.5866 -1.5962 6.2428
8.6619 -1.6189 6.1417
8.7034 -1.6485 6.0859
8.7402 -1.6780 6.0364
8.7745 -1.7070 5.9904
8.8063 -1.7356 5.9476
8.8367 -1.7636 5.9067
8.8657 -1.7911 5.8678
8.8934 -1.8180 5.8305
8.9193 -1.8447 5.7957
8.9432 -1.8713 5.7636
8.9678 -1.8967 5.7306
8.9918 -1.9216 5.6984
9.0145 -1.9462 5.6678
9.0368 -1.9703 5.6379
9.0579 -1.9941 5.6095
9.0785 -2.0175 5.5819
9.0982 -2.0407 5.5554
9.1177 -2.0632 5.5292
9.1360 -2.0858 5.5046
9.1531 -2.1085 5.4816
9.1691 -2.1311 5.4601
9.1838 -2.1541 5.4403
9.2187 -2.1634 5.3934
9.2436 -2.1782 5.3600
9.2659 -2.1938 5.3300
9.2868 -2.2097 5.3019
9.3066 -2.2256 5.2754
9.3256 -2.2414 5.2499
9.3347 -2.2640 5.2375
9.3205 -2.3045 5.2567
9.3024 -2.3485 5.2810
9.2875 -2.3906 5.3010
9.2490 -2.4527 5.3527
9.2486 -2.4840 5.3533
9.2331 -2.5284 5.3741
9.2159 -2.5748 5.3972
8.1228 -1.0997 6.7828
8.1893 -1.1462 6.6954
8.2446 -1.1913 6.6227
8.2942 -1.2349 6.5575
8.3397 -1.2772 6.4976
8.3812 -1.3184 6.4431
8.4216 -1.3584 6.3900
8.4597 -1.3972 6.3398
8.4953 -1.4352 6.2930
8.5294 -1.4723 6.2482
8.5626 -1.5083 6.2046
8.5912 -1.5442 6.1669
8.6168 -1.5799 6.1333
8.6349 -1.6166 6.1095
8.6254 -1.6604 6.1220
8.6579 -1.6921 6.0792
8.6885 -1.7232 6.0390
8.7179 -1.7537 6.0004
8.7458 -1.7837 5.9638
8.8037 -1.8018 5.8876
8.8447 -1.8243 5.8337
8.8779 -1.8485 5.7900
8.9050 -1.8741 5.7544
8.9339 -1.8980 5.7164
8.9609 -1.9217 5.6809
8.9869 -1.9450 5.6467
9.0116 -1.9679 5.6142
9.0355 -1.9904 5.5828
9.0583 -2.0127 5.5528
9.0804 -2.0346 5.5237
9.1018 -2.0561 5.4956
9.1225 -2.0772 5.4685
9.1425 -2.0980 5.4421
9.1617 -2.1186 5.4168
9.1805 -2.1388 5.3921
9.1985 -2.1589 5.3685
9.2159 -2.1787 5.3456
9.2328 -2.1983 5.3234
9.2489 -2.2178 5.3023
9.2646 -2.2371 5.2816
9.2792 -2.2566 5.2624
9.2933 -2.2759 5.2438
9.2962 -2.3035 5.2401
9.2765 -2.3485 5.2660
9.2613 -2.3906 5.2858
9.2312 -2.4454 5.3254
9.2218 -2.4841 5.3379
9.2060 -2.5284 5.3586
9.1888 -2.5745 5.3812
7.9767 -1.1032 6.8901
8.0105 -1.1532 6.8465
8.0761 -1.2000 6.7621
8.1400 -1.2446 6.6800
8.1931 -1.2881 6.6116
8.3159 -1.3215 6.4535
8.3715 -1.3599 6.3821
8.4184 -1.3977 6.3217
8.4620 -1.4345 6.2655
8.5039 -1.4701 6.2116
8.5425 -1.5049 6.1620
8.5777 -1.5392 6.1167
8.6111 -1.5727 6.0737
8.6428 -1.6054 6.0329
8.6726 -1.6377 5.9946
8.7005 -1.6694 5.9587
8.7268 -1.7007 5.9249
8.7511 -1.7318 5.8936
8.7724 -1.7630 5.8662
8.7870 -1.7959 5.8474
8.7770 -1.8376 5.8602
8.8051 -1.8646 5.8241
8.8322 -1.8910 5.7892
8.8587 -1.9168 5.7551
8.8829 -1.9427 5.7240
8.9057 -1.9685 5.6947
8.9605 -1.9781 5.6242
8.9921 -1.9973 5.5835
9.0202 -2.0173 5.5474
9.0449 -2.0381 5.5156
9.0698 -2.0579 5.4835
9.0930 -2.0779 5.4536
9.1157 -2.0974 5.4245
9.1370 -2.1168 5.3970
9.1579 -2.1359 5.3701
9.1778 -2.1548 5.3446
9.1971 -2.1734 5.3197
9.2159 -2.1918 5.2955
9.2339 -2.2100 5.2724
9.2515 -2.2279 5.2497
9.2684 -2.2457 5.2279
9.2849 -2.2632 5.2067
9.2707 -2.3033 5.2250
9.2557 -2.3445 5.2443
9.2352 -2.3905 5.2706
9.2131 -2.4386 5.2991
9.1950 -2.4841 5.3224
9.1790 -2.5284 5.3430
9.1615 -2.5745 5.3654
9.1451 -2.6204 5.3866
7.9565 -1.1023 6.8331
8.0083 -1.1511 6.7679
8.0545 -1.1985 6.7096
8.0970 -1.2446 6.6562
8.1351 -1.2898 6.6081
8.1673 -1.3344 6.5676
8.1845 -1.3799 6.5459
8.2706 -1.4143 6.4374
8.3231 -1.4515 6.3713
8.3697 -1.4881 6.3126
8.4756 -1.5111 6.1793
8.5289 -1.5420 6.1122
8.5714 -1.5737 6.0586
8.6099 -1.6049 6.0102
8.6456 -1.6356 5.9652
8.6788 -1.6658 5.9234
8.7101 -1.6955 5.8839
8.7400 -1.7246 5.8463
8.7682 -1.7533 5.8108
8.7948 -1.7815 5.7773
8.8205 -1.8092 5.7450
8.8448 -1.8365 5.7143
8.8666 -1.8641 5.6869
8.8864 -1.8918 5.6620
8.9031 -1.9201 5.6409
8.8839 -1.9642 5.6651
8.9091 -1.9881 5.6334
8.9332 -2.0116 5.6030
8.9563 -2.0347 5.5738
8.9784 -2.0577 5.5460
8.9991 -2.0807 5.5200
9.0190 -2.1033 5.4949
9.0384 -2.1257 5.4705
9.0912 -2.1275 5.4039
9.1182 -2.1434 5.3700
9.1425 -2.1600 5.3394
9.1647 -2.1771 5.3113
9.1862 -2.1939 5.2843
9.2064 -2.2109 5.2588
9.2261 -2.2275 5.2340
9.2448 -2.2442 5.2105
9.2601 -2.2627 5.1912
9.2452 -2.3032 5.2100
9.2300 -2.3444 5.2291
9.2023 -2.3957 5.2640
9.1865 -2.4386 5.2839
9.1302 -2.5148 5.3548
9.1488 -2.5310 5.3314
9.1343 -2.5745 5.3497
9.1175 -2.6204 5.3707
7.8780 -1.1035 6.8494
7.8564 -1.1565 6.8760
8.0080 -1.1987 6.6891
8.0652 -1.2438 6.6185
8.1154 -1.2876 6.5566
8.1610 -1.3303 6.5003
8.2029 -1.3719 6.4488
8.2410 -1.4128 6.4017
8.2775 -1.4526 6.3567
8.3106 -1.4919 6.3159
8.3375 -1.5312 6.2828
8.3825 -1.5658 6.2273
8.4413 -1.5957 6.1547
8.4837 -1.6277 6.1025
8.5222 -1.6593 6.0550
8.6199 -1.6729 5.9346
8.6648 -1.6991 5.8792
8.7022 -1.7261 5.8331
8.7362 -1.7530 5.7911
8.7680 -1.7796 5.7520
8.7989 -1.8054 5.7138
8.8276 -1.8310 5.6784
8.8541 -1.8566 5.6458
8.8792 -1.8819 5.6149
8.9030 -1.9069 5.5855
8.9259 -1.9315 5.5572
8.9472 -1.9561 5.5310
8.9675 -1.9804 5.5060
8.9848 -2.0056 5.4846
9.0015 -2.0305 5.4640
9.0139 -2.0572 5.4488
8.9988 -2.0985 5.4673
9.0210 -2.1193 5.4400
9.0420 -2.1399 5.4140
9.0625 -2.1602 5.3888
9.0819 -2.1806 5.3649
9.1008 -2.2005 5.3416
9.1186 -2.2206 5.3196
9.1360 -2.2403 5.2982
9.1780 -2.2427 5.2464
9.2049 -2.2542 5.2132
9.2275 -2.2679 5.1854
9.2197 -2.3031 5.1950
9.1937 -2.3521 5.2270
9.1760 -2.3957 5.2488
9.1600 -2.4386 5.2686
9.1427 -2.4830 5.2899
9.1263 -2.5273 5.3101
9.1070 -2.5745 5.3339
7.8878 -0.9996 6.7572
7.9343 -1.0499 6.7011
7.9765 -1.0988 6.6501
8.0108 -1.1467 6.6087
7.9640 -1.1988 6.6652
8.0010 -1.2455 6.6205
8.0288 -1.2920 6.5869
8.0966 -1.3330 6.5051
8.1589 -1.3724 6.4299
8.2086 -1.4117 6.3699
8.2549 -1.4499 6.3140
8.2973 -1.4873 6.2628
8.3356 -1.5241 6.2166
8.3723 -1.5600 6.1723
8.4047 -1.5956 6.1332
8.4338 -1.6310 6.0980
8.4586 -1.6666 6.0680
8.4753 -1.7037 6.0480
8.5407 -1.7257 5.9689
8.5820 -1.7532 5.9192
8.6185 -1.7809 5.8751
8.6520 -1.8084 5.8346
8.7450 -1.8134 5.7223
8.7877 -1.8343 5.6707
8.8200 -1.8579 5.6318
8.8497 -1.8814 5.5959
8.8777 -1.9048 5.5621
8.9041 -1.9279 5.5303
8.9290 -1.9508 5.5001
8.9531 -1.9734 5.4711
8.9749 -1.9962 5.4447
8.9966 -2.0184 5.4186
9.0172 -2.0404 5.3937
9.0367 -2.0624 5.3701
9.0555 -2.0841 5.3475
9.0727 -2.1061 5.3266
9.0888 -2.1282 5.3072
9.1031 -2.1509 5.2899
9.1133 -2.1757 5.2777
9.0993 -2.2156 5.2946
9.1191 -2.2338 5.2707
9.1377 -2.2521 5.2482
9.1560 -2.2701 5.2261
9.1733 -2.2881 5.2052
9.1833 -2.3108 5.1932
9.1678 -2.3521 5.2119
9.1497 -2.3958 5.2337
9.1334 -2.4386 5.2533
9.1158 -2.4832 5.2747
9.0991 -2.5275 5.2948
9.0797 -2.5745 5.3182
7.8536 -0.9996 6.7199
7.9097 -1.0496 6.6535
7.9651 -1.0978 6.5880
8.0152 -1.1444 6.5288
8.0615 -1.1897 6.4741
8.1042 -1.2338 6.4236
8.1432 -1.2768 6.3774
8.1785 -1.3190 6.3357
8.2036 -1.3614 6.3060
8.1425 -1.4155 6.3782
8.1647 -1.4582 6.3521
8.2328 -1.4919 6.2716
8.2907 -1.5254 6.2031
8.3400 -1.5589 6.1448
8.3809 -1.5927 6.0964
8.4182 -1.6260 6.0523
8.4527 -1.6588 6.0116
8.4846 -1.6912 5.9738
8.5141 -1.7233 5.9389
8.5412 -1.7552 5.9069
8.5653 -1.7872 5.8784
8.5850 -1.8199 5.8551
8.6273 -1.8439 5.8051
8.6694 -1.8666 5.7554
8.7052 -1.8904 5.7130
8.7370 -1.9146 5.6753
8.8122 -1.9196 5.5865
8.8593 -1.9345 5.5308
8.8917 -1.9544 5.4926
8.9204 -1.9750 5.4585
8.9472 -1.9957 5.4269
8.9723 -2.0163 5.3973
8.9960 -2.0369 5.3692
9.0185 -2.0572 5.3426
9.0402 -2.0774 5.3170
9.0606 -2.0975 5.2928
9.0806 -2.1172 5.2692
9.0992 -2.1371 5.2471
9.1174 -2.1567 5.2257
9.1345 -2.1764 5.2055
9.1508 -2.1960 5.1862
9.1662 -2.2157 5.1680
9.1774 -2.2377 5.1548
9.1621 -2.2778 5.1728
9.1576 -2.3108 5.1782
9.1418 -2.3520 5.1968
9.1229 -2.3962 5.2192
9.1068 -2.4388 5.2382
9.0888 -2.4833 5.2595
9.0719 -2.5276 5.2794
9.0524 -2.5746 5.3025
9.0348 -2.6206 5.3233
7.7792 -1.1023 6.7296
7.9555 -1.1453 6.5253
8.0198 -1.1897 6.4510
8.0743 -1.2329 6.3878
8.1248 -1.2748 6.3293
8.1699 -1.3156 6.2772
8.2107 -1.3555 6.2298
8.2486 -1.3946 6.1859
8.2843 -1.4328 6.1447
8.3150 -1.4707 6.1091
8.3434 -1.5081 6.0762
8.3646 -1.5461 6.0516
8.2913 -1.6045 6.1365
8.3631 -1.6305 6.0534
8.4117 -1.6602 5.9971
8.4530 -1.6902 5.9492
8.4900 -1.7202 5.9064
8.5240 -1.7500 5.8671
8.5554 -1.7794 5.8306
8.5848 -1.8086 5.7967
8.6121 -1.8376 5.7651
8.6373 -1.8664 5.7359
8.6602 -1.8953 5.7094
8.6759 -1.9264 5.6911
8.7092 -1.9496 5.6526
8.7502 -1.9685 5.6051
8.7832 -1.9897 5.5669
8.8129 -2.0113 5.5325
8.8405 -2.0330 5.5005
8.9220 -2.0271 5.4062
8.9560 -2.0429 5.3668
8.9843 -2.0606 5.3341
9.0099 -2.0789 5.3044
9.0338 -2.0973 5.2767
9.0566 -2.1155 5.2503
9.0781 -2.1339 5.2254
9.0987 -2.1520 5.2015
9.1184 -2.1701 5.1787
9.1373 -2.1881 5.1569
9.1554 -2.2059 5.1359
9.1520 -2.2376 5.1398
9.1365 -2.2777 5.1578
9.1318 -2.3107 5.1632
9.1159 -2.3520 5.1817
9.0967 -2.3961 5.2039
9.0803 -2.4387 5.2228
9.0196 -2.5158 5.2931
9.0393 -2.5320 5.2703
9.0250 -2.5747 5.2869
9.0072 -2.6206 5.3075
7.7117 -1.1030 6.7299
7.7924 -1.1510 6.6384
7.8488 -1.1979 6.5744
7.8979 -1.2436 6.5187
7.9411 -1.2883 6.4698
8.1105 -1.3178 6.2776
8.1699 -1.3558 6.2102
8.2187 -1.3934 6.1549
8.2629 -1.4302 6.1046
8.3015 -1.4666 6.0609
8.3398 -1.5019 6.0175
8.3752 -1.5365 5.9773
8.4083 -1.5705 5.9397
8.4390 -1.6040 5.9049
8.4671 -1.6372 5.8731
8.4916 -1.6705 5.8453
8.5088 -1.7051 5.8258
8.4730 -1.7550 5.8663
8.5167 -1.7810 5.8168
8.5541 -1.8077 5.7744
8.5878 -1.8345 5.7361
8.6189 -1.8613 5.7009
8.6479 -1.8878 5.6680
8.6744 -1.9143 5.6379
8.6992 -1.9408 5.6098
8.7222 -1.9672 5.5837
8.7430 -1.9939 5.5600
8.7611 -2.0211 5.5396
8.7740 -2.0503 5.5250
8.8202 -2.0628 5.4725
8.8521 -2.0810 5.4364
8.8807 -2.1000 5.4039
8.9068 -2.1193 5.3743
8.9313 -2.1387 5.3464
9.0117 -2.1258 5.2553
9.0408 -2.1401 5.2223
9.0663 -2.1557 5.1933
9.0896 -2.1718 5.1669
9.1114 -2.1882 5.1422
9.1322 -2.2044 5.1186
9.1267 -2.2375 5.1249
9.1110 -2.2776 5.1427
9.1032 -2.3127 5.1516
9.0901 -2.3518 5.1663
9.0704 -2.3961 5.1887
9.0538 -2.4387 5.2075
9.0336 -2.4846 5.2305
9.0163 -2.5289 5.2501
8.9976 -2.5747 5.2712
7.6881 -1.1024 6.6805
7.7315 -1.1518 6.6323
7.7635 -1.2005 6.5967
7.8426 -1.2446 6.5088
7.9079 -1.2875 6.4362
7.9604 -1.3298 6.3779
8.0057 -1.3714 6.3275
8.0456 -1.4123 6.2832
8.0826 -1.4524 6.2421
8.2446 -1.4701 6.0621
8.2974 -1.5030 6.0034
8.3426 -1.5358 5.9531
8.3834 -1.5682 5.9079
8.4209 -1.6001 5.8661
8.4559 -1.6314 5.8272
8.4888 -1.6622 5.7906
8.5197 -1.6926 5.7563
8.5486 -1.7226 5.7243
8.5752 -1.7524 5.6947
8.5995 -1.7821 5.6677
8.6218 -1.8117 5.6428
8.6413 -1.8417 5.6212
8.6124 -1.8890 5.6533
8.6466 -1.9128 5.6153
8.6769 -1.9371 5.5816
8.7052 -1.9613 5.5502
8.7313 -1.9856 5.5211
8.7559 -2.0098 5.4938
8.7790 -2.0338 5.4682
8.8006 -2.0579 5.4442
8.8190 -2.0829 5.4237
8.8365 -2.1078 5.4042
8.8503 -2.1341 5.3889
8.8799 -2.1514 5.3560
8.9147 -2.1649 5.3174
8.9427 -2.1811 5.2862
8.9681 -2.1981 5.2580
8.9917 -2.2153 5.2318
9.0136 -2.2329 5.2074
9.0907 -2.2147 5.1217
9.1014 -2.2374 5.1099
9.0854 -2.2775 5.1276
9.0806 -2.3104 5.1329
9.0643 -2.3516 5.1511
9.0378 -2.4006 5.1805
9.0123 -2.4497 5.2089
9.0068 -2.4846 5.2150
8.9893 -2.5288 5.2345
8.9714 -2.5739 5.2543
7.6427 -1.1024 6.6558
7.7114 -1.1507 6.5810
7.7637 -1.1978 6.5240
7.8085 -1.2440 6.4752
7.8464 -1.2894 6.4339
7.8749 -1.3346 6.4030
7.9535 -1.3729 6.3173
8.0119 -1.4115 6.2538
8.0620 -1.4496 6.1992
8.1057 -1.4872 6.1516
8.1437 -1.5246 6.1103
8.1785 -1.5614 6.0723
8.2071 -1.5984 6.0411
8.3625 -1.6055 5.8719
8.4130 -1.6336 5.8170
8.4548 -1.6623 5.7715
8.4924 -1.6909 5.7305
8.5272 -1.7192 5.6927
8.5597 -1.7471 5.6572
8.5902 -1.7747 5.6240
8.6179 -1.8023 5.5938
8.6454 -1.8291 5.5639
8.6711 -1.8557 5.5360
8.6949 -1.8822 5.5100
8.7170 -1.9087 5.4859
8.7368 -1.9355 5.4644
8.7525 -1.9634 5.4473
8.7288 -2.0084 5.4731
8.7568 -2.0303 5.4426
8.7828 -2.0523 5.4143
8.8059 -2.0749 5.3891
8.8287 -2.0970 5.3643
8.8503 -2.1191 5.3408
8.8704 -2.1412 5.3189
8.8889 -2.1636 5.2988
8.9057 -2.1864 5.2805
8.9202 -2.2101 5.2647
8.9292 -2.2365 5.2549
8.9711 -2.2426 5.2092
8.9994 -2.2559 5.1785
9.0239 -2.2708 5.1518
9.0464 -2.2862 5.1272
9.0550 -2.3103 5.1179
9.0384 -2.3515 5.1359
9.0183 -2.3958 5.1579
9.0011 -2.4385 5.1765
8.9801 -2.4845 5.1995
8.9623 -2.5288 5.2188
8.9442 -2.5739 5.2385
8.9257 -2.6198 5.2587
7.5995 -1.1024 6.6287
7.6378 -1.1520 6.5878
7.6999 -1.1991 6.5215
7.7751 -1.2433 6.4413
7.8303 -1.2870 6.3823
7.8769 -1.3300 6.3326
7.9174 -1.3723 6.2894
7.9507 -1.4144 6.2538
7.9773 -1.4565 6.2255
8.0515 -1.4898 6.1463
8.1089 -1.5240 6.0851
8.1575 -1.5581 6.0332
8.1971 -1.5927 5.9910
8.2323 -1.6271 5.9533
8.2638 -1.6613 5.9198
8.2912 -1.6957 5.8905
8.3123 -1.7308 5.8680
8.4673 -1.7270 5.7026
8.5164 -1.7504 5.6502
8.5552 -1.7756 5.6088
8.5875 -1.8019 5.5744
8.6202 -1.8270 5.5394
8.6507 -1.8519 5.5069
8.6795 -1.8765 5.4762
8.7067 -1.9009 5.4471
8.7321 -1.9252 5.4200
8.7563 -1.9492 5.3942
8.7801 -1.9727 5.3688
8.8017 -1.9965 5.3457
8.8215 -2.0204 5.3247
8.8393 -2.0448 5.3057
8.8537 -2.0702 5.2903
8.8284 -2.1156 5.3172
8.8525 -2.1357 5.2916
8.8749 -2.1560 5.2676
8.8963 -2.1762 5.2448
8.9165 -2.1963 5.2232
8.9352 -2.2168 5.2033
8.9527 -2.2374 5.1846
8.9689 -2.2583 5.1673
8.9833 -2.2799 5.1519
8.9945 -2.3031 5.1400
9.0207 -2.3160 5.1121
9.0126 -2.3514 5.1207
8.9920 -2.3958 5.1427
8.9746 -2.4385 5.1612
8.9533 -2.4845 5.1840
8.9309 -2.5320 5.2078
8.9170 -2.5738 5.2227
8.8983 -2.6197 5.2427
7.5738 -1.1018 6.5832
7.6334 -1.1502 6.5210
7.6822 -1.1976 6.4699
7.7223 -1.2441 6.4279
7.7517 -1.2904 6.3972
7.8284 -1.3308 6.3170
7.8890 -1.3709 6.2536
7.9368 -1.4109 6.2036
7.9797 -1.4502 6.1587
8.0179 -1.4890 6.1188
8.0497 -1.5278 6.0856
8.0743 -1.5670 6.0598
8.1479 -1.5953 5.9828
8.1994 -1.6264 5.9290
8.2418 -1.6580 5.8847
8.2790 -1.6898 5.8458
8.3121 -1.7215 5.8111
8.3417 -1.7532 5.7801
8.3678 -1.7850 5.7528
8.3896 -1.8175 5.7301
8.4226 -1.8456 5.6955
8.4797 -1.8645 5.6358
8.6029 -1.8580 5.5070
8.6415 -1.8793 5.4666
8.6751 -1.9015 5.4314
8.7058 -1.9238 5.3994
8.7344 -1.9461 5.3694
8.7621 -1.9679 5.3405
8.7874 -1.9900 5.3140
8.8115 -2.0118 5.2888
8.8343 -2.0336 5.2649
8.8558 -2.0553 5.2424
8.8764 -2.0769 5.2210
8.8955 -2.0986 5.2010
8.9130 -2.1206 5.1826
8.9289 -2.1430 5.1660
8.9417 -2.1666 5.1526
8.9171 -2.2116 5.1783
8.9381 -2.2301 5.1563
8.9581 -2.2487 5.1354
8.9770 -2.2673 5.1157
8.9946 -2.2862 5.0973
9.0030 -2.3106 5.0885
8.9862 -2.3517 5.1061
8.9657 -2.3958 5.1275
8.9481 -2.4385 5.1459
8.9266 -2.4844 5.1684
8.9084 -2.5287 5.1875
8.8898 -2.5737 5.2069
7.4379 -1.1569 6.6516
7.6423 -1.1974 6.4421
7.7042 -1.2423 6.3787
7.7538 -1.2865 6.3278
7.7955 -1.3300 6.2851
7.8289 -1.3732 6.2508
7.8485 -1.4174 6.2307
7.9378 -1.4506 6.1392
7.9910 -1.4871 6.0847
8.0356 -1.5236 6.0389
8.0764 -1.5594 5.9971
8.1106 -1.5954 5.9620
8.1392 -1.6317 5.9328
8.1607 -1.6687 5.9106
8.2321 -1.6927 5.8375
8.2797 -1.7208 5.7887
8.3192 -1.7498 5.7481
8.3542 -1.7790 5.7123
8.3855 -1.8083 5.6803
8.4135 -1.8378 5.6515
8.4384 -1.8674 5.6259
8.4596 -1.8977 5.6043
8.4886 -1.9244 5.5745
8.5433 -1.9405 5.5184
8.5793 -1.9623 5.4816
8.6861 -1.9540 5.3721
8.7230 -1.9723 5.3342
8.7550 -1.9917 5.3014
8.7840 -2.0115 5.2717
8.8108 -2.0315 5.2442
8.8360 -2.0515 5.2184
8.8599 -2.0714 5.1939
8.8825 -2.0913 5.1707
8.9039 -2.1111 5.1487
8.9245 -2.1308 5.1276
8.9437 -2.1506 5.1079
8.9620 -2.1703 5.0892
8.9794 -2.1901 5.0713
8.9951 -2.2104 5.0552
8.9821 -2.2480 5.0686
8.9765 -2.2812 5.0743
8.9774 -2.3105 5.0734
8.9603 -2.3516 5.0909
8.9341 -2.3994 5.1178
8.9073 -2.4484 5.1453
8.9000 -2.4843 5.1527
8.8815 -2.5286 5.1717
8.8594 -2.5761 5.1944
7.4014 -1.1566 6.6164
7.4307 -1.2072 6.5870
7.4199 -1.2599 6.5979
7.7008 -1.2875 6.3156
7.7682 -1.3286 6.2478
7.8190 -1.3697 6.1968
7.8613 -1.4104 6.1543
7.8952 -1.4511 6.1202
7.9211 -1.4922 6.0942
7.9660 -1.5291 6.0490
8.0398 -1.5593 5.9749
8.0874 -1.5927 5.9271
8.1275 -1.6263 5.8868
8.1628 -1.6598 5.8513
8.1934 -1.6935 5.8205
8.2195 -1.7275 5.7943
8.2387 -1.7627 5.7750
8.3095 -1.7822 5.7038
8.3537 -1.8079 5.6594
8.3907 -1.8345 5.6222
8.4235 -1.8615 5.5892
8.4530 -1.8887 5.5596
8.4788 -1.9163 5.5336
8.5019 -1.9442 5.5104
8.5215 -1.9729 5.4907
8.5345 -2.0036 5.4777
8.5970 -2.0132 5.4149
8.6335 -2.0322 5.3782
8.6643 -2.0527 5.3473
8.7589 -2.0427 5.2522
8.7969 -2.0570 5.2139
8.8273 -2.0740 5.1834
8.8545 -2.0918 5.1561
8.8797 -2.1098 5.1308
8.9035 -2.1279 5.1069
8.9260 -2.1459 5.0843
8.9471 -2.1641 5.0630
8.9676 -2.1820 5.0425
8.9744 -2.2075 5.0356
8.9578 -2.2471 5.0523
8.9444 -2.2852 5.0658
8.9518 -2.3103 5.0583
8.9345 -2.3515 5.0757
8.9106 -2.3975 5.0997
8.8926 -2.4402 5.1178
8.8734 -2.4842 5.1371
8.8512 -2.5309 5.1594
8.8321 -2.5760 5.1786
8.8127 -2.6220 5.1981
7.3751 -1.1037 6.5715
7.3857 -1.1553 6.5611
7.4378 -1.2042 6.5098
7.4813 -1.2522 6.4669
7.5149 -1.2999 6.4338
7.5125 -1.3502 6.4362
7.6506 -1.3844 6.3001
7.8268 -1.4098 6.1265
7.8770 -1.4481 6.0770
7.9186 -1.4864 6.0360
7.9553 -1.5244 5.9998
7.9853 -1.5625 5.9703
8.0085 -1.6011 5.9474
8.0786 -1.6290 5.8784
8.1311 -1.6589 5.8266
8.1730 -1.6899 5.7854
8.2096 -1.7210 5.7493
8.2415 -1.7524 5.7179
8.2696 -1.7840 5.6902
8.2936 -1.8159 5.6665
8.3107 -1.8494 5.6497
8.3809 -1.8648 5.5805
8.4237 -1.8877 5.5384
8.4582 -1.9123 5.5044
8.4883 -1.9376 5.4747
8.5156 -1.9631 5.4478
8.5404 -1.9888 5.4234
8.5625 -2.0149 5.4016
8.5816 -2.0417 5.3828
8.5962 -2.0699 5.3684
8.6474 -2.0809 5.3179
8.6830 -2.0978 5.2828
8.7131 -2.1164 5.2532
8.7400 -2.1357 5.2267
8.8231 -2.1253 5.1448
8.8639 -2.1348 5.1046
8.8930 -2.1497 5.0760
8.9188 -2.1655 5.0505
8.9427 -2.1816 5.0270
8.9503 -2.2067 5.0195
8.9335 -2.2462 5.0360
8.8897 -2.3030 5.0792
8.8685 -2.3467 5.1001
8.8911 -2.3627 5.0778
8.8844 -2.3974 5.0844
8.8662 -2.4400 5.1023
8.8462 -2.4845 5.1221
8.8272 -2.5288 5.1408
8.8049 -2.5760 5.1628
7.3415 -1.0514 6.5344
7.3958 -1.1018 6.4820
7.4358 -1.1512 6.4433
7.4586 -1.2005 6.4213
7.4583 -1.2508 6.4216
7.5133 -1.2963 6.3684
7.5579 -1.3414 6.3253
7.5932 -1.3862 6.2912
7.6147 -1.4318 6.2705
7.7032 -1.4673 6.1850
7.8750 -1.4873 6.0190
7.9304 -1.5222 5.9654
7.9728 -1.5579 5.9245
8.0110 -1.5932 5.8876
8.0432 -1.6288 5.8565
8.0699 -1.6647 5.8307
8.0864 -1.7023 5.8147
8.1687 -1.7226 5.7353
8.2137 -1.7506 5.6917
8.2517 -1.7794 5.6550
8.2847 -1.8085 5.6232
8.3141 -1.8379 5.5948
8.3400 -1.8675 5.5697
8.3621 -1.8978 5.5484
8.3984 -1.9223 5.5133
8.4508 -1.9399 5.4627
8.4876 -1.9620 5.4271
8.5195 -1.9849 5.3963
8.5480 -2.0084 5.3688
8.5740 -2.0321 5.3437
8.5976 -2.0562 5.3209
8.6174 -2.0812 5.3017
8.6359 -2.1064 5.2839
8.6504 -2.1329 5.2698
8.6918 -2.1457 5.2299
8.7294 -2.1592 5.1935
8.7589 -2.1760 5.1650
8.7852 -2.1936 5.1397
8.8092 -2.2117 5.1165
8.8315 -2.2302 5.0949
8.9254 -2.2063 5.0042
8.9093 -2.2454 5.0198
8.8895 -2.2871 5.0389
8.8969 -2.3124 5.0317
8.8790 -2.3537 5.0490
8.8583 -2.3972 5.0690
8.8291 -2.4471 5.0973
8.8195 -2.4844 5.1065
8.8003 -2.5287 5.1250
8.7794 -2.5747 5.1452
7.3528 -0.9995 6.4552
7.3889 -1.0502 6.4209
7.3947 -1.1006 6.4155
7.4246 -1.1499 6.3872
7.4753 -1.1971 6.3391
7.5154 -1.2437 6.3012
7.5416 -1.2904 6.2763
7.5288 -1.3401 6.2885
7.5838 -1.3826 6.2363
7.6284 -1.4248 6.1941
7.6662 -1.4668 6.1583
7.6927 -1.5094 6.1331
7.6729 -1.5591 6.1519
7.9136 -1.5619 5.9239
7.9771 -1.5927 5.8637
8.0235 -1.6253 5.8198
8.0624 -1.6583 5.7829
8.0956 -1.6916 5.7515
8.1240 -1.7251 5.7245
8.1458 -1.7596 5.7039
8.1939 -1.7861 5.6583
8.2494 -1.8091 5.6057
8.2897 -1.8352 5.5676
8.3239 -1.8622 5.5352
8.3547 -1.8894 5.5060
8.3822 -1.9168 5.4800
8.4052 -1.9451 5.4582
8.4240 -1.9743 5.4404
8.4658 -1.9940 5.4007
8.5119 -2.0108 5.3571
8.5465 -2.0312 5.3243
8.5765 -2.0525 5.2958
8.6025 -2.0748 5.2713
8.6270 -2.0971 5.2480
8.6494 -2.1197 5.2268
8.6697 -2.1426 5.2076
8.6878 -2.1662 5.1905
8.7026 -2.1909 5.1764
8.7111 -2.2186 5.1684
8.7723 -2.2172 5.1104
8.8019 -2.2318 5.0824
8.8275 -2.2479 5.0581
8.8509 -2.2646 5.0359
8.8724 -2.2818 5.0155
8.8711 -2.3124 5.0167
8.8529 -2.3536 5.0340
8.8305 -2.3982 5.0552
8.8118 -2.4409 5.0729
8.7929 -2.4843 5.0909
8.7735 -2.5286 5.1093
8.7523 -2.5746 5.1293
8.7322 -2.6204 5.1483
7.3267 -0.9995 6.4127
7.3862 -1.0496 6.3575
7.4335 -1.0983 6.3136
7.4686 -1.1462 6.2809
7.4789 -1.1946 6.2714
7.5012 -1.2418 6.2506
7.5507 -1.2861 6.2046
7.5899 -1.3301 6.1682
7.6177 -1.3742 6.1424
7.5945 -1.4240 6.1640
7.6507 -1.4633 6.1118
7.6959 -1.5028 6.0698
7.7325 -1.5425 6.0357
7.7603 -1.5827 6.0099
7.7690 -1.6259 6.0018
7.8626 -1.6512 5.9149
8.0209 -1.6596 5.7678
8.0702 -1.6892 5.7219
8.1097 -1.7200 5.6853
8.1438 -1.7510 5.6536
8.1731 -1.7825 5.6264
8.1975 -1.8145 5.6037
8.2150 -1.8480 5.5874
8.2789 -1.8662 5.5280
8.3248 -1.8886 5.4854
8.3618 -1.9129 5.4511
8.3926 -1.9383 5.4225
8.4200 -1.9642 5.3970
8.4443 -1.9904 5.3744
8.4656 -2.0173 5.3546
8.4829 -2.0452 5.3385
8.5263 -2.0614 5.2982
8.5680 -2.0772 5.2595
8.6004 -2.0961 5.2294
8.6287 -2.1160 5.2030
8.6543 -2.1364 5.1793
8.6776 -2.1573 5.1576
8.6990 -2.1785 5.1378
8.7185 -2.2001 5.1197
8.7359 -2.2223 5.1035
8.7508 -2.2453 5.0896
8.7609 -2.2707 5.0802
8.8120 -2.2721 5.0328
8.8415 -2.2848 5.0054
8.8453 -2.3123 5.0018
8.8269 -2.3536 5.0189
8.8042 -2.3982 5.0400
8.7852 -2.4409 5.0576
8.7613 -2.4875 5.0799
8.7417 -2.5317 5.0980
8.7253 -2.5744 5.1133
8.7049 -2.6203 5.1323
7.1939 -1.0516 6.4682
7.4090 -1.0978 6.2722
7.4675 -1.1446 6.2189
7.5122 -1.1905 6.1782
7.5452 -1.2359 6.1481
7.5566 -1.2822 6.1377
7.5730 -1.3278 6.1227
7.6201 -1.3695 6.0798
7.6591 -1.4110 6.0443
7.6899 -1.4525 6.0162
7.7012 -1.4961 6.0059
7.7146 -1.5390 5.9937
7.7580 -1.5762 5.9541
7.7940 -1.6137 5.9213
7.8206 -1.6521 5.8971
7.8369 -1.6920 5.8823
7.8248 -1.7381 5.8933
8.0563 -1.7246 5.6824
8.1126 -1.7502 5.6310
8.1535 -1.7785 5.5938
8.1882 -1.8075 5.5621
8.2181 -1.8370 5.5349
8.2440 -1.8669 5.5113
8.2649 -1.8977 5.4922
8.3020 -1.9225 5.4585
8.3572 -1.9398 5.4082
8.3943 -1.9622 5.3744
8.4262 -1.9857 5.3453
8.4543 -2.0097 5.3197
8.4796 -2.0342 5.2966
8.5022 -2.0591 5.2760
8.5215 -2.0848 5.2584
8.5362 -2.1121 5.2451
8.5825 -2.1242 5.2028
8.6210 -2.1389 5.1677
8.6516 -2.1564 5.1399
8.6785 -2.1749 5.1154
8.7027 -2.1940 5.0933
8.7250 -2.2136 5.0730
8.7454 -2.2335 5.0544
8.7641 -2.2539 5.0373
8.7810 -2.2748 5.0220
8.7956 -2.2965 5.0086
8.8070 -2.3198 4.9983
8.7867 -2.3623 5.0167
8.7778 -2.3982 5.0249
8.7586 -2.4409 5.0423
8.7360 -2.4865 5.0629
8.7160 -2.5308 5.0812
8.6982 -2.5743 5.0974
7.3930 -1.1459 6.2239
7.4899 -1.1894 6.1372
7.5441 -1.2332 6.0889
7.5858 -1.2766 6.0516
7.6182 -1.3197 6.0226
7.6305 -1.3641 6.0116
7.6394 -1.4086 6.0036
7.6877 -1.4475 5.9605
7.7270 -1.4864 5.9253
7.7571 -1.5258 5.8984
7.7737 -1.5667 5.8836
7.7716 -1.6107 5.8855
7.8140 -1.6458 5.8476
7.8496 -1.6812 5.8158
7.8786 -1.7171 5.7898
7.8996 -1.7542 5.7711
7.8711 -1.8035 5.7966
8.0072 -1.8090 5.6749
8.1508 -1.8087 5.5465
8.1940 -1.8344 5.5080
8.2292 -1.8614 5.4765
8.2603 -1.8887 5.4487
8.2889 -1.9161 5.4231
8.3124 -1.9445 5.4021
8.3310 -1.9741 5.3855
8.3814 -1.9911 5.3405
8.4232 -2.0101 5.3031
8.4565 -2.0314 5.2733
8.4856 -2.0536 5.2473
8.5108 -2.0767 5.2248
8.5341 -2.1000 5.2040
8.5549 -2.1237 5.1853
8.5730 -2.1482 5.1692
8.5872 -2.1741 5.1565
8.6351 -2.1828 5.1137
8.6706 -2.1965 5.0819
8.6996 -2.2128 5.0561
8.7251 -2.2301 5.0333
8.7482 -2.2481 5.0126
8.7694 -2.2664 4.9937
8.7890 -2.2852 4.9761
8.7906 -2.3142 4.9747
8.7718 -2.3555 4.9915
8.7515 -2.3982 5.0097
8.7215 -2.4477 5.0364
8.7093 -2.4864 5.0473
8.6891 -2.5307 5.0654
8.6697 -2.5751 5.0828
8.6487 -2.6211 5.1015
7.1053 -1.1557 6.4148
7.1528 -1.2052 6.3730
7.4902 -1.2341 6.0773
7.5656 -1.2750 6.0112
7.6167 -1.3161 5.9664
7.6566 -1.3571 5.9314
7.6853 -1.3983 5.9062
7.6920 -1.4417 5.9003
7.7039 -1.4842 5.8898
7.7501 -1.5208 5.8493
7.7895 -1.5574 5.8149
7.8185 -1.5949 5.7894
7.8370 -1.6337 5.7732
7.8254 -1.6785 5.7834
7.8677 -1.7113 5.7463
7.9031 -1.7446 5.7152
7.9328 -1.7785 5.6891
7.9558 -1.8133 5.6690
7.9660 -1.8512 5.6601
8.0425 -1.8692 5.5930
8.1840 -1.8653 5.4689
8.2308 -1.8879 5.4279
8.2678 -1.9125 5.3954
8.2999 -1.9379 5.3673
8.3278 -1.9639 5.3428
8.3520 -1.9906 5.3216
8.3726 -2.0180 5.3035
8.3882 -2.0469 5.2899
8.4476 -2.0571 5.2378
8.4836 -2.0759 5.2063
8.5136 -2.0963 5.1799
8.5403 -2.1174 5.1565
8.5644 -2.1390 5.1354
8.5861 -2.1611 5.1164
8.6055 -2.1838 5.0994
8.6224 -2.2072 5.0846
8.6351 -2.2323 5.0734
8.6841 -2.2377 5.0304
8.7171 -2.2506 5.0015
8.7446 -2.2657 4.9775
8.7688 -2.2819 4.9562
8.7648 -2.3141 4.9597
8.7457 -2.3554 4.9764
8.7250 -2.3983 4.9946
8.7054 -2.4410 5.0118
8.6827 -2.4863 5.0317
8.6616 -2.5310 5.0502
8.6425 -2.5751 5.0670
8.6212 -2.6210 5.0856
7.1256 -1.2043 6.3325
7.1855 -1.2515 6.2810
7.2307 -1.2983 6.2420
7.5701 -1.3168 5.9502
7.6387 -1.3549 5.8911
7.6857 -1.3937 5.8507
7.7217 -1.4327 5.8197
7.7480 -1.4722 5.7971
7.7494 -1.5150 5.7959
7.7662 -1.5550 5.7815
7.8104 -1.5896 5.7435
7.8463 -1.6246 5.7126
7.8752 -1.6602 5.6877
7.8951 -1.6970 5.6706
7.8753 -1.7427 5.6876
7.9179 -1.7733 5.6510
7.9534 -1.8047 5.6205
7.9831 -1.8367 5.5948
8.0076 -1.8694 5.5738
8.0237 -1.9041 5.5600
8.0017 -1.9503 5.5788
8.1316 -1.9471 5.4671
8.2633 -1.9398 5.3539
8.3028 -1.9618 5.3199
8.3354 -1.9854 5.2919
8.3637 -2.0098 5.2675
8.3887 -2.0347 5.2460
8.4106 -2.0602 5.2272
8.4285 -2.0869 5.2118
8.4658 -2.1046 5.1797
8.5079 -2.1191 5.1435
8.5398 -2.1373 5.1161
8.5675 -2.1567 5.0922
8.5922 -2.1767 5.0710
8.6146 -2.1973 5.0517
8.6348 -2.2184 5.0343
8.6530 -2.2400 5.0187
8.6685 -2.2626 5.0053
8.6801 -2.2870 4.9954
8.7297 -2.2895 4.9527
8.7390 -2.3141 4.9447
8.7197 -2.3554 4.9613
8.6989 -2.3982 4.9792
8.6790 -2.4409 4.9963
8.6590 -2.4843 5.0135
8.6381 -2.5287 5.0314
8.6153 -2.5750 5.0511
6.9613 -1.1578 6.4081
7.0278 -1.2071 6.3520
7.0751 -1.2559 6.3121
7.2089 -1.2967 6.1992
7.2642 -1.3412 6.1525
7.3053 -1.3857 6.1178
7.6493 -1.3935 5.8275
7.7058 -1.4299 5.7798
7.7471 -1.4670 5.7450
7.7802 -1.5043 5.7171
7.8043 -1.5423 5.6967
7.8073 -1.5835 5.6942
7.8221 -1.6223 5.6817
7.8649 -1.6549 5.6455
7.8998 -1.6881 5.6161
7.9286 -1.7218 5.5918
7.9499 -1.7566 5.5739
7.9436 -1.7981 5.5792
7.9653 -1.8321 5.5609
8.0003 -1.8617 5.5313
8.0305 -1.8918 5.5058
8.0554 -1.9228 5.4848
8.0744 -1.9550 5.4688
8.0740 -1.9934 5.4691
8.1680 -1.9985 5.3898
8.2915 -1.9903 5.2855
8.3348 -2.0093 5.2491
8.3683 -2.0310 5.2208
8.3974 -2.0536 5.1962
8.4242 -2.0764 5.1736
8.4464 -2.1004 5.1548
8.4656 -2.1253 5.1387
8.4809 -2.1514 5.1257
8.5280 -2.1621 5.0860
8.5632 -2.1774 5.0563
8.5921 -2.1949 5.0319
8.6176 -2.2134 5.0104
8.6406 -2.2325 4.9910
8.6615 -2.2521 4.9733
8.6805 -2.2722 4.9573
8.6974 -2.2930 4.9431
8.7118 -2.3148 4.9309
8.7055 -2.3484 4.9362
8.6727 -2.3981 4.9639
8.6526 -2.4408 4.9808
8.6324 -2.4841 4.9979
8.6113 -2.5286 5.0157
8.5879 -2.5750 5.0354
6.9906 -1.1031 6.3196
7.0350 -1.1532 6.2829
7.0553 -1.2033 6.2661
7.0578 -1.2541 6.2640
7.1115 -1.3009 6.2195
7.2115 -1.3421 6.1367
7.2878 -1.3832 6.0736
7.3373 -1.4253 6.0326
7.3760 -1.4677 6.0005
7.7164 -1.4662 5.7187
7.7672 -1.5007 5.6766
7.8062 -1.5359 5.6443
7.8375 -1.5715 5.6185
7.8603 -1.6079 5.5995
7.8642 -1.6477 5.5963
7.8749 -1.6858 5.5875
7.9163 -1.7166 5.5532
7.9505 -1.7480 5.5248
7.9789 -1.7801 5.5013
8.0003 -1.8133 5.4836
8.0085 -1.8497 5.4769
8.0094 -1.8881 5.4761
8.0449 -1.9157 5.4467
8.0746 -1.9443 5.4221
8.0973 -1.9744 5.4033
8.1173 -2.0049 5.3867
8.1288 -2.0380 5.3772
8.1958 -2.0500 5.3217
8.2435 -2.0678 5.2823
8.3637 -2.0553 5.1827
8.4007 -2.0740 5.1521
8.4299 -2.0951 5.1279
8.4557 -2.1170 5.1065
8.4786 -2.1395 5.0876
8.4988 -2.1627 5.0709
8.5159 -2.1868 5.0567
8.5282 -2.2129 5.0465
8.5833 -2.2171 5.0009
8.6143 -2.2323 4.9752
8.6408 -2.2491 4.9533
8.6644 -2.2667 4.9338
8.6859 -2.2849 4.9160
8.6994 -2.3072 4.9048
8.6796 -2.3484 4.9212
8.6261 -2.4102 4.9655
8.6105 -2.4503 4.9784
8.6058 -2.4840 4.9823
8.5845 -2.5284 4.9999
8.5608 -2.5749 5.0195
8.5390 -2.6208 5.0376
6.9274 -1.1036 6.3087
7.0223 -1.1520 6.2315
7.0735 -1.2002 6.1899
7.1096 -1.2480 6.1606
7.1167 -1.2972 6.1548
7.1403 -1.3447 6.1357
7.1878 -1.3891 6.0971
7.2972 -1.4252 6.0082
7.3612 -1.4644 5.9562
7.4078 -1.5043 5.9184
7.4428 -1.5448 5.8900
7.7784 -1.5346 5.6173
7.8252 -1.5674 5.5793
7.8621 -1.6009 5.5493
7.8915 -1.6349 5.5254
7.9132 -1.6699 5.5077
7.9180 -1.7083 5.5039
7.9245 -1.7461 5.4986
7.9649 -1.7750 5.4658
7.9985 -1.8048 5.4385
8.0262 -1.8353 5.4160
8.0481 -1.8669 5.3982
8.0599 -1.9010 5.3886
8.0513 -1.9413 5.3955
8.0832 -1.9683 5.3697
8.1135 -1.9952 5.3451
8.1390 -2.0229 5.3243
8.1603 -2.0516 5.3070
8.1753 -2.0821 5.2948
8.1516 -2.1276 5.3141
8.2739 -2.1139 5.2147
8.3911 -2.0994 5.1195
8.4288 -2.1164 5.0889
8.4590 -2.1357 5.0643
8.4855 -2.1560 5.0428
8.5089 -2.1770 5.0238
8.5296 -2.1988 5.0070
8.5476 -2.2214 4.9924
8.5623 -2.2452 4.9804
8.5976 -2.2578 4.9517
8.6340 -2.2690 4.9222
8.6619 -2.2839 4.8995
8.6737 -2.3071 4.8899
8.6537 -2.3483 4.9061
8.6197 -2.3983 4.9338
8.5986 -2.4414 4.9509
8.5238 -2.5179 5.0117
8.5517 -2.5320 4.9890
8.5337 -2.5748 5.0036
6.8689 -1.1561 6.2933
7.0439 -1.1995 6.1538
7.1080 -1.2454 6.1027
7.1522 -1.2912 6.0675
7.1808 -1.3373 6.0447
7.1593 -1.3877 6.0619
7.2167 -1.4297 6.0161
7.2588 -1.4722 5.9825
7.3755 -1.5033 5.8895
7.4331 -1.5403 5.8436
7.4740 -1.5787 5.8109
7.5049 -1.6178 5.7863
7.8361 -1.5992 5.5223
7.8799 -1.6303 5.4874
7.9148 -1.6623 5.4595
7.9426 -1.6949 5.4374
7.9633 -1.7286 5.4209
7.9688 -1.7656 5.4165
7.9715 -1.8031 5.4144
8.0110 -1.8304 5.3829
8.0438 -1.8586 5.3567
8.0702 -1.8880 5.3357
8.0905 -1.9186 5.3194
8.1017 -1.9517 5.3105
8.0873 -1.9932 5.3220
8.1227 -2.0175 5.2938
8.1526 -2.0429 5.2700
8.1786 -2.0690 5.2492
8.2003 -2.0961 5.2319
8.2174 -2.1246 5.2183
8.2244 -2.1568 5.2127
8.3033 -2.1580 5.1498
8.4111 -2.1444 5.0639
8.4547 -2.1573 5.0291
8.4864 -2.1747 5.0039
8.5131 -2.1936 4.9826
8.5368 -2.2133 4.9637
8.5580 -2.2338 4.9468
8.5767 -2.2549 4.9318
8.5929 -2.2769 4.9190
8.6058 -2.3003 4.9087
8.6480 -2.3071 4.8750
8.6278 -2.3483 4.8911
8.5934 -2.3983 4.9186
8.5720 -2.4414 4.9356
8.5487 -2.4862 4.9542
8.5274 -2.5303 4.9712
8.5066 -2.5747 4.9877
6.7944 -1.1572 6.2902
6.8288 -1.2080 6.2633
6.9610 -1.2519 6.1598
7.1343 -1.2894 6.0243
7.1873 -1.3331 5.9828
7.2245 -1.3770 5.9537
7.2451 -1.4219 5.9376
7.2381 -1.4697 5.9431
7.2868 -1.5100 5.9049
7.3254 -1.5506 5.8747
7.4482 -1.5766 5.7787
7.4967 -1.6125 5.7407
7.5331 -1.6495 5.7123
7.8299 -1.6335 5.4801
7.8906 -1.6602 5.4325
7.9315 -1.6899 5.4006
7.9647 -1.7204 5.3746
7.9910 -1.7517 5.3540
8.0107 -1.7841 5.3386
8.0169 -1.8198 5.3338
8.0161 -1.8573 5.3344
8.0556 -1.8828 5.3035
8.0867 -1.9098 5.2792
8.1124 -1.9379 5.2590
8.1335 -1.9668 5.2425
8.1468 -1.9980 5.2321
8.1244 -2.0418 5.2497
8.1600 -2.0644 5.2218
8.1899 -2.0883 5.1984
8.2157 -2.1131 5.1782
8.2380 -2.1387 5.1608
8.2567 -2.1653 5.1461
8.2693 -2.1941 5.1363
8.3268 -2.2023 5.0913
8.3685 -2.2165 5.0587
8.4782 -2.1973 4.9729
8.5114 -2.2126 4.9469
8.5390 -2.2299 4.9253
8.5632 -2.2482 4.9064
8.5848 -2.2674 4.8895
8.6041 -2.2872 4.8744
8.6211 -2.3078 4.8611
8.6072 -2.3453 4.8719
8.5671 -2.3983 4.9033
8.5455 -2.4413 4.9202
8.5222 -2.4860 4.9384
8.5007 -2.5301 4.9553
6.7691 -1.1564 6.2484
6.8332 -1.2056 6.1992
6.8774 -1.2544 6.1652
6.9804 -1.2977 6.0862
7.1497 -1.3328 5.9561
7.2151 -1.3739 5.9059
7.2601 -1.4157 5.8714
7.2923 -1.4580 5.8467
7.3048 -1.5021 5.8371
7.3089 -1.5472 5.8339
7.3547 -1.5855 5.7988
7.4436 -1.6151 5.7305
7.5133 -1.6462 5.6770
7.5566 -1.6807 5.6438
7.5902 -1.7163 5.6180
7.8890 -1.6919 5.3885
7.9422 -1.7179 5.3477
7.9805 -1.7463 5.3183
8.0118 -1.7755 5.2943
8.0357 -1.8059 5.2759
8.0524 -1.8378 5.2631
8.0586 -1.8724 5.2583
8.0611 -1.9080 5.2564
8.0972 -1.9327 5.2287
8.1275 -1.9585 5.2054
8.1529 -1.9852 5.1859
8.1738 -2.0130 5.1699
8.1882 -2.0426 5.1588
8.1594 -2.0883 5.1809
8.1951 -2.1093 5.1535
8.2246 -2.1320 5.1309
8.2508 -2.1553 5.1108
8.2734 -2.1795 5.0934
8.2925 -2.2047 5.0787
8.3074 -2.2314 5.0673
8.3108 -2.2630 5.0647
8.3941 -2.2561 5.0007
8.4976 -2.2372 4.9213
8.5347 -2.2493 4.8928
8.5633 -2.2650 4.8708
8.5878 -2.2820 4.8520
8.6020 -2.3042 4.8411
8.5814 -2.3453 4.8570
8.5604 -2.3871 4.8730
8.4951 -2.4552 4.9232
8.4957 -2.4858 4.9227
8.4739 -2.5299 4.9394
6.6950 -1.1575 6.2439
6.7778 -1.2061 6.1815
6.8646 -1.2525 6.1162
6.9173 -1.2992 6.0764
6.9517 -1.3462 6.0505
7.0703 -1.3841 5.9612
7.2352 -1.4140 5.8369
7.2900 -1.4534 5.7956
7.3298 -1.4934 5.7656
7.3563 -1.5344 5.7456
7.3210 -1.5846 5.7722
7.3766 -1.6201 5.7303
7.4188 -1.6567 5.6985
7.5188 -1.6809 5.6232
7.5732 -1.7122 5.5822
7.6129 -1.7454 5.5522
7.6442 -1.7795 5.5286
7.9424 -1.7477 5.3040
7.9910 -1.7726 5.2673
8.0240 -1.8005 5.2425
8.0532 -1.8287 5.2205
8.0773 -1.8577 5.2023
8.0952 -1.8879 5.1888
8.1014 -1.9215 5.1842
8.1014 -1.9570 5.1842
8.1368 -1.9803 5.1575
8.1663 -2.0049 5.1353
8.1915 -2.0303 5.1163
8.2120 -2.0569 5.1008
8.2258 -2.0856 5.0904
8.2264 -2.1193 5.0900
8.2276 -2.1527 5.0891
8.2577 -2.1737 5.0664
8.2839 -2.1957 5.0467
8.3068 -2.2186 5.0294
8.3264 -2.2424 5.0146
8.3421 -2.2676 5.0028
8.3517 -2.2954 4.9956
8.4168 -2.2952 4.9465
8.4513 -2.3091 4.9205
8.5560 -2.2852 4.8416
8.5763 -2.3041 4.8263
8.5555 -2.3452 4.8420
8.5109 -2.4002 4.8756
8.4893 -2.4431 4.8919
8.4677 -2.4865 4.9082
8.4193 -2.5465 4.9446
8.4228 -2.5759 4.9420
6.6752 -1.1565 6.1985
6.7359 -1.2060 6.1536
6.7740 -1.2553 6.1254
6.8891 -1.2981 6.0403
6.9510 -1.3426 5.9945
6.9930 -1.3875 5.9635
7.0825 -1.4263 5.8973
7.2415 -1.4545 5.7797
7.3148 -1.4902 5.7255
7.3602 -1.5283 5.6919
7.3929 -1.5672 5.6677
7.4109 -1.6078 5.6544
7.3942 -1.6543 5.6668
7.4416 -1.6887 5.6317
7.4774 -1.7244 5.6052
7.5814 -1.7444 5.5283
7.6296 -1.7747 5.4927
7.6662 -1.8067 5.4656
7.6950 -1.8397 5.4443
7.9900 -1.8012 5.2261
8.0335 -1.8255 5.1939
8.0676 -1.8515 5.1687
8.0957 -1.8785 5.1479
8.1188 -1.9064 5.1309
8.1360 -1.9357 5.1182
8.1421 -1.9682 5.1136
8.1398 -2.0036 5.1153
8.1745 -2.0257 5.0897
8.2032 -2.0491 5.0684
8.2266 -2.0739 5.0511
8.2470 -2.0993 5.0360
8.2628 -2.1261 5.0244
8.2691 -2.1566 5.0197
8.2588 -2.1941 5.0273
8.2895 -2.2136 5.0046
8.3155 -2.2344 4.9854
8.3383 -2.2561 4.9685
8.3582 -2.2787 4.9538
8.3750 -2.3024 4.9414
8.3868 -2.3281 4.9327
8.4358 -2.3343 4.8964
8.4743 -2.3448 4.8679
8.5030 -2.3598 4.8467
8.4845 -2.4003 4.8604
8.4626 -2.4431 4.8766
8.4410 -2.4864 4.8926
8.4103 -2.5356 4.9153
8.3956 -2.5758 4.9261
8.3724 -2.6217 4.9433
6.6784 -1.1030 6.1371
6.6947 -1.1542 6.1253
6.7009 -1.2055 6.1208
6.7726 -1.2527 6.0688
6.8167 -1.3002 6.0367
6.8958 -1.3437 5.9793
6.9794 -1.3848 5.9186
7.0282 -1.4277 5.8832
7.0609 -1.4714 5.8595
7.1694 -1.5043 5.7807
7.3303 -1.5271 5.6639
7.3844 -1.5626 5.6246
7.4232 -1.5994 5.5965
7.4495 -1.6375 5.5773
7.4580 -1.6784 5.5712
7.4580 -1.7209 5.5712
7.4998 -1.7543 5.5408
7.5320 -1.7889 5.5175
7.6395 -1.8047 5.4394
7.6830 -1.8340 5.4079
7.7167 -1.8648 5.3834
7.7433 -1.8968 5.3641
8.0359 -1.8518 5.1517
8.0771 -1.8749 5.1217
8.1096 -1.8999 5.0982
8.1362 -1.9258 5.0788
8.1583 -1.9528 5.0628
8.1747 -1.9811 5.0509
8.1809 -2.0127 5.0464
8.1765 -2.0481 5.0496
8.2092 -2.0694 5.0258
8.2372 -2.0918 5.0055
8.2614 -2.1150 4.9880
8.2818 -2.1393 4.9732
8.2976 -2.1650 4.9617
8.3062 -2.1935 4.9554
8.2887 -2.2338 4.9682
8.3193 -2.2520 4.9459
8.3456 -2.2715 4.9268
8.3684 -2.2921 4.9103
8.3884 -2.3136 4.8958
8.4055 -2.3360 4.8834
8.4191 -2.3599 4.8735
8.4255 -2.3874 4.8689
8.4580 -2.4003 4.8452
8.4368 -2.4427 4.8606
8.4144 -2.4863 4.8769
8.3882 -2.5327 4.8960
8.3685 -2.5757 4.9103
6.6697 -1.1022 6.0855
6.7162 -1.1519 6.0523
6.7454 -1.2013 6.0316
6.5242 -1.2648 6.1892
6.8037 -1.2980 5.9900
6.8542 -1.3436 5.9540
6.8871 -1.3896 5.9306
7.0018 -1.4262 5.8488
7.0593 -1.4667 5.8079
7.0977 -1.5085 5.7805
7.1766 -1.5435 5.7243
7.2465 -1.5781 5.6745
7.4045 -1.5964 5.5619
7.4483 -1.6312 5.5307
7.4807 -1.6672 5.5076
7.5023 -1.7045 5.4922
7.4666 -1.7536 5.5177
7.5172 -1.7841 5.4816
7.5545 -1.8166 5.4550
7.6320 -1.8381 5.3998
7.6932 -1.8621 5.3562
7.7330 -1.8905 5.3279
7.7646 -1.9202 5.3053
7.7893 -1.9512 5.2878
8.0802 -1.8997 5.0805
8.1186 -1.9220 5.0531
8.1495 -1.9459 5.0311
8.1748 -1.9710 5.0130
8.1960 -1.9969 4.9979
8.2124 -2.0241 4.9862
8.2200 -2.0543 4.9808
8.2104 -2.0910 4.9877
8.2436 -2.1107 4.9640
8.2709 -2.1321 4.9446
8.2945 -2.1544 4.9277
8.3148 -2.1775 4.9133
8.3309 -2.2021 4.9018
8.3415 -2.2289 4.8943
8.3169 -2.2720 4.9118
8.3478 -2.2888 4.8898
8.3740 -2.3072 4.8711
8.3969 -2.3267 4.8548
8.4171 -2.3470 4.8404
8.4346 -2.3683 4.8279
8.4322 -2.4000 4.8296
8.4100 -2.4428 4.8454
8.3877 -2.4862 4.8613
8.2955 -2.5707 4.9270
8.3413 -2.5757 4.8944
6.6936 -1.1511 6.0120
6.7499 -1.1990 5.9727
6.7854 -1.2468 5.9478
6.7983 -1.2954 5.9388
6.8285 -1.3422 5.9176
6.8872 -1.3856 5.8766
6.9267 -1.4297 5.8490
7.0150 -1.4672 5.7872
7.0846 -1.5050 5.7385
7.1281 -1.5448 5.7081
7.1567 -1.5859 5.6881
7.2621 -1.6137 5.6144
7.4163 -1.6304 5.5065
7.4686 -1.6627 5.4699
7.5063 -1.6966 5.4436
7.5342 -1.7317 5.4241
7.5502 -1.7688 5.4129
7.5283 -1.8144 5.4282
7.5721 -1.8444 5.3976
7.6057 -1.8759 5.3740
7.6932 -1.8921 5.3128
7.7441 -1.9166 5.2773
7.7805 -1.9441 5.2518
7.8065 -1.9740 5.2336
7.8294 -2.0042 5.2176
8.1222 -1.9452 5.0128
8.1581 -1.9668 4.9877
8.1868 -1.9900 4.9676
8.2114 -2.0141 4.9504
8.2319 -2.0391 4.9360
8.2477 -2.0655 4.9250
8.2553 -2.0948 4.9197
8.2439 -2.1317 4.9277
8.2762 -2.1504 4.9051
8.3031 -2.1706 4.8863
8.3262 -2.1920 4.8701
8.3462 -2.2142 4.8562
8.3627 -2.2376 4.8446
8.3738 -2.2632 4.8368
8.3434 -2.3090 4.8581
8.3751 -2.3242 4.8359
8.4011 -2.3416 4.8177
8.4240 -2.3600 4.8017
8.4062 -2.3998 4.8142
8.3837 -2.4426 4.8299
8.3590 -2.4873 4.8472
8.3156 -2.5432 4.8775
8.3105 -2.5777 4.8811
6.4738 -1.1047 6.1076
6.5267 -1.1554 6.0713
6.7122 -1.1988 5.9440
6.7797 -1.2447 5.8975
6.8208 -1.2908 5.8694
6.8442 -1.3375 5.8533
6.8427 -1.3859 5.8543
6.9159 -1.4265 5.8041
6.9603 -1.4688 5.7736
6.9900 -1.5120 5.7532
7.1051 -1.5425 5.6741
7.1553 -1.5802 5.6397
7.1904 -1.6191 5.6156
7.2652 -1.6504 5.5643
7.3326 -1.6812 5.5179
7.4840 -1.6940 5.4140
7.5276 -1.7257 5.3841
7.5605 -1.7588 5.3615
7.5841 -1.7933 5.3453
7.5932 -1.8307 5.3391
7.5851 -1.8724 5.3446
7.6239 -1.9017 5.3180
7.6541 -1.9325 5.2972
7.7474 -1.9442 5.2331
7.7888 -1.9695 5.2047
7.8227 -1.9962 5.1815
7.8496 -2.0244 5.1630
8.1103 -1.9732 4.9840
8.1603 -1.9893 4.9497
8.1947 -2.0099 4.9260
8.2231 -2.0320 4.9066
8.2466 -2.0552 4.8905
8.2663 -2.0794 4.8769
8.2814 -2.1050 4.8665
8.2890 -2.1335 4.8613
8.2759 -2.1706 4.8703
8.3074 -2.1883 4.8487
8.3340 -2.2075 4.8304
8.3566 -2.2280 4.8149
8.3762 -2.2494 4.8014
8.3927 -2.2718 4.7901
8.4047 -2.2961 4.7819
8.4060 -2.3256 4.7810
8.4007 -2.3585 4.7846
8.3801 -2.3997 4.7987
8.3555 -2.4436 4.8157
8.3325 -2.4871 4.8315
8.3090 -2.5314 4.8476
8.2831 -2.5777 4.8653
6.4782 -1.1035 6.0477
6.5165 -1.1542 6.0218
6.5359 -1.2049 6.0088
6.6392 -1.2503 5.9392
6.8058 -1.2890 5.8268
6.8525 -1.3335 5.7954
6.8826 -1.3784 5.7751
6.8868 -1.4253 5.7723
6.9385 -1.4667 5.7374
6.9907 -1.5068 5.7022
7.0279 -1.5478 5.6772
7.1188 -1.5799 5.6159
7.1790 -1.6148 5.5753
7.2173 -1.6522 5.5495
7.2458 -1.6904 5.5303
7.3447 -1.7143 5.4637
7.4905 -1.7262 5.3654
7.5447 -1.7547 5.3288
7.5824 -1.7857 5.3034
7.6109 -1.8182 5.2842
7.6302 -1.8523 5.2712
7.6260 -1.8921 5.2740
7.6373 -1.9278 5.2665
7.6722 -1.9565 5.2429
7.6997 -1.9865 5.2244
7.7940 -1.9952 5.1608
7.8340 -2.0192 5.1338
7.8653 -2.0452 5.1127
7.8907 -2.0724 5.0956
8.1496 -2.0160 4.9212
8.1982 -2.0308 4.8884
8.2307 -2.0507 4.8665
8.2576 -2.0721 4.8483
8.2802 -2.0945 4.8331
8.2991 -2.1179 4.8204
8.3137 -2.1428 4.8105
8.3212 -2.1704 4.8055
8.3066 -2.2078 4.8153
8.3373 -2.2246 4.7946
8.3634 -2.2430 4.7771
8.3857 -2.2625 4.7620
8.4050 -2.2830 4.7490
8.4016 -2.3146 4.7513
8.3794 -2.3560 4.7663
8.3541 -2.3995 4.7833
8.3291 -2.4434 4.8001
8.3059 -2.4870 4.8158
8.2801 -2.5325 4.8332
8.2558 -2.5777 4.8495
6.4224 -1.1038 6.0288
6.5148 -1.1527 5.9677
6.5557 -1.2020 5.9406
6.5687 -1.2518 5.9320
6.6725 -1.2952 5.8633
6.8274 -1.3322 5.7608
6.8809 -1.3748 5.7254
6.9168 -1.4180 5.7017
6.9343 -1.4625 5.6901
6.9541 -1.5064 5.6769
7.0173 -1.5438 5.6352
7.0597 -1.5829 5.6071
7.0880 -1.6233 5.5884
7.1949 -1.6496 5.5177
7.2421 -1.6843 5.4864
7.2760 -1.7205 5.4640
7.2973 -1.7586 5.4499
7.4107 -1.7762 5.3749
7.5558 -1.7840 5.2788
7.6001 -1.8127 5.2496
7.6330 -1.8432 5.2278
7.6577 -1.8750 5.2114
7.6725 -1.9091 5.2017
7.6457 -1.9546 5.2193
7.6871 -1.9805 5.1920
7.7190 -2.0084 5.1709
7.7776 -2.0271 5.1321
7.8405 -2.0430 5.0905
7.8771 -2.0665 5.0663
7.9060 -2.0919 5.0471
7.9299 -2.1184 5.0313
8.1916 -2.0551 4.8582
8.2341 -2.0706 4.8300
8.2651 -2.0897 4.8095
8.2907 -2.1104 4.7926
8.3123 -2.1321 4.7783
8.3306 -2.1548 4.7662
8.3446 -2.1790 4.7569
8.3520 -2.2059 4.7520
8.3359 -2.2435 4.7627
8.3660 -2.2595 4.7428
8.3915 -2.2770 4.7259
8.3760 -2.3145 4.7362
8.3535 -2.3558 4.7510
8.3295 -2.3986 4.7669
8.3065 -2.4413 4.7822
8.2793 -2.4868 4.8001
8.2220 -2.5498 4.8380
8.2285 -2.5777 4.8338
6.3298 -1.1575 6.0335
6.5508 -1.2002 5.8900
6.5952 -1.2479 5.8611
6.6143 -1.2963 5.8488
6.7037 -1.3387 5.7907
6.8420 -1.3746 5.7008
6.9075 -1.4149 5.6583
6.9464 -1.4567 5.6330
6.9694 -1.4995 5.6181
6.7912 -1.5691 5.7338
7.0390 -1.5802 5.5729
7.0870 -1.6173 5.5417
7.1229 -1.6554 5.5184
7.2074 -1.6839 5.4635
7.2633 -1.7159 5.4272
7.3018 -1.7502 5.4022
7.3292 -1.7861 5.3844
7.4182 -1.8074 5.3266
7.5562 -1.8151 5.2369
7.6136 -1.8397 5.1996
7.6514 -1.8681 5.1751
7.6805 -1.8980 5.1562
7.6997 -1.9300 5.1437
7.7046 -1.9658 5.1405
7.6994 -2.0045 5.1439
7.7344 -2.0307 5.1212
7.7619 -2.0586 5.1033
7.8365 -2.0698 5.0549
7.8838 -2.0890 5.0241
7.9176 -2.1119 5.0022
7.9448 -2.1366 4.9845
7.9668 -2.1626 4.9702
8.2295 -2.0931 4.7996
8.2684 -2.1086 4.7743
8.2980 -2.1270 4.7551
8.3223 -2.1471 4.7393
8.3431 -2.1681 4.7258
8.3607 -2.1902 4.7144
8.3742 -2.2137 4.7056
8.3816 -2.2398 4.7008
8.3638 -2.2779 4.7123
8.3504 -2.3143 4.7211
8.3277 -2.3557 4.7358
8.3034 -2.3985 4.7516
8.2801 -2.4412 4.7667
8.2520 -2.4871 4.7849
8.2275 -2.5316 4.8008
8.2005 -2.5781 4.8184
6.3637 -1.2066 5.9565
6.5863 -1.2460 5.8146
6.6331 -1.2921 5.7847
6.6565 -1.3391 5.7698
6.7327 -1.3808 5.7212
6.7872 -1.4230 5.6864
6.9298 -1.4541 5.5955
6.9727 -1.4943 5.5682
7.0006 -1.5355 5.5503
7.0097 -1.5789 5.5446
7.0552 -1.6163 5.5156
7.1138 -1.6506 5.4782
7.1515 -1.6872 5.4541
7.1768 -1.7254 5.4380
7.2804 -1.7473 5.3719
7.3243 -1.7795 5.3439
7.3562 -1.8134 5.3236
7.3772 -1.8492 5.3102
7.4813 -1.8641 5.2438
7.6219 -1.8673 5.1541
7.6663 -1.8931 5.1258
7.6972 -1.9217 5.1061
7.7219 -1.9514 5.0904
7.7382 -1.9831 5.0800
7.7303 -2.0220 5.0850
7.7458 -2.0535 5.0751
7.7773 -2.0793 5.0551
7.8026 -2.1065 5.0389
7.8834 -2.1134 4.9874
7.9235 -2.1334 4.9618
7.9552 -2.1557 4.9416
7.9813 -2.1795 4.9250
8.0023 -2.2048 4.9116
8.2653 -2.1297 4.7439
8.3013 -2.1449 4.7209
8.3293 -2.1629 4.7031
8.3526 -2.1823 4.6882
8.3726 -2.2027 4.6754
8.3697 -2.2334 4.6773
8.3477 -2.2733 4.6914
8.3091 -2.3219 4.7159
8.2904 -2.3613 4.7279
8.2772 -2.3984 4.7363
8.2496 -2.4433 4.7539
8.2253 -2.4870 4.7694
8.2006 -2.5315 4.7851
8.1732 -2.5781 4.8026
6.3871 -1.2546 5.8879
6.6193 -1.2902 5.7425
6.6687 -1.3349 5.7116
6.6952 -1.3804 5.6950
6.7584 -1.4218 5.6555
6.8177 -1.4621 5.6183
6.9490 -1.4924 5.5361
6.9972 -1.5308 5.5059
7.0299 -1.5704 5.4855
7.0471 -1.6117 5.4747
7.0555 -1.6540 5.4694
7.1343 -1.6837 5.4201
7.1769 -1.7184 5.3934
7.2069 -1.7547 5.3746
7.2922 -1.7788 5.3212
7.3435 -1.8084 5.2891
7.3797 -1.8405 5.2665
7.4058 -1.8742 5.2501
7.4847 -1.8939 5.2007
7.5375 -1.9188 5.1677
7.6767 -1.9186 5.0805
7.7135 -1.9448 5.0575
7.7420 -1.9726 5.0397
7.7631 -2.0021 5.0264
7.7753 -2.0340 5.0188
7.7530 -2.0770 5.0328
7.7894 -2.1005 5.0100
7.8183 -2.1258 4.9919
7.8409 -2.1527 4.9777
7.9246 -2.1562 4.9253
7.9628 -2.1754 4.9015
7.9922 -2.1973 4.8830
8.0167 -2.2205 4.8677
8.0364 -2.2452 4.8553
8.2995 -2.1646 4.6907
8.3327 -2.1797 4.6698
8.3593 -2.1972 4.6532
8.3444 -2.2333 4.6625
8.3222 -2.2733 4.6764
8.3051 -2.3112 4.6871
8.2818 -2.3526 4.7017
8.2524 -2.3976 4.7201
8.2319 -2.4386 4.7330
8.1986 -2.4869 4.7538
8.1635 -2.5369 4.7758
8.1459 -2.5780 4.7868
6.6511 -1.3330 5.6730
6.7030 -1.3761 5.6411
6.7333 -1.4202 5.6224
6.7812 -1.4617 5.5930
6.8453 -1.5002 5.5536
6.9628 -1.5303 5.4814
7.0195 -1.5665 5.4465
7.0538 -1.6048 5.4255
7.0775 -1.6442 5.4109
7.0801 -1.6867 5.4093
7.1506 -1.7165 5.3660
7.1993 -1.7491 5.3360
7.2335 -1.7836 5.3150
7.2565 -1.8198 5.3008
7.3591 -1.8372 5.2378
7.4001 -1.8673 5.2126
7.4302 -1.8991 5.1941
7.4508 -1.9328 5.1814
7.5468 -1.9454 5.1225
7.6828 -1.9445 5.0388
7.7265 -1.9679 5.0120
7.7586 -1.9939 4.9923
7.7835 -2.0216 4.9770
7.8016 -2.0508 4.9658
7.8085 -2.0835 4.9616
7.7980 -2.1222 4.9680
7.8305 -2.1455 4.9480
7.8555 -2.1709 4.9327
7.8762 -2.1975 4.9200
7.9649 -2.1967 4.8655
7.9997 -2.2158 4.8440
8.0276 -2.2371 4.8269
8.0504 -2.2599 4.8129
8.0691 -2.2840 4.8014
8.3312 -2.1984 4.6403
8.3191 -2.2332 4.6477
8.2967 -2.2732 4.6615
8.2795 -2.3111 4.6721
8.2560 -2.3525 4.6865
8.2297 -2.3958 4.7027
8.2057 -2.4385 4.7175
8.1716 -2.4870 4.7384
8.1226 -2.5443 4.7685
8.1215 -2.5764 4.7692
6.6803 -1.3746 5.6067
6.7359 -1.4160 5.5731
6.7687 -1.4587 5.5533
6.7761 -1.5038 5.5488
6.8705 -1.5373 5.4918
6.9112 -1.5764 5.4673
7.0361 -1.6018 5.3920
7.0773 -1.6381 5.3671
7.1054 -1.6758 5.3501
7.1197 -1.7155 5.3415
7.1598 -1.7497 5.3173
7.2187 -1.7793 5.2817
7.2570 -1.8120 5.2586
7.2845 -1.8464 5.2420
7.3700 -1.8663 5.1904
7.4176 -1.8938 5.1617
7.4515 -1.9239 5.1412
7.4764 -1.9556 5.1262
7.5456 -1.9743 5.0845
7.5983 -1.9964 5.0527
7.7354 -1.9916 4.9699
7.7723 -2.0155 4.9477
7.8006 -2.0413 4.9306
7.8227 -2.0686 4.9172
7.8378 -2.0978 4.9082
7.8362 -2.1327 4.9091
7.8390 -2.1660 4.9074
7.8684 -2.1892 4.8897
7.8923 -2.2138 4.8753
7.9531 -2.2231 4.8386
8.0033 -2.2355 4.8083
8.0352 -2.2545 4.7891
8.0613 -2.2754 4.7733
8.0828 -2.2977 4.7603
8.1005 -2.3213 4.7496
8.2580 -2.2793 4.6546
8.2539 -2.3110 4.6571
8.2302 -2.3523 4.6714
8.2037 -2.3956 4.6873
8.1795 -2.4383 4.7020
8.1450 -2.4869 4.7228
8.1196 -2.5313 4.7381
8.0942 -2.5764 4.7534
8.0684 -2.6222 4.7690
6.7072 -1.4149 5.5432
6.7688 -1.4545 5.5067
6.8035 -1.4959 5.4862
6.8152 -1.5395 5.4792
6.8964 -1.5731 5.4311
6.9395 -1.6108 5.4056
7.0519 -1.6363 5.3390
7.0985 -1.6707 5.3114
7.1304 -1.7069 5.2925
7.1505 -1.7446 5.2806
7.1422 -1.7876 5.2855
7.2348 -1.8092 5.2306
7.2779 -1.8400 5.2051
7.3091 -1.8726 5.1866
7.3685 -1.8976 5.1514
7.4318 -1.9203 5.1139
7.4701 -1.9484 5.0912
7.4985 -1.9784 5.0744
7.5198 -2.0099 5.0618
7.6056 -2.0215 5.0110
7.7380 -2.0167 4.9325
7.7827 -2.0374 4.9060
7.8149 -2.0612 4.8870
7.8403 -2.0867 4.8719
7.8584 -2.1143 4.8612
7.8701 -2.1438 4.8543
7.8447 -2.1870 4.8693
7.8784 -2.2079 4.8494
7.9052 -2.2308 4.8335
7.9269 -2.2552 4.8206
7.9985 -2.2582 4.7782
8.0391 -2.2730 4.7541
8.0691 -2.2916 4.7363
8.0934 -2.3122 4.7220
8.1138 -2.3340 4.7099
8.1303 -2.3572 4.7001
8.1417 -2.3826 4.6934
8.1778 -2.3955 4.6720
8.1434 -2.4432 4.6923
8.1183 -2.4868 4.7072
8.0926 -2.5314 4.7225
8.0669 -2.5764 4.7376
6.7354 -1.4538 5.4805
6.8003 -1.4917 5.4427
6.8350 -1.5320 5.4225
6.8508 -1.5741 5.4133
6.9185 -1.6082 5.3740
6.9663 -1.6441 5.3462
7.0625 -1.6707 5.2902
7.1175 -1.7027 5.2582
7.1530 -1.7372 5.2376
7.1773 -1.7733 5.2234
7.1867 -1.8120 5.2180
7.2456 -1.8395 5.1837
7.2961 -1.8676 5.1543
7.3310 -1.8985 5.1340
7.3563 -1.9311 5.1194
7.4419 -1.9472 5.0695
7.4838 -1.9735 5.0451
7.5172 -2.0013 5.0257
7.5424 -2.0309 5.0111
7.5988 -2.0503 4.9783
7.6566 -2.0681 4.9447
7.7892 -2.0599 4.8675
7.8251 -2.0819 4.8467
7.8538 -2.1056 4.8300
7.8762 -2.1310 4.8169
7.8930 -2.1580 4.8072
7.9004 -2.1883 4.8029
7.8853 -2.2273 4.8116
7.9154 -2.2483 4.7941
7.9401 -2.2708 4.7797
7.9599 -2.2950 4.7682
8.0370 -2.2937 4.7234
8.0734 -2.3090 4.7022
8.1012 -2.3274 4.6861
8.1242 -2.3475 4.6727
8.1437 -2.3688 4.6614
8.1338 -2.4041 4.6671
8.1089 -2.4471 4.6816
8.0917 -2.4867 4.6916
8.0607 -2.5339 4.7096
8.0396 -2.5764 4.7219
6.7591 -1.4919 5.4218
6.8283 -1.5279 5.3822
6.8646 -1.5670 5.3615
6.8817 -1.6081 5.3517
6.9387 -1.6426 5.3192
6.9913 -1.6766 5.2891
7.0237 -1.7131 5.2707
7.1339 -1.7341 5.2077
7.1736 -1.7670 5.1851
7.2014 -1.8015 5.1692
7.2174 -1.8380 5.1600
7.0854 -1.9086 5.2354
7.3115 -1.8950 5.1063
7.3506 -1.9241 5.0840
7.3792 -1.9550 5.0676
7.4346 -1.9781 5.0360
7.4959 -1.9982 5.0010
7.5336 -2.0241 4.9795
7.5620 -2.0520 4.9633
7.5827 -2.0817 4.9514
7.6607 -2.0922 4.9069
7.7875 -2.0847 4.8345
7.8331 -2.1027 4.8084
7.8658 -2.1244 4.7898
7.8912 -2.1481 4.7753
7.9115 -2.1732 4.7637
7.9255 -2.2003 4.7557
7.9266 -2.2324 4.7551
7.9229 -2.2663 4.7572
7.9507 -2.2871 4.7413
7.9732 -2.3095 4.7284
7.9915 -2.3333 4.7180
8.0731 -2.3281 4.6714
8.1062 -2.3436 4.6525
8.1320 -2.3619 4.6378
8.1076 -2.4040 4.6517
8.0826 -2.4469 4.6660
8.0596 -2.4894 4.6791
8.0337 -2.5338 4.6939
6.6466 -1.5460 5.4407
6.8561 -1.5630 5.3233
6.8934 -1.6009 5.3023
6.9134 -1.6407 5.2912
6.9564 -1.6763 5.2670
7.0154 -1.7081 5.2340
7.0496 -1.7433 5.2148
7.1472 -1.7652 5.1601
7.1920 -1.7962 5.1349
7.2228 -1.8292 5.1177
7.2434 -1.8640 5.1061
7.2482 -1.9021 5.1034
7.3232 -1.9226 5.0614
7.3678 -1.9494 5.0364
7.4008 -1.9784 5.0179
7.4230 -2.0098 5.0054
7.5039 -2.0235 4.9601
7.5474 -2.0469 4.9357
7.5791 -2.0730 4.9179
7.6032 -2.1010 4.9044
7.6193 -2.1311 4.8953
7.7087 -2.1356 4.8452
7.8369 -2.1245 4.7734
7.8752 -2.1436 4.7519
7.9038 -2.1655 4.7359
7.9268 -2.1890 4.7230
7.9445 -2.2141 4.7131
7.9553 -2.2416 4.7070
7.9270 -2.2853 4.7229
7.9588 -2.3038 4.7050
7.9840 -2.3246 4.6909
8.0051 -2.3466 4.6791
8.0213 -2.3705 4.6700
8.1063 -2.3616 4.6223
8.0814 -2.4039 4.6363
8.0372 -2.4561 4.6611
8.0329 -2.4893 4.6635
8.0068 -2.5337 4.6781
7.9863 -2.5757 4.6896
6.6670 -1.5834 5.3850
6.8824 -1.5971 5.2664
6.9209 -1.6338 5.2453
6.9434 -1.6723 5.2329
6.9662 -1.7104 5.2203
7.0376 -1.7389 5.1810
7.0744 -1.7727 5.1607
7.1554 -1.7966 5.1162
7.2083 -1.8250 5.0871
7.2423 -1.8565 5.0683
7.2664 -1.8897 5.0551
7.2793 -1.9252 5.0480
7.3274 -1.9513 5.0215
7.3857 -1.9737 4.9894
7.4197 -2.0016 4.9707
7.4450 -2.0314 4.9568
7.5002 -2.0516 4.9264
7.5585 -2.0698 4.8943
7.5940 -2.0941 4.8748
7.6210 -2.1204 4.8599
7.6412 -2.1486 4.8488
7.7087 -2.1596 4.8116
7.8251 -2.1515 4.7476
7.8813 -2.1634 4.7166
7.9139 -2.1832 4.6987
7.9397 -2.2050 4.6845
7.9602 -2.2285 4.6732
7.9755 -2.2536 4.6648
7.9829 -2.2819 4.6607
7.9639 -2.3214 4.6712
7.9923 -2.3402 4.6555
8.0160 -2.3606 4.6425
8.0350 -2.3827 4.6320
8.0499 -2.4063 4.6238
8.0429 -2.4403 4.6277
8.0061 -2.4892 4.6479
7.9777 -2.5347 4.6636
7.9591 -2.5757 4.6738
7.9317 -2.6216 4.6889
6.9068 -1.6303 5.2119
6.9474 -1.6657 5.1900
6.9718 -1.7031 5.1768
6.9759 -1.7437 5.1746
7.0589 -1.7689 5.1298
7.0977 -1.8014 5.1088
7.1226 -1.8361 5.0953
7.2222 -1.8534 5.0415
7.2601 -1.8833 5.0210
7.2872 -1.9150 5.0064
7.3047 -1.9487 4.9969
7.3039 -1.9869 4.9974
7.3984 -1.9986 4.9463
7.4363 -2.0247 4.9258
7.4645 -2.0529 4.9106
7.4847 -2.0830 4.8997
7.5659 -2.0933 4.8558
7.6067 -2.1152 4.8337
7.6367 -2.1398 4.8175
7.6613 -2.1658 4.8042
7.6776 -2.1942 4.7954
7.7582 -2.1986 4.7519
7.8823 -2.1847 4.6848
7.9215 -2.2014 4.6636
7.9504 -2.2215 4.6480
7.9735 -2.2433 4.6355
7.9919 -2.2667 4.6256
8.0049 -2.2920 4.6186
8.0074 -2.3216 4.6172
7.9982 -2.3565 4.6221
8.0246 -2.3752 4.6079
8.0420 -2.3975 4.5985
8.0164 -2.4403 4.6124
7.9236 -2.5167 4.6625
7.9578 -2.5311 4.6440
7.9319 -2.5756 4.6580
6.9305 -1.6626 5.1590
6.9729 -1.6967 5.1365
6.9988 -1.7329 5.1228
7.0077 -1.7720 5.1181
7.0784 -1.7982 5.0806
7.1202 -1.8292 5.0584
7.1469 -1.8628 5.0442
7.2333 -1.8818 4.9984
7.2762 -1.9096 4.9756
7.3061 -1.9399 4.9598
7.3269 -1.9721 4.9487
7.3386 -2.0062 4.9425
7.4077 -2.0238 4.9059
7.4508 -2.0477 4.8830
7.4819 -2.0743 4.8665
7.5053 -2.1028 4.8541
7.5645 -2.1191 4.8227
7.6169 -2.1365 4.7949
7.6514 -2.1589 4.7766
7.6775 -2.1838 4.7627
7.6972 -2.2104 4.7523
7.7548 -2.2223 4.7217
7.8011 -2.2374 4.6971
7.9258 -2.2205 4.6310
7.9589 -2.2383 4.6134
7.9847 -2.2585 4.5997
8.0055 -2.2803 4.5887
8.0217 -2.3037 4.5801
8.0319 -2.3295 4.5747
8.0240 -2.3633 4.5789
8.0157 -2.3975 4.5833
7.9898 -2.4403 4.5970
7.9562 -2.4873 4.6148
7.9293 -2.5318 4.6291
7.9048 -2.5755 4.6422
6.9527 -1.6941 5.1081
6.9970 -1.7269 5.0850
7.0248 -1.7619 5.0705
7.0370 -1.7996 5.0642
7.0964 -1.8270 5.0332
7.1410 -1.8565 5.0100
7.1698 -1.8888 4.9950
7.2394 -1.9106 4.9587
7.2893 -1.9360 4.9328
7.3215 -1.9650 4.9160
7.3464 -1.9953 4.9030
7.3625 -2.0276 4.8946
7.4077 -2.0511 4.8710
7.4631 -2.0706 4.8422
7.4976 -2.0955 4.8242
7.5236 -2.1225 4.8107
7.5422 -2.1514 4.8010
7.6242 -2.1582 4.7583
7.6629 -2.1786 4.7382
7.6917 -2.2018 4.7232
7.7142 -2.2268 4.7114
7.7300 -2.2539 4.7032
7.8039 -2.2578 4.6647
7.9236 -2.2417 4.6023
7.9649 -2.2557 4.5808
7.9939 -2.2741 4.5658
8.0170 -2.2944 4.5537
8.0358 -2.3161 4.5439
8.0350 -2.3464 4.5443
8.0098 -2.3880 4.5574
7.9633 -2.4402 4.5817
7.9295 -2.4873 4.5993
7.9023 -2.5317 4.6135
7.8832 -2.5726 4.6234
7.8553 -2.6184 4.6379
6.9737 -1.7248 5.0588
7.0204 -1.7562 5.0349
7.0494 -1.7902 5.0201
7.0647 -1.8265 5.0123
7.1129 -1.8553 4.9876
7.1613 -1.8830 4.9629
7.1916 -1.9142 4.9474
7.2104 -1.9476 4.9378
7.2980 -1.9627 4.8930
7.3366 -1.9894 4.8733
7.3642 -2.0183 4.8591
7.3836 -2.0490 4.8492
7.3917 -2.0828 4.8451
7.4726 -2.0938 4.8037
7.5115 -2.1166 4.7838
7.5400 -2.1421 4.7692
7.5601 -2.1699 4.7589
7.6235 -2.1821 4.7265
7.6721 -2.1984 4.7017
7.7040 -2.2199 4.6854
7.7290 -2.2434 4.6726
7.7479 -2.2687 4.6629
7.7939 -2.2829 4.6394
7.8457 -2.2937 4.6129
7.9674 -2.2741 4.5507
8.0009 -2.2901 4.5336
8.0265 -2.3088 4.5204
8.0094 -2.3462 4.5292
7.9840 -2.3879 4.5422
7.9223 -2.4470 4.5737
7.9028 -2.4872 4.5837
7.8747 -2.5320 4.5981
7.8562 -2.5725 4.6076
7.8280 -2.6183 4.6220
6.9931 -1.7548 5.0114
7.0428 -1.7847 4.9864
7.0732 -1.8176 4.9712
7.0903 -1.8529 4.9626
7.1258 -1.8836 4.9448
7.1800 -1.9091 4.9176
7.2126 -1.9389 4.9012
7.2370 -1.9702 4.8890
7.3054 -1.9892 4.8547
7.3498 -2.0135 4.8324
7.3801 -2.0410 4.8172
7.4022 -2.0703 4.8060
7.4155 -2.1019 4.7994
7.4774 -2.1179 4.7683
7.5234 -2.1377 4.7452
7.5540 -2.1619 4.7298
7.5776 -2.1879 4.7180
7.5944 -2.2159 4.7096
7.6782 -2.2189 4.6675
7.7146 -2.2381 4.6492
7.7420 -2.2601 4.6355
7.7636 -2.2839 4.6246
7.7790 -2.3097 4.6169
7.8467 -2.3134 4.5829
7.9610 -2.2960 4.5256
8.0051 -2.3069 4.5034
7.9838 -2.3461 4.5141
7.9582 -2.3877 4.5269
7.8933 -2.4481 4.5595
7.8760 -2.4872 4.5682
7.8464 -2.5326 4.5831
7.8291 -2.5724 4.5917
7.0109 -1.7843 4.9658
7.0641 -1.8125 4.9396
7.0959 -1.8444 4.9239
7.1150 -1.8785 4.9145
7.1143 -1.9168 4.9149
7.1989 -1.9343 4.8732
7.2349 -1.9625 4.8554
7.2582 -1.9933 4.8439
7.3013 -2.0182 4.8227
7.3612 -2.0375 4.7932
7.3946 -2.0635 4.7767
7.4191 -2.0915 4.7646
7.4359 -2.1214 4.7564
7.4411 -2.1547 4.7538
7.5328 -2.1591 4.7086
7.5673 -2.1813 4.6916
7.5933 -2.2059 4.6788
7.6128 -2.2323 4.6692
7.6790 -2.2409 4.6366
7.7230 -2.2567 4.6149
7.7533 -2.2770 4.5999
7.7772 -2.2993 4.5882
7.7955 -2.3234 4.5792
7.8074 -2.3499 4.5733
7.8876 -2.3466 4.5338
7.9583 -2.3459 4.4990
7.8938 -2.4050 4.5307
7.8670 -2.4479 4.5439
7.8593 -2.4824 4.5477
7.8317 -2.5266 4.5613
7.7983 -2.5742 4.5778
7.0252 -1.8136 4.9228
7.0848 -1.8396 4.8940
7.1176 -1.8705 4.8781
7.1376 -1.9037 4.8685
7.1391 -1.9409 4.8677
7.2160 -1.9591 4.8305
7.2535 -1.9861 4.8124
7.2786 -2.0158 4.8002
7.2929 -2.0481 4.7933
7.3705 -2.0615 4.7558
7.4078 -2.0856 4.7377
7.4346 -2.1123 4.7248
7.4541 -2.1408 4.7154
7.4668 -2.1712 4.7092
7.5396 -2.1808 4.6740
7.5786 -2.2009 4.6551
7.6074 -2.2238 4.6412
7.6293 -2.2488 4.6306
7.6448 -2.2758 4.6231
7.7287 -2.2758 4.5825
7.7630 -2.2940 4.5659
7.7891 -2.3148 4.5533
7.8099 -2.3375 4.5432
7.8250 -2.3621 4.5359
7.8859 -2.3663 4.5065
7.8678 -2.4048 4.5152
7.8444 -2.4461 4.5265
7.8327 -2.4823 4.5322
7.8049 -2.5265 4.5456
7.7712 -2.5741 4.5620
7.7424 -2.6199 4.5759
7.1044 -1.8661 4.8499
7.1361 -1.8964 4.8348
7.1569 -1.9288 4.8250
7.1644 -1.9640 4.8214
7.2313 -1.9837 4.7896
7.2711 -2.0093 4.7707
7.2977 -2.0379 4.7581
7.3142 -2.0690 4.7503
7.3762 -2.0860 4.7208
7.4194 -2.1077 4.7003
7.4489 -2.1329 4.6863
7.4718 -2.1597 4.6754
7.4866 -2.1889 4.6684
7.5387 -2.2047 4.6437
7.5882 -2.2205 4.6202
7.6198 -2.2418 4.6052
7.6442 -2.2653 4.5935
7.6623 -2.2908 4.5850
7.7297 -2.2963 4.5530
7.7708 -2.3113 4.5334
7.7996 -2.3305 4.5198
7.8225 -2.3517 4.5089
7.8401 -2.3748 4.5005
7.8521 -2.4000 4.4948
7.8260 -2.4423 4.5072
7.8062 -2.4822 4.5166
7.7693 -2.5306 4.5342
7.7441 -2.5740 4.5461
7.1208 -1.8925 4.8082
7.1560 -1.9213 4.7918
7.1786 -1.9525 4.7813
7.1886 -1.9865 4.7766
7.2450 -2.0080 4.7503
7.2881 -2.0320 4.7302
7.3163 -2.0595 4.7171
7.3346 -2.0894 4.7086
7.3672 -2.1145 4.6933
7.4296 -2.1296 4.6643
7.4623 -2.1532 4.6490
7.4867 -2.1789 4.6376
7.5042 -2.2066 4.6295
7.5132 -2.2369 4.6253
7.5954 -2.2404 4.5870
7.6307 -2.2599 4.5705
7.6573 -2.2820 4.5581
7.6779 -2.3059 4.5485
7.6922 -2.3321 4.5419
7.7761 -2.3291 4.5027
7.8085 -2.3464 4.4877
7.8335 -2.3662 4.4760
7.8267 -2.3996 4.4792
7.7997 -2.4422 4.4918
7.7369 -2.5018 4.5210
7.6939 -2.5533 4.5411
7.7170 -2.5739 4.5303
7.1390 -1.9177 4.7665
7.1752 -1.9455 4.7500
7.1992 -1.9757 4.7390
7.2117 -2.0085 4.7333
7.2562 -2.0323 4.7129
7.3038 -2.0543 4.6911
7.3335 -2.0807 4.6775
7.3535 -2.1095 4.6684
7.3631 -2.1412 4.6640
7.4369 -2.1519 4.6303
7.4735 -2.1736 4.6135
7.5000 -2.1981 4.6014
7.5199 -2.2244 4.5923
7.5327 -2.2529 4.5864
7.5986 -2.2614 4.5563
7.6401 -2.2779 4.5373
7.6691 -2.2986 4.5240
7.6917 -2.3212 4.5136
7.7087 -2.3458 4.5059
7.7773 -2.3484 4.4745
7.8157 -2.3626 4.4569
7.8006 -2.3995 4.4639
7.7733 -2.4421 4.4763
7.7101 -2.5016 4.5052
7.6953 -2.5398 4.5120
7.6891 -2.5742 4.5149
7.6594 -2.6201 4.5284
7.1562 -1.9424 4.7262
7.1940 -1.9691 4.7092
7.2189 -1.9984 4.6980
7.2333 -2.0301 4.6916
7.2631 -2.0572 4.6782
7.3191 -2.0761 4.6530
7.3503 -2.1014 4.6390
7.3724 -2.1290 4.6291
7.3839 -2.1595 4.6239
7.4406 -2.1749 4.5985
7.4835 -2.1939 4.5792
7.5124 -2.2170 4.5662
7.5341 -2.2421 4.5565
7.5496 -2.2691 4.5495
7.5558 -2.2993 4.5467
7.6476 -2.2963 4.5055
7.6796 -2.3152 4.4911
7.7041 -2.3366 4.4801
7.7235 -2.3597 4.4714
7.7367 -2.3850 4.4655
7.7745 -2.3994 4.4485
7.7121 -2.4575 4.4765
7.6834 -2.5015 4.4894
7.6848 -2.5321 4.4888
7.6620 -2.5741 4.4990
7.6321 -2.6200 4.5125
7.1723 -1.9667 4.6871
7.2123 -1.9920 4.6695
7.2382 -2.0204 4.6581
7.2539 -2.0512 4.6511
7.2539 -2.0863 4.6511
7.3330 -2.0977 4.6163
7.3676 -2.1213 4.6010
7.3900 -2.1482 4.5912
7.4036 -2.1775 4.5851
7.4008 -2.2121 4.5864
7.4919 -2.2142 4.5462
7.5236 -2.2358 4.5323
7.5472 -2.2597 4.5219
7.5648 -2.2854 4.5141
7.5753 -2.3135 4.5095
7.6520 -2.3155 4.4757
7.6888 -2.3320 4.4595
7.7154 -2.3520 4.4477
7.7364 -2.3739 4.4385
7.7377 -2.4039 4.4379
7.7094 -2.4468 4.4504
7.6734 -2.4938 4.4662
7.6607 -2.5308 4.4719
7.6349 -2.5741 4.4832
7.1880 -1.9904 4.6490
7.2294 -2.0146 4.6311
7.2565 -2.0421 4.6194
7.2737 -2.0718 4.6119
7.2776 -2.1053 4.6102
7.3484 -2.1182 4.5796
7.3826 -2.1413 4.5648
7.4064 -2.1671 4.5545
7.4217 -2.1954 4.5479
7.4251 -2.2274 4.5464
7.4978 -2.2349 4.5150
7.5333 -2.2546 4.4996
7.5592 -2.2772 4.4884
7.5787 -2.3017 4.4800
7.5921 -2.3282 4.4742
7.6496 -2.3369 4.4493
7.6960 -2.3491 4.4293
7.7255 -2.3674 4.4165
7.7116 -2.4037 4.4225
7.6830 -2.4467 4.4349
7.6559 -2.4896 4.4466
7.6264 -2.5340 4.4593
7.6126 -2.5717 4.4653
7.2016 -2.0139 4.6125
7.2461 -2.0366 4.5936
7.2741 -2.0632 4.5818
7.2919 -2.0923 4.5742
7.2997 -2.1240 4.5708
7.3605 -2.1391 4.5451
7.3973 -2.1607 4.5294
7.4224 -2.1856 4.5188
7.4393 -2.2128 4.5116
7.4457 -2.2433 4.5089
7.4998 -2.2566 4.4859
7.5418 -2.2734 4.4681
7.5699 -2.2946 4.4562
7.5914 -2.3179 4.4470
7.6071 -2.3431 4.4404
7.6156 -2.3709 4.4368
7.7010 -2.3666 4.4005
7.6854 -2.4036 4.4071
7.6532 -2.4481 4.4208
7.6294 -2.4894 4.4309
7.5997 -2.5338 4.4435
7.5875 -2.5708 4.4487
7.5572 -2.6164 4.4616
7.2145 -2.0371 4.5770
7.2607 -2.0586 4.5578
7.2902 -2.0841 4.5455
7.3101 -2.1120 4.5372
7.3198 -2.1427 4.5332
7.3717 -2.1597 4.5115
7.4110 -2.1800 4.4952
7.4373 -2.2039 4.4842
7.4555 -2.2301 4.4767
7.4648 -2.2591 4.4727
7.3888 -2.3192 4.5044
7.5489 -2.2922 4.4377
7.5798 -2.3119 4.4249
7.6028 -2.3341 4.4153
7.6206 -2.3580 4.4079
7.6322 -2.3841 4.4030
7.6593 -2.4035 4.3918
7.6257 -2.4484 4.4057
7.6029 -2.4892 4.4152
7.5782 -2.5313 4.4255
7.5605 -2.5707 4.4329
7.5300 -2.6163 4.4456
7.2225 -2.0610 4.5442
7.2757 -2.0798 4.5225
7.3065 -2.1044 4.5099
7.3273 -2.1314 4.5014
7.3391 -2.1610 4.4966
7.3805 -2.1806 4.4796
7.4240 -2.1988 4.4618
7.4517 -2.2217 4.4505
7.4712 -2.2470 4.4426
7.4827 -2.2748 4.4379
7.4781 -2.3084 4.4398
7.5539 -2.3115 4.4088
7.5884 -2.3293 4.3947
7.6136 -2.3501 4.3844
7.6327 -2.3730 4.3765
7.6456 -2.3982 4.3713
7.6121 -2.4429 4.3850
7.5866 -2.4847 4.3954
7.5855 -2.5161 4.3959
7.5335 -2.5706 4.4171
7.2904 -2.1005 4.4880
7.3222 -2.1242 4.4752
7.3440 -2.1504 4.4665
7.3571 -2.1790 4.4612
7.3858 -2.2022 4.4497
7.4365 -2.2174 4.4294
7.4656 -2.2392 4.4177
7.4861 -2.2637 4.4095
7.4992 -2.2904 4.4042
7.5007 -2.3213 4.4036
7.5540 -2.3322 4.3823
7.5956 -2.3467 4.3656
7.6230 -2.3663 4.3546
7.6183 -2.3986 4.3565
7.5844 -2.4433 4.3701
7.5860 -2.4733 4.3694
7.5594 -2.5157 4.3801
7.5101 -2.5688 4.3999
7.4800 -2.6140 4.4119
7.3047 -2.1208 4.4543
7.3375 -2.1435 4.4414
7.3602 -2.1689 4.4325
7.3746 -2.1966 4.4268
7.3767 -2.2283 4.4260
7.4479 -2.2358 4.3979
7.4786 -2.2566 4.3859
7.5003 -2.2801 4.3773
7.5149 -2.3058 4.3716
7.5199 -2.3350 4.3696
7.4506 -2.3933 4.3969
7.6015 -2.3643 4.3375
7.5909 -2.3990 4.3417
7.5568 -2.4438 4.3551
7.5626 -2.4720 4.3528
7.5334 -2.5154 4.3643
7.4843 -2.5682 4.3836
7.4540 -2.6134 4.3956
7.3177 -2.1409 4.4218
7.3523 -2.1624 4.4084
7.3758 -2.1871 4.3994
7.3912 -2.2140 4.3934
7.3964 -2.2441 4.3914
7.4591 -2.2538 4.3672
7.4912 -2.2735 4.3548
7.5142 -2.2961 4.3459
7.5299 -2.3210 4.3399
7.5376 -2.3487 4.3369
7.4648 -2.4083 4.3650
7.5635 -2.3994 4.3269
7.4812 -2.4641 4.3586
7.5368 -2.4716 4.3372
7.5074 -2.5151 4.3485
7.4585 -2.5676 4.3674
7.3304 -2.1605 4.3900
7.3663 -2.1811 4.3764
7.3906 -2.2049 4.3672
7.4070 -2.2310 4.3609
7.4143 -2.2600 4.3582
7.4685 -2.2720 4.3376
7.5032 -2.2903 4.3245
7.5270 -2.3120 4.3155
7.5440 -2.3359 4.3091
7.5537 -2.3625 4.3054
7.5473 -2.3953 4.3078
7.4753 -2.4554 4.3351
7.4437 -2.4997 4.3471
7.3422 -2.1800 4.3591
7.3800 -2.1993 4.3451
7.4051 -2.2224 4.3357
7.4225 -2.2476 4.3292
7.4315 -2.2756 4.3259
7.4775 -2.2899 4.3088
7.5145 -2.3068 4.2951
7.5395 -2.3276 4.2858
7.5511 -2.3532 4.2815
7.5217 -2.3951 4.2924
7.4486 -2.4554 4.3196
7.4167 -2.4997 4.3314
7.3528 -2.1993 4.3292
7.3933 -2.2172 4.3144
7.4193 -2.2394 4.3050
7.4374 -2.2640 4.2984
7.4478 -2.2910 4.2946
7.4842 -2.3082 4.2813
7.5255 -2.3229 4.2663
7.5236 -2.3538 4.2670
7.4939 -2.3957 4.2778
7.4219 -2.4553 4.3040
7.3836 -2.5022 4.3180
7.3623 -2.2185 4.3002
7.4059 -2.2348 4.2847
7.4327 -2.2562 4.2751
7.4515 -2.2801 4.2684
7.4632 -2.3063 4.2642
7.4869 -2.3277 4.2557
7.4961 -2.3543 4.2524
7.4662 -2.3962 4.2631
7.3729 -2.4642 4.2964
7.3901 -2.4883 4.2903
7.3782 -2.5244 4.2946
7.3695 -2.2381 4.2726
7.4179 -2.2521 4.2556
7.4457 -2.2727 4.2459
7.4654 -2.2958 4.2390
7.4409 -2.3351 4.2476
7.3945 -2.3833 4.2639
7.4013 -2.4114 4.2615
7.3603 -2.4585 4.2758
7.3823 -2.4805 4.2681
7.3507 -2.5246 4.2792
7.4297 -2.2691 4.2272
7.4433 -2.2943 4.2225
7.4133 -2.3356 4.2329
7.3930 -2.3737 4.2399
7.3853 -2.4073 4.2425
7.3549 -2.4500 4.2530
7.3551 -2.4807 4.2529
7.3233 -2.5248 4.2638
7.4160 -2.2948 4.2079
7.3857 -2.3361 4.2181
7.3822 -2.3678 4.2193
7.3589 -2.4072 4.2272
7.3282 -2.4499 4.2375
7.3279 -2.4809 4.2376
7.3582 -2.3669 4.2033
7.3324 -2.4072 4.2118
