ply
format ascii 1.0
element vertex 10000
property float x
property float y
property float z
end_header
5.1375 -2.7961 6.4032
3.7108 -0.0933 4.2603
-0.1972 -2.3191 4.2727
-1.6431 -2.1051 3.8640
-1.3551 1.1328 10.4823
4.9222 1.7181 15.2740
2.5506 -0.9217 8.6442
4.6223 -1.5269 7.7265
0.4525 -0.7522 5.5495
0.6965 2.0593 13.5133
7.6112 -1.1457 11.1205
6.4752 -2.7161 7.3353
3.8687 -1.6451 6.6280
-23.6231 6.9318 9.1766
5.9498 -2.1962 8.0678
4.9153 -2.4297 6.2753
-8.9864 1.5607 6.9275
1.8197 0.7045 11.4625
4.8685 -2.1894 6.3662
2.1129 2.6480 15.5044
3.9568 -1.6250 6.5456
-8.5107 2.5425 9.1586
2.9329 -0.9592 7.3089
-0.7414 -1.5537 5.4836
-5.7155 -0.3335 5.0422
-5.1170 -0.7546 4.5488
3.6940 -0.3458 4.3388
-0.4427 0.7046 10.1559
-0.1459 -1.0980 6.7355
3.9217 -2.8904 5.5132
5.8123 -2.0488 6.8256
10.7843 1.2683 17.7633
1.1382 -1.0247 7.6233
-4.5682 -0.9477 4.4811
-7.0003 3.6206 12.1791
2.1550 -2.2846 4.6547
3.8282 -2.3890 5.6095
8.6233 -0.1056 13.7775
-24.9276 6.1633 6.8920
-0.8835 -1.8439 4.8233
4.7394 -2.2285 6.2598
1.5466 -1.5815 5.6614
2.5334 -2.2802 4.8310
2.9262 -1.7678 5.8993
2.6048 -2.4632 4.9906
4.7233 -2.9605 5.8364
-3.3509 1.0674 9.1992
6.9088 -2.6628 7.6918
0.6707 -1.5161 5.5181
6.2870 -2.1057 8.4428
10.1186 0.3369 15.5229
-1.1287 -2.2065 3.9592
3.1452 -2.7028 5.4386
11.5066 2.1506 19.9384
5.0626 -2.3362 6.3108
2.5004 -1.8023 5.7552
0.6081 5.2883 19.8963
3.8730 -1.9926 5.9986
5.4499 -2.2727 6.7924
5.7727 1.0672 14.4682
3.7224 -0.0703 4.2688
1.1256 -0.2226 9.2141
-0.5383 -2.2591 4.1952
5.2989 0.7616 13.5855
-2.8048 -1.7537 3.8935
4.1205 -2.0765 5.8203
3.9515 -1.7621 6.4603
-19.3465 4.7191 7.2375
3.9099 5.0914 21.4109
1.5458 -2.6961 4.5282
0.7333 -0.2603 8.9125
0.0781 -2.7473 3.5786
-6.1891 -0.4729 4.4910
4.0582 -1.6758 6.4538
3.2461 -2.8473 5.2089
-0.2245 -2.5835 3.7302
-9.9144 4.5446 12.3372
-2.1318 -1.9144 3.9619
6.8832 -2.2494 8.5009
4.8000 -2.3855 6.1907
-6.2051 1.8001 9.0108
-1.0363 -1.5890 5.2428
1.4079 -2.8954 4.0514
7.4216 -2.3673 8.5769
2.6236 -2.2653 4.8452
7.3189 4.9023 23.0029
6.1753 0.5403 13.6508
5.7284 -1.9688 8.3931
4.1664 -2.0611 5.8755
4.6402 -2.5859 6.2163
4.4501 -2.1020 5.9412
4.0791 -1.1838 8.0312
0.1774 -2.2279 4.6708
2.7758 -1.8949 5.7078
7.0346 3.3536 19.7529
1.6708 -1.8472 5.1947
3.1682 -1.1955 7.2699
-0.5674 5.2882 19.2173
6.8463 -2.7724 7.4374
-3.2945 -0.6956 5.7189
-1.2119 -1.1218 6.0725
2.0605 1.8841 13.9520
-3.6779 0.8799 8.6368
5.7910 -2.6831 7.0059
1.8876 -2.0859 4.8507
2.4743 -1.5486 6.2082
-14.1090 2.5424 5.9252
0.7901 -2.7221 4.0400
-5.2888 -0.4390 5.0786
6.2942 -2.7784 7.1066
7.8704 -0.7259 12.1067
4.1280 -0.2975 10.7990
7.4083 -2.3673 8.5692
3.0370 -1.7335 6.3023
7.2928 -0.9219 11.3825
7.1456 -0.1845 12.7670
7.2080 -2.3294 8.5290
3.0579 -1.7317 6.1147
7.7675 2.2444 17.9660
6.2113 -0.2228 12.1510
4.7096 -0.2975 11.1348
2.4122 -1.4770 6.3153
-0.9693 0.3865 9.2180
7.8461 -1.2142 11.1198
-9.0246 1.5607 6.9054
1.8629 -2.8636 4.3776
4.4840 -1.0742 9.4570
6.8194 -2.1519 8.6583
0.3407 -0.9994 7.2130
4.0819 -2.7414 5.9027
6.0726 -2.7903 6.9549
3.1518 0.0185 10.8649
4.7111 -0.6657 10.4020
3.0307 -2.8473 5.0845
7.6818 4.7204 22.8500
4.9291 -2.8693 6.1372
0.5637 -2.5532 4.2458
4.7521 -1.5726 7.7260
5.3493 -2.0368 7.1190
7.4619 -2.2597 8.8145
7.8629 -1.1223 11.3126
7.3394 -2.1743 8.9139
2.7989 -2.8798 4.8859
-0.1669 -2.4122 4.1047
5.8901 -1.7707 6.6903
-0.7031 -2.4298 3.7600
7.9019 -0.9998 11.5791
3.7453 -1.3275 6.9674
6.7589 -0.0650 12.7817
6.0895 -1.5541 9.4279
-10.1546 1.0035 5.1426
7.6294 -1.3011 10.8214
5.0096 -2.9461 6.0306
5.3258 -2.4318 6.4888
1.6359 -2.8472 4.2792
-1.9252 -2.0324 3.8461
3.4927 -2.9410 5.1645
2.2807 -2.7286 4.8879
0.7844 -2.8190 3.8436
3.8324 -2.7600 5.7215
4.4708 -2.7961 6.0183
-12.4728 5.9306 13.6215
-16.9988 5.7067 10.5614
5.6502 -2.9112 6.4700
4.1246 6.1655 23.6751
2.9828 -2.8417 5.0679
-1.4105 -0.8676 6.4642
2.4589 -2.9410 4.5676
0.1116 -2.4727 4.1451
-0.2901 -1.7996 5.2542
1.7106 -1.9456 5.0593
5.3489 -2.9363 6.2461
5.3030 -2.3116 6.5730
5.3954 -2.1479 6.9906
4.4423 -1.7405 7.0577
7.9392 -0.5721 12.4530
0.1244 -2.7091 3.6814
2.8003 -2.8361 4.9737
4.4782 -2.9411 5.7335
5.0192 -2.9461 6.0361
8.4992 -1.3836 11.1593
-1.9124 -0.8676 6.1744
2.2593 -2.9211 4.4920
4.0338 -0.9218 9.5007
3.3865 -0.2411 5.1032
0.6740 -2.8743 3.6697
1.1031 5.2883 20.1823
0.4850 4.9019 19.0554
1.3380 -2.0030 4.1349
-7.4408 4.2140 13.1072
2.6644 -2.0042 5.3942
1.1069 -2.7780 4.1116
4.5731 -1.0983 9.4604
4.1702 -2.8692 5.6990
10.1448 0.5402 15.9431
4.0690 -2.2639 5.6759
5.2941 -1.7386 8.6010
-16.0859 4.7192 9.1210
0.6844 -2.7284 3.9663
-2.1493 -0.8400 6.0926
4.7712 -2.8250 6.1341
-0.6262 -1.1912 6.2724
0.5578 -2.5454 4.2579
5.5885 -2.8079 6.6403
6.6566 -2.5302 7.8105
0.2617 -2.1514 4.8719
-0.2931 -2.0934 4.6671
3.8153 -1.9677 5.8264
0.4051 -1.2068 5.9846
5.5239 -2.4033 6.5932
0.6204 -1.1860 6.1090
-2.8287 -0.9477 5.4855
5.7211 3.1033 18.4956
0.7099 -2.8303 3.7779
6.4191 1.2684 15.2424
4.5909 -2.1283 6.3329
3.9278 -0.4394 10.4007
2.8555 -0.6656 9.3305
-8.4758 0.3867 4.8831
3.6603 -2.6896 5.7623
0.2434 -2.1848 4.7948
3.5931 -0.2603 5.0205
6.9364 -2.6899 7.6538
4.0174 -2.9605 5.4289
3.7067 -2.5684 5.6667
3.4810 0.2852 4.8969
3.5692 0.3586 4.9311
-3.1871 0.1954 7.5564
8.2388 6.1658 26.0519
3.9493 5.2885 21.8264
6.2584 -2.3765 7.8869
-15.3570 3.6203 7.3522
8.4197 1.2684 16.3978
5.1177 -2.3336 6.4271
6.3408 -2.9654 6.7608
2.8593 -2.3345 5.1259
-0.5335 -1.1218 6.4642
2.3182 -2.8191 4.7292
-1.1817 -1.2793 5.7761
4.3108 -2.0405 5.9323
6.8387 -2.7290 7.5196
6.0536 -1.4994 9.5162
0.3334 -2.7957 3.6294
3.8454 -0.5067 10.2188
-0.9999 -1.3830 5.6744
3.5910 -2.9110 5.2811
1.6914 -2.8690 4.2678
6.1130 -2.8694 6.8207
6.1845 -2.4127 7.7720
3.2076 -2.7413 5.3979
-12.2145 4.3760 10.6730
1.4052 -1.7616 4.0179
3.5447 0.2197 4.9470
7.7923 -2.0331 9.4570
-5.8580 0.1500 5.9234
1.7418 1.8000 13.6004
0.8205 -2.7658 3.9703
0.7730 -2.8849 3.7057
2.0159 0.5404 11.2488
5.1310 -1.5178 8.9467
-1.3788 -1.1452 5.9294
3.2951 0.2958 4.7903
7.5720 -1.5896 10.2134
5.9066 -0.6037 11.2160
3.3979 -2.8956 5.2004
4.0585 3.3535 18.0339
3.2724 3.1033 17.0813
3.4608 -1.5075 6.7157
1.2536 -2.2987 4.2676
3.4110 0.7662 4.7659
0.3147 -0.6958 7.8031
2.8547 -2.7028 5.2708
8.1900 0.9407 15.6122
-3.6040 -1.4225 4.0917
11.0029 2.1506 19.6475
-8.3958 0.5407 5.2362
-0.7181 6.6655 21.8746
-7.7164 1.4849 7.5099
3.8421 -1.7810 6.4180
3.1995 -1.5153 6.4847
3.1661 -1.9971 5.6573
1.3477 -2.1094 4.9164
-2.9691 0.3866 8.0631
5.3327 -2.7723 6.5635
8.0403 -0.3341 12.9856
1.4385 -2.2670 4.4615
-1.0910 -2.0693 4.2542
0.8569 -2.8901 3.7437
-0.1142 1.8841 12.6960
2.9688 -2.1601 5.1850
-0.3900 -2.2279 4.3432
-9.4200 3.4846 10.5107
-0.0526 -1.8439 5.3031
-10.6082 2.6478 8.1571
6.0197 -1.8297 8.8384
5.8722 0.8199 14.0330
3.7005 -1.7879 6.3725
1.9731 -2.7720 4.6237
9.0085 -0.9743 12.2690
1.9571 -1.8362 5.3806
0.0327 -1.6573 5.7241
1.6152 -1.7592 5.3499
-2.1374 -0.9478 5.8847
4.8222 -2.1804 6.3877
6.6812 -2.5302 7.8246
5.0882 0.1497 12.2446
4.9596 -2.8746 6.1441
-9.0637 3.1030 9.9561
-0.3880 -1.7845 5.2277
3.0086 -2.1559 5.3445
4.9378 -2.8307 6.2190
3.2091 -1.5291 6.4661
0.3332 3.6208 16.4149
0.7585 -2.7839 3.8985
3.1508 -2.9459 4.9574
-0.4872 -2.2795 4.1842
5.8737 -1.9969 6.7327
2.5939 -0.0903 6.1911
-0.0314 -2.7091 3.5914
1.5896 -2.1228 4.8027
-2.3251 -0.6654 6.3390
3.1755 -2.9262 5.0110
7.5751 -1.1916 11.0081
3.5738 2.1505 15.3569
0.9038 -2.7779 3.9943
6.6615 -2.7963 7.2831
2.0413 -1.9206 5.3322
11.8005 2.1506 20.1082
4.0514 -2.7842 5.7997
3.8771 0.1952 11.6358
5.3070 -2.2338 6.7479
3.0272 -2.8528 5.0715
5.3049 -2.7477 6.5964
0.5844 -0.3695 8.6089
-3.0557 -1.5173 4.2196
8.1713 -1.3012 11.1343
1.5297 0.6486 11.1837
-2.5062 -0.4391 6.6853
-3.8614 0.3866 7.5479
6.3267 -1.1456 10.3788
6.6645 -2.1631 8.5465
4.4993 -2.4635 6.0566
2.6841 -2.9555 4.6686
2.4431 -1.1780 6.9137
5.5522 -2.5501 6.7192
5.4098 -1.2362 9.6688
0.0474 -2.1053 4.8402
-3.2228 -0.6956 5.7603
6.1344 -2.8958 6.7803
0.0624 -2.1053 4.8488
-8.3214 4.2140 12.5985
-3.1894 0.0187 7.2030
1.3660 -2.4726 4.2689
5.7728 -2.7723 6.8176
2.4106 -1.4836 6.2062
3.7387 -0.3227 4.4132
-5.3876 0.2418 6.3780
0.9924 -2.6692 4.2622
-7.1467 1.3389 7.5480
-6.3860 2.9839 11.2653
4.0360 -1.5881 6.7690
4.1847 -1.6380 6.8696
2.3366 -1.7297 5.6872
6.4434 0.7044 14.1326
4.0422 -0.1684 4.4662
2.8743 -2.8134 5.0617
3.3307 0.2956 4.8104
3.1708 -2.8798 5.1006
4.9168 -2.8250 6.2181
3.2048 -2.2625 5.2040
2.5176 -2.7093 5.0632
5.4540 -1.8149 8.5411
-0.6544 -2.4471 3.7535
5.4770 -2.2718 6.8420
2.8699 -2.8018 5.0822
2.6410 -2.9211 4.7124
3.4099 -0.3044 5.0373
3.5523 -0.3749 4.2890
1.3917 -2.8247 4.1829
8.3620 -0.5398 12.7616
5.9285 -2.6349 7.1813
-0.6599 -1.7845 5.0707
2.0668 2.5426 15.2677
1.2126 -1.9798 4.9153
6.5263 0.8797 14.5297
0.3695 -2.6344 3.9717
5.8344 -0.8124 10.7584
-2.2063 -1.8582 4.0308
0.2747 -0.9994 7.1749
1.7014 -2.9210 4.1699
6.0026 -1.4716 6.4944
2.2775 -2.4972 4.7947
2.8770 -0.1112 6.2496
0.5411 -2.4727 4.3931
10.7469 3.6211 22.4298
8.5026 -1.2364 11.4546
-4.0994 1.8001 10.2269
10.3873 0.1495 15.3046
-3.0834 -0.5064 6.2178
7.2179 -2.5223 8.1504
-0.9010 -2.2384 4.0271
6.0912 -1.4994 9.5380
1.7907 -2.4428 4.4738
6.6662 -2.8531 7.1726
5.6515 -2.9314 6.4306
-13.6748 2.6478 6.3859
5.7597 -2.7289 6.8966
5.8821 0.8797 14.1576
3.6425 -0.4642 4.3588
3.2200 -2.9556 4.9780
-4.9462 -0.2601 5.6328
2.4762 -2.9160 4.6273
-0.9417 -2.1737 4.1325
3.9616 -2.1406 5.5669
5.4139 -1.9555 8.2379
4.9480 -1.9609 7.0545
5.7477 -1.0984 10.1386
9.9015 1.1326 16.9830
-2.0705 -1.5536 4.7162
-5.8657 -0.1051 5.4106
1.7667 -2.7536 4.5411
3.3807 -1.5200 6.4878
6.8882 -0.9219 11.1489
3.9046 -2.9362 5.4121
0.0044 -0.2973 8.4178
5.2312 -2.7288 6.5915
3.9149 -1.1846 7.9613
6.2429 -2.3579 7.9150
1.8392 -2.4793 4.5291
5.0810 -2.2147 6.6779
9.3619 2.3410 19.0792
-0.5656 -0.1842 8.3140
4.9656 -2.1650 6.5815
0.0294 -2.3288 4.3842
3.4484 -2.9161 5.1886
5.6352 -2.6764 6.9293
5.5503 -2.7962 6.6415
2.2951 -1.3467 6.4067
1.2660 -2.2335 4.5323
2.8628 -2.4099 5.0728
2.8757 -1.7138 5.9964
-1.2989 -1.3216 5.6241
0.6589 -2.7658 3.8771
1.9471 -2.9507 4.2527
1.5817 -1.4035 6.0201
5.3906 -2.7539 6.6335
2.1632 -0.5066 9.2475
3.9913 -2.8250 5.6838
6.6967 -2.4980 7.8977
6.5179 -2.8586 7.0761
4.9834 -0.8057 8.2689
6.1392 -2.9164 6.7422
-9.7123 1.5607 6.5082
3.8813 -2.1241 5.6076
3.7695 -0.2628 4.3563
-0.5224 -2.4298 3.8643
6.0701 -2.1853 8.1590
3.7858 -2.4756 5.6443
5.9934 -1.6116 6.5446
2.2248 -1.5193 6.1094
1.1615 -2.9359 3.8284
2.6347 -1.4374 6.3967
6.6276 -2.7540 7.3477
0.0091 4.3766 17.7337
5.2477 -2.6898 6.6788
1.7912 -0.9995 8.0506
14.2826 3.4852 24.2012
1.2727 -1.9186 5.0142
-6.7043 0.7047 6.5399
2.9753 -2.1748 5.1606
4.9525 -0.6960 10.4811
6.2828 6.1656 24.9219
2.7332 -2.8473 4.9128
3.4873 -0.3378 4.2962
3.5514 -1.8579 6.1201
2.6243 -1.2490 6.8465
3.6940 -0.0764 5.0365
7.1070 -2.5223 8.0864
3.0739 -2.8745 5.0553
-3.8243 -1.2135 4.3810
-0.6018 -2.1400 4.3960
8.2936 0.3862 14.5672
2.5584 -2.9058 4.6951
4.1173 -2.8077 5.7909
0.2548 -0.8677 7.4258
5.9374 -1.7102 6.6078
3.0601 -2.9651 4.8667
5.5973 0.7616 13.7578
4.9126 -1.2425 8.4510
-0.3629 -2.4557 3.9048
-4.7533 0.1955 6.6519
1.9862 -1.6459 5.7676
2.6970 -2.8361 4.9140
6.5377 -2.6420 7.5190
6.8333 0.1951 13.3429
2.2277 -2.9360 4.4440
5.7812 -1.4617 9.4340
3.0264 -2.6761 5.4230
5.4906 1.9705 16.1052
5.0001 -1.4353 8.1506
4.3400 -2.1957 5.8080
-0.0671 -1.1218 6.7336
1.8991 6.1653 22.3895
-9.2529 0.7619 5.1819
1.4852 -2.8247 4.2369
-2.6454 -0.4730 6.5373
2.3966 -1.4551 6.4526
1.1836 -2.8849 3.9428
0.6635 -1.3516 5.8168
5.5020 -2.4921 6.6443
2.9993 -2.3594 5.1178
4.4684 -1.4835 7.7535
11.1145 1.4108 18.2379
7.2473 0.0184 13.2299
6.0373 0.4879 13.4667
-0.4886 2.8685 14.4413
3.8201 -2.8745 5.4861
0.6684 -2.8303 3.7540
4.5234 -1.7703 7.0023
3.7999 -2.8474 5.5286
2.2231 -1.2684 6.6195
-2.2123 -1.1683 5.4020
5.6400 -2.3446 6.6645
3.4327 -2.1480 5.4901
3.9235 -2.7842 5.7259
3.5129 -0.3461 4.7953
7.0767 -2.2071 8.6969
5.0679 -2.2272 6.5908
5.1992 5.9318 23.8302
-3.1385 -1.6063 3.9944
4.0454 -2.0365 6.0184
2.7722 -0.4733 9.6657
2.4083 -2.7475 4.9239
4.3702 -1.3143 7.9840
2.2180 -2.9360 4.4384
5.2072 -2.8307 6.3746
2.3973 -0.1452 10.1029
-1.0273 -2.2995 3.8325
4.9641 -2.1198 6.7402
1.0488 3.2263 16.0422
-6.0979 0.4369 6.3565
7.3505 -0.8681 11.5232
9.1581 0.8199 15.9305
6.3150 2.4403 17.5175
-0.9309 -2.2895 3.9080
4.7658 0.8200 13.3940
6.4480 -2.7353 7.2814
6.3406 -1.2141 10.2505
6.4532 1.5606 15.8443
-12.5368 2.1505 6.0523
1.1733 -2.8247 4.0568
0.7513 -2.8303 3.8019
-8.7386 4.3762 12.6808
1.4452 -2.7659 4.3310
1.8192 -2.8361 4.4072
5.8293 6.4101 25.1471
4.6490 -2.7351 6.2426
7.2394 -2.5143 8.1788
5.8713 -2.2493 7.9167
3.9579 -2.7351 5.8436
7.9842 0.9407 15.4933
3.4860 4.7202 20.4264
5.8985 -2.8364 6.7625
-9.7027 4.0575 11.4890
-1.6943 -1.4226 5.1944
-3.8298 -0.8946 5.0132
9.7546 3.1034 20.8253
-4.5649 0.1054 6.5813
1.7129 -2.6895 4.6379
1.6694 -0.6035 8.7692
4.9888 -2.1956 6.5288
-0.7840 -2.1957 4.1798
-23.0377 5.4922 6.6462
2.1550 -2.7781 4.7167
-2.1997 -1.7223 4.3054
2.4671 -2.1621 4.9374
3.8943 -0.7550 9.7523
-0.3405 -2.3851 4.0584
-2.3401 0.3373 8.3283
2.6627 -0.6656 9.2192
3.2442 -1.8346 6.0413
3.7175 -0.3092 4.3467
7.6405 -1.9423 9.5502
5.3784 -2.7601 6.6141
6.7398 -2.1405 8.6350
3.7478 -2.4580 5.6101
6.6787 -0.8405 11.1902
0.5523 -2.7284 3.8900
7.8205 -1.1223 11.2881
0.1489 -0.4392 8.2186
4.9412 -1.3632 9.1451
1.2230 -2.8416 4.0518
4.3130 -1.9751 6.1406
-10.8327 1.1329 5.0088
1.4607 -2.1692 4.6133
2.3996 -2.8690 4.6767
2.1382 -2.2781 4.6282
5.8309 -2.9413 6.5145
-11.6336 4.9013 12.0551
4.2601 -2.4279 5.8928
1.2926 -1.4990 5.7114
-2.6423 -0.8675 5.7529
5.9027 -2.0421 6.7796
3.3866 0.3136 4.8377
-1.4601 -2.0448 4.0899
2.3843 -2.8903 4.6255
-20.8434 5.9300 8.7860
4.9595 -1.2581 9.3652
6.2261 -2.7540 7.1159
-8.2178 2.6479 9.5377
-1.3203 -1.6573 4.9429
4.1537 -1.3568 7.6236
-1.4367 -0.8401 6.5041
6.6463 -2.5840 7.6972
2.8370 -0.4048 9.8396
6.1806 -2.5459 7.5044
0.2902 -2.4893 4.2151
-2.0552 0.2890 8.3966
0.5758 -0.3909 5.4622
6.9743 -2.7161 7.6235
0.0055 0.8201 10.6449
4.2074 -2.0065 6.0987
5.5157 -2.2426 6.8189
-12.5375 3.6204 8.9808
4.5365 -2.1981 5.8969
-18.8848 4.3758 6.8201
3.7810 -0.0103 5.0707
3.7066 -2.9312 5.3077
1.8918 6.9340 23.9170
4.4632 -2.0587 6.2025
0.6457 -2.6623 4.0757
1.2778 -2.1956 4.2397
-8.5991 1.2686 6.5691
0.3380 -1.2861 5.8760
5.4806 -2.1502 6.9585
-14.1780 3.6204 8.0332
4.3756 -0.9481 9.6456
-1.1401 -2.0072 4.3498
4.1177 -1.9403 6.0436
3.1131 -2.8903 5.0463
4.6610 -2.6830 6.3534
0.3143 -2.6623 3.8843
-5.5661 -0.6345 4.5288
6.0176 -2.6206 7.2612
7.1289 -2.3673 8.4079
-5.8193 -0.5063 4.6380
2.9921 -0.6959 9.3491
0.1816 -2.0449 5.0378
4.7633 -2.2234 6.4038
3.7015 -0.0442 4.2496
2.0431 -2.1553 4.8648
5.7244 -2.7601 6.8139
6.5418 -2.9164 6.9747
2.2781 0.1498 10.6218
5.4538 -0.2605 11.6384
-8.5217 0.3375 4.7585
-4.2369 -0.0646 6.4320
3.5682 0.3578 4.9495
-10.2718 2.1505 7.3604
3.8674 -0.2472 4.3335
3.1787 -2.7028 5.4579
5.0984 -0.6975 8.1945
3.6352 -1.0201 7.7796
4.3893 -1.5992 7.4432
-1.7594 -2.0198 3.9669
-0.1838 -2.0815 4.7540
6.0636 0.9407 14.3842
-4.6867 -1.0244 4.2598
-0.2578 -2.4810 3.9152
5.8139 -1.2581 9.8585
2.8874 -2.0091 5.5938
8.9041 2.1506 18.4354
3.4423 0.3316 4.8649
3.5442 0.3748 5.0354
-4.5266 5.2880 16.9303
3.1129 -2.6829 5.4596
-1.0829 -2.2795 3.8402
4.1968 -2.4275 5.8555
-4.5686 1.7182 9.7927
8.0588 -0.8125 12.0429
2.8665 -2.3424 5.1188
6.3563 -2.7540 7.1911
2.1132 -1.9521 5.0342
7.3945 -2.1632 8.9680
4.5823 -2.8584 5.9585
2.6105 -2.7900 4.9560
3.0196 -1.0195 7.2656
-0.0193 -1.8439 5.3223
2.8839 -1.9015 5.7345
-1.2888 0.5940 9.4470
-7.8565 1.4110 7.2818
6.1262 -1.9286 8.7028
4.3252 -1.9431 6.3290
5.2766 -2.9606 6.1559
1.9983 -2.5513 4.6706
-0.1747 0.5405 9.9837
3.6565 -2.6694 5.8004
-3.8722 -0.8119 5.1535
-0.2836 0.2417 9.3254
-12.5667 1.7182 5.1736
-1.1144 -2.2065 3.9674
3.3446 0.3323 4.8100
4.6793 -0.5719 10.5706
4.6869 1.7181 15.1381
-0.7904 2.1505 12.8364
-11.2787 1.5607 5.6036
3.9001 -2.9162 5.4494
-2.2950 -1.4612 4.7707
7.1720 -1.9287 9.3066
7.9758 -1.8589 9.9100
1.5175 2.1505 14.1693
-0.7235 -1.9007 4.8026
10.8478 1.6383 18.5372
5.6213 -2.3111 6.7233
1.4429 -2.8527 4.1568
3.5084 -1.1511 7.2873
5.6010 -2.8853 6.4932
8.8313 -0.9743 12.1667
4.0355 -2.2225 5.7359
5.2107 -2.7160 6.6052
0.4453 -2.1627 4.9555
7.2893 -1.2141 10.7982
5.0929 -1.9188 7.2196
10.7593 3.2265 21.6508
3.1669 -1.2711 6.8628
-1.8877 1.1328 10.1747
-2.5641 -1.3423 4.8522
-7.4665 1.1999 7.0865
3.6153 -1.9958 5.7654
5.1078 -1.0742 9.8172
3.4072 -1.9335 5.9286
-4.1916 2.2444 11.0589
3.6044 -0.4340 4.5259
7.1322 0.7044 14.5304
4.7443 -1.6253 7.5783
8.1200 2.9842 19.6436
2.3591 -2.8690 4.6533
7.3291 -1.7850 9.6836
5.9913 -1.6240 9.2319
2.5935 -2.7781 4.9699
1.1401 -2.0810 4.7464
-3.2931 -1.2357 4.6435
3.7958 -1.0741 9.0596
2.9944 -1.0194 7.2263
2.1878 -2.0388 4.9095
6.9525 -2.4127 8.2154
6.8026 -1.1222 10.7004
-4.5996 -0.0646 6.2225
11.4904 4.0583 23.7305
0.3539 -2.8471 3.5390
-2.1079 -1.9682 3.8685
4.4996 -1.6457 7.3344
4.2680 -2.7159 6.0609
3.9628 -2.9362 5.4457
-0.6169 -2.2279 4.2122
6.0922 -2.4390 7.6662
-0.8094 -2.3191 3.9192
6.1664 -2.8079 6.9740
6.7759 -2.2071 8.5232
6.5821 -2.6832 7.4626
3.7756 -2.1236 5.5801
-6.3762 3.1031 11.5084
4.2337 -1.7962 6.5694
-0.4085 -2.5217 3.7470
3.6882 -0.3308 4.3341
2.0283 -2.2520 4.6907
-0.6923 0.3865 9.3779
3.4400 0.5533 4.9154
2.8132 -2.7660 5.1209
2.1090 -1.7796 5.5740
11.7917 2.4404 20.6806
0.9533 -2.8849 3.8098
3.5935 -0.4179 4.5504
-2.1375 5.4935 18.7196
6.1703 -2.9010 6.7907
5.0959 -1.8845 7.3523
7.7362 1.9705 17.4021
7.0927 -2.2801 8.5607
5.5049 -1.5178 9.1626
-4.5348 -0.5392 5.3143
-2.5050 -1.1683 5.2331
3.9002 -1.3445 7.3003
-4.5169 0.1954 6.7884
3.3736 0.3505 4.8223
4.7653 -2.7029 6.3740
1.6563 -1.4227 5.8650
-22.4155 5.7064 7.4323
0.3515 -2.6273 3.9755
1.3975 -2.2554 4.4783
10.2563 0.8796 16.6838
4.2569 -2.7159 6.0545
1.3544 -2.7536 4.3031
3.1639 -2.2355 5.2353
-14.8244 3.7609 7.9400
-0.8129 -1.7845 4.9824
-15.5024 3.7609 7.5484
1.9054 -2.8954 4.3387
-0.6240 -2.2694 4.1254
5.5869 -2.4784 6.6901
3.7673 -0.1453 10.8940
10.5937 0.4878 16.0979
-4.3987 0.1954 6.8567
0.7971 -2.9408 3.6082
0.6980 -2.9602 3.5123
-2.2748 3.9070 15.4789
4.6789 -1.4819 7.8587
-4.0541 -1.0244 4.6251
2.4390 -2.5534 4.9297
0.5202 -0.5545 5.4567
3.8008 5.4939 22.1499
-0.9813 -1.5356 5.3810
4.4367 -1.3152 8.0371
9.6934 6.4104 27.3793
4.4496 0.1051 11.7869
3.4849 -2.3446 5.3625
2.2460 0.7045 11.7086
0.7614 4.2143 17.8449
2.6472 -1.9760 5.4905
8.4901 -0.2977 13.3179
3.6960 -1.6605 6.4265
5.4792 -2.8905 6.4124
2.6383 -2.6828 5.1856
6.2831 4.7203 22.0421
-0.4287 1.9705 12.6865
3.3684 3.1033 17.1367
2.9127 -2.0797 5.3773
2.6510 -1.7902 5.8598
2.7852 -2.6829 5.2704
-2.1792 1.0034 9.7484
5.5905 -2.3757 6.6527
0.5197 -2.6894 3.9490
2.5596 -2.8744 4.7584
0.7142 1.9705 13.3466
3.6937 -0.2496 4.4637
-6.2662 -0.1840 5.0221
4.9225 -1.5736 7.8323
5.2153 -2.9213 6.1987
6.7698 -2.8138 7.3108
12.0100 1.8841 19.6982
1.7805 -1.8480 5.3371
5.2302 -1.8593 7.3836
3.4159 -2.9508 5.1008
9.6648 0.9407 16.4639
7.1658 -2.2901 8.5829
3.4737 0.1818 4.7970
4.8612 -1.8496 7.2812
2.8687 -2.9507 4.7848
5.0969 -2.9363 6.1005
1.4907 -1.2710 6.2477
-2.3178 -1.3628 4.9536
10.6085 5.9322 26.9551
3.8987 -2.8418 5.5967
-8.4471 0.1956 4.5189
5.8640 -2.9510 6.5142
-3.0986 -0.8675 5.4895
0.7453 -2.8360 3.7872
3.1585 -2.4295 5.2608
-2.6818 -0.5064 6.4497
5.4888 -2.3809 6.5487
4.2222 -2.0678 5.8521
13.7888 3.1035 23.1553
0.9705 -0.9739 7.6276
2.1051 -0.7838 8.6616
1.0690 -1.5162 5.7495
7.0712 -2.2284 8.6512
1.1927 -2.3671 4.2781
-18.0595 6.9323 12.3908
16.7265 6.6669 31.9525
-0.9998 -2.1513 4.1435
-1.0452 -2.0814 4.2566
4.2599 -1.8939 6.1492
1.8411 -2.5486 4.5740
3.7984 -0.2221 4.3800
5.4323 -2.4488 6.5615
0.2866 -2.7597 3.6743
-10.1302 3.7611 10.6514
8.2770 0.6485 15.0802
-10.3788 4.7195 12.4176
-0.2334 -2.5760 3.7400
0.8069 -2.9159 3.6635
6.7505 -2.8694 7.1888
1.0634 -2.8849 3.8734
15.7083 5.2892 28.6191
4.1820 -2.2631 5.7392
5.7347 -2.7095 6.9207
6.0617 -1.2349 6.3915
6.6269 -2.9559 6.9451
3.7304 -0.2342 4.4824
3.4171 0.7683 4.8030
4.3298 -2.8135 5.9020
2.8581 -1.8924 5.7441
1.7338 -1.5457 5.7562
5.3006 -2.1878 6.8041
3.8098 -1.9760 5.8065
2.7954 -2.8249 4.9933
-12.4069 5.9306 13.6595
3.3715 -2.7413 5.4925
-1.1719 -1.0739 6.1911
2.4643 -2.8191 4.8135
8.9863 3.1034 20.3815
5.6689 -2.8906 6.5220
1.9354 2.3409 14.7900
2.1804 0.7045 11.6708
5.0419 -2.3789 6.3147
3.3821 -0.9217 9.1243
0.7412 -0.7549 7.9315
4.5473 -2.0855 6.3845
5.2201 -2.9558 6.1328
-10.9289 3.9067 10.4802
-2.2413 0.1954 8.1025
-7.1418 2.9839 10.8288
6.7017 -2.4477 8.0009
2.5296 1.7181 13.8922
6.5989 -0.3340 12.1533
8.4260 -0.4050 13.0670
-16.5976 3.7609 6.9158
-2.3592 -1.6063 4.4444
1.3671 -2.1290 4.8922
0.8297 -2.5910 4.3240
3.0620 -1.1144 7.0838
-1.4985 -2.0814 3.9949
3.8313 -2.9161 5.4097
3.4809 -0.2750 4.9800
2.1110 -2.9409 4.3668
-3.9885 -0.9736 4.7641
6.2466 -2.5380 7.5580
0.1852 -0.5717 7.9755
1.3825 -2.7411 4.3441
-9.6426 2.1505 7.7238
1.7520 -2.9310 4.1792
1.1341 -2.7026 4.2774
3.5530 -2.8691 5.3426
3.7272 -1.8897 5.9327
-1.5031 1.1998 10.5304
0.0688 -2.0572 4.9481
6.8715 -2.6207 7.7543
-2.6888 -1.6901 4.0871
4.8183 -1.8073 7.2878
-6.2063 -0.2971 4.8313
1.4173 -2.9458 3.9565
4.3514 -1.9184 6.4694
8.3150 -1.4619 10.8971
-2.5185 -0.5393 6.4786
5.8802 -2.7723 6.8796
-1.0609 0.3373 9.0670
-1.4010 -1.5890 5.0322
3.5834 -0.2377 4.7102
0.0468 -0.4392 8.1596
4.5497 -2.8136 6.0290
-4.6104 -0.1840 5.9783
-8.2697 2.4402 9.0939
0.5330 -2.8635 3.6097
9.4870 5.9321 26.3072
6.9438 2.3410 17.6826
5.9286 -1.7542 8.9362
14.2874 3.6212 24.4748
6.8162 0.3863 13.7140
3.3169 2.3409 15.5879
-1.6468 1.1998 10.4474
-1.3588 -1.7692 4.6976
5.3720 -1.8000 8.5235
1.6099 -2.1339 4.8052
-2.8025 -0.2225 6.9458
-7.1198 0.2892 5.4719
7.6186 -2.0078 9.4071
1.7664 -1.3323 6.1610
1.6716 2.4403 14.8356
0.2611 1.5606 12.2681
-15.6748 6.9325 13.7685
8.5966 -1.0499 11.8805
1.4817 -2.9650 3.9554
6.3600 -2.5840 7.5319
-2.9044 -1.4612 4.4188
7.1534 -1.3221 10.5046
6.2357 -2.8137 7.0024
4.0874 -0.1793 4.5207
5.1639 -2.3243 6.5256
-4.1719 -0.8399 4.9246
6.7765 -0.2229 12.4773
-2.0777 -1.2577 5.3017
5.5290 5.9319 24.0207
2.6998 -2.6263 5.1287
2.8965 -0.6959 9.2939
9.2280 -0.6352 13.0716
3.7944 -2.1824 5.6548
0.7277 0.4880 10.4004
5.5793 -2.7415 6.7672
2.6863 -1.8102 5.7468
1.1351 -2.9057 3.8733
3.2501 -2.1355 5.5819
2.6859 -2.0306 5.3535
3.6330 -0.2282 4.6229
-3.0699 -1.4420 4.3614
-9.5704 1.4110 6.2920
-2.8305 0.8798 9.1261
4.4423 -2.8363 5.9217
-0.0551 -1.9814 5.0277
3.5457 -0.3749 4.2849
0.3631 -2.4558 4.3240
3.7104 -2.7842 5.6028
5.2002 -0.2362 7.9453
3.3876 0.3499 4.7487
-5.9219 1.1999 7.9785
2.9716 -2.7901 5.1644
-0.0077 2.6480 14.2796
-12.4948 1.6384 5.0562
1.5683 -2.5671 4.4297
5.4447 -2.2965 6.7486
-0.9515 3.2263 14.8869
3.6176 -2.8851 5.3481
-5.0547 -0.7253 4.6432
3.2829 -2.0047 5.7026
2.3490 2.8686 16.0803
-5.1742 -0.8674 4.2909
2.7284 -1.8889 5.7194
2.9901 -1.2055 6.9307
3.9162 -2.9111 5.4688
4.4817 -0.5719 10.4565
4.3979 -2.0428 6.0295
2.7798 2.9841 16.5592
6.5714 -1.0250 10.7606
6.5793 -1.5361 9.7466
-3.9055 -0.2224 6.3089
2.2909 -2.9603 4.4320
6.8938 -2.8421 7.3260
1.8021 0.3372 10.7203
-4.2729 2.1505 10.8251
-1.8479 -1.1217 5.7053
0.3216 -0.2973 8.6009
7.1771 0.4365 14.0226
6.8102 -2.7031 7.5547
4.0826 -1.7908 6.3124
7.1265 -2.5381 8.0661
6.6580 -1.6241 9.6169
8.9788 0.9407 16.0677
1.3560 -2.8902 4.0319
0.2000 -0.8948 7.3401
1.8859 -2.9006 4.3171
3.7712 -0.2598 4.3656
-5.4658 -0.2224 5.4079
5.4747 -0.7258 10.7233
4.0069 -2.1590 5.8172
-0.3585 -2.3573 4.1034
5.5457 -1.2797 9.6606
8.3509 -1.4808 10.8800
5.8689 -2.8530 6.7122
3.3725 2.8686 16.6714
3.6600 -0.4343 4.3628
0.2956 -2.7898 3.6194
-7.1960 0.7047 6.2559
1.4120 -2.8796 4.0852
-13.7045 3.4845 8.0360
3.4470 -1.5025 6.6622
7.1692 -2.6062 7.9550
-5.3939 2.9839 11.8383
-10.6005 5.4930 13.8308
1.2771 -2.0118 4.0897
5.0002 -0.8264 8.2396
1.0162 -2.9359 3.7445
9.3063 -0.2230 13.9382
1.1753 -1.2547 6.1308
3.7467 -0.2381 4.5785
2.2724 -1.7114 5.5440
-6.3893 0.8799 7.0709
-4.7344 -0.6653 4.9478
4.5369 -1.4793 7.7493
2.2550 -2.1147 4.8230
5.7838 -1.2140 9.9290
-13.7679 3.6204 8.2701
11.8387 3.7618 23.3408
-18.7643 4.7191 7.5738
-0.2398 -0.1842 8.5021
1.9739 -2.8191 4.5304
-9.0972 1.3389 6.4216
1.1240 -2.9210 3.8365
5.6168 -2.3640 6.6396
1.1979 -1.4203 5.7807
3.1265 -1.9855 5.6426
6.0427 -1.2386 6.4247
5.6343 -0.8951 10.4781
13.8017 4.7207 26.3851
1.5307 -2.8017 4.3091
1.5916 -2.8743 4.1995
-8.2476 0.3375 4.9168
8.3128 0.7044 15.2122
3.0673 -2.5884 5.3137
8.4506 1.1997 16.2788
0.9490 1.5606 12.6654
-0.0252 -1.8146 5.3774
-1.6359 -1.1217 5.8277
1.4120 -2.6115 4.3539
3.8288 -0.6959 9.8323
7.1828 0.5938 14.3393
3.4104 6.9341 24.7943
3.7093 -2.3351 5.4979
-0.8970 -0.4046 7.6834
-3.8462 -0.0646 6.6575
-0.8180 -2.2591 4.0337
6.9412 2.6480 18.2930
5.3451 -2.7095 6.6957
3.1321 -1.3533 6.7306
2.1858 -2.7900 4.7107
6.1706 -2.1290 8.3292
-2.2874 -0.4045 6.8805
3.9186 -2.9557 5.3814
-1.9850 0.2417 8.3429
6.4520 -2.4391 7.8739
6.6996 -2.4038 8.0872
2.0113 -2.3298 4.5339
-5.2328 2.8685 11.7012
3.8709 -0.2655 4.3863
4.3719 -2.9411 5.6721
3.1339 -2.9556 4.9283
7.3015 -2.2390 8.7632
4.7015 -2.8419 6.0602
3.6345 -1.4862 6.7745
2.3961 -2.8417 4.7292
7.5068 -0.6658 12.0164
5.8050 -0.8404 10.6857
1.2388 0.2416 10.2046
-1.9512 -1.4029 5.0853
2.6154 -2.9360 4.6678
6.1183 -1.9819 8.5922
3.5205 -0.3337 4.2775
6.4954 -1.3221 10.1247
3.9736 -2.5884 5.8370
7.7443 -0.9483 11.5907
2.6233 -2.0620 5.0678
2.2915 0.9408 12.2058
-5.3975 0.4882 6.8632
4.9023 -0.6037 10.6361
1.1514 -1.8884 5.2550
3.5342 -2.8019 5.4658
4.2567 -2.0348 6.0041
3.7290 -0.2212 4.7004
3.1362 -2.9651 4.9106
0.6625 -2.7839 3.8431
3.5028 -1.6423 6.2972
0.9378 -2.8304 3.9095
0.0830 -2.7220 3.6317
8.7356 -0.5398 12.9773
3.9290 -1.6800 6.5866
5.2749 0.9408 13.9287
6.9052 -1.4618 10.0830
-0.4482 -0.8401 7.0748
0.8508 -2.8954 3.7297
5.7956 -1.7386 8.8905
5.4659 -2.9654 6.2557
5.3193 -2.7288 6.6423
6.4732 -2.5765 7.6123
-3.3317 -0.6346 5.8191
5.3623 -2.7843 6.5566
6.9003 0.2888 13.5683
4.6304 -2.9313 5.8411
-0.2100 -1.4990 5.8995
4.1368 -2.8250 5.7678
12.5186 4.3771 24.9595
-4.9919 -0.9476 4.2364
5.5263 -2.9558 6.3096
-7.5587 0.4369 5.5129
1.8312 -0.3696 9.3289
3.8091 -0.9218 9.3709
6.1052 1.3387 15.2012
2.3399 -2.0419 5.1941
3.5863 -2.2089 5.4728
2.8320 -1.8737 5.7775
1.5759 -2.3653 4.5608
8.2483 -1.3429 11.0955
0.6649 -2.7597 3.8927
4.9889 -2.7095 6.4900
2.9793 -1.8443 5.7271
-1.9258 0.9409 9.7703
4.9510 -1.4728 8.1183
6.0767 -2.9214 6.6960
5.8065 -2.3098 7.7586
3.2890 -2.2228 5.2109
-5.7769 1.5607 8.7811
3.5683 0.1812 4.8501
3.5715 -0.9996 9.0786
5.1094 -1.8831 7.3535
0.6504 -1.3344 5.8462
1.8672 -2.7900 4.5268
-0.6064 -2.2488 4.1765
-1.2072 -2.1285 4.0693
3.4560 -0.2204 5.3203
5.4766 4.9022 21.9387
0.4215 -2.3094 4.6493
-0.7493 -2.2694 4.0530
5.8040 -1.5178 9.3353
3.6458 -2.7287 5.6761
2.3185 -2.2006 4.6542
3.0320 -2.7781 5.2231
5.3375 -2.4491 6.5074
0.1999 1.2685 11.6507
5.3647 -0.6350 10.8408
-0.2961 -2.5835 3.6888
0.5382 -2.6130 4.1119
3.9976 -1.3918 7.4998
1.4366 -2.9458 3.9676
5.4144 -2.2166 6.9579
0.4756 -2.7535 3.7957
5.2031 -1.7866 7.6708
6.5705 -1.5179 9.7779
5.2967 -2.6368 6.6229
10.5648 2.4404 19.9720
4.5084 -2.4805 6.0726
6.3104 -2.1174 8.4330
3.7321 -0.1762 4.7570
1.9488 -1.8139 5.4976
4.3374 0.7616 13.0302
6.3335 -2.5536 7.5772
4.7042 -2.9605 5.8254
4.1345 -1.7071 6.6826
0.8614 -2.8247 3.8767
1.8275 -1.9765 5.0760
6.6844 -2.6207 7.6462
8.8698 -0.8126 12.5112
1.3750 -2.1345 4.9161
5.2155 -0.6960 10.6330
5.8076 -1.5719 9.2297
4.6100 -2.3994 6.0851
5.5041 -2.9061 6.3958
2.2880 -2.2326 4.7878
6.0887 -2.4215 7.6990
1.7623 -0.8949 8.2423
1.0529 -2.6760 4.2836
3.5718 -2.0372 5.7931
2.5366 1.8000 14.0594
-0.2580 5.2882 19.3960
3.7206 -1.8317 6.1628
-3.8086 -0.9214 4.9722
1.4505 -2.9310 4.0051
2.6071 -2.4989 4.9887
-1.1519 -0.4731 7.3997
3.9404 -1.8107 6.2581
-0.2648 -0.7255 7.4091
2.8880 -2.0776 5.4456
1.2865 -1.9371 5.0365
6.0857 -1.2362 10.0591
8.2928 0.9407 15.6716
1.9837 -2.7598 4.6542
-21.6936 6.1636 8.7603
-4.3454 1.2685 9.0257
-22.6089 5.7064 7.3206
4.6057 -1.1915 9.2935
-0.0859 -2.1400 4.6939
2.6270 -2.6828 5.1791
7.1280 -2.2284 8.6840
3.9145 -2.8799 5.5300
6.1901 -1.7850 9.0260
0.1743 -2.4299 4.2666
3.5510 -0.2169 4.2511
2.2128 2.9841 16.2317
4.5110 -2.8584 5.9173
1.7047 -1.8603 5.2046
4.6672 -2.7722 6.1792
3.8072 -2.2487 5.4862
-19.8660 6.9321 11.3472
14.2924 3.7619 24.7580
3.7697 -1.7026 6.3574
5.6619 -2.7540 6.7901
2.6940 -2.1791 4.9758
1.8419 -1.1581 6.5676
-4.1656 1.3389 9.2697
3.6217 -2.8306 5.4591
9.3051 -0.4736 13.4382
2.6756 -2.7599 5.0536
-3.0164 -0.5393 6.1911
1.2272 -2.3272 4.3277
-8.2688 0.5407 5.3095
9.3561 0.9407 16.2856
5.5218 -2.4999 6.6456
8.6246 -0.7553 12.4837
6.5246 0.5403 13.8525
5.9610 -1.6069 9.2486
6.8972 -2.2494 8.5090
6.2263 -1.5361 9.5428
5.2020 -1.5719 8.8800
4.6741 -1.9408 6.7494
-7.1455 0.1501 5.1799
1.5615 -2.3881 4.3276
-0.3420 1.6384 12.0747
7.0946 -1.8444 9.4299
-2.6677 -0.8120 5.8490
-3.6038 1.4849 9.8850
5.3223 -2.8251 6.4523
2.2511 -1.6246 5.8864
-6.4421 0.7047 6.6913
6.3793 -0.4395 11.8163
3.2504 -2.6962 5.5124
-0.2853 -2.3384 4.1834
2.3051 -1.7441 5.4940
-0.6509 -1.8439 4.9577
-7.1249 0.4882 5.8656
8.8819 1.1997 16.5278
3.1190 -2.8077 5.2145
6.9786 -1.8872 9.2776
5.3121 -0.3697 11.3389
4.2756 -2.7600 5.9774
4.1223 -2.9605 5.4895
2.7261 -0.1452 10.2927
3.6838 -2.4223 5.5472
-0.2762 -0.7837 7.2865
3.7128 -1.2970 7.0133
-0.0207 -1.6573 5.6933
5.6447 -2.8251 6.6384
1.3210 -1.3567 5.9889
6.7743 -2.5223 7.8943
2.8450 -0.6036 9.4480
-6.7986 3.4847 12.0248
4.8556 -1.4820 7.9612
5.9897 -2.4898 7.5058
6.3587 -2.9010 6.8995
1.1418 -1.7934 5.1791
4.1791 -1.6600 7.1305
0.8875 -1.4837 5.6910
6.2332 0.6485 13.8999
6.1432 -1.4617 9.6430
0.5071 0.0186 9.3376
6.0617 -1.1940 6.3915
2.9129 -2.9410 4.8298
3.9800 1.9705 15.2328
-7.0814 1.9705 8.8444
4.9388 -2.0753 6.8137
6.7860 -2.7478 7.4515
3.9373 -1.4770 7.0226
7.0427 -1.1457 10.7922
0.2477 -2.6759 3.8187
3.2938 0.2866 4.7917
5.1833 -2.3445 6.4925
-0.4386 -2.3573 4.0571
3.4991 -0.9795 7.6152
6.6873 -1.7229 9.4369
-0.7847 0.3865 9.3246
2.3379 -2.0200 5.0210
4.3373 -2.0998 5.8695
3.0573 -1.3227 6.7599
-0.2307 -1.7693 5.3490
-2.3130 -0.8947 5.8890
5.3657 -2.1538 7.0387
1.1129 -1.8065 5.3284
1.9375 -2.9507 4.2472
1.7329 -1.5071 5.7153
8.6664 -0.1845 13.6451
-0.5728 -1.2577 6.1707
6.1836 2.4403 17.4415
-13.2690 2.6478 6.6203
3.7568 -2.9212 5.3566
5.2415 -2.3578 6.4374
4.5340 -1.8301 6.9134
4.2430 -2.7094 6.0594
8.9916 0.1950 14.5893
2.4531 -1.6117 6.1536
1.4531 -1.6985 5.3730
0.9887 -2.6827 4.2331
7.2721 4.0582 21.2939
3.1809 1.6383 14.1093
4.8291 0.9408 13.6712
6.1108 -2.7478 7.0617
4.6424 -2.7029 6.3030
-4.9875 1.4110 8.9387
2.3595 -2.2892 4.7536
1.8592 -1.0495 7.9901
2.8601 -2.2472 5.0272
4.0981 -1.6584 6.6454
2.3526 -2.9409 4.5063
5.0323 -2.7662 6.4021
-4.9113 0.7618 7.6891
5.8288 -2.7225 6.9492
2.9132 0.1052 10.8997
5.0545 -2.5490 6.4573
3.0115 -1.0775 7.1450
-3.7574 -1.1451 4.5559
5.0335 -2.7030 6.5288
9.2384 0.0183 14.3797
0.2276 -2.6554 3.8480
3.6803 -0.2461 4.4908
-7.3415 3.2261 11.1961
2.8671 -2.3760 5.0524
4.9774 -2.6830 6.5361
0.5226 -2.8849 3.5611
7.9910 -1.4232 10.7869
2.1507 -2.8248 4.6211
-2.1395 -1.9682 3.8502
1.7767 -2.7474 4.5593
7.2642 -2.5143 8.1931
3.1005 -1.4833 6.6011
-0.2685 3.2263 15.2813
5.6587 -2.8420 6.6129
4.3522 -2.5332 6.0171
-0.7919 -1.9417 4.6814
3.9276 1.8000 14.8627
4.9135 -2.9509 5.9655
-2.1279 -1.7691 4.2535
-10.4412 2.8684 8.6930
14.8042 4.2149 25.9563
-6.7210 2.8684 10.8417
-1.8880 -1.6064 4.7165
4.9804 -2.9263 6.0531
5.7265 -2.3691 6.7747
6.5492 -2.8365 7.1382
12.2437 3.3537 22.7616
-3.8344 -1.4028 3.9979
2.1058 -1.4594 6.1387
7.3447 -1.0743 11.1089
9.3367 0.4878 15.3720
5.9277 -2.6134 7.2237
4.9363 -2.0017 6.9708
-2.6136 5.7077 18.8713
2.5398 -2.2757 4.8538
3.1440 -2.2068 5.2787
-3.6503 1.3389 9.5673
3.8701 -2.7350 5.7930
-0.4602 -1.1912 6.3683
-1.3454 6.4095 21.0022
-12.0567 6.1643 14.3274
1.2407 -0.5394 8.6493
5.1785 -1.8398 7.4140
4.1094 -2.7094 5.9823
3.7522 -2.7538 5.6875
4.0080 -2.9312 5.4817
9.0691 1.8841 17.9997
1.4393 -1.5205 3.9587
0.4924 0.3372 9.9640
3.7990 -0.2147 4.3025
-1.3405 -1.4802 5.2840
1.4977 -0.1843 9.5055
1.9571 -2.9650 4.2299
6.7450 -2.6899 7.5433
-11.6523 6.1643 14.5610
9.5116 1.5605 17.6105
-0.7731 -1.2137 6.1428
2.3522 -0.0235 10.3192
6.3768 -2.6559 7.3984
1.7890 -2.0783 4.8135
3.6810 -1.4324 6.9464
0.9139 -1.6357 5.4476
3.6715 -0.3677 4.3298
-14.4856 3.6204 7.8556
2.3435 -2.3940 4.7641
-1.8533 -0.2602 7.4188
-3.6460 -0.3336 6.2373
-1.6479 -0.0234 8.0094
4.4456 -1.7681 7.0340
-20.6856 4.7190 6.4640
-5.7375 -0.4044 4.8883
6.5142 -2.6965 7.3968
2.4220 -2.4819 4.8714
0.0462 -2.5684 3.9165
-0.5058 -2.2384 4.2554
-4.7065 0.4882 7.2622
-9.6736 4.9014 13.1873
7.9251 3.6210 20.7999
2.8297 -2.6071 5.1896
6.1838 -1.1916 10.2047
6.2007 0.3863 13.3586
-0.2466 -0.2226 8.4217
4.9220 -1.5411 7.8627
-5.8320 0.6488 6.9323
-0.4830 -1.5537 5.6328
-7.1028 3.6206 12.1199
-0.3512 -2.4975 3.8284
4.0201 -0.6959 9.9427
2.1871 -2.8690 4.5540
-1.7380 -1.4802 5.0545
2.3429 -2.9409 4.5007
1.4453 -0.8949 8.0592
0.6169 -0.2359 5.2998
7.5449 -1.7543 9.8695
3.4815 -2.8019 5.4354
-7.1256 2.1505 9.1775
4.4434 -2.8692 5.8567
0.8011 -2.6894 4.1115
1.9848 -2.8690 4.4372
5.8197 -0.6658 11.0422
5.0001 -1.4513 8.1171
-18.1562 4.3758 7.2410
7.0122 -2.5766 7.9235
5.1808 -1.3010 9.4075
-16.9268 3.9065 7.0158
2.4054 -2.0586 5.0146
2.4270 -2.8417 4.7470
-4.8507 -0.0646 6.0775
7.3185 0.5403 14.3110
2.5343 -0.1452 10.1820
5.7852 1.7181 15.7724
7.2609 -0.2229 12.7570
7.0247 1.1327 15.3217
0.1545 -2.2173 4.6787
0.9106 -2.7719 4.0102
-0.4362 -2.4893 3.7957
1.7709 -1.0247 7.9886
2.2271 -0.6959 8.9074
0.6781 -2.9259 3.5691
5.9213 -2.5536 7.3392
6.1244 -2.5988 7.3663
2.9985 -2.2035 5.1186
-0.5599 -2.5375 3.6281
4.2928 -2.7223 6.0624
-7.5959 0.7618 6.1388
-6.2652 1.9705 9.3158
6.1477 -2.4980 7.5808
3.1806 -1.4130 6.6337
3.8128 -0.2080 4.3087
0.7599 -2.8415 3.7845
0.2468 -2.7091 3.7521
3.8075 -2.4011 5.6260
2.1400 -2.3111 4.5917
-1.8796 0.4881 8.8947
0.5466 -0.2603 8.8047
2.1273 -2.3003 4.5871
5.5856 -2.2895 6.7438
0.6829 -1.3695 5.8042
-14.8845 4.5443 9.4663
3.2125 -1.4432 6.6079
0.6772 -2.8901 3.6400
4.6312 -2.7029 6.2966
6.3510 -0.9742 10.7345
-1.2802 -1.5174 5.2448
5.3619 -1.9283 7.4179
0.5174 -0.6973 5.5504
4.4621 -1.7644 7.0221
3.5375 -2.8851 5.3018
2.2973 -2.8191 4.7171
-2.1215 -1.7844 4.2268
3.1319 -2.8637 5.1102
1.3805 -2.9260 3.9746
1.7528 -2.9360 4.1698
10.5577 0.5402 16.1815
6.4335 -2.2493 8.2412
6.5392 -1.7387 9.3199
-0.8631 -1.3830 5.7533
-0.7045 0.1953 8.9900
-11.7990 3.1030 8.3763
0.1459 -2.5217 4.0671
-8.6261 0.8800 5.7792
6.9650 -1.0984 10.8415
-0.2543 -2.5983 3.6834
2.1739 -1.8569 5.4589
4.3509 -1.9691 6.1405
-12.0049 1.8001 5.6612
-18.8867 4.2136 6.4958
0.0757 -0.6958 7.6650
5.9232 -2.2596 7.9260
-0.8285 -0.6034 7.3268
-0.3908 -2.4210 3.9578
7.0526 -0.9483 11.1914
1.3994 -1.7421 4.0281
-1.8570 -1.1683 5.6072
0.3990 -2.7411 3.7763
1.9081 -2.1086 4.8934
-13.4395 4.2138 9.6422
3.6740 -0.0620 4.2272
7.6309 -1.7544 9.9191
6.4297 1.9705 16.6475
6.7635 -2.5989 7.7353
1.5715 2.6480 15.1917
4.3883 1.9705 15.4686
3.4564 -2.2051 5.5967
3.5691 -2.5519 5.5786
2.2848 -2.7027 4.9418
-4.3864 1.3389 9.1422
-2.0439 3.7613 15.3221
3.1579 2.9841 16.7776
1.1340 -2.9554 3.7736
7.5831 -1.9820 9.4380
-0.3820 -2.5909 3.6244
10.6963 2.4404 20.0479
2.6228 -1.7296 5.9434
1.8375 0.1952 10.4579
6.2293 -2.5459 7.5325
8.4548 -0.9743 11.9493
3.2734 -2.7841 5.3506
2.0813 -2.7537 4.7228
3.6444 -2.0815 5.6789
-0.1110 -2.4033 4.1548
-4.7540 0.8202 7.8963
3.6810 -2.0022 5.7794
-4.1513 2.3409 11.2746
6.7245 -2.8748 7.1631
-4.8012 1.4110 9.0463
10.6353 1.9705 19.0764
0.1003 -2.6759 3.7336
5.3974 -2.9363 6.2740
0.5335 -2.8415 3.6538
11.4544 2.6481 20.8997
6.9127 -0.9998 11.0079
7.1748 2.9842 19.0977
0.0293 -0.5065 8.0153
0.6828 -2.8849 3.6537
-4.8741 0.9410 8.0676
-4.2361 -0.5392 5.4868
0.5577 -1.3867 5.7004
9.2969 -0.7842 12.8145
-0.8660 0.8201 10.1416
4.9719 -1.7824 7.4183
-0.3333 -1.0739 6.6753
3.5394 -0.3112 4.2612
4.2065 -1.8763 6.1541
6.2257 -1.9555 8.7067
1.3194 -1.9968 4.1041
8.2803 -0.6351 12.5244
1.4398 -1.9634 5.0405
4.3338 1.7181 14.9342
-4.6178 0.2891 6.9168
3.3607 -2.8077 5.3540
6.1386 -2.6696 7.2335
2.6899 -2.8528 4.8768
4.5277 -2.7722 6.0987
5.1859 -2.9213 6.1817
7.1946 -0.2976 12.5698
2.4936 -1.2662 6.7321
1.8070 -2.4967 4.5219
1.5764 -1.3725 6.0956
2.2240 -1.1788 6.8129
-1.0563 -1.4989 5.4109
-14.5163 5.9305 12.4410
2.6445 -2.9360 4.6846
6.4480 -2.9010 6.9511
2.2462 -2.8797 4.5668
-0.4520 -2.3573 4.0494
5.7119 -2.6831 6.9602
-15.0420 2.5424 5.3864
6.0972 -2.9061 6.7383
1.7374 -2.7027 4.6257
4.3889 -2.8852 5.7934
4.4220 -2.0206 6.2262
-12.3109 6.4086 14.6675
6.1876 -1.9688 8.6583
7.9881 -0.4050 12.8142
-4.3412 1.1999 8.8913
3.9768 -2.7842 5.7567
3.0131 -2.5881 5.2818
6.7970 -2.8365 7.2813
7.5205 0.7615 14.8684
6.0055 0.1951 12.8649
4.1749 0.5404 12.4956
5.9253 -2.3196 7.8077
3.7126 -0.3759 4.3518
3.4458 0.4366 11.8678
7.0526 -1.3835 10.3240
6.0671 -2.2800 7.9686
3.4766 -2.5703 5.5381
3.7428 1.1998 13.5600
12.4920 3.1035 22.4063
0.8907 -2.7411 4.0602
3.9213 2.3409 15.9370
3.4295 0.5666 4.8961
1.3018 -2.2754 4.5176
-5.8421 0.3374 6.3059
5.1576 -0.9218 10.1496
-8.3255 0.2892 4.7757
5.0000 -2.5523 6.4055
2.4121 -1.8073 5.8996
8.6011 -0.4396 13.0993
4.5695 0.7616 13.1643
1.3060 -2.2596 4.4372
-4.6351 0.1955 6.7202
0.1750 5.2883 19.6462
8.2299 -1.0251 11.7183
1.7042 -0.0235 9.9451
4.9457 -2.5669 6.3787
5.9299 -2.9214 6.6113
2.5123 -1.1245 7.2259
-4.2070 -0.1052 6.3684
3.1747 -2.8745 5.1135
5.6633 -2.5568 6.7983
5.0781 -2.2499 6.5504
0.2804 -2.7535 3.6830
-6.6403 1.1999 7.5636
2.5880 0.2889 11.0780
8.0822 -1.6070 10.4734
8.1707 -0.8952 11.9427
0.0930 -2.7410 3.5996
0.8541 -0.4047 8.6946
7.6067 -1.2798 10.8507
-2.6615 0.3865 8.2408
3.2473 -1.2596 7.0387
1.4811 -1.3832 3.7879
2.9619 -2.5099 5.2465
9.5806 5.2888 25.0794
4.8539 -2.8193 6.1932
-0.8651 -0.9215 6.6718
6.3613 -2.8137 7.0750
2.0869 -2.2441 4.6696
3.7899 -2.1745 5.6648
5.7585 -2.3745 6.7468
6.1520 -2.9510 6.6805
3.2436 -2.1640 5.3912
2.8984 -2.9161 4.8711
4.3726 -0.5067 10.5233
-12.1188 4.2138 10.4051
2.3684 -1.6437 5.9727
4.4621 -2.5153 6.0684
3.6678 -0.2410 5.0581
2.4689 -1.5908 6.0049
-1.8040 -1.9281 4.1239
4.8831 -2.0052 7.0140
-4.1277 0.0188 6.6612
3.7838 -2.1257 5.5908
-0.1075 -2.2995 4.3636
3.3224 -2.2281 5.2442
-0.4802 -1.9814 4.7822
0.3117 -0.6347 7.9229
-1.0991 -2.2278 3.9337
15.8209 5.9326 29.9662
3.8615 -2.8474 5.5642
3.5968 -2.8135 5.4788
9.0086 -0.8953 12.4266
-3.7750 5.7076 18.2004
-11.3878 1.8842 6.1851
-2.2175 -0.9737 5.7867
-0.5251 4.9019 18.4719
0.1588 -0.4046 8.2931
-23.0654 6.4078 8.4547
1.4000 -2.8190 4.1990
-0.3372 -1.6406 5.5439
4.6517 -2.8957 5.9243
1.8366 -2.1287 4.7866
7.4634 -2.2071 8.9202
6.2182 -1.6410 9.3291
-1.5371 -1.6405 4.8511
4.6046 -0.9997 9.6751
-0.0553 -0.4392 8.1006
4.7070 -2.7539 6.2388
4.7432 -2.9653 5.8384
9.0829 -0.9484 12.3637
4.8348 -2.1957 6.3649
2.7072 -2.9261 4.7406
2.9375 -2.4311 5.1657
10.2270 1.9705 18.8406
3.4930 -0.3472 4.2430
0.5673 -2.6202 4.1143
6.9213 -1.3428 10.3293
4.5523 -2.7842 6.0890
3.1474 -2.0426 5.5671
2.2103 1.5606 13.3939
-3.8993 0.0617 6.8786
6.9935 -1.1222 10.8106
4.5651 -2.9411 5.7837
2.4172 -2.5535 4.9173
7.7234 -0.2976 12.8752
7.6235 4.7204 22.8164
0.7483 1.8000 13.0266
-1.2961 -2.1284 4.0180
5.9974 -1.8000 8.8847
1.5551 -0.8678 8.1767
5.9730 -2.7601 6.9575
5.4112 -2.8020 6.5496
-8.4338 3.9067 11.9214
-5.3540 0.9410 7.7905
-2.2585 -1.8866 3.9440
4.4413 -1.9605 6.5774
2.9606 -2.7721 5.1939
-3.0896 -0.9214 5.3873
5.5939 -1.1221 10.0024
3.1860 -2.7721 5.3240
3.2307 -1.9629 5.9479
1.5009 -2.2834 4.6555
5.7379 -2.2698 7.7987
4.2415 -1.9018 6.1179
6.6035 1.4108 15.6327
-10.4613 0.9411 4.8410
-11.3586 1.4110 5.2592
-1.1770 -0.9738 6.3875
6.2956 -1.4617 9.7310
1.6185 -2.3348 4.4738
4.6103 -1.0497 9.5787
5.8670 -2.1353 6.8212
3.8187 -0.2362 4.3345
4.6324 1.3388 14.3507
-0.9805 -1.4030 5.6458
-0.5912 -1.8867 4.9068
-4.0866 1.0034 8.6469
4.4534 -2.0854 6.1180
7.3631 -1.7850 9.7033
2.6953 -2.1489 4.9598
6.0107 -1.2141 10.0600
3.9484 -1.4397 7.1801
-6.8623 0.9410 6.9194
1.5075 0.2416 10.3598
2.9240 -1.9810 5.6146
4.7546 -2.8529 6.0689
-1.5812 -1.1911 5.7210
9.1826 1.6383 17.5755
3.6461 -0.1434 4.9270
5.1487 -2.7902 6.4214
-7.0713 1.1999 7.3146
4.3293 -1.9010 6.4429
8.4572 5.0916 24.0377
-0.8414 -0.2973 7.9293
1.7910 -2.4257 4.4628
-6.9996 1.5607 8.0749
2.1398 -1.5239 6.1018
2.3507 -2.2469 4.6708
6.4325 -2.8854 6.9733
-13.6314 5.4928 12.0800
6.8395 -2.4648 8.0465
1.2744 -1.0495 7.6524
5.5571 1.8000 15.8039
-0.9315 6.4095 21.2413
-19.5253 5.9301 9.5474
5.8501 -2.9061 6.5956
0.7365 -2.5760 4.3000
-0.8144 -2.3759 3.8031
6.7623 -2.7602 7.4132
0.0648 -2.7156 3.6341
5.5473 -2.8364 6.5597
8.7192 3.9073 21.8291
2.2393 -2.8582 4.6057
-0.1979 0.5940 10.0770
3.1163 -1.5003 6.6082
3.2935 -0.3502 5.0092
5.2522 -2.8078 6.4461
3.9338 -2.2309 5.5737
3.4478 -0.3415 4.8583
-2.1516 -1.7537 4.2706
-0.7300 -1.1912 6.2125
4.7641 -2.8474 6.0853
2.2807 -2.9109 4.5246
3.7857 -2.8692 5.4770
3.8243 -0.2293 4.3173
-10.4742 5.4930 13.9038
3.6159 3.6209 18.3110
7.1364 -2.3197 8.5070
4.8886 -1.8047 7.3143
-17.2504 4.7192 8.4483
0.9752 -2.7899 4.0118
-12.3209 3.7610 9.3861
2.9333 -2.3134 5.0851
3.8026 -2.0146 5.7590
8.6264 -1.1223 11.7534
5.9984 -2.9654 6.5632
2.1411 -2.0304 5.1382
-1.6596 -2.0448 3.9747
7.5817 -1.7698 9.8599
1.5185 -0.5718 8.7454
8.6370 2.4403 18.8585
-1.6104 -1.1452 5.7957
8.6736 0.7044 15.4206
5.8724 -2.0939 8.2270
-2.2276 -0.8120 6.1031
0.2929 -2.7220 3.7529
6.6835 -2.5690 7.7488
2.0741 -2.9058 4.4154
-3.3316 0.0188 7.1209
2.2753 -1.7207 5.8841
3.3765 -1.7254 6.1750
-1.3924 -1.5174 5.1800
3.8190 -1.7893 6.2228
-3.1948 -1.1682 4.8348
3.5387 -2.3737 5.4346
5.2943 -2.4078 6.4713
1.6721 -0.6348 8.7085
8.3118 -1.3012 11.2154
3.3738 -2.6962 5.5837
1.6056 -2.8902 4.1760
7.1821 -2.3673 8.4386
3.9012 -0.2341 4.3491
3.8229 -2.3351 5.5634
-1.2220 -2.1285 4.0608
0.2179 2.6480 14.4099
-0.6926 3.6207 15.8224
-9.1145 1.0035 5.7433
0.1147 0.7046 10.4778
3.4397 -2.8135 5.3881
-1.1851 -2.2172 3.9053
-0.0322 -2.1169 4.7709
3.5782 2.5426 16.1407
6.3824 -2.8854 6.9444
7.2557 -2.2285 8.7577
-8.7502 0.6489 5.2471
2.4017 -2.8191 4.7774
-3.1161 -1.4029 4.4127
7.0967 -2.1853 8.7518
4.8744 -2.0298 6.8733
7.5252 -2.2285 8.9133
-4.1063 -0.7253 5.1908
6.5146 -1.4807 9.8197
3.1824 -1.6180 6.3761
0.8735 -0.7256 8.0664
3.4169 -2.0539 5.7154
8.9780 1.1326 16.4498
-2.7978 -1.5713 4.2608
4.5936 -2.2152 6.0385
3.9375 -1.6592 6.5582
8.0567 1.3387 16.3283
5.2718 -2.5563 6.5711
5.5625 -2.2338 6.8577
2.9935 -2.9507 4.8569
4.9024 -2.9263 6.0080
1.5263 -2.9554 4.0001
7.2634 -2.1175 8.9833
0.0832 -2.2173 4.6375
2.0136 -1.8986 5.2843
8.1303 1.3387 16.3708
10.1335 2.0593 18.9635
3.4545 0.6303 4.9137
3.5684 -2.5161 5.5542
-0.3762 3.1032 14.9739
2.3471 -2.6073 4.9115
13.3667 2.9843 22.6740
-3.1748 -1.6063 3.9735
6.6171 -2.3579 8.1310
5.5943 -1.3428 9.5630
-3.0465 -1.3005 4.6569
6.0919 2.1505 16.8112
-10.0781 3.7611 10.6816
6.6529 -2.1174 8.6308
3.6741 -0.0955 5.0296
5.9566 -2.5061 7.4542
-0.7564 -2.2065 4.1741
3.2347 -2.2915 5.2043
0.9812 -2.6894 4.2155
2.6335 -2.0690 5.2245
-4.2640 0.4369 7.4155
3.6785 0.1950 4.9679
-0.9653 -1.7382 4.9867
7.5425 4.0582 21.4501
-1.6049 2.8685 13.7966
5.2935 -2.3050 6.5828
3.5893 -0.3968 4.3158
-7.4864 0.3374 5.3564
3.8504 -2.2443 5.5602
-16.5095 3.2259 5.9008
1.4317 -0.2974 9.2420
7.9468 1.2684 16.1247
5.9730 -2.9606 6.5580
6.7738 -2.4816 7.9751
1.5902 -2.8690 4.2094
4.7910 -2.0861 6.5272
3.1718 -0.9996 7.4661
3.4651 -0.2317 5.3279
-1.1963 -2.0814 4.1694
2.8704 -1.4156 6.6888
6.4227 -2.6559 7.4249
2.9158 -2.7350 5.2420
5.9361 -1.5719 9.3038
0.3546 -2.7957 3.6417
1.0522 -1.7681 5.4715
6.8590 -2.8365 7.3171
2.8003 -2.1759 5.1334
6.3423 -0.4734 11.7273
3.8571 -2.7960 5.6639
7.0107 0.1951 13.4454
4.3485 -2.3952 5.9243
8.1067 0.2887 14.2649
4.1597 -2.9060 5.6196
4.4153 3.2264 17.9866
0.1736 -2.1514 4.8211
4.4117 -2.7782 6.0197
7.7076 -1.9689 9.5359
6.5289 -2.8137 7.1717
1.8196 -2.7412 4.5965
4.1137 3.7615 18.8788
4.7823 -2.4452 6.2929
3.4827 -2.9110 5.2185
0.6180 -2.9457 3.4950
4.8176 -2.1191 6.4763
5.9389 -2.3196 7.8156
2.3271 -1.3921 6.3096
4.3448 -2.8250 5.8879
6.3523 -2.8854 6.9270
7.0141 1.6383 16.3231
1.4585 -2.9260 4.0197
12.9709 3.4852 23.4435
12.0661 3.9074 23.7623
6.2721 -2.4391 7.7700
-15.4855 3.2260 6.4922
1.8115 0.9408 11.9286
-4.4547 -0.7835 4.8737
2.5008 -2.7660 4.9405
0.4298 -0.4392 8.3807
4.1431 0.1952 11.7894
-7.1373 -0.1050 4.6763
1.9342 -1.2748 6.2193
4.6038 -1.5123 7.7505
-4.6808 0.1054 6.5144
1.0995 -2.7840 4.0954
-1.9591 -1.9006 4.0891
3.0102 0.2889 11.3218
5.8297 -2.8693 6.6571
-4.9364 5.7075 17.5295
3.2289 -2.7721 5.3488
0.4793 -2.5984 4.1070
-0.7728 -1.4802 5.6118
7.6825 -1.7544 9.9489
2.7747 -0.0236 10.5633
2.1921 -1.5906 5.7233
-0.4836 -1.6573 5.4260
8.1850 -1.0499 11.6428
-0.0677 -2.3942 4.1978
5.5494 -2.7662 6.7007
-1.6163 0.6487 9.3669
2.7373 0.9408 12.4632
-4.9114 -0.2971 5.5791
0.4727 -2.5454 4.2087
1.0635 0.5404 10.6988
5.4996 -2.1675 7.1149
6.8268 -2.6420 7.6859
9.2790 0.0612 14.4887
3.6980 -0.1244 5.0493
0.0850 -1.8726 5.3253
3.8314 -0.1286 4.6484
3.1570 -2.8134 5.2249
-13.2649 2.5425 6.4128
1.1792 -2.9506 3.8094
5.8587 -1.9794 6.7448
3.0907 -1.3375 6.7339
2.0214 2.2444 14.6473
3.4836 -2.2266 5.3645
5.2310 -2.3697 6.4306
7.0794 -2.5915 7.9325
3.3080 -2.0037 5.7136
1.8791 -0.9995 8.1013
-1.5281 5.9314 19.9440
-5.9335 0.3374 6.2532
1.4402 -1.2191 6.3724
-18.9967 4.0572 6.1207
1.3694 -1.7937 4.0803
7.3060 1.8000 16.8139
3.3466 -0.9590 7.5704
-8.1437 1.0035 6.3040
5.8259 -1.5719 9.2402
-0.2031 -2.5608 3.7878
0.0705 -0.5394 7.9736
3.5423 -0.9997 7.7421
0.9731 -1.7005 5.3251
-0.3083 -1.5174 5.8059
5.7649 -0.8124 10.7183
0.6977 -2.8016 3.8281
8.6325 3.4851 20.9377
5.5291 -0.2976 11.6080
6.3806 -1.4425 9.8183
2.8915 -2.2653 5.0611
4.3824 -1.6799 7.1552
-3.5207 -1.3829 4.2188
7.5087 -2.2179 8.9250
4.8869 -1.4481 8.0159
-1.7156 -1.1452 5.7349
7.3707 1.5606 16.3741
5.8718 -0.5397 11.3236
6.7895 -2.5840 7.7799
6.2745 0.8199 14.2653
3.8321 -1.9922 5.7864
-27.4520 6.9314 6.9647
4.6009 4.5452 20.7217
-3.2470 -1.2135 4.7143
5.5433 0.2888 12.7846
-0.5876 -1.2137 6.2500
11.0026 1.4108 18.1733
0.2287 6.9339 22.9562
4.3336 -2.0002 6.1040
6.6588 4.5453 21.9104
3.0227 -2.5343 5.2521
5.6510 -0.6657 10.9448
10.7131 2.0593 19.2983
4.6854 -2.1677 6.3478
-1.7187 1.1998 10.4059
2.1752 -2.4644 4.7171
0.8662 -2.7536 4.0212
3.8407 -0.1447 4.6800
3.5541 -0.2402 4.3175
7.1606 -1.0250 11.1008
4.5116 -0.1844 11.2459
2.4820 -2.1579 4.8278
5.8314 -2.8853 6.6263
-6.5420 2.7565 10.7220
5.7513 -2.8639 6.6226
2.1757 -2.6761 4.9319
2.2659 -0.4732 9.3733
-1.2442 3.2263 14.7178
2.7176 -2.8361 4.9260
6.1923 -1.2797 10.0340
-10.6747 1.0035 4.8423
-13.1187 1.8842 5.1855
0.2473 -2.3943 4.3797
6.3576 -2.8308 7.0388
-6.0610 0.0189 5.5448
1.5533 -1.0792 6.4229
2.4845 -1.9590 5.1719
1.0529 -2.9006 3.8361
0.4721 -0.9479 7.3915
0.5124 -2.9057 3.5138
1.9544 0.3372 10.8082
5.6136 -2.1057 8.0540
3.3101 -2.7781 5.3836
-7.5388 0.5407 5.7310
6.4387 -0.9219 10.8893
-1.4507 -0.0234 8.1232
-1.6154 0.3865 8.8449
6.8675 -2.3001 8.3909
2.9588 -0.0376 6.1830
8.3267 -0.9220 11.9796
3.6081 -0.2231 4.2881
6.3943 -1.2797 10.1507
-2.4194 -1.7995 4.0247
-2.2228 -1.8582 4.0212
-1.7383 -1.5536 4.9080
5.4398 -2.4147 6.5431
3.6241 -1.5615 6.5710
6.4623 -2.2901 8.1767
16.0400 5.7089 29.6470
4.2007 -2.6897 6.0743
3.1899 -2.7028 5.4644
0.8809 -2.8075 3.9223
7.1015 -1.2798 10.5590
3.2202 -2.7841 5.3198
2.4587 -2.1293 4.8725
4.1628 -2.5441 5.9317
3.9260 -2.6068 5.8219
0.4588 -0.7549 7.7685
5.6533 -2.8800 6.5340
5.9696 -2.9510 6.5752
5.8911 -2.2699 7.8871
-8.6296 0.3867 4.7943
6.3562 -2.9264 6.8474
4.5557 -2.3122 5.9887
2.5610 -1.9990 5.1220
3.0071 -2.7660 5.2328
-18.7961 6.1638 10.4341
-22.6839 6.9319 9.7192
5.3799 -2.7030 6.7288
5.2555 -2.3273 6.4907
2.6265 -1.2313 6.8797
2.1742 -2.0617 4.8491
3.4770 -0.2366 4.3771
-11.4621 3.3532 9.0694
-1.6045 -1.9550 4.1855
3.0635 -2.4171 5.2056
0.2495 -2.4122 4.3452
1.6515 -2.1841 4.7700
0.8389 -2.8075 3.8980
-14.2099 4.2137 9.1972
1.3006 -1.9785 4.8986
0.3467 -2.1053 5.0129
4.6943 -2.8584 6.0232
0.8876 -0.9216 7.6839
5.0749 -1.5178 8.9143
6.0803 -2.6134 7.3118
3.5437 -0.1812 4.5794
5.2131 -2.3409 6.4695
6.2329 -1.6069 9.4056
-2.4126 6.6654 20.8957
-0.1519 0.4881 9.8925
6.9818 -2.2801 8.4967
7.1559 -2.5766 8.0065
5.9194 -1.8297 8.7805
2.4369 -2.1065 4.9027
1.4573 -1.5004 3.8523
2.7848 -1.7856 5.9124
-14.8198 2.5424 5.5147
-1.0938 -2.3479 3.6976
4.6231 -2.9009 5.8974
-0.9304 -0.8121 6.8521
3.1237 -2.0958 5.3833
-1.4940 -0.7548 6.6408
6.3178 -1.6578 9.3532
2.4882 -2.2277 4.7310
1.9734 -2.7900 4.5881
2.6934 -2.2725 4.8739
-3.2264 -1.2135 4.7262
3.7643 -2.9059 5.3913
4.6677 -2.2150 6.2873
11.0025 1.0032 17.3609
5.4483 -2.9606 6.2550
9.2365 -0.7553 12.8371
6.6481 -2.6350 7.5968
2.3519 -1.9968 5.0874
4.3107 -2.6830 6.1511
2.4312 -1.7373 5.7858
4.0803 -2.6963 5.9916
3.4659 -1.3397 6.9817
5.2054 -2.7601 6.5143
6.8384 -2.8365 7.3051
5.1603 3.9072 19.7735
0.7623 -2.8581 3.7530
3.0121 -1.8623 5.8292
6.4902 -2.3672 8.0391
7.5930 1.1327 15.6499
-3.6636 -0.5392 5.8174
6.6827 -2.1174 8.6480
-5.4694 -0.6955 4.4631
8.2429 0.0183 13.8048
1.2626 -2.6894 4.3780
2.5082 -1.6045 6.0081
5.1935 -2.8585 6.3114
6.1144 -0.4734 11.5957
-0.1892 0.6487 10.1910
5.2169 -1.0497 9.9289
-9.1955 0.7048 5.1013
-0.3206 -2.4810 3.8789
6.3887 -2.4563 7.8031
-8.2919 0.7619 5.7369
0.2771 -0.6655 7.8417
1.2387 -1.8776 5.0933
6.6606 -2.8586 7.1584
2.6842 -2.1276 5.1102
2.0986 -0.0235 10.1728
3.4125 -0.7839 9.4166
3.6295 -0.4122 4.3397
8.0574 1.4108 16.4724
0.5282 -2.8471 3.6397
3.6212 -1.7039 6.3680
6.1490 -2.9164 6.7478
7.7750 3.4851 20.4424
-11.7371 5.4929 13.1742
3.2077 -2.7093 5.4616
5.9203 -2.5301 7.3854
2.1270 -2.7222 4.8119
6.0375 -2.7784 6.9584
-4.4891 -0.5063 5.4061
-3.2472 -1.4611 4.2208
5.1137 -1.4806 9.0108
1.5220 -1.2487 3.8147
5.4341 -0.6657 10.8195
1.5653 -2.7720 4.3882
4.3988 -2.1222 5.8002
0.3321 -2.6691 3.8810
2.0268 -2.7720 4.6547
-1.6297 -1.9813 4.1185
2.4745 -1.9295 5.3739
8.4136 -0.9483 11.9772
-18.4364 4.3758 7.0791
4.4976 0.8200 13.2391
6.8407 -2.5302 7.9168
-3.1573 -1.4801 4.2350
2.6040 -2.8361 4.8604
5.7002 -2.9314 6.4587
-0.1272 -1.0246 6.8926
-2.2673 -1.7995 4.1126
8.4618 4.0582 21.9811
4.7061 -2.2317 6.2493
4.0018 -2.6963 5.9463
4.0322 -2.4088 5.7452
-16.0761 3.7609 7.2171
6.2838 2.0593 16.7402
-1.7670 -1.3628 5.2716
2.4596 -1.8755 5.3148
-11.8429 1.4110 4.9796
8.8324 -0.6659 12.7819
6.1181 -2.5061 7.5474
7.2127 5.4941 24.1208
-0.4882 0.0187 8.7629
3.3670 -1.4128 6.9421
6.0096 -2.6559 7.1864
2.9682 -0.6959 9.3353
5.7778 -0.6350 11.0793
3.7127 -0.6349 9.8868
9.4140 -0.2230 14.0004
6.7707 -0.8405 11.2433
0.0321 -1.7064 5.6260
-16.7675 3.9065 7.1078
4.9904 -2.9557 6.0002
4.9713 -2.9605 5.9796
-0.7078 -0.9215 6.7627
-1.5454 -0.7255 6.6696
-15.9674 5.4926 10.7305
11.4179 1.4847 18.5604
0.3130 -2.2385 4.7281
0.6707 -2.8581 3.7000
4.5493 -2.1945 5.9572
0.5589 -0.3834 5.3648
6.0211 -2.9314 6.6440
3.0190 -2.9556 4.8620
6.5797 -2.7353 7.3574
8.1718 -1.6242 10.4909
4.0686 -2.0753 5.7864
-2.6026 1.4109 10.3160
2.2405 -0.4732 9.3587
3.6729 -2.0800 5.6503
1.4068 -2.5571 4.3146
5.3474 -2.0597 7.0963
5.9533 -0.4049 11.6392
3.5745 -2.7223 5.6477
4.1375 -2.1143 5.7271
3.4129 -2.3533 5.3417
3.6752 -2.0153 5.7318
4.8912 -2.9060 6.0420
2.9601 -2.7537 5.2302
2.9781 0.7616 12.2452
1.4034 -2.1676 4.8459
0.7877 -2.7026 4.0774
3.5629 -1.3097 7.1306
8.6571 -0.0651 13.8778
4.1087 -1.1644 8.0853
3.1694 -2.6829 5.4922
-0.0291 -1.9551 5.0951
4.2084 -2.0266 5.9491
3.7593 -2.7782 5.6430
3.0690 -1.9533 5.6996
3.9544 -2.1839 5.5540
6.2941 -1.9150 8.8270
7.3948 -2.2700 8.7553
-0.6304 -1.6902 5.2757
-7.9817 1.0674 6.5249
-2.1940 0.2417 8.2222
-2.3361 -0.3336 6.9937
-20.6274 4.7190 6.4976
7.0195 -1.4618 10.1490
0.8574 -2.8190 3.8857
-0.4646 -0.9479 6.8506
6.4778 -2.9010 6.9683
6.8454 -2.5381 7.9038
4.4866 -2.7782 6.0629
-1.2949 -2.2488 3.7790
0.6951 -0.2226 8.9655
5.4630 -2.9112 6.3619
-7.0925 0.4369 5.7821
3.6239 -2.8691 5.3835
3.0090 -1.7241 6.1337
-0.3915 -2.5835 3.6338
5.0920 -2.2208 6.6628
-6.8280 0.9410 6.9392
3.1553 -2.9007 5.0500
0.7470 -2.8247 3.8106
8.3440 1.8841 17.5810
-0.6259 -2.0072 4.6467
14.2481 6.4107 30.0106
3.8026 -0.1010 4.6593
6.0026 -1.4180 6.4944
10.0692 0.4365 15.6928
6.2718 -0.9482 10.7405
2.4051 -2.8472 4.7233
10.3791 0.7043 16.4055
-1.1669 -2.0693 4.2104
0.2881 -2.7284 3.7375
2.1239 -2.9006 4.4545
2.5386 -2.9058 4.6837
10.5066 2.6481 20.3522
0.1080 -1.1684 6.7419
4.0505 -2.9212 5.5262
4.9489 -2.8530 6.1810
4.7981 -2.6963 6.4060
0.8124 -2.9602 3.5784
-0.8133 -0.2603 8.0194
-5.8205 1.0035 7.6456
-2.5667 -1.2136 5.1071
4.5346 -2.4288 6.0533
4.3942 -1.7808 7.0758
-9.5763 1.8842 7.2313
0.3136 1.1328 11.4459
3.9511 -1.0832 8.0750
5.8050 -2.7723 6.8362
1.2148 -2.3671 4.2909
4.0469 -1.8694 6.1456
3.9475 -1.9218 6.1921
2.6245 0.3371 11.1952
1.5806 -1.8381 5.1725
4.9670 -2.7288 6.4389
3.6938 -0.9740 9.2001
2.8268 -2.0275 5.3760
-11.6551 3.1030 8.4594
1.1719 -1.9885 4.8656
8.1189 -0.3341 13.0310
1.2703 0.6486 11.0338
3.2218 -1.0589 7.3439
8.5690 0.6485 15.2488
5.2197 -1.7098 7.7249
-1.0141 -2.2065 4.0253
-8.0664 2.5425 9.4152
-1.5596 -1.7063 4.7069
6.7684 -2.6062 7.7235
5.9525 -2.3196 7.8234
4.9663 -0.8433 8.2986
3.0637 -2.6896 5.4179
4.2546 -1.8462 6.4718
-6.5502 0.5942 6.4086
-1.8064 -1.3628 5.2489
-6.3020 -0.5391 4.2938
-1.4172 0.5940 9.3729
5.9424 -2.2800 7.8965
1.9754 3.3535 16.8307
-1.0325 0.6487 9.7040
-10.2331 2.2443 7.5697
5.5222 -2.9112 6.3961
9.7631 3.3537 21.3288
3.3679 -2.9508 5.0730
6.2162 -2.3579 7.8995
9.7081 1.7181 18.0380
-1.5972 -0.1841 7.7183
7.3396 -1.2582 10.7395
-6.4332 2.9839 11.2380
3.7573 -2.1738 5.5083
-4.7747 -0.9213 4.4143
-4.3113 -1.0737 4.3783
-0.8174 -0.8676 6.8067
3.6244 -2.1014 5.6901
1.3002 -2.2866 4.4728
5.4218 -2.4488 6.5555
11.4220 2.8687 21.3205
6.9197 -0.6350 11.7387
6.1349 -2.5613 7.4472
5.6860 -2.9412 6.4309
-19.9250 5.2871 8.0352
3.1544 -0.3530 4.8185
4.5508 -2.0233 6.5542
-1.0440 2.4403 13.2672
6.0622 -1.6743 9.1726
7.6795 -1.5720 10.3105
6.4713 1.8000 16.3318
2.4828 -2.9261 4.6111
5.3967 -2.9009 6.3441
2.1719 -1.5964 5.8762
3.8731 -2.9460 5.3744
1.3315 -2.7780 4.2413
-5.9269 -0.4389 4.7100
-1.1267 -1.6064 5.1560
10.1070 0.7615 16.3621
11.5348 3.9074 23.4555
4.2854 -1.9282 6.0947
4.2047 -2.8363 5.7846
4.5920 0.4879 12.6320
7.3950 0.1951 13.6673
7.8660 -1.9689 9.6274
0.5196 -2.7026 3.9226
9.1868 0.1495 14.6114
7.0455 -2.0939 8.9043
8.1843 -1.7070 10.3331
3.3652 0.2861 4.8318
2.2830 -0.8949 8.5430
2.4244 -2.9603 4.5091
6.5900 0.6485 14.1059
2.4301 -2.7027 5.0257
-4.0819 -0.7547 5.1465
4.2739 -2.1096 5.9347
0.5829 -2.7779 3.8091
6.4222 -2.4980 7.7392
1.5110 -0.2974 9.2878
3.7836 2.1505 15.4781
5.4311 -2.3595 6.5508
2.9481 -0.3696 9.9739
0.0603 -2.6273 3.8073
3.7292 -0.1977 4.7455
1.4082 1.9705 13.7474
3.8199 -0.2012 4.3115
14.4570 3.9075 25.1433
4.3599 -0.7257 10.0796
7.1039 -0.9742 11.1693
2.1566 -0.6656 8.9270
2.9811 -2.0434 5.5211
7.2467 1.0672 15.3194
4.8517 -2.9060 6.0191
5.4275 -1.5360 9.0815
4.5664 -2.9111 5.8443
-3.5247 -0.8120 5.3541
3.5309 -2.9604 5.1480
7.2624 -2.2901 8.6387
4.4445 -2.4801 6.0346
4.3974 0.0614 11.6697
1.3853 -1.8725 5.2299
5.1606 -1.9269 7.2954
7.0484 -2.3948 8.3066
6.6567 -1.8001 9.2653
1.3471 -1.8944 4.0517
-13.3578 3.6204 8.5070
-1.0299 -2.0934 4.2417
-19.7692 4.9009 7.3557
1.8492 -2.8248 4.4470
1.3798 -2.8743 4.0772
-1.3322 -1.7064 4.8382
4.2063 -2.7961 5.8655
6.1750 -0.4394 11.6983
8.8321 0.8796 15.8613
2.8688 -2.7413 5.2023
4.2802 -1.0248 9.4375
6.4507 1.8841 16.4875
4.4525 -0.5396 10.5040
0.7759 -2.8075 3.8616
3.0645 -1.7819 6.2248
0.7521 -2.9209 3.6218
5.4653 -2.9363 6.3132
5.9822 -1.0249 10.4204
4.9839 -1.4863 8.0801
-2.8064 -0.9477 5.4984
2.9903 0.1952 11.1237
6.9380 -0.2229 12.5706
4.2069 -2.8193 5.8196
-11.2966 2.2443 6.9555
4.3188 -0.9996 9.5101
1.3031 -2.9057 3.9703
1.3759 -2.0531 4.8876
6.7227 -0.2229 12.4462
-2.9353 -0.1052 7.1028
-20.4541 4.3757 5.9137
-2.8471 -1.6901 3.9957
7.8203 1.8841 17.2785
1.6761 -2.6031 4.5152
3.8265 -0.2014 4.3148
5.4712 -2.8136 6.5611
4.9709 -1.7410 7.5651
1.6434 -2.9650 4.0487
2.6908 -2.0253 5.3862
-4.3966 0.5406 7.5456
4.7004 -2.2880 6.0714
13.3085 5.0919 26.8400
0.6341 -2.4975 4.3973
1.2721 -1.9275 4.9851
2.4380 -2.2947 4.7525
2.6021 -2.7841 4.9629
6.6674 -2.8421 7.1953
-0.2307 -0.9994 6.8830
6.9902 0.5938 14.2281
0.5273 -2.9005 3.5327
-2.3220 -1.8582 3.9640
2.7311 -2.4634 5.0358
3.2221 -2.7960 5.2973
2.0207 -2.1377 4.8379
4.0815 -2.0355 5.8638
2.3422 -2.0765 5.1268
7.8972 -1.4995 10.5808
10.4524 6.4104 27.8178
-14.0227 3.2260 7.3371
-2.6775 -1.5889 4.2952
3.4059 2.1505 15.2599
2.9359 -2.4103 5.1159
2.4299 -1.8306 5.5523
-1.6420 -1.7995 4.4736
1.6097 -0.9480 8.0484
0.5736 -0.1417 5.3055
4.0594 -2.7600 5.8526
1.3316 -1.8996 4.1461
-16.3093 3.1029 5.7713
6.1678 -0.7840 11.0076
6.9086 -0.8405 11.3230
3.5892 -0.4067 4.3365
4.2290 -1.9032 6.1160
0.1648 -0.9994 7.1114
4.0442 -2.7901 5.7837
2.7107 -0.1068 6.4403
-5.7801 -0.6955 4.2836
1.4597 -2.4605 4.2953
4.3678 -1.9597 6.3122
1.0241 -0.6655 8.2730
7.0438 -2.5915 7.9119
-5.7876 0.1955 6.0546
6.6029 0.4879 13.7933
1.9393 -0.6348 8.8628
6.4300 -2.3579 8.0230
3.2528 -2.0221 5.6992
5.9476 -1.8443 8.7676
7.5790 -1.8589 9.6809
6.9353 -1.3835 10.2563
2.2798 -2.5328 4.8199
6.0756 -2.8021 6.9332
0.5107 -0.6252 5.4984
-2.1893 -0.2972 7.1510
5.5894 -2.1247 7.1175
3.1371 -2.8417 5.1570
-0.0251 -2.6344 3.7439
4.4783 -2.1220 5.9119
5.6102 0.5939 13.4311
-3.8938 2.2444 11.2310
2.5226 -2.2804 4.8254
0.3086 -0.5717 8.0468
3.0931 -2.1640 5.3412
-26.3047 6.4075 6.5833
3.0708 -1.1696 7.0214
2.3553 -1.7438 5.6897
-12.3510 2.3408 6.5388
5.8405 -2.1404 8.1157
4.0370 -0.1695 4.4605
-1.4625 -2.0324 4.1133
2.7587 5.9317 22.4204
3.1260 -0.2925 4.7893
5.4534 -2.4956 6.6521
9.7609 2.0593 18.7484
3.2266 -2.2781 5.1958
0.6661 -2.8526 3.7083
5.0347 -2.1876 6.6502
0.1416 -2.2694 4.5674
-14.0543 3.1030 7.0737
2.5030 -2.6255 5.0133
6.3027 -0.4395 11.7721
5.9559 -2.6489 7.1692
4.8569 -1.7439 7.4151
4.7504 -2.8905 5.9916
2.4043 -2.0813 5.0461
4.6889 -2.2386 6.1898
3.6308 -0.5396 10.0295
1.8336 -2.0122 4.9970
3.2612 -1.1189 7.4036
-2.5565 -1.7063 4.1313
-5.2240 -0.9213 4.1548
3.9462 -1.2431 7.9083
3.8909 -2.5692 5.7749
-0.6412 -2.2895 4.0752
1.4110 -1.7357 4.0078
2.7068 -1.5259 6.2931
10.6496 1.7181 18.5817
4.1802 3.6209 18.6369
4.8984 -2.8639 6.1302
-2.7398 -1.6063 4.2246
2.0863 -1.4470 6.1856
8.6625 0.8796 15.7634
5.7261 -2.1290 8.0725
3.8743 -2.7901 5.6856
-8.8756 0.3867 4.6522
6.6061 1.5606 15.9326
-5.2592 -0.3693 5.2345
-5.1633 1.9705 9.9521
-1.2516 -2.1284 4.0437
6.1839 -2.8694 6.8616
4.3907 0.5939 12.7269
8.1257 1.1326 15.9575
3.4579 -0.6656 9.6784
4.5690 -2.6763 6.3137
3.3485 0.2954 4.8204
5.8731 -1.0249 10.3574
-14.6158 3.7610 8.0605
3.1627 -2.7901 5.2748
2.8973 -2.8473 5.0075
-5.3395 1.4849 8.8827
-3.0310 -1.4988 4.2707
-4.0346 6.1649 18.9616
7.7220 -1.9557 9.5706
16.8064 6.1664 31.0013
-2.2884 1.3388 10.3538
3.3484 0.3512 4.7483
10.0607 3.3537 21.5007
1.3077 -2.6894 4.4040
1.9454 -2.1582 4.7379
-1.3762 -1.1683 5.8849
3.4495 0.7807 4.8563
2.7513 -2.7599 5.0973
7.3255 -2.3579 8.5400
1.6599 -2.8636 4.2603
1.1441 -1.7970 5.2928
3.8476 -0.1852 4.5284
1.5525 -1.8178 5.2895
5.4039 -2.2256 6.8570
6.5333 -2.8531 7.0959
6.7543 -2.2699 8.3855
3.1581 -1.5523 6.4918
-8.0074 2.7565 9.8756
1.7222 -1.5428 5.8738
2.5791 -1.6486 6.1284
-0.7654 -1.3831 5.8098
8.1485 -1.7230 10.2806
-12.5303 2.2443 6.2430
-15.1023 5.2874 10.8211
6.0951 -1.1456 10.2451
3.8090 -2.6762 5.8749
0.3527 -1.0246 7.1697
-0.4308 -2.5137 3.7501
0.3483 -2.8415 3.5468
3.7048 -2.4224 5.5595
3.8460 -1.9725 5.9582
4.9439 -2.3096 6.4949
-0.3590 -1.6573 5.4980
2.8612 3.7615 18.1553
1.2295 0.7045 11.1216
1.0335 -0.5066 8.5951
2.9125 -2.7413 5.2275
-0.2326 -2.4810 3.9297
1.2769 -2.8471 4.0719
6.1023 -1.7068 9.1310
5.6779 -2.8693 6.5695
4.4029 -2.8957 5.7806
6.6123 -2.5536 7.7382
0.1020 -0.6035 7.8641
1.8446 -2.0601 4.8762
12.5696 3.7618 23.7629
2.0489 -1.9486 5.2072
1.5211 -2.7285 4.4493
0.0582 -2.5684 3.9234
3.2797 -1.7036 6.2613
5.2671 -2.9606 6.1504
4.3567 -2.8799 5.7854
9.2399 2.1506 18.6293
2.6847 -1.4967 6.3248
9.2528 0.2887 14.9268
-7.2480 2.0593 8.9250
-8.7478 2.9839 9.9012
-0.3828 -2.3942 4.0159
-4.7310 0.2418 6.7572
4.3618 -1.9780 6.2764
1.1950 -1.2886 6.0449
5.5155 4.5453 21.2500
7.0154 -2.0939 8.8870
4.0648 -0.8679 9.6259
3.2573 -1.9783 5.7429
2.8297 -0.0555 6.4161
5.8300 -2.1671 6.8211
6.9179 -2.6965 7.6300
-2.1118 -0.8120 6.1700
0.7560 -1.4537 5.6964
6.2779 -2.8906 6.8736
-0.3372 -2.5983 3.6356
2.5362 -2.7900 4.9130
6.6453 -1.5179 9.8211
3.5388 0.3217 4.9212
-2.8575 -0.5064 6.3483
5.0988 -0.7341 8.2191
1.4522 -2.3146 4.3910
3.6373 -2.0011 5.7505
-0.9861 -2.3093 3.8366
2.8859 -2.2576 5.1672
12.0258 2.5427 21.0196
3.6671 2.5426 16.1920
1.9129 -0.5395 9.0375
5.5345 -2.8747 6.4760
-1.1018 0.8798 10.1245
7.6376 4.3769 22.1401
-4.6090 -0.6955 4.9599
5.0761 -2.5681 6.4566
5.0623 -2.0634 6.9453
-10.2974 5.9308 14.8782
-2.9230 -1.1682 4.9917
1.7984 -1.8633 5.2728
6.3110 -2.8747 6.9243
4.1424 -2.6249 5.9582
11.0513 3.1034 21.5742
-1.7469 -0.6654 6.6729
3.8528 3.7615 18.7281
1.2810 3.3535 16.4297
4.1929 -2.1998 5.7029
0.9638 -2.7536 4.0776
-0.6703 -0.9994 6.6292
-0.9079 -2.3942 3.7127
7.4195 -2.3100 8.6899
1.9216 -2.4510 4.5683
6.7208 1.5606 15.9988
-2.1526 0.8798 9.5176
4.3732 -1.3323 7.9598
7.2345 -0.3698 12.4491
2.8592 -2.9161 4.8484
4.6714 -2.9411 5.8451
0.6993 -1.4022 5.7324
3.9989 -1.9888 5.9158
-0.3039 0.7617 10.3499
-2.6053 -1.7995 3.9174
5.5625 -2.1468 7.0835
3.0332 -1.8821 5.7992
-18.5720 3.9064 6.0655
4.1427 -1.7308 6.6476
6.4641 -1.9287 8.8979
10.5449 2.7567 20.5908
5.9605 -0.2605 11.9310
4.5304 -1.2609 8.1937
1.5063 -0.4732 8.9347
3.7399 -1.8890 5.9372
0.4180 -2.7957 3.6783
3.8183 -0.2221 4.3133
8.3675 -1.4995 10.8523
13.0358 2.9843 22.4828
4.9368 -2.0370 6.9370
0.2194 3.2263 15.5631
6.4580 4.7203 22.1431
2.5789 -2.9555 4.6079
4.1196 -2.0165 5.9484
1.1302 -1.0831 6.4454
-6.5234 -0.2971 4.6482
0.8701 -0.3695 8.7739
-5.7993 -0.4389 4.7837
3.8238 -0.2362 4.3179
6.0733 -1.4766 6.5006
-2.6878 -1.2576 4.9494
8.2373 -1.4808 10.8144
1.9208 -2.3616 4.5006
5.4120 -2.8800 6.3947
4.0780 -2.0773 5.9567
-5.2702 -0.3335 5.2994
5.9033 -1.3010 9.8247
1.5790 -2.7840 4.3722
4.9020 -2.0896 6.7929
-18.9965 3.9064 5.8203
1.9500 -1.3067 6.1517
1.9766 -2.5513 4.6581
1.2272 -2.3014 4.3277
7.4418 -1.7543 9.8099
6.6993 -2.9511 6.9965
4.5063 -2.1981 5.8793
1.2048 -2.1514 4.6295
4.8462 -2.1927 6.3628
3.1433 0.1335 4.7050
5.3251 -2.9112 6.2823
0.5079 -2.8132 3.6954
8.3043 -0.9220 11.9666
2.9343 -2.1016 5.3335
4.3667 -2.7722 6.0057
7.7663 -0.5720 12.3532
2.3226 -2.9458 4.4792
2.1230 -1.1559 6.6544
6.4219 -2.8748 6.9884
4.0752 -2.7287 5.9240
7.2959 -1.9689 9.2982
5.0886 -2.2650 6.5270
1.1513 -2.7597 4.1736
4.1885 2.6480 16.7032
11.1536 1.4847 18.4078
5.9763 -2.7352 7.0090
4.7079 -2.2491 6.2293
6.2880 -0.6350 11.3739
-0.1792 5.4936 19.8508
-10.9621 1.2686 5.2045
3.0684 -1.8889 5.9840
6.4920 -2.7478 7.2817
-0.9477 -1.7224 5.0284
-2.5312 -1.6235 4.3109
2.3559 -1.0821 7.0849
2.6774 -1.3276 6.9073
3.3444 -2.9556 5.0499
1.3052 -2.0999 4.1920
6.8488 -2.7602 7.4631
1.3396 1.4848 12.7400
7.1230 -2.5302 8.0797
1.6972 -2.7285 4.5510
13.3125 3.6212 23.9117
5.5862 -2.7843 6.6859
1.2565 -1.9393 5.0988
3.8595 -2.1355 5.6280
3.0898 -1.7656 6.0636
-14.7629 3.4845 7.4247
5.0698 -2.8905 6.1761
11.5704 2.9842 21.6365
4.0143 -1.3663 7.6787
3.5337 2.5426 16.1150
-1.7724 -0.4046 7.1779
-7.7236 0.1055 4.7573
-2.3211 -1.0493 5.5763
0.9139 -2.9554 3.6466
3.8874 5.2885 21.7906
-4.8715 0.1955 6.5836
6.4136 -2.9062 6.9209
1.3011 -2.1038 4.1650
1.9369 -2.9360 4.2761
3.4525 0.3406 4.8070
-3.4089 -0.8120 5.4210
0.3357 -2.8189 3.5845
7.2264 -2.1405 8.9160
-0.2108 -2.4893 3.9258
7.4114 -2.2801 8.7447
4.5907 -1.8384 6.9111
4.7091 -2.3317 6.0956
3.9438 1.4848 14.2440
-5.3258 2.8685 11.6475
-6.5330 0.4369 6.1052
-3.6545 1.2685 9.4247
-2.2637 -1.9416 3.8315
5.0594 4.7202 21.3352
1.0551 -2.8360 3.9660
6.4676 -2.8906 6.9831
1.7149 -2.9409 4.1381
2.4662 -0.6959 9.0454
1.2189 -0.8949 7.9285
-7.8118 2.6479 9.7722
5.8915 -2.3672 7.6934
2.8712 -2.8192 5.0485
6.1957 -0.6960 11.1990
-16.0682 2.9838 5.6731
-5.2483 -0.7835 4.4154
0.1473 -2.6554 3.8016
6.4142 -2.4563 7.8178
7.2706 -2.1406 8.9415
2.8737 -2.2457 5.0949
2.9365 1.5606 13.8133
5.5660 -2.8420 6.5594
3.0352 -2.9459 4.8906
5.1326 -2.7224 6.5473
6.3100 -1.6743 9.3157
-15.1641 5.2874 10.7854
2.9085 -2.8637 4.9813
5.6318 -1.5361 9.1995
2.3143 -1.3918 6.2974
11.4674 1.6383 18.8950
3.8642 -2.8799 5.5010
3.8051 -0.2218 4.3065
-0.0508 -2.6826 3.6330
-7.1713 0.0618 4.9890
2.0873 -1.3416 6.4870
12.3211 3.2266 22.5529
-20.3945 4.7190 6.6321
1.5348 -1.5563 5.7314
-3.2460 0.3866 7.9032
3.6045 -1.5637 6.5774
-1.5051 -1.1452 5.8565
-3.8523 0.7046 8.1869
5.1117 -2.7030 6.5740
0.6651 -2.9554 3.5029
-0.0244 -2.3574 4.2963
4.1349 5.2885 21.9336
3.3370 -2.9312 5.0943
4.3392 2.9841 17.4599
5.4006 -2.9606 6.2275
2.1972 2.4403 15.1392
4.1065 -2.8638 5.6730
8.8230 -1.0985 11.9144
4.9840 -1.5037 8.0670
7.1419 -0.9483 11.2429
5.1891 -1.9195 7.3489
7.8068 -1.5542 10.4195
-5.1722 0.3374 6.6928
7.4111 -1.6908 9.9189
-2.8583 -1.2792 4.8080
4.1017 -2.6063 5.9221
2.0260 -2.8191 4.5605
5.0838 -2.3174 6.3362
5.4179 -2.8958 6.3667
5.7458 -2.6831 6.9798
2.4415 -1.8519 5.3863
5.8579 0.9408 14.2654
4.1893 -1.9491 6.1182
-0.3513 -0.8121 7.1865
3.5649 -1.9234 5.8662
6.7109 -2.4815 7.9388
-4.1046 -0.7835 5.0759
1.7614 -2.8636 4.3189
-2.4692 -0.6033 6.3794
6.2847 -1.3010 10.0449
-1.5132 -2.1513 3.8471
4.3317 -2.6064 6.0551
-0.6852 -1.3629 5.8963
2.8391 -2.2153 5.2329
-8.3107 1.8001 7.7948
6.0266 -2.5380 7.4310
1.3874 -2.8133 4.2032
2.5230 -1.9487 5.2054
2.7083 -2.9651 4.6636
4.2944 -0.1844 11.1205
3.7675 -1.7262 6.3210
4.9063 2.9841 17.7874
5.8314 -2.0819 8.2271
-1.7899 -1.0979 5.7862
-6.3645 0.5406 6.4092
4.3263 -2.0452 5.9173
4.3089 -0.5719 10.3567
5.6860 -1.4617 9.3790
0.3573 -2.4643 4.3037
-2.5206 -0.1052 7.3423
6.0477 -1.5615 6.5425
9.6142 3.3537 21.2428
3.6024 -2.5884 5.6225
6.0918 -1.4411 6.4876
-13.3703 2.0593 5.3891
3.9948 -2.1353 5.8515
-2.8895 0.7617 8.8567
-3.1298 5.7076 18.5731
2.6671 -2.9507 4.6684
6.0457 -1.1688 10.1704
5.9599 -1.6095 6.5687
-17.2615 3.3530 5.7197
2.5897 -2.3974 4.9434
4.7268 -1.1471 8.5670
11.7280 1.8841 19.5353
6.9961 -2.5223 8.0223
2.4866 -1.2742 6.8829
2.8181 -2.9007 4.8553
7.5626 1.0672 15.5019
2.3232 0.3864 11.1193
3.3611 0.1497 11.2472
5.1614 -1.6409 8.7189
-1.8929 3.3534 14.5964
0.0257 -1.7693 5.4970
-5.0002 2.8685 11.8355
-3.2612 -1.5173 4.1009
7.3149 -2.1406 8.9670
13.8513 5.2891 27.5464
2.6025 -2.1339 4.9331
3.7403 -1.7716 6.3100
5.0766 -2.3016 6.4818
2.0834 -1.1562 6.6421
4.8374 1.9705 15.7279
-0.4272 -2.4122 3.9545
1.4630 -2.9109 4.0525
1.4128 -1.1370 6.2687
5.7951 -2.4443 6.7886
3.4866 -2.7842 5.4736
6.4517 -1.0498 10.6420
-4.0300 -1.2575 4.1744
-12.0881 2.0593 6.1296
3.7532 -2.7094 5.7766
-0.6190 -1.4613 5.7384
-8.4889 2.2443 8.5771
5.8812 -2.0698 8.2799
6.8284 -2.5302 7.9097
0.3829 -0.9479 7.3400
1.4789 -1.0621 6.6386
3.3969 -0.3759 4.8563
-8.1832 1.9705 8.2080
-3.4497 -1.4225 4.1808
7.5398 -1.4995 10.3744
-5.2948 0.7047 7.3539
4.6935 -2.9060 5.9278
2.1359 -1.9796 5.0483
-1.1204 -0.6654 7.0347
-0.3285 -1.0494 6.7269
-7.5446 0.5942 5.8343
1.2543 -1.9085 5.1000
-10.1916 1.0675 5.2487
6.2131 0.4366 13.4659
-1.0420 -1.1452 6.1239
5.2738 -1.9481 7.2520
1.5458 -1.2337 3.7734
5.0850 -2.4603 6.3873
11.2953 4.7205 24.9373
-2.3005 -1.9006 3.8920
6.7303 -2.8694 7.1771
-0.6225 -2.4810 3.7046
-0.0544 -1.7538 5.4816
4.2377 -1.8368 6.4852
7.2530 -1.4035 10.4000
3.6207 -0.1652 4.2864
-0.7933 2.0593 12.6529
2.1048 -1.9430 5.1017
0.5539 -2.6759 3.9955
-3.7996 -0.7547 5.3095
1.4462 -2.9458 3.9732
3.7534 -1.2548 7.2369
4.9899 -2.8746 6.1616
5.4509 -2.5371 6.6324
3.2801 -2.9410 5.0418
4.1707 -1.6382 6.8628
-11.7357 2.6478 7.5059
1.2469 -0.5717 8.5886
4.2368 -2.9605 5.5555
2.8997 -1.9867 5.6227
5.4784 -2.9558 6.2820
-1.0506 -1.7996 4.8151
5.1841 -0.1857 7.9196
0.0123 -0.5717 7.8757
1.9853 -2.9310 4.3139
1.3004 -0.7256 8.3129
-7.4918 0.1055 4.8911
2.0902 -0.4047 9.4084
5.5455 -2.7095 6.8114
4.6639 -2.9060 5.9107
6.1800 -2.1962 8.2008
4.9799 -2.8800 6.1452
6.4565 -2.8476 7.0625
5.7174 -2.2900 7.7466
0.3396 -2.6893 3.8451
2.2476 -2.5327 4.8011
3.5174 0.3742 5.0187
-10.1459 2.1505 7.4331
7.3003 -1.1688 10.8949
7.0549 -2.1175 8.8629
4.0488 -2.2635 5.6633
-4.2907 -0.4730 5.5872
5.9105 -2.7352 6.9710
0.6079 -2.4033 4.5699
3.4510 -1.0248 8.9588
-1.1404 1.0673 10.4758
3.0884 -2.7901 5.2319
0.3288 1.8841 12.9519
6.9039 -2.7785 7.4586
-6.4139 0.1501 5.6024
1.5022 -2.1923 4.6672
4.7571 -2.8692 6.0378
-1.7359 -0.9478 6.1165
3.6419 -0.4196 4.3487
2.4638 -1.8797 5.4598
-1.5346 -1.8292 4.4765
5.2125 -2.8693 6.3007
-1.2919 0.6487 9.5542
3.1201 -1.8274 6.1625
8.0333 -1.0499 11.5552
3.7967 -2.1655 5.5081
3.9844 -2.8306 5.6685
-5.7380 0.3866 6.4642
7.6769 -1.7069 10.0402
1.1845 -2.9057 3.9018
2.6033 -1.3050 6.8079
7.1742 -2.5062 8.1572
5.0992 -2.2722 6.5181
-3.7750 -0.2972 6.2353
3.6322 -0.2101 4.3163
3.7999 -2.6626 5.8968
6.6638 -1.3428 10.1806
-6.6000 2.5425 10.2622
-1.6723 3.1032 14.2253
-0.6962 -2.1848 4.2522
5.1234 -2.6964 6.5938
2.2138 -2.8191 4.6689
-7.5837 0.3867 5.3983
7.1010 -2.1963 8.7325
5.3632 1.8841 15.8594
1.9878 -0.6036 8.9531
3.7142 -2.4600 5.5953
11.8844 2.1506 20.1566
6.7892 1.8000 16.5154
-2.7759 -1.0493 5.3137
7.2060 -2.0330 9.1185
-3.4508 -0.4390 6.1399
5.8575 -1.3220 9.7563
5.4176 -2.8585 6.4408
0.9370 2.9840 15.4948
7.7610 -1.4426 10.6154
3.9168 -0.1998 4.3527
2.4446 -2.6895 5.0604
5.8295 -2.4215 7.5493
3.7808 -2.1311 5.7152
3.2085 -1.7562 6.1648
-3.2003 -1.1910 4.7861
-3.8289 -1.3004 4.2050
-3.7718 -1.3422 4.1548
-1.4976 0.1499 8.4415
3.8719 -2.9312 5.4031
3.2189 -2.0757 5.6764
-1.6124 -1.6235 4.8414
2.7073 -2.8361 4.9200
2.0659 -2.8636 4.4948
5.9334 -2.8475 6.7604
6.0394 -2.2800 7.9526
2.3374 1.1327 12.6147
-0.5296 -2.2172 4.2837
3.5349 -2.7661 5.5376
-2.7455 1.2685 9.9497
6.4972 -2.6207 7.5381
1.9515 -2.7659 4.6233
8.3179 -1.6070 10.6095
1.2320 -2.7221 4.2952
-14.5570 2.9838 6.5459
2.3640 -2.0643 5.1908
2.0568 -2.1917 4.7501
4.1940 -2.0997 5.8224
3.0828 -1.9657 5.5425
9.7750 6.9347 28.4713
1.4728 -1.5263 5.7388
4.1060 -0.1483 4.5336
-2.2098 -1.8144 4.1160
4.8847 -1.7658 7.4628
4.0148 -1.1993 7.8605
1.7920 -2.3752 4.4299
3.7900 -2.3023 5.5221
4.1299 -1.9659 6.0015
1.2918 -0.4047 8.9474
3.5031 -2.0866 5.6975
3.8234 -1.9549 5.9797
0.1155 0.2890 9.6502
2.3062 -0.6036 9.1369
-9.0305 0.5407 4.8696
4.8141 -2.5908 6.3271
7.7605 0.5938 14.6729
6.5589 -2.5142 7.7859
3.3569 0.2095 4.7254
1.0765 -2.6555 4.3381
5.2408 -2.8136 6.4280
1.8993 -1.9903 5.0592
0.7454 -1.6630 5.4207
-2.0921 -1.8144 4.1839
-0.3845 -2.2591 4.2840
4.8563 -2.7224 6.3878
1.0100 -2.8796 3.8531
1.9936 -1.8600 5.3698
5.9015 -2.9363 6.5651
0.7489 -0.2226 8.9966
2.4221 -0.8678 8.6773
7.5190 2.1506 17.6354
1.9469 -1.7933 5.3886
1.8790 -2.0644 4.9112
-1.3215 -1.9281 4.4025
-3.1078 -0.8120 5.5948
0.4351 -2.3094 4.6572
0.3751 -1.1607 5.8114
3.0227 -1.8723 5.8141
3.5374 -0.3494 5.0089
1.3390 -2.0118 4.1254
7.6117 -0.5069 12.3937
11.2774 1.7181 18.9443
1.9687 -2.2823 4.5105
-18.7552 5.0901 8.3184
3.7241 -1.9105 5.9065
6.3312 -0.7840 11.1020
4.0995 -2.2405 5.6942
6.5640 -2.8531 7.1136
8.8369 -0.1455 13.8215
-1.0149 -2.0934 4.2503
-9.9454 1.1329 5.5213
2.1971 -1.5570 6.2726
2.7172 -2.1767 5.0169
2.2441 -2.7537 4.8167
6.3546 -2.5915 7.5140
0.9769 -1.6964 5.5373
0.1904 -2.5684 3.9998
-5.3714 0.2891 6.4816
-3.1754 1.0674 9.3006
5.5621 0.1951 12.6088
6.9315 -2.7541 7.5231
16.5365 6.1664 30.8454
0.0510 -2.5375 3.9808
5.4272 -0.7258 10.6959
6.1780 -1.9555 8.6791
1.8330 -2.9603 4.1677
4.7493 -1.6981 7.4881
5.2803 -2.3443 6.5478
-2.0251 0.2890 8.4140
1.4612 -1.9602 5.1042
3.5492 -2.1662 5.5378
6.4480 -2.2699 8.2087
1.4160 -1.2014 6.4219
2.3453 -2.0771 4.9561
0.1730 -2.0934 4.9362
-3.2678 0.0616 7.2432
9.8018 0.3862 15.4381
-5.7460 -0.2601 5.1709
0.0149 -1.6573 5.7138
1.7255 -2.9458 4.1344
7.8642 1.7181 16.9731
3.4741 -2.2533 5.3356
2.3119 -2.9507 4.4634
4.4954 -1.2079 8.3708
7.1917 -1.2363 10.6977
4.3655 -1.5538 7.4950
3.3972 0.4912 4.8715
4.0966 -0.1367 4.5198
3.5923 -1.8951 5.9341
-7.3872 0.2419 5.2233
3.4255 -0.1843 10.6187
-20.7104 4.5441 6.1011
5.6877 -2.7160 6.8806
5.7165 -0.5719 11.1695
4.5617 -2.6065 6.1881
3.3679 -1.9420 5.8832
3.9060 1.4848 14.2222
4.7700 -2.3519 6.1509
-1.5216 -1.3006 5.5374
-1.2278 -2.2172 3.8806
10.0290 0.6484 16.0919
3.8720 -0.1848 4.3281
5.3256 -2.1416 6.9754
4.4952 6.9342 25.4210
4.7859 -1.8964 7.0811
-0.4957 -1.8145 5.1057
4.1200 4.2145 19.7849
2.2691 -2.1822 4.6723
4.0283 -1.5852 6.8622
7.2522 -2.1291 8.9537
4.8634 -2.9263 5.9855
5.9847 -2.8475 6.7900
0.0266 -1.6739 5.6876
3.3419 -0.9385 7.5832
1.3694 -1.8288 4.0803
1.0718 -2.8471 3.9535
3.3316 1.1327 13.1889
-1.7985 -1.5356 4.9091
4.8373 -1.7003 7.5534
6.0177 -1.1916 10.1088
4.7217 -2.7095 6.3358
-5.0520 0.4882 7.0627
2.8721 -2.0280 5.4037
3.1614 -2.7286 5.3964
3.6057 -2.4983 5.5637
-9.1770 3.9067 11.4921
2.6944 -2.5895 5.1009
2.4762 -2.1530 4.9161
6.1699 -2.4815 7.6264
-0.4654 -2.3573 4.0417
2.0047 -2.9507 4.2860
2.3894 -1.8719 5.6550
1.1081 -0.8122 8.0293
5.0121 -2.1416 6.7944
5.3175 -2.2307 6.7449
4.1013 -0.1425 4.5267
-0.7680 0.7617 10.0819
5.1447 -0.5548 8.1260
3.5516 0.3631 4.9720
6.1898 -2.8476 6.9085
1.5828 1.8000 13.5086
1.1802 -1.8176 5.1574
-2.0405 1.0034 9.8286
1.8759 -2.4648 4.5453
3.2550 -0.3634 4.8772
8.7110 6.1658 26.3246
-7.8601 0.0618 4.5913
-3.1012 -0.1052 7.0070
0.5987 -2.8689 3.6369
-2.4610 -1.7537 4.0920
3.6347 3.2264 17.5357
3.6707 -0.2979 4.3306
-3.9461 -1.0978 4.5411
2.0855 -1.4461 5.9877
-3.5015 -0.9737 5.0453
1.9794 -1.8410 5.4172
6.9727 -2.2901 8.4714
4.4403 -0.2605 11.0531
4.1895 0.6486 12.7197
7.7457 -1.8732 9.7487
1.5399 -1.3265 5.9422
-5.6003 -0.2224 5.3302
-7.9937 0.5942 5.5750
-6.4435 1.8001 8.8731
-1.1740 -1.9683 4.4077
8.7422 -0.7553 12.5517
-8.6603 0.3867 4.7766
2.4221 -2.6895 5.0474
4.1601 -2.3940 5.8127
2.2377 -2.8690 4.5832
-10.4275 1.9705 6.9118
1.6818 -2.9210 4.1586
2.1375 -2.8582 4.5469
2.4422 -2.7841 4.8706
3.6570 -0.3153 4.5812
6.0710 1.5606 15.6235
0.1577 -2.2384 4.6384
1.6926 -2.9260 4.1548
-4.9182 -0.9736 4.2273
0.3292 -1.1393 5.7368
4.6565 -2.9605 5.7979
5.7777 -1.3220 9.7103
3.9918 -2.9362 5.4625
3.2536 -0.3735 4.8787
2.5697 -2.8744 4.7642
6.9432 -2.5381 7.9602
1.8626 -1.6699 5.5297
5.4048 -2.4884 6.5799
2.1710 -1.8466 5.4803
2.5833 -2.4814 4.9634
0.9743 -1.1612 6.1732
-4.4453 -0.6653 5.1147
0.1325 -0.6655 7.7582
2.4927 -2.9555 4.5581
5.5826 -2.8530 6.5470
3.5286 -0.2516 4.2704
1.2748 -1.2549 6.1919
6.7575 -2.8252 7.2809
3.6984 -0.3922 4.4231
6.7226 -2.9559 7.0003
4.8341 -1.3833 8.1199
5.8197 -2.8079 6.7738
3.6385 -0.3499 4.6029
-6.6473 3.4847 12.1122
5.2570 -2.7030 6.6579
2.5225 0.2416 10.9459
-8.0357 0.4883 5.3397
4.0911 -0.3697 10.6339
2.0498 -2.2664 4.6419
-1.7811 1.1328 10.2362
3.9975 -1.8227 6.2150
0.7811 -2.7091 4.0606
2.9294 -2.3763 5.0891
5.4033 -2.8747 6.4003
5.3483 -2.0481 7.1067
-26.6885 6.6633 6.8714
1.8903 -2.4804 4.5610
5.2131 -2.6964 6.6456
3.3176 -0.3326 5.2120
0.9409 -2.9108 3.7510
11.8257 5.4944 26.7856
1.8468 2.4403 14.9368
14.0319 3.9075 24.8978
-1.1230 -1.6902 4.9912
1.9402 -2.4925 4.6174
-11.7988 2.5425 7.2595
6.4094 -2.8308 7.0687
4.0214 -2.2475 5.6368
1.2208 -2.2987 4.2487
5.2560 -1.3632 9.3269
1.2512 -2.8796 3.9924
8.6632 -0.0238 13.9637
1.8180 -2.8248 4.4290
3.6514 -1.7485 6.2944
0.1427 4.5450 18.1465
6.0698 -1.6069 9.3114
-2.7432 -1.7691 3.8983
-0.5899 -2.5056 3.6743
6.3431 -0.1454 12.3814
3.6613 -0.4575 4.4286
6.3935 -2.8252 7.0708
1.2008 -1.9762 4.8931
3.0648 1.6383 14.0423
4.5294 -1.5433 7.6567
4.5738 -2.0277 6.6918
10.9699 0.6484 16.6353
3.5194 -1.5973 6.6603
1.6410 -2.1700 4.7625
6.8290 -0.4049 12.1449
6.8107 -1.2582 10.4341
-0.4781 -2.5056 3.7389
-0.0527 0.0615 9.0999
3.1746 -1.7336 6.1931
6.5506 -2.7904 7.2308
5.4230 -2.7095 6.7407
-18.5559 5.4925 9.2352
2.7599 -1.2348 7.0369
3.7684 -2.9111 5.3835
-7.8477 0.1501 4.7744
1.8527 -2.5661 4.5916
-0.4515 0.9409 10.6217
-2.8269 -0.5716 6.2361
-0.0500 -2.5684 3.8610
3.6354 -0.2119 4.7334
4.7249 -2.8584 6.0408
5.1150 -2.0174 7.0776
3.8899 -1.2235 7.8940
6.9711 -2.7479 7.5584
3.9917 -2.9060 5.5226
-2.2061 -1.9281 3.8917
0.5658 -2.2796 4.7922
0.3519 -2.0694 5.0873
1.3474 -2.3539 4.3995
-3.3091 -0.8947 5.3139
-7.2479 1.1329 7.0791
0.2245 -0.6035 7.9348
6.5047 -1.7069 9.3633
5.9448 -2.8800 6.7023
6.4623 3.7616 20.2353
-3.0756 0.6488 8.5241
2.2986 0.0186 10.3722
1.8368 -1.6742 5.6490
4.3197 -2.8638 5.7961
6.4571 -2.3765 8.0016
4.9504 -2.9009 6.0864
1.4480 3.1033 16.0275
8.7245 0.3862 14.8160
1.2359 -2.8471 4.0483
3.0322 -0.0999 6.0120
-16.1357 4.2137 8.0848
10.8570 1.2683 17.8053
6.3258 -2.9164 6.8499
5.1293 -2.8957 6.2000
-4.7047 1.8841 10.0449
7.5285 -0.4395 12.4799
2.5480 -2.6828 5.1334
5.9659 -0.8404 10.7786
4.0279 -1.6078 6.6797
4.5748 -2.9411 5.7893
0.9503 -2.6555 4.2652
6.9376 5.7083 24.3888
7.2487 -2.5062 8.2002
4.8496 1.4848 14.7671
7.0459 -2.6629 7.7710
4.9088 -1.6325 7.7281
-5.6427 0.2891 6.3249
2.7360 -2.0856 5.3395
1.0000 1.4848 12.5438
4.1185 -2.7902 5.8266
-0.4418 -2.0199 4.7277
2.9489 -1.1378 7.1845
1.5401 -1.6737 5.4745
2.4575 -1.2951 6.5546
4.9544 -1.6338 7.7637
-15.9024 5.7068 11.1948
2.0682 -2.8076 4.6078
3.7824 -2.7350 5.7423
-0.7851 -2.3479 3.8759
-21.0872 6.1636 9.1106
5.2037 -2.8585 6.3173
6.0228 -1.4231 9.6505
5.7480 -1.5895 9.1602
3.1194 -2.5348 5.3089
-4.6000 1.6384 9.6157
1.3537 -2.8075 4.1953
-2.8563 -1.3829 4.6024
-0.4600 -2.5296 3.7015
2.7001 -1.5308 6.3326
6.9620 1.7181 16.4520
2.0429 -2.9603 4.2888
3.4390 0.5439 4.9167
3.6698 -2.9556 5.2377
-2.1409 -1.7381 4.3079
3.4828 -1.7735 6.0953
11.7595 2.9842 21.7457
-0.8104 -1.1452 6.2576
5.0542 -0.2228 11.4827
6.2988 4.0581 20.7317
5.4245 -1.2797 9.5906
1.9575 -2.1663 4.8091
-0.5819 -2.3384 4.0121
0.2866 -2.5684 4.0553
1.2581 -2.2632 4.5355
5.9983 -2.7723 6.9477
2.8293 -0.1149 6.2031
2.5873 -2.0818 4.9900
4.2381 -2.1055 5.7940
14.9631 5.9325 29.4706
-1.9970 -1.8438 4.1804
12.0096 1.6383 19.2082
-0.2532 -0.4046 8.0552
0.3439 -2.6057 4.0142
0.5910 -2.8247 3.7206
1.8842 -2.5847 4.6229
-13.1184 4.9012 11.1975
0.5258 -2.6554 4.0202
2.0710 2.9841 16.1498
-0.1444 -2.6414 3.6609
3.0496 -2.7841 5.2213
0.1201 -2.6623 3.7722
4.0283 -1.9944 5.9073
-1.1430 -2.2065 3.9509
4.2818 -2.2793 5.8078
1.8776 -2.1759 4.6750
3.4286 0.4499 4.9294
-7.1651 0.7618 6.3876
0.0251 0.2890 9.5980
4.9144 2.3409 16.5105
-0.9400 -2.1052 4.2700
0.8048 3.2263 15.9013
6.5177 -2.8801 7.0330
0.7407 -1.4177 5.9570
5.4915 -2.3241 6.7142
2.8112 -2.7475 5.1565
-0.9999 -1.3628 5.7146
0.2168 -2.2592 4.6312
-9.2535 1.2686 6.1912
1.8579 -2.0422 4.9671
8.2556 0.8796 15.5284
5.3673 -2.1764 6.9332
-0.0580 -2.4298 4.1325
4.5357 -1.8425 6.8994
-2.0727 0.8201 9.4448
7.5903 -2.1963 9.0150
7.1889 -2.1175 8.9403
-0.5583 5.4936 19.6318
1.9412 -0.7550 8.6245
3.5595 0.3576 4.9441
6.2389 -1.0984 10.4222
0.5633 -2.7284 3.8964
5.2667 -1.8747 7.5605
6.6695 -2.9164 7.0484
4.3377 -2.4800 5.9728
1.2892 -1.4207 5.8384
5.9130 -0.8680 10.6931
2.0938 -1.7045 5.4901
6.5742 -1.3633 10.0880
3.2401 -2.1205 5.3340
6.4567 -1.4034 9.9402
-5.6367 -0.6955 4.3664
0.2901 -2.5454 4.1033
-2.3609 -1.6404 4.3754
1.8299 -2.7349 4.6150
1.4837 -1.7334 5.4053
5.9872 -1.9948 8.4906
3.6454 -0.1223 4.2934
4.0879 -2.9508 5.4888
7.5540 -0.4395 12.4947
4.6626 -2.2512 6.0163
-0.4091 -2.3942 4.0007
6.5058 -1.1222 10.5289
-0.0443 -1.9944 5.0080
-9.7854 0.7048 4.7605
-1.6615 -0.8676 6.3193
2.5723 -2.0018 5.2819
1.6874 -1.2257 6.2128
2.2422 -1.8930 5.3272
7.3925 -2.4038 8.4872
-14.7507 3.9065 8.2727
2.1004 -2.5306 4.7115
0.3190 -1.2677 5.9090
6.7084 -0.9219 11.0451
5.0230 -2.2047 6.6146
2.7663 -0.1002 6.3261
5.0199 -1.3632 9.1905
-1.0664 5.9314 20.2107
7.4756 -1.9949 9.3500
5.0190 -1.4993 8.9188
1.4866 -1.4645 3.8453
6.1087 -2.6628 7.2298
0.8195 -1.0495 7.3898
5.8714 -1.8758 6.7227
1.8321 3.1033 16.2494
5.1254 -2.2111 6.6534
4.2893 -2.4451 5.9212
3.5017 -0.2734 4.3548
2.5929 -1.5759 6.2202
2.2395 -0.0235 10.2542
3.9310 -1.0248 9.2359
-6.7383 0.1055 5.3262
6.0161 -2.7784 6.9460
-6.1077 3.3533 12.1620
3.9126 -2.9060 5.4769
12.7408 6.9350 30.1847
5.6162 -2.7601 6.7515
3.7396 -0.0394 4.2819
4.3901 -2.7476 6.0682
3.0060 -2.6064 5.2899
6.5451 -2.7963 7.2159
5.4896 -1.6068 8.9764
6.9346 -0.9998 11.0205
4.6859 -0.3339 11.0486
4.6479 3.4850 18.6362
6.8718 -1.4231 10.1407
4.5226 -2.0474 6.4735
3.6706 -1.5853 6.5372
5.8432 -1.8588 8.6786
-0.9194 -1.9281 4.6347
7.3833 2.7567 18.7647
-9.0420 0.6489 5.0785
0.6839 -2.7839 3.8554
1.8988 -2.9458 4.2345
-0.7776 -2.4032 3.7700
6.4648 0.0613 12.8635
9.3747 -0.2607 13.9026
4.9451 -2.7351 6.4137
5.1487 -2.2016 6.6778
2.6831 -1.8818 5.5959
-1.4108 -1.8725 4.4617
6.6365 -2.9010 7.0599
8.9819 0.1495 14.4931
6.2153 6.1656 24.8829
1.8995 -1.2408 6.2557
7.5411 -1.6241 10.1267
3.6408 -0.3194 4.3183
3.4523 0.3407 4.8686
1.0406 -2.8635 3.9028
-6.8854 0.0189 5.0687
6.6446 -1.0984 10.6565
6.2559 1.7181 16.0442
0.5910 -0.3402 5.4358
9.3997 -0.6962 13.0491
-5.6962 -0.1840 5.3513
-19.2128 4.0572 5.9959
-0.7425 -1.3424 5.9040
6.8652 -0.6961 11.5856
2.9605 -0.7257 9.2715
-0.9638 -1.6236 5.2159
9.6275 0.8199 16.2016
2.8611 -2.3390 5.1074
1.1604 -2.9159 3.8676
3.7551 1.4848 14.1350
0.9858 -2.7899 4.0179
-0.4329 0.2417 9.2393
3.4528 -0.2962 4.6247
11.0455 2.2444 19.8591
7.3036 -1.2798 10.6757
3.0428 -2.2223 5.2292
-1.2272 -1.7064 4.8988
-6.6888 2.5425 10.2108
-1.1431 -1.9550 4.4519
6.5979 -1.5361 9.7574
7.8881 -1.2364 11.0998
8.8790 -0.3341 13.4699
6.8051 -1.9688 9.0148
-1.2905 -1.1911 5.8889
8.5454 0.4365 14.8128
4.1786 -2.4103 5.8333
3.0366 -2.4458 5.1998
5.8107 -2.4101 6.7746
-2.0773 3.6207 15.0226
3.3667 -1.4626 6.7207
3.7597 -2.1311 5.5576
2.0957 -1.9694 4.9867
6.7379 -2.6135 7.6915
5.0106 -2.4609 6.3457
-2.6881 -0.3694 6.7192
2.2435 -2.8305 4.6634
0.8496 2.6480 14.7747
3.2358 -2.9361 5.0260
5.1466 -1.1687 9.6513
3.8116 -2.1860 5.4771
-27.3797 6.9314 7.0064
5.7945 -2.2283 7.9140
5.8714 -1.8522 6.7227
9.3519 -0.6962 13.0215
1.6983 -2.7349 4.5390
3.2042 -2.2913 5.1862
4.2831 -0.6960 10.0946
6.3012 0.1951 13.0356
2.2450 -1.8738 5.3071
1.7712 -2.0610 4.8370
1.2086 -1.8434 5.1413
6.9799 -2.5381 7.9814
1.7868 -2.8248 4.4110
-0.0769 -0.9994 6.9718
4.2143 -1.5690 7.3854
6.8281 -1.5542 9.8544
3.7332 -2.0409 5.8532
-5.3417 -0.7835 4.3615
-12.0637 4.2138 10.4369
4.9097 -1.9838 7.0031
4.3457 -2.4489 5.9911
-0.3305 -0.4046 8.0106
6.8344 -2.7226 7.5299
-0.0962 -0.5065 7.9428
-15.6271 4.5443 9.0374
-9.7505 1.5607 6.4862
2.6145 -0.6656 9.1914
2.4021 -1.4724 6.4454
0.7174 -2.7719 3.8987
6.9527 3.2265 19.4522
-0.8255 -2.1737 4.1996
-2.4849 -1.3423 4.8979
2.4858 -1.2199 6.9945
6.0112 -2.9606 6.5800
3.0717 -2.8473 5.1082
-0.8082 -2.1400 4.2768
1.9757 -2.9360 4.2985
-15.6259 3.3531 6.6644
3.2973 -1.3336 7.0624
0.7526 -2.5454 4.3703
-2.2102 -0.4045 6.9251
-0.4775 -1.9683 4.8099
2.6654 -1.7917 5.7949
4.0112 -0.1777 4.4997
3.7647 -2.1092 5.6029
4.7685 -0.4048 10.9550
-14.3016 6.9326 14.5618
6.3373 -2.6628 7.3618
3.8065 0.4880 12.1784
-0.0114 -2.2995 4.4191
5.0643 -1.4996 8.0726
6.5401 0.4879 13.7570
0.8817 -1.7671 5.1609
3.5461 5.0914 21.2008
6.6549 2.9841 18.7974
5.9346 -2.7903 6.8752
3.0520 -0.3696 10.0339
3.0934 -2.6962 5.4218
0.4832 -2.3385 4.6271
4.9490 -2.8584 6.1702
0.0533 2.7566 14.5312
3.4501 -0.3891 4.9688
3.7708 -0.2394 4.5885
6.7239 0.3863 13.6607
6.0795 -2.9314 6.6777
6.8416 -2.8694 7.2414
4.3834 -1.2964 8.0246
-0.0205 1.9705 12.9223
2.1561 -1.5658 5.7582
11.2824 2.8687 21.2399
5.9075 2.3409 17.0841
-3.2693 -0.9214 5.2836
-0.5560 -2.2065 4.2899
4.8180 -1.6132 7.6619
9.4298 2.0593 18.5571
-0.7457 -2.2384 4.1168
3.9183 -0.1456 4.5675
4.8386 -2.8746 6.0742
7.0067 -1.5361 9.9934
4.4176 0.9408 13.4336
7.3254 -0.9742 11.2971
-5.8042 -0.5391 4.5812
3.2164 -2.0923 5.3861
3.7417 -0.9218 9.3320
6.1647 -2.8251 6.9387
3.9124 -1.3089 7.6281
2.7195 -0.1843 10.2111
-0.8110 -2.1737 4.2080
1.7914 -2.4088 4.4517
3.0392 0.1497 11.0613
-6.3448 3.4847 12.2869
3.3375 -2.7287 5.4981
3.1311 -2.7413 5.3537
-12.4047 4.0574 9.9283
0.3888 -2.3385 4.5726
12.0998 3.7618 23.4915
10.0272 0.3369 15.4702
6.9632 -2.7161 7.6170
3.4568 -2.8637 5.2978
-16.7658 3.3530 6.0060
5.9183 -2.8194 6.8078
5.4172 -1.9782 7.3348
-1.7624 -1.3006 5.3983
1.5057 -2.4389 4.3287
-1.4375 -1.5890 5.0112
-11.7563 4.0575 10.3029
4.4484 -2.6897 6.2173
2.2243 -2.5708 4.8163
2.4087 -2.3110 4.7465
3.3925 1.7181 14.3905
2.2124 -2.9058 4.4953
6.6016 -2.7353 7.3700
-0.9998 -2.3759 3.6960
2.2748 -2.1395 4.7965
-4.0920 1.3389 9.3122
0.8405 -1.7543 5.2644
1.2995 -2.9409 3.8982
1.6066 -1.6414 5.6349
3.6737 -2.7782 5.5936
3.7513 -2.7223 5.7497
0.4043 -2.6344 3.9918
1.5852 -2.7659 4.4119
5.8215 -2.8251 6.7405
5.3493 -1.9460 7.4206
6.8272 1.4108 15.7619
3.0704 -2.3533 5.1443
7.9772 3.3536 20.2973
3.7394 0.0182 5.0411
5.0223 -2.7029 6.5224
10.2467 3.4851 21.8701
3.9596 -2.8077 5.6998
5.8653 -2.9654 6.4863
6.6789 -1.4231 10.0293
-0.1596 -2.3942 4.1447
0.1199 -2.6057 3.8849
3.7478 -2.8851 5.4233
1.5842 -2.1023 4.8732
-1.7025 -1.6235 4.7894
1.4270 6.1653 22.1168
4.0211 -2.9212 5.5092
5.0733 -2.8136 6.3313
3.6535 -1.8065 6.2124
-6.9990 -0.2223 4.5225
-5.2178 -0.3335 5.3297
4.3659 -2.3082 5.8989
-18.8288 4.3758 6.8525
1.7986 -1.1169 6.4719
4.7846 -2.9213 5.9500
2.1641 -2.0591 5.1052
4.0889 -2.8135 5.7630
4.0945 -1.7018 6.5402
4.8583 -2.1458 6.6291
3.9697 -2.3577 5.6738
2.6825 -0.4047 9.7504
-9.1984 4.9014 13.4618
3.6990 -2.6963 5.7714
7.0004 -1.8588 9.3468
-0.9603 -2.3851 3.7006
0.6582 -1.2431 6.0143
2.2371 -1.6145 5.9246
-0.2683 0.1499 9.1513
2.0390 -2.7027 4.7999
-5.7159 0.2418 6.1884
4.2212 -2.8904 5.6861
-1.0971 -0.6347 7.1094
0.3722 -2.4975 4.2461
7.3515 -2.4391 8.3932
2.5731 -2.8361 4.8425
-8.5238 0.7619 5.6029
4.4909 -2.1006 6.1086
5.3478 -2.9412 6.2356
7.1526 -2.5690 8.0196
-5.6530 1.9705 9.6693
1.8840 -2.8744 4.3683
7.2706 3.4850 20.1511
1.5969 -2.3903 4.5056
5.2224 -1.6842 7.7826
4.0948 1.4848 14.3312
7.6207 -0.0237 13.3616
0.5128 -0.6579 5.5719
1.3517 -2.8796 4.0504
3.5252 -1.6779 6.2478
4.8801 -2.5728 6.3536
2.3692 -2.8690 4.6592
3.5462 -1.9279 5.8731
1.5268 -1.6708 5.5591
4.5126 -2.1372 5.9080
6.4691 -2.9607 6.8444
3.5028 -2.6626 5.7252
0.8109 -2.5609 4.3732
6.8796 -2.2699 8.4579
7.7326 2.0593 17.5769
3.8549 -2.3220 5.5790
-0.2533 -0.2603 8.3427
4.7218 -0.4734 10.7915
-0.1552 -2.5056 3.9253
8.1061 -1.4427 10.8147
3.9694 -2.9460 5.4300
3.7560 -0.1055 10.9668
6.0220 -2.8694 6.7681
2.7492 -2.2681 5.0830
-2.9633 -1.0245 5.2549
-4.1304 1.4110 9.4337
2.5778 1.4109 13.3078
8.4294 -1.1689 11.5469
6.1686 -2.9164 6.7592
2.6021 -2.7537 5.0235
1.7781 -1.9514 5.0622
7.7325 -1.7387 10.0089
1.4974 -2.8636 4.1666
3.9630 -2.1488 5.6912
2.8069 5.7080 22.0026
0.8887 -2.8190 3.9038
-0.6093 -0.0647 8.5268
-2.1838 -0.2225 7.3031
7.5855 2.4403 18.2512
-3.1325 0.0187 7.2359
5.1868 -0.3174 7.9918
5.8976 -1.6907 9.0450
-0.3050 -0.8121 7.2133
4.3950 -2.9008 5.7657
-8.5570 0.7619 5.5838
4.7119 -2.9509 5.8490
5.0731 -2.3257 6.3206
-0.3082 -1.9282 4.9876
2.5940 -2.4814 4.9695
2.1190 -0.2974 9.6388
3.5325 -0.2765 4.9633
8.0523 -1.2142 11.2389
-10.3943 5.0906 13.1481
6.7988 -2.1962 8.5580
6.7690 -2.8801 7.1781
0.2243 -2.5531 4.0499
4.1638 -1.5860 7.2076
4.3317 -2.4451 5.9458
8.8558 4.2147 22.5204
0.5501 -2.3574 4.6280
5.4062 -2.6227 6.6831
6.8220 -2.1853 8.5932
4.6558 0.0614 11.8189
0.2347 -1.0495 7.0521
3.7026 -2.9604 5.2471
4.2207 -2.7094 6.0465
4.9119 -2.9213 6.0235
-7.3148 0.0618 4.9062
3.6945 -0.2377 4.5243
2.9849 -1.6737 6.2015
1.9735 -1.3156 6.3090
8.7166 -0.5069 13.0318
7.7469 -1.7069 10.0806
6.7588 -0.9998 10.9190
4.8037 -2.5738 6.3116
-4.7219 -0.6032 5.0786
5.0667 -1.9077 7.2241
4.6975 -2.1687 6.4799
1.6587 -2.8581 4.2705
6.0439 -2.9264 6.6671
4.2293 -2.7287 6.0130
-0.5529 -1.7538 5.1937
4.1267 -2.5880 5.9244
-0.0526 -0.6347 7.7125
2.6811 -2.9410 4.6959
-0.4160 -2.5056 3.7747
3.5921 -2.2310 5.4385
4.4246 -1.8757 6.7757
3.7468 -2.7901 5.6120
4.2811 -1.8862 6.4121
0.0145 0.1053 9.2258
4.2342 -1.9866 6.0437
5.9463 1.2684 14.9693
-10.0727 3.2261 9.6186
0.3396 4.7200 18.6089
-3.1814 -1.4988 4.1838
3.8952 -0.2270 4.3451
-4.5027 1.0034 8.4066
-1.2634 0.1499 8.5767
9.0685 -0.9220 12.4079
-2.1478 -1.0493 5.6763
1.4767 -2.1719 4.7171
1.2709 -2.7092 4.3434
4.5950 -2.7842 6.1136
5.5533 -2.1386 7.0967
2.5008 -2.7286 5.0150
3.9612 -0.3697 10.5589
2.0421 -1.4015 6.2604
14.1817 3.4852 24.1429
-1.2755 -1.1218 6.0358
-3.0938 -0.7547 5.7170
6.9773 -2.6629 7.7314
7.7190 -1.9287 9.6225
7.0785 -2.6135 7.8881
4.8199 -2.6897 6.4318
-0.0750 -2.6414 3.7010
0.8530 -1.7494 5.2410
2.5399 -1.6120 6.2065
-5.8385 1.6384 8.9004
1.1644 -0.1452 9.3909
8.3251 -0.0238 13.7684
2.9250 -2.8528 5.0125
7.3760 5.9320 25.0877
-10.4439 1.6384 6.2406
-1.2332 -2.2994 3.7136
0.1544 -2.6623 3.7919
2.2286 -1.6830 5.9336
-3.7304 -1.3215 4.2201
3.8128 -1.1220 8.9739
6.7260 -2.8640 7.1854
5.5388 -2.1057 8.0108
-14.9004 3.2260 6.8302
8.4432 -0.6962 12.4968
-0.5050 -2.5137 3.7073
5.0599 -2.1190 6.7927
-0.4526 -1.1453 6.4642
-10.4890 1.7182 6.3735
-20.3578 5.2871 7.7853
4.4763 -1.8910 7.0266
5.9144 -2.6628 7.1176
5.4058 -2.9412 6.2691
0.9590 -1.8876 5.0587
2.1110 -2.0143 5.1128
-0.4037 -2.4642 3.8643
2.2128 -2.1261 4.7578
-1.9305 0.5940 9.0764
-0.2052 6.9338 22.7055
0.3452 -1.0981 7.0190
3.6870 -0.2313 5.0667
-1.4241 -1.2793 5.6361
1.3026 -0.9739 7.8193
-2.9997 -1.1451 4.9935
-1.8308 0.3865 8.7205
2.6573 -1.7748 5.7812
6.6784 -2.7353 7.4144
-4.8867 1.4849 9.1442
6.4259 -2.5915 7.5551
5.1390 -1.5876 7.9254
1.2137 -1.6762 5.5331
1.2185 -2.1994 4.6114
1.3432 -2.8075 4.1892
-20.5101 4.3757 5.8813
1.4229 -2.6115 4.3602
3.5023 -1.9996 5.8104
9.0491 1.1326 16.4908
3.9735 -0.8679 9.5732
-1.1328 -0.9738 6.4131
-0.8246 -2.3384 3.8720
0.7891 -1.0247 7.4217
3.7347 -2.9059 5.3742
3.8756 -2.3220 5.5908
4.9252 -2.2345 6.3150
-3.5028 0.9409 8.8596
3.5878 -0.1959 4.2671
5.0966 -2.9412 6.0905
1.0984 0.7045 11.0459
-0.1797 3.6208 16.1186
2.2899 -2.8018 4.7474
4.6785 5.7082 23.0838
3.9008 -2.8745 5.5327
4.5376 -2.8078 6.0335
5.9546 1.8000 16.0334
1.6381 -0.7838 8.3920
1.8831 -1.6852 5.4384
7.1973 1.7181 16.5879
2.7868 -1.6097 6.2069
6.9802 -2.0820 8.8904
1.3003 -2.2735 4.3641
6.8169 -2.4477 8.0673
3.6883 -1.8143 6.1295
2.4293 -2.4471 4.8523
7.1405 -2.5690 8.0126
-3.2888 -1.5535 4.0127
3.3933 -2.9008 5.1874
4.5549 -1.1221 9.4025
2.2365 1.2684 12.8268
0.6312 -1.3696 5.7757
4.0777 -1.2364 7.8326
4.6241 -1.7716 7.1568
6.7387 -1.5179 9.8750
1.3804 -2.0552 4.7903
3.3993 -2.9161 5.1602
3.4971 -2.6694 5.7083
4.3005 -2.1352 5.7801
2.7856 -1.3193 6.8357
6.4397 -2.9413 6.8660
-16.3390 5.2873 10.1067
0.7310 -2.7899 3.8708
4.3557 -2.1807 5.8401
3.7580 -0.2030 4.6911
4.4265 -2.7902 6.0044
5.3384 -2.8475 6.4169
-5.4178 -0.5063 4.8698
2.5955 -1.9596 5.6288
6.2521 -2.0577 8.5184
7.2969 -1.9150 9.4060
-1.5025 0.1954 8.5292
2.9228 -1.7643 5.8784
3.8344 -1.7873 6.2219
1.7999 -2.8472 4.3739
5.7659 -2.4616 6.7833
5.1531 -2.9558 6.0941
-1.6600 -1.4029 5.2535
3.6631 -0.3051 4.3277
6.4600 -0.8125 11.1197
7.1961 -2.2597 8.6610
5.4711 -2.6964 6.7946
10.4624 0.5402 16.1265
3.1384 -2.0090 5.4905
-4.4236 0.8799 8.2061
4.0793 -2.7961 5.7922
6.6371 0.0613 12.9630
5.1152 -1.4425 9.0877
3.4104 -1.5311 6.4620
2.4713 3.3535 17.1172
6.0263 -1.7228 9.0552
10.9367 0.7043 16.7275
2.4238 0.8797 12.1605
2.2583 -1.6422 5.6801
2.6795 -1.4704 6.5849
6.0926 -1.9688 8.6034
13.4841 3.3538 23.4780
-7.7068 0.3867 5.3272
3.6336 -2.3384 5.4623
1.4000 -2.6961 4.4440
-6.0553 0.3374 6.1828
5.9819 -2.9010 6.6819
4.8231 0.1951 12.1820
5.1671 -1.9940 7.1324
1.7529 -2.0349 4.9308
-0.7974 -2.1847 4.1938
-8.5071 0.7048 5.4988
0.8250 -1.7426 5.2896
4.5346 -1.2065 8.3553
-22.3072 6.4079 8.8927
-1.5859 -2.0324 4.0420
5.7909 -2.8021 6.7688
-0.7785 -0.9738 6.6176
5.3906 -2.8853 6.3718
-16.3573 3.1029 5.7435
4.8690 -2.1973 6.3530
1.4021 -2.7659 4.3062
3.4413 -2.8583 5.2997
0.6550 6.4097 22.1579
6.4088 -2.3293 8.0676
0.6559 -1.0740 7.2465
-0.0306 -1.8293 5.3449
4.8642 -1.3923 8.2603
-16.3987 2.9837 5.4822
7.0756 -2.2390 8.6328
2.7602 -1.3665 6.6963
2.0168 0.8200 11.8065
-1.6048 -1.8145 4.4653
7.0002 -2.4816 8.1058
3.6215 6.4099 23.8716
6.5206 -0.2606 12.2544
1.0285 -1.0833 6.4030
3.8447 -1.6668 6.4565
6.6136 -2.8748 7.0990
5.2186 -2.7415 6.5590
5.5658 -2.9264 6.3911
-2.3621 1.3388 10.3113
2.1459 4.7201 19.6523
3.8916 -0.1853 4.3381
6.6458 -1.8444 9.1708
-0.7584 -1.5357 5.5097
9.8956 -0.1057 14.5122
1.7867 -2.9006 4.2598
-3.1717 -0.1841 6.8091
4.9292 -1.7857 7.4127
7.3491 1.4108 16.0633
5.1982 -1.3427 9.3343
4.7574 -2.8020 6.1721
-6.8195 2.6479 10.3453
2.9922 -2.1395 5.3638
5.7424 -2.3291 6.8076
4.5153 -2.9362 5.7647
7.4356 -2.1519 9.0141
6.0095 -2.6764 7.1454
4.9030 -2.7662 6.3275
3.9156 -0.2528 4.3658
1.5286 -1.0597 6.4474
3.1128 -2.2607 5.2404
1.9030 -1.1594 6.6463
1.6544 -2.8850 4.2146
6.9857 -2.1631 8.7319
0.6392 -1.5631 5.4270
6.5336 -2.8420 7.1180
7.1186 -2.5989 7.9404
2.8381 -2.0355 5.3637
3.9926 -2.6055 5.8574
6.0259 -2.2493 8.0059
4.9785 -2.4998 6.3594
4.9792 -2.8307 6.2429
-5.0640 -0.1051 5.8735
-3.1494 -1.3829 4.4332
4.6774 -0.2228 11.2652
7.9355 -0.3341 12.9251
4.3636 3.9072 19.3133
4.4517 -2.8638 5.8723
0.4519 -2.4386 4.4095
4.2261 -0.1055 11.2382
4.9124 -1.2634 8.4648
4.6942 -1.4646 7.8813
1.0352 -2.9506 3.7262
3.1333 -2.4123 5.2347
1.0282 -0.0235 9.5547
-2.4333 -1.6737 4.2672
-0.6974 -1.8145 4.9893
6.0064 -2.4815 7.5320
6.0802 -1.2514 6.3594
-1.3093 -1.7538 4.7570
3.2347 -1.4834 6.6797
-7.9120 3.1031 10.6214
0.5178 -0.7256 7.8610
3.8887 -2.4296 5.6825
5.3362 -2.3148 6.6004
3.5715 0.2080 4.8460
2.9247 1.4848 13.6554
2.7588 -0.7839 9.0391
3.8289 -1.9464 6.0022
-5.4812 -0.6652 4.5165
2.5730 -2.0188 5.2460
3.9064 -2.4978 5.7361
7.8110 -0.4735 12.5754
3.5036 -2.4808 5.4931
2.3180 -2.9211 4.5259
-10.1572 2.6478 8.4176
4.7239 -1.8291 7.1783
3.6153 -2.9161 5.2850
2.0771 3.6208 17.4222
8.4118 -0.5398 12.7903
1.6048 -2.7092 4.5362
6.7892 -1.9688 9.0057
1.6439 -1.9088 5.1166
4.2358 -1.6658 7.0880
-7.9152 0.1956 4.8260
2.4008 -2.4818 4.8589
3.4827 -2.2350 5.5525
5.6478 -2.7903 6.7096
3.7394 -2.8745 5.4396
-3.7085 0.9409 8.7408
-1.5167 -0.9215 6.2956
3.9138 -1.8834 6.2496
1.4110 -0.1452 9.5333
14.0362 5.0919 27.2604
2.9117 -1.7838 5.8183
7.1082 0.1496 13.4111
5.5305 -2.2760 6.7775
2.0461 -2.8472 4.5160
1.7899 1.5606 13.1511
3.9114 -2.0808 5.7906
10.6972 0.8796 16.9384
-16.6498 3.7609 6.8857
3.8566 -2.1262 5.6345
4.8887 -0.9482 9.9418
2.6427 -2.4465 4.9741
-5.6569 -0.1449 5.4518
5.9887 -2.3000 7.8834
5.0003 -0.4048 11.0889
3.7033 -0.0754 4.3293
1.4108 -2.3893 4.2730
4.8919 -2.7601 6.3332
5.3328 -2.1799 6.9244
2.8296 -1.9413 5.6873
2.2130 -2.1167 5.0081
3.6183 -2.5701 5.6194
3.3447 -1.6477 6.4504
5.0006 1.4109 14.7070
4.3970 -2.9060 5.7566
7.8166 -1.0499 11.4301
5.1495 -1.6899 7.7793
-3.8920 -0.6956 5.3739
4.7852 -1.0742 9.6309
5.1739 -2.0608 7.0000
1.5550 -1.2117 3.7573
5.7161 1.8000 15.8957
2.9539 -2.0871 5.4701
1.5364 -1.1945 3.7897
-7.3721 2.8684 10.4656
3.5586 -0.3231 4.2834
4.5513 -1.7850 7.0126
3.8597 -1.7870 6.2348
3.3206 0.6775 4.8817
1.3861 -0.8122 8.1898
7.3841 -2.3294 8.6307
9.4937 0.5938 15.6738
-0.9702 0.2417 8.9290
3.9023 -0.1493 4.5907
1.3625 -2.0280 4.8395
-8.8919 1.8841 7.6266
6.8362 -2.7416 7.4930
3.1704 -2.0430 5.4909
8.5096 0.7044 15.3258
1.8303 -2.1507 4.6879
-7.5077 0.8799 6.4250
1.7796 -1.8413 5.3032
1.9736 -2.8017 4.5648
1.1828 -2.7348 4.2414
7.1955 -1.9012 9.3750
3.6303 -0.1453 10.8149
2.7731 -1.5654 6.3773
-1.6097 0.5940 9.2617
12.3042 2.1506 20.3991
1.0979 2.1505 13.9269
-0.3563 -0.8401 7.1279
3.7020 -1.6727 6.4106
1.9883 -0.7838 8.5942
6.3235 -2.0939 8.4875
1.9661 -2.1674 4.7776
0.0531 -2.7347 3.5891
0.4262 -2.4386 4.3947
-4.2662 1.1328 8.8011
2.5096 1.4848 13.4157
-11.3246 2.8684 8.1827
-1.1312 0.7046 9.7583
-11.4479 6.6646 15.6759
-5.3143 -0.4390 5.0638
1.9033 -0.1054 9.8969
1.5026 -2.7780 4.3401
6.2573 -2.8531 6.9365
-3.4906 -1.0493 4.9010
1.5404 -2.2544 4.4854
5.3471 -2.9009 6.3154
-0.6402 -2.1957 4.2628
6.7795 -2.7541 7.4354
5.3996 -2.2520 6.8158
-0.0758 -2.2896 4.4017
-1.8627 -1.3006 5.3404
3.4138 0.4801 4.8990
6.4424 -2.3197 8.1063
2.6862 -1.7873 5.8649
3.7775 -2.8583 5.4938
5.3977 -2.1129 7.0140
1.9624 -2.7720 4.6175
3.3433 0.3232 4.8114
5.3260 -2.8585 6.3879
7.5955 -1.8589 9.6904
1.8170 -2.5321 4.5513
2.2910 -2.5889 4.8668
3.7377 -1.3121 6.9912
-0.5983 -0.5065 7.6528
-0.6965 -2.3851 3.8529
2.7294 -2.9410 4.7238
0.0628 0.9409 10.9187
1.7323 -2.3196 4.5006
1.8976 -2.4301 4.5345
-4.1918 0.1954 6.9761
5.0674 -1.8866 7.2708
-1.7565 -1.6235 4.7582
3.0592 -2.2447 5.1047
1.9884 -0.8122 8.5376
3.7665 -2.5879 5.7163
6.0741 -1.1456 10.2329
4.2190 -2.9060 5.6539
3.3281 0.7045 12.3335
5.5970 -2.4027 6.6340
3.5460 -2.7538 5.5685
4.6960 -2.6897 6.3603
2.8676 -2.6761 5.3314
16.5258 6.4109 31.3264
4.0293 4.5452 20.3915
5.3695 -2.9313 6.2678
3.3472 -2.8851 5.1919
1.0571 -2.0080 4.7575
5.6441 -2.6831 6.9210
0.9065 -1.6724 5.3290
5.8307 -2.2070 7.9775
9.0986 2.0593 18.3658
2.7038 -1.0202 7.2652
2.2604 -1.6288 6.1723
4.7718 -1.1915 9.3894
3.6474 -1.8504 6.0122
6.3237 -2.9413 6.7991
3.7877 -2.3518 5.5545
4.6398 -1.1221 9.4514
-3.0056 -1.6404 4.0032
6.0080 -2.9510 6.5974
0.6366 -1.3169 5.8764
3.3625 0.3467 4.7474
0.7745 -2.7156 4.0439
3.7691 -0.2560 4.2926
-11.3736 4.3761 11.1588
4.2877 -2.9263 5.6532
-1.6161 -1.6064 4.8734
-1.3786 -1.3216 5.5780
4.2921 -2.2792 5.8135
6.4152 -2.3197 8.0905
4.5527 -2.4631 6.0864
3.0722 -1.9861 5.5127
5.1865 -2.7352 6.5530
-7.6429 0.1501 4.8927
5.6409 -1.0984 10.0769
-1.1868 -1.7845 4.7665
4.6672 -2.8250 6.0740
4.0358 -2.8474 5.6648
-8.4404 0.8202 5.7675
2.9747 -2.3932 5.1266
1.6359 -1.7118 5.4603
1.8355 -0.4732 9.1248
1.8571 -2.7959 4.5092
4.8090 -1.8665 7.1757
2.5870 -1.9135 5.6816
0.4931 -0.1053 9.0826
-11.0102 1.1329 4.9064
7.0047 -2.3579 8.3548
7.2075 -1.8873 9.4098
2.6283 -2.7412 5.0634
3.3795 0.6774 4.8458
4.0053 -2.1484 5.7144
5.9831 -2.1518 8.1754
-3.5514 -0.8399 5.2830
2.8449 -2.6761 5.3183
3.0435 -2.4285 5.1921
3.9020 -2.7159 5.8496
6.6228 -2.4815 7.8879
3.5582 -0.1830 5.0158
5.5970 -2.8693 6.5227
-1.3855 -0.6654 6.8816
0.3451 -2.8074 3.6129
2.0751 -2.8850 4.4575
6.0131 -1.5740 6.5308
4.6126 -2.5158 6.1563
-9.7373 1.8842 7.1383
5.5824 -1.9149 8.4160
1.0207 -1.6682 5.3661
-0.5011 -2.2172 4.3002
4.7851 -0.6960 10.3845
4.9760 -0.6350 10.6163
1.4188 -2.8133 4.2213
5.2055 -2.0230 7.1520
9.7704 1.8000 18.2372
-2.8249 -1.4029 4.5808
3.2280 -2.6962 5.4995
2.4653 -1.8929 5.2742
-1.5203 1.0034 10.1290
1.6104 -2.8690 4.2210
6.0120 -2.2177 8.0608
-4.1109 0.5406 7.7106
6.3982 -2.6278 7.4667
2.4377 -1.3856 6.5193
6.7255 -2.9364 7.0408
6.4385 -2.9113 6.9251
0.2711 -2.3094 4.5625
6.0664 -1.2340 6.3834
-18.2142 3.7608 5.9821
-20.1587 5.7065 8.7360
5.5348 -2.4166 6.6023
-1.1245 -1.1912 5.9848
3.3815 -1.9556 5.9461
3.5447 -0.2094 4.2469
1.4599 -1.7105 5.3510
-1.9153 -1.8866 4.1423
6.8144 -2.7416 7.4803
2.3929 -2.1017 5.1504
6.8012 -2.8138 7.3290
7.4943 -2.1519 9.0480
3.7529 -2.0892 5.6861
2.4738 -1.7807 5.8772
1.4724 -2.7840 4.3107
-24.7196 6.4077 7.4991
6.7000 -2.1743 8.5448
2.5373 -2.2703 4.8697
-1.6791 -0.8947 6.2551
1.0973 -2.7597 4.1424
8.2919 1.6383 17.0611
-9.5443 1.2686 6.0232
0.8637 -1.4734 5.7673
3.7233 -1.3940 6.9259
12.0826 2.3410 20.6506
-1.0528 -0.2973 7.8072
1.8387 -2.5144 4.5521
3.4098 0.7054 4.8263
5.3256 -2.2572 6.7137
6.4091 -2.6135 7.5017
3.2321 -2.8249 5.2455
3.6937 -2.7901 5.5814
3.8473 -1.9948 5.8495
0.3090 -2.8132 3.5805
4.5150 -2.9653 5.7067
5.5733 -2.1444 7.0818
1.0933 -2.8304 3.9993
-0.4811 0.6487 10.0224
-6.4787 -0.1449 4.9773
0.9896 -2.8304 3.9395
4.0951 -2.7661 5.8610
-0.3861 -0.0648 8.6557
7.5692 -1.3011 10.7866
5.9269 -2.9264 6.5995
2.4493 0.1052 10.6319
0.3072 -2.4033 4.3963
6.1138 -1.8443 8.8636
5.0326 0.5939 13.0975
-22.6518 6.4078 8.6936
-1.5010 -2.1399 3.8768
5.0676 -2.9412 6.0738
2.0831 -2.7157 4.7994
4.7405 -2.7600 6.2458
0.2225 -2.6960 3.7642
3.8576 -1.1852 7.9473
5.8177 -2.1631 8.0575
-0.1707 -2.6484 3.6318
2.1506 -0.8122 8.6312
-11.8162 2.4402 7.0456
1.1328 -2.7659 4.1507
3.4047 0.6603 4.8322
-0.1313 -2.6623 3.6270
-3.1975 -0.9992 5.1699
1.3939 -2.8581 4.1176
-8.6504 1.8841 7.7661
-3.9844 0.3866 7.4768
6.7402 -2.9655 6.9914
4.8431 -0.3339 11.1394
-5.4619 0.2891 6.4294
3.2401 -1.1531 7.1990
6.4315 -1.5719 9.5899
12.2579 5.9323 27.9079
0.9708 2.4403 14.4309
-8.0038 0.1956 4.7748
2.9926 -1.8413 5.8570
0.0700 1.5606 12.1578
-3.8610 1.8001 10.3646
2.6644 2.7566 16.0393
-2.1100 -0.2972 7.1968
1.7328 4.9020 19.7762
3.4830 -2.9410 5.1589
2.9541 -0.8403 9.0395
7.7393 -1.9689 9.5542
3.5192 0.0781 4.9640
1.5788 -2.5673 4.4361
4.2915 -1.3504 7.8899
7.7215 -0.6351 12.2017
-0.9431 -2.2278 4.0238
9.4539 -0.1846 14.0999
6.8650 -1.5542 9.8757
4.6452 -2.8193 6.0727
2.3198 -1.3775 6.3468
0.1906 -1.9944 5.1437
3.7060 -2.0988 5.6117
10.6290 0.4364 16.0160
-0.4856 -1.4613 5.8154
4.0213 -1.8112 6.3762
2.6157 -2.5389 5.0274
-6.2244 1.9705 9.3393
1.3729 -1.8780 5.1726
1.2409 -2.8360 4.0734
6.0741 -2.8364 6.8638
14.5433 5.4945 28.3555
4.0276 -2.7223 5.9092
6.9348 -1.6410 9.7428
4.7054 0.7045 13.1289
2.1781 -1.5815 5.8929
2.3551 -2.5707 4.8916
-11.6147 3.6204 9.5138
2.8257 -1.9956 5.5599
6.1149 -1.5361 9.4784
0.4372 -2.8796 3.5224
6.8234 -2.3197 8.3262
2.9828 -2.0634 5.4976
1.3697 -2.8743 4.0714
2.0558 -0.9480 8.3060
6.9238 -2.4563 8.1120
2.1804 -2.9261 4.4365
3.7977 -2.6762 5.8684
1.6261 -2.3400 4.4595
4.5795 -0.9741 9.7116
3.3382 -2.8956 5.1659
14.5193 4.0584 25.4800
-20.5391 4.5441 6.2001
-11.1463 1.8842 6.3246
6.6545 -2.3948 8.0791
5.0766 -1.6712 7.8502
4.3930 -2.8957 5.7749
10.7545 2.0593 19.3222
7.1579 -0.9219 11.3046
1.9790 -2.1048 4.8774
2.7432 -2.7781 5.0564
-2.9868 -1.4225 4.4481
4.2245 -1.6754 6.8258
6.6721 -2.7963 7.2892
3.1462 -2.0246 5.4585
4.3733 -1.7564 7.1121
6.0080 2.1505 16.7627
-2.8194 -1.6235 4.1444
4.2092 -2.3512 5.8550
-3.3602 -1.3627 4.3517
0.6081 -2.8796 3.6210
4.8874 1.4848 14.7889
0.6104 -0.3695 8.6239
5.6355 0.5403 13.3391
1.2798 -2.8304 4.1070
2.2787 -2.3139 4.6787
4.7207 -1.8753 7.0164
3.5609 -1.6229 6.5153
-0.5723 -2.2172 4.2591
0.9368 -2.8901 3.7898
3.1719 -1.3933 6.8106
5.8872 -1.7228 8.9749
1.6597 -2.3667 4.3916
-1.8763 -2.0813 3.7767
-9.9779 2.2443 7.7171
7.5940 0.2887 13.9689
5.4902 -0.6037 10.9755
4.7289 -2.3482 6.1181
6.9924 -2.6279 7.8098
7.5307 3.3536 20.0394
-2.0612 -1.0493 5.7264
0.9397 -2.8796 3.8125
-0.3746 -1.7996 5.2054
0.6207 -0.3313 5.3840
3.1966 -2.7093 5.4552
2.7026 -1.3028 6.8278
3.8350 2.3409 15.8871
5.6610 -2.5389 6.7849
-10.3770 2.5425 8.0807
5.0337 0.7616 13.4323
6.8548 -2.5537 7.8782
3.9986 -1.8670 6.1661
6.6237 1.4848 15.7917
-6.3464 -0.5063 4.3336
8.1192 -1.5896 10.5294
4.2252 -2.0538 5.8863
2.2535 -2.9555 4.4200
6.9890 -2.7031 7.6579
6.9251 -0.8952 11.2235
13.7531 4.3771 25.6725
1.4974 -1.5400 5.7197
3.1317 -2.9059 5.0261
-8.8461 3.6205 11.1129
-0.5760 -2.3759 3.9407
10.6813 0.5937 16.3596
-1.7271 -1.2793 5.4611
0.5962 4.2143 17.7495
-6.4326 -0.4044 4.4869
0.1091 -2.7156 3.6597
1.1290 -2.6692 4.3411
-0.9425 -2.2065 4.0667
2.1825 -1.8015 5.5674
-0.5138 4.0579 16.7967
2.7049 -1.3169 6.7514
8.4616 -0.5398 12.8191
-3.6893 -0.8399 5.2033
6.8687 -2.0699 8.8501
3.6611 -2.4599 5.5645
3.6357 -0.2970 4.3129
2.6666 -2.1107 5.1262
2.9707 -1.2059 6.9275
6.5922 -1.7069 9.4138
5.7614 -2.8639 6.6285
3.8077 -2.5517 5.7160
4.4178 -1.6885 7.1242
1.5468 -2.5246 4.4063
2.1653 -2.0109 4.9827
4.1186 -0.6037 10.1835
6.0392 -2.7030 7.1095
0.3811 -1.1393 5.7668
-2.9298 1.0674 9.4424
5.5563 -0.8124 10.5979
-7.6029 1.1329 6.8741
13.3042 4.3771 25.4133
4.3947 -2.3616 5.9284
1.4154 -2.5265 4.3630
4.9572 -2.4957 6.3379
3.7978 -2.8306 5.5608
4.4454 -2.7159 6.1633
-2.6551 0.1954 7.8636
7.2648 -0.8952 11.4196
1.8582 -2.6761 4.7485
4.9121 -2.9263 6.0137
-0.7285 -0.1842 8.2199
-3.0227 -0.8400 5.5882
3.9064 -1.6928 6.5576
4.3444 -1.4351 7.7705
0.8106 1.1328 11.7330
3.6725 -0.4393 10.2533
2.2984 -2.8690 4.6183
0.5900 -2.6345 4.0990
3.1439 -1.9856 5.8149
-5.8936 2.2443 10.0760
3.3486 -2.8473 5.2681
5.3345 -1.6906 8.7198
1.5641 -2.8472 4.2377
1.8541 -1.1016 6.7348
4.0771 -0.6349 10.0972
4.1109 -1.4478 7.5646
7.3694 -1.7387 9.7992
3.0663 -1.3058 6.7817
2.9384 -2.7537 5.2177
11.8244 3.6211 23.0522
6.7762 1.1327 15.1781
7.9260 -1.0985 11.3964
5.1989 -2.7224 6.5855
5.7433 -1.5361 9.2639
5.8191 -2.0808 6.8137
2.5210 -1.9681 5.4425
4.8646 -1.6432 7.6516
3.2205 -2.7538 5.3805
2.7232 -2.3142 4.9360
1.3301 -2.0079 4.8559
9.8680 -0.1057 14.4963
0.1478 -2.1738 4.7615
4.6474 -1.2238 8.3366
1.0465 -1.1224 6.2858
1.6632 -1.4880 5.9939
5.6103 -2.1742 7.9156
-4.7085 -1.0244 4.2472
-5.7994 0.1500 5.9572
5.7259 -1.6743 8.9784
-2.6115 0.9409 9.3743
4.4494 -1.9739 6.3620
5.9133 -2.9163 6.6118
-2.8620 0.1954 7.7441
3.6304 -2.9110 5.3039
3.3384 0.5207 4.8926
9.8987 3.1034 20.9085
-3.4264 -0.2602 6.5104
4.5901 -2.1208 6.1512
4.0707 -0.0236 11.3116
-5.8303 0.3866 6.4109
7.9110 -1.3222 10.9421
-3.2102 -1.1451 4.8719
3.5673 -1.2874 7.0643
-1.8128 -1.9006 4.1736
3.8560 -2.0492 5.6976
7.9903 -1.1689 11.2933
0.2900 -2.5983 3.9977
6.9088 -2.4981 8.0201
4.1897 -2.8474 5.7537
5.2084 -2.7352 6.5657
-0.2180 -2.0934 4.7105
2.2573 -2.5149 4.7947
-4.0135 -0.1052 6.4802
2.1833 -2.6259 4.8296
6.0504 -2.5613 7.3984
1.6275 1.7181 13.3712
4.8680 -2.1816 6.3802
9.4030 4.5454 23.4955
2.9509 -2.3261 5.0674
-11.0244 1.6384 5.9054
12.1711 1.8841 19.7913
6.6282 -2.8801 7.0969
0.9015 -1.6005 5.7420
7.4273 -2.3390 8.6365
-11.4651 2.6478 7.6622
1.3281 -2.0821 4.9697
0.6354 -2.7220 3.9507
3.5789 -1.6772 6.2745
2.3389 -2.3268 4.7158
9.8296 2.6481 19.9612
4.0924 -2.8745 5.6434
5.8587 -1.9914 6.7448
5.2914 -2.8800 6.3251
-1.5380 -1.9682 4.1975
0.9967 -1.7277 5.2945
5.3240 5.7082 23.4566
3.3450 0.5459 4.8851
6.8464 -2.3857 8.2080
5.2490 -2.1497 6.8672
7.3912 -2.0330 9.2254
0.3181 -2.2996 4.6093
-0.7941 -1.9683 4.6271
-1.5017 -1.0245 6.0989
-1.1620 -1.6236 5.1015
-2.0289 -1.4029 5.0405
0.0304 -2.5531 3.9379
1.6615 -0.7838 8.4054
6.1502 -2.7540 7.0720
5.5572 -1.9555 8.3207
7.0133 -2.4038 8.2683
4.4629 -2.0423 6.2793
6.6597 -2.6350 7.6035
1.5240 -2.7780 4.3524
8.6341 -1.1917 11.6196
0.3066 -0.2603 8.6661
-16.3770 4.7192 8.9528
4.8613 -0.8124 10.1965
8.7171 0.3370 14.7136
-1.4568 -2.1399 3.9023
-16.5595 5.9303 11.2606
4.4436 -2.3938 5.9758
3.6066 -0.2650 4.7253
7.4654 -2.3294 8.6776
2.8378 -1.3511 6.7823
3.5440 -1.3183 6.9734
1.2852 -2.6894 4.3910
4.0254 -1.0497 9.2410
5.8177 -2.2800 7.8245
-8.6061 2.9839 9.9830
2.9226 -2.7222 5.2713
8.0527 -1.1917 11.2839
5.7914 -2.2392 6.8618
2.8690 -2.9161 4.8541
4.2430 5.4939 22.4054
-4.7907 0.2418 6.7227
10.7986 1.9705 19.1708
4.8253 -1.9158 7.1218
9.9761 4.0583 22.8558
0.7488 -2.9408 3.5803
5.0150 -1.6541 7.6921
7.2259 -2.0940 9.0085
8.0259 3.1034 19.8268
2.8367 -1.9735 5.5898
7.0476 -1.9819 9.1287
0.3872 -2.7284 3.7947
3.1814 -2.7475 5.3703
-3.9086 -1.2791 4.2015
0.5288 -0.6603 5.5439
4.6149 -2.1896 6.0465
4.8194 -2.7902 6.2313
6.7007 3.9073 20.6632
2.3754 -2.5716 4.9052
-1.5479 -2.1284 3.8726
-2.7852 -1.1911 5.0258
-18.0814 6.6641 11.8437
0.7487 -2.8132 3.8344
0.5712 -2.8016 3.7551
6.4262 0.7615 14.2365
-1.2899 0.1053 8.4726
7.0449 -2.7031 7.6902
2.3808 -2.8191 4.7653
2.9338 -2.8192 5.0846
-3.8312 -1.3422 4.1205
4.2004 1.2684 13.9610
3.6381 -1.7493 6.2115
1.7683 -1.8491 5.2604
3.6146 -0.2965 4.3023
6.7989 -2.2494 8.4522
5.5217 -2.8194 6.5788
-4.5693 -1.0737 4.2293
5.3716 -2.7415 6.6473
12.2203 2.1506 20.3506
7.2654 1.4848 16.1623
0.5548 -2.8190 3.7110
1.7700 -2.8527 4.3456
-1.7288 -2.0693 3.8859
2.3319 -2.5527 4.8662
6.9284 -1.0498 10.9172
3.5178 -1.6662 6.2641
4.8836 -2.1690 6.5883
0.5960 0.1953 9.7410
5.4004 -0.2605 11.6075
1.9401 -1.7632 5.3057
4.7979 -1.9774 6.8521
6.0709 2.8686 18.2299
-0.6855 -2.3093 4.0102
5.7700 -2.2192 6.8992
1.7272 -2.9555 4.1162
-11.3959 2.7564 7.9185
4.0712 -2.8193 5.7413
2.7417 -0.1418 6.3628
1.7216 -1.2633 6.2301
-4.2422 1.4110 9.3691
-12.7884 2.1505 5.9069
2.9259 -2.0535 5.5251
4.8939 -1.6480 7.7037
2.8483 -2.5888 5.1882
2.0847 -2.6828 4.8659
4.3402 -2.3784 5.9084
5.2162 -1.7982 7.6491
-0.8361 -1.2358 6.0622
0.0137 -1.8868 5.2560
-0.6594 -2.2279 4.1876
8.1493 -1.3429 11.0383
6.8776 0.0184 13.0164
6.9576 -2.4477 8.1486
7.9360 2.4403 18.4537
7.5040 0.9407 15.2160
2.7419 -2.2261 4.9348
5.9922 -1.4755 6.5125
3.6405 0.2604 5.0245
-2.3792 -1.8438 3.9597
6.6206 1.3387 15.4989
1.8336 -2.7720 4.5432
1.7877 -2.6555 4.7487
3.6802 -0.3455 4.3317
-2.9997 -0.9993 5.2841
5.3781 -2.8957 6.3437
3.7448 -1.3749 6.9138
-2.0743 5.4935 18.7561
6.9622 -1.8872 9.2681
8.0126 -0.7553 12.1304
5.9129 -2.9654 6.5137
2.4152 -1.8137 5.6080
6.9505 -2.5062 8.0281
0.8846 -2.8581 3.8235
3.9755 -2.9262 5.4729
5.4817 -2.8136 6.5671
0.0193 -0.8121 7.4006
7.4297 -1.1916 10.9242
-0.4495 -1.5715 5.6167
-0.2432 -1.6236 5.6320
-0.0687 -2.6056 3.7760
-7.2551 2.2443 9.2896
1.1844 -2.9602 3.7932
7.9387 -0.5397 12.5171
4.0334 -1.8709 6.1443
2.0303 -2.2675 4.5697
1.7064 -1.2431 6.1944
-5.0288 -0.9736 4.1634
7.4326 -0.2976 12.7072
7.2558 -2.1853 8.8437
2.7517 -1.3947 6.8191
7.7993 -1.1223 11.2759
6.0870 -2.7161 7.1111
1.3478 -2.6760 4.4539
2.7548 -2.1145 5.2297
-1.6399 -0.2602 7.5420
6.0188 -1.5990 6.5509
2.2262 0.2889 10.8691
0.1259 -2.3760 4.3460
1.4584 -2.5900 4.3885
14.4552 6.4107 30.1302
-12.0095 4.7194 11.4756
4.7413 -2.2339 6.3839
1.3575 -2.7026 4.4064
2.6466 -2.0941 4.9859
-3.5965 1.0674 9.0574
7.9606 -0.2229 13.1611
2.7733 -1.9448 5.4948
3.7864 1.0033 13.1937
1.3237 1.0033 11.7714
6.8383 -2.3948 8.1852
5.1669 -2.9163 6.1808
14.4345 4.5457 26.4019
4.4649 -0.9481 9.6971
1.1275 -1.3079 6.0069
5.9933 2.9841 18.4152
5.1700 -0.1802 7.9443
4.9900 -2.8957 6.1196
0.7180 -0.2974 8.8299
-2.3539 -0.7836 6.0868
-15.2538 3.1029 6.3809
-0.3081 -2.4810 3.8861
3.9590 -2.9162 5.4834
5.9266 -2.6831 7.0841
3.3440 -2.6762 5.6064
5.6017 -1.9687 8.3200
6.4496 -2.0077 8.7321
5.1876 -2.4077 6.3813
5.0810 -1.2797 9.3923
2.3780 -2.9160 4.5706
3.3446 -1.7735 6.1708
-1.1331 -2.1285 4.1121
-3.1476 -0.7836 5.6285
0.1952 -2.5608 4.0178
2.1200 -1.0247 8.1902
1.7306 -2.3040 4.5240
2.6339 -2.8903 4.7696
11.0475 2.5427 20.4546
-8.1424 1.9705 8.2316
6.0216 -2.6134 7.2779
3.5550 -0.1493 5.0940
4.0711 -1.4935 7.0950
7.5551 -1.8151 9.7543
1.2351 -2.7536 4.2342
3.2846 -2.1406 5.4196
1.7584 -2.7720 4.4998
3.9465 -2.1090 5.6358
7.2692 -1.1222 10.9697
4.3243 -2.8746 5.7773
6.4752 -1.2797 10.1973
6.3938 -2.9062 6.9095
5.1206 -1.9434 7.2771
1.3878 -2.3608 4.3113
3.0855 -2.7781 5.2540
6.3709 -2.8021 7.1037
4.1720 -2.6762 6.0845
3.5988 -0.1526 4.2670
6.0135 -0.3697 11.7440
7.9907 -1.3011 11.0300
1.6362 -2.8017 4.3699
3.0119 -2.5343 5.2458
2.7567 -2.1042 5.2814
6.2156 -2.9314 6.7563
4.0283 0.8200 12.9681
-10.3236 1.5607 6.1552
-2.3571 -1.3628 4.9309
3.1069 -2.7781 5.2663
5.8265 -2.7723 6.8486
6.6302 -2.9164 7.0257
7.4982 1.4108 16.1494
5.0481 -2.9461 6.0528
-1.1894 -1.1452 6.0388
0.4763 -2.8016 3.7003
6.1165 -2.0204 8.5144
5.0425 -2.2999 6.3606
-0.1782 -2.0199 4.8799
-3.6975 6.1649 19.1564
4.2273 -1.7229 6.7386
1.5425 -2.9458 4.0288
6.4720 -2.8531 7.0604
6.7833 -2.6965 7.5523
11.2572 1.2683 18.0364
6.1558 -2.1290 8.3206
5.0326 -2.5704 6.4363
-1.0489 -1.8867 4.6425
-12.5919 4.7194 11.1392
6.1453 -1.2018 6.4067
6.7823 5.9320 24.7447
-7.6236 1.0035 6.6043
0.4293 -2.1170 5.0373
6.1505 1.1997 14.9504
6.0303 -2.2699 7.9675
6.3931 0.7615 14.2174
2.8059 -1.9721 5.4583
3.4663 -0.3478 4.7613
0.4052 -0.9479 7.3529
5.2889 3.1033 18.2460
2.8535 -2.8903 4.8964
3.5957 0.2752 4.9634
0.5165 -2.3852 4.5533
2.6876 -2.3288 4.9218
1.3610 -1.8559 5.2121
4.4434 -2.0361 6.2465
10.2942 2.9842 20.8993
-0.5867 -1.8583 4.9660
-1.0976 -1.3830 5.6179
-6.9699 0.1501 5.2813
1.2778 -2.1582 4.2397
2.1107 -2.5128 4.7054
-1.6931 -0.6957 6.6437
4.5408 -2.8193 6.0124
6.6898 -2.3672 8.1544
3.6304 -0.2834 4.7397
6.7488 -2.8137 7.2987
0.1408 -2.1286 4.8476
11.2936 1.2683 18.0575
3.6032 -0.2505 5.0240
4.1475 -1.1463 8.2059
-3.3442 -1.5535 3.9808
7.6059 0.1496 13.6985
-0.1522 -2.3760 4.1854
-1.0001 0.8798 10.1832
-0.4851 -1.3424 6.0527
3.1012 -2.7537 5.3116
-4.9342 0.7047 7.5621
1.6536 -2.9260 4.1323
5.1551 -2.9363 6.1341
-3.7121 -0.1450 6.5749
2.5094 -2.8417 4.7946
0.7142 2.6480 14.6965
-2.5461 -1.2136 5.1190
8.3091 -1.5180 10.7818
2.2801 -2.8582 4.6293
-3.8592 -0.4390 5.9040
3.4589 0.3223 4.8763
2.4423 -0.6959 9.0316
7.3399 -1.9556 9.3500
5.4505 -2.2403 6.8879
3.5305 -0.3294 5.0007
5.6052 -1.8149 8.6285
2.2593 -0.5718 9.1732
0.5409 0.7045 10.7240
5.9474 -2.7478 6.9673
2.2439 -2.9555 4.4145
-12.4318 2.9838 7.7733
6.1887 -2.6628 7.2760
5.3888 -2.4316 6.5248
-16.2959 5.9303 11.4129
2.7558 -1.8923 5.6202
-0.4892 -2.2279 4.2859
-3.0117 -1.6063 4.0676
-0.8113 2.9840 14.4851
-0.6880 -1.5715 5.4790
-21.5228 5.4923 7.5213
4.3911 -2.9162 5.7329
-20.6457 5.9300 8.9002
5.9913 -2.8021 6.8844
0.5994 -2.8581 3.6589
6.6460 -2.4216 8.0208
4.8031 -2.8307 6.1412
5.2878 -2.4771 6.5146
-0.0093 -2.6893 3.6436
6.9137 -2.7602 7.5006
5.2375 -2.8363 6.3808
2.6080 -1.6612 6.1177
6.5086 -2.6899 7.4068
-1.4197 -0.5716 7.0487
0.4656 2.7566 14.7693
8.8777 -0.5721 12.9950
2.8364 -2.5161 5.1317
-5.4568 0.9410 7.7311
2.3636 -2.2941 4.7380
-2.0309 5.0911 17.9792
1.3444 -1.8677 4.1238
3.8301 -2.0656 5.6956
0.3483 -0.9216 7.3725
4.1885 -1.2589 7.9554
8.4732 3.3536 20.5838
2.6390 -2.1000 4.9623
2.7359 -0.8950 8.8045
4.5735 -2.9009 5.8688
2.8802 -1.7758 5.8359
4.1470 -2.2310 5.6969
-10.5017 1.4110 5.7541
-11.9374 3.9066 9.8977
-2.5593 -0.2972 6.9373
5.2768 -1.7386 8.5910
3.6889 -0.2467 4.3334
3.8405 -1.9638 5.9725
10.3661 3.9074 22.7804
3.2378 -2.7599 5.3782
5.9281 0.1051 12.6408
-0.5402 -0.8401 7.0217
6.5328 -2.1853 8.4262
10.3299 6.1659 27.2598
5.8420 -2.3578 7.6835
1.9723 -2.7222 4.7226
3.1299 -2.6556 5.5237
1.0129 1.6384 12.8573
1.4973 -1.3703 3.8577
2.4668 -2.7720 4.9088
3.4531 -2.9110 5.2015
3.3363 -2.7158 5.5230
2.9003 -2.0613 5.3525
-12.2546 2.8683 7.6456
6.4149 -0.8680 10.9830
-0.5785 -1.3006 6.0819
5.7570 2.9841 18.2788
1.7658 -1.8959 5.1960
5.0542 -1.8751 7.2829
2.6413 3.6208 17.7481
6.5774 -1.6069 9.6045
3.9750 3.6209 18.5184
5.0522 -2.3622 6.3095
0.5543 -2.6623 4.0229
-6.7480 0.4882 6.0833
4.0694 -2.9362 5.5073
7.5831 -0.4735 12.4438
-4.0905 -0.3693 5.9093
4.9365 -2.0132 6.9582
-0.0692 -1.8439 5.2935
11.0727 1.0671 17.5290
5.0437 -2.7414 6.4580
2.5295 0.5939 11.6520
1.8377 -2.0331 4.9223
5.0499 -2.0796 6.9447
5.7807 -1.9011 8.5581
-0.1724 -1.4990 5.9213
4.4599 -1.3506 7.9904
8.1705 0.3862 14.4961
4.3873 -2.9312 5.7007
-1.5847 -1.8292 4.4475
3.9950 -2.9111 5.5143
-1.1670 -1.8292 4.6887
-0.5968 -2.0199 4.6382
11.4798 1.8000 19.2244
-12.9107 2.4402 6.4135
-2.0080 -1.8582 4.1453
3.0896 -1.7454 6.1226
3.7597 -1.1611 7.7710
6.5547 -2.1743 8.4609
4.7081 -2.3482 6.1061
3.6136 -0.2817 4.8388
3.8197 -1.2202 7.7706
2.4832 -1.8992 5.3112
1.2844 -2.0416 5.0228
2.2534 6.9340 24.1259
5.8127 -0.3340 11.6993
6.2264 -1.8872 8.8433
-1.0769 -2.0324 4.3359
2.5582 -2.3671 4.8818
-12.2672 3.2260 8.3510
5.1833 -2.5314 6.4926
0.2388 -2.7658 3.6345
-0.9999 -1.3006 5.8386
4.6954 -1.8314 7.1742
5.4554 -2.0660 7.2353
-0.2754 0.1053 9.0584
3.4210 -2.7476 5.5086
-0.0947 -2.6344 3.7037
4.4499 -2.8584 5.8820
1.1492 -1.6043 5.6147
3.1159 -1.6377 6.3617
7.6009 -2.1743 9.0649
-6.3295 -0.0645 5.2236
2.3379 -2.8248 4.7292
-3.5795 0.1054 7.1504
9.5681 1.4847 17.4921
3.6097 -2.3741 5.5054
1.9864 -1.6216 5.8327
3.8390 -2.7538 5.7376
2.3283 -2.7093 4.9539
0.3901 -2.5910 4.0702
3.5355 -0.2062 4.7242
5.5417 -2.2635 6.7844
4.3758 -0.1844 11.1675
6.8611 -2.7785 7.4339
4.0238 2.8686 17.0476
6.9911 0.1496 13.3434
3.4627 -1.5860 6.5424
3.8576 -2.8418 5.5730
-6.8219 0.1955 5.4574
7.7072 -1.4808 10.5084
0.3671 -0.4732 8.2769
-8.3105 0.7048 5.6123
3.7196 -2.3351 5.5038
4.5956 -2.7414 6.1993
3.5660 0.1497 11.3656
-2.9750 -1.5535 4.1939
6.2549 -2.8021 7.0367
5.5386 -0.2228 11.7625
6.0028 -2.0329 8.4237
2.4195 -1.8386 5.4446
-10.3093 2.0593 7.1569
1.3401 -2.7157 4.3704
4.7811 -2.1043 6.4930
-15.7365 4.7192 9.3228
8.0674 -1.4618 10.7541
3.2296 -1.2760 6.9877
-0.4968 -2.5296 3.6802
6.5546 -1.8298 9.1472
6.0829 -1.4063 6.4592
4.5901 -2.8078 6.0639
4.0483 -1.4166 7.6049
3.5871 -0.2032 4.2678
3.3452 2.0593 15.0430
0.4837 5.7079 20.6606
0.5893 -2.6485 4.0706
2.1713 -2.3038 4.6213
6.0650 -1.8001 8.9237
4.4607 -2.1530 5.8252
7.4067 0.1050 13.4946
0.3104 -2.2896 4.6247
-3.9101 1.1999 9.1403
5.3740 -1.3632 9.3950
0.3157 -2.6759 3.8580
4.4958 -2.3948 6.0083
-2.2457 -1.4420 4.8373
6.7590 -2.4980 7.9337
6.5871 -1.8588 9.1081
-0.7647 -0.7548 7.0620
6.1677 -2.6420 7.3054
0.8487 -1.5603 5.5235
0.2700 -2.6273 3.9284
4.0885 -2.4438 5.8025
4.0232 -1.5719 6.8827
3.3090 0.3326 4.7900
5.4655 -2.1689 6.9237
-1.5100 -0.6347 6.8710
1.6341 -2.9260 4.1210
5.1185 -1.9415 7.1998
4.8758 -0.5396 10.7484
1.5926 -2.7958 4.3564
1.6045 -2.8017 4.3517
7.8190 -1.7387 10.0589
2.7653 -2.7028 5.2192
-12.2734 1.8842 5.6737
0.5317 -2.6485 4.0374
-2.5168 -0.8947 5.7714
3.0366 1.2684 13.2889
5.5996 -2.4959 6.7091
0.1979 -2.7473 3.6477
5.7335 -2.8585 6.6231
6.2045 -1.1916 10.2167
-0.6166 -2.1400 4.3875
7.0010 0.8796 14.8038
1.2140 -1.2172 6.1949
6.4584 -2.7096 7.3385
2.5425 -2.2192 4.7707
-18.9418 4.2136 6.4640
-9.4959 1.0035 5.5230
-0.5266 -2.0572 4.6044
5.4887 -2.8251 6.5484
-1.6731 -2.1051 3.8467
0.1403 -0.1842 8.7216
1.3533 -2.9310 3.9490
4.4317 -1.1455 9.2846
1.5506 -0.6348 8.6383
3.5608 -0.4687 4.4992
-5.0671 1.8841 9.8356
2.4099 -2.5897 4.9371
1.4683 -2.1431 4.7085
2.5999 -2.8472 4.8358
4.8356 -0.7551 10.2958
0.0971 0.9409 10.9385
-0.0686 -2.0572 4.8688
4.6577 -2.0588 6.6430
-13.8425 2.5424 6.0792
3.3220 -2.7901 5.3668
2.1590 -2.7349 4.8050
4.9137 -2.5312 6.3366
5.0650 -0.6255 8.1271
3.0472 -2.4988 5.2425
4.3909 -2.8904 5.7841
1.6074 -1.1360 6.3427
1.6020 -2.5193 4.4263
4.7224 -2.9557 5.8455
2.5023 -2.2392 4.8962
-12.5985 2.5425 6.7977
9.8984 -0.2230 14.2801
-3.8742 1.1999 9.1610
1.6074 0.4880 10.9084
7.2137 -1.7387 9.7093
2.1403 -2.8248 4.6151
1.7976 1.3388 12.7136
0.7054 -2.8247 3.7866
6.7746 -1.3221 10.2859
2.0152 -1.3643 6.2370
4.2714 -1.9188 6.1002
6.5855 -2.7289 7.3734
5.2413 -2.7352 6.5847
3.9600 -1.5602 6.7552
6.3603 -2.7353 7.2307
5.0976 -2.7539 6.4643
10.2699 2.7567 20.4320
3.4318 -0.3260 4.9583
5.1765 -1.7467 7.7192
2.4362 -2.7660 4.9032
-0.3132 2.7566 14.3196
7.6149 -0.5397 12.3301
1.0273 -1.7641 5.2272
-12.2751 5.9306 13.7357
3.0161 -2.9311 4.9090
9.1209 0.2414 14.7563
2.5190 -1.9412 5.2260
3.6088 -0.2815 4.2975
3.7068 -1.6463 6.4409
2.6673 -2.1765 5.2099
2.5015 -1.5966 6.0676
-3.2954 1.8841 10.8588
4.9740 -1.9933 7.0793
2.5452 -2.2004 4.9496
5.1931 -0.6657 10.6804
4.0453 -0.1879 4.4750
0.0685 -1.8726 5.3158
0.3996 -2.2796 4.6962
5.8735 -1.9149 8.5842
-10.7086 6.1644 15.1062
-0.5253 2.3409 13.3688
8.1729 -1.6070 10.5257
2.8020 -1.5841 6.2729
2.9967 -2.9604 4.8396
10.4049 0.2413 15.4978
-2.6521 0.1054 7.6859
1.4450 -2.1192 4.7070
3.6045 -1.7767 6.1077
-11.3757 1.4849 5.3966
5.3756 -2.8194 6.4944
2.4945 -1.7957 5.7172
-24.7133 6.6635 8.0124
6.9431 -2.6629 7.7116
6.6900 -1.0498 10.7796
6.9396 -0.3340 12.3500
-1.8186 -1.9813 4.0094
2.2912 -2.8527 4.6466
7.3211 3.4851 20.1802
6.1280 -2.0939 8.3746
3.6554 -0.1661 4.3041
-4.9173 -0.1449 5.8789
6.4909 -2.5222 7.7306
6.7487 -2.6628 7.5994
4.2207 0.8797 13.1982
0.1508 -2.6129 3.8882
8.3630 -1.5362 10.7765
-3.8391 -0.5715 5.6516
3.5124 -2.3571 5.4085
7.2342 -2.2071 8.7879
4.2985 -1.9384 6.0922
1.8315 -2.5659 4.5788
2.1519 -1.5135 6.0148
-1.2562 -1.7692 4.7568
5.3563 -2.9461 6.2308
6.0833 -2.2177 8.1020
-13.7717 4.9012 10.8201
0.3954 -1.2088 6.0354
-4.3795 -0.3335 5.8137
3.8448 -2.7782 5.6924
4.1585 -1.5298 7.3203
-6.2964 2.0593 9.4746
4.8144 -2.0984 6.5370
3.4026 -2.8904 5.2135
5.3610 -2.9264 6.2728
3.2473 -0.9217 9.0465
5.3537 -2.3814 6.4719
11.1576 1.6383 18.7161
5.4557 -2.7539 6.6711
4.7686 -1.1456 9.4791
6.9601 -2.5690 7.9085
-1.4437 -2.2065 3.7773
8.0164 0.3370 14.3089
2.4570 -2.5176 4.9162
3.4996 0.3800 5.0428
3.0171 -2.8362 5.0989
1.8646 1.6383 13.3491
8.9506 -0.4735 13.2334
5.7558 1.8000 15.9186
5.4623 -2.9461 6.2919
-3.0112 0.8201 8.9028
-2.9302 -1.4801 4.3661
-3.6002 -1.2357 4.4662
0.3170 -1.2214 5.7846
2.4955 -2.7841 4.9014
-11.7571 2.0593 6.3208
-0.3531 -0.9479 6.9150
8.3515 0.3370 14.5025
-9.3161 0.5407 4.7047
-2.0404 -0.9737 5.8890
-3.4678 -1.3005 4.4136
5.0924 -1.9288 7.1957
6.6193 -2.3197 8.2084
12.1637 3.4852 22.9773
-20.2299 4.3757 6.0431
-10.2557 0.9411 4.9598
5.7934 -0.2976 11.7607
4.4836 -2.8363 5.9456
-1.4774 -1.1911 5.7810
1.6556 -2.4205 4.3724
6.4484 -2.9113 6.9308
-12.7967 1.8842 5.3714
10.5408 1.1326 17.3523
0.5362 -2.7091 3.9192
0.9793 -2.8304 3.9335
4.6865 -1.8342 7.1012
4.9053 -2.3970 6.2499
4.5044 -2.7661 6.0974
-1.4792 -2.1737 3.8221
4.7261 -1.5975 7.6237
0.6420 -0.2199 5.3036
2.9257 -2.8691 4.9804
2.8871 -2.8473 5.0016
-20.6004 4.9008 6.8755
0.4252 -2.2173 4.8350
6.1695 3.9072 20.3564
4.7421 -2.2428 6.3729
5.1182 -2.9112 6.1628
1.8445 2.5426 15.1394
0.5155 -0.5897 5.4775
8.1219 3.1034 19.8823
-8.3936 0.6489 5.4530
1.7731 -2.8743 4.3043
2.2053 -2.6259 4.8423
2.5737 -2.7412 5.0319
4.8889 4.3768 20.5524
5.1074 -1.6189 7.8735
-0.4379 -1.8583 5.0519
-1.8930 -0.0647 7.7855
-2.1677 -1.9416 3.8870
5.3438 -2.2038 6.7970
3.0772 -1.9021 5.7861
7.3166 2.9842 19.1795
6.8668 0.0613 13.0957
1.3565 -2.3315 4.2822
5.2477 -1.2140 9.6194
-10.6929 5.9307 14.6497
5.9983 -2.8079 6.8769
0.4334 -2.4643 4.3477
8.6804 -1.1689 11.6918
3.6947 -1.8630 5.9735
4.7917 -0.8124 10.1564
1.0923 -2.0444 4.8626
6.7048 -2.9462 7.0093
1.8394 -1.4535 6.1141
-4.1250 -0.8675 4.8968
0.2153 -2.7535 3.6454
-4.2797 -1.1910 4.1628
1.8168 -2.4502 4.5060
4.4272 -2.2635 5.8817
0.9571 -0.4047 8.7541
7.2127 -2.5690 8.0543
5.7009 -2.7903 6.7403
5.5285 -2.9213 6.3796
3.6651 -1.5618 6.5970
5.7164 -1.9555 8.4126
2.6378 -0.1494 6.4540
3.4488 -0.9589 7.6412
6.8048 -2.0939 8.7654
5.8100 -1.1915 9.9889
6.8467 -0.9998 10.9698
4.4052 -2.8193 5.9341
1.1533 -2.6960 4.3016
11.5583 3.4852 22.6276
2.7310 -2.8744 4.8574
4.7119 -2.4658 6.1845
4.8759 -2.9605 5.9246
4.1373 -1.9832 5.9757
-0.6731 -0.7837 7.0574
1.9470 -1.2824 6.3652
2.1269 -1.7858 5.6180
-1.5205 -0.1451 7.8405
-0.2300 -2.5375 3.8186
1.5049 4.7201 19.2820
5.2055 -2.2257 6.7040
-0.0501 -1.9683 5.0566
4.1869 -1.9255 6.1276
-0.1431 4.5450 17.9814
3.5029 0.2085 4.8074
-6.0369 0.5941 6.7050
2.9384 -0.2975 10.1120
0.5496 1.8000 12.9119
3.5848 -0.3169 4.3944
4.2329 -2.8078 5.8576
6.7828 -2.8586 7.2290
3.3916 -0.4393 10.0911
0.8439 -2.9260 3.6648
4.4421 -1.1660 8.3318
2.3396 -1.7407 5.6630
3.3001 -2.8691 5.1966
-0.3071 -2.6129 3.6238
3.6891 -2.7842 5.5905
6.5099 -2.4304 7.9247
2.1211 -2.9360 4.3824
6.4409 -1.9688 8.8045
2.0387 -0.4047 9.3786
-0.5337 0.4368 9.5697
3.0003 2.5426 15.8069
0.3308 -1.1469 6.0329
5.9689 -2.7289 7.0174
5.9797 -2.3196 7.8391
-5.9769 2.8684 11.2715
5.1686 -2.9009 6.2124
-8.5373 0.3867 4.8476
6.3453 3.1034 18.8561
5.3306 -1.7228 8.6535
4.8417 1.8000 15.3907
7.9082 1.4108 16.3862
7.2189 0.0184 13.2135
-9.7596 1.3389 6.0391
-2.9459 0.6487 8.5990
-2.1758 0.2890 8.3270
10.2126 5.9322 26.7264
7.8560 -1.4232 10.7089
7.7107 -1.9950 9.4858
5.4520 2.6480 17.4329
2.1851 -2.7959 4.6986
4.2529 -0.9996 9.4720
4.2629 0.8200 13.1036
5.5847 -1.7542 8.7376
3.8877 -2.9262 5.4222
-0.5169 1.8841 12.4635
3.4901 -2.2333 5.3544
0.0719 -2.7220 3.6254
-4.0097 -1.2357 4.2297
1.8218 -1.4400 6.1562
1.3676 -2.9650 3.8895
2.9027 -2.6962 5.3117
-4.2960 -0.7253 5.0813
-1.6633 0.2890 8.6229
2.6859 -2.1380 4.9232
4.5307 -2.7029 6.2385
-7.4486 1.9705 8.6323
-3.2232 0.3373 7.8183
-11.4864 3.7610 9.8681
3.8716 -1.6195 6.6708
0.3285 -2.1627 4.8881
1.7211 -1.5405 5.8528
6.3073 -1.3428 9.9747
3.6891 -0.0960 4.2419
6.4271 -2.7602 7.2197
1.9557 -2.9160 4.3268
3.6510 -2.5700 5.6380
6.3492 -2.4391 7.8145
4.0450 -2.1964 5.6396
3.2258 -2.1057 5.3943
5.6117 -0.8951 10.4650
5.2878 -1.4425 9.1873
0.5361 -2.3943 4.5465
3.6724 -0.2103 4.3184
4.8178 -2.8693 6.0729
-4.5691 -0.4729 5.4264
3.9178 -2.2730 5.5818
-1.9560 -0.6957 6.4918
4.1962 -1.7852 6.4201
7.2231 -2.1743 8.8468
10.2471 2.5427 19.9924
-1.1833 -1.5714 5.1930
2.4693 -1.6328 5.9549
7.2228 -1.2798 10.6290
8.7605 -0.5398 12.9916
3.3686 -2.2391 5.4292
-3.9604 -0.3336 6.0558
4.2993 -2.6052 6.0339
1.8013 -2.4428 4.4800
7.5489 -0.1454 13.0777
-0.1868 -2.5217 3.8751
6.9511 -1.1222 10.7861
3.6281 -0.4717 4.3518
1.9083 -1.7681 5.5695
5.8346 -0.2228 11.9334
6.9710 0.2414 13.5148
3.5438 -2.0032 5.8477
4.9223 -1.5572 7.8459
6.1827 -2.7540 7.0908
1.6536 -2.7840 4.4153
13.1943 6.6666 29.9119
5.3621 -1.4617 9.1920
9.4897 3.7617 21.9840
-6.2621 0.8202 7.0254
0.6098 -0.1722 5.2532
-20.2781 4.7190 6.6994
4.9166 -2.3474 6.2246
-2.6849 -0.4391 6.5821
4.6596 -2.9313 5.8579
9.4758 1.0032 16.4793
2.0736 -2.2910 4.5931
-5.9110 -0.0645 5.4652
-0.6418 0.2417 9.1186
3.1921 -2.0302 5.5962
-7.8562 0.5407 5.5477
10.8198 2.7567 20.7496
8.3382 0.5938 15.0065
-1.0728 -1.5890 5.2218
-2.9911 -0.3336 6.6155
-2.5852 -1.6235 4.2797
4.6654 -2.1175 6.5600
6.7586 -2.3485 8.2315
9.3717 -0.5721 13.2802
-0.5385 -0.1842 8.3297
7.0866 -1.9150 9.2846
1.2475 -1.9923 5.1194
5.2244 -2.9263 6.1939
1.9351 -1.1632 6.7949
-0.3763 -1.0739 6.6505
6.7671 -1.7069 9.5148
6.9363 -0.1056 12.8033
0.4131 -2.8016 3.6638
2.9438 -0.0236 10.6609
-4.0147 0.2418 7.1708
8.9154 -0.4050 13.3496
4.5484 -1.5574 7.6319
4.6065 2.4403 16.5307
5.6074 5.0915 22.3915
9.4827 -0.5398 13.4087
-7.6176 1.2686 7.1360
-0.6272 0.8798 10.3985
-13.6704 3.1030 7.2954
-13.7213 2.2443 5.5551
1.4785 -1.4410 3.8249
-8.4688 1.9705 8.0431
1.0311 -0.7838 8.0414
5.8355 -0.9997 10.3859
2.4619 -2.7093 5.0310
-0.8049 -2.2693 4.0209
-0.9576 2.2444 12.9267
-5.7227 -0.4389 4.8280
4.7498 -2.5700 6.2722
-5.5626 1.1999 8.1859
-11.0150 2.9838 8.5917
3.8163 -1.9110 6.1895
7.0492 -1.9012 9.2905
3.4671 -2.1715 5.5056
-8.3483 1.1329 6.4436
2.3626 -2.0192 5.0325
4.2634 -1.8056 6.6338
5.0650 -0.5320 8.1268
-1.7003 -0.7836 6.4642
-1.7854 0.4881 8.9492
1.4716 -1.4212 3.9025
-8.5733 4.7196 13.4605
5.0879 -2.2811 6.5012
1.5168 -0.9216 8.0473
1.6799 -2.2152 4.7166
9.4328 4.3770 23.1771
-0.9057 2.9840 14.4305
1.3525 -2.9057 3.9989
2.9218 1.7181 14.1187
5.5226 -2.8800 6.4585
-0.2017 -0.4046 8.0849
3.7231 -2.9508 5.2781
5.2543 -1.3834 9.2856
4.8458 -1.9797 6.9491
5.4757 2.3409 16.8347
0.9672 0.7045 10.9701
7.0324 -1.4426 10.1947
-12.9979 1.8001 5.0877
4.5384 -1.8679 6.8761
2.9480 -1.1759 7.1420
4.1353 -2.8019 5.8128
4.3553 -2.9008 5.7428
7.7916 -1.8299 9.8615
2.1532 -2.6053 4.7954
-3.2382 0.4368 8.0079
-21.3723 4.9008 6.4297
1.3436 -2.7536 4.2968
6.5938 -2.2800 8.2726
2.7008 -1.2710 6.9438
0.5466 -0.5371 5.4603
-5.2377 -0.4390 5.1080
4.4338 -2.4801 6.0285
2.4443 -2.3608 4.8008
2.1155 -2.7286 4.7926
5.7553 -2.2440 6.9247
4.0946 -0.1036 4.5086
8.3346 0.5402 14.8978
-1.7596 -1.9682 4.0695
1.1196 -2.6960 4.2822
-1.7333 -1.4989 5.0199
2.9738 -2.1306 5.3658
6.8177 -2.6279 7.7089
5.1263 -0.2722 8.0203
4.7197 -2.5183 6.2236
-1.0690 -1.7382 4.9268
0.1194 -2.4122 4.2701
4.7996 -1.7933 7.3810
1.2052 -1.4046 5.8170
-2.4910 1.2685 10.0967
3.4461 -0.3455 4.7994
-5.5094 1.5607 8.9355
1.6667 1.0673 12.0969
4.7394 -2.2166 6.4082
-17.6860 3.4844 5.7363
1.3312 1.5606 12.8862
1.8664 -0.6348 8.8207
-8.5628 1.2686 6.5901
-0.3797 -2.3384 4.1289
1.1880 -2.9310 3.8535
6.4413 3.1034 18.9116
-3.2081 -1.3829 4.3993
0.8590 -2.7091 4.1056
6.2511 -1.6069 9.4161
9.1630 -0.4396 13.4238
-15.7293 3.2260 6.3514
2.5159 -1.9646 5.1613
13.4411 4.9026 26.5394
2.5822 -1.2885 6.8414
2.6439 -1.7241 6.0185
-0.4136 -2.4975 3.7924
-8.7178 0.6489 5.2658
0.2558 -0.0648 9.0263
-2.2605 -0.7836 6.1407
5.1285 -2.9061 6.1790
9.2831 -0.0238 14.3217
-4.8288 0.2891 6.7949
3.2880 -1.9088 5.9366
4.5452 -2.4287 6.0593
16.7503 5.7089 30.0573
4.0699 -2.2065 5.7453
8.0211 1.7181 17.0637
3.5214 -2.9604 5.1425
10.1515 2.2444 19.3428
1.3581 -1.8801 4.0485
4.3808 -2.6897 6.1783
2.3225 3.3535 17.0312
2.9874 -2.5699 5.2549
6.7685 -1.4994 9.9290
5.2412 -2.0403 7.1253
4.8366 -2.2454 6.3278
7.4991 -1.9556 9.4419
-5.2031 0.8799 7.7559
-0.2435 4.0579 16.9528
-1.8688 -1.8292 4.2835
11.0772 1.4108 18.2164
4.0207 -0.1865 4.5415
-1.3209 0.5940 9.4285
-11.7985 2.0593 6.2969
3.4055 0.5124 4.8773
7.5259 -1.2798 10.8040
1.2942 -2.0574 4.1300
4.6682 -2.9263 5.8728
3.8336 -1.4433 6.7946
1.7599 -1.9313 5.0891
8.6190 -0.9220 12.1483
1.7107 0.3372 10.6675
4.2001 -1.4231 7.7731
3.3560 0.5875 4.8726
3.5756 -2.6962 5.7002
5.9667 -0.9219 10.6168
-0.5174 -2.5137 3.7001
7.8194 3.7617 21.0192
6.5036 -2.3293 8.1223
-0.4436 -2.3759 4.0172
3.2265 -2.9110 5.0706
1.6296 -1.3906 5.8878
0.9256 -0.0648 9.4131
1.3829 -1.6626 5.4199
3.0654 -0.6036 9.5753
-1.2618 -2.2895 3.7169
3.5357 -1.8155 6.1891
6.9909 -2.2390 8.5839
2.2044 -2.9651 4.3726
6.1554 -2.5061 7.5690
0.2610 -2.2796 4.6162
4.7408 -1.7316 7.3745
-1.4136 -1.4989 5.2045
1.9137 -1.4771 5.8562
3.8669 -0.2542 4.3341
-10.2818 1.4849 6.0284
7.0213 -2.4732 8.1346
-4.2060 -0.6345 5.3142
0.0767 -2.3942 4.2812
-3.3411 -1.1682 4.7503
7.6760 -1.3634 10.7243
4.0792 -1.6120 6.8507
-0.3969 0.5405 9.8554
1.6071 -1.9015 5.0625
7.6159 -1.7698 9.8797
-4.0525 -1.1216 4.4323
-4.9052 1.1328 8.4321
3.3384 -2.8473 5.2622
-4.4839 1.6384 9.6827
-18.8663 5.9302 9.9281
1.2815 -2.7348 4.2984
2.3779 -2.9555 4.4918
-5.1373 -0.8399 4.3672
-13.3844 4.2138 9.6740
-1.7476 -1.7844 4.4427
-0.6736 -2.2279 4.1794
5.5526 -1.4617 9.3020
-7.3646 0.3374 5.4267
2.9644 -2.9361 4.8693
2.6584 -2.4813 5.0063
-12.8391 1.8001 5.1795
-5.7597 6.4092 18.4521
3.1422 -2.2481 5.2240
3.6912 -0.3756 4.4785
1.6352 -2.3589 4.3293
7.2825 -1.3633 10.4971
3.9289 -2.8249 5.6478
8.4842 0.1496 14.2057
-0.6787 -2.1626 4.3065
2.3296 1.0033 12.3523
3.6059 -2.3618 5.5632
1.5380 -2.7899 4.3367
1.3381 -2.9409 3.9206
5.3126 -0.9482 10.1866
1.9838 -1.8000 5.2898
3.5107 -0.2749 4.2378
3.4405 -1.7110 6.2158
-3.2713 -0.5715 5.9795
2.5859 1.1327 12.7583
4.0620 -2.1924 5.7686
2.2040 -1.1600 6.8404
2.1328 -2.2597 4.7049
3.7638 2.7566 16.6743
-2.2005 4.5449 16.7930
2.2870 -2.6895 4.9694
8.5821 3.4851 20.9086
7.5973 2.2444 17.8676
6.5858 -2.4648 7.9000
-3.4876 0.1500 7.2922
-0.7671 -1.6405 5.2957
2.5459 -1.9673 5.3431
3.7340 -2.8418 5.5017
3.5599 -2.8192 5.4461
5.1015 -2.8639 6.2474
-2.0645 -1.7995 4.2296
6.5069 -0.5068 11.7557
7.4383 -2.3294 8.6620
5.6365 -2.8194 6.6451
4.3212 -1.5649 7.5668
2.6682 -2.1174 5.1084
-2.8685 -1.3627 4.6356
2.7538 0.1952 10.9871
2.4124 -2.6828 5.0551
3.7669 -2.3518 5.5427
5.2697 -0.6037 10.8482
6.5807 -2.8252 7.1789
-1.2175 6.9337 22.1207
4.3410 -1.2601 8.0673
4.7735 -2.4444 6.2566
2.4838 -2.8582 4.7469
6.2711 -0.7552 11.1247
2.7458 -2.1973 5.0225
9.4268 -0.1846 14.0842
5.6657 -2.5749 6.8117
5.4306 -2.9558 6.2544
-0.6013 -1.3217 6.0269
4.3765 -1.5827 7.3032
4.0121 -2.1526 5.7304
-1.4481 -0.5393 7.0967
3.5272 1.1998 13.4354
6.7832 -1.4426 10.0508
-1.0735 -2.1399 4.1236
-14.5354 3.3531 7.2943
3.6644 -1.1220 8.8882
5.1190 -2.9009 6.1837
-0.3676 -2.4298 3.9537
2.7221 0.5939 11.7632
2.0327 -1.0247 8.1398
7.8291 -0.2977 12.9362
5.3136 -2.3108 6.5770
10.8995 0.9407 17.1770
-11.8237 2.1505 6.4641
1.9743 -1.5573 5.7147
5.3223 -1.8087 7.5863
-1.3163 -2.1956 3.8724
6.7779 -2.7963 7.3503
0.2105 -2.4122 4.3227
-6.4178 1.2686 7.8289
7.0892 -2.6350 7.8515
4.5863 -1.8439 7.0933
-1.5809 -2.1737 3.7634
4.4488 -2.8250 5.9480
0.5942 -1.4517 5.5815
3.7733 -2.9652 5.2784
0.7004 -0.6348 8.1474
6.9869 2.3410 17.7075
-1.1900 5.4936 19.2669
4.4359 -1.7001 7.1044
0.3169 3.2263 15.6195
2.3278 -2.2123 4.7230
13.6203 3.6212 24.0895
3.2633 -2.8249 5.2635
3.2243 -0.2227 10.4261
6.7311 -2.9315 7.0539
1.6739 -1.2876 6.3031
-2.2266 -1.4420 4.8484
1.3901 -2.6115 4.3413
8.7750 -0.1845 13.7079
5.9869 -1.5534 6.5217
2.9804 -2.9261 4.8983
7.1202 -2.4391 8.2597
5.7795 -2.8475 6.6716
1.6532 -2.3601 4.3425
1.1862 -0.6348 8.4279
-12.9131 2.2443 6.0219
4.4127 -2.5697 6.0769
3.4180 0.7263 4.8320
-1.5454 -0.3694 7.3790
-1.2894 -1.9281 4.4211
7.2804 0.8199 14.8462
4.3209 -1.7988 6.6326
6.6311 -1.1688 10.5085
-7.2934 2.1505 9.0805
-2.6168 1.1998 9.8872
6.6677 -2.3099 8.2558
0.1664 -2.5684 3.9859
1.6628 -2.1997 4.7001
-5.8193 0.7047 7.0510
-5.5762 -0.0646 5.6586
3.3919 -1.9698 5.8408
3.0597 -2.8018 5.1918
-8.1992 1.2686 6.8001
0.9679 -2.7780 4.0313
-0.5959 6.1651 20.9482
5.8130 -2.4303 7.5223
3.4590 -1.7270 6.3192
0.6103 -2.8471 3.6871
3.5377 -1.0741 8.9106
2.7538 -2.8473 4.9246
3.8535 -0.2605 10.7143
2.2077 -1.2462 6.5469
-8.5227 0.5407 5.1628
7.5600 -1.8444 9.6987
3.9280 -2.0943 5.9253
1.3681 -1.8801 4.0543
1.4562 -2.4955 4.3167
-8.3285 1.1999 6.5886
3.1485 -1.4135 6.6208
-7.5787 0.1055 4.8409
4.0363 -2.6057 5.8831
0.9086 -2.8635 3.8266
3.3570 1.5606 14.0561
-7.6733 4.3762 13.2961
-5.1130 -0.3335 5.3902
3.4789 -1.3619 7.0472
8.3635 0.1050 14.0471
6.7386 0.7044 14.3031
6.4963 -1.9556 8.8629
2.1500 -1.5262 5.8303
0.9270 2.4403 14.4056
1.7627 -2.8017 4.4430
3.3930 -2.4621 5.4147
3.9943 -2.7029 5.9288
4.6883 1.0033 13.7145
6.9235 -2.3294 8.3648
6.6995 -1.6743 9.5406
2.4242 0.4880 11.3801
-0.5418 -1.0246 6.6532
-6.3514 -0.0232 5.2932
1.4706 -0.7549 8.3527
-21.4801 6.4079 9.3705
1.2041 -0.6035 8.5005
1.1272 -2.9602 3.7602
5.1302 -2.8853 6.2214
3.2756 -2.3755 5.2869
-1.1114 -0.9478 6.4771
8.6493 -0.9999 12.0107
-0.1723 -2.2896 4.3460
3.4921 0.1906 4.8053
2.9673 -2.5229 5.2224
2.4313 -2.9007 4.6320
7.1557 0.7615 14.6578
6.1886 5.9319 24.4018
4.2598 -0.4394 10.5924
2.9139 -1.7192 6.0503
1.1122 -1.8912 5.0101
8.8975 -0.6962 12.7592
1.3659 -2.7840 4.2492
5.2471 -2.2448 6.6700
-5.4441 0.5406 6.9407
-15.7027 5.9304 11.7556
-0.0165 -2.7220 3.5743
5.4138 -2.9112 6.3335
1.2664 -1.7377 5.4073
1.4719 -0.9216 8.0213
-14.8620 6.4084 13.1937
0.0121 -0.6655 7.6886
5.5826 -2.1531 7.0705
4.1056 -2.8250 5.7498
-23.3780 6.1634 7.7872
5.3240 -2.3997 6.4696
6.6517 -2.5915 7.6855
3.3516 0.5710 4.8776
3.6449 -2.5519 5.6225
1.8656 -1.7106 5.5853
4.3712 -2.7842 5.9843
-2.8654 -1.1217 5.1177
-0.1060 -1.7538 5.4518
5.2825 -2.6831 6.7122
5.6711 -2.8853 6.5337
0.9304 3.7614 17.0401
3.5262 -1.8991 5.9125
-1.3345 -0.9478 6.3483
3.6636 -0.1518 4.3064
-8.9872 1.1329 6.0747
0.7702 -2.8415 3.7904
13.3603 4.3771 25.4457
4.7520 -2.2237 6.3982
3.8628 -1.3827 7.3045
5.8191 -2.0316 6.8137
6.0427 -1.3009 6.4247
3.6100 -2.9212 5.2719
-12.2706 4.3760 10.6406
0.6191 -2.3192 4.7440
3.6208 -0.8403 9.4244
7.9914 -1.5362 10.5620
7.7058 0.4365 14.3279
2.8314 -0.6656 9.3166
0.6900 -2.6760 4.0741
4.1928 -2.1947 5.7842
0.9626 -1.6902 5.3656
-1.4925 -1.6902 4.7779
0.3386 -0.6958 7.8169
5.0815 -2.1828 6.7036
5.2571 -0.7840 10.4817
6.2222 -1.5895 9.4340
4.2100 1.1997 13.8297
2.4345 -2.8134 4.8077
3.7326 -1.6938 6.3723
2.7615 -2.2203 4.9626
4.9874 -2.0093 6.9720
7.7842 -1.2142 11.0840
-4.3160 -0.4730 5.5726
3.5179 -2.8418 5.3769
-10.4270 0.9411 4.8608
17.7156 6.6670 32.5239
5.5424 -2.6831 6.8623
3.7882 -1.5430 6.7783
3.3895 0.6699 4.9443
3.4543 1.3388 13.6703
9.4563 -0.4050 13.6620
3.3160 -0.3940 4.9181
6.1610 -0.5720 11.4262
3.4910 -1.7725 6.2503
1.6791 -0.0648 9.8482
-5.5602 3.1031 11.9797
7.4066 -2.0330 9.2343
6.0595 -2.8585 6.8114
1.3732 -2.9554 3.9117
5.8753 -2.6489 7.1226
0.4629 -2.6623 3.9701
0.5622 -2.8953 3.5632
4.3502 -2.8638 5.8136
3.8071 -2.4756 5.6565
3.7614 -0.3385 4.3765
0.7514 -2.7597 3.9426
4.3870 -1.8042 7.0223
3.5386 -0.3394 5.0074
-1.1638 -2.3093 3.7340
-5.2237 -0.2224 5.5477
4.2789 -2.2726 5.8191
7.2970 -0.5720 12.0822
0.8289 0.5940 10.6699
-0.9023 -1.9007 4.6993
-2.7976 -1.1683 5.0641
-2.6058 -1.5536 4.4071
4.9804 -1.3427 9.2085
3.6983 -2.0644 5.6555
-3.8646 -1.1910 4.4025
-15.9095 4.9011 9.5852
-1.0973 -2.2693 3.8521
3.6744 -0.4268 4.3698
9.5755 -0.2230 14.0936
-4.0100 -1.1451 4.4101
-0.4402 -2.4122 3.9470
3.8164 -2.2213 5.6064
-2.0774 -0.6034 6.6056
6.8592 1.6383 16.2337
-1.1358 -1.7845 4.7960
7.6601 -1.9689 9.5085
1.4293 0.1498 10.1316
7.5202 -1.0985 11.1621
2.3428 -2.2365 4.7007
0.9574 -1.5604 5.5874
3.5903 -0.2361 4.9194
5.0000 -2.2501 6.4351
4.8262 -2.8529 6.1102
5.6160 -1.6906 8.8824
0.3280 -2.5608 4.0944
6.7200 -2.9062 7.0979
5.9929 3.3536 19.1512
0.9285 -1.0827 6.3078
3.6916 -0.4333 4.3850
6.6225 -2.9511 6.9521
3.8932 -0.1395 4.5895
-0.8556 -1.2137 6.0952
6.7957 -2.0454 8.8568
4.5947 2.6480 16.9377
6.1652 -2.7478 7.0931
3.3798 -2.7028 5.5740
-1.0426 -2.2172 3.9875
4.4297 -1.6237 7.3849
1.1858 -2.7411 4.2306
-1.4854 -1.9943 4.1759
4.7579 -2.8746 6.0276
7.3296 -2.1406 8.9756
5.0782 -1.9773 7.1355
5.7200 -2.9510 6.4311
2.4018 -2.1182 5.0792
1.4099 -2.9006 4.0422
6.5770 -0.7552 11.3014
6.4279 -0.2976 12.1271
1.4278 1.0033 11.8315
8.7960 -1.1223 11.8514
-0.4500 -1.9145 4.9329
-18.7227 6.4081 10.9634
6.1452 -2.5840 7.4079
3.6147 -2.2056 5.5472
4.4935 -1.1878 8.3905
0.5208 -2.5910 4.1457
7.1796 -2.2901 8.5909
8.8800 0.7615 15.6536
7.7439 -1.6744 10.1437
8.9521 1.4108 16.9891
6.6144 -2.9314 6.9865
9.1344 1.8000 17.8699
0.2807 6.1652 21.4546
-1.2300 -2.1956 3.9222
0.6215 4.0579 17.4525
5.1484 -1.7535 7.7447
5.3392 -2.3461 6.5246
-9.5975 0.5942 4.6488
3.7148 -0.3462 4.3495
4.7400 3.7616 19.2405
5.8255 2.7566 17.8650
-2.9573 -1.6063 4.0990
7.8162 3.9073 21.3075
0.7322 -0.5066 8.4212
6.2952 -1.5895 9.4761
3.4191 -1.5442 6.4430
6.0256 -2.2800 7.9446
2.4371 -1.8552 5.3353
-4.9832 -0.6345 4.8654
4.4301 -0.1844 11.1989
-11.4417 2.7564 7.8921
-1.6769 -0.7836 6.4777
1.0417 -1.1039 6.3917
3.5021 -1.8362 5.9915
4.8436 -2.7029 6.4192
-3.2166 -0.6653 5.8242
1.3607 0.7045 11.1974
2.1690 -2.9409 4.4003
1.3559 -1.3565 6.0057
-2.3239 -1.8866 3.9063
3.8631 1.7181 14.6623
6.1006 -1.7543 9.0355
0.6823 -2.6960 4.0297
6.0455 -2.2070 8.1015
0.0202 -2.3479 4.3408
6.8117 -2.8138 7.3350
5.9906 -2.6696 7.1480
4.7045 -2.8584 6.0291
6.2187 -2.8364 6.9473
-0.6736 -0.5065 7.6094
2.2503 -1.9318 5.3741
-1.7843 -1.1217 5.7420
-0.1169 -0.3695 8.2039
-0.4678 -1.5715 5.6061
0.7227 4.9019 19.1927
1.3444 -1.9509 4.1238
-5.7671 0.6488 6.9698
4.1217 -1.7604 6.3243
-1.8101 -2.0071 3.9629
-2.3372 0.9409 9.5327
12.9533 3.6211 23.7042
1.4228 -2.1900 4.8359
2.8492 -2.3929 5.0535
6.5925 6.9344 26.6327
4.0514 -1.4790 7.1081
-20.6101 5.7065 8.4753
-5.0543 -0.1449 5.7998
4.1376 -2.5880 5.9307
8.4484 -1.4619 10.9741
6.5331 -0.3698 12.0440
1.2167 0.1953 10.0995
1.6772 -1.0397 6.5457
4.9314 -0.9402 8.3593
2.4243 -1.8330 5.4211
4.7118 -2.8419 6.0662
14.5550 5.7088 28.7892
3.7101 -0.1826 5.0689
8.1857 0.8199 15.3690
3.2036 -1.4848 6.5131
5.9544 -1.5898 6.5784
3.0441 -2.7222 5.3414
1.8708 -2.9555 4.1990
1.8756 -2.0002 5.0294
0.3486 -2.6623 3.9041
-15.6951 2.8683 5.6585
-0.4878 -2.3942 3.9552
5.5505 -2.7288 6.7758
3.8093 -0.2534 4.4497
-1.3041 -0.1053 8.0447
3.8839 -0.0649 11.1215
6.7024 -2.5613 7.7749
0.2659 4.2143 17.5587
-2.1670 -1.2358 5.2937
-0.8488 -2.2995 3.9355
-6.2347 1.8841 9.1612
3.3903 -1.4768 6.5450
0.1973 -2.2694 4.5996
9.0471 -0.8406 12.5578
6.7144 -2.8748 7.1572
2.9104 -2.8955 4.9189
5.0331 -0.6011 8.1824
-3.7924 -0.1052 6.6079
0.3307 -0.7837 7.6370
0.5233 0.4367 10.1801
-1.6544 -1.0245 6.0107
7.2161 1.8841 16.9296
-13.2425 3.2260 7.7877
6.9119 -2.6490 7.7211
3.7175 -1.8062 6.2478
8.8299 1.3387 16.7749
0.5481 -2.8689 3.6077
6.8426 -0.0650 12.8300
1.2638 -2.8849 3.9891
14.1335 3.6212 24.3859
-2.0196 -1.7844 4.2857
4.9453 -2.7414 6.4012
8.6710 -1.2142 11.5961
-2.1649 -1.7223 4.3255
2.5508 -1.8710 5.7441
2.3069 -2.7660 4.8286
2.6603 -1.6546 6.1030
4.2743 -1.4654 7.6472
13.0659 5.0919 26.6999
-3.9670 -1.0492 4.6259
1.2353 -2.7780 4.1857
3.5770 -2.8956 5.3038
3.4427 -0.4393 10.1206
-0.9001 -2.2172 4.0698
-0.9706 -2.1626 4.1380
2.3036 -1.7432 5.6567
-1.0430 -2.1957 4.0302
-3.4515 -1.5355 3.9547
-3.5356 -1.2135 4.5477
2.1062 -2.8690 4.5073
7.6846 1.4108 16.2571
0.3435 -2.6691 3.8875
3.5122 -2.1014 5.7082
6.7537 -2.5840 7.7592
1.5427 -2.2623 4.4732
2.7730 -2.9311 4.7687
5.2420 -0.9997 10.0432
3.0684 0.1497 11.0782
3.7061 -0.2216 5.0753
3.7286 -0.3465 4.3567
2.7774 -2.2354 4.9486
-7.2004 0.8202 6.4835
-0.5578 -2.4726 3.7586
5.9544 -2.1853 8.0922
3.3665 -2.7476 5.4772
0.6747 -2.7156 3.9862
2.0593 -0.7256 8.7511
-2.7254 -1.3005 4.8422
2.5017 -1.5931 6.0415
0.7298 -2.9057 3.6393
-1.5805 -1.0738 5.9552
1.9475 -2.9603 4.2338
4.5378 -2.3946 6.0322
6.7111 -2.5915 7.7198
3.6554 -0.2403 4.5189
4.1113 -1.6839 6.7163
3.8911 -2.8306 5.6147
2.9978 -1.5306 6.5023
6.1350 2.9841 18.4971
2.1689 -0.3696 9.5239
0.4317 -2.7411 3.7952
4.9703 0.2888 12.4537
6.9531 -2.4391 8.1632
2.1002 -1.4852 5.8798
3.6777 -1.5908 6.7025
4.5752 -2.7902 6.0903
0.9043 -2.9554 3.6410
9.6586 3.1034 20.7698
3.2519 1.8000 14.4726
-1.0685 -2.2995 3.8087
-21.5683 5.9300 8.3672
2.9076 -2.8473 5.0135
0.7916 -2.5685 4.3469
4.8966 -2.0000 7.0007
-3.4572 -0.9737 5.0709
-6.7515 2.0593 9.2117
6.9730 -1.8731 9.3025
-1.1093 -1.5890 5.2007
-0.2616 -2.3479 4.1781
7.6265 -1.8444 9.7371
3.9520 -1.4558 7.1657
2.6523 0.1052 10.7490
5.4687 -1.6240 8.9301
0.9733 -0.2603 9.0511
4.3014 -2.9557 5.6024
6.0981 -1.3271 6.4152
5.4701 -2.2179 6.8725
4.6131 -2.0376 6.6970
-1.0626 -1.1684 6.0659
3.3556 -2.2136 5.3195
-10.0244 3.3532 9.8998
4.0769 -2.6897 6.0028
6.7279 -2.8137 7.2866
6.2973 3.1033 18.8284
4.9611 -2.9313 6.0320
5.7917 -2.9606 6.4533
1.5104 -1.2644 6.1310
5.9083 -2.0728 6.8033
3.6021 0.1403 4.9372
1.5604 -2.2552 4.4991
3.8854 -0.0980 4.5864
5.7845 -2.4443 6.7825
2.9279 -2.9161 4.8881
-1.9717 -1.5173 4.8455
4.4063 -1.7343 7.0974
-6.3962 0.5406 6.3909
10.2728 0.7615 16.4579
6.8016 -2.3765 8.2004
3.0112 -2.6829 5.4009
-0.7833 -2.4557 3.6621
-2.7169 -1.2792 4.8896
5.0364 -2.0926 6.8317
4.1344 -2.0120 5.9416
3.1389 -2.0142 5.5563
4.4841 -1.6467 7.3327
3.0403 0.2889 11.3392
2.5222 -2.2595 4.7721
-10.9632 1.0675 4.8030
5.2907 6.9343 25.8806
3.9753 -1.7594 6.3818
4.0820 -2.9411 5.5048
5.5748 -2.8747 6.4993
6.0217 -2.8853 6.7362
-0.1287 -1.8726 5.2020
3.8042 -2.7960 5.6334
3.5143 -2.2710 5.4993
6.3279 -2.4898 7.7011
4.3765 -2.1727 5.7986
0.5239 -0.4680 5.4011
17.6605 6.9354 33.0268
-9.4831 1.5607 6.6406
0.4092 -2.7284 3.8074
4.3007 -2.5153 5.9752
7.0372 -1.5720 9.9396
-0.5654 -1.8293 5.0361
7.2945 6.1657 25.5064
4.3654 -2.7094 6.1301
6.5767 -2.6764 7.4729
-6.9105 0.1955 5.4062
1.1913 -1.9280 5.2316
7.0433 -1.9287 9.2323
-9.4114 4.3762 12.2922
13.2349 3.9075 24.4375
-0.1394 -0.6957 7.5408
5.1650 -0.7551 10.4860
9.7136 2.5427 19.6842
-12.7004 2.2443 6.1447
4.6807 -2.2202 6.2735
3.5406 -0.2374 4.3402
-3.4195 -0.5715 5.8940
3.5123 -0.3293 4.9904
1.4336 -1.9285 5.1521
1.1796 -0.6035 8.4864
6.9568 0.7615 14.5429
6.4128 -2.2597 8.2087
3.6028 -2.9556 5.1990
4.1623 -1.8309 6.2223
2.9999 -2.8955 4.9706
8.5889 -1.3222 11.3335
5.7986 0.1951 12.7454
1.4247 -2.9650 3.9224
4.0114 -0.9218 9.4877
7.7373 -0.5069 12.4662
1.7841 -1.9880 4.9838
3.6888 -0.3234 4.3335
-1.3384 -1.4989 5.2480
3.0837 -2.1318 5.3929
0.8190 -0.1842 9.1136
4.7782 -2.7160 6.3555
-1.9680 -1.7381 4.4077
5.1265 -2.0507 7.0430
4.2067 0.5404 12.5139
4.3182 -2.1384 5.9009
2.9570 -1.5978 6.3393
2.1076 -0.6958 8.8383
1.9843 -2.8191 4.5364
3.0975 -2.6896 5.4374
5.7839 -2.8800 6.6094
7.8677 1.5605 16.6611
3.5850 -1.8860 5.9495
6.6734 -2.4038 8.0721
-0.2561 -1.8583 5.1568
-5.1073 -0.5392 4.9837
1.2538 -2.8635 4.0259
8.9772 1.3387 16.8599
0.7198 -2.9408 3.5636
1.6009 -0.4047 9.1258
5.4883 -2.7539 6.6899
-3.9132 -0.5715 5.6089
3.2400 -2.8418 5.2164
7.6226 -2.0330 9.3590
7.0525 -2.5614 7.9770
3.0692 -1.8975 5.9554
-3.3675 1.9705 10.9893
3.0922 -0.0275 4.7118
-11.3230 5.7071 13.8402
0.9274 0.4367 10.4135
2.7649 -1.2673 6.9097
6.6783 -2.5613 7.7609
2.4581 -1.2314 6.7850
-8.8673 1.1999 6.2774
1.9832 -2.3617 4.5369
6.4615 -2.5915 7.5757
-1.4636 -2.1051 3.9677
-1.2183 -1.8145 4.6885
5.7446 3.9072 20.1110
8.5424 0.7044 15.3448
-2.2344 -0.5716 6.5783
2.7632 -1.7992 5.8905
8.4631 -1.3634 11.1787
1.4694 -1.4410 3.8197
3.2290 -2.1302 5.4325
5.0834 -2.1276 6.7889
0.4606 -2.8074 3.6796
5.4300 -1.6409 8.8740
4.6142 -2.8638 5.9661
-1.6054 3.4848 15.0244
7.3242 -2.3948 8.4658
1.9467 -1.7848 5.2666
3.9379 -2.0548 5.9738
2.0858 -1.7403 5.6970
5.6433 -2.8021 6.6835
4.9213 -1.5096 7.9068
10.6208 1.0032 17.1405
5.9635 -1.3010 9.8594
-12.6208 2.9838 7.6642
-0.6859 0.4881 9.5841
3.5393 -2.8077 5.4572
3.4237 -2.8077 5.3904
0.7753 -0.9216 7.6191
8.4429 0.3370 14.5553
1.0395 -1.6676 5.3723
8.2193 -0.8405 12.0798
4.1754 -1.5125 7.5049
7.5987 -1.5179 10.3716
5.5416 -2.7903 6.6483
0.9156 -1.8233 5.0352
2.6932 -1.3278 6.9186
2.0453 0.2889 10.7646
1.8473 -2.4681 4.5365
11.4426 3.2265 22.0455
-15.2098 5.4927 11.1681
5.0097 -2.9313 6.0601
12.0476 3.7618 23.4614
0.9285 -1.5321 5.6447
5.2555 -2.2694 6.6355
6.1826 -0.9482 10.6890
1.9570 0.0615 10.2604
-13.2699 6.1642 13.6265
6.5784 -2.1174 8.5878
4.5548 -1.7943 6.9806
5.8106 -2.4037 7.5739
0.8408 -2.8954 3.7240
5.7196 -2.9314 6.4699
9.5757 2.1506 18.8232
1.8449 -2.4300 4.5038
3.3418 0.7726 4.8131
-5.1692 -0.8119 4.4045
3.4874 -2.2658 5.3152
13.4057 5.4945 27.6983
1.8961 -2.7412 4.6407
-2.3955 -1.6063 4.4234
5.4444 -2.7962 6.5804
4.8025 3.3536 18.4636
1.6455 -2.7958 4.3870
-0.2764 -2.4975 3.8716
-12.3476 2.8683 7.5919
6.5478 -2.4648 7.8780
-0.7912 -1.7224 5.1187
6.6151 -2.9214 7.0069
1.9084 -2.9458 4.2401
-5.0653 0.7047 7.4864
5.1144 -2.9606 6.0623
2.2463 -1.1785 6.8158
1.2022 -1.2919 6.1088
3.0704 1.0673 12.9076
7.6330 -1.7698 9.8896
5.0005 0.4879 12.8679
-0.1662 -2.6129 3.7052
5.8362 -2.6831 7.0320
-7.2162 -0.1839 4.4735
-0.4061 -2.5137 3.7644
5.6954 -0.8124 10.6781
-13.1760 2.5425 6.4641
4.1692 4.9021 21.1835
2.8383 -1.9520 5.6765
0.3018 -2.5983 4.0045
1.5935 -2.4201 4.3356
-3.5048 -1.1451 4.7018
-4.0111 -0.8119 5.0732
3.0793 -1.7544 6.0805
3.9677 -1.9105 6.0471
-3.7100 -0.8120 5.2471
4.2387 -2.8852 5.7067
0.2797 -2.5608 4.0666
4.3227 -2.7961 5.9327
2.8914 -1.7301 6.1978
6.2467 -2.6278 7.3792
9.7843 0.1049 14.8676
1.4986 -1.3946 3.8056
-1.5783 -1.8582 4.3934
2.5438 1.8841 14.2311
2.2507 -2.4283 4.7339
0.0536 -2.4386 4.1796
4.6776 -1.4654 7.8796
0.0479 -1.7996 5.4494
5.4015 -2.7539 6.6397
0.6092 -2.4975 4.3829
0.2957 -2.4810 4.2347
3.3769 -2.2573 5.3519
3.8770 -0.2057 4.3332
3.3084 -2.2546 5.2434
4.6571 -2.8746 5.9694
0.9762 -2.8581 3.8765
3.5037 -2.5522 5.5416
-0.6122 -1.5537 5.5582
8.9894 1.4108 17.0106
0.9550 6.1652 21.8441
-22.9746 5.4922 6.6827
-0.6628 -2.3384 3.9654
6.2873 -1.7228 9.2059
4.9103 -1.6909 7.6480
5.7459 -2.7095 6.9271
6.6121 -2.4477 7.9491
5.4507 -2.2274 6.8895
-3.9874 -0.6033 5.5027
-3.2052 -1.5173 4.1333
1.9162 -1.3092 6.4837
5.0915 -0.8679 10.2188
6.6518 -1.5719 9.7171
1.4235 -0.7549 8.3256
4.4041 -2.0257 6.0589
3.5994 -1.0776 7.4917
0.9393 -1.5565 5.5422
-6.8923 4.0576 13.1124
0.9694 2.7566 15.0603
2.3333 -1.4344 6.3873
1.2785 -0.4732 8.8031
-7.4129 0.1955 5.1161
5.6276 -2.7289 6.8203
8.1222 -1.5180 10.6739
-14.5093 2.7564 6.1203
11.1963 1.6383 18.7385
-19.8632 5.2871 8.0710
-0.6655 -1.3629 5.9077
3.0194 -1.7095 6.1467
0.9893 -2.7780 4.0437
6.0230 -1.3058 6.4590
-0.5555 -1.7692 5.1615
3.6037 -0.3638 4.6303
3.0816 -2.7841 5.2398
4.6424 -1.3538 8.1439
4.4764 -1.4155 7.8384
-8.6739 0.3375 4.6706
0.6409 3.6208 16.5926
5.6114 -2.8308 6.6079
2.5834 -2.8361 4.8484
3.4902 -2.1150 5.6152
2.9320 -0.4393 9.8257
3.2056 -2.0767 5.6719
-1.0536 -1.6405 5.1303
6.6151 -1.7850 9.2714
4.4527 -2.9509 5.6994
3.1287 -1.1175 7.2630
8.6664 -1.2364 11.5493
7.3115 -2.1291 8.9880
-2.8372 0.0616 7.4919
-5.0754 -0.4729 5.1341
0.2868 -2.1848 4.8198
-1.4722 -1.9813 4.2094
-3.4376 -1.4611 4.1109
0.4435 -2.7658 3.7527
4.8227 -2.3128 6.1739
-22.1613 5.9299 8.0246
4.8809 -2.9009 6.0463
9.8019 0.9407 16.5431
5.4149 -2.3389 6.5811
5.0658 -1.9554 7.1638
-0.7573 1.0034 10.5696
-1.7405 -2.1284 3.7614
1.9624 -0.5066 9.1315
2.0388 -1.8653 5.2147
4.4561 -2.2797 5.9093
3.3936 -2.2521 5.2862
-10.2437 2.5425 8.1577
2.5059 -2.8527 4.7705
5.4487 -2.8194 6.5366
1.5279 0.3372 10.5620
3.4016 -2.5691 5.4922
3.2912 1.2684 13.4359
5.9309 -2.8693 6.7155
1.4926 -2.2186 4.5401
9.2545 -0.4736 13.4089
6.8300 -1.3633 10.2357
2.5797 -1.5483 6.2664
-1.7978 1.0034 9.9688
7.5744 -1.7229 9.9491
0.6024 1.4109 12.1670
-0.6643 -2.3479 3.9456
1.5051 -1.2447 6.1117
4.0263 3.6209 18.5480
3.3698 -2.0603 5.6646
3.7941 -2.5290 5.6855
3.9754 -1.5837 6.5881
1.9148 -2.1071 4.8480
3.6156 -0.2562 4.7288
-12.8105 5.4928 12.5541
3.2650 -2.8362 5.2420
6.5158 -2.4898 7.8096
8.1922 -1.5896 10.5715
-0.4514 -1.8439 5.0728
3.1835 -2.9410 4.9860
-0.2593 -0.5717 7.7188
2.7828 -2.8076 5.0203
6.9863 -2.2597 8.5399
0.3599 -2.5835 4.0676
4.3400 -2.8638 5.8078
2.1914 -2.9160 4.4629
-6.1506 0.1500 5.7545
5.1070 -2.4951 6.4230
5.0889 -2.2573 6.5415
7.0633 -2.1743 8.7545
3.4343 0.7679 4.8434
4.5707 -1.7105 7.2479
6.1765 -2.7784 7.0387
-5.6878 -0.0646 5.5941
8.8164 1.8000 17.6862
2.4333 -1.2262 6.6530
8.4640 0.2414 14.3770
3.8684 -2.2233 5.5778
4.5208 -2.7477 6.1437
4.7296 -2.1673 6.5365
6.4974 -2.7784 7.2239
-0.7087 -1.4030 5.8028
7.5930 -1.1688 11.0639
1.9682 -2.4718 4.6144
-0.6700 4.2143 17.0181
3.2512 -2.8798 5.1471
0.1410 -2.3480 4.4106
7.1667 0.1496 13.4449
1.2998 -2.8526 4.0742
4.8196 -2.8852 6.0421
3.5569 -1.0763 7.3770
-7.4299 0.3867 5.4871
6.1158 -1.8001 8.9530
-1.0853 2.2444 12.8530
3.3549 -2.8019 5.3623
-1.4451 -1.1218 5.9379
2.6871 -1.1210 7.1682
-8.7236 1.1999 6.3604
6.5267 -2.9413 6.9162
1.8855 -2.0411 4.9788
-0.9182 -2.3191 3.8564
0.0019 -2.7284 3.5722
8.5038 0.3370 14.5904
5.7713 -2.6764 7.0079
5.3016 -2.7662 6.5576
-8.6154 0.4370 4.9027
5.5575 -1.5361 9.1566
-14.1201 2.3408 5.5171
2.7180 1.3388 13.2451
2.2433 0.6486 11.5957
4.1764 -2.7782 5.8838
3.0221 -2.4811 5.2160
5.0004 0.1497 12.1939
5.0001 -1.7224 7.6797
3.2256 -0.3326 5.2159
7.5821 -1.6578 10.0833
5.5171 -1.5541 9.0974
3.6856 -1.4261 6.8801
4.4939 -0.4733 10.6599
4.9687 0.5403 12.9540
1.4295 1.3388 12.5010
3.2595 -1.8129 6.1682
-1.8261 4.2142 16.3503
2.4773 -2.1428 4.8867
1.0000 -2.9554 3.6963
3.3060 -0.7550 9.4126
1.2722 -2.8133 4.1367
1.7416 -2.8017 4.4308
7.2995 -0.8405 11.5487
1.7831 -2.8743 4.3101
-4.6174 -0.9213 4.5051
0.7968 -1.5016 5.6314
3.4317 -0.2540 5.3141
-0.9461 -1.6405 5.1923
5.5135 -2.1988 6.8802
2.8227 -2.8528 4.9535
-7.4436 0.5407 5.7860
2.2534 -1.5763 6.0275
0.4111 -1.0194 5.7488
5.0416 -2.8250 6.2902
3.9256 0.2415 11.7562
12.3849 2.3410 20.8252
5.0961 -0.4464 8.0728
1.2226 -2.8190 4.0966
2.8162 -2.8249 5.0053
3.4253 0.5825 4.8853
-3.3136 -1.2357 4.6317
2.2380 -2.4831 4.7678
-11.3435 2.0593 6.5597
8.3635 2.2444 18.3102
8.8999 -0.7842 12.5852
-10.0259 3.7611 10.7117
4.8476 -2.0121 6.9024
5.0642 -2.7783 6.3964
-11.7530 1.4849 5.1787
0.3167 -2.1053 4.9956
-1.6490 -1.3628 5.3398
3.5121 -2.9212 5.2154
1.6295 -0.6958 8.5623
6.7149 -0.8125 11.2668
4.0665 -1.5802 6.9722
1.1112 -1.2911 6.0424
6.8594 -2.5613 7.8655
-2.0192 -1.8292 4.1967
6.9700 -1.5896 9.8658
9.4917 2.1506 18.7747
-0.9860 -2.2895 3.8761
-5.5208 0.0188 5.8567
3.6019 2.6480 16.3644
6.6839 4.3768 21.5892
5.7685 -1.1915 9.9649
4.3560 -2.8529 5.8387
7.3314 -2.2901 8.6785
6.3681 -0.0650 12.5560
2.5820 -2.8955 4.7293
4.8989 -1.3701 8.2430
2.6129 -2.7537 5.0297
5.4570 -1.1915 9.7851
0.5836 -1.4356 5.6068
5.9882 -2.2070 8.0684
-0.0802 -2.1626 4.6521
0.6201 -2.7026 3.9807
6.0038 -1.2362 10.0118
2.7965 -2.6829 5.2769
1.4210 -2.4057 4.2595
-5.8482 -0.6032 4.4282
4.7753 -2.4827 6.2315
3.2897 -1.3347 6.8091
4.6294 -2.2835 6.0191
3.9232 -2.9212 5.4527
8.2818 -0.9220 11.9536
9.2330 1.0032 16.3391
5.6052 2.3409 16.9095
-11.9918 1.6384 5.3467
2.5688 1.7181 13.9148
1.0439 -0.9995 7.6191
6.4153 -2.6207 7.4909
3.1203 -1.5674 6.4563
0.2332 -0.7255 7.6966
-15.3433 2.6478 5.4223
-0.7549 -2.3191 3.9506
7.6085 -1.1223 11.1657
6.7339 5.2886 23.4349
0.2506 -2.5684 4.0345
4.0245 -2.9111 5.5314
1.4865 -2.7598 4.3670
7.6521 -1.7851 9.8701
4.9403 -2.1445 6.7168
3.8018 -2.9411 5.3430
6.7808 -2.1057 8.7280
12.0137 4.3771 24.6678
5.6288 -1.4617 9.3460
2.3516 4.0580 18.4518
4.4304 -2.9162 5.7556
4.1804 2.3409 16.0866
5.9115 -2.8853 6.6725
1.4414 -1.1732 6.1929
-1.1756 0.1499 8.6274
1.5143 -1.7700 5.2641
4.4726 -2.8957 5.8209
-5.9486 -0.1051 5.3627
2.9710 -1.8449 5.8620
2.4492 -2.1955 4.9511
3.4819 0.7935 4.8484
5.9254 -2.8958 6.6597
3.6796 -0.2374 4.5418
14.0795 3.3538 23.8219
3.7386 -1.7055 6.3562
5.1685 -2.3497 6.4051
4.4031 -2.7842 6.0028
-0.3421 -1.3217 6.1765
7.0002 -2.7031 7.6643
7.1463 0.8199 14.7687
1.3893 -2.0564 4.8531
3.3178 -2.3716 5.3310
-2.0530 -1.4989 4.8353
5.2737 -1.5894 8.8864
-0.2760 -2.2694 4.3263
4.3048 -2.2630 5.8096
1.9148 -2.8850 4.3649
3.5221 0.3310 4.9098
1.1179 -1.8708 5.0672
-1.6974 -2.0198 4.0027
1.3575 -2.3367 4.4281
-4.1670 -0.4045 5.7952
-12.9985 2.7564 6.9929
1.9882 -0.7550 8.6516
0.6945 -2.7839 3.8616
5.9763 -1.4924 6.5403
1.3737 -2.3742 4.3683
-4.5994 -0.8946 4.5688
4.8579 -2.1990 6.3515
5.3808 -2.8419 6.4524
-4.9607 1.7182 9.5663
1.6087 -2.5736 4.4670
4.6948 1.5606 14.8287
-1.7887 -0.6957 6.5884
6.6969 -2.8531 7.1903
6.1466 -1.6410 9.2877
3.6114 0.2565 4.9763
6.4636 3.4850 19.6849
3.3321 -0.8123 9.3135
-7.2705 -0.1839 4.4422
6.2878 -0.8404 10.9645
3.6193 -2.6066 5.6444
1.1176 -2.9602 3.7547
3.1598 -2.2210 5.2593
4.4618 -2.1276 5.8196
-3.6382 5.9312 18.7250
7.4252 1.8000 16.8827
6.5777 -2.3389 8.1460
7.4987 -0.4050 12.5316
1.4198 -2.9006 4.0480
5.5639 -0.0237 12.1739
4.2730 -0.3697 10.7389
3.3088 -1.9966 5.7381
6.5061 -0.9219 10.9283
8.6916 -0.8953 12.2435
6.0166 -2.7225 7.0577
11.0489 2.7567 20.8819
-6.8924 -0.2600 4.5089
5.3314 4.2145 20.4846
6.9395 -2.4127 8.2079
-7.4754 0.5407 5.7677
-3.4618 -0.6956 5.6223
-0.1063 -2.6344 3.6970
6.1409 -2.1290 8.3121
3.4413 -1.3057 6.9960
4.1526 -1.7656 6.3683
5.8660 -2.0698 8.2712
-0.2621 -2.2694 4.3343
1.4074 -1.5337 5.7687
1.7762 -2.6555 4.7421
0.4715 -2.4643 4.3697
0.5586 -2.2896 4.7680
5.9628 -1.2362 9.9881
2.1838 -2.5139 4.7501
2.5229 -2.7286 5.0277
3.4611 0.3406 4.8119
7.6845 0.2887 14.0211
-0.4471 -1.9007 4.9622
2.0633 -0.4732 9.2564
4.5517 -2.1677 6.0159
4.2880 -2.1198 5.8299
0.3244 -2.6485 3.9177
3.0603 -2.7841 5.2275
5.6670 -0.8404 10.6060
2.4458 -2.7286 4.9832
-1.7840 -1.5890 4.8111
4.4350 -2.0616 6.1534
4.0570 -0.3339 10.6854
0.8533 -0.8122 7.8821
2.3953 -2.1043 5.1161
2.0705 -2.7537 4.7165
9.6565 1.2683 17.1120
1.8180 -2.3836 4.4943
-4.7358 1.4849 9.2313
-0.9475 -2.4032 3.6719
-16.4375 6.1640 11.7967
5.0107 -2.7723 6.3776
8.3295 -1.1223 11.5820
6.5774 -2.7844 7.2582
1.9693 5.2884 20.6826
11.3642 2.6481 20.8475
-20.7675 4.5441 6.0681
2.0529 -2.9458 4.3235
1.0762 -1.9931 4.8290
1.6061 -1.8621 5.1563
4.4727 -0.9997 9.5989
4.8813 -2.0969 6.6617
6.1583 -2.8194 6.9463
-0.9999 -1.6236 5.1951
-0.5255 0.8798 10.4573
2.5992 -1.6806 6.0237
3.8518 -0.1912 4.3186
-0.0573 -2.1052 4.7797
-14.7799 5.9304 12.2887
-5.6209 1.4110 8.5729
3.3974 2.7566 16.4626
-4.5898 -0.6653 5.0313
-6.8108 -0.2223 4.6312
3.5907 -0.3570 4.3996
1.3433 -2.4688 4.2471
1.6003 -2.9458 4.0622
-3.7404 -0.5715 5.7086
1.0781 -1.8244 5.1350
1.3655 -2.8636 4.0904
1.3946 -2.3873 4.3500
8.7982 0.8796 15.8417
1.9602 -2.6761 4.8075
1.2954 -2.0421 4.1205
-7.3031 -0.1050 4.5805
6.4686 -1.6069 9.5417
0.9583 -1.8597 4.9991
7.8179 -1.0743 11.3821
3.2340 -2.8362 5.2241
8.0257 -1.8299 9.9966
-22.2742 5.2869 6.6782
0.9634 -2.7348 4.1147
-4.2778 0.1500 6.8360
2.7208 -1.1960 7.0266
4.6884 -2.8799 5.9769
-1.0776 -1.4030 5.5898
17.0780 6.4109 31.6454
4.1649 -1.5433 7.2874
5.2146 -0.2042 7.9323
4.0470 -2.8135 5.7388
4.1509 -2.9605 5.5060
7.3431 3.2265 19.6777
1.2299 -0.8402 8.0438
-8.7947 4.3762 12.6484
5.1507 -2.8800 6.2438
9.9022 4.2147 23.1248
5.0820 -2.8475 6.2689
1.3424 -2.9506 3.9036
-8.2824 0.2419 4.7063
1.5518 -2.4927 4.3937
4.4838 -1.5417 7.6160
2.0562 -1.8815 5.1690
11.2478 1.9705 19.4302
6.2449 -0.1055 12.4040
-6.5568 1.8841 8.9752
6.9085 1.8000 16.5843
2.3846 -1.7776 5.6388
-0.1990 -2.3942 4.1220
-7.2191 0.4883 5.8112
0.1027 0.6487 10.3595
8.4220 -0.1845 13.5040
-0.4162 3.9070 16.5524
1.5062 -1.2891 6.2334
3.6408 -1.7629 6.1320
-0.2945 6.6655 22.1194
2.7248 -2.1854 4.8484
-11.8964 1.9705 6.0635
6.0148 -1.7068 9.0805
5.7943 0.5403 13.4307
-3.4883 -0.1052 6.7835
-2.9790 0.4881 8.2599
2.3791 -1.1040 7.1641
-1.2289 -2.2065 3.9013
5.9575 -1.7697 8.9221
0.6108 -2.7597 3.8615
7.4497 3.1034 19.4940
-3.6165 -0.2972 6.3269
0.1073 -2.1053 4.8747
3.9463 -1.0741 9.1465
2.2813 -2.6073 4.8735
5.1051 -2.8078 6.3612
-4.1905 -0.9213 4.7516
3.9640 -2.5324 5.7912
-11.8600 2.4402 7.0204
4.4589 -2.3455 5.9557
3.6438 -2.9262 5.2814
2.2557 -2.1188 4.8360
-7.2733 0.3374 5.4794
3.2093 -1.7460 6.1950
1.6193 0.3372 10.6147
-24.7790 6.9317 8.5088
5.1791 -2.1300 6.8524
-5.4330 -0.6652 4.5444
-5.1703 2.2444 10.4937
2.1381 -2.7222 4.8183
8.5745 2.7567 19.4528
4.4186 1.2684 14.0871
3.1275 -2.2899 5.1682
4.6366 -1.6118 7.5469
7.1142 -1.9012 9.3281
4.9265 -2.0753 6.8065
0.5520 -2.2796 4.7842
3.5144 -0.2539 5.0406
-2.1602 0.7617 9.2779
3.6098 -2.2510 5.4080
1.9135 -2.1265 4.7821
-4.3533 -0.3335 5.8288
2.2794 -2.8018 4.7413
-0.6483 -0.9994 6.6419
3.3210 -2.9604 5.0268
-6.5762 -0.2971 4.6177
0.5154 -2.5218 4.2805
13.2476 5.9324 28.4796
3.8603 -2.2329 5.5670
3.8948 -2.3723 5.6367
0.6387 -2.4299 4.5348
3.8425 -1.2191 7.7583
3.1817 -2.7781 5.3095
2.5551 -2.6962 5.1110
3.4962 -2.2551 5.3231
4.6192 -2.8419 6.0127
3.7345 -2.8019 5.5815
-2.1296 -0.5064 6.7686
3.3726 -2.8904 5.1962
-6.3329 1.0674 7.4771
6.2731 -2.8194 7.0126
2.7744 -2.2969 5.0438
13.0186 2.4404 21.3892
0.0455 -2.7473 3.5597
0.1189 -2.2592 4.5747
-2.6001 1.2685 10.0337
3.9303 1.5606 14.3872
-1.0694 -1.7224 4.9581
-2.0026 -1.7844 4.2955
6.8769 -1.0250 10.9370
-3.4056 0.1054 7.2508
5.6786 0.8797 14.0402
7.1081 -1.7850 9.5560
4.5167 -0.9997 9.6243
1.2984 -2.1050 4.2038
7.1505 -2.1743 8.8048
2.7845 -2.8473 4.9424
2.1718 -2.9160 4.4515
-1.1465 -2.1513 4.0589
1.6069 2.0593 14.0391
7.9681 -1.0250 11.5671
4.6603 -2.2003 6.0369
2.4784 -1.7741 5.7569
1.3816 -1.7404 4.0591
3.9072 -2.9262 5.4335
-4.0119 -0.5715 5.5518
1.9651 -1.6266 5.6204
3.5914 -1.9191 6.0339
4.4239 -2.9509 5.6828
0.4660 -0.1842 8.9098
1.7526 -1.5727 5.5791
-4.4346 2.0593 10.5499
6.9765 -2.5989 7.8584
1.1312 -2.0584 4.7116
4.8901 1.3388 14.4996
0.2227 0.0186 9.1734
-6.2595 -0.1449 5.1039
5.7561 -1.9819 8.3830
-3.0728 1.2685 9.7607
5.0478 -2.9558 6.0333
-3.0251 -0.4730 6.3180
3.9944 1.1998 13.7052
1.9473 -2.9555 4.2432
10.3200 3.2265 21.3971
1.6140 4.9020 19.7075
10.0089 1.8000 18.3749
3.4401 -2.9556 5.1051
1.4353 -2.9159 4.0263
1.3471 -2.3178 4.3057
9.5768 -0.1455 14.2488
-0.9723 -0.1053 8.2363
0.6575 -2.9359 3.5374
1.7004 -2.9160 4.1794
-0.1404 -1.8583 5.2236
9.3719 4.7204 23.8263
1.5957 -2.3344 4.3655
-3.4186 -0.7254 5.5879
4.9675 -2.7601 6.3769
-3.0827 -1.6571 3.9253
8.1016 5.9320 25.5069
5.2051 -2.8475 6.3400
-1.7159 -1.9550 4.1211
-15.1570 6.1640 12.5364
6.5972 -0.4049 12.0110
6.5295 -0.8125 11.1598
1.4759 -2.0133 4.9613
3.5774 -0.3196 5.0248
0.6177 -2.5608 4.2617
3.5738 -0.2767 4.9081
7.9446 -0.9220 11.7589
2.8547 1.2684 13.1839
3.6817 -0.0529 4.7638
3.9374 -2.1287 5.7241
5.7810 -2.4824 6.8113
6.8418 -2.5915 7.7953
7.9176 -1.5542 10.4834
-0.6209 -2.4726 3.7222
6.9617 -0.7841 11.4660
-1.0233 -0.7837 6.8551
-0.8659 -2.1169 4.2895
-0.7007 -1.8439 4.9289
-1.3355 -2.1625 3.9273
-1.4984 -1.8438 4.4683
0.6326 -2.8247 3.7446
-7.3538 0.1955 5.1502
7.1405 -2.5143 8.1216
8.5745 -0.2606 13.4404
5.8146 -2.6559 7.0738
4.9017 -2.9162 6.0277
7.1461 -2.3099 8.5320
3.3826 0.6664 4.9526
2.6592 -2.8528 4.8591
5.3512 2.4403 16.9608
-5.3441 -0.8399 4.2477
2.0690 -1.9050 5.0962
0.5140 -2.7091 3.9063
6.0326 -2.6559 7.1996
5.5655 -0.2228 11.7780
4.7893 -1.2839 8.3982
3.9427 -0.8403 9.6103
5.6155 -2.3731 6.6319
7.8316 1.4847 16.4893
4.7910 -2.8957 6.0047
3.7308 -0.0726 4.3011
1.1646 -2.8075 4.0861
0.4094 -2.3480 4.5656
3.2237 -2.1174 5.3152
0.8782 -2.8635 3.8090
2.1619 -1.7821 5.3768
0.5443 -0.4732 8.3792
5.3718 -1.9657 7.3846
7.1020 -0.4735 12.1660
6.8065 -1.3011 10.3462
8.5041 0.6485 15.2113
2.3136 -2.2952 4.6818
6.5072 -2.9607 6.8664
3.1942 -1.9138 5.8423
4.1248 -2.0357 5.9310
6.5812 0.1496 13.1068
10.0864 6.6664 28.1165
-4.8782 0.7618 7.7083
-2.1544 -1.2136 5.3452
4.8107 -1.1456 9.5034
6.2133 -2.3856 7.8425
-0.2843 -1.5715 5.7121
-9.6313 1.6384 6.7100
-4.2221 -1.1216 4.3344
-4.7022 2.2444 10.7640
5.0477 -2.1408 6.7664
5.2101 -1.7068 8.6158
2.8764 -2.0315 5.4187
-14.6258 2.8683 6.2761
0.0488 2.1505 13.3210
6.9424 -1.0250 10.9748
5.0616 -1.2362 9.4678
1.8133 -2.9555 4.1659
-0.2516 -2.3574 4.1651
7.5760 -0.4050 12.5762
2.3184 -2.7027 4.9612
5.0514 -2.8419 6.2623
5.5457 -1.6906 8.8418
8.0438 -1.7388 10.1887
2.6404 -1.1013 7.1686
-0.8932 -1.0980 6.3040
1.5251 -2.7027 4.5032
3.7069 -2.6762 5.8160
-2.7114 -1.7380 3.9785
-7.6557 0.2419 5.0682
13.5558 2.9843 22.7832
-3.5664 1.0034 8.9473
3.9117 -1.6879 6.4410
4.2708 -1.8566 6.5974
-3.4223 -0.0233 6.9847
7.6069 -1.7069 9.9998
6.2005 -0.6037 11.3857
-0.5141 -2.3942 3.9401
5.8150 -2.8585 6.6702
-3.5417 0.1954 7.3516
2.0461 -2.1625 4.8089
1.2130 -2.1948 4.6382
5.5569 -2.8079 6.6221
-9.0927 2.8684 9.4719
5.6643 -0.4394 11.4034
4.1659 3.7615 18.9089
6.7063 -2.1853 8.5264
4.6354 -2.4981 6.1575
-1.2371 -0.7255 6.8476
-3.6135 1.3389 9.5885
-3.2176 -0.7836 5.5881
-6.2541 1.1329 7.6531
1.7262 -1.8847 5.1902
2.9386 0.3864 11.4748
4.2619 -2.1114 5.9335
4.0010 -2.2476 5.6250
1.9260 -1.2741 6.2021
3.3969 -1.6631 6.2705
2.2023 -1.8752 5.4909
-0.7380 -0.3337 7.9165
-1.6280 -1.0494 5.9765
-13.9003 2.6478 6.2557
-10.9563 2.2443 7.1520
8.3611 -0.2606 13.3172
7.5314 -2.1175 9.1380
2.4954 -1.9769 5.1461
4.2929 -2.9162 5.6762
2.2794 -0.6348 9.0592
4.4370 -1.8450 7.0963
5.7699 -1.7068 8.9390
0.6425 -2.9408 3.5189
4.8953 1.0672 13.9615
6.0543 0.1496 12.8025
-3.5527 6.4093 19.7271
7.4343 4.0582 21.3876
3.7417 -0.3892 4.3758
6.1588 -2.6559 7.2725
9.3113 -0.0238 14.3379
5.4908 -2.8853 6.4296
1.0122 -1.9205 4.9434
-3.0539 -1.2576 4.7380
0.4778 0.1953 9.6728
-2.9714 -1.1217 5.0565
1.4179 0.2416 10.3080
1.7725 2.0593 14.1347
3.2453 -2.8745 5.1543
3.4144 -2.8306 5.3395
3.3847 -1.0790 7.4649
4.2241 -2.9162 5.6365
-0.9687 -2.0072 4.4487
-0.8649 2.6480 13.7845
6.0664 -1.2747 6.3834
7.8047 -1.9950 9.5400
10.2653 1.0671 17.0627
10.7807 2.5427 20.3005
-0.4879 -1.9417 4.8569
1.5195 -2.3393 4.3961
7.5836 -1.8873 9.6269
3.6572 -0.2128 4.3441
2.4135 -1.8261 5.4503
2.0773 -2.2005 4.7507
1.0514 -2.9457 3.7452
6.9502 1.5606 16.1313
-2.1235 -1.1217 5.5462
-7.7200 3.1031 10.7323
1.7225 -0.2974 9.4099
1.9057 -2.7157 4.6970
4.1263 1.8000 14.9775
-2.4601 -1.6901 4.2192
4.1496 -0.8403 9.7298
-2.0762 -1.9682 3.8867
-1.7517 -1.9416 4.1271
0.3757 1.5606 12.3344
5.4564 -2.9654 6.2502
0.1534 -2.5297 4.0557
4.3234 -1.9158 6.2733
7.1981 -2.3390 8.5042
3.4846 -2.3121 5.3410
1.7950 -2.8075 4.4501
0.9543 -2.6624 4.2538
0.5117 -1.1861 6.0476
2.1640 -1.1019 6.9298
-12.8669 2.4402 6.4388
4.5508 -2.6065 6.1818
12.1258 1.6383 19.2753
6.6017 4.5453 21.8774
11.3341 2.9842 21.5000
14.9694 4.2149 26.0518
1.9886 -0.8678 8.4270
3.3819 -0.5395 9.8858
5.0589 -2.1688 6.7313
2.5556 -1.9772 5.3338
3.6145 -2.8583 5.3997
-1.3518 -1.9416 4.3581
2.9800 -2.4285 5.1555
3.2742 -2.6625 5.5933
4.4483 1.3388 14.2444
10.1576 0.2887 15.4493
6.9353 -2.7602 7.5131
-0.5038 -2.0199 4.6919
3.5415 -0.2100 4.7461
5.1269 -2.1851 6.6955
5.6727 -2.7540 6.7964
7.9914 -1.5542 10.5261
4.5783 -2.1929 6.0679
8.1100 0.4365 14.5613
5.8308 -1.1916 10.0009
2.8157 -2.5887 5.1691
5.8716 -2.7030 7.0127
2.5256 -1.1017 7.1227
5.4593 -2.3620 6.5440
5.1544 -2.8419 6.3217
2.4648 -2.9211 4.6107
3.1439 -1.6983 6.2468
-0.2319 -1.9417 5.0047
-1.0601 -1.3006 5.8038
5.8848 -2.6764 7.0734
0.9775 -1.7116 5.2886
7.4222 1.0672 15.4208
0.2360 -0.4046 8.3377
0.8358 -2.9408 3.6305
-9.4748 5.2877 14.0719
-8.4428 0.5942 5.3156
5.8331 -2.9010 6.5960
3.3546 -1.3435 6.9720
-6.4073 -0.2223 4.8642
2.3041 -2.1805 4.6878
6.8776 -2.4648 8.0684
8.0300 -1.3836 10.8884
3.0788 -1.9367 5.6388
2.7151 -1.9217 5.5392
-5.0464 -0.7546 4.5895
8.9070 6.9346 27.9698
2.4023 -2.8582 4.6998
-0.1974 -2.4557 4.0004
13.6656 5.2890 27.4391
3.4278 0.2270 4.7616
-0.0532 -2.5983 3.7996
1.5697 -2.5490 4.4183
2.7939 -2.9651 4.7130
8.5872 -0.8406 12.2922
-1.2527 -2.2488 3.8033
3.4416 -1.5015 6.8069
6.5173 -2.3099 8.1690
6.0401 -2.6628 7.1902
-9.0236 1.3389 6.4641
1.2458 -2.2288 4.4275
-2.2238 4.7199 17.1282
4.2693 -1.5447 7.3598
4.2901 -2.1774 5.7305
6.0185 -2.5301 7.4420
1.2686 -2.8954 3.9710
0.4966 -2.2996 4.7124
-1.5676 -1.4802 5.1529
8.2369 0.4878 14.7369
-4.8116 -1.0492 4.1382
3.5218 -1.9771 5.8908
2.1714 -2.0701 5.0998
4.9493 -0.4394 10.9905
-0.0197 1.7181 12.4199
5.0811 -2.2037 6.6853
5.9977 -2.0819 8.3231
2.2489 -2.3303 4.6724
6.7614 -2.6135 7.7051
4.8075 -0.6657 10.4577
2.0207 -2.4443 4.6100
2.5115 -2.1871 4.7931
0.0447 -2.4558 4.1401
6.3503 -2.9654 6.7663
2.6713 -0.1452 10.2611
0.7408 -2.6345 4.1861
7.4988 -0.7841 11.7762
3.5059 0.1636 4.8190
1.3005 0.4367 10.6290
1.3479 -1.4662 5.7727
1.7827 -2.5507 4.5449
0.7704 -2.9554 3.5637
6.6867 -2.9364 7.0184
2.4248 -2.0913 4.9260
3.9550 -2.7661 5.7801
-4.4534 2.3409 11.1001
3.1161 -1.9569 5.8571
1.1791 -2.8954 3.9193
4.7132 -2.7902 6.1700
-3.0187 -1.4612 4.3528
0.9096 -2.6827 4.1875
-6.9578 2.1505 9.2744
7.0887 3.7616 20.5971
5.7297 -2.1174 8.0977
2.5937 -2.8361 4.8544
-2.1114 -1.8866 4.0290
0.3621 -2.6130 4.0102
6.8541 -2.8586 7.2702
-2.7889 1.4109 10.2084
3.5252 -1.6288 6.3217
-2.0369 -0.5716 6.6923
6.6434 -2.7602 7.3445
-7.3271 0.7047 6.1802
6.1445 -2.7784 7.0201
2.4412 -2.9007 4.6377
-1.7258 -1.0980 5.8232
10.1399 1.1997 17.2543
5.2169 -2.1265 6.9084
9.4570 1.1997 16.8600
5.2165 -2.0437 7.1239
-0.1013 -0.2973 8.3567
6.9418 -2.3390 8.3562
-4.4281 -0.3693 5.7144
7.1262 -2.2597 8.6206
3.4421 -2.8798 5.2573
1.0966 -0.9480 7.7521
3.6146 -2.2294 5.4473
-2.0978 -1.9550 3.9006
1.0758 -2.9057 3.8391
6.7695 -0.6961 11.5304
7.2458 2.7567 18.6854
6.4878 -1.8298 9.1086
6.5026 -2.8958 6.9929
4.4820 -1.9047 6.8728
3.2664 -0.3173 5.0929
2.6781 -2.5532 5.0673
4.2157 4.3767 20.1635
-0.2874 4.9019 18.6092
4.4405 -2.1125 5.9312
4.8623 -2.4312 6.2482
-2.1354 -1.4802 4.8250
4.8601 -1.8080 7.3156
5.2297 4.5452 21.0849
1.6816 0.8200 11.6129
-2.1781 4.3765 16.4703
0.5243 -2.2796 4.7682
-9.0452 1.0035 5.7833
6.3045 -2.3000 8.0658
3.0639 -2.4046 5.2051
3.8665 -2.8249 5.6117
1.6524 -1.2362 6.4318
1.6596 -2.8133 4.3604
3.7188 -0.0100 5.0357
0.2515 -2.6202 3.9320
3.0620 -1.9171 5.6619
2.3457 -0.1054 10.1524
-2.4374 -1.4420 4.7266
3.5726 0.2169 4.8446
3.1522 -0.8678 9.0989
-9.2703 4.0576 11.7388
4.2204 -2.2790 5.7717
5.7926 -1.9149 8.5375
-1.1048 -0.3337 7.7047
5.2707 -2.0413 7.2032
8.6695 0.0183 14.0512
5.0000 -2.9412 6.0348
4.8061 -2.9362 5.9326
7.3381 -2.0078 9.2451
3.2425 -2.8249 5.2515
4.4341 -2.9263 5.7376
4.2457 1.4848 14.4183
2.1091 -2.8248 4.5971
13.3943 3.9075 24.5295
5.2326 -2.9363 6.1789
4.1880 -2.1689 5.6798
5.9282 -2.7225 7.0066
0.3016 -2.4122 4.3752
-13.9614 2.4402 5.8067
3.3118 -0.3696 10.1839
5.0860 -2.0911 6.9045
7.7401 4.7204 22.8837
5.1759 4.7202 21.4025
4.7520 1.1327 14.0092
3.2599 -2.3153 5.2485
6.5401 -0.8952 11.0012
2.2490 -0.7256 8.8607
5.8191 -2.1299 6.8137
3.5807 -1.0741 8.9354
3.8323 -1.2619 7.4200
5.6499 -2.3066 6.8942
5.4992 -2.9213 6.3626
1.3681 -2.3591 4.3916
6.8450 -1.1222 10.7248
8.1606 -1.4995 10.7328
4.7903 -2.8905 6.0147
10.9630 1.8000 18.9259
-1.1134 -1.4802 5.4151
2.7409 -2.2603 5.0907
5.6616 -0.6037 11.0745
0.8744 -2.9408 3.6528
3.6762 -2.7538 5.6436
3.7779 -2.8851 5.4406
0.7654 -2.5836 4.3018
5.0761 1.4848 14.8979
0.9223 -2.6274 4.3051
5.4848 -2.3557 6.6632
-0.6159 -1.9417 4.7830
-19.8069 6.1637 9.8502
0.8470 -2.8190 3.8797
-0.6565 -1.2793 6.0793
5.2927 -2.9263 6.2334
-0.7527 -2.2995 3.9910
3.3462 -2.1994 5.3748
2.1573 -1.5328 5.8911
0.5704 1.8841 13.0914
-1.8630 -1.1452 5.6498
1.9729 -2.7598 4.6479
3.4919 -2.7782 5.4886
6.1823 -2.9113 6.7772
6.9403 -2.5766 7.8820
7.1449 -1.2141 10.7149
4.1743 -0.6349 10.1534
-4.4533 0.1500 6.7346
3.1052 -1.6365 6.3473
8.4947 -0.4735 12.9702
4.7407 -1.5990 7.6438
13.5627 2.8687 22.5570
-14.2807 4.7193 10.1637
1.8731 -2.6030 4.6287
7.1251 -1.7850 9.5658
6.3690 -1.9556 8.7894
5.2131 -2.7843 6.4705
0.5761 -1.4059 5.7091
4.2739 -2.8746 5.7482
0.4790 -2.5685 4.1664
1.4386 -2.5418 4.3542
6.4020 -2.6965 7.3321
-1.9614 0.7617 9.3927
-1.7571 -1.4029 5.1974
3.5325 -0.2983 4.2966
7.2331 3.3536 19.8675
-8.8336 1.5607 7.0157
9.0822 -0.6351 12.9874
2.7678 -2.9603 4.7074
-12.7587 3.1030 7.8220
4.8674 -2.7224 6.3941
2.0573 -2.5306 4.6866
5.2494 -1.6577 8.7363
-19.2211 4.3758 6.6259
0.3780 -2.7535 3.7393
-1.2938 -0.6034 7.0581
3.5350 -2.2802 5.3495
3.8944 -2.7722 5.7330
-16.3879 6.6642 12.8221
6.3824 2.3410 17.3584
6.6222 -0.8125 11.2133
1.4034 -2.4334 4.2856
6.7586 -2.5915 7.7472
7.0407 4.7203 22.4797
7.1652 -0.1454 12.8562
2.8726 -2.4563 5.1294
4.1788 -2.1881 5.7907
5.0161 -1.5167 8.0303
4.1674 -2.0237 5.9155
3.1046 -2.6962 5.4282
0.9507 -1.8584 4.9881
-2.1479 -1.9144 3.9525
1.5570 -1.6086 5.6139
3.4094 -1.5036 6.5030
1.1070 -1.2890 6.0002
4.4851 -2.6062 6.1432
4.0528 -0.1130 4.4634
4.1291 -2.9557 5.5029
-1.4315 -2.1168 3.9629
3.8291 -1.7810 6.4103
2.5179 -2.8472 4.7884
6.1842 -2.3672 7.8624
3.1459 -2.8583 5.1292
-7.9712 0.8202 6.0384
-3.0828 0.4368 8.0976
2.6681 -1.2355 6.9999
0.6733 -0.6958 8.0101
5.2610 -2.3741 6.4297
3.5158 -1.4238 6.9491
-4.3817 -0.8119 4.8592
2.5024 -2.9261 4.6223
5.4788 -1.7697 8.6457
-0.4716 -2.4810 3.7917
4.4698 -1.5007 7.7410
1.8876 -2.7780 4.5624
8.8258 -0.6962 12.7178
4.1291 -1.7577 6.4618
1.2977 -2.0118 4.1016
5.9321 -2.6278 7.1976
3.9156 0.8797 13.0220
3.0142 -2.7721 5.2248
-7.7030 4.0576 12.6441
3.8025 -1.1624 7.8404
7.3527 0.2887 13.8295
1.4392 -1.6203 3.9587
8.6952 -0.7553 12.5245
7.2364 -0.8681 11.4573
-1.6275 -1.5536 4.9720
5.3050 -1.8480 7.5290
5.3911 -2.9606 6.2220
1.0615 -2.8471 3.9476
0.6715 -2.9408 3.5357
4.4730 -2.1467 5.8790
4.2337 -1.7474 6.7075
-4.7098 0.1054 6.4977
4.4325 -2.8078 5.9729
-2.6065 -1.2576 4.9964
6.3441 -2.9510 6.7914
-14.3749 4.2137 9.1019
-19.4129 4.9009 7.5615
3.8866 -0.1645 4.3330
8.6140 0.4878 14.9546
-1.4318 -1.9416 4.3119
-6.5282 0.4882 6.2102
3.2628 -2.8903 5.1328
2.4619 -1.9128 5.5406
4.4075 -2.7661 6.0414
4.7870 -0.2605 11.2533
4.1396 -2.7029 6.0127
9.3296 0.7043 15.7994
6.9675 -2.2494 8.5496
4.2613 -2.8692 5.7516
1.9682 -1.8368 5.3898
4.1944 -1.8173 6.3688
1.0448 -2.9506 3.7318
6.3131 -2.3947 7.8820
4.4918 -2.7600 6.1023
2.9115 -1.0985 7.1712
4.2803 -2.9312 5.6389
8.3770 -1.4232 11.0098
7.5941 -0.9998 11.4014
1.7334 -1.5799 5.7565
7.2452 3.7616 20.6875
2.6139 -1.4618 6.4575
1.4904 -2.3126 4.4078
6.7160 -2.7416 7.4235
4.2036 -2.0231 6.0635
5.4148 -2.8693 6.4176
0.2157 -2.4033 4.3435
6.4874 -1.7387 9.2899
-0.9786 -1.0980 6.2547
4.5612 -2.2488 5.9516
0.6660 -2.6274 4.1571
-17.2362 4.2136 7.4492
-1.4298 -1.3830 5.4261
1.5046 -1.2507 3.7129
3.8563 -0.2191 4.3244
4.8363 -1.6704 7.5829
5.4132 -2.2931 6.6537
0.6277 -1.2916 6.1504
2.3588 -2.9555 4.4808
1.6064 -1.6610 5.5381
4.8103 -2.8905 6.0262
9.2413 1.1997 16.7354
5.8236 0.9408 14.2456
3.3836 -1.6698 6.4061
0.0676 -1.0981 6.8588
9.0430 0.4365 15.1001
-0.7770 -1.5357 5.4990
-3.7153 -1.1451 4.5802
2.8245 -2.3275 4.9978
5.4203 -1.8149 8.5217
2.2399 -2.1088 4.8741
1.9835 -2.7349 4.7037
10.0248 2.5427 19.8640
-2.0410 -0.1450 7.5399
2.0222 -2.3630 4.5625
-9.7651 3.7611 10.8623
-2.4772 -1.6235 4.3421
3.3696 -2.7158 5.5422
3.7977 -2.7094 5.8023
3.9097 -0.2066 4.3500
1.8758 1.1327 12.3481
6.8421 -1.3428 10.2835
5.3990 -1.6068 8.9241
5.6577 -1.8730 8.5431
4.3631 -2.7029 6.1417
-6.1205 -0.5063 4.4640
5.6879 -2.2809 6.8816
5.5635 -1.0497 10.1291
4.7263 -1.7319 7.3677
5.5098 1.2684 14.7172
4.1809 -1.9723 6.1507
-3.9029 -0.1052 6.5440
3.0676 -1.6675 6.3146
-0.3746 -2.5684 3.6735
0.0824 -0.7549 7.5511
-12.3763 2.5425 6.9260
1.8353 -2.1333 4.8006
3.8743 -2.8799 5.5068
1.3594 -1.7152 3.9392
-1.9016 0.4368 8.7798
-1.6940 -1.8582 4.3266
1.8424 -1.4028 5.9450
4.9097 -1.6612 7.6819
5.3707 -2.5863 6.6389
2.0487 0.6486 11.4834
2.1884 -2.8582 4.5763
2.4913 -1.9385 5.1995
3.0245 -1.9179 5.7618
4.0984 -2.8306 5.7343
4.3637 -2.7351 6.0780
0.6461 -2.5835 4.2329
2.4435 -2.9603 4.5201
-0.8731 0.5405 9.5804
1.5301 -2.8360 4.2403
12.8678 6.4106 29.2132
2.6172 -1.7597 5.7591
5.6709 -1.6068 9.0811
2.0816 -2.7475 4.7353
-2.9274 0.4368 8.1874
6.1170 -2.9061 6.7497
0.6539 -2.5608 4.2826
-1.9654 -0.8400 6.1988
2.8448 -2.3187 5.1403
-17.2678 4.0573 7.1194
3.7449 -0.5067 10.1609
3.3192 -2.2778 5.2485
5.1529 -2.0001 7.0892
4.1286 -2.1464 5.6792
-9.6801 2.2443 7.8891
2.0144 -2.2466 4.6016
-9.3671 4.2139 11.9945
5.7848 -1.1222 10.1126
-10.6755 4.0575 10.9272
5.2178 -2.7477 6.5461
-1.8838 -1.4989 4.9331
4.7879 -2.0083 6.7964
6.5988 -2.9462 6.9481
3.7238 2.2444 15.6305
6.5941 -2.6697 7.4965
3.2448 -1.4978 6.6586
2.1149 -0.4393 9.3538
0.4464 -2.6827 3.9200
-1.1431 -1.6405 5.0786
0.5157 -2.4893 4.3453
6.6151 -2.8531 7.1431
2.0848 0.8797 11.9647
3.0343 -2.2153 5.2389
7.4992 -2.3001 8.7556
-0.4906 -1.9551 4.8286
3.3626 -2.8306 5.3095
0.3275 -2.7898 3.6378
0.7891 -2.9057 3.6736
4.4549 0.5939 12.7640
-17.8265 6.4082 11.4811
-7.6274 0.4883 5.5755
-4.9996 0.2418 6.6021
-1.2990 -1.6902 4.8896
3.0574 -1.2732 6.8391
-0.2842 -2.5835 3.6957
2.2422 -2.1149 4.7782
2.7128 -2.3323 4.9449
0.1899 -0.4732 8.1745
3.4965 -2.1057 5.6299
2.9888 -2.3594 5.1118
5.6368 -2.8958 6.4931
2.0663 -1.0817 6.8908
2.1422 -2.0028 4.9404
1.6483 2.0593 14.0630
0.2728 -2.5531 4.0779
5.0475 -2.9653 6.0141
0.4098 0.7046 10.6482
6.2248 -1.7068 9.2017
6.0975 -2.8476 6.8552
-1.4667 -1.7381 4.6972
6.7367 -2.8252 7.2689
7.8408 -1.4995 10.5482
-0.0159 -2.3094 4.3968
7.2675 -2.4899 8.2436
7.8922 2.4403 18.4284
0.1878 0.3372 9.7881
5.2344 -2.7843 6.4828
9.3097 -0.2977 13.7912
6.0607 -2.1742 8.1756
6.1654 -1.4034 9.7720
4.3333 -2.9411 5.6498
5.0002 -0.7301 8.2397
3.0760 -0.4733 9.8412
4.9049 -1.4946 7.9297
3.5440 -2.2578 5.3573
4.6620 -2.5860 6.2290
4.0270 -1.4386 7.2135
0.8577 -0.5066 8.4936
4.8048 -2.9263 5.9517
3.3942 0.6102 4.8442
7.3490 -1.9287 9.4088
-2.2610 -1.6235 4.4669
3.8485 -1.6098 6.5902
3.9714 -1.5455 6.7720
-8.5419 0.9410 5.9495
13.6389 3.2266 23.3140
1.9947 -2.8248 4.5311
1.0230 -0.8402 7.9244
4.3804 6.4100 24.3100
1.1150 -2.7092 4.2534
7.2483 -1.7387 9.7293
0.1714 -2.4122 4.3001
3.5496 -0.2315 4.2523
-0.3527 -0.5394 7.7292
-5.0745 0.5941 7.2608
6.1188 -1.3383 6.4345
-10.7922 1.6384 6.0395
5.2775 -1.3427 9.3801
5.9189 -1.3835 9.6694
6.7769 -2.0077 8.9211
3.8068 -0.2318 4.3590
0.6199 -2.4211 4.5414
8.1437 -0.9998 11.7187
3.8486 -1.4089 6.9720
5.2266 -2.1563 6.8755
-7.2260 1.4849 7.7932
8.3342 -1.0744 11.6802
-2.2575 -1.2136 5.2857
6.5468 -1.2141 10.3696
3.5035 -1.6819 6.2592
8.0910 -1.3011 11.0879
-4.5824 -1.1216 4.1263
2.6153 -2.0609 5.2769
-0.1545 -2.6129 3.7120
-1.1542 3.6207 15.5558
-4.6171 2.2444 10.8132
7.8209 0.7044 14.9281
4.9248 -2.5134 6.3312
2.5190 -1.9357 5.4252
-17.4044 3.9064 6.7399
-1.8274 -1.4989 4.9656
3.6285 -1.5222 6.6493
2.2453 -2.1375 4.7373
5.3512 -2.9264 6.2672
-0.6258 -2.1957 4.2711
6.8537 -2.5915 7.8021
1.6203 -2.4176 4.4620
7.0792 0.8199 14.7300
5.1517 -2.8693 6.2657
-6.3966 -0.5063 4.3046
1.8576 -2.9160 4.2701
1.4861 -0.6958 8.4794
6.0523 -2.8694 6.7857
1.7619 0.5404 11.1021
4.8887 -2.7095 6.4322
4.9020 -2.7477 6.3637
5.1214 -2.8693 6.2482
2.6963 -0.4733 9.6219
2.1082 -2.5873 4.7579
7.0758 -2.5841 7.9452
9.1742 1.8000 17.8928
3.2897 -1.3733 6.8523
-3.9045 1.5606 9.8624
-16.6429 4.3759 8.1151
5.0592 -1.6646 7.6708
7.2118 -1.9012 9.3844
-0.0124 -2.1052 4.8056
3.4737 -2.9604 5.1149
0.5890 -0.1451 9.0587
2.8363 -2.8851 4.8970
1.8513 -2.7285 4.6400
1.8436 0.0186 10.1095
3.2242 -1.9031 5.8751
1.0080 -1.6408 5.4089
7.6412 -1.8298 9.7746
-2.0572 -0.2972 7.2273
8.2295 1.0672 15.8870
2.0543 -2.2252 4.7008
-4.1185 0.8799 8.3823
1.5144 4.5451 18.9388
-1.4346 -1.7223 4.7472
2.2839 -2.1773 4.8038
10.4291 0.2886 15.6061
1.4926 -1.3270 3.7569
5.0972 -1.8489 7.4135
2.4262 -2.0986 4.9107
8.5700 4.0582 22.0436
-1.3703 -2.2172 3.7983
-4.8476 -0.4729 5.2656
1.0768 -1.7069 5.3157
0.2079 -2.3943 4.3570
5.9247 -2.8800 6.6906
-7.7805 3.2261 10.9425
3.6654 -1.7846 6.1107
-13.9134 4.5444 10.0272
3.5989 -2.8637 5.3799
0.9547 -0.1842 9.1920
0.2714 1.8000 12.7512
5.7963 0.7615 13.8727
-1.4147 -0.1053 7.9809
3.6261 -0.3721 4.5779
2.4697 -2.5355 4.9354
3.5467 -2.7287 5.6189
3.2531 -2.7538 5.3993
0.0552 -1.9814 5.0913
-0.7118 -0.3337 7.9317
-5.1905 0.2891 6.5860
3.4817 -0.3413 4.2813
-7.1499 0.2892 5.4545
6.5613 -1.9012 9.0088
6.1543 -2.7478 7.0868
6.2091 -2.1405 8.3285
6.6964 -2.9364 7.0240
6.2637 -2.8958 6.8550
0.0370 -2.6273 3.7939
6.3939 -2.7478 7.2251
-0.5134 -1.6236 5.4760
5.9786 -2.9061 6.6698
-0.1494 -0.8401 7.2474
8.3745 -0.6659 12.5175
2.3958 -0.4393 9.5160
-1.9103 -1.9006 4.1173
1.3969 -2.1593 4.8629
6.7225 -2.6899 7.5303
1.2396 -0.1054 9.5137
6.0297 -1.9286 8.6471
1.3289 -2.3030 4.3224
-6.5376 -0.1840 4.8654
-6.0766 1.1329 7.7556
7.4916 -1.0498 11.2425
-0.9020 -0.6034 7.2844
3.2032 -2.7475 5.3829
3.2885 -2.8583 5.2115
0.3518 -0.7256 7.7651
1.3483 -2.7659 4.2751
0.0272 -0.7837 7.4618
-0.3553 -1.8583 5.0996
6.0866 -1.2832 6.3792
-1.4601 -1.8725 4.4332
8.1848 3.7617 21.2302
4.1414 -2.9262 5.5687
5.5672 -2.8958 6.4528
1.1343 -2.7474 4.1884
0.6408 -0.6035 8.1753
6.6100 -2.3672 8.1083
-0.9453 4.2143 16.8591
1.8998 -2.9603 4.2062
-12.7027 4.9012 11.4376
6.3483 -2.8420 7.0110
12.7115 3.2266 22.7784
-13.9141 2.7564 6.4641
6.2919 -2.9559 6.7517
2.6457 -1.4499 6.3507
6.3760 -0.7258 11.2438
0.9208 -2.9650 3.6315
2.0961 -1.7160 5.4692
5.8815 -2.7903 6.8445
6.9792 -1.9688 9.1154
7.0261 -2.4304 8.2227
4.1388 0.3863 12.1678
-0.9999 -1.7538 4.9356
-0.0931 -2.5056 3.9612
3.3873 -2.2451 5.2951
4.5144 4.0581 19.7010
5.7599 -2.0203 8.3085
5.6562 -1.4231 9.4388
1.9711 4.7201 19.5513
5.6917 1.2684 14.8223
6.9228 -2.0204 8.9800
0.0030 -1.6903 5.6414
5.2923 -2.3740 6.4475
4.1609 0.4366 12.2808
9.2953 0.0183 14.4126
2.6501 -1.4898 6.4051
2.8093 -2.9361 4.7797
3.2122 -2.7028 5.4773
-7.1489 3.3533 11.5606
0.5192 -2.7411 3.8457
-2.3077 -1.1911 5.3015
3.6801 -1.8041 6.0764
-1.5101 -1.6902 4.7677
8.6307 -0.5721 12.8523
-4.8112 1.4849 9.1877
0.3130 -2.3943 4.4176
8.7431 -1.1689 11.7280
6.6365 -2.7784 7.3042
-3.6579 -0.4730 5.9526
1.6110 -2.1490 4.7652
5.1953 -2.3025 6.5196
5.6402 0.3371 12.9367
2.9962 -2.7093 5.3395
0.3426 -2.5910 4.0428
-1.6533 -1.3423 5.3781
-5.2775 -0.2224 5.5166
-7.1981 0.0189 4.8881
3.6112 5.4939 22.0404
-0.7375 -1.7064 5.1816
8.9411 2.7567 19.6645
6.5738 -2.4477 7.9270
7.9521 0.7044 15.0039
-1.9773 -0.1841 7.4988
0.3286 -2.7473 3.7232
-5.1886 1.4849 8.9698
-2.5860 -0.8400 5.8404
-15.9265 2.9838 5.7549
-13.2610 2.4402 6.2112
-10.6000 4.5445 11.9412
13.5418 5.2890 27.3676
2.6235 -2.0669 5.0836
7.3972 -1.8589 9.5759
2.0710 -2.7412 4.7416
-12.4804 2.3408 6.4641
3.1054 -1.8480 5.9542
4.4014 -1.8036 7.0274
-6.9682 0.4369 5.8539
5.6032 -0.1453 11.9542
3.0595 -1.0613 7.4714
-0.9043 -0.6957 7.0991
3.1308 -2.2947 5.1824
4.4804 -2.1293 5.9003
0.7523 -1.3857 5.8001
2.0026 -1.6085 5.6280
1.4272 -2.1946 4.8068
2.7649 -1.9030 5.6097
2.9965 -2.3805 5.1378
6.1826 -2.9364 6.7274
1.3765 -2.7840 4.2553
4.1332 -1.7020 6.5633
-1.2987 -0.5393 7.1830
2.6363 -1.7510 5.8062
0.3642 -2.7156 3.8069
3.8750 -2.0416 5.8490
4.9019 -1.7936 7.3495
2.7605 -1.6130 6.2160
-1.9483 -1.2136 5.4643
3.2759 -0.8403 9.2253
0.5909 -2.9159 3.5388
0.8262 -1.4429 5.8340
2.3668 -1.7672 5.4945
3.3792 -2.1173 5.7266
-13.3458 3.3531 7.9814
5.1231 -2.8475 6.2926
5.4279 -1.9879 7.3190
-0.1847 4.7200 18.3060
3.4381 1.1327 13.2504
-1.0566 -2.2278 3.9583
1.0311 -2.8304 3.9634
4.6713 -2.1518 6.3708
-9.6917 4.3762 12.1303
0.1480 -1.0495 7.0020
1.4748 -1.3270 3.7467
5.5512 0.1051 12.4231
5.3351 -2.0888 7.0908
4.3736 -2.0023 6.0899
1.0741 -0.5717 8.4888
0.2706 -2.2385 4.7036
2.8466 -1.5313 6.4213
1.2514 -2.7157 4.3192
3.4679 -0.3325 4.2261
-0.9157 -1.1452 6.1968
1.3977 -1.5692 5.6149
2.4617 -2.1251 4.8984
-0.5979 -2.1169 4.4442
3.4504 -1.9568 5.8783
-19.1113 4.5441 7.0248
5.1847 -2.0802 6.9733
11.4443 4.2148 24.0156
4.8723 -2.2779 6.2690
1.8605 -1.2062 6.2966
2.4982 -1.3608 6.4667
-2.7611 0.2418 7.8947
-16.0240 3.7609 7.2472
6.4853 -2.5915 7.5894
7.0395 -2.4038 8.2834
4.9800 -2.8905 6.1242
1.0351 1.0673 11.7322
6.0094 -2.6964 7.1054
-0.0055 -2.7025 3.6194
4.0331 5.7081 22.7110
7.3730 -0.0650 13.1363
8.8005 1.1326 16.3472
1.6331 -1.8934 5.1078
6.8877 -1.6578 9.6823
-1.0968 -2.2795 3.8322
4.1170 1.3388 14.0530
8.7483 -1.1458 11.7771
4.0834 -2.7842 5.8182
4.2658 1.9705 15.3978
2.3101 -2.5402 4.8537
5.6830 0.0184 12.3266
-5.5089 1.2685 8.3538
-9.3038 1.8001 7.2212
0.8229 -2.5609 4.3802
3.6338 -0.4792 4.3568
5.1862 -2.1820 6.7614
6.0521 -1.4647 6.4804
7.3058 -2.2071 8.8292
-0.7161 1.1328 10.8513
7.5456 0.4879 14.3377
5.9524 -2.7962 6.8737
6.8809 -0.1056 12.7713
10.6847 0.5402 16.2549
4.5020 -1.0497 9.5161
5.2480 -2.2364 6.6836
5.8577 -0.1055 12.1804
-6.9323 0.8202 6.6383
-0.5669 -1.2137 6.2619
1.0254 -2.7474 4.1255
6.4119 -2.5459 7.6379
-3.7006 -1.2135 4.4524
-9.8427 5.4930 14.2685
1.8901 -1.4485 5.9005
1.2003 -2.1714 4.5126
2.1668 -1.1967 6.7250
-8.2605 1.5607 7.3467
4.3469 -2.3286 5.8790
1.1489 -1.8790 5.2900
13.6434 5.9324 28.7083
2.2138 -2.1204 4.9779
1.0635 -2.7958 4.0510
1.4445 2.5426 14.9083
1.1215 -2.7221 4.2314
4.0736 -1.7558 6.3450
3.6150 -0.3098 5.0437
-1.8022 -1.5890 4.8006
3.6063 -1.1146 7.4069
3.4533 -1.3357 6.9170
5.5581 -2.2200 7.0512
4.7182 -2.8193 6.1149
6.2055 -0.5068 11.5817
-8.6043 1.5607 7.1481
6.7497 -2.0454 8.8302
2.8477 -2.2114 5.1206
-4.5367 -0.3335 5.7230
-0.9038 0.5940 9.6693
-1.1101 -1.9814 4.4185
1.7114 -2.7474 4.5216
6.8996 -2.1963 8.6162
-11.5345 2.9838 8.2916
3.9748 -2.1089 5.7976
-3.9302 -1.3422 4.0634
1.7066 -1.5009 5.8004
-10.5458 1.4849 5.8759
1.5326 -2.3165 4.6163
3.2930 -0.5067 9.8999
-2.3085 -0.5716 6.5355
1.8582 -1.0247 8.0390
6.3590 -2.0577 8.5801
1.0888 -2.7839 4.0892
0.1628 -2.7347 3.6524
1.4046 -1.4073 5.9655
-2.2842 -1.7995 4.1028
2.2387 -2.0961 4.8338
0.1784 -2.5684 3.9929
3.6061 -1.3574 7.0600
-19.4700 6.1637 10.0448
4.6230 2.1505 15.9628
5.5676 -1.0249 10.1810
5.1841 -0.2034 7.9196
5.9706 -1.9150 8.6402
4.1245 -1.9852 5.9754
0.0828 -2.0934 4.8841
5.7782 -2.1057 8.1491
4.4143 -2.0959 5.8335
1.2389 -1.3455 6.0556
1.9334 -0.2604 9.6055
6.0477 -1.0249 10.4582
1.1017 -2.6827 4.2984
6.9651 -2.6207 7.8083
6.6978 -1.8150 9.2593
3.1327 1.8000 14.4037
3.4359 0.5159 4.9205
4.7755 -2.0226 6.7886
3.5214 0.0972 4.9610
3.4428 0.6862 4.8800
6.8919 -2.6350 7.7376
-3.3198 -0.2602 6.5720
1.8076 -2.8248 4.4230
0.8937 -2.9408 3.6640
3.7894 -0.2416 4.4494
5.8604 -1.2362 9.9290
4.1342 -2.8956 5.6255
0.6037 -0.1053 9.1464
5.7356 -1.8297 8.6743
0.3760 4.2143 17.6223
4.3845 -2.0134 6.2250
1.9725 -1.6076 5.8458
-3.5767 1.3389 9.6098
9.3180 6.1659 26.6753
6.3768 1.5606 15.8001
-1.8716 0.8201 9.5609
4.3127 -2.2791 5.8251
-9.5273 1.4849 6.4641
3.7515 -0.0386 5.0604
6.5600 -1.5719 9.6641
1.1022 2.4403 14.5067
10.8290 4.7205 24.6680
-0.7107 -2.1848 4.2439
5.2572 0.5939 13.2273
10.3555 1.1997 17.3789
-2.4010 0.3373 8.2931
2.7474 -1.8861 5.6520
2.2777 -1.6655 5.6403
0.6978 -1.6228 5.5023
-0.1141 -1.8293 5.2967
0.9139 -2.6130 4.3288
5.1658 -2.9263 6.1601
3.9327 -1.7880 6.2820
8.8783 -1.0499 12.0432
-14.8705 5.7069 11.7909
-0.8803 -1.3216 5.8658
-18.6821 5.4925 9.1623
0.5355 0.0186 9.3541
0.7143 -2.6623 4.1152
5.6455 -1.0742 10.1277
0.6292 -1.1872 6.1493
6.5851 -2.4815 7.8661
-15.4940 6.1640 12.3417
3.0036 -2.5533 5.2552
6.8355 1.5606 16.0650
3.3747 -2.8528 5.2722
3.7473 -0.3765 4.3697
0.5563 -1.2271 6.0623
3.1097 -0.2172 5.6428
2.8219 -2.8134 5.0314
3.2781 -1.7395 6.1983
-7.7820 1.4110 7.3248
3.7166 0.2416 11.6355
4.7886 -2.0193 6.7837
-1.2337 -0.3694 7.5590
-2.0091 -1.5173 4.8239
5.9714 -0.5397 11.3811
5.2636 2.4403 16.9102
6.0570 -1.3076 6.3997
1.5586 -1.8132 5.2686
-0.8788 -1.7382 5.0366
-0.1513 -2.1169 4.7021
4.5419 1.5606 14.7404
6.1339 -1.3835 9.7935
-14.0397 3.3531 7.5806
2.0972 -1.9338 5.0606
-0.0970 -2.6623 3.6468
2.8470 -1.6946 5.9572
-2.9291 -0.7547 5.8121
1.2009 -1.6637 5.5605
6.3690 -2.4477 7.8088
9.7477 0.8796 16.3900
-5.3661 0.4882 6.8813
-0.3423 -2.6129 3.6035
3.6563 -2.8473 5.4457
3.6143 -0.3520 4.3230
7.0433 -0.4395 12.1997
3.2389 -2.8018 5.2953
0.5922 -1.2631 5.9708
6.8216 -0.7841 11.3851
2.8301 -1.8299 5.8528
3.0466 -0.0649 10.6380
3.9311 -2.7960 5.7067
1.9827 1.0033 12.1520
1.5170 -1.3832 3.8086
3.6563 -1.8038 6.0609
5.6021 -1.5895 9.0759
-1.0305 0.3373 9.0845
-1.2847 -1.6573 4.9634
-0.4661 -1.0980 6.5505
3.1386 0.1616 4.6962
3.5026 -2.8019 5.4475
0.9733 -2.8849 3.8214
6.7888 -0.7552 11.4237
3.5974 -0.1900 4.3287
1.4597 1.4109 12.6620
5.9728 -2.1057 8.2614
4.1975 -2.0153 5.9894
1.5589 -1.3109 5.9940
4.9179 2.0593 15.9513
-12.8737 5.4928 12.5176
2.7841 -2.1855 5.1157
8.5289 0.2887 14.5088
3.2061 4.3767 19.5804
4.5500 -1.7956 7.1579
3.5042 -2.6253 5.5909
3.1571 1.7181 14.2546
-3.5199 -1.4988 3.9883
1.5284 -1.3159 3.7702
9.1474 5.2888 24.8291
2.9360 5.7080 22.0772
1.2268 -1.8957 5.0241
4.9201 1.8841 15.6036
5.5391 -2.8905 6.4470
0.4769 0.3865 10.0532
3.6665 -0.4865 4.3780
1.8491 -2.7027 4.6902
-1.3544 -0.4731 7.2828
3.3875 -2.7350 5.5143
8.2126 -0.5398 12.6753
6.1888 -1.4425 9.7076
2.7432 -2.0921 5.2770
4.5690 2.3409 16.3110
-4.2094 -0.5715 5.4378
7.7579 0.6485 14.7804
4.1412 -2.2630 5.7153
5.8394 -2.9606 6.4809
6.9139 0.1050 13.2100
-2.1418 -1.9281 3.9289
2.2969 -2.2156 4.8490
5.2487 -2.8307 6.3985
9.0953 2.8687 19.9767
2.0263 -2.8017 4.5952
-1.1508 -2.2994 3.7612
-1.0134 -2.3288 3.7821
-3.6159 -1.3627 4.2041
10.3517 2.8687 20.7024
4.2692 -2.1558 5.7225
1.0994 -2.7221 4.2186
2.2731 -2.1391 4.7582
4.1356 -2.8799 5.6577
4.3834 -2.7287 6.1020
0.2089 -2.1400 4.8641
5.4938 -2.1401 7.1618
-1.4494 -1.7381 4.7072
4.6000 -2.7600 6.1647
3.8449 -2.8529 5.5436
5.0240 -2.1602 6.7711
1.5283 1.4848 12.8490
4.0700 -2.3753 5.7450
4.1377 -1.6844 6.7342
4.5952 -2.1438 6.1120
3.1969 0.7045 12.2578
6.3334 -2.8958 6.8952
2.8117 -1.9577 5.5130
6.8874 -2.4127 8.1778
5.2447 -2.3267 6.4830
-16.7410 3.6203 6.5528
-1.8018 -2.0324 3.9174
1.1595 -2.7092 4.2791
-0.4084 -1.7996 5.1859
-6.4018 -0.3692 4.5747
6.7705 -2.5915 7.7541
8.3137 -0.8126 12.1901
-3.8975 6.4093 19.5279
7.5690 -0.9742 11.4378
-0.3454 -1.0246 6.7666
2.1916 2.2444 14.7456
9.8667 0.6484 15.9982
0.9769 1.0033 11.5711
6.4963 -1.9819 8.8104
5.9394 -1.7228 9.0050
1.2403 -2.7157 4.3128
1.3256 -2.7899 4.2141
-2.3731 0.2417 8.1188
-10.0167 1.2000 5.6137
3.5673 -0.2428 4.2955
1.2303 -2.2057 4.5943
-8.2107 0.1956 4.6554
1.4247 -2.5932 4.3490
6.2001 -2.7602 7.0886
2.5504 -1.6549 5.9325
6.3955 -2.4648 7.7901
-11.8259 2.6478 7.4538
5.4862 -2.0795 7.1961
2.1491 2.2444 14.7210
-3.5060 -0.4730 6.0403
0.5322 -2.6202 4.0941
1.2631 -2.9650 3.8291
-3.1009 -0.7836 5.6555
5.4141 -0.8404 10.4600
4.3687 0.0614 11.6531
4.9782 -2.2983 6.4164
5.7327 -2.3854 6.7582
-3.2524 -0.9477 5.2408
6.5201 -2.6628 7.4674
1.3769 -2.3900 4.3462
0.5447 -0.5692 5.5163
7.6028 -1.0743 11.2579
-6.8005 0.7618 6.5981
5.9270 -1.9011 8.6426
13.9766 4.7207 26.4861
4.4725 -1.3995 7.8738
6.3443 -2.5381 7.6145
6.0017 -2.9163 6.6628
2.7363 -2.9059 4.7978
6.2937 -1.1222 10.4065
8.7542 -0.5721 12.9236
1.8493 -1.4078 6.0082
2.3581 4.2144 18.7672
7.2578 -1.4232 10.3635
5.6577 -2.8693 6.5578
1.6690 -2.7536 4.4847
-9.3994 2.5425 8.6453
5.5079 -2.7962 6.6171
7.4220 -2.0330 9.2432
4.0090 -2.7476 5.8481
4.7756 -2.9263 5.9348
-7.1544 1.6384 8.1404
1.5073 -1.3673 3.8403
1.8103 -2.9310 4.2128
1.9650 -2.2762 4.5236
11.4712 2.2444 20.1050
6.5633 -1.8150 9.1817
3.2999 -2.0414 5.6509
11.7816 6.6665 29.0958
5.5393 -1.7228 8.7740
5.4279 -2.9654 6.2337
5.1857 -1.9489 7.2707
3.2769 -2.3421 5.2653
4.6815 -1.9902 6.6644
8.7755 -1.0251 12.0333
3.6907 -0.2824 4.3423
1.0351 -2.8017 4.0229
1.7652 -2.8191 4.4099
6.2591 -2.6764 7.2895
-0.0418 -2.5760 3.8506
6.6218 -2.7602 7.3320
5.9238 -2.9314 6.5879
7.3783 4.9023 23.0373
-0.2940 -2.2384 4.3776
3.4410 -2.6962 5.6225
-14.9821 2.9838 6.3004
-2.0029 -1.5356 4.7912
3.3341 -2.2940 5.2680
0.6184 -2.7284 3.9281
-6.0382 0.7618 7.0383
3.7836 -0.1131 4.6856
6.6203 -2.7031 7.4450
5.8897 -1.9149 8.5935
7.4205 -0.5720 12.1535
3.9853 -2.9262 5.4785
2.7457 -2.6962 5.2210
-0.9420 -2.1847 4.1103
-2.6341 -1.0738 5.3468
4.8152 -2.9313 5.9478
1.3062 -2.9554 3.8731
10.3129 3.9074 22.7497
7.2402 -1.8873 9.4286
6.0669 -2.1290 8.2693
-5.1322 -0.5392 4.9693
5.6453 -2.9461 6.3976
6.1851 -0.4049 11.7730
6.8103 -2.2178 8.5217
1.7322 -2.7412 4.5460
0.8843 3.3535 16.2005
3.7515 -0.3173 4.3650
0.7527 6.1652 21.7272
3.4601 -2.2190 5.5656
4.7416 -2.9557 5.8565
0.7750 -2.7473 3.9809
0.4438 0.5940 10.4476
0.3709 -2.8016 3.6394
2.3193 -2.8134 4.7412
3.5977 -1.5503 6.5950
2.4940 -2.2201 4.9753
2.2452 -1.5327 6.0865
6.2230 -2.6628 7.2958
2.8055 -2.1987 5.0953
-12.7246 6.4086 14.4285
8.3402 -1.5721 10.6920
9.3130 -0.3699 13.6493
0.9494 -0.4732 8.6131
2.4343 -2.8527 4.7292
0.3136 -2.7091 3.7907
-2.4425 -1.6901 4.2293
4.0495 -2.0350 5.8437
-12.9986 2.9838 7.4460
5.2956 -2.2600 6.7411
5.3554 -2.1177 7.0540
1.0224 6.1652 21.8831
0.5389 -2.2385 4.8585
3.5231 0.1635 4.8287
2.1719 -2.3180 4.6571
4.5014 -2.2453 5.9081
-11.3545 2.5425 7.5162
6.7307 -2.9655 6.9859
-3.7382 -0.5392 5.7742
2.9334 -2.0342 5.5588
-12.5040 4.2138 10.1826
0.6300 1.0033 11.3708
5.2714 -2.3741 6.4356
8.2745 2.1506 18.0717
8.0287 3.9073 21.4303
7.9165 4.5454 22.6369
3.2312 -1.6430 6.3532
-9.9228 3.6205 10.4910
2.4736 -2.9555 4.5471
5.3789 2.9841 18.0604
5.1029 -2.8419 6.2920
1.4082 -2.8416 4.1588
0.4483 -2.7473 3.7923
1.7454 -2.8902 4.2567
0.4689 -2.2796 4.7362
0.1155 -1.7997 5.4884
11.7924 5.0918 25.9642
8.3982 0.5402 14.9345
-12.5431 2.0593 5.8668
6.0963 -2.9214 6.7074
3.1290 -2.3032 5.2027
1.1183 -2.8190 4.0364
0.6222 -2.8247 3.7386
1.0006 -1.9138 4.9782
0.9806 -2.6274 4.3387
5.0672 -0.9482 10.0449
3.5136 -2.2274 5.3839
12.7105 5.4944 27.2967
7.6502 -0.3698 12.6891
-1.5118 -1.2358 5.6721
3.6447 -0.3011 4.7515
3.2313 -2.9652 4.9655
-4.4907 -1.1682 4.0865
5.3480 -2.8020 6.5130
2.4729 -2.4649 4.8900
6.8619 0.5938 14.1539
5.7078 -2.1404 8.0391
-0.6260 -1.6573 5.3438
-5.5605 -0.1840 5.4297
4.6238 -2.0930 6.5949
6.6583 -2.2494 8.3711
-7.1010 3.4847 11.8501
-14.3501 4.0574 8.8047
5.8959 -2.1195 6.8273
-13.2123 6.6645 14.6567
4.9831 -1.0591 8.3692
-5.7828 -0.1051 5.4585
3.9112 -2.6253 5.8257
-2.5474 -1.1217 5.3013
4.2845 -2.9605 5.5831
-0.4656 -0.6347 7.4741
0.4555 -2.8132 3.6652
3.4917 -1.0384 7.3933
-1.7308 3.7614 15.5030
6.6888 -0.8680 11.1411
6.0807 -2.8420 6.8565
7.9856 0.4365 14.4895
4.5853 -1.8828 6.8312
3.7909 -2.6829 5.8510
-5.3831 6.1648 18.1827
4.6140 5.7081 23.0465
8.1383 -1.5720 10.5754
0.5070 -0.0648 9.1714
2.7688 -2.3298 4.9713
2.3438 -2.7959 4.7902
2.9850 2.7566 16.2245
-8.9239 0.5942 5.0378
11.5697 6.6665 28.9734
7.1283 -1.4426 10.2501
0.5270 -0.6252 5.5078
1.8341 -2.8797 4.3289
0.3894 -2.8415 3.5706
3.3583 -2.9508 5.0675
-3.9698 -1.3422 4.0405
6.7094 -1.5361 9.8217
3.7110 -0.3982 4.3536
-4.7641 -0.7546 4.7525
2.1393 -0.4732 9.3002
1.5394 -1.2507 3.7330
3.8271 -0.1945 4.3142
1.2367 -2.1785 4.5560
4.4856 -2.8746 5.8704
3.1674 -2.9110 5.0365
2.7780 2.5426 15.6785
-20.3677 4.5441 6.2990
1.7312 -1.7926 5.4266
3.7121 -0.2228 4.5290
1.8524 -2.7412 4.6154
2.2434 -1.5186 6.1140
-1.9519 -0.9737 5.9401
6.8894 2.1506 17.2718
6.9816 -2.2494 8.5577
-5.4204 -0.6345 4.6130
5.4321 1.7181 15.5685
6.1739 -0.9742 10.6322
-1.1934 -1.6902 4.9506
-1.1704 -2.0198 4.3070
4.2183 -2.7287 6.0066
3.7643 -2.7094 5.7830
6.2676 -2.3389 7.9669
0.3138 2.4403 14.0514
0.7504 -2.9309 3.6009
3.7338 -1.6462 6.4554
-0.6260 -1.7845 5.0904
1.1933 -2.8017 4.1142
4.0070 -2.2049 5.6093
1.9180 -1.8004 5.2540
6.0206 -2.3196 7.8627
2.5361 -2.9410 4.6122
3.5201 0.2083 4.8171
1.3825 -2.0475 4.8159
5.2711 -2.2386 6.7032
-3.2101 -1.5355 4.0941
1.2459 -1.4970 5.6650
5.5157 -2.3975 6.6033
-0.3108 -2.5909 3.6655
7.1186 0.5938 14.3022
-0.6272 -2.5056 3.6528
1.5730 -2.7157 4.5049
-15.1308 2.5424 5.3351
0.5959 -2.5138 4.3429
-3.4915 -1.4419 4.1180
2.5979 -2.9058 4.7179
-19.1684 4.5441 6.9918
3.4422 0.7616 12.5133
3.0931 -2.8903 5.0348
3.0955 -2.1810 5.3186
1.2325 -2.7719 4.1961
2.4815 -2.2595 4.7485
1.2238 -2.2651 4.2280
6.4701 -2.3579 8.0461
13.0973 2.8687 22.2882
2.2284 -1.8502 5.3211
2.1415 -2.4831 4.7123
4.2551 1.4109 14.2765
4.6413 -2.9362 5.8375
3.5490 -1.0196 7.5880
2.0685 -2.5485 4.7051
4.9435 -2.1999 6.5156
0.5319 -2.2279 4.8755
1.7831 -1.9611 5.1050
0.5328 2.4403 14.1779
3.1878 -0.6036 9.6460
6.7525 -2.7161 7.4954
3.4352 -1.1357 7.3816
-12.1820 1.9705 5.8985
3.1171 -1.9768 5.6560
5.5897 1.3388 14.9036
3.3393 -1.4181 6.7831
1.6766 -0.9789 6.6933
-2.5226 -1.5714 4.4197
1.4275 -2.2004 4.7802
3.1378 -2.9110 5.0194
4.4580 0.8797 13.3353
-11.3619 1.2686 4.9736
6.5505 -1.5895 9.6236
1.9543 -2.8636 4.4303
3.5616 -2.7721 5.5409
5.1884 -1.1687 9.6754
-0.3731 -1.6406 5.5232
-0.8762 -1.2137 6.0833
-14.7542 3.2260 6.9146
-0.3702 -2.5909 3.6312
2.5745 -0.4393 9.6192
3.5319 -1.8260 6.0273
5.4248 -1.5541 9.0441
-0.7213 -1.5357 5.5312
3.9951 0.4879 12.2873
1.2708 -2.0883 4.1371
-3.5913 -0.0233 6.8871
6.3149 -1.1222 10.4187
1.6680 -2.4120 4.3881
3.4715 -2.4808 5.4746
4.9790 -2.8136 6.2769
3.2428 -2.2384 5.1943
0.7477 -2.7091 4.0413
2.8588 -0.9480 8.7697
-1.4429 -1.5536 5.0786
-1.4927 0.1053 8.3554
5.6218 -2.8308 6.6139
4.2511 -1.8358 6.4881
3.1864 2.8686 16.5639
6.5974 -2.8906 7.0581
6.7147 -1.3221 10.2513
1.6728 -2.2086 4.7330
6.2351 -2.7415 7.1459
-5.0683 -0.8399 4.4070
2.3792 -2.9109 4.5814
6.8416 1.3387 15.6265
6.3300 -2.8640 6.9567
0.8942 -2.7958 3.9532
-0.2215 2.7566 14.3725
0.6059 -0.2721 5.4097
1.0577 -1.5033 5.7986
7.6498 -2.0078 9.4251
4.1782 -1.9993 5.9670
0.1830 -2.7839 3.5662
7.3570 0.4879 14.2288
4.2143 -2.9162 5.6308
5.6462 -2.8475 6.5946
-2.4431 -1.7223 4.1649
8.2375 -0.5398 12.6897
1.4301 -2.1978 4.8187
6.1803 -2.5061 7.5833
-0.4524 -0.8677 7.0175
1.6517 -0.9216 8.1251
3.3545 -2.2942 5.2801
11.0893 2.3410 20.0769
5.0270 -0.2605 11.3919
1.8117 -0.5066 9.0445
1.3275 -2.2897 4.3540
-0.9042 3.1032 14.6689
1.5523 -2.3875 4.3211
2.5546 0.0185 10.5200
6.0984 -2.6420 7.2654
4.6448 -1.1687 9.3615
3.5641 -1.0392 7.5404
10.4988 4.3770 23.7928
10.0939 0.6484 16.1294
4.8052 -2.1106 6.7121
1.0298 -1.7746 5.1934
4.1464 -0.7257 9.9563
7.7527 -1.7698 9.9587
2.3783 -2.7841 4.8337
0.4896 2.0593 13.3938
-13.8563 4.5444 10.0602
-0.7761 -2.2591 4.0579
3.7272 -2.0496 5.8346
0.9187 -2.7156 4.1271
6.7664 -1.3011 10.3230
11.2131 1.0671 17.6100
2.0495 -2.1696 4.7936
6.2609 -0.1454 12.3340
6.8199 -2.0939 8.7741
4.2609 -2.4142 5.8897
2.2470 -2.1662 4.8972
3.3723 -2.9459 5.0853
5.3234 -2.1867 6.8140
7.9859 0.3370 14.2914
1.2195 -2.7899 4.1528
9.4048 -0.4050 13.6323
0.1502 -2.7535 3.6078
7.3966 -1.3429 10.6037
-0.9339 -2.3851 3.7158
6.1400 -2.8308 6.9131
1.5510 -1.3102 5.9779
6.2621 1.5606 15.7339
3.9414 -2.0694 5.8523
3.7833 -2.5290 5.6793
3.9823 -2.9508 5.4278
-5.5751 -0.7834 4.2267
-1.3070 -0.0647 8.1239
1.0274 -0.1452 9.3118
3.1015 -1.7662 6.0738
3.3283 -2.2109 5.4666
8.9824 0.0183 14.2319
2.7607 -1.9676 5.4683
3.3518 -1.6904 6.2232
0.0219 -2.5909 3.8576
2.1305 0.1052 10.4477
3.6943 -0.1747 4.8256
-5.0213 0.6488 7.4005
3.1434 -2.9556 4.9338
6.4718 -0.8405 11.0707
7.2168 -2.2390 8.7143
7.4308 -1.0743 11.1585
6.1770 -2.1742 8.2427
-10.4327 1.4849 5.9412
-9.0435 0.8203 5.4191
-5.7647 -0.5714 4.5397
-8.3658 3.2261 10.6045
-2.6949 -0.2225 7.0079
6.3604 -2.8021 7.0976
8.9557 2.8687 19.8961
-0.2214 -2.5760 3.7469
8.9479 -0.8681 12.4456
-0.0430 -2.0694 4.8593
1.1072 -2.7156 4.2359
5.3418 -1.8680 7.4908
4.2190 -1.6679 7.0921
-1.9767 -0.0647 7.7372
3.5301 -2.1604 5.5460
-0.2219 -2.1052 4.6847
0.6700 -2.5835 4.2467
2.6303 -1.9588 5.4684
4.0412 -2.0279 6.0317
4.5019 -1.4637 7.7599
0.3919 3.1032 15.4175
1.4447 -1.6066 3.9492
5.7733 -2.9214 6.5208
-3.9831 0.8202 8.3415
4.6585 -2.9263 5.8672
6.8850 -2.8138 7.3773
-2.3562 -1.7223 4.2151
3.7752 -0.2439 4.5038
5.8761 -2.8585 6.7055
3.8121 -1.9369 6.0083
-0.4773 -1.1684 6.4039
5.7111 -1.1687 9.9773
6.9006 2.3410 17.6576
5.1642 -2.9412 6.1296
1.2185 -2.8743 3.9841
8.0496 -1.3836 10.8997
-2.0526 -1.8292 4.1774
-0.1227 -2.6201 3.7159
-4.4868 -1.0492 4.3257
1.9982 -2.2252 4.6342
2.3555 -2.8850 4.6194
3.7814 -0.1863 4.2899
-8.0288 1.1329 6.6281
-14.9212 4.7193 9.7937
3.6738 -1.9022 5.9535
2.1417 -2.3608 4.6263
-6.8653 0.8202 6.6770
1.9644 -1.5952 5.8758
1.8856 2.7566 15.5895
3.7715 -2.8638 5.4795
-1.6139 -1.9813 4.1276
0.7053 -1.3436 6.0262
-22.4501 5.0899 6.1840
7.9470 -1.0744 11.4566
6.9046 -2.0820 8.8468
4.4474 -2.0368 6.2973
3.5164 -1.2366 7.1009
0.6059 -0.3812 5.4097
-2.3420 -1.9144 3.8405
4.0596 -1.5511 7.0014
1.5044 -1.3391 6.1123
-7.3502 1.0674 6.8896
-7.8214 0.3375 5.1629
3.0004 4.0580 18.8265
2.0621 -2.9555 4.3095
4.3201 -1.8157 6.7950
1.6037 -2.8416 4.2717
3.2254 -2.1108 5.3332
3.9240 -2.9362 5.4233
3.4107 -2.7599 5.4781
-13.9378 3.7610 8.4522
2.1438 -2.7840 4.6983
1.1494 -2.1112 4.6042
2.0957 -2.8744 4.4906
3.3682 -2.8362 5.3016
-1.9637 -0.6654 6.5477
-4.0806 -0.8119 5.0331
-0.3143 -0.6034 7.6237
4.8896 -1.5285 7.8951
3.7780 -0.2281 4.2935
8.0765 0.2887 14.2475
7.4592 4.5453 22.3727
3.3416 -2.8798 5.1993
1.3380 -1.9314 4.1349
1.5379 -2.3234 4.6018
-1.3643 -0.6347 6.9551
-9.7831 0.7619 4.8757
4.5705 -2.0606 6.4992
9.1039 -0.7260 12.8190
3.5082 -2.7223 5.6094
-11.3906 1.7182 5.8528
7.4761 -1.7543 9.8298
2.7064 -2.4465 5.0109
7.1389 -2.5915 7.9668
0.5839 -2.3480 4.6663
11.3135 5.2889 26.0804
7.9855 0.4878 14.5917
-6.6291 -0.2971 4.5872
5.0325 -2.7539 6.4267
0.5722 -2.7779 3.8029
-6.9991 -0.1051 4.7561
-0.3040 -2.3942 4.0614
5.0218 -2.7414 6.4454
0.3064 -2.0694 5.0610
5.6244 -2.7962 6.6843
11.2659 2.4404 20.3769
4.9676 -1.4883 8.0917
6.2164 -0.2976 12.0049
1.6709 -1.7194 5.5274
-12.0965 2.6478 7.2975
4.1854 -2.1843 5.6884
3.8801 -1.8802 6.0953
-16.5628 4.9010 9.2079
5.2273 -2.0641 7.0968
5.2047 -2.7662 6.5016
6.3217 -1.0498 10.5669
-12.5111 3.2260 8.2102
6.6481 -1.6410 9.5773
5.5927 -2.2611 6.9917
6.0589 -2.8747 6.7788
4.9131 2.4403 16.7078
6.3224 -1.2581 10.1522
3.1003 -2.2602 5.1997
3.5541 -2.3571 5.4324
0.4087 -2.8189 3.6267
-4.1588 -0.6033 5.4038
1.9844 -2.8304 4.5138
6.7667 -2.1631 8.6055
0.8012 -2.6555 4.1791
4.0843 -2.7661 5.8548
5.8712 -2.7478 6.9233
-6.6916 0.3867 5.9135
4.1171 -0.3697 10.6489
4.5025 -2.8638 5.9016
-2.1807 -1.4612 4.8366
7.9653 -0.7259 12.1615
2.3876 0.0615 10.5091
6.1383 -2.5142 7.5430
3.4051 -2.9312 5.1336
5.9489 -2.3578 7.7452
5.0304 -1.6112 7.7687
0.0206 -1.6903 5.6515
2.4095 -2.0689 4.9666
-0.9665 0.8201 10.0836
3.5723 -0.0877 5.3562
1.4447 -1.5956 3.9492
5.5199 -2.8251 6.5664
7.7938 1.4847 16.4675
-21.9614 6.9319 10.1367
2.3144 -1.7106 5.5641
-2.8839 0.1054 7.5520
3.2606 -2.8418 5.2283
2.4766 -2.9458 4.5681
1.1553 4.7200 19.0801
-10.7267 5.4930 13.7578
6.3801 -2.0204 8.6666
8.7142 2.3410 18.7051
1.4793 -2.9006 4.0823
3.0212 -1.7341 6.2969
4.2779 -1.8761 6.4274
6.5792 -2.3000 8.2244
1.5632 -2.9506 4.0311
-0.6892 -1.4030 5.8140
2.6574 -2.1216 5.0381
0.2816 -2.6273 3.9351
1.1224 -2.6555 4.3646
3.4514 0.2088 4.7785
7.3866 -2.2901 8.7104
1.9656 -2.5155 4.6278
-11.0877 1.5607 5.7139
-4.8372 0.3374 6.8862
7.5189 -2.1291 9.1077
3.7830 -1.0983 9.0041
6.0802 -1.2413 6.3594
6.0384 -2.0577 8.3950
4.6772 1.1997 14.0995
0.4025 -2.8016 3.6577
2.0770 -1.7175 5.4666
-4.3352 -1.0492 4.4133
3.0773 -1.0789 7.2821
-2.9533 -0.0647 7.1732
7.0405 -2.5614 7.9701
8.0772 -1.0250 11.6301
4.1369 -2.2310 5.6910
0.1810 2.9840 15.0582
-1.3363 -1.5174 5.2124
3.8177 -0.2089 4.5817
-2.1717 -1.7063 4.3535
-11.7998 4.5445 11.2482
17.0088 6.1664 31.1182
8.6014 0.3862 14.7449
7.5970 -2.1519 9.1073
4.6299 5.2885 22.2196
-5.4261 -0.2601 5.3557
4.1121 -2.9262 5.5518
0.9008 -2.9506 3.6486
10.0449 3.4851 21.7535
5.8458 -2.8958 6.6137
3.6987 -0.3756 4.3447
6.2300 -2.7784 7.0695
6.0356 -2.8640 6.7867
4.7480 -2.6064 6.2954
-8.3982 2.6479 9.4335
8.1927 -1.2798 11.1891
1.4317 -1.4645 3.8136
3.6727 -1.5107 6.7166
2.5015 -1.9183 5.4617
2.3572 -1.6299 5.9855
2.2140 -2.3957 4.6935
17.5743 6.6670 32.4423
1.0198 4.9020 19.3643
2.4498 -1.7398 5.8110
2.6332 -1.4779 6.2797
2.6613 -1.1783 7.0510
5.0107 -2.7783 6.3655
5.6624 -2.9510 6.3978
4.0639 1.0033 13.3539
2.1364 -1.9754 5.0329
-3.2994 1.1999 9.4930
-3.3120 0.1500 7.3936
1.4364 1.2685 12.3648
-15.1710 2.9838 6.1913
13.0302 6.9350 30.3518
1.2786 -2.8954 3.9768
-8.2351 0.2892 4.8279
5.3599 -2.4665 6.5323
3.5560 -2.9262 5.2307
4.0854 -0.2228 10.9233
-1.0946 -2.3288 3.7352
1.4989 -2.4042 4.3009
-8.0525 0.1501 4.6561
-0.2545 -2.5056 3.8680
0.8335 -1.7136 5.2186
3.7171 -0.2021 5.0772
1.7909 -2.6828 4.6963
-7.7934 3.3533 11.1884
0.7068 -2.8132 3.8103
0.0199 -2.3760 4.2848
3.5803 -1.3027 7.0275
5.9884 -2.8906 6.7064
5.1366 -2.8078 6.3794
-7.0750 1.4849 7.8803
5.9349 1.1997 14.8259
4.2527 -1.9897 6.0204
3.4935 -0.2975 10.4326
9.2670 3.3537 21.0423
-1.0938 -1.9943 4.4020
6.4580 -0.6350 11.4721
0.3480 -0.2973 8.6162
6.5526 6.1657 25.0778
4.0177 -2.9312 5.4873
3.1485 -2.6625 5.5207
-4.4071 -1.1682 4.1347
0.8992 2.3409 14.1916
3.8745 -2.0395 5.7170
4.7453 -2.1364 6.4901
-6.4077 -0.0232 5.2607
-0.4915 -1.2578 6.2176
-8.7025 1.6384 7.2464
2.4909 -2.1611 4.8766
4.8940 1.1327 14.0912
2.8476 2.7566 16.1451
-3.6553 -1.3627 4.1813
4.4808 -0.3697 10.8589
6.2139 -0.9219 10.7595
-7.3307 4.2140 13.1708
0.2954 -2.5376 4.1219
6.1940 -2.0204 8.5592
6.3248 -2.7096 7.2614
8.4720 -0.2229 13.4564
2.2603 -1.1787 6.8302
5.2720 -2.3191 6.5746
1.6339 -2.9650 4.0432
6.2027 -2.4477 7.7127
7.4108 -0.5069 12.2777
2.8168 -2.1838 5.2027
-1.2246 0.5940 9.4841
0.6627 -2.8360 3.7395
5.3839 -2.0434 7.1100
-2.6033 -1.6235 4.2693
3.7021 -0.3311 4.3413
5.9223 -2.9010 6.6476
0.7015 -2.8953 3.6436
5.3551 -1.8000 8.5138
4.0755 -0.1413 4.4969
2.3893 -2.7349 4.9380
3.9426 -1.9120 6.2070
4.7491 -2.3519 6.1388
3.8266 -1.9840 5.7994
2.6596 -2.6556 5.2521
13.1864 3.3538 23.3061
6.0756 -1.2221 6.3673
3.7665 -0.2068 4.2849
1.6895 -0.9996 6.6195
3.6243 -2.9262 5.2701
-16.4932 2.9837 5.4276
5.5090 -2.9213 6.3682
3.8408 -1.8029 6.3764
-20.1616 4.7190 6.7666
4.6153 -2.0460 6.6759
2.6120 0.2416 10.9976
4.7424 -2.7722 6.2226
3.3530 -0.3103 5.2823
-0.1512 -2.6056 3.7284
6.0387 -2.7225 7.0705
-0.0120 -0.6655 7.6747
7.1273 -0.4735 12.1806
-13.0631 5.4928 12.4082
0.2814 -2.5217 4.1454
0.9889 0.7617 11.0965
4.7374 -2.0339 6.5985
-2.0527 1.0673 9.9489
-5.0286 0.1054 6.3136
2.2015 -2.5528 4.7911
7.7844 -1.7387 10.0389
7.4570 0.4365 14.1842
4.8120 -0.2228 11.3429
-0.1953 -1.7064 5.4947
-6.9490 3.6206 12.2087
3.0001 -0.1452 10.4510
7.6302 -2.0820 9.2657
8.9880 2.1506 18.4838
0.6709 -0.4732 8.4523
-3.1825 5.0910 17.3140
0.4799 -0.7491 5.6291
-13.2114 3.9066 9.1618
3.8268 -2.1923 5.4720
-0.4894 -0.4392 7.8500
-4.2507 -0.2972 5.9606
-9.5892 2.3409 8.1339
4.0897 -0.7839 9.8076
5.5871 -2.8958 6.4643
5.8931 -1.9948 8.4363
6.3285 -2.0577 8.5625
0.5674 -2.8901 3.5766
6.6974 -1.2798 10.3257
13.7703 6.1662 29.2474
4.5733 -0.7258 10.2028
4.8729 -1.5139 7.9208
-0.7325 -1.8293 4.9396
4.5950 -2.0589 6.5076
1.1712 -0.7838 8.1223
4.7348 -2.0159 6.6330
3.4299 -2.2965 5.3594
6.0557 -1.3835 9.7484
-1.4038 -2.1051 4.0022
7.9626 -0.4395 12.7306
-1.9382 -0.5716 6.7493
-2.0491 4.7199 17.2291
3.8517 -2.6896 5.8728
1.4330 -2.7285 4.3985
4.0487 -0.1537 4.4697
-0.1925 -1.9683 4.9744
-2.2876 -0.1450 7.3975
6.3860 3.6210 19.9110
6.7432 -2.0330 8.8513
-0.0038 -0.8948 7.2225
2.2502 -2.1160 4.7861
5.5290 3.1033 18.3846
2.3519 2.0593 14.4693
-2.7139 -1.7063 4.0404
2.9247 -2.4621 5.1444
4.0109 -2.6241 5.8807
4.2980 -1.6380 7.2867
4.1378 -2.1690 5.6509
5.4915 -2.5174 6.6397
2.5058 -2.8850 4.7062
0.2165 -1.8726 5.4013
-1.8957 -1.9416 4.0440
0.9535 -2.7719 4.0350
4.9582 -1.8218 7.3598
4.5768 -2.7539 6.1636
5.1272 -2.9213 6.1478
4.2736 -2.8957 5.7059
3.5760 -0.2468 4.2679
0.3751 -1.1204 5.8114
-0.6616 -1.6573 5.3232
6.9700 -2.4216 8.2078
3.0417 -2.6694 5.4454
6.8474 2.1506 17.2475
1.6994 -2.2396 4.6447
-1.2799 -2.1399 4.0045
0.0447 0.2417 9.5151
-19.0496 3.9064 5.7896
12.9368 6.4106 29.2531
6.4209 -2.9510 6.8357
3.7641 0.2888 11.7571
3.9716 -2.8904 5.5420
8.0183 0.8796 15.3913
-0.7885 -1.9007 4.7650
4.8035 -2.0496 6.7450
3.4170 0.2091 4.7592
4.6179 -2.4337 6.1128
0.6178 6.1652 21.6493
0.6412 -0.2226 8.9344
4.6810 1.1327 13.9682
6.8390 -0.4395 12.0818
1.1777 -2.1603 4.6910
2.3845 -1.4536 6.2385
6.8364 -2.6207 7.7340
-0.6103 -2.0072 4.6557
-0.2925 -2.4726 3.9118
5.4224 -2.3006 6.6458
6.0463 -1.4411 6.4613
4.2807 3.1033 17.6636
4.3970 0.8200 13.1810
7.8442 -0.6659 12.2113
7.2613 6.6662 26.4844
-9.6970 1.1329 5.6647
5.7404 -2.7225 6.8982
9.8025 2.5427 19.7356
5.2751 -2.7962 6.4827
-1.1911 -2.3093 3.7182
5.4847 -0.2228 11.7314
3.8734 0.3371 11.9164
5.8601 -2.8308 6.7515
4.1137 -2.3604 5.7634
5.9596 -2.6419 7.1853
-1.3998 -1.9416 4.3303
-0.5512 1.9705 12.6158
-5.2026 0.3374 6.6752
7.7873 -0.9220 11.6681
3.7029 -2.8019 5.5632
-1.6261 -1.2793 5.5195
-2.2809 -1.0979 5.5026
2.7810 -2.8955 4.8442
-2.5302 -0.6346 6.2819
-10.9482 3.6205 9.8988
1.1189 -1.3573 5.8811
0.4163 -0.4047 8.4418
7.7458 -0.6351 12.2157
3.9607 -2.4967 5.7650
-0.7951 0.1499 8.8471
7.2481 -1.3835 10.4369
11.5111 6.9349 29.4742
-4.2847 -0.8675 4.8046
5.3168 -2.9510 6.1983
-1.0742 -1.5356 5.3274
0.4540 -0.9217 5.6636
0.9810 -2.6692 4.2556
4.6331 -2.2356 5.9894
3.5802 0.1034 4.9331
4.1912 -2.0246 6.0614
1.3202 -1.5394 5.6123
5.8439 -2.8420 6.7199
4.4886 -2.8193 5.9823
-3.4287 -1.1910 4.6543
1.3632 -1.9381 4.0910
3.1789 -2.0512 5.4363
2.7169 -2.3783 4.9713
9.0565 -0.7260 12.7916
9.8507 3.1034 20.8807
5.4749 -2.9363 6.3188
5.4332 -2.3081 6.7387
5.0096 -2.9412 6.0403
1.7427 -2.0916 4.7863
1.8981 -2.1190 4.7910
-4.5094 -0.7253 4.9581
1.6664 -2.5846 4.4971
2.4333 -1.8337 5.5692
5.2072 -2.5865 6.5447
2.7307 -2.1807 5.0361
1.6049 -2.4032 4.3311
1.9177 -0.7550 8.6109
1.6688 -2.9058 4.1815
6.8181 0.9407 14.8199
1.6562 -1.7623 5.3915
0.4005 -2.1400 4.9747
1.9716 -2.0798 4.9240
2.4757 -1.8843 5.4871
5.1152 -2.9509 6.0819
4.2883 -1.9260 6.1373
5.9533 -2.6964 7.0730
2.8353 -2.1980 5.2549
1.4666 -1.5004 3.8577
6.3031 -2.8079 7.0529
-4.5069 0.1054 6.6148
-1.8167 1.1328 10.2157
-10.3319 1.0675 5.1677
6.4271 -1.3835 9.9629
4.8193 5.0914 21.9362
2.3660 -2.2980 4.7493
-19.3134 5.4924 8.7976
2.4402 -1.2007 6.9916
3.0445 -1.2567 6.8646
-9.9818 0.8203 4.8773
7.5719 -2.0940 9.2083
3.4137 -2.3081 5.3195
5.8663 -1.9819 8.4467
2.3208 -2.6895 4.9889
7.8398 -1.4808 10.5849
-0.8905 -1.5890 5.3271
5.7442 -1.9688 8.4023
0.9653 -2.6415 4.3017
5.0104 -2.8250 6.2722
-0.8567 -2.4121 3.7065
8.7741 -1.2142 11.6557
7.5056 2.9842 19.2887
13.1749 6.9350 30.4354
3.8730 -2.8638 5.5381
-2.3623 -0.3336 6.9786
-14.4847 4.5443 9.6973
3.8736 -0.6036 10.0420
-0.9036 -0.6654 7.1599
7.9838 1.0672 15.7451
4.8053 -2.1110 6.4855
3.0724 -0.6656 9.4558
-1.2700 -1.4226 5.4395
7.9115 5.0916 23.7224
6.1925 -1.3835 9.8274
-4.6952 -0.8674 4.5675
0.3240 2.0593 13.2982
4.6741 1.9705 15.6336
5.0833 -1.8487 7.4047
6.0387 -2.8747 6.7671
5.9956 0.2888 13.0458
5.8962 -1.8719 6.6796
5.3643 -2.0150 7.1551
-0.4021 -1.0980 6.5875
3.7617 -2.0819 5.7890
5.9568 -1.7228 9.0151
8.3186 -0.7553 12.3071
-3.0656 -0.9993 5.2461
2.2519 -1.5492 6.2354
4.0703 -0.1424 4.4912
1.5874 -0.9480 8.0355
2.4316 -2.7412 4.9499
4.9079 -2.1707 6.5658
6.6751 -2.6559 7.5706
5.7271 -2.3156 6.8282
-1.1661 -2.0814 4.1868
3.8977 -2.0836 5.7914
-20.7438 4.7190 6.4303
-15.7206 5.2873 10.4639
-9.5298 1.9705 7.4303
5.0004 -0.2228 11.4517
-1.3889 -1.2358 5.7430
-7.0869 0.1501 5.2137
1.6462 -2.4035 4.3555
-0.5280 -0.9215 6.8665
6.9896 0.9407 14.9190
4.5874 -1.2277 8.3985
3.6455 -0.0285 4.9987
1.6646 -2.3769 4.3895
9.8623 0.8199 16.3372
3.7267 -0.0195 5.0423
2.6680 -0.8950 8.7652
2.7001 -2.8528 4.8827
2.0462 -2.8417 4.5272
4.1297 -2.1005 5.7518
1.1917 -2.7536 4.2091
-6.4441 -0.2971 4.6940
-3.7707 -0.6653 5.5043
6.1062 -1.2362 10.0709
6.3997 1.3387 15.3714
3.9617 -2.7414 5.8333
-4.4826 -0.9213 4.5830
0.1184 -2.0815 4.9285
-12.6760 1.8842 5.4412
7.9566 -1.6908 10.2339
3.7803 -2.7476 5.7161
6.7607 -1.4807 9.9618
0.2506 -2.4727 4.2253
-2.0243 0.1499 8.1372
3.3973 -1.2719 7.0101
6.6015 -2.8252 7.1909
3.2280 -1.3670 6.7341
7.9250 -1.0499 11.4927
1.3650 -1.8487 5.2590
8.0334 5.2887 24.1856
1.7086 -2.8527 4.3102
0.7575 5.0912 19.5899
3.8604 -1.3603 7.2456
5.0412 -1.2362 9.4559
-2.1529 -1.8292 4.1195
3.8317 -0.1299 4.7397
-2.0967 -1.8438 4.1229
4.6417 -2.8957 5.9185
-0.5694 0.0616 8.8015
1.1708 -2.8796 3.9460
5.9976 -2.0077 8.4711
-5.2979 2.2443 10.4200
0.6629 -0.9216 7.5542
5.5355 -2.7415 6.7420
6.7847 -2.8476 7.2520
-3.3475 -0.7254 5.6290
-16.1056 6.6642 12.9852
12.5377 2.6481 21.5253
-0.7777 -0.5717 7.4194
2.8860 -1.0592 7.1779
10.8739 0.5937 16.4708
15.0070 5.7088 29.0503
1.0317 -2.7958 4.0326
5.3836 -1.9618 7.3746
2.1277 -1.7844 5.3692
6.1408 -1.2026 6.4145
-4.1810 -1.0978 4.4055
1.4940 -2.8527 4.1863
6.4604 -2.7963 7.1670
1.3119 -2.0096 4.1804
4.2998 -2.7661 5.9792
7.6161 4.9023 23.1746
2.1867 0.0615 10.3930
-1.8107 -0.8121 6.3438
-23.5140 6.6636 8.7053
-1.4632 -0.8121 6.5445
7.9223 -1.7229 10.1500
3.2800 2.1505 15.1872
5.0380 -2.9653 6.0086
-4.9426 0.9410 8.0281
-5.6541 -0.2224 5.2991
4.4045 -2.0681 5.9962
-0.0719 -1.9417 5.0971
9.2130 -0.7553 12.8235
6.1808 -1.9150 8.7616
-7.6687 -0.0645 4.4502
4.4810 -2.7600 6.0960
3.0703 -1.7586 6.2779
3.3166 0.3233 4.7964
3.4076 0.5309 4.8748
6.5564 -2.9214 6.9730
1.6692 -0.8678 8.2426
2.1567 -1.4009 6.3198
-0.6114 -2.1957 4.2794
2.0223 -1.6463 5.5710
-2.6492 0.0187 7.5150
2.5481 3.7615 17.9745
1.2647 -2.7719 4.2147
0.6416 -2.6415 4.1148
7.7334 -0.0237 13.4267
6.7115 -2.8586 7.1878
2.3795 -2.8248 4.7532
4.6019 -0.5396 10.5903
4.4547 -1.0249 9.5383
5.8161 -1.7849 8.8100
3.0471 -1.8867 5.9618
1.6973 -2.7899 4.4287
-2.5677 -1.1683 5.1969
4.1673 -2.2310 5.7086
6.4347 -2.8137 7.1173
3.4841 -1.0982 8.8315
1.5685 -2.8636 4.2076
-0.4177 -1.9145 4.9516
0.9113 -2.9108 3.7339
-0.9823 -1.6902 5.0725
0.7747 -2.5609 4.3523
2.6048 -0.7257 9.0661
0.5711 -1.4079 5.7322
-4.7228 2.4402 11.1425
6.8817 -1.3428 10.3064
5.2254 -2.2491 6.6698
2.9730 -1.6615 6.2204
4.7004 -2.9412 5.8618
1.4762 -2.7958 4.2892
6.4166 -2.6490 7.4352
-4.9635 1.2685 8.6687
-9.8635 1.6384 6.5759
1.9843 0.4880 11.1261
2.5574 -2.7900 4.9253
-6.9138 0.0189 5.0523
6.0979 0.9407 14.4040
-1.2784 -0.4731 7.3267
-3.5988 1.5606 10.0390
7.6691 -1.7851 9.8800
-2.5627 -0.0647 7.3988
5.0948 -1.4806 8.9999
6.6847 -2.2699 8.3453
4.9379 -2.3144 6.2148
2.1745 -2.7959 4.6925
3.8666 -1.8232 6.3454
1.4502 -1.4832 3.9397
1.6367 -1.1913 7.5791
0.8182 -0.3695 8.7439
6.2515 -2.7031 7.2321
0.2167 2.1505 13.4180
1.8517 -1.4324 5.8911
5.1226 -2.0753 6.9198
2.5763 -2.9110 4.6952
5.4236 -2.9112 6.3392
0.5234 -2.3574 4.6126
2.2291 -2.0875 4.8814
8.9820 5.4942 25.1429
4.4375 -2.3350 5.9471
1.1259 -1.8541 5.3206
5.4152 -1.7386 8.6709
6.2627 -2.9214 6.8034
-1.2718 -1.9416 4.4042
4.5474 -1.6742 7.3250
5.5291 0.4366 13.0709
9.0507 0.1950 14.6234
7.4357 -2.3197 8.6798
-0.0177 -2.5983 3.8201
0.3404 -2.8132 3.5987
0.8771 0.8201 11.1483
5.8883 1.1327 14.6654
6.7171 -1.7850 9.3303
4.5184 6.4100 24.3898
-0.9323 0.8798 10.2224
2.1710 -1.1800 6.8180
5.6302 -2.2070 7.8617
3.5279 -0.2967 4.2518
6.2834 -2.6898 7.2768
3.7762 -1.7138 6.3395
6.2881 -2.7724 7.1151
1.4194 -1.9218 5.1135
6.7968 -2.6832 7.5866
4.8496 -2.5004 6.2864
5.9662 -1.5361 9.3926
7.1445 -1.8444 9.4587
2.9242 -2.7599 5.1972
-6.1556 2.5425 10.5188
7.0086 -2.4981 8.0778
7.3262 4.0582 21.3252
3.1231 -2.9311 4.9708
1.9706 -1.8318 5.4426
3.5786 -2.8637 5.3682
0.5907 -0.0648 9.2197
5.6949 -2.9214 6.4756
-11.2919 3.2261 8.9144
4.3211 -1.9537 6.1621
8.6236 -0.8953 12.2043
3.5781 -2.8745 5.3464
12.6633 2.2444 20.7935
1.5533 -2.6220 4.4577
3.8862 -0.4733 10.3090
-22.9542 5.2869 6.2854
4.9169 -1.8167 7.3089
7.2649 -2.4128 8.3958
0.0622 0.0615 9.1662
4.7489 -2.5881 6.2837
5.3282 -2.2283 6.7441
-0.7226 1.0034 10.5896
3.7884 -1.4328 6.8309
-2.0129 -0.3694 7.1091
5.9488 -1.5700 6.5881
1.4281 -1.6927 3.9781
-7.7439 3.3533 11.2170
0.5342 -0.1451 9.0270
6.9828 -2.3948 8.2686
-3.4142 1.1328 9.2931
-1.2149 -1.0739 6.1662
1.4732 -1.3605 3.7682
5.0222 -2.7160 6.4963
2.4003 -2.7349 4.9443
3.8463 -1.6342 6.6480
-13.3788 5.4928 12.2258
0.3975 -2.0695 5.1137
8.2193 -1.7070 10.3533
0.2695 -2.7535 3.6767
3.2322 5.4938 21.8214
4.8469 -2.5909 6.3463
3.1831 -2.0944 5.4956
7.0720 -2.0454 9.0163
3.2786 -1.2942 7.0125
2.4990 -2.7720 4.9274
2.8678 -2.2369 5.1008
1.9617 -2.1778 4.8066
5.5244 -0.3340 11.5328
-0.1235 -2.3384 4.2768
-3.7915 -0.6033 5.6158
7.6406 -1.5542 10.3235
-2.3736 -1.7223 4.2050
4.8044 -2.1028 6.5016
4.4256 -2.8474 5.8899
6.3614 -1.4425 9.8072
12.5476 4.5456 25.3119
8.6183 -1.0499 11.8930
0.0983 -2.6415 3.8011
-0.0283 -0.6347 7.7266
0.5530 -2.2385 4.8667
-12.3416 2.4402 6.7422
-4.7384 0.2891 6.8472
4.4290 -2.7661 6.0538
5.9693 -2.9363 6.6043
0.2674 -2.6960 3.7901
-1.4555 -2.0693 4.0438
3.7440 -0.2216 4.6803
0.6003 -0.3667 5.3776
1.3241 -2.0759 5.0011
-10.5390 1.4110 5.7326
2.9266 -2.8134 5.0919
5.5157 -1.2140 9.7742
3.4536 0.2267 4.7759
2.0791 -1.9169 5.1521
0.8549 -2.8303 3.8617
-0.2033 -2.4385 4.0312
4.8837 -1.7224 7.5039
4.9891 -2.7477 6.4140
1.5324 -2.0442 4.9441
1.3444 -1.9152 4.1238
7.0440 -1.8872 9.3153
-9.6548 3.9067 11.2161
-0.3660 -0.8948 7.0133
-16.0257 4.2137 8.1484
3.9394 -2.9162 5.4721
5.8291 -1.6240 9.1382
6.5977 -2.4815 7.8734
4.2999 -2.4451 5.9274
5.0214 -2.3944 6.3692
9.1984 0.7043 15.7236
-0.5647 -2.3851 3.9290
5.9280 -2.8021 6.8479
-18.6185 4.0572 6.3392
-2.8440 -0.3694 6.6292
2.9580 -2.8134 5.1100
-0.5200 -0.2603 8.1887
6.2620 -2.5142 7.6144
3.0213 -2.7781 5.2169
3.0823 -1.6510 6.3218
3.9976 -2.2636 5.6339
6.5152 -1.3633 10.0540
4.5257 -1.5110 7.6928
3.9548 -1.1686 8.9631
-0.5825 -1.7224 5.2392
-13.5450 5.0904 11.3281
3.3410 -2.7660 5.4256
3.9685 -2.9008 5.5195
3.3698 -2.9161 5.1432
3.3373 -2.8362 5.2837
-3.0809 1.0034 9.2277
3.5326 -2.8798 5.3095
2.9458 -2.4377 5.1570
5.3048 -2.4078 6.4773
2.3201 -2.9109 4.5473
-2.4461 0.3865 8.3652
1.1695 -2.6827 4.3375
6.2807 -2.8747 6.9069
4.1999 -2.2791 5.7600
7.1897 -2.2801 8.6167
9.6508 -0.3699 13.8444
2.7370 -1.3945 6.8071
8.2960 -1.4619 10.8861
3.8191 -1.3586 7.1989
3.5270 -0.2359 4.2915
5.3398 -1.8941 7.4637
5.6572 -2.2428 6.9380
0.6095 -2.8581 3.6647
0.1915 -2.2279 4.6789
5.5087 -1.2581 9.6823
3.2942 -2.6263 5.4717
4.0814 -1.5389 7.2001
2.4463 -2.5176 4.9099
4.2473 -2.1819 5.7176
3.6491 -2.8135 5.5090
2.2910 -2.2627 4.6468
1.9283 0.0615 10.2438
12.6319 2.8687 22.0194
3.3782 -1.6396 6.3086
3.4423 -1.1170 7.4190
2.9894 0.6486 12.0266
6.5482 5.2886 23.3277
3.1207 -1.9849 5.5362
3.5987 -0.3754 4.5830
1.4862 -2.4886 4.3464
-7.6129 -0.0645 4.4824
1.6213 -1.8816 5.1152
-7.9223 1.1329 6.6896
4.8461 -2.8474 6.1327
3.5199 0.3127 4.9127
3.4817 -2.8249 5.3896
3.6929 -0.3606 4.3400
4.7757 -1.7934 7.2760
1.6015 -2.2952 4.4591
2.1005 -2.7959 4.6497
1.1724 -1.2561 6.1571
7.9768 3.4851 20.5590
7.8465 -1.6070 10.3373
0.1044 -2.5297 4.0273
-5.5333 -0.1840 5.4453
-19.9417 6.1637 9.7723
3.0703 -2.8798 5.0426
2.9268 0.4880 11.6704
6.3184 -1.3633 9.9404
3.0068 -2.8362 5.0929
0.7824 -2.8303 3.8198
-1.9440 -1.3628 5.1694
3.2563 0.3564 4.7876
-0.2975 4.0579 16.9216
1.9650 6.6657 23.4247
12.1520 3.7618 23.5217
3.4150 -1.6861 6.2336
0.1070 -0.9739 7.1290
3.6118 -2.3702 5.5268
2.6945 -2.1667 4.9755
6.7043 -1.6069 9.6778
-0.1171 -1.8867 5.1805
7.1153 -0.2976 12.5240
3.4719 -1.3778 7.0155
-0.8416 -2.3851 3.7691
-0.4317 -1.8293 5.1133
3.2996 -2.2284 5.2948
-3.5748 -0.4045 6.1371
4.6473 -0.7551 10.1871
2.5849 -2.0311 5.0693
6.7092 -1.4034 10.0860
4.5381 -2.1826 5.8874
5.7051 -1.9948 8.3278
3.5725 0.1127 4.9267
6.7989 -2.4391 8.0742
3.7305 0.0183 5.0361
-3.1311 0.7046 8.6034
1.7251 -0.6958 8.6175
4.6727 -2.9009 5.9261
3.0643 -2.2585 5.0822
7.1669 2.6480 18.4234
1.3784 -1.4049 5.9201
6.4373 -2.8801 6.9866
2.5466 -0.6348 9.2135
7.1255 -2.6135 7.9152
2.9591 -1.6316 6.4668
2.2839 -1.6761 5.6137
-11.8306 1.8842 5.9294
-1.5285 0.4368 8.9952
7.1224 -2.4732 8.1930
4.7316 -2.7722 6.2164
2.7155 -0.5067 9.5664
6.5921 -2.3197 8.1927
3.5075 0.1497 11.3318
8.0604 -1.7698 10.1364
6.6261 -2.9655 6.9255
-1.0878 0.1499 8.6781
4.6298 -2.2110 6.0161
-1.8539 -1.0979 5.7492
-4.5933 0.5941 7.5387
-5.9343 -0.3692 4.8446
3.9090 -1.4197 7.1298
-6.2119 -0.1840 5.0535
0.2575 -2.5760 4.0235
8.2300 -1.3222 11.1263
4.3285 -2.1982 5.8080
1.2593 -2.7840 4.1876
1.3779 -2.3854 4.3355
3.9864 -2.1194 5.8753
1.8346 -2.4129 4.4865
6.0802 -1.2313 6.3594
-1.9631 -1.7995 4.2882
-0.1432 5.9315 20.7441
3.7813 -2.8362 5.5401
3.7219 -0.0670 5.0500
-19.6428 5.7066 9.0341
3.3180 -2.0477 5.8296
6.6051 0.5938 14.0057
6.5144 -1.5179 9.7455
11.0025 1.1326 17.6189
-1.8612 0.0616 8.0555
9.8939 1.5605 17.8313
3.6296 -0.1436 4.2882
-1.4708 -1.2358 5.6957
3.8896 -2.8583 5.5585
3.3788 -2.9059 5.1688
0.2242 -2.0815 4.9896
2.5617 -0.1452 10.1978
4.6139 -2.0942 6.4521
5.9563 1.5606 15.5573
-10.0160 1.0035 5.2227
-1.0866 -2.1847 4.0269
1.4045 -1.6115 3.8960
2.6054 -1.7257 5.8192
4.2804 -2.7961 5.9083
3.3877 0.1824 4.7486
1.0444 -2.9650 3.7029
1.4110 -1.6564 4.0078
3.9703 -2.1541 5.5453
5.0429 -1.0983 9.7317
-7.8784 1.5607 7.5674
2.7144 -0.3696 9.8389
1.1850 -1.9480 4.9580
-6.5129 0.6488 6.5391
6.4504 -2.6207 7.5111
4.9880 -2.1217 6.7605
6.5769 -2.1631 8.4959
6.6674 -2.7904 7.2983
-5.0612 0.3866 6.8550
4.1831 -2.0656 5.8606
4.3379 -2.8078 5.9183
2.5128 -2.1844 4.8190
1.4922 -1.3824 3.8665
3.4831 -0.8950 9.2359
-1.8944 -1.0245 5.8722
-2.0883 -0.0647 7.6727
-0.5817 -1.9282 4.8297
6.2025 -2.5689 7.4710
5.9305 -2.3389 7.7723
-1.0410 -2.2995 3.8246
7.6823 -1.4232 10.6087
-2.4036 1.0673 9.7463
6.6573 -2.6628 7.5466
3.4476 -1.4902 6.7038
2.9470 -2.0412 5.5420
3.1454 -1.8716 6.0901
9.6415 -0.2607 14.0566
4.1321 -2.4969 5.8643
5.7287 -2.6696 6.9968
5.5514 -2.3480 6.7137
1.1292 -1.8565 5.3358
-4.4974 -0.2224 5.9671
0.8584 -1.7405 5.1892
1.9307 -1.7838 5.4936
0.1051 -2.7220 3.6445
2.2600 -1.6833 5.7426
1.1399 -1.8709 5.3293
1.3069 -2.0269 4.1170
-4.3367 0.5941 7.6869
-13.5653 2.9838 7.1187
3.5253 -1.5836 6.5599
2.2363 -2.5890 4.8354
0.8237 -1.5313 5.5763
8.5354 -0.1454 13.6474
13.2793 5.4945 27.6253
0.0482 -2.0694 4.9120
-8.1219 2.3409 8.9813
-0.4011 -2.5760 3.6432
0.6661 -2.6894 4.0335
5.9974 -1.5273 6.5034
-0.6547 -1.8726 4.8983
1.3875 -1.8408 4.0487
1.9749 -2.8850 4.3996
2.9666 -0.5067 9.7114
3.9087 -0.2204 4.3512
-0.0567 1.4848 11.9336
-3.9441 1.4110 9.5413
-0.0804 -0.8401 7.2872
2.8440 -2.4984 5.1242
0.1258 -2.6893 3.7216
-3.6575 -1.3829 4.1398
2.1048 -2.8902 4.4642
7.6386 -1.9287 9.5760
2.3109 -2.9555 4.4532
6.9609 -1.3428 10.3521
-14.8369 2.4402 5.3010
3.2068 -2.9110 5.0593
6.0315 1.3387 15.1587
4.8559 -2.9509 5.9322
4.1074 -1.7111 6.4334
6.6661 -2.2389 8.3963
2.2686 -2.1341 4.8139
2.0525 -1.7081 5.4872
5.2545 0.5403 13.1190
5.2547 -1.1221 9.8065
1.9987 -1.8992 5.2785
1.6033 -1.6365 5.5981
4.6985 -2.9313 5.8804
-6.0036 -0.3335 4.8759
3.9468 -1.7143 6.5269
3.4079 -1.0392 7.4581
4.1171 -0.8950 9.6020
3.7656 -0.5719 10.0430
4.3457 -2.2630 5.8334
7.2876 -1.9949 9.2415
-0.0606 6.9338 22.7891
0.7532 -2.7473 3.9683
2.7445 -2.4809 5.0553
4.7847 4.0581 19.8572
4.6184 -2.9605 5.7759
1.5557 -2.8902 4.1471
10.7379 3.9074 22.9952
1.7891 -2.7598 4.5418
4.5959 -1.7722 7.1439
5.1786 2.5426 17.0650
5.5733 -2.9061 6.4358
3.7158 -1.3618 6.9489
5.6501 -2.7843 6.7228
4.9440 -2.2299 6.4894
-2.0024 -1.9550 3.9558
2.8612 -2.2346 5.1240
-0.3588 -1.8726 5.0691
8.7819 1.0032 16.0786
-12.8125 2.8683 7.3234
-4.9461 -0.8674 4.4226
3.7468 -0.0863 5.0682
0.5690 -0.3667 5.3595
-1.9347 0.2890 8.4662
-0.6277 2.0593 12.7485
1.4148 -1.7005 5.3634
-5.6660 -0.2601 5.2171
6.0938 -2.8531 6.8421
-0.0351 2.1505 13.2726
2.1684 -2.5716 4.7858
1.9854 0.1498 10.4528
7.5870 -1.6908 10.0205
6.6426 -1.1457 10.5612
8.4057 -1.1917 11.4877
7.0165 -2.5381 8.0026
6.9831 -0.2976 12.4477
1.1681 -1.6441 5.5260
2.0188 -2.2335 4.6349
4.2031 -1.8667 6.1676
0.4854 -0.7522 5.5686
0.3989 0.4367 10.1083
-2.2805 -0.7254 6.2451
5.1628 -1.7514 7.7402
3.8421 -0.2326 4.3188
0.2142 -2.6057 3.9393
-1.0542 -1.6064 5.1979
10.6143 2.3410 19.8025
6.3000 -1.6578 9.3429
5.1447 -2.7095 6.5800
12.8258 6.1661 28.7018
-4.2883 -0.5064 5.5221
-26.0979 6.4076 6.7028
0.1595 -2.6893 3.7411
-1.1700 -2.2278 3.8928
5.1566 -2.9213 6.1648
6.0860 -2.2699 7.9997
2.0377 -0.5066 9.1750
1.9971 -1.3932 6.3645
2.6759 -1.0406 7.2306
7.7498 -1.0250 11.4411
5.1184 -2.3169 6.4480
0.4515 -2.6623 3.9635
4.8165 -1.3660 8.1376
2.1450 2.0593 14.3498
5.6678 3.6209 19.4962
5.0656 -2.6046 6.4748
-5.7932 0.5406 6.7391
6.6302 1.8000 16.4236
4.9193 -2.8746 6.1208
-0.9999 -1.4227 5.5954
0.7434 -0.8949 7.6539
9.0466 -0.1846 13.8647
1.2749 0.0186 9.7810
8.2974 -0.7259 12.3533
-2.7532 -1.7537 3.9233
13.4345 3.3538 23.4493
5.3350 -2.3779 6.4813
11.3239 2.7567 21.0407
3.3680 0.1645 4.7415
6.7768 -2.8640 7.2147
-9.4550 1.0675 5.6741
2.1136 0.6486 11.5208
7.5927 -1.6070 10.1907
3.0093 -2.5698 5.2673
1.3795 -2.3478 4.2741
2.9735 -2.3719 5.1624
5.5607 -0.7840 10.6570
1.6547 -2.4375 4.3832
-3.5370 1.8841 10.7192
7.4899 -0.3340 12.6678
12.4098 4.0584 24.2615
7.5325 -0.4735 12.4145
6.9608 -0.6961 11.6408
0.8178 -1.4178 5.7569
-2.2201 -1.2577 5.2195
6.6739 -0.6961 11.4751
0.0286 -2.3851 4.2716
1.1457 1.8000 13.2561
-8.3236 2.0593 8.3038
2.3586 -2.6693 5.0510
3.6003 -2.3729 5.4973
6.0710 -1.2128 6.3753
-2.1287 -1.1683 5.4503
-0.1172 -2.4472 4.0637
2.4563 -0.1054 10.2163
3.6285 -2.8745 5.3755
2.1642 0.2416 10.7390
4.1954 -1.7462 6.6786
3.8574 0.5404 12.3122
3.7886 -2.0299 5.7596
0.9649 1.0673 11.6916
0.0963 -2.6057 3.8713
-2.2477 -1.9416 3.8408
-8.5786 2.6479 9.3293
3.9138 -1.1642 7.9664
-8.3461 4.3762 12.9075
-0.6657 -1.9551 4.7276
6.9088 -2.5841 7.8488
3.0667 -2.8851 5.0300
10.5196 0.2886 15.6583
-0.0329 -2.6273 3.7535
3.5800 -0.2454 4.2741
6.4080 -0.5720 11.5688
-0.6773 -2.4298 3.7749
5.6051 -2.8475 6.5709
7.3900 -0.1845 12.9081
0.7926 -2.8016 3.8829
2.0162 -2.7598 4.6729
0.6870 -1.3479 6.0846
0.3334 -2.3192 4.5790
1.8835 -2.7157 4.6842
-2.8216 -0.6346 6.1136
0.6439 -2.6130 4.1729
5.5425 -2.7540 6.7212
1.0689 6.4097 22.3970
1.3188 -2.9409 3.9094
2.1932 -1.5567 5.9711
5.4878 -2.3390 6.6858
-1.2382 -1.0494 6.2016
-0.0332 -2.0449 4.9138
4.4659 -2.8136 5.9806
7.5761 -2.1175 9.1638
0.2337 -2.6960 3.7707
3.5462 -0.3113 4.2649
1.2921 -1.9524 4.0587
-0.8935 -2.0694 4.3682
6.7367 -2.5765 7.7644
-6.0678 -0.1449 5.2146
-2.7776 -0.5716 6.2646
7.4505 -2.2700 8.7875
5.6410 -2.8079 6.6706
7.4014 2.0593 17.3856
-3.1487 -0.0646 7.0604
-0.4108 -2.0199 4.7456
1.7915 0.5939 11.2258
2.7141 -2.0819 5.2701
-6.1552 0.2892 6.0290
1.5985 -2.3597 4.4937
4.8569 -2.7288 6.3753
7.0593 -0.5069 12.0747
-2.9068 6.6653 20.6102
3.9940 1.6383 14.5789
4.8955 -2.3635 6.2220
-1.9147 -0.2225 7.4585
0.2551 -2.7284 3.7184
6.9783 -2.7416 7.5750
3.5495 -0.2413 4.3115
3.9644 -1.9877 5.9378
8.8911 -0.9999 12.1503
-9.1597 3.1030 9.9007
1.3575 -2.1143 4.9396
-6.6733 1.9705 9.0801
0.5015 -1.3179 5.8163
-2.7172 -0.9478 5.5499
0.0256 -2.6057 3.8304
6.6805 -2.9062 7.0750
0.6340 -2.4033 4.5850
5.6526 -2.2283 7.8321
1.2403 -2.1994 4.1937
-1.3222 -1.6405 4.9752
-8.2063 1.1329 6.5256
-0.6872 0.0187 8.6480
3.0107 -1.0194 7.2381
4.3081 -2.4624 5.9437
7.9734 -1.6070 10.4106
-0.4360 -2.1848 4.4025
1.7290 -2.9109 4.2060
-0.9214 -0.3337 7.8106
5.0886 -2.9112 6.1458
1.6096 -1.7010 5.4795
1.7244 -2.8248 4.3750
-0.8508 -2.3288 3.8760
6.6511 -0.9482 10.9595
6.3181 -0.7552 11.1519
-14.6378 2.3408 5.2181
-7.6519 0.4369 5.4590
6.2003 -1.5541 9.4919
6.9942 -1.4994 10.0594
3.5435 0.3688 5.0006
4.6821 -2.4313 6.1443
5.2539 -2.0404 7.1330
-7.2807 -0.0232 4.7565
2.4830 -2.2185 4.7346
6.4860 -2.6764 7.4205
2.6418 1.0033 12.5326
3.2598 -1.7163 6.2323
2.4421 2.8686 16.1340
3.8980 -2.3946 5.6917
3.6529 -0.1153 4.2963
4.0597 -1.6203 6.6765
3.7361 -1.1180 7.6352
7.5457 3.1034 19.5494
6.6351 -1.7229 9.4068
6.1095 -2.5840 7.3873
3.3449 -2.0542 5.6295
-1.0866 -1.0494 6.2891
-8.7266 0.4883 4.9407
1.5795 4.3766 18.6408
2.4176 -2.7537 4.9170
-0.1145 -2.6273 3.7064
-4.7592 -0.4044 5.4532
3.8811 -2.5154 5.7331
-0.4926 -2.5137 3.7144
3.1308 -2.1849 5.3143
1.3280 -2.7958 4.2037
3.4612 0.3407 4.8735
6.8394 -2.6965 7.5846
-1.8909 -1.3423 5.2409
-1.2818 -1.9943 4.2935
-0.2971 -2.4122 4.0296
-0.6025 -2.3759 3.9254
-13.0796 1.9705 5.3801
1.7477 -2.7720 4.4936
4.6266 -2.0490 6.6938
2.5484 -2.9603 4.5807
4.6337 -2.1721 6.0757
0.7645 -1.4830 5.6129
1.0142 -2.7839 4.0461
6.7613 -2.8959 7.1423
2.7864 -2.2519 5.2334
1.0459 -1.7986 5.1526
-0.1761 -1.6406 5.6370
2.4549 5.0913 20.5704
-11.9265 5.4929 13.0648
-3.9567 0.0617 6.8454
4.9259 -2.2471 6.2833
3.2087 0.0185 10.8977
-1.0970 -1.4030 5.5786
2.7641 -2.1194 5.2921
-6.0576 -0.2224 5.0661
-1.3818 -1.9550 4.3141
2.5940 -2.5334 5.0303
1.4483 -2.5751 4.3505
8.0968 -1.7070 10.2826
4.9500 -2.8905 6.1069
2.7677 -1.1186 7.1046
4.7025 -2.0006 6.8914
-0.2689 -2.2896 4.2902
6.0637 -2.8364 6.8579
3.5465 -1.1675 7.2336
1.3694 -1.8872 4.0803
-11.2105 1.8001 6.1200
0.0687 -2.7091 3.6493
4.8825 -2.1266 6.6245
1.1467 -2.7719 4.1466
3.3547 0.3473 4.7844
2.6002 2.0593 14.6127
3.5431 -1.8262 6.1729
5.9433 -2.9314 6.5991
1.9583 -1.5533 5.9501
3.4821 0.7935 4.8638
3.8512 -0.1958 4.5236
2.7438 -2.9311 4.7518
1.8997 -2.0898 4.8708
7.4118 -0.1454 12.9986
3.6656 -0.2756 4.3253
16.3628 5.7089 29.8335
-22.1059 6.9319 10.0532
3.3772 6.6658 24.2405
-2.7427 5.7077 18.7968
2.0080 -1.6474 5.7906
6.2411 -2.1631 8.3020
0.2086 -2.7779 3.5929
2.2892 -2.6761 4.9974
-14.1581 3.4845 7.7740
3.8418 2.0593 15.3298
-16.4725 5.4926 10.4387
5.8854 -2.2493 7.9248
5.3678 -2.4317 6.5128
2.8264 -1.6474 6.1496
6.3766 -2.8079 7.0953
1.2731 -0.2974 9.1504
-1.8059 -2.0198 3.9400
3.7768 -2.2487 5.4688
6.0978 -2.4980 7.5519
-0.6834 -2.3851 3.8605
-5.2198 -0.8674 4.2646
-15.0907 2.8683 6.0076
-7.9396 0.6489 5.7152
5.1547 -2.7224 6.5600
1.4956 -2.8247 4.2429
3.9188 -1.1221 9.0352
2.6212 -2.7900 4.9621
4.7868 -0.7258 10.3261
0.2192 0.5940 10.3179
6.5312 -2.9559 6.8898
-1.0471 -1.9814 4.4549
5.4683 -2.9264 6.3348
4.9116 -2.7224 6.4197
1.2197 -2.3079 4.3407
5.0419 -2.8136 6.3132
-0.3756 -0.1842 8.4237
3.1611 -2.0545 5.7133
0.0095 -2.6759 3.6812
5.7482 -1.9011 8.5393
-2.1140 5.2881 18.3239
2.6742 -2.1658 4.8611
