ply
format ascii 1.0
element vertex 10000
property float x
property float y
property float z
end_header
0.9574 -0.7269 4.6063
12.3212 -2.8090 7.0433
12.2048 -3.2039 6.1934
6.9529 -2.8642 3.8334
2.4991 -0.1312 6.6773
8.0755 -3.0946 4.0252
10.3069 -3.2893 4.9280
2.9125 -1.1210 4.9544
9.2343 -3.3379 4.2123
9.6365 -2.9038 5.3048
9.4084 -3.1604 4.6645
9.2850 -3.2201 4.4750
10.3008 -0.5745 10.3045
9.6840 -2.8088 5.5206
11.5379 -2.8089 6.5910
9.8229 -3.3889 4.4512
10.0449 -2.1199 5.5734
4.8730 -2.2235 3.9019
10.8211 -3.1143 5.5718
11.8086 -1.1793 9.9768
7.0106 -3.0218 3.5543
7.3111 -3.1602 3.4537
8.5002 -3.1692 4.1226
10.4943 -3.0330 5.5441
10.2005 -2.0400 6.0753
10.0332 -3.1142 5.1169
3.2507 -1.6625 4.0766
5.9456 -1.6627 5.6326
10.5206 -2.7176 6.1844
5.7797 -2.4383 3.9999
13.7316 -0.4935 12.4465
13.4400 -2.1421 9.0110
6.4235 -2.5599 4.1306
8.5003 -3.0540 4.3508
10.4454 -3.3446 4.8984
10.4513 -3.0948 5.3968
10.8456 -3.1424 5.5302
7.6860 -2.7333 4.5163
10.9749 -3.3314 5.2305
3.3270 -0.3200 6.7812
7.6818 -2.1822 4.7605
8.0900 -3.1951 3.8344
11.6010 -1.8552 8.5174
11.9179 -3.3578 5.7227
9.8713 -0.5745 10.0564
3.9817 -0.5742 6.6555
8.6131 -2.3122 4.8673
10.9578 -2.0112 6.7702
10.6101 -3.0437 5.5898
10.2823 -3.3380 4.8173
8.8132 -3.4008 3.8444
11.1135 -2.0915 7.0248
11.3308 -1.2889 9.4836
10.0367 -3.4185 4.5160
9.0509 -2.7334 5.3043
7.8820 -3.1044 3.8940
12.4262 -1.9249 8.8558
14.2674 -0.8689 12.0120
9.2076 -1.8542 5.4084
2.8162 -0.5742 5.9825
13.0493 -2.5979 7.8821
9.3001 -1.1419 7.1775
7.9482 -3.1513 3.8393
8.4721 -2.9289 4.5826
8.9727 -3.2892 4.1577
11.0369 -3.0000 5.9229
6.6472 -2.5788 4.2224
10.0836 -2.8231 5.7230
10.9573 -1.9875 6.8131
7.6360 -2.2463 4.6274
11.5163 -2.7944 6.6073
13.4677 -1.9250 9.4572
7.6129 -3.2669 3.4166
10.9884 -2.1093 6.6512
8.0127 -2.8507 4.4721
12.0049 -3.4129 5.6638
9.0495 -2.7794 5.2124
5.6809 -2.3481 4.1214
10.6307 -3.3704 4.9543
2.1715 -1.1787 4.4121
11.1252 -3.4186 5.1445
1.8814 -0.0301 6.5207
10.0289 -3.2893 4.7675
12.1777 -2.9887 6.6041
6.7185 -2.9162 3.5949
5.8639 -1.4874 5.9330
11.0576 -1.7470 7.5498
2.2028 -0.5741 5.6283
10.6917 -3.1953 5.3365
9.6044 -3.1514 4.7955
10.6109 -3.1238 5.4316
8.3858 -3.3765 3.6458
9.6784 -3.3379 4.4686
10.8474 -2.9535 5.9057
12.1165 -2.9772 6.5916
11.1901 -1.1215 9.7341
11.9577 -3.3315 5.7979
0.9955 0.1867 6.4388
6.8474 -1.3372 5.8511
12.2411 -2.8780 6.8602
12.0302 -3.2895 5.9230
8.3392 -3.1603 4.0472
11.9534 -3.0113 6.4299
8.1187 -3.0946 4.0501
8.6253 -3.2440 4.0467
7.6802 -2.7012 4.5765
10.0637 -3.2120 4.9408
4.1492 0.1866 8.2599
10.7283 -2.9535 5.8369
9.1524 -3.4126 4.0170
9.6899 -3.1331 4.8813
11.6545 -3.3891 5.5086
3.2507 -1.0612 5.2682
14.4029 -1.5338 10.7726
9.6991 -3.3703 4.4164
12.1136 -1.3411 9.8323
8.7998 -3.3244 3.9881
9.2023 -3.3511 4.1677
11.8769 -3.0949 6.2199
8.5536 -2.9037 4.6796
8.1696 -2.8086 4.6463
-1.9869 0.0758 4.4965
8.2568 0.1865 10.6320
11.4863 -3.2597 5.6679
5.8484 -2.5010 3.9153
11.0121 -3.1782 5.5555
10.0178 -3.2037 4.9308
10.2802 -3.2441 5.0022
12.4744 -2.5412 7.6624
8.9534 -1.4692 6.0755
9.6526 -3.3312 4.4671
10.8047 -2.4016 6.2028
8.3922 -2.7489 4.8930
12.7021 -0.4087 12.0198
8.4891 -3.4125 3.6340
8.2694 -2.8369 4.6477
7.6947 -1.1022 6.6732
10.0225 -2.2344 5.6338
11.1469 -2.3626 6.3796
5.9774 -1.9245 5.1322
12.2155 -3.2895 6.0299
13.1056 -2.4602 8.1875
12.9820 -0.9355 11.1376
12.5382 -3.0001 6.7897
7.0645 -1.8195 4.9756
11.9863 -3.2284 6.0186
9.5665 -3.2746 4.5296
9.1500 -2.9289 4.9740
4.1576 -1.9904 3.9506
11.0553 -3.1143 5.7070
10.9466 -3.0543 5.7632
6.2330 -2.7791 3.5862
8.5471 -1.9846 5.2789
10.1474 -1.9358 6.2794
3.6999 -1.8547 3.9553
10.2335 -3.3446 4.7760
12.5138 -3.1240 6.5303
9.4919 -3.3446 4.3478
11.2941 -3.1869 5.7012
10.9373 -3.2966 5.2776
11.4657 -2.3137 6.5931
12.6300 -1.8553 9.1115
0.6616 0.0757 6.0260
0.9515 -0.2276 5.5924
6.4338 -2.4165 4.4208
12.8863 -2.0537 8.8663
1.8786 0.0757 6.7288
3.2229 -0.2277 6.9040
5.3046 -1.8548 4.8818
8.8095 -3.3106 4.0211
11.1138 -3.3705 5.2332
11.6958 -1.9583 8.3678
8.8810 -3.0847 4.5099
9.0818 -3.2281 4.3417
5.4856 -0.7991 7.0783
9.5735 -3.3106 4.4622
14.5727 -0.7276 12.4683
10.3084 -3.1515 5.2020
8.8534 -3.2200 4.2258
6.7639 -0.2278 8.9488
-0.5072 -0.1310 4.9413
8.5233 -3.2118 4.0515
6.4987 -2.7792 3.7396
8.2143 -3.3764 3.5468
9.5159 -1.9518 5.2821
11.6728 -3.1144 6.0636
10.2634 -1.7086 7.1115
8.6493 -3.1141 4.3179
7.7279 -3.1865 3.6423
8.3607 -2.2200 4.8806
8.9857 -3.3379 4.0687
4.5923 -1.0613 6.0428
12.6347 -2.9536 6.9376
11.7067 -3.0001 6.3096
9.7460 -3.1693 4.8418
9.2916 -2.9885 4.9378
7.6593 -1.9310 5.2937
9.9212 -3.4184 4.4494
8.8264 -3.2594 4.1322
9.7452 -2.9165 5.3424
1.7983 -0.9992 4.5523
10.1295 -2.9886 5.4215
9.7407 -3.1423 4.8923
10.9130 -3.2120 5.4312
9.9268 -2.4415 5.7178
0.8044 -0.4082 5.1495
6.7046 -2.9287 3.5621
3.1843 -0.5742 6.1950
9.9622 -2.7942 5.7100
9.0803 -3.0220 4.7492
8.3925 -1.7581 5.6204
12.6723 -2.8233 7.2176
11.4189 -2.4881 6.6153
10.6697 -3.1046 5.5035
3.3342 -0.4930 6.4425
6.9361 -1.6617 5.1561
13.0007 -0.5746 11.8635
6.3248 -2.0223 5.1391
6.1179 -2.0532 4.9583
11.0790 -2.1217 6.8599
4.1658 -0.5742 6.7618
9.8429 -2.9165 5.3988
7.8644 -3.1422 3.8090
5.2901 -2.2751 4.0406
7.4482 -2.1331 4.6866
11.1536 -3.3314 5.3336
4.3455 -1.6207 4.7917
9.9015 -3.3828 4.5087
7.6126 -2.3409 4.4380
10.4201 -2.8231 5.9173
8.6706 -3.1141 4.3302
10.7877 -3.0330 5.7136
4.7598 -1.7428 4.7892
12.9197 -2.2757 8.4458
12.0763 -3.3382 5.8531
13.5865 -2.1421 9.0956
6.8176 -2.7792 3.9237
9.4674 -3.0436 4.9301
12.8411 -2.6851 7.5889
14.2190 -0.7276 12.2641
11.3320 -2.9166 6.2585
11.3492 -3.3890 5.3324
14.9375 -0.1316 13.8600
11.0191 -2.0250 6.9945
3.0004 -1.3406 4.5701
9.8952 -3.3766 4.5173
12.1388 -3.3109 5.9433
12.6427 -2.5216 7.7985
10.4534 -3.3245 4.9429
14.9835 -0.2281 13.6953
12.4923 -3.0648 6.6351
9.7091 -3.4068 4.3500
11.2663 -3.1238 5.8100
9.9562 -1.9545 5.6433
9.2409 -2.3559 5.2634
6.7357 -0.1313 9.1238
8.1364 -2.8908 4.4643
4.5176 -1.5776 4.9766
11.6936 -3.4070 5.4957
12.7390 -2.8090 7.2845
7.0938 -2.7488 4.1434
9.6368 -1.8266 5.5449
12.0586 -3.2122 6.0926
6.2065 -2.7791 3.5709
11.4417 -3.1047 5.9493
11.2855 -3.3038 5.4646
11.7033 -3.3381 5.6377
7.6736 -2.8086 4.3598
11.8722 -3.4129 5.5872
7.1635 -3.0108 3.6644
12.3023 -1.5781 9.4716
7.8425 -3.1329 3.8147
8.2363 -2.7012 4.8975
12.0470 -3.3315 5.8495
13.8892 -1.3917 10.7575
3.7809 -1.6626 4.3827
9.4121 -2.8508 5.2802
11.1665 -3.0749 5.8494
9.5695 -2.7334 5.6037
7.0462 -0.7992 7.9795
10.4924 -3.3313 4.9519
5.0714 -1.2346 5.9761
9.0148 -2.7013 5.3470
6.5682 -2.7011 3.9344
13.3832 -0.9998 11.2418
8.7384 -2.9289 4.7364
12.6990 -2.9168 7.0479
9.5418 -2.4854 5.5257
8.0217 -2.3109 4.5229
9.5896 -3.3379 4.4174
11.9769 -3.0438 6.3790
4.3847 -2.1127 3.8394
8.6303 -3.1951 4.1464
13.1483 -1.3412 10.4297
4.2085 -1.4399 5.0709
12.2091 -2.1133 8.3572
8.5918 -2.3992 4.9198
9.4177 -2.9533 5.0802
9.8821 -2.9999 5.2562
8.1316 -3.3510 3.5495
9.9283 -3.2595 4.7684
10.5970 -3.2120 5.2487
9.3564 -2.7942 5.3602
11.7676 -1.5336 9.2510
9.9357 -3.1515 4.9868
3.8886 -0.8683 6.0189
11.3801 -3.0949 5.9331
3.1798 -1.6207 4.1186
5.9095 0.1865 9.2765
8.4678 -3.3445 3.7566
8.0103 -2.3443 4.6762
7.7331 -2.2418 4.6705
11.5343 -2.9654 6.2787
11.8449 -3.2895 5.8160
9.9030 -2.9653 5.3368
7.6185 -2.9036 4.1397
9.8580 -2.9038 5.4327
10.6198 -2.2194 6.0977
9.6631 -1.5823 6.1895
7.6341 -2.8643 4.2267
10.8504 -2.2474 6.3940
7.4641 -1.4916 3.9320
12.4061 -3.2364 6.2452
8.1047 -2.9884 4.2525
9.1490 -3.1514 4.5326
10.2112 -3.3380 4.7763
10.8033 -2.7795 6.2250
3.1824 -0.1312 7.0718
6.5538 -2.7173 3.8940
6.9757 -2.6847 4.2024
9.8976 -1.9746 5.4830
8.0506 -3.1779 3.8457
6.0364 -2.3714 4.2806
11.1754 -2.7796 6.4398
12.2844 -3.3109 6.0273
7.0126 -2.7488 4.0965
9.9926 -2.1228 5.5512
9.4834 -1.8045 5.6269
7.8364 -3.2439 3.5912
12.3375 -3.1517 6.3735
12.0052 -3.3578 5.7731
9.6075 -2.7794 5.5346
8.9510 -3.0110 4.6965
9.9712 -3.1953 4.9205
10.4776 -2.9166 5.7652
12.3931 -2.4388 7.8184
9.8662 -2.6849 5.8713
11.0256 -0.9509 8.3313
12.6960 -2.5978 7.6781
8.8652 -1.9274 5.3724
11.3038 -3.3038 5.4751
8.2542 -2.9289 4.4568
9.4279 -2.9165 5.1592
4.0406 -0.7991 6.2440
3.5158 -1.6625 4.2297
7.8434 -0.4932 9.0464
10.6649 -2.5287 6.2012
11.3575 -3.0112 6.0859
8.5654 -2.3992 4.9046
14.1457 -1.0618 11.5593
6.2243 -2.6332 3.8703
9.9847 -3.2120 4.8952
5.0485 -2.2751 3.9011
9.7139 -3.0436 5.0724
10.8550 -3.3704 5.0838
10.4733 -3.4010 4.8029
4.3171 -1.8547 4.3116
3.6738 -1.1788 5.2796
12.3919 -2.0537 8.5808
9.0854 -0.9353 8.8875
10.6905 -3.0000 5.7229
9.1938 -2.9652 4.9274
8.3729 -3.3639 3.6633
6.2172 -2.7641 3.6069
11.3226 -3.3642 5.3663
9.9796 -3.2965 4.7247
13.2387 -2.1974 8.7851
11.1651 -2.8779 6.2389
8.9046 -1.1744 6.5422
12.8720 -2.0228 8.9194
5.3768 -1.6208 5.3872
10.9387 -1.2534 8.4835
10.9021 -3.0543 5.7376
11.7559 -1.5781 9.1561
10.4530 -2.7644 6.0526
10.4873 -1.5301 7.5121
6.4726 -2.8085 3.6664
12.4384 0.1863 13.0467
8.6396 -2.8087 4.9176
12.1414 -3.2895 5.9872
11.6866 -3.2748 5.7537
12.0308 -3.2673 5.9672
8.9052 -3.0110 4.6700
11.0499 -3.2442 5.4466
5.6364 -2.5788 3.6387
11.8798 -3.2673 5.8800
10.4066 -3.3380 4.8891
0.3355 0.1867 6.0576
7.4902 -1.4547 3.8861
9.2781 -1.9580 5.2638
10.8566 -3.2363 5.3505
10.9405 -3.3577 5.1584
9.2363 -2.4413 5.3188
9.1609 -2.4589 5.3161
11.0550 -1.7930 7.3466
9.4838 -3.3889 4.2554
8.2158 -1.7194 5.7432
4.7563 -1.7033 4.8654
7.2806 -2.2187 4.2535
11.7921 -2.8232 6.7094
10.2399 -2.9770 5.5082
10.2410 -3.1424 5.1811
8.2559 -3.3444 3.6342
2.6249 -1.4872 4.0627
7.7528 -3.3034 3.4250
9.6789 -3.0542 5.0313
12.0790 -1.4187 6.4705
10.9926 -3.3037 5.2955
12.4727 -2.4170 7.9076
12.2255 -3.1607 6.2910
15.5814 -0.4089 13.6825
8.2697 -2.9769 4.3706
7.3935 -1.7783 4.0556
4.7075 -2.0222 4.2052
11.9675 -3.2520 5.9609
8.7183 -3.1045 4.3769
9.0955 -2.7490 5.2991
10.9107 -3.1782 5.4969
7.8932 -2.4482 4.5596
9.2337 -1.2104 6.5652
10.7950 -3.3246 5.1400
9.5487 -1.2616 6.9104
9.1756 -2.6680 5.5058
7.1501 -3.0643 3.5507
2.9842 -1.3910 4.4608
9.7177 -2.7491 5.6584
7.2692 -2.7792 4.1845
10.5018 -3.0542 5.5064
9.8715 -1.8062 5.8579
11.9070 -3.1144 6.1988
1.4159 -0.9992 4.3315
12.0656 -3.2039 6.1131
12.5465 -3.0950 6.6065
8.0938 -2.7642 4.6904
9.0325 -3.1141 4.5392
6.7405 -2.8506 3.7376
10.4025 -2.1792 5.8629
9.7761 -0.9996 9.1589
9.8832 -3.2518 4.7576
0.8163 -0.6520 4.6732
8.6997 -2.8508 4.8688
9.6252 -2.8909 5.3239
12.0412 -1.7816 8.9174
7.9378 -3.3378 3.4637
9.6820 -2.7014 5.7323
11.2533 -0.2029 7.9626
11.0445 -3.3767 5.1808
11.8698 -2.8232 6.7543
7.9105 -3.2035 3.7141
7.7962 -3.1044 3.8445
11.2633 -3.2363 5.5854
12.5571 -1.3411 10.0883
9.2859 -2.5295 5.4070
4.7555 -2.1127 4.0535
10.4409 -3.3704 4.8447
3.5583 -1.7427 4.0954
6.5965 -2.9162 3.5244
3.7653 -1.8184 4.0649
12.4280 -1.0617 10.5674
8.2043 -1.0954 6.5972
6.5828 -2.6846 3.9755
10.1684 -2.8371 5.7442
6.8742 -3.0218 3.4755
9.2429 -0.7993 9.2479
11.5411 -2.3647 6.6123
8.5919 -3.4067 3.7049
-0.9857 -0.2275 4.4737
11.0157 -2.3554 6.2864
10.8406 -2.1251 6.6179
5.8068 -2.5973 3.7005
8.4830 -2.8086 4.8271
8.0468 -3.2744 3.6522
10.0058 -2.8645 5.5960
4.5855 -2.1968 3.7888
10.5854 -3.2363 5.1940
8.9970 -3.1045 4.5378
11.9234 -3.0223 6.3908
8.9754 -3.4067 3.9263
8.4062 -3.4125 3.5861
12.9648 -1.0618 10.8774
15.1582 -0.3205 13.6132
6.1461 -2.5210 4.0475
8.2128 -3.0435 4.2057
6.2294 -0.2278 8.6401
13.3115 -1.1793 10.8446
10.4118 -2.1217 5.9595
11.2015 -3.1332 5.7540
13.1473 -1.9250 9.2721
5.4473 -2.3481 3.9866
10.0845 -3.2893 4.7996
7.9568 -3.3702 3.4105
8.7749 -3.2200 4.1805
13.0193 -2.6512 7.7590
11.4894 -3.2520 5.6849
9.8510 -1.8330 5.8235
9.5591 -3.4068 4.2633
12.2749 -2.5215 7.5861
7.6310 -2.8507 4.2518
5.4484 -1.4400 5.7868
8.2440 -3.3175 3.6809
7.0477 -1.9934 4.8768
8.8074 -3.2594 4.1212
11.9075 -0.9997 10.3897
12.9512 -1.3412 10.3159
12.5436 -2.7945 7.2004
12.3542 -3.1144 6.4570
8.2490 -2.0433 4.9602
7.0795 -1.1999 6.1851
5.1203 -2.2235 4.0447
12.2281 -3.3768 5.8642
8.0971 -1.7847 5.5946
7.7145 -3.2963 3.4170
11.9640 -3.3448 5.7751
7.7430 -2.7489 4.5182
8.6863 -3.3035 3.9639
10.2065 -3.3313 4.7869
12.2842 -3.0750 6.4947
9.7394 -3.2036 4.7701
9.4215 -1.5911 5.8733
8.4452 -2.8508 4.7219
11.7856 -2.3484 6.7880
7.6109 -2.2226 4.6395
12.5577 -3.0851 6.6327
8.9123 -3.3827 3.9376
10.8433 -3.2821 5.2521
13.2714 -2.4811 8.2418
4.8034 -0.9994 6.2876
1.3066 -0.9992 4.2684
11.8307 -2.6851 7.0055
2.6591 -0.4083 6.2205
4.2317 -1.3406 5.2811
10.6159 -1.7781 7.0120
7.4537 -1.1505 6.4261
11.6212 -3.3578 5.5514
6.6805 -2.5407 4.3171
8.2635 -3.0109 4.2995
8.9810 -2.9652 4.8045
12.7235 -2.9168 7.0620
10.5959 -3.2672 5.1388
10.3622 -2.9886 5.5559
8.0823 -3.3034 3.6152
11.5301 -2.2802 6.7035
10.9260 -3.0849 5.6906
5.2130 -0.4931 7.5274
11.2362 -2.9039 6.2284
9.9573 -3.1781 4.9465
9.3674 -2.0086 5.1937
8.8822 -1.7875 5.5037
12.2022 -1.4878 9.5928
10.3306 -2.3997 5.9246
11.1618 -3.3951 5.2122
10.8653 -3.3107 5.2080
7.8999 -3.0540 4.0042
11.0324 -3.1782 5.5672
10.7549 -1.5308 7.6730
4.7287 -1.3911 5.4681
11.9150 -3.3178 5.8003
9.0667 -1.9326 5.3836
11.5259 -1.8189 8.5459
11.8850 -3.3768 5.6661
4.3296 -0.7991 6.4108
4.8654 -1.1789 5.9676
11.0307 -3.2442 5.4355
5.5560 -2.4382 3.8708
7.4462 -2.9036 4.0402
11.0881 -1.8205 7.3029
8.6919 -3.2281 4.1166
14.2577 -0.9999 11.7468
8.1557 -2.6680 4.9170
8.7513 -0.7975 7.1983
5.3206 -1.2886 6.0131
8.4695 -3.2964 3.8529
9.4002 -3.0436 4.8913
10.9069 -3.1238 5.6025
8.0275 -3.2963 3.5977
12.9547 -2.7337 7.5582
11.9396 -2.5793 7.2781
12.1124 -3.3891 5.7730
7.1630 -2.7792 4.1231
11.4481 -3.0850 5.9920
7.5253 -3.0643 3.7674
9.2104 0.1864 11.1827
8.6454 -1.4092 6.0958
3.5230 -0.3200 6.8944
8.5428 -3.1141 4.2565
10.9261 -3.4010 5.0643
8.1204 -3.2891 3.6656
9.6509 -1.1920 7.4527
7.6762 -3.2199 3.5462
7.9474 -3.1329 3.8753
9.6500 -3.2820 4.5632
8.8224 -0.8686 8.8678
11.8159 -3.0113 6.3505
12.1703 -3.2597 6.0628
5.3435 -1.0614 6.4766
9.9939 -2.0350 5.5478
9.8109 -1.3611 7.2281
7.2327 -3.0539 3.6190
11.8800 -3.3830 5.6509
10.8065 -3.3890 5.0191
7.6297 -3.1950 3.5686
10.1789 -1.7770 6.7542
10.3814 -3.0330 5.4790
11.9828 -1.4404 9.5599
8.5511 -2.9769 4.5331
6.8462 -2.8907 3.7193
11.1951 -3.2966 5.4265
11.1939 -3.3037 5.4117
11.5859 -3.3246 5.5967
7.3782 -2.5243 4.2946
9.3820 -3.3888 4.1966
8.8134 -1.9708 5.3809
8.0294 -3.2200 3.7501
10.8155 -3.2202 5.3586
8.5087 -0.9996 6.6594
8.5322 -2.7333 5.0048
5.8459 -1.9579 4.9900
10.2893 -2.8778 5.7333
9.8663 -1.2059 7.9535
8.3109 -3.1044 4.1416
8.4667 -2.8643 4.7074
11.7521 -3.3705 5.6017
9.3731 -2.4071 5.3895
8.4870 -3.2035 4.0469
11.4086 -3.3178 5.5079
9.1733 -3.1237 4.6016
13.6680 -1.9250 9.5728
8.3420 -2.2344 4.6640
9.9492 -3.3036 4.6931
7.1514 -2.8085 4.0584
6.5396 -2.7332 3.8544
7.5117 -2.1166 4.7837
12.6615 -3.0332 6.7954
10.0511 -3.0111 5.3316
7.8884 -3.3764 3.3587
10.6103 -2.0161 6.7240
3.1066 -1.5775 4.1618
9.7002 -1.9050 5.4266
9.6849 -1.8861 5.4551
10.3128 -2.4680 6.0020
7.2633 -0.7272 8.2475
12.0496 -2.0537 8.3832
11.6199 -2.9292 6.4000
11.3245 -3.3578 5.3801
8.4019 -3.3311 3.7450
13.3689 -0.5747 12.0761
11.4237 -3.2203 5.7098
11.4811 -1.2889 9.5703
11.4764 -0.4934 11.1442
6.1372 -0.3201 8.4040
8.0918 -3.1692 3.8868
10.4467 -2.9653 5.6508
11.7580 -3.1144 6.1127
11.5963 -3.1869 5.8757
7.3148 -2.0681 4.1937
10.7998 -3.3512 5.0900
9.0103 -3.2201 4.3164
10.5827 -3.2283 5.2083
8.5712 -3.2361 4.0311
11.1898 -1.7822 7.3655
7.1779 -2.9531 3.7871
10.6133 -2.0442 6.6949
10.4608 -3.1694 5.2545
11.8343 -1.6212 9.1159
10.3168 -3.0849 5.3389
12.0833 -1.2269 6.3691
7.3087 -1.7562 5.4424
9.3514 -3.4126 4.1319
10.4270 -3.3766 4.8243
9.9801 -2.8231 5.6632
9.5940 -3.2820 4.5309
14.4488 -0.2281 13.3865
10.4230 -3.4010 4.7738
3.6185 -0.4083 6.7744
4.8500 -1.8185 4.6912
9.7884 -3.3245 4.5589
12.3414 -3.2598 6.1616
6.3659 -2.7791 3.6629
8.4991 -2.0124 5.1104
11.3871 -2.8910 6.3411
10.0471 -2.8909 5.5674
9.7911 -3.1952 4.8165
12.1931 -1.6212 9.3230
11.2408 -3.2520 5.5414
8.1456 -3.0435 4.1669
7.2958 -2.7792 4.1998
10.2704 -2.8909 5.6964
8.0876 -3.2281 3.7677
11.2444 -3.3246 5.3995
15.1751 -0.8689 12.5361
7.2256 -2.9532 3.8146
8.7950 -3.3312 3.9719
8.0381 -2.8507 4.4868
8.5243 -1.9128 5.3917
9.3988 -3.1693 4.6414
8.3939 -1.3076 6.2822
8.1875 -3.3311 3.6212
2.8389 -1.3910 4.3768
12.2810 -3.0544 6.5337
7.3137 -0.3201 9.0834
-0.9851 -0.0300 4.8654
9.2809 -2.7175 5.4686
10.0514 -1.7450 6.5063
10.2536 -1.7694 6.7557
4.1590 -1.7427 4.4423
8.1667 -3.3510 3.5697
10.3337 -3.1605 5.1987
8.7241 -3.3575 3.8788
9.2037 -2.7490 5.3616
7.5146 -3.0327 3.8238
9.1190 -3.3639 4.0941
2.4672 -0.4083 6.1097
10.5550 -1.6215 7.2525
7.9739 -2.2432 4.6353
7.4944 -2.3550 4.2530
9.7957 -3.3640 4.4847
11.3439 -0.5746 10.9068
2.7376 0.0756 7.2249
4.0186 -1.2885 5.2613
7.4630 0.0755 9.9536
11.7920 -1.4404 9.4497
1.0799 -0.4929 5.1407
5.4523 -2.3243 4.0366
3.1971 -1.0612 5.2372
9.5197 -3.2671 4.5174
11.8180 -2.6511 7.0654
7.7614 -2.6847 4.6560
11.2041 -2.4882 6.4913
7.4739 -2.8369 4.1884
9.9184 -3.2037 4.8734
6.6320 -2.9287 3.5202
1.7000 -1.1210 4.2543
11.5656 -3.3642 5.5066
11.7302 -1.0617 10.1645
7.3643 -2.7489 4.2996
11.2566 -2.9291 6.1903
10.9663 -2.9414 5.9983
6.1630 -2.4383 4.2212
12.5699 -2.7945 7.2156
7.3064 -3.1512 3.4687
7.9002 -2.0692 5.0892
9.0885 -3.0110 4.7758
4.0914 -0.2277 7.4055
12.5757 -2.9415 6.9276
7.9742 -3.3764 3.4082
10.4784 -3.3767 4.8540
11.5323 -3.1954 5.8218
7.9560 -3.3510 3.4481
11.6335 -1.8905 8.4662
10.6178 -1.5941 7.3978
8.6460 -3.2035 4.1388
9.9203 -1.5086 6.9906
11.3899 -1.8905 8.3255
11.1767 -3.4069 5.1972
9.1131 -3.4184 3.9828
2.4741 -1.2345 4.4763
9.7517 -1.1049 8.0036
6.3947 -2.2752 4.6784
10.5334 -2.4862 6.0998
10.4199 -3.1694 5.2309
12.0909 -3.2203 6.0950
7.5930 -2.6847 4.5588
3.5545 -0.4083 6.7375
8.6513 -3.4183 3.7162
11.3747 -3.4128 5.3000
11.0734 -3.1694 5.6083
9.3001 -3.1237 4.6748
7.6843 -1.8970 5.1537
9.1257 -3.0220 4.7755
9.9051 -1.8558 5.9500
11.9277 -2.7646 6.9040
14.1275 -1.4879 10.7045
11.2523 -3.0850 5.8790
10.8043 -3.3767 5.0422
9.1390 -3.1141 4.6006
11.8499 -3.2284 5.9398
11.7526 -3.1239 6.0908
4.4849 -1.0613 5.9809
11.1120 -3.1954 5.5792
5.7371 -1.9245 4.9935
8.6216 -2.1938 5.0457
7.8190 -3.1140 3.8385
7.3880 -2.9997 3.8162
9.1301 -3.3175 4.1924
12.0278 -1.7038 9.0640
8.9679 -3.3379 4.0584
9.1381 -3.3949 4.0438
9.6150 -1.8091 5.7228
6.9476 -2.6846 4.1862
8.3939 -1.9017 5.4212
11.9046 -3.1783 6.0708
13.5956 -1.7039 9.9693
10.1715 -3.4009 4.6286
1.6556 0.1867 6.8199
8.7519 -1.8717 5.3511
8.3928 -3.1866 4.0261
8.3422 -3.3510 3.6711
4.0979 0.0756 8.0104
11.6792 -3.3768 5.5472
13.7763 -1.7818 9.9193
10.4203 -1.8847 6.8513
11.4616 -2.7015 6.7597
7.7088 -1.3955 5.8856
11.7623 -3.2121 5.9215
12.4045 -2.8911 6.9286
12.5172 -2.7945 7.1852
11.6342 -0.9997 10.2319
11.2175 -2.2222 6.7199
10.8948 -1.1011 8.4535
8.4076 -3.3639 3.6834
6.2282 -2.7488 3.6436
3.3783 -0.8683 5.7242
11.2507 -2.0767 6.8061
6.4405 -0.8685 7.4924
9.4050 -2.9413 5.0969
12.0782 -1.4404 9.6150
8.8093 -1.5103 6.0090
9.2818 -3.0747 4.7613
7.5576 -2.7642 4.3808
11.8180 -2.8232 6.7244
5.5323 -1.7428 5.2352
9.4902 -3.1045 4.8226
9.1344 -3.0110 4.8023
10.8318 -2.3349 6.2042
8.7219 -2.2036 4.9594
6.6769 -2.5788 4.2395
12.6739 -0.3204 12.1786
9.0037 -3.2518 4.2498
9.3485 -2.1199 5.1713
7.1047 -2.7173 4.2121
8.8920 -3.4067 3.8782
9.2964 -1.9161 5.3399
11.2927 -2.8646 6.3390
9.1027 -2.7794 5.2431
10.0678 -3.1331 5.0994
12.8319 -2.8647 7.2278
11.1936 -1.7181 7.4536
11.4493 -3.3513 5.4650
3.0225 -0.2277 6.7883
10.3394 -2.8778 5.7622
9.2053 -2.0737 5.1218
6.2301 -2.1969 4.7384
9.7477 -3.2119 4.7584
0.5170 -0.3199 5.1585
3.5727 -1.0613 5.4541
7.0254 -3.0434 3.5202
9.7826 -3.4127 4.3808
8.0102 -2.3878 4.5573
8.0132 -2.7793 4.6140
11.2890 -3.2894 5.4950
8.5303 -3.1951 4.0886
4.7348 -2.2496 3.7704
5.4567 -1.9244 4.8316
8.5628 -3.0644 4.3664
10.5378 -3.3107 5.0189
12.4756 0.0753 12.8483
0.5449 -0.7269 4.3681
13.1072 -1.9250 9.2490
9.8970 -3.3949 4.4820
13.2192 -0.9998 11.1471
7.4413 -2.1197 4.7537
7.2821 -2.1699 4.2043
9.2607 -2.0427 5.2379
4.1155 -0.8683 6.1499
8.4166 -0.9024 6.7946
8.4198 -3.3311 3.7553
12.2081 -3.2967 6.0113
11.8225 -3.4128 5.5585
8.3746 -1.3491 6.2371
12.9543 -2.2757 8.4657
5.3806 -2.3481 3.9481
6.4075 -2.5407 4.1595
4.5087 -1.9904 4.1533
9.5107 -3.2119 4.6216
10.2714 -3.1953 5.0938
15.0293 -0.0306 14.1132
9.8167 -3.3511 4.5224
7.9518 -2.2112 4.7090
11.2883 -3.2121 5.6478
11.4990 -3.2284 5.7372
10.1680 -3.2202 4.9848
11.0762 -3.4128 5.1276
8.8662 -2.1814 4.9824
5.0803 -2.3481 3.7747
8.4966 -3.0644 4.3282
9.7353 -3.2746 4.6271
7.9381 -3.3444 3.4508
7.3080 -3.1140 3.5435
10.0862 -2.4414 5.8096
12.0396 -3.1869 6.1316
12.1062 -3.3951 5.7574
12.2821 -0.8688 10.8656
7.3844 -3.0945 3.6261
9.1163 -2.8370 5.1367
5.4448 -1.9905 4.6939
8.0441 -3.3444 3.5119
13.3027 -2.4811 8.2599
13.2643 -2.3720 8.4539
11.0144 -2.9414 6.0261
7.2105 -2.8228 4.0642
10.6470 -2.7943 6.1054
12.7183 -1.7817 9.3084
8.3792 -2.3561 4.7664
14.8248 -0.6527 12.7623
0.3753 0.0757 5.8606
9.1820 -1.4923 6.0733
12.8913 -0.9998 10.9578
9.2063 -3.2595 4.3515
10.5148 -3.2037 5.2177
3.6013 -0.9993 5.5934
12.6759 -1.7817 9.2839
7.2869 -2.8776 3.9998
10.5041 -2.0859 6.2944
7.9067 -1.5564 5.8739
10.8771 -3.0222 5.7867
11.1019 -2.1433 6.6135
9.4424 -2.9770 5.0477
9.3635 -3.2201 4.5203
6.9627 -1.3452 6.0422
9.2290 -3.0848 4.7108
9.8489 -1.9738 5.4523
10.6146 -2.8779 5.9211
11.7282 -3.2364 5.8538
10.5725 -0.7994 10.0157
6.1124 -1.8901 5.2783
10.8568 -1.8648 7.0090
10.9578 -3.3512 5.1812
5.9305 -2.1415 4.6751
8.4610 -3.1044 4.2283
3.0163 -1.4399 4.3825
9.4730 -3.2892 4.4465
10.7061 -2.2074 6.3812
4.0018 -1.5331 4.7669
8.7839 -1.0450 6.6571
9.3030 -3.3244 4.2787
10.3185 -1.9834 6.4288
9.1610 -3.2670 4.3103
11.6956 -2.3285 6.6870
11.8779 -3.0223 6.3645
11.9605 -3.4070 5.6498
11.9083 -3.2284 5.9736
10.2446 -1.2842 7.7225
12.5928 -2.2501 8.3075
10.8952 -1.9972 6.8150
9.8302 -1.5888 6.5971
7.8250 -3.2963 3.4808
7.4505 -1.6349 3.9557
8.4390 -3.1692 4.0872
10.2978 -2.9999 5.4962
7.9379 -2.8907 4.3497
3.6142 -1.3911 4.8245
8.0003 -1.4024 6.1372
13.3645 -1.9910 9.2667
8.2501 -3.1951 3.9268
6.0389 -2.2236 4.5751
8.0477 -3.2517 3.6978
7.7464 -3.1779 3.6700
8.1269 -2.9997 4.2428
5.1704 -1.2886 5.9264
9.3575 -3.0645 4.8252
9.2119 -3.0541 4.7617
10.8263 -2.3165 6.3104
9.2097 -3.3106 4.2522
11.9384 -1.9768 6.7625
12.6822 -2.2241 8.4109
6.7364 -2.5788 4.2738
11.5545 -3.1425 5.9395
10.3358 -1.7502 7.1522
8.8114 -3.3575 3.9291
7.7044 -2.9651 4.0675
4.5805 -2.1694 3.8401
14.6317 -0.7276 12.5024
11.2381 -1.9762 7.0718
10.3729 -1.9582 6.5001
10.7966 -2.9291 5.9247
10.3069 -1.9575 6.3211
-0.1656 -0.1311 5.1385
10.7108 -2.7015 6.3263
6.1080 -1.9905 5.0768
8.1464 -1.8387 5.5019
9.4450 -3.0436 4.9172
10.5905 -2.0586 6.6035
12.1395 -2.6851 7.1838
15.7289 -0.0306 14.5172
12.5569 -3.1048 6.5931
11.7530 -2.9536 6.4286
9.7673 -2.4416 5.6260
8.1992 -2.7793 4.7214
8.8657 -3.4183 3.8400
10.7461 -2.9166 5.9203
10.9488 -3.1143 5.6456
7.9292 -2.5318 4.6292
5.6838 -2.4382 3.9446
11.8683 -3.3314 5.7463
10.1844 -3.0437 5.3440
11.6827 -2.8372 6.6184
9.5729 -1.3001 6.8454
8.7056 -0.9527 6.7864
12.5053 -2.3249 8.1089
8.9118 -2.0454 5.1407
7.4819 -1.1475 6.3329
9.2193 -2.2441 5.1954
7.7811 -1.4106 6.1097
12.8161 -2.2756 8.3860
11.0145 -2.9291 6.0505
14.0489 -0.1316 13.3468
10.7360 -1.9434 6.7962
10.5015 -3.2202 5.1774
13.2930 -0.4934 12.1932
12.0051 -3.3768 5.7354
11.8323 -2.7944 6.7898
12.3163 -3.2822 6.1026
9.0575 -3.0220 4.7361
7.0266 -2.9768 3.6529
10.6926 -0.0305 11.6089
13.1304 -1.9910 9.1315
9.7362 -2.8088 5.5507
10.6491 -3.3177 5.0694
9.6325 -1.9165 5.4279
6.9592 -1.4690 5.7743
9.7554 -2.9290 5.3235
12.0321 -1.5076 6.5028
6.3526 -0.7992 7.5790
7.8395 -3.2669 3.5473
6.1708 -2.0223 5.0501
8.9235 -2.3586 5.0868
9.1024 -3.2892 4.2326
9.1285 -3.0747 4.6727
12.3192 -2.9040 6.8537
1.5808 -0.4929 5.4300
6.6963 -2.7940 3.8244
8.6133 -1.7230 5.7637
7.4231 -2.1564 4.6365
5.6127 -2.5599 3.6625
9.3508 -3.1952 4.5623
10.1966 -2.0338 5.7506
10.0189 -3.1237 5.0898
10.9045 -3.3447 5.1634
8.9722 -3.2670 4.2013
2.5532 -1.0612 4.8654
8.2315 -3.2891 3.7298
11.2022 -2.4434 6.4585
7.1160 -2.6847 4.2834
10.5832 -1.6332 7.3541
12.0772 -3.4070 5.7172
9.5181 -3.3640 4.3245
12.4302 -3.1426 6.4451
10.3526 -1.8476 6.8190
11.0534 -3.1606 5.6143
13.3531 -1.7817 9.6749
7.7101 -1.9271 5.1369
6.5539 -0.8685 7.5579
10.3041 -2.3390 5.9098
12.0686 -3.2673 5.9890
7.5040 -2.7642 4.3499
8.3676 -2.2344 4.6786
5.8758 -0.3201 8.2531
11.5882 -0.1315 11.9259
9.2117 -2.0836 5.0707
0.8534 -0.5741 4.8490
10.9208 -2.9886 5.8784
5.3210 -2.3000 4.0090
5.7688 -1.6627 5.5306
11.6889 -2.9887 6.3219
8.3095 -3.2744 3.8039
5.2712 -2.1415 4.2944
3.0002 -0.5742 6.0887
10.2198 -2.8371 5.7738
9.0373 -2.9164 4.9337
5.5865 -2.1968 4.3668
12.1168 -3.4011 5.7517
10.2839 -3.2820 4.9292
11.2950 -3.4010 5.2773
10.6702 -1.4986 7.7436
8.9814 -2.9998 4.7362
6.0855 -2.7173 3.6236
10.1202 -2.3989 5.8013
8.9120 -2.6848 5.3203
11.8556 -3.3705 5.6615
8.8528 -1.7355 5.7628
14.4376 -0.8689 12.1103
-0.4957 -0.0301 5.1480
8.4752 -3.4067 3.6375
11.0295 -3.2894 5.3452
11.1500 -3.3577 5.2793
9.6500 -3.1142 4.8957
12.2741 -2.3719 7.8822
9.7082 -3.2119 4.7356
9.1213 -3.3949 4.0341
7.7447 -3.1691 3.6864
2.6935 -1.3910 4.2929
4.0762 -0.9350 5.9950
8.7624 -1.9026 5.4866
10.6446 -3.1694 5.3606
7.2173 -3.1043 3.5102
10.2419 -3.2746 4.9196
8.1904 -3.0435 4.1928
5.4139 -1.3407 5.9637
7.4094 -1.7765 5.3757
11.7051 -1.9249 8.4394
10.8856 -1.9332 7.1651
10.0295 -3.2671 4.8118
9.9912 -1.0517 8.0765
6.0435 -1.9579 5.1041
11.0200 -1.8418 7.1756
4.6305 -2.0222 4.1608
7.9725 -3.3034 3.5518
2.4908 -1.1210 4.7109
10.0213 -3.3640 4.6150
12.8631 -0.7275 11.4811
6.5624 -2.8506 3.6348
9.3552 -3.3106 4.3362
10.3580 -2.0045 6.3987
10.5209 -3.3950 4.8422
9.2294 -3.3888 4.1085
9.3399 -2.5295 5.4383
9.3532 -3.0221 4.9068
11.7655 -2.2168 6.9263
7.5029 -3.2280 3.4301
9.8243 -3.3245 4.5796
8.1770 -3.2818 3.7128
8.6173 -2.9289 4.6665
10.3536 -2.8509 5.8237
10.2511 -3.4185 4.6398
9.2369 -2.9412 4.9998
11.9187 -3.1869 6.0618
9.2030 -3.0645 4.7360
3.5184 -1.1788 5.1898
3.2066 -1.6625 4.0511
10.4499 -3.2363 5.1157
7.7302 -2.9768 4.0591
4.2056 -1.2346 5.4761
11.3001 -3.3177 5.4453
7.6977 -3.1421 3.7127
8.7632 -3.3765 3.8637
10.1057 -3.0948 5.1973
6.8707 -2.7792 3.9544
7.0386 -2.7940 4.0220
9.8259 -3.2518 4.7245
11.9092 -0.2280 11.9200
12.4787 -0.4934 11.7230
8.3001 -3.1513 4.0425
12.1559 -3.1695 6.2332
10.6266 -2.2874 6.0423
10.0923 -3.3446 4.6945
7.2486 -0.9352 7.8269
7.7940 -2.0842 5.0825
4.9334 -1.8185 4.7394
11.6267 -3.0749 6.1151
11.1950 -2.8372 6.3369
9.3654 -3.1423 4.6756
8.1800 -3.3764 3.5270
10.9724 -3.2202 5.4493
6.3305 -2.8227 3.5561
12.7062 -2.9536 6.9789
7.0771 -3.0539 3.5291
12.3641 -2.4810 7.7179
11.0967 -2.4892 6.4316
10.1289 -1.8499 6.3508
10.1804 -3.1781 5.0753
11.8027 -2.6851 6.9893
12.2729 -3.1955 6.2494
10.3232 -2.9534 5.6030
15.8688 -0.0306 14.5980
13.1920 -2.4388 8.2796
3.4611 -0.6521 6.2004
9.9868 -3.3828 4.5579
9.0097 -2.2016 5.0403
8.6528 -3.3888 3.7756
10.3096 -3.3245 4.8598
12.4119 -2.5015 7.7050
10.9049 -3.0949 5.6587
5.5757 -2.4805 3.7984
10.2965 -2.1383 5.9416
1.6998 -0.4083 5.6665
4.4800 -1.6207 4.8694
12.1791 -3.3247 5.9392
9.3433 -3.2892 4.3716
8.4241 -3.0847 4.2461
11.5675 -3.1606 5.9111
11.3083 -2.4422 6.5168
9.9803 -3.3380 4.6430
10.0222 -1.9701 5.6346
9.5297 -3.2440 4.5689
9.0617 -2.9164 4.9478
8.9183 -3.2119 4.2795
2.7302 -1.4398 4.2173
6.1792 -0.7992 7.4789
4.2588 -0.0302 7.8936
9.3808 -2.4856 5.4331
4.8886 -1.7428 4.8635
10.0488 -1.6239 6.9777
11.8473 -3.2597 5.8763
11.5717 -1.3411 9.5193
12.9884 -2.1974 8.6405
11.1118 -3.3890 5.1953
8.0267 -3.3311 3.5283
12.2702 -2.4810 7.6637
9.4668 -3.3888 4.2456
8.1083 -3.4066 3.4257
12.0113 -3.3315 5.8288
10.2638 -2.9290 5.6171
9.1922 -0.8988 7.4425
3.1302 -0.9350 5.4487
10.3843 -2.0106 6.4367
6.2338 -1.1212 6.8722
9.5322 -1.5597 6.2145
13.4649 -1.7039 9.8938
10.3673 -3.1868 5.1661
12.2840 -2.9167 6.8082
12.7500 -2.3947 8.1118
8.7929 -3.3827 3.8686
13.0101 -2.5794 7.8962
8.6857 -2.1262 5.0685
12.2839 -2.8233 6.9934
9.7210 -1.1002 7.7276
9.6703 -2.0441 5.3032
10.5787 -2.1148 6.4328
9.9562 -1.7576 6.3238
7.7419 -1.3739 6.2101
9.1626 -0.8686 9.0643
10.4900 -2.9534 5.6994
11.8495 -3.1695 6.0563
12.4121 -1.4404 9.8078
11.8795 -3.1239 6.1640
7.6706 -2.2217 4.6713
11.6627 -2.2752 6.7669
8.7826 -2.8370 4.9441
9.5014 -2.3564 5.4148
9.8136 -1.8836 5.7495
10.5378 -3.3950 4.8519
10.8566 -3.3829 5.0601
11.2708 -1.7814 7.6319
8.4220 -1.5198 5.8649
10.0978 -1.7602 6.6161
12.0122 -3.2443 6.0021
10.1517 -3.1331 5.1479
4.7842 -1.4873 5.3095
6.9007 -2.9650 3.6034
7.4368 -1.5579 3.9799
7.5975 -3.0846 3.7688
7.4233 -1.5807 5.7982
12.0586 -2.1973 8.1037
9.2726 -3.0848 4.7359
8.0108 -3.0847 4.0075
11.8719 -3.2520 5.9057
10.3458 -2.7644 5.9906
8.6228 -2.2771 4.8598
9.0811 -3.1330 4.5298
9.0627 -1.0450 6.8085
15.6985 0.0752 14.7094
9.9712 -2.8088 5.6864
9.7659 -1.7728 5.9443
8.2330 -3.2818 3.7451
10.5264 -2.9166 5.7934
13.9160 -0.3204 12.8959
12.0116 -2.0537 8.3613
7.8169 -2.9163 4.2291
11.6925 -3.0749 6.1531
6.1895 -2.5973 3.9214
10.3912 -3.1515 5.2498
11.4364 -1.8552 8.4223
8.2772 -3.2517 3.8303
13.3031 -0.8688 11.4552
7.5038 -2.8507 4.1783
10.0925 -0.7274 9.8813
0.9276 -0.1311 5.7698
9.7028 -1.9431 5.3613
13.3438 -1.7433 9.7456
10.7597 -3.0000 5.7629
13.9387 -1.4405 10.6892
11.7522 -3.3178 5.7063
12.3385 -2.8511 6.9698
8.5622 -2.0336 5.2213
11.3594 -3.3578 5.4002
7.2938 -2.1081 4.5151
12.1938 -3.3768 5.8444
9.9861 -3.3245 4.6730
12.6055 -2.6337 7.5547
2.3467 -0.3199 6.2151
4.4615 -0.4930 7.0934
12.2841 -3.0001 6.6430
9.8292 -2.8644 5.4941
10.4650 -3.3107 4.9769
8.6494 -1.9227 5.3622
7.9910 -3.3311 3.5077
9.4847 -1.3626 6.5118
10.9892 -2.7492 6.3925
8.2936 -3.0847 4.1707
13.4426 -1.9911 9.3118
6.9585 -2.7488 4.0653
9.1407 -2.4847 5.2924
12.3673 -3.2364 6.2228
16.0313 -0.1317 14.4916
9.6687 -3.2119 4.7128
2.8668 -1.2884 4.5963
11.1376 -1.6173 7.8780
11.9548 -0.3203 11.7634
11.2264 -3.3246 5.3891
7.4713 -2.0603 4.9423
1.8115 -0.0301 6.4803
12.1207 -1.8905 8.7475
10.8758 -3.4010 5.0352
8.7006 -2.6509 5.2655
11.7647 -2.9772 6.3885
13.2995 -2.2757 8.6651
10.3995 -3.3889 4.7841
8.8283 -3.2281 4.1953
11.3026 -2.9414 6.1925
11.9006 -3.1239 6.1762
9.5107 -1.0497 7.5796
7.3784 -2.9768 3.8560
15.1171 -0.2281 13.7725
8.9447 -1.1742 6.5602
10.9120 -2.8231 6.2013
13.3599 -0.8688 11.4880
1.7735 -0.5741 5.3803
8.4521 -3.2439 3.9467
8.1682 -2.8229 4.6171
11.9491 -3.4011 5.6549
11.0257 -0.9998 8.3641
5.9430 -2.5599 3.8532
12.0563 -3.2597 5.9970
8.3396 -3.0746 4.2172
9.8607 -3.1605 4.9257
8.2364 -3.1603 3.9878
8.8236 -1.6243 5.7410
9.9590 -1.0616 9.1417
8.0535 -3.1044 3.9931
11.2982 -3.2520 5.5745
9.4163 -0.7993 9.3481
11.2815 -3.1516 5.7638
6.1557 -2.3942 4.3044
8.5165 -3.2281 4.0153
10.1200 -1.0616 9.2347
9.5255 -2.9165 5.2156
4.7879 -0.7271 6.8181
10.0060 -2.3149 5.6781
9.5438 -2.6681 5.7184
9.0049 -2.8908 4.9657
2.6605 -1.0612 4.9274
9.7289 -3.3511 4.4717
13.6423 -2.0228 9.3642
7.9621 -2.8643 4.4161
7.6189 -2.9997 3.9495
0.6543 -0.1311 5.6120
10.5926 -3.1332 5.4025
9.2066 -1.0909 6.9276
12.5309 -1.4878 9.7826
2.4232 -1.2345 4.4469
13.3521 -1.1216 10.9825
13.5328 -2.0538 9.2396
8.6354 -2.1648 4.8850
11.5263 -2.1433 6.8581
8.5764 -0.8011 6.9996
11.7547 -2.1419 8.0380
12.4817 -3.0950 6.5691
11.4405 -3.2284 5.7035
10.7962 -1.5665 7.6256
5.8739 -1.9905 4.9416
5.9356 -2.6332 3.7036
9.0601 -3.1330 4.5176
10.9747 -3.3246 5.2438
11.4902 -1.5336 9.0908
-0.0762 -0.0301 5.3902
8.1780 -3.3887 3.5015
11.3683 -3.3829 5.3555
5.7119 -1.5332 5.7543
6.0040 -1.9579 5.0813
12.2012 -2.7178 7.1547
11.7302 -3.3513 5.6271
8.4273 -2.3147 4.7664
8.2234 -2.0638 5.1318
8.9993 -0.9042 7.0383
11.6945 -2.8089 6.6814
9.8143 -3.2595 4.7026
11.5695 -2.4002 6.6408
8.2535 -3.1779 3.9628
10.1168 -0.5745 10.1982
4.2918 -0.2277 7.5213
11.6225 -3.2894 5.6876
5.2714 -2.4164 3.7497
11.0453 -3.3577 5.2189
12.0492 -1.3899 6.4340
10.5078 -2.1104 6.2696
9.6364 -3.1423 4.8321
9.5545 -2.4418 5.5036
9.3531 -1.4807 6.0747
10.9637 -2.8231 6.2312
11.2153 -2.6682 6.6835
9.9564 -3.3313 4.6424
11.8469 -3.2038 5.9868
10.5898 -3.1238 5.4194
7.0709 -1.4702 5.8522
11.9378 -2.5215 7.3915
9.4701 -3.1604 4.7001
8.2104 -3.3035 3.6892
4.8184 -1.9579 4.3967
7.3523 -3.1602 3.4774
8.5595 -1.8264 5.5018
-1.1193 -0.2275 4.3966
9.5179 -3.3766 4.2994
6.3745 -1.1515 5.8430
9.6445 -3.0645 4.9909
9.4234 -3.2362 4.5231
7.4942 -2.2725 4.3536
6.8728 -0.7992 7.8794
11.5389 -3.3829 5.4540
11.4191 -3.3381 5.4736
8.4662 -3.0220 4.3947
8.0092 -2.3017 4.6462
9.3610 -2.6849 5.5796
10.6622 -2.1290 6.5277
10.2609 -3.2441 4.9910
8.3653 -3.2118 3.9602
11.6578 -3.3246 5.6382
8.7300 -2.7175 5.1505
11.9791 -2.5604 7.3383
8.6936 -3.0220 4.5260
8.4143 -2.2784 4.7427
11.2455 -3.2283 5.5909
9.6435 -0.0304 11.0031
10.7859 -2.1693 6.5117
9.8525 -1.2507 7.7987
11.4636 -2.7944 6.5769
11.3173 -3.2520 5.5855
8.0301 -3.1866 3.8167
10.9715 -3.1782 5.5321
10.1957 -3.2893 4.8638
9.9093 -3.3380 4.6019
8.9079 -2.0748 5.2324
7.9550 -2.2531 4.7389
12.8712 -1.3916 10.1697
12.9243 -2.0537 8.8882
9.2653 -1.3972 6.3228
8.8569 -2.4463 5.1115
6.5558 -2.6507 4.0272
7.9899 -3.1866 3.7935
-1.7178 0.1868 4.8719
7.1233 -2.9411 3.7795
7.7712 -2.5741 4.5620
9.8241 -1.9362 5.5049
11.7370 -3.1516 6.0268
9.2622 -3.0220 4.8543
9.6079 -3.4184 4.2685
8.4443 -3.4008 3.6314
9.9810 -2.9038 5.5037
8.8507 -3.2518 4.1615
9.8378 -1.8102 5.8559
12.2477 -3.1144 6.3955
9.5471 -3.2893 4.4893
6.9526 -1.3425 5.9934
12.2602 -2.3947 7.8290
7.3154 -2.9411 3.8904
11.4706 -3.3829 5.4146
8.3902 -3.1951 4.0077
11.4182 -1.7037 8.7120
1.7946 -0.9349 4.6775
8.5313 -3.2819 3.9173
10.6048 -3.2363 5.2052
12.8403 -0.6526 11.6164
8.1258 -3.2360 3.7739
12.6999 -2.5605 7.7544
6.9618 0.0755 9.6642
10.1987 -0.9354 9.5304
12.0297 -2.5215 7.4446
8.7206 -3.3888 3.8148
11.1973 -2.0349 6.8677
11.1462 -3.2442 5.5021
12.3834 -2.5412 7.6098
7.4099 -3.1512 3.5285
11.6005 -2.9167 6.4136
8.1619 -3.0946 4.0750
5.2046 -2.4382 3.6679
3.7111 -1.3911 4.8805
8.4707 -2.8508 4.7366
7.6447 -3.0109 3.9422
10.5680 -2.7943 6.0598
9.7683 -1.8191 5.8545
9.9393 -3.0748 5.1408
8.9976 -3.3639 4.0239
13.4635 -2.0839 9.1398
10.0721 -3.3828 4.6071
13.4166 -0.8688 11.5207
11.6803 -2.7796 6.7313
10.6457 -3.0948 5.5091
7.4491 -2.2421 4.5074
10.3293 -3.2283 5.0619
11.6038 -3.3578 5.5413
10.6271 -2.9291 5.8268
10.1278 -2.3568 5.7773
7.5765 -2.8369 4.2477
10.8188 -1.8140 7.1136
10.4035 -3.1781 5.2041
8.5230 -1.9369 5.3466
9.6726 -3.3176 4.5056
10.8556 -2.3276 6.2762
11.1062 -3.0000 5.9629
8.0937 -3.1422 3.9414
7.3778 -2.0599 4.8867
10.4636 -3.0111 5.5698
5.0812 -2.3243 3.8223
5.6653 -0.4084 7.9564
11.5123 -3.1954 5.8103
7.9900 -3.2035 3.7600
10.2571 -3.0542 5.3652
15.3660 -0.6527 13.0748
14.8749 -0.9356 12.2306
8.7056 -0.5744 9.3833
7.5934 -3.1421 3.6525
9.9319 -3.4127 4.4670
10.0200 -1.8551 6.0132
9.8415 -1.9245 5.6848
11.8929 -2.7796 6.8540
11.5299 -3.2894 5.6341
8.6843 -3.4183 3.7352
11.8819 -1.9909 8.4106
9.5776 -1.0520 7.8702
13.1163 -0.7995 11.4846
7.6250 -2.3670 4.4328
11.5876 -3.1144 6.0144
11.8846 -3.0113 6.3902
10.9495 -3.1332 5.6085
8.9510 -0.5745 9.5250
8.8690 -1.1329 6.6024
9.5112 -3.1604 4.7239
9.1322 -2.8508 5.1186
3.7392 -1.3406 4.9967
9.8675 -2.3557 5.6245
8.8396 -1.5719 5.9029
8.2047 -2.7333 4.8157
11.6850 -3.2442 5.8132
10.7459 -3.4185 4.9255
11.9505 -2.6159 7.2118
11.1654 -3.2442 5.5132
9.4680 0.0754 11.1114
8.8788 -3.2119 4.2567
8.0606 -3.3638 3.4830
9.4093 -0.4933 9.9506
3.9727 -1.7032 4.4129
8.5098 -3.2439 3.9800
11.6260 -2.8510 6.5584
9.3009 -3.0541 4.8131
9.6002 -3.3176 4.4639
14.1052 -0.5747 12.5013
9.8647 -1.4741 7.0366
11.8186 -2.1427 6.8332
10.0570 -3.0542 5.2496
10.4088 -2.9886 5.5828
9.1989 -3.4008 4.0671
8.2059 -3.2200 3.8520
0.1551 -0.6520 4.2914
9.2434 -3.0436 4.8007
-0.5181 -0.2275 4.7437
12.6665 -2.7493 7.3609
1.7907 -0.8682 4.8075
8.1031 -3.2744 3.6847
11.3982 -1.8717 7.5414
7.3877 -2.1583 4.6222
11.8032 -2.3946 7.5651
8.5939 -3.0947 4.3244
3.6528 -1.5775 4.4772
12.4418 -3.1696 6.3983
10.5744 -3.2037 5.2522
10.3708 -1.8291 6.9334
2.8220 -0.2277 6.6725
10.0238 -3.2362 4.8697
11.4631 -3.1047 5.9616
9.3740 -2.9999 4.9629
12.7046 -2.6512 7.5773
9.8259 -3.0436 5.1371
12.7452 -2.6683 7.5668
8.6934 -3.2594 4.0554
12.4134 -2.8233 7.0682
8.3306 -3.3887 3.5896
3.4906 -0.4083 6.7006
7.3649 -2.9997 3.8028
9.5654 -1.3098 6.9912
12.9521 -2.6338 7.7548
8.5526 -2.5315 4.9882
8.9115 -3.2964 4.1080
9.7630 -3.3176 4.5578
13.5499 -1.3917 10.5616
10.1882 -3.4009 4.6383
6.3975 -2.6332 3.9704
12.6773 -1.3916 10.0577
7.8934 -3.2360 3.6397
8.9152 -3.4183 3.8685
7.5369 -2.6847 4.5264
12.1519 -1.8190 8.9074
11.1022 -1.5439 7.9925
10.8510 -2.9886 5.8381
12.9898 -2.4811 8.0792
8.5397 -1.9184 5.4241
11.6938 -3.3246 5.6590
11.6269 -3.4070 5.4572
9.0243 -1.3233 6.2604
10.9295 -3.1516 5.5606
10.1839 -1.9935 6.0164
8.5029 -3.4183 3.6305
9.8107 -1.2002 7.7671
10.2626 -3.0646 5.3478
11.7657 -3.3247 5.7005
9.7651 -3.3828 4.4299
9.3507 -3.3445 4.2663
9.2262 -3.2201 4.4410
10.2938 -3.1238 5.2485
9.0496 -3.0329 4.7100
3.2735 -0.9993 5.4041
12.7414 -1.1793 10.5155
8.8711 -3.3702 3.9384
12.2379 -3.0001 6.6164
7.8853 -3.1422 3.8210
10.6037 -3.1694 5.3371
5.7929 -2.5599 3.7665
10.8626 -2.8510 6.1176
9.2849 -2.8508 5.2067
11.2357 -3.0543 5.9302
7.3325 -1.5496 5.8692
5.1760 0.1866 8.8529
9.9416 -3.3889 4.5197
8.9356 -2.2747 5.0340
9.6998 -1.8934 5.4904
12.0948 -1.2248 6.3499
12.3684 -2.9040 6.8821
9.9658 -1.6283 6.6771
8.2621 -3.3175 3.6913
12.0571 -2.8911 6.7280
11.9566 -1.9400 6.7484
9.2239 -1.7468 5.6690
13.4782 -2.3006 8.7189
12.0523 -2.7796 6.9461
6.9296 -2.7011 4.1431
11.8303 -2.3248 7.7192
12.7957 -2.4170 8.0941
11.6658 -3.3108 5.6702
6.1200 -2.7487 3.5812
11.3914 -2.4858 6.5942
7.3864 -2.8086 4.1940
12.2623 -3.0750 6.4820
10.2211 -3.3766 4.7054
8.2009 -2.9651 4.3541
8.1822 -3.1044 4.0673
11.9681 -3.2748 5.9162
8.3081 -2.4404 4.7811
4.0588 -0.8683 6.1171
9.1520 -2.9885 4.8571
12.9152 -2.6683 7.6650
1.1823 -0.0301 6.1170
5.7044 -2.2751 4.2797
10.4098 -2.3994 5.9696
12.1327 -3.1955 6.1685
13.7261 -1.1794 11.0840
8.6232 -1.4410 5.9933
12.7240 -2.8233 7.2475
11.9355 -2.0536 8.3174
6.0181 -1.8185 5.3657
10.6960 -3.2894 5.1526
7.0826 -2.9531 3.7320
10.5299 -3.3767 4.8837
7.5509 -2.8369 4.2329
13.7340 -1.7817 9.8948
11.7190 -3.4186 5.4873
9.5639 -3.1331 4.8085
10.5891 -3.3512 4.9683
7.6461 -3.1044 3.7578
11.8079 -3.2895 5.7946
6.1645 -2.1128 4.8671
9.6156 -3.1423 4.8200
11.3420 -3.3578 5.3902
4.4559 0.0756 8.2171
11.7556 -1.7432 8.8286
11.3173 -1.8189 8.4255
8.4734 -2.9998 4.4428
7.5863 -2.3301 4.3955
10.9040 -2.2065 6.4928
11.6888 -2.2607 6.9149
12.4412 -0.0305 12.6187
12.2593 -3.2284 6.1762
11.7014 -3.3951 5.5238
7.7825 -3.1513 3.7437
9.5342 -3.4009 4.2607
6.1586 -2.1969 4.6971
5.6805 -1.6627 5.4796
11.0800 -3.0543 5.8403
11.4410 -3.4128 5.3383
10.5889 -3.1868 5.2940
6.6605 -2.5973 4.1934
7.8626 -2.1482 4.7590
10.8272 -3.1605 5.4837
9.4893 -1.5764 6.0493
8.6803 0.0754 10.6566
12.6504 -2.1700 8.4996
10.4998 -2.0621 6.3231
12.2915 -2.7797 7.0842
10.9399 -2.8779 6.1089
12.1255 -2.6159 7.3128
9.8832 -2.7942 5.6644
11.5211 -3.4186 5.3730
11.4390 -3.3767 5.4086
8.2212 -3.2439 3.8134
8.4702 -3.1951 4.0539
8.3192 -2.3600 4.7413
10.8973 -3.2596 5.3278
9.7139 -3.1142 4.9326
11.9937 -3.3891 5.7045
12.5980 -2.7646 7.2910
9.6174 -2.9885 5.1259
11.0429 -2.7645 6.3931
7.9602 -2.1764 4.9031
9.1537 -3.0436 4.7490
12.0450 -1.5336 9.4111
9.5264 -2.8644 5.3193
5.6150 -2.2235 4.3303
13.2757 -2.0839 9.0314
6.2121 -2.7332 3.6652
12.0736 -2.4388 7.6339
11.6742 -2.2203 6.9779
11.2849 -2.3342 6.5407
10.6265 -1.6634 7.2970
7.6123 -2.4427 4.3849
11.9746 -2.9040 6.6547
11.9590 -3.1869 6.0851
5.6010 -1.6208 5.5166
10.8361 -1.6024 7.5886
7.9902 -3.2280 3.7114
11.1606 -3.1238 5.7490
8.2874 -3.1141 4.1089
10.6997 -3.3037 5.1264
7.5731 -1.6848 5.6810
8.6384 -3.0435 4.4515
10.4613 -3.0646 5.4625
12.5675 -2.8511 7.1020
7.9869 -2.8086 4.5407
9.7237 -2.0893 5.3826
3.6041 -1.6626 4.2807
9.4592 -1.8367 5.4829
8.8852 -1.8980 5.3988
9.0466 -1.8901 5.4601
8.6973 -2.9652 4.6407
13.2461 -0.5746 12.0052
9.2446 -2.8370 5.2108
10.9718 0.0754 11.9798
10.4104 -2.7176 6.1207
8.2133 -2.0011 5.0229
8.3741 -2.1841 4.7056
13.5707 -1.8191 9.7266
6.5136 -2.5600 4.1826
6.8316 -1.5275 5.3804
10.8765 -2.6850 6.4546
11.3503 -2.7015 6.6955
4.4932 -0.7271 6.6480
10.0717 -1.7169 6.5708
9.3158 -1.4628 6.2260
8.5304 -3.0328 4.4103
7.4275 -2.8507 4.1343
7.9172 -2.9651 4.1903
8.9646 -2.4456 5.1719
7.4827 -3.1779 3.5178
9.6954 -3.0948 4.9604
12.0195 -3.1869 6.1200
3.5833 -1.6207 4.3516
12.2092 -3.1333 6.3358
7.8563 -2.5725 4.6075
8.2204 -3.1329 4.0328
7.2831 -2.7488 4.2527
7.4368 -2.0246 4.9255
11.9027 0.0753 12.5174
8.8283 -0.5744 9.4541
10.3955 -3.2037 5.1488
7.8456 -2.6847 4.7046
11.1799 -2.5732 6.5276
11.4755 -1.6212 8.9087
9.1005 -3.3106 4.1891
7.7063 -2.1365 4.8466
9.9210 -2.8509 5.5740
8.6866 -0.7495 7.1074
4.4328 -1.8184 4.4503
10.4355 -1.1049 8.3949
11.1323 -2.9654 6.0466
4.0828 -1.8900 4.1064
9.7024 -3.1867 4.7822
9.8905 -2.4852 5.7263
11.0692 -3.2442 5.4577
10.9013 -3.0437 5.7580
10.6053 -3.3950 4.8909
0.9963 -0.4082 5.2602
11.3786 -2.1100 6.9931
12.7843 -2.5978 7.7291
13.0438 -2.3947 8.2814
10.3895 -3.4010 4.7544
8.8066 -1.6010 5.8222
10.0560 -3.3640 4.6350
12.1490 -2.9655 6.6336
7.7345 -3.3034 3.4144
7.7970 -1.1467 6.4878
3.4641 -0.9350 5.6416
10.0534 -3.1424 5.0728
10.7387 -1.3771 7.9810
10.6272 -2.8231 6.0369
8.7233 -2.7334 5.1152
9.3387 -3.3827 4.1837
11.4697 -2.1761 6.8260
11.0573 -3.0646 5.8066
9.0383 0.0754 10.8633
4.0246 -0.2277 7.3669
10.8743 -2.9886 5.8515
7.5336 -1.7571 5.3363
9.9487 -2.1164 5.5080
12.3008 -3.2443 6.1688
5.8064 -1.9579 4.9672
8.5113 -3.4008 3.6701
9.7244 -1.2420 7.5355
12.6491 -3.0439 6.7671
9.4920 -3.3576 4.3221
10.0377 -3.2037 4.9422
10.1656 -2.7795 5.8567
9.6398 -3.2893 4.5428
6.8120 -2.8085 3.8624
8.9705 -3.1952 4.3428
8.1546 -3.3105 3.6430
1.5281 -0.5741 5.2387
12.3162 -2.8780 6.9035
6.2640 -1.9905 5.1669
10.7297 -3.2747 5.2012
5.5270 -1.5332 5.6476
8.5822 -1.3360 6.1789
10.7846 -3.1515 5.4769
12.0833 -1.2017 6.3691
7.3689 -2.3036 4.5415
9.6310 -3.1952 4.7241
2.6825 -1.4398 4.1897
8.9655 -3.2518 4.2277
10.5642 -2.7795 6.0869
10.9108 -0.4087 10.9854
10.2773 -2.8509 5.7797
8.8224 -2.8087 5.0231
9.2699 -3.3379 4.2328
11.4990 -3.2747 5.6454
8.9131 -3.3175 4.0671
11.4881 -3.0949 5.9954
7.2137 -1.9468 4.9361
7.4227 -2.0997 4.7958
0.6175 -0.2276 5.3995
9.6104 -1.7957 5.6617
7.9409 -3.3947 3.3526
8.3128 -2.1123 4.8112
6.9358 -3.0434 3.4684
9.2747 -3.3175 4.2759
11.8838 -1.8847 6.7189
10.1017 -2.3567 5.7622
9.5908 -2.0096 5.3255
8.1908 -1.8904 5.4163
9.6461 -2.7942 5.5275
10.5950 -2.0817 6.5633
10.0927 -3.4068 4.5714
10.1992 -2.7943 5.8469
11.9462 -3.0223 6.4039
9.6763 -3.3511 4.4413
9.0253 -3.1236 4.5161
9.7555 -1.3201 7.2611
11.7270 -3.4070 5.5150
10.5480 -3.4185 4.8112
9.4499 -2.8370 5.3293
11.7575 -3.1869 5.9688
12.2049 -3.1607 6.2791
8.2917 -3.4067 3.5316
9.8040 -2.8644 5.4795
4.0431 -0.5742 6.6909
8.5093 -1.2635 6.3468
9.6481 -3.2965 4.5333
9.7291 -2.7644 5.6346
10.4801 -2.1449 6.0670
7.5276 -1.2334 3.8207
10.0300 -3.2441 4.8577
8.6358 -3.3888 3.7658
11.4956 -3.1869 5.8175
11.7797 -2.7944 6.7594
7.3010 -3.0109 3.7438
9.9370 -3.1781 4.9348
13.0233 -2.2757 8.5056
11.3206 -2.0473 6.9840
10.9603 -3.4185 5.0493
9.0868 -3.1514 4.4967
7.2654 -3.1140 3.5189
7.0091 -0.1313 9.2816
10.5434 -2.8910 5.8540
9.4418 -0.5745 9.8084
13.4584 -0.3204 12.6316
9.2719 -3.0110 4.8817
10.5090 -3.0748 5.4698
11.3646 -2.4856 6.5782
4.7807 -1.4400 5.4013
4.9172 -1.1789 5.9976
7.7404 -3.0328 3.9541
9.3265 -3.2361 4.4672
6.3693 -2.4165 4.3835
9.0400 -2.2439 5.0915
10.7074 -2.8372 6.0553
12.6168 -2.4388 7.9476
8.0342 -0.1314 9.8736
7.7101 -2.5016 4.5052
10.9681 -3.0222 5.8392
11.8564 -2.2516 6.8989
4.9654 -0.7991 6.7780
12.6369 -2.9292 6.9872
6.4971 -0.7272 7.8051
6.0125 -2.6507 3.7135
12.1866 -3.3514 5.8907
11.1244 -2.2170 6.4674
12.6507 -1.4405 9.9455
7.4617 -2.2529 4.3662
9.0173 -3.1866 4.3867
10.8767 -3.2442 5.3466
10.4704 -2.9653 5.6644
9.8929 -1.8110 5.8911
6.0222 -2.6332 3.7537
9.3409 -3.3379 4.2738
9.4545 -2.9885 5.0318
12.2120 -3.2748 6.0570
9.2424 -0.8992 7.4512
9.8483 -3.0436 5.1500
10.4448 -3.2672 5.0516
12.5324 -2.6851 7.4107
11.9013 -2.1419 8.1226
9.6564 -3.3036 4.5240
8.6215 -2.9769 4.5737
12.1340 -3.3514 5.8602
9.5232 -3.0541 4.9415
7.2344 -0.8685 7.9509
10.0663 -1.0616 9.2037
9.0181 -3.1330 4.4934
1.1103 -0.8682 4.4146
9.6641 -3.0848 4.9620
1.0931 -0.7989 4.5419
10.5916 -3.1953 5.2787
13.1980 -1.9584 9.2351
9.6061 -0.1314 10.7813
8.8304 -3.1951 4.2619
9.0242 -2.6848 5.3851
10.5397 -2.6849 6.2601
10.1193 -3.3107 4.7773
11.9932 -3.2895 5.9016
5.6338 -1.8548 5.0719
11.7525 -3.1954 5.9489
10.5240 -3.0542 5.5193
11.1000 -3.0850 5.7910
11.7553 -1.8905 8.5365
11.3672 -2.1103 6.8729
10.4326 -3.1515 5.2737
7.6386 -3.2891 3.3874
10.6979 -3.2966 5.1394
9.8854 -0.9996 9.2221
9.3026 -2.8909 5.1376
10.0992 -3.0849 5.2132
8.4646 -2.9533 4.5299
12.2007 -3.3382 5.9249
6.2140 -2.4596 4.2084
11.4203 -3.1047 5.9369
-0.4513 -0.2275 4.7823
8.3708 -3.3702 3.6495
5.9812 -2.3482 4.2948
11.9142 -1.8074 6.6656
10.1038 -3.0221 5.3402
4.9437 -2.2235 3.9427
3.0640 -1.4399 4.4100
9.7836 -1.8413 5.8190
8.4627 -3.0328 4.3712
3.2388 0.0756 7.5142
11.9292 -3.2520 5.9388
13.0848 -2.1700 8.7504
10.2562 -3.2362 5.0039
11.1704 -2.1589 6.9197
4.7149 -1.2346 5.7702
12.7334 -1.2890 10.2934
10.5437 -3.2283 5.1857
7.7173 -2.3422 4.5019
8.4596 -3.2745 3.8905
7.7135 -3.0109 3.9819
6.3189 -2.3942 4.3986
12.0339 -2.2501 7.9848
6.9244 -2.9650 3.6171
12.9069 -1.9250 9.1333
8.7126 -3.4008 3.7863
11.8144 -1.9584 8.4362
8.8485 -2.8087 5.0382
5.4449 -0.6522 7.3459
10.4492 -2.1223 6.0743
11.4233 -0.9354 10.2375
12.6308 -2.1974 8.4341
11.9264 -3.2038 6.0327
7.2067 -2.9163 3.8767
2.5571 -1.3405 4.3141
12.2568 -3.3514 5.9312
11.3293 -2.9291 6.2322
8.5156 -3.0110 4.4450
8.8876 -3.3035 4.0802
9.6905 -1.5755 6.4198
7.2741 -1.7826 5.3326
11.6741 -1.8905 8.4896
11.4586 -1.9583 8.2308
11.2855 -2.9039 6.2569
13.3343 -1.7038 9.8184
6.0490 -0.4084 8.1780
11.0126 -3.1238 5.6635
9.7933 -2.7014 5.7965
10.5690 -3.3447 4.9697
8.1941 -2.8229 4.6320
11.6424 -3.1333 6.0086
11.4615 -3.1695 5.8323
7.2980 -3.0945 3.5763
6.5154 -2.3001 4.6987
10.6443 -3.0000 5.6962
8.7866 -1.9488 5.4101
6.9960 -1.5112 5.7491
11.7258 -1.9909 8.3205
4.2791 -1.5331 4.9270
7.1935 -2.8907 3.9199
4.0016 -1.8900 4.0595
5.1311 -2.0222 4.4498
10.0381 -1.8312 6.0629
9.7381 -3.3889 4.4022
9.7905 -3.1045 4.9959
10.9339 -2.7177 6.4230
7.0287 -1.7405 5.1859
8.8902 -3.3888 3.9127
12.1211 -2.1420 8.2495
4.6825 -0.8684 6.4773
8.3785 -2.8086 4.7668
4.7452 -1.5776 5.1080
12.6474 -2.6512 7.5443
6.0739 -2.5407 3.9669
9.5761 -1.7842 5.5919
8.7668 -3.4183 3.7828
12.0187 -3.2364 6.0215
9.5288 -2.7175 5.6117
12.0445 -2.3005 7.8911
11.0659 -0.7153 8.1970
11.0697 -2.7645 6.4086
9.5437 -1.9500 5.2921
7.9745 -3.3887 3.3840
10.2676 -3.4185 4.6493
11.7373 -2.3005 7.7138
11.0839 -1.8935 7.0997
6.4987 -2.7488 3.7998
8.2263 -3.4007 3.5055
11.2768 -2.8089 6.4402
10.6479 -3.3704 4.9643
9.0771 -2.4411 5.2265
7.8066 -3.2963 3.4701
8.1275 -3.2200 3.8067
7.9891 -3.0946 3.9753
9.8438 -3.3766 4.4876
7.3097 -3.0745 3.6226
12.0866 -2.9536 6.6212
5.4233 -2.3000 4.0681
9.9042 -3.2746 4.7246
8.5352 -3.1330 4.2146
6.8062 -2.9650 3.5488
6.8338 -2.7641 3.9629
11.2179 -3.1606 5.7092
9.9555 -3.1237 5.0532
12.1637 -2.0537 8.4491
9.7988 -2.6681 5.8657
6.9408 -0.1313 9.2422
7.2835 -3.0219 3.7119
7.6853 -0.0303 9.8723
11.5623 -3.2597 5.7118
11.1912 -3.0543 5.9045
10.5797 -1.5960 7.3907
12.7895 -2.4602 8.0049
8.5530 -3.0328 4.4233
10.5080 -3.2363 5.1493
11.6925 -2.7492 6.7986
8.9059 -3.3035 4.0907
9.2076 -3.0329 4.8013
9.2475 -3.2745 4.3455
15.0055 -0.4088 13.3499
9.8969 -1.6681 6.6406
2.4305 -1.1787 4.5617
12.6432 -2.9888 6.8729
12.1595 -3.3768 5.8245
10.9926 -3.3108 5.2815
6.5528 -2.7488 3.8310
2.5379 -0.7990 5.3762
9.1856 -3.4126 4.0361
7.5407 -3.0434 3.8177
11.0387 -0.4087 11.0593
5.5276 -2.1415 4.4424
11.1963 -3.2894 5.4415
10.6237 -2.3576 6.0656
9.0247 -3.1514 4.4608
7.8174 -1.5688 5.5856
7.9053 -2.7489 4.6119
12.7325 -2.2502 8.3882
8.4397 -2.2083 4.8935
9.2517 -1.8949 5.3491
10.5280 -2.1902 6.1359
8.1289 -1.9428 5.2889
9.9146 -3.2441 4.7911
12.4371 -2.7646 7.1981
12.1611 -3.3247 5.9288
9.5784 -3.3703 4.3467
12.3477 -3.0544 6.5722
8.5032 -2.0840 5.0284
10.7484 -3.1782 5.4032
9.8976 0.0754 11.3595
10.8544 -3.0222 5.7735
7.4179 -3.1691 3.4977
7.0165 -1.7635 5.0748
7.2749 -2.0255 4.8357
7.3431 -2.7642 4.2570
10.7931 -3.2037 5.3784
5.8435 -2.4383 4.0368
11.5623 -2.9535 6.3185
12.7606 -2.8373 7.2408
9.5771 -3.0848 4.9118
8.7130 -2.8777 4.8232
11.7470 -2.9655 6.4015
8.6075 -2.9533 4.6125
5.5808 -2.3481 4.0636
12.3713 -0.0305 12.5783
7.0859 -1.8394 4.8935
14.3680 -1.4406 10.9372
9.8256 -2.3140 5.5718
11.7344 -2.4131 6.7666
5.4543 -2.1415 4.4001
9.7040 -0.2279 10.6466
12.2842 -3.1426 6.3608
11.3179 -2.8646 6.3536
10.0037 -1.9480 5.8636
12.3894 -2.8511 6.9991
8.9941 -1.2872 6.3103
8.6660 -3.3948 3.7712
10.9652 -2.8910 6.0975
10.5410 -3.1046 5.4292
12.3461 -1.9249 8.8095
10.1886 -3.0111 5.4110
12.9421 -2.2502 8.5092
11.2286 -2.0418 6.9107
12.3896 -3.2673 6.1744
11.9822 -2.8511 6.7641
7.0318 -1.4318 5.9348
12.7723 -2.9168 7.0901
12.1839 -3.4011 5.7904
11.3988 -3.1047 5.9245
12.2113 -2.8511 6.8963
8.3421 -3.0644 4.2389
5.6503 -2.2235 4.3507
7.7602 -3.1422 3.7488
10.8117 -3.0437 5.7063
9.1259 -2.3149 5.1701
8.0384 -2.8369 4.5144
11.7396 -3.4128 5.5106
11.9655 -3.1783 6.1059
8.8591 -3.1514 4.3652
9.7009 -3.3106 4.5358
12.1364 -3.3315 5.9010
7.1097 -1.8722 4.8819
12.3032 -3.0544 6.5465
11.4573 -3.3314 5.5090
10.1670 -2.9290 5.5612
13.4274 -0.9355 11.3947
7.6544 -2.2721 4.6185
6.3843 -2.8506 3.5320
8.3191 -2.0496 5.1372
3.5595 -0.0302 7.4898
9.4344 -3.4126 4.1797
10.6065 -1.9892 6.7597
10.0281 -2.0822 5.5380
10.8798 -3.0543 5.7247
14.3657 -0.4088 12.9805
9.3571 0.1864 11.2674
6.9161 -0.0303 9.4281
9.3687 -3.2671 4.4302
13.0339 -1.2890 10.4670
8.7865 -3.3175 3.9941
8.6902 -3.0747 4.4197
12.1308 -3.0750 6.4061
8.5056 -0.9511 6.8357
9.6266 -2.0017 5.3217
11.4562 -3.3767 5.4185
9.7327 -2.1612 5.4273
5.3921 -2.4596 3.7339
11.5659 -3.2520 5.7291
10.2304 -3.4127 4.6393
9.8813 -2.0810 5.4499
7.4646 -3.1329 3.5965
12.7576 -1.5781 9.7345
10.4770 -1.4505 7.6026
7.8698 -3.1951 3.7073
9.8389 -2.8778 5.4733
9.3303 -2.3986 5.3447
2.0646 -1.3405 4.0297
11.8652 -3.4011 5.6065
8.1262 -2.6847 4.8667
5.4094 -2.3714 3.9186
10.6178 -3.3828 4.9222
9.7789 -3.3949 4.4138
11.9664 -3.4186 5.6301
6.3955 -2.5973 4.0404
10.5393 -2.1027 6.2633
14.8508 -0.7996 12.4862
9.8458 -2.2034 5.5276
7.7260 -3.0746 3.8630
9.7828 -2.7644 5.6656
10.3428 -3.4069 4.7158
11.8547 -2.6337 7.1212
11.9193 -3.3768 5.6859
12.1797 -3.3578 5.8738
12.2184 -2.6512 7.2966
5.6890 -2.5973 3.6325
8.0236 -1.8006 5.2428
14.3959 -0.7276 12.3662
11.5891 -3.2821 5.6827
7.3107 -2.1277 4.4798
8.3076 -2.9037 4.5375
7.6979 -3.3034 3.3933
7.5635 -3.1140 3.6910
11.0596 -3.4128 5.1180
11.9010 -2.0522 6.7914
9.2615 -3.4184 4.0685
11.1769 -2.7645 6.4705
12.5767 -2.6337 7.5380
9.4556 -3.3176 4.3803
11.7593 -2.8911 6.5560
8.0681 -1.8776 5.1283
12.0333 -3.1695 6.1625
10.2029 -3.3512 4.7454
10.2360 -2.0624 6.0622
7.2789 -2.9651 3.8218
9.0460 -3.3106 4.1576
12.9846 -1.4405 10.1383
9.4048 -3.3576 4.2717
11.2077 -3.4186 5.1921
11.7756 -3.2822 5.7904
8.0310 -3.1513 3.8871
8.4117 -3.3035 3.8054
10.8727 -3.2037 5.4243
9.5263 -3.3827 4.2920
8.4790 -3.1141 4.2196
7.1404 -2.9288 3.8137
7.8644 -1.5206 5.9132
10.5282 -3.3313 4.9725
12.0496 -1.2350 10.0055
8.9173 -2.4414 5.1350
7.3394 -2.9411 3.9043
12.6370 -2.7797 7.2837
9.3852 -0.7273 9.4728
9.3756 -3.4068 4.1574
9.0224 -3.2745 4.2155
-0.3406 0.0758 5.4473
4.2242 -1.8184 4.3299
1.7354 0.0757 6.6461
12.4709 -2.2756 8.1866
10.4752 -1.5890 7.2761
9.3806 -2.7643 5.4334
8.7024 -2.7175 5.1346
9.0212 -2.9037 4.9496
11.6775 -3.3513 5.5967
9.7568 -3.3446 4.5008
5.4602 -2.4382 3.8155
5.3116 -2.1128 4.3746
11.3231 -3.4186 5.2588
13.2295 -2.1701 8.8340
8.9005 -3.1514 4.3891
12.3216 -2.3486 7.9557
7.7451 -3.2669 3.4929
8.4794 -2.2330 4.8993
7.9631 -2.1409 5.0093
9.5659 -2.8230 5.4241
9.7879 -1.4009 7.1502
8.7333 -2.1811 4.9873
7.1942 -2.1561 4.6157
11.5101 -3.0331 6.1307
9.9903 -3.0542 5.2111
3.3833 -1.6625 4.1531
10.7584 -3.4010 4.9675
8.2562 -2.9164 4.4827
7.5626 -2.9651 3.9856
0.9197 -0.7989 4.4418
10.3085 -3.0221 5.4584
9.0671 -2.9769 4.8310
10.4395 -2.8778 5.8200
8.8804 -1.4630 5.9765
11.4529 -2.2283 6.6886
13.8836 -1.2351 11.0644
13.3653 -0.1316 12.9521
10.5302 -2.9291 5.7709
12.3181 -2.7797 7.0995
8.5982 -3.0847 4.3466
8.3323 -3.1044 4.1540
9.2258 -1.1726 6.6783
10.4655 -2.1798 5.9833
11.1637 -2.8910 6.2122
6.6804 -2.9287 3.5482
7.9544 -3.3105 3.5274
10.4210 -2.1245 6.0648
12.0512 -2.4810 7.5373
7.7539 -1.8939 5.3564
5.7247 -1.6627 5.5051
12.7768 -2.8912 7.1435
12.5579 -2.2501 8.2874
12.0387 -3.3951 5.7185
10.5867 -3.3447 4.9799
8.5924 -1.0902 6.5364
4.1630 -1.0613 5.7949
6.6196 -0.5743 8.1787
4.5194 -1.2885 5.5505
6.5113 -2.8775 3.5520
6.6149 -0.7272 7.8732
8.1877 -1.1841 6.3952
9.6951 -1.9148 5.5653
8.8911 -3.2745 4.1397
8.8803 -3.4008 3.8831
5.9447 -2.6154 3.7441
9.2089 -3.4068 4.0611
4.3874 -0.7991 6.4442
4.4719 -2.1694 3.7774
10.2094 -3.4068 4.6388
10.3738 -2.8371 5.8627
12.5214 -2.3947 7.9798
12.6768 -3.0002 6.8697
9.2576 -1.8745 5.3932
7.6745 -3.1329 3.7177
12.7600 -2.5605 7.7891
12.4337 -2.9888 6.7519
8.3001 -3.2361 3.8746
4.9094 -2.2496 3.8712
9.1008 -1.7148 5.6085
8.4794 -0.9514 6.7878
13.7740 -1.1216 11.2261
10.2256 -0.7994 9.8154
8.6196 -2.0940 5.1275
8.6823 -2.0907 5.1532
15.1975 -0.4088 13.4608
8.2981 -3.1603 4.0235
9.0202 -2.9769 4.8040
9.8633 -3.3949 4.4625
8.1236 -3.4183 3.4115
8.8051 -3.2036 4.2306
8.0162 -2.4404 4.6124
12.3539 -2.0537 8.5589
7.6675 -3.2593 3.4631
7.3730 -2.2017 4.3476
7.8772 -3.2669 3.5691
11.3715 -2.8510 6.4114
8.5016 -2.0131 5.2330
12.3446 -3.1239 6.4326
11.9909 -2.8780 6.7157
5.8203 -2.4165 4.0666
7.0731 -2.8085 4.0131
7.5110 -3.0219 3.8432
12.5937 -3.0332 6.7563
10.9895 -2.8089 6.2744
8.9369 -2.1118 4.9931
11.4980 -1.7432 8.6799
9.2194 -0.8686 9.0971
12.7310 -2.8647 7.1695
9.7916 -3.2746 4.6596
12.0516 -1.9584 8.5732
8.1584 -3.2818 3.7020
4.6927 -2.1968 3.8507
11.7354 -1.9583 8.3906
8.7153 -2.9769 4.6279
6.6574 -2.6333 4.1204
10.0241 -2.7644 5.8049
9.0661 -3.1514 4.4847
12.3501 -1.9910 8.6809
8.4429 -3.3175 3.7957
9.1081 -3.3575 4.1004
8.6744 -3.2594 4.0444
8.6830 -3.2440 4.0800
-0.0542 0.0757 5.6126
8.5628 -3.2118 4.0743
6.4711 -2.7173 3.8463
9.2928 -1.9342 5.2939
8.1888 -3.2035 3.8748
9.7456 -1.2856 7.4602
7.8690 -3.1865 3.7237
8.6627 -2.7490 5.0492
8.1907 -1.9887 4.9649
8.1345 -3.1513 3.9468
7.8332 -3.0540 3.9657
9.1466 -3.2819 4.2725
8.8967 -3.2670 4.1577
9.2491 -3.3244 4.2475
10.4043 -2.9166 5.7230
11.1694 -3.3447 5.3163
4.8023 -2.2235 3.8611
12.0360 -1.3147 6.4521
5.5318 -2.2751 4.1801
13.8548 -1.6632 10.1995
10.6297 -2.1033 6.5382
3.9791 -0.0302 7.7320
5.6970 -1.9245 4.9704
11.0407 -2.8510 6.2204
2.6322 -0.5742 5.8762
7.4902 -1.5083 3.8861
9.1240 -1.0464 6.9966
7.9666 -3.0540 4.0427
9.1242 -2.5290 5.3128
11.8230 -2.7015 6.9684
10.5155 -3.3828 4.8631
10.2815 -3.3641 4.7652
10.1744 -3.3828 4.6662
6.6078 -2.9287 3.5062
9.2030 -1.5420 5.8957
13.0124 -2.1700 8.7086
13.9440 -1.7039 10.1704
8.0196 -2.3523 4.7019
7.3418 -2.9997 3.7895
11.9354 -3.3578 5.7328
10.7731 -2.5278 6.2618
12.2666 -3.1607 6.3147
11.7850 -3.4186 5.5254
11.7836 -2.2337 6.8945
7.2212 -3.0327 3.6544
6.2601 -2.1415 4.8654
8.1424 -3.2594 3.7373
11.7425 -3.2121 5.9101
12.3081 -1.6631 9.3064
11.2429 -3.0112 6.0197
8.9021 -3.3948 3.9075
7.6247 -3.1044 3.7455
9.6116 -3.3828 4.3413
6.9943 -2.6679 4.2464
9.3886 -3.3703 4.2372
8.2277 -2.5315 4.8007
11.3534 -3.1143 5.8791
5.0957 -0.1313 8.1767
9.8425 -3.4068 4.4270
12.1104 -2.9536 6.6349
8.8871 -3.4126 3.8638
9.1012 -3.2281 4.3529
11.5645 -3.3314 5.5709
9.3938 -1.3674 6.5176
-0.0972 -0.1311 5.1780
12.2951 -3.2673 6.1199
8.9382 -2.8777 4.9532
9.7525 -1.9912 5.4524
11.8317 -3.4011 5.5871
8.9550 -3.3106 4.1051
7.3432 -1.8085 5.2893
9.8629 -1.8561 5.7942
9.1431 -1.9223 5.3891
3.2949 -1.6625 4.1021
9.2469 -1.1780 6.8393
11.5969 -3.4011 5.4516
9.7923 -3.3766 4.4579
9.6417 -1.6759 5.8937
7.8758 -2.5314 4.5975
12.8765 -2.3249 8.3233
12.0864 -1.4479 6.4943
12.7932 -1.1793 10.5454
1.6358 -0.4083 5.6296
9.8352 -2.2737 5.5508
10.6773 -2.0389 6.7120
7.8029 -3.2744 3.5114
8.1347 -3.3243 3.6041
12.2403 -3.0750 6.4694
7.4930 -3.2034 3.4731
10.0860 -1.4238 7.5992
11.6695 -3.4186 5.4587
8.5448 -3.0540 4.3765
11.6235 -3.4128 5.4436
8.4141 -2.4865 4.8772
13.7817 -1.2351 11.0056
8.3729 -3.3105 3.7690
10.3838 -3.2202 5.1094
9.1917 -3.3445 4.1745
10.0613 -1.7740 6.4695
10.1713 -3.1953 5.0361
7.7475 -2.7793 4.4606
6.3961 -2.8368 3.5662
11.2219 -2.0787 6.7963
11.8204 -2.7646 6.8420
3.5924 -0.1312 7.3086
7.4227 -1.6486 4.0046
4.0662 -0.4084 7.0330
7.7337 -1.4312 5.8094
11.7808 -2.7336 6.8804
12.7471 -2.2756 8.3461
11.3955 -2.9535 6.2222
6.2433 -2.5599 4.0265
10.0658 -2.8371 5.6849
9.8568 -2.7942 5.6492
11.4630 -3.2203 5.7325
10.4355 -3.3245 4.9325
6.0028 -2.7172 3.5759
10.3730 -3.0646 5.4115
11.6104 -2.8911 6.4701
2.9585 -0.4930 6.2255
6.1594 -1.7812 5.5212
12.5907 -2.3005 8.2065
10.4838 -3.3512 4.9075
11.7949 -3.1239 6.1152
12.3549 -2.8911 6.8999
9.6371 -0.2279 10.6080
10.9309 -3.1782 5.5086
11.6805 -3.0543 6.1870
10.2591 -2.6849 6.0981
9.5251 -2.0148 5.2163
8.8985 -3.2119 4.2681
8.9037 -3.4126 3.8733
15.0928 -0.3205 13.5755
12.6537 -0.7995 11.2175
9.0720 -3.2819 4.2295
7.1469 -3.0945 3.4890
6.6109 -2.6846 3.9917
6.9797 -2.9768 3.6258
1.1769 -0.6520 4.8814
7.0858 -3.0327 3.5762
7.3631 -1.8844 4.1090
5.2086 -0.5743 7.3640
6.0243 -2.4596 4.0989
12.9111 -1.0618 10.8464
11.3625 -3.2284 5.6585
11.4685 -3.3038 5.5702
9.7968 -2.1193 5.4284
8.7618 -3.0220 4.5654
11.9810 -3.3038 5.8662
11.4167 -3.0438 6.0555
9.0283 -3.2892 4.1898
13.3476 -1.9250 9.3878
10.5293 -2.7491 6.1269
9.0170 -3.2119 4.3365
8.9569 -3.1866 4.3518
12.2891 -1.7038 9.2149
6.2559 -2.5407 4.0719
8.8196 -3.1141 4.4163
10.7261 -2.9414 5.8596
3.4315 -1.8184 3.8722
1.7052 -1.1787 4.1429
11.7292 -2.9536 6.4148
10.9105 -2.3983 6.2559
7.5140 -3.0946 3.7010
11.8454 -3.3382 5.7198
10.7098 -3.1868 5.3638
6.1230 -2.3942 4.2855
8.6115 -3.0541 4.4150
9.8180 -1.7619 6.0868
11.6530 -3.4186 5.4492
10.2974 -3.1694 5.1602
7.8662 -2.1115 4.8565
12.0754 -2.6512 7.2140
7.5169 -2.8086 4.2694
8.3956 -2.5758 4.9261
5.1910 -2.2235 4.0855
9.3306 -3.1142 4.7113
9.6206 -3.0848 4.9369
9.1209 -1.9011 5.4177
9.0508 -1.5302 5.9974
9.9696 -2.7176 5.8662
8.8021 -3.3702 3.8985
9.9374 -3.3107 4.6723
10.4889 -1.4282 7.8849
6.2952 -2.4805 4.2138
10.8468 -0.4086 10.9485
10.2303 -3.1237 5.2119
5.7398 -2.4596 3.9346
8.9107 -2.2742 5.0184
11.5309 -2.5325 6.7097
10.0429 -2.5295 5.8441
9.1499 -1.7627 5.5411
9.7991 -3.2036 4.8045
1.2358 -0.3199 5.5736
12.2183 0.1863 12.9196
9.2771 -3.2819 4.3479
8.6760 -3.0110 4.5377
11.0141 -2.9654 5.9784
7.8719 -2.9884 4.1181
9.3082 -3.1780 4.5717
8.5481 -3.3243 3.8428
9.7653 -2.9413 5.3049
10.1155 -2.7335 5.9190
10.0753 -2.0558 5.6577
0.6765 -0.4082 5.0756
9.5309 -3.1952 4.6663
11.6840 -2.7015 6.8882
12.1448 -3.3578 5.8537
10.3791 -3.1694 5.2074
11.0956 -2.7795 6.3937
9.3413 -1.4650 6.2609
6.2483 -2.5973 3.9554
11.5419 -3.3768 5.4680
4.5882 -1.7428 4.6900
10.0146 -1.3401 7.7221
8.1487 -2.7489 4.7525
11.2645 -2.7177 6.6138
8.7362 -2.3157 4.9471
3.6051 -0.8683 5.8552
12.1544 -2.9887 6.5907
9.4362 -3.0947 4.8107
7.0980 -0.2278 9.1417
4.3220 -0.4084 7.1807
10.3106 -2.8088 5.8824
12.1320 -3.3178 5.9256
9.9350 -2.9770 5.3321
12.5414 -2.8780 7.0336
6.4705 -1.0614 7.1274
10.6948 -2.9039 5.9158
8.4897 -2.0519 5.2437
10.7938 -2.2551 6.3827
2.9209 -1.4399 4.3274
10.6762 -2.8088 6.0935
9.5008 -3.3379 4.3661
11.8181 -0.6525 11.0261
10.3918 -3.2362 5.0822
5.5515 -1.8548 5.0244
11.4007 -1.8189 8.4737
10.6578 -3.4010 4.9094
7.6376 -3.1513 3.6600
10.5737 -2.2605 6.0197
7.4111 -2.9997 3.8295
0.1010 -0.4082 4.7432
7.0031 -3.0108 3.5718
14.9329 0.1862 14.4873
9.0574 -2.8087 5.1588
10.2665 -2.2822 5.8214
11.5623 -3.3705 5.4922
11.1489 -3.0331 5.9221
9.1879 -2.8087 5.2342
11.4618 -1.0617 10.0095
9.7978 -0.7273 9.7111
8.4158 -0.4085 9.5447
8.9201 -1.6869 5.7345
9.6264 -1.8473 5.5003
8.9469 -1.5789 6.0156
-0.9848 0.0758 5.0752
7.4554 -1.9229 5.1389
13.2953 -2.4602 8.2970
13.2665 -2.0537 9.0859
9.4502 -3.1780 4.6537
10.7691 -1.7500 7.4014
10.4740 -3.1515 5.2976
7.3699 -2.7642 4.2725
9.4394 -0.4086 10.1357
11.7025 -3.4186 5.4778
10.9361 -3.2747 5.3204
8.1051 -3.2517 3.7309
13.4479 -1.0618 11.1563
11.5546 -3.3513 5.5258
6.9324 -1.5091 5.6913
0.2928 -0.4082 4.8540
1.2971 -0.6520 4.9508
12.6784 -2.7646 7.3374
7.7296 -3.2818 3.4544
11.4318 -0.3203 11.4614
10.7700 -3.3767 5.0223
1.9154 -1.2884 4.0469
7.2421 -2.6508 4.4234
6.5784 -2.7792 3.7856
4.1286 -1.7811 4.3486
11.9360 -2.7492 6.9392
11.5140 -1.3915 9.3860
7.5907 -2.3991 4.3418
9.3399 -1.4942 6.1798
9.1477 -3.2201 4.3957
14.2249 -1.4405 10.8545
11.5723 -3.1954 5.8449
10.7260 -2.7943 6.1510
11.5740 -2.7796 6.6699
8.4118 -2.7793 4.8442
10.7414 -2.6201 6.3073
10.4655 -3.4185 4.7636
5.7161 -1.8548 5.1194
11.7931 -3.3108 5.7437
12.3499 -3.0750 6.5327
4.5021 -2.1414 3.8503
7.9313 -3.2200 3.6934
8.5712 -3.0435 4.4127
4.0021 -0.6522 6.5128
10.5022 -2.7491 6.1113
6.4160 -2.7173 3.8145
10.1881 -3.1237 5.1875
9.9171 -2.0025 5.5835
13.0344 -2.3006 8.4627
7.5101 -1.7857 5.4867
14.3930 -1.2352 11.3586
8.7503 -3.4183 3.7733
3.8745 -0.9993 5.7512
11.5351 -2.7336 6.7386
10.6781 -3.4127 4.8978
10.5230 -2.1973 5.9817
9.9673 -3.0221 5.2614
7.9659 -0.1314 9.8341
6.3745 -1.1008 5.8430
9.0054 -2.7175 5.3095
8.2091 -3.3105 3.6745
8.7649 -1.5657 5.8150
13.2722 -1.2351 10.7114
9.5703 -0.2279 10.5694
14.1994 -1.0618 11.5903
10.3623 -2.3578 5.9152
7.2806 -2.1562 4.2535
10.4037 -3.1331 5.2934
10.8118 -3.3177 5.1634
9.5144 -1.2353 7.2702
8.3536 -3.2517 3.8744
3.0457 -0.1312 6.9929
7.9057 -2.1864 4.7032
10.3317 -3.3889 4.7449
9.0233 -3.2281 4.3079
10.3798 -2.1017 5.9720
11.9494 -1.9037 6.7200
8.8562 -3.2964 4.0762
8.5945 -0.0304 10.3973
12.5959 -0.7995 11.1841
10.0409 -3.0948 5.1599
10.5273 -3.2363 5.1604
10.1533 -2.9038 5.6032
9.2140 -2.8087 5.2492
9.1411 -0.9353 8.9197
11.0293 -1.3915 9.1061
5.9374 -2.6846 3.6029
9.1493 -3.2595 4.3186
13.1873 -1.9250 9.2953
4.6634 -0.6522 6.8947
11.6634 -3.1333 6.0207
11.5756 -1.7816 8.6486
7.5233 -1.3897 3.8217
12.3050 -3.3247 6.0118
2.5859 -1.1787 4.6514
7.3341 -2.9288 3.9256
12.2615 -1.3411 9.9176
8.6768 -3.2200 4.1239
9.8111 -0.1314 10.8997
12.6236 -2.5793 7.6730
9.4618 -2.4850 5.4785
13.2401 -2.4811 8.2237
6.7440 -2.6333 4.1704
12.0877 -2.0537 8.4052
10.1844 -2.3195 5.7924
7.6438 -2.2978 4.5072
7.6247 -3.2439 3.4690
9.8061 -3.3576 4.5035
12.3582 -3.1517 6.3854
0.7042 -0.4929 4.9238
12.7479 -2.9168 7.0761
9.5027 -1.6647 5.9434
7.3373 -1.7843 5.3791
7.8709 -2.9768 4.1404
8.3752 -3.1044 4.1788
9.4184 -1.3012 6.7735
8.6724 -3.2281 4.1053
11.7820 -2.9887 6.3756
5.4554 -2.4596 3.7704
2.2258 -0.1311 6.5194
7.4479 -1.6313 5.5310
8.1585 -3.1236 4.0157
7.9897 -3.1692 3.8278
11.8920 -3.3891 5.6457
9.6542 -2.7014 5.7162
7.6894 -1.9044 5.1904
7.3188 -2.7012 4.3678
6.1621 -1.9580 5.1726
11.6635 -3.2121 5.8645
9.6229 -1.6509 5.9336
7.9570 -3.3764 3.3983
6.2015 -2.2497 4.6172
11.2265 -2.7944 6.4400
8.4021 -3.2200 3.9653
8.9411 -2.9533 4.8051
12.2411 -1.3916 9.8058
10.7467 -3.1694 5.4196
11.3430 -3.2284 5.6472
7.3447 -2.9532 3.8834
10.4101 -3.3446 4.8780
7.7191 -3.2360 3.5391
11.8839 -3.4186 5.5825
10.9891 -2.5368 6.4064
11.9198 -2.9536 6.5249
8.5552 -1.4878 6.0144
10.0318 -2.8231 5.6931
12.0399 -2.9167 6.6673
8.7677 -3.0110 4.5906
9.0201 -3.3948 3.9757
11.9376 -3.1607 6.1248
9.8795 -2.1945 5.5236
9.7558 -1.8358 5.6506
13.8438 -0.1316 13.2284
8.6703 -3.1951 4.1695
11.8120 -2.3719 7.6153
11.8771 -3.4070 5.6016
10.2749 -1.7432 6.8385
9.3713 -2.2753 5.2871
12.0913 -0.9355 10.6233
10.1303 -1.6171 6.9761
6.5404 -2.7011 3.9183
12.5902 -2.6512 7.5113
8.4732 -1.5236 5.9259
9.8570 -2.3987 5.6489
10.3359 -3.2037 5.1144
12.1252 -3.3247 5.9080
7.4724 -1.0515 6.6163
8.1025 -0.1314 9.9130
10.8681 -2.9166 5.9908
8.4609 -2.9652 4.5042
11.6449 -3.3768 5.5274
7.7662 -0.2279 9.5276
9.1986 -3.0947 4.6736
11.4561 -2.9887 6.1875
12.2989 -3.1696 6.3158
7.8356 -3.0746 3.9263
8.5746 -2.9769 4.5466
6.5613 -2.8775 3.5809
12.9197 -1.3916 10.1977
9.0964 -3.1141 4.5761
10.0892 -2.8778 5.6177
11.1102 -2.0950 6.9072
9.7890 -3.3889 4.4316
14.7760 -1.1217 11.8047
8.8879 -2.1987 4.9622
11.7611 -3.3314 5.6844
11.3383 -3.3108 5.4811
11.2175 -3.2747 5.4829
12.6279 -2.8912 7.0575
11.4788 -3.3642 5.4565
8.0583 -3.4066 3.3968
7.1660 -3.0539 3.5805
8.4119 -2.1710 4.9502
12.6824 -2.9536 6.9652
10.2254 -2.3993 5.8630
13.8975 -1.6213 10.3071
8.4571 -3.3702 3.6993
8.9341 -3.1330 4.4449
14.2893 -0.5747 12.6076
11.5162 -2.1856 6.7846
10.7880 -2.8645 6.0477
8.6063 -3.2035 4.1158
12.3536 -3.2822 6.1241
11.5313 -3.0949 6.0204
10.5381 -2.2260 6.0685
1.2522 -0.0301 6.1573
11.3110 -2.4857 6.5475
10.1351 -3.3313 4.7456
11.9771 -3.4070 5.6594
10.0861 -3.2671 4.8445
4.7441 -0.9351 6.3807
9.4040 -2.7013 5.5717
7.7662 -2.9036 4.2249
9.9978 -3.1515 5.0227
9.3216 -2.8370 5.2552
9.5011 -2.9413 5.1524
9.9391 -1.4469 7.2524
7.6099 -2.9651 4.0129
9.0996 -1.6174 5.8558
5.2848 -1.1212 6.3242
6.0697 -2.6507 3.7465
11.5697 -3.3891 5.4597
9.2253 -3.2595 4.3625
7.2364 -2.8228 4.0791
6.9781 -2.8642 3.8480
4.6707 0.0756 8.3411
9.6494 -1.0510 7.8022
6.2866 -0.6523 7.8320
13.3954 -1.7817 9.6993
9.4065 -2.9653 5.0502
9.0642 -3.3106 4.1681
7.8785 -3.0644 3.9713
9.4578 -3.0947 4.8232
11.9708 -3.3768 5.7156
14.0302 -1.7818 10.0659
9.0876 -3.3949 4.0146
8.2199 -2.8229 4.6470
10.1854 -3.3512 4.7352
12.9673 -2.3720 8.2824
8.8730 -3.2200 4.2371
10.8946 -3.2283 5.3883
9.0537 -2.1175 5.0768
8.3389 -1.7641 5.6219
8.0105 -3.1235 3.9302
9.0022 -2.1619 5.0077
10.9075 -3.1332 5.5843
7.2161 -2.7792 4.1538
11.7245 -1.8552 8.5887
-0.0666 -0.5740 4.3178
7.8159 -3.2360 3.5950
1.3221 -0.0301 6.1977
12.4531 -2.2501 8.2269
10.0040 -3.3446 4.6435
10.7361 -1.9796 6.7958
10.2677 -1.6101 7.3203
9.8629 -3.1142 5.0186
12.0943 -3.2597 6.0189
9.3570 -2.9412 5.0692
11.3591 -1.9647 7.0953
12.1392 -1.1215 10.2822
12.0626 -1.5380 6.5408
12.4892 -2.4810 7.7902
8.6599 -3.3175 3.9210
12.6836 -2.8373 7.1964
8.5835 -2.1109 4.9632
9.0956 -3.2964 4.2144
9.6806 -3.1237 4.8945
9.3243 -3.2201 4.4977
13.7658 -0.9998 11.4627
5.1017 -1.7812 4.9105
9.3635 -3.0110 4.9346
11.7475 -3.2038 5.9294
12.0119 -3.2673 5.9563
8.7684 -3.3175 3.9836
12.0665 -3.0438 6.4307
9.8219 -3.0111 5.1993
8.9689 -0.2279 10.2221
13.0486 0.0753 13.1791
8.8384 -3.1514 4.3533
12.2104 -1.7816 9.0151
9.8544 -2.8645 5.5086
5.9495 -2.4165 4.1412
9.7278 -1.6501 6.4279
8.4284 -1.4851 5.9170
9.3999 -1.7907 5.5184
9.8185 -2.9165 5.3847
10.6139 -2.7645 6.1454
7.7786 -3.2439 3.5579
9.1173 -3.0329 4.7491
8.7166 -3.3948 3.8004
9.7564 -2.4852 5.6491
8.2126 -2.8776 4.5343
6.9687 -2.8085 3.9528
9.3560 -3.1514 4.6521
11.6998 -1.6212 9.0382
9.9345 -3.3640 4.5649
7.6993 -0.2279 9.4890
11.9108 -3.1695 6.0917
7.4000 -2.2773 4.3120
8.4798 -2.9037 4.6370
9.8432 -0.8686 9.4573
11.4459 -1.1792 9.7674
9.2246 -3.2964 4.2888
9.6645 -3.3106 4.5148
10.5529 -3.0748 5.4951
9.6492 -2.4853 5.5873
8.7987 -2.0114 5.1689
7.0007 -1.5355 5.5503
12.6389 -3.0332 6.7824
13.9242 -0.7275 12.0939
4.7372 -1.4873 5.2824
3.6963 -1.2346 5.1821
5.8123 -2.6506 3.5979
12.1483 -1.6212 9.2971
2.0175 -0.8682 4.9384
11.9920 -3.0850 6.3061
8.5172 -2.8643 4.7365
8.1264 -3.3948 3.4597
10.4294 -3.4127 4.7542
12.9272 -2.4811 8.0431
10.6458 -3.2441 5.2133
8.0551 -3.0644 4.0733
10.7444 -2.2872 6.2687
5.4921 -2.4382 3.8339
7.5855 -3.0434 3.8435
6.9138 -2.9163 3.7076
6.6937 -2.5600 4.2866
9.1365 -2.6848 5.4500
13.8328 -1.9911 9.5370
3.9534 -1.3911 5.0204
5.8293 -2.3942 4.1159
7.8595 -2.1695 4.9303
8.7967 -2.9998 4.6295
10.3855 -2.9886 5.5693
7.2966 -2.0470 4.7916
9.0523 -2.6848 5.4014
7.3804 -2.1807 4.4797
12.6443 -0.2281 12.3445
7.4638 -2.9532 3.9521
7.6807 -1.8346 5.4095
10.1853 -2.4852 5.8966
7.5572 -3.0946 3.7259
8.4427 -3.0946 4.2371
8.6625 -2.0870 5.1300
10.4151 -2.8088 5.9427
13.0993 -2.3720 8.3586
11.6684 -2.8089 6.6663
8.7251 -2.8508 4.8835
8.8962 -3.0947 4.4990
11.6075 -3.3178 5.6228
8.9421 -3.4067 3.9071
12.5350 -2.5412 7.6974
12.2908 -2.9655 6.7155
8.8278 -2.6848 5.2717
12.8574 -1.0618 10.8154
7.4064 -2.1766 4.5839
9.6027 -3.2893 4.5214
9.8478 -3.3640 4.5148
11.7207 -2.8089 6.6965
10.1340 -3.1694 5.0659
6.5800 -2.3942 4.5494
8.3050 -2.9164 4.5109
10.9326 -2.6850 6.4870
12.0207 -3.1048 6.2836
11.7064 -3.4128 5.4915
8.8010 -3.2964 4.0443
6.9950 -2.8907 3.8053
6.3367 -2.5973 4.0064
9.8595 -3.2671 4.7136
8.3883 -3.1330 4.1298
11.0857 -3.2821 5.3921
7.7880 -2.0201 4.9742
11.9994 -3.4011 5.6839
12.2634 -3.1426 6.3488
8.4481 -3.1422 4.1460
11.5188 -3.3890 5.4303
9.3680 -3.4126 4.1414
12.1230 -3.3448 5.8669
11.6086 -3.1606 5.9348
9.0888 -3.2201 4.3618
9.8111 -3.1952 4.8281
12.5692 -1.8190 9.1483
8.2649 -2.8643 4.5909
8.9048 -3.1141 4.4654
12.1443 -3.0850 6.3940
10.0097 -1.9527 5.6682
12.0561 -1.7433 9.0021
8.9108 -3.3639 3.9739
7.5820 -1.7858 5.3037
9.8028 -3.3036 4.6085
7.9669 -1.6296 5.8180
11.5623 -3.1239 5.9809
8.9826 -3.0947 4.5489
8.0392 -2.3146 4.5421
8.2387 -3.0220 4.2634
9.2621 -2.7794 5.3351
5.2281 -1.1789 6.1770
12.6638 -2.9041 7.0526
9.6013 -1.6182 6.1504
8.2397 -3.3378 3.6380
10.5077 -3.2820 5.0584
8.5366 -3.3105 3.8635
2.7678 -1.0612 4.9893
9.0637 0.1864 11.0980
7.5609 -3.1691 3.5803
10.7471 -3.3512 5.0595
5.2748 -1.7428 5.0865
9.3839 -1.8166 5.4850
5.7898 -1.7428 5.3839
10.3684 -2.8231 5.8874
10.5748 -1.5597 7.4411
3.7100 -0.4930 6.6595
10.8500 -0.4933 10.7825
11.5300 -3.1516 5.9073
1.9109 -1.1210 4.3760
8.8791 -0.8686 8.9006
10.3238 -3.0542 5.4037
2.9245 -1.5775 4.0567
9.6119 -2.9038 5.2906
13.6565 -0.9998 11.3996
13.2885 -1.8553 9.4918
5.4910 -2.1415 4.4213
10.8274 -3.4128 4.9840
8.4027 -2.9164 4.5673
9.0785 -0.3202 10.1025
10.5377 -2.9534 5.7269
10.5019 -2.9886 5.6365
6.2071 -2.6154 3.8956
13.5386 -2.0839 9.1832
6.1002 -2.1695 4.7175
3.0473 -1.4872 4.3066
11.6206 -3.3891 5.4891
10.0391 -2.1556 5.5890
8.2595 -2.1059 5.0650
6.3213 -2.7332 3.7283
8.9739 -2.1194 5.0361
11.3809 -1.2889 9.5125
10.3137 -3.0330 5.4399
6.1790 -2.0834 4.9338
11.3475 -3.2121 5.6821
14.5752 -1.0619 11.8073
8.4918 -3.4067 3.6471
4.9386 -2.0222 4.3386
8.7208 -3.2118 4.1655
9.4415 -2.9533 5.0940
9.9211 -1.6346 6.6942
8.2894 -3.1044 4.1292
10.6770 -2.6682 6.3727
9.8319 -2.7176 5.7867
9.8762 -3.1781 4.8996
5.7937 -2.1128 4.6530
8.6384 -3.4125 3.7202
8.9965 -2.8230 5.0953
11.9178 -2.9167 6.5968
7.5422 -3.1140 3.6787
13.6545 -0.3204 12.7449
6.3905 -2.7488 3.7373
9.0975 -1.8798 5.4478
10.7861 -3.0222 5.7342
8.3721 -1.0924 6.5311
7.7242 -3.1691 3.6746
7.3353 -0.7992 8.1464
10.7273 -1.1967 8.1988
8.8271 -3.3827 3.8883
7.0906 -3.0745 3.4961
9.7872 -3.2119 4.7812
6.3792 -0.7272 7.7370
12.6372 -2.3719 8.0918
11.5277 -3.2520 5.7070
9.9760 -3.4068 4.5040
8.5459 -2.0821 5.1517
4.7576 -1.1211 6.0198
10.7068 -3.3313 5.0757
11.1871 -3.3447 5.3265
8.9695 -3.3948 3.9465
7.0632 -3.0327 3.5632
6.5697 0.1865 9.6577
12.5312 -2.7493 7.2828
11.9934 -3.3315 5.8185
10.4115 -3.1953 5.1747
6.8233 -2.7488 3.9872
10.4434 -3.3037 4.9784
11.8220 -1.6631 9.0258
11.7779 -1.6631 9.0003
13.7639 -2.0840 9.3133
2.2365 0.0757 6.9355
8.8177 -3.0435 4.5550
8.8366 -3.3702 3.9185
9.5947 -2.0458 5.2645
7.7197 -2.3502 4.4459
7.5637 -1.1970 6.3857
8.5318 -2.9652 4.5452
8.8059 -3.2892 4.0614
7.3619 -2.8776 4.0431
8.4303 -3.1330 4.1540
10.8660 -2.8910 6.0402
12.6542 -2.1133 8.6142
7.1510 -1.4654 5.8466
11.0396 -0.3203 11.2349
13.0251 -2.1133 8.8283
8.8864 -2.9652 4.7499
13.3959 -2.1133 9.0425
14.3308 -1.3412 11.1125
8.2054 -3.3311 3.6315
8.0614 -3.3510 3.5089
12.1054 -3.0223 6.4959
9.6813 -3.2595 4.6258
9.5929 -1.6510 5.9171
10.7136 -3.2037 5.3325
11.0924 -2.8372 6.2776
7.0599 -1.5887 5.6556
8.8195 -3.2119 4.2225
12.3023 -3.1239 6.4082
10.2261 -3.4069 4.6484
10.0709 -2.0303 5.7611
11.8241 -3.3891 5.6066
11.7352 -3.3951 5.5432
11.5834 -3.3951 5.4556
11.0161 -2.7645 6.3776
8.7626 -2.9289 4.7503
8.3288 -2.1836 4.9391
13.7702 -0.0306 13.3861
12.0844 -2.1420 8.2283
9.2756 -2.1187 5.1261
12.1523 -2.5215 7.5154
9.3754 -0.4086 10.0988
10.5496 -3.3828 4.8828
11.4577 -2.9040 6.3563
10.3226 -2.0026 6.2459
10.1935 -3.3380 4.7660
10.2680 -3.0748 5.3306
10.2860 -1.9159 6.4212
12.6447 -2.6851 7.4755
11.4846 0.1864 12.4960
14.1925 -1.1794 11.3534
9.1593 -3.3244 4.1956
8.5534 -3.2745 3.9447
9.8134 -2.9413 5.3327
12.7735 -2.6683 7.5832
10.0480 -1.6417 6.8159
11.1576 -1.7906 7.3928
9.6666 -2.9653 5.2003
5.6869 -1.4400 5.9245
10.4032 -3.2965 4.9693
10.6674 -2.8910 5.9256
8.8995 -1.7089 5.6454
11.5643 -2.2018 6.7671
8.7997 -2.6848 5.2555
11.6003 -3.3951 5.4653
10.7064 -2.2784 6.0657
9.0116 -0.7993 9.1144
9.6575 -2.3570 5.5064
8.2982 -1.7478 5.5101
11.3746 -0.2280 11.6113
6.4016 -2.4165 4.4022
11.4627 -3.4011 5.3741
11.8059 -3.4128 5.5489
9.0428 -3.3888 4.0008
8.5578 -1.3877 6.2816
5.9540 -2.5973 3.7854
7.6440 -3.2439 3.4801
8.0539 -3.0946 4.0127
11.4644 -3.2673 5.6402
11.0642 -3.3314 5.2820
10.4068 -1.2043 8.2209
5.9040 -2.5788 3.7932
12.6780 -2.2756 8.3063
12.0431 -3.0750 6.3555
10.8405 -3.3890 5.0386
9.9076 -3.2362 4.8026
11.7579 -0.6525 10.9914
10.5523 -2.7335 6.1711
10.0849 -2.9534 5.4655
8.7544 -3.4126 3.7872
13.2458 -0.2281 12.6918
4.2348 -1.8547 4.2641
8.9846 -3.2518 4.2387
5.5137 -0.9994 6.6977
12.9159 -2.4602 8.0780
9.6714 -1.2365 7.3850
10.4830 -1.8915 6.9199
7.7091 -3.2744 3.4573
11.7838 -3.1425 6.0719
7.1908 -2.9768 3.7477
7.4836 -2.9411 3.9875
11.3107 -3.3447 5.3979
6.1485 -1.0614 6.9414
1.5922 0.0757 6.5634
8.1387 -2.8643 4.5180
10.0415 -3.2820 4.7892
8.4600 -1.8644 5.4538
9.0474 -3.0947 4.5863
7.5512 -1.2289 3.7792
11.3771 -3.2442 5.6355
6.8150 -0.7992 7.8460
10.1856 -3.2746 4.8871
12.2653 -2.4388 7.7446
7.1958 -0.0303 9.5896
8.2889 -3.2818 3.7774
12.9904 -2.5978 7.8481
7.8635 -2.8907 4.3067
9.3764 -3.3379 4.2943
10.0915 -2.8371 5.6997
8.9379 -3.3312 4.0544
10.7155 -3.2120 5.3171
4.9776 -2.0833 4.2401
7.8282 -1.0994 6.5978
5.6211 -1.2886 6.1866
12.8171 -2.1420 8.6514
10.2952 -2.8910 5.7107
11.1677 -3.0647 5.8704
10.3740 -3.3107 4.9244
7.9413 -2.9768 4.1810
12.3380 -1.3916 9.8618
9.9200 -2.9885 5.3006
10.8163 -2.8910 6.0116
11.0516 -3.2038 5.5276
10.7514 -1.8145 7.0775
7.6148 -1.7450 5.5508
9.7494 -3.2518 4.6803
5.4383 -2.2235 4.2283
10.2279 -2.9534 5.5480
8.8296 -2.7941 5.0561
8.5617 -3.4008 3.6992
12.2287 -2.7178 7.1706
10.2103 -3.1605 5.1275
11.2448 -3.0000 6.0429
7.3810 -2.2122 4.2936
10.1601 -3.3640 4.6951
10.4704 -2.3187 5.9556
5.8201 -2.6332 3.6370
9.3056 -3.1604 4.6052
13.2397 -2.3948 8.3946
8.7227 -3.0541 4.4792
9.9463 -3.2362 4.8250
11.5089 -3.2038 5.7917
9.3635 -1.7240 5.6371
9.0123 -2.9885 4.7765
8.2076 -2.0474 5.0652
8.5126 -3.2819 3.9065
7.0165 -1.1522 6.2363
9.2321 -3.2892 4.3075
8.1328 -2.4046 4.6677
8.2669 -3.2963 3.7359
12.6867 -2.5412 7.7850
8.2273 -3.3105 3.6850
8.5371 -3.3826 3.7209
10.0614 -2.0140 5.6109
12.1092 -3.3038 5.9401
5.6627 -2.5009 3.8081
9.1152 -2.2155 5.1379
11.5402 -1.2350 9.7113
9.1848 -3.3511 4.1575
12.0352 -2.1700 8.1444
11.7689 -3.0949 6.1575
10.2009 -1.2003 7.9958
8.1423 -2.8229 4.6022
8.0314 -3.1329 3.9237
12.3912 -2.8780 6.9469
11.1122 -2.9166 6.1317
8.0843 -3.2744 3.6739
9.9687 -3.0848 5.1379
12.4896 -2.5604 7.6330
7.6947 -2.2007 4.7216
10.1140 -3.3036 4.7882
7.8683 -3.3510 3.3975
11.9992 -2.9415 6.5947
8.3418 -3.4067 3.5605
8.4300 -1.0932 6.6090
11.8904 -3.1695 6.0799
8.6217 -2.2113 5.0070
5.8148 -2.5788 3.7417
12.9127 -2.6160 7.7673
9.0970 -3.3511 4.1069
8.2253 -2.0518 5.0908
9.6920 -3.2518 4.6472
9.4634 -1.6431 5.7970
7.5757 -3.0846 3.7563
10.1354 -3.3766 4.6559
10.0279 -1.8121 6.4562
3.4009 -1.5331 4.4199
13.4722 -2.2757 8.7648
8.3818 -2.7941 4.7976
2.2160 -0.3199 6.1397
9.5554 -3.3106 4.4517
9.8249 -3.0948 5.0352
8.7234 -3.0947 4.3992
10.1824 -1.8957 6.2769
7.0268 -1.7812 4.9580
10.4754 -2.5299 6.0945
10.7861 -3.1605 5.4599
6.0932 -2.5599 3.9399
6.4436 -2.7173 3.8304
3.6679 -1.7032 4.2370
11.9712 -1.6352 6.5657
9.5546 -3.1045 4.8597
10.4819 -3.2202 5.1661
12.3272 -2.8647 6.9364
7.4588 -3.1691 3.5213
11.8145 -3.2520 5.8726
8.2840 -2.7489 4.8306
6.4013 -2.7011 3.8381
11.9090 -2.0227 8.3634
8.5114 -2.3113 4.8065
5.3403 -2.1695 4.2788
12.9769 0.0753 13.1378
10.3776 -3.0748 5.3939
10.0423 -2.7491 5.8458
8.6023 -3.2118 4.0971
9.5260 -3.3949 4.2678
5.0521 -2.1127 4.2248
12.3695 -3.1607 6.3741
8.6887 -3.1604 4.2490
12.4438 -0.2280 12.2287
8.8738 -3.1604 4.3559
7.9321 -3.2360 3.6621
11.5629 -2.1180 7.1267
6.8185 -1.5630 5.3016
7.9524 -3.2593 3.6276
10.9900 -2.8779 6.1378
10.5533 -3.3037 5.0418
11.1665 -2.8646 6.2662
11.2443 -2.1477 6.7091
11.8228 -3.3448 5.6936
10.0222 -2.8909 5.5531
13.5596 -1.9911 9.3793
11.0189 -2.0530 6.9620
9.9375 -1.8717 5.7746
8.9113 -3.1045 4.4883
7.8036 -2.9997 4.0562
10.7742 -2.9414 5.8874
12.4504 -0.7275 11.2428
10.9004 -3.2966 5.2564
10.7847 -3.2672 5.2478
13.4297 -1.7433 9.7952
7.9848 -2.2498 4.6596
8.9305 -3.1952 4.3197
6.4483 -2.3482 4.5646
-0.3177 -0.2275 4.8594
9.3211 -2.4599 5.4109
6.4446 -2.1969 4.8622
5.4652 -2.4164 3.8615
10.2753 -2.1195 5.7875
12.0276 -3.3891 5.7241
10.4767 -1.9948 6.7073
7.3668 -2.1400 4.6623
12.1886 -3.1783 6.2348
11.7601 -2.4115 6.7777
11.3989 -3.2363 5.6637
11.2697 -2.8510 6.3527
11.3165 -2.9887 6.1069
11.7374 -3.1869 5.9571
1.0424 -0.0301 6.0362
8.5587 -3.0746 4.3438
9.5122 -3.0436 4.9560
11.3893 -2.9771 6.1718
12.0329 -3.4011 5.7033
9.0278 -3.3106 4.1471
7.6707 -2.7940 4.3870
9.3943 -2.1226 5.2054
10.5796 -2.7335 6.1869
7.4194 -1.6319 3.9238
9.7703 -1.2412 7.5452
12.3550 -2.3486 7.9750
7.8123 -3.0644 3.9331
11.6006 -2.7015 6.8400
12.0958 -2.7944 6.9419
12.5535 -1.5336 9.7048
7.9950 -1.6575 5.7382
5.3927 -0.5743 7.4702
8.4916 -3.3702 3.7193
9.0622 -2.6680 5.4404
11.8228 -1.1215 10.0995
7.1798 -2.7012 4.2875
11.6011 -1.6631 8.8982
12.0380 -2.9887 6.5235
11.9511 -3.3178 5.8212
12.9804 -2.5793 7.8790
8.5761 -1.9625 5.3416
11.4685 -3.0222 6.1281
10.0137 -1.8340 6.3770
11.4085 -2.9040 6.3279
10.2594 -3.4069 4.6677
8.6070 -0.7993 8.8808
0.4839 -0.2276 5.3223
-1.7722 0.0758 4.6205
3.1673 -1.2884 4.7698
12.2837 -2.5978 7.4401
4.4627 -1.9578 4.1913
10.9069 -2.5487 6.3855
8.6155 -3.0947 4.3369
10.3943 -2.0457 6.2064
9.9792 -3.2746 4.7679
7.6370 -3.2199 3.5235
5.5038 -1.6627 5.3775
13.6524 -1.4405 10.5240
9.0768 -3.0848 4.6229
12.2561 -3.2122 6.2066
8.9566 -3.3511 4.0258
8.8087 -3.4067 3.8301
10.0786 -3.3704 4.6356
11.7026 -1.7816 8.7219
11.3001 -3.1606 5.7567
13.2580 -1.7433 9.6960
10.3493 -2.7014 6.1176
9.7012 -1.8984 5.6215
5.7406 -2.6154 3.6263
8.0327 -2.4894 4.6636
13.9866 -1.4879 10.6231
11.6101 -1.6212 8.9864
10.2659 -2.7014 6.0694
9.1497 -3.3511 4.1373
9.6816 -3.0329 5.0749
8.2046 -3.2281 3.8352
3.2893 -0.7990 5.8101
12.6340 -2.1420 8.5456
1.0602 -0.4082 5.2972
9.4936 -1.5135 6.1230
5.8930 -1.8185 5.2935
8.4666 -3.3035 3.8371
8.4083 -3.0644 4.2772
13.0827 -1.8553 9.3729
3.5814 -0.6522 6.2698
11.0783 -3.3829 5.1881
7.7326 -2.0313 5.1224
9.0036 -3.2745 4.2047
11.9418 -0.8687 10.6691
1.6947 -1.0612 4.3697
13.6284 -1.6213 10.1517
5.3472 -2.3481 3.9288
9.7879 -2.7335 5.7298
12.7246 -1.7038 9.4664
11.9631 -2.7492 6.9548
8.0708 -2.6679 4.8679
11.4861 -2.3276 6.5638
11.4173 -3.1143 5.9160
10.2814 -1.8889 6.6156
8.0603 -3.3702 3.4703
11.1540 -2.6190 6.5432
11.4719 -2.7645 6.6408
10.8035 -3.2672 5.2587
10.6833 -3.3107 5.1030
8.8791 -3.3379 4.0072
9.5090 -3.4068 4.2344
10.5952 -3.4127 4.8499
10.4046 -2.4423 5.9955
12.2248 -2.5978 7.4061
2.0835 -0.4083 5.8881
10.3488 -3.2283 5.0732
2.6293 -0.9350 5.1595
11.5470 -3.0543 6.1099
4.9378 -1.9905 4.4011
12.0063 -3.1239 6.2373
10.0125 -3.0542 5.2239
7.8865 -3.3574 3.3951
11.7667 -2.4547 6.8103
8.7449 -3.0541 4.4921
10.4159 -3.1605 5.2462
11.1977 -3.3829 5.2570
8.4610 -3.4008 3.6411
8.0354 -2.9651 4.2586
9.6535 -2.9770 5.1696
12.6581 -2.0537 8.7345
0.5467 -0.5741 4.6719
7.0469 -1.2548 6.2730
7.9575 -2.6679 4.8025
9.0550 -3.0848 4.6103
10.6129 -3.3177 5.0485
11.8555 -3.2748 5.8512
8.4967 -3.1236 4.2110
8.4699 -3.4183 3.6115
7.3284 -0.4085 8.9167
8.9144 -2.7334 5.2255
10.2417 -3.2441 4.9799
12.5249 -3.0950 6.5940
10.0459 -2.9290 5.4913
7.4818 -2.7792 4.3072
12.2154 -2.9415 6.7195
11.6128 -3.1516 5.9551
10.7372 -2.0116 6.7798
9.3838 -1.7475 5.6043
7.7706 -2.3314 4.5053
13.3376 -2.3948 8.4511
11.9116 -3.0749 6.2796
6.2607 -2.5788 3.9992
11.2401 -3.1516 5.7399
11.1099 -3.4069 5.1587
9.5430 -2.7014 5.6520
3.8558 0.1866 8.0905
9.9318 -2.9038 5.4753
3.0745 -0.9350 5.4166
7.1926 -2.6679 4.3609
7.2495 -3.1235 3.4908
3.8094 -0.7990 6.1105
5.9598 -2.3942 4.1913
11.8430 -2.7177 6.9479
12.2844 -3.3578 5.9343
12.1176 0.0753 12.6415
8.1362 -1.9805 5.1579
12.9075 -2.7016 7.5946
8.3382 -3.3639 3.6433
10.5845 -2.0382 6.6558
12.1258 -1.7816 8.9663
4.3776 -1.0613 5.9189
12.1869 -2.9772 6.6323
8.2219 -3.1236 4.0523
9.9713 -2.3564 5.6861
8.5676 -3.2440 4.0134
10.2811 -2.1981 5.7650
7.4276 -3.0945 3.6511
9.6683 -1.4222 6.8276
7.9579 -2.6847 4.7694
11.5790 -3.3381 5.5659
1.8022 0.1867 6.9046
6.2449 -2.1695 4.8011
13.9875 -1.7039 10.1956
7.6925 -0.1313 9.6763
2.6895 -1.1787 4.7112
11.7524 -3.2284 5.8836
9.1382 -3.1867 4.4565
8.6059 -3.2819 3.9604
10.3748 -3.1605 5.2225
7.7481 -3.1865 3.6539
6.3632 -1.0614 7.0654
11.1698 -3.2121 5.5794
10.3623 -1.6770 7.2371
7.4782 -1.3897 3.7957
13.4302 -0.5747 12.1115
3.4917 -0.8683 5.7897
9.7476 -1.8846 5.5965
9.0705 -3.0645 4.6595
4.9200 -1.2885 5.7818
12.4482 -2.6851 7.3621
5.9301 -0.8684 7.1977
10.5886 -2.9654 5.7327
8.2720 -3.3510 3.6305
10.6116 -3.1953 5.2903
12.3369 -2.0838 8.4893
9.0688 -2.9412 4.9027
8.4033 -3.2745 3.8580
11.5705 -3.2821 5.6720
8.3850 -3.2118 3.9716
7.9124 -2.8776 4.3609
9.2100 -3.2745 4.3238
9.0557 -3.3575 4.0702
10.6979 -1.8907 6.8641
7.3488 -3.0643 3.6654
7.4367 -1.6696 3.9799
13.6780 -1.6632 10.0974
10.2421 -3.3037 4.8622
10.5743 -3.2596 5.1413
8.3986 -0.8504 6.9092
10.0086 -1.7881 6.1568
3.8270 -1.4399 4.8506
6.2977 -2.7641 3.6534
11.3440 -3.3513 5.4041
12.2449 -2.7337 7.1484
11.8706 -3.1047 6.1969
12.3769 -2.6683 7.3542
13.6089 -1.0618 11.2493
10.9184 -3.2894 5.2810
9.6100 -1.8268 5.5301
10.8692 -3.1694 5.4903
8.8509 -1.9998 5.1597
5.7064 -2.3714 4.0901
10.1926 -2.2765 5.7641
9.9553 -2.8645 5.5669
8.2087 -3.2035 3.8863
13.1024 -2.5216 8.0639
5.1077 -1.6208 5.2318
9.7979 -1.8973 5.5608
8.7340 -3.0747 4.4450
9.8943 -2.9534 5.3554
7.6589 -1.9235 5.0917
11.2013 -3.2596 5.5033
10.2554 -3.3766 4.7252
8.1656 -3.2281 3.8127
5.2242 -1.2346 6.0643
10.3236 -1.3332 7.7922
11.9990 -2.1700 8.1235
10.4741 -0.4933 10.5655
7.2815 -1.9379 4.9368
12.7916 -2.8780 7.1780
12.5592 -2.1974 8.3928
8.2643 -3.3826 3.5634
-0.3979 -0.3198 4.6303
6.8115 -2.8775 3.7253
8.0088 -3.3378 3.5047
9.3403 -1.9518 5.3833
13.2313 -2.3720 8.4348
7.1917 -3.1329 3.4389
8.5117 -3.0220 4.4210
11.9433 -1.6771 6.6146
7.0811 -2.8228 3.9895
11.9621 -0.9997 10.4213
9.5552 -1.8891 5.5025
10.0100 -3.3313 4.6734
8.3932 -1.8659 5.4219
6.2180 -2.6846 3.7649
7.2986 -2.9036 3.9550
7.1771 -2.6333 4.4204
7.6532 -2.1583 4.7756
8.9125 -1.4708 6.0663
14.9862 -0.9356 12.2949
10.5196 -3.3107 5.0084
11.2738 -3.2747 5.5154
9.4824 -3.2965 4.4377
9.3257 -3.0747 4.7866
7.0204 -1.5773 5.5377
7.4552 -2.9288 3.9955
11.1676 -3.2283 5.5459
11.2532 -2.4006 6.4592
10.2987 -3.1331 5.2328
5.4167 -1.9244 4.8085
12.0108 -2.2240 8.0232
5.0830 -2.2751 3.9210
12.2076 -3.3642 5.8773
11.9387 -3.3108 5.8278
10.2543 -2.0998 5.9888
11.3564 -2.9166 6.2726
10.4872 -3.3950 4.8227
10.6555 -1.8031 6.9632
10.4800 -3.3037 4.9995
5.8167 -0.8684 7.1322
12.5633 -0.9998 10.7684
9.3685 -2.4418 5.3964
7.5211 -2.8228 4.2435
1.2889 0.1867 6.6082
8.7503 -3.3175 3.9732
12.3431 -3.0113 6.6549
7.4496 -3.1950 3.4647
10.2706 -1.9614 6.1867
8.9527 -3.3948 3.9367
8.4665 -1.5502 5.8155
9.1260 -2.7013 5.4112
8.4301 -3.2517 3.9186
9.5575 -2.6849 5.6930
8.2800 -3.0435 4.2445
7.8391 -3.1044 3.8693
10.6720 -1.0509 8.3820
11.4522 -2.1042 6.9021
5.7947 -2.4805 3.9249
10.5874 -1.9220 6.9427
7.4065 -2.9883 3.8494
6.4082 -2.8228 3.6009
11.1042 -0.4454 8.0864
9.6713 -3.1142 4.9080
12.7613 -2.3005 8.3050
12.0373 -3.2597 5.9860
7.0993 -3.0539 3.5420
10.2777 -3.1331 5.2207
11.4296 -2.9166 6.3149
8.8364 -3.0110 4.6303
10.5834 -2.7491 6.1582
10.7194 -2.9039 5.9300
11.1150 0.0754 12.0625
7.5471 -2.0470 4.9358
12.0066 -3.0647 6.3547
5.4951 -0.7271 7.2265
7.2337 -3.1329 3.4632
9.4012 -3.4126 4.1606
9.6560 -2.9534 5.2178
5.9267 -2.6506 3.6639
10.2520 -2.7335 5.9978
7.2844 -2.6847 4.3806
7.8085 -3.1865 3.6888
10.5107 -3.2893 5.0456
10.3489 -0.4933 10.4931
7.9509 -2.1343 4.9805
8.0099 -3.2035 3.7715
4.1825 -1.8184 4.3058
7.9404 -2.1146 5.0244
6.3939 -1.2542 5.8836
8.2085 -2.7012 4.8815
12.8496 -2.7797 7.4064
9.8522 -2.9290 5.3794
11.5157 -3.1869 5.8292
10.9449 -3.0112 5.8477
5.9287 -1.5777 5.7914
10.3186 -1.7705 7.0200
8.3753 -2.7013 4.9778
12.3971 -3.2443 6.2243
8.6948 -3.2892 3.9972
7.1966 -2.7940 4.1133
12.4200 -2.3005 8.1079
7.5134 -3.1512 3.5883
9.9286 -2.3146 5.6327
7.8004 -2.2377 4.6975
9.3351 -1.2961 6.6462
8.6955 -1.8008 5.4591
10.2295 -3.3641 4.7352
10.4402 -2.3590 5.9630
4.5497 -2.1968 3.7681
8.5171 -3.1780 4.1150
10.2142 -3.2893 4.8745
8.3354 -1.8017 5.4280
8.9021 -0.2279 10.1835
10.5624 -1.6519 7.1815
15.3091 -0.0306 14.2748
9.3878 -3.1604 4.6526
6.9852 -2.7011 4.1752
6.9729 -3.0327 3.5110
11.8147 -3.3314 5.7153
13.2274 -1.9250 9.3184
6.6670 -2.8228 3.7504
10.5195 -2.8088 6.0030
3.8075 -1.6207 4.4810
11.6478 -1.9909 8.2754
11.4001 -3.3890 5.3618
9.1041 -2.8908 5.0230
9.4164 -2.9290 5.1278
11.3797 -2.0435 7.0041
9.0323 -3.3639 4.0440
12.2495 -3.0648 6.4949
11.3760 -1.9353 7.2882
8.0902 -0.6524 8.8734
9.6273 -2.8644 5.3775
9.2671 -3.3244 4.2579
9.4606 -3.1867 4.6426
8.3437 -3.4008 3.5733
2.2751 -1.1787 4.4719
9.7948 -1.5414 6.8377
11.2352 -3.1782 5.6843
4.8223 -0.1312 8.0189
11.6978 -0.6525 10.9566
12.2252 -2.9292 6.7495
10.8419 -1.7055 7.4254
9.8866 -3.1423 4.9765
8.9278 -1.2118 6.4196
10.7202 -3.3829 4.9813
12.8519 -2.7016 7.5625
10.8349 -3.3512 5.1102
12.7942 -1.6632 9.5871
12.1432 -3.1607 6.2435
5.6253 -0.6522 7.4501
10.2671 -2.1024 5.8190
7.3614 -3.0434 3.7142
13.1373 -2.4602 8.2058
11.4828 -1.5780 8.9984
7.3932 -3.1140 3.5927
3.9854 -1.3406 5.1389
7.9651 -0.0304 10.0338
11.8138 -1.5336 9.2776
11.9881 -3.3951 5.6893
6.7659 -2.8506 3.7523
8.1531 -3.1692 3.9222
10.0767 -1.5010 7.4248
9.0858 -3.3445 4.1134
10.3421 -3.2519 5.0225
10.2560 -3.2671 4.9426
9.7333 -2.7334 5.6983
8.7104 -2.7643 5.0464
9.2966 -2.7334 5.4461
10.5393 -3.1605 5.3175
12.7753 -2.3249 8.2648
10.7054 -2.6682 6.3891
10.8899 -2.8779 6.0800
12.5031 -3.1696 6.4337
12.2370 -2.5793 7.4498
9.6313 -0.4086 10.2466
8.0296 -2.3118 4.6052
11.6649 -1.5781 9.1035
8.5726 -2.4880 4.9720
11.3170 -2.5776 6.6163
13.5206 -1.9911 9.3568
8.2785 -3.3243 3.6872
11.1557 -2.7015 6.5831
10.7757 -3.3177 5.1425
8.9056 -2.8908 4.9084
9.8848 -3.0330 5.1922
11.1245 -3.0543 5.8660
10.9356 -2.4872 6.3342
11.8831 -3.2364 5.9432
12.6189 0.0753 12.9310
8.5248 -3.2964 3.8848
9.5096 -3.3446 4.3580
7.4062 -3.0434 3.7401
11.9212 -2.3486 7.7245
12.0602 -1.2056 6.4098
11.8583 -3.1239 6.1518
10.4023 -2.0641 6.1638
8.2066 -3.3243 3.6456
10.7325 -2.9771 5.7926
11.9076 -3.0113 6.4035
1.9525 -0.1311 6.3616
5.9614 -1.7429 5.4830
5.5582 -1.0614 6.6006
10.3748 -3.3446 4.8576
10.5253 -3.1781 5.2744
9.1084 -3.2201 4.3731
10.3526 -3.1142 5.3013
12.3621 -3.2748 6.1437
10.0989 -1.8991 5.9741
9.7952 -3.2201 4.7696
10.6503 -3.2596 5.1852
9.4150 -2.9038 5.1769
1.8020 -1.0612 4.4316
7.4850 -2.0734 4.8648
9.2692 -1.0962 7.2532
10.7633 -1.6834 7.5122
7.2494 -3.0846 3.5679
7.4267 -3.1421 3.5562
13.5116 -0.7275 11.8556
9.1558 -1.9649 5.3226
10.6969 -2.4428 6.1655
11.7523 -3.2597 5.8215
8.5896 -3.1044 4.3026
8.8651 -3.1423 4.3867
10.5329 -3.1424 5.3497
9.8060 -3.3889 4.4414
10.8560 -0.6525 10.4705
11.9873 -3.3178 5.8420
11.9667 -2.9167 6.6250
9.7816 -3.3511 4.5021
10.2827 -3.1424 5.2052
11.8155 -2.7177 6.9320
10.6737 -2.1897 6.4076
4.6927 -0.2277 7.7527
11.3208 -3.3705 5.3527
12.3277 -1.6212 9.4007
12.8174 -2.8090 7.3297
6.9596 -1.6452 5.3501
7.6180 -1.3698 6.0818
12.0713 -3.4129 5.7021
10.8933 -3.2120 5.4198
5.7758 -2.0532 4.7607
12.3975 -2.5215 7.6569
-1.3427 0.0758 4.8686
9.0479 -3.4008 3.9799
8.7162 -2.5307 5.0810
5.8872 -2.2496 4.4358
12.1878 -3.0850 6.4191
8.9358 -0.8686 8.9333
7.7667 -3.1779 3.6817
11.7665 -3.2673 5.8146
8.8339 -3.0541 4.5434
8.0489 -2.2400 4.8475
8.1383 -3.1140 4.0229
12.2042 -3.3514 5.9008
12.0220 -2.2756 7.9275
9.9174 -3.0748 5.1282
7.2242 -1.8115 5.2369
4.4745 -1.8184 4.4744
9.6457 -3.3828 4.3610
9.2324 -3.4008 4.0864
4.5140 -2.1968 3.7475
7.8961 -3.2669 3.5800
10.9617 -2.2310 6.4126
11.4358 -3.0543 6.0457
10.0448 -2.9653 5.4187
11.2808 -2.9291 6.2043
9.8172 -3.3176 4.5891
13.5244 -1.5337 10.2654
6.6153 -1.2517 5.9553
8.9794 -1.2141 6.5000
9.2632 -2.2018 5.1873
9.9107 -1.8715 5.7585
8.6712 -2.9164 4.7223
7.9663 -3.0435 4.0634
8.2162 -2.8507 4.5897
12.9637 -2.1420 8.7360
5.7346 -1.4400 5.9520
8.2010 -2.7642 4.7523
9.6915 -3.0436 5.0594
9.3420 -1.7466 5.7361
12.8137 -2.5978 7.7461
11.1970 -0.9997 9.9794
4.6594 -1.6208 4.9729
10.5994 -0.4933 10.6378
10.4206 -3.1238 5.3218
8.4456 -3.3105 3.8110
10.8037 -2.3172 6.2200
10.2319 -3.2283 5.0057
12.1673 -3.1333 6.3116
10.8800 -1.7339 7.3677
13.1835 -2.1420 8.8629
10.5820 -0.3203 10.9707
7.1253 -2.8085 4.0433
9.0614 -3.1045 4.5749
12.1775 -2.5793 7.4154
9.9566 -1.7289 6.5727
11.3047 -3.0438 5.9909
12.4628 -3.1870 6.3759
11.5076 -3.3768 5.4482
11.4536 -3.3829 5.4047
10.1837 -3.3950 4.6475
8.3131 -2.1583 4.9504
11.4030 -3.1606 5.8161
7.8326 -2.4824 4.5322
9.8587 -3.2037 4.8389
8.1945 -3.2891 3.7084
7.3567 -3.1691 3.4624
10.5070 -2.6681 6.2746
7.4507 -2.9163 4.0177
10.3585 -3.2820 4.9722
3.8410 -1.0613 5.6090
9.5886 -3.0747 4.9384
5.0143 -2.2235 3.9835
11.7725 -2.1973 7.9385
13.2376 -1.9585 9.2580
3.6473 -0.4930 6.6233
7.0293 -2.8228 3.9596
10.6880 -2.1084 6.5889
10.4400 -3.2965 4.9906
10.0881 -2.1569 5.6210
9.3668 -3.3312 4.3020
11.8820 -3.1516 6.1105
10.2392 -1.8640 6.4785
5.5104 -1.8548 5.0006
10.9049 -1.3665 7.9331
8.9126 -1.4939 5.9312
12.5291 -2.8647 7.0529
9.9553 -1.3653 7.3688
8.2417 -2.8507 4.6044
7.0825 -1.2554 6.3058
10.6249 -2.1958 6.3003
11.9783 -3.1333 6.2025
9.3695 -3.0747 4.8119
9.6710 -3.1952 4.7472
12.3034 -3.2598 6.1396
6.9659 -3.0539 3.4650
8.8959 -2.9885 4.7093
11.6456 -3.0331 6.2089
8.3524 -0.7971 6.9786
7.2493 -2.7940 4.1437
0.4207 -0.4082 4.9279
11.9930 -3.2673 5.9454
9.2163 -1.8313 5.4499
13.0002 -2.6160 7.8178
9.6947 -2.0441 5.3173
5.6728 -2.5599 3.6971
8.9160 -2.5746 5.2238
11.0445 -2.7015 6.5189
14.8043 -0.9999 12.0624
13.3612 -2.2502 8.7512
11.8771 -1.8905 8.6068
10.2103 -2.9653 5.5143
10.3130 -1.8524 6.6368
3.2326 -1.7032 3.9856
12.7666 -2.8780 7.1636
7.2453 -2.0353 4.7179
7.0954 -2.0395 4.7865
8.8727 -2.9885 4.6959
13.2559 -2.4388 8.3165
8.7209 -2.9652 4.6544
4.5211 -2.0531 4.0363
6.9884 -0.7992 7.9461
12.4257 -2.8090 7.1036
11.9153 -3.1333 6.1661
12.9377 -2.0839 8.8362
3.7185 -0.8683 5.9207
10.8895 -3.3704 5.1037
11.8313 -3.1333 6.1176
8.2766 -3.4008 3.5346
7.3233 -2.1391 4.4196
10.4985 -3.4185 4.7826
11.2473 -1.9388 7.2293
10.8207 -1.3294 8.0199
10.1513 -1.6123 7.2703
9.3476 -3.0747 4.7992
4.3127 0.0756 8.1344
3.9862 -1.4872 4.8487
8.0368 -2.9037 4.3812
10.8508 -3.1868 5.4453
8.8082 -3.1330 4.3722
8.4944 -3.3639 3.7334
7.5389 -3.2199 3.4669
11.2504 -3.2038 5.6424
6.8649 -2.9163 3.6794
11.9849 -1.8189 8.8110
4.4071 -2.0531 3.9704
9.7136 -1.1214 8.8816
8.1898 -3.3174 3.6495
12.5963 -2.7945 7.2308
10.4512 -0.3203 10.8952
3.1708 -0.4083 6.5159
6.9686 -0.7272 8.0774
11.6012 -1.4404 9.3396
11.0281 -3.3447 5.2348
8.8757 -2.7013 5.2667
5.3608 -0.2278 8.1386
7.1530 -1.6870 5.4532
9.3413 -3.2745 4.3996
8.5784 -3.4008 3.7088
7.3367 -2.9883 3.8091
7.5216 -2.3343 4.3689
8.8429 -2.9998 4.6562
8.6160 -3.0435 4.4385
10.9930 -3.3704 5.1635
3.7977 -0.5742 6.5492
14.1641 -1.6632 10.3781
7.0510 -2.6679 4.2791
8.1638 -3.3702 3.5300
8.0086 -3.3638 3.4530
8.3702 -2.2468 4.8738
9.6787 -2.7334 5.6668
11.7796 -1.4877 9.3488
10.5670 -1.3364 7.9821
12.4174 -1.6213 9.4525
10.5220 -3.1694 5.2899
6.7534 -2.7641 3.9165
11.5218 -3.3829 5.4441
9.1929 -2.7643 5.3250
5.7459 -0.9351 6.9591
1.6109 -0.1311 6.1643
12.6048 -2.8647 7.0966
11.6075 -2.3374 6.5846
8.5182 -1.4539 6.0599
9.9118 -2.8371 5.5960
10.3588 -3.0330 5.4659
9.0707 -3.3949 4.0049
11.9886 -2.4810 7.5011
11.1070 -0.7153 8.2207
8.9256 -3.3244 4.0607
7.7159 -2.7489 4.5026
12.7555 -2.3487 8.2063
9.2047 -1.1710 6.6238
6.3034 -2.5599 4.0612
3.7178 -1.6207 4.4293
8.5560 -1.7015 5.6079
10.0115 -3.1693 4.9951
8.0589 -1.7465 5.5786
9.9597 -3.2519 4.8017
7.0993 -2.9410 3.7656
11.0129 -3.0949 5.7211
8.5040 -3.0435 4.3739
12.2179 -3.3706 5.8707
12.0838 -3.2284 6.0749
8.4583 -3.3243 3.7909
2.6556 -1.3405 4.3710
5.1613 -2.1415 4.2310
6.8631 0.1865 9.8271
11.0750 -3.1425 5.6626
11.1063 -3.2596 5.4485
12.3283 -3.1607 6.3504
9.7744 -3.3446 4.5110
8.0490 -3.2200 3.7614
7.6555 -2.0684 4.9453
5.3475 -1.4873 5.6348
5.6012 -0.7991 7.1451
9.8651 -3.3640 4.5248
6.8352 -1.2055 6.1977
8.5037 -3.1603 4.1422
8.7077 -3.3827 3.8194
8.5917 -1.8510 5.4688
5.8939 -2.1415 4.6539
5.9463 -2.6678 3.6413
9.1884 -2.8777 5.0977
11.8131 -2.7796 6.8080
10.4515 -3.1953 5.1978
10.4390 -3.2120 5.1575
9.2488 -2.6848 5.5148
6.9927 -1.1030 6.3179
10.7924 -3.0646 5.6537
7.7764 -3.1140 3.8139
9.5376 -3.2965 4.4696
9.2901 -3.3511 4.2183
8.4273 -3.1422 4.1340
10.5269 -0.4086 10.7637
13.8018 -1.5337 10.4256
10.4680 -3.1868 5.2242
4.6857 -0.1312 7.9399
7.1625 -1.9409 4.7233
10.9631 -2.3687 6.2883
10.4693 -3.3577 4.8863
7.8271 -3.3105 3.4539
12.0756 -0.7995 10.8837
7.6872 -2.8776 4.2309
11.1817 -3.3767 5.2600
9.9095 -1.6784 6.4723
8.6350 -2.9998 4.5362
8.8255 -2.4014 5.0600
10.1525 -3.3766 4.6658
9.6976 -1.6382 6.1072
7.9017 -3.3311 3.4561
10.9526 -1.8218 7.2314
12.1954 -2.5978 7.3891
12.2281 -0.4934 11.5783
11.6313 -3.2364 5.7978
9.0533 -3.2819 4.2187
9.0046 -2.9652 4.8182
7.2149 -2.7173 4.2757
11.1236 -3.0647 5.8449
3.8831 0.0756 7.8863
10.3422 -1.9832 6.3098
7.8760 -2.7174 4.6574
8.9717 -3.2440 4.2467
10.7190 -2.5287 6.2325
8.6919 -3.1141 4.3425
12.1821 -2.4170 7.7397
8.0898 -2.8369 4.5440
7.9178 -2.9768 4.1675
4.8411 -1.6626 4.9949
12.9397 -1.5781 9.8396
9.5386 -3.2671 4.5283
11.8663 -3.2597 5.8873
7.8657 -2.9163 4.2572
13.0818 -2.2502 8.5899
8.6025 -3.0747 4.3691
10.2051 -1.6432 7.2082
10.8640 -1.3695 7.9502
7.5224 -2.2336 4.6210
9.1457 -2.7942 5.2386
10.8806 -3.2821 5.2737
6.5424 -0.4500 5.4089
5.1461 -1.7428 5.0122
8.0636 -3.3105 3.5905
11.5430 -3.0647 6.0870
8.7923 -3.2819 4.0680
7.4952 -2.8228 4.2286
8.0137 -2.7174 4.7369
10.1066 -3.3176 4.7562
1.0163 -0.7269 4.6403
14.4068 -1.1217 11.5916
9.2658 -3.0436 4.8137
5.7140 -0.4931 7.8167
8.7771 -3.3312 3.9616
10.9546 -3.2672 5.3459
2.9757 0.1866 7.5823
8.7273 -3.2964 4.0017
7.8490 -3.3378 3.4124
8.3285 -3.3378 3.6893
8.8773 -3.1236 4.4307
9.1321 -3.3511 4.1271
12.1969 -3.2521 6.0934
9.1439 -0.3202 10.1402
14.0937 -0.9998 11.6521
11.2506 -2.8089 6.4251
10.6556 -3.1332 5.4388
0.7332 0.0757 6.0673
9.4289 -3.3244 4.3513
2.9325 -1.2345 4.7410
6.0497 -2.6846 3.6677
11.7536 -2.6682 6.9943
13.4067 0.0753 13.3859
-0.9854 -0.1310 4.6651
7.5276 -1.3113 3.8207
9.8412 -2.9770 5.2779
7.3217 -3.0539 3.6704
11.4666 -0.5746 10.9776
10.9206 -1.9560 7.1154
7.4908 -2.8086 4.2543
7.3424 -0.4932 8.7570
7.6625 -2.9883 3.9972
9.5448 -3.0747 4.9131
8.3640 -3.3378 3.7098
5.9840 -0.1313 8.6897
10.5251 -2.9886 5.6500
12.1422 -2.7646 7.0278
8.8241 -1.9534 5.3219
12.8829 -2.7493 7.4859
12.4606 -3.1144 6.5184
9.6638 -2.8778 5.3721
5.0178 -1.6626 5.0969
9.5795 -2.3566 5.4604
7.1040 -0.7992 8.0129
13.1897 -0.8688 11.3897
11.5225 -2.4775 6.6510
7.6003 -2.5336 4.4433
10.8646 -3.1238 5.5781
4.4192 -1.2885 5.4926
7.4606 -2.1538 4.6498
4.9790 -2.2235 3.9631
8.6246 -0.7979 7.1146
10.0398 -2.2745 5.6710
0.3955 -0.6520 4.4302
8.8382 -0.7993 9.0143
12.0236 -1.4239 6.4739
10.8439 -1.7786 7.3698
9.6640 -2.9885 5.1528
12.1470 -0.9355 10.6554
10.4111 -3.2362 5.0934
4.3136 -1.9904 4.0407
10.9913 -3.1047 5.6892
12.5050 -2.4170 7.9262
8.6657 -2.8087 4.9327
8.0346 -2.9997 4.1895
9.6597 -1.7002 5.8552
11.3822 -2.2003 6.7506
7.3927 -2.0640 4.7776
7.5943 -2.3168 4.4458
11.5867 -3.3891 5.4695
7.2627 -1.7160 5.4276
9.0906 -3.3575 4.0903
12.2947 -3.3178 6.0195
7.3407 -3.1779 3.4358
12.2816 -3.2443 6.1577
8.0970 -1.9267 5.3585
7.8058 -2.8229 4.4079
5.1443 -0.6522 7.1724
6.4553 -2.6332 4.0037
12.6665 -2.8780 7.1058
12.3071 -2.3719 7.9012
10.0355 -3.2746 4.8004
7.5917 -2.7940 4.3414
6.9328 -2.9767 3.5987
8.3047 -2.3114 4.6874
12.9509 -2.1133 8.7855
5.7467 -1.5777 5.6862
9.3859 -1.9255 5.4255
9.0675 -3.1236 4.5405
10.7795 -2.1355 6.6169
13.3508 -2.0839 9.0747
14.2962 -1.1794 11.4132
7.3433 -3.1421 3.5081
13.9847 -1.0618 11.4663
8.1491 -3.3510 3.5596
7.2852 -2.1301 4.1794
8.9602 -3.0645 4.5958
8.2916 -1.3063 6.2020
12.5197 -2.5604 7.6504
8.8739 -3.3445 3.9910
8.2057 -2.9289 4.4288
10.2103 -3.3107 4.8299
13.5317 -1.5782 10.1814
11.9545 -2.3486 7.7438
8.0559 -3.0435 4.1152
10.4803 -2.2060 5.9006
7.6218 -3.0109 3.9290
7.9186 -3.3174 3.4929
7.3363 -3.1691 3.4506
13.7307 -1.2351 10.9762
8.2929 -2.1116 4.8934
8.9139 -3.2440 4.2133
9.7529 -3.1331 4.9176
7.8419 -2.2747 4.6449
7.6973 -2.9288 4.1353
11.5248 -3.0543 6.0971
10.0674 -1.5509 7.0745
4.4307 -1.9904 4.1083
10.6593 -3.3512 5.0089
11.1778 -3.2894 5.4308
10.2994 -2.9534 5.5893
11.7736 -2.0838 8.1641
9.0412 -3.2745 4.2263
6.3934 -2.5599 4.1132
12.5860 -1.1793 10.4257
12.0601 -1.3342 6.4098
7.9916 -3.4066 3.3583
10.1392 -2.8778 5.6466
9.2550 -3.3511 4.1981
7.7307 -2.3567 4.4682
9.3498 -3.2671 4.4193
8.6349 -1.3389 6.2485
5.6661 -2.3942 4.0217
9.3922 -2.9290 5.1138
11.7449 -1.7816 8.7463
6.2014 -2.3714 4.3759
10.5716 -3.3512 4.9582
11.9852 -3.1239 6.2251
9.9390 -2.8778 5.5311
8.5181 -2.7793 4.9055
6.2772 -2.4596 4.2449
7.5508 -1.2246 3.7272
12.1231 -3.3951 5.7672
10.1044 -3.4009 4.5899
6.9364 0.1865 9.8695
9.1618 -2.8087 5.2191
8.0457 -1.7187 5.6405
10.7387 -3.0112 5.7286
11.2073 -3.0949 5.8333
11.5511 -3.0438 6.1332
9.5009 -3.2201 4.5996
11.2039 -3.2442 5.5355
12.0378 -1.6321 6.5894
9.7190 -2.0442 5.3317
4.3991 -1.1788 5.6984
8.8532 -3.1604 4.3440
7.5698 -2.2836 4.5119
12.4013 -2.8373 7.0334
7.8293 -2.5723 4.5917
5.2868 -2.3000 3.9893
7.3749 -2.1282 4.6280
11.8354 -2.7336 6.9120
9.7512 -3.0848 5.0123
7.2282 -1.3020 6.3069
12.6144 -2.4810 7.8624
11.5412 -3.1239 5.9687
7.6153 -3.2744 3.4031
8.6991 -3.2819 4.0142
9.7110 -3.1952 4.7703
9.5412 -3.1867 4.6891
10.9063 -2.7177 6.4071
8.4906 -3.2439 3.9689
5.7876 -1.8901 5.0908
10.9624 -2.3011 6.3493
10.7250 -1.1487 8.2430
14.3604 -1.0618 11.6833
11.2598 -3.0438 5.9650
4.7058 -0.4084 7.4023
10.8998 -3.2894 5.2703
10.3682 -1.9297 6.5264
7.1851 -1.7976 5.1388
10.8343 -2.8231 6.1564
8.7743 -2.9533 4.7088
11.3284 -2.0370 7.0806
12.4119 -2.7945 7.1244
5.2970 -2.2235 4.1467
12.5376 -3.0223 6.7454
9.6505 -1.8369 5.7238
11.7355 -3.4186 5.4968
10.3382 -3.1694 5.1838
10.8084 -2.8231 6.1415
9.4904 -3.1237 4.7847
10.4517 -3.2820 5.0261
8.6083 -2.1479 4.9067
2.6196 -0.6521 5.7144
9.2374 -1.8531 5.4209
10.8060 -1.7470 7.4045
2.4212 -0.2276 6.4411
12.1065 -3.1048 6.3331
10.4691 -3.0849 5.4268
9.0862 -2.9164 4.9619
8.6572 -3.2200 4.1125
10.9088 -2.7645 6.3157
10.7233 -3.3950 4.9590
8.8458 -3.3106 4.0421
10.4934 -2.8088 5.9879
9.1187 -3.3106 4.1996
7.8240 -2.9768 4.1133
11.8355 -2.0073 6.8036
4.8630 -1.1211 6.0807
12.4081 -3.1239 6.4692
9.7481 -1.7958 5.7417
9.5775 -3.3827 4.3216
5.6253 -2.5210 3.7468
11.7987 -2.2240 7.9007
12.7952 -2.1700 8.5832
-0.8553 -0.3198 4.3661
9.9034 -3.0848 5.1002
9.6198 -3.3036 4.5029
11.8834 -2.8911 6.6277
8.5171 -3.3888 3.6973
7.9912 -3.3638 3.4429
9.1170 -3.3827 4.0557
11.7467 -2.7492 6.8298
12.2916 0.1863 12.9620
5.9922 -2.3244 4.3484
9.4610 -2.7644 5.4798
10.3989 0.0754 11.6490
11.6615 -3.2520 5.7843
12.0413 -3.1333 6.2389
7.6147 -2.5708 4.4644
9.7386 -3.0948 4.9853
11.5728 -2.7015 6.8239
1.8893 -0.3199 5.9510
14.7233 -1.1217 11.7743
10.7449 -3.1605 5.4362
6.1889 -2.5010 4.1119
10.9240 -3.3704 5.1236
10.1991 -2.3992 5.8475
4.6803 -1.3911 5.4401
8.0664 -3.2594 3.6934
9.2023 -3.3827 4.1049
8.2117 -1.6404 5.7472
15.2793 -0.1316 14.0574
7.8637 -2.0302 5.1936
8.7550 -3.2819 4.0465
4.5994 -1.1211 5.9285
10.3371 -2.6681 6.1764
8.7319 -2.4410 5.0271
8.5495 -2.7643 4.9535
2.2123 -1.3405 4.1150
8.2703 -3.2818 3.7666
11.5829 -3.3642 5.5166
11.4979 -2.1432 6.8416
10.3862 -2.1206 5.9412
13.9456 -1.7818 10.0170
11.2845 -3.2284 5.6134
12.4857 -1.8190 9.1001
7.8183 -2.9288 4.2052
7.6716 -3.2744 3.4356
10.5563 -2.7491 6.1426
5.7475 -2.2496 4.3551
7.6300 -3.1235 3.7105
4.3994 -1.8547 4.3592
9.8954 -2.2342 5.5599
10.1893 -1.6799 6.8848
8.0966 -1.9329 5.2291
9.3596 -3.0848 4.7862
12.2161 -2.1700 8.2488
2.4392 -0.6521 5.6103
15.2236 -0.3205 13.6510
7.6772 -2.6847 4.6074
10.8158 -3.0749 5.6469
12.2232 -1.1793 10.2162
9.0883 -2.8777 5.0399
9.8032 -1.7364 6.1254
12.3511 -2.9772 6.7271
11.0420 -2.2416 6.3194
8.4585 -3.4067 3.6279
3.6618 -0.8683 5.8879
11.8470 -1.5781 9.2087
9.1790 -1.3541 6.2330
8.8690 -3.0329 4.6058
3.0211 -0.4930 6.2617
6.8740 -2.8228 3.8699
8.2551 -2.3962 4.7184
8.0045 -1.8213 5.5278
11.3240 -3.2966 5.5009
11.1015 -3.0647 5.8321
7.5042 -1.3055 3.7544
10.5036 -2.0485 6.5167
7.4321 -0.2278 9.3346
10.1111 -1.9186 5.9338
7.1439 -2.8907 3.8912
8.2625 -2.1382 5.0628
11.8215 -2.0536 8.2515
9.8503 -3.3828 4.4791
11.0342 -3.1047 5.7140
10.9893 -2.4873 6.3655
12.9901 -2.5412 7.9602
6.7773 -2.9287 3.6041
9.5152 -2.7014 5.6359
9.3077 -2.3145 5.2739
9.9715 -2.0612 5.5273
8.3208 -3.1513 4.0544
8.6304 -2.0291 5.2448
9.1273 -1.9826 5.2607
7.4785 -0.5744 8.6747
11.8782 -0.6525 11.0608
10.7386 -2.7015 6.3423
11.4301 -1.9856 7.2205
10.0737 -2.8509 5.6621
10.2841 -3.4185 4.6589
10.8204 -2.6850 6.4222
3.7290 -0.1312 7.3875
11.2033 -2.9654 6.0876
5.1866 -2.2751 3.9808
9.6136 -2.6849 5.7254
8.1960 -3.3826 3.5240
3.8948 -1.9243 3.9298
10.9093 -3.4010 5.0546
8.1723 -3.1779 3.9159
6.4629 -2.2236 4.8199
4.4640 -1.5331 5.0337
12.6906 -2.5015 7.8659
14.9415 -0.4088 13.3130
4.2256 -1.9578 4.0544
10.4308 -3.0437 5.4863
10.0775 -3.0849 5.2007
10.7925 -3.3107 5.1660
9.6322 -2.9534 5.2041
10.7725 -2.2821 6.2715
10.5320 -2.0525 6.5478
7.5726 -3.1421 3.6405
4.4923 -0.2277 7.6370
8.9650 -2.9533 4.8188
9.1452 -3.0541 4.7232
10.7188 -0.4086 10.8746
9.3903 -3.2964 4.3845
12.1154 -2.7646 7.0123
12.1553 -1.4877 9.5657
11.1618 -3.1143 5.7685
8.1056 -2.3254 4.6835
8.9354 -2.3985 5.1165
12.5701 -3.0544 6.7006
10.8754 -2.2097 6.4858
8.0360 -2.3880 4.5725
7.7811 -2.2977 4.5862
10.0153 -3.3766 4.5866
7.3945 -1.1018 6.4832
7.8868 -3.1603 3.7860
11.6124 -3.1954 5.8681
7.5666 -2.2952 4.5419
9.5954 -1.7705 5.8351
11.5856 -2.8911 6.4557
9.5824 -2.7490 5.5803
8.1242 -3.2517 3.7420
8.4798 -3.3575 3.7377
10.2147 -3.1331 5.1843
7.8487 -2.9884 4.1047
9.6574 -3.4184 4.2970
9.7102 -1.7701 5.7477
9.2156 -3.4008 4.0767
11.8258 -3.3642 5.6568
13.6350 -1.2891 10.8141
9.6755 -2.7644 5.6036
9.1588 -3.4067 4.0322
7.2080 -2.9651 3.7809
8.7262 -3.2361 4.1205
11.2802 -2.4038 6.4824
6.0322 -2.6154 3.7946
1.9489 0.1867 6.9893
11.9305 -3.0113 6.4167
5.5438 -1.4400 5.8419
5.2496 -0.8684 6.8048
8.6612 -3.1330 4.2873
12.3268 -1.1793 10.2761
10.9327 -2.1341 6.4871
5.9746 -2.6678 3.6577
10.7517 -3.1953 5.3712
8.5499 -2.4855 4.9533
8.4490 -2.8370 4.7514
14.3670 -0.9999 11.8099
7.6491 -2.0444 4.9852
7.5076 -2.9411 4.0014
3.5945 -1.2346 5.1233
7.8588 -2.8369 4.4107
12.8366 -0.9998 10.9262
8.1250 -3.2439 3.7578
8.2584 -3.4067 3.5124
13.7937 -1.9911 9.5145
11.0417 -2.2639 6.2987
7.7258 -2.8086 4.3900
9.7663 -1.1214 8.9120
10.5782 -3.0112 5.6359
4.9706 -1.3407 5.7077
9.4488 -3.1423 4.7238
9.5996 -1.3195 7.1616
12.7300 -2.9536 6.9927
0.4556 -0.6520 4.4649
12.2373 -3.3038 6.0141
7.5303 -0.4932 8.8655
10.8488 -3.1694 5.4786
7.2979 -2.1116 4.2232
10.1670 -2.2764 5.7491
8.8028 -1.9382 5.2525
9.0855 -3.2670 4.2667
10.4501 -1.7833 7.1692
9.2161 -3.3703 4.1376
6.0070 -0.0303 8.9031
12.9402 -2.5605 7.8932
12.0714 -2.1700 8.1653
5.8172 -1.9245 5.0397
10.9674 -2.9886 5.9053
14.7005 -0.3204 13.3489
11.5886 -2.3230 6.6115
7.7375 -3.1329 3.7541
11.7893 -3.1333 6.0934
9.8123 -3.0542 5.1084
8.6717 -0.4086 9.6925
10.5214 -2.9771 5.6707
11.0137 -3.0112 5.8874
9.5832 -3.3036 4.4817
14.3012 -1.6214 10.5402
8.3127 -2.8777 4.5921
13.1128 -2.3249 8.4597
9.6798 -3.3828 4.3806
11.5186 -2.1226 7.0009
11.3281 -3.2821 5.5320
9.3126 -2.0405 5.1711
9.0427 -3.0110 4.7494
10.0545 -3.1142 5.1292
10.2706 -1.7430 7.0714
3.2649 -0.8683 5.6587
10.3572 -3.1238 5.2851
8.4688 -2.2017 4.9802
7.5325 -1.2455 6.3499
7.2821 -1.7193 5.4600
9.0307 -3.4184 3.9352
5.2100 -1.4400 5.6491
10.1806 -3.4127 4.6106
8.7470 -1.8510 5.4041
8.3751 -3.3035 3.7843
8.4373 -2.9652 4.4906
9.7038 -3.3446 4.4702
9.5431 -1.3413 6.8045
7.0949 -1.8830 4.9244
10.2072 -3.2202 5.0075
11.1515 -2.7492 6.4862
12.0422 -3.1048 6.2959
9.7610 -3.3640 4.4647
2.4033 -0.4083 6.0727
3.8748 -1.7811 4.2021
2.2159 -1.2884 4.2204
9.7331 -1.6358 6.1133
10.0841 -3.0948 5.1848
11.4293 -3.2597 5.6350
6.9503 -3.0327 3.4980
9.4081 -1.5833 6.0491
13.1277 -1.4405 10.2210
9.4986 -2.1192 5.2561
7.0109 -2.9883 3.6210
12.3567 -2.7646 7.1517
9.4835 -1.6681 5.7604
2.3190 -0.6521 5.5409
12.4339 -3.2122 6.3092
7.8111 -3.2035 3.6567
9.9633 -1.9113 5.7072
9.8364 -3.2820 4.6708
5.2211 -2.2751 4.0007
10.7587 -2.8372 6.0850
10.4754 -3.3704 4.8647
10.7622 -2.2424 6.4202
12.6373 -2.0839 8.6628
7.9733 -3.3378 3.4842
13.0840 -1.2890 10.4959
12.6869 -3.0113 6.8534
10.9562 -3.3108 5.2605
11.2961 -1.6212 8.8051
3.3498 -0.0302 7.3686
10.1649 -3.3704 4.6854
14.7496 -1.2352 11.5645
9.2633 -3.2595 4.3845
5.9764 -1.8185 5.3416
6.3745 -1.2022 5.8430
13.3297 -1.8553 9.5155
6.4856 -2.7939 3.7027
8.3556 -3.3639 3.6533
4.5756 -1.9244 4.3229
4.6521 -1.1211 5.9589
6.0524 -0.1313 8.7291
9.2781 -2.0753 5.1686
7.1340 -1.3452 6.1408
11.0397 -2.8910 6.1405
8.0794 -3.3444 3.5323
11.1868 -1.1792 9.6178
11.9401 -3.2121 6.0242
10.5310 -3.0748 5.4825
7.7654 -3.2744 3.4898
8.2066 -3.0847 4.1205
8.4345 -2.7941 4.8280
8.7689 -3.2892 4.0400
5.7984 -1.8548 5.1670
12.1893 -2.5604 7.4596
8.3443 -2.7174 4.9278
10.9173 -3.2747 5.3095
7.0309 -2.7332 4.1380
11.1093 -3.4128 5.1468
10.8246 -3.2821 5.2414
10.6076 -1.3372 8.0193
6.4265 -0.9995 5.7095
9.8896 -1.9882 5.4316
10.9377 -3.3037 5.2638
9.8269 -1.7604 6.2636
8.9795 -3.3244 4.0919
13.4490 -1.6213 10.0482
11.1235 -2.4879 6.4441
8.5807 -2.6680 5.1623
9.0890 -3.3035 4.1964
8.5059 -3.3765 3.7151
-0.6517 -0.2275 4.6666
9.3592 -2.9652 5.0229
12.1170 -3.0647 6.4184
8.6031 -2.7643 4.9845
9.0225 -1.8552 5.4381
12.2613 -3.1869 6.2596
10.4571 -3.1605 5.2700
10.8776 -2.7015 6.4226
7.6976 -2.3189 4.5110
5.2594 -0.7271 7.0904
7.3672 -2.8907 4.0202
9.6129 -3.3703 4.3666
10.5230 -3.1143 5.3997
9.7755 -1.6047 6.4065
13.0651 -1.3916 10.2817
10.9322 -2.1097 6.5123
5.5932 -2.0222 4.7166
9.4404 -3.1867 4.6310
10.5126 -3.0849 5.4519
2.1387 -0.6521 5.4368
8.8473 -1.2125 6.3883
9.7463 -3.2671 4.6482
8.5128 -2.8777 4.7076
10.1799 -2.3568 5.8076
8.8066 -3.1692 4.2995
4.2452 -1.8900 4.2001
10.1493 -3.0221 5.3664
11.3101 -3.4070 5.2742
11.3746 -1.7037 8.6869
4.2553 -1.9244 4.1379
11.4844 -3.3513 5.4852
15.2110 -0.1316 14.0179
11.9165 -3.3382 5.7608
10.1529 -1.7214 6.8731
12.1432 -3.3247 5.9184
11.3451 -2.9654 6.1695
12.1555 -3.3642 5.8472
5.2186 -2.3000 3.9499
12.1966 -3.1239 6.3471
3.2889 -1.2345 4.9468
9.8399 -3.3889 4.4610
11.7606 -3.3830 5.5820
12.2812 -3.1239 6.3960
5.7987 -2.3000 4.2849
6.9479 -0.6523 8.2138
6.4029 -0.4931 8.2145
9.8368 -3.1331 4.9661
7.9887 -3.0435 4.0764
9.5279 -3.3176 4.4221
9.9572 -1.7349 6.2064
9.8333 -3.1046 5.0207
11.6043 -3.2121 5.8303
10.6241 -3.0948 5.4966
10.5359 -3.0222 5.5897
10.5649 -2.9654 5.7190
7.5554 -2.3618 4.3047
7.7578 -3.2360 3.5615
12.1542 -3.3315 5.9114
12.0381 -3.2364 6.0327
6.6581 -2.7792 3.8317
12.3996 -3.1517 6.4093
4.7359 0.1866 8.5988
9.7991 -3.1605 4.8901
11.3646 -2.7645 6.5789
11.9991 -2.5215 7.4269
7.6788 -1.4135 6.0857
11.7424 -3.1783 5.9771
9.7976 -0.3202 10.5177
3.2070 -1.4399 4.4926
10.0181 -3.1781 4.9816
12.4215 -2.9772 6.7677
9.5990 -3.3312 4.4361
7.8294 -3.0219 4.0270
6.5751 -2.5211 4.2952
9.0555 -0.4086 9.9141
11.1551 -3.1695 5.6554
11.9989 -2.0838 8.2942
8.9741 -3.3511 4.0359
7.6831 -2.4467 4.4348
10.4350 -1.8353 7.0025
8.4964 -2.9998 4.4562
14.6096 -0.0306 13.8708
12.2750 -1.1793 10.2462
10.2618 -1.3704 7.6150
11.7235 -3.2442 5.8355
7.5924 -3.2034 3.5304
8.6559 -3.0541 4.4407
8.5247 -2.9164 4.6378
1.9615 -0.9349 4.7739
-1.2045 0.1868 5.1683
9.6254 -2.3326 5.5021
7.8618 -3.2963 3.5020
11.6368 -2.8232 6.6198
11.4382 -2.4021 6.5695
11.8426 -3.3178 5.7585
11.5986 -2.4986 6.6734
10.2743 -3.2965 4.8949
13.3897 -2.3487 8.5724
4.8869 -1.7033 4.9408
5.7479 -2.5973 3.6665
9.9167 -3.1781 4.9231
9.4423 -3.4068 4.1959
12.0232 -1.5689 6.5387
7.5168 -2.2951 4.3449
9.8529 -1.7730 5.9956
11.1054 -3.0112 5.9403
5.9352 -2.3000 4.3637
5.2045 -0.6522 7.2071
9.8336 -1.6288 6.3525
11.6631 -2.3159 6.6369
8.2575 -3.3378 3.6483
11.3440 -2.7336 6.6282
13.2213 -1.2351 10.6820
11.0805 -2.0711 6.9317
1.4399 -0.7989 4.7422
15.5890 -0.0306 14.4364
10.2467 -3.3107 4.8509
8.8503 -1.6529 5.7074
9.6349 -3.4009 4.3188
8.5403 -2.9412 4.5977
6.4985 -2.5407 4.2120
10.6474 -2.2151 6.1020
10.3612 -2.7335 6.0608
9.5981 -2.5745 5.6172
11.1595 -3.1332 5.7298
12.5431 -0.3204 12.1031
9.6388 -2.8778 5.3577
6.9870 -2.9163 3.7499
8.0480 -1.8026 5.2664
8.2762 -1.3570 6.2883
10.4617 -2.4013 6.0041
9.7586 -3.2965 4.5971
11.9530 -2.2756 7.8876
14.0991 -0.7996 12.0522
11.9487 -2.8646 6.7178
9.7664 -3.1693 4.8536
8.5823 -2.8229 4.8562
10.8870 -2.8372 6.1591
10.1232 -3.3828 4.6367
7.2837 -1.9665 4.9003
8.6648 -0.7993 8.9141
11.7127 -1.7432 8.8038
9.0167 -3.2361 4.2883
12.9535 -1.4878 10.0266
5.3063 -0.8684 6.8375
7.7514 -3.2035 3.6223
8.3498 -3.0328 4.3060
8.7112 -2.3152 4.9314
14.4217 -0.9999 11.8415
5.5150 -2.1968 4.3255
9.4473 -0.9997 7.6145
11.3545 -3.1869 5.7361
9.6212 -2.9413 5.2217
12.4925 -3.1048 6.5560
3.3547 -1.5331 4.3932
6.8677 -2.8506 3.8111
5.8885 -2.4805 3.9790
8.7629 -3.4008 3.8153
7.4753 -2.4554 4.3351
5.1362 -0.8684 6.7393
11.0970 -2.4628 6.4427
9.1831 -2.8508 5.1479
9.9478 -2.8909 5.5101
9.2818 -1.2563 6.6604
3.4049 -0.7990 5.8768
12.3354 -3.0439 6.5859
11.4659 -2.6850 6.7949
9.8662 -3.2119 4.8268
8.3869 -2.4867 4.8619
7.4728 -1.5075 3.8713
8.4048 -3.2118 3.9830
11.2532 -3.3641 5.3262
10.9858 -1.7015 7.4827
10.9028 -2.1890 6.5379
8.7567 -2.8908 4.8224
5.7728 -1.0614 6.7245
6.5771 -2.8085 3.7267
7.2277 -3.0846 3.5553
7.8380 -3.0946 3.8880
7.8260 -3.3034 3.4673
8.5665 -3.2035 4.0929
9.0813 -2.8508 5.0892
12.3605 -1.8190 9.0278
12.1502 -2.6683 7.2233
11.5903 -0.9354 10.3340
10.8037 -0.7994 10.1492
11.0557 -3.1047 5.7264
13.0105 -2.5216 8.0108
8.3002 -2.9412 4.4590
8.0684 -2.2642 4.8353
11.6103 -3.4070 5.4476
9.8873 -3.0645 5.1311
10.2870 -2.1594 5.7424
12.1648 -3.0332 6.5087
3.5197 -0.9350 5.6737
10.9523 -1.7889 7.2649
10.0918 -3.2746 4.8329
11.3770 -3.3038 5.5174
9.7338 -1.6306 6.3065
6.3606 -2.5211 4.1713
7.1204 -2.9768 3.7071
4.8773 -2.2999 3.7529
5.1893 -0.9351 6.6378
8.6656 -2.3565 4.9328
12.2614 -3.3315 5.9733
6.9881 -3.0539 3.4778
9.1076 -1.2082 6.4448
11.0545 -3.1332 5.6691
13.6303 -0.0306 13.3053
9.0120 -3.0220 4.7099
7.5697 -3.1950 3.5340
11.8213 -3.2967 5.7880
10.2050 -3.4009 4.6479
6.5844 -2.6507 4.0437
8.6326 -1.1749 6.3997
7.8794 -3.0746 3.9516
5.9074 -2.4383 4.0737
10.7912 -3.3037 5.1792
12.2790 -2.4170 7.7957
6.0419 -2.0532 4.9144
9.1537 -3.1693 4.4999
5.6009 -1.8185 5.1248
10.2299 -3.3889 4.6862
8.5819 -3.1692 4.1698
11.1215 -3.2966 5.3840
9.4794 -3.0947 4.8357
10.3433 -3.0948 5.3345
11.8904 -2.1700 8.0608
6.8945 -2.9883 3.5538
7.3468 -3.0109 3.7702
9.3574 -3.3949 4.1704
12.7289 -2.6851 7.5241
10.9046 -2.6850 6.4708
6.1306 -2.5973 3.8874
9.9045 -2.5340 5.7742
10.1013 -3.1515 5.0824
5.5029 -2.3942 3.9274
8.5886 -3.4125 3.6914
10.4958 -2.1705 6.1515
10.0550 -3.3828 4.5973
9.5760 -3.1045 4.8721
11.9991 -2.6337 7.2046
10.2090 -2.9165 5.6102
7.4773 -1.5135 3.9088
13.0717 -2.5216 8.0462
10.7434 -2.7335 6.2815
3.8304 -1.9578 3.8262
1.7437 -0.9992 4.5208
11.9988 -1.5336 9.3844
8.0664 -1.8615 5.3833
10.5837 -2.1350 6.3922
8.2104 -0.6524 8.9429
9.5266 -3.3703 4.3168
10.3764 -3.2441 5.0577
9.1816 -3.3703 4.1176
9.2927 -0.6524 9.5678
10.0603 -3.3889 4.5882
13.6589 -1.8553 9.7056
9.3446 -3.1423 4.6636
8.6364 -2.0469 5.1959
7.3559 -1.5853 5.7979
9.3698 -3.3576 4.2516
7.8498 -3.1951 3.6957
10.3713 -2.6849 6.1629
2.0801 -0.5741 5.5574
9.1538 -2.8909 5.0517
11.9054 -2.9772 6.4697
8.3191 -3.3702 3.6197
7.9061 -2.7642 4.5820
7.8845 -3.1329 3.8389
9.6522 -1.3742 6.7495
10.9631 -2.7943 6.2879
12.4763 -2.6851 7.3783
12.0623 -3.1333 6.2510
13.5016 -1.0618 11.1873
9.4531 -2.9413 5.1246
10.8459 -2.2191 6.4964
10.1172 -3.0437 5.3052
11.1467 -3.0543 5.8788
7.2715 -1.3848 6.0870
12.0508 -3.0647 6.3802
9.8203 -3.1142 4.9940
6.9277 -2.8642 3.8188
6.5143 -1.1558 6.0798
6.3885 -2.7173 3.7986
12.5804 -1.3916 10.0018
7.8059 -3.1691 3.7217
12.3929 -3.1955 6.3187
8.4878 -2.8777 4.6932
7.4106 -3.0539 3.7217
10.2641 -2.3163 5.8306
3.4148 -1.1788 5.1300
8.7289 -3.3765 3.8439
8.5974 -2.4421 4.9519
12.0843 -3.3109 5.9118
8.8562 -3.1866 4.2936
8.0330 -3.0644 4.0605
8.3662 -3.3311 3.7243
10.1559 -2.1963 5.6877
7.1090 -1.6514 5.4812
1.0173 -0.4929 5.1046
5.0142 -2.2496 3.9317
12.5696 -2.4170 7.9635
7.3012 -1.5136 5.9487
11.8202 -2.9167 6.5404
9.7212 -3.3889 4.3924
9.5259 -2.2749 5.3753
10.1994 -3.2671 4.9099
13.0684 -1.2351 10.5938
5.9929 -2.5210 3.9591
4.1319 -0.9350 6.0272
9.0426 -1.1291 6.5631
12.1638 -3.1607 6.2554
5.9500 -1.8901 5.1845
12.2310 -2.1420 8.3129
8.8327 -3.3035 4.0485
6.3802 -2.7939 3.6419
9.3930 -3.0947 4.7858
9.1471 -3.3703 4.0977
12.0068 -1.6003 6.5502
11.3349 -2.4424 6.5326
12.2623 -3.2443 6.1466
10.8518 -3.1953 5.4289
8.1564 -1.9290 5.1031
12.6218 -2.9655 6.9066
9.1730 -2.3981 5.2526
11.5079 -3.3381 5.5249
7.8563 -2.8086 4.4654
8.3528 -2.1124 5.0324
9.9965 -1.9352 5.7037
12.0109 -3.3705 5.7511
11.8637 -3.2364 5.9320
10.5205 -1.3398 8.0092
10.3081 -1.3671 7.5969
9.4380 -3.1331 4.7358
10.2810 -3.2120 5.0663
13.0686 -2.3006 8.4824
9.1032 -2.1326 5.0653
10.9628 -2.4436 6.3206
9.8566 -1.6110 6.7738
9.3676 -3.0541 4.8516
9.1768 -1.6969 5.7398
3.7423 -0.9350 5.8022
10.6010 -3.1605 5.3531
10.9927 -3.3177 5.2678
8.9962 -2.6848 5.3689
8.9344 -3.2670 4.1795
8.3344 -3.3175 3.7331
15.8523 -0.2282 14.1970
10.2408 -3.1046 5.2559
11.4014 0.0754 12.2279
6.4845 -2.6678 3.9520
9.8566 -1.8117 6.1809
9.9574 -2.0787 5.4872
6.8894 -2.9163 3.6935
10.7410 -2.7176 6.3116
10.7262 -3.1694 5.4078
8.6346 -3.1866 4.1657
8.0912 -3.1779 3.8691
9.1030 -3.0220 4.7624
10.4059 -2.2019 5.8469
9.8183 -3.2441 4.7355
8.9188 -2.8230 5.0505
9.0611 -3.2518 4.2829
7.3659 -2.3422 4.2990
12.3980 -2.9772 6.7542
10.3791 -3.3828 4.7844
8.8370 -3.2440 4.1689
10.3480 -3.1046 5.3178
10.3012 -2.0481 6.0528
6.0039 -2.0532 4.8924
8.2834 -1.0469 6.5717
9.9858 -3.3036 4.7142
11.5652 -1.6212 8.9605
7.7055 -3.2593 3.4850
3.9594 -1.7811 4.2509
8.3623 -2.1711 4.7452
9.8728 -2.1179 5.4684
7.3405 -2.6847 4.4130
8.0754 -3.4007 3.4184
9.3997 -2.0452 5.1503
10.7335 -3.2037 5.3440
12.2607 -2.7493 7.1266
10.9173 -1.7963 7.2851
9.8211 -3.0645 5.0929
8.3944 -3.2439 3.9134
8.7117 -2.8229 4.9309
12.4612 -2.6337 7.4713
9.6259 -0.5745 9.9147
11.1776 -3.4010 5.2095
6.9461 -1.6659 5.1907
8.6659 -3.1236 4.3086
11.0290 -3.3108 5.3025
9.1471 -3.1045 4.6245
8.5548 -3.3105 3.8740
13.5018 -0.6526 11.9983
10.0490 -1.9256 5.9243
8.4154 -3.3887 3.6385
8.6509 -2.7793 4.9822
8.7779 -2.7334 5.1467
10.1371 -3.2037 4.9996
9.6279 -1.1895 7.3693
8.0323 -3.0946 4.0002
13.0004 -1.8553 9.3254
12.9592 -1.8553 9.3016
12.3797 -1.7817 9.1129
10.6155 -0.6525 10.3317
10.5046 -1.1214 9.3383
9.1855 -3.0848 4.6857
10.4550 -3.3641 4.8654
10.5443 -3.1143 5.4120
1.6792 -0.1311 6.2038
9.5805 -1.5904 6.1972
9.6301 -2.9770 5.1561
7.9711 -3.2439 3.6690
9.2734 -2.7643 5.3715
3.0312 -1.5330 4.2064
8.0416 -2.3796 4.6284
11.8366 -2.8373 6.7073
4.8759 -2.2750 3.8014
7.9827 -2.5321 4.6608
7.7753 -3.3243 3.3966
6.8405 -2.9162 3.6654
10.3735 -2.0656 6.1523
11.9568 -2.8511 6.7494
12.7569 -2.6851 7.5403
12.4296 -2.5604 7.5984
10.4814 -3.3828 4.8435
8.6823 -2.8908 4.7795
7.2168 -2.0616 4.6675
12.3102 -0.2280 12.1515
11.6769 -2.3128 6.7127
9.8297 -3.0748 5.0776
10.9910 -3.0437 5.8097
8.8340 -2.8370 4.9737
12.4822 -3.1333 6.4934
8.4243 -3.1513 4.1142
9.2404 -2.0394 5.2160
10.6674 -3.0000 5.7096
9.6258 -3.4068 4.3018
8.2631 -3.2281 3.8690
9.6341 -2.7794 5.5499
7.8054 -3.2891 3.4837
9.7805 -3.2820 4.6385
8.3348 -2.9998 4.3628
11.4873 -3.3447 5.4999
8.7574 -1.5967 5.7650
6.7421 -2.7488 3.9404
11.2108 -2.3130 6.6065
11.5824 -3.3314 5.5812
3.4725 -1.7427 4.0458
8.3639 -2.2246 4.8099
7.2116 -1.7538 5.3717
10.5981 -3.0000 5.6696
8.4449 -3.3575 3.7176
12.1659 -2.1973 8.1656
12.4328 -1.2890 10.1199
10.2634 -2.9770 5.5217
12.2312 -3.3891 5.8416
11.0673 -2.8232 6.2910
11.4703 -3.2520 5.6739
10.5521 -2.1981 6.1724
11.0435 -3.4010 5.1320
4.5495 -1.4873 5.1740
5.3284 -2.2496 4.1132
11.1895 -3.2121 5.5908
9.4712 -3.2119 4.5988
10.3368 -2.8088 5.8975
7.2806 -2.1249 4.2535
12.2713 -2.6159 7.3970
7.9374 -3.3311 3.4768
6.4669 -0.6523 7.9361
8.1185 -2.7941 4.6455
9.5692 -1.7538 5.7407
10.1220 -3.1515 5.0944
14.1945 0.0753 13.8408
9.1802 -3.0110 4.8288
9.1988 -3.3379 4.1917
8.7989 -2.1101 5.0851
7.6825 -2.4897 4.4622
9.3002 -2.7643 5.3869
8.5468 -2.9884 4.5078
4.3610 -2.0222 4.0051
8.8874 -3.0747 4.5335
12.4363 -2.2756 8.1667
9.8072 -3.1693 4.8772
10.7553 -0.9354 9.8518
13.4597 -2.2241 8.8598
10.6008 -3.3828 4.9124
6.4966 -0.2278 8.7945
11.8397 -3.2967 5.7987
11.3602 -3.2363 5.6413
12.0808 -3.0544 6.4181
8.2311 -1.2760 6.4139
7.3980 -1.7453 5.4277
11.0715 -2.2380 6.4956
9.2529 -1.5972 5.8154
8.2965 -3.3243 3.6975
11.9800 -0.9355 10.5590
6.0743 -2.2236 4.5955
10.4390 -0.2280 11.0710
11.5569 -3.0850 6.0548
14.4141 -1.0619 11.7143
9.7729 -3.0848 5.0248
10.7545 -2.8088 6.1387
11.7085 -3.3578 5.6018
9.2472 -1.6236 5.7588
2.7539 -1.5330 4.0463
11.3408 -3.2363 5.6301
11.9422 -1.8679 6.6919
11.2978 -2.9654 6.1422
10.4678 -1.4126 7.6835
9.0202 -2.2864 5.1126
7.0791 -2.8642 3.9062
10.3989 -1.7194 7.2584
9.0843 -3.3639 4.0740
12.4910 -2.8233 7.1130
8.3006 -1.7752 5.4598
8.0391 -2.8086 4.5709
11.7657 -2.8780 6.5857
14.1856 -0.1316 13.4258
12.0724 -1.3057 6.3911
7.4165 -2.4997 4.3315
8.9025 -3.1780 4.3375
10.8257 -1.8945 6.9552
11.0490 -3.2672 5.4004
11.6953 -2.2400 6.9520
11.1349 -1.1792 9.5878
6.6779 -1.3748 5.6081
10.7210 -3.2363 5.2723
5.5873 -2.3243 4.1146
11.2756 -3.2672 5.5312
10.8999 -3.0222 5.7998
11.3629 -1.9388 7.1385
12.6698 -2.5605 7.7371
9.3540 -3.1330 4.6873
5.5526 -1.3912 5.9438
11.1283 -3.0112 5.9535
11.5625 -0.3203 11.5369
9.4226 -3.0436 4.9042
12.2581 -2.8233 6.9785
11.6004 -2.2575 6.6840
9.1537 -3.2745 4.2913
7.4385 -3.0109 3.8232
5.6885 -2.3243 4.1730
9.0092 -3.3511 4.0562
10.5639 -2.2282 6.0893
5.6878 -1.9579 4.8988
4.9142 -1.0613 6.2287
10.7764 -3.4069 4.9661
9.9040 -2.0204 5.5400
11.8640 -2.3248 7.7387
10.9871 -1.9741 7.0696
8.5281 -2.5299 4.9706
11.4540 -2.9167 6.3290
12.7720 -1.1216 10.6476
6.7920 -2.9767 3.5175
7.1509 -2.9036 3.8697
8.5562 -3.1330 4.2267
5.8477 -2.3481 4.2178
9.2865 -1.9048 5.4062
10.5017 -3.1143 5.3874
10.9209 -0.8687 10.0796
2.9802 -0.6521 5.9227
7.7040 -2.2079 4.7487
11.5608 -2.8911 6.4414
9.3699 -1.0487 7.3923
11.8099 -3.3382 5.6993
11.8866 -3.2038 6.0098
9.3616 -1.9699 5.3528
10.2857 -3.0221 5.4452
6.6261 -2.6678 4.0338
4.9343 -1.8548 4.6680
10.6621 -0.4933 10.6740
11.2439 -3.2363 5.5742
7.1440 -2.6847 4.2996
8.2979 -3.0644 4.2135
7.5586 -1.2378 6.1973
7.2469 -1.8632 5.1042
9.8201 -2.7794 5.6573
11.8259 -2.6337 7.1045
11.0158 -2.7943 6.3183
9.5575 -3.2671 4.5392
9.8733 -2.7794 5.6880
7.5966 -1.2757 6.0420
8.4058 -3.2670 3.8743
12.0109 -1.4282 6.4961
8.9632 -2.8777 4.9676
9.5192 -3.2965 4.4589
0.3037 0.0757 5.8193
7.6998 -3.3104 3.3804
11.1245 -3.2672 5.4440
10.1326 -2.9534 5.4930
7.0483 -2.7642 4.0867
7.7283 -1.9589 5.1252
10.6405 -2.4869 6.1632
10.0630 -1.3379 7.7147
12.6589 -2.3005 8.2459
11.7836 -2.1704 6.8945
11.2867 -2.7492 6.5643
8.9817 -1.8856 5.5418
7.8319 -3.0435 3.9858
8.7787 -3.0329 4.5536
9.5454 -3.3312 4.4052
11.0527 -3.1782 5.5789
13.1239 -1.8553 9.3967
9.0256 -2.4399 5.1941
10.8667 -0.9354 9.9161
9.5219 -3.1331 4.7843
6.0304 -2.7172 3.5918
7.5769 -2.7333 4.4532
10.0743 -0.6525 10.0192
-1.9378 0.1868 4.7449
9.0259 -3.3888 3.9910
7.8436 -3.1422 3.7970
9.3175 -3.3576 4.2213
11.8005 -3.1144 6.1373
11.5966 -3.3038 5.6442
10.5874 -3.2966 5.0756
5.6702 -2.0223 4.7611
4.7670 -2.2235 3.8407
7.6147 -2.7793 4.3839
3.8536 -0.9350 5.8665
8.3677 -3.2035 3.9781
11.6925 -2.9292 6.4420
3.0004 -1.4872 4.2795
12.6818 -0.1315 12.5574
9.9044 -0.2279 10.7623
10.2231 -3.2746 4.9087
10.7723 -2.9291 5.9107
10.6947 -3.4127 4.9074
3.7346 -1.9243 3.8373
9.9751 -3.3704 4.5758
10.8095 -3.3037 5.1898
11.5204 -1.6212 8.9346
6.3535 -2.1696 4.8638
4.8253 -2.0531 4.2119
7.9152 -2.3461 4.5485
11.8992 -1.8456 6.6920
9.6066 -1.4931 6.3244
9.5286 -3.2893 4.4786
14.9683 -0.9999 12.1571
8.3197 -1.3953 6.2358
8.7751 -2.9037 4.8075
9.6048 -1.9475 5.4167
8.5002 -3.2200 4.0219
6.1883 -2.3942 4.3232
7.8967 -3.2744 3.5656
7.9492 -3.1779 3.7871
10.3644 -2.8778 5.7766
10.7762 -2.0828 6.6716
9.7168 -3.1604 4.8426
6.7897 0.1865 9.7848
12.1546 -2.6159 7.3296
8.9160 -3.0645 4.5703
10.0614 -3.3704 4.6256
11.9449 -2.9887 6.4697
7.8704 -2.0435 5.1093
11.2133 -2.6850 6.6490
2.3269 -1.1787 4.5018
9.8976 -2.0145 5.7090
9.5441 -1.0974 7.4771
4.9728 -1.5776 5.2394
10.5746 -2.0264 6.7433
8.4390 -2.6680 5.0806
10.6726 -2.2195 6.1285
10.9308 -2.0653 6.5826
9.9267 -1.7266 6.5422
8.1221 -1.5931 5.9503
8.2913 -3.3444 3.6546
12.1075 -2.1700 8.1862
7.4773 -1.4595 3.9088
6.0464 -2.4165 4.1971
12.0971 -3.3706 5.8009
10.5309 0.1864 11.9452
7.5061 -3.2360 3.4161
10.5177 -2.9653 5.6917
5.2661 -1.3407 5.8783
7.4591 -3.0643 3.7292
10.5062 -1.9626 6.7439
8.0961 -1.1405 6.4332
7.9629 -1.7755 5.4674
1.3494 -0.9349 4.4205
9.0953 -3.3703 4.0678
9.0519 -2.9652 4.8455
10.3961 -3.3828 4.7942
14.9854 -0.7276 12.7066
11.0945 -3.1606 5.6380
11.5053 -3.2597 5.6789
7.5027 -2.2172 4.6608
7.5836 -3.2360 3.4608
8.0632 -3.3174 3.5765
11.4547 -3.0647 6.0361
9.4974 -1.0977 7.4655
8.6019 -3.4183 3.6876
9.4262 -1.4215 6.2628
9.4922 -3.3827 4.2723
13.4533 -2.1974 8.9090
12.0258 -3.2039 6.0901
4.8931 -0.2277 7.8685
7.1482 -2.6333 4.4038
11.8992 -1.7873 6.6920
7.0419 -2.6507 4.3078
8.1250 -1.5364 5.8327
11.7985 -1.7432 8.8533
11.4316 -3.3951 5.3680
15.8868 0.1862 15.0381
14.5856 -0.9999 11.9362
8.9450 -3.0541 4.6076
10.7552 -2.3228 6.1300
10.0159 -3.3380 4.6635
9.1278 -3.3379 4.1507
10.1547 -2.7014 6.0052
12.0858 -3.2895 5.9551
10.5846 -3.0330 5.5963
8.8009 -3.3948 3.8491
9.4481 -3.1237 4.7603
11.6162 -2.8089 6.6362
7.7855 -2.8643 4.3141
11.8715 -2.5978 7.2021
7.6143 -3.1421 3.6646
10.6622 -2.9771 5.7519
7.1755 -2.9036 3.8839
9.1552 -2.0878 5.0501
11.9089 -3.3891 5.6555
12.4336 -2.6683 7.3869
10.5364 -3.3512 4.9379
8.4594 -3.1692 4.0990
10.9733 -3.2596 5.3717
10.7776 -3.4127 4.9553
5.1569 -0.3200 7.8379
5.0926 -2.0222 4.4276
9.7492 -2.7176 5.7390
6.9792 -2.9410 3.6963
9.1922 -3.4068 4.0515
8.0778 -3.0540 4.1069
4.1790 -2.0531 3.8387
11.7688 -1.3411 9.6331
15.1725 -0.4935 13.2785
5.4507 -1.9579 4.7618
12.3328 -2.2756 8.1069
12.1867 -2.0838 8.4026
7.5691 -2.0595 4.9956
8.1747 -1.9572 5.0895
13.9101 -0.0306 13.4669
5.5229 -1.9905 4.7389
5.9193 -2.1695 4.6131
8.0630 -2.8643 4.4743
7.4681 -2.9651 3.9310
13.1951 -1.8190 9.5098
7.3858 -2.7333 4.3429
9.9006 -1.8368 6.1600
12.0733 -2.7016 7.1129
10.4994 -1.9383 6.7952
8.5582 -3.3035 3.8899
6.7910 -2.7792 3.9084
8.5929 -2.8643 4.7802
12.6922 -2.6338 7.6047
7.2441 -3.1140 3.5066
9.0798 -2.5745 5.3181
10.4567 -3.3313 4.9313
10.0934 -2.5355 5.8866
7.9294 -3.1865 3.7586
7.5785 -2.2009 4.6552
7.8937 -2.4051 4.5308
10.0476 -2.3594 5.7374
5.3551 -2.3000 4.0287
14.5968 -1.2352 11.4763
9.7089 -1.2371 7.4208
11.9702 -1.7433 8.9525
8.6070 -3.0644 4.3919
8.0805 -2.4043 4.6368
10.2794 -3.2746 4.9412
8.8984 -3.1236 4.4429
8.4973 -3.3575 3.7478
9.2699 -2.0936 5.1331
12.6702 -2.3719 8.1109
7.9737 -3.3574 3.4455
10.7327 -3.3641 5.0257
7.8746 -1.6314 5.4916
11.3130 -2.2462 6.5708
11.2519 -0.1633 7.9353
9.1469 -2.3183 5.1907
14.0818 -1.4405 10.7719
10.3994 -2.9039 5.7453
4.4725 -0.5742 6.9389
3.9223 -1.4399 4.9056
9.1725 -3.2745 4.3021
11.2645 -3.1332 5.7904
10.0091 -1.8314 6.0470
7.3934 -3.1602 3.5011
10.3316 -3.3313 4.8591
6.9678 -2.7641 4.0403
8.1035 -1.8033 5.4914
6.5807 -0.9352 7.4412
8.8255 -3.1045 4.4388
11.9246 -3.3705 5.7013
7.4624 -3.1779 3.5061
11.6216 -2.7944 6.6681
10.8389 -1.6343 7.5092
9.0525 -1.8941 5.3511
7.5307 -1.2427 6.2867
10.7262 -3.0646 5.6154
11.1105 -3.2121 5.5452
12.4054 -3.0851 6.5447
12.1332 -3.1239 6.3105
9.7621 -3.3949 4.4041
7.7068 -2.9768 4.0456
11.1455 -0.5805 8.1528
5.8031 -2.4596 3.9711
11.4612 -2.0581 6.9804
8.5892 -3.0541 4.4022
12.9383 -2.5015 8.0089
2.6884 -0.2277 6.5954
7.6364 -3.2818 3.4006
10.7426 -3.0330 5.6875
6.6776 -2.9531 3.4982
10.6553 -3.3380 5.0327
8.4273 -3.2035 4.0125
10.8194 -1.2843 8.0558
9.0763 -3.2119 4.3707
8.5850 -3.3888 3.7364
11.9553 -3.2673 5.9236
3.8657 -0.1312 7.4664
9.2995 -3.4009 4.1251
9.9075 -3.1423 4.9886
11.8730 -2.8646 6.6741
5.0691 -1.3407 5.7646
11.5958 -2.9887 6.2681
9.5927 -3.0111 5.0669
10.0401 -2.8371 5.6701
8.0871 -3.2360 3.7516
8.4940 -1.8884 5.4209
12.5048 -2.5015 7.7586
8.4176 -2.5640 4.9827
10.1318 -3.2519 4.9011
9.5622 -1.5723 6.0630
10.3100 -0.9354 9.5946
1.4619 -0.0301 6.2785
7.5335 -2.5706 4.4171
14.9845 -0.4935 13.1700
7.2060 -2.6333 4.4371
8.4649 -2.7793 4.8749
12.2676 -2.1420 8.3341
8.6620 -2.5308 5.0499
12.8384 -1.6632 9.6126
7.8835 -2.8229 4.4527
12.0137 -1.6212 9.2194
4.5033 -0.3200 7.4605
-1.8438 0.0758 4.5792
9.6131 -1.2325 7.2646
9.4743 -3.3446 4.3377
10.3586 -1.4063 7.5443
7.1322 -2.7173 4.2280
11.6878 -3.2038 5.8950
11.6453 -1.6631 8.9237
9.5137 -2.8778 5.2855
10.4128 -3.0542 5.4551
10.3178 -3.3380 4.8378
7.7779 -3.3378 3.3714
8.1731 -2.9998 4.2695
12.5063 -1.9249 8.9020
12.0890 -3.1517 6.2300
8.4872 -2.0310 5.2897
9.4538 -2.9653 5.0775
11.2593 -2.3410 6.5432
10.4870 -2.1601 6.0258
8.6742 -1.2149 6.3400
10.0810 -3.0221 5.3271
8.7769 -2.7941 5.0257
7.0846 -2.9163 3.8063
4.8854 0.0756 8.4651
2.1841 -0.9349 4.9025
10.4424 -1.7107 7.2280
12.7032 -2.3719 8.1299
3.9151 -0.3200 7.1208
11.9111 -3.3448 5.7445
8.7010 -3.2118 4.1541
7.3824 -2.4805 4.2681
6.7489 -2.7940 3.8548
11.4954 -3.1332 5.9237
8.9470 -0.8496 7.2564
4.8615 -2.0222 4.2942
13.6685 -1.1216 11.1652
9.6346 -3.1604 4.7951
7.1398 -1.9388 4.7014
3.6358 0.1866 7.9634
6.6389 -2.6846 4.0079
9.7135 -1.6031 6.3597
9.8791 -3.0542 5.1469
14.7930 -0.7996 12.4528
10.7713 -3.3829 5.0109
12.7425 -2.5793 7.7416
9.1113 -3.2595 4.2967
11.7866 -3.3705 5.6216
11.9715 -3.1425 6.1802
10.4146 -2.3579 5.9455
11.6609 -3.0949 6.0952
11.0335 -3.1332 5.6570
3.9134 -1.6626 4.4592
9.6452 -2.9413 5.2356
8.0801 -3.0109 4.1936
12.2995 -3.1048 6.4445
11.4119 -2.4024 6.5553
8.9099 -1.7300 5.5770
7.3968 -2.7642 4.2879
9.5746 -1.6248 5.9551
10.8533 -3.0112 5.7947
9.5914 -1.9915 5.2698
11.2639 -3.3177 5.4244
12.3830 -1.8553 8.9689
10.6980 -3.3641 5.0057
9.7175 -2.8509 5.4565
8.1853 -3.3444 3.5935
5.5388 -2.5009 3.7366
8.2835 -1.7318 5.6244
10.7898 -2.8779 6.0222
12.6346 -2.8090 7.2242
10.3519 -3.3037 4.9256
9.2032 -2.9533 4.9564
10.5715 -1.7181 7.0944
12.2583 -0.9355 10.7197
9.9440 0.1864 11.6063
9.6665 -3.2282 4.6793
7.0898 -2.9650 3.7126
7.5089 -2.6847 4.5102
9.9094 -2.9413 5.3881
8.7553 -3.2200 4.1692
8.4109 -1.1368 6.4789
12.1768 -2.9292 6.7216
11.7725 -3.1954 5.9605
11.9158 -2.8780 6.6724
9.3189 -3.3106 4.3152
9.9756 -3.3889 4.5393
9.2140 -1.8130 5.5080
11.0797 -3.3641 5.2261
10.8584 -3.2519 5.3206
8.3305 -3.3311 3.7037
10.1159 -3.1424 5.1089
11.2118 -2.2871 6.6236
10.8847 -2.3617 6.2261
8.1355 -3.3174 3.6182
11.1515 -1.8741 7.2231
8.3427 -3.2891 3.7940
6.1024 -2.3714 4.3187
12.2697 -3.3706 5.9006
4.6459 -1.0613 6.0738
12.6884 -2.9041 7.0669
9.9839 -1.4155 7.4396
13.4031 -2.2757 8.7249
9.2832 -1.0910 6.9788
12.7187 -1.4878 9.8910
11.6568 -3.1869 5.9106
11.2631 -2.2975 6.5954
8.9228 -2.9037 4.8927
3.2150 -1.7427 3.8972
11.7749 -1.9583 8.4134
7.3313 -1.9954 4.1648
10.1782 -3.0330 5.3617
11.3686 -1.3915 9.3020
8.6790 -3.4008 3.7669
10.8231 -1.4645 7.9539
10.8593 -3.2596 5.3059
11.0283 -3.3381 5.2480
12.0939 -2.4601 7.6033
7.7540 -2.8229 4.3780
9.1146 -3.3511 4.1170
10.1216 -3.2893 4.8210
4.4521 -2.0833 3.9366
3.4938 -1.7032 4.1364
8.0528 -3.1236 3.9547
13.7629 -1.6213 10.2294
12.1254 -2.8646 6.8198
12.0320 -3.2203 6.0610
12.0634 -2.7178 7.0751
6.8015 -2.9287 3.6180
8.0577 -2.9997 4.2028
6.6209 -2.9162 3.5385
5.7273 -0.0303 8.7416
8.2131 -3.3826 3.5339
10.5433 -3.3245 4.9947
10.4165 -3.3889 4.7939
7.8209 -2.7174 4.6256
14.0439 -0.5747 12.4659
10.4412 -2.8088 5.9578
0.0370 -0.4082 4.7063
9.8196 -3.1605 4.9019
6.8065 -1.4634 5.6253
7.4647 -2.8086 4.2392
8.3200 -2.2743 4.6778
11.0658 -3.3037 5.3377
3.6769 -1.8900 3.8720
9.5698 -3.0111 5.0537
5.1573 -1.5332 5.4341
12.4601 -3.0950 6.5566
9.6828 0.0754 11.2355
10.2121 -2.4851 5.9119
6.7221 -2.8906 3.6477
10.0457 -3.3313 4.6940
5.8397 -2.5210 3.8706
11.6227 -2.2405 6.8206
10.6613 -3.3577 4.9972
8.0865 -3.2439 3.7356
8.5820 -2.0859 5.0798
11.1382 -3.3108 5.3656
12.0323 -2.8911 6.7136
7.3936 -3.2034 3.4157
9.3252 -2.5745 5.4599
11.1835 -2.7015 6.5992
10.0401 -3.1237 5.1020
11.8939 -3.0331 6.3522
12.0212 -3.0750 6.3429
11.9686 -3.2967 5.8731
13.5020 -0.1316 13.0311
4.6852 -2.1414 3.9561
9.1610 -2.9769 4.8852
5.3530 -1.4400 5.7317
11.8908 -2.8780 6.6579
9.4321 -3.3766 4.2499
10.2727 -2.7176 6.0412
11.2965 -3.3314 5.4162
6.6072 -0.4076 5.4179
11.1141 -2.8910 6.1835
11.5237 -3.1144 5.9775
12.5451 -0.1315 12.4785
8.4423 -2.7643 4.8916
3.1117 -1.4399 4.4375
11.7729 -2.8089 6.7266
10.4380 -2.7176 6.1366
11.9712 -1.4971 6.5657
8.5794 -3.2594 3.9896
11.5371 -3.3513 5.5156
9.3196 -3.1867 4.5612
8.8361 -1.3659 6.1784
11.3959 -2.5340 6.6350
12.8415 -1.4405 10.0557
11.0654 -3.3108 5.3236
11.5692 -1.0617 10.0715
10.6375 -2.7491 6.1894
8.7635 -2.8230 4.9608
14.4193 0.1863 14.1907
8.1309 -2.3624 4.6384
11.8792 -1.6212 9.1417
13.0479 -2.6512 7.7755
12.1072 -3.3247 5.8977
10.4762 -3.4069 4.7928
9.9162 -3.2671 4.7463
7.1239 -1.2471 6.1490
11.5822 -3.0223 6.1938
8.6889 -2.5308 5.0656
9.4674 -2.3330 5.4121
8.5763 -2.7643 4.9690
9.0035 -3.3175 4.1193
10.4081 -3.0948 5.3719
9.7640 -3.2282 4.7356
8.2258 -1.5447 5.9603
4.0556 -1.0613 5.7330
8.7777 -2.0715 5.1469
8.1958 -2.8086 4.6613
7.7713 -0.3202 9.3476
11.8180 -3.3513 5.6778
13.4760 -1.2351 10.8291
8.6897 -2.2096 4.8769
8.3806 -3.0847 4.2210
10.4890 -3.2820 5.0476
7.8414 -3.2818 3.5190
11.1812 -3.2672 5.4767
11.9774 -3.0750 6.3176
10.0760 -3.3245 4.7249
9.6411 -1.6712 6.0606
12.8969 -1.1793 10.6052
7.3785 -1.8453 4.0820
7.9594 -2.7489 4.6432
6.8064 -1.4955 5.4844
9.7322 -2.8371 5.4923
7.5474 -3.0643 3.7801
5.5476 -2.0532 4.6290
5.9185 -1.7428 5.4582
13.5538 -1.9585 9.4406
10.8295 -2.3225 6.2483
9.5423 -3.1514 4.7597
5.3006 -1.4873 5.6077
14.8287 -1.1217 11.8352
11.0416 -2.3213 6.2917
7.3474 -1.9840 4.1366
10.0151 -0.4086 10.4682
5.2672 -1.8185 4.9321
11.1446 -3.0749 5.8367
8.1515 -2.7174 4.8165
7.2917 -3.1235 3.5153
7.5447 -2.9036 4.0971
9.8567 -2.0810 5.4355
10.3315 -3.2671 4.9862
10.1697 -3.3766 4.6757
1.6018 -0.0301 6.3592
10.6507 -3.1143 5.4735
10.5861 -3.1782 5.3095
9.5525 -2.8371 5.3886
7.6833 -2.9768 4.0321
10.6501 -2.8088 6.0784
9.8621 -1.9295 5.7148
10.8329 -2.8088 6.1839
12.8024 -2.2502 8.4285
9.6475 -0.7993 9.4816
7.2629 -2.2018 4.2845
7.9111 -3.2118 3.6980
8.6568 -2.7643 5.0154
13.0198 -2.5979 7.8651
7.5562 -2.0964 4.8610
11.1433 -3.4069 5.1780
8.2590 -3.3311 3.6624
9.4149 -1.5555 6.1162
11.6149 -3.3038 5.6548
11.1926 -3.0438 5.9262
10.5015 -3.2672 5.0843
8.6533 -2.7013 5.1383
10.8926 -3.2037 5.4358
-1.1996 0.0758 4.9512
8.3363 -3.3702 3.6296
7.8855 -2.1381 4.8451
7.7145 -3.1235 3.7594
3.6870 -1.7427 4.1697
7.7411 -3.1513 3.7197
1.0689 0.1867 6.4811
11.9464 -3.3448 5.7649
11.4957 -3.2363 5.7196
11.2908 -3.2821 5.5105
11.4483 -0.7274 10.6641
11.2035 -3.3513 5.3231
4.9226 -1.3911 5.5800
9.2380 -3.0747 4.7360
7.3653 -3.1865 3.4329
6.8035 -1.3442 5.9351
8.3248 -3.0435 4.2704
9.8158 -3.4127 4.3999
10.9596 -3.4010 5.0836
3.2815 -1.1210 5.1674
5.9250 -1.9579 5.0357
11.3863 -2.9887 6.1472
8.9138 -3.4008 3.9025
7.9634 0.1865 10.4625
11.5669 -3.2894 5.6555
12.1160 -1.9910 8.5458
7.1176 -3.0108 3.6379
10.2857 -3.3704 4.7551
7.7209 -3.2439 3.5246
8.2996 -2.1264 4.7541
8.0184 -1.7907 5.3769
12.6336 -1.7817 9.2595
7.4932 -2.3959 4.2780
11.1690 -3.0543 5.8916
12.4793 -2.9167 6.9210
4.2558 -1.6207 4.7399
5.2774 -2.3714 3.8424
6.1162 -2.6678 3.7394
7.8060 -2.4823 4.5167
7.3550 -2.2979 4.1807
4.6033 -0.6522 6.8599
6.3460 -2.0532 5.0900
8.5465 -3.2892 3.9116
9.5229 -3.0747 4.9005
9.7474 -1.9561 5.5283
5.5333 -2.5210 3.6937
6.4988 -2.8368 3.6254
11.0251 -0.8078 8.2354
11.3929 -3.3108 5.5126
9.4169 -3.4009 4.1929
5.0166 -1.8548 4.7155
11.5897 -3.3513 5.5460
11.1185 -1.5780 8.7880
2.0891 -0.1311 6.4405
9.7990 -2.9534 5.3004
2.1197 -1.1787 4.3822
10.5632 -3.2283 5.1970
9.3120 -3.2671 4.3975
6.8306 -2.6333 4.2204
4.4451 -2.0531 3.9924
8.0833 -2.9532 4.3098
9.6603 -2.5342 5.6337
8.1934 -2.1100 5.1548
7.6598 -2.9768 4.0185
10.9833 -0.8046 8.2984
10.6412 -3.2283 5.2420
9.1563 -2.0289 5.1349
10.5361 -3.1515 5.3335
8.1842 -1.9089 5.3313
11.4711 -3.1425 5.8913
11.5172 -2.7015 6.7918
12.0855 -3.2039 6.1246
7.8772 -2.0665 5.0662
11.8383 -3.3705 5.6515
15.0539 0.0752 14.3371
8.4502 -3.3445 3.7464
10.0907 -3.1046 5.1692
8.1770 -3.3948 3.4889
4.9039 -0.6522 7.0335
11.9608 -3.0001 6.4563
11.7896 -0.4934 11.3251
9.4290 -2.9413 5.1108
12.7349 -2.8373 7.2260
6.1039 -2.0834 4.8904
3.0171 -1.2884 4.6830
9.8402 -3.1605 4.9138
7.6472 -2.0967 4.9146
12.2078 -3.3315 5.9423
10.4984 -3.3828 4.8533
11.8013 -2.1877 6.8635
7.8150 -3.0847 3.8944
12.0170 -3.3448 5.8057
7.4902 -1.4012 3.8861
9.2910 -3.1330 4.6510
10.0449 -3.3512 4.6541
11.9272 -2.9415 6.5531
8.9534 -3.4126 3.9021
12.1585 -1.7038 9.1395
8.4919 -2.8643 4.7220
11.9393 -2.8373 6.7666
10.3817 -1.8923 6.8652
9.0347 -3.2819 4.2079
11.7396 -2.7015 6.9203
8.5224 -3.2594 3.9567
8.9840 -3.2036 4.3339
7.0713 -1.6391 5.3707
10.9328 -3.2120 5.4426
10.7464 -3.0542 5.6477
-0.3603 -0.4928 4.3091
8.6900 -2.9289 4.7084
8.2859 -0.9996 6.7279
3.8199 -0.9993 5.7196
10.6186 -3.0748 5.5331
5.1423 -2.4164 3.6751
11.5327 -3.0331 6.1437
7.1186 -1.9081 4.8777
10.3309 -2.7943 5.9229
10.4149 -3.2441 5.0799
7.9389 -2.9163 4.2995
13.3046 -2.0537 9.1078
12.0925 -3.3578 5.8235
10.6209 -2.9039 5.8732
12.4839 -1.4878 9.7555
9.5554 -2.7490 5.5646
8.9915 -3.3312 4.0854
8.8766 -2.9412 4.7918
12.6188 -2.6512 7.5278
9.6424 -1.8674 5.4712
9.3373 -3.2440 4.4578
8.8056 -3.0644 4.5066
3.5503 -0.7270 6.1035
5.0527 -2.0833 4.2835
7.8368 -3.0847 3.9070
9.7681 -3.3703 4.4563
10.3021 -2.6510 6.1902
11.9721 -3.1695 6.1271
11.7324 -3.1954 5.9374
11.8624 -2.1301 6.8212
10.2449 -2.6510 6.1572
9.3308 -3.1952 4.5508
9.5406 -1.5446 6.1091
8.9790 -2.8087 5.1136
10.1381 -2.1571 5.6502
11.9326 -3.1954 6.0529
9.8307 -0.9996 9.1905
10.7771 -2.4401 6.2054
7.1624 -3.0846 3.5176
8.4069 -2.6848 5.0287
11.8934 -2.9167 6.5827
3.9556 -1.5331 4.7402
11.6556 -3.2967 5.6923
10.3810 -3.2893 4.9708
14.9219 -0.4935 13.1338
8.7335 -3.0329 4.5276
11.4015 -3.2284 5.6810
11.9318 -3.2967 5.8518
8.3864 -3.3243 3.7494
7.3631 -1.9139 4.1090
8.4357 -3.2361 3.9528
8.6356 -2.7490 5.0336
9.6954 -3.2893 4.5749
12.1368 -3.0113 6.5358
8.3584 -3.4067 3.5701
8.8353 -0.2279 10.1449
8.6476 -3.1603 4.2253
10.5996 -2.9166 5.8357
9.3178 -1.7519 5.5868
12.0713 -3.3247 5.8769
0.0173 0.0757 5.6540
9.8698 -2.7335 5.7771
5.9906 -1.8901 5.2080
9.2676 -3.1780 4.5483
8.0306 -3.1692 3.8514
10.7982 -2.9414 5.9013
5.7126 -2.2496 4.3350
11.8293 -2.2516 6.8833
8.3560 -2.4433 4.8153
10.8223 -3.1238 5.5537
6.4716 -2.7488 3.7842
11.9689 -1.6212 9.1935
11.5503 -3.2442 5.7355
8.5695 -3.3175 3.8688
5.5298 0.0756 8.8372
8.9464 -2.4274 5.1913
7.5427 -2.3263 4.2846
8.1278 -3.3826 3.4846
9.2492 -3.4008 4.0961
9.8708 -2.5745 5.7748
8.3549 -3.1779 4.0213
12.7171 -2.5412 7.8025
8.8952 -2.7175 5.2459
11.1696 -2.0136 6.9014
10.7180 -3.3037 5.1369
10.3066 -2.7335 6.0293
8.6052 -3.4125 3.7010
12.3587 -2.6159 7.4475
10.8807 -1.7704 7.3439
9.9192 -3.3107 4.6618
10.1327 -3.3512 4.7048
2.8790 -1.5775 4.0304
11.3987 -2.9414 6.2480
9.8926 -3.4068 4.4559
9.1558 -2.7794 5.2737
9.2761 -0.8686 9.1298
8.5184 -3.3105 3.8530
13.6598 -2.1421 9.1379
10.4306 -2.1674 6.0144
4.1189 -0.0302 7.8128
10.5289 -2.2121 5.9449
7.6393 -3.2280 3.5089
10.3193 -2.1448 5.9738
8.0301 -0.6524 8.8387
11.2720 -2.8372 6.3813
11.6643 -0.4934 11.2527
7.8828 -3.1140 3.8754
5.8968 -1.5332 5.8611
2.1808 -0.9992 4.7732
14.0831 -1.3917 10.8695
6.8381 -2.8085 3.8775
9.9327 -0.5745 10.0919
12.4034 -2.6337 7.4380
12.3673 -2.2756 8.1268
12.1614 -0.0305 12.4571
-1.3347 -0.0300 4.6635
12.2328 -3.1955 6.2263
5.7560 -2.3243 4.2120
7.2032 -2.9997 3.7095
8.4587 -2.7013 5.0259
8.2515 -3.3639 3.5932
6.8534 -2.9650 3.5761
11.6048 -3.0749 6.1025
6.4930 -1.1042 6.0944
7.2160 -2.0101 4.6064
8.8640 -3.3106 4.0526
5.0236 -0.7271 6.9543
11.0948 -2.7943 6.3639
6.6994 -0.7992 7.7793
12.4040 0.0753 12.8069
3.4274 -1.6625 4.1786
11.9377 -2.7944 6.8506
6.0271 -0.4931 7.9975
6.6977 -2.5211 4.3660
7.5615 -2.7792 4.3532
9.2977 -3.3445 4.2357
10.5779 -3.0849 5.4896
10.5972 -3.3245 5.0259
8.0451 -3.3174 3.5660
10.4795 -3.0542 5.4936
11.3877 -2.1517 6.8045
9.7842 -2.9038 5.3901
2.9023 0.1866 7.5399
9.6232 -2.9165 5.2720
7.5034 -2.9997 3.8828
6.3022 -2.6846 3.8135
2.2754 -0.4083 5.9989
9.6505 -1.3621 7.1498
8.8033 -3.3445 3.9503
10.9893 -2.2730 6.3724
7.5105 -3.0846 3.7186
10.4449 -3.0222 5.5372
8.8953 -2.0577 5.0736
9.1036 -2.4412 5.2420
6.9067 -2.6155 4.2996
9.2534 -1.2170 6.7209
12.0519 -3.0331 6.4435
12.3690 -3.2521 6.1927
6.9454 -2.8907 3.7766
9.7660 -3.4126 4.3712
10.2489 -2.2387 5.7759
11.0267 -3.4010 5.1224
8.9282 -1.6581 5.7838
7.3534 -1.9036 4.0674
12.8352 -2.3720 8.2061
11.1418 -0.2734 8.0207
11.4441 -3.3642 5.4364
6.9403 -1.4619 5.6861
11.3535 -2.0553 7.0318
10.9506 -3.1606 5.5549
8.4214 -3.1603 4.0947
7.9431 -3.0219 4.0927
11.3957 -3.4011 5.3354
9.7670 -2.7794 5.6266
4.5564 -1.5331 5.0871
12.2257 -3.3315 5.9526
11.4816 -3.3578 5.4708
9.3162 -3.4009 4.1348
9.7822 -2.0815 5.3940
5.7913 -2.6332 3.6203
6.4195 -1.0492 5.7640
8.4509 -0.6524 9.0818
8.0978 -3.0847 4.0577
11.7905 -3.0949 6.1700
9.4859 -1.9840 5.2753
8.8486 -3.3312 4.0028
9.0193 -3.0436 4.6714
6.1619 -2.6846 3.7325
8.1465 -3.3702 3.5201
4.0144 -2.0221 3.8050
5.7472 -2.0223 4.8055
9.5361 -0.3202 10.3667
11.9142 -1.7816 8.8441
15.2457 -0.6527 13.0054
5.1262 -2.1127 4.2676
11.1347 -3.1695 5.6436
9.9026 -2.3147 5.6180
5.8170 -1.4874 5.9058
11.0417 -2.8089 6.3045
12.2231 -3.2822 6.0488
11.2173 -3.3705 5.2929
7.0031 -2.9768 3.6393
9.5749 -3.1237 4.8335
10.2764 -2.9039 5.6743
12.4118 -3.1783 6.3636
2.9789 -0.4083 6.4051
8.4744 -3.2361 3.9752
8.3994 -2.7174 4.9596
11.8064 -2.3692 6.7764
11.2306 -0.4087 11.1701
8.6733 -2.1885 4.8902
10.2460 -1.5384 7.4482
6.9860 -2.7940 3.9916
12.3401 -3.0851 6.5070
8.3134 -3.2594 3.8360
5.3089 -1.8185 4.9562
9.6485 -1.8358 5.5887
12.1489 -3.3706 5.8308
8.2756 -3.1692 3.9929
5.3360 -2.4164 3.7869
10.3108 0.1864 11.8181
8.4637 -0.9519 6.7254
2.5828 -0.4930 6.0086
9.9677 -1.5454 6.9708
9.7551 -3.3889 4.4120
11.6234 -2.0838 8.0773
10.8808 -2.5330 6.3355
7.6301 -2.4891 4.4306
12.2510 -3.3247 5.9807
8.5940 -1.3707 6.0957
12.2466 -3.3448 5.9383
6.3469 -2.5407 4.1245
3.3923 -0.3200 6.8189
7.6768 -3.1421 3.7007
10.5155 -2.3679 6.0281
8.0106 -3.1140 3.9491
10.8378 -3.0749 5.6596
12.1690 -2.7646 7.0433
7.9232 -3.3826 3.3665
7.8758 -1.2357 6.3338
10.1313 -2.7644 5.8668
9.3356 -2.9652 5.0093
7.8960 -2.9997 4.1095
8.6933 -3.3510 3.8738
8.8579 -2.2013 4.9518
9.1195 -0.4086 9.9510
7.3050 -1.4564 5.8370
0.4537 -0.4929 4.7792
5.3366 -1.9244 4.7622
10.8521 -3.0000 5.8163
8.8253 -3.4067 3.8397
11.0105 -3.3447 5.2246
12.7202 -2.8511 7.1901
2.2233 -1.1787 4.4420
5.6223 -2.1968 4.3874
5.4961 -1.4400 5.8144
11.2592 -3.3381 5.3813
11.8132 -3.3578 5.6622
11.8871 -1.9768 6.7329
11.7172 -3.1869 5.9455
10.9570 -3.3314 5.2201
8.6632 -2.9884 4.5750
6.8132 -2.6507 4.1757
8.9974 -3.3035 4.1436
7.4960 -3.1043 3.6712
8.7035 -3.2745 4.0313
9.1189 -2.6680 5.4731
8.4493 -3.3888 3.6581
12.1793 -3.0950 6.3945
11.2875 -3.1238 5.8222
13.7264 -2.0839 9.2916
11.2084 -3.3246 5.3787
13.6321 -2.1974 9.0122
11.5553 -2.0536 8.0978
7.7732 -3.0946 3.8506
10.8669 -3.3246 5.1815
1.0851 -0.2276 5.6695
7.2004 -0.4085 8.8429
7.3674 -3.1043 3.5969
6.0412 -1.0614 6.8795
8.6867 -3.3888 3.7952
8.5712 -3.3827 3.7406
10.0932 -1.4672 7.5631
7.6068 -2.9532 4.0347
11.1530 -3.1868 5.6198
12.1684 -3.1783 6.2231
10.1757 -3.3380 4.7558
4.4145 -2.0833 3.9150
5.6009 -1.9905 4.7840
6.7917 -2.9162 3.6372
6.2136 -0.8684 7.3614
9.8982 -2.8909 5.4815
9.4270 -1.1416 7.2384
10.2546 -1.6749 7.1609
11.5600 -3.3038 5.6231
8.5613 -2.8087 4.8724
11.5836 -2.6682 6.8962
10.5918 -2.9771 5.7113
11.4297 -2.8232 6.5002
11.8726 -3.1954 6.0183
8.8771 -2.2342 4.9723
9.5097 -3.3312 4.3845
8.0435 -3.3574 3.4858
10.7045 -2.2571 6.0863
10.8222 -2.9414 5.9151
9.0760 -1.7471 5.5853
8.1565 -3.2963 3.6721
8.1080 -2.9411 4.3480
9.2471 -3.0645 4.7615
10.9931 -3.3950 5.1148
10.9409 -2.9039 6.0579
12.7653 -2.5216 7.8693
10.2406 -1.9630 6.1754
7.8281 -2.6183 4.6219
8.3018 -3.3702 3.6097
11.7852 -1.9249 8.4857
7.8672 -1.6277 5.7467
13.0808 -0.6526 11.7553
10.3767 -3.0221 5.4978
13.4183 -0.4934 12.2656
8.7981 -1.2565 6.3860
8.6119 -2.9998 4.5228
11.6908 -3.1606 5.9823
0.9222 0.1867 6.3964
10.6671 -3.3767 4.9629
7.3148 -2.0375 4.1937
8.5143 -3.1330 4.2025
11.3533 -3.2597 5.5911
9.5955 -1.9658 5.3742
11.2017 -2.9771 6.0634
9.7404 -2.7794 5.6113
5.7566 -2.1128 4.6315
7.1618 -2.8776 3.9276
12.0700 -3.3448 5.8363
12.1620 -2.9167 6.7378
12.3731 -2.3719 7.9393
6.1214 -0.7992 7.4455
12.4254 -3.2364 6.2563
13.0787 -2.5979 7.8991
12.1376 -3.2122 6.1382
12.9682 -1.3916 10.2257
9.3236 -3.3949 4.1509
12.4534 -2.8647 7.0092
-0.1841 -0.2275 4.9366
9.4748 -3.3703 4.2870
6.0948 -1.0614 6.9105
12.5201 -2.5215 7.7277
6.8740 -2.7011 4.1110
9.0399 -3.1045 4.5626
3.5373 -1.7032 4.1615
9.2006 -1.7221 5.7039
4.4697 -1.9904 4.1308
8.6364 -3.2594 4.0225
9.7935 -2.7794 5.6420
8.0259 -3.3638 3.4630
11.2184 -2.1611 6.7360
9.6057 -2.8087 5.4754
9.1420 -2.2739 5.1514
6.2579 -2.6678 3.8212
9.1794 -0.9997 7.2195
-0.0909 -0.4082 4.6324
11.5192 -3.1782 5.8483
7.0260 -0.9352 7.6983
6.5838 -0.7992 7.7125
3.9576 -1.6626 4.4847
10.5877 -3.0437 5.5769
11.8735 -3.3247 5.7627
9.7280 -1.6926 6.0348
7.4131 -1.0498 6.3981
9.5693 -3.3766 4.3291
9.3030 -0.2279 10.4150
10.5376 -2.7795 6.0715
9.3401 -2.0101 5.1823
8.5780 -3.1780 4.1501
9.7297 -2.4852 5.6336
9.5429 -3.3949 4.2775
6.0423 -2.5973 3.8364
11.6303 -3.2748 5.7212
9.7655 -2.7014 5.7804
9.2161 -3.0747 4.7233
7.9243 -3.0946 3.9379
16.0566 0.0752 14.9162
12.5998 -2.4601 7.8954
9.8787 -0.7993 9.6151
8.0254 -3.3887 3.4133
11.9986 -1.0617 10.3195
10.0153 -2.7491 5.8302
8.6930 -1.8257 5.4128
5.3313 -0.5743 7.4348
7.6961 -3.2963 3.4063
7.3635 -2.9411 3.9182
9.1948 -1.5708 5.8413
8.9312 -3.0747 4.5588
-1.0550 -0.0300 4.8250
8.4520 -2.1585 5.0313
9.7062 -3.3312 4.4980
11.4128 -2.9771 6.1853
8.1085 -3.2118 3.8120
14.4697 -0.0306 13.7901
9.5318 -3.1604 4.7357
7.9139 -3.2517 3.6206
13.4526 -0.7275 11.8215
5.9049 -2.1128 4.7172
10.9917 -3.1694 5.5611
8.5111 -0.6524 9.1165
-0.3245 0.1867 5.6765
8.7878 -1.3272 6.1769
8.6813 -3.2118 4.1427
11.1825 -2.9414 6.1232
9.4237 -3.0645 4.8635
5.3498 -0.9994 6.6031
11.6697 -3.3642 5.5667
11.7895 -1.6212 9.0900
10.8240 -1.1792 9.4083
9.5648 -3.1142 4.8465
9.8333 -3.2595 4.7135
2.7706 -0.4930 6.1171
9.2731 -3.3949 4.1217
7.2956 -2.9997 3.7628
9.2578 -3.1237 4.6504
10.7819 -3.2519 5.2764
11.5748 -3.3108 5.6177
6.4257 -0.8547 5.6122
7.8621 -1.2769 6.2168
8.9890 -2.9885 4.7631
10.5250 -2.7335 6.1554
8.3076 -0.1314 10.0314
10.7647 -3.3512 5.0697
6.7150 -2.9410 3.5438
11.1921 -3.1954 5.6254
8.2898 -2.0906 4.8267
12.1503 -3.4011 5.7711
9.9882 -2.7491 5.8145
9.4815 -3.2362 4.5566
14.4787 -1.3412 11.1979
11.7531 -2.9040 6.5269
7.6804 -3.2360 3.5168
8.6445 -2.3992 4.9503
11.0313 -1.1792 9.5280
8.2800 -2.0740 4.8675
6.7266 -2.7641 3.9010
11.9746 -3.2895 5.8909
11.3361 -3.3767 5.3492
11.7793 -3.1144 6.1250
5.7099 -2.5406 3.7567
10.6997 -2.7943 6.1358
10.8053 -3.1516 5.4889
3.7626 -1.6207 4.4552
10.3338 -1.5746 7.4265
9.9059 -2.0811 5.4643
11.2541 -3.0749 5.9000
5.3434 -2.3714 3.8805
10.0185 -3.1515 5.0346
7.6474 -3.0219 3.9220
12.3092 -3.2364 6.1892
9.0815 -3.4008 3.9993
10.2368 -3.2362 4.9927
8.9966 -0.9528 6.9385
9.2145 -3.2119 4.4505
12.4148 -1.5336 9.6247
8.1000 -1.0947 6.5010
7.9418 -2.9884 4.1584
8.2502 -2.7941 4.7215
8.8011 -3.1780 4.2790
11.1425 -3.4128 5.1659
8.3939 0.0755 10.4912
11.0701 -3.2283 5.4896
8.6139 -3.2281 4.0716
8.8887 -2.5746 5.2081
11.1772 -2.4878 6.4751
12.1071 -2.5978 7.3381
12.2389 -2.4810 7.6457
10.7794 -2.9771 5.8197
11.3557 -2.2985 6.4913
11.0338 -3.1238 5.6757
8.4491 -3.0746 4.2805
12.7758 -2.8233 7.2774
8.3266 -3.3444 3.6750
10.3824 -1.6087 7.3755
9.1200 -2.9998 4.8162
9.5567 -3.2820 4.5093
9.6318 -2.8087 5.4904
8.9886 -2.1847 5.0619
7.5564 -3.0219 3.8695
12.2411 -3.1869 6.2480
5.3053 -1.4400 5.7042
11.1329 -3.1868 5.6081
9.6463 -3.3106 4.5042
9.1556 -2.9533 4.9289
10.6878 -3.3890 4.9505
10.4809 -2.8509 5.8972
12.5087 -0.9998 10.7369
13.3687 -1.6632 9.9188
5.3177 -1.7428 5.1113
6.8322 -1.5018 5.5617
8.5638 -3.3639 3.7735
9.5419 -3.4184 4.2304
7.3479 -1.9949 4.9022
9.6504 -2.1963 5.3959
9.9663 -3.2595 4.7903
7.8786 -1.3298 6.3308
7.9254 -3.1140 3.9000
11.8277 -3.1047 6.1721
10.2482 -2.0697 5.8919
7.5354 -2.0236 4.9785
7.0133 -2.6507 4.2913
11.9236 -2.6683 7.0924
12.0909 -3.3038 5.9296
8.0761 -3.0847 4.0451
9.8781 -3.3766 4.5074
4.0990 -1.8184 4.2576
12.2977 -3.2822 6.0918
9.3613 -2.1571 5.2019
6.3270 -2.6507 3.8951
8.4820 -2.7175 5.0073
13.1939 -1.1216 10.8912
12.3853 -3.1048 6.4941
7.9878 -2.9288 4.3030
9.5961 -3.1237 4.8457
1.5798 -0.9992 4.4261
6.9860 -0.0303 9.4684
11.9805 -1.6970 6.5997
9.2705 -3.3827 4.1443
14.1149 -1.7818 10.1148
9.3750 -1.7110 5.7470
10.1708 -3.3313 4.7662
9.7956 -1.8575 5.6377
1.1123 -0.0301 6.0766
11.4863 -2.8911 6.3984
11.1875 -2.2463 6.6771
8.5639 -3.2517 3.9959
7.3923 -2.9532 3.9109
9.1949 -3.2518 4.3602
7.2427 -2.7792 4.1692
9.5293 -3.2595 4.5380
10.1876 -3.2202 4.9961
11.6529 -2.2006 7.0059
10.3162 -3.3641 4.7853
6.0900 -1.2347 6.5642
6.6238 -2.7011 3.9665
11.4824 -2.9040 6.3705
13.6468 -0.2281 12.9234
10.8948 -1.1518 8.4535
7.2494 -3.0434 3.6495
4.8800 -1.5332 5.2739
5.2068 -2.4164 3.7124
10.2237 -2.6681 6.1110
14.4548 -0.7276 12.4002
12.3554 -3.2967 6.0964
8.9106 -1.9201 5.3700
10.0141 -2.8778 5.5744
10.4532 -2.4854 6.0516
7.9874 -2.8776 4.4043
5.7231 -1.4873 5.8516
3.8218 -0.6522 6.4087
9.9981 -3.3576 4.6143
8.3642 -3.0644 4.2517
9.4559 -1.8044 5.6102
5.6237 -2.0532 4.6729
8.0087 -3.3510 3.4785
7.9844 -2.3458 4.5138
7.3993 -1.0506 6.4786
10.0168 -3.2746 4.7896
8.6481 -3.0220 4.4997
1.3523 -0.2276 5.8238
10.1299 -3.3245 4.7560
3.6362 -1.4399 4.7404
8.5012 -0.2279 9.9520
11.3609 -3.2966 5.5222
10.1112 -3.3889 4.6176
10.5863 -1.5052 7.7605
5.8054 -2.3714 4.1472
6.0145 -2.3482 4.3141
11.1811 -2.9535 6.0983
9.9921 -3.3313 4.6631
11.5131 -2.2103 6.7618
6.5262 -2.7173 3.8781
10.4240 -2.9039 5.7595
8.9024 -3.2594 4.1760
9.7992 -3.3828 4.4496
9.4437 -1.8771 5.3932
6.8390 -2.9767 3.5446
8.3920 -3.0435 4.3092
11.6679 -3.2748 5.7429
9.5845 -3.4009 4.2897
9.9185 -1.5338 6.8455
8.8212 -3.2670 4.1141
3.8548 -1.9243 3.9066
5.0246 -0.5743 7.2577
7.7941 -2.9288 4.1912
8.2319 -1.9398 5.3359
11.2434 -3.4069 5.2357
9.3418 -3.2036 4.5405
11.7829 -3.1783 6.0005
10.2080 -3.0849 5.2760
7.9693 -0.5744 8.9581
10.8513 -2.6216 6.3740
6.8507 -0.7272 8.0093
7.7436 -2.9163 4.1868
9.9647 -1.3763 7.5235
8.9587 -3.4067 3.9167
12.7820 -0.9998 10.8946
9.7923 -1.7082 6.3597
11.3903 -2.8779 6.3690
9.1835 -0.4086 9.9880
9.1733 -1.7858 5.5090
8.7021 -1.9898 5.2640
8.7561 -3.0329 4.5406
3.1481 -1.3406 4.6554
9.5012 -2.8644 5.3047
7.3187 -2.9997 3.7762
11.0497 -2.0741 6.9248
7.3312 -2.0557 4.1648
12.7652 -2.8090 7.2996
2.6068 -1.0612 4.8964
10.8255 -2.5428 6.3252
7.8453 -3.3105 3.4644
6.7288 -2.9287 3.5761
4.9468 -2.3481 3.6976
12.3478 -1.5781 9.4979
14.3480 -1.1794 11.4431
9.4788 -1.7234 5.7007
12.1932 -3.2748 6.0462
11.0741 -1.5335 8.8505
11.8680 -1.8948 6.7465
8.8923 -2.6680 5.3422
11.5203 -2.1627 6.8147
6.9413 -1.4572 5.6363
7.3250 -2.7174 4.3393
5.3683 -2.4164 3.8056
8.3139 -2.7333 4.8787
9.4231 -3.3703 4.2571
12.1376 -3.4129 5.7404
2.2642 -0.5741 5.6637
9.9974 -2.8509 5.6181
9.2099 -1.7740 5.6293
12.9798 -0.4934 12.0124
10.1824 -2.8645 5.6980
13.2571 -2.0228 9.1418
8.8935 -3.3639 3.9638
11.0662 -3.2966 5.3521
5.3646 -1.3407 5.9352
12.2210 -3.1869 6.2363
1.3800 -0.4082 5.4818
9.9413 -1.7318 6.3711
6.8480 -2.9883 3.5269
13.6018 -0.9998 11.3681
7.7037 -2.5487 4.5365
10.5500 -2.1723 6.1878
5.0148 -2.1414 4.1464
9.5202 -3.2362 4.5790
8.8450 -2.4853 5.1232
6.4219 -2.5211 4.2067
12.8892 -1.4405 10.0833
10.1050 -3.2671 4.8554
5.9839 -2.6507 3.6969
7.7418 -3.2516 3.5212
9.4455 -2.2777 5.3359
9.2129 -2.9412 4.9860
11.2084 -0.7994 10.3829
13.6047 -1.4405 10.4964
8.2655 -2.0896 4.8093
12.0155 -2.9167 6.6532
9.5132 -2.9290 5.1837
10.3792 -2.0879 6.1235
12.6939 -0.5746 11.6863
11.9201 -3.0950 6.2448
12.5307 -2.7797 7.2223
10.8268 -3.2966 5.2139
12.3026 -3.3109 6.0379
11.6472 -3.4011 5.4806
7.4368 -1.6417 3.9799
11.4803 -3.0543 6.0714
10.9257 -3.3950 5.0759
9.3119 -2.7490 5.4241
10.2513 -3.2893 4.8959
9.5883 -2.2356 5.3864
13.9334 -1.1794 11.2037
6.1950 -2.4383 4.2397
7.4527 -2.6847 4.4778
4.3311 -2.0531 3.9265
6.4525 -2.5211 4.2244
8.6577 -3.2892 3.9758
9.7587 -3.0436 5.0983
9.9330 -2.5321 5.7863
9.5654 -1.4959 6.3247
9.8269 -2.9885 5.2468
11.9065 -3.2038 6.0212
12.5460 -2.7016 7.3858
9.2928 -3.3176 4.2864
8.3777 -3.1692 4.0519
12.8805 -2.3947 8.1872
15.3254 -0.4088 13.5347
12.0659 -2.8780 6.7591
10.1121 -3.1046 5.1816
7.2014 -2.0030 4.7059
11.8426 -2.1699 6.8364
9.2248 -2.1194 5.0987
8.5365 -1.6410 5.6825
13.5072 -2.1134 9.1067
11.0372 -2.9886 5.9456
10.5884 -3.3950 4.8811
12.6922 -1.5336 9.7849
11.9628 -2.1700 8.1026
13.0003 -2.3720 8.3014
6.7762 -0.0303 9.3473
2.6979 -0.8683 5.3313
9.9005 -3.2282 4.8143
-1.7006 0.0758 4.6619
10.8092 -3.1782 5.4384
8.9622 -3.3445 4.0420
4.0840 -1.3406 5.1957
9.7409 -1.1481 7.6541
5.3858 -2.1128 4.4175
7.9072 -1.6864 5.6099
12.0055 -3.2967 5.8944
9.4584 -3.1142 4.7850
8.3824 -2.6680 5.0478
8.2072 -1.9221 5.4021
11.5863 -3.3578 5.5312
9.8567 -0.7273 9.7451
10.8861 -2.8231 6.1863
9.2374 -3.3511 4.1879
9.9853 -3.2595 4.8013
11.8004 -3.3513 5.6677
8.4636 -3.3948 3.6544
7.1563 -2.6507 4.3739
9.4158 -3.1142 4.7605
11.1361 -2.1614 6.7956
7.8342 -3.2280 3.6214
4.2411 0.0756 8.0930
8.8126 -2.7175 5.1982
14.9664 -0.7996 12.5530
10.8241 -2.2692 6.3512
1.6279 -0.3199 5.8000
13.9448 -1.7434 10.0926
9.6778 -3.3949 4.3554
6.5736 -2.5600 4.2172
10.8299 -2.7795 6.2403
12.7500 -1.6631 9.5616
9.8667 -3.2746 4.7029
12.1079 -2.9887 6.5638
11.4532 -2.7336 6.6913
12.9552 -0.1315 12.7153
7.0617 -2.8775 3.8698
9.6269 -3.1331 4.8449
9.6348 -3.3312 4.4567
9.4672 -3.4009 4.2220
2.9485 -1.1788 4.8608
11.3222 -3.0647 5.9596
12.9105 -2.0228 8.9416
12.1972 -3.3891 5.8220
11.5918 -3.1047 6.0359
12.0360 -3.3038 5.8979
4.9430 -2.1968 3.9952
12.3735 -2.8090 7.0734
9.8939 -0.6524 9.9150
8.2030 -2.3960 4.6878
-1.2587 -0.1310 4.5073
12.0265 -2.7336 7.0223
8.9895 -3.0541 4.6333
6.1688 -1.8548 5.3808
10.8701 -3.1782 5.4735
9.0368 -3.2119 4.3479
10.7998 -2.7491 6.2831
11.5800 -2.8372 6.5592
8.2699 -3.0946 4.1374
10.2282 -1.5052 7.5535
6.3667 -2.0834 5.0422
9.2326 -2.9165 5.0465
9.2614 -3.2964 4.3101
8.5685 -1.1391 6.6539
8.2769 -3.3311 3.6727
11.0464 -3.3314 5.2717
13.9864 -1.4405 10.7168
8.1953 -3.1603 3.9641
8.8783 -3.0541 4.5691
10.7247 -0.4933 10.7102
4.6884 -0.9351 6.3485
10.1505 -2.7491 5.9083
9.2624 -3.3445 4.2153
8.9061 -2.7490 5.1898
7.6808 -2.9651 4.0538
8.4300 -3.3510 3.7217
11.2975 -2.6850 6.6977
3.2547 -1.4399 4.5201
5.9916 -2.1695 4.6549
8.4107 -2.6680 5.0642
10.9889 -2.1269 6.4971
3.1229 -0.5742 6.1596
10.7753 -3.0949 5.5839
10.4175 -3.3245 4.9221
9.5026 -0.9997 7.7683
10.9032 -2.1184 6.5236
10.0169 -2.0014 5.7348
11.2231 -3.2442 5.5466
8.1219 -3.2744 3.6956
14.6713 -0.4935 12.9891
6.7902 -1.2990 5.9997
9.8476 -1.6578 6.3122
12.3084 -2.9167 6.8223
13.1603 -0.1316 12.8337
12.2097 -1.9584 8.6645
7.4139 -3.1602 3.5130
5.3644 -2.4382 3.7601
8.6531 -3.0110 4.5244
4.9625 -0.4931 7.3827
11.1000 -3.3314 5.3027
14.4207 -0.4935 12.8444
12.2788 -3.2284 6.1875
6.8126 -2.7332 4.0119
6.0553 -2.0223 4.9834
2.3625 -0.1311 6.5983
5.1244 -1.1789 6.1172
9.9215 -3.2519 4.7796
9.6861 -2.2100 5.4530
12.1726 -2.9655 6.6472
8.8673 -3.2281 4.2179
10.9213 -3.3314 5.1995
9.0428 -3.2281 4.3191
10.0773 -3.3889 4.5980
8.7298 -3.1604 4.2728
12.6174 -1.6631 9.4850
11.8607 -3.3178 5.7690
9.0694 -0.7993 9.1478
8.5749 -3.2281 4.0490
8.5387 -0.8016 6.9662
9.7948 -3.1331 4.9419
10.0474 -3.2893 4.7782
10.6997 -3.1424 5.4460
4.3903 -1.6207 4.8176
12.2698 -3.1783 6.2816
11.9166 -1.3411 9.7185
9.6906 -2.7490 5.6427
10.2880 -1.5807 7.4511
7.1438 -3.0539 3.5677
10.9034 -1.3256 8.0083
9.3989 -3.2892 4.4037
6.0312 -1.8901 5.2314
2.3890 0.1867 7.2434
10.2755 -3.2362 5.0151
9.3226 -3.2745 4.3888
8.9726 -0.7273 9.2346
8.0668 -3.2517 3.7089
4.0018 -1.3911 5.0483
10.9617 -2.2007 6.4162
9.9665 -2.9886 5.3275
11.8970 -3.3830 5.6608
9.8806 -2.5296 5.7505
9.1411 -3.1604 4.5102
14.0398 -0.9356 11.7484
10.5800 -3.2202 5.2227
9.4931 -1.4873 6.2103
12.1437 -2.1700 8.2070
8.3504 -3.3243 3.7287
10.2131 -2.1573 5.6941
11.2918 -1.6631 8.7196
11.8367 -3.2748 5.8404
11.1780 -0.1966 7.9572
4.9393 -2.0531 4.2778
12.0709 -1.4775 6.5052
12.1542 -3.4129 5.7500
6.1814 -2.3482 4.4104
7.4495 -2.0481 4.8837
8.8871 -2.7334 5.2097
10.9509 -1.7309 7.3905
10.3958 -3.2820 4.9938
8.6308 -2.1840 4.8535
11.2982 -2.1366 6.7057
15.0871 -0.5747 13.0683
15.0229 -0.9999 12.1887
7.7647 -3.0435 3.9470
7.3956 -1.6319 3.9100
11.2251 -2.3600 6.4186
11.3810 -3.3951 5.3388
10.3995 -3.0748 5.4065
9.8026 -3.3703 4.4762
10.2502 -1.8870 6.4282
8.3979 -3.0220 4.3553
11.2655 -3.3108 5.4391
12.2133 -1.0617 10.4435
8.3776 -3.2361 3.9193
12.4617 -3.1517 6.4452
8.7132 -3.1141 4.3548
6.0770 -2.1415 4.7597
11.7473 -3.1333 6.0692
9.9820 -2.0787 5.5015
11.5450 -2.7015 6.8079
9.6942 -1.4257 6.8807
10.7481 -2.9291 5.8967
9.2850 -3.0221 4.8674
9.5588 -2.9999 5.0695
10.8431 -3.4069 5.0047
12.7580 -2.9293 7.0571
4.2268 -2.0833 3.8066
9.3923 -3.4068 4.1670
11.6999 -2.5467 6.8386
8.7367 -2.7013 5.1865
8.2334 -3.0540 4.1968
10.7547 -2.3561 6.1375
11.6359 -1.7037 8.8377
11.6525 -2.9654 6.3469
13.8959 -1.5782 10.3917
12.3128 -3.3178 6.0300
6.1741 -2.7488 3.6124
10.3029 -3.3704 4.7650
7.8565 -3.2517 3.5874
8.7364 -3.2819 4.0357
4.0988 -1.3911 5.1043
10.2632 -2.1573 5.7231
9.5564 -2.7175 5.6276
13.1866 -2.2502 8.6504
8.4274 -1.8125 5.5347
10.4325 -3.4185 4.7446
11.8112 -2.0838 8.1858
5.2352 -1.7033 5.1419
9.2214 -0.4933 9.8421
10.5386 -1.4672 7.8200
11.1944 -3.4010 5.2192
8.0822 -2.2783 4.7933
7.6929 -3.0219 3.9482
11.6910 -3.3578 5.5917
8.6608 -3.0435 4.4644
8.9210 -1.7477 5.6750
10.7529 -3.3767 5.0124
9.8434 -3.1867 4.8636
12.4633 -1.7038 9.3155
10.4946 -0.1315 11.2944
12.0151 -1.3411 9.7754
4.8138 0.0756 8.4238
7.7494 0.0755 10.1190
9.9972 -2.7176 5.8821
10.2310 -2.5318 5.9578
8.8046 -2.3980 5.0397
5.7660 -2.0834 4.6953
9.6716 -3.0221 5.0907
12.3370 -3.2967 6.0858
9.2150 -3.1693 4.5353
10.8010 -3.2519 5.2875
7.5042 -2.6679 4.5408
12.1698 -3.0544 6.4695
6.0399 -2.7011 3.6294
7.9718 -3.2744 3.6089
8.4927 -3.0110 4.4318
8.8109 -3.2819 4.0788
7.2620 -2.0908 4.1398
11.7954 -3.2520 5.8615
10.7737 -3.0849 5.6026
7.3032 0.1865 10.0813
8.1933 -3.0220 4.2371
10.8357 -2.8372 6.1294
9.7042 -3.3889 4.3826
12.3578 -3.0439 6.5989
10.9646 -2.8645 6.1496
11.3425 -2.1926 6.6129
11.3360 -1.6631 8.7451
8.2337 -2.0368 5.1641
8.6881 -3.4125 3.7489
8.3388 -3.2361 3.8969
9.3774 -1.5962 5.8808
9.8095 -3.3766 4.4678
11.7211 -3.3381 5.6480
7.0926 -3.0434 3.5590
10.7806 -2.1640 6.5987
8.0600 -3.3764 3.4577
8.5616 -3.2964 3.9060
7.1473 -2.9411 3.7934
10.5027 -1.8373 7.0520
10.5560 -3.3107 5.0294
8.4558 -3.0540 4.3252
11.0315 -3.2121 5.4996
13.0893 -2.3487 8.3990
9.1038 -1.5895 5.9159
12.8763 -2.6512 7.6764
8.0319 -2.3656 4.6641
8.5215 -0.5744 9.2770
11.6956 -3.1516 6.0029
12.2060 -2.8911 6.8139
12.5797 -2.5604 7.6851
9.6594 -1.1969 7.5904
1.8239 -0.3199 5.9132
11.3120 -0.9354 10.1732
11.6154 -3.2673 5.7274
12.6301 -2.8647 7.1112
7.2141 -0.1313 9.4000
13.7579 -2.0228 9.4309
8.5971 -0.9996 6.7821
11.8276 -3.3382 5.7095
12.3879 -2.6159 7.4643
10.3471 -3.1868 5.1544
8.8014 -2.8508 4.9276
1.9649 -1.2345 4.1823
4.3515 -1.4399 5.1535
7.7519 -2.0353 5.1491
7.7920 -3.3174 3.4199
9.3978 -3.3765 4.2301
7.6330 -3.0540 3.8501
8.7777 -1.8949 5.3242
11.7456 -2.1700 7.9772
7.4444 -0.3201 9.1589
6.0255 -0.7272 7.5328
8.2250 -3.4067 3.4931
13.6224 -1.1794 11.0242
11.8743 -3.2748 5.8620
8.2907 -3.2744 3.7931
12.0455 -2.7016 7.0969
7.7629 -3.0328 3.9672
6.7406 -1.4195 5.6179
8.3962 -3.3948 3.6155
10.3377 -3.3107 4.9034
12.0976 -3.2967 5.9475
10.1658 -3.1868 5.0497
10.9832 -0.9998 8.3395
8.6419 -3.4067 3.7338
10.9383 -1.3060 8.5185
12.6944 -1.8190 9.2206
9.5605 -3.2036 4.6668
5.4556 -1.3912 5.8878
7.5134 -2.7012 4.4802
11.0303 -3.2596 5.4046
9.1140 -1.4845 5.9684
7.6450 -3.1779 3.6115
9.6964 -2.9165 5.3142
8.6063 -2.1127 4.9818
10.4793 -3.2596 5.0865
8.7574 -1.9270 5.4419
6.8256 -2.5788 4.3253
11.3298 -3.1238 5.8466
9.7640 -3.0748 5.0396
10.1349 -2.7176 5.9617
6.6577 -0.2412 5.3466
9.3021 -3.2036 4.5175
6.8111 -2.9410 3.5992
10.8371 -2.8510 6.1029
11.4129 -3.2520 5.6407
7.6824 -3.2439 3.5023
16.3271 0.1862 15.2924
11.3460 -2.8510 6.3967
8.1594 -3.2744 3.7172
10.7998 -3.1143 5.5595
11.5932 -3.3448 5.5610
11.4709 -2.2664 6.6327
12.0253 -3.2284 6.0411
11.8125 -3.1954 5.9836
8.7923 -2.7013 5.2186
11.5675 -2.7177 6.7888
11.6856 -3.0438 6.2108
9.8742 -1.4419 7.1612
6.1776 -1.9245 5.2479
7.7824 -1.9436 5.2505
9.5298 -1.7408 5.8160
6.6834 -2.9035 3.5998
11.3719 -3.0438 6.0297
10.0344 -1.4567 7.4148
11.9726 -2.7796 6.9001
8.9356 -3.2892 4.1363
8.7985 -3.2440 4.1467
8.8387 -1.9927 5.3535
8.1670 -1.8605 5.4367
8.5883 -3.3827 3.7505
8.1876 -3.0644 4.1497
2.9457 -0.9993 5.2149
8.4972 -3.3175 3.8270
12.3870 -0.5746 11.5091
10.6373 -0.8687 9.9158
11.4581 -3.0543 6.0586
10.4826 -3.0000 5.6029
8.9809 -3.4008 3.9412
8.8401 -3.0435 4.5679
11.5915 -3.0543 6.1356
8.4859 -3.0946 4.2621
11.2650 -3.2283 5.6022
-0.4837 0.0758 5.3646
12.6850 -2.7016 7.4661
10.2166 -3.2037 5.0455
11.5130 -3.4011 5.4031
9.9854 -2.0147 5.5693
4.0951 -1.9244 4.0454
10.3200 -2.8910 5.7250
8.5741 -3.1866 4.1308
11.4492 -3.2038 5.7572
9.1482 -3.3175 4.2029
9.3112 -2.1570 5.1728
10.9852 -1.6473 7.6878
10.3807 -2.9771 5.5894
10.7018 -3.1515 5.4291
12.2571 -2.5015 7.6156
7.8667 -3.3378 3.4227
10.2456 -2.8909 5.6820
10.8807 -2.2840 6.3389
10.2900 -2.3163 5.8456
8.4610 -3.3175 3.8061
11.1425 -3.2747 5.4395
12.1057 -1.9249 8.6707
5.3261 -1.2347 6.1231
12.4253 -0.9355 10.8161
11.2630 -2.8910 6.2695
13.0880 -2.0839 8.9230
11.5612 -3.3381 5.5557
8.7465 -1.8959 5.3102
8.5747 -2.1334 4.9335
5.9860 -0.6523 7.6584
9.1915 -3.3106 4.2417
7.5491 -0.6523 8.5610
9.1876 -1.5192 5.9908
8.2587 -3.1513 4.0186
12.7272 -2.8912 7.1148
4.4946 -1.4400 5.2361
9.8422 -1.4090 7.2795
12.3365 -2.3248 8.0115
11.6777 -2.7177 6.8524
10.7628 -3.2519 5.2654
6.5948 -0.3201 8.6682
8.9246 -2.9412 4.8195
10.9220 -3.0112 5.8344
6.9666 -0.4932 8.5400
8.5448 -3.2517 3.9848
9.4832 -3.3511 4.3298
9.4728 -2.6509 5.7113
9.5579 -1.9741 5.3797
9.9915 -3.2441 4.8355
5.6980 -1.3912 6.0277
11.4988 -2.9291 6.3301
10.2344 -3.0111 5.4375
9.5391 -3.2518 4.5589
8.9667 -3.2964 4.1399
8.4385 -1.9240 5.2458
9.8793 -2.9653 5.3232
8.5069 -3.2035 4.0584
9.9264 -2.0567 5.4881
2.6165 -1.2884 4.4517
9.0974 -3.2745 4.2588
11.1500 -3.2121 5.5680
10.7687 -3.3704 5.0340
9.4052 -3.2518 4.4816
12.6277 -2.2501 8.3277
9.3120 -3.3765 4.1806
10.9349 -3.2519 5.3647
5.2871 -1.6208 5.3354
8.0922 -1.9081 5.2748
10.7126 -3.1046 5.5283
12.0340 -2.8090 6.8774
11.5283 -1.5781 9.0246
10.3347 -1.0616 9.3587
8.0621 -1.7760 5.5269
10.5487 -2.6201 6.1962
10.8110 -0.9354 9.8839
9.6738 -3.0948 4.9479
8.2501 -2.9532 4.4061
12.9044 -2.4388 8.1136
14.3507 -0.5747 12.6430
9.1777 -2.8230 5.1999
10.2133 -0.9996 9.4114
7.1070 -2.8228 4.0044
8.6451 -2.1555 4.9498
8.8141 -1.6079 5.8739
10.1187 -1.1494 7.9197
8.5693 -3.1513 4.1979
8.7155 -2.6848 5.2069
8.7967 -0.9996 6.8165
4.1332 -1.3406 5.2242
10.7582 -3.2283 5.3095
9.8171 -3.0329 5.1531
10.9671 -2.9771 5.9280
11.7088 -3.2364 5.8426
4.5972 -2.0531 4.0802
10.0829 -2.9886 5.3946
7.0117 -2.8775 3.8409
11.4975 -0.7994 10.5498
11.5367 -3.0223 6.1675
10.5599 -3.1605 5.3293
10.0336 -3.3380 4.6737
8.5555 -3.2281 4.0378
12.2835 -2.3005 8.0291
14.9509 -1.0619 12.0243
9.3400 -0.3202 10.2535
9.3827 -2.7942 5.3754
11.4260 -2.8372 6.4703
5.6517 -1.7812 5.2281
15.9850 0.0752 14.8748
9.0689 -2.3972 5.1904
8.3876 -3.2035 3.9896
10.3547 -3.3704 4.7949
7.5031 -3.1235 3.6373
9.2473 -3.1780 4.5366
10.0900 -2.9999 5.3762
4.7969 -1.6626 4.9694
12.1736 -3.2364 6.1110
2.8519 -0.9350 5.2881
10.5603 -2.7644 6.1145
13.5585 -1.7434 9.8696
12.9393 -0.5746 11.8280
13.6856 0.1863 13.7670
7.7053 -2.6847 4.6236
2.7388 -0.3199 6.4416
11.7959 -1.8905 8.5599
9.9414 -2.0377 5.5255
5.0192 -1.4400 5.5390
11.4206 -3.1695 5.8087
12.0058 -3.2284 6.0299
3.4914 -0.7270 6.0695
6.4599 -2.8228 3.6308
8.7400 -2.0765 5.1410
10.6595 -1.8696 6.9177
7.3706 -1.6211 5.7349
12.1905 -3.3952 5.8061
12.4518 -2.8090 7.1186
11.0434 0.0754 12.0212
8.4778 -3.4008 3.6508
11.2872 -3.2966 5.4797
11.7914 -2.1419 8.0591
10.9493 -1.6705 7.5315
10.1087 -1.6887 6.8944
8.6287 -3.4008 3.7379
10.0514 -3.3380 4.6840
12.7392 -0.3204 12.2164
11.6006 -2.7796 6.6853
8.7894 -3.2281 4.1728
7.4652 -2.3966 4.2635
6.4446 -2.7488 3.7686
9.4184 -3.3036 4.3866
9.0840 -0.0304 10.6800
8.1994 -3.2594 3.7702
4.8263 -0.2277 7.8299
8.2555 -3.4183 3.4877
11.3940 -1.1792 9.7375
10.0105 -1.5192 7.1381
8.8839 -2.6848 5.3041
9.6736 -2.1184 5.3548
11.5112 -2.8911 6.4127
11.3479 -2.9535 6.1947
7.8366 -0.3202 9.3853
8.6618 -1.7517 5.5461
12.5047 -2.5412 7.6799
11.4502 -3.3038 5.5597
9.1626 -3.4184 4.0114
11.2001 -2.9887 6.0397
8.8360 -3.1866 4.2820
12.2936 -3.0648 6.5204
10.1904 -1.8044 6.7015
6.9885 -1.5320 5.5114
3.9547 0.0756 7.9277
12.0073 -2.9292 6.6237
7.7681 -2.9163 4.2009
12.9770 -2.2502 8.5294
11.4876 -3.0331 6.1176
6.5322 0.0755 9.4161
12.3852 -3.2204 6.2649
13.2973 -2.3720 8.4730
5.8572 -1.6627 5.5816
10.5109 -2.4424 6.0571
12.5867 -2.3947 8.0175
7.4529 -2.8507 4.1490
11.2251 -2.9771 6.0770
9.2307 -3.1952 4.4930
11.1828 -3.3705 5.2730
7.2806 -2.0936 4.2535
8.1064 -3.2360 3.7627
12.8020 -2.5793 7.7760
8.5281 -3.4008 3.6798
8.8393 -3.3888 3.8833
10.3448 -2.8910 5.7394
7.1967 -1.7496 5.3376
5.5927 -1.8548 5.0482
8.6546 -2.1681 4.9054
12.1164 -1.2248 6.3624
10.3866 -1.3441 7.9988
14.1031 -0.6526 12.3456
12.3183 -0.4087 11.7982
12.0236 -1.3444 6.4739
9.5745 -3.2965 4.4908
1.4972 -0.3199 5.7246
12.1365 -2.5978 7.3551
4.9058 -0.7271 6.8862
8.8412 -2.8230 5.0057
8.1851 -3.2281 3.8240
8.5702 -1.6408 5.7002
10.0685 -2.9653 5.4324
9.7730 -2.8230 5.5437
11.8688 -3.2822 5.8442
6.9096 -0.7272 8.0433
10.3000 -3.3380 4.8276
7.5606 -2.5706 4.4329
12.0677 -1.1793 10.1265
10.3057 -1.8240 6.6753
3.2507 -0.1312 7.1113
8.7524 -2.5745 5.1293
8.8358 -0.9024 7.0405
11.7471 -3.0113 6.3108
10.4431 -2.7335 6.1081
12.5885 -2.6851 7.4431
9.3072 -3.2361 4.4560
8.7026 -3.3639 3.8536
8.8921 -3.1330 4.4207
8.2033 -3.2360 3.8186
9.9650 -3.2120 4.8838
7.8084 -1.5900 5.7452
3.1236 -1.5330 4.2598
12.7311 -2.4170 8.0568
10.0839 -3.3766 4.6262
12.4721 -2.3719 7.9965
11.4602 -3.4070 5.3609
12.5762 -2.2241 8.3496
8.1354 -3.1422 3.9655
10.3402 -3.2120 5.1005
9.7719 -3.0329 5.1271
8.8550 -0.9533 6.8082
10.7353 -3.2120 5.3286
10.5958 -0.9997 9.6323
8.8286 -1.6321 5.7938
7.9542 -3.3034 3.5412
5.5490 -0.3201 8.0643
9.9329 -2.0787 5.4730
12.2013 -2.6337 7.3213
11.7270 -3.1695 5.9856
10.6130 -2.1790 6.1529
7.6630 -3.1691 3.6392
5.2965 -1.9244 4.7391
9.4472 -2.7490 5.5022
12.2828 -1.6212 9.3748
7.1505 -2.9883 3.7016
10.8908 -2.8910 6.0546
8.9783 -3.2594 4.2199
10.4354 -2.4012 5.9887
11.5248 -3.3768 5.4581
9.8394 -3.3036 4.6297
9.2082 -1.5226 6.0290
10.9912 -3.0849 5.7282
8.9699 -3.1693 4.3938
8.5984 -3.2964 3.9273
9.1889 -2.9412 4.9721
10.1358 -2.9165 5.5679
10.4947 -3.1515 5.3095
12.6248 -2.3005 8.2262
7.3081 -2.8085 4.1488
10.5225 -3.3177 4.9963
5.6959 -2.5788 3.6731
10.5299 -1.7291 7.1369
7.4083 -1.7413 4.0298
9.6578 -3.2201 4.6903
12.5605 -2.6851 7.4269
12.2463 -3.2597 6.1067
11.8041 -2.8511 6.6612
13.2956 -2.0228 9.1640
10.1812 -2.1963 5.7024
14.3738 -0.9356 11.9412
8.5329 -3.0847 4.3089
11.3501 -3.3314 5.4471
7.0426 -2.9650 3.6853
10.3350 -0.4086 10.6529
8.9566 -2.5331 5.2250
7.8109 -3.0540 3.9528
6.0331 -2.5599 3.9052
6.0030 -2.6154 3.7778
14.2531 -1.0618 11.6213
7.6281 -2.7174 4.5143
13.3342 -2.0228 9.1862
11.2688 -3.2966 5.4690
8.4392 -0.9017 6.8482
11.8620 -2.9292 6.5398
10.4892 -1.5721 7.4953
14.0391 -0.9998 11.6205
6.2912 -2.2751 4.6186
7.4209 -2.0909 4.7638
9.2124 -2.9998 4.8695
10.6800 -2.6850 6.3412
9.4498 -3.3888 4.2358
9.8388 -3.2036 4.8274
6.9276 -2.6507 4.2418
12.9353 -1.9910 9.0189
7.8854 -2.1939 4.9143
11.9713 -3.3951 5.6795
9.6533 -3.3889 4.3533
8.9975 -3.3445 4.0624
3.0003 -1.1788 4.8907
11.7732 -3.3891 5.5772
14.0500 -0.0306 13.5477
7.5096 -3.1950 3.4993
13.4497 -2.0228 9.2530
9.4799 -3.1331 4.7601
6.8418 -2.6507 4.1923
12.4157 -3.0750 6.5706
11.1904 -3.3246 5.3684
13.0508 -2.5412 7.9952
10.4945 -3.0948 5.4218
6.6152 -2.8228 3.7205
12.7474 -2.5412 7.8200
7.2340 -1.9627 4.8559
5.9157 -0.1313 8.6502
9.4506 -1.4833 6.4897
10.4847 -3.1781 5.2510
8.3149 -1.7026 5.6984
8.4349 -2.6848 5.0449
9.3196 -1.1745 6.7848
8.6628 -1.4732 5.9435
9.4812 -3.2201 4.5883
1.9546 -0.3199 5.9887
10.6244 -2.0843 6.5893
8.0568 -2.3483 4.5615
11.1741 -3.0112 5.9800
9.9717 -1.7592 6.1619
7.9120 -2.2496 4.7961
9.4742 -2.7490 5.5178
0.3682 -0.7269 4.2660
8.5098 -1.2595 6.2740
8.4724 -3.2892 3.8688
11.3581 -3.4128 5.2904
8.6870 -3.1236 4.3208
10.2747 -2.9999 5.4829
9.7728 -3.4184 4.3637
7.9695 -3.1779 3.7988
3.9578 -0.2277 7.3284
4.5319 -1.6626 4.8163
11.8271 -3.4070 5.5727
8.7215 -1.1768 6.5038
11.1598 -2.9291 6.1344
12.1764 -2.4810 7.6095
9.8568 -3.3889 4.4708
9.0155 -3.3244 4.1126
7.4817 -2.2884 4.3072
3.5679 -1.2885 5.0011
10.0344 -2.5745 5.8693
9.6369 -1.0616 8.9558
8.1834 0.1865 10.5896
13.6743 -1.1794 11.0541
9.6139 -3.0329 5.0358
9.3860 -3.3445 4.2867
9.7456 -3.0542 5.0699
8.4706 -3.3378 3.7713
11.5968 -3.3705 5.5121
9.3970 -2.3563 5.3544
8.3927 -1.9297 5.2426
8.0725 -1.4739 6.0011
4.5387 -2.1414 3.8715
13.7956 -1.4405 10.6066
10.3188 -2.4863 5.9762
5.0158 -1.9905 4.4461
9.9675 -3.3036 4.7036
6.8606 -2.7641 3.9784
11.0107 -3.3246 5.2646
6.3496 0.1865 9.5306
11.2204 -1.8094 7.3214
8.6327 -2.8908 4.7508
7.2091 -2.7642 4.1796
10.6481 -3.2519 5.1991
12.5253 -3.0750 6.6339
12.1131 -2.9167 6.7096
4.5632 -1.5776 5.0029
7.5154 -1.3144 3.8421
10.4259 -1.9143 6.8142
7.9863 -2.7333 4.6896
10.4858 -3.2746 5.0604
10.9422 -3.3890 5.0974
9.9299 -3.0330 5.2183
12.4170 -2.6159 7.4811
12.8334 -2.0228 8.8971
10.0575 -2.3153 5.7088
7.2194 -2.9411 3.8350
6.7423 -0.5743 8.2496
7.4352 -2.7174 4.4029
7.4542 -1.4185 3.8012
10.4606 -2.7014 6.1818
12.3900 -1.4878 9.7013
8.6918 -2.3565 4.9478
8.2097 -1.9921 4.9881
7.3158 -3.1691 3.4388
7.9905 -3.2669 3.6345
7.8135 -3.2199 3.6255
13.8679 -0.7995 11.9186
8.2521 -2.9412 4.4313
11.3828 -3.0850 5.9543
8.6027 -2.9652 4.5861
9.3132 -3.2119 4.5075
11.8552 -3.0223 6.3514
11.1800 -3.2747 5.4612
8.3545 -3.4183 3.5448
11.1518 -3.3447 5.3062
8.9093 -3.0747 4.5462
12.7112 -0.2281 12.3831
8.3439 -1.4175 6.0128
15.1531 0.1862 14.6144
-1.0537 -0.1310 4.6256
11.0940 -2.8089 6.3347
10.9525 -3.2120 5.4540
10.9613 -2.1503 6.4547
2.9610 -0.7270 5.7632
8.2096 -3.0644 4.1625
12.2336 -2.7493 7.1110
9.0644 -2.0812 5.1510
8.9972 -3.1866 4.3751
9.3908 -3.1952 4.5854
8.7309 -1.8337 5.4708
12.4806 -3.0113 6.7343
9.9112 -3.1952 4.8859
9.3771 -2.8909 5.1806
11.1914 -1.7492 7.4016
12.3389 -0.8688 10.8984
12.2313 -3.0851 6.4442
7.9404 -2.9532 4.2273
12.1059 -1.0617 10.3815
12.0057 -3.2520 5.9830
10.9116 -1.6388 7.5839
11.1112 -3.3950 5.1830
10.1373 -3.2595 4.8890
9.5710 -3.3511 4.3805
9.4648 -3.3244 4.3721
10.6371 -2.1490 6.4678
11.3641 -1.7816 8.5264
8.1168 -1.6057 5.7314
11.9432 -1.8189 8.7869
12.5166 -2.8511 7.0726
10.3620 -3.3828 4.7745
7.6165 -3.0746 3.7997
5.9460 -2.2751 4.4193
8.9215 -3.3511 4.0055
11.0704 -2.5326 6.4440
9.7139 -2.9653 5.2276
11.0821 -3.3314 5.2924
9.3376 -2.6205 5.4980
13.0924 -2.2757 8.5455
11.6168 -1.9583 8.3221
11.0834 -2.0735 7.0761
10.7715 -3.2966 5.1820
8.7573 -1.9455 5.2537
10.4275 -2.6849 6.1953
12.3292 -2.4388 7.7815
8.0367 -2.2539 4.7881
11.7790 -3.3314 5.6947
9.8942 -2.6849 5.8875
8.9980 -2.3139 5.0937
9.3346 -2.2348 5.2378
11.8700 -3.1695 6.0681
10.5060 -2.9291 5.7569
10.8620 -1.9779 6.8615
11.1893 -3.3314 5.3543
9.5011 -2.9653 5.1048
8.7093 -2.4864 5.0474
4.9701 -1.2885 5.8107
7.6944 -2.7793 4.4300
9.5290 -3.2746 4.5080
10.4403 -3.1694 5.2427
11.3283 -3.3447 5.4081
11.9544 -3.2443 5.9688
14.1570 -0.7996 12.0855
10.2774 -3.3577 4.7755
4.0984 -0.7991 6.2773
12.0126 -1.8552 8.7550
11.9312 -1.9400 6.7337
8.7934 -3.2517 4.1283
10.5687 -3.1868 5.2824
8.7770 -3.1141 4.3917
6.6610 -2.7488 3.8935
12.7594 -0.9355 11.0090
8.9580 -3.3888 3.9518
11.4417 -2.4438 6.5976
1.5822 0.1867 6.7776
8.6757 -3.3510 3.8636
8.2845 -3.3702 3.5997
7.4892 -3.1421 3.5924
4.7845 -2.0222 4.2497
8.3934 -3.3035 3.7948
9.7970 -2.5327 5.7093
8.9618 -2.3985 5.1316
10.0307 -1.5933 7.0533
11.4551 -3.4186 5.3349
8.8947 -3.2440 4.2022
7.6695 -2.1994 4.7030
12.2014 -2.4388 7.7077
4.2581 -0.4084 7.1438
10.9611 -2.7015 6.4707
10.2514 -3.1953 5.0823
11.8525 -3.1954 6.0067
11.3747 -3.3108 5.5021
5.6766 -2.4596 3.8981
7.7571 -1.9944 4.9932
10.4104 -3.3107 4.9454
7.9898 -2.4403 4.5970
5.7563 -2.2235 4.4119
7.1703 -2.7940 4.0981
8.7242 -2.7941 4.9953
9.5378 -0.1314 10.7418
10.4047 -2.7795 5.9948
10.7280 -3.3447 5.0615
6.9114 -3.0108 3.5189
10.6473 -0.3203 11.0084
9.4886 -1.1915 7.3442
9.9743 -3.3313 4.6527
9.5538 -3.1237 4.8213
14.9482 -0.8689 12.4051
11.4355 -3.1239 5.9077
1.3665 -0.3199 5.6491
11.7285 -2.2964 6.8611
10.8943 -3.4185 5.0112
10.6888 -2.7335 6.2500
13.4660 -2.2502 8.8117
7.8226 -2.9651 4.1357
8.7760 -2.8508 4.9129
3.6415 -0.6522 6.3045
8.0295 -3.2118 3.7664
7.7041 -3.0746 3.8504
10.2457 -2.9413 5.5823
5.4237 -2.4596 3.7521
12.2838 -2.7178 7.2024
9.4462 -3.3106 4.3887
8.5270 -3.3311 3.8172
11.6577 -2.9535 6.3735
10.5613 -3.3245 5.0051
10.1824 -2.9999 5.4296
11.8494 -2.2756 7.8278
9.2059 -3.3312 4.2092
9.9687 -3.3446 4.6231
12.4472 -2.6512 7.4287
5.3592 -2.2751 4.0804
11.3572 -2.2735 6.5056
11.3424 -2.9771 6.1447
8.2288 -3.3887 3.5308
8.2988 -1.2276 6.4020
6.5767 -2.4806 4.3764
6.2553 -2.7488 3.6592
11.8694 -2.2240 7.9415
11.6795 -1.7037 8.8629
14.2525 -1.6632 10.4292
9.5947 -3.1423 4.8080
13.1341 -1.2890 10.5248
8.8270 -3.1692 4.3113
9.4595 -1.6993 5.7349
9.7845 -3.3036 4.5980
7.6153 -2.8907 4.1634
9.8305 -2.7942 5.6340
6.1136 -2.1415 4.7808
11.3620 -2.2293 6.5530
7.4996 -3.1691 3.5449
9.0704 -1.6424 5.7709
7.5929 -0.4932 8.9017
7.2878 -3.0745 3.6100
12.3817 -2.9167 6.8646
11.2937 -3.0949 5.8832
10.0410 -2.3991 5.7562
7.7682 -3.0644 3.9076
8.1586 -2.9164 4.4264
12.7058 -1.6631 9.5361
10.6627 -3.1605 5.3887
7.2857 -3.1512 3.4568
11.7430 -0.7274 10.8343
7.1191 -2.8907 3.8769
7.9176 -3.3034 3.5201
4.0796 -1.9904 3.9056
8.7578 -2.6509 5.2985
8.9149 -3.1604 4.3796
11.8657 -2.8780 6.6435
8.6983 -3.1422 4.2904
3.4252 -1.5775 4.3458
9.5864 -0.9353 9.1768
11.6171 -3.3951 5.4751
7.9427 -2.2698 4.7783
11.1438 -0.4932 8.0935
2.2443 -0.8682 5.0694
12.3596 -2.9415 6.8027
10.1403 -3.3828 4.6465
12.6526 -1.8190 9.1965
9.4271 -3.2965 4.4058
11.3631 -3.2894 5.5378
9.0297 -2.8908 4.9800
14.1830 -1.3412 11.0272
7.9547 -3.3174 3.5138
8.6393 -2.3566 4.9178
11.4564 -2.0105 7.1905
8.8970 -3.4008 3.8928
10.1331 -3.3950 4.6183
11.9298 -3.1425 6.1562
7.4448 -1.6002 3.9172
12.7685 -2.7016 7.5143
8.0303 -1.4870 6.1058
9.6873 -2.7794 5.5806
9.3481 -2.0528 5.3197
10.5058 -0.2280 11.1096
7.5889 -3.2516 3.4329
10.1466 -2.7943 5.8165
10.8108 -2.1267 6.6061
5.6797 -0.3201 8.1398
9.0525 -2.5745 5.3024
12.5603 -3.0223 6.7585
7.3232 -2.9036 3.9692
9.5202 -1.8479 5.5632
11.6360 -3.0543 6.1613
11.4584 -3.1782 5.8131
9.6997 -2.8909 5.3668
8.8361 -1.8280 5.5057
8.8593 -3.0110 4.6435
9.1448 -3.2440 4.3467
11.0110 -3.2894 5.3345
9.7073 -3.0111 5.1331
8.9291 -3.1692 4.3702
8.3595 -0.3202 9.6873
13.0159 -1.5337 9.9717
12.0688 -2.2501 8.0050
10.3258 -1.9457 6.5691
5.3531 -2.0833 4.4569
11.1418 -0.3188 8.0207
9.8027 -3.3380 4.5404
9.8489 -2.7014 5.8286
12.3173 -2.9888 6.6847
11.1802 -2.7336 6.5337
2.2538 -0.7270 5.3549
0.7562 -0.6520 4.6384
6.8672 -2.7332 4.0435
14.7189 -0.5747 12.8557
8.4307 -2.8086 4.7970
8.5745 -3.3765 3.7548
9.3088 -0.9997 7.2831
11.2240 -3.1238 5.7856
5.4329 -2.4164 3.8429
9.9665 -1.5225 7.1426
7.6761 -1.3592 5.9709
11.3824 -3.1606 5.8042
11.7713 -3.2597 5.8324
8.6076 -2.0055 5.2664
10.6352 -3.0542 5.5835
3.8869 -1.3406 5.0820
11.7561 -3.4128 5.5202
10.5187 -3.1605 5.3056
7.0793 -2.6679 4.2955
8.5127 -1.9970 5.1808
5.6589 -2.4164 3.9734
3.1882 -1.4872 4.3879
5.2346 -2.1415 4.2733
4.9673 -0.9994 6.3822
13.1744 -2.3948 8.3569
3.4926 -1.2346 5.0645
8.5868 -3.2440 4.0245
11.7315 -1.2889 9.7149
4.9560 0.1866 8.7258
6.6247 -0.4085 8.5104
12.2246 -3.2039 6.2049
7.8927 -3.2280 3.6552
8.3845 -2.8908 4.6075
8.2022 -3.1141 4.0598
7.2287 -1.5417 5.7377
7.5876 -2.5707 4.4486
13.1042 -1.1793 10.7249
10.1550 -3.1046 5.2064
8.5229 -2.4856 4.9379
8.3931 -2.9533 4.4887
12.2354 -0.9997 10.5791
10.7157 -3.0112 5.7153
11.6078 -3.2821 5.6935
11.8320 -2.0227 8.3189
7.7498 -3.0846 3.8567
11.6539 -3.3314 5.6225
11.4114 -3.1332 5.8752
10.9929 -3.3513 5.2014
3.5567 -1.8184 3.9445
2.5278 -0.8683 5.2331
12.1185 -3.3315 5.8907
0.2152 -0.6520 4.3261
12.4410 -3.1517 6.4333
11.2716 -1.3915 9.2461
8.9992 -2.4399 5.1786
7.3875 -2.9411 3.9320
12.4141 -3.2122 6.2978
6.1575 -2.7331 3.6337
9.3458 -2.2751 5.2720
8.8538 -1.3968 6.0820
7.4021 -2.7792 4.2612
11.3084 -3.4128 5.2617
9.6460 -2.0440 5.2889
10.5948 -2.3669 6.0714
10.9341 -3.2363 5.3953
7.8287 -2.7941 4.4782
13.2734 -2.3006 8.6006
11.9142 -1.7498 6.6656
11.0632 -1.5461 7.9899
8.8277 -3.3106 4.0316
11.8420 -3.2673 5.8582
9.3541 -2.4855 5.4175
8.3852 -2.2205 4.7301
8.6780 -3.3175 3.9314
11.5934 -3.3768 5.4977
11.8713 -3.0331 6.3392
7.9482 -2.4474 4.5896
8.1154 -3.3378 3.5662
13.8106 -1.6632 10.1740
13.2140 -2.3249 8.5182
7.3080 -2.1198 4.4530
12.2456 -1.7038 9.1898
8.3257 -2.6680 5.0151
10.1629 -3.3446 4.7352
12.3267 -3.2895 6.0941
11.5255 -2.7645 6.6718
9.7472 -2.3149 5.5286
5.5874 -0.0303 8.6608
8.7765 -3.3575 3.9090
10.0788 -3.2820 4.8108
13.1517 -2.2502 8.6302
13.3108 -1.7817 9.6505
13.0005 -1.3412 10.3443
13.6964 -2.1421 9.1591
2.5806 -0.0302 6.9245
7.0283 -1.6401 5.3530
8.3890 -2.2194 4.8953
5.7790 -0.1313 8.5713
12.0713 -3.2203 6.0837
7.4017 -3.0846 3.6558
9.3471 -3.3176 4.3177
12.3836 -3.0851 6.5322
7.5154 -1.3669 3.8421
12.1498 -3.2203 6.1290
11.5488 -1.7037 8.7874
10.4320 -2.9886 5.5962
6.7781 -2.9883 3.4866
8.2457 -2.0340 4.9265
12.5458 -3.1144 6.5676
6.8920 -2.9531 3.6220
13.5849 -1.2890 10.7852
9.9438 -3.3176 4.6622
9.0589 -2.7643 5.2476
8.8641 -1.4014 6.1373
7.2343 -2.1942 4.5394
9.6932 -1.0510 7.8305
8.0140 -2.6847 4.8018
10.8274 -1.9595 6.9163
11.3578 -3.2442 5.6243
12.3406 -2.9888 6.6982
4.3995 -2.0222 4.0274
7.2135 -2.6508 4.4069
5.2272 -0.2278 8.0614
8.7114 -3.2281 4.1278
12.6104 -2.7797 7.2683
11.9877 -3.3578 5.7630
11.4145 -2.7796 6.5779
2.8001 -1.5330 4.0730
10.1882 -1.1214 9.1556
7.7120 -1.3302 6.2396
10.4671 -0.8687 9.8176
9.5516 -3.3889 4.2945
11.6869 -2.9415 6.4144
7.5228 -2.9883 3.9166
9.1860 -3.1330 4.5904
8.7953 -3.0435 4.5420
9.9796 -2.7795 5.7493
9.7264 -1.7947 5.8684
11.1097 -0.1315 11.6496
8.3126 -1.7529 5.5459
7.6384 -3.0746 3.8124
12.0819 -2.8911 6.7423
6.9643 -2.9883 3.5941
11.4176 -1.9924 7.0977
8.6749 -2.7175 5.1187
5.5261 -0.4931 7.7082
8.8280 -2.1884 4.9791
11.1231 -2.4524 6.4335
9.7312 -1.5090 6.5299
8.8129 -3.3312 3.9822
8.2285 -3.2035 3.8977
10.9441 -2.9886 5.8919
5.0150 -2.1127 4.2034
12.2481 -3.3891 5.8514
4.8257 -1.3911 5.5240
8.0664 -2.7793 4.6447
10.6889 -3.0948 5.5340
11.6618 -3.3178 5.6541
11.9776 -1.7980 6.6656
5.1382 -1.8901 4.7158
10.2126 -1.4216 7.6453
10.4295 -3.2746 5.0279
11.6451 -2.5465 6.8066
12.3352 -3.1333 6.4086
11.6732 -3.4128 5.4723
3.3409 -0.6521 6.1310
12.9419 -2.6160 7.7842
10.4535 -3.3950 4.8033
13.3075 -1.9250 9.3647
9.3819 -1.9879 5.3237
5.9851 -0.4084 8.1410
4.6693 -1.7033 4.8151
9.6914 -2.5295 5.6412
8.1113 -1.0957 6.5617
10.7703 -3.0646 5.6409
11.9564 -3.1047 6.2464
10.6871 -2.8645 5.9894
11.8654 -1.9249 8.5320
7.1271 -1.7141 5.3370
9.8145 -2.8088 5.5960
10.6709 -3.3890 4.9407
8.1906 -3.4125 3.4617
11.2269 -2.9654 6.1012
10.0330 -3.3576 4.6344
10.3083 -3.2596 4.9878
11.3966 -3.3513 5.4346
11.4097 -2.6850 6.7625
0.8048 0.0757 6.1087
12.2298 -3.3109 5.9958
10.9768 -3.4185 5.0588
11.5073 -2.8232 6.5450
10.3169 -2.1177 5.9842
8.5985 -3.3311 3.8584
11.1385 -3.1332 5.7176
11.9692 -3.3178 5.8316
3.0199 -0.7270 5.7972
7.3603 -0.9995 6.4481
11.0826 -3.3246 5.3061
5.0914 -2.0532 4.3656
10.1934 -1.1516 8.0429
9.5796 -2.8087 5.4603
11.6508 -2.5919 6.8401
13.2454 0.1863 13.5128
11.2772 -1.8927 7.2079
8.5225 -3.0540 4.3637
6.5363 -2.8775 3.5664
11.4038 -2.8232 6.4852
3.9626 -1.9904 3.8380
10.2679 -0.9996 9.4430
3.7774 -1.1788 5.3394
7.0334 -3.0218 3.5674
11.8869 -3.3951 5.6309
12.9224 -2.3487 8.3026
9.8466 -2.9534 5.3279
8.5088 -3.3702 3.7292
12.8572 -2.8647 7.2423
10.6189 -3.1515 5.3813
10.7770 -1.3815 8.0626
10.1127 -3.2519 4.8900
8.2816 -2.4404 4.7657
12.0538 -2.7336 7.0381
10.8674 -3.1516 5.5247
6.0189 -1.7034 5.5944
8.3900 -2.9652 4.4633
6.4838 -2.5973 4.0914
8.3381 -2.7489 4.8618
11.1235 -2.2393 6.4425
12.1280 -3.1048 6.3455
12.1625 -3.1144 6.3463
9.2331 -3.2518 4.3822
9.1177 -3.1141 4.5884
11.8197 -3.2443 5.8910
7.2482 0.0755 9.8296
6.6533 -2.5010 4.3800
10.4022 -2.0488 6.3365
12.5388 -2.9772 6.8354
9.3832 -3.3176 4.3386
7.0947 -3.0108 3.6247
5.3122 -0.7991 6.9782
8.6324 -3.2670 4.0051
8.4689 -3.3826 3.6815
9.6798 -2.9534 5.2316
12.2736 -0.7275 11.1407
13.1510 -2.4170 8.2992
8.4915 -2.2785 4.7874
9.1850 -0.7993 9.2146
7.8605 -1.2338 6.2834
10.6537 -2.2532 6.0468
6.8193 -2.6155 4.2491
2.5737 -0.9350 5.1274
4.5385 -0.0302 8.0551
10.6607 -3.2283 5.2533
10.9016 -3.3108 5.2290
10.0443 -1.8347 6.3980
8.0644 -3.2963 3.6190
11.2096 -1.5780 8.8406
8.1784 -1.9367 5.2923
11.8669 -2.6683 7.0597
9.7244 -1.9539 5.5076
11.1407 -3.2894 5.4094
7.8842 -2.3288 4.5641
8.1434 -3.0644 4.1242
11.2285 -2.7796 6.4705
9.3368 -3.3703 4.2073
9.0505 -3.3445 4.0930
9.9093 -3.4068 4.4655
7.1590 -3.1140 3.4575
3.3175 -1.2884 4.8565
11.7476 -3.2673 5.8037
9.3180 -3.2440 4.4467
2.6850 -0.9350 5.1917
12.2203 -3.2284 6.1537
7.1101 -3.1043 3.4483
11.9925 -3.1695 6.1389
11.1200 -3.3108 5.3551
11.5484 -3.2894 5.6448
9.3021 -1.2588 6.7184
11.9149 -2.6851 7.0542
4.7149 -2.0833 4.0884
9.9414 -1.9065 6.0425
10.0247 -2.7176 5.8981
8.6680 -3.3035 3.9533
11.8406 -3.1516 6.0866
10.5217 -3.3577 4.9166
0.2556 -0.3198 5.0076
8.0255 -3.3826 3.4255
9.3726 -2.1961 5.2352
11.6524 -3.1954 5.8912
0.9969 -0.8682 4.3491
8.8798 -3.1514 4.3772
11.5580 0.1864 12.5383
5.2618 -1.3912 5.7759
8.3478 -3.2035 3.9666
12.7959 -2.5216 7.8870
5.0842 -0.6522 7.1377
12.2109 -3.3768 5.8543
10.6398 -1.6195 7.6080
8.7314 -0.8034 7.0278
13.0621 -1.5337 9.9984
4.2562 -1.4399 5.0984
1.9059 -0.9349 4.7418
9.6212 -3.2893 4.5321
10.2516 -2.9999 5.4696
7.8899 -3.1951 3.7189
13.0166 -1.3916 10.2537
10.0669 -2.9999 5.3629
12.1210 -3.4129 5.7309
10.6286 -3.3641 4.9656
10.4828 -0.0304 11.4877
4.4406 -1.8547 4.3829
10.9343 -2.2647 6.4025
11.3431 -2.8646 6.3682
11.9702 -2.6337 7.1879
11.7041 -3.0949 6.1201
4.6212 -2.1968 3.8094
12.2758 -3.2122 6.2180
7.6431 -2.9036 4.1539
10.2544 -1.3273 7.6609
14.5397 -0.0306 13.8304
11.4109 -2.7944 6.5464
11.1327 -1.2350 9.4760
2.3323 -0.4929 5.8639
4.7907 -1.5776 5.1343
10.7016 -3.2363 5.2611
5.1294 -2.0532 4.3875
7.7497 -2.7941 4.4326
12.3835 -2.7646 7.1671
8.8811 -3.2361 4.2100
7.6775 -3.0540 3.8758
9.0931 -2.5323 5.3021
9.8632 -2.7644 5.7120
9.9478 -0.1314 10.9786
12.5367 -0.9355 10.8804
9.8904 -1.2909 7.6401
9.0032 -3.3948 3.9660
3.0898 -1.0612 5.1752
11.3659 -2.9771 6.1582
12.5267 -1.8906 8.9819
9.4035 -2.9165 5.1451
8.0942 -1.8619 5.2310
9.5092 -3.3827 4.2822
13.9835 -0.7996 11.9854
10.6043 -3.3447 4.9901
7.4720 -2.2708 4.3363
10.3060 -1.6096 7.3386
11.7113 -2.2756 7.7481
10.9850 -1.5228 7.7333
12.4612 -3.1333 6.4813
11.3543 -3.3177 5.4766
9.6947 -1.7301 5.8585
12.0544 -2.9655 6.5790
14.0298 -1.8191 9.9917
5.5297 -1.9579 4.8075
10.6366 -2.8645 5.9602
10.5478 -3.2893 5.0670
7.7117 -3.2035 3.5993
3.5967 0.0756 7.7210
8.4205 -3.4183 3.5829
11.0836 -3.3108 5.3341
13.8407 -1.3917 10.7295
12.2225 -3.0950 6.4194
8.3710 -3.4183 3.5543
3.9685 -1.2885 5.2324
9.0923 -3.2595 4.2857
3.6682 -0.7270 6.1716
5.9927 -2.4596 4.0806
11.9993 -3.0438 6.3919
14.7830 -0.2281 13.5795
9.5114 -3.1423 4.7599
4.6259 -0.2277 7.7142
8.4751 -1.1376 6.5457
8.7826 -3.1045 4.4140
5.7476 -2.3481 4.1600
12.8889 -2.8373 7.3149
9.2386 -3.3175 4.2551
11.3021 -3.2363 5.6077
9.0793 -2.8908 5.0087
9.8465 -3.2119 4.8154
9.2850 -3.0947 4.7234
3.0179 -1.1210 5.0152
13.0552 -0.9998 11.0525
7.2076 -2.7012 4.3036
11.9993 -3.1607 6.1604
11.0600 -3.0000 5.9363
6.6577 -0.1965 5.3466
7.8287 -3.1865 3.7004
13.1194 -1.2351 10.6232
5.6317 -2.0222 4.7388
6.6392 -2.4806 4.4125
11.4773 -2.8372 6.4999
7.9308 -3.2118 3.7094
9.7375 -2.9653 5.2413
9.7087 -3.3176 4.5265
12.5330 -1.2890 10.1777
11.9299 -0.1315 12.1232
8.0860 -3.2517 3.7199
7.2657 -0.0303 9.6300
9.4802 -3.1514 4.7238
11.6627 -2.8232 6.6347
9.6016 -3.1867 4.7240
8.1291 -3.2035 3.8403
11.0264 -3.4128 5.0989
9.6014 -1.8768 5.4830
13.7990 -2.0538 9.3933
9.1321 -2.2339 5.1187
8.2555 -2.3527 4.6869
13.5552 -1.0618 11.2183
5.1124 -2.3714 3.7471
9.2903 -3.3036 4.3126
11.9712 -1.5523 6.5657
10.3683 -2.1957 5.8880
9.3171 -3.1693 4.5942
7.4184 -2.7489 4.3308
8.3774 -3.2964 3.7997
11.4764 -3.2363 5.7084
11.8891 -1.8552 8.6837
9.5625 -3.3446 4.3886
11.9979 -1.4597 6.5188
4.8284 -1.4400 5.4288
12.2737 -2.9292 6.7775
15.0993 -0.0306 14.1536
8.2276 -3.3948 3.5181
6.7729 -2.9531 3.5532
8.1875 -3.2118 3.8576
10.6799 -3.4185 4.8874
8.6455 -1.7776 5.6707
3.8614 -1.1211 5.5023
10.6013 -2.8231 6.0219
3.7032 -1.1211 5.4110
11.2275 -3.2203 5.5965
9.3776 -1.5100 6.0289
8.2130 -3.2891 3.7191
9.0041 -3.1236 4.5039
13.3304 -2.3720 8.4920
7.7122 -0.4085 9.1384
12.0420 -2.8373 6.8259
10.0697 -1.8832 6.3077
10.5739 -3.4010 4.8609
7.9408 -2.9651 4.2040
9.7768 -2.7176 5.7549
6.2370 -0.7992 7.5122
8.7722 -3.0847 4.4471
8.3919 -3.2517 3.8965
11.6057 -2.8372 6.5740
12.0077 -2.8511 6.7787
5.7857 -2.0223 4.8278
7.1118 -2.8776 3.8987
11.5377 -1.9583 8.2765
8.9299 -3.2964 4.1187
11.4653 -3.3951 5.3874
9.6381 -1.1499 7.6631
9.5618 -3.3576 4.3624
8.8444 -2.7643 5.1238
7.0478 -3.0434 3.5331
8.5171 -1.1805 6.4867
10.9594 -3.3950 5.0953
11.6751 -1.5336 9.1976
12.3145 -2.9655 6.7292
10.4812 -3.1694 5.2663
11.0288 -3.3177 5.2887
10.3727 -3.4010 4.7448
9.7237 -3.3766 4.4183
11.7263 -3.1333 6.0570
11.2116 -1.6539 7.8667
8.5614 -3.0110 4.4715
6.5580 -2.5788 4.1709
14.6178 -1.1217 11.7134
10.7826 -1.4185 7.9365
11.9207 -3.3951 5.6503
10.8934 -2.9291 5.9806
7.1520 -2.7012 4.2715
11.7719 -3.2284 5.8948
11.1333 -3.3513 5.2825
12.0909 -3.0113 6.5093
4.0480 -1.5331 4.7935
13.2590 -1.3916 10.3936
12.1958 -2.7646 7.0588
8.5239 -3.3378 3.8021
10.4062 -3.4010 4.7641
9.1053 -3.3244 4.1645
9.2893 -2.4414 5.3497
11.2305 -2.9414 6.1509
12.6382 -0.4087 11.9829
6.2241 -0.9994 7.1079
12.5923 -0.9355 10.9126
7.6364 -2.2568 4.6576
11.2895 -3.1143 5.8423
9.8374 -2.9413 5.3465
8.0688 -2.7174 4.7688
10.7171 -2.8910 5.9543
10.6182 -2.9886 5.7037
11.3136 -2.0930 6.8976
8.5257 -3.2517 3.9738
4.6958 -1.9244 4.3922
10.0747 -1.6878 6.8694
7.2889 -3.0327 3.6935
6.9946 -2.7641 4.0558
5.8307 -2.1128 4.6744
13.2062 -1.8553 9.4442
10.5263 -3.4069 4.8217
10.6820 -3.0646 5.5899
9.2945 -3.4184 4.0875
10.3288 -3.0646 5.3860
10.7591 -2.1920 6.4641
9.9802 -2.3149 5.6631
12.0768 -2.8232 6.8738
8.8052 -2.7334 5.1624
11.1143 -3.1694 5.6318
7.9884 -2.9997 4.1628
5.3587 -1.3912 5.8318
11.4795 -3.2284 5.7260
7.9439 -3.0435 4.0505
11.1113 -2.9291 6.1064
7.9098 -0.6524 8.7693
2.7549 -0.5742 5.9471
12.9020 -1.3412 10.2875
4.8027 -1.7428 4.8139
10.7088 -2.2286 6.3501
7.8656 -2.4486 4.5446
8.5791 -2.9652 4.5725
13.0914 -1.9910 9.1090
10.9755 -3.3577 5.1786
13.0294 -2.6160 7.8347
12.8230 -2.7797 7.3911
8.6402 -3.1330 4.2752
9.4398 -1.6745 5.7700
5.8526 -2.4165 4.0852
7.8202 -3.1235 3.8204
8.1626 -2.8776 4.5054
9.1984 -1.3173 6.2795
9.6127 -3.2820 4.5416
10.8438 -2.1690 6.5443
8.5227 -2.7643 4.9380
8.9212 -3.1514 4.4011
6.8543 -2.7940 3.9156
6.1700 -2.4805 4.1416
9.2090 -2.7794 5.3044
12.2259 -1.9249 8.7401
10.0047 -3.1605 5.0088
9.3312 -1.6606 5.8210
10.2176 -2.7176 6.0094
9.1356 -1.3955 6.2294
8.3605 -3.2281 3.9252
3.3290 -1.4872 4.4692
10.5494 -1.0616 9.4827
10.0815 -3.3313 4.7146
0.2321 0.0757 5.7780
5.4529 -1.7033 5.2676
11.6229 -1.0617 10.1025
12.0222 -3.0113 6.4696
10.2456 -2.0808 6.0237
7.6397 -2.3810 4.3999
7.5760 -3.0109 3.9026
10.0760 -3.4068 4.5618
9.2261 -1.3515 6.2290
8.7838 -2.7794 5.0590
12.0394 -3.3768 5.7552
6.1468 -0.0303 8.9839
9.2863 -2.1570 5.1583
8.7338 -3.4183 3.7638
12.3140 -0.9355 10.7518
10.0527 -2.0822 5.5523
9.6742 -3.3640 4.4146
9.6930 -3.3036 4.5451
13.2634 0.0753 13.3032
10.8450 -2.1934 6.5177
7.8033 -3.1513 3.7556
9.7136 -0.6524 9.8109
8.2597 -3.2439 3.8356
8.6325 -3.1044 4.3273
8.8655 -3.0747 4.5209
8.9286 -3.2745 4.1613
12.4790 -2.8911 6.9715
8.8338 -3.2200 4.2145
5.9554 -2.1695 4.6340
8.3463 -3.3378 3.6995
5.8910 -2.3244 4.2899
8.3589 -3.0847 4.2084
10.3843 -3.2596 5.0316
8.1442 -3.2439 3.7690
7.2748 -2.8507 4.0461
8.3508 -2.0922 5.0725
11.1846 -3.2442 5.5244
11.5523 -3.1954 5.8334
8.7709 -2.3560 4.9923
11.8269 -2.9040 6.5695
11.0766 -3.4069 5.1395
11.5602 -3.4070 5.4187
11.4064 -3.0000 6.1363
7.0132 -1.8044 5.0765
8.3385 -3.3035 3.7631
10.3215 -2.7014 6.1015
9.4286 -2.4600 5.4732
10.8656 -3.1332 5.5601
10.5623 -2.0880 6.5664
8.4323 -3.3887 3.6483
10.3102 -2.3574 5.8842
10.6986 -2.1711 6.4669
12.3745 -2.6337 7.4213
9.7990 -3.0645 5.0801
6.5436 -2.5600 4.1999
8.0420 -2.6847 4.8180
9.7589 -1.5413 6.8163
11.1818 -2.7177 6.5661
10.4338 -3.1046 5.3673
12.1561 -3.0438 6.4824
3.3908 -1.2345 5.0056
10.2994 -3.2441 5.0133
8.9101 -2.9652 4.7636
12.3355 -2.9415 6.7889
11.8706 -3.3513 5.7082
9.1552 -3.2119 4.4163
10.3194 -1.8812 6.6030
6.2232 -2.7173 3.7032
6.9949 -2.8506 3.8845
8.7397 -3.1045 4.3892
5.6425 -1.1789 6.4164
12.4029 -1.1215 10.4344
9.5746 -1.9920 5.3522
8.7957 -0.7273 9.1324
12.3329 -3.0223 6.6272
9.5190 -3.3106 4.4307
10.8178 -3.2363 5.3282
10.1584 -3.0748 5.2674
7.6036 -1.3586 5.9213
8.8494 -2.9885 4.6825
7.4545 -1.0989 6.3588
8.1949 -3.3887 3.5113
8.3447 -2.1365 5.0008
11.0650 -3.3177 5.3095
11.3217 -1.7816 8.5020
6.9071 -2.9410 3.6547
8.5708 -2.4421 4.9365
13.0115 -2.3249 8.4012
12.9435 -2.6683 7.6813
11.8888 -3.4129 5.5968
10.4364 -3.0000 5.5762
5.3776 -0.0303 8.5397
14.7659 -0.3204 13.3867
4.7642 -2.1968 3.8920
9.1521 -3.1237 4.5894
-1.2648 -0.0300 4.7039
2.6489 -1.1210 4.8022
9.9944 -1.9511 5.9884
5.3289 -2.4596 3.6974
12.5572 -2.7797 7.2376
-0.3467 -0.4082 4.4847
1.1704 -0.3199 5.5359
12.4040 -2.3249 8.0505
4.7527 -1.6626 4.9439
7.4049 -2.0695 4.8047
10.5104 -2.8645 5.8874
3.9838 -0.9993 5.8143
8.4046 -2.8086 4.7819
9.2728 -1.9146 5.3208
10.6164 -2.1568 6.3752
9.5283 -2.7490 5.5490
10.1255 -3.1867 5.0265
9.2236 -2.8644 5.1444
3.7873 -1.0613 5.5780
11.3850 -3.1516 5.8236
11.3671 -1.8395 7.5622
9.6439 -3.1693 4.7829
8.1864 -3.3378 3.6072
11.1484 -2.2544 6.4148
4.1919 -1.1788 5.5787
7.7780 -3.1235 3.7960
7.8729 -2.9997 4.0962
9.8640 -2.8778 5.4877
8.0641 -2.8369 4.5292
10.3025 -3.2820 4.9399
12.3470 -0.3203 11.9899
11.3164 -3.1782 5.7312
12.8448 -0.2281 12.4603
12.4510 -3.1426 6.4571
8.4792 -1.2222 6.3872
9.4224 -3.2201 4.5543
11.6573 -3.2597 5.7666
10.8130 -3.2037 5.3899
11.7521 -3.3448 5.6528
8.3666 -3.3826 3.6225
5.0810 -0.7991 6.8447
10.5412 -0.9997 9.6007
9.5793 -3.3576 4.3725
12.7743 -1.3916 10.1137
10.8774 -1.6663 7.4614
7.2632 -2.7012 4.3357
6.5657 -2.7641 3.8081
8.7854 -2.1342 5.0575
8.4832 -3.3888 3.6777
7.1146 -2.8368 3.9810
9.3810 -2.9412 5.0830
9.4571 -3.3576 4.3019
12.5067 -1.7817 9.1862
6.4694 -2.6155 4.0471
15.3791 -0.0306 14.3152
10.1502 -3.3512 4.7150
9.8502 -2.9885 5.2603
10.9399 -1.0495 8.3745
8.1635 -3.2439 3.7801
15.3477 -0.1316 14.0969
9.0906 -3.2819 4.2402
9.7138 -2.7794 5.5959
5.6789 -1.9905 4.8290
13.5355 -1.8553 9.6344
9.9013 -3.0542 5.1597
7.3452 -3.1865 3.4213
7.5895 -2.9768 3.9779
5.7922 -1.5777 5.7125
12.0315 -2.9292 6.6377
7.7766 -3.3311 3.3839
7.9867 -2.7793 4.5987
10.5511 -2.2809 5.9823
7.1917 -1.3887 6.0940
11.1109 -2.0308 6.9320
10.1761 -3.4068 4.6195
11.0958 -3.1425 5.6747
13.1801 -2.0228 9.0973
10.5337 -3.3447 4.9493
8.3758 -2.2314 4.8354
8.7545 -3.3888 3.8343
7.4310 -2.9288 3.9815
8.0513 -3.1603 3.8810
10.3937 -2.6681 6.2091
7.3178 -2.0765 4.6536
11.2328 -2.5314 6.5350
10.9454 -1.4060 7.8793
9.0223 -2.8230 5.1103
7.1329 -2.8228 4.0193
12.4645 -2.7945 7.1548
11.7010 -3.2822 5.7473
12.2495 -3.1783 6.2699
9.9171 -1.3648 7.3404
9.6224 -3.0645 4.9782
8.1393 -3.1044 4.0426
14.5460 -0.4935 12.9168
10.9009 -2.0440 6.6075
8.0741 -1.0483 6.6076
9.5065 -1.3971 6.4613
13.8626 -0.6526 12.2067
12.0075 -2.8911 6.6993
10.9850 -1.6117 7.7469
5.6949 -0.2278 8.3315
7.4773 -1.4054 3.9088
8.3607 -2.9884 4.4003
6.5411 -2.6678 3.9847
9.0118 -3.0541 4.6462
9.9304 -2.6510 5.9755
11.2291 -3.3108 5.4181
6.6279 -0.2427 5.3196
11.8109 -3.2284 5.9173
11.0230 -1.4835 7.7981
6.4298 -0.2278 8.7559
11.0164 -2.1648 6.4351
10.7201 -2.2739 6.2194
12.1099 -3.3578 5.8335
7.1646 -2.9288 3.8277
11.3036 -2.1242 6.7732
7.4641 -1.5189 3.9320
11.9516 -3.1695 6.1153
10.2946 -2.0260 6.0819
10.4673 -1.9376 6.7738
5.4776 -2.0222 4.6499
5.3605 -2.4596 3.7156
9.1810 -3.3379 4.1815
6.2440 -2.7641 3.6224
11.4293 -3.3108 5.5336
7.5690 -2.7012 4.5123
10.5196 -3.1046 5.4168
8.4728 -1.6043 5.9264
6.8506 -1.3475 6.0121
11.8580 -3.3891 5.6261
11.3019 -3.3108 5.4601
12.0869 -3.0750 6.3808
9.1259 -1.6446 5.8161
11.7196 -2.2501 7.8033
7.7925 -2.9163 4.2150
8.7145 -0.9026 6.9589
10.6941 -3.2821 5.1660
6.9891 -0.9995 7.5496
11.9441 -3.1517 6.1463
7.6080 -3.2516 3.4439
12.0497 -3.4011 5.7130
12.1509 -3.0223 6.5221
12.2595 -1.8553 8.8976
8.1336 -3.1603 3.9285
12.1018 -1.3334 6.4266
11.7595 0.0753 12.4347
10.2138 -3.4127 4.6297
15.4466 0.1862 14.7839
7.6618 -2.7489 4.4714
11.1422 -0.4079 8.0355
10.1187 -2.6849 6.0171
10.5127 -3.3767 4.8738
8.3612 -3.2891 3.8047
11.1704 -3.3381 5.3301
11.1780 -0.1520 7.9572
4.8432 -2.2999 3.7332
8.8537 -3.3244 4.0192
10.7263 -3.3380 5.0737
9.6050 -2.9999 5.0962
11.8553 -3.0949 6.2074
8.7247 -3.3827 3.8292
7.9709 -3.2360 3.6845
13.3727 -2.0228 9.2085
10.7459 -0.7994 10.1159
13.5499 -2.1421 9.0745
12.7264 -2.9773 6.9438
8.5543 -0.9513 6.8495
10.9929 -3.3641 5.1760
11.8390 -3.2443 5.9021
5.9373 -1.9245 5.1091
5.5740 -0.1313 8.4529
10.2032 -3.2441 4.9577
7.8954 -3.2593 3.5947
5.4665 -1.6208 5.4390
7.5554 -2.2670 4.5469
-0.6912 0.1868 5.4647
13.9791 0.1863 13.9365
12.2113 -3.3448 5.9179
11.1349 -3.3381 5.3095
11.1390 -3.3037 5.3800
9.9981 -3.3176 4.6935
7.5436 -3.1779 3.5529
8.7908 -2.7643 5.0928
9.5762 -1.9736 5.2943
9.5439 -3.3703 4.3268
9.5082 -2.2091 5.3479
12.1819 -3.2673 6.0545
-0.4712 0.1867 5.5918
8.1071 -3.2281 3.7789
8.9968 -2.9769 4.7904
9.8889 -3.3703 4.5260
10.4466 -1.9547 6.6766
10.5740 -3.3577 4.9468
12.5040 -2.8373 7.0926
8.6735 -1.8302 5.5855
9.2986 -2.9533 5.0115
8.0594 -2.4895 4.6792
10.9628 -2.7795 6.3170
10.3648 -2.0655 6.0436
5.7464 -1.3912 6.0557
11.9312 -3.1695 6.1035
8.4234 -2.8370 4.7366
11.7383 -3.2822 5.7689
10.7501 -3.0748 5.6090
-0.4388 -0.1310 4.9807
12.9526 -2.1974 8.6199
5.8384 -2.3714 4.1663
9.6822 -3.1867 4.7706
12.1278 -3.1783 6.1996
12.0963 -2.6159 7.2959
11.0825 -3.0112 5.9271
12.0287 -3.0647 6.3675
2.2089 -1.3910 4.0131
12.5210 -2.4388 7.8922
8.7318 -3.2892 4.0186
4.5848 -0.9993 6.1613
9.8517 -1.9344 5.5148
9.9053 -1.0616 9.1107
9.7516 -1.4745 6.9753
7.1364 -2.7792 4.1078
9.9428 -3.2965 4.7035
5.3070 -2.3941 3.8143
6.4675 -2.5010 4.2728
9.0690 -3.0947 4.5988
10.4628 -1.2499 8.1343
13.9805 -0.1316 13.3074
11.2256 -3.1143 5.8054
8.7200 -2.9164 4.7505
9.3239 -2.7334 5.4619
11.4153 -2.8779 6.3834
7.6704 -2.9163 4.1445
8.1474 -3.3639 3.5331
9.8696 -1.9405 5.5459
8.9332 -3.2440 4.2245
7.2043 -0.7272 8.2135
8.0269 -3.3243 3.5419
10.1785 -3.1424 5.1450
12.2190 -3.3038 6.0035
10.8780 -3.0330 5.7657
8.1680 -3.0435 4.1798
12.5031 -3.1517 6.4691
11.6396 -3.2203 5.8344
7.4713 -1.8352 5.2921
8.8314 -3.0947 4.4616
8.4983 -1.9913 5.1518
8.5627 -3.3311 3.8378
8.4299 -3.3948 3.6349
7.8672 -3.1692 3.7571
11.0513 -3.2121 5.5110
10.8691 -0.9997 9.7901
-1.7911 0.1868 4.8295
9.4058 -3.3703 4.2471
6.1121 -2.5788 3.9134
9.9083 -1.1547 7.9912
7.9904 -3.2593 3.6495
10.2831 -3.3107 4.8719
6.5452 -0.5802 5.4976
12.2285 -3.0113 6.5887
12.8943 -2.6338 7.7214
8.9121 -2.9998 4.6962
10.3201 -1.2547 8.1555
12.0811 -2.7336 7.0538
9.5719 -1.4777 6.5094
10.1572 -2.8645 5.6835
7.8651 -3.3243 3.4485
5.3764 -2.3714 3.8995
8.4072 -2.9884 4.4272
8.8953 -3.3827 3.9277
10.0577 -1.8588 6.3504
14.0859 -1.2891 11.0744
11.6992 -3.3448 5.6222
9.5875 -3.3640 4.3645
7.9909 -3.3174 3.5347
8.1274 -2.6679 4.9006
10.6997 -0.9354 9.8196
7.7382 -2.7174 4.5779
10.5943 -2.3992 6.0756
8.5827 -2.5296 5.0014
7.2561 -2.7488 4.2371
10.7682 -1.1215 9.4905
11.6516 -3.3038 5.6759
10.3250 -1.5373 7.4844
7.5301 -3.0109 3.8761
11.3924 -2.9654 6.1968
7.5792 -3.0219 3.8826
8.5488 -3.0435 4.3997
12.2965 -2.5793 7.4841
8.0854 -2.9164 4.3841
7.5670 -3.2439 3.4357
8.9282 -3.3639 3.9839
9.9094 -3.0645 5.1439
9.4747 -2.7794 5.4578
11.5953 -2.7944 6.6529
0.9147 -0.5741 4.8845
10.8435 -0.3203 11.1217
8.9087 -3.1692 4.3584
9.7135 -0.0304 11.0435
9.0756 -2.9652 4.8591
10.6922 -2.8910 5.9399
8.6415 -1.0913 6.6268
12.7086 -2.6160 7.6495
8.7268 -3.2670 4.0596
8.5163 -2.9412 4.5838
8.4930 -3.0746 4.3058
9.9458 -3.3576 4.5841
3.3216 -0.8683 5.6915
8.8490 -2.9037 4.8501
9.1193 -3.4126 3.9978
8.3376 -2.2245 4.7944
10.2559 -3.2965 4.8842
4.1161 -1.7427 4.4175
7.9446 -1.2367 6.3955
8.6421 -2.0032 5.2779
11.8521 -3.0647 6.2655
8.5002 -3.3510 3.7623
1.5527 -0.2276 5.9396
11.8542 -2.1700 8.0399
8.2570 -3.4125 3.5000
9.8782 -3.3245 4.6108
6.0404 -2.1415 4.7385
13.4205 -0.0306 13.1842
11.8164 -3.3768 5.6265
7.4173 -3.2117 3.4129
9.1711 -3.3639 4.1241
10.2431 -1.8589 6.6270
10.2022 -3.0748 5.2927
9.1508 -1.7407 5.5968
8.3635 -3.2818 3.8204
9.1064 -3.2440 4.3244
11.7532 -2.8510 6.6318
9.4900 -1.4990 6.3068
11.0384 -2.9414 6.0399
6.1368 -2.7641 3.5605
13.3942 -1.0618 11.1253
9.6491 -3.3576 4.4128
8.3263 -2.8086 4.7367
5.7292 -0.4084 7.9933
8.5510 -3.3888 3.7169
10.3878 -3.2283 5.0957
15.4836 0.0752 14.5853
9.8908 -3.3889 4.4903
14.2083 -1.6632 10.4036
7.8267 -2.0476 5.0996
13.6683 -1.5782 10.2603
11.2958 -3.0850 5.9041
10.2423 -3.3313 4.8075
8.1232 -3.0435 4.1540
10.0403 -1.7160 6.5473
6.3145 -2.6678 3.8539
11.0122 -3.1694 5.5729
12.1897 -3.2967 6.0007
13.2914 -2.2502 8.7109
10.9730 -0.1315 11.5707
11.9983 -0.1315 12.1627
8.8701 -2.4865 5.1404
11.7845 -3.2967 5.7668
12.9066 -1.4878 9.9995
11.5676 -1.8189 8.5700
7.5316 -2.9411 4.0152
11.5695 -3.2442 5.7466
9.8884 -2.1562 5.5037
12.5069 -1.7038 9.3406
10.4555 -2.4483 6.0388
14.2911 -1.2352 11.2998
10.8253 -2.7335 6.3288
11.0170 -2.6682 6.5690
9.9168 -2.7644 5.7430
8.0580 -3.4125 3.3851
13.2803 -1.6632 9.8678
12.8077 -2.6338 7.6714
8.0673 -3.2439 3.7245
12.2528 -3.1955 6.2378
11.0703 -2.7492 6.4393
9.6772 -1.7222 5.9793
8.0443 -3.3378 3.5252
9.1369 -3.3106 4.2101
7.0114 -2.9163 3.7640
10.2949 -3.2362 5.0263
15.7701 0.0752 14.7507
5.2435 -2.0532 4.4534
5.9162 -2.0834 4.7820
12.8624 -2.7178 7.5365
7.4289 -0.6523 8.4916
12.4103 -2.7646 7.1826
9.4096 -3.1780 4.6303
8.0525 -1.8100 5.3059
9.2018 -0.9997 7.0502
0.5163 -0.4929 4.8153
9.2342 -3.2119 4.4619
6.7763 -2.8642 3.7314
9.4759 -3.4184 4.1923
6.4721 -2.7792 3.7243
8.1563 -3.1422 3.9775
10.1611 -1.9876 5.9826
-0.5285 -0.3198 4.5548
8.7089 -2.7013 5.1704
7.1286 -1.7072 5.2935
9.8973 -3.2671 4.7354
8.9830 -3.1236 4.4917
7.0998 -1.8081 5.1468
10.0288 -2.9770 5.3863
10.1889 -1.2411 7.7850
9.1851 -2.1576 5.1015
9.2523 -3.2518 4.3933
11.2587 -2.9166 6.2163
11.5405 -3.4128 5.3957
10.4692 -3.2363 5.1269
12.1416 -0.5746 11.3674
11.7879 -2.3359 6.9158
11.5185 -3.2284 5.7485
9.5384 -2.2347 5.3553
7.3839 -2.2970 4.1949
5.4112 -1.9579 4.7390
9.3085 -2.7175 5.4845
5.8627 -2.0223 4.8722
10.9923 -3.2596 5.3827
11.2676 -2.1905 6.6557
8.5195 -2.9998 4.4695
8.8086 -1.9271 5.3384
10.6349 -3.3828 4.9321
10.6157 -3.3767 4.9332
14.5651 -1.1217 11.6829
9.4590 -3.4068 4.2055
7.5728 -2.9163 4.0881
7.0735 -2.9768 3.6800
8.6457 -3.3105 3.9266
12.4549 -2.9167 6.9069
8.6512 -3.2670 4.0160
11.5093 -3.1516 5.8953
9.5886 -1.9285 5.4446
7.2954 -3.1691 3.4270
3.6560 -0.9993 5.6250
7.7019 -3.0643 3.8694
8.8102 -1.3346 6.2906
6.1954 -2.6332 3.8537
7.8124 -2.0473 4.9592
10.1331 -3.0330 5.3356
11.8881 -3.1425 6.1321
8.9478 -0.3202 10.0270
6.4329 -2.7939 3.6723
11.5209 -3.0647 6.0743
9.9527 -3.3828 4.5382
8.1909 -3.3105 3.6640
6.3864 -2.6846 3.8621
3.0948 -0.8683 5.5605
11.9725 -1.9584 8.5275
11.8355 -1.9768 6.8036
9.2763 -3.1693 4.5706
10.3065 -2.1397 5.7795
12.4922 -3.0439 6.6765
9.7014 -2.0872 5.3638
9.0315 -0.7273 9.2686
10.8743 -2.1873 6.5163
7.9232 -3.0746 3.9769
6.3072 -2.5973 3.9894
9.0666 -3.2670 4.2558
11.5472 -2.9292 6.3581
7.0597 -1.5829 5.6071
7.9048 -3.1235 3.8692
4.6626 0.1866 8.5564
12.3259 -3.1426 6.3849
9.0098 -3.2892 4.1791
2.5871 -1.4398 4.1346
10.4034 -3.2202 5.1207
11.0986 -3.1047 5.7511
10.3270 -3.1868 5.1428
8.8125 -3.2517 4.1394
9.7432 -3.2820 4.6170
9.1303 -3.2595 4.3077
9.6759 -2.4853 5.6029
6.8656 -3.0108 3.4924
5.4839 -1.9905 4.7164
12.1313 -3.4187 5.7254
12.1949 -2.3947 7.7913
10.5095 -3.0111 5.5962
7.3051 -1.9402 4.9603
12.9172 -0.4934 11.9762
12.7955 -2.3005 8.3247
13.1775 -2.4811 8.1876
9.5630 -1.9283 5.4291
11.4648 -1.9249 8.3007
9.4589 -3.1331 4.7479
10.1610 -0.4933 10.3846
10.9156 -2.8910 6.0689
7.4530 -2.9883 3.8762
12.4653 -1.8553 9.0164
5.3869 -1.8548 4.9294
12.7619 -2.6512 7.6104
7.5830 -2.9532 4.0209
11.5810 -2.2047 6.8784
11.5933 -2.1637 6.9603
10.1142 -2.8778 5.6322
6.6761 -2.7332 3.9331
12.3618 -2.9655 6.7565
11.5224 -1.3411 9.4909
11.2386 -3.3513 5.3433
11.9022 -3.3768 5.6760
11.0995 -2.5644 6.5315
7.3535 -3.0745 3.6479
9.7695 -2.5332 5.6946
7.6814 -0.9996 6.6880
7.5390 -2.7940 4.3110
9.6140 -3.1604 4.7832
6.2508 -2.5010 4.1477
10.6519 -3.3829 4.9419
7.3766 -2.8507 4.1049
7.7469 -2.1565 4.8238
8.5773 -2.8370 4.8255
10.5253 -2.2809 5.9674
6.9562 -2.9768 3.6123
8.8436 0.1864 10.9709
2.5632 -0.9992 4.9940
10.9064 -2.2719 6.4060
9.1672 -3.3511 4.1474
12.0910 -2.5215 7.4800
8.2061 -3.4183 3.4591
11.7990 -2.8089 6.7417
6.6588 -2.9035 3.5856
7.1842 -3.0846 3.5302
12.4556 -2.9415 6.8582
9.9665 -1.9746 5.6173
11.9025 -3.2364 5.9544
2.7963 -0.9350 5.2559
8.2569 -3.1603 3.9997
4.3860 -0.4084 7.2177
7.7853 -0.5744 8.8519
13.3867 -1.7433 9.7704
9.7704 -3.3245 4.5485
6.1511 -2.7011 3.6936
8.2950 -3.3948 3.5571
9.4165 -1.7589 5.6768
10.5977 -2.1291 6.2782
8.4102 -3.1951 4.0193
6.3682 -2.8085 3.6062
6.7825 -2.9650 3.5352
9.4417 -3.3949 4.2191
12.2363 -3.2122 6.1952
8.4663 -2.2440 4.8392
9.7283 -2.8644 5.4358
12.3565 -1.7433 9.1756
12.2596 -2.9167 6.7941
6.2320 -2.0532 5.0241
10.3951 -3.0646 5.4243
8.2431 -3.4007 3.5152
8.1707 -3.3243 3.6249
8.6687 -2.7334 5.0836
12.0104 -2.3005 7.8714
11.5929 -2.4539 6.6382
11.6904 -2.6850 6.9245
12.2784 -3.1696 6.3040
12.8573 -1.9910 8.9738
8.0416 -2.7012 4.7851
10.8377 -3.3704 5.0738
11.6967 -3.2895 5.7304
8.2831 -2.0837 4.9003
4.1351 -1.9244 4.0685
8.1189 -3.3035 3.6363
13.9406 -1.5337 10.5057
6.3094 -2.7488 3.6905
11.3512 -3.3829 5.3457
12.0912 -1.5336 9.4378
12.5039 -2.8647 7.0384
2.6935 -0.5742 5.9116
8.5147 -3.3575 3.7579
11.7135 -3.3768 5.5670
12.3762 -1.7038 9.2652
5.0273 -0.1312 8.1372
8.4805 -3.3948 3.6641
8.2157 -3.2744 3.7497
5.9611 -2.4596 4.0624
2.3949 -0.4930 5.9001
8.2925 -2.0138 5.2417
9.3093 -2.2346 5.2228
3.8250 -1.6626 4.4082
9.3893 -3.1780 4.6186
9.6121 -0.9996 9.0643
11.5449 -1.9249 8.3469
3.3197 -1.7032 4.0359
8.3064 -1.5013 5.9934
11.2435 -2.2094 6.6973
11.0831 -3.0000 5.9496
6.6988 -2.6507 4.1097
11.3130 -3.1047 5.8750
11.7981 -3.4011 5.5677
8.2759 -2.1505 4.9053
11.0269 -3.3950 5.1343
12.5844 -3.0001 6.8164
9.7538 -3.3576 4.4732
11.6694 -2.0536 8.1637
6.9945 -2.7173 4.1485
9.7884 -2.8088 5.5809
9.9303 -1.7078 6.6624
11.6523 -3.3642 5.5567
12.2762 -2.7646 7.1052
8.4733 -2.7489 4.9399
12.1382 -3.3642 5.8372
7.0771 -2.7173 4.1962
11.7077 -3.2038 5.9064
9.6181 -3.4009 4.3091
9.0141 -0.0304 10.6396
6.6784 -2.8368 3.7291
10.5822 -3.2820 5.1014
9.2128 -3.3576 4.1609
11.6623 -2.6850 6.9083
8.2259 -3.3174 3.6704
9.0149 -3.3639 4.0340
11.8604 -3.4070 5.5920
11.1043 -0.3992 8.0864
8.0888 -3.2118 3.8006
13.5647 -1.7817 9.7971
12.0408 -3.3382 5.8326
9.8346 -3.0542 5.1212
10.1868 -3.3766 4.6856
8.7549 -3.3105 3.9896
7.2250 -1.9853 4.7926
10.9232 -3.0330 5.7918
10.6342 -2.7335 6.2184
6.7512 -2.6846 4.0727
11.4308 -2.2883 6.5087
10.5205 -3.0437 5.5381
8.0556 -1.8744 5.4378
9.6743 -2.9999 5.1362
9.0477 -3.2670 4.2449
9.5409 -1.9557 5.4078
1.0195 0.0757 6.2327
12.5671 -3.1144 6.5799
12.8334 -2.4811 7.9889
9.2899 -1.2853 6.4519
11.8005 -3.2443 5.8799
10.2883 -3.2893 4.9173
-2.1578 0.1868 4.6178
9.1955 -3.3888 4.0889
12.2587 -3.0544 6.5208
9.8903 -3.2595 4.7464
10.6755 -3.2821 5.1552
12.7949 -2.0228 8.8749
8.1250 -3.4066 3.4353
12.4466 -3.0223 6.6928
5.5232 -0.9351 6.8306
9.2385 -1.3629 6.3740
13.1407 -0.0305 13.0226
12.7816 -2.2756 8.3661
6.8568 -2.7173 4.0690
7.4506 -1.5520 3.9557
7.8675 -3.3444 3.4100
9.2875 -3.3827 4.1542
1.3011 -0.3199 5.6114
8.9866 -3.4126 3.9212
8.0090 -3.3174 3.5451
10.6616 -3.4127 4.8882
9.1098 -3.1236 4.5650
13.0006 -0.9998 11.0209
14.5348 -0.5747 12.7494
7.2443 -3.1512 3.4329
11.8372 -3.1239 6.1396
5.9478 -2.3482 4.2756
12.2768 -2.8647 6.9072
8.2587 -1.9413 5.3578
12.3832 -2.2501 8.1865
1.7475 -0.1311 6.2432
10.1451 -1.7851 6.5750
7.2525 -2.2129 4.5032
14.3203 -1.4406 10.9096
12.0360 -1.3409 6.4521
13.1417 -2.2241 8.6761
9.9511 -0.4086 10.4313
7.4870 -2.8776 4.1153
8.4162 -2.8643 4.6783
12.0552 -0.8687 10.7346
7.5969 -1.7148 5.6128
10.9868 -1.9169 7.1500
9.6301 -1.8158 5.6239
7.7611 -3.0219 3.9876
9.5218 -2.0454 5.2212
11.8103 -3.1333 6.1055
15.0653 -0.6527 12.9012
10.5979 -2.8088 6.0482
12.3857 -2.5793 7.5356
12.4811 -3.0544 6.6492
10.8602 -2.8231 6.1714
8.5384 -3.3445 3.7974
11.5206 -2.4414 6.6377
5.2378 -0.0303 8.4589
11.5634 -3.4011 5.4322
9.1622 -3.3035 4.2387
10.9158 -3.2519 5.3537
10.3067 -2.9166 5.6666
6.8741 -2.9287 3.6600
13.3270 -2.4602 8.3153
7.3002 -2.8507 4.0608
12.1001 -3.1869 6.1665
13.0569 -2.6684 7.7468
10.0908 -1.9025 6.1128
9.0189 -3.0747 4.6095
3.5422 -1.3406 4.8829
10.3224 -3.1781 5.1573
10.4717 -3.0330 5.5311
9.4843 -2.2373 5.3307
9.1419 -2.8370 5.1515
9.9937 -0.3202 10.6309
3.5657 -1.3910 4.7965
11.5819 -3.2967 5.6498
9.0770 -2.1332 5.0520
5.7446 0.0755 8.9613
8.7341 -2.3625 4.9866
9.9688 -2.6681 5.9638
11.9557 -2.8089 6.8322
5.6144 -0.3201 8.1021
13.6391 -1.7039 9.9944
9.3251 -2.1189 5.1551
1.0881 -0.9992 4.1422
7.5454 -3.1235 3.6617
4.1825 -1.3406 5.2526
9.9467 -3.3766 4.5470
11.6497 -3.1606 5.9586
2.0181 -0.7270 5.2188
5.4186 -2.3243 4.0172
12.3351 -3.2122 6.2522
12.5968 -1.6213 9.5561
7.5871 -2.8776 4.1731
9.3789 -3.2745 4.4213
7.4774 -2.4657 4.3601
10.4045 -2.8509 5.8531
-0.2860 -0.0301 5.2691
10.2380 -3.3512 4.7656
11.2562 -3.3513 5.3535
10.0157 -2.7014 5.9249
4.0150 -1.9243 3.9991
12.2794 -2.5604 7.5117
10.5572 -2.8509 5.9413
8.1222 -3.0540 4.1326
12.0488 -3.2895 5.9337
11.0104 -3.3577 5.1987
8.1063 -2.9651 4.2995
6.5908 -0.4931 8.3230
9.1459 -3.1780 4.4780
5.9011 -2.3000 4.3440
7.4191 -0.1313 9.5184
7.9197 -3.0109 4.1010
6.2940 -2.7332 3.7125
12.0962 -3.2364 6.0662
12.0768 -3.2364 6.0550
11.5023 -3.1695 5.8559
11.3793 -3.2966 5.5328
11.4424 -3.0331 6.0916
6.6036 -2.5600 4.2346
10.8290 -3.0000 5.8029
4.0758 0.1866 8.2176
12.9558 -2.3487 8.3219
2.4306 -0.7270 5.4570
13.2780 -0.4088 12.3524
7.6149 -2.3496 4.3838
2.6377 -1.1787 4.6813
9.9619 -3.3176 4.6727
7.0932 -1.1562 6.4253
10.3313 -2.0442 6.0572
9.0737 -0.5745 9.5959
12.1858 -2.8511 6.8816
8.3293 -1.7762 5.4813
11.1391 -2.0822 6.8789
8.4151 -3.1141 4.1827
9.1378 -2.4047 5.2481
11.9005 -3.2895 5.8481
-0.4106 -0.4082 4.4478
12.0617 -2.7646 6.9814
15.2802 -0.7276 12.8769
8.7517 -0.3202 9.9138
10.7172 -1.6178 7.6398
13.7297 -2.1134 9.2352
10.1457 -1.3383 7.7687
12.0219 -3.3951 5.7088
10.5434 -2.1250 6.2342
6.7901 -2.6155 4.2323
13.4406 -1.5782 10.1288
6.1779 -2.6154 3.8788
12.5940 -1.7038 9.3909
7.5698 -1.2342 6.1256
11.6389 -2.9414 6.3867
8.0284 -3.2594 3.6715
9.9492 -3.1424 5.0126
12.0598 -3.1869 6.1433
8.8520 -2.7490 5.1586
11.5474 -2.7796 6.6546
12.3854 -2.9655 6.7701
7.6341 -3.2744 3.4140
5.5079 -2.5009 3.7187
10.0778 -2.0523 5.8357
8.2235 -3.1141 4.0721
10.8074 -3.0112 5.7683
11.3201 -3.3108 5.4706
8.2301 -3.2963 3.7147
11.0862 -3.2747 5.4070
10.6210 -2.1755 6.3344
4.3754 -1.9244 4.2073
13.5867 -0.8688 11.6190
11.6284 -2.2198 6.8557
13.0312 -2.5015 8.0625
8.7547 -3.3639 3.8837
8.0402 -2.7642 4.6594
10.6567 -1.0616 9.5446
7.6206 -2.2295 4.6654
7.8122 -1.5471 5.7419
12.1133 -3.2597 6.0299
13.8326 -1.2351 11.0350
11.9159 -3.2443 5.9466
10.2793 -2.7335 6.0135
7.1374 -3.0434 3.5848
8.1947 -1.9742 5.0364
3.1558 -1.1788 4.9804
9.0419 -0.9509 7.1715
9.9726 -2.8909 5.5244
10.3354 -3.3950 4.7351
9.8141 -1.5738 6.7763
11.6836 -2.3945 6.6231
2.7077 -1.5330 4.0196
11.7118 -2.7015 6.9042
10.1087 -2.9534 5.4792
10.0591 -3.3036 4.7565
9.6798 -1.1501 7.6943
11.1233 -2.7645 6.4396
13.0989 -0.7275 11.6173
10.9837 -1.4277 8.1633
4.2132 -1.7811 4.3975
7.3474 -1.8647 4.1366
12.1838 -3.1144 6.3586
8.4031 -2.7013 4.9938
12.2730 -2.8373 6.9593
10.0992 -2.9770 5.4269
12.6371 -2.5978 7.6441
12.0566 -3.3768 5.7651
14.9450 -0.6527 12.8317
8.6681 -3.2361 4.0870
15.0503 -0.2281 13.7339
11.4017 -2.1253 6.9424
9.7876 -3.2518 4.7024
6.5978 -2.6678 4.0175
8.9623 -2.8370 5.0478
5.9211 -0.4084 8.1041
10.1356 -3.4185 4.5732
11.1389 -2.8910 6.1978
6.5960 -2.7011 3.9504
10.4210 -2.7491 6.0645
14.5698 -0.3204 13.2734
11.9752 -2.9415 6.5808
9.0945 -2.3977 5.2064
11.3093 -3.0222 6.0362
-0.4746 -0.4082 4.4109
13.4882 -2.0228 9.2752
7.9191 -2.9997 4.1228
7.4996 -2.9163 4.0458
8.3235 -2.8229 4.7068
10.0435 -2.7014 5.9410
7.6622 -2.8776 4.2165
15.6211 -0.1316 14.2548
10.2907 -3.3512 4.7960
10.8194 -3.3641 5.0758
11.7265 -2.3675 6.7260
10.0052 -3.0111 5.3051
14.9107 0.0752 14.2544
11.6683 -2.9292 6.4280
6.4640 -0.3201 8.5927
9.8078 -3.0748 5.0649
3.3191 -0.1312 7.1508
8.5874 -2.8087 4.8874
8.7085 -2.9412 4.6947
7.4989 -0.2278 9.3732
11.9658 -3.4011 5.6646
10.3630 -3.4127 4.7159
7.9706 -1.7189 5.3700
11.4192 -1.9216 7.4206
0.8437 -0.3199 5.3472
7.5419 -3.2280 3.4526
11.5450 -3.1144 5.9898
4.2419 -0.3200 7.3095
9.2172 -1.4917 6.0881
12.0068 -3.0331 6.4174
10.0885 -3.3176 4.7458
8.3798 -3.2891 3.8154
10.0533 -3.2965 4.7673
10.2818 -3.1781 5.1339
8.1900 -3.1951 3.8922
10.9906 -2.9886 5.9187
10.3046 -2.1557 5.9079
12.4087 -2.7337 7.2430
9.3683 -1.2543 6.6751
11.1254 -3.0438 5.8874
12.3188 -1.8190 9.0038
10.5778 -2.2782 5.9908
7.9870 -2.8229 4.5125
9.5763 -1.4587 6.7180
11.6825 -3.0949 6.1077
-0.1173 -0.2275 4.9752
8.7438 -2.7490 5.0961
8.8746 -2.8087 5.0533
11.2837 -3.3108 5.4496
7.9195 -3.3311 3.4664
9.0601 -2.4848 5.2462
8.3788 -2.6848 5.0125
11.3813 -3.3447 5.4387
8.3341 -1.8287 5.3827
9.3664 -1.3321 6.5776
8.9319 -0.6524 9.3595
8.3582 -3.2361 3.9081
7.5468 -2.2806 4.5799
7.3474 -2.1184 4.5800
11.2099 -2.9166 6.1881
8.4272 -3.0746 4.2679
11.2280 -3.4010 5.2385
11.2597 -2.7492 6.5487
9.3330 -3.0436 4.8525
4.4896 -2.0833 3.9583
10.5288 -3.0000 5.6296
6.5860 -2.6155 4.1144
9.1851 -1.7507 5.6658
9.0356 -2.9885 4.7900
7.5243 -3.1235 3.6495
9.4886 -2.8778 5.2710
10.4277 -3.1868 5.2010
6.4425 -2.6846 3.8945
11.8038 -3.3705 5.6316
9.3186 -2.3564 5.3093
-2.0844 0.1868 4.6602
8.6603 -3.3765 3.8043
9.6857 -2.9038 5.3332
6.4801 -1.1035 6.0464
7.6192 -3.0846 3.7814
11.5668 -2.4543 6.6239
7.5551 -2.0709 4.8962
9.3870 -1.4230 6.2557
12.3453 -3.2895 6.1048
11.8851 -0.8687 10.6364
8.0005 -2.2744 4.6510
6.9022 -1.4237 5.7619
9.3479 -3.2518 4.4485
8.8860 -1.2505 6.3274
8.6521 -2.9037 4.7364
8.8153 -2.8230 4.9907
10.8996 -2.0233 6.6539
5.8143 -2.3481 4.1985
11.4454 -2.4871 6.6283
9.2051 -1.9838 5.3094
13.2305 -2.2757 8.6252
3.0189 -0.9350 5.3845
11.7655 -2.2489 6.9263
7.9335 -2.2525 4.8167
15.4120 0.0752 14.5439
-1.1220 -0.1310 4.5862
11.8629 -3.3830 5.6411
10.2661 -1.2920 7.8763
6.7787 -0.4931 8.4315
8.3994 -2.9289 4.5407
10.3697 -2.8910 5.7537
8.8939 -3.0645 4.5576
9.5597 -3.2201 4.6336
9.6281 -3.3106 4.4937
12.1258 -1.1797 6.4446
12.6469 -2.2241 8.3905
9.8197 -2.2334 5.5143
7.8004 -2.3996 4.4639
10.6198 -3.3380 5.0121
11.0613 -3.3829 5.1783
11.3774 -3.1047 5.9121
4.3922 -2.1414 3.7869
11.3225 -2.7015 6.6794
11.4019 -2.9291 6.2742
8.7669 -0.5744 9.4187
10.4904 -3.0222 5.5634
11.6718 -3.3314 5.6328
12.1714 -1.1793 10.1863
11.8809 -3.3382 5.7403
2.0208 -0.1311 6.4011
11.0893 -0.9354 10.0447
11.5501 -2.6850 6.8435
9.2768 -1.0935 7.1113
6.9552 -2.9410 3.6824
9.6193 -2.9653 5.1730
12.5428 -2.8233 7.1429
10.3613 -3.2519 5.0336
11.1941 -3.0331 5.9482
7.9678 -3.1044 3.9435
13.4455 -1.8190 9.6543
9.5230 -2.1196 5.2712
8.8424 -3.2361 4.1876
8.7600 -3.2440 4.1245
4.7697 -2.2496 3.7906
7.5666 -3.1235 3.6739
7.1433 -1.9167 4.7645
11.9346 -2.9292 6.5818
6.3528 -2.6154 3.9798
7.3697 -3.0109 3.7835
11.2699 -2.9887 6.0800
9.3191 -0.5745 9.7376
9.5895 -1.6455 6.0890
8.0652 -3.2818 3.6482
12.2074 -3.3952 5.8159
12.3686 -1.5336 9.5980
7.8042 -3.2818 3.4975
10.0811 -2.1950 5.6411
1.6344 -0.9992 4.4577
9.0624 -2.5352 5.2907
8.0104 -3.1422 3.8932
8.2025 -2.9532 4.3786
8.6019 -3.3888 3.7462
10.9899 -2.8645 6.1642
6.6502 -2.8642 3.6586
12.1304 -3.1517 6.2539
11.2913 -2.2055 6.6202
3.3451 -1.3406 4.7691
9.8465 -3.0948 5.0477
7.5007 -1.3897 3.8087
8.0926 -2.3681 4.6300
9.8420 -3.2282 4.7806
6.6477 -2.8906 3.6047
10.0730 -3.2746 4.8221
11.9496 -3.1144 6.2234
1.5554 -0.7989 4.8089
7.6699 0.1865 10.2931
5.8700 -1.6208 5.6720
12.3011 -2.9536 6.7450
2.2941 -0.1311 6.5589
10.9730 -3.2442 5.4021
9.9644 -3.3949 4.5209
9.7315 -1.3944 7.0394
9.4074 -2.7644 5.4488
11.2638 -3.0222 6.0099
9.2440 -1.6825 5.7003
8.4626 -3.1603 4.1184
13.2231 -1.4405 10.2761
12.8904 -2.1420 8.6937
9.1289 -0.9487 7.4642
14.1511 -0.9356 11.8127
11.4033 -3.0112 6.1123
9.0053 -2.7643 5.2167
7.8600 -2.8507 4.3840
10.7988 -2.2870 6.2996
9.6365 -3.0329 5.0489
8.2960 -3.1692 4.0047
12.5472 -3.0750 6.6465
8.3597 -3.1603 4.0591
6.8441 -2.7792 3.9390
12.0869 -1.3614 6.4367
14.1484 -0.9999 11.6837
11.1273 -3.0222 5.9311
7.0479 -1.8090 4.9118
10.1637 -1.8456 6.3517
9.4709 -3.1952 4.6317
9.5712 -1.6175 6.1290
12.3758 -2.4170 7.8516
10.2977 -1.9355 6.3653
5.7840 -2.1415 4.5905
10.0699 -3.2202 4.9282
11.9404 -3.0647 6.3165
8.9813 -1.8059 5.4890
6.7589 -2.9650 3.5216
4.2550 -2.0531 3.8826
9.6665 -1.4809 6.5931
12.2043 -3.3178 5.9673
7.2680 -2.8907 3.9629
11.6394 -2.0227 8.2077
7.9074 -3.1603 3.7979
11.8992 -1.9039 6.6920
10.2032 -1.3317 7.7006
12.2814 -3.1869 6.2712
11.7117 -3.3246 5.6693
9.2784 -0.9505 7.3600
7.5954 -1.7906 5.3375
9.8029 -3.2671 4.6809
2.1138 -1.3405 4.0581
4.5812 -1.9578 4.2598
9.9018 -1.9494 5.6987
10.1227 -2.9770 5.4405
10.5352 -3.3890 4.8624
3.5754 -0.9350 5.7058
8.8234 -0.8500 7.1692
7.6306 -2.9532 4.0484
8.0700 -3.1951 3.8228
8.8868 -3.2281 4.2291
12.0967 -0.7274 11.0386
10.4553 -2.9886 5.6097
9.8764 -2.9290 5.3934
7.3199 -2.8369 4.0995
10.3501 -1.9818 6.4406
9.9980 -3.2746 4.7788
8.8201 -2.7013 5.2346
11.9063 -1.5336 9.3310
12.1123 -2.8090 6.9226
8.7418 -3.3827 3.8391
11.2752 -3.4128 5.2425
9.4565 -3.0541 4.9029
12.5043 -2.7178 7.3297
10.9078 -3.3829 5.0896
11.6705 -3.0749 6.1404
10.3311 -2.9166 5.6807
8.8795 -2.9769 4.7227
3.9205 -1.8900 4.0127
11.3403 -2.8779 6.3401
7.7996 -2.4422 4.4918
8.7418 -1.2545 6.3169
12.3836 -2.9415 6.8166
11.1415 -3.1047 5.7759
11.3420 -2.0892 6.9011
8.9492 -3.3175 4.0880
1.2692 -0.1311 5.9671
6.1075 -2.4805 4.1055
7.3915 -1.6969 3.9511
8.1714 -2.0031 5.1314
7.0455 -1.1528 6.2741
9.6053 -2.3568 5.4760
8.7840 -3.3948 3.8394
13.2844 -1.2890 10.6116
11.2429 -3.3314 5.3852
7.9205 -3.3444 3.4406
8.2404 -3.2439 3.8245
6.4853 -2.7641 3.7617
11.2701 -3.1047 5.8502
9.3541 -1.1749 6.8145
7.2913 -2.0522 4.1309
7.4386 -2.8086 4.2242
10.8278 -3.3037 5.2003
12.1180 -2.5793 7.3811
8.0808 -2.9997 4.2162
11.2391 -2.7015 6.6313
7.3972 -3.0219 3.7775
9.9556 -3.3107 4.6828
13.0903 -2.5605 7.9799
11.7253 -2.6682 6.9779
12.1528 -3.2967 5.9794
13.0699 -1.8190 9.4375
8.7710 -3.1604 4.2965
6.7353 -2.9650 3.5079
7.3836 -1.8396 5.2640
11.2658 -3.0112 6.0329
6.8941 -0.8685 7.7544
12.3792 -2.7016 7.2895
9.0429 -2.5292 5.2662
12.1350 -0.1315 12.2416
10.8977 0.1864 12.1570
8.6406 -3.3510 3.8434
2.7425 -1.5775 3.9516
8.8501 -3.1330 4.3964
7.2380 -3.0219 3.6856
11.8662 -1.6631 9.0513
11.9800 -3.2364 5.9991
5.0896 -0.4084 7.6239
12.4225 -0.7995 11.0840
8.6727 -1.5418 5.8694
11.6271 -2.7796 6.7006
12.3541 -2.7337 7.2115
12.9337 -1.2890 10.4091
7.3383 -2.1580 4.3870
8.3618 -2.0560 5.1843
11.3002 -3.0647 5.9468
12.4917 -2.9536 6.8551
11.0687 -2.2199 6.3583
9.2591 -3.1867 4.5263
6.8017 -2.6333 4.2037
7.0646 -1.8125 4.9393
10.9374 -2.3561 6.2430
9.9981 -3.3766 4.5767
8.9888 -2.9533 4.8326
9.4458 -3.0645 4.8762
9.0553 -1.6373 5.7309
9.6183 -3.3176 4.4743
9.9978 -3.1237 5.0776
11.5936 -3.4070 5.4379
9.3546 -1.2292 7.0434
7.2097 -1.8562 5.0483
13.0622 -2.5015 8.0804
11.3885 -3.0647 5.9978
1.7866 -0.7989 4.9424
10.8368 -1.9774 6.7044
9.8223 -3.4184 4.3922
12.2423 -3.3642 5.8973
7.9844 -2.3877 4.5420
9.3731 -2.1200 5.1860
8.0286 -2.3007 4.5765
4.1860 -1.9578 4.0316
10.3558 -1.8750 6.5956
11.8121 -3.0949 6.1825
6.9220 -1.2988 6.0729
10.2413 -3.1781 5.1105
9.4954 -2.3316 5.4245
12.4036 -3.2039 6.3082
7.5845 -2.1958 4.7465
9.3941 -1.2621 6.8314
9.8629 -1.3696 7.3743
8.6091 -3.3445 3.8381
8.4655 0.0755 10.5325
7.7587 -3.3311 3.3736
12.4216 -2.7178 7.2819
9.0975 -2.8644 5.0716
6.9768 -1.3851 5.9205
9.2747 -2.9533 4.9977
8.7894 -3.3639 3.9037
9.4515 -3.2119 4.5874
13.9879 -1.7818 10.0415
7.0177 -3.0643 3.4743
9.5691 -3.2282 4.6230
7.3582 -1.8327 4.0227
12.1455 -3.0001 6.5630
11.6796 -3.1425 6.0117
1.7687 -0.4929 5.5385
12.5497 -2.5604 7.6677
7.3805 -2.3578 4.2688
9.4352 -3.0747 4.8498
7.5988 -2.8229 4.2883
8.4559 -3.4125 3.6148
13.1969 -0.3204 12.4806
11.5762 -3.3768 5.4878
10.0570 -1.9495 5.8997
11.1927 -3.3108 5.3971
11.7027 -3.0543 6.1998
10.6942 -2.4868 6.1939
6.0065 -0.3201 8.3285
7.9041 -3.1140 3.8877
2.5095 -0.5742 5.8054
7.8274 -1.5384 5.6772
1.5946 -1.1209 4.1934
12.4061 -2.9167 6.8787
9.0805 -1.6640 5.6955
11.4916 -2.1932 6.7928
10.3291 -3.1515 5.2139
5.2004 -0.7271 7.0564
10.6505 -0.9997 9.6639
8.7800 -2.2162 4.9464
9.2931 -3.2671 4.3866
11.4979 -1.4877 9.1861
9.6558 -3.2362 4.6573
10.6359 -3.2747 5.1471
5.5592 -1.8185 5.1007
8.5095 -3.2892 3.8902
7.4833 -1.9736 5.0455
9.1296 -3.4184 3.9923
10.2711 -2.8371 5.8034
2.3661 -1.2884 4.3071
9.5470 -1.4637 6.3674
11.5109 -2.2368 6.7457
12.8836 -1.2890 10.3802
10.2280 -3.2820 4.8969
8.1331 -3.3378 3.5765
10.2213 -2.2125 5.7686
12.2802 -2.7944 7.0483
9.2403 -3.1423 4.6034
9.8855 -1.9945 5.7387
7.3839 -2.1409 4.5643
9.5116 -1.5297 6.2596
9.2287 -2.0607 5.1839
2.9358 -1.3910 4.4328
10.9621 -2.7492 6.3768
7.0705 -2.6507 4.3243
9.3665 -3.4009 4.1639
9.8529 -3.1515 4.9390
8.5338 -3.1866 4.1075
4.1893 -2.0833 3.7849
10.1388 -2.6681 6.0619
8.2448 -0.0304 10.1954
8.8258 -3.3379 3.9764
13.1645 -0.9998 11.1156
8.8628 -0.9353 8.7590
12.7078 -2.3249 8.2258
12.5594 -2.7178 7.3615
7.4329 -1.9070 5.2331
11.3110 -2.7645 6.5479
10.5720 -1.9957 6.7661
5.1538 -2.2496 4.0124
12.0883 -2.5793 7.3639
8.0890 -2.8507 4.5162
2.1177 -1.2345 4.2705
10.0042 -3.2820 4.7677
7.5395 -1.3082 3.7998
7.6817 -1.8114 5.5004
12.3060 -1.9249 8.7864
7.9846 -0.9487 6.7978
10.5421 -3.2747 5.0929
6.8015 -2.8642 3.7460
8.4630 -2.6848 5.0611
8.3649 -2.0983 5.1007
8.2544 -3.3510 3.6204
8.6217 -0.8509 7.0204
9.6038 -2.8371 5.4182
7.4227 -1.5922 4.0046
7.2493 -2.7332 4.2641
11.8355 -2.0683 6.8036
9.8248 -2.8230 5.5736
9.4387 -2.0399 5.2421
8.6213 -3.2517 4.0290
10.0757 -2.9770 5.4134
9.5035 -0.2279 10.5308
11.0693 -2.4464 6.3887
10.5310 -3.3380 4.9609
8.7833 -3.4183 3.7924
11.7853 -2.8373 6.6777
11.0892 -1.7909 7.3552
11.8779 -3.3642 5.6869
7.0521 -1.6109 5.4716
4.7197 -1.2885 5.6661
7.9899 -3.1951 3.7766
10.9350 -2.5317 6.3638
7.7855 -3.2818 3.4867
10.4029 -3.3950 4.7740
9.9790 -2.7335 5.8402
9.6281 -2.9999 5.1095
10.7502 -2.7795 6.1943
7.3063 -3.0219 3.7250
7.9563 -2.5318 4.6448
5.4976 -2.5406 3.6341
8.1490 -3.2035 3.8518
5.1633 -2.1127 4.2890
11.1860 -3.3513 5.3129
8.8042 -3.4126 3.8159
12.6999 -3.0002 6.8831
9.7417 -1.8179 5.8340
11.5808 -2.9040 6.4274
9.3668 -1.4960 6.2108
8.8822 -3.4183 3.8495
10.0305 -1.8785 5.9811
10.3664 -3.2965 4.9480
5.1526 -1.6208 5.2577
0.5184 0.0757 5.9433
10.5487 -3.3380 4.9711
8.4286 -1.9847 5.3431
10.3053 -3.2202 5.0641
12.8527 -2.4602 8.0415
8.4580 -3.2281 3.9815
3.4488 -1.6207 4.2739
9.7534 -0.9353 9.2732
11.6785 -0.4087 11.4287
7.7933 -2.7174 4.6097
12.7376 -2.9041 7.0953
9.2822 -3.2036 4.5061
10.5581 -3.2672 5.1170
11.4142 -3.3513 5.4447
7.6140 -2.1374 4.7964
8.9243 -3.2036 4.2995
11.8804 -2.8511 6.7053
6.5925 -2.7641 3.8236
12.7228 -2.1700 8.5414
7.9247 -2.0961 5.0727
8.7645 -2.7013 5.2025
10.4501 -3.3177 4.9546
9.3463 -3.3765 4.2004
9.7051 -3.1693 4.8183
11.6294 -3.3108 5.6492
11.9261 -3.3038 5.8344
12.8041 -0.7275 11.4471
2.8449 -1.1787 4.8010
10.0061 -2.7795 5.7647
9.8957 -1.8055 6.1741
11.3593 -2.2505 6.5263
9.3047 -2.9999 4.9229
8.4228 -3.4125 3.5957
2.5845 -0.8683 5.2658
1.0397 -0.3199 5.4604
10.9601 -2.0880 6.5647
5.4591 -0.9994 6.6662
11.5451 -3.3705 5.4822
3.7574 -0.2277 7.2126
10.8475 -1.8405 7.2676
9.7138 -2.8778 5.4010
9.4129 -0.6524 9.6373
8.0221 -2.3763 4.6093
9.1281 -3.2201 4.3844
7.0230 -1.7132 5.2711
10.1260 -3.4068 4.5906
9.2876 -3.3379 4.2430
12.4509 -2.7797 7.1763
7.4317 -3.1043 3.6340
12.6129 -3.0750 6.6845
8.6748 -3.1866 4.1890
7.1365 -0.4085 8.8059
13.4440 -2.3006 8.6992
9.3684 -2.7794 5.3965
8.8592 -3.0847 4.4973
10.9868 -1.8800 7.1561
10.9881 -2.0331 6.7404
10.1528 -1.5026 7.4848
8.7656 -0.8686 8.8351
13.1983 -2.3720 8.4158
5.9666 -0.7272 7.4988
9.8094 -1.7144 6.0151
12.1311 -2.9887 6.5772
7.0684 -1.3843 5.9626
6.4266 -0.0303 9.1454
11.6493 -2.9167 6.4418
9.2228 -1.5971 5.7972
2.8510 -0.4083 6.3313
10.9369 -3.2894 5.2917
10.2005 -3.3950 4.6572
11.1373 -3.3177 5.3513
12.5291 -1.6631 9.4340
0.8489 0.1867 6.3541
13.6626 -1.0618 11.2803
8.7453 -3.1692 4.2641
8.0431 -1.7278 5.6944
10.1075 -3.1605 5.0681
10.4491 -3.0330 5.5181
3.0522 -1.1788 4.9206
13.1578 -0.7275 11.6513
11.8157 -2.8780 6.6146
11.7262 -2.7336 6.8489
9.6838 -1.5539 6.5465
11.7079 -1.3915 9.4980
11.0450 -2.1688 6.5588
12.6163 -3.0332 6.7693
10.8395 -2.0296 6.6419
6.5646 -2.7940 3.7483
11.1796 -0.3245 8.0013
11.1151 -3.1606 5.6499
10.3522 -2.9653 5.5962
8.7045 -3.1692 4.2405
9.7012 -1.4357 6.9937
11.0803 -1.2889 9.3389
9.3583 -3.2595 4.4393
11.1050 -3.2747 5.4179
4.9273 -1.5776 5.2131
8.1310 -2.9532 4.3373
3.5451 -1.1211 5.3196
8.1324 -2.3437 4.6679
11.0251 -0.6645 8.2252
9.1099 0.0754 10.9047
2.6823 0.1866 7.4129
8.5951 -3.3702 3.7790
8.7796 -2.9884 4.6421
10.7081 -2.6850 6.3574
9.6724 -2.7942 5.5427
11.6116 -3.2748 5.7104
10.7453 -2.1203 6.6625
9.4774 -2.9653 5.0911
10.4536 -1.8847 6.8704
10.3358 -2.1774 5.9017
9.9950 -1.9617 5.7958
7.6412 -2.7793 4.3993
8.3215 -3.4183 3.5258
13.6070 -1.7817 9.8215
9.0895 -1.0462 6.9610
10.2036 -3.1142 5.2153
10.8889 -2.8645 6.1059
8.7663 -2.1916 5.0354
8.1147 -3.3444 3.5527
6.4835 -2.5600 4.1652
11.5807 -3.2203 5.8005
6.8279 -2.7940 3.9004
5.6964 -2.3000 4.2258
10.9373 -2.8089 6.2442
11.3664 -3.0647 5.9851
9.8801 -3.3949 4.4722
11.9334 -3.4186 5.6111
9.0603 -2.9533 4.8739
11.3179 -0.8687 10.3088
9.7053 -0.7993 9.5150
9.0468 -3.2892 4.2005
10.0147 -2.3991 5.7408
8.6698 -3.3888 3.7854
8.9167 -2.7794 5.1357
10.6241 -1.9138 6.9264
12.4073 -3.2521 6.2148
10.1887 -3.3313 4.7765
10.8066 -3.1605 5.4718
6.7071 -1.1522 6.0588
10.5428 -1.9899 6.7256
11.0506 -3.2283 5.4784
9.2324 -1.8368 5.4822
8.8104 -2.7794 5.0743
9.9517 -2.7335 5.8244
10.0882 -2.7335 5.9032
11.3366 -3.1782 5.7429
14.2726 0.1863 14.1060
9.4685 -1.6191 5.8593
9.7990 -3.1142 4.9817
8.8448 -3.2036 4.2535
9.9909 -3.1424 5.0367
12.4261 -3.0648 6.5969
14.8347 -0.8689 12.3396
11.1310 -3.3705 5.2431
9.7705 -2.6681 5.8493
8.2007 -3.2517 3.7861
9.4174 -3.2892 4.4144
10.5304 -3.2441 5.1466
10.5742 -3.3107 5.0399
10.4171 -3.0646 5.4370
3.9847 -1.1788 5.4591
11.3163 -3.3246 5.4410
11.7069 -2.7796 6.7466
9.3093 -3.1142 4.6990
7.0312 -0.2278 9.1031
12.1461 -2.7178 7.1229
7.2270 -3.0434 3.6366
8.0124 -2.8776 4.4187
8.2465 -3.1044 4.1045
8.4100 -3.3575 3.6974
8.9578 -3.2119 4.3023
8.9292 -1.0444 6.6766
11.3080 -3.2121 5.6592
9.7660 -2.0093 5.4258
9.8032 -3.1423 4.9284
8.6264 -2.9652 4.5998
12.4181 -2.2501 8.2067
7.5422 -2.2947 4.4405
12.4244 -2.7797 7.1609
9.4382 -3.3312 4.3433
9.2094 -2.7013 5.4594
8.6643 -0.9040 6.8545
1.1670 -0.8682 4.4473
8.8569 -1.1313 6.5366
12.3190 -2.5015 7.6513
7.8066 -1.0505 6.6978
7.6116 -3.1329 3.6813
7.5430 -2.8086 4.2845
8.8738 -0.9519 6.9695
10.1172 -3.2037 4.9881
11.4657 -3.3108 5.5546
7.2548 -3.0945 3.5513
6.1130 -2.7173 3.6395
5.9278 -2.0532 4.8485
11.0111 -3.2821 5.3490
8.1978 -2.9884 4.3062
3.9362 -1.3406 5.1104
9.8449 -3.1423 4.9524
8.0964 -2.7174 4.7847
10.2450 -1.7393 6.7989
8.7860 -0.1314 10.3077
2.5966 -1.3910 4.2369
12.2264 -3.1144 6.3832
8.2484 -3.2035 3.9092
13.2261 -1.7817 9.6016
8.0855 -0.9996 6.7501
12.3115 -2.9415 6.7750
10.8054 -3.3829 5.0305
10.9203 -3.3177 5.2260
11.3469 -3.0543 5.9944
12.0696 -2.9772 6.5646
9.6847 -3.1693 4.8065
12.1681 -1.7816 8.9907
6.2742 -2.6846 3.7973
7.9506 -3.2118 3.7208
13.2612 -0.6526 11.8594
9.8804 -3.3446 4.5721
8.6236 -3.1236 4.2842
10.2599 -3.3577 4.7654
3.8910 -0.2277 7.2898
9.9564 -3.1515 4.9987
6.6285 -2.6333 4.1037
10.3990 -0.7994 9.9156
11.8382 -2.1132 8.1431
16.0786 -0.0306 14.7191
9.3165 -1.6988 5.6498
8.8635 -2.7794 5.1050
8.4577 -3.1141 4.2073
6.9954 -2.9996 3.5895
9.1496 -2.7490 5.3304
9.9589 -2.6510 5.9920
9.7701 -3.1515 4.8912
12.0281 -3.0950 6.3072
6.5244 -2.8368 3.6402
8.7047 -3.4125 3.7585
5.2237 -2.2496 4.0527
7.8724 -3.2200 3.6594
9.7225 -3.1867 4.7938
9.5429 -3.1331 4.7964
10.4139 -2.9413 5.6794
10.6500 -3.3767 4.9530
12.2011 -2.7944 7.0027
8.9822 -3.0645 4.6086
12.8296 -2.3005 8.3444
8.1078 -3.2200 3.7954
9.8673 -2.9165 5.4129
10.6171 -3.2747 5.1362
10.0647 -1.4613 7.4819
10.0441 -3.3704 4.6156
13.1860 -2.5016 8.1519
11.8307 -3.3578 5.6723
10.9896 -2.8231 6.2461
10.8167 -3.2283 5.3433
8.4963 -2.9289 4.5966
12.1145 -3.0950 6.3571
0.3285 -0.4929 4.7068
9.8707 -3.0436 5.1629
9.0961 -0.4932 9.7697
11.5665 -3.3951 5.4459
0.8294 -0.4929 4.9961
11.1908 -3.2038 5.6080
6.3694 -1.2532 5.8461
9.2056 -3.3949 4.0828
11.8088 -2.2934 6.8994
0.7217 -0.7269 4.4702
12.5486 -3.0332 6.7302
9.2940 -1.6744 5.6851
10.0347 -3.0542 5.2368
4.4864 -1.3911 5.3282
9.3960 -3.1331 4.7116
12.3460 -3.2204 6.2423
7.2776 -1.4648 5.9121
9.9247 -3.3889 4.5099
8.9198 -3.2361 4.2324
11.2225 -3.1332 5.7661
11.8416 -2.9655 6.4561
9.2643 -3.3106 4.2837
7.7983 -2.5742 4.5778
8.2086 -2.0696 5.0263
14.8815 -1.1217 11.8656
8.4336 -3.0540 4.3123
12.7499 -2.8233 7.2625
12.2543 -0.4087 11.7612
11.1844 -3.1047 5.8007
15.0616 -0.8689 12.4706
9.8034 -2.0275 5.4152
9.8481 -3.1693 4.9008
11.4467 -1.9478 7.3834
6.2078 -2.4165 4.2903
10.7244 -2.1509 6.5243
11.2980 -3.0749 5.9253
8.1114 -3.3764 3.4874
5.7246 -2.5010 3.8438
5.3676 -2.2235 4.1875
10.6158 -3.0646 5.5517
11.0514 -1.9264 7.0620
11.5154 -2.8779 6.4412
8.6127 -3.3378 3.8533
5.2935 -2.2496 4.0930
9.2031 -3.0110 4.8420
-0.0505 -0.2275 5.0137
9.7578 -2.8371 5.5071
8.4697 -3.0110 4.4186
9.3640 -1.3901 6.3023
13.0453 -0.2281 12.5761
11.1679 -2.8510 6.2939
7.8198 -2.9411 4.1816
11.9417 -3.0950 6.2573
2.4586 -1.3405 4.2572
11.5155 -1.0617 10.0405
5.7646 -2.3000 4.2652
11.1510 -3.2038 5.5850
10.5263 -3.1238 5.3828
1.0753 -0.7269 4.6743
8.5542 -1.3349 6.1469
8.6543 -3.3575 3.8385
5.8312 -2.5407 3.8268
7.8974 -3.2818 3.5513
8.9191 -2.0589 5.0912
0.6360 -0.6520 4.5690
10.2516 -3.0437 5.3828
10.2254 -2.5745 5.9794
2.2272 -1.1210 4.5587
9.7059 -3.2820 4.5955
10.9047 -0.1315 11.5312
12.6375 -1.7038 9.4161
4.9715 -1.4400 5.5114
5.4058 -1.9905 4.6714
12.2875 -2.9415 6.7611
7.9341 -2.7941 4.5391
9.3166 -3.2964 4.3420
7.5668 -2.0505 4.9605
14.5035 -1.1794 11.5329
12.3729 -3.1955 6.3072
4.0291 -1.8547 4.1453
9.0015 -1.5821 5.8064
8.4933 -3.1330 4.1904
10.8951 -2.9535 5.9332
8.1583 -3.4067 3.4546
10.0891 -3.3828 4.6170
11.6542 -3.1516 5.9790
9.9700 -3.1424 5.0247
10.7751 -2.4836 6.2334
7.2355 -2.0997 4.4535
10.3188 -3.0437 5.4217
11.3511 -0.4933 11.0719
10.0317 -0.9353 9.4339
6.4110 -2.2497 4.7382
2.1157 -1.2884 4.1626
10.2761 -3.4069 4.6773
5.8362 -2.5973 3.7175
11.9737 -3.2443 5.9799
9.9107 -1.6007 6.7298
9.6297 -2.2739 5.4327
5.5547 -2.0222 4.6944
0.9090 -0.3199 5.3850
12.2982 -3.2284 6.1987
11.7309 -3.0850 6.1553
10.4264 -2.4853 6.0361
9.9893 -2.9165 5.4834
11.1450 -0.9354 10.0768
12.2514 -3.0113 6.6020
-0.8453 -0.0300 4.9461
11.0347 -3.0849 5.7534
4.0914 -2.0221 3.8495
9.9413 -1.7105 6.2554
11.7328 -2.7177 6.8843
6.4974 -1.1212 7.0244
12.2547 -3.1517 6.3257
12.2382 -3.3830 5.8577
9.5772 0.1864 11.3945
9.6625 -3.3245 4.4862
7.3936 -1.7206 4.0556
14.1892 -1.2352 11.2409
13.9019 -1.7434 10.0678
10.1456 -3.1867 5.0381
7.5652 -1.7139 5.5882
9.1540 -0.0304 10.7204
11.8733 -3.1333 6.1419
9.3177 -3.0110 4.9082
13.4831 -0.9355 11.4269
5.5796 -2.2235 4.3099
10.1658 -3.3245 4.7768
10.8718 -3.1953 5.4405
5.2404 -2.0833 4.3918
11.4894 -2.7015 6.7758
4.4807 -0.1312 7.8216
12.0607 -3.2967 5.9263
13.7593 -1.5782 10.3129
10.2975 -1.7958 6.7186
6.1684 -2.3714 4.3568
9.2039 -2.6680 5.5222
10.5861 -3.3890 4.8918
13.3795 -0.2281 12.7690
7.8096 -1.5604 5.8515
9.0294 -3.2440 4.2800
11.9303 -1.8552 8.7075
7.3147 -3.0846 3.6056
9.2202 -3.0947 4.6860
9.4888 -2.9038 5.2195
11.1303 -2.9887 5.9994
12.2162 -0.3203 11.9144
9.0947 -3.0329 4.7361
12.0556 -3.3951 5.7282
9.6015 -3.3036 4.4923
7.4018 -3.0327 3.7587
11.6159 -2.1390 7.1114
12.6502 -2.9168 7.0197
11.0627 -3.3577 5.2289
7.4484 -2.4554 4.3196
5.2387 -1.6627 5.2245
9.0185 -2.0618 5.1576
7.7281 -2.9651 4.0811
9.9406 -3.2519 4.7907
6.5940 -1.2504 5.9152
8.2605 -3.3243 3.6768
7.5353 -2.9532 3.9934
11.7242 -3.0113 6.2976
8.3361 -2.5314 4.8632
0.1249 -0.3198 4.9321
7.9580 -3.4007 3.3506
12.4098 -2.0227 8.6525
9.0706 -3.1952 4.4006
11.7883 -3.1695 6.0210
11.5880 -3.1606 5.9229
8.5982 -3.1330 4.2510
11.0472 -3.3108 5.3130
8.0084 -3.3948 3.3916
10.4420 -1.0616 9.4207
7.4769 -1.4185 3.8142
12.3770 -0.2280 12.1901
13.4311 -2.2502 8.7916
8.5106 -1.2982 6.2031
5.3223 -1.7033 5.1922
8.0780 -3.3638 3.4930
11.3301 -1.9705 7.1020
10.2455 -2.4415 5.9019
8.9965 -2.8644 5.0133
11.3973 -3.0331 6.0655
