ply
format ascii 1.0
element vertex 10000
property float x
property float y
property float z
end_header
10.2642 -1.2928 7.8890
8.2949 -2.5711 4.9274
10.4951 -3.2519 5.1108
8.8327 -3.3035 4.0485
11.6480 -2.7944 6.6833
12.3243 -2.8373 6.9889
9.8759 -1.9125 6.0288
3.9791 -0.0302 7.7320
12.4157 -3.0750 6.5706
2.6895 -1.1787 4.7112
10.5168 -3.0330 5.5572
9.3619 -3.3640 4.2343
12.4588 -2.5215 7.6923
9.1102 0.3676 4.8258
9.1589 -2.1050 5.4738
5.7172 -2.5210 3.7998
9.8534 -0.0304 11.1243
7.9939 -2.2740 4.5657
2.0223 0.1867 7.0317
7.0602 -2.9163 3.7922
11.6212 -3.3578 5.5514
10.9923 -3.2672 5.3677
2.2876 -0.2276 6.3639
12.8960 -2.4811 8.0250
1.8630 -1.2345 4.1235
6.4379 -2.5407 4.1770
11.0417 -2.8089 6.3045
7.8949 -1.6970 5.6707
13.4861 -1.5782 10.1551
2.8808 0.0756 7.3075
12.2248 -2.5978 7.4061
5.4383 -2.2235 4.2283
5.9508 -0.9994 6.9501
10.5412 -0.9997 9.6007
3.5230 -0.3200 6.8944
8.1717 -3.3174 3.6391
8.1401 -3.4183 3.4210
9.3032 -2.1863 5.3305
10.0713 -3.1953 4.9783
10.1375 -3.3107 4.7878
6.4446 -1.1212 6.9940
7.5341 -2.2421 4.5565
9.7324 -3.2893 4.5963
11.3836 -2.1723 6.7650
7.9624 -2.2954 4.5248
7.1506 -1.7446 5.2805
11.9606 -3.2364 5.9880
9.7858 -3.4009 4.4059
5.2594 -0.7271 7.0904
6.6198 -2.5407 4.2821
9.5444 -3.3576 4.3523
10.6764 -3.4069 4.9084
13.0005 -1.4878 10.0537
11.8549 -2.7492 6.8923
6.6032 -2.8085 3.7418
5.3835 -1.1789 6.2668
11.0283 -1.4877 8.9150
11.3726 -3.4186 5.2873
3.7825 0.1866 8.0482
7.9138 -1.6625 5.4603
12.1369 -3.2748 6.0137
12.5632 -2.9536 6.8964
6.9382 -2.9163 3.7217
8.3001 -3.2361 3.8746
8.0993 -3.0644 4.0988
12.4296 -2.5604 7.5984
7.6592 -3.2963 3.3851
11.8846 -3.0113 6.3902
9.6757 -3.1604 4.8188
9.7579 -3.1605 4.8663
6.9797 -2.9768 3.6258
8.5754 -1.9639 5.4856
9.0532 -2.9289 4.9181
10.6193 -3.2202 5.2454
9.6962 -3.1604 4.8307
8.5033 -3.3035 3.8582
11.8355 -1.9768 6.8036
11.9979 -1.4327 6.5188
5.6271 -1.7033 5.3682
10.0392 -3.1515 5.0466
10.6629 -3.2363 5.2387
8.5160 -1.8891 5.5978
6.6614 -2.8775 3.6387
11.0494 -2.1035 6.9022
9.9135 0.7878 4.2075
8.0652 -3.2818 3.6482
9.8854 -3.2746 4.7138
8.4970 -3.2281 4.0040
7.3342 -2.8085 4.1639
12.7452 -0.7275 11.4130
3.6983 -1.5776 4.5035
11.7893 -3.4128 5.5394
3.0156 -1.5775 4.1093
9.7615 -3.1423 4.9043
12.5779 -1.4878 9.8097
12.5071 -1.6213 9.5043
11.2058 -3.1047 5.8131
8.6537 -3.2964 3.9592
8.6019 -3.3888 3.7462
9.5296 -1.0616 8.8938
3.1296 -1.3910 4.5447
9.9207 -3.3313 4.6218
7.3697 -3.0109 3.7835
11.2980 -3.0749 5.9253
11.8013 -2.1877 6.8635
8.9004 -3.3106 4.0736
6.9073 -1.6302 5.2117
12.3357 -2.8233 7.0233
7.3148 -1.9765 4.1937
11.8313 -3.1333 6.1176
9.2675 -0.9489 7.5246
7.2387 -3.1043 3.5226
11.5074 -3.4128 5.3766
5.5619 -1.9905 4.7614
12.7967 -2.9168 7.1042
11.7422 -3.1425 6.0478
11.1046 -3.0222 5.9180
10.7770 -3.3246 5.1297
11.6412 -3.3829 5.5131
8.5353 -2.2490 4.8923
10.8566 -3.3829 5.0601
6.3160 -2.8085 3.5760
7.8321 -3.2118 3.6524
12.0677 -1.1793 10.1265
10.2938 -3.1238 5.2485
10.6114 -1.5608 7.4707
7.9881 -2.9651 4.2313
11.5022 -2.2470 6.6820
11.1641 -1.5780 8.8143
9.2993 -2.8644 5.1881
7.3892 -3.1512 3.5165
10.5544 -2.9291 5.7849
10.1458 -3.1237 5.1631
7.1162 -2.9288 3.7998
11.9092 -0.2280 11.9200
11.4317 -3.3513 5.4548
8.0916 -3.4066 3.4161
12.4517 -3.1607 6.4216
11.8889 -3.2284 5.9623
9.7452 -2.9165 5.3424
9.4788 -3.0541 4.9158
10.3456 -3.3245 4.8806
8.0094 -3.2593 3.6605
11.1325 -3.3577 5.2692
12.0054 -3.3178 5.8525
-0.3245 0.1867 5.6765
2.6556 -1.3405 4.3710
9.9623 -2.3988 5.7098
7.2718 -3.0434 3.6624
8.2940 -3.1779 3.9862
7.2470 -2.0074 4.7494
13.4783 0.0753 13.4273
11.4920 -3.1425 5.9034
9.9704 -2.7644 5.7739
10.7409 -0.7274 10.2557
9.9201 -2.1418 5.7347
4.3440 -0.1312 7.7426
11.5420 -2.1812 6.7866
11.7781 0.1863 12.6654
9.2092 -1.8360 6.1019
7.3233 -2.5248 4.2638
9.0026 -1.7886 5.9339
9.2059 -1.6446 6.3494
4.6740 -1.7428 4.7396
9.5040 0.7191 4.5035
11.0944 -2.3625 6.3491
13.6391 -1.7039 9.9944
7.5889 -3.2516 3.4329
8.8413 -0.2713 4.6888
10.6607 -3.2283 5.2533
11.5365 -3.2747 5.6670
9.8825 -3.3640 4.5348
9.1231 -3.1330 4.5540
11.3643 -3.1516 5.8116
12.4707 -3.0851 6.5824
9.6665 -3.2282 4.6793
10.2262 -3.1868 5.0846
9.6043 -2.4453 5.5405
9.6624 0.7592 4.4274
-0.4513 -0.2275 4.7823
8.6181 -2.8643 4.7948
12.4767 -2.7178 7.3138
9.2838 0.1864 11.2250
3.0003 -1.1788 4.8907
3.2315 -0.7990 5.7767
10.4551 -3.2893 5.0135
12.1013 -3.2521 6.0382
7.8171 -3.2439 3.5801
9.6371 -0.2279 10.6080
9.3960 -1.9693 5.7115
8.4306 -2.9037 4.6086
9.5028 -0.9996 9.0012
12.3201 -3.2443 6.1799
3.3391 -1.6625 4.1276
12.1355 -3.1695 6.2214
11.2000 -3.2672 5.4876
11.2655 -3.3108 5.4391
9.7729 -3.2746 4.6488
9.9532 -1.7086 6.4549
10.9358 -2.4506 6.3213
8.8033 -0.0957 4.6246
12.1553 -1.4877 9.5657
10.1431 -2.1027 5.9339
-1.3270 -0.1310 4.4678
10.2598 -1.9130 6.5468
9.0282 -2.2544 5.1912
5.2423 -1.6208 5.3095
10.0164 -3.2965 4.7460
12.1101 -1.8190 8.8833
11.8753 -2.1132 8.1645
11.6507 -0.5746 11.0839
11.0267 -3.4010 5.1224
11.5433 -3.2597 5.7008
12.1187 -0.6526 11.1997
11.0916 -2.8510 6.2498
11.5863 -3.3578 5.5312
3.8923 -1.4872 4.7945
7.3822 -2.3678 4.2193
6.1575 -2.7331 3.6337
9.7103 -2.9038 5.3474
8.5216 -3.1141 4.2442
8.8466 -0.3740 4.7168
8.3962 -3.3948 3.6155
10.3386 -3.0849 5.3514
7.8565 -3.2517 3.5874
9.5816 0.7841 4.2678
9.3557 -3.3827 4.1936
14.1701 -0.4935 12.6997
10.3990 -2.2157 5.8796
14.3657 -0.4088 12.9805
10.5915 -3.3577 4.9569
9.5522 -3.3766 4.3192
11.3469 -3.0543 5.9944
11.9184 -2.2756 7.8677
9.8836 0.7641 4.1000
10.0454 -2.1788 5.6556
9.8407 0.8464 4.0772
10.1200 -1.0616 9.2347
7.7191 -3.2360 3.5391
9.1601 -2.7334 5.3673
10.7847 -3.3641 5.0558
11.6990 -3.1047 6.0978
9.0768 -3.0848 4.6229
14.0725 -1.7818 10.0903
6.0473 -1.7429 5.5325
1.1882 -0.4082 5.3710
7.3935 -1.8072 4.0556
9.1059 -0.0134 5.0625
6.0312 -2.6678 3.6904
8.8705 -1.2389 6.9757
7.1406 -3.0108 3.6512
10.2358 -1.7008 7.0457
8.0110 -3.0540 4.0684
11.1871 -3.3447 5.3265
-0.3705 -0.1310 5.0202
7.7974 -2.9532 4.1447
8.5946 -3.2670 3.9833
10.1670 -1.0520 8.2076
10.6317 -3.1953 5.3018
7.3140 -2.8228 4.1240
7.3129 -3.1235 3.5275
12.2352 -2.6683 7.2724
13.2643 -2.3720 8.4539
11.8006 -2.9536 6.4561
11.7603 -3.4070 5.5342
13.7478 -1.4405 10.5791
12.0069 -3.0001 6.4830
5.2527 -2.3000 3.9696
8.7702 -2.8087 4.9930
9.8840 -1.2819 7.4731
11.6269 -3.4070 5.4572
7.5797 -2.3119 4.4249
8.1085 -3.2118 3.8120
12.6141 -1.7433 9.3243
12.0893 -3.3951 5.7477
7.4714 -1.5379 3.8909
9.4541 0.6924 4.4087
11.9149 -0.4934 11.3974
12.3136 -1.7433 9.1508
8.4798 -2.9037 4.6370
9.8737 -3.2820 4.6923
8.2353 -1.1483 6.7974
6.7357 -0.1313 9.1238
12.5569 -3.1048 6.5931
0.5730 -0.7989 4.2416
1.5977 -0.6521 5.1244
8.8852 -3.3948 3.8978
8.9430 -2.1664 5.0672
8.4250 -3.3639 3.6934
10.7457 -2.7491 6.2519
12.2403 -3.0750 6.4694
9.6819 -3.3703 4.4065
11.2596 -2.0800 6.9409
10.0241 -2.7644 5.8049
10.7247 -0.4933 10.7102
7.5328 -2.1591 4.7086
9.5009 -3.1331 4.7722
8.6427 -1.8116 5.8458
8.9447 -2.8230 5.0654
8.4251 -3.4067 3.6086
2.9757 0.1866 7.5823
11.6328 -2.3960 6.5972
7.0771 -3.0539 3.5291
9.0925 -3.1693 4.4645
10.8895 -3.3704 5.1037
9.1497 -3.3511 4.1373
7.5951 -3.2117 3.5156
7.5507 -1.2861 6.2047
7.5621 -2.8776 4.1587
10.9080 -2.7492 6.3456
12.3518 -3.2673 6.1526
12.4029 -1.1215 10.4344
8.9131 -3.1330 4.4328
10.1801 -2.3566 5.8071
9.5877 -2.0779 5.8505
9.0033 -2.3104 5.0882
10.8358 -3.3577 5.0979
1.2520 -0.7269 4.7764
8.0955 -2.7333 4.7527
11.5546 -2.2432 6.7021
4.5882 -1.7428 4.6900
10.0117 -2.1278 6.0390
4.8955 -0.3200 7.6869
12.2324 -1.2890 10.0042
6.4983 -2.3244 4.6406
7.5842 -0.4085 9.0645
11.8130 -0.9354 10.4625
9.2283 -0.1024 5.2314
13.2897 -0.7995 11.5848
11.6004 -3.0331 6.1828
8.2320 -2.7333 4.8315
11.3747 -3.4128 5.3000
9.2972 -3.3888 4.1477
8.9006 -3.0541 4.5820
11.6595 -2.7645 6.7492
12.3480 -3.2364 6.2116
10.2154 -2.9290 5.5891
8.2976 -2.8229 4.6918
7.8366 -0.3202 9.3853
7.8610 -3.2891 3.5158
10.1140 -3.3036 4.7882
9.8626 -1.9665 5.9701
11.2786 -2.9414 6.1786
9.3777 -0.2281 4.9585
8.8301 -3.0220 4.6048
8.7023 -3.2440 4.0911
6.2818 -2.5010 4.1656
9.0364 -3.4126 3.9499
10.5408 -3.2202 5.2000
11.0481 -3.2894 5.3559
11.8311 0.0753 12.4761
11.9979 -1.4868 6.5188
9.1981 0.0353 4.8472
8.9016 -1.9075 5.5872
6.3024 -0.9352 7.2805
13.2634 0.0753 13.3032
10.5671 -1.3363 7.9817
9.6156 -3.0111 5.0802
8.3463 -3.1330 4.1055
7.8111 -3.2035 3.6567
11.3173 -1.8189 8.4255
12.2176 -2.7337 7.1326
8.2575 -3.3378 3.6483
9.1593 -3.3244 4.1956
11.7196 -3.2822 5.7581
11.6249 -2.9167 6.4277
10.4992 -2.1941 6.1302
9.4344 -3.4126 4.1797
14.6195 -0.7996 12.3526
8.8503 -1.3191 6.7236
1.5894 -0.5741 5.2741
12.0631 -2.0227 8.4523
8.4410 -2.4864 4.8925
13.6143 -0.5747 12.2178
8.9967 -2.9412 4.8611
7.0377 -1.8426 4.8816
6.4459 -2.2497 4.7584
9.9267 -2.1973 5.6375
0.2033 -0.4929 4.6345
8.5223 -3.4125 3.6531
9.3418 -2.7794 5.3811
12.6138 -1.1216 10.5562
6.6896 -2.8506 3.7083
9.2653 -0.0189 5.2321
8.6739 -2.3070 4.8897
9.0118 -3.0541 4.6462
5.7470 -1.8901 5.0673
8.1386 -1.6318 5.9333
9.9492 -3.3036 4.6931
10.8155 -3.2202 5.3586
10.3108 0.1864 11.8181
7.9627 -2.8907 4.3640
12.2737 -2.9292 6.7775
11.8056 -2.3005 7.7532
11.5813 -3.2597 5.7227
11.2630 -2.8910 6.2695
8.7191 -3.1422 4.3025
7.0545 -1.2034 6.2667
9.2448 -1.3192 6.9533
10.9021 -3.0543 5.7376
8.5982 -3.0847 4.3466
11.9142 -1.7498 6.6656
8.6065 -3.1603 4.2015
11.3817 -2.6850 6.7463
1.5182 -0.4929 5.3939
10.3497 -2.0056 6.2722
9.8319 -2.7176 5.7867
11.0624 -3.3641 5.2160
9.8206 0.8292 4.0958
11.9578 -2.8911 6.6706
11.9512 -2.9415 6.5670
10.0499 -3.0437 5.2664
12.1543 -3.2364 6.0998
10.8060 -3.2821 5.2306
8.5277 -2.9769 4.5196
10.0306 -3.2202 4.9055
12.7606 -1.7817 9.3328
12.4424 -1.7433 9.2251
4.0246 -0.2277 7.3669
7.8252 -0.0304 9.9531
11.6649 -1.5781 9.1035
8.6621 -2.2838 4.8993
10.7236 -2.7795 6.1789
10.5775 -3.1515 5.3574
10.8518 -3.1953 5.4289
11.8359 -2.1301 6.8059
12.0698 -3.1239 6.2739
11.5523 -3.1954 5.8334
6.5282 -0.4931 8.2869
13.9872 -1.6214 10.3589
10.3843 -3.2596 5.0316
11.0280 -3.3513 5.2217
8.4273 -3.1422 4.1340
12.1819 -2.9536 6.6762
11.1178 -3.3314 5.3130
11.4150 -3.1869 5.7710
9.1577 -3.3765 4.0915
11.9664 -3.4186 5.6301
12.7078 -2.3249 8.2258
8.7504 -3.1604 4.2846
10.7353 -3.2120 5.3286
12.5633 -0.9998 10.7684
11.6975 -3.0647 6.1763
4.7735 -1.3407 5.5939
10.2554 -3.3766 4.7252
11.3148 -0.1315 11.7680
11.4297 -2.8232 6.5002
11.7523 -3.2597 5.8215
11.3434 -3.4070 5.2935
12.6615 -3.0332 6.7954
5.9337 -2.5788 3.8104
3.5809 -1.7032 4.1867
10.5669 -2.1041 6.2835
11.9502 -3.2967 5.8625
8.8085 -0.3224 4.6826
9.7170 -3.0948 4.9728
8.6139 -3.2281 4.0716
10.7235 -2.1548 6.5362
7.2173 -1.6522 5.5495
11.0114 -3.2520 5.4089
6.5657 -2.7641 3.8081
11.8116 -2.9772 6.4156
9.2802 -3.3888 4.1379
10.8168 -2.1900 6.4913
12.4790 -2.8911 6.9715
11.7473 -3.0949 6.1451
10.4587 -3.2120 5.1689
8.7716 -3.1236 4.3697
12.4327 -2.9655 6.7974
9.5649 -2.2331 5.6122
10.8627 -3.1046 5.6149
10.1112 -3.3889 4.6176
9.9728 -3.2671 4.7791
8.1478 -3.0219 4.2109
8.3116 -2.1324 4.7788
7.9542 -3.3034 3.5412
8.0783 -3.0435 4.1281
10.5868 -3.1143 5.4366
10.4330 -2.0910 6.1644
4.6786 -1.7811 4.6662
13.0585 -2.6160 7.8515
7.6906 -3.0109 3.9687
8.7274 -2.9998 4.5895
12.4363 -2.2756 8.1667
2.9789 -0.4083 6.4051
11.2567 -3.2672 5.5203
10.7041 -3.0646 5.6027
13.5704 -0.1316 13.0705
11.9993 -3.1333 6.2146
8.0514 -1.9412 5.3954
10.6112 -2.1391 6.4212
11.4483 -3.2597 5.6460
12.4803 -0.7995 11.1174
11.3903 -2.8779 6.3690
10.6143 -1.7812 7.0282
10.0992 -3.0849 5.2132
10.8920 -3.3950 5.0564
4.2858 -1.8900 4.2236
12.7128 -2.5793 7.7245
11.2488 -3.2121 5.6250
10.9328 -3.2120 5.4426
6.6599 -2.4165 4.5513
14.4639 -0.6527 12.5539
6.1890 -0.1313 8.8081
11.8470 -1.5781 9.2087
10.9113 -3.1868 5.4802
9.8926 -3.4068 4.4559
5.8512 -1.8185 5.2694
6.1524 -0.4931 8.0699
12.0212 -3.0750 6.3429
10.4321 -3.3177 4.9441
5.4094 -2.3714 3.9186
7.6205 -2.3581 4.4079
8.6334 -3.2281 4.0828
12.5036 -2.9888 6.7922
1.9022 -0.7989 5.0091
11.7117 -3.3246 5.6693
8.2256 -3.2200 3.8633
9.2825 -2.0348 5.6410
6.5048 -0.6643 5.6146
5.3884 -1.5332 5.5675
9.7957 -3.3640 4.4847
8.1089 -1.5240 6.0850
10.5891 -3.3512 4.9683
9.6599 -0.4933 10.0953
8.9975 -3.3445 4.0624
12.1449 0.1863 12.8773
7.6364 -3.2818 3.4006
11.9994 -3.4186 5.6492
9.5584 -3.4184 4.2399
8.4171 -2.3470 4.8404
8.8965 -3.1866 4.3169
9.6988 -2.0257 5.8496
6.9396 -2.9531 3.6495
8.4553 -2.1570 5.0287
12.0835 -1.7816 8.9418
6.0412 -1.0614 6.8795
7.8334 -2.1026 4.8083
11.0965 -3.1332 5.6934
12.9696 -1.5337 9.9450
9.5837 -3.1514 4.7836
6.0070 -0.0303 8.9031
9.3762 -2.7013 5.5557
10.9046 -2.6850 6.4708
8.3667 -1.5456 6.0492
6.2449 -2.1695 4.8011
2.4067 -0.9350 5.0310
11.7370 -3.1516 6.0268
9.3702 0.7344 4.5746
11.2240 -3.1238 5.7856
8.8382 -0.7993 9.0143
10.2678 -2.0566 6.0616
9.5399 -1.5292 6.5880
9.7256 -1.7080 6.5452
12.6602 -2.6683 7.5178
8.9191 -2.1173 5.1763
11.8922 -2.6159 7.1781
9.7811 -1.2870 7.5052
6.1741 -2.7488 3.6124
11.5900 -3.3829 5.4835
11.5961 -3.0949 6.0578
11.6718 -0.0305 12.1744
8.4783 -3.2745 3.9014
7.0275 -0.7272 8.1114
11.7446 -1.6212 9.0641
8.9846 -3.2518 4.2387
10.3620 -3.3828 4.7745
9.4184 -3.3036 4.3866
8.7780 -2.3981 5.0247
2.0188 -0.5741 5.5220
7.2644 -0.4085 8.8798
3.9626 -1.9904 3.8380
11.1870 -3.0850 5.8413
9.7919 -3.3106 4.5883
9.3166 -2.9038 5.1201
8.7242 -2.2306 5.0340
8.4390 -2.6680 5.0806
8.8538 -3.3702 3.9284
6.1130 -0.4084 8.2149
12.1633 -3.3891 5.8024
12.2328 -3.1955 6.2263
8.1730 -1.7825 5.6264
2.6778 -1.2345 4.5940
11.6909 -3.2673 5.7710
4.9740 -1.7033 4.9911
8.3844 -1.0996 6.9305
7.3452 -3.1865 3.4213
7.5266 -2.7489 4.3933
9.8551 -3.2820 4.6816
12.2739 -3.3038 6.0353
6.0125 -2.6507 3.7135
7.1364 -2.7792 4.1078
12.0573 -3.0850 6.3437
11.3664 -2.1078 6.8644
8.6634 -0.1640 4.8983
13.8526 -1.6213 10.2812
9.9673 -2.1114 6.0689
10.2013 -1.7487 6.8275
9.4202 -2.9999 4.9895
10.0244 -1.6165 6.9104
10.0065 -2.6849 5.9523
8.2458 -1.4514 6.3250
10.7174 -3.2202 5.3020
10.3480 -3.1046 5.3178
8.3856 -1.1030 7.1149
9.4351 -2.0701 5.5217
8.7460 -3.3765 3.8538
13.1897 -0.8688 11.3897
5.3644 -2.4382 3.7601
2.2423 0.1867 7.1587
9.3149 -2.9885 4.9512
6.8167 -1.3002 6.0367
10.9147 -3.2363 5.3841
8.3367 -3.2439 3.8801
12.0248 -3.2520 5.9940
9.7310 -3.3828 4.4102
8.5729 -2.1483 5.1692
9.6859 -1.9088 6.0454
3.9016 -1.7427 4.2936
12.5687 -2.8233 7.1578
10.4313 -2.7795 6.0102
7.0426 -2.9650 3.6853
8.7435 -2.2663 4.9784
12.2011 -2.8647 6.8635
11.4846 -3.1047 5.9740
9.9743 0.7999 4.1877
9.1766 -2.1265 5.4500
10.9925 -3.2966 5.3095
8.2390 -3.4183 3.4782
10.1720 -3.2820 4.8646
11.2475 -3.3890 5.2736
11.5253 -3.2121 5.7847
10.6383 -1.9890 6.7773
6.8150 -0.7992 7.8460
8.4036 -3.1513 4.1022
9.6295 -2.8371 5.4330
7.2928 -2.8907 3.9772
11.5309 -3.3642 5.4865
8.7361 -2.4864 5.0629
8.2117 -3.2963 3.7040
11.2150 -3.0438 5.9391
8.3851 -1.8085 5.6806
8.9081 -3.2518 4.1946
12.4806 -3.0113 6.7343
10.3658 -2.9413 5.6516
6.7512 -2.6846 4.0727
8.2601 -0.7993 8.6805
10.2330 -1.8325 6.6756
8.4307 -2.8086 4.7970
12.5205 -2.4810 7.8082
0.9042 -0.9349 4.1634
11.4989 -3.1782 5.8366
11.7936 -2.7646 6.8266
13.5455 -1.6632 10.0209
9.3049 -2.6848 5.5472
5.4596 -1.6627 5.3520
9.3554 -3.0436 4.8654
2.0192 -0.4929 5.6831
10.2737 -3.3245 4.8391
10.9903 -2.9291 6.0365
10.4764 -2.8371 5.9220
5.0620 -1.6626 5.1224
8.5837 -2.9533 4.5987
9.0390 -3.3379 4.0995
14.1275 -1.4879 10.7045
7.4529 -2.8507 4.1490
10.4128 -3.0542 5.4551
10.6136 -3.1332 5.4146
3.9292 -0.9993 5.7827
11.7568 -1.1792 9.9469
9.3810 -2.9412 5.0830
9.2543 -2.4484 5.3457
10.7091 -3.2672 5.2042
11.3022 -1.8110 7.5872
10.8964 -1.2993 8.3725
9.0037 -3.2518 4.2498
12.1721 -3.3315 5.9217
9.7851 -0.4933 10.1676
12.0394 -3.3768 5.7552
11.3575 -3.0112 6.0859
9.7690 -3.1045 4.9835
10.6000 -1.2947 8.1176
9.5266 -3.3703 4.3168
10.8667 -0.9354 9.9161
8.6946 -3.3765 3.8241
8.0856 -1.7025 5.8155
9.5818 0.7306 4.3702
8.7333 -1.5284 6.4856
8.0101 -3.1692 3.8396
7.0878 -2.9997 3.6428
10.4041 -2.9771 5.6030
8.3406 -3.2963 3.7785
6.2386 -2.1128 4.9099
10.2526 -1.1981 7.9659
12.6760 -2.6512 7.5608
11.8629 -3.3830 5.6411
11.7688 -1.3411 9.6331
8.2299 -2.9289 4.4428
14.8144 -1.1794 11.7125
8.3076 -3.2818 3.7881
6.7675 -0.6523 8.1097
8.9184 -0.9353 8.7911
8.0330 -1.8256 5.1943
9.3142 -3.3888 4.1574
9.1681 -3.3827 4.0852
10.5129 -1.5876 7.2868
10.2785 -3.0948 5.2971
12.2352 -3.3706 5.8806
8.4346 -2.3683 4.8279
5.4009 -0.4931 7.6359
13.8679 -0.7995 11.9186
10.2130 -2.8231 5.7977
2.1575 -0.1311 6.4800
3.1891 -1.7032 3.9604
12.1785 -3.0438 6.4954
7.6610 -3.2360 3.5056
10.5116 -3.1953 5.2325
13.0924 -2.2757 8.5455
12.7086 -2.6160 7.6495
8.0335 -3.0435 4.1022
11.6119 -2.6682 6.9125
5.2494 0.1866 8.8953
15.3543 -0.3205 13.7265
9.4895 -2.9999 5.0295
7.8250 -3.2963 3.4808
6.9358 -3.0434 3.4684
7.0734 -1.2002 6.1900
7.2630 -2.1702 4.2845
9.9813 -3.3949 4.5306
11.1885 -1.8545 7.3357
11.4382 -2.4021 6.5697
8.4743 -3.3702 3.7093
2.3010 -0.8682 5.1021
3.8910 -0.2277 7.2898
7.7451 -3.2669 3.4929
7.5161 -3.2117 3.4699
7.8510 -3.0109 4.0613
8.8245 0.0009 4.6090
10.4908 -3.0849 5.4393
9.2274 -0.3031 4.8916
11.3561 -3.4186 5.2778
8.0766 -1.8751 5.1221
8.7586 -3.4067 3.8012
5.6426 -1.8185 5.1489
10.4487 -3.3512 4.8872
7.8525 -2.7642 4.5511
7.9743 -3.3826 3.3960
10.9928 -3.3447 5.2144
10.0077 -2.0324 6.0511
11.1806 -0.3660 8.0296
11.2109 -3.3108 5.4076
8.8479 -2.7013 5.2507
8.8452 -2.8644 4.9259
12.4733 -2.4601 7.8224
9.3153 -3.3445 4.2459
6.7283 -2.5211 4.3836
11.4367 -2.8910 6.3698
9.8116 0.7536 4.1481
9.5819 -2.9999 5.0829
12.7210 -0.0305 12.7802
10.9144 -0.5745 10.6588
11.0724 -3.1868 5.5732
11.4378 -2.6850 6.7787
5.4424 -2.3714 3.9376
12.3746 -3.2122 6.2750
10.5152 -2.3992 6.0300
9.9235 -2.1040 5.8110
13.0002 -2.5605 7.9278
5.3869 -1.8548 4.9294
10.6033 -2.7176 6.2321
7.7758 -3.2280 3.5876
7.1076 -2.6679 4.3118
9.5940 -3.2820 4.5309
9.8918 -2.1743 5.7231
8.4129 -3.1866 4.0377
11.0276 -3.3641 5.1960
7.7178 -3.0328 3.9411
9.5886 -3.0747 4.9384
8.8001 -2.2790 5.0439
1.5639 -0.8682 4.6765
10.9037 -2.6682 6.5036
8.4966 -3.0644 4.3282
8.1678 -3.2118 3.8462
4.7452 -1.5776 5.1080
7.6124 -1.8989 5.1208
11.1990 -2.3603 6.4042
9.2267 0.0445 4.7473
8.6210 -0.3202 9.8383
9.9181 -2.9534 5.3692
8.0918 -3.1692 3.8868
12.2197 -1.6631 9.2554
8.8155 -2.9652 4.7090
10.9717 -3.1868 5.5151
7.9684 -3.1329 3.8874
10.1318 -3.2519 4.9011
11.7370 -2.2796 6.9063
8.7461 -3.4008 3.8057
12.6665 -2.1974 8.4547
9.4248 -3.3949 4.2094
10.2799 -1.5421 7.5015
12.2888 -1.9584 8.7101
10.2654 -2.7644 5.9442
12.1703 -2.8373 6.9000
8.7452 -3.1330 4.3358
11.8204 -2.7646 6.8420
12.2750 -1.1793 10.2462
10.2645 -3.3380 4.8070
3.0179 -1.1210 5.0152
9.2068 -3.1780 4.5132
8.2921 -3.1866 3.9679
2.3068 -0.7990 5.2428
4.2074 -0.1312 7.6637
7.3187 -2.9997 3.7762
12.3881 -3.2521 6.2038
13.0622 -2.5015 8.0804
7.9402 -2.2708 4.7797
4.6890 -2.1694 3.9027
9.3680 -3.4126 4.1414
7.2105 -3.0539 3.6062
10.7547 -2.3559 6.1371
9.5637 -2.8778 5.3144
9.1831 -2.8508 5.1479
10.9295 -3.1516 5.5606
10.7687 -3.1782 5.4149
7.5666 -3.1235 3.6739
7.2282 -2.6847 4.3482
6.2532 -2.6332 3.8870
11.4784 -2.9167 6.3431
11.8180 -3.4186 5.5444
10.0678 -3.1331 5.0994
12.1272 -3.4070 5.7460
12.0439 -3.4070 5.6979
11.4295 -3.0000 6.1496
8.4534 -3.4183 3.6019
10.6271 -2.9291 5.8268
6.3667 -2.0834 5.0422
9.3180 -3.2440 4.4467
11.5933 -2.0536 8.1197
4.9755 -1.8548 4.6918
9.7201 -3.0748 5.0143
7.5813 -3.1691 3.5920
11.1811 -2.9535 6.0983
9.1890 -0.0541 4.8941
12.3735 -2.8090 7.0734
10.2938 -3.3828 4.7351
12.1648 -3.0332 6.5087
7.7822 -3.0109 4.0216
12.1878 -3.0850 6.4191
10.1789 -2.0291 5.9194
12.0265 -2.7336 7.0223
10.3954 -3.1605 5.2344
10.4662 -3.3512 4.8974
9.9594 -3.0111 5.2787
11.6109 -2.8232 6.6048
4.8826 0.1866 8.6835
6.5411 -2.6678 3.9847
9.8251 0.7655 4.2045
9.0290 -2.9289 4.9041
7.9152 -2.9288 4.2611
10.5324 -3.0111 5.6095
7.4079 -1.5043 5.9183
9.3053 -1.1934 7.2920
8.9550 -2.2524 5.2268
6.5539 -0.8685 7.5579
12.1383 -3.1426 6.2765
10.3748 -2.9039 5.7311
4.1790 -2.0531 3.8387
8.7222 -0.2774 4.9592
10.9047 -0.1315 11.5312
11.9090 -2.7492 6.9235
11.3747 -3.0331 6.0525
12.8090 -2.3249 8.2843
5.5490 -0.3201 8.0643
11.3321 -3.1143 5.8668
7.6246 -2.7012 4.5444
7.3053 -1.3857 6.1178
10.3254 -3.2893 4.9387
12.0140 -1.6321 6.5757
8.3280 -1.9639 5.3427
11.1175 -3.1332 5.7055
12.9435 -2.6683 7.6813
8.2925 -2.8507 4.6337
11.3278 -3.2121 5.6706
4.9450 -2.2750 3.8413
9.2812 -2.8230 5.2597
8.8811 -3.2361 4.2100
7.5730 -2.7174 4.4825
10.4844 -2.7795 6.0409
11.3158 -2.0660 6.9242
12.4570 -2.4388 7.8553
9.5628 -2.1716 5.6161
5.4735 -1.5777 5.5285
7.1101 -3.1043 3.4483
8.8592 -3.0847 4.4973
7.1807 -1.9089 4.9172
5.2829 -1.6627 5.2500
12.4622 -1.6213 9.4784
9.8615 -1.2487 7.7611
5.2045 -0.6522 7.2071
9.7352 -3.1142 4.9448
7.7937 -0.7272 8.5538
6.2485 -2.7939 3.5659
7.2171 -0.4932 8.6847
5.2915 -1.5777 5.4234
12.5472 -3.0750 6.6465
8.9056 -3.3702 3.9583
8.7067 -3.3575 3.8687
11.3813 -3.3447 5.4387
11.4873 -3.3447 5.4999
7.2923 -1.7788 5.3212
12.5673 -1.8906 9.0054
11.8056 -3.2364 5.8985
8.6314 -2.9533 4.6262
9.5192 -1.4953 6.6388
4.3476 -2.1127 3.8180
9.4902 -3.1045 4.8226
9.6075 -2.7794 5.5346
8.0093 -3.2744 3.6306
9.9961 -1.9022 6.1968
11.4546 -3.3381 5.4941
7.2242 -1.3771 5.9540
13.7700 -1.0618 11.3423
10.4793 -3.2596 5.0865
8.4918 -3.4067 3.6471
8.2267 -3.0946 4.1124
10.4295 -3.2746 5.0279
13.4722 -2.2757 8.7648
11.2292 -3.3951 5.2511
11.0445 -3.3767 5.1808
11.7265 -3.3830 5.5623
10.6584 -2.7176 6.2639
12.5980 -2.7646 7.2910
10.0224 -3.3036 4.7353
9.8347 0.7628 4.1711
11.3723 -3.2597 5.6021
8.0443 -3.3378 3.5252
7.5931 -1.3862 6.2913
7.4504 -2.7642 4.3189
7.6247 -3.1044 3.7455
8.5854 -3.1141 4.2810
2.1507 -0.3199 6.1019
7.5144 -2.2960 4.3458
8.6228 -3.1692 4.1933
7.8729 -2.9997 4.0962
8.5844 -1.4396 6.3922
8.7304 -3.1951 4.2041
10.7546 -3.3037 5.1581
10.3236 -3.3176 4.8815
11.8245 -2.9536 6.4698
3.7860 -0.7270 6.2396
9.6194 0.7511 4.4439
9.9977 -3.0948 5.1350
8.7754 -0.1204 4.6149
9.0956 -3.2964 4.2144
7.4358 -1.1512 6.4433
11.9389 -3.1869 6.0735
12.3053 -2.8911 6.8712
4.7807 -1.4400 5.4013
7.0097 -1.5789 5.5445
10.2374 -3.2965 4.8736
6.0675 -0.5743 7.8599
12.4235 -3.2039 6.3197
7.6070 -2.3431 4.4404
12.6946 -2.4601 7.9502
7.6281 -2.7174 4.5143
3.1362 -1.2345 4.8586
12.1255 -2.4601 7.6216
9.2118 0.0911 4.7276
9.0149 0.2067 4.7074
6.6521 -0.2026 5.3068
8.9706 -2.8230 5.0804
11.8097 -3.0223 6.3251
11.8965 -3.1606 6.1010
10.0541 -3.4009 4.5608
5.6556 -1.5777 5.6337
9.7684 -2.8509 5.4858
12.2897 -3.2895 6.0727
12.0363 -3.0544 6.3924
11.1357 -3.3314 5.3233
12.7963 -2.7016 7.5303
9.4688 -3.1045 4.8102
9.7663 -1.1214 8.9120
9.7780 -2.6205 5.7521
5.8490 -2.6332 3.6536
8.6358 -3.3888 3.7658
13.0671 -1.9250 9.2259
8.3454 -2.9533 4.4612
4.5771 -0.9351 6.2843
14.9086 -0.7996 12.5196
11.9861 -2.0227 8.4079
7.5243 -1.3613 3.8033
10.7590 -3.3246 5.1193
10.9059 -2.2787 6.4243
10.8889 -3.1606 5.5193
7.4708 -2.9036 4.0544
5.8518 -2.0532 4.8046
11.6632 -3.0438 6.1978
11.6745 -2.2208 6.9796
12.0454 -3.3705 5.7711
11.6430 -2.2583 6.7941
7.0947 -3.0108 3.6247
12.4163 -3.2443 6.2355
8.4744 -3.2361 3.9752
12.6319 -2.6683 7.5014
10.1053 -3.1867 5.0148
3.8645 -1.8547 4.0503
8.0235 -1.9041 5.5601
5.2321 -1.1211 6.2938
11.2073 -3.0949 5.8333
9.2606 -3.3765 4.1509
10.2959 -2.2757 5.8218
3.4926 -1.2346 5.0645
7.3081 -2.8085 4.1488
8.9316 -1.4655 6.4133
5.7916 -2.2236 4.4323
10.8178 -2.9039 5.9869
8.5806 -3.3311 3.8481
8.2337 -2.9037 4.4949
8.3651 -2.7489 4.8774
9.7572 -2.4843 5.6475
11.6409 -3.1783 5.9186
3.2887 -1.5775 4.2670
9.9038 -3.1867 4.8985
9.6334 -3.4126 4.2946
13.5964 -2.1974 8.9916
11.6840 -2.7015 6.8882
13.4782 -1.5337 10.2387
7.2494 -2.9997 3.7362
9.3188 -0.1534 4.9070
7.3439 -3.0539 3.6832
9.4812 -3.2201 4.5883
4.0016 -1.8900 4.0595
11.6036 -3.3891 5.4793
10.8772 -3.4128 5.0127
4.0156 -1.8184 4.2094
9.2634 -3.0947 4.7110
11.4493 -3.3513 5.4650
7.0430 -1.7847 4.9863
12.3267 -3.2895 6.0941
3.5353 -1.8547 3.8602
9.9643 -3.1867 4.9334
11.1509 -3.3513 5.2927
8.9485 -3.1423 4.4349
8.4031 -2.7013 4.9938
14.7495 -0.0306 13.9516
8.6267 -3.3445 3.8483
11.1261 -3.2520 5.4751
9.9980 -3.2746 4.7788
5.4676 -0.9351 6.7985
11.0251 -0.7124 8.2252
12.1252 -3.3247 5.9080
5.1473 -0.5743 7.3285
9.6390 -2.7175 5.6754
8.3405 -2.8643 4.6346
7.9673 -3.0847 3.9823
8.4503 -2.9998 4.4295
9.5367 -3.3244 4.4136
9.8416 -3.1142 5.0063
9.3616 -3.1045 4.7483
5.4529 -1.7033 5.2676
6.7194 -2.5973 4.2274
6.3457 -2.7011 3.8060
8.2951 -2.8369 4.6625
2.9511 -1.3406 4.5416
0.1155 0.1867 5.9306
9.4433 -2.9999 5.0029
10.3422 -1.1052 8.3605
12.0113 -3.3315 5.8288
4.9430 -2.1968 3.9952
11.1303 -2.6682 6.6344
11.4472 -3.1516 5.8594
8.8325 -2.7334 5.1782
1.6358 -0.4083 5.6296
12.9369 -1.4405 10.1108
10.8710 -3.1868 5.4569
7.6520 -3.2034 3.5649
11.3446 -3.2894 5.5271
11.2418 -3.1425 5.7589
8.2995 -2.1646 4.6906
10.6695 -3.1868 5.3406
12.1253 -3.1333 6.2874
12.2389 -2.4810 7.6457
6.2458 0.0755 9.2507
9.3445 -0.9997 7.6058
12.2298 -3.3109 5.9958
7.9915 -3.4007 3.3700
6.9094 -2.6678 4.1974
8.1916 -1.0988 6.7737
11.3936 -2.8646 6.3973
13.4748 -1.9585 9.3949
11.7568 -3.3108 5.7227
10.3994 -2.6849 6.1791
11.5969 -3.4011 5.4516
10.1953 -2.0141 6.0953
10.0317 -0.9353 9.4339
6.8568 -2.7173 4.0690
8.4123 -2.1439 5.0630
9.6621 -3.1867 4.7589
8.7903 -3.3379 3.9559
9.2725 0.0362 5.2228
13.7515 -1.9585 9.5547
13.1128 -2.3249 8.4597
9.2079 -2.9770 4.9123
6.2658 -2.1969 4.7590
9.8967 -2.9885 5.2871
10.8807 -2.2834 6.3374
9.2606 -1.7316 6.4194
9.7461 -2.5287 5.6711
9.8753 -1.4415 7.1573
12.4076 -2.9415 6.8305
9.6789 -3.0542 5.0313
9.4601 -3.1693 4.6768
12.2039 -3.4129 5.7787
14.7966 -0.4935 13.0615
12.2411 -2.8780 6.8602
7.7319 -3.1044 3.8074
6.6704 -1.1022 6.0850
6.4075 -2.5407 4.1595
8.4612 -1.2815 6.6459
3.1558 -1.1788 4.9804
5.7797 -2.4383 3.9999
10.6342 -2.7335 6.2184
5.5041 -1.3912 5.9158
11.0645 -2.8910 6.1548
8.3969 -1.7777 5.9527
9.6857 -2.9038 5.3332
9.9158 -1.5108 7.0073
7.5358 -3.2117 3.4813
10.1260 -3.4068 4.5906
11.6744 -3.2284 5.8385
10.8396 -3.3829 5.0502
8.6996 -2.3070 4.9046
6.8461 -0.0303 9.3877
9.2877 -3.2892 4.3396
9.9502 -3.1693 4.9597
7.8470 -2.7012 4.6728
9.4790 -0.9997 7.6773
0.2167 -0.2276 5.1680
12.8869 -0.1315 12.6758
8.2091 -2.9037 4.4807
8.6304 -3.3378 3.8636
7.9172 -2.9651 4.1903
7.5355 -2.3495 4.3377
11.9605 -3.4070 5.6498
11.5345 -3.2364 5.7419
5.5388 -2.5009 3.7366
8.1411 -2.8369 4.5736
9.1622 0.7486 4.5808
8.0551 -3.0644 4.0733
10.6207 -2.7943 6.0902
7.9197 -3.0109 4.1010
7.6247 -3.0219 3.9088
6.4736 -2.8642 3.5566
7.1189 -3.0846 3.4925
9.1809 -3.0645 4.7233
9.2572 -3.2282 4.4429
10.3481 -2.8371 5.8479
8.1980 -3.1422 4.0016
7.4818 -2.7792 4.3072
6.0511 -2.6332 3.7703
9.1618 -2.8087 5.2191
5.2709 -1.7812 5.0082
10.2429 -1.8591 6.6279
5.2756 -0.4931 7.5636
11.1938 -1.7186 7.4566
11.8925 -1.5781 9.2350
6.3687 -2.6332 3.9537
11.8940 -2.0142 6.7619
11.6657 -3.0850 6.1176
7.9745 -3.3887 3.3840
9.6677 0.7392 4.2872
9.5400 -2.8230 5.4092
11.7958 -2.9167 6.5263
9.6080 -2.5321 5.5987
11.2320 -3.2966 5.4478
10.3351 -2.1484 5.9048
11.6199 -2.9292 6.4000
8.7915 -3.1604 4.3084
10.3938 -2.1665 5.9049
10.7796 -2.3331 6.1696
10.5421 -3.2747 5.0929
3.9483 -1.0613 5.6710
10.3389 -2.9886 5.5425
12.0523 -2.7796 6.9461
7.5776 -2.1879 4.7180
9.1093 -3.2819 4.2510
9.1210 0.4930 4.8153
9.3635 -2.8777 5.1988
12.5169 -2.8233 7.1279
9.1912 -2.0202 5.6568
11.0173 -2.1286 6.6219
5.6869 -1.4400 5.9245
10.8851 -2.8089 6.2141
5.7678 -1.8185 5.2212
8.1728 -1.6899 5.7856
8.9487 -2.9412 4.8334
12.1282 -1.2059 6.4520
12.3891 -1.9910 8.7035
10.4192 -3.2120 5.1461
5.3077 -0.0303 8.4993
11.2572 -3.4186 5.2207
8.2717 -2.8229 4.6769
9.4719 -0.4933 9.9868
0.7627 -0.0301 5.8747
9.2094 -3.3445 4.1847
7.0386 -2.7940 4.0220
11.8459 -3.0749 6.2416
7.5647 -2.2855 4.5142
13.4187 -2.0538 9.1737
10.6753 -1.1011 8.3285
11.3990 -3.3447 5.4489
5.7064 -1.8901 5.0439
3.0002 -0.5742 6.0887
4.8091 -2.2999 3.7135
9.5011 -2.9885 5.0587
7.7603 -2.8643 4.2995
12.2006 -3.4011 5.8001
7.9729 -1.5579 5.9244
11.0821 -3.3314 5.2924
12.1333 -2.5015 7.5441
12.0753 -3.2597 6.0080
10.4294 -3.4127 4.7542
12.5973 -2.1420 8.5245
9.5216 -3.1514 4.7477
8.1758 -2.9769 4.3164
11.2883 -2.4757 6.5828
4.4123 -0.1312 7.7821
9.6388 0.7403 4.3412
10.8639 -1.3700 7.9566
9.3523 -2.8909 5.1663
11.4768 -3.4070 5.3705
4.9157 -1.1211 6.1111
9.1507 -3.1952 4.4468
5.8329 -2.3000 4.3046
9.4326 -2.2284 5.3554
4.8337 -2.1694 3.9863
8.8135 -3.0110 4.6171
0.8489 0.1867 6.3541
10.3995 -3.2120 5.1347
12.0769 -1.9910 8.5232
9.6710 -3.1952 4.7472
14.1691 -1.5782 10.5495
8.7158 -2.2513 5.0026
8.4870 -3.2035 4.0469
12.0167 -2.7944 6.8962
9.8029 0.7635 4.2272
15.2351 -0.4935 13.3147
3.7986 -1.7032 4.3124
9.0408 -3.0747 4.6221
11.4609 -2.0574 6.9776
13.4041 -1.6213 10.0223
8.1904 -3.0435 4.1928
9.1258 0.2311 4.7078
9.9372 0.7972 4.2308
12.2086 -3.2204 6.1630
8.5143 -2.7013 5.0580
9.3707 -2.8087 5.3397
9.9806 -2.8645 5.5815
11.4754 -3.1869 5.8059
8.9635 -3.3827 3.9671
12.0459 0.0753 12.6001
12.1432 -3.3247 5.9184
12.2007 -3.2673 6.0654
8.5075 -3.0946 4.2745
9.7817 -3.0948 5.0103
14.9030 -0.5747 12.9620
10.2068 -3.0437 5.3570
8.1402 -1.9689 5.1150
8.6600 -2.8229 4.9010
11.9846 -3.0647 6.3420
4.3075 -1.2346 5.5350
4.7817 -1.9904 4.3110
13.2186 -2.0228 9.1195
4.2023 -0.9993 5.9405
10.2703 -1.8650 6.6717
10.2018 -3.3245 4.7976
13.2168 -0.7275 11.6854
8.6277 -0.0806 4.8559
8.1784 -1.1468 6.7098
9.5272 -3.3446 4.3682
6.6690 -1.3349 5.7114
10.1997 -1.2006 8.0031
10.1427 -3.4068 4.6003
13.0185 -1.0618 10.9084
12.1380 -1.2248 6.3749
7.3209 -2.9532 3.8696
9.0164 -2.0409 5.3947
9.3950 -2.7794 5.4118
13.9242 -0.7275 12.0939
6.6670 -2.8228 3.7504
11.1023 -1.5442 7.9947
11.7903 -3.2597 5.8434
9.6369 -1.0616 8.9558
7.2002 -2.9036 3.8981
9.5429 -3.1331 4.7964
11.8880 -2.8373 6.7370
9.1634 -2.8777 5.0832
11.9303 -1.8552 8.7075
6.3202 -2.5788 4.0335
10.0650 -3.1867 4.9916
6.3421 -2.8085 3.5911
8.5042 -2.9769 4.5060
12.8900 -2.7178 7.5524
10.4037 -3.1331 5.2934
11.8680 -1.8948 6.7465
9.2753 0.7291 4.5122
8.3018 -3.3702 3.6097
5.9347 -1.8185 5.3175
7.3936 -1.7206 4.0556
7.8606 -3.1044 3.8816
9.6567 -1.1973 7.5993
9.9839 -1.5565 7.0727
10.0743 -2.2332 5.6606
13.9033 -1.7818 9.9926
11.8364 -3.3951 5.6016
7.9246 -1.7460 5.4985
8.9269 -3.3445 4.0216
9.2887 -2.7794 5.3504
6.1088 -2.6332 3.8037
12.3329 -2.9167 6.8364
10.5639 -3.3313 4.9932
9.2458 -3.2201 4.4524
10.4030 -3.3641 4.8354
6.1715 -2.5788 3.9477
9.5682 -3.2440 4.5911
7.4184 -2.7489 4.3308
12.2707 -1.7433 9.1260
8.4655 -2.0173 5.3547
9.5875 -1.6207 6.6887
11.7738 -3.3642 5.6268
11.8669 -2.6683 7.0597
2.0818 -0.4929 5.7193
7.8600 -2.8507 4.3840
11.5859 -2.0838 8.0557
9.7358 -1.9638 6.0160
9.3330 -2.9412 5.0553
12.1765 -0.2280 12.0744
11.5449 -2.4048 6.6376
10.1697 -3.3766 4.6757
8.1534 -0.5744 9.0644
10.5378 -1.8364 7.0675
12.0235 -3.3178 5.8629
10.6390 -2.1821 6.1765
8.7589 -0.0003 4.5675
11.7985 -1.7432 8.8533
12.1791 -3.3247 5.9392
9.7055 -3.2282 4.7018
7.3901 -2.1481 4.5911
12.0473 -2.9415 6.6224
10.0158 -1.8065 6.2481
5.8056 -0.6523 7.5542
7.9614 -2.8369 4.4699
9.4748 -3.3703 4.2870
7.4103 -3.1043 3.6217
6.9052 -3.0327 3.4720
12.2017 -2.0537 8.4711
6.6422 -0.2832 5.3550
9.3012 0.0410 4.8499
8.8926 -3.2200 4.2485
10.6178 -2.8910 5.8970
8.6314 -3.1514 4.2337
8.6284 -3.2745 3.9880
2.9302 -0.0302 7.1264
7.4213 -2.2481 4.3297
8.7941 -0.1453 4.6315
12.3168 -2.6337 7.3880
7.8791 -1.6305 5.4880
11.6960 -3.0223 6.2595
10.5041 -3.3950 4.8325
11.1776 -1.3411 9.2917
10.5891 -1.2017 8.2560
7.9459 -3.0946 3.9503
5.0267 -0.2277 7.9457
8.2804 -2.1054 4.8672
4.5273 -1.3407 5.4517
9.2684 -3.2361 4.4336
10.1992 -2.7943 5.8469
12.0816 -3.1607 6.2079
9.9225 -2.0190 6.2019
10.6157 -3.3767 4.9332
7.5882 -2.2205 4.6202
13.2757 -2.0839 9.0314
11.5781 -2.6850 6.8597
8.4559 -3.4125 3.6148
9.3930 -3.0947 4.7858
7.2797 -0.4932 8.7209
6.8527 -2.6678 4.1646
3.3630 -1.1788 5.1001
10.4724 -3.3641 4.8754
10.3100 -0.9354 9.5946
9.0519 -2.9652 4.8455
7.4865 -2.1889 4.6684
9.5496 -3.2282 4.6118
9.4089 -1.5077 6.6874
11.3813 -2.1977 6.7424
9.1824 -2.7794 5.2891
12.8081 -2.5412 7.8551
2.8815 -1.2345 4.7116
8.2033 -3.2360 3.8186
12.8609 -0.0305 12.8610
11.9126 -3.3642 5.7069
7.9352 -2.8229 4.4826
9.1600 0.0448 4.7095
7.5548 -3.1513 3.6122
8.9446 -3.3445 4.0318
11.0154 -2.8372 6.2332
9.3026 -2.8909 5.1376
9.9638 -3.3766 4.5569
12.3098 -2.8233 7.0084
8.8070 -2.2130 5.1186
10.4980 -2.9771 5.6571
11.1746 -3.3108 5.3866
9.7215 -3.3446 4.4804
8.9072 -3.3888 3.9225
9.0368 -2.0624 5.3700
9.3601 -3.2745 4.4105
11.7611 -3.3314 5.6844
16.0336 0.1862 15.1229
9.3210 -1.4695 6.6770
3.2229 -0.2277 6.9040
4.9443 -2.2496 3.8914
11.3630 -2.9887 6.1337
9.2354 -3.1693 4.5471
8.5671 -3.3575 3.7881
7.8764 -3.2593 3.5837
8.3215 -3.4183 3.5258
9.9492 -3.1424 5.0126
9.1382 -3.1867 4.4565
12.9778 -2.3249 8.3817
12.4054 -3.0851 6.5447
8.5003 -2.9884 4.4809
8.7391 -3.0220 4.5523
12.9320 -2.3006 8.4036
9.4493 -2.2448 5.3301
7.8264 -3.1691 3.7335
8.9629 -3.3639 4.0039
10.4381 -1.9322 6.7333
7.3466 -2.7012 4.3838
10.3097 -1.9799 6.1558
9.1641 -1.8709 5.8895
9.2953 -2.9290 5.0579
8.1986 -2.4869 4.7538
11.2752 -3.4128 5.2425
10.9518 -1.7571 7.3086
10.5020 -2.9166 5.7793
12.7193 -1.1216 10.6171
10.5243 -3.2283 5.1745
9.5011 -2.9413 5.1524
10.4784 -3.3767 4.8540
9.6850 -3.2965 4.5546
11.9994 -3.3642 5.7570
9.5918 -2.8230 5.4391
11.0251 -0.8078 8.2354
6.2508 -2.5010 4.1477
12.4393 -2.8233 7.0831
11.5932 -3.3448 5.5610
8.7566 -1.9491 5.3939
7.9011 -3.3243 3.4692
10.9531 -3.2283 5.4221
11.4264 -3.1516 5.8475
10.1171 -1.9015 6.2634
5.3006 -1.4873 5.6077
7.7818 -2.8369 4.3662
8.1884 -1.8075 5.5620
10.4741 -0.4933 10.5655
6.0241 -0.9351 7.1198
7.1050 -1.8660 4.8496
13.9271 -0.8688 11.8155
10.2917 -3.3245 4.8495
10.1114 -2.9165 5.5538
9.8438 -3.3766 4.4876
12.3117 -3.2521 6.1596
10.5603 -2.7644 6.1145
2.5229 0.0757 7.1008
12.0355 -3.0850 6.3312
10.6382 -3.2821 5.1337
9.6938 -3.3511 4.4514
9.6823 -1.6563 6.4410
4.9608 -0.3200 7.7247
8.6236 0.1865 10.8438
10.8526 -2.7335 6.3445
9.3758 -3.2440 4.4800
15.6895 -0.1317 14.2942
12.6990 -2.9168 7.0479
10.9001 0.0754 11.9385
5.9460 -2.2751 4.4193
11.9474 -3.0544 6.3411
8.1970 -2.0496 5.3208
10.8462 -2.9414 5.9290
9.1207 -2.4177 5.2688
9.1900 -3.1045 4.6492
12.0909 -3.3768 5.7849
9.2340 -0.0531 4.9230
8.8696 -2.9533 4.7638
10.3085 -3.0221 5.4584
6.0449 -2.4805 4.0694
13.5386 -2.0839 9.1832
2.5806 -0.0302 6.9245
7.4508 -2.2804 4.2686
5.6010 -1.3912 5.9718
9.1761 -3.0436 4.7619
13.1775 -2.4811 8.1876
11.2739 -3.1869 5.6896
5.5684 -0.9994 6.7293
11.3988 -3.1047 5.9245
13.6732 -1.6213 10.1776
7.4817 -1.8640 5.2435
9.8619 -2.1505 5.6375
8.2507 0.0755 10.4085
9.1867 -1.8961 5.8540
8.8899 -2.5737 5.2068
9.9174 -3.0748 5.1282
11.6403 -2.2923 6.6397
8.2901 -2.8643 4.6054
7.6461 -1.9544 5.2191
11.8225 -3.4128 5.5585
9.8489 0.7750 4.2284
10.0730 -1.2498 7.9079
0.5177 -0.1311 5.5331
6.2862 -2.5407 4.0895
6.3202 -0.7272 7.7030
10.3785 -3.3512 4.8467
9.0375 -3.1866 4.3983
12.3729 -3.1955 6.3072
9.4280 -3.1423 4.7117
6.6880 -2.7488 3.9091
12.5464 -1.9249 8.9252
10.9833 -0.8534 8.2984
7.6335 -2.9651 4.0265
7.1377 -3.1140 3.4452
13.1136 -1.3916 10.3097
12.7300 -2.9536 6.9927
10.7091 -2.9771 5.7790
0.0950 -0.6520 4.2567
4.8977 -0.4084 7.5131
12.4880 -2.2501 8.2470
11.1975 -3.2821 5.4567
11.6294 -3.3108 5.6492
10.8809 -1.8092 7.3345
5.9916 -2.1695 4.6549
9.0794 -3.1604 4.4746
7.4176 -2.8228 4.1837
9.2210 -3.0436 4.7878
7.9227 -3.0644 3.9968
10.5160 -1.2940 8.0559
8.8644 -3.2594 4.1541
10.5572 -2.8509 5.9413
7.2149 -2.7173 4.2757
7.5140 -3.0946 3.7010
11.9234 -3.1517 6.1344
3.8748 -1.7811 4.2021
8.9673 -3.3175 4.0985
11.7797 -2.7944 6.7594
8.8265 -0.0958 4.6378
10.2335 -3.3446 4.7760
12.4170 -2.6159 7.4811
12.8863 -2.0537 8.8663
10.8009 -1.6387 7.5191
9.3360 -1.2716 6.9701
10.2949 -3.2362 5.0263
7.6202 -1.3695 6.0797
-1.6143 -0.0300 4.5020
7.9648 -2.9768 4.1946
9.4101 0.7428 4.3940
10.4714 -3.3245 4.9532
13.3599 -0.8688 11.4880
10.9756 -3.3641 5.1660
5.5574 -2.1695 4.4042
6.4988 -2.8368 3.6254
9.6522 -2.0833 5.7942
10.1317 -1.7683 6.4801
14.1228 0.0753 13.7995
11.8358 -2.3947 7.5840
12.3822 -0.4087 11.8351
13.9866 -1.4879 10.6231
8.8043 -0.0304 10.5184
9.8542 -1.4633 6.9233
11.3590 -1.8189 8.4496
9.1134 -1.6289 6.1892
7.3686 -1.8976 5.1514
10.8368 -3.3641 5.0858
7.1555 -2.7642 4.1486
11.6398 -2.1627 7.0905
8.6052 -3.4125 3.7010
7.7384 -3.0219 3.9745
8.0316 -3.1235 3.9425
10.6573 -3.3447 5.0207
5.4916 -2.3000 4.1075
8.4587 -2.7013 5.0259
9.4363 0.6904 4.4249
7.1358 -1.8965 4.8350
9.5039 0.1864 11.3521
11.8894 -0.3203 11.7256
6.2456 -2.4596 4.2266
13.7264 -2.0839 9.2916
12.7499 -2.8233 7.2625
11.8430 -2.7177 6.9479
9.9301 -2.3127 5.6289
14.5459 -1.2352 11.4469
11.3553 -3.3705 5.3726
6.8176 -2.7792 3.9237
8.1993 -2.9769 4.3300
11.3121 -3.1954 5.6947
9.2093 -0.3202 10.1780
12.2788 -3.2284 6.1875
10.1737 -2.9413 5.5407
6.3095 -1.0614 7.0344
13.8598 -0.5747 12.3596
8.8916 -3.3445 4.0012
8.6201 -1.6300 6.1978
6.6834 -2.9035 3.5998
12.0201 -0.3203 11.8011
11.8051 -3.3448 5.6834
11.0387 -2.9291 6.0645
13.1363 -2.1133 8.8926
6.9867 -2.8775 3.8264
15.2555 -0.7996 12.7199
10.3477 -1.1567 8.3159
12.0776 -2.5978 7.3211
8.8739 -3.3445 3.9910
7.1587 -2.8228 4.0343
12.1334 -0.7995 10.9171
9.2782 -2.9770 4.9529
10.8110 -0.9354 9.8839
9.6119 -2.9038 5.2906
10.1623 -1.9862 5.9784
7.8463 -2.9651 4.1494
7.4783 -3.1140 3.6418
8.6894 -0.1641 4.9131
8.9369 -2.3975 5.1150
9.5967 -3.3576 4.3825
7.6306 -2.9532 4.0484
11.3231 -3.4186 5.2588
4.8069 -2.2750 3.7615
10.2006 -3.2965 4.8523
12.6326 -2.9773 6.8896
9.7476 -3.1045 4.9711
8.7957 -0.7273 9.1324
11.2246 -3.2363 5.5630
7.7571 -1.5258 5.8984
8.1471 -3.2200 3.8180
2.3949 -0.4930 5.9001
10.2402 -0.8686 9.6866
8.5347 -2.0036 5.4775
8.3067 -3.4125 3.5287
9.8365 -1.8487 6.3443
11.9454 -3.3247 5.8043
9.7541 -3.2746 4.6379
12.8493 -0.8688 11.1932
6.0145 -2.3482 4.3141
8.2719 -3.1866 3.9563
8.8085 -0.3928 5.0361
10.3642 -3.2202 5.0981
5.3411 -1.8901 4.8329
4.5495 -1.4873 5.1740
8.3141 -2.9884 4.3734
9.0642 -3.3106 4.1681
2.7657 -1.4872 4.1440
7.9984 -1.8048 5.4385
7.3523 -3.1602 3.4774
10.4832 -3.3107 4.9874
11.2363 -3.2747 5.4937
11.5573 -2.7492 6.7205
10.0939 -3.3245 4.7353
9.5530 -2.0483 5.8446
6.3745 -1.2022 5.8430
6.8812 -1.6082 5.3520
12.4098 -2.0227 8.6525
9.1357 0.6782 4.7321
11.6046 -3.1239 6.0053
8.4933 -3.1330 4.1904
7.5696 -3.1329 3.6571
7.7578 -3.2360 3.5615
12.4653 -1.8553 9.0164
10.9016 -2.0695 6.5802
11.3838 -2.2443 6.5239
-0.8521 -0.2275 4.5509
10.1538 -1.3829 7.7232
13.4699 -0.4088 12.4632
9.5802 -3.3446 4.3988
9.4660 -3.3640 4.2944
7.5075 -1.2246 3.7022
7.6704 -2.9163 4.1445
12.3690 -3.2521 6.1927
5.9430 -1.5332 5.8878
4.9125 -2.3243 3.7249
9.3635 -3.0110 4.9346
9.8915 -3.3380 4.5917
6.7838 -2.5600 4.3386
10.3843 -2.8645 5.8146
9.7018 -3.1237 4.9067
9.8668 -2.8088 5.6261
12.5712 -3.0332 6.7433
5.2324 -0.1313 8.2556
5.1487 -2.3243 3.8613
9.8573 0.7940 4.0826
9.8615 -3.2282 4.7918
9.2280 -3.1330 4.6146
12.7082 -2.4810 7.9166
11.4602 -3.4070 5.3609
9.9413 -2.1800 5.6811
9.7049 0.7586 4.3545
7.9915 -2.3334 4.7180
9.4556 -3.3176 4.3803
7.0537 -3.0846 3.4548
9.1084 -3.2201 4.3731
5.7094 -1.3407 6.1343
12.3003 -3.0332 6.5869
7.6846 -2.8643 4.2558
12.3944 -3.2122 6.2864
10.8697 -1.5314 7.7444
7.4920 -2.2142 4.5462
8.8628 -2.9652 4.7363
9.7138 -2.8778 5.4010
11.6177 -3.0949 6.0703
10.3462 -1.8511 6.6495
7.6555 -0.4932 8.9379
9.9776 -3.1781 4.9582
10.5933 -3.2596 5.1523
10.1872 -2.8231 5.7828
11.9810 -3.3038 5.8662
9.9784 -3.2282 4.8594
12.6850 -2.7016 7.4661
13.5762 -2.0839 9.2048
9.6091 -3.4068 4.2922
10.5015 -3.2202 5.1774
10.7219 -1.8029 7.0001
5.4856 -0.7991 7.0783
9.2939 -3.1514 4.6162
5.6399 -1.9905 4.8065
13.0864 -2.4170 8.2619
2.7706 -0.4930 6.1171
14.0467 -0.3204 12.9714
10.8925 -2.9166 6.0048
11.0674 -3.2747 5.3962
9.5775 -3.3827 4.3216
11.3592 -1.8995 7.4632
7.6821 -0.7992 8.3467
10.7136 -3.0000 5.7362
11.1497 -2.2340 6.4432
10.2594 -3.4069 4.6677
9.4630 -2.8508 5.3095
8.5172 -1.7520 5.8749
9.1247 -1.7542 6.0219
10.3995 -3.1238 5.3095
8.6072 -2.3453 4.8719
13.2714 -2.4811 8.2418
7.5962 -3.1513 3.6361
11.0938 -3.4010 5.1611
8.3954 -3.1780 4.0448
8.5514 -3.3175 3.8583
5.6074 -2.3714 4.0329
12.3712 -2.7797 7.1302
5.0936 -0.2278 7.9842
9.1490 -3.1514 4.5326
3.5467 -0.9993 5.5619
8.5012 -0.2279 9.9520
6.2601 -2.1415 4.8654
8.4989 -2.1627 5.0708
3.8747 -1.4399 4.8781
8.5883 -1.7753 5.6261
11.5948 -2.2762 6.6498
7.3523 -2.1624 4.4084
10.4677 -3.0222 5.5503
10.3949 -3.0111 5.5301
15.2236 -0.3205 13.6510
7.8760 -2.7174 4.6574
10.1787 -3.2362 4.9592
10.2190 -3.2965 4.8630
11.9746 -3.2895 5.8909
7.3973 -3.0745 3.6732
8.1738 -3.3035 3.6680
12.1231 -3.3951 5.7672
11.8838 -1.9142 6.7189
9.4738 -1.0495 7.5356
12.6723 -2.8233 7.2176
9.7139 -3.3828 4.4003
8.4725 -3.4125 3.6244
11.1245 -2.2180 6.4703
10.4843 -3.3889 4.8330
6.6152 -2.8228 3.7205
13.8795 -1.1216 11.2870
10.1921 -3.3107 4.8194
10.8799 -2.5759 6.3602
10.1509 -3.2519 4.9121
11.0437 -2.5764 6.4558
11.3201 -1.3915 9.2741
11.4198 -3.0331 6.0785
8.1574 -3.2891 3.6870
4.5021 -2.1414 3.8503
12.2543 -2.5978 7.4231
8.6493 -0.1314 10.2288
12.1625 -3.1144 6.3463
9.4712 -3.2119 4.5988
6.9158 -2.9531 3.6357
11.3364 -3.2520 5.5966
5.9056 -1.7812 5.3747
11.7257 -3.0949 6.1326
8.9877 -2.2771 5.1472
10.5907 -2.7795 6.1022
8.2709 -2.1321 4.9446
9.9200 -3.2282 4.8256
4.6087 -1.5776 5.0292
10.8393 -3.2519 5.3095
9.1033 -3.2036 4.4028
8.0396 -2.5764 4.7219
12.7240 -2.8233 7.2475
12.7206 -2.7493 7.3922
12.1675 -2.6851 7.2000
12.0768 -3.2364 6.0550
11.5248 -3.3768 5.4581
8.7162 -1.9831 5.6445
9.4412 -2.5316 5.5722
7.2632 -2.7012 4.3357
11.4153 -2.8779 6.3834
8.8196 -3.1141 4.4163
8.1183 -1.2465 6.7078
12.1316 -2.8911 6.7709
12.0389 -2.9536 6.5937
7.2775 -0.7992 8.1130
7.6695 -3.2669 3.4493
3.4488 -1.6207 4.2739
7.9155 -3.2744 3.5764
4.6707 0.0756 8.3411
7.8924 -2.2138 4.8752
14.6078 -0.8689 12.2086
12.2203 -3.2284 6.1537
7.6723 -1.9564 5.2428
5.9317 -2.5210 3.9237
1.8022 0.1867 6.9046
6.4971 -0.7272 7.8051
8.8657 -3.4183 3.8400
4.8881 -0.0302 8.2570
8.8587 -3.4067 3.8589
10.3040 -1.9615 6.3352
3.7574 -0.2277 7.2126
10.8274 -3.4128 4.9840
7.6917 -2.3212 4.5136
11.4261 -2.9291 6.2882
12.3755 -3.1144 6.4693
6.5635 -2.8228 3.6906
6.4585 -2.7641 3.7462
8.0208 -2.3648 4.5806
7.5801 -2.8507 4.2224
10.3056 -3.4009 4.7060
7.7918 -3.0746 3.9010
9.2477 0.7100 4.5364
10.2764 -2.9039 5.6743
10.1734 -3.2282 4.9719
10.7517 -3.1953 5.3712
8.7862 -2.1761 5.1811
9.5645 -0.5745 9.8793
0.3354 -0.6520 4.3955
11.0806 -3.3513 5.2521
7.9742 -3.3764 3.4082
8.9228 -3.0541 4.5948
8.9970 -3.0747 4.5968
11.1084 -3.2363 5.4959
9.6289 -2.1703 5.5598
14.8508 -0.7996 12.4862
9.9665 -2.9886 5.3275
12.1528 -3.2967 5.9794
9.2704 -2.5747 5.4287
13.0282 -1.8190 9.4134
9.2052 0.7063 4.7340
12.8700 -0.3204 12.2919
8.6160 -3.0435 4.4385
8.8261 -2.9885 4.6690
16.0313 -0.1317 14.4916
10.9025 -0.0305 11.7301
8.8224 -0.8686 8.8678
9.8637 0.7998 4.0766
9.6985 -3.3245 4.5070
11.0134 -3.0437 5.8227
6.5191 -0.6246 5.5122
8.1711 -2.7941 4.6759
7.1623 -1.9646 4.8224
6.3046 -2.8227 3.5412
7.9639 -2.9411 4.2648
6.4425 -2.6846 3.8945
9.6352 -1.3204 7.1968
9.0809 -3.3312 4.1370
9.8998 -2.7794 5.7033
7.3761 -1.5032 5.8890
10.9096 -2.7795 6.2863
8.0272 -3.3105 3.5695
9.6234 -2.4532 5.5699
12.2720 -1.9910 8.6359
9.1010 0.5704 4.7990
10.6649 -3.0849 5.5398
8.4996 -1.1002 7.0293
9.4222 -3.3576 4.2818
11.0861 -1.0617 9.7926
9.5447 -2.3951 5.4601
11.7520 -3.4186 5.5063
8.3344 -3.3764 3.6161
12.1567 -2.7016 7.1611
8.6107 -3.1513 4.2218
0.4854 -0.5741 4.6365
7.6277 -2.9411 4.0707
5.4974 -2.4164 3.8802
8.1994 -3.1329 4.0207
6.6429 -2.9410 3.5022
9.7865 -0.8686 9.4246
9.9719 -2.8509 5.6034
9.6500 -2.8909 5.3382
9.8229 -3.3889 4.4512
10.6775 -3.2894 5.1419
10.4705 -2.5757 6.1234
10.8875 -3.3512 5.1406
11.2772 -1.8928 7.2082
8.6717 -0.4086 9.6925
11.3679 -2.7492 6.6111
9.3595 -2.1159 5.5227
12.0497 -2.8646 6.7761
11.1407 -3.2894 5.4094
7.0632 -3.0327 3.5632
8.6159 -3.3639 3.8036
9.9530 -2.7795 5.7340
11.6200 -3.2203 5.8231
12.0445 -2.3005 7.8911
5.3923 -1.8185 5.0044
12.6836 -2.8373 7.1964
7.7357 -3.1235 3.7716
10.1505 -1.7234 6.8837
9.0839 -1.7041 6.4018
9.2150 -2.1924 5.2967
11.9080 -2.3005 7.8123
7.3601 -1.5283 5.6920
11.2532 -3.3641 5.3262
11.9352 -3.2443 5.9577
11.8862 -3.3315 5.7566
10.6356 -2.1535 6.4816
2.7271 -0.9992 5.0887
9.4313 -3.3640 4.2744
1.1823 -0.0301 6.1170
9.2088 -1.9206 5.8193
7.4191 -2.0914 4.7646
11.8641 -3.1783 6.0474
11.7666 -1.7037 8.9132
11.6486 -3.3705 5.5420
12.7046 -2.6512 7.5773
8.7970 -3.1514 4.3293
12.1019 -1.2514 6.3718
10.9327 -2.1655 6.4840
9.6726 -3.3176 4.5056
11.5219 -3.0001 6.2030
11.0421 -2.3981 6.3316
7.5395 -1.2568 3.7998
9.8936 0.7863 4.2296
13.1873 -1.9250 9.2953
7.0647 -2.9997 3.6295
10.6881 -0.7994 10.0825
10.5099 -2.9413 5.7348
5.4072 -1.3912 5.8598
10.8571 -1.8628 6.9996
13.3218 -2.1133 8.9996
11.8437 -3.4070 5.5824
8.8290 -2.4472 5.0973
11.7894 -2.9292 6.4979
7.0035 -2.8228 3.9446
11.4395 -3.3314 5.4987
9.6480 -1.5424 6.7613
8.2072 -3.4125 3.4712
12.3101 -3.0223 6.6140
10.1215 -2.8909 5.6104
9.7586 -3.2965 4.5971
11.6133 -3.1047 6.0483
13.1269 -2.2757 8.5654
9.2498 0.7173 4.6581
8.7193 0.0385 4.6556
6.6038 0.0755 9.4574
10.1994 -3.3704 4.7053
8.9741 -3.3511 4.0359
10.5851 -2.0368 6.6511
6.1130 -2.7173 3.6395
11.8787 -2.7015 7.0005
9.9329 -3.0948 5.0975
12.0838 -3.2284 6.0749
10.6081 -2.8509 5.9707
13.3419 -0.4088 12.3893
4.5194 -1.2885 5.5505
7.9133 -3.2439 3.6356
8.5371 -2.7175 5.0391
4.5349 -1.3911 5.3561
11.6313 -2.8372 6.5888
11.4118 -3.3578 5.4305
10.6478 -2.1805 6.3650
11.4081 -2.3289 6.5220
4.4509 -1.1788 5.7283
13.3686 -2.2757 8.7050
10.9042 -3.0849 5.6780
10.7628 -3.2519 5.2654
7.4417 -1.6887 5.6316
9.2271 -3.1780 4.5249
8.0108 -3.0847 4.0075
10.9747 -0.4087 11.0223
8.7563 -2.9884 4.6287
6.4356 -0.5743 8.0725
7.8368 -1.6338 5.7734
10.5264 -2.9166 5.7934
10.7386 -2.7015 6.3423
9.9844 -3.1867 4.9451
9.4417 -1.7969 6.2306
8.2756 -3.1692 3.9929
10.1268 -0.8686 9.6211
9.3481 -3.3888 4.1770
11.1111 -2.0330 6.9404
8.1095 -3.3948 3.4500
9.6680 -2.6205 5.6885
9.3963 -3.2595 4.4612
8.9263 -2.2065 5.2580
12.1844 -3.1607 6.2673
9.2223 -2.2301 5.2388
9.8084 -2.9653 5.2822
10.4223 -3.2596 5.0536
11.3594 -3.1695 5.7733
6.9071 -2.9410 3.6547
12.1349 -2.1133 8.3144
6.0983 -2.6507 3.7630
4.4556 -1.4873 5.1198
14.1540 -0.8688 11.9465
12.0402 -0.4934 11.4698
11.0466 -2.0760 6.6859
10.5283 -2.0626 6.3413
12.2278 -1.7433 9.1012
8.7734 -1.5441 6.2705
11.2161 -0.2430 7.9679
10.1993 -2.9886 5.4618
12.0827 -3.0223 6.4827
8.3685 -2.5757 4.9103
8.1250 -3.4066 3.4353
9.0109 0.1829 4.7109
12.5451 -0.1315 12.4785
10.9200 -1.9247 7.1464
10.1196 -3.1781 5.0402
7.8771 -2.0665 5.0662
9.3668 -3.3312 4.3020
9.3354 -3.0645 4.8125
11.3167 -2.7336 6.6125
8.2765 -2.7941 4.7367
7.8644 -3.1422 3.8090
9.8960 -2.0675 5.8828
0.1010 -0.4082 4.7432
2.6665 -1.2884 4.4806
11.3199 -3.0749 5.9380
7.3744 -2.7012 4.3999
10.3927 -3.3766 4.8045
7.8589 -1.6082 5.6007
10.1840 -3.2441 4.9466
6.9945 -2.7173 4.1485
8.7658 -1.5643 6.4355
10.6158 -3.0646 5.5517
2.0656 -1.2884 4.1336
7.4836 -2.9411 3.9875
4.8606 -1.0613 6.1978
9.1838 -3.2819 4.2941
-0.1365 -0.3198 4.7812
6.6977 -2.5211 4.3660
4.8580 -0.9994 6.3191
5.4193 -2.4805 3.7082
6.6137 -0.2026 5.2846
9.6002 -1.3887 6.8943
12.0257 -2.7796 6.9308
10.5166 -0.3203 10.9329
4.6997 -1.5776 5.0817
7.3443 -2.1793 4.3583
10.5161 -3.0948 5.4342
10.0925 -0.7274 9.8813
10.0096 -3.3704 4.5957
10.3042 -3.3446 4.8168
10.3594 -1.2052 8.2202
10.1635 -3.1515 5.1183
9.7353 -3.2746 4.6271
5.1027 0.1866 8.8105
11.1334 -2.9535 6.0708
11.4948 -2.9414 6.3034
4.9284 -1.6208 5.1283
9.3479 -3.2518 4.4485
10.8983 -3.0000 5.8429
9.4171 -2.6849 5.6120
2.6850 -0.9350 5.1917
10.6762 -2.2360 6.0935
11.9534 -3.0113 6.4299
6.7318 -2.6155 4.1986
5.9540 -2.5973 3.7854
12.0563 -3.2597 5.9970
11.2306 -1.2889 9.4257
13.0504 -2.0839 8.9013
6.2811 -2.1695 4.8220
11.2846 -3.3767 5.3195
7.8767 -3.0435 4.0117
1.1242 -0.4082 5.3341
7.2654 -3.1140 3.5189
8.2089 -1.3558 6.2319
9.8605 -2.1170 5.7185
13.4205 -0.0306 13.1842
7.5474 -3.0643 3.7801
12.0062 -3.1517 6.1822
4.8230 -2.0222 4.2719
11.9183 -3.0647 6.3037
9.5959 -2.3111 5.4319
5.1746 -2.4164 3.6937
10.1157 -2.9653 5.4597
10.0488 -3.3949 4.5696
7.2032 -2.9997 3.7095
7.5042 -1.3055 3.7544
13.0545 -1.8906 9.2867
12.1164 -3.3514 5.8501
8.3117 -1.7216 5.8115
10.8379 -2.0053 6.6785
10.9692 -3.0749 5.7355
9.4679 -3.0645 4.8889
10.2440 -2.2766 5.7942
9.2979 -3.0329 4.8534
10.7078 -3.1782 5.3798
8.6985 -2.1787 5.1382
4.1161 -1.7427 4.4175
11.1012 -3.3177 5.3304
8.2193 -2.9998 4.2962
7.4302 -1.8991 5.1941
7.6938 -3.2117 3.5726
8.7834 -3.2670 4.0923
8.6615 -2.5311 5.0503
10.4458 -1.1546 8.2966
8.9276 -0.4086 9.8402
8.7760 -2.8508 4.9129
8.1433 -3.2517 3.7530
7.0133 -2.6507 4.2913
4.5867 -0.4930 7.1658
10.9477 -3.0849 5.7031
9.0254 -3.4067 3.9552
8.4780 -3.0540 4.3380
12.2449 -2.7337 7.1484
10.7622 -3.1424 5.4821
10.9399 -0.9997 8.3745
5.3103 -1.3912 5.8039
9.4416 -0.0526 4.9627
9.2081 0.0679 4.7311
8.4244 -2.0763 5.1734
11.5089 -3.2038 5.7917
6.3583 -2.6846 3.8459
9.5964 -2.4844 5.5549
9.9406 -3.3703 4.5559
12.2048 -3.2039 6.1934
11.1401 -2.8779 6.2245
12.2308 -2.8911 6.8283
9.0623 -3.2281 4.3304
9.7462 -2.2215 5.5992
12.2081 -2.3719 7.8440
12.3130 -3.0439 6.5730
11.2761 -1.3411 9.3486
12.6271 -2.7337 7.3691
10.6832 -3.1605 5.4006
12.2690 -3.3247 5.9911
10.1593 -2.9999 5.4162
12.3900 -3.1607 6.3860
3.8536 -0.9350 5.8665
11.3559 -3.1047 5.8997
7.3511 -0.9995 6.4568
8.8651 -3.1423 4.3867
6.1002 -0.8684 7.2960
9.0857 0.2428 4.7110
3.1378 -0.7270 5.8653
8.6853 -3.3639 3.8436
13.5328 -2.0538 9.2396
10.2115 -3.0111 5.4242
11.5073 -2.8232 6.5450
7.7235 -2.3597 4.4714
13.0696 -2.5794 7.9305
7.8042 -3.2818 3.4975
9.6436 -2.8230 5.4690
6.6502 -2.8642 3.6586
8.6213 -2.3077 4.8609
12.1178 -3.2122 6.1268
4.6594 -1.6208 4.9729
9.6997 -3.4126 4.3329
11.3326 -1.8397 7.5432
2.9107 -1.6206 3.9633
7.0807 -2.9883 3.6613
5.8377 -1.5777 5.7388
4.0440 -1.7811 4.2998
7.4247 -2.6847 4.4616
7.7992 -3.2517 3.5543
10.4655 -3.4185 4.7636
12.5888 -1.8553 9.0877
11.1566 -0.6525 10.6441
7.1884 -0.6523 8.3527
7.9680 -3.1140 3.9246
9.7513 -2.9534 5.2729
8.4770 -3.3639 3.7234
7.2984 -0.2278 9.2575
9.6651 0.7720 4.2165
7.7021 -2.9532 4.0897
9.8382 -3.3380 4.5609
7.7926 -3.2118 3.6296
8.2288 -0.3202 9.6118
7.3631 -1.8844 4.1090
10.6443 -3.0000 5.6962
8.2960 -3.1692 4.0047
10.6341 -3.2037 5.2866
12.1519 -1.8190 8.9074
7.9439 -3.0435 4.0505
10.4853 -3.2283 5.1520
11.4432 -2.9535 6.2497
9.5575 -3.2671 4.5392
10.6672 -3.3177 5.0799
9.3759 0.0247 4.9201
8.8624 0.0462 4.6107
10.4481 -2.7491 6.0801
8.3436 -2.1795 4.7576
10.4078 -3.1424 5.2774
3.3070 -0.5742 6.2659
9.0738 -2.9998 4.7895
10.5225 -2.9039 5.8163
11.8617 -3.0113 6.3770
8.9184 -1.8208 5.8590
9.8546 -1.5713 6.7805
9.0858 -3.3445 4.1134
7.1315 -3.1043 3.4607
8.2204 -3.1329 4.0328
12.4440 -1.8190 9.0760
9.9324 -1.4497 7.2793
8.3507 -2.6848 4.9963
7.9232 -3.3826 3.3665
12.2965 -2.5793 7.4841
5.8742 -2.5788 3.7761
10.6888 -2.7335 6.2500
6.2243 -2.6332 3.8703
15.8523 -0.2282 14.1970
8.9583 -2.9998 4.7228
10.3782 -2.7795 5.9795
10.3911 -1.1047 8.3591
8.5428 -1.7547 5.9050
12.0586 -3.0544 6.4053
9.6666 -2.9653 5.2003
3.3216 -0.8683 5.6915
11.2348 -3.2821 5.4782
11.0275 -3.3705 5.1834
5.6281 -2.3000 4.1864
11.3845 -2.7944 6.5312
4.8275 -2.0833 4.1534
6.6527 -2.8368 3.7143
8.8492 -3.4183 3.8305
10.0631 -1.4621 7.4897
7.9124 -2.8776 4.3609
11.1435 -3.0850 5.8162
11.0945 -3.1606 5.6380
14.3882 -0.7996 12.2191
7.9203 -3.0219 4.0795
11.4977 -1.1792 9.7973
13.2815 -2.3249 8.5571
13.9178 -0.4088 12.7218
9.8817 -3.0848 5.0876
7.1504 -1.3327 5.9556
7.0712 -2.8506 3.9286
4.0931 -0.9993 5.8774
7.9317 -3.2280 3.6777
10.2883 -3.2893 4.9173
8.8435 -0.0310 4.8549
7.5526 -3.2034 3.5075
10.0774 -3.3036 4.7671
9.1482 -3.3175 4.2029
13.4503 -2.3249 8.6546
13.3778 -1.7038 9.8435
7.1050 0.0755 9.7469
1.9608 -0.8682 4.9057
14.8894 -0.0306 14.0324
7.4995 -2.8369 4.2032
8.3706 -3.3175 3.7539
10.6163 -3.1424 5.3978
10.2815 -3.3641 4.7652
12.4022 -1.8190 9.0519
11.0128 -3.1047 5.7016
10.1868 -3.3766 4.6856
12.8085 -2.4388 8.0583
9.9632 -3.3576 4.5941
11.1262 -1.3915 9.1621
10.8037 -1.2060 8.4975
12.9302 -1.1216 10.7389
8.8704 -2.8644 4.9405
7.7415 -2.9036 4.2107
7.4751 -2.9163 4.0318
11.9081 -2.0908 6.8213
11.9516 -0.0305 12.3359
11.7114 -3.1606 5.9942
8.0849 -3.2669 3.6890
10.7156 -2.0829 6.6371
11.2645 -2.7177 6.6138
5.8834 -0.5743 7.7536
9.2412 0.0370 4.8768
7.5692 -2.8086 4.2995
6.6176 -0.3242 5.3682
11.9674 -1.4877 9.4572
12.6346 -2.8090 7.2242
9.1348 0.2361 4.6672
9.8694 -3.3511 4.5528
10.4350 -1.6777 7.2839
10.7579 -2.9886 5.7843
9.5155 -2.6681 5.7021
7.7575 -2.9997 4.0295
8.5407 -3.0644 4.3537
3.2174 -1.2884 4.7987
7.7808 -0.4932 9.0102
9.9903 -2.2722 5.6366
10.5289 -3.4127 4.8117
11.8469 -3.2038 5.9868
12.8223 -2.3487 8.2448
4.5140 -2.1968 3.7475
9.5448 -3.0747 4.9131
10.7136 -3.2037 5.3325
7.4056 -3.1865 3.4562
12.0953 -2.9415 6.6502
8.6124 -2.9412 4.6393
12.8025 -2.1133 8.6998
10.4178 -3.0111 5.5433
7.4766 -3.2117 3.4471
10.8557 -3.2283 5.3658
15.5505 -0.3205 13.8398
0.4847 -0.4082 4.9648
11.3747 -3.2520 5.6187
4.8168 -1.2346 5.8290
12.3102 -0.2280 12.1515
12.0822 -3.2521 6.0271
8.8048 -1.9951 5.3425
2.6153 -1.5330 3.9663
8.1242 -2.3476 4.6727
9.2525 -2.2153 5.2975
12.1491 -2.0838 8.3809
10.8362 -3.2283 5.3546
7.3499 -2.9651 3.8628
14.7212 -0.8689 12.2741
8.9139 -3.2440 4.2133
9.2804 -1.7955 6.1301
9.2906 -0.0311 4.8614
8.3751 -3.2439 3.9023
11.1449 -3.3951 5.2024
10.4165 -3.3889 4.7939
9.2418 -3.0947 4.6985
8.3233 -1.2359 6.5966
10.6590 -2.8510 6.0000
11.5395 -3.1782 5.8600
11.6438 -3.2121 5.8531
0.7332 0.0757 6.0673
11.6078 -3.2821 5.6935
7.9651 -2.1966 4.8654
12.0626 -3.3706 5.7810
9.0804 0.4448 4.7492
6.7961 -2.6678 4.1319
7.8332 -3.0540 3.9657
11.6699 -3.3038 5.6865
10.6239 -1.5082 7.8114
10.5744 -3.2037 5.2522
12.2531 -3.0851 6.4568
8.6082 -2.8229 4.8712
3.4641 -0.9350 5.6416
7.5183 -3.0434 3.8047
8.1760 -3.4007 3.4765
7.9424 -1.7477 5.3040
12.2690 -2.3248 7.9725
8.4546 -0.0304 10.3165
11.7604 -2.7177 6.9002
11.8597 -1.8189 8.7387
4.1093 -1.0613 5.7640
11.7113 -2.2756 7.7481
9.2578 -2.7490 5.3928
4.7527 -1.6626 4.9439
9.2763 -3.1693 4.5706
5.7398 -2.4596 3.9346
7.5491 -0.6523 8.5610
7.8739 -3.0109 4.0746
5.8068 -2.5973 3.7005
10.9757 -3.3704 5.1535
10.1749 -2.6849 6.0495
10.5378 -3.3107 5.0189
11.6656 -2.8779 6.5279
13.3937 -0.7275 11.7875
7.8904 -1.6352 5.5263
8.4545 -3.1236 4.1866
8.4459 -3.0847 4.2587
8.9461 -2.8644 4.9842
11.4599 -3.1143 5.9406
13.2305 -2.2757 8.6252
10.1863 -2.0507 5.8931
9.1193 -2.7942 5.2234
2.8659 -1.6206 3.9374
14.8008 -0.1316 13.7811
4.4307 -1.9904 4.1083
4.7907 -1.5776 5.1343
10.3404 -2.5294 6.0156
7.8209 -2.7174 4.6256
10.2218 -3.4009 4.6576
8.4368 -3.0435 4.3351
12.4062 -1.2351 10.2114
8.6364 -3.2594 4.0225
8.2104 -2.6848 4.9153
14.9136 -0.9999 12.1255
7.9122 -3.2280 3.6664
7.9355 -3.2963 3.5445
10.3669 -2.7491 6.0332
11.3600 -2.1544 6.7969
4.0177 -1.4399 4.9607
9.0081 -0.3591 5.1691
9.5127 -1.9578 6.0019
8.6384 -3.0435 4.4515
7.2889 -3.0327 3.6935
9.4145 0.0405 4.9141
9.0152 -3.3445 4.0726
10.7146 -3.1143 5.5103
4.4192 -1.2885 5.4926
8.3725 -1.5680 6.2396
11.5443 -2.0711 7.1994
3.3024 -1.4399 4.5477
11.5405 -3.4128 5.3957
9.0276 -2.9998 4.7628
11.7731 -3.1606 6.0298
8.0381 -2.8507 4.4868
8.8950 -3.3175 4.0567
6.2087 -2.1695 4.7802
12.6063 -1.3411 10.1168
8.1561 -1.3308 6.5065
10.6756 -0.6525 10.3664
8.6490 -2.1199 5.2272
12.3365 -2.3248 8.0115
5.5671 -1.7812 5.1792
5.4237 -2.4596 3.7521
10.6450 -3.4127 4.8787
9.0356 -2.9885 4.7900
6.7807 -0.8685 7.6889
7.8635 -3.1329 3.8268
14.3604 -1.0618 11.6833
5.4448 -1.9905 4.6939
6.0436 -2.5407 3.9494
5.0691 -1.3407 5.7646
8.4693 -1.9315 5.5943
8.4734 -1.1470 6.8853
9.0906 -3.2819 4.2402
8.5131 -3.2361 3.9975
7.8267 -2.9997 4.0695
7.8183 -3.2517 3.5654
10.1594 -3.4068 4.6099
12.6055 -2.6337 7.5547
5.8807 -1.8548 5.2145
10.0233 -3.2595 4.8232
12.1964 -3.0223 6.5484
12.1869 -2.9772 6.6323
11.7346 -1.8189 8.6664
5.0726 -1.1789 6.0873
7.9022 -3.3378 3.4432
12.9337 -1.2890 10.4091
8.5388 -0.8686 8.7041
12.3375 -3.1517 6.3735
9.0787 -3.2745 4.2480
8.6739 -3.3244 3.9155
13.1115 -2.5412 8.0302
8.7002 -1.9820 5.3576
5.7569 -1.9905 4.8741
9.7621 -3.3949 4.4041
14.1121 -0.3204 13.0092
11.5426 -2.7944 6.6225
9.6065 -2.3256 5.4739
10.3555 -2.9166 5.6948
9.8732 -1.6022 6.7190
13.6158 -1.1216 11.1348
9.1431 -2.9998 4.8295
7.9285 -1.7218 5.5919
2.0742 -0.8682 4.9712
7.1873 -1.3331 5.9828
10.4750 -3.2037 5.1948
12.6818 -0.1315 12.5574
10.2302 -1.6099 7.2970
8.4189 -2.3600 4.8736
10.8744 -3.3890 5.0582
9.8503 -3.3828 4.4791
9.8711 -3.1952 4.8627
11.5127 -1.6631 8.8472
8.7612 -0.3222 4.6558
8.0098 -3.2118 3.7550
11.7127 -1.7432 8.8038
11.5566 -3.3108 5.6072
11.4898 -3.2966 5.5966
15.6269 0.0752 14.6680
9.2559 0.0411 4.8241
7.6401 -2.2780 4.5373
4.3556 -2.1414 3.7657
8.7446 -2.9652 4.6680
1.6132 -0.7989 4.8423
9.7136 -1.1214 8.8816
9.4253 -3.2671 4.4629
9.2208 -0.1587 5.2409
11.4615 -3.0438 6.0814
8.5247 -2.9164 4.6378
8.7582 -1.9423 5.6504
10.9898 -2.8510 6.1910
11.6474 -2.9772 6.3208
9.4778 -2.9885 5.0453
11.9992 -2.9040 6.6690
11.5862 -2.9535 6.3322
7.5288 -3.0746 3.7491
12.4817 -1.0617 10.5984
11.6882 -3.3038 5.6971
11.3053 -3.3642 5.3563
6.8507 -1.5741 5.4134
12.8475 -2.8511 7.2636
9.3054 -3.3379 4.2533
4.8554 -0.9351 6.4450
8.6459 -1.6138 6.0950
9.4550 -3.3036 4.4077
10.1867 -2.9653 5.5006
3.1737 -0.7990 5.7433
11.9041 -3.3315 5.7669
10.4429 -3.4069 4.7736
4.3190 -1.2885 5.4348
11.2193 -2.1325 6.7512
8.0446 -3.3311 3.5386
12.1275 -3.3038 5.9507
9.1707 -3.1952 4.4583
2.5180 -0.9350 5.0953
9.6731 -0.8686 9.3591
12.2007 -3.3706 5.8607
4.5241 -0.4930 7.1296
9.2933 -2.4380 5.3441
8.6129 -2.8777 4.7654
12.0461 -2.2240 8.0436
8.1342 -1.0615 8.0880
9.4730 -3.2892 4.4465
10.6697 -3.1046 5.5035
11.4113 0.1864 12.4536
7.8059 -3.1691 3.7217
10.4804 -3.1143 5.3751
12.8729 -2.8511 7.2783
12.1788 -0.6526 11.2344
8.1195 -2.7793 4.6754
10.3799 -2.9166 5.7089
4.3264 -1.8900 4.2470
10.3656 -3.3889 4.7645
12.0523 -3.3448 5.8261
11.4899 -2.2211 6.7793
10.3209 -2.9999 5.5096
8.7505 -2.9533 4.6950
10.3490 -3.0111 5.5036
8.1505 -2.0156 4.9205
2.4586 -1.3405 4.2572
7.0496 -2.7173 4.1803
12.8929 -2.7646 7.4613
9.1523 -3.3312 4.1782
3.9141 -1.1211 5.5327
10.6489 -2.0668 6.6668
11.3921 -0.0305 12.0128
11.5500 -3.3246 5.5759
9.6264 -2.7014 5.7002
9.5213 0.7208 4.4861
14.5617 -0.7996 12.3193
11.9703 -3.3578 5.7529
10.7720 -3.0748 5.6216
9.4289 -2.3513 5.3608
0.5486 -0.4082 5.0017
11.3801 -3.0949 5.9331
7.7979 -3.2439 3.5690
11.2203 -3.2597 5.5143
13.4816 -1.9911 9.3343
8.7173 -3.0644 4.4556
6.7580 -2.7332 3.9804
11.4235 -3.1606 5.8280
6.6943 -1.1511 6.0115
8.8714 -2.3122 5.0165
8.6806 -2.2722 4.9572
8.9910 -2.0394 5.3751
10.9435 -3.4128 5.0510
7.8451 -2.1868 4.8691
7.8332 -3.2199 3.6368
7.6370 -3.2199 3.5235
12.3327 -1.7038 9.2400
9.8464 -3.3107 4.6198
7.9885 -3.0109 4.1407
10.0131 -1.5609 7.1271
10.8998 -3.2894 5.2703
10.9895 -2.3632 6.2902
8.1782 -1.5614 6.0726
14.7496 -0.4088 13.2021
12.4432 -2.9292 6.8754
12.0724 -1.3057 6.3911
7.2253 -2.0602 4.5431
7.9397 -2.2051 4.6845
10.9013 -3.0437 5.7580
3.0706 -1.1210 5.0457
4.9673 -0.9994 6.3822
9.1686 -3.1045 4.6368
9.0704 -2.7013 5.3791
7.5509 -2.8369 4.2329
8.0454 -3.3105 3.5800
8.3057 -3.2891 3.7726
13.7222 -1.6632 10.1230
11.8992 -1.8165 6.6920
12.3308 -3.2521 6.1707
8.1187 -3.0946 4.0501
11.9827 -2.8911 6.6850
10.3624 -3.2893 4.9601
4.0231 -0.4930 6.8403
12.2481 -3.3891 5.8514
11.4733 -3.2442 5.6910
8.4151 -3.1141 4.1827
13.8328 -1.9911 9.5370
7.4008 -1.9784 5.0179
9.7708 -0.2279 10.6851
12.5535 -1.5336 9.7048
11.8659 -3.3108 5.7857
13.2461 -0.5746 12.0052
11.9142 -1.7209 6.6656
12.3207 -1.0617 10.5054
7.7753 -3.3243 3.3966
12.4348 -2.7016 7.3216
12.2891 -1.7038 9.2149
10.1124 0.0754 11.4836
12.4779 -2.8090 7.1337
7.1698 -3.0219 3.6462
7.8864 -2.8643 4.3724
12.2951 -3.2673 6.1199
9.8959 -2.2042 5.5587
13.1689 -2.4602 8.2240
11.0976 -3.3577 5.2491
12.6749 -2.0839 8.6844
7.9402 -3.3826 3.3763
12.2490 -0.7995 10.9838
7.4227 -1.6768 4.0046
10.1431 -0.4086 10.5421
7.9911 -3.3444 3.4813
11.8581 -3.3448 5.7140
9.1107 -3.3888 4.0400
7.3287 -2.9163 3.9472
10.5955 -3.1424 5.3858
12.0719 -1.2036 6.3893
10.2040 -3.3766 4.6955
12.1829 -3.3382 5.9146
12.6759 -1.7817 9.2839
6.4535 -2.5600 4.1479
13.4726 -1.7434 9.8200
6.6036 -2.5600 4.2346
12.8280 -2.4170 8.1127
10.1184 -3.1142 5.1661
9.2977 -1.9392 5.9486
9.0194 -0.4307 4.8048
7.6848 -2.5321 4.4888
11.0324 -1.0617 9.7616
11.4441 -2.8646 6.4264
4.5591 -0.2277 7.6756
13.0357 -1.1216 10.7998
11.0175 -2.0771 6.6728
10.6856 -1.7724 7.0212
7.9651 -0.0304 10.0338
6.1600 -2.5973 3.9044
8.1926 -3.1779 3.9276
7.9504 -2.2215 4.6480
10.5716 -3.3512 4.9582
8.5511 -2.9769 4.5331
10.6173 -2.7795 6.1176
11.0109 -3.3037 5.3060
12.0623 -3.1333 6.2510
6.0229 -2.5788 3.8619
9.4274 -0.0316 4.9390
9.3753 -1.9644 5.6810
8.5669 -2.0777 5.2605
10.4263 -0.1315 11.2549
6.6910 -2.9410 3.5299
12.0144 -1.4877 9.4843
5.0602 -1.7428 4.9626
11.3943 -3.0438 6.0426
7.4162 -2.9532 3.9246
11.1267 -2.1764 6.5329
8.7085 -2.9412 4.6947
11.8041 -2.8511 6.6612
7.6997 -2.8086 4.3749
8.2769 -3.3311 3.6727
7.3478 -0.8685 8.0164
10.8671 -2.9039 6.0153
10.4452 -1.8592 6.9300
9.8696 -3.4009 4.4543
8.2160 -3.0220 4.2503
12.9053 0.0753 13.0964
11.8987 -3.3382 5.7505
7.5131 -2.2370 4.6254
9.2551 -1.0994 7.4191
11.6889 -2.9887 6.3219
11.1616 -1.6212 8.7274
7.8754 -2.1435 4.7518
13.3959 -2.1133 9.0425
12.6435 -2.2756 8.2863
9.7777 -3.1142 4.9694
9.0404 -3.2964 4.1825
7.3199 -2.8369 4.0995
10.5467 -3.2363 5.1716
7.9492 -3.1779 3.7871
10.8424 -3.1143 5.5841
12.6665 -2.4170 8.0195
6.4218 -2.8368 3.5810
13.6903 -1.3412 10.7427
8.8196 -2.4843 5.1064
8.6341 -2.8229 4.8861
10.0128 -3.0221 5.2877
9.1044 -3.3949 4.0244
5.8044 -1.5332 5.8077
10.1331 -0.0304 11.2858
8.8124 -0.0465 4.6179
7.8267 -2.3996 4.4792
8.0004 -1.8616 5.5312
9.0804 -2.6848 5.4176
9.0468 -3.2892 4.2005
9.9190 -2.2362 5.5788
10.0708 -3.4009 4.5705
8.9201 -3.3312 4.0441
7.1771 -2.6333 4.4204
12.2473 -2.8373 6.9444
9.7945 -3.0329 5.1401
11.9689 -3.0223 6.4171
10.1805 -3.2671 4.8990
6.4258 -2.1696 4.9056
11.0760 -3.1238 5.7002
7.3785 -1.9037 4.0820
11.4001 -3.3890 5.3618
11.0112 -3.2747 5.3637
10.7189 -2.5288 6.2328
11.7863 -3.2364 5.8873
11.2720 -2.9771 6.1041
8.9228 -3.2819 4.1433
8.5096 -2.7175 5.0232
6.0934 -2.3244 4.4068
9.3827 -2.1190 5.5454
10.5796 -3.2747 5.1146
0.6126 -0.4082 5.0387
11.7315 -3.1239 6.0786
2.7113 -0.7990 5.4764
9.8849 -3.3313 4.6012
9.8828 -1.5339 6.8253
12.5242 -3.1333 6.5177
13.4943 -1.8553 9.6106
8.1586 -2.9164 4.4264
2.2941 -0.1311 6.5589
9.5732 -2.9413 5.1940
6.5997 -2.8642 3.6295
10.2343 -3.3950 4.6767
11.2809 -3.2442 5.5799
8.7632 -3.3765 3.8637
4.0840 -1.3406 5.1957
11.7025 -3.4186 5.4778
12.3067 -3.2204 6.2196
10.4392 -1.9501 6.5057
10.1861 -1.2420 7.8014
11.6924 -3.1954 5.9143
5.9374 -2.3714 4.2234
8.4500 -1.9402 5.4634
11.4685 -3.0222 6.1281
-0.6438 -0.1310 4.8623
11.7087 -0.2280 11.8042
7.7624 -3.2593 3.5179
0.5900 0.0757 5.9847
10.2127 -3.0542 5.3395
0.7701 -0.8682 4.2181
8.0564 -3.0328 4.1366
7.8331 -2.8369 4.3958
8.6900 -2.9289 4.7084
9.1860 -3.1330 4.5904
9.8044 -2.2494 5.5469
10.0626 -1.6859 6.6060
10.1355 -1.1214 9.1251
3.5657 -1.3910 4.7965
7.7231 -2.2566 4.6148
4.7358 -1.9244 4.4154
7.9167 -1.3724 6.2901
3.6899 -1.3406 4.9682
11.0158 -2.3355 6.3119
10.2834 -2.1361 5.7563
11.4899 -2.7944 6.5921
11.9362 -2.9655 6.5107
8.5318 -2.9652 4.5452
9.6514 -2.7334 5.6510
11.7265 -2.3677 6.7264
6.2708 -2.7641 3.6379
-0.6517 -0.2275 4.6666
11.5228 -3.1695 5.8677
11.6718 -3.3314 5.6328
10.1455 -3.2441 4.9244
8.6728 -3.1514 4.2576
9.5293 -1.6406 6.5087
12.0258 -3.2039 6.0901
4.0459 -0.3200 7.1963
11.6574 -2.2240 7.8191
10.6186 -3.0748 5.5331
11.8985 -3.0950 6.2324
8.2455 -3.3105 3.6955
13.0657 -2.6852 7.7186
11.9441 -3.1517 6.1463
9.4080 -2.9885 5.0050
12.9470 -1.9250 9.1565
9.8432 -0.8686 9.4573
8.5399 -2.1373 5.1160
10.9747 -3.3246 5.2438
11.9934 -3.3315 5.8185
12.9020 -1.3412 10.2875
13.0951 -1.8906 9.3101
12.9315 -2.5978 7.8141
8.2856 -1.6490 6.1432
9.4996 -2.0943 5.5362
10.8619 -3.2821 5.2629
11.6015 -0.8687 10.4726
12.2662 -3.3109 6.0168
10.4748 -1.3422 8.0191
5.5733 -1.5332 5.6743
11.1741 -3.0112 5.9800
7.5470 -2.8228 4.2584
9.0883 -2.8777 5.0399
8.7503 -1.2760 6.7125
10.0060 -2.8231 5.6782
9.7458 0.8365 4.1429
12.3915 -3.1783 6.3519
7.5019 -1.3613 3.7904
8.4805 -0.8946 7.2592
10.5393 -3.1605 5.3175
9.7333 -3.2362 4.7020
6.9186 -2.8506 3.8405
13.3460 -2.1974 8.8470
8.7503 -3.3948 3.8199
12.1075 -2.1700 8.1862
7.9269 -2.2552 4.8206
13.3405 -1.0618 11.0944
7.4782 -1.3897 3.7957
11.6251 -0.7274 10.7663
9.0876 -3.3949 4.0146
10.1256 -2.9413 5.5129
9.8323 -2.0010 5.9570
13.5865 -2.1421 9.0956
6.9953 -2.9650 3.6580
10.2212 -0.1314 11.1365
10.1011 -3.3766 4.6361
8.1655 -3.0644 4.1370
7.9044 -2.7333 4.6423
7.9910 -3.3311 3.5077
4.7179 -0.5743 7.0806
9.2842 -0.9996 8.8749
7.3148 -2.0070 4.1937
9.5883 -1.1003 7.6595
11.3871 -2.8910 6.3411
12.6076 -2.5978 7.6271
10.8582 -3.3950 5.0369
3.6473 -0.4930 6.6233
11.0609 -2.9771 5.9822
11.4551 -1.7432 8.6551
9.3665 -3.4009 4.1639
0.3209 -0.3198 5.0453
12.6014 -2.9168 6.9915
9.3293 -0.0798 4.8951
10.9870 -1.9462 7.1113
8.2752 -3.3378 3.6585
11.0297 -1.3410 9.2064
7.2209 -2.6679 4.3773
12.2118 -2.7796 7.0382
8.8176 -2.7643 5.1083
13.8538 -0.4088 12.6849
0.5790 -0.4929 4.8515
9.9636 -3.1605 4.9850
4.9393 -2.0531 4.2778
11.5093 -3.1516 5.8953
9.9882 -1.2494 7.8486
7.2852 -2.1301 4.1794
7.9894 -3.1329 3.8995
11.9096 -3.0438 6.3401
10.8114 -2.1568 6.5935
11.3215 -2.9654 6.1558
8.2802 -3.3175 3.7017
11.5865 -2.3484 6.5991
7.3880 -2.9997 3.8162
9.6569 -3.3640 4.4046
10.7517 -2.1262 6.5703
5.8616 -2.5407 3.8443
9.9283 -3.1423 5.0006
7.4671 -1.7535 5.5173
9.9312 -3.1953 4.8974
9.7483 -2.1459 5.7412
12.0958 -2.7944 6.9419
11.0432 -3.4069 5.1202
8.5686 -3.2819 3.9388
10.1921 -3.0948 5.2472
8.4322 -2.4000 4.8296
10.6035 -2.2782 6.0056
8.7893 -1.4805 6.4795
8.6865 -2.9884 4.5884
10.2500 -2.0745 6.0060
10.5496 -3.0646 5.5135
6.5117 -2.8228 3.6607
11.3001 -3.2442 5.5910
12.0713 -2.5015 7.5083
5.1654 -2.0833 4.3485
1.2358 -0.3199 5.5736
8.9455 -3.3639 3.9939
9.7945 -2.3498 5.5680
11.4657 -3.3108 5.5546
10.3044 -2.3994 5.9087
11.4586 -1.9583 8.2308
11.6277 -3.0223 6.2201
6.7765 -1.5037 5.5486
6.7859 -1.2468 5.9475
8.2192 -0.4932 9.2634
7.3179 -2.1433 4.5339
10.9006 -3.0330 5.7787
11.1912 0.1864 12.3265
9.9571 -3.3512 4.6035
4.2736 -0.4930 6.9850
11.1994 -2.0112 6.9095
4.9250 -1.4873 5.3908
11.4386 -3.1143 5.9283
9.1733 -3.3106 4.2312
9.8707 -3.0436 5.1629
10.9253 -3.3890 5.0876
5.0648 -1.5332 5.3807
12.8850 -0.7995 11.3511
6.3264 -2.4805 4.2319
2.0786 -0.6521 5.4021
9.3285 -2.3484 5.2957
12.8248 -1.1216 10.6780
8.2210 -2.9884 4.3197
12.2452 -3.3768 5.8741
8.7376 -2.8230 4.9459
8.0911 -3.4125 3.4042
10.0717 -3.2965 4.7779
9.7782 0.7468 4.1575
7.7097 -2.1592 4.8111
12.6898 -2.9888 6.8998
10.1075 -3.1605 5.0681
8.8198 -2.9998 4.6428
12.0272 -2.6851 7.1190
12.0736 -2.4388 7.6339
12.4822 -3.1333 6.4934
5.5526 -1.3912 5.9438
8.9973 -3.2361 4.2771
11.4514 -3.0749 6.0139
7.8241 -2.7489 4.5651
10.7449 -3.1605 5.4362
13.2036 -1.7038 9.7430
8.7659 -0.2966 4.6523
12.5831 -3.0223 6.7716
8.7771 -3.3312 3.9616
11.6481 -3.2038 5.8720
8.1327 -3.1692 3.9104
2.4741 -1.2345 4.4763
11.4085 -2.9040 6.3279
2.2233 -1.1787 4.4420
9.5683 -2.7644 5.5417
9.0321 0.0114 4.7589
11.3311 -1.7037 8.6617
13.3589 -2.1133 9.0211
13.2930 -0.4934 12.1932
10.9028 -2.1551 6.5352
0.3627 -0.5741 4.5657
5.0502 -2.1968 4.0571
8.4199 -1.9642 5.3971
11.0441 -2.6225 6.4871
10.9488 -3.1143 5.6456
10.8021 -3.3641 5.0658
9.2070 0.7771 4.5423
8.2448 -0.0304 10.1954
9.4613 -2.5748 5.5391
9.5097 -3.3312 4.3845
10.9093 -3.4010 5.0546
8.9840 -3.2036 4.3339
12.0109 -1.4282 6.4961
12.3509 -3.1783 6.3285
1.3523 -0.2276 5.8238
11.1469 -2.3630 6.3807
4.6398 -2.0833 4.0450
7.6598 -2.9768 4.0185
10.6951 -1.8613 6.8994
11.8118 -3.3830 5.6115
9.0857 -2.7643 5.2631
11.3051 -2.9291 6.2183
4.5900 -1.4400 5.2912
6.8193 -2.6155 4.2491
10.6171 -3.2747 5.1362
11.4714 -3.2966 5.5860
9.2035 -2.8230 5.2149
8.0217 -1.6594 5.7671
5.3053 -1.4400 5.7042
12.2362 -3.3382 5.9454
9.0334 0.5426 4.7577
11.0427 -2.4479 6.3767
8.5569 -3.2670 3.9615
8.4223 -3.3243 3.7702
9.1615 -2.5746 5.3655
9.1904 -3.1514 4.5565
11.5655 -2.8779 6.4701
10.1804 -3.1781 5.0753
9.0170 -3.2119 4.3365
9.3134 -3.0645 4.7997
11.1927 -3.3108 5.3971
9.8374 -2.1133 5.6942
5.5479 -1.6627 5.4030
2.2089 -1.3910 4.0131
10.3472 -3.3577 4.8158
11.5384 -3.3108 5.5967
9.6728 -2.1857 5.5421
9.0504 -2.1191 5.2575
9.3833 -3.4009 4.1735
5.9318 -1.7034 5.5441
9.5134 -2.9038 5.2338
9.4892 0.7974 4.3246
11.0288 -1.4404 9.0090
10.0149 0.8101 4.1894
3.2076 -1.1788 5.0104
10.8316 -3.0222 5.7604
8.1816 -3.2517 3.7751
9.5309 -3.1952 4.6663
9.2104 0.1864 11.1827
9.3182 -1.9636 5.9131
7.2954 -3.1691 3.4270
6.9276 -2.6507 4.2418
12.3277 -1.6212 9.4007
15.1399 -0.7996 12.6531
12.2457 -3.0439 6.5342
11.8411 -3.3891 5.6164
8.8856 0.0721 4.6234
11.2138 -0.1633 7.9133
11.8986 -3.1869 6.0502
8.0299 -3.1951 3.7997
10.9534 -3.2363 5.4065
11.3222 -3.0647 5.9596
8.5313 -3.2819 3.9173
4.5994 -1.1211 5.9285
8.6212 -2.6210 5.0856
11.3346 -3.0112 6.0726
7.0214 -2.7641 4.0713
7.2004 -0.4085 8.8429
9.9561 -1.9989 5.9041
7.9319 -2.5756 4.6580
4.4807 -0.1312 7.8216
7.1280 -3.0643 3.5380
9.4435 -3.2518 4.5037
7.4640 -1.6009 3.9320
8.5724 -2.8508 4.7953
6.3275 -2.7939 3.6115
6.4276 -2.2236 4.7995
6.9069 -2.7940 3.9460
12.0844 -2.1420 8.2283
-0.6355 -0.0300 5.0672
5.5229 -1.9905 4.7389
8.9601 -3.2819 4.1649
6.7870 -2.9410 3.5854
8.8523 -2.8508 4.9569
10.4531 -2.9166 5.7511
8.3869 -3.2670 3.8634
11.9266 -2.1700 8.0817
4.9570 0.0756 8.5065
8.9192 -2.9885 4.7228
8.7459 -1.9926 5.5568
5.2378 -0.0303 8.4589
3.6680 -1.2885 5.0589
7.3836 -2.1409 4.5644
9.3590 -3.4068 4.1478
10.6644 -1.9687 6.8609
8.9825 -2.2209 5.2420
12.4482 -2.6851 7.3621
12.0605 -3.4070 5.7075
15.1751 -0.8689 12.5361
9.5376 -3.2965 4.4696
9.7593 -3.2036 4.7815
11.7465 -2.6850 6.9569
8.7666 0.0437 4.6213
8.5562 -3.1330 4.2267
7.9654 -1.8513 5.6606
7.6583 -3.1513 3.6719
10.2928 -3.4069 4.6869
10.0057 -2.3153 5.6789
12.5098 -0.5746 11.5800
10.1222 -1.7181 6.8351
12.0220 -2.2756 7.9275
11.2088 -3.4128 5.2042
5.1175 -2.2751 3.9409
5.9927 -2.4596 4.0806
12.2644 -3.2039 6.2279
9.2527 -3.0329 4.8273
7.3653 -0.2278 9.2961
11.5159 -2.1848 6.7823
9.2090 -2.7794 5.3044
9.4482 -0.9996 8.9696
2.4144 -0.8682 5.1676
2.2365 0.0757 6.9355
7.9008 -2.6679 4.7698
11.9198 -2.9536 6.5249
10.5899 -2.0601 6.6085
11.8149 -2.2756 7.8079
5.6776 -2.2496 4.3148
7.2451 -2.2934 4.2655
7.5930 -2.6847 4.5588
6.1645 -2.1128 4.8671
9.4888 -2.9038 5.2195
7.8960 -2.9997 4.1095
12.6665 -2.7493 7.3609
6.0229 -1.1212 6.7504
11.6210 -1.3411 9.5478
9.2286 -3.4184 4.0495
10.1924 -2.3496 5.8714
8.6179 -3.2200 4.0899
10.9062 -3.3641 5.1259
11.4027 -3.2821 5.5751
11.1618 -3.3951 5.2122
8.9857 -0.0161 4.9847
9.8164 -3.0848 5.0500
11.8882 -3.3513 5.7183
11.3075 -3.2894 5.5057
7.8835 -2.8229 4.4527
5.3668 -1.9905 4.6488
7.0753 -2.9410 3.7518
1.1422 0.1867 6.5235
12.9666 -1.2351 10.5349
9.8183 -3.2441 4.7355
9.4556 -1.5750 6.5793
9.7373 -3.3106 4.5568
13.3115 -1.1793 10.8446
12.4339 -3.2122 6.3092
9.9042 -3.2746 4.7246
10.5330 -2.0849 6.3079
12.4563 -2.9655 6.8111
8.5303 -3.1951 4.0886
10.6717 -3.1953 5.3250
11.1855 -2.9166 6.1740
6.1080 -1.9905 5.0768
6.2993 -2.5210 4.1360
11.5171 -3.0749 6.0518
13.7824 -1.8554 9.7769
8.8690 -3.0329 4.6058
3.7626 -1.6207 4.4552
12.8266 -2.5216 7.9047
4.4923 -0.2277 7.6370
7.5594 -2.5157 4.3801
11.4281 -2.5842 6.6948
12.7857 -2.7646 7.3994
11.5140 -3.3246 5.5552
4.4075 -1.8900 4.2939
7.4018 -3.0327 3.7587
11.5740 -3.2747 5.6887
13.1042 -1.1793 10.7249
11.1583 -3.2966 5.4052
5.6750 -1.8548 5.0957
11.7133 -3.0331 6.2480
12.2431 -3.2443 6.1355
12.1289 -2.7016 7.1450
7.3086 -0.6523 8.4221
4.0984 -0.7991 6.2773
8.7895 -0.2967 4.6657
12.0874 -3.2673 5.9999
9.1231 -1.8754 5.8862
9.4751 -3.3827 4.2625
13.1376 -2.5979 7.9331
11.6368 -2.8232 6.6198
10.5110 -2.7795 6.0562
0.4839 -0.2276 5.3223
10.8669 -3.3246 5.1815
14.5957 -0.1316 13.6626
11.5492 -2.9887 6.2413
9.7130 -1.3557 7.0983
10.4943 -3.0330 5.5441
9.8172 -3.3176 4.5891
5.5640 -2.5210 3.7114
6.2015 -2.2497 4.6172
8.9463 -3.2518 4.2167
8.8951 0.0754 10.7806
7.2059 -3.0846 3.5428
10.9438 -3.4185 5.0397
12.0665 -3.0438 6.4307
8.8038 -0.3481 4.6862
6.9345 -1.4625 5.6900
8.4555 -3.3311 3.7759
5.2346 -2.1415 4.2733
11.6927 -2.2240 7.8395
9.3196 -2.4382 5.3597
3.9854 -1.3406 5.1389
10.2810 -1.0616 9.3277
7.8854 -2.8507 4.3987
11.5155 -1.0617 10.0405
13.6589 -1.8553 9.7056
10.4762 -3.4069 4.7928
9.1430 -3.2036 4.4257
11.7656 -1.8552 8.6124
10.9624 -2.7645 6.3467
10.5763 -3.4069 4.8506
7.5839 -1.3826 6.2362
8.5892 -3.0541 4.4022
12.2793 -3.3315 5.9836
8.9341 -3.1330 4.4449
8.3119 -3.3948 3.5668
9.7245 -2.8909 5.3812
11.8381 -3.1869 6.0153
4.5855 -2.1968 3.7888
11.0110 -3.2894 5.3345
0.4171 -0.2276 5.2838
11.3241 -1.8573 7.4276
9.5859 -2.9290 5.2257
10.1825 -2.7014 6.0212
9.5546 -3.1045 4.8597
4.6750 -1.3407 5.5370
10.4693 -3.3577 4.8863
9.5299 -2.0102 5.8158
10.1764 -3.1046 5.2187
7.7683 -3.2891 3.4623
8.0644 -3.2963 3.6190
10.4897 -3.3641 4.8855
1.9629 -1.0612 4.5246
9.0217 0.0224 4.6379
5.1549 -1.5776 5.3446
9.0736 -3.1423 4.5071
4.6941 -0.9993 6.2244
11.5248 -3.0543 6.0971
9.4133 -3.0747 4.8372
7.8103 -1.5896 5.7435
6.6516 -2.7011 3.9825
6.3072 -2.5973 3.9894
10.2339 -1.7107 6.8546
9.5396 0.0754 11.1528
12.3168 -3.1517 6.3615
11.1200 -3.1047 5.7635
9.2673 -2.9038 5.0917
7.0436 -2.9288 3.7578
8.5242 -3.1603 4.1540
0.1888 0.1867 5.9729
9.1946 -3.1693 4.5235
13.0764 -2.3947 8.3003
8.1759 -3.2891 3.6977
8.1583 -3.4067 3.4546
7.4585 -2.5676 4.3674
10.7048 -3.3890 4.9603
10.6491 -3.3177 5.0694
8.2560 -2.3525 4.6866
7.6058 -1.8759 5.3740
11.2357 -3.0543 5.9302
9.8261 0.7693 4.2278
12.3718 -3.0750 6.5453
9.4992 -2.1059 5.4767
12.1301 -2.1973 8.1450
11.9536 -3.3768 5.7057
1.8444 -0.7989 4.9758
7.9902 -3.2360 3.6957
7.5201 -2.9036 4.0828
6.1331 -1.7429 5.5821
9.1843 -3.3175 4.2237
10.3320 -2.1977 5.7932
8.4654 -3.2594 3.9238
12.4542 -2.8911 6.9572
4.8974 -1.9579 4.4424
10.1451 -3.3889 4.6372
8.8314 -3.0947 4.4616
10.2137 -1.9939 6.1515
11.2471 -1.0617 9.8856
9.6907 0.7616 4.3972
-0.4746 -0.4082 4.4109
7.4191 -2.2517 4.2552
8.3268 -2.9289 4.4987
7.3253 -1.5506 5.8748
7.6314 -0.8685 8.1801
6.1109 -2.4165 4.2344
7.9020 -3.0847 3.9447
6.5644 -2.3715 4.5855
2.8042 -0.3200 6.4793
4.5293 -1.8900 4.3642
11.9027 0.0753 12.5174
9.5171 -2.2183 5.6327
11.0135 -3.0331 5.8439
7.0645 -1.8125 4.9394
12.5358 -2.5015 7.7765
6.7364 -2.5788 4.2738
9.3811 0.7263 4.5041
10.4872 -3.3950 4.8227
10.7395 -3.3177 5.1216
9.7342 -3.1781 4.8177
11.0297 -3.2821 5.3598
8.1749 -3.2963 3.6828
10.7286 -2.3557 6.1216
11.2217 -3.2520 5.5303
8.5712 -3.0435 4.4127
10.6993 -1.4222 7.9330
10.0427 -3.4068 4.5425
10.3152 -2.6849 6.1305
10.8538 -3.2120 5.3970
9.1665 -0.0546 4.8796
7.3916 -2.0828 4.8451
8.0109 -1.7757 5.2949
11.9681 -3.2748 5.9162
8.0088 -3.3378 3.5047
11.8838 -1.9436 6.7189
9.1331 0.6486 4.7687
10.6264 -2.3181 6.0441
6.7014 -1.2055 6.1204
7.4488 -2.9768 3.8966
9.4262 -3.2819 4.4340
6.3128 -2.1128 4.9527
6.5115 -2.8506 3.6054
9.9861 -3.3245 4.6730
7.1115 -1.3009 6.2195
12.4015 -2.5978 7.5081
7.9080 -3.1692 3.7807
11.9992 -2.9772 6.5239
11.9190 -3.2895 5.8588
11.2268 -2.4008 6.4445
13.7942 -0.4935 12.4826
11.8228 -1.1215 10.0995
2.3447 -0.9992 4.8678
13.9835 -0.7996 11.9854
8.9357 -2.0533 5.3903
5.8657 -2.5973 3.7345
12.3660 -3.0113 6.6681
9.4164 -3.2745 4.4430
10.1265 -3.0221 5.3533
8.1536 -3.3174 3.6287
8.5772 -3.3378 3.8328
10.2314 -3.1953 5.0707
12.3023 -1.5781 9.4716
8.4183 -1.6010 6.1831
10.1071 -2.1939 5.6532
5.6902 -0.9351 6.9270
2.8776 -0.5742 6.0179
8.8253 -3.4067 3.8397
7.8627 -3.3034 3.4884
13.8306 -1.9585 9.6004
11.2572 -3.1695 5.7144
10.6973 -2.9166 5.8921
7.7270 -1.4864 5.9253
8.7349 -3.1514 4.2935
0.0422 0.1867 5.8882
7.8810 -3.3034 3.4990
8.3084 -3.4067 3.5412
11.6216 -2.7944 6.6681
7.5546 -1.8165 5.4550
12.8183 -1.9910 8.9513
6.6337 -2.5600 4.2519
12.3639 -2.8511 6.9844
10.9582 -3.3641 5.1559
9.5855 -2.6849 5.7092
7.1501 -3.0643 3.5507
7.4359 -2.1214 4.7564
9.8866 -3.1423 4.9765
10.5127 -3.3767 4.8738
7.0793 -2.6679 4.2955
6.6794 -2.7011 3.9986
9.2850 -3.0221 4.8674
9.2851 -3.3244 4.2683
6.1954 -2.6332 3.8537
7.3937 -2.2171 4.3143
7.8344 -3.0644 3.9458
9.9788 -3.2519 4.8128
8.8114 -3.3575 3.9291
7.3898 -2.2144 4.3939
6.1207 -0.1313 8.7686
8.3814 -2.9037 4.5801
10.9183 -2.9414 5.9706
7.0254 -3.0434 3.5202
7.9705 -0.7272 8.6559
8.8746 -3.0947 4.4865
10.0947 -3.0437 5.2923
9.5007 -1.3604 7.0400
4.2570 -0.9993 5.9720
8.6833 -3.0435 4.4773
-1.5711 0.1868 4.9566
11.8531 -3.3513 5.6981
7.6898 -2.8907 4.2064
11.2424 -3.2442 5.5577
12.1308 -3.0750 6.4061
12.5607 -2.1420 8.5033
7.3766 -2.8507 4.1049
11.7196 -3.0647 6.1890
9.7237 -3.3766 4.4183
8.9023 -2.1120 5.1504
8.4169 -2.9533 4.5024
9.1542 -2.0082 5.5919
9.1500 -2.9289 4.9740
11.4448 -3.3178 5.5288
8.1487 -2.7489 4.7525
10.8700 -3.3512 5.1305
9.2761 -1.9317 6.0606
5.9843 -2.7011 3.5973
9.6991 -3.3703 4.4164
10.9047 -2.2304 6.4682
10.8299 -3.3177 5.1738
6.7063 -0.0303 9.3069
9.1725 -1.9234 5.8102
7.8250 -2.3621 4.5359
10.2304 -3.4127 4.6393
8.1489 -1.9461 5.0315
11.8325 -3.1954 5.9952
9.6790 -1.8632 6.1516
7.2873 -1.9150 5.0063
7.9133 -0.7992 8.4802
12.0586 -2.5793 7.3468
7.2804 -1.7473 5.3719
9.5589 -3.2362 4.6014
6.9891 -0.9995 7.5496
3.5396 -1.5331 4.5000
7.8049 -2.5265 4.5456
9.0914 0.6262 4.7059
10.3884 -1.0616 9.3897
9.1082 0.6569 4.7239
7.9547 -3.3174 3.5138
12.2179 -3.3706 5.8707
8.2005 -2.5781 4.8184
12.1443 -3.0850 6.3940
9.9102 -2.0858 5.8460
10.3066 -2.7335 6.0293
7.5350 -2.7792 4.3379
11.1014 -2.1382 6.5971
10.6219 -3.2894 5.1098
10.2802 -3.2441 5.0022
10.9620 -2.2843 6.3867
12.3283 -3.1607 6.3504
6.2640 -1.9905 5.1669
7.9176 -3.3034 3.5201
9.9895 -1.9835 6.1071
11.5022 -3.2203 5.7551
10.1970 -3.3176 4.8084
9.2827 -3.4009 4.1155
12.6847 -2.3947 8.0741
11.5569 -3.0850 6.0548
10.1428 -2.9290 5.5472
3.2161 -1.5331 4.3132
8.0322 -1.2917 6.5829
7.9578 -2.5311 4.6440
6.6392 -2.4806 4.4125
10.5288 -1.7714 7.1468
5.0850 -2.2235 4.0243
7.1404 -1.3447 6.1356
12.3614 -2.6512 7.3792
8.0610 -2.9164 4.3700
8.1474 -3.3639 3.5331
10.0279 -3.3313 4.6837
6.5214 -1.2055 6.0185
2.7880 -1.5775 3.9779
8.7815 -2.8908 4.8368
9.2091 -3.3765 4.1212
8.8902 -1.8066 5.9627
11.5172 -2.0536 8.0758
10.3530 -3.2362 5.0598
9.6926 -3.1142 4.9203
6.8902 0.0755 9.6228
11.3771 -3.2442 5.6355
11.2781 -3.0647 5.9341
11.9384 -1.9768 6.7625
10.0852 -3.1867 5.0032
7.2184 -1.9985 4.6983
9.6261 0.7350 4.3274
11.3271 -3.0438 6.0038
9.3847 -2.8230 5.3195
10.2639 -3.3889 4.7057
11.1728 -2.3601 6.3885
1.6473 -1.1209 4.2238
11.1088 -2.1162 6.8584
10.6123 -3.2596 5.1633
8.3661 -2.2594 4.7427
8.9427 -1.4285 6.4778
10.8420 -2.1489 6.5857
5.3174 -2.3243 3.9587
13.6410 -1.3412 10.7142
8.9692 0.2069 4.6815
7.8830 -2.1845 4.6844
11.4283 -2.5532 6.6962
7.9902 -3.2280 3.7114
7.1541 -2.9531 3.7733
12.0228 -2.1973 8.0830
7.2304 -2.8642 3.9936
7.2171 -2.0364 4.5760
10.0895 -3.2202 4.9395
9.1653 -3.4008 4.0477
10.8223 -2.2505 6.3864
9.0060 -2.2376 5.2159
8.4588 -1.4035 6.4146
11.8271 -3.4070 5.5727
8.3248 -3.0435 4.2704
9.1318 -2.9533 4.9152
7.8498 -3.3444 3.3998
11.7324 -3.1954 5.9374
12.7555 -2.3487 8.2063
8.4211 -3.0946 4.2247
9.5863 -3.2595 4.5709
11.5936 -3.4070 5.4379
6.2823 -2.7488 3.6749
9.9453 -2.0464 5.8418
10.5051 -0.7274 10.1195
8.8864 -3.3511 3.9852
11.9059 -2.8511 6.7200
12.3638 -3.2895 6.1155
7.9209 -3.0328 4.0584
6.2461 -2.6846 3.7811
8.2239 -2.1571 5.2132
9.0050 -2.8508 5.0451
6.2065 -2.7791 3.5709
13.4105 -2.1701 8.9385
7.7266 -1.9679 5.0119
10.5405 -1.8711 7.0438
8.7118 -2.2182 5.1677
6.1619 -2.6846 3.7325
11.6776 -3.1047 6.0854
6.7914 -2.8506 3.7670
7.1060 -3.0643 3.5253
8.3305 -3.3311 3.7037
9.9467 -3.3766 4.5470
10.4081 -3.0948 5.3719
9.4836 -3.3766 4.2796
13.8626 -0.6526 12.2067
3.6683 0.0756 7.7623
10.8329 -3.2037 5.4014
11.1125 -3.3829 5.2078
8.6194 -3.3575 3.8183
12.4551 -2.3487 8.0328
12.3431 -3.0113 6.6549
10.4160 -3.4185 4.7350
9.5278 -1.8424 6.1363
14.1149 -1.7818 10.1148
13.7805 -0.2281 13.0006
9.2977 -3.3445 4.2357
8.5866 -1.2811 6.7111
10.1620 -3.0437 5.3311
7.9618 -2.8507 4.4428
5.1980 -2.1415 4.2521
7.0130 -2.7011 4.1912
7.6112 -2.7642 4.4118
11.7383 -3.2822 5.7689
8.3492 -3.2670 3.8416
4.5848 -0.9993 6.1613
10.4539 -1.8843 6.8688
8.6737 -2.9652 4.6271
11.7575 -3.1869 5.9688
12.9383 -2.5015 8.0089
9.5722 -2.0558 5.8819
12.4585 -1.3411 10.0314
9.5442 -2.3112 5.4023
7.7814 -3.2593 3.5289
7.9422 -2.9997 4.1362
11.9763 -3.0113 6.4432
10.4511 -2.9771 5.6301
7.7855 -2.8643 4.3141
8.8525 -1.6753 6.0839
7.4062 -3.0434 3.7401
12.0236 -1.4504 6.4739
9.6251 -3.1514 4.8075
10.4863 -1.5311 7.5205
7.3549 -2.9768 3.8425
10.7942 -3.4127 4.9648
14.2577 -0.9999 11.7468
9.3945 -3.1142 4.7482
4.8253 -2.0531 4.2119
10.2083 -3.2519 4.9452
9.7734 -1.7002 6.5256
11.1450 -0.9354 10.0768
7.5154 -1.3144 3.8421
9.8123 -3.0542 5.1084
11.6403 -2.6682 6.9289
13.2369 -1.8190 9.5339
12.2265 -3.2967 6.0220
11.5145 -3.2821 5.6397
10.0205 -3.4009 4.5414
6.6106 -0.8685 7.5907
7.6440 -3.2439 3.4801
10.7652 -3.0330 5.7005
10.2587 -2.7491 5.9707
9.4045 -3.1045 4.7730
8.8212 -3.2670 4.1141
10.2648 -2.8231 5.8276
3.6012 -1.7427 4.1202
9.1816 -2.7013 5.4433
10.6206 -2.3991 6.0906
8.3217 -2.1473 4.7397
1.2855 -0.2276 5.7852
10.6058 -3.2966 5.0863
9.2943 -2.1492 5.3952
10.9167 -1.7620 7.3162
6.1911 -0.9351 7.2162
2.7406 -0.9350 5.2238
8.3147 -0.0304 10.2357
10.1017 -1.5317 7.3048
7.1056 -1.1557 6.4145
10.3241 -3.3766 4.7649
11.6697 -1.7432 8.7790
9.6183 -3.3176 4.4743
11.6145 -0.4087 11.3918
8.4820 -2.7175 5.0073
8.5555 -2.9652 4.5588
9.6125 -1.5839 6.7385
8.1007 -3.0435 4.1410
9.1638 -3.0848 4.6731
12.2008 -3.2284 6.1424
11.9800 -3.2364 5.9991
10.0943 -3.3889 4.6078
10.3812 -2.2005 5.8291
8.1510 -3.1866 3.8865
9.6934 0.7456 4.2874
9.9983 -2.4843 5.7866
10.6375 -2.7491 6.1894
9.6115 0.7291 4.2653
10.7080 -1.7225 7.1995
8.9152 -3.4183 3.8685
7.6676 -3.1044 3.7702
9.3486 -2.9770 4.9935
5.6266 -2.4164 3.9547
11.1950 -2.8372 6.3369
9.0496 -1.8434 5.8648
6.8634 -2.6846 4.1376
10.1121 -3.1046 5.1816
9.6018 -3.0436 5.0077
12.6432 -2.9888 6.8729
9.8739 -2.1345 5.6866
7.4676 -0.4932 8.8294
4.5211 -2.0531 4.0363
13.1860 -2.5016 8.1519
7.1189 -1.5799 5.6158
11.5903 -3.4128 5.4245
12.3836 -2.9415 6.8166
9.2784 -1.1872 7.1075
6.9750 -2.6333 4.3038
9.6590 -3.0329 5.0619
4.9026 -2.0833 4.1967
11.0937 -2.3226 6.3249
10.0675 -2.7943 5.7708
4.7632 -1.7811 4.7151
9.5112 -3.1604 4.7239
3.5240 -0.1312 7.2691
10.0951 -3.1424 5.0969
11.6956 -2.2405 6.9537
8.0109 -3.0746 4.0275
5.1461 -1.7428 5.0122
9.7830 -3.1867 4.8287
12.2336 -2.7493 7.1110
12.0713 -2.7493 7.0173
7.6662 -1.8067 5.4656
10.7584 -3.4010 4.9675
10.3114 -3.1953 5.1170
13.0508 -2.5412 7.9952
11.1000 -3.3314 5.3027
9.3241 -1.7904 6.1289
10.8198 -1.8092 7.0892
8.7908 -2.7643 5.0928
11.4935 -3.4070 5.3802
12.0811 -2.7336 7.0538
7.7325 -1.5425 6.0357
5.9129 -1.9905 4.9642
9.0288 -3.2670 4.2340
9.9968 -1.5917 7.0210
10.9884 -2.1125 6.6618
6.7006 -2.8642 3.6877
5.4509 -1.0614 6.5386
10.1307 -1.5375 7.3740
10.6440 -0.9354 9.7875
8.9766 -3.1604 4.4152
8.1864 -3.3378 3.6072
11.0196 -1.9038 7.1095
8.2648 -3.2200 3.8860
14.2214 -1.4879 10.7587
15.7401 0.1862 14.9534
11.0582 -1.6289 7.5968
9.5933 -0.6524 9.7414
5.2046 -2.4382 3.6679
-2.1578 0.1868 4.6178
6.7572 -0.7992 7.8126
12.1748 -2.7944 6.9875
7.7038 -3.1691 3.6628
12.1614 -0.0305 12.4571
9.9823 -3.0111 5.2919
9.9116 -2.9770 5.3186
8.0248 -3.4125 3.3659
11.3475 -3.2121 5.6821
10.8610 -1.9484 6.8894
10.4487 -2.9039 5.7737
10.6439 -2.7795 6.1329
9.7978 -0.7273 9.7111
8.8386 -3.3445 3.9707
6.0040 -1.9579 5.0813
4.7618 -1.1789 5.9078
6.1665 -2.2497 4.5971
4.3988 -0.4930 7.0573
9.8896 -3.3176 4.6309
12.6371 -2.5978 7.6441
12.1422 -2.7646 7.0278
10.6428 -2.2004 6.1430
11.1104 -2.9414 6.0815
12.6372 -2.3719 8.0918
4.1752 -1.9244 4.0916
7.3232 -2.9036 3.9692
10.8092 -3.1782 5.4384
8.5061 -1.3630 6.5021
11.3275 -2.1409 6.7361
10.2831 -3.3107 4.8719
8.9509 -1.3753 6.9250
3.9094 -1.9578 3.8719
10.0168 -3.2746 4.7896
6.3731 -2.1969 4.8209
9.9810 -2.9038 5.5037
10.3006 -3.4185 4.6684
10.1859 -3.1868 5.0614
9.9418 -3.1331 5.0267
9.8364 -3.2820 4.6708
10.6230 -1.4630 7.8223
7.4437 -2.2440 4.5098
9.5208 0.8192 4.2970
7.9061 -2.7642 4.5820
8.1467 -3.0328 4.1887
8.4974 -3.3948 3.6739
8.8535 -3.2745 4.1180
12.3073 -3.3382 5.9864
9.5120 -3.0645 4.9144
9.3566 -2.2374 5.2572
11.6294 -2.1973 7.8559
12.2073 -2.5793 7.4326
12.0144 -3.0223 6.4433
9.0185 -3.1045 4.5502
7.5193 -3.2199 3.4555
8.3684 -2.7333 4.9103
9.3856 -2.2545 5.3183
13.0399 -0.7275 11.5832
11.4962 -3.3642 5.4665
11.8518 -2.9887 6.4160
8.6718 -1.9154 5.6409
9.6008 0.7246 4.3000
10.8752 -3.0000 5.8296
6.1626 -0.2278 8.6015
8.0872 -1.5927 5.9272
9.8553 -3.4184 4.4113
11.9386 -3.4129 5.6255
11.4376 -3.2363 5.6860
9.0224 -3.2745 4.2155
7.6321 -2.3841 4.4031
4.3617 -1.4873 5.0656
9.5009 -3.2036 4.6323
7.6192 -3.0846 3.7814
16.1486 -0.0307 14.7595
9.8035 -3.0436 5.1241
8.3010 -2.1450 4.7211
13.1407 -0.0305 13.0226
9.1485 -3.0220 4.7886
9.2595 -3.3312 4.2401
13.1463 -2.4811 8.1695
10.6745 -3.4010 4.9190
8.4107 -2.6680 5.0642
12.1954 -2.5978 7.3891
8.8675 -1.6414 6.1323
11.7456 -2.1700 7.9772
10.1977 -2.9413 5.5545
13.0474 -1.4878 10.0808
6.2168 -0.0303 9.0242
11.0765 -1.4404 9.0366
10.1625 -2.7176 5.9776
11.7931 -3.3108 5.7437
8.8360 -3.1866 4.2820
8.0583 -3.4066 3.3968
9.3508 -3.1952 4.5623
3.1309 -0.3200 6.6680
12.5350 -2.5412 7.6974
11.4294 -3.1425 5.8673
11.2198 -1.9225 7.3095
11.9433 -1.5925 6.6146
9.3162 -3.4009 4.1348
8.1963 -1.4135 6.3848
6.5240 -2.8642 3.5858
10.6762 -2.8088 6.0935
12.0237 -2.1132 8.2501
8.9144 -2.7334 5.2255
9.3750 -2.8644 5.2318
8.9201 -2.1491 5.0902
7.1590 -3.1140 3.4575
10.2090 -2.9165 5.6102
0.0163 -0.2275 5.0523
9.8014 -1.8428 6.1299
11.7282 -3.2364 5.8538
7.2046 -3.0434 3.6236
1.1769 -0.6520 4.8814
7.6508 -1.4633 6.1117
12.0466 -3.1783 6.1528
11.6651 -1.9249 8.4163
10.3995 -3.3245 4.9117
2.6535 -0.7990 5.4430
9.5896 -3.3379 4.4174
6.2674 -2.3714 4.4140
7.0525 -2.9036 3.8129
8.5044 -2.9037 4.6512
11.1684 -3.3513 5.3028
6.4414 -2.6507 3.9611
12.2547 -3.1517 6.3257
7.5830 -2.9532 4.0209
12.1358 -3.3830 5.7986
9.9355 -1.6653 6.6448
2.5674 -0.1312 6.7167
10.2513 -3.2893 4.8959
4.5490 -0.1312 7.8610
11.6833 -3.2121 5.8759
11.5277 -3.2520 5.7070
12.4034 -2.6337 7.4380
9.2357 -2.1963 5.3195
8.0353 -1.5236 6.0393
9.2188 -3.1867 4.5030
9.0141 -0.0304 10.6396
8.0295 -3.2118 3.7664
10.4095 -3.4069 4.7543
7.3983 -2.1604 4.5290
8.5375 -1.5059 6.1684
12.0887 -2.9167 6.6955
4.5467 -1.1211 5.8980
9.4333 -3.0329 4.9316
4.7483 -0.0302 8.1762
12.1089 -3.0750 6.3935
11.9123 -1.1793 10.0367
8.6244 -2.7793 4.9669
4.0019 -1.2346 5.3585
4.6259 -0.2277 7.7142
8.4700 -1.6311 6.1193
12.9804 -2.5793 7.8790
12.4892 -2.4810 7.7902
10.6421 -3.1605 5.3768
7.7895 -2.6847 4.6722
11.6894 -3.2364 5.8314
10.4838 -3.3512 4.9075
10.5528 -2.5742 6.1677
8.6146 -2.1973 5.0517
7.0667 -2.7488 4.1278
11.2291 -3.3108 5.4181
5.3690 -0.1313 8.3345
11.3386 -3.2442 5.6132
14.0818 -1.4405 10.7719
12.9608 -1.9584 9.0982
12.7666 -2.8780 7.1636
9.3964 0.0754 11.0701
6.4068 -0.6523 7.9014
6.1415 -2.0834 4.9121
10.7805 -3.2442 5.2910
11.6700 -2.2578 6.8083
12.2342 -3.4011 5.8195
9.1233 -3.3244 4.1749
4.0303 -1.7427 4.3679
10.9733 -3.2596 5.3717
8.8321 -1.1945 7.0474
9.1375 -3.2518 4.3270
7.7331 -1.8904 5.3278
9.2179 -2.0708 5.5025
10.1024 -1.1013 8.0106
8.6698 -3.3888 3.7854
11.9828 -1.4404 9.5599
11.3453 -3.4010 5.3063
10.3740 -2.1849 5.8619
9.7761 -3.0111 5.1728
9.8232 -0.4086 10.3574
10.6781 -2.9414 5.8319
12.2837 -2.5978 7.4401
8.0133 -2.7642 4.6439
12.9769 0.0753 13.1378
9.7107 -3.0645 5.0291
7.1601 -1.7497 5.3171
7.5977 -3.2199 3.5009
2.6506 -0.0302 6.9649
7.3506 -1.9241 5.0840
11.1598 -2.9291 6.1344
8.8905 -3.1952 4.2966
8.6837 -3.3379 3.8944
11.6695 -3.4186 5.4587
9.8061 -3.3576 4.5035
4.6917 -1.8900 4.4580
5.7246 -2.5010 3.8438
11.2938 -1.8281 7.4609
12.0777 -3.3178 5.8942
11.2133 -2.6850 6.6490
0.9402 -0.8682 4.3164
8.6822 -3.1330 4.2995
12.0873 -1.2783 6.3814
9.1131 -3.4184 3.9828
14.4590 -0.1316 13.5837
9.1098 -3.1236 4.5650
11.0164 -2.7336 6.4391
9.1354 -1.7658 6.3104
7.2429 -2.8369 4.0551
8.6823 -2.8908 4.7795
12.6740 -2.3249 8.2064
8.1278 -3.3826 3.4846
8.5812 -3.3639 3.7835
11.0720 -2.2139 6.5177
8.1667 -3.2200 3.8294
11.2519 -3.2894 5.4736
8.5344 -3.0220 4.4341
10.1940 -1.2876 7.7548
5.3319 -1.6208 5.3613
10.3872 -0.7274 10.0514
12.2289 -3.3448 5.9281
10.9124 -3.2037 5.4473
7.7345 -3.3034 3.4144
0.1649 -0.4082 4.7802
9.1114 -3.0110 4.7891
11.9982 0.1863 12.7925
8.7820 -0.3928 5.0211
9.7610 -3.3640 4.4647
7.5871 -2.8776 4.1731
12.5553 -2.8373 7.1223
8.4304 -3.0644 4.2899
11.9520 -3.3382 5.7813
11.1786 -0.2835 7.9734
14.4092 -1.4879 10.8672
9.9521 -1.5968 6.7259
7.7681 -2.9163 4.2009
9.5509 -3.1952 4.6779
11.1190 -1.8768 7.2172
7.2424 -2.7173 4.2916
12.7820 -0.9998 10.8946
9.3277 0.0385 4.8584
9.1689 -2.2139 5.1648
11.6640 -3.4011 5.4903
9.7641 -3.3511 4.4920
7.5885 -3.0540 3.8244
9.6899 -3.1331 4.8813
10.1168 -0.5745 10.1982
8.4844 -3.2594 3.9347
10.3378 -1.8244 6.6960
9.4232 -2.5274 5.4817
6.6670 -2.9410 3.5160
10.6674 -2.8910 5.9256
10.5282 -3.3313 4.9725
10.1842 -3.1515 5.1302
5.8448 -1.7034 5.4939
10.5417 -2.7943 6.0446
8.7089 -2.7013 5.1704
5.7472 -2.0223 4.8055
7.7945 -3.3311 3.3942
6.3689 -0.4085 8.3627
7.8782 -2.7489 4.5963
8.5208 -3.3445 3.7872
10.2515 -3.0849 5.3012
9.3886 -2.8778 5.2132
9.4487 -3.3640 4.2844
12.5069 -1.7038 9.3406
9.6313 -3.2820 4.5524
12.9466 -2.7647 7.4922
13.0884 -1.1216 10.8303
7.6939 -0.9352 8.0840
7.9285 -3.1692 3.7925
10.4613 -3.0646 5.4625
10.8980 -2.0048 6.7114
10.9894 -2.3201 6.3344
6.4646 -2.3244 4.6211
8.6359 -1.9170 5.6271
7.3048 -1.9487 4.9969
12.2818 -3.2967 6.0539
4.5386 -1.0613 6.0118
10.9369 -3.2894 5.2917
10.4286 -3.3107 4.9559
9.0342 -1.3673 6.8647
-0.0289 -0.1311 5.2174
12.3578 -3.0439 6.5989
9.4727 -3.2746 4.4755
8.8458 -3.3106 4.0421
0.2400 -0.5741 4.4949
5.9394 -2.4383 4.0921
10.6970 -2.7795 6.1636
5.6161 0.1865 9.1070
11.8391 -3.4128 5.5681
2.2642 -0.5741 5.6637
12.3246 -3.2748 6.1220
11.1396 -2.0507 6.8919
8.4046 -2.8086 4.7819
6.6920 -0.9352 7.5055
10.7969 -3.0949 5.5964
4.5952 -0.5743 7.0097
10.7965 -1.5658 7.6195
10.2019 -1.9752 6.1988
12.2013 -2.5412 7.5047
9.5471 -3.2893 4.4893
12.0088 -2.6159 7.2454
11.9173 -2.7336 6.9593
3.0788 -0.7270 5.8313
10.3624 -1.8002 6.9861
7.5944 -2.2159 4.7096
7.4725 -2.7489 4.3620
9.3653 -3.2362 4.4895
10.3143 -3.2362 5.0374
5.2055 -2.0532 4.4314
9.1146 -3.3511 4.1170
6.7527 -0.4085 8.5843
7.5884 -2.3293 4.3947
5.8433 -1.3912 6.1117
10.4377 -3.2519 5.0777
8.9450 -2.1499 5.1067
9.2198 -0.3540 4.8997
8.9063 -3.2281 4.2404
9.1325 -3.2964 4.2356
8.3803 -1.8650 5.5812
7.4969 -1.6125 5.7406
8.2564 -3.2594 3.8031
7.9675 -3.0946 3.9628
5.6661 -2.3942 4.0217
5.2531 -1.9579 4.6477
7.4552 -2.2302 4.4767
10.0931 -3.1694 5.0423
7.1986 -3.0327 3.6414
8.1250 -3.0219 4.1977
9.8614 -2.9413 5.3604
9.6112 0.0754 11.1941
7.9308 -1.6901 5.4012
0.4556 -0.6520 4.4649
8.7773 -1.3361 6.9462
9.6822 -3.1867 4.7706
13.6185 -2.1134 9.1710
8.3535 -2.3559 4.7511
11.9205 -1.4877 9.4301
4.8301 -0.3200 7.6492
7.4155 -2.2950 4.2081
9.5843 -1.9510 6.0159
8.3718 -2.7174 4.9437
7.8593 -2.4824 4.5477
10.5782 -1.1552 8.3966
1.3371 -0.8682 4.5455
8.0775 -3.3702 3.4802
12.1972 -3.3891 5.8220
9.3463 -3.3765 4.2004
10.4809 -2.8509 5.8972
10.9736 -3.2747 5.3420
9.8333 -3.1046 5.0207
5.5323 -1.7428 5.2352
10.2309 -3.1605 5.1394
9.3047 -2.9999 4.9229
8.8526 -2.9412 4.7779
12.3680 -3.0332 6.6260
10.3771 -1.9870 6.4764
11.6137 -3.4011 5.4612
11.1835 -3.2520 5.5083
8.5285 -2.1619 5.0856
7.6971 -2.7940 4.4022
12.5034 -3.0544 6.6621
9.1089 -3.0436 4.7231
11.1780 -0.1520 7.9572
6.9093 -2.9767 3.5852
12.2133 -3.1517 6.3018
9.6125 -1.1017 7.7509
12.2225 -3.0950 6.4194
9.4595 -3.4184 4.1828
11.1687 -3.2203 5.5626
9.1707 -2.2780 5.2554
7.8868 -3.1603 3.7860
10.9149 -2.8779 6.0945
10.2183 -2.2766 5.7793
7.6736 -2.8086 4.3598
11.8420 -3.2673 5.8582
10.5757 -2.7176 6.2162
11.2191 -2.1649 6.7483
11.6725 -2.5466 6.8227
12.9846 -1.4405 10.1383
10.3958 -3.2820 4.9938
10.2893 -2.8778 5.7333
10.8888 -3.3641 5.1159
8.1727 -3.3105 3.6535
12.1106 -3.4070 5.7364
10.5487 -3.3380 4.9711
6.5136 -2.5600 4.1826
11.3583 -2.3686 6.5162
13.6959 -1.8191 9.7989
9.2303 0.0678 4.7437
3.6358 0.1866 7.9634
8.0827 -2.2977 4.7604
12.5605 -2.6851 7.4269
10.7264 -3.4069 4.9373
5.6199 -2.4382 3.9077
14.4809 0.0752 14.0063
9.9853 -3.2595 4.8013
10.0701 -2.9290 5.5053
7.2436 -2.9883 3.7553
5.0195 -1.3911 5.6360
0.9547 -0.4929 5.0684
13.5116 -0.7275 11.8556
13.5013 -1.6632 9.9954
9.2663 -3.2745 4.3563
11.8350 -2.9772 6.4291
12.2908 -2.9655 6.7155
11.0837 -2.9887 5.9725
11.6827 -2.8372 6.6184
11.3720 -2.5793 6.6516
8.8874 -3.0747 4.5335
4.1187 -1.2885 5.3191
7.3791 -0.3201 9.1211
12.8969 -1.1793 10.6052
7.6030 -2.4892 4.4152
11.4877 -3.3829 5.4244
7.8228 -3.2818 3.5083
-1.7178 0.1868 4.8719
7.2806 -2.2187 4.2535
7.6517 -2.9411 4.0846
9.9920 -2.2110 5.6321
9.5128 -2.9770 5.0883
12.4119 -2.7945 7.1244
11.3704 -3.3767 5.3690
11.6419 -0.2280 11.7656
10.4031 -3.3313 4.9003
1.6435 -0.4929 5.4662
12.3296 -2.6159 7.4306
10.4467 -2.9653 5.6508
7.7839 -3.0219 4.0008
10.5690 -3.3447 4.9697
9.5709 -2.9885 5.0990
7.0033 -2.9036 3.7845
7.9850 -1.5626 5.9706
7.1263 -2.9036 3.8555
14.0364 -1.2352 11.1527
12.6561 -2.9773 6.9032
9.2364 -3.3827 4.1246
11.3957 -3.4011 5.3354
10.1276 -3.3446 4.7148
11.1723 -2.8089 6.3799
13.2981 -1.8906 9.4273
7.1888 -2.9288 3.8417
9.1361 -3.1423 4.5432
9.1860 0.0680 4.7185
10.4922 -1.9137 6.8498
1.0602 -0.4082 5.2972
8.2198 -3.2517 3.7972
8.5536 -2.9037 4.6796
11.1653 -2.1588 6.8040
12.6166 -2.6851 7.4593
15.1171 -0.2281 13.7725
-0.1656 -0.1311 5.1385
10.9016 -3.3108 5.2290
10.3699 -1.2524 8.1347
7.6832 -2.7174 4.5461
11.7628 -2.3248 7.6802
12.1527 -3.0750 6.4188
11.1917 -2.8646 6.2808
10.4857 -1.7422 7.1906
11.8125 -3.1954 5.9836
3.1096 -0.9993 5.3095
8.9829 -1.9468 5.6519
12.1252 -3.3768 5.8047
10.6647 -2.8779 5.9500
14.0955 -0.9356 11.7805
8.7666 -3.0947 4.4242
11.2566 -2.9291 6.1903
8.0131 -2.7941 4.5847
9.8295 -3.3949 4.4430
10.6750 -3.3447 5.0309
8.3710 -3.4183 3.5543
8.0479 -1.8670 5.3984
8.7057 -0.2205 4.9360
9.5101 -3.2892 4.4679
5.3817 -1.8901 4.8564
11.9544 -3.0438 6.3660
10.7939 -3.0748 5.6343
12.0073 -2.9292 6.6237
8.9039 -3.3511 3.9954
13.3557 -0.4934 12.2294
10.5613 -3.3245 5.0051
10.5782 -3.0112 5.6359
11.2842 -2.7645 6.5324
12.8366 -2.6338 7.6881
6.6196 -0.5743 8.1787
9.4563 0.7747 4.3535
9.9921 -3.3313 4.6631
1.4050 -0.9349 4.4526
2.7425 -1.5775 3.9516
12.0933 -2.8373 6.8555
4.8069 -1.0613 6.1668
12.9138 -2.1133 8.7641
12.9909 -2.7016 7.6427
11.4887 -2.3652 6.5832
11.5690 -2.3991 6.6381
10.1091 -3.2202 4.9508
11.3290 -2.8089 6.4704
8.7894 -3.0541 4.5178
11.2162 -3.2821 5.4674
8.1300 -2.9651 4.3132
9.2378 -2.0910 5.4746
12.0745 -3.0331 6.4565
8.0269 -3.3243 3.5419
8.5198 -3.2200 4.0332
7.4506 -1.5244 3.9557
9.9168 -2.7644 5.7430
9.0890 -3.3035 4.1964
10.4644 -3.1781 5.2393
8.8348 -3.2745 4.1072
8.7778 -3.3035 4.0167
10.1761 -3.4068 4.6195
7.8653 -2.0452 5.1128
10.7587 -2.8372 6.0850
9.2170 0.1821 4.8279
8.2876 -1.2355 6.5661
6.6761 -2.7332 3.9331
7.5500 -1.2512 3.7445
6.8418 -2.6507 4.1923
8.9256 -3.3244 4.0607
7.1738 -1.7669 5.1849
9.9192 0.7810 4.1534
2.9349 -0.3200 6.5548
9.6134 -1.4279 6.8576
8.6694 -2.1428 5.2079
5.9764 -1.8185 5.3416
6.9024 -2.8642 3.8043
4.1401 -1.1788 5.5488
10.9347 -2.5395 6.3811
10.7128 -3.2821 5.1768
8.6348 -0.2279 10.0292
11.4455 -3.2673 5.6293
7.6303 -3.0434 3.8694
11.1802 -2.7336 6.5337
10.5572 -3.4010 4.8513
8.4423 -3.3639 3.7034
7.5920 -2.3283 4.4742
12.7221 -2.3487 8.1870
11.9506 -3.1425 6.1682
8.2915 -3.0946 4.1498
3.6051 -0.8683 5.8552
8.5745 -3.3765 3.7548
10.7537 -3.0948 5.5714
10.9325 -2.1377 6.4982
11.8346 -3.3038 5.7816
15.5527 -0.1316 14.2153
13.1091 -2.3948 8.3192
11.0305 -3.2520 5.4199
8.1435 -2.8086 4.6312
4.5417 -1.9578 4.2370
8.6404 -3.2517 4.0400
8.0076 -1.8694 5.5739
10.0907 -2.6849 6.0009
11.3820 -2.3292 6.5076
9.7241 -1.3967 7.0629
11.9249 -3.1783 6.0825
3.9594 -1.7811 4.2509
9.2140 -2.8087 5.2492
11.4503 -2.9291 6.3021
8.8557 -0.3225 4.7094
2.0175 -0.8682 4.9384
12.7171 -2.5412 7.8025
12.1054 -3.0223 6.4959
12.5312 -2.7493 7.2828
8.6287 -2.8370 4.8552
12.0280 -2.6337 7.2212
7.8980 -1.2436 6.5186
11.0369 -3.0000 5.9229
10.3007 -1.7915 6.9031
10.7701 -3.2894 5.1954
9.8040 -2.2165 5.6191
9.8595 0.7759 4.2171
10.3149 -3.1238 5.2607
11.4239 -3.2747 5.6020
6.3437 -2.5010 4.2013
9.6778 -2.8644 5.4067
8.6120 -1.8637 5.7087
8.3076 -2.9037 4.5375
10.0280 -1.6870 6.5925
9.9603 -2.5316 5.8012
11.2982 -3.2520 5.5745
7.6080 -3.2516 3.4439
10.7054 -3.2519 5.2323
9.5450 0.7355 4.4623
10.1388 -2.6681 6.0619
10.2103 -3.1605 5.1275
8.2042 -3.3378 3.6175
8.8079 -0.0710 4.6213
8.9965 -2.8644 5.0133
10.1373 -3.2595 4.8890
8.0082 -3.4183 3.3449
8.8588 -3.3639 3.9438
13.1314 -2.1974 8.7231
7.1233 -2.9411 3.7795
6.2440 -2.7641 3.6224
11.8690 -2.9167 6.5686
10.6470 -2.7943 6.1054
7.9643 -1.1449 6.5152
12.3765 -3.0001 6.6964
10.6705 -2.7795 6.1483
9.5920 -1.1888 7.3297
10.9802 -1.2889 9.2811
10.7864 -1.4567 7.8482
11.4718 -2.1485 6.8430
8.9791 -3.3035 4.1330
8.1108 -3.3826 3.4748
11.6964 -2.8646 6.5721
11.8956 -2.8232 6.7692
10.7737 -3.0849 5.6026
8.6933 -3.3510 3.8738
10.0238 -3.2362 4.8697
9.1483 0.1823 4.7889
-1.9869 0.0758 4.4965
10.4214 -3.0748 5.4192
4.6693 -1.7033 4.8151
5.6317 -2.0222 4.7388
10.3134 -2.5292 5.9996
3.4117 -1.0613 5.3611
7.9718 -3.2744 3.6089
10.9921 -3.2283 5.4446
10.4395 -2.8778 5.8200
10.5828 -1.8935 6.9868
8.5925 -2.7941 4.9192
11.2170 -2.8646 6.2953
10.6263 -1.1025 8.3756
-0.9848 0.0758 5.0752
9.9228 -2.2026 5.5700
9.2717 -1.3593 6.8927
12.5146 -3.0439 6.6894
12.5699 -2.7945 7.2156
9.6510 -3.1952 4.7356
10.6455 -2.9039 5.8874
8.8146 -3.3765 3.8934
7.3507 -2.5246 4.2792
7.5699 -2.2946 4.4562
9.1560 -2.0221 5.7709
10.8351 -3.2202 5.3700
11.8515 -2.9040 6.5837
7.8393 -2.1659 4.9072
12.2614 -3.3315 5.9733
10.0543 -3.2746 4.8113
5.5279 -2.5406 3.6517
5.5353 -1.4873 5.7432
9.2903 -3.3036 4.3126
6.4168 -1.0614 7.0964
11.4364 -1.8552 8.4223
9.9428 -3.2965 4.7035
10.9932 -3.4010 5.1030
14.1182 -1.7039 10.2710
10.4331 -3.2820 5.0153
9.1229 -2.3961 5.2191
9.3617 -1.7424 6.3069
10.2862 -0.4933 10.4570
6.9067 -2.6155 4.2996
10.5820 -0.3203 10.9707
8.5617 -1.5760 6.0709
14.0413 -0.7996 12.0188
14.3541 -1.1217 11.5611
9.9806 0.7966 4.1564
14.5968 -1.2352 11.4763
10.2502 -2.2366 5.7710
11.0687 -3.2520 5.4420
8.6884 -3.0328 4.5015
11.4022 -2.7177 6.6934
8.4913 -3.3311 3.7965
8.6506 -3.3639 3.8236
5.5400 -1.7033 5.3179
7.3511 -2.8507 4.0902
9.6798 -3.3828 4.3806
10.4363 -2.7943 5.9837
13.0008 -0.0305 12.9418
8.7400 -3.1422 4.3145
7.3367 -2.9883 3.8091
6.7778 -1.2061 6.1816
10.2217 -2.9413 5.5684
12.2568 -1.5781 9.4453
9.3462 -2.9533 5.0390
12.2872 -3.1607 6.3266
8.1745 -2.9884 4.2928
12.0117 -3.2895 5.9123
12.6961 -2.0537 8.7565
10.1035 -3.1237 5.1387
11.8583 -3.1869 6.0269
9.1378 0.0449 4.6969
9.0012 -2.4384 5.1765
1.8916 -0.4083 5.7773
9.2181 -2.9038 5.0632
11.7536 -2.6682 6.9943
7.8845 -3.1329 3.8389
8.4667 -2.8643 4.7074
8.1928 -3.4007 3.4862
9.6301 -2.9770 5.1561
12.8314 -2.1700 8.6041
14.0341 -1.4405 10.7443
12.1886 -3.1783 6.2348
9.4784 0.7899 4.3341
10.7157 -3.0112 5.7153
9.8959 -1.8641 6.2811
12.3105 -3.3038 6.0564
12.3268 -1.1793 10.2761
10.2896 -0.1314 11.1760
9.5012 -2.8087 5.4151
5.5827 -2.5599 3.6451
8.0468 -3.2744 3.6522
5.8174 -2.5010 3.8975
11.0983 -2.7336 6.4864
8.1434 -3.0644 4.1242
13.5944 -0.9355 11.4912
1.1519 -0.2276 5.7081
8.9851 -3.2964 4.1506
11.5822 -3.0223 6.1938
4.5387 -2.1414 3.8715
9.3577 -2.0107 5.8446
8.2124 -2.6680 4.9497
10.9554 -3.2894 5.3024
10.5018 -3.0542 5.5064
3.1020 -1.7032 3.9102
11.9726 -2.7796 6.9001
11.2224 -3.3447 5.3469
11.7248 -2.5100 6.8414
8.7904 -3.1951 4.2388
9.5621 0.7696 4.2852
6.1434 -0.7272 7.6009
10.3848 -3.2965 4.9587
7.6873 -1.1024 6.6814
8.0964 -3.1044 4.0178
4.7845 -2.0222 4.2497
7.5211 -2.8228 4.2435
9.1005 -3.3106 4.1891
10.6769 -3.3512 5.0190
12.0800 -2.5412 7.4347
2.0770 -0.7270 5.2528
8.7657 -3.1692 4.2759
11.3431 -2.8646 6.3682
10.0162 -1.6567 6.6363
10.0668 -3.3766 4.6163
5.3555 -1.7812 5.0571
10.9578 -3.3512 5.1812
11.2934 -3.4070 5.2646
7.7333 -3.2118 3.5954
11.0509 -3.2202 5.4946
9.8226 -2.5347 5.7285
9.7947 -3.0848 5.0374
11.1973 -3.1606 5.6974
4.4086 -1.4873 5.0927
11.8266 -1.4877 9.3759
9.5720 -2.9653 5.1457
8.6163 -0.1358 4.8648
7.9876 -2.9037 4.3528
8.3155 -2.5433 4.8776
8.2686 -1.5297 6.2292
8.3555 -2.4436 4.8157
6.4352 -2.4596 4.3361
9.5491 -2.1508 5.6410
9.0755 -3.4067 3.9841
9.1344 -3.0110 4.8023
12.4049 -1.8906 8.9116
8.0677 -3.2360 3.7404
9.3106 -3.0436 4.8395
3.6041 -1.6626 4.2807
13.3133 -2.0839 9.0531
12.9073 -2.5015 7.9910
7.2228 -3.1140 3.4943
11.7345 -2.8911 6.5417
12.5235 -2.1974 8.3721
11.6956 -3.1516 6.0029
9.8646 -2.9770 5.2915
12.1350 -0.1315 12.2416
11.8519 -1.9353 6.7748
10.8450 -2.9291 5.9526
6.5248 -2.8085 3.6966
10.6919 -2.5288 6.2170
10.9899 -2.8645 6.1642
11.0524 -2.0194 7.1388
7.1243 -3.0219 3.6200
12.5158 -2.9292 6.9173
7.0754 -3.0846 3.4674
1.7780 -0.6521 5.2285
5.8036 -2.0834 4.7170
11.6658 -3.3705 5.5519
10.3526 -3.1142 5.3013
13.3612 -2.2502 8.7512
8.5698 -1.7857 5.8731
7.5418 -2.2734 4.4681
11.2401 -3.1516 5.7399
8.2006 -2.5315 4.7851
8.1994 -3.3639 3.5631
11.7092 -3.0850 6.1428
6.9473 -1.6657 5.1901
12.4412 -0.0305 12.6187
9.3000 -3.3576 4.2113
3.7115 -1.7032 4.2621
5.4007 -1.4400 5.7593
7.8910 -2.9288 4.2471
7.3435 -1.8084 5.2891
11.7573 -0.9354 10.4304
7.7855 -3.2818 3.4867
6.6335 -1.2921 5.7845
9.5332 -0.6524 9.7067
12.7964 -2.7797 7.3757
5.7698 -2.6154 3.6432
7.7887 -2.0843 4.8338
10.4100 -2.7943 5.9685
7.5823 -3.0327 3.8629
8.9761 -3.1330 4.4692
8.6342 -2.2689 4.9220
11.5109 -3.3314 5.5400
10.3435 -2.0041 6.1458
11.9992 -2.9415 6.5947
11.2094 -2.7177 6.5820
9.4751 -2.8087 5.4000
7.4298 -2.9883 3.8628
9.0944 -2.1546 5.2065
7.9157 -2.2482 4.7940
8.9272 -3.2518 4.2056
10.2893 -3.2596 4.9768
9.0636 -3.4184 3.9542
12.7030 -2.9773 6.9302
4.6951 -1.5331 5.1672
8.7506 -2.8508 4.8982
12.5871 -2.9536 6.9101
4.6996 -1.0613 6.1048
10.6908 -3.3380 5.0532
11.2422 -2.8646 6.3099
14.1856 -0.1316 13.4258
10.2961 -3.2037 5.0915
11.6441 -2.9292 6.4140
5.8794 -2.5010 3.9332
5.7355 -1.6208 5.5943
12.1786 -2.6683 7.2397
10.6939 -1.9399 6.9148
9.4757 -3.4068 4.2152
12.6019 -2.4170 7.9822
8.1851 -3.2281 3.8240
9.5935 -3.3949 4.3067
10.2280 -3.2820 4.8969
11.0116 -3.2283 5.4559
3.3626 -0.4083 6.6267
8.7704 -3.1951 4.2272
4.0702 -1.8547 4.1691
10.9062 -1.4516 7.8612
9.6218 -3.1867 4.7357
8.0420 -2.6847 4.8180
8.1291 -3.2035 3.8403
7.1047 -2.7173 4.2121
5.9179 -2.6678 3.6249
8.7934 -3.2517 4.1283
11.7752 -3.0438 6.2625
10.0773 -3.3889 4.5980
10.7035 -3.2442 5.2466
10.0412 -2.1906 5.9481
9.8911 -3.1952 4.8743
6.8017 -2.7173 4.0371
10.8827 -1.8366 7.2678
12.3556 -3.0223 6.6403
11.8900 -2.7336 6.9435
8.5887 -2.0167 5.4232
13.6227 -1.5782 10.2340
7.4660 -2.3963 4.2632
12.1973 -3.4187 5.7635
8.5800 -3.2964 3.9167
4.7058 -0.4084 7.4023
4.7614 -2.1694 3.9445
9.1522 -2.2375 5.1396
3.3451 -1.3406 4.7691
11.9433 -1.6207 6.6146
9.5109 -3.1952 4.6548
7.5141 -2.3061 4.3719
11.5516 -2.2675 6.6824
9.3919 0.0406 4.9013
4.0556 -1.0613 5.7330
10.8644 -3.3037 5.2215
11.7079 -1.3915 9.4980
10.5337 -3.3447 4.9493
5.2175 -0.4084 7.6978
9.3679 -2.9290 5.0998
9.4000 -1.5695 6.5039
11.2440 -1.7037 8.6114
5.4681 -2.2496 4.1938
8.6211 -1.5788 6.1276
7.8322 -3.3444 3.3896
12.4809 -3.0332 6.6911
12.1168 -3.4011 5.7517
6.4640 -0.3201 8.5927
8.2470 -3.3035 3.7103
13.1024 -2.5216 8.0639
7.3809 -1.8679 4.0593
12.1550 -1.9910 8.5683
9.9568 -1.9103 6.2078
2.9125 -1.1210 4.9544
10.6487 -2.6682 6.3564
13.1241 -2.5015 8.1162
9.8936 -2.2362 5.5640
12.3797 -2.8911 6.9142
12.3621 -3.2748 6.1437
1.8582 -1.1210 4.3456
7.2493 -2.7332 4.2641
6.1768 -2.5210 4.0652
8.2119 -3.3887 3.5210
6.6674 -0.1313 9.0843
11.1780 -3.1516 5.7040
7.0989 -1.6707 5.3112
7.6802 -2.7012 4.5765
10.9235 -3.3641 5.1359
8.3124 -1.9445 5.4021
13.1117 -1.8190 9.4616
10.4395 -2.1189 5.9670
9.3980 -0.0800 4.9341
7.5107 -1.1905 6.1796
5.2744 -2.3941 3.7955
9.9336 -1.9738 6.1690
9.9567 -1.7572 6.3221
11.9631 -2.7492 6.9548
9.5320 0.7472 4.3122
12.2932 -3.1333 6.3843
9.2692 -3.2892 4.3289
11.0338 -3.1238 5.6757
10.4849 -0.5745 10.4107
9.1986 -3.0436 4.7749
7.5826 -0.9352 8.0197
11.1233 -2.4544 6.4383
9.9675 -3.3036 4.7036
8.6379 -1.8662 5.7351
12.6469 -2.2241 8.3905
9.4834 -3.3640 4.3044
10.0821 -2.6681 6.0292
12.1775 -2.5793 7.4154
8.7710 -3.4126 3.7968
9.4108 -3.1952 4.5970
11.6476 -3.3108 5.6597
6.8591 -2.9410 3.6270
12.0199 -2.4810 7.5192
11.8897 -3.0749 6.2669
5.5084 -2.3714 3.9757
8.7996 -0.4086 9.7663
5.6696 -2.4805 3.8526
6.2026 -0.3201 8.4418
5.0168 -1.8185 4.7876
7.6566 -3.2199 3.5348
8.3325 -2.1798 4.6700
11.3264 -3.3513 5.3940
12.8333 -2.7945 7.3677
9.7976 -0.3202 10.5177
8.3934 -3.3035 3.7948
11.2921 -3.1954 5.6832
11.5097 -3.0949 6.0079
12.2441 -3.0950 6.4319
12.9243 -2.0537 8.8882
10.8432 -2.1733 6.5573
13.7181 -1.6213 10.2035
8.3688 -2.2163 5.0584
5.1812 -1.8548 4.8106
7.9912 -3.3574 3.4556
8.1709 -0.1314 9.9525
7.2869 -2.8776 3.9998
9.6136 -2.6849 5.7254
10.8665 -3.1424 5.5423
11.8844 -3.1783 6.0591
5.7989 -2.6154 3.6600
8.8983 -3.0220 4.6442
10.0973 -3.2037 4.9767
10.0300 -3.2441 4.8577
9.8277 -3.1693 4.8890
9.8507 -3.2965 4.6503
7.5040 -2.0235 4.9600
12.0733 -2.7016 7.1129
12.2009 -3.0438 6.5083
4.4959 -2.1127 3.9036
10.0809 -2.6202 5.9264
12.5134 -3.1607 6.4572
9.3258 -0.1042 4.8991
12.0774 -3.1144 6.2971
10.1246 -3.3176 4.7666
9.0705 -2.3960 5.1886
6.3094 -2.7488 3.6905
5.9812 -2.3482 4.2948
9.6434 -2.1973 5.7381
9.7386 -3.0948 4.9853
8.3512 -3.1141 4.1458
-1.8438 0.0758 4.5792
7.6062 0.0755 10.0363
9.8389 -2.8778 5.4733
12.4531 -2.2501 8.2269
10.9265 -3.4069 5.0528
5.2405 -0.9994 6.5400
9.8845 -3.3828 4.4988
12.6314 -2.4601 7.9137
-0.2161 -0.0301 5.3095
9.8079 -1.6220 6.5428
6.8323 -2.8368 3.8180
5.2211 -2.2751 4.0007
12.6639 -3.0113 6.8402
6.9678 -2.7641 4.0403
12.3639 -3.1048 6.4817
11.5659 -3.2520 5.7291
5.2086 -0.5743 7.3640
9.0283 -2.9652 4.8318
10.4945 -3.0948 5.4218
6.3303 -2.6846 3.8297
8.6384 -3.4125 3.7202
11.9993 -3.1869 6.1084
8.1918 -3.0328 4.2148
8.5098 -3.2439 3.9800
8.2332 -3.1779 3.9511
7.4624 -3.1779 3.5061
11.5218 -3.2203 5.7665
11.8085 -3.3642 5.6468
11.0949 -3.3890 5.1855
8.3864 -3.3243 3.7494
9.6506 0.1864 11.4369
9.7251 -1.5660 6.6643
9.4098 -3.3106 4.3677
10.9356 -2.4873 6.3344
8.9282 -0.4523 4.7820
11.8640 -2.3248 7.7387
3.8087 -1.1211 5.4719
9.4149 -2.0966 5.8141
11.3479 -1.9093 7.3237
8.9882 -2.8777 4.9821
10.4185 -2.9534 5.6581
10.4133 -3.0000 5.5629
9.7737 -3.3106 4.5778
12.5675 -2.8511 7.1020
8.7722 -1.4030 6.5900
9.1732 -2.8644 5.1153
11.8704 -0.4087 11.5396
-1.0578 0.1868 5.2530
10.3157 -2.4929 5.9894
10.0488 -3.0748 5.2041
9.8562 -2.2789 5.5762
7.3329 -1.6812 5.5178
11.9142 -1.7816 8.8441
10.2402 -3.0221 5.4190
7.8298 -3.1951 3.6842
9.0386 -2.3514 5.1358
7.5506 -3.2516 3.4108
2.7818 -0.9992 5.1202
11.2579 -3.0543 5.9430
4.8363 -1.5776 5.1606
10.5748 -3.0748 5.5078
9.0548 0.5706 4.7726
9.3757 0.7303 4.5388
12.3819 -3.0648 6.5714
10.4210 -3.3313 4.9106
12.0569 -2.6337 7.2379
10.6458 -3.2441 5.2133
5.9731 -2.5599 3.8705
10.6252 -1.1543 8.3911
11.1433 -3.4069 5.1780
11.7400 -2.7645 6.7956
10.8072 -3.2894 5.2168
5.9247 -2.3244 4.3094
12.1469 -3.2443 6.0799
8.2315 -3.2891 3.7298
9.4403 -3.3703 4.2670
15.3254 -0.4088 13.5347
9.1573 -3.0110 4.8155
10.8806 -3.2821 5.2737
5.0192 -1.4400 5.5390
12.3092 -3.2364 6.1892
3.1976 -1.5775 4.2144
8.6511 -3.0644 4.4174
9.8709 -2.5744 5.7745
9.3891 -2.6849 5.5958
6.0312 -1.8901 5.2314
7.3857 -1.9737 4.9894
6.5283 -2.5788 4.1537
8.3789 -1.1968 6.8500
8.8702 -2.1585 5.2726
13.5766 -1.8553 9.6581
12.2445 -3.2039 6.2164
10.4940 -2.9653 5.6781
7.5902 -0.9995 7.8967
13.5010 -2.0839 9.1615
10.0697 -3.4185 4.5351
8.1450 -2.4869 4.7228
9.1802 -3.0110 4.8288
8.8532 -2.3535 5.0337
11.7280 -2.2240 7.8599
8.5883 -1.5958 6.2406
8.5038 -3.1044 4.2530
7.6420 -2.9997 3.9628
11.9569 -3.3109 5.8383
11.8874 -1.4404 9.5048
12.0479 -1.4775 6.4919
13.0211 -2.4811 8.0973
14.7362 -1.0619 11.9003
12.9213 -1.9584 9.0754
8.5787 -3.2200 4.0672
14.1074 -0.4935 12.6635
8.3464 -1.1493 6.8977
11.3377 -2.4855 6.5625
9.9589 -2.6510 5.9920
11.2878 -2.8910 6.2838
6.5658 -2.3244 4.6796
5.4414 -2.5210 3.6406
9.3400 -0.3202 10.2535
4.9273 -1.5776 5.2131
10.4392 -3.0646 5.4497
9.5794 -3.0436 4.9948
12.3157 -3.0648 6.5332
7.9499 -3.1951 3.7535
9.7311 -2.9290 5.3095
8.3324 -3.2594 3.8470
10.5752 -2.1466 6.2206
9.1447 0.0129 4.8280
4.5025 -1.4873 5.1469
11.2405 -2.2588 6.6511
7.5512 -1.2034 3.7792
9.1216 -2.0610 5.5240
7.9232 -2.2662 4.7570
11.0315 -3.2121 5.4996
7.5584 -2.8643 4.1830
9.6608 -2.3536 5.5002
4.2581 -0.4084 7.1438
12.3762 -3.2285 6.2437
7.4196 -2.1077 4.7002
13.2274 -1.9250 9.3184
10.6517 -3.1953 5.3134
9.4129 -0.6524 9.6373
3.0211 -0.4930 6.2617
11.4923 -3.1954 5.7987
11.4107 -2.0110 7.0308
8.7775 -2.0345 5.4698
9.6301 -3.3703 4.3766
4.9226 -1.3911 5.5800
7.4952 -2.8228 4.2286
7.0071 -1.0614 7.4373
8.8374 -1.6098 6.1765
13.7702 -0.0306 13.3861
12.4775 -2.7797 7.1916
9.0637 0.1864 11.0980
11.8071 -2.9415 6.4837
12.2022 -1.4878 9.5928
3.3866 -1.7427 3.9963
9.6428 -3.3379 4.4481
12.2881 -2.5015 7.6335
10.6412 -3.2283 5.2420
11.4517 -2.8372 6.4851
10.4012 -2.0803 6.0130
9.5361 -2.0521 5.7329
10.7541 -2.9654 5.8282
10.8185 -3.0949 5.6088
8.4443 -1.9905 5.3744
8.6997 -3.3948 3.7907
6.7644 -2.7792 3.8930
7.7393 -3.1421 3.7368
9.9905 -3.0849 5.1504
11.5200 -3.1239 5.9565
4.1080 -1.5776 4.7401
9.4922 -3.3827 4.2723
9.3744 0.8045 4.3983
12.4749 -2.5793 7.5871
10.1581 -2.7644 5.8823
6.4825 -2.4383 4.4057
0.9744 -0.3199 5.4227
13.4891 -2.1974 8.9296
10.0614 -3.3704 4.6256
6.9695 -2.8506 3.8698
12.4803 -2.9888 6.7788
7.1373 -0.9352 7.7626
11.3880 -2.7796 6.5625
12.4925 -3.1048 6.5560
11.4322 -3.1954 5.7641
6.3866 -2.4383 4.3504
9.0640 -1.7653 6.0471
12.3984 -3.2598 6.1945
10.3309 -2.3382 5.9232
10.9726 -3.2283 5.4334
11.3839 -2.9040 6.3137
7.3456 -2.8369 4.1143
5.5029 -2.3942 3.9274
2.0646 -1.3405 4.0297
11.3774 -3.1047 5.9121
10.2346 -3.4185 4.6303
11.8388 -3.0113 6.3638
10.4852 -2.1643 6.0368
10.6501 -2.3568 6.0789
8.3410 -3.2281 3.9140
12.1155 -3.2364 6.0774
7.6442 -2.2653 4.5936
8.6493 -3.1141 4.3179
8.1790 -3.3826 3.5142
12.4328 -1.2890 10.1199
7.4235 -3.0846 3.6684
9.1055 -2.7334 5.3358
13.2469 -1.3412 10.4866
12.2653 -2.4388 7.7446
9.1569 -3.1423 4.5552
12.0604 -2.5215 7.4623
11.6623 -2.6850 6.9083
8.3101 -3.1951 3.9615
10.4729 -3.0948 5.4093
11.3067 -3.4186 5.2492
6.9666 -0.4932 8.5400
7.1469 -1.8628 5.0442
8.5201 -3.3826 3.7111
8.0085 -3.3702 3.4404
11.3256 -3.2203 5.6532
7.8747 -2.5320 4.5981
9.2777 -3.3765 4.1608
12.7349 -2.8373 7.2260
13.3350 0.0753 13.3445
11.6856 -3.0438 6.2108
10.0892 -2.8778 5.6177
12.0634 -2.7178 7.0751
5.1678 -0.0303 8.4185
6.0575 -1.9245 5.1785
7.4896 -3.1950 3.4878
11.6793 -2.9040 6.4842
3.1233 -1.1210 5.0761
10.1578 -1.1501 7.9687
10.9270 -2.0188 6.7809
11.1807 -3.3829 5.2472
9.1971 -2.0505 5.5317
7.1175 -1.8705 4.8782
11.0196 -1.9750 7.0921
12.3354 -3.0439 6.5859
9.6481 -3.2965 4.5333
10.0055 -2.9413 5.4436
10.5715 -3.3950 4.8714
9.7672 -3.3380 4.5199
7.6386 -3.2891 3.3874
2.8510 -0.4083 6.3313
7.9111 -3.2118 3.6980
9.2780 -3.4184 4.0780
11.5722 -3.3513 5.5359
6.1684 -2.3714 4.3568
9.4397 -3.3576 4.2919
11.8117 -0.0305 12.2551
11.4732 -1.3411 9.4624
9.8712 -1.9922 5.9477
6.8132 -2.6507 4.1757
9.5530 -3.1423 4.7839
0.3503 -0.2276 5.2452
10.6928 -3.0112 5.7021
8.3839 -2.9884 4.4137
8.6641 -3.3702 3.8189
11.8920 -3.3891 5.6457
8.6070 -3.0644 4.3919
10.9703 -3.1238 5.6391
8.8224 -0.2459 4.6719
8.9921 0.2068 4.6944
11.0437 -2.7336 6.4549
9.1177 -3.1141 4.5884
3.7364 -0.5742 6.5138
7.3810 -2.7940 4.2197
9.5569 -2.5288 5.5620
9.1481 -1.8997 5.8477
11.5053 -1.7037 8.7623
10.3324 -1.9365 6.5343
12.4472 -2.6512 7.4287
13.1277 -1.4405 10.2210
8.9180 -1.8452 5.7975
8.6442 -0.5744 9.3479
9.0692 -2.2883 5.1456
9.8973 -3.2671 4.7354
10.7263 -3.3380 5.0737
11.5152 -2.0748 7.1961
11.0257 -0.9998 8.3641
9.0437 -0.0361 4.7827
14.2249 -1.4405 10.8545
10.2470 -3.4127 4.6489
0.6765 -0.4082 5.0756
10.1806 -3.3446 4.7454
10.5683 -2.9771 5.6978
9.4302 -2.9653 5.0639
10.4871 -3.0748 5.4572
12.6999 -2.5605 7.7544
8.8195 -3.2119 4.2225
9.3772 -1.9468 5.7432
3.3146 -0.7270 5.9674
11.3887 -2.4447 6.5690
8.1524 -2.9769 4.3029
8.0612 -2.2754 4.7734
11.9455 -1.9249 8.5782
11.2761 -2.0955 6.7716
2.7166 -1.2884 4.5095
9.5528 -3.3640 4.3445
3.3676 -1.2884 4.8854
5.5887 -0.4931 7.7444
7.2972 -1.9768 4.0838
12.3030 -2.7646 7.1207
6.9863 -2.8368 3.9069
11.9429 -3.1239 6.2007
9.4490 -2.8087 5.3849
11.8132 -3.3578 5.6622
11.0157 -2.3556 6.2870
9.0741 -2.8230 5.1402
9.3155 -1.8964 5.7798
8.2283 -3.0847 4.1331
8.3412 -2.7333 4.8945
8.3612 -3.2891 3.8047
11.0538 -3.1516 5.6323
8.3470 -3.2744 3.8255
5.8734 -0.8684 7.1650
9.8369 0.7703 4.2165
13.0198 -2.5979 7.8651
11.1593 -3.2894 5.4201
6.3934 -2.5599 4.1132
9.0388 0.1149 4.6238
10.5918 -2.9771 5.7113
12.0714 -1.7038 9.0892
7.4276 -3.0945 3.6511
8.0398 -2.7793 4.6294
10.5846 -3.0330 5.5963
8.3681 -3.2670 3.8525
8.0736 -1.5672 6.0606
9.3413 -1.5364 6.5337
8.9658 -2.3957 5.1274
-1.6842 -0.0300 4.4617
4.7331 -1.4400 5.3738
11.3460 -3.3447 5.4183
10.8547 -3.2202 5.3813
9.0656 0.6871 4.6638
5.4414 -1.4873 5.6890
12.2074 -3.3952 5.8159
8.2871 -3.2891 3.7619
12.4536 -3.2122 6.3207
7.4176 -1.6642 3.9443
10.7074 -2.8372 6.0553
10.6082 -3.3037 5.0735
11.7746 -2.6851 6.9731
9.2340 -2.0957 5.5939
10.1972 -3.4127 4.6202
15.0797 0.1862 14.5720
8.1731 -3.4183 3.4401
9.2099 0.7062 4.6959
5.7880 -2.4165 4.0479
14.0793 -1.5337 10.5857
12.5053 -2.3249 8.1089
11.5351 -2.7336 6.7386
12.7621 0.0753 13.0137
12.9592 -1.8553 9.3016
12.0236 -1.3974 6.4739
10.9856 -1.6683 7.5377
3.5567 -1.8184 3.9445
10.5438 -2.1563 6.2317
9.5342 -3.4009 4.2607
7.9045 -3.3638 3.3929
5.6559 -2.5210 3.7645
9.2115 -0.0536 4.9085
7.8395 -3.2669 3.5473
9.2471 -3.0645 4.7615
7.0771 -2.7173 4.1962
10.5779 -3.0849 5.4896
6.1559 -2.0532 4.9802
9.6140 -3.1604 4.7832
7.1803 -3.1140 3.4697
1.0155 -0.9349 4.2277
11.9428 -3.3891 5.6751
10.1098 -3.1331 5.1237
10.7597 -3.4069 4.9565
8.2520 -2.4871 4.7850
12.3227 -2.5412 7.5748
8.8512 -2.2495 5.0759
7.0831 0.1865 9.9542
8.8338 -3.2200 4.2145
9.3899 -3.3827 4.2133
4.4658 -0.9351 6.2200
11.8492 -3.1047 6.1845
10.7847 -3.2672 5.2478
11.2200 -3.0112 6.0065
6.9165 -2.8085 3.9227
13.0840 -1.2890 10.4959
11.7763 -1.8189 8.6905
8.4875 -1.6626 5.7921
9.4289 -3.1604 4.6764
8.2691 -2.6680 4.9824
11.2598 -3.0438 5.9650
9.7626 -3.0221 5.1432
7.4583 -1.7208 5.5710
7.4227 -1.7333 4.0046
5.6009 -1.8185 5.1248
10.0580 -3.3245 4.7145
13.1677 -0.4934 12.1209
6.3106 -2.3000 4.5804
2.8790 -1.5775 4.0304
13.3815 -0.6526 11.9289
12.2100 -3.0332 6.5347
9.3804 -2.5739 5.4905
6.8462 -2.8907 3.7193
14.1772 -1.4405 10.8270
5.4629 -1.8901 4.9033
8.3801 -2.3997 4.7987
9.9295 -3.3766 4.5371
11.7563 -1.3915 9.5259
9.4451 0.6999 4.4731
9.1926 -2.6848 5.4824
10.1668 -3.3950 4.6377
12.3401 -2.3719 7.9203
11.4064 -1.7816 8.5509
10.5833 -2.5309 6.1590
12.9623 -2.0537 8.9102
11.6594 -1.3915 9.4700
8.6356 -2.7490 5.0336
8.0668 -3.2517 3.7089
9.1224 -0.3013 5.2198
5.7477 -2.4383 3.9815
9.5538 -3.1237 4.8213
9.2017 -2.2141 5.2648
10.9170 -2.9166 6.0189
11.9655 -3.1783 6.1059
8.0821 -1.4525 6.2427
8.4016 -2.3146 4.7513
7.1901 -3.0945 3.5139
7.6321 -2.6200 4.5125
11.7818 -2.1700 7.9981
12.1323 -3.2597 6.0409
8.3595 -0.3202 9.6873
8.1528 -1.9853 5.1860
4.8699 -1.2885 5.7529
9.8356 -3.1781 4.8762
11.7094 -2.1699 7.9563
5.6653 -0.4084 7.9564
6.2967 -2.1415 4.8866
9.8193 -2.8509 5.5152
8.4826 -3.3510 3.7522
8.7645 -3.2670 4.0814
10.0429 -1.8093 6.2770
11.8593 -2.2501 7.8840
8.0214 -2.3039 4.5803
10.9889 -2.1264 6.4954
10.2551 -0.3203 10.7819
12.7130 -2.9888 6.9132
8.6594 -2.6848 5.1745
2.0172 -0.9349 4.8061
12.2676 -2.1420 8.3341
10.6922 -2.8910 5.9399
12.3221 -2.9292 6.8055
5.8123 -2.6506 3.5979
12.0799 -2.9292 6.6657
7.5336 -2.0241 4.9795
9.7274 -3.2671 4.6373
10.5645 -2.2264 6.0850
8.3866 -2.3282 4.9328
10.0943 -2.9290 5.5192
8.7028 -2.9533 4.6675
7.0150 -1.4672 5.7872
11.9993 -3.3038 5.8767
11.9377 -3.0001 6.4430
12.1684 -3.1783 6.2231
9.2780 -2.4818 5.3652
9.6989 -1.6425 6.6197
7.7543 -3.3105 3.4119
11.0771 -3.1047 5.7388
9.9104 -0.4933 10.2399
9.6763 -3.3511 4.4413
11.7980 -3.3038 5.7605
6.0855 -2.7173 3.6236
8.3154 -3.0847 4.1833
9.0880 -2.0807 5.4601
13.5658 -2.2241 8.9210
8.3960 -1.9232 5.5156
9.7147 0.8117 4.1712
12.2624 -3.3768 5.8840
8.3345 -3.2517 3.8634
9.4289 -3.3244 4.3513
11.6271 -2.7796 6.7006
13.9821 -0.4935 12.5912
11.6634 -3.1333 6.0207
9.3567 0.1697 4.9429
12.2143 -3.0544 6.4952
4.8357 -2.1968 3.9333
10.3499 -1.9820 6.4414
11.9311 -3.3830 5.6805
12.7037 -0.9355 10.9768
5.3606 -1.7428 5.1361
8.9496 -1.9750 5.4753
13.6513 -2.0839 9.2482
14.9166 -0.2281 13.6567
8.3443 -2.7174 4.9278
10.3273 0.0754 11.6076
5.9198 -2.4805 3.9971
6.0168 -2.0223 4.9612
8.7069 -3.0847 4.4094
13.2140 -0.4088 12.3154
10.5376 -2.7795 6.0715
12.1605 -3.1869 6.2014
13.9448 -1.7434 10.0926
4.4352 -1.6207 4.8435
11.7942 -3.2822 5.8012
11.6006 -2.7796 6.6853
11.6992 -3.3448 5.6222
11.6705 -3.0749 6.1404
8.2228 -2.9769 4.3435
12.4294 -2.8911 6.9429
11.3627 -2.1299 6.8254
7.4785 -0.5744 8.6747
9.2083 -0.7273 9.3707
7.1198 -1.7154 5.3414
7.9409 -3.3947 3.3526
9.7675 -3.2119 4.7698
12.9175 -2.7178 7.5683
11.4411 -2.7796 6.5932
8.0342 -0.1314 9.8736
14.2362 -1.2891 11.1612
10.3664 -3.2965 4.9480
8.1072 -2.9532 4.3236
8.6804 -3.2819 4.0034
11.2720 -2.6682 6.7162
7.8312 -3.3378 3.4022
6.5492 -2.8642 3.6003
11.4723 -3.1954 5.7872
9.0034 -3.3379 4.0789
10.9341 -2.2686 6.4131
0.5157 -0.6520 4.4996
11.4615 -3.1695 5.8323
9.8502 0.7790 4.2521
2.5760 -1.2345 4.5351
1.3930 -0.4929 5.3215
9.9215 -3.2519 4.7796
9.4312 -2.9885 5.0184
8.3658 -3.2744 3.8364
8.3908 -0.6524 9.0470
9.4409 0.6868 4.3935
8.1741 -1.9712 5.0136
8.8663 -2.4400 5.1022
8.6586 -3.4067 3.7434
9.6552 -2.8371 5.4478
-0.1280 -0.5740 4.2823
11.5591 -3.3768 5.4779
8.8949 0.0263 4.6469
11.0430 -2.4903 6.4031
8.4060 -1.6353 5.8246
11.1112 -3.2038 5.5621
9.8259 -3.4068 4.4173
3.1798 -1.6207 4.1186
11.4106 -3.0647 6.0106
6.9295 -2.9036 3.7418
8.2647 -2.0899 4.8098
8.2144 -2.8643 4.5617
10.0319 -3.3949 4.5598
8.7975 -3.3765 3.8835
7.2929 -3.0846 3.5930
7.2494 -3.0846 3.5679
5.6519 -2.4382 3.9261
8.7367 -3.3105 3.9791
11.8769 -3.0949 6.2199
10.9930 -3.3767 5.1511
9.7023 -2.7644 5.6191
1.8121 -1.2345 4.0941
13.1210 -2.1701 8.7713
10.9161 -0.6525 10.5053
7.2153 -3.0219 3.6725
8.2104 -3.3035 3.6892
10.0014 -1.2954 7.7857
11.0549 -3.1238 5.6880
7.0031 -2.9768 3.6393
3.3820 0.0756 7.5969
8.8171 -0.3202 9.9515
8.9534 -3.4126 3.9021
7.7667 -3.1779 3.6817
11.0851 -2.9654 6.0193
10.2157 -3.1694 5.1130
8.9084 -2.5287 5.1875
9.6668 -0.9996 9.0958
11.5377 -1.9583 8.2765
4.4559 0.0756 8.2171
11.8086 -1.1793 9.9768
7.5263 -1.3055 3.7671
6.1810 -1.1212 6.8417
11.9557 -2.8089 6.8322
9.1538 -2.8909 5.0517
11.7531 -2.9040 6.5269
11.4568 -2.0113 7.1939
11.3056 -3.2966 5.4903
10.9699 -3.1047 5.6769
8.5165 -3.2281 4.0153
7.4188 -1.8073 5.3262
7.8227 -1.9962 5.1815
11.0193 -1.9982 7.0341
9.3578 -1.1922 7.2885
10.4405 -1.7131 7.2422
3.3735 -0.7270 6.0014
9.5041 -2.6191 5.5910
9.8134 -3.3313 4.5599
8.2813 -3.3826 3.5732
9.2297 -3.2361 4.4113
5.7469 -1.7428 5.3591
7.7868 -3.2891 3.4730
0.6543 -0.1311 5.6120
7.6552 -1.3572 5.9326
11.1434 -3.2672 5.4549
11.9682 -2.9887 6.4831
12.5938 -2.5793 7.6558
4.6434 -1.4873 5.2282
9.9619 -3.3176 4.6727
9.2935 0.7079 4.5253
7.8565 -3.0644 3.9586
13.4112 -2.0228 9.2307
8.7991 -0.3739 4.6898
7.6775 -3.0540 3.8758
13.1315 -0.3204 12.4429
9.3911 -3.3949 4.1899
8.9626 -3.1514 4.4250
8.6275 -2.9037 4.7222
8.0262 -3.3510 3.4887
8.1372 -3.3035 3.6469
10.1030 -3.2893 4.8103
6.9709 -2.9287 3.7159
9.4444 -2.5331 5.5066
12.5534 -2.8911 7.0145
5.6363 -1.6627 5.4541
5.0803 -2.3481 3.7747
11.3725 -3.3705 5.3826
2.0667 -1.2345 4.2411
12.4864 -1.9584 8.8243
10.1540 -2.8088 5.7919
9.6429 -2.9653 5.1867
11.0167 -2.7015 6.5028
12.1160 -2.8780 6.7880
10.0534 -2.6202 5.9105
11.0841 -3.3037 5.3483
11.2926 -3.2747 5.5262
14.5752 -1.0619 11.8073
-0.5939 -0.3198 4.5171
8.3167 -2.7174 4.9119
10.6229 -1.6280 7.3392
11.2533 -0.2029 7.9626
10.0967 -2.8909 5.5961
6.8137 -1.1212 7.2071
9.2195 -3.1423 4.5914
11.0831 -1.1792 9.5579
6.9781 -2.8642 3.8480
4.3296 -0.7991 6.4108
10.9688 -3.0543 5.7761
9.4846 -2.1794 5.6903
7.9707 -3.2280 3.7002
11.5514 -3.3578 5.5111
9.0042 -3.0947 4.5613
10.0719 -2.8909 5.5818
9.7121 -1.8619 6.1648
6.5895 -2.5407 4.2646
10.1561 -1.9262 6.2460
5.9430 -2.5599 3.8532
15.7093 -0.4089 13.7564
12.3217 -3.1869 6.2945
3.6415 -0.6522 6.3045
9.6437 -2.1495 5.5979
9.3540 -3.1330 4.6873
8.6724 -3.2281 4.1053
8.5799 -3.0220 4.4604
11.7471 -3.0113 6.3108
13.0808 -0.6526 11.7553
5.2815 -0.4084 7.7347
8.0539 -3.0946 4.0127
7.0462 -0.7992 7.9795
10.6137 0.0754 11.7731
10.5552 -2.0672 6.3725
11.1877 -2.2474 6.6803
5.8849 -2.4165 4.1039
6.2310 -2.5788 3.9820
12.0246 -2.0227 8.4301
8.3510 -2.9289 4.5127
11.6267 -3.0749 6.1151
7.9903 -3.2439 3.6801
7.4396 -1.1569 6.6499
7.1844 -2.9651 3.7672
13.3951 -1.5782 10.1025
10.2721 -3.4009 4.6867
2.2574 -1.3910 4.0411
12.1485 -3.2822 6.0057
12.5065 -1.8553 9.0402
9.2327 0.1341 4.8484
8.9623 -2.8370 5.0478
8.3584 -3.4067 3.5701
8.5886 -3.4125 3.6914
9.7744 -1.9569 6.0116
9.1775 -2.2377 5.1546
7.7891 -1.9513 5.2878
8.7481 -1.1008 7.2042
9.3200 -1.0489 7.3874
11.7473 -3.1333 6.0692
10.3073 -2.5744 6.0264
11.7470 -2.9167 6.4982
7.7154 -3.2199 3.5688
14.2531 -1.0618 11.6213
-2.2311 0.1868 4.5755
10.7051 -0.9997 9.6954
11.3182 -3.3177 5.4557
11.0687 -2.3722 6.3577
9.4396 -2.9038 5.1911
7.6486 -3.1140 3.7402
8.0940 -0.4932 9.1910
7.1108 -2.9997 3.6562
11.8407 -2.8780 6.6290
12.2078 -3.3315 5.9423
7.0032 -2.9410 3.7102
9.7163 -3.4126 4.3425
10.3995 -3.0222 5.5109
8.6273 -0.2203 4.8916
8.2966 -2.2732 4.6616
6.2265 -0.6523 7.7972
9.3511 -0.2530 4.9495
5.8832 -1.5777 5.7651
8.6472 -3.2745 3.9989
10.8243 0.1864 12.1147
11.4886 -3.1516 5.8833
3.9093 -1.5331 4.7135
8.4336 -3.0540 4.3123
13.8171 -0.9355 11.6198
10.8032 -3.3704 5.0539
11.3286 -2.0020 7.0839
11.5351 -3.0850 6.0423
6.8859 -2.9767 3.5716
1.4059 -0.1311 6.0460
7.3138 -2.0691 4.7505
9.2260 -3.0110 4.8552
12.4462 -2.6159 7.4980
9.3893 -3.1780 4.6186
8.1316 -3.3510 3.5495
10.8058 -2.0512 6.7008
11.1192 -3.1143 5.7439
11.2855 -3.1332 5.8025
8.3658 -2.8643 4.6491
14.3460 0.1863 14.1483
11.4515 -0.1315 11.8469
7.8951 -0.0304 9.9934
11.4203 -3.1047 5.9369
11.4365 -3.3829 5.3949
10.2989 -3.3641 4.7753
11.5025 -2.1206 6.8765
8.0099 -3.1951 3.7882
11.0393 -2.9039 6.1148
12.5041 -2.7797 7.2069
9.8452 0.7638 4.1606
11.4015 -3.2284 5.6810
13.0312 -2.5015 8.0625
3.9862 -1.4872 4.8487
10.8627 -1.3266 7.9999
9.2424 -3.2036 4.4831
11.8378 -2.9292 6.5258
9.6968 -3.3828 4.3905
10.9891 -2.1692 6.4321
11.9271 -3.4070 5.6305
11.8180 -1.8189 8.7146
9.1141 -2.9769 4.8581
11.7777 -3.1869 5.9804
13.3490 -2.3249 8.5961
6.7388 -1.0614 7.2823
11.7982 -0.9997 10.3266
9.8530 0.7577 4.1082
7.4551 -3.0540 3.7474
11.2608 -2.9039 6.2426
9.0941 -3.2361 4.3330
10.0823 -3.1237 5.1264
12.0478 -2.1420 8.2072
13.7664 -1.6632 10.1485
8.5978 -2.7793 4.9516
10.8500 -0.4933 10.7825
9.6585 -2.9290 5.2676
10.8184 -3.3577 5.0879
9.7691 -1.4956 6.7851
9.8119 -3.1046 5.0083
15.7855 -0.2282 14.1584
7.5586 -2.0698 4.8943
11.9847 -1.5465 6.5420
8.7679 -2.2825 4.9570
5.0474 -2.3243 3.8029
11.3263 -1.7432 8.5807
8.9805 -3.3827 3.9769
11.5714 -3.3178 5.6019
10.0431 -2.5292 5.8435
8.8296 -3.2819 4.0895
12.9693 -2.5015 8.0268
13.5707 -1.5337 10.2921
5.5027 -2.5210 3.6760
6.1688 -1.8548 5.3808
11.7276 -3.2038 5.9179
6.4128 -2.6507 3.9446
8.2901 -2.1106 4.7930
10.5824 -1.6344 7.3619
11.7322 -2.6511 7.0159
12.5795 -3.0851 6.6452
3.4010 -0.6521 6.1657
12.0688 -2.2501 8.0050
5.7773 -2.5973 3.6835
7.8464 -2.5325 4.5831
8.2772 -3.2517 3.8303
3.2897 -0.2277 6.9426
8.3949 -3.3510 3.7015
13.7094 -1.5337 10.3722
14.3740 -1.3917 11.0374
8.1683 -1.3158 6.2789
10.9709 -3.1516 5.5845
5.6657 -1.5332 5.7276
14.7005 -0.3204 13.3489
10.4576 -2.1665 6.0273
7.9652 -2.2556 4.5807
10.9915 -3.1238 5.6513
8.3392 -3.1603 4.0472
10.4982 -3.2120 5.1917
7.7933 -1.1509 6.6374
9.0705 -2.9037 4.9780
8.0600 -2.9411 4.3203
2.6884 -0.2277 6.5954
5.3007 -0.1313 8.2951
13.5206 -1.9911 9.3568
9.7747 -3.1781 4.8411
8.4775 -3.2281 3.9928
4.8468 -0.7271 6.8522
4.8597 -1.9904 4.3560
10.3295 -3.2965 4.9268
6.4031 -2.7332 3.7756
12.0978 -2.1133 8.2930
12.0523 -1.0617 10.3505
11.2865 -3.0222 6.0231
10.2198 -2.8371 5.7738
11.0124 -3.1424 5.6265
8.2919 -2.7012 4.9296
13.2994 -1.1216 10.9521
8.6108 -1.5137 6.2817
11.7181 -3.2203 5.8798
9.3412 -2.9038 5.1343
11.2467 -2.9887 6.0666
5.0137 -2.3243 3.7834
10.5228 -2.0414 6.3800
9.2633 -3.3888 4.1281
11.6313 0.1864 12.5807
7.3158 -3.1691 3.4388
9.1886 -0.4052 4.8945
7.3871 -1.0502 6.4227
8.7640 -2.2217 5.1182
9.6292 -3.2119 4.6900
9.3153 0.7566 4.4772
8.8016 -2.0165 5.5456
9.8464 0.7675 4.1827
6.3840 -1.1498 5.7854
12.2276 -2.3947 7.8102
8.4249 -0.3202 9.7250
10.9847 -1.4455 7.8405
10.9345 -2.7335 6.3918
8.5108 -2.0767 5.2248
9.8688 -3.2362 4.7803
8.2448 -3.1141 4.0844
8.4770 -2.9884 4.4675
11.9104 -3.4070 5.6209
10.2421 -3.3037 4.8622
10.3956 -3.2441 5.0688
2.5664 -1.2884 4.4228
3.2735 -0.9993 5.4041
11.2770 -3.3381 5.3916
14.1830 -1.3412 11.0272
9.5319 -0.7993 9.4148
9.7549 -3.0645 5.0546
8.0906 -3.1866 3.8516
9.1723 -3.0747 4.6980
7.9243 -3.0946 3.9379
8.6787 -3.2517 4.0621
8.8364 -3.0110 4.6303
10.2375 0.1864 11.7758
9.9491 0.8020 4.2425
10.3108 -3.3828 4.7450
9.8358 -1.2034 7.8686
11.1299 -1.6243 7.6043
9.5710 -3.3511 4.3805
11.7302 -1.0617 10.1645
4.9049 -2.1414 4.0829
14.2563 -1.6214 10.5143
7.4746 -3.1043 3.6588
5.8221 -0.5743 7.7182
10.5930 -2.8910 5.8826
12.7474 -2.5412 7.8200
4.5497 -2.1968 3.7681
8.3889 -2.0346 5.2459
12.0404 -2.5015 7.4904
8.7368 -1.7256 5.8503
7.1439 -2.8907 3.8912
6.6034 -0.2832 5.3326
8.1736 -1.9815 5.0517
10.9183 -1.8651 7.2319
11.1443 -3.2596 5.4704
10.0825 -3.3950 4.5891
7.8771 -2.7333 4.6266
13.0645 -2.0228 9.0306
4.7492 -2.0531 4.1680
8.3520 -2.1825 4.6886
9.6774 -1.3880 6.9306
11.2658 -3.0112 6.0329
11.2289 -3.0949 5.8458
10.5187 -3.1605 5.3056
10.0756 -2.8088 5.7467
-0.3467 -0.4082 4.4847
8.3829 -3.1513 4.0903
9.7833 -1.1481 7.6803
9.3729 -1.8745 6.1986
7.9144 -3.2593 3.6057
9.7956 -3.3313 4.5496
8.8636 -0.4086 9.8033
7.9705 -3.2200 3.7161
10.0694 -2.7491 5.8614
9.7707 -2.4375 5.6186
10.8997 -2.0226 6.6513
6.4986 -2.5788 4.1365
6.6271 -2.8368 3.6995
5.7107 -0.1313 8.5318
7.6591 -1.4110 6.0443
7.4570 -3.1140 3.6295
12.6666 -1.1216 10.5867
10.0907 0.1864 11.6910
11.8464 -3.1425 6.1080
8.9510 -3.0110 4.6965
9.4652 -2.3957 5.4156
9.5947 -3.1423 4.8080
5.7785 -2.5210 3.8352
11.5796 -0.9997 10.2003
8.7241 -0.1451 4.5918
6.5262 -2.7173 3.8781
9.0123 -0.5745 9.5604
8.1251 -2.7012 4.8333
8.4363 -1.6304 6.0950
11.2436 -2.6682 6.6999
7.8817 -2.1633 4.7164
9.9747 -3.3512 4.6136
12.7499 -2.6338 7.6381
10.1715 -3.4009 4.6286
12.2226 -2.7646 7.0743
3.4677 -1.2885 4.9432
10.2175 -2.0447 5.8920
10.8478 -3.1606 5.4955
12.1470 -0.9355 10.6554
2.2114 -0.4083 5.9619
9.6855 -2.6681 5.8002
9.5350 0.7266 4.5019
10.8223 -1.8361 7.0330
8.3831 -0.7273 8.8942
10.4657 -1.9404 6.7850
10.3886 -2.3576 5.9298
8.0971 -3.0946 4.0376
7.9358 -2.8369 4.4551
9.2955 -1.6504 6.4405
2.1776 -1.0612 4.6485
11.3150 -1.4404 9.1743
11.0170 -2.6682 6.5690
9.4442 -3.0221 4.9594
10.9738 -3.2821 5.3275
8.7626 -2.9289 4.7503
9.8868 0.7711 4.1412
10.8713 -2.9535 5.9195
11.5606 -2.6511 6.9168
9.7059 -3.2820 4.5955
9.6667 0.7430 4.3137
9.1402 -3.2282 4.3754
7.7594 -3.2439 3.5468
11.6207 -2.8646 6.5284
10.8309 -3.3246 5.1608
12.5643 -2.9292 6.9453
11.1390 -3.3037 5.3800
11.5028 -2.9167 6.3572
7.4754 -1.1971 6.3391
12.6830 -2.5793 7.7073
10.9925 -3.2894 5.3238
7.2895 -2.7642 4.2260
9.1125 -2.7643 5.2786
12.4786 -2.8647 7.0238
10.5664 -1.6864 7.1438
11.7879 -2.7177 6.9161
13.9855 -1.2352 11.1233
10.8530 -0.5745 10.6233
10.0885 -3.3176 4.7458
12.3534 -0.4934 11.6506
13.9478 -1.8907 9.8025
12.2172 -3.1695 6.2686
12.3996 -2.8090 7.0885
7.4905 -1.2341 6.0769
11.5400 -2.7177 6.7729
12.1956 -2.6851 7.2162
15.7289 -0.0306 14.5172
11.9318 -3.2967 5.8518
11.7135 -3.3768 5.5670
13.4337 -0.1316 12.9916
10.6473 -0.3203 11.0084
10.0386 -1.7173 6.5536
5.1974 -1.6208 5.2836
11.7477 -3.3513 5.6373
11.8648 -3.0438 6.3143
12.1139 -3.3178 5.9151
7.4482 -1.6312 5.5308
8.4973 -3.3575 3.7478
8.7797 -1.6160 6.1884
6.2757 -2.1128 4.9313
8.0346 -2.9997 4.1895
3.4266 -0.4083 6.6636
11.5151 -3.2364 5.7308
11.2004 -2.4007 6.4289
7.7628 -2.0022 5.0267
8.9973 -3.2119 4.3251
9.9687 -3.3446 4.6231
14.1511 -0.9356 11.8127
9.2850 -3.2201 4.4750
11.4957 -3.2363 5.7196
9.1796 -1.8054 5.9334
0.8847 -0.2276 5.5538
12.0217 -3.0438 6.4048
10.3293 -3.2283 5.0619
4.6650 -2.2495 3.7301
9.8633 -3.3949 4.4625
6.7727 -1.2527 6.0687
4.8182 -0.0302 8.2166
12.0182 -2.6512 7.1810
10.1870 -2.3152 5.7833
8.6639 -3.3105 3.9371
2.0715 -0.9992 4.7101
12.1489 -3.3706 5.8308
5.6134 -2.4596 3.8616
9.7690 -3.4009 4.3962
9.5597 -3.2201 4.6336
6.4985 -2.4597 4.3726
7.1790 -1.6148 5.5753
9.9283 -2.9999 5.2829
9.7914 -3.2362 4.7355
8.6803 0.0754 10.6566
8.4333 -3.1236 4.1744
11.7168 -3.3448 5.6324
12.4176 -2.9040 6.9105
6.2515 -0.5743 7.9662
12.7938 -1.4405 10.0282
9.1054 -2.9885 4.8303
11.2504 -3.2966 5.4584
8.0090 -3.3174 3.5451
7.1553 -1.5802 5.6397
13.5915 -2.1701 9.0430
2.6591 -0.4083 6.2205
7.8892 -2.9036 4.2960
9.7438 0.7505 4.2378
10.7397 -2.8779 5.9933
9.5175 -1.4658 6.7544
9.7744 -3.3446 4.5110
11.6343 -3.2673 5.7383
11.6694 -2.0536 8.1637
12.0321 -1.5076 6.5028
6.3682 -2.8085 3.6062
7.2979 -2.0379 4.7580
9.5700 -3.2119 4.6558
10.3925 -1.6842 7.3036
12.2263 -2.8647 6.8781
10.1913 -3.1953 5.0476
8.6263 -1.2384 6.8252
7.5939 -2.9036 4.1255
11.7867 -2.4116 6.7933
11.4881 -3.0949 5.9954
8.1144 -2.8507 4.5309
9.7660 -2.3525 5.5582
8.3988 -0.5744 9.2061
12.9711 -2.6160 7.8010
9.8270 -1.4007 7.1707
10.1149 -3.2282 4.9381
8.2190 -1.7277 5.7948
8.3837 -2.4426 4.8299
10.0962 -2.0628 5.9829
11.9312 -1.9400 6.7337
7.4078 -2.0511 4.8710
10.2153 -1.8922 6.2815
9.5470 -1.9038 6.0954
10.7033 -3.3177 5.1007
9.5288 -2.7175 5.6117
8.8620 -3.1780 4.3141
7.8748 -2.7012 4.6888
5.3963 -2.4382 3.7786
6.3174 0.0755 9.2921
13.1418 -2.5412 8.0477
11.0098 -3.4185 5.0778
8.6449 -2.9769 4.5873
12.1314 -1.6631 9.2044
10.4937 -2.8910 5.8253
8.7504 -3.1951 4.2157
10.1688 -1.5380 7.4005
9.7842 -2.9038 5.3901
3.9547 0.0756 7.9277
10.3123 -2.9290 5.6451
8.3834 -3.0746 4.2426
8.3801 -1.1935 6.7623
6.0991 -2.4383 4.1843
11.2682 -3.1143 5.8300
5.4044 -0.9994 6.6346
7.4827 -2.8642 4.1393
10.9428 -2.9535 5.9608
4.0732 -1.7427 4.3927
8.7570 -2.8370 4.9292
12.1227 -3.1607 6.2316
9.8090 -0.9353 9.3054
10.5284 -3.1868 5.2591
8.2703 -3.2818 3.7666
13.5224 -1.7817 9.7726
7.8149 -2.0612 4.8870
6.2984 -2.6507 3.8786
9.5534 -2.8087 5.4452
4.1465 -1.9578 4.0088
10.8405 -3.3890 5.0386
12.2461 -3.1607 6.3029
10.2578 -1.5741 7.3786
12.3129 -3.1955 6.2725
8.9921 -0.6524 9.3942
10.9762 -0.6525 10.5400
6.0902 -1.7429 5.5573
7.1210 -0.8685 7.8854
11.3590 -1.9646 7.0949
11.1135 -2.0918 7.0258
13.2458 -0.2281 12.6918
3.3498 -0.0302 7.3686
10.4377 -3.3641 4.8554
11.4669 -3.3513 5.4751
9.4120 -3.0541 4.8773
7.8302 -3.3311 3.4149
13.1534 -1.8190 9.4857
10.3016 -2.1183 5.7991
13.6680 -1.9250 9.5728
12.9798 -0.4934 12.0124
11.6896 -3.3314 5.6431
4.7290 -0.7271 6.7841
12.7589 -2.7646 7.3839
10.3465 -3.4127 4.7063
11.8320 -2.0227 8.3189
7.4352 -2.7174 4.4029
11.0113 -3.2596 5.3936
11.2183 -3.0222 5.9837
9.2557 -2.3445 5.2442
10.8407 -1.6693 7.4606
10.2953 -1.9388 6.3770
2.6935 -0.5742 5.9116
5.5132 -2.4805 3.7623
12.1591 -3.1426 6.2886
9.7261 -3.1045 4.9587
9.6025 -3.3889 4.3239
11.5058 -1.4404 9.2845
9.2773 -1.2747 6.9924
2.9149 -0.4083 6.3682
8.8446 -1.3142 6.6437
8.8224 -2.8087 5.0231
8.9759 -0.4524 4.8091
12.9419 -2.6160 7.7842
8.5224 -3.2594 3.9567
7.6544 -2.9532 4.0622
7.9656 -3.0109 4.1275
8.1957 -3.2818 3.7235
9.5576 -2.2624 5.4382
5.5476 -2.0532 4.6290
11.2535 -3.2821 5.4890
7.9899 -3.1951 3.7766
9.3719 -3.2964 4.3739
6.4813 -2.3001 4.6790
10.9416 -3.3767 5.1214
8.4043 -3.3243 3.7598
12.3837 -3.2039 6.2967
10.5197 -1.3890 8.0172
8.7720 -3.3639 3.8937
11.8817 -0.0305 12.2955
5.0286 0.0756 8.5478
12.2666 -3.1607 6.3147
9.4892 -2.9534 5.1215
8.2311 -2.0395 4.9367
4.4380 -2.0222 4.0496
11.7992 -3.3768 5.6166
4.4469 -1.4400 5.2085
12.3193 -3.1696 6.3276
6.0423 -2.5973 3.8364
10.7097 -3.4069 4.9276
10.3093 -1.7399 7.0746
8.1310 -2.9532 4.3373
13.7413 -1.8554 9.7532
8.1810 -3.3702 3.5400
3.1971 -1.0612 5.2372
10.4473 -3.3828 4.8238
9.3624 -0.0072 4.8963
8.9559 -1.9240 5.6875
10.6505 -0.9997 9.6639
9.4065 0.0225 5.0069
9.4977 -1.1852 7.1795
10.6217 -3.2283 5.2308
11.2438 -2.1780 6.7015
9.5130 -2.9534 5.1353
11.6048 -3.0749 6.1025
12.0846 -2.9887 6.5503
7.3267 -3.0643 3.6527
10.6078 -1.7150 7.0966
11.1665 -3.2363 5.5295
9.4237 -3.0645 4.8635
11.7452 -1.9249 8.4626
7.5089 -2.6847 4.5102
9.1791 -3.4184 4.0209
10.0939 -2.3989 5.7860
9.4234 -3.2362 4.5231
9.8518 -3.3511 4.5427
8.0735 -2.3090 4.7022
12.3272 -2.8647 6.9364
6.0404 -2.1415 4.7385
11.5656 -3.3642 5.5066
11.9702 -1.7433 8.9525
8.6395 -3.3827 3.7800
6.7378 -2.7792 3.8777
7.4454 -2.7489 4.3464
6.8624 -2.9767 3.5581
8.7590 -3.3575 3.8989
10.2093 -3.2820 4.8861
10.6116 -1.7475 7.0572
11.7352 -3.3951 5.5432
9.1439 -0.3202 10.1402
11.2756 -3.2672 5.5312
10.6042 -3.0222 5.6291
7.5300 -2.6163 4.4456
15.7988 -0.0306 14.5576
5.4575 -2.3000 4.0878
7.6993 -1.9301 5.1440
11.4405 -3.2284 5.7035
9.2752 -3.3640 4.1842
10.1515 -0.7274 9.9153
9.5102 -3.2746 4.4971
5.3587 -1.3912 5.8318
8.1546 -3.3105 3.6430
3.1561 -0.2277 6.8654
12.1914 -2.9415 6.7057
4.1299 -2.0221 3.8717
11.8113 -3.3108 5.7542
11.9046 -3.1783 6.0708
12.2133 -1.0617 10.4435
8.4012 -2.3415 4.8176
12.2096 -3.0851 6.4317
6.7599 -1.4918 5.4213
8.8663 -2.0639 5.2768
6.1272 -2.3244 4.4263
9.9270 -3.3380 4.6122
5.5936 -2.1695 4.4250
6.9635 -1.5302 5.4810
10.4366 -3.3950 4.7935
8.7456 -3.2670 4.0705
11.4988 -3.0000 6.1896
11.4716 -3.4186 5.3445
9.1841 -1.8243 6.2238
10.7576 -3.3177 5.1321
10.2727 -2.7176 6.0412
9.2851 -3.2745 4.3671
7.9086 -2.8086 4.4955
8.6388 -3.1780 4.1853
6.3792 -0.7272 7.7370
9.1370 -2.2396 5.2970
10.7877 -3.0330 5.7136
13.7297 -2.1134 9.2352
9.9153 -3.4127 4.4574
10.0625 -3.0948 5.1724
15.9387 -0.0306 14.6384
8.0350 -2.3826 4.6320
11.8584 -3.0543 6.2897
9.0053 -2.7643 5.2167
6.3581 -0.9352 7.3127
2.8967 -1.1787 4.8309
3.4417 -1.2345 5.0350
7.3195 -2.1403 4.4211
1.4556 -0.4929 5.3577
7.3958 -1.1018 6.4819
9.5007 -3.4126 4.2180
12.1138 -2.4810 7.5734
3.8831 0.0756 7.8863
12.5849 -2.4388 7.9291
9.7798 -2.2145 5.5994
11.9272 -2.9415 6.5531
9.8624 -1.2394 7.5598
8.3521 -1.9905 5.3215
8.4509 -0.6524 9.0818
8.3227 -2.6848 4.9801
8.4302 -3.1951 4.0308
11.3226 -3.3642 5.3663
9.3673 0.7204 4.4878
10.5340 -2.9414 5.7487
7.6300 -3.1235 3.7105
11.7543 -2.3486 7.6281
10.1354 -2.8231 5.7529
11.1769 -2.7645 6.4705
10.2519 -2.3990 5.8775
11.0595 -3.0112 5.9138
9.9877 -1.8397 6.2234
9.8211 -2.7014 5.8125
11.5610 -3.0749 6.0771
4.6994 -0.3200 7.5737
8.6077 -0.4086 9.6555
10.3929 -2.5332 6.0544
9.0244 -0.0113 4.7658
9.4150 -2.9038 5.1769
9.8674 -3.3828 4.4890
15.1840 -0.2282 13.8111
7.4386 -2.2130 4.5119
12.4013 -2.8373 7.0334
9.0622 -2.6680 5.4404
12.1824 -3.3038 5.9824
8.7749 -1.8391 5.6862
11.0802 -3.3577 5.2390
8.4809 -2.1514 5.1258
9.9095 -2.7942 5.6796
9.0300 -3.2201 4.3278
11.6500 -3.3381 5.6070
7.7055 -3.2593 3.4850
11.1761 -2.2319 6.4528
6.2150 -0.4931 8.1060
10.7303 -0.5745 10.5525
9.1152 -3.1423 4.5312
4.7252 -2.1694 3.9236
10.0927 -3.4068 4.5714
11.4650 -3.0331 6.1046
13.0552 -0.9998 11.0525
11.1201 -2.8089 6.3497
5.0256 -0.4084 7.5870
13.3198 -2.4388 8.3534
8.2054 -3.3311 3.6315
10.5486 -2.3180 5.9989
7.7482 -3.2818 3.4652
12.6410 -3.0113 6.8269
8.8384 -3.1514 4.3533
8.0503 -2.2600 4.8130
10.2906 -1.7627 6.9595
2.2159 -1.2884 4.2204
13.6685 -1.1216 11.1652
9.8622 -1.8894 6.0658
9.6553 0.7341 4.2740
6.9946 -2.7641 4.0558
8.0333 -3.0540 4.0812
9.7730 -2.8230 5.5437
7.4452 -3.0846 3.6809
10.8999 -3.0222 5.7998
6.9138 -2.9163 3.7076
12.1481 -3.1783 6.2114
12.8712 -1.3916 10.1697
11.1273 -3.0222 5.9311
9.7692 -2.0149 5.8523
4.3311 -2.0531 3.9265
10.1701 -2.7335 5.9505
6.0831 -1.9579 5.1270
7.4803 -1.2037 3.7420
10.8528 -3.2037 5.4129
7.1529 -1.2052 6.3730
8.6445 -3.2440 4.0578
11.3959 -2.5340 6.6351
12.6273 -0.7275 11.3449
8.6680 -3.3035 3.9533
9.7953 -3.2595 4.6916
8.6644 -0.0304 10.4377
11.4338 -2.7015 6.7437
11.1986 -2.2669 6.3968
7.2441 -3.1140 3.5066
12.4619 -2.6683 7.4033
6.1952 -2.5407 4.0369
9.4558 -2.5489 5.5482
8.9474 -2.9037 4.9069
12.9272 -2.4811 8.0431
10.5148 -3.2037 5.2177
9.3077 -3.0221 4.8806
11.2872 -3.2966 5.4797
11.4687 -2.0005 7.3028
7.4099 -3.1512 3.5285
12.1124 -3.3891 5.7730
10.0583 -2.3142 5.7066
13.6295 -0.7275 11.9237
8.7056 -0.5744 9.3833
0.8396 -0.7269 4.5382
12.1623 -2.3947 7.7725
8.3724 -2.6217 4.9433
7.4386 -2.8086 4.2242
9.5202 -3.2362 4.5790
7.4219 -3.1779 3.4827
13.0411 -2.5216 8.0285
7.8287 -3.1865 3.7004
10.9924 -3.2747 5.3529
11.4265 -3.2121 5.7277
6.3030 -1.9905 5.1894
10.4715 -3.1953 5.2094
6.8958 -1.3437 5.9793
11.5715 -2.2830 6.6539
10.6227 -2.3613 6.0740
9.5407 -2.7942 5.4667
10.8299 -2.3195 6.2410
8.7450 -3.0947 4.4117
4.5176 -1.5776 4.9766
1.5425 -0.1311 6.1249
7.4670 -3.0846 3.6935
9.4828 -3.3244 4.3824
12.0308 -2.9655 6.5653
1.1342 -0.7269 4.7083
8.0701 -1.8880 5.3357
7.3080 -3.1140 3.5435
8.9894 -2.5288 5.2343
7.2942 -2.0142 4.1072
10.4405 -2.1083 6.1229
8.9098 -3.2745 4.1505
8.9675 -1.8969 5.7309
13.2397 -2.3948 8.3946
-1.6290 0.0758 4.7032
8.4043 -2.2963 4.7822
10.9883 -2.0840 6.6795
7.2542 -1.9860 4.8120
5.6483 -1.9579 4.8759
8.0585 -1.1899 6.4776
12.5914 -2.8780 7.0625
11.8110 -2.8373 6.6925
11.4298 -2.7177 6.7093
9.0471 -3.4184 3.9447
10.0100 -1.2038 7.9814
9.0273 -3.3312 4.1060
10.3133 -3.4127 4.6872
9.7319 -3.1331 4.9055
8.2036 -3.1044 4.0797
5.1784 -2.3714 3.7852
12.8775 -1.1216 10.7085
11.7327 -1.4877 9.3217
9.9319 -3.4127 4.4670
7.2526 -2.0516 4.6517
11.9312 -3.1695 6.1035
9.6941 -1.8889 6.1155
12.1145 -3.0950 6.3571
9.7893 -3.4184 4.3732
9.7221 -3.2441 4.6800
11.4128 -2.9771 6.1853
13.2105 -2.1133 8.9354
11.2007 -0.9354 10.1089
11.3569 -3.1782 5.7546
8.8132 -3.4008 3.8444
6.8205 -2.9531 3.5807
8.4687 -1.6368 5.8712
8.3035 -3.3639 3.6232
9.0551 -2.3102 5.1177
-1.9153 0.0758 4.5379
7.7098 -3.1950 3.6149
10.0669 -2.9999 5.3629
9.6222 -3.3640 4.3846
9.3433 -3.2892 4.3716
3.4934 -1.5331 4.4733
9.3614 -0.1782 4.9372
6.2574 -0.1313 8.8475
8.7680 -3.3445 3.9299
4.8284 -1.4400 5.4288
3.2070 -1.4399 4.4926
9.2931 -1.4670 6.6362
13.0322 -2.4388 8.1874
9.8964 -3.1781 4.9114
7.0286 -2.8642 3.8771
10.0185 -3.1515 5.0346
6.4988 -2.8906 3.5188
9.1157 -3.2119 4.3935
9.5013 -2.6849 5.6606
9.8735 -2.1687 5.6106
11.2134 -2.8910 6.2408
8.0820 -2.9769 4.2623
8.9305 -3.1952 4.3197
12.2838 -2.7178 7.2024
7.3293 -3.1140 3.5558
10.5822 -3.2820 5.1014
5.9278 -2.0532 4.8485
8.2877 -2.8777 4.5776
11.6998 -2.9655 6.3742
9.4720 -3.2440 4.5355
9.1466 -3.2819 4.2725
11.8514 0.1863 12.7078
6.7897 0.1865 9.7848
10.0156 -3.3576 4.6244
14.3567 -1.5338 10.7459
7.7833 -2.0216 4.9771
7.6165 -1.3198 6.0241
12.7313 -1.6213 9.6338
10.0039 -3.3640 4.6050
9.6888 -2.8778 5.3866
9.0782 -2.7334 5.3200
10.3676 -2.0608 6.0302
12.3460 -3.2204 6.2423
8.7616 -2.2703 5.0796
7.6357 -3.0643 3.8311
7.2321 -2.0304 4.6921
11.7477 -3.3247 5.6901
12.3374 -1.7817 9.0884
11.7085 -3.3578 5.6018
10.2256 -2.7943 5.8621
9.1190 -3.3639 4.0941
8.5627 -3.3311 3.8378
7.9998 -2.2158 4.8440
12.5282 -2.9167 6.9492
11.4644 -3.2673 5.6402
10.1479 -3.3245 4.7664
11.2827 -1.8347 7.2918
10.1645 -3.0849 5.2509
8.4040 -3.4183 3.5734
11.5909 -2.9414 6.3589
11.0941 -2.2375 6.3386
12.0159 -1.1793 10.0965
12.9628 -0.8688 11.2587
9.5722 -2.2794 5.4136
5.0881 -2.1414 4.1887
10.5483 -1.2506 8.1976
11.5032 -2.7492 6.6892
5.8095 -1.8185 5.2453
10.4590 -2.0524 6.3818
10.2573 -2.1667 5.7450
13.0159 -1.5337 9.9717
10.8035 -3.2672 5.2587
10.4308 -3.0437 5.4863
8.9198 -3.2361 4.2324
7.4523 -2.2215 4.4503
10.0858 -2.7795 5.8107
12.5073 -1.5336 9.6781
8.4175 -0.9353 8.5018
12.2060 -2.8911 6.8139
11.5675 -2.7177 6.7888
13.0893 -2.3487 8.3990
10.3000 -3.3380 4.8276
12.5998 -2.9415 6.9414
8.0051 -2.3466 4.6791
7.4699 -1.5688 3.9107
8.0421 -3.3948 3.4110
9.3653 -2.0987 5.5728
9.0975 0.4755 4.7676
10.7719 -2.2856 6.2802
9.3076 -3.3511 4.2285
11.2791 -3.2520 5.5635
4.3287 -0.0302 7.9339
2.6063 -1.3405 4.3425
8.1182 -3.3105 3.6220
8.9401 -3.3703 3.9782
7.9334 -3.2593 3.6166
7.8793 -2.7642 4.5666
9.4784 -2.3536 5.3948
9.7681 0.7603 4.2629
8.5697 -0.9996 7.1084
11.8103 -2.6683 7.0270
12.5902 -2.6512 7.5113
10.0704 -3.3176 4.7353
6.5301 -2.4597 4.3909
5.4968 -1.9245 4.8547
12.1826 -3.0113 6.5623
12.3567 -2.7646 7.1517
7.1017 -2.9036 3.8413
9.2581 -0.2528 4.8968
9.9121 -1.6399 6.7248
12.3173 -2.9888 6.6847
4.7042 -1.6208 4.9988
8.5680 -0.2279 9.9906
12.2653 -3.2597 6.1177
7.7242 -3.1691 3.6746
8.3607 -2.9884 4.4003
12.6537 -3.0002 6.8564
9.8568 -3.0542 5.1341
9.1646 -2.6848 5.4662
9.3923 -3.4068 4.1670
10.1344 -0.6525 10.0539
2.9209 -1.4399 4.3274
9.9323 -2.7014 5.8767
11.5026 -3.0543 6.0842
9.0646 0.2419 4.6969
11.7075 -3.3314 5.6534
8.2143 -3.1692 3.9575
9.7059 0.7507 4.3006
10.5847 -2.2454 6.1483
12.3004 -2.6159 7.4138
12.5376 -3.0223 6.7454
9.1338 -3.0947 4.6362
11.4880 -0.8687 10.4071
2.4993 -0.6521 5.6450
9.8177 -2.9770 5.2644
8.9482 -3.4183 3.8876
10.7522 -1.8507 7.0652
7.8471 -2.3133 4.5827
8.8635 -2.7794 5.1050
11.9523 -2.9772 6.4968
12.7685 -2.7016 7.5143
7.6411 -2.1486 4.8488
12.5885 -2.9292 6.9593
8.3119 -0.8685 8.5731
9.8542 0.7612 4.1290
12.0497 -2.5412 7.4172
7.8927 -2.9532 4.1998
11.1377 -1.6174 7.8793
10.9118 -3.1953 5.4636
8.6423 -0.1359 4.8796
9.3378 -3.0848 4.7736
7.1766 0.0755 9.7882
9.7248 -1.2419 7.5341
11.3345 -3.1047 5.8873
11.7734 -0.5746 11.1548
6.6864 -2.8775 3.6531
7.8240 -2.9768 4.1133
13.0699 -1.8190 9.4375
10.4797 -1.7092 7.2396
9.8522 -2.9290 5.3794
10.1019 -2.6510 6.0746
13.5788 -0.7995 11.7517
9.7991 -3.2820 4.6493
7.8041 -2.8086 4.4352
1.7389 -0.9349 4.6454
10.2512 -3.3704 4.7352
5.8962 -0.9994 6.9186
12.3499 -3.2521 6.1817
5.1294 -2.0532 4.3875
10.5462 -3.0542 5.5321
8.8843 -3.3312 4.0235
10.0037 -3.4185 4.4970
11.5449 -1.9249 8.3469
8.1436 -2.3689 4.6614
7.9547 -2.2419 4.7074
12.2730 -2.8373 6.9593
11.6508 -3.3951 5.4945
10.2187 -2.7795 5.8874
12.6542 -2.1133 8.6142
11.8259 -2.6337 7.1045
11.7098 -3.2673 5.7819
11.5301 -2.9772 6.2530
-1.0537 -0.1310 4.6256
10.6615 -2.7335 6.2342
10.0045 -3.2120 4.9066
6.2577 -1.9245 5.2941
10.4847 -3.1781 5.2510
10.7025 -2.1890 6.4223
11.2185 -3.3641 5.3062
11.7270 -2.1132 8.0788
7.2793 -1.9252 5.0480
11.7196 -2.7492 6.8142
8.3752 -2.9289 4.5267
11.5402 -3.3448 5.5304
10.2804 -2.6681 6.1437
12.0833 -2.6851 7.1514
9.7070 -2.5746 5.6805
8.7253 -3.4067 3.7819
11.6225 -3.2894 5.6876
9.8100 -2.6849 5.8388
8.5542 -3.3827 3.7308
6.7075 -1.4149 5.5430
7.7806 -1.9441 5.2517
10.6675 -2.7645 6.1764
6.3630 -0.2278 8.7173
12.8659 -1.6213 9.7115
8.1923 -2.0548 4.8577
11.7524 -3.2284 5.8836
10.3085 -1.2432 7.8988
9.3998 -2.1388 5.5186
11.2662 -0.7994 10.4163
12.1920 -3.0544 6.4823
6.8798 -0.9995 7.4865
8.5675 -2.1567 5.0922
12.3869 -3.1239 6.4570
8.1417 -3.4066 3.4450
12.2014 -2.4388 7.7077
7.9534 -1.8047 5.6204
7.4540 -2.6134 4.3956
10.4980 -3.0437 5.5251
9.9345 -3.3640 4.5649
9.6627 -3.3828 4.3708
10.6618 -2.8645 5.9748
9.6665 -3.2965 4.5440
13.0438 -2.3947 8.2814
11.5915 -3.0543 6.1356
3.8218 -0.6522 6.4087
8.1827 -3.2439 3.7912
7.8089 -3.3105 3.4434
9.8068 -3.2518 4.7134
13.2612 -0.6526 11.8594
9.2410 -2.9652 4.9547
11.2958 -3.0850 5.9041
12.6906 -2.5015 7.8659
9.3171 -3.1693 4.5942
11.0191 -2.0250 6.9947
10.0907 -3.1046 5.1692
12.8553 -1.7038 9.5418
9.1855 -3.0848 4.6857
7.7432 -1.8969 5.3641
-0.1098 -0.4928 4.4537
12.1813 -3.2284 6.1312
13.5412 -2.2757 8.8047
12.3329 -3.0223 6.6272
9.5008 -3.3106 4.4202
11.1651 -2.8779 6.2389
11.1099 -3.4069 5.1587
9.6920 -3.2518 4.6472
12.7529 -2.2241 8.4517
8.1260 -3.0109 4.2201
11.9545 -2.7646 6.9194
10.2851 -2.5319 5.9892
6.9093 -2.8368 3.8625
8.1687 -1.9982 5.3892
9.5007 -3.3511 4.3400
7.8994 -1.7543 5.7713
9.9118 -1.7669 6.3462
9.2644 -0.1314 10.5840
10.3558 -3.3107 4.9139
8.0937 -3.1422 3.9414
8.5002 -3.3888 3.6875
10.2978 -3.3889 4.7253
7.3459 -3.1043 3.5845
1.4054 -0.5741 5.1678
10.5881 -3.2441 5.1799
10.5959 -3.2672 5.1388
15.1623 -0.7276 12.8088
14.7128 0.1863 14.3602
9.3846 -3.3312 4.3123
9.1313 -1.9867 5.6242
8.6559 -3.0541 4.4407
9.2624 -3.3445 4.2153
8.8650 -1.3931 6.5234
13.4230 -2.3487 8.5917
9.2326 -2.9165 5.0465
11.3002 -3.0647 5.9468
10.7127 -0.3203 11.0462
8.7008 -3.4183 3.7448
9.3153 -0.1781 4.9110
11.7981 -3.4011 5.5677
8.1175 -3.3174 3.6078
7.9374 -3.3311 3.4768
11.0994 -2.1790 6.5248
13.2011 -0.6526 11.8247
8.7439 -1.9326 5.4566
9.0713 -1.8702 5.8329
8.7852 -3.2036 4.2191
11.6043 -3.2121 5.8303
11.6582 -0.8687 10.5054
9.8810 -2.5290 5.7496
12.4719 -3.1426 6.4692
1.8115 -0.0301 6.4803
8.1418 -0.8685 8.4748
6.8484 -2.6155 4.2659
5.9538 -2.0834 4.8037
9.2578 -0.5745 9.7021
12.0977 -2.9040 6.7258
9.3931 -2.7490 5.4709
5.0164 -1.8901 4.6455
8.6055 -2.1838 5.0994
9.9089 -2.1225 5.7632
8.9918 -3.3703 4.0081
11.0451 -2.1718 6.5681
9.9816 -2.1936 5.6593
5.7099 -2.5406 3.7567
9.2765 -2.3484 5.2659
11.4493 -2.5313 6.6599
10.7500 -3.3641 5.0357
14.5965 -0.9356 12.0698
9.5447 0.7366 4.4920
10.7200 -3.0330 5.6745
11.5834 -3.3951 5.4556
10.6344 -2.1656 6.2170
11.6332 -3.3038 5.6653
9.0319 -1.5330 6.3270
2.1611 -0.0301 6.6822
11.4459 -1.1792 9.7674
8.8315 -2.0373 5.5110
9.6808 -2.8371 5.4626
3.8304 -1.9578 3.8262
4.9200 -1.2885 5.7818
7.5175 -2.3359 4.3706
11.9233 -3.2597 5.9202
9.3547 -3.2282 4.4992
10.7783 -3.3313 5.1170
4.7658 -1.2346 5.7996
9.4389 -3.3446 4.3173
11.1767 -3.2966 5.4159
10.6308 -2.7176 6.2480
11.9899 -2.7016 7.0648
13.1560 -2.3487 8.4375
12.5478 -2.6337 7.5214
6.8740 -2.8228 3.8699
9.6833 -1.6096 6.6630
1.3243 -0.7989 4.6754
12.9581 -0.4087 12.1676
8.6379 -2.8777 4.7798
7.7766 -3.3311 3.3839
12.6999 -1.7433 9.3738
11.9628 -2.1700 8.1026
7.8443 -3.3034 3.4778
11.1283 -3.0112 5.9535
11.5407 -2.4547 6.6098
8.3931 -2.9533 4.4887
11.1786 -2.5309 6.5027
15.1977 -0.7996 12.6865
1.1425 -0.4929 5.1769
9.7044 0.7628 4.3826
11.0503 -3.2363 5.4624
5.9623 -2.5210 3.9414
14.7324 -0.1316 13.7416
8.8591 -2.0582 5.4790
11.6451 -3.2821 5.7150
11.2012 -3.3641 5.2962
7.5990 -3.1603 3.6198
-1.8645 0.1868 4.7872
12.3268 -2.7337 7.1957
2.8519 -0.9350 5.2881
12.8574 -1.0618 10.8154
9.5152 -2.7014 5.6359
11.0270 -3.3890 5.1464
-0.0312 0.1867 5.8459
9.4057 -2.7334 5.5092
11.8780 -2.3719 7.6535
8.9367 -3.0329 4.6449
12.5035 -3.0113 6.7475
8.2821 -3.0328 4.2669
6.6671 -1.5834 5.3850
10.5641 -0.7274 10.1536
10.3406 -1.9855 6.3176
10.4038 -3.0849 5.3891
8.7551 -3.2517 4.1063
7.1779 -2.9531 3.7871
12.3395 -2.5604 7.5463
12.2493 -1.9584 8.6873
8.7622 -2.9769 4.6550
10.7235 -2.4429 6.1809
12.4310 -2.5978 7.5251
11.1935 -2.1166 6.7935
12.6027 -3.0648 6.6989
8.2515 -3.3639 3.5932
12.4148 -1.5336 9.6247
8.8444 -0.9996 7.3511
12.8762 -2.7797 7.4218
8.8271 -3.3827 3.8883
9.8681 -2.2361 5.5492
11.9985 -0.8687 10.7019
12.4052 -2.6683 7.3705
12.2190 -3.3038 6.0035
6.1895 -2.5973 3.9214
9.7187 -3.4009 4.3672
6.4630 -0.8532 5.6879
11.4292 -3.4011 5.3547
8.6533 -2.7013 5.1383
9.8781 -3.3766 4.5074
9.9850 -3.2362 4.8474
2.7963 -0.9350 5.2559
8.5519 -3.2361 4.0199
3.7185 -0.8683 5.9207
7.2317 -2.9651 3.7945
12.4890 -2.4388 7.8738
0.9966 -0.6520 4.7773
10.9832 -0.9998 8.3395
9.3636 -2.7175 5.5163
13.2169 -1.8906 9.3805
11.8149 -3.4011 5.5774
5.4839 -1.9905 4.7164
6.7729 -2.6333 4.1871
5.3078 -2.1415 4.3156
8.1392 -0.9353 8.3411
11.0940 -2.8089 6.3347
10.6178 -3.3828 4.9222
13.6377 -1.9911 9.4244
9.8813 -3.1605 4.9376
13.2657 -2.1701 8.8549
6.7458 -1.2013 6.0313
10.8130 -3.2037 5.3899
10.0340 -3.0849 5.1756
10.4941 -2.3248 5.9842
8.0307 -0.5744 8.9936
12.2136 -2.5215 7.5507
8.6414 -2.7334 5.0679
12.3473 -2.8090 7.0583
9.2615 -3.4184 4.0685
5.2836 -2.3243 3.9392
12.0160 -1.5380 6.5139
4.9581 -0.0302 8.2974
12.2383 -2.7796 7.0535
9.4652 -3.3379 4.3456
11.1398 -1.0617 9.8236
8.6892 -2.5307 5.0653
9.7226 0.8180 4.1640
9.1259 -2.8230 5.1701
8.1945 -3.2891 3.7084
8.8424 -3.2361 4.1876
7.9347 -3.2818 3.5728
11.5164 -3.1332 5.9358
11.7579 -0.6525 10.9914
11.8180 -2.1700 8.0190
11.6104 -2.8911 6.4701
9.7848 -2.9653 5.2686
11.7649 -3.3768 5.5968
10.5739 -3.4010 4.8609
7.0879 -1.6233 5.5884
11.5222 -2.4149 6.6484
8.1653 -2.8507 4.5603
8.5524 -3.1422 4.2062
7.7920 -3.3174 3.4199
4.9058 -0.7271 6.8862
4.0598 -1.7032 4.4632
11.4073 -2.8089 6.5156
12.2042 -3.3514 5.9008
8.8983 -2.6197 5.2427
9.8853 -2.0830 5.8229
9.7332 0.7543 4.1770
12.6098 -2.5605 7.7024
10.7456 -3.3447 5.0717
13.4378 -0.9998 11.2734
8.1401 -1.0501 6.8429
4.7149 -1.2346 5.7702
6.1663 -0.6523 7.7625
8.1204 -3.2891 3.6656
6.6702 -2.6507 4.0932
9.9093 -3.4068 4.4655
8.3514 -2.2956 4.9958
9.1931 -2.1482 5.4278
11.3140 -3.0000 6.0829
10.5408 -2.1315 6.2529
6.5119 -2.7939 3.7179
10.4568 -0.7994 9.9489
1.6508 -0.5741 5.3095
10.1402 -3.3380 4.7353
12.0967 -0.7274 11.0386
8.5861 -2.1611 5.1164
7.1322 -2.7173 4.2280
12.7501 -0.1315 12.5969
4.5753 -2.1414 3.8926
11.5651 -2.4197 6.6129
12.4633 -2.7337 7.2745
11.4646 -3.1606 5.8517
8.1434 -2.4432 4.6923
10.1760 -2.9886 5.4484
-0.2827 -0.4082 4.5217
10.2456 -2.8909 5.6820
7.7837 -2.8507 4.3399
6.5807 -0.9352 7.4412
10.2368 -3.2362 4.9927
9.8869 -3.3511 4.5629
0.6616 0.0757 6.0260
9.9236 -1.5313 6.8274
9.4911 -3.2282 4.5780
10.6598 -1.6267 7.3511
7.4856 -2.7012 4.4641
12.2008 -3.1426 6.3127
10.4300 -2.8509 5.8678
8.3397 -1.8676 5.5700
12.4384 0.1863 13.0467
7.2493 -2.6679 4.3936
12.1873 -3.4129 5.7692
5.6895 0.1865 9.1494
11.8337 -3.0949 6.1950
5.5186 -2.4596 3.8069
7.1438 -3.0539 3.5677
12.8596 -1.4878 9.9724
12.0335 -3.3830 5.7396
8.0126 -2.8643 4.4452
9.3103 -2.8508 5.2214
8.6742 -2.8508 4.8541
8.2516 -3.2818 3.7558
6.8138 -2.5600 4.3559
7.2458 -1.6904 5.5303
10.7678 -1.1488 8.2719
7.0686 -2.7011 4.2233
8.1908 -2.8507 4.5750
10.4364 -3.0000 5.5762
13.4649 -1.7039 9.8938
7.8091 -2.8507 4.3546
13.2953 -2.4602 8.2970
14.8592 -0.4935 13.0976
9.3183 -1.6818 6.3944
3.1521 -1.5775 4.1881
8.8021 -3.3702 3.8985
10.5587 -3.0222 5.6028
7.1344 -3.0745 3.5214
11.5001 -2.0782 7.0733
11.3057 -1.7794 7.6404
10.8684 -3.3381 5.1557
9.0871 -3.2440 4.3133
7.6890 -3.1044 3.7826
13.8236 -1.8554 9.8007
9.5990 -3.2201 4.6563
10.6256 -1.9479 6.9102
12.0320 -3.2203 6.0610
12.0141 -3.0544 6.3796
9.0218 -2.8644 5.0279
8.9790 -2.8087 5.1136
7.5627 -1.2266 3.7591
11.9528 -3.3578 5.7428
7.4026 -2.1778 4.5856
11.2817 -2.7796 6.5011
4.8886 -1.7428 4.8635
8.6351 -2.2323 5.0734
9.1417 0.0681 4.6934
9.8041 -2.7942 5.6188
7.5200 -3.1691 3.5567
3.9039 -0.7271 6.3077
2.7904 -0.0302 7.0456
9.1568 -0.2439 5.2253
11.7617 -3.2748 5.7970
11.5072 -0.7274 10.6982
4.9386 -2.0222 4.3386
8.9777 -2.0581 5.5469
9.9283 -3.3576 4.5740
12.5641 -2.5793 7.6386
14.3998 -1.1794 11.4731
9.7446 -1.9101 6.0849
8.1074 0.0755 10.3258
9.0056 -2.6680 5.4077
6.3885 -2.7173 3.7986
12.9002 -2.0839 8.8145
11.9610 -2.6511 7.1480
13.2674 -1.9250 9.3415
11.4310 -1.2889 9.5414
10.7931 -3.4069 4.9758
5.8670 -2.3000 4.3243
11.3683 -3.3829 5.3555
11.4057 -3.1516 5.8355
9.5010 -2.1991 5.6612
12.4800 -2.9655 6.8247
9.6281 -2.9999 5.1095
8.1973 -1.8145 5.6039
7.3929 -2.3737 4.2399
8.5205 -2.9289 4.6106
8.7152 0.0129 4.6586
7.7537 -2.9768 4.0727
7.8281 -2.1504 4.7459
9.2056 -3.3949 4.0828
8.0373 -2.2936 4.7232
8.9726 -0.7273 9.2346
9.7741 -2.8909 5.4098
12.8301 -0.4087 12.0937
9.2489 0.0444 4.7599
8.2605 -3.1422 4.0377
7.1476 -1.7652 5.1598
9.0599 -3.2745 4.2372
12.3128 -3.3178 6.0300
10.5237 -2.8231 5.9771
10.2112 -3.3380 4.7763
7.5635 -2.3994 4.3269
5.8663 -2.4596 4.0076
13.5237 -0.3204 12.6694
9.5283 -1.1917 7.3735
11.5648 -3.2121 5.8075
9.9824 -1.6956 6.6182
6.0479 -2.3482 4.3334
9.3583 -3.2595 4.4393
9.1471 0.6790 4.6561
9.4058 -3.1237 4.7358
10.0319 -3.1693 5.0069
12.6325 -0.5746 11.6509
10.8278 -3.3037 5.2003
8.9070 0.2568 4.7004
7.9205 -3.3444 3.4406
11.4573 -0.6525 10.8178
10.7299 -2.3194 6.1071
10.6897 -2.8779 5.9645
14.4157 -1.4406 10.9647
7.4013 -2.4114 4.2615
6.4056 -2.5010 4.2371
7.2970 -2.9532 3.8559
9.5114 -3.1423 4.7599
12.1025 -3.3109 5.9223
9.0283 -3.2892 4.1898
9.8407 -2.8088 5.6110
11.3407 -2.5299 6.5941
8.0089 -3.3243 3.5315
10.3750 -0.6525 10.1928
11.7424 -3.1783 5.9771
11.5850 -3.2520 5.7401
7.6887 -2.3320 4.4595
12.2580 -3.1696 6.2922
8.1375 -2.8776 4.4909
12.3183 -0.4087 11.7982
11.0450 -3.3641 5.2060
11.5339 -2.2265 6.7303
14.4634 -1.4406 10.9923
11.4803 -3.0543 6.0714
9.4240 -3.3827 4.2329
11.0923 -1.7777 7.5078
8.2128 -3.0435 4.2057
8.6293 -3.2361 4.0646
8.7737 -3.2819 4.0572
8.2544 -3.3510 3.6204
6.3913 -2.5211 4.1890
6.7610 -2.6155 4.2154
9.7239 0.1864 11.4792
4.0144 -2.0221 3.8050
12.3301 -2.8911 6.8856
10.2156 -2.0204 6.0172
10.6519 -3.3829 4.9419
6.5877 -2.5788 4.1880
3.8947 -1.0613 5.6400
9.7515 -2.7942 5.5883
8.8896 -0.5744 9.4896
10.2334 -2.9165 5.6243
9.9729 -1.4041 7.2952
9.2405 -0.0789 5.2160
7.8198 -2.9411 4.1816
9.7066 -3.3766 4.4083
11.9491 -3.4011 5.6549
9.2767 -3.2282 4.4542
5.6181 -1.7428 5.2847
11.8495 -3.1695 6.0563
11.0675 -2.2585 6.2994
12.4163 -2.8780 6.9613
11.4018 -2.1255 6.9431
12.0108 -2.2240 8.0232
10.3106 -2.8088 5.8824
9.1089 0.2164 4.7233
10.7459 -0.7994 10.1159
10.9661 -2.9291 6.0225
6.8244 -2.6678 4.1483
12.2183 0.1863 12.9196
7.9666 -2.1626 4.9703
14.2402 -1.2352 11.2704
7.8772 -1.4481 6.0768
9.3058 -2.9165 5.0887
6.9607 -2.8368 3.8921
12.1931 -1.6212 9.3230
6.9161 -0.0303 9.4281
12.4556 -2.9415 6.8582
10.2881 -2.9290 5.6311
10.9529 -1.8944 7.2046
11.8079 -3.0647 6.2400
8.6638 -3.2440 4.0689
10.4858 -3.2746 5.0604
8.7503 -3.3702 3.8687
5.2137 -2.3481 3.8517
9.6755 -2.7644 5.6036
8.2772 -2.3984 4.7363
4.3836 -1.9578 4.1457
2.4232 -1.2345 4.4469
9.1951 -3.2892 4.2861
7.7733 -2.4421 4.4763
12.3082 -3.2895 6.0834
13.6888 -2.0839 9.2699
8.0547 -3.0746 4.0528
8.6393 -1.6373 5.9731
9.5012 -2.7794 5.4732
7.8341 -3.3574 3.3649
7.9590 -2.2383 4.6134
10.0835 -3.2120 4.9523
12.3787 -1.1793 10.3060
14.7496 -0.7276 12.5705
11.2831 -2.9166 6.2304
10.8108 -3.4128 4.9744
6.8306 -2.6333 4.2204
5.9655 -2.6846 3.6191
10.7816 -3.1332 5.5116
9.7992 -3.4127 4.3904
5.3605 -2.4596 3.7156
7.3807 -3.1329 3.5480
12.2051 -3.1144 6.3709
9.2919 -2.9038 5.1059
9.7897 0.8716 4.1029
12.1654 -0.4934 11.5421
11.6222 -3.0850 6.0925
9.8485 -2.8909 5.4528
11.2148 -3.3829 5.2669
9.8782 -3.3245 4.6108
9.1559 0.2299 4.7816
14.1892 -1.2352 11.2409
11.5695 -3.2442 5.7466
10.1801 -2.8088 5.8070
11.1805 -3.1332 5.7419
10.3069 -3.2893 4.9280
8.9093 -3.0747 4.5462
7.7611 -3.0219 3.9876
8.4502 -3.1951 4.0424
5.9420 -2.1128 4.7386
8.7327 -3.3445 3.9095
12.8892 -1.4405 10.0833
6.5150 -2.3482 4.6031
8.6215 -1.1457 6.9251
7.8497 -0.6524 8.7346
10.2897 -3.3766 4.7451
9.3224 -2.9533 5.0252
8.1795 -2.4383 4.7020
9.0475 -1.9800 5.6818
10.5793 -3.3245 5.0155
8.7558 -3.1141 4.3794
11.6145 -3.3381 5.5864
13.3019 -2.1701 8.8758
8.2320 -1.6272 5.9536
10.9136 -3.2202 5.4153
8.5003 -2.8370 4.7811
10.8065 -3.3890 5.0191
12.8415 -1.4405 10.0557
8.2761 -0.5744 9.1353
12.1299 -3.2822 5.9950
6.4987 -2.8085 3.6815
8.8073 -3.0220 4.5917
9.2889 -2.6680 5.5712
11.9289 -1.7986 6.6398
9.2809 -2.7175 5.4686
10.7186 -3.3767 4.9926
11.1849 -3.3577 5.2995
9.0803 -2.4387 5.2228
9.9045 -3.3511 4.5731
12.3369 -2.0838 8.4893
10.8101 -2.1305 6.6183
10.0367 -3.4185 4.5160
11.2592 -3.3381 5.3813
7.3367 -1.9893 4.8732
11.2961 -3.1782 5.7195
9.6713 -3.1142 4.9080
8.6790 -2.9533 4.6538
8.8754 -3.2440 4.1911
7.7855 -3.1691 3.7099
10.7886 -3.2894 5.2061
7.1139 -1.8787 4.9150
10.2248 -2.2366 5.7562
10.8060 -2.3622 6.1820
8.5723 -3.0947 4.3119
9.9706 -3.1693 4.9715
4.2734 -2.1127 3.7752
8.5379 -2.8777 4.7221
10.2077 -2.8645 5.7126
12.0177 -2.7016 7.0808
11.1449 -2.8232 6.3358
9.1197 -2.9038 5.0064
8.1732 -2.5781 4.8026
11.2883 -3.2121 5.6478
4.0020 -1.0613 5.7020
12.0404 -3.1607 6.1841
7.9178 -2.9768 4.1675
12.3461 -1.9249 8.8095
11.0720 -3.1954 5.5561
9.5378 -0.1314 10.7418
3.1412 -1.4872 4.3608
8.7026 -3.3639 3.8536
10.9679 -3.0112 5.8609
12.4920 -3.0001 6.7630
6.9787 -2.9036 3.7703
8.5402 -3.3765 3.7350
9.3185 -2.8087 5.3095
8.0701 -2.6847 4.8343
10.9890 -2.1469 6.4602
10.0104 -3.2893 4.7568
11.5472 -2.9292 6.3581
12.2643 -0.5746 11.4383
12.3078 -3.1607 6.3385
9.5126 -2.9999 5.0429
8.0061 -2.4892 4.6479
7.2650 -3.1512 3.4448
7.6220 -3.0946 3.7633
10.8762 -3.0112 5.8080
11.0122 -3.1694 5.5729
12.5136 -3.1426 6.4932
11.4019 -2.9291 6.2742
7.0085 -0.4085 8.7320
10.2703 -3.2596 4.9658
9.7670 -2.7794 5.6266
5.8758 -0.3201 8.2531
13.1027 -2.3006 8.5021
10.0282 -3.0111 5.3184
11.9566 -1.9400 6.7484
11.9783 -3.1333 6.2025
8.8810 -3.0847 4.5099
10.2331 -3.3176 4.8293
8.4313 -1.0995 6.9501
8.7379 -0.1952 4.6118
10.3285 -2.9653 5.5825
11.7225 -2.9167 6.4841
12.2363 -3.2122 6.1952
10.9921 -3.2202 5.4606
10.3425 -2.8231 5.8725
11.4167 -3.0438 6.0555
7.5232 0.1865 10.2084
9.0882 -1.4466 6.7585
7.4955 -2.9036 4.0686
11.9387 -3.3108 5.8278
5.1247 -2.1414 4.2098
11.9734 -1.6643 6.5738
7.7953 -3.2280 3.5989
3.3248 -1.7810 3.8845
8.8163 -3.4183 3.8114
4.1250 -1.1211 5.6545
10.2460 -3.0330 5.4008
7.3908 -1.1007 6.4191
11.5023 -3.1695 5.8559
11.4491 -2.7492 6.6580
6.1418 -2.5788 3.9305
5.5368 -1.9245 4.8779
8.7180 -1.6134 6.1344
9.3082 -0.2279 4.9191
11.4145 -2.7796 6.5779
7.3685 -2.6847 4.4292
8.8660 -2.9998 4.6695
14.5856 -0.9999 11.9362
8.8138 -3.1236 4.3941
8.0092 -3.2891 3.6014
13.1083 -1.5337 10.0251
2.9288 -1.0612 5.0823
14.3801 -1.3412 11.1410
3.8799 -1.8900 3.9892
11.8386 -2.6683 7.0434
8.7410 0.0180 4.6096
11.3917 -1.5780 8.9458
12.0684 -1.8190 8.8592
9.9177 -3.2893 4.7033
7.6998 -3.2360 3.5279
11.5843 -2.7492 6.7361
8.8699 -3.2518 4.1725
12.6066 -2.8373 7.1519
8.2010 -2.7642 4.7523
9.1117 -1.5823 6.4372
13.8354 -1.2891 10.9298
12.1661 -3.0850 6.4066
10.2142 -3.2893 4.8745
9.9785 -1.8121 6.2527
7.7204 -1.4329 5.8208
9.2630 0.0887 4.8166
7.1966 -2.7940 4.1133
10.3312 -3.0221 5.4715
6.1368 -2.7641 3.5605
12.0077 -2.8511 6.7787
2.4991 -0.1312 6.6773
6.9267 -1.4297 5.8490
9.5609 0.8468 4.2618
8.9365 0.0019 4.6764
8.9131 -3.3175 4.0671
2.3511 -0.9349 4.9989
12.1570 -3.3109 5.9538
8.5215 -0.5744 9.2770
11.6171 -3.3951 5.4751
11.0215 -1.7010 7.5002
4.2953 -1.9244 4.1610
10.1856 -3.2746 4.8871
8.2754 -3.2594 3.8141
12.0909 -3.2203 6.0950
11.4463 -3.2121 5.7391
10.7402 -3.3950 4.9688
10.6011 -3.0112 5.6492
10.0500 -2.1148 5.7304
6.0331 -2.5599 3.9052
12.0669 -3.1783 6.1645
7.8838 -2.1132 4.9871
9.8629 -3.1142 5.0186
7.4505 -1.6073 3.9557
9.3846 -3.4126 4.1510
7.4306 -3.1512 3.5405
9.2659 -3.4008 4.1058
9.7601 -2.0128 5.9582
5.3530 -1.4400 5.7317
14.0500 -0.0306 13.5477
5.4475 -0.0303 8.5800
9.5011 -2.9653 5.1048
12.0199 -3.1607 6.1723
8.9382 -2.8777 4.9532
8.1751 -2.0822 5.2950
6.6951 -1.1575 6.2439
10.5896 -2.8779 5.9067
6.9635 -2.9531 3.6633
10.3537 -0.8687 9.7521
10.1824 -2.8645 5.6980
8.8442 -3.1422 4.3747
8.6529 -3.2281 4.0941
10.2858 -2.7491 5.9864
10.4418 -3.1238 5.3340
7.5334 -2.5154 4.3643
10.4626 -2.7943 5.9990
10.5103 -3.3313 4.9622
11.4343 -3.3447 5.4693
2.4823 -1.1787 4.5916
13.2123 -2.2241 8.7169
11.4061 -3.3246 5.4929
-0.7899 -0.3198 4.4039
11.5450 -3.2121 5.7961
11.4194 -2.9535 6.2359
11.4170 -1.3915 9.3300
7.0597 -1.5829 5.6071
7.2036 -2.8085 4.0885
7.4121 -2.2608 4.3590
5.7966 -2.3942 4.0970
8.7525 -1.4441 6.5374
7.6993 -0.2279 9.4890
10.0623 -1.3381 7.7186
11.9124 -2.1132 8.1859
13.7258 -0.4088 12.6110
12.1714 -1.1793 10.1863
9.4342 -2.7644 5.4643
8.7694 -3.2594 4.0993
4.3910 -1.8184 4.4262
15.8868 0.1862 15.0381
11.6003 -3.2597 5.7337
10.5827 -3.2283 5.2083
9.4909 -3.1952 4.6432
9.7574 -1.6699 6.5716
11.9620 -3.2822 5.8981
8.5341 -3.3888 3.7071
10.9744 -3.3108 5.2710
7.7358 -1.9915 4.9697
10.5804 -3.1605 5.3412
15.8688 -0.0306 14.5980
11.0150 -2.8779 6.1523
6.1708 -2.0223 5.0501
11.9711 -2.6851 7.0866
7.6367 -2.1398 4.8175
7.4996 -3.2199 3.4442
10.4580 -2.1696 5.8688
10.0609 -1.1517 7.9715
10.3553 -2.7176 6.0889
12.6030 -1.4404 9.9180
5.8397 -2.5210 3.8706
8.7826 -3.2964 4.0336
10.8087 -3.4010 4.9965
2.4027 -1.3910 4.1250
11.7662 -2.8232 6.6945
6.9467 -2.9287 3.7019
9.1270 0.6015 4.7745
12.5728 -2.3249 8.1479
4.1582 -0.2277 7.4441
7.9467 -3.1140 3.9123
8.0898 -2.8369 4.5440
11.8550 -2.8511 6.6906
6.7729 -2.9531 3.5532
12.0121 -1.9584 8.5504
13.1190 -1.9584 9.1895
9.7791 0.7539 4.2030
9.1479 -2.8644 5.1007
10.7937 -3.3177 5.1529
9.7263 -3.3640 4.4447
4.8257 -1.3911 5.5240
8.9294 -3.3827 3.9474
11.9215 -2.8232 6.7842
7.5497 -3.1950 3.5224
9.4883 -2.8230 5.3793
11.1412 -1.9921 6.9372
9.9590 -1.0616 9.1417
8.5097 -1.7349 6.0064
9.6805 -3.3245 4.4966
8.6918 -2.8087 4.9477
11.1744 -3.1782 5.6492
10.0361 -1.4559 7.4071
6.8251 -0.9995 7.4550
11.6612 -3.1783 5.9303
11.0455 -3.3513 5.2318
6.3393 -2.7791 3.6476
11.5897 -3.3513 5.5460
7.6620 -2.5741 4.4990
10.3313 -3.1142 5.2891
10.6727 -2.2191 6.1273
7.6853 -0.0303 9.8723
11.5172 -2.7015 6.7918
9.0935 -1.8961 5.8003
3.0003 -0.9993 5.2464
8.9699 -1.4023 6.6954
9.9743 -1.6621 6.6468
11.6313 -1.2889 9.6571
7.8925 -2.1582 4.8074
11.9698 -3.3382 5.7916
9.5346 -0.4933 10.0229
11.4868 -3.3038 5.5808
9.7614 -1.3529 7.0880
11.5165 -3.3578 5.4909
12.3372 -3.2284 6.2212
12.0757 -3.1425 6.2404
8.3289 -2.1630 4.7033
11.9289 -1.6845 6.6398
5.6517 -1.7812 5.2281
8.3718 -1.5947 6.1072
11.4858 -3.2121 5.7619
10.3356 -3.3380 4.8481
9.8763 -3.0221 5.2089
5.3183 -0.7271 7.1244
13.6927 -2.1134 9.2138
11.1526 -2.5732 6.5117
10.9928 -3.3381 5.2275
9.5149 -2.7334 5.5722
10.9865 -1.7853 7.2652
10.2193 -3.1046 5.2435
3.4666 -1.1788 5.1599
11.9238 -2.0838 8.2508
11.3747 -3.1869 5.7477
9.6666 -3.0645 5.0037
7.5609 -3.1691 3.5803
9.9208 -3.1331 5.0146
12.0339 -2.2501 7.9848
14.6796 -0.0306 13.9112
9.7299 -1.2800 7.3489
9.3300 -1.6507 6.4623
9.8999 -0.8686 9.4901
8.6431 -3.2819 3.9819
7.4864 -2.7940 4.2805
7.4444 -0.3201 9.1589
11.7653 -3.3513 5.6474
11.3840 -3.2821 5.5643
8.6936 -3.0220 4.5260
14.5408 -0.9356 12.0377
10.6811 -3.1515 5.4171
7.3956 -1.6319 3.9100
8.7953 -3.0435 4.5420
12.0719 -1.2546 6.3892
9.4784 -2.2716 5.3397
10.8194 -3.3641 5.0758
8.6254 -3.0220 4.4866
8.9724 -2.0669 5.3478
9.8727 -2.1317 5.7700
8.9915 -3.3312 4.0854
10.3158 -1.6439 7.2773
8.6064 -1.7849 5.8896
8.3495 -3.3826 3.6126
11.1709 -3.2038 5.5965
7.7234 -2.7941 4.4174
12.1240 -1.3334 6.4394
10.3212 -3.2820 4.9507
11.8426 -2.1699 6.8364
10.1960 -2.8909 5.6534
9.6388 -2.8778 5.3577
10.1454 -3.2965 4.8204
10.6568 -2.9535 5.7957
13.0005 -1.1793 10.6651
8.5963 -2.0699 5.3683
9.2199 -3.3511 4.1778
8.7142 -3.1514 4.2815
12.0864 -1.4479 6.4943
12.6988 -2.4170 8.0381
5.2657 -2.4596 3.6609
10.4196 -2.3162 5.9199
9.9044 -0.2279 10.7623
10.1669 -3.2746 4.8762
8.9727 -1.9973 5.4475
8.9679 -3.3379 4.0584
1.1103 -0.8682 4.4146
11.1908 -3.2038 5.6080
10.4221 -2.6681 6.2255
8.2736 -3.3444 3.6444
11.6313 -3.0647 6.1380
3.0581 -0.7990 5.6766
9.1624 -3.0329 4.7752
8.2501 -3.2891 3.7405
11.4963 -3.4011 5.3935
10.7414 -2.2707 6.3075
6.3189 -2.3942 4.3986
9.4973 -1.4608 6.6928
11.8804 -2.8511 6.7053
7.5698 -1.3168 5.9504
11.1286 -3.2283 5.5234
11.6041 -3.2520 5.7511
8.0499 -2.4063 4.6238
7.8453 -3.3105 3.4644
11.9378 -2.5215 7.3915
11.7115 -2.2971 6.7712
4.2356 -1.9904 3.9957
10.5937 -3.0646 5.5390
8.5518 -2.5320 4.9890
9.4321 -3.3766 4.2499
8.4879 -3.2964 3.8635
12.5571 -1.3411 10.0883
8.7872 -3.1330 4.3601
11.0838 -1.8923 7.0943
9.7972 -2.4376 5.6341
1.9525 -0.1311 6.3616
8.2063 -0.7273 8.7921
7.0174 -1.5438 5.6351
11.3969 -2.8510 6.4261
7.8436 -3.1422 3.7970
9.2943 -3.0848 4.7485
11.1852 -2.6850 6.6328
11.6183 -3.0438 6.1720
10.3479 -3.2965 4.9374
7.5154 -1.2882 3.8421
7.6529 -3.2744 3.4248
12.1642 -2.5015 7.5620
9.5273 -2.8087 5.4301
8.7986 -3.3510 3.9346
9.0748 -3.2361 4.3218
9.9153 0.7737 4.1120
12.0267 -1.8189 8.8351
12.2870 -3.3247 6.0014
9.8167 -3.3511 4.5224
9.5769 -2.8644 5.3484
8.2344 -3.2744 3.7606
12.4282 -2.8647 6.9946
11.9993 -3.2597 5.9641
12.6199 -2.9888 6.8594
8.4539 -3.2891 3.8581
9.9199 -3.4009 4.4834
3.6750 -0.5742 6.4784
11.7478 -3.4011 5.5387
9.4325 -1.3213 7.0935
14.1316 -1.3917 10.8975
8.6401 -0.9353 8.6304
1.6998 -0.4083 5.6665
8.3457 -2.2715 4.9268
12.4501 -2.7493 7.2360
11.3482 -1.1215 9.8254
7.3474 -1.8647 4.1366
9.1742 -2.9289 4.9880
10.2421 -2.0538 6.0376
8.1023 -3.0219 4.1846
8.9276 -3.1423 4.4228
12.2120 -3.2748 6.0570
8.2364 -3.1603 3.9878
9.6208 -3.3766 4.3588
9.7051 -3.1693 4.8183
11.5777 -3.2673 5.7056
9.3389 -0.9996 8.9065
11.0493 -3.2596 5.4156
11.2794 -1.7816 8.4776
13.8457 -1.4879 10.5418
10.0314 -3.4127 4.5244
9.3645 0.7386 4.6114
12.8251 -2.0839 8.7712
12.1475 -3.0544 6.4566
15.0052 -0.6527 12.8665
9.5130 -1.5663 6.8833
9.0666 -2.7942 5.1929
9.7529 -3.1331 4.9176
9.2793 -1.5866 6.5674
9.0707 -3.3949 4.0049
10.0987 -2.3612 5.7713
9.0565 -3.2119 4.3593
12.7916 -2.8780 7.1780
8.2967 -3.3887 3.5700
12.4242 -1.8553 8.9927
10.4926 -2.3588 5.9929
10.5460 -3.3313 4.9829
10.3226 -0.9996 9.4745
10.8191 -1.2848 8.0640
9.9131 -1.9803 5.9285
8.3720 -1.2389 6.6904
8.0358 0.0755 10.2844
2.7931 -1.1787 4.7711
10.8648 -2.8779 6.0656
11.0101 -3.3890 5.1366
10.1822 -3.3704 4.6953
7.3832 -2.9883 3.8359
11.4292 -3.3578 5.4405
7.1339 -2.9997 3.6695
7.2615 -2.9288 3.8836
9.9007 -1.3240 7.4060
12.2805 -2.8911 6.8569
11.0164 -2.1648 6.4351
11.5872 -3.0647 6.1125
8.6547 -3.1866 4.1773
9.4404 -3.1867 4.6310
7.8899 -3.1951 3.7189
11.6618 -3.3178 5.6541
7.9118 -1.6702 5.5089
11.9574 -1.6420 6.5899
8.5814 -2.0418 5.3830
11.2074 -1.9791 7.0656
10.6739 -3.2037 5.3095
8.2621 -3.3175 3.6913
6.4963 0.1865 9.6153
7.7180 -3.3105 3.3909
9.4052 -3.2518 4.4816
7.6278 -2.8369 4.2773
5.5150 -2.1968 4.3255
8.3183 -3.3105 3.7375
7.7142 -2.2268 4.7114
9.5239 -1.3992 6.9774
7.6126 -2.5718 4.4653
2.8215 -1.0612 5.0203
11.7143 -3.4011 5.5193
4.4940 -1.1211 5.8676
11.5732 -3.2364 5.7643
7.9668 -3.0644 4.0223
10.6153 -2.9771 5.7249
-0.6592 -0.3198 4.4793
4.2069 -2.0221 3.9162
11.7010 -3.2822 5.7473
8.4136 -2.9652 4.4769
1.9502 0.0757 6.7701
6.5839 -0.3991 5.4758
8.0110 -3.0644 4.0478
11.4329 -2.9887 6.1741
8.0418 -3.4007 3.3990
7.0811 -2.8228 3.9895
7.1545 -0.4932 8.6485
8.2452 -3.2200 3.8747
13.0225 -2.3487 8.3604
5.4652 -2.4164 3.8615
8.1913 -3.1866 3.9098
9.5756 -2.8909 5.2952
9.5042 -2.2715 5.3542
8.5264 -3.0435 4.3868
7.7772 -3.2360 3.5727
11.2013 -3.2596 5.5033
7.2131 -1.3419 6.1354
8.6189 -0.7273 9.0303
5.1793 -1.1211 6.2633
11.0666 -3.2894 5.3666
8.9196 -3.1236 4.4551
8.4239 -3.0110 4.3921
5.2161 -2.3243 3.9003
4.7209 -1.7811 4.6906
12.1652 -3.3382 5.9044
11.6924 -3.2967 5.7136
6.0029 -2.6678 3.6740
-0.9112 0.1868 5.3377
12.9838 -1.2890 10.4381
13.4873 -1.8190 9.6784
10.9469 -1.6142 7.7444
7.6198 -3.2280 3.4976
3.7091 0.1866 8.0058
11.7392 -2.6337 7.0545
10.0441 -3.3704 4.6156
5.6345 -0.9351 6.8949
6.8017 -2.6333 4.2037
4.3917 -1.9904 4.0858
8.9477 -0.4786 4.7994
8.2658 -3.3764 3.5765
9.7115 -3.3949 4.3749
11.0811 -3.3447 5.2654
8.4550 -1.4357 6.2747
12.1708 -3.1048 6.3702
10.5906 -1.5454 7.7111
10.3053 -3.2202 5.0641
10.5883 -0.9354 9.7554
9.0353 -3.2594 4.2528
7.2141 -0.1313 9.4000
8.7763 -3.1514 4.3174
7.0347 -1.1532 6.2831
8.1555 -3.3035 3.6575
10.8669 -1.9781 6.7244
15.8134 0.1862 14.9957
10.0148 -3.4127 4.5148
9.8691 -2.3538 5.6208
12.0598 -3.1869 6.1433
9.9937 -0.3202 10.6309
9.3304 -3.0221 4.8937
6.8337 -2.9996 3.4962
6.3633 -2.0223 5.1613
4.7075 -2.0222 4.2052
9.0328 -3.3445 4.0828
6.0799 -2.0532 4.9363
8.9245 -3.0848 4.5350
9.2756 -3.4068 4.0996
8.7973 -3.2745 4.0855
9.3203 -3.2595 4.4174
8.7817 -3.1422 4.3386
13.5520 -1.7039 9.9441
10.9676 -3.0000 5.8829
10.9562 -3.3108 5.2605
8.9814 -2.9998 4.7362
11.4863 -2.8911 6.3984
10.3177 -2.0009 6.1195
10.7945 -3.2120 5.3628
2.1261 -0.9992 4.7416
12.7385 -1.5337 9.8116
6.8595 -2.6333 4.2371
5.6959 -2.5788 3.6731
10.7297 -3.2747 5.2012
14.0370 -1.1794 11.2636
9.3243 -3.2201 4.4977
7.8758 -1.4871 6.0182
13.8504 -1.5782 10.3654
7.4503 -2.2350 4.3970
9.6232 -2.9165 5.2720
3.0893 -0.2277 6.8268
11.4383 -1.2350 9.6525
7.2076 -0.9995 7.6759
11.0177 -2.0539 6.7098
9.1388 -1.5218 6.6590
10.2860 -2.0928 5.9855
8.3642 -3.0644 4.2517
7.6935 -1.8620 5.3560
9.4271 -3.2965 4.4058
9.9885 -2.7942 5.7252
10.5516 -3.1953 5.2556
8.1939 -3.1692 3.9458
-1.5444 -0.0300 4.5424
4.3358 -1.1211 5.7763
10.4297 -3.0948 5.3844
8.6296 -3.3702 3.7989
8.4942 -3.3243 3.8117
12.0236 -1.3179 6.4739
11.2946 -0.4087 11.2071
12.2563 -2.7178 7.1865
3.2326 -1.7032 3.9856
10.9336 -3.2283 5.4108
8.9503 -0.0358 4.7297
9.6081 -3.2282 4.6455
10.6287 -3.3107 5.0715
5.0251 -0.4931 7.4189
12.3894 -2.8511 6.9991
10.3421 -3.2519 5.0225
7.5154 -1.3407 3.8421
13.1330 -2.5216 8.0816
8.0487 -3.2281 3.7452
4.0828 -1.8900 4.1064
7.8685 -2.1891 4.8896
7.8356 -1.5993 5.5227
5.6766 -2.4596 3.8981
7.9500 -1.4145 6.2546
8.0556 -1.8827 5.3035
10.8325 -0.0305 11.6897
10.8190 -2.2081 6.4486
8.9594 -3.2594 4.2089
4.5608 -0.7991 6.5443
8.3869 -2.9769 4.4383
11.3322 -3.3314 5.4368
12.0686 -3.2673 5.9890
9.7655 -2.7014 5.7804
11.9876 -1.7302 6.6260
9.4951 0.7093 4.3714
10.3938 -2.3161 5.9049
7.9776 -1.5926 5.8632
11.1785 -1.9564 7.1059
11.6288 -2.9654 6.3333
5.5681 -2.3942 3.9651
11.1122 -2.9166 6.1317
6.4808 -2.2497 4.7785
8.2259 -3.3174 3.6704
9.3401 -3.1045 4.7359
8.1063 -2.3616 4.6223
9.7178 0.7639 4.3683
9.3073 -2.2094 5.4862
12.0116 -2.0537 8.3613
8.3552 -3.0110 4.3524
12.1084 -3.2443 6.0577
11.9419 -3.3705 5.7113
11.1890 -2.2228 6.7053
10.7689 -1.7505 7.4041
7.7669 -3.2818 3.4760
11.1043 -3.2821 5.4028
4.9104 -2.2750 3.8213
8.2654 -2.0798 4.8775
12.2716 -3.0648 6.5077
9.1065 -3.0747 4.6601
12.6698 -2.5605 7.7371
8.6369 -3.3575 3.8284
8.8985 -3.2119 4.2681
8.3019 -3.3035 3.7420
12.6248 -3.0648 6.7116
11.1217 -2.4052 6.3943
7.5572 -2.6164 4.4616
8.8250 -2.7490 5.1429
6.6739 -0.7272 7.9072
7.7344 -2.9997 4.0162
10.1183 -1.3804 7.6680
10.0377 -3.2037 4.9422
10.6755 -3.2821 5.1552
10.4555 -2.6849 6.2115
9.3120 -3.2671 4.3975
9.1947 -3.2119 4.4391
9.9190 -2.8088 5.6563
8.0082 -3.4125 3.3563
6.2235 -2.1415 4.8443
7.5084 -2.7792 4.3226
11.3602 -3.2363 5.6413
7.0114 -2.9163 3.7640
5.1956 -2.1695 4.1952
7.7746 -2.0342 5.0192
8.8310 -0.0711 4.6344
10.6200 -3.3890 4.9114
5.0173 -1.7428 4.9378
7.9731 -3.3311 3.4974
8.3969 -2.3267 4.8548
8.3381 -1.0505 7.0001
9.9268 -3.1142 5.0555
7.1118 -2.8776 3.8987
8.4808 -2.9769 4.4925
2.7288 -1.2345 4.6234
10.0869 -3.3380 4.7045
12.6109 -2.9536 6.9239
12.8393 -2.7646 7.4303
11.4547 -3.0647 6.0361
9.9628 0.7953 4.1766
7.5098 -0.3201 9.1966
8.2952 -1.0615 8.1810
8.3191 -2.9652 4.4223
12.2092 -3.1333 6.3358
7.4436 -3.1329 3.5844
8.3961 -1.3215 6.4988
10.9493 -1.6701 7.5291
8.9968 -3.0110 4.7229
7.0123 -2.7940 4.0068
10.4650 -3.3107 4.9769
10.4608 -3.1694 5.2545
8.6658 -3.0328 4.4885
9.4420 -3.2201 4.5657
12.6599 -0.6526 11.5122
8.9553 0.0039 4.6930
8.9533 -2.4845 5.1840
7.4631 -2.0706 4.8422
5.3063 -0.8684 6.8375
7.6731 -2.9288 4.1213
2.6663 -0.7270 5.5931
5.8945 -2.3942 4.1536
5.5502 -2.4596 3.8251
11.1006 -3.3246 5.3165
10.9194 -3.3037 5.2532
10.2210 -3.1781 5.0987
6.2012 -2.6678 3.7885
11.3864 -3.2747 5.5804
11.1024 -3.3037 5.3589
8.0392 -2.2730 4.7541
7.8891 -1.6919 5.3885
11.6282 -3.2038 5.8605
10.2429 -1.2849 7.7332
7.9746 -3.3947 3.3721
12.3081 -1.6631 9.3064
9.7166 -1.2742 7.2360
8.8046 -3.3175 4.0045
12.5853 -2.7493 7.3141
10.1313 -3.1953 5.0130
11.2895 -3.1143 5.8423
9.4468 -3.3244 4.3617
7.9048 -2.5755 4.6422
9.9487 -1.4871 7.2139
13.6178 -1.8553 9.6819
8.1474 -0.7273 8.7580
7.0749 -1.2559 6.3122
5.4362 -0.7271 7.1925
11.6089 -3.1144 6.0267
10.2514 -3.1953 5.0823
11.4410 -3.4128 5.3383
12.5526 -2.9167 6.9633
13.2319 -0.7995 11.5514
7.3936 -3.2034 3.4157
8.7449 -3.0541 4.4921
9.7113 -3.3036 4.5557
13.3454 -1.3412 10.5435
11.5112 -2.8911 6.4127
8.2917 -3.4067 3.5316
7.5654 -2.7940 4.3262
12.4292 -3.1239 6.4814
5.8201 -2.6332 3.6370
9.1964 -0.5745 9.6667
8.5230 -3.3765 3.7251
10.5508 -2.9166 5.8075
6.6473 -0.6523 8.0402
6.6364 -2.5211 4.3306
12.7415 -2.3249 8.2453
10.8250 -2.9654 5.8692
10.6328 -3.3767 4.9431
11.0422 -2.3381 6.3336
7.0467 -3.0745 3.4708
8.6568 -2.7643 5.0154
8.9294 0.1111 4.6822
13.9004 -1.7039 10.1453
8.8010 -3.2964 4.0443
12.6556 -1.3411 10.1452
11.2217 -3.0000 6.0296
8.7808 -2.2749 5.0221
8.1602 -2.0516 5.3071
12.4267 -2.4810 7.7540
9.9161 -2.4869 5.7449
10.4591 -3.1143 5.3628
9.9157 -3.3446 4.5925
6.3058 -2.7173 3.7509
12.4201 -2.6851 7.3459
10.6946 -2.1527 6.5130
0.8044 -0.4082 5.1495
12.7129 -2.8090 7.2694
11.4509 -1.4877 9.1590
10.3614 -1.2871 7.8422
9.7363 -3.0436 5.0853
10.6929 -1.3353 8.0384
9.0888 -3.2201 4.3618
11.9792 -3.1869 6.0967
10.1544 -3.1694 5.0777
9.9723 -3.2441 4.8244
8.5929 -2.8643 4.7802
11.2447 -3.4010 5.2482
7.2248 -2.9036 3.9123
12.1681 -1.7816 8.9907
8.0690 -3.2118 3.7892
8.4407 -2.9533 4.5162
10.3707 -1.3301 7.7715
10.4200 -2.1360 5.9183
13.5067 -2.2757 8.7847
8.4798 -3.1692 4.1108
6.7967 -2.9531 3.5670
11.9633 -3.0950 6.2698
9.9478 -2.8909 5.5101
9.0592 -2.4855 5.2472
9.6906 -2.7490 5.6427
5.6150 -2.2235 4.3303
6.9508 -0.8685 7.7871
4.3986 -0.0302 7.9743
11.1614 -2.2312 6.7141
10.3467 -2.2769 5.8543
8.3675 -1.7851 5.7532
11.6924 -3.3829 5.5426
7.9048 -3.1235 3.8692
13.4531 -1.8553 9.5868
11.9220 -3.4129 5.6160
6.2433 -2.5599 4.0265
9.2183 -1.9696 5.7398
8.2846 -1.8086 5.6233
9.3730 0.0383 4.8841
11.4247 -1.9249 8.2775
10.4464 -2.1350 5.9305
11.6879 0.0753 12.3934
9.7269 -2.3092 5.5028
9.9636 -2.0906 5.7924
4.2256 -1.9578 4.0544
8.7756 -3.1866 4.2471
8.1501 -2.7333 4.7842
10.2468 -3.3641 4.7452
9.3029 -0.1042 4.8861
8.4024 -3.0847 4.2335
10.7777 -2.9654 5.8419
12.7115 -0.7995 11.2509
0.4831 -0.0301 5.7132
11.7655 -2.2168 6.9263
11.5600 -3.3038 5.6231
8.3098 -1.1008 6.9515
10.5429 -3.0437 5.5510
7.4060 -3.0945 3.6386
10.6926 -3.3447 5.0411
11.5811 -2.2050 6.8792
10.8715 -2.0790 6.5951
5.4506 -2.4805 3.7262
9.9223 -2.6849 5.9037
9.1004 -2.2008 5.3421
8.8906 -1.8900 5.6566
12.9683 -2.4388 8.1505
1.9643 -1.1787 4.2924
11.9165 -3.3382 5.7608
3.7516 -0.7990 6.0771
4.9325 -1.7812 4.8128
10.0865 -2.4409 5.8087
12.0877 -2.0537 8.4052
11.0308 -1.2350 9.4172
9.7941 -2.9165 5.3706
7.5562 -1.7839 5.2786
7.5179 -2.7174 4.4507
11.4502 -3.3038 5.5597
10.5442 -1.2022 8.2443
12.2551 -3.0332 6.5608
11.0751 -2.0998 6.6700
-0.0666 -0.5740 4.3178
8.0334 -0.2279 9.6819
8.8153 -2.8230 4.9907
10.5046 -3.2746 5.0712
12.9294 -2.5412 7.9251
11.7683 -3.1333 6.0813
8.7803 -3.3765 3.8736
12.3056 -2.5215 7.6038
9.2292 -1.7973 5.9221
8.9904 0.1864 11.0556
3.0656 -0.3200 6.6302
8.3482 -2.9412 4.4867
9.1760 -2.3958 5.2489
13.1483 -1.3412 10.4297
11.3747 -2.8372 6.4406
13.4183 -0.4934 12.2656
12.1451 -2.4810 7.5915
14.7674 0.0752 14.1717
9.8478 -3.3640 4.5148
13.1838 -1.7817 9.5772
8.4734 -1.1995 6.9768
5.0178 -1.6626 5.0969
11.0111 -3.2821 5.3490
9.4012 -3.4126 4.1606
10.8076 -3.3950 5.0077
8.9939 -1.5336 6.3105
8.9076 -3.3244 4.0504
9.2335 0.7002 4.5489
9.3434 -1.8759 6.0155
6.5277 -2.6155 4.0808
8.0669 -1.8517 5.1692
7.0365 -1.6018 5.3917
7.7209 -2.7793 4.4453
4.3027 -0.6522 6.6864
9.7317 -3.3380 4.4994
2.5251 -1.2345 4.5057
10.0873 -0.9354 9.4661
6.3299 -1.1575 6.0335
10.8539 -2.7491 6.3144
12.6145 -2.9041 7.0242
9.9501 -3.3245 4.6523
2.3323 -0.4929 5.8639
9.2544 -0.2779 4.9008
7.4408 -3.2199 3.4102
9.3330 -3.1330 4.6752
8.0122 -1.4114 6.2534
4.4697 -1.9904 4.1308
6.2483 -2.5973 3.9554
5.6007 -2.5009 3.7723
8.6887 -3.1604 4.2490
9.8073 -1.4673 6.9365
8.8011 -1.7374 5.9546
11.1840 -2.9291 6.1484
6.9096 -0.7272 8.0433
5.7256 -2.5788 3.6902
10.4865 -3.0111 5.5830
9.8848 -3.0330 5.1922
11.2219 -2.0784 6.7951
8.7559 -3.0747 4.4576
8.7047 -3.4125 3.7585
11.9235 -2.8646 6.7033
9.2475 -3.2745 4.3455
6.9686 -0.7272 8.0774
8.7710 -3.1604 4.2965
8.8935 -2.9533 4.7776
9.6125 -3.1781 4.7474
6.4706 -2.6846 3.9107
7.6718 -1.9092 5.2021
10.9718 0.0754 11.9798
8.8617 -3.2361 4.1988
11.4458 -3.0222 6.1150
12.1952 -2.5015 7.5798
8.2676 -2.9884 4.3465
10.5209 -3.3950 4.8422
12.4103 -2.7646 7.1826
11.6770 -3.4070 5.4861
7.5892 -2.6679 4.5899
11.6870 -3.3642 5.5767
9.1719 -3.3949 4.0633
12.4073 -3.2521 6.2148
5.6661 -2.5788 3.6559
4.2020 -1.7427 4.4670
8.8382 -1.4781 6.4836
9.0267 0.0453 4.6338
7.5855 -2.5161 4.3959
8.6904 -3.1951 4.1810
8.4610 -3.2200 3.9993
10.1658 -3.1868 5.0497
8.7505 -2.9037 4.7933
6.2269 -2.4383 4.2581
11.9005 -3.3578 5.7126
7.4843 -1.6939 5.4138
10.2165 -2.9770 5.4946
13.0308 -1.5781 9.8922
8.9033 -0.0244 4.9105
10.3276 -3.3245 4.8702
10.2285 -2.9999 5.4562
13.6125 -1.8191 9.7507
11.0727 -2.1620 6.5542
7.3896 -3.1950 3.4300
12.4598 -1.4404 9.8354
8.6457 -3.3105 3.9266
4.8869 -1.7033 4.9408
9.1106 -2.9164 4.9760
9.9273 -1.5231 7.1263
12.1661 -3.3706 5.8408
11.9769 -3.0438 6.3790
10.1953 -3.1694 5.1012
10.0738 -1.5025 7.4386
10.4620 -2.0803 6.3632
10.8809 -2.7491 6.3300
7.0867 -2.8776 3.8842
15.5814 -0.4089 13.6825
7.4756 -3.1602 3.5486
8.8288 -3.3575 3.9392
11.3646 -2.4857 6.5783
12.1720 -2.1133 8.3358
12.7390 -2.8090 7.2845
9.5200 -1.2344 7.2539
7.3926 -1.5672 5.6679
12.8024 -2.2502 8.4285
5.6317 -2.5009 3.7902
2.1444 -0.4929 5.7555
8.0808 -2.9997 4.2162
5.0189 -1.4873 5.4450
8.7377 -0.9996 8.5594
9.1200 -2.9998 4.8162
8.3635 -3.2818 3.8204
8.2793 -2.4868 4.8001
12.2877 -2.7493 7.1422
8.5912 -3.3105 3.8950
6.3637 -1.2066 5.9565
8.6830 -3.2440 4.0800
8.8464 -3.0329 4.5927
10.1610 -3.1142 5.1907
9.2927 -0.6524 9.5678
10.7129 -3.4185 4.9064
9.2326 -0.6524 9.5331
7.7952 -2.7333 4.5793
9.0368 -3.2119 4.3479
8.7124 -3.2594 4.0663
10.6820 -3.0646 5.5899
4.4287 -1.3406 5.3948
8.9517 -2.7643 5.1857
10.3572 -3.2441 5.0466
10.2767 -3.3828 4.7253
6.2099 -1.8548 5.4046
10.7964 -2.2706 6.3391
9.7401 -1.6392 6.6212
2.3190 -0.6521 5.5409
9.8015 0.7561 4.1809
9.3806 -2.7643 5.4334
7.9160 -3.2818 3.5621
9.2115 -3.1045 4.6616
8.1953 -3.1603 3.9641
13.8718 -1.9911 9.5596
8.7335 -3.0329 4.5276
13.1500 -0.4087 12.2785
11.8694 -3.2284 5.9511
11.5867 -3.0112 6.2182
9.9888 -2.8371 5.6405
9.0773 -0.9485 7.4561
11.8145 -3.2520 5.8726
8.7367 -2.7013 5.1865
10.3427 -3.1781 5.1690
7.7778 -1.5347 5.6177
12.7905 -2.6512 7.6269
10.6628 -2.1271 6.5219
11.1951 -3.2966 5.4265
11.2225 -3.1332 5.7661
12.1930 -3.2364 6.1221
11.7467 -2.7492 6.8298
7.5755 -3.1513 3.6241
12.5038 -2.8911 6.9859
8.7662 -3.1330 4.3480
7.4862 -3.1865 3.5027
2.1658 -1.2884 4.1915
10.4922 -3.2893 5.0349
9.0966 -3.4184 3.9733
10.6112 -3.3641 4.9556
6.5948 -0.3201 8.6682
11.0437 -3.3950 5.1440
11.5546 -3.3513 5.5258
3.0163 -1.4399 4.3825
7.6799 -3.0643 3.8566
12.6460 -1.5336 9.7582
9.4040 -2.7013 5.5717
1.3441 -0.5741 5.1324
8.9115 -3.2964 4.1080
13.1202 0.0753 13.2205
10.5678 -2.6850 6.2763
8.2424 -2.9998 4.3095
7.3599 -0.9352 7.8912
7.4847 -2.0830 4.8997
8.8662 0.0705 4.6079
7.2975 -2.7174 4.3234
10.3395 -3.3446 4.8372
8.2614 -3.2360 3.8522
8.9859 -3.3575 4.0299
6.5996 -2.3244 4.6991
10.9581 -2.0382 6.7416
8.1452 -3.2360 3.7851
9.2461 -3.3106 4.2732
3.5158 -1.6625 4.2297
11.9339 -3.2203 6.0044
11.8680 -1.8649 6.7465
10.5404 -3.4010 4.8416
0.7405 -0.4082 5.1125
5.7822 -1.4400 5.9796
6.7360 -1.2060 6.1536
7.4125 -2.1795 4.4946
11.8788 -3.3178 5.7794
11.7088 -3.2364 5.8426
9.5793 -3.3576 4.3725
7.3025 -2.0179 4.8221
11.2918 -1.6631 8.7196
10.6711 -3.3313 5.0551
10.9618 -2.5767 6.4092
8.8125 -3.2517 4.1394
8.3777 -3.1692 4.0519
9.7138 -2.7794 5.5959
11.9289 -1.7130 6.6398
3.7016 -0.6522 6.3393
7.6808 -2.9651 4.0538
12.1133 -3.2597 6.0299
7.8592 -3.2744 3.5439
8.5447 -2.7793 4.9209
11.0910 -0.8687 10.1778
11.1674 -3.3577 5.2894
9.6640 -2.9885 5.1528
6.4309 -2.3244 4.6016
8.6521 -2.9037 4.7364
11.8223 -2.3791 6.9646
10.9736 -0.2280 11.3797
10.0054 -2.9770 5.3727
8.4893 -2.4431 4.8919
4.2170 -2.0531 3.8607
12.3446 -3.1239 6.4326
9.1554 -3.0947 4.6486
7.7158 -1.4662 5.7192
11.8683 -3.3314 5.7463
8.5503 -3.1951 4.1001
9.7047 -3.1045 4.9464
9.3498 -3.2671 4.4193
7.9447 -3.0644 4.0095
11.5051 -3.3038 5.5914
11.9875 -2.2756 7.9075
8.2392 -0.1314 9.9920
10.3821 -3.0849 5.3765
10.1835 -0.8686 9.6538
8.1465 -3.3702 3.5201
7.7135 -1.9447 5.0575
7.5430 -2.8086 4.2845
3.1957 0.1866 7.7093
10.5333 -3.2519 5.1329
8.0423 -3.3887 3.4231
9.5363 -2.9770 5.1019
9.0884 0.6029 4.7086
11.4483 -0.7274 10.6641
14.2599 -0.0306 13.6689
13.5596 -1.9911 9.3793
7.7025 -2.6679 4.6553
8.7537 -1.7309 5.8902
8.5985 -3.3639 3.7935
13.1833 -2.4170 8.3178
10.8541 -3.3641 5.0958
9.2393 -3.3949 4.1023
8.9857 -3.3379 4.0687
8.9110 -1.3916 6.5314
13.2321 -2.4602 8.2605
12.7216 -2.5015 7.8838
10.6517 -2.2606 6.0649
10.1543 -1.8195 6.3894
4.0150 -1.9243 3.9991
7.5448 -3.2360 3.4385
11.1596 -1.7203 7.4472
14.5215 -1.0619 11.7763
8.6860 -2.2849 4.9158
5.5198 -2.3243 4.0756
11.4778 -3.1239 5.9321
8.4967 -3.1236 4.2110
11.8904 -2.1700 8.0608
5.8572 -1.9245 5.0629
7.9621 -2.8643 4.4161
11.9575 -0.5746 11.2611
12.1320 -3.3178 5.9256
11.7367 -3.1144 6.1004
7.6768 -3.1421 3.7007
8.2430 -3.1236 4.0645
7.4960 -1.9982 5.0010
11.7249 -0.1315 12.0048
11.5921 -3.1516 5.9431
5.9554 -2.1695 4.6340
13.0108 -2.4602 8.1327
-1.4046 -0.0300 4.6232
7.0705 -2.6507 4.3243
10.0036 -1.4242 7.5558
8.3068 -2.2186 5.0294
11.3691 -3.0543 6.0072
7.7582 -2.8507 4.3252
11.0705 -3.2202 5.5059
8.5528 -3.3510 3.7927
7.7447 -3.1691 3.6864
5.5441 -1.8901 4.9501
7.6626 -0.5744 8.7810
9.2851 -3.4126 4.0936
11.2519 -0.1633 7.9353
8.9161 -3.3575 3.9896
5.1521 -2.2751 3.9608
10.0919 -2.2735 5.6985
11.5884 -3.2038 5.8376
9.4091 -1.0501 7.5729
12.0189 -0.5746 11.2965
9.0786 0.3304 4.7851
11.2834 -1.7432 8.5559
12.6210 -1.5781 9.6556
6.1388 -2.4805 4.1235
9.2234 -2.1917 5.3871
9.5622 -3.1693 4.7357
11.0952 -3.1516 5.6562
9.0885 -3.0110 4.7758
8.8754 -3.4067 3.8686
8.3191 -2.2333 4.6478
9.3880 -1.5447 6.6307
3.7682 -1.2885 5.1167
10.0820 -2.1938 5.6385
4.5903 -2.2235 3.7387
10.5689 -2.2442 6.0534
12.3995 -2.5604 7.5810
8.0690 -2.2841 4.8015
13.3075 -2.3006 8.6204
8.3166 -2.9769 4.3977
11.6539 -3.3314 5.6225
8.0100 -3.1866 3.8051
8.1031 -3.2744 3.6847
12.5390 -2.3249 8.1284
13.6220 -0.6526 12.0678
9.5632 -2.2736 5.5508
8.5384 -3.3445 3.7974
8.3421 -3.0644 4.2389
8.5085 -3.4067 3.6568
12.2205 -3.4129 5.7883
9.3859 0.7261 4.4152
10.6335 -1.2517 8.2723
9.1984 -0.1304 5.2213
6.7630 -2.9410 3.5715
12.1407 -2.5412 7.4697
13.4277 -1.9250 9.4340
13.9801 -0.0306 13.5073
12.0915 -0.0305 12.4167
7.4741 -1.5787 5.8109
7.8658 -2.1244 4.7898
11.2194 -3.1516 5.7279
10.3205 -3.2120 5.0891
9.3424 -1.2840 7.1979
5.0830 -2.2751 3.9210
12.1033 -3.2284 6.0862
6.5208 -1.1556 6.0753
8.9326 -0.4261 4.7782
10.0233 -2.3568 5.7171
10.2056 -1.5394 7.4343
12.1773 -3.4070 5.7749
3.4536 0.0756 7.6383
9.1085 0.4582 4.7920
12.9901 -2.5412 7.9602
6.7589 -2.9650 3.5216
11.9621 -2.7016 7.0487
12.0213 -1.6643 6.6014
8.5147 -3.3575 3.7579
11.9913 -2.9536 6.5661
9.4214 -0.9482 7.6915
7.9218 -3.3638 3.4029
7.5243 -3.1235 3.6495
10.1729 -2.7943 5.8317
4.8159 -1.9244 4.4616
10.2031 -0.0304 11.3262
11.3722 -3.1954 5.7294
8.5883 -3.3827 3.7505
9.5317 -2.3525 5.4230
10.5019 -2.9886 5.6365
11.8733 -3.1333 6.1419
9.7258 -2.6849 5.7902
3.7464 -0.4083 6.8483
9.5462 -3.0329 4.9967
9.7107 -2.0491 5.8235
4.1941 -0.4084 7.1069
9.4826 -3.3106 4.4097
8.6314 -2.6848 5.1583
7.2116 -3.0945 3.5264
10.5238 -0.8687 9.8503
2.8680 -0.8683 5.4296
4.5920 -2.0222 4.1385
12.5075 -1.4404 9.8629
6.1502 -2.1415 4.8020
8.6749 -2.7175 5.1187
6.7959 -2.5788 4.3082
9.2560 0.0909 4.7526
12.6090 -2.2756 8.2664
10.2272 -2.9038 5.6458
7.0194 -2.9288 3.7439
9.2700 -3.1330 4.6388
10.3960 -3.3512 4.8568
7.2380 -3.0219 3.6856
12.3362 -2.5215 7.6215
13.5417 -1.8906 9.5680
7.8913 -3.2118 3.6866
9.8374 -2.9413 5.3465
8.4914 -0.7993 8.8140
9.8962 -3.3245 4.6211
8.5419 -3.4067 3.6760
13.3667 -2.1421 8.9687
11.1529 -2.7336 6.5179
9.1184 -1.2338 7.0085
10.8039 -3.1424 5.5062
10.5011 -2.0925 6.3146
7.1958 -0.0303 9.5896
0.8048 0.0757 6.1087
9.2246 -3.2964 4.2888
9.4613 -1.8808 6.1058
8.3640 -3.3378 3.7098
10.6845 -2.0857 6.6291
8.1949 -3.3887 3.5113
9.7662 -1.4690 6.9289
12.6768 -3.0002 6.8697
11.2362 -2.9039 6.2284
11.3713 -2.7336 6.6440
10.8245 -2.2984 6.3446
8.4662 -3.0220 4.3947
10.8205 -1.3298 8.0264
11.0862 -3.2747 5.4070
9.8796 -2.8645 5.5232
12.5067 -1.7817 9.1862
8.2219 -2.8086 4.6764
6.9723 -2.9996 3.5762
10.5069 -2.4853 6.0823
4.4896 -2.0833 3.9583
8.4870 -1.9622 5.4278
8.1733 -1.3196 6.3419
7.9308 -3.2118 3.7094
9.6174 -2.9885 5.1259
8.3024 -3.0435 4.2575
9.1987 -3.1867 4.4914
9.0944 -3.1423 4.5191
13.2454 0.1863 13.5128
9.7534 -1.1955 7.6077
9.3330 -3.3445 4.2561
12.2595 -1.8553 8.8976
8.0686 -3.2200 3.7727
11.7033 -3.3381 5.6377
5.0810 -0.7991 6.8447
8.9873 -2.7490 5.2366
7.9159 -2.9411 4.2371
12.4174 -1.6213 9.4525
11.7211 -3.3381 5.6480
10.8733 -2.9771 5.8738
11.8295 -3.3108 5.7647
10.7188 -0.4086 10.8746
12.5399 -2.2756 8.2265
8.5740 -1.5400 6.1215
12.3326 -1.2890 10.0620
12.0688 -3.3642 5.7971
9.8998 -3.3640 4.5448
8.2690 -2.1942 5.1365
6.8774 -1.2544 6.1652
11.0340 -3.1143 5.6947
10.8423 -3.2747 5.2662
8.2046 -3.2281 3.8352
7.1440 -2.6847 4.2996
9.3446 -3.1423 4.6636
10.0162 -0.1314 11.0181
9.9295 -1.7030 6.4087
10.1172 -3.3313 4.7353
10.3493 -2.7014 6.1176
8.5338 -3.1866 4.1075
5.7947 -2.4805 3.9249
12.5164 -2.8780 7.0191
7.0358 -2.9163 3.7781
9.2231 -2.1149 5.4406
9.8127 -3.3949 4.4333
9.1179 -0.4051 4.8544
9.7916 -3.2746 4.6596
10.0119 0.8062 4.1683
7.8760 -2.1311 4.8170
10.8412 -3.1046 5.6026
9.5554 -1.1214 8.7902
11.5417 -3.3038 5.6125
12.6862 -0.7275 11.3790
0.5152 -0.7989 4.2082
9.3714 -3.0947 4.7733
9.8027 -3.3380 4.5404
8.6543 -1.3645 6.6070
10.3885 -2.7335 6.0766
8.4143 -3.2964 3.8210
10.8329 -3.0330 5.7396
9.8388 -3.4184 4.4018
7.5434 -1.2360 6.1497
8.8783 -1.3535 6.5867
4.5081 -2.1694 3.7983
8.0708 -2.6679 4.8679
11.1190 -2.8232 6.3208
11.1954 -2.0595 6.8318
9.9061 -3.3703 4.5360
8.0750 -3.1044 4.0054
9.5832 -1.5110 6.8176
11.8527 -3.2520 5.8947
7.7772 -2.2993 4.5882
12.2398 -2.0537 8.4930
11.3260 -3.2894 5.5164
14.9450 -0.6527 12.8317
9.3428 -3.3511 4.2487
9.1626 -3.4184 4.0114
7.2308 -1.2983 6.2420
9.0945 0.6493 4.7032
7.7358 -2.7012 4.6086
12.5907 -2.3005 8.2065
10.9730 -0.1315 11.5707
10.3371 -2.6681 6.1764
8.2406 -3.0109 4.2863
7.8806 -0.9996 6.7659
7.9335 -2.7793 4.5680
11.9599 -2.5978 7.2531
10.5617 -2.0843 6.3226
9.4231 0.6848 4.4095
8.0118 -2.9532 4.2686
11.9904 -2.7944 6.8810
15.3791 -0.0306 14.3152
7.4367 -1.6975 3.9799
9.2774 -3.3312 4.2504
1.6534 -1.1787 4.1130
7.5841 -3.1779 3.5763
6.0045 -1.6208 5.7497
8.2357 -2.8908 4.5216
8.8201 -2.7013 5.2346
12.4549 -2.9167 6.9069
10.9299 -2.0454 6.6290
5.3866 0.0756 8.7546
7.0036 -2.7332 4.1223
11.0696 -3.2363 5.4736
8.1678 -1.1028 6.9772
5.1149 -2.3243 3.8418
11.9829 -3.4186 5.6397
7.7433 0.1865 10.3354
11.6371 -3.2967 5.6817
11.3859 -3.3314 5.4677
6.1191 -2.4596 4.1536
9.1298 -3.3703 4.0878
8.4545 -2.7174 4.9914
8.7838 -2.7794 5.0590
4.8223 -0.1312 8.0189
10.8789 -3.0437 5.7451
9.9549 -2.0683 5.8159
9.0818 -3.2281 4.3417
7.6240 -1.9016 5.3179
13.7474 -0.7275 11.9917
6.6247 -0.4085 8.5104
5.8138 -2.0532 4.7827
12.1881 -2.3486 7.8787
8.1241 -3.0328 4.1757
13.7482 -1.9250 9.6191
11.7593 -2.8911 6.5560
11.0303 -1.2889 9.3100
6.1316 -2.2497 4.5769
12.9820 -0.9355 11.1376
9.1388 -3.3445 4.1440
9.0710 -0.0115 4.7922
9.5257 -3.4068 4.2440
13.0710 -2.2241 8.6353
10.1534 -3.2820 4.8538
12.1507 -1.2020 6.4124
7.3034 -1.5023 5.8381
8.7950 -3.3312 3.9719
12.5529 -2.4388 7.9107
9.3019 -2.2290 5.2816
9.9932 -0.0304 11.2050
10.1427 -3.2120 4.9865
11.9992 -2.7336 7.0065
11.8354 -2.7336 6.9120
5.5752 -1.7428 5.2600
11.2122 -3.3037 5.4223
9.4095 -1.3896 6.7947
11.2583 -3.2597 5.5363
13.6872 -1.7434 9.9439
10.8488 -3.1694 5.4786
8.0319 -3.1140 3.9614
9.6645 -3.3106 4.5148
12.0628 -2.9536 6.6074
9.1693 -3.2964 4.2569
9.0046 -2.9652 4.8182
10.6104 -2.7491 6.1738
7.2554 -2.1699 4.1889
10.0815 -3.3313 4.7146
6.0960 -2.5010 4.0583
9.7524 -3.3245 4.5381
12.6960 -2.5978 7.6781
9.9116 0.7840 4.1853
10.2690 -2.0995 5.8116
8.6313 -0.6524 9.1859
10.6067 -3.3512 4.9785
8.6984 -1.9268 5.4071
11.8751 -2.9887 6.4294
8.1078 -3.2200 3.7954
8.6764 -1.3672 6.6572
12.2166 -3.2122 6.1838
11.3063 -0.9997 10.0426
11.6354 -3.2284 5.8160
7.1572 -1.9422 4.7257
12.5565 -2.3005 8.1868
10.5575 -3.2120 5.2259
9.4704 -1.2297 7.1215
9.0928 -2.9412 4.9166
11.9746 -2.9040 6.6547
11.9203 -3.2121 6.0128
9.9872 -3.4185 4.4875
9.1509 -3.2964 4.2463
8.9748 -2.2073 5.0352
7.8138 -2.8907 4.2780
9.3756 -3.4068 4.1574
9.7494 -3.1515 4.8792
14.2770 -1.3917 10.9814
8.2833 -3.1329 4.0692
11.5266 -3.2966 5.6179
11.2626 -3.1425 5.7710
8.9655 -3.2518 4.2277
11.7678 -3.1695 6.0092
2.5532 -1.0612 4.8654
10.9469 -3.0646 5.7429
11.5638 -3.0112 6.2050
2.4408 -0.0302 6.8437
11.8472 -2.7646 6.8575
8.1364 -3.1329 3.9843
9.9232 0.7886 4.1967
7.4506 -1.5520 3.9557
8.8463 -3.3575 3.9493
8.5651 -3.2892 3.9223
9.1963 -0.3539 4.8864
12.2287 -2.7178 7.1706
13.3229 -2.3487 8.5339
11.3024 -3.0543 5.9687
9.2206 0.7045 4.6215
8.8921 -3.1330 4.4207
11.0818 -3.0222 5.9049
11.7947 -3.3830 5.6017
9.4979 -1.7847 6.1999
8.9013 0.0344 4.6731
11.9433 -1.7053 6.6146
6.4160 -2.7173 3.8145
11.2701 -3.1047 5.8502
13.6423 -2.0228 9.3642
7.9906 -3.2818 3.6051
11.9125 -2.9655 6.4971
13.3075 -1.3916 10.4216
10.5217 -2.2005 5.9898
10.2323 -3.2596 4.9439
12.3060 -1.9249 8.7864
9.4367 -0.2279 10.4922
12.9534 -2.6852 7.6538
8.3696 -3.0435 4.2963
12.0990 -1.7433 9.0268
4.8296 -2.1127 4.0963
11.0131 -3.0749 5.7608
12.2925 -3.2521 6.1486
10.9422 -3.3890 5.0974
12.4916 -2.9292 6.9033
9.3025 -2.0557 5.6102
11.6885 -2.8232 6.6497
7.5531 -3.0109 3.8893
2.5709 -0.5742 5.8408
7.7227 -3.2516 3.5102
12.8624 -2.7178 7.5365
6.5736 -2.5600 4.2172
10.3732 -3.2746 4.9954
7.4406 -2.3353 4.2477
9.3751 -1.5370 6.5585
9.9045 -2.7014 5.8607
7.1283 -0.6523 8.3180
8.2931 -1.8161 5.6670
9.1787 0.2298 4.7946
10.8933 -3.2120 5.4198
11.2944 -3.2672 5.5421
9.2339 0.0910 4.7401
2.1715 -1.1787 4.4121
10.1427 -3.2671 4.8772
10.8398 -2.8779 6.0511
7.7338 -3.1140 3.7893
8.9734 -1.4643 6.4259
8.8260 0.0265 4.6078
11.5106 -2.9654 6.2650
14.0973 -0.8688 11.9138
3.1642 -0.9993 5.3410
10.9922 -3.2363 5.4288
10.7346 -1.9485 6.8168
6.0743 -2.2236 4.5955
10.3613 -3.2519 5.0336
8.0132 -2.7793 4.6140
11.4156 -3.2442 5.6577
0.6308 -0.7989 4.2750
12.3050 -3.3247 6.0118
6.6430 0.1865 9.7001
6.6223 -2.5010 4.3622
7.7853 -0.5744 8.8519
5.2035 -1.5332 5.4607
8.9421 -3.4067 3.9071
10.4956 -3.3767 4.8639
12.6964 -1.0618 10.7224
9.3811 -0.2031 4.9544
8.6029 -2.9037 4.7080
7.9366 -3.3174 3.5034
1.2237 -0.8682 4.4801
8.9795 -3.3244 4.0919
9.8134 -2.9413 5.3327
12.8763 -2.6512 7.6764
10.8757 -2.2397 6.4782
9.6584 -2.1678 5.5697
13.7639 -2.0840 9.3133
8.8141 -3.2200 4.2032
6.6971 -0.2278 8.9102
10.1452 -3.3446 4.7250
9.7214 -0.9996 9.1274
9.6810 -1.2733 7.2002
5.3700 -0.7991 7.0116
9.6036 -1.8171 6.2362
12.7272 -2.8912 7.1148
12.6308 -2.1974 8.4341
6.1508 -2.4596 4.1719
12.5899 -2.9041 7.0100
9.3574 -3.3949 4.1704
13.0991 -1.7817 9.5283
7.6812 -3.1603 3.6673
10.0679 -3.3576 4.6546
7.6764 -2.8229 4.3332
8.7055 -2.4409 5.0117
4.6119 -2.1414 3.9138
8.2789 -3.2439 3.8467
7.3148 -2.0681 4.1937
15.0993 -0.0306 14.1536
9.5579 -3.0221 5.0250
8.0002 -1.8133 5.4837
9.4885 -2.8509 5.3242
10.5265 -1.9490 6.8578
9.8658 -3.1423 4.9645
7.9389 -2.9163 4.2995
10.9904 -2.9535 5.9883
12.2367 -2.8511 6.9110
7.2611 -2.9768 3.7883
5.8206 -2.1415 4.6116
11.4469 -1.9482 7.3854
11.7674 -3.2038 5.9409
9.1170 -3.3827 4.0557
9.0458 -2.9037 4.9638
9.3017 -3.4126 4.1031
10.7414 -2.6201 6.3073
11.9476 -2.0227 8.3856
4.1889 -0.0302 7.8532
9.1124 -0.9996 7.3746
11.6638 -3.3448 5.6018
10.7331 -3.2894 5.1740
11.0654 -0.5765 8.1546
14.3421 -1.2352 11.3292
10.8565 -3.0437 5.7321
13.6321 -2.1974 9.0122
9.8476 -1.8661 6.1051
12.4577 -3.0113 6.7211
11.9849 -1.8189 8.8110
10.9640 -2.8372 6.2035
8.4449 -3.3575 3.7176
10.4569 -3.2519 5.0888
9.0532 0.3321 4.7740
5.0515 -2.1414 4.1675
9.6743 -2.9999 5.1362
6.9044 -2.7488 4.0341
7.7364 -3.0109 3.9952
8.9492 -3.3175 4.0880
8.0137 -2.7174 4.7369
9.4120 -3.2119 4.5646
4.1722 -0.8683 6.1826
9.7175 0.7681 4.3966
7.6497 -3.1950 3.5802
9.7989 -2.8230 5.5586
5.0212 -1.1211 6.1720
4.0024 -0.1312 7.5453
9.4453 -2.2087 5.3907
6.7014 -2.9531 3.5119
12.6342 -2.4170 8.0008
11.7796 -1.4877 9.3488
12.4429 -2.5015 7.7229
8.8129 -3.3312 3.9822
9.3230 0.7345 4.6524
9.9094 -2.9413 5.3881
6.4352 -2.8506 3.5614
4.8500 -1.8185 4.6912
11.4264 -2.2308 6.6801
10.1225 -1.8561 6.3755
7.8672 -3.1692 3.7571
8.9048 -0.0468 4.6703
10.0878 -3.2441 4.8911
9.2589 -3.4068 4.0900
2.6269 -1.2345 4.5646
7.6298 -1.7747 5.4925
10.8229 -1.4648 7.9574
12.2246 -3.2039 6.2049
8.0357 -2.9532 4.2823
9.9363 -3.2893 4.7140
12.7952 -2.1700 8.5832
10.0519 -1.8281 6.3710
5.0860 -2.1968 4.0778
9.5981 -1.8555 6.0701
8.2863 -3.2118 3.9146
11.8344 -3.4186 5.5540
12.8527 -2.4602 8.0415
10.8771 -3.0222 5.7867
6.8915 -2.6846 4.1538
12.9268 -1.6632 9.6637
12.1059 -1.0617 10.3815
10.2834 -2.8645 5.7563
9.6257 -1.6898 6.3773
7.7932 -3.3243 3.4070
7.4996 -3.0540 3.7731
13.8975 -1.6213 10.3071
6.2394 -2.7332 3.6810
9.6840 -3.3576 4.4329
9.4752 -2.4415 5.4571
9.9240 -3.1867 4.9102
10.3609 -3.3512 4.8366
7.5223 -2.7333 4.4217
8.0312 -3.1422 3.9053
9.2879 -3.1780 4.5600
7.3615 -2.1417 4.6648
7.6775 -2.1838 4.7627
11.3995 -2.5795 6.6680
8.7605 -3.1780 4.2555
9.7916 0.7625 4.2389
9.1615 -3.3888 4.0693
7.6622 -2.8776 4.2165
8.5225 -3.0540 4.3637
10.3448 -2.8910 5.7394
7.4645 -2.0529 4.9106
13.1063 -2.2241 8.6557
13.5123 -2.3006 8.7386
12.2802 -2.7944 7.0483
8.7193 -0.1700 4.5952
11.8869 -2.6851 7.0380
9.4815 -2.5190 5.5669
12.1623 -3.3578 5.8638
3.5184 -1.1788 5.1898
11.6313 -3.2364 5.7978
12.1848 -1.7433 9.0764
7.4755 -1.4478 3.8330
12.1559 -3.1695 6.2332
7.4225 -2.1855 4.5187
8.8471 -2.0409 5.2973
8.8562 -3.2440 4.1800
12.2540 -3.3382 5.9557
10.7860 -3.3704 5.0439
11.6751 -1.5336 9.1976
10.4064 -1.2044 8.2243
11.1252 -3.4186 5.1445
8.0506 -3.1779 3.8457
7.7683 -1.6260 6.0024
12.9012 -2.3720 8.2443
11.2393 -3.2597 5.5253
7.8658 -1.0615 7.9331
9.9511 -0.4086 10.4313
9.6997 -2.8909 5.3668
1.6932 -0.3199 5.8378
9.5832 -2.9770 5.1290
9.1558 -2.7794 5.2737
8.4583 -3.3243 3.7909
13.6387 -0.1316 13.1100
12.6611 -2.9292 7.0012
9.8348 -2.8371 5.5516
11.5592 -1.1215 9.9472
9.5906 -3.3244 4.4447
6.4111 -2.6154 4.0134
6.4987 -2.7792 3.7396
9.3588 -2.8230 5.3046
10.4865 -0.9997 9.5692
2.5341 -1.1787 4.6215
7.8475 -2.9768 4.1268
7.0747 -1.7727 5.1606
9.7407 -2.0151 5.8364
11.2975 -2.6850 6.6977
4.9369 -1.9579 4.4652
11.0979 -2.2551 6.4708
11.9771 -3.4070 5.6594
9.0364 -2.9533 4.8601
2.2954 -0.9349 4.9667
9.3381 -2.9885 4.9646
9.8151 -1.8680 6.0943
8.1185 -2.7941 4.6455
1.3376 -0.1311 6.0065
8.3619 -2.7643 4.8452
7.4772 -2.7642 4.3344
2.3543 -1.3910 4.0970
11.0159 -2.4409 6.3451
9.7208 -2.9165 5.3283
10.5196 -3.3107 5.0084
8.8467 -3.4008 3.8637
6.6887 -0.4085 8.5473
6.7353 -2.9650 3.5079
7.3488 -3.0643 3.6654
10.5214 -2.9771 5.6707
8.3070 -3.0220 4.3028
9.1292 -2.7794 5.2584
12.5409 -2.2241 8.3292
7.9435 -3.0328 4.0714
12.0420 -2.8373 6.8259
9.7941 0.7785 4.3402
1.7289 0.1867 6.8623
11.5135 -3.3642 5.4765
9.2997 -2.2712 5.2354
11.4052 -2.9166 6.3008
3.9454 -0.8683 6.0517
12.0949 -1.8552 8.8026
11.2623 -3.3246 5.4099
10.7561 -3.3107 5.1450
5.2965 -1.9244 4.7391
8.0605 -2.9288 4.3449
9.2592 0.1580 4.8576
6.3392 -1.1212 6.9331
7.6543 -3.2117 3.5498
11.4295 -3.0749 6.0012
4.3473 -1.1788 5.6685
13.6545 -0.3204 12.7449
9.0421 -3.4067 3.9648
9.5744 -2.9165 5.2438
10.0041 -3.3245 4.6834
6.4927 -0.6695 5.5270
9.3635 -3.1237 4.7114
11.1073 -2.1698 6.8058
10.6069 -2.7335 6.2027
10.9711 0.1864 12.1994
11.4530 -3.2966 5.5754
9.6729 -3.2518 4.6361
1.7687 -0.4929 5.5385
10.4554 -2.8509 5.8825
11.4772 -3.2821 5.6182
12.1261 -0.9997 10.5159
11.9928 -3.2203 6.0384
3.2987 -0.4083 6.5898
12.6127 -2.9292 6.9732
8.1980 -2.0309 4.8885
12.6120 -2.5216 7.7808
12.2557 -2.0227 8.5635
9.0152 -1.6785 6.1983
9.9248 -2.9290 5.4214
10.1822 -3.2965 4.8417
11.1020 -2.6682 6.6181
5.6014 0.0756 8.8786
9.5673 -0.4086 10.2096
9.5911 0.7911 4.2593
9.5597 -2.9770 5.1154
10.0997 -2.2332 5.6754
11.0614 -2.9654 6.0057
14.5348 -0.5747 12.7494
10.2939 -2.1117 5.9528
11.6073 -3.3513 5.5562
11.9187 -3.1869 6.0618
10.3895 -3.4010 4.7544
6.1323 -2.0223 5.0279
8.6303 -3.1951 4.1464
6.9209 -1.6338 5.2453
10.3865 -1.8762 6.6189
6.1726 -2.1695 4.7593
13.3867 -1.7433 9.7704
4.1688 -1.2885 5.3481
9.5671 -2.7942 5.4819
9.5839 -2.5288 5.5776
10.2642 -2.3160 5.8300
8.7036 -1.2479 7.0771
11.5662 -0.7274 10.7322
5.3630 -0.8684 6.8703
3.4472 -1.5331 4.4466
9.2939 0.0084 5.1488
9.3393 -3.2595 4.4283
8.2908 -2.9884 4.3600
7.8026 -2.1066 5.0390
6.2558 -1.0614 7.0034
0.8985 -0.7269 4.5722
10.0773 -1.6290 7.0317
7.7907 -3.3105 3.4329
4.1477 -0.9993 5.9089
6.6193 -2.7641 3.8391
5.8572 -1.6627 5.5816
6.4675 -0.8547 5.6363
11.8064 -0.4087 11.5026
10.4077 -2.0726 6.3056
10.1162 -3.3950 4.6085
12.6163 -3.0332 6.7693
10.6922 -3.2747 5.1796
7.3811 -0.7272 8.3156
9.6794 0.7482 4.3273
11.0659 -0.7153 8.1970
7.8694 -2.1440 4.8547
11.6453 -3.1695 5.9384
11.1209 -3.0949 5.7834
8.7751 -2.9037 4.8075
10.9590 -3.3829 5.1192
2.5428 -0.3199 6.3284
7.8873 -2.8776 4.3465
11.4372 -2.7944 6.5617
6.2199 -2.5010 4.1298
10.7566 -2.8231 6.1116
0.3092 -0.7269 4.2320
11.0293 -1.3915 9.1061
10.2464 -2.1246 5.7854
8.4609 -2.9652 4.5042
8.0843 -3.2744 3.6739
8.7431 -1.1913 6.9093
11.5240 -3.4128 5.3862
11.6191 -2.9887 6.2816
10.2512 -3.3446 4.7862
11.1694 -3.3447 5.3163
8.3699 -3.1236 4.1377
10.1119 -3.3245 4.7457
9.4637 -2.4832 5.4755
8.8110 -2.9289 4.7783
12.9641 -2.7493 7.5328
10.7317 -3.1953 5.3596
10.1127 -3.2519 4.8900
11.2764 -2.0016 7.1961
12.3912 -2.8780 6.9469
6.0483 -2.7331 3.5707
13.2261 -1.7817 9.6016
11.9544 -3.2443 5.9688
10.3262 -3.4069 4.7062
12.4093 -1.3411 10.0030
11.1830 -3.1143 5.7808
9.8762 -3.1046 5.0454
8.0704 -3.1866 3.8400
6.3796 -2.5788 4.0679
8.8073 -2.6680 5.2932
9.9923 -3.3512 4.6237
6.2326 -2.4805 4.1777
6.6378 -1.2504 5.9401
11.4708 -2.9414 6.2896
10.8385 -2.8645 6.0768
8.1592 -3.4007 3.4668
8.5472 -2.6848 5.1097
-0.5553 0.0758 5.3233
10.5566 -3.3577 4.9367
12.2573 -2.9772 6.6729
10.3096 -2.1345 5.7668
8.7749 -3.2200 4.1805
10.9423 -2.9414 5.9845
7.8466 -0.5744 8.8873
11.5300 -2.2800 6.7031
0.5163 -0.4929 4.8153
7.2816 -3.1043 3.5474
1.1268 -0.9349 4.2919
9.5459 -1.2691 7.0454
13.1588 -2.5794 7.9820
12.6792 -0.8688 11.0949
5.3397 -2.3941 3.8332
7.6505 -2.8229 4.3182
10.7958 -3.2202 5.3473
9.8838 -1.8958 6.1052
10.4704 -2.7335 6.1239
13.8433 -1.4405 10.6342
5.7660 -2.0834 4.6953
7.8883 -2.8907 4.3210
8.8638 -3.3575 3.9594
5.4582 0.0756 8.7959
11.3022 -3.1516 5.7758
9.3683 -0.1289 4.9291
11.1141 -2.8910 6.1835
10.1496 -2.9413 5.5268
7.3566 -2.8642 4.0665
11.3898 -1.9641 7.1105
9.2313 -2.9770 4.9258
5.8487 -0.7271 7.4307
9.5886 -3.2282 4.6343
5.3770 -1.2347 6.1525
9.0009 -2.0838 5.3148
7.7498 -3.2891 3.4516
9.7967 0.8772 4.0965
10.6896 -3.1868 5.3522
12.1673 -3.1333 6.3116
13.3255 -1.9910 9.2442
8.2984 -3.3826 3.5831
9.2022 -2.3958 5.2641
8.2250 -3.4067 3.4931
4.3691 -2.0531 3.9485
9.6269 -3.1331 4.8449
8.8537 -3.3244 4.0192
12.0574 -3.2364 6.0439
11.0466 -3.3246 5.2853
10.4104 -2.7176 6.1207
8.1348 -1.9360 5.1191
8.5153 -3.3175 3.8375
13.9211 -0.5747 12.3950
12.7381 -2.1974 8.4960
9.0229 -2.7794 5.1970
13.2723 -2.3948 8.4134
7.7593 -3.0109 4.0084
10.1062 -2.9886 5.4081
11.0429 -2.7645 6.3931
8.1599 -2.9037 4.4523
3.7884 -1.3406 5.0251
8.6801 -2.2870 4.9954
8.2440 -3.3175 3.6809
9.6564 0.7305 4.2484
15.3176 -0.2282 13.8882
11.2256 -3.1143 5.8054
6.1232 -2.5599 3.9572
7.9703 -3.2118 3.7322
10.7203 -2.2732 6.2176
10.6720 -3.1143 5.4857
10.6633 -3.3641 4.9856
11.4183 -3.2363 5.6748
7.5419 -3.2280 3.4526
11.5102 -3.4070 5.3898
9.6587 -3.3511 4.4312
9.4684 -1.5003 6.6542
8.7965 -1.5994 6.3883
9.6156 -3.2518 4.6030
10.8268 -3.2966 5.2139
10.7300 -2.1938 6.4525
8.6897 -2.7490 5.0648
9.9581 -3.2037 4.8963
6.1162 -2.6678 3.7394
8.4638 -3.3105 3.8215
8.9154 -1.7326 5.9935
8.8539 -3.4126 3.8446
12.1502 -2.6683 7.2233
9.2301 -3.0329 4.8143
11.1815 -2.6191 6.5592
7.6949 -1.8397 5.4443
8.1993 -1.6264 5.9291
11.0965 -3.3705 5.2232
9.7933 -2.7014 5.7965
8.5825 -3.2118 4.0857
6.1636 -2.7641 3.5760
5.0273 -0.1312 8.1372
11.5374 -3.1332 5.9479
12.0396 -3.1869 6.1316
10.7672 -3.2747 5.2229
9.8305 -2.7942 5.6340
7.4363 -2.2644 4.2988
11.3495 -3.0438 6.0167
9.8826 -2.9038 5.4469
8.5361 -2.9533 4.5712
8.7158 -1.4061 6.5952
5.5865 -2.1968 4.3668
9.0445 -3.1780 4.4195
8.1339 -3.3311 3.5902
10.0611 -2.9534 5.4517
5.6012 -0.7991 7.1451
13.2556 -2.5216 8.1524
4.2757 -0.1312 7.7032
9.2144 0.7062 4.6590
11.1633 -3.2596 5.4814
5.0152 -2.0833 4.2618
8.9445 -1.7605 5.9518
8.4864 -3.4183 3.6210
8.0111 -3.0435 4.0893
9.9982 -3.3949 4.5404
12.2916 0.1863 12.9620
11.1474 -3.3767 5.2402
12.0956 -1.3916 9.7219
5.8054 -2.3714 4.1472
9.6467 -2.4569 5.5920
10.4599 -3.3380 4.9198
11.9334 -3.4186 5.6111
8.8890 0.0138 4.6829
8.6323 -0.1921 4.8875
8.4567 -3.2818 3.8742
10.8208 -2.9291 5.9387
7.4021 -2.7792 4.2612
9.3029 -3.1423 4.6395
8.7334 -3.3948 3.8102
8.7936 -1.7819 5.7788
12.6184 -2.8511 7.1314
8.2682 -2.1087 4.7744
5.9611 -2.4596 4.0624
5.4567 -1.9244 4.8316
9.0098 -3.2892 4.1791
10.4203 -3.3641 4.8454
9.0149 -3.3639 4.0340
11.9061 -3.2822 5.8658
12.5885 -2.6851 7.4431
12.0636 -1.4479 6.4811
5.4883 -1.4873 5.7161
10.6820 -0.7274 10.2216
9.2534 -2.7175 5.4527
9.6365 -3.0329 5.0489
10.3283 -2.1456 5.8087
9.5048 0.7186 4.4166
11.8180 -2.9655 6.4425
12.2365 -3.0544 6.5080
8.9287 -2.8508 5.0010
7.5233 -1.3897 3.8217
12.5804 -1.3916 10.0018
10.8661 -3.3177 5.1947
7.3716 -0.9995 7.7705
7.9720 -3.2818 3.5944
9.6516 -3.4009 4.3285
3.0361 -1.0612 5.1442
8.4568 -2.8086 4.8121
9.5972 -2.9413 5.2078
7.3870 -2.8776 4.0576
10.4769 -3.2966 5.0118
7.4813 -2.2885 4.3074
9.6595 -3.1237 4.8823
6.8878 -0.6523 8.1791
13.1720 0.1863 13.4704
0.9323 -0.4082 5.2233
14.6575 -0.5747 12.8202
10.7522 -2.3086 6.1685
7.1204 -2.9768 3.7071
9.0646 0.2303 4.7298
10.0841 -2.3143 5.7216
11.9022 -3.3768 5.6760
9.0523 -3.3035 4.1753
7.9721 -3.2891 3.5800
10.9209 -0.8687 10.0796
7.3364 -3.0846 3.6181
10.4333 -2.9291 5.7150
7.6138 -1.8397 5.1995
-0.7185 -0.2275 4.6280
6.3528 -2.6154 3.9798
8.3995 -3.2281 3.9478
11.7547 -2.1419 8.0380
9.9013 -3.0542 5.1597
10.6779 -2.0371 6.7056
10.7909 -3.0543 5.6733
7.4995 -2.7489 4.3776
10.5121 -3.1424 5.3376
10.0800 -3.3512 4.6744
7.9298 -2.6847 4.7532
1.6792 -0.1311 6.2038
-1.7911 0.1868 4.8295
8.8066 -3.1692 4.2995
0.7134 -0.8682 4.1854
10.7925 -3.3107 5.1660
9.9150 -3.1515 4.9748
12.6913 -2.1133 8.6356
8.6919 -2.9769 4.6144
8.8958 -2.1320 5.1146
7.9028 -2.4872 4.5837
8.8029 -2.0352 5.2523
10.7787 -2.7943 6.1814
11.7623 -3.2121 5.9215
11.4959 -3.2821 5.6289
4.4435 -1.6626 4.7653
12.4068 -3.1048 6.5064
9.1805 -3.3036 4.2492
10.5699 -1.7209 7.1102
9.7332 -2.1275 5.7742
12.3433 -3.2748 6.1328
10.8714 -1.0617 9.6686
9.4087 -3.2965 4.3951
8.3979 -3.0220 4.3553
8.1099 -1.7199 5.6851
11.7391 -3.3642 5.6068
12.7900 -2.5605 7.8065
8.4327 -3.2964 3.8316
7.6460 -2.9163 4.1304
11.7905 -3.0949 6.1700
10.0626 -2.9165 5.5256
10.9240 -3.3704 5.1236
6.2778 -2.5973 3.9724
8.6023 -3.2118 4.0971
10.2465 -3.2519 4.9673
10.5040 -2.1189 6.2949
1.5079 -0.4082 5.5557
13.5131 -0.2281 12.8462
9.1030 -3.0220 4.7624
11.0118 -3.2121 5.4882
12.5923 -0.9355 10.9126
10.3519 -3.3037 4.9256
8.0162 -2.3605 4.6424
9.5991 -1.5474 6.7747
12.0399 -2.9167 6.6673
10.8637 -1.4630 7.9611
8.8898 -3.1045 4.4759
4.8337 -0.4084 7.4762
8.6281 -1.8096 5.6359
9.1256 -3.3035 4.2175
15.5850 -0.2282 14.0426
12.3216 -2.3486 7.9557
11.2257 -1.7499 7.4253
5.9746 -2.6678 3.6577
8.6799 -2.3482 4.9210
8.6608 -3.0435 4.4644
13.0236 -0.1316 12.7548
6.6175 -2.5788 4.2052
8.0409 -2.7333 4.7211
8.6560 -3.3244 3.9051
8.8747 -3.2964 4.0868
9.1311 0.7288 4.6075
10.4185 -1.8874 6.8631
7.4499 0.1865 10.1660
8.9903 -1.8450 6.0200
8.4415 -2.8643 4.6928
12.8296 -2.3005 8.3444
5.2459 -1.5777 5.3971
9.3866 0.8123 4.3878
8.9775 -3.2119 4.3137
9.6579 -2.8087 5.5055
8.7908 -2.3140 4.9745
10.2317 -2.7491 5.9551
7.3147 -3.0846 3.6056
10.7445 -3.0437 5.6674
10.1700 -3.2519 4.9232
9.3330 -3.2119 4.5189
8.7682 -2.9652 4.6817
10.0105 -2.0996 5.7527
11.6285 -3.3448 5.5814
12.7826 -2.3947 8.1306
3.4707 -1.5775 4.3721
11.4849 -2.7177 6.7411
9.9512 -3.1953 4.9090
6.8771 -2.9650 3.5898
12.4385 -3.0950 6.5442
12.2429 -2.8090 6.9980
5.4154 -1.6627 5.3265
13.5814 -2.1134 9.1495
10.3915 -3.1953 5.1632
9.4733 -2.6849 5.6444
9.4528 -2.0892 5.4932
11.2764 -2.9535 6.1534
11.7054 -3.2748 5.7645
9.5864 -0.9353 9.1768
8.0510 -3.1692 3.8632
11.9483 -3.2520 5.9499
11.6721 -3.2673 5.7601
12.7501 -1.0618 10.7534
10.9172 -1.8371 7.2902
9.1413 -3.3244 4.1853
9.9866 -3.3640 4.5949
9.8322 -3.1515 4.9270
8.8380 0.1497 4.6600
9.6452 -2.1398 5.6634
8.7045 -1.9018 5.4495
9.0992 -2.9652 4.8728
7.3603 -2.4585 4.2758
7.2967 -3.1329 3.4995
11.4267 -3.3178 5.5184
9.0767 -3.3888 4.0204
6.6214 -0.2733 5.4101
9.2155 0.1141 4.7240
9.9012 -2.4402 5.7001
11.5800 -2.8372 6.5592
11.9391 -3.0331 6.3783
11.6408 -3.0438 6.1849
2.1387 -0.6521 5.4368
10.7249 -3.4010 4.9481
1.7179 -0.6521 5.1938
9.0926 -3.0645 4.6723
9.8560 -3.3380 4.5712
9.8317 -2.0816 5.7873
10.5327 -2.0511 6.5430
4.6157 -1.9244 4.3460
10.5959 -1.2480 8.1697
4.6511 -1.8900 4.4345
9.2231 -3.3640 4.1542
8.6218 -3.4125 3.7106
9.5516 -3.1781 4.7123
12.5967 -2.9888 6.8460
9.4799 -3.1331 4.7601
8.5107 -3.1422 4.1821
12.3618 -2.9655 6.7565
9.1151 0.7187 4.6212
13.9406 -1.5337 10.5057
10.3671 -2.9999 5.5362
8.1154 -3.1329 3.9722
8.6791 -2.4408 4.9962
11.1772 -2.4883 6.4762
9.3514 -3.4126 4.1319
11.8416 -2.9655 6.4561
9.6419 -3.1867 4.7473
8.1750 -3.4067 3.4642
3.5583 -1.7427 4.0954
12.9387 -2.7945 7.4286
6.6114 -2.8775 3.6098
11.6292 -2.3288 6.5764
7.0437 -0.9995 7.5812
10.0780 -2.2067 5.8348
4.3493 -1.8184 4.4021
1.8070 0.0757 6.6874
9.0761 -2.7794 5.2277
11.3768 -3.4070 5.3128
7.6837 -1.3985 5.9076
10.8059 -3.0000 5.7896
11.6232 -2.5919 6.8240
5.1136 -2.3481 3.7939
-0.6269 0.0758 5.2819
8.2923 -1.9900 5.2849
13.3563 -2.3487 8.5531
10.7516 -3.2894 5.1847
7.5163 -2.3061 4.2944
5.7158 -2.4382 3.9630
8.1321 -1.9469 5.4668
9.7908 -3.1515 4.9031
8.1822 -3.1044 4.0673
12.3906 -3.0332 6.6390
12.7959 -2.5216 7.8870
9.8040 -2.8644 5.4795
9.6241 -2.7334 5.6353
8.0652 -2.8086 4.5860
12.4244 -2.7797 7.1609
11.7657 -2.8780 6.5857
1.2889 0.1867 6.6082
3.1464 -0.4930 6.3340
10.4311 -3.3512 4.8771
9.2771 -2.1156 5.4741
9.3625 -2.2226 5.2995
7.7364 -2.3739 4.4385
3.1761 -1.1210 5.1066
10.3649 -3.0948 5.3470
8.5530 -3.0328 4.4233
9.7493 -3.0329 5.1140
9.5205 -3.2201 4.6110
9.2720 -3.3036 4.3021
7.3201 -2.0142 4.1221
12.7318 0.1863 13.2162
12.9762 -2.1700 8.6877
7.0980 -0.2278 9.1417
8.7674 0.0326 4.5908
8.5003 -3.1141 4.2319
12.8396 -2.1133 8.7212
8.1457 -3.3764 3.5072
8.2233 -3.3311 3.6418
10.8533 -3.0112 5.7947
7.6664 -1.8931 5.1258
11.5685 -2.0939 7.1679
6.9669 -2.7173 4.1326
9.3352 -3.2282 4.4880
11.8323 -2.7944 6.7898
8.5082 -2.9652 4.5315
11.8701 -3.3951 5.6211
10.7073 -3.2596 5.2181
5.7235 -2.4164 4.0107
9.0634 -2.0614 5.4918
7.7498 -3.0846 3.8567
11.1280 -1.6561 7.5366
8.8738 -3.1604 4.3559
10.5729 -2.2628 6.0251
9.6151 -1.6661 6.7317
10.3694 -3.1046 5.3302
11.2855 -2.9039 6.2569
8.3532 -1.8080 5.6599
11.3295 -3.0331 6.0264
9.2239 -0.0304 10.7608
8.0164 -2.4403 4.6124
7.3256 -0.9995 6.4138
11.0140 -2.9771 5.9551
12.2708 -2.9888 6.6578
8.5468 -2.9884 4.5078
11.5333 -1.7816 8.6242
8.7614 -0.1952 4.6251
10.8932 -3.4069 5.0335
9.7013 -1.1970 7.6177
9.8309 0.7698 4.1076
9.1949 -2.4841 5.3225
12.4902 -2.6683 7.4196
4.1186 -1.9904 3.9281
10.0193 -2.0861 6.0155
11.7535 -2.7336 6.8647
8.9775 -1.7604 5.9707
8.3172 -2.2719 4.9116
5.3445 -2.1415 4.3367
11.2913 -3.3513 5.3737
6.9715 -1.7031 5.1770
7.6779 -2.3059 4.5485
9.3329 -2.6848 5.5634
11.5849 -1.9249 8.3701
9.1521 0.2062 4.7853
8.0813 -3.3174 3.5869
10.0708 -3.0748 5.2168
8.0590 -2.9651 4.2722
10.9332 -3.2202 5.4266
13.9805 -0.1316 13.3074
13.3416 -2.3006 8.6401
10.3368 -2.8088 5.8975
8.5900 -3.1513 4.2098
8.2298 -2.0930 4.7994
12.2515 -2.8647 6.8927
8.2285 -2.5777 4.8338
6.6776 -2.9531 3.4982
1.8556 -1.0612 4.4626
4.9416 -2.1414 4.1041
12.1392 -1.1215 10.2822
10.4252 -2.1555 5.8921
9.0492 -0.8686 8.9988
3.9828 -0.7991 6.2106
9.8111 -0.1314 10.8997
11.0922 -3.4186 5.1255
10.3684 -2.8231 5.8874
10.2464 -3.1868 5.0963
6.8256 -2.5788 4.3253
8.6070 -0.7993 8.8808
13.5359 -2.2502 8.8521
7.8938 -2.4050 4.5307
5.5124 -1.3407 6.0205
10.1717 -0.2280 10.9167
9.8162 -2.5745 5.7433
6.1729 -2.6678 3.7721
3.2815 -1.1210 5.1674
10.0534 -3.1424 5.0728
11.9423 -2.9167 6.6109
9.7905 -3.1045 4.9959
13.7647 0.0753 13.5927
10.3826 -3.3889 4.7743
15.1692 -0.0306 14.1940
10.8692 -3.1694 5.4903
12.2411 -1.3916 9.8058
9.1191 -2.2203 5.3191
7.4924 -3.0946 3.6885
8.5623 -2.2452 4.9804
8.1113 -1.9728 4.9833
9.8280 -2.9290 5.3655
12.6180 -0.9998 10.8000
10.9112 -2.3574 6.2311
9.9283 -3.2595 4.7684
11.0812 -3.0331 5.8830
9.7761 -0.9996 9.1589
7.7779 -3.3378 3.3714
7.7870 -3.1779 3.6934
10.1130 -2.4410 5.8241
12.4589 -3.0544 6.6364
9.0163 -3.2594 4.2419
9.1168 -2.9412 4.9305
10.4552 -3.2037 5.1833
10.5682 -2.8910 5.8683
8.1796 -3.1236 4.0279
8.1423 -2.8229 4.6022
12.0422 -3.1048 6.2959
10.0888 -3.1331 5.1116
8.1115 -3.1779 3.8808
1.1974 -0.9992 4.2053
7.9251 -1.0500 6.7122
6.3843 -2.8506 3.5320
8.4740 -2.5299 4.9394
0.4537 -0.4929 4.7792
11.1573 -3.1516 5.6921
12.2942 -2.0227 8.5858
10.2659 -2.4847 5.9420
12.4336 -2.6683 7.3869
8.1213 -3.0644 4.1115
8.3381 -2.7489 4.8618
10.2676 -3.4185 4.6493
6.6697 -2.9162 3.5667
11.7018 -3.1783 5.9537
9.9650 -3.2120 4.8838
5.1388 -0.7991 6.8781
8.1624 -1.6599 5.8517
8.7699 -3.2281 4.1616
9.6947 0.7382 4.2367
7.3275 -1.9513 5.0215
10.7261 -2.9414 5.8596
8.1698 -1.3558 6.2103
7.2520 -2.2104 4.2140
3.6176 -1.8547 3.9078
8.7717 -2.6848 5.2393
3.2893 -0.7990 5.8101
9.6945 -3.2362 4.6796
13.4099 -2.3006 8.6795
9.3820 -3.3888 4.1966
10.7794 -2.9771 5.8197
0.2753 -0.6520 4.3608
9.0922 -3.3379 4.1302
9.8292 -2.8644 5.4941
7.0266 -2.9768 3.6529
8.5582 -2.2336 4.9466
3.2246 -1.6207 4.1445
12.8572 -2.5216 7.9223
9.0480 -1.8666 5.8031
6.2667 -2.7332 3.6968
2.8847 -0.7990 5.5765
11.0546 -1.8255 7.3094
10.3894 -2.8778 5.7911
10.9308 -2.0654 6.5830
10.8105 -3.1868 5.4220
8.4158 -0.4085 9.5447
11.9847 -1.4919 6.5420
2.2814 -0.3199 6.1774
12.9785 -0.2281 12.5375
14.4068 -1.1217 11.5916
9.8063 -3.3245 4.5692
10.5685 -3.0542 5.5449
9.6445 -3.0645 4.9909
12.0799 -3.1869 6.1549
10.0102 -3.3107 4.7143
8.2681 -1.9124 5.3952
8.3900 -2.9652 4.4633
11.6155 -2.8779 6.4990
10.1419 -1.7800 6.7490
4.4328 -1.8184 4.4503
10.1882 -3.4009 4.6383
11.8015 -1.5781 9.1824
11.5962 -3.1425 5.9636
9.8881 -2.9770 5.3050
10.4431 -2.7335 6.1081
8.3276 -2.3557 4.7358
10.9544 -1.9798 7.0747
5.6210 -2.3243 4.1341
9.5849 -3.1331 4.8207
12.5229 -2.2501 8.2672
11.6925 -3.0749 6.1531
12.9428 -0.7995 11.3844
12.1862 -3.3178 5.9569
9.9257 -3.3176 4.6518
9.7287 -3.1515 4.8673
9.8248 -2.8230 5.5736
11.6003 -3.3314 5.5915
10.9742 -0.3203 11.1972
10.2049 -3.1515 5.1422
7.2942 -3.0434 3.6754
11.8241 -3.3891 5.6066
7.3588 -2.4072 4.2272
10.4265 -3.0330 5.5050
6.8399 -2.7332 4.0277
8.0096 -1.8880 5.4760
11.9932 -3.2895 5.9016
8.8512 -0.3482 4.7131
6.5157 -2.2497 4.7987
8.3091 -1.7823 5.7042
11.6154 -3.2673 5.7274
11.4975 -0.7994 10.5498
11.9344 -0.4087 11.5765
14.4294 -1.3412 11.1694
10.5996 -2.9166 5.8357
8.2294 -1.8613 5.4763
10.6980 -3.3641 5.0057
6.9504 -2.7792 4.0004
4.3584 -1.2346 5.5644
8.1574 -1.9531 5.0635
11.7066 -3.1695 5.9738
7.5269 -0.9352 7.9876
8.8087 -3.4067 3.8301
8.7474 -2.2484 5.0133
7.4834 -3.2280 3.4188
5.4183 -0.3201 7.9889
9.8609 0.7798 4.2405
8.1196 -3.2963 3.6509
15.2978 -0.4935 13.3509
12.0654 -3.4187 5.6873
11.1504 -2.4882 6.4605
10.0645 -3.4127 4.5436
9.2341 -3.0541 4.7745
7.2215 -2.2516 4.2239
9.6977 -0.9353 9.2411
6.3448 -2.8368 3.5365
10.1529 -3.3313 4.7559
10.7147 -2.8779 5.9789
9.9718 0.7960 4.1664
10.6397 -3.1515 5.3932
8.5359 -1.3644 6.5386
13.7579 -2.0228 9.4309
11.7850 -3.4186 5.5254
11.1735 -3.3177 5.3722
12.3965 -1.6631 9.3575
9.4064 -3.2671 4.4520
9.6736 0.7788 4.2087
8.0953 -3.3638 3.5030
9.1908 -0.1869 5.2307
9.2537 -3.3036 4.2915
10.9627 -2.3523 6.3228
9.9129 -3.2201 4.8375
11.4070 -2.0364 6.9943
11.9574 -1.6978 6.5899
5.8930 -1.8185 5.2935
8.8509 -1.8579 5.6497
6.1950 -2.4383 4.2397
9.3570 -1.3754 7.1610
9.4273 -1.6132 6.5422
13.0684 -1.2351 10.5938
1.8982 -0.6521 5.2979
9.5010 -3.0111 5.0140
9.4473 -1.9416 5.8988
7.6185 -2.9036 4.1397
12.0538 -2.7336 7.0381
11.8984 -2.9887 6.4428
12.7112 -0.2281 12.3831
12.1099 -3.3578 5.8335
11.1192 -3.3177 5.3409
8.7110 -3.0328 4.5145
11.9007 -3.0223 6.3777
10.8799 -2.7335 6.3603
11.9449 -2.9887 6.4697
10.0950 -2.1510 5.6892
10.9755 -3.3577 5.1786
3.3112 -1.1788 5.0702
6.5450 -0.6233 5.5440
8.4336 -0.7993 8.7806
9.5221 0.7197 4.4562
10.9924 -3.2821 5.3383
8.4791 -3.3175 3.8166
7.9037 -2.1655 4.7359
5.2959 -1.5332 5.5141
10.2952 -2.8910 5.7107
2.3717 -0.7270 5.4229
11.8798 -2.1973 8.0004
10.0063 -2.7335 5.8559
3.4914 -0.7270 6.0695
11.7003 -3.3705 5.5718
11.4601 -3.3246 5.5240
9.1638 0.0681 4.7060
9.8883 -3.4184 4.4303
8.7438 -2.7490 5.0961
-0.7246 -0.3198 4.4416
12.1119 -3.3382 5.8736
13.4760 -1.2351 10.8291
11.0129 -3.0949 5.7211
5.4972 -2.2751 4.1602
8.1222 -3.0540 4.1326
7.3224 -3.1421 3.4961
10.3094 -1.8569 6.6559
9.7087 -3.3176 4.5265
9.1276 -3.3888 4.0497
9.6266 -3.3245 4.4655
11.1000 -3.0850 5.7910
10.4016 -2.0499 6.3400
10.0594 -2.4418 5.7950
11.8713 -3.0331 6.3392
12.3612 -2.4388 7.8000
2.4308 -0.1311 6.6378
11.3659 -2.9771 6.1582
11.3955 -2.9535 6.2222
14.8248 -0.6527 12.7623
8.8100 -3.3827 3.8785
8.7505 -3.0435 4.5162
7.3850 -3.1421 3.5322
13.0524 -2.4811 8.1153
9.8691 -3.2965 4.6609
7.6625 -2.9883 3.9972
11.7744 -3.3381 5.6787
8.0906 -3.4183 3.3925
8.9822 -3.0645 4.6086
8.2439 -2.0676 5.2819
11.1673 -2.0688 6.8481
11.8522 -0.4934 11.3613
9.3789 -3.2745 4.4213
7.8041 -1.5841 5.6969
8.9344 -3.2670 4.1795
2.2028 -0.5741 5.6283
9.5009 -3.1514 4.7358
11.7820 -2.9887 6.3756
12.8647 -1.2351 10.4761
10.8765 -3.4069 5.0239
11.8851 -0.8687 10.6364
7.2603 -1.8832 5.0209
6.0596 -2.6678 3.7067
16.4004 0.1862 15.3347
6.2956 -1.3058 5.8388
8.0258 -3.3702 3.4504
8.2807 -3.2360 3.8634
8.7380 -2.8777 4.8376
5.7142 -1.7033 5.4184
9.3882 -3.0329 4.9055
9.5639 0.7330 4.4150
12.6382 -0.4087 11.9829
8.8856 -2.1811 5.3497
6.3499 -2.1128 4.9741
9.6169 -3.3312 4.4464
8.9136 -0.7273 9.2005
8.7010 -3.2118 4.1541
8.8559 -2.6848 5.2879
11.3001 -3.3829 5.3161
9.5430 -2.7014 5.6520
8.6878 -1.7234 6.0399
9.0722 -2.8644 5.0570
9.6716 -3.0221 5.0907
4.2565 -1.2346 5.5055
11.2576 -2.4870 6.5197
8.0330 -3.0644 4.0605
4.9795 -2.2750 3.8612
15.2508 -0.2282 13.8497
3.6537 -0.3200 6.9699
11.8488 -3.0331 6.3262
9.5481 -2.2555 5.5776
8.8795 -2.9769 4.7227
11.1230 -3.2821 5.4136
8.1308 -3.3575 3.5362
8.5400 -1.9889 5.4238
7.8498 -2.7333 4.6108
6.7846 -2.6507 4.1592
10.4733 -2.9039 5.7879
11.9248 -3.2822 5.8765
3.1434 -1.0612 5.2062
8.5390 -3.1236 4.2354
8.9638 -1.8759 5.7967
8.9548 -2.0355 5.5757
10.0937 -1.8541 6.3498
9.7890 -3.3889 4.4316
10.5867 -3.3447 4.9799
6.4966 -0.2278 8.7945
13.2480 -2.5016 8.1877
8.5545 -2.7490 4.9868
9.9828 -1.5788 6.9127
8.8074 -3.2594 4.1212
9.2595 0.0649 4.8204
12.0825 -2.4810 7.5553
12.1604 -2.8511 6.8669
7.0278 -1.2071 6.3520
10.0386 -3.3640 4.6250
11.6941 -3.1144 6.0758
11.1838 -3.3641 5.2862
5.4850 -2.1695 4.3624
8.0278 -0.9352 8.2768
8.3783 -2.9164 4.5532
8.9680 -3.0848 4.5601
9.7990 -3.0645 5.0801
10.7063 -3.0748 5.5837
8.1170 -3.1140 4.0106
5.4507 -1.9579 4.7618
8.5950 -0.4932 9.4804
10.2660 -1.6115 7.3304
11.3360 -1.6631 8.7451
10.3521 -2.2368 5.8304
11.9564 -3.1047 6.2464
10.8918 -3.1953 5.4521
7.2619 -2.8776 3.9853
6.0718 -1.8901 5.2548
8.6973 -2.9652 4.6407
5.2556 -2.2751 4.0206
10.7524 -2.7943 6.1662
11.5579 -2.9654 6.2923
7.9633 -2.4402 4.5817
7.2494 -2.9532 3.8283
12.5046 -2.5793 7.6043
8.6830 -0.0526 4.8824
9.4481 -3.3511 4.3096
16.2537 0.1862 15.2500
6.1002 -2.1695 4.7175
9.4462 -0.8686 9.2281
6.0325 -1.7812 5.4480
10.5096 -3.4069 4.8121
8.0365 -2.9164 4.3559
10.4262 -3.4069 4.7640
8.8563 -3.3445 3.9808
8.8051 -3.2036 4.2306
7.5029 -3.2280 3.4301
10.8973 -3.2596 5.3278
15.0976 -0.9356 12.3592
10.0483 -2.8509 5.6474
8.9605 -2.3515 5.0907
10.9882 -2.0577 6.7059
11.6486 -3.0749 6.1278
1.5822 0.1867 6.7776
8.2436 -3.2281 3.8577
12.9232 -2.6338 7.7381
10.8820 -3.2966 5.2457
13.0384 -2.0537 8.9541
10.0329 -2.4417 5.7795
10.1947 -3.0221 5.3927
6.9030 -2.9996 3.5362
7.1404 -2.9288 3.8137
9.0036 -3.2964 4.1612
12.0348 -3.1144 6.2725
9.5365 -1.7007 6.3917
7.3966 -2.6847 4.4454
7.8690 -3.3574 3.3851
13.4199 -1.8906 9.4977
10.2209 -1.8072 6.7336
8.1015 -3.0328 4.1627
9.6228 -3.2746 4.5621
10.7217 -2.9166 5.9062
8.0276 -2.2371 4.8269
7.5076 -2.9411 4.0014
3.0740 -1.6625 3.9746
6.0055 -0.9994 6.9817
8.7150 -3.3445 3.8993
7.2633 -0.7272 8.2475
8.3295 -2.9164 4.5250
9.7210 -2.1838 5.6516
8.5010 -0.7273 8.9623
7.9733 -2.3094 4.7284
7.6804 -3.2360 3.5168
9.6080 0.7414 4.3990
9.5183 -2.3112 5.3875
8.9698 -2.7794 5.1663
10.1966 -1.5000 7.4846
2.8751 -1.0612 5.0513
9.2866 0.7117 4.5614
7.6067 -2.1151 4.8337
8.7600 -3.2440 4.1245
9.3861 -2.2637 5.2664
9.0389 -2.0765 5.4179
7.4347 -2.1123 4.7247
7.1565 0.1865 9.9966
12.0492 -1.3899 6.4340
12.7949 -2.0228 8.8749
10.4287 -3.1424 5.2895
10.8187 -2.6682 6.4545
9.9900 -3.0221 5.2745
8.2642 -3.1236 4.0767
15.5553 0.0752 14.6267
-0.4712 0.1867 5.5918
7.4410 -2.1548 4.7539
8.1000 -3.3105 3.6115
13.8704 -0.8688 11.7827
6.6577 -0.1519 5.3466
8.6500 -1.7035 5.8974
5.6964 -2.3000 4.2258
1.0173 -0.4929 5.1046
9.0148 -2.7013 5.3470
9.4449 -3.2819 4.4448
6.5335 -0.6695 5.5506
12.6959 -2.9415 6.9969
10.6426 -2.0135 6.7325
12.2425 -3.1426 6.3367
4.0914 -0.2277 7.4055
8.5868 -3.2440 4.0245
9.3320 0.0617 4.8537
6.4433 -2.1415 4.9711
12.0379 -1.9910 8.5007
9.6194 -3.3889 4.3337
12.1139 -3.0113 6.5226
8.9173 -2.9533 4.7913
12.4323 -2.6337 7.4547
14.4121 -0.5747 12.6785
10.8386 -3.3767 5.0620
8.5325 -3.2361 4.0087
9.3980 -2.3042 5.3005
8.9970 -3.1045 4.5378
9.0598 -1.5659 6.2798
10.0346 -2.6849 5.9685
10.0050 -1.5220 7.1610
11.6953 -3.2597 5.7886
6.8520 -2.8642 3.7751
10.8842 -2.3982 6.2407
9.4937 -1.9661 5.8852
8.9030 -2.9769 4.7362
9.0263 -3.3703 4.0280
9.4979 -1.6392 6.4812
7.8134 -3.3378 3.3919
10.2619 -3.1424 5.1932
9.8046 -1.5370 6.8066
10.7639 -2.2330 6.3946
3.2066 -1.6625 4.0511
8.3724 -3.0328 4.3190
7.9748 -3.4007 3.3603
8.9040 0.0480 4.6398
10.3098 -3.2283 5.0507
9.4181 0.6885 4.4415
9.4709 -3.1952 4.6317
9.2988 -3.2440 4.4355
11.5272 -2.9167 6.3713
7.4432 -1.6319 3.9375
11.4854 -2.0227 8.1188
10.2942 -1.9094 6.5512
10.3248 -2.0223 6.0867
8.2944 -2.1544 4.9278
9.8903 -3.2595 4.7464
6.6929 -2.8228 3.7653
10.9646 -2.8645 6.1496
9.8420 -3.2282 4.7806
5.8755 -2.4383 4.0552
8.3504 -3.3243 3.7287
9.8523 -3.2595 4.7245
8.8262 -1.7123 6.0526
11.8133 -2.4117 6.8088
3.2288 -1.1210 5.1370
12.3158 -2.0537 8.5369
4.5964 -1.4873 5.2011
12.3789 -3.1517 6.3974
11.6219 -3.3246 5.6174
9.5233 -1.2277 7.1083
4.9654 -0.7991 6.7780
4.2152 -1.9244 4.1148
9.9436 -2.6198 5.8461
10.6313 -0.1315 11.3733
10.3762 -3.4069 4.7351
2.7231 -0.4083 6.2574
8.9745 -3.0436 4.6455
11.6459 -2.8646 6.5430
14.8195 -0.0306 13.9920
11.6075 -3.3178 5.6228
11.2149 -3.2894 5.4522
9.9525 -3.0330 5.2313
9.6965 -1.0509 7.8181
6.0526 -2.5788 3.8790
7.3754 -2.2361 4.2705
2.0161 -1.1787 4.3224
10.7954 -3.0849 5.6152
9.8160 -1.8187 6.1904
12.5043 -2.6851 7.3945
10.2771 -1.7410 6.8270
1.7475 -0.1311 6.2432
10.2050 -1.8672 6.4734
5.7032 -0.8684 7.0667
5.6702 -2.0223 4.7611
9.1641 -1.6885 6.1036
13.0717 -2.5216 8.0462
11.1375 -3.1425 5.6987
8.1489 -3.0109 4.2333
8.3446 -3.0540 4.2610
9.3560 -3.1514 4.6521
7.7887 -3.0540 3.9400
10.5165 -2.1550 6.2120
11.2324 -2.9291 6.1763
8.1994 -3.2594 3.7702
8.8283 -0.5744 9.4541
5.9219 -1.8548 5.2382
8.8591 -1.5500 6.3697
9.9484 -3.4127 4.4765
9.3507 -3.3445 4.2663
12.6236 -2.5793 7.6730
8.6759 -1.8383 5.8057
8.2219 -3.1236 4.0523
10.7357 -0.6525 10.4011
7.4527 -2.6847 4.4778
11.1743 -2.2502 6.4188
10.7846 -3.1515 5.4769
10.8365 -1.9790 6.7103
7.6015 -2.3643 4.3375
12.1040 -2.6512 7.2305
12.5959 -0.7995 11.1841
9.5605 -3.2036 4.6668
11.7738 -3.1239 6.1030
11.1222 -1.4877 8.9692
6.6320 -2.9287 3.5202
10.0528 -2.1988 5.6349
8.1047 -2.9884 4.2525
9.8334 -2.9038 5.4185
11.3833 -3.0000 6.1230
10.1358 -2.9165 5.5679
7.7010 -1.4961 6.0061
9.4359 -3.2892 4.4251
2.0213 -0.0301 6.6015
11.7685 -3.4186 5.5159
8.8445 0.0022 4.6242
8.5209 -1.2366 6.7254
11.3658 -3.3381 5.4429
12.1638 -3.1607 6.2554
11.5930 -2.4540 6.6385
10.8171 -1.2400 8.1224
2.1631 -1.3405 4.0866
11.1934 -2.8510 6.3086
9.5855 -3.3889 4.3141
9.9307 -3.3949 4.5014
15.2212 -0.7276 12.8428
11.8967 -3.2443 5.9355
11.0654 -0.6235 8.1545
11.3642 -3.3951 5.3290
11.9283 -2.5411 7.3471
9.7225 -0.4933 10.1314
11.8962 -0.5746 11.2257
9.5887 -2.8778 5.3288
7.3629 -1.7638 3.9793
8.5416 -3.3378 3.8123
12.8037 -1.0618 10.7844
9.2793 -3.1867 4.5379
7.4219 -2.2285 4.5478
12.3400 -0.1315 12.3600
7.7741 -2.7793 4.4760
7.3985 -1.9986 4.9463
8.0097 -3.2200 3.7387
9.8150 -1.3919 7.0573
5.6013 -0.4084 7.9194
7.8107 -2.8643 4.3287
11.7196 -2.2501 7.8033
9.5431 0.7145 4.3276
10.4931 -2.7176 6.1685
6.4987 -2.7488 3.7998
11.0428 -3.4186 5.0969
8.3418 -3.4067 3.5605
10.3815 -3.3245 4.9013
8.2775 -3.1603 4.0116
9.1633 -3.3379 4.1712
11.8992 -1.8748 6.6920
8.1031 -3.0109 4.2069
5.5318 -2.2751 4.1801
10.8783 -3.2596 5.3169
5.8700 -1.6208 5.6720
9.9692 -3.3640 4.5849
12.0909 -3.1239 6.2861
11.1666 -1.5336 8.9039
8.0439 -1.8586 5.3566
9.0334 -3.3244 4.1230
9.6778 -3.3949 4.3554
5.5612 -0.2278 8.2543
9.3346 0.0859 4.8508
7.9611 -2.8229 4.4976
3.1824 -0.1312 7.0718
7.9579 -2.6847 4.7694
8.8665 -3.3312 4.0132
7.7805 -2.9997 4.0428
11.3467 -3.2821 5.5428
8.6402 -3.1330 4.2752
9.8987 -3.4127 4.4478
11.0447 -3.3705 5.1933
8.9246 -2.9412 4.8195
10.8048 -3.2747 5.2446
11.4147 -3.3951 5.3582
3.4067 -1.7032 4.0861
10.5206 -2.7176 6.1844
7.6264 -2.5340 4.4593
11.4237 -3.2203 5.7098
12.7942 -1.6632 9.5871
14.0873 -1.2352 11.1821
9.0923 -3.2595 4.2857
1.8313 -0.4929 5.5747
11.1564 -3.3108 5.3761
13.9825 -0.5747 12.4304
8.7503 -3.3175 3.9732
9.3096 -3.2518 4.4264
8.0520 -1.4897 6.1457
9.7821 -3.3828 4.4397
11.3371 -3.0000 6.0963
9.7785 -3.1605 4.8782
11.0290 -3.3108 5.3025
11.9936 -3.3705 5.7412
6.5322 0.0755 9.4161
10.8926 -3.4010 5.0449
9.7804 0.7653 4.2756
9.4192 -3.1693 4.6532
8.5931 -1.5438 6.1645
10.5071 -3.3641 4.8955
13.2604 -0.9355 11.2983
12.2814 -3.1869 6.2712
10.0288 -2.9770 5.3863
8.4443 -3.4008 3.6314
9.4066 -1.6342 6.3945
8.0354 -2.9651 4.2586
9.8970 -3.3949 4.4820
14.2030 -0.9999 11.7152
9.2614 -3.2964 4.3101
9.7981 -1.7949 6.2385
8.9815 -1.0980 7.1849
7.3660 -2.2173 4.2989
10.4234 -1.9183 6.8310
12.4919 -2.9772 6.8083
9.6754 -1.8125 6.2549
10.5511 -2.2808 5.9820
11.8624 -2.1301 6.8212
9.2051 -1.8302 5.8923
12.6043 -3.0439 6.7412
13.8078 -1.6213 10.2553
8.4714 -3.2439 3.9578
11.5611 -3.2203 5.7891
8.0981 -0.3202 9.5363
10.0701 -0.8686 9.5883
10.6439 -3.3577 4.9871
5.9658 -2.0532 4.8705
7.4058 -3.1421 3.5442
10.9606 -2.1070 6.5200
8.4868 -2.1745 5.0035
9.4674 -3.0436 4.9301
10.8574 -2.4021 6.2344
10.1982 -2.5743 5.9633
10.7296 -1.8551 6.8896
8.1107 -3.1866 3.8633
11.7681 -2.6337 7.0712
8.6914 -0.6524 9.2206
12.4817 -3.0950 6.5691
9.8817 0.7815 4.2178
13.5708 -2.0538 9.2615
12.0431 -3.0750 6.3555
10.1949 -1.7150 6.8582
8.7213 -3.4125 3.7680
10.3462 -1.3681 7.6319
9.5477 -1.4979 6.6779
5.9929 -2.5210 3.9591
10.5786 -3.4127 4.8404
10.4904 -3.0222 5.5634
11.1416 -3.2821 5.4244
6.3820 -2.6154 3.9966
7.9369 -2.8643 4.4015
9.5718 -1.1435 7.3917
8.2944 -3.2594 3.8250
9.5094 -3.3703 4.3069
3.5727 -1.0613 5.4541
12.7032 -2.3719 8.1299
3.8948 -1.9243 3.9298
3.8325 -1.7811 4.1776
7.7682 -3.0644 3.9076
10.2563 -3.2037 5.0685
9.9555 -3.1237 5.0532
9.2001 0.6995 4.6401
10.2232 -1.6806 6.9086
13.3188 0.1863 13.5551
4.5621 -1.2346 5.6820
4.1547 -1.2346 5.4467
13.7302 -1.7434 9.9687
8.0284 -0.8685 8.4093
1.8502 -0.9349 4.7097
6.2899 -2.8085 3.5609
9.9652 -1.5468 6.9807
11.5676 -1.8189 8.5700
12.9440 -2.3249 8.3623
8.4626 -2.4431 4.8766
5.0752 -1.0613 6.3217
5.3475 -1.4873 5.6348
1.4505 -0.8682 4.6110
8.5784 -3.4008 3.7088
12.8077 -2.6338 7.6714
8.1924 -2.8369 4.6033
10.3195 -3.3107 4.8929
14.3104 -1.5338 10.7192
11.6655 -2.7492 6.7830
8.6337 -0.0534 4.8513
7.3976 -1.1457 6.2198
2.1649 0.0757 6.8941
7.2605 -3.0643 3.6145
9.1929 -2.7643 5.3250
11.5910 -2.2983 6.6266
9.6359 -2.0182 5.9060
9.1716 -3.2361 4.3777
9.4386 -2.8778 5.2421
12.1546 -2.6159 7.3296
11.9836 -1.5781 9.2875
13.0762 -0.8688 11.3242
10.8371 -2.8510 6.1029
9.4533 -3.2595 4.4941
8.1682 -2.8229 4.6171
8.8561 -3.0541 4.5563
15.1183 -0.8689 12.5034
11.1818 -2.7177 6.5661
0.2289 -0.4082 4.8171
7.0312 -0.2278 9.1031
7.3625 -2.0276 4.8946
6.2787 -0.9994 7.1395
10.0115 -3.1693 4.9951
9.1676 0.0912 4.7025
9.7235 -1.7880 6.5511
8.6154 -3.3948 3.7420
6.3841 -2.0532 5.1119
9.1287 -2.9885 4.8437
4.2166 -1.0613 5.8259
11.9650 -2.8373 6.7814
11.7902 -3.3891 5.5870
7.9636 -2.9288 4.2890
9.6013 -3.4009 4.2994
5.9012 -2.0223 4.8945
11.2372 -3.3577 5.3297
6.8015 -2.8642 3.7460
10.1930 -2.0726 5.8691
12.6238 -2.9415 6.9553
7.9378 -3.3378 3.4637
8.0748 -1.2329 6.3872
8.6575 -2.8908 4.7651
9.3356 -2.9652 5.0093
10.3891 -2.5744 6.0736
10.6762 -1.5786 7.6575
13.3592 -1.6213 9.9964
8.9485 0.2581 4.6667
8.5215 -2.8508 4.7660
9.0758 -3.3175 4.1611
6.9476 -2.6846 4.1862
10.1201 -1.9023 6.1286
7.4612 -0.8685 8.0819
-0.6025 -0.4082 4.3370
13.4440 -2.3006 8.6992
12.1893 -2.5604 7.4596
13.2650 -2.2757 8.6452
8.9101 -2.9652 4.7636
12.9815 -2.6852 7.6700
11.9236 -2.6683 7.0924
4.3515 -1.4399 5.1535
9.1848 -3.3511 4.1575
10.3838 -3.2202 5.1094
11.3075 -2.9166 6.2445
11.7713 -3.2597 5.8324
11.4136 -2.6682 6.7980
10.6621 -0.4933 10.6740
8.6323 -3.3948 3.7518
12.4202 -2.9536 6.8138
8.2239 -0.4085 9.4339
10.9097 -2.4415 6.2852
11.1720 -3.1954 5.6138
14.6265 -1.3413 11.2832
13.0007 -0.5746 11.8635
11.9408 -3.3513 5.7488
11.3615 -3.3513 5.4143
8.6131 -3.3035 3.9216
2.5485 -0.7270 5.5250
7.2629 -2.2334 4.2845
0.7806 -0.7269 4.5042
7.2610 -2.0585 4.5577
4.2760 -1.8547 4.2879
8.7808 -3.1780 4.2673
6.3513 -2.7641 3.6843
7.1139 -1.6505 5.4781
10.1540 -2.3566 5.7920
9.2786 -3.0541 4.8002
8.2701 -3.1951 3.9384
10.9399 -0.9500 8.3745
12.2700 -2.9040 6.8253
13.2970 -0.1316 12.9126
8.2598 -3.4008 3.5249
11.5019 -3.3890 5.4205
7.2548 -3.0945 3.5513
11.0896 -3.2283 5.5009
10.4773 -1.6286 7.2590
5.1763 -1.1789 6.1471
10.5363 -3.2596 5.1194
7.2764 -3.0945 3.5638
7.9041 -0.4085 9.2492
5.2565 -1.9244 4.7160
9.0132 -0.3202 10.0647
8.3910 -3.1236 4.1500
10.2924 -2.9886 5.5156
10.0260 -3.4068 4.5329
11.0920 -3.1954 5.5676
10.6373 -0.8687 9.9158
10.7068 -3.3313 5.0757
2.7541 -1.3405 4.4279
10.9391 -3.3314 5.2098
9.2692 -3.0645 4.7742
7.2725 -2.0722 4.6125
9.4807 0.7036 4.4393
10.0676 -2.3988 5.7706
8.4979 -1.7869 5.8381
8.5143 -3.1330 4.2025
9.5585 -2.4378 5.4968
5.2848 -1.1212 6.3242
10.1686 -3.4185 4.5922
7.7896 -2.1004 5.0099
6.9206 -2.8907 3.7623
7.6326 -2.3731 4.3766
11.3746 -1.3411 9.4055
12.6248 -2.7646 7.3065
11.8953 -2.6683 7.0761
8.2889 -2.2337 4.9680
8.2235 -3.1141 4.0721
2.9632 -0.9350 5.3523
8.8542 -0.0712 4.6475
7.8066 -3.2963 3.4701
10.7901 -1.9089 7.0002
11.2660 -3.3829 5.2964
10.2984 -2.7795 5.9335
13.1894 -2.3487 8.4568
9.2022 -3.4126 4.0457
10.5372 -2.1078 6.2785
8.5841 -3.3244 3.8636
4.7842 -1.4873 5.3095
11.6561 -3.3578 5.5715
8.6276 -1.8845 5.4812
8.4177 -3.3826 3.6520
4.2840 -2.0222 3.9607
12.2754 -3.1517 6.3376
7.5642 -3.2360 3.4497
10.8948 -1.1518 8.4535
2.5201 -0.4930 5.9724
10.9603 -2.6682 6.5363
10.6790 -2.8231 6.0668
8.7089 -0.8686 8.8023
9.7280 -3.2119 4.7470
12.8302 -2.6683 7.6159
7.2311 -2.9163 3.8908
9.0479 -3.4008 3.9799
5.2352 -1.7033 5.1419
4.6311 -1.7428 4.7148
