ply
format ascii 1.0
element vertex 10000
property float x
property float y
property float z
end_header
1.2979 -2.9159 3.9470
3.5497 -1.7078 5.8661
-4.8870 -0.9213 4.3494
2.1845 -2.8018 4.6865
15.3895 6.1663 30.1828
2.0911 5.0913 20.3603
-1.3409 -2.0198 4.2085
5.9535 -2.9462 6.5755
-2.5968 4.2142 15.9051
5.7835 -2.9010 6.5674
3.6327 -0.0649 10.9764
7.1013 -1.8151 9.4923
0.3912 -2.7898 3.6746
4.5337 -1.1221 9.3902
-3.9116 4.9017 16.5157
-2.0206 -0.5393 6.7661
5.3486 -2.3538 6.5190
3.5058 -0.8403 9.3581
3.1029 -2.7841 5.2521
8.2081 -1.0251 11.7057
8.0988 -0.0651 13.5554
-2.5302 -0.6346 6.2819
-0.4043 -2.1737 4.4428
2.8727 -2.9604 4.7680
-0.4600 -2.0325 4.6921
-1.1195 -0.6957 6.9749
4.5636 -2.9009 5.8631
11.1618 1.8000 19.0407
5.6448 -2.7415 6.8051
5.3957 -2.7783 6.5878
-1.8278 2.0593 12.0554
-1.1900 -0.1842 7.9534
6.0415 -2.5988 7.3185
6.5607 -2.8021 7.2133
-7.6527 1.9705 8.5144
2.2551 -2.9458 4.4403
-2.0417 3.3534 14.5105
4.9575 -1.7712 7.4397
4.4898 -1.5711 7.5621
0.6365 -1.5309 5.4645
-11.2683 5.2876 13.0359
3.5730 -1.8360 5.5209
7.5059 -1.1457 11.0597
-3.9503 -1.3627 4.0110
5.8714 -1.9824 6.7227
0.2364 -2.6759 3.8122
2.2164 -2.3309 4.6552
2.2266 -1.4691 5.9594
3.2274 -2.7287 5.4345
1.7054 -2.2677 4.5820
3.0247 -2.7901 5.1951
5.8053 -2.9163 6.5494
-0.4286 0.5405 9.8371
-0.5058 -2.2384 4.2554
3.1891 -2.9211 5.0289
5.2137 -1.9247 7.3159
6.2580 -2.4815 7.6773
-0.1646 -2.2694 4.3906
2.7542 -2.0740 5.0623
5.8045 -2.7030 6.9740
3.2293 -2.8691 5.1557
3.1593 -2.0807 5.2409
0.1209 -0.9994 7.0861
6.3396 -2.3099 8.0664
10.7919 1.0671 17.3668
-1.3157 -1.1452 5.9659
-5.5583 -0.3335 5.1330
3.9438 -1.8868 5.7411
2.0295 -2.2525 4.5935
-0.1906 -2.6414 3.6342
6.6337 -2.8748 7.1107
6.5793 -1.5361 9.7466
3.5029 -1.5125 6.1205
4.6731 -2.8020 6.1234
0.8144 -2.9506 3.5988
6.7951 -1.6907 9.5632
0.7689 -0.6958 8.0653
10.4524 6.4104 27.8178
-5.3540 0.9410 7.7905
1.9945 -2.7474 4.6850
9.3387 3.4851 21.3456
3.9698 -1.6190 6.8379
6.4106 -2.7540 7.2224
-2.5213 -1.7381 4.0883
0.6584 -2.6485 4.1105
4.4762 -2.1602 6.0552
-6.0979 -0.4044 4.6801
7.0791 -1.9819 9.1469
-12.2424 4.7194 11.3410
0.4964 -0.7319 5.6003
-15.9156 4.2137 8.2119
-0.0203 -2.7091 3.5979
6.6568 -2.7904 7.2921
9.1880 -0.2607 13.7947
3.2413 -2.2942 5.2149
1.6505 -1.9219 5.1125
-1.7974 -1.6064 4.7688
1.6951 -2.7780 4.4512
5.1726 -2.8639 6.2885
2.2361 -2.8797 4.5610
-0.1498 -2.5217 3.8964
1.3204 -2.7221 4.3462
7.9446 -0.9220 11.7589
-10.5180 2.6478 8.2092
-10.3867 1.9705 6.9354
-2.6366 2.1505 11.7701
0.4770 -2.8471 3.6101
-3.0056 -1.6404 4.0032
5.0168 -0.8269 8.2337
3.7964 -1.7865 5.8714
2.1562 -2.8744 4.5255
1.9282 -2.9555 4.2322
5.5025 -2.9112 6.3847
-19.9869 4.7190 6.8675
3.6951 -2.7782 5.6059
7.0548 -1.2582 10.5750
4.6774 -0.2228 11.2652
4.5559 0.5403 12.7156
-3.9617 -0.4730 5.7772
5.6305 -2.9112 6.4586
7.8693 3.9073 21.3382
2.4373 -2.8417 4.7530
4.5437 -1.8058 6.9525
-6.9070 2.8684 10.7342
3.1626 4.0580 18.9202
6.6171 -0.1454 12.5397
4.0207 -2.5703 5.8520
5.3716 -1.3834 9.3534
1.0988 -0.5717 8.5030
8.8745 0.5402 15.2095
3.2940 -1.1251 6.8865
7.1999 -0.1845 12.7983
1.9726 -1.8248 5.3331
9.4498 2.1506 18.7505
3.8545 -1.9429 5.4672
2.8854 -0.8027 7.1356
6.0733 -2.8531 6.8303
10.0633 0.0183 14.8561
-5.2391 4.2141 14.3789
-9.8233 3.4846 10.2778
-1.9212 -0.9215 6.0620
4.8748 0.4879 12.7953
-0.0630 -1.6236 5.7360
5.3365 -2.6964 6.7169
-0.4168 -2.0449 4.6923
4.8684 -2.8693 6.1021
-15.8529 4.7192 9.2555
12.5149 2.5427 21.3022
0.0627 -2.4211 4.2197
4.7192 -2.8250 6.1041
0.0680 -2.2489 4.5659
0.6046 -2.6827 4.0113
-10.5181 6.4088 15.7032
5.1421 -2.7415 6.5148
5.0882 -2.2727 6.5131
-2.7549 -1.6404 4.1479
1.7092 -1.9816 4.9712
-4.7683 -1.0492 4.1632
5.7212 -1.1222 10.0759
3.8611 -1.9509 5.5362
8.9666 1.0672 16.3127
-2.5775 -0.6956 6.1330
4.7134 -1.7611 7.3360
0.9456 -1.8420 5.0656
5.0101 -2.8693 6.1839
0.7569 -2.7221 4.0209
1.5395 -2.9360 4.0466
5.7712 -2.3356 6.8093
3.8337 -1.8207 5.8155
1.3046 -1.9232 4.0464
4.5176 -2.2207 5.9455
5.0605 -2.1022 6.8305
2.2986 -2.1594 5.0663
7.1203 0.2414 13.6010
6.6487 -2.5536 7.7592
6.7701 -2.1962 8.5414
-6.3442 -0.3335 4.6792
5.3016 -2.7662 6.5576
2.7486 -2.7660 5.0836
-12.9507 3.1030 7.7111
-2.5850 1.4848 10.4734
7.0777 -2.3099 8.4926
3.9173 -2.0185 5.5236
2.4991 -2.9058 4.6608
4.9144 2.3409 16.5105
3.3809 -2.7960 5.3890
4.2151 -2.1850 5.7073
4.5245 -2.9653 5.7122
7.9406 -0.6659 12.2669
7.0305 -2.6765 7.7349
2.5154 -2.2640 4.8722
4.4337 -2.1596 6.0291
-7.5581 2.8684 10.3582
0.7338 -0.8677 7.7025
1.9853 -2.3171 4.5472
-4.4290 3.4847 13.3935
5.5251 -0.8680 10.4691
2.4957 -1.7777 5.5468
-7.6507 0.9410 6.4641
1.8484 -1.5363 5.7421
12.2481 2.5427 21.1481
4.3887 -2.4116 5.9574
1.5268 -1.3098 3.8063
6.8592 1.6383 16.2337
0.9438 -1.5463 5.6153
3.6765 -1.6139 6.1209
1.1702 -1.3586 5.9295
6.3203 2.2444 17.1301
4.5641 1.2684 14.1711
-0.2438 -1.8726 5.1355
1.8486 -1.8169 5.3747
4.3200 -1.4298 7.6933
6.0999 -2.5380 7.4733
-2.3904 -0.4045 6.8211
6.2114 3.4850 19.5393
5.1284 -1.0983 9.7810
4.1969 -2.0543 5.9919
3.2395 -2.3271 5.2362
-0.4700 -2.0072 4.7367
-2.7588 -0.6653 6.0886
-8.6556 1.3389 6.6767
7.5215 -1.8151 9.7349
1.1759 -2.7659 4.1756
-1.4891 2.5426 13.2140
-3.2326 -1.4028 4.3454
7.5228 3.4851 20.2967
7.0980 -1.9012 9.3187
1.4902 -2.3127 4.4079
3.7837 -1.8502 5.8025
3.7900 -2.9008 5.4164
4.5261 -2.1813 6.1092
3.3600 -1.9703 5.2725
6.9268 -0.9742 11.0670
-2.8345 1.5606 10.4804
5.6054 -2.7601 6.7452
5.2742 -2.7352 6.6037
-6.2211 0.6488 6.7076
0.5314 -2.2694 4.7925
5.1038 -1.9728 7.1313
0.2263 -2.1626 4.8291
-4.6496 -0.8674 4.5939
0.4287 -0.8813 5.7182
1.8601 0.4367 10.9521
6.4111 -1.7850 9.1536
3.9446 -1.7453 6.2906
4.3673 -0.4733 10.5868
-8.3334 3.6205 11.4091
-4.6770 -0.1051 6.0970
3.6864 -2.7094 5.7380
-5.8249 0.5406 6.7208
6.8894 2.1506 17.2718
4.9116 -2.9162 6.0334
1.5820 -2.7958 4.3503
6.0955 -2.8800 6.7893
4.2392 -2.9652 5.5474
0.2551 -2.7284 3.7184
-8.3615 5.2878 14.7150
5.7274 -2.3586 6.7798
5.2387 -1.9182 7.3010
-0.5224 3.9070 16.4911
7.1655 -1.2141 10.7268
-3.1331 -0.2602 6.6798
2.0607 -1.1882 6.4319
2.2134 -0.5066 9.2765
-3.2588 -0.6346 5.8611
5.7139 -2.3362 6.8092
7.3311 -1.9820 9.2924
3.6105 -2.8418 5.4304
0.7856 -2.7156 4.0503
0.9890 -2.7221 4.1548
1.2241 -2.1875 4.4917
2.9623 -0.8950 8.9352
2.9721 -2.5524 5.2352
1.6651 -1.1392 6.5018
4.6759 -2.9162 5.8973
2.3474 -2.9211 4.5429
-0.2065 -1.8583 5.1855
2.0160 -2.7780 4.6365
0.3406 -2.7597 3.7055
7.0733 2.3410 17.7574
5.1722 -2.9558 6.1052
3.1743 3.7615 18.3362
2.6181 -1.8362 5.4812
-14.6079 3.2260 6.9991
2.1528 -2.8018 4.6683
3.8192 -2.7722 5.6896
6.9700 -2.4216 8.2078
-7.1222 1.9705 8.8208
9.6616 0.3369 15.2590
4.3446 -1.4350 7.7690
9.6284 2.7567 20.0615
4.7307 -2.7662 6.2280
-11.3367 4.9013 12.2267
-1.5830 4.7199 17.4983
6.2021 -2.8853 6.8403
-3.6884 0.7046 8.2815
-4.5483 3.7613 13.8756
-0.5307 3.7614 16.1961
4.1251 -1.2220 7.9913
5.1170 -2.4489 6.4077
7.0676 -2.5915 7.9256
2.2026 -2.9058 4.4896
7.4477 -1.6070 10.1070
-1.4897 -0.6034 6.9450
3.7432 -2.1607 5.4322
3.8530 -1.6470 6.4317
5.1643 -1.6722 7.7841
2.3914 1.4109 13.2002
-10.0843 0.9411 5.0587
1.5194 0.7616 11.4028
3.6985 -2.9556 5.2543
-15.6133 3.6203 7.2042
2.5968 -1.6896 5.7827
1.8421 0.0615 10.1941
-1.3090 -0.4046 7.4455
2.0648 -2.8902 4.4411
5.5622 -2.9363 6.3692
6.0503 -2.9314 6.6609
1.1488 -0.0648 9.5420
4.6535 -2.1175 6.5532
1.7802 -2.8527 4.3515
2.0282 -2.6828 4.8333
0.9122 -1.6336 5.4307
3.2202 -1.4139 6.3059
-0.1445 -2.5909 3.7616
4.8458 -0.4048 10.9996
1.2916 -2.1226 4.2156
4.8531 -2.3451 6.2118
-19.3892 4.3757 6.5287
4.8683 -2.7351 6.3693
1.3721 2.8686 15.5160
2.3674 -2.7349 4.9253
-11.8361 2.8684 7.8873
1.5248 -2.5846 4.4153
3.2715 -0.9997 7.3776
1.5101 -2.7285 4.4430
2.7331 -1.6578 5.7598
-2.9527 -0.7547 5.7985
3.8775 -1.8099 6.0244
2.6215 1.1327 12.7788
3.4656 -2.4294 5.4377
4.0698 -2.8529 5.6735
2.6001 -0.4393 9.6340
0.5197 -2.6894 3.9490
-3.1831 -1.5713 4.0383
6.4732 -2.5765 7.6123
-3.0173 -0.3336 6.6004
-3.8851 0.7046 8.1680
6.8776 -2.4648 8.0684
3.0779 -1.9026 5.3010
3.8938 -2.8192 5.6389
2.0569 -2.5308 4.6868
-2.4200 5.7077 18.9832
-13.9313 4.7193 10.3655
4.5278 1.2684 14.1501
-3.7269 -0.7254 5.4099
-3.2418 -1.1910 4.7621
2.0841 -2.6961 4.8390
3.1530 -2.8903 5.0694
3.2347 -2.1995 5.1490
11.6697 1.7181 19.1709
-6.3605 1.1329 7.5916
4.2481 -1.9224 6.2562
6.9206 -1.0250 10.9622
2.9324 0.8797 12.4542
4.1739 -1.6741 6.9968
0.6729 -0.9479 7.5074
1.9669 -0.9584 6.8528
6.6568 -0.1845 12.4847
3.7861 -1.8530 5.6145
-0.7300 -2.4385 3.7271
6.3208 -1.4034 9.8617
9.3729 1.8000 18.0076
0.2973 -0.8122 7.5611
-5.2566 -0.5391 4.8975
-10.3653 3.2261 9.4496
-8.2768 1.6384 7.4922
4.7161 -2.5882 6.2651
-25.6155 6.4076 6.9815
4.4346 -2.9009 5.7886
6.7070 -2.3948 8.1094
1.1214 -1.8762 5.0960
-0.2521 -1.7845 5.3062
6.0870 -2.7161 7.1111
5.3549 -1.8665 7.4910
2.8142 -0.9480 8.7439
9.1109 1.2684 16.7969
-1.4501 -2.1737 3.8389
2.1697 -1.2424 6.4458
6.0280 -1.2940 6.4503
3.6720 -2.9361 5.2778
5.9763 -1.5033 6.5403
7.3232 -1.0743 11.0964
0.4627 0.2417 9.7564
0.2725 5.0912 19.3098
5.3775 -2.0966 7.0424
-17.6927 3.7609 6.2833
-6.8406 0.5406 6.1342
0.4975 -2.8359 3.6441
6.5540 -1.8588 9.0890
1.5928 -1.2128 6.3045
-0.3196 -2.3191 4.2020
-4.5995 -0.4390 5.4766
3.0611 -2.4636 5.2266
2.1041 -2.7349 4.7733
1.7336 -2.8797 4.2709
2.3613 0.4880 11.3438
5.4366 -2.2469 6.8604
-2.1297 -1.9550 3.8823
7.0043 -2.5614 7.9491
6.4361 -2.7096 7.3256
4.7762 -0.5396 10.6909
0.4630 -0.8831 5.6584
0.7151 -1.6334 5.3156
-3.0574 -1.0493 5.1511
0.7002 -2.5218 4.3872
3.0175 -2.8018 5.1675
7.9642 -0.6038 12.4041
0.9433 -0.6348 8.2876
2.4416 -2.4645 4.8711
3.9459 5.9318 23.1063
4.0576 -1.7102 6.5672
-1.3305 -1.9814 4.2912
7.3252 -2.2700 8.7151
1.2825 -2.9457 3.8787
1.1257 -2.6624 4.3528
7.1441 -2.3390 8.4730
3.6686 -1.8441 5.6590
3.2746 -1.8852 5.3490
4.7568 -2.9313 5.9141
-9.9422 1.4849 6.2245
-1.8121 -0.3336 7.2963
-3.6301 6.1649 19.1953
0.7600 -0.2603 8.9279
0.3755 -0.7256 7.7788
6.2843 0.2415 13.1183
2.7909 -0.5067 9.6099
0.8012 -2.5836 4.3224
3.9004 -2.8135 5.6542
3.2274 -2.3121 5.2515
1.6433 -1.9090 5.1170
0.3076 -2.5376 4.1290
3.6994 -2.7413 5.6818
0.8613 -2.6415 4.2416
5.6446 -2.9010 6.4872
6.4953 -1.1916 10.3846
7.2028 2.3410 17.8322
-0.5233 1.8000 12.2922
2.9899 -1.1218 6.5865
1.8231 -1.8795 5.2220
6.0258 -1.0249 10.4456
-4.8504 0.2418 6.6882
0.6606 -2.5532 4.3018
13.1111 2.7567 22.0730
-20.3234 5.4924 8.2142
-6.5399 0.0618 5.3537
-2.4510 -1.6737 4.2570
1.5500 -2.2462 4.5036
4.4126 -2.1265 5.7879
3.8518 -1.6698 6.2149
5.3483 -2.0481 7.1068
1.0120 1.1998 11.9828
0.7796 -2.5685 4.3400
5.9599 -1.5762 6.5687
4.7808 -2.8193 6.1510
6.6526 -2.3294 8.2083
2.6386 -0.6656 9.2053
-8.2526 0.2419 4.7235
4.7421 -1.6131 7.6174
-7.8822 0.3375 5.1278
10.0321 1.1997 17.1921
5.0493 -0.6975 8.1661
2.2227 -0.3338 9.6262
-2.3979 -1.6737 4.2877
-1.1783 -0.9478 6.4385
8.7601 -0.6659 12.7402
-5.3467 2.9839 11.8656
6.8245 -2.2178 8.5299
1.0681 -1.8132 5.1563
2.5479 -1.0544 6.5532
4.9667 -2.7160 6.4643
6.5943 -2.9413 6.9553
1.4610 -1.5081 5.8970
-0.0743 -1.8584 5.2618
-3.9881 -0.8399 5.0308
8.8720 -1.0744 11.9907
-1.0868 -1.7224 4.9480
-3.1735 2.9840 13.1207
8.2519 -0.6961 12.3864
4.6262 -2.1932 6.2375
0.3071 -1.9815 5.2368
3.7305 -1.5256 6.6012
-0.4134 -2.0934 4.5976
-1.0660 -1.8583 4.6892
-22.2504 6.9319 9.9697
-4.7893 1.0674 8.3685
1.3538 -2.0374 4.9273
6.5182 -2.8365 7.1203
3.0218 0.6486 12.0453
-0.9217 -1.3830 5.7195
-0.4232 -2.2995 4.1813
6.0400 -1.4529 6.4656
10.3928 0.3369 15.6813
2.9034 -2.3116 5.0334
6.8790 -2.5537 7.8922
3.8185 -1.4432 6.9568
4.4709 -2.6897 6.2303
6.7934 -0.6961 11.5442
-11.3133 3.3532 9.1553
-25.8420 6.6634 7.3604
-0.5913 -1.0739 6.5263
-6.5184 6.4091 18.0138
5.8798 1.5606 15.5131
-8.4038 2.2443 8.6262
-1.8084 -1.9144 4.1486
-17.6197 6.4082 11.6006
7.0614 -2.0577 8.9857
7.2134 -2.0077 9.1731
3.1039 -2.0122 5.3477
4.5197 -2.2271 5.9325
-2.8647 4.7198 16.7580
3.5908 -1.0982 8.8932
4.6202 -0.1844 11.3086
2.9932 -2.8745 5.0087
7.8544 -1.7544 10.0482
1.3933 -2.7092 4.4140
3.2906 -1.9014 5.3272
1.2904 -1.2734 6.1785
7.5383 1.8841 17.1157
3.2740 -2.8637 5.1923
5.6606 -2.7289 6.8394
-0.4122 -2.3094 4.1680
4.0444 -1.4882 7.3689
-8.5217 0.3375 4.7585
9.4425 0.8796 16.2138
-3.2210 -0.4390 6.2726
-6.2091 0.1500 5.7207
2.2250 -1.9921 5.2544
13.5901 3.2266 23.2858
3.0546 -2.7413 5.3095
11.2042 1.8841 19.2329
9.9031 -0.0238 14.6797
1.3982 -1.7152 3.9616
-9.7505 1.5607 6.4862
3.6419 -2.7094 5.7123
4.0915 -1.7866 6.4387
3.3674 -2.3122 5.3028
8.1043 -0.8405 12.0134
2.5975 -2.3627 4.8937
-1.8892 -1.9144 4.1019
4.5228 -2.3294 5.9827
5.3370 -2.5817 6.6094
-0.2045 0.7617 10.4073
2.6697 -2.6895 5.1904
6.9569 -2.7602 7.5255
-1.6664 -1.9006 4.2581
2.3991 0.1952 10.7823
1.6167 -0.2974 9.3488
3.9337 -2.9362 5.4289
-15.5709 5.9304 11.8318
0.2150 -2.7839 3.5847
2.2469 -1.6387 5.7558
3.1524 -1.3341 6.2640
3.8680 -2.4290 5.6691
-2.4064 -0.9993 5.6267
4.0175 -1.1686 8.9993
7.3454 -1.9150 9.4340
2.5583 -2.6253 5.0448
6.7611 -2.8021 7.3289
2.4251 -0.6348 9.1433
4.6369 -2.8746 5.9578
-1.9266 -1.9006 4.1079
5.5032 0.4879 13.1582
5.4013 -2.9213 6.3061
5.0565 -2.6831 6.5818
4.3167 -0.4733 10.5576
5.3475 -1.9804 7.2419
3.7339 -1.9930 5.3046
7.8896 -1.2798 11.0140
6.8938 -2.8421 7.3260
10.0829 2.4404 19.6936
-8.8598 0.5942 5.0748
2.3742 -2.7027 4.9934
-4.2130 -0.9213 4.7386
4.7777 -2.7961 6.1955
6.3397 -2.6898 7.3093
4.3448 -2.5886 6.0516
2.5485 -2.9058 4.6894
8.3777 -0.3698 13.1092
-3.5772 -1.0492 4.8510
5.4938 -2.7723 6.6564
3.4415 -2.7094 5.5966
1.7291 -2.8527 4.3220
5.9742 -1.8378 6.6845
6.7129 -2.8080 7.2895
3.7177 -2.0510 5.3342
9.4098 3.9073 22.2280
1.4663 -1.4229 3.9117
3.2254 -2.7158 5.4589
3.8740 -1.8356 5.9587
1.1032 -1.6196 5.5688
5.7562 2.1505 16.6173
5.9504 -1.6907 9.0755
4.7700 -1.8749 7.1175
-5.6543 1.2685 8.2698
0.8734 -0.4732 8.5692
4.6215 -2.1776 6.0842
-3.9020 -0.0646 6.6253
4.3706 -2.7539 6.0446
-0.1074 -1.8583 5.2427
5.9301 -2.6764 7.0996
7.1788 3.9073 20.9393
-4.8662 -0.2601 5.6790
6.2760 -2.8021 7.0488
-0.1106 -2.6893 3.5851
2.9331 -2.1565 5.1188
11.2967 2.1506 19.8172
2.2162 3.1033 16.4712
7.9819 1.7181 17.0411
8.8285 0.6485 15.3987
-4.6156 6.9334 20.1576
2.8553 -1.6369 5.7010
3.4685 -2.6626 5.7055
7.0518 -2.2494 8.5983
5.5384 -1.9687 8.2834
10.5090 5.2889 25.6156
-9.4638 5.4930 14.4874
-2.7291 -0.3336 6.7668
3.7934 -1.2016 7.7961
3.9708 -2.8418 5.6383
6.6852 1.0672 14.9951
3.3654 -2.1693 5.2060
5.3673 -2.0883 7.0570
-5.1757 -0.2971 5.4265
1.2319 0.1052 9.9288
5.2757 2.7566 17.5475
-5.7159 0.2418 6.1884
-7.0473 2.9839 10.8833
-1.1430 -2.2065 3.9509
0.0239 -2.7284 3.5849
7.9712 -1.3634 10.8947
2.1832 -2.8134 4.6627
6.4336 -2.4648 7.8121
-0.4878 -2.3942 3.9552
1.3163 -1.9697 4.9329
-3.2533 -0.0233 7.0822
-9.1683 0.8800 5.4660
5.4859 -2.2654 6.8294
8.0579 -0.8681 11.9317
4.7105 0.1051 11.9376
0.5325 -1.3526 5.7560
2.3300 -2.9109 4.5530
5.7755 -2.9363 6.4923
-1.5352 -1.9813 4.1730
2.2542 -2.6828 4.9638
-1.7646 -1.7844 4.4329
1.8581 -2.1522 4.7486
5.5131 -2.8136 6.5852
7.3547 -1.8873 9.4947
1.7535 -1.9296 5.0779
1.0101 0.3372 10.2630
-3.0772 -1.6404 3.9618
6.6740 -1.6578 9.5589
2.5959 -2.8850 4.7582
3.3914 -2.7960 5.3951
-2.1118 -0.8120 6.1700
6.8941 -0.2606 12.4701
4.9890 -2.7288 6.4516
6.4397 -2.8079 7.1317
-7.0307 0.4882 5.9201
-9.5980 2.9839 9.4101
-1.9335 -1.7381 4.4277
6.9383 -2.0204 8.9889
6.3081 0.8199 14.2847
5.1182 -1.3632 9.2473
0.7157 -2.9359 3.5710
0.5124 -2.9057 3.5138
5.9601 -1.8660 6.6952
3.5842 1.4109 13.8890
3.5663 -2.4468 5.5078
0.8376 -0.9739 7.5509
3.9530 -2.6896 5.9313
-0.3176 -0.7548 7.3201
5.3105 -2.8853 6.3255
1.1483 -2.7536 4.1841
-1.7242 -1.9813 4.0639
-1.6664 -2.1284 3.8042
2.7094 -1.9829 5.4443
5.9524 -0.9742 10.5043
-0.6904 -1.7538 5.1143
3.9180 -2.7414 5.8080
3.4725 -2.8904 5.2538
-0.8040 -1.6573 5.2410
-0.3317 -2.3573 4.1188
5.0678 -2.6831 6.5883
3.2107 -1.1923 6.7298
11.7955 1.4847 18.7785
-9.7444 0.8800 5.1333
4.9510 -2.9213 6.0461
-7.3069 0.3867 5.5582
2.1822 -2.9109 4.4677
5.9509 -2.7415 6.9818
2.8803 -2.6962 5.2987
-9.5627 6.1645 15.7682
3.0093 -0.1054 10.5356
8.5316 3.4851 20.8794
4.1605 -1.7972 6.7684
1.5425 -2.9458 4.0288
6.2006 -0.2605 12.0696
5.5593 -2.3785 6.7013
1.3101 -2.7780 4.2289
-2.2489 -0.9478 5.8203
1.8422 2.6480 15.3480
-0.0099 4.7200 18.4070
-3.5664 1.0034 8.9473
-1.7389 0.1954 8.3927
6.6675 -2.5459 7.7855
6.4269 -2.4563 7.8251
3.5091 -1.1132 7.2853
3.5138 3.9071 18.8224
-2.5496 -0.9737 5.5950
-0.4658 -1.6573 5.4363
6.3100 1.2684 15.1794
9.1070 1.0672 16.3938
6.2246 0.2415 13.0838
6.9937 -1.2582 10.5398
-3.1400 2.1505 11.4793
-3.6265 -0.1052 6.7037
6.4491 -2.7724 7.2081
3.8151 -1.5309 6.6943
-1.0191 -1.4421 5.5456
3.7123 -1.9471 5.5182
-0.5571 -0.9738 6.7455
-0.2234 -2.2384 4.4184
1.7043 -2.9360 4.1418
2.8369 -0.9222 7.0180
1.8864 -2.7598 4.5980
1.5736 -2.3308 4.3744
0.2479 3.1032 15.3343
1.0419 0.4880 10.5819
2.0140 -2.6222 4.7241
-4.3082 -0.5715 5.3808
3.2167 -2.2779 5.1894
-4.8475 2.7565 11.7006
5.8696 -2.9413 6.5369
7.2184 -1.3429 10.5008
6.6150 -0.6658 11.5015
5.8088 -1.9149 8.5468
1.9311 -1.4292 6.0964
2.9383 -0.8123 9.0861
-2.2297 6.9336 21.5359
-1.6314 -1.1452 5.7835
4.4354 -1.9706 6.6151
3.0567 -2.0920 5.1075
1.0035 -2.8017 4.0047
-7.5691 0.8202 6.2706
2.9303 -2.8955 4.9304
-10.5390 1.4110 5.7326
9.3464 0.1950 14.7942
-10.5899 2.9838 8.8372
7.1361 -1.2582 10.6220
0.5510 -2.3192 4.7047
-0.0860 -2.3760 4.2237
3.3853 -2.4471 5.4042
5.3229 1.8841 15.8362
4.5850 -1.8835 6.8344
-7.1097 -0.1050 4.6922
3.3782 -1.5497 6.1065
4.3783 -2.1114 5.7905
4.1619 -2.0068 6.0734
1.2702 -2.9602 3.8428
-20.7116 5.9300 8.8621
-2.0828 -1.7537 4.3103
-6.3406 1.0035 7.3452
5.8874 -2.8747 6.6798
6.7379 -2.6135 7.6915
4.4106 -1.8388 6.9656
2.2372 -1.7819 5.5768
5.9926 -2.0577 8.3685
6.1070 -2.4815 7.5901
1.5327 -2.2193 4.6042
1.6501 -2.3671 4.4168
4.8098 -2.1753 6.4038
1.6371 -2.8527 4.2689
4.4288 -0.3697 10.8289
5.8612 -2.0421 6.7556
5.7582 -1.1456 10.0505
4.3335 -0.8403 9.8360
1.1452 -2.7474 4.1947
7.9293 0.0613 13.7092
1.3654 -2.3477 4.3609
2.3304 -2.0952 4.9235
-0.2095 2.8685 14.6025
7.9242 0.3862 14.3539
0.2728 -2.2592 4.6635
0.9276 -0.1842 9.1763
3.3834 -2.4150 5.3853
3.6687 -2.1011 5.3518
5.7109 -1.8587 8.6022
0.6673 -1.2618 5.9858
0.9555 -1.5856 5.4950
3.0068 -2.8362 5.0929
0.2494 -2.0325 5.1017
3.8892 -1.7022 6.5122
8.4759 -0.8126 12.2837
4.4213 -2.8638 5.8547
5.7800 -1.9555 8.4493
3.6691 -1.9031 5.4226
1.7594 0.5939 11.2073
4.7799 -2.5498 6.3286
1.9951 -2.9360 4.3097
5.7840 -2.2177 7.9291
3.1307 -1.9266 5.3744
1.0108 0.6487 10.8840
-7.9927 2.0593 8.4949
-8.6943 2.7564 9.4789
6.4297 -2.8195 7.1030
4.4804 -2.8584 5.8997
-5.4276 2.0593 9.9764
4.1048 0.2415 11.8596
3.3472 -1.9600 5.3107
-0.9330 -1.8293 4.8238
4.9398 -2.1129 6.7498
-0.3708 2.1505 13.0787
9.5846 0.2887 15.1184
1.2149 -2.8247 4.0808
0.3303 -2.2796 4.6562
7.3587 -0.7841 11.6953
1.2360 -1.9795 5.1258
-1.8071 -1.5714 4.8328
2.8380 -1.7947 5.5454
1.3507 -1.9466 4.1127
0.6323 -0.2359 5.3087
4.6721 -2.7414 6.2435
-3.7014 0.4882 7.8427
3.5498 -2.8077 5.4632
4.3545 -0.2228 11.0787
3.7575 -1.3395 7.4178
7.4880 -1.0250 11.2898
5.0436 -1.0497 9.8289
4.5149 -2.8020 6.0320
6.0776 -2.6764 7.1847
-10.9322 3.4846 9.6372
2.2212 -2.8417 4.6282
2.8042 -1.7446 5.6287
1.1859 -2.6692 4.3739
3.4032 2.3409 15.6377
1.1919 -0.9739 7.7554
-0.1267 -2.4975 3.9580
0.0979 -0.4392 8.1891
-0.4044 2.2444 13.2463
7.0231 -2.3099 8.4610
-4.9311 2.0593 10.2631
-8.6790 0.9410 5.8703
1.9948 -2.8472 4.4864
-10.3827 2.6478 8.2874
-2.4611 0.4368 8.4567
1.4896 -0.5395 8.7931
4.1071 -2.9508 5.4998
6.1386 -2.6696 7.2335
4.7837 -2.1436 6.4509
4.8634 -2.8078 6.2216
7.1220 -2.6062 7.9278
1.1420 -2.6960 4.2951
3.6671 -1.3975 6.9346
4.8959 -2.1752 6.5728
6.6602 -0.4395 11.9785
-10.2472 1.5607 6.1993
3.0575 -2.3940 5.1764
4.4460 -2.1288 6.0921
4.4592 -2.1317 6.2266
3.5186 -1.3957 6.4530
2.6926 3.6208 17.7777
-0.9001 -1.8439 4.8137
3.2076 -2.7413 5.3979
0.4327 -2.2279 4.8182
-10.0931 1.4849 6.1373
1.6846 -2.2184 4.6891
5.9972 -1.5541 9.3746
0.8848 0.4880 10.4911
5.7169 -2.9163 6.4983
7.1422 -2.3001 8.5494
2.8903 -2.1569 5.0951
-7.5609 2.3409 9.3054
1.3572 -2.0184 4.8558
6.2061 -0.1454 12.3023
-3.6570 -1.1910 4.5224
3.5950 -2.9262 5.2532
5.5435 -2.7160 6.7973
4.9894 -2.4608 6.3333
-0.4905 -2.5056 3.7317
-18.7004 4.9009 7.9730
3.5847 -2.9361 5.2275
9.7388 1.0671 16.7586
3.9655 -2.0088 5.5573
-0.8275 2.3409 13.1943
6.2452 -2.7724 7.0903
0.8947 -2.7474 4.0501
3.2948 -2.3005 5.2614
3.5495 -2.8192 5.4401
6.2418 -0.8404 10.9379
0.3695 -2.6344 3.9717
6.6642 -1.8150 9.2399
0.6612 -0.1880 5.2934
-1.6697 -0.0647 7.9144
5.3806 -2.8853 6.3660
5.6492 -2.3182 6.8902
-0.7588 0.2890 9.1453
7.5846 -1.6744 10.0517
2.6548 -2.1321 4.9941
-1.4840 -1.7381 4.6872
-3.8673 -1.2576 4.2683
-1.1116 -0.0647 8.2367
-1.2263 -0.8948 6.5165
-12.2577 5.2875 12.4643
3.5357 -2.7287 5.6125
5.6059 -2.1973 7.0093
-0.3669 -2.3851 4.0432
1.5545 4.9020 19.6732
2.2468 -0.9211 6.7485
2.2182 -2.8636 4.5827
3.0568 -0.6349 9.5080
-9.1168 1.7182 7.1660
5.0766 -2.6044 6.4808
7.9764 3.6210 20.8296
1.2132 -1.3228 5.9849
4.4209 -2.4982 6.0340
1.0362 -0.1842 9.2390
-8.2697 2.4402 9.0939
4.6893 -2.3154 6.0737
4.4717 -2.2316 5.8858
0.1569 -2.0325 5.0483
0.9389 -0.3338 8.8848
3.8180 2.4403 16.0753
3.0934 2.8686 16.5102
-9.3192 0.7619 5.1436
4.1154 -2.7842 5.8367
4.7358 -2.2933 6.1667
-9.3553 4.3762 12.3246
1.2182 1.2685 12.2388
5.6250 1.0033 14.2554
3.3409 -1.5222 5.9898
-1.5114 -2.0198 4.1101
2.3355 -2.8850 4.6078
-0.4573 0.2890 9.3194
5.7239 -2.4011 6.7613
-4.4344 -0.9477 4.5583
5.5727 4.5453 21.2830
-2.0504 -0.7836 6.2620
-4.2077 -0.6033 5.3755
6.4752 -1.2797 10.1973
-8.2926 1.1999 6.6093
5.0153 -1.5971 7.7874
3.6528 -2.4084 5.5539
3.0100 -1.3745 6.2840
-5.7030 0.2891 6.2901
5.0981 -2.5860 6.4808
3.5413 -1.3198 6.7396
0.9563 -2.7411 4.0980
2.7094 -2.2403 4.8609
6.6067 -2.5459 7.7504
-0.2074 -2.4810 3.9442
-0.4766 1.8841 12.4867
5.5204 -2.9163 6.3849
-1.6216 -1.8145 4.4556
2.1014 6.1653 22.5064
2.9555 -2.9651 4.8063
-0.0532 -2.5983 3.7996
1.3185 -1.9928 4.1688
5.4813 -2.7783 6.6372
9.9860 0.5402 15.8514
4.9384 -1.5874 7.8080
5.0121 -2.1534 6.7872
-2.3843 -1.3005 5.0392
-5.5779 2.5425 10.8525
5.7511 -2.3680 6.7561
3.3246 -1.2394 6.6897
4.4176 0.9408 13.4336
2.0793 -1.7710 5.4274
1.2994 1.1998 12.1488
6.5100 -2.3948 7.9957
7.0101 -2.1519 8.7684
4.5210 -1.6871 7.2830
3.1408 -1.9070 5.4025
2.8469 -2.7413 5.1896
8.3537 4.0582 21.9186
2.6854 0.3371 11.2304
3.8185 -2.3282 5.5731
0.9324 -2.9408 3.6863
6.0449 -2.7663 6.9868
5.8838 -2.9163 6.5947
6.6649 -2.6420 7.5925
3.1464 -1.7177 5.6146
2.4474 -2.7222 4.9969
2.5217 -2.3288 4.8260
-0.1075 -2.6129 3.7391
5.5437 -2.9606 6.3101
-4.9651 -0.4044 5.3343
-2.0025 -1.8292 4.2063
-5.1375 0.1955 6.4301
-10.3114 3.1030 9.2355
-7.1319 0.7618 6.4067
7.2686 -1.2141 10.7863
1.2876 -1.5018 5.7354
6.5374 -2.6559 7.4911
6.7894 -2.9315 7.0876
6.3377 -2.4563 7.7736
10.2358 2.6481 20.1958
0.7846 0.3864 10.2308
4.4671 -1.6493 7.3420
-7.4484 0.5942 5.8899
7.8826 0.8796 15.3130
0.5148 -2.5984 4.1275
7.2531 -1.2363 10.7332
-12.6086 3.2260 8.1539
-1.0824 -1.2137 5.9642
4.7465 -2.4025 6.1713
3.8705 -0.5067 10.2333
4.0151 -1.4547 7.1909
3.1113 -1.5041 5.9450
1.8566 -2.7900 4.5207
6.0164 -2.2699 7.9595
6.5842 -2.7540 7.3226
3.3765 -1.9895 5.2298
8.0087 -1.8873 9.8724
-1.4925 -1.6902 4.7779
5.2943 -2.4078 6.4712
0.6221 -1.4676 5.5651
-1.2732 -2.1956 3.8973
-18.1863 4.0572 6.5888
-3.0427 -1.0738 5.1108
5.6414 -2.1848 7.0329
3.3330 -2.2633 5.2497
-3.7843 5.2880 17.3591
1.0485 -2.8247 3.9847
10.8228 1.1997 17.6487
6.8281 -1.5542 9.8544
3.3828 -2.0333 5.2609
-8.6639 6.9331 17.8188
-5.1876 -0.7546 4.5080
7.0890 -2.3673 8.3848
3.6117 -2.3618 5.4770
6.5621 -2.7663 7.2854
9.5928 1.8841 18.3022
0.4683 -2.2385 4.8178
6.5719 -2.4980 7.8257
2.9383 -1.2395 6.4684
4.0505 -2.1540 5.5911
-5.4884 2.9839 11.7837
-0.0311 -1.7845 5.4338
5.8859 0.7044 13.8107
-0.0183 1.2685 11.5247
0.3266 -2.5454 4.1244
2.3356 -2.8361 4.7053
2.5202 -1.8137 5.5219
6.7572 -2.8906 7.1503
6.3813 6.4101 25.4659
0.0142 -2.5608 3.9132
2.0053 -2.7659 4.6544
1.8172 -1.8769 5.2763
6.2810 -2.9462 6.7646
1.6568 -2.4034 4.3615
5.1041 -2.1876 6.6900
2.3085 -2.8690 4.6241
6.2494 1.0032 14.6160
5.7660 -2.9163 6.5267
-1.3906 1.1328 10.4617
3.0448 -2.9459 4.8962
1.0966 -2.9408 3.7811
0.8604 2.8685 15.2205
6.5626 -2.3948 8.0260
3.3609 -2.1538 5.1927
4.6012 -2.9313 5.8242
5.7685 -2.4100 6.7501
5.3566 -0.1453 11.8118
4.2598 -1.9136 6.5814
-7.5584 1.4110 7.4539
1.2613 -2.8796 3.9982
-20.6856 4.7190 6.4640
0.2574 1.1998 11.5471
6.1908 -0.6350 11.3178
3.6687 -2.2178 5.4479
7.8404 -0.5720 12.3960
-2.2278 -0.0647 7.5921
3.7182 -2.7223 5.7306
0.5468 -2.9108 3.5235
5.1277 -2.3391 6.4158
6.3442 -1.4807 9.7213
-2.0482 -0.9478 5.9362
5.2793 -2.7030 6.6708
-2.7326 -1.0493 5.3387
0.0991 2.7566 14.5577
5.8084 -2.6696 7.0428
3.3358 1.6383 14.1988
5.1086 -1.0497 9.8664
-0.5009 -2.4975 3.7420
-5.6446 -0.1051 5.5383
7.6199 0.7615 14.9259
6.5784 -1.8731 9.0747
-14.0787 6.1641 13.1593
7.0668 -2.6135 7.8813
3.2244 3.1033 17.0535
6.2446 -2.8694 6.8967
6.0878 2.9841 18.4698
4.6766 4.0581 19.7947
-3.4975 -0.1841 6.6210
-0.6847 -2.3942 3.8415
6.8200 -1.0498 10.8547
6.9367 -2.1519 8.7261
3.8618 2.4403 16.1006
6.9058 -2.7479 7.5207
1.4122 -1.9321 5.0868
-4.5627 -0.8399 4.6990
1.8341 -0.4393 9.1917
3.3617 -2.3943 5.3525
2.0887 -2.2058 4.8092
9.1935 -0.3341 13.6515
6.7675 -2.6899 7.5563
1.8812 -2.8361 4.4430
4.2478 -1.3472 7.8166
-8.6482 1.0675 6.1400
6.9363 -0.1056 12.8033
2.8549 -2.8691 4.9396
4.6318 -2.8957 5.9128
6.2949 -2.6420 7.3789
0.4631 -0.8055 5.6583
-4.7171 -0.7546 4.7797
8.7192 3.9073 21.8291
6.2496 -2.6062 7.4240
7.6097 0.1050 13.6118
2.5726 -2.8076 4.8990
4.9366 -2.0249 6.9466
9.6510 0.4878 15.5535
7.0767 -2.6560 7.8025
-1.1883 -0.2225 7.8779
1.2333 -2.2023 4.6294
7.5990 -2.1632 9.0860
1.6084 -1.3821 5.9965
3.2527 -1.5949 5.9395
8.3402 -1.5721 10.6920
2.7630 -1.9962 5.2750
0.6598 -2.9602 3.4903
0.7818 -2.5532 4.3718
5.5526 -1.4617 9.3020
-20.9142 5.2870 7.4638
7.9270 -1.8873 9.8252
6.5700 0.3863 13.5718
1.8945 0.2889 10.6775
3.7079 -1.9396 5.4495
4.6332 -2.8584 5.9879
-0.5141 -2.3942 3.9401
10.8497 1.5605 18.3834
-17.9690 4.5442 7.6846
-1.8658 -1.2136 5.5119
-2.6627 -0.9214 5.6339
1.4429 -2.8527 4.1568
7.5794 2.5427 18.4516
3.1878 -0.9997 7.2242
-3.5480 -1.3005 4.3672
-9.9802 1.4110 6.0553
4.3989 -2.7722 6.0243
-3.2303 0.4881 8.1147
5.7523 -1.8297 8.6840
-0.5188 -2.3573 4.0108
1.4981 -1.4061 3.8130
3.7298 -1.7937 5.9268
5.2567 -2.9653 6.1349
4.9897 -2.8419 6.2266
4.7802 -2.2690 6.3251
6.5353 -1.3221 10.1477
5.4801 -2.3977 6.5549
-4.4282 -0.1051 6.2407
13.6716 3.6212 24.1192
4.4119 -2.7476 6.0808
3.7046 -2.8306 5.5070
6.8244 -2.8022 7.3655
5.2259 -1.4993 9.0383
0.2902 -2.4893 4.2151
-2.8222 -1.2357 4.9154
-12.7183 6.6645 14.9421
7.5738 -2.2598 8.8791
-1.2828 0.4881 9.2394
7.6273 -0.6658 12.0860
-2.0352 6.4095 20.6038
4.3753 -2.6069 6.0814
1.3065 -2.1489 4.6340
-3.4462 -1.4028 4.2221
5.3018 -0.1453 11.7801
0.5771 0.9409 11.2157
1.6332 -2.1741 4.7280
-3.0081 -0.5064 6.2613
3.4561 -2.1384 5.2371
6.4540 -2.7540 7.2474
4.4685 -2.9411 5.7279
1.4873 -2.8636 4.1607
4.5201 -2.2436 6.0725
3.0266 -2.8851 5.0069
4.7432 -2.9653 5.8384
3.9377 -1.5799 6.8956
2.8963 -2.8305 5.0403
4.8075 -2.7783 6.2482
5.6697 -0.6960 10.8953
9.3453 -0.1846 14.0372
5.2909 -1.1915 9.6892
9.1212 -0.1057 14.0650
-17.8265 6.4082 11.4811
-0.5336 -2.5296 3.6590
4.1536 -2.9652 5.4980
3.2983 -2.7223 5.4882
0.5447 -2.8074 3.7282
5.0321 -2.7783 6.3779
4.3580 -2.0662 6.1668
0.5127 -0.7148 5.5719
5.9350 -2.5988 7.2570
2.1780 -1.5728 5.8248
-10.7836 4.0575 10.8647
-1.0820 -1.8726 4.6515
-0.6287 -2.5137 3.6358
-0.3556 -2.3479 4.1238
1.7815 1.8000 13.6233
-2.3143 -1.1217 5.4360
2.7974 -2.1207 5.0071
4.3379 -2.8078 5.9183
-4.0690 2.7565 12.1503
-4.4895 2.2444 10.8869
0.2532 -2.7898 3.5949
0.3472 -2.8303 3.5685
1.8547 -2.8850 4.3303
-2.1235 -1.1217 5.5462
-5.9061 -0.6344 4.3325
8.2176 -0.8681 12.0239
4.6020 -2.8136 6.0592
0.8024 -1.3873 5.8501
1.9834 -2.7285 4.7163
-14.4581 4.0574 8.7422
7.9047 -1.0985 11.3841
6.0814 -2.9558 6.6301
-8.1353 1.1329 6.5666
3.1396 -1.2850 6.4910
-11.1832 4.2139 10.9455
5.5193 -2.4684 6.6285
5.0992 -1.8172 7.5039
3.0816 -2.7841 5.2398
3.5163 -1.0949 7.3215
2.4161 -2.7598 4.9038
1.7208 -2.8636 4.2955
5.3954 -2.9061 6.3331
6.1042 -1.9422 8.6632
3.8183 -2.8583 5.5174
-16.6860 4.2136 7.7670
2.6709 -2.1763 4.9210
5.9135 -2.2493 7.9410
4.0753 -1.9169 6.1896
6.9501 0.3370 13.6932
2.3956 -2.8850 4.6425
5.5716 -1.8149 8.6090
4.7152 -2.8020 6.1477
4.7447 -2.1255 6.4978
1.4063 -2.8075 4.2256
3.2336 -0.9391 7.4735
10.4348 0.2413 15.5151
9.2969 -0.7842 12.8145
2.6006 -1.3246 6.2668
4.1213 -1.7608 6.8051
1.5032 -1.5240 5.7357
6.0610 -2.6061 7.3151
2.5402 -2.8417 4.8124
6.5931 -2.9607 6.9160
2.5863 -1.8724 5.4353
0.9855 -1.9235 5.0152
-0.7092 -0.2973 8.0057
-2.5223 -1.6063 4.3502
1.3842 -2.9109 4.0069
9.3249 1.4108 17.2044
0.4220 -2.6415 3.9880
7.4661 -1.0250 11.2772
5.3371 -1.1456 9.8074
-2.2417 -1.7063 4.3131
1.1314 -1.3734 5.8505
-1.0732 -2.1513 4.1012
3.3562 -2.8745 5.2183
0.7581 -0.0648 9.3164
6.9015 -2.6697 7.6740
-1.5804 -1.6902 4.7271
6.2733 -2.3293 7.9894
10.1721 1.4847 17.8409
-1.0436 -2.1626 4.0958
-1.0181 -1.5890 5.2534
1.8741 -1.2614 6.2824
3.6857 -2.7661 5.6247
5.2858 -2.1408 6.9041
1.2461 -2.8247 4.0988
4.7622 -2.2160 6.4196
2.9737 -2.6896 5.3659
-2.3622 0.1053 7.8533
7.9403 1.9705 17.5200
3.5870 -1.8348 5.6787
-2.3594 -1.7844 4.0894
4.8740 -2.3457 6.2253
0.5087 -2.6344 4.0521
7.5755 -0.8405 11.7080
1.1951 -2.9260 3.8676
1.4609 -2.4434 4.2848
4.8746 -2.3517 6.2107
0.3433 0.2417 9.6874
4.9403 -2.1440 6.7150
2.7707 -1.1231 6.5088
5.0004 -0.0236 11.8485
1.1767 -0.0648 9.5582
3.3644 -2.9652 5.0424
-0.8054 -2.4210 3.7184
4.7536 -2.2615 6.2224
-0.3246 1.8000 12.4070
-7.4510 2.6479 9.9806
6.5037 -2.2901 8.2006
2.7511 -1.5159 5.9567
5.3353 -0.0650 11.9596
1.6099 -0.2227 9.4938
6.6182 -1.2363 10.3666
1.5044 -1.2494 6.2100
2.0371 -2.7900 4.6249
2.1059 -1.9288 5.4053
1.2588 -0.7549 8.2304
4.6909 -2.7843 6.1690
-1.2078 -1.9416 4.4412
6.6873 -0.1056 12.6596
-0.2988 -2.3384 4.1756
5.7267 -2.9163 6.5040
-3.1657 -0.5392 6.1049
6.5371 -1.8872 9.0227
-2.1493 -0.8400 6.0926
2.6356 -1.1910 6.3651
14.8191 6.6668 30.8506
4.5748 -2.9411 5.7893
6.2809 -0.5068 11.6252
-3.5462 0.1500 7.2584
2.1708 -2.0349 5.0234
9.3823 1.3387 17.0938
0.1313 -2.2066 4.6867
7.0469 -2.0204 9.0516
4.7627 -2.9060 5.9678
-1.7479 -2.1051 3.8036
1.5448 -2.2293 4.5633
5.9372 1.0032 14.4357
7.6269 -1.2798 10.8624
-0.2885 -2.3479 4.1626
0.4117 -0.1842 8.8784
0.5089 1.1998 11.6923
5.2422 -2.7288 6.5978
-7.2894 2.0593 8.9011
6.7522 0.6485 14.1996
3.6541 -2.6963 5.7455
10.8302 2.3410 19.9272
3.8433 -1.7709 6.0776
0.6402 2.3409 14.0420
4.1160 -1.7494 6.8280
-11.8313 3.9066 9.9590
5.5878 -2.7160 6.8229
-1.5361 -0.4391 7.2455
1.8861 -1.9750 5.1619
3.7967 -1.7346 5.9393
4.8959 -1.9623 7.0304
-0.0696 -2.3384 4.3079
4.0975 -2.1694 5.6286
1.6498 0.3372 10.6323
4.0039 -0.8950 9.5367
0.5593 -2.4975 4.3541
3.1056 2.6480 16.0777
2.7174 -2.9459 4.7072
2.4289 4.5451 19.4671
6.0322 -0.1844 12.1240
-2.0729 -1.9006 4.0234
6.8872 -2.6832 7.6388
0.2027 -2.4033 4.3360
1.9710 -1.6444 5.6354
14.1880 3.7619 24.6977
6.7715 -2.4980 7.9409
-2.0187 -0.8947 6.0590
4.2838 -2.7538 5.9945
0.0300 -0.4046 8.2188
1.7678 -2.0523 4.8525
14.6427 5.0920 27.6107
3.6099 -1.2237 7.2747
-0.8645 -2.0934 4.3372
3.6265 -2.1690 5.3559
2.7235 -1.2371 6.2988
6.0794 -2.4390 7.6587
4.1757 -1.8289 6.7002
1.4120 -2.2158 4.5638
3.3041 -1.1629 6.9530
4.6079 -2.7477 6.1940
6.4282 -2.6490 7.4418
-22.1004 6.4079 9.0121
-10.9631 4.2139 11.0726
3.5214 -1.9573 5.2843
-5.3044 -0.2224 5.5011
6.3997 -2.7540 7.2161
-1.9073 -1.8144 4.2907
4.1632 -2.0019 5.7618
1.3099 -0.0235 9.7173
9.4912 2.5427 19.5558
3.0923 -2.7158 5.3821
1.2253 -2.2485 4.2178
2.5510 -2.5330 5.0047
4.4626 2.0593 15.6884
8.1503 -1.3222 11.0802
6.8663 -1.9287 9.1301
-4.2891 2.5425 11.5968
-0.3305 -2.5453 3.7450
1.6016 -2.9506 4.0532
4.4478 -1.8447 7.0173
1.8268 -2.7027 4.6773
1.8342 -2.6624 4.7619
3.2490 -0.4048 10.0776
3.2146 -1.8744 5.3678
4.6759 -2.7029 6.3224
-3.2104 0.0616 7.2764
-4.8804 -0.9476 4.3008
4.3160 -2.0327 5.9104
11.7122 2.9842 21.7184
5.8373 -2.7723 6.8548
2.4637 -1.1816 6.4837
3.4422 -1.6224 5.8643
5.9214 -2.6489 7.1492
5.0359 -2.1441 6.7705
4.8646 -0.1844 11.4498
-4.8880 0.8202 7.8189
1.5777 -2.7349 4.4694
4.8178 -2.8693 6.0729
7.3548 -2.0700 9.1308
8.2765 0.1050 13.9969
-1.7839 0.2890 8.5533
0.4611 0.4367 10.1442
6.5268 -2.9314 6.9360
-16.7275 4.0573 7.4314
4.1160 -2.8250 5.7558
4.8527 -1.8972 7.1236
9.9855 0.7043 16.1782
1.6411 -2.9555 4.0664
8.1727 3.2265 20.1569
-1.4042 0.4368 9.0670
5.3219 -2.9263 6.2503
2.8099 -0.8678 8.9013
1.6793 -2.2298 4.6425
1.6903 -2.8636 4.2779
5.5317 -0.9741 10.2614
5.4590 2.7566 17.6533
3.7571 -0.6959 9.7909
-0.5179 -1.8439 5.0344
-1.4595 -0.4391 7.2898
3.7379 -2.7782 5.6306
0.1203 -2.0449 5.0024
1.9394 -2.7285 4.6909
3.7009 -1.5101 6.4565
6.3160 -2.5613 7.5518
6.0306 -1.2797 9.9406
2.3755 -2.8850 4.6310
2.3519 -2.3775 4.7586
2.5823 -2.9211 4.6785
2.4333 0.5939 11.5965
-1.4700 -0.1053 7.9489
0.1509 -2.0449 5.0201
6.3246 -0.0237 12.6132
3.2390 4.2144 19.2760
4.1349 -2.7159 5.9840
5.6854 -1.1915 9.9170
2.6490 -0.6036 9.3349
1.4342 -1.5863 3.8964
1.5403 -2.9057 4.1073
5.1144 -1.7424 7.5544
1.5438 -1.7369 5.3642
0.7866 -2.8360 3.8110
-2.9323 -0.9214 5.4782
5.8585 4.5453 21.4481
3.7373 -1.5386 6.5819
0.3234 -2.6960 3.8225
-6.0275 -0.6344 4.2624
-0.8814 -0.7255 7.0530
4.3438 -2.0772 5.8415
-11.2028 1.9705 6.4641
-19.7395 6.1637 9.8891
5.2207 -0.6037 10.8199
-0.2784 -2.5684 3.7291
-2.7917 -0.1841 7.0285
4.8182 -2.1286 6.4651
6.6130 -0.2976 12.2339
9.5224 -0.0651 14.3775
3.2075 -1.0546 6.9476
5.0858 -1.7753 7.5378
4.6645 4.3768 20.4228
7.6471 -0.8681 11.6945
1.3734 -2.3660 4.3475
4.9148 -2.4640 6.2974
7.8367 -1.4232 10.6978
4.9013 -2.7351 6.3883
2.3878 -2.9160 4.5763
6.7163 -2.4304 8.0439
0.3593 -2.2996 4.6331
2.3187 -2.1962 4.8072
3.9396 -1.7544 6.2608
4.6574 -2.9213 5.8766
5.9240 2.1505 16.7142
-7.3867 1.6384 8.0063
4.5868 -2.3120 6.0062
-0.6426 -2.1169 4.4184
4.7499 -2.2075 6.4261
6.7171 -2.9607 6.9876
3.0790 -2.6829 5.4400
10.0672 0.2887 15.3971
-0.4747 -1.9551 4.8378
-5.2543 -0.6955 4.5873
-5.1454 -0.4044 5.2302
-6.8343 2.0593 9.1639
6.6432 -2.5459 7.7714
6.0627 -1.3271 6.3947
3.3474 -2.7158 5.5294
4.0867 -1.4808 7.5055
2.0702 -2.7598 4.7041
1.6839 -2.8304 4.3403
5.4681 -1.2581 9.6588
6.1228 -2.5613 7.4402
3.2556 -2.8077 5.2934
4.4272 -1.7581 7.0579
-5.8657 -0.1051 5.4106
2.8713 -0.9997 6.7607
11.4614 2.7567 21.1201
-1.7152 -1.9006 4.2299
6.3652 -0.7552 11.1791
4.4472 -2.8799 5.8376
1.6208 -2.4140 4.4839
6.1466 -2.4562 7.6633
-0.9471 -1.6902 5.0928
-15.0896 6.1641 12.5753
-5.3392 -0.7253 4.4789
-1.1519 -0.4731 7.3997
3.6348 -2.7960 5.5356
0.1125 -2.5983 3.8952
8.8041 -0.0238 14.0450
-4.0108 -0.9214 4.8554
4.3470 -2.6897 6.1588
2.8492 -2.8798 4.9150
-2.8981 -1.6404 4.0652
-8.5137 4.0576 12.1758
1.4284 -2.5571 4.3271
4.3646 -2.1993 5.8007
10.4994 0.4878 16.0435
-0.4107 -2.5684 3.6527
4.1887 -2.0394 6.0225
-5.3606 -0.2971 5.3197
-7.0966 0.6488 6.2020
2.1948 -1.3818 6.3303
4.6135 -2.7722 6.1482
-21.0754 4.9008 6.6011
4.9212 -2.6897 6.4903
2.0893 4.9020 19.9821
4.7069 -2.2408 6.2403
5.5597 -2.4509 6.6398
0.8981 -2.8016 3.9438
3.4102 -1.8070 5.6235
6.0212 -0.5397 11.4099
-20.2393 6.4080 10.0873
-1.8112 -1.0979 5.7739
2.2560 -2.9409 4.4505
1.0523 -2.6960 4.2433
4.1675 -1.6407 6.8776
5.4506 -1.9286 8.3127
1.7031 -1.7452 5.4112
-1.3391 -1.1218 5.9991
-1.1315 -1.4989 5.3674
4.6407 -1.3357 8.1681
-2.3367 -1.8292 4.0133
1.4626 -2.8190 4.2352
-7.2647 5.9310 16.6301
-3.9403 -0.7253 5.2867
2.4645 -1.3741 6.1662
-3.0479 1.1999 9.6382
-2.3011 -1.7995 4.0930
3.7118 -1.3147 7.0167
-0.0367 -2.6344 3.7372
-1.8405 0.1053 8.1546
-6.4422 -0.4729 4.3448
0.1535 -2.6273 3.8611
-7.6935 1.9705 8.4908
-6.0365 2.4402 10.3837
-7.5815 5.7073 16.0015
6.1276 0.3370 13.2182
5.0435 -2.7477 6.4455
-3.5754 0.1500 7.2415
7.3702 0.3863 14.0339
-0.3447 -1.2359 6.3460
4.9126 0.1497 12.1432
4.3091 -1.3500 7.8945
-0.7260 -0.1451 8.2993
-0.4568 -0.5717 7.6048
9.9956 1.8841 18.5349
7.4295 -1.6070 10.0965
0.2358 -1.9007 5.3565
-13.3517 3.4845 8.2398
3.1827 -1.1760 6.7474
6.7892 1.8000 16.5154
3.4590 -2.9459 5.1353
6.2298 -2.9010 6.8251
-3.9822 1.1328 8.9651
4.6592 -2.2161 6.0466
0.7377 -2.8526 3.7496
10.4646 0.2413 15.5323
-1.6827 1.1998 10.4266
0.3953 -0.0648 9.1069
0.7319 5.2883 19.9678
3.0834 -2.5166 5.2754
1.1096 -2.0409 4.8000
-6.0873 1.0674 7.6189
0.9468 -2.8901 3.7956
4.4035 0.4879 12.5231
8.7209 1.0672 16.1708
-0.0769 -1.5537 5.8673
3.5255 -1.4090 6.6019
4.4847 -2.7722 6.0739
2.9849 -1.8364 5.3923
3.1240 -1.6896 5.6699
6.5245 -2.2800 8.2326
-0.5491 2.6480 13.9669
7.0709 -2.0820 8.9428
1.5124 -2.0319 4.9410
1.3251 -2.0243 4.1574
3.0067 -2.8528 5.0597
5.9223 -2.6696 7.1086
7.7648 -0.9220 11.6551
-1.0675 -1.7996 4.8054
6.4356 -2.6965 7.3515
-8.2053 0.5407 5.3461
6.3229 0.8797 14.4122
1.0299 -2.6960 4.2304
0.6095 -1.4519 5.5915
-0.7612 0.2417 9.0496
2.1192 -1.8164 5.3761
4.8106 -1.9061 7.1411
-0.4441 -2.4726 3.8242
3.7686 -1.5555 6.7350
5.7487 -2.8021 6.7444
-6.6315 1.3389 7.8456
4.5387 -0.6349 10.3638
4.7721 -2.7539 6.2764
6.1045 -2.6696 7.2138
4.0708 -2.9060 5.5683
2.8341 -2.8305 5.0044
3.1626 -2.9556 4.9449
6.4523 -2.6899 7.3743
-2.5544 0.4368 8.4028
8.6464 2.5427 19.0679
-0.3577 -1.7996 5.2152
4.1432 0.5404 12.4773
-11.8370 1.6384 5.4361
5.1507 -2.0438 7.0311
6.5032 -2.5381 7.7062
3.4767 -1.6628 5.8009
9.5347 2.3410 19.1790
3.4340 -1.8334 5.5842
-0.5319 -1.8293 5.0554
4.4743 -0.6960 10.2050
3.7846 -1.3857 7.0704
5.3006 -2.7095 6.6700
4.7777 -2.9412 5.9064
4.3446 -1.9529 6.4341
1.8786 -2.1752 4.7118
-2.9558 0.7617 8.8184
5.2204 -1.5719 8.8906
0.7811 -2.7091 4.0606
2.3934 -1.2668 6.3394
6.8139 -2.8022 7.3594
4.2636 -2.2635 5.7872
3.2305 -1.3769 6.2536
-3.8627 -0.5392 5.7024
3.0443 -0.9810 6.9475
6.2457 -2.9654 6.7059
6.7775 -2.3579 8.2236
6.8514 -2.3948 8.1928
5.8433 -2.9363 6.5315
1.5906 -2.8304 4.2865
1.1350 1.3388 12.3309
0.4972 -2.6894 3.9360
1.4909 -2.2735 4.6602
8.3428 -0.4735 12.8825
3.8159 -1.7594 6.0731
-7.0828 -0.0645 4.7885
4.7554 -2.4491 6.1995
4.6734 -1.9428 6.7576
2.6445 -1.9463 5.2666
-2.7506 -1.0979 5.2314
3.7233 -2.1083 5.3714
2.7855 -2.1184 5.0654
1.2351 -1.1031 6.4574
5.1682 -2.6964 6.6197
1.0253 -0.4732 8.6570
5.8852 -1.6743 9.0704
0.0159 -2.3288 4.3764
2.8069 -0.7584 7.2008
-0.1991 -2.5217 3.8680
2.3966 -1.2985 6.2788
2.0013 -1.9829 5.1446
5.9976 -2.0454 8.3960
1.7351 -2.9458 4.1400
4.1013 -0.9218 9.5396
-3.0786 -1.5889 4.0636
6.2676 -2.3389 7.9669
-1.6197 -0.0234 8.0256
4.3234 0.3863 12.2745
-6.9648 1.0035 6.9848
5.9867 -2.6559 7.1731
-2.4045 2.2444 12.0911
6.5782 -0.0237 12.7596
3.0316 -2.2003 5.0340
0.2930 -2.1738 4.8454
-5.0722 0.4369 6.9488
-6.5539 3.3533 11.9043
4.2304 -0.8950 9.6674
6.5690 -1.9150 8.9857
6.5028 -2.7602 7.2634
4.5169 -2.7722 6.0925
10.1856 1.1326 17.1471
4.3588 -2.4807 5.9865
1.4973 -1.4655 3.8577
-2.3045 1.4109 10.4882
0.0454 -2.2066 4.6371
12.4490 2.4404 21.0602
7.3268 -0.2976 12.6461
5.7436 -1.6743 8.9887
2.5874 -2.8248 4.8733
-2.2617 -0.4045 6.8954
5.0014 6.4100 24.6688
9.0428 1.9705 18.1567
3.8470 -1.3828 7.2956
2.4474 -2.3768 4.8121
7.9371 -0.4395 12.7159
5.3529 -2.9606 6.2000
6.7182 -0.7552 11.3829
6.0406 -1.4178 6.4425
1.3815 -1.7983 4.0591
4.6959 -1.3706 8.1337
3.8099 -0.6349 9.9429
3.3557 -1.0584 7.3751
-6.4093 0.7047 6.7103
2.1358 -1.4280 6.0075
-1.8393 5.7077 19.3186
8.1633 -1.0499 11.6303
5.9342 -1.9688 8.5120
5.6919 -1.9286 8.4520
5.2792 -2.5125 6.5336
-3.4120 -1.2135 4.6191
-5.1001 0.2891 6.6383
-0.4285 -1.4613 5.8484
4.3049 -1.8180 6.7976
4.0500 -0.1844 10.9794
4.1984 -0.1055 11.2223
5.5985 -1.7697 8.7148
1.6686 -1.7035 5.5292
2.5937 0.5939 11.6891
3.8448 -1.2962 7.3728
-1.9538 0.3865 8.6494
6.4324 -2.4304 7.8799
3.5000 -1.4523 6.3784
6.2117 -2.9364 6.7442
6.8549 -2.7031 7.5805
3.4020 -1.4009 6.4419
7.6851 -1.9151 9.6302
6.0911 -2.0077 8.5251
0.8947 -2.9554 3.6355
8.6738 6.6663 27.3004
0.8694 -2.8796 3.7719
-0.6187 -2.2384 4.1902
-1.9958 -0.6346 6.5905
5.6932 -1.5895 9.1286
2.0977 -0.0648 10.0900
2.5767 -2.3095 4.8397
8.8662 -0.9220 12.2911
1.3893 -2.3565 4.2706
4.6405 -1.7982 7.1358
-0.6990 -1.6739 5.2686
0.2865 -2.8016 3.5907
2.5845 -1.8350 5.6626
-17.1261 4.2136 7.5127
5.1161 -0.8124 10.3437
-3.9029 -0.1052 6.5440
1.9269 0.1498 10.4190
0.4090 -0.8834 5.6121
-0.0187 -1.9282 5.1547
1.4344 -1.9283 5.1516
2.5738 -2.5324 5.0165
8.0789 0.4365 14.5434
1.0274 -2.8416 3.9390
-3.4259 -1.4988 4.0426
4.8602 6.6660 25.0972
4.9690 0.4879 12.8497
4.1259 0.2888 11.9661
4.2611 -1.2974 7.9715
4.1324 -2.0135 5.7052
0.2344 -2.6623 3.8381
0.2324 0.6487 10.4344
2.5830 -1.6782 5.7988
7.2048 -0.6038 11.9656
1.0301 -2.8796 3.8647
5.4952 -2.2604 6.8205
2.6626 -1.8021 5.6189
2.8994 -2.9311 4.8417
6.3285 -2.0577 8.5625
1.9911 -2.1668 4.9544
5.5514 -2.3480 6.7137
1.5917 1.1327 12.1841
5.8836 -2.3856 7.6522
2.4003 -2.8248 4.7652
3.5793 -2.0633 5.2571
8.4640 0.2414 14.3770
5.0977 -2.0995 6.8913
-0.2549 -2.3667 4.1446
3.7752 -2.8418 5.5254
6.8042 -2.4038 8.1476
5.9285 -2.8906 6.6719
-0.6582 -2.3093 4.0260
5.2079 -1.1915 9.6412
-3.3954 -1.1216 4.8117
4.0569 -2.8306 5.7104
2.4973 -2.8134 4.8440
3.2086 -1.6048 5.7934
3.8842 2.8686 16.9670
2.9028 3.2264 17.1130
0.2433 -2.7597 3.6493
-3.1085 -0.5064 6.2033
8.4549 0.1496 14.1888
2.6324 -2.7599 5.0287
4.3451 -1.6888 7.1931
0.6674 -2.3943 4.6223
5.8708 -2.7903 6.8384
8.2121 0.6485 15.0427
6.4974 -2.7784 7.2239
-5.2723 3.1031 12.1460
2.6039 -1.9441 5.2348
2.3363 -1.6117 5.7306
-11.4243 2.2443 6.8817
0.3443 -2.7411 3.7447
8.3282 0.0183 13.8541
-20.0057 4.3757 6.1726
3.5094 1.2684 13.5620
-8.3929 1.6384 7.4252
2.6233 -1.3678 6.1796
7.1264 -1.9819 9.1742
1.3687 -2.9210 3.9778
4.2729 -2.9362 5.6248
10.2100 0.3369 15.5757
0.1658 0.0186 9.1406
3.5729 -2.7599 5.5717
5.7625 -1.3834 9.5791
4.8010 -1.3829 8.0962
1.2069 6.4097 22.4767
1.9962 -1.6776 5.5542
1.2174 -1.4669 5.7053
5.3660 -2.1125 7.0422
5.4791 -2.7477 6.6970
7.1193 -1.3429 10.4436
-7.0002 3.3533 11.6465
2.1473 -2.9651 4.3397
3.5863 -2.8135 5.4728
-3.2126 -0.8675 5.4236
2.4213 -2.0237 5.1760
7.1666 -1.4426 10.2722
4.2680 -2.7159 6.0609
5.0000 -2.3382 6.3707
4.9895 -2.8136 6.2829
-10.0659 2.5425 8.2604
1.2110 -2.8796 3.9692
-4.2376 2.3409 11.2248
2.3417 -2.2797 4.6889
1.7822 -1.7266 5.5364
3.7136 -2.2831 5.4895
8.8909 0.2887 14.7178
-2.0408 -1.4802 4.8797
2.5758 -2.7349 5.0457
4.6302 -0.2975 11.0890
6.4339 -1.2363 10.2601
3.3910 -1.2384 6.7076
7.1272 -2.3948 8.3520
4.1303 -2.9411 5.5327
-0.0940 -1.7693 5.4279
-2.2069 -1.6235 4.4981
2.4385 -1.8771 5.3706
7.7964 1.4108 16.3216
4.3062 -1.7192 7.0470
-1.4699 3.7614 15.6536
2.4097 -1.8377 5.4348
3.4927 -2.9508 5.1451
-0.9299 -0.7837 6.9091
11.4057 1.8841 19.3492
-4.7816 0.0188 6.2836
-2.2546 -0.8676 5.9769
-1.4321 -1.7381 4.7172
3.5400 -0.8679 9.3229
5.6784 -2.2400 6.9424
4.1674 -2.8638 5.7081
1.1768 -2.1104 4.6663
5.0000 -2.9412 6.0348
5.9544 -2.1853 8.0922
9.8215 2.9842 20.6264
0.0401 -2.6623 3.7260
-4.9362 1.5606 9.2666
-9.0843 0.5942 4.9452
4.9069 -0.7840 10.2795
3.5699 1.8000 14.6562
-0.6643 -2.3479 3.9456
0.1734 -0.9739 7.1673
3.3397 -2.8077 5.3419
8.1740 0.4878 14.7006
3.8720 4.9021 21.0119
1.9752 -2.1808 4.7083
5.8587 -2.0152 6.7448
1.9819 -1.0784 6.6132
4.7274 -1.7454 7.3497
0.3621 0.6487 10.5094
1.4391 -2.1172 4.6972
7.4710 -2.2390 8.8610
2.6330 -2.1252 4.9974
2.6435 -1.3790 6.1253
-2.3609 -1.6404 4.3754
1.3375 -2.3038 4.3296
-2.6565 1.3388 10.1412
2.5466 -2.5347 4.9781
-4.8288 0.2891 6.7949
5.3292 -0.1453 11.7959
-8.2302 6.9331 18.0694
-0.3405 -2.3851 4.0584
0.5910 -0.3769 5.4358
5.8206 -1.9286 8.5263
1.2431 -2.1671 4.1737
-16.7124 4.5442 8.4105
5.0773 -2.7224 6.5154
-5.3567 -0.8674 4.1856
9.2669 0.0183 14.3962
3.0050 -2.2042 5.0289
2.3005 -2.7412 4.8741
3.7272 -2.7782 5.6245
2.6482 -2.8797 4.7989
1.5568 -1.8136 5.2698
3.7957 -0.9481 9.3106
1.5538 -2.3790 4.3306
-9.8101 0.9410 5.2171
-4.7463 -0.4729 5.3241
0.0473 -2.5217 4.0102
4.1832 -0.4394 10.5482
3.5451 -2.4467 5.4954
3.4256 -2.2313 5.2813
6.3250 -2.4563 7.7663
4.5487 -1.6891 7.3123
-1.5948 -1.8582 4.3839
0.0527 -1.1453 6.7560
3.4713 -1.3688 6.4825
1.4461 -2.4291 4.3002
-2.7371 -1.2792 4.8780
4.6507 -2.7961 6.1222
6.8524 0.9407 14.8397
5.7586 -2.3293 7.6922
4.1745 -1.8549 6.3364
3.4227 -1.7859 5.6534
7.4299 -2.3485 8.6191
7.4402 -0.9998 11.3125
0.0635 -2.3942 4.2736
4.1028 -1.8148 6.2395
2.4705 -1.9868 5.2177
3.1280 2.2444 15.2864
-0.2596 -2.0325 4.8079
13.1439 4.9026 26.3677
-7.6145 0.3867 5.3805
3.3974 2.7566 16.4626
-4.1175 -0.3336 5.9650
10.4306 0.5402 16.1082
-6.9561 2.4402 9.8526
3.2483 3.9071 18.6691
4.2752 -2.7842 5.9290
0.2913 -2.7091 3.7778
2.3253 -2.2082 4.7763
6.9412 2.6480 18.2930
0.0604 -2.4975 4.0660
2.8468 -2.9556 4.7626
-8.3105 0.7048 5.6123
5.9516 -2.8853 6.6957
2.5205 -1.7693 5.7554
2.2056 -2.8018 4.6987
-2.6718 -1.3627 4.7492
1.9136 -0.5718 8.9735
1.3545 -2.8360 4.1389
4.9211 -2.9112 6.0490
6.0161 -2.7784 6.9460
3.0420 -2.6255 5.3244
1.1206 -2.8796 3.9169
8.7725 -0.6039 12.8709
-0.4211 -2.2384 4.3043
4.2692 -1.4311 7.6798
2.9644 -2.7841 5.1721
3.2944 -1.2764 6.4427
3.8423 -1.4725 6.7661
-5.4839 6.4092 18.6115
-0.0332 -2.0449 4.9138
6.2766 -0.1845 12.2652
6.0427 -1.2490 6.4247
9.3812 4.0582 22.5122
-5.0956 1.1999 8.4556
3.3285 0.2416 11.4114
3.5649 -2.6829 5.7205
3.6908 -2.9008 5.3592
-3.9159 -0.6956 5.3601
7.9697 5.9320 25.4307
5.6295 -2.1844 7.0246
2.1012 -1.9398 5.2008
4.1836 0.4879 12.3961
6.3217 -1.0498 10.5669
-2.0336 -1.5536 4.7375
9.5940 0.8199 16.1823
0.1395 -2.5531 4.0009
2.4633 -1.8912 5.3844
-0.0322 -2.1169 4.7709
5.9869 -1.5208 6.5217
16.1046 5.7089 29.6843
-3.7730 -0.2601 6.3102
1.9553 -2.2614 4.5742
3.4480 -2.7413 5.5367
-4.6212 1.1328 8.5961
14.2098 4.7207 26.6208
-6.3426 0.2419 5.8265
-3.6135 1.3389 9.5885
2.2439 -2.1408 4.8576
0.0719 -2.7220 3.6254
7.0752 -1.5179 10.0693
6.4873 -2.8476 7.0802
3.5209 -1.5451 6.0500
5.5359 -2.8079 6.6099
-2.5441 -0.4730 6.5958
2.8051 -1.9349 5.4193
5.5427 -2.3761 6.6555
4.2123 -2.0685 5.6376
4.9686 -2.3639 6.2652
4.3086 -1.2992 8.0310
5.1662 -2.2659 6.5745
3.2203 -2.9311 5.0269
4.1734 6.4099 24.1905
-3.0599 -0.4045 6.4345
-1.9228 -1.9550 4.0017
4.0865 -1.9096 6.0591
0.5188 -2.7779 3.7720
1.2415 -2.1833 4.5307
5.5990 -2.8639 6.5347
-0.1910 -2.5608 3.7947
3.7281 -2.8473 5.4872
6.0607 6.6661 25.7908
6.9582 0.5938 14.2095
3.6354 -0.7550 9.6028
-0.0058 -2.5983 3.8269
3.0582 -0.5395 9.6988
-0.4200 -0.9479 6.8764
4.8457 -2.1787 6.6395
3.2764 -2.7660 5.3883
-22.4065 5.4922 7.0109
-7.1374 2.7565 10.3781
5.3542 -2.7723 6.5759
5.3197 -2.2126 6.7702
0.0251 0.2890 9.5980
-6.5120 0.3374 5.9191
0.9487 -2.8471 3.8825
1.5791 -2.1420 4.7687
5.8127 -2.7096 6.9657
3.5726 -0.9481 9.1818
6.9374 0.5403 14.0909
4.6461 -2.4981 6.1638
3.5705 -1.0496 8.9783
6.8312 -1.6069 9.7511
-0.6755 -2.1400 4.3534
2.4808 -2.0707 5.1421
3.0561 -2.9007 4.9927
5.7437 -2.8800 6.5862
1.6024 -1.6226 5.6184
-1.0249 -0.5393 7.3411
-1.4206 -2.0071 4.1878
-0.6072 -1.0246 6.6154
2.3731 0.6486 11.6707
5.9372 0.1496 12.7348
0.3112 1.8000 12.7742
0.9970 -1.6040 5.5246
3.8519 0.0614 11.3547
5.9983 -2.7540 6.9843
7.1257 -1.8872 9.3626
-1.1593 -1.3216 5.7046
4.5570 -1.6991 7.3834
-1.2290 4.5449 17.3542
3.8399 -1.9352 5.4714
1.6878 -0.1843 9.6153
4.8810 0.2415 12.3079
5.1066 -2.7843 6.4089
4.5220 -2.2117 5.9878
5.3566 -1.8548 7.5124
5.0422 -2.4264 6.3409
1.7282 -2.8472 4.3325
1.2238 -2.7285 4.2777
-16.5167 6.4083 12.2378
7.4961 -1.6744 10.0006
-0.6980 -2.4810 3.6610
1.4538 -1.6931 5.4438
3.4164 0.3371 11.6526
3.9821 -1.0497 9.2159
3.2377 -2.3604 5.2577
6.6165 -1.5361 9.7681
2.7713 -2.0056 5.2666
6.1844 -0.2228 12.1354
4.6205 -2.8474 6.0024
1.4827 -1.3493 3.7661
-10.5985 1.2686 5.4144
6.5619 -2.9062 7.0066
3.9070 -2.7414 5.8017
5.1391 -1.8346 7.4469
7.4130 -1.2141 10.8697
-2.4843 -1.2136 5.1548
5.8081 -2.1057 8.1664
1.3235 -1.9747 4.9577
3.3744 -1.1802 6.9711
4.1932 -1.8279 6.5567
3.0156 -1.5689 5.8242
2.0907 -1.7830 5.4179
3.1993 -2.3779 5.2486
-4.0533 -1.0737 4.5273
5.3743 -2.2019 6.8899
5.4633 -1.4231 9.3274
2.1595 -2.0110 5.0774
2.9765 1.1327 12.9838
-0.2118 2.4403 13.7478
4.3129 -2.0251 5.9234
-6.5334 -0.1449 4.9457
3.3381 -1.9939 5.1849
2.0661 -2.8582 4.5057
11.5181 1.3387 18.3273
5.2563 -2.4796 6.5021
10.5767 1.6383 18.3806
4.1464 -0.7257 9.9563
0.8937 -2.9408 3.6640
5.7730 -2.9412 6.4811
5.3732 -2.9558 6.2212
4.3824 5.2885 22.0766
4.2261 -1.7240 6.7443
3.2644 1.4848 13.8516
2.6660 -2.8850 4.7987
8.4697 1.0032 15.8983
5.0599 -2.8905 6.1703
6.1881 -1.2363 10.1182
4.0642 -2.1849 5.6200
6.7312 -2.4127 8.0876
3.1959 -1.5503 6.0059
2.1767 3.4849 17.2088
3.1692 -2.7960 5.2668
5.5820 -2.7962 6.6598
5.0913 -2.8639 6.2416
-0.2976 -2.0572 4.7366
-0.4888 -0.2226 8.2819
7.7889 -0.9483 11.6165
5.5087 -2.4684 6.6224
1.6645 -2.9310 4.1286
6.4910 1.8841 16.5108
5.0211 -2.8020 6.3243
-3.4870 4.0578 15.0793
-0.2747 -0.9994 6.8576
-11.6061 5.0905 12.4481
2.5537 -2.9459 4.6126
3.0147 -2.7158 5.3373
5.5664 -0.8951 10.4389
2.2736 -2.8955 4.5512
1.5523 -2.8416 4.2420
-1.1646 -2.2994 3.7532
0.5661 -2.9209 3.5144
5.5039 -2.1208 7.1503
-1.4868 -1.7223 4.7171
4.6512 0.5403 12.7706
2.6158 -2.2392 4.8652
-5.0868 -0.3335 5.4053
8.6895 -0.3699 13.2892
2.1158 -2.1142 4.9439
6.7105 -2.2178 8.4641
0.9999 -1.9141 4.9066
7.4542 -0.9483 11.4232
12.5586 6.6666 29.5447
3.3312 2.6480 16.2080
3.8256 -1.9121 5.6752
-0.5544 -2.2694 4.1656
2.8771 -0.9417 7.0246
1.5214 -2.8416 4.2242
-5.7440 -0.5063 4.6814
-1.9167 -1.3216 5.2673
4.9609 1.8000 15.4595
6.0710 -1.2736 6.3753
5.0415 -1.2140 9.5003
3.6878 -2.6963 5.7650
5.9107 -2.8693 6.7039
-13.7789 3.2260 7.4779
0.5275 -1.3769 5.8207
0.2612 -2.4558 4.2652
8.1970 -1.5180 10.7170
-4.2783 -0.9477 4.6485
5.2460 -2.7783 6.5014
8.4245 1.8841 17.6275
5.8742 -2.1290 8.1581
-0.9508 -1.8867 4.6991
-8.4289 0.4370 5.0103
-1.5155 1.3388 10.8002
6.0411 -2.1853 8.1423
4.4525 -2.7029 6.1934
-4.1522 5.0909 16.7538
4.9447 -1.8464 7.3130
6.8343 -2.8309 7.3140
0.1064 -2.2279 4.6298
3.3034 -1.0193 7.3494
7.4005 -1.8001 9.6948
6.9857 -2.1631 8.7319
6.7166 -2.2284 8.4464
-2.2372 -0.7836 6.1542
5.6726 -0.5396 11.2086
-0.6146 -1.5715 5.5214
6.8384 -2.8365 7.3051
-10.3618 1.5607 6.1332
-5.1008 2.3409 10.7262
-2.3236 -1.0979 5.4780
7.3085 -0.1845 12.8610
4.8458 -2.9461 5.9360
2.2371 -2.3310 4.6672
-6.5076 0.7047 6.6535
2.4884 -2.2663 4.7698
-9.5138 1.1999 5.9041
1.1530 -2.0848 4.7148
6.1354 -1.6240 9.3151
9.1906 1.4847 17.2741
4.7311 -2.9509 5.8601
-2.2714 6.6654 20.9773
6.2411 -2.4477 7.7349
0.2705 -2.4810 4.2202
5.0390 -2.9263 6.0869
2.7635 1.1327 12.8608
4.1362 -2.1234 5.6198
7.6850 6.6662 26.7292
0.0375 -1.7382 5.5658
-9.7338 1.9705 7.3125
6.1600 -2.8021 6.9819
1.8663 -2.7780 4.5500
-2.1555 -1.7844 4.2072
6.9420 -1.9556 9.1202
1.5957 -2.3863 4.3144
-6.4739 -0.1051 5.0594
5.7209 -2.7160 6.8998
-7.6052 3.4847 11.5589
1.4375 -1.3408 6.0996
-2.2544 -1.9280 3.8639
5.4156 -2.7843 6.5874
0.1277 2.6480 14.3578
0.9493 -2.9650 3.6480
3.1478 -2.7158 5.4141
-0.2145 -1.0246 6.8422
9.6586 3.1034 20.7698
-2.4056 -1.8866 3.8591
-1.3058 -0.7548 6.7495
4.9124 -1.2634 8.4648
1.5238 -2.4570 4.3525
2.4424 -2.1979 4.8156
-6.5204 -0.0232 5.1956
-2.6175 -1.2357 5.0336
-0.6137 -0.4046 7.8470
8.5182 -0.8406 12.2524
1.7919 -2.3422 4.5291
4.0403 -2.8019 5.7580
6.4109 -0.6961 11.3233
-1.1244 0.4368 9.2286
0.8860 -1.6045 5.4643
7.2783 -2.1175 8.9919
3.6994 -1.9398 5.3674
-3.1503 1.0034 9.1877
8.3509 -1.4808 10.8800
-0.1498 2.9840 14.8672
2.8690 -2.9161 4.8541
3.8542 -1.6395 6.2934
-1.1316 2.4403 13.2166
-17.7970 3.7609 6.2230
6.2554 -2.9062 6.8296
4.0926 -2.9262 5.5405
-3.2612 -1.5173 4.1009
4.8225 -2.7160 6.3811
0.0456 -0.5394 7.9593
2.0238 2.9841 16.1225
6.8243 -2.6560 7.6567
3.1965 -2.6762 5.5213
0.4144 -0.8677 7.5181
3.5171 -1.5563 6.0253
-2.3260 0.7617 9.1822
5.5364 -1.2140 9.7861
6.6047 -2.3389 8.1616
5.6240 -2.9510 6.3756
-2.1096 3.4848 14.7331
2.5319 -0.9611 6.8129
6.7591 -2.2284 8.4710
6.5431 -2.3857 8.0329
4.0848 -2.4252 5.8140
0.1728 2.6480 14.3838
3.8874 -1.0248 9.2107
4.9033 3.2264 18.2685
5.7384 -1.4806 9.3715
1.3196 -2.2886 4.3465
-2.7795 -1.5713 4.2714
5.0839 -1.1687 9.6151
-1.7790 -2.0071 3.9809
4.1342 -2.8956 5.6255
5.1152 -2.3789 6.3570
5.8121 4.0581 20.4506
8.9270 2.6481 19.4399
-14.9492 3.2260 6.8020
2.7037 -2.8903 4.8100
6.7686 -2.4732 7.9887
7.1572 -1.0984 10.9525
4.6602 -1.3531 8.1429
1.9566 -2.1582 4.7443
-2.2039 -1.1911 5.3614
-9.4067 1.5607 6.6848
-1.1293 -2.1957 3.9804
-1.2165 -1.0494 6.2141
-2.8195 1.6384 10.6440
7.1281 -2.5143 8.1145
-0.5880 -2.2995 4.0861
14.2182 5.0920 27.3655
0.4817 -2.8074 3.6918
1.0038 -2.6692 4.2688
0.0570 0.4367 9.9108
-2.1629 -0.2972 7.1662
5.0308 -2.8419 6.2504
2.0994 1.8000 13.8069
5.9433 3.3536 19.1226
-15.0727 2.6478 5.5785
1.3536 -2.7221 4.3654
5.9822 -2.9314 6.6216
3.1165 -2.8417 5.1451
3.3142 -1.9361 5.3779
5.6768 -1.6577 8.9831
2.3538 -2.7475 4.8925
1.8723 -2.1951 4.6171
0.6674 -2.5454 4.3211
6.6444 -2.7478 7.3698
3.2794 -1.1081 6.9198
7.6506 -2.1175 9.2068
-0.1611 -2.6273 3.6795
6.6195 -2.1853 8.4763
-1.9965 -1.3216 5.2213
6.6695 -2.9164 7.0484
5.7354 -2.7843 6.7720
5.6011 -2.7723 6.7184
-1.0506 -1.7996 4.8151
6.0918 1.2684 15.0533
-3.5762 0.8799 8.6955
4.7975 -2.7843 6.2305
3.9108 -2.9312 5.4256
0.1446 -2.6415 3.8278
4.6505 -0.2228 11.2496
-21.6627 5.0900 6.6389
3.5190 -2.7476 5.5652
-1.0385 -1.4227 5.5731
9.0011 -0.9220 12.3689
1.6876 -2.9006 4.2025
1.5578 -1.6071 5.7338
7.7278 -1.8589 9.7668
6.3123 3.4850 19.5975
1.5504 -2.4887 4.3837
2.0753 -1.7814 5.5642
4.3644 -2.0273 6.2626
5.5700 -2.9412 6.3639
1.1323 -2.6760 4.3295
4.4884 -1.9797 6.6244
5.2751 -2.7962 6.4827
1.0807 -1.8269 5.1494
5.0005 0.4879 12.8679
0.9606 -2.9108 3.7624
4.4583 -1.9950 6.5545
-5.5324 2.3409 10.4769
-0.0772 5.9315 20.7822
8.2709 1.1997 16.1750
4.1444 -2.7351 5.9513
-0.0516 -1.5891 5.8114
2.9460 -2.9651 4.8008
6.3793 -2.6062 7.4989
2.1176 -2.2508 4.6399
-2.0097 -1.3423 5.1723
-2.4778 0.1954 7.9660
1.3251 -1.8024 5.3348
5.7413 -2.8853 6.5742
4.5256 -1.5111 7.6938
5.8356 -2.0698 8.2536
3.9849 -1.6175 6.7225
-9.0644 0.7048 5.1770
2.7435 4.2144 18.9898
-4.3396 -1.2135 4.0834
-4.2849 2.4402 11.3954
0.2130 -1.0495 7.0396
2.1451 -1.9770 5.3193
7.7125 -1.0985 11.2731
5.9309 -2.2070 8.0354
3.7248 -2.9059 5.3685
9.4556 -0.3341 13.8029
2.7938 -0.2227 10.1775
2.7067 -1.3944 6.1499
6.8715 -1.0743 10.8356
3.3402 -1.5017 6.1793
5.2021 -1.8161 7.6477
3.2283 -1.0748 7.0826
2.9403 -1.0184 6.9048
4.2006 -2.8692 5.7165
-0.7184 -2.1285 4.3516
4.7734 -1.9082 7.0569
4.4015 -2.4807 6.0113
-7.3459 6.4090 17.5358
-1.7017 -1.8292 4.3800
10.6473 4.9025 24.9256
1.1404 -1.8676 5.3119
0.2756 -1.9815 5.2186
4.0064 -2.3025 5.6772
8.7476 0.3370 14.7312
-4.4976 -0.9736 4.4701
3.2859 -0.1054 10.6953
3.9271 -2.0455 5.4722
3.2052 -1.2087 6.7011
9.4695 -0.4396 13.6007
1.4177 -2.2523 4.4812
5.9691 -2.5061 7.4614
4.8386 -2.8746 6.0742
1.8253 -2.7959 4.4909
6.1057 -2.5061 7.5403
4.2455 1.8000 15.0464
1.4584 -1.4722 5.8991
1.8412 -2.6025 4.6093
2.0687 -1.9071 5.2254
4.6527 -0.8124 10.0761
3.0424 -1.8603 5.3633
2.3751 -1.5639 5.8699
5.1285 -2.3231 6.4381
2.0087 -1.8558 5.2880
5.8037 -2.7289 6.9220
3.5957 -2.9161 5.2736
2.7959 -1.0887 6.5686
1.0000 -2.9554 3.6963
3.8552 -1.1220 8.9984
6.2573 -2.8531 6.9365
5.7872 -2.9510 6.4699
2.7185 -2.8798 4.8395
-0.5113 -2.0572 4.6132
5.6016 -2.1518 7.9552
2.4296 -1.7187 5.6774
5.4844 -2.7288 6.7377
3.6932 -2.7476 5.6658
-3.2703 -1.5535 4.0234
5.0116 -2.1794 6.6526
2.1027 -1.2570 6.3273
0.5175 -2.8901 3.5477
8.3211 -0.7259 12.3670
-2.5911 -1.0738 5.3716
-0.0018 -2.6759 3.6746
6.1457 -2.6764 7.2240
4.9893 -2.7843 6.3412
2.4286 -0.1054 10.2003
6.5035 -2.3672 8.0468
-3.6833 1.4109 9.6919
9.4036 0.2887 15.0139
7.8585 -1.8299 9.9001
2.9525 -2.3940 5.1158
7.6835 -2.1406 9.1799
-1.8437 -2.0448 3.8684
5.2210 -2.0770 6.9827
1.4543 -1.5614 3.8913
6.9597 -2.5459 7.9542
2.4476 -2.2258 4.7331
6.7454 -2.4563 8.0090
5.5530 -2.2248 6.8638
2.0086 -2.2188 4.7272
0.6832 -0.1842 9.0352
6.8373 -2.7904 7.3964
6.7049 -2.3485 8.2005
3.2609 -1.9312 5.2864
7.1778 -2.5989 7.9745
5.2410 -2.1128 6.9233
1.2861 -1.9476 4.9487
6.7496 -1.7069 9.5047
5.4216 -2.7601 6.6391
-0.3362 -0.4392 7.9384
-0.2439 3.4849 15.8107
4.9787 -2.7843 6.3351
5.0969 3.1033 18.1350
5.8383 -2.3672 7.6627
6.6962 -2.2178 8.4558
4.3008 -1.4035 7.8256
0.3846 -0.1842 8.8627
-20.6745 5.7065 8.4380
-6.1280 0.8202 7.1028
0.4466 -0.7256 7.8199
1.5536 -2.9506 4.0255
0.3234 -2.4386 4.3353
12.8085 2.6481 21.6818
-0.5353 -2.4298 3.8569
5.7821 -1.7849 8.7904
1.2930 -1.7657 5.3902
2.4481 -2.2778 4.7456
2.5608 -2.0958 5.0584
4.1928 -2.0468 6.0069
1.1215 -2.7221 4.2314
7.1386 -2.4816 8.1857
5.4104 -1.7696 8.6062
9.5717 4.2147 22.9339
1.7137 -1.5612 5.7313
0.0192 -1.8726 5.2874
0.4262 -2.4386 4.3947
6.1915 -2.1742 8.2511
7.2801 -1.9689 9.2891
7.9924 -1.8873 9.8630
2.1113 -2.0017 5.0660
-0.6764 -1.9145 4.8022
-4.2243 -0.2972 5.9759
2.0416 -2.3301 4.5523
0.6821 -2.8471 3.7285
3.5649 -1.9311 5.4615
-2.1417 -1.1911 5.3974
-4.5014 -0.7835 4.8467
4.4955 -1.9132 6.9922
4.0351 -2.8799 5.5997
9.3758 -0.6962 13.0353
0.6561 -0.1842 9.0195
2.5897 -2.2486 4.8437
3.4183 -1.6762 5.7668
5.5249 -2.8420 6.5356
-18.1165 4.2136 6.9407
5.9657 -2.2900 7.8900
3.4183 -2.2770 5.3337
4.0632 -1.3088 7.7139
-1.3321 -1.3830 5.4825
5.9205 -2.6278 7.1909
7.1063 1.0672 15.2384
5.7043 -2.5389 6.8100
-5.2263 1.4849 8.9480
4.3574 -2.9060 5.7338
-14.5950 4.2137 8.9747
10.6601 0.4364 16.0340
4.0433 -1.7121 6.4017
5.6299 -1.7068 8.8582
4.6577 -1.7575 7.2830
4.3703 -2.9605 5.6327
2.7069 -2.1792 4.9499
1.9617 -2.7412 4.6785
5.8266 -2.9314 6.5317
3.3590 -2.9059 5.1573
0.9920 -1.9030 4.9971
-3.1488 -1.6404 3.9205
-4.2365 -1.2135 4.1429
6.6554 -2.2901 8.2882
6.6308 -2.4563 7.9428
3.9855 -1.8459 5.9549
7.6673 -1.4618 10.5230
5.0762 -2.0110 7.0299
-3.1126 -1.3215 4.5768
7.0973 -0.9483 11.2171
-0.4929 -1.7996 5.1371
2.3656 -1.7861 5.5153
4.8988 -2.8693 6.1196
7.7680 0.4365 14.3638
0.7143 -0.9995 7.4287
2.9994 -2.4101 5.1521
0.0684 -2.5056 4.0544
-3.1744 -0.3336 6.5096
3.3873 -1.5614 6.0890
3.6911 -2.2514 5.4560
2.7244 -2.9311 4.7406
3.8224 -1.9447 5.4545
-2.6115 0.9409 9.3743
0.2626 -2.5684 4.0415
3.3679 -0.8403 9.2784
8.6264 -1.1223 11.7534
5.3140 -1.5541 8.9801
5.8147 -2.7289 6.9284
1.8752 -2.7536 4.6038
-6.0311 5.0908 15.6685
7.5138 -1.6744 10.0108
3.4108 -2.1539 5.2218
-7.2819 0.4883 5.7750
6.1466 -2.1174 8.3385
-4.2817 -1.1682 4.2071
5.5458 -0.7258 10.7644
4.0532 2.6480 16.6250
1.4551 -1.1954 6.2806
3.7857 -2.3535 5.5867
-6.4779 1.4110 8.0779
3.8133 -0.9996 9.2182
5.1728 -0.3837 8.0280
7.1597 2.3410 17.8073
0.9390 -2.7658 4.0387
6.9536 -0.7552 11.5188
1.4000 -0.0648 9.6871
2.8274 -2.0713 5.1747
5.6657 -2.3541 6.7028
-3.2566 -1.4988 4.1404
7.4137 -1.8589 9.5854
-3.1916 1.1999 9.5552
9.6813 1.4847 17.5575
4.1034 -2.1386 5.6113
5.5378 0.2415 12.6872
-2.7431 -0.8947 5.6407
7.7137 -2.0205 9.4366
2.2947 -2.0769 5.1006
-1.2738 -0.5393 7.1973
1.8228 -2.7720 4.5370
0.0108 -1.0739 6.8740
5.9932 -1.7420 6.6315
3.9215 -0.9218 9.4358
2.2885 -2.5526 4.8411
-0.2550 1.7181 12.2840
2.6534 -2.8417 4.8778
-5.3578 0.2418 6.3952
-14.1041 2.2443 5.3340
6.5318 -2.9265 6.9488
1.0682 -2.7659 4.1134
3.4342 -2.8077 5.3965
2.8162 -2.0804 5.1180
-1.5381 -0.2225 7.6760
10.6365 2.7567 20.6437
2.2030 -2.0850 4.9418
1.0723 -0.6655 8.3008
11.2417 4.9025 25.2689
2.9353 -0.6349 9.4379
-14.4503 5.9305 12.4791
1.0361 -1.8508 5.0799
-2.8492 1.4848 10.3209
6.8167 3.4850 19.8889
-0.5193 -2.0199 4.6829
3.7852 -2.2955 5.5321
7.6117 -0.5069 12.3937
3.1386 -2.8249 5.1915
4.6819 -2.2676 6.0392
5.6549 -2.9461 6.4032
4.3580 -2.0554 6.0473
4.5482 -2.9162 5.8236
-2.0400 -1.5356 4.7697
-0.9618 -1.4613 5.5405
-1.1335 -1.8293 4.7080
7.9843 0.8796 15.3717
1.8942 -2.7092 4.7033
-4.9391 2.7565 11.6477
3.2184 4.9021 20.6343
2.1930 -1.5860 5.8097
2.4806 -1.1633 6.4912
4.0643 -2.5703 5.8771
-0.4675 -2.1957 4.3625
14.6061 4.5457 26.5010
6.4534 -2.9164 6.9236
4.4398 -2.3294 5.9347
3.1590 -1.5052 5.9808
-6.1077 3.3533 12.1620
2.7252 0.0185 10.6185
2.8795 -2.9651 4.7624
3.2859 -2.0981 5.1223
7.5730 2.6480 18.6579
6.8364 -1.4807 10.0055
5.9479 -2.8747 6.7147
-13.3652 1.9705 5.2152
3.9640 -2.0935 5.5008
5.5565 -2.8693 6.4994
5.0652 -2.5681 6.4503
8.7549 0.0183 14.1005
-2.1160 -1.3216 5.1522
7.7576 -0.8125 11.8689
7.8818 -1.9689 9.6365
2.7713 -1.2257 6.4431
7.1218 -1.9688 9.1977
4.0188 -2.3117 5.6775
2.3816 -2.2684 4.7134
0.4460 -0.8627 5.6880
-16.7815 4.0573 7.4002
4.7098 -1.2093 8.5316
-1.3551 1.1328 10.4823
1.8744 -0.0648 9.9611
6.2825 -1.8731 8.9038
0.2866 -2.7156 3.7621
2.8279 -1.6980 5.6222
-11.8002 5.4929 13.1377
-1.9577 -0.0234 7.8304
2.9443 -1.2710 6.4252
1.6533 0.2889 10.5382
3.2889 -1.0187 7.1799
-9.1737 1.8841 7.4638
4.8088 -2.7902 6.2252
2.9321 -2.6829 5.3552
5.2199 -2.8136 6.4160
1.4905 -2.8416 4.2063
3.4396 -0.9996 9.0024
-8.9765 0.8203 5.4578
5.8078 -2.3930 6.7615
-5.1633 1.9705 9.9521
3.3474 -1.7657 5.7012
5.6181 -2.9654 6.3435
6.2022 -2.8021 7.0062
4.2044 -2.7223 6.0113
6.6215 -1.8298 9.1858
2.7460 0.7616 12.1112
11.4891 5.0918 25.7891
6.4261 -2.2389 8.2577
-0.3010 -2.3851 4.0812
2.6165 -2.5706 5.0423
6.2602 -2.6420 7.3588
5.1554 -1.9862 7.1547
6.1363 -1.1932 6.4223
5.2610 -2.0903 7.0534
0.6636 -2.7156 3.9798
3.7452 -2.0219 5.3307
-1.0978 3.2263 14.8023
3.2116 -2.7960 5.2912
4.9223 -2.7160 6.4387
-0.2958 -0.0234 8.7901
1.4632 5.4937 20.7996
5.4840 -2.1176 7.1772
7.2774 -0.7259 11.7643
-7.8498 3.9068 12.2587
4.4947 -0.9997 9.6116
3.0717 -2.8473 5.1082
1.3504 -2.4371 4.2349
-0.2021 -1.8439 5.2168
1.0506 -1.9981 4.7736
7.1054 -1.3633 10.3948
1.2296 -2.9554 3.8289
0.0064 -2.4810 4.0677
-14.0998 4.2138 9.2608
7.2261 -1.0250 11.1386
5.5672 -2.2006 7.0388
3.7391 -1.1374 7.6243
7.3821 -2.4128 8.4634
6.4579 -2.9010 6.9568
3.6218 -1.3357 7.0143
0.9352 -1.8307 5.0862
4.2176 -2.2318 5.7398
5.6872 -2.0576 8.1922
7.0767 -1.8872 9.3342
3.0777 -2.0676 5.1538
5.8807 -2.6134 7.1965
-10.5794 3.4846 9.8410
4.4412 -2.6064 6.1184
1.7726 -2.7157 4.6201
0.8113 -0.8949 7.6931
-0.9551 2.6480 13.7324
0.7725 -2.7284 4.0171
4.6755 -1.7820 7.2453
2.2747 -2.6961 4.9491
5.8963 -1.9524 6.7160
3.9001 -2.6255 5.8196
6.5618 -2.6135 7.5898
5.0001 -1.7394 7.5722
5.8465 1.8841 16.1386
5.4956 -2.8020 6.5983
6.9681 -2.7785 7.4957
8.8210 5.0917 24.2478
3.2328 -1.5723 5.9729
1.9965 -2.4632 4.6112
-20.9964 5.0900 7.0238
7.1232 5.0916 23.2671
6.7522 -2.8586 7.2114
7.3881 6.9345 27.0923
3.8189 -2.8019 5.6302
-8.7818 0.9410 5.8109
-0.5733 -0.2603 8.1579
6.2552 -2.9654 6.7114
-0.0569 -2.3094 4.3731
3.1591 -2.8956 5.0625
1.5743 -1.8276 5.1926
7.0068 -1.4807 10.1039
-1.3792 -2.2487 3.7303
4.8475 -1.0249 9.7651
1.5648 -1.6987 5.4386
6.7566 -1.1688 10.5809
3.1680 -2.8418 5.1749
4.0136 -1.3919 7.5097
6.4839 -2.4127 7.9448
1.9310 -2.3122 4.4737
6.6488 -2.8195 7.2295
-15.5015 2.9838 6.0004
1.3211 -1.9719 4.9446
-2.3427 -1.0493 5.5638
-8.6009 0.4883 5.0133
-3.3956 -1.3422 4.3721
2.4463 -1.9272 5.2912
8.2563 -1.4808 10.8254
3.9466 -2.0875 5.5732
3.3398 -2.1849 5.2018
-0.3381 2.0593 12.9158
-7.8323 4.9015 14.2510
2.8504 -1.3816 6.0870
6.6994 -1.0743 10.7363
4.2257 -2.8584 5.7526
2.5587 -1.8496 5.4437
8.0096 -1.6242 10.3973
2.8620 -1.5636 5.9108
-3.1012 -0.1052 7.0070
-2.8323 2.7565 12.8645
4.2773 -0.6657 10.1516
9.7370 1.9705 18.5576
5.3221 -2.5122 6.5578
-1.2114 -2.0814 4.1607
0.6207 -0.3132 5.3840
7.8888 -1.2582 11.0566
-10.3017 2.8684 8.7736
2.5321 -2.3288 4.8320
3.5638 -0.8123 9.4473
-0.1769 -1.0494 6.8144
-8.5150 4.7196 13.4942
2.1147 -2.7412 4.7669
-14.1668 3.9065 8.6100
3.5749 4.9021 20.8403
0.8521 -2.7156 4.0887
4.0733 -1.2721 7.7577
-24.5908 6.1633 7.0866
-0.0656 -2.1626 4.6605
5.2309 -0.2362 7.9630
4.8263 4.7202 21.2006
3.5394 -0.9217 9.2152
1.7061 -2.7157 4.5817
4.6089 -2.7029 6.2837
5.7365 -1.9948 8.3459
-4.8592 0.6488 7.4941
2.7291 -0.6959 9.1973
0.0370 -2.6273 3.7939
0.4562 4.7200 18.6762
5.2929 -2.1633 6.8488
1.9352 -1.0197 6.7000
6.3576 -2.8308 7.0388
-6.6557 1.5607 8.2735
0.4672 -2.8689 3.5610
2.0829 0.7616 11.7283
0.9700 -2.6894 4.2090
5.3893 2.3409 16.7848
3.3778 -1.5473 5.9827
3.4203 -2.3112 5.3308
4.0635 -0.4733 10.4114
6.3402 -0.0650 12.5399
8.6858 1.0672 16.1505
0.4570 -2.8689 3.5551
8.3263 -0.6659 12.4896
6.3167 -2.8801 6.9170
5.0295 -1.7286 7.6270
-0.2000 -0.2603 8.3735
-4.2850 5.4934 17.4790
4.1192 -2.7287 5.9494
5.9908 -2.7096 7.0685
-1.8284 -2.0448 3.8773
2.4117 -1.8678 5.3769
0.5128 -0.5820 5.5719
4.9903 -2.9509 6.0098
0.6216 -2.4975 4.3901
-0.3258 -0.9215 6.9832
-7.6101 1.1999 7.0035
0.0509 -2.6826 3.6917
5.2592 -2.0173 7.2196
-1.9124 1.0673 10.0300
2.7536 -2.9311 4.7574
0.9440 -2.8075 3.9587
-0.9721 -2.2795 3.9042
6.2660 -1.8731 8.8943
7.1651 -2.3579 8.4474
6.7836 -2.7290 7.4878
-9.4200 3.4846 10.5107
8.5398 0.3862 14.7094
1.6961 -2.7221 4.5631
8.6080 0.7044 15.3827
-2.5390 -1.7063 4.1414
4.1525 -2.4987 5.8802
7.0333 -2.7226 7.6447
1.1143 4.5451 18.7077
7.8270 -1.8589 9.8240
-17.6263 4.5442 7.8826
-9.1767 5.9308 15.5256
2.8030 -2.8305 4.9865
1.3232 -2.7840 4.2246
5.5261 -2.8693 6.4819
0.1516 -2.5531 4.0079
3.1752 -2.0054 5.2029
-4.3780 2.5425 11.5455
7.1170 -1.0250 11.0756
8.1036 0.1496 13.9859
5.7422 -1.0249 10.2818
4.9891 -2.2631 6.4299
-1.7423 -1.3006 5.4099
-0.3696 -0.7837 7.2326
6.9786 0.8199 14.6719
-9.8745 1.1329 5.5623
10.6087 2.4404 19.9973
-9.7795 5.4930 14.3050
1.9094 -1.8918 5.2603
-4.3585 0.0617 6.6134
4.3517 -2.0692 5.8577
-8.0199 1.9705 8.3023
-11.1412 3.9067 10.3576
3.0704 -1.6343 5.7218
-0.0619 -1.6739 5.6365
-8.8507 4.3762 12.6160
9.7505 0.5937 15.8221
7.3391 -2.2700 8.7232
2.6000 -0.6036 9.3066
7.4345 -0.6658 11.9747
6.3632 -2.5459 7.6098
10.4904 3.6211 22.2817
6.2296 -2.3579 7.9072
1.4597 1.4109 12.6620
1.3861 -2.0610 4.8685
3.0374 -2.8528 5.0774
3.1298 -2.7093 5.4167
-5.0376 1.4849 9.0570
1.5784 -1.6352 5.6970
-4.5500 -0.9213 4.5440
5.1847 1.3388 14.6697
0.4101 -2.1958 4.8692
12.1405 1.7181 19.4428
7.6947 -1.8589 9.7477
1.8710 -2.6961 4.7160
-8.8083 0.5407 4.9979
-2.7933 -1.0979 5.2068
2.1289 -2.6961 4.8649
4.7602 -1.0249 9.7147
-0.1082 -2.0815 4.7976
10.5812 1.0671 17.2452
4.5144 4.0581 19.7010
-4.4547 -0.7835 4.8737
3.7918 2.3409 15.8622
6.0314 -2.9010 6.7106
7.1497 -0.0650 13.0073
4.2687 -1.1851 8.1813
5.0385 -1.4425 9.0434
1.5715 1.9705 13.8417
0.4335 3.9070 17.0432
5.6347 -2.9010 6.4815
0.3937 -2.1514 4.9481
2.2973 -2.4799 4.7949
3.5079 -1.9427 5.3051
2.6888 -1.9076 5.4075
10.0529 0.8796 16.5663
6.0246 -1.6243 6.5711
5.7827 -2.3000 7.7645
1.6242 -1.2346 6.3791
4.5907 -1.7495 7.1971
-1.8229 0.9409 9.8297
5.3671 -2.9412 6.2468
15.1017 6.6668 31.0138
-2.6687 1.1328 9.7237
7.0107 -2.0077 9.0561
6.8249 -1.4994 9.9616
3.7507 -2.0302 5.3930
1.4693 -2.8075 4.2620
2.3388 -2.1285 4.8751
-7.5222 0.3867 5.4338
3.7686 -2.8192 5.5666
-4.0096 -1.2575 4.1862
1.5190 -2.3477 4.3544
6.0366 -1.4766 6.4794
1.3883 -2.3772 4.3214
2.4300 -2.1867 4.8109
6.0329 -1.3765 6.4417
5.4805 -2.7030 6.7869
-0.1009 -1.5715 5.8180
1.9289 -2.7412 4.6596
3.1684 -2.9604 4.9387
-0.2267 -0.2603 8.3581
5.6175 -2.2675 6.9480
4.6220 -2.5338 6.1739
6.8817 -1.3428 10.3064
-3.0459 -0.1052 7.0389
-3.8504 -0.1841 6.4172
4.6296 -2.2116 6.0175
1.8334 -1.6762 5.5532
-0.0564 -2.1400 4.7109
6.2594 -1.3633 9.9063
6.4094 -0.6350 11.4441
-3.3770 -0.8947 5.2746
4.2261 -0.1055 11.2382
1.0928 -2.7092 4.2405
4.7049 -1.6815 7.4656
-12.8737 5.4928 12.5176
3.9745 -2.8638 5.5968
-8.0635 2.2443 8.8228
-13.5341 4.9012 10.9573
3.7737 -1.8371 5.6412
0.6475 -2.7091 3.9835
4.1186 -2.6830 6.0402
1.1717 -2.1047 4.6436
2.3903 -2.7781 4.8526
-7.6018 0.0618 4.7404
1.8426 -2.8636 4.3658
0.6605 -0.9739 7.4486
-0.9087 -1.5890 5.3165
1.0826 3.3535 16.3151
1.7201 -2.9160 4.1907
6.5747 -0.8680 11.0752
4.1885 2.6480 16.7032
-3.4077 1.5606 10.1493
2.7635 -2.9110 4.8033
0.8843 -2.9005 3.7388
-0.6174 -2.3851 3.8985
2.0996 -2.2153 4.6995
0.0846 -2.6057 3.8645
-19.8363 5.7065 8.9223
-2.8059 -1.1911 5.0138
-0.4988 -2.4385 3.8606
7.1251 -1.7850 9.5658
-3.2729 -0.2972 6.5252
9.6686 1.0671 16.7181
-10.7253 1.4110 5.6250
6.0570 -1.2461 6.3997
-1.3310 2.9840 14.1849
4.5166 -2.8078 6.0214
4.6612 -2.7414 6.2371
5.8726 -2.3484 7.7199
6.7144 -2.9462 7.0149
7.1317 -2.5223 8.1006
-1.0829 -0.1053 8.1725
1.8980 -2.1099 4.8042
7.6760 -1.3634 10.7243
-14.1991 4.5444 9.8623
7.8397 1.1997 15.9259
6.4169 -0.4049 11.9069
2.8147 -2.0596 5.1702
-7.6387 0.3374 5.2684
-10.0329 5.7072 14.5854
3.3632 -1.9741 5.2481
-0.3293 1.4109 11.6289
1.2360 1.4109 12.5329
-5.6802 0.4882 6.7000
1.6376 -1.5568 5.7945
2.7933 -2.8076 5.0264
4.7894 -2.9557 5.8842
6.8690 -2.7416 7.5119
-2.1527 0.1954 8.1537
2.0834 -2.7092 4.8125
5.4985 -1.0497 10.0916
7.9910 -1.4232 10.7869
-15.5189 3.4844 6.9880
8.2065 1.4108 16.5585
-0.7818 -1.0246 6.5146
5.0599 -2.1195 6.7945
5.2543 -1.3834 9.2856
-2.0367 0.4881 8.8040
-3.3278 0.7046 8.4898
1.3234 -0.4392 8.8968
2.2663 -2.8797 4.5784
-1.1940 -1.4030 5.5225
1.5779 -1.8299 5.2065
1.5550 -1.2521 3.7573
-6.4058 4.0577 13.3934
0.0188 1.4848 11.9772
4.3570 -2.3291 5.8862
0.8378 4.0579 17.5774
6.9127 -2.1631 8.6898
2.1787 -1.3090 6.3217
7.3916 -2.1519 8.9887
3.7854 -1.4172 6.8404
1.8770 -2.1805 4.6508
4.6058 -2.9111 5.8670
1.2618 -2.8133 4.1307
1.3659 -2.7840 4.2492
-4.5298 3.4847 13.3352
-1.0946 -2.3288 3.7352
5.0963 -2.9461 6.0806
6.0711 -2.6489 7.2357
4.9893 -2.7783 6.3532
7.5895 -1.7069 9.9896
-4.2686 3.2262 12.9709
-5.8759 -0.4389 4.7395
6.6862 -1.6069 9.6673
-20.4098 6.6639 10.4986
7.0804 -2.5690 7.9779
2.0668 2.5426 15.2677
8.0109 -1.2582 11.1271
0.3846 -0.6347 7.9650
6.6821 -1.1916 10.4925
-3.9670 -1.0492 4.6259
8.4813 -1.0985 11.7171
6.4971 -2.5613 7.6564
0.3207 1.4848 12.1515
6.7507 -2.4648 7.9952
4.5131 -0.9741 9.6732
1.4480 3.1033 16.0275
1.7176 -1.0401 6.6181
7.5765 -1.9423 9.5133
9.3959 -0.0238 14.3868
1.7292 -2.7221 4.5823
5.2618 -2.8136 6.4401
1.1957 -1.2886 6.0443
0.9314 -2.6624 4.2406
2.0124 -2.1323 4.8161
-0.0026 -1.9683 5.0841
4.8359 -2.2254 6.3420
5.3115 -2.3270 6.5536
-2.2839 -0.9737 5.7484
-6.4388 2.3409 9.9535
3.8147 1.1998 13.6015
6.6627 -2.7844 7.3074
3.1570 -2.8134 5.2249
-1.3038 -1.9416 4.3858
3.6176 -2.8851 5.3481
5.4616 -2.3565 6.5612
-6.3468 1.9705 9.2686
2.7836 1.5606 13.7250
2.2242 -2.4790 4.7506
-1.5258 2.4403 12.9890
6.2257 -2.7844 7.0551
11.2600 3.6211 22.7262
-0.9531 -2.0072 4.4577
-14.8568 3.9065 8.2114
2.3765 -2.1373 4.9621
7.6675 -0.5720 12.2961
-2.1732 2.6479 13.0289
9.1983 1.0032 16.3190
7.1821 -2.2597 8.6529
5.9083 -1.9088 6.6938
2.5056 -1.6203 5.8884
4.2964 -2.1230 5.8437
9.7332 6.6664 27.9124
4.3533 -0.9481 9.6327
4.9292 -1.7861 7.4148
2.1285 -1.9999 5.0690
0.0388 -2.7220 3.6062
1.7668 -2.8304 4.3882
0.8325 -2.9108 3.6884
7.5328 6.9345 27.1759
-2.3158 -0.9478 5.7817
6.4957 -1.5179 9.7347
1.4924 -2.8796 4.1316
-1.2676 1.5606 11.3853
6.9688 -2.3390 8.3718
5.6725 -2.8079 6.6888
3.1108 -2.7721 5.2806
4.0893 0.4879 12.3417
6.2080 -1.4425 9.7187
0.5657 -2.6623 4.0295
5.4617 -1.9555 8.2655
1.7081 3.9071 17.7794
1.0000 -0.4732 8.6423
5.5470 -2.0698 8.0869
-10.6572 4.5445 11.9082
4.9358 -1.9798 7.0017
6.4166 -2.6490 7.4352
1.8662 -2.3961 4.4937
10.8249 1.1326 17.5163
5.4141 -0.8404 10.4600
4.5037 1.5606 14.7184
-11.6284 4.5445 11.3472
-17.4519 5.2872 9.4638
1.4657 -2.2782 4.4724
-0.1633 -2.4032 4.1246
3.8925 -1.9799 5.6116
2.4158 -2.7158 4.9915
0.4469 -2.8689 3.5493
1.5098 -2.7659 4.3684
10.7578 1.9705 19.1472
-1.4461 -1.8583 4.4697
-3.2642 1.4848 10.0812
-13.2865 3.1030 7.5171
-8.2997 5.2878 14.7507
6.6061 1.5606 15.9326
6.4507 1.8841 16.4875
3.2697 -0.9217 9.0594
1.8809 -0.9996 6.7030
5.1960 -2.7477 6.5335
7.9728 -1.5362 10.5512
6.6151 -2.9214 7.0069
0.3823 -2.8132 3.6229
1.8025 -2.9458 4.1789
4.7683 -2.2888 6.1737
3.2457 -2.7028 5.4966
7.7809 0.8796 15.2542
3.1064 -2.0034 5.1568
4.9101 -2.8905 6.0839
3.1641 -1.3144 6.4451
1.4925 -2.2002 4.5634
5.5227 -2.7477 6.7221
-4.1107 -0.5715 5.4948
-7.5021 0.8202 6.3093
5.9480 0.0613 12.5651
-2.4914 1.0034 9.5682
6.4866 -1.5719 9.6217
-15.3731 5.9304 11.9460
9.8623 3.3537 21.3861
-0.3292 -1.6065 5.6165
5.8331 -2.8021 6.7931
-3.4431 1.1999 9.4100
5.9918 4.7203 21.8738
4.1567 -2.7600 5.9088
4.7579 -2.1313 6.4809
0.5572 -2.7473 3.8552
7.1502 0.2414 13.6183
5.4669 0.4366 13.0350
4.7376 -1.9091 6.9705
6.7704 5.4940 23.8653
-1.4068 0.8798 9.9483
1.2376 -2.7348 4.2730
0.0491 -2.4472 4.1598
3.2677 -2.8192 5.2774
9.7582 0.4365 15.5132
4.4727 -2.8020 6.0077
-0.2056 -1.7996 5.3030
8.9425 1.1326 16.4292
3.3289 -2.1073 5.1409
6.9779 1.0032 15.0367
7.3362 0.6485 14.5368
-1.2808 1.0673 10.3947
-2.7892 -1.1451 5.1150
3.0150 -2.1869 5.0512
2.7680 -2.9410 4.7461
-9.3147 1.0675 5.7551
6.6530 4.2146 21.2480
-1.1785 -2.1169 4.1090
3.0669 -1.6253 5.7512
4.6990 -0.5068 10.7118
4.1326 -2.0480 5.6672
3.5431 -1.0998 7.6066
6.9371 -2.3294 8.3726
3.6721 -0.7257 9.6824
4.6815 -2.8957 5.9415
7.0003 -2.3485 8.3710
1.7223 -2.7474 4.5279
1.3994 -1.7764 4.0281
7.3314 -2.3765 8.5064
8.1418 -1.4995 10.7220
6.8566 -2.8476 7.2935
1.8447 -2.8850 4.3245
2.2771 -0.8995 6.8753
1.1680 -2.9650 3.7742
11.0449 2.1506 19.6718
1.1546 -1.7919 5.2698
10.8995 0.9407 17.1770
4.2697 -2.4297 5.9026
2.8123 -2.7900 5.0725
-6.3016 4.7197 14.7727
3.8253 -1.9001 5.5870
2.7268 5.4938 21.5294
7.6548 -1.5179 10.4040
-4.7076 3.2262 12.7174
4.6452 -1.6998 7.4390
-6.0678 -0.1449 5.2146
-2.2376 -0.2225 7.2720
-2.9996 -1.4029 4.4799
2.4561 -2.7720 4.9026
2.6289 -1.1447 6.5631
5.3205 -1.8203 7.5607
-10.2678 3.2261 9.5059
3.7625 -0.2227 10.7369
-9.4716 1.2686 6.0652
3.2285 1.8841 14.6266
5.2375 -2.8363 6.3808
2.7463 -2.9651 4.6855
4.5404 -1.2651 8.2882
6.9270 -1.5720 9.8760
-14.1610 5.7069 12.2007
0.7376 -2.9505 3.5544
2.7818 3.4849 17.5584
-6.5330 0.4369 6.1052
-2.6640 4.9018 17.2364
-2.1451 -0.5393 6.6942
2.4691 -2.2184 4.9215
6.6230 -0.4049 12.0259
2.0589 1.7181 13.6203
-0.4546 1.2685 11.2727
-1.1452 6.9337 22.1625
5.8436 -2.3156 6.9280
-5.0804 -0.6345 4.8093
6.9550 -2.6832 7.6779
0.8926 -2.8247 3.8947
-4.2414 0.0188 6.5955
6.6717 -2.4980 7.8833
-18.8848 4.3758 6.8201
5.2165 -0.2685 7.9762
3.4079 -2.8956 5.2061
-11.1843 3.4846 9.4917
-3.4594 -0.8399 5.3360
-7.3152 1.0674 6.9098
2.2174 -1.4824 5.9219
-19.6958 4.7190 7.0357
5.9729 4.5453 21.5142
1.6811 -2.2148 4.7159
5.2840 -2.0975 7.0414
3.6384 -1.8435 5.6909
5.3220 -2.7723 6.5573
6.0280 -1.4201 6.4503
0.5910 -0.3402 5.4358
4.0179 -2.9162 5.5174
4.4168 -2.6963 6.1859
6.2508 -2.1174 8.3986
8.4678 -0.2606 13.3788
4.0700 -2.4809 5.8204
4.0086 -2.3615 5.7054
4.3623 2.2444 15.9993
3.6942 -1.7537 5.9082
-8.2012 6.6649 17.5516
3.5112 -1.9246 5.3654
1.4610 -1.5554 3.9209
5.5345 -2.8747 6.4760
5.4804 -0.2605 11.6538
6.3394 -1.7228 9.2360
-1.7677 -1.9416 4.1179
-0.9078 -2.0449 4.4088
5.8232 -2.9010 6.5903
6.3832 -2.9607 6.7948
1.1524 -1.6062 5.6319
1.4157 -2.9159 4.0150
-10.5091 1.9705 6.8647
4.2463 -2.9605 5.5611
-2.6405 2.3409 12.1472
5.1779 -2.9061 6.2075
2.0548 -2.8902 4.4353
3.8640 -2.1838 5.5017
5.8776 -2.9606 6.5029
-4.0109 -0.8946 4.9086
-2.8763 -0.5716 6.2076
8.1357 -1.1917 11.3319
6.2593 -2.4390 7.7626
8.9935 -0.8681 12.4719
2.2726 -1.8532 5.4283
-9.8777 3.2261 9.7312
2.3039 -2.0719 4.9571
-1.1211 -2.3384 3.7008
7.8888 -1.7544 10.0680
4.9711 0.1497 12.1770
2.8012 -1.1085 6.6635
0.5849 -2.4811 4.4017
3.8642 1.1327 13.4965
3.8280 -2.8851 5.4695
3.8798 -2.7159 5.8368
-4.0119 -0.5715 5.5518
-1.6293 -1.3628 5.3512
2.2382 0.5404 11.3771
4.5640 -2.1663 6.0882
2.1466 -2.8690 4.5306
6.8842 -1.9688 9.0605
5.2556 -2.2699 6.6370
7.4025 6.6662 26.5660
-10.7735 5.2876 13.3217
10.4396 6.6664 28.3205
4.1551 -2.9508 5.5276
6.0765 -1.4529 6.4866
1.4684 -1.5943 5.5829
5.2286 -2.2138 6.7209
-2.4872 3.9069 15.3562
9.6263 1.5605 17.6768
5.8370 -2.8747 6.6507
5.3159 -1.8443 8.4029
4.7332 -2.2692 6.1981
4.6697 -1.9153 6.9597
3.8088 -1.0496 9.1159
-3.7769 -1.1216 4.5914
7.6051 1.4847 16.3585
2.9616 -2.9556 4.8289
-2.0177 -2.0323 3.7927
1.6170 -1.6900 5.6268
5.9879 -2.1405 8.2009
2.7488 -2.0005 5.2356
7.4374 -1.8151 9.6864
1.7472 -2.9603 4.1181
8.8800 0.7615 15.6536
-12.5017 2.0593 5.8907
8.9910 0.4878 15.1724
2.3012 -0.6656 9.0105
2.6840 -1.9945 5.1770
-1.2682 0.8201 9.9094
4.5533 1.4109 14.4487
-4.5641 2.6479 11.6479
1.5478 -2.9310 4.0613
7.5426 -1.5179 10.3392
8.8561 2.4403 18.9851
-0.0640 -1.8293 5.3256
3.8445 -1.6379 6.2778
7.1457 -2.5537 8.0461
5.7616 -1.6068 9.1334
4.7016 -2.7843 6.1751
5.1060 -1.9323 7.2189
-2.0945 1.4848 10.7567
0.1351 0.6487 10.3782
7.5483 -1.5542 10.2702
0.5310 -2.6894 3.9555
-1.8101 -1.4226 5.1276
2.5190 2.6480 15.7389
0.7625 -1.4833 5.6141
7.3329 -1.8001 9.6557
4.9010 -2.0577 6.8312
2.7981 -2.0800 5.3121
0.2676 -0.0235 9.1155
5.2447 -2.9213 6.2157
3.0125 -1.7601 5.6130
3.6303 -1.4169 6.9370
6.0493 -2.8585 6.8055
1.5411 -1.2448 3.7815
3.7090 -2.8362 5.4984
4.4360 -2.1460 6.2171
6.0523 -1.3088 6.4080
7.0157 -0.8952 11.2758
8.3823 -1.2142 11.4294
3.4769 -2.2628 5.3313
4.5526 -2.2854 6.0098
2.1666 -2.2794 4.6480
4.4446 -2.1775 5.8510
-5.1553 -0.3693 5.2945
6.3421 -2.7161 7.2584
12.8940 2.9843 22.4009
3.6072 -2.2001 5.3658
4.9670 -1.4022 8.1931
-2.6065 0.7046 8.9063
-7.3599 0.7047 6.1613
1.8391 0.1498 10.3683
-0.7045 0.1953 8.9900
4.7171 -1.5445 7.7757
4.3236 -1.7650 6.9457
6.5589 -2.5142 7.7859
4.8784 -1.6498 7.7081
6.0205 1.7181 15.9083
10.4176 3.2265 21.4535
0.8226 -1.5032 5.8576
1.2031 -1.8700 5.1923
-4.9682 -0.7835 4.5772
-5.0845 -0.4390 5.1965
4.4651 -2.3804 5.9853
5.6783 -2.8194 6.6692
4.5220 1.3388 14.2869
5.3249 -2.8639 6.3764
0.1295 -2.2384 4.6221
-11.7022 4.0575 10.3341
-0.1076 3.3534 15.6276
-2.1917 2.2444 12.2140
5.4382 -0.4049 11.3417
5.0001 -1.6114 7.7528
5.3911 -0.8404 10.4467
8.2144 0.7044 15.1554
5.4747 -0.7258 10.7233
6.5702 -0.4734 11.8589
4.3612 -2.8135 5.9202
4.3039 -2.4125 5.9108
3.1235 -0.5718 9.6722
-3.0402 -0.6346 5.9874
-1.1668 -2.2693 3.8119
5.1224 -1.8943 7.3390
4.8341 -1.1915 9.4254
0.3213 -2.5531 4.1059
9.3611 5.4942 25.3619
1.9087 -2.9507 4.2306
0.2089 -2.7156 3.7173
3.5595 -2.9604 5.1645
4.0386 -2.7223 5.9156
-10.5843 1.1329 5.1523
5.7935 -1.2581 9.8468
8.6392 -0.1845 13.6295
6.9683 -0.6350 11.7667
0.0967 -1.9944 5.0894
-6.5275 -0.3335 4.5733
-2.0170 0.8798 9.5959
2.3289 -2.9160 4.5422
4.3251 -2.8019 5.9224
3.4754 0.7616 12.5324
1.1969 -2.8304 4.0591
-2.1156 -1.9144 3.9712
-4.8270 2.9839 12.1657
3.8397 -0.5719 10.0857
-7.1386 -0.0645 4.7563
9.4375 3.7617 21.9538
7.6451 -1.8589 9.7190
4.6785 -1.9710 6.6990
3.7474 -1.8102 5.6683
0.3121 -2.3094 4.5862
5.9544 -2.5840 7.2977
4.7861 -2.2088 6.4123
4.7323 0.8200 13.3747
1.6930 2.9841 15.9315
5.4578 -2.9606 6.2605
2.8415 -1.6155 5.7418
-7.1426 0.0618 5.0056
2.8630 -1.6384 5.7145
1.2421 -2.0180 4.8451
4.0905 -1.5160 7.3172
3.4811 -0.4733 10.0751
7.2254 -0.9219 11.3436
-0.6416 -2.4471 3.7609
2.5340 -2.3453 4.8443
6.0827 0.7044 13.9243
1.9870 -2.5515 4.6645
8.4081 1.6383 17.1282
3.6642 -1.5648 6.3829
6.3787 0.0613 12.8138
-3.4111 -1.4225 4.2031
2.4746 -2.9211 4.6163
7.9869 0.0184 13.6570
4.8569 -2.9605 5.9135
13.6927 3.1035 23.0998
2.1935 -2.0485 5.0373
-1.8130 1.6384 11.2252
2.9316 -2.3940 5.1035
2.9808 -0.9219 7.1195
6.9163 -0.0237 12.9549
4.7471 -0.4734 10.8061
2.1382 -2.9603 4.3439
1.4030 -2.2037 4.6033
0.0836 -2.6273 3.8208
6.5283 -2.8476 7.1039
4.2534 -0.4048 10.6576
6.2865 -2.9510 6.7581
-0.3122 -1.7538 5.3327
-8.8062 4.7196 13.3259
-5.2770 0.0617 6.0830
2.8447 -2.3102 5.0259
-5.7632 -0.4044 4.8734
2.9936 -2.9651 4.8282
-1.0631 -1.1452 6.1117
5.4336 4.0581 20.2320
2.4752 -2.0682 5.1306
5.3828 -1.9750 7.3656
5.4508 -1.2362 9.6925
0.2365 -2.4122 4.3377
13.4057 5.4945 27.6983
4.4990 -2.7477 6.1311
8.0159 0.1950 14.0258
-4.8863 4.5448 15.2416
5.7674 -2.0453 8.2630
7.1517 -2.3579 8.4397
3.2979 -1.7169 5.6295
7.8311 3.2265 19.9595
-6.6138 5.7074 16.5605
1.1655 -2.4196 4.2975
1.4760 -1.0622 6.6415
-2.1680 1.8841 11.5099
-4.7876 -0.1051 6.0332
5.3740 -1.5178 9.0870
6.9611 -2.6135 7.8203
-23.2433 6.1634 7.8650
2.3797 6.4098 23.1542
9.4019 1.2683 16.9650
5.7875 -2.7160 6.9382
-4.3671 -0.7253 5.0402
4.6570 -2.3319 6.0662
-4.3329 -0.2601 5.9869
-1.4722 -1.9813 4.2094
3.7337 -1.7881 5.7275
1.3789 -2.3592 4.3981
6.4032 -0.3698 11.9690
1.2269 -2.9310 3.8760
4.7653 -2.4654 6.2145
4.0197 -2.7661 5.8175
-0.4059 -2.5531 3.6860
7.8792 -1.9151 9.7423
3.0519 -2.4102 5.1826
7.2309 -2.2390 8.7224
6.1705 -2.8021 6.9880
-6.7408 0.0618 5.2377
-5.2314 0.1054 6.1964
6.3665 -1.5541 9.5878
9.0019 1.7181 17.6301
-15.9737 2.9838 5.7276
0.0825 -2.3574 4.3580
4.4901 -0.6349 10.3357
1.7737 -1.1556 6.4428
5.3723 -1.9516 7.3905
5.0109 -2.7414 6.4391
-7.2761 0.3867 5.5759
4.1882 -2.4119 5.8425
5.9708 -2.8364 6.8042
2.5441 -2.9459 4.6071
5.2324 -2.1937 6.7828
4.4371 -2.6897 6.2108
2.0298 -2.0272 5.0621
-4.7782 -0.4390 5.3734
-14.7415 5.7069 11.8654
3.4973 -2.8306 5.3873
3.1382 2.0593 14.9235
-1.2277 -2.0693 4.1753
-4.3430 0.2418 6.9812
-2.1496 -1.1683 5.4383
6.7767 -2.7031 7.5353
-3.6405 -0.8120 5.2872
2.8910 -1.2499 6.3195
1.4820 -1.5142 3.8844
-2.1225 2.3409 12.4463
-8.5570 0.7619 5.5838
1.1820 -1.6443 5.5355
4.7067 -2.1515 6.5161
2.5749 -2.6693 5.1759
3.3598 -2.1849 5.2135
1.8449 -2.7780 4.5377
-4.0898 -0.4045 5.8398
7.7246 3.4851 20.4133
-24.2733 6.9317 8.8010
-7.6409 0.5942 5.7787
0.8068 -1.5294 5.5490
4.1084 -2.4461 5.8191
2.3207 4.7201 19.7532
-1.3209 0.5940 9.4285
5.4128 -2.9510 6.2537
5.3209 -2.7783 6.5446
1.5986 -1.7431 5.4327
6.6776 -1.7387 9.3998
6.0259 -2.2493 8.0059
3.9606 -1.4060 7.4230
10.2319 0.5937 16.1001
4.9048 -2.3924 6.2677
-4.4446 0.0617 6.5636
6.5921 -2.8959 7.0446
3.7181 -2.2771 5.5069
5.0001 -1.8677 7.2921
0.8682 -2.9057 3.7192
0.8495 -1.5740 5.4862
-13.6326 3.2260 7.5624
6.7984 -1.0498 10.8422
1.2346 -2.3207 4.3147
-5.3993 -0.7546 4.3858
0.0983 -2.6415 3.8011
-6.6136 1.0674 7.3150
4.4010 -2.0885 6.1381
3.9136 -1.8539 6.0030
2.5120 -1.7937 5.4905
5.8839 -1.8210 6.7010
-0.4935 -2.0449 4.6480
1.7321 -1.7733 5.4079
4.3420 -2.9162 5.7045
-5.6103 0.1955 6.1570
2.1608 -2.7157 4.8442
-6.5835 -0.3692 4.4697
3.8287 -1.1814 7.8153
6.7102 -2.9413 7.0222
8.5476 -0.6351 12.6787
5.2061 3.6209 19.2295
6.2202 -2.8747 6.8719
-3.7122 -0.8399 5.1900
1.0545 -0.7838 8.0549
4.6628 -1.9517 6.7282
5.7783 -2.9112 6.5440
1.6194 -1.5548 5.7674
1.2637 -2.1317 4.2642
-1.4317 -2.0324 4.1311
3.0561 0.8200 12.4066
4.2824 -1.9791 6.0008
7.7364 -0.8405 11.8010
2.7872 -2.8417 4.9550
3.9141 -2.4119 5.6843
4.9668 -2.7224 6.4516
7.5472 -1.4232 10.5307
3.8380 -2.2473 5.5305
2.9269 -2.1908 4.9793
5.5059 -2.5533 6.6724
3.5739 -2.0192 5.2237
-0.1339 -2.5137 3.9215
7.4796 -2.1519 9.0395
6.7381 -2.4648 7.9879
3.5157 -1.8816 5.5213
7.8734 -0.8125 11.9358
-7.4443 2.5425 9.7745
-12.8996 3.3531 8.2391
6.0188 -1.9555 8.5872
8.9131 -0.9999 12.1630
-1.5534 2.2444 12.5827
2.4549 5.0913 20.5704
2.7619 -2.7841 5.0552
-1.5419 -1.5174 5.0937
-1.1252 -1.9943 4.3840
4.8405 -1.9515 7.0831
3.0630 -2.7093 5.3781
5.0865 -2.0696 6.9296
4.8971 -2.6627 6.5303
-0.7340 -1.8439 4.9097
-1.2687 0.2417 8.7566
2.5584 -2.9058 4.6951
11.0557 3.7618 22.8885
-5.8724 1.8841 9.3705
5.9472 -1.8519 6.6783
3.6407 -1.5572 6.2054
1.0928 -2.9506 3.7595
3.4820 -2.8473 5.3451
3.1808 -2.8798 5.1064
2.6980 -2.7841 5.0183
0.5860 -0.4170 5.4029
3.2087 -2.9211 5.0402
7.7080 -1.8299 9.8132
0.6104 -2.5835 4.2122
4.9479 3.9072 19.6508
7.3483 -1.7229 9.8186
6.9385 -2.2178 8.5958
12.3375 3.6211 23.3486
3.2041 1.5606 13.9678
-15.6589 3.7609 7.4581
0.7946 -2.7597 3.9676
4.4469 -2.8193 5.9582
1.0334 -2.8849 3.8561
1.9106 -2.8076 4.5168
5.9317 -1.6227 6.6178
3.2283 -2.9211 5.0515
9.0018 1.4847 17.1651
6.0926 -1.9688 8.6034
4.6103 -1.0497 9.5787
-2.0141 -1.7537 4.3500
2.5225 0.2416 10.9459
3.7202 -1.9547 5.3531
4.3712 -2.7842 5.9843
-0.9604 -2.3942 3.6824
6.5466 -2.9214 6.9673
-2.8363 -1.7063 3.9697
-0.7040 -1.8726 4.8698
0.8444 -2.6692 4.1767
0.8584 -1.4514 5.7302
-5.6292 4.5447 14.8125
6.1780 -1.9555 8.6791
6.3030 -2.6628 7.3420
0.0377 -2.0934 4.8581
-0.5753 -1.5537 5.5795
6.8065 -1.3011 10.3462
6.6852 -1.7543 9.3730
1.2806 -1.5100 5.6404
-17.0329 3.9065 6.9545
6.8914 -2.3197 8.3655
4.1285 -2.8852 5.6431
2.1080 -2.8417 4.5628
-8.2281 0.1501 4.5547
5.9814 -1.9286 8.6192
-0.3892 -2.0572 4.6837
3.5134 -2.7661 5.5251
2.1238 -2.7659 4.7228
-1.5015 -1.3006 5.5489
1.0362 -2.9057 3.8162
3.5642 -2.0192 5.2180
1.9901 -0.9791 6.8233
-6.4455 0.3867 6.0556
10.5778 2.9842 21.0632
1.1580 -2.8743 3.9491
-2.7251 -0.4045 6.6278
-10.2423 6.4088 15.8625
-9.9336 2.4402 8.1330
4.9443 -2.2863 6.4671
1.5714 -2.8360 4.2641
2.1692 -1.8819 5.2997
-6.1748 4.2141 13.8384
-0.2197 3.2263 15.3095
-2.1057 -0.7548 6.2876
4.4764 -2.8136 5.9867
0.9820 -2.7658 4.0636
7.0776 -2.6350 7.8448
3.5446 -1.7600 5.7877
-14.0047 2.1505 5.2045
3.9394 -2.9162 5.4721
1.9873 -1.1877 6.3756
-15.3876 3.9065 7.9048
-3.1617 -0.6346 5.9172
4.8722 -2.2788 6.2713
-1.4303 -0.4731 7.2389
5.7590 -0.8404 10.6591
4.6824 -2.6763 6.3792
-0.6321 -0.8401 6.9686
5.0121 -2.1296 6.8009
1.6012 -2.5568 4.4813
3.6498 -2.4127 5.5335
-4.3485 -0.0646 6.3675
-3.2810 -0.8675 5.3841
-9.6216 1.8001 7.0376
7.2372 -1.0743 11.0468
5.5645 -1.4993 9.2338
0.9586 -2.8304 3.9215
6.6135 -1.3633 10.1108
0.7246 -2.8360 3.7753
4.6468 -2.0827 6.6213
7.9378 2.2444 18.0643
1.6062 5.0913 20.0802
-21.7838 5.0900 6.5689
5.4719 -2.5353 6.6406
1.5888 -2.8636 4.2193
3.6068 1.6383 14.3553
0.0505 -1.6574 5.7344
5.0593 -2.9061 6.1390
3.4352 -2.6896 5.6323
4.9061 -0.7551 10.3366
3.7895 -2.8192 5.5786
2.5349 -2.4475 4.9141
4.4854 -1.6620 7.3213
-3.3286 -0.1450 6.7964
-4.7137 -0.9992 4.2944
0.7689 -2.8796 3.7139
3.5636 -2.8583 5.3703
1.6388 0.4880 10.9266
0.9237 -1.3526 5.9812
3.4743 -2.6694 5.6952
9.7624 6.4104 27.4192
-1.4765 -1.8725 4.4237
10.7416 1.4108 18.0226
-7.1010 3.4847 11.8501
-4.6221 4.0577 14.4237
-3.0571 0.9409 9.1169
2.0131 -0.3338 9.5052
8.2351 -0.9483 11.8741
1.6994 -2.8582 4.2940
8.3884 -0.9743 11.9109
-0.0677 -2.3942 4.1978
1.7093 -1.4899 5.8631
1.4145 -2.8304 4.1847
0.4422 -2.3192 4.6418
0.5338 -2.5297 4.2753
2.2932 -2.8417 4.6698
1.5511 -2.3880 4.3215
2.3982 -1.6942 5.6044
-0.8396 0.5940 9.7064
-0.5173 -1.9282 4.8668
-5.4525 5.7075 17.2314
4.9638 1.3388 14.5421
1.5147 -2.5245 4.3874
-0.6907 -2.2488 4.1278
-3.2157 -1.1682 4.8227
0.4399 -1.2444 5.9186
-0.5751 -1.6739 5.3402
2.5607 -1.2952 6.3211
-14.4200 2.5424 5.7456
-24.0303 6.4077 7.8972
5.2925 4.7202 21.4699
12.3925 3.3537 22.8475
2.2543 -2.2679 4.7317
9.2403 0.2414 14.8253
2.1772 -2.3035 4.6540
3.8608 -2.9162 5.4267
2.4449 -2.8134 4.8138
2.1185 -1.2832 6.4787
1.5252 -2.8190 4.2713
4.8153 -2.8474 6.1149
6.4130 -1.8444 9.0364
2.8370 -2.8249 5.0174
2.9832 -0.9997 6.8631
6.8239 -2.2699 8.4257
1.6801 -2.4911 4.4361
5.1724 -0.3670 8.0166
10.9678 1.0032 17.3409
1.4163 -1.6729 5.3976
8.1477 -0.2606 13.1940
3.2525 -2.4639 5.3378
5.3853 -2.3825 6.4926
2.5009 -2.2742 4.8277
6.5791 -2.4732 7.8793
-0.4988 -2.5375 3.6634
2.7767 -2.3313 4.9795
4.0524 -2.0143 5.5533
10.6566 0.4878 16.1342
3.7970 -1.6286 6.2830
1.1927 -1.9277 5.2308
0.7244 -1.3006 5.9904
-0.1844 -2.6273 3.6661
7.0701 -2.5223 8.0650
-20.1438 6.1637 9.6556
-1.1312 -2.1625 4.0453
8.0101 -1.4808 10.6833
4.0654 -2.7901 5.7960
-0.3254 -2.2488 4.3387
3.5812 -1.7793 5.7746
1.1176 -2.6692 4.3345
5.2463 -0.2362 7.9719
-0.0436 -2.0325 4.9325
-8.4022 4.3762 12.8751
0.7242 -2.9108 3.6259
1.2476 -2.2571 4.5515
-13.4729 2.3408 5.8909
3.7263 3.9072 18.9452
1.4221 -2.8796 4.0910
1.7531 -2.2960 4.5824
5.7758 -2.9163 6.5324
1.8452 -2.8902 4.3143
-2.2381 0.5405 8.7921
4.5766 -1.7496 7.1891
7.6444 -0.8405 11.7479
5.0674 -2.9461 6.0639
-15.9664 5.9304 11.6033
2.2750 -1.3071 6.3456
3.9812 -2.8583 5.6115
0.1998 3.7614 16.6181
2.3409 -2.9058 4.5695
1.9132 -2.0303 5.1115
2.2292 -1.0948 6.5805
7.7407 -0.1454 13.1885
3.4261 -1.6294 5.9838
1.6109 -1.2287 6.2358
1.0869 -2.6760 4.3033
-5.2815 -0.5391 4.8831
-5.9009 2.7565 11.0923
4.7175 -2.6830 6.3860
3.6214 -2.0033 5.3417
1.4897 -2.6961 4.4958
2.1651 -2.7840 4.7106
1.3158 -2.9554 3.8786
2.7749 -2.9651 4.7020
7.2393 -2.4816 8.2438
3.7857 -1.5215 6.7339
6.7372 -2.8906 7.1388
3.5432 -2.8583 5.3586
1.6161 -2.1416 4.7887
6.0984 -2.6420 7.2654
2.4055 0.6486 11.6894
5.1675 -2.9112 6.1913
8.1808 -0.1056 13.5220
0.4969 -2.5138 4.2858
0.0074 -2.1626 4.7027
2.3800 -0.3338 9.7170
5.7153 -0.4394 11.4329
4.1110 -2.9411 5.5215
3.4184 -2.9059 5.1916
9.2833 -0.2977 13.7759
-6.9192 1.8841 8.7659
7.7498 -1.5362 10.4225
4.5276 -2.8799 5.8840
5.9501 -1.8660 6.6894
0.7142 1.4109 12.2316
0.5250 -2.2173 4.8926
8.6170 -1.2799 11.4341
4.9339 -2.7288 6.4198
5.0193 -2.9363 6.0558
8.4904 2.8687 19.6273
2.4829 -1.7708 5.5803
8.0553 1.1997 16.0505
6.1031 -1.5178 9.5080
7.2071 -0.2229 12.7260
0.5401 0.5940 10.5032
0.9583 -2.6692 4.2425
-3.7236 2.2444 11.3293
-10.4020 1.0675 5.1271
3.7643 -2.9059 5.3913
6.7367 -2.9265 7.0671
3.7983 -1.8686 5.5883
-4.0722 0.1054 6.8658
4.6552 -1.3184 8.2184
1.4337 -1.5562 3.9684
2.9359 -1.7133 5.6904
6.5475 -1.1688 10.4602
-8.0658 4.3762 13.0694
10.6670 0.8198 16.8020
6.4484 -2.7478 7.2566
-7.9894 6.6649 17.6739
-2.1456 -1.9550 3.8731
2.0385 -1.4051 6.0849
0.3403 -2.0073 5.2045
4.7123 -2.9009 5.9490
6.5979 -2.7031 7.4321
6.7359 -2.1057 8.7021
0.4703 -2.7597 3.7804
0.1123 -1.9944 5.0985
6.2793 -2.8640 6.9274
-6.6643 0.3374 5.8311
0.8162 -2.9649 3.5711
8.3147 0.2414 14.2908
1.0177 3.9071 17.3807
8.0201 1.4108 16.4508
1.7203 -1.4243 5.9201
3.6943 -1.7406 5.7815
-1.2930 -1.3830 5.5051
3.7705 1.4109 13.9966
-0.2219 -2.1052 4.6847
7.1405 -2.5143 8.1216
5.9768 -2.7723 6.9353
3.8300 -2.2910 5.5765
5.8117 -1.0984 10.1756
-3.8174 -0.6345 5.5386
2.4062 -2.0250 5.1722
1.7639 -2.6486 4.7488
5.4643 0.1051 12.3729
-0.3710 -1.7845 5.2376
7.9685 -1.0744 11.4691
1.7797 -2.3313 4.5579
3.5589 -1.7513 5.8183
3.8594 -2.9008 5.4565
1.0679 -2.8581 3.9294
0.4756 -2.7535 3.7957
3.6163 -2.4500 5.5441
-1.8462 -1.4989 4.9548
4.4944 -2.9605 5.7043
2.3316 -1.0188 6.6651
0.5811 -1.4827 5.7060
4.7149 -2.4141 6.1517
4.6497 -2.6830 6.3469
1.9299 -2.7659 4.6109
6.4649 -2.7540 7.2537
3.9943 -1.8643 5.9292
3.7543 -2.9652 5.2674
2.3043 -2.9409 4.4784
2.0221 -2.1241 4.8370
5.9820 1.4848 15.4211
1.5423 -2.6828 4.5528
-1.5513 -1.8292 4.4668
4.9484 -2.2981 6.2100
-5.4441 0.5406 6.9407
4.7170 -2.2317 6.2558
3.8897 -2.6963 5.8815
-0.3481 -1.8293 5.1616
3.5335 -1.5783 5.9918
7.3608 -2.3857 8.5050
-4.5119 0.1500 6.7008
0.7189 0.6487 10.7154
-4.4218 -1.0492 4.3633
0.3561 -2.4472 4.3370
2.1377 -1.3669 6.1041
-1.2491 -1.4421 5.4128
4.1961 -2.0542 5.6531
7.4587 -1.9151 9.4994
4.0767 -2.0540 5.7254
-3.7902 -1.3215 4.1855
2.0743 -1.1168 6.6226
3.8021 -2.7782 5.6677
7.8377 -1.4426 10.6597
0.7646 3.4849 16.3933
0.0020 -2.6691 3.6903
5.3937 -1.9846 7.3482
5.7062 -1.1915 9.9290
1.9266 -2.0501 5.0868
-9.6759 6.9330 17.2342
8.2257 -0.2977 13.1652
1.3734 -2.3461 4.2663
4.9675 -2.5486 6.3786
7.4636 1.0032 15.3172
-5.3417 -0.7835 4.3615
7.9096 -1.8589 9.8718
7.1715 -2.1519 8.8616
4.8274 -1.3389 8.3269
-1.1993 -2.0448 4.2405
2.4927 -2.9555 4.5581
5.2169 -1.0497 9.9289
-0.0020 -2.4727 4.0795
-0.9100 -0.9215 6.6459
5.2456 -2.2631 6.6481
6.7329 -0.5068 11.8862
2.5119 -2.9555 4.5692
-1.5108 2.2444 12.6072
2.3138 -1.6263 5.7103
-1.0671 0.8201 10.0255
3.5557 -2.7901 5.5017
-1.2959 -0.2225 7.8158
-7.6353 1.8001 8.1848
5.8377 -2.8137 6.7727
2.3240 -2.0693 5.0468
1.7699 -2.9210 4.2095
-0.5955 -0.9215 6.8275
-11.7477 5.9307 14.0403
0.0993 -2.0572 4.9658
-1.6811 2.2444 12.5089
-0.0232 -2.4642 4.0840
1.4871 -1.5014 3.8754
6.4463 -0.6658 11.4041
8.1457 0.5938 14.8953
-2.8049 -1.6737 4.0527
3.1673 -2.5525 5.3479
-0.3164 -2.0694 4.7015
9.0025 3.6210 21.4222
8.6060 -0.5721 12.8381
6.0949 -1.4178 6.4738
3.4379 -2.5765 5.5291
0.5357 -2.7348 3.8678
-0.6802 -1.4989 5.6281
3.1760 -2.2470 5.1474
1.4879 3.2263 16.2958
9.3790 -0.4050 13.6174
7.7875 -0.5069 12.4952
2.8220 -2.0667 5.1975
-0.3808 1.6384 12.0524
6.8214 -2.7031 7.5611
4.1968 -2.0818 5.7705
-0.4675 1.1328 10.9948
6.1610 -1.3633 9.8495
-9.3868 6.9330 17.4012
5.9975 -1.4627 6.5034
5.8106 6.1656 24.6492
5.6241 -1.5719 9.1237
11.2569 5.4943 26.4570
9.2702 0.2414 14.8426
1.1165 -2.8902 3.8935
6.8476 -2.0577 8.8622
-0.9269 -1.5890 5.3060
1.5567 -1.8254 5.1716
2.2909 -2.0240 5.2009
-2.0596 6.6654 21.0997
4.7353 0.7616 13.2600
-11.3071 3.6204 9.6915
-12.4561 1.6384 5.0785
0.8566 -0.8949 7.7193
2.1143 -2.7475 4.7542
5.3638 -1.9021 7.4411
4.1606 -1.8369 6.5103
1.7487 -1.9199 5.0963
5.5295 -2.2226 6.8438
3.7390 -1.6564 6.1549
-2.5925 -1.0245 5.4691
-1.5981 -1.8438 4.4107
-0.3120 -2.4557 3.9342
2.8831 -0.9807 6.9321
5.1461 -2.8194 6.3619
2.0193 -1.2389 6.2855
-3.5076 -1.4225 4.1474
2.5954 -2.6761 5.1742
0.6529 -2.4123 4.5781
3.2809 -1.1110 7.0539
5.9949 1.1327 14.7270
4.3871 -2.9060 5.7509
-0.2697 -2.5453 3.7801
0.1849 -2.0694 4.9909
2.9669 -1.3073 6.2302
-0.1501 -1.7845 5.3651
6.2101 -1.8872 8.8338
-6.5871 -0.4044 4.3977
6.3194 -2.4647 7.7461
6.5401 -0.8952 11.0012
0.4207 -2.2896 4.6884
-15.5305 4.2137 8.4344
-6.5685 0.7618 6.7321
3.6428 2.4403 15.9741
4.8416 -2.0550 6.7354
-0.0512 -2.5217 3.9533
1.2276 -1.4223 5.8214
7.2521 -2.2178 8.7768
1.6238 -2.4372 4.3646
4.3296 -2.3787 5.9029
-4.1891 -0.9477 4.7000
10.7475 2.2444 19.6870
3.8131 -2.0645 5.3956
8.4397 -0.7259 12.4354
4.4224 -2.9213 5.7409
3.3965 -0.1054 10.7592
5.8075 -2.8530 6.6768
2.1901 -2.3286 4.6343
0.8257 -2.8471 3.8114
-6.1082 0.9410 7.3550
-0.7988 1.8841 12.3007
0.7037 -2.7958 3.8433
5.1418 -2.5866 6.5073
6.7789 -2.4898 7.9615
-12.5084 1.9705 5.7100
4.2331 -2.8306 5.8121
1.0651 -1.8345 5.0953
3.7381 -2.4816 5.6303
6.2912 -2.7540 7.1535
5.6807 -2.8137 6.6820
3.5964 -1.9746 5.3842
3.0607 -2.9508 4.8957
3.7068 -1.3602 6.9224
5.5945 -2.7288 6.8012
2.1542 -2.2004 4.7948
-2.3450 -1.0979 5.4657
-0.5385 0.3865 9.4668
-3.9626 -0.5715 5.5803
2.0774 -2.2893 4.5910
7.9216 -0.8952 11.7989
1.7754 -2.6486 4.7554
-0.5397 -1.6739 5.3606
2.6230 -0.8811 6.9988
6.7116 -2.8959 7.1136
-0.7971 -1.7996 4.9615
-1.2934 -1.5714 5.1294
0.9521 -1.7394 5.2363
2.4168 -2.2307 4.7282
3.9985 -1.6335 6.7310
7.8089 0.1951 13.9063
6.7943 -1.2141 10.5125
-9.8391 2.7564 8.8177
-1.5667 -1.9813 4.1548
5.4155 -2.1513 6.9683
2.4766 -2.9458 4.5681
3.3321 -1.4996 6.0361
14.0795 3.3538 23.8219
-0.1842 3.1032 15.0848
5.0215 -2.7662 6.3959
0.7366 -2.9259 3.6029
1.8454 -2.3960 4.4814
4.2579 -2.1694 5.7213
2.0420 -2.3467 4.5636
3.2590 -0.9798 7.4091
5.2023 -2.3641 6.4599
-1.9717 -1.5173 4.8455
1.5231 0.3864 10.6573
1.7738 -2.0851 4.7823
-5.2989 -0.6345 4.6831
1.6734 4.9020 19.7419
5.5920 -1.8730 8.5051
3.4085 -2.9059 5.1859
-2.0061 1.1998 10.2399
3.4217 -1.8494 5.4382
0.7449 -2.6894 4.0790
3.3278 -2.7413 5.4673
3.3524 -2.7093 5.5452
-3.9142 0.9409 8.6220
-3.6781 3.3534 13.5653
-0.1616 -2.5760 3.7815
8.3295 -1.1223 11.5820
6.8481 -2.6207 7.7407
4.5615 -1.2834 8.2577
-0.7657 -1.6236 5.3303
1.9903 -1.6884 5.5205
-6.7480 1.1999 7.5013
2.2359 -2.3146 4.6557
-9.2879 1.0035 5.6432
4.4142 -2.4633 6.0070
1.7077 0.3864 10.7639
-0.5083 -2.1848 4.3607
-3.5556 -1.0492 4.8635
2.6069 -1.9023 5.3955
-2.0076 -1.9813 3.9003
-0.5251 -2.1957 4.3293
5.6511 -1.2581 9.7645
-1.7464 0.0616 8.1218
2.1966 -1.9145 5.2097
1.0367 4.2143 18.0039
-9.7596 6.4088 16.1414
6.6904 -0.6038 11.6686
6.9402 -2.0939 8.8435
0.4735 -2.6057 4.0890
2.4735 -2.4645 4.8896
3.9828 1.0672 13.4345
-14.7601 4.2137 8.8794
-8.5257 1.1329 6.3411
6.7336 -2.1290 8.6543
4.8264 -2.7539 6.3077
5.3262 -2.9061 6.2931
5.6171 -2.0329 8.2010
2.5372 -2.1939 4.9267
6.5970 -1.8150 9.2011
2.1823 -2.0440 5.0151
3.8255 5.2885 21.7549
7.0359 -1.1222 10.8350
3.9773 -1.9703 5.5899
8.4213 -1.5180 10.8466
5.0331 -0.6391 8.1824
6.6375 -2.6965 7.4681
-11.4835 6.4087 15.1455
1.8492 -2.9310 4.2353
2.5349 -0.8426 6.9166
5.2169 -2.1267 6.9093
6.5059 -1.0250 10.7228
0.3346 -2.7535 3.7143
1.8105 -1.8975 5.2981
2.2053 -2.8850 4.5327
-0.9999 -1.4989 5.4434
1.9950 -2.9006 4.3800
2.6242 -2.7222 5.0990
3.5082 0.5404 12.1105
1.9866 -0.2227 9.7113
-0.3334 0.5405 9.8921
3.3118 -0.3696 10.1839
2.7535 -1.8691 5.5170
3.5598 -1.8000 5.5696
3.0047 -2.5524 5.2539
7.2455 3.2265 19.6213
-0.6522 0.1053 8.8408
9.2280 -0.6352 13.0716
7.5296 1.4847 16.3149
5.6468 -2.8958 6.4988
3.2169 -1.7583 5.6550
7.9076 -1.8002 9.9876
5.6890 -2.9558 6.4035
5.5209 1.0033 14.1953
-6.3958 1.8841 9.0682
6.4639 -2.3857 7.9872
3.2795 2.8686 16.6177
0.9873 -2.9650 3.6699
3.0309 2.7566 16.2509
0.7927 -1.5041 5.6535
1.1943 -2.3498 4.2675
6.1034 -2.8079 6.9376
-1.9917 -1.9416 3.9886
8.1505 0.7615 15.2323
5.0742 1.3388 14.6059
-13.6394 2.7564 6.6227
4.0018 -1.6796 6.4434
2.5181 -2.9651 4.5538
5.7119 -2.6831 6.9602
5.5719 -2.9363 6.3748
3.7913 -1.5701 6.3843
3.7599 -1.8269 5.6417
1.9945 -2.7412 4.6975
4.5480 -1.8289 6.9151
3.7537 -1.6685 6.2346
-0.0756 -1.8146 5.3483
5.6325 -2.1764 7.0435
-1.3765 -0.5065 7.2035
4.5059 -2.8419 5.9473
6.0711 -1.1925 6.3753
-6.8810 0.1955 5.4232
5.2919 -2.1371 6.9875
10.3370 5.0917 25.1235
4.3396 -2.2317 5.8099
6.1247 -1.3271 6.4305
5.1789 -1.6706 7.7818
0.6576 -0.7838 7.8257
2.6201 -1.8667 5.6232
3.4921 -2.2790 5.3512
2.6256 -0.4393 9.6487
3.9622 -0.4733 10.3529
-0.3841 -2.2065 4.3891
4.2136 -2.7661 5.9294
5.9416 -2.8853 6.6899
11.0791 1.5605 18.5158
3.9944 -2.7223 5.8901
1.0635 -2.6960 4.2498
-0.4866 -1.6739 5.3913
4.6510 -2.6897 6.3343
3.0161 2.9841 16.6957
-0.8007 -0.9738 6.6049
0.2225 -2.2489 4.6551
3.9591 -2.4991 5.7694
6.5083 -2.7540 7.2788
-6.2129 5.0908 15.5635
-1.8989 -1.7381 4.4477
0.9043 -2.9554 3.6410
-1.3028 3.4848 15.1991
-0.1909 -2.3384 4.2379
-18.6190 5.4925 9.1988
5.6714 -2.2596 7.7807
5.9548 -2.8800 6.7081
8.8459 6.1658 26.4026
3.3314 -2.7223 5.5073
1.0782 -2.7026 4.2451
3.4829 -2.9312 5.1785
5.4237 -2.9461 6.2697
5.5314 -2.9412 6.3416
7.4313 -2.2494 8.8174
-4.5169 0.1954 6.7884
12.1512 6.1661 28.3120
3.3932 -1.7311 5.7561
3.6288 -1.5275 6.4307
6.8447 -2.8309 7.3200
6.8897 -2.7226 7.5618
0.9142 -2.8416 3.8736
4.2104 -2.0635 5.9887
1.0425 2.2444 14.0819
12.0296 3.6211 23.1707
3.6750 -2.1386 5.3640
3.7978 -2.8306 5.5608
-3.9215 -0.9477 4.8545
-2.2355 -1.9006 3.9295
2.4918 -1.7471 5.7873
12.7262 3.7618 23.8534
6.4202 -2.2699 8.1926
-15.2302 2.8683 5.9270
5.9120 -2.8308 6.7815
-12.9551 2.3408 6.1899
6.2875 -1.3428 9.9633
5.3798 -2.7539 6.6272
2.0109 -2.3300 4.5341
-6.3296 -0.4044 4.5463
8.5424 0.7044 15.3448
-3.5667 0.5941 8.1315
8.5745 -0.2606 13.4404
1.2323 -2.7474 4.2449
0.7240 6.4097 22.1978
3.8374 -1.9669 5.4234
4.5369 -0.8124 10.0092
6.8811 -2.8080 7.3866
12.1013 1.7181 19.4201
7.2116 1.0672 15.2992
6.0057 -2.7030 7.0901
7.8658 -1.1917 11.1760
5.4630 -2.4919 6.6492
3.4398 -1.4422 6.3978
-0.6817 3.9070 16.3991
4.0376 -1.9953 5.5930
1.3449 -2.7285 4.3476
-4.5945 -0.4729 5.4118
10.8894 1.4847 18.2552
0.6154 -0.1880 5.2670
3.6183 -2.9411 5.2370
0.6149 -2.3943 4.5919
2.3391 -2.8191 4.7412
3.8136 -1.6239 6.4555
2.0393 -2.6895 4.8264
2.2970 5.9316 22.1537
4.9017 -2.0784 6.8034
-8.2523 3.7612 11.7361
4.6427 -1.5739 7.6740
3.8804 -2.9162 5.4381
3.3528 -2.1410 5.1845
-2.2486 1.0034 9.7084
-9.3172 4.9014 13.3932
3.8494 -1.7748 6.1002
4.9739 -1.9674 7.0971
5.6276 -2.7289 6.8203
4.0627 -2.9411 5.4936
6.8283 -2.1405 8.6861
-3.4584 0.1500 7.3091
9.1571 5.9321 26.1166
5.4594 -2.2465 6.8726
1.9280 -2.0030 5.0705
4.5208 -1.4794 7.7414
4.5099 1.4848 14.5709
5.0244 -2.0944 6.8309
3.4506 -0.9997 7.6359
-1.0134 -2.3191 3.8014
6.3289 -0.9742 10.7217
1.4960 -2.9506 3.9923
1.5002 -1.1208 6.4756
5.5659 -2.1174 8.0032
0.0082 3.4849 15.9564
7.3524 -1.9422 9.3839
-5.2285 -0.2971 5.3960
9.3946 -0.5070 13.4233
-3.0879 -0.2972 6.6321
7.8716 -1.7544 10.0581
0.8106 -2.9457 3.6062
-2.1712 -1.9682 3.8319
6.5934 -2.6832 7.4691
1.0914 -2.8635 3.9321
7.0837 -2.6697 7.7792
3.8742 -1.4565 7.1287
1.4582 -0.2974 9.2572
5.9818 -0.9482 10.5730
7.6142 -1.8732 9.6727
3.0095 -1.9003 5.5069
-2.6207 0.0187 7.5314
6.0844 -2.8364 6.8698
6.6439 -2.3579 8.1465
1.5551 -2.1162 4.8076
2.9111 -1.2190 6.3821
4.1190 0.8797 13.1395
-4.0412 -0.1052 6.4642
-1.1086 -2.3191 3.7464
9.4507 6.6663 27.7492
8.8493 -0.4735 13.1749
1.4530 -2.7221 4.4228
1.8576 -2.1577 4.6857
1.6164 -2.3864 4.3266
3.7985 -1.8872 5.7061
4.3717 -1.1656 8.2771
-2.0592 3.4848 14.7622
3.2793 -2.7028 5.5160
6.9002 -0.8125 11.3739
-0.3977 -0.9479 6.8892
6.3835 -1.5179 9.6699
5.0002 -1.0591 8.3791
0.4675 -2.5984 4.1002
10.2972 3.4851 21.8992
12.6576 2.9843 22.2644
0.2849 -2.6057 3.9802
8.3797 2.5427 18.9138
3.6782 0.8797 12.8849
-24.7790 6.9317 8.5088
4.3778 -1.6515 7.1861
6.7791 -2.2389 8.4616
4.8515 1.4109 14.6209
1.8686 -2.8075 4.4925
4.8583 -2.1455 6.6281
-26.3358 6.6634 7.0751
5.4554 -1.9011 8.3703
7.9152 -0.6038 12.3758
1.1244 0.0615 9.7796
4.9629 1.4848 14.8325
3.2676 -1.8695 5.3794
-6.8353 4.2140 13.4569
4.4249 -2.1275 6.0761
0.5783 -0.1396 5.3201
4.1148 -2.8418 5.7215
7.2783 -0.6038 12.0081
10.5894 0.5402 16.1999
3.1267 -2.9262 4.9828
3.8910 -1.2233 7.8894
0.3002 -2.7839 3.6339
4.3969 -2.0943 6.0346
-1.1683 -1.1452 6.0510
1.5423 -2.3349 4.5644
4.1738 -1.3502 7.8197
9.2721 -0.3341 13.6969
3.2168 -1.0378 7.1566
4.9138 -2.7662 6.3337
-13.4876 1.9705 5.1445
3.5092 -1.8667 5.5570
-2.4036 1.0673 9.7463
4.4067 -2.9313 5.7119
4.7733 -2.9111 5.9637
-5.5425 -0.5714 4.6680
1.6312 -2.4289 4.4355
1.1836 -2.8849 3.9428
4.8710 -2.9009 6.0406
-0.0992 -2.1738 4.6189
1.4409 -1.9350 5.1163
4.4341 -0.8951 9.7851
-0.5959 6.1651 20.9482
2.6839 -1.9404 5.3183
2.9192 -2.7286 5.2566
4.5323 -1.8182 7.1821
8.3440 1.8841 17.5810
3.7294 -1.6991 5.9961
-3.5951 -0.0646 6.8026
-8.6434 0.3375 4.6882
4.3249 -1.8405 6.7679
5.6581 -1.3220 9.6412
4.6316 -2.2135 6.1907
2.5044 -2.7537 4.9671
-6.1198 4.2141 13.8702
-9.5763 1.8842 7.2313
2.5199 -2.6625 5.1578
5.2841 -1.4806 9.1092
4.6927 -2.9509 5.8380
2.1101 -2.5131 4.7058
3.9773 -1.1473 8.1461
1.2116 -1.9664 5.1240
6.3794 -2.9113 6.8910
8.8999 2.4403 19.0104
8.0135 -0.5069 12.6257
11.4991 6.6665 28.9326
0.7476 -2.6274 4.2042
-3.3010 2.6479 12.3775
2.4446 -2.3311 4.7873
5.0769 -2.6228 6.4931
1.4923 -1.3611 3.8665
6.0242 -1.2362 10.0236
6.1980 -2.8364 6.9354
2.6137 -2.0943 5.0446
-1.0872 -1.0246 6.3383
3.3070 -1.6873 5.6898
1.7158 -2.2550 4.6609
8.2202 1.8000 17.3419
1.1682 -2.6555 4.3911
0.2276 -2.2896 4.5769
-1.3349 -0.0647 8.1078
8.5655 -0.9743 12.0132
-2.2397 -0.9737 5.7739
5.7131 -2.8585 6.6114
0.5955 -2.9209 3.5314
7.9736 -1.6242 10.3765
4.6984 -2.8799 5.9827
5.6274 0.2415 12.7389
6.0821 -2.2493 8.0384
4.7937 -2.9162 5.9654
-1.3220 -2.0448 4.1696
-0.8839 4.7199 17.9022
7.4904 -0.5397 12.2583
2.7459 -2.7721 5.0699
7.1298 -2.1963 8.7492
4.1074 -1.7382 6.6692
6.0209 -2.6764 7.1520
4.5581 -1.4156 7.8867
-0.5325 -0.3695 7.9640
2.5299 -1.6052 5.9081
7.2008 -2.3099 8.5636
4.7772 -0.9481 9.8774
6.0710 -1.2229 6.3753
-22.0295 5.9299 8.1007
6.8117 1.1327 15.1987
0.6981 1.4848 12.3695
-0.0404 -2.4472 4.1081
5.8580 1.4108 15.2022
-4.0898 1.1999 9.0365
6.2370 -1.8298 8.9639
3.5525 6.4099 23.8318
0.4748 0.8201 10.9160
0.5294 -0.7549 7.8093
7.1720 -2.2700 8.6267
4.6125 -2.5160 6.1566
0.4463 -2.2066 4.8686
0.8056 -1.2253 6.1606
-0.8071 -2.4385 3.6826
4.1979 -2.8638 5.7257
1.4257 -2.4368 4.2776
-13.2690 2.6478 6.6203
3.7594 -1.5507 6.5658
5.9909 -1.5178 9.4433
-0.8381 -1.9145 4.7088
-10.4390 6.1644 15.2619
3.7308 -1.7462 5.9585
-5.7063 1.1999 8.1030
5.1463 -2.6897 6.6203
5.6240 -1.0742 10.1152
-3.4295 1.3389 9.6948
5.3215 2.7566 17.5739
0.5391 -2.5685 4.2011
5.0903 -2.0125 7.1030
1.5504 -1.2733 3.7653
0.7125 -2.5218 4.3943
0.8473 -1.4580 5.7989
2.4235 -2.3433 4.7756
-6.2437 4.0577 13.4870
-4.0404 -0.1841 6.3074
0.4287 -0.9010 5.7182
3.5408 -2.7476 5.5778
6.2261 -2.7540 7.1159
-2.3492 -1.5890 4.4847
4.4289 -2.1683 5.8171
3.1233 -2.2786 5.1374
0.6952 -0.9479 7.5203
2.7847 -2.7093 5.2174
3.1310 -1.4776 6.1141
13.1156 5.9324 28.4034
3.8485 -1.8482 5.7797
3.1751 -2.9007 5.0614
-9.4519 2.4402 8.4112
-9.4091 2.9839 9.5192
2.8035 -2.1440 4.9406
1.5264 -1.3718 3.8064
3.4838 -1.3433 6.5754
4.0665 -1.7328 6.3703
6.5147 -2.6278 7.5340
-7.0852 0.0618 5.0388
2.5572 -2.6895 5.1254
5.0481 2.9841 17.8693
-0.6299 -1.9282 4.8018
6.6514 -2.8476 7.1750
1.6479 -1.6749 5.5448
-24.4560 6.1634 7.1645
1.6250 -1.9001 5.0667
-8.1626 2.8684 10.0090
-2.1732 -1.8582 4.0499
1.3962 -1.4357 5.8622
0.9668 -0.5394 8.4912
2.1512 -1.2953 6.3821
1.3853 -2.8075 4.2135
4.0583 -2.8852 5.6026
-1.0178 -1.6405 5.1510
7.6564 -1.3634 10.7129
2.5064 -2.7093 5.0567
-4.2153 0.7618 8.0911
3.9386 -2.8077 5.6877
-0.4160 -2.5056 3.7747
-6.4632 0.8202 6.9093
7.0439 2.2444 17.5480
4.1097 4.9021 21.1492
2.9520 -1.6774 5.7398
1.3200 -2.6624 4.4649
10.4986 5.4943 26.0190
5.4432 -2.5102 6.6510
3.8097 -2.1995 5.4811
5.3740 -1.3632 9.3950
6.3157 -0.1454 12.3656
2.7241 -1.2991 6.2103
-1.6468 1.1998 10.4474
3.6161 -2.7600 5.5967
3.9397 -1.6040 6.7129
2.4563 -2.8472 4.7529
-9.2972 2.2443 8.1102
-1.0328 0.7046 9.8151
-13.5395 2.6478 6.4641
1.6999 -1.3219 6.2515
5.6400 -1.7386 8.8007
4.0546 -2.1844 5.6132
3.6094 -1.3766 6.6540
3.8588 0.1497 11.5346
5.4557 -2.7539 6.6711
6.0667 -2.8475 6.8374
-0.9687 -2.0072 4.4487
3.4696 -2.7287 5.5744
7.7288 2.1506 17.7566
3.8764 -1.7589 6.1056
-0.4436 5.2882 19.2888
6.1366 -2.5380 7.4945
8.9085 -1.0985 11.9637
4.3032 -1.2613 8.0700
-2.0971 -0.7836 6.2351
7.5307 3.3536 20.0394
0.7075 -0.7256 7.9705
8.9115 1.6383 17.4189
2.8910 -2.8018 5.0944
0.4024 -2.1848 4.8866
2.1036 2.0593 14.3259
6.3065 -2.6420 7.3855
7.4644 -1.9423 9.4486
-5.1952 3.9069 13.7921
6.7452 -2.3485 8.2237
3.0330 -0.9612 7.1001
6.6298 -2.7963 7.2648
6.3647 -1.7069 9.2825
6.1975 -2.3672 7.8701
0.3546 -2.7957 3.6417
4.2946 -2.8529 5.8033
-16.2468 6.6642 12.9036
-15.4855 3.2260 6.4922
2.2326 -1.7794 5.5611
5.9190 -2.7601 6.9263
4.9136 -1.1398 8.3904
1.5829 -2.8797 4.1838
0.6089 0.8201 10.9934
3.6158 -2.3119 5.4453
4.3680 -1.8228 6.8590
7.6863 -1.4618 10.5340
1.6762 -2.6030 4.5151
2.0745 3.3535 16.8880
2.2523 -2.6961 4.9361
-11.3483 4.2139 10.8501
3.4969 -1.8166 5.6036
2.7336 2.5426 15.6528
-15.5855 4.2137 8.4026
9.4599 0.8199 16.1048
6.6796 0.4365 13.7353
3.7362 -2.0943 5.3715
-8.5067 0.4883 5.0677
9.8015 -0.2607 14.1490
8.4068 0.6485 15.1551
3.9397 -1.9053 5.8569
3.4155 -1.6096 5.8554
1.2553 2.2444 14.2048
-9.9297 2.8684 8.9884
-4.3193 2.2444 10.9852
5.7633 -2.9412 6.4755
6.2740 -2.9314 6.7900
0.9738 -2.6960 4.1980
2.0545 -2.9006 4.4144
1.9416 -2.1329 4.8186
2.4892 -1.6746 5.7229
0.9209 -0.7256 8.0938
3.7487 -1.1559 7.5888
6.6766 -1.4618 9.9510
0.1289 -1.1684 6.7540
-0.0420 -1.8146 5.3677
0.4883 2.8685 15.0055
4.3246 -2.0557 5.8737
3.4529 -1.9635 5.3037
-0.6594 -2.2279 4.1876
-0.4178 4.7200 18.1714
3.5808 -2.3614 5.4582
-1.0281 -2.2384 3.9538
2.0031 -1.7499 5.4347
0.4150 -2.7348 3.7981
4.6864 -2.7600 6.2146
4.3506 6.9342 25.3375
1.6894 -1.5334 5.7724
4.3222 -1.6464 7.2372
6.2375 -1.2141 10.1909
7.8008 -0.7552 12.0081
5.6093 -2.8364 6.5955
6.8995 -1.2798 10.4423
5.4215 -2.3627 6.5530
5.7478 -1.2797 9.7773
-1.8108 0.6487 9.2545
-0.4693 3.9070 16.5218
2.1783 -1.1146 6.5842
3.0509 0.3371 11.4415
7.3162 -2.0940 9.0606
5.8191 -1.9819 8.4194
3.6412 -2.4462 5.5496
-1.7766 -1.8582 4.2789
3.8717 -2.8474 5.5701
4.0983 -2.7094 5.9758
2.8973 -2.1536 5.0554
5.4615 -2.8475 6.4880
3.2871 -2.8077 5.3116
-2.9305 -1.1911 4.9419
2.7086 -2.7841 5.0244
6.5410 -2.1290 8.5431
-2.2910 5.7077 19.0577
4.2097 -1.9124 6.0897
9.7657 1.2683 17.1751
4.4196 -2.3042 5.9200
5.2490 2.0593 16.1426
6.9174 -1.4426 10.1283
-0.6799 -1.9417 4.7460
2.8521 -1.3701 6.1406
1.5056 -1.5684 5.8175
2.8072 0.3371 11.3008
5.0000 -2.2780 6.4084
4.3023 -2.7722 5.9685
7.2926 -2.4899 8.2581
6.4051 -1.3010 10.1144
6.0288 -2.0077 8.4891
1.9837 0.7045 11.5571
3.7234 -1.9942 5.4451
1.3755 -2.4028 4.2264
-1.1911 -1.7223 4.8878
-4.6153 -0.3335 5.6776
5.5578 -2.2194 7.0493
4.4681 -1.5418 7.6074
4.1150 -1.7963 6.5768
3.0679 -2.7721 5.2558
6.2523 -2.8194 7.0006
5.4552 -1.0497 10.0666
0.6574 0.7617 10.9051
0.7143 -2.8743 3.6930
1.3799 -1.8518 4.0422
3.0531 -1.4028 6.0932
5.1838 -1.9695 7.2271
1.4073 -2.4028 4.2447
3.4302 -2.8362 5.3374
-1.8899 0.0616 8.0389
1.7979 -2.3521 4.5262
4.5315 -1.7704 7.1890
3.7041 -1.4614 6.5820
10.9422 5.2889 25.8659
0.1443 -2.1514 4.8042
5.0556 -2.2705 6.5232
0.6426 -0.8677 7.6498
5.8457 -1.9764 6.7674
3.7100 -1.9351 5.3961
1.2951 0.7045 11.1595
6.6731 -2.8365 7.2097
-0.5109 -1.4990 5.7258
16.3131 5.4946 29.3778
3.9528 -1.2617 7.8777
-5.0990 -0.1840 5.6961
-3.4966 2.4402 11.8507
6.8345 -0.8952 11.1712
-2.6161 -0.6033 6.2945
-1.4589 -1.9682 4.2432
5.0580 -1.7848 7.5762
-16.2714 5.0903 9.7532
-0.3434 -2.3942 4.0386
4.4504 -1.6516 7.3487
6.2847 -1.5719 9.5052
4.5740 -2.1557 6.0989
0.3439 3.1032 15.3898
-21.2678 4.7190 6.1277
-1.7546 1.1998 10.3851
-3.7006 -1.2135 4.4524
-7.0281 0.1055 5.1589
-2.5245 -1.3423 4.8751
2.0977 -2.8417 4.5569
6.7587 -2.0330 8.8602
3.0903 -2.7537 5.3054
8.2073 -1.3634 11.0310
5.8325 -2.8639 6.6695
2.0154 0.3864 10.9416
7.5763 -0.1454 13.0935
3.6693 -1.5612 6.2506
8.9070 -0.7553 12.6468
6.4714 -2.8195 7.1271
4.8733 -2.3406 6.2423
0.2246 -2.7091 3.7392
-2.7317 -1.2136 5.0119
3.9486 -2.7901 5.7285
7.9734 -1.6070 10.4106
-1.1953 -0.0647 8.1884
8.6898 -0.7842 12.4639
-6.2092 1.1999 7.8125
2.7447 -2.2723 4.9031
5.0322 0.5403 12.9907
5.2353 -2.7783 6.4952
-3.3712 -0.7254 5.6153
6.5730 0.5938 13.9871
3.1454 -1.5641 5.8652
-9.2432 4.3762 12.3893
2.1632 -2.6895 4.8979
4.1387 -1.6235 7.0882
-6.6525 -0.2600 4.6475
-2.7011 2.9840 13.3936
-0.1968 -2.6554 3.6029
-1.0139 -2.2384 3.9619
3.3818 -2.8798 5.2225
2.7434 -2.8248 4.9633
5.2047 -2.1534 6.8985
5.2955 -2.9112 6.2652
5.3729 -2.6831 6.7644
-0.9817 -1.6064 5.2397
3.3885 -1.5505 6.1188
-3.0798 -0.2602 6.7106
-0.1976 1.5606 12.0033
-0.5887 0.9409 10.5425
-11.4097 3.6204 9.6322
3.8073 -1.6119 6.4739
-0.8082 -1.4421 5.6674
5.4831 -0.8404 10.4998
0.9467 -0.2603 9.0357
7.3585 -1.1457 10.9746
5.4946 -2.3197 6.7373
2.6319 -2.1594 4.9533
3.5117 2.6480 16.3122
-1.5859 -2.0324 4.0420
4.8185 -0.3697 11.0539
-19.3208 4.0572 5.9335
-1.4266 -0.2602 7.6652
2.6258 0.5939 11.7076
1.5474 -2.7027 4.5161
2.6642 -2.1539 4.9561
-3.2065 1.6384 10.4204
-0.2818 -2.5453 3.7731
2.7649 -1.5439 5.9386
6.7874 -2.6350 7.6773
-0.9999 -1.6236 5.1951
8.4709 -0.6659 12.5731
8.2058 -0.6659 12.4200
3.8201 -2.2793 5.5413
-1.0733 -1.5715 5.2565
0.9629 -2.8689 3.8472
4.6800 -2.2992 6.0577
5.6095 -1.5541 9.1507
2.5449 -2.9160 4.6670
6.4931 0.3370 13.4293
-7.2176 1.2686 7.3669
5.8070 -2.1518 8.0738
2.3936 -2.5169 4.8780
-8.6028 2.7564 9.5317
8.9132 2.5427 19.2220
4.1711 -1.0248 9.3745
4.8668 -1.9076 7.1080
3.9203 -1.2245 7.9365
4.4303 -2.6064 6.1121
-0.5233 -2.5375 3.6492
-3.0902 -1.1682 4.8951
12.4302 2.1506 20.4718
4.2035 -1.4213 7.7529
2.3660 -2.9651 4.4659
1.5316 -1.2983 3.7980
-1.1957 -1.6573 5.0148
-7.9466 1.0674 6.5452
1.9635 -1.6746 5.7244
-3.3725 -1.4225 4.2254
-2.1529 -1.8292 4.1195
4.4891 -0.2228 11.1564
-9.9144 4.5446 12.3372
-15.9722 3.6203 6.9969
-3.9814 1.4110 9.5197
2.1884 -2.7659 4.7602
6.4522 -1.7069 9.3330
4.9332 -2.7095 6.4579
1.7987 -1.1365 6.4718
5.8548 -1.6577 9.0859
-3.4277 1.0034 9.0274
0.6236 -2.8742 3.6406
3.8361 0.2415 11.7045
-0.2231 -1.8583 5.1759
0.9893 -1.6136 5.4561
-2.0072 2.1505 12.1336
3.4133 -2.7028 5.5934
-0.6757 0.6487 9.9100
3.1944 -1.8590 5.3946
2.1243 -2.7598 4.7353
0.1100 -1.9282 5.2290
7.1408 3.7616 20.6273
1.4658 -0.1452 9.5649
5.1786 2.5426 17.0650
-9.5322 4.2139 11.8991
1.9751 -2.2840 4.5184
5.9265 -2.2177 8.0114
8.5889 -1.3222 11.3335
1.4283 -2.8690 4.1159
2.0712 -2.9651 4.2957
2.3743 -2.8903 4.6198
1.9215 -1.5691 5.9164
12.7802 3.1035 22.5728
4.0657 -2.9460 5.4856
6.9107 -0.9219 11.1619
3.3530 -0.7550 9.4397
2.8698 -1.5996 5.8498
4.3292 -1.7070 7.1932
3.6321 -1.0202 7.7906
1.2795 -0.3338 9.0815
2.8557 -1.9795 5.3635
5.2887 -2.0723 7.1089
0.2800 -1.9417 5.3003
3.9396 -2.4201 5.7182
6.4689 -2.9511 6.8634
5.1812 -2.7843 6.4520
-0.5777 -2.4471 3.7979
-2.9558 2.5425 12.3669
-3.7249 -1.2576 4.3505
4.1597 -2.7661 5.8983
7.6523 -2.1291 9.1847
-6.9490 3.6206 12.2087
-2.7437 0.1954 7.8124
0.7872 -0.4392 8.5872
-4.0275 4.0578 14.7671
7.3745 -2.1963 8.8904
6.8152 -2.6420 7.6793
-5.1199 -0.6652 4.7252
7.1973 -2.4391 8.3042
5.9075 2.3409 17.0841
-4.6841 -0.5392 5.2280
0.6450 -2.3385 4.7205
-8.0340 2.0593 8.4710
4.6639 -2.9060 5.9107
-4.1022 -0.8675 4.9100
6.2657 -2.1174 8.4072
2.7740 -2.1552 4.9220
9.2228 2.0593 18.4376
3.9409 -1.1628 7.9332
-5.5802 -0.5391 4.7106
7.1051 -2.3099 8.5084
1.3709 -1.6888 3.9282
-4.4458 -1.1910 4.0669
-0.2986 -2.0072 4.8356
-0.5369 -1.4227 5.8627
-2.0645 -1.7995 4.2296
5.8054 -2.1158 6.8376
-13.8301 2.4402 5.8825
1.7788 -1.4351 6.0756
4.3072 -2.7029 6.1095
-0.2219 -2.3851 4.1269
-2.0273 -1.5714 4.7057
4.1663 -2.8418 5.7512
5.4880 -1.9011 8.3891
-1.9945 0.7617 9.3736
6.3553 -1.0743 10.5375
3.8177 -1.2533 7.6227
7.5578 -2.2494 8.8904
4.5708 -1.8860 6.8376
4.7103 -1.5986 7.6230
-0.1325 -0.6655 7.6051
6.7247 -2.5765 7.7575
1.4896 -2.9602 3.9694
-2.5192 -0.4045 6.7467
0.6755 -0.8949 7.6147
4.6101 -2.2677 5.9979
1.5304 -2.9057 4.1016
1.3020 -2.2860 4.4721
-0.1221 3.2263 15.3659
10.6847 0.5402 16.2549
3.9982 -2.8692 5.5997
2.1299 -2.2363 4.7066
7.6596 -0.7552 11.9265
10.9476 4.3770 24.0521
1.4174 -2.7474 4.3518
2.0287 -2.4807 4.6415
1.9178 -2.1110 4.8193
-0.4789 -1.8145 5.1154
0.2866 -2.5684 4.0553
-5.1532 -0.6345 4.7672
3.7782 -2.9111 5.3892
7.4288 -0.0650 13.1685
4.5089 -1.9700 6.7763
3.5460 -1.5782 5.9983
4.7209 -2.1680 6.4913
2.1198 -2.3783 4.6267
6.3296 -1.5541 9.5665
1.0798 -2.7474 4.1569
7.8062 -1.8002 9.9290
1.2163 -2.8902 3.9512
3.4616 -2.3112 5.3547
4.0293 -2.3115 5.6830
2.9836 3.4849 17.6749
3.0160 -2.9459 4.8795
3.8882 -0.8123 9.6346
2.5928 -2.0629 5.0944
7.0610 -0.8952 11.3019
0.0642 -0.8948 7.2617
1.7589 -2.8472 4.3502
-4.3403 0.6488 7.7937
5.1955 -2.8419 6.3455
3.6041 -2.6896 5.7298
6.4969 -2.4127 7.9524
5.9754 -2.9113 6.6577
2.3894 -1.6523 5.7193
1.8398 2.7566 15.5630
-11.4520 5.7071 13.7656
4.7411 -2.6897 6.3863
3.5803 -1.1226 7.7547
-0.6854 -2.4810 3.6683
0.0848 -2.6826 3.7112
4.8955 -2.3390 6.2212
2.2113 -1.4549 5.9758
-8.3211 0.8800 5.9553
10.8915 4.3770 24.0197
4.7026 -2.1399 6.5646
2.7088 -2.6761 5.2397
-0.3594 -1.0980 6.6122
4.3694 -2.9111 5.7305
0.8621 -0.8402 7.8314
-1.5313 3.9070 15.9083
-5.5492 0.0188 5.8403
4.6756 -2.9605 5.8089
5.2602 -1.9762 7.2358
-0.8453 1.6384 11.7841
-0.6700 -1.2137 6.2023
6.3398 -2.9559 6.7793
4.2818 -2.2030 5.7626
4.3367 -0.1055 11.3021
4.7210 -1.4548 7.9965
3.7786 -1.4918 6.7559
4.6510 -2.9362 5.8431
0.1494 -0.8401 7.4199
6.7717 -2.8021 7.3350
6.1961 -2.9062 6.7954
-1.5779 -1.3216 5.4630
-0.4308 -0.7255 7.3132
-0.9139 2.3409 13.1444
2.3259 -2.7222 4.9268
-0.2639 -1.9417 4.9862
-12.7791 4.2138 10.0236
2.3959 -2.2724 4.8904
3.1347 -1.8821 5.4524
4.5371 -2.1559 6.1139
2.4108 -2.6895 5.0409
4.9090 -0.8679 10.1134
2.5663 -0.6656 9.1635
4.5133 -1.9264 6.8510
-7.1035 1.0035 6.9047
8.5056 2.4403 18.7826
-0.9282 -1.6405 5.2027
-12.0489 2.3408 6.7133
12.2187 6.1661 28.3510
5.8123 -2.1105 6.8256
3.7103 -2.7413 5.6881
4.4142 2.6480 16.8335
-0.8248 -1.9550 4.6357
2.1438 -2.0176 5.0427
7.8074 2.3410 18.1814
-4.5902 3.6206 13.5712
2.5977 -1.7794 5.6916
7.1240 -2.6350 7.8716
-8.4622 3.4846 11.0639
1.4549 -1.5491 3.8834
4.2901 -2.7159 6.0737
3.1462 -2.7350 5.3750
-2.0995 2.7565 13.2878
1.4556 -1.5031 3.9303
-21.2388 6.9320 10.5541
1.8838 -2.1821 4.6594
7.6114 0.8796 15.1563
0.5758 -0.4093 5.4623
2.3876 -1.7200 5.5739
2.9913 -0.2975 10.1426
-0.4815 -2.4210 3.9055
-15.7089 5.7068 11.3065
7.6646 -0.2229 12.9902
-0.4856 -1.4613 5.8154
1.7210 -2.0756 4.8115
1.5180 -1.6476 5.5089
4.6672 -2.8250 6.0740
5.2099 -2.7224 6.5919
-3.8638 -0.5715 5.6374
-1.0006 6.9338 22.2460
1.1712 -0.7838 8.1223
1.9721 -2.0661 4.9237
-2.2001 1.2685 10.2647
9.4897 3.7617 21.9840
0.1874 -2.4727 4.1889
-7.1813 1.2686 7.3879
6.5406 -2.1519 8.4973
2.1512 -2.8191 4.6328
-1.5113 -1.3628 5.4193
4.0905 -2.9060 5.5797
4.4179 -1.3359 8.0420
5.3237 -1.9564 7.2523
3.4014 -1.7945 5.5638
-8.7874 1.8001 7.5194
6.1769 -0.7552 11.0704
7.6121 -1.8589 9.7000
-2.8258 -1.3005 4.7843
1.1514 -0.6958 8.2862
0.7828 0.9408 11.3345
5.8211 -1.3835 9.6130
8.5849 -0.1845 13.5981
5.8740 -0.8404 10.7255
3.3566 -1.9966 5.3181
2.7072 1.5606 13.6808
6.2447 -2.6134 7.4067
-2.0588 0.5940 9.0023
7.1574 -2.6062 7.9482
4.5583 -1.7140 7.3707
3.0444 0.7616 12.2835
4.4996 -2.5700 6.1278
-1.1900 5.4936 19.2669
-0.0092 -2.7091 3.6043
4.7530 -2.5005 6.2309
0.5429 -2.3852 4.5685
0.0279 -2.4386 4.1647
3.4802 -2.6896 5.6583
0.7469 -2.7535 3.9523
7.0992 2.1506 17.3930
3.5455 -1.7827 5.5951
2.8915 -2.9110 4.8772
8.4821 -1.2364 11.4428
2.8837 -2.2809 5.0048
1.5722 -1.7338 5.3622
2.7473 -2.0795 5.0368
5.5835 -2.7288 6.7949
-3.5717 2.6479 12.2211
5.8556 -2.7352 6.9393
2.2538 -1.6497 5.7272
2.6369 -1.4465 5.9761
3.9046 -1.5395 6.9553
5.4340 -2.5533 6.6581
-7.8424 0.6489 5.7713
2.9009 -1.4474 5.9875
3.7571 -2.6255 5.7371
4.5141 -2.3130 5.9666
3.4769 -1.9833 5.2679
-8.9614 1.4849 6.7909
-0.4111 1.3388 11.4380
4.0410 -1.8625 5.9487
5.8515 -1.1916 10.0129
2.4873 -1.9623 5.2372
5.5770 -2.1962 7.0310
5.1303 5.7082 23.3448
0.2350 -2.4975 4.1668
-4.4684 4.2141 14.8241
0.3451 -2.0815 5.0594
1.0416 -2.6760 4.2771
-4.6529 -0.2601 5.8022
-6.7482 5.4932 16.0561
2.7175 -2.0489 5.0798
7.6353 -2.2071 9.0194
3.9270 -2.2154 5.5599
1.3927 1.3388 12.4797
3.1180 -1.4909 5.9622
3.3579 -1.3602 6.3145
2.6365 -1.3535 6.2178
-1.1106 -1.9683 4.4443
3.7400 -2.8362 5.5162
4.3747 -2.1993 5.8065
1.8953 -2.5665 4.6171
0.6971 -1.4024 5.7338
4.6509 -1.8681 7.0160
5.8272 -2.3947 7.6015
1.2488 -2.9554 3.8399
-4.5599 -0.9992 4.3832
7.1620 0.0184 13.1807
-14.1461 6.1641 13.1204
0.6981 -0.8949 7.6278
3.8688 -2.2471 5.5476
-7.0294 0.2892 5.5242
-0.4747 -1.2793 6.1843
8.1707 -0.8952 11.9427
3.4301 -2.9459 5.1186
6.2209 -1.7543 9.1050
2.3761 -2.0990 5.1317
9.3625 0.1495 14.7129
4.4531 -2.4981 6.0523
1.1770 -1.6353 5.5958
4.6417 -2.8957 5.9185
-11.6966 2.8684 7.9679
6.6572 -2.3579 8.1542
-1.7080 -1.3628 5.3057
4.1621 -2.1401 5.6492
6.0570 -1.1845 6.3997
-1.8078 -1.7537 4.4691
0.6135 -2.8742 3.6348
8.1504 -0.1845 13.3472
5.4962 5.2886 22.7200
-5.5289 1.6384 9.0792
3.0609 -2.4113 5.1905
8.6479 0.7615 15.5195
5.3599 -0.9218 10.2664
5.5684 -1.8297 8.5778
5.9902 -1.2797 9.9173
4.2388 -2.9060 5.6653
8.8777 -0.5721 12.9950
5.1695 -2.2263 6.6468
3.3879 -1.2456 6.8462
3.8159 -1.9911 5.4155
4.4945 -0.8404 9.9289
1.0584 2.4403 14.4815
-1.1085 4.0579 16.4532
-0.8924 -0.2226 8.0488
3.5507 -1.9741 5.2811
-0.4916 -2.2384 4.2635
-0.8160 -1.8293 4.8914
4.0418 -2.2475 5.6484
4.6525 -1.5106 7.7614
2.7796 -2.8361 4.9617
1.5401 -1.2294 3.7192
5.1808 -2.6831 6.6535
-7.2310 0.1055 5.0417
-6.0613 3.7612 13.0017
2.6250 -2.2463 4.8580
7.7520 -0.3340 12.8192
6.1525 -2.4898 7.5999
0.8424 -2.9108 3.6941
2.4378 -0.9029 6.7807
-1.0166 -1.8293 4.7756
5.2683 -1.2140 9.6313
9.6051 4.7205 23.9610
-5.2015 -0.9213 4.1678
9.2556 0.5402 15.4296
3.3769 -1.6750 5.8113
10.5381 0.7614 16.6111
-3.8999 -0.9736 4.8152
11.0420 1.7181 18.8083
1.0011 -1.9354 4.8640
3.7661 -1.8350 5.6286
6.0308 -2.7540 7.0031
3.1765 -2.8583 5.1468
1.3994 -1.8106 4.0281
5.3658 -1.8443 8.4317
0.8559 -2.8016 3.9194
2.8181 -2.7781 5.0996
-0.6074 -1.5174 5.6333
-10.2090 1.5607 6.2214
2.1865 -2.9555 4.3813
-8.1034 0.2419 4.8097
5.3490 -2.6898 6.7373
4.7935 0.1951 12.1650
-5.6345 2.0593 9.8569
2.8681 -2.1209 5.0840
0.7161 -2.4299 4.5795
4.9144 -2.7783 6.3099
5.6008 -2.2539 6.9756
3.0948 6.6658 24.0774
-8.9988 0.7048 5.2148
4.4612 -2.6250 6.1424
1.2197 -2.3208 4.3407
2.3210 -2.2679 4.6772
-20.1105 5.2871 7.9281
14.5288 4.2149 25.7972
2.4395 -2.2940 4.7515
4.9891 -2.2723 6.4207
0.8317 -2.6130 4.2814
8.4492 -0.8406 12.2126
-3.2876 -0.7836 5.5476
4.0545 0.1952 11.7382
2.9692 -2.4807 5.1845
6.9264 -0.0650 12.8784
-0.0701 -2.1738 4.6357
-0.0546 -2.3942 4.2054
-4.6316 -0.8399 4.6592
0.8410 -2.9602 3.5949
4.4696 -2.7224 6.1645
5.8023 -2.6831 7.0124
-12.1349 3.1030 8.1823
6.0888 0.4366 13.3941
-4.4534 2.3409 11.1001
6.4738 -2.9559 6.8566
3.0457 -2.2943 5.1023
1.5541 -2.3434 4.5591
7.8943 -1.8873 9.8063
1.6927 -1.0602 6.5867
3.5782 2.5426 16.1407
6.9559 -2.3673 8.3080
2.4653 0.5939 11.6150
6.6661 -1.7850 9.3008
2.3744 -2.2003 4.7828
1.3870 -2.7536 4.3219
0.6623 -1.2253 6.0793
12.2420 5.2890 26.6167
2.1089 -2.2642 4.7704
2.1883 -2.9409 4.4114
2.2342 2.2444 14.7702
5.7915 -2.3326 6.9093
-4.7923 3.1031 12.4232
0.5910 -0.3036 5.4358
4.5532 -0.7551 10.1327
-0.7201 -2.2591 4.0902
8.9708 2.9842 20.1350
1.9953 -2.1078 4.8536
1.3251 -2.2804 4.3973
4.3614 -0.8679 9.7972
4.5132 -2.4294 6.0425
1.1872 -1.8191 5.1693
4.4795 -1.7749 7.0024
15.6975 6.4108 30.8479
2.3754 -1.4153 6.1954
-8.1748 0.2892 4.8627
7.6011 -1.7851 9.8407
8.2670 1.9705 17.7087
3.9700 -2.4465 5.7403
3.1545 -2.8745 5.1019
-0.4132 -1.4803 5.8195
8.0396 -0.4050 12.8439
-2.5567 0.6487 8.8237
6.4173 -2.6628 7.4080
1.6875 -1.7327 5.4226
6.6981 -2.1962 8.4999
5.4056 -2.2120 6.9810
2.1921 -2.2061 4.7972
4.2267 -1.8928 6.6019
5.0001 -1.9622 7.0901
2.6872 -1.9645 5.4679
-0.7204 -1.8726 4.8603
5.5208 -2.7539 6.7087
3.5965 -2.3785 5.4794
4.7933 -1.5326 7.8782
4.6759 -0.8124 10.0895
2.6937 -2.9555 4.6742
0.1056 -2.6485 3.7914
1.6256 -1.9058 5.1598
-5.1480 -0.9476 4.1463
-13.5653 2.9838 7.1187
6.2345 -2.8694 6.8908
-18.9985 6.4081 10.8041
-1.9574 -1.3830 5.1214
-5.8381 -0.1051 5.4265
-6.2391 -0.1840 5.0378
0.5839 -2.3480 4.6663
-2.2665 4.2142 16.0959
15.5226 5.2892 28.5118
3.7557 -1.8171 5.8672
1.4090 -2.6894 4.4625
3.6946 -2.3277 5.5003
4.2065 -1.8738 6.3765
5.5064 -2.7288 6.7504
0.6059 -0.3812 5.4097
3.6043 -1.6417 5.9092
6.0038 -1.2362 10.0118
4.1203 -2.8135 5.7811
3.1166 -2.1860 5.0760
3.6527 -1.1455 8.8348
3.5027 -2.7158 5.6190
2.4923 -2.8637 4.7410
1.7557 -1.5194 6.0025
3.1645 -1.8139 5.4556
3.8855 -2.8956 5.4819
1.4152 -2.9650 3.9169
7.4176 -1.1222 11.0555
12.6627 3.2266 22.7502
1.9006 -2.4509 4.5559
5.9025 -2.9010 6.6361
-1.7265 -1.7995 4.4248
4.4617 -2.1726 5.8792
4.8439 -1.7703 7.3691
6.6749 -2.3857 8.1090
-3.6073 -0.4730 5.9819
-5.5289 -0.7253 4.3693
-0.1888 -2.5835 3.7508
-0.1990 -2.3942 4.1220
0.9386 -2.9359 3.6997
-1.8172 -2.0324 3.9085
4.4825 -2.8957 5.8266
12.8092 3.2266 22.8348
6.3305 0.6485 13.9561
0.0052 0.4881 9.9832
4.1813 -2.6963 6.0499
-4.9579 -0.5392 5.0699
5.4278 -2.8194 6.5246
1.9567 -2.9507 4.2583
5.9457 -2.6898 7.0818
13.2369 2.8687 22.3688
2.5593 -1.0900 6.5050
0.1893 -2.7597 3.6181
9.5220 -0.1455 14.2172
-2.1173 -0.6346 6.5203
2.3455 -1.8210 5.4567
-0.7747 -2.3759 3.8260
8.7821 -0.1455 13.7899
3.0598 0.2416 11.2562
2.9909 -1.8255 5.4052
0.8820 -2.8689 3.8005
5.9153 -2.6831 7.0776
7.5234 -1.9151 9.5368
3.8859 -1.1449 8.0013
1.5306 -1.5419 5.7555
-8.5084 1.3389 6.7617
-1.4318 -1.9416 4.3119
1.0109 -2.7411 4.1296
8.8946 -0.2607 13.6253
1.0821 -2.0285 4.8536
-3.1623 0.3373 7.8534
-0.7375 -1.7064 5.1816
7.6389 -0.7841 11.8571
0.5143 -2.6692 3.9861
5.6103 -2.1742 7.9156
-0.2892 -1.8583 5.1377
-1.2563 -2.2172 3.8641
3.1867 -1.3432 6.4027
5.4262 -2.6964 6.7687
5.6917 1.2684 14.8223
3.1951 -1.0366 6.9750
3.2557 -1.6380 5.8512
0.4635 -2.3667 4.5594
4.9080 -2.2748 6.5592
-0.3047 -0.4046 8.0254
3.1200 -2.6896 5.4504
3.3081 -2.8077 5.3237
6.5207 -1.8872 9.0132
5.3868 -2.1163 7.0193
4.5570 0.1952 12.0284
1.4489 -1.4078 5.9966
-5.8935 0.8202 7.2383
5.2298 -1.7790 7.6420
-3.0904 1.6384 10.4875
1.4564 1.8841 13.6031
-0.0882 -2.5217 3.9320
3.6408 -2.7223 5.6859
3.1426 -1.9887 5.1687
2.5579 -2.2409 4.8679
5.1140 -1.7558 7.5362
8.6048 -1.3429 11.3014
-1.1758 -1.3830 5.5728
4.1349 5.2885 21.9336
8.1708 -1.6411 10.4566
11.0687 0.7614 16.9175
10.8827 5.0918 25.4388
0.9304 -2.8190 3.9279
0.6605 -1.5006 5.5426
5.4344 -1.9422 7.3849
10.8516 1.4847 18.2334
-19.2004 6.1637 10.2005
4.8205 -0.9218 9.9549
3.3667 -1.6144 5.8570
1.0823 -1.5307 5.7199
-0.2243 -0.8677 7.1492
3.7164 -2.8583 5.4585
6.0987 -1.2581 10.0229
5.6117 -0.8951 10.4650
4.0461 -1.1221 9.1086
6.2238 -2.1405 8.3371
-10.5499 1.9705 6.8411
1.4832 -1.3381 3.7589
-0.2800 -1.0246 6.8044
6.0900 -2.8585 6.8290
2.4326 -0.0649 10.2834
1.8748 -1.5367 5.7612
-2.9472 1.8000 10.8924
0.2286 -2.7347 3.6904
8.9834 -0.2229 13.7517
4.9886 -2.1978 6.5743
-6.2179 -0.0645 5.2880
5.3155 -2.1737 6.8522
5.1705 -0.2847 7.9606
2.3352 -1.5896 5.7982
1.7495 -2.7092 4.6197
1.0457 -2.8017 4.0290
3.2634 -2.7093 5.4938
6.3920 0.1050 12.9086
-1.5147 -1.3423 5.4581
5.1633 -2.7477 6.5146
4.1920 -2.5884 5.9629
-11.4113 1.6384 5.6819
-1.0606 -2.0693 4.2718
-0.3172 -2.5760 3.6916
6.5696 -1.5541 9.7051
3.6916 -1.9133 5.4302
6.6684 -1.0498 10.7671
2.8048 -2.9261 4.7970
4.1630 -0.0649 11.2827
-3.8264 -0.2601 6.2794
4.4870 0.5939 12.7825
-3.9045 1.5606 9.8624
0.2495 -2.4122 4.3452
7.1578 -2.5537 8.0531
-4.1714 -0.2972 6.0064
4.0720 -1.3633 7.6696
3.4924 -2.8798 5.2863
3.6980 -1.1950 7.5597
6.9059 -2.8138 7.3894
3.9017 -2.8904 5.5017
7.4804 -0.9742 11.3866
1.9116 -1.0970 6.5176
3.8001 -0.6036 9.9996
-1.6227 -1.1911 5.6971
-9.1649 2.6479 8.9907
1.7978 -2.7412 4.5839
4.5748 -1.7109 7.3602
3.4879 -1.2590 6.8294
-1.9389 -1.7223 4.4561
3.3715 -2.7413 5.4925
-1.2607 -2.0448 4.2050
6.4547 -2.5536 7.6472
1.3990 -2.4270 4.2972
4.5794 -1.8498 6.8857
-2.6629 -1.1451 5.1880
5.0421 -1.8407 7.4230
5.8439 -2.8420 6.7199
-0.9653 -1.7382 4.9867
7.7630 -0.8952 11.7073
6.6134 -1.0743 10.6866
-16.0916 5.2873 10.2496
1.6652 -1.3629 6.0153
9.3878 1.0672 16.5559
-3.4823 -1.4988 4.0101
3.6592 -1.9091 5.5682
5.0295 -1.7635 7.6332
6.2190 0.3370 13.2710
9.9115 2.1506 19.0172
-1.8197 0.7046 9.3607
3.4351 -2.8306 5.3514
4.2012 -2.9652 5.5255
6.5881 -1.5541 9.7158
-1.2135 -1.4030 5.5113
8.7470 1.5605 17.1690
2.7140 -1.9386 5.3812
-20.1972 5.4924 8.2871
4.5782 -2.8020 6.0686
-8.9268 4.2140 12.2488
-7.5837 0.3867 5.3983
3.8173 -2.7538 5.7251
3.3512 -1.2861 6.6311
5.4735 -2.1865 6.9000
5.5100 -2.7539 6.7024
-2.9708 -1.0493 5.2011
1.8091 -2.9210 4.2321
4.0073 -1.6235 7.0122
1.5984 -2.2922 4.4495
1.3525 -2.9057 3.9989
5.1103 -2.2736 6.5282
-3.2944 -1.1451 4.8233
7.3660 -1.9949 9.2867
6.3750 -1.5361 9.6286
3.5323 -1.0804 7.6408
7.0939 -1.5179 10.0801
5.0433 2.2444 16.3926
5.7601 -2.6489 7.0561
4.4280 -2.9362 5.7144
5.3824 -1.8443 8.4413
4.5510 -2.1186 6.4520
0.7934 -1.5453 5.5198
0.3565 -2.5376 4.1572
3.5364 -1.2785 6.8943
5.0589 -2.1688 6.7312
-1.0833 -2.2693 3.8602
7.5450 -2.1854 9.0106
-1.6941 -1.6572 4.7270
4.3004 -1.6358 7.2716
7.5677 1.0032 15.3773
-7.8511 1.6384 7.7381
6.6464 -1.6743 9.5099
0.8744 -2.9408 3.6528
-1.7476 -1.7844 4.4427
1.3806 -2.7659 4.2937
3.0003 -1.8910 5.5185
-14.1137 3.9066 8.6406
8.5840 -1.1223 11.7289
5.2950 -1.1456 9.7831
5.4279 -2.9313 6.3015
6.2266 -2.5689 7.4849
4.6909 -1.9709 6.7059
6.8683 -2.5143 7.9645
2.7535 -2.9507 4.7183
5.1469 -2.2259 6.6326
3.1404 -1.2553 6.5621
9.2414 -0.2607 13.8255
4.4294 -2.9653 5.6573
5.2256 -2.5132 6.5044
5.8912 -2.8308 6.7695
2.7745 -2.1232 4.9662
2.0191 -1.6978 5.6953
-12.6047 5.9306 13.5453
3.0777 -1.8952 5.3207
2.9183 -1.5521 5.8592
4.0965 -2.9162 5.5628
3.0502 -1.5551 5.9570
0.3901 -2.2279 4.7936
3.5934 -1.6322 6.0976
5.3840 -2.9510 6.2371
5.1481 -2.3435 6.4080
-0.0364 -2.1626 4.6774
2.1299 -2.8248 4.6091
4.1953 -1.4553 7.4917
-1.0150 -2.0693 4.2981
-2.0297 -1.8866 4.0762
16.6715 6.1664 30.9233
-2.9272 2.4403 12.1795
-2.0314 -1.1452 5.5526
6.7472 -2.8906 7.1446
3.7786 -1.3477 7.2772
-3.4944 -1.2135 4.5715
-2.5763 -0.7547 6.0159
4.9543 -2.1742 6.5626
4.6434 -2.1390 6.5275
5.6425 -2.1630 7.9563
3.9459 -1.8333 5.9901
12.2169 5.0918 26.2094
1.3537 -2.8075 4.1953
-8.5065 0.3867 4.8654
7.8306 -0.3341 12.8646
-1.9966 -1.4420 4.9812
2.4271 -2.9160 4.5989
5.0504 -2.0325 6.9852
9.0527 -0.9743 12.2946
0.0064 1.6384 12.2760
5.3232 -2.7662 6.5701
1.2368 -2.2113 4.6157
-1.3959 -2.1513 3.9149
4.2762 -1.6267 7.3188
3.2408 -1.2782 6.4404
-0.3663 -1.3424 6.1213
-0.4956 -1.7224 5.2894
3.8736 -0.6036 10.0420
-9.2274 0.9410 5.5536
-9.3338 0.6489 4.9100
8.1831 -0.6351 12.4683
-10.0482 0.7619 4.7226
0.7671 -1.6394 5.3907
6.3940 0.0184 12.7372
6.4922 -2.8079 7.1621
-1.2089 -1.9281 4.4675
6.7024 -2.5613 7.7749
1.6702 0.4880 10.9447
3.5303 -1.7233 5.7298
-3.3262 -0.6033 5.8845
2.4350 -2.2455 4.7161
4.5255 -2.4123 6.0380
-4.8891 0.2891 6.7601
3.3338 -2.9008 5.1530
5.8035 -2.8194 6.7415
6.8979 -0.7259 11.5451
-6.9452 -0.2223 4.5535
2.8536 -2.9261 4.8251
1.4711 -2.4479 4.3011
4.0052 -2.7960 5.7494
-1.4473 -1.2577 5.6657
0.1304 0.1053 9.2927
8.4594 0.1950 14.2819
1.2958 -2.0458 5.0464
4.4319 -1.5282 7.6290
7.0739 -2.5302 8.0514
2.3027 -2.7286 4.9006
-4.3726 1.7182 9.9060
-1.2597 -0.3694 7.5440
5.9848 -2.8640 6.7574
1.8319 -2.0150 4.9544
4.8079 -2.3305 6.2404
-6.5038 2.6479 10.5277
-0.6872 3.7614 16.1057
2.2960 -2.7027 4.9483
4.8715 -1.4640 7.9764
4.1634 2.8686 17.1282
1.1957 -0.4392 8.8230
3.7515 0.3371 11.8461
5.6121 -1.7849 8.6922
2.3296 -2.3608 4.7346
4.5794 1.0672 13.7790
6.2125 0.1951 12.9844
5.9194 6.6660 25.7092
4.1035 -2.8584 5.6820
13.7576 4.2148 25.3518
5.1338 -2.8419 6.3098
3.3628 -2.5522 5.4602
4.7990 -2.2509 6.3921
5.2798 -1.8395 7.5538
3.1236 -0.8123 9.1931
-0.9461 -1.6405 5.1923
-1.0870 -2.1737 4.0486
5.9236 -0.1844 12.0613
-2.6043 0.5941 8.6873
-11.6393 5.2876 12.8215
3.4821 -2.6254 5.5783
6.4660 -2.5062 7.7483
-14.5750 5.0904 10.7331
3.5138 -1.4366 6.3856
-3.8522 4.9017 16.5501
6.1218 -2.7962 6.9715
0.3273 -2.7348 3.7474
2.1931 -1.9317 5.1631
6.3554 -2.5222 7.6524
6.0151 0.1051 12.6910
3.0692 -1.9287 5.2543
4.3404 -1.2603 8.0722
5.5650 -2.0576 8.1217
5.8045 -1.9286 8.5170
6.6200 -2.7844 7.2828
0.2225 -2.6960 3.7642
6.3439 -2.6062 7.4785
4.4829 -2.7661 6.0849
-5.9432 1.4849 8.5340
6.4358 -0.7552 11.2199
0.6445 -1.4988 5.5148
-18.7167 4.3758 6.9172
-0.7967 0.8798 10.3007
1.1817 -1.3764 5.9206
5.3954 -2.1479 6.9906
4.3828 -1.8945 6.7684
-9.4061 1.1999 5.9663
5.0688 6.1655 24.2206
2.3216 -1.9459 5.2950
-7.5284 5.9310 16.4777
6.3377 -2.9364 6.8169
0.4147 -0.9025 5.6281
4.3865 -1.7577 7.1275
5.9826 -1.0984 10.2742
-0.6833 -1.9683 4.6910
1.5921 -2.1099 4.8552
4.4973 -2.0335 6.5612
-0.0899 -2.0325 4.9058
1.5443 -1.4827 5.8721
0.9509 1.3388 12.2246
4.0829 -1.7440 6.3632
5.4371 -0.8404 10.4733
0.2001 -2.6960 3.7512
-3.7361 -0.5064 5.8409
1.3645 -2.3313 4.3508
-1.4454 -1.9550 4.2773
8.9850 -0.6351 12.9313
-0.2910 -1.7382 5.3761
5.5515 -1.1221 9.9779
-0.2543 -2.6273 3.6257
-6.5100 1.9705 9.1743
2.9475 -2.5546 5.2259
-3.6743 -0.6653 5.5599
-2.4066 0.0616 7.7405
6.2710 -1.9286 8.7864
3.1355 -2.4637 5.2699
4.3288 -2.1977 5.8068
-1.5181 -1.3216 5.4975
-1.1275 -2.2278 3.9174
4.8379 -1.4494 8.0027
0.5242 -2.7719 3.7872
3.7746 -0.4393 10.3122
10.2462 4.7205 24.3313
2.1129 -1.9818 5.0957
3.5126 -2.8583 5.3409
3.9360 -0.8950 9.4974
4.2294 0.8200 13.0842
-8.6269 0.2892 4.6016
2.9327 -2.8744 4.9738
4.2139 -2.5883 5.9754
8.0421 -1.8445 9.9770
3.3887 -1.5622 5.9929
5.4972 -2.6831 6.8362
1.3900 -1.6613 5.4152
-4.6327 1.9705 10.2586
8.1744 -0.2606 13.2094
-6.6413 3.6206 12.3864
0.7647 -0.7549 7.9451
1.0519 -0.3695 8.8789
3.7828 0.1051 11.4019
2.5016 -2.5167 4.9399
4.8835 -0.7840 10.2660
-4.6437 0.4882 7.2985
6.4177 -2.5381 7.6568
0.8885 -1.6064 5.4810
4.2807 -1.7984 6.9295
7.1076 -1.3011 10.5200
4.4554 -2.8746 5.8530
-13.4799 2.4402 6.0848
5.0886 -2.9112 6.1458
6.5948 -1.8731 9.0841
2.2351 -1.5098 5.8800
1.1479 -2.8743 3.9433
3.9775 -1.9266 5.8630
-1.5352 -1.5536 5.0253
-5.0090 0.0188 6.1522
5.8718 -0.5397 11.3236
-4.7375 0.7047 7.6757
-3.3758 -1.3422 4.3835
-0.6745 -2.4121 3.8117
-3.9735 4.0578 14.7983
1.0465 2.8686 15.3280
4.3190 -0.3339 10.8368
3.8330 -2.8362 5.5699
3.0272 -1.1867 6.4853
1.6578 -2.9006 4.1854
1.9752 -2.9058 4.3584
4.7859 -2.4829 6.2380
-7.0400 1.8841 8.6962
2.1486 -2.2822 4.7080
3.9340 -1.7708 6.0640
5.0131 -1.9502 7.1108
-0.4742 -1.6064 5.5328
6.3468 -2.8801 6.9344
3.9709 -0.5067 10.2913
3.1772 -1.2354 6.5278
-0.2332 -1.4421 5.9994
0.6078 1.7181 12.7823
7.9106 -1.8873 9.8158
3.4094 -2.7350 5.5270
1.2899 0.1052 9.9623
2.4827 -1.1958 6.3973
4.7787 -2.2898 6.1823
3.6041 -2.9361 5.2387
2.1376 -2.7286 4.8053
-1.0933 -2.0072 4.3768
6.2453 -0.5397 11.5393
2.7929 -2.5894 5.1575
1.1496 -2.8190 4.0544
4.9291 -2.8693 6.1372
5.1055 -1.1456 9.6736
4.3847 -1.9069 6.7570
2.4558 -1.9469 5.2652
-3.3728 0.8799 8.8129
6.7852 -2.6490 7.6480
-1.9281 -0.8947 6.1113
-4.5437 1.0674 8.5104
5.3314 -1.9859 7.1942
3.1585 -2.0687 5.0632
6.8300 -1.3633 10.2357
-2.3560 0.8798 9.4002
5.2775 -1.3427 9.3801
3.0705 -0.8993 7.3460
2.3859 -2.1411 4.9405
3.8743 -2.9604 5.3463
6.0084 -1.9011 8.6895
6.3372 0.0184 12.7043
1.1109 -2.9650 3.7413
-2.0029 -1.4802 4.9015
7.0057 -1.9556 9.1570
-1.0186 -1.5174 5.3958
3.4489 -1.8521 5.4644
5.8994 -1.7386 8.9504
1.6064 -2.8527 4.2512
6.6387 -1.2363 10.3784
2.4907 -2.2467 4.8767
1.8693 -1.6875 5.5434
7.5903 -2.1963 9.0150
1.3849 -0.5066 8.7981
-0.1895 -2.0072 4.8986
1.3436 -2.7536 4.2968
3.7584 -1.3306 7.2831
4.4426 -0.9481 9.6842
4.6972 -2.6963 6.3478
6.7322 -2.5143 7.8859
-5.9452 1.2685 8.1018
2.8062 -0.2974 10.0357
1.4857 -2.4217 4.3058
5.0194 -2.9313 6.0657
-1.3706 -0.8121 6.5980
1.8093 1.0033 12.0518
3.7222 -2.1848 5.4224
1.5282 -1.7921 5.2221
5.9024 -2.0939 8.2444
1.4160 -1.7419 3.9897
2.1728 -2.5141 4.7441
7.9257 0.2887 14.1604
1.6270 -2.7598 4.4482
5.5904 -2.7723 6.7122
1.7389 -2.7840 4.4645
6.0180 -1.4023 6.4677
4.3374 0.7616 13.0302
5.4919 -2.3251 6.7169
-9.7964 4.7195 12.7540
-0.8618 -0.1053 8.3002
-5.1155 0.1054 6.2634
5.5926 -2.7962 6.6660
4.1324 -1.7631 6.8249
5.4247 -1.4231 9.3051
4.4957 -2.8746 5.8762
3.8429 0.3371 11.8988
6.7440 -2.3001 8.3195
-1.1352 -2.3288 3.7117
-5.1812 -0.3693 5.2795
-0.3388 -1.8583 5.1091
3.3759 -2.0061 5.1727
9.7350 1.4108 17.4412
-15.8717 3.4844 6.7842
2.8528 -2.1179 5.0662
7.3468 -1.6411 9.9807
0.9476 -2.8133 3.9493
-8.2733 5.0907 14.3733
1.5256 -2.3493 4.3622
6.0860 -1.3834 6.4457
1.3524 -2.4199 4.2245
2.4121 -1.8473 5.4137
4.1851 -2.7961 5.8533
2.9419 2.4403 15.5693
6.2985 -0.6038 11.4423
2.4415 -1.1289 6.5454
5.9705 -2.8194 6.8379
5.1031 -1.9965 7.1059
-5.6662 0.5406 6.8124
10.7379 3.9074 22.9952
2.5378 -2.2887 4.8553
3.7841 -2.9059 5.4028
1.1195 -2.8017 4.0716
2.7979 -2.5529 5.1357
-2.3957 -0.6034 6.4218
-1.6563 -1.5890 4.8848
-6.0935 2.3409 10.1529
2.7937 -1.7440 5.6193
2.2103 1.5606 13.3939
-10.6802 3.4846 9.7828
6.6716 -1.8298 9.2148
-9.3989 1.2686 6.1072
1.6985 -2.9555 4.0996
4.1601 -1.7878 6.6371
6.9924 -2.6279 7.8098
-2.6243 0.7617 9.0099
3.2292 -0.2975 10.2799
6.7347 -1.3221 10.2628
10.0553 2.6481 20.0916
3.6720 -1.5693 6.2058
4.5238 -1.9010 6.8800
7.3788 -0.1056 13.0588
5.7909 -2.0203 8.3264
4.6873 -2.8746 5.9869
4.7907 -2.9653 5.8659
-1.4242 6.6654 21.4667
7.8777 -0.1454 13.2676
-1.8784 3.2263 14.3515
-3.5900 -0.2972 6.3421
-6.3399 4.2141 13.7430
6.3206 -2.9559 6.7682
5.0199 -2.8905 6.1473
5.0234 -2.1721 6.6784
3.8943 -1.9801 5.4623
0.9475 -2.6894 4.1960
2.0810 -2.7598 4.7103
2.1280 -2.7092 4.8382
3.0319 0.5404 11.8355
7.5744 -1.7229 9.9491
6.1555 -0.0237 12.5156
-5.5433 -0.5063 4.7974
5.0985 3.2264 18.3812
4.8804 -2.4817 6.3469
1.8211 -2.1180 4.7434
8.2787 -1.4427 10.9143
-0.0282 -2.6826 3.6460
-11.6370 2.2443 6.7589
1.7447 -2.9458 4.1456
6.8320 -2.8421 7.2904
-3.3234 -1.4611 4.1768
6.6249 -2.9214 7.0126
5.6502 -2.9112 6.4700
3.3786 0.6486 12.2514
-2.3503 -0.9737 5.7100
-6.2824 3.6206 12.5937
1.4822 -2.2072 4.7017
-6.5434 4.5447 14.2844
-2.4530 -1.1911 5.2176
3.5941 -2.8583 5.3880
4.2204 -1.3129 7.8740
2.6820 -2.7158 5.1452
7.1626 -2.5915 7.9805
5.7671 -2.0938 8.1662
8.2533 -1.2799 11.2241
2.7449 -2.0948 5.0078
4.6923 -1.8650 7.0247
-0.4987 -2.3288 4.0793
4.3385 -2.5524 6.0239
0.5028 -2.7220 3.8741
3.9751 -1.8582 5.9458
6.9321 3.7616 20.5067
4.1794 -2.2164 5.7082
3.0005 5.0913 20.8856
6.3766 -2.8079 7.0953
1.5989 -2.8636 4.2252
4.3043 -1.9556 6.3661
2.6969 -0.8223 7.0288
-6.7963 0.1055 5.2927
3.3955 -1.3140 6.5733
-6.4500 4.2141 13.6795
-1.4614 -1.5536 5.0679
-11.9905 3.9066 9.8670
3.5668 -2.7782 5.5318
-4.8484 -0.8946 4.4250
-3.8861 -1.2135 4.3453
-2.9538 2.8685 13.0175
6.9257 -2.5062 8.0137
-2.3424 -0.1450 7.3659
-1.0679 0.8798 10.1440
-0.3584 -2.4810 3.8571
3.5620 -1.5816 6.0301
6.1146 -2.4215 7.7139
-0.1741 -2.4298 4.0654
10.1350 1.0032 16.8600
4.8496 1.4848 14.7671
3.5279 -1.9864 5.3833
-0.3602 -2.4472 3.9234
6.9771 -2.6420 7.7727
-9.2256 6.1645 15.9629
6.4657 -2.4898 7.7807
-20.3945 4.7190 6.6321
3.9672 -1.9125 5.7139
2.8464 -1.6214 5.7829
5.9334 -2.5536 7.3462
-2.1750 2.1505 12.0367
-4.5644 -0.5063 5.3626
-1.0000 0.1953 8.8194
2.3924 -2.3432 4.7575
3.9027 -2.9060 5.4712
3.0580 -2.4988 5.2486
0.4116 6.6656 22.5272
-3.8289 -1.3004 4.2050
2.3904 -1.8708 5.3779
-6.0722 -0.4044 4.6950
4.4243 -2.9263 5.7320
2.9741 -0.9416 7.0893
-8.2682 3.2261 10.6608
9.9251 6.1659 27.0260
4.4709 -2.4294 6.0181
9.2406 -0.8126 12.7253
-19.6878 6.4081 10.4059
-3.0951 -1.6404 3.9515
-4.7693 0.4882 7.2260
-3.1759 -1.2576 4.6676
3.2144 -1.7679 5.6346
1.2895 -2.2914 4.3366
5.2311 -2.9461 6.1585
-0.1607 0.4367 9.7851
5.8961 0.2415 12.8941
2.4244 -1.7049 5.6829
-0.5547 -1.1218 6.4520
-4.0742 -1.0978 4.4671
8.3554 -1.4427 10.9586
5.3160 -2.2508 6.7268
4.6461 -2.1469 6.3819
0.2406 -2.5835 3.9987
2.7093 1.2684 13.0999
5.0672 5.9318 23.7540
3.7326 -2.6963 5.7909
-2.7421 1.6384 10.6887
1.3473 -2.7348 4.3364
5.3024 -2.9263 6.2390
0.1844 -2.4122 4.3076
4.2024 -1.6696 7.0945
1.5316 -1.2468 3.7980
5.5671 -1.9818 8.2739
-1.4583 -1.3216 5.5320
4.1769 1.7181 14.8436
7.0429 -2.2284 8.6348
-6.4377 0.1955 5.6792
2.6339 -2.8903 4.7696
6.9781 -0.9219 11.2008
-5.5860 0.4882 6.7544
2.7128 0.7616 12.0921
9.2819 2.1506 18.6535
-2.9996 -1.4612 4.3638
3.1675 -2.8134 5.2309
1.8426 -2.0413 4.9053
-8.7076 2.4402 8.8411
1.2205 -2.6960 4.3404
-0.9073 -2.0324 4.4339
5.7567 -2.7843 6.7843
-2.4954 -1.7537 4.0721
1.3229 -2.9057 3.9817
1.3391 -2.9650 3.8730
0.9335 -2.8075 3.9526
4.6515 -2.7477 6.2191
5.9042 -0.5068 11.4078
5.9701 -1.8660 6.7009
3.7974 -2.0497 5.3765
3.7029 -1.6131 6.1312
2.6770 -2.7286 5.1167
4.2895 2.5426 16.5515
-0.3861 -1.3424 6.1098
-1.1816 -2.2591 3.8238
4.9868 -1.9185 7.1570
5.9608 -1.9819 8.5012
1.3139 -1.0612 6.4649
-14.4221 5.2874 11.2140
2.2101 -1.4428 6.0256
-2.3129 -1.2792 5.1229
-3.4831 -0.9992 5.0050
-0.9154 -1.7996 4.8932
3.2704 -1.7102 5.6474
0.6673 -2.6760 4.0610
5.5433 0.2888 12.7846
1.4804 -2.7027 4.4774
-1.8204 2.3409 12.6208
2.1986 -2.8582 4.5822
3.7241 -1.5216 6.4380
0.3334 -2.8471 3.5272
-6.1039 0.2419 5.9644
2.7004 -2.9410 4.7071
2.5742 -2.7721 4.9708
11.3754 3.9074 23.3634
7.5621 -1.7543 9.8794
3.5382 -1.2986 6.9388
-12.7278 2.6478 6.9329
5.0659 -2.6228 6.4870
4.6719 -2.7961 6.1344
1.0293 -1.7402 5.5042
0.4702 -2.3760 4.5448
3.0441 -1.8532 5.4424
5.1322 -2.1238 6.8505
5.6571 -2.7662 6.7629
-0.4755 0.7046 10.1370
-4.6344 -0.5392 5.2568
-4.9319 -0.9213 4.3235
4.1170 1.3388 14.0530
10.1225 4.2147 23.2521
-2.1878 0.3373 8.4162
-2.6055 -0.0234 7.4563
1.5162 1.6384 13.1479
1.3126 -2.2743 4.4457
6.0059 -2.6419 7.2120
2.4004 -2.5888 4.9298
4.7606 -2.1056 6.8192
4.0517 -1.6994 6.5893
3.3654 -1.2075 6.7666
4.7879 2.2444 16.2451
-1.1992 -1.3216 5.6816
6.7821 -1.2363 10.4612
-2.5095 1.4848 10.5170
5.0613 -2.8530 6.2460
3.9205 -1.5265 7.1525
-0.3715 -2.5217 3.7684
7.6275 -0.4050 12.6059
7.3751 -2.2494 8.7849
4.9595 -2.8693 6.1547
0.3527 -2.6415 3.9479
-2.2770 -1.8144 4.0772
-1.0542 -2.3191 3.7778
4.9329 -1.3685 8.2406
7.3571 4.3769 21.9781
3.5792 -2.7413 5.6124
3.6889 -1.9402 5.3627
1.9745 -2.8582 4.4528
13.4799 5.2890 27.3318
1.4824 -1.6206 5.5345
6.7623 -2.7602 7.4132
2.5896 -0.3338 9.8381
2.3124 -2.4114 4.7587
0.9492 0.3372 10.2278
6.3730 -2.0330 8.6375
-0.5748 -1.8867 4.9162
5.3836 -2.4885 6.5678
-3.3031 0.0188 7.1374
6.5358 -2.7353 7.3320
6.2913 -0.6960 11.2542
-3.5537 0.3866 7.7256
7.7483 -1.5179 10.4580
6.5770 -0.7552 11.3014
2.8944 -2.2031 5.1244
6.4970 -2.4815 7.8153
-4.1021 1.9705 10.5650
4.4962 4.3768 20.3256
8.9863 -0.9743 12.2562
6.8741 -0.7259 11.5314
4.5617 3.2264 18.0712
-17.8876 3.4844 5.6199
0.0796 -1.1912 6.6800
7.1371 0.4879 14.1018
6.7847 -2.8476 7.2520
3.1490 -2.8249 5.1975
11.3494 1.0032 17.5613
1.9312 -2.3616 4.5067
8.0971 1.5605 16.7936
-6.5292 1.7182 8.6605
-0.3114 -1.3629 6.1121
1.1835 -1.6710 5.4790
-3.8147 3.9069 14.5895
-0.7208 -1.3216 5.9578
-1.1177 -2.1399 4.0981
-17.6763 4.2136 7.1949
-0.1383 -1.9944 4.9538
-6.5778 0.6488 6.5016
6.9240 -2.0577 8.9063
5.2733 -2.4078 6.4592
5.6654 -2.3187 6.8669
4.2195 -0.9481 9.5554
5.1556 -0.1745 7.9693
-0.8642 -0.1842 8.1416
-4.2623 -0.1052 6.3365
-1.7664 -0.2973 7.3952
6.6111 -2.8365 7.1739
2.7277 -2.5891 5.1193
5.6803 -2.0819 8.1399
1.7996 -0.9996 6.7680
-4.7545 1.3389 8.9296
5.0715 -2.1280 6.7835
-0.3667 -1.9683 4.8738
7.5868 0.7615 14.9067
2.9856 -1.7884 5.4732
6.6937 -2.1631 8.5633
-2.5061 -0.5064 6.5512
-3.1836 -0.8400 5.4953
-15.0640 5.7069 11.6791
6.5783 -0.6961 11.4199
3.9795 -1.7899 6.0532
3.9402 -1.6494 6.4977
5.9152 -1.6907 9.0552
4.0292 -0.5396 10.2596
-3.6257 -1.4419 4.0405
2.0133 -1.2258 6.4018
3.7475 -1.9202 5.5281
3.5638 -1.4866 6.3093
5.6402 -2.7540 6.7776
4.0838 -1.5371 7.0389
-1.7864 -0.9215 6.1399
5.2956 -1.5541 8.9695
-24.0274 5.7063 6.5012
4.7983 -1.7488 7.4109
6.1818 -2.0454 8.5023
-13.2744 4.2138 9.7376
0.0856 -2.1514 4.7703
1.6450 -2.9310 4.1174
2.3429 -2.7475 4.8862
5.7772 -2.2385 6.8866
6.9631 -1.5179 10.0046
2.0249 3.3535 16.8593
-3.4804 0.8201 8.6318
-3.3431 -0.4045 6.2709
4.1906 1.3388 14.0956
8.2410 -1.6579 10.4637
3.9662 -1.6120 6.5661
4.7604 -2.3351 6.1338
3.3979 -1.5621 6.1007
2.9873 -2.1375 5.1304
-0.0306 -2.5297 3.9494
3.1622 -2.1239 5.0591
8.3878 -0.2606 13.3326
5.3161 -1.1456 9.7952
-0.3490 2.8685 14.5219
5.4270 0.0184 12.1788
12.3898 5.9323 27.9841
5.4161 -1.9421 8.2659
9.1278 -0.4735 13.3358
2.6051 -1.8796 5.4163
3.9521 -1.7796 6.0522
5.7442 4.5453 21.3821
7.3620 -1.7069 9.8583
-2.6904 -1.2136 5.0357
-1.7046 -1.4612 5.1116
0.2838 -0.3337 8.5066
8.5628 -0.1454 13.6632
-3.2236 -0.8120 5.5280
0.8891 -2.7719 3.9979
4.4483 -2.3459 5.9507
7.8849 -1.1457 11.2786
2.9264 -2.4808 5.1600
-2.2077 -1.3423 5.0580
3.9546 -1.7543 6.1279
-1.4818 -0.6654 6.8260
5.7472 -0.4049 11.5202
4.0595 -1.9882 5.7761
-1.8071 -1.9682 4.0421
8.1148 0.6485 14.9865
7.1774 -2.4216 8.3276
1.2484 -2.2060 4.5629
-6.0447 3.9068 13.3014
7.7308 -1.8873 9.7119
1.3077 5.9316 21.5822
-0.7674 -2.1737 4.2331
6.2239 -2.5914 7.4385
3.2862 3.4849 17.8497
-12.2851 2.1505 6.1976
7.7031 -1.7851 9.8996
-2.3416 -1.4420 4.7820
7.6377 -1.6744 10.0824
1.3768 -2.9409 3.9429
-10.2969 1.8001 6.6476
7.2899 -0.6658 11.8912
1.1904 -1.1986 6.2147
-0.9054 -2.3384 3.8253
2.0598 -2.1091 4.9382
7.8356 -1.4035 10.7364
0.4941 -0.7256 7.8473
1.1896 -2.1242 4.6237
6.8798 -2.1853 8.6266
3.7606 -2.0365 5.3496
1.9327 -2.4806 4.5859
-2.3571 -1.3628 4.9309
-2.6814 -1.1911 5.0858
11.2584 2.2444 19.9821
6.8643 6.4101 25.7449
-1.7257 -2.1284 3.7700
6.0864 -2.4731 7.5949
-6.8923 4.0576 13.1124
2.1919 -1.7797 5.5390
-14.8876 2.9838 6.3549
-3.4067 0.8799 8.7933
5.8701 0.1051 12.6073
6.9130 -0.6961 11.6132
4.8979 -2.0175 6.9527
-0.1086 0.9409 10.8197
4.9885 -2.2028 6.6291
4.3802 -1.9120 6.4593
4.0202 -1.4742 7.3985
3.8128 -1.8979 5.5290
4.8614 -2.7843 6.2674
-4.4583 -0.7546 4.9291
4.6801 2.7566 17.2035
-0.8078 -1.0980 6.3533
4.9864 -1.8976 7.2764
5.2141 -2.4956 6.4861
6.6174 -2.8906 7.0696
-0.0695 -2.5835 3.8197
2.1480 -0.2227 9.8045
-2.1427 -0.9993 5.7790
4.1091 -2.7722 5.8570
0.3430 -2.5217 4.1809
3.7942 -2.9556 5.3095
3.1036 -2.9311 4.9596
4.8084 -1.8537 7.1906
1.0184 -0.1054 9.3859
-4.3823 -0.5715 5.3380
6.2071 0.5403 13.6691
2.4662 -0.6959 9.0454
2.4154 -2.0436 5.1481
-3.2931 -1.2357 4.6435
-3.0517 0.4368 8.1156
-1.8814 0.8798 9.6742
0.5461 -2.2279 4.8837
3.0660 -2.9007 4.9984
5.4122 -1.9209 7.4136
5.8587 -1.9675 6.7448
3.6145 -2.7842 5.5475
7.0971 -2.4732 8.1784
1.7039 -2.7027 4.6064
-0.1595 -0.7837 7.3539
4.7204 -2.3154 6.0916
10.2821 0.9407 16.8204
-1.6218 0.4368 8.9414
8.2363 -1.2364 11.3009
-5.1257 -0.9476 4.1591
0.0830 -2.7220 3.6317
0.1743 -1.9282 5.2662
1.3822 -2.9057 4.0160
2.1196 -1.8614 5.4493
2.6667 -0.7583 7.1221
5.4600 -2.3278 6.7056
-9.9045 1.4849 6.2463
3.6591 -2.3787 5.5160
4.1074 -2.9008 5.5997
-14.4826 6.6644 13.9228
5.1278 -0.5027 8.0814
-7.5669 2.9839 10.5832
6.2569 -2.7415 7.1585
7.0139 -2.3197 8.4362
9.7963 -0.3341 13.9996
6.5266 -2.6135 7.5695
1.0733 0.4880 10.6000
0.4717 -2.4810 4.3364
11.4928 1.9705 19.5717
2.4717 -1.2700 6.4422
-19.2678 6.1637 10.1616
5.3079 -1.7696 8.5470
1.1063 -2.9408 3.7867
0.3476 -2.2279 4.7690
6.5209 -2.5915 7.6100
7.0802 -2.6629 7.7908
2.7906 -0.8845 6.9421
1.9943 -2.6961 4.7872
-1.1228 -2.3093 3.7577
7.0252 -1.5361 10.0041
-13.6141 3.6204 8.3590
1.3758 -1.2721 6.2020
0.0212 2.2444 13.4920
2.2903 -2.0148 5.2181
4.6660 -2.7662 6.1906
-20.5118 5.0900 7.3037
5.6761 -1.2362 9.8225
3.3335 -1.1904 6.7534
1.7636 -1.9590 5.0261
6.6852 -2.6697 7.5491
0.2796 -2.5057 4.1764
7.4086 -1.3011 10.6939
6.9257 1.4848 15.9661
0.0293 -2.6201 3.8037
4.5084 -2.0706 6.2252
1.2660 -2.9108 3.9387
5.8587 -1.9197 6.7448
-1.3834 -2.0448 4.1342
-1.9291 -1.2793 5.3445
2.3717 -2.8134 4.7715
0.1816 -2.0449 5.0378
-15.6900 4.3759 8.6655
6.2640 -2.3672 7.9085
0.3166 -2.6273 3.9553
1.7066 -2.8416 4.3311
2.5627 -2.9211 4.6672
2.3275 -2.8248 4.7232
-1.5655 0.4881 9.0761
5.1727 -1.4425 9.1209
-1.8570 -0.6034 6.7329
7.0145 -2.2284 8.6184
-19.6020 4.2135 6.0826
3.2737 -2.4640 5.3503
3.6980 -0.4393 10.2680
6.6826 1.5606 15.9767
2.9900 0.3371 11.4063
5.0329 -2.2525 6.4607
0.2631 0.0615 9.2822
6.6632 -2.3672 8.1390
2.5305 -1.8621 5.3578
-0.1201 -2.5375 3.8820
6.0513 -0.1055 12.2922
11.4557 1.4847 18.5822
5.2457 -0.2202 7.9609
5.2663 -2.2684 6.6390
7.6117 -2.1519 9.1158
-2.0878 1.0673 9.9287
-18.9978 5.4924 8.9800
0.2800 -0.2603 8.6507
6.7339 -2.8080 7.3016
3.7568 -2.9212 5.3566
4.3878 -1.9324 6.7382
4.0266 -0.8950 9.5497
4.2368 -2.9605 5.5555
-3.8627 -1.1451 4.4952
9.7002 0.5402 15.6864
10.0970 0.8199 16.4728
3.9691 -1.7890 6.0431
3.5362 -1.3087 7.0986
4.9402 -1.6738 7.6662
-1.9190 -1.8292 4.2545
2.2474 6.6657 23.5878
-1.6963 -1.9682 4.1061
6.1320 -2.0204 8.5234
7.3312 -2.0940 9.0693
5.1312 -1.0249 9.9289
2.1215 -1.3001 6.4461
1.2542 -2.6961 4.3599
5.5814 -1.7697 8.7049
-3.9571 0.0188 6.7597
4.1194 -1.9658 5.9488
-8.2297 0.3867 5.0252
2.3961 -2.8417 4.7292
2.9183 -1.7965 5.4713
1.2942 -2.0574 4.1300
4.3240 -2.8250 5.8759
-2.7937 -1.3215 4.7609
15.7666 6.4108 30.8878
3.6471 2.6480 16.3904
6.3525 -2.3947 7.9047
-1.4423 -1.6738 4.8395
1.3759 1.8841 13.5566
-10.1546 1.0035 5.1426
-3.2970 -0.9477 5.2151
-0.0306 -0.3337 8.3250
2.4249 -2.2455 4.7101
0.0521 0.0186 9.0749
-6.2559 2.8684 11.1103
2.7209 -1.6688 5.7285
-10.0969 1.7182 6.6000
5.7377 -2.7289 6.8839
3.3975 -2.0175 5.2205
-5.0530 1.8001 9.6762
6.8466 -1.5542 9.8650
3.7574 -1.7172 5.9645
3.8121 -1.9297 5.4760
2.0627 -2.2716 4.5990
-15.0587 2.7564 5.8030
1.2144 -2.2485 4.2116
2.3655 -1.6360 5.7007
0.7872 2.2444 13.9345
7.4209 -1.2582 10.7865
0.5934 -0.5394 8.2755
1.2941 -2.0766 4.7664
-3.3417 -0.9477 5.1893
3.0324 3.1033 16.9426
5.0000 -2.5885 6.4296
2.4618 -2.9311 4.5890
-0.6447 -2.4642 3.7252
8.0969 -1.0985 11.4951
2.8749 -2.1588 5.1272
6.2697 -2.0819 8.4802
3.9983 -2.9008 5.5367
1.5514 -1.8145 5.1910
4.0694 -1.5784 6.9599
-0.6461 -2.3191 4.0135
-10.1343 1.6384 6.4194
-1.6812 -0.3337 7.3719
6.0999 -2.7478 7.0554
1.4665 -2.9210 4.0343
-5.1225 1.9705 9.9757
1.9303 -1.1165 6.5253
5.1580 -2.4590 6.3986
4.3515 -0.8124 9.9022
2.9894 -2.8134 5.1282
6.0280 -1.3045 6.4503
-2.1623 0.4881 8.7315
5.6176 -1.9687 8.3291
6.2047 -1.0743 10.4506
-0.8055 0.6487 9.8351
3.9786 -1.8046 6.1847
3.7018 -2.8529 5.4610
6.4256 2.3410 17.3833
4.8042 -1.4900 8.0152
2.5778 1.4109 13.3078
-0.9600 -1.3216 5.8197
7.6697 -1.0985 11.2485
3.1517 -2.0730 5.2502
13.2650 6.6667 29.9528
4.0456 -2.7351 5.8943
1.7117 -1.7495 5.4410
1.8703 -2.9506 4.2084
-1.9820 -1.0979 5.6752
-1.2539 -1.3830 5.5277
2.1942 -2.2131 4.7826
9.7239 1.1326 16.8805
-6.2322 3.1031 11.5916
8.0483 -1.4618 10.7430
8.3986 -0.6659 12.5314
0.3044 -2.2996 4.6014
2.4785 -2.2646 4.7900
5.0966 -2.7723 6.4271
1.0311 -0.7838 8.0414
2.0298 -2.1209 4.8732
4.2910 -1.4464 7.6525
-8.0946 2.4402 9.1951
7.1876 2.8686 18.8749
3.6411 -2.2955 5.4488
3.8832 -1.8802 5.7281
7.0915 -1.9287 9.2602
4.2599 -2.6695 6.1488
7.2961 0.7044 14.6251
1.9255 -2.3978 4.5320
-0.4440 -0.8121 7.1330
-2.5352 2.8685 13.2593
4.3457 -1.8837 6.4999
-0.0120 -2.1738 4.6693
3.0354 -1.6956 5.6513
13.8314 3.3538 23.6786
1.6175 1.8841 13.6962
-1.6587 -0.7548 6.5457
2.6386 -2.7721 5.0079
3.5369 -1.4503 6.5319
2.2557 -0.8785 6.9058
-1.8407 -1.9144 4.1299
-7.6739 1.1329 6.8331
0.4953 -0.6791 5.5255
-1.8805 -1.5714 4.7904
3.5797 -2.8418 5.4125
6.0362 -1.3835 9.7371
7.4596 -1.3633 10.5993
5.3034 -2.1349 6.9866
-20.1704 6.4080 10.1271
-1.3595 -1.8867 4.4632
-1.5474 -0.8676 6.3852
2.3157 -2.3452 4.7181
1.8452 -2.4129 4.4926
5.4715 -1.6068 8.9659
3.8793 -2.9008 5.4680
-0.7211 -2.1513 4.3045
14.6895 4.9027 27.2605
-5.3629 -0.7253 4.4652
4.9750 -0.4734 10.9377
4.3145 -0.6037 10.2966
6.9637 -2.3001 8.4464
5.5411 -2.9412 6.3472
-1.6721 -0.5393 6.9673
1.4849 -2.7899 4.3061
1.6056 -2.8902 4.1760
3.4669 -2.8637 5.3037
1.8325 -2.9555 4.1769
2.3589 -1.5512 5.8876
1.4215 -1.1954 6.2608
6.9788 6.6661 26.3212
1.3042 -2.7092 4.3626
3.4697 -0.6349 9.7465
4.9030 -2.9362 5.9886
3.6069 -2.8956 5.3210
-8.2946 2.3409 8.8816
-4.8752 0.0617 6.3150
1.2611 -2.9006 3.9563
4.4399 -0.7839 10.0098
-1.1965 -2.2488 3.8358
5.0922 -2.2102 6.6710
3.3181 -0.5067 9.9144
5.2625 -2.9313 6.2060
4.7437 -1.8878 7.0894
4.8496 -2.5003 6.2862
-25.6304 6.6634 7.4827
1.7759 -2.4790 4.4917
5.3492 -1.9457 7.4191
1.7554 -0.4047 9.2151
-0.5270 -0.5394 7.6286
-1.0001 0.8798 10.1832
-0.3017 -2.5983 3.6561
4.1082 -2.7287 5.9431
-2.7360 0.3373 8.0997
4.4578 -1.9092 6.7419
4.5072 -2.9411 5.7502
-1.6902 -1.8725 4.3004
4.5337 -1.8306 6.9159
4.8640 -1.3732 8.2674
1.6657 -2.3678 4.3682
1.7914 -1.7846 5.4178
1.4610 -1.5227 3.9209
1.9931 -2.3453 4.5319
6.0857 -2.9364 6.6714
6.7228 -1.4807 9.9399
-0.9852 -2.1626 4.1296
2.9299 -1.4624 5.9996
5.0871 2.3409 16.6103
4.4009 -2.8638 5.8430
-0.7235 -1.9007 4.8026
4.0733 -2.4634 5.8105
-6.7372 5.9310 16.9348
0.3103 -2.8246 3.5585
1.8247 -2.8850 4.3129
2.9190 -2.4984 5.1676
4.1593 -2.8077 5.8151
-1.0625 -1.9943 4.4201
6.6736 -1.8001 9.2751
5.7726 -1.3428 9.6660
5.5571 -2.3998 6.7522
-0.1776 -2.4385 4.0460
-0.7525 -2.4121 3.7666
2.4165 -1.9941 5.2651
1.8907 -1.5761 5.6846
5.9643 -1.8378 6.6788
4.3694 -2.4807 5.9926
1.4442 -1.0801 6.4218
6.0289 -2.8585 6.7937
-4.9346 -0.6345 4.8934
-6.8073 -0.1449 4.7875
5.6840 -1.7697 8.7642
6.7129 -2.7663 7.3724
2.6633 -1.9653 5.2486
5.0138 -1.8421 7.3306
4.1652 -2.0369 5.8369
2.1502 -2.9360 4.3992
2.3457 -0.1054 10.1524
5.9966 -0.8951 10.6873
4.4468 -2.1568 5.9589
5.0356 1.0672 14.0425
1.5027 0.5940 11.0591
-0.8456 -1.4227 5.6845
10.4388 1.8841 18.7908
7.7034 1.8000 17.0434
1.5307 1.9705 13.8181
7.7982 -1.6908 10.1424
13.0625 2.4404 21.4145
2.7667 2.4403 15.4681
3.5284 -2.8306 5.4053
-4.6217 -0.1051 6.1289
2.4788 -2.7286 5.0023
-6.8774 0.3374 5.7080
9.3286 1.9705 18.3218
4.0699 -2.6762 6.0255
9.3658 2.1506 18.7020
1.1309 -1.1044 6.4715
3.9783 2.5426 16.3717
6.2622 -2.8854 6.8750
3.1154 -1.9377 5.3138
5.9384 -1.3835 9.6807
6.6414 -2.3948 8.0715
5.3942 -1.6409 8.8533
-1.2122 -1.6738 4.9723
-3.1030 3.6207 14.4302
6.0292 -1.9688 8.5668
-6.1831 1.1329 7.6941
3.9908 -2.7351 5.8626
3.9947 0.8200 12.9487
0.1998 4.5450 18.1795
8.3635 2.2444 18.3102
11.3011 4.9025 25.3033
0.7654 -2.5836 4.3018
5.1000 0.7616 13.4706
3.4948 -1.5110 6.1039
1.9280 -2.0308 4.9662
-11.8709 1.8842 5.9061
-1.5471 -1.3830 5.3584
6.7255 -2.9364 7.0408
5.1905 -1.8638 7.3828
7.3189 4.9023 23.0029
9.5838 1.2683 17.0700
-7.7885 5.0907 14.6533
6.7040 -2.5459 7.8066
-1.4931 -1.9550 4.2498
3.8768 -2.8692 5.5296
7.8610 -1.0743 11.4070
8.8343 3.4851 21.0542
-7.1777 2.5425 9.9285
-16.5582 3.2259 5.8726
0.4117 1.7181 12.6690
2.4074 -1.7295 5.5545
5.3762 -1.8871 8.3523
1.1664 -2.7899 4.1221
-4.9005 -0.8674 4.4490
0.9944 -1.8994 4.9812
4.2757 1.8841 15.2314
4.6906 -2.4660 6.1726
-2.1820 -0.9478 5.8590
-1.3504 -1.2136 5.8095
4.7809 -2.2773 6.3138
-4.4083 3.1031 12.6450
1.8983 -2.7780 4.5685
5.4598 0.0613 12.2832
6.5027 -2.8079 7.1682
13.7217 5.4945 27.8808
6.3262 -2.3947 7.8896
4.3475 0.4366 12.3885
1.4913 -2.0125 4.9671
5.8084 -2.2320 6.8519
0.0185 -2.5297 3.9777
-13.9031 5.7069 12.3497
-1.4617 2.1505 12.4486
5.7985 -2.1461 6.8497
7.4754 -0.7841 11.7627
7.0262 -1.4232 10.2298
2.7684 -2.4367 5.0813
5.7878 -0.1844 11.9829
3.3422 -2.2957 5.2770
4.7766 -1.8064 7.2588
1.3037 -1.7771 5.3658
5.1176 4.7202 21.3689
4.2274 -2.7961 5.8778
4.1921 -1.6274 7.1477
8.3428 5.2887 24.3644
4.3191 -2.3787 5.8969
3.5848 -1.9540 5.4275
-19.6777 5.2871 8.1781
6.0571 -2.9214 6.6847
3.8005 2.5426 16.2690
-4.7935 1.6384 9.5039
-6.5576 -0.3692 4.4847
5.7703 -2.4824 6.8051
0.5930 -2.7899 3.7911
-2.8461 0.3865 8.1342
3.9309 -2.1086 5.4920
-2.0133 -1.8866 4.0856
4.8870 -2.6830 6.4839
5.9372 -2.0819 8.2882
3.7891 -1.4041 6.8835
4.8171 -2.3041 6.2732
3.4333 -2.7841 5.4429
7.8786 -1.9013 9.7694
1.8916 -2.0052 5.0042
8.6999 -0.1455 13.7424
-15.2058 3.1029 6.4086
-4.5781 -0.2224 5.9205
1.3316 -1.9716 4.1461
4.4068 -2.2634 5.8698
2.0486 -2.7598 4.6916
5.1316 -2.2917 6.5211
3.6428 -1.8568 5.5466
-3.8469 2.4402 11.6484
-11.1656 6.6646 15.8390
2.9042 6.9341 24.5019
2.1962 -2.6961 4.9038
-1.3237 -1.4613 5.3315
5.1865 -2.8307 6.3626
-0.9163 2.1505 12.7637
-5.9375 -0.5714 4.4399
3.9131 -2.7159 5.8560
3.5415 -2.9212 5.2323
6.7439 0.8199 14.5364
0.6535 2.9840 15.3311
-0.6781 -0.8401 6.9421
0.9686 -1.9275 4.8791
5.0108 -2.3911 6.3849
3.8312 -1.9200 5.6625
3.7915 -2.8077 5.6028
8.2873 -0.5398 12.7184
3.4668 -1.1329 7.2930
0.3198 -2.7156 3.7813
5.9013 -1.4425 9.5415
4.0937 -2.5885 5.9063
-1.4310 0.7617 9.6990
0.8817 -2.5984 4.3393
4.0245 -2.9111 5.5314
2.8898 -2.7841 5.1290
6.3563 -2.7540 7.1911
5.2215 1.3388 14.6909
0.7642 -2.9359 3.5990
2.7271 -2.2245 4.8606
0.0183 -2.5531 3.9309
5.9712 -1.4034 9.6599
-13.8369 2.1505 5.3014
-25.2071 6.6635 7.7272
4.6416 -1.5578 7.6892
5.2434 -2.7962 6.4643
0.6587 -2.7091 3.9899
2.7360 -2.8637 4.8816
1.5301 -2.8360 4.2403
3.9913 -1.3755 7.5278
7.3022 -0.1454 12.9353
1.9491 -2.6828 4.7876
3.5649 -2.8249 5.4376
4.9134 -2.5488 6.3479
2.9464 -1.4294 6.1433
2.9149 -2.5341 5.1894
-13.9718 4.0574 9.0231
-18.9972 4.7191 7.4393
-0.1910 -0.9215 7.0611
-1.1983 5.9314 20.1345
4.4450 -1.0983 9.3864
4.6762 -2.8692 5.9911
5.4603 -2.2222 6.8796
0.2140 -0.7837 7.5696
11.8034 2.5427 20.8912
1.4437 -2.9650 3.9334
5.4325 -2.3108 6.6455
3.5883 -0.7550 9.5756
3.7530 -2.7842 5.6275
3.7432 -2.3422 5.5640
5.5865 -0.0650 12.1047
-4.8235 3.9069 14.0067
2.7711 -2.8955 4.8385
6.1196 -2.4815 7.5974
-17.2046 5.2872 9.6067
6.6922 -2.7096 7.4735
1.2301 3.9071 17.5034
-3.2577 -1.0737 4.9867
4.1561 2.5426 16.4744
5.9753 0.3370 13.1302
-0.3786 -1.4030 5.9934
-1.8065 -1.8144 4.3489
3.4475 -1.2009 7.0795
5.5826 -2.8530 6.5470
3.5304 -1.7614 5.7861
6.6302 -0.5720 11.6972
0.4043 -1.2293 6.0295
5.4555 -2.2809 6.9308
3.8954 -1.0497 9.1659
-5.3003 1.0034 7.9460
3.7204 -2.4284 5.5827
7.0248 -2.5302 8.0230
7.4600 -1.9949 9.3410
1.6239 -2.5841 4.4714
-6.1106 0.5406 6.5558
-0.8194 -2.0934 4.3632
0.6092 -0.8402 7.6854
-12.3938 5.0905 11.9931
4.7569 -2.7224 6.3303
4.3442 -2.0229 6.2353
2.7225 -2.0300 5.3724
10.7221 6.6664 28.4837
5.3828 -1.7228 8.6836
3.5648 -0.7550 9.5620
3.9274 -2.8692 5.5588
0.5081 -2.7658 3.7900
4.9846 -1.5550 7.8631
-0.1498 -0.6347 7.6564
3.9061 -1.9947 5.4090
4.4132 -1.9401 6.4225
4.8506 -1.6556 7.6079
5.2866 -2.9061 6.2703
12.6473 5.4944 27.2602
4.2388 -1.8937 6.6131
4.6685 -2.1345 6.5272
5.9842 -2.7962 6.8920
12.0503 1.8841 19.7215
4.7549 -0.9481 9.8645
5.9766 -1.7554 6.6309
4.0817 -2.8193 5.7473
11.7023 1.3387 18.4337
7.8728 -1.3634 10.8379
3.0441 -1.7709 5.6166
1.6104 -2.8690 4.2210
0.1553 -2.5057 4.1046
3.5419 -2.4007 5.5009
4.4208 -2.0932 6.1644
1.3799 -2.1041 4.7127
4.6863 -2.0448 6.6089
4.3850 -2.0520 6.2223
-10.0204 2.2443 7.6925
0.6573 -0.2199 5.3125
5.0644 5.4939 22.8798
4.6098 -1.6758 7.4896
5.3345 -1.6906 8.7198
7.5530 -1.4618 10.4570
-14.5850 3.3531 7.2656
5.6319 -1.1456 9.9776
9.2334 0.1050 14.5494
1.8279 -1.4665 6.0525
-0.0019 -2.5454 3.9347
0.4906 1.4109 12.1024
2.0416 -2.2498 4.6586
-1.0818 -2.3093 3.7814
3.8438 -1.1818 7.8350
4.7858 -1.6008 7.6844
1.2210 0.7616 11.2305
0.3384 -2.6759 3.8711
1.3649 -2.8360 4.1449
-20.7626 6.6638 10.2948
7.8418 -1.8299 9.8904
-6.8646 2.6479 10.3193
6.1089 -0.6658 11.2092
-0.1235 -2.3384 4.2768
-4.6700 -0.7546 4.8069
6.4748 -2.6899 7.3873
4.1808 0.1497 11.7206
7.2115 -2.5062 8.1787
2.6613 -1.3519 6.2122
-15.6539 2.7564 5.4593
4.4260 -2.8193 5.9462
1.9973 -2.5158 4.6467
5.0773 -2.2743 6.5110
2.0929 -2.1949 4.7802
2.7361 -2.8850 4.8392
6.8702 0.2888 13.5509
6.2041 -2.8694 6.8733
4.1701 -2.5884 5.9504
3.2256 -1.5491 6.0141
2.6134 -2.9410 4.6569
-6.4562 -0.1840 4.9124
4.5100 -1.9175 6.8773
-2.4134 -1.8725 3.8828
5.3466 -2.2522 6.7118
4.1472 -1.6669 6.8281
4.4225 -2.1429 5.9054
3.5840 -2.8583 5.3821
1.6408 -2.7221 4.5312
4.7977 -2.9460 5.9082
5.8115 -1.8000 8.7773
6.0308 -2.2389 8.0295
1.6540 -2.8360 4.3118
4.7442 -2.7843 6.1997
8.7705 -0.9484 12.1833
2.4359 -2.0788 5.0990
0.1544 -2.5684 3.9790
6.3307 -2.5222 7.6381
-5.5808 0.1955 6.1741
-19.3003 5.0901 8.0035
1.4531 -2.7899 4.2877
-12.3463 4.9013 11.6434
5.6128 -1.6240 9.0133
0.1671 -2.6057 3.9121
-9.1042 1.0675 5.8767
-20.4480 5.9300 9.0144
4.5115 -2.7902 6.0535
2.3767 -0.3696 9.6439
5.3886 -2.3209 6.6142
-3.3187 0.1054 7.3010
-1.1851 -2.2172 3.9053
8.0997 -0.0237 13.6383
5.2321 -0.4049 11.2227
3.2593 -0.9405 7.3553
7.8080 -1.5720 10.3847
6.8036 -0.0237 12.8898
-15.4838 5.0903 10.2081
9.0911 2.5427 19.3247
3.6569 -2.9411 5.2593
11.1890 1.4108 18.2810
7.1930 3.7616 20.6574
3.0659 -1.8776 5.3948
5.1717 -2.7723 6.4705
-3.3723 -0.8675 5.3315
-3.2882 -0.0646 6.9798
2.0462 -1.4498 6.0040
3.1760 -2.4989 5.3169
2.7286 -2.2038 4.9314
5.1521 -1.8454 7.4273
4.0085 -1.7389 6.3697
4.9746 -0.4048 11.0740
-1.3810 0.5405 9.2871
-1.7000 -1.9550 4.1303
2.1130 -0.5066 9.2185
4.3951 -2.5339 6.0432
-12.9027 3.1030 7.7389
11.5410 2.0593 19.7765
-2.1325 -1.6738 4.4409
4.6548 -1.9965 6.6737
-1.4480 -2.1847 3.8182
6.1786 -1.6069 9.3742
5.7516 -2.5000 6.8061
6.2082 -2.3484 7.9137
1.1631 -2.9210 3.8591
9.0156 -1.0251 12.1720
8.8243 2.5427 19.1706
5.1388 -1.8644 7.4352
-1.1052 -1.1452 6.0874
-0.7408 -1.3216 5.9463
4.5581 -1.1455 9.3575
-0.1232 -2.6691 3.6180
4.8626 -1.6524 7.7181
6.1074 -2.1057 8.3392
-1.4565 -1.9813 4.2185
2.7085 -2.3287 4.9336
-0.9174 -2.2995 3.8959
1.4385 -2.7780 4.3030
4.3598 -2.7539 6.0383
4.8756 -2.8307 6.1831
11.3875 3.1034 21.7683
-19.7230 5.9301 9.4331
6.7432 -2.0330 8.8513
0.0167 -2.7220 3.5935
4.3018 -2.8692 5.7749
1.5793 -1.1981 6.4240
6.7200 -2.9062 7.0979
2.5917 -2.8417 4.8421
-7.7729 4.9015 14.2853
5.0701 -2.8852 6.1867
-7.1275 2.2443 9.3634
4.0865 -2.1234 5.5912
-5.4135 -0.2971 5.2891
2.7149 -1.2253 6.4026
5.5990 -2.9654 6.3326
6.6504 -2.8586 7.1525
4.4727 -0.9997 9.5989
6.1353 -2.1405 8.2860
3.9053 -2.8362 5.6116
-1.0216 -1.0494 6.3267
6.5752 -2.8308 7.1644
-0.7184 -2.4471 3.7166
-12.2166 3.7610 9.4463
4.1653 -2.3612 5.7951
3.8654 -2.5345 5.7389
6.9865 -2.2901 8.4794
5.4166 -1.4806 9.1857
9.6909 1.8000 18.1913
3.8345 -1.9088 5.5382
5.2664 -2.7843 6.5012
3.1860 -1.9731 5.3042
-1.1631 -2.3191 3.7150
4.0839 -2.4635 5.8167
1.2180 -1.1030 6.4462
5.7168 -2.2493 7.8274
-0.8213 -0.4391 7.6583
3.4518 -2.8691 5.2842
0.9649 1.0673 11.6916
4.3065 3.3535 18.1771
4.2311 0.3863 12.2211
-0.0747 0.2417 9.4461
-14.3681 2.9838 6.6550
-14.2003 6.6644 14.0859
4.3747 -2.8746 5.8064
3.7854 -2.4638 5.6451
7.7309 0.0184 13.5092
1.7693 3.6208 17.2444
3.5547 -2.4832 5.5282
6.1684 -1.6743 9.2340
1.3847 -2.7474 4.3330
0.8887 -2.9602 3.6225
13.2628 4.9026 26.4364
2.3244 -2.8903 4.5910
-5.1074 1.8841 9.8123
0.0249 -1.0980 6.8341
9.1482 0.4878 15.2631
3.5695 -2.0632 5.2514
1.4585 -1.4764 3.8370
-20.0272 5.0901 7.5836
-2.0493 -1.9943 3.8504
1.6732 -1.3455 6.0315
4.6593 3.2264 18.1276
4.5847 -1.4978 7.7780
2.8378 -2.4633 5.0971
2.1005 -2.7959 4.6497
4.2823 -1.8127 6.9212
4.7345 -2.7902 6.1823
5.7911 -1.7542 8.8568
3.9981 -2.7094 5.9180
1.9830 -2.6828 4.8072
1.2487 -2.8075 4.1346
1.8331 -2.0084 4.9826
0.2186 -2.3760 4.3995
0.7443 -2.8075 3.8434
2.7597 -2.2694 4.9343
3.4022 -2.7028 5.5869
-1.5369 -0.7836 6.5586
0.3169 3.2263 15.6195
0.3996 -2.5454 4.1665
-1.1829 -1.2577 5.8184
-1.9657 -1.5356 4.8126
5.7061 -1.5361 9.2424
-3.7571 -0.4390 5.9630
3.8975 -2.9262 5.4278
6.1563 -2.5459 7.4903
-12.0305 1.6384 5.3243
1.3045 -2.1292 4.6596
-15.5411 6.6643 13.3113
-2.8882 -1.3627 4.6243
-1.3287 -0.1451 7.9512
-9.5652 1.0035 5.4830
3.6533 -1.7709 5.7182
3.8516 -2.9556 5.3427
3.6293 -1.5224 6.2703
6.8303 4.5453 22.0095
2.2963 -2.8248 4.7052
12.1423 2.4404 20.8830
2.7076 -1.6577 5.7444
4.4481 -1.7964 7.0151
-13.0492 3.4845 8.4145
2.1467 -1.3696 6.1450
1.4293 -2.1998 4.7792
-2.7140 -0.9993 5.4491
0.1330 -0.4046 8.2782
4.3868 -2.1837 5.8032
4.0860 -1.6493 6.8890
3.8424 1.0672 13.3534
5.1126 -1.8280 7.4819
-0.5985 -0.9479 6.7733
-6.5900 3.6206 12.4160
12.4926 2.6481 21.4993
5.8367 -1.9286 8.5356
-4.0897 -1.3004 4.0544
9.0575 0.8199 15.8725
1.3251 -1.9158 4.1574
2.0049 -2.8902 4.4065
6.7762 1.1327 15.1781
5.6242 -1.9421 8.3860
-2.0455 -0.5393 6.7517
-3.7753 -1.0978 4.6397
-3.9500 -1.3422 4.0520
6.2815 -2.5222 7.6097
6.1870 -2.7478 7.1057
1.4738 -1.7341 5.3074
3.4935 -1.5010 6.1403
9.5533 0.1950 14.9137
14.4001 5.0920 27.4706
0.6847 0.1953 9.7922
2.1674 -2.9555 4.3703
4.6079 -2.2153 6.0148
3.7575 -1.1742 7.5567
5.5624 -2.2603 6.7878
5.8010 2.5426 17.4245
0.3177 -2.7473 3.7169
4.7743 -2.8474 6.0912
3.5997 -2.3513 5.4738
-6.7595 0.9410 6.9788
7.8865 -1.1917 11.1880
-6.6819 1.8001 8.7354
0.1095 -2.1626 4.7617
1.1851 -1.3745 5.8962
-12.3139 4.5444 10.9512
-11.6077 1.8001 5.8906
-5.5905 1.8841 9.5333
-6.2595 6.1647 17.6764
7.5637 -1.4035 10.5794
0.5330 -2.8635 3.6097
6.3448 -2.4647 7.7608
2.7199 -2.5345 5.0776
0.6207 -0.2229 5.3840
0.0049 0.1953 9.3997
2.1918 -2.4490 4.7196
6.6499 -2.1631 8.5380
3.8697 -1.7959 5.8976
5.9203 -2.5301 7.3854
5.6079 -2.0076 8.2461
-10.4590 2.4402 7.8295
5.6391 -2.9606 6.3652
5.1860 -0.2847 7.9695
1.2420 -2.3397 4.3019
7.6960 -1.5542 10.3555
6.9670 -2.2178 8.6122
1.5268 -2.9260 4.0591
5.2055 -2.0231 7.1523
11.1446 1.1326 17.7010
7.4253 -1.6744 9.9597
0.9358 -2.9457 3.6785
6.8705 -2.0077 8.9751
4.8856 -2.8250 6.2001
4.1288 -2.7476 5.9173
4.8983 -1.7216 7.5069
0.6638 -0.1680 5.3090
-2.3869 0.2890 8.2051
7.7754 -1.6241 10.2620
-9.6376 2.2443 7.9137
2.3095 -0.2227 9.8978
-0.9999 -1.1684 6.1021
1.1778 -2.7474 4.2135
-6.8789 1.8841 8.7892
-10.2163 0.8203 4.7418
5.9654 -1.6069 6.5592
2.1785 0.6486 11.5583
5.1243 -2.8307 6.3267
9.5209 -0.3699 13.7693
5.3277 -2.6831 6.7383
8.4833 -0.7553 12.4022
1.7541 -2.7412 4.5587
-9.6142 4.9014 13.2216
-2.3940 -0.5393 6.5505
10.9087 2.9842 21.2543
1.8388 -1.1734 6.4283
2.9748 -2.7660 5.2142
3.6568 -1.8723 5.5205
-0.5364 -2.4892 3.7378
-1.9025 2.6479 13.1852
12.1798 1.7181 19.4654
-0.4812 -1.7382 5.2663
2.8685 -2.7841 5.1167
-6.8669 -0.2971 4.4499
-1.8507 2.9840 13.8848
0.6229 -2.6623 4.0625
4.5848 -2.9060 5.8650
2.7087 -1.2216 6.3202
9.1293 1.5605 17.3897
0.9020 -1.5274 5.5845
-10.4748 2.0593 7.0614
-0.9471 -2.3851 3.7082
2.3945 -1.4586 6.1192
3.5375 -2.8851 5.3018
-2.9491 -1.0493 5.2136
6.7357 -1.1688 10.5689
0.4400 -0.2603 8.7431
-0.0862 1.8000 12.5447
2.7455 -1.5715 5.7915
7.2892 -0.0650 13.0879
6.5665 -1.2582 10.2931
2.6183 -2.8528 4.8355
-5.0783 4.7197 15.4793
9.2587 0.8199 15.9886
-2.2551 -0.5064 6.6961
0.7799 -2.9554 3.5692
9.8225 -0.3341 14.0148
3.8360 -1.2003 7.7851
-2.7729 -1.2136 4.9881
1.0635 0.5404 10.6988
5.1256 -2.4139 6.3598
1.3119 -2.0582 4.1804
4.4915 -1.8960 6.9095
-1.1511 1.4848 11.3016
-3.3833 -0.1450 6.7648
3.8409 3.4850 18.1701
1.0555 -1.9964 4.8941
4.4247 -1.5942 7.4236
1.1605 -1.8994 5.2332
2.5231 -1.8744 5.3465
-4.9342 0.7047 7.5621
-11.1792 1.6384 5.8160
4.4991 -2.9460 5.7359
-2.5051 -1.0738 5.4212
6.7288 -2.8801 7.1549
5.1466 -1.1687 9.6513
2.4436 -2.0587 5.1246
0.5057 -0.8677 7.5707
1.9057 -2.9006 4.3285
13.0358 2.9843 22.4828
3.8000 -1.1238 7.9332
3.8180 -1.5997 6.3974
1.7292 -2.7899 4.4471
4.7996 -2.7095 6.3808
3.6652 -1.7079 6.0063
5.2055 -2.1300 6.9138
0.9935 -2.9310 3.7413
1.1617 -2.1492 4.5513
2.6192 0.5404 11.5971
2.7328 -0.9034 6.9273
1.7974 -2.4617 4.4928
3.3706 -1.9924 5.1990
6.2711 -0.7552 11.1247
4.9314 -0.9600 8.3593
2.2337 -2.0378 5.0231
4.3427 -0.1453 11.2263
3.5475 -1.6459 5.9009
4.3323 -1.1456 8.2838
0.1224 -2.1957 4.7031
15.3756 4.7207 27.2943
7.5949 1.6383 16.6586
4.5066 -2.4985 6.0842
7.3494 -1.0985 11.0635
6.0697 -2.8585 6.8172
6.7310 -0.0650 12.7655
-0.8560 -2.1957 4.1382
-0.9833 -1.8583 4.7369
2.1640 -2.7959 4.6864
-2.6052 1.5606 10.6128
-2.8200 -0.9214 5.5430
5.8739 -2.7844 6.8520
4.6954 -1.8313 7.1734
0.2569 -2.7410 3.6942
-0.3981 -1.4990 5.7909
3.7315 -0.2975 10.5700
6.4365 -1.3633 10.0085
6.5556 -2.9413 6.9330
-21.2096 4.7190 6.1613
-1.6013 -2.0324 4.0331
1.3002 -1.7749 5.3507
-1.2265 1.4848 11.2580
1.0640 -2.0405 4.7155
0.6118 -2.8247 3.7326
2.4053 -2.7598 4.8976
3.5704 -0.4393 10.1943
-0.6257 -2.4298 3.8047
6.1559 -2.8079 6.9679
5.6131 -2.8800 6.5108
-4.7005 1.1999 8.6838
6.0378 -1.3021 6.4332
-0.5404 -0.4392 7.8205
-1.5014 -1.5356 5.0807
2.2944 -2.8903 4.5737
1.3318 -1.8210 5.2629
0.6727 -1.5754 5.5542
9.2350 1.3387 17.0088
1.3983 -2.0645 4.8349
6.6703 -1.4034 10.0636
3.0507 -2.7475 5.2949
1.4257 -2.7720 4.3077
1.7940 -2.7092 4.6454
6.4672 -2.8694 7.0252
5.3069 -1.4425 9.1984
0.6373 -2.8303 3.7360
6.3040 -2.5613 7.5448
1.0790 -1.2555 6.0907
5.1981 -0.9997 10.0178
3.3844 -2.2007 5.2386
6.6499 -2.6832 7.5017
0.6159 -2.3760 4.6289
-2.2816 6.1650 19.9743
4.7404 -2.5361 6.2475
5.4560 -2.0527 7.2409
9.0119 0.4365 15.0821
4.9200 -2.6627 6.5435
0.9871 -2.9359 3.7277
2.8515 -2.7093 5.2560
-3.1280 -0.8947 5.4184
-0.9015 -1.3628 5.7714
4.0829 -2.4118 5.7814
0.7913 -1.2446 6.1243
-2.9044 -1.4612 4.4188
4.6607 -2.9362 5.8487
3.1016 -2.6829 5.4531
0.3467 -1.0788 5.7065
3.3562 -1.7751 5.6869
-6.4139 0.1501 5.6024
4.3931 -2.9212 5.7240
8.5578 -1.3836 11.1932
7.0567 -2.6832 7.7366
-5.6722 -0.1051 5.5223
3.7165 -2.7782 5.6183
6.2695 -2.7540 7.1409
6.3050 -2.6278 7.4129
5.5656 -1.5895 9.0549
5.1555 -1.7664 7.5260
10.5179 1.4108 17.8934
4.9424 -2.1583 6.5886
1.2729 -2.7659 4.2315
2.3571 -2.5886 4.9043
6.6900 -2.7784 7.3351
2.8866 -2.7900 5.1154
0.4081 -2.4643 4.3330
-0.3632 0.8201 10.4320
10.4342 1.1326 17.2907
4.2078 -1.6266 7.1507
8.9423 5.0917 24.3179
1.3997 -2.0822 4.8478
3.6509 -1.6952 6.0044
-1.6907 3.9070 15.8163
5.1992 5.9318 23.8302
3.7455 -2.2481 5.4790
7.6562 -0.4395 12.5537
-0.1616 -0.3337 8.2494
2.9539 1.0033 12.7129
5.7978 -1.6068 9.1544
1.7754 -2.0940 4.7684
0.5563 -2.9209 3.5088
2.5880 5.2884 21.0400
4.8545 -1.9469 7.0712
-0.6274 -2.2895 4.0832
3.0837 -1.6607 5.8019
0.3585 -2.8415 3.5528
2.7088 -1.8193 5.5882
1.6252 -1.6519 5.6008
5.6189 -2.3122 6.8916
5.1560 -2.8251 6.3562
1.9668 -1.7033 5.5018
-4.5038 2.4402 11.2690
-1.9453 -1.7537 4.3897
8.1802 -0.6961 12.3450
9.1283 0.1495 14.5776
1.9514 -2.1731 4.7092
4.7195 -2.8852 5.9843
1.6123 -2.3118 4.4113
4.7500 -1.2886 8.4678
1.4292 -2.9260 4.0028
1.6921 -2.8191 4.3677
-17.9465 5.2872 9.1781
-4.4685 -1.0244 4.3858
3.7875 -2.4989 5.6701
5.1408 -1.7796 7.4998
-0.1834 -2.5137 3.8930
5.7373 -2.6764 6.9883
-2.0985 -0.0234 7.7491
-1.9241 -1.8144 4.2810
0.5075 -1.3400 5.8542
5.3382 -2.3543 6.5142
3.8388 -1.0741 9.0844
6.7939 -2.4732 8.0033
5.9431 -1.6735 6.5979
-12.4225 6.9328 15.6474
3.8295 -1.7522 6.1143
-5.5668 3.9068 13.5774
2.7788 -2.0257 5.2058
3.6493 -1.8052 5.6975
3.9425 -1.3769 7.2745
9.0720 2.1506 18.5323
4.7891 -2.8020 6.1903
3.8153 -2.7350 5.7613
4.5851 4.9021 21.4238
-3.7100 -0.8120 5.2471
6.2692 -1.9949 8.6534
-14.1726 6.4085 13.5920
-6.0065 1.8001 9.1255
5.9969 -1.1916 10.0968
3.7979 -2.9111 5.4006
6.9574 -1.5542 9.9290
3.9594 -2.4465 5.7342
-2.1037 -1.9416 3.9239
1.7539 -2.0687 4.8066
5.7561 -2.9163 6.5210
2.7662 -1.7346 5.6299
3.9093 -2.4814 5.7287
3.6130 -1.8842 5.4502
2.3835 -2.0518 5.1582
3.1310 -2.1307 5.0601
5.1638 -1.6872 7.7690
-0.2077 -2.6273 3.6526
2.0585 -2.1623 4.8551
5.3707 -2.5863 6.6389
0.3489 -2.0200 5.1842
0.1906 -2.6057 3.9257
-4.7957 -1.0244 4.1968
4.9036 -2.9461 5.9694
-9.8182 0.7048 4.7416
7.3965 -1.2363 10.8160
4.3804 -2.0853 5.9975
-5.1227 0.3866 6.8195
0.1697 -2.0694 4.9821
-1.4458 -2.1956 3.7976
4.9895 -2.8193 6.2715
2.6827 0.5404 11.6338
2.5231 -2.5168 4.9524
4.1310 -1.7837 6.7631
4.7185 -2.0048 6.8574
2.0034 -2.1000 4.8760
1.3590 -2.3213 4.3218
1.5875 -2.2965 4.4217
1.4154 -1.5863 3.8855
3.5027 -2.7028 5.6450
8.8886 -0.0238 14.0939
7.3476 -2.3857 8.4974
0.2687 -2.8246 3.5345
0.8420 -2.7658 3.9828
-0.6199 -0.1842 8.2827
7.9487 1.0672 15.7248
-3.0809 -0.9737 5.2882
4.9782 -2.2866 6.4187
1.2320 -2.7221 4.2952
-0.5912 -1.5357 5.6062
2.0819 -2.7412 4.7479
5.3169 -2.8530 6.3935
-11.7563 4.0575 10.3029
6.6556 -2.9559 6.9616
2.2986 -1.9397 5.3147
4.4910 -2.9213 5.7805
-1.3587 -1.3216 5.5896
2.4085 -2.0551 5.1375
2.6060 -2.8582 4.8175
-1.9971 -2.0071 3.8549
16.8767 5.9327 30.5761
-2.2602 -0.1450 7.4133
-3.0238 -0.6653 5.9355
1.5328 -2.6894 4.5339
7.1999 -2.2700 8.6428
-0.8200 -2.4385 3.6752
3.8755 -2.8956 5.4761
-0.4227 -1.7064 5.3634
1.2706 -1.9324 5.0756
4.6671 -2.9213 5.8822
-5.2364 6.6651 19.2644
5.6191 -1.7542 8.7575
2.7785 -2.7475 5.1377
3.8208 -1.9198 5.6558
6.4436 -2.7663 7.2169
-1.3007 -1.6738 4.9212
0.8164 -2.9408 3.6193
6.8217 0.2415 13.4286
-0.3817 -2.5531 3.7000
4.3368 -2.7782 5.9765
4.8950 -2.1449 6.6036
2.8078 -0.9241 6.8729
0.2344 0.0615 9.2657
5.7051 -1.9948 8.3278
6.1855 -2.8251 6.9507
1.9485 -1.4577 6.0304
4.4893 -1.9374 6.8185
5.9239 -2.7903 6.8690
1.5220 -1.3110 3.8147
7.1626 -0.6351 11.8790
0.6518 -2.8953 3.6149
1.3489 -2.3124 4.3255
-2.2807 -0.9214 5.8544
7.4197 -0.7259 11.8464
-1.8077 -2.1051 3.7690
3.9444 -2.9652 5.3773
4.3414 -0.7551 10.0104
2.1195 -2.9555 4.3427
6.3149 -2.8195 7.0367
-1.1457 -0.6347 7.0814
2.0594 -2.2864 4.5430
5.0129 -2.0058 7.0314
1.5826 -2.9160 4.1114
13.4249 3.4852 23.7058
10.7049 2.2444 19.6624
4.9151 -1.8175 7.3994
5.2992 -0.8404 10.3936
1.3935 -1.6765 4.0383
0.2430 -2.0449 5.0733
-0.4011 -2.4557 3.8827
2.4640 -2.9555 4.5416
6.0449 -2.2389 8.0376
-4.2011 -0.7253 5.1361
7.3581 -2.0820 9.1086
7.2054 1.9705 17.0955
4.9890 -2.2454 6.4508
0.1321 -0.8948 7.3009
6.0447 -2.4562 7.6045
2.7022 -2.0123 5.1598
5.6411 -2.9558 6.3759
-5.9149 -0.6652 4.2661
0.4721 -0.9479 7.3915
5.5494 -1.2581 9.7058
11.0044 6.1660 27.6495
-4.3005 -1.1910 4.1508
-8.1553 2.5425 9.3639
1.4864 -2.2606 4.6997
0.2669 -0.6958 7.7755
1.9483 -2.6555 4.8415
2.3751 -2.3123 4.7303
3.0651 5.7080 22.1518
1.8062 -2.8133 4.4450
7.0199 -1.4035 10.2654
2.5197 -1.1798 6.4676
5.4653 -2.0743 7.2179
-1.9603 3.1032 14.0589
1.3339 -2.8849 4.0295
5.1410 -0.2411 7.9946
1.9853 -2.9210 4.3338
-0.5819 -2.3384 4.0121
8.7022 -0.8406 12.3586
4.9455 -2.7477 6.3889
7.3918 -0.9742 11.3355
-4.3286 2.4402 11.3701
5.6608 0.0613 12.3993
7.9664 -0.8405 11.9337
-10.4272 1.4110 5.7971
8.8631 -0.8406 12.4516
4.1777 -2.4119 5.8364
0.5700 -2.5454 4.2649
5.2909 -2.5303 6.5523
1.0158 -2.9650 3.6864
4.6297 -2.1224 6.4213
-5.9448 -0.5063 4.5655
-4.3944 -1.0978 4.2822
6.4325 -2.8854 6.9733
3.0137 -1.5620 5.8782
1.5512 2.9841 15.8496
0.0698 -2.0199 5.0231
3.3152 -2.3772 5.3140
2.0355 -2.8636 4.4772
4.7273 -2.3686 6.1373
-5.4877 3.4847 12.7819
4.5665 -2.5389 6.1533
2.3127 -1.5683 5.8676
-12.5787 2.1505 6.0281
-3.1787 0.8201 8.8060
6.7796 -1.4807 9.9727
3.2900 -1.8883 5.3695
0.4035 1.0673 11.3674
6.6570 -2.5989 7.6738
2.6033 -2.0787 5.0693
-2.3591 0.7617 9.1630
-1.2718 -2.0814 4.1258
5.9254 -2.8958 6.6597
-0.9028 0.6487 9.7789
12.1520 3.7618 23.5217
2.5716 -1.8888 5.3186
-3.7573 4.0578 14.9232
6.8572 -0.2229 12.5239
5.5887 -1.8871 8.4751
6.1184 -2.9314 6.7002
-5.3650 -0.7835 4.3480
1.0317 0.5404 10.6804
-0.5555 -1.7692 5.1615
6.1259 -2.4477 7.6684
4.6687 -1.9027 6.9712
4.4348 -2.2002 5.8436
3.9003 -2.3543 5.6547
2.5186 -2.7781 4.9267
3.4769 0.4366 11.8858
1.0483 -1.2187 6.1385
1.2274 -1.9991 4.8798
-2.2935 1.1998 10.0739
5.1597 -1.3220 9.3534
-3.7670 -0.6033 5.6300
-0.0018 -2.6554 3.7155
-0.2698 3.7614 16.3468
2.3630 5.9316 22.1918
5.6965 -1.2362 9.8344
8.1953 -1.2364 11.2772
6.7057 -2.8640 7.1737
-18.2545 4.5442 7.5197
-5.5720 4.5448 14.8455
0.8599 -2.8075 3.9102
8.2446 -1.1223 11.5330
11.2445 1.8841 19.2561
-1.4247 5.0911 18.3294
-0.9791 -1.1912 6.0687
11.1954 3.1034 21.6574
-19.5659 5.4924 8.6518
3.5812 -2.9110 5.2754
2.4287 -0.8800 6.9358
8.4930 0.8796 15.6655
4.8327 -1.6149 7.6836
6.2923 -2.4477 7.7645
5.1025 -1.6926 7.6554
1.8533 -2.1726 4.6511
3.3501 -1.3446 6.5149
0.1300 -2.6826 3.7373
6.8774 -2.5915 7.8159
3.8672 -1.1658 7.9939
6.6886 -1.2582 10.3636
2.3477 -0.4047 9.5571
2.3470 -2.9651 4.4549
3.7566 -1.9869 5.3331
3.4425 -2.8904 5.2365
4.7133 -2.0484 6.5873
-1.2082 1.0034 10.3092
3.5923 -2.4297 5.5115
4.9062 -2.3474 6.2185
-2.3334 1.0673 9.7868
0.7334 -2.8471 3.7581
1.6884 -2.2614 4.5902
0.0535 -2.0572 4.9393
1.4075 -1.5614 3.8643
-5.6088 -0.4044 4.9626
0.5686 1.7181 12.7596
3.7998 -1.4452 6.7948
-1.5283 3.1032 14.3085
5.3323 -0.4394 11.2117
3.0724 -1.2240 6.5805
2.9686 -1.5456 5.8400
3.5323 -0.4048 10.2412
6.4676 -2.5989 7.5645
2.8693 -1.6681 5.6382
4.9098 -2.8852 6.0942
5.5340 -2.8136 6.5973
-3.2773 -0.6033 5.9128
4.9523 -2.1308 6.7240
-4.3920 -0.4730 5.5287
-3.2747 0.0188 7.1538
-10.7722 1.4849 5.7452
5.3152 -2.9112 6.2766
0.8669 -2.6130 4.3017
4.3543 -1.7941 7.0366
2.1161 -1.7970 5.5876
6.0438 -1.3010 9.9058
-10.5013 1.0035 4.9424
-2.0038 -0.6957 6.4642
-1.8093 -0.0647 7.8338
-5.2349 0.5941 7.1681
3.9153 -0.9741 9.3280
1.3935 -1.6995 4.0383
3.8701 -2.7350 5.7930
10.4448 2.8687 20.7561
11.2381 1.7181 18.9216
-0.3656 -2.4642 3.8863
-6.5906 -0.4389 4.3268
-3.8230 -1.1910 4.4265
4.1148 -1.7839 6.2977
-1.6883 -1.3628 5.3171
2.4328 -2.8955 4.6431
4.4923 -2.8638 5.8957
3.7334 -1.4977 6.5011
3.6294 -2.8638 5.3975
7.2828 -2.3100 8.6110
-0.0390 -0.3695 8.2489
4.4493 -2.0332 6.2856
5.8475 -1.7386 8.9205
1.1537 -1.8173 5.1406
0.2896 -2.7839 3.6278
5.6609 5.9319 24.0970
10.1167 0.7043 16.2540
6.4079 -2.7031 7.3224
2.0484 -1.7778 5.5290
2.6806 -1.1948 6.4854
2.6929 -2.0427 5.0861
5.6328 -1.4425 9.3865
2.4870 0.4880 11.4164
2.7605 -2.2574 4.9043
1.7283 -2.3213 4.5025
7.5551 -1.8151 9.7543
-2.3526 1.0034 9.6483
-7.9683 1.4110 7.2172
-1.8744 0.2890 8.5011
-0.4294 -1.3629 6.0440
-23.5426 5.4922 6.3546
6.0929 -2.8079 6.9315
2.4447 -1.8097 5.4589
6.1728 -2.8137 6.9662
8.7169 4.5454 23.0992
-2.1321 -1.7995 4.1906
7.6366 -1.9151 9.6022
12.3536 6.1661 28.4290
9.6007 0.3369 15.2238
2.8546 -2.4985 5.1306
3.1098 -2.9361 4.9532
-1.7380 -1.4802 5.0545
5.4939 -2.0233 7.2621
6.2138 -2.9214 6.7752
-2.4632 -1.1683 5.2572
-0.1246 -1.5891 5.7693
4.0984 -2.8852 5.6257
5.0918 -2.2315 6.6553
6.3990 -2.7416 7.2405
-0.5797 -0.7837 7.1113
-5.4035 0.1955 6.2765
-2.6181 -0.5393 6.4211
3.6510 -1.1195 7.6538
-8.1877 5.9309 16.0969
-12.5669 5.2875 12.2857
4.8930 -2.7783 6.2976
4.9864 -1.8838 7.2857
2.3724 -2.2797 4.7068
3.4243 -2.8192 5.3678
-3.7212 0.7046 8.2626
6.0896 -1.2616 6.3665
6.9547 -2.3099 8.4216
-7.3037 0.3374 5.4619
3.6077 -1.8580 5.4841
1.1356 -2.0607 4.7225
2.2153 -2.8076 4.6927
1.7070 -0.0648 9.8644
3.6387 -1.9033 5.5807
2.5714 -1.3038 6.1930
-11.2179 1.6384 5.7937
4.9324 6.4100 24.6289
3.2965 -1.6691 5.7321
2.8032 -2.7413 5.1644
0.4896 -1.1471 6.1314
8.0156 0.1050 13.8462
-0.8835 -1.8439 4.8233
1.6794 -2.2160 4.6792
0.4771 -2.8580 3.5883
-6.3632 3.9068 13.1174
7.5643 -0.0237 13.3291
0.1378 -2.5760 3.9543
-10.8580 1.0675 4.8638
-1.0582 -2.1626 4.0874
2.9193 1.0033 12.6929
6.0279 -1.4306 6.4503
-7.1085 4.0576 12.9875
-2.5871 3.3534 14.1954
-17.0175 4.7192 8.5828
-12.7307 6.1642 13.9380
3.8124 0.3371 11.8812
5.6751 -0.6657 10.9587
-1.4340 -0.4391 7.3045
6.5286 -2.4732 7.8501
5.5308 -2.1838 7.0952
8.3826 0.7615 15.3663
3.4355 -1.6399 5.9660
5.9266 -2.6831 7.0841
6.7159 -2.8252 7.2569
4.4307 -1.9586 6.3969
-0.1394 -2.6056 3.7352
2.6038 -2.9410 4.6513
3.7912 -1.6169 6.2987
5.1156 -2.3957 6.3684
6.0402 -1.9422 8.6262
2.4114 -1.8308 5.4715
6.9516 -1.9012 9.2342
-3.2398 -0.2602 6.6182
6.2964 -0.0237 12.5969
4.1494 -1.8609 6.1686
5.2779 -2.8419 6.3930
13.6340 4.5456 25.9395
4.9681 0.6486 13.1693
-4.8137 4.3764 14.9479
-1.1572 -0.3337 7.6745
10.0281 0.4878 15.7713
3.6830 -1.9330 5.3734
3.1372 -2.5166 5.3064
2.3047 -2.7781 4.8032
4.7261 1.7181 15.1607
3.4175 1.3388 13.6491
-0.2245 -2.5835 3.7302
-2.8265 -1.6404 4.1066
3.8721 -1.9971 5.5403
0.9676 -0.6348 8.3017
5.4920 -2.3708 6.6435
5.5210 -2.2798 6.7823
-2.0570 0.4368 8.6900
4.5554 -1.3992 7.9167
6.2153 6.1656 24.8829
3.9685 -2.9008 5.5195
-14.3199 4.2137 9.1337
-0.7205 -2.3667 3.8758
-1.8769 -1.3216 5.2903
-2.0023 -2.0324 3.8016
3.3574 -1.5801 5.9018
5.7627 -2.2634 6.9119
3.1941 -1.5020 6.0976
3.0479 -1.8548 5.3967
3.9287 -1.8511 5.9995
7.1322 -1.7543 9.6312
2.5248 -2.0354 5.1371
5.0000 -2.3907 6.3779
6.3406 -2.7602 7.1697
-27.0412 6.6633 6.6676
-8.8424 1.7182 7.3245
-1.1601 -1.6573 5.0354
-18.1250 3.6202 5.7535
-0.0798 -2.4211 4.1374
4.2512 -2.9111 5.6622
5.8383 2.8686 18.0956
5.9142 -2.1405 8.1583
2.4386 -2.8744 4.6885
-14.0202 2.5424 5.9765
-7.8235 0.0189 4.5269
7.0231 -2.6629 7.7578
1.6325 -2.7349 4.5010
4.1138 -1.6874 6.8379
3.9450 -1.8975 5.8790
5.3035 -1.8757 7.5069
1.8975 -2.4302 4.5346
3.4768 -1.5476 6.0420
-0.8317 -1.5174 5.5038
0.4793 -2.5984 4.1070
3.8136 -1.8877 5.7654
-2.7425 -0.5393 6.3492
2.9870 -1.1385 6.5562
3.7492 -2.0075 5.3233
2.5027 -2.0957 5.1073
4.8706 -2.8957 6.0507
5.6986 -2.9558 6.4091
-5.7637 5.2879 16.2156
4.8919 -2.7601 6.3332
9.3681 0.4878 15.3902
6.4013 -2.6832 7.3582
-0.6883 -2.3288 3.9698
4.3810 -2.2507 5.8829
-0.2925 -2.4726 3.9118
4.4111 -1.0248 9.5131
3.6350 -2.5885 5.6417
-1.1821 -2.0693 4.2016
6.6292 -2.6559 7.5441
1.6115 -1.2297 6.2607
2.1239 -1.8336 5.3189
-5.3744 4.3763 14.6240
3.3093 -2.3942 5.3221
-4.1144 -1.1682 4.3037
1.3755 -1.8600 4.0697
-8.2214 3.9067 12.0441
5.9544 -2.8640 6.7398
-1.7898 -1.4989 4.9874
1.7742 -1.9417 5.0799
7.2538 -0.6038 11.9939
-1.6448 -1.3830 5.3020
-0.4234 -1.0980 6.5752
9.1391 -0.8406 12.6109
8.1857 0.8199 15.3690
0.3080 0.0186 9.2227
8.9840 4.3769 22.9178
3.3913 -2.0140 5.1711
4.1205 -1.6091 7.0963
5.3374 -2.8020 6.5069
5.8990 1.1997 14.8052
-0.2801 0.9409 10.7207
4.8898 -2.8852 6.0826
5.9712 -2.6419 7.1919
2.0198 -1.1766 6.6282
2.6116 -1.3528 6.1952
2.5582 -2.8191 4.8677
1.5824 -2.9506 4.0421
3.4763 -2.4638 5.4669
-25.2777 6.6635 7.6864
2.7617 -1.4492 6.0743
5.8259 -2.8958 6.6022
6.8420 -2.6832 7.6127
0.9156 -2.7285 4.0998
6.3173 -1.9012 8.8679
4.6373 -2.8307 6.0455
5.5670 -2.2841 6.7521
-2.2526 3.7613 15.2016
3.4536 -2.7476 5.5275
-0.9826 -1.7382 4.9767
4.0225 -1.6647 6.6417
0.0909 -0.7255 7.6145
0.5821 0.2416 9.8254
1.9944 -1.6607 5.7600
1.9728 -2.7536 4.6601
3.4637 -2.7094 5.6095
4.0928 -2.7414 5.9090
-3.0986 -1.3422 4.5435
6.0782 3.6209 19.7332
-4.6543 2.6479 11.5958
4.5022 -0.7258 10.1617
3.5831 -2.9652 5.1686
2.1813 -2.8305 4.6275
4.2353 -2.1849 5.7188
-3.5479 -0.8120 5.3407
0.8621 -2.9108 3.7055
5.4337 -2.8364 6.4941
4.4345 -2.8136 5.9625
4.5805 -2.1300 6.4176
-0.0322 -2.6691 3.6706
3.2108 -2.9059 5.0717
0.3911 -2.2489 4.7525
7.1322 0.7044 14.5304
2.9678 -2.9459 4.8517
7.2016 -2.3485 8.4873
1.3179 -2.7157 4.3576
4.0928 -1.2616 7.9566
4.6787 -2.8307 6.0694
3.1797 -2.9459 4.9741
7.7536 -2.1058 9.2896
-1.3544 -0.4731 7.2828
-0.4017 -1.6064 5.5746
6.2728 -2.9559 6.7406
-1.3782 -1.6235 4.9766
0.9275 -2.8304 3.9036
3.0964 -2.2948 5.1328
6.6366 -2.1405 8.5754
5.2288 -2.8251 6.3983
-10.7944 3.6205 9.9876
3.3713 -2.5418 5.4699
-3.4086 -0.9477 5.1507
2.9838 -2.3941 5.1341
-4.9994 -0.5715 4.9816
10.1451 1.4108 17.6781
-6.3365 0.7618 6.8661
-2.2931 -1.1217 5.4482
4.8316 -0.6657 10.4716
4.8025 3.3536 18.4636
0.8917 -1.5949 5.6883
6.9492 -2.2699 8.4981
-1.9637 -0.6654 6.5477
2.3185 -2.4800 4.8073
5.6280 -2.9412 6.3974
2.5459 -2.6895 5.1189
4.1341 -1.8057 6.5596
5.8488 0.4879 13.3578
5.3925 -2.5861 6.6510
4.7236 -2.4484 6.1796
-0.7956 -1.5357 5.4883
2.4131 -2.1648 4.8779
-8.4852 5.2878 14.6435
8.2429 -1.1457 11.4853
4.0730 -1.3821 7.6647
2.6624 -2.7660 5.0338
6.9000 -2.7724 7.4684
3.7810 -0.6959 9.8047
5.7414 -2.9061 6.5328
6.7015 -2.6765 7.5450
2.8680 -1.8741 5.4282
2.4612 -2.2202 4.7889
7.6964 -1.8732 9.7202
-3.9884 -0.9477 4.8159
4.1783 -2.7600 5.9212
5.7479 -2.3017 6.9376
2.5093 -2.2617 4.8628
8.5427 0.1496 14.2395
3.8087 -2.7413 5.7449
0.1533 -2.0072 5.0966
-2.0908 -0.7254 6.3547
-4.2481 6.6652 19.8353
-0.2746 -2.3851 4.0965
3.5153 -1.5761 6.1628
0.8598 -0.9739 7.5637
8.4083 0.2887 14.4391
1.0781 -2.7839 4.0831
6.2173 -2.7663 7.0863
-0.1960 -2.6273 3.6593
-21.5773 5.7064 7.9166
0.7941 -2.5910 4.3035
5.0406 -1.2797 9.3690
5.1281 -2.3309 6.4263
-0.1919 -2.1052 4.7019
2.8834 -2.0061 5.3330
7.1999 0.4879 14.1380
6.4163 -2.5062 7.7196
2.3030 4.2144 18.7354
5.3616 -2.6831 6.7579
1.4344 -1.1444 6.5691
0.1970 -2.0449 5.0467
4.9701 -2.8957 6.1081
5.4262 -2.7415 6.6789
1.3570 -1.8245 4.1018
2.8140 -2.0041 5.3327
3.2605 -2.7287 5.4536
9.0935 -0.1057 14.0490
-0.6008 -2.2172 4.2426
1.9474 1.0673 12.2591
6.0339 5.7082 23.8668
-0.4568 -2.3759 4.0096
4.2149 -1.8930 6.1729
2.1523 -2.8076 4.6563
-12.6480 2.4402 6.5652
-0.6628 -2.3384 3.9654
-1.2572 -1.9281 4.4396
3.4777 -1.7003 5.7162
-0.1743 -1.5715 5.7756
-2.0563 3.1032 14.0035
1.1356 0.8798 11.4165
5.6994 -2.2596 7.7968
-1.2700 -1.4226 5.4395
-1.1802 -0.4046 7.5199
5.2243 1.4109 14.8362
3.2225 -1.2084 6.7052
2.2473 -2.5328 4.8012
8.3869 -0.5398 12.7759
-4.9244 1.4849 9.1224
1.7096 -2.8582 4.2999
7.3924 -1.2141 10.8578
-1.1188 -1.7845 4.8058
8.9856 3.4851 21.1416
8.6619 -1.2583 11.5030
0.9668 -1.6990 5.3116
4.7817 2.4403 16.6319
2.9771 -2.1374 5.1241
1.0919 -0.8402 7.9642
3.7864 -2.9460 5.3244
4.9209 -2.6830 6.5035
-1.0779 -0.3694 7.6490
7.0584 -1.9688 9.1611
1.3052 -2.0632 4.1920
6.9433 -1.4618 10.1050
4.6210 -1.8752 7.0334
2.7083 -2.9651 4.6636
7.4015 2.5427 18.3489
2.4713 -2.7158 5.0235
-0.6695 2.9840 14.5670
1.3033 -2.2842 4.5055
2.9956 -2.1388 5.1388
-0.6065 -1.3629 5.9418
3.7555 -1.3886 6.8802
0.6493 0.0186 9.4197
6.7904 -2.7541 7.4417
2.8596 0.6486 11.9516
-0.9342 -2.3942 3.6975
2.3964 1.4848 13.3503
4.2804 -2.7961 5.9083
5.9342 -2.9461 6.5644
-1.5380 -1.9682 4.1975
6.1965 -1.4231 9.7507
-13.1093 4.2138 9.8329
6.9698 -2.0577 8.9328
4.3114 6.4099 24.2702
1.8031 -2.9506 4.1696
6.6875 6.1657 25.1557
1.0267 -0.2603 9.0819
-3.7121 -0.1450 6.5749
1.0913 -0.5394 8.5631
3.4897 -1.9361 5.3116
1.7005 -2.8636 4.2838
-4.8032 -0.8946 4.4511
-10.7425 5.7071 14.1755
2.8593 -2.8018 5.0762
9.1080 -0.2607 13.7485
2.0744 -1.7696 5.5849
6.0026 -1.5144 6.4944
8.2482 -1.0744 11.6305
3.9886 -1.8242 6.1534
1.2998 -2.8526 4.0742
-6.3680 1.0674 7.4568
-0.0137 -0.1451 8.7106
0.1781 -0.1451 8.8213
4.3970 -2.9060 5.7566
-12.6394 6.9327 15.5221
11.7821 2.7567 21.3054
3.2639 -0.4393 10.0173
4.1776 -2.8638 5.7140
6.0858 -2.1518 8.2347
2.4920 -0.9618 6.7007
4.0670 -1.6811 6.7711
1.1696 -1.9892 4.8668
1.6427 -2.9210 4.1360
5.0602 -2.1105 6.8111
0.8496 -1.7725 5.2761
5.7536 -0.5068 11.3208
-22.5695 6.1635 8.2543
7.3593 -1.9689 9.3348
5.7914 -2.1140 6.8619
0.8078 -2.7156 4.0631
2.5657 -2.9651 4.5812
1.4083 -1.4051 5.9402
6.6847 -2.8252 7.2389
-1.1552 -1.4030 5.5449
-10.3065 2.9839 9.0009
-0.7424 5.7078 19.9523
-2.7050 -1.1451 5.1636
5.6530 -2.2168 6.9747
-4.2936 -0.7546 5.0242
-10.3572 1.4849 5.9848
4.5402 -2.0747 6.2572
-5.7723 6.9333 19.4893
7.1106 -1.9819 9.1651
3.2125 -2.9410 5.0027
5.8576 -0.3697 11.6540
4.7490 -1.2069 8.4906
2.0625 -2.3468 4.5758
-0.6023 0.7617 10.1776
2.0370 -2.1401 4.8145
5.2040 0.8797 13.7660
0.3956 -2.8580 3.5412
4.4217 -2.0416 6.2991
4.1838 1.1327 13.6811
9.3174 -0.7260 12.9423
4.1685 -2.0215 5.8681
4.9017 -2.9162 6.0277
2.1476 0.7045 11.6518
1.4140 -2.8849 4.0758
-2.6526 -0.8947 5.6929
-16.7407 6.6642 12.6183
1.0412 -1.4993 5.7484
5.0001 -1.9399 7.1242
4.2297 -1.9656 6.0118
-3.0552 0.7617 8.7610
-0.2726 -2.5531 3.7630
2.8270 -2.9211 4.8198
-9.7475 2.7564 8.8706
-4.0138 -0.0233 6.6431
1.5073 -1.3988 3.8403
14.8853 5.0920 27.7509
-6.8942 -0.3334 4.3616
3.4580 -1.3264 6.5532
7.0971 -0.6658 11.7798
4.8128 -2.0088 6.8125
-0.4792 -0.8948 6.9479
-0.2200 -2.4810 3.9370
4.3899 -2.0876 6.0099
-0.9113 2.5426 13.5477
3.0216 -2.2480 5.0608
-21.3469 5.2870 7.2139
-4.5051 -0.9213 4.5700
6.4091 -0.0237 12.6620
7.2031 -2.5459 8.0947
1.5713 -2.2594 4.5169
4.7367 -2.7351 6.2933
3.2887 -1.3011 6.5671
-4.3603 3.1031 12.6727
12.5168 3.4852 23.1813
6.3744 -2.5302 7.6475
-0.5169 -1.5357 5.6491
1.3519 -1.8238 4.0074
5.7864 -2.7663 6.8375
-4.2664 -1.0978 4.3562
6.3981 -0.6658 11.3762
-2.1739 -1.9281 3.9103
7.7593 0.0184 13.5256
-1.0878 2.4403 13.2419
6.8059 -2.6628 7.6324
4.3930 -2.4632 5.9945
4.6672 -2.7159 6.2914
12.2381 4.3771 24.7975
0.2732 -1.9551 5.2697
-8.3880 0.1956 4.5530
1.7925 -2.6961 4.6707
7.0902 -2.6135 7.8949
5.5199 -0.3697 11.4590
1.6323 -1.2883 6.2920
1.5666 -2.3641 4.5190
6.6927 -2.7540 7.3853
1.3190 -2.2734 4.4104
-6.1763 1.7182 8.8643
2.9151 -2.9211 4.8706
-9.7415 0.9410 5.2567
4.7005 -2.8363 6.0708
2.6523 0.1052 10.7490
7.4010 0.3863 14.0517
-7.1863 5.2878 15.3938
5.4538 -0.2605 11.6384
2.0814 -1.2485 6.5234
-2.5672 -0.6033 6.3228
-3.6090 -1.4611 4.0119
3.5840 -2.0485 5.2497
4.6382 -2.1001 6.5794
5.2711 6.1656 24.3375
0.5053 -1.1683 6.1437
5.0849 -0.0236 11.8973
3.3233 1.4109 13.7383
0.5486 -1.3723 5.7664
5.8153 -0.5720 11.2266
-3.1879 -0.7547 5.6627
3.6185 -1.3188 7.0238
4.3684 -2.0341 6.2422
5.0124 -2.0564 6.8908
5.7270 -1.8000 8.7285
5.7844 -2.2074 6.8742
7.1711 6.9345 26.9670
2.1174 0.8200 11.8645
6.0092 3.1033 18.6620
-2.9273 1.2685 9.8447
5.0910 -2.8693 6.2306
2.3643 1.0033 12.3723
5.6224 -1.3010 9.6624
5.9397 -2.9214 6.6169
8.9343 6.4103 26.9408
2.1349 -1.8190 5.5509
3.1528 -1.6778 5.7758
-0.7400 -1.0494 6.4893
0.1094 -0.8948 7.2878
1.3148 -2.0634 5.0062
5.2420 -2.8746 6.3071
8.5114 -0.5398 12.8478
3.7384 -0.4048 10.3601
5.9971 -1.5864 6.5300
-2.9649 -0.3336 6.6306
7.5359 0.5938 14.5432
2.3045 -1.1664 6.4833
5.0581 -1.4230 9.0934
-5.0940 4.3763 14.7860
-0.2398 -1.9145 5.0543
6.4812 -2.7602 7.2509
-3.0204 4.9017 17.0305
3.3902 -2.0061 5.2910
1.7067 -1.1769 6.4581
-2.9461 -1.3005 4.7148
-7.8516 0.7047 5.8773
5.1771 -1.8805 7.3801
-9.0418 5.2877 14.3220
0.9481 -2.7091 4.1570
4.2964 -1.8123 6.6119
-9.3478 0.5407 4.6863
-0.1220 0.1498 9.2358
7.2948 -2.3857 8.4670
5.0137 -1.8782 7.2745
1.1951 0.1498 9.9964
-0.8796 -2.3573 3.8025
4.7630 -2.7662 6.2466
1.4553 -2.2690 4.4767
5.2489 3.3536 18.7215
3.7278 -2.8851 5.4117
1.9133 -1.8756 5.3259
1.0432 0.6487 10.9027
4.8329 -0.6960 10.4121
7.2199 -2.2071 8.7796
5.5639 -2.3022 6.7317
9.8174 1.5605 17.7872
3.2892 -1.7290 5.6186
4.3859 -2.7661 6.0289
2.1085 -1.8267 5.4965
8.5827 -0.8681 12.2347
2.8228 -2.5710 5.1621
0.1632 -2.6485 3.8246
9.0014 0.2414 14.6874
1.8914 -2.5922 4.6432
-7.4690 -0.1050 4.4847
2.8927 -2.7158 5.2668
-5.9405 -0.1840 5.2102
2.4505 -1.6998 5.8565
3.6806 -1.5787 6.3824
8.9352 3.4851 21.1125
2.6409 6.1654 22.8180
4.2862 -2.4637 5.9339
9.0280 -0.2607 13.7023
-1.4166 -2.1168 3.9715
-0.3125 -2.2065 4.4304
-2.6398 1.4109 10.2945
5.6489 -2.8906 6.5104
-6.0165 0.8799 7.2862
4.9809 -1.4230 9.0488
4.6320 -1.4803 7.8149
-1.2861 4.5449 17.3212
6.4648 3.2264 19.1704
-5.2403 -0.6652 4.6556
3.8451 -1.9425 5.4602
5.1736 -2.7539 6.5082
0.3253 -2.8189 3.5785
3.4709 -1.3298 6.6059
9.9004 6.4104 27.4989
6.6533 -2.9314 7.0090
-10.9289 3.9067 10.4802
4.0684 -2.2158 5.6424
6.8865 -2.7844 7.4366
-0.9998 -2.2795 3.8882
7.5486 0.8199 15.0011
3.0633 2.9841 16.7230
1.0361 -1.9838 4.9606
8.2030 -1.6908 10.3762
6.1926 2.2444 17.0563
-1.0173 -1.7224 4.9882
4.0680 -2.0307 5.5433
-5.9314 4.9016 15.3490
5.3584 -1.6409 8.8326
4.4886 -2.1928 5.9826
0.6787 -2.6760 4.0675
12.8678 6.4106 29.2132
4.2675 -2.4463 5.9114
3.6915 -0.5719 10.0002
10.7346 6.1660 27.4937
3.8734 -2.4989 5.7195
1.3247 -1.4511 5.7902
2.1816 -2.9160 4.4572
-0.6284 -1.5357 5.5848
4.1199 -0.8123 9.7684
-5.4758 0.5406 6.9224
4.2650 -2.7351 6.0210
2.9333 -2.1192 5.1528
0.6549 -2.8635 3.6801
-0.6867 -2.4892 3.6510
3.8157 -2.1375 5.4421
5.0612 -1.2581 9.4239
2.2066 -2.7027 4.8967
-0.4732 0.1499 9.0330
0.1007 -2.3480 4.3873
4.1297 -1.7954 6.2942
1.4086 -1.7020 3.9588
3.3216 -1.0187 7.1996
-6.5860 2.0593 9.3073
7.1378 -0.1454 12.8403
-7.7451 0.6489 5.8275
0.1338 -2.4558 4.1916
-10.0983 1.8001 6.7623
0.6437 -0.2682 5.3368
3.0786 -2.7721 5.2620
-3.0339 0.8798 9.0087
2.2063 -1.8024 5.5066
3.9071 -2.8077 5.6695
-1.7554 2.1505 12.2790
4.2709 -2.2158 5.7595
3.1702 -1.7718 5.6277
5.9557 -1.7963 6.6461
-0.4774 -1.6236 5.4968
3.5538 -2.8473 5.3865
-13.3703 2.0593 5.3891
2.7085 -2.6075 5.1206
2.0592 -2.7659 4.6855
5.0807 -0.4982 8.0996
5.1275 -0.4855 8.0697
-0.0076 -2.0572 4.9041
4.5115 -1.5457 7.6682
7.0346 3.3536 19.7529
-2.6021 0.4881 8.4775
4.5103 -2.5704 6.1349
2.4113 -1.5782 5.8768
7.4221 -2.3197 8.6720
-0.8351 -2.2995 3.9435
4.8644 -0.8951 10.0335
3.4973 -2.7960 5.4562
2.6660 -2.7286 5.1104
1.9900 -2.3105 4.5335
5.1663 0.7616 13.5089
0.6048 -2.5760 4.2240
3.2815 -2.9508 5.0232
3.8326 1.8841 14.9755
-9.8202 1.8001 6.9229
3.2953 -0.9740 8.9700
-11.9476 2.4402 6.9698
2.3289 -2.0805 5.0431
-5.7430 0.4882 6.6637
1.1520 -1.6591 5.4995
4.0560 -2.7538 5.8629
-2.5406 -0.7836 5.9790
5.8380 -2.7030 6.9934
3.1058 -2.6762 5.4689
1.4896 -1.3946 3.8004
1.4501 -2.7474 4.3707
-5.5816 -0.4729 4.8418
3.3523 -2.3605 5.3242
1.7643 -1.9694 5.0108
5.0961 -2.4417 6.4075
6.1512 -2.8585 6.8643
-0.0865 -1.9814 5.0095
5.5846 -0.9218 10.3961
-18.3804 4.3758 7.1115
11.4674 1.6383 18.8950
-9.1282 1.6384 7.0005
-1.7357 -1.9416 4.1364
1.3405 -2.9006 4.0022
-7.4549 2.0593 8.8055
13.4904 5.0919 26.9451
0.4315 -0.9025 5.6378
3.9282 -1.8726 5.9247
4.2316 -2.1089 5.7319
4.3253 -2.5705 6.0283
0.5286 -2.8247 3.6846
11.5983 4.9025 25.4749
1.1828 -2.7348 4.2414
2.2656 -2.2984 4.6622
2.3899 0.8797 12.1409
4.3469 -1.9775 6.4220
6.9701 0.3863 13.8029
6.8760 -2.5062 7.9850
1.8791 -2.8076 4.4986
-12.5336 2.8683 7.4845
3.6367 -2.9508 5.2282
5.3058 -2.1153 7.0171
-9.0452 1.0035 5.7833
6.3072 1.9705 16.5768
-3.0221 0.7617 8.7802
-12.5452 3.4845 8.7056
5.0123 -2.0862 6.8445
6.0243 0.0184 12.5237
16.1117 6.4109 31.0872
-3.1038 5.2881 17.7521
2.7083 -1.7994 5.6318
2.7188 -2.7599 5.0786
-2.7267 0.1499 7.7316
2.7719 -2.8305 4.9685
-11.5301 2.1505 6.6337
7.1919 -2.5766 8.0272
4.9266 -2.3807 6.2522
7.3488 -2.2071 8.8540
3.6010 -1.8331 5.6797
3.8803 -2.1996 5.5219
6.1639 -2.0819 8.4191
3.4564 1.0672 13.1305
3.0579 -2.9410 4.9135
2.1697 -2.8417 4.5985
5.0336 -0.8647 8.2686
-4.2771 -0.2972 5.9453
-0.4772 -0.5394 7.6574
-7.9377 0.8202 6.0577
7.4135 -2.3857 8.5355
3.0694 -2.7350 5.3306
-10.0354 6.4088 15.9820
-7.5015 0.1955 5.0649
4.6756 -2.3651 6.0991
-5.3998 1.2685 8.4168
9.3302 -0.1455 14.1064
1.0521 -2.0126 4.8957
2.4321 -2.0415 5.1505
-0.9502 -0.5393 7.3842
4.0914 -2.4809 5.8328
5.5123 -2.9112 6.3904
-1.7674 -1.9943 4.0131
1.1712 -2.9359 3.8340
14.7798 5.2891 28.0827
-0.6395 -1.6236 5.4031
4.1398 -2.8306 5.7583
-13.7424 2.8683 6.7863
4.3505 -2.9362 5.6696
3.2179 -1.8022 5.4914
2.7510 -1.8793 5.4993
-2.5997 -1.1451 5.2244
-1.4436 -1.4226 5.3392
1.4922 -1.4037 3.8665
-0.9666 -1.8439 4.7753
-9.2079 6.4089 16.4601
-0.8045 -1.3831 5.7872
2.4694 -2.2398 4.8786
1.9910 -1.7132 5.4819
5.5331 -2.2566 6.7960
3.4572 -1.4292 6.4359
4.4517 -2.8638 5.8723
7.1925 -0.9742 11.2204
4.4422 -1.7406 7.0585
7.6066 -2.2071 9.0029
5.2602 -1.0497 9.9540
3.1348 -2.5524 5.3291
-3.6121 -0.9737 4.9814
6.9740 -2.6965 7.6624
1.3372 -2.0170 4.8387
3.0964 -2.7093 5.3974
-3.8114 0.9409 8.6814
1.1666 -1.8029 5.2461
5.6149 -2.9010 6.4701
2.6416 2.0593 14.6366
2.0492 0.7045 11.5950
1.1300 -2.8017 4.0777
-1.9444 -1.7063 4.4847
2.3246 -2.0432 5.1901
-6.9521 3.1031 11.1758
5.5140 -1.5719 9.0601
1.3071 -1.9882 4.8814
0.5467 -2.7348 3.8741
0.1708 -2.3667 4.3904
-0.9625 -1.5174 5.4282
2.7330 -2.8248 4.9573
6.7674 -1.4035 10.1196
5.1136 -1.7696 7.5206
3.6657 -1.7151 5.9714
0.0830 -1.0494 6.9645
5.2558 -2.7843 6.4951
5.5130 -1.7697 8.6655
-0.8172 -2.2488 4.0548
4.9151 0.0185 11.8831
2.0274 -2.7349 4.7290
0.4861 -2.7026 3.9033
5.9099 1.2684 14.9483
4.4834 -2.0207 6.3079
-2.6839 -1.1451 5.1758
6.2618 -2.1518 8.3364
4.0820 -1.0983 9.1768
-4.5691 -0.4729 5.4264
0.6633 4.9019 19.1584
4.0737 -2.8418 5.6978
-2.4535 1.4109 10.4021
-5.3582 -0.2224 5.4700
5.4176 -2.8585 6.4408
4.6046 -1.8974 7.0552
-3.8490 -0.1450 6.4958
3.0252 -2.2943 5.0903
-4.5351 2.8685 12.1042
-0.1040 -2.6056 3.7556
-1.2126 -2.2278 3.8682
3.3062 -2.6254 5.4766
2.0325 -2.0645 5.0001
-12.1645 3.7610 9.4764
5.7619 -2.7962 6.7637
5.3502 -2.6048 6.6396
0.6649 -2.8132 3.7861
-10.6458 1.7182 6.2830
5.3915 -2.7962 6.5499
-11.3032 5.0906 12.6231
1.4716 -1.5400 3.9025
7.3662 -2.2178 8.8427
3.3105 -1.4642 6.2362
5.6386 -2.2376 6.9502
2.7218 -0.8229 7.0248
4.2058 1.8000 15.0234
-2.3116 -1.7063 4.2727
-0.1873 -1.7382 5.4360
5.4132 -2.0801 7.0546
5.3610 -2.9264 6.2728
6.1738 -2.5765 7.4394
-2.8403 -1.6737 4.0322
-3.5207 1.1328 9.2316
4.5663 -2.8746 5.9170
-0.2391 -1.7382 5.4060
-18.9418 4.2136 6.4640
7.5652 4.7204 22.7827
16.4690 6.1664 30.8064
6.1819 -1.5541 9.4812
2.9527 -2.7475 5.2383
2.5225 -2.4301 4.8950
6.8829 -2.3294 8.3413
5.8775 -1.9948 8.4273
8.5362 -1.2799 11.3874
2.6682 -0.3338 9.8835
7.6569 -1.5362 10.3689
1.5532 -1.4678 5.9086
4.1597 -0.7839 9.8480
2.0552 -2.8797 4.4566
2.5158 -2.8850 4.7119
-4.0701 2.8685 12.3728
4.0459 -2.5522 5.8544
2.3077 -2.2066 4.7617
7.0508 -1.8150 9.4632
-14.8118 2.8683 6.1687
4.7485 -2.3068 6.1463
-7.0861 0.1055 5.1254
-9.3900 3.2261 10.0129
1.7348 -2.8248 4.3810
1.4751 -2.9458 3.9899
-2.7065 -0.2602 6.9261
-1.5216 -1.3006 5.5374
1.1456 -1.1026 6.3793
5.8838 -2.2177 7.9867
3.1409 -1.7107 5.7183
3.6580 -2.4151 5.5440
2.7345 2.1505 14.8721
-0.5640 -2.1737 4.3505
3.9965 -1.6469 6.5142
6.0448 3.7616 19.9942
-1.5530 -0.1053 7.9011
0.4908 -2.5218 4.2663
1.4868 -1.7298 5.3854
5.5331 -2.6764 6.8704
-17.4839 4.0573 6.9945
3.1009 -2.4988 5.2735
3.8722 -2.5525 5.7549
-0.5999 -2.1285 4.4200
1.5191 -1.3270 3.7723
7.6304 -1.9820 9.4652
5.1730 -2.7601 6.4955
3.9135 -1.3452 7.3187
6.4113 -2.8640 7.0036
5.0000 -2.8419 6.2326
-8.0412 1.1999 6.7545
-0.5540 -2.4557 3.7945
3.4487 -2.9262 5.1687
0.7227 4.9019 19.1927
3.9393 -2.0008 5.5909
1.0494 -0.5717 8.4745
-10.0494 0.8800 4.9572
-1.2919 0.6487 9.5542
-13.4721 6.1642 13.5097
-6.7324 -0.2600 4.6013
-12.4190 2.0593 5.9385
-4.5183 6.4093 19.1693
-8.4316 0.2419 4.6201
2.2048 -2.5142 4.7629
-0.3385 -1.9814 4.8640
7.0437 -2.4128 8.2680
6.0759 -1.8150 8.9002
4.0621 -2.9557 5.4642
-6.6114 2.3409 9.8537
4.3507 -1.8121 6.8743
-7.6341 0.5407 5.6760
6.6787 -0.8405 11.1902
0.6842 -2.9554 3.5140
-2.2123 -1.1683 5.4020
1.4510 -2.7157 4.4344
2.4407 2.1505 14.7025
-3.8671 -0.6653 5.4486
6.0470 -1.5178 9.4756
3.6189 -1.2061 7.3062
-5.3830 2.2443 10.3709
-11.6004 2.6478 7.5841
5.4702 -2.8530 6.4820
5.4497 -2.7352 6.7050
1.0127 -2.9602 3.6941
5.0738 -2.3137 6.3516
-9.3730 0.5942 4.7785
4.4339 -2.8419 5.9057
6.2769 -2.6832 7.2864
-0.3665 -1.6902 5.4280
2.5337 -1.2132 6.4176
6.4080 2.0593 16.8119
7.9521 -1.4035 10.8037
-7.2456 -0.1448 4.5344
2.1111 -0.5718 9.0876
-2.8369 1.9705 11.2957
6.1153 -1.6743 9.2033
-1.7588 -0.7255 6.5464
-1.6571 -1.1217 5.8155
6.4515 -2.8531 7.0486
2.3129 -2.0789 5.1181
4.4394 -1.8881 6.7715
14.2581 4.3772 25.9643
12.5760 2.0593 20.3742
5.1239 -1.8734 7.3920
-0.1304 -1.7224 5.5003
1.7652 -2.8191 4.4099
-0.6831 -1.3424 5.9383
-12.7426 3.6204 8.8623
1.7945 -0.1452 9.7548
4.6122 -2.1720 6.3586
9.3238 0.0183 14.4290
-3.5923 -0.5715 5.7942
6.4275 -2.2800 8.1766
0.5295 -2.7779 3.7782
-5.6980 -0.6652 4.3913
6.6122 -2.9607 6.9270
2.0511 -1.6247 5.7719
4.4214 -2.4474 6.0313
8.2066 -0.1454 13.4575
0.9921 -0.7256 8.1349
-13.4595 2.1505 5.5194
-15.9689 4.9011 9.5509
3.2095 -2.7841 5.3136
2.3685 1.0673 12.5022
0.7338 -2.8075 3.8374
-0.3062 -2.5453 3.7590
0.9008 -1.4988 5.6627
1.2125 -2.9408 3.8480
1.1846 -2.8471 4.0186
5.1471 -2.3590 6.3857
5.9009 -2.0577 8.3156
3.2114 1.4109 13.6737
-4.2766 -0.6653 5.2121
-4.8827 3.4847 13.1314
-6.8061 1.6384 8.3416
-16.8428 4.7192 8.6837
6.4802 -1.9287 8.9072
6.4834 -2.9654 6.8432
2.7646 -2.7781 5.0687
3.9631 -2.9508 5.4167
7.4944 -2.2178 8.9167
6.0458 -1.9286 8.6564
5.4966 -2.3461 6.6773
3.3788 -2.9059 5.1688
5.8021 -2.2070 7.9609
-0.7176 -0.7548 7.0892
12.5828 2.6481 21.5514
-3.6101 0.8799 8.6759
6.7223 2.8686 18.6061
5.5001 -2.0536 7.2149
2.7394 -1.0891 6.5581
3.7167 -2.3611 5.5360
2.7621 -2.4640 5.0550
-0.0463 -2.3760 4.2466
8.3810 -0.3341 13.1824
-1.2965 -0.8676 6.5301
-15.1754 5.9304 12.0602
4.9799 -1.2581 9.3769
-0.9998 -2.2591 3.9288
3.1163 -2.1107 5.0933
4.7014 -0.8404 10.0484
6.4708 -2.7844 7.1966
8.8628 -1.0251 12.0837
3.0001 -0.4733 9.7973
4.2372 -1.9365 6.3625
1.9611 -2.7157 4.7290
8.8532 -0.7842 12.5583
0.7680 -2.7221 4.0272
7.5671 -1.7851 9.8211
7.3941 -1.9820 9.3288
5.0123 -2.0759 6.8584
-5.1086 4.0577 14.1427
7.1156 -2.3673 8.4002
5.3203 -1.9761 7.2083
3.4491 -2.4672 5.4872
7.5289 0.3370 14.0275
-5.7084 -0.6955 4.3250
2.5477 -2.8797 4.7409
5.2991 -0.5396 10.9929
2.5570 -2.8528 4.8000
9.8907 0.5402 15.7964
6.8399 -2.5690 7.8390
4.5651 -2.9411 5.7837
4.8470 3.6209 19.0221
-7.1223 0.3867 5.6648
7.0317 0.3863 13.8384
4.0048 -0.1055 11.1105
-1.5886 -1.9550 4.1947
6.3137 -2.5988 7.4757
4.1397 -2.7476 5.9236
-1.1879 -1.7692 4.7963
5.0202 -2.8693 6.1897
8.1948 -0.8681 12.0107
-7.4253 2.2443 9.1914
9.3826 0.5402 15.5030
5.8651 -1.8679 6.7337
-1.7631 1.0034 9.9888
4.2354 1.8841 15.2081
7.5362 -2.2801 8.8168
-1.2815 -1.0494 6.1766
2.4822 -1.9733 5.2246
3.4875 -2.8956 5.2521
-9.1117 3.1030 9.9284
-6.1835 1.9705 9.3629
4.4172 -2.1044 6.1171
0.6424 0.8201 11.0128
-0.5800 -2.3288 4.0323
10.7067 4.9025 24.9599
0.8588 -2.9457 3.6340
-2.7521 2.4403 12.2807
2.1674 -2.0269 5.0410
6.5956 2.1506 17.1021
-6.0659 -0.2601 4.9862
4.5030 -1.4016 7.9178
2.6118 -2.5345 5.0153
5.4507 -2.2274 6.8895
4.3782 -2.8306 5.8959
-2.7060 5.4935 18.3912
9.7191 1.4847 17.5793
3.8515 2.2444 15.7043
1.8943 6.6657 23.3839
5.2671 -0.2605 11.5305
-4.7124 2.3409 10.9506
3.6336 -2.5399 5.6171
5.7302 -1.6577 9.0139
0.9592 1.9705 13.4881
5.9136 -1.9819 8.4740
0.7890 -2.8796 3.7255
11.5097 5.4943 26.6031
3.3540 -2.9556 5.0554
3.2110 -2.5522 5.3725
0.6473 -2.5685 4.2636
7.8385 0.1951 13.9234
1.1631 -0.4047 8.8730
4.8802 -2.8905 6.0666
10.9072 3.1034 21.4910
-1.2404 -2.0933 4.1201
-0.1065 -2.5608 3.8435
0.0560 -2.5056 4.0473
-0.2452 -2.4810 3.9225
-1.0197 -1.3424 5.7440
1.9235 -2.0126 4.9983
-19.8069 6.1637 9.8502
5.1664 -2.1390 6.8292
7.0163 -2.5614 7.9561
3.2414 -2.1241 5.1053
4.9392 -2.8693 6.1430
7.3883 -2.0820 9.1261
3.0826 -2.9604 4.8891
1.7948 -2.3477 4.4830
2.3433 -1.9327 5.3115
5.2143 -2.3236 6.4888
0.1258 -2.6893 3.7216
-10.7177 1.0675 4.9448
6.3076 -2.8021 7.0671
5.1053 -2.1612 6.7339
0.9351 -1.8279 5.0709
-2.2787 0.7046 9.0957
0.5897 -1.2633 5.9725
-0.8073 -2.1285 4.3002
3.6841 -0.9481 9.2462
1.9340 -2.8636 4.4186
-5.1514 -0.8674 4.3041
-2.3429 2.1505 11.9397
6.3892 -2.9113 6.8967
0.0659 -1.7538 5.5510
-5.6082 0.1055 5.9789
3.6145 -1.5722 6.1925
2.1628 -2.5318 4.7502
0.4487 -2.5608 4.1641
3.3953 -1.5527 6.1383
3.9961 -1.6438 6.7999
5.3902 -2.8020 6.5374
2.3514 -1.8084 5.4703
7.6997 -1.4035 10.6579
7.7526 0.7615 15.0025
5.0751 -2.7723 6.4147
3.3207 -1.1584 6.8256
3.3765 -1.2843 6.6157
0.4207 -2.0815 5.1030
0.6920 -2.7091 4.0092
6.5808 -2.7096 7.4092
5.7810 -0.9482 10.4571
4.3129 -2.4750 5.9753
9.5962 0.9407 16.4243
0.1660 -0.6347 7.8388
8.8713 -0.3699 13.3943
1.1561 -2.9260 3.8450
2.9034 -2.4110 5.0987
1.6439 -2.4405 4.4409
-0.1287 -1.8726 5.2020
-16.9641 3.3530 5.8915
-0.8841 -1.4227 5.6622
-3.8712 1.3389 9.4397
6.1244 -2.6559 7.2526
2.8373 -1.3679 6.1057
6.8364 -0.1454 12.6663
-2.7765 0.8201 9.0383
5.0877 -1.6910 7.6361
-1.1615 -1.2793 5.7877
2.1777 -2.7659 4.7539
3.3472 -2.8851 5.1919
0.8289 0.5940 10.6699
5.8592 -2.3484 7.7122
0.5374 -0.6074 5.5019
-2.9352 -1.0738 5.1729
1.0067 -2.8901 3.8301
0.1724 -2.7839 3.5601
11.6905 2.7567 21.2525
5.4162 -2.2278 6.8706
1.8801 3.1033 16.2771
0.3066 -2.4643 4.2745
2.6375 -1.9281 5.5210
5.3418 -1.8678 7.4900
2.5066 -2.6693 5.1364
8.4349 -1.4232 11.0432
4.4220 -1.7161 7.0948
-19.5783 5.7066 9.0713
2.9480 -2.9311 4.8697
3.2184 -1.6992 5.7019
4.1428 -2.3115 5.7487
4.2737 -2.7029 6.0901
-3.1274 -1.4420 4.3282
0.1646 -2.7156 3.6917
4.7095 -2.7029 6.3417
5.0527 -2.4125 6.3430
-3.0468 2.8685 12.9638
-2.3443 0.7046 9.0578
5.5681 -1.4806 9.2732
5.5325 0.1951 12.5918
-6.1842 3.1031 11.6193
2.3425 -0.1452 10.0712
-3.0070 -1.0244 5.2297
3.5368 -2.6762 5.7177
4.3121 -2.7961 5.9266
2.4135 -2.9651 4.4934
10.7469 3.6211 22.4298
-10.1459 2.1505 7.4331
4.0182 -1.4807 7.1056
2.8363 -1.5515 5.9200
1.7778 -1.4517 5.8689
1.7934 -0.9584 6.7440
9.4350 -0.6659 13.1299
4.9414 -1.7457 7.5774
0.1356 -2.0449 5.0112
7.1667 -1.0498 11.0548
-11.5311 2.3408 7.0124
-7.0862 2.3409 9.5796
0.5569 -2.5760 4.1963
3.2511 -1.8433 5.4669
1.8355 -0.4732 9.1248
4.4990 -2.7094 6.2072
-0.2915 -0.9738 6.8989
1.7222 -2.5086 4.4720
-4.8981 0.3374 6.8510
4.1298 -1.7610 6.6388
-14.1509 5.0904 10.9781
1.1818 -0.7256 8.2444
5.8845 -2.8800 6.6674
-1.2643 -1.2577 5.7714
1.5621 -2.7598 4.4107
6.7367 -2.0204 8.8725
4.8738 -1.7939 7.3350
4.9483 -1.1396 8.4029
-7.3680 0.8202 6.3867
1.2844 -2.1832 4.2083
7.0797 -1.3429 10.4207
2.2660 -2.8191 4.6990
2.5611 -1.7637 5.6665
-1.5973 -0.3694 7.3491
-12.7574 5.0905 11.7831
15.6526 5.7089 29.4232
0.5392 -2.2173 4.9008
2.8038 -1.0552 6.7671
3.3341 -2.2005 5.2093
1.4950 -2.5065 4.3637
-1.5381 2.0593 12.2227
-8.8760 0.8203 5.5159
-6.5973 0.0618 5.3205
0.0959 -0.1451 8.7739
1.2778 -2.2205 4.2397
2.0650 -0.3696 9.4639
3.7739 -1.4772 6.7702
2.4235 -2.2021 4.8843
6.1281 -2.9314 6.7058
-0.8767 5.2882 19.0386
6.5759 -2.9214 6.9843
3.3158 -1.8768 5.4851
-22.2383 6.4079 8.9325
3.1268 -2.8417 5.1511
5.0881 -2.7288 6.5088
5.0620 0.3863 12.7010
0.8012 -2.6555 4.1791
5.5586 -2.2773 6.7626
2.6704 -1.9803 5.2594
-0.3439 -2.3094 4.2074
-1.8490 -1.5536 4.8441
-2.5348 -0.0647 7.4149
5.4574 -2.2881 6.7680
5.9620 -2.0577 8.3509
5.6568 -2.7095 6.8757
4.4044 -1.8557 6.8134
3.6313 -2.9008 5.3248
3.1814 -1.9565 5.3299
2.6849 -2.7900 4.9989
3.2194 -2.2641 5.1861
4.7512 -0.8951 9.9682
2.1838 -2.8076 4.6745
-0.8811 -2.3851 3.7463
3.5918 3.7615 18.5773
6.7000 -2.6899 7.5173
14.0370 5.2891 27.6536
2.8488 -1.5635 5.9031
-0.8366 -2.3191 3.9035
6.9587 -2.4981 8.0490
3.4477 -2.8956 5.2291
1.6459 -2.2158 4.6590
6.8760 -2.4391 8.1187
2.0229 -1.8316 5.5509
7.1450 -1.0498 11.0423
5.5207 2.9841 18.1423
3.0770 -2.8077 5.1902
2.2788 -2.1493 4.9033
-9.8203 3.6205 10.5502
4.7645 -0.3339 11.0940
0.5081 -2.7779 3.7658
5.1015 -2.8639 6.2474
4.0805 -2.1539 5.6084
8.0211 1.7181 17.0637
4.4084 -2.0826 6.1646
1.2850 -2.0421 4.1145
1.3540 -2.3192 4.3134
4.6511 -2.2677 6.0215
8.8152 -0.9484 12.2091
5.8283 -2.9461 6.5033
4.3216 -2.0052 6.1598
5.8792 3.2264 18.8321
6.8033 -2.8021 7.3533
2.6694 -2.8528 4.8650
-0.9702 -2.1285 4.2062
-0.6495 -2.1626 4.3234
-0.5561 -1.8726 4.9552
6.5427 -1.4994 9.7987
4.0743 -2.1849 5.6258
-6.4763 0.3867 6.0378
-2.0625 -0.9737 5.8762
4.6932 -1.5845 7.6427
1.2642 1.4848 12.6964
-3.1023 -1.6063 4.0153
6.7144 -2.7963 7.3137
3.7331 -2.0658 5.3532
-8.4841 6.1645 16.3912
0.9327 -1.1044 6.3548
-8.8718 3.1031 10.0670
2.7242 -0.8403 8.9067
1.0372 -0.0648 9.4776
0.7325 -2.4558 4.5373
0.9006 -2.7221 4.1038
-0.5779 -1.5715 5.5426
5.7971 -0.5396 11.2805
6.9639 -2.5537 7.9411
2.5547 -2.7660 4.9716
5.1624 -2.8639 6.2826
-7.9511 4.9015 14.1823
2.0761 -2.1897 4.8305
8.6753 1.9705 17.9445
1.4281 -1.6480 3.9781
4.2824 -1.9731 6.1632
6.1610 0.7615 14.0834
-2.3826 -0.5716 6.4927
5.2302 -0.4394 11.1527
7.5864 -2.1743 9.0565
-1.2110 -1.6902 4.9404
6.0532 -1.8297 8.8577
2.2307 -2.8472 4.6226
-20.8523 5.2870 7.4996
6.2772 -0.4395 11.7573
-0.5972 -2.3479 3.9844
-1.1469 -0.6034 7.1430
3.2238 -2.5348 5.3971
5.0759 -1.4806 8.9890
5.1996 -2.7160 6.5988
7.3976 -2.3294 8.6385
-2.3538 0.3865 8.4185
3.0381 -2.4447 5.1981
-2.4927 0.0616 7.6908
-0.4510 -1.4803 5.7976
6.6960 2.7567 18.3678
6.9840 -2.5459 7.9682
4.1017 0.1051 11.5861
6.0457 -2.8640 6.7926
6.9739 -1.3221 10.4010
-13.7016 4.0574 9.1792
6.9658 -0.3340 12.3652
-6.6161 3.1031 11.3698
5.6674 1.0672 14.4074
3.5236 -1.8833 5.5324
9.0295 -0.0238 14.1752
7.4004 -2.1291 9.0393
6.1168 -2.8640 6.8336
4.2429 -1.2978 7.9682
9.1743 4.5454 23.3634
5.6645 -2.9010 6.4987
0.3960 -2.3480 4.5578
4.6863 0.4879 12.6864
-9.1390 4.9014 13.4961
-3.2448 2.3409 11.7981
4.3854 3.6209 18.7554
7.1135 -2.0330 9.0650
5.6491 -2.4023 6.6631
-0.2907 5.7078 20.2132
2.8237 -2.8305 4.9984
14.1382 3.9075 24.9592
7.3948 -2.2700 8.7553
4.2195 -1.6674 7.0894
-1.9116 -1.5890 4.7374
9.7676 0.9407 16.5233
-11.8569 4.5445 11.2152
7.7613 6.4102 26.2631
5.9790 -2.9363 6.6098
8.9380 0.5402 15.2462
2.3489 -0.0649 10.2350
8.2298 -0.2229 13.3165
3.4472 -2.7158 5.5870
5.3397 -1.8939 7.4626
-9.0217 5.4931 14.7428
2.2175 -2.3474 4.6667
4.0786 -2.2158 5.6483
0.0875 -2.4472 4.1819
1.1694 -1.9308 5.0099
2.7379 -2.3479 4.9681
10.4502 1.3387 17.7106
5.7067 1.7181 15.7271
4.0541 -2.9111 5.5485
5.1652 -2.8363 6.3391
5.9742 -1.7228 9.0251
2.7778 -1.1742 6.4651
1.9114 -2.4631 4.5619
7.3555 -1.2363 10.7923
-5.9156 -0.2971 4.9992
7.1564 -1.8298 9.4947
2.1770 -2.8690 4.5482
5.3246 -0.8124 10.4641
3.4918 -1.9253 5.4419
-0.3022 -2.4642 3.9229
6.7912 -2.8959 7.1595
1.8044 -2.7027 4.6644
2.8715 5.7080 22.0399
10.3989 0.2886 15.5886
5.9166 -2.7844 6.8766
0.6373 -1.5467 5.6133
6.0661 -0.8124 10.8922
2.8075 -2.0482 5.2121
-22.9958 5.7063 7.0971
0.9073 1.8000 13.1184
2.9805 -1.5570 5.8234
-1.8192 -0.6654 6.6312
0.3800 -2.8526 3.5431
6.7228 -2.9215 7.0691
6.4383 -1.8588 9.0222
4.8347 -2.8363 6.1483
-0.5990 -2.3573 3.9645
1.3412 -2.7474 4.3078
1.6833 1.4109 12.7912
-6.6307 0.8202 6.8125
-8.9845 2.6479 9.0949
1.0483 -1.9675 4.8976
-1.9155 -0.6654 6.5755
2.9564 -2.3602 5.0950
-2.2192 -1.9006 3.9389
-8.1597 3.4846 11.2386
6.2835 -2.7784 7.1004
3.4497 -2.9556 5.1106
-6.7015 1.4110 7.9488
0.0539 -1.7846 5.4829
2.0049 -2.9006 4.3858
6.8214 -2.4980 7.9697
6.9315 -2.1405 8.7457
4.4974 -2.8474 5.9313
3.9876 -1.4382 7.3844
4.6902 -0.9741 9.7755
5.6962 0.1051 12.5068
-2.7100 0.1054 7.6525
1.2540 -2.7719 4.2085
5.6206 -2.1762 7.0359
6.3001 -1.0498 10.5544
5.0382 -2.0123 7.0132
2.1878 -2.0415 5.0567
1.2427 -1.4657 5.7072
5.7877 -2.9314 6.5092
2.7705 -2.9361 4.7574
-3.4213 -0.2225 6.5885
-4.9423 -0.6032 4.9513
4.4792 -1.4321 7.8125
1.4909 -2.9057 4.0787
2.8676 -1.1591 6.5873
4.8549 -2.8307 6.1711
5.9910 -2.7478 6.9925
-21.6798 6.6638 9.7649
-1.3650 -1.7223 4.7874
-1.5902 0.7046 9.4933
4.9077 -2.8474 6.1682
6.0029 -1.9150 8.6589
3.8506 -1.4538 7.0868
2.8043 -0.4393 9.7519
2.8405 -1.3030 6.3362
5.1946 -2.2291 6.7078
2.1514 -2.2620 4.6569
3.5520 -2.7350 5.6093
2.2344 -2.9555 4.4090
7.0689 3.4850 20.0345
0.5330 -0.2974 8.7230
6.6241 -0.7552 11.3286
1.2466 -1.2182 6.2407
0.7614 4.2143 17.8449
0.2760 -2.8016 3.5846
-5.0774 -0.3693 5.3395
4.9019 -2.2081 6.3667
-6.2200 -0.3692 4.6797
4.0840 -1.7370 6.8304
0.1714 -2.4122 4.3001
-3.6690 -0.6033 5.6865
0.4265 -2.7473 3.7797
5.0430 -2.2792 6.4033
3.6877 -2.7960 5.5661
-2.9113 -1.4801 4.3770
1.1436 -2.8849 3.9197
2.0794 -1.9652 5.1201
-1.1828 0.3373 8.9966
3.8100 -1.7272 5.9772
5.5582 -2.7723 6.6936
5.0222 -2.7160 6.4963
3.4620 -2.8691 5.2901
7.4644 -2.2700 8.7955
0.4869 -2.8016 3.7064
2.0461 -2.8472 4.5160
0.2670 1.4109 11.9733
3.8347 -2.8529 5.5377
1.4416 -0.3695 9.1039
-1.5861 -1.3830 5.3358
2.1096 2.4403 15.0886
3.0644 -0.9997 7.0347
7.0940 -2.2494 8.6226
3.7588 -2.3607 5.5593
-0.7383 -1.8867 4.8218
1.6825 6.6657 23.2615
2.7149 -2.0920 5.0189
0.3137 -2.4727 4.2618
6.4465 -2.2070 8.3330
3.8153 -2.9460 5.3411
5.1780 -2.8136 6.3918
0.5128 -0.6199 5.5719
10.3144 6.4104 27.7381
-1.4655 -1.6405 4.8924
1.0000 -2.7780 4.0499
4.9557 -1.7006 7.6236
3.7121 -2.0979 5.3680
-1.1853 -0.8121 6.7050
4.9898 -2.8693 6.1722
5.1545 -1.4230 9.1491
1.6168 -2.4145 4.4525
3.5421 -2.9008 5.2733
4.7644 -2.2305 6.3876
2.7841 4.0580 18.7016
2.8636 -1.0179 6.7371
2.7537 -1.3586 6.1404
-10.8916 4.0575 10.8023
-0.0385 -1.6573 5.6830
3.5123 -2.9008 5.2561
1.1726 -2.6894 4.3260
0.4856 4.5450 18.3446
-13.6692 2.1505 5.3983
-21.3723 4.9008 6.4297
-3.4449 -0.8946 5.2354
-12.2432 2.1505 6.2218
0.3522 -1.1597 5.7637
1.6155 3.6208 17.1555
5.9295 -2.8364 6.7804
4.9419 -1.4033 9.0655
-1.4415 -0.3694 7.4390
-11.9420 6.6646 15.3905
4.5471 -1.6275 7.4812
-3.3913 -1.2135 4.6310
3.1734 -2.0252 5.1151
8.7022 1.1997 16.4241
2.0159 -2.7900 4.6126
2.6339 -2.1026 5.0430
-4.9624 -0.9736 4.2017
-15.1753 3.9065 8.0275
-3.9263 -1.1682 4.4123
-2.0621 0.0616 7.9395
-0.0666 -2.1285 4.7279
3.8336 -2.6963 5.8491
0.2127 -2.8016 3.5481
-13.9583 3.1030 7.1291
-4.9074 -0.8399 4.4999
1.9369 -2.2407 4.6073
3.5882 -1.6518 5.8801
-4.4567 -0.9477 4.5454
6.4675 -1.4994 9.7552
1.4923 -2.8472 4.1963
2.4545 -2.9555 4.5360
2.5593 -2.6828 5.1399
4.5378 -1.3161 8.1116
1.7854 -2.5142 4.5209
3.0970 -2.8249 5.1674
6.8784 1.3387 15.6478
0.3811 -2.0450 5.1530
-0.5011 -2.2172 4.3002
0.2337 -2.6960 3.7707
1.4522 3.7615 17.3415
0.4645 -0.8455 5.6187
-6.0686 -0.6032 4.3009
-0.2363 -2.0072 4.8716
-4.0712 2.9840 12.6023
4.3197 -1.8168 6.8811
9.7749 -0.2607 14.1336
2.4258 -1.4726 6.1077
-3.0517 3.6207 14.4598
-1.5675 -2.0448 4.0279
1.2460 0.5940 10.9108
-5.6344 4.9016 15.5206
6.5649 -2.9511 6.9189
5.9261 -2.9112 6.6293
5.1321 -0.9997 9.9797
1.4578 -0.6655 8.5235
1.3568 -2.0145 4.8976
5.2418 -1.8536 7.6054
-0.1700 -1.7382 5.4460
5.9625 -0.4734 11.5080
-11.1802 1.2686 5.0785
6.5288 -2.4563 7.8840
1.4810 -2.2989 4.4331
-1.0137 -2.2693 3.9003
5.2208 -2.3836 6.4290
-0.3146 -2.2592 4.3244
-10.7230 2.0593 6.9180
-7.4497 -0.0232 4.6590
6.5478 -2.6965 7.4163
5.0272 -1.8765 7.2741
-1.7255 -0.0647 7.8822
-6.2451 1.1999 7.7918
1.9721 -2.7092 4.7482
1.9799 -2.0121 5.0812
-4.7413 -1.0737 4.1300
2.3519 -2.7027 4.9805
5.2131 -2.6964 6.6456
4.0964 -0.5067 10.3638
3.2383 -1.8609 5.3775
-2.4764 0.4881 8.5501
-5.4908 1.1999 8.2274
5.1239 -2.8363 6.3153
0.7590 -0.6655 8.1199
-4.0905 -0.3693 5.9093
8.2773 -1.2364 11.3245
-4.3585 1.4849 9.4492
3.7900 -2.3608 5.5776
6.5451 -2.7963 7.2159
0.6912 -2.7658 3.8957
7.1051 0.0184 13.1478
5.5349 -1.3428 9.5287
-5.5100 1.8841 9.5798
-2.6414 -1.3829 4.7265
8.0864 -1.4618 10.7651
-0.6658 -2.2694 4.1013
0.9896 -2.8304 3.9395
-7.1747 0.1501 5.1630
2.1977 1.1998 12.6676
5.0652 -0.6434 8.1392
6.5154 -1.3221 10.1362
0.6060 -0.3834 5.3920
5.8064 -2.0203 8.3354
-1.3216 -1.4802 5.2949
1.2707 -2.2514 4.2519
-1.8854 -0.9737 5.9785
-6.7134 -0.3692 4.3948
7.8550 -1.4035 10.7476
6.1677 -2.6420 7.3054
0.0083 -1.8584 5.3095
0.1798 -2.4643 4.2012
-0.1485 1.6384 12.1865
4.0871 -2.8474 5.6945
6.2045 -1.1916 10.2167
-1.8409 -1.5173 4.9210
2.1698 -2.1984 4.7981
1.8592 -2.6895 4.7224
3.2455 -2.9361 5.0316
6.6873 -2.1519 8.5821
3.4582 -2.9161 5.1943
5.0242 -2.1151 6.8060
0.9598 0.2889 10.1377
8.2555 -0.9743 11.8342
0.4924 -2.8635 3.5863
2.9347 -1.2937 6.2507
3.6906 -2.1540 5.3835
3.8130 -2.7476 5.7350
-0.0600 -1.9944 4.9990
-2.0640 -0.8947 6.0328
-4.1353 -1.1682 4.2916
-2.4953 -1.7223 4.1348
4.6416 -2.2025 6.3106
3.3358 -1.4182 6.2546
2.5666 -2.8248 4.8613
-1.7927 -2.1051 3.7776
-2.8397 2.4403 12.2301
-9.4849 0.7619 5.0479
-10.2714 1.2686 5.6034
1.6602 -2.3615 4.3499
5.3077 -2.8475 6.3992
2.4172 -1.8394 5.4468
6.8721 -1.7069 9.5755
9.3910 -0.3699 13.6943
0.6424 -2.3760 4.6442
1.2847 -2.1155 4.2276
-8.5541 6.6648 17.3477
0.7569 -1.6186 5.3614
1.4716 -1.4320 3.9025
3.3571 -2.3122 5.2968
0.2847 -2.0815 5.0245
6.3409 -1.8872 8.9094
-1.8442 0.2890 8.5185
3.0426 -1.2822 6.3905
5.2204 -2.3937 6.4239
6.7607 -2.1519 8.6244
0.1772 -2.6623 3.8051
2.5379 -0.7794 7.0246
2.2550 1.7181 13.7336
1.7409 -1.5038 6.0162
4.5117 -2.7539 6.1260
3.1899 -1.9644 5.3190
12.1919 5.9323 27.8698
6.7226 -2.9559 7.0003
-6.1213 0.1500 5.7713
-0.5614 -2.4892 3.7234
-0.3697 -2.3942 4.0235
6.5594 -2.2699 8.2730
-4.1308 -1.2791 4.0732
6.0477 -1.0249 10.4582
0.0973 -0.7837 7.5022
3.1904 -2.0270 5.1305
7.8745 -1.4035 10.7588
1.5522 -2.2405 4.5254
-2.1959 -1.4226 4.9048
-3.6387 -0.5392 5.8317
5.0387 -1.9800 7.0620
5.5693 -1.9011 8.4360
3.4683 -1.7045 5.8743
2.4074 -2.9160 4.5876
-1.1582 -1.6902 4.9709
6.8383 -2.6420 7.6926
3.8037 -2.2631 5.5208
-0.3289 -2.4298 3.9761
1.9643 -2.8582 4.4469
1.2637 -2.1820 4.2642
6.3019 -2.9214 6.8260
4.6648 -2.7029 6.3159
4.2749 -2.8078 5.8819
3.9387 3.9072 19.0679
8.5026 -1.2364 11.4546
7.0574 -2.6629 7.7776
5.8325 -1.9855 6.7903
-17.1788 6.1639 11.3684
5.8165 -2.4215 7.5418
5.4053 -2.9061 6.3388
-1.8013 -1.0493 5.8764
2.4577 0.8797 12.1801
-1.2814 -1.6902 4.8998
0.0602 -2.7410 3.5807
7.0149 -2.7290 7.6213
7.1130 -0.9219 11.2787
-0.5911 -2.3851 3.9138
1.8760 -2.9006 4.3113
5.0212 -2.4435 6.3401
5.8922 0.9408 14.2852
10.8170 2.8687 20.9711
5.1556 -0.2642 7.9693
6.0525 -1.4295 6.4571
3.4119 -1.8162 5.4995
2.5806 -2.0634 5.0889
0.2281 -2.7658 3.6283
5.0416 -2.8250 6.2902
2.2060 -2.8797 4.5436
-7.5116 2.8684 10.3851
0.9356 -1.4035 5.8853
4.9438 -2.2203 6.4990
0.6872 -2.7026 4.0194
-1.9825 1.0673 9.9895
6.6391 -2.3294 8.2005
-1.8005 4.5449 17.0241
-4.2309 2.1505 10.8493
-1.0853 2.2444 12.8530
5.5243 -2.4166 6.5963
3.1514 -1.6879 5.7527
5.6289 0.4879 13.2308
-0.3753 -1.8726 5.0596
-1.2278 -0.4731 7.3559
4.0451 -2.8799 5.6055
0.5270 -0.6252 5.5078
1.9556 -2.9109 4.3369
-16.1762 6.6642 12.9444
4.5920 -2.8957 5.8898
0.1278 -2.1848 4.7280
-0.6022 -1.7382 5.1964
-0.5951 -2.1848 4.3106
0.4970 -2.5297 4.2540
3.3140 1.7181 14.3452
-9.5550 1.1329 5.7467
2.9909 -1.7404 5.6415
1.2084 -2.3156 4.2528
-22.3290 5.0899 6.2540
6.8258 -2.7096 7.5506
6.6107 -2.2178 8.4065
-0.1498 -1.8867 5.1616
-0.5970 -2.1957 4.2877
5.3151 -2.3946 6.4809
6.5284 -2.4898 7.8169
1.2233 0.3372 10.3861
5.0383 -1.4617 9.0050
-0.1580 -2.3574 4.2191
-3.9491 0.8799 8.4802
4.3430 -2.2801 5.8450
-12.6873 2.5425 6.7463
-5.2150 0.3866 6.7662
-6.6371 5.0908 15.3184
3.4548 -1.8737 5.4094
3.9230 -2.2789 5.5998
2.0632 -2.1735 4.8522
3.7067 -2.9652 5.2400
8.4735 -1.4232 11.0655
3.4328 -0.6036 9.7875
1.4337 -1.6452 3.9684
1.7725 2.0593 14.1347
0.8967 1.6384 12.7902
-4.1726 0.4882 7.5706
-4.3421 -0.1450 6.2111
-3.5396 0.5406 8.0406
2.2348 -2.4790 4.7568
4.4978 -2.5882 6.1390
6.1159 -1.3607 6.4478
0.9127 -2.6692 4.2162
3.2976 -2.8077 5.3176
10.1096 0.3862 15.6159
-4.8306 -0.0233 6.1714
-0.5728 -1.2577 6.1707
7.1483 -2.2071 8.7382
-1.9853 -1.7381 4.3977
5.7968 -2.9510 6.4754
3.4480 -2.0613 5.2088
5.3322 -2.3168 6.6696
-0.9386 5.2882 19.0029
1.1005 -2.7659 4.1320
6.7468 -1.7387 9.4397
7.2592 -0.8681 11.4705
-2.2276 -0.8120 6.1031
7.0400 -2.3765 8.3381
-0.4679 -2.5137 3.7287
-0.2091 5.9315 20.7060
3.3328 -1.7167 5.6488
3.4084 -1.5839 5.9563
2.4188 -1.8995 5.3339
0.1662 -1.7997 5.5177
2.3522 -2.5346 4.8657
-11.8812 2.0593 6.2491
1.3657 0.9408 11.6712
3.6598 -2.8638 5.4150
5.7417 -2.9654 6.4149
-8.4461 0.2892 4.7060
0.2096 -1.9551 5.2329
-6.3465 0.4369 6.2129
-3.0679 -1.2357 4.7735
-15.6050 5.0903 10.1382
-4.5403 1.4110 9.1969
2.2829 -2.8417 4.6638
-4.2223 -0.3335 5.9045
1.5497 -2.3364 4.5728
-11.8899 1.5607 5.2506
-0.2682 -2.3667 4.1369
-1.0310 -2.0072 4.4128
1.2078 -2.8526 4.0211
0.1606 -2.6344 3.8511
3.1427 -1.9679 5.2611
5.9733 -2.7784 6.9213
-6.8685 2.4402 9.9032
3.2763 -1.9100 5.3060
0.2139 -2.6415 3.8678
6.4700 -2.7353 7.2940
5.9195 -2.6061 7.2335
2.1035 -2.2447 4.6479
1.7528 -2.4771 4.5024
2.6709 -1.7786 5.6527
7.7385 -1.4035 10.6803
-12.5492 1.9705 5.6865
-0.0804 2.4403 13.8237
3.3638 -0.3696 10.2139
2.4757 -2.5895 4.9748
2.7564 -0.8438 7.0031
1.9134 -2.8582 4.4175
6.1226 5.9319 24.3637
-2.7971 -0.1052 7.1826
6.0860 -2.2699 7.9997
8.0393 -0.4395 12.7749
5.4644 -1.7542 8.6681
9.4334 1.7181 17.8794
3.0035 -2.7721 5.2186
3.1110 -1.0538 6.8130
-0.6857 -2.1052 4.4169
4.6243 -2.8638 5.9719
2.2834 -0.9609 6.6985
-6.1346 -0.3335 4.8002
1.0832 -1.5445 5.6793
3.4927 0.2889 11.6004
-4.9843 -0.8946 4.3466
1.0407 -2.7156 4.1975
0.6959 -2.9005 3.6300
1.1105 -2.7221 4.2250
5.4301 -2.3159 6.6253
1.9960 -2.0836 4.9512
8.7304 0.8796 15.8025
13.4575 5.7087 28.1551
-20.4807 6.1637 9.4609
-1.7456 1.1328 10.2567
-6.9056 2.9839 10.9652
7.5080 -1.6411 10.0738
6.0258 0.2888 13.0632
7.2193 1.2684 15.7045
2.5139 -0.9414 6.8408
2.3280 -2.9651 4.4440
2.9530 -0.7550 9.2087
8.4686 0.2887 14.4739
6.4234 -0.7258 11.2712
-0.1165 -2.6554 3.6493
-3.7304 -1.3215 4.2201
1.5886 -2.3771 4.5320
-5.7412 2.1505 9.9770
3.6987 0.5404 12.2205
2.6756 -2.7599 5.0536
7.2127 -2.5690 8.0543
2.8235 -2.8903 4.8792
2.0159 0.5404 11.2488
4.5078 -2.8136 6.0048
6.4642 -2.9559 6.8511
-3.5182 -0.5715 5.8369
5.2584 -2.2451 6.6773
3.0003 2.5426 15.8069
4.5772 -2.4157 6.0759
-0.0383 -1.1684 6.6574
0.4969 -2.4975 4.3181
1.4085 -2.7840 4.2738
2.1396 -2.9458 4.3735
7.2331 -2.4981 8.2074
-22.3510 5.7064 7.4696
-5.5369 3.2262 12.2384
2.7085 -2.8798 4.8337
-1.3122 1.0034 10.2492
4.7100 -2.3154 6.0856
3.0469 -2.7537 5.2803
-1.0000 -0.4731 7.4875
-0.1023 -1.9814 5.0004
-5.5893 -0.1051 5.5702
1.5256 -2.2299 4.6316
-0.9034 -1.4227 5.6511
5.0114 -2.2259 6.5925
6.3549 -2.8586 6.9819
1.3329 -2.3103 4.3107
5.6537 -1.3428 9.5973
3.3941 2.9841 16.9140
3.2010 -2.7660 5.3448
3.3240 -0.6349 9.6624
7.6532 -0.4050 12.6208
4.5429 -2.9313 5.7905
1.9080 1.3388 12.7773
7.3476 -1.8589 9.5472
4.4859 -2.0839 6.2137
-1.9705 -1.9550 3.9741
4.7202 -2.2551 6.2190
2.0528 -2.1691 4.8725
-5.6244 4.2141 14.1564
-3.0112 0.8201 8.9028
-6.4100 1.0035 7.3052
2.6961 -1.9489 5.3062
4.3394 -2.7287 6.0766
-10.9470 1.6384 5.9501
12.4187 3.2266 22.6093
-5.3901 -0.8399 4.2212
-4.0794 -0.8675 4.9231
7.0683 -1.9949 9.1148
4.8919 -2.9162 6.0221
3.4241 -0.1054 10.7751
-1.7474 -1.3628 5.2830
6.6332 -1.3633 10.1221
6.0292 -2.8420 6.8268
6.7448 -2.6062 7.7099
0.2587 -2.7535 3.6704
4.1774 -2.8019 5.8372
4.8209 1.1997 14.1825
3.5843 -2.7476 5.6029
0.6070 -2.8190 3.7412
1.5871 -2.7285 4.4875
8.6972 1.8000 17.6173
-11.3895 3.2261 8.8580
6.3871 -2.8079 7.1014
3.0372 -0.9481 8.8727
6.4688 -2.6696 7.4241
6.9581 -2.4732 8.0982
0.1067 -1.7382 5.6057
-6.6874 -0.3692 4.4098
3.7118 -2.6829 5.8054
-4.9237 0.0188 6.2015
3.5200 -2.2137 5.3513
14.2273 5.4945 28.1729
3.2354 -0.7550 9.3718
3.2760 -2.9459 5.0297
-0.7582 -2.3479 3.8914
-4.3271 -0.3335 5.8440
4.3802 -2.0853 5.8866
5.8522 -1.9119 6.7561
7.2184 -2.5537 8.0881
2.3821 -1.0743 6.5643
-1.5977 -0.9738 6.1447
-1.1155 -1.8583 4.6606
3.9545 -0.5396 10.2164
10.5712 0.7614 16.6303
1.7784 0.1952 10.4238
-16.0341 6.4084 12.5166
5.9869 -0.1453 12.1757
6.4562 -2.8365 7.0845
11.0735 1.1326 17.6599
12.0237 1.9705 19.8783
4.3006 -1.8075 6.9040
1.4444 -0.5718 8.7026
4.0326 -1.6000 6.9770
1.6604 -1.3050 6.2646
7.6299 3.3536 20.0967
-1.4576 4.5449 17.2221
3.7066 -2.9312 5.3077
1.2946 -2.2464 4.4307
6.0694 -2.5914 7.3493
6.6945 0.0613 12.9962
6.5108 -2.2389 8.3067
-2.2359 -0.4045 6.9103
8.8759 0.9407 16.0083
7.8377 5.9320 25.3545
-22.5567 5.9299 7.7962
3.5799 0.1051 11.2847
-0.8631 -0.8676 6.7804
6.4486 -1.4994 9.7443
5.0325 -2.7539 6.4267
3.5737 -1.1529 7.3858
9.0383 -0.9484 12.3379
-7.2146 0.3867 5.6115
-13.4297 2.3408 5.9158
5.6255 -1.8000 8.6699
4.3737 -0.6657 10.2072
-7.1819 0.3374 5.5322
2.4724 -0.4393 9.5603
7.9768 3.4851 20.5590
5.0377 -2.0717 6.9617
-2.5572 -1.6737 4.1957
4.7743 -2.2782 6.2457
-3.3657 0.9409 8.9388
6.2002 -1.9422 8.7186
4.0350 -1.7061 6.7122
-2.7692 -1.2576 4.9024
-3.2793 0.8201 8.7480
6.9902 0.5938 14.2281
3.8307 -1.6162 6.3170
2.0387 -0.4047 9.3786
4.2047 -2.8363 5.7846
-1.8643 3.1032 14.1144
8.6984 -0.9743 12.0900
-3.5128 -0.8946 5.1962
1.1186 -1.3224 5.9247
5.7527 -1.4231 9.4945
6.2194 -2.5613 7.4960
5.4833 -2.0076 8.1741
2.7276 -2.0568 5.0707
1.9485 -2.6624 4.8278
1.7107 0.3372 10.6675
-0.6403 -1.4802 5.6883
5.0947 0.4879 12.9223
6.4971 -2.5142 7.7501
3.0322 -1.3148 6.3753
-3.1439 -1.3627 4.4766
-10.6634 3.9067 10.6335
6.2675 4.2146 21.0254
-1.8241 -1.4420 5.0808
5.0116 -2.1972 6.6255
7.2339 -2.1632 8.8752
-3.9864 -0.2972 6.1132
-0.6390 6.9338 22.4549
8.2567 -0.2229 13.3321
-3.1206 2.6479 12.4817
3.0913 -2.8018 5.2101
-10.0300 4.9014 12.9815
2.7444 -1.9747 5.3308
5.9066 -2.1962 8.0429
4.7128 3.1033 17.9132
8.6303 1.1997 16.3826
6.7563 -2.3672 8.1928
-7.2675 0.8202 6.4448
0.0627 -1.8868 5.2843
3.4455 -1.2989 6.6236
3.4654 -2.0421 5.2643
5.1154 4.5452 21.0189
0.6785 -1.2665 6.0907
5.3607 -2.7415 6.6410
5.0830 -0.7895 8.2470
-0.8657 -1.4421 5.6342
-2.2869 -1.3423 5.0123
7.0545 -2.4899 8.1207
3.5571 -0.4733 10.1189
8.3299 -1.4995 10.8306
4.1314 -1.7559 6.6960
2.6578 -1.3979 6.1610
2.5106 -1.2421 6.2730
-1.6421 -1.9943 4.0855
5.5459 -0.3697 11.4740
1.2623 -2.7411 4.2747
-2.6293 1.8000 11.0759
-0.5489 -2.4892 3.7306
0.2332 -0.7255 7.6966
3.3934 -1.2771 6.7886
-3.5296 0.6488 8.2619
12.0571 2.7567 21.4642
4.3225 3.7615 18.9994
5.7587 -2.2900 7.7705
6.5463 4.9022 22.5567
3.1660 -2.1392 5.0718
9.3522 0.0183 14.4454
7.4460 2.5427 18.3745
0.6804 -2.9057 3.6108
-13.4708 2.9838 7.1732
-4.9816 -0.2224 5.6875
-0.1797 -2.0694 4.7804
3.6884 -2.7413 5.6755
-5.0616 -0.7835 4.5232
3.5370 -1.1162 7.4373
1.0690 0.1953 10.0141
7.0094 -2.3099 8.4531
2.7094 -2.7028 5.1870
7.6159 -1.7698 9.8797
-11.0181 4.2139 11.0408
-6.5867 0.5406 6.2809
-0.4339 -1.9145 4.9423
4.3734 -1.5856 7.3248
6.8776 0.0184 13.0164
-12.6730 2.8683 7.4039
5.8749 -0.6350 11.1354
1.8647 -2.1724 4.6573
5.8195 -2.9264 6.5376
-2.1897 -0.4731 6.8004
-13.7253 5.9305 12.8979
4.2202 -2.9652 5.5365
9.2502 -0.7842 12.7875
4.7773 -1.5511 7.8700
4.1243 -1.7505 6.6618
-1.1992 -0.9738 6.3748
2.8434 1.7181 14.0734
5.0856 -2.4951 6.4107
4.4262 -2.9313 5.7232
-7.1597 0.5942 6.0566
3.7149 -2.9411 5.2928
7.4619 2.3410 17.9818
4.6044 -2.1149 6.4260
0.7793 2.0593 13.5611
-1.8829 -0.8947 6.1374
3.0001 -0.1452 10.4510
0.2211 3.9070 16.9205
4.1428 -2.9460 5.5301
7.0206 -2.0699 8.9378
1.2090 0.2416 10.1874
4.2085 -2.7782 5.9024
8.4179 2.4403 18.7320
8.9554 1.0032 16.1788
5.8632 -2.2699 7.8710
4.8403 -0.2605 11.2841
2.6328 -2.9410 4.6680
0.8743 -2.6057 4.3204
3.6025 -2.2159 5.3738
-3.0409 -1.2135 4.8333
10.0077 0.9407 16.6619
1.7634 -2.3317 4.4864
-2.3545 -1.6901 4.2801
3.6750 -2.0651 5.3177
-3.1543 3.6207 14.4005
2.4102 -1.5848 5.9256
4.4869 -2.8136 5.9927
5.3028 -2.6964 6.6974
0.1389 -1.7846 5.5320
3.3279 -1.9710 5.2175
3.6677 -2.8362 5.4745
2.8852 -1.5990 5.8540
1.8682 -2.0527 4.9607
2.9918 -2.1591 5.0918
-2.3311 -1.7381 4.1981
9.5434 4.0582 22.6059
-3.5784 -0.4390 6.0662
4.2486 -2.7223 6.0368
5.4719 -2.9461 6.2975
8.2962 -1.6411 10.5290
1.4607 -2.8133 4.2455
-0.8160 -2.3942 3.7657
4.8074 -2.1382 6.4479
2.5473 1.4848 13.4375
6.5511 -0.9219 10.9542
2.9583 -1.4427 6.1251
2.4953 -2.7093 5.0503
-5.2076 -0.1840 5.6334
0.9809 -2.9554 3.6852
5.0315 -2.3959 6.3202
-7.7148 1.8001 8.1389
10.6492 0.5937 16.3411
2.2702 0.0186 10.3558
2.7405 -0.8439 6.9918
8.1370 1.6383 16.9717
7.1906 -2.0330 9.1096
6.5785 -2.3197 8.1848
8.6914 -0.0238 13.9800
4.8293 -1.9401 7.0267
1.6482 -2.3699 4.3343
3.9658 -2.9262 5.4673
8.0341 5.4941 24.5953
0.6430 -1.2057 6.0930
1.9325 -1.7486 5.4733
7.2242 -1.4426 10.3054
4.7129 -2.3015 6.1744
4.7752 -2.4829 6.2319
2.6222 -2.8691 4.8052
1.2577 -2.2015 4.5125
4.5955 -1.3501 8.0613
0.2869 -2.0199 5.1484
7.6051 -0.4395 12.5242
0.7968 -2.7779 3.9325
1.3645 -2.9109 3.9956
6.8317 -2.3099 8.3505
3.0346 -1.7608 5.6293
1.3140 -1.9690 4.9919
7.5569 -0.2229 12.9280
-0.0128 -2.0325 4.9503
1.5567 -2.2430 4.5348
3.2917 -2.8018 5.3258
-1.4167 -1.6064 4.9886
-0.9420 0.1053 8.6734
8.4220 -0.1845 13.5040
-1.0175 -1.6902 5.0522
3.2315 -2.1241 5.0996
3.6466 -1.5931 6.1547
1.8282 -2.0076 5.0301
1.9765 -1.5156 5.9325
5.8520 2.2444 16.8597
0.5207 -1.1865 6.0640
4.3897 1.1997 13.9335
-10.8243 1.8842 6.5106
12.8233 5.0919 26.5598
5.5538 -2.2531 6.7981
8.1016 5.9320 25.5069
-11.2661 6.9329 16.3155
-4.0121 -0.5392 5.6161
6.3839 -2.6764 7.3616
0.5801 -2.7220 3.9188
-10.3113 6.4088 15.8227
3.6825 -0.7550 9.6300
6.9078 -2.7844 7.4489
7.5257 0.7044 14.7576
0.2251 0.4881 10.1102
1.4632 -2.6828 4.5071
-14.2255 5.7069 12.1634
-0.1296 -2.3851 4.1802
5.3410 -2.0059 7.1629
6.7515 -2.7602 7.4069
8.7616 -0.1056 13.8574
0.0691 4.9019 18.8151
5.9372 -1.3220 9.8024
5.7832 0.1051 12.5571
-6.5139 4.0577 13.3309
1.4556 -1.6900 5.4245
2.2691 -2.0370 5.1853
5.7150 -2.9412 6.4476
6.2289 -2.4037 7.8154
1.5105 -0.5066 8.8706
0.8654 -2.5910 4.3446
4.3751 -2.9008 5.7543
4.9663 -0.9020 8.2986
6.9532 -2.7541 7.5356
-1.9090 -0.3694 7.1691
4.4935 -2.7288 6.1656
5.1361 -0.8951 10.1904
5.8496 -2.3389 7.7256
4.9374 -2.2766 6.2401
7.3723 -0.7259 11.8191
0.5498 -1.3708 5.7453
7.8412 5.7084 24.9108
6.8522 4.3769 21.6864
-9.3398 2.2443 8.0857
7.2422 -0.8952 11.4066
2.9506 -2.9110 4.9114
2.8153 -1.5819 5.7990
5.9627 -2.9314 6.6103
4.4010 -2.0700 6.2042
1.1898 -1.2733 6.1190
6.1800 -1.2581 10.0699
2.9922 -2.1826 5.0583
2.7407 -2.8076 4.9961
-7.8805 0.8799 6.2097
1.3243 -2.7598 4.2734
3.5224 0.1952 11.4309
1.3709 -1.8378 4.0277
2.6873 6.9341 24.3765
3.0179 -1.6496 5.6986
15.4339 4.7207 27.3279
6.6520 -2.2389 8.3882
-6.0531 -0.5391 4.4375
1.6243 -2.6961 4.5735
6.5464 -2.7478 7.3132
1.6017 -1.6591 5.5227
10.7194 0.4878 16.1705
6.0848 1.6383 15.7864
6.7872 -2.5989 7.7490
6.9413 5.0916 23.1620
-6.8111 2.9839 11.0197
6.1100 -1.4994 9.5488
4.8413 -2.9009 6.0234
2.4083 -2.8744 4.6710
5.7137 -2.4144 6.7578
4.5255 -2.9060 5.8308
7.0221 -1.0743 10.9226
5.3803 -2.9653 6.2063
5.2165 -2.2996 6.5244
2.4763 -1.6577 5.8045
4.5044 -2.0626 6.4200
3.3791 -1.5388 6.1370
4.4859 -0.6037 10.3956
2.8631 -1.8538 5.4540
3.8648 -2.9604 5.3407
-3.5423 0.8799 8.7150
2.5830 0.0185 10.5364
3.1521 -2.7901 5.2687
7.3772 -1.8444 9.5931
-1.5727 -1.9550 4.2038
-2.8356 -1.4801 4.4207
1.9129 -2.1621 4.7308
5.9258 -2.6628 7.1242
2.6547 -1.4878 5.9287
0.9036 -1.5978 5.7204
-1.0728 -0.6347 7.1234
-0.8723 -0.4391 7.6288
0.4453 -2.1627 4.9555
6.7076 -2.9607 6.9821
4.3586 -1.8485 6.8271
0.1800 -2.7091 3.7135
3.3246 -0.8950 9.1444
3.5863 1.5606 14.1885
-3.0075 -0.7836 5.7094
5.1951 -2.9263 6.1770
5.5291 -2.7962 6.6293
4.2551 1.4109 14.2765
1.9509 -2.7474 4.6599
2.2771 -2.9311 4.4823
6.6374 -2.8906 7.0811
4.8465 -1.8541 7.2959
5.9572 -2.8420 6.7852
4.0457 -2.0790 5.5389
-10.8370 1.4110 5.5605
2.8756 -2.8305 5.0283
8.6351 -0.0238 13.9474
0.8425 2.9840 15.4403
4.3575 -2.7476 6.0493
-5.0766 -0.8119 4.4580
1.5283 1.4848 12.8490
5.6893 -2.4448 6.7285
6.8021 -1.7069 9.5350
6.3705 -2.3672 7.9700
-4.4517 -0.1450 6.1478
2.7251 -1.5342 5.8408
-7.4720 0.1955 5.0820
-5.1568 1.7182 9.4530
-4.6704 -0.4729 5.3680
3.5492 -2.3280 5.4172
