ply
format ascii 1.0
element vertex 10000
property float x
property float y
property float z
end_header
-1.5908 -1.6405 4.8201
-1.8573 1.9705 11.8615
5.2132 -1.9534 7.3063
1.4630 -2.9109 4.0525
-0.8373 -2.3288 3.8838
0.4582 -0.7707 5.5652
-1.6623 2.0593 12.1510
-0.3820 -2.2995 4.2050
5.8878 -1.4231 9.5725
6.0086 -2.8420 6.8149
5.7063 -0.7551 10.7986
-2.4510 -1.0493 5.5013
6.3110 -2.8747 6.9243
3.5530 -2.8691 5.3426
4.4153 3.2264 17.9866
5.5246 -2.7415 6.7357
-8.6175 3.7611 11.5252
2.5640 -2.0449 5.1033
1.4625 -1.7336 5.2978
2.6683 -2.8305 4.9087
2.6749 -1.6483 5.7603
1.6175 -2.3697 4.3160
6.0574 -1.5247 6.5236
6.8868 -2.2284 8.5447
-13.1788 2.6478 6.6724
-2.1732 2.6479 13.0289
1.6395 -1.9109 5.0579
0.9578 -1.8879 5.0593
4.1789 -0.1730 4.5892
6.0711 -2.4303 7.6713
2.1298 -1.6941 5.6357
-1.4148 -1.7381 4.7272
2.4019 -1.8466 5.4044
6.4853 -2.5915 7.5894
11.5079 3.4852 22.5985
1.1574 -2.7719 4.1528
-10.2723 3.3532 9.7566
1.5179 -2.3684 4.3139
1.4705 -1.7169 5.3965
1.1071 -1.3395 5.8899
3.1700 -2.7158 5.4269
2.0164 -2.7349 4.7227
3.6662 -1.9656 5.7802
5.7002 -2.9314 6.4587
0.9355 -2.6692 4.2293
2.9680 -1.6506 5.9444
1.6976 -2.9506 4.1086
-0.3910 -2.4642 3.8717
-7.8562 0.5407 5.5477
4.3591 -2.7224 6.1006
2.0917 -2.9409 4.3556
1.0964 -2.8360 3.9899
-5.0761 0.0617 6.1990
9.5204 6.1659 26.7922
2.2063 -2.7959 4.7108
9.1989 -0.8682 12.5905
1.4850 -1.5004 3.8683
6.3553 -2.7416 7.2153
-0.5016 -1.3217 6.0844
6.9929 -2.7479 7.5710
10.7249 1.0032 17.2006
-7.0741 1.4110 7.7336
11.1938 5.4943 26.4205
-4.1097 2.4402 11.4966
5.5678 -2.6011 6.7572
4.4107 -2.9162 5.7442
5.9708 -1.6373 6.5497
2.8578 -2.8249 5.0294
1.2066 -2.8075 4.1103
3.7818 0.2300 4.9725
3.6519 -2.1319 5.4295
1.9870 -0.3696 9.4189
8.0801 -0.8952 11.8904
5.4757 -2.3027 6.7487
6.7695 -0.6961 11.5304
-0.4981 -0.8677 6.9911
-0.5123 -2.3288 4.0714
12.5174 3.7618 23.7328
6.4786 0.1951 13.1381
1.6950 -1.0200 6.6431
-6.6169 2.2443 9.6582
4.9892 -2.3412 6.4036
4.2215 -1.9248 6.0942
4.1891 -0.2194 5.0291
-5.2817 -0.7546 4.4537
0.8634 -2.9260 3.6761
1.8623 -2.7285 4.6464
0.6113 -2.5685 4.2428
-0.5830 -0.8121 7.0528
1.5123 -1.2717 3.8317
5.0535 -2.2836 6.3885
0.7478 -2.7839 3.8923
4.6457 0.1952 12.0796
2.8327 -0.8678 8.9145
-24.2011 6.9317 8.8427
9.4449 -0.5070 13.4523
3.3127 -2.8019 5.3379
4.1382 -0.2434 5.2096
7.1070 -2.5223 8.0864
0.0311 -2.2066 4.6288
1.3818 -2.6760 4.4735
2.6937 -2.0221 5.1016
2.5742 -2.7721 4.9708
-0.9708 -2.1737 4.1157
4.3117 -2.9362 5.6472
2.5608 5.9317 22.3061
-0.3927 -2.1848 4.4275
1.0293 -2.9260 3.7718
6.1166 -1.3221 9.9060
3.4245 -2.7028 5.5998
1.2389 -1.9411 4.9590
5.8498 -1.6743 9.0500
-0.7617 1.8000 12.1545
3.5747 -2.5702 5.5944
3.0341 -1.7208 5.4971
4.7587 -2.8799 6.0175
-1.8569 -2.0071 3.9359
3.6745 -0.1669 5.2960
2.6079 -1.7868 5.6583
4.3838 -1.9831 6.1635
3.7817 -2.6694 5.8727
3.2342 -1.9489 5.1679
2.2922 -2.3294 4.6952
2.9891 -2.7599 5.2346
8.6846 2.0593 18.1268
2.7567 -2.7475 5.1251
-3.9846 0.3373 7.3786
4.5498 -2.1756 6.1067
2.5026 -2.7599 4.9538
2.1522 -1.3998 6.0884
2.3798 -2.1424 5.0192
5.5226 -2.2067 6.8699
2.4555 -1.0196 6.9677
0.6018 -0.1842 8.9881
1.5060 -0.6656 8.5513
3.2217 -2.8249 5.2395
-4.9326 0.0617 6.2819
5.8241 -2.4272 6.7939
3.7587 0.1372 4.9723
5.3034 -2.5636 6.5779
2.0157 -1.2717 6.2104
3.3555 -2.0606 5.6128
3.5184 6.6658 24.3221
-11.8436 4.2138 10.5640
-11.8757 1.6384 5.4137
1.2203 -2.1598 4.5746
-2.0316 -0.1841 7.4675
4.4554 -0.0103 4.7720
-0.1529 -0.7548 7.4152
-8.7534 1.0675 6.0792
8.3384 -1.4232 10.9875
5.1643 -1.8848 7.3936
2.4756 -2.1556 4.9601
5.4713 -2.9163 6.3566
2.7229 -1.0194 7.0629
2.6652 -0.7642 7.4722
1.3453 -2.4804 4.2464
5.0992 -1.8173 7.5043
-14.3414 6.6644 14.0043
2.4420 -2.2244 4.7891
-9.6086 3.7611 10.9527
4.2776 -0.1921 4.9971
2.0120 -0.6958 8.7831
4.6963 -2.1598 6.4936
1.1749 -1.3877 5.8184
1.4903 -2.8075 4.2741
2.5770 -1.1376 6.9606
3.3317 -1.4200 6.8004
3.9970 -0.2808 5.1369
1.9766 -2.1805 4.7457
1.2234 -2.7026 4.3290
2.7414 -2.9361 4.7406
3.7403 -2.1920 5.5157
-1.3515 -0.9993 6.2358
3.5808 -1.4897 6.7761
-0.4530 -1.9282 4.9040
7.0161 -1.9819 9.1105
-8.7025 1.6384 7.2464
2.1297 -1.0965 6.6149
2.1170 -1.3089 6.2837
-7.3825 -0.1448 4.4554
3.1909 -2.8798 5.1122
4.4076 -0.5719 10.4137
0.5330 -0.2974 8.7230
0.2879 0.4880 10.1465
4.2315 -2.0695 5.8627
-0.0251 -2.6344 3.7439
-4.6044 -0.5715 5.2097
4.4403 -0.0534 4.7699
2.0697 -2.7720 4.6795
7.4983 1.0032 15.3373
10.1894 1.6383 18.1570
3.9423 -2.8135 5.6783
-2.8659 3.4848 14.2963
5.1721 -0.3504 8.0053
4.2332 -0.1143 4.5645
1.5067 -1.4177 3.8256
-4.7957 -1.0244 4.1968
4.2718 -0.2201 4.6589
5.0910 -2.8693 6.2306
1.7770 3.3535 16.7161
-1.7322 -2.0071 4.0079
3.3705 -0.5718 9.8148
2.7564 -2.1847 4.8647
3.0163 -2.6069 5.2969
3.2984 -2.0215 5.0716
2.3144 -1.6102 5.8200
-0.7814 -1.8145 4.9408
-1.3449 -1.4421 5.3575
4.9363 -2.4467 6.2983
-8.2728 0.8202 5.8642
5.6674 1.0672 14.4074
1.3176 -0.4047 8.9623
-5.8205 1.0035 7.6456
13.7849 5.4945 27.9174
-2.2242 -1.7063 4.3232
4.4760 -2.9060 5.8023
7.5512 -1.1688 11.0398
8.2997 0.0183 13.8377
-9.3217 1.6384 6.8888
-8.4891 2.0593 8.2082
4.8127 -1.9116 7.0952
4.3700 -0.1267 4.7194
2.7312 -1.4418 6.1439
0.8320 2.7566 14.9810
5.1209 -1.6973 7.8126
-1.9969 -1.7995 4.2687
8.4805 -0.9483 12.0158
-6.9659 0.8202 6.6190
3.2754 -0.0605 6.4085
6.1825 -2.4815 7.6337
3.8014 0.2175 4.9781
0.7781 -2.9649 3.5491
5.7788 -2.7352 6.8950
1.4963 -1.2400 3.7011
2.9707 -1.3168 6.6208
3.2321 -2.8249 5.2455
-12.1866 2.6478 7.2454
4.9888 -2.1962 6.5305
4.7303 -1.2490 8.4951
3.3145 -2.9459 5.0519
2.7297 -2.7599 5.0848
-2.1905 -0.7836 6.1812
8.7784 6.1658 26.3636
-7.0566 4.3763 13.6524
2.0558 -1.7772 5.4470
3.7370 -0.6349 9.9008
4.5991 -2.0271 6.7040
1.5524 -1.8143 5.1904
3.5957 -2.1631 5.3854
-0.8597 1.0673 10.6379
7.5443 -1.4035 10.5682
-9.1052 1.8001 7.3359
-6.1921 -0.2223 4.9885
5.6001 -2.3613 6.6529
5.2817 -1.6906 8.6894
-22.9965 6.4078 8.4945
7.6348 -1.1688 11.0881
-0.4926 -1.7064 5.3230
-2.4940 -0.8400 5.8935
4.2284 -0.5396 10.3746
-0.3845 -2.5983 3.6083
5.6282 -2.4022 6.6510
2.9841 -2.9651 4.8228
3.0565 -0.0236 10.7260
-3.9536 0.3866 7.4946
4.3598 -0.2107 4.8899
-4.2702 -1.0492 4.4508
-12.0623 2.2443 6.5132
9.5633 1.0671 16.6573
5.2531 -2.8020 6.4582
3.7198 -0.5067 10.1464
4.9484 -1.1193 8.3894
5.0980 -1.8392 7.4474
-6.9401 5.0908 15.1434
4.3434 -2.2792 5.8430
2.9242 -2.8361 5.0452
8.4297 -0.3698 13.1392
-12.3219 2.6478 7.1673
3.8760 0.4391 5.0879
6.1771 -2.4477 7.6980
7.0130 -2.4563 8.1635
5.2594 -0.1726 7.9369
4.6756 -2.7600 6.2084
-2.7573 -1.2792 4.8663
7.5760 -0.4050 12.5762
3.0811 -2.1076 5.0980
-0.4726 -2.2173 4.3167
4.4014 -2.0894 5.8410
-10.2635 3.1030 9.2632
-10.0885 1.2000 5.5722
9.8437 2.0593 18.7962
-0.5130 -1.7224 5.2794
2.7242 0.1952 10.9700
-0.0264 -0.8948 7.2094
0.2874 -0.6347 7.9089
1.7184 -2.2670 4.5875
4.0040 -0.8123 9.7015
5.0872 -2.5862 6.4749
6.8708 -0.3698 12.2390
6.0910 -2.6349 7.2752
5.9544 -2.1853 8.0922
-0.1335 -1.0494 6.8394
1.7470 -0.6656 8.6904
7.7322 -1.9013 9.6849
5.8635 -1.1456 10.1113
6.4136 -2.9062 6.9209
-2.3771 0.7046 9.0389
3.1915 -2.0035 5.0941
5.8985 -2.8906 6.6546
11.4477 2.5427 20.6858
5.7053 -2.7540 6.8152
4.1125 -2.8746 5.6550
4.3031 -0.2333 4.6825
3.1837 -1.9735 5.3471
1.2799 -1.9234 5.0401
4.6194 -2.9263 5.8447
2.3882 -1.2995 6.2893
5.0894 -2.7030 6.5611
3.7783 -2.7600 5.6903
2.9278 -1.6813 5.7482
4.9351 -2.5490 6.3606
2.6401 -1.3446 6.3288
3.8538 -2.1476 5.5241
8.4713 -1.1689 11.5710
7.1614 -2.3485 8.4640
8.3984 -0.1454 13.5683
5.7041 -2.8079 6.7070
-0.2218 -0.5065 7.8703
11.4780 2.3410 20.3013
0.5723 -2.6415 4.0747
2.3201 -1.6737 5.6197
1.7917 -2.6895 4.6834
7.0566 -2.0454 9.0074
4.4862 -2.1981 5.8676
-7.5148 4.5447 13.7233
4.2076 -2.2951 5.7748
4.7213 -0.0649 11.6050
5.9406 -2.7601 6.9387
-5.2110 1.4110 8.8096
1.3694 -1.8288 4.0803
9.2600 1.6383 17.6202
2.2283 -2.2775 4.6481
0.9434 -1.1032 6.2957
-0.3223 -2.5217 3.7968
1.4962 -1.6463 5.4873
6.1898 -1.7068 9.1815
3.7228 0.1188 4.9551
5.9576 -2.8585 6.7525
5.7044 -2.5389 6.8100
-4.8255 1.8841 9.9751
4.1637 -0.2694 4.7247
-0.9824 -1.7064 5.0402
1.5714 -2.9458 4.0455
5.8020 -0.6350 11.0933
4.1313 -2.6249 5.9520
-8.1337 2.9839 10.2558
0.2721 -2.6893 3.8061
3.3864 -0.0826 6.0280
4.3602 -0.0553 4.7025
6.8920 -1.2582 10.4811
4.2375 -0.0510 4.6245
-27.0908 6.9315 7.1733
6.0734 -2.7724 6.9911
3.9930 -1.9818 5.9330
2.1834 -2.4410 4.7248
8.5821 3.4851 20.9086
3.8648 -2.9604 5.3407
6.1051 -2.5914 7.3699
1.5545 -1.2359 6.3681
0.7038 -1.5670 5.4989
-2.5226 -1.5714 4.4197
5.1850 -2.2014 6.7383
1.4992 -2.9602 3.9749
11.0455 2.2444 19.8591
4.3945 -2.7600 6.0461
5.7842 -1.9421 8.4784
8.3071 -0.6038 12.6021
3.6995 -1.6295 6.6415
5.6651 -2.3439 6.8657
-1.8699 -2.0571 3.8287
4.3151 4.5452 20.5566
6.4378 -2.5915 7.5620
0.4488 -2.3094 4.6651
3.6719 -2.4962 5.5972
4.1866 -2.3605 5.8057
5.7251 -2.8079 6.7192
-2.5809 1.1998 9.9079
1.3024 -2.0060 5.0129
1.9394 -2.4753 4.6059
4.9364 -2.2485 6.2931
3.6019 -2.3835 5.4944
5.3377 -2.1415 6.9819
3.2127 -2.3436 5.2319
5.6672 0.1051 12.4901
7.6243 -0.6351 12.1456
3.4972 -2.7350 5.5776
3.7936 0.8200 12.8326
6.4568 -2.8586 7.0408
3.1950 -2.9262 5.0223
-1.7816 -1.3830 5.2230
6.8364 -2.1853 8.6015
1.2565 -2.2383 4.2767
2.4536 -1.7566 5.4892
1.9543 -2.5516 4.6459
5.5161 1.3388 14.8610
2.8509 -2.1562 5.0359
7.9601 -1.9151 9.7890
5.7293 -2.7225 6.8918
8.3509 -1.4808 10.8800
3.0806 -1.7071 6.1675
-3.8308 -0.3693 6.0593
-3.9347 -0.3693 5.9993
-0.9664 -1.8293 4.8045
-4.3844 0.3866 7.2459
4.1204 -1.9478 6.1758
3.1579 -1.8581 5.3200
2.6873 6.9341 24.3765
4.0421 -1.4933 7.0761
3.8492 -2.1900 5.4787
6.7178 -2.6350 7.6370
5.6478 -2.7903 6.7096
5.2164 -2.2992 6.5232
-1.2136 -2.2172 3.8888
5.3124 -2.7662 6.5638
3.6427 -1.6424 6.4796
-1.7556 -1.9813 4.0457
3.9094 0.5939 12.4489
4.4629 0.0112 4.7731
4.6880 -2.0947 6.5895
1.3037 -2.2565 4.4272
4.4466 -1.2594 8.1134
0.7647 -2.6692 4.1307
2.6716 -1.1350 6.9171
1.2608 -2.9408 3.8759
-7.8572 3.4847 11.4133
5.4991 -2.8251 6.5544
4.5812 -2.0943 6.2199
2.8023 -1.9665 5.3834
-3.1685 3.4848 14.1215
3.7017 -2.0161 5.7061
1.1187 -2.0463 4.7692
-2.1659 -1.4989 4.7702
3.3702 1.0033 12.9533
4.0080 0.7396 5.2601
3.1509 -1.9092 5.5175
-3.2658 -0.4045 6.3155
5.5790 -1.4231 9.3942
3.4827 -2.4111 5.4334
5.7039 4.0581 20.3881
-2.4175 -1.7381 4.1482
-0.7328 -0.6347 7.3198
0.7514 -1.3680 5.8215
3.9654 -2.7476 5.8230
-8.2555 0.4883 5.2127
4.8031 -2.8307 6.1412
4.4314 -2.8638 5.8605
4.4107 -1.1455 9.2724
-1.1546 -1.7538 4.8463
4.7005 -2.7159 6.3106
-0.5168 -2.0072 4.7097
4.0791 -0.2415 4.9836
4.7134 -1.7611 7.3364
3.7208 0.2214 4.9401
-0.9103 -1.6405 5.2130
2.1036 2.0593 14.3259
2.3412 -0.9424 6.6520
5.0317 -1.5827 7.9728
6.2604 -2.7663 7.1112
-0.5931 -2.1737 4.3338
0.1204 -2.7658 3.5661
3.8060 -2.8692 5.4887
3.5689 -2.1684 5.3844
6.3672 3.2264 19.1140
-0.5741 -2.3667 3.9603
4.0370 -2.7961 5.7678
6.1010 -2.0204 8.5055
0.7993 -1.5140 5.5724
1.8463 -2.6693 4.7552
3.1648 -1.9699 5.4128
8.4359 -0.9483 11.9901
-20.4541 4.3757 5.9137
-3.5138 -1.4611 4.0669
8.0494 0.5938 14.8397
-0.0837 -2.7025 3.5743
7.6605 -1.2142 11.0126
8.6273 -0.9999 11.9980
5.7750 1.6383 15.6075
2.7693 -1.5953 5.7620
5.8141 -2.3947 7.5939
-1.9096 -1.0493 5.8139
2.6697 3.3535 17.2318
6.2445 -1.3010 10.0217
1.5507 -2.9409 4.0433
-6.1747 0.0189 5.4791
5.3563 -2.9461 6.2308
-1.7520 -1.6405 4.7270
3.1293 -2.8956 5.0453
6.3798 1.4108 15.5035
4.5929 -2.2053 6.0438
1.6805 -2.2858 4.5473
3.6048 -1.3361 7.0102
6.1659 -2.7784 7.0325
3.3831 3.7615 18.4568
2.7585 -2.9211 4.7802
3.5388 -0.9740 9.1106
0.9206 -1.5270 5.5918
-5.2085 0.2418 6.4814
1.4402 -1.4764 3.8264
4.0668 0.6421 5.2009
4.4226 0.0196 4.7514
5.4525 -2.5052 6.6451
15.5226 5.2892 28.5118
3.0136 -2.4272 5.1718
-13.9706 4.5444 9.9942
4.3889 -2.1682 5.7938
-0.5033 -2.2895 4.1548
-5.1787 0.2418 6.4987
3.5047 -2.1263 5.4675
-26.6573 6.9315 7.4237
1.7130 -2.8191 4.3797
6.7807 0.0613 13.0459
12.9061 4.9026 26.2304
3.1882 -1.7469 6.0187
1.2644 -2.1671 4.1860
5.4557 -1.3428 9.4830
4.5298 -1.9858 6.6152
4.1759 -0.0020 4.6119
4.4214 -2.1172 5.7993
-3.9288 -1.2791 4.1898
5.5178 -2.8639 6.4878
4.3260 -0.9218 9.6694
-1.4395 -2.2278 3.7372
-1.1416 -1.9814 4.4003
3.4510 -1.8805 5.7915
4.6208 -1.5107 7.7445
3.1381 0.1952 11.2090
0.4932 -0.1842 8.9254
4.3471 -2.8306 5.8779
-11.6108 3.3532 8.9835
0.9240 -2.9005 3.7617
4.0776 -0.2082 5.1256
8.4188 -0.4735 12.9263
1.8837 -2.0806 4.9225
-13.7912 5.9305 12.8599
0.6053 -1.4383 5.6519
16.1691 5.7089 29.7216
-7.5319 1.1329 6.9151
5.4725 -1.7068 8.7673
4.0976 -0.0822 4.5942
4.3466 -0.1896 4.7832
-5.2034 1.1999 8.3934
-6.7371 2.4402 9.9791
1.1571 -2.8133 4.0702
3.2265 -1.8931 5.7146
6.4525 -2.8854 6.9849
0.2145 -2.5684 4.0137
5.0006 1.0672 14.0223
-17.0868 5.9303 10.9560
-0.6957 -1.7996 5.0200
3.0790 0.1952 11.1749
-0.2964 -2.2896 4.2743
6.1003 -2.4477 7.6536
4.4382 -0.1580 4.7765
10.1051 2.9842 20.7901
1.4743 -1.3381 3.7538
1.4233 -2.7958 4.2587
-4.7522 -0.9213 4.4273
6.6194 -2.7161 7.4185
8.3913 0.8796 15.6067
0.8035 -2.6415 4.2082
-1.9051 -2.0448 3.8330
1.2466 -0.1452 9.4384
7.0087 -2.4732 8.1273
5.1604 -2.7783 6.4520
2.5085 -2.1171 5.0551
4.4886 -1.4981 7.7254
0.0374 -2.6057 3.8373
4.2339 0.0134 4.6144
-10.4278 2.6478 8.2613
7.2585 -2.3948 8.4279
4.0646 -2.5445 5.8760
3.5583 -2.8637 5.3564
6.1135 1.8000 16.1252
-6.9031 0.5942 6.2048
3.8919 -0.2542 5.1009
1.6873 -2.7349 4.5327
2.1129 -2.9160 4.4175
6.5289 1.4108 15.5897
-0.4875 0.2890 9.3020
2.4644 -1.0767 6.7756
-0.4256 -2.0815 4.6144
-3.4223 -1.4801 4.0820
5.9439 -1.6577 9.1373
6.5859 1.4848 15.7699
1.8520 -0.2227 9.6336
-9.0816 0.4370 4.6334
4.7167 -1.4041 8.0734
1.9004 -2.1091 4.8029
6.4390 -1.8872 8.9660
-3.2909 1.2685 9.6347
6.4427 -0.4049 11.9218
5.9120 -2.8308 6.7815
2.8548 -2.7900 5.0970
11.6411 3.9074 23.5168
2.2528 -2.9007 4.5289
5.8840 -1.9969 6.7386
6.1137 -0.1844 12.1711
-2.2907 -0.6956 6.2986
3.7981 -1.3335 7.0848
8.5659 2.6481 19.2314
4.8954 -1.1005 8.4219
3.9859 -1.5605 6.9007
9.0146 1.5605 17.3235
-5.8526 3.7612 13.1222
-4.7657 -0.3693 5.5194
4.4902 -2.7902 6.0412
2.3122 3.1033 16.5267
1.3567 -2.8416 4.1291
5.4080 -1.4034 9.3347
5.0818 -0.1844 11.5752
5.1555 -1.4034 9.1889
1.1718 -2.7348 4.2350
3.6991 -2.1809 5.3680
2.2691 2.0593 14.4215
3.5188 -1.6024 6.5756
1.5351 -1.3030 6.1572
4.3885 -2.8307 5.9019
4.9774 -2.6830 6.5361
6.0419 -0.8951 10.7135
-4.2204 -0.3693 5.8344
1.0558 -0.6958 8.2310
3.1341 -2.9161 5.0072
9.3550 1.7181 17.8340
4.4033 -2.7224 6.1262
6.3267 -1.1456 10.3788
7.0582 0.9407 14.9586
5.2541 -2.7224 6.6174
6.3067 -0.9742 10.7089
1.2375 -2.7092 4.3241
2.4119 -2.9360 4.5503
-1.5453 -1.6902 4.7474
3.3346 -1.5606 6.3976
-0.2056 -2.5375 3.8327
-0.7968 -1.5537 5.4516
3.7434 -2.8135 5.5635
2.2786 5.2884 20.8613
3.7090 -2.8362 5.4984
6.4718 -2.8420 7.0824
-2.2935 -0.9478 5.7946
4.1458 -2.1387 5.7006
-0.1360 -2.5983 3.7517
2.0159 0.5404 11.2488
3.0898 -0.2227 10.3484
0.9640 -2.9159 3.7542
9.5980 2.2444 19.0232
-12.3007 4.7194 11.3074
-5.9860 -0.2601 5.0324
1.7380 -2.2849 4.5780
3.7706 -2.1569 5.5349
1.3596 -2.8743 4.0656
-11.6379 3.4846 9.2296
-0.8028 -0.0234 8.4973
6.5872 -2.2699 8.2891
0.5423 -2.6894 3.9620
-8.8212 6.1645 16.1965
3.4357 -1.0193 7.4376
-1.0153 -2.0199 4.3965
4.6444 -1.6070 7.6524
0.9857 -1.5879 5.5317
-0.4325 -2.5608 3.6553
4.5011 -2.4461 6.0459
3.5388 -1.6365 6.4861
0.4512 -2.8415 3.6062
3.2339 -1.8954 5.7283
-2.7486 0.9409 9.2951
6.3592 -2.7225 7.2555
-8.4608 0.3375 4.7937
5.4823 -2.6964 6.8011
-0.1926 -1.5715 5.7650
5.2207 -0.6037 10.8199
4.1781 -1.6492 7.0549
0.9096 -2.8190 3.9159
-0.2667 -2.1052 4.6587
8.7893 -0.1056 13.8733
12.0108 2.4404 20.8071
3.5388 -1.7015 6.2178
3.2856 -2.1008 5.1964
7.1180 -2.2390 8.6572
-13.4043 2.6478 6.5422
1.3056 -2.2597 4.4374
-0.2071 -0.2973 8.2956
1.9855 -2.9507 4.2749
-1.7517 -2.0448 3.9215
1.2883 -2.2814 4.4888
4.7512 -2.8307 6.1113
-0.2323 -1.9944 4.8995
0.4483 -2.2896 4.7043
4.2656 -0.2052 4.6543
-2.9842 -0.7836 5.7229
2.4908 -2.9007 4.6663
6.0789 -2.5536 7.4302
-11.5141 4.5445 11.4132
3.3048 -1.2952 7.0444
5.9115 -2.8853 6.6725
-0.6374 -1.6064 5.4386
6.5033 -2.4898 7.8024
5.1013 -2.6897 6.5943
-4.0529 -1.0978 4.4795
5.0778 -2.9313 6.0994
-0.0039 -0.7255 7.5597
-12.5084 1.9705 5.7100
4.0634 -2.8418 5.6918
6.4663 -2.5222 7.7164
-0.7413 -2.3191 3.9585
5.0856 -2.1144 6.8867
2.3779 -2.1839 4.8069
5.9079 0.1496 12.7179
4.9763 -2.1373 6.7139
3.5408 -2.7476 5.5778
6.4876 -2.8906 6.9947
-6.3384 -0.2971 4.7550
8.3211 -0.7259 12.3670
-13.1453 6.9327 15.2298
5.8553 -2.2900 7.8262
5.6290 -2.8906 6.4989
7.0400 -2.1175 8.8543
3.3160 -1.8452 5.8605
6.2234 -1.8588 8.8981
3.2517 -2.0799 5.4882
2.4208 -1.3762 6.1667
7.8322 -0.9220 11.6940
0.6960 -2.4386 4.5504
-1.9734 -0.8947 6.0851
-1.8110 -1.7995 4.3760
-1.3006 -1.9683 4.3346
2.6479 -2.9507 4.6574
-0.6177 -2.4557 3.7577
4.3922 0.1118 5.3012
8.6387 0.4365 14.8666
4.1674 -1.0983 9.2261
-17.4827 5.4925 9.8552
-0.0405 -2.2066 4.5875
1.5786 -1.2477 6.2161
2.5362 -2.6254 5.0322
1.4115 0.0615 9.9454
2.5411 -1.2062 6.2610
4.5417 -2.7842 6.0828
4.3312 -0.0974 4.6940
1.3080 -1.8586 5.1953
-0.5242 -2.0449 4.6303
7.6828 0.8199 15.0785
6.0791 -0.9219 10.6817
6.6918 -2.1853 8.5180
7.9723 -1.4808 10.6614
-0.7126 -1.7996 5.0103
5.0356 1.0672 14.0425
3.1703 -1.6522 6.1692
0.8703 -2.7597 4.0113
3.9210 -0.1304 5.0044
2.0848 -2.8902 4.4526
4.1219 0.4081 5.1710
6.2736 1.2684 15.1583
3.4726 -1.5488 6.6441
7.5383 -1.8151 9.7446
0.7006 -2.7779 3.8770
-13.4237 3.9066 9.0392
5.3294 -2.8905 6.3260
-2.1509 -0.6034 6.5632
1.8685 -0.6958 8.7003
11.4500 1.4108 18.4317
3.9992 -0.0717 4.8036
-0.7411 -0.7548 7.0756
4.2720 -2.8250 5.8459
-1.7594 -0.4731 7.0489
2.3614 -2.2515 4.6888
6.4633 -2.3484 8.0610
5.2919 -2.1371 6.9875
7.2379 -2.2178 8.7686
3.5536 -2.6829 5.7140
6.7844 -2.1962 8.5497
3.7231 -2.6829 5.8119
6.7369 1.4848 15.8571
10.3477 1.2683 17.5112
-0.6781 -0.8401 6.9421
9.2399 2.1506 18.6293
5.0006 1.5606 15.0054
1.3122 -2.9260 3.9352
8.0198 1.3387 16.3070
0.7087 -2.9159 3.6068
4.9441 -2.2516 6.4780
4.3796 0.1952 11.9260
5.3153 -2.4318 6.4827
6.3701 -1.4231 9.8510
4.5076 0.1051 11.8204
1.2981 -1.7960 5.2837
-0.0472 -0.4046 8.1741
2.8133 -1.6987 5.6179
4.5519 -2.1670 6.0142
9.6171 0.3862 15.3315
-6.7549 1.9705 9.0329
8.7833 0.0183 14.1169
6.1014 1.1327 14.7885
4.4885 -2.0931 6.1229
6.3358 -2.7663 7.1547
0.6863 -2.4033 4.6152
4.0760 -2.7094 5.9630
8.4548 -0.9743 11.9493
4.1399 -0.0362 4.5196
5.3484 -1.2362 9.6333
4.8016 -1.5993 7.6820
0.1440 -2.6960 3.7189
0.3607 -2.4211 4.3918
-2.9997 -0.9214 5.4392
0.6959 -2.7719 3.8863
4.8588 -2.8746 6.0859
-4.3971 -0.6653 5.1426
-0.9265 -2.1513 4.1859
6.3606 -0.2606 12.1620
4.5577 -2.8799 5.9014
3.1047 -2.9161 4.9901
4.3258 -0.1525 4.6871
-12.0125 6.6646 15.3498
-1.0002 2.5426 13.4963
3.2837 -1.9570 5.6763
-5.1421 3.9069 13.8227
3.2690 -2.4467 5.3360
-0.2827 -1.7064 5.4442
2.3246 -2.9360 4.4999
-2.6694 2.6479 12.7422
5.2515 -2.2142 6.7356
0.1435 -2.6057 3.8985
-2.4937 -0.6033 6.3652
-1.7565 -1.6235 4.7582
-0.5043 -1.6739 5.3810
4.8898 -2.8852 6.0826
1.1506 -2.9159 3.8619
3.7830 -1.7256 6.4980
-2.8545 -1.4801 4.4098
-7.3573 0.2419 5.2405
2.8713 -2.0964 5.1996
3.4617 -2.4111 5.4212
4.5854 -1.5851 7.5849
10.4806 1.4108 17.8718
4.3484 0.0752 5.2820
5.0634 -2.0086 7.0133
2.5980 -2.9555 4.6189
0.0617 -2.5835 3.8954
1.3737 -2.3491 4.3370
-0.2348 -2.3479 4.1936
3.7519 -1.3429 6.9466
2.4862 -2.4819 4.9084
-2.1402 -0.1841 7.4048
12.1950 2.2444 20.5230
1.5427 -2.8797 4.1606
6.3290 -2.9010 6.8824
0.5585 -2.7091 3.9320
1.8133 -1.0196 6.5999
0.4740 -0.7155 5.5375
-1.1252 -1.6405 5.0889
6.2905 -1.2363 10.1773
6.1320 -2.0204 8.5234
1.0231 -2.9006 3.8189
1.9807 -1.8146 5.3621
3.1560 -1.1915 7.1533
4.3441 -0.0553 5.2973
-4.7816 0.0188 6.2836
9.3296 0.7043 15.7994
-8.2533 0.8799 5.9944
3.8905 1.0033 13.2538
-0.3031 -2.4298 3.9910
3.1761 -2.8305 5.2018
1.4047 -1.7689 4.0012
4.4009 -2.8904 5.7899
10.8290 1.0032 17.2608
1.6552 -2.4373 4.3830
7.1650 -2.1743 8.8132
2.4685 -2.7660 4.9219
6.7219 -2.8195 7.2717
7.3936 -1.7698 9.7513
3.8377 -2.2368 5.5033
4.8314 -2.9009 6.0177
2.1435 -2.2626 4.6861
9.6591 -0.1455 14.2963
4.2786 -0.0367 4.6625
-3.5534 2.2444 11.4276
0.8246 -2.6202 4.2629
1.3451 -1.9232 4.0698
6.5513 -2.7663 7.2791
4.3882 -1.9889 6.1408
0.3712 -2.7348 3.7728
-5.1653 -0.8946 4.2420
3.8217 -1.2979 7.3898
0.5911 0.7617 10.8668
4.2006 -2.7842 5.8859
5.2735 -2.3480 6.4615
0.8713 -1.5888 5.4731
0.6383 -2.8190 3.7592
7.5478 -2.0455 9.2910
2.2812 -1.5719 5.8779
2.1201 -1.3807 6.0484
2.8691 -1.5897 5.6837
2.5720 -1.8466 5.5700
9.5774 4.9024 24.3076
-0.0758 -2.2896 4.4017
-1.8362 -1.9281 4.1053
-2.8153 0.3865 8.1520
-2.7114 -1.7380 3.9785
1.3351 -2.8133 4.1730
5.8404 -2.3947 7.6091
3.1072 -1.7625 5.8971
-1.9560 -2.0324 3.8283
-2.3716 -1.8582 3.9354
7.6677 0.1050 13.6453
5.7215 -0.4049 11.5053
4.4454 -2.4529 6.0293
2.4476 0.7616 11.9389
-0.2732 -1.7996 5.2640
3.9027 -1.6786 6.4696
3.7923 -1.9611 5.9855
-3.2182 1.2685 9.6767
1.2487 -2.8954 3.9595
4.3302 -0.2004 4.9512
3.8707 -0.1772 5.0766
0.8206 -2.9209 3.6613
7.8901 -1.7851 10.0076
3.8970 -2.8692 5.5413
6.2060 -2.1742 8.2595
-0.0814 -2.1285 4.7193
4.4402 -2.9162 5.7612
4.2273 -1.4368 7.5072
1.5215 -1.7714 5.2762
3.4666 -1.3538 6.9310
6.5609 -0.9998 10.8048
-1.0166 -1.8293 4.7756
5.7209 -2.7160 6.8998
1.2755 -2.9310 3.9041
5.1226 -2.8530 6.2814
1.3834 -1.7962 4.0071
-10.1777 1.8001 6.7165
0.5779 -2.8796 3.6036
7.1941 -2.1743 8.8300
4.8455 -2.1530 6.6450
-1.8867 -1.7223 4.4862
5.4926 -1.5895 9.0127
1.4935 -2.7092 4.4719
7.5915 2.3410 18.0567
1.5420 -2.8416 4.2360
-1.1195 -0.6957 6.9749
4.9798 -2.8746 6.1557
7.8738 -1.8002 9.9681
3.6766 -2.6963 5.7585
-11.0631 1.6384 5.8830
5.0487 -2.9263 6.0925
6.9729 -1.1916 10.6604
-12.8143 5.2875 12.1428
4.3904 -0.2057 4.8747
0.4286 -2.0935 5.0838
1.4033 -1.6411 5.5156
0.7592 -2.8132 3.8405
-3.0687 -0.8400 5.5617
4.2913 0.3378 5.3059
7.0624 -1.5362 10.0256
5.3419 -2.3114 6.6610
-15.4707 2.7564 5.5650
2.7083 6.1654 22.8570
-1.8546 -1.9682 4.0147
6.3451 -2.9607 6.7728
-1.1972 -0.0234 8.2696
4.8473 -2.9605 5.9080
4.2146 -2.8135 5.8355
3.1188 -2.7599 5.3095
8.2344 0.4365 14.6332
6.0157 -1.5541 9.3853
6.2851 -2.9413 6.7767
1.1798 -2.7285 4.2523
3.5758 -2.8135 5.4667
9.6367 0.5402 15.6497
1.4052 -1.7616 4.0179
1.1348 -0.9216 7.8267
4.1855 -1.9139 6.1331
1.9101 -2.3287 4.4728
0.5773 -0.4852 5.4433
0.8446 -1.7633 5.1170
2.8827 3.4849 17.6166
-8.8236 1.0675 6.0387
1.5288 -2.3523 4.3713
6.8533 -2.6832 7.6192
-2.1151 -0.9478 5.8976
2.1283 -2.3284 4.5982
6.1086 -2.9314 6.6945
1.8823 -2.5497 4.6001
4.0621 -2.9557 5.4642
2.5143 -2.3625 4.8452
-1.5302 -0.0647 7.9950
1.9557 0.1952 10.5262
2.2601 -2.7900 4.7536
3.7322 3.2264 17.5921
6.0150 -2.8958 6.7114
-2.2671 -1.3423 5.0237
-0.6534 -1.5891 5.4639
5.4515 1.0033 14.1552
-1.0629 0.4881 9.3664
2.4009 -1.0182 6.5386
1.9847 -2.8582 4.4587
3.4462 -1.3372 6.9351
-14.1137 3.9066 8.6406
7.0744 -2.1291 8.8511
2.7326 2.9841 16.5319
-11.1940 5.7071 13.9147
-6.6851 5.4932 16.0926
7.4893 -2.1291 9.0906
0.0300 -0.4046 8.2188
6.5925 6.9344 26.6327
5.0129 -2.0054 7.0298
1.4115 -1.5263 5.7041
5.4939 -2.0234 7.2625
-0.3826 -1.4227 5.9519
-8.8662 2.5425 8.9533
1.1156 1.0033 11.6512
3.5486 -1.4835 6.8619
1.4019 -2.9554 3.9283
2.6219 4.0580 18.6079
-8.6859 3.3532 10.6729
-1.9869 -0.3694 7.1241
3.9069 -1.9397 6.0214
4.8781 -2.8639 6.1185
-6.8074 5.7074 16.4487
-3.7425 -0.6033 5.6441
3.4272 -2.4800 5.4755
0.6730 -2.8360 3.7454
2.2565 -2.1356 4.8491
-14.6345 3.3531 7.2370
1.4087 -2.7536 4.3344
0.3932 -1.1395 5.7799
4.0486 -0.1842 5.5317
8.6613 -0.8126 12.3908
1.6951 -2.7780 4.4512
2.4778 -2.3127 4.7905
-3.9048 -1.1451 4.4708
2.7222 -2.0518 5.0917
2.8789 -1.6159 5.9654
7.7722 -1.9820 9.5471
6.0794 -2.4390 7.6587
0.6926 -2.7535 3.9210
5.6202 -0.0237 12.2064
1.7253 -2.7659 4.4927
2.5092 -1.0779 6.8839
6.7027 -2.8476 7.2046
3.3250 -2.0268 5.6612
-16.4659 4.2137 7.8941
7.5540 -0.4395 12.4947
6.1740 0.8199 14.2072
4.7219 -1.4722 7.9795
1.2260 -2.6827 4.3701
7.4989 -1.0985 11.1498
-1.4683 -2.0814 4.0123
-12.6322 2.7564 7.2045
4.5875 -2.4165 6.0837
5.7316 3.7616 19.8133
4.7899 -2.0784 6.5459
4.6227 -1.6273 7.5235
7.2031 -2.5459 8.0947
2.3150 0.7616 11.8623
-4.8977 5.2880 16.7159
1.3436 -2.3056 4.3377
3.3598 -2.0520 5.6306
2.5588 2.0593 14.5888
1.6323 -2.7840 4.4030
2.9296 3.9071 18.4850
9.0672 0.7044 15.6478
-3.5057 -0.6653 5.6573
7.1495 -2.4478 8.2594
-2.3459 -1.8438 3.9789
4.2259 -1.4182 7.7267
7.0688 -0.4395 12.2145
1.4202 -2.2371 4.5140
8.5640 -1.2364 11.4901
3.1909 -1.9609 5.4415
3.4235 -1.5314 6.4719
-2.1658 0.9409 9.6317
3.6393 -1.7465 6.4460
-0.0674 -2.5297 3.9282
2.3025 -2.6077 4.8867
7.2825 -1.3633 10.4971
6.1590 -2.8476 6.8907
0.1483 -1.9145 5.2784
4.1199 -1.7081 6.6802
7.5179 -2.2597 8.8468
4.3254 -0.1673 4.6880
7.0291 -2.1963 8.6910
-3.8388 0.1500 7.0894
4.2791 0.7045 12.8827
-0.1101 0.0615 9.0667
-0.5063 -2.0325 4.6654
-0.5675 -1.6236 5.4448
5.0212 -2.3467 6.3427
0.0067 -2.3760 4.2772
5.9185 -2.8906 6.6661
4.6799 -1.0983 9.5220
14.4801 5.4945 28.3190
1.2662 -2.8902 3.9800
5.4367 -2.8251 6.5184
6.6320 -0.1056 12.6276
5.2167 -2.9112 6.2197
-3.0590 -1.3422 4.5664
5.1896 -1.8908 7.3610
-3.4267 -1.4028 4.2333
4.2317 -1.4524 7.4817
-0.0418 -2.5760 3.8506
-2.9480 -0.9737 5.3649
-5.8287 6.4092 18.4123
4.7934 -1.8430 7.2083
7.8147 -1.6744 10.1846
-2.3619 2.2444 12.1157
-6.2564 3.3533 12.0761
-0.3724 -0.5065 7.7833
-1.1767 -2.3191 3.7071
0.4056 -2.0815 5.0943
5.3865 4.2145 20.5165
5.1703 -1.9824 7.2101
5.9654 -1.5959 6.5592
4.3601 4.7202 20.9313
-20.1014 6.4080 10.1669
-0.4602 -1.1912 6.3683
2.5275 -2.7841 4.9198
3.9394 -2.4966 5.7525
-0.2314 -2.3384 4.2145
-14.7382 2.7564 5.9881
14.8247 5.0920 27.7159
5.2002 -2.1557 6.8145
4.3014 -2.2809 5.8233
0.5311 -2.2896 4.7521
1.2942 -2.0574 4.1300
-4.4049 -0.8119 4.8458
2.2721 -1.4764 6.0564
1.7625 -1.8150 5.3154
3.2194 -1.9333 5.1862
-1.8418 -2.0933 3.7729
-1.6633 0.2890 8.6229
5.7712 -2.3355 6.8091
1.4187 -2.5331 4.3513
11.6209 4.3771 24.4410
0.9177 -1.5151 5.6517
-2.4341 0.1499 7.9006
2.9631 -1.9861 5.2636
2.1045 -2.7286 4.7862
-2.1529 -1.3830 5.0086
-9.5953 1.0675 5.5931
-0.1054 -1.0246 6.9052
-2.5069 -0.0647 7.4310
2.2868 1.5606 13.4380
4.9830 -1.0991 8.3959
3.8940 -1.8751 6.2647
2.8867 -0.6349 9.4099
-2.6652 -1.3005 4.8770
4.4696 -2.9162 5.7782
5.2983 4.9022 21.8357
8.9215 -0.6962 12.7730
3.3978 -2.8135 5.3639
1.3053 -2.1015 4.7095
8.7892 2.2444 18.5560
12.3370 2.5427 21.1994
4.0220 -2.8584 5.6350
3.4196 -2.4110 5.3968
2.8523 -1.0196 7.2002
1.7601 -2.9210 4.2038
8.5311 1.7181 17.3582
4.1544 -1.6227 7.0912
4.4735 -1.7092 7.2902
0.2256 -2.7839 3.5908
5.7857 -1.8297 8.7033
2.2669 -2.8134 4.7110
-2.4843 -1.2136 5.1548
-18.2787 3.6202 5.6647
5.9187 -2.9558 6.5362
4.2081 -1.5556 7.4204
5.5219 -2.1630 7.1132
0.9103 -0.2226 9.0898
5.9588 -1.4425 9.5747
2.2005 -1.9823 5.2572
1.5965 1.0673 12.0564
-6.7639 2.9839 11.0470
6.4235 -1.9150 8.9017
3.2131 -1.9619 5.1213
-2.1325 -1.6738 4.4409
-10.3507 2.0593 7.1330
6.0026 -1.5144 6.4944
5.7678 -1.9948 8.3639
-6.9506 3.3533 11.6752
3.3036 5.0914 21.0607
-1.3984 -0.9738 6.2597
5.3589 -0.6960 10.7158
3.6215 -1.1176 7.5498
3.4904 1.8000 14.6103
10.3029 1.3387 17.6255
5.8018 -1.0498 10.2667
5.8915 -2.6628 7.1044
-4.4200 0.1054 6.6650
1.3316 -2.0196 4.1461
4.0366 -1.4790 7.0994
7.6843 -1.7698 9.9192
-8.0930 0.7619 5.8517
-9.3304 3.3532 10.3006
2.5028 0.6486 11.7456
2.7958 -1.4489 6.2524
2.5727 -1.8833 5.3542
1.4776 -1.7230 5.3392
0.8598 -0.9739 7.5637
2.5827 -1.8442 5.4979
6.3997 -2.4216 7.8786
1.4171 -2.7780 4.2907
3.7399 0.2179 4.9651
2.6900 0.5939 11.7447
-0.6368 -1.7382 5.1764
-1.3086 0.9409 10.1267
1.0928 -2.9506 3.7595
3.9873 -0.2276 5.5038
1.4419 -1.5669 5.6217
6.0075 -2.1631 8.1671
4.0482 -1.5739 6.9126
3.5142 -2.4458 5.4755
2.7863 -1.4231 5.9876
6.3459 -2.6965 7.2997
2.6750 -2.8637 4.8465
5.4862 -0.6350 10.9109
-3.8164 1.9705 10.7300
1.2783 -2.2275 4.4815
3.7066 -1.9732 5.8805
9.8507 3.1034 20.8807
-6.0698 -0.0232 5.4558
8.0429 -0.0651 13.5232
7.7976 -0.6961 12.1240
1.8761 -2.7659 4.5798
5.4235 -2.8747 6.4119
1.4679 -2.0119 4.9513
1.6765 -2.4040 4.3742
3.6299 -1.8945 5.7362
6.4808 -2.7225 7.3257
6.2865 -2.8801 6.8996
2.6455 -2.4636 4.9868
2.0131 -2.2314 4.6260
5.2790 -1.8693 7.5409
7.9265 -1.1223 11.3493
-0.0982 -2.6414 3.6876
-0.8639 -1.7845 4.9530
2.1263 -0.8579 6.8446
6.1436 -2.4390 7.6958
0.5279 -1.1877 6.1048
-4.3631 1.5606 9.5976
2.8798 -2.0850 5.2085
5.3164 -2.4491 6.4953
1.3888 -2.6961 4.4376
-1.7648 -0.6957 6.6022
1.7940 2.7566 15.5366
7.0442 -2.3857 8.3223
-6.9992 0.1055 5.1756
5.8574 -1.5895 9.2234
-0.0283 -0.6347 7.7266
-7.0718 6.6650 18.2041
2.9134 -2.7599 5.1909
5.2720 -0.8951 10.2689
0.3497 -2.1514 4.9227
4.2403 -2.0551 6.0198
8.5825 0.4878 14.9365
-0.0169 -2.6826 3.6525
4.5932 -1.2449 8.3226
6.1772 -1.4231 9.7396
-5.8471 0.8799 7.3840
-8.8323 5.4931 14.8522
-5.2723 3.1031 12.1460
2.5583 -1.9036 5.2597
3.2029 -0.1054 10.6474
-0.3247 -1.4227 5.9853
5.0000 -2.8800 6.1568
8.7595 -0.8953 12.2827
5.9950 -2.8800 6.7313
-1.3222 -1.6405 4.9752
2.3303 -1.4326 6.1695
2.2041 -2.8134 4.6747
4.3535 -0.0551 4.6990
2.0444 0.1952 10.5774
5.7389 -2.9112 6.5212
4.5755 2.9841 17.5964
-3.2671 -0.1052 6.9112
3.9658 -2.9262 5.4673
7.5987 -1.5179 10.3716
2.9499 -1.8022 5.4543
4.1968 -1.7627 6.6052
1.5933 -2.9555 4.0388
3.6294 -1.8805 5.9520
1.4621 -0.6958 8.4656
0.2001 -2.6273 3.8880
0.7720 -2.6960 4.0815
-8.9068 4.3762 12.5836
4.7720 -2.8307 6.1233
4.8306 -2.0760 6.7038
-16.2899 3.9065 7.3837
2.4674 -1.7776 5.4563
4.9878 -2.1285 6.8304
0.9361 -2.8743 3.8211
10.1912 0.6484 16.1856
6.2255 1.9705 16.5296
1.3077 -2.0692 4.9661
-2.6383 -0.6654 6.1581
3.6123 -1.6502 6.5144
4.2447 2.9841 17.4053
2.3363 -2.4820 4.8221
3.8105 -1.7018 6.4645
4.4331 -2.3938 5.9698
-10.3366 1.8001 6.6247
6.2040 -2.9214 6.7695
-1.7913 -1.9682 4.0513
3.8942 -1.9099 6.0564
8.6023 3.7617 21.4714
0.4906 1.4109 12.1024
3.9771 -2.8019 5.7215
2.8123 0.7616 12.1495
3.2915 -2.8418 5.2462
-7.3469 0.1055 4.9748
3.0918 -1.4202 6.4736
2.8804 -2.8018 5.0883
8.6013 0.1496 14.2733
2.6028 -1.2060 6.2926
7.4436 -1.3835 10.5498
2.2596 -2.2822 4.6781
4.9544 -1.6338 7.7636
7.5900 -0.5397 12.3158
13.7703 6.1662 29.2474
-22.5107 5.0899 6.1491
6.3709 -2.5689 7.5683
0.7746 -0.0235 9.4083
1.6882 -2.8527 4.2984
4.8318 -2.1096 6.6763
-0.4545 -1.8583 5.0423
2.4448 -1.5436 6.0084
6.3864 -2.7161 7.2840
1.4288 -2.9506 3.9535
3.1712 -2.9059 5.0489
-1.2100 2.1505 12.5940
2.6085 -2.7660 5.0027
4.5803 -2.6763 6.3202
-1.3307 -2.1956 3.8641
5.1761 -2.7288 6.5597
0.8025 -0.5717 8.3319
-0.6240 -2.3479 3.9689
1.9951 -2.9507 4.2805
0.5530 -2.2385 4.8667
0.5904 -2.8359 3.6977
1.3103 -2.6961 4.3922
3.3684 -1.7300 6.0306
-12.0351 6.4087 14.8268
-5.5830 -0.4044 4.9775
4.0144 -2.9411 5.4657
3.5269 -2.0845 5.5023
-4.3910 0.1054 6.6818
5.2055 -2.1300 6.9138
7.4253 -1.6744 9.9597
-4.9483 1.6384 9.4145
2.1114 -2.7900 4.6678
3.1637 -2.3611 5.2168
10.8803 1.9705 19.2180
7.9344 -1.4808 10.6395
7.4584 -2.0578 9.2149
1.5564 -1.6345 5.5563
6.8703 -2.7096 7.5763
6.5050 -1.5719 9.6323
-4.1314 0.1500 6.9205
0.1397 -2.7025 3.7033
1.1715 -2.8416 4.0221
3.8769 -2.5335 5.7433
5.6209 -1.9555 8.3574
-0.7821 -1.3424 5.8812
-0.3463 -2.4032 4.0190
-0.8858 -2.2172 4.0780
-1.5758 -1.9416 4.2287
7.4195 -2.3100 8.6899
3.7127 -0.1889 5.3200
3.3983 -0.1843 10.6030
-2.6829 -1.3423 4.7836
2.3199 -0.9029 6.7138
3.7192 -2.1925 5.5047
6.7435 -2.7784 7.3660
2.3516 4.0580 18.4518
5.3168 -2.9510 6.1983
11.6899 4.5455 24.8165
-3.3362 2.7565 12.5736
3.8397 -2.1243 5.5840
-4.0589 -0.7253 5.2182
-17.2407 5.0902 9.1933
-0.0526 -0.6347 7.7125
6.6932 -1.4994 9.8856
2.4990 -2.6962 5.0786
3.5319 -2.9110 5.2470
-12.4190 2.0593 5.9385
5.8064 -2.9510 6.4810
3.6432 -1.0404 7.7517
6.0576 -2.8137 6.8997
-3.9661 -0.9477 4.8287
6.4397 -2.9413 6.8660
7.9106 -1.8873 9.8158
2.7148 -1.3134 6.6999
4.6619 0.3863 12.4699
3.6277 -2.0602 5.5232
6.1618 -2.5765 7.4325
3.3853 -1.5909 6.1909
5.0480 -2.9509 6.0431
2.7348 -2.0658 5.0641
4.8417 -2.3400 6.2224
3.5462 -2.9262 5.2250
-2.3242 -1.3005 5.0739
6.0225 -1.5740 6.5362
0.1408 -2.1286 4.8476
-0.6059 -1.6406 5.3888
5.9958 0.0184 12.5072
-1.6597 0.4881 9.0217
3.6437 -2.7538 5.6248
-2.5941 0.1053 7.7194
3.0422 -1.1986 6.7892
-0.9145 -1.0980 6.2916
1.8612 -2.9555 4.1935
-0.6915 -2.4385 3.7494
-10.3182 2.2443 7.5205
6.3943 -1.2797 10.1507
3.3371 -2.0265 5.6669
1.1221 -2.7659 4.1445
0.1470 -2.5608 3.9899
1.9131 -1.7409 5.5078
3.9815 -2.1759 5.8152
0.5460 1.3388 11.9907
8.0919 -0.3698 12.9442
2.2687 -1.5600 5.7777
2.9209 -2.7660 5.1831
5.1136 -1.7696 7.5205
0.8656 -2.8743 3.7803
3.0605 2.6480 16.0516
3.9664 -1.9572 5.9707
4.0687 -0.1453 11.0681
1.2156 -1.3076 6.0513
4.3500 -2.0840 5.8655
-1.4906 -0.9478 6.2582
1.6834 -1.9753 5.0460
-2.9937 -1.6572 3.9767
2.3634 -2.7537 4.8856
3.3976 -0.0033 5.9466
-1.2821 -2.2383 3.8071
12.5366 2.4404 21.1108
-1.2321 0.7617 9.8139
2.3257 -1.9045 5.3628
6.5540 -1.8588 9.0890
2.5501 -1.8427 5.4718
3.6692 -1.0248 9.0848
5.8273 -2.8137 6.7666
-0.6448 -1.5174 5.6117
7.5696 -1.9949 9.4043
2.2179 -2.2381 4.7290
1.7068 -1.9099 5.0923
4.3980 -1.0742 9.4073
2.6791 2.4403 15.4175
-1.5060 -2.1168 3.9199
-4.4285 1.4110 9.2615
0.7010 -2.6274 4.1773
4.5216 -1.9593 6.6783
7.4678 -2.3390 8.6599
5.7111 -2.5177 6.7946
0.8730 -2.7958 3.9410
0.8418 -2.6827 4.1483
-9.4883 2.5425 8.5940
5.7347 -2.7095 6.9207
9.4893 4.0582 22.5746
5.3893 -2.8905 6.3606
3.8891 -0.5719 10.1143
5.1720 -2.8693 6.2774
-2.5047 -1.3423 4.8865
4.0613 6.9342 25.1703
-6.6483 6.6650 18.4487
0.3380 -1.2656 5.8760
-2.4445 -1.3005 5.0044
2.0448 -1.7702 5.5712
3.2769 -1.7751 5.9847
4.7591 -2.8136 6.1499
4.7595 -1.9102 7.0585
-6.1438 5.9310 17.2776
-1.7318 -1.9550 4.1120
6.1614 -2.8585 6.8702
6.0129 -1.3933 6.4765
3.2088 -1.9364 5.5042
6.3318 -1.9949 8.6896
1.9138 -1.9935 5.0801
4.9707 -1.7135 7.6050
0.6302 -0.8949 7.5885
-4.1357 4.0577 14.7046
4.1952 -2.8584 5.7350
-1.8204 -1.5890 4.7901
11.5912 1.7181 19.1255
-17.1923 5.7067 10.4497
-2.1483 0.0616 7.8897
-9.6905 0.6489 4.7041
2.2121 -1.7856 5.5014
-2.2001 1.6384 11.0016
4.6386 -1.3178 8.1982
1.7383 1.8841 13.7660
-1.7772 -1.3216 5.3479
-0.8566 -2.2065 4.1163
6.4235 -2.9062 6.9266
3.5751 -2.7094 5.6737
5.2483 -2.1600 6.8559
3.9872 -1.6595 6.4937
4.9381 -2.2982 6.2041
0.3932 -1.0395 5.7798
4.0588 -2.2418 5.7051
5.8527 -1.9286 8.5449
3.1204 -2.1542 5.0550
-1.1202 -1.7538 4.8662
6.9684 -2.5841 7.8832
0.9503 -2.8954 3.7872
9.5498 1.5605 17.6326
8.0217 1.8841 17.3948
3.9832 -2.7029 5.9224
11.9136 2.0593 19.9916
1.9504 -2.7285 4.6972
2.9091 -2.2547 5.0439
0.9508 -1.5706 5.5164
4.4265 -0.0603 4.7637
-0.5078 -2.3094 4.1128
2.8612 3.7615 18.1553
2.7415 -0.8774 7.2381
2.6493 1.0673 12.6644
3.7982 -1.7594 6.2795
7.3169 1.0672 15.3600
-3.6016 2.1505 11.2128
-6.9138 0.0189 5.0523
2.2479 -2.6076 4.8549
2.7460 -2.8191 4.9762
4.5681 -1.2076 8.4051
5.0218 -2.2556 6.4281
7.1597 -0.5069 12.1327
-0.1825 -1.7224 5.4702
-4.7545 1.3389 8.9296
13.2483 3.7618 24.1549
3.4727 -1.9982 5.6454
6.3546 -2.9607 6.7783
-0.7249 -1.9145 4.7742
3.8977 -2.8249 5.6297
3.4622 -1.0496 8.9157
6.4620 -2.8640 7.0330
9.5150 3.3537 21.1855
0.2238 0.2417 9.6185
10.1495 0.7043 16.2729
-19.1587 4.0572 6.0271
3.7185 -2.0406 5.6711
4.1951 0.3056 5.2251
-6.2460 -0.5063 4.3916
1.0773 -2.8743 3.9026
2.2151 -0.8949 8.5037
-2.0203 -1.6901 4.4731
-3.4569 -1.2357 4.5489
1.7317 -2.9260 4.1774
0.4483 -0.8401 7.5925
8.0098 -1.5720 10.5012
6.7677 -2.5690 7.7974
5.2413 -2.7352 6.5847
7.0104 -2.0820 8.9079
3.5906 -2.0413 5.7277
4.9465 -2.4957 6.3318
8.0421 -0.1454 13.3626
-26.0979 6.4076 6.7028
5.0494 -0.7158 8.1784
4.9342 -1.4756 8.1385
3.3074 -1.8354 5.8752
3.7134 -2.7600 5.6528
5.6827 -2.5389 6.7975
2.7388 0.2889 11.1651
5.9599 -1.5984 6.5687
1.1894 -1.1610 6.2901
6.0553 -1.9819 8.5558
0.0393 -2.5137 4.0215
6.8303 -1.6907 9.5835
4.6026 -1.3191 8.1997
2.5589 -2.8472 4.8121
0.8486 0.6487 10.7903
-8.3183 0.4883 5.1765
1.9083 -0.3338 9.4447
1.0711 -2.8635 3.9204
0.6434 -1.3100 6.1158
3.1569 -2.1976 5.0992
3.8291 -0.1384 5.0484
-0.2870 -2.5909 3.6793
-1.0694 -2.2693 3.8682
1.5560 -1.2301 6.2373
5.9712 5.0915 22.6017
3.7370 -1.0996 7.7055
3.9618 -0.1789 5.3384
5.2974 -1.7846 7.6185
3.6669 0.1051 11.3349
-3.8530 -0.2601 6.2640
5.9408 -2.9510 6.5586
-3.6047 0.1500 7.2246
0.8700 -1.7579 5.1992
4.5150 -1.9763 6.6262
1.1338 -1.8925 5.0286
5.9234 -2.0421 6.7916
6.6642 -1.8150 9.2399
-2.7674 -0.5393 6.3348
-5.3854 0.3374 6.5697
3.3146 -1.3820 6.7535
2.2392 -2.2603 4.7031
2.9351 -2.7599 5.2034
3.2438 -2.0475 5.0505
-2.8496 -0.7254 5.9165
2.3092 1.2684 12.8688
6.1890 0.1051 12.7914
-2.7895 -1.2576 4.8907
3.6237 -2.2117 5.3153
3.2503 -2.9059 5.0946
2.2638 -2.7660 4.8037
-4.2179 -0.8399 4.8981
-7.5628 0.7618 6.1579
5.0788 -2.9112 6.1401
3.4523 -2.6962 5.6290
-0.4380 -1.6064 5.5537
0.6821 -2.8471 3.7285
-7.0961 3.1031 11.0926
0.0746 0.2417 9.5323
8.9933 -0.7842 12.6392
4.7853 -1.9773 6.8444
11.3053 2.3410 20.2016
-3.8920 -1.3829 4.0044
1.1858 -2.7411 4.2306
1.4385 -1.1199 6.4005
4.7955 0.1497 12.0755
4.9308 -1.1599 8.4064
5.7284 -1.9688 8.3931
5.1925 -2.3708 6.4705
5.5746 -2.5646 6.7367
13.2972 3.2266 23.1167
-0.5385 0.3865 9.4668
-0.3214 -2.3667 4.1062
14.0402 6.1662 29.4033
2.9933 -2.8903 4.9771
0.9700 -2.6894 4.2090
5.7480 -1.6577 9.0242
-3.8031 2.4402 11.6737
3.0691 -1.1213 7.3987
3.1302 -1.8440 5.6851
-8.4316 0.2419 4.6201
-7.0010 5.9310 16.7824
-7.5302 1.9705 8.5851
4.5170 -2.0504 6.2491
-2.7618 -0.9478 5.5241
4.4958 5.4939 22.5513
3.5522 -1.7800 5.9537
5.7680 -1.2797 9.7890
5.0499 -2.8905 6.1646
-0.9196 -2.3573 3.7794
2.9698 -1.4719 6.4155
2.6120 0.2416 10.9976
-1.8217 -1.8725 4.2244
-1.0711 1.1328 10.6463
3.0842 -2.1695 5.0443
4.5124 -2.0434 6.4537
-0.4889 -1.4803 5.7758
-4.8958 -0.6955 4.7943
6.1601 -2.9654 6.6565
10.1267 2.4404 19.7189
0.9296 -2.9506 3.6653
3.2172 -2.8583 5.1703
0.1049 -2.0449 4.9935
3.2519 1.8000 14.4726
7.3966 -1.3429 10.6037
3.6888 -2.1227 5.6749
-0.0955 0.2890 9.5283
5.0168 -0.6938 8.2108
2.0551 -1.3853 6.0676
10.7341 0.8198 16.8407
6.4634 0.2415 13.2217
4.2465 -0.1002 4.5707
-4.7829 0.1955 6.6348
-0.4782 -0.7255 7.2858
0.7174 -2.7719 3.8987
3.4870 -2.8418 5.3591
0.9893 0.5940 10.7626
3.9412 -1.9727 5.9647
3.0063 -2.9459 4.8740
3.7729 -1.3281 6.9919
5.9317 -1.7473 6.6178
4.6004 0.3863 12.4344
9.0697 0.1495 14.5438
-0.7967 0.8798 10.3007
-4.5210 3.3533 13.0785
6.8888 -2.8195 7.3681
4.4424 0.0046 4.7634
0.8728 -2.6415 4.2483
3.9890 6.9342 25.1286
1.4523 -2.9359 3.9963
-15.1378 6.4084 13.0344
0.9657 -2.8416 3.9033
5.1672 -2.3635 6.3791
-1.4297 -1.5174 5.1584
3.1410 -2.8362 5.1704
1.2420 -2.3525 4.3019
9.9845 1.0671 16.9005
12.7183 2.6481 21.6296
2.3437 2.7566 15.8541
0.6733 -0.6958 8.0101
5.0568 -2.2191 6.5987
1.2499 -2.1942 4.5272
0.9726 -0.1452 9.2801
-8.8289 4.5446 12.9642
-6.8704 2.3409 9.7042
1.3232 -2.9506 3.8925
5.1214 -1.2797 9.4156
4.7650 -0.7551 10.2550
2.1052 -2.2286 4.6714
3.8126 -2.1849 5.4749
0.9672 -1.8707 4.9800
3.6956 -2.9411 5.2816
6.9658 -0.3340 12.3652
1.3077 -2.9159 3.9526
5.9912 -2.7844 6.9197
-5.3857 1.0674 8.0241
4.8146 -2.9263 5.9573
1.9693 -2.0908 4.8696
2.9929 -1.4565 6.4428
0.3004 -0.8677 7.4522
10.4992 2.1506 19.3566
8.6507 1.0672 16.1302
-1.6229 -1.6572 4.7681
6.7758 -2.6350 7.6706
7.0381 -1.9150 9.2566
-1.4602 -2.1956 3.7893
6.1118 -2.2177 8.1184
-0.5201 0.9409 10.5821
-7.6361 0.8202 6.2319
3.5243 -1.6119 6.6481
1.4665 -2.5766 4.3643
1.7140 -2.9360 4.1474
-7.0003 3.9068 12.7494
4.2640 -2.8529 5.7856
8.4331 -0.5721 12.7382
1.2913 -2.7840 4.2061
3.1942 -1.9868 5.3135
3.2563 0.1952 11.2773
8.0765 0.2887 14.2475
9.2625 -0.6039 13.1538
1.6562 -1.3321 6.0945
5.1818 -2.0042 7.1824
1.7242 -1.4258 5.9391
-11.4068 1.9705 6.3463
-8.6247 6.6648 17.3069
3.0190 -2.9556 4.8620
2.7150 -2.0819 4.9881
0.6935 -2.6960 4.0361
4.2258 -0.1575 4.5628
4.9702 -2.9009 6.0978
2.0774 -2.1996 4.7125
8.4894 3.6210 21.1259
2.6728 -1.3614 6.3419
2.6150 -2.1834 4.9085
0.0798 -2.5297 4.0132
1.9427 -2.8248 4.5010
-0.8460 -1.7692 4.9937
11.2584 2.2444 19.9821
6.9354 3.3536 19.6956
3.3225 -2.0759 5.2838
5.5695 -2.5135 6.7035
-5.4669 -0.3693 5.1145
-2.0883 -0.0647 7.6727
-20.6330 5.0900 7.2337
6.5981 -2.8801 7.0795
1.3787 -2.7899 4.2448
3.9326 -2.8306 5.6386
1.3271 -2.8689 4.0575
1.2018 -1.2169 6.1808
-1.6890 0.0616 8.1550
-0.4119 -2.3573 4.0725
5.2552 1.2684 14.5702
1.9378 -1.3424 6.1391
-3.2076 -0.3694 6.4192
8.9032 0.7044 15.5531
4.0972 -2.7287 5.9367
4.1240 -0.2389 4.9292
4.4075 -1.9714 6.3800
5.7850 -2.3672 7.6320
1.1260 2.9841 15.6040
-3.8306 0.3866 7.5657
5.5155 -2.1053 7.1524
5.8629 -2.4037 7.6041
4.0491 -2.0221 5.8840
-0.2048 -0.6655 7.5634
-2.8540 3.2262 13.7880
2.3095 -2.6895 4.9824
6.6334 3.1034 19.0225
6.5718 -2.7904 7.2431
9.5342 -0.3341 13.8483
1.6752 -2.9360 4.1250
2.6810 3.4849 17.5001
-6.6184 0.5406 6.2625
4.5313 -1.8035 7.1909
-20.1704 6.4080 10.1271
-6.5785 1.0674 7.3353
1.5772 1.8841 13.6729
2.1304 -2.8191 4.6207
9.1132 0.3370 14.9423
1.8184 -2.4495 4.5053
-6.6563 6.4091 17.9342
3.8111 -2.0931 5.6180
-0.6797 -2.2694 4.0932
6.5915 -1.4426 9.9401
8.7408 -0.0651 13.9262
-2.6729 -1.7995 3.8784
4.2198 -2.9460 5.5746
1.1379 6.4097 22.4369
4.9007 -0.5396 10.7628
2.7537 0.0185 10.6350
3.4856 -1.0766 7.3530
-11.8710 2.6478 7.4278
6.7472 -0.0237 12.8573
6.4057 -1.6240 9.4712
7.4568 -2.2390 8.8529
9.2503 0.0612 14.4721
6.9348 -2.0820 8.8643
6.6464 -1.6743 9.5099
6.1632 -2.6490 7.2889
10.5189 5.0918 25.2286
4.2831 0.0180 4.6522
-2.1949 -0.5393 6.6655
0.4511 -0.0648 9.1391
6.6535 -2.8252 7.2209
-1.9069 -1.9550 4.0109
-3.4107 -1.5172 4.0146
2.7682 0.1052 10.8160
6.2140 -2.6420 7.3321
2.0434 -1.8928 5.2112
8.3191 3.2265 20.2414
4.8711 -2.2046 6.6075
-1.0585 -1.3830 5.6405
3.5765 0.8797 12.8262
-7.8622 1.7182 7.8906
8.5120 -0.3341 13.2580
-5.9559 0.1055 5.7780
-0.3438 -2.5835 3.6613
1.6315 -1.2705 6.3189
1.4765 -2.6894 4.5015
-2.7409 0.4368 8.2951
2.8894 -2.7222 5.2521
3.1693 -1.3666 6.6953
4.0433 1.3388 14.0105
4.3959 -1.7971 7.1693
2.0334 -2.9555 4.2930
-6.3039 -0.4044 4.5612
6.9455 -2.1058 8.8230
3.8122 -1.9655 6.1211
3.5829 -1.3088 7.1276
-21.9066 4.9008 6.1210
4.1027 -2.6963 6.0046
6.3051 -2.4477 7.7718
6.1826 -0.9482 10.6890
4.2941 -2.7782 5.9518
8.4703 4.2146 22.2977
-5.6961 3.7612 13.2126
9.3904 5.7085 25.8057
2.7910 -2.0857 5.1593
7.0153 -0.9742 11.1181
3.5394 -0.1112 6.2530
-0.4017 -1.6064 5.5746
2.8631 -0.1452 10.3719
5.5044 -1.8149 8.5702
1.7826 -1.5907 5.7358
4.1350 -2.1844 5.6596
1.3030 -1.4061 5.8923
-1.1926 0.5940 9.5026
1.8919 -2.8416 4.4381
2.4387 -2.2411 4.8318
5.8701 -2.6831 7.0515
3.1809 1.6383 14.1093
3.7754 0.1276 4.9828
3.7313 -1.6712 6.4183
0.0843 -2.5217 4.0315
1.7895 -2.9210 4.2208
4.0139 -0.2906 5.1476
2.7103 -2.8528 4.8886
3.1891 -1.2611 7.0330
4.3810 0.0285 5.3063
3.5471 -2.7158 5.6446
2.2555 -2.2983 4.6561
0.5622 -2.8953 3.5632
2.0151 -2.8690 4.4547
-18.1562 4.3758 7.2410
1.1564 -2.7026 4.2903
-8.2446 1.4849 7.2049
1.9309 -2.3785 4.5180
-13.3065 3.6204 8.5366
3.1663 -2.9508 4.9567
-6.4843 1.3389 7.9306
-10.6073 2.1505 7.1666
0.3417 -2.7719 3.6818
5.1639 -2.3244 6.5258
2.6779 -2.0004 5.1490
-17.0308 3.4844 6.1147
1.4973 -2.7598 4.3733
6.2241 -2.3672 7.8855
-2.8855 -0.6033 6.1390
0.2001 -2.1848 4.7697
5.3606 -1.9559 7.4023
0.0445 -0.6347 7.7686
1.3099 -2.9210 3.9439
8.1020 -0.9220 11.8498
4.9658 -1.0991 8.3860
5.6842 -2.2177 7.8715
-0.9834 -1.8726 4.7084
4.8680 -2.8639 6.1126
6.6323 -2.6135 7.6305
5.2654 -2.0504 7.1220
2.1022 1.9705 14.1482
5.3796 -2.3146 6.6250
2.7435 -2.8473 4.9187
-4.1186 -1.0492 4.5383
4.1423 -2.6250 5.9584
5.4607 -2.8136 6.5550
-4.9602 0.1955 6.5324
2.1605 -2.1931 4.7777
2.2081 -2.8636 4.5768
-0.4628 -2.0449 4.6657
14.8348 4.5457 26.6331
5.6562 -1.9421 8.4045
8.0450 0.1496 13.9521
6.2417 -1.4994 9.6249
-6.0308 1.4110 8.3362
1.2309 -2.2293 4.5821
2.1667 -1.4129 6.0479
5.9857 -2.9558 6.5748
5.3911 -2.7030 6.7353
-2.6159 -1.2792 4.9479
6.7055 -2.8252 7.2509
3.8045 -0.1094 5.0309
-3.8535 -0.9214 4.9462
1.9139 -1.7375 5.4883
0.9826 -2.8190 3.9580
6.4827 -2.8958 6.9814
4.8010 -2.2937 6.1743
5.4446 -1.7696 8.6260
2.4364 -2.2038 4.9317
3.5126 -2.8583 5.3409
-6.6060 0.7047 6.5967
-5.2921 2.4402 10.8137
6.5842 -0.9482 10.9208
-1.1101 -1.9814 4.4185
3.4250 -2.3941 5.3886
6.5562 -2.3857 8.0405
0.3567 -1.1417 5.8434
2.0468 -2.5706 4.7690
-6.0762 -0.1840 5.1318
8.8775 1.4108 16.9460
-8.7559 3.2261 10.3791
1.0339 0.8798 11.3578
6.1780 -2.5302 7.5341
6.5156 -2.5222 7.7449
-2.8903 -0.1450 7.0495
-17.9118 4.5442 7.7176
2.8845 -2.0755 5.2213
0.9808 -1.8836 4.9733
4.5861 -2.9111 5.8556
8.1230 -1.4995 10.7111
5.7869 -2.3930 6.7494
6.3391 -1.8588 8.9650
13.5537 3.9075 24.6216
-0.3443 -2.2173 4.3907
8.9540 0.0183 14.2155
5.2808 -2.3343 6.5545
4.0390 -2.7029 5.9547
3.0366 -2.8851 5.0127
5.0495 -2.9009 6.1437
3.7543 -2.9652 5.2674
5.8977 -1.8443 8.7389
3.5295 -1.6327 6.3500
-6.3266 -0.2223 4.9108
1.9097 -2.7900 4.5513
-3.8239 3.4848 13.7429
7.5718 -2.1743 9.0481
1.5700 -1.7212 5.3813
3.3992 -2.7476 5.4961
17.2112 6.1664 31.2351
-0.8040 -2.2591 4.0418
-20.2341 5.2871 7.8567
-8.4211 1.0035 6.1438
3.8482 -2.7350 5.7803
4.7102 -0.9481 9.8388
4.3379 -2.8078 5.9183
4.0360 -2.0202 6.0481
4.6833 -1.8990 6.9628
4.2968 -2.6237 6.0448
-0.1891 -1.6236 5.6632
1.2162 -2.7597 4.2110
6.9956 -2.2494 8.5658
-7.9393 3.7612 11.9169
1.1062 -1.2903 6.0234
8.5893 0.2887 14.5436
-5.9224 6.1647 17.8711
5.8891 -1.7697 8.8826
4.3656 -1.4506 7.7438
0.8052 3.9071 17.2580
2.1247 -2.7537 4.7478
0.3415 -2.8246 3.5765
1.1275 -0.6958 8.2724
7.1510 -2.5381 8.0802
-5.4190 0.1500 6.1769
-0.7319 0.8201 10.2191
-2.7061 -1.5714 4.3137
4.5805 -0.5719 10.5135
0.9930 -2.8190 3.9641
4.9891 -2.2720 6.4196
2.5752 -2.2269 4.8409
-1.7525 -1.0738 5.8558
4.6703 -1.6403 7.5185
4.8726 -2.3360 6.2608
6.6451 -2.9655 6.9365
6.5274 -2.9010 6.9969
6.7406 1.1327 15.1576
2.8824 -0.7550 9.1680
5.9975 -1.4304 6.5034
9.3783 0.1049 14.6332
1.2989 -2.9602 3.8593
5.9504 -1.6907 9.0755
-0.6518 -1.2359 6.1687
3.9555 -2.4251 5.7105
3.5249 -2.1474 5.4342
-1.6737 -1.8725 4.3098
5.5009 -2.3976 6.5667
-1.1332 -1.4613 5.4415
-1.0404 1.8841 12.1611
5.6496 -2.3189 6.8925
4.9513 -2.9313 6.0264
3.4045 -1.9209 5.7636
4.1978 -2.7782 5.8962
4.2742 -1.4654 7.6478
4.2008 -0.1968 5.0490
2.4562 3.1033 16.6098
4.8244 -2.2422 6.3467
-6.3030 1.6384 8.6321
6.8016 -2.3765 8.2004
2.2515 -1.2026 6.4321
-0.2307 -1.7693 5.3490
5.0257 -1.9910 7.0387
7.2093 6.4102 25.9443
-0.0400 -1.0246 6.9430
7.9819 1.7181 17.0411
-20.2090 5.0901 7.4787
-21.5683 5.9300 8.3672
2.4285 -2.7537 4.9232
3.1888 -2.3778 5.2425
-1.1345 -2.1052 4.1577
5.1974 -2.7352 6.5593
-7.3857 4.2140 13.1390
3.2178 -2.8018 5.2832
-14.5613 3.4845 7.5411
1.3918 -2.8527 4.1273
-0.5154 -2.5056 3.7174
7.8417 -1.1223 11.3004
6.1453 -1.2119 6.4067
-0.2521 -1.7845 5.3062
2.9360 5.7080 22.0772
-3.9425 -0.8675 5.0022
6.8307 -0.8125 11.3337
4.7624 -2.0396 6.7910
4.5302 -1.7560 7.2005
-3.2240 2.1505 11.4309
-4.1940 -1.2357 4.1233
-9.0971 0.7048 5.1580
1.8467 -2.9058 4.2842
3.7703 -2.0999 5.7696
-1.9021 -1.9682 3.9873
4.2624 0.5939 12.6528
-2.3953 -0.0647 7.4955
-1.8830 -0.3694 7.1841
-0.2532 -0.4046 8.0552
2.6109 -2.7286 5.0786
2.9967 -2.9311 4.8978
4.0767 -1.4487 7.5553
0.8261 -2.9408 3.6249
6.1694 -0.3697 11.8340
5.8307 -2.2070 7.9775
8.0211 1.7181 17.0637
2.7485 -2.6895 5.2359
-0.6187 -2.2384 4.1902
2.5869 -1.8695 5.6170
-4.4731 -1.1450 4.1427
-1.3594 -0.9215 6.3864
-3.3851 1.4109 9.8641
8.3775 -0.6351 12.5805
2.4626 -2.8955 4.6604
5.8728 -2.9010 6.6189
3.7853 -2.1146 5.5594
3.1747 -2.8745 5.1135
1.9998 -1.8435 5.2949
3.4754 -2.7476 5.5401
-13.1683 2.2443 5.8745
-12.2559 3.9066 9.7137
7.1497 -2.3857 8.3832
3.0582 -0.5395 9.6988
2.5150 -1.1318 6.7002
-6.0610 0.8202 7.1415
6.7031 -2.3672 8.1620
-1.9061 -1.6064 4.7060
3.5038 -2.2573 5.3330
6.2452 -1.7386 9.1501
1.7458 0.8797 11.7689
3.8275 -2.1140 5.5819
0.6156 -1.2053 6.0666
2.7867 -2.8637 4.9110
1.9455 -2.1450 4.7766
-7.3255 2.8684 10.4925
1.6999 -1.3862 6.1020
3.7157 0.2816 5.0027
-5.0349 1.0674 8.2267
2.9037 -2.7781 5.1490
6.9102 -1.9556 9.1019
5.9984 -2.8906 6.7122
3.0253 -2.9604 4.8561
3.3689 -2.9059 5.1631
3.2209 -2.7223 5.4435
6.8955 -2.6965 7.6170
-1.2299 -1.4421 5.4239
1.0790 -2.7659 4.1196
3.7827 0.1799 4.9711
6.0799 -2.5302 7.4775
1.6349 0.5404 11.0288
2.0539 -2.9160 4.3835
4.8657 -1.8844 7.1435
3.5869 -2.8019 5.4962
6.5667 3.7616 20.2956
0.5080 -2.8016 3.7185
-1.3960 0.3373 8.8735
5.0382 -2.0115 7.0102
-0.7831 -0.6654 7.2294
2.9459 -2.7599 5.2097
-2.3586 1.4848 10.6042
-1.8685 -1.2793 5.3795
1.3069 -2.2935 4.4590
-2.6787 0.4368 8.3310
3.6666 -2.7960 5.5539
7.5598 -2.2598 8.8710
4.1894 -2.3439 5.7962
1.4472 -2.1758 4.7573
2.7802 -2.1189 4.9916
-5.9041 5.7075 16.9705
7.7393 -1.9689 9.5542
3.3894 -2.9161 5.1546
1.9635 -2.2769 4.5243
-8.8028 1.3389 6.5916
-0.4059 -1.3424 6.0984
-0.8546 -2.1737 4.1828
3.7410 -2.8638 5.4619
4.6409 -2.2675 6.0151
-16.6681 4.7192 8.7846
2.9302 -2.7286 5.2629
-2.9042 1.1999 9.7212
6.0314 -2.9010 6.7106
6.8882 -0.9219 11.1489
1.0203 -1.9670 4.8141
1.2012 -1.8321 5.1613
-0.5760 -2.3759 3.9407
-16.2605 4.7192 9.0201
2.9898 -2.8637 5.0282
9.9527 0.7043 16.1592
0.1179 -1.8726 5.3443
-20.0078 5.4924 8.3965
7.5064 -2.2071 8.9450
6.8231 -2.0699 8.8238
-2.5931 -1.3627 4.7946
-13.5682 5.4928 12.1164
4.7598 -2.5881 6.2901
9.6366 -0.4050 13.7661
1.0845 -0.0235 9.5872
-1.8847 -0.1052 7.7095
6.5810 -2.5765 7.6745
5.0672 -0.9482 10.0449
9.1556 1.1326 16.5523
0.2593 -0.5717 8.0182
4.8076 -2.1371 6.4445
-0.1020 -2.3192 4.3276
4.8551 -1.4651 7.9787
4.2982 -1.8102 6.9171
2.9760 -2.5163 5.2129
-14.3933 5.0904 10.8381
-2.5065 -0.2972 6.9678
-4.4760 -0.4044 5.6167
5.5977 0.0184 12.2773
4.8068 -1.8286 7.2237
2.8305 -1.4732 5.9024
4.1573 -1.9729 6.0427
-1.7272 -0.3694 7.2741
6.3071 -2.8420 6.9873
6.5568 2.5426 17.8610
8.2787 -1.4427 10.9143
4.6441 -1.6849 7.4533
3.6851 -2.8192 5.5184
1.6673 -1.3545 6.1572
3.2486 -1.9921 5.4055
4.1690 -1.6395 7.0994
8.5063 -1.0744 11.7796
3.2760 -1.9484 5.6388
-0.4291 -2.2694 4.2379
3.2293 -2.0282 5.3482
-1.8504 -0.8400 6.2651
1.3132 -0.6655 8.4400
1.1609 -0.8402 8.0040
-21.9050 5.0900 6.4989
5.7681 -2.7095 6.9400
3.3391 -1.4957 6.5382
5.5388 2.0593 16.3099
3.2673 -1.4920 6.3189
6.0449 -2.2389 8.0376
-8.4439 0.4883 5.1039
4.2120 -0.0367 4.6077
4.8463 -2.6093 6.3583
-2.7780 2.5426 12.4696
1.9669 -2.2843 4.5452
7.7772 0.2414 13.9804
0.5501 -2.3574 4.6280
1.3556 2.5426 14.8570
6.4697 2.1505 17.0294
5.5758 -0.1453 11.9383
-1.5776 0.5940 9.2802
1.0995 -2.7840 4.0954
2.8923 4.0580 18.7641
-10.0354 6.4088 15.9820
5.2648 1.4848 15.0069
3.3559 -2.0559 5.4706
3.0248 -1.7456 5.7614
-4.9124 -0.7253 4.7253
9.2611 -0.3699 13.6193
5.3455 -2.4145 6.4882
4.5634 -2.0729 6.2646
-0.5805 -1.5891 5.5061
3.3262 -2.0455 5.6344
4.6902 -0.9741 9.7755
1.6323 1.6383 13.2150
11.5834 6.9349 29.5160
4.6772 1.1997 14.0995
5.5768 -1.6240 8.9925
4.5473 -2.9460 5.7637
6.6065 -1.5541 9.7264
-0.1703 -2.1285 4.6680
7.0767 -2.6560 7.8025
11.1739 0.9407 17.3354
2.7500 -2.5888 5.1315
4.2680 -1.8302 6.6110
0.6493 -2.8689 3.6661
5.4897 -0.4049 11.3715
2.7206 -1.4046 6.2734
0.1549 -0.0235 9.0504
4.2625 -2.7029 6.0837
6.4301 -1.0498 10.6295
-10.9037 1.1329 4.9679
-3.7121 -0.1450 6.5749
6.7678 -2.0204 8.8905
3.4995 -1.6185 6.3416
5.2993 -1.6906 8.6995
2.2954 -2.8850 4.5847
-4.1995 -0.7547 5.0786
3.7764 0.2415 11.6700
5.9231 -2.7723 6.9044
1.4911 -1.3605 3.7785
1.6382 -1.3231 6.2350
6.6188 -2.9364 6.9793
5.6913 6.4101 25.0673
1.2660 -1.2702 6.1034
4.4646 -1.4495 7.7882
4.4317 -1.1455 9.2846
-4.8582 -0.7546 4.6982
10.0693 2.5427 19.8896
-2.6080 -1.2136 5.0833
4.7944 6.4100 24.5492
-8.4908 0.6489 5.3968
2.9157 -1.5383 6.3747
0.2780 -2.0073 5.1686
6.8372 -2.5840 7.8074
8.9344 0.0612 14.2897
6.3867 -2.5302 7.6546
-8.0788 2.3409 9.0063
2.8037 -2.1578 4.8819
6.5366 -2.3765 8.0475
3.2557 -1.9721 5.1416
3.0215 -2.7599 5.2534
0.8738 -1.4704 5.7402
1.7751 -2.7349 4.5834
7.8061 -0.3698 12.7791
8.4371 2.7567 19.3734
6.2008 0.9407 14.4634
0.8353 -2.8743 3.7628
4.9258 -1.7036 7.6262
14.5111 4.9027 27.1575
-12.0188 1.9705 5.9928
1.7592 -2.0569 4.9129
10.7508 0.4878 16.1887
3.8075 -2.2367 5.4856
5.7539 -2.8364 6.6790
-4.6086 -0.8399 4.6724
5.5507 -0.3340 11.5480
3.7356 -2.7159 5.7535
4.7096 -0.2975 11.1348
2.1014 6.1653 22.5064
4.3212 -1.8957 6.4156
6.3768 1.5606 15.8001
5.1243 -2.8307 6.3267
0.9449 -2.9309 3.7132
1.1503 -2.6415 4.4085
4.8121 -2.8193 6.1691
3.4150 -2.3275 5.3386
1.1150 -2.7092 4.2534
-0.5121 -1.9007 4.9246
3.7351 1.9705 15.0913
8.0553 1.1997 16.0505
7.9521 0.7044 15.0039
9.0430 0.4365 15.1001
1.0280 -1.9384 4.8932
2.5846 -2.7412 5.0382
9.3783 2.6481 19.7006
6.5289 -2.8137 7.1717
0.4764 0.4880 10.2553
7.3439 -2.2390 8.7877
-0.5576 -0.1053 8.4758
8.1464 -1.4035 10.9159
3.3713 -1.6267 6.1197
-6.3225 0.3866 6.1266
3.1850 -1.9092 5.5374
-5.7597 6.4092 18.4521
2.5869 -1.2205 6.2283
-5.9018 1.7182 9.0228
0.6098 -2.9259 3.5296
2.7672 -1.4320 5.9103
7.5308 0.6485 14.6492
-0.2522 -1.5891 5.6956
1.4746 -2.9159 4.0490
3.8246 -1.4740 6.7695
6.6687 -2.7225 7.4341
0.4466 -2.4810 4.3219
1.7918 -1.4935 5.9461
7.2021 -1.8151 9.5505
-9.0542 4.0576 11.8636
4.7520 -2.2236 6.3980
2.3106 -2.2006 4.7469
3.9393 -0.2774 5.2352
2.0999 -2.2152 4.6993
6.5941 0.8797 14.5689
3.6721 -2.8904 5.3691
1.4489 -2.7092 4.4462
3.2805 -1.5084 6.4708
1.2781 -2.7780 4.2104
4.9795 -2.8475 6.2097
3.1027 -1.3203 6.7496
5.9021 -2.4037 7.6267
-0.9998 -2.2172 4.0122
6.8844 -2.3579 8.2854
1.3457 -0.5717 8.6456
6.1244 -2.8958 6.7746
-6.8133 1.4110 7.8843
1.8470 -1.2260 6.3108
5.0001 -1.6410 7.7137
5.2289 -1.6906 8.6589
4.4180 -0.4733 10.6161
14.3775 6.1662 29.5981
4.6962 -2.7539 6.2325
4.3771 -0.1197 4.7220
1.5064 -2.7157 4.4664
5.2672 -1.6577 8.7466
3.2068 5.2884 21.3975
6.4625 -2.8854 6.9907
-9.1699 6.9330 17.5265
-2.4398 -1.0245 5.5572
7.4985 0.3370 14.0099
4.0108 -2.5687 5.8430
4.3153 0.1034 5.2600
0.0670 -2.6554 3.7552
9.5354 -0.1846 14.1470
4.7958 -2.1395 6.4453
-5.5694 1.8001 9.3779
5.5609 -2.8853 6.4701
5.8209 -1.5895 9.2023
4.5583 -1.5099 7.7010
4.0758 -1.4000 7.6505
5.6167 -2.0938 8.0794
-19.2398 5.0901 8.0385
2.6360 -1.1932 6.9013
3.8179 -2.8851 5.4638
-3.3041 -1.1910 4.7262
3.4084 -1.7751 5.9867
6.2938 -2.8585 6.9467
5.9771 -1.3220 9.8254
4.6977 -2.0192 6.6237
6.7162 -2.5989 7.7080
6.2572 -2.4216 7.7963
5.6792 -0.1844 11.9202
5.6711 -2.8853 6.5337
-5.4815 -0.7253 4.3967
4.1853 4.7202 20.8303
4.4346 -1.2966 8.0565
8.7916 2.6481 19.3617
1.4556 -1.5468 3.9303
4.3180 -1.8311 6.5732
1.1485 -0.3338 9.0059
-2.8014 -1.7063 3.9899
0.7071 -0.5066 8.4067
-5.0667 -0.9213 4.2457
4.7293 0.8797 13.4919
6.3039 -1.8298 9.0025
2.7132 -2.1761 5.0837
3.1044 -1.8378 5.3078
5.0335 -0.8269 8.2433
-4.8504 0.2418 6.6882
5.9436 -2.8475 6.7664
12.6483 2.5427 21.3792
5.5172 0.0613 12.3164
-4.5301 -1.0492 4.3007
5.8957 -2.9461 6.5422
1.7963 -2.4967 4.5157
5.8076 -1.5719 9.2297
4.5768 5.0914 21.7961
0.0737 -1.1453 6.7681
4.3093 -1.3500 7.8936
1.5431 -2.3302 4.5876
3.3080 -1.1721 7.2334
3.6992 0.0249 4.9548
4.0242 0.7521 5.2231
1.4650 -1.4873 5.8719
3.7240 0.1375 4.9532
3.5750 -1.4968 6.8396
1.9570 -1.1783 6.6430
-4.6490 1.0674 8.4496
-3.9109 -1.3627 4.0337
5.1995 -0.5396 10.9354
5.6500 -2.0819 8.1224
6.8452 -1.6410 9.6911
1.2383 -2.8304 4.0830
6.3298 -1.7069 9.2623
-2.7098 0.4368 8.3131
2.3695 0.1952 10.7652
5.0270 -0.2605 11.3919
3.0262 -1.4857 6.4190
3.0487 -1.3141 6.6244
4.0260 0.7341 5.2447
1.0781 -2.7839 4.0831
5.7107 -2.3676 6.7923
-11.5097 2.4402 7.2226
5.7861 -2.8958 6.5792
5.3176 -2.1678 6.8773
6.3462 -2.8195 7.0548
2.4003 -2.6083 4.9443
4.3067 -2.0221 5.9500
1.4820 -1.5142 3.8844
-0.8795 -1.7538 5.0051
5.8206 -2.7844 6.8212
5.8534 0.3370 13.0599
7.9733 -1.5896 10.4451
0.5904 -1.2622 5.9501
-13.3560 4.9012 11.0602
4.5257 4.9021 21.3895
2.7312 -2.4633 5.0356
6.7700 -1.2582 10.4106
3.7168 0.5939 12.3377
-5.3697 1.0034 7.9059
3.8437 -1.3736 7.1752
7.2055 -0.0650 13.0396
7.2533 -1.0498 11.1049
5.5834 -0.6350 10.9670
1.5166 -2.2238 4.6480
7.5864 -2.1743 9.0565
6.6243 -2.0939 8.6612
3.5225 -2.8798 5.3037
3.8151 -2.5296 5.6991
7.0181 -2.3579 8.3625
4.7280 -2.3649 6.1289
-7.6567 2.4402 9.4480
5.8764 0.6485 13.6938
-0.4114 -1.8867 5.0106
6.3017 -1.8001 9.0603
5.7700 -2.2954 6.8992
5.9681 -2.8747 6.7263
-3.7750 -0.2972 6.2353
2.1758 -2.9651 4.3561
-1.0658 -0.9994 6.4008
13.2148 2.6481 21.9164
7.1402 -2.2597 8.6287
9.1080 -0.2607 13.7485
9.1982 1.3387 16.9875
-20.8053 6.9320 10.8045
-1.4166 -2.1168 3.9715
2.2604 -2.0629 4.9887
2.9789 -1.8389 5.3995
-3.2931 -0.8120 5.4878
1.6398 -1.8040 5.3502
7.3416 -0.2229 12.8037
2.4736 -1.7477 5.6107
-0.5806 2.1505 12.9575
1.9664 -2.9555 4.2543
-0.2188 -2.5983 3.7039
9.5646 3.3537 21.2142
1.3618 -2.8796 4.0562
8.4505 0.1050 14.0974
-2.2575 -1.7844 4.1483
2.1661 -1.1144 6.5691
6.0277 -2.7225 7.0641
6.0184 -1.0498 10.3918
-0.2060 -2.0572 4.7895
3.9741 -0.9481 9.4137
1.8942 -2.2158 4.5823
3.1927 -1.3972 6.4619
-0.9669 0.7617 9.9670
15.7344 5.0920 28.2414
-7.5643 3.6206 11.8533
9.8623 0.8199 16.3372
2.3283 -2.7093 4.9539
-5.3909 -0.4389 5.0196
5.9882 -2.2070 8.0684
2.4922 -2.6254 5.0068
4.7900 -2.7224 6.3495
-0.4460 -2.3851 3.9975
3.2994 -2.9410 5.0529
5.9818 -0.9482 10.5730
-11.5090 2.0593 6.4641
3.7987 -2.0974 5.5874
8.4617 2.4403 18.7573
7.4151 -0.6961 11.9031
3.9848 -2.8799 5.5707
3.8077 -2.9362 5.3562
5.9262 -1.7963 6.6290
0.9038 -2.7779 3.9943
4.7788 -2.8799 6.0291
6.6706 -2.9062 7.0693
5.6917 -0.1055 12.0846
10.6805 1.8841 18.9304
3.4743 1.0033 13.0134
6.5482 -2.6832 7.4430
-5.6746 1.3389 8.3982
-3.0755 2.6479 12.5077
6.3712 -1.6578 9.3841
5.4467 -2.0313 7.2660
6.2320 -1.6907 9.2381
2.2771 -0.6656 8.9966
1.5470 -1.6945 5.5065
0.5128 -0.6769 5.5719
-16.7124 4.5442 8.4105
5.2573 -2.8419 6.3811
6.7582 -2.4563 8.0164
1.0289 -2.7536 4.1152
7.1346 -0.5069 12.1182
-6.2782 2.6479 10.6579
2.6701 -1.8242 5.5892
8.2957 1.7181 17.2223
-1.0989 -1.3424 5.6982
3.2108 -1.9388 5.1599
-7.5342 -0.0232 4.6102
-3.8741 -0.8675 5.0417
4.6624 -2.1695 6.3401
1.0000 0.5404 10.6621
-9.1328 2.5425 8.7993
6.1388 -0.7258 11.1068
4.6903 -1.5542 7.6860
4.1923 -2.4920 5.9161
4.9262 -0.5719 10.7132
6.2414 -2.9113 6.8113
6.2034 -1.9688 8.6674
5.1385 -2.7843 6.4274
2.4979 -0.4393 9.5750
4.1953 -0.2395 4.6244
-0.4544 -2.0072 4.7457
6.9615 -2.6350 7.7778
1.1367 -1.2176 6.1625
4.3046 -2.6963 6.1211
3.7148 -1.9977 5.7379
3.8858 0.4366 5.0698
-7.1860 2.8684 10.5731
-2.7815 -0.3336 6.7365
5.2347 -1.3834 9.2744
6.0051 -2.8800 6.7371
4.0529 -1.7480 6.3673
6.1778 -0.8951 10.7920
3.7015 -2.8135 5.5393
5.8367 -2.4037 7.5890
2.9162 -1.5772 6.1602
0.2430 -2.6827 3.8026
5.6667 -2.7415 6.8177
5.9626 -2.0939 8.2791
-4.7702 0.7047 7.6568
1.5411 -1.2959 3.7815
-0.1835 1.1328 11.1589
7.3015 -2.2390 8.7632
-2.5043 -1.5714 4.4303
1.1073 -2.9260 3.8169
-14.8444 3.6203 7.6483
4.7700 -1.6021 7.6857
6.5560 -2.9314 6.9528
1.6642 -2.7285 4.5320
-4.5417 -0.6653 5.0591
1.7040 -1.4041 6.0982
6.8943 -2.3765 8.2540
9.0016 0.7044 15.6100
-14.1466 2.2443 5.3094
-14.0592 6.6644 14.1674
-2.0689 -1.0245 5.7714
5.2686 -2.8957 6.2805
3.7779 -2.7287 5.7524
0.1313 -2.2066 4.6867
4.0978 -2.5561 5.8930
13.9788 3.9075 24.8671
-3.1610 0.0187 7.2194
8.7288 -0.4396 13.1731
2.5884 -2.9555 4.6134
8.4172 -1.0985 11.6801
5.1947 -2.3114 6.5100
1.7263 -2.8954 4.2353
3.6048 -0.0649 10.9603
4.6324 -2.3824 6.0866
6.6855 -2.1743 8.5364
-6.2650 -0.4729 4.4472
4.7823 -2.8307 6.1292
9.6093 5.0917 24.7032
-10.6366 5.0906 13.0081
2.6942 -0.7550 9.0593
-2.8226 -0.4730 6.4350
-7.5332 0.4883 5.6299
-0.3633 -1.9551 4.9022
14.3862 6.4107 30.0903
2.5187 -2.0498 5.0939
-4.6578 4.5448 15.3736
5.3601 -2.3227 6.6347
-1.9281 -1.7537 4.3997
6.6688 -0.2229 12.4151
1.0986 -0.2226 9.1986
6.7444 -1.1916 10.5285
3.8330 -1.9662 6.0287
2.4198 -2.8690 4.6884
6.2077 -2.9654 6.6840
-0.9163 2.1505 12.7637
7.5335 -1.1916 10.9841
6.7010 -0.6350 11.6124
9.2323 -0.6962 12.9525
11.6558 6.9349 29.5578
2.4897 -1.1164 6.8425
5.4830 -2.7723 6.6503
2.9082 -2.7286 5.2502
1.4368 -1.2495 6.1725
2.3149 -2.9360 4.4943
-7.0443 2.5425 10.0055
0.7778 0.5404 10.5338
7.5258 -0.8125 11.7351
4.7128 3.1033 17.9132
6.5482 -2.1405 8.5244
0.9547 -0.1842 9.1920
3.9783 2.5426 16.3717
3.5631 -2.8691 5.3485
4.2782 -2.7661 5.9667
-6.0065 1.8001 9.1255
4.3067 -0.0632 4.6543
13.9094 5.7088 28.4162
-5.4758 0.5406 6.9224
4.5847 -2.0171 6.7130
6.2804 -2.7540 7.1472
3.5358 -2.9556 5.1604
1.0299 -1.7746 5.1933
4.2407 -0.2377 4.7907
6.0521 -1.4647 6.4804
5.3563 -1.6577 8.7980
1.7777 -1.9515 5.0624
1.8607 -1.9767 5.0391
2.5750 -1.8590 5.6299
4.2458 -2.7414 5.9973
6.0622 -1.6743 9.1726
0.3529 -2.4893 4.2513
3.0786 -2.5415 5.3002
3.3770 0.1051 11.1675
6.8258 -2.3485 8.2703
5.7940 -2.8800 6.6152
16.0377 5.0921 28.4165
8.1668 -1.7070 10.3230
1.5221 -2.9109 4.0866
4.5783 0.2888 12.2273
4.8434 0.4879 12.7772
3.8516 -2.2212 5.5009
-0.7977 -0.9215 6.7108
3.4589 -1.8691 5.8052
3.6346 -2.0595 5.7268
3.4829 -1.6266 6.4958
-1.9499 2.3409 12.5460
6.0037 -1.5740 6.5254
6.7024 -1.7543 9.3830
-16.8355 4.0573 7.3690
-0.3349 -2.0815 4.6667
1.6353 -0.7549 8.4478
0.6717 -2.8953 3.6263
7.0367 -1.0498 10.9798
2.8424 -2.0016 5.3399
-6.4619 2.0593 9.3790
5.4876 -2.3091 6.8426
5.8709 -1.4806 9.4480
4.6230 -2.8584 5.9820
1.6437 -2.8360 4.3059
2.8567 -1.5416 5.7459
4.1104 -0.8679 9.6523
4.3179 -2.9060 5.7109
-2.4691 -1.7063 4.1818
3.8079 -2.0227 5.7468
3.5610 -0.9740 9.1234
-2.6361 -1.2792 4.9363
-3.7134 1.5606 9.9728
4.3469 0.0288 5.2875
5.5574 -0.4734 11.2740
4.6890 -1.6669 7.4733
2.4016 -2.1974 4.7906
4.4162 -2.9557 5.6687
5.9336 -1.4617 9.5220
5.1949 -2.5503 6.5136
5.8475 -1.7386 8.9205
0.2807 6.1652 21.4546
4.2096 -2.7094 6.0401
4.7100 -2.5006 6.2063
4.6059 -2.4510 6.1176
1.8507 -2.0771 4.8453
4.2880 -1.9611 6.0293
12.7343 4.0584 24.4490
-4.3987 0.1954 6.8567
4.1599 -2.1541 5.8550
-4.8177 -0.3693 5.4894
9.8895 0.1495 15.0172
4.6927 -2.4313 6.1505
-0.4617 -1.3217 6.1075
7.8601 -1.8589 9.8431
5.5859 0.1497 12.5320
1.7484 1.6383 13.2821
0.4457 -2.4472 4.3887
3.2785 -0.9587 7.5807
1.7708 -1.9427 5.0821
6.0378 -1.3333 6.4332
-1.3556 -0.7255 6.7792
-1.5971 0.0187 8.1225
2.2197 -2.8527 4.6053
2.4024 -2.1894 4.9428
6.3539 -2.8476 7.0033
-1.5225 -1.1683 5.8004
6.3916 -2.7096 7.2999
3.4837 -0.0918 6.5345
8.8532 -0.7842 12.5583
-0.1669 -2.5608 3.8087
-15.2654 2.9838 6.1367
5.4311 -2.3596 6.5511
4.3605 -2.5517 6.0351
4.6026 0.7616 13.1834
7.1832 -2.4981 8.1786
-1.0588 -2.1399 4.1321
-0.5247 -1.3424 6.0298
2.1680 -2.8582 4.5646
6.0578 -0.2976 11.9134
3.9580 -0.0236 11.2466
9.1423 -0.0238 14.2403
-3.0163 3.1032 13.4490
6.4920 1.1327 15.0141
8.8842 1.7181 17.5622
6.1703 -2.6559 7.2791
-0.0222 -2.1285 4.7536
3.1717 -2.9311 4.9989
5.3754 -2.1604 7.0199
4.9461 -0.1844 11.4968
2.6676 -2.1728 4.9093
2.0166 0.7616 11.6900
6.2023 -2.7096 7.1907
-1.5368 -2.0448 4.0456
-0.3667 -1.9683 4.8738
3.0539 -1.7533 5.5366
5.2619 -1.5178 9.0223
2.6971 -2.0359 5.0662
7.0078 -2.6765 7.7218
1.7028 4.0580 18.0770
-0.1229 1.0673 11.0634
4.3800 -2.5698 6.0583
3.4872 -2.8637 5.3154
7.0101 -0.0650 12.9267
3.9540 -1.8566 6.2165
0.4406 -2.2592 4.7604
5.6720 -2.9510 6.4034
3.6395 -2.8638 5.4033
8.1598 -1.1223 11.4840
4.7762 -2.7843 6.2182
3.9899 -1.3497 7.7051
6.2209 -2.8194 6.9825
-14.2900 5.7069 12.1262
-11.3773 6.6646 15.7167
3.6979 -2.7538 5.6562
8.1744 -0.2606 13.2094
0.8979 -2.9057 3.7363
7.4453 -2.2494 8.8255
2.4901 -2.2812 4.8085
6.7578 0.7615 14.4280
2.2754 -0.9996 6.6450
1.6903 -2.8636 4.2779
3.5953 -1.8374 5.8054
4.5172 -1.3651 7.9518
-4.2804 -0.9213 4.6997
-9.6288 4.5446 12.5022
-6.5017 0.1501 5.5517
4.1537 -0.2450 4.6726
5.4813 -2.7783 6.6372
-6.3824 0.9410 7.1966
3.7121 -1.9826 5.7740
7.3603 -2.0330 9.2076
5.4174 -2.1290 6.9864
4.2715 -2.1135 5.8019
9.2502 -0.4050 13.5430
4.5480 -2.2810 5.9658
-0.2296 -0.7837 7.3135
0.1272 1.2685 11.6087
8.0106 -1.3429 10.9583
4.0373 -2.0744 5.8040
0.3091 -2.5531 4.0989
-14.8244 3.7609 7.9400
0.4184 -2.6893 3.8905
2.0598 -2.7474 4.7227
-12.8996 3.3531 8.2391
-0.0045 -0.2226 8.5615
7.8266 0.5403 14.6044
6.5236 -2.3579 8.0770
7.9737 4.5454 22.6699
7.4448 -2.1291 9.0650
2.3912 -2.6761 5.0563
3.7315 -1.0834 7.9599
4.4500 -1.8413 7.0014
5.7512 -2.9654 6.4204
5.7362 -2.8747 6.5924
3.6901 -0.3339 10.4736
-10.8057 2.0593 6.8702
3.9220 -2.9605 5.3738
4.2584 -0.2123 4.6516
5.9719 1.0032 14.4557
0.5758 -2.5532 4.2528
-7.0267 -0.1051 4.7401
6.9912 -2.3294 8.4039
6.0768 -0.2228 12.0733
2.8277 -2.8018 5.0579
6.4707 -1.8001 9.1579
15.8190 4.9027 27.9130
-2.0225 2.5426 12.9059
2.7716 0.9408 12.4830
5.5990 -2.9654 6.3326
1.4582 -1.7059 5.4227
-14.7140 5.9305 12.3268
-16.9611 4.2136 7.6081
-0.9832 -1.8439 4.7658
4.2179 0.2239 5.1901
4.3837 -1.5514 7.4845
-0.5545 -2.5137 3.6787
2.2130 -2.4491 4.7320
3.8887 -1.5384 6.6676
2.2425 -1.5085 5.8724
0.6420 5.4937 20.3252
2.5582 -2.8191 4.8677
1.5108 -1.6571 5.5709
5.2994 -2.3458 6.5315
-7.0988 0.7618 6.4259
2.8357 -1.5697 5.7258
6.0391 -1.6410 9.2257
6.5848 -2.7416 7.3478
2.1933 -2.9007 4.4946
-0.4923 -2.4122 3.9169
0.4812 -0.5066 8.2762
6.7969 -2.7784 7.3969
5.5046 -2.7352 6.7367
-1.1900 -1.7381 4.8570
-2.7371 -1.2792 4.8780
7.4472 -0.4050 12.5018
5.4769 -1.8730 8.4386
8.0365 -0.7259 12.2026
2.9053 -2.9211 4.8650
-5.9608 2.9839 11.5109
3.7220 -2.8904 5.3979
1.8534 -0.2604 9.5593
3.6659 -1.8464 6.0048
-0.4346 -2.4385 3.8977
1.4444 -2.9409 3.9819
4.0477 -1.8520 6.1891
5.9620 -2.0577 8.3509
1.3665 -2.8133 4.1911
2.5006 -2.1077 5.0615
6.1848 -1.4034 9.7832
7.3162 -2.0940 9.0606
-1.6930 -1.0494 5.9390
2.1707 -2.9261 4.4308
8.2660 3.1034 19.9655
0.3670 -2.8189 3.6026
-1.2862 -2.2065 3.8682
5.0839 -2.1206 6.8119
-2.7109 -1.0493 5.3512
7.6625 -1.0250 11.3906
4.8964 -1.9872 7.0096
5.0131 -1.9489 7.1053
6.7524 -2.7904 7.3473
5.9280 -2.8021 6.8479
-1.2715 -0.5716 7.1343
3.8216 -1.8360 6.1751
7.1758 1.8841 16.9063
4.3415 1.0033 13.5142
0.3932 -1.0795 5.7799
4.1544 -0.1596 4.5707
5.4570 -2.9313 6.3183
2.3474 -2.9211 4.5429
3.7042 -2.1190 5.4565
-3.0065 -1.2357 4.8090
5.8216 -2.3844 6.9613
0.8067 -0.9479 7.5847
1.8576 -2.9160 4.2701
4.9676 -1.5063 8.0845
1.9313 -1.6394 5.6905
6.2616 -2.8476 6.9500
6.8925 -1.9150 9.1725
5.3253 -1.7997 7.6279
5.4049 -1.6906 8.7605
-3.1635 -1.3627 4.4653
4.6649 -2.8136 6.0955
3.3067 -1.5429 6.2434
-6.3962 0.5406 6.3909
2.1124 -1.8484 5.4554
6.0459 -2.7289 7.0619
3.5178 -2.8528 5.3548
2.5607 -2.7475 5.0119
0.7285 -2.7284 3.9917
-11.1060 1.8842 6.3479
9.9456 1.4847 17.7101
6.6160 -2.6832 7.4822
4.6648 -2.7600 6.2021
-6.4961 3.4847 12.1995
-0.0904 -2.4727 4.0284
8.4240 -1.4995 10.8849
13.1237 6.6666 29.8711
1.6357 -2.1678 4.7523
2.1550 -2.2779 4.6068
6.7339 -2.8080 7.3016
1.3861 -0.8122 8.1898
-7.2456 -0.1448 4.5344
6.6206 -2.8476 7.1572
1.1870 -2.9650 3.7852
8.1427 -1.4808 10.7598
1.6182 -2.1898 4.6851
4.1179 -2.7476 5.9110
2.4649 -2.1118 5.0134
-14.2526 5.9305 12.5933
-12.5368 2.1505 6.0523
2.4645 -0.5067 9.4215
1.6919 0.6486 11.2773
5.0810 -2.2147 6.6781
10.8497 1.5605 18.3834
5.5331 -2.2566 6.7958
3.0944 -1.2725 6.8465
2.4204 -1.2288 6.3048
0.2835 0.2417 9.6530
3.8404 -2.4764 5.7344
-3.4738 -1.2135 4.5834
2.2061 -2.1218 4.8554
1.6365 -2.7536 4.4659
7.6879 4.5454 22.5048
7.7109 -1.5179 10.4364
-1.5343 -0.6347 6.8569
6.2098 -1.9555 8.6975
7.4135 -1.0985 11.1005
4.4800 -2.8250 5.9660
6.3918 1.8000 16.2859
6.3349 -2.4980 7.6888
8.1465 2.0593 17.8160
1.8241 -2.7840 4.5137
6.4791 -1.7850 9.1928
4.4795 -1.4318 7.8092
-16.5628 4.9010 9.2079
2.3078 -2.1944 4.7616
0.6867 -0.6655 8.0782
5.0738 -2.1069 6.9032
7.5153 -0.5397 12.2726
6.5708 -2.6832 7.4561
0.3698 -2.1170 5.0029
-0.2167 -2.2592 4.3809
-1.8197 0.7046 9.3607
4.7819 -1.3487 8.1472
-1.0208 -1.1684 6.0901
4.3415 0.1215 5.2719
5.9039 3.9072 20.2030
8.1700 3.1034 19.9100
-2.3923 0.7617 9.1439
-11.6651 1.7182 5.6943
-3.4077 1.5606 10.1493
-1.4629 -1.4226 5.3281
3.6122 -0.0584 5.2471
5.5210 -2.2798 6.7822
-6.0741 -0.2971 4.9076
-0.5946 -2.4032 3.8756
4.0875 -1.8914 6.1478
-1.4722 -1.9813 4.2094
2.9727 2.0593 14.8279
5.3346 -1.8207 7.5711
-9.8786 0.9410 5.1775
3.8855 -1.4231 6.9627
7.5918 -1.7229 9.9592
-5.3473 0.1054 6.1295
9.5468 4.7204 23.9273
3.3145 -2.0241 5.5098
6.3408 0.3370 13.3413
2.2706 -1.6949 5.6265
1.3989 -1.6596 5.4092
5.0264 -1.9405 7.1421
-2.4738 -1.1911 5.2056
1.0755 1.4848 12.5874
6.3941 -1.7850 9.1438
-4.7683 -1.0492 4.1632
-3.8679 1.4849 9.7325
4.5557 -2.3123 5.9888
4.8413 -2.0436 6.7448
0.1242 -2.4033 4.2907
1.9202 -2.1227 4.8584
5.9465 -0.5397 11.3667
8.0832 -1.5720 10.5436
2.8072 -2.4118 5.0451
3.9040 -1.5935 6.6174
1.5618 -2.2925 4.5672
-3.9461 1.1999 9.1195
7.0433 -0.4395 12.1997
3.5309 -0.1111 5.8140
2.7078 -2.9459 4.7016
6.0995 -2.6206 7.3085
-4.0767 0.3866 7.4235
6.7017 -0.8405 11.2035
4.3572 -1.2606 8.0868
5.1238 -2.2603 6.6059
6.2452 -2.3765 7.8792
8.0455 0.1950 14.0429
-6.4157 0.6488 6.5952
3.3594 -1.0583 7.3653
5.6505 -2.2949 6.8979
7.5459 -1.8589 9.6618
-2.6243 0.7617 9.0099
-2.1657 2.3409 12.4214
5.2475 -0.9218 10.2015
-2.9999 0.2418 7.7569
-2.0191 -0.8120 6.2235
1.5561 -0.2227 9.4627
2.6872 -1.3978 6.1766
4.9900 -2.8957 6.1196
7.6226 -2.0330 9.3590
8.3482 -1.1458 11.5461
5.9362 -1.8297 8.7901
6.8549 -2.0077 8.9661
5.1144 -1.7423 7.5539
-0.7354 -1.8583 4.8801
3.9647 -2.8799 5.5591
11.0772 1.4108 18.2164
4.0872 -2.2788 5.6943
-0.7830 -2.1848 4.2021
2.0276 -2.7222 4.7545
5.0000 -2.2682 6.4158
-6.3213 -0.5063 4.3481
3.8318 -1.5958 6.5923
2.7894 -2.9556 4.7294
3.9527 -1.9594 5.9709
-8.7315 0.5942 5.1489
5.8005 -0.2605 11.8386
4.9255 -1.6888 7.6424
1.6888 -0.5395 8.9081
-5.9841 0.3866 6.3221
6.2224 1.1997 14.9920
7.5962 -1.4995 10.4070
1.5413 6.6657 23.1799
1.4110 -0.1452 9.5333
5.4447 -1.2797 9.6023
-11.4125 3.3532 9.0980
3.6333 -1.7959 6.0782
3.2856 -2.7538 5.4181
6.6894 -2.7353 7.4207
3.0585 -2.2322 5.0718
5.7029 -2.8585 6.6055
5.9155 -2.8958 6.6539
6.5357 -2.4304 7.9396
2.1910 -2.8361 4.6219
-0.3235 -2.4893 3.8608
0.9023 -1.7909 5.1186
-2.1299 -1.8438 4.1037
-0.4544 -2.4642 3.8351
-5.2656 1.0034 7.9660
13.1765 4.5456 25.6752
-6.8719 5.7074 16.4115
3.1719 -2.6962 5.4671
1.1236 -2.0494 4.7279
4.1940 -0.1741 4.5764
3.0283 -0.0236 10.7097
4.0914 -2.8904 5.6112
7.5180 0.1496 13.6477
1.4541 -2.9409 3.9875
-3.1291 1.6384 10.4651
8.1473 -1.3836 10.9561
6.8285 -1.0743 10.8108
3.8435 -1.1458 8.0086
-2.6363 0.0616 7.6079
5.3816 -2.5862 6.6449
3.6750 -2.7661 5.6184
-4.6647 -0.1840 5.9469
7.9360 -0.3698 12.8542
-1.3181 -1.9550 4.3509
8.0619 -1.7070 10.2624
-5.4461 2.3409 10.5268
3.4088 -2.7223 5.5520
3.4472 -0.9598 7.5228
2.5836 -2.4812 4.9631
8.5314 -1.4232 11.0989
3.9157 -0.0607 4.9542
3.7401 -1.6653 6.4824
2.0398 -1.8799 5.2813
2.4595 -2.8361 4.7769
7.6744 -1.1457 11.1570
3.9669 -2.8193 5.6811
2.1711 -2.1817 4.8240
2.5722 -0.6710 7.5559
6.8662 0.4365 13.8430
5.8045 -2.9363 6.5091
2.6104 -1.1709 6.7967
-0.0518 -2.1285 4.7364
1.3022 -2.8581 4.0647
-1.4565 -1.9813 4.2185
3.3403 -2.9161 5.1262
-2.4711 -0.8400 5.9068
9.4226 0.0612 14.5716
-1.0383 1.5606 11.5177
1.5399 1.3388 12.5647
1.6616 -1.4727 5.8387
3.9779 -2.1568 5.5571
1.6140 4.9020 19.7075
4.8725 -1.4971 7.9360
2.9697 -2.1719 5.0813
5.3661 -2.5415 6.5931
3.6647 -1.7090 6.4232
3.1381 -2.2450 5.1206
-1.2955 -1.7223 4.8276
6.9361 -2.5690 7.8946
5.5737 -2.9314 6.3857
5.1322 2.4403 16.8343
5.1648 -2.6233 6.5449
4.0103 0.5543 5.1557
2.7645 -2.1043 4.9751
6.6833 -2.4391 8.0074
11.9488 6.1661 28.1951
4.0446 0.6453 5.1767
3.0083 -1.7947 5.7117
5.1102 -2.8853 6.2098
6.3944 -2.6628 7.3948
0.6937 -2.3943 4.6374
0.6949 -1.2633 6.0335
4.7782 -2.7160 6.3555
3.5027 -2.7287 5.5935
-10.0526 1.2000 5.5929
-2.0987 -0.9993 5.8044
4.4021 -0.2085 4.7651
6.9283 2.4403 17.8717
-0.7017 0.7617 10.1202
2.2393 -1.9618 5.3120
-8.3640 0.5407 5.2545
4.4702 -2.8584 5.8938
-2.3271 -0.1052 7.4540
5.8767 -2.6696 7.0823
-2.7856 -1.3005 4.8075
3.6689 -2.1112 5.4476
-2.1030 -0.2225 7.3497
2.0635 -1.8176 5.3498
4.3445 -2.8746 5.7889
5.7976 -1.3220 9.7218
2.3099 -2.8076 4.7473
4.9251 1.4848 14.8107
5.5043 -2.1909 6.8909
11.0033 3.2265 21.7917
3.0651 -1.8342 5.5439
4.6527 -1.9737 6.6953
-5.7015 1.0674 7.8418
3.5379 -2.1612 5.4128
3.0146 -2.0484 5.1706
7.1852 -0.1056 12.9470
-2.2403 0.8201 9.3480
-2.9197 -1.0245 5.2801
3.0637 -2.6896 5.4179
4.5873 -2.2032 6.0026
-2.2719 -1.1217 5.4605
3.7378 -2.1541 5.4427
4.1402 0.4229 5.1007
3.7858 0.1555 4.9848
5.8325 -1.9855 6.7903
1.8235 -2.8744 4.3334
9.2169 0.3862 15.1004
-0.0291 -2.6201 3.7700
4.5324 -2.7094 6.2265
5.6010 -2.9363 6.3916
5.0532 -2.4607 6.3698
-0.5748 -1.8867 4.9162
-3.3695 1.5606 10.1714
0.3924 -0.4732 8.2915
3.3123 -2.5713 5.4454
-12.2029 3.9066 9.7444
4.2390 0.3236 5.2468
2.9174 -2.6896 5.3334
-3.4515 -1.5355 3.9547
1.4693 -2.8075 4.2620
1.8217 0.6486 11.3522
7.5173 -1.5896 10.1818
-4.6230 -0.7546 4.8340
1.6012 -1.6454 5.5420
2.1512 -2.5141 4.7318
2.7411 -2.8744 4.8632
5.1535 1.5606 15.0937
5.6834 -2.8800 6.5514
8.5346 -0.7260 12.4902
4.3427 -2.0159 5.9503
4.6944 -2.2350 6.2518
3.1180 -1.9273 5.5178
-9.2703 4.0576 11.7388
11.8005 3.9074 23.6089
-4.1036 2.0593 10.7410
-4.1961 -0.3336 5.9196
5.8310 -1.5541 9.2787
1.4463 -1.9454 5.0976
2.9560 -1.7186 5.5095
6.4335 -2.2493 8.2412
2.4382 -1.7355 5.5240
6.1362 -1.9422 8.6817
2.3236 -2.9409 4.4895
3.2782 -2.8192 5.2834
0.9141 -2.9005 3.7560
0.0471 -2.3480 4.3563
-6.7710 2.7565 10.5897
2.8160 -1.4974 6.2520
6.2521 -2.9462 6.7479
10.5357 0.4364 15.9622
1.0961 -2.7156 4.2295
2.4628 0.2416 10.9114
4.5657 -1.9882 6.7620
-16.2797 3.6203 6.8193
7.5660 -1.1223 11.1412
0.8153 -1.6899 5.2781
13.1265 5.0919 26.7349
3.5473 -1.6512 6.5913
4.3279 -0.0270 5.2846
6.4954 -1.3221 10.1247
12.2420 5.2890 26.6167
3.4510 -1.8317 5.8773
0.5613 -0.9479 7.4430
7.0058 -1.9150 9.2379
1.2776 -2.2296 4.4483
1.8587 -1.6233 5.6508
9.3995 1.4108 17.2474
-6.5355 0.1055 5.4434
3.7804 -2.9262 5.3602
5.1192 -2.3013 6.4728
5.4922 -2.4146 6.5730
4.2271 -1.7105 7.0498
3.3637 -0.7257 9.5043
3.6582 -1.6815 6.4399
1.3707 -2.9260 3.9690
5.0969 -2.9363 6.1005
2.2912 -2.8527 4.6466
2.8988 -2.2547 5.0379
4.3517 -2.0149 6.0771
0.2970 -2.2173 4.7610
4.7756 -1.7935 7.2761
5.8946 2.2444 16.8842
4.1939 -0.7257 9.9837
4.0227 -1.3759 7.5521
3.4934 -1.3863 6.9101
3.8508 -2.7223 5.8072
3.9823 -2.9508 5.4278
-6.1103 -0.5714 4.3402
-2.1197 -1.9416 3.9147
6.8522 -2.1290 8.7227
5.9487 -1.7153 6.5881
5.2878 -1.4425 9.1873
3.0521 -1.9245 5.2744
6.2479 -1.3428 9.9404
8.8166 1.0032 16.0986
1.8758 1.1327 12.3481
2.6830 2.0593 14.6605
5.3506 -2.3281 6.6433
3.6871 -2.9312 5.2964
2.0829 0.7616 11.7283
4.6613 -1.6971 7.4305
-0.5030 1.1328 10.9743
-3.4473 -1.0493 4.9260
5.9022 -1.8333 6.6691
2.3717 -2.8134 4.7715
4.1434 2.6480 16.6771
-8.9627 1.2686 6.3592
5.4155 -2.4884 6.5859
5.5958 -2.1419 7.0865
-6.1951 0.8202 7.0641
0.1184 -2.0815 4.9285
-0.1811 -2.4472 4.0268
7.6339 -2.1058 9.2205
0.7188 -2.8016 3.8403
4.6784 -0.8404 10.0351
9.6169 -0.1846 14.1940
3.0582 -1.2800 6.6438
1.7310 -1.8129 5.2864
-5.5420 0.8799 7.5602
-3.5740 -1.1910 4.5704
1.5316 -1.3497 3.7980
1.5642 -2.8849 4.1625
1.8440 -1.8060 5.3960
-8.2872 0.8799 5.9749
3.8223 -2.3358 5.5647
3.1349 -0.9217 8.9816
1.0670 -1.9972 4.7795
0.1700 -2.7719 3.5827
6.1429 -2.7962 6.9837
2.6508 -1.9223 5.3891
3.5801 -1.9757 5.7196
2.9818 -2.7537 5.2427
7.5133 -2.2390 8.8855
-0.9999 -0.8401 6.7562
1.5356 -2.8190 4.2773
2.8429 -1.8661 5.4367
6.3647 -1.8731 8.9512
6.0230 -1.4534 6.4590
4.1816 -0.2437 5.2335
5.0984 -0.6975 8.1945
-2.5688 1.7182 10.9477
-10.8327 1.1329 5.0088
3.4020 -2.7960 5.4012
1.8555 -2.4131 4.4988
1.6149 -1.5406 5.7921
0.8852 -2.9554 3.6300
3.3049 -2.3771 5.3078
0.6493 0.0186 9.4197
1.9202 -1.1356 6.5079
5.8457 -1.9643 6.7674
1.4078 -1.1952 6.2480
5.9973 -1.7068 9.0703
-7.3798 5.4932 15.6913
0.0963 -2.6057 3.8713
3.0911 -2.2610 5.1041
5.3502 -2.6048 6.6396
1.7618 -2.3127 4.5320
-2.2770 -1.8144 4.0772
-2.0529 -0.6034 6.6198
5.4350 -1.7228 8.7138
8.1802 -0.6961 12.3450
3.8001 -0.7550 9.6979
2.0146 -2.9210 4.3507
-1.6182 -1.8292 4.4282
1.9054 -1.9820 5.0857
4.3525 -0.1757 4.7016
6.7907 -2.8138 7.3229
4.5544 -2.0831 6.4260
-6.5601 4.2140 13.6159
4.0308 -2.7476 5.8607
-2.1610 -1.6901 4.3919
-0.2377 -1.3831 6.1144
-0.1305 0.1053 9.1421
-24.7839 6.6635 7.9717
-17.6982 6.9323 12.5996
4.6905 -1.3176 8.2250
2.4684 -0.4733 9.4903
1.6103 -1.8041 5.2511
8.0454 -1.6411 10.3842
4.8293 -1.6096 7.7801
-8.2302 6.9331 18.0694
-3.5798 -1.2357 4.4780
7.4030 -2.3948 8.5113
0.9740 -0.3695 8.8339
-1.1695 -2.0324 4.2825
3.8339 -2.5332 5.7179
6.2168 -2.5840 7.4493
5.8309 -2.3856 7.6217
2.5406 -1.0402 7.0977
3.9391 0.5993 5.2117
-5.0446 2.5425 11.1605
5.3530 -2.1954 6.8992
1.6974 -2.8472 4.3147
9.7798 -0.1846 14.2881
3.1621 1.0033 12.8331
-3.2203 -1.0979 4.9602
2.8834 -2.8903 4.9137
4.5387 -1.2456 8.3078
5.8420 -2.7844 6.8335
1.0266 -2.8902 3.8417
3.9207 -0.5067 10.2623
-2.4224 -1.2136 5.1905
1.4593 -1.4679 5.8548
-14.1297 6.6644 14.1266
6.4271 -2.7602 7.2197
1.0651 -0.0648 9.4937
0.0909 -0.7255 7.6145
2.1856 -2.3308 4.6370
-5.0739 -0.0646 5.9486
2.0977 -0.0648 10.0900
-5.0100 0.4369 6.9847
1.9572 -1.1187 6.6427
-11.8876 2.5425 7.2082
7.8026 -1.9689 9.5908
-3.6573 -0.1450 6.6066
5.8259 -2.0146 6.8020
2.6478 -2.7475 5.0622
-2.3976 -1.0738 5.4833
1.4079 -1.7152 3.9672
7.3452 -2.2901 8.6865
5.1694 -2.2254 6.6440
-1.1565 -1.9943 4.3659
3.1036 -1.8889 5.5150
3.8931 -0.9741 9.3152
-4.0692 -1.3215 4.0244
3.4484 -2.9161 5.1886
3.3649 -1.3414 6.9472
7.6159 -1.7698 9.8797
7.4497 3.1034 19.4940
3.1679 -1.0396 7.3712
5.5823 -2.8251 6.6024
10.1587 0.6484 16.1668
4.4163 -0.1941 4.7704
-0.0025 -2.0072 5.0066
4.5167 -0.9997 9.6243
3.1327 -1.8541 5.6105
6.5168 -2.9607 6.8719
7.1581 -2.2700 8.6187
-3.1942 -0.7836 5.6015
3.4391 -2.5162 5.4798
6.7254 -2.4648 7.9805
1.5714 -2.8360 4.2641
5.1889 -2.4418 6.4049
4.6475 0.5939 12.8751
5.0338 -2.2489 6.5585
5.5510 -2.1174 7.9946
3.8183 -2.1534 5.6918
3.4589 -1.8412 5.8625
-4.4229 1.8841 10.2076
6.1026 -2.6349 7.2819
6.3302 -2.0819 8.5151
-1.5683 -2.1051 3.9072
4.8302 -2.8905 6.0378
3.8707 -0.7550 9.7387
6.2512 -1.3835 9.8613
3.9900 -1.9564 5.9814
5.1499 -2.4961 6.4500
-14.9988 4.5443 9.4003
0.6243 0.7617 10.8859
-2.1636 -1.3005 5.1666
3.7416 -2.4406 5.5948
3.7810 -2.8077 5.5967
6.8207 0.0184 12.9836
2.7716 -2.8528 4.9240
3.9934 -2.3921 5.7121
-13.2428 1.9705 5.2859
8.2383 -0.0651 13.6360
0.5670 -2.9005 3.5556
9.1157 6.1658 26.5584
10.4720 1.9705 18.9821
4.4702 -2.9460 5.7192
5.3728 3.9072 19.8962
0.9324 -2.9408 3.6863
5.8720 -1.7697 8.8728
4.7133 -1.9180 6.9285
4.7964 -2.9362 5.9270
-7.1728 1.0035 6.8646
3.1579 2.9841 16.7776
4.6605 -2.8905 5.9398
-2.2833 1.0034 9.6884
2.4517 -2.8636 4.7175
-5.7858 1.0035 7.6656
2.4238 -2.2183 4.7622
-4.1445 -0.9477 4.7257
-7.6052 3.4847 11.5589
2.3780 -2.9160 4.5706
-9.9665 6.4088 16.0219
3.6024 -0.0583 5.2416
3.8115 -2.9411 5.3486
-1.8983 1.1998 10.3021
0.2025 -2.5684 4.0067
3.4775 -2.8956 5.2463
3.8634 -2.4979 5.7116
-3.9869 -0.4390 5.8303
3.7400 -2.2552 5.4640
7.0646 -2.5614 7.9840
-1.3879 -1.9144 4.3914
2.5500 -2.6761 5.1480
4.3274 -2.8078 5.9122
-8.6096 3.2261 10.4636
1.5181 -1.4503 5.8938
4.0469 -2.9312 5.5042
8.5285 5.2887 24.4716
-4.0559 1.4110 9.4767
-1.9424 -0.8400 6.2120
4.1766 -0.7551 9.9153
-1.9124 -1.7995 4.3175
8.7284 1.4108 16.8599
7.3256 0.4879 14.2106
3.3638 -0.3696 10.2139
-6.5158 0.0189 5.2821
6.1148 -2.7415 7.0765
4.9902 -2.9263 6.0587
-0.9247 -2.0934 4.3024
-3.7236 2.2444 11.3293
-1.8204 2.3409 12.6208
-1.2907 -0.2973 7.6699
-9.5072 0.8800 5.2703
3.7569 -1.2485 7.4886
6.3188 1.0032 14.6561
3.2346 -2.9007 5.0958
-2.1007 1.1328 10.0517
-3.8910 0.4368 7.6309
9.1741 -0.5721 13.1661
-7.6904 2.3409 9.2306
0.3145 -2.5454 4.1174
-0.4386 -2.3573 4.0571
3.7860 -2.8956 5.4244
-1.9082 -0.6957 6.5194
-7.2413 1.8841 8.5799
-1.3034 -2.1847 3.9017
4.1456 -2.9162 5.5911
3.8809 -1.2738 7.6800
3.2704 -2.9410 5.0362
8.5167 -1.1458 11.6434
4.2352 0.0419 4.6117
8.7129 -0.0651 13.9100
-8.3720 0.2419 4.6546
1.3741 2.3409 14.4658
11.1914 1.4847 18.4296
-0.3005 -2.5296 3.7936
1.2433 -1.7748 5.3175
2.5770 -2.8248 4.8673
0.4231 -2.7898 3.6930
9.1894 -0.7553 12.8099
-0.2335 -0.2973 8.2804
-3.8708 -1.3422 4.0977
3.8532 -0.1771 5.0669
-10.5360 1.0035 4.9224
4.0795 -1.8809 6.2729
2.7755 -0.9194 7.1743
-0.3654 -2.2896 4.2345
-1.8470 -1.7381 4.4776
3.5699 -1.9986 5.7967
8.4922 -1.1689 11.5831
1.9886 -2.0150 5.0447
4.7121 -1.8549 7.1408
6.5472 -2.9010 7.0083
4.1810 -0.9741 9.4814
4.3071 -0.1304 5.2872
-3.4532 -0.9477 5.1249
2.4048 -2.9261 4.5660
3.5294 1.6383 14.3106
5.5714 -2.7962 6.6537
4.0315 -2.7094 5.9373
2.1329 -2.9109 4.4392
14.7313 6.4108 30.2897
7.4005 -1.8731 9.5493
3.8202 -0.5067 10.2043
4.1606 0.0065 4.5280
3.9255 -1.4429 7.2011
4.1638 -2.6830 6.0663
13.9074 5.9325 28.8608
4.3322 -2.9605 5.6106
1.9842 -2.8133 4.5478
3.1969 -2.8851 5.1052
2.0267 3.9071 17.9635
3.2255 -0.0236 10.8236
1.5595 -2.8304 4.2685
-3.6265 -0.1052 6.7037
9.0721 3.7617 21.7428
4.1695 0.3863 12.1856
2.8549 0.8200 12.2905
3.4715 -2.8362 5.3612
4.3373 -1.4918 7.5739
3.6998 0.1658 4.9361
-6.3853 -0.0645 5.1913
4.0334 0.0185 11.3740
0.5943 -2.7658 3.8397
4.0702 0.4126 5.0944
5.5194 -2.7225 6.7706
3.4775 -2.4282 5.4418
2.2596 -1.4615 6.0704
9.5704 -0.5070 13.5248
4.2131 -0.2322 4.9455
-7.1625 4.0576 12.9563
4.0051 -1.5582 6.7659
10.5408 1.1326 17.3523
2.0183 1.2684 12.7008
4.7137 -2.8529 6.0453
8.8804 -0.0651 14.0068
1.2195 -2.7899 4.1528
3.4580 -0.0857 6.3960
3.3671 1.1327 13.2094
6.5829 -0.9998 10.8175
7.2587 -2.3579 8.5014
-1.9745 -1.8144 4.2519
2.6236 -1.2107 6.8477
2.8329 -1.9927 5.3502
4.5027 -1.9367 6.8234
7.4302 0.1496 13.5970
7.9462 1.3387 16.2645
-8.9758 1.0035 5.8234
1.3606 -2.1271 4.8817
1.2707 -2.2264 4.2519
-0.2788 -2.3191 4.2255
6.8930 -2.5143 7.9787
3.9068 -0.2642 5.3548
7.2015 -2.4816 8.2220
1.5316 -1.2468 3.7980
-2.4325 -1.6404 4.3341
0.5683 -2.5910 4.1731
1.7336 -1.6854 5.5554
-0.3142 -2.0072 4.8266
4.5601 -1.9711 6.8105
-10.0727 3.2261 9.6186
2.9404 0.2416 11.1873
4.9503 -1.4026 8.1888
-14.5591 3.2260 7.0273
4.9314 -2.1746 6.5508
4.4231 -2.4801 6.0223
4.2526 -0.0988 4.6280
2.5866 -1.8528 5.4741
3.9506 -2.9605 5.3903
9.8255 4.3770 23.4039
-7.1459 6.9332 18.6958
6.4719 -2.4815 7.8008
2.9250 -2.8528 5.0125
-12.8501 3.3531 8.2677
5.8853 -2.7415 6.9439
-2.8394 -1.1683 5.0399
-7.4910 0.7047 6.0856
-16.9145 3.3530 5.9201
2.3755 -2.8850 4.6310
6.7063 -2.1853 8.5264
5.9508 -2.0077 8.4441
0.1880 -2.0934 4.9449
6.0085 -2.8585 6.7820
1.0125 -1.2169 6.0730
1.2537 0.1498 10.0302
2.3594 -0.9587 7.0418
-4.4862 -0.8946 4.6341
7.2418 -2.3099 8.5873
15.2681 4.3772 26.5477
3.5441 -0.5067 10.0449
-1.4169 -0.8121 6.5712
4.6509 -2.3803 6.1214
2.0608 -2.1774 4.7477
7.2911 -1.7698 9.6921
2.7425 -1.2603 6.7614
-1.8315 -1.3423 5.2752
-6.0154 0.5406 6.6108
-1.5978 -1.3216 5.4514
4.1312 -1.4642 7.5521
4.5910 -1.9296 6.7784
6.2101 -1.8872 8.8338
1.9427 -1.0993 6.6601
-3.0356 -1.6234 4.0196
7.6548 -1.5179 10.4040
-1.8907 -0.3336 7.2509
-0.2145 -1.0246 6.8422
5.7960 -2.8958 6.5850
4.6421 -2.2160 6.0051
0.8374 -1.7506 5.1364
4.2393 -0.0986 4.6206
3.1612 -2.4811 5.2961
7.7257 0.1050 13.6788
5.7184 -2.8693 6.5929
1.1764 -1.9380 4.9769
10.8770 2.1506 19.5748
0.6583 -2.8796 3.6500
11.0040 5.0918 25.5088
8.9317 3.9073 21.9519
7.2375 -1.1688 10.8587
0.7185 -2.9159 3.6125
-6.2337 -0.5714 4.2689
1.0488 3.2263 16.0422
7.6343 -1.3429 10.7410
11.1041 0.8796 17.1734
4.0047 -0.2228 10.8767
-9.8108 4.0575 11.4266
1.9981 -2.1068 4.8519
1.5977 -1.9232 5.0231
1.4433 -2.1529 4.7723
4.2104 -0.2105 4.6284
2.8033 -1.5219 5.7904
8.0657 -1.5362 10.6049
0.2399 -0.9739 7.2057
4.0560 0.5750 5.2007
6.9066 -2.6207 7.7745
3.7127 -1.9238 5.8993
3.0506 -2.4634 5.2202
4.2348 -0.2154 5.2589
12.1849 2.9842 21.9914
-6.0740 0.2419 5.9816
0.6693 -2.9602 3.4958
6.3475 -0.6038 11.4706
3.2787 3.7615 18.3965
8.6562 -0.8406 12.3321
10.6420 2.6481 20.4304
-13.5565 2.8683 6.8937
-0.0136 -1.8726 5.2684
1.5922 -2.1159 4.8280
4.0351 -1.2267 8.0558
0.6363 0.0615 9.4978
0.5954 -2.6415 4.0881
0.0081 -1.9417 5.1432
-11.4877 2.5425 7.4392
1.9119 -2.8304 4.4719
7.5675 -2.0700 9.2536
1.1054 -1.1985 6.1640
5.9962 -0.3340 11.8052
5.1758 -2.2812 6.5523
6.7321 0.2415 13.3769
2.5179 -2.3963 4.8703
3.0581 0.1052 10.9834
6.3444 -2.7416 7.2090
-2.9722 2.1505 11.5762
7.7714 -1.3222 10.8615
-7.4443 2.5425 9.7745
-2.5185 -0.5393 6.4786
6.2103 -2.8476 6.9203
13.4925 3.2266 23.2295
0.6850 -2.6692 4.0847
-3.7845 0.0617 6.9449
6.7546 -2.6207 7.6867
1.8945 -1.6364 5.7650
-5.8320 0.6488 6.9323
4.9414 -2.9263 6.0306
3.8265 -1.9770 5.8666
6.1969 -1.7697 9.0603
6.7102 -2.9413 7.0222
6.4798 -2.6278 7.5138
6.2850 -2.6062 7.4445
-0.5792 -2.5137 3.6644
11.6230 5.2889 26.2592
-2.9688 -0.8120 5.6751
4.2934 -2.5687 6.0061
6.0853 -0.9742 10.5811
2.7937 -2.1693 4.8760
-4.2090 -0.0646 6.4481
-0.2173 -1.7224 5.4501
1.2984 -2.1419 4.2038
-2.4021 -0.8400 5.9466
8.7429 -1.0744 11.9162
3.3966 4.9021 20.7373
2.4449 -0.8678 8.6905
8.0324 -1.1457 11.3637
3.9528 -2.1227 5.7517
1.4288 -2.7157 4.4216
1.6970 -1.4895 5.8519
5.5990 -2.8364 6.5895
3.7485 -0.0230 4.9885
14.1154 6.9351 30.9787
3.4876 -2.9161 5.2113
1.7922 4.9020 19.8105
1.9384 -1.0983 6.6045
-14.0644 4.3760 9.6045
-1.1918 -0.1451 8.0303
-12.1088 4.9013 11.7807
1.0195 0.1498 9.8950
8.9070 1.1326 16.4087
6.1599 -2.5988 7.3868
2.4468 -1.9132 5.2909
2.7432 -2.4502 5.0405
0.1949 -2.4386 4.2612
5.2956 -1.5541 8.9695
7.0404 1.7181 16.4973
3.4513 -2.3112 5.3487
3.3851 -2.5163 5.4490
2.0586 -2.2269 4.6735
-1.9212 -0.9215 6.0620
7.6001 2.9842 19.3433
4.3420 0.0109 4.6872
-8.5212 0.2419 4.5684
5.3452 -2.8639 6.3881
6.2706 -2.4815 7.6845
-5.5714 1.9705 9.7164
5.0404 1.8000 15.5054
3.7805 -1.9252 5.9440
8.3051 4.2146 22.2023
4.9829 -1.1396 8.4229
-3.9458 -1.0737 4.5894
2.7512 -2.1328 4.9122
-22.8024 5.7063 7.2088
-0.1378 -1.6903 5.5601
12.8391 3.3537 23.1055
-11.6818 5.9307 14.0784
4.7382 -2.9362 5.8935
-11.5165 5.7071 13.7284
1.4020 -2.8527 4.1332
4.1514 -1.7780 6.4299
-6.1143 0.7047 6.8806
-2.5147 -1.3215 4.9221
-3.1556 -1.2576 4.6793
8.6615 2.2444 18.4823
-2.2632 1.0673 9.8274
-7.8314 0.0618 4.6079
5.4197 -1.5895 8.9706
6.0891 -2.8747 6.7962
1.7597 -2.8527 4.3397
-0.3207 -0.8948 7.0395
5.5888 -2.8639 6.5288
6.1350 0.2415 13.0321
1.7653 3.7615 17.5223
7.0745 -0.1056 12.8831
6.8483 -1.1916 10.5884
7.8550 -1.4035 10.7476
4.3919 -0.1355 4.7480
-10.8927 1.8001 6.3035
7.1697 3.4850 20.0928
6.7145 -2.3197 8.2634
4.8020 -2.2994 6.1587
7.0262 -2.7097 7.6663
5.8424 -2.4215 7.5568
-2.2745 -1.7844 4.1385
3.4237 2.4403 15.8476
5.9057 -2.8420 6.7555
6.4123 -0.7552 11.2063
-3.5079 -1.3005 4.3904
3.0518 -1.5662 6.2775
3.3171 -2.8851 5.1746
2.3127 -2.1051 5.0710
4.4083 -2.1116 5.8084
5.7515 -2.6696 7.0100
1.2270 -1.3230 5.9965
5.5010 -2.7095 6.7857
3.9241 -2.7159 5.8624
-2.7741 -0.7836 5.8442
3.2968 -2.3108 5.2587
-8.4537 1.2686 6.6531
1.4450 -2.2242 4.7325
8.9753 -0.3699 13.4543
-1.1214 -0.6347 7.0954
0.6534 -2.8247 3.7566
4.5800 -1.8487 6.8809
-0.6982 1.4848 11.5631
-4.5689 0.3866 7.1393
-16.3697 4.5443 8.6084
0.4219 -2.8742 3.5241
7.9586 -1.8151 9.9873
2.1202 -2.6054 4.7766
-0.9324 -2.3384 3.8097
-5.7454 0.8799 7.4428
3.8544 -1.4237 6.9518
0.9709 -1.1417 6.1999
4.3529 -2.3617 5.9045
3.6267 -2.0447 5.5508
3.3988 -1.0970 7.3697
6.5149 -2.5989 7.5918
-2.1450 -1.7691 4.2437
6.1729 -2.9364 6.7218
0.7072 -2.5138 4.4072
6.5953 -2.5302 7.7750
2.3316 -2.0934 5.0875
-0.8481 -0.4731 7.5752
-7.5727 1.5607 7.7439
0.4013 -2.4558 4.3461
4.1789 -0.0516 4.5408
0.1904 -1.9282 5.2755
3.9969 -0.1522 4.9825
4.2248 -1.8674 6.2984
6.4962 -1.8731 9.0272
4.8316 -0.6657 10.4716
5.6295 -2.1844 7.0248
-2.0855 -1.4612 4.8916
-0.5334 -1.9282 4.8575
3.2368 -2.0358 5.2589
2.7233 -2.0971 4.9657
4.1431 -1.7803 6.2963
-2.7968 0.5941 8.5762
4.1199 -2.0160 5.9472
5.0574 -2.9558 6.0389
4.7616 -2.8307 6.1173
-3.9881 -0.8675 4.9758
-0.1881 -2.4642 3.9888
4.6216 -2.0785 6.4956
6.9202 -2.8195 7.3862
6.3898 3.3536 19.3804
3.7664 -2.2105 5.5165
7.2875 -0.8952 11.4327
2.1498 -2.4788 4.7073
5.9929 3.3536 19.1512
1.3506 -2.3149 4.3664
6.4013 -2.5765 7.5708
3.8766 -0.6959 9.8599
-2.2516 1.3388 10.3751
1.6062 -2.7157 4.5241
-0.1180 -1.9814 4.9913
-2.0906 -1.8582 4.0976
4.3574 -2.9060 5.7338
-4.7351 1.8001 9.8598
-0.5604 -0.9994 6.6927
-5.9190 1.4110 8.4007
4.0902 0.4234 5.0727
3.5357 -2.7287 5.6125
-0.3143 -0.6034 7.6237
4.6935 -2.9060 5.9278
5.1593 -2.7902 6.4275
-1.8447 2.5426 13.0086
5.9372 -2.9413 6.5759
-0.5280 -0.9215 6.8665
-3.1030 3.6207 14.4302
-2.4824 -0.8120 5.9560
-5.4681 2.2443 10.3217
1.7598 -2.0667 4.8033
3.9613 -1.9510 6.1501
-13.9086 5.0904 11.1181
-1.1670 -1.8292 4.6887
-2.3481 -0.9214 5.8155
8.3050 -0.2977 13.2110
3.3351 -2.7028 5.5482
2.3134 -2.2358 4.6819
2.8793 -2.0510 5.2630
3.1325 -2.7223 5.3925
0.8641 -2.6274 4.2714
5.6028 -2.1599 7.0601
4.3036 -2.9605 5.5941
-3.6550 -0.4390 6.0220
-5.7280 5.0909 15.8436
5.5963 -2.2892 6.7490
-3.2954 1.8841 10.8588
-17.2061 6.4083 11.8396
-6.9462 -0.2970 4.4041
1.9155 -2.2828 4.4811
-1.0432 -2.1847 4.0519
0.3346 -2.7535 3.7143
4.2543 -0.1584 5.2619
6.2321 3.6209 19.8221
-2.7222 3.7613 14.9303
1.8393 -2.8304 4.4300
3.7601 -1.4208 6.8659
-3.2807 1.0674 9.2398
5.1516 -1.8747 7.4142
6.7505 -2.8694 7.1888
5.6984 -2.2485 6.9409
3.9847 -1.9482 5.9969
0.8650 -2.7839 3.9600
8.8821 -0.9484 12.2477
-7.8780 3.2261 10.8862
12.1192 3.9074 23.7930
-3.9850 0.1954 7.0956
-0.5855 -1.6236 5.4343
6.6758 -2.5223 7.8373
2.1757 -2.3114 4.6427
2.5681 -2.3796 4.8883
7.0372 -2.2801 8.5287
4.1749 0.5404 12.4956
1.9497 -2.7027 4.7483
6.7885 -2.7963 7.3564
2.1807 -2.8361 4.6159
5.9411 -1.1687 10.1101
5.3974 -2.9363 6.2740
3.3875 -2.7350 5.5143
10.5529 0.5937 16.2855
5.0473 -2.1732 6.7384
3.2856 -2.9110 5.1048
6.3585 -1.7543 9.1844
4.1438 0.4296 5.1685
5.0589 -2.1689 6.7316
-0.7068 -2.4557 3.7062
3.9512 -2.1471 5.8620
6.7360 -2.3099 8.2953
5.5103 -2.3746 6.6332
-0.7646 -1.8145 4.9505
0.4595 -0.8122 7.6547
0.2270 -2.1053 4.9438
4.1065 -2.8638 5.6730
3.0606 -1.9283 5.5945
8.9746 -0.2607 13.6715
-2.4102 -0.6956 6.2296
-13.5533 3.4845 8.1233
-3.4851 -0.5064 5.9859
4.3429 -2.7661 6.0041
-4.7458 0.5406 7.3440
3.3861 -2.0754 5.4702
4.4367 -2.2297 5.8915
3.9128 -2.1185 5.7533
5.1781 1.1327 14.2553
4.0061 0.9408 13.1960
9.9820 1.9705 18.6991
5.5451 -2.2458 6.8084
4.7552 -2.4501 6.2016
7.1778 -2.5989 7.9745
2.7001 -1.2968 6.7238
4.7160 0.0185 11.7682
3.6893 -1.0993 7.6604
6.4064 -0.5068 11.6977
3.1770 -2.1976 5.1109
4.0810 0.4312 5.0469
5.1426 -2.9653 6.0690
3.0757 1.4848 13.7426
-10.0853 1.0035 5.1826
3.2480 -2.0621 5.0627
2.6103 -1.3136 6.1148
9.9411 1.9705 18.6755
2.5715 -1.9121 5.2474
8.0266 -1.7388 10.1787
1.7510 -1.9590 5.0191
2.4374 -1.0391 6.8865
-0.6948 -1.2577 6.1002
3.4531 1.4848 13.9606
4.6558 -1.9127 6.8062
-1.6048 -1.8145 4.4653
1.6349 -2.7958 4.3809
4.6434 -2.8584 5.9938
1.4596 -1.2062 3.7640
5.8643 -2.8800 6.6558
1.8134 -2.8744 4.3275
-2.6243 -1.0493 5.4012
8.5540 -0.7553 12.4430
1.2606 -1.0411 6.4877
4.3264 -2.8306 5.8660
4.0415 -1.6429 6.5149
3.0219 -1.9285 5.2717
-9.8390 1.1329 5.5827
-0.2918 -2.5056 3.8465
-0.5117 -1.9814 4.7640
6.7390 -2.7724 7.3754
-7.3402 2.2443 9.2405
-3.8301 -1.3215 4.1625
-11.5519 2.2443 6.8080
1.8145 -1.3820 6.1140
6.0149 -2.4647 7.5703
4.9566 -2.7539 6.3829
4.4786 -2.0759 6.1834
8.7320 0.4365 14.9205
2.4632 -1.2438 6.2781
6.4125 -2.7903 7.1511
2.4285 -2.9458 4.5403
4.7622 -2.0434 6.5977
-4.8235 -0.9992 4.2310
4.0556 -2.0262 5.9445
-3.3231 -0.4390 6.2136
9.1977 2.6481 19.5963
-1.1117 -2.2591 3.8642
-0.0786 -0.9216 7.1260
6.0479 -2.4980 7.5231
-0.2084 -1.9683 4.9652
5.1761 -1.3834 9.2405
7.4514 -1.9556 9.4144
0.6768 -0.3338 8.7335
5.3993 -2.8905 6.3663
1.4922 -1.4887 3.8665
4.2532 -0.1869 5.2652
4.8527 -1.6978 7.5454
3.0742 -2.1695 5.0385
2.1073 -2.6828 4.8790
7.4501 -0.9219 11.4734
0.4589 -2.7348 3.8234
4.7133 -2.9060 5.9392
3.9569 -1.4948 6.8859
-0.2775 6.9338 22.6638
4.0087 -2.8019 5.7398
2.1916 -1.6097 5.7454
3.6072 -2.9604 5.1920
6.9360 -2.7785 7.4771
-4.0920 1.3389 9.3122
0.8266 -2.6415 4.2216
6.5524 -2.7289 7.3543
2.4742 -2.6625 5.1314
1.9573 -1.1916 6.4656
3.5815 -2.2079 5.3408
-1.2567 -0.7837 6.7203
7.5540 -1.9949 9.3953
3.1823 -1.8365 5.8081
9.2690 0.5938 15.5440
5.1873 -2.3698 6.3768
4.4184 -0.0414 4.8923
4.9788 -2.4294 6.3111
1.8591 1.8841 13.8357
4.0667 -1.6677 6.5899
6.9505 -2.5062 8.0281
3.3807 -1.8934 5.8048
3.0791 -2.8362 5.1346
-20.6101 5.7065 8.4753
-2.0237 -1.2358 5.3765
0.8260 3.7614 16.9798
6.1241 -1.4617 9.6320
-4.4477 -0.8399 4.7653
5.0515 -1.9790 7.0650
0.4925 0.2417 9.7736
-15.6748 6.9325 13.7685
7.3031 1.4848 16.1841
-0.9598 -1.3006 5.8618
2.3773 -2.1510 4.8897
1.0098 -2.9260 3.7606
0.8341 -1.7135 5.2183
4.8870 -2.6830 6.4839
-6.1563 0.6488 6.7450
3.1382 -2.6962 5.4477
6.5814 -2.6965 7.4357
6.2415 -2.5459 7.5395
4.8046 -2.2909 6.2965
0.6041 -2.8635 3.6508
-0.2414 -0.8401 7.1943
5.0244 -2.0841 6.8444
4.3276 -2.8584 5.8114
2.9533 -2.8903 4.9541
4.1686 -2.3438 5.7841
8.2285 -1.3429 11.0841
1.1517 2.0593 13.7762
0.5982 -0.3338 8.6882
11.4227 2.1506 19.8900
4.1534 -0.0221 4.5258
3.3638 -1.7497 5.9782
10.8350 2.1506 19.5505
-2.2376 -0.2225 7.2720
1.4706 -2.9602 3.9584
3.6981 -2.4297 5.5728
3.8647 -0.0921 5.0877
1.3582 -2.8954 4.0227
4.7911 -1.1687 9.4460
0.2666 -2.4472 4.2853
7.5346 -0.6961 11.9722
6.6394 -2.0939 8.6699
0.5869 -1.4242 5.7025
4.5134 -2.0982 6.1929
5.9306 -2.9363 6.5819
-4.4081 -0.0233 6.4154
4.2045 -2.9162 5.6252
0.4933 -0.2603 8.7739
5.8106 1.3387 15.0311
4.2600 -1.2642 8.1075
1.9832 -2.7027 4.7677
0.7029 -2.6623 4.1086
4.0804 -1.9157 6.0796
6.3537 -2.4127 7.8697
0.5258 -2.6554 4.0202
2.4808 0.7616 11.9580
4.4559 0.0042 4.7704
0.4035 -0.9217 5.6345
4.3944 -2.7287 6.1083
3.5106 -0.9997 7.5801
3.7102 -2.6963 5.7779
0.4287 -0.9404 5.7182
5.4251 -2.5858 6.6692
2.8455 -2.1599 5.0095
5.0773 -2.2746 6.5119
0.6166 -2.8303 3.7241
3.3912 -0.0931 6.1139
1.3365 -2.6760 4.4473
-0.2223 -2.6344 3.6300
0.4847 -2.5297 4.2469
3.8816 -2.9312 5.4087
1.8315 -2.5658 4.5788
-2.7395 -0.9478 5.5370
4.0634 -1.2242 8.0102
6.2806 -2.8364 6.9831
7.1290 2.2444 17.5972
2.9190 -1.0753 6.9452
1.5058 -1.4410 3.8407
3.6983 -1.4317 6.9481
5.7679 -2.7352 6.8887
4.2297 -0.7839 9.8885
3.0724 -0.6656 9.4558
0.8072 -1.6863 5.2492
3.6052 -2.0735 5.5136
3.1966 -2.2776 5.1771
-2.4567 1.0034 9.5882
2.9893 -1.6711 5.6435
9.7138 0.1495 14.9158
4.5234 -2.9313 5.7793
3.0913 -1.8024 5.3633
1.4617 -2.1315 4.7117
6.4765 -2.8137 7.1415
3.9781 -1.8146 6.2311
4.6672 -2.8250 6.0740
3.3174 -0.9740 8.9828
6.3200 -1.6907 9.2889
3.8824 -2.4242 5.6663
3.0037 -2.6962 5.3700
-1.6490 -1.3628 5.3398
1.1164 -1.7358 5.3093
1.5191 2.7566 15.3778
7.3254 -0.9742 11.2971
1.3935 -1.7912 4.0383
4.3814 -2.0274 6.0515
-3.3495 -0.8675 5.3446
-1.8930 -0.0647 7.7855
7.7447 -2.0205 9.4545
3.9222 -2.6252 5.8319
0.9033 -2.6345 4.2799
1.0516 -1.2385 6.1359
3.9547 -2.8799 5.5533
-0.1983 -2.6056 3.7011
6.8061 -1.4994 9.9507
2.6375 -2.9058 4.7407
5.2567 -2.7783 6.5076
0.8445 -1.4775 5.8008
0.9692 0.3864 10.3375
6.7708 -2.8694 7.2005
5.6713 -2.8364 6.6313
1.4496 -2.2323 4.7175
4.0184 -0.0565 4.6839
4.0051 0.1497 11.6191
1.0410 -2.8471 3.9357
1.5200 -1.1416 6.5112
1.4817 0.4880 10.8358
-0.3348 -2.2795 4.2722
1.8661 -2.9006 4.3056
-1.9186 0.0616 8.0223
1.2987 -2.1353 4.1846
3.3870 3.4849 17.9079
-17.6763 4.2136 7.1949
2.3769 -1.1968 6.3606
1.8413 -2.1370 4.7323
-3.1523 -0.2225 6.7438
6.4754 -2.2284 8.3072
-8.3699 2.9839 10.1194
3.2133 -1.8191 5.9484
2.7291 -0.6959 9.1973
5.9177 -2.8747 6.6972
6.9637 -2.3001 8.4464
4.7529 -1.5884 7.7094
2.7541 -2.4569 5.0624
1.5483 -2.9650 3.9938
4.9543 -1.6173 7.7723
5.4594 -2.3622 6.5444
7.2147 -2.5143 8.1645
0.5886 -2.3943 4.5768
-5.4775 0.1500 6.1431
2.8161 -2.7599 5.1348
4.3567 -1.9860 6.1122
-6.6614 -0.3692 4.4248
6.0383 -2.7415 7.0323
1.8352 -2.8902 4.3085
7.6534 -2.0330 9.3768
1.4736 -2.8527 4.1745
-3.7812 -0.8399 5.1502
-8.3085 0.3375 4.8816
8.4777 2.0593 18.0072
5.9338 -2.3000 7.8517
4.9198 -2.8852 6.1000
5.1952 -1.0497 9.9164
2.1554 -2.2770 4.6667
1.1323 -2.6760 4.3295
5.5223 -2.3661 6.6494
4.0626 -1.8792 6.1390
3.2899 -1.8154 5.9049
1.3743 -2.7780 4.2660
1.4040 -2.8581 4.1235
2.7226 -2.8248 4.9513
3.6316 -2.0325 5.5942
4.0398 -0.1979 5.1385
-0.6561 -1.7538 5.1342
7.7873 -0.9220 11.6681
-0.0544 -1.7538 5.4816
-21.7610 6.1636 8.7213
6.3614 -2.8747 6.9534
0.5419 0.8201 10.9547
3.1465 -1.1748 7.2224
4.5331 -2.5545 6.1407
2.9284 -1.7836 5.4800
2.4990 -2.8076 4.8565
6.2164 -2.8531 6.9129
-0.9998 -1.9943 4.4563
3.9720 -1.3774 7.2988
4.3646 0.0472 5.2947
3.3619 -1.4140 6.9545
6.5313 -2.2901 8.2165
3.0005 5.7080 22.1145
-3.3182 -1.2576 4.5854
3.8237 -0.7550 9.7115
6.1415 -2.9264 6.7235
-9.3550 2.5425 8.6710
2.5708 -1.2694 6.4884
-12.0637 4.2138 10.4369
4.8508 -2.7843 6.2613
2.0434 -2.9409 4.3278
5.4251 6.6660 25.4236
5.9592 -2.9214 6.6282
3.4400 -1.9727 5.6757
3.8582 -2.5694 5.7562
3.2649 3.3535 17.5755
2.2124 -2.8305 4.6454
-2.3335 1.7182 11.0836
-1.9014 -0.0234 7.8630
5.2988 -2.3551 6.5237
7.2606 -1.9012 9.4126
1.0709 -1.6937 5.3363
-8.0869 1.0674 6.4641
11.0660 5.2889 25.9374
10.0680 1.1997 17.2128
3.5560 -2.9262 5.2307
4.6995 -2.0259 6.9309
-2.0026 -1.7381 4.3878
0.7129 -2.9554 3.5306
3.2436 -1.9369 5.7905
-2.2235 -1.7844 4.1679
-8.7874 1.8001 7.5194
0.9576 -1.1224 6.2348
5.9042 -0.5068 11.4078
3.6031 -1.6865 6.5377
3.1675 -2.7028 5.4515
0.7592 -2.6274 4.2109
0.7681 0.1052 9.6610
-2.3448 -1.6738 4.3183
-7.5958 1.0674 6.7478
-5.5242 0.7047 7.2214
-10.5282 1.7182 6.3509
3.5802 -2.8306 5.4352
2.5026 -2.7959 4.8819
6.4821 -2.8420 7.0883
-3.4111 -1.4225 4.2031
3.3331 -0.0698 6.4748
0.9486 -1.6679 5.5740
4.2619 -1.4531 7.5067
3.7176 -2.9556 5.2653
6.2720 -1.6410 9.3601
4.5868 2.0593 15.7601
0.9772 -2.9209 3.7517
-6.1459 -0.2600 4.9400
5.6261 -2.3613 6.6386
1.0823 -2.7719 4.1094
5.6773 -2.7962 6.7148
2.7800 -2.2814 4.9464
2.8899 2.0593 14.7801
6.0707 -1.4295 6.4676
5.6732 -2.9264 6.4531
5.8465 -2.0819 8.2359
-0.1509 -2.6554 3.6294
7.3863 -1.6578 9.9702
-4.9512 -0.6652 4.8226
-0.7715 -1.1912 6.1885
8.5928 -1.3012 11.3777
-2.8492 -1.0738 5.2226
11.1536 1.4847 18.4078
2.6386 -0.6656 9.2053
7.4631 -1.3836 10.5611
2.4088 -2.7900 4.8395
-15.0955 3.2260 6.7175
8.4786 -0.6039 12.7012
0.6644 -1.3557 5.8793
0.0435 -0.7255 7.5871
3.0476 -2.8528 5.0833
1.9363 2.2444 14.5981
3.8294 -2.8019 5.6363
-2.3693 1.8841 11.3937
3.2129 -0.4393 9.9879
3.9571 -2.1693 5.5475
-7.3307 2.0593 8.8772
1.7784 0.1952 10.4238
3.8197 -0.1479 5.0445
3.7067 -2.3035 5.4772
0.7143 -2.7091 4.0220
3.3804 -1.4500 6.7753
6.7013 -2.8586 7.1819
6.6826 1.5606 15.9767
3.8123 -1.2184 7.7213
5.7863 -2.2900 7.7864
4.8784 -2.7224 6.4005
2.5663 -0.6656 9.1635
-1.9626 0.5940 9.0579
-15.7825 5.2873 10.4282
2.1305 -0.7256 8.7922
3.9016 -0.0236 11.2140
2.5608 -2.8417 4.8243
4.5559 0.5403 12.7156
-0.2780 -0.5394 7.7724
7.8046 2.4403 18.3778
-7.7951 0.0189 4.5434
3.1785 -2.1669 5.0918
-1.2212 -0.1053 8.0926
6.7739 -2.9364 7.0688
1.2391 -2.9359 3.8732
-1.9055 -0.8947 6.1243
1.2832 -2.7899 4.1896
4.2476 -1.5317 7.3891
-11.1656 6.6646 15.8390
5.0776 -2.2660 6.5236
7.6268 -1.4426 10.5379
7.2043 -1.0250 11.1260
7.8112 -0.9483 11.6294
-9.7229 0.6489 4.6853
5.3223 -1.8087 7.5865
-1.5253 -2.1625 3.8177
3.8824 -2.7538 5.7627
3.2682 -1.2072 7.1318
3.2266 -1.9649 5.5238
0.4921 -2.7839 3.7447
4.8102 -2.8020 6.2025
0.9640 -1.8644 5.0260
6.7788 -2.6899 7.5628
-0.7874 2.2444 13.0251
4.6883 -2.7095 6.3165
0.0607 -1.9684 5.1206
6.8267 -2.7904 7.3903
1.2708 -2.1262 4.2519
0.5544 -2.8303 3.6882
-0.0928 -2.4211 4.1299
2.5017 -1.7580 5.6023
1.5057 -2.4389 4.3287
2.8659 -2.6256 5.2230
1.5184 -2.1977 4.6109
-2.0079 2.7565 13.3407
-3.4787 -0.0233 6.9521
-4.9465 4.0577 14.2363
6.1922 -2.9113 6.7829
10.5549 4.3770 23.8252
0.5029 -2.6692 3.9796
-2.4356 -1.7691 4.0759
7.5052 -1.5179 10.3176
7.4675 -1.1688 10.9915
5.8664 -2.7784 6.8596
-0.7201 -2.2591 4.0902
6.9743 -2.7161 7.6235
-5.2735 2.3409 10.6265
2.6177 -2.7093 5.1210
-2.8817 1.1328 9.6006
-1.9488 -0.0647 7.7533
10.9615 2.0593 19.4417
-2.8637 -1.4029 4.5584
0.0641 -2.7347 3.5955
0.1077 0.3865 9.8399
-0.0248 -2.3288 4.3529
1.1507 -1.2356 6.1272
4.7977 -1.7341 7.4228
4.9046 -2.2489 6.2758
6.9490 -1.4231 10.1853
4.3495 -2.6963 6.1470
9.7397 -0.4050 13.8256
4.6210 -2.1403 6.3884
3.9102 -2.2464 5.5697
6.7355 -2.6765 7.5646
5.3737 -0.2605 11.5921
7.4152 -2.1291 9.0478
3.4443 -1.6246 6.3509
1.8142 -2.6895 4.6964
8.6664 -1.2364 11.5493
1.2121 -2.1848 4.6509
2.0010 -2.3631 4.5506
-1.4925 -1.6902 4.7779
2.1451 -1.9091 5.2167
4.4869 -2.8136 5.9927
-8.4244 0.7619 5.6603
-6.7141 1.9705 9.0565
6.3691 -2.7784 7.1498
1.6359 -1.3217 6.2120
1.7273 -0.7256 8.5594
1.8294 -2.1332 4.7134
2.0625 -2.9458 4.3291
-7.7317 3.2261 10.9707
-0.7398 -1.5357 5.5204
2.0854 -2.8797 4.4740
6.6144 -2.9314 6.9865
3.4470 -2.8745 5.2707
1.6787 -2.7474 4.5027
3.5421 -1.9946 5.6273
-3.8323 1.4110 9.6058
-3.3434 4.5449 16.1328
4.2658 1.9705 15.3978
0.9819 -2.7474 4.1003
5.7243 2.2444 16.7859
-0.3758 -2.2279 4.3514
-3.5194 2.7565 12.4677
4.1070 -0.0354 4.5023
6.5713 -2.9164 6.9917
9.8577 6.1659 26.9871
-7.2834 1.1329 7.0586
-4.8458 0.3866 6.9794
-3.5743 -0.8399 5.2697
6.5631 -1.4231 9.9624
2.8824 -0.1843 10.3051
2.5331 0.3371 11.1424
-0.9397 -2.0934 4.2937
2.0282 4.3766 18.9000
3.6687 -2.9212 5.3058
4.5571 -2.1687 6.0562
1.9195 -2.1146 4.8317
3.0985 -1.8200 5.3346
1.0816 -1.5330 5.7407
6.8312 -1.6069 9.7511
7.5790 -1.8589 9.6809
-16.1837 3.9065 7.4450
-2.1676 0.6487 9.0485
10.3558 0.3862 15.7581
3.4826 -0.7839 9.4570
6.9169 -0.8680 11.2728
6.8025 -1.2363 10.4730
0.5271 -2.5685 4.1942
6.0446 -2.6349 7.2484
7.5345 -1.8873 9.5986
0.2549 -2.8016 3.5724
-6.1056 -0.4389 4.6069
5.2513 -2.8136 6.4341
-3.8082 -0.4390 5.9335
4.8251 -2.7414 6.3318
4.9441 -2.2407 6.4835
4.6814 -1.9903 6.6648
5.9654 -1.6179 6.5592
0.7617 -2.8303 3.8078
0.5083 -2.7284 3.8646
-0.1428 -1.9145 5.1103
4.4736 5.9318 23.4111
2.1657 1.3388 12.9262
5.7928 -2.3098 7.7507
8.2128 -0.9483 11.8612
5.6359 -2.2013 6.9982
-2.1307 -1.4420 4.9037
7.1230 -1.8298 9.4754
-12.9533 2.6478 6.8027
-8.6389 1.4110 6.8299
2.6319 -0.9384 7.1835
1.1244 0.0615 9.7796
-3.4198 0.7618 8.5505
3.3847 -2.4138 5.3833
4.5543 -2.0678 6.2424
1.5977 -0.8402 8.2562
-11.4829 6.9328 16.1902
2.4846 -2.1439 4.9678
6.8565 -2.5765 7.8336
7.3601 -2.1963 8.8821
2.5830 0.0185 10.5364
2.1295 -2.9507 4.3581
6.1930 -1.5719 9.4522
2.9694 -1.6185 6.2567
-8.7834 0.3867 4.7055
11.8195 1.9705 19.7604
16.0984 5.0921 28.4516
4.2195 -0.9481 9.5554
4.3392 -2.7842 5.9659
-17.4836 4.3758 7.6295
8.9595 2.2444 18.6544
3.5324 -1.6745 6.4208
2.6417 -2.8191 4.9159
5.3142 -2.9163 6.2659
7.6868 -1.9287 9.6039
4.2444 -0.0438 4.6276
4.3683 -1.2429 8.1481
1.5666 -2.2605 4.5534
2.1798 -0.1054 10.0566
0.5595 -0.2974 8.7383
5.9167 -1.7386 8.9604
4.0871 -2.9652 5.4596
5.9327 -2.8308 6.7934
7.4523 -1.0743 11.1710
-1.1365 -2.3093 3.7498
1.2565 -2.2130 4.2767
6.4805 -0.2228 12.3064
9.6553 1.9705 18.5104
2.4215 -1.0939 6.6372
1.0622 -2.9159 3.8109
2.3310 -2.8582 4.6587
7.9597 -1.8873 9.8441
7.1976 -1.8001 9.5777
-5.7999 2.0593 9.7613
0.4414 -2.7026 3.8775
6.2381 -1.7543 9.1149
-4.8982 -0.1051 5.9693
4.4677 -2.4626 6.0362
4.1182 -0.1552 4.6379
0.7056 0.3372 10.0871
4.3244 -1.5546 7.3258
4.2391 -0.1522 4.6758
-6.2538 0.8799 7.1492
9.2161 0.1495 14.6283
4.4933 -1.6194 7.3895
-8.4111 1.7182 7.5736
8.9707 0.3862 14.9582
-16.5410 4.5443 8.5095
-9.3685 1.5607 6.7068
4.3911 -1.9649 6.3986
0.4913 1.0033 11.2907
-2.2299 1.4109 10.5312
-8.7740 3.7611 11.4348
2.6060 -2.8582 4.8175
1.1109 -1.8693 5.0557
1.3417 -2.8796 4.0446
7.5586 -1.4995 10.3852
0.7606 -0.8122 7.8286
5.7388 -2.8906 6.5623
3.8130 -2.7476 5.7350
-4.0759 -1.0244 4.6125
2.4387 -1.0388 6.8490
7.3813 -2.3197 8.6484
7.0199 -1.4035 10.2654
1.8812 -1.0199 6.7337
5.0636 -2.2975 6.3665
-15.8346 2.8683 5.5779
3.5777 -1.9696 5.6963
6.5626 -2.3948 8.0260
3.2818 -2.1058 5.1095
-2.3923 -0.4730 6.6835
5.9256 -0.2976 11.8370
2.3519 -1.9394 5.2864
4.3905 -2.0908 5.8389
1.9530 -2.8191 4.5183
5.9947 -2.7602 6.9700
2.4699 -0.6656 9.1079
5.9189 -2.2699 7.9032
-5.8162 1.9705 9.5750
4.5660 -2.7539 6.1573
1.8335 -2.9650 4.1585
-1.5665 -0.4046 7.2969
-15.6518 5.4927 10.9128
7.3863 -0.6658 11.9468
6.7333 -2.3948 8.1246
5.9696 -1.8297 8.8094
3.6688 -2.8745 5.3988
-9.9345 2.3409 7.9345
3.7487 -2.3372 5.5256
2.6088 -0.7872 7.3969
-0.5701 -1.6406 5.4095
-2.2698 0.5405 8.7738
4.8172 -1.9498 6.9960
-12.7532 1.9705 5.5686
-4.1581 2.6479 11.8824
6.9889 -2.6832 7.6975
3.7436 -2.5506 5.6765
5.5379 -1.0742 10.0656
5.0746 -2.2922 6.3910
3.6409 -1.3791 6.9064
-10.7975 2.3408 7.4360
-1.9860 -1.8725 4.1295
-3.9874 -0.6033 5.5027
4.4073 -1.8274 6.9872
4.4256 -2.0561 6.0092
3.0895 -2.8955 5.0223
-0.5023 -0.1053 8.5078
1.1828 -1.2714 6.0778
3.2886 -2.3940 5.3096
6.2892 -2.0454 8.5643
7.0261 -2.4304 8.2227
-10.5887 4.3761 11.6121
2.0804 -2.7720 4.6857
-15.1960 2.7564 5.7237
-9.9806 1.2686 5.7713
-4.8135 -0.9476 4.3394
-4.3536 0.3866 7.2636
1.7319 -0.4393 9.1327
1.5241 -2.3499 4.3627
2.7621 -2.7599 5.1036
5.3875 -0.1055 11.9090
9.0355 0.8796 15.9788
6.5994 -2.6764 7.4860
1.6734 4.9020 19.7419
-1.6467 -0.9478 6.1680
-6.1311 -0.4389 4.5921
1.1870 -1.1230 6.3949
-0.5976 -1.7064 5.2624
1.3693 -2.7348 4.3490
5.5887 -1.8871 8.4751
7.8283 3.3536 20.2113
-6.8391 -0.2600 4.5397
-0.9167 -2.2795 3.9362
0.4972 -2.6759 3.9628
5.5859 -1.9687 8.3109
1.6043 -0.4393 9.0590
5.8496 -2.7903 6.8261
7.1579 -1.9820 9.1924
4.3851 -2.0403 5.9747
6.9000 -2.3099 8.3900
0.0512 -2.1626 4.7280
-14.2462 3.1029 6.9629
6.1164 -2.4647 7.6289
-0.7442 -2.0934 4.4066
-3.9394 -0.6653 5.4069
0.5988 -0.3171 5.3436
-20.4513 5.0900 7.3387
3.3535 -2.1118 5.3019
5.4527 -1.3632 9.4405
-4.1952 1.1328 8.8421
2.8200 -1.2421 6.8134
4.6470 -2.9605 5.7924
4.9888 -2.7029 6.5030
7.2299 -0.7259 11.7369
-1.1684 -2.2488 3.8520
-1.8419 -1.1452 5.6620
1.4688 -2.1761 4.5977
5.9792 -2.2596 7.9584
1.8363 -2.9006 4.2884
5.4261 -1.9222 7.4275
4.2939 -1.6793 7.2131
5.9845 -2.8308 6.8233
2.4324 -0.3338 9.7473
4.3062 -0.0776 4.6555
3.3387 -2.7413 5.4736
4.3242 -0.2118 4.6909
-3.2957 -1.0493 5.0135
3.5079 -2.7960 5.4623
-1.5891 1.3388 10.7577
6.0899 -2.5765 7.3910
8.5143 -0.8681 12.1952
3.4972 -2.7599 5.5280
8.5665 0.1050 14.1643
6.5905 1.8000 16.4007
4.4561 -2.2796 5.9092
-0.3305 -0.4046 8.0106
10.0391 2.4404 19.6683
4.9380 -2.8363 6.2079
3.4975 -2.9556 5.1383
9.2528 0.2887 14.9268
5.9323 -1.4034 9.6374
9.2537 1.8000 17.9387
0.8320 -2.9359 3.6381
-3.9828 0.9409 8.5824
3.7150 -2.0143 5.7077
9.0931 -0.8406 12.5844
-17.3564 5.4925 9.9281
5.7970 -2.6696 7.0363
6.5693 -2.1743 8.4693
2.8689 -2.5159 5.1501
3.1149 -1.3472 6.8873
2.4147 -2.1963 4.9336
3.1675 -2.8134 5.2309
8.4517 -0.4050 13.0819
5.1953 -2.7539 6.5207
5.3867 -1.8149 8.5023
3.7828 -1.7967 6.2386
4.8984 -2.8639 6.1302
6.2518 0.0184 12.6551
6.6573 6.4101 25.6254
4.2955 -2.5391 5.9972
0.8719 -2.9108 3.7112
7.6043 0.5403 14.4760
3.1764 3.1033 17.0258
4.1267 -2.2310 5.6853
3.3857 -1.2633 7.1896
4.4239 -1.7300 7.0810
6.1438 -1.9948 8.5811
1.8022 -2.6828 4.7028
4.2723 -2.0031 5.9912
5.0626 -2.3366 6.3117
4.2366 -2.9411 5.5940
0.5453 -2.2694 4.8005
3.0648 1.6383 14.0423
1.3251 -2.6760 4.4408
5.8908 -1.9233 6.6934
0.8541 -2.6485 4.2235
-8.8083 0.5407 4.9979
1.4585 -1.4764 3.8370
-4.4344 -0.9477 4.5583
-1.1511 -1.8145 4.7273
-5.6450 1.6384 9.0121
5.6753 1.1327 14.5424
0.7759 -2.8075 3.8616
7.2716 -2.3948 8.4354
-0.6676 -1.5537 5.5262
1.0706 -1.7195 5.2855
1.5837 0.0615 10.0449
-4.9364 5.7075 17.5295
6.5179 -2.8586 7.0761
3.2173 -1.7790 5.9702
9.4616 4.2147 22.8703
2.9915 -0.4048 9.9289
1.4030 -1.4057 5.9445
-1.7977 -2.0448 3.8950
-6.8454 0.3867 5.8246
3.2618 -1.8313 5.8961
3.0826 -2.9604 4.8891
-9.4614 3.6205 10.7575
4.0308 -0.1581 4.8760
6.9776 -0.8405 11.3628
4.8751 -2.9509 5.9433
5.3050 -1.4617 9.1590
1.6280 -1.8982 5.1267
2.8231 -1.5785 6.2414
1.3697 -2.4545 4.2577
6.5837 -2.5142 7.8001
4.4150 -1.2978 8.0679
7.1301 -2.5459 8.0526
2.2324 -1.9599 5.3002
6.1423 -1.6069 9.3533
-17.5113 4.2136 7.2903
4.7631 -0.7258 10.3124
3.2587 -2.7158 5.4782
-0.1777 0.3372 9.5770
0.6695 -2.8689 3.6778
6.5122 -1.9556 8.8721
-9.2892 5.2877 14.1791
-2.4438 0.5941 8.7800
-2.5049 -1.2136 5.1428
-3.2149 -1.5535 4.0554
5.9532 -2.3484 7.7664
1.3256 2.8686 15.4892
7.8324 -1.3429 10.8553
4.5516 1.9705 15.5629
6.4427 -2.7416 7.2658
2.6637 -2.8417 4.8837
5.7766 -2.4616 6.7895
2.7643 -0.8678 8.8750
-0.0388 -2.2995 4.4032
-0.2273 -1.8726 5.1450
-13.9406 3.3531 7.6378
3.0595 -2.5394 5.2846
1.8940 -1.0971 6.5087
-6.3737 0.0189 5.3642
6.9818 -2.2801 8.4967
2.8103 -2.7721 5.1071
-3.2993 -1.1682 4.7744
0.3485 -2.5137 4.2001
2.5860 -2.0844 5.0370
5.6414 -2.1848 7.0328
4.2941 -2.1409 5.7596
4.3398 -1.1852 8.2242
-1.9299 -1.5890 4.7269
5.5095 -2.3391 6.6985
-1.4389 -1.1683 5.8486
-9.4875 3.2261 9.9566
-27.3075 6.9314 7.0481
8.6872 2.9842 19.9712
1.7142 -1.9981 4.9827
7.8651 -0.5720 12.4102
13.3170 4.2148 25.0973
7.6270 -1.0985 11.2238
6.1718 -0.6960 11.1852
3.2331 -1.9744 5.5147
1.1729 -1.8162 5.1457
5.8870 -2.8194 6.7897
2.8279 -1.8173 5.5152
4.2682 -2.6897 6.1133
6.3835 -1.2582 10.1874
4.2069 0.3002 5.2209
4.9135 -2.7601 6.3457
4.6487 -1.8424 7.0415
1.7929 -1.0196 6.5933
-3.9491 0.8799 8.4802
5.4452 -2.8693 6.4351
2.3218 -0.8822 6.7779
-4.0584 -0.7547 5.1601
3.1191 0.6486 12.1015
5.2452 -0.2043 7.9499
3.1551 -1.3664 6.6846
3.8328 -1.9724 6.1057
5.3588 -1.9971 7.3801
5.2704 -1.6240 8.8156
5.5492 0.9408 14.0871
8.0368 -0.6961 12.2621
6.8874 -2.4127 8.1778
1.6780 0.8797 11.7298
5.4046 -2.1677 6.9708
-3.6832 -1.4419 4.0073
6.7239 0.3863 13.6607
8.8321 0.8796 15.8613
5.5798 -1.9948 8.2554
5.0000 -2.3069 6.3858
0.1016 -2.4211 4.2421
4.3328 -2.0713 5.8893
4.0158 -1.8136 6.2481
6.6912 -2.4898 7.9109
-1.9471 -1.5356 4.8233
6.1752 -1.9948 8.5992
2.0579 -2.8017 4.6135
4.2807 -0.1782 5.0678
-6.1121 1.1329 7.7351
-3.1382 -1.3422 4.5207
5.8468 -2.8364 6.7327
-21.3838 5.7064 8.0283
4.0506 0.7646 5.1630
3.4088 -2.4770 5.4581
7.1051 -2.3099 8.5084
-3.9258 -1.1451 4.4587
7.3515 -2.4391 8.3932
-3.9363 -0.4730 5.7918
-1.3595 -1.8867 4.4632
4.7324 -2.2604 6.2071
-0.2760 -2.2694 4.3263
11.9654 2.7567 21.4113
5.9141 -1.8030 6.6483
3.1522 -2.8637 5.1220
7.1809 -2.3294 8.5134
4.3903 -2.1425 5.7874
6.3500 1.1327 14.9320
-7.7294 4.3762 13.2637
2.1795 -2.0634 4.9437
8.7362 2.1506 18.3384
0.3372 -2.6623 3.8975
-1.8663 -1.0493 5.8389
7.4977 3.1034 19.5217
-6.1342 -0.0645 5.3363
0.3549 -2.1170 4.9943
4.0316 -2.2152 5.7469
5.4237 -2.9461 6.2697
2.0054 -2.7285 4.7290
6.7726 -2.8586 7.2231
1.6257 -2.7027 4.5612
4.7487 -2.8799 6.0117
0.4909 -2.5531 4.2038
6.5252 0.6485 14.0685
6.0918 -2.9413 6.6652
2.5989 -1.1185 7.0007
-12.5336 2.8683 7.4845
3.5823 -2.1349 5.4317
2.8063 -1.8623 5.4578
4.8153 -2.8474 6.1149
0.9555 2.5426 14.6259
-0.6010 -1.8439 4.9865
0.7868 -2.8635 3.7563
-0.1106 -2.4893 3.9837
5.9970 -1.3220 9.8369
5.2662 -2.7160 6.6372
5.4536 1.4848 15.1159
5.6707 -1.7542 8.7873
6.7380 -0.8125 11.2802
3.2456 -1.7350 6.0688
3.8430 -2.6762 5.8946
-0.7400 -1.0494 6.4893
1.9145 4.5451 19.1699
1.4329 -2.5132 4.3152
4.4973 1.6383 14.8696
4.3042 -0.1356 4.6602
3.1201 -2.7413 5.3474
5.3438 -2.7160 6.6821
-1.8350 -0.9993 5.9567
1.0002 -1.7885 5.1615
5.7382 -2.3098 7.7191
2.6439 -0.1452 10.2453
1.9173 -2.0402 4.9442
-2.5788 0.0616 7.6411
3.2347 -2.0002 5.3824
5.2063 0.9408 13.8891
0.6674 -2.3943 4.6223
6.2229 -2.8308 6.9610
5.9082 -1.8411 6.6587
4.6046 -2.4805 6.1281
-12.8737 5.4928 12.5176
5.1831 -2.7662 6.4892
-6.2092 1.1999 7.8125
-13.3226 5.7070 12.6851
-7.8976 2.9839 10.3922
0.7397 -2.9057 3.6450
-3.8517 -0.2224 6.3399
7.0340 -1.8150 9.4534
-7.0458 2.7565 10.4310
4.8119 -1.7186 7.4381
-7.7860 0.7047 5.9152
4.4698 3.9072 19.3747
3.7603 -2.2553 5.4759
1.3188 0.1052 9.9790
-1.7106 -1.1683 5.6917
3.8167 -2.8135 5.6058
-13.8475 6.6644 14.2897
5.4873 -2.8639 6.4702
2.1299 -2.8248 4.6091
4.0746 -2.9605 5.4619
6.4668 -2.8476 7.0684
10.7154 6.9348 29.0145
0.9550 -0.9216 7.7229
-2.4013 1.1998 10.0117
2.2837 -1.7069 5.6138
-9.0809 1.9705 7.6895
1.4487 -2.9260 4.0140
6.7105 -2.2178 8.4641
5.1416 -2.8693 6.2598
-7.9134 1.8001 8.0242
5.1337 -2.2986 6.5749
6.7775 -2.9164 7.1107
7.0226 -0.9998 11.0713
-0.8299 -1.7845 4.9726
-4.7677 2.8685 11.9698
2.0461 -1.2679 6.5068
3.0616 -2.7475 5.3012
1.8241 -2.6760 4.7289
8.6144 -0.9483 12.0931
6.7957 5.2886 23.4707
3.4137 -2.1586 5.4736
5.3937 -1.3632 9.4064
4.8638 -2.8136 6.2104
-7.5760 3.1031 10.8154
1.8980 -1.9765 5.0600
6.8382 -0.9742 11.0158
1.7853 -2.8902 4.2797
5.4788 -1.7697 8.6457
6.3818 -2.4477 7.8162
3.2792 -2.0181 5.3844
3.9922 3.4850 18.2575
1.5304 -1.2125 6.2614
-20.3106 4.5441 6.3320
6.0810 -2.9010 6.7392
4.3749 -2.0274 5.9667
3.5082 0.5404 12.1105
-2.1644 -0.4731 6.8150
9.8234 3.6211 21.8964
-7.9483 0.8799 6.1706
1.8790 -2.0700 4.8833
-5.0890 2.5425 11.1348
1.2944 -2.2520 4.4090
3.0080 -0.7257 9.2989
1.9087 -2.9507 4.2306
6.1313 -2.7161 7.1367
4.3439 -1.9973 6.0558
-1.0327 -1.8726 4.6800
5.9861 0.1051 12.6742
3.6910 -1.0248 9.0974
-0.0061 -2.5056 4.0114
2.3715 -2.5173 4.8660
7.7469 -1.7069 10.0806
4.2087 -1.9396 6.0937
-1.9242 -1.6064 4.6955
6.7563 -2.6899 7.5498
3.2265 -2.9110 5.0706
11.1118 4.0583 23.5118
5.5688 -2.2755 6.7638
-5.4330 -0.6652 4.5444
2.4045 -2.8076 4.8019
-2.3203 -0.8120 6.0496
-0.2111 -0.6957 7.4994
1.4991 -2.8690 4.1568
6.4648 0.0613 12.8635
2.5184 0.4880 11.4345
5.4986 -2.0649 7.2025
-9.2440 2.3409 8.3333
8.0702 -0.1056 13.4581
1.4716 -1.4968 3.9025
1.9284 -2.9603 4.2228
8.8733 0.1950 14.5210
6.6684 -1.0498 10.7671
-0.7264 -1.7692 5.0628
2.2768 2.2444 14.7948
5.4157 -1.8443 8.4605
4.3950 0.2036 5.2903
4.0462 -0.5067 10.3348
-6.1973 0.5941 6.6124
-2.8723 3.1032 13.5322
4.2854 -0.1064 4.6469
1.3168 -1.9648 4.9758
-0.7948 -2.3093 3.9471
-0.5275 -1.9814 4.7549
5.3062 -2.9558 6.1825
3.7560 -1.8646 6.2687
3.8796 -2.3539 5.6419
-1.0002 2.2444 12.9022
11.4904 4.0583 23.7305
1.3541 0.0615 9.9122
3.9188 -2.7600 5.7714
0.9935 -1.7623 5.1972
-1.8624 -1.4420 5.0586
-1.2251 -1.2358 5.8376
4.1750 -2.9162 5.6082
-9.5550 1.1329 5.7467
-6.8428 1.7182 8.4793
-10.5994 3.1030 9.0692
5.1684 -1.5178 8.9683
4.6178 -2.3000 6.0238
4.7333 -2.2686 6.1967
-1.6443 -2.0448 3.9836
6.8832 -2.2494 8.5009
-0.4498 -1.7538 5.2533
2.1564 0.0186 10.2901
-1.2791 -0.0647 8.1400
5.2251 0.5939 13.2087
2.2521 2.7566 15.8011
0.0952 -2.0325 5.0127
5.5526 -2.0453 8.1390
1.4991 -2.7659 4.3621
-4.6050 -0.2224 5.9050
2.4002 -2.9058 4.6038
1.7183 0.7616 11.5177
-2.2382 -1.0979 5.5273
6.2138 -2.9214 6.7752
4.4162 -2.7600 6.0586
2.6988 -1.9962 5.4359
5.5192 -2.3135 6.7688
4.3627 -1.9592 6.2068
-5.8492 0.4369 6.5001
-2.3521 -1.4612 4.7377
4.0488 -2.8692 5.6289
-2.3053 -0.5064 6.6671
-2.4380 -0.9214 5.7636
1.3077 5.9316 21.5822
-2.1629 -0.2972 7.1662
2.4152 -2.1885 4.9477
0.8422 -2.8416 3.8320
5.0531 -1.9334 7.1933
1.7292 -2.7899 4.4471
4.7177 0.4879 12.7046
4.3234 -2.4280 5.9297
-4.1304 1.4110 9.4337
1.9084 -2.7659 4.5985
4.2392 -0.0151 4.6210
3.7192 -0.9218 9.3190
6.7798 -2.5690 7.8043
1.5132 -0.8949 8.0984
6.4776 -1.5895 9.5815
5.2788 -1.5360 8.9957
-5.9000 0.4882 6.5730
1.7892 -0.9791 6.7179
-11.4176 2.8684 8.1290
-1.6995 -1.1217 5.7910
15.8618 6.1663 30.4556
1.9649 -2.4981 4.6162
5.8475 -2.6831 7.0385
0.3821 -2.7348 3.7791
1.4644 -2.8247 4.2249
8.3113 -0.8405 12.1329
2.9985 -2.0256 5.2062
3.8896 -1.4601 6.8305
6.8965 -0.9483 11.1012
6.8364 -1.4807 10.0055
2.8787 -1.5386 6.2172
6.4818 -2.8195 7.1331
3.6548 4.3767 19.8396
5.3048 -2.4077 6.4772
-12.1886 4.0575 10.0532
4.9669 -1.4023 8.1946
1.5457 -2.8902 4.1414
2.4131 -2.2184 4.7565
1.4610 -1.7025 5.4030
3.6084 -2.6066 5.6381
-4.3227 3.3533 13.1930
3.2783 -2.1069 5.2440
1.9785 -1.0199 6.7731
2.9528 -1.3995 6.5461
-10.6147 1.8001 6.4641
6.3656 -2.3947 7.9123
4.1199 -0.2625 5.2021
1.9873 -1.6856 5.7031
0.0896 -2.1738 4.7280
-6.1379 0.3866 6.2332
2.7588 -0.7839 9.0391
-0.0912 -2.6273 3.7199
3.8955 -2.4590 5.6978
2.7989 -2.8798 4.8859
2.8638 -1.5317 6.1520
4.8049 -2.1262 6.7171
5.1270 -2.0261 7.0613
5.5859 -2.7540 6.7462
-0.3314 -1.8293 5.1712
4.4318 -2.1164 5.8029
-2.3132 -0.4045 6.8657
1.6231 -2.8797 4.2071
5.2391 -2.6695 6.7141
6.5396 -2.5536 7.6962
6.8545 -2.7844 7.4182
7.1329 0.3370 13.7987
8.5911 -0.5069 12.9593
-1.3714 -1.5356 5.1558
5.9545 -0.5068 11.4368
1.5550 0.0615 10.0283
7.1327 4.3769 21.8485
1.4921 -1.3381 3.7641
-12.1346 4.0575 10.0844
6.9175 -2.2901 8.4395
4.3011 -2.8904 5.7322
1.5874 -2.8581 4.2293
-2.3158 -0.9478 5.7817
5.2667 -2.8475 6.3755
-3.3400 -0.5392 6.0042
3.3651 -2.0514 5.5024
1.8652 -1.0616 6.8165
3.5637 -2.1135 5.4636
-0.9753 -0.5716 7.3054
5.0160 -1.5685 7.9990
4.6495 -2.7902 6.1332
1.7185 -2.7899 4.4409
6.1502 -2.7540 7.0720
0.5516 -2.7535 3.8396
2.5245 -2.8582 4.7704
0.4707 -2.7839 3.7324
5.2592 -2.2359 6.6885
0.1527 -2.7658 3.5848
0.3086 -0.5717 8.0468
2.5140 -0.6959 9.0730
10.3627 4.7205 24.3986
2.0960 -0.9796 6.7526
-10.0814 0.7619 4.7034
-2.6704 -0.7547 5.9616
-0.7808 -0.1451 8.2676
7.5022 -1.3836 10.5837
1.4476 -2.4285 4.2997
5.4775 -2.3407 6.6842
-5.7828 -0.1051 5.4585
1.6594 -2.3582 4.3708
-0.5704 -2.5296 3.6377
5.3080 -2.7903 6.5134
-1.7461 0.4368 8.8696
6.2977 -2.7161 7.2328
-2.1384 0.3865 8.5428
2.7234 -2.0672 5.3153
4.8697 -2.8852 6.0710
5.3517 -2.7843 6.5505
6.4048 -0.4395 11.8311
5.5554 -2.9009 6.4357
0.7667 -2.6555 4.1593
4.4866 -1.9188 6.7356
4.4445 -1.9551 6.3914
6.6151 -2.2699 8.3051
3.6636 -1.6388 6.4684
-1.3547 0.1953 8.6145
0.7086 -1.5741 5.4060
-16.4626 5.2873 10.0353
7.0689 3.4850 20.0345
1.7420 -2.0784 4.7867
5.0328 -2.5886 6.4486
3.6353 -2.1960 5.3407
4.3582 -2.7782 5.9888
-1.0878 -1.6902 5.0115
-0.3963 1.4848 11.7374
1.7207 -0.6348 8.7365
0.2456 -2.0694 5.0260
7.8660 -1.9689 9.6274
6.4021 -2.5915 7.5414
-5.8644 0.6488 6.9136
6.7602 -2.6628 7.6060
8.0764 3.3536 20.3546
1.6895 -2.5487 4.4867
3.1343 -2.2291 5.1076
5.4060 6.1656 24.4154
5.4118 -1.0497 10.0415
0.5030 -2.6273 4.0629
3.8676 2.1505 15.5265
7.1440 -2.5223 8.1077
11.4646 2.1506 19.9142
1.3170 -2.8689 4.0516
0.3346 -2.6960 3.8289
1.7004 -2.9160 4.1794
5.5008 -2.9461 6.3142
-17.2594 4.3758 7.7590
4.1194 -2.3277 5.7456
3.4342 -1.5471 6.6080
-3.4146 -0.5392 5.9611
7.7647 -1.9013 9.7037
4.1185 -2.7902 5.8266
3.0836 -2.3007 5.2008
-0.0322 -1.0739 6.8492
1.5441 -2.6894 4.5404
6.4402 -2.4732 7.7991
-9.8178 1.8842 7.0918
2.6861 -2.8850 4.8102
6.3228 -2.5689 7.5405
2.1433 -2.9058 4.4554
3.7277 -1.9527 5.8655
3.6791 -2.1090 5.6660
2.3092 -2.0445 5.1860
-0.6978 -2.2995 4.0227
3.5070 -2.9652 5.1247
-1.7997 -1.9416 4.0994
4.6622 -2.1004 6.5945
3.4536 -2.7476 5.5275
2.5806 -2.3965 4.9070
2.1235 -2.9058 4.4440
2.7623 -2.0711 5.1365
6.9104 -1.4231 10.1630
6.6636 -2.6559 7.5640
7.0596 -2.1291 8.8425
4.9234 -2.9557 5.9615
3.1512 1.4848 13.7862
0.6340 -0.2844 5.3421
-0.4098 -1.3629 6.0554
-8.3979 0.4370 5.0283
3.6931 -2.9604 5.2416
2.8718 -2.9110 4.8658
-0.3892 -2.0572 4.6837
6.6189 -0.5397 11.7550
5.0592 -2.1480 6.7519
1.0457 -2.8017 4.0290
1.3942 -2.9602 3.9144
1.8497 -2.7092 4.6775
-1.1024 -1.7692 4.8457
-8.4610 3.7611 11.6156
2.0795 -1.3351 6.1164
1.4899 -2.7348 4.4187
3.1930 -2.0867 5.3552
9.9358 0.3369 15.4174
-2.8368 -1.3829 4.6137
0.3869 -1.1597 5.7837
4.2495 -2.3599 5.8407
-7.9192 4.0576 12.5192
1.5214 -0.7838 8.3246
1.8921 -2.1959 4.6672
0.2524 -2.6691 3.8350
6.6648 -2.5062 7.8631
3.6103 -2.1494 5.4551
3.7663 0.2579 4.9602
-13.2078 2.1505 5.6647
5.8075 -2.8530 6.6768
0.4800 -2.6554 3.9937
1.0613 1.3388 12.2884
4.8518 -2.7961 6.2382
5.3504 -2.1438 6.9969
5.5935 -0.8680 10.5086
6.5428 0.8199 14.4202
-1.3386 -2.2383 3.7745
-7.4583 0.0618 4.8233
4.1701 -2.4617 5.8624
6.0087 -2.8251 6.8486
6.0683 1.3387 15.1800
4.8995 -1.4066 8.2112
0.9803 -2.9108 3.7737
6.1849 -2.4562 7.6854
6.5550 6.6661 26.0764
5.8992 -0.6350 11.1494
0.8145 -2.7091 4.0799
5.0406 -2.8639 6.2123
-10.6125 1.0675 5.0056
-2.2138 -1.6901 4.3614
-0.4961 -2.0572 4.6220
3.4317 -0.5395 9.9145
0.3085 -2.6057 3.9938
5.3164 1.0672 14.2047
5.1708 -1.9706 7.2246
5.5821 5.7082 23.6058
2.4500 -2.4474 4.8649
-0.4124 -1.6573 5.4671
1.9412 -2.3618 4.5129
2.1592 -2.3286 4.6163
5.3697 -2.3183 6.6288
-2.9274 0.4368 8.1874
3.5300 -1.7985 6.0312
2.6904 -2.0157 5.1209
1.4688 -2.8690 4.1393
1.3244 -1.9779 4.9717
-11.6061 5.0905 12.4481
3.9752 -1.5838 6.5889
6.8571 -1.3835 10.2112
5.0883 -2.0193 7.0122
7.3202 1.3387 15.9030
4.4287 -2.2367 5.8743
3.9768 -1.2801 7.8566
1.9227 -2.2297 4.6028
2.0166 -2.7157 4.7610
3.0830 -1.9728 5.2015
4.2019 -2.9111 5.6338
1.9859 -2.1160 4.8322
5.1970 -2.3767 6.3704
4.6830 -2.1521 6.5044
7.2087 -2.3673 8.4540
-15.1661 3.4845 7.1918
2.5844 -1.9206 5.2355
-1.9012 -0.4046 7.1036
5.6859 -2.0076 8.2911
3.4236 -2.9110 5.1844
4.1987 -2.0251 5.9385
0.7966 0.8798 11.2208
1.2974 -2.2494 4.4406
1.6808 -1.7440 5.3915
9.0167 -0.7842 12.6527
-4.5575 0.2891 6.9516
4.9017 3.3536 18.5209
3.7805 -0.0709 5.0125
-1.0403 -2.3384 3.7475
6.5263 -2.9607 6.8774
4.2065 -1.8762 6.1538
-4.1116 -0.5392 5.5586
2.3522 -2.1632 4.8382
4.9262 -2.8020 6.2695
6.2386 -2.5689 7.4919
2.1946 -1.4955 5.8759
7.0567 -2.4128 8.2755
8.9234 1.7181 17.5848
-0.0443 -1.9944 5.0080
1.5075 -2.4215 4.3178
1.6946 -1.9827 5.0241
3.6326 -2.0846 5.4890
0.7925 -2.7719 3.9421
-10.7217 2.4402 7.6778
3.4641 -2.9604 5.1094
8.0243 2.6481 18.9186
5.8714 -1.9232 6.7227
-4.3854 -0.5392 5.4005
2.5986 -1.8998 5.5625
1.3957 -2.7780 4.2783
5.0788 -2.6897 6.5813
-4.0860 -0.5715 5.5091
3.3939 -1.7617 5.9833
4.2100 -0.1866 5.2413
7.0688 -2.6629 7.7842
6.7687 -2.7541 7.4291
3.3130 -2.2630 5.2373
6.4209 -1.1222 10.4800
6.6991 -2.3390 8.2161
-11.9558 3.7610 9.5969
0.9069 -2.9457 3.6618
-6.4019 -0.1840 4.9438
6.1270 -2.8194 6.9283
3.3001 -2.1659 5.1592
5.0591 -2.1584 6.7413
-3.6568 2.7565 12.3884
4.6770 -1.7947 7.2260
6.7198 0.6485 14.1809
4.2868 0.6486 12.7759
7.1462 -2.2390 8.6735
4.0222 -2.1890 5.7027
-5.0892 -0.2224 5.6253
-7.9014 1.7182 7.8679
0.5776 -0.3007 5.3204
2.4582 0.1952 10.8164
5.3377 -0.6657 10.7639
-4.7286 0.8799 8.0300
-9.2743 5.4931 14.5968
6.9459 -2.3197 8.3970
3.5991 -2.0659 5.5245
-20.3393 6.6639 10.5394
9.2318 -0.1057 14.1289
1.1681 -2.8743 3.9550
6.2001 -2.7903 7.0285
1.6877 -2.5849 4.5098
6.1496 -2.8747 6.8312
2.2474 -1.4512 6.1351
5.0939 -2.3247 6.3301
6.7941 -1.0984 10.7428
5.6804 -2.3556 6.8392
2.5923 -1.2206 6.6181
3.4789 -2.1789 5.4627
-12.2978 2.4402 6.7675
2.0856 -2.8744 4.4847
-0.3529 -2.4642 3.8936
6.0720 -2.5222 7.4887
6.6455 -2.7353 7.3954
4.6896 -1.2985 8.2390
4.4290 -2.8852 5.8166
-4.9271 -0.6652 4.8365
3.0446 -1.0601 7.3549
5.0631 -2.0189 6.9964
3.2317 -2.1354 5.0992
6.0765 -1.4529 6.4866
8.6522 -1.0985 11.8158
4.9699 -2.8852 6.1289
0.9332 -2.8849 3.7982
2.1430 -1.8694 5.4293
1.7503 -2.5684 4.5375
6.1158 -1.8001 8.9530
3.5953 -0.0153 5.2319
5.2934 -2.0160 7.1749
-2.6556 -1.0738 5.3343
2.2931 -0.0648 10.2028
2.0273 -2.0239 5.0485
7.3360 -2.2597 8.7418
0.2698 0.5405 10.2404
3.5110 2.2444 15.5076
9.0088 -0.8126 12.5915
3.3734 -2.2955 5.2943
-17.9535 3.7608 6.1327
1.7744 -1.4357 6.0797
0.1614 -2.6691 3.7824
2.2203 -2.6828 4.9442
-10.6403 2.0593 6.9658
7.3150 -1.6578 9.9290
2.1783 -2.7598 4.7665
16.4568 6.4109 31.2865
1.4789 -0.0235 9.8149
-0.4427 -1.5357 5.6920
0.0227 -2.5217 3.9960
-0.0843 -0.6655 7.6329
-10.2818 1.4849 6.0284
3.9083 -2.1106 5.7645
-0.4358 -1.7693 5.2306
1.0533 -0.2603 9.0973
3.9486 0.7600 5.1919
3.3173 -2.0629 5.3524
6.2657 -2.1174 8.4072
0.0021 -2.5608 3.9062
11.2466 5.0918 25.6490
6.4696 -2.3197 8.1220
4.5022 -2.0024 6.3487
3.5875 -1.3330 6.9552
0.4389 -2.1958 4.8859
11.6136 1.1996 18.1054
3.4068 -0.5395 9.9001
4.3200 -0.2530 4.7016
0.6387 -2.4299 4.5348
1.2099 -2.2987 4.2424
4.8014 -2.3519 6.1689
3.1488 0.9408 12.7009
0.3697 -1.0390 5.6932
3.9620 0.6602 5.1876
-4.4238 0.4882 7.4255
3.7698 -1.9238 6.0412
4.0144 0.7721 5.1232
4.2889 -1.8757 6.3119
6.5087 -2.6628 7.4608
4.1071 -1.6716 6.7341
4.4509 -0.1800 4.7867
3.3950 -1.4918 6.5346
5.8469 -0.5397 11.3092
4.2136 -0.1139 4.5542
5.2180 -1.7379 7.6888
5.5123 -2.9112 6.3904
4.4890 -2.0357 6.2715
0.9634 -2.7348 4.1147
4.6987 -2.5032 6.2057
9.1968 5.7084 25.6939
3.6872 -1.8542 5.9906
7.3819 3.3536 19.9534
3.8180 -0.1768 5.0475
-4.1309 3.7613 14.1167
0.3228 -2.7957 3.6233
6.0537 -2.7161 7.0919
4.6032 -2.4981 6.1391
3.0953 -2.7286 5.3583
0.9767 -2.8901 3.8129
3.1013 -2.0488 5.1100
-0.0102 -2.5137 3.9929
2.8731 -2.9261 4.8364
-6.8514 0.1955 5.4403
4.1888 0.3612 5.2141
-14.5743 2.4402 5.4527
1.4698 -1.2840 6.1190
-0.6402 -2.1957 4.2628
3.2304 -1.3024 7.1249
10.6415 0.7043 16.5570
1.9035 -2.8636 4.4010
-3.3238 -0.7254 5.6427
1.1451 0.4367 10.5392
3.9733 -0.1502 4.9466
-0.3128 -2.5296 3.7865
3.2514 0.2889 11.4611
-1.5764 -1.0980 5.9095
3.9145 -2.1232 5.5897
3.6375 -0.9996 9.1166
-2.7686 -1.5889 4.2426
1.1189 -2.7597 4.1548
6.0412 1.0032 14.4958
-7.2433 -0.1839 4.4579
3.9421 -2.1227 5.7455
6.8640 -2.8138 7.3652
2.5846 -1.8922 5.3987
-0.6342 -1.8439 4.9673
4.7012 -1.4216 8.0434
5.2131 -2.6964 6.6456
4.0370 2.4403 16.2018
5.8406 -1.8150 8.7643
2.7957 -2.6079 5.1718
10.3432 1.0032 16.9802
-6.3448 3.4847 12.2869
6.7680 -2.4304 8.0737
-0.3633 -2.3288 4.1574
9.1723 2.2444 18.7773
6.9088 -2.8022 7.4142
-21.7503 6.6637 9.7242
3.2263 -1.7128 6.1027
3.5485 -1.6242 6.6317
2.6869 -2.0280 5.0754
8.3500 -0.0651 13.7005
-4.3281 3.4847 13.4517
8.1900 0.9407 15.6122
6.6408 -2.9607 6.9435
5.9285 -2.8906 6.6719
-2.0624 -1.8866 4.0573
8.3098 -1.3222 11.1723
2.3940 -2.8076 4.7959
6.4523 -2.6899 7.3743
-1.5452 -2.0071 4.1159
-1.4578 -2.0571 4.0667
-12.2120 5.0905 12.0981
4.1662 -0.2228 10.9699
-2.3715 0.9409 9.5129
1.3599 -2.7092 4.3948
4.7017 -0.1844 11.3557
7.0193 -2.6560 7.7693
-2.9868 -1.4225 4.4481
7.6705 -0.2976 12.8446
7.5184 -0.7552 11.8450
-1.2889 -2.1847 3.9100
4.6006 -2.9653 5.7561
-6.6926 3.6206 12.3568
1.3879 -2.3859 4.2222
-0.7102 -2.2895 4.0354
2.6098 -2.9007 4.7350
3.2672 -2.0708 5.2010
-7.7160 4.2140 12.9482
0.4148 -1.2279 6.0004
-3.0849 -1.3627 4.5107
-0.4844 -2.2065 4.3312
-1.7341 -1.6405 4.7373
3.1568 -2.8851 5.0821
7.3829 -2.1743 8.9391
3.7885 -1.9368 5.8903
-2.1917 -1.2792 5.1929
4.3969 -2.1838 5.8090
-2.8713 -1.7062 3.9495
5.7565 -2.8308 6.6917
8.0750 0.1950 14.0600
2.0644 -0.4047 9.3935
7.6952 -2.1175 9.2326
1.8205 -2.1130 4.7695
6.9429 -1.9949 9.0424
8.1822 -1.7388 10.2686
7.1371 0.4879 14.1018
4.8927 -0.2228 11.3895
3.1146 -1.7835 5.8594
-4.1449 2.0593 10.7171
2.2894 0.3372 11.0017
1.3053 -2.8416 4.0994
5.2304 -2.8136 6.4220
6.1262 -2.0329 8.4950
0.9204 -2.8954 3.7700
4.5444 -2.9362 5.7815
4.7461 -1.3322 8.1732
4.9760 -0.6350 10.6163
6.5186 -2.8021 7.1889
2.0720 -2.3932 4.6057
4.2107 -0.2032 4.6278
6.0577 -2.9061 6.7155
-13.7425 2.4402 5.9331
-2.9275 -1.6234 4.0820
6.1011 -1.3383 6.4243
1.4104 -2.8190 4.2050
5.5487 -1.8443 8.5373
-0.9471 -1.6902 5.0928
1.5874 -1.8484 5.1523
7.4443 -0.1845 12.9394
4.4826 0.3371 12.2682
-0.8796 -2.3573 3.8025
2.8885 -0.4048 9.8694
2.4870 0.4880 11.4164
-1.6812 -1.8438 4.3627
0.0115 -2.3094 4.4126
4.3361 -0.0365 5.2904
1.2512 -2.8796 3.9924
5.2061 -2.7539 6.5270
4.1023 -1.6594 6.7538
6.8290 1.8000 16.5384
2.6956 1.8000 14.1512
3.3973 -1.6607 6.0700
2.6684 -2.7781 5.0131
2.0729 -1.6201 5.7514
4.7040 4.9021 21.4925
2.4396 -2.7093 5.0182
9.7904 -0.0238 14.6146
5.5321 3.9072 19.9882
-10.2718 2.1505 7.3604
3.6717 -0.9740 9.1874
5.6412 -1.6577 8.9625
1.9781 -2.3809 4.5509
2.1193 -2.3616 4.6151
-14.6552 6.4085 13.3132
3.7670 -0.1475 5.0155
6.9044 -1.9422 9.1252
4.4199 -2.9653 5.6518
5.7330 -1.3428 9.6431
1.8041 -0.9996 6.6401
-2.2275 -1.3423 5.0466
8.8559 3.2265 20.5515
4.8689 -1.9692 7.0441
7.5435 0.8796 15.1171
-7.6527 1.9705 8.5144
-19.3935 5.9301 9.6235
4.1885 -0.2736 4.6556
-0.1211 -1.7996 5.3518
3.3551 -1.7120 6.0865
0.2029 -2.2066 4.7280
6.6797 -2.5459 7.7925
4.6453 -2.1362 6.3895
-7.8092 1.3389 7.1655
4.3528 -1.9271 6.3908
-0.4677 -2.3667 4.0217
11.9947 4.7206 25.3413
3.4875 -2.8956 5.2521
3.6227 -1.2347 7.1208
-9.0384 1.7182 7.2113
3.1589 -2.9604 4.9332
1.2847 -2.8416 4.0875
2.4650 -2.2508 4.7469
-0.0060 -2.5531 3.9169
3.8050 -1.6744 6.4805
4.4557 -2.0934 6.1049
5.2094 -2.8136 6.4099
-8.1152 3.9068 12.1054
3.6837 -2.7350 5.6853
6.4275 -2.4732 7.7918
-8.3483 1.1329 6.4436
5.7233 -2.8585 6.6173
4.9136 -1.0597 8.3904
6.1678 -0.7840 11.0076
5.7844 -2.2452 6.8742
3.5240 -0.0956 6.1794
4.5266 -2.3724 6.0305
2.8635 0.1497 10.9599
8.3959 -1.0985 11.6678
-0.6296 -0.5717 7.5050
6.0331 -2.0699 8.3676
-13.5759 2.5424 6.2331
3.9637 -2.1848 5.5616
5.8516 -2.3672 7.6704
-5.0268 1.8841 9.8588
17.8775 6.9354 33.1522
4.1584 -2.7414 5.9469
-0.1800 -2.5056 3.9110
3.5951 -1.0613 7.7750
4.3932 -0.7839 9.9828
4.4690 -2.8852 5.8397
6.0696 -2.7784 6.9769
3.4564 -2.3941 5.4068
1.2218 -2.7719 4.1899
7.4498 -0.6038 12.1071
6.2002 -2.1290 8.3463
-15.6589 3.7609 7.4581
12.4918 3.3537 22.9049
4.4258 -2.9557 5.6742
4.9484 -1.9688 7.0252
0.6543 -1.6452 5.5091
8.2998 -0.6961 12.4140
-11.0397 4.9013 12.3982
3.1420 -2.7413 5.3600
1.9375 -2.9507 4.2472
2.6360 -1.6012 5.8301
3.2549 -1.9883 5.4397
1.3755 -1.7553 4.0697
5.0317 -2.3305 6.3389
-1.5865 -2.1513 3.8048
4.9796 -2.8584 6.1879
7.9245 -1.8002 9.9974
4.3916 -1.3315 7.9578
6.8850 -1.0498 10.8922
5.6181 4.3768 20.9736
3.0533 -1.0615 7.4859
4.2692 -1.3334 7.9171
8.4554 -1.2799 11.3407
2.2124 -2.9058 4.4953
3.2842 -2.9361 5.0540
1.8595 -1.8801 5.2460
-10.2678 3.2261 9.5059
4.8771 -2.7029 6.4385
9.2793 6.4103 27.1401
2.0370 -1.9049 5.4626
3.3531 -2.4816 5.4080
3.2033 -1.5423 6.3036
5.1126 -0.5548 8.1074
7.6509 -1.9013 9.6380
4.0000 0.3821 5.1074
-6.4667 2.5425 10.3391
1.5089 -2.9310 4.0388
-0.4782 -1.7224 5.2995
1.4034 -1.6999 5.3535
6.1880 -2.5536 7.4932
1.3655 -2.8636 4.0904
1.5897 -2.7840 4.3784
2.5942 -2.9651 4.5977
-1.3641 -1.4421 5.3464
0.7661 -2.6202 4.2291
-18.1762 3.6202 5.7239
7.2544 -0.0237 13.1501
0.0589 -2.4033 4.2529
1.0395 -1.8500 5.0781
2.6239 -2.8903 4.7639
-12.6567 4.5444 10.7532
3.1161 3.3535 17.4896
5.5111 -2.3212 6.7845
7.9071 1.4847 16.5329
4.0403 0.4239 5.0447
1.6201 -2.7285 4.5065
5.2630 -2.8693 6.3300
-1.1066 1.1328 10.6258
2.5184 -2.4819 4.9269
2.0845 -2.1349 4.8660
3.3116 1.1998 13.3109
5.7797 2.7566 17.8386
4.9657 -1.1193 8.3994
1.4279 -1.1397 6.3840
-0.9394 -2.0814 4.3177
1.5396 -2.7958 4.3259
-9.7415 0.9410 5.2567
1.4578 -2.8360 4.1986
6.8860 -2.3857 8.2309
3.4070 -2.7901 5.4158
5.8178 -2.9654 6.4588
3.1752 -0.1054 10.6314
4.3710 -1.8343 6.8404
4.8974 -2.8474 6.1623
1.4511 -2.2754 4.4563
-0.4016 -1.8439 5.1016
0.9041 -2.9005 3.7502
1.5096 -2.3305 4.4000
6.1588 -1.7386 9.1002
-2.5046 -1.3830 4.8055
3.7127 -1.6299 6.6519
1.7885 -2.6624 4.7355
-6.0542 1.2685 8.0388
11.7767 4.9025 25.5779
4.3989 -2.8307 5.9079
-3.6946 -1.3627 4.1586
2.9899 -2.8798 4.9962
-3.3422 0.5941 8.2612
-0.4579 -1.5174 5.7196
1.2769 -2.8471 4.0719
7.5655 -2.1406 9.1118
-1.6156 -1.6902 4.7068
1.7883 -2.0275 4.9238
7.0455 -2.0939 8.9043
-0.1918 0.4367 9.7672
3.3025 -0.0533 6.6165
6.5323 -2.6207 7.5584
2.2332 -2.7537 4.8105
1.6742 -0.9216 8.1381
3.2601 -1.9270 5.8170
6.0281 -1.4411 6.4508
3.1111 -2.1422 5.0484
-4.3174 3.2262 12.9427
4.4614 -0.0322 4.7779
6.9469 0.6485 14.3120
2.5113 2.5426 15.5245
-2.0926 -1.2136 5.3809
2.4571 1.8000 14.0135
3.9325 -1.0983 9.0905
1.5261 -1.6089 5.5982
3.2861 -2.0917 5.1043
8.6569 -1.0744 11.8665
-0.6206 -2.3288 4.0089
1.7375 -2.8416 4.3489
6.6520 -1.1688 10.5206
5.3798 -2.7539 6.6272
-0.5999 -1.7224 5.2292
3.4504 -1.6689 6.0623
-0.1729 -2.0934 4.7365
-0.0341 -2.5608 3.8853
-5.4330 0.1955 6.2594
2.4218 -1.9369 5.2604
-1.4896 -1.7063 4.7473
5.2448 -2.2716 6.6355
2.1595 0.1052 10.4645
5.0780 -2.9263 6.1094
0.3258 -2.3094 4.5941
1.4953 -2.7157 4.4600
-1.5134 0.5940 9.3173
4.1955 -2.7029 6.0450
4.0282 -1.4807 7.2842
0.9535 2.8685 15.2742
6.6354 -2.5690 7.7210
-8.0743 1.0035 6.3440
-1.0754 -2.0814 4.2392
-5.6755 -0.0233 5.6835
-18.3804 4.3758 7.1115
-0.9397 -1.3006 5.8734
13.5866 5.7087 28.2297
5.7346 -0.4734 11.3764
4.0039 0.7109 5.1458
-22.1004 6.4079 9.0121
6.8100 -2.2699 8.4177
-1.1078 -2.0324 4.3181
-7.2889 0.1055 5.0083
5.4121 -1.6409 8.8637
-0.0553 -0.4392 8.1006
4.9479 -2.2746 6.2411
-7.8518 0.3375 5.1454
-8.9143 2.2443 8.3314
-0.0950 0.8201 10.5869
-3.2218 -1.2792 4.5980
-4.5437 1.0674 8.5104
-2.8782 2.7565 12.8381
7.4542 0.1951 13.7015
5.9240 2.1505 16.7142
12.7990 5.2890 26.9385
4.6208 -2.2308 6.0004
-6.0091 3.7612 13.0318
3.4900 -0.0706 6.0160
5.9082 -1.7028 6.6587
2.9966 -2.9161 4.9278
0.8011 -2.8132 3.8647
4.8582 -2.1460 6.6297
4.1270 -2.7223 5.9667
3.4229 -1.4025 6.8526
0.6355 -2.8526 3.6906
-2.0585 -1.8144 4.2034
-6.1776 -0.5391 4.3656
3.6414 -2.8418 5.4482
3.4050 -2.7538 5.4870
-7.8005 4.5447 13.5583
6.6827 -2.1174 8.6480
5.9766 -2.7540 6.9718
0.4229 -2.3480 4.5733
-1.2921 -1.7538 4.7669
4.6167 -2.8746 5.9461
2.2329 -1.9999 5.1811
9.9293 0.8199 16.3759
5.3718 -2.8800 6.3715
-0.2441 -2.0325 4.8168
6.0017 -2.8531 6.7889
1.5790 -2.7840 4.3722
-0.5331 -2.2995 4.1178
4.5851 -2.5882 6.1894
4.5720 -2.2002 5.9538
-4.8642 0.8799 7.9517
-3.1952 -1.4801 4.2131
7.0945 2.8686 18.8211
4.7223 -1.8177 7.2018
8.1388 1.7181 17.1317
4.8318 -2.6963 6.4255
4.2560 -2.9212 5.6449
-0.3134 -2.2995 4.2447
3.2398 -1.0974 7.2999
7.5189 -2.1291 9.1077
0.4438 0.5940 10.4476
-0.3455 1.2685 11.3357
5.7683 0.0184 12.3758
12.1798 1.7181 19.4654
4.4409 -1.9682 6.6682
5.9146 -2.8800 6.6848
-1.1842 -2.2278 3.8846
8.1760 -1.2142 11.3103
3.8127 -0.1190 5.0367
10.7184 1.1326 17.4548
4.3453 -0.0178 5.2929
6.7716 -0.2976 12.3255
5.4570 -2.0405 7.2507
3.4812 -2.7782 5.4824
6.3937 -2.4303 7.8576
7.0996 -1.9949 9.1329
6.0111 -1.0742 10.3388
4.9342 -1.4947 8.1394
-10.3376 2.6478 8.3134
0.4137 -2.8132 3.6410
8.0436 -1.7544 10.1574
2.2714 -1.0562 6.5565
4.2974 -0.1885 4.6763
7.7631 3.9073 21.2768
3.6024 -2.0469 5.5440
-18.3485 6.9322 12.2238
6.7936 -2.3857 8.1776
1.0187 4.3766 18.3168
-2.0608 0.7617 9.3353
2.5287 -2.9058 4.6780
6.9445 -0.0237 12.9712
-1.5337 -1.0980 5.9341
3.9487 0.3920 5.0779
-1.2348 -1.9943 4.3206
3.8942 -0.1059 5.0333
-5.4929 -0.3693 5.0995
4.1121 -2.1999 5.6565
4.0378 -0.2060 5.5287
-1.2717 -1.6064 5.0723
1.5851 -2.6225 4.4772
4.7592 -1.9803 6.8417
-4.9338 1.8001 9.7450
-3.6556 0.7046 8.3005
-0.9227 1.6384 11.7394
-2.9010 -0.5716 6.1933
-6.2106 -0.0232 5.3745
-4.3219 0.8799 8.2648
4.9110 -2.9060 6.0534
4.9049 -1.4946 7.9297
-4.4534 2.3409 11.1001
4.0275 -2.9312 5.4930
-15.9265 2.9838 5.7549
1.2129 -2.2651 4.2218
2.5889 -2.3796 4.9005
-15.8443 5.2873 10.3925
8.7942 0.4365 14.9564
3.4338 -0.6656 9.6645
2.5556 -0.5718 9.3443
-0.0449 -0.6035 7.7793
-1.3611 2.6479 13.4979
-12.7162 1.8842 5.4179
4.1067 -0.1631 4.6937
11.1325 2.3410 20.1018
10.7179 4.5455 24.2551
-2.2652 -1.0245 5.6580
3.1026 -2.9459 4.9296
1.6301 -0.1452 9.6599
5.2112 -2.3900 6.4387
-0.0290 -0.5394 7.9161
8.3792 1.8000 17.4337
0.1060 -0.1053 8.8590
2.7645 -1.4465 6.2102
2.0429 -2.9603 4.2888
4.4335 -2.9509 5.6883
-2.3623 -0.3336 6.9786
6.9202 -2.6628 7.6984
-0.6716 -1.5891 5.4534
2.8914 -2.2644 4.9975
4.9697 0.3863 12.6477
8.3249 -1.1689 11.4865
3.3298 -2.0778 5.2940
4.0472 -1.3665 7.7006
3.5426 0.8797 12.8066
3.3536 -2.9008 5.1645
0.9701 -1.8982 5.0380
3.8019 0.2759 4.9773
6.3449 -0.5397 11.5968
5.1899 -2.7030 6.6192
2.7313 -2.1122 4.9439
5.2147 -2.2522 6.6723
-1.3031 -1.0494 6.1641
6.4761 -2.2901 8.1847
4.8802 -2.5466 6.3514
7.4320 -1.7069 9.8987
1.4284 -2.5571 4.3271
6.2833 -2.5914 7.4728
-1.2421 -2.2172 3.8723
-14.2293 3.6204 8.0036
5.0859 2.2444 16.4172
5.4107 -2.8853 6.3834
-7.3462 1.0035 6.7645
2.1243 -2.7598 4.7353
-7.0006 4.7196 14.3689
3.3327 -2.4468 5.3729
3.6300 -2.7901 5.5446
6.0856 -2.5840 7.3735
6.7530 -2.3390 8.2472
3.8582 -1.2752 7.6940
3.1505 -2.8077 5.2327
3.8278 0.4470 5.1340
0.0797 -2.0325 5.0038
4.4015 -2.0176 6.0722
4.1786 -0.0661 4.5415
2.7361 -2.8850 4.8392
5.4910 -0.9482 10.2896
-11.1311 1.8001 6.1659
2.7537 -2.8903 4.8388
15.5570 5.9326 29.8137
3.5902 -2.0141 5.5923
6.7743 -2.5223 7.8943
6.1345 -1.8731 8.8183
-3.2572 -1.2576 4.6206
-8.9818 4.2140 12.2170
-4.2038 -1.0737 4.4404
3.6055 -1.6215 6.5316
4.1891 -2.7600 5.9275
15.3221 6.1663 30.1438
5.7778 -0.6350 11.0793
4.1151 0.7045 12.7880
0.2989 -1.2841 5.8160
4.3046 -1.5410 7.3475
-1.4109 -0.1451 7.9038
-15.1467 5.4927 11.2046
10.9456 4.7205 24.7353
-10.9371 1.3389 5.3590
4.7450 -0.4394 10.8726
-1.0756 -1.4802 5.4370
0.7429 -1.3180 5.9555
5.2198 2.4403 16.8849
5.2677 -2.9009 6.2696
3.2902 -2.1659 5.1534
2.1489 -2.2833 4.5867
0.9730 -2.8689 3.8530
-0.3880 -1.7845 5.2277
3.4137 3.3535 17.6615
-7.0350 1.1329 7.2021
5.3658 -1.8443 8.4317
4.9488 -1.0591 8.3495
2.7827 -2.9311 4.7743
14.1641 5.4945 28.1364
0.7089 -1.5622 5.4595
6.1506 -2.9654 6.6510
6.8277 3.7616 20.4464
2.0355 -2.8636 4.4772
4.6496 1.0672 13.8196
3.1852 -2.6253 5.4067
5.1427 -0.4512 8.0557
4.5245 -0.2975 11.0279
3.1166 -2.3726 5.2173
-0.4649 -2.1848 4.3858
-2.4938 -0.6654 6.2416
1.3980 -2.9457 3.9454
0.6288 -2.5760 4.2378
9.5229 0.0183 14.5440
4.3965 1.8841 15.3012
3.5646 3.6209 18.2814
5.7700 -2.2827 6.8992
5.4956 -1.5719 9.0495
3.8002 -0.2604 10.6835
5.4124 -2.9163 6.3226
3.0199 -2.2792 5.0791
3.3788 -2.9059 5.1688
1.7970 -2.7349 4.5960
2.0724 -2.4102 4.6174
7.6608 -1.4035 10.6355
6.7448 -1.4426 10.0286
2.9425 -2.7660 5.1955
4.6367 -1.4003 7.9788
1.4132 -1.6483 5.4536
-1.1035 -2.1285 4.1292
-4.7570 3.7613 13.7550
-5.3998 1.2685 8.4168
-16.0682 2.9838 5.6731
-5.7756 0.2418 6.1540
2.0953 -2.6961 4.8455
-3.1409 -0.7547 5.6899
4.5104 -2.0253 6.2935
7.4064 -2.0940 9.1127
0.9048 -2.7958 3.9593
5.5591 -2.8905 6.4586
-0.8825 1.7181 11.9216
2.1007 -1.8404 5.4097
-2.4118 0.5941 8.7985
5.9354 -1.9969 6.7683
4.8405 -1.9520 7.0853
-0.7156 -2.1052 4.3996
1.8752 -2.7536 4.6038
0.4383 -2.7719 3.7376
7.7250 2.2444 17.9414
7.2462 1.9705 17.1191
5.4215 -2.0983 7.0254
-3.5492 3.9069 14.7428
-10.1525 2.4402 8.0065
1.5364 -1.3073 3.7897
0.7084 -1.2827 6.0240
-0.3604 -2.3191 4.1784
1.0764 -1.0622 6.4137
1.8949 -0.7838 8.5403
1.9720 -2.7027 4.7612
6.9525 -2.4127 8.2154
3.6730 -0.1055 10.9189
0.6093 -2.7839 3.8123
5.0860 -1.7605 7.5478
3.9159 -2.9652 5.3608
12.7298 6.4106 29.1335
4.8602 -0.7840 10.2525
5.0438 -1.7567 7.6005
8.8352 -0.5398 13.0348
3.3991 -1.2742 7.0543
1.9054 -2.8954 4.3387
0.9605 -2.7658 4.0512
6.6423 -2.4732 7.9158
1.4901 -0.7256 8.4224
3.1708 -2.1362 5.0663
4.5356 -1.8426 6.8998
7.1768 -1.2582 10.6455
-1.3738 -2.1051 4.0195
3.0773 -1.9565 5.2264
-3.9379 -0.5715 5.5946
1.3755 -1.8716 4.0697
7.4616 -1.9287 9.4739
-1.0430 -2.1957 4.0302
1.4312 -1.6972 5.3526
3.0648 -2.7599 5.2783
0.2060 -2.1170 4.9084
-0.2282 -1.4227 6.0410
1.1293 -2.8954 3.8906
11.5321 5.9323 27.4886
1.5023 -1.3049 3.7478
8.6351 -0.0238 13.9474
-24.7312 5.9298 6.5400
10.5215 6.4104 27.8577
2.1825 -2.4168 4.7253
-3.0656 -0.9993 5.2461
5.8259 -1.5719 9.2402
0.1324 -2.4122 4.2776
1.2256 -1.1223 6.3865
7.3296 -0.1454 12.9511
10.5907 2.7567 20.6173
-7.1604 -0.2223 4.4293
5.6391 -2.9606 6.3652
2.0053 -2.7780 4.6303
1.8930 -1.5947 5.8311
6.9461 2.0593 17.1227
2.7981 -2.0965 5.1189
-11.9265 5.4929 13.0648
7.4085 -2.3197 8.6641
5.0856 -1.0983 9.7563
-19.6694 4.3757 6.3669
8.0449 -1.6744 10.3175
5.0348 0.9408 13.7901
0.3225 -2.7410 3.7321
5.2379 0.8797 13.7856
6.7099 -2.7904 7.3228
1.6899 -1.9695 4.9682
6.4769 -2.3672 8.0314
-2.8810 0.6487 8.6365
6.3596 -1.4034 9.8841
3.0141 2.0593 14.8518
5.5723 -2.4683 6.6588
6.0475 -1.3721 6.4163
6.3217 -1.0498 10.5669
6.6442 -1.8731 9.1126
-10.3980 3.9067 10.7869
3.8698 -2.0731 5.6649
3.1085 0.1952 11.1919
0.5921 -2.8953 3.5804
-5.6908 6.4092 18.4920
8.7741 1.1997 16.4656
13.2611 3.6212 23.8820
-10.8287 2.2443 7.2257
-2.3251 -0.6654 6.3390
6.1791 -2.9654 6.6675
3.8960 -1.4247 6.9864
3.3785 -1.5647 6.4544
-2.9402 -0.4391 6.4347
-6.0977 5.7074 16.8587
-2.9831 3.7613 14.7797
0.1349 -2.5608 3.9829
2.5246 -2.5349 4.9659
2.2418 0.0186 10.3394
8.2266 -1.0744 11.6181
3.2849 -1.9553 5.7768
2.0628 -0.5066 9.1895
-11.5371 3.4846 9.2879
6.1133 -2.9113 6.7374
5.6082 -2.4784 6.7024
-4.5948 -0.7835 4.7928
7.1882 -2.3485 8.4795
1.4683 -1.1388 6.3720
0.4917 -2.7091 3.8935
3.3432 -2.1106 5.4007
1.4924 -2.8796 4.1316
-3.4935 -0.5715 5.8512
-4.4520 -1.1450 4.1548
-8.6504 1.8841 7.7661
4.5064 -2.7351 6.1603
4.3422 -0.1118 5.3039
1.7533 -1.7335 5.4648
0.9167 -1.8125 5.0650
-12.6530 2.3408 6.3644
6.6740 -1.6578 9.5589
-0.5622 -0.4046 7.8767
-6.6351 3.7612 12.6702
5.8024 -1.8297 8.7129
6.4368 -2.8694 7.0077
3.5196 -2.0459 5.6153
5.7066 -2.6964 6.9306
7.6850 -2.1519 9.1581
5.8714 -1.9469 6.7227
12.4675 3.2266 22.6374
7.2294 -2.0578 9.0826
7.7498 -1.3011 10.8909
0.7821 4.9019 19.2270
5.3852 -2.9461 6.2475
6.6096 -2.8586 7.1290
3.0066 -2.4445 5.1794
0.1408 -2.7347 3.6398
4.2809 -1.9105 6.2277
10.6791 4.0583 23.2619
-0.9466 -2.3666 3.7452
0.3918 -1.2057 5.9494
-1.8093 -0.0647 7.8338
2.6452 -0.7427 7.4643
6.9389 -1.5542 9.9184
1.2833 -1.1615 6.3607
4.8068 -2.7722 6.2598
-2.7326 0.5941 8.6132
1.6219 3.4849 16.8884
6.3488 -2.9010 6.8938
6.8371 -2.8907 7.1964
4.3158 -0.8679 9.7708
-5.7116 0.4882 6.6818
4.9608 -2.9213 6.0518
5.8354 -2.2699 7.8550
4.3970 -0.1719 4.7565
0.0189 -0.8948 7.2356
5.0190 -2.9605 6.0072
5.0568 -1.8015 7.4831
0.7032 -2.4299 4.5720
2.2218 -2.0906 4.9287
1.4681 -2.4448 4.2922
6.5411 -2.7416 7.3226
1.1385 -2.1107 4.7471
6.4856 -1.3428 10.0777
5.5605 -0.2605 11.7000
5.4958 -2.8693 6.4643
6.2682 -0.0237 12.5807
1.5714 -0.3696 9.1789
9.0383 -0.9484 12.3379
-1.1155 -2.1847 4.0102
11.4574 3.4852 22.5693
5.7556 -2.1742 7.9995
3.2824 -1.8273 5.8895
-0.8326 -0.0647 8.3979
-4.0208 2.0593 10.7888
3.8755 -2.0335 5.7797
0.9021 -1.6198 5.4546
4.4139 -1.5303 7.6377
3.7378 0.1526 4.9501
3.9402 -2.2002 5.5583
4.4911 -1.3132 8.0352
2.1638 -2.6828 4.9116
-24.8574 6.4077 7.4194
0.3122 -2.7957 3.6172
-0.8898 -1.5715 5.3625
-5.6860 0.2418 6.2057
2.8369 -2.1525 5.0175
1.4929 -2.1701 4.6347
3.7897 -1.5459 6.6708
1.3858 -2.8636 4.1021
11.9944 5.2890 26.4737
4.1672 0.0063 4.5314
-3.9336 -0.2972 6.1437
2.5012 -2.1182 5.0147
1.8014 -1.8669 5.2207
7.0161 -2.5841 7.9108
3.9363 -0.2648 5.1245
6.3530 -2.4898 7.7156
3.9711 -1.9660 5.9574
8.0665 2.3410 18.3310
6.2644 -2.7161 7.2136
6.3271 -1.3428 9.9862
3.9097 -1.4840 6.7613
4.3869 0.2128 5.2846
0.5914 -2.6057 4.1571
3.9607 -2.4967 5.7651
-2.0223 -1.4226 5.0051
-6.2447 2.1505 9.6863
-8.0043 0.4883 5.3578
4.0673 -1.8883 6.1235
-5.4297 -0.4729 4.9295
1.5013 -2.3338 4.3717
-5.7347 0.6488 6.9885
-0.2291 -2.0815 4.7278
1.1558 -1.9244 4.9729
0.5087 1.0673 11.4282
-1.2434 -0.9738 6.3492
-0.1580 1.0673 11.0432
1.9866 -0.2227 9.7113
3.9518 -2.7782 5.7541
1.1176 -0.1843 9.2860
2.0808 -1.9407 5.1350
4.7147 -2.9653 5.8220
7.3612 -1.3633 10.5425
6.8021 -1.7069 9.5350
3.2173 -2.1976 5.1341
0.9744 -2.7348 4.1211
-0.7466 -1.9683 4.6545
3.9205 -2.9312 5.4312
1.7541 0.7045 11.4246
1.1516 -1.3884 5.8145
3.7884 0.1952 11.5846
6.1841 -2.8958 6.8091
-5.4158 0.3374 6.5521
1.5046 -2.7092 4.4783
3.8831 -2.0263 5.9347
4.3850 -2.1175 5.8116
2.9552 -2.7028 5.3289
-4.2807 2.3409 11.1998
7.5934 -0.5720 12.2533
4.4527 -2.8957 5.8094
2.7131 -0.2227 10.1308
4.1278 0.0074 4.5108
4.9739 -1.9800 7.0867
-2.6803 3.1032 13.6431
1.5824 -2.9506 4.0421
4.9563 2.5426 16.9366
3.2939 -2.9361 5.0596
4.6192 -2.8419 6.0127
-8.8808 6.9331 17.6935
6.9466 -2.3485 8.3400
2.1423 -1.3564 6.2018
-1.5721 -1.5536 5.0040
5.3160 -2.2508 6.7266
4.0538 -1.6103 6.8243
6.6489 -0.9998 10.8555
0.6949 -2.6827 4.0635
4.6755 -1.7820 7.2453
3.9248 -0.2772 5.1475
3.9642 0.8250 5.1592
3.5279 1.3388 13.7128
-19.7073 5.7065 8.9968
0.3618 -2.3385 4.5570
4.5619 -0.1453 11.3529
-1.8786 -1.7995 4.3370
-3.3728 0.8799 8.8129
-1.0597 -1.3216 5.7622
7.0057 -1.9556 9.1570
3.6691 -2.7159 5.7151
5.9502 -0.8124 10.8253
-2.5719 -0.3336 6.8575
-15.1503 2.7564 5.7501
-0.0247 -1.8584 5.2904
5.3531 -1.5360 9.0386
3.6031 -2.7960 5.5173
0.4492 -2.3289 4.6266
7.4827 -1.8731 9.5968
5.8743 -2.3764 7.6650
2.2731 -2.5424 4.8653
5.6858 -2.4971 6.7615
-0.2869 -1.7224 5.4099
-15.1308 2.5424 5.3351
-4.7461 -0.0233 6.2202
-10.8657 2.5425 7.7984
9.8816 4.3770 23.4363
8.0418 -0.1845 13.2845
3.0234 -2.5885 5.2887
-1.9566 -1.3216 5.2443
5.4514 -1.8297 8.5102
2.3464 -1.9983 5.1887
-0.4077 -0.4046 7.9660
2.8425 0.1952 11.0383
5.9200 -1.7424 6.6381
5.2963 -2.7962 6.4949
-1.8728 1.2685 10.4537
-1.0766 -2.0449 4.3114
2.7664 -1.4323 6.2366
1.3017 -2.7026 4.3742
3.3491 -2.2471 5.2476
2.4558 -1.7381 5.8044
-13.2693 4.0574 9.4289
1.5468 2.3409 14.5656
4.0688 -2.2640 5.6762
1.3797 -1.7020 3.9421
-2.6101 3.2262 13.9289
0.1135 -2.5137 4.0644
1.3856 -2.1484 4.8688
11.2381 1.7181 18.9216
11.0744 1.1997 17.7940
3.1108 -1.8748 5.2616
3.7230 -0.6657 9.8315
7.2980 -1.8589 9.5186
7.3415 -1.3633 10.5311
6.6481 -2.6350 7.5968
7.0959 -2.4981 8.1282
1.5150 1.1998 12.2734
-1.5857 -1.2793 5.5428
0.0751 -2.1738 4.7196
3.9949 -1.9648 5.9667
-3.9688 -1.2357 4.2534
-0.3244 -2.3759 4.0860
1.9837 -2.7598 4.6542
4.7653 -1.0983 9.5714
-2.5443 -1.3423 4.8636
-1.5763 3.1032 14.2807
5.7065 0.5938 13.4867
5.2111 1.0672 14.1439
3.3202 -2.2150 5.2085
4.7784 -2.2539 6.3527
4.4825 -2.7288 6.1592
2.8182 -1.6405 5.7015
-1.3499 -1.9550 4.3325
8.6604 -0.2229 13.5652
-8.4202 5.7073 15.5170
-0.0628 -2.6623 3.6666
4.7044 -2.5549 6.2682
-4.9523 -0.7546 4.6439
0.7363 -0.9995 7.4414
7.8527 2.2444 18.0151
8.3851 0.0183 13.8869
4.3064 -1.9534 6.0578
0.8857 -0.6035 8.3167
4.9767 -2.1864 6.6541
-3.8753 -0.1052 6.5600
1.8613 -2.7157 4.6713
0.8520 -1.5620 5.5401
6.4538 -1.8001 9.1482
5.2608 -1.9633 7.2452
3.6452 -1.0741 8.9727
9.1479 -0.8126 12.6718
7.2703 -1.6907 9.8376
3.9392 -2.7223 5.8582
1.9913 -1.2386 6.2629
1.8512 -2.8472 4.4035
2.7893 -2.1101 5.1954
11.3654 1.8841 19.3259
6.6911 -2.8586 7.1761
5.3839 -2.7352 6.6670
6.1725 -2.0329 8.5217
-3.8141 -1.0244 4.7637
8.0112 -1.1689 11.3054
1.0645 5.7079 20.9961
2.8711 -0.9996 7.1203
1.4304 -0.4732 8.8909
1.6830 -1.8904 5.1230
2.1610 -1.9283 5.1879
2.6904 -0.5067 9.5519
2.6165 -2.8305 4.8788
3.9590 -2.3581 5.6686
13.7383 4.9026 26.7111
3.9991 -2.4506 5.7665
3.4913 -0.1066 6.1112
5.7094 -2.9112 6.5041
1.5970 -2.8954 4.1606
9.0884 0.1050 14.4657
5.9840 -2.7784 6.9275
-2.2988 -1.7691 4.1548
4.3799 -2.9605 5.6382
2.0712 -2.7349 4.7543
0.5909 -0.3952 5.4358
0.3456 -2.2996 4.6252
8.0963 -1.7230 10.2504
-7.3101 0.4369 5.6565
9.2651 -0.4396 13.4828
3.9219 -0.1055 11.0626
1.2940 -2.2467 4.4309
-1.8117 -1.3423 5.2866
3.8191 -2.9508 5.3336
5.2364 -2.9112 6.2311
1.2984 -2.0436 4.2038
0.4045 -2.8359 3.5904
5.7658 -2.9363 6.4867
-0.1495 -1.9814 4.9731
-6.6112 0.2419 5.6714
1.9635 -2.8248 4.5130
0.9517 6.9339 23.3739
4.5369 -1.3818 7.9290
2.2560 2.8686 16.0265
-5.8492 5.0909 15.7736
2.5814 -1.2366 6.2076
4.7581 -2.6248 6.3135
3.7384 -0.4048 10.3601
4.9005 -2.7224 6.4133
-4.7125 0.7618 7.8040
4.8654 -2.6964 6.4449
-3.3030 -1.5355 4.0405
0.9841 -2.9602 3.6776
4.6188 -2.5590 6.2002
2.9585 -1.7069 5.8290
3.2077 -2.7093 5.4616
5.5562 -1.4425 9.3423
1.9335 -2.8527 4.4401
1.7258 -2.3098 4.5036
3.3148 -1.5349 6.4381
3.3100 -2.1247 5.1467
4.4403 -1.7269 7.0721
2.4071 -2.1874 4.8682
6.0134 -2.6696 7.1612
1.4225 -1.6395 3.9879
0.2088 -0.9994 7.1368
4.3390 0.0475 5.2806
0.5145 -2.6415 4.0414
3.1243 -2.9556 4.9228
-7.8646 0.2419 4.9476
2.1978 -2.0693 5.0191
-8.6973 1.4849 6.9434
3.3301 -2.5398 5.4417
4.7931 -2.7477 6.3008
6.1962 -2.9314 6.7451
9.4695 2.4403 19.3393
5.7654 -1.7228 8.9046
4.6135 1.6383 14.9367
3.8123 -2.8362 5.5580
6.8477 3.6210 20.1777
-4.4967 1.8001 9.9974
-0.0194 -0.7837 7.4348
5.3979 -2.8136 6.5187
0.6437 -2.3574 4.6820
4.3779 -0.2189 4.7649
-0.8961 -0.3694 7.7540
1.4070 -1.5315 5.7483
5.6819 -2.2647 6.9042
1.9948 -2.8361 4.5086
4.1969 0.2968 5.1105
-3.3252 0.0616 7.2101
0.6303 -2.3574 4.6743
8.7860 0.3862 14.8515
-2.2107 -0.2225 7.2876
-1.6666 0.1053 8.2550
6.1818 -2.3947 7.8062
13.3222 4.9026 26.4707
1.2049 -2.9260 3.8732
4.1620 -2.5455 5.9343
4.4525 -0.5396 10.5040
4.2800 -0.1768 4.9160
2.1300 -2.0420 4.9778
-1.8793 -1.3830 5.1666
0.7002 -2.9057 3.6222
3.9310 -2.8745 5.5502
5.9968 -1.1222 10.2351
-4.5121 -1.0244 4.3606
7.2111 -1.1457 10.8895
6.0604 -2.4980 7.5303
-6.6496 2.4402 10.0297
0.9247 -2.9159 3.7315
-0.5258 -2.3288 4.0636
6.3523 -2.8854 6.9270
3.2484 -1.0998 7.4360
4.1659 -1.4073 7.5572
0.0521 -2.6415 3.7744
-9.1582 6.1645 16.0018
-5.7233 -0.1840 5.3356
-0.2903 -1.0739 6.7002
5.9417 -2.5613 7.3357
9.3717 -0.5721 13.2802
7.7384 -0.8681 11.7472
-2.9273 1.2685 9.8447
3.6418 1.4848 14.0696
-14.1060 4.7193 10.2646
3.8200 -2.7094 5.8151
3.7318 -0.1999 5.3320
-4.4249 -1.0244 4.4110
3.8353 -2.8249 5.5937
3.8147 0.2517 4.9750
4.1922 -1.7149 6.7625
4.4536 -0.0610 4.7777
-4.2248 -0.7253 5.1224
-17.3901 5.2872 9.4996
-1.3894 -2.0071 4.2058
6.6222 -0.8125 11.2133
8.1066 2.1506 17.9748
4.0228 -1.7911 6.4219
-0.1648 -2.4385 4.0535
5.8325 -2.0585 6.7903
-1.4016 -0.5065 7.1890
-0.3231 -2.4122 4.0146
0.0813 -1.1218 6.8193
2.6582 -1.9938 5.2534
1.3229 -2.9057 3.9817
-11.3100 2.5425 7.5418
7.1832 -2.5841 8.0072
6.5252 -2.7096 7.3771
2.3868 -1.6440 5.7662
6.6978 -1.8150 9.2593
0.5502 0.0615 9.4480
9.1400 2.0593 18.3897
3.6079 -1.7193 6.3607
2.7572 -1.5024 5.8489
2.2212 -2.8417 4.6282
9.8225 -0.3341 14.0148
5.1804 -2.3474 6.4362
8.4882 4.5454 22.9671
2.2082 4.9020 20.0508
-9.3702 1.1999 5.9870
7.1598 -2.3099 8.5399
-2.2422 -1.8866 3.9535
-1.3915 -1.6573 4.9018
0.5090 -2.5760 4.1687
4.7652 -1.1667 8.5408
-1.1284 0.5940 9.5396
6.8416 1.3387 15.6265
6.4301 -2.8308 7.0806
5.3121 -0.3697 11.3389
-2.7088 -1.6572 4.1411
2.9121 -1.9460 5.3203
3.1360 -2.8134 5.2128
2.9834 -2.9059 4.9405
8.2329 3.6210 20.9777
4.8966 3.7616 19.3310
4.8397 -2.8852 6.0537
6.3952 -2.3293 8.0597
4.4543 -2.5878 6.1130
3.4442 -1.5202 6.6689
-2.8808 -1.3423 4.6693
2.6662 -2.1598 4.9396
6.8582 -1.0984 10.7798
-3.1358 -1.5355 4.1370
-4.3564 -0.2972 5.8996
-1.1039 -0.3694 7.6340
-2.6567 -0.5064 6.4642
7.1511 -1.0743 10.9971
-4.4961 3.7613 13.9057
4.9739 -0.2975 11.2874
2.8370 1.9705 14.5726
5.5734 0.2888 12.8020
0.9236 2.7566 15.0339
1.4771 -2.1540 4.7042
4.2970 -0.2033 4.6773
2.1800 -2.8417 4.6044
6.6886 -2.8801 7.1317
3.8505 -2.8019 5.6485
5.4089 -1.5360 9.0708
1.8146 -2.8850 4.3071
1.9142 -2.2206 4.6072
5.1492 -2.7843 6.4336
4.8003 -2.9653 5.8714
9.5648 1.1997 16.9222
2.6748 -2.5162 5.0386
1.1436 -2.0730 4.7189
-5.3456 0.6488 7.2132
-0.2560 -1.9145 5.0450
7.1082 0.1496 13.4111
3.3326 -2.7350 5.4826
1.9270 -2.9310 4.2802
-7.8926 3.3533 11.1311
7.1225 -2.0578 9.0209
2.2870 -2.6895 4.9694
-1.7721 -1.3423 5.3095
3.0001 0.3864 11.5103
4.1001 -1.9610 6.0136
2.8193 -1.2734 6.7043
2.5094 -2.8417 4.7946
-9.7293 1.1999 5.7796
-21.4705 5.2870 7.1424
5.1864 -0.1399 7.9799
6.6419 -2.8959 7.0734
-7.1046 3.7612 12.3990
5.2448 -2.3268 6.4834
6.1779 -1.5178 9.5512
0.1473 -2.0199 5.0678
1.6676 -2.3878 4.3883
1.9566 0.1052 10.3473
-1.0740 -0.5716 7.2483
-1.1280 -1.0980 6.1684
3.7745 -2.4764 5.6394
4.0610 -0.0658 4.6108
5.7446 -2.1174 8.1063
1.0734 -2.0493 4.6986
8.2042 -1.6744 10.4095
6.4025 -1.2141 10.2862
3.4487 -2.9262 5.1687
1.6395 -2.3572 4.3276
5.1938 -2.3299 6.4930
5.6075 -2.1290 8.0041
2.0776 -1.8173 5.3563
11.7978 1.8000 19.4081
-1.8383 -0.3336 7.2811
0.6191 -2.3192 4.7440
2.2735 -1.8702 5.3722
-0.0747 -2.3192 4.3434
3.1470 -2.3778 5.2183
4.3537 -2.1016 5.8492
3.9715 -0.2650 5.1439
-12.0370 2.7564 7.5483
0.7365 -2.5760 4.3000
5.8530 -2.1057 8.1923
1.8547 -2.8850 4.3303
-3.9132 1.0034 8.7471
6.5445 -2.8195 7.1693
8.2786 -0.2977 13.1958
1.3672 -2.3309 4.3188
-5.7114 1.3389 8.3770
-3.3382 -1.4420 4.2065
2.2131 -2.8248 4.6571
0.2764 -2.5835 4.0194
6.4465 -2.6832 7.3843
9.5213 6.6663 27.7900
5.2138 -1.4034 9.2225
6.3673 -2.0699 8.5606
1.7796 -2.3563 4.4355
1.4177 -2.4029 4.2508
10.0480 0.3862 15.5803
-6.0219 -0.1840 5.1632
2.5763 -2.9110 4.6952
4.7474 -2.3856 6.1605
3.7385 -2.7350 5.7170
2.2746 -2.7660 4.8099
-12.4948 5.4929 12.7365
1.5756 -2.9260 4.0872
6.6344 -2.6628 7.5334
6.0124 -2.8021 6.8966
-0.9006 0.7617 10.0053
9.7028 1.5605 17.7209
0.8784 -2.7719 3.9917
1.7751 -2.9555 4.1438
12.8335 4.5456 25.4771
1.4922 -1.4037 3.8665
3.2131 -2.2998 5.2125
4.1642 -0.2436 5.2239
-10.7177 1.0675 4.9448
0.9114 -2.8526 3.8499
-1.3272 -1.0245 6.1997
0.8775 1.9705 13.4409
2.6258 -1.9041 5.4731
4.3255 -0.1360 4.7085
3.4255 -2.9508 5.1063
-9.0121 1.6384 7.0676
-2.3530 -0.4391 6.7738
-3.8616 -0.5064 5.7685
-1.5381 -0.2225 7.6760
3.2685 -1.9365 5.8035
5.3560 -2.8136 6.4946
2.6058 -2.9110 4.7123
-1.3634 -2.2591 3.7188
4.1669 -2.9008 5.6340
-0.8314 -2.4210 3.7035
0.2067 -2.7347 3.6778
0.6615 0.3864 10.1598
-0.3195 -2.5137 3.8144
7.7368 -1.3836 10.7191
5.4089 -1.8871 8.3712
2.0884 -1.4775 5.9612
-4.3987 2.1505 10.7524
5.7170 -1.2362 9.8462
-0.0525 -2.6201 3.7564
-2.0103 -1.1452 5.5648
8.2091 -0.6038 12.5456
3.6517 -1.7854 6.1068
0.7585 -2.7839 3.8985
-4.6254 0.5941 7.5201
-8.3105 0.7048 5.6123
-2.8644 0.8798 9.1065
4.1549 -0.2558 4.6880
3.7398 -1.5183 6.8221
5.1264 -2.1935 6.6805
-1.0167 -1.8145 4.8049
1.4578 -2.4780 4.3060
7.0346 3.3536 19.7529
8.9910 0.4878 15.1724
5.1263 -0.3631 8.0203
-4.7047 -0.1051 6.0811
8.7478 -0.1845 13.6922
4.0451 -0.6037 10.1410
8.0588 1.5605 16.7715
4.0619 0.3960 5.1132
11.6877 1.8841 19.5121
4.2074 -2.1527 5.7753
0.3616 -2.1053 5.0216
2.5624 -1.3494 6.1230
-8.0397 1.0035 6.3640
-3.8504 -0.1841 6.4172
4.0838 -0.2911 5.1861
-12.8215 4.9012 11.3690
4.8745 -2.3521 6.2118
8.8745 0.5402 15.2095
0.9672 -2.7411 4.1044
0.3446 -2.1848 4.8532
6.1304 -1.8443 8.8732
4.5485 -1.3668 7.9934
3.7371 -2.4580 5.6040
3.2504 -2.6962 5.5124
0.6430 -2.5454 4.3071
5.9350 -2.5988 7.2570
6.1655 -1.7228 9.1356
3.9933 0.4191 5.0987
1.2302 -1.8733 5.0674
2.7541 0.5939 11.7818
1.6062 -2.3863 4.3204
-0.7914 -2.1169 4.3325
-6.5105 -0.1840 4.8811
7.7740 -1.6070 10.2954
3.9770 -0.1803 5.3042
2.5698 -2.1883 4.9300
4.8884 -2.0597 6.8315
2.9818 -2.0020 5.2427
5.6963 -2.9606 6.3982
3.9179 -2.0708 5.8433
7.0938 -0.0650 12.9751
2.1571 -1.8800 5.4173
-0.2771 -0.6655 7.5216
6.1149 -2.4898 7.5782
1.5745 -2.7221 4.4929
3.4789 -1.5746 6.4651
6.2471 -2.8531 6.9306
-9.2632 1.4849 6.6166
3.2711 -2.6829 5.5509
4.3921 -2.0713 5.9988
-1.9389 -1.7223 4.4561
2.0450 -2.8850 4.4401
3.2732 -0.0817 6.3078
6.6135 -2.8021 7.2437
-1.0996 -2.2172 3.9546
-6.0104 4.7197 14.9409
4.0737 -1.7556 6.3444
-11.8461 1.8001 5.7529
6.6394 -2.8080 7.2470
-1.7597 -0.3337 7.3265
3.9002 -1.3444 7.3000
0.4405 -2.4893 4.3019
0.0736 -2.5835 3.9023
-1.3777 -1.9813 4.2639
4.9033 -2.5135 6.3189
1.6833 -1.8456 5.2688
2.8950 -2.1091 5.1752
4.7686 -1.1456 9.4791
6.8290 -2.4898 7.9905
-3.1816 -0.3694 6.4342
5.2277 -2.1343 6.8945
1.0571 -2.6624 4.3132
1.0402 -1.4868 5.8110
0.6120 -1.4775 5.6674
7.9917 -1.6579 10.3198
0.6385 -2.6057 4.1843
5.7170 0.2415 12.7907
-15.8379 5.7068 11.2320
5.1461 6.9343 25.7970
4.3889 -0.2010 4.7568
1.6017 -2.3965 4.4922
-18.0595 6.9323 12.3908
5.2594 5.7082 23.4194
13.8378 6.1662 29.2863
1.1049 -1.1811 6.2373
4.6805 -1.8340 7.1791
3.8691 -0.2061 5.0796
4.1913 -2.0245 6.0611
2.9347 -2.9211 4.8819
3.5238 -2.3229 5.3901
2.9718 -1.7265 5.4901
7.4390 -0.6961 11.9169
-0.4627 0.2417 9.2220
4.1333 1.0033 13.3940
5.8331 -2.2389 7.9153
1.0689 -1.8131 5.1558
0.1128 -2.0934 4.9015
4.8194 -1.9832 6.9485
5.9244 -2.1518 8.1415
4.9776 -2.2033 6.5068
3.8275 -1.9798 5.8304
2.0965 -1.4907 5.9295
-4.4779 0.1054 6.6315
-0.7802 -1.7996 4.9712
-4.3021 1.8841 10.2774
7.0409 -2.7161 7.6619
2.0956 -1.8231 5.3956
4.1356 -2.8799 5.6577
4.1117 -1.8315 6.2575
5.3273 -1.8972 7.4713
4.2253 -2.1534 5.7545
2.6589 -1.3691 6.2155
1.5314 -1.3503 6.0178
1.9136 -0.5718 8.9735
1.6397 -1.5808 5.7094
7.4357 -2.3197 8.6798
6.3679 -2.4303 7.8427
-7.2150 1.1999 7.2317
6.3504 -2.6134 7.4678
4.0727 0.1051 11.5693
-5.0277 -0.0233 6.0576
-0.8841 -1.4227 5.6622
2.6701 -1.2630 6.7724
3.5993 -2.2271 5.3114
0.5125 -2.8953 3.5344
6.4134 -2.4391 7.8516
3.7662 -2.2714 5.4903
4.1796 -0.2294 4.9348
4.2976 -0.1356 4.6565
3.9414 -2.4421 5.7136
3.7229 1.6383 14.4224
4.1509 -0.2644 4.7324
5.7568 -1.6906 8.9637
4.2518 -2.1440 5.7437
7.6833 -1.2363 10.9815
5.7059 -2.8747 6.5750
2.1477 -1.7177 5.5991
0.9881 1.1328 11.8355
8.5799 -1.1458 11.6798
4.9344 -2.7414 6.3949
3.6619 -1.7569 6.4304
4.2426 -0.2632 4.6497
-1.1988 1.8000 11.9021
4.1132 -2.9111 5.5826
5.1903 -1.7431 7.7048
1.6383 -2.8581 4.2587
0.6483 -0.9994 7.3906
-1.1255 -0.5065 7.3484
-4.6241 0.3374 7.0093
-2.0625 -0.9737 5.8762
6.6810 -1.8150 9.2496
-0.8806 0.2417 8.9807
7.6681 1.7181 16.8598
1.4375 -1.4961 5.7662
4.8723 -2.4497 6.2683
6.3834 -0.9482 10.8049
0.3371 -2.7220 3.7785
7.7097 -1.8445 9.7851
-4.4764 -1.1216 4.1875
-10.3527 1.4110 5.8402
4.8513 -2.7902 6.2497
-1.9804 -0.7836 6.3025
2.6019 -2.9211 4.6898
4.1676 -0.1273 4.5307
-0.5065 -1.9551 4.8195
5.7833 -2.2596 7.8453
-1.9971 -1.9682 3.9324
3.7720 -1.7746 6.2673
-6.5468 1.4849 8.1854
6.8015 -2.4216 8.1106
4.1969 -0.2027 4.6211
3.4611 -2.2086 5.3995
6.4862 -2.7031 7.3676
0.6024 -2.6202 4.1346
-2.9996 -1.5713 4.1442
5.4299 -1.9555 8.2471
0.5603 -2.6554 4.0400
-6.4804 2.9839 11.2107
-4.2589 -1.1910 4.1748
3.2842 -2.1174 5.4640
8.4562 -0.7841 12.3290
1.3417 -2.4200 4.2184
5.2339 -2.4606 6.4738
-4.9059 -0.4390 5.2997
2.8791 -2.7841 5.1229
-1.3985 -1.3216 5.5665
3.2668 -2.7350 5.4446
-2.9777 -0.9993 5.2968
-0.7946 -0.8676 6.8199
4.2113 -0.1885 4.6264
11.9365 4.7206 25.3077
4.2390 -0.1506 4.5693
8.7730 0.9407 15.9489
6.2825 -1.8731 8.9038
7.2007 -2.5690 8.0473
7.0866 -1.0743 10.9598
4.8725 -2.2884 6.2644
-4.6521 1.4110 9.1324
-0.9800 -1.3216 5.8082
3.5057 -1.8895 5.8039
1.3774 -1.8678 5.2021
5.2987 2.2444 16.5401
2.3704 -2.8191 4.7593
9.1184 -0.5070 13.2638
-0.2604 -1.8146 5.2416
1.8888 -2.9409 4.2385
3.3355 1.0033 12.9332
1.3046 -1.9232 4.0464
-6.9594 1.8841 8.7427
4.7217 -2.7095 6.3358
3.3824 -1.4444 6.9049
5.5318 -2.4858 6.6474
2.3124 -2.2072 4.7329
5.0002 -0.7686 8.2397
2.0213 -1.4490 5.9816
3.8248 -1.3949 6.9943
-3.4906 -1.0493 4.9010
2.0329 -2.2444 4.6392
3.7775 -1.7856 6.2526
4.2541 0.0278 4.6245
4.1473 0.3986 5.1862
-3.8347 -0.9992 4.8019
8.7401 0.2887 14.6307
5.4419 -2.9163 6.3396
-4.4698 -1.1682 4.0985
7.2993 2.2444 17.6955
2.4605 -1.7252 5.6453
4.9655 -1.1599 8.4264
3.7572 -2.0320 5.7065
-3.6518 0.7618 8.4165
4.3741 -1.9589 6.4196
6.7343 -2.6420 7.6325
3.8127 -2.0311 5.7357
-5.7914 2.3409 10.3274
3.6204 -2.0371 5.5624
5.0650 -0.5881 8.1268
7.8932 -1.3836 10.8094
2.9374 -1.5987 5.6884
4.1606 -2.0436 5.8953
4.2908 -2.2398 5.7725
6.6582 -2.5840 7.7041
5.2694 -2.5304 6.5403
4.6646 -2.2204 5.9987
5.0005 0.5939 13.0790
-1.5753 -0.1451 7.8088
-2.7166 -1.5536 4.3431
3.5946 -0.0260 5.2330
5.0829 -2.8307 6.3028
4.2984 -2.3103 5.8354
7.6795 3.3536 20.1254
1.6409 -2.2134 4.6492
4.6753 -2.8136 6.1016
6.2429 -2.3579 7.9150
4.3542 -0.0086 5.2966
6.3930 -0.4734 11.7565
4.3420 -2.9162 5.7045
6.9569 2.5426 18.0921
4.6553 -1.5246 7.7238
11.3932 1.1326 17.8445
2.4375 -1.6765 5.8017
4.6366 -1.6118 7.5469
-1.0204 -1.2358 5.9558
-0.0731 -1.9007 5.1781
0.9295 -0.2974 8.9520
0.5830 -0.4392 8.4692
2.5276 -2.9651 4.5592
7.5383 5.2887 23.8996
10.1902 0.1049 15.1020
8.6432 2.0593 18.1028
6.2917 -2.6134 7.4339
4.3989 0.0562 5.3124
1.4469 0.8200 11.4774
7.2383 -2.3001 8.6049
-9.0747 2.6479 9.0428
6.7069 0.0184 12.9179
5.9687 -2.9061 6.6641
-5.8720 4.9016 15.3833
3.2511 -2.9410 5.0250
0.2308 -0.9994 7.1495
-1.6259 1.3388 10.7364
1.1438 -1.8769 5.2762
-23.0180 5.9299 7.5297
4.0515 -2.2481 5.6556
-8.8090 0.8203 5.5546
6.6563 -2.9010 7.0713
7.5657 -2.2179 8.9579
4.3018 -2.8692 5.7749
-10.2552 2.8684 8.8004
-0.8972 -2.1513 4.2028
4.6351 -2.9509 5.8047
3.8955 -2.7901 5.6979
-2.2335 -1.7995 4.1321
5.7036 -0.9997 10.3097
3.4828 -1.7005 6.2678
-5.2292 0.7047 7.3918
-0.0883 -1.1218 6.7213
3.7128 -0.8403 9.4775
2.6048 -0.7257 9.0661
4.0865 4.5452 20.4245
6.5715 0.4879 13.7751
5.4133 -0.6350 10.8688
6.0679 -2.0939 8.3399
7.9254 -1.8299 9.9387
-0.0739 -2.4642 4.0548
1.2829 -2.9260 3.9183
4.2682 -2.5257 6.0078
-6.4775 0.1055 5.4768
4.3961 0.1725 5.2864
-2.9141 -0.7836 5.7633
-12.1527 1.8842 5.7434
0.0061 -2.5760 3.8783
4.6318 -2.8957 5.9128
0.5606 1.0033 11.3307
1.7578 1.4109 12.8342
1.4384 -0.1452 9.5491
4.9493 -2.0107 6.9557
12.4920 3.1035 22.4063
3.6214 -0.0692 5.2536
-2.3687 -1.7995 4.0540
3.1995 -1.9583 5.6327
4.1822 -2.7902 5.8634
5.1424 -2.3021 6.5212
2.8291 -2.8798 4.9034
6.0246 -1.4647 6.4645
0.1136 -2.7597 3.5744
6.3099 -2.4980 7.6744
-5.9504 0.7047 6.9753
-11.9496 2.1505 6.3914
2.6753 -2.8134 4.9468
2.9122 -1.5695 5.7689
5.3109 -2.8307 6.4344
3.9854 -2.9411 5.4490
7.0739 -2.5302 8.0514
-0.3045 -1.9145 5.0170
3.4293 -0.4048 10.1817
1.3885 -1.7152 3.9560
-11.5185 6.6646 15.6352
7.0803 2.9842 19.0431
-0.3286 -2.2592 4.3163
2.3756 -2.6961 5.0074
6.1120 -1.8872 8.7772
10.1223 0.4878 15.8257
0.5777 -0.6958 7.9549
0.0846 -1.7064 5.6563
6.0838 -2.9113 6.7203
2.7197 -2.0394 5.3564
-7.3621 1.8841 8.5101
6.0410 -0.9742 10.5555
5.9457 -2.6898 7.0818
3.3141 -1.2407 7.0698
5.1749 -2.7415 6.5337
6.2287 -2.5840 7.4562
3.5286 -2.8192 5.4280
4.7707 -2.5882 6.2964
3.2032 -2.1820 5.1154
3.3945 -2.2632 5.2849
0.9060 -2.9309 3.6907
4.3948 -2.1994 5.8184
-8.5296 1.8841 7.8359
5.1750 -2.9313 6.1555
-0.0709 -2.4298 4.1250
2.8851 -1.5254 6.3919
-5.6419 -0.1840 5.3826
-9.6313 1.6384 6.7100
4.5237 -1.5854 7.5521
8.7631 0.4365 14.9385
5.2873 -2.7224 6.6366
-14.5084 2.3408 5.2928
5.6919 -2.8364 6.6432
3.7889 -2.7287 5.7587
0.3776 -1.1864 5.9804
7.0842 -2.2597 8.5964
-8.0290 4.5446 13.4263
-0.8319 -2.0572 4.4281
4.5104 -1.1673 8.4141
4.6238 -2.0929 6.5947
2.2526 4.3767 19.0296
1.5878 -1.2507 6.2836
2.6749 -2.3784 4.9472
1.5754 -1.2322 6.2955
3.3726 -1.6105 6.3200
8.0437 0.0184 13.6898
3.5417 0.7616 12.5707
6.6647 -2.4304 8.0141
11.3449 3.2265 21.9891
7.1022 -0.1056 12.8991
3.6601 -0.0947 6.1969
5.6799 -2.2739 6.8929
2.0313 -1.2604 6.3536
6.3947 -2.7602 7.2009
4.7883 -2.7961 6.2016
6.1010 -2.7289 7.0937
0.0497 -1.9944 5.0623
7.9060 -1.7544 10.0780
0.9424 2.3409 14.2165
3.8140 0.1925 4.9953
-0.9506 -0.5716 7.3196
-0.2351 -1.7845 5.3161
3.3979 -2.8956 5.2004
7.6010 -1.9949 9.4224
6.5583 -2.3099 8.1927
6.5032 -2.5689 7.6446
4.0191 -2.8193 5.7112
6.5110 -2.1962 8.3919
1.9667 -1.7260 5.6391
6.7440 -2.6559 7.6103
-0.0108 -2.4122 4.1949
-14.2199 3.9065 8.5793
5.8207 -1.7697 8.8431
3.3850 -2.6962 5.5901
3.0005 5.0913 20.8856
1.2513 -2.8133 4.1246
0.0991 -2.6960 3.6930
3.2495 -2.7287 5.4473
-6.7759 -0.0645 4.9658
6.8332 -2.7844 7.4059
4.8329 -0.6960 10.4121
-9.8672 3.9067 11.0935
0.5957 -2.7411 3.8898
5.8411 0.1051 12.5905
-6.5777 6.6650 18.4895
3.0853 -2.7093 5.3909
-1.7562 2.9840 13.9393
3.2254 -0.9794 7.4943
1.5190 -1.6501 5.5269
-9.0226 1.1329 6.0542
10.8290 4.7205 24.6680
2.6542 -2.9360 4.6902
1.4961 3.1033 16.0553
3.1626 4.0580 18.9202
4.5160 -1.1455 9.3332
6.2917 -0.4734 11.6980
1.9175 -2.0304 4.9584
-4.9866 1.8841 9.8821
3.4900 -1.5865 6.6887
5.0589 -1.6785 7.6489
-0.3530 -1.9145 4.9889
0.5208 -2.5910 4.1457
2.2912 -0.4732 9.3879
8.2299 -0.6659 12.4339
3.8120 -2.3358 5.5587
-0.2473 -1.0739 6.7250
2.5510 -2.0903 5.0353
1.7818 -1.8456 5.2509
2.9849 -2.6896 5.3724
2.0498 -2.7157 4.7802
4.4709 -2.1411 5.8300
5.5584 -1.3220 9.5836
3.4493 -2.5885 5.5346
13.6813 6.9350 30.7280
0.4144 -0.8455 5.5899
5.6604 -2.6696 6.9574
-1.6558 0.7046 9.4554
5.1093 -2.7415 6.4959
1.5946 -0.8122 8.3102
5.1846 -2.8475 6.3281
7.0309 -2.0577 8.9680
6.4333 -2.7784 7.1869
3.3849 -2.9212 5.1419
6.9741 -2.4038 8.2457
-7.0430 2.3409 9.6045
5.1350 -2.2463 6.6096
1.7364 -2.6961 4.6383
6.8279 -2.5690 7.8321
-1.3574 -0.4391 7.3487
5.8285 2.0593 16.4772
1.1510 -1.3414 5.9441
2.2364 -2.8076 4.7049
-10.6633 2.7564 8.3416
2.9888 -2.4619 5.1810
-5.1746 -0.1051 5.8097
5.9414 -1.8150 8.8226
4.0690 -2.6060 5.9025
5.2971 -1.1221 9.8310
-3.2190 -1.4988 4.1621
-1.1245 -1.1912 5.9848
3.1505 -2.4687 5.2900
6.2670 0.2888 13.2026
9.2174 3.3537 21.0136
4.4703 -1.9174 6.8538
6.7568 -2.7963 7.3381
-0.0101 -2.5375 3.9455
3.5266 1.0672 13.1710
4.0732 -2.3775 5.8108
1.0922 -2.0364 4.7160
4.9399 -1.6604 7.6942
1.1576 -2.9108 3.8761
4.5327 -0.3697 10.8889
-0.0993 -2.3760 4.2160
6.0303 -2.2699 7.9675
1.1914 -2.9554 3.8068
7.2662 1.8000 16.7909
-7.5018 0.4883 5.6480
6.2340 -1.5179 9.5836
4.1693 -1.7642 6.5973
5.7078 -2.7478 6.8290
4.0196 -2.5343 5.8553
-8.6496 0.5407 5.0895
3.9983 -2.9312 5.4761
6.9516 -2.6965 7.6494
4.1309 0.4172 5.1747
2.7461 -2.8637 4.8875
10.4415 2.3410 19.7027
1.7452 -2.8248 4.3870
4.0659 -2.8638 5.6495
6.6328 -2.8854 7.0890
2.7765 -2.7028 5.2257
5.7299 0.7616 13.8344
1.5948 -2.4030 4.3249
-4.8393 -1.0243 4.1716
5.7256 -0.9997 10.3224
7.0543 -1.9150 9.2659
4.2680 -1.4674 7.4695
-0.1635 -2.5531 3.8259
-6.9438 -0.1051 4.7880
2.6825 -0.4047 9.7504
-0.3931 -2.3384 4.1211
5.9310 -1.8443 8.7580
-20.2781 4.7190 6.6994
0.5849 -1.4196 5.6447
4.8384 -1.4666 7.9861
5.9913 -2.8021 6.8844
-5.1046 -0.6345 4.7953
3.0086 -0.4393 9.8699
2.5711 -2.7158 5.0812
-19.1331 6.1638 10.2395
4.4273 1.5606 14.6742
3.2929 -2.8528 5.2249
4.2724 -1.3515 7.8951
6.5158 -2.4898 7.8096
-1.9005 -2.0571 3.8111
-1.1700 -0.6347 7.0673
4.7877 -2.2746 6.2115
3.2225 -2.9161 5.0582
-15.9112 4.7192 9.2219
3.7129 -2.1571 5.5705
4.9500 -2.8905 6.1069
-1.9459 -0.5393 6.8092
1.4610 -1.5445 3.9209
-2.2668 -0.6956 6.3124
8.3899 0.4365 14.7230
-12.4172 4.7194 11.2401
2.5709 -0.6348 9.2275
-0.0756 -1.8146 5.3483
-7.1360 -0.1448 4.5977
5.4905 -2.3977 6.5608
1.5333 -0.2604 9.3745
8.6701 0.9407 15.8895
7.3462 0.3370 13.9219
1.6938 -2.2375 4.6353
3.8671 -0.4048 10.4345
4.7808 4.2145 20.1666
-2.6521 0.1054 7.6859
4.3405 0.0938 5.2752
5.5078 -2.8307 6.5481
4.3037 1.6383 14.7578
6.0790 -2.8747 6.7904
6.2528 -2.4898 7.6577
9.3806 0.0183 14.4619
0.2321 -2.5217 4.1169
0.4425 -0.8834 5.6314
3.2323 -1.9626 5.4714
-4.6706 4.7198 15.7148
3.4005 -2.5703 5.4940
-0.7777 -1.7692 5.0332
3.7921 -2.0764 5.6305
2.3818 -1.6799 5.6000
4.4646 -2.0521 6.2688
4.7367 -2.2159 6.2937
4.3686 -1.1455 9.2481
6.1822 -2.4390 7.7181
-4.9426 0.9410 8.0281
0.3919 -2.6202 4.0130
10.3903 1.9705 18.9349
-0.6506 -2.4974 3.6555
3.9901 -0.2334 5.4381
8.8274 1.8841 17.8601
-0.1428 -0.9994 6.9338
0.9163 -0.8677 7.8079
-4.4458 -1.1910 4.0669
0.8012 -2.6555 4.1791
-6.8195 2.6479 10.3453
5.9753 -2.3293 7.8173
1.7978 -2.7412 4.5839
4.0206 -0.6036 10.1269
4.7648 -2.4440 6.2216
5.4969 3.3536 18.8647
8.7166 -0.5069 13.0318
4.0086 0.3820 5.1122
6.2652 -0.2228 12.1820
1.3077 0.3864 10.5329
2.3731 -2.5351 4.8787
-6.4422 -0.4729 4.3448
3.4253 -1.3303 7.0871
5.7570 2.9841 18.2788
-0.6534 -1.9814 4.6822
-2.4543 -1.2792 5.0412
7.5185 5.7083 24.7244
4.1895 0.6486 12.7197
-3.2058 -1.2135 4.7381
2.9826 -0.3338 10.0650
4.3387 0.0382 5.2817
-2.4057 -0.5064 6.6092
5.5530 -1.9011 8.4266
1.2669 -2.8247 4.1108
-3.3360 -1.5173 4.0577
-1.0307 -2.0324 4.3626
2.0667 -0.2604 9.6825
-18.4709 5.9302 10.1565
-1.4483 -1.0980 5.9834
4.2192 -0.1646 4.5596
4.0817 -2.8193 5.7473
6.3923 -2.2699 8.1765
3.4842 -2.0055 5.6777
4.3151 -1.9057 6.5160
-4.6920 0.3866 7.0682
3.0102 -2.4619 5.1933
7.2045 -1.7069 9.7674
0.4631 -0.7667 5.6583
1.5696 -2.3713 4.5063
7.5015 -2.3100 8.7373
4.1521 0.4879 12.3780
4.3111 -2.0401 5.9311
-1.2679 -1.2136 5.8571
12.3699 3.2266 22.5811
-9.1846 1.8001 7.2900
6.4846 -2.4980 7.7752
12.3536 6.1661 28.4290
-0.8684 -1.8726 4.7749
3.9152 -1.3934 7.2414
-3.8149 0.0188 6.8418
-7.5028 1.6384 7.9392
-0.3762 -2.4975 3.8140
-4.8857 0.4369 7.0565
0.2394 -0.0235 9.0992
4.1567 0.4169 5.1889
4.2900 -2.9312 5.6446
6.1010 -1.3720 6.4468
1.4301 -1.6628 3.9450
6.9589 -2.2901 8.4634
6.6180 -2.4563 7.9355
4.3174 -1.4127 7.7114
-1.8078 -1.7537 4.4691
2.6409 -1.9642 5.1833
-11.4043 2.1505 6.7063
1.3316 0.4367 10.6469
-1.4632 -0.8121 6.5445
3.3743 -2.9110 5.1560
3.4309 -2.7223 5.5647
3.9370 -0.2340 5.4495
9.0597 2.3410 18.9046
-4.7112 -0.0646 6.1581
5.2705 -2.0258 7.2006
7.1613 -1.4232 10.3078
4.8479 -2.2296 6.3255
5.4498 4.3768 20.8764
7.1170 -1.4035 10.3215
-5.0676 0.8799 7.8342
4.6990 -0.5068 10.7118
-1.2060 -0.4046 7.5050
0.8479 -2.7091 4.0991
5.5393 -2.9461 6.3364
1.8749 -1.9485 5.1063
-0.7730 0.6487 9.8538
0.8202 -2.9457 3.6118
-1.0296 0.1953 8.8023
-15.2415 5.0903 10.3481
0.0656 -2.4642 4.1353
-0.0611 -2.3192 4.3512
3.6096 -2.1566 5.4082
-0.6626 -0.6654 7.2990
4.7846 -2.8474 6.0972
5.4324 -2.7601 6.6453
6.8048 -2.0939 8.7654
3.5839 -1.9416 5.7406
4.0000 0.5870 5.1542
9.6049 0.5402 15.6313
9.0160 -0.9484 12.3250
-0.8856 -1.4613 5.5844
11.3886 1.0671 17.7114
0.9051 -2.9159 3.7202
1.5376 -1.3049 3.7682
-1.1775 -2.3093 3.7261
4.6051 -1.6138 7.5438
-1.9820 -1.0979 5.6752
5.9027 -2.7903 6.8568
2.5367 -2.3496 4.8561
-0.4011 -2.5375 3.7198
0.0948 -1.1453 6.7803
2.8209 -2.1646 4.9105
5.5956 -2.0576 8.1393
2.4121 -2.2148 4.8786
1.3390 -2.0939 4.9639
-1.1538 -0.9994 6.3500
6.9163 -1.1457 10.7193
4.5431 -2.8638 5.9250
10.6707 0.7614 16.6877
-20.2876 5.7065 8.6615
0.5270 -0.6252 5.5078
-2.2093 -0.7254 6.2862
1.5019 -1.3159 3.7549
3.5145 -1.8166 5.8453
1.8183 -2.4618 4.5053
-0.0553 -1.7064 5.5755
7.9126 1.1327 15.8344
0.2251 -2.2694 4.6156
0.3638 -1.1393 5.7568
0.8236 -1.7007 5.2403
8.7433 -1.2583 11.5500
3.7058 -1.8457 6.0876
-4.3648 -0.9736 4.5468
6.7286 -2.2494 8.4116
1.7124 -2.7536 4.5098
-4.3438 2.7565 11.9916
1.4758 -1.5004 3.8630
2.9538 -0.9996 7.2653
0.5706 0.4880 10.3097
6.9516 -1.9012 9.2342
4.6374 -1.5097 7.7440
-0.3293 1.4109 11.6289
-7.6557 0.2419 5.0682
-0.9200 -0.2603 7.9578
3.6451 -2.2746 5.3700
-3.5203 -0.1450 6.6857
3.5426 -0.6349 9.7886
1.3251 -2.0123 4.1574
5.8245 -2.2651 6.8833
8.1158 -1.1689 11.3658
1.9375 -1.9202 5.2066
4.7194 -2.2463 6.2284
4.1537 -0.5396 10.3315
5.9143 0.3370 13.0950
8.2315 -1.5542 10.6647
4.3735 -1.1651 8.2614
7.5881 -0.9483 11.5005
2.7739 -1.1147 6.9327
3.7758 0.2078 4.9636
1.6045 -2.8017 4.3517
-0.8436 -2.4121 3.7140
4.4280 -2.0639 5.9966
0.0127 -0.4731 8.0722
-5.2640 1.4849 8.9262
-14.8924 2.6478 5.6827
0.9193 -1.5724 5.6703
8.2977 -1.2364 11.3364
2.1711 0.4367 11.1317
-4.5691 -0.4729 5.4264
5.6308 -1.2581 9.7528
6.3483 -2.8420 7.0110
3.9497 -1.0833 8.0817
3.4342 -1.1861 7.1664
-12.6842 5.4928 12.6271
0.3432 -2.7284 3.7692
5.9881 -0.5720 11.3264
-1.5503 -1.5714 4.9811
2.0461 -2.8472 4.5160
5.6303 -2.2305 6.9631
6.6619 0.8797 14.6080
3.1683 -1.7249 6.0519
1.5479 -2.1146 4.7980
-2.2284 -1.2358 5.2583
3.8898 -0.0577 5.0008
-3.8727 1.2685 9.2987
1.6249 -2.5014 4.4274
2.2207 -1.6352 5.7169
2.2231 -2.4616 4.7385
-1.9553 -1.9943 3.9046
3.0982 0.0309 6.4971
-4.1467 -0.8946 4.8302
1.1354 -2.0642 4.7355
1.0678 0.8798 11.3774
-5.0359 3.9069 13.8841
-1.9940 1.3388 10.5239
6.4905 -2.4216 7.9310
-2.2405 -1.7844 4.1581
1.1767 -0.0648 9.5582
5.7523 -1.8297 8.6840
2.4794 -2.2540 4.8572
3.3236 -1.2578 7.0469
-2.9303 2.1505 11.6005
4.3789 -1.9860 6.1250
4.0172 -1.6216 6.6612
-5.5858 1.5607 8.8914
2.5293 -2.6693 5.1496
6.5127 -2.8748 7.0408
2.5507 -2.7781 4.9452
3.8804 -1.6763 6.4428
6.4505 -1.6069 9.5312
6.2491 4.9022 22.3850
7.7938 1.4847 16.4675
-0.8510 -2.1169 4.2981
0.4526 -2.7026 3.8839
-1.4035 -0.2225 7.7536
-1.8071 -1.0245 5.9226
4.4993 -2.4635 6.0566
-18.7503 5.2872 8.7138
6.3770 -2.8801 6.9518
4.9578 -2.8020 6.2878
8.0875 -1.4232 10.8427
-4.2231 -0.7547 5.0650
2.4596 -2.5351 4.9287
6.3647 -1.7069 9.2825
7.0210 -2.4981 8.0850
3.3511 -2.9262 5.1124
6.0272 -2.9510 6.6085
-3.1204 -1.6063 4.0048
2.3178 -2.3615 4.7294
-4.9178 -0.6032 4.9654
2.1466 -2.8690 4.5306
1.8067 -1.1548 6.4352
-16.8436 3.6203 6.4936
6.1558 -2.1290 8.3206
7.6061 -1.5720 10.2681
-2.5960 -1.5714 4.3773
-9.6061 2.0593 7.5631
-4.3649 0.5406 7.5640
0.1563 6.9339 22.9144
5.9129 -2.3484 7.7432
6.3632 -1.8444 9.0076
4.3427 -1.4441 7.6565
6.8111 -2.8959 7.1710
-4.5218 -0.6345 5.1318
-10.5622 1.2686 5.4354
-10.0307 5.0906 13.3581
1.1200 -2.0642 4.7818
2.2337 -2.5529 4.8101
6.0579 -0.8404 10.8317
3.2388 -2.2152 5.1622
1.4956 -2.8247 4.2429
0.6491 -2.6202 4.1616
0.5170 -2.3289 4.6657
1.9092 -1.5945 5.8383
5.0000 -2.1229 6.8185
0.6396 -2.5910 4.2143
3.2911 -1.9663 5.6647
2.4271 -2.4301 4.8401
9.1988 -0.7260 12.8738
6.6501 1.0672 14.9749
5.1288 0.5939 13.1531
3.6184 -0.0961 6.0428
2.5058 -1.4605 6.0365
5.4909 -1.9687 8.2560
3.4362 -1.5318 6.4827
2.4303 -2.2108 4.8107
3.7683 -1.6406 6.5403
-5.3143 -0.4390 5.0638
2.8351 -1.3568 6.6071
7.9909 -1.3634 10.9061
-2.5747 2.2444 11.9928
-2.3266 0.2890 8.2399
4.0754 -2.0675 5.8043
-2.7629 0.0187 7.4493
3.0804 -2.7350 5.3370
1.1639 0.7045 11.0838
6.4454 -2.9654 6.8212
-5.5310 -0.4729 4.8710
1.8834 -1.5939 5.6909
3.2997 -2.2152 5.1971
5.4698 -2.3620 6.5499
5.1318 -1.4993 8.9840
-1.5162 -2.0693 4.0087
1.8792 -1.9510 5.1190
5.6854 -2.2596 7.7888
3.8258 -2.8956 5.4474
1.6138 -1.2989 6.1338
4.3548 0.0101 5.2944
7.0767 0.0184 13.1314
4.0627 -0.2374 5.0190
0.0680 -2.7284 3.6104
5.7540 -2.7903 6.7709
2.2142 -2.2321 4.7440
3.1829 -2.8903 5.0867
-0.4018 -1.5174 5.7520
5.4513 -2.8475 6.4821
2.0672 -2.3713 4.6084
3.1871 -2.1976 5.1167
1.3961 -2.3868 4.3494
6.0038 -1.1688 10.1463
7.8613 -1.5362 10.4869
5.3033 -2.0649 7.1436
-7.2665 2.5425 9.8772
3.9475 0.7411 5.1940
-4.1563 -1.1682 4.2796
8.5287 2.7567 19.4263
-1.2352 -0.7548 6.7903
2.9830 -1.7046 6.0034
-0.8537 0.1499 8.8133
4.6515 -2.7477 6.2191
6.6253 2.6480 18.1106
5.5541 2.2444 16.6876
4.0151 -2.8638 5.6202
6.2738 -2.7031 7.2450
5.5308 -2.3728 6.6408
7.1162 -2.0820 8.9690
6.3216 -2.7844 7.1105
6.2132 -1.9150 8.7803
3.5282 -2.8418 5.3828
2.3170 -2.9261 4.5153
4.8891 -1.8171 7.2950
-0.4258 -2.3094 4.1601
2.0769 -2.8472 4.5338
-3.6515 2.8685 12.6146
2.6659 -2.2882 4.8678
2.7088 -2.0308 5.3676
4.0615 -1.7984 6.3370
3.8342 -0.6349 9.9570
9.4821 -0.4050 13.6769
-3.4334 -0.6653 5.6990
5.1846 -1.9587 7.2463
7.3794 -2.4038 8.4797
6.5939 -1.3633 10.0994
1.6610 3.7615 17.4620
-1.3409 -2.0198 4.2085
-4.5152 -1.1450 4.1184
5.0545 -2.5864 6.4565
-11.3817 2.2443 6.9063
-0.1347 -1.4990 5.9430
-3.4590 -1.1216 4.7750
-4.0247 3.2262 13.1118
6.2447 -2.6134 7.4067
-0.8321 -2.4298 3.6855
3.2627 -2.0727 5.1693
-6.9146 -0.0232 4.9680
1.2222 -2.9408 3.8536
4.1114 -1.6788 6.5914
3.4157 -0.3696 10.2439
4.2554 -0.1300 5.2587
6.1885 -2.1518 8.2940
3.8944 -1.4806 6.8716
6.6499 -2.1631 8.5380
4.2969 0.0323 4.6583
2.3743 -2.7537 4.8919
9.3483 6.4103 27.1800
0.4078 0.8201 10.8772
2.2014 -1.4305 6.2677
4.0798 0.4271 5.1452
8.3777 -0.3698 13.1092
2.8150 -2.3947 5.0379
-2.9687 -1.5355 4.2335
7.2772 -2.2071 8.8127
3.7742 -1.2864 7.1659
8.2646 1.0672 15.9073
0.2366 -2.2489 4.6632
8.8240 -0.4735 13.1603
6.2196 -2.9264 6.7685
-1.0002 2.1505 12.7152
4.2352 -0.6960 10.0670
-10.9009 2.1505 6.9970
6.5560 -1.2798 10.2440
1.6792 -1.8568 5.1730
4.1481 -2.1275 5.7713
-0.9851 -2.1399 4.1747
4.3482 0.0038 4.6917
-22.3072 6.4079 8.8927
1.3267 -2.7659 4.2626
3.9397 -2.2841 5.6528
-2.9172 -1.2135 4.9048
6.9417 -2.6207 7.7948
-3.9389 1.9705 10.6593
-2.0971 -0.7836 6.2351
7.8334 -1.9557 9.6349
3.6419 -2.7094 5.7123
3.8696 -2.0996 5.6347
4.3354 -2.9460 5.6413
12.9596 2.5427 21.5590
2.4769 4.3767 19.1592
1.2291 -2.9159 3.9073
-0.7582 -0.9994 6.5784
-13.7253 5.9305 12.8979
3.5831 -2.9652 5.1686
-1.3795 -2.0693 4.0876
-6.5815 2.8684 10.9223
-1.8296 3.2263 14.3797
-11.6294 1.8842 6.0456
-4.9994 -0.8399 4.4468
-7.2588 2.3409 9.4799
1.8139 2.0593 14.1586
4.1124 -2.1425 5.6919
1.4459 -1.6863 5.3954
-5.8099 -0.2971 5.0602
5.3782 -2.8530 6.4289
0.6394 -2.7411 3.9151
6.6564 -2.1743 8.5196
5.5018 -1.5361 9.1244
1.8572 0.5404 11.1571
-7.7535 0.9410 6.4048
7.9710 -1.3429 10.9354
7.8011 0.3862 14.2828
3.8985 -2.1539 5.5674
7.1544 -2.5459 8.0666
-4.5025 0.6488 7.7001
-1.2543 -1.1218 6.0480
-1.6464 -2.0933 3.8857
1.5269 -2.7092 4.4912
1.8134 -2.7840 4.5076
-2.0247 -1.0979 5.6506
3.2028 -2.9410 4.9971
6.2180 0.1051 12.8082
-4.5057 -0.5715 5.2667
3.9893 -2.4617 5.7581
4.6941 2.4403 16.5813
1.2847 -2.0907 4.2276
2.1365 -1.8490 5.4724
3.9981 -2.7094 5.9180
2.0984 -2.8305 4.5796
10.1641 0.8199 16.5115
5.7190 -2.3630 6.7857
3.5089 -1.0384 7.4017
-0.6451 1.1328 10.8923
6.6676 -2.3948 8.0867
4.0561 -2.1260 5.7490
-1.8504 -2.0693 3.8158
-6.2132 -0.3335 4.7548
3.7716 -1.9628 5.8306
2.1102 -1.9689 5.0977
4.2710 -2.6963 6.1017
2.4373 -2.8417 4.7530
6.6143 -2.7904 7.2676
5.8657 -0.0650 12.2659
-0.3763 -2.2795 4.2482
0.0366 -2.6484 3.7515
1.6586 -2.4666 4.4239
10.6000 0.8198 16.7632
-13.7235 6.9326 14.8958
-3.6821 -1.2357 4.4189
6.8863 -2.6062 7.7916
-0.5397 -1.6739 5.3606
7.4226 -2.2700 8.7714
-4.4833 -1.0737 4.2790
5.4363 -2.0222 7.2819
2.3020 -2.2146 4.7141
4.1354 -2.8418 5.7334
0.6841 -2.8743 3.6755
1.4576 -2.9506 3.9701
-0.2658 -0.4731 7.9114
3.4203 -0.9186 7.6013
1.3169 4.9020 19.5359
0.5355 0.0186 9.3541
0.2867 -2.4558 4.2799
4.4994 -1.3659 7.9531
-6.2155 0.2892 5.9942
0.1343 -1.8726 5.3538
6.3218 -2.6207 7.4368
7.9348 -1.4995 10.6025
-0.6083 -2.2591 4.1548
3.8631 1.7181 14.6623
2.8861 -1.5545 6.0909
0.0970 -2.7347 3.6145
8.8476 0.3862 14.8871
6.9034 -1.4035 10.1981
-2.6280 -1.6737 4.1548
17.6605 6.9354 33.0268
6.0664 -1.2238 6.3834
6.6892 -2.8308 7.2302
6.4480 -2.9010 6.9511
8.4432 -0.6962 12.4968
3.7383 -1.8963 6.0820
-0.1511 -1.4227 6.0855
-4.1561 0.0188 6.6448
-8.9181 5.2877 14.3934
-7.4665 1.1999 7.0865
7.4649 -2.1519 9.0311
-5.1958 2.1505 10.2920
-0.9296 -2.2488 3.9899
2.6908 -1.9814 5.2752
4.2157 0.0418 4.6002
0.2961 -2.7026 3.7936
6.1607 -2.8308 6.9251
3.6463 -1.9048 5.9482
8.2936 0.3862 14.5672
5.8849 -1.9286 8.5635
2.4965 -2.2964 4.7904
-0.2367 -1.1218 6.6356
7.6831 -0.7552 11.9401
7.0873 -2.0454 9.0251
-10.8176 3.3532 9.4416
5.8503 -0.4049 11.5797
4.0378 -2.7600 5.8401
7.2531 -1.2363 10.7332
-3.8898 -1.3215 4.1280
4.3825 -2.2154 5.8227
6.1773 -2.8364 6.9235
0.3113 -1.2008 5.7675
1.3453 -2.6692 4.4660
8.2079 -1.6242 10.5118
2.3334 -0.2604 9.8365
9.0772 -0.4735 13.3065
11.1220 1.8000 19.0178
-20.7675 4.5441 6.0681
0.3231 -1.1802 5.7606
2.5090 -2.9058 4.6665
-0.0288 -2.6414 3.7277
3.1378 -2.7475 5.3452
2.0715 -2.9603 4.3054
1.5790 -1.7222 5.3928
-7.9899 5.9309 16.2111
1.4831 -1.5005 5.8356
4.0529 0.0614 11.4707
6.5725 -0.9742 10.8624
5.5159 -2.1911 6.8981
4.6832 -0.8951 9.9289
4.2732 -1.7599 6.8879
2.4518 -0.8123 8.8052
9.0453 -0.2977 13.6385
2.8835 -2.4101 5.0853
2.0967 -2.8582 4.5234
5.0000 -2.7351 6.4453
4.1285 -2.3940 5.7945
6.2091 1.8841 16.3480
-9.8101 0.9410 5.2171
1.3241 -2.9310 3.9321
3.9625 -1.8173 6.2347
-1.1473 -1.1452 6.0631
-0.7725 0.0187 8.5987
6.3512 -2.3765 7.9404
1.5715 3.4849 16.8593
-1.9051 -1.1452 5.6255
3.0061 -1.6202 6.2904
4.1638 -0.2532 5.2250
5.8406 -2.9413 6.5201
6.0273 -1.6240 9.2527
3.2999 -1.0195 7.4124
4.3020 -2.6897 6.1328
8.1379 -0.5398 12.6321
9.4073 0.1049 14.6499
-4.4068 0.2891 7.0387
0.1547 -0.8948 7.3140
-0.2098 0.1499 9.1851
2.1006 -1.3362 6.1443
2.2865 -2.3614 4.7113
3.3224 -1.7188 6.0232
4.0708 -1.8610 6.3039
4.6515 -2.2070 6.0180
3.7149 -2.8306 5.5130
6.3206 -2.9559 6.7682
1.2554 -2.0368 4.8115
7.1951 -2.5841 8.0141
6.1872 -0.9997 10.5890
7.7883 -1.5542 10.4088
-3.2961 3.7613 14.5988
5.0337 0.7616 13.4323
5.8777 -1.8601 6.7118
5.3249 -2.2675 6.7060
0.4270 0.6487 10.5468
6.2380 -2.8906 6.8506
8.7062 -1.1458 11.7528
-1.9625 -1.7537 4.3798
6.1235 1.6383 15.8088
13.7937 5.0919 27.1203
1.6333 -2.8360 4.2999
-3.8113 2.1505 11.0916
-13.3047 2.4402 6.1859
4.6053 -2.8692 5.9502
3.2066 -2.9604 4.9607
6.5949 -2.9314 6.9753
5.9214 -2.7352 6.9773
-2.5765 -1.2357 5.0573
0.8771 0.8201 11.1483
0.1952 -2.5608 4.0178
4.1568 0.4228 5.1100
5.2635 -1.4993 9.0600
2.9194 -2.8076 5.0992
4.3032 0.0013 5.2672
7.0493 -1.1688 10.7500
5.5990 -2.3711 6.6466
-11.2203 5.9307 14.3450
12.1258 2.3410 20.6755
11.8376 1.8000 19.4310
2.0087 -1.7519 5.4487
-2.5182 -0.6033 6.3511
7.2366 -1.9820 9.2379
5.4432 -1.9631 7.3496
1.7285 -1.8014 5.3052
4.7288 -2.5529 6.2502
-7.3719 5.2878 15.2866
0.5908 -2.4893 4.3887
3.8514 -2.7722 5.7082
5.1160 -2.8020 6.3791
6.2762 -2.0699 8.5080
4.8989 -1.7346 7.4842
-3.2345 -0.6346 5.8752
-9.0269 2.0593 7.8976
6.6513 -0.3340 12.1836
4.2698 -1.4308 7.6760
8.0510 0.7615 15.1748
-2.3625 -1.2576 5.1373
-6.0282 -0.5391 4.4519
-2.6584 -1.2357 5.0100
1.4294 -1.1780 6.3303
-12.3476 2.8683 7.5919
3.6188 -1.8565 5.7879
6.7880 -1.6743 9.5917
0.6981 -0.8949 7.6278
1.0720 -2.9159 3.8166
0.7366 -2.9259 3.6029
1.9186 -2.9555 4.2267
1.4855 -1.4884 3.8606
4.0080 -1.8016 6.3220
6.6438 -2.8748 7.1165
0.6958 -1.5497 5.5035
3.7539 -2.4755 5.6257
1.1596 -2.8581 3.9823
5.4852 1.4109 14.9869
5.5245 -2.2496 6.8073
0.6189 -2.8689 3.6486
4.5514 -2.6963 6.2636
-8.2605 3.4846 11.1804
2.9979 -2.5702 5.2616
2.3707 -2.3611 4.7590
-14.6300 3.1029 6.7412
3.8798 -2.3900 5.6415
4.4403 -0.2605 11.0531
1.4584 -2.4365 4.2957
6.0312 -2.2070 8.0932
0.2134 -2.7091 3.7328
4.6707 -2.1542 6.5038
6.4034 -1.5541 9.6092
5.7434 -1.6068 9.1230
6.1544 -2.6628 7.2562
-0.4154 -1.7538 5.2731
-2.0342 -1.9550 3.9374
-21.3111 6.9320 10.5123
6.1625 -0.7258 11.1205
-0.5622 -2.2384 4.2228
13.4689 5.4945 27.7348
6.0053 -2.8137 6.8694
-5.9853 -0.0232 5.5046
4.5414 0.7045 13.0342
6.2114 3.4850 19.5393
7.5176 -1.9689 9.4262
4.1724 -2.7476 5.9425
2.4984 -1.6345 5.8728
8.1887 -1.6411 10.4669
1.5177 -2.8636 4.1783
6.5331 2.2444 17.2530
7.7072 -1.4808 10.5084
3.7529 -2.8529 5.4905
-0.5353 -1.2793 6.1493
0.6353 -2.6485 4.0972
4.1737 -0.2245 5.2266
3.4722 -2.4111 5.4273
2.6627 -0.6656 9.2192
6.0078 -1.4696 6.4854
-11.5712 4.5445 11.3802
-7.4739 0.8799 6.4446
-2.3705 0.3373 8.3107
4.1647 -0.2340 5.2228
3.6198 -2.9212 5.2775
0.9268 -2.8901 3.7840
1.1198 -1.2354 6.1050
0.6552 -2.5454 4.3141
8.8161 2.8687 19.8155
-1.9919 -2.0198 3.8326
3.0747 -2.4289 5.2109
1.4190 -1.6888 3.9560
2.0734 -2.4620 4.6529
-6.5587 5.4932 16.1655
-2.8563 2.3409 12.0225
5.6574 -2.8194 6.6571
-2.2768 2.2444 12.1649
-0.7792 -1.3006 5.9660
5.1687 -1.1456 9.7101
1.5570 -0.4732 8.9640
1.2105 5.4937 20.6536
-0.3561 0.1499 9.1006
-4.9065 -0.0646 6.0453
2.5069 -2.4330 4.8927
-3.1409 -0.9477 5.3052
5.2517 -2.5924 6.5832
3.5921 -1.0496 8.9908
-1.3930 -0.3337 7.5383
3.5077 -2.0387 5.5848
5.0573 -1.4617 9.0160
2.1005 0.0615 10.3433
7.7685 -1.7544 9.9985
-9.7707 1.0675 5.4918
0.7688 -1.1866 6.2123
5.4915 -2.5174 6.6397
2.8745 -1.4697 6.5076
5.8509 -2.7225 6.9620
2.7089 -0.9182 7.2129
-0.0399 -2.6623 3.6798
4.1682 -0.0984 4.5295
1.5962 -2.8527 4.2453
5.3194 -2.8905 6.3202
5.6741 -2.7225 6.8599
-2.0044 -0.1841 7.4831
-1.7018 -0.8947 6.2420
6.9594 -2.7096 7.6278
7.9047 -1.0985 11.3841
0.5519 -2.7411 3.8646
3.3287 -2.1675 5.3786
6.4490 -2.3099 8.1295
9.9359 2.5427 19.8126
1.2054 0.6486 10.9964
1.8990 -2.0128 4.9848
3.2721 -2.1803 5.2136
4.5572 -2.5337 6.1364
8.1283 -0.8125 12.0830
0.6704 -2.9505 3.5156
2.3160 -2.8305 4.7053
3.0177 -1.8662 5.3731
1.3136 -1.9378 4.0613
-0.3854 -1.9145 4.9703
1.9000 -2.2226 4.6752
3.8367 -2.9362 5.3730
-8.0300 1.3389 7.0380
7.6443 -1.9689 9.4994
7.3949 -2.3197 8.6562
-1.7017 -1.8292 4.3800
-17.5379 4.0573 6.9633
-0.8274 -1.4421 5.6563
4.5511 -2.2014 5.9451
5.2960 -1.7969 7.5956
6.9060 0.0184 13.0328
-1.2696 -0.9215 6.4383
4.9193 -2.8746 6.1208
3.9612 -0.2404 5.3937
7.5205 0.7615 14.8684
11.1381 0.8796 17.1930
-7.4864 0.3374 5.3564
-4.2196 -0.8119 4.9528
0.4645 -2.7411 3.8141
2.7660 -1.4062 5.9628
0.2453 -1.9146 5.3344
3.1698 -2.5164 5.3247
-3.9870 -0.4730 5.7626
4.6638 -2.8584 6.0055
4.2965 0.0252 4.6590
3.9685 -2.7159 5.8880
4.4386 -1.3338 8.0208
2.8200 -1.5696 6.0477
0.9257 -1.8241 5.0453
2.4528 -1.0584 6.8631
5.4776 -2.8958 6.4011
-8.1999 3.1031 10.4551
3.7648 -2.3191 5.5198
5.2355 -2.6964 6.6586
7.0971 -2.4732 8.1784
-6.0979 -0.4044 4.6801
5.4790 3.9072 19.9576
3.6660 -2.4785 5.5816
-0.5432 -1.9814 4.7458
-0.5854 -1.0246 6.6280
-2.4521 -1.7381 4.1282
-14.7754 2.5424 5.5404
0.6159 -2.3760 4.6289
0.2552 -0.5066 8.1457
-1.5380 -1.3216 5.4860
-5.1508 1.4849 8.9916
4.5870 -2.1616 6.0880
-1.2409 -2.2278 3.8518
3.9385 -2.1005 5.7893
6.0545 -2.8021 6.9210
4.8482 -2.2395 6.3183
-10.1419 1.9705 7.0768
2.1594 -1.0387 6.6708
-9.7805 1.8001 6.9459
-1.4583 2.7565 13.6582
3.3894 -2.0804 5.4881
3.7229 0.1899 4.9369
-0.5679 -1.9417 4.8107
-8.9997 2.8684 9.5256
-12.0198 2.2443 6.5378
4.3521 -0.1905 4.7026
-9.5756 1.3389 6.1453
-0.6101 -2.2694 4.1334
-1.4008 -2.0324 4.1489
5.8153 -2.3578 7.6680
2.0747 0.2416 10.6873
2.5251 -1.8570 5.4578
4.3902 -2.0623 6.0083
0.0287 -2.6623 3.7194
5.0216 -2.7601 6.4081
4.8809 -2.2123 6.3311
11.7874 1.7181 19.2388
5.7755 -2.9363 6.4923
-2.9854 -1.0979 5.0958
6.0165 -2.7415 7.0197
7.5619 -2.2700 8.8518
6.3239 -2.5142 7.6501
-9.2945 1.8842 7.3941
4.3614 -2.7287 6.0893
5.9620 -1.1687 10.1221
6.6597 -2.9164 7.0427
4.3828 -0.1863 4.7512
5.5674 -2.2010 7.0403
1.5489 -1.1614 6.5098
2.1011 -1.3658 6.0686
1.8062 -1.9859 5.0442
3.1292 -1.8390 5.6625
-13.9906 2.3408 5.5919
0.1578 1.0673 11.2255
7.4399 -1.3633 10.5879
1.6899 -2.9603 4.0851
6.3482 -2.7225 7.2491
15.8081 6.6669 31.4219
6.2382 -2.7962 7.0387
0.7185 -1.6175 5.3308
6.7713 -2.0577 8.8181
5.1388 -1.3427 9.3000
3.1287 -1.1733 7.1675
-2.0717 -1.9416 3.9424
7.7037 -1.2363 10.9934
2.9311 -1.8359 5.4156
-14.6117 3.4845 7.5120
6.2001 -2.7289 7.1509
-0.2882 0.8798 10.5943
9.2872 0.1950 14.7600
1.4901 -1.3832 3.7930
4.0099 -0.0730 4.7844
-2.4596 -1.6572 4.2850
-5.8172 0.1955 6.0376
2.0738 -2.9109 4.4051
-6.5579 1.3389 7.8881
4.7505 -1.2674 8.4571
4.4976 -1.7250 7.0935
-0.8975 -1.2358 6.0268
2.8197 -0.9793 7.2640
-0.2911 -2.5375 3.7833
1.9589 -2.2711 4.5379
4.2734 -1.2044 8.1479
6.8839 -2.0699 8.8589
1.5224 -1.7774 5.3095
-11.8712 4.9013 11.9179
8.3876 -1.1689 11.5227
5.3965 -2.8194 6.5065
1.0984 -2.8017 4.0595
0.1778 -1.9551 5.2146
-1.8705 2.7565 13.4201
-0.4475 -2.0449 4.6746
-0.4709 -2.2694 4.2138
7.5679 0.5938 14.5617
1.9146 -1.4272 6.0641
9.0836 1.9705 18.1803
3.7819 -2.8904 5.4325
7.0662 -2.5143 8.0788
5.4458 -1.9555 8.2563
3.0785 -1.7393 6.0818
1.3851 -1.7689 3.9899
5.3951 -2.1886 6.9877
9.0106 -0.1057 14.0011
1.7824 -2.0709 4.8306
1.7495 -2.7092 4.6197
-0.1372 -2.4032 4.1397
5.0000 -2.9313 6.0544
-24.3749 6.4077 7.6981
-0.8651 -0.9215 6.6718
6.4974 -2.7416 7.2973
-13.7123 4.9012 10.8544
4.7757 -2.6963 6.3931
0.0132 -2.6893 3.6566
4.2788 -0.2455 4.7208
3.9839 -1.9685 6.1244
-0.3651 -2.5760 3.6639
3.1655 -2.4987 5.3104
4.1067 -2.4611 5.8245
1.9811 -2.6222 4.7050
3.1179 1.7181 14.2319
1.7745 -2.3429 4.4594
1.5635 -1.7018 5.4578
4.8894 -2.8799 6.0929
0.9680 3.1032 15.7503
-5.3830 -0.6032 4.6968
-5.5476 1.5607 8.9135
3.9586 -0.1209 4.9150
-3.0378 1.4848 10.2119
-3.1464 -1.5713 4.0595
-6.9709 -0.0232 4.9354
1.4804 -2.1550 4.6652
6.1785 -2.0204 8.5502
2.4992 -2.4131 4.8704
0.5974 -2.8901 3.5938
1.7036 -2.8248 4.3630
5.0215 -2.7662 6.3959
6.0976 -1.6743 9.1931
3.3034 -1.7215 6.0271
3.5908 -1.0982 8.8932
0.9159 -2.6555 4.2454
6.3434 -2.4477 7.7940
3.1632 -2.7093 5.4359
3.8043 0.2636 4.9734
3.7986 -0.0615 5.0212
2.2229 -2.5036 4.7775
-4.0310 5.0910 16.8238
2.1679 -1.3570 6.2257
7.1654 -0.7552 11.6412
5.7587 -2.2900 7.7705
4.9399 -2.8852 6.1115
7.0263 -2.0077 9.0651
7.2820 -0.8681 11.4837
1.2888 -2.2446 4.4220
-5.3018 1.4849 8.9045
-1.3372 -2.1513 3.9488
6.2004 -1.0249 10.5464
-0.4555 -2.5137 3.7358
5.1959 -2.2939 6.5304
6.4702 -2.7478 7.2692
3.5074 -2.8956 5.2636
5.5879 -2.2820 6.7584
4.2028 -2.7661 5.9232
4.5535 -2.7477 6.1625
1.3697 -2.8743 4.0714
9.9759 0.4365 15.6389
0.0832 -2.5454 3.9839
8.4782 0.3862 14.6738
-0.5322 -2.3573 4.0031
-1.9524 -1.8292 4.2352
7.1255 -2.6135 7.9152
-4.6546 -0.8399 4.6459
2.4248 -2.1891 4.9550
0.4118 -2.7779 3.7103
-1.6690 -0.9478 6.1552
9.2131 1.4108 17.1398
3.1630 -2.1820 5.0922
3.7684 0.0147 4.9942
3.1550 -1.9400 5.1722
3.3594 -0.0868 6.7376
4.0349 -2.2802 5.6675
6.3498 -2.5302 7.6333
-2.0863 -1.9813 3.8548
0.3185 -2.7026 3.8065
0.4550 -2.2796 4.7282
0.5294 -0.7549 7.8093
2.1044 -1.8732 5.4250
10.9057 3.2265 21.7354
-0.8996 -2.2065 4.0915
8.6810 0.7615 15.5387
2.6280 -0.0649 10.3962
-1.2103 -2.0933 4.1375
4.4673 -2.8799 5.8492
3.6453 -1.2046 7.2834
6.3660 -2.8694 6.9668
2.3519 -2.7027 4.9805
1.9357 -2.9058 4.3355
3.6946 -1.6611 6.4301
1.0158 -1.6366 5.5127
0.0337 -2.5909 3.8645
5.1407 -1.3010 9.3843
-1.2068 -1.4989 5.3240
-0.8527 -1.8867 4.7558
3.2537 -2.8637 5.1806
3.6980 -1.9710 5.8672
-0.2122 -2.3942 4.1144
4.8238 -2.6276 6.3574
-20.4527 4.7190 6.5985
-8.5137 4.0576 12.1758
-6.4599 4.0577 13.3621
1.2577 -2.1195 4.1504
6.5218 -0.0237 12.7271
6.3884 -2.0330 8.6464
1.3937 -1.6466 5.4306
6.4409 -2.8420 7.0645
3.2123 -0.6036 9.6602
-0.0861 -2.5684 3.8401
1.2574 -1.2526 6.1342
3.9681 -1.9236 6.0461
-7.3934 -0.0232 4.6915
-3.8907 2.4402 11.6231
5.5606 -2.3318 6.7094
3.1487 -2.7475 5.3515
3.7752 -0.1572 5.0213
1.3711 -1.8600 5.2387
5.7108 -2.3098 7.7033
4.7958 -2.6763 6.4447
1.4900 -2.3083 4.4294
7.2100 -1.0498 11.0798
-6.8201 0.2419 5.5508
-9.6042 2.8684 9.1764
5.4429 -2.8020 6.5678
7.1097 -2.4732 8.1857
3.3652 -1.5967 6.4448
7.5223 -2.2801 8.8088
6.5868 -2.8080 7.2167
6.8446 -2.7541 7.4730
0.8760 -1.4813 5.6590
-3.7979 -0.2224 6.3710
1.7558 -2.7536 4.5349
4.3339 2.5426 16.5771
6.2999 -2.3947 7.8744
-0.9699 0.2890 9.0234
-9.7553 0.6489 4.6666
0.7931 -0.8402 7.7916
3.9237 -2.5159 5.7590
2.6663 -2.5342 5.0461
6.3964 -2.8694 6.9843
-12.7246 6.4086 14.4285
-0.5345 -1.8439 5.0248
1.8537 -2.8744 4.3508
3.4544 -2.3503 5.3876
1.8116 0.1052 10.2636
3.4798 -1.7630 6.2743
0.8994 -2.7026 4.1419
5.3016 -0.5068 11.0598
0.3175 -2.2066 4.7942
1.0952 -2.7958 4.0693
4.6973 -2.7600 6.2209
1.8566 -2.9058 4.2899
6.8671 -2.6135 7.7661
-15.3570 3.6203 7.3522
-19.2449 5.2871 8.4281
6.8356 -2.7724 7.4312
-6.6791 -0.2600 4.6321
5.6554 -2.6831 6.9276
4.7658 -2.4501 6.2079
4.1718 -0.5067 10.4073
2.1506 -0.8122 8.6312
2.7445 -2.3622 4.9775
-0.0769 -0.9994 6.9718
-15.1203 5.0903 10.4181
-0.0647 -2.1957 4.5951
6.5857 -1.3011 10.2187
11.0355 0.7614 16.8984
3.7719 -2.7661 5.6744
-10.8070 5.7071 14.1383
2.5635 -2.6693 5.1693
-6.1164 2.8684 11.1909
1.5318 -1.2189 3.7074
3.5645 -1.6968 6.3849
-0.2091 -1.7538 5.3922
-2.5091 1.1998 9.9494
-7.1720 4.5447 13.9213
6.2248 -1.7068 9.2017
3.4420 -1.8149 5.9235
3.6727 -2.1346 5.4160
2.9902 -2.9410 4.8744
-1.0963 -0.6654 7.0486
-6.8490 3.4847 11.9957
7.9922 -1.8299 9.9773
4.0053 -1.9636 6.0168
-1.8844 -1.9281 4.0775
5.7264 -1.7386 8.8506
5.9433 -1.9011 8.6520
5.8414 -2.8853 6.6321
-3.8166 -0.0233 6.7569
3.9351 -2.1357 5.5705
2.6914 -1.8550 5.5446
5.0449 -2.6964 6.5485
5.7323 -2.7415 6.8556
1.9147 -2.0114 5.0949
2.3350 -1.5562 5.9137
-0.7931 0.1953 8.9388
5.7880 -0.8124 10.7317
3.0654 -2.9161 4.9675
4.6962 -0.1055 11.5097
0.6879 -2.5218 4.3801
-0.1276 -2.6056 3.7420
6.4612 -2.8308 7.0986
3.0476 -2.4986 5.2421
5.3512 2.4403 16.9608
3.1656 -1.8669 5.3103
3.7262 -1.8566 6.1490
4.6452 -2.8193 6.0727
3.2387 -2.1968 5.1443
-5.2580 1.6384 9.2357
2.2610 -2.9109 4.5132
-4.7521 -1.0244 4.2220
5.0217 -1.0742 9.7675
0.6736 -2.6692 4.0781
5.1715 -1.9592 7.2410
-5.0971 0.1500 6.3628
-0.2252 -1.6236 5.6424
6.5473 -0.2606 12.2698
3.1364 -2.7660 5.3075
9.5199 -0.5721 13.3658
4.1100 -2.1112 5.7366
0.9310 -2.9108 3.7453
1.6392 -2.9058 4.1643
5.5650 -2.4014 6.6124
5.4937 -2.1536 6.9770
5.9529 -2.8137 6.8392
4.7640 -1.5269 7.8078
5.9028 -2.7289 6.9792
0.6067 -0.5066 8.3487
3.7159 -2.2276 5.4095
4.3229 -1.9926 5.9847
0.3559 0.8798 10.9663
4.1846 3.1033 17.6081
3.1448 -2.9410 4.9637
3.2169 -1.2706 6.8834
0.6244 -2.8635 3.6625
4.1520 -0.0799 4.5283
3.9560 -2.9262 5.4616
4.3012 -2.7159 6.0801
5.1942 -2.3206 6.5011
-10.4390 6.1644 15.2619
3.0753 -1.8483 5.5525
4.1890 -0.2245 4.6198
-7.2849 0.5407 5.8776
2.4713 -1.1475 6.5669
9.6856 3.2265 21.0307
6.6391 -0.6658 11.5154
9.1765 3.7617 21.8031
6.0305 -1.6499 6.5916
11.6474 1.8841 19.4888
3.9226 -2.0586 5.9779
7.3056 -1.8873 9.4664
3.5509 -2.7721 5.5347
3.1911 -2.4004 5.2977
2.4818 -2.8305 4.8010
5.4651 -2.6764 6.8311
7.0039 -2.7290 7.6149
3.7167 -1.8230 6.3306
4.1268 -2.8638 5.6847
-5.0460 6.1648 18.3774
5.5076 -2.8639 6.4819
4.3711 -1.9935 6.1022
2.8371 -2.2485 4.9556
1.2666 -2.8471 4.0660
7.6883 -1.4808 10.4974
2.7964 -2.1306 5.2233
-2.2163 -1.2136 5.3095
0.7443 -2.8075 3.8434
4.8189 -2.1294 6.6886
-1.5675 -2.0448 4.0279
3.7513 -2.7223 5.7497
-2.8282 -1.4612 4.4627
4.4504 -0.6960 10.1912
5.1564 -2.1112 6.8689
0.6886 1.1998 11.7961
3.3452 2.0593 15.0430
3.6991 -2.5143 5.6257
9.4329 -0.5398 13.3799
-2.2882 0.8798 9.4393
13.7079 4.0584 25.0113
4.1541 0.0067 4.5246
4.2691 -1.8293 6.5362
5.0293 -2.9213 6.0913
1.7521 -2.8690 4.3028
-0.0105 -2.4642 4.0914
6.1330 1.4848 15.5083
5.9617 -1.6577 9.1476
8.0169 0.4878 14.6098
4.3713 -2.5517 6.0413
2.9622 -1.6592 5.9003
1.6157 -2.3899 4.4530
3.1802 0.0185 10.8813
1.5195 -2.3434 4.3750
2.7795 -2.2002 4.8881
6.9565 -1.8731 9.2930
2.9123 -2.5157 5.1747
-12.7794 2.4402 6.4894
-0.9318 -2.3191 3.8485
1.9734 -2.7900 4.5881
1.9548 0.2889 10.7123
-19.0529 4.3758 6.7230
0.9274 0.4367 10.4135
1.0663 -1.2530 6.0316
5.7828 -1.7228 8.9146
1.5320 -2.9109 4.0923
-23.5451 5.9298 7.2252
4.6174 -2.1564 6.3137
0.1286 -2.7025 3.6968
8.3448 -0.7259 12.3807
3.1079 -1.7526 5.9230
1.3877 -1.1393 6.3430
3.9700 -0.1888 5.3466
0.3774 -0.7837 7.6640
1.2916 -2.1720 4.2156
-6.7986 3.4847 12.0248
-6.0803 2.4402 10.3585
2.0345 -2.9058 4.3926
5.2305 -2.3910 6.4235
2.6612 -1.6369 5.7766
6.9879 -1.4807 10.0930
7.2137 -1.7387 9.7093
4.1551 0.3801 5.1930
9.6195 0.4878 15.5353
5.2336 -2.7902 6.4705
7.1017 -1.0498 11.0173
-12.2276 4.9013 11.7121
4.6961 -1.8850 6.9760
9.3214 -0.2607 13.8717
9.9022 4.2147 23.1248
4.1256 -1.7461 6.4754
6.3171 -2.9264 6.8249
-1.5846 0.3865 8.8627
-1.5935 -1.1217 5.8522
2.9838 -1.1300 6.9022
6.2167 1.7181 16.0216
4.4388 0.1952 11.9601
4.3641 -1.1221 9.2923
2.3897 -2.1981 4.7856
3.3710 -1.8560 5.8778
-0.7032 -2.3384 3.9421
8.7259 -0.9484 12.1576
5.1766 -1.7812 7.7223
3.0803 -1.7691 5.4384
0.1308 0.4881 10.0557
5.4325 -1.7386 8.6808
3.5868 -0.2604 10.5603
-14.2927 2.3408 5.4174
3.8464 -1.6341 6.6475
1.9782 -2.0381 5.0217
5.2624 -0.3339 11.3815
1.1747 -0.3338 9.0210
5.7445 -2.0698 8.2010
6.4315 1.8000 16.3089
1.5653 -2.7720 4.3882
5.4849 -2.9654 6.2667
3.3316 -2.9262 5.1011
2.0251 -2.8744 4.4498
-0.7167 -2.3384 3.9343
-23.3780 6.1634 7.7872
5.5128 -2.8475 6.5176
6.4146 -1.2797 10.1623
4.4524 -0.1437 4.7818
-5.3492 4.2141 14.3153
4.2993 -1.9957 5.9816
3.3382 -0.0236 10.8886
2.3364 -2.1100 4.9335
-3.3906 3.2262 13.4781
1.8163 -2.7092 4.6583
3.3388 -2.3352 5.3432
0.4214 -2.6273 4.0158
-2.0738 -0.7836 6.2486
3.9794 -2.6963 5.9333
2.9230 -1.7695 5.8278
4.0242 -2.2322 5.6291
3.7609 -2.9262 5.3490
2.6281 -2.8797 4.7873
6.2207 -2.4390 7.7403
7.0767 -2.3390 8.4341
-9.9095 5.0906 13.4281
2.9112 -2.9110 4.8886
3.6083 -2.8745 5.3639
3.9222 6.1655 23.5583
3.9468 -2.9411 5.4267
7.6498 2.0593 17.5291
0.2451 -2.3760 4.4148
-3.2232 -1.4420 4.2729
6.7147 -1.3221 10.2513
-7.8293 3.2261 10.9143
7.8720 -1.3429 10.8782
-1.3575 -1.9006 4.4365
3.8573 -0.3696 10.4989
0.4928 0.0615 9.4149
1.6748 -2.3926 4.3749
-1.7320 3.2263 14.4360
10.1507 1.6383 18.1346
3.5856 -2.7223 5.6540
6.3313 -2.9654 6.7553
11.0039 4.9025 25.1316
4.3390 -2.5512 6.0216
1.4414 2.0593 13.9435
0.4225 5.2883 19.7891
-9.2447 0.5942 4.8526
2.8096 -2.1536 4.9057
3.7337 -1.5461 6.6396
-4.3158 -1.0244 4.4739
3.2460 -2.2789 5.2090
3.8779 -1.4694 6.7577
-15.3285 3.3531 6.8362
6.5196 -0.4734 11.8296
4.6580 -0.8679 9.9685
-0.2942 1.7181 12.2613
2.2945 -1.7881 5.4844
2.8917 -2.2052 4.9973
4.7662 -2.2470 6.3623
10.1783 2.7567 20.3791
-2.0140 -0.0234 7.7979
2.7463 -2.0902 5.0695
4.2289 -2.0556 6.0148
-13.2639 5.9306 13.1645
-0.2088 -0.9994 6.8957
7.5192 0.4365 14.2201
-4.3576 -0.5715 5.3523
0.6906 0.7617 10.9242
-0.3333 -0.8401 7.1412
-10.9282 1.0675 4.8233
3.3593 -0.6036 9.7450
7.7278 -1.6908 10.1018
2.3176 -2.1995 4.7814
7.0152 -2.6899 7.6994
5.0567 -0.0236 11.8811
4.3747 3.7615 19.0295
3.7882 -1.5430 6.7782
2.8446 -1.4460 6.4245
-3.7487 -1.0244 4.8014
-0.9163 -0.0647 8.3495
2.9817 -2.1650 5.1023
4.3385 -0.1900 4.6961
-1.6798 -2.0814 3.8902
-0.2746 -2.3851 4.0965
6.0949 -2.7724 7.0035
-6.4749 0.7047 6.6724
7.4438 -2.1854 8.9522
-7.5755 0.8799 6.3859
-1.3456 -2.0933 4.0593
1.7772 -2.8304 4.3941
5.0548 -2.2652 6.4733
-3.2023 -0.4730 6.2157
-8.0985 0.4883 5.3034
0.9631 -0.1053 9.3540
4.3252 -0.2034 4.9398
3.6136 -2.7159 5.6831
1.5008 -2.9650 3.9664
6.4852 -1.2582 10.2461
5.9356 -0.3697 11.6990
6.4031 -2.8958 6.9355
3.7694 -0.1091 5.0116
1.7847 0.0615 10.1609
3.4238 -2.2248 5.2634
0.7777 -1.6589 5.2817
6.7989 -2.4391 8.0742
12.5881 3.1035 22.4618
7.1734 -2.3099 8.5478
13.2028 2.7567 22.1259
6.4540 -2.9364 6.8841
-8.3807 3.9067 11.9521
2.6717 0.2416 11.0321
6.2107 -1.7386 9.1302
6.0307 -1.8443 8.8156
3.4032 -1.0790 7.4712
4.2905 -1.0742 9.3452
5.0707 -2.1555 6.7390
2.0415 -0.1054 9.9767
7.0157 -2.6279 7.8232
8.7048 -0.5721 12.8951
-0.4310 -2.3288 4.1183
7.0918 -2.4038 8.3136
8.1575 0.0183 13.7555
-2.3463 -1.3423 4.9780
12.3267 2.9842 22.0733
-0.4163 -1.5891 5.6008
5.3126 -0.9482 10.1866
6.3063 -2.7903 7.0898
4.9136 -1.0197 8.3904
5.9301 -2.6764 7.0996
6.9146 -2.4391 8.1410
5.1865 -2.9163 6.1922
3.1507 -2.2133 5.1063
-4.2342 2.2444 11.0344
6.0513 -2.1631 8.1924
2.3200 -2.7537 4.8606
-1.6404 -1.0980 5.8725
2.0718 -2.7222 4.7800
2.7593 -2.7660 5.0898
1.8716 -0.7838 8.5268
-0.9849 -2.1169 4.2207
1.4885 -0.1054 9.6574
-2.3384 2.3409 12.3217
3.0646 -2.0994 5.0989
4.9780 -2.6254 6.4416
4.5752 -2.7902 6.0903
-3.2435 4.3764 15.8549
4.3554 0.0287 5.2922
4.1120 -2.3113 5.7304
4.8032 -2.5529 6.3208
-11.0495 1.5607 5.7360
4.4754 -2.7414 6.1299
6.8868 -1.3011 10.3925
6.0768 -1.4178 6.4634
7.3088 1.1327 15.4858
1.2174 -1.2008 6.2910
-0.7093 -2.4726 3.6711
13.8260 6.9351 30.8116
3.3114 -2.7901 5.3606
4.0718 -2.7223 5.9348
7.2814 -1.8589 9.5090
1.0160 -2.9506 3.7151
3.7422 -2.3916 5.5659
4.2650 1.6383 14.7354
2.5285 -2.5392 4.9777
3.4685 2.2444 15.4830
7.1149 -2.4563 8.2224
3.1382 -1.8709 5.7471
3.4057 -2.7661 5.4630
3.9267 -2.0018 5.9667
3.3888 0.9408 12.8395
1.0437 -2.7411 4.1485
6.1614 -2.4303 7.7235
6.0840 -2.4303 7.6788
2.9087 4.2144 19.0852
4.1223 -2.3114 5.7365
5.4106 -2.3858 6.5439
4.7579 -2.3856 6.1665
-2.7852 -1.1911 5.0258
-7.8105 0.1055 4.7071
-1.6723 3.1032 14.2253
-4.7782 -0.4390 5.3734
-15.4772 3.3531 6.7503
6.6230 -0.4049 12.0259
5.7478 -1.3632 9.6109
2.5503 -1.5140 5.9574
-4.4363 3.6206 13.6600
12.3157 6.4106 28.8942
4.1678 -0.2514 4.8327
2.2747 -1.8418 5.4453
6.5594 -2.2699 8.2730
-14.1077 3.4845 7.8031
3.4915 -2.1935 5.4423
4.7832 -2.9111 5.9694
6.9284 -2.6765 7.6759
1.2347 -2.2437 4.3147
9.3332 1.8000 17.9847
1.0911 -1.8378 5.1280
1.4376 -1.5799 5.5860
4.2975 -2.1471 5.7466
6.6341 1.1327 15.0961
5.8596 -1.9555 8.4953
0.6929 -0.5394 8.3330
-2.1311 -1.2792 5.2279
-7.2191 0.4883 5.8112
1.1704 -2.8190 4.0665
3.7585 -1.8798 6.1439
1.2845 -0.5066 8.7401
1.3798 -2.1463 4.8580
4.0881 -2.6897 6.0093
4.4606 -2.1532 5.8257
0.1010 -2.7284 3.6294
5.7183 -2.7225 6.8854
3.9613 -2.8745 5.5677
4.8200 -0.4048 10.9848
3.0310 -2.8305 5.1181
1.3632 -1.8208 4.0910
-19.9208 5.9301 9.3189
0.3357 -2.8189 3.5845
-4.1321 -0.6653 5.2956
5.2149 -2.5133 6.4984
-1.1940 -1.4030 5.5225
5.3443 -2.8194 6.4764
-2.8832 -0.2225 6.8992
4.2597 -0.0844 4.6305
-1.5978 -1.2136 5.6666
1.0583 -2.8416 3.9568
6.7213 -0.8952 11.1058
-2.6986 -1.0738 5.3095
1.2993 -1.9674 4.9134
1.8001 -1.8976 5.1567
3.9962 -0.6959 9.9289
6.9243 -2.2178 8.5875
6.5418 0.7044 14.1895
2.9719 -1.6510 5.5983
4.7007 -2.2990 6.0692
3.7050 -2.3276 5.5062
5.1447 -2.7095 6.5800
3.8702 -2.0489 6.0061
4.4227 -2.1377 5.7930
7.9916 -1.6070 10.4211
-1.8528 0.3373 8.6097
6.0476 -2.1057 8.3046
-10.5195 1.2000 5.3233
2.1205 -2.4299 4.6626
5.4474 -0.7551 10.6491
4.5849 -1.1665 8.4307
1.4071 -1.7285 3.9756
0.1971 -2.1626 4.8122
2.3259 -2.2106 4.7498
-0.5861 -1.9551 4.7735
-7.8128 0.8799 6.2489
2.3882 -2.8744 4.6594
7.6444 -0.8405 11.7479
7.7625 -1.4618 10.5780
5.8726 -2.7663 6.8873
1.0379 -1.7867 5.1729
-3.5988 1.5606 10.0390
7.6713 0.4879 14.4102
2.2397 -2.7840 4.7537
4.3833 -2.0681 5.8724
-0.4524 -0.8677 7.0175
2.6071 -1.8124 5.6376
-2.9351 -1.6901 3.9449
1.0219 -2.7411 4.1359
4.3429 -2.1735 5.8453
0.4904 -0.7155 5.5469
1.2591 -0.6348 8.4700
6.7509 -2.1057 8.7107
2.7176 -2.8361 4.9260
1.7930 -1.8495 5.2766
5.4806 0.9408 14.0475
-4.0315 -1.0978 4.4918
-1.5316 -1.8438 4.4491
1.1977 -2.9310 3.8592
-2.9863 -1.3005 4.6916
4.4479 -0.0318 4.7710
6.4269 -0.8952 10.9358
7.4734 -2.2494 8.8417
6.1243 -2.1631 8.2345
-3.2635 1.1999 9.5137
7.3202 -2.2071 8.8375
-11.0839 2.2443 7.0783
1.0418 -1.2349 6.0504
7.2446 -2.0078 9.1911
4.4008 -2.3121 5.8990
0.4629 -2.6623 3.9701
6.2369 0.2888 13.1851
6.5030 -2.6832 7.4169
-0.5649 -1.6064 5.4805
5.4521 -2.5534 6.6415
5.4728 -2.2868 6.8087
8.3387 -1.2364 11.3600
4.6144 -2.9060 5.8822
2.8037 -1.8079 5.5222
-1.0982 -2.2488 3.8925
3.1148 4.5451 19.8633
1.8496 -1.9272 5.1233
5.0122 -2.1074 6.8205
-8.7894 0.4883 4.9044
-7.2126 2.2443 9.3142
0.0672 -0.7255 7.6008
2.4529 -2.7841 4.8768
-3.8906 -1.3422 4.0863
-1.2334 -0.7837 6.7338
-9.5213 1.5607 6.6186
5.0691 -1.8760 7.3729
1.1415 -1.1027 6.3830
-7.9817 1.0674 6.5249
-0.5440 -1.5891 5.5271
-2.7391 -1.3829 4.6701
4.3606 -0.0482 4.7016
-7.8786 0.4883 5.4304
-1.1819 1.2685 10.8527
0.2217 -2.7597 3.6368
3.8887 -0.2664 5.2918
-5.0472 1.1329 8.3501
-0.3986 -2.4032 3.9888
2.8269 -2.1847 4.9052
3.6612 -2.9459 5.2521
5.9162 -2.0577 8.3244
5.5866 -2.1333 7.0983
-3.2369 -1.2576 4.6324
-6.8904 1.2686 7.5559
7.1256 3.9073 20.9087
-5.0426 2.2443 10.5675
4.7285 -1.8779 7.1082
7.1474 -2.5841 7.9865
4.0677 0.4366 12.2269
8.1605 5.4941 24.6683
-3.2754 -1.4988 4.1295
0.7538 -1.4521 5.6780
0.6336 -2.8742 3.6464
3.8353 -0.9996 9.2309
3.8702 -0.2227 10.7990
3.4495 -0.9217 9.1633
1.7360 -2.7659 4.4990
-16.1030 6.4083 12.4768
-0.7614 -2.3759 3.8337
4.7989 -2.8799 6.0407
5.8492 -1.4231 9.5502
-0.8315 -1.1452 6.2454
1.2410 -2.2100 4.6139
2.5968 -1.0197 7.0823
1.5538 -2.8472 4.2318
0.2714 -2.0199 5.1394
4.1325 -1.2402 7.9495
2.8610 -2.7350 5.2103
7.7807 -0.8125 11.8823
1.1049 -2.7536 4.1590
-3.0702 1.0674 9.3613
-2.4789 -1.8438 3.9022
8.4302 1.4108 16.6877
-0.4206 -2.2896 4.2026
0.3134 0.2417 9.6702
-11.0348 1.2686 5.1625
2.3813 -2.6693 5.0641
0.0206 -2.6959 3.6477
6.1156 -2.8800 6.8009
5.0699 -2.1973 6.7002
3.8341 -2.7782 5.6862
1.0607 -1.9786 4.8226
8.9144 0.1050 14.3653
0.9965 -2.8247 3.9547
1.8518 -1.7235 5.4629
2.8991 -1.8928 5.4126
7.5426 -1.5179 10.3392
5.6309 -1.6240 9.0237
3.8010 -0.1670 5.0368
2.5281 -0.9217 8.6312
2.4454 -2.7720 4.8964
-4.8518 -0.9736 4.2656
4.2343 -0.1455 4.5963
-6.4542 1.2686 7.8079
1.0144 -2.7658 4.0823
-0.5095 -2.4298 3.8718
-0.8477 0.3372 9.1901
6.7043 -0.5720 11.7399
4.8378 -2.7601 6.3020
2.2123 -2.7475 4.8108
8.3147 0.2414 14.2908
-0.7184 -2.4471 3.7166
2.0049 -2.9006 4.3858
-5.8626 1.7182 9.0454
4.0888 -2.0776 5.9641
3.6477 -2.8851 5.3654
-8.1324 2.1505 8.5960
6.3171 1.6383 15.9206
8.6028 5.4942 24.9239
-4.3614 -0.7835 4.9276
6.5503 -2.3579 8.0924
1.0899 -2.9457 3.7675
5.7080 -1.9286 8.4613
1.0082 -0.6035 8.3874
4.2511 -2.9312 5.6221
3.3568 -2.2006 5.3177
4.4826 -2.2904 5.9517
3.0492 -2.6069 5.3159
-14.0376 2.9838 6.8459
4.7889 -2.2799 6.1940
-0.6391 -2.3573 3.9414
5.4347 -1.8297 8.5006
1.2979 -2.1105 4.6876
6.3685 -1.3835 9.9290
0.1451 -2.0572 4.9922
-0.4427 0.7046 10.1559
2.5941 -2.9410 4.6457
2.3579 -1.1099 6.4737
2.0410 -2.4101 4.5990
3.0165 -2.2629 5.0661
3.0793 -2.1204 5.0662
2.7689 3.3535 17.2890
4.9091 -1.9601 7.0289
4.4431 -2.9509 5.6938
-15.9689 4.9011 9.5509
4.7211 -2.8363 6.0827
6.9941 -1.4426 10.1726
5.4817 -2.0242 7.2586
-9.4061 1.1999 5.9663
6.1768 -2.6278 7.3389
7.4567 -0.0650 13.1846
0.7921 -2.6760 4.1330
-0.3984 -2.0325 4.7277
8.2836 -0.2229 13.3476
2.5602 -2.9007 4.7064
5.3620 -2.7352 6.6543
-1.6961 -1.2358 5.5657
3.8306 1.4848 14.1786
4.0803 0.7639 5.1946
4.0794 -2.7159 5.9520
0.5127 -2.8635 3.5980
4.1414 0.4251 5.1229
-5.2702 -0.3335 5.2994
5.6458 -0.6960 10.8815
5.6976 -2.3339 6.8258
4.4109 -2.8904 5.7957
2.0412 -2.3137 4.5411
6.1130 -2.0939 8.3659
2.7984 -1.3974 6.4331
-0.2440 -1.9814 4.9186
7.7970 -1.6744 10.1743
3.0036 -2.7158 5.3309
1.8957 -1.7445 5.4286
1.9283 0.0615 10.2438
5.9082 -1.8181 6.6587
2.3393 -2.1842 4.8201
2.7282 -2.0199 5.2921
5.1156 -2.8078 6.3672
4.2013 -2.8077 5.8394
8.1637 0.1950 14.1112
10.0657 1.0032 16.8199
4.6991 -1.0742 9.5812
0.2487 0.3372 9.8232
-0.8725 2.2444 12.9759
6.4185 -2.6898 7.3548
-4.6603 1.4849 9.2749
-4.5493 5.7075 17.7532
5.6767 -2.2935 6.8746
4.7893 -1.2839 8.3983
5.5088 -2.3829 6.6227
-6.5993 0.3867 5.9668
14.8192 4.3772 26.2884
3.7646 0.2302 4.9630
6.9040 -2.3948 8.2232
7.4214 -0.4050 12.4869
4.3713 -0.0087 5.3060
6.6988 -2.5381 7.8191
5.8655 -2.9314 6.5542
5.1439 -2.3036 6.5597
-12.9119 2.3408 6.2149
-18.4259 4.5442 7.4207
15.0951 5.9325 29.5469
7.9872 -0.1056 13.4102
7.6002 5.2887 23.9354
2.0617 -0.5718 9.0591
-17.2452 3.9064 6.8319
1.8764 -2.1890 4.7130
0.9345 -2.9159 3.7372
4.8573 -2.1121 6.6526
-10.1326 3.9067 10.9402
-2.6481 -0.9993 5.4871
2.5287 -2.7093 5.0696
4.4531 -1.3826 7.8908
6.4313 -2.7289 7.2844
-13.9134 4.5444 10.0272
3.8603 -1.0741 9.0969
2.9765 -1.1348 7.0844
0.0837 -0.2973 8.4635
4.4040 -0.0713 4.8330
-0.0719 -1.9417 5.0971
5.0496 -0.7525 8.2030
-5.6147 -0.6345 4.5008
3.8608 -0.2591 5.3492
-14.3358 2.3408 5.3925
1.5223 1.5606 12.9965
7.6091 -2.0455 9.3265
2.5994 -1.2076 6.3265
1.7866 -0.5066 9.0300
8.2250 -1.0985 11.5691
-11.1566 2.9838 8.5099
1.5943 -2.8849 4.1799
1.7259 -2.0078 4.9184
7.3389 -0.0237 13.1989
6.6946 -2.7844 7.3258
4.7190 -2.1940 6.3683
-0.9716 0.0187 8.4838
2.1557 -2.8797 4.5146
5.0096 -2.9363 6.0502
0.0540 -2.5760 3.9059
6.1581 -2.0939 8.3920
-12.6780 2.7564 7.1780
3.8212 -2.7901 5.6549
6.0102 -1.3428 9.8032
1.1766 -2.9457 3.8175
4.4430 0.7045 12.9774
12.4652 3.7618 23.7026
-20.3363 4.7190 6.6658
8.7916 -1.0499 11.9931
1.2916 -2.1473 4.2156
7.9044 -1.7070 10.1715
11.6378 3.2266 22.1582
4.2251 -0.1890 4.6331
3.9626 -1.7485 6.4740
2.2835 -2.8955 4.5570
4.2457 -2.6897 6.1003
10.6761 1.9705 19.1000
5.9053 -2.9461 6.5477
5.6714 -2.2596 7.7807
4.9901 -2.9061 6.0990
3.6980 0.1378 4.9389
-0.1298 -2.6826 3.5873
5.1059 -2.9461 6.0862
1.5162 -1.2869 6.1992
1.6560 -2.4203 4.3722
2.8798 -2.8417 5.0085
9.2347 5.4942 25.2889
4.3912 -2.9411 5.6833
4.8798 0.2888 12.4015
8.0649 -1.5720 10.5330
-1.7101 -1.5174 4.9966
4.4463 -0.0754 4.7758
1.5458 -1.2541 3.7734
0.8194 -2.8526 3.7968
-3.4876 0.1500 7.2922
8.2800 -1.6242 10.5534
-2.9293 -0.2972 6.7236
11.2434 3.1034 21.6851
3.2155 -1.4254 6.6019
-0.1853 -1.9944 4.9266
2.7163 -2.7660 5.0649
4.8591 2.9841 17.7602
6.0875 -2.9606 6.6241
6.1273 -2.6134 7.3389
-2.3625 -1.6737 4.3081
5.7333 -2.1057 8.1231
6.1758 -2.0577 8.4743
2.4087 -2.1917 4.8124
-6.1278 -0.5391 4.3944
0.5359 -2.7220 3.8933
2.7042 -2.2722 4.8793
1.3946 -0.2226 9.3695
0.0418 1.1998 11.4226
5.4002 -1.7228 8.6937
8.9362 -0.0651 14.0390
5.4850 -2.4487 6.5917
4.2910 -1.7887 6.6397
5.0000 -2.7723 6.3714
6.6705 2.6480 18.1366
-1.0631 -1.1452 6.1117
2.1233 -0.1452 9.9447
-1.0837 -0.0647 8.2528
-1.1878 -1.9943 4.3478
1.3756 0.3372 10.4740
5.1704 -0.6350 10.7285
1.9750 -2.8902 4.3892
-7.2658 3.9068 12.5961
-9.3003 2.6479 8.9125
5.9082 -1.7605 6.6587
-16.9409 4.5442 8.2785
5.6725 -2.8079 6.6888
7.0777 -2.3099 8.4926
3.0738 4.2144 19.1806
-0.3351 -1.8439 5.1400
1.4582 -0.2974 9.2572
-8.1519 3.1031 10.4828
1.5636 -1.5931 5.6285
-1.4532 -2.0814 4.0211
7.0167 -2.5143 8.0502
5.9269 -2.9264 6.5995
-0.7568 -2.0694 4.4472
3.1776 -1.2439 7.0586
1.7428 -2.8743 4.2868
4.8823 -2.7783 6.2914
4.5485 -1.9682 6.7918
3.8131 -1.3424 7.2200
3.5967 -2.3561 5.4547
-3.5371 0.9409 8.8398
-0.8591 -1.6902 5.1436
3.9192 -0.2351 5.4346
-11.8826 2.8684 7.8605
1.6099 -1.6712 5.4979
6.0315 -2.7161 7.0791
-18.8373 3.9064 5.9122
-14.8620 6.4084 13.1937
1.7200 -2.0106 4.9793
-10.9108 6.1644 14.9894
5.9329 -2.9163 6.6231
2.1781 -0.8789 6.8420
2.6469 -2.1380 4.9706
3.4371 -1.5326 6.7730
-3.1131 -0.6346 5.9453
-4.5243 -0.2224 5.9516
-1.9691 -1.8292 4.2256
4.2612 -1.2973 7.9704
3.4480 0.2416 11.4803
5.3794 -2.8905 6.3548
4.1924 -2.8529 5.7443
-1.4308 0.3865 8.9515
14.6895 4.9027 27.2605
5.6210 -2.4959 6.7215
1.5193 -2.7221 4.4610
6.2529 -2.3856 7.8654
2.1580 1.0673 12.3807
9.7286 3.9074 22.4121
0.3442 -2.5376 4.1501
4.1859 -1.6892 6.7917
2.0078 -2.5159 4.6531
2.4726 -2.8955 4.6661
5.7950 -2.7478 6.8793
6.9584 -1.1457 10.7436
4.3070 -1.0497 9.4036
9.2556 0.5402 15.4296
5.7016 -2.8137 6.6941
1.2233 0.3372 10.3861
4.9314 -2.9213 6.0348
7.9382 -0.5069 12.5822
5.5348 -2.7783 6.6681
-4.8598 1.5606 9.3107
1.4969 1.4109 12.6836
6.1581 -2.8906 6.8044
-4.4334 1.0034 8.4467
0.0382 -1.6903 5.6617
0.7528 -2.9457 3.5729
8.7022 1.1997 16.4241
5.2033 -1.5541 8.9162
2.0150 -2.8850 4.4228
2.9956 -1.3797 6.5411
1.8358 -2.8954 4.2984
4.5862 -2.7477 6.1814
-5.2139 2.7565 11.4890
3.5948 -2.8473 5.4102
1.5431 -2.7285 4.4620
5.9161 -0.6658 11.0979
5.4598 -2.6964 6.7881
3.0633 2.9841 16.7230
2.6830 -2.7412 5.0950
3.0076 -1.6300 6.1359
5.5276 -2.2311 6.8298
-0.3263 -1.1453 6.5372
9.6882 -0.4050 13.7959
6.4956 -1.4426 9.8847
5.5935 -2.3460 6.6713
6.5865 -2.4477 7.9344
-4.4057 -0.3335 5.7986
0.3995 -2.1170 5.0201
-0.6892 -1.4030 5.8140
0.6838 -0.7256 7.9568
2.0417 -2.4619 4.6343
3.0353 -1.6633 6.0636
-1.3474 -2.0814 4.0821
4.8281 0.0614 11.9184
2.2951 -2.7720 4.8096
5.9785 -2.6061 7.2675
5.8506 -0.6350 11.1214
-18.8740 5.2871 8.6424
-0.6028 1.8000 12.2463
6.0280 -1.3465 6.4503
3.2822 -1.9640 5.7550
3.9082 -0.1457 5.1353
-20.8973 4.9008 6.7040
6.0122 -0.7552 10.9753
0.9905 -1.1627 6.2329
2.9004 -1.6393 5.8335
7.8620 -1.0985 11.3594
6.5229 -2.8640 7.0681
1.7667 -2.3188 4.5184
0.0139 -1.8439 5.3415
2.7710 -2.6895 5.2489
2.7662 -2.1017 5.0042
10.1275 6.1659 27.1429
-0.4266 -2.4557 3.8680
4.6307 -2.8474 6.0083
6.3000 -1.6578 9.3429
5.3255 -2.7539 6.5959
6.1185 -2.6278 7.3052
6.8921 -2.7602 7.4881
2.6906 -1.3552 6.5024
-4.1427 0.5406 7.6923
0.3410 6.6656 22.4865
-3.4748 -1.3422 4.3263
0.5560 -2.6057 4.1367
-4.9843 3.1031 12.3124
3.2005 -2.0947 5.3454
-0.5747 -1.9814 4.7276
1.8804 -2.2414 4.5430
3.0036 -2.7350 5.2926
-8.1219 4.3762 13.0370
3.0727 0.4367 11.6524
3.0875 -1.7408 5.9273
-3.0136 1.8841 11.0216
3.3026 -2.7599 5.4156
4.4428 -0.0658 4.8131
4.1356 -2.1388 5.6949
4.4898 -1.9277 6.7118
2.2513 -1.4604 6.0547
6.5569 -2.7602 7.2946
-16.3626 4.3759 8.2770
2.5231 -2.6069 5.0123
6.2931 -2.6764 7.3092
-1.6406 -1.4029 5.2647
3.9756 -0.0622 4.7920
9.7263 0.1049 14.8341
6.8889 -2.6490 7.7078
4.0154 -0.0635 4.7055
5.6524 -2.7783 6.7360
2.1291 -2.9555 4.3482
9.9872 0.1049 14.9848
9.0026 4.0582 22.2935
1.8582 -2.6761 4.7485
-0.7007 -1.9814 4.6549
-2.0391 0.8201 9.4641
4.0540 -2.3867 5.7923
0.3260 -2.7220 3.7721
-1.1122 -2.2488 3.8844
12.5561 2.1506 20.5446
2.2444 -1.8393 5.4160
5.0646 -1.9831 7.0897
8.0124 -0.8125 12.0161
-5.0745 0.5941 7.2608
6.0975 -2.8476 6.8552
-4.0296 -1.3004 4.0892
-0.2323 0.0186 8.9107
2.0126 -0.5066 9.1605
5.7553 -2.2825 6.9247
7.3756 2.3410 17.9320
6.2001 -2.6965 7.2155
4.0384 -1.1686 9.0114
1.7454 -2.3304 4.4725
-6.8253 0.1055 5.2760
4.9236 -2.9605 5.9521
3.1122 -1.9873 5.1859
4.5025 -2.8638 5.9016
2.8994 -1.6343 5.6231
2.6596 -2.9459 4.6738
4.2747 -0.0735 5.2616
1.4077 -2.9458 3.9510
2.0067 -1.7403 5.4689
-0.8128 -2.1957 4.1631
8.2344 -1.5180 10.7386
5.3156 -2.3848 6.4866
1.1408 -2.9506 3.7872
8.6804 5.7084 25.3955
0.3174 -2.8415 3.5290
1.1436 -2.8075 4.0739
6.3666 -2.5061 7.6909
-9.8777 3.2261 9.7312
3.1303 -2.9604 4.9167
6.0523 -1.3397 6.4080
3.3504 -2.1050 5.2459
0.8370 -2.5836 4.3431
-3.1030 -0.9737 5.2754
-3.2052 -1.5173 4.1333
4.1839 -2.9509 5.5442
0.3603 -2.8016 3.6333
-10.8590 2.1505 7.0213
-0.4584 -1.0494 6.6518
0.8172 -2.6623 4.1746
4.1192 -2.7287 5.9494
6.3546 -1.4994 9.6900
1.0593 -1.2370 6.1062
3.4546 -2.9604 5.1039
0.1074 -2.6826 3.7243
0.9626 -2.6960 4.1915
6.3603 -1.9422 8.8110
-3.3357 1.8841 10.8355
4.3742 -0.2209 4.8229
2.2769 -1.5565 5.8825
3.9677 -0.0649 11.1698
-1.3898 -1.0494 6.1141
7.8335 -0.9483 11.6422
4.8452 -2.1277 6.6518
5.0841 -2.3959 6.3504
-3.3114 -0.3693 6.3592
-15.8793 2.9838 5.7822
0.0042 -0.5065 8.0008
8.6887 0.8199 15.6594
2.4769 -1.7717 5.5056
3.8613 -0.1408 5.2270
1.7028 -2.6961 4.6189
4.3999 -0.0450 4.7480
3.3761 -2.0840 5.5321
-6.3762 3.1031 11.5084
5.8968 -2.3856 7.6598
3.0642 -2.4288 5.2048
5.2738 -1.3834 9.2969
5.5602 0.4366 13.0888
8.6414 -0.9220 12.1613
4.0805 -2.0491 5.8669
7.8865 0.7044 14.9660
4.5891 -2.7600 6.1585
4.9176 -2.8419 6.1850
5.1113 -0.3953 8.0464
4.2388 -0.1896 4.6397
7.2822 -2.3485 8.5338
3.9197 -2.2952 5.6389
-1.2874 -1.4421 5.3907
-9.8050 2.3409 8.0093
2.4637 -1.9158 5.3111
2.6051 -1.9024 5.5147
2.0278 -2.7092 4.7804
0.2967 -2.6057 3.9870
2.9159 -2.9361 4.8413
0.4670 -2.1514 4.9905
4.5874 -1.2277 8.3985
-3.0176 -1.6234 4.0300
-0.6262 -1.3629 5.9304
2.1964 -1.4811 5.8971
5.9922 -1.4430 6.5125
4.2282 0.2694 5.1896
4.2347 -2.7159 6.0417
4.6201 -2.7029 6.2901
2.9595 0.3371 11.3887
4.3781 -2.0531 5.8965
-2.4862 -1.6404 4.3030
2.6577 -1.7830 5.6678
3.9233 -1.7102 6.4043
-13.4708 2.9838 7.1732
1.7456 -1.7949 5.3624
-3.3258 -0.2972 6.4947
5.0323 -2.7662 6.4021
8.2419 0.5938 14.9509
-4.1699 -0.3336 5.9347
1.5144 -2.8527 4.1981
12.8988 2.6481 21.7339
5.4610 -2.2108 6.8857
0.5352 -2.7597 3.8178
-3.2563 3.1032 13.3104
-2.2686 -1.6063 4.4967
7.3636 -0.8125 11.6415
0.1789 -2.0815 4.9634
-2.9996 -1.2792 4.7263
5.9319 -2.2389 7.9724
4.4661 -2.1980 5.8559
1.7621 -2.0756 4.7888
5.1286 -1.7416 7.5582
0.9222 -1.6448 5.3893
3.7637 0.1523 4.9644
2.7050 -2.2138 4.8504
7.2160 -1.9150 9.3593
1.5236 -2.0398 4.9779
5.6030 -2.8800 6.5049
6.9078 -2.7844 7.4489
6.0947 -2.8364 6.8758
7.6051 -1.4232 10.5641
5.3542 -2.7723 6.5759
4.6720 -2.0379 6.6265
3.8361 -0.1673 5.0562
2.7855 1.8841 14.3707
5.3932 -2.2863 6.6577
4.3058 -0.1683 5.2916
-0.9588 -2.3093 3.8524
7.9419 1.8000 17.1812
6.5399 -2.7904 7.2247
6.2801 -2.6628 7.3288
12.3779 2.7567 21.6495
3.8652 -2.3221 5.5850
-2.2551 -0.5064 6.6961
-2.9029 -0.2972 6.7389
6.5546 -1.8298 9.1472
4.0812 -2.3111 5.7121
6.8377 -2.8640 7.2499
0.6225 -2.7473 3.8929
1.8988 -2.9458 4.2345
-3.8363 1.2685 9.3197
6.8898 -2.5302 7.9451
1.3941 -1.7825 4.0042
8.8437 2.3410 18.7799
5.6930 -2.1404 8.0306
7.5023 -1.2582 10.8335
5.5231 -2.2593 6.7977
4.5800 -1.4475 7.8322
-12.4747 1.8842 5.5574
5.4426 -2.1966 6.9129
4.7033 -2.9557 5.8344
2.3676 -0.7257 8.9291
1.0641 -2.8689 3.9056
3.4886 2.9841 16.9686
2.3278 -2.1090 4.9254
3.2088 -1.9768 5.4174
1.4740 -2.1473 4.6806
0.0777 -2.3667 4.3366
-6.3295 -0.0645 5.2236
1.2197 -1.8536 5.1194
6.1076 -2.9462 6.6645
4.7530 -2.8419 6.0900
-0.1027 -2.6959 3.5764
5.0214 -2.4955 6.3746
7.8743 -0.0237 13.5081
4.4078 -2.7029 6.1676
-4.5919 1.9705 10.2821
6.4203 -2.7289 7.2780
3.9469 -2.7351 5.8373
5.3693 -2.1689 6.9541
6.6392 -2.8694 7.1245
-8.3147 4.5446 13.2612
4.0414 -1.7135 6.4084
1.6315 -2.9555 4.0609
0.1383 -0.7255 7.6419
6.3894 -1.4231 9.8621
0.2413 0.1953 9.5362
6.5100 -2.4127 7.9599
7.4383 -2.1632 8.9933
-8.0070 2.4402 9.2457
6.7561 -0.3340 12.2441
2.8281 -2.1850 5.1399
6.7828 -2.8586 7.2290
-1.7445 2.8685 13.7160
2.5985 -1.8800 5.6044
9.1052 -0.9484 12.3766
0.3417 -2.5057 4.2122
-1.1866 0.4368 9.1927
0.2323 -2.1514 4.8550
-8.5661 1.5607 7.1702
1.4785 -1.4410 3.8249
-7.4061 0.8799 6.4837
1.2218 -1.8563 5.1339
-10.3843 3.6205 10.2245
1.4955 -2.7899 4.3122
0.7260 -2.6130 4.2204
2.0835 -1.2601 6.3771
4.1474 -1.1463 8.2063
-1.9951 0.1499 8.1541
6.6017 4.5453 21.8774
-1.4647 -2.1737 3.8305
8.1366 -1.6070 10.5048
3.7875 -2.8306 5.5548
2.4718 1.4848 13.3939
2.7461 -2.8417 4.9312
-1.3133 -2.2172 3.8312
11.3113 3.6211 22.7558
-0.1633 -2.4032 4.1246
5.6655 -2.3686 6.6500
4.1629 -2.8746 5.6841
-17.3618 5.0902 9.1233
8.5434 -0.9743 12.0004
0.7814 -2.9209 3.6387
3.0781 -2.7028 5.3999
6.9543 -0.0650 12.8945
0.7040 -2.8360 3.7633
8.8210 -1.1917 11.7276
3.6738 -1.1455 8.8469
4.5651 -2.9411 5.7837
2.5396 -1.3059 6.2069
3.9230 -2.8474 5.5997
3.1454 -1.9303 5.3965
2.7082 -0.4047 9.7653
4.7427 -2.8419 6.0840
-3.9215 -0.9477 4.8545
1.5728 -2.8797 4.1780
7.8647 -1.6070 10.3478
5.5417 4.0581 20.2944
2.0460 -2.1454 4.8358
1.8482 -1.5120 5.9858
7.2961 -1.7229 9.7884
0.7566 -0.8677 7.7157
10.0338 5.0917 24.9484
-0.3958 -2.2995 4.1971
2.7950 -2.9261 4.7913
-9.5016 0.9410 5.3952
3.3044 -2.1169 5.1538
4.1903 -0.0574 4.5510
-4.1343 -0.6033 5.4179
6.9119 -2.6490 7.7211
0.0030 -1.6406 5.7404
3.1253 -1.2565 6.9078
5.8538 -0.2605 11.8694
6.1139 -2.5765 7.4048
1.5101 -2.7285 4.4430
2.8190 -2.9361 4.7853
-6.8372 0.6488 6.3518
1.4365 -2.8636 4.1314
-5.3096 -0.6032 4.7392
-18.5266 6.1638 10.5898
-4.1746 -0.7835 5.0354
4.5347 -2.9362 5.7759
2.2756 -2.0527 5.0074
6.2060 -2.9062 6.8011
2.6974 -0.9740 8.6248
1.2041 1.9705 13.6295
5.7104 -2.9510 6.4255
-10.4658 2.5425 8.0294
2.3529 -2.3131 4.7194
1.2316 -1.7220 5.3942
5.3337 -2.1693 6.9349
4.2756 -0.2414 4.7084
6.4074 -2.9654 6.7993
7.8852 0.7615 15.0791
7.8851 -0.4050 12.7547
0.6552 -0.8402 7.7120
0.7756 -2.9259 3.6254
4.1539 -2.7094 6.0080
-1.4269 -0.9215 6.3475
3.0847 -1.8844 5.7753
5.5514 -2.7601 6.7140
-1.6516 -2.1284 3.8127
3.8588 -2.1543 5.5131
7.8435 -1.8589 9.8336
7.1059 -1.9688 9.1885
-8.8895 2.9839 9.8193
0.6638 3.4849 16.3350
3.9393 -2.8250 5.6538
1.5411 -1.2244 3.7815
2.9872 -1.2857 6.7010
10.2783 0.2887 15.5190
4.2336 -0.0927 4.5636
-8.4068 0.8202 5.7868
6.4077 -2.8906 6.9486
-1.2380 -2.1169 4.0746
-3.5647 -0.9477 5.0605
-3.8533 2.1505 11.0674
1.2846 -2.7157 4.3384
1.8902 -2.4631 4.5496
-4.2000 1.2685 9.1097
3.5663 -2.7901 5.5078
0.8930 0.5940 10.7070
-2.6920 -0.9993 5.4618
12.1147 2.5427 21.0710
-0.6425 -1.4990 5.6498
4.2799 -0.1681 5.2773
5.7827 -2.3000 7.7645
5.1524 -2.7477 6.5083
3.6441 -1.5749 6.5629
0.4870 -2.8247 3.6606
11.2824 2.8687 21.2399
5.8457 -2.0246 6.7674
1.5331 -2.0508 4.9153
1.9018 -2.8361 4.4549
5.0835 -2.3248 6.3245
-0.5244 -2.2591 4.2033
4.3365 -0.2082 4.9074
2.2728 0.5939 11.5038
1.6725 -2.3771 4.3654
-1.2814 -1.6902 4.8998
1.2541 -2.0295 4.8391
-5.0318 -0.6345 4.8373
3.8365 -2.7661 5.7117
3.9096 -2.1773 5.5415
2.0168 0.8200 11.8065
5.2594 -1.3220 9.4110
3.1400 -2.8077 5.2266
-7.7970 0.1956 4.8943
3.5336 -1.6486 6.4578
3.6824 -2.3884 5.5236
4.4073 -0.7257 10.1070
5.8572 -2.7540 6.9029
3.8423 -2.1319 5.6074
4.9104 -2.8957 6.0736
3.2384 -0.4393 10.0026
1.1631 -2.9210 3.8591
2.9547 -2.9361 4.8637
8.9641 -0.0651 14.0551
11.6526 1.5605 18.8471
1.9150 -1.2779 6.2655
-9.0234 6.1645 16.0797
9.0093 -0.6351 12.9453
4.4579 -1.9753 6.6472
6.6593 -2.8195 7.2356
12.8700 3.4852 23.3852
-2.9111 -1.6737 3.9914
0.3187 -0.9994 7.2003
-11.9485 5.2876 12.6429
7.0995 -1.5362 10.0470
5.5090 -2.9213 6.3682
-6.7216 1.8001 8.7125
3.7959 -2.2951 5.5372
3.5094 1.2684 13.5620
-4.4114 5.4934 17.4060
5.7742 -2.8585 6.6467
1.9987 -2.2170 4.6459
2.7150 -2.0176 5.3239
-6.8988 0.8202 6.6577
9.2141 -0.4396 13.4533
-11.8661 1.4849 5.1134
5.7990 -1.2362 9.8935
8.3053 -1.5543 10.7074
-15.2284 3.9065 7.9968
5.6484 -2.6115 6.8260
2.7549 -2.1739 4.8659
2.3516 -2.1610 4.9807
2.4159 -2.0123 5.1806
7.4154 1.1327 15.5473
0.6965 2.0593 13.5133
6.9044 -2.5765 7.8612
-3.3833 -0.1450 6.7648
7.7827 -1.1917 11.1280
5.1742 -2.7477 6.5209
2.8148 1.8000 14.2201
3.1943 -2.6962 5.4800
3.9769 -1.1423 7.9502
5.8646 -2.4303 7.5521
-6.6301 0.3867 5.9490
2.1389 -2.8417 4.5807
8.4299 0.5402 14.9528
4.5153 -2.9362 5.7647
3.2247 -2.9007 5.0900
9.6712 -0.1846 14.2254
13.2638 5.7087 28.0433
6.0112 -2.9606 6.5800
8.2168 0.7615 15.2706
5.8250 -2.3672 7.6550
-0.2862 -0.9479 6.9536
0.3743 0.8201 10.8579
3.5362 -2.7028 5.6643
3.1783 -1.9167 5.6160
-0.2612 -2.4210 4.0326
-3.8775 -0.1841 6.4015
0.3893 -2.5760 4.0995
-11.7891 3.4845 9.1423
4.2756 -2.7600 5.9774
6.8519 -0.9483 11.0754
5.9565 -2.9413 6.5871
0.6635 -2.6554 4.0996
8.9207 1.0032 16.1587
3.6015 1.3388 13.7554
-0.2425 -2.5983 3.6902
11.6095 4.2148 24.1110
6.6659 -0.6038 11.6544
0.6296 -0.5717 8.2321
3.9672 -0.9996 9.3070
0.6834 2.3409 14.0669
-3.3368 3.9069 14.8655
0.8964 0.4367 10.3956
8.2219 -1.6744 10.4197
5.4485 -0.5396 11.0791
-1.7409 -0.6957 6.6160
4.2123 -0.0296 4.6070
-2.6937 0.0616 7.5748
3.1145 -1.4484 6.4322
4.1702 -1.5573 7.2601
3.5090 -1.9836 5.6602
-2.8152 -0.9737 5.4416
5.1715 -2.3362 6.4646
-0.8823 -0.7548 6.9941
9.9476 1.2683 17.2801
6.0399 0.8199 14.1298
6.4559 -0.4395 11.8606
8.0758 -1.8299 10.0256
0.8064 5.7079 20.8470
5.6397 -1.4993 9.2773
5.7121 2.5426 17.3731
6.0537 -2.9264 6.6728
-0.6645 2.1505 12.9091
4.6696 -2.1444 6.3878
4.9509 -1.4549 8.1303
6.5670 -2.9010 7.0198
4.5936 -1.5414 7.6764
3.9417 -2.0958 5.8157
2.2899 -2.0774 4.9673
-8.1918 1.4110 7.0881
1.5006 -1.6341 5.5214
13.9269 3.7618 24.5469
2.1953 -0.9206 6.7522
-0.7838 -1.8439 4.8809
5.2930 -2.2620 6.7083
5.4988 -1.8443 8.5085
1.5859 -2.2838 4.5218
5.0533 -2.4780 6.3813
2.4682 -2.2951 4.7708
4.1233 -2.4267 5.8112
4.5617 3.2264 18.0712
-1.5852 -1.1683 5.7641
5.4250 -1.6743 8.8047
3.0044 -1.6910 5.5349
-10.4210 3.3532 9.6707
5.4887 -2.0559 7.2169
2.7388 -2.0644 5.1421
3.0187 -0.0649 10.6218
7.2617 -2.4038 8.4118
6.3870 -2.8801 6.9576
-5.4884 2.9839 11.7837
3.8917 -2.4764 5.7072
1.0098 0.1953 9.9800
0.0762 -2.1400 4.7875
-1.2119 -1.1218 6.0725
-0.9846 -2.0694 4.3156
1.0470 -0.7549 8.1082
-8.2163 2.1505 8.5475
8.3162 -0.1454 13.5208
-0.1172 -2.2896 4.3778
-3.2019 -0.9214 5.3225
-19.2168 4.2136 6.3051
-1.4162 -2.0324 4.1400
5.6052 2.3409 16.9095
5.7684 -2.6831 6.9928
5.5577 -2.8364 6.5657
4.9412 -1.3632 9.1451
2.7036 -2.7959 4.9979
2.3445 -2.4112 4.7766
-1.0001 1.4109 11.2415
-2.1454 -1.4029 4.9732
3.9113 -0.8123 9.6480
13.0916 3.7618 24.0645
8.1879 2.0593 17.8399
-0.8111 -2.3384 3.8798
5.8839 -1.7976 6.7010
4.9395 0.3371 12.5321
0.0202 -0.6347 7.7546
2.2594 -1.7567 5.5363
7.0003 -2.2284 8.6103
3.1023 -2.3097 5.1437
4.7962 -2.8584 6.0820
3.0523 -2.8134 5.1644
4.1563 -2.8019 5.8250
6.4714 -1.8588 9.0413
3.1468 0.4880 11.7974
3.6873 -1.8159 6.2065
-5.6603 -0.4044 4.9329
-2.1382 -0.7254 6.3273
-0.5762 -0.9479 6.7862
13.8725 3.9075 24.8057
-4.0485 0.6488 7.9623
6.0129 -1.4677 6.4765
2.5954 -2.2468 4.8119
5.9317 -1.6567 6.6178
1.8598 -2.6961 4.7095
3.5027 -1.4574 6.7462
6.7833 -2.0204 8.8994
4.8118 2.9841 17.7329
3.6207 -0.0800 5.2547
-0.5866 -2.2172 4.2508
4.7164 -2.2217 6.2626
4.3333 -1.3353 7.9850
1.3495 -2.3619 4.3881
6.5029 -2.7353 7.3130
5.0759 -2.7539 6.4518
-0.4099 0.7046 10.1749
4.3662 -0.8950 9.7459
1.4867 -2.7958 4.2953
2.1832 -2.5142 4.7505
2.3267 -2.0938 4.9993
-14.9348 2.9838 6.3277
3.1093 1.2684 13.3309
-10.9392 1.1329 4.9474
6.8557 -2.1057 8.7712
3.6312 -0.0693 5.2590
3.9050 -1.4381 6.9538
3.0102 -2.4777 5.2294
4.7534 -2.2503 6.2252
1.0421 -2.9310 3.7693
5.8632 -1.3010 9.8015
1.1491 -2.9310 3.8311
2.7509 -2.0849 5.0179
6.9923 -2.5841 7.8970
7.2766 -2.5143 8.2002
3.7182 -2.7223 5.7306
8.2290 3.4851 20.7046
-9.1838 1.0035 5.7032
2.8727 -2.9604 4.7680
8.0528 0.9407 15.5329
-7.1186 0.2419 5.3784
3.2812 -2.8418 5.2402
-3.4491 -0.9214 5.1798
5.6806 -2.6764 6.9555
7.2202 3.4850 20.1219
-0.5632 -0.8401 7.0084
5.6162 -2.7601 6.7515
-1.4671 -1.5174 5.1368
3.6125 -1.0202 7.7864
7.0074 -1.2363 10.5913
9.0323 0.3862 14.9937
-9.0700 6.4089 16.5398
6.1070 -1.3948 6.4654
-1.7845 -1.8866 4.2178
5.4012 4.5452 21.1840
4.1021 -0.2719 5.1936
1.8826 -2.7027 4.7096
-2.0587 -0.1841 7.4518
4.8454 -2.1397 6.6463
0.0588 -1.1912 6.6680
3.6723 -2.2734 5.4412
0.5707 -1.2992 5.8770
4.2764 -0.7839 9.9154
4.2629 0.8200 13.1036
6.8571 -2.2801 8.4247
7.5423 -1.7387 9.8991
-1.7760 -1.9144 4.1673
-2.3063 -1.7537 4.1813
-7.4641 1.6384 7.9616
-0.1005 -2.5217 3.9249
-2.7339 -1.3215 4.7955
2.2170 -2.7092 4.8896
3.8045 -0.9740 9.2641
-16.0807 4.2137 8.1166
-0.4634 -2.2384 4.2798
8.3381 -1.5896 10.6558
2.5931 -2.0706 5.0782
1.4573 -1.5004 3.8523
3.4556 -2.4982 5.4769
8.7016 -0.2977 13.4401
2.0066 -1.7103 5.6651
4.9663 -2.6964 6.5032
-0.8152 -2.3851 3.7843
4.7242 -1.8949 6.9672
5.2565 -2.4808 6.5050
7.9448 1.4847 16.5547
-4.5632 0.3374 7.0445
2.6829 -2.3616 4.9404
1.8324 1.4109 12.8773
1.5052 -2.1873 4.6534
1.6480 -2.7027 4.5741
4.7105 -2.7095 6.3293
4.4072 -1.7496 7.0915
1.5268 -1.2788 3.8063
0.0996 -0.6958 7.6788
1.1843 -1.9481 4.9583
4.2463 -0.0008 4.6235
6.9906 -2.1743 8.7126
2.4626 -0.2974 9.8373
-3.2366 -1.1682 4.8106
-6.5991 -0.2600 4.6783
1.8998 -1.6072 5.6768
3.4393 -2.9361 5.1435
13.7888 3.1035 23.1553
7.8502 -1.6744 10.2050
-0.5904 -1.6573 5.3643
1.9947 -2.8017 4.5769
-1.7310 -1.0738 5.8682
-4.0116 -0.6653 5.3651
6.0879 -1.6069 9.3218
6.3858 -2.4038 7.9060
1.1107 -0.7256 8.2033
7.0194 3.9073 20.8473
-12.3589 4.7194 11.2738
6.5994 -2.8586 7.1231
-0.2080 -2.3479 4.2091
1.1906 -2.1275 4.6355
6.5623 -2.8959 7.0274
5.5918 -2.6196 6.7837
6.7303 -2.8694 7.1771
7.3057 -2.0578 9.1267
4.3269 -1.9777 6.0214
-0.6224 -2.4122 3.8418
7.7166 -2.0455 9.3885
4.7641 -1.6809 7.4956
4.0926 -2.9262 5.5405
-0.7904 -0.3337 7.8863
3.3363 -2.3771 5.3259
2.9644 -2.7841 5.1721
6.2930 0.3863 13.4119
-3.6178 -1.0244 4.8770
-1.9047 -1.3628 5.1921
-1.5080 0.5405 9.2138
-6.3465 0.4369 6.2129
4.6267 -2.9557 5.7902
-1.1742 -0.5393 7.2548
8.1457 0.5938 14.8953
4.3088 -2.8852 5.7472
-9.4182 2.8684 9.2839
10.3249 3.7617 22.4664
1.7630 -2.8743 4.2984
5.3878 -2.1938 6.9144
3.0990 -1.1183 7.2817
7.7674 -2.0940 9.3212
5.1410 -0.2050 7.9946
0.7071 -1.5849 5.4969
6.1097 -2.9163 6.7252
0.6510 -2.3480 4.7050
7.2131 -2.2285 8.7331
4.6032 -2.9009 5.8860
6.7002 -0.4049 12.0705
-6.9154 -0.0645 4.8852
4.9401 0.2888 12.4363
2.1181 -2.6895 4.8719
3.6456 -1.5924 6.6961
5.8373 -2.7723 6.8548
3.9620 -2.0566 5.9064
6.9076 -2.4732 8.0690
-1.1993 -2.2172 3.8970
4.5612 -2.2489 5.9518
4.4464 -2.9060 5.7851
2.4444 -2.2627 4.7352
9.3576 -0.1455 14.1222
-3.1729 -1.5355 4.1155
-0.2823 0.0615 8.9673
0.1384 0.3865 9.8577
5.2396 -2.7477 6.5586
4.9142 -2.0765 6.8039
3.9415 0.5939 12.4674
-0.4239 -1.9417 4.8938
4.2718 -0.0150 4.6402
0.1370 -2.6893 3.7281
1.1988 1.4109 12.5114
6.8046 -2.2071 8.5398
-1.4384 -1.3216 5.5435
2.7388 -2.3778 4.9825
5.2859 -1.4617 9.1480
2.5213 -0.8123 8.8453
2.0395 -2.1436 4.8671
5.1566 -1.3834 9.2292
6.6118 -1.1222 10.5902
-5.1335 2.5425 11.1091
5.3744 -2.9510 6.2315
-2.3759 1.5606 10.7452
3.7910 -0.8679 9.4678
2.2713 -1.5190 6.1336
10.6163 1.0671 17.2654
0.1290 -2.4643 4.1719
6.5735 -2.6135 7.5966
4.8604 -2.5004 6.2925
0.9340 -2.6274 4.3118
2.8323 -1.0203 7.3754
5.9644 0.4366 13.3223
0.6128 -2.3094 4.7598
4.6645 4.3768 20.4228
7.4666 -0.1454 13.0302
-9.7430 4.5446 12.4362
-1.9970 -1.8438 4.1804
5.7985 -2.0962 6.8497
3.0341 0.8797 12.5129
5.9080 -2.2284 7.9795
0.3332 5.0912 19.3448
5.5051 -2.4338 6.5969
4.3682 -1.7769 6.9492
6.2896 1.8841 16.3945
2.6719 -2.7959 4.9796
4.6007 -1.4794 7.7877
0.5734 -2.6130 4.1322
7.0429 -2.2284 8.6348
3.2841 -2.7841 5.3567
3.1432 -1.8696 5.2606
5.5783 -1.3220 9.5951
3.7240 -1.6597 6.4381
2.5449 -2.9160 4.6670
0.3847 -2.2592 4.7281
-4.2942 1.7182 9.9513
-14.7260 3.1029 6.6857
5.6200 5.2886 22.7915
5.8108 -2.3156 6.9091
3.0313 -2.8134 5.1523
4.2077 -0.2439 5.2479
-10.0177 1.4849 6.1809
2.3134 -2.8955 4.5742
5.5496 -2.6964 6.8399
6.6915 -2.3485 8.1927
0.9935 -1.9344 4.9964
-8.3285 1.1999 6.5886
-0.8698 -1.9007 4.7181
3.0622 -1.2421 6.9534
6.1045 -2.8958 6.7631
-2.3140 -1.4612 4.7597
5.5905 -2.8020 6.6531
9.5103 0.8796 16.2529
-0.7480 -2.1285 4.3345
0.8311 -1.2453 6.1650
1.2637 -2.2478 4.5332
6.2607 -2.5536 7.5352
6.2728 -2.7784 7.0942
6.9135 -2.4127 8.1929
-6.9162 -0.1051 4.8040
