ply
format ascii 1.0
element vertex 10000
property float x
property float y
property float z
end_header
-3.1221 -0.3336 6.5398
5.6669 -1.4617 9.3680
6.2921 -2.5061 7.6479
-2.9569 -0.4045 6.4939
-1.4578 -2.0571 4.0667
4.4520 -2.5134 6.0582
-2.9332 -1.3215 4.6804
-2.3923 3.1032 13.8094
-0.2327 -2.0449 4.7986
-6.8795 5.0908 15.1784
6.9928 -2.7290 7.6086
2.1176 -2.2877 4.8045
1.1582 -2.6827 4.3310
-1.8987 -0.6346 6.6466
5.9768 -2.7723 6.9353
-2.5694 -0.4730 6.5812
3.1710 -0.4103 4.6160
3.6264 2.7566 16.5949
-8.5104 2.3409 8.7570
4.6723 -2.2234 6.2420
6.8832 -2.6207 7.7610
1.2829 -1.9280 4.9940
1.4158 -2.4040 4.3113
1.9748 -2.2069 4.7467
4.1319 -2.9605 5.4950
5.0910 2.6480 17.2244
6.3559 -2.3484 7.9990
0.8488 -2.6760 4.1657
3.4026 -1.6994 6.4030
1.1600 -2.9506 3.7983
0.1466 -2.4558 4.1990
-0.6721 -2.2172 4.2015
1.5754 -2.3856 4.4814
4.6814 -1.8737 6.9864
11.1801 1.1326 17.7215
1.7903 -1.5628 6.0887
3.0474 -0.1269 5.1700
2.7677 2.8686 16.3221
6.4681 -2.9113 6.9422
4.5717 -2.3870 6.0337
5.2817 -1.6906 8.6894
5.1675 -2.9112 6.1913
0.5165 -2.3852 4.5533
5.9679 -2.1174 8.2353
3.1986 -0.2237 4.8916
1.8880 -0.5395 9.0231
5.2065 -2.5684 6.5323
1.2725 -1.3738 5.9382
1.0201 0.2889 10.1726
13.0871 3.3538 23.2487
4.4804 -2.4570 6.0307
5.4222 -2.9163 6.3282
-22.8306 5.2869 6.3568
10.0183 0.7043 16.1971
5.9403 -1.7689 6.6190
5.4204 -2.4318 6.5435
2.2103 -1.8248 5.7057
5.0381 -2.0236 7.0001
4.6451 2.5426 16.7569
2.0032 -2.6221 4.7176
2.5680 -1.9596 5.4931
6.0625 -2.1057 8.3132
2.2611 -2.1941 5.1107
2.7857 0.0145 4.6562
2.9737 -2.6896 5.3659
5.8286 -1.2797 9.8240
6.6002 -2.6628 7.5136
7.7836 0.1050 13.7123
2.5616 -2.4565 4.9220
-1.3321 -1.1911 5.8649
13.3050 2.6481 21.9685
-1.9818 -2.0448 3.7887
6.0086 -2.8420 6.8149
-0.5036 2.0593 12.8202
3.1515 -2.9059 5.0375
-1.1214 -0.6347 7.0954
-5.7436 -0.0646 5.5619
14.9383 6.4108 30.4093
7.2114 0.0613 13.2947
2.0830 -0.7256 8.7648
-0.6345 -2.2488 4.1602
4.7718 -2.9009 5.9833
-9.5180 0.7619 5.0288
6.8332 -2.3857 8.2004
1.3282 -2.4211 4.2132
-11.5086 1.8842 6.1154
6.5848 -2.7416 7.3478
-0.2241 -2.5531 3.7909
2.0048 -2.9261 4.3351
1.8299 -2.7349 4.6150
1.2227 -1.4502 5.7216
-6.7839 0.3867 5.8602
3.1247 -1.4903 6.5189
2.0088 -1.8143 5.7046
3.2654 -0.5210 4.1691
3.7206 -2.0645 5.8815
2.8181 -1.8124 6.1616
6.1001 -0.6960 11.1438
1.5442 -1.1219 7.6640
5.6253 -2.7352 6.8063
-0.3346 -2.4472 3.9382
6.3609 -0.6350 11.4160
8.8909 0.2887 14.7178
6.7798 -1.9819 8.9741
2.9193 -1.1198 7.2449
1.5229 -1.4030 6.2179
2.7979 -2.1908 5.3689
3.0629 -0.0511 5.0671
2.9269 -1.6228 6.2630
-8.8504 0.9410 5.7713
3.1754 -0.6212 4.1852
4.1020 -1.8495 6.3990
6.4676 -2.8906 6.9831
-8.2393 0.8202 5.8836
-0.0269 -2.4975 4.0156
-2.2996 5.2881 18.2167
1.8073 -2.7285 4.6146
5.0566 -1.4993 8.9406
-4.4563 -0.5715 5.2952
2.1942 -1.6003 6.3310
2.2208 -2.7660 4.7788
-12.1466 1.6384 5.2573
1.1547 -1.8040 5.1558
7.0696 -0.8405 11.4159
-1.9147 -0.2225 7.4585
3.1371 -0.5418 4.1492
4.0979 -2.3647 5.7359
0.2238 0.2417 9.6185
4.8644 -0.8951 10.0335
-1.8986 -0.2973 7.3189
4.1169 -2.2529 5.8318
3.9228 -1.1628 7.9249
0.3015 0.5405 10.2587
2.5841 1.8841 14.2544
0.8275 -2.7284 4.0489
2.1963 -2.0836 5.2606
3.6836 -2.1267 5.8043
3.2918 -1.5104 6.8042
-3.4102 -0.3336 6.3734
-16.8837 4.5442 8.3115
1.9354 2.3409 14.7900
6.4968 -2.2800 8.2166
4.0347 -2.8956 5.5681
2.8550 0.4157 4.6782
2.4703 6.9341 24.2512
6.3512 -0.3698 11.9390
5.1859 -2.0586 6.9991
3.5660 0.1497 11.3656
3.7863 -1.3217 7.4510
2.5615 -2.3518 4.9661
1.0210 -1.6535 5.3835
-1.6943 -1.4226 5.1944
0.1700 -2.7719 3.5827
5.8322 -1.9421 8.5061
1.0846 -2.7958 4.0632
3.3836 0.4366 11.8319
3.8157 -2.1075 6.0361
-8.6188 1.3389 6.6979
4.4031 -2.1397 6.2607
3.9345 -2.5035 5.7652
3.6860 -1.9162 6.3277
5.4903 -2.1589 6.9490
1.8687 -2.9310 4.2465
5.7908 0.1497 12.6503
-0.3378 -2.2896 4.2504
7.0266 1.5606 16.1754
5.8299 -2.9606 6.4753
3.1267 -0.4733 9.8704
5.0000 -2.9112 6.0946
2.0524 -2.9603 4.2943
2.8798 -2.8417 5.0085
-0.2482 -2.3479 4.1858
-1.3386 -2.2383 3.7745
2.1327 -2.7900 4.6801
-1.5944 -1.6235 4.8518
5.1440 -0.5200 8.1023
6.6408 -2.9607 6.9435
2.3471 1.9705 14.2897
0.5758 -0.4462 5.4623
7.8981 2.0593 17.6725
5.1992 5.9318 23.8302
-0.2942 0.5940 10.0214
1.6182 -1.7712 5.3305
-3.7363 3.1032 13.0331
3.0799 -2.9508 4.9068
5.9709 1.1997 14.8467
4.2833 -1.5633 7.3760
-0.7990 0.8201 10.1804
1.5091 -1.0247 7.8374
2.4328 -2.8955 4.6431
6.6563 -2.4563 7.9575
0.7730 -2.7597 3.9551
0.7470 -2.8247 3.8106
-1.4344 6.9337 21.9954
4.1872 -2.1793 5.9805
1.3442 -0.0648 9.6549
11.2848 1.8841 19.2794
2.3833 -0.2974 9.7915
6.7297 0.8796 14.6472
6.7962 -2.3197 8.3105
6.2103 -2.4562 7.7001
7.8922 2.4403 18.4284
-1.9250 -0.2973 7.3036
5.2971 -2.2266 6.7595
5.2749 -2.9163 6.2432
1.2193 -2.3156 4.2592
1.2323 -2.7474 4.2449
4.4116 -2.3707 5.9602
-19.1398 6.6640 11.2323
8.1342 -1.6579 10.4020
4.4157 -1.7549 7.0327
0.9551 -2.9457 3.6896
5.1644 -1.9169 7.3958
6.6140 -2.2901 8.2643
-1.6695 -0.4046 7.2374
-1.7578 4.7199 17.3974
5.4955 -1.4617 9.2690
6.8424 -1.5895 9.7921
6.1418 -2.4647 7.6436
5.4801 -2.3978 6.5551
6.6511 -2.5223 7.8231
9.2831 -0.0238 14.3217
0.0435 -2.0449 4.9581
3.2945 -1.6718 6.2668
2.9834 -0.1291 4.6889
2.7161 -2.1394 5.2861
2.7875 -2.4807 5.0797
-1.4129 -0.6347 6.9271
6.6675 -2.6765 7.5253
-0.9649 -1.7064 5.0503
5.2015 -0.2847 7.9784
-4.2599 -0.1450 6.2586
3.0484 -0.6601 4.1268
4.9053 -2.2995 6.2491
2.7035 -2.6895 5.2099
5.2058 -2.8419 6.3514
2.9107 0.5290 4.6223
5.5628 -2.8800 6.4817
-2.5759 -0.1052 7.3103
5.4433 -2.3051 6.7367
0.7423 -2.9209 3.6161
1.1690 -1.2551 6.1361
3.4238 -1.8596 5.9882
3.0492 -1.5458 6.5157
2.0379 -2.7537 4.6977
10.9537 3.3537 22.0165
7.6972 -0.6351 12.1876
2.2154 -1.6089 5.9955
2.9903 -1.9879 5.9121
3.4675 -1.7740 6.4130
1.9486 0.9408 12.0078
1.4147 -2.8017 4.2421
6.0448 3.7616 19.9942
-13.2699 6.1642 13.6265
2.6522 -0.7257 9.0935
-12.0234 3.2260 8.4919
9.4937 0.5938 15.6738
8.2287 -1.5896 10.5926
2.4946 -1.8691 5.6307
7.0072 -1.3011 10.4621
2.9820 -0.3936 3.9762
-18.4709 5.9302 10.1565
5.7805 -2.9264 6.5150
-1.0459 -2.0449 4.3291
-0.3816 -2.2488 4.3063
7.6582 2.7567 18.9235
1.2380 -2.7840 4.1753
5.4973 -2.7601 6.6828
-0.1733 -0.2603 8.3889
4.4856 -1.8127 6.9551
3.9399 -2.1844 5.9682
3.6138 -1.8771 6.3862
6.0795 -2.9314 6.6777
0.7126 -2.5760 4.2862
2.5535 -2.8018 4.8996
-1.9712 -1.4612 4.9576
2.3146 -2.1744 5.1652
5.6306 -0.1453 11.9700
6.0074 -2.1962 8.1011
0.3170 -1.2214 5.7846
-2.6304 -1.1683 5.1606
3.5775 -2.1075 5.6422
5.0548 -2.7351 6.4770
5.4093 -2.7662 6.6198
2.8297 0.3018 4.6726
-4.9579 -0.5392 5.0699
2.8482 -2.1774 5.6643
3.7449 -1.4885 6.8595
3.0272 -0.4422 4.0275
2.1720 -1.1671 7.0611
8.6088 -1.3222 11.3450
9.4950 -0.4396 13.6155
6.6508 -1.7543 9.3532
6.2036 -1.8298 8.9446
3.1690 5.4938 21.7849
1.0398 -2.7536 4.1214
-0.1860 0.2890 9.4761
6.8849 -2.5841 7.8350
-2.4834 -1.0245 5.5320
3.7620 -2.0787 5.9535
0.5972 -2.8074 3.7585
3.5685 -2.0276 5.9518
4.6204 -1.8766 7.0398
5.4985 -1.0497 10.0916
2.3232 0.3864 11.1193
5.8715 -2.8853 6.6494
3.6260 0.8200 12.7357
-2.1009 -0.9214 5.9582
2.5504 -2.5516 4.9901
6.8084 -2.6135 7.7322
12.2131 2.8687 21.7775
0.1948 -0.3695 8.3839
6.6535 -2.8252 7.2209
2.6454 -2.8361 4.8842
5.5456 -1.8587 8.5068
9.2281 0.1950 14.7259
-4.1424 -0.9992 4.6243
3.4918 -2.1318 5.5129
6.5511 -0.9219 10.9542
-0.7606 -1.7692 5.0430
6.7367 -2.5765 7.7644
-6.4251 0.0618 5.4200
0.6676 -1.5290 5.4649
-5.4933 -0.6955 4.4493
3.1324 -0.5260 4.1437
8.1688 -1.6744 10.3890
2.9992 -0.5130 3.9466
-12.1820 1.9705 5.8985
2.4959 3.7615 17.9443
-2.8120 -0.6033 6.1814
-3.6617 -1.2357 4.4307
-4.4581 -0.3335 5.7683
0.0397 -2.4893 4.0705
0.3616 2.2444 13.6887
5.2198 2.4403 16.8849
6.8565 -2.5765 7.8336
6.2722 -2.8854 6.8808
1.5846 0.3864 10.6929
3.0823 -0.5347 4.9044
-0.3421 -1.3217 6.1765
-15.2588 6.6643 13.4744
2.7358 -2.8417 4.9253
3.3121 -0.5040 4.3507
3.7965 -1.3106 7.2793
3.3148 -2.7721 5.3984
4.4829 -2.9263 5.7658
-5.6527 6.1648 18.0269
0.1305 -2.5056 4.0903
-1.5411 -2.0933 3.9465
7.4135 -1.0985 11.1005
4.6283 -2.3113 6.0282
4.9216 -2.3189 6.4722
1.7927 -1.3131 6.4783
6.1658 -2.5302 7.5271
7.6272 -0.8952 11.6289
4.9513 -0.6037 10.6644
5.9317 -1.6680 6.6178
12.3042 2.1506 20.3991
5.8618 -1.9948 8.4182
0.0553 -2.5297 3.9990
1.2565 -2.2003 4.2767
-8.8566 0.3375 4.5651
1.2812 -1.4985 5.6995
3.1111 -0.3563 4.8759
9.4578 -0.5398 13.3943
10.5772 2.2444 19.5887
1.4512 -2.2359 4.7295
3.3934 -2.7413 5.5051
1.3129 0.8200 11.3999
-12.1561 3.3531 8.6685
-5.2348 -0.1840 5.6177
-17.1801 5.0902 9.2283
4.8282 -2.5003 6.2737
0.8024 -1.4862 5.8713
-1.2084 -0.8121 6.6916
1.9341 -2.2717 4.4942
0.2648 -2.0325 5.1106
1.3362 -2.8416 4.1172
-12.2228 1.9705 5.8750
7.4875 -2.2494 8.8498
7.1932 -1.3221 10.5276
5.2313 -2.4081 6.4356
2.6393 -2.7412 5.0698
4.7136 -1.4961 7.8348
1.6360 -1.6902 5.7537
5.2436 -2.8639 6.3295
4.1054 -2.8799 5.6403
-0.2313 -1.0980 6.6862
2.4270 -2.8018 4.8265
1.1049 -2.7536 4.1590
0.9113 -1.8838 4.9344
-1.6049 2.8685 13.7966
2.5102 -2.3629 4.9333
6.3388 -0.9482 10.7791
6.3564 -1.5361 9.6179
-9.0226 1.1329 6.0542
4.5024 -2.8957 5.8381
0.5530 -2.8742 3.5998
12.4281 2.3410 20.8501
4.7098 -2.8307 6.0874
0.1775 -2.4893 4.1500
-3.5962 -1.3627 4.2154
-3.3526 -0.7547 5.5676
-13.1683 2.2443 5.8745
10.8055 0.7043 16.6517
6.4537 -2.9264 6.9037
4.6523 -2.6963 6.3219
2.2546 -1.1676 7.1256
-7.9188 6.6649 17.7147
0.5025 -2.9057 3.5081
-1.5951 -1.9943 4.1126
3.3007 -2.9508 5.0343
3.3101 -0.4020 4.4153
-4.0640 -0.4045 5.8546
5.7097 -2.0329 8.2545
3.1946 -2.7901 5.2932
3.9877 -2.1687 5.9482
3.0738 4.2144 19.1806
5.0580 -1.7680 7.5759
3.0166 -0.5123 3.9595
4.3916 0.1051 11.7535
-1.1440 -1.6236 5.1119
6.3051 -2.4477 7.7718
6.3486 -0.2976 12.0813
3.0943 -0.4606 4.8926
3.0097 -0.1125 4.7585
0.9033 -2.6345 4.2799
-0.7293 -1.9551 4.6908
7.3789 -2.0455 9.1935
3.8871 -0.1844 10.8853
7.7282 -0.3698 12.7341
5.4324 -2.2141 6.9195
-0.4413 -0.6347 7.4881
7.6835 -2.1406 9.1799
6.0264 -0.9482 10.5988
-15.6588 5.2873 10.4996
1.2893 -2.7536 4.2655
2.2729 2.1505 14.6055
1.4609 -1.4293 3.8069
2.8781 -1.3931 6.6397
3.4336 -1.5140 6.9193
4.8962 -1.9745 7.0187
-3.4189 2.8685 12.7489
4.1762 -0.4048 10.6130
4.4605 -2.7288 6.1465
-9.9771 2.5425 8.3117
1.7704 -2.6051 4.5740
7.5223 -2.2801 8.8088
5.6182 -2.1529 7.0906
3.4798 -2.1440 5.6592
2.1486 -2.8472 4.5753
-0.6115 -2.4892 3.6944
5.0992 -1.8173 7.5042
2.7929 0.4367 11.4908
6.1586 -2.7415 7.1017
-0.8783 -2.0694 4.3770
-1.5518 -2.1737 3.7802
3.4207 -1.4321 7.2023
-1.2329 -1.4030 5.5001
5.6941 -2.9654 6.3875
5.5762 -1.9421 8.3583
4.7444 0.0185 11.7846
7.6471 -0.8681 11.6945
0.9832 -1.7132 5.3022
7.4924 1.0672 15.4613
13.0653 2.7567 22.0465
2.2187 1.8000 13.8758
2.2727 -2.8417 4.6579
6.4368 -2.5613 7.6215
1.5279 -2.4767 4.3717
5.3038 -2.7539 6.5834
1.9489 -2.3967 4.5429
-3.4586 -1.3627 4.2949
6.5645 3.4850 19.7432
-1.8989 -1.7381 4.4477
1.4648 -1.5304 5.9381
6.6678 -2.1174 8.6394
2.0126 -0.5066 9.1605
12.3945 5.4944 27.1142
6.7404 -2.2699 8.3775
2.8290 0.4085 4.6483
3.2526 -2.0490 5.6501
5.1793 -1.6409 8.7292
-4.3703 -0.9213 4.6478
1.2660 -2.9108 3.9387
1.8768 -2.9109 4.2913
5.6632 -2.8308 6.6378
5.0191 -1.4806 8.9562
7.1354 -2.5841 7.9797
-0.1312 -0.1842 8.5648
1.0305 -1.7518 5.4669
2.1476 0.7045 11.6518
5.1198 -2.8905 6.2049
3.2587 5.7081 22.2636
-9.8079 1.0035 5.3428
-2.7374 -0.1841 7.0599
5.4755 -2.8693 6.4526
2.2658 -2.7537 4.8293
3.0080 -1.2658 7.0207
1.2875 -2.2737 4.4667
-2.4851 -1.3830 4.8168
11.1228 4.9025 25.2003
6.6396 -2.6697 7.5228
1.7424 -1.8427 5.5295
0.2323 -2.6485 3.8645
-0.4844 -2.2065 4.3312
8.0124 -0.8125 12.0161
-1.6769 2.6479 13.3155
3.1359 -1.8637 5.9068
-2.0633 -1.3006 5.2245
3.3818 -1.8544 6.0058
-3.7122 -0.8399 5.1900
8.3053 -1.5543 10.7074
-3.0173 -1.6737 3.9300
6.7607 -1.4807 9.9618
5.1066 -1.6848 7.8389
1.7039 -2.7027 4.6064
-4.5438 -0.4729 5.4410
5.2232 -2.3377 6.4675
11.9058 2.6481 21.1604
-1.1691 -1.4989 5.3457
2.7686 -2.0846 5.8103
-2.4057 -0.5064 6.6092
-3.1123 3.1032 13.3936
8.2361 -0.1056 13.5539
3.7959 -2.0704 6.0869
7.1201 -1.7698 9.5934
2.3433 -2.6895 5.0019
3.7229 1.6383 14.4224
-0.5747 -1.9814 4.7276
2.2778 -2.6761 4.9908
7.1785 -2.3579 8.4551
4.6002 -0.7551 10.1599
2.3264 -2.8305 4.7112
2.8508 -2.9311 4.8136
1.3533 -2.0191 4.9134
-6.0282 -0.5391 4.4519
7.4209 -1.2582 10.7865
0.0498 -2.7220 3.6126
6.1681 -2.8906 6.8102
3.0370 0.5498 4.4682
6.8218 -2.6697 7.6279
-1.9216 -1.9144 4.0833
3.5745 -2.3916 5.4691
5.7276 -1.2797 9.7656
4.5025 -1.9069 6.8250
4.9090 -0.8679 10.1134
-1.3832 2.2444 12.6810
4.6901 -2.8363 6.0648
1.9247 0.2889 10.6949
9.5080 -0.3341 13.8332
10.5908 0.9407 16.9987
1.8148 -0.5718 8.9165
1.6408 -2.8690 4.2386
2.8747 -2.2055 5.6315
6.0742 -1.3720 6.4313
-1.3225 -2.1513 3.9572
3.8403 -1.9970 6.2053
2.4530 -2.0428 5.4703
2.7591 -2.8134 4.9952
-0.8415 -1.3424 5.8469
3.0704 -0.7161 4.1558
6.2600 -2.8364 6.9712
3.3944 -0.4317 4.2190
0.0922 -2.3384 4.4013
-0.2760 -2.2694 4.3263
0.0982 -1.9551 5.1686
3.0471 -2.8691 5.0506
-5.5248 0.8202 7.4512
-7.0539 -0.1449 4.6452
2.8715 5.7080 22.0399
6.3997 -2.2800 8.1606
2.4793 -2.9058 4.6494
0.2031 -2.0934 4.9536
-0.2024 -1.6065 5.6898
3.4098 -1.6347 6.7500
-1.0839 -1.8145 4.7661
6.7833 -2.0204 8.8994
4.4854 -2.8419 5.9354
0.1736 -1.8584 5.4049
2.9279 -2.2648 5.5440
-0.3190 -2.2279 4.3841
0.6601 -2.7535 3.9022
9.1240 6.9346 28.0952
4.7116 -2.7159 6.3170
2.9713 0.0151 4.7651
3.9515 2.1505 15.5750
3.2394 -0.6568 4.2592
4.4110 -2.1068 6.2876
4.9089 -2.6695 6.5235
2.9320 -2.8583 5.0057
-18.5048 6.6640 11.5992
1.8699 -2.9458 4.2178
3.0574 -1.7421 6.1752
0.0245 -2.6893 3.6631
7.4619 2.3410 17.9818
1.2596 -2.0541 4.7696
7.0656 -2.4038 8.2985
3.3382 -0.3943 4.3603
-1.6537 -1.8866 4.2933
2.9198 -2.4458 5.1324
3.1540 -1.6779 6.3266
1.2708 -2.1763 4.2519
-1.5380 -1.3216 5.4860
-5.2885 -0.6652 4.6278
5.7461 -2.8079 6.7313
2.2732 -2.3473 4.7581
-3.2466 -0.5715 5.9938
4.9322 -2.6830 6.5100
2.2930 -2.7841 4.7845
7.8456 -1.5896 10.3714
5.7083 -2.8693 6.5870
-15.2165 3.4845 7.1627
4.5090 -2.3869 5.9974
5.8224 -1.7068 8.9693
4.3080 -2.9060 5.7052
4.5947 -2.6897 6.3018
6.6278 -2.2901 8.2723
-0.5157 -0.2226 8.2663
2.4295 -1.2387 6.9346
5.8579 0.9408 14.2654
3.1752 -0.1054 10.6314
3.9830 -1.3725 7.4834
6.7951 -1.6907 9.5632
3.2997 -1.6267 6.5061
4.5986 -2.9213 5.8427
-0.2140 -2.4975 3.9076
1.4603 -2.9310 4.0107
1.8180 -2.8248 4.4290
-3.6403 3.1032 13.0886
2.9432 -0.1460 4.7896
4.1152 -1.8489 6.4036
-9.7105 2.5425 8.4657
-0.7282 -1.1684 6.2590
5.6283 1.7181 15.6817
2.0554 -0.9740 8.2540
3.6938 -1.5148 7.2494
4.6205 -2.8474 6.0024
4.5469 -2.7224 6.2091
6.7247 -1.6907 9.5226
4.9676 -2.5312 6.3679
1.0147 -2.7285 4.1570
7.8925 -1.3634 10.8493
3.4711 -0.9997 7.7016
2.1209 -0.9995 8.2409
-0.4747 -1.2793 6.1843
1.1988 1.4109 12.5114
3.5733 -2.1990 5.4712
-1.5930 -0.8676 6.3589
4.4575 -2.2887 5.9633
9.1848 5.0917 24.4580
3.0143 -0.4446 4.0419
7.0302 -2.4391 8.2078
-0.6763 -2.3384 3.9576
2.1416 -2.0904 5.2029
-4.2468 -1.0737 4.4156
-1.1423 -1.2577 5.8419
1.5715 -2.2731 4.4500
-6.8832 0.1055 5.2425
1.0711 -1.1036 6.3923
-0.0359 -2.4642 4.0767
4.8003 -2.9653 5.8714
6.4944 -0.6038 11.5554
0.4792 -2.5835 4.1365
7.9492 -1.2142 11.1793
0.0321 -1.7064 5.6260
3.2346 -0.3389 4.5127
6.6751 -0.0650 12.7333
5.1566 -1.3834 9.2292
-1.7624 -1.3006 5.3983
-0.3092 1.2685 11.3567
5.0628 -1.5610 7.9603
3.1850 -2.3357 5.2859
-19.3332 4.3757 6.5611
4.0341 -1.8028 6.4875
1.4891 -0.3338 9.2026
0.0021 -2.5375 3.9526
2.4726 -1.6953 6.1561
0.5269 -1.3755 5.8004
6.0033 -1.5895 9.3076
6.1285 -2.7540 7.0595
-3.1498 -1.2357 4.7263
6.4971 -2.5613 7.6564
3.1870 -0.5701 4.4399
9.5799 1.0032 16.5394
-5.4584 -0.7835 4.2941
2.0550 -2.8850 4.4459
7.7530 1.5606 16.5949
3.9480 -2.7722 5.7640
2.4529 -0.3582 5.7849
-4.9045 0.5406 7.2523
5.2692 -2.6964 6.6780
0.8841 -2.6960 4.1462
7.2286 -1.3835 10.4256
4.7073 -2.6897 6.3668
6.1958 -2.7962 7.0142
-5.4135 -0.2971 5.2891
13.0282 6.1661 28.8187
6.9899 0.7615 14.5621
-3.6232 -1.0737 4.7756
2.5489 -1.1765 6.9311
0.5281 -0.9216 7.4763
4.4243 -1.5209 7.5556
3.3340 -1.6019 6.5884
7.5631 -2.0455 9.2999
-1.5155 1.3388 10.8002
6.0818 -2.8853 6.7709
3.3970 -2.0118 5.6967
-3.2897 0.1054 7.3177
5.7553 -2.3081 6.9247
3.1556 -0.5663 4.4984
6.3839 -2.7602 7.1947
-0.6123 -2.0199 4.6292
0.0274 -2.1170 4.8052
4.8820 -1.4089 8.2315
-0.4736 -1.1453 6.4521
3.2893 -0.6656 9.5810
6.9816 -2.2494 8.5577
4.3683 -2.4958 5.9982
1.1828 -2.8017 4.1082
1.4431 1.1998 12.2319
5.4404 -2.7288 6.7122
0.0968 -2.4299 4.2219
5.3810 -2.7962 6.5438
4.8094 -2.2378 6.6315
0.7204 -1.0740 7.2838
0.8386 -1.5477 5.5672
3.5330 -2.0503 5.7248
5.1095 -1.5590 7.9696
4.9227 -2.9412 5.9901
3.0899 -0.4646 4.1028
7.7203 0.1951 13.8551
3.1174 -0.6609 4.1614
2.1007 -2.5305 4.7114
4.9804 -2.9263 6.0531
3.4334 -2.9110 5.1901
3.5464 -2.7413 5.5935
5.7863 -2.2986 6.8836
2.8965 -0.6959 9.2939
4.2684 -1.9996 6.4077
-3.2312 -1.1451 4.8598
-2.1258 -1.6901 4.4122
-6.2609 0.3866 6.1622
1.5657 -2.8902 4.1529
5.7484 -2.3873 6.7425
2.4538 -2.4270 4.8483
7.8039 -0.8125 11.8957
2.5890 -2.4221 4.9148
-5.1430 -0.2224 5.5943
0.5319 -2.2279 4.8755
0.9626 -1.1610 6.1586
-0.7479 -1.9814 4.6276
3.0584 -2.7350 5.3243
-15.4557 4.5443 9.1364
2.3035 -2.8417 4.6757
6.8516 -2.6628 7.6588
3.2469 -2.8192 5.2654
2.9275 1.2684 13.2259
3.1850 -0.3473 4.6411
5.7565 -2.8308 6.6917
3.0496 -2.7841 5.2213
3.7705 -2.1227 5.8009
-0.4178 4.7200 18.1714
5.0975 -2.9263 6.1207
7.9033 -1.0499 11.4802
4.8714 -2.9060 6.0306
7.7557 -0.7841 11.9245
0.3742 -2.3192 4.6026
2.4940 -2.8582 4.7528
4.3333 -2.7961 5.9389
-6.1348 5.2879 16.0012
7.2793 -1.1688 10.8828
2.1744 -2.2792 4.8490
2.1828 -2.0293 5.4324
-0.0652 -2.4727 4.0430
-3.8857 -0.4730 5.8211
0.8413 -2.7958 3.9227
2.6797 -2.3455 5.0187
-2.4537 -1.8292 3.9458
-0.1209 -2.4557 4.0445
5.0262 -1.9510 7.1218
7.2910 -2.4128 8.4108
4.2633 -1.1455 9.1873
2.9768 -2.9007 4.9469
-15.8717 3.4844 6.7842
1.5652 -2.6038 4.4527
-6.3943 6.1647 17.5985
1.4127 -1.9520 5.0410
2.2377 -1.5129 6.3914
3.5565 -2.7661 5.5500
2.5209 3.3535 17.1458
7.0625 2.7567 18.5795
-2.8908 -0.7836 5.7768
10.1161 3.7617 22.3458
-0.4588 2.6480 14.0190
6.2005 -0.6037 11.3857
-2.6645 2.4403 12.3313
6.6170 -2.4732 7.9012
6.1305 -2.9413 6.6875
1.9071 -2.0952 5.0846
3.9411 -2.7782 5.7480
1.3091 -1.9763 4.8943
-15.1295 4.3759 8.9893
7.1641 -2.0454 9.0695
-0.7587 -2.2279 4.1303
0.1509 -2.7025 3.7097
2.4669 -1.7959 5.9576
2.9879 -0.3535 4.0636
-1.1328 -0.9738 6.4131
1.9785 -1.3168 6.6477
5.7417 -0.8124 10.7049
5.3040 -2.6898 6.7113
1.8317 -2.4704 4.5327
0.0667 -0.2603 8.5275
10.5494 3.4851 22.0449
3.3513 -1.7707 6.3278
2.7425 -2.4438 5.0255
0.8789 -1.3007 6.0822
8.7480 -0.4735 13.1164
-0.6790 -0.5717 7.4765
5.9840 -2.2800 7.9205
6.5518 -1.5179 9.7671
5.3074 2.4403 16.9355
7.2430 -1.2798 10.6407
-6.1224 1.0674 7.5986
2.9615 -2.4368 5.1928
-1.1106 -1.5537 5.2704
3.6808 -1.8236 6.4664
3.9807 -1.5537 7.1200
-2.7536 6.1650 19.7017
0.0463 -1.0981 6.8464
-0.9675 -1.9145 4.6341
3.4108 -2.8583 5.2821
2.8823 -2.9604 4.7735
3.8302 -2.1344 5.9988
1.3971 -2.0612 4.8220
5.5768 -2.0076 8.2281
5.9599 -1.6538 6.5687
-15.3986 4.5443 9.1693
6.8893 -2.5915 7.8227
2.7343 -2.6693 5.2679
3.5384 -2.1578 5.5070
7.1571 -2.4038 8.3514
2.3825 -1.9413 5.6200
2.0193 -2.0609 5.1799
0.0909 -0.3695 8.3239
6.6273 -0.2606 12.3160
0.6790 -0.5717 8.2606
4.2358 -1.7025 7.0039
3.8393 -2.2182 5.6440
5.6843 -2.2563 6.9182
5.9795 -1.7689 6.6416
4.3988 -2.6763 6.2155
3.3045 -1.6850 6.4590
-10.0715 3.1030 9.3741
-1.5859 -2.0324 4.0420
2.9614 -2.5316 5.2108
5.6054 -2.7601 6.7452
3.7439 -1.9667 6.2600
-15.4503 3.7609 7.5785
3.6158 -1.1361 7.5030
3.3777 -1.4544 7.0105
11.9229 6.6665 29.1774
5.7536 -2.9412 6.4699
4.4548 -1.9222 6.6677
1.0278 -1.6670 5.3619
4.7595 -2.7414 6.2939
-13.5395 2.6478 6.4641
1.1323 -2.1196 4.5751
7.5973 2.2444 17.8676
1.9345 -2.5149 4.6085
2.1500 -1.4799 6.1932
4.0089 3.3535 18.0052
-3.5048 3.7613 14.4783
5.1517 -2.0211 7.0558
2.9947 -0.4935 4.7718
-0.8410 3.9070 16.3071
4.7318 -1.8149 7.2793
-8.0599 0.7619 5.8709
-5.5781 5.2879 16.3228
6.2506 -2.7352 7.1674
7.0069 -1.4232 10.2187
0.7005 0.5940 10.5958
-4.6783 5.7075 17.6786
-0.2940 -2.2384 4.3776
3.3615 -0.6656 9.6228
-9.7939 1.4110 6.1629
4.6473 -2.3175 6.0546
-3.8641 0.2891 7.3520
0.4731 -2.5760 4.1479
-15.8122 3.9065 7.6596
3.3926 -2.3529 5.3291
1.5699 -2.7899 4.3551
3.4025 -1.4655 7.1461
-0.1704 -1.4227 6.0744
-1.6764 -2.0933 3.8684
0.0473 -2.5217 4.0102
6.1701 -1.0498 10.4794
6.5822 -0.5068 11.7992
2.1767 3.4849 17.2088
7.9732 4.7204 23.0184
7.6543 0.2887 14.0037
-14.1709 2.6478 6.0994
5.9099 1.2684 14.9483
-3.7654 -0.9477 4.9446
1.7748 -2.8133 4.4269
3.4045 -2.9212 5.1532
-12.1260 4.7194 11.4083
7.0738 1.2684 15.6205
5.2417 -1.5360 8.9743
3.6655 -2.9059 5.3343
7.5448 -1.1223 11.1289
4.3441 -2.9212 5.6957
-12.4228 3.1030 8.0160
-2.4240 -1.6572 4.3056
9.4824 -0.4736 13.5405
0.0585 6.6656 22.3233
1.7851 -1.9706 5.0276
9.4632 0.3862 15.2426
-2.5715 -1.7995 3.9369
7.1113 -0.7259 11.6684
1.1896 -1.4195 5.7661
6.2180 -2.8906 6.8390
4.1740 -1.5037 7.4189
8.7074 -1.2364 11.5729
3.0011 -0.3600 4.0488
5.9092 -2.2596 7.9180
4.1259 0.2888 11.9661
4.7296 1.6383 15.0038
7.4478 -0.7552 11.8042
-4.9589 -0.6345 4.8794
2.1826 -2.4784 4.7253
3.4768 -2.8418 5.3531
5.5233 -1.8871 8.4373
4.3050 -1.7221 6.9647
3.1763 -0.2975 10.2494
-3.0374 -0.8947 5.4707
6.7767 -2.7031 7.5353
1.0154 -2.6485 4.3166
2.9830 -2.5317 5.2233
4.5369 -0.8124 10.0092
8.6256 -0.6039 12.7860
-0.3207 -0.8948 7.0395
3.0745 -2.9311 4.9427
2.6351 -0.3495 5.5647
2.5729 -2.2194 5.1280
4.0070 -2.5328 5.8168
0.8604 -1.5641 5.7288
-11.9226 2.0593 6.2252
-10.0264 3.9067 11.0015
1.2189 -2.8954 3.9423
3.0001 -0.8403 9.0660
2.4493 0.1052 10.6319
0.4573 -2.8796 3.5340
5.3852 -0.8951 10.3343
6.4282 -2.7844 7.1720
7.2766 -2.5143 8.2002
4.4616 -2.2554 6.0050
-0.3172 -2.3942 4.0538
-12.9533 2.6478 6.8027
0.3091 -1.0246 7.1445
4.9488 3.7616 19.3611
2.9669 -1.5531 6.3874
-1.5250 -1.9550 4.2314
3.0281 -0.4464 4.0120
12.1777 6.4106 28.8145
3.1060 -2.4701 5.2673
4.9900 -2.8905 6.1300
6.7163 -2.4898 7.9254
3.3345 -0.4854 4.1912
3.0846 -0.4606 4.8872
7.3101 -2.3100 8.6268
7.0665 -2.3765 8.3534
-0.0886 -0.4731 8.0137
2.0799 -1.9178 5.6200
7.4273 0.7044 14.7008
1.5122 -1.3449 3.8317
5.9373 -1.8519 6.6726
9.2883 3.4851 21.3165
3.2070 -2.2446 5.5291
7.5633 0.6485 14.6680
-1.4875 -1.1218 5.9134
2.4691 -1.0247 8.3918
3.4626 -2.6557 5.7158
3.5884 -1.9036 6.2155
2.5465 -0.9480 8.5893
5.9924 -2.0204 8.4428
3.7041 -2.2252 5.4568
-5.0447 -0.1840 5.7275
4.7620 -2.5360 6.2598
7.5586 -1.4995 10.3852
2.6453 -0.8950 8.7522
-4.6397 -0.5063 5.3192
1.3478 -1.4957 5.7112
7.9234 0.4365 14.4536
3.1603 -2.7781 5.2972
5.3538 -2.2763 6.6763
-7.5905 -0.0232 4.5777
0.5427 4.5450 18.3776
4.3289 -2.9312 5.6670
6.3298 -2.7602 7.1635
6.9019 -0.5720 11.8540
-4.4173 -0.4730 5.5141
4.6189 -2.2833 6.1047
3.7404 -2.0840 5.8694
-1.1918 -0.1451 8.0303
-7.3970 1.8001 8.3224
2.9569 0.6486 12.0078
6.4776 -2.8906 6.9889
-0.0925 -2.6759 3.6223
3.8755 -2.8956 5.4761
-0.5134 -2.4975 3.7347
0.4799 -0.7684 5.6291
-3.7718 -1.3422 4.1548
4.7809 -2.2650 6.3148
5.9881 -0.5720 11.3264
3.9545 -0.5396 10.2164
6.3474 -2.9364 6.8225
-4.3271 -0.3335 5.8440
1.0234 -2.8849 3.8503
5.9904 -2.6278 7.2312
6.0439 -2.9264 6.6671
1.4701 -1.6202 5.5246
5.6942 -2.9010 6.5159
6.3423 -2.8854 6.9213
3.9393 -2.8250 5.6538
-8.8396 1.3389 6.5704
2.9832 -1.2605 6.9033
5.6093 -2.2742 6.9624
4.3646 -2.8746 5.8006
3.6643 -2.8692 5.4069
5.7519 -2.2283 7.8894
-0.7516 -2.2895 4.0115
5.4064 -1.5541 9.0334
0.4909 -2.5376 4.2348
6.1462 2.7566 18.0503
4.7641 -2.8474 6.0853
5.2513 -1.9159 7.2980
3.5431 -1.8559 6.2444
2.4109 5.4938 21.3470
0.2520 -2.0573 5.0539
-0.0708 -1.9814 5.0186
1.8483 -2.0634 4.9877
6.3388 -1.9819 8.7195
7.7182 5.4941 24.4128
5.3480 -1.7228 8.6636
3.3440 -2.4248 5.3568
0.1389 -1.7846 5.5320
1.7262 -1.8362 5.3240
1.2949 -0.1054 9.5456
7.1200 6.6661 26.4028
0.4137 -2.8132 3.6410
-0.1545 -2.6129 3.7120
0.3657 -2.1738 4.8873
0.1458 6.1652 21.3766
4.9133 -1.1804 8.4099
2.4064 -2.8417 4.7351
5.9380 -2.5689 7.3183
4.8999 0.8200 13.4715
0.4271 -2.7597 3.7554
3.1971 0.4366 11.7242
3.5092 -1.7115 6.6416
6.2216 -2.3484 7.9214
1.9846 -1.6752 5.9710
0.5505 -2.7898 3.7665
-3.9888 -1.0737 4.5646
4.1438 -2.1137 5.9099
1.9985 -1.8859 5.5718
2.9360 -0.6331 3.9765
-3.4050 -0.2972 6.4489
3.0242 -0.5139 4.7323
3.0632 -0.6550 4.4165
5.9501 -1.9688 8.5211
4.6442 -2.5312 6.1811
1.0466 -2.8902 3.8532
6.0078 -1.4376 6.4854
3.2438 -2.9262 5.0504
-1.8446 -1.0493 5.8514
-0.9296 -2.2488 3.9899
0.4388 -2.7839 3.7139
-1.0004 5.2882 18.9672
3.2914 -2.8798 5.1703
4.3789 -2.7159 6.1249
-0.6338 -1.9551 4.7460
6.3907 -2.9314 6.8574
3.9734 -2.2941 5.6975
5.4704 -2.9510 6.2869
2.7384 -1.9752 5.7766
3.5670 -2.0339 5.9233
10.2581 2.4404 19.7948
0.4841 -1.1219 7.0518
5.9991 -1.7689 6.6529
1.4847 -1.3049 3.7376
7.7827 -1.1917 11.1280
9.8403 -0.1057 14.4803
0.2026 -2.4472 4.2484
1.3107 -2.9006 3.9850
7.0323 -2.5690 7.9501
5.5405 -2.2064 7.0841
5.5268 -2.9264 6.3686
6.5388 -1.7697 9.2577
-0.6128 -1.0739 6.5139
0.5783 -2.4893 4.3814
5.0527 -1.9719 7.1617
1.6214 -2.1673 4.7859
2.6214 -2.9211 4.7011
3.6288 -2.9312 5.2628
2.9875 -2.3867 5.1475
1.6153 -2.8472 4.2673
5.7171 -2.0076 8.3091
-5.8224 0.0617 5.7680
3.0443 -0.4710 4.8673
1.4605 2.3409 14.5157
3.0366 1.2684 13.2889
4.1221 -2.8363 5.7369
-4.7925 -0.8399 4.5663
0.1711 -2.1848 4.7530
3.5234 -1.8293 6.3258
0.8043 -1.3856 5.8278
5.4991 -2.8251 6.5544
-4.2626 -1.1450 4.2642
0.2418 -2.6344 3.8980
6.0617 -1.1838 6.3915
2.4341 1.4848 13.3721
7.1627 1.4108 15.9556
-0.1072 -2.6826 3.6003
6.3169 -2.7903 7.0959
3.0116 -1.3730 6.9295
2.1604 -2.9311 4.4150
4.9412 -2.9213 6.0405
7.5887 -1.8151 9.7737
-5.9058 0.1955 5.9864
0.2607 -0.7837 7.5966
5.0605 -2.8746 6.2023
6.0427 -1.3320 6.4247
3.3953 -0.4242 4.2183
11.4500 1.4108 18.4317
-2.5262 -1.1217 5.3136
4.0119 -1.9333 6.4601
-16.9524 6.6641 12.4960
-0.6846 5.4936 19.5588
5.9779 2.8686 18.1762
-2.9842 -0.7836 5.7229
-9.1065 2.7564 9.2408
3.0360 -0.5510 4.0458
6.5401 -0.8952 11.0012
4.3685 -1.8658 6.7680
8.3040 -1.1689 11.4744
2.7256 -0.5776 4.8760
6.1323 -2.7962 6.9776
14.4264 4.3772 26.0615
-0.1017 -2.5760 3.8160
1.5564 -1.2614 3.7500
-1.3612 -2.1847 3.8683
6.1887 -2.6628 7.2760
0.9665 -2.7026 4.1806
0.3222 -1.3052 5.8435
5.5397 -2.7962 6.6354
2.6143 -1.9433 5.7625
4.5892 -2.0706 6.4497
-5.7776 -0.1840 5.3043
2.1737 -2.2252 4.9915
1.1093 -2.7411 4.1864
1.1109 -2.8247 4.0208
8.4527 1.7181 17.3129
2.7773 -2.9604 4.7129
-2.0283 -1.4612 4.9246
3.8701 -1.9747 6.2475
2.1725 -2.7092 4.8639
5.6879 -1.7542 8.7972
0.1853 -2.7957 3.5439
0.0894 -1.7382 5.5957
5.6514 -2.4795 6.7298
3.1042 -0.6678 4.3458
7.5940 0.2887 13.9689
4.7795 -1.8594 7.2028
5.9539 -2.7160 7.0343
-0.0173 -2.6414 3.7344
5.0007 2.3409 16.5604
0.2398 -2.6202 3.9253
3.5532 -2.6962 5.6873
1.8133 -2.9555 4.1659
3.2247 -2.4816 5.3341
5.8802 -1.9421 8.5338
4.5090 -2.5873 6.1434
2.1832 -2.8134 4.6627
3.0396 -0.0873 5.0098
1.5123 0.1953 10.2702
2.4286 -0.1054 10.2003
4.2831 -1.9029 6.6804
1.3655 -1.7689 3.9786
-8.1367 1.7182 7.7321
3.5925 -2.7960 5.5112
-2.9275 -0.6653 5.9912
6.1316 0.4879 13.5211
1.1788 -2.7026 4.3032
8.6189 2.2444 18.4577
-6.1383 -0.2223 5.0195
1.4797 -2.9310 4.0220
-10.8130 4.3761 11.4826
-6.5973 0.0618 5.3205
-3.8462 -0.0646 6.6575
-0.6232 0.1053 8.8575
-3.6017 -1.0737 4.7880
8.4513 -1.4427 11.0140
1.1809 -2.9359 3.8396
-5.9128 -0.5714 4.4542
6.4870 -2.8137 7.1476
3.0985 0.7045 12.2010
3.1589 -2.9604 4.9332
2.3567 -2.3311 4.8905
5.8187 -2.8308 6.7276
2.5854 -2.5893 5.0376
4.6206 -2.3140 6.0908
2.7068 -2.5506 5.1058
4.6505 -0.2228 11.2496
-4.7579 -0.8946 4.4773
1.7435 -0.9480 8.1257
5.2236 -2.9313 6.1836
2.9859 -1.1220 8.4965
2.5532 -2.1914 5.2296
-3.9541 0.3373 7.3962
6.6897 -2.9511 6.9909
-15.0129 2.7564 5.8294
4.0392 -1.5545 7.1610
1.5618 -0.9216 8.0732
4.3134 -1.3672 7.8645
6.2131 0.4366 13.4659
-3.4199 -1.2576 4.5267
2.3860 -2.0767 5.3454
-12.2546 2.8683 7.6456
5.5427 1.6383 15.4733
5.9563 -2.2800 7.9045
-8.9758 1.0035 5.8234
2.4878 -0.1229 4.4938
7.2287 1.1997 15.5731
-1.4483 -1.0980 5.9834
1.5981 -2.7285 4.4938
-13.6357 6.6644 14.4120
0.5616 -0.1451 9.0428
5.3531 -1.5360 9.0386
7.4809 -0.2606 12.8089
-0.0704 -1.7996 5.3811
-0.0139 -1.8293 5.3545
2.9836 -1.3404 6.9850
3.6345 -2.0894 5.6984
0.4332 -2.7779 3.7226
0.2482 1.8841 12.9054
7.3462 0.3370 13.9219
12.8840 5.0919 26.5948
-0.6419 -2.2065 4.2403
5.1034 -2.2066 6.6667
4.0837 -2.7029 5.9805
2.1618 -2.0418 5.4694
1.5550 -1.2723 3.7573
4.6832 -2.1244 6.5024
-2.1258 -1.8144 4.1645
8.3292 -0.8953 12.0343
0.5443 -0.4732 8.3792
5.8552 -2.1404 8.1242
4.0058 0.7616 12.8388
-1.6100 -1.2577 5.5718
1.0162 -0.6348 8.3297
-7.3966 5.9310 16.5539
3.6238 -2.3601 5.4799
3.3427 -0.5852 4.2121
2.6391 -2.0844 5.5192
6.5047 -1.7069 9.3633
-2.8524 -0.1052 7.1507
5.4784 -2.2974 6.7705
5.1294 -1.7298 7.5871
5.9739 -2.2070 8.0602
7.3579 -2.3765 8.5217
-5.5553 -0.5391 4.7250
5.3118 -2.1865 6.8067
3.2512 -2.8798 5.1471
6.3252 2.0593 16.7641
-3.0757 -0.8675 5.5027
3.0477 -2.4055 5.3177
2.6059 -1.9103 6.0410
3.0272 -2.8528 5.0715
4.6529 -1.4006 7.9922
3.1150 -0.4556 4.1209
3.2931 3.2264 17.3385
4.5169 -2.7722 6.0925
4.4687 -2.0128 6.5741
6.1202 -1.9422 8.6724
0.0826 2.6480 14.3317
5.2628 -2.6184 6.5911
5.2463 -0.2362 7.9719
4.2567 -1.1463 8.2660
2.0135 -1.7131 5.8965
4.8689 -2.0873 6.6685
1.6182 1.2684 12.4698
-4.5693 -1.0737 4.2293
1.7484 -2.0565 4.9053
6.6419 -2.1743 8.5112
2.3180 -2.9211 4.5259
2.0347 -2.4253 4.6025
7.3439 -1.8444 9.5739
3.0327 -0.7192 4.3259
6.7976 0.8796 14.6863
1.7913 -2.0088 5.0689
2.0167 -2.2186 4.8815
0.3115 -2.7410 3.7258
-0.2630 -2.6201 3.6349
-0.7940 -0.4046 7.7429
2.4279 -2.3070 4.9674
3.2391 -2.2960 5.4401
2.1575 -2.0152 5.3624
1.3870 -2.7536 4.3219
-3.2268 -0.3336 6.4793
5.7442 -1.9688 8.4023
1.6488 -1.7344 5.5064
4.1149 -2.2418 6.0081
3.0891 -0.6320 4.3975
7.5423 -0.3340 12.6981
4.7514 -2.1337 6.7605
2.8196 -2.2772 5.1147
2.8311 -2.7286 5.2057
-0.3456 -2.2694 4.2861
9.1702 2.7567 19.7968
3.0623 -2.7286 5.3392
3.9219 -2.7476 5.7978
4.2278 -2.8193 5.8317
1.8090 -0.9217 8.2160
2.8564 0.2871 4.7284
1.4039 -2.4782 4.2754
7.6691 -1.7851 9.8800
4.2118 -2.2091 5.9361
2.1765 -0.1843 9.8975
1.5364 -1.2253 3.7897
4.5667 -0.8679 9.9158
-13.3774 4.0574 9.3665
4.7440 -1.6259 7.5832
2.8453 -0.6635 4.8044
2.1198 -1.4358 6.2805
0.7412 -0.7549 7.9315
4.6726 0.7045 13.1100
-7.7242 6.9332 18.3617
5.7705 -2.1290 8.0982
-2.8826 -0.5064 6.3338
4.7272 -1.3150 8.2011
1.7986 -2.8361 4.3953
4.4957 -2.8746 5.8762
1.2538 -2.8635 4.0259
6.2254 -2.4732 7.6751
6.7319 -2.0699 8.7711
0.7171 -2.9259 3.5916
-2.2296 -1.8438 4.0461
2.1534 -2.2758 4.8627
2.9925 -2.7158 5.3245
2.2330 -2.9007 4.5175
1.9061 -1.2474 6.8309
3.7162 -0.5719 10.0144
6.9125 2.5426 18.0664
3.2375 0.8797 12.6304
2.8876 -0.6179 4.6651
3.0211 -1.2360 7.2158
0.1355 -2.4299 4.2442
4.1878 -1.7113 6.9299
0.7435 -2.5685 4.3191
0.9409 -2.7156 4.1399
-6.2595 -0.1449 5.1039
7.3935 -1.6908 9.9087
-15.0442 2.8683 6.0344
2.0255 -2.8527 4.4932
0.4559 -2.8247 3.6425
6.4552 -2.2800 8.1926
1.8734 -2.0719 4.8867
-5.1680 -0.6652 4.6974
2.6437 -1.0248 8.4926
3.2447 -0.4290 4.2368
1.3689 -2.3482 4.2384
4.4545 -2.9557 5.6908
1.2631 -2.1832 4.1960
1.7772 0.9408 11.9088
-3.9670 -1.0492 4.6259
-9.8651 1.5607 6.4200
6.4099 -2.7416 7.2468
4.0702 -2.2232 5.8588
2.9662 -0.6563 3.9985
-4.6545 0.3374 6.9917
6.6134 -1.0743 10.6866
2.0835 -1.9040 5.5571
0.6182 -2.8074 3.7706
-18.3665 5.4925 9.3446
-0.7249 -1.9145 4.7742
-3.8018 0.3373 7.4841
-15.0311 3.3531 7.0080
1.3856 6.9340 23.6246
5.8147 0.2888 12.9413
8.3113 -0.8405 12.1329
1.9001 -2.9650 4.1969
7.3396 -2.0700 9.1220
5.2961 -1.7974 7.5985
7.0005 -1.5720 9.9184
-0.6404 -0.9215 6.8016
1.0351 -1.6536 5.3925
1.7351 -2.9458 4.1400
-0.0463 -2.3760 4.2466
5.1034 -1.9840 7.1158
2.4827 -2.7537 4.9546
9.6296 1.7181 17.9926
-9.7913 1.4849 6.3116
0.5277 -0.9739 7.3719
-1.0971 -0.6347 7.1094
-9.2243 1.8001 7.2671
3.8680 -0.8950 9.4582
5.2161 -1.8147 7.6480
-0.9483 -1.7538 4.9654
3.5904 -2.9212 5.2606
4.4810 2.9841 17.5418
3.0795 -1.3247 7.0914
3.5837 -1.3305 7.1809
1.2090 0.2416 10.1874
-5.0149 -0.7835 4.5502
6.9214 -2.2699 8.4820
5.2447 -1.4993 9.0492
-8.2587 0.7619 5.7560
3.9568 -2.9557 5.4035
3.6497 -1.8643 6.4196
2.0112 -0.9480 8.2802
-0.0768 -2.5983 3.7859
-12.5919 4.7194 11.1392
8.9860 -0.8953 12.4135
11.0029 2.2444 19.8346
-6.2676 0.1500 5.6869
7.1418 -0.5397 12.0569
4.7197 -1.4378 8.0188
1.2025 -0.4732 8.7593
4.4959 -2.9362 5.7535
3.1082 -2.0210 5.7661
5.4058 -2.9412 6.2691
4.0608 -2.8193 5.7353
2.0348 -2.2013 4.8025
7.3173 -0.8125 11.6147
0.4149 -0.9604 5.6669
7.1725 -2.3765 8.4146
-0.5612 -1.9944 4.7096
-2.6849 -0.4391 6.5821
0.0790 -2.7284 3.6167
2.2665 -2.2828 4.9119
1.8459 -2.1573 4.7170
2.4217 3.3535 17.0885
2.9450 -0.5871 3.9722
2.6621 -0.0236 10.4982
1.7079 -2.7899 4.4348
-1.2096 -0.3337 7.6442
9.8437 2.0593 18.7962
6.0342 -1.9948 8.5177
1.4580 -1.9734 5.0301
7.0924 -2.5690 7.9849
1.6260 -1.6314 5.8256
4.6745 -0.1844 11.3400
2.6616 -2.8955 4.7753
-1.5385 -1.5356 5.0593
-13.6654 3.6204 8.3293
4.3900 -2.7159 6.1313
6.4440 -2.9264 6.8981
5.1150 -2.1948 6.6779
-1.5201 -1.9006 4.3426
4.0831 -2.8584 5.6703
2.2588 -2.8636 4.6062
5.1331 0.7616 13.4898
6.2104 -0.5720 11.4547
0.3903 -1.2058 5.9504
7.8254 -1.2142 11.1079
5.0594 -2.1382 6.7649
9.6440 -0.1846 14.2097
3.1855 -2.2438 5.5143
1.7081 3.9071 17.7794
6.8975 -2.0330 8.9403
3.7819 -2.1378 5.7747
-0.6689 -2.1957 4.2462
6.2891 -2.1290 8.3976
14.4084 5.2891 27.8682
4.1214 -2.1574 6.0306
7.0005 -1.2798 10.5007
1.8731 -1.6593 5.9164
3.7040 -2.5211 5.6438
4.9198 -2.8852 6.1000
5.8976 -2.9264 6.5826
1.1176 -2.9602 3.7547
0.7886 -2.8247 3.8347
9.9073 3.7617 22.2252
7.3780 -2.2597 8.7660
1.8804 -1.9233 5.3862
3.1282 -0.4292 4.9037
8.6335 -0.2229 13.5496
3.5187 -1.9829 5.8082
0.2413 2.0593 13.2504
2.7038 0.0068 4.6180
1.7891 -2.7598 4.5418
2.9988 -2.5695 5.2606
3.0096 -0.6101 4.0140
-3.9847 0.2891 7.2824
4.3623 2.2444 15.9993
-6.6773 0.1501 5.4503
3.4213 -1.6996 6.5158
1.5976 -2.1340 4.7985
1.6734 -1.7679 5.4329
0.1614 -2.4299 4.2591
-8.0839 0.8799 6.0923
4.3654 -2.7094 6.1301
3.4626 -1.6484 6.7556
5.3113 -2.7723 6.5511
0.8462 -2.9159 3.6862
6.6294 -2.9265 7.0051
3.5825 -1.4494 7.0744
-21.8209 6.6637 9.6834
1.5830 -2.2765 4.5005
0.6248 -2.9209 3.5483
7.5973 -1.3634 10.6788
5.4537 -2.5716 6.6549
2.2822 -2.2881 4.9009
-1.9346 -1.7844 4.3347
3.6729 -1.7739 6.5311
8.8349 -1.0499 12.0181
1.8924 -0.6958 8.7141
3.0313 -2.6252 5.3177
3.0169 -0.5994 4.0329
2.9835 -2.0938 5.6511
2.6440 -2.7286 5.0977
-18.7217 4.2136 6.5911
-0.5962 -1.5715 5.5320
8.8926 1.2684 16.6709
8.9512 3.6210 21.3926
1.0366 -2.8902 3.8474
3.4259 -0.8679 9.2570
0.1428 0.5405 10.1671
7.3425 -2.1854 8.8938
1.5162 1.6384 13.1479
-2.7188 -1.7537 3.9431
0.0821 -2.7410 3.5933
2.4450 0.0615 10.5422
0.2467 -2.6273 3.9149
2.1009 -2.0514 5.3553
3.0302 -1.7319 6.1004
3.1632 -2.0944 5.6615
2.0042 -1.9190 5.5088
8.3827 -1.0251 11.8065
1.0302 -2.6760 4.2705
1.5865 -2.5436 4.4437
2.6829 -2.8691 4.8402
4.5236 -2.2835 6.0502
3.0407 -0.7568 4.1480
4.0150 -2.8799 5.5881
0.8722 -1.7716 5.1819
0.8284 -2.8075 3.8920
0.4172 2.9840 15.1946
0.7789 0.2889 10.0333
0.7887 -0.8949 7.6801
4.4117 -2.7782 6.0197
4.4210 -0.8124 9.9423
1.1113 -1.7592 5.3466
4.0016 -2.9060 5.5283
2.5609 -2.9261 4.6561
5.8931 -1.1916 10.0369
-2.4943 -1.0493 5.4762
4.0635 -2.7476 5.8796
0.0601 -1.1218 6.8070
4.1428 -2.4968 5.8704
4.1021 -1.9526 6.2927
2.1939 -1.8137 5.7216
-5.9389 -0.6652 4.2522
-3.0065 -1.2357 4.8090
14.2373 5.9325 29.0514
7.6225 -1.9287 9.5668
0.3588 -2.0573 5.1156
2.9905 -0.7399 4.3645
-7.1271 5.4932 15.8372
4.8470 -2.0014 6.9180
-8.9997 2.8684 9.5256
6.1881 -2.8906 6.8217
0.4924 0.3372 9.9640
1.8972 -2.7598 4.6042
-0.8655 -0.2226 8.0644
-5.2187 -0.1449 5.7049
-0.3928 -2.2384 4.3206
2.4415 -1.7425 6.1149
0.1556 -2.1286 4.8562
2.5224 -1.5534 6.5901
-7.7528 0.2892 5.1064
-3.3750 -1.2357 4.5962
3.9945 -2.7414 5.8522
5.9316 -2.8853 6.6841
4.1993 -1.8165 6.7295
0.4795 -1.2995 5.8300
-3.3742 -1.1216 4.8240
2.9564 -2.2444 5.3469
2.8677 -1.9326 5.9288
-10.1777 1.8001 6.7165
-3.4256 -1.0493 4.9385
-1.8966 -1.0979 5.7245
9.9022 4.2147 23.1248
-0.7848 -0.6957 7.1681
1.3298 -2.3006 4.3849
-2.4754 -1.4029 4.7826
5.6613 -2.9314 6.4363
3.4971 -2.6829 5.6814
-6.4793 1.0035 7.2651
1.8716 -1.3511 6.5051
2.3088 -2.8134 4.7352
5.3489 -2.9363 6.2461
10.8141 2.9842 21.1997
3.9963 -0.8679 9.5864
3.2887 -2.7781 5.3713
12.9278 2.7567 21.9671
1.7176 -1.6996 5.7489
2.1815 -1.5719 6.2368
6.7243 -1.8001 9.3044
9.4263 0.8199 16.0855
6.4351 3.9072 20.5098
7.6323 -1.9949 9.4405
0.7572 -2.6415 4.1815
-3.1733 -0.8947 5.3923
4.6491 -1.8414 7.0367
5.9392 -2.8194 6.8198
6.0230 -1.4428 6.4590
3.1538 -2.2659 5.4484
4.0127 -1.7446 6.5646
6.7988 -2.0204 8.9084
6.8410 -2.2494 8.4766
7.1764 -1.9422 9.2822
3.7331 -2.9161 5.3530
5.5254 -2.8079 6.6039
-0.0528 2.6480 14.2535
5.7783 -2.9112 6.5440
0.5180 -2.8471 3.6338
3.0952 -0.1628 4.8187
2.3167 -2.0848 5.3346
5.0982 -2.2968 6.4817
2.6327 -2.2838 5.0915
1.1128 -2.8471 3.9772
-8.5843 0.4370 4.9206
-0.5605 -2.2995 4.1020
2.2477 -2.8018 4.7230
8.7161 1.9705 17.9681
1.6528 5.4937 20.9090
-4.5333 4.3764 15.1099
0.6952 -0.9479 7.5203
2.3562 -2.8361 4.7173
2.9232 -1.3658 6.7804
-0.4344 -2.2896 4.1947
5.6592 -0.7551 10.7714
3.0687 -0.4483 4.0591
-4.8631 6.4092 18.9701
6.6635 -0.9219 11.0191
3.4519 -1.8794 5.9653
10.7134 0.5937 16.3782
-0.7392 1.4109 11.3921
2.4150 -0.7257 8.9565
7.8247 0.5938 14.7100
5.0922 -1.6379 7.8749
5.2636 2.4403 16.9102
-0.3223 -2.5217 3.7968
-14.6560 4.5443 9.5983
3.2215 -1.4359 6.9167
0.4765 -2.8132 3.6773
2.8370 -2.8249 5.0174
7.9009 -1.6070 10.3687
3.8874 -2.9652 5.3443
2.6660 -2.9311 4.7069
-0.2967 2.0593 12.9397
1.4456 -1.5491 3.8781
1.2247 -1.9789 5.1166
6.1847 1.9705 16.5060
4.9904 -2.9557 6.0002
1.9295 -2.2554 4.5759
1.9146 -1.7785 5.7260
1.4168 -1.6423 3.9978
-0.8631 -1.7692 4.9838
2.6386 -2.0578 5.3266
10.5049 0.7614 16.5920
-1.6668 1.7181 11.4686
2.6582 -2.3336 4.9463
6.4548 -2.2597 8.2330
6.0663 -2.9364 6.6602
-8.9776 6.6648 17.1031
3.5382 -2.3405 5.4122
3.1813 -0.6292 4.1901
6.4052 -2.8476 7.0329
0.7207 -2.7026 4.0387
1.0214 -1.4683 5.8035
6.6476 -2.7096 7.4478
0.2384 -2.1400 4.8811
5.5022 -0.8680 10.4559
-0.5173 -1.9282 4.8668
9.9573 4.2147 23.1566
6.9634 1.4848 15.9879
-1.1167 -0.7837 6.8012
5.6633 1.3387 14.9461
-1.9266 -1.9006 4.1079
1.4959 -2.9210 4.0512
2.2501 -1.9825 5.5253
-7.1484 0.2419 5.3612
4.0595 -1.8831 6.3959
2.0813 -2.9555 4.3206
-0.2866 -2.2592 4.3406
1.4846 -0.2974 9.2725
3.4829 -0.8403 9.3448
7.5201 -2.2700 8.8277
2.9331 -0.7161 4.4673
1.0146 2.4403 14.4562
6.1678 -0.7840 11.0076
-2.1787 -1.1452 5.4675
3.5228 0.2889 11.6178
2.7860 -2.7781 5.0811
3.2082 -0.5788 4.4018
6.4316 -2.5840 7.5733
2.8395 -2.9161 4.8371
3.0064 -2.6060 5.2894
1.3994 -1.6736 4.0281
4.6641 -1.7421 7.3948
3.1570 -2.2689 5.4230
4.0278 -2.5259 5.8694
2.7220 -2.9361 4.7294
2.8755 0.0683 4.6496
-4.3863 -0.2601 5.9561
3.8735 -2.2131 5.7518
2.0030 -2.6037 4.7052
3.0927 -0.5559 4.1766
6.5866 -2.5840 7.6628
4.1850 -2.8584 5.7291
-0.0306 -1.8293 5.3449
5.7050 -1.4617 9.3900
-9.4728 2.7564 9.0292
3.5652 -1.4807 7.0174
-1.4707 -2.0693 4.0350
0.3760 4.2143 17.6223
4.0325 -0.1055 11.1265
5.1215 1.8841 15.7199
1.6087 -2.9409 4.0767
1.3011 -1.0740 7.6191
3.6891 -1.3870 7.0311
3.7846 -2.0793 5.9689
3.5018 -1.3265 7.3638
-4.6116 0.2418 6.8261
3.8655 -1.6548 6.5873
3.1548 -0.4471 4.1135
1.4168 -1.6536 3.9978
4.9617 -1.9891 6.9942
6.6558 -2.3765 8.1163
-0.1039 -2.6759 3.6157
-18.8663 5.9302 9.9281
9.1742 1.8000 17.8928
2.1118 -2.7840 4.6799
4.4316 -1.2782 8.0829
1.8358 -1.9711 5.1169
4.5392 -2.8852 5.8802
6.4112 -2.3856 7.9567
6.7291 -2.8421 7.2309
2.7613 -2.8744 4.8748
7.9156 0.9407 15.4537
1.6453 -1.8308 5.3290
1.3420 -1.8238 4.0017
3.1318 -0.4165 4.0946
4.9423 -2.9509 5.9821
-2.9063 -1.7062 3.9293
4.4118 -1.5138 7.6545
4.0388 -1.1044 8.1418
3.4081 -1.8392 6.0179
10.4462 1.8000 18.6275
2.2276 -2.3273 4.7744
11.4835 3.1035 21.8238
3.3408 -0.4693 4.1955
-3.2041 -1.4420 4.2840
6.4943 -0.4734 11.8150
-2.2176 -1.6404 4.4581
5.6466 -2.9654 6.3600
-17.9436 5.9302 10.4611
2.9406 -2.3334 5.2334
4.9226 -1.5902 7.8219
5.9475 -2.0939 8.2704
3.8346 -2.1436 5.9875
5.0968 0.5939 13.1346
8.6720 -0.4735 13.0726
1.6023 -2.4043 4.3321
3.5209 -1.7197 6.7007
4.0918 -0.6959 9.9841
1.7556 -2.8248 4.3930
5.8542 -2.8420 6.7258
6.7048 -2.9462 7.0093
-4.2130 -1.2575 4.0687
1.0308 0.3864 10.3730
3.1077 -2.9651 4.8941
5.4497 -2.9558 6.2654
12.0118 3.1035 22.1289
2.9695 -2.4285 5.1493
-11.9485 5.2876 12.6429
1.1733 -1.8518 5.0832
9.4419 -0.2977 13.8675
2.8693 0.2745 4.7575
0.5084 -2.7026 3.9162
5.1487 -1.1221 9.7453
1.2821 -2.9650 3.8401
-5.6722 -0.1051 5.5223
8.9927 -0.4050 13.3943
3.4793 -1.0795 7.5499
9.5083 -0.1846 14.1313
2.6097 -2.6076 5.0638
-14.5437 4.9012 10.3741
-0.7075 -2.2694 4.0771
1.8879 -2.0223 5.0668
5.6051 -2.8475 6.5709
6.4635 -2.9264 6.9094
1.4314 1.7181 13.2579
4.8619 -2.7902 6.2558
0.8867 -1.8101 5.0345
-0.0039 -0.8121 7.3872
7.0060 -1.8298 9.4078
-2.4176 2.9840 13.5573
-10.9251 4.3761 11.4178
-1.4027 -1.1218 5.9623
5.5183 -1.8297 8.5488
2.1104 -1.3529 6.6705
-0.3983 -1.9683 4.8556
8.1150 -1.1917 11.3199
-11.2722 2.3408 7.1619
5.5020 -1.1687 9.8565
0.9059 -2.8743 3.8036
1.6228 1.1998 12.3356
2.8526 0.2946 4.7185
0.4492 -2.3289 4.6266
10.4932 1.2683 17.5952
7.4660 0.6485 14.6118
1.5487 -2.9006 4.1224
4.5917 -2.5133 6.1387
-1.5085 -2.1051 3.9418
2.7486 -2.7660 5.0836
6.4977 -2.9607 6.8609
-3.3893 -0.3693 6.3142
3.0218 -2.3068 5.3097
-2.8831 -1.4029 4.5472
-2.0027 -1.6901 4.4833
5.8348 -1.9819 8.4285
2.6114 -1.0204 7.2618
2.6741 -0.2974 9.9594
-2.9549 -1.4420 4.4278
2.3434 0.2416 10.8425
9.8575 2.7567 20.1938
6.8140 -1.4231 10.1073
6.9827 -0.1845 12.6729
3.7528 -2.9161 5.3643
-3.5054 -0.8399 5.3095
7.8290 -1.2798 10.9790
4.3426 -1.5240 7.5377
-16.4268 4.5443 8.5754
-8.5399 0.7048 5.4798
4.8995 -2.8799 6.0987
2.8439 0.1958 4.7385
-0.7645 -2.4032 3.7775
6.4288 -2.3197 8.0984
6.0237 -2.7478 7.0114
8.6155 -0.6659 12.6566
4.2609 -1.8832 6.6461
-4.5614 5.9312 18.1917
0.7725 -2.7284 4.0171
6.8925 0.1951 13.3771
8.6354 -1.0744 11.8541
3.0216 -0.6190 4.5133
-13.0002 5.9306 13.3168
-3.8076 -1.2791 4.2598
1.2297 -2.2454 4.3901
5.4603 -1.4425 9.2869
2.7961 -2.8018 5.0396
0.4617 -2.6057 4.0822
-10.0919 1.4110 5.9908
3.1636 -1.8941 5.8635
2.9569 -2.9007 4.9354
-0.2317 -2.3760 4.1395
1.9944 -2.7285 4.7226
-11.7031 3.1030 8.4317
-3.0507 -1.4420 4.3725
6.0059 -1.7554 6.6478
3.6055 -2.9161 5.2793
0.1070 -0.9739 7.1290
1.5458 -1.2948 3.7734
2.4458 -2.7286 4.9832
4.2115 -0.0236 11.3930
5.9964 -0.6350 11.2055
2.0958 -2.0384 5.3594
2.9250 -2.8528 5.0125
0.2050 -0.5066 8.1167
4.7258 -2.8020 6.1538
2.8641 -1.3777 6.6638
5.8030 -2.4272 6.7819
1.3523 -1.4170 6.0548
-5.1708 0.5941 7.2052
-8.0038 0.1956 4.7748
-2.1137 -1.9550 3.8914
6.0672 -0.2605 11.9926
2.9863 -0.6122 4.0802
0.1779 -2.2796 4.5682
-8.9065 1.0035 5.8634
0.7496 -2.6960 4.0685
4.4938 -2.2684 6.0907
8.1863 -1.0251 11.6931
-17.9118 4.5442 7.7176
3.4692 -2.7028 5.6256
-5.7227 -0.4389 4.8280
-0.2048 -0.6655 7.5634
0.5961 -2.9108 3.5519
1.9419 -2.1942 4.8051
2.6066 -2.7093 5.1146
11.6361 5.4944 26.6761
-2.0389 -0.3694 7.0941
6.4802 -2.6697 7.4307
4.8363 -1.6705 7.5834
4.7817 -2.3445 6.1395
1.2169 -0.6655 8.3843
-5.9110 -0.0645 5.4652
2.5547 -2.9160 4.6726
-13.0532 4.0574 9.5538
4.5931 -1.3327 8.0920
7.9521 0.7044 15.0039
0.9930 -2.8190 3.9641
1.8699 -2.4626 4.5368
-2.5151 -1.2358 5.0928
7.6051 1.4847 16.3585
1.9186 -2.9555 4.2267
7.9801 2.3410 18.2811
2.9288 -2.8637 4.9930
-0.1935 3.4849 15.8399
0.0570 0.4367 9.9108
3.0374 -0.5231 4.1415
8.1257 1.1326 15.9575
3.1699 -1.3890 6.9857
4.6637 -2.8078 6.1064
-16.1682 3.2259 6.0979
7.4925 -2.3294 8.6933
3.2047 -0.4975 4.1323
4.5719 -1.9090 7.0913
5.1041 -2.3460 6.3292
1.6110 -2.4382 4.3594
-12.0854 4.5445 11.0832
5.7699 -1.7068 8.9390
2.5727 -1.9764 5.4490
2.7341 -1.0801 7.1665
7.5185 5.7083 24.7244
4.3968 -2.8250 5.9179
1.1017 -1.8683 5.0455
3.8972 -2.7600 5.7590
-3.1476 -0.7836 5.6285
8.4245 1.8841 17.6275
6.6796 -0.5720 11.7257
0.2737 0.8201 10.7998
1.7743 -2.7285 4.5955
-0.4197 -2.3851 4.0127
-1.4213 -1.3006 5.5953
-4.8024 -0.0233 6.1877
-11.0495 1.5607 5.7360
2.7001 -2.5332 5.0635
6.6842 -2.4980 7.8905
-3.2101 -1.5355 4.0941
5.5590 -2.2359 7.0582
-4.0955 5.4934 17.5885
2.9819 -0.4793 4.0130
5.2895 -2.8905 6.3029
3.7396 -2.0050 6.3535
10.4163 2.6481 20.3001
3.2684 -1.3073 7.2300
8.6121 -0.1845 13.6138
1.2376 -1.9159 5.1250
4.6150 -2.1637 6.3349
2.8530 -0.1660 4.7443
1.3339 -2.6692 4.4594
-1.4762 -2.1168 3.9371
-17.5113 4.2136 7.2903
4.0118 -1.7007 6.8636
0.7903 -1.3690 5.8584
1.0042 -1.4999 5.7333
-2.0761 2.0593 11.9120
-0.2933 -2.4385 3.9793
-0.9734 -2.3851 3.6930
-4.0832 -0.6956 5.2635
1.3582 -2.3549 4.3427
-0.5515 -1.0980 6.5012
-3.6531 0.2891 7.4739
3.2521 -2.7841 5.3383
5.1064 -2.1465 6.7745
7.4286 -1.9949 9.3229
3.0375 -0.7732 4.1499
5.9137 -1.6410 9.1533
2.6292 -2.9261 4.6956
7.6532 -0.4050 12.6208
0.3557 -2.6057 4.0210
-0.1718 -1.7996 5.3225
11.1522 3.3537 22.1311
6.8745 -2.5459 7.9050
5.1616 -2.9653 6.0800
0.9619 -1.6878 5.3487
3.6985 -2.9556 5.2543
-1.3932 -2.2487 3.7222
1.1322 -2.2020 4.6606
-2.2657 -0.4730 6.7566
-0.7638 -1.3629 5.8509
13.6659 3.7618 24.3962
6.7551 -2.4304 8.0662
3.6463 -2.9508 5.2338
4.5623 -2.9313 5.8018
0.0624 -2.1053 4.8488
9.0836 1.9705 18.1803
5.6651 -2.0819 8.1311
2.6755 0.4880 11.5253
6.5361 -2.9511 6.9022
4.5156 -2.4226 6.0279
2.3795 -2.8248 4.7532
3.7632 -2.9411 5.3207
3.9127 -1.4728 7.3218
3.6847 0.5939 12.3192
1.7920 -2.4253 4.4623
0.9012 -1.8100 5.0424
4.9889 -2.2077 6.4888
1.4224 -1.6732 3.9879
-2.6172 2.2444 11.9682
-1.0002 2.6480 13.7063
-0.1028 -1.5175 5.9246
6.4729 -2.9062 6.9552
6.7909 -2.3579 8.2313
5.0360 -2.1332 6.7803
5.9653 -2.7352 7.0027
3.3712 -1.7011 6.3951
5.6447 -2.0453 8.1922
-0.7303 -0.9215 6.7497
5.9196 -0.4394 11.5509
6.8894 2.1506 17.2718
3.6294 -2.2172 5.5201
3.5174 -2.8851 5.2903
0.3837 -2.4810 4.2856
-0.1429 -0.6035 7.7227
4.3958 -1.5186 7.5179
1.4917 -1.6242 5.5658
1.4052 -1.6706 4.0179
1.2843 0.3372 10.4213
-3.9292 -1.3004 4.1471
1.4943 -2.5068 4.3640
6.3804 -2.7096 7.2935
6.7497 -2.1853 8.5514
1.5258 -2.8902 4.1299
4.5157 -2.3205 5.9566
3.3969 -1.3432 7.2655
3.0983 -0.5262 4.2444
4.8009 -2.8957 6.0104
3.9352 -2.8956 5.5106
3.7752 -1.1914 8.8139
-9.4091 2.9839 9.5192
6.0334 -2.6134 7.2847
13.1020 3.2266 23.0039
10.1615 1.5605 17.9859
5.0675 -2.6897 6.5748
5.2922 -2.8194 6.4462
10.3180 0.4364 15.8364
5.5593 -2.3784 6.7010
0.9805 -2.9260 3.7437
2.0929 -1.2248 6.8893
2.3291 -1.3200 6.9054
5.0776 -2.7160 6.5284
7.3208 -0.2606 12.7165
4.7831 -2.5399 6.2806
12.3658 5.2890 26.6882
1.7527 -1.0740 7.8798
3.9565 -2.3734 5.6750
3.4064 -0.4470 4.2281
6.6873 -1.0984 10.6812
0.8146 0.1498 9.7767
-4.9902 -0.0646 5.9969
1.2493 -2.2062 4.2892
1.9016 -2.1177 4.7889
5.6260 -2.9461 6.3865
4.4417 -2.1990 6.1849
6.2249 -2.5142 7.5930
0.4818 -0.6347 8.0211
2.3931 -2.7660 4.8783
4.0955 -2.9312 5.5323
8.4258 -0.1454 13.5841
5.2552 1.2684 14.5702
1.5043 -2.8190 4.2593
5.0402 -1.9109 7.2233
-0.8119 -2.1847 4.1854
3.9111 -1.0983 9.0781
3.0428 -0.4150 4.0194
6.8702 0.2888 13.5509
0.2404 -2.0199 5.1215
6.4690 -1.6410 9.4739
5.5227 -1.6240 8.9613
0.9606 -2.9108 3.7624
-0.3490 2.8685 14.5219
3.0809 -0.4179 4.0602
1.2262 -2.2131 4.5722
1.3241 -2.9310 3.9321
1.6119 -2.4212 4.3487
0.4030 -2.4893 4.2802
6.8713 -0.8680 11.2465
4.0587 -2.2596 5.8161
3.4110 0.6486 12.2701
5.5028 -2.7030 6.7998
3.3315 -0.5082 4.1933
1.4550 -2.7958 4.2770
-18.6725 4.0572 6.3080
5.9095 -2.7160 7.0087
16.4568 6.4109 31.2865
0.0619 -2.4472 4.1671
9.5878 6.1659 26.8312
6.7172 -1.6743 9.5508
6.3164 -0.9482 10.7662
5.2196 -2.2801 6.5747
3.6507 -2.7350 5.6663
5.6276 -2.7289 6.8203
3.1215 0.5628 4.4155
1.2348 -2.7285 4.2841
3.1001 -0.1508 4.9018
1.9443 -2.1082 4.9130
0.6612 -2.7411 3.9277
4.2297 -2.9652 5.5420
3.0651 5.7080 22.1518
1.3772 -2.3607 4.3050
3.0710 -2.7841 5.2336
9.1712 0.8796 16.0571
-1.9338 -1.9682 3.9690
3.4231 0.9408 12.8593
4.1476 -2.4215 5.8130
0.7701 -0.8402 7.7783
4.7546 -1.4534 7.9994
-6.5152 1.4110 8.0564
-11.1213 3.7611 10.0790
3.4407 -0.2975 10.4021
2.9841 -0.5988 4.8656
3.4803 -1.9491 6.0351
6.2617 -1.9150 8.8083
2.3854 -2.7027 4.9999
2.2551 -2.6761 4.9777
6.2758 -2.7602 7.1323
10.6298 1.4108 17.9580
6.3039 -1.8298 9.0025
0.3718 -2.8132 3.6168
6.4137 -2.8137 7.1052
4.2393 -2.5684 5.9741
-4.5020 0.0617 6.5305
3.3525 -0.3788 4.1871
-0.9819 -1.6236 5.2055
1.2407 -0.5394 8.6493
4.0579 -2.6963 5.9787
-12.5541 2.5425 6.8233
1.6691 -1.4075 6.3608
-3.2889 -0.6653 5.7825
4.5110 -0.4048 10.8063
1.3874 -2.1004 4.8541
4.3181 -2.2496 6.0058
0.1940 0.2417 9.6013
2.9757 -0.4615 3.9227
3.5132 -1.5541 7.0061
1.9868 -0.2974 9.5625
1.3865 -2.6894 4.4495
-0.6826 -2.2895 4.0513
1.2677 -1.9142 5.0619
10.6529 0.5402 16.2366
8.9530 -0.6659 12.8515
-1.6623 -1.4802 5.0982
-16.5868 4.3759 8.1475
2.4656 -2.3589 4.8674
2.8879 -2.6256 5.2356
3.8688 -2.2055 5.7633
-3.4424 -0.7254 5.5742
5.5126 2.8686 17.9074
-2.2063 -1.8582 4.0308
1.1921 -2.6827 4.3505
-0.0502 -0.8121 7.3604
3.3978 1.4109 13.7814
2.9740 0.1044 4.8039
4.0526 -2.7476 5.8733
4.2134 -2.8746 5.7132
1.5772 1.8841 13.6729
7.3276 -1.9689 9.3165
3.5339 -1.4184 7.1053
1.7192 -2.7285 4.5637
1.1888 -2.9506 3.8149
2.9090 -1.8934 6.0575
3.1971 -1.1998 7.4041
6.9334 -2.6062 7.8188
2.0917 -2.0262 5.3098
2.7240 -2.9110 4.7805
7.1165 2.3410 17.7823
-0.0563 -1.6573 5.6727
0.4190 -2.7026 3.8646
2.7583 -2.1845 5.2087
-0.2038 -2.1400 4.6258
9.3191 0.5402 15.4663
-0.1187 -2.4211 4.1149
11.4443 4.2148 24.0156
4.6847 1.0672 13.8398
-11.5644 1.4849 5.2877
1.7746 -1.7742 5.6203
-10.1292 1.4110 5.9693
7.2779 0.3863 13.9806
-2.7865 -1.4988 4.4118
-1.7518 -1.8292 4.3510
5.6608 0.0613 12.3993
6.1691 -2.9413 6.7098
2.8748 -0.0703 4.6135
-0.9163 -1.1684 6.1504
4.0896 -1.9090 6.3387
3.7282 -1.8191 6.4707
4.8545 -2.9362 5.9606
3.9784 -2.0990 6.0564
-8.8847 0.9410 5.7515
-14.8244 3.7609 7.9400
9.7850 -0.1057 14.4483
2.3705 -1.7838 6.0197
5.8616 -2.8475 6.7190
-2.0359 -1.8292 4.1870
6.9799 -1.2141 10.6196
-2.8733 -0.7254 5.9028
-5.5776 0.0188 5.8239
2.3333 -1.0740 8.2151
-0.0295 -2.5983 3.8132
5.4683 -2.2527 6.8573
-0.2685 3.2263 15.2813
-1.8266 -0.2602 7.4342
3.6562 -1.7271 6.6208
-0.6274 1.4109 11.4567
5.0956 -2.7902 6.3907
2.0246 -1.8939 5.5494
1.0615 0.3864 10.3908
8.8006 2.3410 18.7550
2.9279 -0.7274 4.4493
-0.3835 4.3765 17.5069
4.5188 -2.9162 5.8066
2.1474 -1.9909 5.5010
10.1214 2.1506 19.1384
7.1422 -2.3673 8.4156
5.1431 -2.8530 6.2932
2.1209 -2.1626 5.0591
-4.6841 -0.5392 5.2280
1.4937 -1.2627 6.4821
7.2095 -2.5614 8.0677
1.7124 -2.3026 4.5098
4.9295 -2.1129 6.6513
1.7543 -1.6391 5.9576
4.0677 -2.9008 5.5768
5.1740 1.0033 13.9950
5.2126 -2.3497 6.4604
1.6036 -1.8794 5.0952
0.2640 -1.9417 5.2910
3.0767 -0.6481 4.4066
3.0752 -0.5281 4.0634
3.6532 -0.6036 9.9148
1.3144 -2.9310 3.9265
-0.4985 -1.7382 5.2563
5.2117 -2.3687 6.4465
4.3593 -1.9572 6.5760
12.2522 4.9025 25.8526
2.3906 -2.2103 5.1523
3.6989 -2.4775 5.5985
5.3254 -2.3815 6.4844
3.6050 -2.8473 5.4161
6.4457 -1.8150 9.1137
4.3548 -0.6960 10.1360
7.2044 -2.3197 8.5462
6.4498 -2.7963 7.1609
0.1975 -2.4122 4.3151
-9.5587 2.1505 7.7723
-7.5028 1.6384 7.9392
9.0565 -0.7260 12.7916
9.4811 -0.1846 14.1156
-25.5340 6.1633 6.5417
2.7424 5.7080 21.9653
1.3370 -2.9602 3.8813
2.2727 -2.7093 4.9218
6.9376 -2.6135 7.8068
4.2204 -1.8391 6.7005
9.5866 -0.3341 13.8786
0.8757 -2.6274 4.2781
1.3921 -2.9057 4.0217
-14.4847 4.5443 9.6973
3.9725 -1.5310 7.2240
-11.1566 2.9838 8.5099
6.8347 -2.2901 8.3918
-6.2713 1.0035 7.3853
-1.6600 -1.4029 5.2535
0.6734 -2.7284 3.9599
-2.0083 3.1032 14.0312
1.4745 -2.6828 4.5136
2.2236 -2.1779 5.1236
3.8353 -2.8249 5.5937
1.9616 -2.7349 4.6910
4.4786 -2.8529 5.9095
7.9096 -1.8589 9.8718
4.9195 -1.9307 7.1734
-0.6841 -2.0934 4.4413
1.6930 2.9841 15.9315
-0.7546 -1.8867 4.8124
1.6666 -2.7958 4.3992
6.7864 -1.3011 10.3346
7.1864 -2.5915 7.9942
5.1630 -2.2093 6.7492
6.4039 -2.8252 7.0768
-0.1294 -0.7549 7.4288
4.0490 -2.9652 5.4376
-1.4755 -2.0448 4.0810
5.9692 -2.7478 6.9799
3.8341 -2.7782 5.6862
-0.0021 -2.3667 4.2905
-11.8249 5.2876 12.7143
4.3960 -2.2576 6.0387
6.5986 -2.6899 7.4588
5.5027 -2.4146 6.5792
-7.4857 0.6489 5.9773
-2.0023 -1.9943 3.8775
2.7666 -0.0600 4.5506
1.0348 3.7614 17.1004
4.4900 -1.6897 7.2826
3.5869 -2.8019 5.4962
3.3244 -0.4888 4.3109
2.2405 -0.4732 9.3587
5.1099 -1.8716 7.3747
1.2295 -1.2392 6.2555
3.8791 -2.9411 5.3876
2.5947 -2.3884 4.9247
2.0562 -2.4425 4.6263
7.2250 -2.3390 8.5197
0.7275 -2.8526 3.7437
3.3040 -2.7721 5.3922
6.0870 -2.1174 8.3041
-0.6367 -2.1737 4.3086
1.6552 -2.2024 4.7040
2.0534 -1.8824 5.6643
3.0528 -1.2995 6.9725
10.0633 0.0183 14.8561
-6.3180 -0.3335 4.6943
6.7541 -2.3857 8.1547
1.3805 -2.0772 4.8714
5.8418 -2.9214 6.5604
2.5239 0.5404 11.5421
3.0574 -0.7079 4.1466
-7.1882 1.4849 7.8150
4.0808 -2.8362 5.7130
9.4943 0.1049 14.7001
4.2707 -2.7223 6.0496
-21.3567 6.1636 8.9549
-14.9975 2.5424 5.4121
0.5712 -2.6692 4.0190
5.2347 -1.3834 9.2744
-0.5021 -0.5394 7.6430
3.0935 -0.1728 4.8203
5.0961 -0.3910 8.0728
1.5372 -1.3159 3.7753
2.8393 -2.2269 5.4208
4.0649 -1.9581 6.1314
4.2855 -2.2499 5.9878
2.6350 -1.9653 5.7385
1.1917 -1.3055 6.0019
12.1259 5.9323 27.8317
9.3296 0.7043 15.7994
2.3855 -1.8047 5.7016
4.2497 -2.2753 5.8399
-0.5038 -2.0199 4.6919
3.8381 -1.2365 7.6965
6.7775 -1.1688 10.5930
5.0168 -0.8082 8.2212
1.5404 -1.2189 3.7124
5.4789 -2.3321 6.6951
5.3130 -2.8194 6.4583
-4.1335 -1.2135 4.2025
5.7694 -1.7697 8.8135
1.5504 -1.2733 3.7653
2.1545 -1.8727 5.6747
4.9378 -1.5398 7.8602
1.8831 -2.7092 4.6968
4.7578 -1.7568 7.3364
4.5566 -0.7839 10.0772
5.2296 -2.2060 6.7378
-6.9443 -0.1449 4.7084
13.2323 5.2890 27.1888
3.0212 -0.1292 4.8172
3.8204 -1.6722 7.0091
2.5282 -2.9360 4.6175
2.9295 -0.5201 3.9092
-8.5873 6.4089 16.8186
-1.3466 -0.2602 7.7114
3.1943 -0.6606 4.2081
6.8177 -2.8365 7.2932
-0.9274 1.2685 10.9997
-1.2263 -0.8948 6.5165
0.6089 0.8201 10.9934
-2.1516 -1.7537 4.2706
2.5309 -0.3061 5.7665
3.0179 -0.6409 4.4936
2.8427 -0.9217 8.8129
-6.3269 -0.5391 4.2794
10.5767 1.6383 18.3806
8.8258 -0.6962 12.7178
-13.9230 5.9305 12.7837
4.2776 -2.6048 6.0206
-2.3799 -1.4420 4.7598
6.6044 -1.3428 10.1463
4.2459 1.1997 13.8505
6.8978 -2.3579 8.2931
5.9431 -1.7072 6.5979
8.8536 -1.1458 11.8379
7.2075 -2.4648 8.2589
-8.7558 0.7619 5.4689
2.9708 -2.3177 5.4497
2.1091 -2.8248 4.5971
8.8392 -0.6351 12.8471
-6.1735 6.4091 18.2131
0.7740 -2.6827 4.1092
5.1056 -2.9509 6.0763
0.6547 -1.2690 6.1309
3.1543 -1.9294 5.8250
6.6977 -2.9265 7.0446
4.1593 -2.8077 5.8151
5.6303 2.1505 16.5446
4.8492 -2.8799 6.0697
3.3378 -0.3696 10.1989
3.7860 -2.8956 5.4244
-18.0225 3.6203 5.8127
3.0545 -2.9459 4.9018
-0.2448 -2.2995 4.2843
11.2417 4.9025 25.2689
6.5765 -1.6410 9.5360
-0.6281 2.8685 14.3607
5.7826 -2.8194 6.7294
4.1521 -1.1221 9.1698
-1.2492 -2.2794 3.7442
-0.3801 -2.3851 4.0356
1.4957 -2.1898 4.5737
5.3719 -1.6743 8.7740
8.8172 -0.8406 12.4250
2.3180 -0.1054 10.1364
0.8315 -2.9602 3.5894
-6.0930 -0.6032 4.2868
-0.1154 -2.1400 4.6768
5.3132 -2.9213 6.2552
-2.9725 -1.2576 4.7850
4.3026 -0.0649 11.3632
5.0529 -1.9458 7.1805
4.5059 -2.2743 6.0164
0.9472 -0.8949 7.7716
1.8965 -2.9109 4.3027
-3.5490 -1.4419 4.0848
6.7013 -1.5179 9.8534
6.1051 -1.4617 9.6210
5.6787 -2.7662 6.7753
0.9759 -1.9351 4.8480
3.3484 -0.5715 4.2446
7.0672 -2.0330 9.0383
5.4014 -2.8419 6.4643
7.0496 0.1496 13.3772
-7.9099 2.0593 8.5427
6.0979 -2.0939 8.3572
3.1129 -0.1068 4.8018
3.2357 3.4849 17.8205
-12.5844 2.0593 5.8430
3.2388 -1.9609 5.7720
-2.8119 -1.6901 4.0160
4.2624 0.5939 12.6528
5.6797 -2.1852 7.9336
-0.7437 -2.3384 3.9187
5.2219 -2.0674 6.9997
-10.9470 1.6384 5.9501
15.2270 5.9325 29.6231
1.1017 -2.6827 4.2984
8.3202 -0.4395 12.9371
7.0598 -2.3001 8.5019
4.8591 2.9841 17.7602
-2.8070 -0.6653 6.0608
-4.1522 5.0909 16.7538
3.9108 -2.1926 5.8979
-12.0209 2.5425 7.1312
6.2187 -2.6349 7.3489
1.1528 -2.0992 4.7668
6.2288 -2.9510 6.7249
5.6946 -1.6577 8.9934
6.3813 -2.0454 8.6175
-0.0841 2.7566 14.4518
1.9711 4.7201 19.5513
3.4952 -1.8220 6.3512
-4.2372 -0.8946 4.7779
-0.4622 2.0593 12.8441
-1.7864 2.0593 12.0793
2.3686 -2.6761 5.0432
11.3620 1.1996 17.9601
8.6504 -1.2142 11.5842
4.1088 -2.1167 5.8990
8.4114 -1.1458 11.5826
-5.6128 -0.6955 4.3802
-8.3811 0.4883 5.1402
2.5422 -2.8955 4.7063
8.1339 -1.2364 11.2417
1.5264 2.6480 15.1656
9.0277 1.6383 17.4860
12.0904 2.9842 21.9368
3.0019 -0.6096 4.8782
6.0928 -2.8694 6.8090
4.4413 -2.9460 5.7025
3.1685 -0.6611 4.1897
10.2983 6.6664 28.2389
7.0668 -2.6135 7.8813
1.5166 -1.3946 3.8160
3.7149 -2.9411 5.2928
3.0063 -0.5273 4.1855
5.0975 -2.3138 6.4600
-0.2451 -2.4472 3.9899
8.1105 -1.8002 10.1047
-5.1196 -0.4044 5.2451
5.6985 -2.2177 7.8798
6.5886 -2.8694 7.0953
1.3478 -2.6760 4.4539
1.7956 -2.1070 4.8232
-1.6804 -1.6405 4.7684
-2.6089 5.2881 18.0380
1.5841 -2.2765 4.4666
6.4975 -2.8365 7.1083
2.4277 -2.6049 4.9529
4.7536 -2.9111 5.9523
5.2693 -2.7662 6.5390
5.8218 -2.6898 7.0103
3.0991 -0.2537 4.8436
-0.0020 -2.4975 4.0300
5.2475 -0.9218 10.2015
7.7249 -1.9820 9.5198
3.2088 -1.4134 7.0805
4.5702 -2.1961 6.2134
5.0878 -2.9263 6.1151
3.9836 -1.6727 6.6698
5.8643 -2.8800 6.6558
1.1882 6.6657 22.9759
-10.9506 3.2261 9.1115
2.1778 -2.3524 4.7155
4.5823 -2.8584 5.9585
-2.3678 -1.3830 4.8845
4.9795 -2.8530 6.1987
2.7827 -0.5730 5.1338
0.0341 -2.5684 3.9096
6.0208 -2.2900 7.9218
0.7209 2.8685 15.1399
4.8744 -2.3052 6.2151
-2.2335 -1.7995 4.1321
4.9698 -1.6467 7.7381
3.3496 -0.4013 4.1892
2.8196 -1.0815 7.3090
3.1151 -2.8134 5.2007
3.7559 -2.9556 5.2874
2.1542 -0.7256 8.8059
-0.7009 -1.3216 5.9694
1.5709 -1.8470 5.2110
2.6660 -2.7286 5.1104
1.8465 -2.7959 4.5031
5.0171 -0.9607 8.3232
-1.0750 -2.0933 4.2156
-10.2400 2.4402 7.9560
6.0930 -2.7415 7.0638
6.8835 -0.5069 11.9732
13.1303 2.9843 22.5374
-1.3688 -1.4030 5.4216
6.2125 -2.0454 8.5200
-0.1603 -1.7064 5.5149
4.6075 -1.9532 7.0248
0.0804 -1.8439 5.3799
-0.6003 4.5450 17.7173
5.3794 -2.8905 6.3548
-3.0233 6.1649 19.5459
6.3611 -2.5988 7.5030
2.7158 0.3371 11.2480
-4.4976 -0.9736 4.4701
1.6749 6.9340 23.7917
3.8507 -2.0943 6.0580
-4.3040 0.1054 6.7320
-0.6817 3.9070 16.3991
3.2754 -0.6570 4.2243
-0.9848 -2.0934 4.2677
-1.0420 -2.2488 3.9250
6.4190 -2.5689 7.5960
0.2789 -2.7839 3.6216
4.2735 -1.3621 7.7676
2.1637 1.2684 12.7848
6.5476 -1.7543 9.2936
-7.1649 -0.1050 4.6603
6.7471 -2.0699 8.7799
6.2691 -2.5222 7.6026
1.9754 3.3535 16.8307
2.3114 -2.7412 4.8805
2.1884 -2.7659 4.7602
-16.7588 6.9324 13.1423
-6.5956 -0.2223 4.7555
-5.5616 -0.1051 5.5862
4.4064 -1.4815 7.6968
4.8703 -1.0497 9.7288
-1.9483 -1.2136 5.4643
4.2917 -1.6360 7.5356
6.3980 -2.3856 7.9491
3.2854 -0.6413 4.2263
1.5568 -2.0955 4.8335
5.8902 -2.6419 7.1452
-4.2190 -1.1682 4.2434
6.0378 -1.2500 6.4332
3.4918 -2.3905 5.4188
6.4119 -2.7784 7.1745
6.0772 -1.7697 8.9912
3.0330 -1.1648 7.4810
-0.8114 1.4848 11.4977
1.1352 -1.0981 7.4752
4.8583 -2.2132 6.6265
2.5675 -2.7599 4.9912
2.0723 -2.1076 5.1734
4.4319 -1.5283 7.6296
6.0329 -1.3765 6.4417
2.2486 -1.6212 6.1081
3.1291 -0.4151 4.6154
1.7756 1.9705 13.9596
6.9390 -2.6560 7.7230
-9.0508 1.6384 7.0452
2.4287 1.9705 14.3368
3.5513 -2.7599 5.5592
2.5648 -2.7349 5.0393
3.8049 -1.3256 7.5240
3.0930 -0.5236 4.5971
-7.5473 0.3374 5.3212
6.7452 -2.7663 7.3911
-1.1202 -1.7538 4.8662
3.1685 -0.2948 4.8926
5.0863 -1.0742 9.8048
1.4833 -2.3021 4.4431
1.6761 -1.5735 5.9594
-1.0000 -0.6034 7.2278
0.7683 5.4937 20.3981
3.3432 -0.5067 9.9289
4.7817 -1.7226 7.4460
4.6650 -2.9557 5.8123
3.1115 -1.4324 6.6174
2.8644 -0.1558 4.7482
5.5537 -2.1057 8.0195
-4.9111 6.1648 18.4553
2.0862 -2.8636 4.5065
8.1367 -1.1689 11.3778
-0.6096 -1.9007 4.8683
2.2357 0.4880 11.2713
5.0902 -0.9218 10.1106
5.4974 -2.8307 6.5421
2.8549 -2.9059 4.8663
8.0789 -1.7230 10.2404
7.5230 -2.2179 8.9332
5.1113 -0.4319 8.0464
9.9872 0.1049 14.9848
7.5406 -2.1632 9.0523
-0.3670 -2.5453 3.7239
7.0962 0.5403 14.1826
-15.7867 5.0903 10.0332
2.0059 -1.5549 6.1439
3.0153 -0.5795 4.0111
0.8545 1.2685 12.0287
3.4540 -1.9202 5.9009
6.0762 -0.6960 11.1300
3.7779 -2.8851 5.4406
6.9620 1.7181 16.4520
3.1271 -0.5441 4.1725
4.2778 -2.7902 5.9186
2.5880 -2.1914 5.2496
-0.4154 0.3865 9.5379
3.8730 -2.2534 5.5968
0.7143 0.5404 10.4971
2.1978 -2.7781 4.7414
1.7644 0.4880 10.9991
1.2819 -2.2157 4.2285
5.5378 -2.8020 6.6226
4.6862 -1.9511 6.9261
5.3577 4.9022 21.8701
0.4315 -2.5835 4.1089
-1.0891 2.5426 13.4450
0.2517 2.3409 13.8176
5.6166 -2.1954 7.0099
4.7679 -2.7224 6.3367
0.3709 -2.8016 3.6394
4.6544 -1.9824 6.9764
8.6625 0.8796 15.7634
-0.1536 -2.4726 3.9920
6.4772 0.4879 13.7207
2.4959 -2.4271 4.8728
3.0791 -0.7257 9.3400
2.8549 -2.1875 5.7016
5.3674 -2.1765 6.9337
3.7438 -1.0496 9.0783
7.5020 -1.6070 10.1384
-4.9522 0.0188 6.1851
1.3408 -0.2226 9.3384
6.6614 -1.1916 10.4805
4.8496 1.4848 14.7671
4.1406 -1.9033 6.5325
6.1138 -1.8443 8.8636
7.9499 0.9407 15.4735
3.4328 -2.7721 5.4665
1.7876 -1.6973 5.7737
13.9053 6.1662 29.3253
2.2088 -2.8582 4.5881
0.0187 -2.5056 4.0257
5.0121 -2.1413 6.7932
3.8638 -2.4210 5.6482
6.1129 -1.3494 6.4386
-0.5215 -1.3217 6.0729
4.8769 -1.2843 8.4584
-1.1515 -1.0494 6.2516
3.4754 -1.3889 7.1606
2.5059 -0.4116 5.6615
7.0189 -2.2699 8.5383
-3.1304 -1.5173 4.1764
4.8360 -2.5908 6.3398
-4.1097 2.4402 11.4966
-6.5234 -0.2971 4.6482
2.5368 -0.1448 5.8055
5.7018 -1.5541 9.2040
1.4000 -2.8471 4.1430
3.1648 -2.4992 5.3112
1.3109 -1.9596 4.9500
-24.1288 6.9317 8.8845
2.8964 -0.5768 4.7351
-0.5786 -2.1737 4.3422
8.2467 -1.3634 11.0538
7.3463 -2.0940 9.0780
0.8730 -2.7473 4.0375
6.0143 -1.8001 8.8944
0.7306 -2.9649 3.5217
-1.7056 -2.0448 3.9481
1.9738 -2.8133 4.5417
2.3564 -1.6102 6.5060
5.2046 -0.4394 11.1380
3.3286 -2.2233 5.4662
7.5727 1.4108 16.1925
3.5935 -2.8691 5.3660
0.1525 0.8798 10.8488
1.7086 -2.8527 4.3102
0.2802 -2.7091 3.7714
3.6574 -1.8747 6.4001
3.1791 -0.7839 9.2818
-12.5375 3.6204 8.9808
1.0131 -2.9159 3.7825
5.6827 -2.5389 6.7975
4.8280 2.3409 16.4606
0.2756 -1.9815 5.2186
3.1238 -1.6398 6.3812
3.0189 -1.5589 6.4654
-1.4084 -0.4391 7.3193
5.8630 -2.8639 6.6871
-6.3232 -0.0232 5.3095
-10.8857 4.5445 11.7762
4.0012 -2.4081 5.7255
7.2640 -1.0984 11.0141
4.1113 -2.0636 5.8910
-1.5105 -1.5890 4.9691
1.4181 -2.6827 4.4810
6.9604 -2.1058 8.8317
11.4477 2.5427 20.6858
5.3649 5.0915 22.2514
0.2336 -2.5760 4.0096
3.7825 -1.2535 7.6084
0.4840 -0.6431 5.4949
5.9192 -2.3947 7.6545
3.1420 3.9071 18.6077
4.5931 -0.1844 11.2930
6.6908 -2.2801 8.3286
0.7314 -2.8953 3.6608
5.5687 -1.1456 9.9411
1.5129 3.6208 17.0963
5.6279 -2.3532 6.6491
2.9752 -0.2092 4.8594
7.0730 -2.5537 8.0041
0.3467 -2.5684 4.0900
1.1277 -2.8743 3.9317
4.2319 -2.9509 5.5719
6.3758 -2.7962 7.1181
2.5931 -2.6828 5.1595
-1.3988 -2.0448 4.1253
5.2296 -2.8905 6.2683
1.2842 -2.8635 4.0435
8.4175 0.0612 13.9912
5.5020 -2.4922 6.6446
0.5977 -2.5984 4.1753
-4.6042 -0.7253 4.9033
10.4126 1.0032 17.0203
2.7936 -2.8903 4.8619
0.0221 2.5426 14.0868
3.3049 -2.8249 5.2875
5.0661 -0.7525 8.2125
5.5948 -2.2119 7.0063
-0.1526 0.8798 10.6726
2.0860 -1.4508 6.4307
10.4205 1.2683 17.5532
1.4156 -0.3695 9.0889
6.4082 -2.4648 7.7974
2.2592 -2.2578 4.9456
0.1609 -2.2592 4.5989
1.8561 -2.4128 4.4985
5.0625 -1.1915 9.5573
1.1058 -2.7958 4.0754
1.9947 -2.2186 4.6482
8.7674 -0.3699 13.3342
4.0460 -2.9605 5.4454
4.8468 -2.2246 6.6130
-1.9357 -1.8292 4.2449
5.9742 -1.8378 6.6845
4.0147 -2.9111 5.5257
4.9257 -2.0582 6.8472
5.8586 -2.8530 6.7063
2.6951 0.8797 12.3171
5.8123 -2.0735 6.8256
2.0052 -2.8191 4.5484
15.1651 4.9027 27.5352
7.0974 -1.1916 10.7323
3.6727 -2.7350 5.6790
1.6156 -1.9015 5.1345
6.6481 -1.6410 9.5773
2.0652 -1.6669 6.0817
9.8748 1.2683 17.2381
9.2700 -0.7260 12.9149
5.1723 -2.7662 6.4830
-0.9781 -1.0246 6.4013
2.7513 -2.7841 5.0491
-2.6033 -1.6235 4.2693
3.3850 -1.6213 6.6374
4.1291 -2.9557 5.5029
4.3373 -2.4562 5.9746
0.6053 -2.6692 4.0387
-3.5623 -1.2576 4.4445
5.5720 -2.6964 6.8529
2.2408 -2.3189 4.7922
5.4436 -2.7160 6.7397
-3.7436 -1.2357 4.3834
13.4520 4.7206 26.1831
3.4696 -1.5421 6.8758
1.8596 -2.0613 4.9373
2.7530 -2.4439 5.0317
2.0644 -2.2979 4.5748
-5.4578 4.5448 14.9115
0.1617 -2.7839 3.5539
4.5046 -2.6897 6.2498
-5.2769 6.4092 18.7310
3.0473 -0.0850 4.7656
6.5938 -1.9012 9.0276
8.4482 -1.0251 11.8443
2.9106 0.2416 11.1700
3.0141 -0.4902 3.9536
-1.5313 3.9070 15.9083
0.8320 -2.9359 3.6381
5.9563 -2.8079 6.8526
3.8341 -2.8799 5.4836
1.8844 -2.7285 4.6591
4.2086 -1.9284 6.5524
2.4493 -1.8594 5.8579
1.6243 -2.7474 4.4713
7.1381 -0.4049 12.3233
5.2107 -2.7160 6.6052
4.0615 -2.8904 5.5939
5.6343 -2.2816 6.9237
5.1523 -2.5576 6.5050
-3.1149 4.5449 16.2648
-0.7409 -2.1957 4.2047
4.1024 -2.0863 5.8786
12.4918 3.3537 22.9049
2.1674 -0.4047 9.4530
3.0780 -0.3696 10.0489
4.1581 -2.4215 5.8191
3.4565 -1.6929 6.5978
-7.2238 0.5942 6.0196
2.1698 -2.0154 5.3702
4.2292 -2.1187 6.0136
-0.8672 -2.1400 4.2428
0.9009 -2.7899 3.9689
3.5090 -2.3296 5.3687
6.4681 -2.6278 7.5071
12.7736 2.3410 21.0496
5.8635 -2.1962 8.0180
-5.2444 -0.7253 4.5336
4.4230 -1.7311 7.0874
6.2820 -2.7663 7.1236
5.5534 -2.3155 6.7276
2.8543 0.2006 4.7565
10.0138 5.2888 25.3296
3.2364 -2.9110 5.0763
3.3093 -0.4204 4.1825
2.4487 -1.2567 6.9051
-0.0358 -2.6759 3.6550
3.6275 -2.6762 5.7701
2.7415 -0.8678 8.8618
6.0609 -1.9688 8.5851
3.4813 -2.7901 5.4587
6.1194 -2.4127 7.7344
-7.8158 -0.0232 4.4476
6.3907 0.8797 14.4514
5.0224 -2.6964 6.5355
6.1901 -2.9010 6.8022
4.4125 -0.6037 10.3532
7.9299 3.1034 19.7713
2.1534 -1.7301 5.8721
7.0720 0.3370 13.7636
6.3965 -0.6038 11.4988
2.9617 -0.5989 4.6189
8.5346 -0.7260 12.4902
8.8460 1.1997 16.5071
1.7762 -1.5470 6.1022
6.2209 -2.8194 6.9825
4.6500 -0.7840 10.1312
4.2209 -1.9430 6.4971
0.6824 -2.9309 3.5616
4.8597 -2.8852 6.0653
10.8076 0.6484 16.5416
5.2615 1.4109 14.8577
3.0505 -0.5920 4.0930
7.7209 -2.0820 9.3181
2.4675 -1.8374 5.6807
3.6278 1.7181 14.5264
2.1911 -2.2610 4.8792
2.7786 0.2223 4.7120
2.0358 -2.8472 4.5101
1.4699 -2.8416 4.1944
3.6459 5.7081 22.4873
6.3623 -2.7602 7.1822
-1.3834 -2.0448 4.1342
-3.7888 -1.3005 4.2282
-4.4435 -0.2224 5.9982
4.6375 -0.0649 11.5567
3.9482 -1.2889 7.6372
0.7674 -2.6894 4.0920
5.8716 -1.3428 9.7231
4.8389 -1.8993 7.1255
3.2578 -2.4594 5.3307
5.7104 -2.7415 6.8430
-0.7369 -1.8726 4.8508
-8.8673 1.1999 6.2774
3.8983 -2.1380 6.0064
3.2453 -0.5859 4.3322
7.1669 2.6480 18.4234
-0.7523 -1.4613 5.6614
-13.9900 3.7610 8.4220
-6.9990 -0.2600 4.4473
3.0293 -0.1625 4.7819
3.1853 -0.3942 4.1195
4.0767 -1.4300 7.5552
7.1961 -1.4807 10.2132
0.0137 -2.6273 3.7804
-1.5091 -1.9550 4.2406
5.7654 -0.6960 10.9505
-1.3188 -2.0693 4.1227
3.5695 -2.9508 5.1894
6.1492 -1.5895 9.3919
2.8505 0.0488 4.6690
10.3982 2.8687 20.7292
3.9600 -2.3568 5.6660
0.3533 2.6480 14.4881
10.0064 0.0183 14.8232
3.9370 -1.6135 7.0235
17.0088 6.1664 31.1182
0.2229 -2.6623 3.8315
3.1089 -2.8528 5.1187
6.2667 -1.9688 8.7040
-4.9401 5.0909 16.2987
-3.9191 -0.8399 5.0706
5.1431 -2.1420 6.8257
4.1395 -1.9095 6.3100
4.4245 -2.7842 6.0151
2.8138 -0.6349 9.3678
5.2556 -2.0327 7.1608
-0.1723 -2.2896 4.3460
3.2782 -0.6413 4.2223
-5.0804 -0.6345 4.8093
-1.0891 -2.1169 4.1606
-2.1897 -0.4731 6.8004
-9.3988 0.9410 5.4546
-0.3489 -1.6902 5.4382
5.6203 -0.9741 10.3125
-3.3295 -1.2135 4.6667
-8.6911 0.3867 4.7588
6.1424 -2.8420 6.8922
5.9309 -2.6964 7.0601
4.4307 -1.8607 6.9290
1.2240 -1.6979 5.4527
5.1700 -0.1445 7.9443
1.8520 -2.2279 4.5571
-4.6268 -0.8674 4.6070
-0.4030 0.2417 9.2565
-11.1859 2.3408 7.2117
4.4635 -2.3221 5.9306
6.3593 -1.1688 10.3515
6.3023 0.5403 13.7241
-10.4205 4.3761 11.7093
3.8084 -2.3159 5.5665
7.0531 -2.6765 7.7480
6.4512 -2.4038 7.9437
6.7332 -2.7353 7.4461
1.2336 2.4403 14.5826
3.2292 -2.4992 5.3484
6.9109 -2.6279 7.7627
0.3439 3.1032 15.3898
5.0150 -1.6541 7.6924
4.1634 2.8686 17.1282
0.0390 -0.3695 8.2939
5.2645 -2.7962 6.4765
5.2551 -2.7160 6.6308
5.5845 -2.3497 6.6752
1.1391 3.7614 17.1606
6.2301 -1.1222 10.3698
0.4265 -2.7473 3.7797
-0.2402 -2.0199 4.8441
1.6839 -2.9310 4.1399
3.0206 0.5534 4.5141
5.2434 1.0033 14.0350
6.7574 -2.6420 7.6459
5.3815 -2.9606 6.2165
6.0297 -1.9286 8.6471
7.0806 -2.4648 8.1856
4.2532 -1.5247 7.6684
-4.1373 -1.1216 4.3833
5.6210 -0.8404 10.5795
2.4047 -2.7158 4.9851
6.9801 -2.5614 7.9352
4.5228 -1.8570 6.8882
6.0878 -2.6206 7.3017
6.5454 -2.5613 7.6842
1.6957 -2.2498 4.6344
1.8024 -1.4845 6.2262
2.1798 -2.2308 4.9725
4.0923 -1.7970 6.4917
3.3780 -2.8956 5.1889
1.4531 -1.5048 5.8598
2.8294 -2.2055 5.4319
6.4202 -2.4477 7.8383
-2.6807 -0.7836 5.8981
3.0845 -0.3693 4.8005
2.0976 -2.2147 4.9562
2.9320 -1.2422 6.8806
8.2946 -0.4395 12.9223
4.9077 -2.1598 6.5733
3.5687 -1.7525 6.6249
5.2718 0.8797 13.8052
6.7831 -2.8854 7.1757
3.0535 -0.5450 4.2550
7.3022 -2.0455 9.1492
4.0016 -2.8904 5.5593
1.4871 -1.3840 3.8754
-2.1172 -1.7537 4.2905
2.0809 -2.2387 4.9386
0.4619 0.3372 9.9464
2.9288 -2.3157 5.2462
3.3487 -2.5327 5.4365
8.5718 -1.1917 11.5837
3.0641 -2.7781 5.2416
-23.8087 5.9298 7.0729
5.6337 0.2888 12.8368
0.4094 -2.3480 4.5656
6.7074 -1.8001 9.2946
3.7895 -2.8192 5.5786
11.3588 2.5427 20.6344
3.9274 3.2264 17.7048
1.2874 -2.0118 4.0957
-2.5758 -1.6404 4.2513
3.8804 -2.9162 5.4381
3.8115 -2.9411 5.3486
5.9813 -2.8530 6.7771
0.9629 -1.5800 5.6030
4.6032 -2.9009 5.8860
6.0445 -1.6743 9.1624
5.9974 -1.5058 6.5034
1.4332 -1.9616 5.0293
5.4089 -2.2757 6.7064
4.0424 -2.8584 5.6468
-0.2652 -1.7064 5.4543
7.7684 -1.5362 10.4332
3.2312 -0.6959 9.4872
-0.2516 -2.3574 4.1651
1.1633 1.9705 13.6060
1.9755 -2.9261 4.3182
-1.0178 -1.6405 5.1510
3.0763 -0.6078 4.1107
2.8896 -2.5165 5.1634
8.0303 4.3769 22.3669
-1.6670 3.6207 15.2596
2.0135 -0.2227 9.7269
3.6381 -1.9221 6.3267
-2.7931 -0.9737 5.4544
3.7221 -1.2764 7.2798
3.1416 -0.2844 4.8750
5.4722 -0.9218 10.3313
4.1614 2.1505 15.6962
5.4784 -2.9558 6.2820
10.7080 1.3387 17.8595
-0.2210 -1.1453 6.5980
-1.9686 -1.7844 4.3151
4.1260 -2.3815 5.7634
5.9305 -2.7784 6.8966
5.3762 -2.3755 6.4995
1.0415 -1.1034 6.3660
-0.5703 -2.2795 4.1362
4.3960 2.8686 17.2625
5.1732 -1.9380 7.2835
6.8453 -2.1743 8.6287
4.5062 -1.9452 6.7968
-0.5829 3.7614 16.1660
6.7314 4.0581 20.9816
-20.5509 6.6639 10.4171
4.5407 -2.8905 5.8706
0.4227 -2.5137 4.2429
3.7686 -2.6248 5.7423
-22.6226 5.9299 7.7581
5.9544 -1.8378 6.6731
5.9189 -1.3835 9.6694
-21.5859 5.4923 7.4849
3.1223 -0.3460 4.8796
6.6826 -0.5068 11.8572
2.1999 -2.9261 4.4477
6.0062 -2.5536 7.3882
3.8824 -1.4752 6.9738
3.6417 -2.0544 5.8935
3.8213 -2.2524 5.5957
-1.9809 -1.9281 4.0217
6.7947 -1.4231 10.0961
-9.5704 1.4110 6.2920
3.1712 -2.4816 5.3032
1.4637 -2.7899 4.2938
1.0852 -2.8526 3.9503
3.2780 -2.7781 5.3651
3.9207 -0.5067 10.2623
6.5747 -0.8680 11.0752
2.9877 -2.3351 5.4706
5.0850 -2.4604 6.3875
5.5266 -2.1027 7.1499
0.6450 -2.5984 4.2027
-2.1395 -1.9682 3.8502
10.5090 5.2889 25.6156
2.8391 0.2316 4.7162
1.7178 -1.1685 7.6714
7.0593 -0.5069 12.0747
-8.8236 1.0675 6.0387
6.2004 -1.1456 10.3059
4.0629 -1.6491 6.9875
1.0319 -0.6958 8.2172
9.1091 -0.5398 13.1930
-0.7728 -1.4802 5.6118
3.2389 -0.5256 4.4637
0.1070 -2.4810 4.1258
-2.8023 -0.5716 6.2504
3.0070 -0.4462 4.0005
5.0001 -2.0671 6.8708
4.9032 -2.5022 6.3213
1.8411 -2.6026 4.6093
2.4048 -2.9261 4.5660
0.6935 -2.6960 4.0361
1.6621 -2.8743 4.2402
3.3451 -1.7240 6.2364
-7.3884 0.6489 6.0335
5.3006 -2.5125 6.5460
3.6021 -2.9652 5.1796
6.9632 -2.7161 7.6170
8.9351 -0.9999 12.1757
-0.6192 -1.6064 5.4491
1.3018 -2.0178 4.9985
6.5124 -1.9287 8.9258
6.2249 4.7203 22.0085
5.8572 -2.8747 6.6623
2.9157 0.0748 4.7192
3.2971 1.6383 14.1764
4.3674 -1.7926 6.8629
-0.7241 -2.3942 3.8188
-6.3598 0.3374 6.0070
6.6354 -2.3857 8.0862
-9.9795 1.6384 6.5088
-5.2902 0.8202 7.5867
2.9899 -2.8798 4.9962
7.4571 -1.9820 9.3652
-18.3244 6.1638 10.7066
1.8986 -2.2303 4.5569
5.1278 -1.5894 8.8021
1.4421 -1.4410 3.8039
-0.4347 -2.5684 3.6388
5.6806 -2.3435 6.8409
4.2487 -2.9060 5.6710
7.8882 -1.7387 10.0988
1.0786 -1.5312 5.7225
5.0293 -2.9213 6.0913
-7.0601 0.3374 5.6025
3.9982 -2.8852 5.5679
2.0262 -2.1923 4.8481
3.7754 -1.5155 6.8181
4.8956 -2.8193 6.2173
-4.6963 0.0188 6.3328
3.0309 -0.6798 4.1538
3.2503 -2.1543 5.5584
5.2408 -2.3660 6.4275
3.0282 -0.1839 5.1735
5.2540 -1.6068 8.8403
-9.6324 2.3409 8.1090
3.3155 -1.5529 6.8816
0.7143 -0.8122 7.8019
5.6758 -0.3697 11.5490
4.2988 -2.8852 5.7414
8.7608 -0.4050 13.2604
8.9894 1.4108 17.0106
0.8637 -2.9649 3.5986
-5.4278 4.7197 15.2774
4.8249 -1.9024 7.1316
-1.1156 -1.4227 5.5286
4.8983 -2.6830 6.4904
1.8122 -1.7789 5.6696
-0.1260 -1.8146 5.3192
2.9024 2.1505 14.9691
1.6208 6.4097 22.7158
2.5689 -2.0044 5.6153
1.0024 -1.7744 5.1763
-16.3126 4.5443 8.6414
3.8792 -1.3088 7.6073
2.1398 -2.1859 5.0154
3.4362 0.0185 11.0291
0.8718 -2.8689 3.7946
-2.1453 2.7565 13.2614
3.1513 -2.7599 5.3283
-6.6612 -0.0232 5.1143
7.2980 -1.8589 9.5186
-1.6786 3.7614 15.5331
3.3718 -2.8798 5.2167
5.6070 -2.8958 6.4758
-5.6034 -0.6032 4.5696
3.8319 -2.8904 5.4613
4.5721 -2.7783 6.1123
6.9302 -0.2976 12.4171
2.6451 -2.2964 5.0647
0.6673 -2.8901 3.6342
3.9458 1.2684 13.8140
0.1296 -2.1514 4.7957
4.0649 4.2145 19.7531
3.1106 -0.4187 4.8912
4.7209 -2.3367 6.0855
2.7952 3.6208 17.8369
1.8197 -2.6023 4.5965
1.5375 -0.7256 8.4498
-6.0740 0.2419 5.9816
1.7182 -2.7221 4.5759
7.2215 -2.0330 9.1274
-3.1440 -1.2135 4.7738
8.1483 -1.3634 10.9970
-6.1576 -0.1840 5.0848
4.9717 0.0614 12.0013
3.2981 -1.5226 6.9215
-5.5079 0.7618 7.3446
3.9346 -2.1911 5.9071
8.4843 2.1506 18.1929
3.2917 1.8000 14.4955
7.8080 -1.5720 10.3847
4.2089 -1.5014 7.4161
4.1618 -1.9677 6.2242
-0.4156 -2.2173 4.3496
4.7386 -2.8799 6.0059
7.6327 -0.9483 11.5263
-0.5816 -2.4032 3.8832
1.2717 -1.3756 5.9610
0.8173 -2.8635 3.7739
4.9363 0.5939 13.0419
4.2987 -2.0795 6.2662
5.1266 -0.4342 8.0350
-2.7608 -1.2357 4.9509
1.9831 -2.6895 4.7939
6.8779 -2.2389 8.5186
2.1414 -2.3297 4.6384
7.5602 0.0184 13.4106
1.9265 -1.2531 6.5296
5.8704 -2.3856 7.6445
7.1646 1.9705 17.0720
2.9909 -0.5203 3.9435
0.3751 -1.0801 5.8114
1.7363 -2.8954 4.2410
-0.2907 -1.4421 5.9662
1.7637 1.2684 12.5538
-11.5503 2.0593 6.4402
3.3595 -0.5364 4.2643
0.3295 -2.6415 3.9346
4.5570 0.1952 12.0284
1.4032 -2.0800 4.7400
-0.6675 -1.8439 4.9481
2.6978 -0.6717 4.7478
2.9788 -2.7960 5.1568
8.2435 -1.4035 10.9719
3.0093 0.5560 4.5458
10.2366 2.2444 19.3920
-0.8559 -1.9417 4.6444
2.8063 -2.8851 4.8796
8.2336 -0.6038 12.5597
-0.8811 -1.3424 5.8240
1.5091 -2.9006 4.0995
4.4094 -2.8019 5.9711
2.2793 -2.4244 4.7413
-0.5468 -2.2995 4.1099
6.1774 1.7181 15.9989
2.1833 -2.0646 5.2883
0.2253 -2.4727 4.2107
1.8668 -1.6715 5.8773
3.8912 -2.2683 5.5845
0.1595 -2.6893 3.7411
1.8760 -2.9006 4.3113
6.6142 -2.6207 7.6057
2.5134 -1.1392 6.9881
4.2161 -2.3877 5.8301
6.2918 -1.8872 8.8810
5.7121 2.5426 17.3731
5.1454 -2.9363 6.1285
-0.6787 -2.1626 4.3065
1.8535 -2.1725 4.6510
-2.0029 -1.5356 4.7912
2.4115 -2.9007 4.6205
5.0785 -2.9163 6.1298
4.7150 -1.6582 7.5486
-2.1441 -1.8866 4.0101
2.0163 0.6486 11.4646
-1.8034 2.9840 13.9120
5.6938 -0.2605 11.7770
4.6328 -2.9411 5.8228
1.0765 -2.9554 3.7405
3.0449 -2.5338 5.2638
-5.8213 -0.1449 5.3569
-2.5817 2.8685 13.2324
2.5914 -2.5337 5.0018
3.0283 -2.7841 5.2090
3.5282 -1.8569 6.1701
10.9422 5.2889 25.8659
7.3046 -0.4735 12.2829
2.0874 -1.8364 5.6955
5.9418 -2.7962 6.8676
8.4331 -0.5721 12.7382
3.4336 -1.8893 6.1283
-3.6686 -1.0978 4.7013
0.8178 -2.5910 4.3172
3.0780 -2.0306 5.7849
8.6705 1.5605 17.1248
3.1501 -1.7117 6.2359
6.9864 2.6480 18.3191
1.2456 -1.8853 5.0590
3.8483 -2.2178 5.7157
7.1883 -1.0498 11.0673
-1.1403 -2.2488 3.8682
3.0781 -2.5884 5.3201
4.0254 -1.9056 6.1704
4.9735 -1.9191 7.1521
-5.0453 -0.8399 4.4203
9.0425 4.9024 23.9986
4.2742 -2.2189 6.0350
-18.5189 3.9064 6.0962
2.8332 0.4112 4.7471
2.8731 0.2668 4.7677
3.4808 -2.7413 5.5556
5.0835 -2.1282 6.7912
-0.8760 -1.6738 5.1665
3.1402 -2.2568 5.4880
-6.2784 6.9333 19.1970
5.0985 -2.6044 6.4934
3.3985 -2.8249 5.3416
2.3300 -1.5228 6.5410
10.5763 1.1326 17.3728
2.0063 -2.1473 5.0327
0.7807 -1.1869 6.2274
4.8844 0.1051 12.0381
4.7392 -1.4706 7.9722
6.1599 -1.8150 8.9487
8.2877 0.2887 14.3694
-0.0434 -1.7224 5.5505
-4.3163 0.2891 7.0909
2.8471 -2.1772 5.7113
8.9506 -0.4735 13.2334
3.2669 -2.3625 5.3389
4.2911 -1.5746 7.3289
1.8487 -2.9260 4.2450
3.7221 -1.4552 7.2175
1.3692 -2.8471 4.1252
-23.5128 6.1634 7.7094
-4.1799 3.6206 13.8081
4.2404 -1.7830 6.8222
4.0213 -1.3079 8.0244
0.3638 -1.1393 5.7568
4.0084 -2.2211 5.8879
17.5612 6.4110 31.9245
0.2703 6.6656 22.4457
5.6859 -2.0076 8.2911
6.6067 -2.7416 7.3604
7.9563 0.2414 14.0838
3.0498 -0.0253 4.8189
-2.6788 -0.5716 6.3217
2.3497 -2.3330 4.9239
0.8964 -2.8304 3.8856
1.8863 -1.8094 5.6076
4.1403 -1.8219 6.7228
4.5863 -2.1542 6.3704
-1.5746 -0.8400 6.4244
4.5735 -0.5067 10.6393
6.2140 -2.8958 6.8263
-0.5014 -1.6573 5.4157
3.2000 -2.3190 5.3461
10.2481 0.2887 15.5016
1.0179 -1.1986 6.1154
7.6686 3.6210 20.6518
6.2657 -2.1174 8.4072
8.1645 -1.0250 11.6805
5.4035 -2.7903 6.5686
-1.3920 -2.1737 3.8725
-2.6233 -0.7547 5.9887
2.7899 -2.8361 4.9677
4.1947 -2.9162 5.6195
0.9006 1.4109 12.3392
-2.0111 5.4935 18.7925
6.5893 -1.1688 10.4844
5.7489 -2.4824 6.7927
2.4971 -1.8786 5.6072
1.8183 -2.7285 4.6209
4.6863 0.4879 12.6864
6.7571 -2.7226 7.4852
6.8332 -2.2071 8.5563
-3.7967 -1.0978 4.6274
5.2201 -2.9558 6.1328
3.3164 -0.3749 4.3887
7.0110 0.3370 13.7284
1.4530 -1.5863 3.9072
2.9471 -0.6667 4.4792
-8.5079 1.0674 6.2210
7.5757 -0.6351 12.1175
3.9731 -1.2566 7.7832
3.4071 -2.0376 5.6539
5.2927 -2.3141 6.5735
6.7805 -2.3857 8.1700
0.6025 -2.5057 4.3628
0.8726 1.5606 12.6213
-12.0053 2.0593 6.1774
12.2122 2.3410 20.7254
3.0287 -0.0849 4.7552
3.2907 -2.5712 5.4327
10.0077 0.9407 16.6619
2.2261 5.7080 21.6671
5.9620 0.7615 13.9685
2.4023 -2.8582 4.6998
-4.6648 -0.7835 4.7524
1.4262 0.7045 11.2352
1.3380 -1.9433 4.1349
8.4991 -0.8126 12.2971
3.1115 -0.0636 4.8031
4.3729 -2.7600 6.0336
7.0932 0.3863 13.8740
-3.2155 -0.5392 6.0761
8.1439 -0.3698 12.9742
-4.1382 4.2141 15.0148
-4.9465 4.0577 14.2363
6.6912 -1.2141 10.4529
2.3638 -1.9696 5.5368
2.3835 -2.3708 4.7898
6.2449 -1.5361 9.5535
-5.3871 -0.2971 5.3044
5.8490 -2.6559 7.0936
2.9799 -0.0198 4.7309
4.0282 -1.9637 6.3522
-1.0000 -0.4731 7.4875
3.7418 -2.4404 5.5945
3.2870 -0.4289 4.1981
-5.8256 5.2879 16.1799
2.3418 -0.3027 5.9784
4.5658 -2.3367 5.9961
8.4143 -1.1223 11.6310
3.8920 -2.5152 5.7390
2.9705 -0.4159 3.9745
3.0051 -0.1953 5.1635
4.1164 -1.7124 6.8952
9.8862 0.2887 15.2925
4.0280 -2.2930 5.7572
3.2804 -0.3900 4.1336
4.6602 -1.8160 7.0734
-6.0678 -0.1449 5.2146
2.4047 -2.1682 5.2408
10.5894 0.5402 16.1999
4.1635 -0.6959 10.0255
7.5065 -0.8405 11.6682
2.8244 -1.8845 6.0415
3.7301 -2.7960 5.5906
2.4167 -2.6049 4.9466
-7.0701 6.4091 17.6951
4.9100 0.2888 12.4189
-21.0198 6.1636 9.1495
5.1289 -2.9009 6.1895
3.3884 -0.4242 4.2144
0.3467 -2.1053 5.0129
3.7297 -2.8362 5.5103
2.0054 -2.7412 4.7038
2.1205 -2.2805 4.8566
5.5803 -2.0576 8.1305
-2.6708 5.2881 18.0023
-2.6107 -0.7836 5.9385
3.0872 -0.3564 4.8121
3.1055 -0.4409 4.0779
-0.6147 -2.1285 4.4114
2.9407 -0.0611 4.6479
4.5907 -2.2724 6.0602
6.7779 -2.7963 7.3503
3.2566 -1.6228 6.3393
0.1101 -0.2973 8.4788
8.0116 -1.0499 11.5427
1.3636 1.2685 12.3228
3.8752 -2.0332 6.1493
1.8939 -1.7135 5.9425
3.8527 -2.8638 5.5264
5.7585 -1.0498 10.2417
2.7236 -2.4876 5.0583
3.3294 -2.9059 5.1402
2.6039 -2.8903 4.7523
5.7614 -2.8639 6.6285
4.9837 -1.4356 8.1454
10.1536 3.9074 22.6576
6.0329 -1.3661 6.4417
-12.9572 1.9705 5.4508
2.6288 -2.0402 5.3548
-3.7808 -0.4045 6.0182
4.1338 -2.8193 5.7775
3.0506 -2.9651 4.8612
3.1935 -2.2513 5.5032
15.7596 4.9027 27.8786
4.3333 -1.3353 7.9851
5.5455 -2.7095 6.8114
1.6356 4.3766 18.6732
7.1294 -2.1175 8.9059
2.9766 -0.6755 4.4258
-0.4270 -1.9551 4.8654
3.1791 -2.3444 5.2738
7.6672 -1.7698 9.9093
4.5331 -2.3535 5.9890
5.0111 -2.2150 6.4856
-2.3239 -1.8866 3.9063
-0.4041 1.8000 12.3611
1.4975 -1.7579 5.2750
4.2191 -1.9835 6.2655
3.8131 -2.1199 5.8991
4.9131 -2.5672 6.3604
0.2260 -2.6057 3.9461
6.3772 -2.7416 7.2279
1.9136 -0.5718 8.9735
3.6678 -2.7287 5.6888
2.1748 -2.5495 4.7687
3.5656 -2.3105 5.4131
3.4487 -2.9262 5.1687
0.8682 1.1998 11.8998
4.2286 4.9021 21.2178
4.0139 -0.1453 11.0364
3.2347 -1.6460 6.4886
4.8642 -2.9362 5.9662
-12.7621 4.9012 11.4033
5.7713 -2.6764 7.0079
2.9955 -2.6060 5.2831
5.6742 4.3768 21.0060
1.8296 -2.8361 4.4132
3.8228 -2.1846 5.7126
5.0118 -2.1641 6.6892
3.7184 -1.2365 7.6275
-1.9012 -0.4046 7.1036
-1.0796 1.8000 11.9709
2.3159 -2.0758 5.3533
-5.0683 -0.8399 4.4070
-1.0002 2.9840 14.3760
6.9882 -2.5766 7.9096
6.7802 -1.5720 9.7913
3.1105 -0.5765 4.1235
-8.9070 6.6648 17.1438
3.2859 0.5662 4.4032
1.5046 -1.7692 5.2537
-0.9058 -1.4989 5.4977
0.3361 -2.5137 4.1929
0.1683 -2.6759 3.7729
5.6557 -1.8150 8.6576
-0.1482 -1.4803 5.9725
-3.6916 -0.8675 5.1471
2.2207 -1.8060 5.7820
3.1148 4.5451 19.8633
2.5510 -2.5707 5.0047
3.1825 -1.8569 5.9708
4.8345 -0.1055 11.5896
0.5300 -2.3668 4.5978
5.4603 -2.2222 6.8796
-0.9028 -0.6347 7.2216
-7.5195 1.0035 6.6644
-3.8884 -1.2791 4.2132
2.0662 -2.2422 4.8639
-13.5533 3.4845 8.1233
6.1665 -1.4994 9.5814
6.2462 1.4848 15.5737
4.0731 -2.9262 5.5292
1.3491 -2.3162 4.3357
-2.2874 -0.4045 6.8805
4.4947 -1.6176 7.3767
5.4538 -0.2605 11.6384
5.4379 1.8000 15.7350
3.4177 -0.9996 8.9897
5.8045 -1.9286 8.5170
4.6266 -1.6726 7.4771
6.3009 -0.8680 10.9171
5.3169 -2.8530 6.3935
-0.1349 -2.2995 4.3477
0.9935 -1.5999 5.4899
5.0331 -2.7224 6.4898
5.9113 2.0593 16.5250
2.5608 -2.8417 4.8243
-0.2257 -1.6903 5.5093
3.0783 -0.7897 4.1768
3.9906 -2.6963 5.9398
1.6088 3.7615 17.4319
10.4989 3.4851 22.0157
-0.5370 -1.6573 5.3952
6.1418 -2.6278 7.3187
4.5064 -2.1265 6.3204
6.1009 -2.9010 6.7507
1.3410 -1.8378 4.0104
2.8718 -2.9110 4.8658
2.0536 -1.3879 6.3284
2.7022 -0.6224 4.8810
0.1205 -2.1400 4.8130
3.1709 -2.2848 5.4048
1.9548 -1.2564 6.6153
0.0091 -1.6236 5.7776
-3.3576 -0.7836 5.5072
-17.4129 6.4082 11.7201
15.9293 6.1663 30.4946
0.4468 -0.7338 5.5340
-3.5570 3.7613 14.4482
3.7029 -2.3888 5.5365
1.4281 -1.6927 3.9781
6.5866 -0.2976 12.2187
2.8506 0.4853 4.6441
3.2534 0.5700 4.4739
4.8015 -1.5995 7.6830
-2.3586 -1.1683 5.3176
0.5156 5.4937 20.2522
0.5471 1.4848 12.2823
6.7661 -2.8365 7.2634
-1.0436 -1.0246 6.3635
4.2587 -2.8852 5.7182
2.2704 -1.2623 6.9198
6.0748 -2.4477 7.6389
0.9578 -2.6485 4.2834
1.2798 -2.9602 3.8483
4.9711 -2.9509 5.9987
-13.1115 4.3760 10.1549
10.8657 2.7567 20.7761
-1.4162 -0.6034 6.9874
-0.6707 -2.1052 4.4255
10.8290 1.0032 17.2608
6.0317 -2.1742 8.1588
-2.0851 -1.2358 5.3410
1.6449 -0.6035 8.7551
7.9581 -1.7851 10.0468
0.5463 5.2883 19.8606
2.1532 -2.1001 5.1939
7.1009 -2.3948 8.3369
13.1439 6.4106 29.3727
6.6470 -2.2071 8.4488
2.6709 -2.7158 5.1388
2.9025 -2.3048 5.2024
4.4718 -2.0256 6.4657
6.2177 -2.9164 6.7875
4.5646 -2.7902 6.0842
-0.2346 -0.5717 7.7331
6.6568 -2.7904 7.2921
-4.2619 -0.8675 4.8178
-3.9493 -1.3004 4.1355
2.5681 -2.7900 4.9314
5.2904 -2.1799 6.8152
-3.5055 4.7198 16.3878
2.7457 -2.6693 5.2745
4.5037 -2.3369 5.9607
-0.9998 -2.1847 4.0769
1.8954 -2.7285 4.6654
12.2476 4.0583 24.1678
2.5906 -2.3163 4.9873
4.5580 -2.7224 6.2155
0.1316 -2.1170 4.8654
3.4805 -0.3339 10.3525
9.3086 1.3387 17.0513
2.2964 -2.8797 4.5958
1.6077 -2.7221 4.5121
7.7322 -1.9013 9.6849
6.3777 -2.6696 7.3715
8.5303 -1.1917 11.5597
-0.9139 2.3409 13.1444
2.8429 0.1686 4.7525
7.0141 1.6383 16.3231
-4.5613 0.5941 7.5572
0.9884 -2.6415 4.3150
3.3405 -0.4930 4.1957
1.2785 -0.4732 8.8031
2.5843 -1.9949 5.4180
-0.4061 -2.5137 3.7644
5.4454 -2.1636 6.9377
-0.0435 0.1053 9.1923
3.6703 -2.7028 5.7418
-10.2891 1.6384 6.3300
2.5147 -0.5067 9.4505
0.3932 -1.1395 5.7799
-0.5172 -0.8401 7.0350
-0.1034 -0.8401 7.2739
-7.6877 0.7047 5.9720
5.7608 -1.8000 8.7480
3.1713 0.5939 12.0227
2.8578 -2.7413 5.1960
0.0941 -1.7693 5.5365
-0.0595 -2.3760 4.2390
6.8805 -0.4049 12.1746
4.2774 -1.6469 7.2152
-15.9209 3.6203 7.0266
9.7138 0.4878 15.5898
12.7857 5.9324 28.2128
-1.7476 -1.7844 4.4427
9.5108 1.1326 16.7574
5.5511 -2.3827 6.6467
0.1403 -0.1842 8.7216
5.5494 -1.2581 9.7058
6.9485 -2.2390 8.5594
-3.1915 -0.9737 5.2243
8.0191 1.1326 15.8960
0.1608 -1.8868 5.3410
6.8172 -2.4038 8.1551
4.9456 -0.1453 11.5744
5.2099 -2.4418 6.4171
7.3626 1.6383 16.5244
1.5025 0.2889 10.4511
-2.7520 -1.4612 4.5067
0.9854 -2.7348 4.1274
2.1633 -1.7656 5.7949
8.2262 -0.7259 12.3122
2.2453 -2.2043 5.0913
6.8726 -2.2284 8.5365
6.3971 -2.3672 7.9853
6.9209 -2.1175 8.7855
-15.1372 2.8683 5.9807
3.1357 -0.6885 4.2753
-0.6074 -1.5174 5.6333
3.6295 -1.6921 6.6927
3.7209 -2.0351 6.0162
-0.4783 0.1053 8.9412
-3.1720 4.5449 16.2318
7.5162 1.1997 15.7391
5.2609 -2.8194 6.4282
1.4350 -2.1415 4.7764
12.5631 2.9843 22.2098
1.8777 -2.1930 4.6504
0.3143 -2.6623 3.8843
6.7217 -0.6961 11.5028
2.6124 -1.9833 5.6751
5.8258 -2.1124 6.8020
-0.2280 4.9019 18.6435
4.6094 -2.0852 6.6085
1.6454 -2.4676 4.4188
-17.3052 6.6641 12.2921
6.3039 -2.3672 7.9316
-10.1200 1.0035 5.1626
4.6717 -1.7580 7.2941
15.1754 5.4946 28.7206
2.8641 -0.4765 5.1551
4.0331 5.7081 22.7110
1.9065 -2.4139 4.5301
1.7014 -2.2563 4.6195
-4.7592 -0.4044 5.4532
5.1461 6.9343 25.7970
0.9751 1.4109 12.3822
-1.0366 -1.5715 5.2777
2.1728 0.4880 11.2350
-1.7733 -0.2602 7.4650
0.4620 -2.6202 4.0535
2.8116 0.2693 4.6866
0.7991 -2.9554 3.5803
12.0735 2.8687 21.6968
5.4574 -1.4617 9.2470
2.7848 0.4226 4.7200
2.0247 -2.9006 4.3972
-3.6593 -1.2135 4.4762
3.3564 -2.6896 5.5868
-0.4850 -0.4046 7.9214
0.3721 -2.7473 3.7483
-7.1563 0.4882 5.8475
9.4031 -0.3341 13.7726
0.4790 -2.5685 4.1664
0.5442 -2.6057 4.1299
6.0346 -2.2900 7.9298
6.6037 -2.7904 7.2615
-8.2151 1.7182 7.6868
3.2741 -1.9401 5.8210
0.0703 -2.6691 3.7298
3.9692 -2.7538 5.8128
5.5776 -2.7783 6.6928
3.0378 -2.8362 5.1108
6.3563 -2.7540 7.1911
2.9950 -2.5515 5.2464
3.0289 -2.9410 4.8967
1.1341 -2.7026 4.2774
2.2709 -2.6070 4.8668
3.8175 -1.5659 6.8469
-13.3633 5.0904 11.4331
12.6174 2.0593 20.3981
2.9381 -2.3775 5.0969
9.9492 2.7567 20.2467
2.5244 -2.3072 5.0575
-0.2673 -2.4726 3.9263
-0.3514 0.6487 10.0973
5.2303 -1.6742 8.6923
5.1064 -2.4494 6.4029
8.0616 -0.6351 12.3981
1.7729 -1.2953 6.4997
6.9908 -2.2071 8.6473
-1.3209 -1.7996 4.6590
4.8780 -2.7160 6.4131
6.1097 -2.9163 6.7252
-11.7891 3.4845 9.1423
1.0000 2.8685 15.3011
1.8128 -2.7780 4.5191
-10.6193 3.3532 9.5562
4.3747 -2.7351 6.0843
11.1236 1.8841 19.1863
1.9430 -1.6884 5.9188
4.1267 -2.5880 5.9244
3.7972 -1.9980 6.2407
2.2639 -2.3286 4.8305
7.7453 -0.2229 13.0368
-6.4658 -0.2600 4.7552
1.7042 -0.0235 9.9451
2.7884 -0.0891 4.5700
-10.4956 0.9411 4.8212
7.2391 -2.4478 8.3111
-1.1090 -1.0246 6.3257
-3.7005 -1.4225 4.0360
5.9431 -1.6061 6.5979
-1.6205 -1.4989 5.0851
5.7844 -2.1948 6.8742
3.4982 -2.4510 5.4783
0.4391 -2.6344 4.0119
-6.5232 0.5406 6.3175
7.2368 -0.9742 11.2460
3.4607 3.9071 18.7918
-0.9212 -1.3628 5.7600
-4.9014 0.7047 7.5811
-10.1361 1.7182 6.5773
-0.5054 -2.3573 4.0185
13.8572 4.9026 26.7798
3.1754 -1.1457 7.6210
2.9425 -2.3468 5.1432
3.0857 -0.1628 4.8135
4.1469 -0.2605 10.8837
1.2904 -2.9210 3.9326
-3.5183 -1.2357 4.5134
6.4436 -0.4734 11.7858
4.7213 -2.8957 5.9645
-5.6026 4.7197 15.1765
7.6051 -1.4232 10.5641
2.9926 -0.6148 4.0689
2.7373 -2.6895 5.2294
4.7510 -2.1761 6.4112
-0.2545 -2.5375 3.8044
6.5437 -2.6349 7.5365
2.8121 0.0260 4.6736
6.1306 -2.9010 6.7678
2.7785 -1.0792 7.1265
3.2646 -0.5779 4.2048
4.8877 -1.4635 7.9808
1.3349 -2.9108 3.9785
8.9461 2.1506 18.4596
-15.9722 3.6203 6.9969
7.6545 1.9705 17.3549
4.0191 -1.7192 6.5971
-1.5628 -1.9281 4.2632
6.8874 -2.4127 8.1778
1.9172 -1.9283 5.4300
6.2598 -2.7225 7.1981
7.1776 -2.5143 8.1431
-1.5741 -2.0814 3.9513
-9.3303 2.3409 8.2834
2.7709 -1.8310 6.0617
-1.9215 -1.7223 4.4661
5.7382 -2.8021 6.7383
2.4400 -2.3929 4.8173
6.3806 -1.4425 9.8183
6.3434 -1.0498 10.5794
2.8637 -0.1285 4.6218
-15.6589 3.7609 7.4581
-10.3714 1.7182 6.4415
8.1565 -1.1917 11.3438
1.7653 -2.8902 4.2682
4.5901 -2.8078 6.0639
4.7666 -2.9313 5.9197
-2.6472 -1.2576 4.9729
3.0521 -0.4801 4.0841
8.2538 2.7567 19.2675
1.8059 -2.7157 4.6393
3.5723 -1.4961 6.9975
4.9500 -2.0692 6.9017
-1.7088 -0.4731 7.0782
-0.8387 -1.6405 5.2544
3.6294 -2.8638 5.3975
-16.4532 3.1029 5.6881
5.5757 -2.3540 6.6808
0.9300 2.1505 13.8300
4.3408 -0.9996 9.5228
7.9782 2.9842 19.5617
4.3362 -2.4957 5.9796
4.6195 -2.1050 6.4020
3.0003 0.5429 4.4845
-17.3013 5.0902 9.1583
6.5291 -1.8731 9.0462
2.8811 -2.9459 4.8017
4.3205 -2.9557 5.6134
2.6247 -2.8361 4.8723
-1.9041 -1.7223 4.4761
6.7684 -2.8531 7.2316
3.2539 -2.7960 5.3156
1.2464 0.0186 9.7646
1.3797 -0.4732 8.8616
6.7534 -0.9219 11.0710
1.5083 -2.7221 4.4547
-1.9299 -2.0198 3.8684
10.8442 3.9074 23.0565
1.9550 -2.0948 5.1616
5.7192 -2.7723 6.7866
0.0981 -2.4033 4.2756
2.8204 -1.0980 7.0901
0.9964 -2.7719 4.0598
0.0959 -2.7535 3.5765
6.0747 -2.8958 6.7459
-0.0182 -1.0246 6.9556
2.9970 -0.5763 4.0588
5.3706 -2.2301 6.8512
6.6995 -2.0939 8.7046
3.0158 -1.1989 7.2738
0.9200 3.1032 15.7225
1.8936 -2.0349 5.1727
1.4840 -2.0035 4.9858
-13.9718 4.0574 9.0231
8.3655 5.9321 25.6593
7.1189 1.7181 16.5426
13.9269 3.7618 24.5469
-0.5495 -2.1737 4.3589
5.9594 1.1327 14.7064
7.7316 -1.3221 10.8385
3.7911 -2.7159 5.7855
4.2057 -0.1453 11.1472
-2.1035 -1.3005 5.2014
2.6173 0.0614 10.6417
0.9058 6.6656 22.8128
-1.9028 -1.3006 5.3172
5.1984 -0.1725 7.9018
1.6684 -2.5088 4.4412
3.0564 -1.9761 5.8418
0.1835 -2.5983 3.9362
4.7885 -2.7095 6.3743
6.1033 -1.8297 8.8866
2.9369 -0.4290 5.1838
1.2778 -2.2205 4.2397
3.0004 3.2264 17.1694
0.9596 -1.5601 5.5860
-3.1437 -1.6234 3.9572
-5.3211 -0.8399 4.2610
-1.4957 -1.8583 4.4411
10.0553 2.6481 20.0916
3.2544 -0.4522 4.1507
-0.2088 -2.5453 3.8152
4.1229 -2.7782 5.8530
4.0602 -2.8362 5.7011
2.6437 -1.9390 6.0449
1.3379 -2.0269 4.1349
2.0114 -0.8678 8.4402
2.2729 -2.2644 4.9359
1.2991 -2.8743 4.0306
5.1521 -1.8454 7.4274
5.9444 -1.8378 6.6673
4.8027 -2.2951 6.1481
4.7896 -2.3967 6.1824
4.5552 -1.8988 7.1097
9.8688 2.9842 20.6537
5.7690 -2.3000 7.7566
2.4052 -2.2947 4.9552
-19.6492 6.9321 11.4724
3.9875 -2.4247 5.7281
-1.2386 1.8000 11.8791
3.0889 3.9071 18.5770
-14.8198 2.5424 5.5147
1.2594 -2.7598 4.2360
1.4747 -0.7838 8.2976
4.9505 -1.4202 8.1690
7.5848 -2.0820 9.2396
5.1879 -2.2629 6.5786
5.0000 -2.8530 6.2105
-9.7902 2.8684 9.0690
-1.0410 1.9705 12.3329
-18.7357 3.7608 5.6809
6.9055 -2.5989 7.8174
-6.3120 -0.2971 4.7703
2.6959 -0.8678 8.8354
2.8539 0.3046 4.7174
-2.6053 -1.7995 3.9174
2.7765 -2.7028 5.2257
7.1947 -1.4035 10.3663
3.7021 -2.1754 5.7648
-1.9654 -1.9682 3.9507
6.9377 -2.1853 8.6600
0.3451 -2.0815 5.0594
1.3630 -2.9310 3.9546
7.1999 -1.9150 9.3500
2.5167 -2.3134 5.0022
4.2684 -1.1687 9.1442
13.3085 3.1035 22.8779
1.0540 4.0579 17.7023
3.7262 -2.7028 5.7740
8.2054 0.4878 14.7187
2.7429 0.2589 4.7265
9.0017 1.0672 16.3329
2.3092 -2.1683 5.1860
-0.6708 5.9314 20.4393
-16.8053 5.7067 10.6732
4.1696 -2.9060 5.6253
2.3727 -2.3575 4.8105
4.4998 -1.8415 7.2004
5.3681 1.9705 16.0344
5.9276 -2.9413 6.5703
5.9838 -2.7602 6.9637
0.0609 -1.7224 5.6107
4.9894 -2.4440 6.3229
-1.8490 5.0911 18.0843
6.5316 -2.9364 6.9289
-4.9816 -0.2224 5.6875
-21.2233 5.2870 7.2853
0.4608 -2.5608 4.1711
0.2246 -2.7091 3.7392
2.9579 -0.4083 3.9661
5.8191 -2.1053 6.8137
7.1489 -0.5720 11.9966
2.7378 -1.1764 7.0364
-10.3358 1.1329 5.2958
1.5028 -2.2515 4.6423
3.1639 -2.4131 5.2542
-0.3030 -1.7845 5.2768
2.6774 -1.0741 8.4138
4.2764 -2.7094 6.0787
-1.2874 -1.4421 5.3907
7.8383 -1.0499 11.4426
7.9193 0.7044 14.9849
3.1202 -0.4187 4.8966
3.7525 -1.5023 6.8362
2.7793 -2.2493 5.2584
-17.1924 6.9323 12.8918
0.4309 -1.2674 5.9679
0.8310 -0.0235 9.4408
5.7279 -2.2860 6.8839
2.2395 -2.4823 4.7668
7.6064 -1.9287 9.5575
4.7686 -1.9354 6.9056
2.7317 -2.1960 5.1156
4.7019 0.2415 12.2045
5.5322 -2.8194 6.5848
6.9436 -2.2284 8.5775
2.7266 -2.4095 4.9932
3.8926 -2.6830 5.9097
-21.7446 6.9319 10.2619
1.2847 -2.0907 4.2276
-9.6568 1.8842 7.1848
1.0478 -2.9554 3.7239
-3.5048 -1.1451 4.7018
-0.4487 -1.9814 4.8004
4.0227 -2.8077 5.7363
5.5404 -1.4231 9.3719
8.5866 1.4847 16.9253
0.0020 -2.6691 3.6903
0.4079 -1.0495 7.1521
4.1682 -1.7842 6.8743
1.6032 0.5404 11.0104
-1.8880 -1.6064 4.7165
8.0315 4.7204 23.0520
4.2717 -2.8474 5.8011
-0.8734 -2.2488 4.0223
13.2771 4.7206 26.0821
0.9558 -2.7221 4.1357
3.1141 -2.2213 5.5229
-0.4367 -0.6034 7.5530
1.3133 -2.5522 4.2772
2.7979 -2.0459 5.6809
1.3173 -2.2855 4.3369
4.3130 -2.7722 5.9747
3.0301 -2.4107 5.1713
3.9808 -2.3075 5.6451
2.2488 -1.6557 6.1079
1.0829 0.4367 10.5033
0.7564 -2.6057 4.2524
5.3074 -1.2362 9.6097
4.0183 -1.0248 9.2863
-8.5800 1.1999 6.4434
-0.3297 0.8201 10.4514
10.4448 2.8687 20.7561
-3.5909 -1.3215 4.3006
4.3608 -2.9605 5.6271
5.9388 -1.8100 6.6455
2.8164 -2.2982 5.1685
3.2073 -2.8018 5.2771
5.1651 -2.7288 6.5533
1.6666 -2.6828 4.6245
-1.6754 -1.9281 4.1982
-2.3853 5.9313 19.4488
-3.4352 -1.3422 4.3492
4.1360 -2.1530 6.0256
2.1554 -0.6959 8.8660
5.6325 -2.0329 8.2099
5.5622 -1.8587 8.5163
0.3394 -2.7473 3.7294
2.1404 -2.5690 4.7640
-4.0510 -1.2135 4.2501
2.9833 -2.8903 4.9714
5.8636 -2.6964 7.0212
1.6473 -2.8527 4.2748
0.2512 0.0186 9.1899
7.1821 -2.3673 8.4386
2.2633 -2.8361 4.6636
3.2136 -0.3732 4.5905
1.8314 -2.9458 4.1956
3.5986 -1.8905 6.2290
-3.0843 -0.0233 7.1798
-9.4890 1.9705 7.4539
1.3752 -2.6894 4.4430
3.0111 -2.7028 5.3611
6.2244 -2.5536 7.5142
-1.1072 -2.0448 4.2936
1.9635 -2.8248 4.5130
2.5121 -2.6895 5.0994
3.3142 -2.2934 5.3779
3.6237 -1.0741 8.9603
6.4516 -2.4216 7.9085
2.8141 -0.0990 4.5868
6.5349 -0.1454 12.4922
2.3407 -2.7027 4.9741
3.8402 -2.2026 5.7033
-6.3739 1.3389 7.9944
5.1284 -0.5374 8.1049
-0.9023 -1.9007 4.6993
5.0098 -2.9163 6.0901
-7.4690 -0.1050 4.4847
2.9508 -0.7088 4.4547
-3.0124 -1.4420 4.3946
13.3919 6.9350 30.5608
-5.8862 -0.1840 5.2416
2.2227 -0.3338 9.6262
2.9136 -1.4248 6.6139
6.2300 -2.7784 7.0695
3.0487 -0.0963 4.7644
-0.4460 -2.3851 3.9975
6.1972 -2.1057 8.3910
-2.8758 -1.5355 4.2871
3.9118 -0.0649 11.1376
1.3876 -1.7256 4.0487
7.9900 -1.0499 11.5302
6.7852 -2.6490 7.6480
-0.6797 -2.2694 4.0932
6.4822 -2.1962 8.3752
5.4888 -1.3834 9.4211
-3.8975 6.4093 19.5279
0.1067 -1.7382 5.6057
4.0111 -0.9996 9.3324
0.1272 -2.6691 3.7627
7.7763 -0.2977 12.9057
0.4472 0.2890 9.8417
1.2487 -2.8743 4.0015
6.6311 -2.9062 7.0465
6.3096 -2.7724 7.1275
2.6627 -2.1160 5.4941
-1.3134 3.7614 15.7441
2.0773 -2.4251 4.6266
6.0030 -1.8297 8.8287
0.8126 -2.9359 3.6269
2.7372 0.2510 4.7309
5.0624 -2.8250 6.3022
4.4102 -2.3372 6.0277
-0.1846 -2.4557 4.0077
-8.3936 0.6489 5.4530
-0.8915 -2.3288 3.8525
4.6125 -2.1759 6.2535
1.1060 -2.7348 4.1971
2.7452 -2.1056 5.5057
1.7457 -1.2594 6.5580
3.4620 3.6209 18.2221
5.4768 -1.0497 10.0791
2.9747 1.5606 13.8354
12.8580 3.2266 22.8630
-4.1940 -1.2357 4.1233
5.1033 -1.2140 9.5360
7.9009 1.8841 17.3250
5.6317 -2.4959 6.7277
1.4408 -2.9310 3.9995
-1.0001 1.4109 11.2415
2.5700 -2.6487 5.2142
8.4294 -1.4619 10.9631
-4.0292 4.5448 15.7367
2.8266 -2.8249 5.0113
10.4080 3.3537 21.7013
6.0077 1.8841 16.2316
-0.7754 -2.1052 4.3650
5.8325 -2.0828 6.7903
6.2755 -2.7161 7.2200
-4.3090 4.3764 15.2394
6.1293 -1.1688 10.2187
-0.3014 -1.6406 5.5646
4.7263 -2.0854 6.5797
-1.3698 -1.9281 4.3746
1.9942 -1.8473 5.6152
6.2713 -2.3099 8.0269
2.7116 -1.5458 6.4705
6.8803 -2.6350 7.7309
4.4563 -2.9060 5.7908
2.2085 -2.7781 4.7476
3.7116 -2.5499 5.6566
4.0596 -1.9499 6.1490
1.3185 -2.0291 4.1688
-16.6070 3.2259 5.8445
3.5613 -2.0188 5.9666
3.7529 -2.2746 5.4906
0.7366 -2.8247 3.8046
3.6174 -1.6791 6.8216
-2.5886 -1.1683 5.1848
6.8470 0.3863 13.7318
3.6609 -2.8528 5.4374
-6.8199 1.1999 7.4599
2.3355 -2.8850 4.6078
0.3334 -2.7411 3.7384
-1.6953 5.4935 18.9750
3.6033 -1.7577 6.5804
8.7431 -1.1689 11.7280
-10.1644 1.3389 5.8053
1.1350 1.3388 12.3309
3.0526 -0.5562 4.6814
2.3138 -2.8417 4.6817
3.2677 -2.8192 5.2774
-6.6464 0.5942 6.3530
4.6009 4.5452 20.7217
6.4018 -2.8747 6.9767
7.0268 -2.6697 7.7463
4.7837 -2.7600 6.2708
5.9268 -1.9524 6.7337
5.0539 -2.5310 6.4171
-7.1634 -0.1448 4.5819
6.3824 -2.8854 6.9444
0.7475 -2.5376 4.3829
2.2960 -2.7027 4.9483
9.1189 2.4403 19.1369
2.0481 -2.2170 4.7813
5.1089 -2.7477 6.4832
4.7390 -2.5695 6.2650
4.1794 -2.1421 6.0570
5.0203 -2.8639 6.2005
-2.2520 2.3409 12.3715
1.8704 -2.8304 4.4480
5.3282 -2.8475 6.4110
-14.6723 2.8683 6.2492
4.8416 3.9072 19.5894
2.7826 -0.6308 4.7611
3.3108 0.5786 4.4364
-17.6124 3.6203 6.0495
-4.2481 6.6652 19.8353
5.7112 5.7082 23.6804
1.3962 -2.9650 3.9060
2.9077 -2.4989 5.1621
-0.3633 -1.9551 4.9022
4.6906 -2.7224 6.2921
8.6637 -0.6659 12.6845
2.1800 -1.5573 6.2654
6.0025 -2.2389 8.0132
-3.4400 0.0617 7.1438
-1.6930 -1.0494 5.9390
5.3151 -1.9012 7.4832
2.0675 -2.8248 4.5731
5.0562 -0.0650 11.7984
10.0738 0.7615 16.3430
-1.9485 -0.7254 6.4368
8.1761 -1.5542 10.6327
-0.9852 -2.1626 4.1296
1.1465 -2.8526 3.9857
2.1034 -1.4200 6.2991
4.3516 -2.8419 5.8582
3.0462 -0.6156 4.0954
4.7179 -2.7539 6.2451
4.0265 0.4879 12.3054
2.8159 -1.8871 5.9735
-0.0564 -2.1400 4.7109
6.4593 -2.7478 7.2629
5.8488 -1.2797 9.8356
4.6872 -1.2607 8.2794
3.5218 -2.3247 5.3932
1.8700 -2.6828 4.7420
-20.7905 5.2870 7.5353
2.5189 -2.5003 4.9410
-1.3027 -1.4802 5.3059
10.2270 1.9705 18.8406
1.4402 -1.4764 3.8264
7.3212 -2.3857 8.4822
3.0641 -0.5039 4.0934
1.2742 -1.9281 5.0583
-2.4822 -0.7547 6.0703
-2.0780 -1.7223 4.3757
0.6065 0.7045 10.7619
4.6810 1.1327 13.9682
3.4618 -1.7102 6.5041
-12.0827 2.7564 7.5218
6.1481 -2.8906 6.7987
7.1027 0.8796 14.8626
5.5091 -2.8905 6.4297
3.9187 -2.1833 5.9133
7.2262 -0.0237 13.1339
5.5457 -1.6906 8.8418
2.5061 -2.7841 4.9075
2.6246 -2.0248 5.3966
4.7378 -1.8932 6.9671
2.7139 -1.1004 7.1614
4.8250 -1.2627 8.4018
5.6690 -2.8420 6.6188
-2.9026 -1.4029 4.5360
3.4146 -2.0459 5.6415
6.0523 -1.2059 6.4080
1.1443 -1.6051 5.6180
3.7656 -2.7722 5.6586
3.0614 -2.8473 5.1023
7.4243 -2.1058 9.0995
3.0562 -1.7784 6.0310
5.1496 -1.6902 7.7810
2.0459 -2.0746 5.1929
9.4608 0.7043 15.8751
4.1456 -2.8799 5.6635
4.3928 -2.0448 6.3893
4.9136 -1.0798 8.3904
2.6510 -1.6952 6.3733
9.4601 4.5454 23.5285
5.6813 -2.3321 6.8444
-0.4892 -2.2279 4.2859
0.1566 -0.6655 7.7721
2.4103 -1.6743 6.4645
3.1148 -1.1033 7.5511
2.2089 -2.0547 5.3197
3.3208 -2.7782 5.3898
7.2157 -1.0743 11.0343
7.5749 -1.3429 10.7067
2.1088 -1.7305 5.8486
1.2744 -2.8416 4.0816
6.1785 -2.7602 7.0761
1.2995 -2.9409 3.8982
3.1572 -2.5518 5.3407
-5.2240 -0.9213 4.1548
6.2871 -2.0204 8.6129
3.1746 -0.4461 4.5882
2.4765 -0.1079 5.8743
-0.2253 -2.6414 3.6142
4.1102 -1.8703 6.3680
-0.7019 -2.3288 3.9620
5.9142 -1.7112 6.6483
0.0561 -1.9417 5.1710
3.0550 -2.4278 5.1971
0.5385 -2.5984 4.1412
1.5187 -1.3381 3.7794
1.4721 -0.4047 9.0515
3.7477 -2.8192 5.5545
4.3450 -2.0724 6.3622
3.4381 1.1327 13.2504
5.2927 -2.1263 6.9988
8.6964 -1.1917 11.6556
-5.9757 0.0188 5.5940
4.5480 -2.6830 6.2882
-0.7093 -2.4726 3.6711
8.6066 -0.2229 13.5341
-1.6821 -1.3006 5.4447
3.7798 -1.2925 7.2730
6.0910 -2.7784 6.9893
6.2267 -2.9654 6.6949
5.8482 -1.9421 8.5153
-2.7388 -1.7222 3.9942
0.9711 -1.0495 7.4773
-1.0667 -1.8293 4.7466
3.5796 -2.9411 5.2147
2.7427 -1.7866 6.1558
4.4115 -0.8951 9.7720
10.3989 0.5402 16.0898
0.6058 -2.7535 3.8709
0.7042 -2.8743 3.6872
1.3816 -2.8527 4.1214
4.0064 -2.2605 5.8556
-9.8461 0.8800 5.0746
-10.5717 2.7564 8.3945
-0.7076 3.2263 15.0277
4.2904 1.1327 13.7426
2.4314 -2.8636 4.7058
3.3113 -2.6078 5.4691
4.4941 -2.9009 5.8230
5.9975 -1.9286 8.6285
6.4970 -2.4477 7.8827
5.1167 -1.4034 9.1665
3.1024 -0.4866 4.1201
-23.4786 6.9318 9.2601
7.1592 -2.1175 8.9231
6.7196 -2.5690 7.7696
8.3788 1.1997 16.2373
1.8307 -2.8472 4.3917
0.3965 -2.5984 4.0592
2.2852 -1.2642 6.9696
2.4806 -0.3696 9.7039
5.8580 1.4108 15.2022
4.0804 -1.5569 7.2045
3.5101 1.7181 14.4585
6.8103 -1.3633 10.2244
5.4348 -0.1844 11.7790
4.1469 -1.2209 7.9766
2.2643 0.4367 11.1855
-1.4151 -1.1911 5.8169
6.6091 -0.4395 11.9490
7.0141 -2.2901 8.4953
-4.6212 -1.0244 4.2976
7.6288 -1.7387 9.9490
-0.8495 -2.0934 4.3458
7.3191 -1.6744 9.8984
-0.6469 -2.2384 4.1739
11.1204 1.7181 18.8536
4.2512 -2.8692 5.7457
-7.5356 0.8202 6.2900
9.7816 0.8796 16.4096
8.0762 -1.8151 10.0552
2.0816 -2.1593 5.0261
8.4648 1.8841 17.6508
6.2964 -2.3579 7.9458
2.9100 -1.9620 5.9481
2.1200 -0.2604 9.7133
12.1724 3.9074 23.8237
15.8075 5.4946 29.0857
8.0266 -1.7388 10.1787
3.8409 -2.8474 5.5523
4.2913 5.7081 22.8601
-4.2347 -0.1052 6.3524
6.0853 -0.9742 10.5811
4.3966 -2.7029 6.1611
4.2882 -2.9060 5.6938
3.0110 -2.7222 5.3223
3.0805 -0.4864 4.1083
-7.3817 1.5607 7.8542
1.9952 -2.9650 4.2518
-9.5232 0.7048 4.9120
-19.9497 4.3757 6.2050
4.8929 4.0581 19.9196
-7.6197 0.1955 4.9966
-9.8684 1.4110 6.1199
-0.3665 -1.6902 5.4280
7.7308 -1.8873 9.7119
-1.6692 -0.6957 6.6575
2.7353 1.8000 14.1742
2.2195 -2.4635 4.7407
9.1564 3.6210 21.5111
9.1675 1.5605 17.4118
6.0467 -2.8308 6.8592
1.3861 -2.1715 4.8008
3.8666 -2.2358 5.6417
-0.9720 -2.2693 3.9244
-1.9715 -0.6346 6.6045
4.8891 -2.7160 6.4195
2.6784 -2.6962 5.1822
0.3271 -2.2385 4.7362
-3.8179 3.7613 14.2975
7.8115 -1.8732 9.7867
2.1592 -2.3583 4.6892
3.2039 -2.4900 5.3410
3.2716 -2.9161 5.0865
4.2826 -2.9362 5.6304
3.3832 -0.9577 7.7727
4.8276 -2.7662 6.2839
1.8784 -2.9310 4.2521
3.1228 -1.8311 5.9545
-2.2559 -1.8582 4.0022
1.2107 -1.2266 6.4263
4.7140 -2.1937 6.2896
10.0070 0.4365 15.6568
4.1822 -2.2548 5.9077
10.2019 0.3862 15.6692
1.4511 -1.6242 3.9314
4.0817 -2.8193 5.7473
-3.7231 3.4848 13.8012
-6.2267 5.7074 16.7841
1.3787 1.1328 12.0611
6.2901 -2.5988 7.4620
5.7374 -2.3146 6.8315
5.4745 -2.4488 6.5858
3.8170 -1.3874 7.3385
2.3321 -2.0844 5.3937
12.2045 4.5456 25.1138
7.4802 -2.2178 8.9085
5.2449 -2.2724 6.6377
6.0304 1.1327 14.7475
-7.0642 0.6488 6.2207
2.5423 -2.9507 4.5964
17.0747 5.9327 30.6905
8.1554 -1.2142 11.2984
5.1774 -2.8194 6.3800
3.2192 -0.6338 4.3419
2.4898 -1.7761 6.2437
-0.6752 -2.2384 4.1576
5.5563 -0.8124 10.5979
4.7012 -2.3203 6.0632
9.7694 0.6484 15.9420
2.6004 -2.2427 5.1365
2.9999 -0.2079 4.8367
7.5161 -1.2141 10.9292
7.5690 -0.9742 11.4378
5.2431 -2.9313 6.1948
-1.8347 -1.4029 5.1526
7.9254 -1.8299 9.9387
2.3567 -2.5762 4.9046
-0.6723 -2.1169 4.4012
0.8431 1.7181 12.9182
-0.3891 -2.5760 3.6501
1.4700 -2.9310 4.0163
6.0836 -2.6278 7.2850
0.2659 4.2143 17.5587
6.5940 -2.8640 7.1092
-20.9969 5.7065 8.2518
12.5910 3.3537 22.9622
-0.5113 -2.0572 4.6132
7.1573 -2.0699 9.0168
6.1290 -2.5302 7.5058
4.9414 -2.9263 6.0306
3.3671 -2.9410 5.0920
1.7380 4.7201 19.4167
-1.0233 -0.7837 6.8551
9.8174 1.5605 17.7872
1.2437 -1.1672 6.5309
2.8419 -1.9087 6.0171
6.1136 -2.7602 7.0386
3.6494 -2.1435 5.7553
3.3888 0.9408 12.8395
1.0545 -2.8526 3.9326
1.6690 -2.8075 4.3773
1.5575 -2.9310 4.0669
3.2420 -0.0649 10.7508
5.3024 -2.5464 6.5671
-3.6696 0.0617 7.0112
3.2858 -0.3696 10.1689
-2.3691 -1.6235 4.4045
2.0144 -2.3787 4.5666
5.2069 -2.7477 6.5398
5.2984 -2.8419 6.4049
3.9385 -2.7029 5.8966
9.4158 3.3537 21.1282
3.1837 -2.9652 4.9380
1.8756 -0.1054 9.8809
0.0971 -2.3289 4.4233
4.8812 -1.6692 7.6004
0.3651 -2.8580 3.5236
1.2705 -2.9408 3.8815
3.2840 -0.4124 4.1396
5.4773 -1.5719 9.0389
2.5590 -2.5337 4.9830
5.0742 1.3388 14.6059
4.4305 -1.2258 8.2621
4.2824 -2.8250 5.8519
2.4393 -2.7537 4.9295
0.8801 -2.6345 4.2665
5.9865 -0.0237 12.4180
3.0653 -0.4605 4.8764
0.9766 -1.9008 4.9035
7.3641 -1.8589 9.5568
1.6559 -1.5016 6.3209
1.3240 -1.5609 5.6486
2.2738 -1.6642 6.1830
5.0771 -2.2840 6.5028
10.1458 3.4851 21.8118
5.8081 -2.1057 8.1664
4.2658 1.9705 15.3978
10.4994 0.4878 16.0435
3.1136 -0.6502 4.3491
3.9278 -1.2593 7.8130
2.9129 -0.6998 4.5151
4.4490 -2.8852 5.8281
-6.3508 0.6488 6.6327
6.0365 -2.9654 6.5851
-4.9714 -0.0233 6.0901
2.8691 0.0040 4.7053
-17.5691 4.5442 7.9156
-6.5380 1.1329 7.4891
8.2951 -0.7553 12.2935
4.9562 -2.6069 6.4165
-2.8325 -1.7380 3.9086
6.8809 -2.8531 7.2965
0.7113 -1.2825 6.0220
2.6531 -2.1006 5.4842
7.8830 -1.9950 9.5853
-0.9002 -1.3216 5.8543
5.7404 -2.7225 6.8982
6.8113 -2.8694 7.2238
-0.1643 -2.6344 3.6635
6.7357 -1.1688 10.5689
3.8072 -2.2050 5.6564
5.8994 -2.2493 7.9329
-1.5534 2.2444 12.5827
9.0579 -0.6351 12.9734
3.0145 -0.3464 5.2065
3.2597 -0.6283 4.2919
4.1830 -1.2048 8.1079
0.4126 -2.2592 4.7443
5.1116 -0.4855 8.0605
-9.7716 2.0593 7.4675
-0.3128 -2.5296 3.7865
6.8196 -2.4304 8.1035
3.4367 -2.1781 5.5071
6.4900 2.6480 18.0324
4.0193 1.4848 14.2876
-1.6914 -1.9281 4.1889
1.0476 -1.6789 5.4562
6.5465 -1.8150 9.1720
6.0531 -2.7352 7.0534
6.0190 -2.4815 7.5393
4.7137 -2.8529 6.0453
5.5017 -1.6409 8.9154
-0.1313 -1.9282 5.0897
6.9622 -1.8872 9.2681
-0.8456 -2.4385 3.6603
3.6079 -1.0832 7.8753
5.7812 -2.7540 6.8590
-3.2985 -0.8400 5.4289
4.8664 -2.9605 5.9191
8.6472 0.0612 14.1238
8.6522 -1.0985 11.8158
-0.4500 -1.9145 4.9329
1.0197 -2.9108 3.7965
3.3822 -1.5206 6.9519
0.7879 -2.7348 4.0134
0.1161 -2.7220 3.6509
-1.9532 -1.8725 4.1485
3.0095 -1.3409 6.7351
3.3646 -2.7223 5.5265
12.8630 3.9075 24.2226
-11.5461 1.5607 5.4492
3.1663 -2.9508 4.9567
7.0501 -0.5720 11.9396
5.4935 -1.9555 8.2839
6.3337 -1.6240 9.4296
1.0410 -2.8471 3.9357
2.7809 -2.3851 5.0537
2.4399 -2.6625 5.1116
1.9553 -2.9006 4.3571
2.5567 -1.8988 5.8059
4.1906 -1.8272 6.7004
3.7767 -1.3051 7.4864
0.7223 -2.6894 4.0660
5.7212 -2.8853 6.5627
-4.5541 4.7198 15.7821
0.3553 -2.2385 4.7525
6.2251 -2.6764 7.2699
2.7095 -2.0205 5.8847
7.1931 -1.7850 9.6051
4.2609 -2.9312 5.6277
5.3673 -2.0883 7.0570
8.1200 2.9842 19.6436
-7.3911 0.2892 5.3153
5.3989 -1.3220 9.4915
-14.3603 5.2874 11.2497
0.7793 2.0593 13.5611
5.0005 0.4879 12.8679
-4.2320 -0.9736 4.6235
4.4682 -1.8903 6.8693
3.0164 -2.9007 4.9698
9.1682 6.6663 27.5860
2.9098 -2.8249 5.0594
5.8129 -1.7386 8.9005
1.4858 -2.6828 4.5202
5.1336 -2.7095 6.5736
6.2549 -2.8021 7.0367
1.2105 0.0615 9.8293
5.4914 -1.0984 9.9906
-1.7397 -0.1451 7.7139
3.7826 -1.8957 6.4990
-13.5299 3.9066 8.9779
-2.8970 -0.7254 5.8891
-0.3135 -2.5983 3.6493
5.4865 -2.9606 6.2771
3.7284 -2.1616 5.7388
5.0000 -2.9009 6.1150
7.9744 -1.7070 10.2119
2.1291 -2.9555 4.3482
4.2524 -2.4919 5.9226
-0.0649 -2.0072 4.9706
-2.2344 -1.0493 5.6263
4.8844 -2.2546 6.5640
2.3576 -2.9603 4.4706
4.1879 -1.2240 8.0771
2.1954 -1.9575 5.5164
4.5652 -1.6861 7.3021
2.8332 -2.2989 5.0209
6.2289 -2.4037 7.8154
2.5788 -1.1002 7.0733
4.1483 1.1327 13.6605
5.0773 -2.7224 6.5154
4.9903 -2.9412 6.0292
4.4128 -1.7425 7.0525
6.7904 -2.7541 7.4417
3.8886 -2.0624 6.1119
2.3991 0.1952 10.7823
-0.6965 -0.7837 7.0439
2.9238 -2.4114 5.1115
-0.2205 -2.5137 3.8715
0.7041 1.1328 11.6715
2.8127 -2.1160 5.5327
1.9905 -1.2908 6.5433
0.1999 1.2685 11.6507
-1.0778 -2.0072 4.3858
7.0659 -2.2494 8.6064
5.6011 -2.7095 6.8436
1.0000 0.7045 10.9891
2.2507 -1.8409 5.7302
-0.2345 -2.3094 4.2706
2.9878 0.0931 4.7242
2.4018 -2.7286 4.9578
6.4010 -1.4807 9.7541
1.8509 0.7616 11.5943
0.2001 -2.5531 4.0359
5.6189 -1.2140 9.8337
-7.3345 0.8202 6.4061
0.9180 -2.8471 3.8647
5.6356 -2.3594 6.6395
3.2487 -2.9556 4.9946
8.3371 -0.5398 12.7472
7.4453 -2.2494 8.8255
4.2749 -2.8078 5.8819
2.5072 -2.1724 5.1856
2.9180 0.0352 4.7304
6.0872 -2.2389 8.0621
7.1703 -1.8731 9.4164
-6.9995 1.0674 7.0922
-10.7947 1.9705 6.6998
1.1202 -2.0503 4.7293
-12.0087 4.2138 10.4687
4.9299 -2.1200 6.6305
-1.6233 -0.3694 7.3341
7.3101 -0.8952 11.4458
-1.0762 -2.0572 4.2871
10.2192 0.1049 15.1187
2.4194 -1.4199 6.7059
3.1381 0.1952 11.2090
1.9728 -2.7536 4.6601
1.5279 -2.3566 4.3509
-2.0536 -1.0738 5.6820
-0.5118 -1.2578 6.2059
-0.0699 -1.5891 5.8009
7.0333 -2.7226 7.6447
10.5524 5.7085 26.4770
7.8608 -1.8732 9.8151
2.8114 -1.8259 6.1430
3.2737 -0.6061 4.2815
2.7716 -2.0405 5.6456
4.3791 -1.5196 7.5176
7.6859 -2.0455 9.3708
0.5596 -1.0495 7.2397
6.8111 -2.0454 8.8656
6.5130 -2.8420 7.1061
5.1481 -2.2095 6.6618
9.1636 1.0032 16.2990
-0.5154 -2.5056 3.7174
9.1373 0.8796 16.0375
6.1386 -2.6696 7.2335
1.2908 -1.9379 4.9751
-3.0798 -0.2602 6.7106
3.9763 -2.7476 5.8293
6.4038 -1.2582 10.1991
2.9788 0.5939 11.9115
-2.3154 -1.3216 5.0371
5.0101 -2.8639 6.1947
5.7797 -1.6068 9.1439
1.7106 -2.8636 4.2896
2.6847 -0.5395 9.4832
5.7973 -2.5177 6.8444
3.8147 -2.7960 5.6395
-11.9003 1.7182 5.5585
2.8991 0.5191 4.5596
4.6732 1.2684 14.2341
-1.9100 -1.5356 4.8448
3.6540 -1.9235 6.2113
2.3904 -0.9480 8.4992
-2.2170 2.1505 12.0124
6.1082 -2.6062 7.3424
3.0382 -2.9556 4.8731
-3.4259 -1.4988 4.0426
2.2478 -2.0296 5.4130
1.3516 -2.3259 4.4304
3.1268 -2.8417 5.1511
6.6690 -2.4563 7.9649
2.3160 -2.7157 4.9339
10.0435 1.1326 17.0651
4.6007 -2.2334 6.1587
1.2560 -2.9506 3.8537
0.2029 -2.2066 4.7280
0.3071 -1.9815 5.2368
2.1889 -2.9360 4.4216
-11.4320 4.0575 10.4902
1.5206 -0.1452 9.5966
2.8999 -2.2332 5.6003
5.9971 -1.5864 6.5300
9.0509 1.3387 16.9024
5.0109 -2.7414 6.4391
3.3330 -2.5148 5.4155
-1.2952 -1.5536 5.1638
3.9700 -2.2962 5.6405
1.6356 -1.6083 5.9272
3.3369 -2.2253 5.4764
-15.6701 3.4844 6.9007
1.7707 -2.9260 4.1999
6.6624 -2.6697 7.5359
-0.0333 -2.6057 3.7964
2.0487 0.6486 11.4834
5.2827 -2.8136 6.4522
4.2674 -1.3459 7.8075
6.6400 -1.6241 9.6064
-6.8391 -0.2600 4.5397
1.3066 -2.1011 4.7089
5.6304 -2.6898 6.8998
-7.6963 1.6384 7.8275
-14.8756 2.7564 5.9088
3.1043 -0.6470 4.3659
6.6761 -2.1057 8.6675
1.3167 -2.3570 4.3898
7.0369 -1.9949 9.0967
3.7889 -1.1025 7.8954
1.9157 -0.6656 8.7878
12.4098 4.0584 24.2615
-4.2744 -0.6955 5.1531
-17.0632 3.3530 5.8342
7.8461 -1.2142 11.1198
2.8612 0.2516 4.7508
3.1725 -2.8637 5.1337
-12.2424 4.7194 11.3410
-3.3477 0.1054 7.2842
6.6086 -2.7963 7.2526
5.1113 -0.3403 8.0464
3.2743 -2.9007 5.1187
6.1052 1.3387 15.2012
7.9249 -1.8151 9.9679
11.7041 2.4404 20.6299
7.5800 -2.2179 8.9661
-3.0259 -1.3627 4.5448
4.6357 -1.9502 7.0277
1.5126 -1.5749 5.7283
4.3761 1.0033 13.5342
-11.5867 1.7182 5.7396
1.4990 -2.7285 4.4366
2.8783 0.5222 4.7108
-8.3858 0.2892 4.7409
1.7746 -1.9007 5.2227
1.7753 -1.6577 5.8491
-0.4639 -1.7382 5.2762
5.2762 -2.2355 6.7733
3.8771 -1.4500 7.2506
6.6135 -1.3633 10.1108
8.2663 -1.3634 11.0651
0.7657 -1.4679 5.6509
0.6854 -0.9216 7.5671
6.2984 -2.6207 7.4233
3.5921 -2.7028 5.6966
-12.2299 3.6204 9.1584
2.1227 -1.6982 5.9733
5.4879 -2.1667 6.9296
-5.6863 4.5447 14.7795
0.8769 -1.4681 5.7180
4.2596 -2.2121 6.0434
6.0655 -2.6965 7.1378
2.5312 -2.7721 4.9460
1.3755 -1.8367 4.0697
8.0881 -0.5398 12.6034
1.1876 -2.7899 4.1344
3.2548 -2.1456 5.5751
6.4381 -2.9010 6.9454
0.7689 -0.6958 8.0653
3.5268 -0.9374 7.7928
-0.4427 -1.5357 5.6920
3.1085 -0.4408 4.7236
-0.9207 -2.3851 3.7234
-0.1171 -1.8867 5.1805
3.5059 -0.7839 9.4705
3.6528 -2.1127 5.6623
3.1030 -0.4561 4.0793
5.5321 3.9072 19.9882
2.4611 -2.8305 4.7890
5.9022 -1.8333 6.6691
-3.0148 -0.8947 5.4838
-3.1374 -0.6346 5.9313
-0.0145 -2.4975 4.0228
2.9522 -0.5424 3.9265
1.8244 -1.6312 5.9389
0.8682 -1.2990 6.0444
5.0546 -2.7414 6.4643
-10.9984 1.2686 5.1835
5.0001 -1.4517 8.1223
3.6142 -1.5390 6.9313
0.9107 -1.6717 5.3266
2.8618 0.0523 4.6855
2.3683 -2.3461 4.8407
5.0000 -2.7095 6.4965
9.3974 0.5938 15.6182
-4.3594 -1.0244 4.4487
-1.3951 -2.2383 3.7419
0.2977 -2.7156 3.7685
3.0481 -2.8362 5.1168
1.6148 -2.7536 4.4534
5.5179 -2.6898 6.8348
-0.8212 -2.1169 4.3153
4.3932 -2.2386 6.0532
1.8961 -2.7412 4.6407
0.7005 -2.9408 3.5524
5.4104 -2.3851 6.5421
0.8079 -1.2251 6.1588
4.8837 -1.7225 7.5042
4.7618 -2.1003 6.8009
-12.0170 1.4849 5.0262
3.0489 -1.2411 7.3454
9.4449 -0.5070 13.4523
2.3864 4.9020 20.1537
-1.3184 -1.6738 4.9110
7.1791 -1.7387 9.6894
15.7254 4.7207 27.4963
2.6381 -1.8984 5.8513
1.2466 -1.8942 5.0283
6.8801 -2.6899 7.6213
-20.6529 6.4080 9.8484
9.3458 4.5454 23.4625
3.1462 -2.9262 4.9941
6.7114 -2.8195 7.2657
1.2994 -2.2700 4.3539
0.1660 -0.6347 7.8388
7.8912 0.4878 14.5373
-3.1126 -1.3215 4.5768
-9.8700 1.3389 5.9753
5.0900 -2.2469 6.5854
0.3714 0.9409 11.0969
2.0633 -0.4732 9.2564
2.5507 -2.7781 4.9452
3.3340 -1.9033 6.0024
-10.7316 2.9838 8.7554
-0.3521 -2.0325 4.7544
0.6700 -2.5835 4.2467
-0.4253 -2.3573 4.0648
12.3062 2.8687 21.8312
2.6801 -0.2604 10.0367
6.2370 -1.8298 8.9639
-10.8787 1.2000 5.1159
0.4793 -2.5984 4.1070
3.3970 -1.7116 6.3777
-2.6362 -0.3694 6.7492
2.0580 -2.4627 4.6739
1.9918 -2.4135 4.5784
4.2917 -2.8692 5.7691
7.2455 -2.4648 8.2809
0.5686 1.7181 12.7596
-19.5111 4.5441 6.7939
-10.5228 4.2139 11.3269
5.8416 -2.7415 6.9187
4.3542 -2.3109 5.8988
-1.2380 -2.1169 4.0746
-1.4085 -1.0738 6.0545
4.3693 -1.6571 7.4681
8.6982 3.1034 20.2151
3.2796 -2.7901 5.3422
3.6349 -2.8583 5.4115
-8.0538 1.2686 6.8840
-21.6868 6.4079 9.2511
-5.8693 -0.2224 5.1749
-1.7284 -2.0198 3.9848
0.6355 -2.8526 3.6906
6.0049 -2.9413 6.6150
8.6616 -1.0499 11.9181
3.1269 -0.3978 4.6937
5.8209 -1.5895 9.2023
3.1269 0.5691 4.4436
9.3582 -0.5398 13.3368
11.2398 0.8796 17.2517
1.7376 -2.9603 4.1126
-1.6871 -1.5356 4.9735
2.3425 -2.1608 5.2255
-0.0254 0.3372 9.6649
3.6743 -0.9218 9.2930
-4.3410 5.2880 17.0375
5.8962 -1.8370 6.6796
7.9485 -1.1689 11.2692
4.5300 1.7181 15.0474
6.4595 -2.9607 6.8389
1.3320 -2.3871 4.1929
11.2208 1.2683 18.0154
6.7437 -2.8476 7.2283
3.6169 -2.8249 5.4676
5.5464 -2.8079 6.6160
8.0146 -0.1845 13.2688
7.4018 3.7616 20.7780
2.4509 0.4367 11.2933
1.1904 -2.1507 4.5281
4.6987 -1.9075 6.9411
2.1775 -2.3483 4.7670
5.1627 -2.7539 6.5019
5.5069 -2.2355 6.8306
2.5058 -2.2925 5.0417
0.6280 -2.3943 4.5995
2.2708 -2.2731 4.9231
6.1162 -1.1456 10.2572
-13.8354 2.8683 6.7326
7.0502 -2.1058 8.8835
1.9511 -2.7536 4.6476
-2.3706 -0.9214 5.8025
-3.6198 -0.3336 6.2524
-0.8261 -2.3573 3.8334
3.8153 -2.7350 5.7613
5.3549 -2.3409 6.5824
-4.8982 -0.4729 5.2364
0.0533 2.7566 14.5312
4.1484 -2.9212 5.5827
10.1491 0.3369 15.5405
7.4987 -0.6038 12.1354
3.7543 -2.9652 5.2674
5.4618 -1.5541 9.0654
0.6166 -2.8303 3.7241
-5.6419 -0.1840 5.3826
6.6964 -2.9364 7.0240
3.1078 -0.5415 4.1334
-0.8097 -1.7382 5.0766
6.0593 -0.7552 11.0024
4.0530 1.0672 13.4750
6.4623 -2.2901 8.1767
2.9752 -0.4757 4.0239
8.6545 -0.2606 13.4867
3.4702 -1.7224 6.4848
2.1699 1.4848 13.2195
6.0589 -2.6696 7.1875
3.3461 -2.8745 5.2125
4.3989 -2.8852 5.7992
2.5311 -2.8691 4.7526
11.5991 1.4108 18.5178
3.9238 -2.8638 5.5675
-3.3806 3.3534 13.7372
10.2340 0.0183 14.9547
2.1391 -2.9507 4.3636
3.7828 -2.9652 5.2839
4.3473 -2.3517 5.8773
-0.9698 -2.0934 4.2764
1.3265 -0.6035 8.5712
6.2896 1.8841 16.3945
3.2708 -2.5347 5.3960
-0.6543 -0.5717 7.4907
3.7116 2.5426 16.2177
7.5207 -2.2071 8.9533
3.1494 0.2416 11.3079
-0.8280 -1.7538 5.0349
3.9689 -1.8682 6.2147
1.7722 -2.9360 4.1809
-3.5679 -0.9737 5.0070
1.8766 -2.2019 4.6030
2.9975 -1.6627 6.2422
3.5853 -2.2130 5.4504
7.6896 -1.8151 9.8320
-7.0281 0.1055 5.1589
-19.5138 5.7066 9.1086
-4.2086 4.9017 16.3441
4.4745 -2.8078 5.9971
1.1189 -1.7683 5.2082
2.8187 -2.3318 5.0345
4.3636 -2.0885 6.3342
5.3761 -2.1204 7.0269
0.2262 2.4403 14.0008
6.0475 -1.2170 6.4163
-2.7460 -1.7380 3.9585
1.3691 -1.6082 5.5022
-0.3556 -2.3479 4.1238
5.3385 6.1656 24.3764
2.8938 -2.2299 5.6301
4.0670 -2.9162 5.5458
9.3375 1.6383 17.6649
3.7653 -1.4635 6.9597
-4.0137 -0.0646 6.5609
0.9433 -1.8469 5.0065
3.2373 -0.5910 4.3483
9.9081 0.1950 15.1186
-0.3463 -0.7837 7.2461
-0.4341 1.4848 11.7157
-3.6732 -1.1451 4.6045
-22.9275 6.4078 8.5343
7.2127 5.4941 24.1208
8.2962 1.0032 15.7981
2.7156 -2.5899 5.1141
0.7099 -2.8303 3.7779
6.6813 -2.9413 7.0055
-5.1945 5.7075 17.3805
3.9164 -2.8529 5.5849
2.1456 -2.0220 5.5026
5.2654 -0.6657 10.7221
5.6108 -1.1456 9.9654
5.8962 -1.8021 6.6796
4.7808 -2.3162 6.3164
1.3570 -1.8009 4.1018
4.1944 -2.8363 5.7786
4.9528 -0.7258 10.4220
5.9192 -1.6240 9.1902
1.1613 -1.2886 6.0259
-2.5441 -0.4730 6.5958
2.2899 -2.8018 4.7474
4.2537 -2.8746 5.7365
4.3445 -1.4429 7.6441
-1.3169 -0.8948 6.4642
0.7318 -2.8581 3.7353
-9.0895 1.6384 7.0229
1.7891 -1.9769 5.0551
-15.0525 4.0573 8.3989
1.5512 -1.6408 5.5988
7.0566 -2.0454 9.0074
2.3322 -2.5525 4.8659
3.0426 -0.4815 4.8690
-0.2693 -0.9738 6.9117
5.3091 -2.7843 6.5259
5.6097 0.3371 12.9191
5.8995 -2.6696 7.0954
0.4694 -2.7091 3.8806
2.6751 -2.1264 5.4413
6.1885 -2.9413 6.7210
6.3956 -2.0204 8.6756
5.8901 -2.8137 6.8029
3.1681 -2.7350 5.3876
2.1341 -2.7720 4.7167
1.3452 -1.8436 5.2217
2.9966 -2.9161 4.9278
2.0566 -2.4774 4.6502
-0.6240 -2.1848 4.2940
10.1894 1.6383 18.1570
1.3862 -2.9159 3.9980
2.9573 -2.2377 5.3653
-16.5582 3.2259 5.8726
-8.7442 2.2443 8.4296
2.6740 -2.8417 4.8896
5.1438 -2.3028 6.5577
-2.3053 -0.5064 6.6671
1.3678 -2.3550 4.3811
2.6585 -1.1207 7.1367
-4.5580 -0.3693 5.6394
-1.5472 -1.1452 5.8322
0.4197 2.7566 14.7429
0.5410 -2.7411 3.8583
6.0529 -2.8531 6.8184
-3.6184 -1.3829 4.1624
1.0888 -2.7839 4.0892
-11.4704 1.4110 5.1947
-1.0766 1.5606 11.4956
4.8684 -2.8693 6.1021
10.9692 0.7614 16.8601
0.3322 -2.7839 3.6524
1.1371 -2.6624 4.3594
6.3898 3.3536 19.3804
-1.4554 2.0593 12.2705
5.6880 -2.8693 6.5753
1.2551 -2.1511 4.1700
-0.2984 -2.4893 3.8752
1.2928 -2.0545 5.0182
-0.5130 -2.5453 3.6396
7.9055 -1.7387 10.1088
3.4791 -1.7152 6.5452
5.0336 -2.6964 6.5420
2.1936 -2.8134 4.6687
5.2178 -2.7477 6.5461
3.3700 -1.9946 5.7158
2.8598 0.0488 4.6744
1.9566 -2.9458 4.2679
5.3925 -2.2261 6.8521
4.2970 -2.8584 5.7938
3.1738 -2.9410 4.9804
2.5614 -0.1258 4.5267
-6.0053 0.9410 7.4144
-6.4441 -0.2971 4.6940
3.1989 -2.8134 5.2491
3.4614 -2.8473 5.3332
1.3779 -2.3484 4.2746
6.4124 -0.1845 12.3436
4.0915 -1.7791 6.5522
-17.5919 4.0573 6.9321
8.5408 -0.5069 12.9303
-0.1881 2.6480 14.1754
1.6166 2.6480 15.2177
1.4275 2.7566 15.3249
-7.1276 0.5942 6.0751
-1.5522 -1.4612 5.1995
-15.0173 4.3759 9.0540
2.2707 -2.3378 4.8260
6.7296 -2.0939 8.7220
-2.6414 3.6207 14.6967
3.3606 -2.3864 5.3332
4.2170 -2.3621 5.8271
5.1705 -1.4806 9.0436
2.8419 0.2518 4.7140
5.4935 -2.6964 6.8075
1.8432 -2.7598 4.5730
11.0042 5.4943 26.3110
2.5002 -1.5144 6.5578
5.2445 -2.8585 6.3408
5.2302 -1.4425 9.1541
5.5192 -2.3135 6.7688
2.8371 -1.8994 5.9707
5.4279 -2.3858 6.5250
3.6495 -1.9444 6.2990
9.2934 1.8000 17.9617
3.5439 -2.4602 5.4975
1.9171 -1.9760 5.3057
0.3735 -0.6655 7.8973
5.3730 -2.7352 6.6607
4.7845 -2.6763 6.4381
6.1729 -2.9364 6.7218
2.5189 -1.5582 6.4687
4.5752 -2.7902 6.0903
5.9399 -1.9672 6.7510
-3.8032 -0.3336 6.1465
-9.1589 0.9410 5.5932
4.4795 -2.3701 5.9689
4.6385 -2.2016 6.2322
5.1308 -2.1667 6.8094
3.5641 -2.2462 5.3695
2.9731 -0.3345 5.1804
7.0527 0.4365 13.9508
1.4392 -1.5760 3.9587
2.6314 -2.2860 5.0295
-1.1671 -1.1683 6.0056
-0.6096 1.1328 10.9128
5.9336 -2.9314 6.5935
8.3020 -0.9483 11.9128
-1.7174 -1.3216 5.3824
1.5696 -2.1054 4.8267
-5.4150 -0.3693 5.1445
1.8221 -2.6555 4.7686
-0.0146 -1.6903 5.6312
0.3221 -2.6827 3.8482
3.2929 0.5634 4.3764
5.9843 0.7044 13.8675
2.1215 -1.9558 5.4664
4.2709 -2.9111 5.6736
4.2031 -0.9741 9.4942
6.2720 -2.1057 8.4342
-20.9567 4.9008 6.6697
6.1002 -2.8585 6.8349
-0.0220 -0.2973 8.4025
8.7709 3.3537 20.7557
1.6933 -2.2976 4.5186
0.1499 -2.1400 4.8300
6.5207 -1.8872 9.0132
-0.7105 2.0593 12.7007
0.3380 -1.2247 5.8760
3.5097 -1.9606 6.0404
5.0415 1.9705 15.8458
4.6218 -1.9512 7.0242
-0.0671 -1.1218 6.7336
-5.6875 -0.6345 4.4587
-12.7474 5.4928 12.5906
6.7514 -2.8309 7.2661
11.4652 3.6211 22.8447
2.8501 0.1699 4.7599
5.8516 -2.9214 6.5661
3.5140 -2.6896 5.6778
6.1513 -2.9264 6.7291
1.5639 -1.3002 6.4669
4.5118 -1.7460 7.2288
0.0562 -2.6344 3.7908
4.0688 -2.2016 5.9034
3.5975 -2.2236 5.5529
1.0691 -1.6873 5.4072
8.6757 -1.1917 11.6436
1.3775 -1.6212 5.4779
2.4073 -1.0615 7.1193
1.4432 -1.6976 5.3621
4.1814 -1.5669 7.2023
4.5508 -2.6063 6.1813
-3.3602 -1.3627 4.3517
4.2024 -1.7621 6.8592
-3.6063 -0.9214 5.0889
3.9557 -1.2284 8.0531
0.5862 -0.8402 7.6721
6.0320 -1.1456 10.2086
0.3260 -2.7220 3.7721
-4.1265 3.4847 13.5682
6.3712 -2.4815 7.7426
15.8081 6.6669 31.4219
5.6372 -2.7903 6.7035
-6.0815 0.7047 6.8996
5.0096 -2.9509 6.0209
1.4182 -0.8678 8.0977
3.8714 -2.7029 5.8579
3.8796 -1.7437 6.7521
6.7580 -0.5068 11.9007
-1.3374 -2.0448 4.1607
6.6185 -0.9219 10.9931
5.7349 -1.7068 8.9188
-3.7705 -1.0244 4.7888
3.9910 -2.4077 5.7187
3.1304 -2.9211 4.9950
0.1236 -0.9216 7.2428
-0.0205 -2.6893 3.6371
1.9373 -0.5066 9.1170
-18.8084 5.4925 9.0894
7.6244 -1.0743 11.2703
2.4017 -2.8191 4.7774
2.3197 -1.4844 6.5239
4.4160 -2.2994 5.9978
1.8052 -1.9928 5.0149
-0.1669 -2.4122 4.1047
6.1630 5.7083 23.9414
-8.6814 0.5407 5.0712
1.8832 -2.2121 4.6720
1.3755 -1.8134 4.0697
3.6865 -2.8956 5.3670
0.2525 5.9315 20.9726
2.0899 -2.5305 4.7051
4.4851 -2.8078 6.0032
5.2142 -2.3233 6.4879
1.8553 -1.1675 6.8937
4.9670 -2.3354 6.4408
-1.3685 -1.2358 5.7548
3.9520 -2.3915 5.6866
9.1874 3.4851 21.2582
-0.2480 -2.0449 4.7898
-0.7850 -1.8583 4.8515
6.1240 -0.9219 10.7076
-5.0162 -0.5063 5.1017
7.7979 -1.0985 11.3224
3.0310 -0.6918 4.3271
2.0927 -2.2650 4.8335
-2.0800 -1.8438 4.1325
-2.3893 -1.8866 3.8685
4.3684 -2.7476 6.0556
3.0067 -0.4926 3.9714
5.9857 0.2415 12.9458
4.2157 -1.1221 9.2066
-0.3651 -2.0815 4.6493
7.1699 -2.1058 8.9526
2.0089 -1.7041 5.9470
-16.0361 6.9324 13.5598
3.3036 -2.9361 5.0652
-1.0989 -1.3424 5.6982
-10.5985 1.2686 5.4144
6.5113 1.9705 16.6947
3.4920 -2.8019 5.4415
1.4782 -1.3170 6.3626
2.4026 -0.3696 9.6589
3.2841 -2.7413 5.4420
7.2396 -2.5459 8.1158
1.3535 -2.3735 4.3549
6.2105 -2.8194 6.9765
4.0421 -2.7287 5.9049
3.7712 -0.6657 9.8593
5.3523 -2.8307 6.4583
9.8623 0.8199 16.3372
4.8766 -2.6964 6.4514
-7.2313 0.7618 6.3493
6.6715 -2.5690 7.7418
10.1249 1.0671 16.9816
0.1999 2.0593 13.2265
3.7244 -1.5453 7.2099
2.4890 -0.2974 9.8525
0.6996 -0.4047 8.6054
0.9111 2.5426 14.6002
8.9744 2.0593 18.2941
2.9805 -0.6204 4.8690
-10.6198 1.1329 5.1318
4.4452 -0.2975 10.9821
5.4951 -1.2140 9.7623
0.7247 -0.6348 8.1614
4.3686 -1.8780 7.1429
2.9724 -2.0613 5.7849
-17.9285 4.9010 8.4189
-5.2384 0.2418 6.4642
2.8332 -2.3544 5.0687
5.3090 -2.2869 6.6446
5.5193 -2.4684 6.6285
1.2887 -2.7780 4.2166
5.5595 -1.0742 10.0780
3.4144 -2.8306 5.3395
0.1599 -0.9479 7.2112
3.0085 -0.4549 4.0297
5.0857 -1.8236 7.5310
1.4052 -1.7502 4.0179
8.1587 -1.1457 11.4367
-1.7664 -0.2973 7.3952
-1.5016 -1.1683 5.8124
3.5957 -2.1310 5.6083
-1.7046 -1.4612 5.1116
-2.3844 -0.9993 5.6394
-5.7363 0.0617 5.8178
-5.3851 -0.2224 5.4545
8.3669 4.3769 22.5614
6.0269 -2.5142 7.4787
-2.8323 5.4935 18.3182
5.4624 -2.7288 6.7250
-1.1036 -1.7382 4.9069
2.8797 -0.6366 4.5977
4.8909 -1.8979 7.2228
5.7561 -1.9819 8.3830
1.6069 2.0593 14.0391
-5.5217 0.1955 6.2082
3.0382 -2.8192 5.1449
7.4035 -2.0205 9.2575
7.3944 -2.1058 9.0823
5.4591 -2.8194 6.5427
0.6572 -2.6623 4.0823
3.9896 -1.9788 6.0645
1.3261 -1.4403 5.8742
-5.6278 -0.6032 4.5554
6.4794 0.0184 12.7865
3.1747 -0.6710 4.2394
6.5543 -2.4563 7.8987
5.6001 -2.3614 6.6530
4.0585 -2.6762 6.0190
5.1230 -1.8830 7.3607
4.3981 -2.2906 6.0285
3.0979 -1.6554 6.3603
2.9086 0.0353 4.7251
-4.9237 0.0188 6.2015
1.6424 -2.8304 4.3164
5.7386 -2.8693 6.6045
0.1722 6.4096 21.8789
0.1929 1.0673 11.2458
-14.2293 3.6204 8.0036
11.9087 1.4847 18.8439
3.0707 -0.2535 4.8278
6.1204 -2.0454 8.4669
4.3575 -2.0578 6.3664
0.8301 -0.8122 7.8687
1.8740 -2.0784 4.9570
2.9480 -2.9311 4.8697
3.1410 -0.0236 10.7748
8.0620 1.8841 17.4181
-0.3362 -2.3288 4.1731
12.2376 2.2444 20.5476
-2.4890 2.6479 12.8465
-2.5926 -1.6737 4.1753
6.7229 -2.1631 8.5802
5.5900 -2.7095 6.8371
-1.4431 1.8841 11.9286
0.2741 -2.1286 4.9246
1.4610 -1.4901 3.9209
1.5457 -2.8902 4.1414
1.7715 -1.9508 5.3090
7.9250 -1.0499 11.4927
5.2506 -2.3743 6.4240
2.1819 -1.5678 6.0562
1.0625 -1.6911 5.4290
3.0629 -0.4033 4.7789
3.0656 -2.4278 5.2032
7.9772 3.3536 20.2973
-0.0716 -1.7538 5.4716
1.4974 -2.8304 4.2326
1.8389 -1.9750 5.1946
0.7018 -2.9309 3.5728
0.5647 -2.3192 4.7125
2.2343 -1.8258 5.7249
0.1366 5.4936 20.0332
3.4860 -1.6167 6.7879
-0.4458 -0.6655 7.4242
-4.6942 0.1955 6.6860
3.7853 -1.9641 6.2729
2.9115 -2.7222 5.2649
5.8554 -2.4215 7.5643
0.4311 -0.8455 5.5995
2.4749 -0.8123 8.8185
-1.6172 -1.4226 5.2390
-18.1939 5.2872 9.0352
5.4890 -2.8585 6.4820
4.4252 -1.7998 7.2981
1.7528 -1.5300 6.1004
3.3803 -0.8679 9.2307
10.9057 3.2265 21.7354
2.1166 -2.3749 4.6165
5.3289 -2.0074 7.1617
6.6317 -2.3390 8.1771
1.9163 -2.0461 5.1729
-10.4498 1.7182 6.3962
-2.2033 -1.6738 4.4001
4.5811 -2.8136 6.0471
-5.2483 -0.7835 4.4154
1.2963 -0.5717 8.6171
3.4715 -2.4809 5.4747
5.7312 -2.2900 7.7546
1.7150 -2.8304 4.3582
0.4801 -2.6692 3.9664
6.8482 5.9320 24.7829
7.6640 1.1327 15.6909
3.3476 -0.4163 4.1906
1.7826 0.1052 10.2469
2.9003 -1.7813 6.1265
4.7430 -2.2364 6.2152
6.0274 -2.7415 7.0260
1.3359 2.7566 15.2720
-3.1775 3.9069 14.9575
-15.8675 3.7609 7.3376
-4.6305 0.3866 7.1037
9.8102 1.8000 18.2602
1.3834 -2.4039 4.2334
3.4622 -2.0856 5.5869
3.7021 1.0672 13.2724
3.2036 0.8797 12.6108
2.6834 -0.8123 8.9389
5.5101 -1.7849 8.6333
0.4037 -1.2249 5.9202
4.0335 -1.6179 7.1124
3.7869 -1.8939 6.3531
3.2859 0.9408 12.7801
-8.9288 1.0675 5.9779
2.1378 -2.9651 4.3342
-2.4308 -0.5064 6.5947
-1.1591 -1.6738 5.0030
3.2242 -0.6038 4.3685
4.3799 2.0593 15.6406
4.6825 -2.7961 6.1405
-15.6405 4.2137 8.3709
-3.3594 3.6207 14.2820
3.2051 -2.3394 5.4013
5.5693 -2.1776 7.0537
0.3320 -2.5376 4.1431
5.3216 -2.8800 6.3425
1.6780 -2.5666 4.4919
9.2502 -0.4050 13.5430
0.3525 1.0033 11.2106
-8.8918 0.5942 5.0563
6.7029 -1.1916 10.5045
2.9854 -1.5167 6.5241
-1.4448 -2.0448 4.0987
2.7185 -2.6082 5.1279
1.9825 1.0673 12.2793
3.2392 -0.5054 4.1522
0.8122 -0.6035 8.2742
7.4879 -1.8151 9.7155
1.8553 2.0593 14.1825
-18.8157 5.0901 8.2835
4.9304 1.0672 13.9817
-11.2856 4.5445 11.5452
3.6587 1.4109 13.9320
-1.4021 -1.7063 4.7978
6.0098 -2.6349 7.2283
-3.0070 -1.0244 5.2297
-4.8584 -0.5392 5.1274
-14.1884 3.3531 7.4947
4.0069 -1.3569 7.5406
6.5173 -2.9113 6.9706
0.6578 -2.7779 3.8523
0.9102 -1.5121 5.6176
7.4555 -2.2902 8.7502
0.7257 -2.6623 4.1218
2.6287 -2.9507 4.6463
-1.3216 -1.4802 5.2949
5.4600 -2.8530 6.4761
2.2736 -2.2564 4.9499
5.9970 -1.2581 9.9642
4.3495 -2.3352 5.8675
5.4013 -2.4022 6.5485
6.4120 -2.2389 8.2496
3.2962 -1.9132 5.8387
7.5777 -1.3634 10.6675
3.7830 -1.0983 9.0041
1.9397 1.8841 13.8822
-0.2008 -2.3288 4.2513
2.1770 -2.7720 4.7415
2.2592 -0.2733 6.1217
4.0875 -1.8514 6.3994
5.3233 -2.9653 6.1733
4.7515 -0.1055 11.5417
0.6867 -0.6655 8.0782
-1.8609 -0.2225 7.4895
2.7023 -1.7310 6.2995
3.9536 -2.7094 5.8923
6.0400 -2.2493 8.0140
9.5242 0.2887 15.0835
5.0002 -1.3834 9.1389
5.2064 -2.1073 6.9323
5.9544 -2.8640 6.7398
0.3294 -2.5760 4.0650
5.0925 -1.5540 8.8522
0.6866 -2.9359 3.5542
0.1429 -2.6623 3.7853
0.8678 -2.8190 3.8918
-0.2357 -1.9007 5.0842
1.7911 -2.8582 4.3470
6.9603 -2.7479 7.5521
1.7708 -2.0708 4.8238
14.0989 5.2891 27.6894
-0.8960 3.7614 15.9852
-2.9774 6.6653 20.5694
4.7791 -2.9509 5.8878
8.2192 0.8199 15.3884
-0.7119 -1.9417 4.7276
5.9602 -1.9421 8.5800
-4.0910 -1.2575 4.1392
0.4409 -2.8415 3.6003
2.2982 1.8000 13.9217
4.0212 -1.9218 6.4801
3.9621 -2.2361 5.8322
6.6451 -2.9655 6.9365
-5.9435 -0.4044 4.7693
3.2773 -2.0147 5.6862
-5.0011 6.4092 18.8904
-2.7427 5.7077 18.7968
-0.0326 -2.4033 4.2001
7.0005 -1.5179 10.0262
-2.9584 -1.2135 4.8810
1.3340 -2.4358 4.3104
11.6095 4.2148 24.1110
6.4648 0.0613 12.8635
-1.8840 -1.1452 5.6377
-0.2526 -1.0980 6.6738
-1.3998 -1.4613 5.2875
4.6350 -2.7722 6.1606
2.2304 -1.6147 6.1807
8.3643 -0.2229 13.3942
-0.5461 -1.8145 5.0766
3.3645 -2.2950 5.3485
6.5236 0.3370 13.4469
-3.8015 -0.2972 6.2200
8.6396 -0.6659 12.6706
2.7112 -2.3760 4.9914
6.1715 -2.4127 7.7645
1.4382 -1.9522 5.0565
3.4606 -1.9979 5.8305
6.0144 -2.9558 6.5914
3.0883 -2.7222 5.3670
3.1519 -2.5347 5.3274
8.1713 -1.3012 11.1343
4.3006 -2.1481 6.0285
0.6901 -0.0235 9.3595
7.1889 0.7615 14.6770
-0.4857 -0.6034 7.5248
0.2575 -2.3094 4.5546
0.1758 0.2890 9.6850
1.4255 -0.4392 8.9557
2.7865 -1.3306 6.7237
-5.3777 -0.8119 4.2841
4.5252 -1.9778 6.7566
3.3694 0.3864 11.7235
9.3569 0.3369 15.0831
6.2587 4.5453 21.6793
-0.1613 -1.0739 6.7747
5.0897 -2.6964 6.5744
4.1969 -0.5067 10.4218
6.8231 -2.0699 8.8238
-7.8764 1.0674 6.5857
-2.5040 -1.7063 4.1616
1.4768 -1.5163 3.8934
-16.7145 3.9065 7.1384
1.4631 -1.1454 7.5704
6.2200 -1.3633 9.8835
3.6518 -0.9217 9.2801
5.1403 -2.0009 7.0853
-17.9882 3.9064 6.4027
3.2808 -2.6694 5.5834
6.7929 -0.3698 12.1940
4.8734 -1.5484 7.9010
4.4019 -1.4027 7.8740
-1.0894 -1.6405 5.1096
6.6819 0.1050 13.0761
6.7497 -2.9062 7.1150
2.1632 -0.5066 9.2475
2.4135 -2.8134 4.7957
3.7053 -1.7798 6.6727
-14.7459 2.9838 6.4368
5.5967 -2.6898 6.8803
1.8446 -0.6958 8.6865
4.0854 -2.2865 5.7738
3.2167 -2.5348 5.3650
13.6511 5.7087 28.2670
3.1169 0.5641 4.4296
4.7206 -2.9460 5.8638
7.1421 -2.0699 9.0080
2.9681 -0.6101 3.9902
-1.3046 -2.2794 3.7122
7.3811 -1.9287 9.4274
8.9091 0.3862 14.9226
0.8555 -2.8743 3.7745
7.9438 -0.8681 11.8658
6.7474 -2.3294 8.2631
1.5714 -0.1054 9.7053
7.9715 5.2887 24.1499
1.0917 -2.7285 4.2014
-1.4947 -1.2136 5.7262
2.0004 -1.1465 6.9782
3.1904 -0.5013 4.5624
2.2282 -2.7900 4.7352
-1.0167 -1.8145 4.8049
3.6033 -2.7028 5.7031
6.1695 3.9072 20.3564
1.9648 -2.8797 4.4043
11.5867 4.7205 25.1057
2.5339 1.3388 13.1388
6.1721 -2.4562 7.6780
3.7398 -2.9361 5.3170
-0.4747 -1.9551 4.8378
5.7821 -2.3389 7.6866
6.6563 -2.9010 7.0713
6.6607 -0.7259 11.4081
3.2470 -2.8851 5.1341
4.0619 0.0185 11.3904
-1.3574 -0.4391 7.3487
4.2321 -1.9992 6.3853
-5.9085 0.0617 5.7183
-5.8904 0.0188 5.6433
2.7305 -2.0418 5.8583
-6.1161 -0.3692 4.7397
3.4888 -1.3710 7.1771
4.4767 -2.0436 6.4337
-3.2792 -1.0737 4.9743
5.1147 -2.0295 7.0671
-1.7476 -1.6572 4.6962
-4.1803 -0.6653 5.2678
4.6406 -1.3358 8.1692
-0.8987 -0.4731 7.5459
5.8530 -2.9363 6.5371
11.0962 2.8687 21.1324
-1.1066 1.1328 10.6258
-12.9986 3.1030 7.6834
5.5800 6.9343 26.0477
-1.2746 -2.0571 4.1725
4.7202 -2.8307 6.0933
7.1584 -1.8872 9.3814
5.9945 -2.7225 7.0449
2.8378 -2.7599 5.1472
2.7077 0.0267 4.6152
-0.8051 3.2263 14.9714
5.6049 1.8841 15.9990
0.7979 -1.3846 5.8113
2.9691 -0.4234 3.9752
3.2355 0.5939 12.0597
0.9399 -1.8756 5.0684
-4.5235 4.2141 14.7923
6.0819 -2.4815 7.5756
6.8026 -1.1222 10.7004
0.7112 -2.7348 3.9691
6.1113 -2.1290 8.2950
7.6947 -0.6038 12.2485
10.6828 1.1326 17.4343
-11.6294 1.8842 6.0456
5.7034 -2.7843 6.7535
5.6458 -2.2557 6.9309
13.1816 5.9324 28.4415
2.1100 -1.9661 5.4388
-0.4362 -2.4893 3.7957
7.2276 -1.8444 9.5067
0.8827 -2.9649 3.6095
-4.9747 -0.5715 4.9959
3.1354 -2.9007 5.0385
-11.6950 3.7610 9.7476
0.6140 1.0673 11.4890
2.3170 -2.9261 4.5153
10.6761 1.9705 19.1000
4.0478 -1.7529 6.5472
5.1614 -1.6409 8.7189
4.8725 -2.2759 6.2638
6.0336 -2.0329 8.4415
0.1638 -2.0815 4.9547
3.5199 -2.5341 5.5387
2.5339 -0.3884 5.6316
2.3717 -2.8582 4.6822
5.0152 -1.6107 7.7562
0.9097 -1.6244 5.6373
7.6688 -2.0330 9.3857
3.4077 -2.0560 5.6276
6.8744 -1.9819 9.0287
-0.5414 -2.3384 4.0355
5.9445 -2.1742 8.1085
6.1292 -2.3947 7.7758
1.3226 5.7079 21.1452
2.2085 -2.1693 5.0878
6.4209 -2.2901 8.1528
3.3636 -2.7782 5.4145
2.6535 -2.6077 5.0892
1.1228 -2.9359 3.8060
1.5482 -2.2379 4.5157
3.0871 0.1052 11.0001
1.0529 -2.6760 4.2836
-0.8038 -2.4032 3.7549
4.5474 -1.9107 6.8004
1.5327 0.2889 10.4686
14.5839 4.2149 25.8290
3.4060 -2.8637 5.2685
5.8784 -1.1687 10.0738
7.0205 -2.5459 7.9893
-0.2080 -2.3479 4.2091
1.7783 -2.7598 4.5356
1.8511 -2.9506 4.1973
6.2109 -2.7602 7.0948
8.5926 -1.1917 11.5957
5.2371 -2.1632 6.8595
-20.3907 5.0901 7.3737
3.7019 -1.2167 7.6156
-0.2056 -1.7996 5.3030
-4.0913 -0.3336 5.9801
2.7183 -1.2112 6.9138
2.8666 -2.8473 4.9898
0.9105 -2.8954 3.7642
3.6353 -2.5882 5.6412
2.8805 -2.2991 5.2077
16.7972 6.6669 31.9933
4.9436 -2.1991 6.5131
0.4215 -2.3094 4.6493
6.3753 2.7566 18.1826
2.1190 -2.1674 5.0300
1.2704 -1.4045 5.8528
3.5989 -2.8637 5.3799
3.5575 -2.8851 5.3134
13.2752 4.0584 24.7614
-0.8960 1.0034 10.4895
1.2637 -2.1568 4.2642
-1.5877 -0.6034 6.8884
-0.7898 -0.7837 6.9900
6.4519 -2.6764 7.4009
8.6205 -1.3634 11.2696
2.3503 -2.9507 4.4855
5.7913 -1.4231 9.5168
7.1890 -2.4816 8.2148
7.2762 -2.2901 8.6466
1.2793 -2.7026 4.3613
5.9194 6.6660 25.7092
0.2470 -2.7839 3.6031
6.2793 -2.3856 7.8806
1.4620 -1.4061 3.7921
0.0805 -0.8401 7.3801
2.7258 -2.3792 4.9786
3.6971 -1.9175 6.3402
6.4062 -2.9462 6.8369
5.2720 -2.0988 7.0389
6.0028 -1.9948 8.4996
3.6353 -1.3415 7.3767
4.7916 -2.7351 6.3250
7.3511 -1.8731 9.5208
0.6326 -1.2925 6.1704
-12.9380 5.2875 12.0713
2.8145 -2.3651 5.0543
11.5520 1.7181 19.1029
6.2239 -2.8958 6.8320
-4.1619 -1.0492 4.5133
3.1659 -2.5881 5.3700
2.9903 -0.6204 4.8745
-0.2046 -2.6201 3.6687
5.8071 -2.7903 6.8016
-0.0611 -2.1514 4.6856
3.9925 -1.4060 7.4416
5.8123 -2.0859 6.8256
4.7640 -1.8495 7.2248
0.0401 -1.9417 5.1617
3.1724 -2.5699 5.3616
2.3628 -1.9753 5.4983
-3.5313 -0.4730 6.0257
2.6498 -0.1054 10.3280
-0.9194 -1.9281 4.6347
3.9191 -1.5581 6.8431
6.7709 -2.4563 8.0238
-1.4754 -0.8947 6.3727
4.2586 -2.9060 5.6767
-2.4264 -1.3830 4.8506
7.6139 -1.1688 11.0760
2.8655 0.0747 4.6327
2.5165 -0.9995 8.4694
5.5705 -2.9654 6.3161
6.2988 -2.7724 7.1213
-1.4163 4.9018 17.9571
8.0665 2.3410 18.3310
2.9595 -2.0485 5.7298
6.7459 2.2444 17.3759
8.8152 -0.9484 12.2091
1.7443 -2.8191 4.3978
-7.0325 0.7618 6.4642
-13.7302 3.2260 7.5061
2.8712 -2.8192 5.0485
4.6407 -1.7819 7.1340
1.3014 -0.1452 9.4700
3.5924 -1.9467 6.0318
5.9884 -2.2389 8.0050
2.2019 -1.1685 7.1287
5.2294 -0.1884 7.9302
6.7156 2.6480 18.1627
12.9633 5.4944 27.4427
3.2464 -1.4122 7.0875
6.7379 -2.7416 7.4362
-4.3118 -0.1840 6.1507
2.8592 -2.8798 4.9208
1.2027 -1.4049 5.8189
5.0584 -2.2140 6.7031
4.3266 0.5939 12.6898
2.8158 -0.6635 4.7880
4.1081 3.3535 18.0625
2.7453 -0.1247 4.6367
5.0421 -2.3253 6.3319
14.2322 5.7088 28.6027
-2.7561 -1.7222 3.9842
1.8145 -2.9650 4.1475
5.9469 -2.9413 6.5815
1.2548 -2.2604 4.5252
2.0612 -2.7092 4.7997
0.4815 -0.5717 8.1466
5.7691 3.1033 18.5233
14.9460 5.0920 27.7859
6.8930 -1.0743 10.8480
2.4161 -2.7598 4.9038
3.2914 -1.5849 6.5615
-4.4458 -1.1910 4.0669
7.7035 -1.4426 10.5822
1.7719 -1.6471 5.8963
-0.0413 -1.8584 5.2809
5.2227 0.5403 13.1007
-0.6863 -1.1684 6.2832
4.5166 -1.8372 6.9388
5.4701 -2.2179 6.8726
7.4616 -1.2582 10.8100
5.2263 -0.5068 11.0163
-1.7711 4.2142 16.3821
6.6279 -2.5915 7.6718
4.0705 -2.8362 5.7070
1.2806 -2.9210 3.9269
5.1973 -2.0674 6.9855
-11.7622 2.7564 7.7069
15.6889 5.9326 29.8899
5.8320 -1.3428 9.7003
5.1865 -2.9163 6.1922
2.9767 -1.5375 6.4037
6.5076 -2.8801 7.0272
5.0489 -2.0846 6.8602
7.1281 -2.5143 8.1145
9.6776 -0.0238 14.5495
1.4404 -1.5156 5.7848
5.2600 -2.8251 6.4163
2.3313 -2.3221 4.8527
-15.1895 3.7609 7.7292
-12.9423 4.5444 10.5882
1.4364 1.2685 12.3648
6.1574 4.2145 20.9618
7.2576 3.1034 19.3830
1.7227 -2.5084 4.4718
7.1124 -1.9422 9.2453
5.2712 -2.7539 6.5646
1.4550 -1.5157 5.7943
6.8072 -2.2901 8.3758
0.7590 -0.6655 8.1199
2.4093 -2.6961 5.0268
7.6954 1.9705 17.3785
3.5603 -2.8077 5.4693
2.6194 -2.9261 4.6899
-2.1021 -1.9813 3.8457
6.2278 -2.0454 8.5289
1.6011 -2.7412 4.4703
7.1865 -0.9483 11.2686
8.1708 -1.6411 10.4566
0.1112 -2.6201 3.8510
-14.9659 3.1029 6.5472
1.6641 -0.8122 8.3503
-17.4586 3.6203 6.1384
14.3773 4.5457 26.3689
-11.9374 3.9066 9.8977
1.8912 -2.2088 4.6312
-14.2074 2.8683 6.5178
-0.1209 -0.9994 6.9465
2.5372 -2.9651 4.5647
5.4346 -2.0623 7.2646
3.0389 -0.5899 4.6549
5.9599 -1.6649 6.5687
7.1224 -2.4732 8.1930
3.2411 -0.6656 9.5532
4.3576 -2.3517 5.8833
-16.7410 4.2136 7.7352
0.1007 -2.5983 3.8884
2.3218 -0.3105 6.0255
0.1167 -2.1170 4.8568
5.9042 -2.6134 7.2101
4.9675 -1.4709 8.1070
1.3121 -2.2784 4.3492
4.5445 -1.5259 7.6715
-2.2077 -1.3423 5.0580
2.0047 -2.9507 4.2860
3.5365 -2.6896 5.6908
4.3710 -2.0551 6.3647
1.9275 -2.4656 4.5769
3.2335 -2.9508 4.9955
-0.8763 -2.2995 3.9197
-2.8273 -1.5535 4.2792
-1.1833 -1.5714 5.1930
2.6792 -2.3335 4.9885
-1.2166 4.0579 16.3908
0.3847 -2.1170 5.0115
-14.8118 2.8683 6.1687
3.4287 -1.6103 6.8384
5.0008 2.6480 17.1723
-2.1565 -0.6654 6.4364
3.3635 -2.8418 5.2878
-1.0329 -1.8583 4.7083
0.5149 -2.5835 4.1571
3.8702 -0.2227 10.7990
4.1508 -2.7029 6.0192
3.1760 -0.5656 4.4597
3.8969 -2.3827 5.6628
10.2821 0.9407 16.8204
4.7277 -2.3785 6.1323
1.7485 -2.4597 4.4602
1.1632 -1.3719 5.8482
3.1476 -0.1054 10.6155
1.5314 -2.4798 4.3808
4.9156 -2.4124 6.2636
-1.2938 -1.7381 4.7971
3.3361 0.5868 4.4367
6.3434 -2.4477 7.7940
-0.9854 -2.1957 4.0635
-12.3814 5.2875 12.3928
6.2470 -2.0077 8.6151
3.8505 -2.8019 5.6485
5.6652 -2.3312 6.8660
3.4215 -0.9149 7.8541
2.2969 -1.5137 6.4335
3.6225 -2.8192 5.4822
0.3688 -2.8415 3.5587
0.3733 6.9339 23.0397
5.0306 0.2888 12.4885
2.5281 -0.9217 8.6312
7.1652 -0.1454 12.8562
2.8416 -2.8361 4.9975
4.8188 -2.3411 6.2425
-1.7113 -0.7255 6.5738
6.4861 -2.6899 7.3938
0.5338 -2.5297 4.2753
5.0196 -1.4033 9.1104
2.4779 -2.5180 4.9291
1.4891 -1.4061 3.8078
8.3630 -1.5362 10.7765
3.2035 -1.4364 6.9126
0.7570 -1.3367 5.9458
5.6512 -1.6906 8.9027
7.5107 -0.6961 11.9584
5.1636 -2.5866 6.5199
4.3602 -2.9362 5.6752
5.4906 1.9705 16.1052
-3.9715 4.7198 16.1186
6.0134 -2.6696 7.1612
0.4004 -2.6691 3.9204
3.5242 -1.9736 5.8268
6.8312 -1.6069 9.7511
2.1379 -2.3039 4.7918
4.2951 -2.2208 6.0525
7.6270 -1.0985 11.2238
3.8700 -1.3912 7.4184
6.7792 -2.7226 7.4980
3.6882 -2.4775 5.5923
5.5914 -2.9606 6.3376
7.5550 -0.6658 12.0442
-0.1653 -1.9814 4.9640
3.7161 -0.7839 9.5919
0.2057 -2.2279 4.6871
6.1133 -1.7228 9.1055
3.5666 -1.8786 6.1566
0.0133 -1.9683 5.0932
-17.7727 5.7067 10.1144
-7.5212 1.4110 7.4754
7.0439 2.2444 17.5480
5.7461 1.4108 15.1376
1.5990 -2.9409 4.0712
-0.7179 -1.9944 4.6191
2.7012 -0.8403 8.8934
8.1837 0.7615 15.2514
-14.6883 4.7193 9.9282
-0.4188 -2.4726 3.8388
6.2765 -1.4617 9.7200
-3.7557 -1.1216 4.6036
2.1777 -2.2699 4.8605
5.0108 -2.2915 6.3844
-1.4580 -2.2065 3.7690
4.2296 -2.2027 5.9634
-6.7058 -0.2600 4.6167
0.0099 -2.6129 3.8069
2.4372 4.7201 19.8206
1.5573 -2.5200 4.4020
-4.2329 0.4369 7.4335
3.8324 -2.9556 5.3316
0.2632 -2.7473 3.6854
-0.4241 -1.5357 5.7028
2.0759 -2.6057 4.7515
-2.0551 -1.3830 5.0650
8.9154 -0.4050 13.3496
0.7471 -2.8901 3.6803
4.4769 -2.1693 6.1937
6.6282 -2.6697 7.5162
-20.4134 6.1637 9.4999
2.9820 -0.6101 3.9982
2.4125 -2.8582 4.7057
1.3153 -2.3037 4.4557
1.9491 -2.0836 5.1181
10.8309 0.9407 17.1373
2.8391 -1.4741 6.5321
5.9946 -2.7415 7.0070
1.8576 -2.9160 4.2701
2.4306 -2.3605 4.8513
1.8134 -2.7840 4.5076
-9.4051 0.5942 4.7599
3.1439 -1.8423 5.9489
6.4259 -2.5915 7.5551
6.8158 -2.5690 7.8252
0.9226 -1.6573 5.3542
2.5244 -1.9185 5.5379
7.0976 -1.4035 10.3103
2.6633 -2.4166 5.0021
3.8450 -2.0071 6.1924
-1.9341 -1.1911 5.5173
-7.4965 0.4369 5.5488
2.8218 -2.3484 5.0474
0.8461 0.3864 10.2664
5.6897 -2.9112 6.4928
-6.1563 0.6488 6.7450
4.5146 -2.1846 6.1850
1.9220 -2.8248 4.4890
-13.1583 3.9066 9.1925
-2.4290 -1.8438 3.9310
0.6999 -2.8689 3.6953
-8.1848 1.1999 6.6716
3.2430 -0.5778 4.1930
1.7015 -2.8690 4.2736
5.8381 -0.8951 10.5958
0.9115 3.9071 17.3193
0.7637 -1.4514 5.8978
-5.7727 -0.2601 5.1555
5.9856 -1.6907 9.0958
2.2660 -2.8191 4.6990
8.8386 1.9705 18.0388
-10.9864 1.2000 5.0536
7.9295 -1.2582 11.0801
8.2237 5.4941 24.7048
3.8643 -1.2251 7.9184
4.7721 -1.3238 8.3778
1.0752 -2.0220 4.8846
1.8677 -1.6853 5.8542
0.1999 1.6384 12.3877
5.7695 -2.8251 6.7105
1.2485 -2.1038 4.1346
5.9633 0.5938 13.6350
3.0015 -0.5352 3.9525
6.5541 -2.8420 7.1299
-5.3603 0.7047 7.3160
3.0095 -2.9556 4.8565
9.3265 0.3369 15.0655
2.6937 -2.9555 4.6742
5.2003 -2.9606 6.1118
5.8808 -2.7289 6.9665
5.6156 -2.3854 6.6324
-2.4585 4.3765 16.3084
5.3669 -2.9009 6.3269
-11.3878 1.8842 6.1851
7.0118 -2.6420 7.7927
2.8353 0.2392 4.7063
-5.6206 -0.4389 4.8869
0.6865 -2.7597 3.9052
6.1014 -2.6559 7.2394
1.7806 3.2263 16.4649
10.7919 1.0671 17.3668
2.6869 -2.9058 4.7693
3.5070 -2.9652 5.1247
4.5747 -1.4154 7.8934
4.6263 -1.7469 7.2999
1.3755 -1.7437 4.0697
3.5938 -2.7721 5.5595
2.3492 -2.9555 4.4753
-0.9474 -1.7064 5.0604
2.8572 -2.2015 5.6087
1.2105 -2.8581 4.0117
2.3405 -2.7598 4.8601
11.4040 4.5455 24.6514
0.6444 -2.9209 3.5596
-0.1646 -0.4731 7.9699
1.3867 -2.3702 4.2130
6.9243 -1.4618 10.0940
4.5020 -2.3534 5.9708
2.2562 -2.8797 4.5726
5.1156 -2.8078 6.3672
4.1716 0.7616 12.9345
5.6209 -1.9555 8.3574
-0.7325 -1.8293 4.9396
6.6638 -1.3428 10.1806
8.3913 -0.2229 13.4098
5.6218 -2.1852 7.9002
-4.2874 3.7613 14.0262
-1.3556 -0.7255 6.7792
-2.4464 -0.7254 6.1493
-13.1417 6.6645 14.6974
8.2646 4.7204 23.1867
9.2091 -0.3699 13.5893
3.0497 -0.5560 4.8915
4.6626 -1.5008 7.8531
-13.8425 2.5424 6.0792
-8.8141 0.3867 4.6877
0.2319 -0.8677 7.4127
5.2496 -2.8905 6.2799
0.8487 -2.7597 3.9988
6.1555 -0.0237 12.5156
5.8250 -2.3672 7.6550
6.0384 -1.1916 10.1208
-2.4601 -1.6901 4.2192
4.5521 -0.5396 10.5615
2.9857 -0.3228 5.1845
11.2128 2.1506 19.7687
-0.5399 -1.4421 5.8223
9.3853 3.7617 21.9237
-1.6206 -0.8400 6.3979
3.9044 -1.7227 6.4643
-0.9054 -2.3384 3.8253
5.7616 -2.8420 6.6723
-1.1530 1.5606 11.4515
6.3008 -2.5302 7.6050
-1.2751 2.7565 13.7640
-0.0687 -2.3667 4.2521
-1.2846 -1.2577 5.7597
11.7144 5.7086 27.1482
3.6837 -1.6511 6.7833
-1.6880 1.5606 11.1425
4.5260 -2.3205 5.9626
6.7735 -1.6410 9.6497
3.1822 0.5934 4.4994
4.0259 -2.3059 5.7272
2.6369 -2.7475 5.0560
3.8656 -2.1670 5.8727
-6.3776 0.4369 6.1949
3.7760 -2.0134 6.1767
-2.4330 -0.6346 6.3380
8.6126 0.0183 14.0184
3.1611 -0.1034 4.8407
3.1029 -2.7841 5.2521
6.5962 -2.9113 7.0162
6.6366 -2.2597 8.3379
2.6307 1.5606 13.6367
4.3069 -2.2330 6.1684
3.8958 -1.2351 7.6986
-0.4227 -2.5684 3.6458
6.4230 -2.3484 8.0377
0.7075 -2.9602 3.5179
1.8168 -1.0831 6.8429
7.3036 -1.2798 10.6757
5.9292 -2.9061 6.6413
2.4943 -1.8195 5.9256
1.5035 -1.6009 5.6545
-0.3256 -1.7382 5.3561
3.1155 -2.3531 5.5211
14.7148 6.1663 29.7930
1.2493 -2.2316 4.2892
1.9189 -2.7598 4.6167
4.2653 -2.7094 6.0722
2.3545 -1.7838 5.9160
6.4159 -2.3389 8.0526
-2.3236 -1.0979 5.4780
8.5454 4.5454 23.0001
1.2621 -2.7659 4.2253
4.4629 -2.1626 6.2042
8.7227 -0.4735 13.1018
1.4768 -1.4302 3.8934
-1.0933 -2.0072 4.3768
4.1167 -2.8638 5.6788
-0.0025 -2.0449 4.9315
-3.3431 -0.4045 6.2709
0.8130 -2.8849 3.7288
3.6305 -1.9013 6.2294
1.2053 -2.3498 4.2739
5.4121 -1.6409 8.8637
5.1154 4.5452 21.0189
6.5175 -0.8952 10.9881
3.8601 -2.3520 5.5967
-0.7188 -2.2488 4.1116
7.3712 -2.3765 8.5293
5.0909 -1.9743 7.1302
6.7686 -2.0820 8.7682
0.6573 -2.8901 3.6284
-1.3463 -1.9813 4.2821
-5.9699 -0.5063 4.5510
2.4016 -2.0519 5.3677
3.4268 -0.2604 10.4679
2.2716 -1.8075 5.8194
4.6405 -2.2574 6.1135
11.3841 1.0032 17.5814
-0.5576 -0.1053 8.4758
5.4307 -2.8853 6.3949
6.0545 -1.5126 6.5138
7.1495 5.4941 24.0843
-0.9835 -1.8867 4.6803
6.7351 1.0032 14.8965
-2.5366 -1.1451 5.2609
1.4834 -2.5068 4.3578
-6.4326 -0.4044 4.4869
5.6185 -0.4049 11.4458
2.7376 -2.7413 5.1265
-3.3996 -1.0244 5.0030
1.6966 -1.9886 4.9356
5.9842 -2.3099 7.8612
-1.7969 -0.9738 6.0296
10.2090 6.9347 28.7220
6.3123 -1.9422 8.7833
-19.5374 6.1637 10.0059
-4.3187 -0.4390 5.6387
-0.9461 -1.6405 5.1923
3.1091 -0.5337 4.1326
-1.1704 -2.0198 4.3070
-18.5972 4.5442 7.3217
3.5255 -1.9549 5.9138
0.2473 -2.3943 4.3797
-0.0485 -2.0449 4.9049
-13.9545 3.9066 8.7326
1.7627 -2.3434 4.4538
3.8409 3.4850 18.1701
5.8788 -1.5178 9.3785
-3.5723 5.9312 18.7631
3.1657 -2.7223 5.4116
3.7478 -1.4353 7.0158
2.5940 -0.2717 5.6521
3.1459 0.5716 4.4289
3.5936 -2.0514 5.8088
3.7903 -2.9508 5.3169
-0.2792 -1.6236 5.6112
1.5921 3.1033 16.1107
3.4656 -2.2095 5.4378
8.5435 -1.2364 11.4783
7.0550 -2.6135 7.8746
6.1299 -0.7552 11.0432
-13.6720 4.3760 9.8311
1.2378 -2.7597 4.2235
3.1340 -2.7028 5.4321
6.2481 -1.7697 9.0899
-7.7366 0.8202 6.1739
0.1929 -2.5835 3.9712
3.0559 -0.7160 4.1475
6.0132 -2.0077 8.4801
6.2842 0.5938 13.8203
3.2358 -0.5777 4.1891
5.6678 -2.9163 6.4700
6.6782 -2.9265 7.0333
6.6443 -2.2494 8.3630
-10.5352 1.8001 6.5100
1.3697 -2.3391 4.2775
5.0163 -1.4838 8.0727
4.5304 -2.8193 6.0064
2.9296 -2.8798 4.9614
3.4571 -2.6626 5.6989
1.2041 1.9705 13.6295
10.6402 1.8841 18.9071
5.2181 -2.2061 6.7314
1.4235 -1.5158 5.9500
2.9841 -0.6850 4.0894
-2.3525 -1.0245 5.6076
3.3163 -0.3830 4.1517
2.3169 1.4109 13.1571
8.3057 -1.3634 11.0879
3.9058 -2.2994 5.6413
4.0757 -2.5693 5.8817
0.9710 -1.5722 5.5410
5.3972 -2.3262 6.6011
3.4480 -0.8123 9.3804
-6.9994 0.7618 6.4833
4.4664 -2.7477 6.1122
4.2379 -2.0610 6.0800
7.4603 -1.8444 9.6411
1.3350 -1.9232 4.0640
-0.8163 -2.2384 4.0760
4.4819 -1.8309 7.2220
2.4984 -1.8575 6.3176
-8.1735 6.4090 17.0577
5.3638 -1.8587 8.4018
6.2053 -2.4215 7.7663
0.8912 -2.9506 3.6431
0.7438 -2.6554 4.1460
9.5133 2.4403 19.3646
3.0834 -2.4463 5.2565
4.4192 -2.1735 6.1728
-1.3090 -0.4046 7.4455
2.2377 -0.8949 8.5168
2.6606 -2.3995 4.9892
3.5178 -0.7550 9.5349
0.9178 -1.8333 5.0043
1.6025 -2.7474 4.4587
2.9848 -0.4835 3.9324
12.8988 2.6481 21.7339
3.3374 -0.6656 9.6088
5.7618 -2.3578 7.6372
3.0233 -2.3896 5.3272
1.8135 -2.0044 5.0097
2.3160 -2.8305 4.7053
6.7944 -2.6279 7.6954
1.9604 -0.2974 9.5473
8.0750 -1.1223 11.4351
12.9383 3.3538 23.1628
3.3220 2.1505 15.2115
7.8966 -1.4808 10.6177
1.4922 -1.4781 3.8665
5.3776 -2.1852 6.9240
-21.6936 6.1636 8.7603
7.2082 -2.4981 8.1930
1.1507 -2.8796 3.9343
2.9928 -0.6254 4.0076
1.9200 -2.7840 4.5691
6.0595 -2.7602 7.0074
3.0183 -0.6528 4.1029
-0.0836 -1.0246 6.9178
9.4411 1.0032 16.4593
4.3529 -1.6806 7.1433
4.8218 -0.9481 9.9032
-7.7942 1.8001 8.0930
-10.0885 1.2000 5.5722
-4.9721 -0.1449 5.8473
4.1912 -2.1640 6.0128
1.7167 -2.2761 4.5766
3.7640 -2.1069 5.9146
3.9777 -1.6406 6.9970
5.1534 -1.8043 7.4650
7.5295 -0.8405 11.6815
-13.7542 2.9838 7.0096
4.4099 -2.2512 6.0293
-3.8535 -0.9214 4.9462
5.3089 -2.0983 7.0585
-14.6618 2.4402 5.4021
2.9943 -0.4695 3.9631
0.1884 -2.6273 3.8813
4.2447 2.9841 17.4053
5.7818 -2.4272 6.7696
0.6732 -2.4033 4.6076
6.5855 -2.7289 7.3734
3.3437 -0.5774 4.2113
2.5321 -0.0205 4.5679
2.4377 -1.8541 5.8243
0.6813 -2.8074 3.8070
5.9763 -1.6018 6.5403
1.2971 0.9408 11.6316
-1.2547 1.2685 10.8107
6.6512 -2.3485 8.1695
7.8581 -0.3698 12.8091
4.9097 -0.8951 10.0597
0.8629 -2.6623 4.2010
3.3217 -2.4593 5.3672
8.4979 3.7617 21.4111
2.7942 -1.4272 6.5714
3.4695 -1.6730 6.6947
6.1174 -0.3697 11.8040
-1.5945 -1.7063 4.6867
5.3502 -2.2260 6.7501
3.6753 -2.7094 5.7316
7.0971 -0.6658 11.7798
0.2388 -2.7658 3.6345
1.3457 -2.9359 3.9347
1.2518 -1.7731 5.3123
-1.0868 -1.7224 4.9480
2.7537 0.0185 10.6350
2.0024 -2.1534 5.0055
3.0878 -0.6236 4.1204
6.2049 -2.5840 7.4424
1.4153 -2.7411 4.3631
3.2537 -0.0236 10.8398
4.6376 -2.7843 6.1382
5.5236 -2.8136 6.5913
1.2288 -1.8829 5.0379
3.5241 -2.2809 5.3449
-0.0426 -2.7091 3.5850
9.9542 0.5402 15.8331
-7.4061 0.8799 6.4837
1.1017 0.8798 11.3970
2.2593 -2.1108 5.2435
0.0536 0.1498 9.3372
3.0502 -0.7079 4.1425
3.2299 -1.4122 7.0788
1.4866 4.0580 17.9521
6.0702 -2.5689 7.3947
-0.6425 -0.4392 7.7615
1.2849 -1.9375 5.0374
4.8389 -0.2228 11.3584
2.4214 -1.7143 6.1392
7.0660 -2.6350 7.8381
7.1193 -1.3429 10.4436
3.7817 -0.8403 9.5174
-14.1581 3.4845 7.7740
2.8154 -2.3768 5.0535
4.0106 -2.3002 5.7345
5.3271 -2.3643 6.5025
5.1634 -2.0302 7.0416
6.8045 1.0032 14.9366
7.6134 0.0613 13.5268
4.4130 -0.4394 10.6809
3.9383 -2.2622 5.6887
5.1529 -2.0002 7.0897
3.7259 -2.7476 5.6847
6.0427 -1.3424 6.4247
3.1574 -0.3050 4.8889
6.0728 -2.6062 7.3219
-2.9617 -0.8675 5.5685
-2.6158 -1.5355 4.4372
4.3665 -1.8533 6.7799
3.8517 -2.6896 5.8728
4.3825 -1.7476 7.3742
7.3724 1.1997 15.6561
8.3406 -1.4035 11.0280
-2.6811 -1.6737 4.1242
2.0674 -2.1828 5.0060
2.7095 -2.9211 4.7520
8.8142 0.1950 14.4868
-4.7709 -0.6032 5.0503
-5.6824 0.1500 6.0248
4.6116 -2.1343 6.3639
1.5865 -1.6677 5.5722
3.6162 -2.6762 5.7636
-6.7032 -0.2223 4.6933
8.6952 -0.7553 12.5245
1.4393 -1.9473 5.1017
-7.4390 0.4883 5.6843
1.3380 -1.9791 4.1349
-1.9115 -1.1217 5.6686
3.2874 -2.0093 5.7728
-14.2628 5.4927 11.7152
-1.4983 -1.6572 4.8401
2.3628 -1.6972 6.1048
-14.2241 2.4402 5.6550
7.5640 -1.5362 10.3152
3.9428 -2.2689 5.6772
0.9171 -2.8304 3.8976
-12.7307 6.1642 13.9380
-0.5757 -2.4975 3.6987
4.7567 -0.9741 9.8139
2.7865 0.0821 4.6068
2.3432 -0.9740 8.4202
-3.3769 4.9017 16.8246
1.4610 -1.5010 3.9209
-0.1428 -2.4472 4.0490
3.3313 -2.4448 5.3962
0.1858 -0.7255 7.6692
-2.3349 -1.7995 4.0735
-19.1213 5.2871 8.4995
1.6361 -1.7269 5.5538
5.1256 -2.4143 6.3608
11.6866 3.2266 22.1864
1.2708 -2.9210 3.9213
-0.5626 -1.7064 5.2826
6.6097 -0.8405 11.1504
3.9941 -1.9878 6.0508
1.8557 -2.8954 4.3099
6.0195 -2.7903 6.9242
5.0106 -2.7961 6.3299
2.7096 -0.5395 9.4976
6.7790 -2.8801 7.1839
3.0067 -2.8528 5.0597
2.5940 -2.2388 5.1588
7.9355 -0.3341 12.9251
1.2454 -1.9155 4.9846
0.3951 -2.3289 4.5953
0.2737 -2.0449 5.0910
1.0000 -0.3695 8.8489
5.5383 -2.2301 6.8331
-1.9761 -1.9813 3.9185
13.7620 4.0584 25.0426
4.3062 5.4939 22.4419
-0.1143 -2.4975 3.9652
1.3497 -1.8771 5.1546
9.1464 0.1050 14.4992
1.5532 -2.9159 4.0944
5.4839 -2.0142 7.2781
1.8320 -2.1404 4.7374
3.1688 -0.6784 4.2434
6.8380 -2.7602 7.4569
3.2685 -0.4181 4.4724
0.1480 -1.0495 7.0020
3.1742 1.4109 13.6522
4.5309 -1.7714 7.1947
5.7872 -2.9510 6.4699
6.5944 -2.7663 7.3040
3.2686 -2.8956 5.1257
1.3994 -1.7649 4.0281
2.4251 -0.6348 9.1433
-10.8418 1.7182 6.1698
4.2444 3.4850 18.4032
4.4068 -1.8371 6.7985
1.8923 -2.2127 4.6427
0.9047 0.5404 10.6071
5.8893 -0.5720 11.2693
4.8336 -2.8250 6.1701
12.7802 3.1035 22.5728
1.7664 -2.0684 4.8129
-10.0842 4.3761 11.9036
7.8954 -1.9151 9.7516
4.6631 -0.9218 9.8640
-1.4349 -1.6064 4.9781
4.9678 -2.7723 6.3528
3.2350 -1.4364 6.9309
8.9479 -0.8681 12.4456
-7.8975 1.1999 6.8375
11.9963 2.3410 20.6007
-8.1374 0.3867 5.0785
-9.1010 1.5607 6.8613
4.8263 -1.7190 7.4491
2.7993 -0.8123 9.0058
7.5426 -1.5179 10.3392
4.1103 0.0614 11.5039
2.9925 -0.4917 4.0003
4.4292 -2.1913 6.1181
5.6102 -2.6831 6.9015
4.1070 -1.5416 7.2387
4.8601 -2.2552 6.2999
1.9652 -2.1590 4.8313
3.7750 5.7081 22.5619
1.4633 -2.8527 4.1686
3.8901 -2.2692 5.6792
1.4867 -1.1846 3.7652
-6.9146 -0.0232 4.9680
2.1946 -1.4543 6.5332
3.5269 -2.9161 5.2339
5.7040 -1.6906 8.9332
-2.9465 -1.6737 3.9709
4.2731 -2.0716 6.0929
-22.6885 5.9299 7.7201
8.2340 -0.1454 13.4733
0.5574 -0.4392 8.4545
6.0091 -1.6743 9.1420
4.0528 -1.9750 6.0376
-3.1530 0.0616 7.3096
0.7808 -0.1452 9.1694
-1.5650 -0.2225 7.6604
6.7917 -1.7229 9.4972
10.0672 0.2887 15.3971
4.2512 -2.8904 5.7034
-5.1170 -0.7546 4.5488
-2.3666 -0.8120 6.0228
6.0122 -2.8194 6.8620
1.1758 -0.9995 7.6952
-2.2481 4.9018 17.4766
5.4561 -1.5895 8.9917
5.8284 -2.7903 6.8138
-6.2186 1.1329 7.6736
0.5749 -2.4122 4.5330
-1.2553 -0.4391 7.4077
0.1080 -2.1957 4.6948
4.9691 -2.8419 6.2147
4.1066 -2.0594 6.2764
10.9695 0.7043 16.7464
-7.0656 0.7618 6.4450
-0.0797 -2.5297 3.9211
6.4144 0.4879 13.6844
9.7027 6.9347 28.4295
4.4318 -1.7250 7.3688
12.1820 4.3771 24.7651
5.7914 -2.2517 6.8618
1.7552 -1.9399 5.0615
1.9140 -1.4019 6.4294
6.2416 -1.9555 8.7158
7.2852 0.3370 13.8867
-5.9041 5.7075 16.9705
-3.7431 -0.9477 4.9575
3.1581 -0.0960 4.9342
6.6168 -2.6697 7.5096
0.9570 -1.0740 7.4204
5.0001 -1.8672 7.2899
1.2785 -2.7536 4.2592
3.5738 -2.0428 5.9095
4.0015 -2.9212 5.4979
-0.9451 -2.3093 3.8603
7.0003 -2.4563 8.1562
6.9698 -2.6697 7.7134
-9.5647 2.0593 7.5870
8.3218 -1.5721 10.6814
3.5454 -2.7782 5.5195
5.5363 -2.8693 6.4877
2.3088 -2.4794 4.8005
-16.1872 4.0573 7.7435
-5.1201 -0.8946 4.2681
1.4885 -2.8017 4.2847
4.5292 -1.7413 7.2100
-0.9603 -2.3851 3.7006
2.3055 -1.6007 6.2529
3.0319 -0.2027 4.7934
4.3422 -2.5313 6.0070
3.0186 0.5696 4.6098
3.1724 -2.7286 5.4028
0.2182 -2.4211 4.3095
4.4735 -1.7767 7.2899
-1.3427 -1.4613 5.3205
3.8262 -2.8692 5.5004
4.1928 -2.9312 5.5884
0.6045 -2.3385 4.6971
4.8836 -2.4296 6.2568
-1.3005 -2.2065 3.8600
2.8123 6.6658 23.9142
9.0460 -0.9220 12.3949
7.1144 1.4848 16.0751
3.3035 -0.5079 4.3679
9.0428 1.9705 18.1567
0.6848 -2.9108 3.6031
4.2822 -2.9557 5.5913
8.3617 -1.2142 11.4175
11.6350 2.6481 21.0040
7.1046 -0.3698 12.3741
-10.1849 0.8800 4.8789
-0.8836 -2.1737 4.1660
1.2689 -2.8743 4.0132
-0.0141 -2.5454 3.9277
8.6392 -0.1845 13.6295
-0.7545 1.0673 10.6987
-1.5654 6.6654 21.3852
0.3089 -2.4211 4.3618
3.3703 -2.7960 5.3829
3.2283 -1.8029 6.0991
4.9136 -1.0597 8.3904
5.8098 -0.0650 12.2336
2.1244 -1.8378 5.7242
2.3643 -2.8903 4.6140
0.6684 -2.8796 3.6558
5.4464 -0.9482 10.2639
0.5335 -2.8415 3.6538
-0.5123 -2.3288 4.0714
5.9549 -2.7540 6.9593
10.7512 3.4851 22.1614
2.7710 -2.6895 5.2489
1.5316 -1.3394 3.7980
3.0275 -2.6067 5.3031
6.6403 -1.4231 10.0070
4.6618 -2.9411 5.8395
2.9857 2.4403 15.5946
0.6809 -1.2438 6.0434
7.4455 0.5403 14.3843
-8.1915 1.8001 7.8636
3.9720 -2.1738 5.9547
4.9666 -2.7095 6.4772
3.7725 -2.5291 5.6732
-3.7321 -0.0233 6.8057
-0.2836 -2.6129 3.6374
3.8267 -2.7028 5.8321
2.2680 -1.8205 5.8007
4.5276 -2.8799 5.8840
3.4403 -1.7358 6.3595
-1.5639 1.8841 11.8588
1.4307 -2.8471 4.1608
3.3902 -0.4179 4.2690
2.9619 -2.3160 5.4399
4.9136 -1.0197 8.3904
11.9067 3.9074 23.6703
4.8199 -2.4308 6.2228
4.3050 -1.7188 7.1469
-1.2358 -0.3337 7.6291
4.3808 -1.9085 6.6945
-0.5015 -1.4421 5.8444
4.4733 -2.0946 6.3722
5.0680 -2.2287 6.5951
6.2991 -2.5142 7.6358
5.5357 -0.0237 12.1576
1.5367 -2.2230 4.5787
1.1480 -2.8360 4.0197
2.7127 -2.8473 4.9009
4.8288 -2.9653 5.8878
0.7561 -2.6894 4.0855
3.8347 -2.8529 5.5377
0.7734 0.1953 9.8434
2.9041 -2.1690 5.4882
3.0418 -0.5453 4.8844
3.2760 -0.5329 4.4006
8.1102 -0.6351 12.4262
0.8419 -1.8025 5.0567
-2.0119 6.1650 20.1301
6.5037 -2.2901 8.2006
-4.4295 5.9312 18.2679
4.7239 -2.4468 6.1761
-6.5418 -0.2223 4.7865
0.1010 -2.7284 3.6294
4.0717 -2.9557 5.4698
2.7228 -1.1578 7.0632
-0.6219 -1.9814 4.7003
7.0407 4.7203 22.4797
2.5161 -1.8021 6.2097
3.7434 -2.8135 5.5635
1.3694 -1.8171 4.0803
0.5104 2.1505 13.5876
-1.9530 -1.5173 4.8563
4.7380 -1.4538 7.9945
-15.2938 3.7609 7.6689
5.4945 -2.1131 7.1676
0.5255 -2.6827 3.9657
7.5383 3.2265 19.7904
0.8672 -0.5394 8.4337
3.6974 -2.8473 5.4694
7.4039 -1.7387 9.8192
4.2636 1.0672 13.5966
0.0230 -0.1053 8.8111
3.7249 2.9841 17.1051
0.7212 -2.5532 4.3368
3.8101 -2.0685 6.0882
1.5174 -2.8954 4.1146
1.3242 -1.3645 6.1019
1.3996 -2.1813 4.7941
2.3194 -1.7179 6.1040
2.8214 -0.1087 4.5933
4.8068 -0.1055 11.5736
-7.4721 1.2686 7.2200
5.3360 -2.9510 6.2093
-2.6253 -0.6956 6.1054
2.9383 -0.5371 4.8787
5.4106 1.4109 14.9438
5.5989 -2.4193 6.6455
1.9639 -2.1188 4.9148
-6.2144 -0.4729 4.4764
-12.2851 2.1505 6.1976
10.8162 1.4108 18.0656
0.3844 5.9315 21.0488
0.6533 -0.2603 8.8663
-0.1055 -2.5056 3.9540
4.1315 -2.1955 5.9958
5.1899 2.9841 17.9512
5.4877 -2.3389 6.6854
3.1385 0.5862 4.5238
3.1350 -1.3397 7.0617
0.8367 1.9705 13.4174
-2.8649 -0.9214 5.5171
5.4772 -2.8639 6.4643
3.6145 -2.7028 5.7095
7.2405 -0.1056 12.9790
2.9856 -2.7660 5.2204
3.0360 -1.2495 7.0939
4.0237 -1.6629 6.9460
5.8028 -2.3196 7.7370
6.2848 -1.6907 9.2685
1.8132 -0.9995 8.0632
5.9875 -0.3697 11.7290
1.5714 -2.7536 4.4284
-2.5361 -1.1911 5.1697
2.6887 0.0268 4.6046
1.6880 -1.9773 4.9985
1.7524 4.2144 18.4174
-12.6099 2.3408 6.3893
8.0454 -1.6411 10.3842
6.9894 -2.7602 7.5443
0.7230 -2.5376 4.3688
1.4188 -2.8133 4.2213
1.6848 -0.7838 8.4189
-25.5598 6.6634 7.5234
6.1304 -2.5689 7.4294
3.1116 -0.6959 9.4181
3.0178 3.7615 18.2458
-7.0654 5.7074 16.2997
6.3760 -0.7258 11.2438
5.5878 -2.7160 6.8229
0.5696 -0.4732 8.3938
8.4405 -1.3836 11.1255
5.0399 -1.9493 7.1886
6.7552 -2.7353 7.4587
4.3565 -1.2609 8.0925
8.3221 -0.0651 13.6844
0.9226 0.7617 11.0582
2.9898 -2.0281 5.8355
-6.7567 1.0035 7.1049
3.6654 -2.8077 5.5300
1.4283 -2.8690 4.1159
3.2274 -0.5957 4.3661
-3.8706 0.0617 6.8952
2.4258 -2.9555 4.5195
5.0844 -2.4130 6.3623
2.0512 -2.1254 5.0778
-8.3913 0.7619 5.6795
-0.2915 -0.9738 6.8989
3.0869 -1.6143 6.4135
-5.9676 -0.1840 5.1945
5.2256 -2.5133 6.5045
4.7052 -1.2602 8.2795
4.3305 -0.0649 11.3794
7.3972 -1.8589 9.5759
2.1712 -2.2246 4.9494
7.1233 -1.0498 11.0298
-3.8286 6.4093 19.5677
3.0903 -0.7650 4.1781
2.9392 -2.6694 5.3862
-1.0837 -0.0647 8.2528
0.1606 -2.6344 3.8511
4.3661 -2.0044 6.5379
4.1186 -2.2721 5.7869
2.9765 -0.5573 3.9432
3.9135 -2.4758 5.7184
2.3666 -1.1833 7.0308
-0.3110 0.0615 8.9507
3.0088 -1.8676 5.9921
2.2229 -2.2849 4.8579
3.3869 -0.4642 4.2432
-10.2504 1.6384 6.3524
2.2138 -2.7349 4.8367
7.0042 -2.5841 7.9039
4.0484 -1.3976 7.6041
3.8954 -2.4102 5.6983
3.2427 -0.4825 4.1499
-0.2637 -2.5296 3.8148
3.3833 -2.3005 5.3426
-5.5898 0.7047 7.1835
3.8524 -2.7413 5.7702
-6.3034 0.7618 6.8852
14.3775 6.1662 29.5981
1.9201 -2.2426 4.5691
-0.7910 -2.2693 4.0289
4.8161 -2.5360 6.2908
2.1761 -1.7093 5.9653
7.0131 1.1997 15.4486
0.5138 -2.7348 3.8551
5.2131 -2.7843 6.4705
-0.2809 -0.9215 7.0092
-7.2168 0.4369 5.7103
0.8982 -1.4972 5.6448
4.3103 -2.9111 5.6964
0.8599 -2.8075 3.9102
3.6510 -2.5699 5.6380
4.2475 -1.4154 7.7044
1.5092 -2.4043 4.3071
6.8071 -2.8907 7.1791
3.0367 -0.1268 5.1641
2.7421 -1.2297 6.9110
9.9942 3.9074 22.5656
5.4498 -1.7386 8.6908
2.8743 -2.8134 5.0617
4.1529 -2.1102 6.1065
2.1090 -1.2439 6.8677
3.4026 1.1327 13.2299
6.7403 -0.9483 11.0110
10.5795 5.0918 25.2636
3.1119 -0.5686 4.1227
6.6100 -2.3672 8.1083
8.0633 -1.6411 10.3945
1.0000 -2.9260 3.7549
4.5247 -2.2927 6.0431
7.0337 -1.3221 10.4355
6.7623 -2.7602 7.4132
4.6158 -1.8080 7.0886
2.1428 -2.7959 4.6741
-0.8094 -2.3191 3.9192
5.9360 -2.9112 6.6350
7.0128 -2.4816 8.1131
3.9942 1.4109 14.1258
-1.4600 -1.6738 4.8292
-3.1797 -1.4225 4.3368
-14.0242 3.6204 8.1221
4.3818 -1.8504 6.7747
0.2937 -2.5217 4.1525
5.3795 -2.8475 6.4406
12.0761 1.8000 19.5688
5.0807 -0.4982 8.0996
5.3494 -1.9461 7.4212
5.8022 -2.7784 6.8225
-0.4757 -1.4030 5.9373
-0.6304 -1.6902 5.2757
4.5722 -2.7351 6.1983
4.8301 -2.7902 6.2374
1.3521 -2.7474 4.3141
-9.2079 6.4089 16.4601
4.6972 -2.6963 6.3478
8.2892 3.7617 21.2905
1.5712 -2.2935 4.5398
5.9372 -2.8585 6.7408
2.0653 -2.2388 4.7450
5.0430 -2.2661 6.4017
-4.9554 -0.9991 4.1548
7.5814 0.4365 14.2561
3.6457 -2.9059 5.3229
1.3405 -2.9006 4.0022
6.2153 -2.7540 7.1096
3.1386 -2.8249 5.1915
-0.2516 -2.3191 4.2412
5.0294 -1.7452 7.6250
6.6447 -2.1290 8.6030
3.6010 -1.0199 7.6854
3.2663 -1.6353 6.3209
1.2909 1.2685 12.2808
1.1485 -0.3338 9.0059
7.2566 -1.8873 9.4381
-4.2762 -0.9736 4.5979
-20.0297 5.7065 8.8105
3.4778 -2.9161 5.2056
5.2505 -2.7477 6.5649
5.8708 -2.7903 6.8384
5.3834 -2.8307 6.4763
1.8606 -2.0494 4.9946
3.2877 -1.8657 5.9370
2.2842 -1.4821 6.4794
6.7417 -2.9559 7.0114
-11.3989 2.5425 7.4905
4.4561 -2.0785 6.3999
4.1916 -1.8882 6.6289
2.6897 -2.1243 5.2232
2.4989 -2.5257 4.9864
11.5150 2.8687 21.3743
1.5855 -1.6596 5.7531
-12.2166 3.7610 9.4463
6.5548 -2.6490 7.5150
4.3827 -2.8692 5.8217
3.1234 -0.1372 4.8490
4.6417 -2.5671 6.2036
2.6603 -1.0809 7.1746
4.7288 -0.1844 11.3714
3.3574 -0.3982 4.3244
-0.9592 -2.3288 3.8134
8.7028 0.2414 14.5149
-1.2572 -1.9281 4.4396
6.6658 0.0613 12.9796
4.7904 -2.0538 6.7529
4.9061 -2.1116 6.6335
6.1419 -1.2616 6.3967
7.5980 -2.2390 8.9344
0.9396 -2.7839 4.0031
3.5975 -1.4910 7.1400
1.5572 -1.7002 5.4440
4.5826 -0.9997 9.6624
5.5542 -2.7843 6.6674
-3.3202 -1.1682 4.7623
-15.5129 4.5443 9.1034
2.9505 -1.2251 6.9258
2.7362 0.0265 4.6312
2.9927 -0.7173 4.1008
-1.1867 -0.7837 6.7608
1.1435 -2.9554 3.7792
-0.4792 -0.8948 6.9479
0.2548 -0.8677 7.4258
-0.7492 -1.8293 4.9300
4.4720 -1.8128 6.9476
-2.2111 -1.4801 4.7813
5.6735 -1.3428 9.6088
6.4561 -1.3633 10.0199
7.7062 -1.0250 11.4158
-3.5192 -1.0979 4.7876
-0.5700 -1.5174 5.6548
6.4811 -2.7478 7.2754
2.7798 0.0559 4.6481
3.8124 0.3371 11.8812
5.4176 -1.7228 8.7037
5.5910 -2.8853 6.4875
5.0662 -1.9309 7.1899
5.2461 -2.8475 6.3636
2.1210 -2.4950 4.6994
-0.1359 -1.9417 5.0601
-0.3235 -2.4893 3.8608
6.8024 -1.4426 10.0618
6.8134 -2.8586 7.2466
2.5753 -2.7027 5.1096
2.2146 -2.5889 4.8226
3.0003 -0.1124 4.7533
2.9672 -2.9161 4.9108
1.4212 -2.2367 4.5136
15.4312 5.0920 28.0662
1.5979 -2.4062 4.4827
0.7013 -2.6760 4.0806
-2.1998 -1.2577 5.2312
4.7267 -2.3954 6.1432
2.0156 -2.8133 4.5659
7.4638 -1.1457 11.0354
11.8229 1.4108 18.6470
-1.9669 -0.9993 5.8805
8.8410 -1.0251 12.0711
4.8231 -0.4734 10.8500
0.0330 -0.9994 7.0353
-3.8129 -0.5392 5.7311
6.5909 -2.9164 7.0030
5.2715 -2.3742 6.4358
3.0303 -0.5559 4.8807
7.0741 -1.7850 9.5364
9.8282 5.2888 25.2224
6.3184 -1.3633 9.9404
2.2704 -0.4047 9.5125
1.7792 -1.8821 5.4269
6.8190 -2.7161 7.5338
5.7795 -2.8475 6.6716
-5.7744 0.4882 6.6455
6.0837 -1.2724 6.3703
6.8234 -1.6744 9.6122
-6.5275 -0.3335 4.5733
1.5356 -0.5066 8.8851
1.9809 -2.1661 4.8218
5.4506 -1.9286 8.3127
3.4761 -2.7960 5.4440
0.2670 1.4109 11.9733
3.7080 -2.9556 5.2598
5.5714 -2.9112 6.4245
7.3591 -2.1406 8.9926
0.8385 -2.7284 4.0553
3.7354 -2.0849 5.9139
11.1759 1.0032 17.4611
1.2347 -2.2309 4.3147
6.0601 -1.7697 8.9813
2.1806 -1.9143 5.5890
12.5841 5.4944 27.2237
3.1397 -0.5261 4.1476
2.7668 -1.1583 7.1064
-4.1490 -0.8399 4.9379
1.5487 3.9071 17.6874
7.2783 -0.6038 12.0081
3.3327 -2.8418 5.2699
7.7520 -0.3340 12.8192
2.9897 -0.0290 4.7094
-2.7818 -1.3423 4.7264
5.8400 0.4366 13.2504
6.6244 -2.5536 7.7452
0.8569 -2.7719 3.9793
2.3680 -2.8744 4.6478
1.5586 -1.6877 5.6924
6.4752 0.9407 14.6219
4.5049 3.3535 18.2917
9.5452 1.0032 16.5194
2.4095 -2.4645 4.8527
3.9998 -2.4618 5.7644
4.0370 -1.6889 6.7044
3.9577 -2.2287 5.8442
0.5524 -0.5545 5.4753
17.0780 6.4109 31.6454
3.2901 0.5781 4.4651
3.2487 1.4109 13.6953
1.7151 0.8200 11.6322
0.3253 -0.6655 7.8695
1.8736 -2.5846 4.6165
7.2154 -0.4049 12.3680
3.6743 -2.5681 5.6475
5.2912 -1.8801 7.5215
3.0674 -0.5210 4.0915
5.6589 1.6383 15.5404
3.9527 0.5404 12.3672
4.2852 -2.2189 6.0415
0.7697 2.3409 14.1168
4.4576 -2.6830 6.2360
-0.3927 -0.6347 7.5162
1.6645 -2.2358 4.6136
3.0616 -0.7242 4.1526
6.4070 -2.5689 7.5891
2.4287 0.9408 12.2850
1.5487 -1.2294 3.7242
2.2998 -2.5524 4.8471
0.8461 -0.6348 8.2315
4.0749 0.2415 11.8424
-4.5275 -0.9213 4.5570
0.4919 -2.7597 3.7928
0.9475 -1.8789 4.9315
5.9687 -2.9061 6.6641
3.6598 -2.3093 5.4643
10.4878 5.7085 26.4397
9.5511 1.7181 17.9473
-4.7180 -0.8674 4.5544
6.5072 -2.9607 6.8664
5.9615 -0.3697 11.7140
2.9152 -0.6091 4.6683
0.0346 -2.5454 3.9558
5.4983 -0.5396 11.1079
-1.4599 -1.4421 5.2911
3.4308 -1.4480 7.1753
5.8457 -2.0728 6.7674
-1.2057 -2.2994 3.7294
0.8947 -2.9554 3.6355
-1.4798 -1.9416 4.2842
2.5815 -1.9778 5.4596
1.3833 -2.3547 4.2628
0.9376 -2.7285 4.1125
-4.2486 -1.0492 4.4633
6.5373 -1.1457 10.5004
-23.8925 6.4077 7.9769
2.1829 -2.3530 4.7507
0.7535 -2.5836 4.2949
3.1094 -0.6237 4.1325
-12.3544 3.3531 8.5540
-0.7861 -2.2172 4.1356
7.0387 -1.8731 9.3405
6.6411 -2.4898 7.8820
4.6301 -1.2642 8.3208
0.6261 4.3766 18.0901
1.9940 -2.4052 4.5890
4.3970 0.8200 13.1810
0.9372 -0.2226 9.1053
3.2987 -0.6167 4.2350
2.5039 -2.9507 4.5742
-17.2536 3.6203 6.2568
3.9237 3.6209 18.4888
6.5979 4.2146 21.2162
3.3738 -2.1639 5.4661
-1.3281 -1.5890 5.0744
4.8463 -2.2149 6.6248
2.4348 -1.7091 6.3435
3.6592 -1.8286 6.4799
4.4963 -2.4055 6.0054
-2.0097 -1.3423 5.1723
-2.2599 -1.4988 4.7159
4.3869 -2.0476 6.4976
4.5783 -2.1316 6.3362
2.9566 -0.0147 4.7643
-1.0697 -2.2591 3.8884
5.6271 -2.7601 6.7577
-6.1238 0.6488 6.7638
0.3922 -2.5218 4.2094
1.8120 -1.1024 6.7534
3.3107 -0.5398 4.3417
2.5121 -0.4340 5.6124
5.2417 -1.8368 7.6036
7.3488 -2.2071 8.8540
1.2678 -1.3030 6.3486
3.5218 -1.5687 6.9829
-1.0489 -1.8867 4.6425
-1.2620 -0.3337 7.6140
0.8771 -2.7026 4.1290
1.1506 -1.1443 6.4010
6.2866 -2.6696 7.3190
5.1893 -1.9049 7.3536
2.8770 0.0748 4.6118
3.4563 -2.4282 5.4296
0.3863 -2.7957 3.6600
0.8140 -2.7719 3.9545
3.7031 -2.0075 6.0582
5.8024 -1.8297 8.7129
6.9961 -2.4981 8.0706
3.0750 0.5939 11.9671
3.2363 -1.6628 6.2760
0.5359 -2.7220 3.8933
-0.6459 -1.6739 5.2993
2.8460 0.2820 4.7107
8.4591 0.8796 15.6459
3.6720 -2.1910 5.6804
4.2356 -2.2380 5.8932
2.6534 -0.2604 10.0213
-0.9744 -0.4391 7.5699
3.9735 -1.8812 6.5409
4.0871 -2.8474 5.6945
4.7218 -0.4734 10.7915
6.7390 -2.2178 8.4805
5.7348 2.3409 16.9843
3.0540 -2.9604 4.8726
9.2622 1.1326 16.6138
-5.2898 0.4369 6.8232
-1.6665 -0.8400 6.3713
0.4483 -0.9025 5.6475
2.9340 1.8000 14.2889
-8.4111 1.7182 7.5736
7.3772 -1.8444 9.5931
1.1492 -2.8954 3.9021
6.9124 -1.2582 10.4928
5.4246 -2.7030 6.7546
7.0841 -2.5766 7.9650
4.4523 -0.1453 11.2896
7.2834 -2.2700 8.6910
2.3241 -2.8417 4.6876
4.6687 -2.0201 6.6631
6.9098 -2.6062 7.8052
4.3533 -2.9653 5.6133
4.7134 -0.6960 10.3431
12.5494 4.9026 26.0243
-1.6453 -0.6957 6.6713
1.2178 -2.3327 4.2697
-7.7541 1.4849 7.4881
-5.0612 0.3866 6.8550
3.6088 -2.7901 5.5323
-4.2305 0.3866 7.3347
1.2420 -2.3014 4.3019
-7.0672 0.8799 6.6794
9.2669 0.0183 14.3962
3.0620 -0.5685 4.0946
3.0540 -0.5142 4.1153
3.5125 -2.3571 5.4084
0.1894 -2.3574 4.4197
2.2951 -2.7720 4.8096
6.2196 -2.9264 6.7685
2.9789 -1.6480 6.2414
-17.0809 5.2873 9.6781
4.6025 -1.9178 7.0758
2.8755 0.4269 4.7130
3.1690 -0.4472 4.1213
2.5612 -2.5516 4.9963
-8.3748 6.9331 17.9858
3.1949 -1.7157 6.2859
3.8097 -2.9262 5.3771
-22.3072 6.4079 8.8927
4.4927 -1.7363 7.2601
-1.3144 -0.3337 7.5837
10.1051 2.9842 20.7901
1.6555 -1.4265 6.3478
4.4724 -1.6937 7.2990
1.6037 -2.8416 4.2717
-13.3764 2.9838 7.2278
6.7582 -2.4563 8.0164
1.3047 -2.9310 3.9209
-7.9175 0.0618 4.5581
-12.8762 5.2875 12.1071
3.1896 -2.2356 5.5309
6.6237 1.4848 15.7917
-24.0784 6.6636 8.3792
1.8127 -2.9506 4.1752
3.8160 -1.2573 7.7063
6.4977 -2.9413 6.8995
1.5618 -1.3019 6.4966
5.3814 -2.2959 6.6427
6.3850 -1.3010 10.1028
1.3776 -2.3615 4.2160
4.8260 -0.5396 10.7197
5.9977 -2.1174 8.2525
9.9143 1.0671 16.8600
0.4243 -2.6960 3.8807
-1.2536 -1.6064 5.0828
2.6906 -0.8950 8.7783
-13.2466 3.3531 8.0387
0.8773 1.3388 12.1820
1.8625 4.2144 18.4810
-5.8564 -0.3692 4.8896
9.6181 3.6210 21.7779
-1.6748 6.1650 20.3249
1.1138 -2.7285 4.2142
0.3541 -0.7837 7.6505
1.5561 -2.7780 4.3709
5.5502 -2.2703 6.7733
-4.0970 -1.0492 4.5508
4.5873 -0.6349 10.3918
1.3822 -2.7092 4.4076
3.1556 -0.6932 4.1892
-1.0208 -1.1684 6.0901
6.4660 -2.5062 7.7483
5.2358 -1.6068 8.8298
7.2253 0.1496 13.4787
2.8765 0.3735 4.7383
6.7456 -2.5537 7.8152
0.2409 -2.1626 4.8375
-0.5887 0.9409 10.5425
6.4679 -2.9010 6.9625
3.0016 -0.5795 4.0032
0.8342 -2.8303 3.8497
4.2966 -2.7842 5.9413
6.6778 -2.6278 7.6281
4.8888 1.4109 14.6424
5.7005 -2.2710 6.8967
7.4236 1.4108 16.1064
3.5711 -2.0343 5.7370
1.5358 -0.8949 8.1115
4.1751 -2.6830 6.0729
7.6299 3.3536 20.0967
5.1806 -2.9653 6.0910
10.5431 0.7043 16.5002
-1.7215 -2.0933 3.8423
3.6550 -1.1723 7.4391
5.4370 -2.1454 6.9617
2.4639 -1.0409 7.1454
-5.2888 -0.4390 5.0786
0.4177 -0.4732 8.3061
3.2070 -0.4322 4.1392
-19.0624 5.7066 9.3693
5.1899 -2.7030 6.6192
0.7201 -1.5883 5.3819
1.8153 -1.9343 5.3291
2.4491 -2.8361 4.7709
2.1818 -1.5098 6.1576
1.5268 -1.2581 3.8063
1.4608 -1.4044 6.2001
4.8317 -2.3967 6.2066
5.7674 -2.7843 6.7905
7.5619 -2.2700 8.8518
5.6621 -2.2698 6.9069
8.4300 0.9407 15.7508
0.0147 -2.4893 4.0560
9.2942 -0.5070 13.3653
8.4386 -1.0985 11.6924
1.6359 -2.1813 4.7522
8.1436 -1.4618 10.7981
3.1698 -2.3003 5.3448
0.4889 -0.6074 5.4739
0.1575 -2.3667 4.3827
-1.7888 -1.1911 5.6012
1.7272 -2.9555 4.1162
1.1849 -2.1422 4.5420
4.7029 -2.0440 6.8861
1.1866 -2.1351 4.5648
-0.5700 -1.3831 5.9226
4.6076 -2.4449 6.1044
0.0540 -2.5760 3.9059
5.5269 -1.4993 9.2121
-1.5723 -1.1217 5.8644
3.0523 0.5537 4.4677
4.8158 -2.9362 5.9382
0.2771 -0.6655 7.8417
0.9693 -2.6485 4.2900
1.9851 -2.9006 4.3743
5.4856 -2.2777 6.8270
3.3123 -2.2658 5.4019
1.3110 -2.7536 4.2780
7.7397 1.8841 17.2320
9.1716 5.4942 25.2524
4.2160 -2.8799 5.7041
5.3095 -2.2043 6.7789
-0.8703 -2.1957 4.1299
3.3474 -1.8511 6.0387
8.4337 -0.0651 13.7488
7.4120 3.6210 20.5036
5.1864 -0.3011 7.9806
7.0878 -2.3948 8.3293
-2.3075 4.9018 17.4423
-1.1963 -2.0814 4.1694
5.7585 -2.9314 6.4924
6.7879 -2.7031 7.5418
3.3706 -2.9262 5.1237
5.8475 -0.7551 10.8801
3.6353 0.0185 11.1441
-11.6077 1.8001 5.8906
3.3509 -0.4184 4.3397
0.8453 -2.7221 4.0719
11.7693 2.2444 20.2772
-0.7082 0.6487 9.8913
1.6144 -2.4672 4.3998
0.7143 -2.5609 4.3175
6.2497 -2.9607 6.7177
-7.8654 0.5942 5.6491
-15.0896 6.1641 12.5753
1.1869 4.3766 18.4140
3.0498 -0.4746 4.0385
0.7636 -2.9108 3.6486
0.0418 -2.3852 4.2792
6.2311 -1.7697 9.0801
4.9582 -1.8217 7.3595
3.5780 5.2885 21.6119
1.7724 -2.7959 4.4603
4.3798 -1.7323 7.0698
2.5980 -2.9311 4.6676
-21.7233 5.0900 6.6039
1.0033 -2.9159 3.7769
7.5530 -2.1519 9.0819
1.7486 -1.0830 6.7963
2.0738 -2.9109 4.4051
2.4134 -0.2604 9.8827
3.8231 4.3767 19.9368
3.8343 0.0185 11.2590
2.5113 2.5426 15.5245
-0.5729 -1.0980 6.4889
0.8826 -2.7285 4.0807
-3.3297 -1.4028 4.2894
1.8788 -2.9360 4.2425
1.7195 2.3409 14.6653
4.1430 -0.8123 9.7818
3.9463 -2.5145 5.7687
-1.1449 -1.6064 5.1456
7.8738 3.6210 20.7703
2.9067 -0.7235 4.4750
1.8426 -2.7536 4.5850
7.4164 -1.3429 10.6152
-3.7624 -1.2135 4.4167
6.7464 -2.3948 8.1322
1.9294 -1.2187 6.6454
6.9451 0.8199 14.6526
6.3247 -2.3765 7.9251
-2.5377 -1.7995 3.9564
6.8298 -2.8531 7.2670
7.6244 -1.7069 10.0099
2.3265 -1.6064 6.3104
-1.3678 -1.9416 4.3488
6.6151 -2.6965 7.4551
-1.2169 -2.0198 4.2801
1.2135 -1.3064 6.0301
0.6703 -2.4386 4.5356
8.6446 -1.0251 11.9577
2.7665 -2.2493 5.3265
6.5212 -1.8298 9.1279
-1.1187 -1.3424 5.6868
9.0718 0.2887 14.8223
6.8838 -2.7963 7.4114
2.5028 -2.6828 5.1073
-1.9618 -1.7063 4.4746
-1.0141 -2.2172 4.0040
14.1154 6.9351 30.9787
6.6044 2.7567 18.3149
-0.7323 -2.4557 3.6915
7.1500 -2.3197 8.5148
4.2261 -1.8934 6.6044
1.3792 -1.4397 5.8975
1.4543 -1.5614 3.8913
6.2025 -2.5689 7.4710
4.9203 -0.2605 11.3303
4.4506 -2.7661 6.0663
-0.0577 -2.2795 4.4322
6.9411 -2.1291 8.7741
7.7987 2.6481 18.7883
1.4747 -1.5246 3.8785
1.7707 -2.4254 4.4502
3.7478 -2.4579 5.6099
5.5291 -1.2581 9.6941
6.8136 -2.8309 7.3020
4.4085 -1.8099 6.9793
-10.8743 1.4110 5.5389
6.8149 -2.6765 7.6104
-9.6657 1.7182 6.8490
1.3316 -1.9236 4.1461
1.7158 -2.9458 4.1289
0.4520 -0.1451 8.9795
-14.7419 3.6203 7.7075
4.1789 -0.8679 9.6918
-6.7220 1.0035 7.1250
-1.8308 -1.8438 4.2764
2.0375 -2.7720 4.6609
0.5717 -2.7899 3.7788
6.2377 -2.7225 7.1853
4.9339 -2.3620 6.4245
4.9061 -2.8193 6.2233
3.3941 -2.7538 5.4808
7.3866 -2.2901 8.7104
7.1169 -0.5397 12.0426
4.1315 -1.8897 6.3409
3.1668 0.5857 4.4781
4.5866 -1.9836 6.6964
4.0609 -1.2043 8.0235
7.7223 -2.0940 9.2951
2.2392 -2.3056 4.8885
-10.6272 1.2000 5.2611
4.2536 -2.9162 5.6535
-2.4129 -0.8120 5.9961
-1.3339 -2.1737 3.9060
3.3040 -2.9008 5.1359
7.9081 -1.8151 9.9582
-12.0692 1.6384 5.3020
-2.5381 -1.7691 4.0167
4.8067 -2.5002 6.2612
-4.2130 -0.9213 4.7386
9.6553 0.1495 14.8820
4.4095 -2.3636 5.9711
4.9462 -1.8864 7.1996
-1.1993 -2.2172 3.8970
2.1919 -2.5706 4.7973
-18.5465 5.7066 9.6673
0.6858 -2.7156 3.9926
0.1287 -2.6485 3.8047
3.3626 -2.7660 5.4381
5.0421 -2.4101 6.3312
4.4338 2.9841 17.5145
-9.5511 0.7619 5.0096
2.1177 -1.5130 6.1513
2.6650 0.6486 11.8393
4.9393 5.2885 22.3983
5.1000 -1.7579 7.5403
-2.0492 -0.2225 7.3808
4.9249 -1.6602 7.6840
4.9062 0.4879 12.8135
-0.0021 -2.4472 4.1302
7.7329 -1.5542 10.3768
2.6425 -1.6716 6.3253
4.4472 -2.8799 5.8376
-1.7784 -2.0571 3.8816
2.4780 -2.8076 4.8444
2.3933 -0.9217 8.5533
-1.6193 -1.6738 4.7373
3.9682 -2.6963 5.9268
1.5206 -2.7659 4.3746
4.8445 -1.7836 7.3517
-0.2931 -2.0934 4.6671
7.2087 -2.3673 8.4540
0.7805 -2.8415 3.7964
6.3947 -0.5397 11.6255
6.1949 -2.3947 7.8137
1.0744 -1.7188 5.2833
-8.1872 0.1055 4.4895
5.7032 -1.8871 8.5412
3.2343 -2.1383 5.5818
3.2153 -0.4746 4.1339
5.8962 -1.7789 6.6796
2.0267 -2.7780 4.6426
8.2464 -1.0985 11.5814
-1.5855 -1.9682 4.1701
5.0880 -2.0296 6.9960
5.5439 -1.4034 9.4132
2.7576 -2.1870 5.1410
2.6257 -2.0584 5.3210
-1.4208 -2.0933 4.0159
2.3192 -2.1570 5.2450
10.3909 1.5605 18.1184
6.7755 -2.7784 7.3845
10.6711 1.3387 17.8382
-14.4249 4.9012 10.4428
-1.3734 -0.5393 7.1398
-8.6355 1.2686 6.5481
0.4231 -2.7898 3.6930
0.8009 -1.3890 5.8723
5.9363 -2.0454 8.3605
7.9821 1.6383 16.8822
5.5607 -2.5313 6.7102
4.7741 1.4848 14.7235
6.9249 -1.9150 9.1912
3.1352 -2.9410 4.9581
4.6168 -1.4793 7.7952
0.4014 -2.3192 4.6183
-10.5073 1.0675 5.0664
8.3681 -0.4735 12.8971
5.3529 -2.8747 6.3712
6.7418 -0.7552 11.3965
2.4566 -0.3315 5.7583
5.6618 -2.0938 8.1054
3.5286 -1.9967 5.9700
6.0716 -1.3271 6.3998
2.8957 -0.1210 4.7357
6.1404 -2.7844 7.0058
2.6473 -2.0976 5.4704
4.0614 -2.0142 6.2377
0.3595 -2.8526 3.5313
2.6552 -2.0609 5.3471
2.5047 -2.6761 5.1218
4.2006 2.5426 16.5001
-0.4915 -1.2578 6.2176
6.0718 -2.9558 6.6246
3.0558 -2.7028 5.3869
9.2197 -0.3341 13.6667
3.2170 -1.6381 6.3118
6.4271 -1.3835 9.9629
1.8521 -1.1667 6.8649
-0.7184 -1.6902 5.2249
2.5952 -2.2088 5.2255
-0.2631 -2.0934 4.6844
4.8270 -2.7601 6.2958
9.4211 -0.5721 13.3087
5.1916 -0.6960 10.6192
-10.6371 2.9838 8.8099
2.3139 -2.9409 4.4839
-5.4123 0.5406 6.9591
1.4909 -2.9057 4.0787
3.0361 -2.7537 5.2740
-9.0747 2.6479 9.0428
6.3651 -1.0498 10.5920
7.7163 0.8199 15.0979
11.1938 1.5605 18.5821
3.0561 0.8200 12.4066
6.8153 2.8686 18.6599
2.9855 -2.4077 5.1671
10.9039 0.7043 16.7086
-2.7141 -0.6033 6.2380
5.8587 -2.7723 6.8672
-8.6603 0.3867 4.7766
4.5542 -2.3167 5.9988
3.9456 -2.4242 5.7028
5.7023 -0.8951 10.5173
2.5266 -1.4850 6.6496
4.5794 -2.1757 6.2336
4.5721 -2.8193 6.0305
2.8605 -2.9311 4.8192
0.5393 -2.8132 3.7135
5.1969 -1.3632 9.2928
1.1410 -0.2974 9.0741
5.6226 -2.7723 6.7308
-0.5604 -0.9994 6.6927
0.1733 -0.2603 8.5891
3.0485 -2.6962 5.3959
5.9372 -0.4734 11.4933
-1.8571 -0.3694 7.1991
4.5283 2.9841 17.5691
3.5837 -2.7599 5.5779
1.4654 -1.0247 7.8122
3.6012 -2.0944 5.8234
7.6386 -1.9287 9.5760
-2.9998 -0.2602 6.7567
-0.3098 -2.6201 3.6079
5.7519 -2.2698 7.8067
3.8718 -2.8904 5.4844
4.7521 -2.5181 6.2419
4.6305 -2.2045 6.1999
5.0004 0.1051 12.1050
-4.7903 5.4933 17.1871
-11.1494 4.3761 11.2883
2.4848 -1.6830 6.1949
6.1216 -1.2832 6.3994
3.4461 -1.0201 7.6493
-7.6788 0.1955 4.9625
2.1749 -0.2227 9.8201
6.6365 -2.6349 7.5901
0.0257 -1.7693 5.4970
5.3836 -2.4885 6.5679
4.2731 -2.2526 5.9879
4.4735 -1.3136 8.0318
12.6235 6.1661 28.5848
3.7071 -1.2423 7.3300
3.6829 -1.9996 6.0699
3.3547 -2.0983 5.5654
2.5443 -1.5631 6.5264
3.0268 -0.6448 4.1063
5.4233 -2.1946 6.9372
-4.7015 4.3764 15.0127
1.7202 -2.0161 4.8937
1.5096 -1.4749 6.1560
5.0000 -2.7723 6.3714
4.3588 -2.9557 5.6355
3.8135 -2.9312 5.3694
5.9952 0.7615 13.9876
-14.7132 4.5443 9.5653
-3.5676 -0.5715 5.8084
0.4406 -2.2592 4.7604
5.6534 -2.7478 6.7976
1.1076 -2.8743 3.9200
8.4812 3.4851 20.8503
11.2425 0.9407 17.3750
1.9622 -2.7659 4.6296
5.9506 -2.8530 6.7594
4.8440 -1.9608 6.9942
0.5445 -1.3923 5.7689
1.2447 -2.2132 4.5410
1.5094 -1.3493 3.7815
4.0984 -2.8852 5.6257
2.7726 1.1998 12.9997
-2.8530 -0.8120 5.7420
-0.8902 4.2143 16.8909
1.2058 -2.0621 4.7686
4.5242 -2.1881 6.2007
2.7732 -2.7350 5.1597
2.0996 -0.9740 8.2796
2.0500 -2.7092 4.7932
-2.1140 5.2881 18.3239
-25.1331 6.4076 7.2602
-0.9999 -1.0739 6.2904
3.8441 -2.8077 5.6331
6.7669 -2.6559 7.6236
-0.3742 3.7614 16.2866
-0.5120 0.0616 8.8346
2.3034 -2.8955 4.5684
2.0655 -2.2590 4.8372
-0.1735 -2.5760 3.7746
0.8620 2.0593 13.6089
6.5949 0.1050 13.0258
-4.9602 0.1955 6.5324
6.4767 -2.8252 7.1188
0.7370 -1.6283 5.4254
4.2443 -2.0778 6.0544
2.5109 -2.8691 4.7409
9.1794 -0.6352 13.0435
3.3824 -2.4621 5.4086
5.0739 -2.4129 6.3561
-0.4333 -2.1737 4.4260
1.5504 -1.1923 3.7653
3.5217 -1.9496 5.8910
7.7498 -0.2977 12.8904
4.0823 -2.2108 5.9015
0.8212 -2.7026 4.0968
3.1025 -2.4811 5.2907
2.5532 -1.9106 5.7868
0.6525 -1.3342 5.8449
-5.3235 5.7075 17.3059
3.2243 -2.3627 5.2555
0.3786 -2.6827 3.8809
-5.1328 -0.2601 5.5250
5.3756 -2.3974 6.4938
1.2182 -1.8602 5.1516
1.7178 -1.8174 5.3826
0.2708 -1.9282 5.3219
-1.3359 2.1505 12.5213
2.8366 -2.1616 5.7015
-3.2366 -1.1682 4.8106
5.9282 -2.7225 7.0066
2.8287 -0.1185 4.5998
2.9432 -0.5201 3.9168
3.2294 -2.7413 5.4105
3.6138 -1.7841 6.5536
1.8427 -2.1668 4.7443
6.6993 -0.1454 12.5871
-1.1593 -1.3216 5.7046
5.6356 -2.7662 6.7504
1.5250 -2.4565 4.3521
4.4732 -1.5724 7.5631
-2.3863 -0.6956 6.2434
0.7773 -1.4834 5.6242
5.8524 -2.6964 7.0148
9.0175 -0.6039 13.0124
5.0543 -2.2544 6.4437
3.1203 -0.4048 10.0032
1.3360 -2.2995 4.3509
-0.0787 -2.5531 3.8749
-0.7944 0.9409 10.4237
3.2738 -0.4372 4.1896
-7.2411 -0.2223 4.3827
-8.3810 1.2686 6.6951
2.8928 -2.4110 5.0926
6.9417 -2.6207 7.7948
3.4576 -2.0938 5.5698
5.2964 -0.2228 11.6226
-6.2526 -0.2600 4.8784
3.3972 -2.1308 5.5706
2.3555 0.0186 10.4051
8.7022 1.1997 16.4241
4.0703 -1.6992 6.8878
-0.1671 -1.7845 5.3553
1.2625 -2.2404 4.5106
-6.2541 1.1329 7.6531
11.2106 1.0032 17.4812
1.8046 -2.8850 4.3013
1.4157 -2.5751 4.3318
4.7800 -2.2447 6.3282
6.7059 -2.5840 7.7317
4.2415 -2.9509 5.5774
-23.4064 6.9318 9.3019
0.0176 -2.6201 3.7970
4.3669 -1.5704 7.4852
1.8286 -2.0200 4.9709
5.8280 -0.8404 10.6990
8.4341 0.2414 14.3597
6.0607 6.6661 25.7908
2.0979 -1.9192 5.5640
-4.8933 -0.6032 4.9796
3.8511 -2.3867 5.6171
0.4418 2.8685 14.9787
3.7176 -2.9556 5.2653
7.8335 -0.4050 12.7249
1.3331 -1.8100 3.9873
4.6983 -2.7662 6.2093
-0.2768 -1.3831 6.0919
8.4172 -1.0985 11.6801
6.6312 -2.1057 8.6416
4.0468 1.8000 14.9316
6.5583 -2.3099 8.1927
5.9405 -2.3764 7.7033
-1.9666 1.8841 11.6262
5.8949 -2.6559 7.1201
0.3626 -0.9994 7.2256
1.4214 -2.9310 3.9883
5.8367 -1.9286 8.5356
4.8426 -1.2625 8.4074
5.4776 1.8000 15.7579
3.6100 -2.9212 5.2719
1.1454 -1.1621 6.3028
2.9866 -0.5524 4.0107
1.2003 -2.8581 4.0058
2.0272 -2.2869 4.5257
5.2255 -2.2496 6.6711
5.0494 -0.7158 8.1784
1.1405 -2.0817 4.6446
1.5741 -2.1299 4.7713
5.3292 -0.1453 11.7959
6.8057 -2.7290 7.5005
6.1100 -1.3720 6.4519
0.5026 -2.8635 3.5922
1.3315 -2.7780 4.2413
-0.3333 -0.2603 8.2965
-1.3075 -1.7692 4.7272
0.6800 -1.0246 7.3587
5.3302 -2.3406 6.5364
2.5822 0.2416 10.9804
4.5409 -2.7414 6.1677
3.7102 -2.6963 5.7779
6.1615 -2.1174 8.3471
1.1225 -2.0706 4.8074
2.4463 -2.6828 5.0747
7.7498 6.9345 27.3012
-2.0834 -1.3006 5.2130
-1.5973 -0.3694 7.3491
3.2057 0.5412 4.3320
1.3796 -2.0448 4.8040
-4.8067 -0.6653 4.9061
2.9168 -0.0417 4.6298
3.6823 -2.7476 5.6595
8.0442 0.0613 13.7756
6.6488 -2.8195 7.2295
6.4410 -2.6898 7.3678
3.6444 -1.2097 7.4100
6.0476 -2.1057 8.3046
3.7870 -2.0106 6.2275
-2.6479 -0.4045 6.6724
2.7560 2.7566 16.0922
3.4657 -1.5729 6.8388
5.3980 -2.8958 6.3552
6.2133 -2.3856 7.8425
-21.7558 6.4079 9.2112
-0.2576 -2.5137 3.8501
1.2637 -2.2323 4.2642
3.2930 -0.5908 4.2392
2.1596 -2.7286 4.8180
-1.4294 -2.0448 4.1076
7.9106 -1.8873 9.8158
10.3210 0.6484 16.2605
2.6884 -2.1019 5.2775
5.1918 1.5606 15.1157
3.8290 -2.3519 5.5786
0.8907 -2.7411 4.0602
5.1351 -2.6897 6.6138
-10.4683 1.9705 6.8883
3.9750 3.6209 18.5184
1.7667 -2.7536 4.5411
4.0948 1.4848 14.3312
-3.4844 -1.2792 4.4464
4.5097 -2.7842 6.0643
0.8011 -2.7221 4.0464
4.3943 6.1655 23.8310
-4.9216 -0.3693 5.4295
-12.0188 1.9705 5.9928
2.7648 -2.1315 5.4638
3.9134 -1.6593 6.7483
10.1963 3.4851 21.8409
3.4919 0.8200 12.6583
5.1388 -2.9009 6.1952
-1.2434 -0.9738 6.3492
-1.1842 -1.2358 5.8612
4.4956 -2.8078 6.0093
2.5386 -2.9058 4.6837
1.3815 -1.7983 4.0591
5.4204 2.1505 16.4234
4.4146 -2.6897 6.1978
-6.4239 -0.1449 5.0090
5.5312 -2.1708 7.0983
4.6735 -1.8168 7.0851
4.6112 -2.8078 6.0760
1.6732 -1.6996 5.7233
2.9260 -0.0417 4.6349
1.2637 -2.2826 4.2642
1.8558 -1.3818 6.3823
-1.9288 -1.9813 3.9457
6.3681 -1.5895 9.5183
5.6235 -2.8530 6.5706
4.1680 1.0033 13.4140
3.1933 -1.5039 6.6858
5.7440 -2.9412 6.4643
3.0048 -0.0614 4.6837
5.9701 -1.8730 8.7234
3.0324 3.1033 16.9426
-13.1383 6.4086 14.1895
0.8930 0.5940 10.7070
1.5411 -1.2346 3.7815
-22.9313 5.7063 7.1344
3.0886 -2.9110 4.9910
-8.8252 1.4110 6.7223
1.6670 -1.8343 5.2799
4.3829 -1.2967 8.0284
6.1007 -1.1916 10.1568
3.0995 4.9021 20.5656
1.3011 -2.9650 3.8511
0.7066 -2.7719 3.8925
0.8311 -1.7140 5.2199
5.0194 -2.9313 6.0657
7.5504 1.7181 16.7918
0.8792 -0.8949 7.7324
7.2567 -1.8298 9.5526
-3.1709 -0.7836 5.6150
7.7561 1.4847 16.4457
4.2964 -1.6985 7.0139
2.7367 1.1998 12.9789
3.9729 -0.7839 9.7402
4.8304 -1.8000 7.3442
-6.0126 -0.2601 5.0170
7.2557 1.2684 15.7255
-2.9465 -0.2602 6.7875
4.7298 -2.6897 6.3798
1.3464 0.8200 11.4193
-6.1494 -0.4044 4.6504
2.4898 -2.7286 5.0087
6.9855 -2.1291 8.7997
0.2834 -2.7347 3.7221
3.2142 -0.4823 4.1346
10.7593 3.2265 21.6508
0.5752 -2.5685 4.2219
2.3914 0.1052 10.5984
-1.3476 -1.7223 4.7974
-0.2365 -2.5835 3.7233
-0.3604 0.3372 9.4715
6.5745 4.7203 22.2104
8.2475 0.1050 13.9802
2.5251 -2.8248 4.8372
6.0493 -2.7415 7.0386
0.1221 -2.0072 5.0786
2.4271 -2.9160 4.5989
4.9298 -2.8852 6.1057
2.8687 -2.9507 4.7848
6.2358 -2.5914 7.4454
-6.6874 1.0035 7.1450
4.1027 -2.6963 6.0046
-4.0094 -1.3422 4.0177
4.7438 -2.9111 5.9467
1.3700 -1.7020 3.9365
-1.8438 -1.5714 4.8116
5.0936 -2.8250 6.3202
1.7242 -2.4564 4.4384
3.1508 -0.6370 4.1749
9.6367 0.5402 15.6497
-4.5207 -0.8119 4.7790
-12.0198 2.2443 6.5378
6.6675 -2.6135 7.6508
-4.7889 -0.6345 4.9776
0.8349 -1.7624 5.1063
1.6798 -0.7256 8.5320
2.1329 -2.9109 4.4392
1.5370 -2.3692 4.3269
7.1163 -2.2699 8.5945
5.8390 -2.7903 6.8200
3.7673 -1.5294 6.7904
-3.3252 0.0616 7.2101
0.0871 -2.2384 4.5977
1.5885 -1.7686 5.2993
-9.0776 1.7182 7.1887
0.3984 2.6480 14.5141
-1.0924 -2.0324 4.3270
2.8954 0.5206 4.5979
5.4688 0.1497 12.4644
4.0285 -0.6349 10.0692
1.8740 -2.0188 5.0455
-5.7994 -0.0646 5.5297
-0.7937 -1.2137 6.1309
5.0658 -2.7352 6.4833
8.1658 -1.4035 10.9271
4.5684 -2.2640 6.0570
7.7257 0.1050 13.6788
-2.1648 -1.4029 4.9620
11.4119 4.7205 25.0047
0.1879 -2.5531 4.0289
0.3915 -2.7091 3.8356
5.1177 -2.3343 6.4287
4.1457 -2.8418 5.7394
5.9313 -1.9233 6.7168
2.6019 -2.9211 4.6898
6.6392 -2.8694 7.1245
3.6804 -2.2401 5.4511
5.5472 -2.2377 6.8230
-5.1293 -0.3693 5.3095
4.6271 -1.7815 7.1239
-2.2419 -1.1452 5.4311
-0.6491 -1.5537 5.5369
0.7854 -1.5138 5.5620
-1.9798 1.9705 11.7907
1.3077 -2.6894 4.4040
-0.4111 1.3388 11.4380
15.9754 5.7089 29.6097
0.8640 4.7200 18.9118
5.5310 -1.9286 8.3591
6.2475 -2.4980 7.6384
6.5675 -2.8906 7.0408
5.6911 -2.3172 6.8443
7.6704 -2.1519 9.1497
3.5988 -2.7782 5.5504
6.3720 -2.2800 8.1446
2.6272 -1.6360 6.4383
6.6445 -2.9214 7.0239
2.6197 -2.9007 4.7408
5.4873 -2.8639 6.4702
0.0345 -1.9551 5.1319
1.2122 -2.8190 4.0906
8.1949 4.2146 22.1387
5.1436 -1.2362 9.5151
6.7836 -2.9364 7.0744
5.5220 -2.5005 6.6469
5.8827 -2.8079 6.8102
4.9197 -2.1664 6.5594
9.8090 1.0671 16.7992
2.1445 -2.0845 5.2339
5.5254 -1.9555 8.3023
6.0256 -2.2800 7.9446
1.3764 -1.2057 6.5145
0.9530 -2.7536 4.0713
4.8285 -2.0327 6.7496
-0.6370 -1.0980 6.4519
8.7986 -0.4735 13.1457
0.8693 0.2889 10.0855
3.1367 -2.2158 5.5592
-4.5019 -0.1840 6.0410
7.6015 -0.8681 11.6681
-1.1690 -0.0234 8.2859
3.7739 -2.7538 5.7000
5.5396 1.1997 14.5976
2.8657 0.3198 4.7340
3.0098 0.5520 4.5223
7.7278 -1.8589 9.7668
-1.6297 -1.9813 4.1185
-6.4915 0.5406 6.3359
3.6825 -2.0846 5.8377
-2.2157 -0.2972 7.1357
-3.3394 -0.8120 5.4611
-5.7505 -0.1840 5.3199
0.4068 -2.7839 3.6954
2.9839 -2.9507 4.8513
4.5856 -1.8452 7.0995
4.5612 -2.7351 6.1920
1.8629 -2.5844 4.6101
-6.1459 -0.2600 4.9400
-12.2659 2.7564 7.4160
8.2737 -0.7259 12.3396
9.1911 1.1326 16.5728
-0.9999 -1.1452 6.1482
-1.0945 -1.4802 5.4261
-0.2050 -1.4803 5.9397
0.7554 -2.9005 3.6643
0.4899 -2.3289 4.6501
-0.3763 -1.0739 6.6505
-0.0956 -2.5375 3.8962
10.8270 1.0671 17.3871
-2.4430 -1.2136 5.1786
-14.5305 2.4402 5.4780
3.2029 -2.8903 5.0982
5.7419 -0.9219 10.4870
-3.6762 -0.9477 4.9961
-1.0978 3.2263 14.8023
6.0151 0.1051 12.6910
5.0438 -1.7405 7.6039
0.8283 -0.4047 8.6797
2.8215 0.0259 4.6789
-8.2208 1.1999 6.6508
-17.5458 5.4925 9.8187
7.4014 2.0593 17.3856
7.0539 -0.8680 11.3519
-0.2612 -1.6236 5.6216
6.8158 -2.8195 7.3259
-14.8957 3.6203 7.6187
10.8146 5.4943 26.2015
2.2925 -2.3606 4.7717
-2.1392 -1.6572 4.4701
-0.1999 -1.9417 5.0232
5.0742 -2.4438 6.3712
9.0976 6.6663 27.5452
-1.9162 -1.7381 4.4377
-2.2642 -0.8400 6.0262
4.1251 -2.9652 5.4816
1.6236 -2.5843 4.4716
4.6243 -2.8638 5.9719
5.1580 -2.4591 6.3989
6.4142 -1.6069 9.5103
0.3711 -2.4810 4.2783
3.0323 -0.2996 5.2047
9.0482 6.1658 26.5195
-0.0126 -2.0694 4.8769
2.3320 -2.6895 4.9954
9.1209 0.2414 14.7563
1.0487 -1.5449 5.6631
2.5814 -2.8417 4.8362
4.5978 -2.1279 6.3777
2.3419 -1.5949 6.5252
1.5250 -2.5246 4.3939
5.8831 -1.6240 9.1694
1.6767 -1.8141 5.3417
4.0595 -1.8217 6.4490
-0.0411 -0.1451 8.6948
3.0175 -0.7251 4.3461
-9.9057 1.4110 6.0984
-3.7134 -0.5392 5.7886
3.1646 -2.8745 5.1077
6.5420 -2.7031 7.3998
9.6058 1.4847 17.5139
3.1249 -2.2293 5.5528
6.1319 -2.8853 6.7998
2.6644 -2.3174 5.0012
7.1980 -0.0237 13.1176
-1.2693 -2.2278 3.8355
4.2696 -2.2466 5.9031
0.1841 -2.3667 4.3981
3.8091 -2.2663 5.5935
-17.8372 3.4844 5.6490
-6.6614 -0.3692 4.4248
6.6127 -2.8137 7.2201
3.7394 -0.7839 9.6053
2.9934 -0.3714 3.9779
9.2334 0.1050 14.5494
5.7974 -0.9742 10.4148
0.4906 -2.4727 4.3639
1.5316 -1.2983 3.7980
-8.0930 0.7619 5.8517
6.3909 -2.8640 6.9919
2.5093 -2.1364 5.2872
6.5643 -2.3389 8.1382
4.8061 -1.2442 8.4295
-0.0769 -0.1842 8.5962
-0.0167 -2.7025 3.6130
2.7176 -2.8361 4.9260
6.7989 -2.3001 8.3512
10.3688 3.2265 21.4253
-3.7845 -0.8946 5.0393
4.0065 -1.5908 7.1546
4.5543 -1.9556 6.7423
3.0801 -0.4375 4.7768
2.8456 -0.1317 4.6356
-19.6159 5.2871 8.2138
1.4821 -1.6311 5.6115
-0.3397 -1.4030 6.0158
2.1361 -1.7083 5.9359
-0.3487 -2.0199 4.7814
5.5849 -2.8747 6.5051
2.3334 0.5404 11.4321
1.8361 -2.6828 4.7224
0.7278 -2.5984 4.2505
-13.2693 4.0574 9.4289
7.8009 -0.2606 12.9938
-5.3093 -0.0233 5.8950
0.4701 -2.7473 3.8049
3.8584 -2.9262 5.4053
-2.6228 -1.5889 4.3268
4.8358 4.2145 20.1984
5.2646 -1.2581 9.5414
2.0758 3.4849 17.1506
-1.8736 -1.4029 5.1301
6.6518 -2.4304 8.0066
10.1718 4.9024 24.6509
5.5059 4.3768 20.9088
-2.8444 -1.6404 4.0962
-0.0876 -2.6201 3.7362
0.3623 -2.8246 3.5885
3.0731 -0.4956 4.0645
0.4104 -2.5137 4.2358
1.5980 -1.6805 5.7848
1.7357 -2.2981 4.5444
5.9978 -2.2493 7.9897
-5.3367 -0.6652 4.6000
6.6557 -0.8405 11.1769
2.1055 -2.8797 4.4856
4.2376 -2.0970 6.0302
-0.7881 -2.2384 4.0924
6.7222 -0.4734 11.9466
0.1958 -2.7658 3.6096
4.9309 -1.8307 7.3065
6.1429 -2.9113 6.7545
-9.6845 2.1505 7.6996
-6.3765 0.7047 6.7292
8.0393 -0.4395 12.7749
4.5264 -2.1718 6.2685
-2.0543 -0.5065 6.8121
3.0751 -0.1059 5.0876
6.8764 -1.9150 9.1632
0.2468 -2.0073 5.1506
-4.2936 -0.7546 5.0242
0.6884 -1.5587 5.4173
6.0970 -2.7352 7.0787
8.6367 -0.9483 12.1060
5.4138 -2.4577 6.5710
0.9831 -2.8689 3.8589
6.6402 0.7044 14.2463
4.4249 -2.0929 6.4315
5.0915 -2.2544 6.6447
-10.5779 4.2139 11.2951
-0.0549 -0.9994 6.9845
6.5078 -2.8476 7.0921
-0.5158 -2.1513 4.4230
2.9922 -0.5447 4.7876
-6.8183 0.2892 5.6460
5.8227 -1.5178 9.3461
6.2436 -2.8308 6.9729
3.0168 -2.8691 5.0330
7.6675 -0.5720 12.2961
1.7481 -1.9606 5.1437
6.9632 -2.2699 8.5061
7.1882 -2.3485 8.4795
11.0038 4.5455 24.4202
2.9899 -0.6409 4.0090
6.7299 -0.3340 12.2290
4.8659 -2.7029 6.4321
0.4810 -2.7473 3.8112
4.8473 -2.9605 5.9080
2.3806 -1.6699 6.1622
-4.3113 -1.0737 4.3783
2.0799 -1.2434 6.8393
5.9217 -0.9219 10.5908
3.7455 1.7181 14.5944
0.2901 5.7079 20.5487
1.2172 -2.9310 3.8704
1.7668 -2.8304 4.3882
4.1135 -1.7872 6.7719
-4.8429 -0.1051 6.0012
1.5769 -1.5745 5.9107
-3.1117 -1.5173 4.1872
-0.4781 -2.5056 3.7389
7.7292 -2.0205 9.4456
6.3280 -1.8150 9.0458
-4.0965 -0.1052 6.4323
6.0647 -2.8958 6.7401
7.6997 -1.7544 9.9588
4.3781 -1.3685 7.9208
7.0718 -2.4732 8.1638
2.0779 -2.8248 4.5791
3.2375 -2.9459 5.0074
2.7662 -2.8850 4.8565
3.8322 -1.3723 7.1521
9.5204 6.1659 26.7922
7.6306 -0.4395 12.5389
3.0139 -2.1044 5.6570
3.0968 2.0593 14.8996
6.7586 -2.9413 7.0501
-5.1227 0.3866 6.8195
5.1662 -2.3908 6.3575
1.1302 1.1328 11.9175
0.0448 -2.2384 4.5732
5.1123 -1.5178 8.9359
-12.8066 5.7070 12.9832
6.1423 -1.1916 10.1808
-12.1352 2.3408 6.6635
9.2562 -0.6962 12.9663
1.6281 -2.4426 4.4369
2.7849 -2.0797 5.5863
4.9046 -2.9605 5.9411
3.9513 -2.7600 5.7902
8.4746 -1.1458 11.6190
10.3552 2.3410 19.6529
0.6654 -1.3515 5.8155
3.2325 0.5397 4.3319
0.0854 0.2890 9.6328
0.9526 1.1328 11.8150
7.0856 -0.8125 11.4809
-1.0734 -0.6034 7.1854
-9.1955 0.7048 5.1013
1.8415 -1.1861 6.8131
2.8246 -2.2228 5.3213
1.2847 -2.1155 4.2276
1.5353 -2.3332 4.5912
5.9354 -2.8958 6.6654
0.8753 -1.7820 5.2455
-13.7717 4.9012 10.8201
-2.5221 -1.6404 4.2824
-14.9821 2.9838 6.3004
5.3444 -1.0742 9.9538
4.6994 -2.2517 6.1980
5.0840 -2.8078 6.3490
3.9735 -2.2928 5.6638
4.3117 -2.9362 5.6472
6.5844 -2.8531 7.1254
3.0135 -0.5587 4.0347
2.7377 -2.5898 5.1265
1.3119 -2.0582 4.1804
4.7312 -1.5113 7.8138
5.6032 -2.7962 6.6721
1.7880 5.0913 20.1852
8.9191 -0.1455 13.8690
-11.4346 1.2686 4.9316
3.7707 -2.3357 5.5348
6.9440 -0.6350 11.7527
3.4928 -2.4809 5.4871
-0.4834 -2.0694 4.6050
-9.2526 0.5407 4.7413
1.7844 1.7181 13.4618
3.0612 -2.1121 5.7105
4.1043 -2.5324 5.8722
4.0600 -2.1874 5.9307
0.5325 -0.3695 8.5789
5.7247 -2.3905 6.7657
2.4386 -2.8744 4.6885
7.5938 -2.0455 9.3176
4.7244 -0.8404 10.0617
4.2702 0.5404 12.5506
6.3549 -2.8586 6.9819
2.1220 -1.4878 6.4455
7.6170 -2.0940 9.2343
9.7952 0.8199 16.2985
3.9362 -2.2409 5.8305
2.5648 -2.2124 5.2190
0.3402 -1.2422 5.8119
1.4511 -1.5617 5.8832
5.3532 -1.1915 9.7251
-0.3186 -1.4803 5.8741
0.8461 -0.1842 9.1292
4.0857 -2.8077 5.7727
-15.0864 2.5424 5.3607
-4.2223 -0.3335 5.9045
5.0407 -2.8584 6.2232
2.9635 -0.5937 4.1251
5.9282 -2.9558 6.5417
4.2333 -2.2012 5.9973
-0.6628 -2.3384 3.9654
0.5251 -2.7091 3.9128
2.5008 -2.8018 4.8692
3.0943 -0.1067 4.7914
-13.9749 2.8683 6.6520
3.8057 -1.5314 6.8301
6.3566 -2.8195 7.0608
-3.6040 -1.4225 4.0917
-15.4000 6.6643 13.3928
2.0990 -1.8127 5.7482
-3.2658 -0.4045 6.3155
-3.0168 -0.4391 6.3905
7.0733 -1.0250 11.0504
-17.7744 4.7191 8.1456
3.6246 0.1497 11.3994
1.6619 -2.7720 4.4440
3.0402 -1.5901 6.3291
5.1870 1.4109 14.8147
-0.7802 -1.7996 4.9712
1.8071 -2.3822 4.4554
-1.8872 -1.4226 5.0830
5.1841 -0.1857 7.9196
2.6104 -1.8776 5.8848
3.4077 -2.2174 5.3928
7.0541 -2.1519 8.7938
6.1005 -2.9558 6.6411
4.2078 -1.8846 6.6217
4.2424 6.4099 24.2303
-2.0664 -1.4612 4.9026
9.7799 4.7205 24.0620
5.2878 -1.4425 9.1873
5.9812 -1.8872 8.7017
-1.8704 -1.9682 4.0056
2.6918 -1.1199 7.1184
2.4521 -1.8791 5.8783
7.0731 -2.0077 9.0921
6.4859 -1.4231 9.9179
-2.8017 -1.2357 4.9272
5.2872 -2.2199 6.7729
2.0778 -2.4775 4.6626
6.3750 -1.0250 10.6472
5.9686 -1.7386 8.9904
-7.4212 0.2892 5.2979
1.7311 2.0593 14.1108
1.3348 -1.2628 6.3920
5.6048 -2.0203 8.2190
3.4078 -2.2456 5.3707
5.4420 -2.7224 6.7259
3.4503 -2.0379 5.8209
1.7189 -2.8527 4.3161
3.5729 -2.7599 5.5717
2.0453 0.2889 10.7646
3.3763 2.6480 16.2341
1.0377 -2.8416 3.9449
4.4882 -1.9512 6.6256
2.6312 -2.9211 4.7067
-4.7126 -0.2224 5.8428
6.0773 -2.7663 7.0055
2.0100 -1.9244 5.4662
4.6016 -1.9919 6.6808
-3.3596 -0.5064 6.0584
6.9885 -2.6207 7.8218
0.5128 -0.6579 5.5719
-0.5802 -0.5717 7.5335
-11.1142 4.5445 11.6442
3.5824 -2.2150 5.5546
7.2233 -1.8298 9.5333
7.8484 -1.6411 10.2704
12.6827 5.7087 27.7076
-5.6541 -0.2224 5.2991
3.5462 -0.9792 7.7294
3.2153 3.3535 17.5469
4.4701 -1.1221 9.3535
5.4607 -2.7352 6.7113
4.1170 -2.0571 5.9140
2.7352 -2.7721 5.0637
-2.7259 -0.1450 7.1444
4.4937 -1.8017 7.2519
0.7023 -2.8075 3.8192
0.5774 -1.4251 5.7083
8.3954 -0.6962 12.4692
-2.9681 -1.4801 4.3442
2.6086 -2.4292 4.9428
7.0983 -2.4478 8.2299
4.9800 -2.8905 6.1242
3.6648 -1.8852 6.3815
5.0946 -2.3961 6.3570
5.3273 -2.5999 6.6159
0.0406 -0.9738 7.0906
2.7423 -2.1229 5.4684
4.1916 -2.6695 6.1093
6.0982 -1.2941 6.3932
5.8646 -0.5720 11.2551
2.8152 -2.7841 5.0860
-3.3901 -0.6956 5.6637
8.1399 4.2146 22.1069
6.1920 -1.1688 10.2550
5.2186 -2.7415 6.5590
4.8679 -2.0680 6.6971
3.5652 -2.4602 5.5097
3.4421 -2.3460 5.3411
6.5841 -2.9511 6.9300
-0.7412 2.3409 13.2441
2.9331 3.4849 17.6458
5.4358 -2.7030 6.7611
0.2216 -2.5760 4.0027
3.0802 0.9408 12.6613
4.4754 -2.7414 6.1299
6.9624 -1.4618 10.1160
-7.3370 -0.0232 4.7240
1.3288 -2.0931 4.9549
4.2079 -2.4388 5.8597
6.5682 -2.7478 7.3257
0.2769 -2.2996 4.5855
-3.5746 -0.6346 5.6788
2.8786 -1.9706 5.8380
1.9898 -2.2087 4.6877
-0.2553 2.0593 12.9636
11.3754 3.9074 23.3634
0.5529 -0.7549 7.8228
6.2999 -2.8252 7.0167
2.5654 -2.4982 4.9630
1.5828 1.8000 13.5086
1.7973 -2.4617 4.4929
3.5119 -2.1697 5.4556
-0.1196 -2.3288 4.2982
4.6708 -2.0278 6.6402
2.0054 -2.1655 4.8748
3.1632 -2.7093 5.4359
6.3200 -1.2141 10.2386
-12.6906 5.2875 12.2142
5.7521 -2.0453 8.2542
3.4393 -2.8019 5.4110
-5.4685 -0.5714 4.7108
4.0619 -1.3608 7.6281
2.1634 -2.5315 4.7499
2.9486 1.6383 13.9752
-23.6231 6.9318 9.1766
-1.5665 -0.4046 7.2969
-4.0455 0.3373 7.3434
2.8370 1.9705 14.5726
6.2621 -2.6559 7.3321
8.6873 -0.2229 13.5807
1.2962 -2.8902 3.9973
-3.1517 -0.4730 6.2450
11.9944 5.2890 26.4737
12.4332 4.5456 25.2459
2.2977 -2.3810 4.7946
5.5028 -2.7415 6.7231
2.2757 -2.6895 4.9629
4.8163 -1.9396 7.0169
1.5785 -1.7282 5.4289
3.8768 -2.9111 5.4461
2.1841 -2.5137 4.7499
6.6579 -2.5142 7.8430
6.3944 -2.6628 7.3948
7.4631 -1.3836 10.5611
4.0505 -2.9212 5.5262
-0.4475 -1.4613 5.8374
-7.3769 1.4849 7.7060
0.3380 -1.1837 5.8760
-15.1542 4.7193 9.6591
0.8435 -2.6130 4.2882
3.9394 -2.9162 5.4721
-6.2019 1.0035 7.4253
-14.8845 4.5443 9.4663
-0.5107 -2.1957 4.3376
5.5776 -2.3338 6.6931
-1.6902 -1.8725 4.3004
-3.2394 -0.1052 6.9272
4.9899 -2.8746 6.1616
-5.3380 0.3866 6.6951
-7.8737 1.8001 8.0471
3.2608 -0.4271 4.1297
-1.8022 -1.5890 4.8006
-1.4614 -1.3006 5.5721
7.4560 -1.3429 10.6380
-0.8414 -0.8948 6.7388
6.5028 -2.7478 7.2880
5.6425 -2.7478 6.7913
2.1567 -2.7598 4.7540
4.2736 5.0914 21.6210
-0.3633 -2.3288 4.1574
3.3838 -0.6036 9.7592
3.0110 -0.6024 4.0133
0.1774 4.3766 17.8309
3.8424 1.0672 13.3534
-10.2322 1.2000 5.4892
7.8398 -1.4808 10.5849
3.5485 -1.1361 7.4634
5.8455 2.5426 17.4501
1.0000 -0.5717 8.4460
5.2462 -2.2047 6.8243
2.9113 -2.2056 5.3987
2.3956 -2.8850 4.6425
-2.0277 -0.6957 6.4504
2.5025 -2.3220 4.9835
3.7813 -2.8362 5.5401
-2.1209 -1.1911 5.4094
-0.4815 -2.4210 3.9055
-7.4305 1.1999 7.1072
6.3284 -2.6898 7.3028
0.8512 -2.7473 4.0249
6.6796 -1.2363 10.4020
3.8512 -2.8474 5.5583
7.2480 -1.2141 10.7744
2.4532 -0.2283 5.9008
1.8214 -2.0121 4.9899
-2.6501 -1.7537 3.9828
-2.5540 -1.8292 3.8879
2.4386 6.1654 22.7012
3.4904 -1.4217 7.1197
5.4302 -1.3834 9.3872
3.3059 -2.3727 5.3268
-1.2781 -1.7223 4.8376
-9.4371 0.5942 4.7414
1.8591 1.8841 13.8357
1.8572 1.9705 14.0068
-1.7383 -1.5536 4.9080
1.3472 -2.3249 4.3572
6.5763 -2.8080 7.2106
3.1000 -2.5885 5.3327
5.5708 -1.3632 9.5086
2.9366 -0.6026 4.6512
7.2393 -2.4816 8.2438
1.1123 -2.0533 4.6818
2.3502 -2.8636 4.6589
0.0573 -0.2973 8.4483
7.6380 -2.0330 9.3679
-1.1293 -2.1957 3.9804
1.8075 4.2144 18.4492
7.8501 -1.9689 9.6182
-4.2835 -0.5715 5.3950
1.5521 -2.9458 4.0344
-3.4902 -0.8946 5.2093
0.5057 -1.3868 5.6724
3.6722 2.7566 16.6214
0.8497 -2.6415 4.2349
-13.5628 3.6204 8.3886
-2.2575 -1.2136 5.2857
10.4598 0.8796 16.8013
6.0059 -2.6419 7.2120
-2.0705 -1.5536 4.7162
5.2132 -1.9533 7.3062
6.8258 -2.3485 8.2703
3.4723 -2.8798 5.2747
5.7844 -2.8585 6.6525
3.1407 -0.6594 4.3005
4.5747 1.6383 14.9143
6.6425 3.6210 20.0591
-3.1208 -0.0647 7.0765
-0.1162 -2.0199 4.9157
6.5028 -2.7963 7.1915
5.7853 -1.5178 9.3245
10.0487 1.8000 18.3979
4.2127 -1.9768 6.2365
6.0451 -1.9688 8.5760
4.6060 -1.7076 7.3566
-2.8208 -0.7836 5.8172
-4.4718 0.3374 7.0972
-4.0936 5.2880 17.1804
3.7267 -0.6036 9.9572
-0.1199 -1.9417 5.0693
0.0178 -2.0694 4.8944
2.2315 -2.9109 4.4961
6.4172 -1.7069 9.3128
4.0047 -0.2228 10.8767
1.9407 -0.7256 8.6826
5.0544 -2.7477 6.4517
4.2837 -2.0942 6.0479
6.4397 -2.2178 8.3077
-1.9510 4.9018 17.6482
-1.4029 -2.0198 4.1727
2.9897 -1.2921 6.8112
0.0172 -2.6623 3.7128
-12.0596 1.9705 5.9692
3.2485 -2.4130 5.3027
1.7291 -2.8527 4.3220
8.7425 -0.8681 12.3270
-3.7480 6.9335 20.6588
2.8778 -2.1414 5.5620
2.4685 -2.7660 4.9219
4.9658 -2.1610 6.5692
5.7555 -2.3933 6.7318
5.5772 -2.1968 7.0329
4.8522 -2.0240 6.7838
6.7469 0.5403 13.9809
8.2257 -0.2977 13.1652
-5.8193 0.7047 7.0510
2.8731 -0.4886 5.1631
6.4844 6.6661 26.0356
-4.5263 -1.0737 4.2542
1.2034 -2.6827 4.3571
1.7587 -2.3257 4.4997
3.7902 -2.9262 5.3659
1.2046 -0.0648 9.5743
6.5600 -1.5719 9.6641
0.0038 -0.8677 7.2809
1.2880 -1.2251 6.4353
-1.1573 -1.3628 5.6237
5.4274 -1.4034 9.3459
-0.8767 -1.6902 5.1334
0.6820 -0.5066 8.3922
6.6520 -1.1688 10.5206
6.1544 -2.5689 7.4433
2.9396 -0.1664 4.7927
3.2408 -2.9652 4.9710
6.5241 -2.7844 7.2274
3.9081 -2.3567 5.6358
4.2585 -2.3436 5.8066
4.8137 -0.2605 11.2687
2.0290 -1.8776 5.7072
6.2433 -2.7602 7.1135
4.9218 -2.3282 6.4628
6.0040 -1.0249 10.4330
6.1320 -2.0204 8.5234
5.4672 -2.1203 7.0322
-3.1198 -1.1217 4.9708
2.2249 -1.7595 5.8907
4.8582 -2.1467 6.6317
4.9862 -1.8309 7.3392
3.1784 -1.7532 6.2181
-1.2691 -2.1052 4.0800
8.1263 -0.8681 11.9712
2.3996 -2.2755 5.0040
3.4263 -2.8637 5.2802
4.6090 -1.7577 7.1608
6.3384 -1.1688 10.3395
3.3780 -2.1905 5.4374
3.6821 -1.8976 6.3785
7.6788 -1.7229 10.0094
-1.3907 -0.8401 6.5306
0.0674 1.3388 11.7143
-16.1174 3.1029 5.8821
2.8463 -2.8851 4.9028
-1.0576 -2.1847 4.0435
1.4593 -2.9554 3.9615
-12.7061 3.2260 8.0976
5.7463 -2.9163 6.5154
5.9938 -2.4815 7.5247
6.6431 -0.8680 11.1147
2.0880 -2.8305 4.5736
-0.7922 -0.3695 7.8140
4.7005 -2.1783 6.3114
5.5171 -2.7662 6.6820
2.0210 -2.2449 4.6337
4.5635 -2.2958 6.0120
5.5061 -0.8404 10.5131
-0.6377 -1.9814 4.6913
1.3721 -1.4240 5.9251
3.5696 -2.2622 5.3832
3.7190 -1.3918 7.1083
-0.6080 1.7181 12.0801
1.4922 -2.1704 4.6351
-0.6520 -2.5056 3.6385
3.8497 -2.4756 5.6812
2.8025 0.0755 4.6559
0.4314 -2.1848 4.9033
6.4905 -2.4391 7.8961
-12.3363 2.0593 5.9863
9.3252 -0.6352 13.1277
4.9330 -2.9557 5.9670
5.0192 -2.9509 6.0264
1.7493 -2.3367 4.4598
3.6533 -2.2052 5.5013
8.0103 -1.4232 10.7981
0.2458 -2.6623 3.8447
2.3471 -2.2868 4.9694
-12.6357 1.8842 5.4644
4.7083 -1.8179 7.1949
6.7352 -2.9364 7.0464
-0.2055 -0.1451 8.5998
3.7736 -1.4775 6.9331
-3.0316 -1.4420 4.3836
1.3216 -1.3755 5.9884
3.1007 0.2889 11.3740
1.0546 -1.7997 5.1637
0.4513 -1.0495 7.1771
0.5648 -2.6894 3.9750
-1.0134 -2.3191 3.8014
1.2872 -1.3201 6.3057
6.5523 -1.9422 8.9219
-2.1118 -0.8120 6.1700
1.9447 -1.8535 5.6179
-11.7990 3.1030 8.3763
3.7400 -2.8362 5.5162
6.1496 -2.8747 6.8312
1.9022 -1.2354 6.5576
-0.0200 -1.7538 5.5014
1.3709 -1.6888 3.9282
1.3247 -0.9739 7.8321
7.4195 -2.3100 8.6899
-1.5572 5.2882 18.6455
-10.7217 2.4402 7.6778
4.0810 -0.4394 10.4892
-2.6465 3.9069 15.2642
4.7489 -2.1017 6.7986
8.9070 1.1326 16.4087
1.1433 -2.0770 4.6809
-2.3976 -1.0738 5.4833
-0.7669 -1.4030 5.7692
5.2065 -2.8363 6.3630
3.0190 -2.9556 4.8620
-2.1145 -0.7254 6.3410
5.0001 -1.5541 8.0263
-8.0412 1.1999 6.7545
4.6165 -2.8307 6.0335
2.5384 -2.8472 4.8003
-3.5795 0.1054 7.1504
1.6771 -2.2306 4.6436
6.4488 -0.8405 11.0574
4.3166 -2.2698 5.9592
-9.2542 1.8842 7.4173
4.7135 -2.2304 6.4336
4.7675 -1.4218 8.0839
1.9650 -2.1019 5.0915
2.2102 -2.8472 4.6108
5.0384 -2.9509 6.0375
5.5273 0.1497 12.4982
2.2032 -2.9007 4.5003
9.1932 -0.1455 14.0272
8.5758 -1.1689 11.6314
14.5101 3.9075 25.1740
8.0729 0.0613 13.7922
-0.0257 -2.5909 3.8302
-1.5584 2.8685 13.8234
0.0700 1.5606 12.1578
8.7319 -1.0251 12.0081
6.8273 -2.6062 7.7576
2.8518 -2.1146 5.5503
7.9897 -0.9743 11.6808
2.7666 0.0362 4.6457
0.9824 -2.8017 3.9925
1.4977 -0.1843 9.5055
4.8793 -2.7351 6.3756
9.5150 3.3537 21.1855
-5.5528 6.4092 18.5716
3.7883 -1.9276 6.3065
2.8066 -2.8018 5.0457
3.9918 -2.9362 5.4625
2.9150 -1.9867 5.8638
4.5662 -0.4394 10.7694
0.8614 -2.8247 3.8767
5.5266 -2.2022 7.0630
3.1608 -0.6211 4.1771
3.5441 -2.3906 5.4492
4.2351 -2.0900 6.3121
3.5321 -2.1504 5.5178
1.2617 -2.2178 4.4434
2.3545 2.9841 16.3136
3.4236 -1.4683 6.9922
3.0545 0.5795 4.4335
-1.4402 -1.5714 5.0447
7.4168 -2.3001 8.7080
-0.3808 1.6384 12.0524
5.0169 -0.8457 8.2463
8.2165 0.0613 13.8751
-5.7929 0.8202 7.2964
4.3154 -2.7782 5.9641
6.4440 -2.7784 7.1931
0.8290 -0.9479 7.5976
-1.7403 -0.4391 7.1276
15.8356 6.4109 30.9277
-6.2315 0.0189 5.4463
6.5623 -2.8959 7.0274
3.4006 -2.8583 5.2762
6.4756 -2.2493 8.2656
5.0160 -1.5686 7.9998
6.1665 0.9407 14.4436
3.6292 -2.5700 5.6255
1.5430 -1.5009 6.0544
5.8807 -0.8124 10.7852
1.5824 -2.9506 4.0421
2.1544 -2.4464 4.6921
-0.0345 -2.5375 3.9314
0.9496 -1.8928 5.0788
7.4123 -2.1175 9.0693
7.0744 -2.1291 8.8511
4.2975 -1.9414 6.5345
4.3534 -2.1841 6.1280
3.5144 -1.9780 5.9985
6.3241 -2.8079 7.0650
0.8743 -2.6057 4.3204
5.7561 -2.9163 6.5210
-1.7575 -1.2358 5.5302
6.7531 -1.2141 10.4886
1.7784 0.1952 10.4238
-1.9234 3.6207 15.1115
8.3355 3.6210 21.0370
2.9030 -2.2383 5.5746
2.9934 -0.1523 4.7594
-9.0529 1.8841 7.5336
3.1985 -1.3968 7.1040
2.5264 -0.3239 5.7490
-16.1056 6.6642 12.9852
8.3243 -0.9483 11.9257
5.3842 -2.9112 6.3164
4.7091 -1.3161 8.2098
1.3464 -2.0069 4.8614
4.7313 -0.2228 11.2963
10.8106 5.7086 26.6261
7.6224 -1.8151 9.7932
3.0211 5.2884 21.2902
4.9706 -2.9213 6.0574
1.8585 -1.9863 5.1331
3.1274 1.0033 12.8130
5.9698 -2.5536 7.3672
4.8153 -2.8474 6.1149
3.3367 -0.5774 4.2075
3.2546 -0.4979 4.1591
1.6747 -0.6656 8.6487
-0.1106 -2.4893 3.9837
3.9441 -2.2567 5.8093
3.9981 -2.7287 5.8795
6.5105 -2.3000 8.1847
3.0753 -2.3674 5.2102
8.3577 -1.4232 10.9986
2.8484 -2.0114 5.8045
0.4974 -2.7898 3.7359
7.4402 -0.9998 11.3125
3.6581 -1.9410 6.1642
5.8741 -1.4034 9.6038
3.5165 -1.0794 7.5619
6.3478 -2.8906 6.9140
4.0247 -2.4972 5.8030
6.2001 -2.5536 7.5002
0.7951 -2.9005 3.6872
3.0448 -2.3979 5.3603
7.9921 -1.8002 10.0364
3.2543 0.5443 4.3253
-4.4178 -0.6955 5.0703
1.2073 0.4367 10.5751
4.8580 -0.7258 10.3672
1.3637 -1.7962 3.9958
3.3499 -0.5500 4.2717
7.3198 -1.8151 9.6184
0.9933 -2.8689 3.8647
5.8770 -1.7542 8.9064
3.1971 -2.4656 5.3098
0.4043 -2.6344 3.9918
4.6867 -2.3866 6.0991
7.2731 -0.4395 12.3325
0.2604 -2.7658 3.6470
2.7750 -2.8018 5.0274
-2.7110 -1.2136 5.0238
3.2732 -0.5576 4.3612
5.8962 -1.9421 8.5431
1.6595 0.6486 11.2586
2.8809 -0.4393 9.7962
4.5267 -2.2295 6.1053
2.5496 -1.9922 5.6148
6.9269 -1.3011 10.4157
6.2793 -2.8640 6.9274
1.5801 -2.1667 4.7168
-14.7931 5.2874 10.9997
7.4666 -0.1454 13.0302
3.6550 -2.1317 5.8035
5.9044 -2.9314 6.5766
7.1364 -2.3197 8.5070
6.8311 2.2444 17.4251
7.5282 -2.1743 9.0230
7.8745 -1.4035 10.7588
8.2262 1.9705 17.6851
4.2122 2.4403 16.3030
6.9250 -2.5915 7.8433
3.5349 -2.7661 5.5376
1.8806 -2.4974 4.5659
4.5188 -2.0706 6.4090
2.0240 -2.4254 4.5964
1.1652 -2.7659 4.1693
1.6385 -1.7946 5.2994
13.3481 4.5456 25.7743
6.7854 4.0581 21.0128
-0.9287 -1.6573 5.1690
5.8007 -2.8251 6.7285
8.6583 6.4103 26.7814
3.9523 -2.7960 5.7189
5.9351 -2.7096 7.0364
-2.9133 -1.3215 4.6919
0.2241 -2.7410 3.6753
6.0522 2.4403 17.3656
2.6063 -2.2442 5.1811
0.8953 -2.6960 4.1527
-7.9932 1.3389 7.0592
4.4097 -1.7302 7.0740
5.9801 -2.7478 6.9862
1.2710 -1.4375 5.8099
-5.3208 0.4369 6.8052
3.6851 -0.1453 10.8465
3.4774 -2.8851 5.2671
6.7941 -1.0984 10.7428
6.5963 1.0032 14.8164
-1.3322 -1.7064 4.8382
6.3243 -2.2901 8.0970
4.4195 -1.0742 9.4198
10.1771 0.0183 14.9218
-3.9020 -0.0646 6.6253
6.9163 -0.0237 12.9549
6.1910 -2.6764 7.2502
-11.2291 2.3408 7.1868
9.3176 1.0672 16.5154
10.5549 4.3770 23.8252
-0.8247 -2.1626 4.2223
4.5481 -2.0572 6.4744
5.9321 -2.6278 7.1976
0.4099 -2.7411 3.7826
6.6249 -2.9214 7.0126
-0.0018 -2.6554 3.7155
3.8112 -2.0503 6.1238
4.7457 -2.0718 6.8475
3.8556 -2.4558 5.6674
-3.0190 -1.4029 4.4687
2.3150 -1.5546 6.6555
4.1291 -2.7902 5.8328
-2.7407 2.7565 12.9175
6.0710 -1.2128 6.3753
2.8863 -2.4988 5.1496
9.6341 -0.0651 14.4420
2.6302 -0.5749 5.0305
1.5795 -2.3922 4.4686
-2.9540 -1.3829 4.5460
-1.1269 -2.2383 3.8967
7.7465 1.7181 16.9051
3.4127 -2.6896 5.6193
3.8544 -1.9468 6.4275
8.1655 -0.4735 12.7801
-0.4238 0.8798 10.5160
5.1938 -1.0742 9.8669
2.9741 -0.7011 4.0868
4.1386 -2.9212 5.5770
4.9419 0.1497 12.1601
3.0706 -2.2125 5.4718
7.0559 -1.1916 10.7083
6.0779 -2.9606 6.6186
5.9219 -1.4994 9.4402
1.4725 -2.1478 4.6813
4.5684 -2.1279 6.3187
-0.8166 -2.0572 4.4369
3.0445 -0.0731 4.7681
6.7519 -2.4038 8.1174
0.7892 -1.6720 5.2588
7.6981 -1.8873 9.6930
5.6573 -2.2431 6.9389
2.9229 -2.2056 5.4052
-0.9222 -1.4030 5.6795
10.5664 0.8198 16.7439
9.5774 4.9024 24.3076
4.1569 -2.9008 5.6283
2.4915 -2.1170 5.3036
4.5642 -2.7029 6.2579
-2.7484 2.9840 13.3663
4.5921 -2.7722 6.1358
3.1541 1.1327 13.0864
2.6242 -2.7222 5.0990
8.3098 -1.3222 11.1723
4.7101 -2.2396 6.2048
2.2677 -0.0235 10.2704
3.5438 -1.8985 6.1023
1.8966 -0.8402 8.4288
5.5600 -1.7068 8.8178
1.2217 -1.9972 4.8688
2.7770 -2.2010 5.1560
8.8556 5.4942 25.0699
6.9374 0.5403 14.0909
-1.5153 -2.2065 3.7360
4.2076 -2.9411 5.5773
5.0000 -2.6069 6.4418
-3.6357 -0.5064 5.8989
1.8256 -1.5154 6.1775
3.5407 -2.9508 5.1728
3.3072 -1.5726 6.6062
1.5399 1.3388 12.5647
0.0196 -1.8293 5.3738
2.6249 -2.2675 5.1476
5.9082 -1.7605 6.6587
0.2780 1.1328 11.4254
-0.7319 -1.2137 6.1666
2.8520 -1.1727 6.9899
1.6137 -1.2630 6.5558
3.3723 -2.9459 5.0853
0.1369 -1.1453 6.8046
4.2118 -2.8078 5.8455
-3.3695 -1.4988 4.0752
2.9158 0.5318 4.6305
2.6914 -2.6625 5.2567
3.7866 -1.4376 7.0636
0.0078 -2.0199 4.9873
0.1628 -2.7347 3.6524
2.6139 -0.8123 8.8988
0.3365 -2.2694 4.6799
-12.6776 5.7070 13.0577
1.9887 -2.0326 5.2188
4.1526 -2.1586 6.0129
3.1066 -0.6798 4.3243
3.4342 -1.6756 6.6923
3.8059 0.0185 11.2426
3.2061 4.3767 19.5804
5.1995 -0.9741 10.0696
1.8032 -2.3915 4.4464
4.9193 -2.8746 6.1208
2.1397 -1.7169 5.8859
2.2937 -0.4393 9.4570
1.3197 -0.9480 7.8809
0.7235 -2.7658 3.9144
-1.9590 -1.4989 4.8896
4.3416 -1.8066 6.8404
-18.9973 4.9009 7.8016
3.0925 -0.5021 4.1177
5.0153 -1.5970 7.7869
2.5694 -2.3597 4.9597
9.4240 -0.0238 14.4030
2.2023 -1.8196 5.8453
7.1581 1.7181 16.5653
1.0606 5.0912 19.7650
3.3561 -2.2528 5.4255
3.1782 -0.3942 4.1156
1.3533 -1.9524 4.0940
-0.5424 -1.6902 5.3264
7.5105 -1.7543 9.8496
5.3255 -2.7539 6.5959
5.6091 -2.8639 6.5405
4.5363 0.7616 13.1451
3.9533 -1.8719 6.5573
7.8521 0.7615 15.0599
3.1342 -0.4713 4.1342
-10.4141 3.2261 9.4214
5.9191 -2.8364 6.7744
10.8665 6.4105 28.0570
4.1137 -1.5722 7.2068
6.3629 1.3387 15.3501
8.8437 2.3410 18.7799
2.0510 -1.3571 6.4148
2.2273 -2.0717 5.3398
3.7482 -2.2541 5.5265
6.6681 -1.6069 9.6568
-3.4329 4.0578 15.1105
-2.3048 -1.6063 4.4758
1.3241 -2.1136 4.7135
1.1753 -0.6958 8.3000
6.5538 -1.4034 9.9963
8.5355 -1.0251 11.8947
6.9517 -2.5537 7.9341
10.2885 0.6484 16.2418
3.1691 -2.5169 5.3256
2.8008 -1.3468 6.6997
2.7813 -2.2548 5.2385
1.3771 -2.9650 3.8950
4.6524 -2.8529 6.0099
-0.1760 -0.4046 8.0998
1.1517 -2.1105 4.7025
4.4298 -2.4386 5.9873
3.3783 -2.3082 5.3288
3.1055 1.0673 12.9278
3.1156 -0.3918 4.0880
4.2765 -2.1855 6.2474
-0.5964 -2.4122 3.8568
1.5031 1.3388 12.5435
1.7865 -1.5607 6.0682
-5.3830 -0.1449 5.6100
-5.8237 -0.6032 4.4423
4.2575 -2.2480 6.0007
3.0072 -0.5773 4.8732
12.0956 5.0918 26.1394
5.3188 -1.6743 8.7434
6.1913 -2.7415 7.1206
-2.3411 -1.6063 4.4548
1.6786 -2.5263 4.4585
0.3372 -2.6623 3.8975
-1.0758 -2.0693 4.2630
7.3619 6.1657 25.5453
1.8403 1.1327 12.3276
5.1663 -0.7258 10.5452
0.7730 -2.8849 3.7057
-0.2268 -1.8146 5.2610
5.4527 -1.3632 9.4405
-1.3428 -0.6034 7.0298
-4.3667 -0.4730 5.5434
6.4701 -2.3579 8.0461
11.4027 1.2683 18.1205
3.0903 0.0046 4.8669
2.2264 -2.2911 4.9114
4.1034 -2.2446 5.8347
0.4076 -1.2490 6.0051
-4.1022 0.1500 6.9374
5.8272 -2.3498 6.9414
5.6017 -2.0329 8.1921
-0.7215 -0.4731 7.6483
-17.4091 6.9323 12.7665
-12.4057 4.9013 11.6091
-1.0447 2.5426 13.4707
2.8528 -1.9140 5.9754
4.8610 -1.2809 8.3817
7.7424 -1.6579 10.1758
3.3580 -2.1143 5.5367
2.2556 -2.2955 4.9053
8.6575 -1.2799 11.4574
-9.1168 1.7182 7.1660
3.1450 -2.2744 5.5034
2.6854 -2.0955 5.2986
0.9763 -1.9065 5.0050
6.6151 -2.2699 8.3051
-1.2542 -2.1052 4.0886
7.9912 -1.4618 10.7100
-0.1799 -2.4122 4.0972
5.1757 -2.6233 6.5513
1.3251 -1.9158 4.1574
5.3365 2.1505 16.3749
1.4520 -2.7536 4.3595
-14.5129 4.3759 9.3454
-14.6218 2.6478 5.8390
6.9206 -1.0250 10.9622
6.2926 -1.5541 9.5452
7.1652 -2.5143 8.1359
7.9257 0.2887 14.1604
0.9677 -2.9359 3.7165
2.9370 0.0822 4.6385
4.4413 -2.5134 6.0521
2.8632 -2.2464 5.2986
6.7739 -2.2801 8.3767
4.5292 6.1655 23.9089
6.3647 -1.8731 8.9512
-4.1932 4.2141 14.9830
1.4983 -2.3266 4.3834
12.3375 3.6211 23.3486
5.1558 -2.2591 6.5850
-0.2626 0.8201 10.4901
5.6768 -1.6577 8.9831
-21.6342 5.9300 8.3291
5.3213 -0.5719 10.9413
3.9592 -2.2144 5.8767
2.6704 -0.9996 8.5582
2.0619 -2.9603 4.2999
-14.2468 4.9012 10.5457
3.3658 -0.5698 4.2223
3.1230 -2.8473 5.1378
6.8938 -2.7290 7.5514
2.8700 1.1327 12.9223
-0.4048 2.7566 14.2666
4.3339 -2.0794 6.2860
4.4035 -1.1667 8.3344
-3.6159 0.0188 6.9567
6.4020 -2.6965 7.3321
3.4692 -1.8536 6.1909
6.6269 1.6383 16.0995
2.8962 -2.7721 5.1567
-0.6822 -1.5174 5.5901
3.8730 -2.8192 5.6268
5.1907 -2.9606 6.1063
6.0711 -2.5458 7.4411
2.8401 -0.1252 4.6898
12.7705 6.6666 29.6671
5.2563 -2.0990 6.9809
0.6113 -1.1219 7.1253
-3.0163 3.1032 13.4490
0.9653 -2.6415 4.3017
-10.9677 2.9838 8.6190
2.8497 0.0553 4.6572
-2.4948 -1.3628 4.8514
8.8274 0.1050 14.3150
4.9340 -2.3721 6.4179
-1.3561 -0.1451 7.9354
-0.3460 -1.8867 5.0484
1.8983 -2.2186 4.6275
3.0116 -1.1842 7.4283
2.0031 -2.2329 4.6926
5.6363 -1.7542 8.7674
2.9940 0.0942 4.7588
1.2223 -2.2819 4.2383
2.7140 -2.1958 5.4198
-8.0288 1.1329 6.6281
9.7789 0.0183 14.6918
1.5714 -2.8743 4.1878
1.3307 -2.0326 4.9539
3.7386 -2.1211 5.7777
3.7708 -1.8545 6.4418
3.7440 -1.9617 6.3004
2.8744 0.4536 4.7010
-5.0528 -0.2601 5.5712
-3.2029 -1.3627 4.4426
13.4330 6.1662 29.0525
2.7264 -2.1434 5.2225
3.5825 -1.8926 6.2291
6.3311 -0.5068 11.6542
8.9592 5.9321 26.0023
-10.4658 2.5425 8.0294
4.7080 -1.2974 8.2289
1.8691 -2.9360 4.2369
6.5152 -1.3633 10.0540
7.1981 -2.3390 8.5042
5.3105 -1.9556 7.2410
1.1517 -1.2376 6.1742
0.8113 -2.8415 3.8142
3.6706 -1.5797 6.8720
5.2181 -1.7383 7.6911
2.3624 -2.1225 5.2948
6.8645 -0.4395 12.0965
3.7680 -1.5019 6.8414
5.0667 -0.8269 8.2626
-3.0004 3.2262 13.7035
-11.4500 1.6384 5.6596
9.1293 1.5605 17.3897
2.1941 0.2416 10.7563
-6.0382 -0.3692 4.7846
-3.4297 -1.0737 4.8874
-3.0350 -0.2972 6.6626
0.6755 -0.8949 7.6147
2.9974 -2.2830 5.2998
2.6334 4.2144 18.9262
0.8325 -2.8132 3.8828
2.9096 -0.0802 4.6354
-0.5289 -1.2359 6.2396
6.9152 -2.2284 8.5611
2.3288 -2.8690 4.6358
10.7793 4.3770 23.9548
1.8721 0.0186 10.1259
2.3024 -2.9007 4.5575
-6.5579 1.3389 7.8881
3.9311 -2.7960 5.7067
3.5460 -2.7538 5.5685
1.7312 -1.0740 7.8674
2.9087 -2.2420 5.5894
1.5372 -2.8247 4.2669
1.8534 -0.2604 9.5593
2.7828 -2.8076 5.0203
6.6659 -0.6038 11.6544
4.3767 3.1033 17.7191
2.1940 -2.8955 4.5053
4.0390 0.7616 12.8579
1.1796 -0.6035 8.4864
4.2981 -2.9060 5.6995
-0.3050 -2.3573 4.1343
3.3816 -0.4601 4.2567
0.1007 -2.3480 4.3873
2.3367 -2.8305 4.7172
5.7288 -2.0203 8.2906
4.8320 -2.1363 6.6727
5.0415 -1.2140 9.5003
1.3904 -0.6958 8.4242
7.0169 -0.6351 11.7948
0.3470 -2.7091 3.8099
3.6234 -2.8077 5.5057
6.2082 -2.3484 7.9137
1.8209 -2.7536 4.5724
1.8018 -0.2974 9.4557
3.2770 -0.5937 4.2141
1.8458 -2.3791 4.4703
0.4595 -2.7597 3.7741
0.4618 -2.2694 4.7523
1.6536 -2.9260 4.1323
-0.8239 -1.6902 5.1639
2.1656 -2.4638 4.7103
5.9511 -2.8693 6.7272
1.9784 -1.8010 5.7964
1.9241 -2.8690 4.4021
1.5607 -0.5066 8.8996
2.3202 -0.7256 8.9018
-2.3624 -0.9993 5.6521
4.0571 6.1655 23.6362
5.8064 -2.9510 6.4810
-20.3036 4.9009 7.0470
4.5483 -1.5574 7.6323
2.1672 -1.9143 5.5813
3.2495 0.5420 4.3190
3.6878 -1.3425 7.1492
3.0062 -0.1324 4.7616
0.8480 -1.7476 5.2273
2.7647 0.0758 4.6348
-8.0122 6.1646 16.6638
7.9574 -1.7388 10.1387
4.6659 -2.1700 6.3049
12.3321 2.7567 21.6230
6.6537 1.1997 15.2410
8.6014 0.3862 14.7449
3.0478 -2.4984 5.2419
5.3755 -2.5237 6.5867
6.5171 -2.9314 6.9304
2.9055 -2.8691 4.9688
-6.7882 0.2892 5.6634
-1.6346 -1.2358 5.6011
2.6488 -2.1121 5.2448
-1.4140 2.0593 12.2944
3.9049 -1.7681 6.7217
4.8305 2.2444 16.2697
-16.7071 6.1639 11.6409
0.4409 -1.0739 7.1224
6.1595 -1.9948 8.5901
5.4723 -2.7723 6.6441
6.7620 -2.5223 7.8871
6.8571 -2.4732 8.0398
1.4973 -1.4232 3.8577
-4.9558 -0.3335 5.4809
3.9940 -1.3557 7.5158
1.0345 -1.6462 5.4644
3.3519 -0.5240 4.2797
5.9790 -2.9363 6.6098
2.4286 -0.6036 9.2076
7.5133 -1.0499 11.2550
1.5624 -1.5301 5.9909
3.7529 -2.8529 5.4905
4.4671 -2.7842 6.0397
-2.8625 -1.0493 5.2636
5.2977 -1.7851 7.6220
-0.9716 0.0187 8.4838
6.5562 -2.3857 8.0405
-0.2793 -1.9944 4.8724
-12.6308 1.9705 5.6393
8.6663 0.6485 15.3050
6.4191 -1.7697 9.1886
4.0011 -1.6476 6.7211
3.8121 -2.8638 5.5030
3.6916 -1.9825 6.2344
5.4674 -2.3428 6.6838
1.4758 -0.9480 7.9711
3.3100 -0.0236 10.8724
1.9596 -1.5012 6.2973
7.4273 -2.3390 8.6365
4.0509 2.3409 16.0118
6.9587 -2.4981 8.0490
3.7276 -2.0683 5.8986
6.0492 -1.4529 6.4708
3.7041 -1.4929 6.8773
1.7176 -2.5862 4.5300
4.3095 -2.9312 5.6558
5.9261 -2.9112 6.6293
2.6735 -0.6036 9.3490
-0.5051 -2.4642 3.8058
8.2499 -1.0499 11.6803
5.8428 -2.1742 8.0498
4.6190 1.0033 13.6744
5.7488 -2.8693 6.6104
-0.1830 -0.4392 8.0269
3.2538 -2.5526 5.3983
3.6864 -2.7094 5.7380
-7.8105 0.1055 4.7071
2.3647 -0.7550 8.8690
7.6845 0.2887 14.0211
3.4777 -2.9059 5.2258
5.0506 -2.0214 6.9986
4.8031 -2.8307 6.1412
-1.4854 -1.9943 4.1759
3.6974 0.9408 13.0177
-8.1003 0.1055 4.5397
2.0114 -1.3560 6.3761
1.9026 -2.2338 4.6373
5.3303 -2.7288 6.6487
1.8844 -2.8797 4.3579
-2.8152 -0.9737 5.4416
0.7076 -2.6202 4.1953
1.1132 1.4848 12.6092
-4.9660 -0.5063 5.1307
7.0839 -1.9949 9.1239
6.6772 -2.5062 7.8702
-1.6156 -1.6902 4.7068
4.8700 -2.5389 6.3285
4.1351 -0.0649 11.2665
0.1206 5.9315 20.8964
7.0958 1.1327 15.3627
5.3291 -1.8704 7.4954
2.6702 -2.0411 5.5891
4.0049 -2.4453 5.7861
8.9913 0.3370 14.8719
1.2984 -2.1296 4.2038
5.6369 -2.7030 6.8772
2.2445 -1.4021 6.6229
1.4000 -2.7899 4.2570
2.8508 0.2466 4.7329
2.9372 -2.5876 5.2370
6.3614 -1.4425 9.8072
6.9004 -2.6490 7.7145
3.3837 -0.1453 10.6725
5.8427 -2.8639 6.6754
6.7918 -2.5690 7.8113
1.1722 -1.1812 6.2798
-2.5063 -0.3694 6.8241
1.7771 -2.6624 4.7289
3.8781 -2.2205 5.7405
-2.4935 -0.4730 6.6250
-11.9038 2.4402 6.9951
5.9713 -1.8239 6.6736
1.3849 -0.5066 8.7981
-2.0249 -1.8144 4.2228
0.0721 -1.9417 5.1802
0.9310 -0.8402 7.8713
-0.1078 -2.5375 3.8891
2.7780 -2.9211 4.7915
6.0768 -1.3220 9.8829
6.3830 0.4879 13.6663
10.8880 1.5605 18.4054
7.5501 -2.0578 9.2678
5.0429 -2.2737 6.3888
4.3762 -2.3684 5.9052
-2.4496 -0.9478 5.7044
2.1162 -2.0812 5.2058
1.4578 -1.2988 6.3820
8.4067 -1.3429 11.1870
-4.4208 -0.4390 5.5797
1.4018 -1.5323 5.7523
-0.0423 -0.0235 8.9365
1.8285 -1.7487 5.6968
4.9868 -1.9183 7.1563
8.7866 -0.4050 13.2753
-5.3582 -0.2224 5.4700
0.6956 -1.2622 6.0106
4.7511 -2.9557 5.8621
2.6879 -0.6717 4.7422
3.1350 -0.5103 4.1421
-0.7023 2.2444 13.0742
1.5958 -1.8781 5.0847
3.0601 -0.7264 4.2788
0.9779 -2.7221 4.1485
7.5721 -0.9998 11.3887
10.7217 1.0671 17.3262
3.3722 -2.1016 5.5862
2.4538 -2.8191 4.8075
-3.2768 6.4094 19.8865
4.1619 -2.1841 5.9798
5.0516 -2.8363 6.2735
3.1508 -1.4124 6.8132
-5.6277 6.9333 19.5728
-3.3124 -1.0244 5.0534
1.5052 -1.2479 6.6114
6.4496 -0.8952 10.9489
4.8174 -2.5002 6.2674
8.4858 -0.3341 13.2429
1.4228 -2.8247 4.2009
1.2267 -1.9993 4.8802
15.6810 5.4946 29.0127
-2.8345 -1.5713 4.2396
0.1259 -2.4472 4.2041
1.6361 -2.4671 4.4120
-1.8466 -1.6235 4.7062
7.1852 -0.1056 12.9470
4.5477 1.4848 14.5927
2.8183 0.5939 11.8188
2.4941 -2.4100 4.8602
5.1229 -2.7030 6.5804
2.5910 -1.4262 6.6534
3.4422 -1.6826 6.6311
6.6333 -2.5989 7.6602
4.8128 -2.7288 6.3499
0.7355 3.3535 16.1146
5.5299 -2.4684 6.6346
-16.3320 5.0903 9.7182
-9.6265 1.7182 6.8717
-3.5014 -1.1216 4.7505
2.9530 -0.4956 4.8653
4.7646 -2.4827 6.2252
1.4008 -2.1079 4.6902
4.1328 -1.7469 6.8231
4.5314 -1.6282 7.4779
1.6432 -2.8797 4.2187
5.0929 -0.8124 10.3303
1.3867 -2.9650 3.9005
8.9076 -0.4396 13.2763
5.9809 -2.8194 6.8439
1.4406 -2.6828 4.4941
4.2499 -1.8195 6.7741
4.9284 -2.8530 6.1692
13.0659 5.0919 26.6999
7.1986 -1.3429 10.4894
5.8962 -1.8137 6.6796
4.9387 -2.0763 6.8174
7.3329 -2.0455 9.1669
4.9447 -2.7224 6.4388
-3.3918 -1.4225 4.2142
4.3975 -2.3291 6.0313
1.6804 -2.9603 4.0796
1.7799 -0.8122 8.4172
4.6457 -1.2044 8.3615
2.7970 0.1626 4.7106
5.5137 -2.1295 7.1374
4.1104 -1.5570 7.2228
2.3483 -0.9217 8.5274
-2.5192 -0.4045 6.7467
2.3486 -2.4995 4.8407
3.9761 -2.7287 5.8668
5.0535 -2.7783 6.3902
-0.9155 -2.2488 3.9980
-13.0677 6.1642 13.7434
1.4168 -2.8075 4.2317
3.6527 0.5939 12.3006
3.5006 -1.8047 6.2653
4.3519 -2.2935 6.0758
2.1890 -2.1371 5.1501
3.1356 -0.6483 4.3137
-6.2900 0.1955 5.7645
3.0625 -2.1593 5.5920
2.6637 -0.0029 4.5981
1.1931 2.0593 13.8001
5.6755 -2.3040 6.8677
-1.3915 -1.6573 4.9018
3.5303 -1.8406 6.3101
4.2548 1.1327 13.7221
-12.2431 2.5425 7.0029
3.0946 -0.3757 4.7771
-0.7844 2.3409 13.2192
2.6592 -2.1224 5.4188
4.2091 -1.2073 8.1900
8.0100 -1.5180 10.6091
-1.6612 -1.9813 4.1003
7.3031 1.4848 16.1841
1.1854 1.8000 13.2791
5.1925 -2.7783 6.4705
5.0000 -2.7961 6.3238
4.1466 -1.3939 7.8686
4.0161 -2.0314 5.9840
4.3660 -2.5135 6.0088
5.5375 -2.7352 6.7557
5.1890 -0.4005 8.0485
6.4467 -2.4815 7.7862
-10.7722 1.4849 5.7452
1.8888 -2.1091 4.7964
2.4405 -1.7592 6.0134
5.9640 -1.7420 6.6146
6.1432 -1.4617 9.6430
-0.8753 -1.6573 5.1999
7.6336 1.6383 16.6809
7.8225 3.6210 20.7407
-1.0005 6.6655 21.7115
4.6985 -2.9313 5.8804
3.8671 -2.9508 5.3613
2.7666 -2.8417 4.9431
5.2469 -2.7723 6.5139
7.2144 -2.3099 8.5715
6.2077 -2.4815 7.6482
3.8531 -1.7191 6.7851
5.0703 6.4100 24.7086
2.8090 3.7615 18.1252
3.2254 0.5501 4.3174
0.8333 -1.4212 5.8083
3.7399 -1.8152 6.6217
1.3057 -2.0421 4.1265
3.3508 -2.0190 5.6957
-4.0332 -0.9213 4.8424
3.0980 -0.6145 4.5220
3.2097 -2.7538 5.3743
1.9550 -2.0147 5.2436
5.4346 -2.0771 7.2648
4.0134 -2.1902 5.9122
6.4786 -2.5222 7.7235
2.7600 -2.3598 5.0098
3.9662 -2.7842 5.7505
1.7289 -1.8810 5.3923
-1.3260 -2.2278 3.8027
-14.0490 2.4402 5.7561
-7.8235 0.0189 4.5269
6.4150 1.5606 15.8222
2.5600 -2.1958 5.2062
5.4352 -1.6068 8.9450
2.3934 -2.3756 4.8367
-2.4094 -1.7537 4.1218
7.1609 -2.1632 8.8331
3.0278 -0.1567 4.8395
3.0647 -1.7446 6.1039
1.1687 -0.6655 8.3565
3.0838 -0.5099 4.1145
2.2478 -2.4243 4.7230
-5.9639 0.3374 6.2356
4.3583 -2.6897 6.1653
7.4991 -1.6908 9.9697
0.0910 -2.4643 4.1500
1.5243 -2.5848 4.4155
-1.4843 -2.2172 3.7325
1.6544 -1.8154 5.2549
3.6608 -2.1687 5.5388
2.8513 -0.2048 5.0356
5.3331 -1.9761 7.2159
3.6514 -2.4952 5.5831
1.3957 -2.3869 4.2292
0.4840 -2.4472 4.4109
-0.0847 -2.1738 4.6273
1.4768 -1.4625 3.8934
4.5440 -2.4570 6.0674
4.7576 -2.9362 5.9046
4.5323 -2.8957 5.8553
-15.6530 3.9065 7.7515
5.3223 -2.1714 6.9352
-1.3253 -1.2577 5.7362
3.0671 -0.0354 4.8311
1.8830 -1.4038 6.4358
5.3542 -2.7723 6.5759
0.6568 -2.5984 4.2095
4.3072 -2.7029 6.1095
-0.0354 -2.4893 4.0271
0.4028 -2.6057 4.0482
2.2710 -2.5503 4.8258
-8.9627 1.2686 6.3592
5.9847 -2.8475 6.7900
-2.0866 -0.8947 6.0198
4.5770 -2.7094 6.2522
1.2750 -2.2471 4.3841
-8.1052 0.8202 5.9610
1.5003 -2.1975 4.5599
2.1649 -2.4465 4.6982
4.7206 -1.0742 9.5936
6.8089 -0.1454 12.6504
5.7196 -2.1962 7.9349
4.6785 5.7082 23.0838
-0.4392 -1.5174 5.7304
2.0813 -2.2372 4.8959
10.2038 0.1950 15.2893
4.2837 -1.7957 6.8314
1.8087 -2.7412 4.5902
1.7874 -2.9058 4.2499
5.0905 -1.9995 7.1108
1.7742 -1.0740 7.8923
11.6641 5.9323 27.5649
-0.0794 -1.8726 5.2304
1.6692 -0.8678 8.2426
3.7833 -2.2198 5.6497
2.4238 -2.7286 4.9705
-0.7349 -0.6654 7.2573
4.2612 -1.9118 6.5747
2.9649 -2.0506 5.7952
5.7525 -1.6410 9.0602
5.0204 -1.2797 9.3573
2.7251 -2.0871 5.5280
5.0431 -1.7782 7.5294
9.9260 3.6211 21.9557
6.1925 -1.3835 9.8274
2.0355 -1.5911 6.1633
1.1284 -2.9457 3.7897
2.4783 0.1052 10.6486
5.9102 -2.0270 6.7738
3.8758 -1.4609 6.9973
2.1229 -2.0587 5.2850
4.6836 -2.4125 6.1298
0.8817 -2.5984 4.3393
3.0286 -0.1927 5.1380
0.8397 -1.5333 5.7833
-0.8864 -2.2278 4.0566
-17.6460 4.0573 6.9009
4.7861 -1.4561 8.0478
2.3719 -2.9409 4.5174
5.8461 -2.7096 6.9850
4.8610 -2.2707 6.5584
7.1162 -2.0820 8.9690
6.1707 1.4848 15.5301
6.1166 -1.3221 9.9060
-0.6286 -1.3831 5.8888
3.0365 -2.7350 5.3116
11.9486 2.9842 21.8549
1.4337 -1.6007 3.9684
4.3910 -2.5695 6.0641
4.6309 -2.8020 6.0990
4.7165 1.1327 13.9887
1.4301 -1.6628 3.9450
7.3347 -1.8731 9.5113
3.2702 -1.8454 5.9671
3.2096 -0.2137 4.8952
6.3281 5.4940 23.6098
3.2736 -2.5894 5.4350
3.1440 -0.0934 4.8287
7.6484 -1.0985 11.2361
1.0071 -2.7899 4.0302
-8.2762 2.2443 8.6999
-2.0328 -0.9993 5.8424
1.9848 -2.8690 4.4372
-15.8412 5.4926 10.8034
5.6636 0.7616 13.7961
4.1920 -2.7661 5.9170
4.5884 -2.9557 5.7681
-4.8697 4.3764 14.9155
5.5977 0.0184 12.2773
3.2984 -1.3079 7.2574
2.5898 -2.8744 4.7758
-4.3229 -0.9477 4.6227
8.4867 5.7084 25.2837
-4.8032 -0.8946 4.4511
3.6032 -2.2309 5.5424
0.7604 1.1998 11.8376
2.4234 -2.4997 4.8844
6.5579 -1.6743 9.4588
3.2189 -1.7919 6.1155
1.4636 1.8000 13.4397
6.0475 -1.2584 6.4163
-0.6525 -0.8121 7.0126
2.1510 -2.3156 4.7968
4.2802 -2.0868 6.0627
4.0016 -2.8418 5.6562
2.3805 -2.5685 4.9015
1.7329 -2.8133 4.4027
-1.3971 -1.1683 5.8728
-3.3136 -1.2357 4.6317
-11.8103 4.0575 10.2717
2.7434 -0.5595 4.9336
2.2718 -2.9058 4.5296
6.7729 0.4365 13.7892
11.3485 2.3410 20.2265
6.7837 -2.0820 8.7770
5.3921 -1.8895 7.4717
-0.0344 -2.2896 4.4256
5.4787 -2.7095 6.7728
2.0054 -2.7537 4.6789
-7.4424 0.1955 5.0990
6.3911 -2.6062 7.5057
4.4357 -1.1687 9.2408
0.5219 -2.4975 4.3325
-8.8807 1.1329 6.1362
3.8825 -2.2281 5.7296
8.6632 -0.0238 13.9637
-7.5415 1.6384 7.9169
1.6404 -2.3490 4.3374
0.8314 -2.8689 3.7712
2.3936 -0.1421 6.0686
0.2570 4.5450 18.2125
-5.7748 -0.6032 4.4706
1.4273 -2.2386 4.5224
1.7986 -1.9043 5.3944
9.2872 0.1950 14.7600
3.5918 3.7615 18.5773
4.9484 -1.1193 8.3894
0.3380 -1.2042 5.8760
3.7677 -1.8627 6.4063
-5.9149 0.8799 7.3449
1.1324 -1.2198 6.2144
2.1439 -1.3683 6.9229
-0.3347 -2.3667 4.0985
2.9735 -2.9059 4.9348
3.3360 -2.9212 5.1136
6.5336 -2.5459 7.7082
-0.5939 -2.4642 3.7545
4.8383 -2.5181 6.2917
7.2134 -2.0077 9.1731
17.3541 6.4110 31.8049
1.3042 -2.2799 4.4938
2.6383 -2.6828 5.1856
2.4781 -1.8921 5.8026
3.2230 -2.7350 5.4193
4.4271 -2.8799 5.8260
3.7888 -2.1213 5.8897
5.7243 -2.4019 6.7633
6.8785 -2.7724 7.4560
-0.9302 -2.2693 3.9486
4.1831 -2.9312 5.5828
-0.4019 -1.4227 5.9407
6.9634 -1.9688 9.1062
4.2955 -2.2816 5.9457
-19.4121 6.4081 10.5652
-1.4085 -1.8867 4.4348
2.2195 -2.2788 4.8740
0.3778 -2.1286 4.9845
6.6109 -2.7602 7.3258
-13.4747 4.9012 10.9916
-0.1672 -1.0980 6.7231
5.3141 -2.8136 6.4704
-2.5938 -0.9737 5.5694
-2.3700 -1.1911 5.2656
1.9960 -2.1374 5.0397
10.9338 0.9407 17.1968
-1.5719 4.5449 17.1561
1.2288 -2.3327 4.2760
-8.7278 0.8800 5.7204
-12.7237 2.7564 7.1516
-1.1573 -2.2065 3.9426
-0.7349 0.7617 10.1010
5.7885 -2.3578 7.6526
4.1681 -1.6623 7.0252
3.0274 -0.6567 4.4535
-15.7506 4.2137 8.3073
2.6748 -2.9110 4.7521
2.6792 0.0269 4.5993
-0.8884 -0.9479 6.6059
-4.0441 0.1954 7.0615
2.7252 0.0185 10.6185
3.2158 -2.1619 5.5621
6.0922 -1.3383 6.4192
5.7121 -2.8137 6.7001
7.2244 -1.9422 9.3100
4.7272 -2.5877 6.2702
3.7413 -2.7538 5.6812
-4.3478 -0.9213 4.6608
3.6528 -2.8306 5.4771
0.2151 -2.4893 4.1717
2.5766 -2.7959 4.9246
2.5025 -2.8305 4.8129
5.5459 -2.6010 6.7444
-7.8673 1.4849 7.4228
3.2286 -0.6331 4.1939
1.9761 3.1033 16.3326
-1.4050 -1.4226 5.3615
6.2035 -1.9012 8.8022
4.0039 -0.8950 9.5367
2.5962 -1.0613 7.2048
1.4168 -1.6987 3.9979
0.3895 -2.4727 4.3055
-2.4062 -1.6572 4.3159
4.8910 -2.5729 6.3601
2.7842 -2.2608 5.0191
5.0005 0.7044 13.2994
0.5128 -0.6009 5.5719
-5.8089 -0.6345 4.3886
4.9780 -2.7288 6.4452
1.2896 -2.8526 4.0683
0.2096 -2.5760 3.9958
-3.0929 -0.0647 7.0926
3.3738 -2.2801 5.3778
3.1231 -2.9311 4.9708
7.9863 0.1950 14.0088
5.4711 -2.6964 6.7946
-0.6854 -2.4810 3.6683
2.9831 -0.4393 9.8552
5.3978 -2.7224 6.7004
1.7845 -2.8075 4.4440
-2.1237 -1.9682 3.8593
4.4203 -2.3630 5.9758
0.7730 -2.6130 4.2475
0.7811 -2.7091 4.0606
4.9480 -1.9621 7.0597
1.9865 -2.0065 5.2878
5.0754 -2.7662 6.4270
3.0173 -0.1225 4.7653
-0.7158 -1.8293 4.9493
5.6214 -2.8585 6.5584
4.5454 -1.8998 6.8178
-1.7414 -0.9215 6.1658
1.4400 -1.2989 6.3725
4.4087 -2.4386 5.9751
1.9171 -2.7221 4.6907
1.0540 -2.8689 3.8998
-0.8350 -1.2137 6.1071
6.5394 -2.2178 8.3653
-0.2054 1.8000 12.4758
1.5263 -2.9554 4.0001
3.0707 -0.3042 4.8421
11.2070 1.9705 19.4066
-11.5148 4.9013 12.1237
-0.4089 0.1953 9.1607
1.7237 -2.4736 4.4495
2.6834 -2.8191 4.9400
6.3468 -2.8801 6.9344
2.4632 -1.0810 7.0687
2.2161 -2.0366 5.4221
1.1791 0.2416 10.1701
6.1010 -1.3720 6.4468
3.2624 2.0593 14.9952
1.4366 -2.9458 3.9676
5.6589 -2.8906 6.5162
4.6554 -0.8404 10.0219
1.4147 -1.5989 3.8935
8.5874 1.1326 16.2241
-3.6925 0.1500 7.1739
-14.4484 6.4085 13.4327
2.9703 -0.9481 8.8341
-0.3333 -1.0739 6.6753
0.7366 -2.9259 3.6029
6.3800 -2.5222 7.6666
7.7416 -0.5720 12.3389
4.0703 -2.3748 5.7440
6.0024 -2.3000 7.8914
1.5023 -1.3266 3.8490
5.0631 5.2885 22.4698
4.5368 -1.2261 8.3303
10.8751 5.7086 26.6634
12.0838 6.1661 28.2731
4.6209 -1.7071 7.3619
1.0377 -1.6943 5.3216
3.3761 -0.4559 4.2704
3.6730 -0.1055 10.9189
5.6432 -2.8800 6.5282
2.8878 -2.3312 5.1652
2.9556 -2.8528 5.0302
2.4244 -2.3380 4.8836
-1.4241 -1.2793 5.6361
-11.1211 1.9705 6.5112
5.5591 -0.6350 10.9530
3.0262 -0.2117 5.1581
6.0263 -2.5613 7.3845
6.3553 -2.7416 7.2153
4.9150 -2.1084 6.7677
4.2305 -1.3281 7.8106
0.9630 -2.7156 4.1527
3.6525 6.1654 23.4024
2.8368 -0.1380 4.7180
0.4723 -2.8742 3.5533
3.0667 -1.3502 6.9022
-2.0336 -1.5536 4.7375
-3.5670 0.2418 7.4294
1.4560 0.4367 10.7187
1.5109 -2.8743 4.1529
3.1375 -0.4242 4.0993
5.0002 -1.4806 8.9452
4.1080 -0.9481 9.4910
2.9371 -1.7778 6.1285
7.9661 -0.8125 11.9894
6.5239 -2.7963 7.2037
2.7546 -1.6178 6.3741
4.2257 -2.8584 5.7526
1.2715 -2.2259 4.4730
0.5467 -2.7348 3.8741
5.3069 -1.4425 9.1984
5.2722 -2.8136 6.4462
0.2665 -1.9684 5.2394
8.2914 -0.1056 13.5859
5.4952 -2.1005 7.1741
3.6781 -2.0220 6.0459
4.6374 -1.7202 7.3478
5.1260 -2.3937 6.3695
2.4851 -2.8191 4.8256
3.5915 -1.7316 6.6109
1.2151 -2.0262 4.8040
1.7447 -2.3071 4.5401
4.4185 -1.9486 6.6348
1.5128 -2.2076 4.6376
6.4666 -1.4231 9.9067
2.8609 -1.5143 6.4307
-12.6633 6.1642 13.9770
1.4586 -2.1363 4.7259
-11.7164 2.7564 7.7334
5.9411 -2.0329 8.3881
4.8830 1.7181 15.2513
0.3669 -2.1958 4.8443
3.0892 -0.3932 4.7412
3.8969 -2.0818 6.0887
1.6064 -2.8527 4.2512
-3.3267 -0.8675 5.3578
-9.3225 1.0035 5.6232
2.6137 -2.9160 4.7067
3.0193 0.0614 10.8738
3.1468 -2.8851 5.0763
4.8672 -1.6820 7.5623
-1.2711 1.6384 11.5382
8.4952 -0.8406 12.2391
2.8822 -1.7054 6.2415
3.9004 -2.8135 5.6542
6.0829 -2.0939 8.3486
-8.2145 6.1646 16.5470
-11.9897 5.4929 13.0283
0.5484 -2.6692 4.0058
-1.3139 1.7181 11.6725
-0.3758 -2.2279 4.3514
2.7286 0.0365 4.6245
1.1849 -2.3327 4.2506
3.0762 -0.3355 4.8513
2.6683 0.0185 10.5857
3.1225 -0.5416 4.1413
-0.3519 -2.4210 3.9803
5.3957 -2.7783 6.5878
8.1046 0.1950 14.0771
2.1210 -2.2853 4.8701
3.7198 -2.7094 5.7573
-9.7105 0.8800 5.1529
2.9620 -2.3041 5.4811
5.3077 -2.8475 6.3992
7.5674 -1.9820 9.4289
-3.2023 -0.4730 6.2157
1.0289 -2.7536 4.1152
3.5786 -2.9604 5.1755
5.8945 -1.9011 8.6238
5.9207 2.4403 17.2897
1.8507 -1.9782 5.1543
-4.9900 0.0617 6.2487
-0.5102 -0.6034 7.5106
-5.8279 -0.6955 4.2560
-1.0807 -2.3384 3.7241
-0.3186 -0.9994 6.8322
9.0355 0.8796 15.9788
2.1110 -2.7959 4.6558
1.4726 -2.5068 4.3516
4.7470 -2.8692 6.0320
-3.5532 -1.1910 4.5823
1.1261 -1.8911 5.0177
-13.9252 3.2260 7.3934
5.5140 -1.5719 9.0601
6.2737 -1.4231 9.7953
4.0459 -1.8371 6.4450
1.9869 -0.3338 9.4901
1.5224 -0.6035 8.6844
5.2608 -2.9412 6.1854
-2.6805 -1.3829 4.7040
0.7771 -2.8901 3.6976
2.9988 -2.3163 5.4989
1.8465 -0.0648 9.9449
-1.8216 5.4935 18.9020
-4.8538 4.2141 14.6015
5.9233 -1.7697 8.9024
4.3379 -1.4913 7.5699
3.1447 -0.6656 9.4975
2.1977 1.1998 12.6676
7.8944 6.9345 27.3848
12.4594 5.0919 26.3496
2.0070 -2.2438 4.6904
3.2197 -2.4734 5.3406
2.0914 -2.2791 4.6671
1.3590 -1.8659 4.0396
5.6417 -2.6898 6.9063
3.0388 -0.5742 4.0521
