t_ns,t_offset_s,joint_name,position,velocity,effort
1783095545701213333,44.539646392,slew_joint,1.741837122222222,0.0,0.0
1783095545701213333,44.539646392,boom_joint,0.2635444944444444,0.0,0.0
1783095545701213333,44.539646392,stick_joint,-1.0943205166666665,0.0,0.0
1783095545701213333,44.539646392,telescope_joint,0.4809,0.0,0.0
1783095545701213333,44.539646392,hanger_joint,0.8587012666666665,-0.0017453277777777776,0.0
1783095545701213333,44.539646392,bearingfork_joint,0.02268926111111111,0.0,0.0
1783095545701213333,44.539646392,grapplecarrier_joint,-0.14835286111111112,0.0,0.0
1783095545701213333,44.539646392,grappletong1_joint,0.0,0.0,0.0
1783095545701213333,44.539646392,grappletong2_joint,0.0,0.0,0.0
1783095545711329704,44.549762763,slew_joint,1.741837122222222,0.0,0.0
1783095545711329704,44.549762763,boom_joint,0.2635444944444444,0.0,0.0
1783095545711329704,44.549762763,stick_joint,-1.0943205166666665,0.0,0.0
1783095545711329704,44.549762763,telescope_joint,0.4809,0.0,0.0
1783095545711329704,44.549762763,hanger_joint,0.8587012666666665,-0.0017453277777777776,0.0
1783095545711329704,44.549762763,bearingfork_joint,0.02268926111111111,0.0,0.0
1783095545711329704,44.549762763,grapplecarrier_joint,-0.14835286111111112,0.0,0.0
1783095545711329704,44.549762763,grappletong1_joint,0.0,0.0,0.0
1783095545711329704,44.549762763,grappletong2_joint,0.0,0.0,0.0
1783095545721017078,44.559450137,slew_joint,1.741837122222222,0.0,0.0
1783095545721017078,44.559450137,boom_joint,0.2635444944444444,0.0,0.0
1783095545721017078,44.559450137,stick_joint,-1.0943205166666665,0.0,0.0
1783095545721017078,44.559450137,telescope_joint,0.4809,0.0,0.0
1783095545721017078,44.559450137,hanger_joint,0.8587012666666665,-0.0017453277777777776,0.0
1783095545721017078,44.559450137,bearingfork_joint,0.02268926111111111,0.0,0.0
1783095545721017078,44.559450137,grapplecarrier_joint,-0.14835286111111112,0.0,0.0
1783095545721017078,44.559450137,grappletong1_joint,0.0,0.0,0.0
1783095545721017078,44.559450137,grappletong2_joint,0.0,0.0,0.0
1783095545731566185,44.569999244,slew_joint,1.741837122222222,0.0,0.0
1783095545731566185,44.569999244,boom_joint,0.2635444944444444,0.0,0.0
1783095545731566185,44.569999244,stick_joint,-1.0943205166666665,0.0,0.0
1783095545731566185,44.569999244,telescope_joint,0.4809,0.0,0.0
1783095545731566185,44.569999244,hanger_joint,0.8587012666666665,-0.0017453277777777776,0.0
1783095545731566185,44.569999244,bearingfork_joint,0.02268926111111111,0.0,0.0
1783095545731566185,44.569999244,grapplecarrier_joint,-0.14835286111111112,0.0,0.0
1783095545731566185,44.569999244,grappletong1_joint,0.0,0.0,0.0
1783095545731566185,44.569999244,grappletong2_joint,0.0,0.0,0.0
1783095545747175230,44.585608289,slew_joint,1.741837122222222,0.0,0.0
1783095545747175230,44.585608289,boom_joint,0.2635444944444444,0.0,0.0
1783095545747175230,44.585608289,stick_joint,-1.0943205166666665,0.0,0.0
1783095545747175230,44.585608289,telescope_joint,0.4809,0.0,0.0
1783095545747175230,44.585608289,hanger_joint,0.8587012666666665,0.0,0.0
1783095545747175230,44.585608289,bearingfork_joint,0.02268926111111111,0.0,0.0
1783095545747175230,44.585608289,grapplecarrier_joint,-0.14835286111111112,0.0,0.0
1783095545747175230,44.585608289,grappletong1_joint,0.0,0.0,0.0
1783095545747175230,44.585608289,grappletong2_joint,0.0,0.0,0.0
1783095545751322910,44.589755969,slew_joint,1.741837122222222,0.0,0.0
1783095545751322910,44.589755969,boom_joint,0.2635444944444444,0.0,0.0
1783095545751322910,44.589755969,stick_joint,-1.0943205166666665,0.0,0.0
1783095545751322910,44.589755969,telescope_joint,0.4809,0.0,0.0
1783095545751322910,44.589755969,hanger_joint,0.8587012666666665,0.0,0.0
1783095545751322910,44.589755969,bearingfork_joint,0.02268926111111111,0.0,0.0
1783095545751322910,44.589755969,grapplecarrier_joint,-0.14835286111111112,0.0,0.0
1783095545751322910,44.589755969,grappletong1_joint,0.0,0.0,0.0
1783095545751322910,44.589755969,grappletong2_joint,0.0,0.0,0.0
1783095545761385206,44.599818265,slew_joint,1.741837122222222,0.0,0.0
1783095545761385206,44.599818265,boom_joint,0.2635444944444444,0.0,0.0
1783095545761385206,44.599818265,stick_joint,-1.0943205166666665,0.0,0.0
1783095545761385206,44.599818265,telescope_joint,0.4809,0.0,0.0
1783095545761385206,44.599818265,hanger_joint,0.8587012666666665,0.0,0.0
1783095545761385206,44.599818265,bearingfork_joint,0.02268926111111111,0.0,0.0
1783095545761385206,44.599818265,grapplecarrier_joint,-0.14835286111111112,0.0,0.0
1783095545761385206,44.599818265,grappletong1_joint,0.0,0.0,0.0
1783095545761385206,44.599818265,grappletong2_joint,0.0,0.0,0.0
1783095545771527487,44.609960546,slew_joint,1.741837122222222,0.0,0.0
1783095545771527487,44.609960546,boom_joint,0.2635444944444444,0.0,0.0
1783095545771527487,44.609960546,stick_joint,-1.0943205166666665,0.0,0.0
1783095545771527487,44.609960546,telescope_joint,0.4809,0.0,0.0
1783095545771527487,44.609960546,hanger_joint,0.8587012666666665,0.0,0.0
1783095545771527487,44.609960546,bearingfork_joint,0.02268926111111111,0.0,0.0
1783095545771527487,44.609960546,grapplecarrier_joint,-0.14835286111111112,0.0,0.0
1783095545771527487,44.609960546,grappletong1_joint,0.0,0.0,0.0
1783095545771527487,44.609960546,grappletong2_joint,0.0,0.0,0.0
1783095545782888516,44.621321575,slew_joint,1.741837122222222,0.0,0.0
1783095545782888516,44.621321575,boom_joint,0.2635444944444444,0.0,0.0
1783095545782888516,44.621321575,stick_joint,-1.0943205166666665,0.0,0.0
1783095545782888516,44.621321575,telescope_joint,0.4809,0.0,0.0
1783095545782888516,44.621321575,hanger_joint,0.8587012666666665,0.0,0.0
1783095545782888516,44.621321575,bearingfork_joint,0.02268926111111111,0.005235983333333333,0.0
1783095545782888516,44.621321575,grapplecarrier_joint,-0.14835286111111112,0.0,0.0
1783095545782888516,44.621321575,grappletong1_joint,0.0,0.0,0.0
1783095545782888516,44.621321575,grappletong2_joint,0.0,0.0,0.0
1783095545813489713,44.651922772,slew_joint,1.741837122222222,0.0,0.0
1783095545813489713,44.651922772,boom_joint,0.2635444944444444,0.0,0.0
1783095545813489713,44.651922772,stick_joint,-1.0943205166666665,0.0,0.0
1783095545813489713,44.651922772,telescope_joint,0.4809,0.0,0.0
1783095545813489713,44.651922772,hanger_joint,0.8587012666666665,0.0,0.0
1783095545813489713,44.651922772,bearingfork_joint,0.02268926111111111,0.005235983333333333,0.0
1783095545813489713,44.651922772,grapplecarrier_joint,-0.14835286111111112,0.0,0.0
1783095545813489713,44.651922772,grappletong1_joint,0.0,0.0,0.0
1783095545813489713,44.651922772,grappletong2_joint,0.0,0.0,0.0
1783095545821620207,44.660053266,slew_joint,1.741837122222222,0.0,0.0
1783095545821620207,44.660053266,boom_joint,0.2635444944444444,0.0,0.0
1783095545821620207,44.660053266,stick_joint,-1.0943205166666665,0.0,0.0
1783095545821620207,44.660053266,telescope_joint,0.4809,0.0,0.0
1783095545821620207,44.660053266,hanger_joint,0.8587012666666665,0.0,0.0
1783095545821620207,44.660053266,bearingfork_joint,0.02268926111111111,0.017453277777777776,0.0
1783095545821620207,44.660053266,grapplecarrier_joint,-0.14835286111111112,0.0,0.0
1783095545821620207,44.660053266,grappletong1_joint,0.0,0.0,0.0
1783095545821620207,44.660053266,grappletong2_joint,0.0,0.0,0.0
1783095545831567467,44.670000526,slew_joint,1.741837122222222,0.0,0.0
1783095545831567467,44.670000526,boom_joint,0.2635444944444444,0.0,0.0
1783095545831567467,44.670000526,stick_joint,-1.0943205166666665,0.0,0.0
1783095545831567467,44.670000526,telescope_joint,0.4809,0.0,0.0
1783095545831567467,44.670000526,hanger_joint,0.8587012666666665,0.0,0.0
1783095545831567467,44.670000526,bearingfork_joint,0.02268926111111111,0.017453277777777776,0.0
1783095545831567467,44.670000526,grapplecarrier_joint,-0.14835286111111112,0.0,0.0
1783095545831567467,44.670000526,grappletong1_joint,0.0,0.0,0.0
1783095545831567467,44.670000526,grappletong2_joint,0.0,0.0,0.0
1783095545841212115,44.679645174,slew_joint,1.741837122222222,0.0,0.0
1783095545841212115,44.679645174,boom_joint,0.2635444944444444,0.0,0.0
1783095545841212115,44.679645174,stick_joint,-1.0943205166666665,0.0,0.0
1783095545841212115,44.679645174,telescope_joint,0.4809,0.0,0.0
1783095545841212115,44.679645174,hanger_joint,0.8587012666666665,0.0,0.0
1783095545841212115,44.679645174,bearingfork_joint,0.02268926111111111,0.00698131111111111,0.0
1783095545841212115,44.679645174,grapplecarrier_joint,-0.14835286111111112,0.0,0.0
1783095545841212115,44.679645174,grappletong1_joint,0.0,0.0,0.0
1783095545841212115,44.679645174,grappletong2_joint,0.0,0.0,0.0
1783095545851447932,44.689880991,slew_joint,1.741837122222222,0.0,0.0
1783095545851447932,44.689880991,boom_joint,0.2635444944444444,0.0,0.0
1783095545851447932,44.689880991,stick_joint,-1.0943205166666665,0.0,0.0
1783095545851447932,44.689880991,telescope_joint,0.4809,0.0,0.0
1783095545851447932,44.689880991,hanger_joint,0.8587012666666665,0.0,0.0
1783095545851447932,44.689880991,bearingfork_joint,0.02268926111111111,0.00698131111111111,0.0
1783095545851447932,44.689880991,grapplecarrier_joint,-0.14835286111111112,0.0,0.0
1783095545851447932,44.689880991,grappletong1_joint,0.0,0.0,0.0
1783095545851447932,44.689880991,grappletong2_joint,0.0,0.0,0.0
1783095545861499378,44.699932437,slew_joint,1.741837122222222,0.0,0.0
1783095545861499378,44.699932437,boom_joint,0.2635444944444444,0.0,0.0
1783095545861499378,44.699932437,stick_joint,-1.0943205166666665,0.0,0.0
1783095545861499378,44.699932437,telescope_joint,0.4809,0.0,0.0
1783095545861499378,44.699932437,hanger_joint,0.8587012666666665,0.0,0.0
1783095545861499378,44.699932437,bearingfork_joint,0.026179916666666664,-0.07330376666666666,0.0
1783095545861499378,44.699932437,grapplecarrier_joint,-0.14835286111111112,0.0,0.0
1783095545861499378,44.699932437,grappletong1_joint,0.0,0.0,0.0
1783095545861499378,44.699932437,grappletong2_joint,0.0,0.0,0.0
1783095545871571977,44.710005036,slew_joint,1.741837122222222,0.0,0.0
1783095545871571977,44.710005036,boom_joint,0.2635444944444444,0.0,0.0
1783095545871571977,44.710005036,stick_joint,-1.0943205166666665,0.0,0.0
1783095545871571977,44.710005036,telescope_joint,0.4809,0.0,0.0
1783095545871571977,44.710005036,hanger_joint,0.8587012666666665,0.0,0.0
1783095545871571977,44.710005036,bearingfork_joint,0.026179916666666664,-0.07330376666666666,0.0
1783095545871571977,44.710005036,grapplecarrier_joint,-0.14835286111111112,0.0,0.0
1783095545871571977,44.710005036,grappletong1_joint,0.0,0.0,0.0
1783095545871571977,44.710005036,grappletong2_joint,0.0,0.0,0.0
1783095545890484207,44.728917266,slew_joint,1.741837122222222,0.0,0.0
1783095545890484207,44.728917266,boom_joint,0.2635444944444444,0.0,0.0
1783095545890484207,44.728917266,stick_joint,-1.0943205166666665,0.0,0.0
1783095545890484207,44.728917266,telescope_joint,0.4809,0.0,0.0
1783095545890484207,44.728917266,hanger_joint,0.8587012666666665,0.003490655555555555,0.0
1783095545890484207,44.728917266,bearingfork_joint,0.026179916666666664,-0.07679442222222221,0.0
1783095545890484207,44.728917266,grapplecarrier_joint,-0.14835286111111112,0.0,0.0
1783095545890484207,44.728917266,grappletong1_joint,0.0,0.0,0.0
1783095545890484207,44.728917266,grappletong2_joint,0.0,0.0,0.0
1783095545892081825,44.730514884,slew_joint,1.741837122222222,0.0,0.0
1783095545892081825,44.730514884,boom_joint,0.2635444944444444,0.0,0.0
1783095545892081825,44.730514884,stick_joint,-1.0943205166666665,0.0,0.0
1783095545892081825,44.730514884,telescope_joint,0.4809,0.0,0.0
1783095545892081825,44.730514884,hanger_joint,0.8587012666666665,0.003490655555555555,0.0
1783095545892081825,44.730514884,bearingfork_joint,0.026179916666666664,-0.07679442222222221,0.0
1783095545892081825,44.730514884,grapplecarrier_joint,-0.14835286111111112,0.0,0.0
1783095545892081825,44.730514884,grappletong1_joint,0.0,0.0,0.0
1783095545892081825,44.730514884,grappletong2_joint,0.0,0.0,0.0
1783095545901573027,44.740006086,slew_joint,1.741837122222222,0.0,0.0
1783095545901573027,44.740006086,boom_joint,0.2635444944444444,0.0,0.0
1783095545901573027,44.740006086,stick_joint,-1.0943205166666665,0.0,0.0
1783095545901573027,44.740006086,telescope_joint,0.4809,0.0,0.0
1783095545901573027,44.740006086,hanger_joint,0.8569559388888888,0.0314159,0.0
1783095545901573027,44.740006086,bearingfork_joint,0.026179916666666664,-0.033161227777777774,0.0
1783095545901573027,44.740006086,grapplecarrier_joint,-0.14835286111111112,0.0,0.0
1783095545901573027,44.740006086,grappletong1_joint,0.0,0.0,0.0
1783095545901573027,44.740006086,grappletong2_joint,0.0,0.0,0.0
1783095545911403104,44.749836163,slew_joint,1.741837122222222,0.0,0.0
1783095545911403104,44.749836163,boom_joint,0.2635444944444444,0.0,0.0
1783095545911403104,44.749836163,stick_joint,-1.0943205166666665,0.0,0.0
1783095545911403104,44.749836163,telescope_joint,0.4809,0.0,0.0
1783095545911403104,44.749836163,hanger_joint,0.8569559388888888,0.0314159,0.0
1783095545911403104,44.749836163,bearingfork_joint,0.026179916666666664,-0.033161227777777774,0.0
1783095545911403104,44.749836163,grapplecarrier_joint,-0.14835286111111112,0.0,0.0
1783095545911403104,44.749836163,grappletong1_joint,0.0,0.0,0.0
1783095545911403104,44.749836163,grappletong2_joint,0.0,0.0,0.0
1783095545921529646,44.759962705,slew_joint,1.741837122222222,0.0017453277777777776,0.0
1783095545921529646,44.759962705,boom_joint,0.2635444944444444,0.0,0.0
1783095545921529646,44.759962705,stick_joint,-1.0943205166666665,-0.003490655555555555,0.0
1783095545921529646,44.759962705,telescope_joint,0.4809,0.0,0.0
1783095545921529646,44.759962705,hanger_joint,0.8552106111111111,0.06632245555555555,0.0
1783095545921529646,44.759962705,bearingfork_joint,0.0314159,-0.09948368333333332,0.0
1783095545921529646,44.759962705,grapplecarrier_joint,-0.14835286111111112,0.0,0.0
1783095545921529646,44.759962705,grappletong1_joint,0.0,0.0,0.0
1783095545921529646,44.759962705,grappletong2_joint,0.0,0.0,0.0
1783095545931170961,44.76960402,slew_joint,1.741837122222222,0.0017453277777777776,0.0
1783095545931170961,44.76960402,boom_joint,0.2635444944444444,0.0,0.0
1783095545931170961,44.76960402,stick_joint,-1.0943205166666665,-0.003490655555555555,0.0
1783095545931170961,44.76960402,telescope_joint,0.4809,0.0,0.0
1783095545931170961,44.76960402,hanger_joint,0.8552106111111111,0.06632245555555555,0.0
1783095545931170961,44.76960402,bearingfork_joint,0.0314159,-0.09948368333333332,0.0
1783095545931170961,44.76960402,grapplecarrier_joint,-0.14835286111111112,0.0,0.0
1783095545931170961,44.76960402,grappletong1_joint,0.0,0.0,0.0
1783095545931170961,44.76960402,grappletong2_joint,0.0,0.0,0.0
1783095545941433604,44.779866663,slew_joint,1.741837122222222,0.003490655555555555,0.0
1783095545941433604,44.779866663,boom_joint,0.2635444944444444,0.005235983333333333,0.0
1783095545941433604,44.779866663,stick_joint,-1.0943205166666665,-0.005235983333333333,0.0
1783095545941433604,44.779866663,telescope_joint,0.4809,0.0,0.0
1783095545941433604,44.779866663,hanger_joint,0.8552106111111111,0.07155843888888888,0.0
1783095545941433604,44.779866663,bearingfork_joint,0.04363319444444444,-0.35604686666666663,0.0
1783095545941433604,44.779866663,grapplecarrier_joint,-0.14835286111111112,0.0,0.0
1783095545941433604,44.779866663,grappletong1_joint,0.0,0.0,0.0
1783095545941433604,44.779866663,grappletong2_joint,0.0,0.0,0.0
1783095545951470468,44.789903527,slew_joint,1.741837122222222,0.003490655555555555,0.0
1783095545951470468,44.789903527,boom_joint,0.2635444944444444,0.005235983333333333,0.0
1783095545951470468,44.789903527,stick_joint,-1.0943205166666665,-0.005235983333333333,0.0
1783095545951470468,44.789903527,telescope_joint,0.4809,0.0,0.0
1783095545951470468,44.789903527,hanger_joint,0.8552106111111111,0.07155843888888888,0.0
1783095545951470468,44.789903527,bearingfork_joint,0.04363319444444444,-0.35604686666666663,0.0
1783095545951470468,44.789903527,grapplecarrier_joint,-0.14835286111111112,0.0,0.0
1783095545951470468,44.789903527,grappletong1_joint,0.0,0.0,0.0
1783095545951470468,44.789903527,grappletong2_joint,0.0,0.0,0.0
1783095545961218986,44.799652045,slew_joint,1.741837122222222,0.005235983333333333,0.0
1783095545961218986,44.799652045,boom_joint,0.2652898222222222,0.01396262222222222,0.0
1783095545961218986,44.799652045,stick_joint,-1.0943205166666665,-0.003490655555555555,0.0
1783095545961218986,44.799652045,telescope_joint,0.4809,0.0,0.0
1783095545961218986,44.799652045,hanger_joint,0.8552106111111111,0.03665188333333333,0.0
1783095545961218986,44.799652045,bearingfork_joint,0.04537852222222222,-0.37175481666666665,0.0
1783095545961218986,44.799652045,grapplecarrier_joint,-0.14835286111111112,0.003490655555555555,0.0
1783095545961218986,44.799652045,grappletong1_joint,0.0,0.0,0.0
1783095545961218986,44.799652045,grappletong2_joint,0.0,0.0,0.0
1783095545971536201,44.80996926,slew_joint,1.741837122222222,0.005235983333333333,0.0
1783095545971536201,44.80996926,boom_joint,0.2652898222222222,0.01396262222222222,0.0
1783095545971536201,44.80996926,stick_joint,-1.0943205166666665,-0.003490655555555555,0.0
1783095545971536201,44.80996926,telescope_joint,0.4809,0.0,0.0
1783095545971536201,44.80996926,hanger_joint,0.8552106111111111,0.03665188333333333,0.0
1783095545971536201,44.80996926,bearingfork_joint,0.04537852222222222,-0.37175481666666665,0.0
1783095545971536201,44.80996926,grapplecarrier_joint,-0.14835286111111112,0.003490655555555555,0.0
1783095545971536201,44.80996926,grappletong1_joint,0.0,0.0,0.0
1783095545971536201,44.80996926,grappletong2_joint,0.0,0.0,0.0
1783095545983207513,44.821640572,slew_joint,1.741837122222222,0.0017453277777777776,0.0
1783095545983207513,44.821640572,boom_joint,0.2652898222222222,0.008726638888888888,0.0
1783095545983207513,44.821640572,stick_joint,-1.0960658444444444,-0.005235983333333333,0.0
1783095545983207513,44.821640572,telescope_joint,0.4809,0.0,0.0
1783095545983207513,44.821640572,hanger_joint,0.8552106111111111,0.0017453277777777776,0.0
1783095545983207513,44.821640572,bearingfork_joint,0.05061450555555555,-0.29146973888888883,0.0
1783095545983207513,44.821640572,grapplecarrier_joint,-0.14835286111111112,0.005235983333333333,0.0
1783095545983207513,44.821640572,grappletong1_joint,0.0,0.0,0.0
1783095545983207513,44.821640572,grappletong2_joint,0.0,0.0,0.0
1783095545991994457,44.830427516,slew_joint,1.741837122222222,0.0017453277777777776,0.0
1783095545991994457,44.830427516,boom_joint,0.2652898222222222,0.008726638888888888,0.0
1783095545991994457,44.830427516,stick_joint,-1.0960658444444444,-0.005235983333333333,0.0
1783095545991994457,44.830427516,telescope_joint,0.4809,0.0,0.0
1783095545991994457,44.830427516,hanger_joint,0.8552106111111111,0.0017453277777777776,0.0
1783095545991994457,44.830427516,bearingfork_joint,0.05061450555555555,-0.29146973888888883,0.0
1783095545991994457,44.830427516,grapplecarrier_joint,-0.14835286111111112,0.005235983333333333,0.0
1783095545991994457,44.830427516,grappletong1_joint,0.0,0.0,0.0
1783095545991994457,44.830427516,grappletong2_joint,0.0,0.0,0.0
1783095546005200070,44.843633129,slew_joint,1.741837122222222,0.0017453277777777776,0.0
1783095546005200070,44.843633129,boom_joint,0.2652898222222222,0.0017453277777777776,0.0
1783095546005200070,44.843633129,stick_joint,-1.0960658444444444,-0.00698131111111111,0.0
1783095546005200070,44.843633129,telescope_joint,0.4809,0.0,0.0
1783095546005200070,44.843633129,hanger_joint,0.8534652833333332,0.019198605555555553,0.0
1783095546005200070,44.843633129,bearingfork_joint,0.05759581666666666,-0.2338739222222222,0.0
1783095546005200070,44.843633129,grapplecarrier_joint,-0.14835286111111112,0.003490655555555555,0.0
1783095546005200070,44.843633129,grappletong1_joint,0.0,0.0,0.0
1783095546005200070,44.843633129,grappletong2_joint,0.0,0.0,0.0
1783095546011830261,44.85026332,slew_joint,1.741837122222222,0.0017453277777777776,0.0
1783095546011830261,44.85026332,boom_joint,0.2652898222222222,0.0017453277777777776,0.0
1783095546011830261,44.85026332,stick_joint,-1.0960658444444444,-0.00698131111111111,0.0
1783095546011830261,44.85026332,telescope_joint,0.4809,0.0,0.0
1783095546011830261,44.85026332,hanger_joint,0.8534652833333332,0.019198605555555553,0.0
1783095546011830261,44.85026332,bearingfork_joint,0.05759581666666666,-0.2338739222222222,0.0
1783095546011830261,44.85026332,grapplecarrier_joint,-0.14835286111111112,0.003490655555555555,0.0
1783095546011830261,44.85026332,grappletong1_joint,0.0,0.0,0.0
1783095546011830261,44.85026332,grappletong2_joint,0.0,0.0,0.0
1783095546022010990,44.860444049,slew_joint,1.741837122222222,0.0017453277777777776,0.0
1783095546022010990,44.860444049,boom_joint,0.2652898222222222,0.0017453277777777776,0.0
1783095546022010990,44.860444049,stick_joint,-1.0960658444444444,-0.005235983333333333,0.0
1783095546022010990,44.860444049,telescope_joint,0.4809,0.0,0.0
1783095546022010990,44.860444049,hanger_joint,0.8534652833333332,0.024434588888888886,0.0
1783095546022010990,44.860444049,bearingfork_joint,0.07330376666666666,-0.4869464499999999,0.0
1783095546022010990,44.860444049,grapplecarrier_joint,-0.14835286111111112,-0.02268926111111111,0.0
1783095546022010990,44.860444049,grappletong1_joint,0.0,0.0,0.0
1783095546022010990,44.860444049,grappletong2_joint,0.0,0.0,0.0
1783095546031524712,44.869957771,slew_joint,1.741837122222222,0.0017453277777777776,0.0
1783095546031524712,44.869957771,boom_joint,0.2652898222222222,0.0017453277777777776,0.0
1783095546031524712,44.869957771,stick_joint,-1.0960658444444444,-0.005235983333333333,0.0
1783095546031524712,44.869957771,telescope_joint,0.4809,0.0,0.0
1783095546031524712,44.869957771,hanger_joint,0.8534652833333332,0.024434588888888886,0.0
1783095546031524712,44.869957771,bearingfork_joint,0.07330376666666666,-0.4869464499999999,0.0
1783095546031524712,44.869957771,grapplecarrier_joint,-0.14835286111111112,-0.02268926111111111,0.0
1783095546031524712,44.869957771,grappletong1_joint,0.0,0.0,0.0
1783095546031524712,44.869957771,grappletong2_joint,0.0,0.0,0.0
1783095546041425203,44.879858262,slew_joint,1.741837122222222,0.0017453277777777776,0.0
1783095546041425203,44.879858262,boom_joint,0.2652898222222222,0.0017453277777777776,0.0
1783095546041425203,44.879858262,stick_joint,-1.0960658444444444,-0.0017453277777777776,0.0
1783095546041425203,44.879858262,telescope_joint,0.4809,0.0,0.0
1783095546041425203,44.879858262,hanger_joint,0.8534652833333332,0.005235983333333333,0.0
1783095546041425203,44.879858262,bearingfork_joint,0.08901171666666666,-0.7400189777777777,0.0
1783095546041425203,44.879858262,grapplecarrier_joint,-0.15009818888888887,-0.02792524444444444,0.0
1783095546041425203,44.879858262,grappletong1_joint,0.0,0.0,0.0
1783095546041425203,44.879858262,grappletong2_joint,0.0,0.0,0.0
1783095546051333789,44.889766848,slew_joint,1.741837122222222,0.0017453277777777776,0.0
1783095546051333789,44.889766848,boom_joint,0.2652898222222222,0.0017453277777777776,0.0
1783095546051333789,44.889766848,stick_joint,-1.0960658444444444,-0.0017453277777777776,0.0
1783095546051333789,44.889766848,telescope_joint,0.4809,0.0,0.0
1783095546051333789,44.889766848,hanger_joint,0.8534652833333332,0.005235983333333333,0.0
1783095546051333789,44.889766848,bearingfork_joint,0.08901171666666666,-0.7400189777777777,0.0
1783095546051333789,44.889766848,grapplecarrier_joint,-0.15009818888888887,-0.02792524444444444,0.0
1783095546051333789,44.889766848,grappletong1_joint,0.0,0.0,0.0
1783095546051333789,44.889766848,grappletong2_joint,0.0,0.0,0.0
1783095546062593793,44.901026852,slew_joint,1.741837122222222,0.0,0.0
1783095546062593793,44.901026852,boom_joint,0.2652898222222222,0.0017453277777777776,0.0
1783095546062593793,44.901026852,stick_joint,-1.0943205166666665,0.008726638888888888,0.0
1783095546062593793,44.901026852,telescope_joint,0.4809,0.0,0.0
1783095546062593793,44.901026852,hanger_joint,0.8587012666666665,-0.09424769999999999,0.0
1783095546062593793,44.901026852,bearingfork_joint,0.10821032222222221,-0.8447386444444444,0.0
1783095546062593793,44.901026852,grapplecarrier_joint,-0.15009818888888887,-0.017453277777777776,0.0
1783095546062593793,44.901026852,grappletong1_joint,0.0,0.0,0.0
1783095546062593793,44.901026852,grappletong2_joint,0.0,0.0,0.0
1783095546071890261,44.91032332,slew_joint,1.741837122222222,0.0,0.0
1783095546071890261,44.91032332,boom_joint,0.2652898222222222,0.0017453277777777776,0.0
1783095546071890261,44.91032332,stick_joint,-1.0943205166666665,0.008726638888888888,0.0
1783095546071890261,44.91032332,telescope_joint,0.4809,0.0,0.0
1783095546071890261,44.91032332,hanger_joint,0.8587012666666665,-0.09424769999999999,0.0
1783095546071890261,44.91032332,bearingfork_joint,0.10821032222222221,-0.8447386444444444,0.0
1783095546071890261,44.91032332,grapplecarrier_joint,-0.15009818888888887,-0.017453277777777776,0.0
1783095546071890261,44.91032332,grappletong1_joint,0.0,0.0,0.0
1783095546071890261,44.91032332,grappletong2_joint,0.0,0.0,0.0
1783095546081354947,44.919788006,slew_joint,1.741837122222222,0.0,0.0
1783095546081354947,44.919788006,boom_joint,0.2652898222222222,0.0,0.0
1783095546081354947,44.919788006,stick_joint,-1.0943205166666665,0.02268926111111111,0.0
1783095546081354947,44.919788006,telescope_joint,0.4808,-0.002,0.0
1783095546081354947,44.919788006,hanger_joint,0.8587012666666665,-0.09424769999999999,0.0
1783095546081354947,44.919788006,bearingfork_joint,0.10995564999999999,-0.5881754611111111,0.0
1783095546081354947,44.919788006,grapplecarrier_joint,-0.14835286111111112,0.00698131111111111,0.0
1783095546081354947,44.919788006,grappletong1_joint,0.0,0.0,0.0
1783095546081354947,44.919788006,grappletong2_joint,0.0,0.0,0.0
1783095546091235162,44.929668221,slew_joint,1.741837122222222,0.0,0.0
1783095546091235162,44.929668221,boom_joint,0.2652898222222222,0.0,0.0
1783095546091235162,44.929668221,stick_joint,-1.0943205166666665,0.02268926111111111,0.0
1783095546091235162,44.929668221,telescope_joint,0.4808,-0.002,0.0
1783095546091235162,44.929668221,hanger_joint,0.8587012666666665,-0.09424769999999999,0.0
1783095546091235162,44.929668221,bearingfork_joint,0.10995564999999999,-0.5881754611111111,0.0
1783095546091235162,44.929668221,grapplecarrier_joint,-0.14835286111111112,0.00698131111111111,0.0
1783095546091235162,44.929668221,grappletong1_joint,0.0,0.0,0.0
1783095546091235162,44.929668221,grappletong2_joint,0.0,0.0,0.0
1783095546101718614,44.940151673,slew_joint,1.741837122222222,0.0,0.0
1783095546101718614,44.940151673,boom_joint,0.2652898222222222,0.0,0.0
1783095546101718614,44.940151673,stick_joint,-1.0925751888888888,0.03665188333333333,0.0
1783095546101718614,44.940151673,telescope_joint,0.4808,-0.001,0.0
1783095546101718614,44.940151673,hanger_joint,0.8569559388888888,-0.008726638888888888,0.0
1783095546101718614,44.940151673,bearingfork_joint,0.10821032222222221,-0.1326449111111111,0.0
1783095546101718614,44.940151673,grapplecarrier_joint,-0.14835286111111112,0.00698131111111111,0.0
1783095546101718614,44.940151673,grappletong1_joint,0.0,0.0,0.0
1783095546101718614,44.940151673,grappletong2_joint,0.0,0.0,0.0
1783095546111383821,44.94981688,slew_joint,1.741837122222222,0.0,0.0
1783095546111383821,44.94981688,boom_joint,0.2652898222222222,0.0,0.0
1783095546111383821,44.94981688,stick_joint,-1.0925751888888888,0.03665188333333333,0.0
1783095546111383821,44.94981688,telescope_joint,0.4808,-0.001,0.0
1783095546111383821,44.94981688,hanger_joint,0.8569559388888888,-0.008726638888888888,0.0
1783095546111383821,44.94981688,bearingfork_joint,0.10821032222222221,-0.1326449111111111,0.0
1783095546111383821,44.94981688,grapplecarrier_joint,-0.14835286111111112,0.00698131111111111,0.0
1783095546111383821,44.94981688,grappletong1_joint,0.0,0.0,0.0
1783095546111383821,44.94981688,grappletong2_joint,0.0,0.0,0.0
1783095546121372767,44.959805826,slew_joint,1.741837122222222,0.0,0.0
1783095546121372767,44.959805826,boom_joint,0.2652898222222222,0.0,0.0
1783095546121372767,44.959805826,stick_joint,-1.0925751888888888,0.024434588888888886,0.0
1783095546121372767,44.959805826,telescope_joint,0.4808,0.0,0.0
1783095546121372767,44.959805826,hanger_joint,0.8569559388888888,0.03665188333333333,0.0
1783095546121372767,44.959805826,bearingfork_joint,0.10995564999999999,0.01570795,0.0
1783095546121372767,44.959805826,grapplecarrier_joint,-0.15009818888888887,-0.02792524444444444,0.0
1783095546121372767,44.959805826,grappletong1_joint,0.0,0.0,0.0
1783095546121372767,44.959805826,grappletong2_joint,0.0,0.0,0.0
1783095546131177616,44.969610675,slew_joint,1.741837122222222,0.0,0.0
1783095546131177616,44.969610675,boom_joint,0.2652898222222222,0.0,0.0
1783095546131177616,44.969610675,stick_joint,-1.0925751888888888,0.024434588888888886,0.0
1783095546131177616,44.969610675,telescope_joint,0.4808,0.0,0.0
1783095546131177616,44.969610675,hanger_joint,0.8569559388888888,0.03665188333333333,0.0
1783095546131177616,44.969610675,bearingfork_joint,0.10995564999999999,0.01570795,0.0
1783095546131177616,44.969610675,grapplecarrier_joint,-0.15009818888888887,-0.02792524444444444,0.0
1783095546131177616,44.969610675,grappletong1_joint,0.0,0.0,0.0
1783095546131177616,44.969610675,grappletong2_joint,0.0,0.0,0.0
1783095546141787182,44.980220241,slew_joint,1.741837122222222,0.0,0.0
1783095546141787182,44.980220241,boom_joint,0.2652898222222222,0.0,0.0
1783095546141787182,44.980220241,stick_joint,-1.0925751888888888,0.01570795,0.0
1783095546141787182,44.980220241,telescope_joint,0.4808,0.0,0.0
1783095546141787182,44.980220241,hanger_joint,0.8517199555555555,0.13439023888888887,0.0
1783095546141787182,44.980220241,bearingfork_joint,0.11519163333333332,-0.10995564999999999,0.0
1783095546141787182,44.980220241,grapplecarrier_joint,-0.15009818888888887,-0.03490655555555555,0.0
1783095546141787182,44.980220241,grappletong1_joint,0.0,0.0,0.0
1783095546141787182,44.980220241,grappletong2_joint,0.0,0.0,0.0
1783095546151309182,44.989742241,slew_joint,1.741837122222222,0.0,0.0
1783095546151309182,44.989742241,boom_joint,0.2652898222222222,0.0,0.0
1783095546151309182,44.989742241,stick_joint,-1.0925751888888888,0.01570795,0.0
1783095546151309182,44.989742241,telescope_joint,0.4808,0.0,0.0
1783095546151309182,44.989742241,hanger_joint,0.8517199555555555,0.13439023888888887,0.0
1783095546151309182,44.989742241,bearingfork_joint,0.11519163333333332,-0.10995564999999999,0.0
1783095546151309182,44.989742241,grapplecarrier_joint,-0.15009818888888887,-0.03490655555555555,0.0
1783095546151309182,44.989742241,grappletong1_joint,0.0,0.0,0.0
1783095546151309182,44.989742241,grappletong2_joint,0.0,0.0,0.0
1783095546161805916,45.000238975,slew_joint,1.741837122222222,0.0,0.0
1783095546161805916,45.000238975,boom_joint,0.2652898222222222,0.0,0.0
1783095546161805916,45.000238975,stick_joint,-1.0925751888888888,0.005235983333333333,0.0
1783095546161805916,45.000238975,telescope_joint,0.4808,0.0,0.0
1783095546161805916,45.000238975,hanger_joint,0.8534652833333332,0.07679442222222221,0.0
1783095546161805916,45.000238975,bearingfork_joint,0.12740892777777776,-0.3961894055555555,0.0
1783095546161805916,45.000238975,grapplecarrier_joint,-0.15009818888888887,-0.01570795,0.0
1783095546161805916,45.000238975,grappletong1_joint,0.0,0.0,0.0
1783095546161805916,45.000238975,grappletong2_joint,0.0,0.0,0.0
1783095546171532766,45.009965825,slew_joint,1.741837122222222,0.0,0.0
1783095546171532766,45.009965825,boom_joint,0.2652898222222222,0.0,0.0
1783095546171532766,45.009965825,stick_joint,-1.0925751888888888,0.005235983333333333,0.0
1783095546171532766,45.009965825,telescope_joint,0.4808,0.0,0.0
1783095546171532766,45.009965825,hanger_joint,0.8534652833333332,0.07679442222222221,0.0
1783095546171532766,45.009965825,bearingfork_joint,0.12740892777777776,-0.3961894055555555,0.0
1783095546171532766,45.009965825,grapplecarrier_joint,-0.15009818888888887,-0.01570795,0.0
1783095546171532766,45.009965825,grappletong1_joint,0.0,0.0,0.0
1783095546171532766,45.009965825,grappletong2_joint,0.0,0.0,0.0
1783095546181618130,45.020051189,slew_joint,1.741837122222222,0.0,0.0
1783095546181618130,45.020051189,boom_joint,0.2652898222222222,0.0,0.0
1783095546181618130,45.020051189,stick_joint,-1.0925751888888888,0.005235983333333333,0.0
1783095546181618130,45.020051189,telescope_joint,0.4808,0.0,0.0
1783095546181618130,45.020051189,hanger_joint,0.8569559388888888,-0.07504909444444444,0.0
1783095546181618130,45.020051189,bearingfork_joint,0.1396262222222222,-0.5358156277777777,0.0
1783095546181618130,45.020051189,grapplecarrier_joint,-0.15009818888888887,0.0,0.0
1783095546181618130,45.020051189,grappletong1_joint,0.0,0.0,0.0
1783095546181618130,45.020051189,grappletong2_joint,0.0,0.0,0.0
1783095546191750608,45.030183667,slew_joint,1.741837122222222,0.0,0.0
1783095546191750608,45.030183667,boom_joint,0.2652898222222222,0.0,0.0
1783095546191750608,45.030183667,stick_joint,-1.0925751888888888,0.005235983333333333,0.0
1783095546191750608,45.030183667,telescope_joint,0.4808,0.0,0.0
1783095546191750608,45.030183667,hanger_joint,0.8569559388888888,-0.07504909444444444,0.0
1783095546191750608,45.030183667,bearingfork_joint,0.1396262222222222,-0.5358156277777777,0.0
1783095546191750608,45.030183667,grapplecarrier_joint,-0.15009818888888887,0.0,0.0
1783095546191750608,45.030183667,grappletong1_joint,0.0,0.0,0.0
1783095546191750608,45.030183667,grappletong2_joint,0.0,0.0,0.0
1783095546201322690,45.039755749,slew_joint,1.741837122222222,0.0,0.0
1783095546201322690,45.039755749,boom_joint,0.2652898222222222,0.0,0.0
1783095546201322690,45.039755749,stick_joint,-1.0925751888888888,0.0,0.0
1783095546201322690,45.039755749,telescope_joint,0.4808,0.0,0.0
1783095546201322690,45.039755749,hanger_joint,0.8587012666666665,-0.14486220555555554,0.0
1783095546201322690,45.039755749,bearingfork_joint,0.15009818888888887,-0.6405352944444445,0.0
1783095546201322690,45.039755749,grapplecarrier_joint,-0.15009818888888887,0.0,0.0
1783095546201322690,45.039755749,grappletong1_joint,0.0,0.0,0.0
1783095546201322690,45.039755749,grappletong2_joint,0.0,0.0,0.0
1783095546211499675,45.049932734,slew_joint,1.741837122222222,0.0,0.0
1783095546211499675,45.049932734,boom_joint,0.2652898222222222,0.0,0.0
1783095546211499675,45.049932734,stick_joint,-1.0925751888888888,0.0,0.0
1783095546211499675,45.049932734,telescope_joint,0.4808,0.0,0.0
1783095546211499675,45.049932734,hanger_joint,0.8587012666666665,-0.14486220555555554,0.0
1783095546211499675,45.049932734,bearingfork_joint,0.15009818888888887,-0.6405352944444445,0.0
1783095546211499675,45.049932734,grapplecarrier_joint,-0.15009818888888887,0.0,0.0
1783095546211499675,45.049932734,grappletong1_joint,0.0,0.0,0.0
1783095546211499675,45.049932734,grappletong2_joint,0.0,0.0,0.0
1783095546221724642,45.060157701,slew_joint,1.741837122222222,0.0,0.0
1783095546221724642,45.060157701,boom_joint,0.2652898222222222,0.0,0.0
1783095546221724642,45.060157701,stick_joint,-1.0925751888888888,0.0,0.0
1783095546221724642,45.060157701,telescope_joint,0.4808,0.0,0.0
1783095546221724642,45.060157701,hanger_joint,0.8604465944444444,-0.08203040555555555,0.0
1783095546221724642,45.060157701,bearingfork_joint,0.15882482777777776,-0.5061450555555556,0.0
1783095546221724642,45.060157701,grapplecarrier_joint,-0.15009818888888887,0.0,0.0
1783095546221724642,45.060157701,grappletong1_joint,0.0,0.0,0.0
1783095546221724642,45.060157701,grappletong2_joint,0.0,0.0,0.0
1783095546231704609,45.070137668,slew_joint,1.741837122222222,0.0,0.0
1783095546231704609,45.070137668,boom_joint,0.2652898222222222,0.0,0.0
1783095546231704609,45.070137668,stick_joint,-1.0925751888888888,0.0,0.0
1783095546231704609,45.070137668,telescope_joint,0.4808,0.0,0.0
1783095546231704609,45.070137668,hanger_joint,0.8604465944444444,-0.08203040555555555,0.0
1783095546231704609,45.070137668,bearingfork_joint,0.15882482777777776,-0.5061450555555556,0.0
1783095546231704609,45.070137668,grapplecarrier_joint,-0.15009818888888887,0.0,0.0
1783095546231704609,45.070137668,grappletong1_joint,0.0,0.0,0.0
1783095546231704609,45.070137668,grappletong2_joint,0.0,0.0,0.0
1783095546241793636,45.080226695,slew_joint,1.741837122222222,0.0,-19.0
1783095546241793636,45.080226695,boom_joint,0.2652898222222222,0.0,40.0
1783095546241793636,45.080226695,stick_joint,-1.0925751888888888,-0.003490655555555555,26.0
1783095546241793636,45.080226695,telescope_joint,0.4808,0.0,-17.0
1783095546241793636,45.080226695,hanger_joint,0.8604465944444444,-0.0698131111111111,0.0
1783095546241793636,45.080226695,bearingfork_joint,0.17278744999999998,-0.5550142333333333,0.0
1783095546241793636,45.080226695,grapplecarrier_joint,-0.15009818888888887,0.0,-18.0
1783095546241793636,45.080226695,grappletong1_joint,0.0,0.0,0.0
1783095546241793636,45.080226695,grappletong2_joint,0.0,0.0,0.0
1783095546251595832,45.090028891,slew_joint,1.741837122222222,0.0,-19.0
1783095546251595832,45.090028891,boom_joint,0.2652898222222222,0.0,40.0
1783095546251595832,45.090028891,stick_joint,-1.0925751888888888,-0.003490655555555555,26.0
1783095546251595832,45.090028891,telescope_joint,0.4808,0.0,-17.0
1783095546251595832,45.090028891,hanger_joint,0.8604465944444444,-0.0698131111111111,0.0
1783095546251595832,45.090028891,bearingfork_joint,0.17278744999999998,-0.5550142333333333,0.0
1783095546251595832,45.090028891,grapplecarrier_joint,-0.15009818888888887,0.0,-18.0
1783095546251595832,45.090028891,grappletong1_joint,0.0,0.0,0.0
1783095546251595832,45.090028891,grappletong2_joint,0.0,0.0,0.0
1783095546262090336,45.100523395,slew_joint,1.741837122222222,0.0,-16.0
1783095546262090336,45.100523395,boom_joint,0.2652898222222222,0.0,33.0
1783095546262090336,45.100523395,stick_joint,-1.0925751888888888,-0.003490655555555555,24.0
1783095546262090336,45.100523395,telescope_joint,0.4808,0.0,-15.0
1783095546262090336,45.100523395,hanger_joint,0.8621919222222221,-0.05759581666666666,0.0
1783095546262090336,45.100523395,bearingfork_joint,0.18325941666666665,-0.5794488222222222,0.0
1783095546262090336,45.100523395,grapplecarrier_joint,-0.15184351666666668,-0.01396262222222222,-17.0
1783095546262090336,45.100523395,grappletong1_joint,0.0,0.0,0.0
1783095546262090336,45.100523395,grappletong2_joint,0.0,0.0,0.0
1783095546272680634,45.111113693,slew_joint,1.741837122222222,0.0,-16.0
1783095546272680634,45.111113693,boom_joint,0.2652898222222222,0.0,33.0
1783095546272680634,45.111113693,stick_joint,-1.0925751888888888,-0.003490655555555555,24.0
1783095546272680634,45.111113693,telescope_joint,0.4808,0.0,-15.0
1783095546272680634,45.111113693,hanger_joint,0.8621919222222221,-0.05759581666666666,0.0
1783095546272680634,45.111113693,bearingfork_joint,0.18325941666666665,-0.5794488222222222,0.0
1783095546272680634,45.111113693,grapplecarrier_joint,-0.15184351666666668,-0.01396262222222222,-17.0
1783095546272680634,45.111113693,grappletong1_joint,0.0,0.0,0.0
1783095546272680634,45.111113693,grappletong2_joint,0.0,0.0,0.0
1783095546281478335,45.119911394,slew_joint,1.741837122222222,0.0,-13.0
1783095546281478335,45.119911394,boom_joint,0.2652898222222222,0.0,27.0
1783095546281478335,45.119911394,stick_joint,-1.0925751888888888,0.0,22.0
1783095546281478335,45.119911394,telescope_joint,0.4808,0.0,-13.0
1783095546281478335,45.119911394,hanger_joint,0.8621919222222221,-0.01570795,0.0
1783095546281478335,45.119911394,bearingfork_joint,0.1937313833333333,-0.5515235777777777,0.0
1783095546281478335,45.119911394,grapplecarrier_joint,-0.15184351666666668,-0.01396262222222222,-16.0
1783095546281478335,45.119911394,grappletong1_joint,0.0,0.0,0.0
1783095546281478335,45.119911394,grappletong2_joint,0.0,0.0,0.0
1783095546291598125,45.130031184,slew_joint,1.741837122222222,0.0,-13.0
1783095546291598125,45.130031184,boom_joint,0.2652898222222222,0.0,27.0
1783095546291598125,45.130031184,stick_joint,-1.0925751888888888,0.0,22.0
1783095546291598125,45.130031184,telescope_joint,0.4808,0.0,-13.0
1783095546291598125,45.130031184,hanger_joint,0.8621919222222221,-0.01570795,0.0
1783095546291598125,45.130031184,bearingfork_joint,0.1937313833333333,-0.5515235777777777,0.0
1783095546291598125,45.130031184,grapplecarrier_joint,-0.15184351666666668,-0.01396262222222222,-16.0
1783095546291598125,45.130031184,grappletong1_joint,0.0,0.0,0.0
1783095546291598125,45.130031184,grappletong2_joint,0.0,0.0,0.0
1783095546301777654,45.140210713,slew_joint,1.741837122222222,0.0,-11.0
1783095546301777654,45.140210713,boom_joint,0.2652898222222222,0.0,21.0
1783095546301777654,45.140210713,stick_joint,-1.0925751888888888,0.0,20.0
1783095546301777654,45.140210713,telescope_joint,0.4808,0.0,-11.0
1783095546301777654,45.140210713,hanger_joint,0.8621919222222221,-0.0017453277777777776,0.0
1783095546301777654,45.140210713,bearingfork_joint,0.19896736666666665,-0.37699079999999996,0.0
1783095546301777654,45.140210713,grapplecarrier_joint,-0.15184351666666668,-0.0017453277777777776,-14.0
1783095546301777654,45.140210713,grappletong1_joint,0.0,0.0,0.0
1783095546301777654,45.140210713,grappletong2_joint,0.0,0.0,0.0
1783095546312725542,45.151158601,slew_joint,1.741837122222222,0.0,-11.0
1783095546312725542,45.151158601,boom_joint,0.2652898222222222,0.0,21.0
1783095546312725542,45.151158601,stick_joint,-1.0925751888888888,0.0,20.0
1783095546312725542,45.151158601,telescope_joint,0.4808,0.0,-11.0
1783095546312725542,45.151158601,hanger_joint,0.8621919222222221,-0.0017453277777777776,0.0
1783095546312725542,45.151158601,bearingfork_joint,0.19896736666666665,-0.37699079999999996,0.0
1783095546312725542,45.151158601,grapplecarrier_joint,-0.15184351666666668,-0.0017453277777777776,-14.0
1783095546312725542,45.151158601,grappletong1_joint,0.0,0.0,0.0
1783095546312725542,45.151158601,grappletong2_joint,0.0,0.0,0.0
1783095546321695077,45.160128136,slew_joint,1.741837122222222,0.0,-8.0
1783095546321695077,45.160128136,boom_joint,0.2652898222222222,0.0,14.0
1783095546321695077,45.160128136,stick_joint,-1.0925751888888888,0.0,18.0
1783095546321695077,45.160128136,telescope_joint,0.4808,0.0,-9.0
1783095546321695077,45.160128136,hanger_joint,0.8621919222222221,-0.008726638888888888,0.0
1783095546321695077,45.160128136,bearingfork_joint,0.20420334999999998,-0.30717768888888886,0.0
1783095546321695077,45.160128136,grapplecarrier_joint,-0.15184351666666668,-0.0017453277777777776,-13.0
1783095546321695077,45.160128136,grappletong1_joint,0.0,0.0,0.0
1783095546321695077,45.160128136,grappletong2_joint,0.0,0.0,0.0
1783095546331449355,45.169882414,slew_joint,1.741837122222222,0.0,-8.0
1783095546331449355,45.169882414,boom_joint,0.2652898222222222,0.0,14.0
1783095546331449355,45.169882414,stick_joint,-1.0925751888888888,0.0,18.0
1783095546331449355,45.169882414,telescope_joint,0.4808,0.0,-9.0
1783095546331449355,45.169882414,hanger_joint,0.8621919222222221,-0.008726638888888888,0.0
1783095546331449355,45.169882414,bearingfork_joint,0.20420334999999998,-0.30717768888888886,0.0
1783095546331449355,45.169882414,grapplecarrier_joint,-0.15184351666666668,-0.0017453277777777776,-13.0
1783095546331449355,45.169882414,grappletong1_joint,0.0,0.0,0.0
1783095546331449355,45.169882414,grappletong2_joint,0.0,0.0,0.0
1783095546341504071,45.17993713,slew_joint,1.741837122222222,0.0,-5.0
1783095546341504071,45.17993713,boom_joint,0.2652898222222222,-0.0017453277777777776,8.0
1783095546341504071,45.17993713,stick_joint,-1.0925751888888888,0.0,16.0
1783095546341504071,45.17993713,telescope_joint,0.4808,0.0,-7.0
1783095546341504071,45.17993713,hanger_joint,0.86393725,-0.04363319444444444,0.0
1783095546341504071,45.17993713,bearingfork_joint,0.2111846611111111,-0.3228856388888889,0.0
1783095546341504071,45.17993713,grapplecarrier_joint,-0.15184351666666668,-0.005235983333333333,-12.0
1783095546341504071,45.17993713,grappletong1_joint,0.0,0.0,0.0
1783095546341504071,45.17993713,grappletong2_joint,0.0,0.0,0.0
1783095546351742445,45.190175504,slew_joint,1.741837122222222,0.0,-5.0
1783095546351742445,45.190175504,boom_joint,0.2652898222222222,-0.0017453277777777776,8.0
1783095546351742445,45.190175504,stick_joint,-1.0925751888888888,0.0,16.0
1783095546351742445,45.190175504,telescope_joint,0.4808,0.0,-7.0
1783095546351742445,45.190175504,hanger_joint,0.86393725,-0.04363319444444444,0.0
1783095546351742445,45.190175504,bearingfork_joint,0.2111846611111111,-0.3228856388888889,0.0
1783095546351742445,45.190175504,grapplecarrier_joint,-0.15184351666666668,-0.005235983333333333,-12.0
1783095546351742445,45.190175504,grappletong1_joint,0.0,0.0,0.0
1783095546351742445,45.190175504,grappletong2_joint,0.0,0.0,0.0
1783095546361615900,45.200048959,slew_joint,1.741837122222222,0.0,-3.0
1783095546361615900,45.200048959,boom_joint,0.2635444944444444,-0.005235983333333333,2.0
1783095546361615900,45.200048959,stick_joint,-1.0925751888888888,0.0,14.0
1783095546361615900,45.200048959,telescope_joint,0.4808,0.0,-5.0
1783095546361615900,45.200048959,hanger_joint,0.8656825777777777,-0.07155843888888888,0.0
1783095546361615900,45.200048959,bearingfork_joint,0.21642064444444442,-0.29321506666666663,0.0
1783095546361615900,45.200048959,grapplecarrier_joint,-0.15184351666666668,-0.026179916666666664,-11.0
1783095546361615900,45.200048959,grappletong1_joint,0.0,0.0,0.0
1783095546361615900,45.200048959,grappletong2_joint,0.0,0.0,0.0
1783095546371421012,45.209854071,slew_joint,1.741837122222222,0.0,-3.0
1783095546371421012,45.209854071,boom_joint,0.2635444944444444,-0.005235983333333333,2.0
1783095546371421012,45.209854071,stick_joint,-1.0925751888888888,0.0,14.0
1783095546371421012,45.209854071,telescope_joint,0.4808,0.0,-5.0
1783095546371421012,45.209854071,hanger_joint,0.8656825777777777,-0.07155843888888888,0.0
1783095546371421012,45.209854071,bearingfork_joint,0.21642064444444442,-0.29321506666666663,0.0
1783095546371421012,45.209854071,grapplecarrier_joint,-0.15184351666666668,-0.026179916666666664,-11.0
1783095546371421012,45.209854071,grappletong1_joint,0.0,0.0,0.0
1783095546371421012,45.209854071,grappletong2_joint,0.0,0.0,0.0
1783095546381550253,45.219983312,slew_joint,1.741837122222222,0.0,0.0
1783095546381550253,45.219983312,boom_joint,0.2635444944444444,-0.008726638888888888,-3.0
1783095546381550253,45.219983312,stick_joint,-1.0925751888888888,-0.0017453277777777776,12.0
1783095546381550253,45.219983312,telescope_joint,0.4808,0.0,-3.0
1783095546381550253,45.219983312,hanger_joint,0.8656825777777777,-0.0628318,0.0
1783095546381550253,45.219983312,bearingfork_joint,0.21991129999999998,-0.2495818722222222,0.0
1783095546381550253,45.219983312,grapplecarrier_joint,-0.15184351666666668,-0.0314159,-10.0
1783095546381550253,45.219983312,grappletong1_joint,0.0,0.0,0.0
1783095546381550253,45.219983312,grappletong2_joint,0.0,0.0,0.0
1783095546392070452,45.230503511,slew_joint,1.741837122222222,0.0,0.0
1783095546392070452,45.230503511,boom_joint,0.2635444944444444,-0.008726638888888888,-3.0
1783095546392070452,45.230503511,stick_joint,-1.0925751888888888,-0.0017453277777777776,12.0
1783095546392070452,45.230503511,telescope_joint,0.4808,0.0,-3.0
1783095546392070452,45.230503511,hanger_joint,0.8656825777777777,-0.0628318,0.0
1783095546392070452,45.230503511,bearingfork_joint,0.21991129999999998,-0.2495818722222222,0.0
1783095546392070452,45.230503511,grapplecarrier_joint,-0.15184351666666668,-0.0314159,-10.0
1783095546392070452,45.230503511,grappletong1_joint,0.0,0.0,0.0
1783095546392070452,45.230503511,grappletong2_joint,0.0,0.0,0.0
1783095546402070498,45.240503557,slew_joint,1.741837122222222,0.0,3.0
1783095546402070498,45.240503557,boom_joint,0.2635444944444444,-0.00698131111111111,-8.0
1783095546402070498,45.240503557,stick_joint,-1.0943205166666665,-0.008726638888888888,10.0
1783095546402070498,45.240503557,telescope_joint,0.4808,0.0,-1.0
1783095546402070498,45.240503557,hanger_joint,0.8656825777777777,-0.033161227777777774,0.0
1783095546402070498,45.240503557,bearingfork_joint,0.22340195555555553,-0.18325941666666665,0.0
1783095546402070498,45.240503557,grapplecarrier_joint,-0.15184351666666668,-0.017453277777777776,-9.0
1783095546402070498,45.240503557,grappletong1_joint,0.0,0.0,0.0
1783095546402070498,45.240503557,grappletong2_joint,0.0,0.0,0.0
1783095546411477164,45.249910223,slew_joint,1.741837122222222,0.0,3.0
1783095546411477164,45.249910223,boom_joint,0.2635444944444444,-0.00698131111111111,-8.0
1783095546411477164,45.249910223,stick_joint,-1.0943205166666665,-0.008726638888888888,10.0
1783095546411477164,45.249910223,telescope_joint,0.4808,0.0,-1.0
1783095546411477164,45.249910223,hanger_joint,0.8656825777777777,-0.033161227777777774,0.0
1783095546411477164,45.249910223,bearingfork_joint,0.22340195555555553,-0.18325941666666665,0.0
1783095546411477164,45.249910223,grapplecarrier_joint,-0.15184351666666668,-0.017453277777777776,-9.0
1783095546411477164,45.249910223,grappletong1_joint,0.0,0.0,0.0
1783095546411477164,45.249910223,grappletong2_joint,0.0,0.0,0.0
1783095546421294262,45.259727321,slew_joint,1.741837122222222,0.0,5.0
1783095546421294262,45.259727321,boom_joint,0.2635444944444444,0.0,-13.0
1783095546421294262,45.259727321,stick_joint,-1.0943205166666665,-0.012217294444444443,8.0
1783095546421294262,45.259727321,telescope_joint,0.4809,0.0,1.0
1783095546421294262,45.259727321,hanger_joint,0.8656825777777777,-0.012217294444444443,0.0
1783095546421294262,45.259727321,bearingfork_joint,0.2268926111111111,-0.17802343333333331,0.0
1783095546421294262,45.259727321,grapplecarrier_joint,-0.15358884444444443,-0.01396262222222222,-9.0
1783095546421294262,45.259727321,grappletong1_joint,0.0,0.0,0.0
1783095546421294262,45.259727321,grappletong2_joint,0.0,0.0,0.0
1783095546431194795,45.269627854,slew_joint,1.741837122222222,0.0,5.0
1783095546431194795,45.269627854,boom_joint,0.2635444944444444,0.0,-13.0
1783095546431194795,45.269627854,stick_joint,-1.0943205166666665,-0.012217294444444443,8.0
1783095546431194795,45.269627854,telescope_joint,0.4809,0.0,1.0
1783095546431194795,45.269627854,hanger_joint,0.8656825777777777,-0.012217294444444443,0.0
1783095546431194795,45.269627854,bearingfork_joint,0.2268926111111111,-0.17802343333333331,0.0
1783095546431194795,45.269627854,grapplecarrier_joint,-0.15358884444444443,-0.01396262222222222,-9.0
1783095546431194795,45.269627854,grappletong1_joint,0.0,0.0,0.0
1783095546431194795,45.269627854,grappletong2_joint,0.0,0.0,0.0
1783095546441248643,45.279681702,slew_joint,1.741837122222222,0.0,6.0
1783095546441248643,45.279681702,boom_joint,0.2635444944444444,0.0,-13.0
1783095546441248643,45.279681702,stick_joint,-1.0943205166666665,-0.003490655555555555,7.0
1783095546441248643,45.279681702,telescope_joint,0.4809,0.0,1.0
1783095546441248643,45.279681702,hanger_joint,0.8656825777777777,-0.005235983333333333,0.0
1783095546441248643,45.279681702,bearingfork_joint,0.2338739222222222,-0.23038326666666664,0.0
1783095546441248643,45.279681702,grapplecarrier_joint,-0.15358884444444443,-0.024434588888888886,-10.0
1783095546441248643,45.279681702,grappletong1_joint,0.0,0.0,0.0
1783095546441248643,45.279681702,grappletong2_joint,0.0,0.0,0.0
1783095546451366414,45.289799473,slew_joint,1.741837122222222,0.0,6.0
1783095546451366414,45.289799473,boom_joint,0.2635444944444444,0.0,-13.0
1783095546451366414,45.289799473,stick_joint,-1.0943205166666665,-0.003490655555555555,7.0
1783095546451366414,45.289799473,telescope_joint,0.4809,0.0,1.0
1783095546451366414,45.289799473,hanger_joint,0.8656825777777777,-0.005235983333333333,0.0
1783095546451366414,45.289799473,bearingfork_joint,0.2338739222222222,-0.23038326666666664,0.0
1783095546451366414,45.289799473,grapplecarrier_joint,-0.15358884444444443,-0.024434588888888886,-10.0
1783095546451366414,45.289799473,grappletong1_joint,0.0,0.0,0.0
1783095546451366414,45.289799473,grappletong2_joint,0.0,0.0,0.0
1783095546461743526,45.300176585,slew_joint,1.741837122222222,0.0,6.0
1783095546461743526,45.300176585,boom_joint,0.2635444944444444,0.0,-12.0
1783095546461743526,45.300176585,stick_joint,-1.0943205166666665,0.0,7.0
1783095546461743526,45.300176585,telescope_joint,0.4809,0.0,1.0
1783095546461743526,45.300176585,hanger_joint,0.8674279055555554,-0.033161227777777774,0.0
1783095546461743526,45.300176585,bearingfork_joint,0.2408552333333333,-0.29845105,0.0
1783095546461743526,45.300176585,grapplecarrier_joint,-0.15533417222222218,-0.040142538888888885,-11.0
1783095546461743526,45.300176585,grappletong1_joint,0.0,0.0,0.0
1783095546461743526,45.300176585,grappletong2_joint,0.0,0.0,0.0
1783095546471839598,45.310272657,slew_joint,1.741837122222222,0.0,6.0
1783095546471839598,45.310272657,boom_joint,0.2635444944444444,0.0,-12.0
1783095546471839598,45.310272657,stick_joint,-1.0943205166666665,0.0,7.0
1783095546471839598,45.310272657,telescope_joint,0.4809,0.0,1.0
1783095546471839598,45.310272657,hanger_joint,0.8674279055555554,-0.033161227777777774,0.0
1783095546471839598,45.310272657,bearingfork_joint,0.2408552333333333,-0.29845105,0.0
1783095546471839598,45.310272657,grapplecarrier_joint,-0.15533417222222218,-0.040142538888888885,-11.0
1783095546471839598,45.310272657,grappletong1_joint,0.0,0.0,0.0
1783095546471839598,45.310272657,grappletong2_joint,0.0,0.0,0.0
1783095546481921203,45.320354262,slew_joint,1.741837122222222,0.0,6.0
1783095546481921203,45.320354262,boom_joint,0.2635444944444444,0.0,-11.0
1783095546481921203,45.320354262,stick_joint,-1.0943205166666665,0.0,6.0
1783095546481921203,45.320354262,telescope_joint,0.4809,0.0,1.0
1783095546481921203,45.320354262,hanger_joint,0.8691732333333333,-0.047123849999999995,0.0
1783095546481921203,45.320354262,bearingfork_joint,0.2513272,-0.41538801111111107,0.0
1783095546481921203,45.320354262,grapplecarrier_joint,-0.15707949999999998,-0.06457712777777777,-13.0
1783095546481921203,45.320354262,grappletong1_joint,0.0,0.0,0.0
1783095546481921203,45.320354262,grappletong2_joint,0.0,0.0,0.0
1783095546491731713,45.330164772,slew_joint,1.741837122222222,0.0,6.0
1783095546491731713,45.330164772,boom_joint,0.2635444944444444,0.0,-11.0
1783095546491731713,45.330164772,stick_joint,-1.0943205166666665,0.0,6.0
1783095546491731713,45.330164772,telescope_joint,0.4809,0.0,1.0
1783095546491731713,45.330164772,hanger_joint,0.8691732333333333,-0.047123849999999995,0.0
1783095546491731713,45.330164772,bearingfork_joint,0.2513272,-0.41538801111111107,0.0
1783095546491731713,45.330164772,grapplecarrier_joint,-0.15707949999999998,-0.06457712777777777,-13.0
1783095546491731713,45.330164772,grappletong1_joint,0.0,0.0,0.0
1783095546491731713,45.330164772,grappletong2_joint,0.0,0.0,0.0
1783095546501544752,45.339977811,slew_joint,1.741837122222222,-0.00698131111111111,5.0
1783095546501544752,45.339977811,boom_joint,0.2635444944444444,0.0,-10.0
1783095546501544752,45.339977811,stick_joint,-1.0943205166666665,0.0,6.0
1783095546501544752,45.339977811,telescope_joint,0.4809,0.0,1.0
1783095546501544752,45.339977811,hanger_joint,0.870918561111111,-0.0628318,0.0
1783095546501544752,45.339977811,bearingfork_joint,0.26179916666666664,-0.4886917777777777,0.0
1783095546501544752,45.339977811,grapplecarrier_joint,-0.15882482777777773,-0.10821032222222221,-16.0
1783095546501544752,45.339977811,grappletong1_joint,0.0,0.0,0.0
1783095546501544752,45.339977811,grappletong2_joint,0.0,0.0,0.0
1783095546511559449,45.349992508,slew_joint,1.741837122222222,-0.00698131111111111,5.0
1783095546511559449,45.349992508,boom_joint,0.2635444944444444,0.0,-10.0
1783095546511559449,45.349992508,stick_joint,-1.0943205166666665,0.0,6.0
1783095546511559449,45.349992508,telescope_joint,0.4809,0.0,1.0
1783095546511559449,45.349992508,hanger_joint,0.870918561111111,-0.0628318,0.0
1783095546511559449,45.349992508,bearingfork_joint,0.26179916666666664,-0.4886917777777777,0.0
1783095546511559449,45.349992508,grapplecarrier_joint,-0.15882482777777773,-0.10821032222222221,-16.0
1783095546511559449,45.349992508,grappletong1_joint,0.0,0.0,0.0
1783095546511559449,45.349992508,grappletong2_joint,0.0,0.0,0.0
1783095546521429110,45.359862169,slew_joint,1.741837122222222,-0.02094393333333333,5.0
1783095546521429110,45.359862169,boom_joint,0.2635444944444444,-0.005235983333333333,-8.0
1783095546521429110,45.359862169,stick_joint,-1.0943205166666665,0.0,6.0
1783095546521429110,45.359862169,telescope_joint,0.4809,0.0,1.0
1783095546521429110,45.359862169,hanger_joint,0.870918561111111,-0.03490655555555555,0.0
1783095546521429110,45.359862169,bearingfork_joint,0.2722711333333333,-0.5235983333333333,0.0
1783095546521429110,45.359862169,grapplecarrier_joint,-0.1623154833333333,-0.13439023888888887,-20.0
1783095546521429110,45.359862169,grappletong1_joint,0.0,0.0,0.0
1783095546521429110,45.359862169,grappletong2_joint,0.0,0.0,0.0
1783095546531239944,45.369673003,slew_joint,1.741837122222222,-0.02094393333333333,5.0
1783095546531239944,45.369673003,boom_joint,0.2635444944444444,-0.005235983333333333,-8.0
1783095546531239944,45.369673003,stick_joint,-1.0943205166666665,0.0,6.0
1783095546531239944,45.369673003,telescope_joint,0.4809,0.0,1.0
1783095546531239944,45.369673003,hanger_joint,0.870918561111111,-0.03490655555555555,0.0
1783095546531239944,45.369673003,bearingfork_joint,0.2722711333333333,-0.5235983333333333,0.0
1783095546531239944,45.369673003,grapplecarrier_joint,-0.1623154833333333,-0.13439023888888887,-20.0
1783095546531239944,45.369673003,grappletong1_joint,0.0,0.0,0.0
1783095546531239944,45.369673003,grappletong2_joint,0.0,0.0,0.0
1783095546541326833,45.379759892,slew_joint,1.7400917944444443,-0.03490655555555555,3.0
1783095546541326833,45.379759892,boom_joint,0.2635444944444444,-0.008726638888888888,-7.0
1783095546541326833,45.379759892,stick_joint,-1.0943205166666665,0.0,5.0
1783095546541326833,45.379759892,telescope_joint,0.4809,0.0,1.0
1783095546541326833,45.379759892,hanger_joint,0.870918561111111,-0.02792524444444444,0.0
1783095546541326833,45.379759892,bearingfork_joint,0.28274309999999997,-0.5253436611111111,0.0
1783095546541326833,45.379759892,grapplecarrier_joint,-0.1640608111111111,-0.11519163333333332,-24.0
1783095546541326833,45.379759892,grappletong1_joint,0.0,0.0,0.0
1783095546541326833,45.379759892,grappletong2_joint,0.0,0.0,0.0
1783095546551862414,45.390295473,slew_joint,1.7400917944444443,-0.03490655555555555,3.0
1783095546551862414,45.390295473,boom_joint,0.2635444944444444,-0.008726638888888888,-7.0
1783095546551862414,45.390295473,stick_joint,-1.0943205166666665,0.0,5.0
1783095546551862414,45.390295473,telescope_joint,0.4809,0.0,1.0
1783095546551862414,45.390295473,hanger_joint,0.870918561111111,-0.02792524444444444,0.0
1783095546551862414,45.390295473,bearingfork_joint,0.28274309999999997,-0.5253436611111111,0.0
1783095546551862414,45.390295473,grapplecarrier_joint,-0.1640608111111111,-0.11519163333333332,-24.0
1783095546551862414,45.390295473,grappletong1_joint,0.0,0.0,0.0
1783095546551862414,45.390295473,grappletong2_joint,0.0,0.0,0.0
1783095546561366170,45.399799229,slew_joint,1.7400917944444443,-0.03665188333333333,1.0
1783095546561366170,45.399799229,boom_joint,0.2635444944444444,-0.008726638888888888,-6.0
1783095546561366170,45.399799229,stick_joint,-1.0943205166666665,0.0,5.0
1783095546561366170,45.399799229,telescope_joint,0.4809,0.0,1.0
1783095546561366170,45.399799229,hanger_joint,0.8726638888888889,-0.06457712777777777,0.0
1783095546561366170,45.399799229,bearingfork_joint,0.28797908333333333,-0.41538801111111107,0.0
1783095546561366170,45.399799229,grapplecarrier_joint,-0.1640608111111111,-0.05585048888888888,-26.0
1783095546561366170,45.399799229,grappletong1_joint,0.0,0.0,0.0
1783095546561366170,45.399799229,grappletong2_joint,0.0,0.0,0.0
1783095546571696351,45.41012941,slew_joint,1.7400917944444443,-0.03665188333333333,1.0
1783095546571696351,45.41012941,boom_joint,0.2635444944444444,-0.008726638888888888,-6.0
1783095546571696351,45.41012941,stick_joint,-1.0943205166666665,0.0,5.0
1783095546571696351,45.41012941,telescope_joint,0.4809,0.0,1.0
1783095546571696351,45.41012941,hanger_joint,0.8726638888888889,-0.06457712777777777,0.0
1783095546571696351,45.41012941,bearingfork_joint,0.28797908333333333,-0.41538801111111107,0.0
1783095546571696351,45.41012941,grapplecarrier_joint,-0.1640608111111111,-0.05585048888888888,-26.0
1783095546571696351,45.41012941,grappletong1_joint,0.0,0.0,0.0
1783095546571696351,45.41012941,grappletong2_joint,0.0,0.0,0.0
1783095546581742783,45.420175842,slew_joint,1.7383464666666666,-0.040142538888888885,-1.0
1783095546581742783,45.420175842,boom_joint,0.2635444944444444,-0.012217294444444443,-4.0
1783095546581742783,45.420175842,stick_joint,-1.0943205166666665,-0.0017453277777777776,5.0
1783095546581742783,45.420175842,telescope_joint,0.4809,0.0,1.0
1783095546581742783,45.420175842,hanger_joint,0.8726638888888889,-0.06632245555555555,0.0
1783095546581742783,45.420175842,bearingfork_joint,0.2897244111111111,-0.2268926111111111,0.0
1783095546581742783,45.420175842,grapplecarrier_joint,-0.1640608111111111,-0.0017453277777777776,-27.0
1783095546581742783,45.420175842,grappletong1_joint,0.0,0.0,0.0
1783095546581742783,45.420175842,grappletong2_joint,0.0,0.0,0.0
1783095546591427219,45.429860278,slew_joint,1.7383464666666666,-0.040142538888888885,-1.0
1783095546591427219,45.429860278,boom_joint,0.2635444944444444,-0.012217294444444443,-4.0
1783095546591427219,45.429860278,stick_joint,-1.0943205166666665,-0.0017453277777777776,5.0
1783095546591427219,45.429860278,telescope_joint,0.4809,0.0,1.0
1783095546591427219,45.429860278,hanger_joint,0.8726638888888889,-0.06632245555555555,0.0
1783095546591427219,45.429860278,bearingfork_joint,0.2897244111111111,-0.2268926111111111,0.0
1783095546591427219,45.429860278,grapplecarrier_joint,-0.1640608111111111,-0.0017453277777777776,-27.0
1783095546591427219,45.429860278,grappletong1_joint,0.0,0.0,0.0
1783095546591427219,45.429860278,grappletong2_joint,0.0,0.0,0.0
1783095546601407184,45.439840243,slew_joint,1.7383464666666666,-0.033161227777777774,-4.0
1783095546601407184,45.439840243,boom_joint,0.2635444944444444,-0.01396262222222222,-3.0
1783095546601407184,45.439840243,stick_joint,-1.0943205166666665,-0.0017453277777777776,5.0
1783095546601407184,45.439840243,telescope_joint,0.4809,0.0,1.0
1783095546601407184,45.439840243,hanger_joint,0.8726638888888889,-0.026179916666666664,0.0
1783095546601407184,45.439840243,bearingfork_joint,0.2897244111111111,-0.0628318,0.0
1783095546601407184,45.439840243,grapplecarrier_joint,-0.1640608111111111,-0.0017453277777777776,-28.0
1783095546601407184,45.439840243,grappletong1_joint,0.0,0.0,0.0
1783095546601407184,45.439840243,grappletong2_joint,0.0,0.0,0.0
1783095546611501667,45.449934726,slew_joint,1.7383464666666666,-0.033161227777777774,-4.0
1783095546611501667,45.449934726,boom_joint,0.2635444944444444,-0.01396262222222222,-3.0
1783095546611501667,45.449934726,stick_joint,-1.0943205166666665,-0.0017453277777777776,5.0
1783095546611501667,45.449934726,telescope_joint,0.4809,0.0,1.0
1783095546611501667,45.449934726,hanger_joint,0.8726638888888889,-0.026179916666666664,0.0
1783095546611501667,45.449934726,bearingfork_joint,0.2897244111111111,-0.0628318,0.0
1783095546611501667,45.449934726,grapplecarrier_joint,-0.1640608111111111,-0.0017453277777777776,-28.0
1783095546611501667,45.449934726,grappletong1_joint,0.0,0.0,0.0
1783095546611501667,45.449934726,grappletong2_joint,0.0,0.0,0.0
1783095546621438835,45.459871894,slew_joint,1.7383464666666666,-0.02094393333333333,-6.0
1783095546621438835,45.459871894,boom_joint,0.2635444944444444,-0.012217294444444443,-1.0
1783095546621438835,45.459871894,stick_joint,-1.0943205166666665,-0.005235983333333333,4.0
1783095546621438835,45.459871894,telescope_joint,0.4809,0.0,1.0
1783095546621438835,45.459871894,hanger_joint,0.8726638888888889,0.0,0.0
1783095546621438835,45.459871894,bearingfork_joint,0.2897244111111111,-0.008726638888888888,0.0
1783095546621438835,45.459871894,grapplecarrier_joint,-0.1640608111111111,-0.003490655555555555,-29.0
1783095546621438835,45.459871894,grappletong1_joint,0.0,0.0,0.0
1783095546621438835,45.459871894,grappletong2_joint,0.0,0.0,0.0
1783095546631898218,45.470331277,slew_joint,1.7383464666666666,-0.02094393333333333,-6.0
1783095546631898218,45.470331277,boom_joint,0.2635444944444444,-0.012217294444444443,-1.0
1783095546631898218,45.470331277,stick_joint,-1.0943205166666665,-0.005235983333333333,4.0
1783095546631898218,45.470331277,telescope_joint,0.4809,0.0,1.0
1783095546631898218,45.470331277,hanger_joint,0.8726638888888889,0.0,0.0
1783095546631898218,45.470331277,bearingfork_joint,0.2897244111111111,-0.008726638888888888,0.0
1783095546631898218,45.470331277,grapplecarrier_joint,-0.1640608111111111,-0.003490655555555555,-29.0
1783095546631898218,45.470331277,grappletong1_joint,0.0,0.0,0.0
1783095546631898218,45.470331277,grappletong2_joint,0.0,0.0,0.0
1783095546642079448,45.480512507,slew_joint,1.7383464666666666,-0.01396262222222222,-10.0
1783095546642079448,45.480512507,boom_joint,0.2635444944444444,-0.008726638888888888,1.0
1783095546642079448,45.480512507,stick_joint,-1.0943205166666665,-0.003490655555555555,4.0
1783095546642079448,45.480512507,telescope_joint,0.4809,0.0,1.0
1783095546642079448,45.480512507,hanger_joint,0.8726638888888889,0.0,0.0
1783095546642079448,45.480512507,bearingfork_joint,0.29146973888888883,-0.047123849999999995,0.0
1783095546642079448,45.480512507,grapplecarrier_joint,-0.1640608111111111,-0.005235983333333333,-30.0
1783095546642079448,45.480512507,grappletong1_joint,0.0,0.0,0.0
1783095546642079448,45.480512507,grappletong2_joint,0.0,0.0,0.0
1783095546651544212,45.489977271,slew_joint,1.7383464666666666,-0.01396262222222222,-10.0
1783095546651544212,45.489977271,boom_joint,0.2635444944444444,-0.008726638888888888,1.0
1783095546651544212,45.489977271,stick_joint,-1.0943205166666665,-0.003490655555555555,4.0
1783095546651544212,45.489977271,telescope_joint,0.4809,0.0,1.0
1783095546651544212,45.489977271,hanger_joint,0.8726638888888889,0.0,0.0
1783095546651544212,45.489977271,bearingfork_joint,0.29146973888888883,-0.047123849999999995,0.0
1783095546651544212,45.489977271,grapplecarrier_joint,-0.1640608111111111,-0.005235983333333333,-30.0
1783095546651544212,45.489977271,grappletong1_joint,0.0,0.0,0.0
1783095546651544212,45.489977271,grappletong2_joint,0.0,0.0,0.0
1783095546661905746,45.500338805,slew_joint,1.7383464666666666,-0.012217294444444443,-13.0
1783095546661905746,45.500338805,boom_joint,0.2635444944444444,-0.003490655555555555,2.0
1783095546661905746,45.500338805,stick_joint,-1.0943205166666665,0.0,4.0
1783095546661905746,45.500338805,telescope_joint,0.4809,0.0,1.0
1783095546661905746,45.500338805,hanger_joint,0.8726638888888889,0.0314159,0.0
1783095546661905746,45.500338805,bearingfork_joint,0.29321506666666663,-0.07853974999999999,0.0
1783095546661905746,45.500338805,grapplecarrier_joint,-0.1640608111111111,-0.005235983333333333,-30.0
1783095546661905746,45.500338805,grappletong1_joint,0.0,0.0,0.0
1783095546661905746,45.500338805,grappletong2_joint,0.0,0.0,0.0
1783095546671447942,45.509881001,slew_joint,1.7383464666666666,-0.012217294444444443,-13.0
1783095546671447942,45.509881001,boom_joint,0.2635444944444444,-0.003490655555555555,2.0
1783095546671447942,45.509881001,stick_joint,-1.0943205166666665,0.0,4.0
1783095546671447942,45.509881001,telescope_joint,0.4809,0.0,1.0
1783095546671447942,45.509881001,hanger_joint,0.8726638888888889,0.0314159,0.0
1783095546671447942,45.509881001,bearingfork_joint,0.29321506666666663,-0.07853974999999999,0.0
1783095546671447942,45.509881001,grapplecarrier_joint,-0.1640608111111111,-0.005235983333333333,-30.0
1783095546671447942,45.509881001,grappletong1_joint,0.0,0.0,0.0
1783095546671447942,45.509881001,grappletong2_joint,0.0,0.0,0.0
1783095546681509876,45.519942935,slew_joint,1.7383464666666666,-0.008726638888888888,-16.0
1783095546681509876,45.519942935,boom_joint,0.2635444944444444,0.0,4.0
1783095546681509876,45.519942935,stick_joint,-1.0943205166666665,0.0,4.0
1783095546681509876,45.519942935,telescope_joint,0.4809,0.0,1.0
1783095546681509876,45.519942935,hanger_joint,0.870918561111111,0.061086472222222216,0.0
1783095546681509876,45.519942935,bearingfork_joint,0.29321506666666663,-0.07330376666666666,0.0
1783095546681509876,45.519942935,grapplecarrier_joint,-0.1640608111111111,-0.01396262222222222,-30.0
1783095546681509876,45.519942935,grappletong1_joint,0.0,0.0,0.0
1783095546681509876,45.519942935,grappletong2_joint,0.0,0.0,0.0
1783095546691263301,45.52969636,slew_joint,1.7383464666666666,-0.008726638888888888,-16.0
1783095546691263301,45.52969636,boom_joint,0.2635444944444444,0.0,4.0
1783095546691263301,45.52969636,stick_joint,-1.0943205166666665,0.0,4.0
1783095546691263301,45.52969636,telescope_joint,0.4809,0.0,1.0
1783095546691263301,45.52969636,hanger_joint,0.870918561111111,0.061086472222222216,0.0
1783095546691263301,45.52969636,bearingfork_joint,0.29321506666666663,-0.07330376666666666,0.0
1783095546691263301,45.52969636,grapplecarrier_joint,-0.1640608111111111,-0.01396262222222222,-30.0
1783095546691263301,45.52969636,grappletong1_joint,0.0,0.0,0.0
1783095546691263301,45.52969636,grappletong2_joint,0.0,0.0,0.0
1783095546701587091,45.54002015,slew_joint,1.7383464666666666,-0.012217294444444443,-19.0
1783095546701587091,45.54002015,boom_joint,0.2635444944444444,0.0,6.0
1783095546701587091,45.54002015,stick_joint,-1.0943205166666665,0.0,3.0
1783095546701587091,45.54002015,telescope_joint,0.4809,0.0,1.0
1783095546701587091,45.54002015,hanger_joint,0.8691732333333333,0.09773835555555554,0.0
1783095546701587091,45.54002015,bearingfork_joint,0.29321506666666663,-0.02792524444444444,0.0
1783095546701587091,45.54002015,grapplecarrier_joint,-0.16755146666666665,-0.05585048888888888,-29.0
1783095546701587091,45.54002015,grappletong1_joint,0.0,0.0,0.0
1783095546701587091,45.54002015,grappletong2_joint,0.0,0.0,0.0
1783095546711609717,45.550042776,slew_joint,1.7383464666666666,-0.012217294444444443,-19.0
1783095546711609717,45.550042776,boom_joint,0.2635444944444444,0.0,6.0
1783095546711609717,45.550042776,stick_joint,-1.0943205166666665,0.0,3.0
1783095546711609717,45.550042776,telescope_joint,0.4809,0.0,1.0
1783095546711609717,45.550042776,hanger_joint,0.8691732333333333,0.09773835555555554,0.0
1783095546711609717,45.550042776,bearingfork_joint,0.29321506666666663,-0.02792524444444444,0.0
1783095546711609717,45.550042776,grapplecarrier_joint,-0.16755146666666665,-0.05585048888888888,-29.0
1783095546711609717,45.550042776,grappletong1_joint,0.0,0.0,0.0
1783095546711609717,45.550042776,grappletong2_joint,0.0,0.0,0.0
1783095546721633072,45.560066131,slew_joint,1.7366011388888887,-0.01570795,-22.0
1783095546721633072,45.560066131,boom_joint,0.2635444944444444,0.0,8.0
1783095546721633072,45.560066131,stick_joint,-1.0943205166666665,0.0,3.0
1783095546721633072,45.560066131,telescope_joint,0.4809,0.0,1.0
1783095546721633072,45.560066131,hanger_joint,0.8674279055555554,0.07155843888888888,0.0
1783095546721633072,45.560066131,bearingfork_joint,0.29321506666666663,0.019198605555555553,0.0
1783095546721633072,45.560066131,grapplecarrier_joint,-0.16929679444444445,-0.0855210611111111,-29.0
1783095546721633072,45.560066131,grappletong1_joint,0.0,0.0,0.0
1783095546721633072,45.560066131,grappletong2_joint,0.0,0.0,0.0
1783095546731437705,45.569870764,slew_joint,1.7366011388888887,-0.01570795,-22.0
1783095546731437705,45.569870764,boom_joint,0.2635444944444444,0.0,8.0
1783095546731437705,45.569870764,stick_joint,-1.0943205166666665,0.0,3.0
1783095546731437705,45.569870764,telescope_joint,0.4809,0.0,1.0
1783095546731437705,45.569870764,hanger_joint,0.8674279055555554,0.07155843888888888,0.0
1783095546731437705,45.569870764,bearingfork_joint,0.29321506666666663,0.019198605555555553,0.0
1783095546731437705,45.569870764,grapplecarrier_joint,-0.16929679444444445,-0.0855210611111111,-29.0
1783095546731437705,45.569870764,grappletong1_joint,0.0,0.0,0.0
1783095546731437705,45.569870764,grappletong2_joint,0.0,0.0,0.0
1783095546741505839,45.579938898,slew_joint,1.7366011388888887,-0.019198605555555553,-25.0
1783095546741505839,45.579938898,boom_joint,0.2635444944444444,0.0,9.0
1783095546741505839,45.579938898,stick_joint,-1.0943205166666665,0.0,3.0
1783095546741505839,45.579938898,telescope_joint,0.4809,0.0,1.0
1783095546741505839,45.579938898,hanger_joint,0.8656825777777777,0.08901171666666666,0.0
1783095546741505839,45.579938898,bearingfork_joint,0.29321506666666663,0.01396262222222222,0.0
1783095546741505839,45.579938898,grapplecarrier_joint,-0.16929679444444445,-0.06457712777777777,-28.0
1783095546741505839,45.579938898,grappletong1_joint,0.0,0.0,0.0
1783095546741505839,45.579938898,grappletong2_joint,0.0,0.0,0.0
1783095546751360623,45.589793682,slew_joint,1.7366011388888887,-0.019198605555555553,-25.0
1783095546751360623,45.589793682,boom_joint,0.2635444944444444,0.0,9.0
1783095546751360623,45.589793682,stick_joint,-1.0943205166666665,0.0,3.0
1783095546751360623,45.589793682,telescope_joint,0.4809,0.0,1.0
1783095546751360623,45.589793682,hanger_joint,0.8656825777777777,0.08901171666666666,0.0
1783095546751360623,45.589793682,bearingfork_joint,0.29321506666666663,0.01396262222222222,0.0
1783095546751360623,45.589793682,grapplecarrier_joint,-0.16929679444444445,-0.06457712777777777,-28.0
1783095546751360623,45.589793682,grappletong1_joint,0.0,0.0,0.0
1783095546751360623,45.589793682,grappletong2_joint,0.0,0.0,0.0
1783095546761407190,45.599840249,slew_joint,1.7366011388888887,-0.02792524444444444,-28.0
1783095546761407190,45.599840249,boom_joint,0.2635444944444444,0.0,10.0
1783095546761407190,45.599840249,stick_joint,-1.0943205166666665,0.0,2.0
1783095546761407190,45.599840249,telescope_joint,0.4809,0.0,1.0
1783095546761407190,45.599840249,hanger_joint,0.86393725,0.07330376666666666,0.0
1783095546761407190,45.599840249,bearingfork_joint,0.29496039444444444,-0.04363319444444444,0.0
1783095546761407190,45.599840249,grapplecarrier_joint,-0.16929679444444445,-0.01570795,-28.0
1783095546761407190,45.599840249,grappletong1_joint,0.0,0.0,0.0
1783095546761407190,45.599840249,grappletong2_joint,0.0,0.0,0.0
1783095546771360292,45.609793351,slew_joint,1.7366011388888887,-0.02792524444444444,-28.0
1783095546771360292,45.609793351,boom_joint,0.2635444944444444,0.0,10.0
1783095546771360292,45.609793351,stick_joint,-1.0943205166666665,0.0,2.0
1783095546771360292,45.609793351,telescope_joint,0.4809,0.0,1.0
1783095546771360292,45.609793351,hanger_joint,0.86393725,0.07330376666666666,0.0
1783095546771360292,45.609793351,bearingfork_joint,0.29496039444444444,-0.04363319444444444,0.0
1783095546771360292,45.609793351,grapplecarrier_joint,-0.16929679444444445,-0.01570795,-28.0
1783095546771360292,45.609793351,grappletong1_joint,0.0,0.0,0.0
1783095546771360292,45.609793351,grappletong2_joint,0.0,0.0,0.0
1783095546781652507,45.620085566,slew_joint,1.734855811111111,-0.04188786666666666,-31.0
1783095546781652507,45.620085566,boom_joint,0.2635444944444444,0.0,11.0
1783095546781652507,45.620085566,stick_joint,-1.0943205166666665,0.0,2.0
1783095546781652507,45.620085566,telescope_joint,0.4809,0.0,1.0
1783095546781652507,45.620085566,hanger_joint,0.86393725,0.05235983333333333,0.0
1783095546781652507,45.620085566,bearingfork_joint,0.2967057222222222,-0.09250237222222221,0.0
1783095546781652507,45.620085566,grapplecarrier_joint,-0.16929679444444445,0.0,-28.0
1783095546781652507,45.620085566,grappletong1_joint,0.0,0.0,0.0
1783095546781652507,45.620085566,grappletong2_joint,0.0,0.0,0.0
1783095546791593968,45.630027027,slew_joint,1.734855811111111,-0.04188786666666666,-31.0
1783095546791593968,45.630027027,boom_joint,0.2635444944444444,0.0,11.0
1783095546791593968,45.630027027,stick_joint,-1.0943205166666665,0.0,2.0
1783095546791593968,45.630027027,telescope_joint,0.4809,0.0,1.0
1783095546791593968,45.630027027,hanger_joint,0.86393725,0.05235983333333333,0.0
1783095546791593968,45.630027027,bearingfork_joint,0.2967057222222222,-0.09250237222222221,0.0
1783095546791593968,45.630027027,grapplecarrier_joint,-0.16929679444444445,0.0,-28.0
1783095546791593968,45.630027027,grappletong1_joint,0.0,0.0,0.0
1783095546791593968,45.630027027,grappletong2_joint,0.0,0.0,0.0
1783095546801492055,45.639925114,slew_joint,1.733110483333333,-0.05061450555555555,-34.0
1783095546801492055,45.639925114,boom_joint,0.2635444944444444,0.0,12.0
1783095546801492055,45.639925114,stick_joint,-1.0943205166666665,0.0,2.0
1783095546801492055,45.639925114,telescope_joint,0.4809,0.0,1.0
1783095546801492055,45.639925114,hanger_joint,0.86393725,0.019198605555555553,0.0
1783095546801492055,45.639925114,bearingfork_joint,0.29845104999999994,-0.09424769999999999,0.0
1783095546801492055,45.639925114,grapplecarrier_joint,-0.16929679444444445,0.0,-29.0
1783095546801492055,45.639925114,grappletong1_joint,0.0,0.0,0.0
1783095546801492055,45.639925114,grappletong2_joint,0.0,0.0,0.0
1783095546811739951,45.65017301,slew_joint,1.733110483333333,-0.05061450555555555,-34.0
1783095546811739951,45.65017301,boom_joint,0.2635444944444444,0.0,12.0
1783095546811739951,45.65017301,stick_joint,-1.0943205166666665,0.0,2.0
1783095546811739951,45.65017301,telescope_joint,0.4809,0.0,1.0
1783095546811739951,45.65017301,hanger_joint,0.86393725,0.019198605555555553,0.0
1783095546811739951,45.65017301,bearingfork_joint,0.29845104999999994,-0.09424769999999999,0.0
1783095546811739951,45.65017301,grapplecarrier_joint,-0.16929679444444445,0.0,-29.0
1783095546811739951,45.65017301,grappletong1_joint,0.0,0.0,0.0
1783095546811739951,45.65017301,grappletong2_joint,0.0,0.0,0.0
1783095546822088860,45.660521919,slew_joint,1.733110483333333,-0.05934114444444444,-38.0
1783095546822088860,45.660521919,boom_joint,0.2635444944444444,0.0,13.0
1783095546822088860,45.660521919,stick_joint,-1.0943205166666665,0.0,2.0
1783095546822088860,45.660521919,telescope_joint,0.4809,0.0,1.0
1783095546822088860,45.660521919,hanger_joint,0.8621919222222221,0.040142538888888885,0.0
1783095546822088860,45.660521919,bearingfork_joint,0.29845104999999994,-0.05934114444444444,0.0
1783095546822088860,45.660521919,grapplecarrier_joint,-0.16929679444444445,0.0017453277777777776,-29.0
1783095546822088860,45.660521919,grappletong1_joint,0.0,0.0,0.0
1783095546822088860,45.660521919,grappletong2_joint,0.0,0.0,0.0
1783095546831526895,45.669959954,slew_joint,1.733110483333333,-0.05934114444444444,-38.0
1783095546831526895,45.669959954,boom_joint,0.2635444944444444,0.0,13.0
1783095546831526895,45.669959954,stick_joint,-1.0943205166666665,0.0,2.0
1783095546831526895,45.669959954,telescope_joint,0.4809,0.0,1.0
1783095546831526895,45.669959954,hanger_joint,0.8621919222222221,0.040142538888888885,0.0
1783095546831526895,45.669959954,bearingfork_joint,0.29845104999999994,-0.05934114444444444,0.0
1783095546831526895,45.669959954,grapplecarrier_joint,-0.16929679444444445,0.0017453277777777776,-29.0
1783095546831526895,45.669959954,grappletong1_joint,0.0,0.0,0.0
1783095546831526895,45.669959954,grappletong2_joint,0.0,0.0,0.0
1783095546841786380,45.680219439,slew_joint,1.7313651555555554,-0.0628318,-43.0
1783095546841786380,45.680219439,boom_joint,0.2635444944444444,0.0,14.0
1783095546841786380,45.680219439,stick_joint,-1.0943205166666665,0.0,2.0
1783095546841786380,45.680219439,telescope_joint,0.4809,0.0,1.0
1783095546841786380,45.680219439,hanger_joint,0.8604465944444444,0.05934114444444444,0.0
1783095546841786380,45.680219439,bearingfork_joint,0.29845104999999994,0.0,0.0
1783095546841786380,45.680219439,grapplecarrier_joint,-0.16929679444444445,0.0017453277777777776,-30.0
1783095546841786380,45.680219439,grappletong1_joint,0.0,0.0,0.0
1783095546841786380,45.680219439,grappletong2_joint,0.0,0.0,0.0
1783095546851280532,45.689713591,slew_joint,1.7313651555555554,-0.0628318,-43.0
1783095546851280532,45.689713591,boom_joint,0.2635444944444444,0.0,14.0
1783095546851280532,45.689713591,stick_joint,-1.0943205166666665,0.0,2.0
1783095546851280532,45.689713591,telescope_joint,0.4809,0.0,1.0
1783095546851280532,45.689713591,hanger_joint,0.8604465944444444,0.05934114444444444,0.0
1783095546851280532,45.689713591,bearingfork_joint,0.29845104999999994,0.0,0.0
1783095546851280532,45.689713591,grapplecarrier_joint,-0.16929679444444445,0.0017453277777777776,-30.0
1783095546851280532,45.689713591,grappletong1_joint,0.0,0.0,0.0
1783095546851280532,45.689713591,grappletong2_joint,0.0,0.0,0.0
1783095546861875701,45.70030876,slew_joint,1.7296198277777777,-0.06457712777777777,-49.0
1783095546861875701,45.70030876,boom_joint,0.2617991666666667,-0.0017453277777777776,15.0
1783095546861875701,45.70030876,stick_joint,-1.0943205166666665,0.0,2.0
1783095546861875701,45.70030876,telescope_joint,0.4809,0.0,1.0
1783095546861875701,45.70030876,hanger_joint,0.8604465944444444,0.05061450555555555,0.0
1783095546861875701,45.70030876,bearingfork_joint,0.2967057222222222,0.05061450555555555,0.0
1783095546861875701,45.70030876,grapplecarrier_joint,-0.16755146666666665,0.012217294444444443,-30.0
1783095546861875701,45.70030876,grappletong1_joint,0.0,0.0,0.0
1783095546861875701,45.70030876,grappletong2_joint,0.0,0.0,0.0
1783095546871472068,45.709905127,slew_joint,1.7296198277777777,-0.06457712777777777,-49.0
1783095546871472068,45.709905127,boom_joint,0.2617991666666667,-0.0017453277777777776,15.0
1783095546871472068,45.709905127,stick_joint,-1.0943205166666665,0.0,2.0
1783095546871472068,45.709905127,telescope_joint,0.4809,0.0,1.0
1783095546871472068,45.709905127,hanger_joint,0.8604465944444444,0.05061450555555555,0.0
1783095546871472068,45.709905127,bearingfork_joint,0.2967057222222222,0.05061450555555555,0.0
1783095546871472068,45.709905127,grapplecarrier_joint,-0.16755146666666665,0.012217294444444443,-30.0
1783095546871472068,45.709905127,grappletong1_joint,0.0,0.0,0.0
1783095546871472068,45.709905127,grappletong2_joint,0.0,0.0,0.0
1783095546881575396,45.720008455,slew_joint,1.7296198277777777,-0.06457712777777777,-55.0
1783095546881575396,45.720008455,boom_joint,0.2617991666666667,-0.008726638888888888,17.0
1783095546881575396,45.720008455,stick_joint,-1.0943205166666665,0.0,2.0
1783095546881575396,45.720008455,telescope_joint,0.4809,0.0,1.0
1783095546881575396,45.720008455,hanger_joint,0.8604465944444444,0.01570795,0.0
1783095546881575396,45.720008455,bearingfork_joint,0.2897244111111111,0.1954767111111111,0.0
1783095546881575396,45.720008455,grapplecarrier_joint,-0.16755146666666665,0.01396262222222222,-30.0
1783095546881575396,45.720008455,grappletong1_joint,0.0,0.0,0.0
1783095546881575396,45.720008455,grappletong2_joint,0.0,0.0,0.0
1783095546891786922,45.730219981,slew_joint,1.7296198277777777,-0.06457712777777777,-55.0
1783095546891786922,45.730219981,boom_joint,0.2617991666666667,-0.008726638888888888,17.0
1783095546891786922,45.730219981,stick_joint,-1.0943205166666665,0.0,2.0
1783095546891786922,45.730219981,telescope_joint,0.4809,0.0,1.0
1783095546891786922,45.730219981,hanger_joint,0.8604465944444444,0.01570795,0.0
1783095546891786922,45.730219981,bearingfork_joint,0.2897244111111111,0.1954767111111111,0.0
1783095546891786922,45.730219981,grapplecarrier_joint,-0.16755146666666665,0.01396262222222222,-30.0
1783095546891786922,45.730219981,grappletong1_joint,0.0,0.0,0.0
1783095546891786922,45.730219981,grappletong2_joint,0.0,0.0,0.0
1783095546901700371,45.74013343,slew_joint,1.7278744999999998,-0.054105161111111105,-62.0
1783095546901700371,45.74013343,boom_joint,0.2617991666666667,-0.01570795,19.0
1783095546901700371,45.74013343,stick_joint,-1.0943205166666665,0.0,2.0
1783095546901700371,45.74013343,telescope_joint,0.4809,0.0,1.0
1783095546901700371,45.74013343,hanger_joint,0.8604465944444444,-0.019198605555555553,0.0
1783095546901700371,45.74013343,bearingfork_joint,0.2792524444444444,0.35779219444444443,0.0
1783095546901700371,45.74013343,grapplecarrier_joint,-0.16755146666666665,0.012217294444444443,-28.0
1783095546901700371,45.74013343,grappletong1_joint,0.0,0.0,0.0
1783095546901700371,45.74013343,grappletong2_joint,0.0,0.0,0.0
1783095546911832449,45.750265508,slew_joint,1.7278744999999998,-0.054105161111111105,-62.0
1783095546911832449,45.750265508,boom_joint,0.2617991666666667,-0.01570795,19.0
1783095546911832449,45.750265508,stick_joint,-1.0943205166666665,0.0,2.0
1783095546911832449,45.750265508,telescope_joint,0.4809,0.0,1.0
1783095546911832449,45.750265508,hanger_joint,0.8604465944444444,-0.019198605555555553,0.0
1783095546911832449,45.750265508,bearingfork_joint,0.2792524444444444,0.35779219444444443,0.0
1783095546911832449,45.750265508,grapplecarrier_joint,-0.16755146666666665,0.012217294444444443,-28.0
1783095546911832449,45.750265508,grappletong1_joint,0.0,0.0,0.0
1783095546911832449,45.750265508,grappletong2_joint,0.0,0.0,0.0
1783095546921685123,45.760118182,slew_joint,1.7278744999999998,-0.04188786666666666,-68.0
1783095546921685123,45.760118182,boom_joint,0.2617991666666667,-0.012217294444444443,21.0
1783095546921685123,45.760118182,stick_joint,-1.0943205166666665,0.0,2.0
1783095546921685123,45.760118182,telescope_joint,0.4809,0.0,1.0
1783095546921685123,45.760118182,hanger_joint,0.8621919222222221,-0.033161227777777774,0.0
1783095546921685123,45.760118182,bearingfork_joint,0.2792524444444444,0.2722711333333333,0.0
1783095546921685123,45.760118182,grapplecarrier_joint,-0.16755146666666665,-0.00698131111111111,-26.0
1783095546921685123,45.760118182,grappletong1_joint,0.0,0.0,0.0
1783095546921685123,45.760118182,grappletong2_joint,0.0,0.0,0.0
1783095546931243588,45.769676647,slew_joint,1.7278744999999998,-0.04188786666666666,-68.0
1783095546931243588,45.769676647,boom_joint,0.2617991666666667,-0.012217294444444443,21.0
1783095546931243588,45.769676647,stick_joint,-1.0943205166666665,0.0,2.0
1783095546931243588,45.769676647,telescope_joint,0.4809,0.0,1.0
1783095546931243588,45.769676647,hanger_joint,0.8621919222222221,-0.033161227777777774,0.0
1783095546931243588,45.769676647,bearingfork_joint,0.2792524444444444,0.2722711333333333,0.0
1783095546931243588,45.769676647,grapplecarrier_joint,-0.16755146666666665,-0.00698131111111111,-26.0
1783095546931243588,45.769676647,grappletong1_joint,0.0,0.0,0.0
1783095546931243588,45.769676647,grappletong2_joint,0.0,0.0,0.0
1783095546941303514,45.779736573,slew_joint,1.726129172222222,-0.02268926111111111,-75.0
1783095546941303514,45.779736573,boom_joint,0.2617991666666667,-0.019198605555555553,25.0
1783095546941303514,45.779736573,stick_joint,-1.0943205166666665,0.0,2.0
1783095546941303514,45.779736573,telescope_joint,0.4809,0.0,1.0
1783095546941303514,45.779736573,hanger_joint,0.8604465944444444,-0.01570795,0.0
1783095546941303514,45.779736573,bearingfork_joint,0.2792524444444444,0.06632245555555555,0.0
1783095546941303514,45.779736573,grapplecarrier_joint,-0.17453277777777776,-0.11868228888888888,-28.0
1783095546941303514,45.779736573,grappletong1_joint,0.0,0.0,0.0
1783095546941303514,45.779736573,grappletong2_joint,0.0,0.0,0.0
1783095546951281994,45.789715053,slew_joint,1.726129172222222,-0.02268926111111111,-75.0
1783095546951281994,45.789715053,boom_joint,0.2617991666666667,-0.019198605555555553,25.0
1783095546951281994,45.789715053,stick_joint,-1.0943205166666665,0.0,2.0
1783095546951281994,45.789715053,telescope_joint,0.4809,0.0,1.0
1783095546951281994,45.789715053,hanger_joint,0.8604465944444444,-0.01570795,0.0
1783095546951281994,45.789715053,bearingfork_joint,0.2792524444444444,0.06632245555555555,0.0
1783095546951281994,45.789715053,grapplecarrier_joint,-0.17453277777777776,-0.11868228888888888,-28.0
1783095546951281994,45.789715053,grappletong1_joint,0.0,0.0,0.0
1783095546951281994,45.789715053,grappletong2_joint,0.0,0.0,0.0
1783095546961138365,45.799571424,slew_joint,1.726129172222222,-0.012217294444444443,-81.0
1783095546961138365,45.799571424,boom_joint,0.2617991666666667,-0.012217294444444443,29.0
1783095546961138365,45.799571424,stick_joint,-1.0943205166666665,0.0,2.0
1783095546961138365,45.799571424,telescope_joint,0.4809,0.0,1.0
1783095546961138365,45.799571424,hanger_joint,0.86393725,-0.0628318,0.0
1783095546961138365,45.799571424,bearingfork_joint,0.2775071166666666,0.03839721111111111,0.0
1783095546961138365,45.799571424,grapplecarrier_joint,-0.18151408888888887,-0.2565631833333333,-35.0
1783095546961138365,45.799571424,grappletong1_joint,0.0,0.0,0.0
1783095546961138365,45.799571424,grappletong2_joint,0.0,0.0,0.0
1783095546971344578,45.809777637,slew_joint,1.726129172222222,-0.012217294444444443,-81.0
1783095546971344578,45.809777637,boom_joint,0.2617991666666667,-0.012217294444444443,29.0
1783095546971344578,45.809777637,stick_joint,-1.0943205166666665,0.0,2.0
1783095546971344578,45.809777637,telescope_joint,0.4809,0.0,1.0
1783095546971344578,45.809777637,hanger_joint,0.86393725,-0.0628318,0.0
1783095546971344578,45.809777637,bearingfork_joint,0.2775071166666666,0.03839721111111111,0.0
1783095546971344578,45.809777637,grapplecarrier_joint,-0.18151408888888887,-0.2565631833333333,-35.0
1783095546971344578,45.809777637,grappletong1_joint,0.0,0.0,0.0
1783095546971344578,45.809777637,grappletong2_joint,0.0,0.0,0.0
1783095546981619965,45.820053024,slew_joint,1.726129172222222,-0.0017453277777777776,-87.0
1783095546981619965,45.820053024,boom_joint,0.2617991666666667,-0.005235983333333333,32.0
1783095546981619965,45.820053024,stick_joint,-1.0943205166666665,0.0,2.0
1783095546981619965,45.820053024,telescope_joint,0.4809,0.0,1.0
1783095546981619965,45.820053024,hanger_joint,0.8691732333333333,-0.17627810555555554,0.0
1783095546981619965,45.820053024,bearingfork_joint,0.27576178888888886,0.08377573333333332,0.0
1783095546981619965,45.820053024,grapplecarrier_joint,-0.18849539999999998,-0.37699079999999996,-46.0
1783095546981619965,45.820053024,grappletong1_joint,0.0,0.0,0.0
1783095546981619965,45.820053024,grappletong2_joint,0.0,0.0,0.0
1783095546991374854,45.829807913,slew_joint,1.726129172222222,-0.0017453277777777776,-87.0
1783095546991374854,45.829807913,boom_joint,0.2617991666666667,-0.005235983333333333,32.0
1783095546991374854,45.829807913,stick_joint,-1.0943205166666665,0.0,2.0
1783095546991374854,45.829807913,telescope_joint,0.4809,0.0,1.0
1783095546991374854,45.829807913,hanger_joint,0.8691732333333333,-0.17627810555555554,0.0
1783095546991374854,45.829807913,bearingfork_joint,0.27576178888888886,0.08377573333333332,0.0
1783095546991374854,45.829807913,grapplecarrier_joint,-0.18849539999999998,-0.37699079999999996,-46.0
1783095546991374854,45.829807913,grappletong1_joint,0.0,0.0,0.0
1783095546991374854,45.829807913,grappletong2_joint,0.0,0.0,0.0
1783095547001533749,45.839966808,slew_joint,1.726129172222222,-0.0017453277777777776,-91.0
1783095547001533749,45.839966808,boom_joint,0.2617991666666667,0.0,35.0
1783095547001533749,45.839966808,stick_joint,-1.0943205166666665,0.0,2.0
1783095547001533749,45.839966808,telescope_joint,0.4809,0.0,1.0
1783095547001533749,45.839966808,hanger_joint,0.8726638888888889,-0.22863793888888886,0.0
1783095547001533749,45.839966808,bearingfork_joint,0.2740164611111111,0.09599302777777777,0.0
1783095547001533749,45.839966808,grapplecarrier_joint,-0.19722203888888884,-0.4223693222222222,-59.0
1783095547001533749,45.839966808,grappletong1_joint,0.0,0.0,0.0
1783095547001533749,45.839966808,grappletong2_joint,0.0,0.0,0.0
1783095547011127673,45.849560732,slew_joint,1.726129172222222,-0.0017453277777777776,-91.0
1783095547011127673,45.849560732,boom_joint,0.2617991666666667,0.0,35.0
1783095547011127673,45.849560732,stick_joint,-1.0943205166666665,0.0,2.0
1783095547011127673,45.849560732,telescope_joint,0.4809,0.0,1.0
1783095547011127673,45.849560732,hanger_joint,0.8726638888888889,-0.22863793888888886,0.0
1783095547011127673,45.849560732,bearingfork_joint,0.2740164611111111,0.09599302777777777,0.0
1783095547011127673,45.849560732,grapplecarrier_joint,-0.19722203888888884,-0.4223693222222222,-59.0
1783095547011127673,45.849560732,grappletong1_joint,0.0,0.0,0.0
1783095547011127673,45.849560732,grappletong2_joint,0.0,0.0,0.0
1783095547021289990,45.859723049,slew_joint,1.726129172222222,-0.003490655555555555,-96.0
1783095547021289990,45.859723049,boom_joint,0.2617991666666667,0.0,38.0
1783095547021289990,45.859723049,stick_joint,-1.0943205166666665,0.0,2.0
1783095547021289990,45.859723049,telescope_joint,0.4809,0.0,1.0
1783095547021289990,45.859723049,hanger_joint,0.8726638888888889,-0.12391827222222221,0.0
1783095547021289990,45.859723049,bearingfork_joint,0.27576178888888886,-0.00698131111111111,0.0
1783095547021289990,45.859723049,grapplecarrier_joint,-0.19896736666666665,-0.28797908333333333,-69.0
1783095547021289990,45.859723049,grappletong1_joint,0.0,0.0,0.0
1783095547021289990,45.859723049,grappletong2_joint,0.0,0.0,0.0
1783095547031044660,45.869477719,slew_joint,1.726129172222222,-0.003490655555555555,-96.0
1783095547031044660,45.869477719,boom_joint,0.2617991666666667,0.0,38.0
1783095547031044660,45.869477719,stick_joint,-1.0943205166666665,0.0,2.0
1783095547031044660,45.869477719,telescope_joint,0.4809,0.0,1.0
1783095547031044660,45.869477719,hanger_joint,0.8726638888888889,-0.12391827222222221,0.0
1783095547031044660,45.869477719,bearingfork_joint,0.27576178888888886,-0.00698131111111111,0.0
1783095547031044660,45.869477719,grapplecarrier_joint,-0.19896736666666665,-0.28797908333333333,-69.0
1783095547031044660,45.869477719,grappletong1_joint,0.0,0.0,0.0
1783095547031044660,45.869477719,grappletong2_joint,0.0,0.0,0.0
1783095547041577427,45.880010486,slew_joint,1.726129172222222,-0.003490655555555555,-99.0
1783095547041577427,45.880010486,boom_joint,0.2617991666666667,0.0,42.0
1783095547041577427,45.880010486,stick_joint,-1.0943205166666665,0.0,2.0
1783095547041577427,45.880010486,telescope_joint,0.4809,0.0,1.0
1783095547041577427,45.880010486,hanger_joint,0.8726638888888889,-0.04188786666666666,0.0
1783095547041577427,45.880010486,bearingfork_joint,0.2809977722222222,-0.14137154999999998,0.0
1783095547041577427,45.880010486,grapplecarrier_joint,-0.19722203888888884,-0.054105161111111105,-74.0
1783095547041577427,45.880010486,grappletong1_joint,0.0,0.0,0.0
1783095547041577427,45.880010486,grappletong2_joint,0.0,0.0,0.0
1783095547051882631,45.89031569,slew_joint,1.726129172222222,-0.003490655555555555,-99.0
1783095547051882631,45.89031569,boom_joint,0.2617991666666667,0.0,42.0
1783095547051882631,45.89031569,stick_joint,-1.0943205166666665,0.0,2.0
1783095547051882631,45.89031569,telescope_joint,0.4809,0.0,1.0
1783095547051882631,45.89031569,hanger_joint,0.8726638888888889,-0.04188786666666666,0.0
1783095547051882631,45.89031569,bearingfork_joint,0.2809977722222222,-0.14137154999999998,0.0
1783095547051882631,45.89031569,grapplecarrier_joint,-0.19722203888888884,-0.054105161111111105,-74.0
1783095547051882631,45.89031569,grappletong1_joint,0.0,0.0,0.0
1783095547051882631,45.89031569,grappletong2_joint,0.0,0.0,0.0
1783095547061542863,45.899975922,slew_joint,1.726129172222222,-0.003490655555555555,-101.0
1783095547061542863,45.899975922,boom_joint,0.2617991666666667,0.0,46.0
1783095547061542863,45.899975922,stick_joint,-1.0943205166666665,0.0,2.0
1783095547061542863,45.899975922,telescope_joint,0.4809,0.0,1.0
1783095547061542863,45.899975922,hanger_joint,0.8726638888888889,0.008726638888888888,0.0
1783095547061542863,45.899975922,bearingfork_joint,0.2844884277777777,-0.1797687611111111,0.0
1783095547061542863,45.899975922,grapplecarrier_joint,-0.1954767111111111,0.07330376666666666,-75.0
1783095547061542863,45.899975922,grappletong1_joint,0.0,0.0,0.0
1783095547061542863,45.899975922,grappletong2_joint,0.0,0.0,0.0
1783095547071336227,45.909769286,slew_joint,1.726129172222222,-0.003490655555555555,-101.0
1783095547071336227,45.909769286,boom_joint,0.2617991666666667,0.0,46.0
1783095547071336227,45.909769286,stick_joint,-1.0943205166666665,0.0,2.0
1783095547071336227,45.909769286,telescope_joint,0.4809,0.0,1.0
1783095547071336227,45.909769286,hanger_joint,0.8726638888888889,0.008726638888888888,0.0
1783095547071336227,45.909769286,bearingfork_joint,0.2844884277777777,-0.1797687611111111,0.0
1783095547071336227,45.909769286,grapplecarrier_joint,-0.1954767111111111,0.07330376666666666,-75.0
1783095547071336227,45.909769286,grappletong1_joint,0.0,0.0,0.0
1783095547071336227,45.909769286,grappletong2_joint,0.0,0.0,0.0
1783095547081391068,45.919824127,slew_joint,1.726129172222222,0.0,-103.0
1783095547081391068,45.919824127,boom_joint,0.2617991666666667,0.0,48.0
1783095547081391068,45.919824127,stick_joint,-1.0943205166666665,0.0,2.0
1783095547081391068,45.919824127,telescope_joint,0.4809,0.0,1.0
1783095547081391068,45.919824127,hanger_joint,0.8726638888888889,0.03839721111111111,0.0
1783095547081391068,45.919824127,bearingfork_joint,0.2844884277777777,-0.11170097777777777,0.0
1783095547081391068,45.919824127,grapplecarrier_joint,-0.1954767111111111,0.061086472222222216,-77.0
1783095547081391068,45.919824127,grappletong1_joint,0.0,0.0,0.0
1783095547081391068,45.919824127,grappletong2_joint,0.0,0.0,0.0
1783095547091157808,45.929590867,slew_joint,1.726129172222222,0.0,-103.0
1783095547091157808,45.929590867,boom_joint,0.2617991666666667,0.0,48.0
1783095547091157808,45.929590867,stick_joint,-1.0943205166666665,0.0,2.0
1783095547091157808,45.929590867,telescope_joint,0.4809,0.0,1.0
1783095547091157808,45.929590867,hanger_joint,0.8726638888888889,0.03839721111111111,0.0
1783095547091157808,45.929590867,bearingfork_joint,0.2844884277777777,-0.11170097777777777,0.0
1783095547091157808,45.929590867,grapplecarrier_joint,-0.1954767111111111,0.061086472222222216,-77.0
1783095547091157808,45.929590867,grappletong1_joint,0.0,0.0,0.0
1783095547091157808,45.929590867,grappletong2_joint,0.0,0.0,0.0
1783095547101591178,45.940024237,slew_joint,1.726129172222222,0.0,-104.0
1783095547101591178,45.940024237,boom_joint,0.2617991666666667,0.0,51.0
1783095547101591178,45.940024237,stick_joint,-1.0943205166666665,0.0,2.0
1783095547101591178,45.940024237,telescope_joint,0.4809,0.0,1.0
1783095547101591178,45.940024237,hanger_joint,0.8674279055555554,0.1169369611111111,0.0
1783095547101591178,45.940024237,bearingfork_joint,0.2809977722222222,0.054105161111111105,0.0
1783095547101591178,45.940024237,grapplecarrier_joint,-0.19373138333333328,0.03665188333333333,-80.0
1783095547101591178,45.940024237,grappletong1_joint,0.0,0.0,0.0
1783095547101591178,45.940024237,grappletong2_joint,0.0,0.0,0.0
1783095547112066026,45.950499085,slew_joint,1.726129172222222,0.0,-104.0
1783095547112066026,45.950499085,boom_joint,0.2617991666666667,0.0,51.0
1783095547112066026,45.950499085,stick_joint,-1.0943205166666665,0.0,2.0
1783095547112066026,45.950499085,telescope_joint,0.4809,0.0,1.0
1783095547112066026,45.950499085,hanger_joint,0.8674279055555554,0.1169369611111111,0.0
1783095547112066026,45.950499085,bearingfork_joint,0.2809977722222222,0.054105161111111105,0.0
1783095547112066026,45.950499085,grapplecarrier_joint,-0.19373138333333328,0.03665188333333333,-80.0
1783095547112066026,45.950499085,grappletong1_joint,0.0,0.0,0.0
1783095547112066026,45.950499085,grappletong2_joint,0.0,0.0,0.0
1783095547122703800,45.961136859,slew_joint,1.726129172222222,0.0,-104.0
1783095547122703800,45.961136859,boom_joint,0.2617991666666667,0.0,53.0
1783095547122703800,45.961136859,stick_joint,-1.0943205166666665,0.0,2.0
1783095547122703800,45.961136859,telescope_joint,0.4809,0.0,1.0
1783095547122703800,45.961136859,hanger_joint,0.8656825777777777,0.14311687777777776,0.0
1783095547122703800,45.961136859,bearingfork_joint,0.27576178888888886,0.17802343333333331,0.0
1783095547122703800,45.961136859,grapplecarrier_joint,-0.19373138333333328,0.040142538888888885,-81.0
1783095547122703800,45.961136859,grappletong1_joint,0.0,0.0,0.0
1783095547122703800,45.961136859,grappletong2_joint,0.0,0.0,0.0
1783095547131526867,45.969959926,slew_joint,1.726129172222222,0.0,-104.0
1783095547131526867,45.969959926,boom_joint,0.2617991666666667,0.0,53.0
1783095547131526867,45.969959926,stick_joint,-1.0943205166666665,0.0,2.0
1783095547131526867,45.969959926,telescope_joint,0.4809,0.0,1.0
1783095547131526867,45.969959926,hanger_joint,0.8656825777777777,0.14311687777777776,0.0
1783095547131526867,45.969959926,bearingfork_joint,0.27576178888888886,0.17802343333333331,0.0
1783095547131526867,45.969959926,grapplecarrier_joint,-0.19373138333333328,0.040142538888888885,-81.0
1783095547131526867,45.969959926,grappletong1_joint,0.0,0.0,0.0
1783095547131526867,45.969959926,grappletong2_joint,0.0,0.0,0.0
1783095547141499857,45.979932916,slew_joint,1.726129172222222,0.0,-104.0
1783095547141499857,45.979932916,boom_joint,0.2617991666666667,0.0,57.0
1783095547141499857,45.979932916,stick_joint,-1.0943205166666665,0.0,2.0
1783095547141499857,45.979932916,telescope_joint,0.4809,0.0,1.0
1783095547141499857,45.979932916,hanger_joint,0.8621919222222221,0.15009818888888887,0.0
1783095547141499857,45.979932916,bearingfork_joint,0.2722711333333333,0.22863793888888886,0.0
1783095547141499857,45.979932916,grapplecarrier_joint,-0.19198605555555553,0.047123849999999995,-80.0
1783095547141499857,45.979932916,grappletong1_joint,0.0,0.0,0.0
1783095547141499857,45.979932916,grappletong2_joint,0.0,0.0,0.0
1783095547151504562,45.989937621,slew_joint,1.726129172222222,0.0,-104.0
1783095547151504562,45.989937621,boom_joint,0.2617991666666667,0.0,57.0
1783095547151504562,45.989937621,stick_joint,-1.0943205166666665,0.0,2.0
1783095547151504562,45.989937621,telescope_joint,0.4809,0.0,1.0
1783095547151504562,45.989937621,hanger_joint,0.8621919222222221,0.15009818888888887,0.0
1783095547151504562,45.989937621,bearingfork_joint,0.2722711333333333,0.22863793888888886,0.0
1783095547151504562,45.989937621,grapplecarrier_joint,-0.19198605555555553,0.047123849999999995,-80.0
1783095547151504562,45.989937621,grappletong1_joint,0.0,0.0,0.0
1783095547151504562,45.989937621,grappletong2_joint,0.0,0.0,0.0
1783095547161380501,45.99981356,slew_joint,1.726129172222222,0.0,-105.0
1783095547161380501,45.99981356,boom_joint,0.2617991666666667,0.0,62.0
1783095547161380501,45.99981356,stick_joint,-1.0943205166666665,0.0,2.0
1783095547161380501,45.99981356,telescope_joint,0.4809,0.0,1.0
1783095547161380501,45.99981356,hanger_joint,0.8587012666666665,0.17453277777777776,0.0
1783095547161380501,45.99981356,bearingfork_joint,0.2652898222222222,0.2809977722222222,0.0
1783095547161380501,45.99981356,grapplecarrier_joint,-0.19198605555555553,0.033161227777777774,-74.0
1783095547161380501,45.99981356,grappletong1_joint,0.0,0.0,0.0
1783095547161380501,45.99981356,grappletong2_joint,0.0,0.0,0.0
1783095547171434296,46.009867355,slew_joint,1.726129172222222,0.0,-105.0
1783095547171434296,46.009867355,boom_joint,0.2617991666666667,0.0,62.0
1783095547171434296,46.009867355,stick_joint,-1.0943205166666665,0.0,2.0
1783095547171434296,46.009867355,telescope_joint,0.4809,0.0,1.0
1783095547171434296,46.009867355,hanger_joint,0.8587012666666665,0.17453277777777776,0.0
1783095547171434296,46.009867355,bearingfork_joint,0.2652898222222222,0.2809977722222222,0.0
1783095547171434296,46.009867355,grapplecarrier_joint,-0.19198605555555553,0.033161227777777774,-74.0
1783095547171434296,46.009867355,grappletong1_joint,0.0,0.0,0.0
1783095547171434296,46.009867355,grappletong2_joint,0.0,0.0,0.0
1783095547181224631,46.01965769,slew_joint,1.726129172222222,0.0,-105.0
1783095547181224631,46.01965769,boom_joint,0.2617991666666667,0.0,66.0
1783095547181224631,46.01965769,stick_joint,-1.0943205166666665,0.0,2.0
1783095547181224631,46.01965769,telescope_joint,0.4809,0.0,1.0
1783095547181224631,46.01965769,hanger_joint,0.8569559388888888,0.13788089444444443,0.0
1783095547181224631,46.01965769,bearingfork_joint,0.2600538388888889,0.28797908333333333,0.0
1783095547181224631,46.01965769,grapplecarrier_joint,-0.19198605555555553,0.008726638888888888,-66.0
1783095547181224631,46.01965769,grappletong1_joint,0.0,0.0,0.0
1783095547181224631,46.01965769,grappletong2_joint,0.0,0.0,0.0
1783095547191634454,46.030067513,slew_joint,1.726129172222222,0.0,-105.0
1783095547191634454,46.030067513,boom_joint,0.2617991666666667,0.0,66.0
1783095547191634454,46.030067513,stick_joint,-1.0943205166666665,0.0,2.0
1783095547191634454,46.030067513,telescope_joint,0.4809,0.0,1.0
1783095547191634454,46.030067513,hanger_joint,0.8569559388888888,0.13788089444444443,0.0
1783095547191634454,46.030067513,bearingfork_joint,0.2600538388888889,0.28797908333333333,0.0
1783095547191634454,46.030067513,grapplecarrier_joint,-0.19198605555555553,0.008726638888888888,-66.0
1783095547191634454,46.030067513,grappletong1_joint,0.0,0.0,0.0
1783095547191634454,46.030067513,grappletong2_joint,0.0,0.0,0.0
1783095547201580606,46.040013665,slew_joint,1.726129172222222,0.0,-105.0
1783095547201580606,46.040013665,boom_joint,0.2617991666666667,0.0,70.0
1783095547201580606,46.040013665,stick_joint,-1.0943205166666665,0.0,2.0
1783095547201580606,46.040013665,telescope_joint,0.4809,0.0,1.0
1783095547201580606,46.040013665,hanger_joint,0.8552106111111111,0.09773835555555554,0.0
1783095547201580606,46.040013665,bearingfork_joint,0.2495818722222222,0.3857174388888889,0.0
1783095547201580606,46.040013665,grapplecarrier_joint,-0.19198605555555553,0.02268926111111111,-55.0
1783095547201580606,46.040013665,grappletong1_joint,0.0,0.0,0.0
1783095547201580606,46.040013665,grappletong2_joint,0.0,0.0,0.0
1783095547211488839,46.049921898,slew_joint,1.726129172222222,0.0,-105.0
1783095547211488839,46.049921898,boom_joint,0.2617991666666667,0.0,70.0
1783095547211488839,46.049921898,stick_joint,-1.0943205166666665,0.0,2.0
1783095547211488839,46.049921898,telescope_joint,0.4809,0.0,1.0
1783095547211488839,46.049921898,hanger_joint,0.8552106111111111,0.09773835555555554,0.0
1783095547211488839,46.049921898,bearingfork_joint,0.2495818722222222,0.3857174388888889,0.0
1783095547211488839,46.049921898,grapplecarrier_joint,-0.19198605555555553,0.02268926111111111,-55.0
1783095547211488839,46.049921898,grappletong1_joint,0.0,0.0,0.0
1783095547211488839,46.049921898,grappletong2_joint,0.0,0.0,0.0
1783095547221280845,46.059713904,slew_joint,1.726129172222222,0.0,-105.0
1783095547221280845,46.059713904,boom_joint,0.2617991666666667,0.005235983333333333,75.0
1783095547221280845,46.059713904,stick_joint,-1.0943205166666665,0.0,2.0
1783095547221280845,46.059713904,telescope_joint,0.4809,0.0,2.0
1783095547221280845,46.059713904,hanger_joint,0.8534652833333332,0.0698131111111111,0.0
1783095547221280845,46.059713904,bearingfork_joint,0.23910990555555553,0.4502945666666666,0.0
1783095547221280845,46.059713904,grapplecarrier_joint,-0.19024072777777773,0.019198605555555553,-47.0
1783095547221280845,46.059713904,grappletong1_joint,0.0,0.0,0.0
1783095547221280845,46.059713904,grappletong2_joint,0.0,0.0,0.0
1783095547231438988,46.069872047,slew_joint,1.726129172222222,0.0,-105.0
1783095547231438988,46.069872047,boom_joint,0.2617991666666667,0.005235983333333333,75.0
1783095547231438988,46.069872047,stick_joint,-1.0943205166666665,0.0,2.0
1783095547231438988,46.069872047,telescope_joint,0.4809,0.0,2.0
1783095547231438988,46.069872047,hanger_joint,0.8534652833333332,0.0698131111111111,0.0
1783095547231438988,46.069872047,bearingfork_joint,0.23910990555555553,0.4502945666666666,0.0
1783095547231438988,46.069872047,grapplecarrier_joint,-0.19024072777777773,0.019198605555555553,-47.0
1783095547231438988,46.069872047,grappletong1_joint,0.0,0.0,0.0
1783095547231438988,46.069872047,grappletong2_joint,0.0,0.0,0.0
1783095547241255602,46.079688661,slew_joint,1.726129172222222,0.0,-105.0
1783095547241255602,46.079688661,boom_joint,0.2617991666666667,0.008726638888888888,78.0
1783095547241255602,46.079688661,stick_joint,-1.0943205166666665,0.0,2.0
1783095547241255602,46.079688661,telescope_joint,0.4809,0.0,2.0
1783095547241255602,46.079688661,hanger_joint,0.8534652833333332,0.0628318,0.0
1783095547241255602,46.079688661,bearingfork_joint,0.2251472833333333,0.5899207888888888,0.0
1783095547241255602,46.079688661,grapplecarrier_joint,-0.19024072777777773,0.017453277777777776,-45.0
1783095547241255602,46.079688661,grappletong1_joint,0.0,0.0,0.0
1783095547241255602,46.079688661,grappletong2_joint,0.0,0.0,0.0
1783095547251583371,46.09001643,slew_joint,1.726129172222222,0.0,-105.0
1783095547251583371,46.09001643,boom_joint,0.2617991666666667,0.008726638888888888,78.0
1783095547251583371,46.09001643,stick_joint,-1.0943205166666665,0.0,2.0
1783095547251583371,46.09001643,telescope_joint,0.4809,0.0,2.0
1783095547251583371,46.09001643,hanger_joint,0.8534652833333332,0.0628318,0.0
1783095547251583371,46.09001643,bearingfork_joint,0.2251472833333333,0.5899207888888888,0.0
1783095547251583371,46.09001643,grapplecarrier_joint,-0.19024072777777773,0.017453277777777776,-45.0
1783095547251583371,46.09001643,grappletong1_joint,0.0,0.0,0.0
1783095547251583371,46.09001643,grappletong2_joint,0.0,0.0,0.0
1783095547261702861,46.10013592,slew_joint,1.726129172222222,0.0,-105.0
1783095547261702861,46.10013592,boom_joint,0.2617991666666667,0.008726638888888888,81.0
1783095547261702861,46.10013592,stick_joint,-1.0943205166666665,0.0,2.0
1783095547261702861,46.10013592,telescope_joint,0.4809,0.0,2.0
1783095547261702861,46.10013592,hanger_joint,0.8552106111111111,-0.01396262222222222,0.0
1783095547261702861,46.10013592,bearingfork_joint,0.22165662777777775,0.44156792777777776,0.0
1783095547261702861,46.10013592,grapplecarrier_joint,-0.19024072777777773,0.0,-46.0
1783095547261702861,46.10013592,grappletong1_joint,0.0,0.0,0.0
1783095547261702861,46.10013592,grappletong2_joint,0.0,0.0,0.0
1783095547271721238,46.110154297,slew_joint,1.726129172222222,0.0,-105.0
1783095547271721238,46.110154297,boom_joint,0.2617991666666667,0.008726638888888888,81.0
1783095547271721238,46.110154297,stick_joint,-1.0943205166666665,0.0,2.0
1783095547271721238,46.110154297,telescope_joint,0.4809,0.0,2.0
1783095547271721238,46.110154297,hanger_joint,0.8552106111111111,-0.01396262222222222,0.0
1783095547271721238,46.110154297,bearingfork_joint,0.22165662777777775,0.44156792777777776,0.0
1783095547271721238,46.110154297,grapplecarrier_joint,-0.19024072777777773,0.0,-46.0
1783095547271721238,46.110154297,grappletong1_joint,0.0,0.0,0.0
1783095547271721238,46.110154297,grappletong2_joint,0.0,0.0,0.0
1783095547281570740,46.120003799,slew_joint,1.726129172222222,0.0,-105.0
1783095547281570740,46.120003799,boom_joint,0.2617991666666667,0.00698131111111111,85.0
1783095547281570740,46.120003799,stick_joint,-1.0943205166666665,0.0,2.0
1783095547281570740,46.120003799,telescope_joint,0.4809,0.0,2.0
1783095547281570740,46.120003799,hanger_joint,0.8552106111111111,-0.026179916666666664,0.0
1783095547281570740,46.120003799,bearingfork_joint,0.21467531666666664,0.3089230166666666,0.0
1783095547281570740,46.120003799,grapplecarrier_joint,-0.19198605555555553,-0.008726638888888888,-47.0
1783095547281570740,46.120003799,grappletong1_joint,0.0,0.0,0.0
1783095547281570740,46.120003799,grappletong2_joint,0.0,0.0,0.0
1783095547291199573,46.129632632,slew_joint,1.726129172222222,0.0,-105.0
1783095547291199573,46.129632632,boom_joint,0.2617991666666667,0.00698131111111111,85.0
1783095547291199573,46.129632632,stick_joint,-1.0943205166666665,0.0,2.0
1783095547291199573,46.129632632,telescope_joint,0.4809,0.0,2.0
1783095547291199573,46.129632632,hanger_joint,0.8552106111111111,-0.026179916666666664,0.0
1783095547291199573,46.129632632,bearingfork_joint,0.21467531666666664,0.3089230166666666,0.0
1783095547291199573,46.129632632,grapplecarrier_joint,-0.19198605555555553,-0.008726638888888888,-47.0
1783095547291199573,46.129632632,grappletong1_joint,0.0,0.0,0.0
1783095547291199573,46.129632632,grappletong2_joint,0.0,0.0,0.0
1783095547301702999,46.140136058,slew_joint,1.726129172222222,0.0,-105.0
1783095547301702999,46.140136058,boom_joint,0.2617991666666667,0.005235983333333333,89.0
1783095547301702999,46.140136058,stick_joint,-1.0943205166666665,0.0,2.0
1783095547301702999,46.140136058,telescope_joint,0.4809,0.0,2.0
1783095547301702999,46.140136058,hanger_joint,0.8552106111111111,-0.00698131111111111,0.0
1783095547301702999,46.140136058,bearingfork_joint,0.2094393333333333,0.28797908333333333,0.0
1783095547301702999,46.140136058,grapplecarrier_joint,-0.19373138333333328,-0.05759581666666666,-49.0
1783095547301702999,46.140136058,grappletong1_joint,0.0,0.0,0.0
1783095547301702999,46.140136058,grappletong2_joint,0.0,0.0,0.0
1783095547311297693,46.149730752,slew_joint,1.726129172222222,0.0,-105.0
1783095547311297693,46.149730752,boom_joint,0.2617991666666667,0.005235983333333333,89.0
1783095547311297693,46.149730752,stick_joint,-1.0943205166666665,0.0,2.0
1783095547311297693,46.149730752,telescope_joint,0.4809,0.0,2.0
1783095547311297693,46.149730752,hanger_joint,0.8552106111111111,-0.00698131111111111,0.0
1783095547311297693,46.149730752,bearingfork_joint,0.2094393333333333,0.28797908333333333,0.0
1783095547311297693,46.149730752,grapplecarrier_joint,-0.19373138333333328,-0.05759581666666666,-49.0
1783095547311297693,46.149730752,grappletong1_joint,0.0,0.0,0.0
1783095547311297693,46.149730752,grappletong2_joint,0.0,0.0,0.0
1783095547321938181,46.16037124,slew_joint,1.726129172222222,0.0,-105.0
1783095547321938181,46.16037124,boom_joint,0.2617991666666667,0.005235983333333333,92.0
1783095547321938181,46.16037124,stick_joint,-1.0943205166666665,0.0,2.0
1783095547321938181,46.16037124,telescope_joint,0.4809,0.0,2.0
1783095547321938181,46.16037124,hanger_joint,0.8534652833333332,0.0017453277777777776,0.0
1783095547321938181,46.16037124,bearingfork_joint,0.20594867777777776,0.23561924999999997,0.0
1783095547321938181,46.16037124,grapplecarrier_joint,-0.19722203888888884,-0.1326449111111111,-54.0
1783095547321938181,46.16037124,grappletong1_joint,0.0,0.0,0.0
1783095547321938181,46.16037124,grappletong2_joint,0.0,0.0,0.0
1783095547331663715,46.170096774,slew_joint,1.726129172222222,0.0,-105.0
1783095547331663715,46.170096774,boom_joint,0.2617991666666667,0.005235983333333333,92.0
1783095547331663715,46.170096774,stick_joint,-1.0943205166666665,0.0,2.0
1783095547331663715,46.170096774,telescope_joint,0.4809,0.0,2.0
1783095547331663715,46.170096774,hanger_joint,0.8534652833333332,0.0017453277777777776,0.0
1783095547331663715,46.170096774,bearingfork_joint,0.20594867777777776,0.23561924999999997,0.0
1783095547331663715,46.170096774,grapplecarrier_joint,-0.19722203888888884,-0.1326449111111111,-54.0
1783095547331663715,46.170096774,grappletong1_joint,0.0,0.0,0.0
1783095547331663715,46.170096774,grappletong2_joint,0.0,0.0,0.0
1783095547341625002,46.180058061,slew_joint,1.726129172222222,0.0,-105.0
1783095547341625002,46.180058061,boom_joint,0.2617991666666667,0.003490655555555555,95.0
1783095547341625002,46.180058061,stick_joint,-1.0943205166666665,0.0,3.0
1783095547341625002,46.180058061,telescope_joint,0.4809,0.0,3.0
1783095547341625002,46.180058061,hanger_joint,0.8534652833333332,0.0017453277777777776,0.0
1783095547341625002,46.180058061,bearingfork_joint,0.2024580222222222,0.19198605555555553,0.0
1783095547341625002,46.180058061,grapplecarrier_joint,-0.2024580222222222,-0.18849539999999998,-60.0
1783095547341625002,46.180058061,grappletong1_joint,0.0,0.0,0.0
1783095547341625002,46.180058061,grappletong2_joint,0.0,0.0,0.0
1783095547351357432,46.189790491,slew_joint,1.726129172222222,0.0,-105.0
1783095547351357432,46.189790491,boom_joint,0.2617991666666667,0.003490655555555555,95.0
1783095547351357432,46.189790491,stick_joint,-1.0943205166666665,0.0,3.0
1783095547351357432,46.189790491,telescope_joint,0.4809,0.0,3.0
1783095547351357432,46.189790491,hanger_joint,0.8534652833333332,0.0017453277777777776,0.0
1783095547351357432,46.189790491,bearingfork_joint,0.2024580222222222,0.19198605555555553,0.0
1783095547351357432,46.189790491,grapplecarrier_joint,-0.2024580222222222,-0.18849539999999998,-60.0
1783095547351357432,46.189790491,grappletong1_joint,0.0,0.0,0.0
1783095547351357432,46.189790491,grappletong2_joint,0.0,0.0,0.0
1783095547361596328,46.200029387,slew_joint,1.726129172222222,0.0,-105.0
1783095547361596328,46.200029387,boom_joint,0.2617991666666667,0.003490655555555555,98.0
1783095547361596328,46.200029387,stick_joint,-1.0943205166666665,0.0,3.0
1783095547361596328,46.200029387,telescope_joint,0.4809,0.0,3.0
1783095547361596328,46.200029387,hanger_joint,0.8534652833333332,0.0,0.0
1783095547361596328,46.200029387,bearingfork_joint,0.19722203888888887,0.2094393333333333,0.0
1783095547361596328,46.200029387,grapplecarrier_joint,-0.20594867777777776,-0.22165662777777775,-68.0
1783095547361596328,46.200029387,grappletong1_joint,0.0,0.0,0.0
1783095547361596328,46.200029387,grappletong2_joint,0.0,0.0,0.0
1783095547371452680,46.209885739,slew_joint,1.726129172222222,0.0,-105.0
1783095547371452680,46.209885739,boom_joint,0.2617991666666667,0.003490655555555555,98.0
1783095547371452680,46.209885739,stick_joint,-1.0943205166666665,0.0,3.0
1783095547371452680,46.209885739,telescope_joint,0.4809,0.0,3.0
1783095547371452680,46.209885739,hanger_joint,0.8534652833333332,0.0,0.0
1783095547371452680,46.209885739,bearingfork_joint,0.19722203888888887,0.2094393333333333,0.0
1783095547371452680,46.209885739,grapplecarrier_joint,-0.20594867777777776,-0.22165662777777775,-68.0
1783095547371452680,46.209885739,grappletong1_joint,0.0,0.0,0.0
1783095547371452680,46.209885739,grappletong2_joint,0.0,0.0,0.0
1783095547381199273,46.219632332,slew_joint,1.726129172222222,0.0,-105.0
1783095547381199273,46.219632332,boom_joint,0.2617991666666667,0.0,101.0
1783095547381199273,46.219632332,stick_joint,-1.0943205166666665,0.0,4.0
1783095547381199273,46.219632332,telescope_joint,0.4809,0.0,3.0
1783095547381199273,46.219632332,hanger_joint,0.8569559388888888,-0.03665188333333333,0.0
1783095547381199273,46.219632332,bearingfork_joint,0.1937313833333333,0.20769400555555553,0.0
1783095547381199273,46.219632332,grapplecarrier_joint,-0.21292998888888887,-0.24609121666666664,-76.0
1783095547381199273,46.219632332,grappletong1_joint,0.0,0.0,0.0
1783095547381199273,46.219632332,grappletong2_joint,0.0,0.0,0.0
1783095547391488260,46.229921319,slew_joint,1.726129172222222,0.0,-105.0
1783095547391488260,46.229921319,boom_joint,0.2617991666666667,0.0,101.0
1783095547391488260,46.229921319,stick_joint,-1.0943205166666665,0.0,4.0
1783095547391488260,46.229921319,telescope_joint,0.4809,0.0,3.0
1783095547391488260,46.229921319,hanger_joint,0.8569559388888888,-0.03665188333333333,0.0
1783095547391488260,46.229921319,bearingfork_joint,0.1937313833333333,0.20769400555555553,0.0
1783095547391488260,46.229921319,grapplecarrier_joint,-0.21292998888888887,-0.24609121666666664,-76.0
1783095547391488260,46.229921319,grappletong1_joint,0.0,0.0,0.0
1783095547391488260,46.229921319,grappletong2_joint,0.0,0.0,0.0
1783095547409138612,46.247571671,slew_joint,1.726129172222222,0.0,-105.0
1783095547409138612,46.247571671,boom_joint,0.2617991666666667,0.0,105.0
1783095547409138612,46.247571671,stick_joint,-1.0943205166666665,0.0,4.0
1783095547409138612,46.247571671,telescope_joint,0.4809,0.0,3.0
1783095547409138612,46.247571671,hanger_joint,0.8569559388888888,-0.040142538888888885,0.0
1783095547409138612,46.247571671,bearingfork_joint,0.1937313833333333,0.12915425555555554,0.0
1783095547409138612,46.247571671,grapplecarrier_joint,-0.21467531666666662,-0.21292998888888887,-84.0
1783095547409138612,46.247571671,grappletong1_joint,0.0,0.0,0.0
1783095547409138612,46.247571671,grappletong2_joint,0.0,0.0,0.0
1783095547411741446,46.250174505,slew_joint,1.726129172222222,0.0,-105.0
1783095547411741446,46.250174505,boom_joint,0.2617991666666667,0.0,105.0
1783095547411741446,46.250174505,stick_joint,-1.0943205166666665,0.0,4.0
1783095547411741446,46.250174505,telescope_joint,0.4809,0.0,3.0
1783095547411741446,46.250174505,hanger_joint,0.8569559388888888,-0.040142538888888885,0.0
1783095547411741446,46.250174505,bearingfork_joint,0.1937313833333333,0.12915425555555554,0.0
1783095547411741446,46.250174505,grapplecarrier_joint,-0.21467531666666662,-0.21292998888888887,-84.0
1783095547411741446,46.250174505,grappletong1_joint,0.0,0.0,0.0
1783095547411741446,46.250174505,grappletong2_joint,0.0,0.0,0.0
1783095547421611787,46.260044846,slew_joint,1.726129172222222,0.0,-105.0
1783095547421611787,46.260044846,boom_joint,0.2617991666666667,0.005235983333333333,108.0
1783095547421611787,46.260044846,stick_joint,-1.0943205166666665,0.0,5.0
1783095547421611787,46.260044846,telescope_joint,0.4809,0.0,4.0
1783095547421611787,46.260044846,hanger_joint,0.8569559388888888,-0.02094393333333333,0.0
1783095547421611787,46.260044846,bearingfork_joint,0.1937313833333333,0.04188786666666666,0.0
1783095547421611787,46.260044846,grapplecarrier_joint,-0.21467531666666662,-0.10297433888888888,-89.0
1783095547421611787,46.260044846,grappletong1_joint,0.0,0.0,0.0
1783095547421611787,46.260044846,grappletong2_joint,0.0,0.0,0.0
1783095547431602126,46.270035185,slew_joint,1.726129172222222,0.0,-105.0
1783095547431602126,46.270035185,boom_joint,0.2617991666666667,0.005235983333333333,108.0
1783095547431602126,46.270035185,stick_joint,-1.0943205166666665,0.0,5.0
1783095547431602126,46.270035185,telescope_joint,0.4809,0.0,4.0
1783095547431602126,46.270035185,hanger_joint,0.8569559388888888,-0.02094393333333333,0.0
1783095547431602126,46.270035185,bearingfork_joint,0.1937313833333333,0.04188786666666666,0.0
1783095547431602126,46.270035185,grapplecarrier_joint,-0.21467531666666662,-0.10297433888888888,-89.0
1783095547431602126,46.270035185,grappletong1_joint,0.0,0.0,0.0
1783095547431602126,46.270035185,grappletong2_joint,0.0,0.0,0.0
1783095547441675199,46.280108258,slew_joint,1.726129172222222,0.0,-105.0
1783095547441675199,46.280108258,boom_joint,0.2635444944444444,0.012217294444444443,112.0
1783095547441675199,46.280108258,stick_joint,-1.0943205166666665,0.0,5.0
1783095547441675199,46.280108258,telescope_joint,0.4809,0.0,4.0
1783095547441675199,46.280108258,hanger_joint,0.8552106111111111,0.019198605555555553,0.0
1783095547441675199,46.280108258,bearingfork_joint,0.1937313833333333,0.005235983333333333,0.0
1783095547441675199,46.280108258,grapplecarrier_joint,-0.21467531666666662,-0.019198605555555553,-93.0
1783095547441675199,46.280108258,grappletong1_joint,0.0,0.0,0.0
1783095547441675199,46.280108258,grappletong2_joint,0.0,0.0,0.0
1783095547451523672,46.289956731,slew_joint,1.726129172222222,0.0,-105.0
1783095547451523672,46.289956731,boom_joint,0.2635444944444444,0.012217294444444443,112.0
1783095547451523672,46.289956731,stick_joint,-1.0943205166666665,0.0,5.0
1783095547451523672,46.289956731,telescope_joint,0.4809,0.0,4.0
1783095547451523672,46.289956731,hanger_joint,0.8552106111111111,0.019198605555555553,0.0
1783095547451523672,46.289956731,bearingfork_joint,0.1937313833333333,0.005235983333333333,0.0
1783095547451523672,46.289956731,grapplecarrier_joint,-0.21467531666666662,-0.019198605555555553,-93.0
1783095547451523672,46.289956731,grappletong1_joint,0.0,0.0,0.0
1783095547451523672,46.289956731,grappletong2_joint,0.0,0.0,0.0
1783095547461506590,46.299939649,slew_joint,1.726129172222222,0.0,-105.0
1783095547461506590,46.299939649,boom_joint,0.2635444944444444,0.019198605555555553,118.0
1783095547461506590,46.299939649,stick_joint,-1.0943205166666665,0.0,6.0
1783095547461506590,46.299939649,telescope_joint,0.4809,0.0,4.0
1783095547461506590,46.299939649,hanger_joint,0.8552106111111111,0.019198605555555553,0.0
1783095547461506590,46.299939649,bearingfork_joint,0.1937313833333333,0.0,0.0
1783095547461506590,46.299939649,grapplecarrier_joint,-0.21467531666666662,-0.0017453277777777776,-96.0
1783095547461506590,46.299939649,grappletong1_joint,0.0,0.0,0.0
1783095547461506590,46.299939649,grappletong2_joint,0.0,0.0,0.0
1783095547471392327,46.309825386,slew_joint,1.726129172222222,0.0,-105.0
1783095547471392327,46.309825386,boom_joint,0.2635444944444444,0.019198605555555553,118.0
1783095547471392327,46.309825386,stick_joint,-1.0943205166666665,0.0,6.0
1783095547471392327,46.309825386,telescope_joint,0.4809,0.0,4.0
1783095547471392327,46.309825386,hanger_joint,0.8552106111111111,0.019198605555555553,0.0
1783095547471392327,46.309825386,bearingfork_joint,0.1937313833333333,0.0,0.0
1783095547471392327,46.309825386,grapplecarrier_joint,-0.21467531666666662,-0.0017453277777777776,-96.0
1783095547471392327,46.309825386,grappletong1_joint,0.0,0.0,0.0
1783095547471392327,46.309825386,grappletong2_joint,0.0,0.0,0.0
1783095547481497451,46.31993051,slew_joint,1.726129172222222,0.0,-105.0
1783095547481497451,46.31993051,boom_joint,0.2635444944444444,0.01570795,124.0
1783095547481497451,46.31993051,stick_joint,-1.0943205166666665,0.0,6.0
1783095547481497451,46.31993051,telescope_joint,0.4809,0.0,5.0
1783095547481497451,46.31993051,hanger_joint,0.8552106111111111,0.017453277777777776,0.0
1783095547481497451,46.31993051,bearingfork_joint,0.19198605555555553,0.04363319444444444,0.0
1783095547481497451,46.31993051,grapplecarrier_joint,-0.21642064444444442,-0.02792524444444444,-99.0
1783095547481497451,46.31993051,grappletong1_joint,0.0,0.0,0.0
1783095547481497451,46.31993051,grappletong2_joint,0.0,0.0,0.0
1783095547491830079,46.330263138,slew_joint,1.726129172222222,0.0,-105.0
1783095547491830079,46.330263138,boom_joint,0.2635444944444444,0.01570795,124.0
1783095547491830079,46.330263138,stick_joint,-1.0943205166666665,0.0,6.0
1783095547491830079,46.330263138,telescope_joint,0.4809,0.0,5.0
1783095547491830079,46.330263138,hanger_joint,0.8552106111111111,0.017453277777777776,0.0
1783095547491830079,46.330263138,bearingfork_joint,0.19198605555555553,0.04363319444444444,0.0
1783095547491830079,46.330263138,grapplecarrier_joint,-0.21642064444444442,-0.02792524444444444,-99.0
1783095547491830079,46.330263138,grappletong1_joint,0.0,0.0,0.0
1783095547491830079,46.330263138,grappletong2_joint,0.0,0.0,0.0
1783095547501679683,46.340112742,slew_joint,1.726129172222222,0.0,-105.0
1783095547501679683,46.340112742,boom_joint,0.2635444944444444,0.008726638888888888,129.0
1783095547501679683,46.340112742,stick_joint,-1.0943205166666665,0.0,7.0
1783095547501679683,46.340112742,telescope_joint,0.4809,0.0,5.0
1783095547501679683,46.340112742,hanger_joint,0.8552106111111111,0.0,0.0
1783095547501679683,46.340112742,bearingfork_joint,0.18849539999999998,0.10471966666666666,0.0
1783095547501679683,46.340112742,grapplecarrier_joint,-0.21642064444444442,-0.04188786666666666,-101.0
1783095547501679683,46.340112742,grappletong1_joint,0.0,0.0,0.0
1783095547501679683,46.340112742,grappletong2_joint,0.0,0.0,0.0
1783095547511798088,46.350231147,slew_joint,1.726129172222222,0.0,-105.0
1783095547511798088,46.350231147,boom_joint,0.2635444944444444,0.008726638888888888,129.0
1783095547511798088,46.350231147,stick_joint,-1.0943205166666665,0.0,7.0
1783095547511798088,46.350231147,telescope_joint,0.4809,0.0,5.0
1783095547511798088,46.350231147,hanger_joint,0.8552106111111111,0.0,0.0
1783095547511798088,46.350231147,bearingfork_joint,0.18849539999999998,0.10471966666666666,0.0
1783095547511798088,46.350231147,grapplecarrier_joint,-0.21642064444444442,-0.04188786666666666,-101.0
1783095547511798088,46.350231147,grappletong1_joint,0.0,0.0,0.0
1783095547511798088,46.350231147,grappletong2_joint,0.0,0.0,0.0
1783095547521530684,46.359963743,slew_joint,1.726129172222222,0.0,-105.0
1783095547521530684,46.359963743,boom_joint,0.2635444944444444,0.012217294444444443,135.0
1783095547521530684,46.359963743,stick_joint,-1.0943205166666665,0.0,7.0
1783095547521530684,46.359963743,telescope_joint,0.4809,0.0,5.0
1783095547521530684,46.359963743,hanger_joint,0.8552106111111111,0.0,0.0
1783095547521530684,46.359963743,bearingfork_joint,0.18500474444444442,0.16057015555555554,0.0
1783095547521530684,46.359963743,grapplecarrier_joint,-0.21816597222222223,-0.033161227777777774,-101.0
1783095547521530684,46.359963743,grappletong1_joint,0.0,0.0,0.0
1783095547521530684,46.359963743,grappletong2_joint,0.0,0.0,0.0
1783095547531546530,46.369979589,slew_joint,1.726129172222222,0.0,-105.0
1783095547531546530,46.369979589,boom_joint,0.2635444944444444,0.012217294444444443,135.0
1783095547531546530,46.369979589,stick_joint,-1.0943205166666665,0.0,7.0
1783095547531546530,46.369979589,telescope_joint,0.4809,0.0,5.0
1783095547531546530,46.369979589,hanger_joint,0.8552106111111111,0.0,0.0
1783095547531546530,46.369979589,bearingfork_joint,0.18500474444444442,0.16057015555555554,0.0
1783095547531546530,46.369979589,grapplecarrier_joint,-0.21816597222222223,-0.033161227777777774,-101.0
1783095547531546530,46.369979589,grappletong1_joint,0.0,0.0,0.0
1783095547531546530,46.369979589,grappletong2_joint,0.0,0.0,0.0
1783095547541345547,46.379778606,slew_joint,1.726129172222222,0.0,-105.0
1783095547541345547,46.379778606,boom_joint,0.2635444944444444,0.008726638888888888,139.0
1783095547541345547,46.379778606,stick_joint,-1.0943205166666665,0.0,7.0
1783095547541345547,46.379778606,telescope_joint,0.4809,0.0,5.0
1783095547541345547,46.379778606,hanger_joint,0.8552106111111111,0.0,0.0
1783095547541345547,46.379778606,bearingfork_joint,0.1797687611111111,0.19896736666666665,0.0
1783095547541345547,46.379778606,grapplecarrier_joint,-0.21816597222222223,-0.024434588888888886,-100.0
1783095547541345547,46.379778606,grappletong1_joint,0.0,0.0,0.0
1783095547541345547,46.379778606,grappletong2_joint,0.0,0.0,0.0
1783095547551874396,46.390307455,slew_joint,1.726129172222222,0.0,-105.0
1783095547551874396,46.390307455,boom_joint,0.2635444944444444,0.008726638888888888,139.0
1783095547551874396,46.390307455,stick_joint,-1.0943205166666665,0.0,7.0
1783095547551874396,46.390307455,telescope_joint,0.4809,0.0,5.0
1783095547551874396,46.390307455,hanger_joint,0.8552106111111111,0.0,0.0
1783095547551874396,46.390307455,bearingfork_joint,0.1797687611111111,0.19896736666666665,0.0
1783095547551874396,46.390307455,grapplecarrier_joint,-0.21816597222222223,-0.024434588888888886,-100.0
1783095547551874396,46.390307455,grappletong1_joint,0.0,0.0,0.0
1783095547551874396,46.390307455,grappletong2_joint,0.0,0.0,0.0
1783095547561682414,46.400115473,slew_joint,1.726129172222222,0.0017453277777777776,-105.0
1783095547561682414,46.400115473,boom_joint,0.2635444944444444,0.012217294444444443,143.0
1783095547561682414,46.400115473,stick_joint,-1.0943205166666665,0.0,7.0
1783095547561682414,46.400115473,telescope_joint,0.4809,0.0,6.0
1783095547561682414,46.400115473,hanger_joint,0.8552106111111111,0.0,0.0
1783095547561682414,46.400115473,bearingfork_joint,0.17453277777777776,0.23038326666666664,0.0
1783095547561682414,46.400115473,grapplecarrier_joint,-0.21991129999999998,-0.03665188333333333,-97.0
1783095547561682414,46.400115473,grappletong1_joint,0.0,0.0,0.0
1783095547561682414,46.400115473,grappletong2_joint,0.0,0.0,0.0
1783095547571510670,46.409943729,slew_joint,1.726129172222222,0.0017453277777777776,-105.0
1783095547571510670,46.409943729,boom_joint,0.2635444944444444,0.012217294444444443,143.0
1783095547571510670,46.409943729,stick_joint,-1.0943205166666665,0.0,7.0
1783095547571510670,46.409943729,telescope_joint,0.4809,0.0,6.0
1783095547571510670,46.409943729,hanger_joint,0.8552106111111111,0.0,0.0
1783095547571510670,46.409943729,bearingfork_joint,0.17453277777777776,0.23038326666666664,0.0
1783095547571510670,46.409943729,grapplecarrier_joint,-0.21991129999999998,-0.03665188333333333,-97.0
1783095547571510670,46.409943729,grappletong1_joint,0.0,0.0,0.0
1783095547571510670,46.409943729,grappletong2_joint,0.0,0.0,0.0
1783095547581748016,46.420181075,slew_joint,1.7278744999999998,0.01396262222222222,-105.0
1783095547581748016,46.420181075,boom_joint,0.2635444944444444,0.00698131111111111,149.0
1783095547581748016,46.420181075,stick_joint,-1.0943205166666665,0.0,7.0
1783095547581748016,46.420181075,telescope_joint,0.4809,0.0,6.0
1783095547581748016,46.420181075,hanger_joint,0.8552106111111111,0.0,0.0
1783095547581748016,46.420181075,bearingfork_joint,0.1710421222222222,0.24783654444444442,0.0
1783095547581748016,46.420181075,grapplecarrier_joint,-0.21991129999999998,-0.040142538888888885,-93.0
1783095547581748016,46.420181075,grappletong1_joint,0.0,0.0,0.0
1783095547581748016,46.420181075,grappletong2_joint,0.0,0.0,0.0
1783095547591241754,46.429674813,slew_joint,1.7278744999999998,0.01396262222222222,-105.0
1783095547591241754,46.429674813,boom_joint,0.2635444944444444,0.00698131111111111,149.0
1783095547591241754,46.429674813,stick_joint,-1.0943205166666665,0.0,7.0
1783095547591241754,46.429674813,telescope_joint,0.4809,0.0,6.0
1783095547591241754,46.429674813,hanger_joint,0.8552106111111111,0.0,0.0
1783095547591241754,46.429674813,bearingfork_joint,0.1710421222222222,0.24783654444444442,0.0
1783095547591241754,46.429674813,grapplecarrier_joint,-0.21991129999999998,-0.040142538888888885,-93.0
1783095547591241754,46.429674813,grappletong1_joint,0.0,0.0,0.0
1783095547591241754,46.429674813,grappletong2_joint,0.0,0.0,0.0
1783095547601161747,46.439594806,slew_joint,1.7278744999999998,0.024434588888888886,-104.0
1783095547601161747,46.439594806,boom_joint,0.2652898222222222,0.00698131111111111,154.0
1783095547601161747,46.439594806,stick_joint,-1.0943205166666665,0.0,7.0
1783095547601161747,46.439594806,telescope_joint,0.4809,0.0,6.0
1783095547601161747,46.439594806,hanger_joint,0.8552106111111111,0.003490655555555555,0.0
1783095547601161747,46.439594806,bearingfork_joint,0.16580613888888887,0.23910990555555553,0.0
1783095547601161747,46.439594806,grapplecarrier_joint,-0.21991129999999998,-0.04188786666666666,-90.0
1783095547601161747,46.439594806,grappletong1_joint,0.0,0.0,0.0
1783095547601161747,46.439594806,grappletong2_joint,0.0,0.0,0.0
1783095547611306659,46.449739718,slew_joint,1.7278744999999998,0.024434588888888886,-104.0
1783095547611306659,46.449739718,boom_joint,0.2652898222222222,0.00698131111111111,154.0
1783095547611306659,46.449739718,stick_joint,-1.0943205166666665,0.0,7.0
1783095547611306659,46.449739718,telescope_joint,0.4809,0.0,6.0
1783095547611306659,46.449739718,hanger_joint,0.8552106111111111,0.003490655555555555,0.0
1783095547611306659,46.449739718,bearingfork_joint,0.16580613888888887,0.23910990555555553,0.0
1783095547611306659,46.449739718,grapplecarrier_joint,-0.21991129999999998,-0.04188786666666666,-90.0
1783095547611306659,46.449739718,grappletong1_joint,0.0,0.0,0.0
1783095547611306659,46.449739718,grappletong2_joint,0.0,0.0,0.0
1783095547621267358,46.459700417,slew_joint,1.7278744999999998,0.033161227777777774,-102.0
1783095547621267358,46.459700417,boom_joint,0.2652898222222222,0.008726638888888888,159.0
1783095547621267358,46.459700417,stick_joint,-1.0943205166666665,0.0,7.0
1783095547621267358,46.459700417,telescope_joint,0.4809,0.0,7.0
1783095547621267358,46.459700417,hanger_joint,0.8552106111111111,0.005235983333333333,0.0
1783095547621267358,46.459700417,bearingfork_joint,0.16057015555555554,0.23212859444444442,0.0
1783095547621267358,46.459700417,grapplecarrier_joint,-0.22165662777777778,-0.03839721111111111,-89.0
1783095547621267358,46.459700417,grappletong1_joint,0.0,0.0,0.0
1783095547621267358,46.459700417,grappletong2_joint,0.0,0.0,0.0
1783095547631611624,46.470044683,slew_joint,1.7278744999999998,0.033161227777777774,-102.0
1783095547631611624,46.470044683,boom_joint,0.2652898222222222,0.008726638888888888,159.0
1783095547631611624,46.470044683,stick_joint,-1.0943205166666665,0.0,7.0
1783095547631611624,46.470044683,telescope_joint,0.4809,0.0,7.0
1783095547631611624,46.470044683,hanger_joint,0.8552106111111111,0.005235983333333333,0.0
1783095547631611624,46.470044683,bearingfork_joint,0.16057015555555554,0.23212859444444442,0.0
1783095547631611624,46.470044683,grapplecarrier_joint,-0.22165662777777778,-0.03839721111111111,-89.0
1783095547631611624,46.470044683,grappletong1_joint,0.0,0.0,0.0
1783095547631611624,46.470044683,grappletong2_joint,0.0,0.0,0.0
1783095547641287925,46.479720984,slew_joint,1.7296198277777777,0.03490655555555555,-101.0
1783095547641287925,46.479720984,boom_joint,0.2652898222222222,0.01396262222222222,166.0
1783095547641287925,46.479720984,stick_joint,-1.0943205166666665,0.0,7.0
1783095547641287925,46.479720984,telescope_joint,0.4809,0.0,7.0
1783095547641287925,46.479720984,hanger_joint,0.8552106111111111,0.00698131111111111,0.0
1783095547641287925,46.479720984,bearingfork_joint,0.15707949999999998,0.19896736666666665,0.0
1783095547641287925,46.479720984,grapplecarrier_joint,-0.22165662777777778,-0.04363319444444444,-90.0
1783095547641287925,46.479720984,grappletong1_joint,0.0,0.0,0.0
1783095547641287925,46.479720984,grappletong2_joint,0.0,0.0,0.0
1783095547651498561,46.48993162,slew_joint,1.7296198277777777,0.03490655555555555,-101.0
1783095547651498561,46.48993162,boom_joint,0.2652898222222222,0.01396262222222222,166.0
1783095547651498561,46.48993162,stick_joint,-1.0943205166666665,0.0,7.0
1783095547651498561,46.48993162,telescope_joint,0.4809,0.0,7.0
1783095547651498561,46.48993162,hanger_joint,0.8552106111111111,0.00698131111111111,0.0
1783095547651498561,46.48993162,bearingfork_joint,0.15707949999999998,0.19896736666666665,0.0
1783095547651498561,46.48993162,grapplecarrier_joint,-0.22165662777777778,-0.04363319444444444,-90.0
1783095547651498561,46.48993162,grappletong1_joint,0.0,0.0,0.0
1783095547651498561,46.48993162,grappletong2_joint,0.0,0.0,0.0
1783095547661202253,46.499635312,slew_joint,1.7296198277777777,0.03490655555555555,-98.0
1783095547661202253,46.499635312,boom_joint,0.2652898222222222,0.017453277777777776,171.0
1783095547661202253,46.499635312,stick_joint,-1.0943205166666665,0.0,7.0
1783095547661202253,46.499635312,telescope_joint,0.4809,0.0,7.0
1783095547661202253,46.499635312,hanger_joint,0.8552106111111111,0.00698131111111111,0.0
1783095547661202253,46.499635312,bearingfork_joint,0.1553341722222222,0.15358884444444443,0.0
1783095547661202253,46.499635312,grapplecarrier_joint,-0.22340195555555553,-0.04188786666666666,-92.0
1783095547661202253,46.499635312,grappletong1_joint,0.0,0.0,0.0
1783095547661202253,46.499635312,grappletong2_joint,0.0,0.0,0.0
1783095547671409671,46.50984273,slew_joint,1.7296198277777777,0.03490655555555555,-98.0
1783095547671409671,46.50984273,boom_joint,0.2652898222222222,0.017453277777777776,171.0
1783095547671409671,46.50984273,stick_joint,-1.0943205166666665,0.0,7.0
1783095547671409671,46.50984273,telescope_joint,0.4809,0.0,7.0
1783095547671409671,46.50984273,hanger_joint,0.8552106111111111,0.00698131111111111,0.0
1783095547671409671,46.50984273,bearingfork_joint,0.1553341722222222,0.15358884444444443,0.0
1783095547671409671,46.50984273,grapplecarrier_joint,-0.22340195555555553,-0.04188786666666666,-92.0
1783095547671409671,46.50984273,grappletong1_joint,0.0,0.0,0.0
1783095547671409671,46.50984273,grappletong2_joint,0.0,0.0,0.0
1783095547681394899,46.519827958,slew_joint,1.7313651555555554,0.03665188333333333,-95.0
1783095547681394899,46.519827958,boom_joint,0.2652898222222222,0.019198605555555553,176.0
1783095547681394899,46.519827958,stick_joint,-1.0943205166666665,-0.0017453277777777776,8.0
1783095547681394899,46.519827958,telescope_joint,0.4809,0.0,8.0
1783095547681394899,46.519827958,hanger_joint,0.8552106111111111,0.012217294444444443,0.0
1783095547681394899,46.519827958,bearingfork_joint,0.15358884444444443,0.13439023888888887,0.0
1783095547681394899,46.519827958,grapplecarrier_joint,-0.22340195555555553,-0.03490655555555555,-93.0
1783095547681394899,46.519827958,grappletong1_joint,0.0,0.0,0.0
1783095547681394899,46.519827958,grappletong2_joint,0.0,0.0,0.0
1783095547691510966,46.529944025,slew_joint,1.7313651555555554,0.03665188333333333,-95.0
1783095547691510966,46.529944025,boom_joint,0.2652898222222222,0.019198605555555553,176.0
1783095547691510966,46.529944025,stick_joint,-1.0943205166666665,-0.0017453277777777776,8.0
1783095547691510966,46.529944025,telescope_joint,0.4809,0.0,8.0
1783095547691510966,46.529944025,hanger_joint,0.8552106111111111,0.012217294444444443,0.0
1783095547691510966,46.529944025,bearingfork_joint,0.15358884444444443,0.13439023888888887,0.0
1783095547691510966,46.529944025,grapplecarrier_joint,-0.22340195555555553,-0.03490655555555555,-93.0
1783095547691510966,46.529944025,grappletong1_joint,0.0,0.0,0.0
1783095547691510966,46.529944025,grappletong2_joint,0.0,0.0,0.0
1783095547701509994,46.539943053,slew_joint,1.7313651555555554,0.03839721111111111,-92.0
1783095547701509994,46.539943053,boom_joint,0.26703515,0.02268926111111111,180.0
1783095547701509994,46.539943053,stick_joint,-1.0943205166666665,-0.0017453277777777776,8.0
1783095547701509994,46.539943053,telescope_joint,0.4809,0.0,8.0
1783095547701509994,46.539943053,hanger_joint,0.8534652833333332,0.02094393333333333,0.0
1783095547701509994,46.539943053,bearingfork_joint,0.15009818888888887,0.12042761666666665,0.0
1783095547701509994,46.539943053,grapplecarrier_joint,-0.22340195555555553,-0.024434588888888886,-94.0
1783095547701509994,46.539943053,grappletong1_joint,0.0,0.0,0.0
1783095547701509994,46.539943053,grappletong2_joint,0.0,0.0,0.0
1783095547711716199,46.550149258,slew_joint,1.7313651555555554,0.03839721111111111,-92.0
1783095547711716199,46.550149258,boom_joint,0.26703515,0.02268926111111111,180.0
1783095547711716199,46.550149258,stick_joint,-1.0943205166666665,-0.0017453277777777776,8.0
1783095547711716199,46.550149258,telescope_joint,0.4809,0.0,8.0
1783095547711716199,46.550149258,hanger_joint,0.8534652833333332,0.02094393333333333,0.0
1783095547711716199,46.550149258,bearingfork_joint,0.15009818888888887,0.12042761666666665,0.0
1783095547711716199,46.550149258,grapplecarrier_joint,-0.22340195555555553,-0.024434588888888886,-94.0
1783095547711716199,46.550149258,grappletong1_joint,0.0,0.0,0.0
1783095547711716199,46.550149258,grappletong2_joint,0.0,0.0,0.0
1783095547721554154,46.559987213,slew_joint,1.733110483333333,0.03839721111111111,-88.0
1783095547721554154,46.559987213,boom_joint,0.26703515,0.02268926111111111,187.0
1783095547721554154,46.559987213,stick_joint,-1.0943205166666665,-0.0017453277777777776,9.0
1783095547721554154,46.559987213,telescope_joint,0.4809,0.0,8.0
1783095547721554154,46.559987213,hanger_joint,0.8534652833333332,0.02268926111111111,0.0
1783095547721554154,46.559987213,bearingfork_joint,0.1483528611111111,0.10995564999999999,0.0
1783095547721554154,46.559987213,grapplecarrier_joint,-0.22340195555555553,-0.01396262222222222,-94.0
1783095547721554154,46.559987213,grappletong1_joint,0.0,0.0,0.0
1783095547721554154,46.559987213,grappletong2_joint,0.0,0.0,0.0
1783095547731541553,46.569974612,slew_joint,1.733110483333333,0.03839721111111111,-88.0
1783095547731541553,46.569974612,boom_joint,0.26703515,0.02268926111111111,187.0
1783095547731541553,46.569974612,stick_joint,-1.0943205166666665,-0.0017453277777777776,9.0
1783095547731541553,46.569974612,telescope_joint,0.4809,0.0,8.0
1783095547731541553,46.569974612,hanger_joint,0.8534652833333332,0.02268926111111111,0.0
1783095547731541553,46.569974612,bearingfork_joint,0.1483528611111111,0.10995564999999999,0.0
1783095547731541553,46.569974612,grapplecarrier_joint,-0.22340195555555553,-0.01396262222222222,-94.0
1783095547731541553,46.569974612,grappletong1_joint,0.0,0.0,0.0
1783095547731541553,46.569974612,grappletong2_joint,0.0,0.0,0.0
1783095547741441533,46.579874592,slew_joint,1.733110483333333,0.04188786666666666,-83.0
1783095547741441533,46.579874592,boom_joint,0.26703515,0.019198605555555553,193.0
1783095547741441533,46.579874592,stick_joint,-1.0943205166666665,0.0,9.0
1783095547741441533,46.579874592,telescope_joint,0.4809,0.0,9.0
1783095547741441533,46.579874592,hanger_joint,0.8534652833333332,0.024434588888888886,0.0
1783095547741441533,46.579874592,bearingfork_joint,0.14660753333333332,0.1012290111111111,0.0
1783095547741441533,46.579874592,grapplecarrier_joint,-0.22340195555555553,-0.005235983333333333,-94.0
1783095547741441533,46.579874592,grappletong1_joint,0.0,0.0,0.0
1783095547741441533,46.579874592,grappletong2_joint,0.0,0.0,0.0
1783095547751210779,46.589643838,slew_joint,1.733110483333333,0.04188786666666666,-83.0
1783095547751210779,46.589643838,boom_joint,0.26703515,0.019198605555555553,193.0
1783095547751210779,46.589643838,stick_joint,-1.0943205166666665,0.0,9.0
1783095547751210779,46.589643838,telescope_joint,0.4809,0.0,9.0
1783095547751210779,46.589643838,hanger_joint,0.8534652833333332,0.024434588888888886,0.0
1783095547751210779,46.589643838,bearingfork_joint,0.14660753333333332,0.1012290111111111,0.0
1783095547751210779,46.589643838,grapplecarrier_joint,-0.22340195555555553,-0.005235983333333333,-94.0
1783095547751210779,46.589643838,grappletong1_joint,0.0,0.0,0.0
1783095547751210779,46.589643838,grappletong2_joint,0.0,0.0,0.0
1783095547761208122,46.599641181,slew_joint,1.733110483333333,0.03839721111111111,-78.0
1783095547761208122,46.599641181,boom_joint,0.26703515,0.019198605555555553,197.0
1783095547761208122,46.599641181,stick_joint,-1.0943205166666665,0.0,11.0
1783095547761208122,46.599641181,telescope_joint,0.4809,0.0,9.0
1783095547761208122,46.599641181,hanger_joint,0.8534652833333332,0.01570795,0.0
1783095547761208122,46.599641181,bearingfork_joint,0.14311687777777776,0.11170097777777777,0.0
1783095547761208122,46.599641181,grapplecarrier_joint,-0.22340195555555553,0.0,-94.0
1783095547761208122,46.599641181,grappletong1_joint,0.0,0.0,0.0
1783095547761208122,46.599641181,grappletong2_joint,0.0,0.0,0.0
1783095547771124058,46.609557117,slew_joint,1.733110483333333,0.03839721111111111,-78.0
1783095547771124058,46.609557117,boom_joint,0.26703515,0.019198605555555553,197.0
1783095547771124058,46.609557117,stick_joint,-1.0943205166666665,0.0,11.0
1783095547771124058,46.609557117,telescope_joint,0.4809,0.0,9.0
1783095547771124058,46.609557117,hanger_joint,0.8534652833333332,0.01570795,0.0
1783095547771124058,46.609557117,bearingfork_joint,0.14311687777777776,0.11170097777777777,0.0
1783095547771124058,46.609557117,grapplecarrier_joint,-0.22340195555555553,0.0,-94.0
1783095547771124058,46.609557117,grappletong1_joint,0.0,0.0,0.0
1783095547771124058,46.609557117,grappletong2_joint,0.0,0.0,0.0
1783095547781562198,46.619995257,slew_joint,1.734855811111111,0.040142538888888885,-73.0
1783095547781562198,46.619995257,boom_joint,0.2687804777777777,0.019198605555555553,199.0
1783095547781562198,46.619995257,stick_joint,-1.0943205166666665,0.0,13.0
1783095547781562198,46.619995257,telescope_joint,0.4809,0.0,10.0
1783095547781562198,46.619995257,hanger_joint,0.8534652833333332,0.008726638888888888,0.0
1783095547781562198,46.619995257,bearingfork_joint,0.1396262222222222,0.13613556666666665,0.0
1783095547781562198,46.619995257,grapplecarrier_joint,-0.22340195555555553,0.0,-93.0
1783095547781562198,46.619995257,grappletong1_joint,0.0,0.0,0.0
1783095547781562198,46.619995257,grappletong2_joint,0.0,0.0,0.0
1783095547793254479,46.631687538,slew_joint,1.734855811111111,0.040142538888888885,-73.0
1783095547793254479,46.631687538,boom_joint,0.2687804777777777,0.019198605555555553,199.0
1783095547793254479,46.631687538,stick_joint,-1.0943205166666665,0.0,13.0
1783095547793254479,46.631687538,telescope_joint,0.4809,0.0,10.0
1783095547793254479,46.631687538,hanger_joint,0.8534652833333332,0.008726638888888888,0.0
1783095547793254479,46.631687538,bearingfork_joint,0.1396262222222222,0.13613556666666665,0.0
1783095547793254479,46.631687538,grapplecarrier_joint,-0.22340195555555553,0.0,-93.0
1783095547793254479,46.631687538,grappletong1_joint,0.0,0.0,0.0
1783095547793254479,46.631687538,grappletong2_joint,0.0,0.0,0.0
1783095547801467555,46.639900614,slew_joint,1.734855811111111,0.040142538888888885,-68.0
1783095547801467555,46.639900614,boom_joint,0.2687804777777777,0.017453277777777776,205.0
1783095547801467555,46.639900614,stick_joint,-1.0943205166666665,0.0,15.0
1783095547801467555,46.639900614,telescope_joint,0.4809,0.0,10.0
1783095547801467555,46.639900614,hanger_joint,0.8534652833333332,0.0017453277777777776,0.0
1783095547801467555,46.639900614,bearingfork_joint,0.13613556666666665,0.16755146666666665,0.0
1783095547801467555,46.639900614,grapplecarrier_joint,-0.22340195555555553,0.0,-93.0
1783095547801467555,46.639900614,grappletong1_joint,0.0,0.0,0.0
1783095547801467555,46.639900614,grappletong2_joint,0.0,0.0,0.0
1783095547811656507,46.650089566,slew_joint,1.734855811111111,0.040142538888888885,-68.0
1783095547811656507,46.650089566,boom_joint,0.2687804777777777,0.017453277777777776,205.0
1783095547811656507,46.650089566,stick_joint,-1.0943205166666665,0.0,15.0
1783095547811656507,46.650089566,telescope_joint,0.4809,0.0,10.0
1783095547811656507,46.650089566,hanger_joint,0.8534652833333332,0.0017453277777777776,0.0
1783095547811656507,46.650089566,bearingfork_joint,0.13613556666666665,0.16755146666666665,0.0
1783095547811656507,46.650089566,grapplecarrier_joint,-0.22340195555555553,0.0,-93.0
1783095547811656507,46.650089566,grappletong1_joint,0.0,0.0,0.0
1783095547811656507,46.650089566,grappletong2_joint,0.0,0.0,0.0
1783095547821498272,46.659931331,slew_joint,1.7366011388888887,0.040142538888888885,-63.0
1783095547821498272,46.659931331,boom_joint,0.2687804777777777,0.01570795,211.0
1783095547821498272,46.659931331,stick_joint,-1.0943205166666665,0.0,17.0
1783095547821498272,46.659931331,telescope_joint,0.4809,0.0,11.0
1783095547821498272,46.659931331,hanger_joint,0.8534652833333332,0.0,0.0
1783095547821498272,46.659931331,bearingfork_joint,0.1326449111111111,0.20594867777777776,0.0
1783095547821498272,46.659931331,grapplecarrier_joint,-0.22340195555555553,0.0,-92.0
1783095547821498272,46.659931331,grappletong1_joint,0.0,0.0,0.0
1783095547821498272,46.659931331,grappletong2_joint,0.0,0.0,0.0
1783095547831104150,46.669537209,slew_joint,1.7366011388888887,0.040142538888888885,-63.0
1783095547831104150,46.669537209,boom_joint,0.2687804777777777,0.01570795,211.0
1783095547831104150,46.669537209,stick_joint,-1.0943205166666665,0.0,17.0
1783095547831104150,46.669537209,telescope_joint,0.4809,0.0,11.0
1783095547831104150,46.669537209,hanger_joint,0.8534652833333332,0.0,0.0
1783095547831104150,46.669537209,bearingfork_joint,0.1326449111111111,0.20594867777777776,0.0
1783095547831104150,46.669537209,grapplecarrier_joint,-0.22340195555555553,0.0,-92.0
1783095547831104150,46.669537209,grappletong1_joint,0.0,0.0,0.0
1783095547831104150,46.669537209,grappletong2_joint,0.0,0.0,0.0
1783095547841297009,46.679730068,slew_joint,1.7366011388888887,0.040142538888888885,-57.0
1783095547841297009,46.679730068,boom_joint,0.2687804777777777,0.01570795,214.0
1783095547841297009,46.679730068,stick_joint,-1.0943205166666665,0.0,19.0
1783095547841297009,46.679730068,telescope_joint,0.4809,0.0,11.0
1783095547841297009,46.679730068,hanger_joint,0.8534652833333332,0.0,0.0
1783095547841297009,46.679730068,bearingfork_joint,0.12740892777777776,0.23736457777777775,0.0
1783095547841297009,46.679730068,grapplecarrier_joint,-0.22340195555555553,0.0,-91.0
1783095547841297009,46.679730068,grappletong1_joint,0.0,0.0,0.0
1783095547841297009,46.679730068,grappletong2_joint,0.0,0.0,0.0
1783095547851107173,46.689540232,slew_joint,1.7366011388888887,0.040142538888888885,-57.0
1783095547851107173,46.689540232,boom_joint,0.2687804777777777,0.01570795,214.0
1783095547851107173,46.689540232,stick_joint,-1.0943205166666665,0.0,19.0
1783095547851107173,46.689540232,telescope_joint,0.4809,0.0,11.0
1783095547851107173,46.689540232,hanger_joint,0.8534652833333332,0.0,0.0
1783095547851107173,46.689540232,bearingfork_joint,0.12740892777777776,0.23736457777777775,0.0
1783095547851107173,46.689540232,grapplecarrier_joint,-0.22340195555555553,0.0,-91.0
1783095547851107173,46.689540232,grappletong1_joint,0.0,0.0,0.0
1783095547851107173,46.689540232,grappletong2_joint,0.0,0.0,0.0
1783095547861788888,46.700221947,slew_joint,1.7383464666666666,0.03839721111111111,-52.0
1783095547861788888,46.700221947,boom_joint,0.2687804777777777,0.01570795,219.0
1783095547861788888,46.700221947,stick_joint,-1.0943205166666665,0.0,21.0
1783095547861788888,46.700221947,telescope_joint,0.4809,0.0,11.0
1783095547861788888,46.700221947,hanger_joint,0.8534652833333332,0.0,0.0
1783095547861788888,46.700221947,bearingfork_joint,0.12217294444444443,0.23561924999999997,0.0
1783095547861788888,46.700221947,grapplecarrier_joint,-0.22340195555555553,0.0,-90.0
1783095547861788888,46.700221947,grappletong1_joint,0.0,0.0,0.0
1783095547861788888,46.700221947,grappletong2_joint,0.0,0.0,0.0
1783095547871524542,46.709957601,slew_joint,1.7383464666666666,0.03839721111111111,-52.0
1783095547871524542,46.709957601,boom_joint,0.2687804777777777,0.01570795,219.0
1783095547871524542,46.709957601,stick_joint,-1.0943205166666665,0.0,21.0
1783095547871524542,46.709957601,telescope_joint,0.4809,0.0,11.0
1783095547871524542,46.709957601,hanger_joint,0.8534652833333332,0.0,0.0
1783095547871524542,46.709957601,bearingfork_joint,0.12217294444444443,0.23561924999999997,0.0
1783095547871524542,46.709957601,grapplecarrier_joint,-0.22340195555555553,0.0,-90.0
1783095547871524542,46.709957601,grappletong1_joint,0.0,0.0,0.0
1783095547871524542,46.709957601,grappletong2_joint,0.0,0.0,0.0
1783095547881588120,46.720021179,slew_joint,1.7383464666666666,0.03839721111111111,-47.0
1783095547881588120,46.720021179,boom_joint,0.2705258055555555,0.017453277777777776,225.0
1783095547881588120,46.720021179,stick_joint,-1.0943205166666665,-0.0017453277777777776,22.0
1783095547881588120,46.720021179,telescope_joint,0.4809,0.0,12.0
1783095547881588120,46.720021179,hanger_joint,0.8534652833333332,-0.005235983333333333,0.0
1783095547881588120,46.720021179,bearingfork_joint,0.11868228888888888,0.2181659722222222,0.0
1783095547881588120,46.720021179,grapplecarrier_joint,-0.22340195555555553,0.0017453277777777776,-90.0
1783095547881588120,46.720021179,grappletong1_joint,0.0,0.0,0.0
1783095547881588120,46.720021179,grappletong2_joint,0.0,0.0,0.0
1783095547891625519,46.730058578,slew_joint,1.7383464666666666,0.03839721111111111,-47.0
1783095547891625519,46.730058578,boom_joint,0.2705258055555555,0.017453277777777776,225.0
1783095547891625519,46.730058578,stick_joint,-1.0943205166666665,-0.0017453277777777776,22.0
1783095547891625519,46.730058578,telescope_joint,0.4809,0.0,12.0
1783095547891625519,46.730058578,hanger_joint,0.8534652833333332,-0.005235983333333333,0.0
1783095547891625519,46.730058578,bearingfork_joint,0.11868228888888888,0.2181659722222222,0.0
1783095547891625519,46.730058578,grapplecarrier_joint,-0.22340195555555553,0.0017453277777777776,-90.0
1783095547891625519,46.730058578,grappletong1_joint,0.0,0.0,0.0
1783095547891625519,46.730058578,grappletong2_joint,0.0,0.0,0.0
1783095547902079461,46.74051252,slew_joint,1.7383464666666666,0.03839721111111111,-41.0
1783095547902079461,46.74051252,boom_joint,0.2705258055555555,0.01570795,235.0
1783095547902079461,46.74051252,stick_joint,-1.0943205166666665,-0.003490655555555555,23.0
1783095547902079461,46.74051252,telescope_joint,0.4809,0.0,13.0
1783095547902079461,46.74051252,hanger_joint,0.8534652833333332,-0.019198605555555553,0.0
1783095547902079461,46.74051252,bearingfork_joint,0.1169369611111111,0.17627810555555554,0.0
1783095547902079461,46.74051252,grapplecarrier_joint,-0.22340195555555553,0.003490655555555555,-89.0
1783095547902079461,46.74051252,grappletong1_joint,0.0,0.0,0.0
1783095547902079461,46.74051252,grappletong2_joint,0.0,0.0,0.0
1783095547911781464,46.750214523,slew_joint,1.7383464666666666,0.03839721111111111,-41.0
1783095547911781464,46.750214523,boom_joint,0.2705258055555555,0.01570795,235.0
1783095547911781464,46.750214523,stick_joint,-1.0943205166666665,-0.003490655555555555,23.0
1783095547911781464,46.750214523,telescope_joint,0.4809,0.0,13.0
1783095547911781464,46.750214523,hanger_joint,0.8534652833333332,-0.019198605555555553,0.0
1783095547911781464,46.750214523,bearingfork_joint,0.1169369611111111,0.17627810555555554,0.0
1783095547911781464,46.750214523,grapplecarrier_joint,-0.22340195555555553,0.003490655555555555,-89.0
1783095547911781464,46.750214523,grappletong1_joint,0.0,0.0,0.0
1783095547911781464,46.750214523,grappletong2_joint,0.0,0.0,0.0
1783095547921687548,46.760120607,slew_joint,1.7400917944444443,0.03665188333333333,-36.0
1783095547921687548,46.760120607,boom_joint,0.2705258055555555,0.01570795,241.0
1783095547921687548,46.760120607,stick_joint,-1.0943205166666665,-0.008726638888888888,24.0
1783095547921687548,46.760120607,telescope_joint,0.4809,0.0,13.0
1783095547921687548,46.760120607,hanger_joint,0.8534652833333332,-0.0314159,0.0
1783095547921687548,46.760120607,bearingfork_joint,0.11344630555555554,0.1396262222222222,0.0
1783095547921687548,46.760120607,grapplecarrier_joint,-0.22340195555555553,0.005235983333333333,-89.0
1783095547921687548,46.760120607,grappletong1_joint,0.0,0.0,0.0
1783095547921687548,46.760120607,grappletong2_joint,0.0,0.0,0.0
1783095547931825288,46.770258347,slew_joint,1.7400917944444443,0.03665188333333333,-36.0
1783095547931825288,46.770258347,boom_joint,0.2705258055555555,0.01570795,241.0
1783095547931825288,46.770258347,stick_joint,-1.0943205166666665,-0.008726638888888888,24.0
1783095547931825288,46.770258347,telescope_joint,0.4809,0.0,13.0
1783095547931825288,46.770258347,hanger_joint,0.8534652833333332,-0.0314159,0.0
1783095547931825288,46.770258347,bearingfork_joint,0.11344630555555554,0.1396262222222222,0.0
1783095547931825288,46.770258347,grapplecarrier_joint,-0.22340195555555553,0.005235983333333333,-89.0
1783095547931825288,46.770258347,grappletong1_joint,0.0,0.0,0.0
1783095547931825288,46.770258347,grappletong2_joint,0.0,0.0,0.0
1783095547941606762,46.780039821,slew_joint,1.7400917944444443,0.03490655555555555,-31.0
1783095547941606762,46.780039821,boom_joint,0.2705258055555555,0.019198605555555553,248.0
1783095547941606762,46.780039821,stick_joint,-1.0943205166666665,-0.008726638888888888,26.0
1783095547941606762,46.780039821,telescope_joint,0.4809,0.0,13.0
1783095547941606762,46.780039821,hanger_joint,0.8552106111111111,-0.0314159,0.0
1783095547941606762,46.780039821,bearingfork_joint,0.11170097777777777,0.12740892777777776,0.0
1783095547941606762,46.780039821,grapplecarrier_joint,-0.22340195555555553,0.00698131111111111,-88.0
1783095547941606762,46.780039821,grappletong1_joint,0.0,0.0,0.0
1783095547941606762,46.780039821,grappletong2_joint,0.0,0.0,0.0
1783095547952192186,46.790625245,slew_joint,1.7400917944444443,0.03490655555555555,-31.0
1783095547952192186,46.790625245,boom_joint,0.2705258055555555,0.019198605555555553,248.0
1783095547952192186,46.790625245,stick_joint,-1.0943205166666665,-0.008726638888888888,26.0
1783095547952192186,46.790625245,telescope_joint,0.4809,0.0,13.0
1783095547952192186,46.790625245,hanger_joint,0.8552106111111111,-0.0314159,0.0
1783095547952192186,46.790625245,bearingfork_joint,0.11170097777777777,0.12740892777777776,0.0
1783095547952192186,46.790625245,grapplecarrier_joint,-0.22340195555555553,0.00698131111111111,-88.0
1783095547952192186,46.790625245,grappletong1_joint,0.0,0.0,0.0
1783095547952192186,46.790625245,grappletong2_joint,0.0,0.0,0.0
1783095547961500694,46.799933753,slew_joint,1.741837122222222,0.0314159,-25.0
1783095547961500694,46.799933753,boom_joint,0.2705258055555555,0.02268926111111111,257.0
1783095547961500694,46.799933753,stick_joint,-1.0960658444444444,-0.01570795,25.0
1783095547961500694,46.799933753,telescope_joint,0.4809,0.0,14.0
1783095547961500694,46.799933753,hanger_joint,0.8569559388888888,-0.0628318,0.0
1783095547961500694,46.799933753,bearingfork_joint,0.10995564999999999,0.08377573333333332,0.0
1783095547961500694,46.799933753,grapplecarrier_joint,-0.22340195555555553,0.005235983333333333,-88.0
1783095547961500694,46.799933753,grappletong1_joint,0.0,0.0,0.0
1783095547961500694,46.799933753,grappletong2_joint,0.0,0.0,0.0
1783095547972038829,46.810471888,slew_joint,1.741837122222222,0.0314159,-25.0
1783095547972038829,46.810471888,boom_joint,0.2705258055555555,0.02268926111111111,257.0
1783095547972038829,46.810471888,stick_joint,-1.0960658444444444,-0.01570795,25.0
1783095547972038829,46.810471888,telescope_joint,0.4809,0.0,14.0
1783095547972038829,46.810471888,hanger_joint,0.8569559388888888,-0.0628318,0.0
1783095547972038829,46.810471888,bearingfork_joint,0.10995564999999999,0.08377573333333332,0.0
1783095547972038829,46.810471888,grapplecarrier_joint,-0.22340195555555553,0.005235983333333333,-88.0
1783095547972038829,46.810471888,grappletong1_joint,0.0,0.0,0.0
1783095547972038829,46.810471888,grappletong2_joint,0.0,0.0,0.0
1783095547981875204,46.820308263,slew_joint,1.741837122222222,0.0314159,-20.0
1783095547981875204,46.820308263,boom_joint,0.2722711333333333,0.02094393333333333,267.0
1783095547981875204,46.820308263,stick_joint,-1.0960658444444444,-0.01570795,25.0
1783095547981875204,46.820308263,telescope_joint,0.481,0.001,14.0
1783095547981875204,46.820308263,hanger_joint,0.8604465944444444,-0.1012290111111111,0.0
1783095547981875204,46.820308263,bearingfork_joint,0.10995564999999999,0.04188786666666666,0.0
1783095547981875204,46.820308263,grapplecarrier_joint,-0.22340195555555553,0.01570795,-88.0
1783095547981875204,46.820308263,grappletong1_joint,0.0,0.0,0.0
1783095547981875204,46.820308263,grappletong2_joint,0.0,0.0,0.0
1783095547991372664,46.829805723,slew_joint,1.741837122222222,0.0314159,-20.0
1783095547991372664,46.829805723,boom_joint,0.2722711333333333,0.02094393333333333,267.0
1783095547991372664,46.829805723,stick_joint,-1.0960658444444444,-0.01570795,25.0
1783095547991372664,46.829805723,telescope_joint,0.481,0.001,14.0
1783095547991372664,46.829805723,hanger_joint,0.8604465944444444,-0.1012290111111111,0.0
1783095547991372664,46.829805723,bearingfork_joint,0.10995564999999999,0.04188786666666666,0.0
1783095547991372664,46.829805723,grapplecarrier_joint,-0.22340195555555553,0.01570795,-88.0
1783095547991372664,46.829805723,grappletong1_joint,0.0,0.0,0.0
1783095547991372664,46.829805723,grappletong2_joint,0.0,0.0,0.0
1783095548001286943,46.839720002,slew_joint,1.741837122222222,0.026179916666666664,-16.0
1783095548001286943,46.839720002,boom_joint,0.2722711333333333,0.01396262222222222,276.0
1783095548001286943,46.839720002,stick_joint,-1.0960658444444444,-0.00698131111111111,24.0
1783095548001286943,46.839720002,telescope_joint,0.481,0.002,15.0
1783095548001286943,46.839720002,hanger_joint,0.8604465944444444,-0.10297433888888888,0.0
1783095548001286943,46.839720002,bearingfork_joint,0.11344630555555554,-0.040142538888888885,0.0
1783095548001286943,46.839720002,grapplecarrier_joint,-0.22340195555555553,0.017453277777777776,-87.0
1783095548001286943,46.839720002,grappletong1_joint,0.0,0.0,0.0
1783095548001286943,46.839720002,grappletong2_joint,0.0,0.0,0.0
1783095548011393822,46.849826881,slew_joint,1.741837122222222,0.026179916666666664,-16.0
1783095548011393822,46.849826881,boom_joint,0.2722711333333333,0.01396262222222222,276.0
1783095548011393822,46.849826881,stick_joint,-1.0960658444444444,-0.00698131111111111,24.0
1783095548011393822,46.849826881,telescope_joint,0.481,0.002,15.0
1783095548011393822,46.849826881,hanger_joint,0.8604465944444444,-0.10297433888888888,0.0
1783095548011393822,46.849826881,bearingfork_joint,0.11344630555555554,-0.040142538888888885,0.0
1783095548011393822,46.849826881,grapplecarrier_joint,-0.22340195555555553,0.017453277777777776,-87.0
1783095548011393822,46.849826881,grappletong1_joint,0.0,0.0,0.0
1783095548011393822,46.849826881,grappletong2_joint,0.0,0.0,0.0
1783095548021173283,46.859606342,slew_joint,1.741837122222222,0.02094393333333333,-12.0
1783095548021173283,46.859606342,boom_joint,0.2722711333333333,0.01396262222222222,286.0
1783095548021173283,46.859606342,stick_joint,-1.0960658444444444,-0.003490655555555555,23.0
1783095548021173283,46.859606342,telescope_joint,0.481,0.002,15.0
1783095548021173283,46.859606342,hanger_joint,0.8621919222222221,-0.0698131111111111,0.0
1783095548021173283,46.859606342,bearingfork_joint,0.11344630555555554,-0.05235983333333333,0.0
1783095548021173283,46.859606342,grapplecarrier_joint,-0.22165662777777778,0.008726638888888888,-87.0
1783095548021173283,46.859606342,grappletong1_joint,0.0,0.0,0.0
1783095548021173283,46.859606342,grappletong2_joint,0.0,0.0,0.0
1783095548031202103,46.869635162,slew_joint,1.741837122222222,0.02094393333333333,-12.0
1783095548031202103,46.869635162,boom_joint,0.2722711333333333,0.01396262222222222,286.0
1783095548031202103,46.869635162,stick_joint,-1.0960658444444444,-0.003490655555555555,23.0
1783095548031202103,46.869635162,telescope_joint,0.481,0.002,15.0
1783095548031202103,46.869635162,hanger_joint,0.8621919222222221,-0.0698131111111111,0.0
1783095548031202103,46.869635162,bearingfork_joint,0.11344630555555554,-0.05235983333333333,0.0
1783095548031202103,46.869635162,grapplecarrier_joint,-0.22165662777777778,0.008726638888888888,-87.0
1783095548031202103,46.869635162,grappletong1_joint,0.0,0.0,0.0
1783095548031202103,46.869635162,grappletong2_joint,0.0,0.0,0.0
1783095548050524477,46.888957536,slew_joint,1.74358245,0.019198605555555553,-8.0
1783095548050524477,46.888957536,boom_joint,0.2722711333333333,0.01396262222222222,295.0
1783095548050524477,46.888957536,stick_joint,-1.0960658444444444,-0.003490655555555555,23.0
1783095548050524477,46.888957536,telescope_joint,0.4811,0.002,15.0
1783095548050524477,46.888957536,hanger_joint,0.86393725,-0.05235983333333333,0.0
1783095548050524477,46.888957536,bearingfork_joint,0.11344630555555554,-0.05235983333333333,0.0
1783095548050524477,46.888957536,grapplecarrier_joint,-0.22165662777777778,0.003490655555555555,-86.0
1783095548050524477,46.888957536,grappletong1_joint,0.0,0.0,0.0
1783095548050524477,46.888957536,grappletong2_joint,0.0,0.0,0.0
1783095548051481266,46.889914325,slew_joint,1.74358245,0.019198605555555553,-8.0
1783095548051481266,46.889914325,boom_joint,0.2722711333333333,0.01396262222222222,295.0
1783095548051481266,46.889914325,stick_joint,-1.0960658444444444,-0.003490655555555555,23.0
1783095548051481266,46.889914325,telescope_joint,0.4811,0.002,15.0
1783095548051481266,46.889914325,hanger_joint,0.86393725,-0.05235983333333333,0.0
1783095548051481266,46.889914325,bearingfork_joint,0.11344630555555554,-0.05235983333333333,0.0
1783095548051481266,46.889914325,grapplecarrier_joint,-0.22165662777777778,0.003490655555555555,-86.0
1783095548051481266,46.889914325,grappletong1_joint,0.0,0.0,0.0
1783095548051481266,46.889914325,grappletong2_joint,0.0,0.0,0.0
1783095548061536551,46.89996961,slew_joint,1.74358245,0.01396262222222222,-4.0
1783095548061536551,46.89996961,boom_joint,0.2722711333333333,0.017453277777777776,304.0
1783095548061536551,46.89996961,stick_joint,-1.0960658444444444,-0.0017453277777777776,22.0
1783095548061536551,46.89996961,telescope_joint,0.4812,0.002,15.0
1783095548061536551,46.89996961,hanger_joint,0.86393725,-0.04363319444444444,0.0
1783095548061536551,46.89996961,bearingfork_joint,0.11344630555555554,0.0,0.0
1783095548061536551,46.89996961,grapplecarrier_joint,-0.22165662777777778,0.003490655555555555,-86.0
1783095548061536551,46.89996961,grappletong1_joint,0.0,0.0,0.0
1783095548061536551,46.89996961,grappletong2_joint,0.0,0.0,0.0
1783095548071318428,46.909751487,slew_joint,1.74358245,0.01396262222222222,-4.0
1783095548071318428,46.909751487,boom_joint,0.2722711333333333,0.017453277777777776,304.0
1783095548071318428,46.909751487,stick_joint,-1.0960658444444444,-0.0017453277777777776,22.0
1783095548071318428,46.909751487,telescope_joint,0.4812,0.002,15.0
1783095548071318428,46.909751487,hanger_joint,0.86393725,-0.04363319444444444,0.0
1783095548071318428,46.909751487,bearingfork_joint,0.11344630555555554,0.0,0.0
1783095548071318428,46.909751487,grapplecarrier_joint,-0.22165662777777778,0.003490655555555555,-86.0
1783095548071318428,46.909751487,grappletong1_joint,0.0,0.0,0.0
1783095548071318428,46.909751487,grappletong2_joint,0.0,0.0,0.0
1783095548081173956,46.919607015,slew_joint,1.74358245,0.01396262222222222,0.0
1783095548081173956,46.919607015,boom_joint,0.2740164611111111,0.019198605555555553,313.0
1783095548081173956,46.919607015,stick_joint,-1.0960658444444444,0.0,21.0
1783095548081173956,46.919607015,telescope_joint,0.4813,0.004,15.0
1783095548081173956,46.919607015,hanger_joint,0.86393725,-0.019198605555555553,0.0
1783095548081173956,46.919607015,bearingfork_joint,0.11344630555555554,0.0,0.0
1783095548081173956,46.919607015,grapplecarrier_joint,-0.22165662777777778,0.005235983333333333,-86.0
1783095548081173956,46.919607015,grappletong1_joint,0.0,0.0,0.0
1783095548081173956,46.919607015,grappletong2_joint,0.0,0.0,0.0
1783095548091342803,46.929775862,slew_joint,1.74358245,0.01396262222222222,0.0
1783095548091342803,46.929775862,boom_joint,0.2740164611111111,0.019198605555555553,313.0
1783095548091342803,46.929775862,stick_joint,-1.0960658444444444,0.0,21.0
1783095548091342803,46.929775862,telescope_joint,0.4813,0.004,15.0
1783095548091342803,46.929775862,hanger_joint,0.86393725,-0.019198605555555553,0.0
1783095548091342803,46.929775862,bearingfork_joint,0.11344630555555554,0.0,0.0
1783095548091342803,46.929775862,grapplecarrier_joint,-0.22165662777777778,0.005235983333333333,-86.0
1783095548091342803,46.929775862,grappletong1_joint,0.0,0.0,0.0
1783095548091342803,46.929775862,grappletong2_joint,0.0,0.0,0.0
1783095548101586015,46.940019074,slew_joint,1.74358245,0.01570795,3.0
1783095548101586015,46.940019074,boom_joint,0.2740164611111111,0.026179916666666664,322.0
1783095548101586015,46.940019074,stick_joint,-1.0960658444444444,0.0,22.0
1783095548101586015,46.940019074,telescope_joint,0.4815,0.008,14.0
1783095548101586015,46.940019074,hanger_joint,0.86393725,-0.005235983333333333,0.0
1783095548101586015,46.940019074,bearingfork_joint,0.11170097777777777,0.003490655555555555,0.0
1783095548101586015,46.940019074,grapplecarrier_joint,-0.22165662777777778,0.0017453277777777776,-86.0
1783095548101586015,46.940019074,grappletong1_joint,0.0,0.0,0.0
1783095548101586015,46.940019074,grappletong2_joint,0.0,0.0,0.0
1783095548111866208,46.950299267,slew_joint,1.74358245,0.01570795,3.0
1783095548111866208,46.950299267,boom_joint,0.2740164611111111,0.026179916666666664,322.0
1783095548111866208,46.950299267,stick_joint,-1.0960658444444444,0.0,22.0
1783095548111866208,46.950299267,telescope_joint,0.4815,0.008,14.0
1783095548111866208,46.950299267,hanger_joint,0.86393725,-0.005235983333333333,0.0
1783095548111866208,46.950299267,bearingfork_joint,0.11170097777777777,0.003490655555555555,0.0
1783095548111866208,46.950299267,grapplecarrier_joint,-0.22165662777777778,0.0017453277777777776,-86.0
1783095548111866208,46.950299267,grappletong1_joint,0.0,0.0,0.0
1783095548111866208,46.950299267,grappletong2_joint,0.0,0.0,0.0
1783095548122473529,46.960906588,slew_joint,1.74358245,0.017453277777777776,6.0
1783095548122473529,46.960906588,boom_joint,0.2740164611111111,0.0314159,330.0
1783095548122473529,46.960906588,stick_joint,-1.0960658444444444,-0.003490655555555555,23.0
1783095548122473529,46.960906588,telescope_joint,0.4816,0.007,13.0
1783095548122473529,46.960906588,hanger_joint,0.86393725,-0.003490655555555555,0.0
1783095548122473529,46.960906588,bearingfork_joint,0.11170097777777777,0.00698131111111111,0.0
1783095548122473529,46.960906588,grapplecarrier_joint,-0.22340195555555553,-0.01570795,-86.0
1783095548122473529,46.960906588,grappletong1_joint,0.0,0.0,0.0
1783095548122473529,46.960906588,grappletong2_joint,0.0,0.0,0.0
1783095548131959537,46.970392596,slew_joint,1.74358245,0.017453277777777776,6.0
1783095548131959537,46.970392596,boom_joint,0.2740164611111111,0.0314159,330.0
1783095548131959537,46.970392596,stick_joint,-1.0960658444444444,-0.003490655555555555,23.0
1783095548131959537,46.970392596,telescope_joint,0.4816,0.007,13.0
1783095548131959537,46.970392596,hanger_joint,0.86393725,-0.003490655555555555,0.0
1783095548131959537,46.970392596,bearingfork_joint,0.11170097777777777,0.00698131111111111,0.0
1783095548131959537,46.970392596,grapplecarrier_joint,-0.22340195555555553,-0.01570795,-86.0
1783095548131959537,46.970392596,grappletong1_joint,0.0,0.0,0.0
1783095548131959537,46.970392596,grappletong2_joint,0.0,0.0,0.0
1783095548141607785,46.980040844,slew_joint,1.7453277777777776,0.019198605555555553,9.0
1783095548141607785,46.980040844,boom_joint,0.2757617888888889,0.033161227777777774,341.0
1783095548141607785,46.980040844,stick_joint,-1.0960658444444444,-0.00698131111111111,24.0
1783095548141607785,46.980040844,telescope_joint,0.4818,0.007,12.0
1783095548141607785,46.980040844,hanger_joint,0.86393725,-0.008726638888888888,0.0
1783095548141607785,46.980040844,bearingfork_joint,0.11170097777777777,0.00698131111111111,0.0
1783095548141607785,46.980040844,grapplecarrier_joint,-0.22514728333333328,-0.04188786666666666,-87.0
1783095548141607785,46.980040844,grappletong1_joint,0.0,0.0,0.0
1783095548141607785,46.980040844,grappletong2_joint,0.0,0.0,0.0
1783095548151438166,46.989871225,slew_joint,1.7453277777777776,0.019198605555555553,9.0
1783095548151438166,46.989871225,boom_joint,0.2757617888888889,0.033161227777777774,341.0
1783095548151438166,46.989871225,stick_joint,-1.0960658444444444,-0.00698131111111111,24.0
1783095548151438166,46.989871225,telescope_joint,0.4818,0.007,12.0
1783095548151438166,46.989871225,hanger_joint,0.86393725,-0.008726638888888888,0.0
1783095548151438166,46.989871225,bearingfork_joint,0.11170097777777777,0.00698131111111111,0.0
1783095548151438166,46.989871225,grapplecarrier_joint,-0.22514728333333328,-0.04188786666666666,-87.0
1783095548151438166,46.989871225,grappletong1_joint,0.0,0.0,0.0
1783095548151438166,46.989871225,grappletong2_joint,0.0,0.0,0.0
1783095548160964311,46.99939737,slew_joint,1.7453277777777776,0.019198605555555553,11.0
1783095548160964311,46.99939737,boom_joint,0.2757617888888889,0.0314159,349.0
1783095548160964311,46.99939737,stick_joint,-1.0960658444444444,-0.008726638888888888,24.0
1783095548160964311,46.99939737,telescope_joint,0.4818,0.005,11.0
1783095548160964311,46.99939737,hanger_joint,0.86393725,-0.008726638888888888,0.0
1783095548160964311,46.99939737,bearingfork_joint,0.10821032222222221,0.07155843888888888,0.0
1783095548160964311,46.99939737,grapplecarrier_joint,-0.22514728333333328,-0.06632245555555555,-89.0
1783095548160964311,46.99939737,grappletong1_joint,0.0,0.0,0.0
1783095548160964311,46.99939737,grappletong2_joint,0.0,0.0,0.0
1783095548171319489,47.009752548,slew_joint,1.7453277777777776,0.019198605555555553,11.0
1783095548171319489,47.009752548,boom_joint,0.2757617888888889,0.0314159,349.0
1783095548171319489,47.009752548,stick_joint,-1.0960658444444444,-0.008726638888888888,24.0
1783095548171319489,47.009752548,telescope_joint,0.4818,0.005,11.0
1783095548171319489,47.009752548,hanger_joint,0.86393725,-0.008726638888888888,0.0
1783095548171319489,47.009752548,bearingfork_joint,0.10821032222222221,0.07155843888888888,0.0
1783095548171319489,47.009752548,grapplecarrier_joint,-0.22514728333333328,-0.06632245555555555,-89.0
1783095548171319489,47.009752548,grappletong1_joint,0.0,0.0,0.0
1783095548171319489,47.009752548,grappletong2_joint,0.0,0.0,0.0
1783095548181187262,47.019620321,slew_joint,1.7453277777777776,0.02268926111111111,14.0
1783095548181187262,47.019620321,boom_joint,0.2775071166666666,0.03490655555555555,359.0
1783095548181187262,47.019620321,stick_joint,-1.0960658444444444,-0.008726638888888888,25.0
1783095548181187262,47.019620321,telescope_joint,0.4819,0.004,10.0
1783095548181187262,47.019620321,hanger_joint,0.86393725,-0.0017453277777777776,0.0
1783095548181187262,47.019620321,bearingfork_joint,0.10471966666666666,0.17453277777777776,0.0
1783095548181187262,47.019620321,grapplecarrier_joint,-0.22863793888888884,-0.08203040555555555,-92.0
1783095548181187262,47.019620321,grappletong1_joint,0.0,0.0,0.0
1783095548181187262,47.019620321,grappletong2_joint,0.0,0.0,0.0
1783095548191820783,47.030253842,slew_joint,1.7453277777777776,0.02268926111111111,14.0
1783095548191820783,47.030253842,boom_joint,0.2775071166666666,0.03490655555555555,359.0
1783095548191820783,47.030253842,stick_joint,-1.0960658444444444,-0.008726638888888888,25.0
1783095548191820783,47.030253842,telescope_joint,0.4819,0.004,10.0
1783095548191820783,47.030253842,hanger_joint,0.86393725,-0.0017453277777777776,0.0
1783095548191820783,47.030253842,bearingfork_joint,0.10471966666666666,0.17453277777777776,0.0
1783095548191820783,47.030253842,grapplecarrier_joint,-0.22863793888888884,-0.08203040555555555,-92.0
1783095548191820783,47.030253842,grappletong1_joint,0.0,0.0,0.0
1783095548191820783,47.030253842,grappletong2_joint,0.0,0.0,0.0
1783095548201855641,47.0402887,slew_joint,1.7453277777777776,0.026179916666666664,17.0
1783095548201855641,47.0402887,boom_joint,0.2775071166666666,0.03665188333333333,365.0
1783095548201855641,47.0402887,stick_joint,-1.0960658444444444,-0.012217294444444443,26.0
1783095548201855641,47.0402887,telescope_joint,0.482,0.005,8.0
1783095548201855641,47.0402887,hanger_joint,0.86393725,-0.0017453277777777776,0.0
1783095548201855641,47.0402887,bearingfork_joint,0.09948368333333332,0.21991129999999998,0.0
1783095548201855641,47.0402887,grapplecarrier_joint,-0.23038326666666664,-0.10471966666666666,-96.0
1783095548201855641,47.0402887,grappletong1_joint,0.0,0.0,0.0
1783095548201855641,47.0402887,grappletong2_joint,0.0,0.0,0.0
1783095548211343340,47.049776399,slew_joint,1.7453277777777776,0.026179916666666664,17.0
1783095548211343340,47.049776399,boom_joint,0.2775071166666666,0.03665188333333333,365.0
1783095548211343340,47.049776399,stick_joint,-1.0960658444444444,-0.012217294444444443,26.0
1783095548211343340,47.049776399,telescope_joint,0.482,0.005,8.0
1783095548211343340,47.049776399,hanger_joint,0.86393725,-0.0017453277777777776,0.0
1783095548211343340,47.049776399,bearingfork_joint,0.09948368333333332,0.21991129999999998,0.0
1783095548211343340,47.049776399,grapplecarrier_joint,-0.23038326666666664,-0.10471966666666666,-96.0
1783095548211343340,47.049776399,grappletong1_joint,0.0,0.0,0.0
1783095548211343340,47.049776399,grappletong2_joint,0.0,0.0,0.0
1783095548221337119,47.059770178,slew_joint,1.7470731055555555,0.024434588888888886,20.0
1783095548221337119,47.059770178,boom_joint,0.2775071166666666,0.03839721111111111,373.0
1783095548221337119,47.059770178,stick_joint,-1.0960658444444444,-0.008726638888888888,27.0
1783095548221337119,47.059770178,telescope_joint,0.4822,0.006,6.0
1783095548221337119,47.059770178,hanger_joint,0.86393725,-0.003490655555555555,0.0
1783095548221337119,47.059770178,bearingfork_joint,0.09599302777777777,0.21467531666666664,0.0
1783095548221337119,47.059770178,grapplecarrier_joint,-0.2321285944444444,-0.10995564999999999,-100.0
1783095548221337119,47.059770178,grappletong1_joint,0.0,0.0,0.0
1783095548221337119,47.059770178,grappletong2_joint,0.0,0.0,0.0
1783095548231103708,47.069536767,slew_joint,1.7470731055555555,0.024434588888888886,20.0
1783095548231103708,47.069536767,boom_joint,0.2775071166666666,0.03839721111111111,373.0
1783095548231103708,47.069536767,stick_joint,-1.0960658444444444,-0.008726638888888888,27.0
1783095548231103708,47.069536767,telescope_joint,0.4822,0.006,6.0
1783095548231103708,47.069536767,hanger_joint,0.86393725,-0.003490655555555555,0.0
1783095548231103708,47.069536767,bearingfork_joint,0.09599302777777777,0.21467531666666664,0.0
1783095548231103708,47.069536767,grapplecarrier_joint,-0.2321285944444444,-0.10995564999999999,-100.0
1783095548231103708,47.069536767,grappletong1_joint,0.0,0.0,0.0
1783095548231103708,47.069536767,grappletong2_joint,0.0,0.0,0.0
1783095548241487319,47.079920378,slew_joint,1.7470731055555555,0.024434588888888886,23.0
1783095548241487319,47.079920378,boom_joint,0.2792524444444444,0.03490655555555555,381.0
1783095548241487319,47.079920378,stick_joint,-1.0960658444444444,-0.005235983333333333,28.0
1783095548241487319,47.079920378,telescope_joint,0.4823,0.006,5.0
1783095548241487319,47.079920378,hanger_joint,0.86393725,-0.0017453277777777776,0.0
1783095548241487319,47.079920378,bearingfork_joint,0.09250237222222221,0.19722203888888887,0.0
1783095548241487319,47.079920378,grapplecarrier_joint,-0.2338739222222222,-0.1012290111111111,-103.0
1783095548241487319,47.079920378,grappletong1_joint,0.0,0.0,0.0
1783095548241487319,47.079920378,grappletong2_joint,0.0,0.0,0.0
1783095548251778836,47.090211895,slew_joint,1.7470731055555555,0.024434588888888886,23.0
1783095548251778836,47.090211895,boom_joint,0.2792524444444444,0.03490655555555555,381.0
1783095548251778836,47.090211895,stick_joint,-1.0960658444444444,-0.005235983333333333,28.0
1783095548251778836,47.090211895,telescope_joint,0.4823,0.006,5.0
1783095548251778836,47.090211895,hanger_joint,0.86393725,-0.0017453277777777776,0.0
1783095548251778836,47.090211895,bearingfork_joint,0.09250237222222221,0.19722203888888887,0.0
1783095548251778836,47.090211895,grapplecarrier_joint,-0.2338739222222222,-0.1012290111111111,-103.0
1783095548251778836,47.090211895,grappletong1_joint,0.0,0.0,0.0
1783095548251778836,47.090211895,grappletong2_joint,0.0,0.0,0.0
1783095548261893044,47.100326103,slew_joint,1.7470731055555555,0.019198605555555553,25.0
1783095548261893044,47.100326103,boom_joint,0.2792524444444444,0.03490655555555555,389.0
1783095548261893044,47.100326103,stick_joint,-1.0978111722222221,-0.00698131111111111,29.0
1783095548261893044,47.100326103,telescope_joint,0.4824,0.005,3.0
1783095548261893044,47.100326103,hanger_joint,0.86393725,-0.003490655555555555,0.0
1783095548261893044,47.100326103,bearingfork_joint,0.08901171666666666,0.1867500722222222,0.0
1783095548261893044,47.100326103,grapplecarrier_joint,-0.23561925,-0.08377573333333332,-107.0
1783095548261893044,47.100326103,grappletong1_joint,0.0,0.0,0.0
1783095548261893044,47.100326103,grappletong2_joint,0.0,0.0,0.0
1783095548271267059,47.109700118,slew_joint,1.7470731055555555,0.019198605555555553,25.0
1783095548271267059,47.109700118,boom_joint,0.2792524444444444,0.03490655555555555,389.0
1783095548271267059,47.109700118,stick_joint,-1.0978111722222221,-0.00698131111111111,29.0
1783095548271267059,47.109700118,telescope_joint,0.4824,0.005,3.0
1783095548271267059,47.109700118,hanger_joint,0.86393725,-0.003490655555555555,0.0
1783095548271267059,47.109700118,bearingfork_joint,0.08901171666666666,0.1867500722222222,0.0
1783095548271267059,47.109700118,grapplecarrier_joint,-0.23561925,-0.08377573333333332,-107.0
1783095548271267059,47.109700118,grappletong1_joint,0.0,0.0,0.0
1783095548271267059,47.109700118,grappletong2_joint,0.0,0.0,0.0
1783095548281346612,47.119779671,slew_joint,1.7470731055555555,0.017453277777777776,28.0
1783095548281346612,47.119779671,boom_joint,0.2809977722222222,0.03839721111111111,398.0
1783095548281346612,47.119779671,stick_joint,-1.0978111722222221,-0.00698131111111111,29.0
1783095548281346612,47.119779671,telescope_joint,0.4825,0.005,2.0
1783095548281346612,47.119779671,hanger_joint,0.8656825777777777,-0.01570795,0.0
1783095548281346612,47.119779671,bearingfork_joint,0.0855210611111111,0.16929679444444443,0.0
1783095548281346612,47.119779671,grapplecarrier_joint,-0.23736457777777775,-0.06457712777777777,-110.0
1783095548281346612,47.119779671,grappletong1_joint,0.0,0.0,0.0
1783095548281346612,47.119779671,grappletong2_joint,0.0,0.0,0.0
1783095548291104843,47.129537902,slew_joint,1.7470731055555555,0.017453277777777776,28.0
1783095548291104843,47.129537902,boom_joint,0.2809977722222222,0.03839721111111111,398.0
1783095548291104843,47.129537902,stick_joint,-1.0978111722222221,-0.00698131111111111,29.0
1783095548291104843,47.129537902,telescope_joint,0.4825,0.005,2.0
1783095548291104843,47.129537902,hanger_joint,0.8656825777777777,-0.01570795,0.0
1783095548291104843,47.129537902,bearingfork_joint,0.0855210611111111,0.16929679444444443,0.0
1783095548291104843,47.129537902,grapplecarrier_joint,-0.23736457777777775,-0.06457712777777777,-110.0
1783095548291104843,47.129537902,grappletong1_joint,0.0,0.0,0.0
1783095548291104843,47.129537902,grappletong2_joint,0.0,0.0,0.0
1783095548301007934,47.139440993,slew_joint,1.7488184333333332,0.01396262222222222,31.0
1783095548301007934,47.139440993,boom_joint,0.2809977722222222,0.03839721111111111,405.0
1783095548301007934,47.139440993,stick_joint,-1.0978111722222221,-0.012217294444444443,29.0
1783095548301007934,47.139440993,telescope_joint,0.4826,0.005,0.0
1783095548301007934,47.139440993,hanger_joint,0.8656825777777777,-0.02094393333333333,0.0
1783095548301007934,47.139440993,bearingfork_joint,0.08377573333333332,0.15009818888888887,0.0
1783095548301007934,47.139440993,grapplecarrier_joint,-0.23736457777777775,-0.040142538888888885,-113.0
1783095548301007934,47.139440993,grappletong1_joint,0.0,0.0,0.0
1783095548301007934,47.139440993,grappletong2_joint,0.0,0.0,0.0
1783095548311073287,47.149506346,slew_joint,1.7488184333333332,0.01396262222222222,31.0
1783095548311073287,47.149506346,boom_joint,0.2809977722222222,0.03839721111111111,405.0
1783095548311073287,47.149506346,stick_joint,-1.0978111722222221,-0.012217294444444443,29.0
1783095548311073287,47.149506346,telescope_joint,0.4826,0.005,0.0
1783095548311073287,47.149506346,hanger_joint,0.8656825777777777,-0.02094393333333333,0.0
1783095548311073287,47.149506346,bearingfork_joint,0.08377573333333332,0.15009818888888887,0.0
1783095548311073287,47.149506346,grapplecarrier_joint,-0.23736457777777775,-0.040142538888888885,-113.0
1783095548311073287,47.149506346,grappletong1_joint,0.0,0.0,0.0
1783095548311073287,47.149506346,grappletong2_joint,0.0,0.0,0.0
1783095548321539952,47.159973011,slew_joint,1.7488184333333332,0.008726638888888888,34.0
1783095548321539952,47.159973011,boom_joint,0.2827431,0.040142538888888885,414.0
1783095548321539952,47.159973011,stick_joint,-1.0978111722222221,-0.008726638888888888,27.0
1783095548321539952,47.159973011,telescope_joint,0.4827,0.005,-1.0
1783095548321539952,47.159973011,hanger_joint,0.8656825777777777,-0.012217294444444443,0.0
1783095548321539952,47.159973011,bearingfork_joint,0.08028507777777777,0.13439023888888887,0.0
1783095548321539952,47.159973011,grapplecarrier_joint,-0.23736457777777775,-0.02268926111111111,-115.0
1783095548321539952,47.159973011,grappletong1_joint,0.0,0.0,0.0
1783095548321539952,47.159973011,grappletong2_joint,0.0,0.0,0.0
1783095548331556122,47.169989181,slew_joint,1.7488184333333332,0.008726638888888888,34.0
1783095548331556122,47.169989181,boom_joint,0.2827431,0.040142538888888885,414.0
1783095548331556122,47.169989181,stick_joint,-1.0978111722222221,-0.008726638888888888,27.0
1783095548331556122,47.169989181,telescope_joint,0.4827,0.005,-1.0
1783095548331556122,47.169989181,hanger_joint,0.8656825777777777,-0.012217294444444443,0.0
1783095548331556122,47.169989181,bearingfork_joint,0.08028507777777777,0.13439023888888887,0.0
1783095548331556122,47.169989181,grapplecarrier_joint,-0.23736457777777775,-0.02268926111111111,-115.0
1783095548331556122,47.169989181,grappletong1_joint,0.0,0.0,0.0
1783095548331556122,47.169989181,grappletong2_joint,0.0,0.0,0.0
1783095548341322957,47.179756016,slew_joint,1.7488184333333332,0.005235983333333333,36.0
1783095548341322957,47.179756016,boom_joint,0.2827431,0.03839721111111111,420.0
1783095548341322957,47.179756016,stick_joint,-1.0978111722222221,-0.00698131111111111,28.0
1783095548341322957,47.179756016,telescope_joint,0.4829,0.005,-3.0
1783095548341322957,47.179756016,hanger_joint,0.8656825777777777,-0.00698131111111111,0.0
1783095548341322957,47.179756016,bearingfork_joint,0.07853974999999999,0.09599302777777777,0.0
1783095548341322957,47.179756016,grapplecarrier_joint,-0.23736457777777775,-0.00698131111111111,-115.0
1783095548341322957,47.179756016,grappletong1_joint,0.0,0.0,0.0
1783095548341322957,47.179756016,grappletong2_joint,0.0,0.0,0.0
1783095548351610980,47.190044039,slew_joint,1.7488184333333332,0.005235983333333333,36.0
1783095548351610980,47.190044039,boom_joint,0.2827431,0.03839721111111111,420.0
1783095548351610980,47.190044039,stick_joint,-1.0978111722222221,-0.00698131111111111,28.0
1783095548351610980,47.190044039,telescope_joint,0.4829,0.005,-3.0
1783095548351610980,47.190044039,hanger_joint,0.8656825777777777,-0.00698131111111111,0.0
1783095548351610980,47.190044039,bearingfork_joint,0.07853974999999999,0.09599302777777777,0.0
1783095548351610980,47.190044039,grapplecarrier_joint,-0.23736457777777775,-0.00698131111111111,-115.0
1783095548351610980,47.190044039,grappletong1_joint,0.0,0.0,0.0
1783095548351610980,47.190044039,grappletong2_joint,0.0,0.0,0.0
1783095548361368391,47.19980145,slew_joint,1.7488184333333332,0.005235983333333333,38.0
1783095548361368391,47.19980145,boom_joint,0.2827431,0.04188786666666666,429.0
1783095548361368391,47.19980145,stick_joint,-1.0978111722222221,-0.008726638888888888,28.0
1783095548361368391,47.19980145,telescope_joint,0.483,0.007,-4.0
1783095548361368391,47.19980145,hanger_joint,0.8656825777777777,-0.00698131111111111,0.0
1783095548361368391,47.19980145,bearingfork_joint,0.07853974999999999,0.054105161111111105,0.0
1783095548361368391,47.19980145,grapplecarrier_joint,-0.23736457777777775,0.0,-115.0
1783095548361368391,47.19980145,grappletong1_joint,0.0,0.0,0.0
1783095548361368391,47.19980145,grappletong2_joint,0.0,0.0,0.0
1783095548371464366,47.209897425,slew_joint,1.7488184333333332,0.005235983333333333,38.0
1783095548371464366,47.209897425,boom_joint,0.2827431,0.04188786666666666,429.0
1783095548371464366,47.209897425,stick_joint,-1.0978111722222221,-0.008726638888888888,28.0
1783095548371464366,47.209897425,telescope_joint,0.483,0.007,-4.0
1783095548371464366,47.209897425,hanger_joint,0.8656825777777777,-0.00698131111111111,0.0
1783095548371464366,47.209897425,bearingfork_joint,0.07853974999999999,0.054105161111111105,0.0
1783095548371464366,47.209897425,grapplecarrier_joint,-0.23736457777777775,0.0,-115.0
1783095548371464366,47.209897425,grappletong1_joint,0.0,0.0,0.0
1783095548371464366,47.209897425,grappletong2_joint,0.0,0.0,0.0
1783095548381452719,47.219885778,slew_joint,1.7488184333333332,0.003490655555555555,40.0
1783095548381452719,47.219885778,boom_joint,0.2844884277777777,0.04363319444444444,437.0
1783095548381452719,47.219885778,stick_joint,-1.0978111722222221,-0.005235983333333333,29.0
1783095548381452719,47.219885778,telescope_joint,0.4832,0.008,-6.0
1783095548381452719,47.219885778,hanger_joint,0.8656825777777777,-0.012217294444444443,0.0
1783095548381452719,47.219885778,bearingfork_joint,0.07853974999999999,0.02094393333333333,0.0
1783095548381452719,47.219885778,grapplecarrier_joint,-0.23736457777777775,0.0,-114.0
1783095548381452719,47.219885778,grappletong1_joint,0.0,0.0,0.0
1783095548381452719,47.219885778,grappletong2_joint,0.0,0.0,0.0
1783095548392014410,47.230447469,slew_joint,1.7488184333333332,0.003490655555555555,40.0
1783095548392014410,47.230447469,boom_joint,0.2844884277777777,0.04363319444444444,437.0
1783095548392014410,47.230447469,stick_joint,-1.0978111722222221,-0.005235983333333333,29.0
1783095548392014410,47.230447469,telescope_joint,0.4832,0.008,-6.0
1783095548392014410,47.230447469,hanger_joint,0.8656825777777777,-0.012217294444444443,0.0
1783095548392014410,47.230447469,bearingfork_joint,0.07853974999999999,0.02094393333333333,0.0
1783095548392014410,47.230447469,grapplecarrier_joint,-0.23736457777777775,0.0,-114.0
1783095548392014410,47.230447469,grappletong1_joint,0.0,0.0,0.0
1783095548392014410,47.230447469,grappletong2_joint,0.0,0.0,0.0
1783095548401772016,47.240205075,slew_joint,1.7488184333333332,0.003490655555555555,42.0
1783095548401772016,47.240205075,boom_joint,0.2844884277777777,0.040142538888888885,446.0
1783095548401772016,47.240205075,stick_joint,-1.0978111722222221,-0.003490655555555555,30.0
1783095548401772016,47.240205075,telescope_joint,0.4834,0.008,-8.0
1783095548401772016,47.240205075,hanger_joint,0.8656825777777777,-0.008726638888888888,0.0
1783095548401772016,47.240205075,bearingfork_joint,0.07853974999999999,0.005235983333333333,0.0
1783095548401772016,47.240205075,grapplecarrier_joint,-0.23736457777777775,0.0,-113.0
1783095548401772016,47.240205075,grappletong1_joint,0.0,0.0,0.0
1783095548401772016,47.240205075,grappletong2_joint,0.0,0.0,0.0
1783095548411789497,47.250222556,slew_joint,1.7488184333333332,0.003490655555555555,42.0
1783095548411789497,47.250222556,boom_joint,0.2844884277777777,0.040142538888888885,446.0
1783095548411789497,47.250222556,stick_joint,-1.0978111722222221,-0.003490655555555555,30.0
1783095548411789497,47.250222556,telescope_joint,0.4834,0.008,-8.0
1783095548411789497,47.250222556,hanger_joint,0.8656825777777777,-0.008726638888888888,0.0
1783095548411789497,47.250222556,bearingfork_joint,0.07853974999999999,0.005235983333333333,0.0
1783095548411789497,47.250222556,grapplecarrier_joint,-0.23736457777777775,0.0,-113.0
1783095548411789497,47.250222556,grappletong1_joint,0.0,0.0,0.0
1783095548411789497,47.250222556,grappletong2_joint,0.0,0.0,0.0
1783095548421260687,47.259693746,slew_joint,1.7488184333333332,0.0017453277777777776,43.0
1783095548421260687,47.259693746,boom_joint,0.2862337555555555,0.03839721111111111,454.0
1783095548421260687,47.259693746,stick_joint,-1.0978111722222221,-0.003490655555555555,30.0
1783095548421260687,47.259693746,telescope_joint,0.4835,0.007,-10.0
1783095548421260687,47.259693746,hanger_joint,0.8656825777777777,-0.005235983333333333,0.0
1783095548421260687,47.259693746,bearingfork_joint,0.07853974999999999,0.003490655555555555,0.0
1783095548421260687,47.259693746,grapplecarrier_joint,-0.23736457777777775,0.003490655555555555,-111.0
1783095548421260687,47.259693746,grappletong1_joint,0.0,0.0,0.0
1783095548421260687,47.259693746,grappletong2_joint,0.0,0.0,0.0
1783095548431492255,47.269925314,slew_joint,1.7488184333333332,0.0017453277777777776,43.0
1783095548431492255,47.269925314,boom_joint,0.2862337555555555,0.03839721111111111,454.0
1783095548431492255,47.269925314,stick_joint,-1.0978111722222221,-0.003490655555555555,30.0
1783095548431492255,47.269925314,telescope_joint,0.4835,0.007,-10.0
1783095548431492255,47.269925314,hanger_joint,0.8656825777777777,-0.005235983333333333,0.0
1783095548431492255,47.269925314,bearingfork_joint,0.07853974999999999,0.003490655555555555,0.0
1783095548431492255,47.269925314,grapplecarrier_joint,-0.23736457777777775,0.003490655555555555,-111.0
1783095548431492255,47.269925314,grappletong1_joint,0.0,0.0,0.0
1783095548431492255,47.269925314,grappletong2_joint,0.0,0.0,0.0
1783095548441429048,47.279862107,slew_joint,1.7488184333333332,0.0,44.0
1783095548441429048,47.279862107,boom_joint,0.2862337555555555,0.04363319444444444,464.0
1783095548441429048,47.279862107,stick_joint,-1.0995564999999998,-0.008726638888888888,31.0
1783095548441429048,47.279862107,telescope_joint,0.4836,0.006,-12.0
1783095548441429048,47.279862107,hanger_joint,0.8674279055555554,-0.00698131111111111,0.0
1783095548441429048,47.279862107,bearingfork_joint,0.07853974999999999,0.008726638888888888,0.0
1783095548441429048,47.279862107,grapplecarrier_joint,-0.23736457777777775,0.00698131111111111,-109.0
1783095548441429048,47.279862107,grappletong1_joint,0.0,0.0,0.0
1783095548441429048,47.279862107,grappletong2_joint,0.0,0.0,0.0
1783095548451955714,47.290388773,slew_joint,1.7488184333333332,0.0,44.0
1783095548451955714,47.290388773,boom_joint,0.2862337555555555,0.04363319444444444,464.0
1783095548451955714,47.290388773,stick_joint,-1.0995564999999998,-0.008726638888888888,31.0
1783095548451955714,47.290388773,telescope_joint,0.4836,0.006,-12.0
1783095548451955714,47.290388773,hanger_joint,0.8674279055555554,-0.00698131111111111,0.0
1783095548451955714,47.290388773,bearingfork_joint,0.07853974999999999,0.008726638888888888,0.0
1783095548451955714,47.290388773,grapplecarrier_joint,-0.23736457777777775,0.00698131111111111,-109.0
1783095548451955714,47.290388773,grappletong1_joint,0.0,0.0,0.0
1783095548451955714,47.290388773,grappletong2_joint,0.0,0.0,0.0
1783095548461893583,47.300326642,slew_joint,1.7488184333333332,0.0,44.0
1783095548461893583,47.300326642,boom_joint,0.28797908333333333,0.04537852222222222,471.0
1783095548461893583,47.300326642,stick_joint,-1.0995564999999998,-0.012217294444444443,31.0
1783095548461893583,47.300326642,telescope_joint,0.4837,0.006,-14.0
1783095548461893583,47.300326642,hanger_joint,0.8674279055555554,-0.003490655555555555,0.0
1783095548461893583,47.300326642,bearingfork_joint,0.07853974999999999,0.01396262222222222,0.0
1783095548461893583,47.300326642,grapplecarrier_joint,-0.23736457777777775,0.005235983333333333,-107.0
1783095548461893583,47.300326642,grappletong1_joint,0.0,0.0,0.0
1783095548461893583,47.300326642,grappletong2_joint,0.0,0.0,0.0
1783095548472208833,47.310641892,slew_joint,1.7488184333333332,0.0,44.0
1783095548472208833,47.310641892,boom_joint,0.28797908333333333,0.04537852222222222,471.0
1783095548472208833,47.310641892,stick_joint,-1.0995564999999998,-0.012217294444444443,31.0
1783095548472208833,47.310641892,telescope_joint,0.4837,0.006,-14.0
1783095548472208833,47.310641892,hanger_joint,0.8674279055555554,-0.003490655555555555,0.0
1783095548472208833,47.310641892,bearingfork_joint,0.07853974999999999,0.01396262222222222,0.0
1783095548472208833,47.310641892,grapplecarrier_joint,-0.23736457777777775,0.005235983333333333,-107.0
1783095548472208833,47.310641892,grappletong1_joint,0.0,0.0,0.0
1783095548472208833,47.310641892,grappletong2_joint,0.0,0.0,0.0
1783095548481934180,47.320367239,slew_joint,1.7488184333333332,0.0,45.0
1783095548481934180,47.320367239,boom_joint,0.28797908333333333,0.04363319444444444,479.0
1783095548481934180,47.320367239,stick_joint,-1.0995564999999998,-0.012217294444444443,32.0
1783095548481934180,47.320367239,telescope_joint,0.4838,0.005,-15.0
1783095548481934180,47.320367239,hanger_joint,0.8674279055555554,-0.0017453277777777776,0.0
1783095548481934180,47.320367239,bearingfork_joint,0.07679442222222221,0.017453277777777776,0.0
1783095548481934180,47.320367239,grapplecarrier_joint,-0.23736457777777775,0.003490655555555555,-105.0
1783095548481934180,47.320367239,grappletong1_joint,0.0,0.0,0.0
1783095548481934180,47.320367239,grappletong2_joint,0.0,0.0,0.0
1783095548491690730,47.330123789,slew_joint,1.7488184333333332,0.0,45.0
1783095548491690730,47.330123789,boom_joint,0.28797908333333333,0.04363319444444444,479.0
1783095548491690730,47.330123789,stick_joint,-1.0995564999999998,-0.012217294444444443,32.0
1783095548491690730,47.330123789,telescope_joint,0.4838,0.005,-15.0
1783095548491690730,47.330123789,hanger_joint,0.8674279055555554,-0.0017453277777777776,0.0
1783095548491690730,47.330123789,bearingfork_joint,0.07679442222222221,0.017453277777777776,0.0
1783095548491690730,47.330123789,grapplecarrier_joint,-0.23736457777777775,0.003490655555555555,-105.0
1783095548491690730,47.330123789,grappletong1_joint,0.0,0.0,0.0
1783095548491690730,47.330123789,grappletong2_joint,0.0,0.0,0.0
1783095548501283099,47.339716158,slew_joint,1.7488184333333332,0.0,45.0
1783095548501283099,47.339716158,boom_joint,0.289724411111111,0.04537852222222222,490.0
1783095548501283099,47.339716158,stick_joint,-1.0995564999999998,-0.012217294444444443,32.0
1783095548501283099,47.339716158,telescope_joint,0.4839,0.005,-17.0
1783095548501283099,47.339716158,hanger_joint,0.8674279055555554,0.0,0.0
1783095548501283099,47.339716158,bearingfork_joint,0.07679442222222221,0.02792524444444444,0.0
1783095548501283099,47.339716158,grapplecarrier_joint,-0.23736457777777775,0.005235983333333333,-104.0
1783095548501283099,47.339716158,grappletong1_joint,0.0,0.0,0.0
1783095548501283099,47.339716158,grappletong2_joint,0.0,0.0,0.0
1783095548511469168,47.349902227,slew_joint,1.7488184333333332,0.0,45.0
1783095548511469168,47.349902227,boom_joint,0.289724411111111,0.04537852222222222,490.0
1783095548511469168,47.349902227,stick_joint,-1.0995564999999998,-0.012217294444444443,32.0
1783095548511469168,47.349902227,telescope_joint,0.4839,0.005,-17.0
1783095548511469168,47.349902227,hanger_joint,0.8674279055555554,0.0,0.0
1783095548511469168,47.349902227,bearingfork_joint,0.07679442222222221,0.02792524444444444,0.0
1783095548511469168,47.349902227,grapplecarrier_joint,-0.23736457777777775,0.005235983333333333,-104.0
1783095548511469168,47.349902227,grappletong1_joint,0.0,0.0,0.0
1783095548511469168,47.349902227,grappletong2_joint,0.0,0.0,0.0
1783095548521619107,47.360052166,slew_joint,1.7488184333333332,0.0,45.0
1783095548521619107,47.360052166,boom_joint,0.29146973888888883,0.047123849999999995,497.0
1783095548521619107,47.360052166,stick_joint,-1.0995564999999998,-0.008726638888888888,34.0
1783095548521619107,47.360052166,telescope_joint,0.484,0.005,-19.0
1783095548521619107,47.360052166,hanger_joint,0.8674279055555554,0.0,0.0
1783095548521619107,47.360052166,bearingfork_joint,0.07679442222222221,0.0314159,0.0
1783095548521619107,47.360052166,grapplecarrier_joint,-0.23561925,0.01396262222222222,-103.0
1783095548521619107,47.360052166,grappletong1_joint,0.0,0.0,0.0
1783095548521619107,47.360052166,grappletong2_joint,0.0,0.0,0.0
1783095548531739785,47.370172844,slew_joint,1.7488184333333332,0.0,45.0
1783095548531739785,47.370172844,boom_joint,0.29146973888888883,0.047123849999999995,497.0
1783095548531739785,47.370172844,stick_joint,-1.0995564999999998,-0.008726638888888888,34.0
1783095548531739785,47.370172844,telescope_joint,0.484,0.005,-19.0
1783095548531739785,47.370172844,hanger_joint,0.8674279055555554,0.0,0.0
1783095548531739785,47.370172844,bearingfork_joint,0.07679442222222221,0.0314159,0.0
1783095548531739785,47.370172844,grapplecarrier_joint,-0.23561925,0.01396262222222222,-103.0
1783095548531739785,47.370172844,grappletong1_joint,0.0,0.0,0.0
1783095548531739785,47.370172844,grappletong2_joint,0.0,0.0,0.0
1783095548541757970,47.380191029,slew_joint,1.7488184333333332,0.0,45.0
1783095548541757970,47.380191029,boom_joint,0.29146973888888883,0.05235983333333333,506.0
1783095548541757970,47.380191029,stick_joint,-1.0995564999999998,-0.00698131111111111,34.0
1783095548541757970,47.380191029,telescope_joint,0.4842,0.005,-21.0
1783095548541757970,47.380191029,hanger_joint,0.8674279055555554,-0.0017453277777777776,0.0
1783095548541757970,47.380191029,bearingfork_joint,0.07504909444444444,0.02792524444444444,0.0
1783095548541757970,47.380191029,grapplecarrier_joint,-0.23561925,0.02094393333333333,-102.0
1783095548541757970,47.380191029,grappletong1_joint,0.0,0.0,0.0
1783095548541757970,47.380191029,grappletong2_joint,0.0,0.0,0.0
1783095548551654231,47.39008729,slew_joint,1.7488184333333332,0.0,45.0
1783095548551654231,47.39008729,boom_joint,0.29146973888888883,0.05235983333333333,506.0
1783095548551654231,47.39008729,stick_joint,-1.0995564999999998,-0.00698131111111111,34.0
1783095548551654231,47.39008729,telescope_joint,0.4842,0.005,-21.0
1783095548551654231,47.39008729,hanger_joint,0.8674279055555554,-0.0017453277777777776,0.0
1783095548551654231,47.39008729,bearingfork_joint,0.07504909444444444,0.02792524444444444,0.0
1783095548551654231,47.39008729,grapplecarrier_joint,-0.23561925,0.02094393333333333,-102.0
1783095548551654231,47.39008729,grappletong1_joint,0.0,0.0,0.0
1783095548551654231,47.39008729,grappletong2_joint,0.0,0.0,0.0
1783095548561532444,47.399965503,slew_joint,1.7488184333333332,0.0,45.0
1783095548561532444,47.399965503,boom_joint,0.29321506666666663,0.054105161111111105,515.0
1783095548561532444,47.399965503,stick_joint,-1.0995564999999998,-0.012217294444444443,35.0
1783095548561532444,47.399965503,telescope_joint,0.4843,0.005,-22.0
1783095548561532444,47.399965503,hanger_joint,0.8674279055555554,-0.005235983333333333,0.0
1783095548561532444,47.399965503,bearingfork_joint,0.07504909444444444,0.024434588888888886,0.0
1783095548561532444,47.399965503,grapplecarrier_joint,-0.23561925,0.02792524444444444,-101.0
1783095548561532444,47.399965503,grappletong1_joint,0.0,0.0,0.0
1783095548561532444,47.399965503,grappletong2_joint,0.0,0.0,0.0
1783095548571384597,47.409817656,slew_joint,1.7488184333333332,0.0,45.0
1783095548571384597,47.409817656,boom_joint,0.29321506666666663,0.054105161111111105,515.0
1783095548571384597,47.409817656,stick_joint,-1.0995564999999998,-0.012217294444444443,35.0
1783095548571384597,47.409817656,telescope_joint,0.4843,0.005,-22.0
1783095548571384597,47.409817656,hanger_joint,0.8674279055555554,-0.005235983333333333,0.0
1783095548571384597,47.409817656,bearingfork_joint,0.07504909444444444,0.024434588888888886,0.0
1783095548571384597,47.409817656,grapplecarrier_joint,-0.23561925,0.02792524444444444,-101.0
1783095548571384597,47.409817656,grappletong1_joint,0.0,0.0,0.0
1783095548571384597,47.409817656,grappletong2_joint,0.0,0.0,0.0
1783095548581404211,47.41983727,slew_joint,1.7488184333333332,0.0,45.0
1783095548581404211,47.41983727,boom_joint,0.29321506666666663,0.054105161111111105,521.0
1783095548581404211,47.41983727,stick_joint,-1.0995564999999998,-0.008726638888888888,35.0
1783095548581404211,47.41983727,telescope_joint,0.4843,0.005,-24.0
1783095548581404211,47.41983727,hanger_joint,0.8674279055555554,-0.01570795,0.0
1783095548581404211,47.41983727,bearingfork_joint,0.07504909444444444,0.019198605555555553,0.0
1783095548581404211,47.41983727,grapplecarrier_joint,-0.2338739222222222,0.03665188333333333,-100.0
1783095548581404211,47.41983727,grappletong1_joint,0.0,0.0,0.0
1783095548581404211,47.41983727,grappletong2_joint,0.0,0.0,0.0
1783095548591528426,47.429961485,slew_joint,1.7488184333333332,0.0,45.0
1783095548591528426,47.429961485,boom_joint,0.29321506666666663,0.054105161111111105,521.0
1783095548591528426,47.429961485,stick_joint,-1.0995564999999998,-0.008726638888888888,35.0
1783095548591528426,47.429961485,telescope_joint,0.4843,0.005,-24.0
1783095548591528426,47.429961485,hanger_joint,0.8674279055555554,-0.01570795,0.0
1783095548591528426,47.429961485,bearingfork_joint,0.07504909444444444,0.019198605555555553,0.0
1783095548591528426,47.429961485,grapplecarrier_joint,-0.2338739222222222,0.03665188333333333,-100.0
1783095548591528426,47.429961485,grappletong1_joint,0.0,0.0,0.0
1783095548591528426,47.429961485,grappletong2_joint,0.0,0.0,0.0
1783095548601596780,47.440029839,slew_joint,1.7488184333333332,0.0,45.0
1783095548601596780,47.440029839,boom_joint,0.29496039444444444,0.054105161111111105,528.0
1783095548601596780,47.440029839,stick_joint,-1.0995564999999998,-0.008726638888888888,35.0
1783095548601596780,47.440029839,telescope_joint,0.4844,0.004,-25.0
1783095548601596780,47.440029839,hanger_joint,0.8674279055555554,-0.026179916666666664,0.0
1783095548601596780,47.440029839,bearingfork_joint,0.07504909444444444,0.01570795,0.0
1783095548601596780,47.440029839,grapplecarrier_joint,-0.2338739222222222,0.04363319444444444,-99.0
1783095548601596780,47.440029839,grappletong1_joint,0.0,0.0,0.0
1783095548601596780,47.440029839,grappletong2_joint,0.0,0.0,0.0
1783095548611411092,47.449844151,slew_joint,1.7488184333333332,0.0,45.0
1783095548611411092,47.449844151,boom_joint,0.29496039444444444,0.054105161111111105,528.0
1783095548611411092,47.449844151,stick_joint,-1.0995564999999998,-0.008726638888888888,35.0
1783095548611411092,47.449844151,telescope_joint,0.4844,0.004,-25.0
1783095548611411092,47.449844151,hanger_joint,0.8674279055555554,-0.026179916666666664,0.0
1783095548611411092,47.449844151,bearingfork_joint,0.07504909444444444,0.01570795,0.0
1783095548611411092,47.449844151,grapplecarrier_joint,-0.2338739222222222,0.04363319444444444,-99.0
1783095548611411092,47.449844151,grappletong1_joint,0.0,0.0,0.0
1783095548611411092,47.449844151,grappletong2_joint,0.0,0.0,0.0
1783095548621572829,47.460005888,slew_joint,1.7488184333333332,0.0,45.0
1783095548621572829,47.460005888,boom_joint,0.29670572222222225,0.05585048888888888,536.0
1783095548621572829,47.460005888,stick_joint,-1.0995564999999998,-0.00698131111111111,34.0
1783095548621572829,47.460005888,telescope_joint,0.4845,0.004,-26.0
1783095548621572829,47.460005888,hanger_joint,0.8691732333333333,-0.03839721111111111,0.0
1783095548621572829,47.460005888,bearingfork_joint,0.07504909444444444,0.012217294444444443,0.0
1783095548621572829,47.460005888,grapplecarrier_joint,-0.2321285944444444,0.05235983333333333,-98.0
1783095548621572829,47.460005888,grappletong1_joint,0.0,0.0,0.0
1783095548621572829,47.460005888,grappletong2_joint,0.0,0.0,0.0
1783095548631767211,47.47020027,slew_joint,1.7488184333333332,0.0,45.0
1783095548631767211,47.47020027,boom_joint,0.29670572222222225,0.05585048888888888,536.0
1783095548631767211,47.47020027,stick_joint,-1.0995564999999998,-0.00698131111111111,34.0
1783095548631767211,47.47020027,telescope_joint,0.4845,0.004,-26.0
1783095548631767211,47.47020027,hanger_joint,0.8691732333333333,-0.03839721111111111,0.0
1783095548631767211,47.47020027,bearingfork_joint,0.07504909444444444,0.012217294444444443,0.0
1783095548631767211,47.47020027,grapplecarrier_joint,-0.2321285944444444,0.05235983333333333,-98.0
1783095548631767211,47.47020027,grappletong1_joint,0.0,0.0,0.0
1783095548631767211,47.47020027,grappletong2_joint,0.0,0.0,0.0
1783095548641425591,47.47985865,slew_joint,1.7488184333333332,0.0,45.0
1783095548641425591,47.47985865,boom_joint,0.29670572222222225,0.05934114444444444,544.0
1783095548641425591,47.47985865,stick_joint,-1.1013018277777777,-0.008726638888888888,35.0
1783095548641425591,47.47985865,telescope_joint,0.4845,0.003,-27.0
1783095548641425591,47.47985865,hanger_joint,0.870918561111111,-0.04363319444444444,0.0
1783095548641425591,47.47985865,bearingfork_joint,0.07330376666666666,0.012217294444444443,0.0
1783095548641425591,47.47985865,grapplecarrier_joint,-0.23038326666666664,0.0628318,-96.0
1783095548641425591,47.47985865,grappletong1_joint,0.0,0.0,0.0
1783095548641425591,47.47985865,grappletong2_joint,0.0,0.0,0.0
1783095548651376177,47.489809236,slew_joint,1.7488184333333332,0.0,45.0
1783095548651376177,47.489809236,boom_joint,0.29670572222222225,0.05934114444444444,544.0
1783095548651376177,47.489809236,stick_joint,-1.1013018277777777,-0.008726638888888888,35.0
1783095548651376177,47.489809236,telescope_joint,0.4845,0.003,-27.0
1783095548651376177,47.489809236,hanger_joint,0.870918561111111,-0.04363319444444444,0.0
1783095548651376177,47.489809236,bearingfork_joint,0.07330376666666666,0.012217294444444443,0.0
1783095548651376177,47.489809236,grapplecarrier_joint,-0.23038326666666664,0.0628318,-96.0
1783095548651376177,47.489809236,grappletong1_joint,0.0,0.0,0.0
1783095548651376177,47.489809236,grappletong2_joint,0.0,0.0,0.0
1783095548661307583,47.499740642,slew_joint,1.7488184333333332,0.0,45.0
1783095548661307583,47.499740642,boom_joint,0.29845104999999994,0.061086472222222216,553.0
1783095548661307583,47.499740642,stick_joint,-1.1013018277777777,-0.00698131111111111,35.0
1783095548661307583,47.499740642,telescope_joint,0.4846,0.003,-28.0
1783095548661307583,47.499740642,hanger_joint,0.870918561111111,-0.05759581666666666,0.0
1783095548661307583,47.499740642,bearingfork_joint,0.07330376666666666,0.00698131111111111,0.0
1783095548661307583,47.499740642,grapplecarrier_joint,-0.22863793888888884,0.07330376666666666,-94.0
1783095548661307583,47.499740642,grappletong1_joint,0.0,0.0,0.0
1783095548661307583,47.499740642,grappletong2_joint,0.0,0.0,0.0
1783095548671526184,47.509959243,slew_joint,1.7488184333333332,0.0,45.0
1783095548671526184,47.509959243,boom_joint,0.29845104999999994,0.061086472222222216,553.0
1783095548671526184,47.509959243,stick_joint,-1.1013018277777777,-0.00698131111111111,35.0
1783095548671526184,47.509959243,telescope_joint,0.4846,0.003,-28.0
1783095548671526184,47.509959243,hanger_joint,0.870918561111111,-0.05759581666666666,0.0
1783095548671526184,47.509959243,bearingfork_joint,0.07330376666666666,0.00698131111111111,0.0
1783095548671526184,47.509959243,grapplecarrier_joint,-0.22863793888888884,0.07330376666666666,-94.0
1783095548671526184,47.509959243,grappletong1_joint,0.0,0.0,0.0
1783095548671526184,47.509959243,grappletong2_joint,0.0,0.0,0.0
1783095548681593019,47.520026078,slew_joint,1.7488184333333332,0.0,45.0
1783095548681593019,47.520026078,boom_joint,0.30019637777777775,0.06632245555555555,559.0
1783095548681593019,47.520026078,stick_joint,-1.1013018277777777,-0.005235983333333333,36.0
1783095548681593019,47.520026078,telescope_joint,0.4847,0.003,-28.0
1783095548681593019,47.520026078,hanger_joint,0.8726638888888889,-0.0698131111111111,0.0
1783095548681593019,47.520026078,bearingfork_joint,0.07330376666666666,0.003490655555555555,0.0
1783095548681593019,47.520026078,grapplecarrier_joint,-0.2268926111111111,0.08028507777777777,-91.0
1783095548681593019,47.520026078,grappletong1_joint,0.0,0.0,0.0
1783095548681593019,47.520026078,grappletong2_joint,0.0,0.0,0.0
1783095548691591389,47.530024448,slew_joint,1.7488184333333332,0.0,45.0
1783095548691591389,47.530024448,boom_joint,0.30019637777777775,0.06632245555555555,559.0
1783095548691591389,47.530024448,stick_joint,-1.1013018277777777,-0.005235983333333333,36.0
1783095548691591389,47.530024448,telescope_joint,0.4847,0.003,-28.0
1783095548691591389,47.530024448,hanger_joint,0.8726638888888889,-0.0698131111111111,0.0
1783095548691591389,47.530024448,bearingfork_joint,0.07330376666666666,0.003490655555555555,0.0
1783095548691591389,47.530024448,grapplecarrier_joint,-0.2268926111111111,0.08028507777777777,-91.0
1783095548691591389,47.530024448,grappletong1_joint,0.0,0.0,0.0
1783095548691591389,47.530024448,grappletong2_joint,0.0,0.0,0.0
1783095548701529970,47.539963029,slew_joint,1.7488184333333332,0.0,45.0
1783095548701529970,47.539963029,boom_joint,0.30194170555555555,0.0698131111111111,564.0
1783095548701529970,47.539963029,stick_joint,-1.1013018277777777,-0.0017453277777777776,38.0
1783095548701529970,47.539963029,telescope_joint,0.4847,0.003,-29.0
1783095548701529970,47.539963029,hanger_joint,0.8726638888888889,-0.04537852222222222,0.0
1783095548701529970,47.539963029,bearingfork_joint,0.07330376666666666,0.0,0.0
1783095548701529970,47.539963029,grapplecarrier_joint,-0.22514728333333328,0.08377573333333332,-88.0
1783095548701529970,47.539963029,grappletong1_joint,0.0,0.0,0.0
1783095548701529970,47.539963029,grappletong2_joint,0.0,0.0,0.0
1783095548712449372,47.550882431,slew_joint,1.7488184333333332,0.0,45.0
1783095548712449372,47.550882431,boom_joint,0.30194170555555555,0.0698131111111111,564.0
1783095548712449372,47.550882431,stick_joint,-1.1013018277777777,-0.0017453277777777776,38.0
1783095548712449372,47.550882431,telescope_joint,0.4847,0.003,-29.0
1783095548712449372,47.550882431,hanger_joint,0.8726638888888889,-0.04537852222222222,0.0
1783095548712449372,47.550882431,bearingfork_joint,0.07330376666666666,0.0,0.0
1783095548712449372,47.550882431,grapplecarrier_joint,-0.22514728333333328,0.08377573333333332,-88.0
1783095548712449372,47.550882431,grappletong1_joint,0.0,0.0,0.0
1783095548712449372,47.550882431,grappletong2_joint,0.0,0.0,0.0
1783095548721889339,47.560322398,slew_joint,1.7488184333333332,0.0,45.0
1783095548721889339,47.560322398,boom_joint,0.30368703333333325,0.07155843888888888,571.0
1783095548721889339,47.560322398,stick_joint,-1.1013018277777777,0.0,39.0
1783095548721889339,47.560322398,telescope_joint,0.4848,0.003,-30.0
1783095548721889339,47.560322398,hanger_joint,0.8726638888888889,-0.019198605555555553,0.0
1783095548721889339,47.560322398,bearingfork_joint,0.07330376666666666,0.0,0.0
1783095548721889339,47.560322398,grapplecarrier_joint,-0.22340195555555553,0.0855210611111111,-85.0
1783095548721889339,47.560322398,grappletong1_joint,0.0,0.0,0.0
1783095548721889339,47.560322398,grappletong2_joint,0.0,0.0,0.0
1783095548731801434,47.570234493,slew_joint,1.7488184333333332,0.0,45.0
1783095548731801434,47.570234493,boom_joint,0.30368703333333325,0.07155843888888888,571.0
1783095548731801434,47.570234493,stick_joint,-1.1013018277777777,0.0,39.0
1783095548731801434,47.570234493,telescope_joint,0.4848,0.003,-30.0
1783095548731801434,47.570234493,hanger_joint,0.8726638888888889,-0.019198605555555553,0.0
1783095548731801434,47.570234493,bearingfork_joint,0.07330376666666666,0.0,0.0
1783095548731801434,47.570234493,grapplecarrier_joint,-0.22340195555555553,0.0855210611111111,-85.0
1783095548731801434,47.570234493,grappletong1_joint,0.0,0.0,0.0
1783095548731801434,47.570234493,grappletong2_joint,0.0,0.0,0.0
1783095548741276794,47.579709853,slew_joint,1.7488184333333332,0.0,45.0
1783095548741276794,47.579709853,boom_joint,0.30368703333333325,0.07155843888888888,578.0
1783095548741276794,47.579709853,stick_joint,-1.1013018277777777,0.0,40.0
1783095548741276794,47.579709853,telescope_joint,0.4849,0.003,-30.0
1783095548741276794,47.579709853,hanger_joint,0.8744092166666666,-0.0314159,0.0
1783095548741276794,47.579709853,bearingfork_joint,0.07330376666666666,0.0,0.0
1783095548741276794,47.579709853,grapplecarrier_joint,-0.22165662777777778,0.0855210611111111,-82.0
1783095548741276794,47.579709853,grappletong1_joint,0.0,0.0,0.0
1783095548741276794,47.579709853,grappletong2_joint,0.0,0.0,0.0
1783095548751262318,47.589695377,slew_joint,1.7488184333333332,0.0,45.0
1783095548751262318,47.589695377,boom_joint,0.30368703333333325,0.07155843888888888,578.0
1783095548751262318,47.589695377,stick_joint,-1.1013018277777777,0.0,40.0
1783095548751262318,47.589695377,telescope_joint,0.4849,0.003,-30.0
1783095548751262318,47.589695377,hanger_joint,0.8744092166666666,-0.0314159,0.0
1783095548751262318,47.589695377,bearingfork_joint,0.07330376666666666,0.0,0.0
1783095548751262318,47.589695377,grapplecarrier_joint,-0.22165662777777778,0.0855210611111111,-82.0
1783095548751262318,47.589695377,grappletong1_joint,0.0,0.0,0.0
1783095548751262318,47.589695377,grappletong2_joint,0.0,0.0,0.0
1783095548761373008,47.599806067,slew_joint,1.7488184333333332,0.0,45.0
1783095548761373008,47.599806067,boom_joint,0.30543236111111105,0.07330376666666666,584.0
1783095548761373008,47.599806067,stick_joint,-1.1013018277777777,0.0,41.0
1783095548761373008,47.599806067,telescope_joint,0.4849,0.003,-31.0
1783095548761373008,47.599806067,hanger_joint,0.8761545444444443,-0.08203040555555555,0.0
1783095548761373008,47.599806067,bearingfork_joint,0.07330376666666666,0.0,0.0
1783095548761373008,47.599806067,grapplecarrier_joint,-0.21991129999999998,0.0855210611111111,-80.0
1783095548761373008,47.599806067,grappletong1_joint,0.0,0.0,0.0
1783095548761373008,47.599806067,grappletong2_joint,0.0,0.0,0.0
1783095548771555179,47.609988238,slew_joint,1.7488184333333332,0.0,45.0
1783095548771555179,47.609988238,boom_joint,0.30543236111111105,0.07330376666666666,584.0
1783095548771555179,47.609988238,stick_joint,-1.1013018277777777,0.0,41.0
1783095548771555179,47.609988238,telescope_joint,0.4849,0.003,-31.0
1783095548771555179,47.609988238,hanger_joint,0.8761545444444443,-0.08203040555555555,0.0
1783095548771555179,47.609988238,bearingfork_joint,0.07330376666666666,0.0,0.0
1783095548771555179,47.609988238,grapplecarrier_joint,-0.21991129999999998,0.0855210611111111,-80.0
1783095548771555179,47.609988238,grappletong1_joint,0.0,0.0,0.0
1783095548771555179,47.609988238,grappletong2_joint,0.0,0.0,0.0
1783095548781297650,47.619730709,slew_joint,1.7488184333333332,0.0,45.0
1783095548781297650,47.619730709,boom_joint,0.30717768888888886,0.07853974999999999,588.0
1783095548781297650,47.619730709,stick_joint,-1.1013018277777777,0.0,43.0
1783095548781297650,47.619730709,telescope_joint,0.485,0.003,-31.0
1783095548781297650,47.619730709,hanger_joint,0.8796451999999999,-0.12915425555555554,0.0
1783095548781297650,47.619730709,bearingfork_joint,0.07330376666666666,0.0,0.0
1783095548781297650,47.619730709,grapplecarrier_joint,-0.21816597222222223,0.08028507777777777,-77.0
1783095548781297650,47.619730709,grappletong1_joint,0.0,0.0,0.0
1783095548781297650,47.619730709,grappletong2_joint,0.0,0.0,0.0
1783095548791603959,47.630037018,slew_joint,1.7488184333333332,0.0,45.0
1783095548791603959,47.630037018,boom_joint,0.30717768888888886,0.07853974999999999,588.0
1783095548791603959,47.630037018,stick_joint,-1.1013018277777777,0.0,43.0
1783095548791603959,47.630037018,telescope_joint,0.485,0.003,-31.0
1783095548791603959,47.630037018,hanger_joint,0.8796451999999999,-0.12915425555555554,0.0
1783095548791603959,47.630037018,bearingfork_joint,0.07330376666666666,0.0,0.0
1783095548791603959,47.630037018,grapplecarrier_joint,-0.21816597222222223,0.08028507777777777,-77.0
1783095548791603959,47.630037018,grappletong1_joint,0.0,0.0,0.0
1783095548791603959,47.630037018,grappletong2_joint,0.0,0.0,0.0
1783095548802005477,47.640438536,slew_joint,1.7488184333333332,0.0017453277777777776,45.0
1783095548802005477,47.640438536,boom_joint,0.30892301666666666,0.08028507777777777,592.0
1783095548802005477,47.640438536,stick_joint,-1.1013018277777777,0.0,44.0
1783095548802005477,47.640438536,telescope_joint,0.485,0.002,-31.0
1783095548802005477,47.640438536,hanger_joint,0.8831358555555555,-0.14311687777777776,0.0
1783095548802005477,47.640438536,bearingfork_joint,0.07330376666666666,0.005235983333333333,0.0
1783095548802005477,47.640438536,grapplecarrier_joint,-0.21642064444444442,0.08028507777777777,-74.0
1783095548802005477,47.640438536,grappletong1_joint,0.0,0.0,0.0
1783095548802005477,47.640438536,grappletong2_joint,0.0,0.0,0.0
1783095548811374694,47.649807753,slew_joint,1.7488184333333332,0.0017453277777777776,45.0
1783095548811374694,47.649807753,boom_joint,0.30892301666666666,0.08028507777777777,592.0
1783095548811374694,47.649807753,stick_joint,-1.1013018277777777,0.0,44.0
1783095548811374694,47.649807753,telescope_joint,0.485,0.002,-31.0
1783095548811374694,47.649807753,hanger_joint,0.8831358555555555,-0.14311687777777776,0.0
1783095548811374694,47.649807753,bearingfork_joint,0.07330376666666666,0.005235983333333333,0.0
1783095548811374694,47.649807753,grapplecarrier_joint,-0.21642064444444442,0.08028507777777777,-74.0
1783095548811374694,47.649807753,grappletong1_joint,0.0,0.0,0.0
1783095548811374694,47.649807753,grappletong2_joint,0.0,0.0,0.0
1783095548821417351,47.65985041,slew_joint,1.7488184333333332,0.0017453277777777776,45.0
1783095548821417351,47.65985041,boom_joint,0.31066834444444447,0.08203040555555555,596.0
1783095548821417351,47.65985041,stick_joint,-1.1013018277777777,0.0,46.0
1783095548821417351,47.65985041,telescope_joint,0.4851,0.002,-31.0
1783095548821417351,47.65985041,hanger_joint,0.8866265111111109,-0.15358884444444443,0.0
1783095548821417351,47.65985041,bearingfork_joint,0.07330376666666666,0.01396262222222222,0.0
1783095548821417351,47.65985041,grapplecarrier_joint,-0.21467531666666662,0.08203040555555555,-71.0
1783095548821417351,47.65985041,grappletong1_joint,0.0,0.0,0.0
1783095548821417351,47.65985041,grappletong2_joint,0.0,0.0,0.0
1783095548831377514,47.669810573,slew_joint,1.7488184333333332,0.0017453277777777776,45.0
1783095548831377514,47.669810573,boom_joint,0.31066834444444447,0.08203040555555555,596.0
1783095548831377514,47.669810573,stick_joint,-1.1013018277777777,0.0,46.0
1783095548831377514,47.669810573,telescope_joint,0.4851,0.002,-31.0
1783095548831377514,47.669810573,hanger_joint,0.8866265111111109,-0.15358884444444443,0.0
1783095548831377514,47.669810573,bearingfork_joint,0.07330376666666666,0.01396262222222222,0.0
1783095548831377514,47.669810573,grapplecarrier_joint,-0.21467531666666662,0.08203040555555555,-71.0
1783095548831377514,47.669810573,grappletong1_joint,0.0,0.0,0.0
1783095548831377514,47.669810573,grappletong2_joint,0.0,0.0,0.0
1783095548841297323,47.679730382,slew_joint,1.7488184333333332,0.0017453277777777776,45.0
1783095548841297323,47.679730382,boom_joint,0.31241367222222216,0.08377573333333332,598.0
1783095548841297323,47.679730382,stick_joint,-1.1013018277777777,0.0,47.0
1783095548841297323,47.679730382,telescope_joint,0.4851,0.002,-32.0
1783095548841297323,47.679730382,hanger_joint,0.8883718388888888,-0.16057015555555554,0.0
1783095548841297323,47.679730382,bearingfork_joint,0.07330376666666666,0.02792524444444444,0.0
1783095548841297323,47.679730382,grapplecarrier_joint,-0.21292998888888887,0.09075704444444443,-69.0
1783095548841297323,47.679730382,grappletong1_joint,0.0,0.0,0.0
1783095548841297323,47.679730382,grappletong2_joint,0.0,0.0,0.0
1783095548852202317,47.690635376,slew_joint,1.7488184333333332,0.0017453277777777776,45.0
1783095548852202317,47.690635376,boom_joint,0.31241367222222216,0.08377573333333332,598.0
1783095548852202317,47.690635376,stick_joint,-1.1013018277777777,0.0,47.0
1783095548852202317,47.690635376,telescope_joint,0.4851,0.002,-32.0
1783095548852202317,47.690635376,hanger_joint,0.8883718388888888,-0.16057015555555554,0.0
1783095548852202317,47.690635376,bearingfork_joint,0.07330376666666666,0.02792524444444444,0.0
1783095548852202317,47.690635376,grapplecarrier_joint,-0.21292998888888887,0.09075704444444443,-69.0
1783095548852202317,47.690635376,grappletong1_joint,0.0,0.0,0.0
1783095548852202317,47.690635376,grappletong2_joint,0.0,0.0,0.0
1783095548861883287,47.700316346,slew_joint,1.7488184333333332,0.0,45.0
1783095548861883287,47.700316346,boom_joint,0.31415899999999997,0.08203040555555555,600.0
1783095548861883287,47.700316346,stick_joint,-1.1013018277777777,0.0,51.0
1783095548861883287,47.700316346,telescope_joint,0.4852,0.001,-32.0
1783095548861883287,47.700316346,hanger_joint,0.8936078222222221,-0.16929679444444443,0.0
1783095548861883287,47.700316346,bearingfork_joint,0.07155843888888888,0.03490655555555555,0.0
1783095548861883287,47.700316346,grapplecarrier_joint,-0.21118466111111106,0.0855210611111111,-67.0
1783095548861883287,47.700316346,grappletong1_joint,0.0,0.0,0.0
1783095548861883287,47.700316346,grappletong2_joint,0.0,0.0,0.0
1783095548872028170,47.710461229,slew_joint,1.7488184333333332,0.0,45.0
1783095548872028170,47.710461229,boom_joint,0.31415899999999997,0.08203040555555555,600.0
1783095548872028170,47.710461229,stick_joint,-1.1013018277777777,0.0,51.0
1783095548872028170,47.710461229,telescope_joint,0.4852,0.001,-32.0
1783095548872028170,47.710461229,hanger_joint,0.8936078222222221,-0.16929679444444443,0.0
1783095548872028170,47.710461229,bearingfork_joint,0.07155843888888888,0.03490655555555555,0.0
1783095548872028170,47.710461229,grapplecarrier_joint,-0.21118466111111106,0.0855210611111111,-67.0
1783095548872028170,47.710461229,grappletong1_joint,0.0,0.0,0.0
1783095548872028170,47.710461229,grappletong2_joint,0.0,0.0,0.0
1783095548881693245,47.720126304,slew_joint,1.7488184333333332,0.0,45.0
1783095548881693245,47.720126304,boom_joint,0.31590432777777777,0.08901171666666666,604.0
1783095548881693245,47.720126304,stick_joint,-1.1013018277777777,0.0,54.0
1783095548881693245,47.720126304,telescope_joint,0.4852,0.001,-32.0
1783095548881693245,47.720126304,hanger_joint,0.8970984777777777,-0.17802343333333331,0.0
1783095548881693245,47.720126304,bearingfork_joint,0.07155843888888888,0.03839721111111111,0.0
1783095548881693245,47.720126304,grapplecarrier_joint,-0.2094393333333333,0.08028507777777777,-65.0
1783095548881693245,47.720126304,grappletong1_joint,0.0,0.0,0.0
1783095548881693245,47.720126304,grappletong2_joint,0.0,0.0,0.0
1783095548891451296,47.729884355,slew_joint,1.7488184333333332,0.0,45.0
1783095548891451296,47.729884355,boom_joint,0.31590432777777777,0.08901171666666666,604.0
1783095548891451296,47.729884355,stick_joint,-1.1013018277777777,0.0,54.0
1783095548891451296,47.729884355,telescope_joint,0.4852,0.001,-32.0
1783095548891451296,47.729884355,hanger_joint,0.8970984777777777,-0.17802343333333331,0.0
1783095548891451296,47.729884355,bearingfork_joint,0.07155843888888888,0.03839721111111111,0.0
1783095548891451296,47.729884355,grapplecarrier_joint,-0.2094393333333333,0.08028507777777777,-65.0
1783095548891451296,47.729884355,grappletong1_joint,0.0,0.0,0.0
1783095548891451296,47.729884355,grappletong2_joint,0.0,0.0,0.0
1783095548901415977,47.739849036,slew_joint,1.7488184333333332,0.0,45.0
1783095548901415977,47.739849036,boom_joint,0.3176496555555556,0.0855210611111111,608.0
1783095548901415977,47.739849036,stick_joint,-1.1013018277777777,0.0,56.0
1783095548901415977,47.739849036,telescope_joint,0.4852,0.001,-32.0
1783095548901415977,47.739849036,hanger_joint,0.8988438055555554,-0.1710421222222222,0.0
1783095548901415977,47.739849036,bearingfork_joint,0.0698131111111111,0.033161227777777774,0.0
1783095548901415977,47.739849036,grapplecarrier_joint,-0.2094393333333333,0.07330376666666666,-63.0
1783095548901415977,47.739849036,grappletong1_joint,0.0,0.0,0.0
1783095548901415977,47.739849036,grappletong2_joint,0.0,0.0,0.0
1783095548911346364,47.749779423,slew_joint,1.7488184333333332,0.0,45.0
1783095548911346364,47.749779423,boom_joint,0.3176496555555556,0.0855210611111111,608.0
1783095548911346364,47.749779423,stick_joint,-1.1013018277777777,0.0,56.0
1783095548911346364,47.749779423,telescope_joint,0.4852,0.001,-32.0
1783095548911346364,47.749779423,hanger_joint,0.8988438055555554,-0.1710421222222222,0.0
1783095548911346364,47.749779423,bearingfork_joint,0.0698131111111111,0.033161227777777774,0.0
1783095548911346364,47.749779423,grapplecarrier_joint,-0.2094393333333333,0.07330376666666666,-63.0
1783095548911346364,47.749779423,grappletong1_joint,0.0,0.0,0.0
1783095548911346364,47.749779423,grappletong2_joint,0.0,0.0,0.0
1783095548922013059,47.760446118,slew_joint,1.7488184333333332,0.0,45.0
1783095548922013059,47.760446118,boom_joint,0.31939498333333327,0.09075704444444443,611.0
1783095548922013059,47.760446118,stick_joint,-1.1013018277777777,0.0,58.0
1783095548922013059,47.760446118,telescope_joint,0.4853,0.001,-32.0
1783095548922013059,47.760446118,hanger_joint,0.902334461111111,-0.16231548333333332,0.0
1783095548922013059,47.760446118,bearingfork_joint,0.0698131111111111,0.02094393333333333,0.0
1783095548922013059,47.760446118,grapplecarrier_joint,-0.20769400555555556,0.061086472222222216,-62.0
1783095548922013059,47.760446118,grappletong1_joint,0.0,0.0,0.0
1783095548922013059,47.760446118,grappletong2_joint,0.0,0.0,0.0
1783095548931986443,47.770419502,slew_joint,1.7488184333333332,0.0,45.0
1783095548931986443,47.770419502,boom_joint,0.31939498333333327,0.09075704444444443,611.0
1783095548931986443,47.770419502,stick_joint,-1.1013018277777777,0.0,58.0
1783095548931986443,47.770419502,telescope_joint,0.4853,0.001,-32.0
1783095548931986443,47.770419502,hanger_joint,0.902334461111111,-0.16231548333333332,0.0
1783095548931986443,47.770419502,bearingfork_joint,0.0698131111111111,0.02094393333333333,0.0
1783095548931986443,47.770419502,grapplecarrier_joint,-0.20769400555555556,0.061086472222222216,-62.0
1783095548931986443,47.770419502,grappletong1_joint,0.0,0.0,0.0
1783095548931986443,47.770419502,grappletong2_joint,0.0,0.0,0.0
1783095548941612057,47.780045116,slew_joint,1.7488184333333332,0.0,45.0
1783095548941612057,47.780045116,boom_joint,0.3211403111111111,0.0855210611111111,613.0
1783095548941612057,47.780045116,stick_joint,-1.1013018277777777,0.0,60.0
1783095548941612057,47.780045116,telescope_joint,0.4853,0.002,-31.0
1783095548941612057,47.780045116,hanger_joint,0.9058251166666667,-0.16057015555555554,0.0
1783095548941612057,47.780045116,bearingfork_joint,0.0698131111111111,0.019198605555555553,0.0
1783095548941612057,47.780045116,grapplecarrier_joint,-0.20769400555555556,0.04537852222222222,-61.0
1783095548941612057,47.780045116,grappletong1_joint,0.0,0.0,0.0
1783095548941612057,47.780045116,grappletong2_joint,0.0,0.0,0.0
1783095548951305289,47.789738348,slew_joint,1.7488184333333332,0.0,45.0
1783095548951305289,47.789738348,boom_joint,0.3211403111111111,0.0855210611111111,613.0
1783095548951305289,47.789738348,stick_joint,-1.1013018277777777,0.0,60.0
1783095548951305289,47.789738348,telescope_joint,0.4853,0.002,-31.0
1783095548951305289,47.789738348,hanger_joint,0.9058251166666667,-0.16057015555555554,0.0
1783095548951305289,47.789738348,bearingfork_joint,0.0698131111111111,0.019198605555555553,0.0
1783095548951305289,47.789738348,grapplecarrier_joint,-0.20769400555555556,0.04537852222222222,-61.0
1783095548951305289,47.789738348,grappletong1_joint,0.0,0.0,0.0
1783095548951305289,47.789738348,grappletong2_joint,0.0,0.0,0.0
1783095548961324104,47.799757163,slew_joint,1.7488184333333332,0.0,45.0
1783095548961324104,47.799757163,boom_joint,0.3228856388888889,0.0855210611111111,615.0
1783095548961324104,47.799757163,stick_joint,-1.1013018277777777,0.0,62.0
1783095548961324104,47.799757163,telescope_joint,0.4853,0.001,-31.0
1783095548961324104,47.799757163,hanger_joint,0.9093157722222223,-0.15184351666666665,0.0
1783095548961324104,47.799757163,bearingfork_joint,0.0698131111111111,0.00698131111111111,0.0
1783095548961324104,47.799757163,grapplecarrier_joint,-0.20594867777777776,0.03665188333333333,-61.0
1783095548961324104,47.799757163,grappletong1_joint,0.0,0.0,0.0
1783095548961324104,47.799757163,grappletong2_joint,0.0,0.0,0.0
1783095548971208285,47.809641344,slew_joint,1.7488184333333332,0.0,45.0
1783095548971208285,47.809641344,boom_joint,0.3228856388888889,0.0855210611111111,615.0
1783095548971208285,47.809641344,stick_joint,-1.1013018277777777,0.0,62.0
1783095548971208285,47.809641344,telescope_joint,0.4853,0.001,-31.0
1783095548971208285,47.809641344,hanger_joint,0.9093157722222223,-0.15184351666666665,0.0
1783095548971208285,47.809641344,bearingfork_joint,0.0698131111111111,0.00698131111111111,0.0
1783095548971208285,47.809641344,grapplecarrier_joint,-0.20594867777777776,0.03665188333333333,-61.0
1783095548971208285,47.809641344,grappletong1_joint,0.0,0.0,0.0
1783095548971208285,47.809641344,grappletong2_joint,0.0,0.0,0.0
1783095548981283758,47.819716817,slew_joint,1.7488184333333332,0.0,45.0
1783095548981283758,47.819716817,boom_joint,0.3246309666666666,0.08901171666666666,620.0
1783095548981283758,47.819716817,stick_joint,-1.1013018277777777,0.0,66.0
1783095548981283758,47.819716817,telescope_joint,0.4854,0.002,-31.0
1783095548981283758,47.819716817,hanger_joint,0.9128064277777777,-0.15358884444444443,0.0
1783095548981283758,47.819716817,bearingfork_joint,0.0698131111111111,0.003490655555555555,0.0
1783095548981283758,47.819716817,grapplecarrier_joint,-0.20594867777777776,0.0314159,-60.0
1783095548981283758,47.819716817,grappletong1_joint,0.0,0.0,0.0
1783095548981283758,47.819716817,grappletong2_joint,0.0,0.0,0.0
1783095548991144895,47.829577954,slew_joint,1.7488184333333332,0.0,45.0
1783095548991144895,47.829577954,boom_joint,0.3246309666666666,0.08901171666666666,620.0
1783095548991144895,47.829577954,stick_joint,-1.1013018277777777,0.0,66.0
1783095548991144895,47.829577954,telescope_joint,0.4854,0.002,-31.0
1783095548991144895,47.829577954,hanger_joint,0.9128064277777777,-0.15358884444444443,0.0
1783095548991144895,47.829577954,bearingfork_joint,0.0698131111111111,0.003490655555555555,0.0
1783095548991144895,47.829577954,grapplecarrier_joint,-0.20594867777777776,0.0314159,-60.0
1783095548991144895,47.829577954,grappletong1_joint,0.0,0.0,0.0
1783095548991144895,47.829577954,grappletong2_joint,0.0,0.0,0.0
1783095549001542017,47.839975076,slew_joint,1.7488184333333332,0.0,45.0
1783095549001542017,47.839975076,boom_joint,0.3263762944444444,0.09075704444444443,624.0
1783095549001542017,47.839975076,stick_joint,-1.1013018277777777,0.0,69.0
1783095549001542017,47.839975076,telescope_joint,0.4854,0.001,-30.0
1783095549001542017,47.839975076,hanger_joint,0.9145517555555556,-0.15009818888888887,0.0
1783095549001542017,47.839975076,bearingfork_joint,0.0698131111111111,0.0017453277777777776,0.0
1783095549001542017,47.839975076,grapplecarrier_joint,-0.20594867777777776,0.024434588888888886,-60.0
1783095549001542017,47.839975076,grappletong1_joint,0.0,0.0,0.0
1783095549001542017,47.839975076,grappletong2_joint,0.0,0.0,0.0
1783095549011910391,47.85034345,slew_joint,1.7488184333333332,0.0,45.0
1783095549011910391,47.85034345,boom_joint,0.3263762944444444,0.09075704444444443,624.0
1783095549011910391,47.85034345,stick_joint,-1.1013018277777777,0.0,69.0
1783095549011910391,47.85034345,telescope_joint,0.4854,0.001,-30.0
1783095549011910391,47.85034345,hanger_joint,0.9145517555555556,-0.15009818888888887,0.0
1783095549011910391,47.85034345,bearingfork_joint,0.0698131111111111,0.0017453277777777776,0.0
1783095549011910391,47.85034345,grapplecarrier_joint,-0.20594867777777776,0.024434588888888886,-60.0
1783095549011910391,47.85034345,grappletong1_joint,0.0,0.0,0.0
1783095549011910391,47.85034345,grappletong2_joint,0.0,0.0,0.0
1783095549021561072,47.859994131,slew_joint,1.7488184333333332,0.0,45.0
1783095549021561072,47.859994131,boom_joint,0.3281216222222222,0.09424769999999999,628.0
1783095549021561072,47.859994131,stick_joint,-1.1013018277777777,-0.0017453277777777776,73.0
1783095549021561072,47.859994131,telescope_joint,0.4854,0.001,-30.0
1783095549021561072,47.859994131,hanger_joint,0.918042411111111,-0.15184351666666665,0.0
1783095549021561072,47.859994131,bearingfork_joint,0.0698131111111111,0.0017453277777777776,0.0
1783095549021561072,47.859994131,grapplecarrier_joint,-0.20594867777777776,0.019198605555555553,-61.0
1783095549021561072,47.859994131,grappletong1_joint,0.0,0.0,0.0
1783095549021561072,47.859994131,grappletong2_joint,0.0,0.0,0.0
1783095549031278351,47.86971141,slew_joint,1.7488184333333332,0.0,45.0
1783095549031278351,47.86971141,boom_joint,0.3281216222222222,0.09424769999999999,628.0
1783095549031278351,47.86971141,stick_joint,-1.1013018277777777,-0.0017453277777777776,73.0
1783095549031278351,47.86971141,telescope_joint,0.4854,0.001,-30.0
1783095549031278351,47.86971141,hanger_joint,0.918042411111111,-0.15184351666666665,0.0
1783095549031278351,47.86971141,bearingfork_joint,0.0698131111111111,0.0017453277777777776,0.0
1783095549031278351,47.86971141,grapplecarrier_joint,-0.20594867777777776,0.019198605555555553,-61.0
1783095549031278351,47.86971141,grappletong1_joint,0.0,0.0,0.0
1783095549031278351,47.86971141,grappletong2_joint,0.0,0.0,0.0
1783095549041460537,47.879893596,slew_joint,1.7488184333333332,0.0,45.0
1783095549041460537,47.879893596,boom_joint,0.32986695,0.09250237222222221,631.0
1783095549041460537,47.879893596,stick_joint,-1.1013018277777777,-0.0017453277777777776,76.0
1783095549041460537,47.879893596,telescope_joint,0.4854,0.001,-30.0
1783095549041460537,47.879893596,hanger_joint,0.9215330666666666,-0.1483528611111111,0.0
1783095549041460537,47.879893596,bearingfork_joint,0.0698131111111111,0.0,0.0
1783095549041460537,47.879893596,grapplecarrier_joint,-0.20594867777777776,0.01396262222222222,-61.0
1783095549041460537,47.879893596,grappletong1_joint,0.0,0.0,0.0
1783095549041460537,47.879893596,grappletong2_joint,0.0,0.0,0.0
1783095549051194301,47.88962736,slew_joint,1.7488184333333332,0.0,45.0
1783095549051194301,47.88962736,boom_joint,0.32986695,0.09250237222222221,631.0
1783095549051194301,47.88962736,stick_joint,-1.1013018277777777,-0.0017453277777777776,76.0
1783095549051194301,47.88962736,telescope_joint,0.4854,0.001,-30.0
1783095549051194301,47.88962736,hanger_joint,0.9215330666666666,-0.1483528611111111,0.0
1783095549051194301,47.88962736,bearingfork_joint,0.0698131111111111,0.0,0.0
1783095549051194301,47.88962736,grapplecarrier_joint,-0.20594867777777776,0.01396262222222222,-61.0
1783095549051194301,47.88962736,grappletong1_joint,0.0,0.0,0.0
1783095549051194301,47.88962736,grappletong2_joint,0.0,0.0,0.0
1783095549061487836,47.899920895,slew_joint,1.7488184333333332,0.0,45.0
1783095549061487836,47.899920895,boom_joint,0.3316122777777778,0.09250237222222221,635.0
1783095549061487836,47.899920895,stick_joint,-1.1013018277777777,0.0,77.0
1783095549061487836,47.899920895,telescope_joint,0.4855,0.0,-29.0
1783095549061487836,47.899920895,hanger_joint,0.9232783944444443,-0.13788089444444443,0.0
1783095549061487836,47.899920895,bearingfork_joint,0.0698131111111111,0.0,0.0
1783095549061487836,47.899920895,grapplecarrier_joint,-0.20594867777777776,0.00698131111111111,-63.0
1783095549061487836,47.899920895,grappletong1_joint,0.0,0.0,0.0
1783095549061487836,47.899920895,grappletong2_joint,0.0,0.0,0.0
1783095549071773067,47.910206126,slew_joint,1.7488184333333332,0.0,45.0
1783095549071773067,47.910206126,boom_joint,0.3316122777777778,0.09250237222222221,635.0
1783095549071773067,47.910206126,stick_joint,-1.1013018277777777,0.0,77.0
1783095549071773067,47.910206126,telescope_joint,0.4855,0.0,-29.0
1783095549071773067,47.910206126,hanger_joint,0.9232783944444443,-0.13788089444444443,0.0
1783095549071773067,47.910206126,bearingfork_joint,0.0698131111111111,0.0,0.0
1783095549071773067,47.910206126,grapplecarrier_joint,-0.20594867777777776,0.00698131111111111,-63.0
1783095549071773067,47.910206126,grappletong1_joint,0.0,0.0,0.0
1783095549071773067,47.910206126,grappletong2_joint,0.0,0.0,0.0
1783095549081672504,47.920105563,slew_joint,1.7488184333333332,0.0,45.0
1783095549081672504,47.920105563,boom_joint,0.3333576055555555,0.09075704444444443,638.0
1783095549081672504,47.920105563,stick_joint,-1.1013018277777777,0.0,78.0
1783095549081672504,47.920105563,telescope_joint,0.4855,0.0,-28.0
1783095549081672504,47.920105563,hanger_joint,0.9267690499999999,-0.13439023888888887,0.0
1783095549081672504,47.920105563,bearingfork_joint,0.0698131111111111,0.0017453277777777776,0.0
1783095549081672504,47.920105563,grapplecarrier_joint,-0.20594867777777776,0.005235983333333333,-64.0
1783095549081672504,47.920105563,grappletong1_joint,0.0,0.0,0.0
1783095549081672504,47.920105563,grappletong2_joint,0.0,0.0,0.0
1783095549091833947,47.930267006,slew_joint,1.7488184333333332,0.0,45.0
1783095549091833947,47.930267006,boom_joint,0.3333576055555555,0.09075704444444443,638.0
1783095549091833947,47.930267006,stick_joint,-1.1013018277777777,0.0,78.0
1783095549091833947,47.930267006,telescope_joint,0.4855,0.0,-28.0
1783095549091833947,47.930267006,hanger_joint,0.9267690499999999,-0.13439023888888887,0.0
1783095549091833947,47.930267006,bearingfork_joint,0.0698131111111111,0.0017453277777777776,0.0
1783095549091833947,47.930267006,grapplecarrier_joint,-0.20594867777777776,0.005235983333333333,-64.0
1783095549091833947,47.930267006,grappletong1_joint,0.0,0.0,0.0
1783095549091833947,47.930267006,grappletong2_joint,0.0,0.0,0.0
1783095549101719570,47.940152629,slew_joint,1.7488184333333332,0.0,45.0
1783095549101719570,47.940152629,boom_joint,0.3368482611111111,0.09075704444444443,640.0
1783095549101719570,47.940152629,stick_joint,-1.1013018277777777,-0.005235983333333333,79.0
1783095549101719570,47.940152629,telescope_joint,0.4855,0.0,-28.0
1783095549101719570,47.940152629,hanger_joint,0.9302597055555555,-0.13613556666666665,0.0
1783095549101719570,47.940152629,bearingfork_joint,0.0698131111111111,0.005235983333333333,0.0
1783095549101719570,47.940152629,grapplecarrier_joint,-0.20594867777777776,0.0017453277777777776,-65.0
1783095549101719570,47.940152629,grappletong1_joint,0.0,0.0,0.0
1783095549101719570,47.940152629,grappletong2_joint,0.0,0.0,0.0
1783095549111793105,47.950226164,slew_joint,1.7488184333333332,0.0,45.0
1783095549111793105,47.950226164,boom_joint,0.3368482611111111,0.09075704444444443,640.0
1783095549111793105,47.950226164,stick_joint,-1.1013018277777777,-0.005235983333333333,79.0
1783095549111793105,47.950226164,telescope_joint,0.4855,0.0,-28.0
1783095549111793105,47.950226164,hanger_joint,0.9302597055555555,-0.13613556666666665,0.0
1783095549111793105,47.950226164,bearingfork_joint,0.0698131111111111,0.005235983333333333,0.0
1783095549111793105,47.950226164,grapplecarrier_joint,-0.20594867777777776,0.0017453277777777776,-65.0
1783095549111793105,47.950226164,grappletong1_joint,0.0,0.0,0.0
1783095549111793105,47.950226164,grappletong2_joint,0.0,0.0,0.0
1783095549121594392,47.960027451,slew_joint,1.7488184333333332,0.0,45.0
1783095549121594392,47.960027451,boom_joint,0.3385935888888888,0.09424769999999999,643.0
1783095549121594392,47.960027451,stick_joint,-1.1013018277777777,-0.012217294444444443,82.0
1783095549121594392,47.960027451,telescope_joint,0.4855,0.0,-27.0
1783095549121594392,47.960027451,hanger_joint,0.9320050333333332,-0.15184351666666665,0.0
1783095549121594392,47.960027451,bearingfork_joint,0.0698131111111111,0.01396262222222222,0.0
1783095549121594392,47.960027451,grapplecarrier_joint,-0.20594867777777776,0.0,-66.0
1783095549121594392,47.960027451,grappletong1_joint,0.0,0.0,0.0
1783095549121594392,47.960027451,grappletong2_joint,0.0,0.0,0.0
1783095549131877821,47.97031088,slew_joint,1.7488184333333332,0.0,45.0
1783095549131877821,47.97031088,boom_joint,0.3385935888888888,0.09424769999999999,643.0
1783095549131877821,47.97031088,stick_joint,-1.1013018277777777,-0.012217294444444443,82.0
1783095549131877821,47.97031088,telescope_joint,0.4855,0.0,-27.0
1783095549131877821,47.97031088,hanger_joint,0.9320050333333332,-0.15184351666666665,0.0
1783095549131877821,47.97031088,bearingfork_joint,0.0698131111111111,0.01396262222222222,0.0
1783095549131877821,47.97031088,grapplecarrier_joint,-0.20594867777777776,0.0,-66.0
1783095549131877821,47.97031088,grappletong1_joint,0.0,0.0,0.0
1783095549131877821,47.97031088,grappletong2_joint,0.0,0.0,0.0
1783095549141273965,47.979707024,slew_joint,1.7488184333333332,0.0,45.0
1783095549141273965,47.979707024,boom_joint,0.3403389166666666,0.0855210611111111,646.0
1783095549141273965,47.979707024,stick_joint,-1.1013018277777777,-0.01396262222222222,85.0
1783095549141273965,47.979707024,telescope_joint,0.4855,0.001,-26.0
1783095549141273965,47.979707024,hanger_joint,0.9354956888888888,-0.15707949999999998,0.0
1783095549141273965,47.979707024,bearingfork_joint,0.06806778333333333,0.02268926111111111,0.0
1783095549141273965,47.979707024,grapplecarrier_joint,-0.20594867777777776,0.0017453277777777776,-67.0
1783095549141273965,47.979707024,grappletong1_joint,0.0,0.0,0.0
1783095549141273965,47.979707024,grappletong2_joint,0.0,0.0,0.0
1783095549151547578,47.989980637,slew_joint,1.7488184333333332,0.0,45.0
1783095549151547578,47.989980637,boom_joint,0.3403389166666666,0.0855210611111111,646.0
1783095549151547578,47.989980637,stick_joint,-1.1013018277777777,-0.01396262222222222,85.0
1783095549151547578,47.989980637,telescope_joint,0.4855,0.001,-26.0
1783095549151547578,47.989980637,hanger_joint,0.9354956888888888,-0.15707949999999998,0.0
1783095549151547578,47.989980637,bearingfork_joint,0.06806778333333333,0.02268926111111111,0.0
1783095549151547578,47.989980637,grapplecarrier_joint,-0.20594867777777776,0.0017453277777777776,-67.0
1783095549151547578,47.989980637,grappletong1_joint,0.0,0.0,0.0
1783095549151547578,47.989980637,grappletong2_joint,0.0,0.0,0.0
1783095549161400344,47.999833403,slew_joint,1.7488184333333332,0.0,45.0
1783095549161400344,47.999833403,boom_joint,0.3420842444444444,0.09075704444444443,649.0
1783095549161400344,47.999833403,stick_joint,-1.1030471555555554,-0.017453277777777776,87.0
1783095549161400344,47.999833403,telescope_joint,0.4856,0.001,-25.0
1783095549161400344,47.999833403,hanger_joint,0.9389863444444444,-0.1483528611111111,0.0
1783095549161400344,47.999833403,bearingfork_joint,0.06806778333333333,0.02268926111111111,0.0
1783095549161400344,47.999833403,grapplecarrier_joint,-0.20420335,0.003490655555555555,-67.0
1783095549161400344,47.999833403,grappletong1_joint,0.0,0.0,0.0
1783095549161400344,47.999833403,grappletong2_joint,0.0,0.0,0.0
1783095549171542786,48.009975845,slew_joint,1.7488184333333332,0.0,45.0
1783095549171542786,48.009975845,boom_joint,0.3420842444444444,0.09075704444444443,649.0
1783095549171542786,48.009975845,stick_joint,-1.1030471555555554,-0.017453277777777776,87.0
1783095549171542786,48.009975845,telescope_joint,0.4856,0.001,-25.0
1783095549171542786,48.009975845,hanger_joint,0.9389863444444444,-0.1483528611111111,0.0
1783095549171542786,48.009975845,bearingfork_joint,0.06806778333333333,0.02268926111111111,0.0
1783095549171542786,48.009975845,grapplecarrier_joint,-0.20420335,0.003490655555555555,-67.0
1783095549171542786,48.009975845,grappletong1_joint,0.0,0.0,0.0
1783095549171542786,48.009975845,grappletong2_joint,0.0,0.0,0.0
1783095549181376262,48.019809321,slew_joint,1.7488184333333332,0.0,45.0
1783095549181376262,48.019809321,boom_joint,0.3438295722222222,0.08901171666666666,652.0
1783095549181376262,48.019809321,stick_joint,-1.1030471555555554,-0.019198605555555553,87.0
1783095549181376262,48.019809321,telescope_joint,0.4856,0.001,-25.0
1783095549181376262,48.019809321,hanger_joint,0.9407316722222221,-0.1396262222222222,0.0
1783095549181376262,48.019809321,bearingfork_joint,0.06806778333333333,0.026179916666666664,0.0
1783095549181376262,48.019809321,grapplecarrier_joint,-0.20420335,0.003490655555555555,-68.0
1783095549181376262,48.019809321,grappletong1_joint,0.0,0.0,0.0
1783095549181376262,48.019809321,grappletong2_joint,0.0,0.0,0.0
1783095549191245971,48.02967903,slew_joint,1.7488184333333332,0.0,45.0
1783095549191245971,48.02967903,boom_joint,0.3438295722222222,0.08901171666666666,652.0
1783095549191245971,48.02967903,stick_joint,-1.1030471555555554,-0.019198605555555553,87.0
1783095549191245971,48.02967903,telescope_joint,0.4856,0.001,-25.0
1783095549191245971,48.02967903,hanger_joint,0.9407316722222221,-0.1396262222222222,0.0
1783095549191245971,48.02967903,bearingfork_joint,0.06806778333333333,0.026179916666666664,0.0
1783095549191245971,48.02967903,grapplecarrier_joint,-0.20420335,0.003490655555555555,-68.0
1783095549191245971,48.02967903,grappletong1_joint,0.0,0.0,0.0
1783095549191245971,48.02967903,grappletong2_joint,0.0,0.0,0.0
1783095549201484233,48.039917292,slew_joint,1.7488184333333332,0.0,45.0
1783095549201484233,48.039917292,boom_joint,0.3455749,0.08377573333333332,655.0
1783095549201484233,48.039917292,stick_joint,-1.1030471555555554,-0.017453277777777776,87.0
1783095549201484233,48.039917292,telescope_joint,0.4856,0.001,-24.0
1783095549201484233,48.039917292,hanger_joint,0.942477,-0.12042761666666665,0.0
1783095549201484233,48.039917292,bearingfork_joint,0.06632245555555555,0.04363319444444444,0.0
1783095549201484233,48.039917292,grapplecarrier_joint,-0.20420335,0.0017453277777777776,-69.0
1783095549201484233,48.039917292,grappletong1_joint,0.0,0.0,0.0
1783095549201484233,48.039917292,grappletong2_joint,0.0,0.0,0.0
1783095549211633741,48.0500668,slew_joint,1.7488184333333332,0.0,45.0
1783095549211633741,48.0500668,boom_joint,0.3455749,0.08377573333333332,655.0
1783095549211633741,48.0500668,stick_joint,-1.1030471555555554,-0.017453277777777776,87.0
1783095549211633741,48.0500668,telescope_joint,0.4856,0.001,-24.0
1783095549211633741,48.0500668,hanger_joint,0.942477,-0.12042761666666665,0.0
1783095549211633741,48.0500668,bearingfork_joint,0.06632245555555555,0.04363319444444444,0.0
1783095549211633741,48.0500668,grapplecarrier_joint,-0.20420335,0.0017453277777777776,-69.0
1783095549211633741,48.0500668,grappletong1_joint,0.0,0.0,0.0
1783095549211633741,48.0500668,grappletong2_joint,0.0,0.0,0.0
1783095549221317008,48.059750067,slew_joint,1.7488184333333332,0.0,45.0
1783095549221317008,48.059750067,boom_joint,0.3455749,0.08901171666666666,659.0
1783095549221317008,48.059750067,stick_joint,-1.1030471555555554,-0.02094393333333333,87.0
1783095549221317008,48.059750067,telescope_joint,0.4857,0.001,-23.0
1783095549221317008,48.059750067,hanger_joint,0.9442223277777777,-0.1012290111111111,0.0
1783095549221317008,48.059750067,bearingfork_joint,0.06457712777777777,0.06632245555555555,0.0
1783095549221317008,48.059750067,grapplecarrier_joint,-0.20420335,0.0,-69.0
1783095549221317008,48.059750067,grappletong1_joint,0.0,0.0,0.0
1783095549221317008,48.059750067,grappletong2_joint,0.0,0.0,0.0
1783095549231537342,48.069970401,slew_joint,1.7488184333333332,0.0,45.0
1783095549231537342,48.069970401,boom_joint,0.3455749,0.08901171666666666,659.0
1783095549231537342,48.069970401,stick_joint,-1.1030471555555554,-0.02094393333333333,87.0
1783095549231537342,48.069970401,telescope_joint,0.4857,0.001,-23.0
1783095549231537342,48.069970401,hanger_joint,0.9442223277777777,-0.1012290111111111,0.0
1783095549231537342,48.069970401,bearingfork_joint,0.06457712777777777,0.06632245555555555,0.0
1783095549231537342,48.069970401,grapplecarrier_joint,-0.20420335,0.0,-69.0
1783095549231537342,48.069970401,grappletong1_joint,0.0,0.0,0.0
1783095549231537342,48.069970401,grappletong2_joint,0.0,0.0,0.0
1783095549241993443,48.080426502,slew_joint,1.7488184333333332,0.0,45.0
1783095549241993443,48.080426502,boom_joint,0.3490655555555555,0.08377573333333332,662.0
1783095549241993443,48.080426502,stick_joint,-1.1030471555555554,-0.019198605555555553,88.0
1783095549241993443,48.080426502,telescope_joint,0.4857,0.002,-23.0
1783095549241993443,48.080426502,hanger_joint,0.9459676555555554,-0.07679442222222221,0.0
1783095549241993443,48.080426502,bearingfork_joint,0.0628318,0.09773835555555554,0.0
1783095549241993443,48.080426502,grapplecarrier_joint,-0.20420335,0.0,-70.0
1783095549241993443,48.080426502,grappletong1_joint,0.0,0.0,0.0
1783095549241993443,48.080426502,grappletong2_joint,0.0,0.0,0.0
1783095549252116885,48.090549944,slew_joint,1.7488184333333332,0.0,45.0
1783095549252116885,48.090549944,boom_joint,0.3490655555555555,0.08377573333333332,662.0
1783095549252116885,48.090549944,stick_joint,-1.1030471555555554,-0.019198605555555553,88.0
1783095549252116885,48.090549944,telescope_joint,0.4857,0.002,-23.0
1783095549252116885,48.090549944,hanger_joint,0.9459676555555554,-0.07679442222222221,0.0
1783095549252116885,48.090549944,bearingfork_joint,0.0628318,0.09773835555555554,0.0
1783095549252116885,48.090549944,grapplecarrier_joint,-0.20420335,0.0,-70.0
1783095549252116885,48.090549944,grappletong1_joint,0.0,0.0,0.0
1783095549252116885,48.090549944,grappletong2_joint,0.0,0.0,0.0
1783095549262333405,48.100766464,slew_joint,1.7488184333333332,0.0,45.0
1783095549262333405,48.100766464,boom_joint,0.3490655555555555,0.0855210611111111,665.0
1783095549262333405,48.100766464,stick_joint,-1.1047924833333334,-0.02268926111111111,89.0
1783095549262333405,48.100766464,telescope_joint,0.4858,0.002,-22.0
1783095549262333405,48.100766464,hanger_joint,0.9477129833333333,-0.061086472222222216,0.0
1783095549262333405,48.100766464,bearingfork_joint,0.05934114444444444,0.13089958333333332,0.0
1783095549262333405,48.100766464,grapplecarrier_joint,-0.20420335,0.0,-70.0
1783095549262333405,48.100766464,grappletong1_joint,0.0,0.0,0.0
1783095549262333405,48.100766464,grappletong2_joint,0.0,0.0,0.0
1783095549271964962,48.110398021,slew_joint,1.7488184333333332,0.0,45.0
1783095549271964962,48.110398021,boom_joint,0.3490655555555555,0.0855210611111111,665.0
1783095549271964962,48.110398021,stick_joint,-1.1047924833333334,-0.02268926111111111,89.0
1783095549271964962,48.110398021,telescope_joint,0.4858,0.002,-22.0
1783095549271964962,48.110398021,hanger_joint,0.9477129833333333,-0.061086472222222216,0.0
1783095549271964962,48.110398021,bearingfork_joint,0.05934114444444444,0.13089958333333332,0.0
1783095549271964962,48.110398021,grapplecarrier_joint,-0.20420335,0.0,-70.0
1783095549271964962,48.110398021,grappletong1_joint,0.0,0.0,0.0
1783095549271964962,48.110398021,grappletong2_joint,0.0,0.0,0.0
1783095549282015714,48.120448773,slew_joint,1.7488184333333332,0.0,45.0
1783095549282015714,48.120448773,boom_joint,0.3508108833333333,0.08377573333333332,669.0
1783095549282015714,48.120448773,stick_joint,-1.1047924833333334,-0.024434588888888886,90.0
1783095549282015714,48.120448773,telescope_joint,0.4858,0.002,-22.0
1783095549282015714,48.120448773,hanger_joint,0.9477129833333333,-0.047123849999999995,0.0
1783095549282015714,48.120448773,bearingfork_joint,0.05585048888888888,0.15358884444444443,0.0
1783095549282015714,48.120448773,grapplecarrier_joint,-0.20594867777777776,-0.0017453277777777776,-70.0
1783095549282015714,48.120448773,grappletong1_joint,0.0,0.0,0.0
1783095549282015714,48.120448773,grappletong2_joint,0.0,0.0,0.0
1783095549294789423,48.133222482,slew_joint,1.7488184333333332,0.0,45.0
1783095549294789423,48.133222482,boom_joint,0.3508108833333333,0.08377573333333332,669.0
1783095549294789423,48.133222482,stick_joint,-1.1047924833333334,-0.024434588888888886,90.0
1783095549294789423,48.133222482,telescope_joint,0.4858,0.002,-22.0
1783095549294789423,48.133222482,hanger_joint,0.9477129833333333,-0.047123849999999995,0.0
1783095549294789423,48.133222482,bearingfork_joint,0.05585048888888888,0.15358884444444443,0.0
1783095549294789423,48.133222482,grapplecarrier_joint,-0.20594867777777776,-0.0017453277777777776,-70.0
1783095549294789423,48.133222482,grappletong1_joint,0.0,0.0,0.0
1783095549294789423,48.133222482,grappletong2_joint,0.0,0.0,0.0
1783095549302975545,48.141408604,slew_joint,1.7488184333333332,0.0,45.0
1783095549302975545,48.141408604,boom_joint,0.35255621111111113,0.08203040555555555,672.0
1783095549302975545,48.141408604,stick_joint,-1.1047924833333334,-0.026179916666666664,89.0
1783095549302975545,48.141408604,telescope_joint,0.4858,0.001,-21.0
1783095549302975545,48.141408604,hanger_joint,0.949458311111111,-0.04363319444444444,0.0
1783095549302975545,48.141408604,bearingfork_joint,0.05235983333333333,0.16231548333333332,0.0
1783095549302975545,48.141408604,grapplecarrier_joint,-0.20594867777777776,-0.012217294444444443,-71.0
1783095549302975545,48.141408604,grappletong1_joint,0.0,0.0,0.0
1783095549302975545,48.141408604,grappletong2_joint,0.0,0.0,0.0
1783095549312712849,48.151145908,slew_joint,1.7488184333333332,0.0,45.0
1783095549312712849,48.151145908,boom_joint,0.35255621111111113,0.08203040555555555,672.0
1783095549312712849,48.151145908,stick_joint,-1.1047924833333334,-0.026179916666666664,89.0
1783095549312712849,48.151145908,telescope_joint,0.4858,0.001,-21.0
1783095549312712849,48.151145908,hanger_joint,0.949458311111111,-0.04363319444444444,0.0
1783095549312712849,48.151145908,bearingfork_joint,0.05235983333333333,0.16231548333333332,0.0
1783095549312712849,48.151145908,grapplecarrier_joint,-0.20594867777777776,-0.012217294444444443,-71.0
1783095549312712849,48.151145908,grappletong1_joint,0.0,0.0,0.0
1783095549312712849,48.151145908,grappletong2_joint,0.0,0.0,0.0
1783095549322831528,48.161264587,slew_joint,1.7488184333333332,0.0,45.0
1783095549322831528,48.161264587,boom_joint,0.3543015388888888,0.0855210611111111,677.0
1783095549322831528,48.161264587,stick_joint,-1.106537811111111,-0.0314159,87.0
1783095549322831528,48.161264587,telescope_joint,0.4859,0.001,-21.0
1783095549322831528,48.161264587,hanger_joint,0.949458311111111,-0.040142538888888885,0.0
1783095549322831528,48.161264587,bearingfork_joint,0.04886917777777777,0.16929679444444443,0.0
1783095549322831528,48.161264587,grapplecarrier_joint,-0.20594867777777776,-0.02268926111111111,-72.0
1783095549322831528,48.161264587,grappletong1_joint,0.0,0.0,0.0
1783095549322831528,48.161264587,grappletong2_joint,0.0,0.0,0.0
1783095549332952898,48.171385957,slew_joint,1.7488184333333332,0.0,45.0
1783095549332952898,48.171385957,boom_joint,0.3543015388888888,0.0855210611111111,677.0
1783095549332952898,48.171385957,stick_joint,-1.106537811111111,-0.0314159,87.0
1783095549332952898,48.171385957,telescope_joint,0.4859,0.001,-21.0
1783095549332952898,48.171385957,hanger_joint,0.949458311111111,-0.040142538888888885,0.0
1783095549332952898,48.171385957,bearingfork_joint,0.04886917777777777,0.16929679444444443,0.0
1783095549332952898,48.171385957,grapplecarrier_joint,-0.20594867777777776,-0.02268926111111111,-72.0
1783095549332952898,48.171385957,grappletong1_joint,0.0,0.0,0.0
1783095549332952898,48.171385957,grappletong2_joint,0.0,0.0,0.0
1783095549342677763,48.181110822,slew_joint,1.7488184333333332,0.0,45.0
1783095549342677763,48.181110822,boom_joint,0.35604686666666663,0.08377573333333332,683.0
1783095549342677763,48.181110822,stick_joint,-1.106537811111111,-0.02792524444444444,85.0
1783095549342677763,48.181110822,telescope_joint,0.4859,0.001,-20.0
1783095549342677763,48.181110822,hanger_joint,0.949458311111111,-0.0314159,0.0
1783095549342677763,48.181110822,bearingfork_joint,0.04537852222222222,0.17278744999999998,0.0
1783095549342677763,48.181110822,grapplecarrier_joint,-0.20769400555555556,-0.03839721111111111,-73.0
1783095549342677763,48.181110822,grappletong1_joint,0.0,0.0,0.0
1783095549342677763,48.181110822,grappletong2_joint,0.0,0.0,0.0
1783095549352695041,48.1911281,slew_joint,1.7488184333333332,0.0,45.0
1783095549352695041,48.1911281,boom_joint,0.35604686666666663,0.08377573333333332,683.0
1783095549352695041,48.1911281,stick_joint,-1.106537811111111,-0.02792524444444444,85.0
1783095549352695041,48.1911281,telescope_joint,0.4859,0.001,-20.0
1783095549352695041,48.1911281,hanger_joint,0.949458311111111,-0.0314159,0.0
1783095549352695041,48.1911281,bearingfork_joint,0.04537852222222222,0.17278744999999998,0.0
1783095549352695041,48.1911281,grapplecarrier_joint,-0.20769400555555556,-0.03839721111111111,-73.0
1783095549352695041,48.1911281,grappletong1_joint,0.0,0.0,0.0
1783095549352695041,48.1911281,grappletong2_joint,0.0,0.0,0.0
1783095549363203871,48.20163693,slew_joint,1.7488184333333332,-0.0017453277777777776,45.0
1783095549363203871,48.20163693,boom_joint,0.35779219444444443,0.0855210611111111,691.0
1783095549363203871,48.20163693,stick_joint,-1.106537811111111,-0.026179916666666664,84.0
1783095549363203871,48.20163693,telescope_joint,0.4859,0.001,-20.0
1783095549363203871,48.20163693,hanger_joint,0.9512036388888887,-0.026179916666666664,0.0
1783095549363203871,48.20163693,bearingfork_joint,0.04188786666666666,0.17627810555555554,0.0
1783095549363203871,48.20163693,grapplecarrier_joint,-0.2094393333333333,-0.05585048888888888,-75.0
1783095549363203871,48.20163693,grappletong1_joint,0.0,0.0,0.0
1783095549363203871,48.20163693,grappletong2_joint,0.0,0.0,0.0
1783095549372436817,48.210869876,slew_joint,1.7488184333333332,-0.0017453277777777776,45.0
1783095549372436817,48.210869876,boom_joint,0.35779219444444443,0.0855210611111111,691.0
1783095549372436817,48.210869876,stick_joint,-1.106537811111111,-0.026179916666666664,84.0
1783095549372436817,48.210869876,telescope_joint,0.4859,0.001,-20.0
1783095549372436817,48.210869876,hanger_joint,0.9512036388888887,-0.026179916666666664,0.0
1783095549372436817,48.210869876,bearingfork_joint,0.04188786666666666,0.17627810555555554,0.0
1783095549372436817,48.210869876,grapplecarrier_joint,-0.2094393333333333,-0.05585048888888888,-75.0
1783095549372436817,48.210869876,grappletong1_joint,0.0,0.0,0.0
1783095549372436817,48.210869876,grappletong2_joint,0.0,0.0,0.0
1783095549382127067,48.220560126,slew_joint,1.7488184333333332,-0.00698131111111111,45.0
1783095549382127067,48.220560126,boom_joint,0.35953752222222213,0.08901171666666666,697.0
1783095549382127067,48.220560126,stick_joint,-1.106537811111111,-0.02094393333333333,83.0
1783095549382127067,48.220560126,telescope_joint,0.4859,0.0,-19.0
1783095549382127067,48.220560126,hanger_joint,0.9512036388888887,-0.017453277777777776,0.0
1783095549382127067,48.220560126,bearingfork_joint,0.03665188333333333,0.19896736666666665,0.0
1783095549382127067,48.220560126,grapplecarrier_joint,-0.2094393333333333,-0.07330376666666666,-78.0
1783095549382127067,48.220560126,grappletong1_joint,0.0,0.0,0.0
1783095549382127067,48.220560126,grappletong2_joint,0.0,0.0,0.0
1783095549392944047,48.231377106,slew_joint,1.7488184333333332,-0.00698131111111111,45.0
1783095549392944047,48.231377106,boom_joint,0.35953752222222213,0.08901171666666666,697.0
1783095549392944047,48.231377106,stick_joint,-1.106537811111111,-0.02094393333333333,83.0
1783095549392944047,48.231377106,telescope_joint,0.4859,0.0,-19.0
1783095549392944047,48.231377106,hanger_joint,0.9512036388888887,-0.017453277777777776,0.0
1783095549392944047,48.231377106,bearingfork_joint,0.03665188333333333,0.19896736666666665,0.0
1783095549392944047,48.231377106,grapplecarrier_joint,-0.2094393333333333,-0.07330376666666666,-78.0
1783095549392944047,48.231377106,grappletong1_joint,0.0,0.0,0.0
1783095549392944047,48.231377106,grappletong2_joint,0.0,0.0,0.0
1783095549402570849,48.241003908,slew_joint,1.7488184333333332,-0.01396262222222222,45.0
1783095549402570849,48.241003908,boom_joint,0.36128284999999993,0.08377573333333332,704.0
1783095549402570849,48.241003908,stick_joint,-1.1082831388888887,-0.02268926111111111,81.0
1783095549402570849,48.241003908,telescope_joint,0.4859,0.001,-18.0
1783095549402570849,48.241003908,hanger_joint,0.9512036388888887,-0.008726638888888888,0.0
1783095549402570849,48.241003908,bearingfork_joint,0.033161227777777774,0.22165662777777775,0.0
1783095549402570849,48.241003908,grapplecarrier_joint,-0.21292998888888887,-0.08901171666666666,-81.0
1783095549402570849,48.241003908,grappletong1_joint,0.0,0.0,0.0
1783095549402570849,48.241003908,grappletong2_joint,0.0,0.0,0.0
1783095549412048067,48.250481126,slew_joint,1.7488184333333332,-0.01396262222222222,45.0
1783095549412048067,48.250481126,boom_joint,0.36128284999999993,0.08377573333333332,704.0
1783095549412048067,48.250481126,stick_joint,-1.1082831388888887,-0.02268926111111111,81.0
1783095549412048067,48.250481126,telescope_joint,0.4859,0.001,-18.0
1783095549412048067,48.250481126,hanger_joint,0.9512036388888887,-0.008726638888888888,0.0
1783095549412048067,48.250481126,bearingfork_joint,0.033161227777777774,0.22165662777777775,0.0
1783095549412048067,48.250481126,grapplecarrier_joint,-0.21292998888888887,-0.08901171666666666,-81.0
1783095549412048067,48.250481126,grappletong1_joint,0.0,0.0,0.0
1783095549412048067,48.250481126,grappletong2_joint,0.0,0.0,0.0
1783095549422919312,48.261352371,slew_joint,1.7470731055555555,-0.01396262222222222,44.0
1783095549422919312,48.261352371,boom_joint,0.36302817777777774,0.08203040555555555,710.0
1783095549422919312,48.261352371,stick_joint,-1.1082831388888887,-0.019198605555555553,81.0
1783095549422919312,48.261352371,telescope_joint,0.486,0.001,-18.0
1783095549422919312,48.261352371,hanger_joint,0.9512036388888887,-0.005235983333333333,0.0
1783095549422919312,48.261352371,bearingfork_joint,0.026179916666666664,0.2565631833333333,0.0
1783095549422919312,48.261352371,grapplecarrier_joint,-0.21467531666666662,-0.10297433888888888,-84.0
1783095549422919312,48.261352371,grappletong1_joint,0.0,0.0,0.0
1783095549422919312,48.261352371,grappletong2_joint,0.0,0.0,0.0
1783095549437121950,48.275555009,slew_joint,1.7470731055555555,-0.01396262222222222,44.0
1783095549437121950,48.275555009,boom_joint,0.36302817777777774,0.08203040555555555,710.0
1783095549437121950,48.275555009,stick_joint,-1.1082831388888887,-0.019198605555555553,81.0
1783095549437121950,48.275555009,telescope_joint,0.486,0.001,-18.0
1783095549437121950,48.275555009,hanger_joint,0.9512036388888887,-0.005235983333333333,0.0
1783095549437121950,48.275555009,bearingfork_joint,0.026179916666666664,0.2565631833333333,0.0
1783095549437121950,48.275555009,grapplecarrier_joint,-0.21467531666666662,-0.10297433888888888,-84.0
1783095549437121950,48.275555009,grappletong1_joint,0.0,0.0,0.0
1783095549437121950,48.275555009,grappletong2_joint,0.0,0.0,0.0
1783095549442678653,48.281111712,slew_joint,1.7470731055555555,-0.012217294444444443,43.0
1783095549442678653,48.281111712,boom_joint,0.36477350555555554,0.08028507777777777,717.0
1783095549442678653,48.281111712,stick_joint,-1.1082831388888887,-0.017453277777777776,79.0
1783095549442678653,48.281111712,telescope_joint,0.486,0.001,-17.0
1783095549442678653,48.281111712,hanger_joint,0.9512036388888887,-0.003490655555555555,0.0
1783095549442678653,48.281111712,bearingfork_joint,0.02094393333333333,0.27401646111111105,0.0
1783095549442678653,48.281111712,grapplecarrier_joint,-0.21642064444444442,-0.12391827222222221,-88.0
1783095549442678653,48.281111712,grappletong1_joint,0.0,0.0,0.0
1783095549442678653,48.281111712,grappletong2_joint,0.0,0.0,0.0
1783095549453086621,48.29151968,slew_joint,1.7470731055555555,-0.012217294444444443,43.0
1783095549453086621,48.29151968,boom_joint,0.36477350555555554,0.08028507777777777,717.0
1783095549453086621,48.29151968,stick_joint,-1.1082831388888887,-0.017453277777777776,79.0
1783095549453086621,48.29151968,telescope_joint,0.486,0.001,-17.0
1783095549453086621,48.29151968,hanger_joint,0.9512036388888887,-0.003490655555555555,0.0
1783095549453086621,48.29151968,bearingfork_joint,0.02094393333333333,0.27401646111111105,0.0
1783095549453086621,48.29151968,grapplecarrier_joint,-0.21642064444444442,-0.12391827222222221,-88.0
1783095549453086621,48.29151968,grappletong1_joint,0.0,0.0,0.0
1783095549453086621,48.29151968,grappletong2_joint,0.0,0.0,0.0
1783095549462963702,48.301396761,slew_joint,1.7470731055555555,-0.01396262222222222,43.0
1783095549462963702,48.301396761,boom_joint,0.36651883333333335,0.08203040555555555,724.0
1783095549462963702,48.301396761,stick_joint,-1.1082831388888887,-0.02094393333333333,78.0
1783095549462963702,48.301396761,telescope_joint,0.486,0.001,-16.0
1783095549462963702,48.301396761,hanger_joint,0.9512036388888887,-0.00698131111111111,0.0
1783095549462963702,48.301396761,bearingfork_joint,0.01570795,0.28797908333333333,0.0
1783095549462963702,48.301396761,grapplecarrier_joint,-0.21991129999999998,-0.1396262222222222,-93.0
1783095549462963702,48.301396761,grappletong1_joint,0.0,0.0,0.0
1783095549462963702,48.301396761,grappletong2_joint,0.0,0.0,0.0
1783095549472581543,48.311014602,slew_joint,1.7470731055555555,-0.01396262222222222,43.0
1783095549472581543,48.311014602,boom_joint,0.36651883333333335,0.08203040555555555,724.0
1783095549472581543,48.311014602,stick_joint,-1.1082831388888887,-0.02094393333333333,78.0
1783095549472581543,48.311014602,telescope_joint,0.486,0.001,-16.0
1783095549472581543,48.311014602,hanger_joint,0.9512036388888887,-0.00698131111111111,0.0
1783095549472581543,48.311014602,bearingfork_joint,0.01570795,0.28797908333333333,0.0
1783095549472581543,48.311014602,grapplecarrier_joint,-0.21991129999999998,-0.1396262222222222,-93.0
1783095549472581543,48.311014602,grappletong1_joint,0.0,0.0,0.0
1783095549472581543,48.311014602,grappletong2_joint,0.0,0.0,0.0
1783095549482439860,48.320872919,slew_joint,1.7470731055555555,-0.01396262222222222,41.0
1783095549482439860,48.320872919,boom_joint,0.36826416111111104,0.08203040555555555,733.0
1783095549482439860,48.320872919,stick_joint,-1.1100284666666667,-0.02268926111111111,77.0
1783095549482439860,48.320872919,telescope_joint,0.486,0.001,-16.0
1783095549482439860,48.320872919,hanger_joint,0.9512036388888887,-0.012217294444444443,0.0
1783095549482439860,48.320872919,bearingfork_joint,0.010471966666666666,0.2844884277777778,0.0
1783095549482439860,48.320872919,grapplecarrier_joint,-0.22340195555555553,-0.15358884444444443,-99.0
1783095549482439860,48.320872919,grappletong1_joint,0.0,0.0,0.0
1783095549482439860,48.320872919,grappletong2_joint,0.0,0.0,0.0
1783095549492585910,48.331018969,slew_joint,1.7470731055555555,-0.01396262222222222,41.0
1783095549492585910,48.331018969,boom_joint,0.36826416111111104,0.08203040555555555,733.0
1783095549492585910,48.331018969,stick_joint,-1.1100284666666667,-0.02268926111111111,77.0
1783095549492585910,48.331018969,telescope_joint,0.486,0.001,-16.0
1783095549492585910,48.331018969,hanger_joint,0.9512036388888887,-0.012217294444444443,0.0
1783095549492585910,48.331018969,bearingfork_joint,0.010471966666666666,0.2844884277777778,0.0
1783095549492585910,48.331018969,grapplecarrier_joint,-0.22340195555555553,-0.15358884444444443,-99.0
1783095549492585910,48.331018969,grappletong1_joint,0.0,0.0,0.0
1783095549492585910,48.331018969,grappletong2_joint,0.0,0.0,0.0
1783095549502914751,48.34134781,slew_joint,1.7470731055555555,-0.01396262222222222,40.0
1783095549502914751,48.34134781,boom_joint,0.37000948888888885,0.08028507777777777,743.0
1783095549502914751,48.34134781,stick_joint,-1.1100284666666667,-0.026179916666666664,77.0
1783095549502914751,48.34134781,telescope_joint,0.486,0.001,-15.0
1783095549502914751,48.34134781,hanger_joint,0.9529489666666666,-0.024434588888888886,0.0
1783095549502914751,48.34134781,bearingfork_joint,0.003490655555555555,0.27401646111111105,0.0
1783095549502914751,48.34134781,grapplecarrier_joint,-0.2268926111111111,-0.16057015555555554,-105.0
1783095549502914751,48.34134781,grappletong1_joint,0.0,0.0,0.0
1783095549502914751,48.34134781,grappletong2_joint,0.0,0.0,0.0
1783095549514439430,48.352872489,slew_joint,1.7470731055555555,-0.01396262222222222,40.0
1783095549514439430,48.352872489,boom_joint,0.37000948888888885,0.08028507777777777,743.0
1783095549514439430,48.352872489,stick_joint,-1.1100284666666667,-0.026179916666666664,77.0
1783095549514439430,48.352872489,telescope_joint,0.486,0.001,-15.0
1783095549514439430,48.352872489,hanger_joint,0.9529489666666666,-0.024434588888888886,0.0
1783095549514439430,48.352872489,bearingfork_joint,0.003490655555555555,0.27401646111111105,0.0
1783095549514439430,48.352872489,grapplecarrier_joint,-0.2268926111111111,-0.16057015555555554,-105.0
1783095549514439430,48.352872489,grappletong1_joint,0.0,0.0,0.0
1783095549514439430,48.352872489,grappletong2_joint,0.0,0.0,0.0
1783095549521656082,48.360089141,slew_joint,1.7470731055555555,-0.01396262222222222,39.0
1783095549521656082,48.360089141,boom_joint,0.37175481666666665,0.08377573333333332,753.0
1783095549521656082,48.360089141,stick_joint,-1.1100284666666667,-0.024434588888888886,76.0
1783095549521656082,48.360089141,telescope_joint,0.4861,0.001,-14.0
1783095549521656082,48.360089141,hanger_joint,0.9529489666666666,-0.03490655555555555,0.0
1783095549521656082,48.360089141,bearingfork_joint,-0.0017453277777777776,0.27750711666666666,0.0
1783095549521656082,48.360089141,grapplecarrier_joint,-0.23038326666666664,-0.1553341722222222,-111.0
1783095549521656082,48.360089141,grappletong1_joint,0.0,0.0,0.0
1783095549521656082,48.360089141,grappletong2_joint,0.0,0.0,0.0
1783095549531313831,48.36974689,slew_joint,1.7470731055555555,-0.01396262222222222,39.0
1783095549531313831,48.36974689,boom_joint,0.37175481666666665,0.08377573333333332,753.0
1783095549531313831,48.36974689,stick_joint,-1.1100284666666667,-0.024434588888888886,76.0
1783095549531313831,48.36974689,telescope_joint,0.4861,0.001,-14.0
1783095549531313831,48.36974689,hanger_joint,0.9529489666666666,-0.03490655555555555,0.0
1783095549531313831,48.36974689,bearingfork_joint,-0.0017453277777777776,0.27750711666666666,0.0
1783095549531313831,48.36974689,grapplecarrier_joint,-0.23038326666666664,-0.1553341722222222,-111.0
1783095549531313831,48.36974689,grappletong1_joint,0.0,0.0,0.0
1783095549531313831,48.36974689,grappletong2_joint,0.0,0.0,0.0
1783095549541463774,48.379896833,slew_joint,1.7453277777777776,-0.01396262222222222,37.0
1783095549541463774,48.379896833,boom_joint,0.37350014444444435,0.08028507777777777,760.0
1783095549541463774,48.379896833,stick_joint,-1.1117737944444444,-0.02792524444444444,76.0
1783095549541463774,48.379896833,telescope_joint,0.4861,0.001,-13.0
1783095549541463774,48.379896833,hanger_joint,0.9546942944444443,-0.040142538888888885,0.0
1783095549541463774,48.379896833,bearingfork_joint,-0.00698131111111111,0.2897244111111111,0.0
1783095549541463774,48.379896833,grapplecarrier_joint,-0.2321285944444444,-0.15184351666666665,-116.0
1783095549541463774,48.379896833,grappletong1_joint,0.0,0.0,0.0
1783095549541463774,48.379896833,grappletong2_joint,0.0,0.0,0.0
1783095549551361856,48.389794915,slew_joint,1.7453277777777776,-0.01396262222222222,37.0
1783095549551361856,48.389794915,boom_joint,0.37350014444444435,0.08028507777777777,760.0
1783095549551361856,48.389794915,stick_joint,-1.1117737944444444,-0.02792524444444444,76.0
1783095549551361856,48.389794915,telescope_joint,0.4861,0.001,-13.0
1783095549551361856,48.389794915,hanger_joint,0.9546942944444443,-0.040142538888888885,0.0
1783095549551361856,48.389794915,bearingfork_joint,-0.00698131111111111,0.2897244111111111,0.0
1783095549551361856,48.389794915,grapplecarrier_joint,-0.2321285944444444,-0.15184351666666665,-116.0
1783095549551361856,48.389794915,grappletong1_joint,0.0,0.0,0.0
1783095549551361856,48.389794915,grappletong2_joint,0.0,0.0,0.0
1783095549561288277,48.399721336,slew_joint,1.7453277777777776,-0.01570795,35.0
1783095549561288277,48.399721336,boom_joint,0.37524547222222215,0.07853974999999999,766.0
1783095549561288277,48.399721336,stick_joint,-1.1117737944444444,-0.026179916666666664,74.0
1783095549561288277,48.399721336,telescope_joint,0.4861,0.0,-12.0
1783095549561288277,48.399721336,hanger_joint,0.9546942944444443,-0.047123849999999995,0.0
1783095549561288277,48.399721336,bearingfork_joint,-0.01396262222222222,0.30717768888888886,0.0
1783095549561288277,48.399721336,grapplecarrier_joint,-0.23561925,-0.1396262222222222,-121.0
1783095549561288277,48.399721336,grappletong1_joint,0.0,0.0,0.0
1783095549561288277,48.399721336,grappletong2_joint,0.0,0.0,0.0
1783095549571477119,48.409910178,slew_joint,1.7453277777777776,-0.01570795,35.0
1783095549571477119,48.409910178,boom_joint,0.37524547222222215,0.07853974999999999,766.0
1783095549571477119,48.409910178,stick_joint,-1.1117737944444444,-0.026179916666666664,74.0
1783095549571477119,48.409910178,telescope_joint,0.4861,0.0,-12.0
1783095549571477119,48.409910178,hanger_joint,0.9546942944444443,-0.047123849999999995,0.0
1783095549571477119,48.409910178,bearingfork_joint,-0.01396262222222222,0.30717768888888886,0.0
1783095549571477119,48.409910178,grapplecarrier_joint,-0.23561925,-0.1396262222222222,-121.0
1783095549571477119,48.409910178,grappletong1_joint,0.0,0.0,0.0
1783095549571477119,48.409910178,grappletong2_joint,0.0,0.0,0.0
1783095549585781384,48.424214443,slew_joint,1.7453277777777776,-0.01396262222222222,34.0
1783095549585781384,48.424214443,boom_joint,0.37524547222222215,0.07330376666666666,777.0
1783095549585781384,48.424214443,stick_joint,-1.1117737944444444,-0.024434588888888886,73.0
1783095549585781384,48.424214443,telescope_joint,0.4861,0.0,-11.0
1783095549585781384,48.424214443,hanger_joint,0.956439622222222,-0.04188786666666666,0.0
1783095549585781384,48.424214443,bearingfork_joint,-0.019198605555555553,0.29321506666666663,0.0
1783095549585781384,48.424214443,grapplecarrier_joint,-0.23736457777777775,-0.13439023888888887,-126.0
1783095549585781384,48.424214443,grappletong1_joint,0.0,0.0,0.0
1783095549585781384,48.424214443,grappletong2_joint,0.0,0.0,0.0
1783095549591357151,48.42979021,slew_joint,1.7453277777777776,-0.01396262222222222,34.0
1783095549591357151,48.42979021,boom_joint,0.37524547222222215,0.07330376666666666,777.0
1783095549591357151,48.42979021,stick_joint,-1.1117737944444444,-0.024434588888888886,73.0
1783095549591357151,48.42979021,telescope_joint,0.4861,0.0,-11.0
1783095549591357151,48.42979021,hanger_joint,0.956439622222222,-0.04188786666666666,0.0
1783095549591357151,48.42979021,bearingfork_joint,-0.019198605555555553,0.29321506666666663,0.0
1783095549591357151,48.42979021,grapplecarrier_joint,-0.23736457777777775,-0.13439023888888887,-126.0
1783095549591357151,48.42979021,grappletong1_joint,0.0,0.0,0.0
1783095549591357151,48.42979021,grappletong2_joint,0.0,0.0,0.0
1783095549601749755,48.440182814,slew_joint,1.7453277777777776,-0.01396262222222222,32.0
1783095549601749755,48.440182814,boom_joint,0.37699079999999996,0.07330376666666666,788.0
1783095549601749755,48.440182814,stick_joint,-1.1117737944444444,-0.02094393333333333,72.0
1783095549601749755,48.440182814,telescope_joint,0.4861,0.0,-10.0
1783095549601749755,48.440182814,hanger_joint,0.956439622222222,-0.03839721111111111,0.0
1783095549601749755,48.440182814,bearingfork_joint,-0.024434588888888886,0.27576178888888886,0.0
1783095549601749755,48.440182814,grapplecarrier_joint,-0.23910990555555556,-0.1169369611111111,-129.0
1783095549601749755,48.440182814,grappletong1_joint,0.0,0.0,0.0
1783095549601749755,48.440182814,grappletong2_joint,0.0,0.0,0.0
1783095549611525676,48.449958735,slew_joint,1.7453277777777776,-0.01396262222222222,32.0
1783095549611525676,48.449958735,boom_joint,0.37699079999999996,0.07330376666666666,788.0
1783095549611525676,48.449958735,stick_joint,-1.1117737944444444,-0.02094393333333333,72.0
1783095549611525676,48.449958735,telescope_joint,0.4861,0.0,-10.0
1783095549611525676,48.449958735,hanger_joint,0.956439622222222,-0.03839721111111111,0.0
1783095549611525676,48.449958735,bearingfork_joint,-0.024434588888888886,0.27576178888888886,0.0
1783095549611525676,48.449958735,grapplecarrier_joint,-0.23910990555555556,-0.1169369611111111,-129.0
1783095549611525676,48.449958735,grappletong1_joint,0.0,0.0,0.0
1783095549611525676,48.449958735,grappletong2_joint,0.0,0.0,0.0
1783095549621407702,48.459840761,slew_joint,1.7453277777777776,-0.01570795,30.0
1783095549621407702,48.459840761,boom_joint,0.37873612777777776,0.07504909444444444,798.0
1783095549621407702,48.459840761,stick_joint,-1.1117737944444444,-0.01396262222222222,72.0
1783095549621407702,48.459840761,telescope_joint,0.4861,0.0,-9.0
1783095549621407702,48.459840761,hanger_joint,0.9581849499999999,-0.04537852222222222,0.0
1783095549621407702,48.459840761,bearingfork_joint,-0.02967057222222222,0.26703515,0.0
1783095549621407702,48.459840761,grapplecarrier_joint,-0.2408552333333333,-0.09075704444444443,-132.0
1783095549621407702,48.459840761,grappletong1_joint,0.0,0.0,0.0
1783095549621407702,48.459840761,grappletong2_joint,0.0,0.0,0.0
1783095549631379216,48.469812275,slew_joint,1.7453277777777776,-0.01570795,30.0
1783095549631379216,48.469812275,boom_joint,0.37873612777777776,0.07504909444444444,798.0
1783095549631379216,48.469812275,stick_joint,-1.1117737944444444,-0.01396262222222222,72.0
1783095549631379216,48.469812275,telescope_joint,0.4861,0.0,-9.0
1783095549631379216,48.469812275,hanger_joint,0.9581849499999999,-0.04537852222222222,0.0
1783095549631379216,48.469812275,bearingfork_joint,-0.02967057222222222,0.26703515,0.0
1783095549631379216,48.469812275,grapplecarrier_joint,-0.2408552333333333,-0.09075704444444443,-132.0
1783095549631379216,48.469812275,grappletong1_joint,0.0,0.0,0.0
1783095549631379216,48.469812275,grappletong2_joint,0.0,0.0,0.0
1783095549641505385,48.479938444,slew_joint,1.7453277777777776,-0.01570795,28.0
1783095549641505385,48.479938444,boom_joint,0.38048145555555557,0.08028507777777777,808.0
1783095549641505385,48.479938444,stick_joint,-1.1135191222222223,-0.01570795,71.0
1783095549641505385,48.479938444,telescope_joint,0.4861,0.0,-8.0
1783095549641505385,48.479938444,hanger_joint,0.9599302777777776,-0.07330376666666666,0.0
1783095549641505385,48.479938444,bearingfork_joint,-0.03490655555555555,0.2530725277777778,0.0
1783095549641505385,48.479938444,grapplecarrier_joint,-0.2426005611111111,-0.061086472222222216,-134.0
1783095549641505385,48.479938444,grappletong1_joint,0.0,0.0,0.0
1783095549641505385,48.479938444,grappletong2_joint,0.0,0.0,0.0
1783095549652086032,48.490519091,slew_joint,1.7453277777777776,-0.01570795,28.0
1783095549652086032,48.490519091,boom_joint,0.38048145555555557,0.08028507777777777,808.0
1783095549652086032,48.490519091,stick_joint,-1.1135191222222223,-0.01570795,71.0
1783095549652086032,48.490519091,telescope_joint,0.4861,0.0,-8.0
1783095549652086032,48.490519091,hanger_joint,0.9599302777777776,-0.07330376666666666,0.0
1783095549652086032,48.490519091,bearingfork_joint,-0.03490655555555555,0.2530725277777778,0.0
1783095549652086032,48.490519091,grapplecarrier_joint,-0.2426005611111111,-0.061086472222222216,-134.0
1783095549652086032,48.490519091,grappletong1_joint,0.0,0.0,0.0
1783095549652086032,48.490519091,grappletong2_joint,0.0,0.0,0.0
1783095549661802241,48.5002353,slew_joint,1.74358245,-0.01570795,26.0
1783095549661802241,48.5002353,boom_joint,0.38222678333333326,0.08028507777777777,822.0
1783095549661802241,48.5002353,stick_joint,-1.1135191222222223,-0.019198605555555553,69.0
1783095549661802241,48.5002353,telescope_joint,0.4861,0.0,-8.0
1783095549661802241,48.5002353,hanger_joint,0.9616756055555555,-0.10297433888888888,0.0
1783095549661802241,48.5002353,bearingfork_joint,-0.040142538888888885,0.24783654444444442,0.0
1783095549661802241,48.5002353,grapplecarrier_joint,-0.2426005611111111,-0.02792524444444444,-134.0
1783095549661802241,48.5002353,grappletong1_joint,0.0,0.0,0.0
1783095549661802241,48.5002353,grappletong2_joint,0.0,0.0,0.0
1783095549671802808,48.510235867,slew_joint,1.74358245,-0.01570795,26.0
1783095549671802808,48.510235867,boom_joint,0.38222678333333326,0.08028507777777777,822.0
1783095549671802808,48.510235867,stick_joint,-1.1135191222222223,-0.019198605555555553,69.0
1783095549671802808,48.510235867,telescope_joint,0.4861,0.0,-8.0
1783095549671802808,48.510235867,hanger_joint,0.9616756055555555,-0.10297433888888888,0.0
1783095549671802808,48.510235867,bearingfork_joint,-0.040142538888888885,0.24783654444444442,0.0
1783095549671802808,48.510235867,grapplecarrier_joint,-0.2426005611111111,-0.02792524444444444,-134.0
1783095549671802808,48.510235867,grappletong1_joint,0.0,0.0,0.0
1783095549671802808,48.510235867,grappletong2_joint,0.0,0.0,0.0
1783095549681436020,48.519869079,slew_joint,1.74358245,-0.01570795,24.0
1783095549681436020,48.519869079,boom_joint,0.38397211111111107,0.08203040555555555,832.0
1783095549681436020,48.519869079,stick_joint,-1.1135191222222223,-0.02094393333333333,68.0
1783095549681436020,48.519869079,telescope_joint,0.4862,0.0,-6.0
1783095549681436020,48.519869079,hanger_joint,0.9651662611111109,-0.12391827222222221,0.0
1783095549681436020,48.519869079,bearingfork_joint,-0.04363319444444444,0.23561924999999997,0.0
1783095549681436020,48.519869079,grapplecarrier_joint,-0.2426005611111111,-0.008726638888888888,-133.0
1783095549681436020,48.519869079,grappletong1_joint,0.0,0.0,0.0
1783095549681436020,48.519869079,grappletong2_joint,0.0,0.0,0.0
1783095549691643597,48.530076656,slew_joint,1.74358245,-0.01570795,24.0
1783095549691643597,48.530076656,boom_joint,0.38397211111111107,0.08203040555555555,832.0
1783095549691643597,48.530076656,stick_joint,-1.1135191222222223,-0.02094393333333333,68.0
1783095549691643597,48.530076656,telescope_joint,0.4862,0.0,-6.0
1783095549691643597,48.530076656,hanger_joint,0.9651662611111109,-0.12391827222222221,0.0
1783095549691643597,48.530076656,bearingfork_joint,-0.04363319444444444,0.23561924999999997,0.0
1783095549691643597,48.530076656,grapplecarrier_joint,-0.2426005611111111,-0.008726638888888888,-133.0
1783095549691643597,48.530076656,grappletong1_joint,0.0,0.0,0.0
1783095549691643597,48.530076656,grappletong2_joint,0.0,0.0,0.0
1783095549701395415,48.539828474,slew_joint,1.74358245,-0.01570795,22.0
1783095549701395415,48.539828474,boom_joint,0.3857174388888889,0.08203040555555555,842.0
1783095549701395415,48.539828474,stick_joint,-1.1135191222222223,-0.02094393333333333,67.0
1783095549701395415,48.539828474,telescope_joint,0.4862,0.0,-5.0
1783095549701395415,48.539828474,hanger_joint,0.9669115888888888,-0.13439023888888887,0.0
1783095549701395415,48.539828474,bearingfork_joint,-0.047123849999999995,0.2181659722222222,0.0
1783095549701395415,48.539828474,grapplecarrier_joint,-0.2426005611111111,0.0,-131.0
1783095549701395415,48.539828474,grappletong1_joint,0.0,0.0,0.0
1783095549701395415,48.539828474,grappletong2_joint,0.0,0.0,0.0
1783095549711496598,48.549929657,slew_joint,1.74358245,-0.01570795,22.0
1783095549711496598,48.549929657,boom_joint,0.3857174388888889,0.08203040555555555,842.0
1783095549711496598,48.549929657,stick_joint,-1.1135191222222223,-0.02094393333333333,67.0
1783095549711496598,48.549929657,telescope_joint,0.4862,0.0,-5.0
1783095549711496598,48.549929657,hanger_joint,0.9669115888888888,-0.13439023888888887,0.0
1783095549711496598,48.549929657,bearingfork_joint,-0.047123849999999995,0.2181659722222222,0.0
1783095549711496598,48.549929657,grapplecarrier_joint,-0.2426005611111111,0.0,-131.0
1783095549711496598,48.549929657,grappletong1_joint,0.0,0.0,0.0
1783095549711496598,48.549929657,grappletong2_joint,0.0,0.0,0.0
1783095549730239363,48.568672422,slew_joint,1.74358245,-0.01570795,20.0
1783095549730239363,48.568672422,boom_joint,0.3874627666666667,0.0855210611111111,852.0
1783095549730239363,48.568672422,stick_joint,-1.11526445,-0.02268926111111111,67.0
1783095549730239363,48.568672422,telescope_joint,0.4862,0.0,-4.0
1783095549730239363,48.568672422,hanger_joint,0.9704022444444445,-0.14486220555555554,0.0
1783095549730239363,48.568672422,bearingfork_joint,-0.05061450555555555,0.1937313833333333,0.0
1783095549730239363,48.568672422,grapplecarrier_joint,-0.2408552333333333,0.024434588888888886,-128.0
1783095549730239363,48.568672422,grappletong1_joint,0.0,0.0,0.0
1783095549730239363,48.568672422,grappletong2_joint,0.0,0.0,0.0
1783095549731001533,48.569434592,slew_joint,1.74358245,-0.01570795,20.0
1783095549731001533,48.569434592,boom_joint,0.3874627666666667,0.0855210611111111,852.0
1783095549731001533,48.569434592,stick_joint,-1.11526445,-0.02268926111111111,67.0
1783095549731001533,48.569434592,telescope_joint,0.4862,0.0,-4.0
1783095549731001533,48.569434592,hanger_joint,0.9704022444444445,-0.14486220555555554,0.0
1783095549731001533,48.569434592,bearingfork_joint,-0.05061450555555555,0.1937313833333333,0.0
1783095549731001533,48.569434592,grapplecarrier_joint,-0.2408552333333333,0.024434588888888886,-128.0
1783095549731001533,48.569434592,grappletong1_joint,0.0,0.0,0.0
1783095549731001533,48.569434592,grappletong2_joint,0.0,0.0,0.0
1783095549741546694,48.579979753,slew_joint,1.74358245,-0.01570795,18.0
1783095549741546694,48.579979753,boom_joint,0.3892080944444444,0.0855210611111111,864.0
1783095549741546694,48.579979753,stick_joint,-1.11526445,-0.02268926111111111,66.0
1783095549741546694,48.579979753,telescope_joint,0.4862,0.0,-3.0
1783095549741546694,48.579979753,hanger_joint,0.9738928999999998,-0.15358884444444443,0.0
1783095549741546694,48.579979753,bearingfork_joint,-0.054105161111111105,0.17627810555555554,0.0
1783095549741546694,48.579979753,grapplecarrier_joint,-0.23910990555555556,0.05759581666666666,-125.0
1783095549741546694,48.579979753,grappletong1_joint,0.0,0.0,0.0
1783095549741546694,48.579979753,grappletong2_joint,0.0,0.0,0.0
1783095549751462133,48.589895192,slew_joint,1.74358245,-0.01570795,18.0
1783095549751462133,48.589895192,boom_joint,0.3892080944444444,0.0855210611111111,864.0
1783095549751462133,48.589895192,stick_joint,-1.11526445,-0.02268926111111111,66.0
1783095549751462133,48.589895192,telescope_joint,0.4862,0.0,-3.0
1783095549751462133,48.589895192,hanger_joint,0.9738928999999998,-0.15358884444444443,0.0
1783095549751462133,48.589895192,bearingfork_joint,-0.054105161111111105,0.17627810555555554,0.0
1783095549751462133,48.589895192,grapplecarrier_joint,-0.23910990555555556,0.05759581666666666,-125.0
1783095549751462133,48.589895192,grappletong1_joint,0.0,0.0,0.0
1783095549751462133,48.589895192,grappletong2_joint,0.0,0.0,0.0
1783095549761305819,48.599738878,slew_joint,1.741837122222222,-0.017453277777777776,16.0
1783095549761305819,48.599738878,boom_joint,0.3909534222222222,0.08901171666666666,876.0
1783095549761305819,48.599738878,stick_joint,-1.11526445,-0.026179916666666664,66.0
1783095549761305819,48.599738878,telescope_joint,0.4862,0.0,-2.0
1783095549761305819,48.599738878,hanger_joint,0.9773835555555554,-0.1640608111111111,0.0
1783095549761305819,48.599738878,bearingfork_joint,-0.05759581666666666,0.16929679444444443,0.0
1783095549761305819,48.599738878,grapplecarrier_joint,-0.23736457777777775,0.08377573333333332,-120.0
1783095549761305819,48.599738878,grappletong1_joint,0.0,0.0,0.0
1783095549761305819,48.599738878,grappletong2_joint,0.0,0.0,0.0
1783095549771444144,48.609877203,slew_joint,1.741837122222222,-0.017453277777777776,16.0
1783095549771444144,48.609877203,boom_joint,0.3909534222222222,0.08901171666666666,876.0
1783095549771444144,48.609877203,stick_joint,-1.11526445,-0.026179916666666664,66.0
1783095549771444144,48.609877203,telescope_joint,0.4862,0.0,-2.0
1783095549771444144,48.609877203,hanger_joint,0.9773835555555554,-0.1640608111111111,0.0
1783095549771444144,48.609877203,bearingfork_joint,-0.05759581666666666,0.16929679444444443,0.0
1783095549771444144,48.609877203,grapplecarrier_joint,-0.23736457777777775,0.08377573333333332,-120.0
1783095549771444144,48.609877203,grappletong1_joint,0.0,0.0,0.0
1783095549771444144,48.609877203,grappletong2_joint,0.0,0.0,0.0
1783095549781414817,48.619847876,slew_joint,1.741837122222222,-0.017453277777777776,14.0
1783095549781414817,48.619847876,boom_joint,0.39269875,0.09075704444444443,884.0
1783095549781414817,48.619847876,stick_joint,-1.11526445,-0.02268926111111111,66.0
1783095549781414817,48.619847876,telescope_joint,0.4862,0.0,-1.0
1783095549781414817,48.619847876,hanger_joint,0.9808742111111111,-0.1640608111111111,0.0
1783095549781414817,48.619847876,bearingfork_joint,-0.061086472222222216,0.15009818888888887,0.0
1783095549781414817,48.619847876,grapplecarrier_joint,-0.23561925,0.0855210611111111,-115.0
1783095549781414817,48.619847876,grappletong1_joint,0.0,0.0,0.0
1783095549781414817,48.619847876,grappletong2_joint,0.0,0.0,0.0
1783095549791824659,48.630257718,slew_joint,1.741837122222222,-0.017453277777777776,14.0
1783095549791824659,48.630257718,boom_joint,0.39269875,0.09075704444444443,884.0
1783095549791824659,48.630257718,stick_joint,-1.11526445,-0.02268926111111111,66.0
1783095549791824659,48.630257718,telescope_joint,0.4862,0.0,-1.0
1783095549791824659,48.630257718,hanger_joint,0.9808742111111111,-0.1640608111111111,0.0
1783095549791824659,48.630257718,bearingfork_joint,-0.061086472222222216,0.15009818888888887,0.0
1783095549791824659,48.630257718,grapplecarrier_joint,-0.23561925,0.0855210611111111,-115.0
1783095549791824659,48.630257718,grappletong1_joint,0.0,0.0,0.0
1783095549791824659,48.630257718,grappletong2_joint,0.0,0.0,0.0
1783095549801411200,48.639844259,slew_joint,1.741837122222222,-0.019198605555555553,11.0
1783095549801411200,48.639844259,boom_joint,0.3944440777777777,0.09075704444444443,892.0
1783095549801411200,48.639844259,stick_joint,-1.1170097777777777,-0.01570795,65.0
1783095549801411200,48.639844259,telescope_joint,0.4862,0.0,0.0
1783095549801411200,48.639844259,hanger_joint,0.9843648666666667,-0.16057015555555554,0.0
1783095549801411200,48.639844259,bearingfork_joint,-0.0628318,0.14311687777777776,0.0
1783095549801411200,48.639844259,grapplecarrier_joint,-0.2338739222222222,0.09424769999999999,-110.0
1783095549801411200,48.639844259,grappletong1_joint,0.0,0.0,0.0
1783095549801411200,48.639844259,grappletong2_joint,0.0,0.0,0.0
1783095549811604118,48.650037177,slew_joint,1.741837122222222,-0.019198605555555553,11.0
1783095549811604118,48.650037177,boom_joint,0.3944440777777777,0.09075704444444443,892.0
1783095549811604118,48.650037177,stick_joint,-1.1170097777777777,-0.01570795,65.0
1783095549811604118,48.650037177,telescope_joint,0.4862,0.0,0.0
1783095549811604118,48.650037177,hanger_joint,0.9843648666666667,-0.16057015555555554,0.0
1783095549811604118,48.650037177,bearingfork_joint,-0.0628318,0.14311687777777776,0.0
1783095549811604118,48.650037177,grapplecarrier_joint,-0.2338739222222222,0.09424769999999999,-110.0
1783095549811604118,48.650037177,grappletong1_joint,0.0,0.0,0.0
1783095549811604118,48.650037177,grappletong2_joint,0.0,0.0,0.0
1783095549821622909,48.660055968,slew_joint,1.741837122222222,-0.019198605555555553,9.0
1783095549821622909,48.660055968,boom_joint,0.3961894055555555,0.09250237222222221,902.0
1783095549821622909,48.660055968,stick_joint,-1.1170097777777777,-0.012217294444444443,65.0
1783095549821622909,48.660055968,telescope_joint,0.4862,0.0,1.0
1783095549821622909,48.660055968,hanger_joint,0.9861101944444444,-0.15184351666666665,0.0
1783095549821622909,48.660055968,bearingfork_joint,-0.06632245555555555,0.13439023888888887,0.0
1783095549821622909,48.660055968,grapplecarrier_joint,-0.2321285944444444,0.09075704444444443,-105.0
1783095549821622909,48.660055968,grappletong1_joint,0.0,0.0,0.0
1783095549821622909,48.660055968,grappletong2_joint,0.0,0.0,0.0
1783095549831318594,48.669751653,slew_joint,1.741837122222222,-0.019198605555555553,9.0
1783095549831318594,48.669751653,boom_joint,0.3961894055555555,0.09250237222222221,902.0
1783095549831318594,48.669751653,stick_joint,-1.1170097777777777,-0.012217294444444443,65.0
1783095549831318594,48.669751653,telescope_joint,0.4862,0.0,1.0
1783095549831318594,48.669751653,hanger_joint,0.9861101944444444,-0.15184351666666665,0.0
1783095549831318594,48.669751653,bearingfork_joint,-0.06632245555555555,0.13439023888888887,0.0
1783095549831318594,48.669751653,grapplecarrier_joint,-0.2321285944444444,0.09075704444444443,-105.0
1783095549831318594,48.669751653,grappletong1_joint,0.0,0.0,0.0
1783095549831318594,48.669751653,grappletong2_joint,0.0,0.0,0.0
1783095549841706250,48.680139309,slew_joint,1.741837122222222,-0.019198605555555553,6.0
1783095549841706250,48.680139309,boom_joint,0.3979347333333333,0.09250237222222221,913.0
1783095549841706250,48.680139309,stick_joint,-1.1170097777777777,-0.008726638888888888,65.0
1783095549841706250,48.680139309,telescope_joint,0.4862,0.0,3.0
1783095549841706250,48.680139309,hanger_joint,0.9896008499999998,-0.15184351666666665,0.0
1783095549841706250,48.680139309,bearingfork_joint,-0.06806778333333333,0.13089958333333332,0.0
1783095549841706250,48.680139309,grapplecarrier_joint,-0.23038326666666664,0.09075704444444443,-100.0
1783095549841706250,48.680139309,grappletong1_joint,0.0,0.0,0.0
1783095549841706250,48.680139309,grappletong2_joint,0.0,0.0,0.0
1783095549851493088,48.689926147,slew_joint,1.741837122222222,-0.019198605555555553,6.0
1783095549851493088,48.689926147,boom_joint,0.3979347333333333,0.09250237222222221,913.0
1783095549851493088,48.689926147,stick_joint,-1.1170097777777777,-0.008726638888888888,65.0
1783095549851493088,48.689926147,telescope_joint,0.4862,0.0,3.0
1783095549851493088,48.689926147,hanger_joint,0.9896008499999998,-0.15184351666666665,0.0
1783095549851493088,48.689926147,bearingfork_joint,-0.06806778333333333,0.13089958333333332,0.0
1783095549851493088,48.689926147,grapplecarrier_joint,-0.23038326666666664,0.09075704444444443,-100.0
1783095549851493088,48.689926147,grappletong1_joint,0.0,0.0,0.0
1783095549851493088,48.689926147,grappletong2_joint,0.0,0.0,0.0
1783095549861686721,48.70011978,slew_joint,1.7400917944444443,-0.019198605555555553,4.0
1783095549861686721,48.70011978,boom_joint,0.3996800611111111,0.09250237222222221,920.0
1783095549861686721,48.70011978,stick_joint,-1.1170097777777777,-0.005235983333333333,66.0
1783095549861686721,48.70011978,telescope_joint,0.4862,0.0,4.0
1783095549861686721,48.70011978,hanger_joint,0.9930915055555554,-0.1483528611111111,0.0
1783095549861686721,48.70011978,bearingfork_joint,-0.07155843888888888,0.12740892777777776,0.0
1783095549861686721,48.70011978,grapplecarrier_joint,-0.22863793888888884,0.09773835555555554,-95.0
1783095549861686721,48.70011978,grappletong1_joint,0.0,0.0,0.0
1783095549861686721,48.70011978,grappletong2_joint,0.0,0.0,0.0
1783095549871960764,48.710393823,slew_joint,1.7400917944444443,-0.019198605555555553,4.0
1783095549871960764,48.710393823,boom_joint,0.3996800611111111,0.09250237222222221,920.0
1783095549871960764,48.710393823,stick_joint,-1.1170097777777777,-0.005235983333333333,66.0
1783095549871960764,48.710393823,telescope_joint,0.4862,0.0,4.0
1783095549871960764,48.710393823,hanger_joint,0.9930915055555554,-0.1483528611111111,0.0
1783095549871960764,48.710393823,bearingfork_joint,-0.07155843888888888,0.12740892777777776,0.0
1783095549871960764,48.710393823,grapplecarrier_joint,-0.22863793888888884,0.09773835555555554,-95.0
1783095549871960764,48.710393823,grappletong1_joint,0.0,0.0,0.0
1783095549871960764,48.710393823,grappletong2_joint,0.0,0.0,0.0
1783095549881661605,48.720094664,slew_joint,1.7400917944444443,-0.017453277777777776,2.0
1783095549881661605,48.720094664,boom_joint,0.4031707166666666,0.09773835555555554,927.0
1783095549881661605,48.720094664,stick_joint,-1.1170097777777777,-0.005235983333333333,67.0
1783095549881661605,48.720094664,telescope_joint,0.4862,0.0,5.0
1783095549881661605,48.720094664,hanger_joint,0.996582161111111,-0.15358884444444443,0.0
1783095549881661605,48.720094664,bearingfork_joint,-0.07330376666666666,0.12915425555555554,0.0
1783095549881661605,48.720094664,grapplecarrier_joint,-0.22514728333333328,0.10471966666666666,-91.0
1783095549881661605,48.720094664,grappletong1_joint,0.0,0.0,0.0
1783095549881661605,48.720094664,grappletong2_joint,0.0,0.0,0.0
1783095549891211480,48.729644539,slew_joint,1.7400917944444443,-0.017453277777777776,2.0
1783095549891211480,48.729644539,boom_joint,0.4031707166666666,0.09773835555555554,927.0
1783095549891211480,48.729644539,stick_joint,-1.1170097777777777,-0.005235983333333333,67.0
1783095549891211480,48.729644539,telescope_joint,0.4862,0.0,5.0
1783095549891211480,48.729644539,hanger_joint,0.996582161111111,-0.15358884444444443,0.0
1783095549891211480,48.729644539,bearingfork_joint,-0.07330376666666666,0.12915425555555554,0.0
1783095549891211480,48.729644539,grapplecarrier_joint,-0.22514728333333328,0.10471966666666666,-91.0
1783095549891211480,48.729644539,grappletong1_joint,0.0,0.0,0.0
1783095549891211480,48.729644539,grappletong2_joint,0.0,0.0,0.0
1783095549901239721,48.73967278,slew_joint,1.7400917944444443,-0.019198605555555553,-1.0
1783095549901239721,48.73967278,boom_joint,0.4031707166666666,0.09599302777777777,936.0
1783095549901239721,48.73967278,stick_joint,-1.1170097777777777,-0.003490655555555555,68.0
1783095549901239721,48.73967278,telescope_joint,0.4862,0.0,6.0
1783095549901239721,48.73967278,hanger_joint,0.9983274888888887,-0.16231548333333332,0.0
1783095549901239721,48.73967278,bearingfork_joint,-0.07679442222222221,0.1326449111111111,0.0
1783095549901239721,48.73967278,grapplecarrier_joint,-0.22340195555555553,0.1169369611111111,-86.0
1783095549901239721,48.73967278,grappletong1_joint,0.0,0.0,0.0
1783095549901239721,48.73967278,grappletong2_joint,0.0,0.0,0.0
1783095549911445470,48.749878529,slew_joint,1.7400917944444443,-0.019198605555555553,-1.0
1783095549911445470,48.749878529,boom_joint,0.4031707166666666,0.09599302777777777,936.0
1783095549911445470,48.749878529,stick_joint,-1.1170097777777777,-0.003490655555555555,68.0
1783095549911445470,48.749878529,telescope_joint,0.4862,0.0,6.0
1783095549911445470,48.749878529,hanger_joint,0.9983274888888887,-0.16231548333333332,0.0
1783095549911445470,48.749878529,bearingfork_joint,-0.07679442222222221,0.1326449111111111,0.0
1783095549911445470,48.749878529,grapplecarrier_joint,-0.22340195555555553,0.1169369611111111,-86.0
1783095549911445470,48.749878529,grappletong1_joint,0.0,0.0,0.0
1783095549911445470,48.749878529,grappletong2_joint,0.0,0.0,0.0
1783095549921063136,48.759496195,slew_joint,1.7400917944444443,-0.017453277777777776,-4.0
1783095549921063136,48.759496195,boom_joint,0.4066613722222222,0.09948368333333332,944.0
1783095549921063136,48.759496195,stick_joint,-1.1170097777777777,-0.00698131111111111,69.0
1783095549921063136,48.759496195,telescope_joint,0.4863,0.0,7.0
1783095549921063136,48.759496195,hanger_joint,1.0035634722222222,-0.17453277777777776,0.0
1783095549921063136,48.759496195,bearingfork_joint,-0.07853974999999999,0.13439023888888887,0.0
1783095549921063136,48.759496195,grapplecarrier_joint,-0.22165662777777778,0.12391827222222221,-82.0
1783095549921063136,48.759496195,grappletong1_joint,0.0,0.0,0.0
1783095549921063136,48.759496195,grappletong2_joint,0.0,0.0,0.0
1783095549931028102,48.769461161,slew_joint,1.7400917944444443,-0.017453277777777776,-4.0
1783095549931028102,48.769461161,boom_joint,0.4066613722222222,0.09948368333333332,944.0
1783095549931028102,48.769461161,stick_joint,-1.1170097777777777,-0.00698131111111111,69.0
1783095549931028102,48.769461161,telescope_joint,0.4863,0.0,7.0
1783095549931028102,48.769461161,hanger_joint,1.0035634722222222,-0.17453277777777776,0.0
1783095549931028102,48.769461161,bearingfork_joint,-0.07853974999999999,0.13439023888888887,0.0
1783095549931028102,48.769461161,grapplecarrier_joint,-0.22165662777777778,0.12391827222222221,-82.0
1783095549931028102,48.769461161,grappletong1_joint,0.0,0.0,0.0
1783095549931028102,48.769461161,grappletong2_joint,0.0,0.0,0.0
1783095549941792077,48.780225136,slew_joint,1.7383464666666666,-0.017453277777777776,-6.0
1783095549941792077,48.780225136,boom_joint,0.4084066999999999,0.09948368333333332,951.0
1783095549941792077,48.780225136,stick_joint,-1.1170097777777777,-0.008726638888888888,71.0
1783095549941792077,48.780225136,telescope_joint,0.4863,0.0,8.0
1783095549941792077,48.780225136,hanger_joint,1.0070541277777776,-0.1867500722222222,0.0
1783095549941792077,48.780225136,bearingfork_joint,-0.08203040555555555,0.14311687777777776,0.0
1783095549941792077,48.780225136,grapplecarrier_joint,-0.21816597222222223,0.13788089444444443,-77.0
1783095549941792077,48.780225136,grappletong1_joint,0.0,0.0,0.0
1783095549941792077,48.780225136,grappletong2_joint,0.0,0.0,0.0
1783095549951968672,48.790401731,slew_joint,1.7383464666666666,-0.017453277777777776,-6.0
1783095549951968672,48.790401731,boom_joint,0.4084066999999999,0.09948368333333332,951.0
1783095549951968672,48.790401731,stick_joint,-1.1170097777777777,-0.008726638888888888,71.0
1783095549951968672,48.790401731,telescope_joint,0.4863,0.0,8.0
1783095549951968672,48.790401731,hanger_joint,1.0070541277777776,-0.1867500722222222,0.0
1783095549951968672,48.790401731,bearingfork_joint,-0.08203040555555555,0.14311687777777776,0.0
1783095549951968672,48.790401731,grapplecarrier_joint,-0.21816597222222223,0.13788089444444443,-77.0
1783095549951968672,48.790401731,grappletong1_joint,0.0,0.0,0.0
1783095549951968672,48.790401731,grappletong2_joint,0.0,0.0,0.0
1783095549961658287,48.800091346,slew_joint,1.7383464666666666,-0.01570795,-9.0
1783095549961658287,48.800091346,boom_joint,0.4101520277777777,0.10297433888888888,958.0
1783095549961658287,48.800091346,stick_joint,-1.1170097777777777,-0.01396262222222222,73.0
1783095549961658287,48.800091346,telescope_joint,0.4863,0.0,10.0
1783095549961658287,48.800091346,hanger_joint,1.0105447833333332,-0.2094393333333333,0.0
1783095549961658287,48.800091346,bearingfork_joint,-0.0855210611111111,0.1553341722222222,0.0
1783095549961658287,48.800091346,grapplecarrier_joint,-0.21467531666666662,0.15358884444444443,-73.0
1783095549961658287,48.800091346,grappletong1_joint,0.0,0.0,0.0
1783095549961658287,48.800091346,grappletong2_joint,0.0,0.0,0.0
1783095549971948494,48.810381553,slew_joint,1.7383464666666666,-0.01570795,-9.0
1783095549971948494,48.810381553,boom_joint,0.4101520277777777,0.10297433888888888,958.0
1783095549971948494,48.810381553,stick_joint,-1.1170097777777777,-0.01396262222222222,73.0
1783095549971948494,48.810381553,telescope_joint,0.4863,0.0,10.0
1783095549971948494,48.810381553,hanger_joint,1.0105447833333332,-0.2094393333333333,0.0
1783095549971948494,48.810381553,bearingfork_joint,-0.0855210611111111,0.1553341722222222,0.0
1783095549971948494,48.810381553,grapplecarrier_joint,-0.21467531666666662,0.15358884444444443,-73.0
1783095549971948494,48.810381553,grappletong1_joint,0.0,0.0,0.0
1783095549971948494,48.810381553,grappletong2_joint,0.0,0.0,0.0
1783095549981625619,48.820058678,slew_joint,1.7383464666666666,-0.01396262222222222,-11.0
1783095549981625619,48.820058678,boom_joint,0.4118973555555555,0.1012290111111111,965.0
1783095549981625619,48.820058678,stick_joint,-1.1187551055555556,-0.019198605555555553,75.0
1783095549981625619,48.820058678,telescope_joint,0.4863,0.0,11.0
1783095549981625619,48.820058678,hanger_joint,1.0157807666666665,-0.2268926111111111,0.0
1783095549981625619,48.820058678,bearingfork_joint,-0.08901171666666666,0.16231548333333332,0.0
1783095549981625619,48.820058678,grapplecarrier_joint,-0.21118466111111106,0.16755146666666665,-68.0
1783095549981625619,48.820058678,grappletong1_joint,0.0,0.0,0.0
1783095549981625619,48.820058678,grappletong2_joint,0.0,0.0,0.0
1783095549991513295,48.829946354,slew_joint,1.7383464666666666,-0.01396262222222222,-11.0
1783095549991513295,48.829946354,boom_joint,0.4118973555555555,0.1012290111111111,965.0
1783095549991513295,48.829946354,stick_joint,-1.1187551055555556,-0.019198605555555553,75.0
1783095549991513295,48.829946354,telescope_joint,0.4863,0.0,11.0
1783095549991513295,48.829946354,hanger_joint,1.0157807666666665,-0.2268926111111111,0.0
1783095549991513295,48.829946354,bearingfork_joint,-0.08901171666666666,0.16231548333333332,0.0
1783095549991513295,48.829946354,grapplecarrier_joint,-0.21118466111111106,0.16755146666666665,-68.0
1783095549991513295,48.829946354,grappletong1_joint,0.0,0.0,0.0
1783095549991513295,48.829946354,grappletong2_joint,0.0,0.0,0.0
1783095550001463577,48.839896636,slew_joint,1.7383464666666666,-0.012217294444444443,-14.0
1783095550001463577,48.839896636,boom_joint,0.4136426833333333,0.1012290111111111,970.0
1783095550001463577,48.839896636,stick_joint,-1.1187551055555556,-0.02094393333333333,76.0
1783095550001463577,48.839896636,telescope_joint,0.4863,0.0,12.0
1783095550001463577,48.839896636,hanger_joint,1.0210167499999998,-0.24434588888888886,0.0
1783095550001463577,48.839896636,bearingfork_joint,-0.09250237222222221,0.17278744999999998,0.0
1783095550001463577,48.839896636,grapplecarrier_joint,-0.20769400555555556,0.18325941666666665,-63.0
1783095550001463577,48.839896636,grappletong1_joint,0.0,0.0,0.0
1783095550001463577,48.839896636,grappletong2_joint,0.0,0.0,0.0
1783095550011530646,48.849963705,slew_joint,1.7383464666666666,-0.012217294444444443,-14.0
1783095550011530646,48.849963705,boom_joint,0.4136426833333333,0.1012290111111111,970.0
1783095550011530646,48.849963705,stick_joint,-1.1187551055555556,-0.02094393333333333,76.0
1783095550011530646,48.849963705,telescope_joint,0.4863,0.0,12.0
1783095550011530646,48.849963705,hanger_joint,1.0210167499999998,-0.24434588888888886,0.0
1783095550011530646,48.849963705,bearingfork_joint,-0.09250237222222221,0.17278744999999998,0.0
1783095550011530646,48.849963705,grapplecarrier_joint,-0.20769400555555556,0.18325941666666665,-63.0
1783095550011530646,48.849963705,grappletong1_joint,0.0,0.0,0.0
1783095550011530646,48.849963705,grappletong2_joint,0.0,0.0,0.0
1783095550021538232,48.859971291,slew_joint,1.7383464666666666,-0.008726638888888888,-16.0
1783095550021538232,48.859971291,boom_joint,0.4153880111111111,0.1012290111111111,975.0
1783095550021538232,48.859971291,stick_joint,-1.1187551055555556,-0.02094393333333333,78.0
1783095550021538232,48.859971291,telescope_joint,0.4863,0.0,13.0
1783095550021538232,48.859971291,hanger_joint,1.0262527333333331,-0.25481785555555553,0.0
1783095550021538232,48.859971291,bearingfork_joint,-0.09599302777777777,0.18325941666666665,0.0
1783095550021538232,48.859971291,grapplecarrier_joint,-0.2024580222222222,0.19722203888888887,-57.0
1783095550021538232,48.859971291,grappletong1_joint,0.0,0.0,0.0
1783095550021538232,48.859971291,grappletong2_joint,0.0,0.0,0.0
1783095550031365349,48.869798408,slew_joint,1.7383464666666666,-0.008726638888888888,-16.0
1783095550031365349,48.869798408,boom_joint,0.4153880111111111,0.1012290111111111,975.0
1783095550031365349,48.869798408,stick_joint,-1.1187551055555556,-0.02094393333333333,78.0
1783095550031365349,48.869798408,telescope_joint,0.4863,0.0,13.0
1783095550031365349,48.869798408,hanger_joint,1.0262527333333331,-0.25481785555555553,0.0
1783095550031365349,48.869798408,bearingfork_joint,-0.09599302777777777,0.18325941666666665,0.0
1783095550031365349,48.869798408,grapplecarrier_joint,-0.2024580222222222,0.19722203888888887,-57.0
1783095550031365349,48.869798408,grappletong1_joint,0.0,0.0,0.0
1783095550031365349,48.869798408,grappletong2_joint,0.0,0.0,0.0
1783095550041374260,48.879807319,slew_joint,1.7383464666666666,-0.00698131111111111,-18.0
1783095550041374260,48.879807319,boom_joint,0.4188786666666666,0.09773835555555554,980.0
1783095550041374260,48.879807319,stick_joint,-1.1187551055555556,-0.019198605555555553,79.0
1783095550041374260,48.879807319,telescope_joint,0.4863,0.0,14.0
1783095550041374260,48.879807319,hanger_joint,1.0314887166666666,-0.2635444944444444,0.0
1783095550041374260,48.879807319,bearingfork_joint,-0.1012290111111111,0.2094393333333333,0.0
1783095550041374260,48.879807319,grapplecarrier_joint,-0.19896736666666665,0.21292998888888887,-51.0
1783095550041374260,48.879807319,grappletong1_joint,0.0,0.0,0.0
1783095550041374260,48.879807319,grappletong2_joint,0.0,0.0,0.0
1783095550051662855,48.890095914,slew_joint,1.7383464666666666,-0.00698131111111111,-18.0
1783095550051662855,48.890095914,boom_joint,0.4188786666666666,0.09773835555555554,980.0
1783095550051662855,48.890095914,stick_joint,-1.1187551055555556,-0.019198605555555553,79.0
1783095550051662855,48.890095914,telescope_joint,0.4863,0.0,14.0
1783095550051662855,48.890095914,hanger_joint,1.0314887166666666,-0.2635444944444444,0.0
1783095550051662855,48.890095914,bearingfork_joint,-0.1012290111111111,0.2094393333333333,0.0
1783095550051662855,48.890095914,grapplecarrier_joint,-0.19896736666666665,0.21292998888888887,-51.0
1783095550051662855,48.890095914,grappletong1_joint,0.0,0.0,0.0
1783095550051662855,48.890095914,grappletong2_joint,0.0,0.0,0.0
1783095550061254428,48.899687487,slew_joint,1.7383464666666666,-0.005235983333333333,-20.0
1783095550061254428,48.899687487,boom_joint,0.4206239944444444,0.09773835555555554,985.0
1783095550061254428,48.899687487,stick_joint,-1.1187551055555556,-0.01570795,79.0
1783095550061254428,48.899687487,telescope_joint,0.4863,0.0,15.0
1783095550061254428,48.899687487,hanger_joint,1.0367247,-0.27401646111111105,0.0
1783095550061254428,48.899687487,bearingfork_joint,-0.10646499444444443,0.2251472833333333,0.0
1783095550061254428,48.899687487,grapplecarrier_joint,-0.19373138333333328,0.22165662777777775,-44.0
1783095550061254428,48.899687487,grappletong1_joint,0.0,0.0,0.0
1783095550061254428,48.899687487,grappletong2_joint,0.0,0.0,0.0
1783095550071328613,48.909761672,slew_joint,1.7383464666666666,-0.005235983333333333,-20.0
1783095550071328613,48.909761672,boom_joint,0.4206239944444444,0.09773835555555554,985.0
1783095550071328613,48.909761672,stick_joint,-1.1187551055555556,-0.01570795,79.0
1783095550071328613,48.909761672,telescope_joint,0.4863,0.0,15.0
1783095550071328613,48.909761672,hanger_joint,1.0367247,-0.27401646111111105,0.0
1783095550071328613,48.909761672,bearingfork_joint,-0.10646499444444443,0.2251472833333333,0.0
1783095550071328613,48.909761672,grapplecarrier_joint,-0.19373138333333328,0.22165662777777775,-44.0
1783095550071328613,48.909761672,grappletong1_joint,0.0,0.0,0.0
1783095550071328613,48.909761672,grappletong2_joint,0.0,0.0,0.0
1783095550081463004,48.919896063,slew_joint,1.7383464666666666,-0.005235983333333333,-21.0
1783095550081463004,48.919896063,boom_joint,0.42236932222222223,0.09948368333333332,989.0
1783095550081463004,48.919896063,stick_joint,-1.1205004333333333,-0.01570795,80.0
1783095550081463004,48.919896063,telescope_joint,0.4863,0.0,17.0
1783095550081463004,48.919896063,hanger_joint,1.0419606833333332,-0.27576178888888886,0.0
1783095550081463004,48.919896063,bearingfork_joint,-0.10995564999999999,0.23561924999999997,0.0
1783095550081463004,48.919896063,grapplecarrier_joint,-0.18849539999999998,0.23561924999999997,-37.0
1783095550081463004,48.919896063,grappletong1_joint,0.0,0.0,0.0
1783095550081463004,48.919896063,grappletong2_joint,0.0,0.0,0.0
1783095550091819399,48.930252458,slew_joint,1.7383464666666666,-0.005235983333333333,-21.0
1783095550091819399,48.930252458,boom_joint,0.42236932222222223,0.09948368333333332,989.0
1783095550091819399,48.930252458,stick_joint,-1.1205004333333333,-0.01570795,80.0
1783095550091819399,48.930252458,telescope_joint,0.4863,0.0,17.0
1783095550091819399,48.930252458,hanger_joint,1.0419606833333332,-0.27576178888888886,0.0
1783095550091819399,48.930252458,bearingfork_joint,-0.10995564999999999,0.23561924999999997,0.0
1783095550091819399,48.930252458,grapplecarrier_joint,-0.18849539999999998,0.23561924999999997,-37.0
1783095550091819399,48.930252458,grappletong1_joint,0.0,0.0,0.0
1783095550091819399,48.930252458,grappletong2_joint,0.0,0.0,0.0
1783095550101786472,48.940219531,slew_joint,1.7383464666666666,-0.003490655555555555,-23.0
1783095550101786472,48.940219531,boom_joint,0.4241146499999999,0.09948368333333332,991.0
1783095550101786472,48.940219531,stick_joint,-1.1205004333333333,-0.01570795,80.0
1783095550101786472,48.940219531,telescope_joint,0.4863,0.0,18.0
1783095550101786472,48.940219531,hanger_joint,1.0471966666666666,-0.26878047777777775,0.0
1783095550101786472,48.940219531,bearingfork_joint,-0.11519163333333332,0.22863793888888886,0.0
1783095550101786472,48.940219531,grapplecarrier_joint,-0.18500474444444442,0.24783654444444442,-30.0
1783095550101786472,48.940219531,grappletong1_joint,0.0,0.0,0.0
1783095550101786472,48.940219531,grappletong2_joint,0.0,0.0,0.0
1783095550112302229,48.950735288,slew_joint,1.7383464666666666,-0.003490655555555555,-23.0
1783095550112302229,48.950735288,boom_joint,0.4241146499999999,0.09948368333333332,991.0
1783095550112302229,48.950735288,stick_joint,-1.1205004333333333,-0.01570795,80.0
1783095550112302229,48.950735288,telescope_joint,0.4863,0.0,18.0
1783095550112302229,48.950735288,hanger_joint,1.0471966666666666,-0.26878047777777775,0.0
1783095550112302229,48.950735288,bearingfork_joint,-0.11519163333333332,0.22863793888888886,0.0
1783095550112302229,48.950735288,grapplecarrier_joint,-0.18500474444444442,0.24783654444444442,-30.0
1783095550112302229,48.950735288,grappletong1_joint,0.0,0.0,0.0
1783095550112302229,48.950735288,grappletong2_joint,0.0,0.0,0.0
1783095550121936812,48.960369871,slew_joint,1.7383464666666666,-0.003490655555555555,-24.0
1783095550121936812,48.960369871,boom_joint,0.42585997777777773,0.09948368333333332,994.0
1783095550121936812,48.960369871,stick_joint,-1.1205004333333333,-0.012217294444444443,80.0
1783095550121936812,48.960369871,telescope_joint,0.4864,0.001,19.0
1783095550121936812,48.960369871,hanger_joint,1.0541779777777778,-0.26878047777777775,0.0
1783095550121936812,48.960369871,bearingfork_joint,-0.11868228888888888,0.21467531666666664,0.0
1783095550121936812,48.960369871,grapplecarrier_joint,-0.17802343333333331,0.26878047777777775,-22.0
1783095550121936812,48.960369871,grappletong1_joint,0.0,0.0,0.0
1783095550121936812,48.960369871,grappletong2_joint,0.0,0.0,0.0
1783095550131468279,48.969901338,slew_joint,1.7383464666666666,-0.003490655555555555,-24.0
1783095550131468279,48.969901338,boom_joint,0.42585997777777773,0.09948368333333332,994.0
1783095550131468279,48.969901338,stick_joint,-1.1205004333333333,-0.012217294444444443,80.0
1783095550131468279,48.969901338,telescope_joint,0.4864,0.001,19.0
1783095550131468279,48.969901338,hanger_joint,1.0541779777777778,-0.26878047777777775,0.0
1783095550131468279,48.969901338,bearingfork_joint,-0.11868228888888888,0.21467531666666664,0.0
1783095550131468279,48.969901338,grapplecarrier_joint,-0.17802343333333331,0.26878047777777775,-22.0
1783095550131468279,48.969901338,grappletong1_joint,0.0,0.0,0.0
1783095550131468279,48.969901338,grappletong2_joint,0.0,0.0,0.0
1783095550141403001,48.97983606,slew_joint,1.7383464666666666,-0.0017453277777777776,-25.0
1783095550141403001,48.97983606,boom_joint,0.42760530555555554,0.1012290111111111,995.0
1783095550141403001,48.97983606,stick_joint,-1.1205004333333333,-0.012217294444444443,80.0
1783095550141403001,48.97983606,telescope_joint,0.4864,0.001,20.0
1783095550141403001,48.97983606,hanger_joint,1.0594139611111109,-0.2949603944444444,0.0
1783095550141403001,48.97983606,bearingfork_joint,-0.12217294444444443,0.19896736666666665,0.0
1783095550141403001,48.97983606,grapplecarrier_joint,-0.17278745,0.27401646111111105,-14.0
1783095550141403001,48.97983606,grappletong1_joint,0.0,0.0,0.0
1783095550141403001,48.97983606,grappletong2_joint,0.0,0.0,0.0
1783095550151164100,48.989597159,slew_joint,1.7383464666666666,-0.0017453277777777776,-25.0
1783095550151164100,48.989597159,boom_joint,0.42760530555555554,0.1012290111111111,995.0
1783095550151164100,48.989597159,stick_joint,-1.1205004333333333,-0.012217294444444443,80.0
1783095550151164100,48.989597159,telescope_joint,0.4864,0.001,20.0
1783095550151164100,48.989597159,hanger_joint,1.0594139611111109,-0.2949603944444444,0.0
1783095550151164100,48.989597159,bearingfork_joint,-0.12217294444444443,0.19896736666666665,0.0
1783095550151164100,48.989597159,grapplecarrier_joint,-0.17278745,0.27401646111111105,-14.0
1783095550151164100,48.989597159,grappletong1_joint,0.0,0.0,0.0
1783095550151164100,48.989597159,grappletong2_joint,0.0,0.0,0.0
1783095550161086408,48.999519467,slew_joint,1.7383464666666666,-0.003490655555555555,-26.0
1783095550161086408,48.999519467,boom_joint,0.42935063333333323,0.1012290111111111,996.0
1783095550161086408,48.999519467,stick_joint,-1.1205004333333333,-0.01570795,80.0
1783095550161086408,48.999519467,telescope_joint,0.4864,0.001,21.0
1783095550161086408,48.999519467,hanger_joint,1.066395272222222,-0.3106683444444444,0.0
1783095550161086408,48.999519467,bearingfork_joint,-0.12740892777777776,0.20594867777777776,0.0
1783095550161086408,48.999519467,grapplecarrier_joint,-0.16755146666666665,0.2652898222222222,-6.0
1783095550161086408,48.999519467,grappletong1_joint,0.0,0.0,0.0
1783095550161086408,48.999519467,grappletong2_joint,0.0,0.0,0.0
1783095550171503373,49.009936432,slew_joint,1.7383464666666666,-0.003490655555555555,-26.0
1783095550171503373,49.009936432,boom_joint,0.42935063333333323,0.1012290111111111,996.0
1783095550171503373,49.009936432,stick_joint,-1.1205004333333333,-0.01570795,80.0
1783095550171503373,49.009936432,telescope_joint,0.4864,0.001,21.0
1783095550171503373,49.009936432,hanger_joint,1.066395272222222,-0.3106683444444444,0.0
1783095550171503373,49.009936432,bearingfork_joint,-0.12740892777777776,0.20594867777777776,0.0
1783095550171503373,49.009936432,grapplecarrier_joint,-0.16755146666666665,0.2652898222222222,-6.0
1783095550171503373,49.009936432,grappletong1_joint,0.0,0.0,0.0
1783095550171503373,49.009936432,grappletong2_joint,0.0,0.0,0.0
1783095550181891623,49.020324682,slew_joint,1.7383464666666666,-0.0017453277777777776,-27.0
1783095550181891623,49.020324682,boom_joint,0.43109596111111104,0.1012290111111111,998.0
1783095550181891623,49.020324682,stick_joint,-1.1205004333333333,-0.019198605555555553,80.0
1783095550181891623,49.020324682,telescope_joint,0.4865,0.001,22.0
1783095550181891623,49.020324682,hanger_joint,1.0733765833333333,-0.3228856388888889,0.0
1783095550181891623,49.020324682,bearingfork_joint,-0.13089958333333332,0.20594867777777776,0.0
1783095550181891623,49.020324682,grapplecarrier_joint,-0.1623154833333333,0.25481785555555553,1.0
1783095550181891623,49.020324682,grappletong1_joint,0.0,0.0,0.0
1783095550181891623,49.020324682,grappletong2_joint,0.0,0.0,0.0
1783095550191358395,49.029791454,slew_joint,1.7383464666666666,-0.0017453277777777776,-27.0
1783095550191358395,49.029791454,boom_joint,0.43109596111111104,0.1012290111111111,998.0
1783095550191358395,49.029791454,stick_joint,-1.1205004333333333,-0.019198605555555553,80.0
1783095550191358395,49.029791454,telescope_joint,0.4865,0.001,22.0
1783095550191358395,49.029791454,hanger_joint,1.0733765833333333,-0.3228856388888889,0.0
1783095550191358395,49.029791454,bearingfork_joint,-0.13089958333333332,0.20594867777777776,0.0
1783095550191358395,49.029791454,grapplecarrier_joint,-0.1623154833333333,0.25481785555555553,1.0
1783095550191358395,49.029791454,grappletong1_joint,0.0,0.0,0.0
1783095550191358395,49.029791454,grappletong2_joint,0.0,0.0,0.0
1783095550201660799,49.040093858,slew_joint,1.7383464666666666,-0.0017453277777777776,-27.0
1783095550201660799,49.040093858,boom_joint,0.43458661666666665,0.09599302777777777,1000.0
1783095550201660799,49.040093858,stick_joint,-1.122245761111111,-0.02094393333333333,81.0
1783095550201660799,49.040093858,telescope_joint,0.4865,0.002,23.0
1783095550201660799,49.040093858,hanger_joint,1.0786125666666666,-0.3036870333333333,0.0
1783095550201660799,49.040093858,bearingfork_joint,-0.13439023888888887,0.19896736666666665,0.0
1783095550201660799,49.040093858,grapplecarrier_joint,-0.15882482777777773,0.24783654444444442,8.0
1783095550201660799,49.040093858,grappletong1_joint,0.0,0.0,0.0
1783095550201660799,49.040093858,grappletong2_joint,0.0,0.0,0.0
1783095550211683007,49.050116066,slew_joint,1.7383464666666666,-0.0017453277777777776,-27.0
1783095550211683007,49.050116066,boom_joint,0.43458661666666665,0.09599302777777777,1000.0
1783095550211683007,49.050116066,stick_joint,-1.122245761111111,-0.02094393333333333,81.0
1783095550211683007,49.050116066,telescope_joint,0.4865,0.002,23.0
1783095550211683007,49.050116066,hanger_joint,1.0786125666666666,-0.3036870333333333,0.0
1783095550211683007,49.050116066,bearingfork_joint,-0.13439023888888887,0.19896736666666665,0.0
1783095550211683007,49.050116066,grapplecarrier_joint,-0.15882482777777773,0.24783654444444442,8.0
1783095550211683007,49.050116066,grappletong1_joint,0.0,0.0,0.0
1783095550211683007,49.050116066,grappletong2_joint,0.0,0.0,0.0
1783095550221458063,49.059891122,slew_joint,1.7383464666666666,0.0,-28.0
1783095550221458063,49.059891122,boom_joint,0.43633194444444445,0.09773835555555554,1000.0
1783095550221458063,49.059891122,stick_joint,-1.122245761111111,-0.019198605555555553,81.0
1783095550221458063,49.059891122,telescope_joint,0.4866,0.002,23.0
1783095550221458063,49.059891122,hanger_joint,1.08384855,-0.29845105,0.0
1783095550221458063,49.059891122,bearingfork_joint,-0.13788089444444443,0.17627810555555554,0.0
1783095550221458063,49.059891122,grapplecarrier_joint,-0.15358884444444443,0.2338739222222222,14.0
1783095550221458063,49.059891122,grappletong1_joint,0.0,0.0,0.0
1783095550221458063,49.059891122,grappletong2_joint,0.0,0.0,0.0
1783095550231778303,49.070211362,slew_joint,1.7383464666666666,0.0,-28.0
1783095550231778303,49.070211362,boom_joint,0.43633194444444445,0.09773835555555554,1000.0
1783095550231778303,49.070211362,stick_joint,-1.122245761111111,-0.019198605555555553,81.0
1783095550231778303,49.070211362,telescope_joint,0.4866,0.002,23.0
1783095550231778303,49.070211362,hanger_joint,1.08384855,-0.29845105,0.0
1783095550231778303,49.070211362,bearingfork_joint,-0.13788089444444443,0.17627810555555554,0.0
1783095550231778303,49.070211362,grapplecarrier_joint,-0.15358884444444443,0.2338739222222222,14.0
1783095550231778303,49.070211362,grappletong1_joint,0.0,0.0,0.0
1783095550231778303,49.070211362,grappletong2_joint,0.0,0.0,0.0
1783095550242251017,49.080684076,slew_joint,1.7383464666666666,-0.0017453277777777776,-28.0
1783095550242251017,49.080684076,boom_joint,0.43807727222222215,0.09773835555555554,1000.0
1783095550242251017,49.080684076,stick_joint,-1.122245761111111,-0.019198605555555553,81.0
1783095550242251017,49.080684076,telescope_joint,0.4866,0.002,24.0
1783095550242251017,49.080684076,hanger_joint,1.090829861111111,-0.29321506666666663,0.0
1783095550242251017,49.080684076,bearingfork_joint,-0.14137154999999998,0.16057015555555554,0.0
1783095550242251017,49.080684076,grapplecarrier_joint,-0.15009818888888887,0.21642064444444442,20.0
1783095550242251017,49.080684076,grappletong1_joint,0.0,0.0,0.0
1783095550242251017,49.080684076,grappletong2_joint,0.0,0.0,0.0
1783095550252089539,49.090522598,slew_joint,1.7383464666666666,-0.0017453277777777776,-28.0
1783095550252089539,49.090522598,boom_joint,0.43807727222222215,0.09773835555555554,1000.0
1783095550252089539,49.090522598,stick_joint,-1.122245761111111,-0.019198605555555553,81.0
1783095550252089539,49.090522598,telescope_joint,0.4866,0.002,24.0
1783095550252089539,49.090522598,hanger_joint,1.090829861111111,-0.29321506666666663,0.0
1783095550252089539,49.090522598,bearingfork_joint,-0.14137154999999998,0.16057015555555554,0.0
1783095550252089539,49.090522598,grapplecarrier_joint,-0.15009818888888887,0.21642064444444442,20.0
1783095550252089539,49.090522598,grappletong1_joint,0.0,0.0,0.0
1783095550252089539,49.090522598,grappletong2_joint,0.0,0.0,0.0
1783095550261509246,49.099942305,slew_joint,1.7383464666666666,-0.0017453277777777776,-28.0
1783095550261509246,49.099942305,boom_joint,0.43982259999999995,0.09948368333333332,1000.0
1783095550261509246,49.099942305,stick_joint,-1.122245761111111,-0.01570795,81.0
1783095550261509246,49.099942305,telescope_joint,0.4867,0.003,25.0
1783095550261509246,49.099942305,hanger_joint,1.0943205166666665,-0.2792524444444444,0.0
1783095550261509246,49.099942305,bearingfork_joint,-0.14311687777777776,0.14311687777777776,0.0
1783095550261509246,49.099942305,grapplecarrier_joint,-0.14660753333333332,0.19896736666666665,25.0
1783095550261509246,49.099942305,grappletong1_joint,0.0,0.0,0.0
1783095550261509246,49.099942305,grappletong2_joint,0.0,0.0,0.0
1783095550271377073,49.109810132,slew_joint,1.7383464666666666,-0.0017453277777777776,-28.0
1783095550271377073,49.109810132,boom_joint,0.43982259999999995,0.09948368333333332,1000.0
1783095550271377073,49.109810132,stick_joint,-1.122245761111111,-0.01570795,81.0
1783095550271377073,49.109810132,telescope_joint,0.4867,0.003,25.0
1783095550271377073,49.109810132,hanger_joint,1.0943205166666665,-0.2792524444444444,0.0
1783095550271377073,49.109810132,bearingfork_joint,-0.14311687777777776,0.14311687777777776,0.0
1783095550271377073,49.109810132,grapplecarrier_joint,-0.14660753333333332,0.19896736666666665,25.0
1783095550271377073,49.109810132,grappletong1_joint,0.0,0.0,0.0
1783095550271377073,49.109810132,grappletong2_joint,0.0,0.0,0.0
1783095550281325340,49.119758399,slew_joint,1.7383464666666666,-0.0017453277777777776,-30.0
1783095550281325340,49.119758399,boom_joint,0.44156792777777776,0.10297433888888888,1000.0
1783095550281325340,49.119758399,stick_joint,-1.122245761111111,-0.012217294444444443,81.0
1783095550281325340,49.119758399,telescope_joint,0.4868,0.004,25.0
1783095550281325340,49.119758399,hanger_joint,1.0995564999999998,-0.24609121666666664,0.0
1783095550281325340,49.119758399,bearingfork_joint,-0.14660753333333332,0.1396262222222222,0.0
1783095550281325340,49.119758399,grapplecarrier_joint,-0.14311687777777776,0.16929679444444443,28.0
1783095550281325340,49.119758399,grappletong1_joint,0.0,0.0,0.0
1783095550281325340,49.119758399,grappletong2_joint,0.0,0.0,0.0
1783095550291414128,49.129847187,slew_joint,1.7383464666666666,-0.0017453277777777776,-30.0
1783095550291414128,49.129847187,boom_joint,0.44156792777777776,0.10297433888888888,1000.0
1783095550291414128,49.129847187,stick_joint,-1.122245761111111,-0.012217294444444443,81.0
1783095550291414128,49.129847187,telescope_joint,0.4868,0.004,25.0
1783095550291414128,49.129847187,hanger_joint,1.0995564999999998,-0.24609121666666664,0.0
1783095550291414128,49.129847187,bearingfork_joint,-0.14660753333333332,0.1396262222222222,0.0
1783095550291414128,49.129847187,grapplecarrier_joint,-0.14311687777777776,0.16929679444444443,28.0
1783095550291414128,49.129847187,grappletong1_joint,0.0,0.0,0.0
1783095550291414128,49.129847187,grappletong2_joint,0.0,0.0,0.0
1783095550301745107,49.140178166,slew_joint,1.7383464666666666,0.0,-31.0
1783095550301745107,49.140178166,boom_joint,0.44505858333333326,0.10297433888888888,1000.0
1783095550301745107,49.140178166,stick_joint,-1.1239910888888889,-0.01570795,82.0
1783095550301745107,49.140178166,telescope_joint,0.487,0.005,25.0
1783095550301745107,49.140178166,hanger_joint,1.1047924833333331,-0.2338739222222222,0.0
1783095550301745107,49.140178166,bearingfork_joint,-0.15009818888888887,0.14137154999999998,0.0
1783095550301745107,49.140178166,grapplecarrier_joint,-0.14137154999999996,0.13089958333333332,31.0
1783095550301745107,49.140178166,grappletong1_joint,0.0,0.0,0.0
1783095550301745107,49.140178166,grappletong2_joint,0.0,0.0,0.0
1783095550311581029,49.150014088,slew_joint,1.7383464666666666,0.0,-31.0
1783095550311581029,49.150014088,boom_joint,0.44505858333333326,0.10297433888888888,1000.0
1783095550311581029,49.150014088,stick_joint,-1.1239910888888889,-0.01570795,82.0
1783095550311581029,49.150014088,telescope_joint,0.487,0.005,25.0
1783095550311581029,49.150014088,hanger_joint,1.1047924833333331,-0.2338739222222222,0.0
1783095550311581029,49.150014088,bearingfork_joint,-0.15009818888888887,0.14137154999999998,0.0
1783095550311581029,49.150014088,grapplecarrier_joint,-0.14137154999999996,0.13089958333333332,31.0
1783095550311581029,49.150014088,grappletong1_joint,0.0,0.0,0.0
1783095550311581029,49.150014088,grappletong2_joint,0.0,0.0,0.0
1783095550321448306,49.159881365,slew_joint,1.7383464666666666,0.0,-32.0
1783095550321448306,49.159881365,boom_joint,0.44680391111111106,0.10297433888888888,1000.0
1783095550321448306,49.159881365,stick_joint,-1.1239910888888889,-0.01570795,82.0
1783095550321448306,49.159881365,telescope_joint,0.4871,0.005,25.0
1783095550321448306,49.159881365,hanger_joint,1.1082831388888887,-0.22165662777777775,0.0
1783095550321448306,49.159881365,bearingfork_joint,-0.15184351666666665,0.14486220555555554,0.0
1783095550321448306,49.159881365,grapplecarrier_joint,-0.1396262222222222,0.09250237222222221,31.0
1783095550321448306,49.159881365,grappletong1_joint,0.0,0.0,0.0
1783095550321448306,49.159881365,grappletong2_joint,0.0,0.0,0.0
1783095550331838030,49.170271089,slew_joint,1.7383464666666666,0.0,-32.0
1783095550331838030,49.170271089,boom_joint,0.44680391111111106,0.10297433888888888,1000.0
1783095550331838030,49.170271089,stick_joint,-1.1239910888888889,-0.01570795,82.0
1783095550331838030,49.170271089,telescope_joint,0.4871,0.005,25.0
1783095550331838030,49.170271089,hanger_joint,1.1082831388888887,-0.22165662777777775,0.0
1783095550331838030,49.170271089,bearingfork_joint,-0.15184351666666665,0.14486220555555554,0.0
1783095550331838030,49.170271089,grapplecarrier_joint,-0.1396262222222222,0.09250237222222221,31.0
1783095550331838030,49.170271089,grappletong1_joint,0.0,0.0,0.0
1783095550331838030,49.170271089,grappletong2_joint,0.0,0.0,0.0
1783095550341442978,49.179876037,slew_joint,1.7383464666666666,0.0,-33.0
1783095550341442978,49.179876037,boom_joint,0.44854923888888887,0.1012290111111111,1000.0
1783095550341442978,49.179876037,stick_joint,-1.1239910888888889,-0.019198605555555553,82.0
1783095550341442978,49.179876037,telescope_joint,0.4872,0.005,25.0
1783095550341442978,49.179876037,hanger_joint,1.1117737944444444,-0.1954767111111111,0.0
1783095550341442978,49.179876037,bearingfork_joint,-0.1553341722222222,0.15184351666666665,0.0
1783095550341442978,49.179876037,grapplecarrier_joint,-0.13788089444444446,0.07155843888888888,30.0
1783095550341442978,49.179876037,grappletong1_joint,0.0,0.0,0.0
1783095550341442978,49.179876037,grappletong2_joint,0.0,0.0,0.0
1783095550351417556,49.189850615,slew_joint,1.7383464666666666,0.0,-33.0
1783095550351417556,49.189850615,boom_joint,0.44854923888888887,0.1012290111111111,1000.0
1783095550351417556,49.189850615,stick_joint,-1.1239910888888889,-0.019198605555555553,82.0
1783095550351417556,49.189850615,telescope_joint,0.4872,0.005,25.0
1783095550351417556,49.189850615,hanger_joint,1.1117737944444444,-0.1954767111111111,0.0
1783095550351417556,49.189850615,bearingfork_joint,-0.1553341722222222,0.15184351666666665,0.0
1783095550351417556,49.189850615,grapplecarrier_joint,-0.13788089444444446,0.07155843888888888,30.0
1783095550351417556,49.189850615,grappletong1_joint,0.0,0.0,0.0
1783095550351417556,49.189850615,grappletong2_joint,0.0,0.0,0.0
1783095550361609912,49.200042971,slew_joint,1.7383464666666666,0.0,-35.0
1783095550361609912,49.200042971,boom_joint,0.4502945666666667,0.10821032222222221,1000.0
1783095550361609912,49.200042971,stick_joint,-1.1239910888888889,-0.017453277777777776,83.0
1783095550361609912,49.200042971,telescope_joint,0.4873,0.005,24.0
1783095550361609912,49.200042971,hanger_joint,1.11526445,-0.19024072777777776,0.0
1783095550361609912,49.200042971,bearingfork_joint,-0.15882482777777776,0.15882482777777776,0.0
1783095550361609912,49.200042971,grapplecarrier_joint,-0.13613556666666665,0.06632245555555555,29.0
1783095550361609912,49.200042971,grappletong1_joint,0.0,0.0,0.0
1783095550361609912,49.200042971,grappletong2_joint,0.0,0.0,0.0
1783095550371435316,49.209868375,slew_joint,1.7383464666666666,0.0,-35.0
1783095550371435316,49.209868375,boom_joint,0.4502945666666667,0.10821032222222221,1000.0
1783095550371435316,49.209868375,stick_joint,-1.1239910888888889,-0.017453277777777776,83.0
1783095550371435316,49.209868375,telescope_joint,0.4873,0.005,24.0
1783095550371435316,49.209868375,hanger_joint,1.11526445,-0.19024072777777776,0.0
1783095550371435316,49.209868375,bearingfork_joint,-0.15882482777777776,0.15882482777777776,0.0
1783095550371435316,49.209868375,grapplecarrier_joint,-0.13613556666666665,0.06632245555555555,29.0
1783095550371435316,49.209868375,grappletong1_joint,0.0,0.0,0.0
1783095550371435316,49.209868375,grappletong2_joint,0.0,0.0,0.0
1783095550381868881,49.22030194,slew_joint,1.7383464666666666,0.0,-36.0
1783095550381868881,49.22030194,boom_joint,0.45203989444444437,0.10297433888888888,1000.0
1783095550381868881,49.22030194,stick_joint,-1.1257364166666666,-0.02268926111111111,83.0
1783095550381868881,49.22030194,telescope_joint,0.4874,0.005,24.0
1783095550381868881,49.22030194,hanger_joint,1.1205004333333333,-0.1867500722222222,0.0
1783095550381868881,49.22030194,bearingfork_joint,-0.16057015555555554,0.15358884444444443,0.0
1783095550381868881,49.22030194,grapplecarrier_joint,-0.13613556666666665,0.0698131111111111,28.0
1783095550381868881,49.22030194,grappletong1_joint,0.0,0.0,0.0
1783095550381868881,49.22030194,grappletong2_joint,0.0,0.0,0.0
1783095550391938935,49.230371994,slew_joint,1.7383464666666666,0.0,-36.0
1783095550391938935,49.230371994,boom_joint,0.45203989444444437,0.10297433888888888,1000.0
1783095550391938935,49.230371994,stick_joint,-1.1257364166666666,-0.02268926111111111,83.0
1783095550391938935,49.230371994,telescope_joint,0.4874,0.005,24.0
1783095550391938935,49.230371994,hanger_joint,1.1205004333333333,-0.1867500722222222,0.0
1783095550391938935,49.230371994,bearingfork_joint,-0.16057015555555554,0.15358884444444443,0.0
1783095550391938935,49.230371994,grapplecarrier_joint,-0.13613556666666665,0.0698131111111111,28.0
1783095550391938935,49.230371994,grappletong1_joint,0.0,0.0,0.0
1783095550391938935,49.230371994,grappletong2_joint,0.0,0.0,0.0
1783095550401828309,49.240261368,slew_joint,1.7383464666666666,0.0,-37.0
1783095550401828309,49.240261368,boom_joint,0.4537852222222222,0.10821032222222221,1000.0
1783095550401828309,49.240261368,stick_joint,-1.1257364166666666,-0.024434588888888886,83.0
1783095550401828309,49.240261368,telescope_joint,0.4875,0.005,23.0
1783095550401828309,49.240261368,hanger_joint,1.1239910888888889,-0.1867500722222222,0.0
1783095550401828309,49.240261368,bearingfork_joint,-0.1640608111111111,0.13089958333333332,0.0
1783095550401828309,49.240261368,grapplecarrier_joint,-0.1343902388888889,0.06457712777777777,27.0
1783095550401828309,49.240261368,grappletong1_joint,0.0,0.0,0.0
1783095550401828309,49.240261368,grappletong2_joint,0.0,0.0,0.0
1783095550411442599,49.249875658,slew_joint,1.7383464666666666,0.0,-37.0
1783095550411442599,49.249875658,boom_joint,0.4537852222222222,0.10821032222222221,1000.0
1783095550411442599,49.249875658,stick_joint,-1.1257364166666666,-0.024434588888888886,83.0
1783095550411442599,49.249875658,telescope_joint,0.4875,0.005,23.0
1783095550411442599,49.249875658,hanger_joint,1.1239910888888889,-0.1867500722222222,0.0
1783095550411442599,49.249875658,bearingfork_joint,-0.1640608111111111,0.13089958333333332,0.0
1783095550411442599,49.249875658,grapplecarrier_joint,-0.1343902388888889,0.06457712777777777,27.0
1783095550411442599,49.249875658,grappletong1_joint,0.0,0.0,0.0
1783095550411442599,49.249875658,grappletong2_joint,0.0,0.0,0.0
1783095550421284712,49.259717771,slew_joint,1.7383464666666666,0.0,-38.0
1783095550421284712,49.259717771,boom_joint,0.4572758777777778,0.09948368333333332,1000.0
1783095550421284712,49.259717771,stick_joint,-1.1257364166666666,-0.02268926111111111,82.0
1783095550421284712,49.259717771,telescope_joint,0.4876,0.004,23.0
1783095550421284712,49.259717771,hanger_joint,1.1274817444444443,-0.1867500722222222,0.0
1783095550421284712,49.259717771,bearingfork_joint,-0.16580613888888887,0.10821032222222221,0.0
1783095550421284712,49.259717771,grapplecarrier_joint,-0.1326449111111111,0.0628318,25.0
1783095550421284712,49.259717771,grappletong1_joint,0.0,0.0,0.0
1783095550421284712,49.259717771,grappletong2_joint,0.0,0.0,0.0
1783095550431408902,49.269841961,slew_joint,1.7383464666666666,0.0,-38.0
1783095550431408902,49.269841961,boom_joint,0.4572758777777778,0.09948368333333332,1000.0
1783095550431408902,49.269841961,stick_joint,-1.1257364166666666,-0.02268926111111111,82.0
1783095550431408902,49.269841961,telescope_joint,0.4876,0.004,23.0
1783095550431408902,49.269841961,hanger_joint,1.1274817444444443,-0.1867500722222222,0.0
1783095550431408902,49.269841961,bearingfork_joint,-0.16580613888888887,0.10821032222222221,0.0
1783095550431408902,49.269841961,grapplecarrier_joint,-0.1326449111111111,0.0628318,25.0
1783095550431408902,49.269841961,grappletong1_joint,0.0,0.0,0.0
1783095550431408902,49.269841961,grappletong2_joint,0.0,0.0,0.0
1783095550441708169,49.280141228,slew_joint,1.7383464666666666,0.0,-39.0
1783095550441708169,49.280141228,boom_joint,0.4590212055555555,0.1012290111111111,1000.0
1783095550441708169,49.280141228,stick_joint,-1.1274817444444445,-0.026179916666666664,82.0
1783095550441708169,49.280141228,telescope_joint,0.4876,0.004,22.0
1783095550441708169,49.280141228,hanger_joint,1.1309723999999999,-0.18849539999999998,0.0
1783095550441708169,49.280141228,bearingfork_joint,-0.16755146666666665,0.08377573333333332,0.0
1783095550441708169,49.280141228,grapplecarrier_joint,-0.1326449111111111,0.05585048888888888,24.0
1783095550441708169,49.280141228,grappletong1_joint,0.0,0.0,0.0
1783095550441708169,49.280141228,grappletong2_joint,0.0,0.0,0.0
1783095550451965549,49.290398608,slew_joint,1.7383464666666666,0.0,-39.0
1783095550451965549,49.290398608,boom_joint,0.4590212055555555,0.1012290111111111,1000.0
1783095550451965549,49.290398608,stick_joint,-1.1274817444444445,-0.026179916666666664,82.0
1783095550451965549,49.290398608,telescope_joint,0.4876,0.004,22.0
1783095550451965549,49.290398608,hanger_joint,1.1309723999999999,-0.18849539999999998,0.0
1783095550451965549,49.290398608,bearingfork_joint,-0.16755146666666665,0.08377573333333332,0.0
1783095550451965549,49.290398608,grapplecarrier_joint,-0.1326449111111111,0.05585048888888888,24.0
1783095550451965549,49.290398608,grappletong1_joint,0.0,0.0,0.0
1783095550451965549,49.290398608,grappletong2_joint,0.0,0.0,0.0
1783095550461468483,49.299901542,slew_joint,1.7383464666666666,0.0,-41.0
1783095550461468483,49.299901542,boom_joint,0.4607665333333333,0.09773835555555554,1000.0
1783095550461468483,49.299901542,stick_joint,-1.1274817444444445,-0.024434588888888886,83.0
1783095550461468483,49.299901542,telescope_joint,0.4877,0.003,21.0
1783095550461468483,49.299901542,hanger_joint,1.1344630555555555,-0.1937313833333333,0.0
1783095550461468483,49.299901542,bearingfork_joint,-0.16755146666666665,0.06457712777777777,0.0
1783095550461468483,49.299901542,grapplecarrier_joint,-0.13089958333333335,0.040142538888888885,21.0
1783095550461468483,49.299901542,grappletong1_joint,0.0,0.0,0.0
1783095550461468483,49.299901542,grappletong2_joint,0.0,0.0,0.0
1783095550471961025,49.310394084,slew_joint,1.7383464666666666,0.0,-41.0
1783095550471961025,49.310394084,boom_joint,0.4607665333333333,0.09773835555555554,1000.0
1783095550471961025,49.310394084,stick_joint,-1.1274817444444445,-0.024434588888888886,83.0
1783095550471961025,49.310394084,telescope_joint,0.4877,0.003,21.0
1783095550471961025,49.310394084,hanger_joint,1.1344630555555555,-0.1937313833333333,0.0
1783095550471961025,49.310394084,bearingfork_joint,-0.16755146666666665,0.06457712777777777,0.0
1783095550471961025,49.310394084,grapplecarrier_joint,-0.13089958333333335,0.040142538888888885,21.0
1783095550471961025,49.310394084,grappletong1_joint,0.0,0.0,0.0
1783095550471961025,49.310394084,grappletong2_joint,0.0,0.0,0.0
1783095550481373613,49.319806672,slew_joint,1.7383464666666666,0.0,-41.0
1783095550481373613,49.319806672,boom_joint,0.4625118611111111,0.09773835555555554,1000.0
1783095550481373613,49.319806672,stick_joint,-1.1274817444444445,-0.024434588888888886,82.0
1783095550481373613,49.319806672,telescope_joint,0.4878,0.003,20.0
1783095550481373613,49.319806672,hanger_joint,1.137953711111111,-0.19024072777777776,0.0
1783095550481373613,49.319806672,bearingfork_joint,-0.16755146666666665,0.04188786666666666,0.0
1783095550481373613,49.319806672,grapplecarrier_joint,-0.13089958333333335,0.0314159,20.0
1783095550481373613,49.319806672,grappletong1_joint,0.0,0.0,0.0
1783095550481373613,49.319806672,grappletong2_joint,0.0,0.0,0.0
1783095550491509444,49.329942503,slew_joint,1.7383464666666666,0.0,-41.0
1783095550491509444,49.329942503,boom_joint,0.4625118611111111,0.09773835555555554,1000.0
1783095550491509444,49.329942503,stick_joint,-1.1274817444444445,-0.024434588888888886,82.0
1783095550491509444,49.329942503,telescope_joint,0.4878,0.003,20.0
1783095550491509444,49.329942503,hanger_joint,1.137953711111111,-0.19024072777777776,0.0
1783095550491509444,49.329942503,bearingfork_joint,-0.16755146666666665,0.04188786666666666,0.0
1783095550491509444,49.329942503,grapplecarrier_joint,-0.13089958333333335,0.0314159,20.0
1783095550491509444,49.329942503,grappletong1_joint,0.0,0.0,0.0
1783095550491509444,49.329942503,grappletong2_joint,0.0,0.0,0.0
1783095550501135521,49.33956858,slew_joint,1.7383464666666666,0.0,-41.0
1783095550501135521,49.33956858,boom_joint,0.4642571888888888,0.09599302777777777,1000.0
1783095550501135521,49.33956858,stick_joint,-1.1274817444444445,-0.024434588888888886,80.0
1783095550501135521,49.33956858,telescope_joint,0.4878,0.003,20.0
1783095550501135521,49.33956858,hanger_joint,1.1414443666666667,-0.1797687611111111,0.0
1783095550501135521,49.33956858,bearingfork_joint,-0.16755146666666665,0.017453277777777776,0.0
1783095550501135521,49.33956858,grapplecarrier_joint,-0.13089958333333335,0.02792524444444444,18.0
1783095550501135521,49.33956858,grappletong1_joint,0.0,0.0,0.0
1783095550501135521,49.33956858,grappletong2_joint,0.0,0.0,0.0
1783095550511477440,49.349910499,slew_joint,1.7383464666666666,0.0,-41.0
1783095550511477440,49.349910499,boom_joint,0.4642571888888888,0.09599302777777777,1000.0
1783095550511477440,49.349910499,stick_joint,-1.1274817444444445,-0.024434588888888886,80.0
1783095550511477440,49.349910499,telescope_joint,0.4878,0.003,20.0
1783095550511477440,49.349910499,hanger_joint,1.1414443666666667,-0.1797687611111111,0.0
1783095550511477440,49.349910499,bearingfork_joint,-0.16755146666666665,0.017453277777777776,0.0
1783095550511477440,49.349910499,grapplecarrier_joint,-0.13089958333333335,0.02792524444444444,18.0
1783095550511477440,49.349910499,grappletong1_joint,0.0,0.0,0.0
1783095550511477440,49.349910499,grappletong2_joint,0.0,0.0,0.0
1783095550527404165,49.365837224,slew_joint,1.7383464666666666,0.0,-41.0
1783095550527404165,49.365837224,boom_joint,0.4660025166666666,0.09773835555555554,1000.0
1783095550527404165,49.365837224,stick_joint,-1.1292270722222222,-0.02268926111111111,79.0
1783095550527404165,49.365837224,telescope_joint,0.4879,0.004,19.0
1783095550527404165,49.365837224,hanger_joint,1.144935022222222,-0.15358884444444443,0.0
1783095550527404165,49.365837224,bearingfork_joint,-0.16755146666666665,0.003490655555555555,0.0
1783095550527404165,49.365837224,grapplecarrier_joint,-0.13089958333333335,0.02094393333333333,18.0
1783095550527404165,49.365837224,grappletong1_joint,0.0,0.0,0.0
1783095550527404165,49.365837224,grappletong2_joint,0.0,0.0,0.0
1783095550532860890,49.371293949,slew_joint,1.7383464666666666,0.0,-41.0
1783095550532860890,49.371293949,boom_joint,0.4660025166666666,0.09773835555555554,1000.0
1783095550532860890,49.371293949,stick_joint,-1.1292270722222222,-0.02268926111111111,79.0
1783095550532860890,49.371293949,telescope_joint,0.4879,0.004,19.0
1783095550532860890,49.371293949,hanger_joint,1.144935022222222,-0.15358884444444443,0.0
1783095550532860890,49.371293949,bearingfork_joint,-0.16755146666666665,0.003490655555555555,0.0
1783095550532860890,49.371293949,grapplecarrier_joint,-0.13089958333333335,0.02094393333333333,18.0
1783095550532860890,49.371293949,grappletong1_joint,0.0,0.0,0.0
1783095550532860890,49.371293949,grappletong2_joint,0.0,0.0,0.0
1783095550542144605,49.380577664,slew_joint,1.7383464666666666,0.0,-41.0
1783095550542144605,49.380577664,boom_joint,0.4677478444444444,0.1012290111111111,1000.0
1783095550542144605,49.380577664,stick_joint,-1.1292270722222222,-0.019198605555555553,78.0
1783095550542144605,49.380577664,telescope_joint,0.488,0.004,18.0
1783095550542144605,49.380577664,hanger_joint,1.1466803499999998,-0.12391827222222221,0.0
1783095550542144605,49.380577664,bearingfork_joint,-0.16755146666666665,0.0,0.0
1783095550542144605,49.380577664,grapplecarrier_joint,-0.13089958333333335,0.012217294444444443,17.0
1783095550542144605,49.380577664,grappletong1_joint,0.0,0.0,0.0
1783095550542144605,49.380577664,grappletong2_joint,0.0,0.0,0.0
1783095550551378381,49.38981144,slew_joint,1.7383464666666666,0.0,-41.0
1783095550551378381,49.38981144,boom_joint,0.4677478444444444,0.1012290111111111,1000.0
1783095550551378381,49.38981144,stick_joint,-1.1292270722222222,-0.019198605555555553,78.0
1783095550551378381,49.38981144,telescope_joint,0.488,0.004,18.0
1783095550551378381,49.38981144,hanger_joint,1.1466803499999998,-0.12391827222222221,0.0
1783095550551378381,49.38981144,bearingfork_joint,-0.16755146666666665,0.0,0.0
1783095550551378381,49.38981144,grapplecarrier_joint,-0.13089958333333335,0.012217294444444443,17.0
1783095550551378381,49.38981144,grappletong1_joint,0.0,0.0,0.0
1783095550551378381,49.38981144,grappletong2_joint,0.0,0.0,0.0
1783095550561252813,49.399685872,slew_joint,1.7383464666666666,0.0,-41.0
1783095550561252813,49.399685872,boom_joint,0.4694931722222222,0.10297433888888888,1000.0
1783095550561252813,49.399685872,stick_joint,-1.1292270722222222,-0.017453277777777776,77.0
1783095550561252813,49.399685872,telescope_joint,0.4882,0.004,18.0
1783095550561252813,49.399685872,hanger_joint,1.1484256777777777,-0.1012290111111111,0.0
1783095550561252813,49.399685872,bearingfork_joint,-0.16755146666666665,0.0,0.0
1783095550561252813,49.399685872,grapplecarrier_joint,-0.12915425555555554,0.012217294444444443,16.0
1783095550561252813,49.399685872,grappletong1_joint,0.0,0.0,0.0
1783095550561252813,49.399685872,grappletong2_joint,0.0,0.0,0.0
1783095550571399920,49.409832979,slew_joint,1.7383464666666666,0.0,-41.0
1783095550571399920,49.409832979,boom_joint,0.4694931722222222,0.10297433888888888,1000.0
1783095550571399920,49.409832979,stick_joint,-1.1292270722222222,-0.017453277777777776,77.0
1783095550571399920,49.409832979,telescope_joint,0.4882,0.004,18.0
1783095550571399920,49.409832979,hanger_joint,1.1484256777777777,-0.1012290111111111,0.0
1783095550571399920,49.409832979,bearingfork_joint,-0.16755146666666665,0.0,0.0
1783095550571399920,49.409832979,grapplecarrier_joint,-0.12915425555555554,0.012217294444444443,16.0
1783095550571399920,49.409832979,grappletong1_joint,0.0,0.0,0.0
1783095550571399920,49.409832979,grappletong2_joint,0.0,0.0,0.0
1783095550581284201,49.41971726,slew_joint,1.7383464666666666,0.0,-41.0
1783095550581284201,49.41971726,boom_joint,0.4729838277777777,0.09773835555555554,1000.0
1783095550581284201,49.41971726,stick_joint,-1.1292270722222222,-0.01396262222222222,77.0
1783095550581284201,49.41971726,telescope_joint,0.4883,0.006,17.0
1783095550581284201,49.41971726,hanger_joint,1.1501710055555554,-0.08377573333333332,0.0
1783095550581284201,49.41971726,bearingfork_joint,-0.16755146666666665,0.0,0.0
1783095550581284201,49.41971726,grapplecarrier_joint,-0.12915425555555554,0.00698131111111111,16.0
1783095550581284201,49.41971726,grappletong1_joint,0.0,0.0,0.0
1783095550581284201,49.41971726,grappletong2_joint,0.0,0.0,0.0
1783095550591824005,49.430257064,slew_joint,1.7383464666666666,0.0,-41.0
1783095550591824005,49.430257064,boom_joint,0.4729838277777777,0.09773835555555554,1000.0
1783095550591824005,49.430257064,stick_joint,-1.1292270722222222,-0.01396262222222222,77.0
1783095550591824005,49.430257064,telescope_joint,0.4883,0.006,17.0
1783095550591824005,49.430257064,hanger_joint,1.1501710055555554,-0.08377573333333332,0.0
1783095550591824005,49.430257064,bearingfork_joint,-0.16755146666666665,0.0,0.0
1783095550591824005,49.430257064,grapplecarrier_joint,-0.12915425555555554,0.00698131111111111,16.0
1783095550591824005,49.430257064,grappletong1_joint,0.0,0.0,0.0
1783095550591824005,49.430257064,grappletong2_joint,0.0,0.0,0.0
1783095550602963849,49.441396908,slew_joint,1.7383464666666666,0.0,-41.0
1783095550602963849,49.441396908,boom_joint,0.4747291555555555,0.09599302777777777,1000.0
1783095550602963849,49.441396908,stick_joint,-1.1292270722222222,-0.01570795,76.0
1783095550602963849,49.441396908,telescope_joint,0.4885,0.008,16.0
1783095550602963849,49.441396908,hanger_joint,1.1501710055555554,-0.06457712777777777,0.0
1783095550602963849,49.441396908,bearingfork_joint,-0.16755146666666665,0.0,0.0
1783095550602963849,49.441396908,grapplecarrier_joint,-0.12915425555555554,0.003490655555555555,14.0
1783095550602963849,49.441396908,grappletong1_joint,0.0,0.0,0.0
1783095550602963849,49.441396908,grappletong2_joint,0.0,0.0,0.0
1783095550611506624,49.449939683,slew_joint,1.7383464666666666,0.0,-41.0
1783095550611506624,49.449939683,boom_joint,0.4747291555555555,0.09599302777777777,1000.0
1783095550611506624,49.449939683,stick_joint,-1.1292270722222222,-0.01570795,76.0
1783095550611506624,49.449939683,telescope_joint,0.4885,0.008,16.0
1783095550611506624,49.449939683,hanger_joint,1.1501710055555554,-0.06457712777777777,0.0
1783095550611506624,49.449939683,bearingfork_joint,-0.16755146666666665,0.0,0.0
1783095550611506624,49.449939683,grapplecarrier_joint,-0.12915425555555554,0.003490655555555555,14.0
1783095550611506624,49.449939683,grappletong1_joint,0.0,0.0,0.0
1783095550611506624,49.449939683,grappletong2_joint,0.0,0.0,0.0
1783095550621675739,49.460108798,slew_joint,1.7383464666666666,0.0,-41.0
1783095550621675739,49.460108798,boom_joint,0.4764744833333333,0.09599302777777777,1000.0
1783095550621675739,49.460108798,stick_joint,-1.1309723999999999,-0.01570795,75.0
1783095550621675739,49.460108798,telescope_joint,0.4887,0.01,15.0
1783095550621675739,49.460108798,hanger_joint,1.1519163333333333,-0.05061450555555555,0.0
1783095550621675739,49.460108798,bearingfork_joint,-0.16755146666666665,0.0,0.0
1783095550621675739,49.460108798,grapplecarrier_joint,-0.12915425555555554,0.0,13.0
1783095550621675739,49.460108798,grappletong1_joint,0.0,0.0,0.0
1783095550621675739,49.460108798,grappletong2_joint,0.0,0.0,0.0
1783095550631396866,49.469829925,slew_joint,1.7383464666666666,0.0,-41.0
1783095550631396866,49.469829925,boom_joint,0.4764744833333333,0.09599302777777777,1000.0
1783095550631396866,49.469829925,stick_joint,-1.1309723999999999,-0.01570795,75.0
1783095550631396866,49.469829925,telescope_joint,0.4887,0.01,15.0
1783095550631396866,49.469829925,hanger_joint,1.1519163333333333,-0.05061450555555555,0.0
1783095550631396866,49.469829925,bearingfork_joint,-0.16755146666666665,0.0,0.0
1783095550631396866,49.469829925,grapplecarrier_joint,-0.12915425555555554,0.0,13.0
1783095550631396866,49.469829925,grappletong1_joint,0.0,0.0,0.0
1783095550631396866,49.469829925,grappletong2_joint,0.0,0.0,0.0
1783095550641528840,49.479961899,slew_joint,1.7383464666666666,0.0,-41.0
1783095550641528840,49.479961899,boom_joint,0.478219811111111,0.09599302777777777,1000.0
1783095550641528840,49.479961899,stick_joint,-1.1309723999999999,-0.02268926111111111,75.0
1783095550641528840,49.479961899,telescope_joint,0.4888,0.01,14.0
1783095550641528840,49.479961899,hanger_joint,1.1519163333333333,-0.040142538888888885,0.0
1783095550641528840,49.479961899,bearingfork_joint,-0.16755146666666665,0.0,0.0
1783095550641528840,49.479961899,grapplecarrier_joint,-0.12915425555555554,0.0,12.0
1783095550641528840,49.479961899,grappletong1_joint,0.0,0.0,0.0
1783095550641528840,49.479961899,grappletong2_joint,0.0,0.0,0.0
1783095550652217349,49.490650408,slew_joint,1.7383464666666666,0.0,-41.0
1783095550652217349,49.490650408,boom_joint,0.478219811111111,0.09599302777777777,1000.0
1783095550652217349,49.490650408,stick_joint,-1.1309723999999999,-0.02268926111111111,75.0
1783095550652217349,49.490650408,telescope_joint,0.4888,0.01,14.0
1783095550652217349,49.490650408,hanger_joint,1.1519163333333333,-0.040142538888888885,0.0
1783095550652217349,49.490650408,bearingfork_joint,-0.16755146666666665,0.0,0.0
1783095550652217349,49.490650408,grapplecarrier_joint,-0.12915425555555554,0.0,12.0
1783095550652217349,49.490650408,grappletong1_joint,0.0,0.0,0.0
1783095550652217349,49.490650408,grappletong2_joint,0.0,0.0,0.0
1783095550661489235,49.499922294,slew_joint,1.7383464666666666,0.0,-41.0
1783095550661489235,49.499922294,boom_joint,0.4799651388888888,0.09773835555555554,1000.0
1783095550661489235,49.499922294,stick_joint,-1.1309723999999999,-0.026179916666666664,74.0
1783095550661489235,49.499922294,telescope_joint,0.489,0.009,13.0
1783095550661489235,49.499922294,hanger_joint,1.1519163333333333,-0.02792524444444444,0.0
1783095550661489235,49.499922294,bearingfork_joint,-0.16755146666666665,0.0,0.0
1783095550661489235,49.499922294,grapplecarrier_joint,-0.12915425555555554,0.0,11.0
1783095550661489235,49.499922294,grappletong1_joint,0.0,0.0,0.0
1783095550661489235,49.499922294,grappletong2_joint,0.0,0.0,0.0
1783095550677334076,49.515767135,slew_joint,1.7383464666666666,0.0,-41.0
1783095550677334076,49.515767135,boom_joint,0.4799651388888888,0.09773835555555554,1000.0
1783095550677334076,49.515767135,stick_joint,-1.1309723999999999,-0.026179916666666664,74.0
1783095550677334076,49.515767135,telescope_joint,0.489,0.009,13.0
1783095550677334076,49.515767135,hanger_joint,1.1519163333333333,-0.02792524444444444,0.0
1783095550677334076,49.515767135,bearingfork_joint,-0.16755146666666665,0.0,0.0
1783095550677334076,49.515767135,grapplecarrier_joint,-0.12915425555555554,0.0,11.0
1783095550677334076,49.515767135,grappletong1_joint,0.0,0.0,0.0
1783095550677334076,49.515767135,grappletong2_joint,0.0,0.0,0.0
1783095550681552180,49.519985239,slew_joint,1.7383464666666666,0.0,-41.0
1783095550681552180,49.519985239,boom_joint,0.4817104666666666,0.10297433888888888,1000.0
1783095550681552180,49.519985239,stick_joint,-1.1309723999999999,-0.02792524444444444,74.0
1783095550681552180,49.519985239,telescope_joint,0.4891,0.007,12.0
1783095550681552180,49.519985239,hanger_joint,1.153661661111111,-0.02094393333333333,0.0
1783095550681552180,49.519985239,bearingfork_joint,-0.16755146666666665,0.0,0.0
1783095550681552180,49.519985239,grapplecarrier_joint,-0.12915425555555554,0.0,10.0
1783095550681552180,49.519985239,grappletong1_joint,0.0,0.0,0.0
1783095550681552180,49.519985239,grappletong2_joint,0.0,0.0,0.0
1783095550691911270,49.530344329,slew_joint,1.7383464666666666,0.0,-41.0
1783095550691911270,49.530344329,boom_joint,0.4817104666666666,0.10297433888888888,1000.0
1783095550691911270,49.530344329,stick_joint,-1.1309723999999999,-0.02792524444444444,74.0
1783095550691911270,49.530344329,telescope_joint,0.4891,0.007,12.0
1783095550691911270,49.530344329,hanger_joint,1.153661661111111,-0.02094393333333333,0.0
1783095550691911270,49.530344329,bearingfork_joint,-0.16755146666666665,0.0,0.0
1783095550691911270,49.530344329,grapplecarrier_joint,-0.12915425555555554,0.0,10.0
1783095550691911270,49.530344329,grappletong1_joint,0.0,0.0,0.0
1783095550691911270,49.530344329,grappletong2_joint,0.0,0.0,0.0
1783095550701735944,49.540169003,slew_joint,1.7383464666666666,0.0,-41.0
1783095550701735944,49.540169003,boom_joint,0.4834557944444444,0.1012290111111111,1000.0
1783095550701735944,49.540169003,stick_joint,-1.1327177277777778,-0.026179916666666664,73.0
1783095550701735944,49.540169003,telescope_joint,0.4893,0.007,10.0
1783095550701735944,49.540169003,hanger_joint,1.153661661111111,-0.008726638888888888,0.0
1783095550701735944,49.540169003,bearingfork_joint,-0.16755146666666665,0.0,0.0
1783095550701735944,49.540169003,grapplecarrier_joint,-0.12915425555555554,0.0,10.0
1783095550701735944,49.540169003,grappletong1_joint,0.0,0.0,0.0
1783095550701735944,49.540169003,grappletong2_joint,0.0,0.0,0.0
1783095550711761402,49.550194461,slew_joint,1.7383464666666666,0.0,-41.0
1783095550711761402,49.550194461,boom_joint,0.4834557944444444,0.1012290111111111,1000.0
1783095550711761402,49.550194461,stick_joint,-1.1327177277777778,-0.026179916666666664,73.0
1783095550711761402,49.550194461,telescope_joint,0.4893,0.007,10.0
1783095550711761402,49.550194461,hanger_joint,1.153661661111111,-0.008726638888888888,0.0
1783095550711761402,49.550194461,bearingfork_joint,-0.16755146666666665,0.0,0.0
1783095550711761402,49.550194461,grapplecarrier_joint,-0.12915425555555554,0.0,10.0
1783095550711761402,49.550194461,grappletong1_joint,0.0,0.0,0.0
1783095550711761402,49.550194461,grappletong2_joint,0.0,0.0,0.0
1783095550721849793,49.560282852,slew_joint,1.7383464666666666,0.0,-41.0
1783095550721849793,49.560282852,boom_joint,0.4852011222222222,0.09424769999999999,1000.0
1783095550721849793,49.560282852,stick_joint,-1.1327177277777778,-0.02792524444444444,72.0
1783095550721849793,49.560282852,telescope_joint,0.4894,0.007,8.0
1783095550721849793,49.560282852,hanger_joint,1.153661661111111,-0.003490655555555555,0.0
1783095550721849793,49.560282852,bearingfork_joint,-0.16755146666666665,0.0,0.0
1783095550721849793,49.560282852,grapplecarrier_joint,-0.13089958333333335,-0.00698131111111111,9.0
1783095550721849793,49.560282852,grappletong1_joint,0.0,0.0,0.0
1783095550721849793,49.560282852,grappletong2_joint,0.0,0.0,0.0
1783095550731519042,49.569952101,slew_joint,1.7383464666666666,0.0,-41.0
1783095550731519042,49.569952101,boom_joint,0.4852011222222222,0.09424769999999999,1000.0
1783095550731519042,49.569952101,stick_joint,-1.1327177277777778,-0.02792524444444444,72.0
1783095550731519042,49.569952101,telescope_joint,0.4894,0.007,8.0
1783095550731519042,49.569952101,hanger_joint,1.153661661111111,-0.003490655555555555,0.0
1783095550731519042,49.569952101,bearingfork_joint,-0.16755146666666665,0.0,0.0
1783095550731519042,49.569952101,grapplecarrier_joint,-0.13089958333333335,-0.00698131111111111,9.0
1783095550731519042,49.569952101,grappletong1_joint,0.0,0.0,0.0
1783095550731519042,49.569952101,grappletong2_joint,0.0,0.0,0.0
1783095550741857172,49.580290231,slew_joint,1.7383464666666666,0.0,-41.0
1783095550741857172,49.580290231,boom_joint,0.4869464499999999,0.09599302777777777,1000.0
1783095550741857172,49.580290231,stick_joint,-1.1327177277777778,-0.024434588888888886,71.0
1783095550741857172,49.580290231,telescope_joint,0.4896,0.007,6.0
1783095550741857172,49.580290231,hanger_joint,1.153661661111111,-0.0017453277777777776,0.0
1783095550741857172,49.580290231,bearingfork_joint,-0.16755146666666665,0.0,0.0
1783095550741857172,49.580290231,grapplecarrier_joint,-0.13089958333333335,-0.02268926111111111,8.0
1783095550741857172,49.580290231,grappletong1_joint,0.0,0.0,0.0
1783095550741857172,49.580290231,grappletong2_joint,0.0,0.0,0.0
1783095550751960323,49.590393382,slew_joint,1.7383464666666666,0.0,-41.0
1783095550751960323,49.590393382,boom_joint,0.4869464499999999,0.09599302777777777,1000.0
1783095550751960323,49.590393382,stick_joint,-1.1327177277777778,-0.024434588888888886,71.0
1783095550751960323,49.590393382,telescope_joint,0.4896,0.007,6.0
1783095550751960323,49.590393382,hanger_joint,1.153661661111111,-0.0017453277777777776,0.0
1783095550751960323,49.590393382,bearingfork_joint,-0.16755146666666665,0.0,0.0
1783095550751960323,49.590393382,grapplecarrier_joint,-0.13089958333333335,-0.02268926111111111,8.0
1783095550751960323,49.590393382,grappletong1_joint,0.0,0.0,0.0
1783095550751960323,49.590393382,grappletong2_joint,0.0,0.0,0.0
1783095550761334350,49.599767409,slew_joint,1.7383464666666666,0.0,-41.0
1783095550761334350,49.599767409,boom_joint,0.49043710555555553,0.09424769999999999,1000.0
1783095550761334350,49.599767409,stick_joint,-1.1344630555555555,-0.024434588888888886,69.0
1783095550761334350,49.599767409,telescope_joint,0.4897,0.008,4.0
1783095550761334350,49.599767409,hanger_joint,1.153661661111111,-0.0017453277777777776,0.0
1783095550761334350,49.599767409,bearingfork_joint,-0.16755146666666665,0.0,0.0
1783095550761334350,49.599767409,grapplecarrier_joint,-0.13089958333333335,-0.040142538888888885,7.0
1783095550761334350,49.599767409,grappletong1_joint,0.0,0.0,0.0
1783095550761334350,49.599767409,grappletong2_joint,0.0,0.0,0.0
1783095550771344616,49.609777675,slew_joint,1.7383464666666666,0.0,-41.0
1783095550771344616,49.609777675,boom_joint,0.49043710555555553,0.09424769999999999,1000.0
1783095550771344616,49.609777675,stick_joint,-1.1344630555555555,-0.024434588888888886,69.0
1783095550771344616,49.609777675,telescope_joint,0.4897,0.008,4.0
1783095550771344616,49.609777675,hanger_joint,1.153661661111111,-0.0017453277777777776,0.0
1783095550771344616,49.609777675,bearingfork_joint,-0.16755146666666665,0.0,0.0
1783095550771344616,49.609777675,grapplecarrier_joint,-0.13089958333333335,-0.040142538888888885,7.0
1783095550771344616,49.609777675,grappletong1_joint,0.0,0.0,0.0
1783095550771344616,49.609777675,grappletong2_joint,0.0,0.0,0.0
1783095550781225688,49.619658747,slew_joint,1.7383464666666666,0.0,-41.0
1783095550781225688,49.619658747,boom_joint,0.49218243333333334,0.09424769999999999,1000.0
1783095550781225688,49.619658747,stick_joint,-1.1344630555555555,-0.02792524444444444,67.0
1783095550781225688,49.619658747,telescope_joint,0.4899,0.008,2.0
1783095550781225688,49.619658747,hanger_joint,1.153661661111111,0.0,0.0
1783095550781225688,49.619658747,bearingfork_joint,-0.16755146666666665,0.0,0.0
1783095550781225688,49.619658747,grapplecarrier_joint,-0.1326449111111111,-0.047123849999999995,5.0
1783095550781225688,49.619658747,grappletong1_joint,0.0,0.0,0.0
1783095550781225688,49.619658747,grappletong2_joint,0.0,0.0,0.0
1783095550791505447,49.629938506,slew_joint,1.7383464666666666,0.0,-41.0
1783095550791505447,49.629938506,boom_joint,0.49218243333333334,0.09424769999999999,1000.0
1783095550791505447,49.629938506,stick_joint,-1.1344630555555555,-0.02792524444444444,67.0
1783095550791505447,49.629938506,telescope_joint,0.4899,0.008,2.0
1783095550791505447,49.629938506,hanger_joint,1.153661661111111,0.0,0.0
1783095550791505447,49.629938506,bearingfork_joint,-0.16755146666666665,0.0,0.0
1783095550791505447,49.629938506,grapplecarrier_joint,-0.1326449111111111,-0.047123849999999995,5.0
1783095550791505447,49.629938506,grappletong1_joint,0.0,0.0,0.0
1783095550791505447,49.629938506,grappletong2_joint,0.0,0.0,0.0
1783095550801319069,49.639752128,slew_joint,1.7383464666666666,0.0,-41.0
1783095550801319069,49.639752128,boom_joint,0.49392776111111103,0.09773835555555554,1000.0
1783095550801319069,49.639752128,stick_joint,-1.1344630555555555,-0.02792524444444444,65.0
1783095550801319069,49.639752128,telescope_joint,0.49,0.008,0.0
1783095550801319069,49.639752128,hanger_joint,1.153661661111111,0.0,0.0
1783095550801319069,49.639752128,bearingfork_joint,-0.16755146666666665,0.0,0.0
1783095550801319069,49.639752128,grapplecarrier_joint,-0.1343902388888889,-0.05235983333333333,3.0
1783095550801319069,49.639752128,grappletong1_joint,0.0,0.0,0.0
1783095550801319069,49.639752128,grappletong2_joint,0.0,0.0,0.0
1783095550811307122,49.649740181,slew_joint,1.7383464666666666,0.0,-41.0
1783095550811307122,49.649740181,boom_joint,0.49392776111111103,0.09773835555555554,1000.0
1783095550811307122,49.649740181,stick_joint,-1.1344630555555555,-0.02792524444444444,65.0
1783095550811307122,49.649740181,telescope_joint,0.49,0.008,0.0
1783095550811307122,49.649740181,hanger_joint,1.153661661111111,0.0,0.0
1783095550811307122,49.649740181,bearingfork_joint,-0.16755146666666665,0.0,0.0
1783095550811307122,49.649740181,grapplecarrier_joint,-0.1343902388888889,-0.05235983333333333,3.0
1783095550811307122,49.649740181,grappletong1_joint,0.0,0.0,0.0
1783095550811307122,49.649740181,grappletong2_joint,0.0,0.0,0.0
1783095550821653065,49.660086124,slew_joint,1.7383464666666666,0.0,-41.0
1783095550821653065,49.660086124,boom_joint,0.49567308888888884,0.09773835555555554,1000.0
1783095550821653065,49.660086124,stick_joint,-1.1362083833333334,-0.024434588888888886,63.0
1783095550821653065,49.660086124,telescope_joint,0.4902,0.007,-1.0
1783095550821653065,49.660086124,hanger_joint,1.1519163333333333,0.02792524444444444,0.0
1783095550821653065,49.660086124,bearingfork_joint,-0.16755146666666665,0.0,0.0
1783095550821653065,49.660086124,grapplecarrier_joint,-0.1343902388888889,-0.05061450555555555,2.0
1783095550821653065,49.660086124,grappletong1_joint,0.0,0.0,0.0
1783095550821653065,49.660086124,grappletong2_joint,0.0,0.0,0.0
1783095550831334967,49.669768026,slew_joint,1.7383464666666666,0.0,-41.0
1783095550831334967,49.669768026,boom_joint,0.49567308888888884,0.09773835555555554,1000.0
1783095550831334967,49.669768026,stick_joint,-1.1362083833333334,-0.024434588888888886,63.0
1783095550831334967,49.669768026,telescope_joint,0.4902,0.007,-1.0
1783095550831334967,49.669768026,hanger_joint,1.1519163333333333,0.02792524444444444,0.0
1783095550831334967,49.669768026,bearingfork_joint,-0.16755146666666665,0.0,0.0
1783095550831334967,49.669768026,grapplecarrier_joint,-0.1343902388888889,-0.05061450555555555,2.0
1783095550831334967,49.669768026,grappletong1_joint,0.0,0.0,0.0
1783095550831334967,49.669768026,grappletong2_joint,0.0,0.0,0.0
1783095550841813936,49.680246995,slew_joint,1.7383464666666666,0.0,-41.0
1783095550841813936,49.680246995,boom_joint,0.49741841666666664,0.1012290111111111,1000.0
1783095550841813936,49.680246995,stick_joint,-1.1362083833333334,-0.02792524444444444,61.0
1783095550841813936,49.680246995,telescope_joint,0.4903,0.006,-3.0
1783095550841813936,49.680246995,hanger_joint,1.1501710055555554,0.0628318,0.0
1783095550841813936,49.680246995,bearingfork_joint,-0.16755146666666665,0.0,0.0
1783095550841813936,49.680246995,grapplecarrier_joint,-0.13613556666666665,-0.05235983333333333,0.0
1783095550841813936,49.680246995,grappletong1_joint,0.0,0.0,0.0
1783095550841813936,49.680246995,grappletong2_joint,0.0,0.0,0.0
1783095550851508404,49.689941463,slew_joint,1.7383464666666666,0.0,-41.0
1783095550851508404,49.689941463,boom_joint,0.49741841666666664,0.1012290111111111,1000.0
1783095550851508404,49.689941463,stick_joint,-1.1362083833333334,-0.02792524444444444,61.0
1783095550851508404,49.689941463,telescope_joint,0.4903,0.006,-3.0
1783095550851508404,49.689941463,hanger_joint,1.1501710055555554,0.0628318,0.0
1783095550851508404,49.689941463,bearingfork_joint,-0.16755146666666665,0.0,0.0
1783095550851508404,49.689941463,grapplecarrier_joint,-0.13613556666666665,-0.05235983333333333,0.0
1783095550851508404,49.689941463,grappletong1_joint,0.0,0.0,0.0
1783095550851508404,49.689941463,grappletong2_joint,0.0,0.0,0.0
1783095550861822901,49.70025596,slew_joint,1.7383464666666666,0.0,-41.0
1783095550861822901,49.70025596,boom_joint,0.49916374444444445,0.09599302777777777,1000.0
1783095550861822901,49.70025596,stick_joint,-1.1362083833333334,-0.026179916666666664,59.0
1783095550861822901,49.70025596,telescope_joint,0.4904,0.006,-5.0
1783095550861822901,49.70025596,hanger_joint,1.1484256777777777,0.09424769999999999,0.0
1783095550861822901,49.70025596,bearingfork_joint,-0.16755146666666665,0.0,0.0
1783095550861822901,49.70025596,grapplecarrier_joint,-0.13613556666666665,-0.05585048888888888,-2.0
1783095550861822901,49.70025596,grappletong1_joint,0.0,0.0,0.0
1783095550861822901,49.70025596,grappletong2_joint,0.0,0.0,0.0
1783095550871603375,49.710036434,slew_joint,1.7383464666666666,0.0,-41.0
1783095550871603375,49.710036434,boom_joint,0.49916374444444445,0.09599302777777777,1000.0
1783095550871603375,49.710036434,stick_joint,-1.1362083833333334,-0.026179916666666664,59.0
1783095550871603375,49.710036434,telescope_joint,0.4904,0.006,-5.0
1783095550871603375,49.710036434,hanger_joint,1.1484256777777777,0.09424769999999999,0.0
1783095550871603375,49.710036434,bearingfork_joint,-0.16755146666666665,0.0,0.0
1783095550871603375,49.710036434,grapplecarrier_joint,-0.13613556666666665,-0.05585048888888888,-2.0
1783095550871603375,49.710036434,grappletong1_joint,0.0,0.0,0.0
1783095550871603375,49.710036434,grappletong2_joint,0.0,0.0,0.0
1783095550881306812,49.719739871,slew_joint,1.7383464666666666,0.0,-41.0
1783095550881306812,49.719739871,boom_joint,0.5009090722222223,0.09773835555555554,1000.0
1783095550881306812,49.719739871,stick_joint,-1.137953711111111,-0.024434588888888886,57.0
1783095550881306812,49.719739871,telescope_joint,0.4905,0.006,-6.0
1783095550881306812,49.719739871,hanger_joint,1.144935022222222,0.11170097777777777,0.0
1783095550881306812,49.719739871,bearingfork_joint,-0.16755146666666665,0.0,0.0
1783095550881306812,49.719739871,grapplecarrier_joint,-0.13788089444444446,-0.05585048888888888,-5.0
1783095550881306812,49.719739871,grappletong1_joint,0.0,0.0,0.0
1783095550881306812,49.719739871,grappletong2_joint,0.0,0.0,0.0
1783095550891226654,49.729659713,slew_joint,1.7383464666666666,0.0,-41.0
1783095550891226654,49.729659713,boom_joint,0.5009090722222223,0.09773835555555554,1000.0
1783095550891226654,49.729659713,stick_joint,-1.137953711111111,-0.024434588888888886,57.0
1783095550891226654,49.729659713,telescope_joint,0.4905,0.006,-6.0
1783095550891226654,49.729659713,hanger_joint,1.144935022222222,0.11170097777777777,0.0
1783095550891226654,49.729659713,bearingfork_joint,-0.16755146666666665,0.0,0.0
1783095550891226654,49.729659713,grapplecarrier_joint,-0.13788089444444446,-0.05585048888888888,-5.0
1783095550891226654,49.729659713,grappletong1_joint,0.0,0.0,0.0
1783095550891226654,49.729659713,grappletong2_joint,0.0,0.0,0.0
1783095550902015101,49.74044816,slew_joint,1.7383464666666666,0.0,-41.0
1783095550902015101,49.74044816,boom_joint,0.5026544,0.09773835555555554,1000.0
1783095550902015101,49.74044816,stick_joint,-1.137953711111111,-0.02094393333333333,55.0
1783095550902015101,49.74044816,telescope_joint,0.4907,0.006,-8.0
1783095550902015101,49.74044816,hanger_joint,1.1431896944444444,0.12217294444444443,0.0
1783095550902015101,49.74044816,bearingfork_joint,-0.16755146666666665,0.0,0.0
1783095550902015101,49.74044816,grapplecarrier_joint,-0.1396262222222222,-0.054105161111111105,-7.0
1783095550902015101,49.74044816,grappletong1_joint,0.0,0.0,0.0
1783095550902015101,49.74044816,grappletong2_joint,0.0,0.0,0.0
1783095550911629533,49.750062592,slew_joint,1.7383464666666666,0.0,-41.0
1783095550911629533,49.750062592,boom_joint,0.5026544,0.09773835555555554,1000.0
1783095550911629533,49.750062592,stick_joint,-1.137953711111111,-0.02094393333333333,55.0
1783095550911629533,49.750062592,telescope_joint,0.4907,0.006,-8.0
1783095550911629533,49.750062592,hanger_joint,1.1431896944444444,0.12217294444444443,0.0
1783095550911629533,49.750062592,bearingfork_joint,-0.16755146666666665,0.0,0.0
1783095550911629533,49.750062592,grapplecarrier_joint,-0.1396262222222222,-0.054105161111111105,-7.0
1783095550911629533,49.750062592,grappletong1_joint,0.0,0.0,0.0
1783095550911629533,49.750062592,grappletong2_joint,0.0,0.0,0.0
1783095550921571098,49.760004157,slew_joint,1.7383464666666666,0.0,-41.0
1783095550921571098,49.760004157,boom_joint,0.5043997277777778,0.09424769999999999,1000.0
1783095550921571098,49.760004157,stick_joint,-1.137953711111111,-0.02268926111111111,53.0
1783095550921571098,49.760004157,telescope_joint,0.4908,0.006,-10.0
1783095550921571098,49.760004157,hanger_joint,1.1396990388888888,0.14137154999999998,0.0
1783095550921571098,49.760004157,bearingfork_joint,-0.16755146666666665,-0.0017453277777777776,0.0
1783095550921571098,49.760004157,grapplecarrier_joint,-0.1396262222222222,-0.054105161111111105,-9.0
1783095550921571098,49.760004157,grappletong1_joint,0.0,0.0,0.0
1783095550921571098,49.760004157,grappletong2_joint,0.0,0.0,0.0
1783095550931541911,49.76997497,slew_joint,1.7383464666666666,0.0,-41.0
1783095550931541911,49.76997497,boom_joint,0.5043997277777778,0.09424769999999999,1000.0
1783095550931541911,49.76997497,stick_joint,-1.137953711111111,-0.02268926111111111,53.0
1783095550931541911,49.76997497,telescope_joint,0.4908,0.006,-10.0
1783095550931541911,49.76997497,hanger_joint,1.1396990388888888,0.14137154999999998,0.0
1783095550931541911,49.76997497,bearingfork_joint,-0.16755146666666665,-0.0017453277777777776,0.0
1783095550931541911,49.76997497,grapplecarrier_joint,-0.1396262222222222,-0.054105161111111105,-9.0
1783095550931541911,49.76997497,grappletong1_joint,0.0,0.0,0.0
1783095550931541911,49.76997497,grappletong2_joint,0.0,0.0,0.0
1783095550941431627,49.779864686,slew_joint,1.7383464666666666,0.0,-41.0
1783095550941431627,49.779864686,boom_joint,0.5078903833333333,0.09773835555555554,1000.0
1783095550941431627,49.779864686,stick_joint,-1.137953711111111,-0.02094393333333333,52.0
1783095550941431627,49.779864686,telescope_joint,0.4909,0.006,-11.0
1783095550941431627,49.779864686,hanger_joint,1.1362083833333334,0.15184351666666665,0.0
1783095550941431627,49.779864686,bearingfork_joint,-0.16755146666666665,-0.0017453277777777776,0.0
1783095550941431627,49.779864686,grapplecarrier_joint,-0.14137154999999996,-0.05585048888888888,-11.0
1783095550941431627,49.779864686,grappletong1_joint,0.0,0.0,0.0
1783095550941431627,49.779864686,grappletong2_joint,0.0,0.0,0.0
1783095550951460133,49.789893192,slew_joint,1.7383464666666666,0.0,-41.0
1783095550951460133,49.789893192,boom_joint,0.5078903833333333,0.09773835555555554,1000.0
1783095550951460133,49.789893192,stick_joint,-1.137953711111111,-0.02094393333333333,52.0
1783095550951460133,49.789893192,telescope_joint,0.4909,0.006,-11.0
1783095550951460133,49.789893192,hanger_joint,1.1362083833333334,0.15184351666666665,0.0
1783095550951460133,49.789893192,bearingfork_joint,-0.16755146666666665,-0.0017453277777777776,0.0
1783095550951460133,49.789893192,grapplecarrier_joint,-0.14137154999999996,-0.05585048888888888,-11.0
1783095550951460133,49.789893192,grappletong1_joint,0.0,0.0,0.0
1783095550951460133,49.789893192,grappletong2_joint,0.0,0.0,0.0
1783095550961301346,49.799734405,slew_joint,1.7383464666666666,0.0,-41.0
1783095550961301346,49.799734405,boom_joint,0.5096357111111111,0.09424769999999999,1000.0
1783095550961301346,49.799734405,stick_joint,-1.137953711111111,-0.019198605555555553,51.0
1783095550961301346,49.799734405,telescope_joint,0.491,0.005,-13.0
1783095550961301346,49.799734405,hanger_joint,1.1327177277777778,0.15882482777777776,0.0
1783095550961301346,49.799734405,bearingfork_joint,-0.16755146666666665,-0.0017453277777777776,0.0
1783095550961301346,49.799734405,grapplecarrier_joint,-0.14311687777777776,-0.05934114444444444,-13.0
1783095550961301346,49.799734405,grappletong1_joint,0.0,0.0,0.0
1783095550961301346,49.799734405,grappletong2_joint,0.0,0.0,0.0
1783095550971325014,49.809758073,slew_joint,1.7383464666666666,0.0,-41.0
1783095550971325014,49.809758073,boom_joint,0.5096357111111111,0.09424769999999999,1000.0
1783095550971325014,49.809758073,stick_joint,-1.137953711111111,-0.019198605555555553,51.0
1783095550971325014,49.809758073,telescope_joint,0.491,0.005,-13.0
1783095550971325014,49.809758073,hanger_joint,1.1327177277777778,0.15882482777777776,0.0
1783095550971325014,49.809758073,bearingfork_joint,-0.16755146666666665,-0.0017453277777777776,0.0
1783095550971325014,49.809758073,grapplecarrier_joint,-0.14311687777777776,-0.05934114444444444,-13.0
1783095550971325014,49.809758073,grappletong1_joint,0.0,0.0,0.0
1783095550971325014,49.809758073,grappletong2_joint,0.0,0.0,0.0
1783095550985590530,49.824023589,slew_joint,1.7383464666666666,0.0,-41.0
1783095550985590530,49.824023589,boom_joint,0.5113810388888889,0.09075704444444443,1000.0
1783095550985590530,49.824023589,stick_joint,-1.1396990388888888,-0.02094393333333333,50.0
1783095550985590530,49.824023589,telescope_joint,0.4911,0.003,-14.0
1783095550985590530,49.824023589,hanger_joint,1.1327177277777778,0.11519163333333332,0.0
1783095550985590530,49.824023589,bearingfork_joint,-0.16755146666666665,-0.003490655555555555,0.0
1783095550985590530,49.824023589,grapplecarrier_joint,-0.14311687777777776,-0.05585048888888888,-15.0
1783095550985590530,49.824023589,grappletong1_joint,0.0,0.0,0.0
1783095550985590530,49.824023589,grappletong2_joint,0.0,0.0,0.0
1783095550991837611,49.83027067,slew_joint,1.7383464666666666,0.0,-41.0
1783095550991837611,49.83027067,boom_joint,0.5113810388888889,0.09075704444444443,1000.0
1783095550991837611,49.83027067,stick_joint,-1.1396990388888888,-0.02094393333333333,50.0
1783095550991837611,49.83027067,telescope_joint,0.4911,0.003,-14.0
1783095550991837611,49.83027067,hanger_joint,1.1327177277777778,0.11519163333333332,0.0
1783095550991837611,49.83027067,bearingfork_joint,-0.16755146666666665,-0.003490655555555555,0.0
1783095550991837611,49.83027067,grapplecarrier_joint,-0.14311687777777776,-0.05585048888888888,-15.0
1783095550991837611,49.83027067,grappletong1_joint,0.0,0.0,0.0
1783095550991837611,49.83027067,grappletong2_joint,0.0,0.0,0.0
1783095551001614225,49.840047284,slew_joint,1.7383464666666666,0.0,-41.0
1783095551001614225,49.840047284,boom_joint,0.5131263666666667,0.09075704444444443,1000.0
1783095551001614225,49.840047284,stick_joint,-1.1396990388888888,-0.01570795,49.0
1783095551001614225,49.840047284,telescope_joint,0.4911,0.003,-15.0
1783095551001614225,49.840047284,hanger_joint,1.1327177277777778,0.05235983333333333,0.0
1783095551001614225,49.840047284,bearingfork_joint,-0.16755146666666665,-0.0017453277777777776,0.0
1783095551001614225,49.840047284,grapplecarrier_joint,-0.1448622055555555,-0.054105161111111105,-16.0
1783095551001614225,49.840047284,grappletong1_joint,0.0,0.0,0.0
1783095551001614225,49.840047284,grappletong2_joint,0.0,0.0,0.0
1783095551011538678,49.849971737,slew_joint,1.7383464666666666,0.0,-41.0
1783095551011538678,49.849971737,boom_joint,0.5131263666666667,0.09075704444444443,1000.0
1783095551011538678,49.849971737,stick_joint,-1.1396990388888888,-0.01570795,49.0
1783095551011538678,49.849971737,telescope_joint,0.4911,0.003,-15.0
1783095551011538678,49.849971737,hanger_joint,1.1327177277777778,0.05235983333333333,0.0
1783095551011538678,49.849971737,bearingfork_joint,-0.16755146666666665,-0.0017453277777777776,0.0
1783095551011538678,49.849971737,grapplecarrier_joint,-0.1448622055555555,-0.054105161111111105,-16.0
1783095551011538678,49.849971737,grappletong1_joint,0.0,0.0,0.0
1783095551011538678,49.849971737,grappletong2_joint,0.0,0.0,0.0
1783095551021528426,49.859961485,slew_joint,1.7383464666666666,0.0,-41.0
1783095551021528426,49.859961485,boom_joint,0.5148716944444445,0.09599302777777777,1000.0
1783095551021528426,49.859961485,stick_joint,-1.1396990388888888,-0.01570795,49.0
1783095551021528426,49.859961485,telescope_joint,0.4912,0.002,-16.0
1783095551021528426,49.859961485,hanger_joint,1.1327177277777778,0.005235983333333333,0.0
1783095551021528426,49.859961485,bearingfork_joint,-0.16755146666666665,-0.008726638888888888,0.0
1783095551021528426,49.859961485,grapplecarrier_joint,-0.14660753333333332,-0.0628318,-18.0
1783095551021528426,49.859961485,grappletong1_joint,0.0,0.0,0.0
1783095551021528426,49.859961485,grappletong2_joint,0.0,0.0,0.0
1783095551031472746,49.869905805,slew_joint,1.7383464666666666,0.0,-41.0
1783095551031472746,49.869905805,boom_joint,0.5148716944444445,0.09599302777777777,1000.0
1783095551031472746,49.869905805,stick_joint,-1.1396990388888888,-0.01570795,49.0
1783095551031472746,49.869905805,telescope_joint,0.4912,0.002,-16.0
1783095551031472746,49.869905805,hanger_joint,1.1327177277777778,0.005235983333333333,0.0
1783095551031472746,49.869905805,bearingfork_joint,-0.16755146666666665,-0.008726638888888888,0.0
1783095551031472746,49.869905805,grapplecarrier_joint,-0.14660753333333332,-0.0628318,-18.0
1783095551031472746,49.869905805,grappletong1_joint,0.0,0.0,0.0
1783095551031472746,49.869905805,grappletong2_joint,0.0,0.0,0.0
1783095551041472698,49.879905757,slew_joint,1.7383464666666666,0.0,-41.0
1783095551041472698,49.879905757,boom_joint,0.5166170222222222,0.10297433888888888,1000.0
1783095551041472698,49.879905757,stick_joint,-1.1396990388888888,-0.017453277777777776,49.0
1783095551041472698,49.879905757,telescope_joint,0.4913,0.003,-17.0
1783095551041472698,49.879905757,hanger_joint,1.1327177277777778,0.0017453277777777776,0.0
1783095551041472698,49.879905757,bearingfork_joint,-0.16580613888888887,-0.054105161111111105,0.0
1783095551041472698,49.879905757,grapplecarrier_joint,-0.14660753333333332,-0.061086472222222216,-20.0
1783095551041472698,49.879905757,grappletong1_joint,0.0,0.0,0.0
1783095551041472698,49.879905757,grappletong2_joint,0.0,0.0,0.0
1783095551051225947,49.889659006,slew_joint,1.7383464666666666,0.0,-41.0
1783095551051225947,49.889659006,boom_joint,0.5166170222222222,0.10297433888888888,1000.0
1783095551051225947,49.889659006,stick_joint,-1.1396990388888888,-0.017453277777777776,49.0
1783095551051225947,49.889659006,telescope_joint,0.4913,0.003,-17.0
1783095551051225947,49.889659006,hanger_joint,1.1327177277777778,0.0017453277777777776,0.0
1783095551051225947,49.889659006,bearingfork_joint,-0.16580613888888887,-0.054105161111111105,0.0
1783095551051225947,49.889659006,grapplecarrier_joint,-0.14660753333333332,-0.061086472222222216,-20.0
1783095551051225947,49.889659006,grappletong1_joint,0.0,0.0,0.0
1783095551051225947,49.889659006,grappletong2_joint,0.0,0.0,0.0
1783095551061305200,49.899738259,slew_joint,1.7383464666666666,0.0,-41.0
1783095551061305200,49.899738259,boom_joint,0.51836235,0.10297433888888888,1000.0
1783095551061305200,49.899738259,stick_joint,-1.1396990388888888,-0.02094393333333333,47.0
1783095551061305200,49.899738259,telescope_joint,0.4913,0.003,-18.0
1783095551061305200,49.899738259,hanger_joint,1.1327177277777778,0.0,0.0
1783095551061305200,49.899738259,bearingfork_joint,-0.16231548333333332,-0.11344630555555554,0.0
1783095551061305200,49.899738259,grapplecarrier_joint,-0.14835286111111112,-0.054105161111111105,-21.0
1783095551061305200,49.899738259,grappletong1_joint,0.0,0.0,0.0
1783095551061305200,49.899738259,grappletong2_joint,0.0,0.0,0.0
1783095551071644425,49.910077484,slew_joint,1.7383464666666666,0.0,-41.0
1783095551071644425,49.910077484,boom_joint,0.51836235,0.10297433888888888,1000.0
1783095551071644425,49.910077484,stick_joint,-1.1396990388888888,-0.02094393333333333,47.0
1783095551071644425,49.910077484,telescope_joint,0.4913,0.003,-18.0
1783095551071644425,49.910077484,hanger_joint,1.1327177277777778,0.0,0.0
1783095551071644425,49.910077484,bearingfork_joint,-0.16231548333333332,-0.11344630555555554,0.0
1783095551071644425,49.910077484,grapplecarrier_joint,-0.14835286111111112,-0.054105161111111105,-21.0
1783095551071644425,49.910077484,grappletong1_joint,0.0,0.0,0.0
1783095551071644425,49.910077484,grappletong2_joint,0.0,0.0,0.0
1783095551081587639,49.920020698,slew_joint,1.7383464666666666,0.0,-41.0
1783095551081587639,49.920020698,boom_joint,0.5201076777777778,0.10995564999999999,1000.0
1783095551081587639,49.920020698,stick_joint,-1.1414443666666667,-0.024434588888888886,47.0
1783095551081587639,49.920020698,telescope_joint,0.4914,0.002,-19.0
1783095551081587639,49.920020698,hanger_joint,1.1292270722222222,0.05061450555555555,0.0
1783095551081587639,49.920020698,bearingfork_joint,-0.15882482777777776,-0.15358884444444443,0.0
1783095551081587639,49.920020698,grapplecarrier_joint,-0.15009818888888887,-0.05061450555555555,-23.0
1783095551081587639,49.920020698,grappletong1_joint,0.0,0.0,0.0
1783095551081587639,49.920020698,grappletong2_joint,0.0,0.0,0.0
1783095551091804045,49.930237104,slew_joint,1.7383464666666666,0.0,-41.0
1783095551091804045,49.930237104,boom_joint,0.5201076777777778,0.10995564999999999,1000.0
1783095551091804045,49.930237104,stick_joint,-1.1414443666666667,-0.024434588888888886,47.0
1783095551091804045,49.930237104,telescope_joint,0.4914,0.002,-19.0
1783095551091804045,49.930237104,hanger_joint,1.1292270722222222,0.05061450555555555,0.0
1783095551091804045,49.930237104,bearingfork_joint,-0.15882482777777776,-0.15358884444444443,0.0
1783095551091804045,49.930237104,grapplecarrier_joint,-0.15009818888888887,-0.05061450555555555,-23.0
1783095551091804045,49.930237104,grappletong1_joint,0.0,0.0,0.0
1783095551091804045,49.930237104,grappletong2_joint,0.0,0.0,0.0
1783095551101451822,49.939884881,slew_joint,1.7383464666666666,0.0,-41.0
1783095551101451822,49.939884881,boom_joint,0.5235983333333333,0.10471966666666666,1000.0
1783095551101451822,49.939884881,stick_joint,-1.1414443666666667,-0.024434588888888886,47.0
1783095551101451822,49.939884881,telescope_joint,0.4914,0.002,-19.0
1783095551101451822,49.939884881,hanger_joint,1.1257364166666666,0.1483528611111111,0.0
1783095551101451822,49.939884881,bearingfork_joint,-0.1553341722222222,-0.16231548333333332,0.0
1783095551101451822,49.939884881,grapplecarrier_joint,-0.15009818888888887,-0.04363319444444444,-24.0
1783095551101451822,49.939884881,grappletong1_joint,0.0,0.0,0.0
1783095551101451822,49.939884881,grappletong2_joint,0.0,0.0,0.0
1783095551111620950,49.950054009,slew_joint,1.7383464666666666,0.0,-41.0
1783095551111620950,49.950054009,boom_joint,0.5235983333333333,0.10471966666666666,1000.0
1783095551111620950,49.950054009,stick_joint,-1.1414443666666667,-0.024434588888888886,47.0
1783095551111620950,49.950054009,telescope_joint,0.4914,0.002,-19.0
1783095551111620950,49.950054009,hanger_joint,1.1257364166666666,0.1483528611111111,0.0
1783095551111620950,49.950054009,bearingfork_joint,-0.1553341722222222,-0.16231548333333332,0.0
1783095551111620950,49.950054009,grapplecarrier_joint,-0.15009818888888887,-0.04363319444444444,-24.0
1783095551111620950,49.950054009,grappletong1_joint,0.0,0.0,0.0
1783095551111620950,49.950054009,grappletong2_joint,0.0,0.0,0.0
1783095551121229767,49.959662826,slew_joint,1.7383464666666666,0.0,-41.0
1783095551121229767,49.959662826,boom_joint,0.5253436611111111,0.10297433888888888,1000.0
1783095551121229767,49.959662826,stick_joint,-1.1414443666666667,-0.02268926111111111,46.0
1783095551121229767,49.959662826,telescope_joint,0.4915,0.002,-19.0
1783095551121229767,49.959662826,hanger_joint,1.1205004333333333,0.2181659722222222,0.0
1783095551121229767,49.959662826,bearingfork_joint,-0.15358884444444443,-0.1326449111111111,0.0
1783095551121229767,49.959662826,grapplecarrier_joint,-0.15009818888888887,-0.04363319444444444,-25.0
1783095551121229767,49.959662826,grappletong1_joint,0.0,0.0,0.0
1783095551121229767,49.959662826,grappletong2_joint,0.0,0.0,0.0
1783095551131205888,49.969638947,slew_joint,1.7383464666666666,0.0,-41.0
1783095551131205888,49.969638947,boom_joint,0.5253436611111111,0.10297433888888888,1000.0
1783095551131205888,49.969638947,stick_joint,-1.1414443666666667,-0.02268926111111111,46.0
1783095551131205888,49.969638947,telescope_joint,0.4915,0.002,-19.0
1783095551131205888,49.969638947,hanger_joint,1.1205004333333333,0.2181659722222222,0.0
1783095551131205888,49.969638947,bearingfork_joint,-0.15358884444444443,-0.1326449111111111,0.0
1783095551131205888,49.969638947,grapplecarrier_joint,-0.15009818888888887,-0.04363319444444444,-25.0
1783095551131205888,49.969638947,grappletong1_joint,0.0,0.0,0.0
1783095551131205888,49.969638947,grappletong2_joint,0.0,0.0,0.0
1783095551141804452,49.980237511,slew_joint,1.7383464666666666,0.0,-41.0
1783095551141804452,49.980237511,boom_joint,0.5270889888888889,0.10297433888888888,1000.0
1783095551141804452,49.980237511,stick_joint,-1.1414443666666667,-0.017453277777777776,46.0
1783095551141804452,49.980237511,telescope_joint,0.4915,0.001,-20.0
1783095551141804452,49.980237511,hanger_joint,1.1170097777777777,0.2251472833333333,0.0
1783095551141804452,49.980237511,bearingfork_joint,-0.15358884444444443,-0.07330376666666666,0.0
1783095551141804452,49.980237511,grapplecarrier_joint,-0.15184351666666668,-0.03490655555555555,-26.0
1783095551141804452,49.980237511,grappletong1_joint,0.0,0.0,0.0
1783095551141804452,49.980237511,grappletong2_joint,0.0,0.0,0.0
1783095551152184892,49.990617951,slew_joint,1.7383464666666666,0.0,-41.0
1783095551152184892,49.990617951,boom_joint,0.5270889888888889,0.10297433888888888,1000.0
1783095551152184892,49.990617951,stick_joint,-1.1414443666666667,-0.017453277777777776,46.0
1783095551152184892,49.990617951,telescope_joint,0.4915,0.001,-20.0
1783095551152184892,49.990617951,hanger_joint,1.1170097777777777,0.2251472833333333,0.0
1783095551152184892,49.990617951,bearingfork_joint,-0.15358884444444443,-0.07330376666666666,0.0
1783095551152184892,49.990617951,grapplecarrier_joint,-0.15184351666666668,-0.03490655555555555,-26.0
1783095551152184892,49.990617951,grappletong1_joint,0.0,0.0,0.0
1783095551152184892,49.990617951,grappletong2_joint,0.0,0.0,0.0
1783095551161342970,49.999776029,slew_joint,1.7383464666666666,0.0,-41.0
1783095551161342970,49.999776029,boom_joint,0.5288343166666667,0.1012290111111111,1000.0
1783095551161342970,49.999776029,stick_joint,-1.1431896944444444,-0.01396262222222222,44.0
1783095551161342970,49.999776029,telescope_joint,0.4915,0.001,-20.0
1783095551161342970,49.999776029,hanger_joint,1.1100284666666667,0.24434588888888886,0.0
1783095551161342970,49.999776029,bearingfork_joint,-0.15358884444444443,-0.03665188333333333,0.0
1783095551161342970,49.999776029,grapplecarrier_joint,-0.15184351666666668,-0.033161227777777774,-26.0
1783095551161342970,49.999776029,grappletong1_joint,0.0,0.0,0.0
1783095551161342970,49.999776029,grappletong2_joint,0.0,0.0,0.0
1783095551171184311,50.00961737,slew_joint,1.7383464666666666,0.0,-41.0
1783095551171184311,50.00961737,boom_joint,0.5288343166666667,0.1012290111111111,1000.0
1783095551171184311,50.00961737,stick_joint,-1.1431896944444444,-0.01396262222222222,44.0
1783095551171184311,50.00961737,telescope_joint,0.4915,0.001,-20.0
1783095551171184311,50.00961737,hanger_joint,1.1100284666666667,0.24434588888888886,0.0
1783095551171184311,50.00961737,bearingfork_joint,-0.15358884444444443,-0.03665188333333333,0.0
1783095551171184311,50.00961737,grapplecarrier_joint,-0.15184351666666668,-0.033161227777777774,-26.0
1783095551171184311,50.00961737,grappletong1_joint,0.0,0.0,0.0
1783095551171184311,50.00961737,grappletong2_joint,0.0,0.0,0.0
1783095551181555574,50.019988633,slew_joint,1.7383464666666666,0.0,-41.0
1783095551181555574,50.019988633,boom_joint,0.5305796444444444,0.1012290111111111,1000.0
1783095551181555574,50.019988633,stick_joint,-1.1431896944444444,-0.012217294444444443,43.0
1783095551181555574,50.019988633,telescope_joint,0.4916,0.001,-20.0
1783095551181555574,50.019988633,hanger_joint,1.1047924833333331,0.27750711666666666,0.0
1783095551181555574,50.019988633,bearingfork_joint,-0.15184351666666665,-0.0314159,0.0
1783095551181555574,50.019988633,grapplecarrier_joint,-0.15184351666666668,-0.0314159,-27.0
1783095551181555574,50.019988633,grappletong1_joint,0.0,0.0,0.0
1783095551181555574,50.019988633,grappletong2_joint,0.0,0.0,0.0
1783095551191463787,50.029896846,slew_joint,1.7383464666666666,0.0,-41.0
1783095551191463787,50.029896846,boom_joint,0.5305796444444444,0.1012290111111111,1000.0
1783095551191463787,50.029896846,stick_joint,-1.1431896944444444,-0.012217294444444443,43.0
1783095551191463787,50.029896846,telescope_joint,0.4916,0.001,-20.0
1783095551191463787,50.029896846,hanger_joint,1.1047924833333331,0.27750711666666666,0.0
1783095551191463787,50.029896846,bearingfork_joint,-0.15184351666666665,-0.0314159,0.0
1783095551191463787,50.029896846,grapplecarrier_joint,-0.15184351666666668,-0.0314159,-27.0
1783095551191463787,50.029896846,grappletong1_joint,0.0,0.0,0.0
1783095551191463787,50.029896846,grappletong2_joint,0.0,0.0,0.0
1783095551202347196,50.040780255,slew_joint,1.7383464666666666,0.0,-41.0
1783095551202347196,50.040780255,boom_joint,0.5340703,0.10297433888888888,1000.0
1783095551202347196,50.040780255,stick_joint,-1.1431896944444444,-0.00698131111111111,43.0
1783095551202347196,50.040780255,telescope_joint,0.4916,0.001,-20.0
1783095551202347196,50.040780255,hanger_joint,1.0995564999999998,0.2862337555555555,0.0
1783095551202347196,50.040780255,bearingfork_joint,-0.15184351666666665,-0.03839721111111111,0.0
1783095551202347196,50.040780255,grapplecarrier_joint,-0.15358884444444443,-0.02792524444444444,-27.0
1783095551202347196,50.040780255,grappletong1_joint,0.0,0.0,0.0
1783095551202347196,50.040780255,grappletong2_joint,0.0,0.0,0.0
1783095551211530981,50.04996404,slew_joint,1.7383464666666666,0.0,-41.0
1783095551211530981,50.04996404,boom_joint,0.5340703,0.10297433888888888,1000.0
1783095551211530981,50.04996404,stick_joint,-1.1431896944444444,-0.00698131111111111,43.0
1783095551211530981,50.04996404,telescope_joint,0.4916,0.001,-20.0
1783095551211530981,50.04996404,hanger_joint,1.0995564999999998,0.2862337555555555,0.0
1783095551211530981,50.04996404,bearingfork_joint,-0.15184351666666665,-0.03839721111111111,0.0
1783095551211530981,50.04996404,grapplecarrier_joint,-0.15358884444444443,-0.02792524444444444,-27.0
1783095551211530981,50.04996404,grappletong1_joint,0.0,0.0,0.0
1783095551211530981,50.04996404,grappletong2_joint,0.0,0.0,0.0
1783095551221527937,50.059960996,slew_joint,1.7383464666666666,0.0,-41.0
1783095551221527937,50.059960996,boom_joint,0.5358156277777777,0.10995564999999999,1000.0
1783095551221527937,50.059960996,stick_joint,-1.1431896944444444,-0.01396262222222222,42.0
1783095551221527937,50.059960996,telescope_joint,0.4916,0.001,-19.0
1783095551221527937,50.059960996,hanger_joint,1.0925751888888888,0.29321506666666663,0.0
1783095551221527937,50.059960996,bearingfork_joint,-0.15009818888888887,-0.04537852222222222,0.0
1783095551221527937,50.059960996,grapplecarrier_joint,-0.15358884444444443,-0.0314159,-27.0
1783095551221527937,50.059960996,grappletong1_joint,0.0,0.0,0.0
1783095551221527937,50.059960996,grappletong2_joint,0.0,0.0,0.0
1783095551231566017,50.069999076,slew_joint,1.7383464666666666,0.0,-41.0
1783095551231566017,50.069999076,boom_joint,0.5358156277777777,0.10995564999999999,1000.0
1783095551231566017,50.069999076,stick_joint,-1.1431896944444444,-0.01396262222222222,42.0
1783095551231566017,50.069999076,telescope_joint,0.4916,0.001,-19.0
1783095551231566017,50.069999076,hanger_joint,1.0925751888888888,0.29321506666666663,0.0
1783095551231566017,50.069999076,bearingfork_joint,-0.15009818888888887,-0.04537852222222222,0.0
1783095551231566017,50.069999076,grapplecarrier_joint,-0.15358884444444443,-0.0314159,-27.0
1783095551231566017,50.069999076,grappletong1_joint,0.0,0.0,0.0
1783095551231566017,50.069999076,grappletong2_joint,0.0,0.0,0.0
1783095551241160761,50.07959382,slew_joint,1.7383464666666666,0.0,-41.0
1783095551241160761,50.07959382,boom_joint,0.5375609555555555,0.10821032222222221,1000.0
1783095551241160761,50.07959382,stick_joint,-1.1431896944444444,-0.008726638888888888,42.0
1783095551241160761,50.07959382,telescope_joint,0.4916,0.001,-19.0
1783095551241160761,50.07959382,hanger_joint,1.0873392055555555,0.3036870333333333,0.0
1783095551241160761,50.07959382,bearingfork_joint,-0.1483528611111111,-0.06457712777777777,0.0
1783095551241160761,50.07959382,grapplecarrier_joint,-0.15358884444444443,-0.02792524444444444,-27.0
1783095551241160761,50.07959382,grappletong1_joint,0.0,0.0,0.0
1783095551241160761,50.07959382,grappletong2_joint,0.0,0.0,0.0
1783095551251537892,50.089970951,slew_joint,1.7383464666666666,0.0,-41.0
1783095551251537892,50.089970951,boom_joint,0.5375609555555555,0.10821032222222221,1000.0
1783095551251537892,50.089970951,stick_joint,-1.1431896944444444,-0.008726638888888888,42.0
1783095551251537892,50.089970951,telescope_joint,0.4916,0.001,-19.0
1783095551251537892,50.089970951,hanger_joint,1.0873392055555555,0.3036870333333333,0.0
1783095551251537892,50.089970951,bearingfork_joint,-0.1483528611111111,-0.06457712777777777,0.0
1783095551251537892,50.089970951,grapplecarrier_joint,-0.15358884444444443,-0.02792524444444444,-27.0
1783095551251537892,50.089970951,grappletong1_joint,0.0,0.0,0.0
1783095551251537892,50.089970951,grappletong2_joint,0.0,0.0,0.0
1783095551261541844,50.099974903,slew_joint,1.7383464666666666,0.0,-41.0
1783095551261541844,50.099974903,boom_joint,0.5393062833333333,0.10821032222222221,1000.0
1783095551261541844,50.099974903,stick_joint,-1.1431896944444444,-0.01396262222222222,41.0
1783095551261541844,50.099974903,telescope_joint,0.4916,0.001,-19.0
1783095551261541844,50.099974903,hanger_joint,1.0803578944444443,0.31241367222222216,0.0
1783095551261541844,50.099974903,bearingfork_joint,-0.14660753333333332,-0.10471966666666666,0.0
1783095551261541844,50.099974903,grapplecarrier_joint,-0.15533417222222218,-0.026179916666666664,-27.0
1783095551261541844,50.099974903,grappletong1_joint,0.0,0.0,0.0
1783095551261541844,50.099974903,grappletong2_joint,0.0,0.0,0.0
1783095551291919620,50.130352679,slew_joint,1.7383464666666666,0.0,-41.0
1783095551291919620,50.130352679,boom_joint,0.5393062833333333,0.10821032222222221,1000.0
1783095551291919620,50.130352679,stick_joint,-1.1431896944444444,-0.01396262222222222,41.0
1783095551291919620,50.130352679,telescope_joint,0.4916,0.001,-19.0
1783095551291919620,50.130352679,hanger_joint,1.0803578944444443,0.31241367222222216,0.0
1783095551291919620,50.130352679,bearingfork_joint,-0.14660753333333332,-0.10471966666666666,0.0
1783095551291919620,50.130352679,grapplecarrier_joint,-0.15533417222222218,-0.026179916666666664,-27.0
1783095551291919620,50.130352679,grappletong1_joint,0.0,0.0,0.0
1783095551291919620,50.130352679,grappletong2_joint,0.0,0.0,0.0
1783095551291954956,50.130388015,slew_joint,1.7383464666666666,0.0,-41.0
1783095551291954956,50.130388015,boom_joint,0.5427969388888888,0.10995564999999999,1000.0
1783095551291954956,50.130388015,stick_joint,-1.1431896944444444,-0.01396262222222222,40.0
1783095551291954956,50.130388015,telescope_joint,0.4917,0.0,-18.0
1783095551291954956,50.130388015,hanger_joint,1.075121911111111,0.31415899999999997,0.0
1783095551291954956,50.130388015,bearingfork_joint,-0.14486220555555554,-0.1169369611111111,0.0
1783095551291954956,50.130388015,grapplecarrier_joint,-0.15533417222222218,-0.024434588888888886,-27.0
1783095551291954956,50.130388015,grappletong1_joint,0.0,0.0,0.0
1783095551291954956,50.130388015,grappletong2_joint,0.0,0.0,0.0
1783095551291969600,50.130402659,slew_joint,1.7383464666666666,0.0,-41.0
1783095551291969600,50.130402659,boom_joint,0.5427969388888888,0.10995564999999999,1000.0
1783095551291969600,50.130402659,stick_joint,-1.1431896944444444,-0.01396262222222222,40.0
1783095551291969600,50.130402659,telescope_joint,0.4917,0.0,-18.0
1783095551291969600,50.130402659,hanger_joint,1.075121911111111,0.31415899999999997,0.0
1783095551291969600,50.130402659,bearingfork_joint,-0.14486220555555554,-0.1169369611111111,0.0
1783095551291969600,50.130402659,grapplecarrier_joint,-0.15533417222222218,-0.024434588888888886,-27.0
1783095551291969600,50.130402659,grappletong1_joint,0.0,0.0,0.0
1783095551291969600,50.130402659,grappletong2_joint,0.0,0.0,0.0
1783095551301620172,50.140053231,slew_joint,1.7383464666666666,0.0,-41.0
1783095551301620172,50.140053231,boom_joint,0.5445422666666666,0.10821032222222221,1000.0
1783095551301620172,50.140053231,stick_joint,-1.1431896944444444,-0.012217294444444443,40.0
1783095551301620172,50.140053231,telescope_joint,0.4917,0.0,-18.0
1783095551301620172,50.140053231,hanger_joint,1.0681405999999998,0.31415899999999997,0.0
1783095551301620172,50.140053231,bearingfork_joint,-0.14137154999999998,-0.1012290111111111,0.0
1783095551301620172,50.140053231,grapplecarrier_joint,-0.15533417222222218,-0.02094393333333333,-27.0
1783095551301620172,50.140053231,grappletong1_joint,0.0,0.0,0.0
1783095551301620172,50.140053231,grappletong2_joint,0.0,0.0,0.0
1783095551311395581,50.14982864,slew_joint,1.7383464666666666,0.0,-41.0
1783095551311395581,50.14982864,boom_joint,0.5445422666666666,0.10821032222222221,1000.0
1783095551311395581,50.14982864,stick_joint,-1.1431896944444444,-0.012217294444444443,40.0
1783095551311395581,50.14982864,telescope_joint,0.4917,0.0,-18.0
1783095551311395581,50.14982864,hanger_joint,1.0681405999999998,0.31415899999999997,0.0
1783095551311395581,50.14982864,bearingfork_joint,-0.14137154999999998,-0.1012290111111111,0.0
1783095551311395581,50.14982864,grapplecarrier_joint,-0.15533417222222218,-0.02094393333333333,-27.0
1783095551311395581,50.14982864,grappletong1_joint,0.0,0.0,0.0
1783095551311395581,50.14982864,grappletong2_joint,0.0,0.0,0.0
1783095551321592207,50.160025266,slew_joint,1.7383464666666666,0.0,-41.0
1783095551321592207,50.160025266,boom_joint,0.5462875944444444,0.11170097777777777,1000.0
1783095551321592207,50.160025266,stick_joint,-1.1431896944444444,-0.01396262222222222,41.0
1783095551321592207,50.160025266,telescope_joint,0.4917,0.0,-17.0
1783095551321592207,50.160025266,hanger_joint,1.0611592888888888,0.3176496555555555,0.0
1783095551321592207,50.160025266,bearingfork_joint,-0.14137154999999998,-0.08901171666666666,0.0
1783095551321592207,50.160025266,grapplecarrier_joint,-0.15533417222222218,-0.019198605555555553,-27.0
1783095551321592207,50.160025266,grappletong1_joint,0.0,0.0,0.0
1783095551321592207,50.160025266,grappletong2_joint,0.0,0.0,0.0
1783095551331362056,50.169795115,slew_joint,1.7383464666666666,0.0,-41.0
1783095551331362056,50.169795115,boom_joint,0.5462875944444444,0.11170097777777777,1000.0
1783095551331362056,50.169795115,stick_joint,-1.1431896944444444,-0.01396262222222222,41.0
1783095551331362056,50.169795115,telescope_joint,0.4917,0.0,-17.0
1783095551331362056,50.169795115,hanger_joint,1.0611592888888888,0.3176496555555555,0.0
1783095551331362056,50.169795115,bearingfork_joint,-0.14137154999999998,-0.08901171666666666,0.0
1783095551331362056,50.169795115,grapplecarrier_joint,-0.15533417222222218,-0.019198605555555553,-27.0
1783095551331362056,50.169795115,grappletong1_joint,0.0,0.0,0.0
1783095551331362056,50.169795115,grappletong2_joint,0.0,0.0,0.0
1783095551341477113,50.179910172,slew_joint,1.7383464666666666,0.0,-41.0
1783095551341477113,50.179910172,boom_joint,0.54977825,0.11170097777777777,1000.0
1783095551341477113,50.179910172,stick_joint,-1.1449350222222223,-0.012217294444444443,41.0
1783095551341477113,50.179910172,telescope_joint,0.4917,0.0,-17.0
1783095551341477113,50.179910172,hanger_joint,1.0559233055555555,0.31590432777777777,0.0
1783095551341477113,50.179910172,bearingfork_joint,-0.1396262222222222,-0.07504909444444444,0.0
1783095551341477113,50.179910172,grapplecarrier_joint,-0.15533417222222218,-0.017453277777777776,-28.0
1783095551341477113,50.179910172,grappletong1_joint,0.0,0.0,0.0
1783095551341477113,50.179910172,grappletong2_joint,0.0,0.0,0.0
1783095551351665862,50.190098921,slew_joint,1.7383464666666666,0.0,-41.0
1783095551351665862,50.190098921,boom_joint,0.54977825,0.11170097777777777,1000.0
1783095551351665862,50.190098921,stick_joint,-1.1449350222222223,-0.012217294444444443,41.0
1783095551351665862,50.190098921,telescope_joint,0.4917,0.0,-17.0
1783095551351665862,50.190098921,hanger_joint,1.0559233055555555,0.31590432777777777,0.0
1783095551351665862,50.190098921,bearingfork_joint,-0.1396262222222222,-0.07504909444444444,0.0
1783095551351665862,50.190098921,grapplecarrier_joint,-0.15533417222222218,-0.017453277777777776,-28.0
1783095551351665862,50.190098921,grappletong1_joint,0.0,0.0,0.0
1783095551351665862,50.190098921,grappletong2_joint,0.0,0.0,0.0
1783095551361479464,50.199912523,slew_joint,1.7383464666666666,0.0,-41.0
1783095551361479464,50.199912523,boom_joint,0.5515235777777777,0.11344630555555554,1000.0
1783095551361479464,50.199912523,stick_joint,-1.1449350222222223,-0.01396262222222222,42.0
1783095551361479464,50.199912523,telescope_joint,0.4917,0.0,-16.0
1783095551361479464,50.199912523,hanger_joint,1.0489419944444445,0.31590432777777777,0.0
1783095551361479464,50.199912523,bearingfork_joint,-0.13788089444444443,-0.05934114444444444,0.0
1783095551361479464,50.199912523,grapplecarrier_joint,-0.15707949999999998,-0.01396262222222222,-28.0
1783095551361479464,50.199912523,grappletong1_joint,0.0,0.0,0.0
1783095551361479464,50.199912523,grappletong2_joint,0.0,0.0,0.0
1783095551371578012,50.210011071,slew_joint,1.7383464666666666,0.0,-41.0
1783095551371578012,50.210011071,boom_joint,0.5515235777777777,0.11344630555555554,1000.0
1783095551371578012,50.210011071,stick_joint,-1.1449350222222223,-0.01396262222222222,42.0
1783095551371578012,50.210011071,telescope_joint,0.4917,0.0,-16.0
1783095551371578012,50.210011071,hanger_joint,1.0489419944444445,0.31590432777777777,0.0
1783095551371578012,50.210011071,bearingfork_joint,-0.13788089444444443,-0.05934114444444444,0.0
1783095551371578012,50.210011071,grapplecarrier_joint,-0.15707949999999998,-0.01396262222222222,-28.0
1783095551371578012,50.210011071,grappletong1_joint,0.0,0.0,0.0
1783095551371578012,50.210011071,grappletong2_joint,0.0,0.0,0.0
1783095551381260988,50.219694047,slew_joint,1.7383464666666666,0.0,-41.0
1783095551381260988,50.219694047,boom_joint,0.5532689055555555,0.11344630555555554,1000.0
1783095551381260988,50.219694047,stick_joint,-1.1449350222222223,-0.01396262222222222,42.0
1783095551381260988,50.219694047,telescope_joint,0.4917,0.0,-16.0
1783095551381260988,50.219694047,hanger_joint,1.0419606833333332,0.3176496555555555,0.0
1783095551381260988,50.219694047,bearingfork_joint,-0.13788089444444443,-0.04537852222222222,0.0
1783095551381260988,50.219694047,grapplecarrier_joint,-0.15707949999999998,-0.008726638888888888,-28.0
1783095551381260988,50.219694047,grappletong1_joint,0.0,0.0,0.0
1783095551381260988,50.219694047,grappletong2_joint,0.0,0.0,0.0
1783095551391431387,50.229864446,slew_joint,1.7383464666666666,0.0,-41.0
1783095551391431387,50.229864446,boom_joint,0.5532689055555555,0.11344630555555554,1000.0
1783095551391431387,50.229864446,stick_joint,-1.1449350222222223,-0.01396262222222222,42.0
1783095551391431387,50.229864446,telescope_joint,0.4917,0.0,-16.0
1783095551391431387,50.229864446,hanger_joint,1.0419606833333332,0.3176496555555555,0.0
1783095551391431387,50.229864446,bearingfork_joint,-0.13788089444444443,-0.04537852222222222,0.0
1783095551391431387,50.229864446,grapplecarrier_joint,-0.15707949999999998,-0.008726638888888888,-28.0
1783095551391431387,50.229864446,grappletong1_joint,0.0,0.0,0.0
1783095551391431387,50.229864446,grappletong2_joint,0.0,0.0,0.0
1783095551402169410,50.240602469,slew_joint,1.7383464666666666,0.0,-41.0
1783095551402169410,50.240602469,boom_joint,0.5550142333333333,0.11519163333333332,1000.0
1783095551402169410,50.240602469,stick_joint,-1.1449350222222223,-0.01570795,41.0
1783095551402169410,50.240602469,telescope_joint,0.4917,0.0,-15.0
1783095551402169410,50.240602469,hanger_joint,1.0367247,0.3193949833333333,0.0
1783095551402169410,50.240602469,bearingfork_joint,-0.13613556666666665,-0.03665188333333333,0.0
1783095551402169410,50.240602469,grapplecarrier_joint,-0.15707949999999998,-0.005235983333333333,-28.0
1783095551402169410,50.240602469,grappletong1_joint,0.0,0.0,0.0
1783095551402169410,50.240602469,grappletong2_joint,0.0,0.0,0.0
1783095551412103938,50.250536997,slew_joint,1.7383464666666666,0.0,-41.0
1783095551412103938,50.250536997,boom_joint,0.5550142333333333,0.11519163333333332,1000.0
1783095551412103938,50.250536997,stick_joint,-1.1449350222222223,-0.01570795,41.0
1783095551412103938,50.250536997,telescope_joint,0.4917,0.0,-15.0
1783095551412103938,50.250536997,hanger_joint,1.0367247,0.3193949833333333,0.0
1783095551412103938,50.250536997,bearingfork_joint,-0.13613556666666665,-0.03665188333333333,0.0
1783095551412103938,50.250536997,grapplecarrier_joint,-0.15707949999999998,-0.005235983333333333,-28.0
1783095551412103938,50.250536997,grappletong1_joint,0.0,0.0,0.0
1783095551412103938,50.250536997,grappletong2_joint,0.0,0.0,0.0
1783095551421723927,50.260156986,slew_joint,1.7383464666666666,0.0,-41.0
1783095551421723927,50.260156986,boom_joint,0.5585048888888888,0.11344630555555554,1000.0
1783095551421723927,50.260156986,stick_joint,-1.1449350222222223,-0.01396262222222222,42.0
1783095551421723927,50.260156986,telescope_joint,0.4917,0.0,-15.0
1783095551421723927,50.260156986,hanger_joint,1.0297433888888887,0.31590432777777777,0.0
1783095551421723927,50.260156986,bearingfork_joint,-0.13613556666666665,-0.024434588888888886,0.0
1783095551421723927,50.260156986,grapplecarrier_joint,-0.15707949999999998,-0.003490655555555555,-28.0
1783095551421723927,50.260156986,grappletong1_joint,0.0,0.0,0.0
1783095551421723927,50.260156986,grappletong2_joint,0.0,0.0,0.0
1783095551431843895,50.270276954,slew_joint,1.7383464666666666,0.0,-41.0
1783095551431843895,50.270276954,boom_joint,0.5585048888888888,0.11344630555555554,1000.0
1783095551431843895,50.270276954,stick_joint,-1.1449350222222223,-0.01396262222222222,42.0
1783095551431843895,50.270276954,telescope_joint,0.4917,0.0,-15.0
1783095551431843895,50.270276954,hanger_joint,1.0297433888888887,0.31590432777777777,0.0
1783095551431843895,50.270276954,bearingfork_joint,-0.13613556666666665,-0.024434588888888886,0.0
1783095551431843895,50.270276954,grapplecarrier_joint,-0.15707949999999998,-0.003490655555555555,-28.0
1783095551431843895,50.270276954,grappletong1_joint,0.0,0.0,0.0
1783095551431843895,50.270276954,grappletong2_joint,0.0,0.0,0.0
1783095551441657687,50.280090746,slew_joint,1.7383464666666666,0.0,-41.0
1783095551441657687,50.280090746,boom_joint,0.5602502166666666,0.11344630555555554,1000.0
1783095551441657687,50.280090746,stick_joint,-1.14668035,-0.01570795,42.0
1783095551441657687,50.280090746,telescope_joint,0.4918,0.0,-14.0
1783095551441657687,50.280090746,hanger_joint,1.0227620777777777,0.32463096666666663,0.0
1783095551441657687,50.280090746,bearingfork_joint,-0.13613556666666665,-0.019198605555555553,0.0
1783095551441657687,50.280090746,grapplecarrier_joint,-0.15707949999999998,-0.0017453277777777776,-27.0
1783095551441657687,50.280090746,grappletong1_joint,0.0,0.0,0.0
1783095551441657687,50.280090746,grappletong2_joint,0.0,0.0,0.0
1783095551451718695,50.290151754,slew_joint,1.7383464666666666,0.0,-41.0
1783095551451718695,50.290151754,boom_joint,0.5602502166666666,0.11344630555555554,1000.0
1783095551451718695,50.290151754,stick_joint,-1.14668035,-0.01570795,42.0
1783095551451718695,50.290151754,telescope_joint,0.4918,0.0,-14.0
1783095551451718695,50.290151754,hanger_joint,1.0227620777777777,0.32463096666666663,0.0
1783095551451718695,50.290151754,bearingfork_joint,-0.13613556666666665,-0.019198605555555553,0.0
1783095551451718695,50.290151754,grapplecarrier_joint,-0.15707949999999998,-0.0017453277777777776,-27.0
1783095551451718695,50.290151754,grappletong1_joint,0.0,0.0,0.0
1783095551451718695,50.290151754,grappletong2_joint,0.0,0.0,0.0
1783095551461668279,50.300101338,slew_joint,1.7383464666666666,0.0,-41.0
1783095551461668279,50.300101338,boom_joint,0.5619955444444444,0.11519163333333332,1000.0
1783095551461668279,50.300101338,stick_joint,-1.14668035,-0.012217294444444443,43.0
1783095551461668279,50.300101338,telescope_joint,0.4918,0.0,-13.0
1783095551461668279,50.300101338,hanger_joint,1.0175260944444444,0.3193949833333333,0.0
1783095551461668279,50.300101338,bearingfork_joint,-0.13613556666666665,-0.017453277777777776,0.0
1783095551461668279,50.300101338,grapplecarrier_joint,-0.15707949999999998,0.0,-27.0
1783095551461668279,50.300101338,grappletong1_joint,0.0,0.0,0.0
1783095551461668279,50.300101338,grappletong2_joint,0.0,0.0,0.0
1783095551471610131,50.31004319,slew_joint,1.7383464666666666,0.0,-41.0
1783095551471610131,50.31004319,boom_joint,0.5619955444444444,0.11519163333333332,1000.0
1783095551471610131,50.31004319,stick_joint,-1.14668035,-0.012217294444444443,43.0
1783095551471610131,50.31004319,telescope_joint,0.4918,0.0,-13.0
1783095551471610131,50.31004319,hanger_joint,1.0175260944444444,0.3193949833333333,0.0
1783095551471610131,50.31004319,bearingfork_joint,-0.13613556666666665,-0.017453277777777776,0.0
1783095551471610131,50.31004319,grapplecarrier_joint,-0.15707949999999998,0.0,-27.0
1783095551471610131,50.31004319,grappletong1_joint,0.0,0.0,0.0
1783095551471610131,50.31004319,grappletong2_joint,0.0,0.0,0.0
1783095551481480485,50.319913544,slew_joint,1.7383464666666666,0.0,-41.0
1783095551481480485,50.319913544,boom_joint,0.5654862,0.11519163333333332,1000.0
1783095551481480485,50.319913544,stick_joint,-1.14668035,-0.01396262222222222,43.0
1783095551481480485,50.319913544,telescope_joint,0.4918,0.0,-13.0
1783095551481480485,50.319913544,hanger_joint,1.0105447833333332,0.31241367222222216,0.0
1783095551481480485,50.319913544,bearingfork_joint,-0.13613556666666665,-0.008726638888888888,0.0
1783095551481480485,50.319913544,grapplecarrier_joint,-0.15707949999999998,0.0,-27.0
1783095551481480485,50.319913544,grappletong1_joint,0.0,0.0,0.0
1783095551481480485,50.319913544,grappletong2_joint,0.0,0.0,0.0
1783095551491666774,50.330099833,slew_joint,1.7383464666666666,0.0,-41.0
1783095551491666774,50.330099833,boom_joint,0.5654862,0.11519163333333332,1000.0
1783095551491666774,50.330099833,stick_joint,-1.14668035,-0.01396262222222222,43.0
1783095551491666774,50.330099833,telescope_joint,0.4918,0.0,-13.0
1783095551491666774,50.330099833,hanger_joint,1.0105447833333332,0.31241367222222216,0.0
1783095551491666774,50.330099833,bearingfork_joint,-0.13613556666666665,-0.008726638888888888,0.0
1783095551491666774,50.330099833,grapplecarrier_joint,-0.15707949999999998,0.0,-27.0
1783095551491666774,50.330099833,grappletong1_joint,0.0,0.0,0.0
1783095551491666774,50.330099833,grappletong2_joint,0.0,0.0,0.0
1783095551502243768,50.340676827,slew_joint,1.7383464666666666,0.0,-41.0
1783095551502243768,50.340676827,boom_joint,0.5672315277777777,0.11868228888888888,1000.0
1783095551502243768,50.340676827,stick_joint,-1.14668035,-0.01570795,42.0
1783095551502243768,50.340676827,telescope_joint,0.4918,0.0,-12.0
1783095551502243768,50.340676827,hanger_joint,1.0035634722222222,0.3228856388888889,0.0
1783095551502243768,50.340676827,bearingfork_joint,-0.13613556666666665,-0.005235983333333333,0.0
1783095551502243768,50.340676827,grapplecarrier_joint,-0.15707949999999998,0.0,-27.0
1783095551502243768,50.340676827,grappletong1_joint,0.0,0.0,0.0
1783095551502243768,50.340676827,grappletong2_joint,0.0,0.0,0.0
1783095551511665086,50.350098145,slew_joint,1.7383464666666666,0.0,-41.0
1783095551511665086,50.350098145,boom_joint,0.5672315277777777,0.11868228888888888,1000.0
1783095551511665086,50.350098145,stick_joint,-1.14668035,-0.01570795,42.0
1783095551511665086,50.350098145,telescope_joint,0.4918,0.0,-12.0
1783095551511665086,50.350098145,hanger_joint,1.0035634722222222,0.3228856388888889,0.0
1783095551511665086,50.350098145,bearingfork_joint,-0.13613556666666665,-0.005235983333333333,0.0
1783095551511665086,50.350098145,grapplecarrier_joint,-0.15707949999999998,0.0,-27.0
1783095551511665086,50.350098145,grappletong1_joint,0.0,0.0,0.0
1783095551511665086,50.350098145,grappletong2_joint,0.0,0.0,0.0
1783095551521603551,50.36003661,slew_joint,1.7383464666666666,0.0,-41.0
1783095551521603551,50.36003661,boom_joint,0.5689768555555555,0.11868228888888888,1000.0
1783095551521603551,50.36003661,stick_joint,-1.14668035,-0.01396262222222222,40.0
1783095551521603551,50.36003661,telescope_joint,0.4918,0.0,-11.0
1783095551521603551,50.36003661,hanger_joint,0.9983274888888887,0.3193949833333333,0.0
1783095551521603551,50.36003661,bearingfork_joint,-0.13613556666666665,-0.0017453277777777776,0.0
1783095551521603551,50.36003661,grapplecarrier_joint,-0.15707949999999998,0.0,-27.0
1783095551521603551,50.36003661,grappletong1_joint,0.0,0.0,0.0
1783095551521603551,50.36003661,grappletong2_joint,0.0,0.0,0.0
1783095551531455099,50.369888158,slew_joint,1.7383464666666666,0.0,-41.0
1783095551531455099,50.369888158,boom_joint,0.5689768555555555,0.11868228888888888,1000.0
1783095551531455099,50.369888158,stick_joint,-1.14668035,-0.01396262222222222,40.0
1783095551531455099,50.369888158,telescope_joint,0.4918,0.0,-11.0
1783095551531455099,50.369888158,hanger_joint,0.9983274888888887,0.3193949833333333,0.0
1783095551531455099,50.369888158,bearingfork_joint,-0.13613556666666665,-0.0017453277777777776,0.0
1783095551531455099,50.369888158,grapplecarrier_joint,-0.15707949999999998,0.0,-27.0
1783095551531455099,50.369888158,grappletong1_joint,0.0,0.0,0.0
1783095551531455099,50.369888158,grappletong2_joint,0.0,0.0,0.0
1783095551541289830,50.379722889,slew_joint,1.7383464666666666,0.0,-41.0
1783095551541289830,50.379722889,boom_joint,0.572467511111111,0.1169369611111111,1000.0
1783095551541289830,50.379722889,stick_joint,-1.14668035,-0.008726638888888888,41.0
1783095551541289830,50.379722889,telescope_joint,0.4918,0.0,-11.0
1783095551541289830,50.379722889,hanger_joint,0.9913461777777777,0.3263762944444444,0.0
1783095551541289830,50.379722889,bearingfork_joint,-0.13613556666666665,0.0,0.0
1783095551541289830,50.379722889,grapplecarrier_joint,-0.15707949999999998,0.0,-26.0
1783095551541289830,50.379722889,grappletong1_joint,0.0,0.0,0.0
1783095551541289830,50.379722889,grappletong2_joint,0.0,0.0,0.0
1783095551551213564,50.389646623,slew_joint,1.7383464666666666,0.0,-41.0
1783095551551213564,50.389646623,boom_joint,0.572467511111111,0.1169369611111111,1000.0
1783095551551213564,50.389646623,stick_joint,-1.14668035,-0.008726638888888888,41.0
1783095551551213564,50.389646623,telescope_joint,0.4918,0.0,-11.0
1783095551551213564,50.389646623,hanger_joint,0.9913461777777777,0.3263762944444444,0.0
1783095551551213564,50.389646623,bearingfork_joint,-0.13613556666666665,0.0,0.0
1783095551551213564,50.389646623,grapplecarrier_joint,-0.15707949999999998,0.0,-26.0
1783095551551213564,50.389646623,grappletong1_joint,0.0,0.0,0.0
1783095551551213564,50.389646623,grappletong2_joint,0.0,0.0,0.0
1783095551561514099,50.399947158,slew_joint,1.7383464666666666,0.0,-41.0
1783095551561514099,50.399947158,boom_joint,0.5742128388888889,0.1169369611111111,995.0
1783095551561514099,50.399947158,stick_joint,-1.14668035,-0.012217294444444443,41.0
1783095551561514099,50.399947158,telescope_joint,0.4918,0.0,-10.0
1783095551561514099,50.399947158,hanger_joint,0.9843648666666667,0.3176496555555555,0.0
1783095551561514099,50.399947158,bearingfork_joint,-0.13613556666666665,0.0,0.0
1783095551561514099,50.399947158,grapplecarrier_joint,-0.15707949999999998,0.0,-26.0
1783095551561514099,50.399947158,grappletong1_joint,0.0,0.0,0.0
1783095551561514099,50.399947158,grappletong2_joint,0.0,0.0,0.0
1783095551571652017,50.410085076,slew_joint,1.7383464666666666,0.0,-41.0
1783095551571652017,50.410085076,boom_joint,0.5742128388888889,0.1169369611111111,995.0
1783095551571652017,50.410085076,stick_joint,-1.14668035,-0.012217294444444443,41.0
1783095551571652017,50.410085076,telescope_joint,0.4918,0.0,-10.0
1783095551571652017,50.410085076,hanger_joint,0.9843648666666667,0.3176496555555555,0.0
1783095551571652017,50.410085076,bearingfork_joint,-0.13613556666666665,0.0,0.0
1783095551571652017,50.410085076,grapplecarrier_joint,-0.15707949999999998,0.0,-26.0
1783095551571652017,50.410085076,grappletong1_joint,0.0,0.0,0.0
1783095551571652017,50.410085076,grappletong2_joint,0.0,0.0,0.0
1783095551581470378,50.419903437,slew_joint,1.7383464666666666,0.0,-41.0
1783095551581470378,50.419903437,boom_joint,0.5777034944444444,0.1169369611111111,989.0
1783095551581470378,50.419903437,stick_joint,-1.14668035,-0.012217294444444443,42.0
1783095551581470378,50.419903437,telescope_joint,0.4918,0.0,-9.0
1783095551581470378,50.419903437,hanger_joint,0.9791288833333334,0.30019637777777775,0.0
1783095551581470378,50.419903437,bearingfork_joint,-0.13613556666666665,0.0,0.0
1783095551581470378,50.419903437,grapplecarrier_joint,-0.15707949999999998,0.0,-26.0
1783095551581470378,50.419903437,grappletong1_joint,0.0,0.0,0.0
1783095551581470378,50.419903437,grappletong2_joint,0.0,0.0,0.0
1783095551591359660,50.429792719,slew_joint,1.7383464666666666,0.0,-41.0
1783095551591359660,50.429792719,boom_joint,0.5777034944444444,0.1169369611111111,989.0
1783095551591359660,50.429792719,stick_joint,-1.14668035,-0.012217294444444443,42.0
1783095551591359660,50.429792719,telescope_joint,0.4918,0.0,-9.0
1783095551591359660,50.429792719,hanger_joint,0.9791288833333334,0.30019637777777775,0.0
1783095551591359660,50.429792719,bearingfork_joint,-0.13613556666666665,0.0,0.0
1783095551591359660,50.429792719,grapplecarrier_joint,-0.15707949999999998,0.0,-26.0
1783095551591359660,50.429792719,grappletong1_joint,0.0,0.0,0.0
1783095551591359660,50.429792719,grappletong2_joint,0.0,0.0,0.0
1783095551601279273,50.439712332,slew_joint,1.7383464666666666,0.0,-41.0
1783095551601279273,50.439712332,boom_joint,0.5794488222222222,0.12217294444444443,982.0
1783095551601279273,50.439712332,stick_joint,-1.14668035,-0.00698131111111111,42.0
1783095551601279273,50.439712332,telescope_joint,0.4918,0.0,-8.0
1783095551601279273,50.439712332,hanger_joint,0.9738928999999998,0.29321506666666663,0.0
1783095551601279273,50.439712332,bearingfork_joint,-0.13613556666666665,0.0,0.0
1783095551601279273,50.439712332,grapplecarrier_joint,-0.15707949999999998,0.0,-26.0
1783095551601279273,50.439712332,grappletong1_joint,0.0,0.0,0.0
1783095551601279273,50.439712332,grappletong2_joint,0.0,0.0,0.0
1783095551611234887,50.449667946,slew_joint,1.7383464666666666,0.0,-41.0
1783095551611234887,50.449667946,boom_joint,0.5794488222222222,0.12217294444444443,982.0
1783095551611234887,50.449667946,stick_joint,-1.14668035,-0.00698131111111111,42.0
1783095551611234887,50.449667946,telescope_joint,0.4918,0.0,-8.0
1783095551611234887,50.449667946,hanger_joint,0.9738928999999998,0.29321506666666663,0.0
1783095551611234887,50.449667946,bearingfork_joint,-0.13613556666666665,0.0,0.0
1783095551611234887,50.449667946,grapplecarrier_joint,-0.15707949999999998,0.0,-26.0
1783095551611234887,50.449667946,grappletong1_joint,0.0,0.0,0.0
1783095551611234887,50.449667946,grappletong2_joint,0.0,0.0,0.0
1783095551621381756,50.459814815,slew_joint,1.7383464666666666,0.0,-41.0
1783095551621381756,50.459814815,boom_joint,0.58119415,0.1169369611111111,973.0
1783095551621381756,50.459814815,stick_joint,-1.14668035,-0.005235983333333333,42.0
1783095551621381756,50.459814815,telescope_joint,0.4918,0.0,-8.0
1783095551621381756,50.459814815,hanger_joint,0.9686569166666665,0.2792524444444444,0.0
1783095551621381756,50.459814815,bearingfork_joint,-0.13613556666666665,0.0,0.0
1783095551621381756,50.459814815,grapplecarrier_joint,-0.15707949999999998,0.0,-26.0
1783095551621381756,50.459814815,grappletong1_joint,0.0,0.0,0.0
1783095551621381756,50.459814815,grappletong2_joint,0.0,0.0,0.0
1783095551631821508,50.470254567,slew_joint,1.7383464666666666,0.0,-41.0
1783095551631821508,50.470254567,boom_joint,0.58119415,0.1169369611111111,973.0
1783095551631821508,50.470254567,stick_joint,-1.14668035,-0.005235983333333333,42.0
1783095551631821508,50.470254567,telescope_joint,0.4918,0.0,-8.0
1783095551631821508,50.470254567,hanger_joint,0.9686569166666665,0.2792524444444444,0.0
1783095551631821508,50.470254567,bearingfork_joint,-0.13613556666666665,0.0,0.0
1783095551631821508,50.470254567,grapplecarrier_joint,-0.15707949999999998,0.0,-26.0
1783095551631821508,50.470254567,grappletong1_joint,0.0,0.0,0.0
1783095551631821508,50.470254567,grappletong2_joint,0.0,0.0,0.0
1783095551641862774,50.480295833,slew_joint,1.7383464666666666,0.0,-41.0
1783095551641862774,50.480295833,boom_joint,0.5846848055555555,0.11868228888888888,963.0
1783095551641862774,50.480295833,stick_joint,-1.1484256777777777,-0.00698131111111111,42.0
1783095551641862774,50.480295833,telescope_joint,0.4918,0.0,-7.0
1783095551641862774,50.480295833,hanger_joint,0.9616756055555555,0.2722711333333333,0.0
1783095551641862774,50.480295833,bearingfork_joint,-0.13613556666666665,0.0,0.0
1783095551641862774,50.480295833,grapplecarrier_joint,-0.15707949999999998,0.0,-26.0
1783095551641862774,50.480295833,grappletong1_joint,0.0,0.0,0.0
1783095551641862774,50.480295833,grappletong2_joint,0.0,0.0,0.0
1783095551651654155,50.490087214,slew_joint,1.7383464666666666,0.0,-41.0
1783095551651654155,50.490087214,boom_joint,0.5846848055555555,0.11868228888888888,963.0
1783095551651654155,50.490087214,stick_joint,-1.1484256777777777,-0.00698131111111111,42.0
1783095551651654155,50.490087214,telescope_joint,0.4918,0.0,-7.0
1783095551651654155,50.490087214,hanger_joint,0.9616756055555555,0.2722711333333333,0.0
1783095551651654155,50.490087214,bearingfork_joint,-0.13613556666666665,0.0,0.0
1783095551651654155,50.490087214,grapplecarrier_joint,-0.15707949999999998,0.0,-26.0
1783095551651654155,50.490087214,grappletong1_joint,0.0,0.0,0.0
1783095551651654155,50.490087214,grappletong2_joint,0.0,0.0,0.0
1783095551661535709,50.499968768,slew_joint,1.7383464666666666,0.0,-41.0
1783095551661535709,50.499968768,boom_joint,0.5864301333333333,0.1169369611111111,951.0
1783095551661535709,50.499968768,stick_joint,-1.1484256777777777,-0.008726638888888888,42.0
1783095551661535709,50.499968768,telescope_joint,0.4918,0.0,-6.0
1783095551661535709,50.499968768,hanger_joint,0.956439622222222,0.2635444944444444,0.0
1783095551661535709,50.499968768,bearingfork_joint,-0.13613556666666665,0.0,0.0
1783095551661535709,50.499968768,grapplecarrier_joint,-0.15707949999999998,0.0017453277777777776,-26.0
1783095551661535709,50.499968768,grappletong1_joint,0.0,0.0,0.0
1783095551661535709,50.499968768,grappletong2_joint,0.0,0.0,0.0
1783095551671488300,50.509921359,slew_joint,1.7383464666666666,0.0,-41.0
1783095551671488300,50.509921359,boom_joint,0.5864301333333333,0.1169369611111111,951.0
1783095551671488300,50.509921359,stick_joint,-1.1484256777777777,-0.008726638888888888,42.0
1783095551671488300,50.509921359,telescope_joint,0.4918,0.0,-6.0
1783095551671488300,50.509921359,hanger_joint,0.956439622222222,0.2635444944444444,0.0
1783095551671488300,50.509921359,bearingfork_joint,-0.13613556666666665,0.0,0.0
1783095551671488300,50.509921359,grapplecarrier_joint,-0.15707949999999998,0.0017453277777777776,-26.0
1783095551671488300,50.509921359,grappletong1_joint,0.0,0.0,0.0
1783095551671488300,50.509921359,grappletong2_joint,0.0,0.0,0.0
1783095551681545856,50.519978915,slew_joint,1.7383464666666666,0.0,-41.0
1783095551681545856,50.519978915,boom_joint,0.5881754611111111,0.1169369611111111,939.0
1783095551681545856,50.519978915,stick_joint,-1.1484256777777777,-0.012217294444444443,43.0
1783095551681545856,50.519978915,telescope_joint,0.4918,0.0,-6.0
1783095551681545856,50.519978915,hanger_joint,0.9512036388888887,0.2652898222222222,0.0
1783095551681545856,50.519978915,bearingfork_joint,-0.13613556666666665,0.0,0.0
1783095551681545856,50.519978915,grapplecarrier_joint,-0.15707949999999998,0.005235983333333333,-26.0
1783095551681545856,50.519978915,grappletong1_joint,0.0,0.0,0.0
1783095551681545856,50.519978915,grappletong2_joint,0.0,0.0,0.0
1783095551691272545,50.529705604,slew_joint,1.7383464666666666,0.0,-41.0
1783095551691272545,50.529705604,boom_joint,0.5881754611111111,0.1169369611111111,939.0
1783095551691272545,50.529705604,stick_joint,-1.1484256777777777,-0.012217294444444443,43.0
1783095551691272545,50.529705604,telescope_joint,0.4918,0.0,-6.0
1783095551691272545,50.529705604,hanger_joint,0.9512036388888887,0.2652898222222222,0.0
1783095551691272545,50.529705604,bearingfork_joint,-0.13613556666666665,0.0,0.0
1783095551691272545,50.529705604,grapplecarrier_joint,-0.15707949999999998,0.005235983333333333,-26.0
1783095551691272545,50.529705604,grappletong1_joint,0.0,0.0,0.0
1783095551691272545,50.529705604,grappletong2_joint,0.0,0.0,0.0
1783095551701178081,50.53961114,slew_joint,1.7383464666666666,0.0,-41.0
1783095551701178081,50.53961114,boom_joint,0.5899207888888889,0.11868228888888888,925.0
1783095551701178081,50.53961114,stick_joint,-1.1484256777777777,-0.00698131111111111,44.0
1783095551701178081,50.53961114,telescope_joint,0.4918,0.0,-5.0
1783095551701178081,50.53961114,hanger_joint,0.9459676555555554,0.2652898222222222,0.0
1783095551701178081,50.53961114,bearingfork_joint,-0.13613556666666665,0.0,0.0
1783095551701178081,50.53961114,grapplecarrier_joint,-0.15707949999999998,0.005235983333333333,-26.0
1783095551701178081,50.53961114,grappletong1_joint,0.0,0.0,0.0
1783095551701178081,50.53961114,grappletong2_joint,0.0,0.0,0.0
1783095551711762684,50.550195743,slew_joint,1.7383464666666666,0.0,-41.0
1783095551711762684,50.550195743,boom_joint,0.5899207888888889,0.11868228888888888,925.0
1783095551711762684,50.550195743,stick_joint,-1.1484256777777777,-0.00698131111111111,44.0
1783095551711762684,50.550195743,telescope_joint,0.4918,0.0,-5.0
1783095551711762684,50.550195743,hanger_joint,0.9459676555555554,0.2652898222222222,0.0
1783095551711762684,50.550195743,bearingfork_joint,-0.13613556666666665,0.0,0.0
1783095551711762684,50.550195743,grapplecarrier_joint,-0.15707949999999998,0.005235983333333333,-26.0
1783095551711762684,50.550195743,grappletong1_joint,0.0,0.0,0.0
1783095551711762684,50.550195743,grappletong2_joint,0.0,0.0,0.0
1783095551721867388,50.560300447,slew_joint,1.7383464666666666,0.0,-41.0
1783095551721867388,50.560300447,boom_joint,0.5934114444444444,0.1169369611111111,910.0
1783095551721867388,50.560300447,stick_joint,-1.1484256777777777,-0.00698131111111111,45.0
1783095551721867388,50.560300447,telescope_joint,0.4918,0.0,-4.0
1783095551721867388,50.560300447,hanger_joint,0.942477,0.2583085111111111,0.0
1783095551721867388,50.560300447,bearingfork_joint,-0.13613556666666665,0.0,0.0
1783095551721867388,50.560300447,grapplecarrier_joint,-0.15533417222222218,0.005235983333333333,-26.0
1783095551721867388,50.560300447,grappletong1_joint,0.0,0.0,0.0
1783095551721867388,50.560300447,grappletong2_joint,0.0,0.0,0.0
1783095551731654212,50.570087271,slew_joint,1.7383464666666666,0.0,-41.0
1783095551731654212,50.570087271,boom_joint,0.5934114444444444,0.1169369611111111,910.0
1783095551731654212,50.570087271,stick_joint,-1.1484256777777777,-0.00698131111111111,45.0
1783095551731654212,50.570087271,telescope_joint,0.4918,0.0,-4.0
1783095551731654212,50.570087271,hanger_joint,0.942477,0.2583085111111111,0.0
1783095551731654212,50.570087271,bearingfork_joint,-0.13613556666666665,0.0,0.0
1783095551731654212,50.570087271,grapplecarrier_joint,-0.15533417222222218,0.005235983333333333,-26.0
1783095551731654212,50.570087271,grappletong1_joint,0.0,0.0,0.0
1783095551731654212,50.570087271,grappletong2_joint,0.0,0.0,0.0
1783095551741516973,50.579950032,slew_joint,1.7383464666666666,0.0,-41.0
1783095551741516973,50.579950032,boom_joint,0.5951567722222222,0.1169369611111111,894.0
1783095551741516973,50.579950032,stick_joint,-1.1484256777777777,-0.00698131111111111,44.0
1783095551741516973,50.579950032,telescope_joint,0.4918,0.0,-4.0
1783095551741516973,50.579950032,hanger_joint,0.9372410166666665,0.24609121666666664,0.0
1783095551741516973,50.579950032,bearingfork_joint,-0.13613556666666665,0.0,0.0
1783095551741516973,50.579950032,grapplecarrier_joint,-0.15533417222222218,0.003490655555555555,-25.0
1783095551741516973,50.579950032,grappletong1_joint,0.0,0.0,0.0
1783095551741516973,50.579950032,grappletong2_joint,0.0,0.0,0.0
1783095551751314701,50.58974776,slew_joint,1.7383464666666666,0.0,-41.0
1783095551751314701,50.58974776,boom_joint,0.5951567722222222,0.1169369611111111,894.0
1783095551751314701,50.58974776,stick_joint,-1.1484256777777777,-0.00698131111111111,44.0
1783095551751314701,50.58974776,telescope_joint,0.4918,0.0,-4.0
1783095551751314701,50.58974776,hanger_joint,0.9372410166666665,0.24609121666666664,0.0
1783095551751314701,50.58974776,bearingfork_joint,-0.13613556666666665,0.0,0.0
1783095551751314701,50.58974776,grapplecarrier_joint,-0.15533417222222218,0.003490655555555555,-25.0
1783095551751314701,50.58974776,grappletong1_joint,0.0,0.0,0.0
1783095551751314701,50.58974776,grappletong2_joint,0.0,0.0,0.0
1783095551761356208,50.599789267,slew_joint,1.7383464666666666,0.0,-41.0
1783095551761356208,50.599789267,boom_joint,0.5986474277777778,0.1169369611111111,881.0
1783095551761356208,50.599789267,stick_joint,-1.1484256777777777,-0.008726638888888888,44.0
1783095551761356208,50.599789267,telescope_joint,0.4918,0.0,-3.0
1783095551761356208,50.599789267,hanger_joint,0.9320050333333332,0.23561924999999997,0.0
1783095551761356208,50.599789267,bearingfork_joint,-0.13613556666666665,0.0,0.0
1783095551761356208,50.599789267,grapplecarrier_joint,-0.15533417222222218,0.003490655555555555,-25.0
1783095551761356208,50.599789267,grappletong1_joint,0.0,0.0,0.0
1783095551761356208,50.599789267,grappletong2_joint,0.0,0.0,0.0
1783095551771354167,50.609787226,slew_joint,1.7383464666666666,0.0,-41.0
1783095551771354167,50.609787226,boom_joint,0.5986474277777778,0.1169369611111111,881.0
1783095551771354167,50.609787226,stick_joint,-1.1484256777777777,-0.008726638888888888,44.0
1783095551771354167,50.609787226,telescope_joint,0.4918,0.0,-3.0
1783095551771354167,50.609787226,hanger_joint,0.9320050333333332,0.23561924999999997,0.0
1783095551771354167,50.609787226,bearingfork_joint,-0.13613556666666665,0.0,0.0
1783095551771354167,50.609787226,grapplecarrier_joint,-0.15533417222222218,0.003490655555555555,-25.0
1783095551771354167,50.609787226,grappletong1_joint,0.0,0.0,0.0
1783095551771354167,50.609787226,grappletong2_joint,0.0,0.0,0.0
1783095551781664474,50.620097533,slew_joint,1.7383464666666666,0.0,-41.0
1783095551781664474,50.620097533,boom_joint,0.6003927555555556,0.11344630555555554,867.0
1783095551781664474,50.620097533,stick_joint,-1.1484256777777777,-0.00698131111111111,43.0
1783095551781664474,50.620097533,telescope_joint,0.4918,0.0,-2.0
1783095551781664474,50.620097533,hanger_joint,0.9267690499999999,0.2338739222222222,0.0
1783095551781664474,50.620097533,bearingfork_joint,-0.13613556666666665,0.0,0.0
1783095551781664474,50.620097533,grapplecarrier_joint,-0.15533417222222218,0.003490655555555555,-25.0
1783095551781664474,50.620097533,grappletong1_joint,0.0,0.0,0.0
1783095551781664474,50.620097533,grappletong2_joint,0.0,0.0,0.0
1783095551791539710,50.629972769,slew_joint,1.7383464666666666,0.0,-41.0
1783095551791539710,50.629972769,boom_joint,0.6003927555555556,0.11344630555555554,867.0
1783095551791539710,50.629972769,stick_joint,-1.1484256777777777,-0.00698131111111111,43.0
1783095551791539710,50.629972769,telescope_joint,0.4918,0.0,-2.0
1783095551791539710,50.629972769,hanger_joint,0.9267690499999999,0.2338739222222222,0.0
1783095551791539710,50.629972769,bearingfork_joint,-0.13613556666666665,0.0,0.0
1783095551791539710,50.629972769,grapplecarrier_joint,-0.15533417222222218,0.003490655555555555,-25.0
1783095551791539710,50.629972769,grappletong1_joint,0.0,0.0,0.0
1783095551791539710,50.629972769,grappletong2_joint,0.0,0.0,0.0
1783095551802009530,50.640442589,slew_joint,1.7383464666666666,0.0,-41.0
1783095551802009530,50.640442589,boom_joint,0.6021380833333333,0.11519163333333332,853.0
1783095551802009530,50.640442589,stick_joint,-1.1484256777777777,-0.003490655555555555,43.0
1783095551802009530,50.640442589,telescope_joint,0.4918,0.0,-2.0
1783095551802009530,50.640442589,hanger_joint,0.9232783944444443,0.21991129999999998,0.0
1783095551802009530,50.640442589,bearingfork_joint,-0.13613556666666665,0.0,0.0
1783095551802009530,50.640442589,grapplecarrier_joint,-0.15533417222222218,0.003490655555555555,-25.0
1783095551802009530,50.640442589,grappletong1_joint,0.0,0.0,0.0
1783095551802009530,50.640442589,grappletong2_joint,0.0,0.0,0.0
1783095551811304277,50.649737336,slew_joint,1.7383464666666666,0.0,-41.0
1783095551811304277,50.649737336,boom_joint,0.6021380833333333,0.11519163333333332,853.0
1783095551811304277,50.649737336,stick_joint,-1.1484256777777777,-0.003490655555555555,43.0
1783095551811304277,50.649737336,telescope_joint,0.4918,0.0,-2.0
1783095551811304277,50.649737336,hanger_joint,0.9232783944444443,0.21991129999999998,0.0
1783095551811304277,50.649737336,bearingfork_joint,-0.13613556666666665,0.0,0.0
1783095551811304277,50.649737336,grapplecarrier_joint,-0.15533417222222218,0.003490655555555555,-25.0
1783095551811304277,50.649737336,grappletong1_joint,0.0,0.0,0.0
1783095551811304277,50.649737336,grappletong2_joint,0.0,0.0,0.0
1783095551821188680,50.659621739,slew_joint,1.7383464666666666,0.0,-41.0
1783095551821188680,50.659621739,boom_joint,0.6056287388888888,0.11868228888888888,837.0
1783095551821188680,50.659621739,stick_joint,-1.1484256777777777,-0.005235983333333333,44.0
1783095551821188680,50.659621739,telescope_joint,0.4918,0.0,-1.0
1783095551821188680,50.659621739,hanger_joint,0.9197877388888887,0.2111846611111111,0.0
1783095551821188680,50.659621739,bearingfork_joint,-0.13613556666666665,0.0,0.0
1783095551821188680,50.659621739,grapplecarrier_joint,-0.15533417222222218,0.003490655555555555,-25.0
1783095551821188680,50.659621739,grappletong1_joint,0.0,0.0,0.0
1783095551821188680,50.659621739,grappletong2_joint,0.0,0.0,0.0
1783095551831130943,50.669564002,slew_joint,1.7383464666666666,0.0,-41.0
1783095551831130943,50.669564002,boom_joint,0.6056287388888888,0.11868228888888888,837.0
1783095551831130943,50.669564002,stick_joint,-1.1484256777777777,-0.005235983333333333,44.0
1783095551831130943,50.669564002,telescope_joint,0.4918,0.0,-1.0
1783095551831130943,50.669564002,hanger_joint,0.9197877388888887,0.2111846611111111,0.0
1783095551831130943,50.669564002,bearingfork_joint,-0.13613556666666665,0.0,0.0
1783095551831130943,50.669564002,grapplecarrier_joint,-0.15533417222222218,0.003490655555555555,-25.0
1783095551831130943,50.669564002,grappletong1_joint,0.0,0.0,0.0
1783095551831130943,50.669564002,grappletong2_joint,0.0,0.0,0.0
1783095551841153370,50.679586429,slew_joint,1.7383464666666666,0.0,-41.0
1783095551841153370,50.679586429,boom_joint,0.6073740666666666,0.1169369611111111,822.0
1783095551841153370,50.679586429,stick_joint,-1.1484256777777777,-0.005235983333333333,46.0
1783095551841153370,50.679586429,telescope_joint,0.4918,0.0,0.0
1783095551841153370,50.679586429,hanger_joint,0.9145517555555556,0.19722203888888887,0.0
1783095551841153370,50.679586429,bearingfork_joint,-0.13613556666666665,0.0,0.0
1783095551841153370,50.679586429,grapplecarrier_joint,-0.15533417222222218,0.003490655555555555,-24.0
1783095551841153370,50.679586429,grappletong1_joint,0.0,0.0,0.0
1783095551841153370,50.679586429,grappletong2_joint,0.0,0.0,0.0
1783095551851169925,50.689602984,slew_joint,1.7383464666666666,0.0,-41.0
1783095551851169925,50.689602984,boom_joint,0.6073740666666666,0.1169369611111111,822.0
1783095551851169925,50.689602984,stick_joint,-1.1484256777777777,-0.005235983333333333,46.0
1783095551851169925,50.689602984,telescope_joint,0.4918,0.0,0.0
1783095551851169925,50.689602984,hanger_joint,0.9145517555555556,0.19722203888888887,0.0
1783095551851169925,50.689602984,bearingfork_joint,-0.13613556666666665,0.0,0.0
1783095551851169925,50.689602984,grapplecarrier_joint,-0.15533417222222218,0.003490655555555555,-24.0
1783095551851169925,50.689602984,grappletong1_joint,0.0,0.0,0.0
1783095551851169925,50.689602984,grappletong2_joint,0.0,0.0,0.0
1783095551861528187,50.699961246,slew_joint,1.7383464666666666,0.0,-41.0
1783095551861528187,50.699961246,boom_joint,0.6091193944444444,0.11344630555555554,807.0
1783095551861528187,50.699961246,stick_joint,-1.1501710055555556,-0.003490655555555555,47.0
1783095551861528187,50.699961246,telescope_joint,0.4918,0.0,0.0
1783095551861528187,50.699961246,hanger_joint,0.9110611,0.19024072777777776,0.0
1783095551861528187,50.699961246,bearingfork_joint,-0.13613556666666665,0.0,0.0
1783095551861528187,50.699961246,grapplecarrier_joint,-0.15533417222222218,0.003490655555555555,-24.0
1783095551861528187,50.699961246,grappletong1_joint,0.0,0.0,0.0
1783095551861528187,50.699961246,grappletong2_joint,0.0,0.0,0.0
1783095551871339465,50.709772524,slew_joint,1.7383464666666666,0.0,-41.0
1783095551871339465,50.709772524,boom_joint,0.6091193944444444,0.11344630555555554,807.0
1783095551871339465,50.709772524,stick_joint,-1.1501710055555556,-0.003490655555555555,47.0
1783095551871339465,50.709772524,telescope_joint,0.4918,0.0,0.0
1783095551871339465,50.709772524,hanger_joint,0.9110611,0.19024072777777776,0.0
1783095551871339465,50.709772524,bearingfork_joint,-0.13613556666666665,0.0,0.0
1783095551871339465,50.709772524,grapplecarrier_joint,-0.15533417222222218,0.003490655555555555,-24.0
1783095551871339465,50.709772524,grappletong1_joint,0.0,0.0,0.0
1783095551871339465,50.709772524,grappletong2_joint,0.0,0.0,0.0
1783095551881409875,50.719842934,slew_joint,1.7383464666666666,0.0,-41.0
1783095551881409875,50.719842934,boom_joint,0.6108647222222221,0.11344630555555554,791.0
1783095551881409875,50.719842934,stick_joint,-1.1501710055555556,-0.005235983333333333,47.0
1783095551881409875,50.719842934,telescope_joint,0.4918,0.0,1.0
1783095551881409875,50.719842934,hanger_joint,0.9075704444444443,0.1797687611111111,0.0
1783095551881409875,50.719842934,bearingfork_joint,-0.13613556666666665,0.0,0.0
1783095551881409875,50.719842934,grapplecarrier_joint,-0.15533417222222218,0.0017453277777777776,-24.0
1783095551881409875,50.719842934,grappletong1_joint,0.0,0.0,0.0
1783095551881409875,50.719842934,grappletong2_joint,0.0,0.0,0.0
1783095551891268142,50.729701201,slew_joint,1.7383464666666666,0.0,-41.0
1783095551891268142,50.729701201,boom_joint,0.6108647222222221,0.11344630555555554,791.0
1783095551891268142,50.729701201,stick_joint,-1.1501710055555556,-0.005235983333333333,47.0
1783095551891268142,50.729701201,telescope_joint,0.4918,0.0,1.0
1783095551891268142,50.729701201,hanger_joint,0.9075704444444443,0.1797687611111111,0.0
1783095551891268142,50.729701201,bearingfork_joint,-0.13613556666666665,0.0,0.0
1783095551891268142,50.729701201,grapplecarrier_joint,-0.15533417222222218,0.0017453277777777776,-24.0
1783095551891268142,50.729701201,grappletong1_joint,0.0,0.0,0.0
1783095551891268142,50.729701201,grappletong2_joint,0.0,0.0,0.0
1783095551901610528,50.740043587,slew_joint,1.7383464666666666,0.0,-41.0
1783095551901610528,50.740043587,boom_joint,0.6143553777777777,0.11344630555555554,774.0
1783095551901610528,50.740043587,stick_joint,-1.1501710055555556,-0.005235983333333333,47.0
1783095551901610528,50.740043587,telescope_joint,0.4918,0.0,2.0
1783095551901610528,50.740043587,hanger_joint,0.9058251166666667,0.16755146666666665,0.0
1783095551901610528,50.740043587,bearingfork_joint,-0.13613556666666665,0.0017453277777777776,0.0
1783095551901610528,50.740043587,grapplecarrier_joint,-0.15533417222222218,0.0,-24.0
1783095551901610528,50.740043587,grappletong1_joint,0.0,0.0,0.0
1783095551901610528,50.740043587,grappletong2_joint,0.0,0.0,0.0
1783095551911220975,50.749654034,slew_joint,1.7383464666666666,0.0,-41.0
1783095551911220975,50.749654034,boom_joint,0.6143553777777777,0.11344630555555554,774.0
1783095551911220975,50.749654034,stick_joint,-1.1501710055555556,-0.005235983333333333,47.0
1783095551911220975,50.749654034,telescope_joint,0.4918,0.0,2.0
1783095551911220975,50.749654034,hanger_joint,0.9058251166666667,0.16755146666666665,0.0
1783095551911220975,50.749654034,bearingfork_joint,-0.13613556666666665,0.0017453277777777776,0.0
1783095551911220975,50.749654034,grapplecarrier_joint,-0.15533417222222218,0.0,-24.0
1783095551911220975,50.749654034,grappletong1_joint,0.0,0.0,0.0
1783095551911220975,50.749654034,grappletong2_joint,0.0,0.0,0.0
1783095551921737697,50.760170756,slew_joint,1.7383464666666666,0.0,-41.0
1783095551921737697,50.760170756,boom_joint,0.6161007055555555,0.1169369611111111,755.0
1783095551921737697,50.760170756,stick_joint,-1.1501710055555556,-0.00698131111111111,48.0
1783095551921737697,50.760170756,telescope_joint,0.4918,0.0,2.0
1783095551921737697,50.760170756,hanger_joint,0.902334461111111,0.15882482777777776,0.0
1783095551921737697,50.760170756,bearingfork_joint,-0.13613556666666665,0.0017453277777777776,0.0
1783095551921737697,50.760170756,grapplecarrier_joint,-0.15533417222222218,0.0,-24.0
1783095551921737697,50.760170756,grappletong1_joint,0.0,0.0,0.0
1783095551921737697,50.760170756,grappletong2_joint,0.0,0.0,0.0
1783095551931763444,50.770196503,slew_joint,1.7383464666666666,0.0,-41.0
1783095551931763444,50.770196503,boom_joint,0.6161007055555555,0.1169369611111111,755.0
1783095551931763444,50.770196503,stick_joint,-1.1501710055555556,-0.00698131111111111,48.0
1783095551931763444,50.770196503,telescope_joint,0.4918,0.0,2.0
1783095551931763444,50.770196503,hanger_joint,0.902334461111111,0.15882482777777776,0.0
1783095551931763444,50.770196503,bearingfork_joint,-0.13613556666666665,0.0017453277777777776,0.0
1783095551931763444,50.770196503,grapplecarrier_joint,-0.15533417222222218,0.0,-24.0
1783095551931763444,50.770196503,grappletong1_joint,0.0,0.0,0.0
1783095551931763444,50.770196503,grappletong2_joint,0.0,0.0,0.0
1783095551941988645,50.780421704,slew_joint,1.7383464666666666,0.0,-41.0
1783095551941988645,50.780421704,boom_joint,0.619591361111111,0.12042761666666665,737.0
1783095551941988645,50.780421704,stick_joint,-1.1501710055555556,-0.00698131111111111,48.0
1783095551941988645,50.780421704,telescope_joint,0.4918,0.0,3.0
1783095551941988645,50.780421704,hanger_joint,0.8988438055555554,0.1483528611111111,0.0
1783095551941988645,50.780421704,bearingfork_joint,-0.13613556666666665,0.003490655555555555,0.0
1783095551941988645,50.780421704,grapplecarrier_joint,-0.15533417222222218,0.0,-24.0
1783095551941988645,50.780421704,grappletong1_joint,0.0,0.0,0.0
1783095551941988645,50.780421704,grappletong2_joint,0.0,0.0,0.0
1783095551951565412,50.789998471,slew_joint,1.7383464666666666,0.0,-41.0
1783095551951565412,50.789998471,boom_joint,0.619591361111111,0.12042761666666665,737.0
1783095551951565412,50.789998471,stick_joint,-1.1501710055555556,-0.00698131111111111,48.0
1783095551951565412,50.789998471,telescope_joint,0.4918,0.0,3.0
1783095551951565412,50.789998471,hanger_joint,0.8988438055555554,0.1483528611111111,0.0
1783095551951565412,50.789998471,bearingfork_joint,-0.13613556666666665,0.003490655555555555,0.0
1783095551951565412,50.789998471,grapplecarrier_joint,-0.15533417222222218,0.0,-24.0
1783095551951565412,50.789998471,grappletong1_joint,0.0,0.0,0.0
1783095551951565412,50.789998471,grappletong2_joint,0.0,0.0,0.0
1783095551961336421,50.79976948,slew_joint,1.7383464666666666,0.0,-41.0
1783095551961336421,50.79976948,boom_joint,0.6213366888888888,0.11344630555555554,719.0
1783095551961336421,50.79976948,stick_joint,-1.1501710055555556,-0.005235983333333333,48.0
1783095551961336421,50.79976948,telescope_joint,0.4918,0.0,3.0
1783095551961336421,50.79976948,hanger_joint,0.8970984777777777,0.13788089444444443,0.0
1783095551961336421,50.79976948,bearingfork_joint,-0.13613556666666665,0.003490655555555555,0.0
1783095551961336421,50.79976948,grapplecarrier_joint,-0.15533417222222218,0.0,-24.0
1783095551961336421,50.79976948,grappletong1_joint,0.0,0.0,0.0
1783095551961336421,50.79976948,grappletong2_joint,0.0,0.0,0.0
1783095551971387009,50.809820068,slew_joint,1.7383464666666666,0.0,-41.0
1783095551971387009,50.809820068,boom_joint,0.6213366888888888,0.11344630555555554,719.0
1783095551971387009,50.809820068,stick_joint,-1.1501710055555556,-0.005235983333333333,48.0
1783095551971387009,50.809820068,telescope_joint,0.4918,0.0,3.0
1783095551971387009,50.809820068,hanger_joint,0.8970984777777777,0.13788089444444443,0.0
1783095551971387009,50.809820068,bearingfork_joint,-0.13613556666666665,0.003490655555555555,0.0
1783095551971387009,50.809820068,grapplecarrier_joint,-0.15533417222222218,0.0,-24.0
1783095551971387009,50.809820068,grappletong1_joint,0.0,0.0,0.0
1783095551971387009,50.809820068,grappletong2_joint,0.0,0.0,0.0
1783095551981277256,50.819710315,slew_joint,1.7383464666666666,0.0,-41.0
1783095551981277256,50.819710315,boom_joint,0.6230820166666666,0.11344630555555554,702.0
1783095551981277256,50.819710315,stick_joint,-1.1501710055555556,-0.00698131111111111,50.0
1783095551981277256,50.819710315,telescope_joint,0.4918,0.0,4.0
1783095551981277256,50.819710315,hanger_joint,0.8936078222222221,0.12740892777777776,0.0
1783095551981277256,50.819710315,bearingfork_joint,-0.13613556666666665,0.005235983333333333,0.0
1783095551981277256,50.819710315,grapplecarrier_joint,-0.15533417222222218,0.0,-25.0
1783095551981277256,50.819710315,grappletong1_joint,0.0,0.0,0.0
1783095551981277256,50.819710315,grappletong2_joint,0.0,0.0,0.0
1783095551991655118,50.830088177,slew_joint,1.7383464666666666,0.0,-41.0
1783095551991655118,50.830088177,boom_joint,0.6230820166666666,0.11344630555555554,702.0
1783095551991655118,50.830088177,stick_joint,-1.1501710055555556,-0.00698131111111111,50.0
1783095551991655118,50.830088177,telescope_joint,0.4918,0.0,4.0
1783095551991655118,50.830088177,hanger_joint,0.8936078222222221,0.12740892777777776,0.0
1783095551991655118,50.830088177,bearingfork_joint,-0.13613556666666665,0.005235983333333333,0.0
1783095551991655118,50.830088177,grapplecarrier_joint,-0.15533417222222218,0.0,-25.0
1783095551991655118,50.830088177,grappletong1_joint,0.0,0.0,0.0
1783095551991655118,50.830088177,grappletong2_joint,0.0,0.0,0.0
1783095552001492518,50.839925577,slew_joint,1.7383464666666666,0.0,-41.0
1783095552001492518,50.839925577,boom_joint,0.6248273444444444,0.11170097777777777,684.0
1783095552001492518,50.839925577,stick_joint,-1.1501710055555556,-0.012217294444444443,51.0
1783095552001492518,50.839925577,telescope_joint,0.4918,0.0,4.0
1783095552001492518,50.839925577,hanger_joint,0.8918624944444444,0.10995564999999999,0.0
1783095552001492518,50.839925577,bearingfork_joint,-0.13613556666666665,0.019198605555555553,0.0
1783095552001492518,50.839925577,grapplecarrier_joint,-0.15533417222222218,0.0,-25.0
1783095552001492518,50.839925577,grappletong1_joint,0.0,0.0,0.0
1783095552001492518,50.839925577,grappletong2_joint,0.0,0.0,0.0
1783095552011719406,50.850152465,slew_joint,1.7383464666666666,0.0,-41.0
1783095552011719406,50.850152465,boom_joint,0.6248273444444444,0.11170097777777777,684.0
1783095552011719406,50.850152465,stick_joint,-1.1501710055555556,-0.012217294444444443,51.0
1783095552011719406,50.850152465,telescope_joint,0.4918,0.0,4.0
1783095552011719406,50.850152465,hanger_joint,0.8918624944444444,0.10995564999999999,0.0
1783095552011719406,50.850152465,bearingfork_joint,-0.13613556666666665,0.019198605555555553,0.0
1783095552011719406,50.850152465,grapplecarrier_joint,-0.15533417222222218,0.0,-25.0
1783095552011719406,50.850152465,grappletong1_joint,0.0,0.0,0.0
1783095552011719406,50.850152465,grappletong2_joint,0.0,0.0,0.0
1783095552021690715,50.860123774,slew_joint,1.7383464666666666,0.0,-41.0
1783095552021690715,50.860123774,boom_joint,0.6265726722222222,0.11344630555555554,667.0
1783095552021690715,50.860123774,stick_joint,-1.1501710055555556,-0.008726638888888888,51.0
1783095552021690715,50.860123774,telescope_joint,0.4918,0.0,5.0
1783095552021690715,50.860123774,hanger_joint,0.8901171666666665,0.09773835555555554,0.0
1783095552021690715,50.860123774,bearingfork_joint,-0.13788089444444443,0.0314159,0.0
1783095552021690715,50.860123774,grapplecarrier_joint,-0.15533417222222218,0.0,-25.0
1783095552021690715,50.860123774,grappletong1_joint,0.0,0.0,0.0
1783095552021690715,50.860123774,grappletong2_joint,0.0,0.0,0.0
1783095552031485482,50.869918541,slew_joint,1.7383464666666666,0.0,-41.0
1783095552031485482,50.869918541,boom_joint,0.6265726722222222,0.11344630555555554,667.0
1783095552031485482,50.869918541,stick_joint,-1.1501710055555556,-0.008726638888888888,51.0
1783095552031485482,50.869918541,telescope_joint,0.4918,0.0,5.0
1783095552031485482,50.869918541,hanger_joint,0.8901171666666665,0.09773835555555554,0.0
1783095552031485482,50.869918541,bearingfork_joint,-0.13788089444444443,0.0314159,0.0
1783095552031485482,50.869918541,grapplecarrier_joint,-0.15533417222222218,0.0,-25.0
1783095552031485482,50.869918541,grappletong1_joint,0.0,0.0,0.0
1783095552031485482,50.869918541,grappletong2_joint,0.0,0.0,0.0
1783095552041486922,50.879919981,slew_joint,1.7383464666666666,0.0,-41.0
1783095552041486922,50.879919981,boom_joint,0.6300633277777777,0.11344630555555554,650.0
1783095552041486922,50.879919981,stick_joint,-1.1501710055555556,-0.008726638888888888,50.0
1783095552041486922,50.879919981,telescope_joint,0.4918,0.0,5.0
1783095552041486922,50.879919981,hanger_joint,0.8883718388888888,0.08028507777777777,0.0
1783095552041486922,50.879919981,bearingfork_joint,-0.13788089444444443,0.04363319444444444,0.0
1783095552041486922,50.879919981,grapplecarrier_joint,-0.15533417222222218,0.0,-25.0
1783095552041486922,50.879919981,grappletong1_joint,0.0,0.0,0.0
1783095552041486922,50.879919981,grappletong2_joint,0.0,0.0,0.0
1783095552051553006,50.889986065,slew_joint,1.7383464666666666,0.0,-41.0
1783095552051553006,50.889986065,boom_joint,0.6300633277777777,0.11344630555555554,650.0
1783095552051553006,50.889986065,stick_joint,-1.1501710055555556,-0.008726638888888888,50.0
1783095552051553006,50.889986065,telescope_joint,0.4918,0.0,5.0
1783095552051553006,50.889986065,hanger_joint,0.8883718388888888,0.08028507777777777,0.0
1783095552051553006,50.889986065,bearingfork_joint,-0.13788089444444443,0.04363319444444444,0.0
1783095552051553006,50.889986065,grapplecarrier_joint,-0.15533417222222218,0.0,-25.0
1783095552051553006,50.889986065,grappletong1_joint,0.0,0.0,0.0
1783095552051553006,50.889986065,grappletong2_joint,0.0,0.0,0.0
1783095552061231619,50.899664678,slew_joint,1.7383464666666666,0.0,-41.0
1783095552061231619,50.899664678,boom_joint,0.6318086555555555,0.10995564999999999,629.0
1783095552061231619,50.899664678,stick_joint,-1.1519163333333333,-0.01396262222222222,49.0
1783095552061231619,50.899664678,telescope_joint,0.4918,0.0,6.0
1783095552061231619,50.899664678,hanger_joint,0.8883718388888888,0.07155843888888888,0.0
1783095552061231619,50.899664678,bearingfork_joint,-0.1396262222222222,0.05759581666666666,0.0
1783095552061231619,50.899664678,grapplecarrier_joint,-0.15533417222222218,0.0,-25.0
1783095552061231619,50.899664678,grappletong1_joint,0.0,0.0,0.0
1783095552061231619,50.899664678,grappletong2_joint,0.0,0.0,0.0
1783095552071242928,50.909675987,slew_joint,1.7383464666666666,0.0,-41.0
1783095552071242928,50.909675987,boom_joint,0.6318086555555555,0.10995564999999999,629.0
1783095552071242928,50.909675987,stick_joint,-1.1519163333333333,-0.01396262222222222,49.0
1783095552071242928,50.909675987,telescope_joint,0.4918,0.0,6.0
1783095552071242928,50.909675987,hanger_joint,0.8883718388888888,0.07155843888888888,0.0
1783095552071242928,50.909675987,bearingfork_joint,-0.1396262222222222,0.05759581666666666,0.0
1783095552071242928,50.909675987,grapplecarrier_joint,-0.15533417222222218,0.0,-25.0
1783095552071242928,50.909675987,grappletong1_joint,0.0,0.0,0.0
1783095552071242928,50.909675987,grappletong2_joint,0.0,0.0,0.0
1783095552081684501,50.92011756,slew_joint,1.7383464666666666,0.0,-41.0
1783095552081684501,50.92011756,boom_joint,0.6335539833333333,0.1012290111111111,610.0
1783095552081684501,50.92011756,stick_joint,-1.1519163333333333,-0.01570795,49.0
1783095552081684501,50.92011756,telescope_joint,0.4918,0.0,6.0
1783095552081684501,50.92011756,hanger_joint,0.8866265111111109,0.05934114444444444,0.0
1783095552081684501,50.92011756,bearingfork_joint,-0.14137154999999998,0.06632245555555555,0.0
1783095552081684501,50.92011756,grapplecarrier_joint,-0.15533417222222218,0.0,-26.0
1783095552081684501,50.92011756,grappletong1_joint,0.0,0.0,0.0
1783095552081684501,50.92011756,grappletong2_joint,0.0,0.0,0.0
1783095552091583021,50.93001608,slew_joint,1.7383464666666666,0.0,-41.0
1783095552091583021,50.93001608,boom_joint,0.6335539833333333,0.1012290111111111,610.0
1783095552091583021,50.93001608,stick_joint,-1.1519163333333333,-0.01570795,49.0
1783095552091583021,50.93001608,telescope_joint,0.4918,0.0,6.0
1783095552091583021,50.93001608,hanger_joint,0.8866265111111109,0.05934114444444444,0.0
1783095552091583021,50.93001608,bearingfork_joint,-0.14137154999999998,0.06632245555555555,0.0
1783095552091583021,50.93001608,grapplecarrier_joint,-0.15533417222222218,0.0,-26.0
1783095552091583021,50.93001608,grappletong1_joint,0.0,0.0,0.0
1783095552091583021,50.93001608,grappletong2_joint,0.0,0.0,0.0
1783095552101977612,50.940410671,slew_joint,1.7383464666666666,0.0,-41.0
1783095552101977612,50.940410671,boom_joint,0.6352993111111112,0.10297433888888888,594.0
1783095552101977612,50.940410671,stick_joint,-1.1519163333333333,-0.01396262222222222,48.0
1783095552101977612,50.940410671,telescope_joint,0.4918,0.0,7.0
1783095552101977612,50.940410671,hanger_joint,0.8866265111111109,0.04537852222222222,0.0
1783095552101977612,50.940410671,bearingfork_joint,-0.14311687777777776,0.08203040555555555,0.0
1783095552101977612,50.940410671,grapplecarrier_joint,-0.15533417222222218,0.0,-26.0
1783095552101977612,50.940410671,grappletong1_joint,0.0,0.0,0.0
1783095552101977612,50.940410671,grappletong2_joint,0.0,0.0,0.0
1783095552111533293,50.949966352,slew_joint,1.7383464666666666,0.0,-41.0
1783095552111533293,50.949966352,boom_joint,0.6352993111111112,0.10297433888888888,594.0
1783095552111533293,50.949966352,stick_joint,-1.1519163333333333,-0.01396262222222222,48.0
1783095552111533293,50.949966352,telescope_joint,0.4918,0.0,7.0
1783095552111533293,50.949966352,hanger_joint,0.8866265111111109,0.04537852222222222,0.0
1783095552111533293,50.949966352,bearingfork_joint,-0.14311687777777776,0.08203040555555555,0.0
1783095552111533293,50.949966352,grapplecarrier_joint,-0.15533417222222218,0.0,-26.0
1783095552111533293,50.949966352,grappletong1_joint,0.0,0.0,0.0
1783095552111533293,50.949966352,grappletong2_joint,0.0,0.0,0.0
1783095552121438586,50.959871645,slew_joint,1.7383464666666666,0.0,-41.0
1783095552121438586,50.959871645,boom_joint,0.6370446388888888,0.1012290111111111,576.0
1783095552121438586,50.959871645,stick_joint,-1.1519163333333333,-0.012217294444444443,47.0
1783095552121438586,50.959871645,telescope_joint,0.4918,0.0,7.0
1783095552121438586,50.959871645,hanger_joint,0.8848811833333332,0.03665188333333333,0.0
1783095552121438586,50.959871645,bearingfork_joint,-0.14486220555555554,0.0855210611111111,0.0
1783095552121438586,50.959871645,grapplecarrier_joint,-0.15533417222222218,0.0,-26.0
1783095552121438586,50.959871645,grappletong1_joint,0.0,0.0,0.0
1783095552121438586,50.959871645,grappletong2_joint,0.0,0.0,0.0
1783095552131579499,50.970012558,slew_joint,1.7383464666666666,0.0,-41.0
1783095552131579499,50.970012558,boom_joint,0.6370446388888888,0.1012290111111111,576.0
1783095552131579499,50.970012558,stick_joint,-1.1519163333333333,-0.012217294444444443,47.0
1783095552131579499,50.970012558,telescope_joint,0.4918,0.0,7.0
1783095552131579499,50.970012558,hanger_joint,0.8848811833333332,0.03665188333333333,0.0
1783095552131579499,50.970012558,bearingfork_joint,-0.14486220555555554,0.0855210611111111,0.0
1783095552131579499,50.970012558,grapplecarrier_joint,-0.15533417222222218,0.0,-26.0
1783095552131579499,50.970012558,grappletong1_joint,0.0,0.0,0.0
1783095552131579499,50.970012558,grappletong2_joint,0.0,0.0,0.0
1783095552141291620,50.979724679,slew_joint,1.7383464666666666,0.0,-41.0
1783095552141291620,50.979724679,boom_joint,0.6405352944444445,0.09948368333333332,558.0
1783095552141291620,50.979724679,stick_joint,-1.1519163333333333,-0.01396262222222222,47.0
1783095552141291620,50.979724679,telescope_joint,0.4918,0.0,8.0
1783095552141291620,50.979724679,hanger_joint,0.8848811833333332,0.02094393333333333,0.0
1783095552141291620,50.979724679,bearingfork_joint,-0.14660753333333332,0.09075704444444443,0.0
1783095552141291620,50.979724679,grapplecarrier_joint,-0.15533417222222218,0.0,-26.0
1783095552141291620,50.979724679,grappletong1_joint,0.0,0.0,0.0
1783095552141291620,50.979724679,grappletong2_joint,0.0,0.0,0.0
1783095552151381141,50.9898142,slew_joint,1.7383464666666666,0.0,-41.0
1783095552151381141,50.9898142,boom_joint,0.6405352944444445,0.09948368333333332,558.0
1783095552151381141,50.9898142,stick_joint,-1.1519163333333333,-0.01396262222222222,47.0
1783095552151381141,50.9898142,telescope_joint,0.4918,0.0,8.0
1783095552151381141,50.9898142,hanger_joint,0.8848811833333332,0.02094393333333333,0.0
1783095552151381141,50.9898142,bearingfork_joint,-0.14660753333333332,0.09075704444444443,0.0
1783095552151381141,50.9898142,grapplecarrier_joint,-0.15533417222222218,0.0,-26.0
1783095552151381141,50.9898142,grappletong1_joint,0.0,0.0,0.0
1783095552151381141,50.9898142,grappletong2_joint,0.0,0.0,0.0
1783095552161998568,51.000431627,slew_joint,1.7383464666666666,0.0,-41.0
1783095552161998568,51.000431627,boom_joint,0.6422806222222222,0.09773835555555554,540.0
1783095552161998568,51.000431627,stick_joint,-1.1519163333333333,-0.01570795,45.0
1783095552161998568,51.000431627,telescope_joint,0.4918,0.0,8.0
1783095552161998568,51.000431627,hanger_joint,0.8848811833333332,0.017453277777777776,0.0
1783095552161998568,51.000431627,bearingfork_joint,-0.1483528611111111,0.09075704444444443,0.0
1783095552161998568,51.000431627,grapplecarrier_joint,-0.15533417222222218,0.0,-26.0
1783095552161998568,51.000431627,grappletong1_joint,0.0,0.0,0.0
1783095552161998568,51.000431627,grappletong2_joint,0.0,0.0,0.0
1783095552171680269,51.010113328,slew_joint,1.7383464666666666,0.0,-41.0
1783095552171680269,51.010113328,boom_joint,0.6422806222222222,0.09773835555555554,540.0
1783095552171680269,51.010113328,stick_joint,-1.1519163333333333,-0.01570795,45.0
1783095552171680269,51.010113328,telescope_joint,0.4918,0.0,8.0
1783095552171680269,51.010113328,hanger_joint,0.8848811833333332,0.017453277777777776,0.0
1783095552171680269,51.010113328,bearingfork_joint,-0.1483528611111111,0.09075704444444443,0.0
1783095552171680269,51.010113328,grapplecarrier_joint,-0.15533417222222218,0.0,-26.0
1783095552171680269,51.010113328,grappletong1_joint,0.0,0.0,0.0
1783095552171680269,51.010113328,grappletong2_joint,0.0,0.0,0.0
1783095552181864697,51.020297756,slew_joint,1.7383464666666666,0.0,-41.0
1783095552181864697,51.020297756,boom_joint,0.64402595,0.09424769999999999,521.0
1783095552181864697,51.020297756,stick_joint,-1.1519163333333333,-0.012217294444444443,44.0
1783095552181864697,51.020297756,telescope_joint,0.4918,0.0,9.0
1783095552181864697,51.020297756,hanger_joint,0.8848811833333332,0.005235983333333333,0.0
1783095552181864697,51.020297756,bearingfork_joint,-0.15009818888888887,0.09424769999999999,0.0
1783095552181864697,51.020297756,grapplecarrier_joint,-0.15533417222222218,0.0,-27.0
1783095552181864697,51.020297756,grappletong1_joint,0.0,0.0,0.0
1783095552181864697,51.020297756,grappletong2_joint,0.0,0.0,0.0
1783095552191500544,51.029933603,slew_joint,1.7383464666666666,0.0,-41.0
1783095552191500544,51.029933603,boom_joint,0.64402595,0.09424769999999999,521.0
1783095552191500544,51.029933603,stick_joint,-1.1519163333333333,-0.012217294444444443,44.0
1783095552191500544,51.029933603,telescope_joint,0.4918,0.0,9.0
1783095552191500544,51.029933603,hanger_joint,0.8848811833333332,0.005235983333333333,0.0
1783095552191500544,51.029933603,bearingfork_joint,-0.15009818888888887,0.09424769999999999,0.0
1783095552191500544,51.029933603,grapplecarrier_joint,-0.15533417222222218,0.0,-27.0
1783095552191500544,51.029933603,grappletong1_joint,0.0,0.0,0.0
1783095552191500544,51.029933603,grappletong2_joint,0.0,0.0,0.0
1783095552201401956,51.039835015,slew_joint,1.7383464666666666,0.0,-41.0
1783095552201401956,51.039835015,boom_joint,0.6457712777777777,0.09424769999999999,504.0
1783095552201401956,51.039835015,stick_joint,-1.1536616611111112,-0.012217294444444443,43.0
1783095552201401956,51.039835015,telescope_joint,0.4918,0.0,9.0
1783095552201401956,51.039835015,hanger_joint,0.8848811833333332,0.0017453277777777776,0.0
1783095552201401956,51.039835015,bearingfork_joint,-0.15184351666666665,0.09250237222222221,0.0
1783095552201401956,51.039835015,grapplecarrier_joint,-0.15533417222222218,0.0,-27.0
1783095552201401956,51.039835015,grappletong1_joint,0.0,0.0,0.0
1783095552201401956,51.039835015,grappletong2_joint,0.0,0.0,0.0
1783095552211614969,51.050048028,slew_joint,1.7383464666666666,0.0,-41.0
1783095552211614969,51.050048028,boom_joint,0.6457712777777777,0.09424769999999999,504.0
1783095552211614969,51.050048028,stick_joint,-1.1536616611111112,-0.012217294444444443,43.0
1783095552211614969,51.050048028,telescope_joint,0.4918,0.0,9.0
1783095552211614969,51.050048028,hanger_joint,0.8848811833333332,0.0017453277777777776,0.0
1783095552211614969,51.050048028,bearingfork_joint,-0.15184351666666665,0.09250237222222221,0.0
1783095552211614969,51.050048028,grapplecarrier_joint,-0.15533417222222218,0.0,-27.0
1783095552211614969,51.050048028,grappletong1_joint,0.0,0.0,0.0
1783095552211614969,51.050048028,grappletong2_joint,0.0,0.0,0.0
1783095552221628376,51.060061435,slew_joint,1.7383464666666666,0.0,-41.0
1783095552221628376,51.060061435,boom_joint,0.6475166055555555,0.09075704444444443,488.0
1783095552221628376,51.060061435,stick_joint,-1.1536616611111112,-0.01396262222222222,42.0
1783095552221628376,51.060061435,telescope_joint,0.4918,0.0,9.0
1783095552221628376,51.060061435,hanger_joint,0.8848811833333332,0.0,0.0
1783095552221628376,51.060061435,bearingfork_joint,-0.15358884444444443,0.09075704444444443,0.0
1783095552221628376,51.060061435,grapplecarrier_joint,-0.15533417222222218,0.0,-27.0
1783095552221628376,51.060061435,grappletong1_joint,0.0,0.0,0.0
1783095552221628376,51.060061435,grappletong2_joint,0.0,0.0,0.0
1783095552231667476,51.070100535,slew_joint,1.7383464666666666,0.0,-41.0
1783095552231667476,51.070100535,boom_joint,0.6475166055555555,0.09075704444444443,488.0
1783095552231667476,51.070100535,stick_joint,-1.1536616611111112,-0.01396262222222222,42.0
1783095552231667476,51.070100535,telescope_joint,0.4918,0.0,9.0
1783095552231667476,51.070100535,hanger_joint,0.8848811833333332,0.0,0.0
1783095552231667476,51.070100535,bearingfork_joint,-0.15358884444444443,0.09075704444444443,0.0
1783095552231667476,51.070100535,grapplecarrier_joint,-0.15533417222222218,0.0,-27.0
1783095552231667476,51.070100535,grappletong1_joint,0.0,0.0,0.0
1783095552231667476,51.070100535,grappletong2_joint,0.0,0.0,0.0
1783095552241525605,51.079958664,slew_joint,1.7383464666666666,0.0,-41.0
1783095552241525605,51.079958664,boom_joint,0.6492619333333333,0.08901171666666666,470.0
1783095552241525605,51.079958664,stick_joint,-1.1536616611111112,-0.008726638888888888,41.0
1783095552241525605,51.079958664,telescope_joint,0.4918,0.0,10.0
1783095552241525605,51.079958664,hanger_joint,0.8848811833333332,0.0,0.0
1783095552241525605,51.079958664,bearingfork_joint,-0.15358884444444443,0.05585048888888888,0.0
1783095552241525605,51.079958664,grapplecarrier_joint,-0.15533417222222218,0.0,-27.0
1783095552241525605,51.079958664,grappletong1_joint,0.0,0.0,0.0
1783095552241525605,51.079958664,grappletong2_joint,0.0,0.0,0.0
1783095552251621139,51.090054198,slew_joint,1.7383464666666666,0.0,-41.0
1783095552251621139,51.090054198,boom_joint,0.6492619333333333,0.08901171666666666,470.0
1783095552251621139,51.090054198,stick_joint,-1.1536616611111112,-0.008726638888888888,41.0
1783095552251621139,51.090054198,telescope_joint,0.4918,0.0,10.0
1783095552251621139,51.090054198,hanger_joint,0.8848811833333332,0.0,0.0
1783095552251621139,51.090054198,bearingfork_joint,-0.15358884444444443,0.05585048888888888,0.0
1783095552251621139,51.090054198,grapplecarrier_joint,-0.15533417222222218,0.0,-27.0
1783095552251621139,51.090054198,grappletong1_joint,0.0,0.0,0.0
1783095552251621139,51.090054198,grappletong2_joint,0.0,0.0,0.0
1783095552261179924,51.099612983,slew_joint,1.7383464666666666,0.0,-41.0
1783095552261179924,51.099612983,boom_joint,0.6510072611111111,0.08028507777777777,457.0
1783095552261179924,51.099612983,stick_joint,-1.1536616611111112,-0.012217294444444443,40.0
1783095552261179924,51.099612983,telescope_joint,0.4918,0.0,10.0
1783095552261179924,51.099612983,hanger_joint,0.8848811833333332,0.0,0.0
1783095552261179924,51.099612983,bearingfork_joint,-0.15358884444444443,0.019198605555555553,0.0
1783095552261179924,51.099612983,grapplecarrier_joint,-0.15533417222222218,0.0,-27.0
1783095552261179924,51.099612983,grappletong1_joint,0.0,0.0,0.0
1783095552261179924,51.099612983,grappletong2_joint,0.0,0.0,0.0
1783095552271372691,51.10980575,slew_joint,1.7383464666666666,0.0,-41.0
1783095552271372691,51.10980575,boom_joint,0.6510072611111111,0.08028507777777777,457.0
1783095552271372691,51.10980575,stick_joint,-1.1536616611111112,-0.012217294444444443,40.0
1783095552271372691,51.10980575,telescope_joint,0.4918,0.0,10.0
1783095552271372691,51.10980575,hanger_joint,0.8848811833333332,0.0,0.0
1783095552271372691,51.10980575,bearingfork_joint,-0.15358884444444443,0.019198605555555553,0.0
1783095552271372691,51.10980575,grapplecarrier_joint,-0.15533417222222218,0.0,-27.0
1783095552271372691,51.10980575,grappletong1_joint,0.0,0.0,0.0
1783095552271372691,51.10980575,grappletong2_joint,0.0,0.0,0.0
1783095552281382644,51.119815703,slew_joint,1.7383464666666666,0.0,-41.0
1783095552281382644,51.119815703,boom_joint,0.6510072611111111,0.08028507777777777,441.0
1783095552281382644,51.119815703,stick_joint,-1.1536616611111112,-0.00698131111111111,39.0
1783095552281382644,51.119815703,telescope_joint,0.4918,0.0,11.0
1783095552281382644,51.119815703,hanger_joint,0.8848811833333332,0.0,0.0
1783095552281382644,51.119815703,bearingfork_joint,-0.15358884444444443,0.0,0.0
1783095552281382644,51.119815703,grapplecarrier_joint,-0.15533417222222218,0.0,-27.0
1783095552281382644,51.119815703,grappletong1_joint,0.0,0.0,0.0
1783095552281382644,51.119815703,grappletong2_joint,0.0,0.0,0.0
1783095552291611379,51.130044438,slew_joint,1.7383464666666666,0.0,-41.0
1783095552291611379,51.130044438,boom_joint,0.6510072611111111,0.08028507777777777,441.0
1783095552291611379,51.130044438,stick_joint,-1.1536616611111112,-0.00698131111111111,39.0
1783095552291611379,51.130044438,telescope_joint,0.4918,0.0,11.0
1783095552291611379,51.130044438,hanger_joint,0.8848811833333332,0.0,0.0
1783095552291611379,51.130044438,bearingfork_joint,-0.15358884444444443,0.0,0.0
1783095552291611379,51.130044438,grapplecarrier_joint,-0.15533417222222218,0.0,-27.0
1783095552291611379,51.130044438,grappletong1_joint,0.0,0.0,0.0
1783095552291611379,51.130044438,grappletong2_joint,0.0,0.0,0.0
1783095552301115346,51.139548405,slew_joint,1.7383464666666666,0.0,-41.0
1783095552301115346,51.139548405,boom_joint,0.6527525888888889,0.07679442222222221,426.0
1783095552301115346,51.139548405,stick_joint,-1.1536616611111112,-0.01396262222222222,38.0
1783095552301115346,51.139548405,telescope_joint,0.4918,0.0,11.0
1783095552301115346,51.139548405,hanger_joint,0.8866265111111109,-0.024434588888888886,0.0
1783095552301115346,51.139548405,bearingfork_joint,-0.15358884444444443,0.0017453277777777776,0.0
1783095552301115346,51.139548405,grapplecarrier_joint,-0.15533417222222218,0.0,-27.0
1783095552301115346,51.139548405,grappletong1_joint,0.0,0.0,0.0
1783095552301115346,51.139548405,grappletong2_joint,0.0,0.0,0.0
1783095552311740340,51.150173399,slew_joint,1.7383464666666666,0.0,-41.0
1783095552311740340,51.150173399,boom_joint,0.6527525888888889,0.07679442222222221,426.0
1783095552311740340,51.150173399,stick_joint,-1.1536616611111112,-0.01396262222222222,38.0
1783095552311740340,51.150173399,telescope_joint,0.4918,0.0,11.0
1783095552311740340,51.150173399,hanger_joint,0.8866265111111109,-0.024434588888888886,0.0
1783095552311740340,51.150173399,bearingfork_joint,-0.15358884444444443,0.0017453277777777776,0.0
1783095552311740340,51.150173399,grapplecarrier_joint,-0.15533417222222218,0.0,-27.0
1783095552311740340,51.150173399,grappletong1_joint,0.0,0.0,0.0
1783095552311740340,51.150173399,grappletong2_joint,0.0,0.0,0.0
1783095552322292475,51.160725534,slew_joint,1.7383464666666666,0.0,-41.0
1783095552322292475,51.160725534,boom_joint,0.6544979166666666,0.07679442222222221,412.0
1783095552322292475,51.160725534,stick_joint,-1.1536616611111112,-0.012217294444444443,37.0
1783095552322292475,51.160725534,telescope_joint,0.4918,0.0,12.0
1783095552322292475,51.160725534,hanger_joint,0.8883718388888888,-0.05585048888888888,0.0
1783095552322292475,51.160725534,bearingfork_joint,-0.15358884444444443,0.0017453277777777776,0.0
1783095552322292475,51.160725534,grapplecarrier_joint,-0.15533417222222218,0.0,-27.0
1783095552322292475,51.160725534,grappletong1_joint,0.0,0.0,0.0
1783095552322292475,51.160725534,grappletong2_joint,0.0,0.0,0.0
1783095552331425282,51.169858341,slew_joint,1.7383464666666666,0.0,-41.0
1783095552331425282,51.169858341,boom_joint,0.6544979166666666,0.07679442222222221,412.0
1783095552331425282,51.169858341,stick_joint,-1.1536616611111112,-0.012217294444444443,37.0
1783095552331425282,51.169858341,telescope_joint,0.4918,0.0,12.0
1783095552331425282,51.169858341,hanger_joint,0.8883718388888888,-0.05585048888888888,0.0
1783095552331425282,51.169858341,bearingfork_joint,-0.15358884444444443,0.0017453277777777776,0.0
1783095552331425282,51.169858341,grapplecarrier_joint,-0.15533417222222218,0.0,-27.0
1783095552331425282,51.169858341,grappletong1_joint,0.0,0.0,0.0
1783095552331425282,51.169858341,grappletong2_joint,0.0,0.0,0.0
1783095552341858088,51.180291147,slew_joint,1.7383464666666666,0.0,-41.0
1783095552341858088,51.180291147,boom_joint,0.6562432444444444,0.07155843888888888,398.0
1783095552341858088,51.180291147,stick_joint,-1.1536616611111112,-0.012217294444444443,36.0
1783095552341858088,51.180291147,telescope_joint,0.4918,0.0,12.0
1783095552341858088,51.180291147,hanger_joint,0.8883718388888888,-0.07504909444444444,0.0
1783095552341858088,51.180291147,bearingfork_joint,-0.15358884444444443,0.0017453277777777776,0.0
1783095552341858088,51.180291147,grapplecarrier_joint,-0.15533417222222218,0.0,-27.0
1783095552341858088,51.180291147,grappletong1_joint,0.0,0.0,0.0
1783095552341858088,51.180291147,grappletong2_joint,0.0,0.0,0.0
1783095552351417916,51.189850975,slew_joint,1.7383464666666666,0.0,-41.0
1783095552351417916,51.189850975,boom_joint,0.6562432444444444,0.07155843888888888,398.0
1783095552351417916,51.189850975,stick_joint,-1.1536616611111112,-0.012217294444444443,36.0
1783095552351417916,51.189850975,telescope_joint,0.4918,0.0,12.0
1783095552351417916,51.189850975,hanger_joint,0.8883718388888888,-0.07504909444444444,0.0
1783095552351417916,51.189850975,bearingfork_joint,-0.15358884444444443,0.0017453277777777776,0.0
1783095552351417916,51.189850975,grapplecarrier_joint,-0.15533417222222218,0.0,-27.0
1783095552351417916,51.189850975,grappletong1_joint,0.0,0.0,0.0
1783095552351417916,51.189850975,grappletong2_joint,0.0,0.0,0.0
1783095552361280477,51.199713536,slew_joint,1.7383464666666666,0.0,-41.0
1783095552361280477,51.199713536,boom_joint,0.6579885722222222,0.06632245555555555,386.0
1783095552361280477,51.199713536,stick_joint,-1.155406988888889,-0.012217294444444443,36.0
1783095552361280477,51.199713536,telescope_joint,0.4918,0.0,12.0
1783095552361280477,51.199713536,hanger_joint,0.8918624944444444,-0.08377573333333332,0.0
1783095552361280477,51.199713536,bearingfork_joint,-0.15358884444444443,0.0,0.0
1783095552361280477,51.199713536,grapplecarrier_joint,-0.15533417222222218,0.0,-27.0
1783095552361280477,51.199713536,grappletong1_joint,0.0,0.0,0.0
1783095552361280477,51.199713536,grappletong2_joint,0.0,0.0,0.0
1783095552371032935,51.209465994,slew_joint,1.7383464666666666,0.0,-41.0
1783095552371032935,51.209465994,boom_joint,0.6579885722222222,0.06632245555555555,386.0
1783095552371032935,51.209465994,stick_joint,-1.155406988888889,-0.012217294444444443,36.0
1783095552371032935,51.209465994,telescope_joint,0.4918,0.0,12.0
1783095552371032935,51.209465994,hanger_joint,0.8918624944444444,-0.08377573333333332,0.0
1783095552371032935,51.209465994,bearingfork_joint,-0.15358884444444443,0.0,0.0
1783095552371032935,51.209465994,grapplecarrier_joint,-0.15533417222222218,0.0,-27.0
1783095552371032935,51.209465994,grappletong1_joint,0.0,0.0,0.0
1783095552371032935,51.209465994,grappletong2_joint,0.0,0.0,0.0
1783095552381242123,51.219675182,slew_joint,1.7383464666666666,0.0,-41.0
1783095552381242123,51.219675182,boom_joint,0.6597339,0.06457712777777777,374.0
1783095552381242123,51.219675182,stick_joint,-1.155406988888889,-0.012217294444444443,34.0
1783095552381242123,51.219675182,telescope_joint,0.4918,0.0,13.0
1783095552381242123,51.219675182,hanger_joint,0.8936078222222221,-0.09599302777777777,0.0
1783095552381242123,51.219675182,bearingfork_joint,-0.15358884444444443,0.0,0.0
1783095552381242123,51.219675182,grapplecarrier_joint,-0.15533417222222218,0.0,-27.0
1783095552381242123,51.219675182,grappletong1_joint,0.0,0.0,0.0
1783095552381242123,51.219675182,grappletong2_joint,0.0,0.0,0.0
1783095552391467226,51.229900285,slew_joint,1.7383464666666666,0.0,-41.0
1783095552391467226,51.229900285,boom_joint,0.6597339,0.06457712777777777,374.0
1783095552391467226,51.229900285,stick_joint,-1.155406988888889,-0.012217294444444443,34.0
1783095552391467226,51.229900285,telescope_joint,0.4918,0.0,13.0
1783095552391467226,51.229900285,hanger_joint,0.8936078222222221,-0.09599302777777777,0.0
1783095552391467226,51.229900285,bearingfork_joint,-0.15358884444444443,0.0,0.0
1783095552391467226,51.229900285,grapplecarrier_joint,-0.15533417222222218,0.0,-27.0
1783095552391467226,51.229900285,grappletong1_joint,0.0,0.0,0.0
1783095552391467226,51.229900285,grappletong2_joint,0.0,0.0,0.0
1783095552401900859,51.240333918,slew_joint,1.7383464666666666,0.0,-41.0
1783095552401900859,51.240333918,boom_joint,0.6597339,0.05934114444444444,363.0
1783095552401900859,51.240333918,stick_joint,-1.155406988888889,-0.012217294444444443,33.0
1783095552401900859,51.240333918,telescope_joint,0.4918,0.0,13.0
1783095552401900859,51.240333918,hanger_joint,0.8953531499999998,-0.10471966666666666,0.0
1783095552401900859,51.240333918,bearingfork_joint,-0.15358884444444443,0.0,0.0
1783095552401900859,51.240333918,grapplecarrier_joint,-0.15533417222222218,0.0,-27.0
1783095552401900859,51.240333918,grappletong1_joint,0.0,0.0,0.0
1783095552401900859,51.240333918,grappletong2_joint,0.0,0.0,0.0
1783095552411764931,51.25019799,slew_joint,1.7383464666666666,0.0,-41.0
1783095552411764931,51.25019799,boom_joint,0.6597339,0.05934114444444444,363.0
1783095552411764931,51.25019799,stick_joint,-1.155406988888889,-0.012217294444444443,33.0
1783095552411764931,51.25019799,telescope_joint,0.4918,0.0,13.0
1783095552411764931,51.25019799,hanger_joint,0.8953531499999998,-0.10471966666666666,0.0
1783095552411764931,51.25019799,bearingfork_joint,-0.15358884444444443,0.0,0.0
1783095552411764931,51.25019799,grapplecarrier_joint,-0.15533417222222218,0.0,-27.0
1783095552411764931,51.25019799,grappletong1_joint,0.0,0.0,0.0
1783095552411764931,51.25019799,grappletong2_joint,0.0,0.0,0.0
1783095552421664413,51.260097472,slew_joint,1.7383464666666666,0.0017453277777777776,-41.0
1783095552421664413,51.260097472,boom_joint,0.6614792277777778,0.061086472222222216,350.0
1783095552421664413,51.260097472,stick_joint,-1.155406988888889,-0.01570795,32.0
1783095552421664413,51.260097472,telescope_joint,0.4918,0.0,13.0
1783095552421664413,51.260097472,hanger_joint,0.8970984777777777,-0.11344630555555554,0.0
1783095552421664413,51.260097472,bearingfork_joint,-0.15358884444444443,0.0,0.0
1783095552421664413,51.260097472,grapplecarrier_joint,-0.15533417222222218,0.0,-27.0
1783095552421664413,51.260097472,grappletong1_joint,0.0,0.0,0.0
1783095552421664413,51.260097472,grappletong2_joint,0.0,0.0,0.0
1783095552431597580,51.270030639,slew_joint,1.7383464666666666,0.0017453277777777776,-41.0
1783095552431597580,51.270030639,boom_joint,0.6614792277777778,0.061086472222222216,350.0
1783095552431597580,51.270030639,stick_joint,-1.155406988888889,-0.01570795,32.0
1783095552431597580,51.270030639,telescope_joint,0.4918,0.0,13.0
1783095552431597580,51.270030639,hanger_joint,0.8970984777777777,-0.11344630555555554,0.0
1783095552431597580,51.270030639,bearingfork_joint,-0.15358884444444443,0.0,0.0
1783095552431597580,51.270030639,grapplecarrier_joint,-0.15533417222222218,0.0,-27.0
1783095552431597580,51.270030639,grappletong1_joint,0.0,0.0,0.0
1783095552431597580,51.270030639,grappletong2_joint,0.0,0.0,0.0
1783095552441612206,51.280045265,slew_joint,1.7383464666666666,0.003490655555555555,-41.0
1783095552441612206,51.280045265,boom_joint,0.6614792277777778,0.05759581666666666,342.0
1783095552441612206,51.280045265,stick_joint,-1.155406988888889,-0.01396262222222222,31.0
1783095552441612206,51.280045265,telescope_joint,0.4918,0.0,14.0
1783095552441612206,51.280045265,hanger_joint,0.9005891333333333,-0.12042761666666665,0.0
1783095552441612206,51.280045265,bearingfork_joint,-0.15358884444444443,0.0,0.0
1783095552441612206,51.280045265,grapplecarrier_joint,-0.15533417222222218,0.0,-27.0
1783095552441612206,51.280045265,grappletong1_joint,0.0,0.0,0.0
1783095552441612206,51.280045265,grappletong2_joint,0.0,0.0,0.0
1783095552451812046,51.290245105,slew_joint,1.7383464666666666,0.003490655555555555,-41.0
1783095552451812046,51.290245105,boom_joint,0.6614792277777778,0.05759581666666666,342.0
1783095552451812046,51.290245105,stick_joint,-1.155406988888889,-0.01396262222222222,31.0
1783095552451812046,51.290245105,telescope_joint,0.4918,0.0,14.0
1783095552451812046,51.290245105,hanger_joint,0.9005891333333333,-0.12042761666666665,0.0
1783095552451812046,51.290245105,bearingfork_joint,-0.15358884444444443,0.0,0.0
1783095552451812046,51.290245105,grapplecarrier_joint,-0.15533417222222218,0.0,-27.0
1783095552451812046,51.290245105,grappletong1_joint,0.0,0.0,0.0
1783095552451812046,51.290245105,grappletong2_joint,0.0,0.0,0.0
1783095552461154788,51.299587847,slew_joint,1.7383464666666666,0.003490655555555555,-40.0
1783095552461154788,51.299587847,boom_joint,0.6632245555555555,0.054105161111111105,331.0
1783095552461154788,51.299587847,stick_joint,-1.155406988888889,-0.012217294444444443,30.0
1783095552461154788,51.299587847,telescope_joint,0.4918,0.0,14.0
1783095552461154788,51.299587847,hanger_joint,0.902334461111111,-0.12217294444444443,0.0
1783095552461154788,51.299587847,bearingfork_joint,-0.1553341722222222,0.005235983333333333,0.0
1783095552461154788,51.299587847,grapplecarrier_joint,-0.15533417222222218,0.0,-27.0
1783095552461154788,51.299587847,grappletong1_joint,0.0,0.0,0.0
1783095552461154788,51.299587847,grappletong2_joint,0.0,0.0,0.0
1783095552471530232,51.309963291,slew_joint,1.7383464666666666,0.003490655555555555,-40.0
1783095552471530232,51.309963291,boom_joint,0.6632245555555555,0.054105161111111105,331.0
1783095552471530232,51.309963291,stick_joint,-1.155406988888889,-0.012217294444444443,30.0
1783095552471530232,51.309963291,telescope_joint,0.4918,0.0,14.0
1783095552471530232,51.309963291,hanger_joint,0.902334461111111,-0.12217294444444443,0.0
1783095552471530232,51.309963291,bearingfork_joint,-0.1553341722222222,0.005235983333333333,0.0
1783095552471530232,51.309963291,grapplecarrier_joint,-0.15533417222222218,0.0,-27.0
1783095552471530232,51.309963291,grappletong1_joint,0.0,0.0,0.0
1783095552471530232,51.309963291,grappletong2_joint,0.0,0.0,0.0
1783095552481758969,51.320192028,slew_joint,1.7383464666666666,0.003490655555555555,-40.0
1783095552481758969,51.320192028,boom_joint,0.6649698833333333,0.05061450555555555,323.0
1783095552481758969,51.320192028,stick_joint,-1.155406988888889,-0.00698131111111111,29.0
1783095552481758969,51.320192028,telescope_joint,0.4918,0.0,14.0
1783095552481758969,51.320192028,hanger_joint,0.9058251166666667,-0.1326449111111111,0.0
1783095552481758969,51.320192028,bearingfork_joint,-0.1553341722222222,0.01396262222222222,0.0
1783095552481758969,51.320192028,grapplecarrier_joint,-0.15533417222222218,0.0,-27.0
1783095552481758969,51.320192028,grappletong1_joint,0.0,0.0,0.0
1783095552481758969,51.320192028,grappletong2_joint,0.0,0.0,0.0
1783095552491717409,51.330150468,slew_joint,1.7383464666666666,0.003490655555555555,-40.0
1783095552491717409,51.330150468,boom_joint,0.6649698833333333,0.05061450555555555,323.0
1783095552491717409,51.330150468,stick_joint,-1.155406988888889,-0.00698131111111111,29.0
1783095552491717409,51.330150468,telescope_joint,0.4918,0.0,14.0
1783095552491717409,51.330150468,hanger_joint,0.9058251166666667,-0.1326449111111111,0.0
1783095552491717409,51.330150468,bearingfork_joint,-0.1553341722222222,0.01396262222222222,0.0
1783095552491717409,51.330150468,grapplecarrier_joint,-0.15533417222222218,0.0,-27.0
1783095552491717409,51.330150468,grappletong1_joint,0.0,0.0,0.0
1783095552491717409,51.330150468,grappletong2_joint,0.0,0.0,0.0
1783095552501291542,51.339724601,slew_joint,1.7383464666666666,0.003490655555555555,-40.0
1783095552501291542,51.339724601,boom_joint,0.6649698833333333,0.047123849999999995,314.0
1783095552501291542,51.339724601,stick_joint,-1.155406988888889,-0.008726638888888888,28.0
1783095552501291542,51.339724601,telescope_joint,0.4918,0.0,14.0
1783095552501291542,51.339724601,hanger_joint,0.9075704444444443,-0.13613556666666665,0.0
1783095552501291542,51.339724601,bearingfork_joint,-0.1553341722222222,0.02094393333333333,0.0
1783095552501291542,51.339724601,grapplecarrier_joint,-0.15533417222222218,0.0,-26.0
1783095552501291542,51.339724601,grappletong1_joint,0.0,0.0,0.0
1783095552501291542,51.339724601,grappletong2_joint,0.0,0.0,0.0
1783095552511448535,51.349881594,slew_joint,1.7383464666666666,0.003490655555555555,-40.0
1783095552511448535,51.349881594,boom_joint,0.6649698833333333,0.047123849999999995,314.0
1783095552511448535,51.349881594,stick_joint,-1.155406988888889,-0.008726638888888888,28.0
1783095552511448535,51.349881594,telescope_joint,0.4918,0.0,14.0
1783095552511448535,51.349881594,hanger_joint,0.9075704444444443,-0.13613556666666665,0.0
1783095552511448535,51.349881594,bearingfork_joint,-0.1553341722222222,0.02094393333333333,0.0
1783095552511448535,51.349881594,grapplecarrier_joint,-0.15533417222222218,0.0,-26.0
1783095552511448535,51.349881594,grappletong1_joint,0.0,0.0,0.0
1783095552511448535,51.349881594,grappletong2_joint,0.0,0.0,0.0
1783095552521864635,51.360297694,slew_joint,1.7383464666666666,0.003490655555555555,-40.0
1783095552521864635,51.360297694,boom_joint,0.6667152111111111,0.04363319444444444,306.0
1783095552521864635,51.360297694,stick_joint,-1.155406988888889,-0.00698131111111111,27.0
1783095552521864635,51.360297694,telescope_joint,0.4918,0.0,15.0
1783095552521864635,51.360297694,hanger_joint,0.9093157722222223,-0.10821032222222221,0.0
1783095552521864635,51.360297694,bearingfork_joint,-0.1553341722222222,0.01570795,0.0
1783095552521864635,51.360297694,grapplecarrier_joint,-0.15533417222222218,0.0,-26.0
1783095552521864635,51.360297694,grappletong1_joint,0.0,0.0,0.0
1783095552521864635,51.360297694,grappletong2_joint,0.0,0.0,0.0
1783095552531430933,51.369863992,slew_joint,1.7383464666666666,0.003490655555555555,-40.0
1783095552531430933,51.369863992,boom_joint,0.6667152111111111,0.04363319444444444,306.0
1783095552531430933,51.369863992,stick_joint,-1.155406988888889,-0.00698131111111111,27.0
1783095552531430933,51.369863992,telescope_joint,0.4918,0.0,15.0
1783095552531430933,51.369863992,hanger_joint,0.9093157722222223,-0.10821032222222221,0.0
1783095552531430933,51.369863992,bearingfork_joint,-0.1553341722222222,0.01570795,0.0
1783095552531430933,51.369863992,grapplecarrier_joint,-0.15533417222222218,0.0,-26.0
1783095552531430933,51.369863992,grappletong1_joint,0.0,0.0,0.0
1783095552531430933,51.369863992,grappletong2_joint,0.0,0.0,0.0
1783095552541696109,51.380129168,slew_joint,1.7383464666666666,0.003490655555555555,-39.0
1783095552541696109,51.380129168,boom_joint,0.6667152111111111,0.040142538888888885,300.0
1783095552541696109,51.380129168,stick_joint,-1.155406988888889,-0.003490655555555555,26.0
1783095552541696109,51.380129168,telescope_joint,0.4918,0.0,15.0
1783095552541696109,51.380129168,hanger_joint,0.9110611,-0.07679442222222221,0.0
1783095552541696109,51.380129168,bearingfork_joint,-0.1553341722222222,0.008726638888888888,0.0
1783095552541696109,51.380129168,grapplecarrier_joint,-0.15533417222222218,0.0,-26.0
1783095552541696109,51.380129168,grappletong1_joint,0.0,0.0,0.0
1783095552541696109,51.380129168,grappletong2_joint,0.0,0.0,0.0
1783095552551794585,51.390227644,slew_joint,1.7383464666666666,0.003490655555555555,-39.0
1783095552551794585,51.390227644,boom_joint,0.6667152111111111,0.040142538888888885,300.0
1783095552551794585,51.390227644,stick_joint,-1.155406988888889,-0.003490655555555555,26.0
1783095552551794585,51.390227644,telescope_joint,0.4918,0.0,15.0
1783095552551794585,51.390227644,hanger_joint,0.9110611,-0.07679442222222221,0.0
1783095552551794585,51.390227644,bearingfork_joint,-0.1553341722222222,0.008726638888888888,0.0
1783095552551794585,51.390227644,grapplecarrier_joint,-0.15533417222222218,0.0,-26.0
1783095552551794585,51.390227644,grappletong1_joint,0.0,0.0,0.0
1783095552551794585,51.390227644,grappletong2_joint,0.0,0.0,0.0
1783095552561468064,51.399901123,slew_joint,1.7383464666666666,0.0017453277777777776,-39.0
1783095552561468064,51.399901123,boom_joint,0.6667152111111111,0.03839721111111111,291.0
1783095552561468064,51.399901123,stick_joint,-1.1571523166666664,-0.00698131111111111,26.0
1783095552561468064,51.399901123,telescope_joint,0.4918,0.0,15.0
1783095552561468064,51.399901123,hanger_joint,0.9110611,-0.04363319444444444,0.0
1783095552561468064,51.399901123,bearingfork_joint,-0.1553341722222222,0.0017453277777777776,0.0
1783095552561468064,51.399901123,grapplecarrier_joint,-0.15533417222222218,0.0,-26.0
1783095552561468064,51.399901123,grappletong1_joint,0.0,0.0,0.0
1783095552561468064,51.399901123,grappletong2_joint,0.0,0.0,0.0
1783095552572821617,51.411254676,slew_joint,1.7383464666666666,0.0017453277777777776,-39.0
1783095552572821617,51.411254676,boom_joint,0.6667152111111111,0.03839721111111111,291.0
1783095552572821617,51.411254676,stick_joint,-1.1571523166666664,-0.00698131111111111,26.0
1783095552572821617,51.411254676,telescope_joint,0.4918,0.0,15.0
1783095552572821617,51.411254676,hanger_joint,0.9110611,-0.04363319444444444,0.0
1783095552572821617,51.411254676,bearingfork_joint,-0.1553341722222222,0.0017453277777777776,0.0
1783095552572821617,51.411254676,grapplecarrier_joint,-0.15533417222222218,0.0,-26.0
1783095552572821617,51.411254676,grappletong1_joint,0.0,0.0,0.0
1783095552572821617,51.411254676,grappletong2_joint,0.0,0.0,0.0
1783095552581739932,51.420172991,slew_joint,1.7383464666666666,0.0017453277777777776,-38.0
1783095552581739932,51.420172991,boom_joint,0.6684605388888889,0.03665188333333333,286.0
1783095552581739932,51.420172991,stick_joint,-1.1571523166666664,-0.00698131111111111,25.0
1783095552581739932,51.420172991,telescope_joint,0.4918,0.0,15.0
1783095552581739932,51.420172991,hanger_joint,0.9110611,-0.02792524444444444,0.0
1783095552581739932,51.420172991,bearingfork_joint,-0.1553341722222222,0.0017453277777777776,0.0
1783095552581739932,51.420172991,grapplecarrier_joint,-0.15533417222222218,0.0,-26.0
1783095552581739932,51.420172991,grappletong1_joint,0.0,0.0,0.0
1783095552581739932,51.420172991,grappletong2_joint,0.0,0.0,0.0
1783095552591615618,51.430048677,slew_joint,1.7383464666666666,0.0017453277777777776,-38.0
1783095552591615618,51.430048677,boom_joint,0.6684605388888889,0.03665188333333333,286.0
1783095552591615618,51.430048677,stick_joint,-1.1571523166666664,-0.00698131111111111,25.0
1783095552591615618,51.430048677,telescope_joint,0.4918,0.0,15.0
1783095552591615618,51.430048677,hanger_joint,0.9110611,-0.02792524444444444,0.0
1783095552591615618,51.430048677,bearingfork_joint,-0.1553341722222222,0.0017453277777777776,0.0
1783095552591615618,51.430048677,grapplecarrier_joint,-0.15533417222222218,0.0,-26.0
1783095552591615618,51.430048677,grappletong1_joint,0.0,0.0,0.0
1783095552591615618,51.430048677,grappletong2_joint,0.0,0.0,0.0
1783095552601321393,51.439754452,slew_joint,1.7383464666666666,0.0017453277777777776,-37.0
1783095552601321393,51.439754452,boom_joint,0.6684605388888889,0.03665188333333333,278.0
1783095552601321393,51.439754452,stick_joint,-1.1571523166666664,-0.005235983333333333,24.0
1783095552601321393,51.439754452,telescope_joint,0.4918,0.0,16.0
1783095552601321393,51.439754452,hanger_joint,0.9110611,-0.017453277777777776,0.0
1783095552601321393,51.439754452,bearingfork_joint,-0.1553341722222222,0.0017453277777777776,0.0
1783095552601321393,51.439754452,grapplecarrier_joint,-0.15533417222222218,0.0,-26.0
1783095552601321393,51.439754452,grappletong1_joint,0.0,0.0,0.0
1783095552601321393,51.439754452,grappletong2_joint,0.0,0.0,0.0
1783095552611107039,51.449540098,slew_joint,1.7383464666666666,0.0017453277777777776,-37.0
1783095552611107039,51.449540098,boom_joint,0.6684605388888889,0.03665188333333333,278.0
1783095552611107039,51.449540098,stick_joint,-1.1571523166666664,-0.005235983333333333,24.0
1783095552611107039,51.449540098,telescope_joint,0.4918,0.0,16.0
1783095552611107039,51.449540098,hanger_joint,0.9110611,-0.017453277777777776,0.0
1783095552611107039,51.449540098,bearingfork_joint,-0.1553341722222222,0.0017453277777777776,0.0
1783095552611107039,51.449540098,grapplecarrier_joint,-0.15533417222222218,0.0,-26.0
1783095552611107039,51.449540098,grappletong1_joint,0.0,0.0,0.0
1783095552611107039,51.449540098,grappletong2_joint,0.0,0.0,0.0
1783095552620929873,51.459362932,slew_joint,1.7383464666666666,0.0017453277777777776,-37.0
1783095552620929873,51.459362932,boom_joint,0.6702058666666667,0.03665188333333333,272.0
1783095552620929873,51.459362932,stick_joint,-1.1571523166666664,-0.0017453277777777776,23.0
1783095552620929873,51.459362932,telescope_joint,0.4918,0.0,16.0
1783095552620929873,51.459362932,hanger_joint,0.9128064277777777,-0.01396262222222222,0.0
1783095552620929873,51.459362932,bearingfork_joint,-0.1553341722222222,0.0,0.0
1783095552620929873,51.459362932,grapplecarrier_joint,-0.15533417222222218,0.0,-26.0
1783095552620929873,51.459362932,grappletong1_joint,0.0,0.0,0.0
1783095552620929873,51.459362932,grappletong2_joint,0.0,0.0,0.0
1783095552631667319,51.470100378,slew_joint,1.7383464666666666,0.0017453277777777776,-37.0
1783095552631667319,51.470100378,boom_joint,0.6702058666666667,0.03665188333333333,272.0
1783095552631667319,51.470100378,stick_joint,-1.1571523166666664,-0.0017453277777777776,23.0
1783095552631667319,51.470100378,telescope_joint,0.4918,0.0,16.0
1783095552631667319,51.470100378,hanger_joint,0.9128064277777777,-0.01396262222222222,0.0
1783095552631667319,51.470100378,bearingfork_joint,-0.1553341722222222,0.0,0.0
1783095552631667319,51.470100378,grapplecarrier_joint,-0.15533417222222218,0.0,-26.0
1783095552631667319,51.470100378,grappletong1_joint,0.0,0.0,0.0
1783095552631667319,51.470100378,grappletong2_joint,0.0,0.0,0.0
1783095552641797896,51.480230955,slew_joint,1.7383464666666666,0.0017453277777777776,-36.0
1783095552641797896,51.480230955,boom_joint,0.6702058666666667,0.03665188333333333,265.0
1783095552641797896,51.480230955,stick_joint,-1.1571523166666664,-0.005235983333333333,21.0
1783095552641797896,51.480230955,telescope_joint,0.4918,0.0,16.0
1783095552641797896,51.480230955,hanger_joint,0.9128064277777777,-0.005235983333333333,0.0
1783095552641797896,51.480230955,bearingfork_joint,-0.1553341722222222,0.0,0.0
1783095552641797896,51.480230955,grapplecarrier_joint,-0.15533417222222218,0.0017453277777777776,-26.0
1783095552641797896,51.480230955,grappletong1_joint,0.0,0.0,0.0
1783095552641797896,51.480230955,grappletong2_joint,0.0,0.0,0.0
1783095552651712534,51.490145593,slew_joint,1.7383464666666666,0.0017453277777777776,-36.0
1783095552651712534,51.490145593,boom_joint,0.6702058666666667,0.03665188333333333,265.0
1783095552651712534,51.490145593,stick_joint,-1.1571523166666664,-0.005235983333333333,21.0
1783095552651712534,51.490145593,telescope_joint,0.4918,0.0,16.0
1783095552651712534,51.490145593,hanger_joint,0.9128064277777777,-0.005235983333333333,0.0
1783095552651712534,51.490145593,bearingfork_joint,-0.1553341722222222,0.0,0.0
1783095552651712534,51.490145593,grapplecarrier_joint,-0.15533417222222218,0.0017453277777777776,-26.0
1783095552651712534,51.490145593,grappletong1_joint,0.0,0.0,0.0
1783095552651712534,51.490145593,grappletong2_joint,0.0,0.0,0.0
1783095552661601267,51.500034326,slew_joint,1.7383464666666666,0.0017453277777777776,-36.0
1783095552661601267,51.500034326,boom_joint,0.6702058666666667,0.033161227777777774,260.0
1783095552661601267,51.500034326,stick_joint,-1.1571523166666664,-0.005235983333333333,19.0
1783095552661601267,51.500034326,telescope_joint,0.4918,0.0,16.0
1783095552661601267,51.500034326,hanger_joint,0.9128064277777777,-0.005235983333333333,0.0
1783095552661601267,51.500034326,bearingfork_joint,-0.1553341722222222,0.0,0.0
1783095552661601267,51.500034326,grapplecarrier_joint,-0.15533417222222218,0.0017453277777777776,-26.0
1783095552661601267,51.500034326,grappletong1_joint,0.0,0.0,0.0
1783095552661601267,51.500034326,grappletong2_joint,0.0,0.0,0.0
1783095552671279661,51.50971272,slew_joint,1.7383464666666666,0.0017453277777777776,-36.0
1783095552671279661,51.50971272,boom_joint,0.6702058666666667,0.033161227777777774,260.0
1783095552671279661,51.50971272,stick_joint,-1.1571523166666664,-0.005235983333333333,19.0
1783095552671279661,51.50971272,telescope_joint,0.4918,0.0,16.0
1783095552671279661,51.50971272,hanger_joint,0.9128064277777777,-0.005235983333333333,0.0
1783095552671279661,51.50971272,bearingfork_joint,-0.1553341722222222,0.0,0.0
1783095552671279661,51.50971272,grapplecarrier_joint,-0.15533417222222218,0.0017453277777777776,-26.0
1783095552671279661,51.50971272,grappletong1_joint,0.0,0.0,0.0
1783095552671279661,51.50971272,grappletong2_joint,0.0,0.0,0.0
1783095552681333541,51.5197666,slew_joint,1.7383464666666666,0.0017453277777777776,-36.0
1783095552681333541,51.5197666,boom_joint,0.6719511944444444,0.033161227777777774,255.0
1783095552681333541,51.5197666,stick_joint,-1.1571523166666664,-0.005235983333333333,18.0
1783095552681333541,51.5197666,telescope_joint,0.4918,0.0,16.0
1783095552681333541,51.5197666,hanger_joint,0.9145517555555556,-0.05061450555555555,0.0
1783095552681333541,51.5197666,bearingfork_joint,-0.1553341722222222,0.0,0.0
1783095552681333541,51.5197666,grapplecarrier_joint,-0.15533417222222218,0.0,-26.0
1783095552681333541,51.5197666,grappletong1_joint,0.0,0.0,0.0
1783095552681333541,51.5197666,grappletong2_joint,0.0,0.0,0.0
1783095552691847263,51.530280322,slew_joint,1.7383464666666666,0.0017453277777777776,-36.0
1783095552691847263,51.530280322,boom_joint,0.6719511944444444,0.033161227777777774,255.0
1783095552691847263,51.530280322,stick_joint,-1.1571523166666664,-0.005235983333333333,18.0
1783095552691847263,51.530280322,telescope_joint,0.4918,0.0,16.0
1783095552691847263,51.530280322,hanger_joint,0.9145517555555556,-0.05061450555555555,0.0
1783095552691847263,51.530280322,bearingfork_joint,-0.1553341722222222,0.0,0.0
1783095552691847263,51.530280322,grapplecarrier_joint,-0.15533417222222218,0.0,-26.0
1783095552691847263,51.530280322,grappletong1_joint,0.0,0.0,0.0
1783095552691847263,51.530280322,grappletong2_joint,0.0,0.0,0.0
1783095552701403899,51.539836958,slew_joint,1.7383464666666666,0.0017453277777777776,-36.0
1783095552701403899,51.539836958,boom_joint,0.6719511944444444,0.0314159,250.0
1783095552701403899,51.539836958,stick_joint,-1.1571523166666664,-0.005235983333333333,18.0
1783095552701403899,51.539836958,telescope_joint,0.4918,0.0,16.0
1783095552701403899,51.539836958,hanger_joint,0.918042411111111,-0.10297433888888888,0.0
1783095552701403899,51.539836958,bearingfork_joint,-0.1553341722222222,0.0,0.0
1783095552701403899,51.539836958,grapplecarrier_joint,-0.15533417222222218,0.0,-26.0
1783095552701403899,51.539836958,grappletong1_joint,0.0,0.0,0.0
1783095552701403899,51.539836958,grappletong2_joint,0.0,0.0,0.0
1783095552711506641,51.5499397,slew_joint,1.7383464666666666,0.0017453277777777776,-36.0
1783095552711506641,51.5499397,boom_joint,0.6719511944444444,0.0314159,250.0
1783095552711506641,51.5499397,stick_joint,-1.1571523166666664,-0.005235983333333333,18.0
1783095552711506641,51.5499397,telescope_joint,0.4918,0.0,16.0
1783095552711506641,51.5499397,hanger_joint,0.918042411111111,-0.10297433888888888,0.0
1783095552711506641,51.5499397,bearingfork_joint,-0.1553341722222222,0.0,0.0
1783095552711506641,51.5499397,grapplecarrier_joint,-0.15533417222222218,0.0,-26.0
1783095552711506641,51.5499397,grappletong1_joint,0.0,0.0,0.0
1783095552711506641,51.5499397,grappletong2_joint,0.0,0.0,0.0
1783095552721999263,51.560432322,slew_joint,1.7383464666666666,0.0,-35.0
1783095552721999263,51.560432322,boom_joint,0.6719511944444444,0.033161227777777774,246.0
1783095552721999263,51.560432322,stick_joint,-1.1571523166666664,-0.005235983333333333,18.0
1783095552721999263,51.560432322,telescope_joint,0.4918,0.0,17.0
1783095552721999263,51.560432322,hanger_joint,0.9197877388888887,-0.11344630555555554,0.0
1783095552721999263,51.560432322,bearingfork_joint,-0.1553341722222222,0.0,0.0
1783095552721999263,51.560432322,grapplecarrier_joint,-0.15533417222222218,0.0,-26.0
1783095552721999263,51.560432322,grappletong1_joint,0.0,0.0,0.0
1783095552721999263,51.560432322,grappletong2_joint,0.0,0.0,0.0
1783095552731642648,51.570075707,slew_joint,1.7383464666666666,0.0,-35.0
1783095552731642648,51.570075707,boom_joint,0.6719511944444444,0.033161227777777774,246.0
1783095552731642648,51.570075707,stick_joint,-1.1571523166666664,-0.005235983333333333,18.0
1783095552731642648,51.570075707,telescope_joint,0.4918,0.0,17.0
1783095552731642648,51.570075707,hanger_joint,0.9197877388888887,-0.11344630555555554,0.0
1783095552731642648,51.570075707,bearingfork_joint,-0.1553341722222222,0.0,0.0
1783095552731642648,51.570075707,grapplecarrier_joint,-0.15533417222222218,0.0,-26.0
1783095552731642648,51.570075707,grappletong1_joint,0.0,0.0,0.0
1783095552731642648,51.570075707,grappletong2_joint,0.0,0.0,0.0
1783095552741596649,51.580029708,slew_joint,1.7383464666666666,0.0017453277777777776,-35.0
1783095552741596649,51.580029708,boom_joint,0.6736965222222222,0.0314159,242.0
1783095552741596649,51.580029708,stick_joint,-1.1571523166666664,-0.0017453277777777776,18.0
1783095552741596649,51.580029708,telescope_joint,0.4918,0.0,16.0
1783095552741596649,51.580029708,hanger_joint,0.9215330666666666,-0.1012290111111111,0.0
1783095552741596649,51.580029708,bearingfork_joint,-0.1553341722222222,0.0,0.0
1783095552741596649,51.580029708,grapplecarrier_joint,-0.15533417222222218,0.0,-26.0
1783095552741596649,51.580029708,grappletong1_joint,0.0,0.0,0.0
1783095552741596649,51.580029708,grappletong2_joint,0.0,0.0,0.0
1783095552751545050,51.589978109,slew_joint,1.7383464666666666,0.0017453277777777776,-35.0
1783095552751545050,51.589978109,boom_joint,0.6736965222222222,0.0314159,242.0
1783095552751545050,51.589978109,stick_joint,-1.1571523166666664,-0.0017453277777777776,18.0
1783095552751545050,51.589978109,telescope_joint,0.4918,0.0,16.0
1783095552751545050,51.589978109,hanger_joint,0.9215330666666666,-0.1012290111111111,0.0
1783095552751545050,51.589978109,bearingfork_joint,-0.1553341722222222,0.0,0.0
1783095552751545050,51.589978109,grapplecarrier_joint,-0.15533417222222218,0.0,-26.0
1783095552751545050,51.589978109,grappletong1_joint,0.0,0.0,0.0
1783095552751545050,51.589978109,grappletong2_joint,0.0,0.0,0.0
1783095552761344169,51.599777228,slew_joint,1.7383464666666666,0.003490655555555555,-35.0
1783095552761344169,51.599777228,boom_joint,0.6736965222222222,0.0314159,239.0
1783095552761344169,51.599777228,stick_joint,-1.1571523166666664,-0.0017453277777777776,18.0
1783095552761344169,51.599777228,telescope_joint,0.4918,0.0,16.0
1783095552761344169,51.599777228,hanger_joint,0.9232783944444443,-0.09599302777777777,0.0
1783095552761344169,51.599777228,bearingfork_joint,-0.1553341722222222,0.0,0.0
1783095552761344169,51.599777228,grapplecarrier_joint,-0.15533417222222218,0.0,-26.0
1783095552761344169,51.599777228,grappletong1_joint,0.0,0.0,0.0
1783095552761344169,51.599777228,grappletong2_joint,0.0,0.0,0.0
1783095552771420937,51.609853996,slew_joint,1.7383464666666666,0.003490655555555555,-35.0
1783095552771420937,51.609853996,boom_joint,0.6736965222222222,0.0314159,239.0
1783095552771420937,51.609853996,stick_joint,-1.1571523166666664,-0.0017453277777777776,18.0
1783095552771420937,51.609853996,telescope_joint,0.4918,0.0,16.0
1783095552771420937,51.609853996,hanger_joint,0.9232783944444443,-0.09599302777777777,0.0
1783095552771420937,51.609853996,bearingfork_joint,-0.1553341722222222,0.0,0.0
1783095552771420937,51.609853996,grapplecarrier_joint,-0.15533417222222218,0.0,-26.0
1783095552771420937,51.609853996,grappletong1_joint,0.0,0.0,0.0
1783095552771420937,51.609853996,grappletong2_joint,0.0,0.0,0.0
1783095552781518621,51.61995168,slew_joint,1.7383464666666666,0.0017453277777777776,-35.0
1783095552781518621,51.61995168,boom_joint,0.6754418499999999,0.02792524444444444,233.0
1783095552781518621,51.61995168,stick_joint,-1.1571523166666664,-0.0017453277777777776,19.0
1783095552781518621,51.61995168,telescope_joint,0.4919,0.001,16.0
1783095552781518621,51.61995168,hanger_joint,0.9250237222222222,-0.1012290111111111,0.0
1783095552781518621,51.61995168,bearingfork_joint,-0.1553341722222222,0.0,0.0
1783095552781518621,51.61995168,grapplecarrier_joint,-0.15533417222222218,0.0,-26.0
1783095552781518621,51.61995168,grappletong1_joint,0.0,0.0,0.0
1783095552781518621,51.61995168,grappletong2_joint,0.0,0.0,0.0
1783095552797998419,51.636431478,slew_joint,1.7383464666666666,0.0017453277777777776,-35.0
1783095552797998419,51.636431478,boom_joint,0.6754418499999999,0.02792524444444444,233.0
1783095552797998419,51.636431478,stick_joint,-1.1571523166666664,-0.0017453277777777776,19.0
1783095552797998419,51.636431478,telescope_joint,0.4919,0.001,16.0
1783095552797998419,51.636431478,hanger_joint,0.9250237222222222,-0.1012290111111111,0.0
1783095552797998419,51.636431478,bearingfork_joint,-0.1553341722222222,0.0,0.0
1783095552797998419,51.636431478,grapplecarrier_joint,-0.15533417222222218,0.0,-26.0
1783095552797998419,51.636431478,grappletong1_joint,0.0,0.0,0.0
1783095552797998419,51.636431478,grappletong2_joint,0.0,0.0,0.0
1783095552801408356,51.639841415,slew_joint,1.7383464666666666,0.003490655555555555,-35.0
1783095552801408356,51.639841415,boom_joint,0.6754418499999999,0.02792524444444444,230.0
1783095552801408356,51.639841415,stick_joint,-1.1571523166666664,-0.0017453277777777776,19.0
1783095552801408356,51.639841415,telescope_joint,0.4919,0.001,16.0
1783095552801408356,51.639841415,hanger_joint,0.9267690499999999,-0.09075704444444443,0.0
1783095552801408356,51.639841415,bearingfork_joint,-0.1553341722222222,0.0,0.0
1783095552801408356,51.639841415,grapplecarrier_joint,-0.15533417222222218,0.0,-26.0
1783095552801408356,51.639841415,grappletong1_joint,0.0,0.0,0.0
1783095552801408356,51.639841415,grappletong2_joint,0.0,0.0,0.0
1783095552811565469,51.649998528,slew_joint,1.7383464666666666,0.003490655555555555,-35.0
1783095552811565469,51.649998528,boom_joint,0.6754418499999999,0.02792524444444444,230.0
1783095552811565469,51.649998528,stick_joint,-1.1571523166666664,-0.0017453277777777776,19.0
1783095552811565469,51.649998528,telescope_joint,0.4919,0.001,16.0
1783095552811565469,51.649998528,hanger_joint,0.9267690499999999,-0.09075704444444443,0.0
1783095552811565469,51.649998528,bearingfork_joint,-0.1553341722222222,0.0,0.0
1783095552811565469,51.649998528,grapplecarrier_joint,-0.15533417222222218,0.0,-26.0
1783095552811565469,51.649998528,grappletong1_joint,0.0,0.0,0.0
1783095552811565469,51.649998528,grappletong2_joint,0.0,0.0,0.0
1783095552821218723,51.659651782,slew_joint,1.7383464666666666,0.003490655555555555,-34.0
1783095552821218723,51.659651782,boom_joint,0.6754418499999999,0.0314159,228.0
1783095552821218723,51.659651782,stick_joint,-1.1571523166666664,-0.0017453277777777776,19.0
1783095552821218723,51.659651782,telescope_joint,0.4919,0.001,16.0
1783095552821218723,51.659651782,hanger_joint,0.9285143777777776,-0.0855210611111111,0.0
1783095552821218723,51.659651782,bearingfork_joint,-0.1553341722222222,0.0,0.0
1783095552821218723,51.659651782,grapplecarrier_joint,-0.15533417222222218,0.0,-26.0
1783095552821218723,51.659651782,grappletong1_joint,0.0,0.0,0.0
1783095552821218723,51.659651782,grappletong2_joint,0.0,0.0,0.0
1783095552831360411,51.66979347,slew_joint,1.7383464666666666,0.003490655555555555,-34.0
1783095552831360411,51.66979347,boom_joint,0.6754418499999999,0.0314159,228.0
1783095552831360411,51.66979347,stick_joint,-1.1571523166666664,-0.0017453277777777776,19.0
1783095552831360411,51.66979347,telescope_joint,0.4919,0.001,16.0
1783095552831360411,51.66979347,hanger_joint,0.9285143777777776,-0.0855210611111111,0.0
1783095552831360411,51.66979347,bearingfork_joint,-0.1553341722222222,0.0,0.0
1783095552831360411,51.66979347,grapplecarrier_joint,-0.15533417222222218,0.0,-26.0
1783095552831360411,51.66979347,grappletong1_joint,0.0,0.0,0.0
1783095552831360411,51.66979347,grappletong2_joint,0.0,0.0,0.0
1783095552841138132,51.679571191,slew_joint,1.7383464666666666,0.003490655555555555,-34.0
1783095552841138132,51.679571191,boom_joint,0.6771871777777777,0.0314159,223.0
1783095552841138132,51.679571191,stick_joint,-1.1571523166666664,-0.0017453277777777776,20.0
1783095552841138132,51.679571191,telescope_joint,0.492,0.002,16.0
1783095552841138132,51.679571191,hanger_joint,0.9302597055555555,-0.07853974999999999,0.0
1783095552841138132,51.679571191,bearingfork_joint,-0.1553341722222222,0.0017453277777777776,0.0
1783095552841138132,51.679571191,grapplecarrier_joint,-0.15533417222222218,0.0,-26.0
1783095552841138132,51.679571191,grappletong1_joint,0.0,0.0,0.0
1783095552841138132,51.679571191,grappletong2_joint,0.0,0.0,0.0
1783095552851140591,51.68957365,slew_joint,1.7383464666666666,0.003490655555555555,-34.0
1783095552851140591,51.68957365,boom_joint,0.6771871777777777,0.0314159,223.0
1783095552851140591,51.68957365,stick_joint,-1.1571523166666664,-0.0017453277777777776,20.0
1783095552851140591,51.68957365,telescope_joint,0.492,0.002,16.0
1783095552851140591,51.68957365,hanger_joint,0.9302597055555555,-0.07853974999999999,0.0
1783095552851140591,51.68957365,bearingfork_joint,-0.1553341722222222,0.0017453277777777776,0.0
1783095552851140591,51.68957365,grapplecarrier_joint,-0.15533417222222218,0.0,-26.0
1783095552851140591,51.68957365,grappletong1_joint,0.0,0.0,0.0
1783095552851140591,51.68957365,grappletong2_joint,0.0,0.0,0.0
1783095552861217579,51.699650638,slew_joint,1.7383464666666666,0.003490655555555555,-34.0
1783095552861217579,51.699650638,boom_joint,0.6771871777777777,0.0314159,217.0
1783095552861217579,51.699650638,stick_joint,-1.1571523166666664,-0.003490655555555555,21.0
1783095552861217579,51.699650638,telescope_joint,0.492,0.002,15.0
1783095552861217579,51.699650638,hanger_joint,0.9320050333333332,-0.07330376666666666,0.0
1783095552861217579,51.699650638,bearingfork_joint,-0.1553341722222222,0.003490655555555555,0.0
1783095552861217579,51.699650638,grapplecarrier_joint,-0.15533417222222218,0.0,-26.0
1783095552861217579,51.699650638,grappletong1_joint,0.0,0.0,0.0
1783095552861217579,51.699650638,grappletong2_joint,0.0,0.0,0.0
1783095552871931229,51.710364288,slew_joint,1.7383464666666666,0.003490655555555555,-34.0
1783095552871931229,51.710364288,boom_joint,0.6771871777777777,0.0314159,217.0
1783095552871931229,51.710364288,stick_joint,-1.1571523166666664,-0.003490655555555555,21.0
1783095552871931229,51.710364288,telescope_joint,0.492,0.002,15.0
1783095552871931229,51.710364288,hanger_joint,0.9320050333333332,-0.07330376666666666,0.0
1783095552871931229,51.710364288,bearingfork_joint,-0.1553341722222222,0.003490655555555555,0.0
1783095552871931229,51.710364288,grapplecarrier_joint,-0.15533417222222218,0.0,-26.0
1783095552871931229,51.710364288,grappletong1_joint,0.0,0.0,0.0
1783095552871931229,51.710364288,grappletong2_joint,0.0,0.0,0.0
1783095552881543923,51.719976982,slew_joint,1.7383464666666666,0.003490655555555555,-33.0
1783095552881543923,51.719976982,boom_joint,0.6771871777777777,0.0314159,213.0
1783095552881543923,51.719976982,stick_joint,-1.1571523166666664,-0.0017453277777777776,22.0
1783095552881543923,51.719976982,telescope_joint,0.4921,0.002,15.0
1783095552881543923,51.719976982,hanger_joint,0.9320050333333332,-0.0698131111111111,0.0
1783095552881543923,51.719976982,bearingfork_joint,-0.15707949999999998,0.00698131111111111,0.0
1783095552881543923,51.719976982,grapplecarrier_joint,-0.15533417222222218,0.0,-26.0
1783095552881543923,51.719976982,grappletong1_joint,0.0,0.0,0.0
1783095552881543923,51.719976982,grappletong2_joint,0.0,0.0,0.0
1783095552891651767,51.730084826,slew_joint,1.7383464666666666,0.003490655555555555,-33.0
1783095552891651767,51.730084826,boom_joint,0.6771871777777777,0.0314159,213.0
1783095552891651767,51.730084826,stick_joint,-1.1571523166666664,-0.0017453277777777776,22.0
1783095552891651767,51.730084826,telescope_joint,0.4921,0.002,15.0
1783095552891651767,51.730084826,hanger_joint,0.9320050333333332,-0.0698131111111111,0.0
1783095552891651767,51.730084826,bearingfork_joint,-0.15707949999999998,0.00698131111111111,0.0
1783095552891651767,51.730084826,grapplecarrier_joint,-0.15533417222222218,0.0,-26.0
1783095552891651767,51.730084826,grappletong1_joint,0.0,0.0,0.0
1783095552891651767,51.730084826,grappletong2_joint,0.0,0.0,0.0
1783095552901295033,51.739728092,slew_joint,1.7383464666666666,0.005235983333333333,-32.0
1783095552901295033,51.739728092,boom_joint,0.6789325055555555,0.033161227777777774,207.0
1783095552901295033,51.739728092,stick_joint,-1.1571523166666664,-0.0017453277777777776,21.0
1783095552901295033,51.739728092,telescope_joint,0.4921,0.002,14.0
1783095552901295033,51.739728092,hanger_joint,0.9337503611111111,-0.061086472222222216,0.0
1783095552901295033,51.739728092,bearingfork_joint,-0.15707949999999998,0.00698131111111111,0.0
1783095552901295033,51.739728092,grapplecarrier_joint,-0.15533417222222218,0.0,-26.0
1783095552901295033,51.739728092,grappletong1_joint,0.0,0.0,0.0
1783095552901295033,51.739728092,grappletong2_joint,0.0,0.0,0.0
1783095552911187854,51.749620913,slew_joint,1.7383464666666666,0.005235983333333333,-32.0
1783095552911187854,51.749620913,boom_joint,0.6789325055555555,0.033161227777777774,207.0
1783095552911187854,51.749620913,stick_joint,-1.1571523166666664,-0.0017453277777777776,21.0
1783095552911187854,51.749620913,telescope_joint,0.4921,0.002,14.0
1783095552911187854,51.749620913,hanger_joint,0.9337503611111111,-0.061086472222222216,0.0
1783095552911187854,51.749620913,bearingfork_joint,-0.15707949999999998,0.00698131111111111,0.0
1783095552911187854,51.749620913,grapplecarrier_joint,-0.15533417222222218,0.0,-26.0
1783095552911187854,51.749620913,grappletong1_joint,0.0,0.0,0.0
1783095552911187854,51.749620913,grappletong2_joint,0.0,0.0,0.0
1783095552921134379,51.759567438,slew_joint,1.7400917944444443,0.005235983333333333,-32.0
1783095552921134379,51.759567438,boom_joint,0.6789325055555555,0.033161227777777774,203.0
1783095552921134379,51.759567438,stick_joint,-1.1571523166666664,0.0,20.0
1783095552921134379,51.759567438,telescope_joint,0.4922,0.002,14.0
1783095552921134379,51.759567438,hanger_joint,0.9354956888888888,-0.061086472222222216,0.0
1783095552921134379,51.759567438,bearingfork_joint,-0.15707949999999998,0.005235983333333333,0.0
1783095552921134379,51.759567438,grapplecarrier_joint,-0.15533417222222218,0.0,-26.0
1783095552921134379,51.759567438,grappletong1_joint,0.0,0.0,0.0
1783095552921134379,51.759567438,grappletong2_joint,0.0,0.0,0.0
1783095552931580499,51.770013558,slew_joint,1.7400917944444443,0.005235983333333333,-32.0
1783095552931580499,51.770013558,boom_joint,0.6789325055555555,0.033161227777777774,203.0
1783095552931580499,51.770013558,stick_joint,-1.1571523166666664,0.0,20.0
1783095552931580499,51.770013558,telescope_joint,0.4922,0.002,14.0
1783095552931580499,51.770013558,hanger_joint,0.9354956888888888,-0.061086472222222216,0.0
1783095552931580499,51.770013558,bearingfork_joint,-0.15707949999999998,0.005235983333333333,0.0
1783095552931580499,51.770013558,grapplecarrier_joint,-0.15533417222222218,0.0,-26.0
1783095552931580499,51.770013558,grappletong1_joint,0.0,0.0,0.0
1783095552931580499,51.770013558,grappletong2_joint,0.0,0.0,0.0
1783095552941725284,51.780158343,slew_joint,1.7400917944444443,0.00698131111111111,-31.0
1783095552941725284,51.780158343,boom_joint,0.6789325055555555,0.02792524444444444,196.0
1783095552941725284,51.780158343,stick_joint,-1.1571523166666664,0.0,20.0
1783095552941725284,51.780158343,telescope_joint,0.4922,0.002,13.0
1783095552941725284,51.780158343,hanger_joint,0.9354956888888888,-0.05759581666666666,0.0
1783095552941725284,51.780158343,bearingfork_joint,-0.15707949999999998,0.003490655555555555,0.0
1783095552941725284,51.780158343,grapplecarrier_joint,-0.15533417222222218,0.0,-26.0
1783095552941725284,51.780158343,grappletong1_joint,0.0,0.0,0.0
1783095552941725284,51.780158343,grappletong2_joint,0.0,0.0,0.0
1783095552951689383,51.790122442,slew_joint,1.7400917944444443,0.00698131111111111,-31.0
1783095552951689383,51.790122442,boom_joint,0.6789325055555555,0.02792524444444444,196.0
1783095552951689383,51.790122442,stick_joint,-1.1571523166666664,0.0,20.0
1783095552951689383,51.790122442,telescope_joint,0.4922,0.002,13.0
1783095552951689383,51.790122442,hanger_joint,0.9354956888888888,-0.05759581666666666,0.0
1783095552951689383,51.790122442,bearingfork_joint,-0.15707949999999998,0.003490655555555555,0.0
1783095552951689383,51.790122442,grapplecarrier_joint,-0.15533417222222218,0.0,-26.0
1783095552951689383,51.790122442,grappletong1_joint,0.0,0.0,0.0
1783095552951689383,51.790122442,grappletong2_joint,0.0,0.0,0.0
1783095552961768411,51.80020147,slew_joint,1.7400917944444443,0.00698131111111111,-30.0
1783095552961768411,51.80020147,boom_joint,0.6806778333333332,0.02792524444444444,191.0
1783095552961768411,51.80020147,stick_joint,-1.1571523166666664,0.0,19.0
1783095552961768411,51.80020147,telescope_joint,0.4923,0.002,12.0
1783095552961768411,51.80020147,hanger_joint,0.9372410166666665,-0.05061450555555555,0.0
1783095552961768411,51.80020147,bearingfork_joint,-0.15707949999999998,0.003490655555555555,0.0
1783095552961768411,51.80020147,grapplecarrier_joint,-0.15533417222222218,-0.0017453277777777776,-26.0
1783095552961768411,51.80020147,grappletong1_joint,0.0,0.0,0.0
1783095552961768411,51.80020147,grappletong2_joint,0.0,0.0,0.0
1783095552971508531,51.80994159,slew_joint,1.7400917944444443,0.00698131111111111,-30.0
1783095552971508531,51.80994159,boom_joint,0.6806778333333332,0.02792524444444444,191.0
1783095552971508531,51.80994159,stick_joint,-1.1571523166666664,0.0,19.0
1783095552971508531,51.80994159,telescope_joint,0.4923,0.002,12.0
1783095552971508531,51.80994159,hanger_joint,0.9372410166666665,-0.05061450555555555,0.0
1783095552971508531,51.80994159,bearingfork_joint,-0.15707949999999998,0.003490655555555555,0.0
1783095552971508531,51.80994159,grapplecarrier_joint,-0.15533417222222218,-0.0017453277777777776,-26.0
1783095552971508531,51.80994159,grappletong1_joint,0.0,0.0,0.0
1783095552971508531,51.80994159,grappletong2_joint,0.0,0.0,0.0
1783095552981733947,51.820167006,slew_joint,1.7400917944444443,0.00698131111111111,-30.0
1783095552981733947,51.820167006,boom_joint,0.6806778333333332,0.0314159,186.0
1783095552981733947,51.820167006,stick_joint,-1.1571523166666664,0.0,18.0
1783095552981733947,51.820167006,telescope_joint,0.4923,0.002,11.0
1783095552981733947,51.820167006,hanger_joint,0.9372410166666665,-0.04537852222222222,0.0
1783095552981733947,51.820167006,bearingfork_joint,-0.15707949999999998,0.0,0.0
1783095552981733947,51.820167006,grapplecarrier_joint,-0.15533417222222218,-0.003490655555555555,-26.0
1783095552981733947,51.820167006,grappletong1_joint,0.0,0.0,0.0
1783095552981733947,51.820167006,grappletong2_joint,0.0,0.0,0.0
1783095552991384427,51.829817486,slew_joint,1.7400917944444443,0.00698131111111111,-30.0
1783095552991384427,51.829817486,boom_joint,0.6806778333333332,0.0314159,186.0
1783095552991384427,51.829817486,stick_joint,-1.1571523166666664,0.0,18.0
1783095552991384427,51.829817486,telescope_joint,0.4923,0.002,11.0
1783095552991384427,51.829817486,hanger_joint,0.9372410166666665,-0.04537852222222222,0.0
1783095552991384427,51.829817486,bearingfork_joint,-0.15707949999999998,0.0,0.0
1783095552991384427,51.829817486,grapplecarrier_joint,-0.15533417222222218,-0.003490655555555555,-26.0
1783095552991384427,51.829817486,grappletong1_joint,0.0,0.0,0.0
1783095552991384427,51.829817486,grappletong2_joint,0.0,0.0,0.0
1783095553009101309,51.847534368,slew_joint,1.7400917944444443,0.008726638888888888,-29.0
1783095553009101309,51.847534368,boom_joint,0.6806778333333332,0.024434588888888886,179.0
1783095553009101309,51.847534368,stick_joint,-1.1571523166666664,0.0,17.0
1783095553009101309,51.847534368,telescope_joint,0.4924,0.002,10.0
1783095553009101309,51.847534368,hanger_joint,0.9389863444444444,-0.03490655555555555,0.0
1783095553009101309,51.847534368,bearingfork_joint,-0.15707949999999998,0.0,0.0
1783095553009101309,51.847534368,grapplecarrier_joint,-0.15533417222222218,-0.005235983333333333,-26.0
1783095553009101309,51.847534368,grappletong1_joint,0.0,0.0,0.0
1783095553009101309,51.847534368,grappletong2_joint,0.0,0.0,0.0
1783095553011464350,51.849897409,slew_joint,1.7400917944444443,0.008726638888888888,-29.0
1783095553011464350,51.849897409,boom_joint,0.6806778333333332,0.024434588888888886,179.0
1783095553011464350,51.849897409,stick_joint,-1.1571523166666664,0.0,17.0
1783095553011464350,51.849897409,telescope_joint,0.4924,0.002,10.0
1783095553011464350,51.849897409,hanger_joint,0.9389863444444444,-0.03490655555555555,0.0
1783095553011464350,51.849897409,bearingfork_joint,-0.15707949999999998,0.0,0.0
1783095553011464350,51.849897409,grapplecarrier_joint,-0.15533417222222218,-0.005235983333333333,-26.0
1783095553011464350,51.849897409,grappletong1_joint,0.0,0.0,0.0
1783095553011464350,51.849897409,grappletong2_joint,0.0,0.0,0.0
1783095553021609433,51.860042492,slew_joint,1.7400917944444443,0.008726638888888888,-28.0
1783095553021609433,51.860042492,boom_joint,0.682423161111111,0.02792524444444444,172.0
1783095553021609433,51.860042492,stick_joint,-1.1571523166666664,0.0,16.0
1783095553021609433,51.860042492,telescope_joint,0.4924,0.002,9.0
1783095553021609433,51.860042492,hanger_joint,0.9389863444444444,-0.0314159,0.0
1783095553021609433,51.860042492,bearingfork_joint,-0.15707949999999998,0.0,0.0
1783095553021609433,51.860042492,grapplecarrier_joint,-0.15533417222222218,-0.003490655555555555,-27.0
1783095553021609433,51.860042492,grappletong1_joint,0.0,0.0,0.0
1783095553021609433,51.860042492,grappletong2_joint,0.0,0.0,0.0
1783095553031227436,51.869660495,slew_joint,1.7400917944444443,0.008726638888888888,-28.0
1783095553031227436,51.869660495,boom_joint,0.682423161111111,0.02792524444444444,172.0
1783095553031227436,51.869660495,stick_joint,-1.1571523166666664,0.0,16.0
1783095553031227436,51.869660495,telescope_joint,0.4924,0.002,9.0
1783095553031227436,51.869660495,hanger_joint,0.9389863444444444,-0.0314159,0.0
1783095553031227436,51.869660495,bearingfork_joint,-0.15707949999999998,0.0,0.0
1783095553031227436,51.869660495,grapplecarrier_joint,-0.15533417222222218,-0.003490655555555555,-27.0
1783095553031227436,51.869660495,grappletong1_joint,0.0,0.0,0.0
1783095553031227436,51.869660495,grappletong2_joint,0.0,0.0,0.0
1783095553041396263,51.879829322,slew_joint,1.7400917944444443,0.008726638888888888,-27.0
1783095553041396263,51.879829322,boom_joint,0.682423161111111,0.026179916666666664,168.0
1783095553041396263,51.879829322,stick_joint,-1.1571523166666664,0.0,15.0
1783095553041396263,51.879829322,telescope_joint,0.4925,0.002,8.0
1783095553041396263,51.879829322,hanger_joint,0.9389863444444444,-0.02268926111111111,0.0
1783095553041396263,51.879829322,bearingfork_joint,-0.15707949999999998,0.0,0.0
1783095553041396263,51.879829322,grapplecarrier_joint,-0.15533417222222218,-0.0017453277777777776,-27.0
1783095553041396263,51.879829322,grappletong1_joint,0.0,0.0,0.0
1783095553041396263,51.879829322,grappletong2_joint,0.0,0.0,0.0
1783095553051319546,51.889752605,slew_joint,1.7400917944444443,0.008726638888888888,-27.0
1783095553051319546,51.889752605,boom_joint,0.682423161111111,0.026179916666666664,168.0
1783095553051319546,51.889752605,stick_joint,-1.1571523166666664,0.0,15.0
1783095553051319546,51.889752605,telescope_joint,0.4925,0.002,8.0
1783095553051319546,51.889752605,hanger_joint,0.9389863444444444,-0.02268926111111111,0.0
1783095553051319546,51.889752605,bearingfork_joint,-0.15707949999999998,0.0,0.0
1783095553051319546,51.889752605,grapplecarrier_joint,-0.15533417222222218,-0.0017453277777777776,-27.0
1783095553051319546,51.889752605,grappletong1_joint,0.0,0.0,0.0
1783095553051319546,51.889752605,grappletong2_joint,0.0,0.0,0.0
1783095553061356244,51.899789303,slew_joint,1.7400917944444443,0.008726638888888888,-26.0
1783095553061356244,51.899789303,boom_joint,0.682423161111111,0.026179916666666664,164.0
1783095553061356244,51.899789303,stick_joint,-1.1571523166666664,0.0,15.0
1783095553061356244,51.899789303,telescope_joint,0.4925,0.002,7.0
1783095553061356244,51.899789303,hanger_joint,0.9389863444444444,-0.017453277777777776,0.0
1783095553061356244,51.899789303,bearingfork_joint,-0.15707949999999998,0.0,0.0
1783095553061356244,51.899789303,grapplecarrier_joint,-0.15533417222222218,0.0,-27.0
1783095553061356244,51.899789303,grappletong1_joint,0.0,0.0,0.0
1783095553061356244,51.899789303,grappletong2_joint,0.0,0.0,0.0
1783095553071715946,51.910149005,slew_joint,1.7400917944444443,0.008726638888888888,-26.0
1783095553071715946,51.910149005,boom_joint,0.682423161111111,0.026179916666666664,164.0
1783095553071715946,51.910149005,stick_joint,-1.1571523166666664,0.0,15.0
1783095553071715946,51.910149005,telescope_joint,0.4925,0.002,7.0
1783095553071715946,51.910149005,hanger_joint,0.9389863444444444,-0.017453277777777776,0.0
1783095553071715946,51.910149005,bearingfork_joint,-0.15707949999999998,0.0,0.0
1783095553071715946,51.910149005,grapplecarrier_joint,-0.15533417222222218,0.0,-27.0
1783095553071715946,51.910149005,grappletong1_joint,0.0,0.0,0.0
1783095553071715946,51.910149005,grappletong2_joint,0.0,0.0,0.0
1783095553081535928,51.919968987,slew_joint,1.7400917944444443,0.008726638888888888,-25.0
1783095553081535928,51.919968987,boom_joint,0.6841684888888888,0.026179916666666664,157.0
1783095553081535928,51.919968987,stick_joint,-1.1571523166666664,0.0,14.0
1783095553081535928,51.919968987,telescope_joint,0.4926,0.002,7.0
1783095553081535928,51.919968987,hanger_joint,0.9389863444444444,-0.012217294444444443,0.0
1783095553081535928,51.919968987,bearingfork_joint,-0.15707949999999998,0.0,0.0
1783095553081535928,51.919968987,grapplecarrier_joint,-0.15533417222222218,0.0,-27.0
1783095553081535928,51.919968987,grappletong1_joint,0.0,0.0,0.0
1783095553081535928,51.919968987,grappletong2_joint,0.0,0.0,0.0
1783095553091245452,51.929678511,slew_joint,1.7400917944444443,0.008726638888888888,-25.0
1783095553091245452,51.929678511,boom_joint,0.6841684888888888,0.026179916666666664,157.0
1783095553091245452,51.929678511,stick_joint,-1.1571523166666664,0.0,14.0
1783095553091245452,51.929678511,telescope_joint,0.4926,0.002,7.0
1783095553091245452,51.929678511,hanger_joint,0.9389863444444444,-0.012217294444444443,0.0
1783095553091245452,51.929678511,bearingfork_joint,-0.15707949999999998,0.0,0.0
1783095553091245452,51.929678511,grapplecarrier_joint,-0.15533417222222218,0.0,-27.0
1783095553091245452,51.929678511,grappletong1_joint,0.0,0.0,0.0
1783095553091245452,51.929678511,grappletong2_joint,0.0,0.0,0.0
1783095553101298833,51.939731892,slew_joint,1.741837122222222,0.008726638888888888,-23.0
1783095553101298833,51.939731892,boom_joint,0.6841684888888888,0.02268926111111111,151.0
1783095553101298833,51.939731892,stick_joint,-1.1571523166666664,0.0,14.0
1783095553101298833,51.939731892,telescope_joint,0.4926,0.002,6.0
1783095553101298833,51.939731892,hanger_joint,0.9389863444444444,-0.005235983333333333,0.0
1783095553101298833,51.939731892,bearingfork_joint,-0.15707949999999998,0.0,0.0
1783095553101298833,51.939731892,grapplecarrier_joint,-0.15533417222222218,0.0,-27.0
1783095553101298833,51.939731892,grappletong1_joint,0.0,0.0,0.0
1783095553101298833,51.939731892,grappletong2_joint,0.0,0.0,0.0
1783095553111068422,51.949501481,slew_joint,1.741837122222222,0.008726638888888888,-23.0
1783095553111068422,51.949501481,boom_joint,0.6841684888888888,0.02268926111111111,151.0
1783095553111068422,51.949501481,stick_joint,-1.1571523166666664,0.0,14.0
1783095553111068422,51.949501481,telescope_joint,0.4926,0.002,6.0
1783095553111068422,51.949501481,hanger_joint,0.9389863444444444,-0.005235983333333333,0.0
1783095553111068422,51.949501481,bearingfork_joint,-0.15707949999999998,0.0,0.0
1783095553111068422,51.949501481,grapplecarrier_joint,-0.15533417222222218,0.0,-27.0
1783095553111068422,51.949501481,grappletong1_joint,0.0,0.0,0.0
1783095553111068422,51.949501481,grappletong2_joint,0.0,0.0,0.0
1783095553121332327,51.959765386,slew_joint,1.741837122222222,0.008726638888888888,-22.0
1783095553121332327,51.959765386,boom_joint,0.6841684888888888,0.024434588888888886,145.0
1783095553121332327,51.959765386,stick_joint,-1.1571523166666664,0.0,14.0
1783095553121332327,51.959765386,telescope_joint,0.4927,0.002,5.0
1783095553121332327,51.959765386,hanger_joint,0.9389863444444444,-0.003490655555555555,0.0
1783095553121332327,51.959765386,bearingfork_joint,-0.15707949999999998,0.0,0.0
1783095553121332327,51.959765386,grapplecarrier_joint,-0.15533417222222218,0.0,-27.0
1783095553121332327,51.959765386,grappletong1_joint,0.0,0.0,0.0
1783095553121332327,51.959765386,grappletong2_joint,0.0,0.0,0.0
1783095553131173060,51.969606119,slew_joint,1.741837122222222,0.008726638888888888,-22.0
1783095553131173060,51.969606119,boom_joint,0.6841684888888888,0.024434588888888886,145.0
1783095553131173060,51.969606119,stick_joint,-1.1571523166666664,0.0,14.0
1783095553131173060,51.969606119,telescope_joint,0.4927,0.002,5.0
1783095553131173060,51.969606119,hanger_joint,0.9389863444444444,-0.003490655555555555,0.0
1783095553131173060,51.969606119,bearingfork_joint,-0.15707949999999998,0.0,0.0
1783095553131173060,51.969606119,grapplecarrier_joint,-0.15533417222222218,0.0,-27.0
1783095553131173060,51.969606119,grappletong1_joint,0.0,0.0,0.0
1783095553131173060,51.969606119,grappletong2_joint,0.0,0.0,0.0
1783095553149542218,51.987975277,slew_joint,1.741837122222222,0.008726638888888888,-21.0
1783095553149542218,51.987975277,boom_joint,0.6841684888888888,0.02094393333333333,140.0
1783095553149542218,51.987975277,stick_joint,-1.1571523166666664,0.0,14.0
1783095553149542218,51.987975277,telescope_joint,0.4927,0.002,4.0
1783095553149542218,51.987975277,hanger_joint,0.9389863444444444,-0.0017453277777777776,0.0
1783095553149542218,51.987975277,bearingfork_joint,-0.15707949999999998,0.0,0.0
1783095553149542218,51.987975277,grapplecarrier_joint,-0.15533417222222218,0.0,-27.0
1783095553149542218,51.987975277,grappletong1_joint,0.0,0.0,0.0
1783095553149542218,51.987975277,grappletong2_joint,0.0,0.0,0.0
1783095553151237566,51.989670625,slew_joint,1.741837122222222,0.008726638888888888,-21.0
1783095553151237566,51.989670625,boom_joint,0.6841684888888888,0.02094393333333333,140.0
1783095553151237566,51.989670625,stick_joint,-1.1571523166666664,0.0,14.0
1783095553151237566,51.989670625,telescope_joint,0.4927,0.002,4.0
1783095553151237566,51.989670625,hanger_joint,0.9389863444444444,-0.0017453277777777776,0.0
1783095553151237566,51.989670625,bearingfork_joint,-0.15707949999999998,0.0,0.0
1783095553151237566,51.989670625,grapplecarrier_joint,-0.15533417222222218,0.0,-27.0
1783095553151237566,51.989670625,grappletong1_joint,0.0,0.0,0.0
1783095553151237566,51.989670625,grappletong2_joint,0.0,0.0,0.0
1783095553161444632,51.999877691,slew_joint,1.741837122222222,0.008726638888888888,-20.0
1783095553161444632,51.999877691,boom_joint,0.6859138166666666,0.02094393333333333,134.0
1783095553161444632,51.999877691,stick_joint,-1.1571523166666664,0.0,14.0
1783095553161444632,51.999877691,telescope_joint,0.4928,0.002,3.0
1783095553161444632,51.999877691,hanger_joint,0.9389863444444444,-0.0017453277777777776,0.0
1783095553161444632,51.999877691,bearingfork_joint,-0.15707949999999998,0.0,0.0
1783095553161444632,51.999877691,grapplecarrier_joint,-0.15533417222222218,0.0,-27.0
1783095553161444632,51.999877691,grappletong1_joint,0.0,0.0,0.0
1783095553161444632,51.999877691,grappletong2_joint,0.0,0.0,0.0
1783095553171595958,52.010029017,slew_joint,1.741837122222222,0.008726638888888888,-20.0
1783095553171595958,52.010029017,boom_joint,0.6859138166666666,0.02094393333333333,134.0
1783095553171595958,52.010029017,stick_joint,-1.1571523166666664,0.0,14.0
1783095553171595958,52.010029017,telescope_joint,0.4928,0.002,3.0
1783095553171595958,52.010029017,hanger_joint,0.9389863444444444,-0.0017453277777777776,0.0
1783095553171595958,52.010029017,bearingfork_joint,-0.15707949999999998,0.0,0.0
1783095553171595958,52.010029017,grapplecarrier_joint,-0.15533417222222218,0.0,-27.0
1783095553171595958,52.010029017,grappletong1_joint,0.0,0.0,0.0
1783095553171595958,52.010029017,grappletong2_joint,0.0,0.0,0.0
1783095553181712372,52.020145431,slew_joint,1.741837122222222,0.00698131111111111,-18.0
1783095553181712372,52.020145431,boom_joint,0.6859138166666666,0.017453277777777776,130.0
1783095553181712372,52.020145431,stick_joint,-1.1571523166666664,0.0,14.0
1783095553181712372,52.020145431,telescope_joint,0.4928,0.002,2.0
1783095553181712372,52.020145431,hanger_joint,0.9389863444444444,0.0,0.0
1783095553181712372,52.020145431,bearingfork_joint,-0.15707949999999998,0.0,0.0
1783095553181712372,52.020145431,grapplecarrier_joint,-0.15533417222222218,0.0,-27.0
1783095553181712372,52.020145431,grappletong1_joint,0.0,0.0,0.0
1783095553181712372,52.020145431,grappletong2_joint,0.0,0.0,0.0
1783095553191684292,52.030117351,slew_joint,1.741837122222222,0.00698131111111111,-18.0
1783095553191684292,52.030117351,boom_joint,0.6859138166666666,0.017453277777777776,130.0
1783095553191684292,52.030117351,stick_joint,-1.1571523166666664,0.0,14.0
1783095553191684292,52.030117351,telescope_joint,0.4928,0.002,2.0
1783095553191684292,52.030117351,hanger_joint,0.9389863444444444,0.0,0.0
1783095553191684292,52.030117351,bearingfork_joint,-0.15707949999999998,0.0,0.0
1783095553191684292,52.030117351,grapplecarrier_joint,-0.15533417222222218,0.0,-27.0
1783095553191684292,52.030117351,grappletong1_joint,0.0,0.0,0.0
1783095553191684292,52.030117351,grappletong2_joint,0.0,0.0,0.0
1783095553201558482,52.039991541,slew_joint,1.741837122222222,0.00698131111111111,-17.0
1783095553201558482,52.039991541,boom_joint,0.6859138166666666,0.01570795,126.0
1783095553201558482,52.039991541,stick_joint,-1.1571523166666664,0.0,14.0
1783095553201558482,52.039991541,telescope_joint,0.4928,0.002,1.0
1783095553201558482,52.039991541,hanger_joint,0.9389863444444444,0.0,0.0
1783095553201558482,52.039991541,bearingfork_joint,-0.15707949999999998,0.0,0.0
1783095553201558482,52.039991541,grapplecarrier_joint,-0.15533417222222218,0.0,-27.0
1783095553201558482,52.039991541,grappletong1_joint,0.0,0.0,0.0
1783095553201558482,52.039991541,grappletong2_joint,0.0,0.0,0.0
1783095553211893585,52.050326644,slew_joint,1.741837122222222,0.00698131111111111,-17.0
1783095553211893585,52.050326644,boom_joint,0.6859138166666666,0.01570795,126.0
1783095553211893585,52.050326644,stick_joint,-1.1571523166666664,0.0,14.0
1783095553211893585,52.050326644,telescope_joint,0.4928,0.002,1.0
1783095553211893585,52.050326644,hanger_joint,0.9389863444444444,0.0,0.0
1783095553211893585,52.050326644,bearingfork_joint,-0.15707949999999998,0.0,0.0
1783095553211893585,52.050326644,grapplecarrier_joint,-0.15533417222222218,0.0,-27.0
1783095553211893585,52.050326644,grappletong1_joint,0.0,0.0,0.0
1783095553211893585,52.050326644,grappletong2_joint,0.0,0.0,0.0
1783095553222013652,52.060446711,slew_joint,1.741837122222222,0.00698131111111111,-16.0
1783095553222013652,52.060446711,boom_joint,0.6859138166666666,0.01570795,121.0
1783095553222013652,52.060446711,stick_joint,-1.1571523166666664,0.0,14.0
1783095553222013652,52.060446711,telescope_joint,0.4929,0.002,1.0
1783095553222013652,52.060446711,hanger_joint,0.9389863444444444,0.0,0.0
1783095553222013652,52.060446711,bearingfork_joint,-0.15707949999999998,0.0,0.0
1783095553222013652,52.060446711,grapplecarrier_joint,-0.15533417222222218,0.0,-27.0
1783095553222013652,52.060446711,grappletong1_joint,0.0,0.0,0.0
1783095553222013652,52.060446711,grappletong2_joint,0.0,0.0,0.0
1783095553231555685,52.069988744,slew_joint,1.741837122222222,0.00698131111111111,-16.0
1783095553231555685,52.069988744,boom_joint,0.6859138166666666,0.01570795,121.0
1783095553231555685,52.069988744,stick_joint,-1.1571523166666664,0.0,14.0
1783095553231555685,52.069988744,telescope_joint,0.4929,0.002,1.0
1783095553231555685,52.069988744,hanger_joint,0.9389863444444444,0.0,0.0
1783095553231555685,52.069988744,bearingfork_joint,-0.15707949999999998,0.0,0.0
1783095553231555685,52.069988744,grapplecarrier_joint,-0.15533417222222218,0.0,-27.0
1783095553231555685,52.069988744,grappletong1_joint,0.0,0.0,0.0
1783095553231555685,52.069988744,grappletong2_joint,0.0,0.0,0.0
1783095553241639297,52.080072356,slew_joint,1.741837122222222,0.00698131111111111,-14.0
1783095553241639297,52.080072356,boom_joint,0.6859138166666666,0.01570795,115.0
1783095553241639297,52.080072356,stick_joint,-1.1571523166666664,0.0,16.0
1783095553241639297,52.080072356,telescope_joint,0.4929,0.002,0.0
1783095553241639297,52.080072356,hanger_joint,0.9389863444444444,0.0,0.0
1783095553241639297,52.080072356,bearingfork_joint,-0.15707949999999998,0.0,0.0
1783095553241639297,52.080072356,grapplecarrier_joint,-0.15533417222222218,0.0,-26.0
1783095553241639297,52.080072356,grappletong1_joint,0.0,0.0,0.0
1783095553241639297,52.080072356,grappletong2_joint,0.0,0.0,0.0
1783095553251339175,52.089772234,slew_joint,1.741837122222222,0.00698131111111111,-14.0
1783095553251339175,52.089772234,boom_joint,0.6859138166666666,0.01570795,115.0
1783095553251339175,52.089772234,stick_joint,-1.1571523166666664,0.0,16.0
1783095553251339175,52.089772234,telescope_joint,0.4929,0.002,0.0
1783095553251339175,52.089772234,hanger_joint,0.9389863444444444,0.0,0.0
1783095553251339175,52.089772234,bearingfork_joint,-0.15707949999999998,0.0,0.0
1783095553251339175,52.089772234,grapplecarrier_joint,-0.15533417222222218,0.0,-26.0
1783095553251339175,52.089772234,grappletong1_joint,0.0,0.0,0.0
1783095553251339175,52.089772234,grappletong2_joint,0.0,0.0,0.0
1783095553261419665,52.099852724,slew_joint,1.741837122222222,0.005235983333333333,-13.0
1783095553261419665,52.099852724,boom_joint,0.6859138166666666,0.01396262222222222,110.0
1783095553261419665,52.099852724,stick_joint,-1.1571523166666664,0.0,17.0
1783095553261419665,52.099852724,telescope_joint,0.493,0.002,-1.0
1783095553261419665,52.099852724,hanger_joint,0.9389863444444444,0.005235983333333333,0.0
1783095553261419665,52.099852724,bearingfork_joint,-0.15707949999999998,0.0,0.0
1783095553261419665,52.099852724,grapplecarrier_joint,-0.15533417222222218,0.0,-26.0
1783095553261419665,52.099852724,grappletong1_joint,0.0,0.0,0.0
1783095553261419665,52.099852724,grappletong2_joint,0.0,0.0,0.0
1783095553271603991,52.11003705,slew_joint,1.741837122222222,0.005235983333333333,-13.0
1783095553271603991,52.11003705,boom_joint,0.6859138166666666,0.01396262222222222,110.0
1783095553271603991,52.11003705,stick_joint,-1.1571523166666664,0.0,17.0
1783095553271603991,52.11003705,telescope_joint,0.493,0.002,-1.0
1783095553271603991,52.11003705,hanger_joint,0.9389863444444444,0.005235983333333333,0.0
1783095553271603991,52.11003705,bearingfork_joint,-0.15707949999999998,0.0,0.0
1783095553271603991,52.11003705,grapplecarrier_joint,-0.15533417222222218,0.0,-26.0
1783095553271603991,52.11003705,grappletong1_joint,0.0,0.0,0.0
1783095553271603991,52.11003705,grappletong2_joint,0.0,0.0,0.0
1783095553281393230,52.119826289,slew_joint,1.741837122222222,0.00698131111111111,-12.0
1783095553281393230,52.119826289,boom_joint,0.6859138166666666,0.012217294444444443,105.0
1783095553281393230,52.119826289,stick_joint,-1.1571523166666664,0.0,18.0
1783095553281393230,52.119826289,telescope_joint,0.493,0.002,-2.0
1783095553281393230,52.119826289,hanger_joint,0.9389863444444444,0.02094393333333333,0.0
1783095553281393230,52.119826289,bearingfork_joint,-0.1553341722222222,-0.01396262222222222,0.0
1783095553281393230,52.119826289,grapplecarrier_joint,-0.15533417222222218,0.0,-26.0
1783095553281393230,52.119826289,grappletong1_joint,0.0,0.0,0.0
1783095553281393230,52.119826289,grappletong2_joint,0.0,0.0,0.0
1783095553291785813,52.130218872,slew_joint,1.741837122222222,0.00698131111111111,-12.0
1783095553291785813,52.130218872,boom_joint,0.6859138166666666,0.012217294444444443,105.0
1783095553291785813,52.130218872,stick_joint,-1.1571523166666664,0.0,18.0
1783095553291785813,52.130218872,telescope_joint,0.493,0.002,-2.0
1783095553291785813,52.130218872,hanger_joint,0.9389863444444444,0.02094393333333333,0.0
1783095553291785813,52.130218872,bearingfork_joint,-0.1553341722222222,-0.01396262222222222,0.0
1783095553291785813,52.130218872,grapplecarrier_joint,-0.15533417222222218,0.0,-26.0
1783095553291785813,52.130218872,grappletong1_joint,0.0,0.0,0.0
1783095553291785813,52.130218872,grappletong2_joint,0.0,0.0,0.0
1783095553301748604,52.140181663,slew_joint,1.741837122222222,0.005235983333333333,-11.0
1783095553301748604,52.140181663,boom_joint,0.6876591444444444,0.008726638888888888,103.0
1783095553301748604,52.140181663,stick_joint,-1.1571523166666664,0.0,19.0
1783095553301748604,52.140181663,telescope_joint,0.4931,0.002,-3.0
1783095553301748604,52.140181663,hanger_joint,0.9372410166666665,0.04188786666666666,0.0
1783095553301748604,52.140181663,bearingfork_joint,-0.1553341722222222,-0.0314159,0.0
1783095553301748604,52.140181663,grapplecarrier_joint,-0.15533417222222218,0.0,-26.0
1783095553301748604,52.140181663,grappletong1_joint,0.0,0.0,0.0
1783095553301748604,52.140181663,grappletong2_joint,0.0,0.0,0.0
1783095553311643371,52.15007643,slew_joint,1.741837122222222,0.005235983333333333,-11.0
1783095553311643371,52.15007643,boom_joint,0.6876591444444444,0.008726638888888888,103.0
1783095553311643371,52.15007643,stick_joint,-1.1571523166666664,0.0,19.0
1783095553311643371,52.15007643,telescope_joint,0.4931,0.002,-3.0
1783095553311643371,52.15007643,hanger_joint,0.9372410166666665,0.04188786666666666,0.0
1783095553311643371,52.15007643,bearingfork_joint,-0.1553341722222222,-0.0314159,0.0
1783095553311643371,52.15007643,grapplecarrier_joint,-0.15533417222222218,0.0,-26.0
1783095553311643371,52.15007643,grappletong1_joint,0.0,0.0,0.0
1783095553311643371,52.15007643,grappletong2_joint,0.0,0.0,0.0
1783095553321533273,52.159966332,slew_joint,1.741837122222222,0.005235983333333333,-10.0
1783095553321533273,52.159966332,boom_joint,0.6876591444444444,0.00698131111111111,102.0
1783095553321533273,52.159966332,stick_joint,-1.1571523166666664,0.0,20.0
1783095553321533273,52.159966332,telescope_joint,0.4931,0.002,-4.0
1783095553321533273,52.159966332,hanger_joint,0.9372410166666665,0.047123849999999995,0.0
1783095553321533273,52.159966332,bearingfork_joint,-0.15358884444444443,-0.04363319444444444,0.0
1783095553321533273,52.159966332,grapplecarrier_joint,-0.15533417222222218,0.0,-26.0
1783095553321533273,52.159966332,grappletong1_joint,0.0,0.0,0.0
1783095553321533273,52.159966332,grappletong2_joint,0.0,0.0,0.0
1783095553331474557,52.169907616,slew_joint,1.741837122222222,0.005235983333333333,-10.0
1783095553331474557,52.169907616,boom_joint,0.6876591444444444,0.00698131111111111,102.0
1783095553331474557,52.169907616,stick_joint,-1.1571523166666664,0.0,20.0
1783095553331474557,52.169907616,telescope_joint,0.4931,0.002,-4.0
1783095553331474557,52.169907616,hanger_joint,0.9372410166666665,0.047123849999999995,0.0
1783095553331474557,52.169907616,bearingfork_joint,-0.15358884444444443,-0.04363319444444444,0.0
1783095553331474557,52.169907616,grapplecarrier_joint,-0.15533417222222218,0.0,-26.0
1783095553331474557,52.169907616,grappletong1_joint,0.0,0.0,0.0
1783095553331474557,52.169907616,grappletong2_joint,0.0,0.0,0.0
1783095553341021751,52.17945481,slew_joint,1.741837122222222,0.005235983333333333,-9.0
1783095553341021751,52.17945481,boom_joint,0.6876591444444444,0.005235983333333333,101.0
1783095553341021751,52.17945481,stick_joint,-1.1571523166666664,0.0,21.0
1783095553341021751,52.17945481,telescope_joint,0.4932,0.002,-5.0
1783095553341021751,52.17945481,hanger_joint,0.9354956888888888,0.05585048888888888,0.0
1783095553341021751,52.17945481,bearingfork_joint,-0.15358884444444443,-0.04363319444444444,0.0
1783095553341021751,52.17945481,grapplecarrier_joint,-0.15533417222222218,0.0,-26.0
1783095553341021751,52.17945481,grappletong1_joint,0.0,0.0,0.0
1783095553341021751,52.17945481,grappletong2_joint,0.0,0.0,0.0
1783095553351077653,52.189510712,slew_joint,1.741837122222222,0.005235983333333333,-9.0
1783095553351077653,52.189510712,boom_joint,0.6876591444444444,0.005235983333333333,101.0
1783095553351077653,52.189510712,stick_joint,-1.1571523166666664,0.0,21.0
1783095553351077653,52.189510712,telescope_joint,0.4932,0.002,-5.0
1783095553351077653,52.189510712,hanger_joint,0.9354956888888888,0.05585048888888888,0.0
1783095553351077653,52.189510712,bearingfork_joint,-0.15358884444444443,-0.04363319444444444,0.0
1783095553351077653,52.189510712,grapplecarrier_joint,-0.15533417222222218,0.0,-26.0
1783095553351077653,52.189510712,grappletong1_joint,0.0,0.0,0.0
1783095553351077653,52.189510712,grappletong2_joint,0.0,0.0,0.0
1783095553361798665,52.200231724,slew_joint,1.741837122222222,0.005235983333333333,-8.0
1783095553361798665,52.200231724,boom_joint,0.6876591444444444,0.00698131111111111,97.0
1783095553361798665,52.200231724,stick_joint,-1.1571523166666664,0.0,22.0
1783095553361798665,52.200231724,telescope_joint,0.4932,0.002,-6.0
1783095553361798665,52.200231724,hanger_joint,0.9337503611111111,0.05934114444444444,0.0
1783095553361798665,52.200231724,bearingfork_joint,-0.15184351666666665,-0.054105161111111105,0.0
1783095553361798665,52.200231724,grapplecarrier_joint,-0.15533417222222218,0.0,-26.0
1783095553361798665,52.200231724,grappletong1_joint,0.0,0.0,0.0
1783095553361798665,52.200231724,grappletong2_joint,0.0,0.0,0.0
1783095553371485024,52.209918083,slew_joint,1.741837122222222,0.005235983333333333,-8.0
1783095553371485024,52.209918083,boom_joint,0.6876591444444444,0.00698131111111111,97.0
1783095553371485024,52.209918083,stick_joint,-1.1571523166666664,0.0,22.0
1783095553371485024,52.209918083,telescope_joint,0.4932,0.002,-6.0
1783095553371485024,52.209918083,hanger_joint,0.9337503611111111,0.05934114444444444,0.0
1783095553371485024,52.209918083,bearingfork_joint,-0.15184351666666665,-0.054105161111111105,0.0
1783095553371485024,52.209918083,grapplecarrier_joint,-0.15533417222222218,0.0,-26.0
1783095553371485024,52.209918083,grappletong1_joint,0.0,0.0,0.0
1783095553371485024,52.209918083,grappletong2_joint,0.0,0.0,0.0
1783095553381508611,52.21994167,slew_joint,1.74358245,0.003490655555555555,-7.0
1783095553381508611,52.21994167,boom_joint,0.6876591444444444,0.005235983333333333,95.0
1783095553381508611,52.21994167,stick_joint,-1.1571523166666664,0.0,23.0
1783095553381508611,52.21994167,telescope_joint,0.4933,0.002,-7.0
1783095553381508611,52.21994167,hanger_joint,0.9337503611111111,0.0628318,0.0
1783095553381508611,52.21994167,bearingfork_joint,-0.15184351666666665,-0.05934114444444444,0.0
1783095553381508611,52.21994167,grapplecarrier_joint,-0.15533417222222218,0.0,-26.0
1783095553381508611,52.21994167,grappletong1_joint,0.0,0.0,0.0
1783095553381508611,52.21994167,grappletong2_joint,0.0,0.0,0.0
1783095553391449243,52.229882302,slew_joint,1.74358245,0.003490655555555555,-7.0
1783095553391449243,52.229882302,boom_joint,0.6876591444444444,0.005235983333333333,95.0
1783095553391449243,52.229882302,stick_joint,-1.1571523166666664,0.0,23.0
1783095553391449243,52.229882302,telescope_joint,0.4933,0.002,-7.0
1783095553391449243,52.229882302,hanger_joint,0.9337503611111111,0.0628318,0.0
1783095553391449243,52.229882302,bearingfork_joint,-0.15184351666666665,-0.05934114444444444,0.0
1783095553391449243,52.229882302,grapplecarrier_joint,-0.15533417222222218,0.0,-26.0
1783095553391449243,52.229882302,grappletong1_joint,0.0,0.0,0.0
1783095553391449243,52.229882302,grappletong2_joint,0.0,0.0,0.0
1783095553401306768,52.239739827,slew_joint,1.74358245,0.003490655555555555,-7.0
1783095553401306768,52.239739827,boom_joint,0.6876591444444444,0.003490655555555555,93.0
1783095553401306768,52.239739827,stick_joint,-1.1571523166666664,0.0,24.0
1783095553401306768,52.239739827,telescope_joint,0.4933,0.002,-8.0
1783095553401306768,52.239739827,hanger_joint,0.9302597055555555,0.07330376666666666,0.0
1783095553401306768,52.239739827,bearingfork_joint,-0.15009818888888887,-0.06457712777777777,0.0
1783095553401306768,52.239739827,grapplecarrier_joint,-0.15533417222222218,0.0,-26.0
1783095553401306768,52.239739827,grappletong1_joint,0.0,0.0,0.0
1783095553401306768,52.239739827,grappletong2_joint,0.0,0.0,0.0
1783095553411323804,52.249756863,slew_joint,1.74358245,0.003490655555555555,-7.0
1783095553411323804,52.249756863,boom_joint,0.6876591444444444,0.003490655555555555,93.0
1783095553411323804,52.249756863,stick_joint,-1.1571523166666664,0.0,24.0
1783095553411323804,52.249756863,telescope_joint,0.4933,0.002,-8.0
1783095553411323804,52.249756863,hanger_joint,0.9302597055555555,0.07330376666666666,0.0
1783095553411323804,52.249756863,bearingfork_joint,-0.15009818888888887,-0.06457712777777777,0.0
1783095553411323804,52.249756863,grapplecarrier_joint,-0.15533417222222218,0.0,-26.0
1783095553411323804,52.249756863,grappletong1_joint,0.0,0.0,0.0
1783095553411323804,52.249756863,grappletong2_joint,0.0,0.0,0.0
1783095553421270752,52.259703811,slew_joint,1.74358245,0.003490655555555555,-6.0
1783095553421270752,52.259703811,boom_joint,0.6876591444444444,0.0017453277777777776,92.0
1783095553421270752,52.259703811,stick_joint,-1.1571523166666664,0.0,25.0
1783095553421270752,52.259703811,telescope_joint,0.4934,0.002,-9.0
1783095553421270752,52.259703811,hanger_joint,0.9302597055555555,0.07330376666666666,0.0
1783095553421270752,52.259703811,bearingfork_joint,-0.1483528611111111,-0.06632245555555555,0.0
1783095553421270752,52.259703811,grapplecarrier_joint,-0.15533417222222218,0.0,-26.0
1783095553421270752,52.259703811,grappletong1_joint,0.0,0.0,0.0
1783095553421270752,52.259703811,grappletong2_joint,0.0,0.0,0.0
1783095553431461498,52.269894557,slew_joint,1.74358245,0.003490655555555555,-6.0
1783095553431461498,52.269894557,boom_joint,0.6876591444444444,0.0017453277777777776,92.0
1783095553431461498,52.269894557,stick_joint,-1.1571523166666664,0.0,25.0
1783095553431461498,52.269894557,telescope_joint,0.4934,0.002,-9.0
1783095553431461498,52.269894557,hanger_joint,0.9302597055555555,0.07330376666666666,0.0
1783095553431461498,52.269894557,bearingfork_joint,-0.1483528611111111,-0.06632245555555555,0.0
1783095553431461498,52.269894557,grapplecarrier_joint,-0.15533417222222218,0.0,-26.0
1783095553431461498,52.269894557,grappletong1_joint,0.0,0.0,0.0
1783095553431461498,52.269894557,grappletong2_joint,0.0,0.0,0.0
1783095553441419546,52.279852605,slew_joint,1.74358245,0.0017453277777777776,-6.0
1783095553441419546,52.279852605,boom_joint,0.6876591444444444,0.003490655555555555,90.0
1783095553441419546,52.279852605,stick_joint,-1.1571523166666664,-0.0017453277777777776,24.0
1783095553441419546,52.279852605,telescope_joint,0.4934,0.002,-10.0
1783095553441419546,52.279852605,hanger_joint,0.9285143777777776,0.07853974999999999,0.0
1783095553441419546,52.279852605,bearingfork_joint,-0.14660753333333332,-0.06632245555555555,0.0
1783095553441419546,52.279852605,grapplecarrier_joint,-0.15533417222222218,0.0,-26.0
1783095553441419546,52.279852605,grappletong1_joint,0.0,0.0,0.0
1783095553441419546,52.279852605,grappletong2_joint,0.0,0.0,0.0
1783095553451459453,52.289892512,slew_joint,1.74358245,0.0017453277777777776,-6.0
1783095553451459453,52.289892512,boom_joint,0.6876591444444444,0.003490655555555555,90.0
1783095553451459453,52.289892512,stick_joint,-1.1571523166666664,-0.0017453277777777776,24.0
1783095553451459453,52.289892512,telescope_joint,0.4934,0.002,-10.0
1783095553451459453,52.289892512,hanger_joint,0.9285143777777776,0.07853974999999999,0.0
1783095553451459453,52.289892512,bearingfork_joint,-0.14660753333333332,-0.06632245555555555,0.0
1783095553451459453,52.289892512,grapplecarrier_joint,-0.15533417222222218,0.0,-26.0
1783095553451459453,52.289892512,grappletong1_joint,0.0,0.0,0.0
1783095553451459453,52.289892512,grappletong2_joint,0.0,0.0,0.0
1783095553461309732,52.299742791,slew_joint,1.74358245,0.0017453277777777776,-5.0
1783095553461309732,52.299742791,boom_joint,0.6876591444444444,0.0017453277777777776,88.0
1783095553461309732,52.299742791,stick_joint,-1.1571523166666664,-0.0017453277777777776,24.0
1783095553461309732,52.299742791,telescope_joint,0.4935,0.002,-11.0
1783095553461309732,52.299742791,hanger_joint,0.9267690499999999,0.09075704444444443,0.0
1783095553461309732,52.299742791,bearingfork_joint,-0.14486220555555554,-0.07155843888888888,0.0
1783095553461309732,52.299742791,grapplecarrier_joint,-0.15533417222222218,0.0,-26.0
1783095553461309732,52.299742791,grappletong1_joint,0.0,0.0,0.0
1783095553461309732,52.299742791,grappletong2_joint,0.0,0.0,0.0
1783095553471277224,52.309710283,slew_joint,1.74358245,0.0017453277777777776,-5.0
1783095553471277224,52.309710283,boom_joint,0.6876591444444444,0.0017453277777777776,88.0
1783095553471277224,52.309710283,stick_joint,-1.1571523166666664,-0.0017453277777777776,24.0
1783095553471277224,52.309710283,telescope_joint,0.4935,0.002,-11.0
1783095553471277224,52.309710283,hanger_joint,0.9267690499999999,0.09075704444444443,0.0
1783095553471277224,52.309710283,bearingfork_joint,-0.14486220555555554,-0.07155843888888888,0.0
1783095553471277224,52.309710283,grapplecarrier_joint,-0.15533417222222218,0.0,-26.0
1783095553471277224,52.309710283,grappletong1_joint,0.0,0.0,0.0
1783095553471277224,52.309710283,grappletong2_joint,0.0,0.0,0.0
1783095553481300085,52.319733144,slew_joint,1.74358245,0.0017453277777777776,-5.0
1783095553481300085,52.319733144,boom_joint,0.6876591444444444,0.0017453277777777776,88.0
1783095553481300085,52.319733144,stick_joint,-1.1571523166666664,-0.0017453277777777776,24.0
1783095553481300085,52.319733144,telescope_joint,0.4935,0.002,-12.0
1783095553481300085,52.319733144,hanger_joint,0.9232783944444443,0.09075704444444443,0.0
1783095553481300085,52.319733144,bearingfork_joint,-0.14486220555555554,-0.0698131111111111,0.0
1783095553481300085,52.319733144,grapplecarrier_joint,-0.15533417222222218,0.0,-26.0
1783095553481300085,52.319733144,grappletong1_joint,0.0,0.0,0.0
1783095553481300085,52.319733144,grappletong2_joint,0.0,0.0,0.0
1783095553496706591,52.33513965,slew_joint,1.74358245,0.0017453277777777776,-5.0
1783095553496706591,52.33513965,boom_joint,0.6876591444444444,0.0017453277777777776,88.0
1783095553496706591,52.33513965,stick_joint,-1.1571523166666664,-0.0017453277777777776,24.0
1783095553496706591,52.33513965,telescope_joint,0.4935,0.002,-12.0
1783095553496706591,52.33513965,hanger_joint,0.9232783944444443,0.09075704444444443,0.0
1783095553496706591,52.33513965,bearingfork_joint,-0.14486220555555554,-0.0698131111111111,0.0
1783095553496706591,52.33513965,grapplecarrier_joint,-0.15533417222222218,0.0,-26.0
1783095553496706591,52.33513965,grappletong1_joint,0.0,0.0,0.0
1783095553496706591,52.33513965,grappletong2_joint,0.0,0.0,0.0
1783095553502219667,52.340652726,slew_joint,1.74358245,0.0017453277777777776,-5.0
1783095553502219667,52.340652726,boom_joint,0.6876591444444444,0.003490655555555555,85.0
1783095553502219667,52.340652726,stick_joint,-1.1571523166666664,0.0,24.0
1783095553502219667,52.340652726,telescope_joint,0.4935,0.002,-12.0
1783095553502219667,52.340652726,hanger_joint,0.9215330666666666,0.10297433888888888,0.0
1783095553502219667,52.340652726,bearingfork_joint,-0.14311687777777776,-0.07330376666666666,0.0
1783095553502219667,52.340652726,grapplecarrier_joint,-0.15533417222222218,0.0,-26.0
1783095553502219667,52.340652726,grappletong1_joint,0.0,0.0,0.0
1783095553502219667,52.340652726,grappletong2_joint,0.0,0.0,0.0
1783095553511964411,52.35039747,slew_joint,1.74358245,0.0017453277777777776,-5.0
1783095553511964411,52.35039747,boom_joint,0.6876591444444444,0.003490655555555555,85.0
1783095553511964411,52.35039747,stick_joint,-1.1571523166666664,0.0,24.0
1783095553511964411,52.35039747,telescope_joint,0.4935,0.002,-12.0
1783095553511964411,52.35039747,hanger_joint,0.9215330666666666,0.10297433888888888,0.0
1783095553511964411,52.35039747,bearingfork_joint,-0.14311687777777776,-0.07330376666666666,0.0
1783095553511964411,52.35039747,grapplecarrier_joint,-0.15533417222222218,0.0,-26.0
1783095553511964411,52.35039747,grappletong1_joint,0.0,0.0,0.0
1783095553511964411,52.35039747,grappletong2_joint,0.0,0.0,0.0
1783095553521716683,52.360149742,slew_joint,1.74358245,0.0,-4.0
1783095553521716683,52.360149742,boom_joint,0.6876591444444444,0.003490655555555555,84.0
1783095553521716683,52.360149742,stick_joint,-1.1571523166666664,0.0,24.0
1783095553521716683,52.360149742,telescope_joint,0.4936,0.002,-13.0
1783095553521716683,52.360149742,hanger_joint,0.9215330666666666,0.09250237222222221,0.0
1783095553521716683,52.360149742,bearingfork_joint,-0.14137154999999998,-0.0628318,0.0
1783095553521716683,52.360149742,grapplecarrier_joint,-0.15533417222222218,0.0,-26.0
1783095553521716683,52.360149742,grappletong1_joint,0.0,0.0,0.0
1783095553521716683,52.360149742,grappletong2_joint,0.0,0.0,0.0
1783095553531486509,52.369919568,slew_joint,1.74358245,0.0,-4.0
1783095553531486509,52.369919568,boom_joint,0.6876591444444444,0.003490655555555555,84.0
1783095553531486509,52.369919568,stick_joint,-1.1571523166666664,0.0,24.0
1783095553531486509,52.369919568,telescope_joint,0.4936,0.002,-13.0
1783095553531486509,52.369919568,hanger_joint,0.9215330666666666,0.09250237222222221,0.0
1783095553531486509,52.369919568,bearingfork_joint,-0.14137154999999998,-0.0628318,0.0
1783095553531486509,52.369919568,grapplecarrier_joint,-0.15533417222222218,0.0,-26.0
1783095553531486509,52.369919568,grappletong1_joint,0.0,0.0,0.0
1783095553531486509,52.369919568,grappletong2_joint,0.0,0.0,0.0
1783095553541250725,52.379683784,slew_joint,1.74358245,0.0,-4.0
1783095553541250725,52.379683784,boom_joint,0.6876591444444444,0.0,84.0
1783095553541250725,52.379683784,stick_joint,-1.1571523166666664,0.0,24.0
1783095553541250725,52.379683784,telescope_joint,0.4936,0.001,-14.0
1783095553541250725,52.379683784,hanger_joint,0.9197877388888887,0.07330376666666666,0.0
1783095553541250725,52.379683784,bearingfork_joint,-0.14137154999999998,-0.03839721111111111,0.0
1783095553541250725,52.379683784,grapplecarrier_joint,-0.15533417222222218,0.0,-26.0
1783095553541250725,52.379683784,grappletong1_joint,0.0,0.0,0.0
1783095553541250725,52.379683784,grappletong2_joint,0.0,0.0,0.0
1783095553551172167,52.389605226,slew_joint,1.74358245,0.0,-4.0
1783095553551172167,52.389605226,boom_joint,0.6876591444444444,0.0,84.0
1783095553551172167,52.389605226,stick_joint,-1.1571523166666664,0.0,24.0
1783095553551172167,52.389605226,telescope_joint,0.4936,0.001,-14.0
1783095553551172167,52.389605226,hanger_joint,0.9197877388888887,0.07330376666666666,0.0
1783095553551172167,52.389605226,bearingfork_joint,-0.14137154999999998,-0.03839721111111111,0.0
1783095553551172167,52.389605226,grapplecarrier_joint,-0.15533417222222218,0.0,-26.0
1783095553551172167,52.389605226,grappletong1_joint,0.0,0.0,0.0
1783095553551172167,52.389605226,grappletong2_joint,0.0,0.0,0.0
1783095553561182474,52.399615533,slew_joint,1.74358245,0.0,-4.0
1783095553561182474,52.399615533,boom_joint,0.6876591444444444,0.003490655555555555,83.0
1783095553561182474,52.399615533,stick_joint,-1.1571523166666664,0.0,24.0
1783095553561182474,52.399615533,telescope_joint,0.4936,0.001,-15.0
1783095553561182474,52.399615533,hanger_joint,0.918042411111111,0.05235983333333333,0.0
1783095553561182474,52.399615533,bearingfork_joint,-0.14137154999999998,-0.019198605555555553,0.0
1783095553561182474,52.399615533,grapplecarrier_joint,-0.15533417222222218,0.0,-26.0
1783095553561182474,52.399615533,grappletong1_joint,0.0,0.0,0.0
1783095553561182474,52.399615533,grappletong2_joint,0.0,0.0,0.0
1783095553571214302,52.409647361,slew_joint,1.74358245,0.0,-4.0
1783095553571214302,52.409647361,boom_joint,0.6876591444444444,0.003490655555555555,83.0
1783095553571214302,52.409647361,stick_joint,-1.1571523166666664,0.0,24.0
1783095553571214302,52.409647361,telescope_joint,0.4936,0.001,-15.0
1783095553571214302,52.409647361,hanger_joint,0.918042411111111,0.05235983333333333,0.0
1783095553571214302,52.409647361,bearingfork_joint,-0.14137154999999998,-0.019198605555555553,0.0
1783095553571214302,52.409647361,grapplecarrier_joint,-0.15533417222222218,0.0,-26.0
1783095553571214302,52.409647361,grappletong1_joint,0.0,0.0,0.0
1783095553571214302,52.409647361,grappletong2_joint,0.0,0.0,0.0
1783095553581863731,52.42029679,slew_joint,1.74358245,0.0017453277777777776,-3.0
1783095553581863731,52.42029679,boom_joint,0.6876591444444444,0.003490655555555555,83.0
1783095553581863731,52.42029679,stick_joint,-1.1571523166666664,0.0,24.0
1783095553581863731,52.42029679,telescope_joint,0.4937,0.001,-15.0
1783095553581863731,52.42029679,hanger_joint,0.918042411111111,0.033161227777777774,0.0
1783095553581863731,52.42029679,bearingfork_joint,-0.14137154999999998,-0.005235983333333333,0.0
1783095553581863731,52.42029679,grapplecarrier_joint,-0.15533417222222218,0.0,-26.0
1783095553581863731,52.42029679,grappletong1_joint,0.0,0.0,0.0
1783095553581863731,52.42029679,grappletong2_joint,0.0,0.0,0.0
1783095553592001059,52.430434118,slew_joint,1.74358245,0.0017453277777777776,-3.0
1783095553592001059,52.430434118,boom_joint,0.6876591444444444,0.003490655555555555,83.0
1783095553592001059,52.430434118,stick_joint,-1.1571523166666664,0.0,24.0
1783095553592001059,52.430434118,telescope_joint,0.4937,0.001,-15.0
1783095553592001059,52.430434118,hanger_joint,0.918042411111111,0.033161227777777774,0.0
1783095553592001059,52.430434118,bearingfork_joint,-0.14137154999999998,-0.005235983333333333,0.0
1783095553592001059,52.430434118,grapplecarrier_joint,-0.15533417222222218,0.0,-26.0
1783095553592001059,52.430434118,grappletong1_joint,0.0,0.0,0.0
1783095553592001059,52.430434118,grappletong2_joint,0.0,0.0,0.0
1783095553601785023,52.440218082,slew_joint,1.74358245,0.0017453277777777776,-3.0
1783095553601785023,52.440218082,boom_joint,0.6876591444444444,0.0017453277777777776,83.0
1783095553601785023,52.440218082,stick_joint,-1.1571523166666664,0.0,24.0
1783095553601785023,52.440218082,telescope_joint,0.4937,0.001,-16.0
1783095553601785023,52.440218082,hanger_joint,0.918042411111111,0.012217294444444443,0.0
1783095553601785023,52.440218082,bearingfork_joint,-0.14137154999999998,-0.003490655555555555,0.0
1783095553601785023,52.440218082,grapplecarrier_joint,-0.15533417222222218,0.0,-26.0
1783095553601785023,52.440218082,grappletong1_joint,0.0,0.0,0.0
1783095553601785023,52.440218082,grappletong2_joint,0.0,0.0,0.0
1783095553611694804,52.450127863,slew_joint,1.74358245,0.0017453277777777776,-3.0
1783095553611694804,52.450127863,boom_joint,0.6876591444444444,0.0017453277777777776,83.0
1783095553611694804,52.450127863,stick_joint,-1.1571523166666664,0.0,24.0
1783095553611694804,52.450127863,telescope_joint,0.4937,0.001,-16.0
1783095553611694804,52.450127863,hanger_joint,0.918042411111111,0.012217294444444443,0.0
1783095553611694804,52.450127863,bearingfork_joint,-0.14137154999999998,-0.003490655555555555,0.0
1783095553611694804,52.450127863,grapplecarrier_joint,-0.15533417222222218,0.0,-26.0
1783095553611694804,52.450127863,grappletong1_joint,0.0,0.0,0.0
1783095553611694804,52.450127863,grappletong2_joint,0.0,0.0,0.0
1783095553621490352,52.459923411,slew_joint,1.74358245,0.0,-3.0
1783095553621490352,52.459923411,boom_joint,0.6876591444444444,0.0017453277777777776,83.0
1783095553621490352,52.459923411,stick_joint,-1.1571523166666664,0.0,24.0
1783095553621490352,52.459923411,telescope_joint,0.4937,0.001,-17.0
1783095553621490352,52.459923411,hanger_joint,0.918042411111111,0.003490655555555555,0.0
1783095553621490352,52.459923411,bearingfork_joint,-0.14137154999999998,-0.003490655555555555,0.0
1783095553621490352,52.459923411,grapplecarrier_joint,-0.15533417222222218,0.0,-26.0
1783095553621490352,52.459923411,grappletong1_joint,0.0,0.0,0.0
1783095553621490352,52.459923411,grappletong2_joint,0.0,0.0,0.0
1783095553632262050,52.470695109,slew_joint,1.74358245,0.0,-3.0
1783095553632262050,52.470695109,boom_joint,0.6876591444444444,0.0017453277777777776,83.0
1783095553632262050,52.470695109,stick_joint,-1.1571523166666664,0.0,24.0
1783095553632262050,52.470695109,telescope_joint,0.4937,0.001,-17.0
1783095553632262050,52.470695109,hanger_joint,0.918042411111111,0.003490655555555555,0.0
1783095553632262050,52.470695109,bearingfork_joint,-0.14137154999999998,-0.003490655555555555,0.0
1783095553632262050,52.470695109,grapplecarrier_joint,-0.15533417222222218,0.0,-26.0
1783095553632262050,52.470695109,grappletong1_joint,0.0,0.0,0.0
1783095553632262050,52.470695109,grappletong2_joint,0.0,0.0,0.0
1783095553641952135,52.480385194,slew_joint,1.74358245,0.0,-3.0
1783095553641952135,52.480385194,boom_joint,0.6876591444444444,0.003490655555555555,83.0
1783095553641952135,52.480385194,stick_joint,-1.1571523166666664,0.0,24.0
1783095553641952135,52.480385194,telescope_joint,0.4937,0.001,-18.0
1783095553641952135,52.480385194,hanger_joint,0.918042411111111,0.0017453277777777776,0.0
1783095553641952135,52.480385194,bearingfork_joint,-0.14137154999999998,-0.003490655555555555,0.0
1783095553641952135,52.480385194,grapplecarrier_joint,-0.15533417222222218,0.0,-26.0
1783095553641952135,52.480385194,grappletong1_joint,0.0,0.0,0.0
1783095553641952135,52.480385194,grappletong2_joint,0.0,0.0,0.0
1783095553651671956,52.490105015,slew_joint,1.74358245,0.0,-3.0
1783095553651671956,52.490105015,boom_joint,0.6876591444444444,0.003490655555555555,83.0
1783095553651671956,52.490105015,stick_joint,-1.1571523166666664,0.0,24.0
1783095553651671956,52.490105015,telescope_joint,0.4937,0.001,-18.0
1783095553651671956,52.490105015,hanger_joint,0.918042411111111,0.0017453277777777776,0.0
1783095553651671956,52.490105015,bearingfork_joint,-0.14137154999999998,-0.003490655555555555,0.0
1783095553651671956,52.490105015,grapplecarrier_joint,-0.15533417222222218,0.0,-26.0
1783095553651671956,52.490105015,grappletong1_joint,0.0,0.0,0.0
1783095553651671956,52.490105015,grappletong2_joint,0.0,0.0,0.0
1783095553661393063,52.499826122,slew_joint,1.74358245,0.0,-2.0
1783095553661393063,52.499826122,boom_joint,0.6876591444444444,0.005235983333333333,83.0
1783095553661393063,52.499826122,stick_joint,-1.1571523166666664,0.0,24.0
1783095553661393063,52.499826122,telescope_joint,0.4938,0.001,-18.0
1783095553661393063,52.499826122,hanger_joint,0.918042411111111,0.003490655555555555,0.0
1783095553661393063,52.499826122,bearingfork_joint,-0.14137154999999998,-0.0017453277777777776,0.0
1783095553661393063,52.499826122,grapplecarrier_joint,-0.15533417222222218,0.0,-26.0
1783095553661393063,52.499826122,grappletong1_joint,0.0,0.0,0.0
1783095553661393063,52.499826122,grappletong2_joint,0.0,0.0,0.0
1783095553671388309,52.509821368,slew_joint,1.74358245,0.0,-2.0
1783095553671388309,52.509821368,boom_joint,0.6876591444444444,0.005235983333333333,83.0
1783095553671388309,52.509821368,stick_joint,-1.1571523166666664,0.0,24.0
1783095553671388309,52.509821368,telescope_joint,0.4938,0.001,-18.0
1783095553671388309,52.509821368,hanger_joint,0.918042411111111,0.003490655555555555,0.0
1783095553671388309,52.509821368,bearingfork_joint,-0.14137154999999998,-0.0017453277777777776,0.0
1783095553671388309,52.509821368,grapplecarrier_joint,-0.15533417222222218,0.0,-26.0
1783095553671388309,52.509821368,grappletong1_joint,0.0,0.0,0.0
1783095553671388309,52.509821368,grappletong2_joint,0.0,0.0,0.0
1783095553681575772,52.520008831,slew_joint,1.74358245,0.0,-2.0
1783095553681575772,52.520008831,boom_joint,0.6876591444444444,0.00698131111111111,83.0
1783095553681575772,52.520008831,stick_joint,-1.1571523166666664,0.0,24.0
1783095553681575772,52.520008831,telescope_joint,0.4938,0.001,-19.0
1783095553681575772,52.520008831,hanger_joint,0.918042411111111,0.005235983333333333,0.0
1783095553681575772,52.520008831,bearingfork_joint,-0.14137154999999998,-0.003490655555555555,0.0
1783095553681575772,52.520008831,grapplecarrier_joint,-0.15533417222222218,0.0,-26.0
1783095553681575772,52.520008831,grappletong1_joint,0.0,0.0,0.0
1783095553681575772,52.520008831,grappletong2_joint,0.0,0.0,0.0
1783095553691734743,52.530167802,slew_joint,1.74358245,0.0,-2.0
1783095553691734743,52.530167802,boom_joint,0.6876591444444444,0.00698131111111111,83.0
1783095553691734743,52.530167802,stick_joint,-1.1571523166666664,0.0,24.0
1783095553691734743,52.530167802,telescope_joint,0.4938,0.001,-19.0
1783095553691734743,52.530167802,hanger_joint,0.918042411111111,0.005235983333333333,0.0
1783095553691734743,52.530167802,bearingfork_joint,-0.14137154999999998,-0.003490655555555555,0.0
1783095553691734743,52.530167802,grapplecarrier_joint,-0.15533417222222218,0.0,-26.0
1783095553691734743,52.530167802,grappletong1_joint,0.0,0.0,0.0
1783095553691734743,52.530167802,grappletong2_joint,0.0,0.0,0.0
1783095553701763079,52.540196138,slew_joint,1.74358245,0.0,-2.0
1783095553701763079,52.540196138,boom_joint,0.6876591444444444,0.003490655555555555,83.0
1783095553701763079,52.540196138,stick_joint,-1.1571523166666664,-0.0017453277777777776,24.0
1783095553701763079,52.540196138,telescope_joint,0.4938,0.0,-20.0
1783095553701763079,52.540196138,hanger_joint,0.9162970833333333,0.0314159,0.0
1783095553701763079,52.540196138,bearingfork_joint,-0.14137154999999998,-0.0017453277777777776,0.0
1783095553701763079,52.540196138,grapplecarrier_joint,-0.15533417222222218,0.0,-26.0
1783095553701763079,52.540196138,grappletong1_joint,0.0,0.0,0.0
1783095553701763079,52.540196138,grappletong2_joint,0.0,0.0,0.0
1783095553711906622,52.550339681,slew_joint,1.74358245,0.0,-2.0
1783095553711906622,52.550339681,boom_joint,0.6876591444444444,0.003490655555555555,83.0
1783095553711906622,52.550339681,stick_joint,-1.1571523166666664,-0.0017453277777777776,24.0
1783095553711906622,52.550339681,telescope_joint,0.4938,0.0,-20.0
1783095553711906622,52.550339681,hanger_joint,0.9162970833333333,0.0314159,0.0
1783095553711906622,52.550339681,bearingfork_joint,-0.14137154999999998,-0.0017453277777777776,0.0
1783095553711906622,52.550339681,grapplecarrier_joint,-0.15533417222222218,0.0,-26.0
1783095553711906622,52.550339681,grappletong1_joint,0.0,0.0,0.0
1783095553711906622,52.550339681,grappletong2_joint,0.0,0.0,0.0
1783095553721433008,52.559866067,slew_joint,1.74358245,0.0017453277777777776,-2.0
1783095553721433008,52.559866067,boom_joint,0.6876591444444444,0.0017453277777777776,81.0
1783095553721433008,52.559866067,stick_joint,-1.1571523166666664,-0.0017453277777777776,24.0
1783095553721433008,52.559866067,telescope_joint,0.4938,0.0,-20.0
1783095553721433008,52.559866067,hanger_joint,0.9145517555555556,0.08901171666666666,0.0
1783095553721433008,52.559866067,bearingfork_joint,-0.1396262222222222,-0.003490655555555555,0.0
1783095553721433008,52.559866067,grapplecarrier_joint,-0.15533417222222218,0.0,-26.0
1783095553721433008,52.559866067,grappletong1_joint,0.0,0.0,0.0
1783095553721433008,52.559866067,grappletong2_joint,0.0,0.0,0.0
1783095553731553593,52.569986652,slew_joint,1.74358245,0.0017453277777777776,-2.0
1783095553731553593,52.569986652,boom_joint,0.6876591444444444,0.0017453277777777776,81.0
1783095553731553593,52.569986652,stick_joint,-1.1571523166666664,-0.0017453277777777776,24.0
1783095553731553593,52.569986652,telescope_joint,0.4938,0.0,-20.0
1783095553731553593,52.569986652,hanger_joint,0.9145517555555556,0.08901171666666666,0.0
1783095553731553593,52.569986652,bearingfork_joint,-0.1396262222222222,-0.003490655555555555,0.0
1783095553731553593,52.569986652,grapplecarrier_joint,-0.15533417222222218,0.0,-26.0
1783095553731553593,52.569986652,grappletong1_joint,0.0,0.0,0.0
1783095553731553593,52.569986652,grappletong2_joint,0.0,0.0,0.0
1783095553741394655,52.579827714,slew_joint,1.74358245,0.0017453277777777776,-1.0
1783095553741394655,52.579827714,boom_joint,0.6876591444444444,0.003490655555555555,79.0
1783095553741394655,52.579827714,stick_joint,-1.1571523166666664,0.0,24.0
1783095553741394655,52.579827714,telescope_joint,0.4938,0.0,-21.0
1783095553741394655,52.579827714,hanger_joint,0.9110611,0.1326449111111111,0.0
1783095553741394655,52.579827714,bearingfork_joint,-0.1396262222222222,-0.005235983333333333,0.0
1783095553741394655,52.579827714,grapplecarrier_joint,-0.15533417222222218,0.0,-26.0
1783095553741394655,52.579827714,grappletong1_joint,0.0,0.0,0.0
1783095553741394655,52.579827714,grappletong2_joint,0.0,0.0,0.0
1783095553751177049,52.589610108,slew_joint,1.74358245,0.0017453277777777776,-1.0
1783095553751177049,52.589610108,boom_joint,0.6876591444444444,0.003490655555555555,79.0
1783095553751177049,52.589610108,stick_joint,-1.1571523166666664,0.0,24.0
1783095553751177049,52.589610108,telescope_joint,0.4938,0.0,-21.0
1783095553751177049,52.589610108,hanger_joint,0.9110611,0.1326449111111111,0.0
1783095553751177049,52.589610108,bearingfork_joint,-0.1396262222222222,-0.005235983333333333,0.0
1783095553751177049,52.589610108,grapplecarrier_joint,-0.15533417222222218,0.0,-26.0
1783095553751177049,52.589610108,grappletong1_joint,0.0,0.0,0.0
1783095553751177049,52.589610108,grappletong2_joint,0.0,0.0,0.0
1783095553761893385,52.600326444,slew_joint,1.74358245,0.0017453277777777776,-1.0
1783095553761893385,52.600326444,boom_joint,0.6894044722222221,0.005235983333333333,77.0
1783095553761893385,52.600326444,stick_joint,-1.1571523166666664,0.0,24.0
1783095553761893385,52.600326444,telescope_joint,0.4938,0.0,-21.0
1783095553761893385,52.600326444,hanger_joint,0.9075704444444443,0.13439023888888887,0.0
1783095553761893385,52.600326444,bearingfork_joint,-0.1396262222222222,-0.0017453277777777776,0.0
1783095553761893385,52.600326444,grapplecarrier_joint,-0.15533417222222218,0.0,-26.0
1783095553761893385,52.600326444,grappletong1_joint,0.0,0.0,0.0
1783095553761893385,52.600326444,grappletong2_joint,0.0,0.0,0.0
1783095553771450468,52.609883527,slew_joint,1.74358245,0.0017453277777777776,-1.0
1783095553771450468,52.609883527,boom_joint,0.6894044722222221,0.005235983333333333,77.0
1783095553771450468,52.609883527,stick_joint,-1.1571523166666664,0.0,24.0
1783095553771450468,52.609883527,telescope_joint,0.4938,0.0,-21.0
1783095553771450468,52.609883527,hanger_joint,0.9075704444444443,0.13439023888888887,0.0
1783095553771450468,52.609883527,bearingfork_joint,-0.1396262222222222,-0.0017453277777777776,0.0
1783095553771450468,52.609883527,grapplecarrier_joint,-0.15533417222222218,0.0,-26.0
1783095553771450468,52.609883527,grappletong1_joint,0.0,0.0,0.0
1783095553771450468,52.609883527,grappletong2_joint,0.0,0.0,0.0
1783095553781784843,52.620217902,slew_joint,1.74358245,0.003490655555555555,-2.0
1783095553781784843,52.620217902,boom_joint,0.6894044722222221,0.003490655555555555,74.0
1783095553781784843,52.620217902,stick_joint,-1.1571523166666664,0.0,24.0
1783095553781784843,52.620217902,telescope_joint,0.4938,0.0,-22.0
1783095553781784843,52.620217902,hanger_joint,0.9058251166666667,0.13089958333333332,0.0
1783095553781784843,52.620217902,bearingfork_joint,-0.1396262222222222,-0.0017453277777777776,0.0
1783095553781784843,52.620217902,grapplecarrier_joint,-0.15533417222222218,0.0,-26.0
1783095553781784843,52.620217902,grappletong1_joint,0.0,0.0,0.0
1783095553781784843,52.620217902,grappletong2_joint,0.0,0.0,0.0
1783095553791551958,52.629985017,slew_joint,1.74358245,0.003490655555555555,-2.0
1783095553791551958,52.629985017,boom_joint,0.6894044722222221,0.003490655555555555,74.0
1783095553791551958,52.629985017,stick_joint,-1.1571523166666664,0.0,24.0
1783095553791551958,52.629985017,telescope_joint,0.4938,0.0,-22.0
1783095553791551958,52.629985017,hanger_joint,0.9058251166666667,0.13089958333333332,0.0
1783095553791551958,52.629985017,bearingfork_joint,-0.1396262222222222,-0.0017453277777777776,0.0
1783095553791551958,52.629985017,grapplecarrier_joint,-0.15533417222222218,0.0,-26.0
1783095553791551958,52.629985017,grappletong1_joint,0.0,0.0,0.0
1783095553791551958,52.629985017,grappletong2_joint,0.0,0.0,0.0
1783095553801321001,52.63975406,slew_joint,1.74358245,0.003490655555555555,-3.0
1783095553801321001,52.63975406,boom_joint,0.6894044722222221,0.003490655555555555,72.0
1783095553801321001,52.63975406,stick_joint,-1.1571523166666664,0.0,24.0
1783095553801321001,52.63975406,telescope_joint,0.4939,0.0,-22.0
1783095553801321001,52.63975406,hanger_joint,0.9040797888888887,0.1169369611111111,0.0
1783095553801321001,52.63975406,bearingfork_joint,-0.1396262222222222,-0.003490655555555555,0.0
1783095553801321001,52.63975406,grapplecarrier_joint,-0.15533417222222218,0.0,-26.0
1783095553801321001,52.63975406,grappletong1_joint,0.0,0.0,0.0
1783095553801321001,52.63975406,grappletong2_joint,0.0,0.0,0.0
1783095553813099400,52.651532459,slew_joint,1.74358245,0.003490655555555555,-3.0
1783095553813099400,52.651532459,boom_joint,0.6894044722222221,0.003490655555555555,72.0
1783095553813099400,52.651532459,stick_joint,-1.1571523166666664,0.0,24.0
1783095553813099400,52.651532459,telescope_joint,0.4939,0.0,-22.0
1783095553813099400,52.651532459,hanger_joint,0.9040797888888887,0.1169369611111111,0.0
1783095553813099400,52.651532459,bearingfork_joint,-0.1396262222222222,-0.003490655555555555,0.0
1783095553813099400,52.651532459,grapplecarrier_joint,-0.15533417222222218,0.0,-26.0
1783095553813099400,52.651532459,grappletong1_joint,0.0,0.0,0.0
1783095553813099400,52.651532459,grappletong2_joint,0.0,0.0,0.0
1783095553821592788,52.660025847,slew_joint,1.74358245,0.003490655555555555,-4.0
1783095553821592788,52.660025847,boom_joint,0.6894044722222221,0.005235983333333333,69.0
1783095553821592788,52.660025847,stick_joint,-1.1571523166666664,0.0,24.0
1783095553821592788,52.660025847,telescope_joint,0.4939,0.0,-22.0
1783095553821592788,52.660025847,hanger_joint,0.902334461111111,0.11868228888888888,0.0
1783095553821592788,52.660025847,bearingfork_joint,-0.1396262222222222,-0.005235983333333333,0.0
1783095553821592788,52.660025847,grapplecarrier_joint,-0.15533417222222218,0.0,-26.0
1783095553821592788,52.660025847,grappletong1_joint,0.0,0.0,0.0
1783095553821592788,52.660025847,grappletong2_joint,0.0,0.0,0.0
1783095553831275944,52.669709003,slew_joint,1.74358245,0.003490655555555555,-4.0
1783095553831275944,52.669709003,boom_joint,0.6894044722222221,0.005235983333333333,69.0
1783095553831275944,52.669709003,stick_joint,-1.1571523166666664,0.0,24.0
1783095553831275944,52.669709003,telescope_joint,0.4939,0.0,-22.0
1783095553831275944,52.669709003,hanger_joint,0.902334461111111,0.11868228888888888,0.0
1783095553831275944,52.669709003,bearingfork_joint,-0.1396262222222222,-0.005235983333333333,0.0
1783095553831275944,52.669709003,grapplecarrier_joint,-0.15533417222222218,0.0,-26.0
1783095553831275944,52.669709003,grappletong1_joint,0.0,0.0,0.0
1783095553831275944,52.669709003,grappletong2_joint,0.0,0.0,0.0
1783095553841832730,52.680265789,slew_joint,1.74358245,0.003490655555555555,-5.0
1783095553841832730,52.680265789,boom_joint,0.6894044722222221,0.005235983333333333,66.0
1783095553841832730,52.680265789,stick_joint,-1.1571523166666664,0.0,24.0
1783095553841832730,52.680265789,telescope_joint,0.4939,0.0,-22.0
1783095553841832730,52.680265789,hanger_joint,0.8988438055555554,0.12217294444444443,0.0
1783095553841832730,52.680265789,bearingfork_joint,-0.1396262222222222,-0.0017453277777777776,0.0
1783095553841832730,52.680265789,grapplecarrier_joint,-0.15533417222222218,0.0,-26.0
1783095553841832730,52.680265789,grappletong1_joint,0.0,0.0,0.0
1783095553841832730,52.680265789,grappletong2_joint,0.0,0.0,0.0
1783095553851503502,52.689936561,slew_joint,1.74358245,0.003490655555555555,-5.0
1783095553851503502,52.689936561,boom_joint,0.6894044722222221,0.005235983333333333,66.0
1783095553851503502,52.689936561,stick_joint,-1.1571523166666664,0.0,24.0
1783095553851503502,52.689936561,telescope_joint,0.4939,0.0,-22.0
1783095553851503502,52.689936561,hanger_joint,0.8988438055555554,0.12217294444444443,0.0
1783095553851503502,52.689936561,bearingfork_joint,-0.1396262222222222,-0.0017453277777777776,0.0
1783095553851503502,52.689936561,grapplecarrier_joint,-0.15533417222222218,0.0,-26.0
1783095553851503502,52.689936561,grappletong1_joint,0.0,0.0,0.0
1783095553851503502,52.689936561,grappletong2_joint,0.0,0.0,0.0
1783095553861355127,52.699788186,slew_joint,1.74358245,0.003490655555555555,-6.0
1783095553861355127,52.699788186,boom_joint,0.6894044722222221,0.005235983333333333,65.0
1783095553861355127,52.699788186,stick_joint,-1.1571523166666664,0.0,24.0
1783095553861355127,52.699788186,telescope_joint,0.4939,0.0,-23.0
1783095553861355127,52.699788186,hanger_joint,0.8953531499999998,0.1326449111111111,0.0
1783095553861355127,52.699788186,bearingfork_joint,-0.1396262222222222,0.0,0.0
1783095553861355127,52.699788186,grapplecarrier_joint,-0.15533417222222218,0.0,-26.0
1783095553861355127,52.699788186,grappletong1_joint,0.0,0.0,0.0
1783095553861355127,52.699788186,grappletong2_joint,0.0,0.0,0.0
1783095553872075852,52.710508911,slew_joint,1.74358245,0.003490655555555555,-6.0
1783095553872075852,52.710508911,boom_joint,0.6894044722222221,0.005235983333333333,65.0
1783095553872075852,52.710508911,stick_joint,-1.1571523166666664,0.0,24.0
1783095553872075852,52.710508911,telescope_joint,0.4939,0.0,-23.0
1783095553872075852,52.710508911,hanger_joint,0.8953531499999998,0.1326449111111111,0.0
1783095553872075852,52.710508911,bearingfork_joint,-0.1396262222222222,0.0,0.0
1783095553872075852,52.710508911,grapplecarrier_joint,-0.15533417222222218,0.0,-26.0
1783095553872075852,52.710508911,grappletong1_joint,0.0,0.0,0.0
1783095553872075852,52.710508911,grappletong2_joint,0.0,0.0,0.0
1783095553881599290,52.720032349,slew_joint,1.74358245,0.003490655555555555,-7.0
1783095553881599290,52.720032349,boom_joint,0.6894044722222221,0.005235983333333333,63.0
1783095553881599290,52.720032349,stick_joint,-1.1571523166666664,0.0,24.0
1783095553881599290,52.720032349,telescope_joint,0.4939,0.0,-23.0
1783095553881599290,52.720032349,hanger_joint,0.8936078222222221,0.12217294444444443,0.0
1783095553881599290,52.720032349,bearingfork_joint,-0.1396262222222222,0.0,0.0
1783095553881599290,52.720032349,grapplecarrier_joint,-0.15533417222222218,0.0,-26.0
1783095553881599290,52.720032349,grappletong1_joint,0.0,0.0,0.0
1783095553881599290,52.720032349,grappletong2_joint,0.0,0.0,0.0
1783095553891808157,52.730241216,slew_joint,1.74358245,0.003490655555555555,-7.0
1783095553891808157,52.730241216,boom_joint,0.6894044722222221,0.005235983333333333,63.0
1783095553891808157,52.730241216,stick_joint,-1.1571523166666664,0.0,24.0
1783095553891808157,52.730241216,telescope_joint,0.4939,0.0,-23.0
1783095553891808157,52.730241216,hanger_joint,0.8936078222222221,0.12217294444444443,0.0
1783095553891808157,52.730241216,bearingfork_joint,-0.1396262222222222,0.0,0.0
1783095553891808157,52.730241216,grapplecarrier_joint,-0.15533417222222218,0.0,-26.0
1783095553891808157,52.730241216,grappletong1_joint,0.0,0.0,0.0
1783095553891808157,52.730241216,grappletong2_joint,0.0,0.0,0.0
1783095553901577830,52.740010889,slew_joint,1.74358245,0.003490655555555555,-8.0
1783095553901577830,52.740010889,boom_joint,0.6894044722222221,0.003490655555555555,61.0
1783095553901577830,52.740010889,stick_joint,-1.1571523166666664,0.0,24.0
1783095553901577830,52.740010889,telescope_joint,0.4939,0.0,-23.0
1783095553901577830,52.740010889,hanger_joint,0.8918624944444444,0.12217294444444443,0.0
1783095553901577830,52.740010889,bearingfork_joint,-0.1396262222222222,0.0,0.0
1783095553901577830,52.740010889,grapplecarrier_joint,-0.15533417222222218,0.0,-26.0
1783095553901577830,52.740010889,grappletong1_joint,0.0,0.0,0.0
1783095553901577830,52.740010889,grappletong2_joint,0.0,0.0,0.0
1783095553911357331,52.74979039,slew_joint,1.74358245,0.003490655555555555,-8.0
1783095553911357331,52.74979039,boom_joint,0.6894044722222221,0.003490655555555555,61.0
1783095553911357331,52.74979039,stick_joint,-1.1571523166666664,0.0,24.0
1783095553911357331,52.74979039,telescope_joint,0.4939,0.0,-23.0
1783095553911357331,52.74979039,hanger_joint,0.8918624944444444,0.12217294444444443,0.0
1783095553911357331,52.74979039,bearingfork_joint,-0.1396262222222222,0.0,0.0
1783095553911357331,52.74979039,grapplecarrier_joint,-0.15533417222222218,0.0,-26.0
1783095553911357331,52.74979039,grappletong1_joint,0.0,0.0,0.0
1783095553911357331,52.74979039,grappletong2_joint,0.0,0.0,0.0
1783095553921846953,52.760280012,slew_joint,1.74358245,0.003490655555555555,-8.0
1783095553921846953,52.760280012,boom_joint,0.6894044722222221,0.003490655555555555,58.0
1783095553921846953,52.760280012,stick_joint,-1.1571523166666664,0.0,24.0
1783095553921846953,52.760280012,telescope_joint,0.4939,0.0,-23.0
1783095553921846953,52.760280012,hanger_joint,0.8883718388888888,0.1169369611111111,0.0
1783095553921846953,52.760280012,bearingfork_joint,-0.1396262222222222,0.0,0.0
1783095553921846953,52.760280012,grapplecarrier_joint,-0.15533417222222218,0.0,-26.0
1783095553921846953,52.760280012,grappletong1_joint,0.0,0.0,0.0
1783095553921846953,52.760280012,grappletong2_joint,0.0,0.0,0.0
1783095553931516003,52.769949062,slew_joint,1.74358245,0.003490655555555555,-8.0
1783095553931516003,52.769949062,boom_joint,0.6894044722222221,0.003490655555555555,58.0
1783095553931516003,52.769949062,stick_joint,-1.1571523166666664,0.0,24.0
1783095553931516003,52.769949062,telescope_joint,0.4939,0.0,-23.0
1783095553931516003,52.769949062,hanger_joint,0.8883718388888888,0.1169369611111111,0.0
1783095553931516003,52.769949062,bearingfork_joint,-0.1396262222222222,0.0,0.0
1783095553931516003,52.769949062,grapplecarrier_joint,-0.15533417222222218,0.0,-26.0
1783095553931516003,52.769949062,grappletong1_joint,0.0,0.0,0.0
1783095553931516003,52.769949062,grappletong2_joint,0.0,0.0,0.0
1783095553946441980,52.784875039,slew_joint,1.74358245,0.005235983333333333,-9.0
1783095553946441980,52.784875039,boom_joint,0.6894044722222221,0.0017453277777777776,56.0
1783095553946441980,52.784875039,stick_joint,-1.1571523166666664,0.0,24.0
1783095553946441980,52.784875039,telescope_joint,0.4939,0.0,-23.0
1783095553946441980,52.784875039,hanger_joint,0.8866265111111109,0.10995564999999999,0.0
1783095553946441980,52.784875039,bearingfork_joint,-0.1396262222222222,0.0,0.0
1783095553946441980,52.784875039,grapplecarrier_joint,-0.15533417222222218,0.0,-26.0
1783095553946441980,52.784875039,grappletong1_joint,0.0,0.0,0.0
1783095553946441980,52.784875039,grappletong2_joint,0.0,0.0,0.0
1783095553951606645,52.790039704,slew_joint,1.74358245,0.005235983333333333,-9.0
1783095553951606645,52.790039704,boom_joint,0.6894044722222221,0.0017453277777777776,56.0
1783095553951606645,52.790039704,stick_joint,-1.1571523166666664,0.0,24.0
1783095553951606645,52.790039704,telescope_joint,0.4939,0.0,-23.0
1783095553951606645,52.790039704,hanger_joint,0.8866265111111109,0.10995564999999999,0.0
1783095553951606645,52.790039704,bearingfork_joint,-0.1396262222222222,0.0,0.0
1783095553951606645,52.790039704,grapplecarrier_joint,-0.15533417222222218,0.0,-26.0
1783095553951606645,52.790039704,grappletong1_joint,0.0,0.0,0.0
1783095553951606645,52.790039704,grappletong2_joint,0.0,0.0,0.0
1783095553961530858,52.799963917,slew_joint,1.74358245,0.005235983333333333,-10.0
1783095553961530858,52.799963917,boom_joint,0.6894044722222221,0.0017453277777777776,54.0
1783095553961530858,52.799963917,stick_joint,-1.1571523166666664,0.0,24.0
1783095553961530858,52.799963917,telescope_joint,0.4939,0.0,-23.0
1783095553961530858,52.799963917,hanger_joint,0.8848811833333332,0.10995564999999999,0.0
1783095553961530858,52.799963917,bearingfork_joint,-0.1396262222222222,0.0,0.0
1783095553961530858,52.799963917,grapplecarrier_joint,-0.15533417222222218,0.0,-26.0
1783095553961530858,52.799963917,grappletong1_joint,0.0,0.0,0.0
1783095553961530858,52.799963917,grappletong2_joint,0.0,0.0,0.0
1783095553971455604,52.809888663,slew_joint,1.74358245,0.005235983333333333,-10.0
1783095553971455604,52.809888663,boom_joint,0.6894044722222221,0.0017453277777777776,54.0
1783095553971455604,52.809888663,stick_joint,-1.1571523166666664,0.0,24.0
1783095553971455604,52.809888663,telescope_joint,0.4939,0.0,-23.0
1783095553971455604,52.809888663,hanger_joint,0.8848811833333332,0.10995564999999999,0.0
1783095553971455604,52.809888663,bearingfork_joint,-0.1396262222222222,0.0,0.0
1783095553971455604,52.809888663,grapplecarrier_joint,-0.15533417222222218,0.0,-26.0
1783095553971455604,52.809888663,grappletong1_joint,0.0,0.0,0.0
1783095553971455604,52.809888663,grappletong2_joint,0.0,0.0,0.0
1783095553981783862,52.820216921,slew_joint,1.7453277777777776,0.003490655555555555,-9.0
1783095553981783862,52.820216921,boom_joint,0.6894044722222221,0.005235983333333333,53.0
1783095553981783862,52.820216921,stick_joint,-1.1571523166666664,0.0,24.0
1783095553981783862,52.820216921,telescope_joint,0.4939,0.0,-24.0
1783095553981783862,52.820216921,hanger_joint,0.8831358555555555,0.1012290111111111,0.0
1783095553981783862,52.820216921,bearingfork_joint,-0.1396262222222222,0.0,0.0
1783095553981783862,52.820216921,grapplecarrier_joint,-0.15533417222222218,0.0,-26.0
1783095553981783862,52.820216921,grappletong1_joint,0.0,0.0,0.0
1783095553981783862,52.820216921,grappletong2_joint,0.0,0.0,0.0
1783095553991799753,52.830232812,slew_joint,1.7453277777777776,0.003490655555555555,-9.0
1783095553991799753,52.830232812,boom_joint,0.6894044722222221,0.005235983333333333,53.0
1783095553991799753,52.830232812,stick_joint,-1.1571523166666664,0.0,24.0
1783095553991799753,52.830232812,telescope_joint,0.4939,0.0,-24.0
1783095553991799753,52.830232812,hanger_joint,0.8831358555555555,0.1012290111111111,0.0
1783095553991799753,52.830232812,bearingfork_joint,-0.1396262222222222,0.0,0.0
1783095553991799753,52.830232812,grapplecarrier_joint,-0.15533417222222218,0.0,-26.0
1783095553991799753,52.830232812,grappletong1_joint,0.0,0.0,0.0
1783095553991799753,52.830232812,grappletong2_joint,0.0,0.0,0.0
1783095554001470299,52.839903358,slew_joint,1.7453277777777776,0.005235983333333333,-8.0
1783095554001470299,52.839903358,boom_joint,0.6894044722222221,0.003490655555555555,51.0
1783095554001470299,52.839903358,stick_joint,-1.1571523166666664,0.0,24.0
1783095554001470299,52.839903358,telescope_joint,0.4939,0.0,-24.0
1783095554001470299,52.839903358,hanger_joint,0.8813905277777776,0.09773835555555554,0.0
1783095554001470299,52.839903358,bearingfork_joint,-0.1396262222222222,0.0,0.0
1783095554001470299,52.839903358,grapplecarrier_joint,-0.15533417222222218,0.0,-26.0
1783095554001470299,52.839903358,grappletong1_joint,0.0,0.0,0.0
1783095554001470299,52.839903358,grappletong2_joint,0.0,0.0,0.0
1783095554011695561,52.85012862,slew_joint,1.7453277777777776,0.005235983333333333,-8.0
1783095554011695561,52.85012862,boom_joint,0.6894044722222221,0.003490655555555555,51.0
1783095554011695561,52.85012862,stick_joint,-1.1571523166666664,0.0,24.0
1783095554011695561,52.85012862,telescope_joint,0.4939,0.0,-24.0
1783095554011695561,52.85012862,hanger_joint,0.8813905277777776,0.09773835555555554,0.0
1783095554011695561,52.85012862,bearingfork_joint,-0.1396262222222222,0.0,0.0
1783095554011695561,52.85012862,grapplecarrier_joint,-0.15533417222222218,0.0,-26.0
1783095554011695561,52.85012862,grappletong1_joint,0.0,0.0,0.0
1783095554011695561,52.85012862,grappletong2_joint,0.0,0.0,0.0
1783095554021737725,52.860170784,slew_joint,1.7453277777777776,0.003490655555555555,-8.0
1783095554021737725,52.860170784,boom_joint,0.6894044722222221,0.003490655555555555,50.0
1783095554021737725,52.860170784,stick_joint,-1.1571523166666664,0.0,24.0
1783095554021737725,52.860170784,telescope_joint,0.4939,0.0,-24.0
1783095554021737725,52.860170784,hanger_joint,0.8796451999999999,0.09599302777777777,0.0
1783095554021737725,52.860170784,bearingfork_joint,-0.1396262222222222,0.0,0.0
1783095554021737725,52.860170784,grapplecarrier_joint,-0.15533417222222218,0.0,-26.0
1783095554021737725,52.860170784,grappletong1_joint,0.0,0.0,0.0
1783095554021737725,52.860170784,grappletong2_joint,0.0,0.0,0.0
1783095554031796806,52.870229865,slew_joint,1.7453277777777776,0.003490655555555555,-8.0
1783095554031796806,52.870229865,boom_joint,0.6894044722222221,0.003490655555555555,50.0
1783095554031796806,52.870229865,stick_joint,-1.1571523166666664,0.0,24.0
1783095554031796806,52.870229865,telescope_joint,0.4939,0.0,-24.0
1783095554031796806,52.870229865,hanger_joint,0.8796451999999999,0.09599302777777777,0.0
1783095554031796806,52.870229865,bearingfork_joint,-0.1396262222222222,0.0,0.0
1783095554031796806,52.870229865,grapplecarrier_joint,-0.15533417222222218,0.0,-26.0
1783095554031796806,52.870229865,grappletong1_joint,0.0,0.0,0.0
1783095554031796806,52.870229865,grappletong2_joint,0.0,0.0,0.0
1783095554041680430,52.880113489,slew_joint,1.7453277777777776,0.003490655555555555,-7.0
1783095554041680430,52.880113489,boom_joint,0.6894044722222221,0.0,50.0
1783095554041680430,52.880113489,stick_joint,-1.1571523166666664,0.0,24.0
1783095554041680430,52.880113489,telescope_joint,0.4939,0.0,-24.0
1783095554041680430,52.880113489,hanger_joint,0.8778998722222222,0.0855210611111111,0.0
1783095554041680430,52.880113489,bearingfork_joint,-0.1396262222222222,0.0,0.0
1783095554041680430,52.880113489,grapplecarrier_joint,-0.15533417222222218,0.0,-26.0
1783095554041680430,52.880113489,grappletong1_joint,0.0,0.0,0.0
1783095554041680430,52.880113489,grappletong2_joint,0.0,0.0,0.0
1783095554051432667,52.889865726,slew_joint,1.7453277777777776,0.003490655555555555,-7.0
1783095554051432667,52.889865726,boom_joint,0.6894044722222221,0.0,50.0
1783095554051432667,52.889865726,stick_joint,-1.1571523166666664,0.0,24.0
1783095554051432667,52.889865726,telescope_joint,0.4939,0.0,-24.0
1783095554051432667,52.889865726,hanger_joint,0.8778998722222222,0.0855210611111111,0.0
1783095554051432667,52.889865726,bearingfork_joint,-0.1396262222222222,0.0,0.0
1783095554051432667,52.889865726,grapplecarrier_joint,-0.15533417222222218,0.0,-26.0
1783095554051432667,52.889865726,grappletong1_joint,0.0,0.0,0.0
1783095554051432667,52.889865726,grappletong2_joint,0.0,0.0,0.0
1783095554061260224,52.899693283,slew_joint,1.7453277777777776,0.003490655555555555,-7.0
1783095554061260224,52.899693283,boom_joint,0.6894044722222221,0.0,49.0
1783095554061260224,52.899693283,stick_joint,-1.1571523166666664,0.0,24.0
1783095554061260224,52.899693283,telescope_joint,0.4939,0.0,-24.0
1783095554061260224,52.899693283,hanger_joint,0.8761545444444443,0.08203040555555555,0.0
1783095554061260224,52.899693283,bearingfork_joint,-0.1396262222222222,0.0,0.0
1783095554061260224,52.899693283,grapplecarrier_joint,-0.15533417222222218,0.0,-26.0
1783095554061260224,52.899693283,grappletong1_joint,0.0,0.0,0.0
1783095554061260224,52.899693283,grappletong2_joint,0.0,0.0,0.0
1783095554071308992,52.909742051,slew_joint,1.7453277777777776,0.003490655555555555,-7.0
1783095554071308992,52.909742051,boom_joint,0.6894044722222221,0.0,49.0
1783095554071308992,52.909742051,stick_joint,-1.1571523166666664,0.0,24.0
1783095554071308992,52.909742051,telescope_joint,0.4939,0.0,-24.0
1783095554071308992,52.909742051,hanger_joint,0.8761545444444443,0.08203040555555555,0.0
1783095554071308992,52.909742051,bearingfork_joint,-0.1396262222222222,0.0,0.0
1783095554071308992,52.909742051,grapplecarrier_joint,-0.15533417222222218,0.0,-26.0
1783095554071308992,52.909742051,grappletong1_joint,0.0,0.0,0.0
1783095554071308992,52.909742051,grappletong2_joint,0.0,0.0,0.0
1783095554081370959,52.919804018,slew_joint,1.7453277777777776,0.0017453277777777776,-6.0
1783095554081370959,52.919804018,boom_joint,0.6894044722222221,0.0,49.0
1783095554081370959,52.919804018,stick_joint,-1.1571523166666664,-0.0017453277777777776,24.0
1783095554081370959,52.919804018,telescope_joint,0.4939,0.0,-24.0
1783095554081370959,52.919804018,hanger_joint,0.8744092166666666,0.07679442222222221,0.0
1783095554081370959,52.919804018,bearingfork_joint,-0.1396262222222222,0.0,0.0
1783095554081370959,52.919804018,grapplecarrier_joint,-0.15533417222222218,0.0,-26.0
1783095554081370959,52.919804018,grappletong1_joint,0.0,0.0,0.0
1783095554081370959,52.919804018,grappletong2_joint,0.0,0.0,0.0
1783095554091548757,52.929981816,slew_joint,1.7453277777777776,0.0017453277777777776,-6.0
1783095554091548757,52.929981816,boom_joint,0.6894044722222221,0.0,49.0
1783095554091548757,52.929981816,stick_joint,-1.1571523166666664,-0.0017453277777777776,24.0
1783095554091548757,52.929981816,telescope_joint,0.4939,0.0,-24.0
1783095554091548757,52.929981816,hanger_joint,0.8744092166666666,0.07679442222222221,0.0
1783095554091548757,52.929981816,bearingfork_joint,-0.1396262222222222,0.0,0.0
1783095554091548757,52.929981816,grapplecarrier_joint,-0.15533417222222218,0.0,-26.0
1783095554091548757,52.929981816,grappletong1_joint,0.0,0.0,0.0
1783095554091548757,52.929981816,grappletong2_joint,0.0,0.0,0.0
1783095554101185273,52.939618332,slew_joint,1.7453277777777776,0.0017453277777777776,-6.0
1783095554101185273,52.939618332,boom_joint,0.6894044722222221,0.0,48.0
1783095554101185273,52.939618332,stick_joint,-1.1571523166666664,-0.0017453277777777776,24.0
1783095554101185273,52.939618332,telescope_joint,0.4939,0.0,-24.0
1783095554101185273,52.939618332,hanger_joint,0.8726638888888889,0.0698131111111111,0.0
1783095554101185273,52.939618332,bearingfork_joint,-0.1396262222222222,0.0,0.0
1783095554101185273,52.939618332,grapplecarrier_joint,-0.15533417222222218,0.0,-26.0
1783095554101185273,52.939618332,grappletong1_joint,0.0,0.0,0.0
1783095554101185273,52.939618332,grappletong2_joint,0.0,0.0,0.0
1783095554111349213,52.949782272,slew_joint,1.7453277777777776,0.0017453277777777776,-6.0
1783095554111349213,52.949782272,boom_joint,0.6894044722222221,0.0,48.0
1783095554111349213,52.949782272,stick_joint,-1.1571523166666664,-0.0017453277777777776,24.0
1783095554111349213,52.949782272,telescope_joint,0.4939,0.0,-24.0
1783095554111349213,52.949782272,hanger_joint,0.8726638888888889,0.0698131111111111,0.0
1783095554111349213,52.949782272,bearingfork_joint,-0.1396262222222222,0.0,0.0
1783095554111349213,52.949782272,grapplecarrier_joint,-0.15533417222222218,0.0,-26.0
1783095554111349213,52.949782272,grappletong1_joint,0.0,0.0,0.0
1783095554111349213,52.949782272,grappletong2_joint,0.0,0.0,0.0
1783095554121417471,52.95985053,slew_joint,1.7453277777777776,0.0017453277777777776,-5.0
1783095554121417471,52.95985053,boom_joint,0.6894044722222221,0.0,48.0
1783095554121417471,52.95985053,stick_joint,-1.1571523166666664,0.0,24.0
1783095554121417471,52.95985053,telescope_joint,0.4939,0.0,-24.0
1783095554121417471,52.95985053,hanger_joint,0.8726638888888889,0.061086472222222216,0.0
1783095554121417471,52.95985053,bearingfork_joint,-0.1396262222222222,0.0,0.0
1783095554121417471,52.95985053,grapplecarrier_joint,-0.15533417222222218,0.0,-26.0
1783095554121417471,52.95985053,grappletong1_joint,0.0,0.0,0.0
1783095554121417471,52.95985053,grappletong2_joint,0.0,0.0,0.0
1783095554131419947,52.969853006,slew_joint,1.7453277777777776,0.0017453277777777776,-5.0
1783095554131419947,52.969853006,boom_joint,0.6894044722222221,0.0,48.0
1783095554131419947,52.969853006,stick_joint,-1.1571523166666664,0.0,24.0
1783095554131419947,52.969853006,telescope_joint,0.4939,0.0,-24.0
1783095554131419947,52.969853006,hanger_joint,0.8726638888888889,0.061086472222222216,0.0
1783095554131419947,52.969853006,bearingfork_joint,-0.1396262222222222,0.0,0.0
1783095554131419947,52.969853006,grapplecarrier_joint,-0.15533417222222218,0.0,-26.0
1783095554131419947,52.969853006,grappletong1_joint,0.0,0.0,0.0
1783095554131419947,52.969853006,grappletong2_joint,0.0,0.0,0.0
1783095554141502751,52.97993581,slew_joint,1.7453277777777776,0.0017453277777777776,-5.0
1783095554141502751,52.97993581,boom_joint,0.6894044722222221,0.0,48.0
1783095554141502751,52.97993581,stick_joint,-1.1571523166666664,0.0,24.0
1783095554141502751,52.97993581,telescope_joint,0.4939,0.0,-24.0
1783095554141502751,52.97993581,hanger_joint,0.870918561111111,0.05061450555555555,0.0
1783095554141502751,52.97993581,bearingfork_joint,-0.1396262222222222,0.0,0.0
1783095554141502751,52.97993581,grapplecarrier_joint,-0.15533417222222218,0.0,-26.0
1783095554141502751,52.97993581,grappletong1_joint,0.0,0.0,0.0
1783095554141502751,52.97993581,grappletong2_joint,0.0,0.0,0.0
1783095554151817364,52.990250423,slew_joint,1.7453277777777776,0.0017453277777777776,-5.0
1783095554151817364,52.990250423,boom_joint,0.6894044722222221,0.0,48.0
1783095554151817364,52.990250423,stick_joint,-1.1571523166666664,0.0,24.0
1783095554151817364,52.990250423,telescope_joint,0.4939,0.0,-24.0
1783095554151817364,52.990250423,hanger_joint,0.870918561111111,0.05061450555555555,0.0
1783095554151817364,52.990250423,bearingfork_joint,-0.1396262222222222,0.0,0.0
1783095554151817364,52.990250423,grapplecarrier_joint,-0.15533417222222218,0.0,-26.0
1783095554151817364,52.990250423,grappletong1_joint,0.0,0.0,0.0
1783095554151817364,52.990250423,grappletong2_joint,0.0,0.0,0.0
1783095554161653525,53.000086584,slew_joint,1.7453277777777776,0.0017453277777777776,-4.0
1783095554161653525,53.000086584,boom_joint,0.6894044722222221,0.0,48.0
1783095554161653525,53.000086584,stick_joint,-1.1571523166666664,0.0,24.0
1783095554161653525,53.000086584,telescope_joint,0.4939,0.0,-24.0
1783095554161653525,53.000086584,hanger_joint,0.870918561111111,0.047123849999999995,0.0
1783095554161653525,53.000086584,bearingfork_joint,-0.1396262222222222,0.0,0.0
1783095554161653525,53.000086584,grapplecarrier_joint,-0.15533417222222218,0.0,-26.0
1783095554161653525,53.000086584,grappletong1_joint,0.0,0.0,0.0
1783095554161653525,53.000086584,grappletong2_joint,0.0,0.0,0.0
1783095554171834350,53.010267409,slew_joint,1.7453277777777776,0.0017453277777777776,-4.0
1783095554171834350,53.010267409,boom_joint,0.6894044722222221,0.0,48.0
1783095554171834350,53.010267409,stick_joint,-1.1571523166666664,0.0,24.0
1783095554171834350,53.010267409,telescope_joint,0.4939,0.0,-24.0
1783095554171834350,53.010267409,hanger_joint,0.870918561111111,0.047123849999999995,0.0
1783095554171834350,53.010267409,bearingfork_joint,-0.1396262222222222,0.0,0.0
1783095554171834350,53.010267409,grapplecarrier_joint,-0.15533417222222218,0.0,-26.0
1783095554171834350,53.010267409,grappletong1_joint,0.0,0.0,0.0
1783095554171834350,53.010267409,grappletong2_joint,0.0,0.0,0.0
1783095554181515997,53.019949056,slew_joint,1.7453277777777776,0.0017453277777777776,-4.0
1783095554181515997,53.019949056,boom_joint,0.6894044722222221,0.0,48.0
1783095554181515997,53.019949056,stick_joint,-1.1571523166666664,0.0,24.0
1783095554181515997,53.019949056,telescope_joint,0.4939,0.0,-24.0
1783095554181515997,53.019949056,hanger_joint,0.8691732333333333,0.04188786666666666,0.0
1783095554181515997,53.019949056,bearingfork_joint,-0.1396262222222222,0.0,0.0
1783095554181515997,53.019949056,grapplecarrier_joint,-0.15533417222222218,0.0,-26.0
1783095554181515997,53.019949056,grappletong1_joint,0.0,0.0,0.0
1783095554181515997,53.019949056,grappletong2_joint,0.0,0.0,0.0
1783095554191285900,53.029718959,slew_joint,1.7453277777777776,0.0017453277777777776,-4.0
1783095554191285900,53.029718959,boom_joint,0.6894044722222221,0.0,48.0
1783095554191285900,53.029718959,stick_joint,-1.1571523166666664,0.0,24.0
1783095554191285900,53.029718959,telescope_joint,0.4939,0.0,-24.0
1783095554191285900,53.029718959,hanger_joint,0.8691732333333333,0.04188786666666666,0.0
1783095554191285900,53.029718959,bearingfork_joint,-0.1396262222222222,0.0,0.0
1783095554191285900,53.029718959,grapplecarrier_joint,-0.15533417222222218,0.0,-26.0
1783095554191285900,53.029718959,grappletong1_joint,0.0,0.0,0.0
1783095554191285900,53.029718959,grappletong2_joint,0.0,0.0,0.0
1783095554201381769,53.039814828,slew_joint,1.7453277777777776,0.0,-4.0
1783095554201381769,53.039814828,boom_joint,0.6894044722222221,0.0,48.0
1783095554201381769,53.039814828,stick_joint,-1.1571523166666664,0.0,24.0
1783095554201381769,53.039814828,telescope_joint,0.4939,0.0,-24.0
1783095554201381769,53.039814828,hanger_joint,0.8691732333333333,0.03665188333333333,0.0
1783095554201381769,53.039814828,bearingfork_joint,-0.1396262222222222,0.0,0.0
1783095554201381769,53.039814828,grapplecarrier_joint,-0.15533417222222218,0.0,-26.0
1783095554201381769,53.039814828,grappletong1_joint,0.0,0.0,0.0
1783095554201381769,53.039814828,grappletong2_joint,0.0,0.0,0.0
1783095554211424602,53.049857661,slew_joint,1.7453277777777776,0.0,-4.0
1783095554211424602,53.049857661,boom_joint,0.6894044722222221,0.0,48.0
1783095554211424602,53.049857661,stick_joint,-1.1571523166666664,0.0,24.0
1783095554211424602,53.049857661,telescope_joint,0.4939,0.0,-24.0
1783095554211424602,53.049857661,hanger_joint,0.8691732333333333,0.03665188333333333,0.0
1783095554211424602,53.049857661,bearingfork_joint,-0.1396262222222222,0.0,0.0
1783095554211424602,53.049857661,grapplecarrier_joint,-0.15533417222222218,0.0,-26.0
1783095554211424602,53.049857661,grappletong1_joint,0.0,0.0,0.0
1783095554211424602,53.049857661,grappletong2_joint,0.0,0.0,0.0
1783095554221264502,53.059697561,slew_joint,1.7453277777777776,0.0017453277777777776,-3.0
1783095554221264502,53.059697561,boom_joint,0.6894044722222221,0.0,48.0
1783095554221264502,53.059697561,stick_joint,-1.1571523166666664,0.0,24.0
1783095554221264502,53.059697561,telescope_joint,0.4939,0.0,-24.0
1783095554221264502,53.059697561,hanger_joint,0.8674279055555554,0.033161227777777774,0.0
1783095554221264502,53.059697561,bearingfork_joint,-0.1396262222222222,0.0,0.0
1783095554221264502,53.059697561,grapplecarrier_joint,-0.15533417222222218,0.0,-26.0
1783095554221264502,53.059697561,grappletong1_joint,0.0,0.0,0.0
1783095554221264502,53.059697561,grappletong2_joint,0.0,0.0,0.0
1783095554231669605,53.070102664,slew_joint,1.7453277777777776,0.0017453277777777776,-3.0
1783095554231669605,53.070102664,boom_joint,0.6894044722222221,0.0,48.0
1783095554231669605,53.070102664,stick_joint,-1.1571523166666664,0.0,24.0
1783095554231669605,53.070102664,telescope_joint,0.4939,0.0,-24.0
1783095554231669605,53.070102664,hanger_joint,0.8674279055555554,0.033161227777777774,0.0
1783095554231669605,53.070102664,bearingfork_joint,-0.1396262222222222,0.0,0.0
1783095554231669605,53.070102664,grapplecarrier_joint,-0.15533417222222218,0.0,-26.0
1783095554231669605,53.070102664,grappletong1_joint,0.0,0.0,0.0
1783095554231669605,53.070102664,grappletong2_joint,0.0,0.0,0.0
1783095554241315442,53.079748501,slew_joint,1.7453277777777776,0.0017453277777777776,-3.0
1783095554241315442,53.079748501,boom_joint,0.6894044722222221,0.0,48.0
1783095554241315442,53.079748501,stick_joint,-1.1571523166666664,0.0,24.0
1783095554241315442,53.079748501,telescope_joint,0.4939,0.0,-24.0
1783095554241315442,53.079748501,hanger_joint,0.8674279055555554,0.024434588888888886,0.0
1783095554241315442,53.079748501,bearingfork_joint,-0.1396262222222222,0.0,0.0
1783095554241315442,53.079748501,grapplecarrier_joint,-0.15533417222222218,0.0,-26.0
1783095554241315442,53.079748501,grappletong1_joint,0.0,0.0,0.0
1783095554241315442,53.079748501,grappletong2_joint,0.0,0.0,0.0
1783095554251123775,53.089556834,slew_joint,1.7453277777777776,0.0017453277777777776,-3.0
1783095554251123775,53.089556834,boom_joint,0.6894044722222221,0.0,48.0
1783095554251123775,53.089556834,stick_joint,-1.1571523166666664,0.0,24.0
1783095554251123775,53.089556834,telescope_joint,0.4939,0.0,-24.0
1783095554251123775,53.089556834,hanger_joint,0.8674279055555554,0.024434588888888886,0.0
1783095554251123775,53.089556834,bearingfork_joint,-0.1396262222222222,0.0,0.0
1783095554251123775,53.089556834,grapplecarrier_joint,-0.15533417222222218,0.0,-26.0
1783095554251123775,53.089556834,grappletong1_joint,0.0,0.0,0.0
1783095554251123775,53.089556834,grappletong2_joint,0.0,0.0,0.0
1783095554261315302,53.099748361,slew_joint,1.7453277777777776,0.0,-3.0
1783095554261315302,53.099748361,boom_joint,0.6894044722222221,0.0,48.0
1783095554261315302,53.099748361,stick_joint,-1.1571523166666664,0.0,24.0
1783095554261315302,53.099748361,telescope_joint,0.4939,0.0,-24.0
1783095554261315302,53.099748361,hanger_joint,0.8674279055555554,0.02268926111111111,0.0
1783095554261315302,53.099748361,bearingfork_joint,-0.1396262222222222,0.0,0.0
1783095554261315302,53.099748361,grapplecarrier_joint,-0.15533417222222218,0.0,-26.0
1783095554261315302,53.099748361,grappletong1_joint,0.0,0.0,0.0
1783095554261315302,53.099748361,grappletong2_joint,0.0,0.0,0.0
1783095554271203405,53.109636464,slew_joint,1.7453277777777776,0.0,-3.0
1783095554271203405,53.109636464,boom_joint,0.6894044722222221,0.0,48.0
1783095554271203405,53.109636464,stick_joint,-1.1571523166666664,0.0,24.0
1783095554271203405,53.109636464,telescope_joint,0.4939,0.0,-24.0
1783095554271203405,53.109636464,hanger_joint,0.8674279055555554,0.02268926111111111,0.0
1783095554271203405,53.109636464,bearingfork_joint,-0.1396262222222222,0.0,0.0
1783095554271203405,53.109636464,grapplecarrier_joint,-0.15533417222222218,0.0,-26.0
1783095554271203405,53.109636464,grappletong1_joint,0.0,0.0,0.0
1783095554271203405,53.109636464,grappletong2_joint,0.0,0.0,0.0
1783095554281530636,53.119963695,slew_joint,1.7453277777777776,0.0,-3.0
1783095554281530636,53.119963695,boom_joint,0.6894044722222221,0.0,48.0
1783095554281530636,53.119963695,stick_joint,-1.1571523166666664,0.0,24.0
1783095554281530636,53.119963695,telescope_joint,0.4939,0.0,-24.0
1783095554281530636,53.119963695,hanger_joint,0.8674279055555554,0.017453277777777776,0.0
1783095554281530636,53.119963695,bearingfork_joint,-0.1396262222222222,0.0,0.0
1783095554281530636,53.119963695,grapplecarrier_joint,-0.15533417222222218,0.0,-26.0
1783095554281530636,53.119963695,grappletong1_joint,0.0,0.0,0.0
1783095554281530636,53.119963695,grappletong2_joint,0.0,0.0,0.0
1783095554291570594,53.130003653,slew_joint,1.7453277777777776,0.0,-3.0
1783095554291570594,53.130003653,boom_joint,0.6894044722222221,0.0,48.0
1783095554291570594,53.130003653,stick_joint,-1.1571523166666664,0.0,24.0
1783095554291570594,53.130003653,telescope_joint,0.4939,0.0,-24.0
1783095554291570594,53.130003653,hanger_joint,0.8674279055555554,0.017453277777777776,0.0
1783095554291570594,53.130003653,bearingfork_joint,-0.1396262222222222,0.0,0.0
1783095554291570594,53.130003653,grapplecarrier_joint,-0.15533417222222218,0.0,-26.0
1783095554291570594,53.130003653,grappletong1_joint,0.0,0.0,0.0
1783095554291570594,53.130003653,grappletong2_joint,0.0,0.0,0.0
1783095554301355781,53.13978884,slew_joint,1.7453277777777776,0.0,-3.0
1783095554301355781,53.13978884,boom_joint,0.6894044722222221,0.0,48.0
1783095554301355781,53.13978884,stick_joint,-1.1588976444444443,-0.0017453277777777776,24.0
1783095554301355781,53.13978884,telescope_joint,0.4939,0.0,-24.0
1783095554301355781,53.13978884,hanger_joint,0.8674279055555554,0.01570795,0.0
1783095554301355781,53.13978884,bearingfork_joint,-0.1396262222222222,0.0,0.0
1783095554301355781,53.13978884,grapplecarrier_joint,-0.15533417222222218,0.0,-26.0
1783095554301355781,53.13978884,grappletong1_joint,0.0,0.0,0.0
1783095554301355781,53.13978884,grappletong2_joint,0.0,0.0,0.0
1783095554312056802,53.150489861,slew_joint,1.7453277777777776,0.0,-3.0
1783095554312056802,53.150489861,boom_joint,0.6894044722222221,0.0,48.0
1783095554312056802,53.150489861,stick_joint,-1.1588976444444443,-0.0017453277777777776,24.0
1783095554312056802,53.150489861,telescope_joint,0.4939,0.0,-24.0
1783095554312056802,53.150489861,hanger_joint,0.8674279055555554,0.01570795,0.0
1783095554312056802,53.150489861,bearingfork_joint,-0.1396262222222222,0.0,0.0
1783095554312056802,53.150489861,grapplecarrier_joint,-0.15533417222222218,0.0,-26.0
1783095554312056802,53.150489861,grappletong1_joint,0.0,0.0,0.0
1783095554312056802,53.150489861,grappletong2_joint,0.0,0.0,0.0
1783095554321893970,53.160327029,slew_joint,1.7453277777777776,0.0,-3.0
1783095554321893970,53.160327029,boom_joint,0.6894044722222221,0.0,48.0
1783095554321893970,53.160327029,stick_joint,-1.1588976444444443,-0.0017453277777777776,24.0
1783095554321893970,53.160327029,telescope_joint,0.4939,0.0,-24.0
1783095554321893970,53.160327029,hanger_joint,0.8674279055555554,0.00698131111111111,0.0
1783095554321893970,53.160327029,bearingfork_joint,-0.1396262222222222,0.0,0.0
1783095554321893970,53.160327029,grapplecarrier_joint,-0.15533417222222218,0.0,-26.0
1783095554321893970,53.160327029,grappletong1_joint,0.0,0.0,0.0
1783095554321893970,53.160327029,grappletong2_joint,0.0,0.0,0.0
1783095554331508089,53.169941148,slew_joint,1.7453277777777776,0.0,-3.0
1783095554331508089,53.169941148,boom_joint,0.6894044722222221,0.0,48.0
1783095554331508089,53.169941148,stick_joint,-1.1588976444444443,-0.0017453277777777776,24.0
1783095554331508089,53.169941148,telescope_joint,0.4939,0.0,-24.0
1783095554331508089,53.169941148,hanger_joint,0.8674279055555554,0.00698131111111111,0.0
1783095554331508089,53.169941148,bearingfork_joint,-0.1396262222222222,0.0,0.0
1783095554331508089,53.169941148,grapplecarrier_joint,-0.15533417222222218,0.0,-26.0
1783095554331508089,53.169941148,grappletong1_joint,0.0,0.0,0.0
1783095554331508089,53.169941148,grappletong2_joint,0.0,0.0,0.0
1783095554341588428,53.180021487,slew_joint,1.7453277777777776,0.0,0.0
1783095554341588428,53.180021487,boom_joint,0.6894044722222221,0.0,0.0
1783095554341588428,53.180021487,stick_joint,-1.1588976444444443,0.0,0.0
1783095554341588428,53.180021487,telescope_joint,0.4939,0.0,0.0
1783095554341588428,53.180021487,hanger_joint,0.8674279055555554,0.003490655555555555,0.0
1783095554341588428,53.180021487,bearingfork_joint,-0.1396262222222222,0.005235983333333333,0.0
1783095554341588428,53.180021487,grapplecarrier_joint,-0.15533417222222218,0.0,0.0
1783095554341588428,53.180021487,grappletong1_joint,0.0,0.0,0.0
1783095554341588428,53.180021487,grappletong2_joint,0.0,0.0,0.0
1783095554351271740,53.189704799,slew_joint,1.7453277777777776,0.0,0.0
1783095554351271740,53.189704799,boom_joint,0.6894044722222221,0.0,0.0
1783095554351271740,53.189704799,stick_joint,-1.1588976444444443,0.0,0.0
1783095554351271740,53.189704799,telescope_joint,0.4939,0.0,0.0
1783095554351271740,53.189704799,hanger_joint,0.8674279055555554,0.003490655555555555,0.0
1783095554351271740,53.189704799,bearingfork_joint,-0.1396262222222222,0.005235983333333333,0.0
1783095554351271740,53.189704799,grapplecarrier_joint,-0.15533417222222218,0.0,0.0
1783095554351271740,53.189704799,grappletong1_joint,0.0,0.0,0.0
1783095554351271740,53.189704799,grappletong2_joint,0.0,0.0,0.0
1783095554361516048,53.199949107,slew_joint,1.7453277777777776,0.0,0.0
1783095554361516048,53.199949107,boom_joint,0.6894044722222221,0.0,0.0
1783095554361516048,53.199949107,stick_joint,-1.1588976444444443,0.0,0.0
1783095554361516048,53.199949107,telescope_joint,0.4939,0.0,0.0
1783095554361516048,53.199949107,hanger_joint,0.8674279055555554,0.0,0.0
1783095554361516048,53.199949107,bearingfork_joint,-0.1396262222222222,0.008726638888888888,0.0
1783095554361516048,53.199949107,grapplecarrier_joint,-0.15533417222222218,0.0,0.0
1783095554361516048,53.199949107,grappletong1_joint,0.0,0.0,0.0
1783095554361516048,53.199949107,grappletong2_joint,0.0,0.0,0.0
1783095554371840520,53.210273579,slew_joint,1.7453277777777776,0.0,0.0
1783095554371840520,53.210273579,boom_joint,0.6894044722222221,0.0,0.0
1783095554371840520,53.210273579,stick_joint,-1.1588976444444443,0.0,0.0
1783095554371840520,53.210273579,telescope_joint,0.4939,0.0,0.0
1783095554371840520,53.210273579,hanger_joint,0.8674279055555554,0.0,0.0
1783095554371840520,53.210273579,bearingfork_joint,-0.1396262222222222,0.008726638888888888,0.0
1783095554371840520,53.210273579,grapplecarrier_joint,-0.15533417222222218,0.0,0.0
1783095554371840520,53.210273579,grappletong1_joint,0.0,0.0,0.0
1783095554371840520,53.210273579,grappletong2_joint,0.0,0.0,0.0
1783095554381122869,53.219555928,slew_joint,1.7453277777777776,0.0,0.0
1783095554381122869,53.219555928,boom_joint,0.6894044722222221,0.0,0.0
1783095554381122869,53.219555928,stick_joint,-1.1588976444444443,0.0,0.0
1783095554381122869,53.219555928,telescope_joint,0.4939,0.0,0.0
1783095554381122869,53.219555928,hanger_joint,0.8674279055555554,0.0,0.0
1783095554381122869,53.219555928,bearingfork_joint,-0.14137154999999998,0.012217294444444443,0.0
1783095554381122869,53.219555928,grapplecarrier_joint,-0.15533417222222218,0.0,0.0
1783095554381122869,53.219555928,grappletong1_joint,0.0,0.0,0.0
1783095554381122869,53.219555928,grappletong2_joint,0.0,0.0,0.0
1783095554391490104,53.229923163,slew_joint,1.7453277777777776,0.0,0.0
1783095554391490104,53.229923163,boom_joint,0.6894044722222221,0.0,0.0
1783095554391490104,53.229923163,stick_joint,-1.1588976444444443,0.0,0.0
1783095554391490104,53.229923163,telescope_joint,0.4939,0.0,0.0
1783095554391490104,53.229923163,hanger_joint,0.8674279055555554,0.0,0.0
1783095554391490104,53.229923163,bearingfork_joint,-0.14137154999999998,0.012217294444444443,0.0
1783095554391490104,53.229923163,grapplecarrier_joint,-0.15533417222222218,0.0,0.0
1783095554391490104,53.229923163,grappletong1_joint,0.0,0.0,0.0
1783095554391490104,53.229923163,grappletong2_joint,0.0,0.0,0.0
1783095554401959942,53.240393001,slew_joint,1.7453277777777776,0.0,0.0
1783095554401959942,53.240393001,boom_joint,0.6894044722222221,0.0,0.0
1783095554401959942,53.240393001,stick_joint,-1.1588976444444443,0.0,0.0
1783095554401959942,53.240393001,telescope_joint,0.494,0.0,0.0
1783095554401959942,53.240393001,hanger_joint,0.8674279055555554,0.0,0.0
1783095554401959942,53.240393001,bearingfork_joint,-0.14137154999999998,0.01396262222222222,0.0
1783095554401959942,53.240393001,grapplecarrier_joint,-0.15533417222222218,0.0,0.0
1783095554401959942,53.240393001,grappletong1_joint,0.0,0.0,0.0
1783095554401959942,53.240393001,grappletong2_joint,0.0,0.0,0.0
1783095554411693668,53.250126727,slew_joint,1.7453277777777776,0.0,0.0
1783095554411693668,53.250126727,boom_joint,0.6894044722222221,0.0,0.0
1783095554411693668,53.250126727,stick_joint,-1.1588976444444443,0.0,0.0
1783095554411693668,53.250126727,telescope_joint,0.494,0.0,0.0
1783095554411693668,53.250126727,hanger_joint,0.8674279055555554,0.0,0.0
1783095554411693668,53.250126727,bearingfork_joint,-0.14137154999999998,0.01396262222222222,0.0
1783095554411693668,53.250126727,grapplecarrier_joint,-0.15533417222222218,0.0,0.0
1783095554411693668,53.250126727,grappletong1_joint,0.0,0.0,0.0
1783095554411693668,53.250126727,grappletong2_joint,0.0,0.0,0.0
1783095554421732937,53.260165996,slew_joint,1.7453277777777776,0.0,0.0
1783095554421732937,53.260165996,boom_joint,0.6894044722222221,0.0,0.0
1783095554421732937,53.260165996,stick_joint,-1.1588976444444443,0.0,0.0
1783095554421732937,53.260165996,telescope_joint,0.494,0.0,0.0
1783095554421732937,53.260165996,hanger_joint,0.8674279055555554,0.0,0.0
1783095554421732937,53.260165996,bearingfork_joint,-0.14137154999999998,0.017453277777777776,0.0
1783095554421732937,53.260165996,grapplecarrier_joint,-0.15533417222222218,0.0,0.0
1783095554421732937,53.260165996,grappletong1_joint,0.0,0.0,0.0
1783095554421732937,53.260165996,grappletong2_joint,0.0,0.0,0.0
1783095554432023081,53.27045614,slew_joint,1.7453277777777776,0.0,0.0
1783095554432023081,53.27045614,boom_joint,0.6894044722222221,0.0,0.0
1783095554432023081,53.27045614,stick_joint,-1.1588976444444443,0.0,0.0
1783095554432023081,53.27045614,telescope_joint,0.494,0.0,0.0
1783095554432023081,53.27045614,hanger_joint,0.8674279055555554,0.0,0.0
1783095554432023081,53.27045614,bearingfork_joint,-0.14137154999999998,0.017453277777777776,0.0
1783095554432023081,53.27045614,grapplecarrier_joint,-0.15533417222222218,0.0,0.0
1783095554432023081,53.27045614,grappletong1_joint,0.0,0.0,0.0
1783095554432023081,53.27045614,grappletong2_joint,0.0,0.0,0.0
1783095554441809916,53.280242975,slew_joint,1.7453277777777776,0.0,0.0
1783095554441809916,53.280242975,boom_joint,0.6894044722222221,0.0,0.0
1783095554441809916,53.280242975,stick_joint,-1.1588976444444443,0.0,0.0
1783095554441809916,53.280242975,telescope_joint,0.494,0.0,0.0
1783095554441809916,53.280242975,hanger_joint,0.8674279055555554,0.0,0.0
1783095554441809916,53.280242975,bearingfork_joint,-0.14137154999999998,0.01396262222222222,0.0
1783095554441809916,53.280242975,grapplecarrier_joint,-0.15533417222222218,0.0,0.0
1783095554441809916,53.280242975,grappletong1_joint,0.0,0.0,0.0
1783095554441809916,53.280242975,grappletong2_joint,0.0,0.0,0.0
1783095554451943556,53.290376615,slew_joint,1.7453277777777776,0.0,0.0
1783095554451943556,53.290376615,boom_joint,0.6894044722222221,0.0,0.0
1783095554451943556,53.290376615,stick_joint,-1.1588976444444443,0.0,0.0
1783095554451943556,53.290376615,telescope_joint,0.494,0.0,0.0
1783095554451943556,53.290376615,hanger_joint,0.8674279055555554,0.0,0.0
1783095554451943556,53.290376615,bearingfork_joint,-0.14137154999999998,0.01396262222222222,0.0
1783095554451943556,53.290376615,grapplecarrier_joint,-0.15533417222222218,0.0,0.0
1783095554451943556,53.290376615,grappletong1_joint,0.0,0.0,0.0
1783095554451943556,53.290376615,grappletong2_joint,0.0,0.0,0.0
1783095554461750886,53.300183945,slew_joint,1.7453277777777776,0.0,0.0
1783095554461750886,53.300183945,boom_joint,0.6894044722222221,0.0,0.0
1783095554461750886,53.300183945,stick_joint,-1.1588976444444443,0.0,0.0
1783095554461750886,53.300183945,telescope_joint,0.494,0.0,0.0
1783095554461750886,53.300183945,hanger_joint,0.8674279055555554,0.0,0.0
1783095554461750886,53.300183945,bearingfork_joint,-0.14137154999999998,0.019198605555555553,0.0
1783095554461750886,53.300183945,grapplecarrier_joint,-0.15533417222222218,0.0,0.0
1783095554461750886,53.300183945,grappletong1_joint,0.0,0.0,0.0
1783095554461750886,53.300183945,grappletong2_joint,0.0,0.0,0.0
1783095554471688432,53.310121491,slew_joint,1.7453277777777776,0.0,0.0
1783095554471688432,53.310121491,boom_joint,0.6894044722222221,0.0,0.0
1783095554471688432,53.310121491,stick_joint,-1.1588976444444443,0.0,0.0
1783095554471688432,53.310121491,telescope_joint,0.494,0.0,0.0
1783095554471688432,53.310121491,hanger_joint,0.8674279055555554,0.0,0.0
1783095554471688432,53.310121491,bearingfork_joint,-0.14137154999999998,0.019198605555555553,0.0
1783095554471688432,53.310121491,grapplecarrier_joint,-0.15533417222222218,0.0,0.0
1783095554471688432,53.310121491,grappletong1_joint,0.0,0.0,0.0
1783095554471688432,53.310121491,grappletong2_joint,0.0,0.0,0.0
1783095554481405637,53.319838696,slew_joint,1.7453277777777776,0.0,0.0
1783095554481405637,53.319838696,boom_joint,0.6894044722222221,0.0,0.0
1783095554481405637,53.319838696,stick_joint,-1.1588976444444443,0.0,0.0
1783095554481405637,53.319838696,telescope_joint,0.494,0.0,0.0
1783095554481405637,53.319838696,hanger_joint,0.8674279055555554,0.0,0.0
1783095554481405637,53.319838696,bearingfork_joint,-0.14311687777777776,0.02094393333333333,0.0
1783095554481405637,53.319838696,grapplecarrier_joint,-0.15533417222222218,0.0,0.0
1783095554481405637,53.319838696,grappletong1_joint,0.0,0.0,0.0
1783095554481405637,53.319838696,grappletong2_joint,0.0,0.0,0.0
1783095554491508723,53.329941782,slew_joint,1.7453277777777776,0.0,0.0
1783095554491508723,53.329941782,boom_joint,0.6894044722222221,0.0,0.0
1783095554491508723,53.329941782,stick_joint,-1.1588976444444443,0.0,0.0
1783095554491508723,53.329941782,telescope_joint,0.494,0.0,0.0
1783095554491508723,53.329941782,hanger_joint,0.8674279055555554,0.0,0.0
1783095554491508723,53.329941782,bearingfork_joint,-0.14311687777777776,0.02094393333333333,0.0
1783095554491508723,53.329941782,grapplecarrier_joint,-0.15533417222222218,0.0,0.0
1783095554491508723,53.329941782,grappletong1_joint,0.0,0.0,0.0
1783095554491508723,53.329941782,grappletong2_joint,0.0,0.0,0.0
