t_ns,t_offset_s,T_base_grapple_00,T_base_grapple_01,T_base_grapple_02,T_base_grapple_03,T_base_grapple_10,T_base_grapple_11,T_base_grapple_12,T_base_grapple_13,T_base_grapple_20,T_base_grapple_21,T_base_grapple_22,T_base_grapple_23,T_base_grapple_30,T_base_grapple_31,T_base_grapple_32,T_base_grapple_33,z_axis_x,z_axis_y,z_axis_z
1783095545701213333,44.539646392,-0.02331681336936218,-0.9994484551856395,0.02364554167992717,-4.598742939809877,0.9993753457570164,-0.02267378191980776,0.02710752490539675,-0.800342939380727,-0.026556440035178628,0.024262832491113686,0.9993528258088663,-0.22391289568246184,0.0,0.0,0.0,1.0,0.02364554167992717,0.02710752490539675,0.9993528258088663
1783095545711329704,44.549762763,-0.02331681336936218,-0.9994484551856395,0.02364554167992717,-4.598742939809877,0.9993753457570164,-0.02267378191980776,0.02710752490539675,-0.800342939380727,-0.026556440035178628,0.024262832491113686,0.9993528258088663,-0.22391289568246184,0.0,0.0,0.0,1.0,0.02364554167992717,0.02710752490539675,0.9993528258088663
1783095545721017078,44.559450137,-0.02331681336936218,-0.9994484551856395,0.02364554167992717,-4.598742939809877,0.9993753457570164,-0.02267378191980776,0.02710752490539675,-0.800342939380727,-0.026556440035178628,0.024262832491113686,0.9993528258088663,-0.22391289568246184,0.0,0.0,0.0,1.0,0.02364554167992717,0.02710752490539675,0.9993528258088663
1783095545731566185,44.569999244,-0.02331681336936218,-0.9994484551856395,0.02364554167992717,-4.598742939809877,0.9993753457570164,-0.02267378191980776,0.02710752490539675,-0.800342939380727,-0.026556440035178628,0.024262832491113686,0.9993528258088663,-0.22391289568246184,0.0,0.0,0.0,1.0,0.02364554167992717,0.02710752490539675,0.9993528258088663
1783095545747175230,44.585608289,-0.02331681336936218,-0.9994484551856395,0.02364554167992717,-4.598742939809877,0.9993753457570164,-0.02267378191980776,0.02710752490539675,-0.800342939380727,-0.026556440035178628,0.024262832491113686,0.9993528258088663,-0.22391289568246184,0.0,0.0,0.0,1.0,0.02364554167992717,0.02710752490539675,0.9993528258088663
1783095545751322910,44.589755969,-0.02331681336936218,-0.9994484551856395,0.02364554167992717,-4.598742939809877,0.9993753457570164,-0.02267378191980776,0.02710752490539675,-0.800342939380727,-0.026556440035178628,0.024262832491113686,0.9993528258088663,-0.22391289568246184,0.0,0.0,0.0,1.0,0.02364554167992717,0.02710752490539675,0.9993528258088663
1783095545761385206,44.599818265,-0.02331681336936218,-0.9994484551856395,0.02364554167992717,-4.598742939809877,0.9993753457570164,-0.02267378191980776,0.02710752490539675,-0.800342939380727,-0.026556440035178628,0.024262832491113686,0.9993528258088663,-0.22391289568246184,0.0,0.0,0.0,1.0,0.02364554167992717,0.02710752490539675,0.9993528258088663
1783095545771527487,44.609960546,-0.02331681336936218,-0.9994484551856395,0.02364554167992717,-4.598742939809877,0.9993753457570164,-0.02267378191980776,0.02710752490539675,-0.800342939380727,-0.026556440035178628,0.024262832491113686,0.9993528258088663,-0.22391289568246184,0.0,0.0,0.0,1.0,0.02364554167992717,0.02710752490539675,0.9993528258088663
1783095545782888516,44.621321575,-0.02331681336936218,-0.9994484551856395,0.02364554167992717,-4.598742939809877,0.9993753457570164,-0.02267378191980776,0.02710752490539675,-0.800342939380727,-0.026556440035178628,0.024262832491113686,0.9993528258088663,-0.22391289568246184,0.0,0.0,0.0,1.0,0.02364554167992717,0.02710752490539675,0.9993528258088663
1783095545813489713,44.651922772,-0.02331681336936218,-0.9994484551856395,0.02364554167992717,-4.598742939809877,0.9993753457570164,-0.02267378191980776,0.02710752490539675,-0.800342939380727,-0.026556440035178628,0.024262832491113686,0.9993528258088663,-0.22391289568246184,0.0,0.0,0.0,1.0,0.02364554167992717,0.02710752490539675,0.9993528258088663
1783095545821620207,44.660053266,-0.02331681336936218,-0.9994484551856395,0.02364554167992717,-4.598742939809877,0.9993753457570164,-0.02267378191980776,0.02710752490539675,-0.800342939380727,-0.026556440035178628,0.024262832491113686,0.9993528258088663,-0.22391289568246184,0.0,0.0,0.0,1.0,0.02364554167992717,0.02710752490539675,0.9993528258088663
1783095545831567467,44.670000526,-0.02331681336936218,-0.9994484551856395,0.02364554167992717,-4.598742939809877,0.9993753457570164,-0.02267378191980776,0.02710752490539675,-0.800342939380727,-0.026556440035178628,0.024262832491113686,0.9993528258088663,-0.22391289568246184,0.0,0.0,0.0,1.0,0.02364554167992717,0.02710752490539675,0.9993528258088663
1783095545841212115,44.679645174,-0.02331681336936218,-0.9994484551856395,0.02364554167992717,-4.598742939809877,0.9993753457570164,-0.02267378191980776,0.02710752490539675,-0.800342939380727,-0.026556440035178628,0.024262832491113686,0.9993528258088663,-0.22391289568246184,0.0,0.0,0.0,1.0,0.02364554167992717,0.02710752490539675,0.9993528258088663
1783095545851447932,44.689880991,-0.02331681336936218,-0.9994484551856395,0.02364554167992717,-4.598742939809877,0.9993753457570164,-0.02267378191980776,0.02710752490539675,-0.800342939380727,-0.026556440035178628,0.024262832491113686,0.9993528258088663,-0.22391289568246184,0.0,0.0,0.0,1.0,0.02364554167992717,0.02710752490539675,0.9993528258088663
1783095545861499378,44.699932437,-0.023397415961999103,-0.9994605013134946,0.023049235138703213,-4.598587303802617,0.9992758269520445,-0.02268865509211479,0.03054581148731501,-0.8012403321786077,-0.030006375915940266,0.02374723656110535,0.999267574856756,-0.22389064518396104,0.0,0.0,0.0,1.0,0.023049235138703213,0.03054581148731501,0.999267574856756
1783095545871571977,44.710005036,-0.023397415961999103,-0.9994605013134946,0.023049235138703213,-4.598587303802617,0.9992758269520445,-0.02268865509211479,0.03054581148731501,-0.8012403321786077,-0.030006375915940266,0.02374723656110535,0.999267574856756,-0.22389064518396104,0.0,0.0,0.0,1.0,0.023049235138703213,0.03054581148731501,0.999267574856756
1783095545890484207,44.728917266,-0.023397415961999103,-0.9994605013134946,0.023049235138703213,-4.598587303802617,0.9992758269520445,-0.02268865509211479,0.03054581148731501,-0.8012403321786077,-0.030006375915940266,0.02374723656110535,0.999267574856756,-0.22389064518396104,0.0,0.0,0.0,1.0,0.023049235138703213,0.03054581148731501,0.999267574856756
1783095545892081825,44.730514884,-0.023397415961999103,-0.9994605013134946,0.023049235138703213,-4.598587303802617,0.9992758269520445,-0.02268865509211479,0.03054581148731501,-0.8012403321786077,-0.030006375915940266,0.02374723656110535,0.999267574856756,-0.22389064518396104,0.0,0.0,0.0,1.0,0.023049235138703213,0.03054581148731501,0.999267574856756
1783095545901573027,44.740006086,-0.023346029885625372,-0.9994998592628167,0.021330593573295642,-4.597873976825963,0.9992847027907861,-0.022695453330782298,0.030248953146197043,-0.8011171202959055,-0.02974971692151086,0.022021528823401797,0.9993147685346045,-0.22391023305162028,0.0,0.0,0.0,1.0,0.021330593573295642,0.030248953146197043,0.9993147685346045
1783095545911403104,44.749836163,-0.023346029885625372,-0.9994998592628167,0.021330593573295642,-4.597873976825963,0.9992847027907861,-0.022695453330782298,0.030248953146197043,-0.8011171202959055,-0.02974971692151086,0.022021528823401797,0.9993147685346045,-0.22391023305162028,0.0,0.0,0.0,1.0,0.021330593573295642,0.030248953146197043,0.9993147685346045
1783095545921529646,44.759962705,-0.023394329060941087,-0.999551081243626,0.018717407739495904,-4.596927161694588,0.9991250438207675,-0.022726915182752216,0.035108889706528694,-0.8023398297923513,-0.034667739729287446,0.01952237974669381,0.9992081987809589,-0.22388921971449663,0.0,0.0,0.0,1.0,0.018717407739495904,0.035108889706528694,0.9992081987809589
1783095545931170961,44.76960402,-0.023394329060941087,-0.999551081243626,0.018717407739495904,-4.596927161694588,0.9991250438207675,-0.022726915182752216,0.035108889706528694,-0.8023398297923513,-0.034667739729287446,0.01952237974669381,0.9992081987809589,-0.22388921971449663,0.0,0.0,0.0,1.0,0.018717407739495904,0.035108889706528694,0.9992081987809589
1783095545941433604,44.779866663,-0.023607874956850888,-0.9995829958642469,0.016628367901827937,-4.596381922296957,0.9986281423065309,-0.022801177547970092,0.04713745533896634,-0.8054792854224175,-0.04673865245627856,0.01771837129881841,0.9987499975895311,-0.22376962920353397,0.0,0.0,0.0,1.0,0.016628367901827937,0.04713745533896634,0.9987499975895311
1783095545951470468,44.789903527,-0.023607874956850888,-0.9995829958642469,0.016628367901827937,-4.596381922296957,0.9986281423065309,-0.022801177547970092,0.04713745533896634,-0.8054792854224175,-0.04673865245627856,0.01771837129881841,0.9987499975895311,-0.22376962920353397,0.0,0.0,0.0,1.0,0.016628367901827937,0.04713745533896634,0.9987499975895311
1783095545961218986,44.799652045,-0.023719889341866005,-0.9995557328850215,0.018047263124834415,-4.599028172624426,0.9985308582774892,-0.02280811605158312,0.04915195733435541,-0.8063981864109413,-0.048718496664310246,0.019186628126507517,0.9986282498427053,-0.21549757776007888,0.0,0.0,0.0,1.0,0.018047263124834418,0.049151957334355414,0.9986282498427054
1783095545971536201,44.80996926,-0.023719889341866005,-0.9995557328850215,0.018047263124834415,-4.599028172624426,0.9985308582774892,-0.02280811605158312,0.04915195733435541,-0.8063981864109413,-0.048718496664310246,0.019186628126507517,0.9986282498427053,-0.21549757776007888,0.0,0.0,0.0,1.0,0.018047263124834418,0.049151957334355414,0.9986282498427054
1783095545983207513,44.821640572,-0.02371856302274783,-0.9995995382923526,0.015433496488198103,-4.59471035298334,0.9982789554612657,-0.02285336382691952,0.05400787761946002,-0.8070376053664675,-0.05363354222219585,0.016687924002395566,0.9984212319162639,-0.21854423885921048,0.0,0.0,0.0,1.0,0.015433496488198105,0.05400787761946003,0.998421231916264
1783095545991994457,44.830427516,-0.02371856302274783,-0.9995995382923526,0.015433496488198103,-4.59471035298334,0.9982789554612657,-0.02285336382691952,0.05400787761946002,-0.8070376053664675,-0.05363354222219585,0.016687924002395566,0.9984212319162639,-0.21854423885921048,0.0,0.0,0.0,1.0,0.015433496488198105,0.05400787761946003,0.998421231916264
1783095546005200070,44.843633129,-0.023717121807137302,-0.999640292377833,0.012521341299780832,-4.593685495556287,0.9979002822349656,-0.022917033466551783,0.06057917375195154,-0.8087069777604301,-0.060270430963795196,0.01393181365986238,0.9980848559714677,-0.21846277713631554,0.0,0.0,0.0,1.0,0.012521341299780832,0.06057917375195154,0.9980848559714677
1783095546011830261,44.85026332,-0.023717121807137302,-0.999640292377833,0.012521341299780832,-4.593685495556287,0.9979002822349656,-0.022917033466551783,0.06057917375195154,-0.8087069777604301,-0.060270430963795196,0.01393181365986238,0.9980848559714677,-0.21846277713631554,0.0,0.0,0.0,1.0,0.012521341299780832,0.06057917375195154,0.9980848559714677
1783095546022010990,44.860444049,-0.023890747957225393,-0.9996662409575813,0.009830506181421903,-4.592983187590395,0.9968391931556332,-0.02307561415604543,0.07602064864329704,-0.8127372027070713,-0.07576843109680069,0.011615624006481863,0.9970577827428405,-0.21819471102364382,0.0,0.0,0.0,1.0,0.009830506181421903,0.07602064864329704,0.9970577827428405
1783095546031524712,44.869957771,-0.023890747957225393,-0.9996662409575813,0.009830506181421903,-4.592983187590395,0.9968391931556332,-0.02307561415604543,0.07602064864329704,-0.8127372027070713,-0.07576843109680069,0.011615624006481863,0.9970577827428405,-0.21819471102364382,0.0,0.0,0.0,1.0,0.009830506181421903,0.07602064864329704,0.9970577827428405
1783095546041425203,44.879858262,-0.022277735833288285,-0.9997263436622487,0.007137245536857159,-4.592280246562164,0.9955774526829201,-0.02153245022371536,0.09144336660879719,-0.8167625320960669,-0.09126466016772256,0.009142831895774101,0.9957847008411987,-0.21786243664731533,0.0,0.0,0.0,1.0,0.007137245536857159,0.09144336660879719,0.9957847008411987
1783095546051333789,44.889766848,-0.022277735833288285,-0.9997263436622487,0.007137245536857159,-4.592280246562164,0.9955774526829201,-0.02153245022371536,0.09144336660879719,-0.8167625320960669,-0.09126466016772256,0.009142831895774101,0.9957847008411987,-0.21786243664731533,0.0,0.0,0.0,1.0,0.007137245536857159,0.09144336660879719,0.9957847008411987
1783095546062593793,44.901026852,-0.023143254387073618,-0.9996751108770346,0.010680003247373619,-4.597634827945396,0.9935314324942611,-0.02181042237362085,0.11144325067847673,-0.8227476754556605,-0.11117410859672651,0.013190078425580854,0.9937134090918016,-0.21419979476159512,0.0,0.0,0.0,1.0,0.010680003247373619,0.11144325067847673,0.9937134090918016
1783095546071890261,44.91032332,-0.023143254387073618,-0.9996751108770346,0.010680003247373619,-4.597634827945396,0.9935314324942611,-0.02181042237362085,0.11144325067847673,-0.8227476754556605,-0.11117410859672651,0.013190078425580854,0.9937134090918016,-0.21419979476159512,0.0,0.0,0.0,1.0,0.010680003247373619,0.11144325067847673,0.9937134090918016
1783095546081354947,44.919788006,-0.02490615469393462,-0.9996359121180252,0.010379145548926704,-4.5974946542680435,0.9932980096378269,-0.02357339633299778,0.11315192899309698,-0.8231829918165596,-0.11286606003530576,0.013127764062909364,0.9935234845250591,-0.21407221223550382,0.0,0.0,0.0,1.0,0.010379145548926704,0.11315192899309698,0.9935234845250591
1783095546091235162,44.929668221,-0.02490615469393462,-0.9996359121180252,0.010379145548926704,-4.5974946542680435,0.9932980096378269,-0.02357339633299778,0.11315192899309698,-0.8231829918165596,-0.11286606003530576,0.013127764062909364,0.9935234845250591,-0.21407221223550382,0.0,0.0,0.0,1.0,0.010379145548926704,0.11315192899309698,0.9935234845250591
1783095546101718614,44.940151673,-0.02488797899191082,-0.9996331957434856,0.010680003247373542,-4.6009385707792365,0.9934918529456066,-0.023544426281377998,0.11144325067847673,-0.823318325925703,-0.1111509182706254,0.013384093497374508,0.9937134090918015,-0.21102203480271256,0.0,0.0,0.0,1.0,0.010680003247373544,0.11144325067847674,0.9937134090918016
1783095546111383821,44.94981688,-0.02488797899191082,-0.9996331957434856,0.010680003247373542,-4.6009385707792365,0.9934918529456066,-0.023544426281377998,0.11144325067847673,-0.823318325925703,-0.1111509182706254,0.013384093497374508,0.9937134090918015,-0.21102203480271256,0.0,0.0,0.0,1.0,0.010680003247373544,0.11144325067847674,0.9937134090918016
1783095546121372767,44.959805826,-0.023161425320452844,-0.9996778589699779,0.010379145548926627,-4.6008600469199425,0.9933376400439312,-0.02183973070105463,0.11315192899309698,-0.8237642909658189,-0.11288880037044655,0.012930755898482136,0.993523484525059,-0.2109724644907928,0.0,0.0,0.0,1.0,0.01037914554892663,0.11315192899309699,0.9935234845250591
1783095546131177616,44.969610675,-0.023161425320452844,-0.9996778589699779,0.010379145548926627,-4.6008600469199425,0.9933376400439312,-0.02183973070105463,0.11315192899309698,-0.8237642909658189,-0.11288880037044655,0.012930755898482136,0.993523484525059,-0.2109724644907928,0.0,0.0,0.0,1.0,0.01037914554892663,0.11315192899309699,0.9935234845250591
1783095546141787182,44.980220241,-0.022605809020519944,-0.9997349797962419,0.004352880693891488,-4.5984929080150385,0.9928434233715064,-0.02193885447475764,0.11739089969960508,-0.8247334668925131,-0.11726429152335807,0.006975445229007318,0.99307624535953,-0.21087754599966546,0.0,0.0,0.0,1.0,0.004352880693891489,0.11739089969960512,0.9930762453595303
1783095546151309182,44.989742241,-0.022605809020519944,-0.9997349797962419,0.004352880693891488,-4.5984929080150385,0.9928434233715064,-0.02193885447475764,0.11739089969960508,-0.8247334668925131,-0.11726429152335807,0.006975445229007318,0.99307624535953,-0.21087754599966546,0.0,0.0,0.0,1.0,0.004352880693891489,0.11739089969960512,0.9930762453595303
1783095546161805916,45.000238975,-0.02286822408179207,-0.9997306511340662,0.003958473241142384,-4.598654741298623,0.9913147532139317,-0.022162441227445807,0.12962980467177318,-0.8279735550360497,-0.12950715960033637,0.006888496345060153,0.9915545593815586,-0.21047358459083707,0.0,0.0,0.0,1.0,0.003958473241142385,0.1296298046717732,0.9915545593815588
1783095546171532766,45.009965825,-0.02286822408179207,-0.9997306511340662,0.003958473241142384,-4.598654741298623,0.9913147532139317,-0.022162441227445807,0.12962980467177318,-0.8279735550360497,-0.12950715960033637,0.006888496345060153,0.9915545593815586,-0.21047358459083707,0.0,0.0,0.0,1.0,0.003958473241142385,0.1296298046717732,0.9915545593815588
1783095546181618130,45.020051189,-0.023390851684455122,-0.9997125564155527,0.005260475506643632,-4.599524074038906,0.9895925832992055,-0.022406116796827132,0.14214248136743712,-0.8313308251355217,-0.14198375659448192,0.008530561245727904,0.9898322294147385,-0.21000904690699915,0.0,0.0,0.0,1.0,0.005260475506643633,0.14214248136743715,0.9898322294147387
1783095546191750608,45.030183667,-0.023390851684455122,-0.9997125564155527,0.005260475506643632,-4.599524074038906,0.9895925832992055,-0.022406116796827132,0.14214248136743712,-0.8313308251355217,-0.14198375659448192,0.008530561245727904,0.9898322294147385,-0.21000904690699915,0.0,0.0,0.0,1.0,0.005260475506643633,0.14214248136743715,0.9898322294147387
1783095546201322690,45.039755749,-0.023697983686778983,-0.9997058865503342,0.005152277728468329,-4.599760569326061,0.9880227112544346,-0.022634362223915072,0.1526394696405647,-0.834116266332304,-0.1524779577992092,0.008707815071917892,0.9882685092332223,-0.20959270779142505,0.0,0.0,0.0,1.0,0.00515227772846833,0.15263946964056474,0.9882685092332224
1783095546211499675,45.049932734,-0.023697983686778983,-0.9997058865503342,0.005152277728468329,-4.599760569326061,0.9880227112544346,-0.022634362223915072,0.1526394696405647,-0.834116266332304,-0.1524779577992092,0.008707815071917892,0.9882685092332223,-0.20959270779142505,0.0,0.0,0.0,1.0,0.00515227772846833,0.15263946964056474,0.9882685092332224
1783095546221724642,45.060157701,-0.024013042799982436,-0.9996973811919388,0.005340394504668119,-4.600074388191834,0.986621157702472,-0.022836627774613462,0.16142236401972784,-0.8364543265147312,-0.16125155797486104,0.00914518834486381,0.986870964503879,-0.20921927159043022,0.0,0.0,0.0,1.0,0.005340394504668121,0.1614223640197279,0.9868709645038793
1783095546231704609,45.070137668,-0.024013042799982436,-0.9996973811919388,0.005340394504668119,-4.600074388191834,0.986621157702472,-0.022836627774613462,0.16142236401972784,-0.8364543265147312,-0.16125155797486104,0.00914518834486381,0.986870964503879,-0.20921927159043022,0.0,0.0,0.0,1.0,0.005340394504668121,0.1614223640197279,0.9868709645038793
1783095546241793636,45.080226695,-0.024070071754609883,-0.9997060060030323,0.0029211653826996748,-4.599442969390999,0.9842990002327628,-0.02318782077185972,0.17497943624505044,-0.8399927223655403,-0.17486025788186255,0.007087067751705561,0.9845677547452846,-0.20861813384343705,0.0,0.0,0.0,1.0,0.002921165382699675,0.17497943624505047,0.9845677547452848
1783095546251595832,45.090028891,-0.024070071754609883,-0.9997060060030323,0.0029211653826996748,-4.599442969390999,0.9842990002327628,-0.02318782077185972,0.17497943624505044,-0.8399927223655403,-0.17486025788186255,0.007087067751705561,0.9845677547452846,-0.20861813384343705,0.0,0.0,0.0,1.0,0.002921165382699675,0.17497943624505047,0.9845677547452848
1783095546262090336,45.100523395,-0.02266455263768027,-0.9997392150245069,0.0027964255606760043,-4.599675117358178,0.9824191367216082,-0.021753258535031298,0.18541692357030998,-0.8427626286595832,-0.1853077382542453,0.006949653609401731,0.9826559644442225,-0.20811001069621746,0.0,0.0,0.0,1.0,0.0027964255606760047,0.18541692357031,0.9826559644442227
1783095546272680634,45.111113693,-0.02266455263768027,-0.9997392150245069,0.0027964255606760043,-4.599675117358178,0.9824191367216082,-0.021753258535031298,0.18541692357030998,-0.8427626286595832,-0.1853077382542453,0.006949653609401731,0.9826559644442225,-0.20811001069621746,0.0,0.0,0.0,1.0,0.0027964255606760047,0.18541692357031,0.9826559644442227
1783095546281478335,45.119911394,-0.02268408882215991,-0.9997422044782541,0.0009781100494332417,-4.599200537009744,0.9804473773304598,-0.02205497986176894,0.19554160209305776,-0.8454051697540204,-0.19546962014628033,0.005394668503013904,0.9806949195094319,-0.20759817796823707,0.0,0.0,0.0,1.0,0.000978110049433242,0.19554160209305782,0.9806949195094321
1783095546291598125,45.130031184,-0.02268408882215991,-0.9997422044782541,0.0009781100494332417,-4.599200537009744,0.9804473773304598,-0.02205497986176894,0.19554160209305776,-0.8454051697540204,-0.19546962014628033,0.005394668503013904,0.9806949195094319,-0.20759817796823707,0.0,0.0,0.0,1.0,0.000978110049433242,0.19554160209305782,0.9806949195094321
1783095546301777654,45.140210713,-0.02268679835198528,-0.9997426190942248,6.889960796503066e-05,-4.59896323308452,0.9794222229229756,-0.0222118503954282,0.20059596941770316,-0.8467243596257529,-0.20054280945761516,0.004618362115592215,0.9796740541150488,-0.20733173210030312,0.0,0.0,0.0,1.0,6.889960796503067e-05,0.20059596941770322,0.979674054115049
1783095546312725542,45.151158601,-0.02268679835198528,-0.9997426190942248,6.889960796503066e-05,-4.59896323308452,0.9794222229229756,-0.0222118503954282,0.20059596941770316,-0.8467243596257529,-0.20054280945761516,0.004618362115592215,0.9796740541150488,-0.20733173210030312,0.0,0.0,0.0,1.0,6.889960796503067e-05,0.20059596941770322,0.979674054115049
1783095546321695077,45.160128136,-0.022684802031486675,-0.9997423136145237,-0.0008403127224175444,-4.5987259286662905,0.978370922608465,-0.022372721811645516,0.205644837311807,-0.848042114146114,-0.20561064551976166,0.0038428748897044876,0.9786263305069656,-0.20705827623859338,0.0,0.0,0.0,1.0,-0.0008403127224175446,0.20564483731180705,0.9786263305069658
1783095546331449355,45.169882414,-0.022684802031486675,-0.9997423136145237,-0.0008403127224175444,-4.5987259286662905,0.978370922608465,-0.022372721811645516,0.205644837311807,-0.848042114146114,-0.20561064551976166,0.0038428748897044876,0.9786263305069656,-0.20705827623859338,0.0,0.0,0.0,1.0,-0.0008403127224175446,0.20564483731180705,0.9786263305069658
1783095546341504071,45.17993713,-0.0230402641434677,-0.999734468675496,-0.00037198161644344204,-4.599112852012884,0.9768654447828249,-0.02259234177735069,0.21265815028413326,-0.8499183081474484,-0.21261008681963534,0.004536323967609666,0.977126589929579,-0.20665722924510677,0.0,0.0,0.0,1.0,-0.00037198161644344215,0.21265815028413332,0.9771265899295792
1783095546351742445,45.190175504,-0.0230402641434677,-0.999734468675496,-0.00037198161644344204,-4.599112852012884,0.9768654447828249,-0.02259234177735069,0.21265815028413326,-0.8499183081474484,-0.21261008681963534,0.004536323967609666,0.977126589929579,-0.20665722924510677,0.0,0.0,0.0,1.0,-0.00037198161644344215,0.21265815028413332,0.9771265899295792
1783095546361615900,45.200048959,-0.02303598123020638,-0.9997338132982337,-0.0012830108860903144,-4.596869388596267,0.9757517490958992,-0.022762761019044026,0.21769331833357514,-0.8508860481302523,-0.2176645761373563,0.00376287907886194,0.976016379491647,-0.21460679456911774,0.0,0.0,0.0,1.0,-0.0012830108860903146,0.21769331833357516,0.9760163794916471
1783095546371421012,45.209854071,-0.02303598123020638,-0.9997338132982337,-0.0012830108860903144,-4.596869388596267,0.9757517490958992,-0.022762761019044026,0.21769331833357514,-0.8508860481302523,-0.2176645761373563,0.00376287907886194,0.976016379491647,-0.21460679456911774,0.0,0.0,0.0,1.0,-0.0012830108860903146,0.21769331833357516,0.9760163794916471
1783095546381550253,45.219983312,-0.023030506404237774,-0.9997329755328541,-0.0018903457329397615,-4.596710874201239,0.9749948137664064,-0.022878588301467235,0.2210467899019174,-0.8517613042095896,-0.2210310134424009,0.003247742224630658,0.9752613717701872,-0.21440973755381676,0.0,0.0,0.0,1.0,-0.0018903457329397617,0.22104678990191742,0.9752613717701873
1783095546392070452,45.230503511,-0.023030506404237774,-0.9997329755328541,-0.0018903457329397615,-4.596710874201239,0.9749948137664064,-0.022878588301467235,0.2210467899019174,-0.8517613042095896,-0.2210310134424009,0.003247742224630658,0.9752613717701872,-0.21440973755381676,0.0,0.0,0.0,1.0,-0.0018903457329397617,0.22104678990191742,0.9752613717701873
1783095546402070498,45.240503557,-0.022637223300147436,-0.9997350330517897,-0.004173704613007364,-4.59247950994937,0.974292935515455,-0.02299674099047919,0.22410806703127437,-0.8519323591229139,-0.22414466740463984,0.0010067734373700463,0.9745553624506458,-0.21732886615997518,0.0,0.0,0.0,1.0,-0.004173704613007364,0.22410806703127437,0.9745553624506458
1783095546411477164,45.249910223,-0.022637223300147436,-0.9997350330517897,-0.004173704613007364,-4.59247950994937,0.974292935515455,-0.02299674099047919,0.22410806703127437,-0.8519323591229139,-0.22414466740463984,0.0010067734373700463,0.9745553624506458,-0.21732886615997518,0.0,0.0,0.0,1.0,-0.004173704613007364,0.22410806703127437,0.9745553624506458
1783095546421294262,45.259727321,-0.02087688178504843,-0.9997706290872218,-0.004779646584666591,-4.592382874648891,0.9735527372432515,-0.02141681873213952,0.22745634236390788,-0.8528168844727434,-0.22750653531955015,9.534115523330445e-05,0.9737765489561548,-0.21720371712567002,0.0,0.0,0.0,1.0,-0.004779646584666591,0.22745634236390788,0.9737765489561548
1783095546431194795,45.269627854,-0.02087688178504843,-0.9997706290872218,-0.004779646584666591,-4.592382874648891,0.9735527372432515,-0.02141681873213952,0.22745634236390788,-0.8528168844727434,-0.22750653531955015,9.534115523330445e-05,0.9737765489561548,-0.21720371712567002,0.0,0.0,0.0,1.0,-0.004779646584666591,0.22745634236390788,0.9737765489561548
1783095546441248643,45.279681702,-0.020839726387160723,-0.9997648771326662,-0.005991348430334771,-4.592066620467172,0.9719604085544944,-0.02166332402547752,0.2341445378281283,-0.854562503488905,-0.23421927761541944,-0.0009438453647540934,0.9721833361816272,-0.2167878885915183,0.0,0.0,0.0,1.0,-0.005991348430334771,0.2341445378281283,0.9721833361816272
1783095546451366414,45.289799473,-0.020839726387160723,-0.9997648771326662,-0.005991348430334771,-4.592066620467172,0.9719604085544944,-0.02166332402547752,0.2341445378281283,-0.854562503488905,-0.23421927761541944,-0.0009438453647540934,0.9721833361816272,-0.2167878885915183,0.0,0.0,0.0,1.0,-0.005991348430334771,0.2341445378281283,0.9721833361816272
1783095546461743526,45.300176585,-0.01946383950928317,-0.9997952480824746,-0.0055336121349751684,-4.592450778568195,0.9702871438449656,-0.020223861297334632,0.2411096305073795,-0.8564261119937469,-0.24117217385249023,-0.0006762735612526677,0.9704821096822625,-0.21633425377239535,0.0,0.0,0.0,1.0,-0.0055336121349751684,0.2411096305073795,0.9704821096822625
1783095546471839598,45.310272657,-0.01946383950928317,-0.9997952480824746,-0.0055336121349751684,-4.592450778568195,0.9702871438449656,-0.020223861297334632,0.2411096305073795,-0.8564261119937469,-0.24117217385249023,-0.0006762735612526677,0.9704821096822625,-0.21633425377239535,0.0,0.0,0.0,1.0,-0.0055336121349751684,0.2411096305073795,0.9704821096822625
1783095546481921203,45.320354262,-0.01808443058012353,-0.9998202737355586,-0.0056897801315554134,-4.592674690709942,0.9677007976808979,-0.018934071676294323,0.25138947292500313,-0.8591548672544426,-0.25145202233894764,-0.0009597693002489702,0.9678692883362628,-0.21564222390344237,0.0,0.0,0.0,1.0,-0.0056897801315554134,0.25138947292500313,0.9678692883362628
1783095546491731713,45.330164772,-0.01808443058012353,-0.9998202737355586,-0.0056897801315554134,-4.592674690709942,0.9677007976808979,-0.018934071676294323,0.25138947292500313,-0.8591548672544426,-0.25145202233894764,-0.0009597693002489702,0.9678692883362628,-0.21564222390344237,0.0,0.0,0.0,1.0,-0.0056897801315554134,0.25138947292500313,0.9678692883362628
1783095546501544752,45.339977811,-0.01672099250964168,-0.9998430549654551,-0.005854386973757575,-4.592896382567666,0.9650037172104755,-0.01767033607381605,0.26164018229813807,-0.8618760157254053,-0.26170256815602144,-0.0012746216632361133,0.9651477302258751,-0.21492134497484183,0.0,0.0,0.0,1.0,-0.005854386973757576,0.2616401822981381,0.9651477302258752
1783095546511559449,45.349992508,-0.01672099250964168,-0.9998430549654551,-0.005854386973757575,-4.592896382567666,0.9650037172104755,-0.01767033607381605,0.26164018229813807,-0.8618760157254053,-0.26170256815602144,-0.0012746216632361133,0.9651477302258751,-0.21492134497484183,0.0,0.0,0.0,1.0,-0.005854386973757576,0.2616401822981381,0.9651477302258752
1783095546521429110,45.359862169,-0.013160840068819311,-0.9998838759637718,-0.007682895049911234,-4.59241914195979,0.9623042871955192,-0.014752925800645094,0.27157468590692413,-0.8644689211672985,-0.27165649473886466,-0.0038191318366418586,0.9623867014346196,-0.21420071646032418,0.0,0.0,0.0,1.0,-0.007682895049911234,0.27157468590692413,0.9623867014346196
1783095546531239944,45.369673003,-0.013160840068819311,-0.9998838759637718,-0.007682895049911234,-4.59241914195979,0.9623042871955192,-0.014752925800645094,0.27157468590692413,-0.8644689211672985,-0.27165649473886466,-0.0038191318366418586,0.9623867014346196,-0.21420071646032418,0.0,0.0,0.0,1.0,-0.007682895049911234,0.27157468590692413,0.9623867014346196
1783095546541326833,45.379759892,-0.009652270264369796,-0.9999127393935422,-0.009019272545250107,-4.593448420090516,0.9594899538535013,-0.011801171472154126,0.2814955786617095,-0.8590382930571334,-0.2815774531686609,-0.005936829994766138,0.9595201362747234,-0.21345254295359128,0.0,0.0,0.0,1.0,-0.009019272545250107,0.2814955786617095,0.9595201362747234
1783095546551862414,45.390295473,-0.009652270264369796,-0.9999127393935422,-0.009019272545250107,-4.593448420090516,0.9594899538535013,-0.011801171472154126,0.2814955786617095,-0.8590382930571334,-0.2815774531686609,-0.005936829994766138,0.9595201362747234,-0.21345254295359128,0.0,0.0,0.0,1.0,-0.009019272545250107,0.2814955786617095,0.9595201362747234
1783095546561366170,45.399799229,-0.01009651011595602,-0.9999147808638029,-0.008275958770524788,-4.593907140053801,0.9579387722223106,-0.012045745770193905,0.28671973891249913,-0.8604470470573822,-0.2867949949993727,-0.0050329930392245936,0.9579787575016353,-0.21303922210002763,0.0,0.0,0.0,1.0,-0.008275958770524788,0.28671973891249913,0.9579787575016353
1783095546571696351,45.41012941,-0.01009651011595602,-0.9999147808638029,-0.008275958770524788,-4.593907140053801,0.9579387722223106,-0.012045745770193905,0.28671973891249913,-0.8604470470573822,-0.2867949949993727,-0.0050329930392245936,0.9579787575016353,-0.21303922210002763,0.0,0.0,0.0,1.0,-0.008275958770524788,0.28671973891249913,0.9579787575016353
1783095546581742783,45.420175842,-0.008410931937947744,-0.9999320225119297,-0.008075059079478867,-4.595323726512208,0.957459793067041,-0.010382519397394988,0.2883798674508705,-0.8528575044313287,-0.288444103569399,-0.005306000957838354,0.9574820340193759,-0.21290957727115795,0.0,0.0,0.0,1.0,-0.008075059079478867,0.2883798674508705,0.9574820340193759
1783095546591427219,45.429860278,-0.008410931937947744,-0.9999320225119297,-0.008075059079478867,-4.595323726512208,0.957459793067041,-0.010382519397394988,0.2883798674508705,-0.8528575044313287,-0.288444103569399,-0.005306000957838354,0.9574820340193759,-0.21290957727115795,0.0,0.0,0.0,1.0,-0.008075059079478867,0.2883798674508705,0.9574820340193759
1783095546601407184,45.439840243,-0.008410931937947744,-0.9999320225119297,-0.008075059079478867,-4.595323726512208,0.957459793067041,-0.010382519397394988,0.2883798674508705,-0.8528575044313287,-0.288444103569399,-0.005306000957838354,0.9574820340193759,-0.21290957727115795,0.0,0.0,0.0,1.0,-0.008075059079478867,0.2883798674508705,0.9574820340193759
1783095546611501667,45.449934726,-0.008410931937947744,-0.9999320225119297,-0.008075059079478867,-4.595323726512208,0.957459793067041,-0.010382519397394988,0.2883798674508705,-0.8528575044313287,-0.288444103569399,-0.005306000957838354,0.9574820340193759,-0.21290957727115795,0.0,0.0,0.0,1.0,-0.008075059079478867,0.2883798674508705,0.9574820340193759
1783095546621438835,45.459871894,-0.008410931937947744,-0.9999320225119297,-0.008075059079478867,-4.595323726512208,0.957459793067041,-0.010382519397394988,0.2883798674508705,-0.8528575044313287,-0.288444103569399,-0.005306000957838354,0.9574820340193759,-0.21290957727115795,0.0,0.0,0.0,1.0,-0.008075059079478867,0.2883798674508705,0.9574820340193759
1783095546631898218,45.470331277,-0.008410931937947744,-0.9999320225119297,-0.008075059079478867,-4.595323726512208,0.957459793067041,-0.010382519397394988,0.2883798674508705,-0.8528575044313287,-0.288444103569399,-0.005306000957838354,0.9574820340193759,-0.21290957727115795,0.0,0.0,0.0,1.0,-0.008075059079478867,0.2883798674508705,0.9574820340193759
1783095546642079448,45.480512507,-0.008396769695854081,-0.999929677969971,-0.00837456706612636,-4.595245554927693,0.9569618175358006,-0.010464958641102477,0.2900251099805276,-0.8532869127315692,-0.29009235432401853,-0.005578866866154558,0.9569823938857173,-0.21277917119627301,0.0,0.0,0.0,1.0,-0.00837456706612636,0.2900251099805276,0.9569823938857173
1783095546651544212,45.489977271,-0.008396769695854081,-0.999929677969971,-0.00837456706612636,-4.595245554927693,0.9569618175358006,-0.010464958641102477,0.2900251099805276,-0.8532869127315692,-0.29009235432401853,-0.005578866866154558,0.9569823938857173,-0.21277917119627301,0.0,0.0,0.0,1.0,-0.00837456706612636,0.2900251099805276,0.9569823938857173
1783095546661905746,45.500338805,-0.008382091755234897,-0.9999272480547484,-0.008674049542433318,-4.595167390001377,0.9564610098347738,-0.010547866747074478,0.29166946904489466,-0.8537160904473691,-0.2917397422423823,-0.005851589932977725,0.956479838622647,-0.21264800427261168,0.0,0.0,0.0,1.0,-0.008674049542433318,0.29166946904489466,0.956479838622647
1783095546671447942,45.509881001,-0.008382091755234897,-0.9999272480547484,-0.008674049542433318,-4.595167390001377,0.9564610098347738,-0.010547866747074478,0.29166946904489466,-0.8537160904473691,-0.2917397422423823,-0.005851589932977725,0.956479838622647,-0.21264800427261168,0.0,0.0,0.0,1.0,-0.008674049542433318,0.29166946904489466,0.956479838622647
1783095546681509876,45.519942935,-0.00788026809597423,-0.9999156948775118,-0.01032010234243481,-4.594472976582822,0.9565458861956093,-0.010545912690860044,0.29139106253928443,-0.8535986402578559,-0.2914753316783292,-0.007575411747193383,0.9565483490968288,-0.21267690650016077,0.0,0.0,0.0,1.0,-0.01032010234243481,0.29139106253928443,0.9565483490968288
1783095546691263301,45.52969636,-0.00788026809597423,-0.9999156948775118,-0.01032010234243481,-4.594472976582822,0.9565458861956093,-0.010545912690860044,0.29139106253928443,-0.8535986402578559,-0.2914753316783292,-0.007575411747193383,0.9565483490968288,-0.21267690650016077,0.0,0.0,0.0,1.0,-0.01032010234243481,0.29139106253928443,0.9565483490968288
1783095546701587091,45.54002015,-0.003888551762483307,-0.9999208406342455,-0.01196627053406306,-4.593778514484483,0.9566616608569104,-0.007204131226328614,0.29111263651681574,-0.8534811818348471,-0.29117579880836314,-0.01031566568757131,0.9566139457637727,-0.21270457949202246,0.0,0.0,0.0,1.0,-0.01196627053406306,0.29111263651681574,0.9566139457637727
1783095546711609717,45.550042776,-0.003888551762483307,-0.9999208406342455,-0.01196627053406306,-4.593778514484483,0.9566616608569104,-0.007204131226328614,0.29111263651681574,-0.8534811818348471,-0.29117579880836314,-0.01031566568757131,0.9566139457637727,-0.21270457949202246,0.0,0.0,0.0,1.0,-0.01196627053406306,0.29111263651681574,0.9566139457637727
1783095546721633072,45.560066131,2.731209753197018e-05,-0.9999141263757422,-0.01310492763374117,-4.594566408809521,0.9567588921770659,-0.003785860597092945,0.2908575072086897,-0.8453459827602756,-0.2908821436495595,-0.012546199973523613,0.9566766284236602,-0.21273102316390016,0.0,0.0,0.0,1.0,-0.013104927633741166,0.29085750720868964,0.95667662842366
1783095546731437705,45.569870764,2.731209753197018e-05,-0.9999141263757422,-0.01310492763374117,-4.594566408809521,0.9567588921770659,-0.003785860597092945,0.2908575072086897,-0.8453459827602756,-0.2908821436495595,-0.012546199973523613,0.9566766284236602,-0.21273102316390016,0.0,0.0,0.0,1.0,-0.013104927633741166,0.29085750720868964,0.95667662842366
1783095546741505839,45.579938898,0.000527796810173562,-0.9998910470510667,-0.014751795065300059,-4.593871651725753,0.9568426438399928,-0.003781998477487739,0.290581918599229,-0.8452297213448398,-0.2906060501087681,-0.014268514801398336,0.956736396885549,-0.21275623743524189,0.0,0.0,0.0,1.0,-0.014751795065300059,0.290581918599229,0.956736396885549
1783095546751360623,45.589793682,0.000527796810173562,-0.9998910470510667,-0.014751795065300059,-4.593871651725753,0.9568426438399928,-0.003781998477487739,0.290581918599229,-0.8452297213448398,-0.2906060501087681,-0.014268514801398336,0.956736396885549,-0.21275623743524189,0.0,0.0,0.0,1.0,-0.014751795065300059,0.290581918599229,0.956736396885549
1783095546761407190,45.599840249,0.0010562689134965772,-0.9998601376470024,-0.016690998786757984,-4.59310057872316,0.9564254650265729,-0.0038632521589611643,0.2919510320780869,-0.845542724472371,-0.29197468065687865,-0.016272075075830363,0.9562876164774071,-0.21264825162735926,0.0,0.0,0.0,1.0,-0.016690998786757984,0.2919510320780869,0.9562876164774071
1783095546771360292,45.609793351,0.0010562689134965772,-0.9998601376470024,-0.016690998786757984,-4.59310057872316,0.9564254650265729,-0.0038632521589611643,0.2919510320780869,-0.845542724472371,-0.29197468065687865,-0.016272075075830363,0.9562876164774071,-0.21264825162735926,0.0,0.0,0.0,1.0,-0.016690998786757984,0.2919510320780869,0.9562876164774071
1783095546781652507,45.620085566,0.002753629388973262,-0.999860556419025,-0.016470738982395185,-4.594493820126764,0.9559184353998308,-0.0022042674536514573,0.2936240556693753,-0.8379541466425553,-0.29361941759346877,-0.016553214866930902,0.9557790689744371,-0.21251552072908408,0.0,0.0,0.0,1.0,-0.01647073898239518,0.2936240556693752,0.9557790689744369
1783095546791593968,45.630027027,0.002753629388973262,-0.999860556419025,-0.016470738982395185,-4.594493820126764,0.9559184353998308,-0.0022042674536514573,0.2936240556693753,-0.8379541466425553,-0.29361941759346877,-0.016553214866930902,0.9557790689744371,-0.21251552072908408,0.0,0.0,0.0,1.0,-0.01647073898239518,0.2936240556693752,0.9557790689744369
1783095546801492055,45.639925114,0.00444971588334889,-0.9998581457791383,-0.01624464058269429,-4.595874576707358,0.9554055668696061,-0.0005457763571892377,0.2952963002185001,-0.8303630463791756,-0.29526327713267037,-0.016834204681878396,0.9552676100075856,-0.21238202993873587,0.0,0.0,0.0,1.0,-0.01624464058269429,0.2952963002185001,0.9552676100075856
1783095546811739951,45.65017301,0.00444971588334889,-0.9998581457791383,-0.01624464058269429,-4.595874576707358,0.9554055668696061,-0.0005457763571892377,0.2952963002185001,-0.8303630463791756,-0.29526327713267037,-0.016834204681878396,0.9552676100075856,-0.21238202993873587,0.0,0.0,0.0,1.0,-0.01624464058269429,0.2952963002185001,0.9552676100075856
1783095546822088860,45.660521919,0.004958034619793039,-0.9998276675462994,-0.017890027994266356,-4.595180021267165,0.9554888064909051,-0.0005407854009692915,0.29502686016994434,-0.830249309607997,-0.29498569213318593,-0.018556474882821854,0.9553214635276591,-0.21240476273411127,0.0,0.0,0.0,1.0,-0.017890027994266356,0.29502686016994434,0.9553214635276591
1783095546831526895,45.669959954,0.004958034619793039,-0.9998276675462994,-0.017890027994266356,-4.595180021267165,0.9554888064909051,-0.0005407854009692915,0.29502686016994434,-0.830249309607997,-0.29498569213318593,-0.018556474882821854,0.9553214635276591,-0.21240476273411127,0.0,0.0,0.0,1.0,-0.017890027994266356,0.29502686016994434,0.9553214635276591
1783095546841786380,45.680219439,0.007133651600610375,-0.9997936344633224,-0.019021027876050523,-4.595927287870429,0.9555609725386458,0.0012096598709681176,0.29479105224547403,-0.822115423261505,-0.29470720855764343,-0.020278688557620054,0.9553724069777946,-0.212426267122795,0.0,0.0,0.0,1.0,-0.019021027876050523,0.29479105224547403,0.9553724069777946
1783095546851280532,45.689713591,0.007133651600610375,-0.9997936344633224,-0.019021027876050523,-4.595927287870429,0.9555609725386458,0.0012096598709681176,0.29479105224547403,-0.822115423261505,-0.29470720855764343,-0.020278688557620054,0.9553724069777946,-0.212426267122795,0.0,0.0,0.0,1.0,-0.019021027876050523,0.29479105224547403,0.9553724069777946
1783095546861875701,45.70030876,0.007529700582359928,-0.9997741190039691,-0.01987497368495246,-4.5947032617335735,0.9561375778607781,0.0013780686065541763,0.2929147198920534,-0.813226955436227,-0.29282116694608085,-0.021208769336130143,0.9559319809963377,-0.22080995447615812,0.0,0.0,0.0,1.0,-0.01987497368495246,0.2929147198920534,0.9559319809963377
1783095546871472068,45.709905127,0.007529700582359928,-0.9997741190039691,-0.01987497368495246,-4.5947032617335735,0.9561375778607781,0.0013780686065541763,0.2929147198920534,-0.813226955436227,-0.29282116694608085,-0.021208769336130143,0.9559319809963377,-0.22080995447615812,0.0,0.0,0.0,1.0,-0.01987497368495246,0.2929147198920534,0.9559319809963377
1783095546881575396,45.720008455,0.007396719231933985,-0.9997966110964581,-0.018762328870413035,-4.594993662030168,0.9581311953553003,0.0017152634758429135,0.28632441453398916,-0.8115068857377722,-0.28623399698782676,-0.020094633891813905,0.9579490094243674,-0.2213363988958739,0.0,0.0,0.0,1.0,-0.018762328870413035,0.28632441453398916,0.9579490094243674
1783095546891786922,45.730219981,0.007396719231933985,-0.9997966110964581,-0.018762328870413035,-4.594993662030168,0.9581311953553003,0.0017152634758429135,0.28632441453398916,-0.8115068857377722,-0.28623399698782676,-0.020094633891813905,0.9579490094243674,-0.2213363988958739,0.0,0.0,0.0,1.0,-0.018762328870413035,0.28632441453398916,0.9579490094243674
1783095546901700371,45.74013343,0.008888927366843076,-0.9998225448591779,-0.01660920713292281,-4.596834536121845,0.9610223923224862,0.003951672051357845,0.2764423009287184,-0.8008982190995216,-0.27632761068165557,-0.018419095507539448,0.9608869800843655,-0.22210320923813334,0.0,0.0,0.0,1.0,-0.01660920713292281,0.2764423009287184,0.9608869800843655
1783095546911832449,45.750265508,0.008888927366843076,-0.9998225448591779,-0.01660920713292281,-4.596834536121845,0.9610223923224862,0.003951672051357845,0.2764423009287184,-0.8008982190995216,-0.27632761068165557,-0.018419095507539448,0.9608869800843655,-0.22210320923813334,0.0,0.0,0.0,1.0,-0.01660920713292281,0.2764423009287184,0.9608869800843655
1783095546921685123,45.760118182,0.008412343576628739,-0.9998528118033901,-0.01495283265482826,-4.597532211159691,0.9609469095786155,0.00394687828362036,0.27670464239532083,-0.8010087189261375,-0.2766048977275291,-0.01669661285018094,0.9608386720321338,-0.2220828615917438,0.0,0.0,0.0,1.0,-0.01495283265482826,0.27670464239532083,0.9608386720321338
1783095546931243588,45.769676647,0.008412343576628739,-0.9998528118033901,-0.01495283265482826,-4.597532211159691,0.9609469095786155,0.00394687828362036,0.27670464239532083,-0.8010087189261375,-0.2766048977275291,-0.01669661285018094,0.9608386720321338,-0.2220828615917438,0.0,0.0,0.0,1.0,-0.01495283265482826,0.27670464239532083,0.9608386720321338
1783095546941303514,45.779736573,0.01754591132356659,-0.9997159949476144,-0.016126699653893017,-4.598225363955368,0.9609422255413378,0.012405567662902732,0.2764708683796931,-0.792874020331632,-0.27619228839250015,-0.02034775999618811,0.9608869800843655,-0.22210320923813334,0.0,0.0,0.0,1.0,-0.016126699653893017,0.2764708683796931,0.9608869800843655
1783095546951281994,45.789715053,0.01754591132356659,-0.9997159949476144,-0.016126699653893017,-4.598225363955368,0.9609422255413378,0.012405567662902732,0.2764708683796931,-0.792874020331632,-0.27619228839250015,-0.02034775999618811,0.9608869800843655,-0.22210320923813334,0.0,0.0,0.0,1.0,-0.016126699653893017,0.2764708683796931,0.9608869800843655
1783095546961138365,45.799571424,0.02354998524450752,-0.9996440272485876,-0.012538619589440442,-4.599692707600474,0.9611570405261395,0.01918975492594683,0.2753341547155292,-0.7926604669074608,-0.2749955302218862,-0.01853569777772916,0.9612668132552359,-0.22218639830277503,0.0,0.0,0.0,1.0,-0.012538619589440442,0.2753341547155292,0.9612668132552359
1783095546971344578,45.809777637,0.02354998524450752,-0.9996440272485876,-0.012538619589440442,-4.599692707600474,0.9611570405261395,0.01918975492594683,0.2753341547155292,-0.7926604669074608,-0.2749955302218862,-0.01853569777772916,0.9612668132552359,-0.22218639830277503,0.0,0.0,0.0,1.0,-0.012538619589440442,0.2753341547155292,0.9612668132552359
1783095546981619965,45.820053024,0.02909119855203713,-0.9995501817684775,-0.007289464548902479,-4.601858907984838,0.9612485721436762,0.025974914593196258,0.2744567112745103,-0.7925561300187587,-0.2741439124229275,-0.014991262070950242,0.9615718264087039,-0.22223856912776277,0.0,0.0,0.0,1.0,-0.007289464548902479,0.2744567112745103,0.9615718264087039
1783095546991374854,45.829807913,0.02909119855203713,-0.9995501817684775,-0.007289464548902479,-4.601858907984838,0.9612485721436762,0.025974914593196258,0.2744567112745103,-0.7925561300187587,-0.2741439124229275,-0.014991262070950242,0.9615718264087039,-0.22223856912776277,0.0,0.0,0.0,1.0,-0.007289464548902479,0.2744567112745103,0.9615718264087039
1783095547001533749,45.839966808,0.03686008021453985,-0.9993136054725511,-0.0036949159704134614,-4.603327782208984,0.9613063559261007,0.03444758207812893,0.27331932632920714,-0.7923423766947956,-0.27300444051820616,-0.013626518499649692,0.9619162611427879,-0.22230783083392236,0.0,0.0,0.0,1.0,-0.0036949159704134614,0.27331932632920714,0.9619162611427879
1783095547011127673,45.849560732,0.03686008021453985,-0.9993136054725511,-0.0036949159704134614,-4.603327782208984,0.9613063559261007,0.03444758207812893,0.27331932632920714,-0.7923423766947956,-0.27300444051820616,-0.013626518499649692,0.9619162611427879,-0.22230783083392236,0.0,0.0,0.0,1.0,-0.0036949159704134614,0.27331932632920714,0.9619162611427879
1783095547021289990,45.859723049,0.038610712977783554,-0.999246427818674,-0.003973579616278414,-4.603255050997413,0.9607757316514409,0.036030748911065016,0.2749759600447765,-0.7927747580945592,-0.2746255747613211,-0.014434736732184294,0.9614428906921548,-0.22218428114630712,0.0,0.0,0.0,1.0,-0.003973579616278414,0.2749759600447765,0.9614428906921548
1783095547031044660,45.869477719,0.038610712977783554,-0.999246427818674,-0.003973579616278414,-4.603255050997413,0.9607757316514409,0.036030748911065016,0.2749759600447765,-0.7927747580945592,-0.2746255747613211,-0.014434736732184294,0.9614428906921548,-0.22218428114630712,0.0,0.0,0.0,1.0,-0.003973579616278414,0.2749759600447765,0.9614428906921548
1783095547041577427,45.880010486,0.03688919082889394,-0.9993077886028519,-0.004809494533481739,-4.6030368772040235,0.959412545342462,0.03406916171001021,0.27994081528043624,-0.7940705853110664,-0.27958318161056767,-0.014941079547854333,0.96000521285171,-0.22180904722995104,0.0,0.0,0.0,1.0,-0.004809494533481739,0.27994081528043624,0.96000521285171
1783095547051882631,45.89031569,0.03688919082889394,-0.9993077886028519,-0.004809494533481739,-4.6030368772040235,0.959412545342462,0.03406916171001021,0.27994081528043624,-0.7940705853110664,-0.27958318161056767,-0.014941079547854333,0.96000521285171,-0.22180904722995104,0.0,0.0,0.0,1.0,-0.004809494533481739,0.27994081528043624,0.96000521285171
1783095547061542863,45.899975922,0.03516243844751824,-0.9993672005128913,-0.005366699306938154,-4.602891446758151,0.9585063185498299,0.032203699312944006,0.28324646343884546,-0.7949333594804112,-0.28289439765127244,-0.015103651531602636,0.9590321368379351,-0.22155507439035577,0.0,0.0,0.0,1.0,-0.005366699306938154,0.28324646343884546,0.9590321368379351
1783095547071336227,45.909769286,0.03516243844751824,-0.9993672005128913,-0.005366699306938154,-4.602891446758151,0.9585063185498299,0.032203699312944006,0.28324646343884546,-0.7949333594804112,-0.28289439765127244,-0.015103651531602636,0.9590321368379351,-0.22155507439035577,0.0,0.0,0.0,1.0,-0.005366699306938154,0.28324646343884546,0.9590321368379351
1783095547081391068,45.919824127,0.03516243844751824,-0.9993672005128913,-0.005366699306938154,-4.602891446758151,0.9585063185498299,0.032203699312944006,0.28324646343884546,-0.7949333594804112,-0.28289439765127244,-0.015103651531602636,0.9590321368379351,-0.22155507439035577,0.0,0.0,0.0,1.0,-0.005366699306938154,0.28324646343884546,0.9590321368379351
1783095547091157808,45.929590867,0.03516243844751824,-0.9993672005128913,-0.005366699306938154,-4.602891446758151,0.9585063185498299,0.032203699312944006,0.28324646343884546,-0.7949333594804112,-0.28289439765127244,-0.015103651531602636,0.9590321368379351,-0.22155507439035577,0.0,0.0,0.0,1.0,-0.005366699306938154,0.28324646343884546,0.9590321368379351
1783095547101591178,45.940024237,0.03484479873541244,-0.9993449198993126,-0.009776045853262883,-4.600944535863237,0.9597517561132373,0.030733378516961975,0.27916308151775737,-0.7937429365264262,-0.27867975642060105,-0.019109958565356275,0.9601939402250906,-0.22188855553662845,0.0,0.0,0.0,1.0,-0.009776045853262883,0.27916308151775737,0.9601939402250906
1783095547112066026,45.950499085,0.03484479873541244,-0.9993449198993126,-0.009776045853262883,-4.600944535863237,0.9597517561132373,0.030733378516961975,0.27916308151775737,-0.7937429365264262,-0.27867975642060105,-0.019109958565356275,0.9601939402250906,-0.22188855553662845,0.0,0.0,0.0,1.0,-0.009776045853262883,0.27916308151775737,0.9601939402250906
1783095547122703800,45.961136859,0.03526843978243883,-0.9993215972421727,-0.010605773930523537,-4.600462586259336,0.9612472226649396,0.03101741399429476,0.2739373960379391,-0.7923374739575275,-0.273422592472262,-0.019856115291249973,0.9616890456957945,-0.22228792394312458,0.0,0.0,0.0,1.0,-0.010605773930523537,0.2739373960379391,0.9616890456957945
1783095547131526867,45.969959926,0.03526843978243883,-0.9993215972421727,-0.010605773930523537,-4.600462586259336,0.9612472226649396,0.03101741399429476,0.2739373960379391,-0.7923374739575275,-0.273422592472262,-0.019856115291249973,0.9616890456957945,-0.22228792394312458,0.0,0.0,0.0,1.0,-0.010605773930523537,0.2739373960379391,0.9616890456957945
1783095547141499857,45.979932916,0.03441943021715856,-0.9993179749213389,-0.01337489523848872,-4.599209019156511,0.9623785922764313,0.02953207322678236,0.27010239128701236,-0.7912534133080505,-0.26952318629676475,-0.02216848325985241,0.9627387030749294,-0.22257876969391346,0.0,0.0,0.0,1.0,-0.013374895238488721,0.2701023912870124,0.9627387030749295
1783095547151504562,45.989937621,0.03441943021715856,-0.9993179749213389,-0.01337489523848872,-4.599209019156511,0.9623785922764313,0.02953207322678236,0.27010239128701236,-0.7912534133080505,-0.26952318629676475,-0.02216848325985241,0.9627387030749294,-0.22257876969391346,0.0,0.0,0.0,1.0,-0.013374895238488721,0.2701023912870124,0.9627387030749295
1783095547161380501,45.99981356,0.03523713176882276,-0.99925712345452,-0.01560595303417774,-4.5980958316337865,0.9643486805258998,0.029899658376318243,0.26294035977182245,-0.7893009900609446,-0.26227841488132914,-0.02431484432147972,0.9646858667115216,-0.22310198896556188,0.0,0.0,0.0,1.0,-0.01560595303417774,0.26294035977182245,0.9646858667115216
1783095547171434296,46.009867355,0.03523713176882276,-0.99925712345452,-0.01560595303417774,-4.5980958316337865,0.9643486805258998,0.029899658376318243,0.26294035977182245,-0.7893009900609446,-0.26227841488132914,-0.02431484432147972,0.9646858667115216,-0.22310198896556188,0.0,0.0,0.0,1.0,-0.01560595303417774,0.26294035977182245,0.9646858667115216
1783095547181224631,46.01965769,0.03560243849013314,-0.9992305647382712,-0.016454326676957478,-4.597608946791688,0.9657567530679981,0.030166399151444187,0.25768950748098646,-0.7878889481891995,-0.2569948643010478,-0.025065251945103017,0.9660876631381929,-0.22347465920150097,0.0,0.0,0.0,1.0,-0.016454326676957478,0.25768950748098646,0.9660876631381929
1783095547191634454,46.030067513,0.03560243849013314,-0.9992305647382712,-0.016454326676957478,-4.597608946791688,0.9657567530679981,0.030166399151444187,0.25768950748098646,-0.7878889481891995,-0.2569948643010478,-0.025065251945103017,0.9660876631381929,-0.22347465920150097,0.0,0.0,0.0,1.0,-0.016454326676957478,0.25768950748098646,0.9660876631381929
1783095547201580606,46.040013665,0.035867393133449624,-0.9992204475679035,-0.016493249285975523,-4.597333317346026,0.9684209708543513,0.03067778956283609,0.24742614339849817,-0.7851686389666572,-0.2467272853158451,-0.02484693924283427,0.9687663682699439,-0.22418013363958478,0.0,0.0,0.0,1.0,-0.016493249285975523,0.24742614339849817,0.9687663682699439
1783095547211488839,46.049921898,0.035867393133449624,-0.9992204475679035,-0.016493249285975523,-4.597333317346026,0.9684209708543513,0.03067778956283609,0.24742614339849817,-0.7851686389666572,-0.2467272853158451,-0.02484693924283427,0.9687663682699439,-0.22418013363958478,0.0,0.0,0.0,1.0,-0.016493249285975523,0.24742614339849817,0.9687663682699439
1783095547221280845,46.059713904,0.034370177042836327,-0.9992723056956363,-0.01653934701766835,-4.597055804678642,0.9710296822291279,0.02947386457880951,0.2371342394863904,-0.782440879202041,-0.23647419977672587,-0.024210542672909174,0.971336091403712,-0.2248566947870245,0.0,0.0,0.0,1.0,-0.01653934701766835,0.2371342394863904,0.971336091403712
1783095547231438988,46.069872047,0.034370177042836327,-0.9992723056956363,-0.01653934701766835,-4.597055804678642,0.9710296822291279,0.02947386457880951,0.2371342394863904,-0.782440879202041,-0.23647419977672587,-0.024210542672909174,0.971336091403712,-0.2248566947870245,0.0,0.0,0.0,1.0,-0.01653934701766835,0.2371342394863904,0.971336091403712
1783095547241255602,46.079688661,0.0341582741137764,-0.9993131117326388,-0.014370700358667287,-4.597621821456641,0.9741890565865788,0.030082263658080914,0.22372022581822362,-0.7789398216346495,-0.22313425182279703,-0.02164167582319316,0.9745474557614136,-0.2256948608843846,0.0,0.0,0.0,1.0,-0.014370700358667289,0.22372022581822365,0.9745474557614137
1783095547251583371,46.09001643,0.0341582741137764,-0.9993131117326388,-0.014370700358667287,-4.597621821456641,0.9741890565865788,0.030082263658080914,0.22372022581822362,-0.7789398216346495,-0.22313425182279703,-0.02164167582319316,0.9745474557614136,-0.2256948608843846,0.0,0.0,0.0,1.0,-0.014370700358667289,0.22372022581822365,0.9745474557614137
1783095547261702861,46.10013592,0.03373067707651035,-0.9993571470902587,-0.012146356802730015,-4.598467856284153,0.97489074808207,0.030223386649684235,0.22062315427761833,-0.7781730588061075,-0.2201142220029008,-0.019283139242424474,0.9752834920232245,-0.225881102939191,0.0,0.0,0.0,1.0,-0.012146356802730015,0.22062315427761833,0.9752834920232245
1783095547271721238,46.110154297,0.03373067707651035,-0.9993571470902587,-0.012146356802730015,-4.598467856284153,0.97489074808207,0.030223386649684235,0.22062315427761833,-0.7781730588061075,-0.2201142220029008,-0.019283139242424474,0.9752834920232245,-0.225881102939191,0.0,0.0,0.0,1.0,-0.012146356802730015,0.22062315427761833,0.9752834920232245
1783095547281570740,46.120003799,0.035395319959061436,-0.9993122092180311,-0.011058021196125221,-4.598751911877477,0.9763254048230384,0.03221425455098336,0.21389470704263513,-0.776416934077777,-0.21339136632517716,-0.018367098614172284,0.9767941310564737,-0.22627537972686906,0.0,0.0,0.0,1.0,-0.011058021196125221,0.21389470704263513,0.9767941310564737
1783095547291199573,46.129632632,0.035395319959061436,-0.9993122092180311,-0.011058021196125221,-4.598751911877477,0.9763254048230384,0.03221425455098336,0.21389470704263513,-0.776416934077777,-0.21339136632517716,-0.018367098614172284,0.9767941310564737,-0.22627537972686906,0.0,0.0,0.0,1.0,-0.011058021196125221,0.21389470704263513,0.9767941310564737
1783095547301702999,46.140136058,0.03708467380682879,-0.9992596461532922,-0.010241412902440164,-4.598965046642129,0.9773537120270058,0.034131280670544634,0.20884151231692635,-0.775098050254367,-0.20833734316169417,-0.017754302278199,0.9778958718569892,-0.22656293407580363,0.0,0.0,0.0,1.0,-0.010241412902440164,0.20884151231692635,0.9778958718569892
1783095547311297693,46.149730752,0.03708467380682879,-0.9992596461532922,-0.010241412902440164,-4.598965046642129,0.9773537120270058,0.034131280670544634,0.20884151231692635,-0.775098050254367,-0.20833734316169417,-0.017754302278199,0.9778958718569892,-0.22656293407580363,0.0,0.0,0.0,1.0,-0.010241412902440164,0.20884151231692635,0.9778958718569892
1783095547321938181,46.16037124,0.04089145568149111,-0.9990987368821316,-0.01138432311461543,-4.598401265917339,0.977992997394581,0.037689402191357906,0.20520527773334998,-0.7741074201844974,-0.20459126545239387,-0.019524930806212346,0.9786527428958653,-0.22676634082647648,0.0,0.0,0.0,1.0,-0.01138432311461543,0.20520527773334998,0.9786527428958653
1783095547331663715,46.170096774,0.04089145568149111,-0.9990987368821316,-0.01138432311461543,-4.598401265917339,0.977992997394581,0.037689402191357906,0.20520527773334998,-0.7741074201844974,-0.20459126545239387,-0.019524930806212346,0.9786527428958653,-0.22676634082647648,0.0,0.0,0.0,1.0,-0.01138432311461543,0.20520527773334998,0.9786527428958653
1783095547341625002,46.180058061,0.046084137591578936,-0.9988787353658153,-0.010840862347158234,-4.598543109177645,0.9784781529335507,0.042952465188624694,0.20183059719964935,-0.7732266285652016,-0.20113864992633207,-0.019908735977193278,0.9793604473009939,-0.22695105167621507,0.0,0.0,0.0,1.0,-0.010840862347158234,0.20183059719964935,0.9793604473009939
1783095547351357432,46.189790491,0.046084137591578936,-0.9988787353658153,-0.010840862347158234,-4.598543109177645,0.9784781529335507,0.042952465188624694,0.20183059719964935,-0.7732266285652016,-0.20113864992633207,-0.019908735977193278,0.9793604473009939,-0.22695105167621507,0.0,0.0,0.0,1.0,-0.010840862347158234,0.20183059719964935,0.9793604473009939
1783095547361596328,46.200029387,0.049517117893180466,-0.9987229575198705,-0.010025425592760505,-4.598755938170543,0.9793437271657149,0.04658112224525253,0.19676397818589209,-0.7719042410026109,-0.1960457066520924,-0.01956152277139845,0.9803996265452908,-0.22722227745897652,0.0,0.0,0.0,1.0,-0.010025425592760507,0.1967639781858921,0.9803996265452909
1783095547371452680,46.209885739,0.049517117893180466,-0.9987229575198705,-0.010025425592760505,-4.598755938170543,0.9793437271657149,0.04658112224525253,0.19676397818589209,-0.7719042410026109,-0.1960457066520924,-0.01956152277139845,0.9803996265452908,-0.22722227745897652,0.0,0.0,0.0,1.0,-0.010025425592760507,0.1967639781858921,0.9803996265452909
1783095547381199273,46.219632332,0.055789664395178865,-0.9984239193808373,-0.006098405929481352,-4.600311842106779,0.9795560402452665,0.05355094301520476,0.19391302308302028,-0.7712432857613304,-0.19328082513712264,-0.016792072843747174,0.9809997700937158,-0.2273667191168924,0.0,0.0,0.0,1.0,-0.0060984059294813524,0.1939130230830203,0.9809997700937159
1783095547391488260,46.229921319,0.055789664395178865,-0.9984239193808373,-0.006098405929481352,-4.600311842106779,0.9795560402452665,0.05355094301520476,0.19391302308302028,-0.7712432857613304,-0.19328082513712264,-0.016792072843747174,0.9809997700937158,-0.2273667191168924,0.0,0.0,0.0,1.0,-0.0060984059294813524,0.1939130230830203,0.9809997700937159
1783095547409138612,46.247571671,0.05753215553862178,-0.9983250274956544,-0.006098405929481352,-4.600311842106779,0.9794610843980786,0.055260506951564356,0.19391302308302028,-0.7712432857613304,-0.1932512230978621,-0.017129385489766048,0.9809997700937158,-0.2273667191168924,0.0,0.0,0.0,1.0,-0.0060984059294813524,0.1939130230830203,0.9809997700937159
1783095547411741446,46.250174505,0.05753215553862178,-0.9983250274956544,-0.006098405929481352,-4.600311842106779,0.9794610843980786,0.055260506951564356,0.19391302308302028,-0.7712432857613304,-0.1932512230978621,-0.017129385489766048,0.9809997700937158,-0.2273667191168924,0.0,0.0,0.0,1.0,-0.0060984059294813524,0.1939130230830203,0.9809997700937159
1783095547421611787,46.260044846,0.05753215553862178,-0.9983250274956544,-0.006098405929481352,-4.600311842106779,0.9794610843980786,0.055260506951564356,0.19391302308302028,-0.7712432857613304,-0.1932512230978621,-0.017129385489766048,0.9809997700937158,-0.2273667191168924,0.0,0.0,0.0,1.0,-0.0060984059294813524,0.1939130230830203,0.9809997700937159
1783095547431602126,46.270035185,0.05753215553862178,-0.9983250274956544,-0.006098405929481352,-4.600311842106779,0.9794610843980786,0.055260506951564356,0.19391302308302028,-0.7712432857613304,-0.1932512230978621,-0.017129385489766048,0.9809997700937158,-0.2273667191168924,0.0,0.0,0.0,1.0,-0.0060984059294813524,0.1939130230830203,0.9809997700937159
1783095547441675199,46.280108258,0.05753215553862178,-0.9983250274956544,-0.006098405929481368,-4.602342389495398,0.9794610843980786,0.055260506951564356,0.19391302308302028,-0.7715612579636028,-0.1932512230978621,-0.017129385489766138,0.9809997700937158,-0.21913681982712616,0.0,0.0,0.0,1.0,-0.006098405929481369,0.1939130230830203,0.9809997700937159
1783095547451523672,46.289956731,0.05753215553862178,-0.9983250274956544,-0.006098405929481368,-4.602342389495398,0.9794610843980786,0.055260506951564356,0.19391302308302028,-0.7715612579636028,-0.1932512230978621,-0.017129385489766138,0.9809997700937158,-0.21913681982712616,0.0,0.0,0.0,1.0,-0.006098405929481369,0.1939130230830203,0.9809997700937159
1783095547461506590,46.299939649,0.05753215553862178,-0.9983250274956544,-0.006098405929481368,-4.602342389495398,0.9794610843980786,0.055260506951564356,0.19391302308302028,-0.7715612579636028,-0.1932512230978621,-0.017129385489766138,0.9809997700937158,-0.21913681982712616,0.0,0.0,0.0,1.0,-0.006098405929481369,0.1939130230830203,0.9809997700937159
1783095547471392327,46.309825386,0.05753215553862178,-0.9983250274956544,-0.006098405929481368,-4.602342389495398,0.9794610843980786,0.055260506951564356,0.19391302308302028,-0.7715612579636028,-0.1932512230978621,-0.017129385489766138,0.9809997700937158,-0.21913681982712616,0.0,0.0,0.0,1.0,-0.006098405929481369,0.1939130230830203,0.9809997700937159
1783095547481497451,46.31993051,0.05926430875617028,-0.998225328951125,-0.005825319568187921,-4.602413665035696,0.9796922504344416,0.057042261026183726,0.19222194176451332,-0.7711198857394724,-0.1915485216501358,-0.017098920943700486,0.9813341891303944,-0.21922410319569927,0.0,0.0,0.0,1.0,-0.005825319568187921,0.19222194176451332,0.9813341891303944
1783095547491830079,46.330263138,0.05926430875617028,-0.998225328951125,-0.005825319568187921,-4.602413665035696,0.9796922504344416,0.057042261026183726,0.19222194176451332,-0.7711198857394724,-0.1915485216501358,-0.017098920943700486,0.9813341891303944,-0.21922410319569927,0.0,0.0,0.0,1.0,-0.005825319568187921,0.19222194176451332,0.9813341891303944
1783095547501679683,46.340112742,0.05924538000485327,-0.9982294907033875,-0.005279094442811055,-4.602556229793419,0.9803418109957598,0.05718507605346159,0.18883802765945698,-0.7702366841580527,-0.18820180275872642,-0.01636309771453454,0.9819940582669276,-0.2193963290403345,0.0,0.0,0.0,1.0,-0.005279094442811055,0.18883802765945698,0.9819940582669276
1783095547511798088,46.350231147,0.05924538000485327,-0.9982294907033875,-0.005279094442811055,-4.602556229793419,0.9803418109957598,0.05718507605346159,0.18883802765945698,-0.7702366841580527,-0.18820180275872642,-0.01636309771453454,0.9819940582669276,-0.2193963290403345,0.0,0.0,0.0,1.0,-0.005279094442811055,0.18883802765945698,0.9819940582669276
1783095547521530684,46.359963743,0.06097046668380415,-0.9981283498374611,-0.004732804993443046,-4.602698811339704,0.9808782854967223,0.059037396915435685,0.1854518126265143,-0.7693528820344546,-0.1848252992243475,-0.015949389210754693,0.9826419621359727,-0.21956543195015524,0.0,0.0,0.0,1.0,-0.004732804993443046,0.1854518126265143,0.9826419621359727
1783095547531546530,46.369979589,0.06097046668380415,-0.9981283498374611,-0.004732804993443046,-4.602698811339704,0.9808782854967223,0.059037396915435685,0.1854518126265143,-0.7693528820344546,-0.1848252992243475,-0.015949389210754693,0.9826419621359727,-0.21956543195015524,0.0,0.0,0.0,1.0,-0.004732804993443046,0.1854518126265143,0.9826419621359727
1783095547541345547,46.379778606,0.06094836784172103,-0.9981332490285291,-0.003913264772874835,-4.6029127113372725,0.9818132999448043,0.059244684447299405,0.18036826610086917,-0.7680260763912613,-0.17979972332827515,-0.014835246829503162,0.9835913658336899,-0.21981322631525943,0.0,0.0,0.0,1.0,-0.003913264772874835,0.18036826610086917,0.9835913658336899
1783095547551874396,46.390307455,0.06094836784172103,-0.9981332490285291,-0.003913264772874835,-4.6029127113372725,0.9818132999448043,0.059244684447299405,0.18036826610086917,-0.7680260763912613,-0.17979972332827515,-0.014835246829503162,0.9835913658336899,-0.21981322631525943,0.0,0.0,0.0,1.0,-0.003913264772874835,0.18036826610086917,0.9835913658336899
1783095547561682414,46.400115473,0.06267244159473222,-0.9980293555786582,-0.0030936172683573415,-4.603126639335952,0.9826170654321763,0.061161289258970755,0.17527977469644998,-0.7666979801347079,-0.17474515096566381,-0.014025052564204646,0.9845138039228087,-0.2200539826565194,0.0,0.0,0.0,1.0,-0.0030936172683573415,0.17527977469644998,0.9845138039228087
1783095547571510670,46.409943729,0.06267244159473222,-0.9980293555786582,-0.0030936172683573415,-4.603126639335952,0.9826170654321763,0.061161289258970755,0.17527977469644998,-0.7666979801347079,-0.17474515096566381,-0.014025052564204646,0.9845138039228087,-0.2200539826565194,0.0,0.0,0.0,1.0,-0.0030936172683573415,0.17527977469644998,0.9845138039228087
1783095547581748016,46.420181075,0.060946718234746865,-0.9981369602397894,-0.0028471283229734873,-4.601925667420837,0.9833162591807346,0.05955148117004717,0.17188006144186688,-0.7738449268537338,-0.17139029134469896,-0.013275153246822264,0.985113769236352,-0.2202105736033542,0.0,0.0,0.0,1.0,-0.0028471283229734873,0.17188006144186688,0.985113769236352
1783095547591241754,46.429674813,0.060946718234746865,-0.9981369602397894,-0.0028471283229734873,-4.601925667420837,0.9833162591807346,0.05955148117004717,0.17188006144186688,-0.7738449268537338,-0.17139029134469896,-0.013275153246822264,0.985113769236352,-0.2202105736033542,0.0,0.0,0.0,1.0,-0.0028471283229734873,0.17188006144186688,0.985113769236352
1783095547601161747,46.439594806,0.06064719680925693,-0.9981592136944798,-0.00031880401005192707,-4.60486674564512,0.9841360607870719,0.0597418076948457,0.16705427343189047,-0.7729466970714253,-0.16672771628521754,-0.010445119921266875,0.9859476497726166,-0.21218794114178574,0.0,0.0,0.0,1.0,-0.0003188040100519271,0.1670542734318905,0.9859476497726167
1783095547611306659,46.449739718,0.06064719680925693,-0.9981592136944798,-0.00031880401005192707,-4.60486674564512,0.9841360607870719,0.0597418076948457,0.16705427343189047,-0.7729466970714253,-0.16672771628521754,-0.010445119921266875,0.9859476497726166,-0.21218794114178574,0.0,0.0,0.0,1.0,-0.0003188040100519271,0.1670542734318905,0.9859476497726167
1783095547621267358,46.459700417,0.06238971040391154,-0.9980517333879706,0.0005113873122886627,-4.6050834255802515,0.9848705650797578,0.06164871918794312,0.1619549488653089,-0.7716157733595475,-0.16167094381859323,-0.009600672046958532,0.9867980203775502,-0.21240988786967335,0.0,0.0,0.0,1.0,0.0005113873122886628,0.16195494886530892,0.9867980203775503
1783095547631611624,46.470044683,0.06238971040391154,-0.9980517333879706,0.0005113873122886627,-4.6050834255802515,0.9848705650797578,0.06164871918794312,0.1619549488653089,-0.7716157733595475,-0.16167094381859323,-0.009600672046958532,0.9867980203775502,-0.21240988786967335,0.0,0.0,0.0,1.0,0.0005113873122886628,0.16195494886530892,0.9867980203775503
1783095547641287925,46.479720984,0.060672425591387386,-0.9981574202749576,0.0007881135064077493,-4.603875691020863,0.9855236654384032,0.060029679705713546,0.1585545408220267,-0.778764298994328,-0.15830970164115601,-0.008843184068584552,0.9873499057891367,-0.2125539299620975,0.0,0.0,0.0,1.0,0.0007881135064077494,0.15855454082202672,0.9873499057891368
1783095547651498561,46.48993162,0.060672425591387386,-0.9981574202749576,0.0007881135064077493,-4.603875691020863,0.9855236654384032,0.060029679705713546,0.1585545408220267,-0.778764298994328,-0.15830970164115601,-0.008843184068584552,0.9873499057891367,-0.2125539299620975,0.0,0.0,0.0,1.0,0.0007881135064077494,0.15855454082202672,0.9873499057891368
1783095547661202253,46.499635312,0.06241602351634991,-0.9980496479628617,0.0010678059815674794,-4.60394869075688,0.9856857980732231,0.0618106293169499,0.156853286800742,-0.7783202716947727,-0.15661336943300744,-0.008737637246443218,0.9876213374619798,-0.21262477362870952,0.0,0.0,0.0,1.0,0.0010678059815674797,0.15685328680074204,0.9876213374619799
1783095547671409671,46.50984273,0.06241602351634991,-0.9980496479628617,0.0010678059815674794,-4.60394869075688,0.9856857980732231,0.0618106293169499,0.156853286800742,-0.7783202716947727,-0.15661336943300744,-0.008737637246443218,0.9876213374619798,-0.21262477362870952,0.0,0.0,0.0,1.0,0.0010678059815674797,0.15685328680074204,0.9876213374619799
1783095547681394899,46.519827958,0.06069717648573926,-0.9981556459176958,0.0010767029704723985,-4.602657029221434,0.9860587455569219,0.06012893516931416,0.15515367048869408,-0.7859104577830757,-0.1549322531862519,-0.00835569733966116,0.9878897606740334,-0.21269483208705553,0.0,0.0,0.0,1.0,0.0010767029704723985,0.15515367048869408,0.9878897606740334
1783095547691510966,46.529944025,0.06069717648573926,-0.9981556459176958,0.0010767029704723985,-4.602657029221434,0.9860587455569219,0.06012893516931416,0.15515367048869408,-0.7859104577830757,-0.1549322531862519,-0.00835569733966116,0.9878897606740334,-0.21269483208705553,0.0,0.0,0.0,1.0,0.0010767029704723985,0.15515367048869408,0.9878897606740334
1783095547701509994,46.539943053,0.06070180361849769,-0.9981545946598437,0.0016420100195315094,-4.604805058518937,0.9865810820427696,0.060247607003637675,0.1517497756362537,-0.7853460459569702,-0.1515686629642798,-0.007591509058028527,0.9884175784542899,-0.2045955690721067,0.0,0.0,0.0,1.0,0.0016420100195315096,0.15174977563625372,0.98841757845429
1783095547711716199,46.550149258,0.06070180361849769,-0.9981545946598437,0.0016420100195315094,-4.604805058518937,0.9865810820427696,0.060247607003637675,0.1517497756362537,-0.7853460459569702,-0.1515686629642798,-0.007591509058028527,0.9884175784542899,-0.2045955690721067,0.0,0.0,0.0,1.0,0.0016420100195315096,0.15174977563625372,0.98841757845429
1783095547721554154,46.559987213,0.05898239158169182,-0.9982576384239509,0.0016627722454822986,-4.603501905657477,0.9869423512861084,0.058563758887850266,0.1500502628547293,-0.7929374794114571,-0.14988619923512503,-0.007209263011023909,0.988676971414671,-0.2046632706347662,0.0,0.0,0.0,1.0,0.0016627722454822986,0.1500502628547293,0.988676971414671
1783095547731541553,46.569974612,0.05898239158169182,-0.9982576384239509,0.0016627722454822986,-4.603501905657477,0.9869423512861084,0.058563758887850266,0.1500502628547293,-0.7929374794114571,-0.14988619923512503,-0.007209263011023909,0.988676971414671,-0.2046632706347662,0.0,0.0,0.0,1.0,0.0016627722454822986,0.1500502628547293,0.988676971414671
1783095547741441533,46.579874592,0.058985464596520536,-0.9982569402527212,0.0019483848714933753,-4.603576450552866,0.9871962813165134,0.058621450324911346,0.14834765827828703,-0.7924930996170056,-0.14820329659349712,-0.006826917245639071,0.988933352698624,-0.20473018614987792,0.0,0.0,0.0,1.0,0.0019483848714933753,0.14834765827828703,0.988933352698624
1783095547751210779,46.589643838,0.058985464596520536,-0.9982569402527212,0.0019483848714933753,-4.603576450552866,0.9871962813165134,0.058621450324911346,0.14834765827828703,-0.7924930996170056,-0.14820329659349712,-0.006826917245639071,0.988933352698624,-0.20473018614987792,0.0,0.0,0.0,1.0,0.0019483848714933753,0.14834765827828703,0.988933352698624
1783095547761208122,46.599641181,0.05899306890034683,-0.9982552125987888,0.0025195914481849274,-4.6037255354693825,0.9876954461859871,0.058734857701756134,0.14494109863740642,-0.7916039875507358,-0.14483619507976186,-0.006061931218787131,0.9894370771225,-0.20486165822450952,0.0,0.0,0.0,1.0,0.0025195914481849274,0.14494109863740642,0.9894370771225
1783095547771124058,46.609557117,0.05899306890034683,-0.9982552125987888,0.0025195914481849274,-4.6037255354693825,0.9876954461859871,0.058734857701756134,0.14494109863740642,-0.7916039875507358,-0.14483619507976186,-0.006061931218787131,0.9894370771225,-0.20486165822450952,0.0,0.0,0.0,1.0,0.0025195914481849274,0.14494109863740642,0.9894370771225
1783095547781562198,46.619995257,0.057033906294902494,-0.9983618817505117,0.004548252447008423,-4.60518265148885,0.9882441060303251,0.057101995309797225,0.14182012913533665,-0.7991946442885166,-0.1418475252835521,-0.003593772282341689,0.9898819951750385,-0.19672996361160436,0.0,0.0,0.0,1.0,0.004548252447008423,0.14182012913533665,0.9898819951750385
1783095547793254479,46.631687538,0.057033906294902494,-0.9983618817505117,0.004548252447008423,-4.60518265148885,0.9882441060303251,0.057101995309797225,0.14182012913533665,-0.7991946442885166,-0.1418475252835521,-0.003593772282341689,0.9898819951750385,-0.19672996361160436,0.0,0.0,0.0,1.0,0.004548252447008423,0.14182012913533665,0.9898819951750385
1783095547801467555,46.639900614,0.05705037174178732,-0.9983581408960286,0.005126167257276149,-4.605333487254329,0.9887210477484589,0.05721035371494384,0.13841121763426817,-0.7983049183867377,-0.13847723575849433,-0.002828061957720523,0.9903615790418416,-0.19685513500083998,0.0,0.0,0.0,1.0,0.005126167257276149,0.13841121763426817,0.9903615790418416
1783095547811656507,46.650089566,0.05705037174178732,-0.9983581408960286,0.005126167257276149,-4.605333487254329,0.9887210477484589,0.05721035371494384,0.13841121763426817,-0.7983049183867377,-0.13847723575849433,-0.002828061957720523,0.9903615790418416,-0.19685513500083998,0.0,0.0,0.0,1.0,0.005126167257276149,0.13841121763426817,0.9903615790418416
1783095547821498272,46.659931331,0.05534226373909755,-0.9984524678457677,0.0054683907073673115,-4.604085542766453,0.9892844800589339,0.055573533888462444,0.1350103694005499,-0.8054516133899645,-0.13510533430903898,-0.0020619854131812923,0.9908290956857286,-0.19697715684489445,0.0,0.0,0.0,1.0,0.0054683907073673115,0.1350103694005499,0.9908290956857286
1783095547831104150,46.669537209,0.05534226373909755,-0.9984524678457677,0.0054683907073673115,-4.604085542766453,0.9892844800589339,0.055573533888462444,0.1350103694005499,-0.8054516133899645,-0.13510533430903898,-0.0020619854131812923,0.9908290956857286,-0.19697715684489445,0.0,0.0,0.0,1.0,0.0054683907073673115,0.1350103694005499,0.9908290956857286
1783095547841297009,46.679730068,0.05537241997252153,-0.9984456165236149,0.006343969669324094,-4.6043140688755235,0.9899607619552716,0.0557271812313777,0.12989292151977877,-0.8041159594930832,-0.13004454965635784,-0.0009122043541858112,0.9915077321876474,-0.19715428097189527,0.0,0.0,0.0,1.0,0.006343969669324094,0.12989292151977877,0.9915077321876474
1783095547851107173,46.689540232,0.05537241997252153,-0.9984456165236149,0.006343969669324094,-4.6043140688755235,0.9899607619552716,0.0557271812313777,0.12989292151977877,-0.8041159594930832,-0.13004454965635784,-0.0009122043541858112,0.9915077321876474,-0.19715428097189527,0.0,0.0,0.0,1.0,0.006343969669324094,0.12989292151977877,0.9915077321876474
1783095547861788888,46.700221947,0.053678022118481196,-0.9985337488516667,0.007001595938399934,-4.603134424051713,0.9907061003218866,0.054132204780375434,0.12478432269566374,-0.8108145853910463,-0.12498036936434415,0.00023834817446421102,0.992159186050152,-0.19732431043000895,0.0,0.0,0.0,1.0,0.007001595938399934,0.12478432269566374,0.992159186050152
1783095547871524542,46.709957601,0.053678022118481196,-0.9985337488516667,0.007001595938399934,-4.603134424051713,0.9907061003218866,0.054132204780375434,0.12478432269566374,-0.8108145853910463,-0.12498036936434415,0.00023834817446421102,0.992159186050152,-0.19732431043000895,0.0,0.0,0.0,1.0,0.007001595938399934,0.12478432269566374,0.992159186050152
1783095547881588120,46.720021179,0.05349326653778115,-0.9985249104170332,0.009299124247681048,-4.605968796938216,0.9910895939845116,0.054227926767057705,0.12165832751670837,-0.8103766715314306,-0.12198314281380833,0.0027083639346537377,0.9925284769889797,-0.18916890886422247,0.0,0.0,0.0,1.0,0.009299124247681048,0.12165832751670837,0.9925284769889797
1783095547891625519,46.730058578,0.05349326653778115,-0.9985249104170332,0.009299124247681048,-4.605968796938216,0.9910895939845116,0.054227926767057705,0.12165832751670837,-0.8103766715314306,-0.12198314281380833,0.0027083639346537377,0.9925284769889797,-0.18916890886422247,0.0,0.0,0.0,1.0,0.009299124247681048,0.12165832751670837,0.9925284769889797
1783095547902079461,46.74051252,0.05350934431397862,-0.9985212576390924,0.009594170830951883,-4.606045804096449,0.9912951976539668,0.05427463873388175,0.11995038431989154,-0.8099308983570613,-0.12029372876119163,0.003092189055027193,0.9927335277845596,-0.1892224271218688,0.0,0.0,0.0,1.0,0.009594170830951883,0.11995038431989154,0.9927335277845596
1783095547911781464,46.750214523,0.05350934431397862,-0.9985212576390924,0.009594170830951883,-4.606045804096449,0.9912951976539668,0.05427463873388175,0.11995038431989154,-0.8099308983570613,-0.12029372876119163,0.003092189055027193,0.9927335277845596,-0.1892224271218688,0.0,0.0,0.0,1.0,0.009594170830951883,0.11995038431989154,0.9927335277845596
1783095547921687548,46.760120607,0.05181208802504452,-0.9986069756136741,0.009980771022136499,-4.604780742024454,0.9917896225209158,0.052623265601850704,0.11655100418793667,-0.8170771594035086,-0.11691386656126125,0.003860074236119795,0.9931345566601675,-0.18932709565840247,0.0,0.0,0.0,1.0,0.009980771022136499,0.11655100418793667,0.9931345566601675
1783095547931825288,46.770258347,0.05181208802504452,-0.9986069756136741,0.009980771022136499,-4.604780742024454,0.9917896225209158,0.052623265601850704,0.11655100418793667,-0.8170771594035086,-0.11691386656126125,0.003860074236119795,0.9931345566601675,-0.18932709565840247,0.0,0.0,0.0,1.0,0.009980771022136499,0.11655100418793667,0.9931345566601675
1783095547941606762,46.780039821,0.05163077324024323,-0.9985942927449969,0.011987566547644058,-4.605569329969668,0.9919525939190048,0.052669500967045736,0.11513459551863714,-0.8167527418797181,-0.11560412913028842,0.005946609538382333,0.9932775660222201,-0.1893562129536998,0.0,0.0,0.0,1.0,0.011987566547644058,0.11513459551863714,0.9932775660222201
1783095547952192186,46.790625245,0.05163077324024323,-0.9985942927449969,0.011987566547644058,-4.605569329969668,0.9919525939190048,0.052669500967045736,0.11513459551863714,-0.8167527418797181,-0.11560412913028842,0.005946609538382333,0.9932775660222201,-0.1893562129536998,0.0,0.0,0.0,1.0,0.011987566547644058,0.11513459551863714,0.9932775660222201
1783095547961500694,46.799933753,0.04991972967043043,-0.998680081482756,0.012087821938916391,-4.600860589893141,0.9922357312616823,0.05097074463769185,0.11344706606463609,-0.8237643847527528,-0.11391345046668476,0.006330721971071709,0.9934705067399329,-0.1925183304839144,0.0,0.0,0.0,1.0,0.012087821938916393,0.1134470660646361,0.993470506739933
1783095547972038829,46.810471888,0.04991972967043043,-0.998680081482756,0.012087821938916391,-4.600860589893141,0.9922357312616823,0.05097074463769185,0.11344706606463609,-0.8237643847527528,-0.11391345046668476,0.006330721971071709,0.9934705067399329,-0.1925183304839144,0.0,0.0,0.0,1.0,0.012087821938916393,0.1134470660646361,0.993470506739933
1783095547981875204,46.820308263,0.04932904099031454,-0.9986342419124653,0.017213267989886635,-4.605014308867626,0.9921337025052356,0.05097866243688164,0.11433237655799645,-0.8244818503075575,-0.11505373556833733,0.01143795681327168,0.9932934164061034,-0.18428077163926054,0.0,0.0,0.0,1.0,0.01721326798988664,0.11433237655799647,0.9932934164061035
1783095547991372664,46.829805723,0.04932904099031454,-0.9986342419124653,0.017213267989886635,-4.605014308867626,0.9921337025052356,0.05097866243688164,0.11433237655799645,-0.8244818503075575,-0.11505373556833733,0.01143795681327168,0.9932934164061034,-0.18428077163926054,0.0,0.0,0.0,1.0,0.01721326798988664,0.11433237655799647,0.9932934164061035
1783095548001286943,46.839720002,0.04927147731136164,-0.9986473200480289,0.01660878335236187,-4.604856538377232,0.9917387112760533,0.05088892270975406,0.11774823184215472,-0.8253733885367228,-0.11843415926188319,0.010669944064070938,0.9929045786044096,-0.1841792849730185,0.0,0.0,0.0,1.0,0.016608783352361874,0.11774823184215474,0.9929045786044098
1783095548011393822,46.849826881,0.04927147731136164,-0.9986473200480289,0.01660878335236187,-4.604856538377232,0.9917387112760533,0.05088892270975406,0.11774823184215472,-0.8253733885367228,-0.11843415926188319,0.010669944064070938,0.9929045786044096,-0.1841792849730185,0.0,0.0,0.0,1.0,0.016608783352361874,0.11774823184215474,0.9929045786044098
1783095548021173283,46.859606342,0.047324454824109595,-0.9987116230518839,0.018316384923678316,-4.6055668943762,0.9917907851797714,0.0491614210320439,0.11804318326190069,-0.8254960872469725,-0.11879155865672177,0.012579692491537989,0.9928395222435118,-0.18415222176517712,0.0,0.0,0.0,1.0,0.01831638492367832,0.1180431832619007,0.9928395222435119
1783095548031202103,46.869635162,0.047324454824109595,-0.9987116230518839,0.018316384923678316,-4.6055668943762,0.9917907851797714,0.0491614210320439,0.11804318326190069,-0.8254960872469725,-0.11879155865672177,0.012579692491537989,0.9928395222435118,-0.18415222176517712,0.0,0.0,0.0,1.0,0.01831638492367832,0.1180431832619007,0.9928395222435119
1783095548050524477,46.888957536,0.04538881749305868,-0.9987728118825405,0.019817302814085,-4.604891245025948,0.9918361690491216,0.047422298205648486,0.11837288286958571,-0.8336678060580708,-0.11916739911797992,0.014282712527313769,0.9927714415263555,-0.1842015840051278,0.0,0.0,0.0,1.0,0.019817302814085003,0.11837288286958572,0.9927714415263557
1783095548051481266,46.889914325,0.04538881749305868,-0.9987728118825405,0.019817302814085,-4.604891245025948,0.9918361690491216,0.047422298205648486,0.11837288286958571,-0.8336678060580708,-0.11916739911797992,0.014282712527313769,0.9927714415263555,-0.1842015840051278,0.0,0.0,0.0,1.0,0.019817302814085003,0.11837288286958572,0.9927714415263557
1783095548061536551,46.89996961,0.04538881749305868,-0.9987728118825405,0.019817302814085,-4.604953277706374,0.9918361690491216,0.047422298205648486,0.11837288286958571,-0.8336786323997886,-0.11916739911797992,0.014282712527313769,0.9927714415263555,-0.18427926757404536,0.0,0.0,0.0,1.0,0.019817302814085003,0.11837288286958572,0.9927714415263557
1783095548071318428,46.909751487,0.04538881749305868,-0.9987728118825405,0.019817302814085,-4.604953277706374,0.9918361690491216,0.047422298205648486,0.11837288286958571,-0.8336786323997886,-0.11916739911797992,0.014282712527313769,0.9927714415263555,-0.18427926757404536,0.0,0.0,0.0,1.0,0.019817302814085003,0.11837288286958572,0.9927714415263557
1783095548081173956,46.919607015,0.04518360548412729,-0.9987467910525702,0.02152415289037517,-4.607670932484099,0.9918003541315966,0.04742683952798225,0.11867077330508378,-0.834152934962454,-0.11954287657528705,0.015985689055543553,0.9927003366603264,-0.1760818888520925,0.0,0.0,0.0,1.0,0.02152415289037517,0.11867077330508378,0.9927003366603264
1783095548091342803,46.929775862,0.04518360548412729,-0.9987467910525702,0.02152415289037517,-4.607670932484099,0.9918003541315966,0.04742683952798225,0.11867077330508378,-0.834152934962454,-0.11954287657528705,0.015985689055543553,0.9927003366603264,-0.1760818888520925,0.0,0.0,0.0,1.0,0.02152415289037517,0.11867077330508378,0.9927003366603264
1783095548101586015,46.940019074,0.04522051383275225,-0.9987384734042399,0.021830411605605574,-4.607875198309326,0.9920009530871475,0.047472046415579984,0.11696372892186684,-0.8337290956499006,-0.11785251038010516,0.01636662919740393,0.9928962278334137,-0.17628816354182772,0.0,0.0,0.0,1.0,0.021830411605605574,0.11696372892186684,0.9928962278334137
1783095548111866208,46.950299267,0.04522051383275225,-0.9987384734042399,0.021830411605605574,-4.607875198309326,0.9920009530871475,0.047472046415579984,0.11696372892186684,-0.8337290956499006,-0.11785251038010516,0.01636662919740393,0.9928962278334137,-0.17628816354182772,0.0,0.0,0.0,1.0,0.021830411605605574,0.11696372892186684,0.9928962278334137
1783095548122473529,46.960906588,0.04696357007349669,-0.9986580276626638,0.021830411605605574,-4.607937364459601,0.9919165879470173,0.049203340051658155,0.11696372892186684,-0.8337399452856337,-0.11788089599888028,0.016160913114031727,0.9928962278334137,-0.17636573708860723,0.0,0.0,0.0,1.0,0.021830411605605574,0.11696372892186684,0.9928962278334137
1783095548131959537,46.970392596,0.04696357007349669,-0.9986580276626638,0.021830411605605574,-4.607937364459601,0.9919165879470173,0.049203340051658155,0.11696372892186684,-0.8337399452856337,-0.11788089599888028,0.016160913114031727,0.9928962278334137,-0.17636573708860723,0.0,0.0,0.0,1.0,0.021830411605605574,0.11696372892186684,0.9928962278334137
1783095548141607785,46.980040844,0.04677235189078504,-0.9986330299847381,0.023332777848033285,-4.609240827564879,0.9918769068755353,0.049196660615214396,0.11730255833242562,-0.8422686834333958,-0.11829010400547157,0.017656726984707688,0.9928220844071521,-0.168240574396905,0.0,0.0,0.0,1.0,0.023332777848033285,0.11730255833242562,0.9928220844071521
1783095548151438166,46.989871225,0.04677235189078504,-0.9986330299847381,0.023332777848033285,-4.609240827564879,0.9918769068755353,0.049196660615214396,0.11730255833242562,-0.8422686834333958,-0.11829010400547157,0.017656726984707688,0.9928220844071521,-0.168240574396905,0.0,0.0,0.0,1.0,0.023332777848033285,0.11730255833242562,0.9928220844071521
1783095548160964311,46.99939737,0.04685279602873959,-0.9986146058337325,0.023951712252540506,-4.609402369444456,0.9922702276675128,0.049286743023321825,0.11388859577154892,-0.841377639205007,-0.11491131706212214,0.01843057182217114,0.993204764000534,-0.1683404537707777,0.0,0.0,0.0,1.0,0.023951712252540506,0.11388859577154892,0.993204764000534
1783095548171319489,47.009752548,0.04685279602873959,-0.9986146058337325,0.023951712252540506,-4.609402369444456,0.9922702276675128,0.049286743023321825,0.11388859577154892,-0.841377639205007,-0.11491131706212214,0.01843057182217114,0.993204764000534,-0.1683404537707777,0.0,0.0,0.0,1.0,0.023951712252540506,0.11388859577154892,0.993204764000534
1783095548181187262,47.019620321,0.050228657959561065,-0.9983919799065606,0.02627805886741645,-4.6122536860396846,0.9924396538398096,0.05284482253473275,0.11077435722039351,-0.8409605219851359,-0.11198488918555118,0.020515340346447603,0.99349811545094,-0.16022953378705,0.0,0.0,0.0,1.0,0.02627805886741645,0.11077435722039351,0.99349811545094
1783095548191820783,47.030253842,0.050228657959561065,-0.9983919799065606,0.02627805886741645,-4.6122536860396846,0.9924396538398096,0.05284482253473275,0.11077435722039351,-0.8409605219851359,-0.11198488918555118,0.020515340346447603,0.99349811545094,-0.16022953378705,0.0,0.0,0.0,1.0,0.02627805886741645,0.11077435722039351,0.99349811545094
1783095548201855641,47.0402887,0.052107424419251924,-0.9982708196969884,0.027206375390609095,-4.612558390061312,0.9928975365179151,0.0547062561991487,0.10564898252860029,-0.839633804263684,-0.10695465533134753,0.02150804673083756,0.9940312397650171,-0.16044603202695737,0.0,0.0,0.0,1.0,0.027206375390609095,0.10564898252860029,0.9940312397650171
1783095548211343340,47.049776399,0.052107424419251924,-0.9982708196969884,0.027206375390609095,-4.612558390061312,0.9928975365179151,0.0547062561991487,0.10564898252860029,-0.839633804263684,-0.10695465533134753,0.02150804673083756,0.9940312397650171,-0.16044603202695737,0.0,0.0,0.0,1.0,0.027206375390609095,0.10564898252860029,0.9940312397650171
1783095548221337119,47.059770178,0.05220966556868379,-0.9982533891341282,0.027646372337669513,-4.611373693835244,0.993246266621287,0.05478037474084416,0.10227885600713367,-0.8468132212518343,-0.1036146932827651,0.02211971124313225,0.9943715169444663,-0.16068954995866022,0.0,0.0,0.0,1.0,0.027646372337669513,0.10227885600713367,0.9943715169444663
1783095548231103708,47.069536767,0.05220966556868379,-0.9982533891341282,0.027646372337669513,-4.611373693835244,0.993246266621287,0.05478037474084416,0.10227885600713367,-0.8468132212518343,-0.1036146932827651,0.02211971124313225,0.9943715169444663,-0.16068954995866022,0.0,0.0,0.0,1.0,0.027646372337669513,0.10227885600713367,0.9943715169444663
1783095548241487319,47.079920378,0.05387415753039403,-0.9980975906550125,0.029979571028441277,-4.614212564244238,0.993459888698708,0.05660240752842974,0.09916459554062766,-0.8463976025513125,-0.10067285978425862,0.024441092255556702,0.9946193283423636,-0.15256233639192163,0.0,0.0,0.0,1.0,0.029979571028441277,0.09916459554062766,0.9946193283423636
1783095548251778836,47.090211895,0.05387415753039403,-0.9980975906550125,0.029979571028441277,-4.614212564244238,0.993459888698708,0.05660240752842974,0.09916459554062766,-0.8463976025513125,-0.10067285978425862,0.024441092255556702,0.9946193283423636,-0.15256233639192163,0.0,0.0,0.0,1.0,0.029979571028441277,0.09916459554062766,0.9946193283423636
1783095548261893044,47.100326103,0.05588581048089821,-0.9980189880608554,0.02889421493793098,-4.610395194178375,0.9937200990582323,0.0584082319094855,0.09544025970681673,-0.8447960385911857,-0.09693885141979966,0.0233790058641078,0.9950157190568479,-0.15589257637046508,0.0,0.0,0.0,1.0,0.02889421493793098,0.09544025970681673,0.9950157190568479
1783095548271267059,47.109700118,0.05588581048089821,-0.9980189880608554,0.02889421493793098,-4.610395194178375,0.9937200990582323,0.0584082319094855,0.09544025970681673,-0.8447960385911857,-0.09693885141979966,0.0233790058641078,0.9950157190568479,-0.15589257637046508,0.0,0.0,0.0,1.0,0.02889421493793098,0.09544025970681673,0.9950157190568479
1783095548281346612,47.119779671,0.05740362549099246,-0.9978075587632935,0.032937811938956486,-4.613936259618364,0.9938771038521445,0.06023518869486106,0.09262842156362146,-0.844504913275929,-0.09440935450983327,0.027418929915856878,0.9951558049186598,-0.1477266704901988,0.0,0.0,0.0,1.0,0.03293781193895649,0.09262842156362147,0.99515580491866
1783095548291104843,47.129537902,0.05740362549099246,-0.9978075587632935,0.032937811938956486,-4.613936259618364,0.9938771038521445,0.06023518869486106,0.09262842156362146,-0.844504913275929,-0.09440935450983327,0.027418929915856878,0.9951558049186598,-0.1477266704901988,0.0,0.0,0.0,1.0,0.03293781193895649,0.09262842156362147,0.99515580491866
1783095548301007934,47.139440993,0.055724765927218645,-0.9978976531599432,0.03309115108656878,-4.612600032126703,0.9941315588080006,0.05853128385254725,0.09097545049378607,-0.8521213080147565,-0.0927210561001732,0.0278273719285522,0.9953031915588427,-0.14784238046718381,0.0,0.0,0.0,1.0,0.033091151086568786,0.09097545049378608,0.9953031915588428
1783095548311073287,47.149506346,0.055724765927218645,-0.9978976531599432,0.03309115108656878,-4.612600032126703,0.9941315588080006,0.05853128385254725,0.09097545049378607,-0.8521213080147565,-0.0927210561001732,0.0278273719285522,0.9953031915588427,-0.14784238046718381,0.0,0.0,0.0,1.0,0.033091151086568786,0.09097545049378608,0.9953031915588428
1783095548321539952,47.159973011,0.055684289529297125,-0.9978195730450805,0.035431053438340694,-4.615417600397219,0.9944067391593502,0.05861366752971423,0.08786168159774775,-0.851705686631355,-0.08974684960534988,0.030340362997981124,0.9955023683342322,-0.1397001768263271,0.0,0.0,0.0,1.0,0.0354310534383407,0.08786168159774776,0.9955023683342323
1783095548331556122,47.169989181,0.055684289529297125,-0.9978195730450805,0.035431053438340694,-4.615417600397219,0.9944067391593502,0.05861366752971423,0.08786168159774775,-0.851705686631355,-0.08974684960534988,0.030340362997981124,0.9955023683342322,-0.1397001768263271,0.0,0.0,0.0,1.0,0.0354310534383407,0.08786168159774776,0.9955023683342323
1783095548341322957,47.179756016,0.05574466162289334,-0.9978049675113206,0.03574604188272375,-4.6156250923374,0.9945543355902254,0.05864937483296607,0.08615059135251274,-0.8512816333082786,-0.08805797101474978,0.030748945371094672,0.9956406460663059,-0.13989052951153633,0.0,0.0,0.0,1.0,0.03574604188272375,0.08615059135251274,0.9956406460663059
1783095548351610980,47.190044039,0.05574466162289334,-0.9978049675113206,0.03574604188272375,-4.6156250923374,0.9945543355902254,0.05864937483296607,0.08615059135251274,-0.8512816333082786,-0.08805797101474978,0.030748945371094672,0.9956406460663059,-0.13989052951153633,0.0,0.0,0.0,1.0,0.03574604188272375,0.08615059135251274,0.9956406460663059
1783095548361368391,47.19980145,0.05574466162289334,-0.9978049675113206,0.03574604188272375,-4.6156877323154974,0.9945543355902254,0.05864937483296607,0.08615059135251274,-0.8512929039237436,-0.08805797101474978,0.030748945371094672,0.9956406460663059,-0.13996766061010532,0.0,0.0,0.0,1.0,0.03574604188272375,0.08615059135251274,0.9956406460663059
1783095548371464366,47.209897425,0.05574466162289334,-0.9978049675113206,0.03574604188272375,-4.6156877323154974,0.9945543355902254,0.05864937483296607,0.08615059135251274,-0.8512929039237436,-0.08805797101474978,0.030748945371094672,0.9956406460663059,-0.13996766061010532,0.0,0.0,0.0,1.0,0.03574604188272375,0.08615059135251274,0.9956406460663059
1783095548381452719,47.219885778,0.05559305436801933,-0.9977506921940773,0.03745622154294517,-4.618390166045926,0.9945270573707358,0.05865914042114893,0.08645829863325515,-0.8517791443778425,-0.08846097706638587,0.03244474489484665,0.9955511006800046,-0.13182277453147828,0.0,0.0,0.0,1.0,0.03745622154294517,0.08645829863325515,0.9955511006800046
1783095548392014410,47.230447469,0.05559305436801933,-0.9977506921940773,0.03745622154294517,-4.618390166045926,0.9945270573707358,0.05865914042114893,0.08645829863325515,-0.8517791443778425,-0.08846097706638587,0.03244474489484665,0.9955511006800046,-0.13182277453147828,0.0,0.0,0.0,1.0,0.03745622154294517,0.08645829863325515,0.9955511006800046
1783095548401772016,47.240205075,0.05559305436801933,-0.9977506921940773,0.03745622154294517,-4.6185157107942,0.9945270573707358,0.05865914042114893,0.08645829863325515,-0.8518017332519833,-0.08846097706638587,0.03244474489484665,0.9955511006800046,-0.1319768143280512,0.0,0.0,0.0,1.0,0.03745622154294517,0.08645829863325515,0.9955511006800046
1783095548411789497,47.250222556,0.05559305436801933,-0.9977506921940773,0.03745622154294517,-4.6185157107942,0.9945270573707358,0.05865914042114893,0.08645829863325515,-0.8518017332519833,-0.08846097706638587,0.03244474489484665,0.9955511006800046,-0.1319768143280512,0.0,0.0,0.0,1.0,0.03745622154294517,0.08645829863325515,0.9955511006800046
1783095548421260687,47.259693746,0.055440755083023034,-0.9976935040108602,0.03916624478241231,-4.621141773823663,0.9944996546364294,0.05866943011220163,0.08676597776970019,-0.85227423256457,-0.08886371365099971,0.034140445586445994,0.9954585226775208,-0.12374979408229408,0.0,0.0,0.0,1.0,0.03916624478241231,0.08676597776970019,0.9954585226775208
1783095548431492255,47.269925314,0.055440755083023034,-0.9976935040108602,0.03916624478241231,-4.621141773823663,0.9944996546364294,0.05866943011220163,0.08676597776970019,-0.85227423256457,-0.08886371365099971,0.034140445586445994,0.9954585226775208,-0.12374979408229408,0.0,0.0,0.0,1.0,0.03916624478241231,0.08676597776970019,0.9954585226775208
1783095548441429048,47.279862107,0.055440755083023055,-0.9976935040108603,0.03916624478241227,-4.617888058091728,0.9944996546364294,0.05866943011220163,0.08676597776970017,-0.8516888016630861,-0.08886371365099971,0.034140445586445946,0.9954585226775209,-0.12698283207103742,0.0,0.0,0.0,1.0,0.03916624478241227,0.08676597776970017,0.9954585226775209
1783095548451955714,47.290388773,0.055440755083023055,-0.9976935040108603,0.03916624478241227,-4.617888058091728,0.9944996546364294,0.05866943011220163,0.08676597776970017,-0.8516888016630861,-0.08886371365099971,0.034140445586445946,0.9954585226775209,-0.12698283207103742,0.0,0.0,0.0,1.0,0.03916624478241227,0.08676597776970017,0.9954585226775209
1783095548461893583,47.300326642,0.0552877642318338,-0.9976334031358746,0.0408761063921065,-4.620505543696507,0.9944721274707796,0.05868024387478007,0.08707362782460538,-0.8521597576664602,-0.08926617954178792,0.0358360422805029,0.9953629123408624,-0.11875693248146155,0.0,0.0,0.0,1.0,0.0408761063921065,0.08707362782460538,0.9953629123408624
1783095548472208833,47.310641892,0.0552877642318338,-0.9976334031358746,0.0408761063921065,-4.620505543696507,0.9944721274707796,0.05868024387478007,0.08707362782460538,-0.8521597576664602,-0.08926617954178792,0.0358360422805029,0.9953629123408624,-0.11875693248146155,0.0,0.0,0.0,1.0,0.0408761063921065,0.08707362782460538,0.9953629123408624
1783095548481934180,47.320367239,0.0553573737632151,-0.9976165628326809,0.041191682800627565,-4.6206508137180915,0.9946183869380475,0.05871562773277866,0.08536240053268142,-0.8517244455675391,-0.0875775401275686,0.036244566790811034,0.9954981194574656,-0.11886913000228347,0.0,0.0,0.0,1.0,0.04119168280062757,0.08536240053268143,0.9954981194574657
1783095548491690730,47.330123789,0.0553573737632151,-0.9976165628326809,0.041191682800627565,-4.6206508137180915,0.9946183869380475,0.05871562773277866,0.08536240053268142,-0.8517244455675391,-0.0875775401275686,0.036244566790811034,0.9954981194574656,-0.11886913000228347,0.0,0.0,0.0,1.0,0.04119168280062757,0.08536240053268143,0.9954981194574657
1783095548501283099,47.339716158,0.055206592319755284,-0.9975528477429118,0.04290160981183925,-4.623254489991527,0.9945912573042246,0.05872709178972608,0.08567006235507724,-0.852192916901088,-0.08797990144596701,0.0379400138366877,0.9953994636785926,-0.11063837437941851,0.0,0.0,0.0,1.0,0.042901609811839256,0.08567006235507725,0.9953994636785927
1783095548511469168,47.349902227,0.055206592319755284,-0.9975528477429118,0.04290160981183925,-4.623254489991527,0.9945912573042246,0.05872709178972608,0.08567006235507724,-0.852192916901088,-0.08797990144596701,0.0379400138366877,0.9953994636785926,-0.11063837437941851,0.0,0.0,0.0,1.0,0.042901609811839256,0.08567006235507725,0.9953994636785927
1783095548521619107,47.360052166,0.05331409657426132,-0.9975807903329499,0.044611364753363705,-4.625844155793412,0.9946650074456,0.0570031510729001,0.08597769321751202,-0.8526588673742835,-0.08831268351553381,0.03978954041513217,0.9952977757454488,-0.10240290215193293,0.0,0.0,0.0,1.0,0.04461136475336371,0.08597769321751203,0.9952977757454489
1783095548531739785,47.370172844,0.05331409657426132,-0.9975807903329499,0.044611364753363705,-4.625844155793412,0.9946650074456,0.0570031510729001,0.08597769321751202,-0.8526588673742835,-0.08831268351553381,0.03978954041513217,0.9952977757454488,-0.10240290215193293,0.0,0.0,0.0,1.0,0.04461136475336371,0.08597769321751203,0.9952977757454489
1783095548541757970,47.380191029,0.053390074794943766,-0.9975625495920041,0.044927269724423735,-4.6260529438175615,0.9948094683793544,0.05703783304420381,0.08426628759122999,-0.8522349218961606,-0.08662344680383403,0.04019508991310176,0.9954299238071462,-0.10259076257824379,0.0,0.0,0.0,1.0,0.04492726972442374,0.08426628759123,0.9954299238071463
1783095548551654231,47.39008729,0.053390074794943766,-0.9975625495920041,0.044927269724423735,-4.6260529438175615,0.9948094683793544,0.05703783304420381,0.08426628759122999,-0.8522349218961606,-0.08662344680383403,0.04019508991310176,0.9954299238071462,-0.10259076257824379,0.0,0.0,0.0,1.0,0.04492726972442374,0.08426628759123,0.9954299238071463
1783095548561532444,47.399965503,0.05324093509078412,-0.9974920481510657,0.04663707437276705,-4.628628913375433,0.9947826341385521,0.057050518148104946,0.0845739273972574,-0.8526984080469814,-0.08702248931754787,0.04189095671412666,0.9953251901255955,-0.09435037046291439,0.0,0.0,0.0,1.0,0.04663707437276704,0.08457392739725739,0.9953251901255953
1783095548571384597,47.409817656,0.05324093509078412,-0.9974920481510657,0.04663707437276705,-4.628628913375433,0.9947826341385521,0.057050518148104946,0.0845739273972574,-0.8526984080469814,-0.08702248931754787,0.04189095671412666,0.9953251901255955,-0.09435037046291439,0.0,0.0,0.0,1.0,0.04663707437276704,0.08457392739725739,0.9953251901255953
1783095548581404211,47.41983727,0.05149990430448127,-0.9975834517225004,0.04663707437276705,-4.628628913375433,0.9948806908044082,0.055314210372623296,0.0845739273972574,-0.8526984080469814,-0.08694924336170308,0.04204277560146211,0.9953251901255955,-0.09435037046291439,0.0,0.0,0.0,1.0,0.04663707437276704,0.08457392739725739,0.9953251901255953
1783095548591528426,47.429961485,0.05149990430448127,-0.9975834517225004,0.04663707437276705,-4.628628913375433,0.9948806908044082,0.055314210372623296,0.0845739273972574,-0.8526984080469814,-0.08694924336170308,0.04204277560146211,0.9953251901255955,-0.09435037046291439,0.0,0.0,0.0,1.0,0.04663707437276704,0.08457392739725739,0.9953251901255953
1783095548601596780,47.440029839,0.05135020773510132,-0.9975097759430749,0.04834669651133138,-4.631190855565685,0.9948537563685874,0.05532746662532645,0.08488153436487071,-0.8531593702973919,-0.08734506056368209,0.043739208209799985,0.9952174245160235,-0.08610531042458541,0.0,0.0,0.0,1.0,0.04834669651133137,0.0848815343648707,0.9952174245160232
1783095548611411092,47.449844151,0.05135020773510132,-0.9975097759430749,0.04834669651133138,-4.631190855565685,0.9948537563685874,0.05532746662532645,0.08488153436487071,-0.8531593702973919,-0.08734506056368209,0.043739208209799985,0.9952174245160235,-0.08610531042458541,0.0,0.0,0.0,1.0,0.04834669651133137,0.0848815343648707,0.9952174245160232
1783095548621572829,47.460005888,0.04930799004634333,-0.9974412605937893,0.05176537242850859,-4.634448840447492,0.9948946190689614,0.0536192173019403,0.08549664603686781,-0.853745569333668,-0.08805350115251452,0.04728542271144239,0.9949927988351397,-0.07780831881459149,0.0,0.0,0.0,1.0,0.05176537242850857,0.0854966460368678,0.9949927988351395
1783095548631767211,47.47020027,0.04930799004634333,-0.9974412605937893,0.05176537242850859,-4.634448840447492,0.9948946190689614,0.0536192173019403,0.08549664603686781,-0.853745569333668,-0.08805350115251452,0.04728542271144239,0.9949927988351397,-0.07780831881459149,0.0,0.0,0.0,1.0,0.05176537242850857,0.0854966460368678,0.9949927988351395
1783095548641425591,47.47985865,0.047655283411209795,-0.997505105938835,0.05208202750422358,-4.631240918988296,0.9951305098845392,0.05191645266740933,0.08378514330935612,-0.8527068054288195,-0.08628002236864549,0.04783560983604245,0.9951218579509145,-0.08102843335729029,0.0,0.0,0.0,1.0,0.05208202750422358,0.08378514330935612,0.9951218579509145
1783095548651376177,47.489809236,0.047655283411209795,-0.997505105938835,0.05208202750422358,-4.631240918988296,0.9951305098845392,0.05191645266740933,0.08378514330935612,-0.8527068054288195,-0.08628002236864549,0.04783560983604245,0.9951218579509145,-0.08102843335729029,0.0,0.0,0.0,1.0,0.05208202750422358,0.08378514330935612,0.9951218579509145
1783095548661307583,47.499740642,0.04576584311158882,-0.9975028744071133,0.053791292546583755,-4.633780104894379,0.9951929051079976,0.05019463895353546,0.0840926860257656,-0.8531636732121489,-0.08658273053553585,0.049684140023461644,0.9950049834061837,-0.0727787916554491,0.0,0.0,0.0,1.0,0.053791292546583755,0.0840926860257656,0.9950049834061837
1783095548671526184,47.509959243,0.04576584311158882,-0.9975028744071133,0.053791292546583755,-4.633780104894379,0.9951929051079976,0.05019463895353546,0.0840926860257656,-0.8531636732121489,-0.08658273053553585,0.049684140023461644,0.9950049834061837,-0.0727787916554491,0.0,0.0,0.0,1.0,0.053791292546583755,0.0840926860257656,0.9950049834061837
1783095548681593019,47.520026078,0.04372633319093049,-0.9974041880711791,0.057209207333676924,-4.63701512988677,0.9952252923322461,0.04848948043088367,0.08470766075000571,-0.853745741147288,-0.08726182033324102,0.05323209469497555,0.9947621418241219,-0.06447347735490827,0.0,0.0,0.0,1.0,0.057209207333676924,0.08470766075000571,0.9947621418241219
1783095548691591389,47.530024448,0.04372633319093049,-0.9974041880711791,0.057209207333676924,-4.63701512988677,0.9952252923322461,0.04848948043088367,0.08470766075000571,-0.853745741147288,-0.08726182033324102,0.05323209469497555,0.9947621418241219,-0.06447347735490827,0.0,0.0,0.0,1.0,0.057209207333676924,0.08470766075000571,0.9947621418241219
1783095548701529970,47.539963029,0.041835410486997376,-0.9973858259337376,0.05891784666686595,-4.639462307109109,0.9952814067321024,0.04676917505434508,0.0850150908845198,-0.8541860540957437,-0.08754838572327625,0.055083196087481266,0.9946361755265272,-0.05613727337073077,0.0,0.0,0.0,1.0,0.05891784666686595,0.0850150908845198,0.9946361755265272
1783095548712449372,47.550882431,0.041835410486997376,-0.9973858259337376,0.05891784666686595,-4.639462307109109,0.9952814067321024,0.04676917505434508,0.0850150908845198,-0.8541860540957437,-0.08754838572327625,0.055083196087481266,0.9946361755265272,-0.05613727337073077,0.0,0.0,0.0,1.0,0.05891784666686595,0.0850150908845198,0.9946361755265272
1783095548721889339,47.560322398,0.039944038791156634,-0.9973609825495917,0.060626267019862005,-4.641959116429431,0.9953344314810658,0.045049346706749364,0.08532248161861225,-0.8546352971924538,-0.08782848782322236,0.05693528650150216,0.9945071793997659,-0.047872750952670656,0.0,0.0,0.0,1.0,0.060626267019862005,0.08532248161861225,0.9945071793997659
1783095548731801434,47.570234493,0.039944038791156634,-0.9973609825495917,0.060626267019862005,-4.641959116429431,0.9953344314810658,0.045049346706749364,0.08532248161861225,-0.8546352971924538,-0.08782848782322236,0.05693528650150216,0.9945071793997659,-0.047872750952670656,0.0,0.0,0.0,1.0,0.060626267019862005,0.08532248161861225,0.9945071793997659
1783095548741276794,47.579709853,0.03805224052267473,-0.9973296554751606,0.062334463188529705,-4.642732681485705,0.9953843694148052,0.043330001080265315,0.08562983201591924,-0.8547744823350909,-0.08810212322012938,0.05878834336993914,0.9943751538367817,-0.04789391417414257,0.0,0.0,0.0,1.0,0.06233446318852971,0.08562983201591925,0.9943751538367818
1783095548751262318,47.589695377,0.03805224052267473,-0.9973296554751606,0.062334463188529705,-4.642732681485705,0.9953843694148052,0.043330001080265315,0.08562983201591924,-0.8547744823350909,-0.08810212322012938,0.05878834336993914,0.9943751538367817,-0.04789391417414257,0.0,0.0,0.0,1.0,0.06233446318852971,0.08562983201591925,0.9943751538367818
1783095548761373008,47.599806067,0.036007924753072476,-0.9971862140698403,0.06575016215976663,-4.645860787589819,0.9954038540989608,0.0416301492204723,0.08624440805533837,-0.8553373126888602,-0.08873892381537866,0.062342482665833546,0.9941020160200605,-0.03949023440663274,0.0,0.0,0.0,1.0,0.06575016215976663,0.08624440805533837,0.9941020160200605
1783095548771555179,47.609988238,0.036007924753072476,-0.9971862140698403,0.06575016215976663,-4.645860787589819,0.9954038540989608,0.0416301492204723,0.08624440805533837,-0.8553373126888602,-0.08873892381537866,0.062342482665833546,0.9941020160200605,-0.03949023440663274,0.0,0.0,0.0,1.0,0.06575016215976663,0.08624440805533837,0.9941020160200605
1783095548781297650,47.619730709,0.03380789189013175,-0.9969123333342096,0.07087189917087613,-4.649747579903165,0.9953923086610882,0.039953093543890955,0.08716594618669601,-0.8560366510808248,-0.08972835841747048,0.0675984464497133,0.9936695988774594,-0.03109315061042245,0.0,0.0,0.0,1.0,0.07087189917087615,0.08716594618669603,0.9936695988774595
1783095548791603959,47.630037018,0.03380789189013175,-0.9969123333342096,0.07087189917087613,-4.649747579903165,0.9953923086610882,0.039953093543890955,0.08716594618669601,-0.8560366510808248,-0.08972835841747048,0.0675984464497133,0.9936695988774594,-0.03109315061042245,0.0,0.0,0.0,1.0,0.07087189917087615,0.08716594618669603,0.9936695988774595
1783095548802005477,47.640438536,0.03160331814556265,-0.996607518979319,0.07599133763841984,-4.653555083192568,0.9953769325937862,0.038280935557662044,0.0880870707482945,-0.8567217232465458,-0.09069725653169039,0.07285618084085997,0.9932099398268769,-0.022605861765980118,0.0,0.0,0.0,1.0,0.07599133763841985,0.08808707074829451,0.993209939826877
1783095548811374694,47.649807753,0.03160331814556265,-0.996607518979319,0.07599133763841984,-4.653555083192568,0.9953769325937862,0.038280935557662044,0.0880870707482945,-0.8567217232465458,-0.09069725653169039,0.07285618084085997,0.9932099398268769,-0.022605861765980118,0.0,0.0,0.0,1.0,0.07599133763841985,0.08808707074829451,0.993209939826877
1783095548821417351,47.65985041,0.029394363428857012,-0.9962717546099241,0.08110833721064321,-4.6574117957612895,0.9953577535076089,0.036613683472470286,0.0890077564870812,-0.8574156494840809,-0.09164558871488612,0.07811548597455495,0.9927230514700769,-0.014179846497027554,0.0,0.0,0.0,1.0,0.08110833721064323,0.08900775648708122,0.992723051470077
1783095548831377514,47.669810573,0.029394363428857012,-0.9962717546099241,0.08110833721064321,-4.6574117957612895,0.9953577535076089,0.036613683472470286,0.0890077564870812,-0.8574156494840809,-0.09164558871488612,0.07811548597455495,0.9927230514700769,-0.014179846497027554,0.0,0.0,0.0,1.0,0.08110833721064323,0.08900775648708122,0.992723051470077
1783095548841297323,47.679730382,0.027339900744708386,-0.9960467839986227,0.08451824603759074,-4.660480752854556,0.9953633557734224,0.034925839037120376,0.08962129072393661,-0.8579678373412106,-0.09221886906019129,0.08167612780705488,0.9923833384008949,-0.005736359722305406,0.0,0.0,0.0,1.0,0.08451824603759074,0.08962129072393661,0.9923833384008949
1783095548852202317,47.690635376,0.027339900744708386,-0.9960467839986227,0.08451824603759074,-4.660480752854556,0.9953633557734224,0.034925839037120376,0.08962129072393661,-0.8579678373412106,-0.09221886906019129,0.08167612780705488,0.9923833384008949,-0.005736359722305406,0.0,0.0,0.0,1.0,0.08451824603759074,0.08962129072393661,0.9923833384008949
1783095548861883287,47.700316346,0.02512009296055627,-0.9954738430149708,0.09165592617315065,-4.6650991128664785,0.995461673493825,0.033326852614898185,0.08913684703677878,-0.8583371726358012,-0.09178800321679437,0.08900083577017631,0.9917932313227811,0.0027581311607067227,0.0,0.0,0.0,1.0,0.09165592617315066,0.0891368470367788,0.9917932313227813
1783095548872028170,47.710461229,0.02512009296055627,-0.9954738430149708,0.09165592617315065,-4.6650991128664785,0.995461673493825,0.033326852614898185,0.08913684703677878,-0.8583371726358012,-0.09178800321679437,0.08900083577017631,0.9917932313227811,0.0027581311607067227,0.0,0.0,0.0,1.0,0.09165592617315066,0.0891368470367788,0.9917932313227813
1783095548881693245,47.720126304,0.022907736996601067,-0.995043561917513,0.09676541464905336,-4.668845596991049,0.9954328780222853,0.031674430649681486,0.09005618132748199,-0.8590112658139222,-0.09267481285637622,0.09426049188035882,0.991224666123936,0.011302600363549908,0.0,0.0,0.0,1.0,0.09676541464905337,0.090056181327482,0.9912246661239361
1783095548891451296,47.729884355,0.022907736996601067,-0.995043561917513,0.09676541464905336,-4.668845596991049,0.9954328780222853,0.031674430649681486,0.09005618132748199,-0.8590112658139222,-0.09267481285637622,0.09426049188035882,0.991224666123936,0.011302600363549908,0.0,0.0,0.0,1.0,0.09676541464905337,0.090056181327482,0.9912246661239361
1783095548901415977,47.739849036,0.02275944652071468,-0.9946774857398912,0.10049232287214413,-4.671953737650468,0.9955287061811913,0.03176633778892259,0.08895782682082347,-0.8591088143041352,-0.09167662059257135,0.09801836126792059,0.9909529747122601,0.019745522675977567,0.0,0.0,0.0,1.0,0.10049232287214413,0.08895782682082347,0.9909529747122601
1783095548911346364,47.749779423,0.02275944652071468,-0.9946774857398912,0.10049232287214413,-4.671953737650468,0.9955287061811913,0.03176633778892259,0.08895782682082347,-0.8591088143041352,-0.09167662059257135,0.09801836126792059,0.9909529747122601,0.019745522675977567,0.0,0.0,0.0,1.0,0.10049232287214413,0.08895782682082347,0.9909529747122601
1783095548922013059,47.760446118,0.020549170309300164,-0.9941966245292279,0.10559736442870576,-4.6757348466946915,0.9954973104744775,0.030122160829793344,0.08987636099122945,-0.8597891374358219,-0.09253559551697443,0.10327500763318077,0.9903390512146261,0.028239552600063333,0.0,0.0,0.0,1.0,0.10559736442870574,0.08987636099122943,0.9903390512146258
1783095548931986443,47.770419502,0.020549170309300164,-0.9941966245292279,0.10559736442870576,-4.6757348466946915,0.9954973104744775,0.030122160829793344,0.08987636099122945,-0.8597891374358219,-0.09253559551697443,0.10327500763318077,0.9903390512146261,0.028239552600063333,0.0,0.0,0.0,1.0,0.10559736442870574,0.08987636099122943,0.9903390512146258
1783095548941612057,47.780045116,0.020069663849114565,-0.9936512979100759,0.1106991723302631,-4.6794353350851825,0.9954110343758933,0.030220279743845915,0.09079431334019795,-0.8604549547452789,-0.09356324724857461,0.10836896628567351,0.9896979771175027,0.03682277101493031,0.0,0.0,0.0,1.0,0.1106991723302631,0.09079431334019795,0.9896979771175027
1783095548951305289,47.789738348,0.020069663849114565,-0.9936512979100759,0.1106991723302631,-4.6794353350851825,0.9954110343758933,0.030220279743845915,0.09079431334019795,-0.8604549547452789,-0.09356324724857461,0.10836896628567351,0.9896979771175027,0.03682277101493031,0.0,0.0,0.0,1.0,0.1106991723302631,0.09079431334019795,0.9896979771175027
1783095548961324104,47.799757163,0.017851589671890277,-0.9931123979826204,0.11579760670841159,-4.683120133431033,0.9953752144159811,0.02858590884566699,0.09171165870164417,-0.8611179489940465,-0.09439016512606657,0.11362486870697253,0.9890297699962307,0.04542005140896299,0.0,0.0,0.0,1.0,0.1157976067084116,0.09171165870164419,0.9890297699962308
1783095548971208285,47.809641344,0.017851589671890277,-0.9931123979826204,0.11579760670841159,-4.683120133431033,0.9953752144159811,0.02858590884566699,0.09171165870164417,-0.8611179489940465,-0.09439016512606657,0.11362486870697253,0.9890297699962307,0.04542005140896299,0.0,0.0,0.0,1.0,0.1157976067084116,0.09171165870164419,0.9890297699962308
1783095548981283758,47.819716817,0.017362562335581633,-0.9925137470858305,0.12089252778723336,-4.686854686803587,0.9952872252559155,0.028693622230318867,0.09262837192612408,-0.8617898955092489,-0.09540377702965257,0.11871452265391842,0.9883344481700151,0.05395672980542371,0.0,0.0,0.0,1.0,0.12089252778723339,0.0926283719261241,0.9883344481700154
1783095548991144895,47.829577954,0.017362562335581633,-0.9925137470858305,0.12089252778723336,-4.686854686803587,0.9952872252559155,0.028693622230318867,0.09262837192612408,-0.8617898955092489,-0.09540377702965257,0.11871452265391842,0.9883344481700151,0.05395672980542371,0.0,0.0,0.0,1.0,0.12089252778723339,0.0926283719261241,0.9883344481700154
1783095549001542017,47.839975076,0.017033645138365215,-0.9921000788633053,0.12428712102516304,-4.689803286636739,0.9952280442127193,0.02876805226059203,0.0932391504769196,-0.8623204278607676,-0.09607806693426993,0.12210582577647612,0.9878558459439408,0.06248087625222487,0.0,0.0,0.0,1.0,0.12428712102516304,0.0932391504769196,0.9878558459439408
1783095549011910391,47.85034345,0.017033645138365215,-0.9921000788633053,0.12428712102516304,-4.689803286636739,0.9952280442127193,0.02876805226059203,0.0932391504769196,-0.8623204278607676,-0.09607806693426993,0.12210582577647612,0.9878558459439408,0.06248087625222487,0.0,0.0,0.0,1.0,0.12428712102516304,0.0932391504769196,0.9878558459439408
1783095549021561072,47.859994131,0.016535930902377705,-0.9914577376935269,0.12937587625529653,-4.693441297635673,0.9951384920459472,0.02888362669949971,0.0941547542995176,-0.8629750038084479,-0.09708730420456826,0.12718997789259168,0.9871153756709353,0.07111651215709569,0.0,0.0,0.0,1.0,0.12937587625529653,0.0941547542995176,0.9871153756709353
1783095549031278351,47.86971141,0.016535930902377705,-0.9914577376935269,0.12937587625529653,-4.693441297635673,0.9951384920459472,0.02888362669949971,0.0941547542995176,-0.8629750038084479,-0.09708730420456826,0.12718997789259168,0.9871153756709353,0.07111651215709569,0.0,0.0,0.0,1.0,0.12937587625529653,0.0941547542995176,0.9871153756709353
1783095549041460537,47.879893596,0.016033022677708668,-0.9907892056271759,0.13446074593161378,-4.6970633868720135,0.9950480053410264,0.029003913584562627,0.09506965900656263,-0.8636267150031516,-0.098093879781875,0.13227064303710453,0.9863478431769849,0.07976607943445024,0.0,0.0,0.0,1.0,0.13446074593161378,0.09506965900656263,0.9863478431769849
1783095549051194301,47.88962736,0.016033022677708668,-0.9907892056271759,0.13446074593161378,-4.6970633868720135,0.9950480053410264,0.029003913584562627,0.09506965900656263,-0.8636267150031516,-0.098093879781875,0.13227064303710453,0.9863478431769849,0.07976607943445024,0.0,0.0,0.0,1.0,0.13446074593161378,0.09506965900656263,0.9863478431769849
1783095549061487836,47.899920895,0.01569487178143548,-0.9903289761062327,0.13784843156215126,-4.700032213196189,0.9949871629072207,0.0290867212437231,0.09567919469315121,-0.8641608866439783,-0.09876343781787006,0.13565574713837514,0.9858211306412158,0.08824411633120433,0.0,0.0,0.0,1.0,0.13784843156215126,0.09567919469315121,0.9858211306412158
1783095549071773067,47.910206126,0.01569487178143548,-0.9903289761062327,0.13784843156215126,-4.700032213196189,0.9949871629072207,0.0290867212437231,0.09567919469315121,-0.8641608866439783,-0.09876343781787006,0.13565574713837514,0.9858211306412158,0.08824411633120433,0.0,0.0,0.0,1.0,0.13784843156215126,0.09567919469315121,0.9858211306412158
1783095549081672504,47.920105563,0.015183337617911323,-0.989616833629094,0.14292651558303068,-4.703622981780536,0.9948951241640839,0.0292148548136856,0.09659287847842324,-0.8648069624116679,-0.09976551595272133,0.1407302911818956,0.9850085415723795,0.09691782082811629,0.0,0.0,0.0,1.0,0.1429265155830307,0.09659287847842325,0.9850085415723796
1783095549091833947,47.930267006,0.015183337617911323,-0.989616833629094,0.14292651558303068,-4.703622981780536,0.9948951241640839,0.0292148548136856,0.09659287847842324,-0.8648069624116679,-0.09976551595272133,0.1407302911818956,0.9850085415723795,0.09691782082811629,0.0,0.0,0.0,1.0,0.1429265155830307,0.09659287847842325,0.9850085415723796
1783095549101719570,47.940152629,0.01449327265591653,-0.9886266509169662,0.1496906481528631,-4.709352579180599,0.9947709629324134,0.02939301529405738,0.09780992770901396,-0.8658378709628162,-0.10109736076792751,0.1474903242542584,0.9838830864981537,0.11406547476153839,0.0,0.0,0.0,1.0,0.1496906481528631,0.09780992770901396,0.9838830864981537
1783095549111793105,47.950226164,0.01449327265591653,-0.9886266509169662,0.1496906481528631,-4.709352579180599,0.9947709629324134,0.02939301529405738,0.09780992770901396,-0.8658378709628162,-0.10109736076792751,0.1474903242542584,0.9838830864981537,0.11406547476153839,0.0,0.0,0.0,1.0,0.1496906481528631,0.09780992770901396,0.9838830864981537
1783095549121594392,47.960027451,0.014144812736038041,-0.9881141476331539,0.15306977337106198,-4.712194662603732,0.9947082656282134,0.02948522840797842,0.09841792314736778,-0.8663492381496193,-0.10176143947278984,0.1508676656972434,0.9833023730691851,0.12265063079270838,0.0,0.0,0.0,1.0,0.15306977337106195,0.09841792314736775,0.9833023730691849
1783095549131877821,47.97031088,0.014144812736038041,-0.9881141476331539,0.15306977337106198,-4.712194662603732,0.9947082656282134,0.02948522840797842,0.09841792314736778,-0.8663492381496193,-0.10176143947278984,0.1508676656972434,0.9833023730691851,0.12265063079270838,0.0,0.0,0.0,1.0,0.15306977337106195,0.09841792314736775,0.9833023730691849
1783095549141273965,47.979707024,0.013888295802616031,-0.9872671463907111,0.15846355068987114,-4.71580847787134,0.9947816887935332,0.029662607704289443,0.09761926728503635,-0.8665377147410918,-0.10107673758479235,0.15628087330740043,0.9825272422469981,0.1313373597781345,0.0,0.0,0.0,1.0,0.15846355068987117,0.09761926728503637,0.9825272422469982
1783095549151547578,47.989980637,0.013888295802616031,-0.9872671463907111,0.15846355068987114,-4.71580847787134,0.9947816887935332,0.029662607704289443,0.09761926728503635,-0.8665377147410918,-0.10107673758479235,0.15628087330740043,0.9825272422469981,0.1313373597781345,0.0,0.0,0.0,1.0,0.15846355068987117,0.09761926728503637,0.9825272422469982
1783095549161400344,47.999833403,0.011817732949500183,-0.9867465803498465,0.16183796636085762,-4.7155346156219204,0.9947694312068234,0.028024097917389145,0.09822641534928091,-0.8664884395625669,-0.10145994246197443,0.15983064819927487,0.9819165157852335,0.13653602805409626,0.0,0.0,0.0,1.0,0.16183796636085762,0.09822641534928091,0.9819165157852335
1783095549171542786,48.009975845,0.011817732949500183,-0.9867465803498465,0.16183796636085762,-4.7155346156219204,0.9947694312068234,0.028024097917389145,0.09822641534928091,-0.8664884395625669,-0.10145994246197443,0.15983064819927487,0.9819165157852335,0.13653602805409626,0.0,0.0,0.0,1.0,0.16183796636085762,0.09822641534928091,0.9819165157852335
1783095549181376262,48.019809321,0.011468043177559888,-0.9861916917489937,0.16521026333413757,-4.718336634108854,0.9947065126191861,0.02812393728892113,0.09883318220286959,-0.8669925979906311,-0.10211482624307995,0.16320230168911928,0.9812938250008094,0.14514068120056067,0.0,0.0,0.0,1.0,0.1652102633341376,0.0988331822028696,0.9812938250008095
1783095549191245971,48.02967903,0.011468043177559888,-0.9861916917489937,0.16521026333413757,-4.718336634108854,0.9947065126191861,0.02812393728892113,0.09883318220286959,-0.8669925979906311,-0.10211482624307995,0.16320230168911928,0.9812938250008094,0.14514068120056067,0.0,0.0,0.0,1.0,0.1652102633341376,0.0988331822028696,0.9812938250008095
1783095549201484233,48.039917292,0.011404502245014157,-0.9855654992719621,0.16890998778447433,-4.721209439342361,0.9948116770131258,0.028260752224837732,0.0977295101902093,-0.8670476920190027,-0.10109235681729535,0.16691907179377127,0.9807743669492133,0.15372270852048953,0.0,0.0,0.0,1.0,0.16890998778447436,0.09772951019020933,0.9807743669492135
1783095549211633741,48.0500668,0.011404502245014157,-0.9855654992719621,0.16890998778447433,-4.721209439342361,0.9948116770131258,0.028260752224837732,0.0977295101902093,-0.8670476920190027,-0.10109235681729535,0.16691907179377127,0.9807743669492133,0.15372270852048953,0.0,0.0,0.0,1.0,0.16890998778447436,0.09772951019020933,0.9807743669492135
1783095549221317008,48.059750067,0.011522408991735808,-0.9852168918214924,0.17092369689608433,-4.72206189922297,0.9949464646077357,0.028346995891400627,0.09632227358456785,-0.8667392180859136,-0.09974350432782371,0.1689500633131882,0.9805646890699637,0.15375376797164542,0.0,0.0,0.0,1.0,0.17092369689608436,0.09632227358456788,0.980564689069964
1783095549231537342,48.069970401,0.011522408991735808,-0.9852168918214924,0.17092369689608433,-4.72206189922297,0.9949464646077357,0.028346995891400627,0.09632227358456785,-0.8667392180859136,-0.09974350432782371,0.1689500633131882,0.9805646890699637,0.15375376797164542,0.0,0.0,0.0,1.0,0.17092369689608436,0.09632227358456788,0.980564689069964
1783095549241993443,48.080426502,0.011306912725491235,-0.9842709020044746,0.17630355978231343,-4.7269766157183835,0.9950182395812723,0.028540098365114848,0.09552049877327555,-0.867161601157864,-0.09904976842579637,0.17434521574338427,0.9796902005849546,0.17083831894947898,0.0,0.0,0.0,1.0,0.17630355978231346,0.09552049877327558,0.9796902005849548
1783095549252116885,48.090549944,0.011306912725491235,-0.9842709020044746,0.17630355978231343,-4.7269766157183835,0.9950182395812723,0.028540098365114848,0.09552049877327555,-0.867161601157864,-0.09904976842579637,0.17434521574338427,0.9796902005849546,0.17083831894947898,0.0,0.0,0.0,1.0,0.17630355978231346,0.09552049877327558,0.9796902005849548
1783095549262333405,48.100766464,0.011910664625619244,-0.984145871105257,0.17696056186238474,-4.7240801732630615,0.995338893144802,0.028606502468152863,0.09209862002125835,-0.865716489547728,-0.09570069937809537,0.17503877399883264,0.9798993844959436,0.16736312288656313,0.0,0.0,0.0,1.0,0.17696056186238474,0.09209862002125835,0.9798993844959436
1783095549271964962,48.110398021,0.011910664625619244,-0.984145871105257,0.17696056186238474,-4.7240801732630615,0.995338893144802,0.028606502468152863,0.09209862002125835,-0.865716489547728,-0.09570069937809537,0.17503877399883264,0.9798993844959436,0.16736312288656313,0.0,0.0,0.0,1.0,0.17696056186238474,0.09209862002125835,0.9798993844959436
1783095549282015714,48.120448773,0.014074629610524993,-0.9836940018638686,0.1792986767892433,-4.726299986230578,0.9955676037109175,0.030462694431883236,0.08897848441759057,-0.8651917381494827,-0.09298952221959329,0.17725161478812176,0.9797626313614819,0.17580076577207482,0.0,0.0,0.0,1.0,0.1792986767892433,0.08897848441759057,0.9797626313614819
1783095549294789423,48.133222482,0.014074629610524993,-0.9836940018638686,0.1792986767892433,-4.726299986230578,0.9955676037109175,0.030462694431883236,0.08897848441759057,-0.8651917381494827,-0.09298952221959329,0.17725161478812176,0.9797626313614819,0.17580076577207482,0.0,0.0,0.0,1.0,0.1792986767892433,0.08897848441759057,0.9797626313614819
1783095549302975545,48.141408604,0.014379283823977893,-0.9829486613275873,0.18331711701587888,-4.729203378945387,0.9958101674412994,0.03063602384371902,0.08615999340516646,-0.8647898007445974,-0.09030695774546242,0.1813101299909937,0.9792707951049129,0.18438636330235225,0.0,0.0,0.0,1.0,0.18331711701587888,0.08615999340516646,0.9792707951049129
1783095549312712849,48.151145908,0.014379283823977893,-0.9829486613275873,0.18331711701587888,-4.729203378945387,0.9958101674412994,0.03063602384371902,0.08615999340516646,-0.8647898007445974,-0.09030695774546242,0.1813101299909937,0.9792707951049129,0.18438636330235225,0.0,0.0,0.0,1.0,0.18331711701587888,0.08615999340516646,0.9792707951049129
1783095549322831528,48.161264587,0.015006771589065757,-0.9828175724175879,0.18396851946371906,-4.727638360546784,0.9960987155158109,0.030696304624755196,0.08273503387402537,-0.8635837069838421,-0.08696059886078006,0.18200922017739488,0.9794439739036589,0.1892647563467424,0.0,0.0,0.0,1.0,0.18396851946371906,0.08273503387402537,0.9794439739036589
1783095549332952898,48.171385957,0.015006771589065757,-0.9828175724175879,0.18396851946371906,-4.727638360546784,0.9960987155158109,0.030696304624755196,0.08273503387402537,-0.8635837069838421,-0.08696059886078006,0.18200922017739488,0.9794439739036589,0.1892647563467424,0.0,0.0,0.0,1.0,0.18396851946371906,0.08273503387402537,0.9794439739036589
1783095549342677763,48.181110822,0.01720710136120961,-0.9823421956571764,0.1863000974078724,-4.729819047514042,0.9962943725198952,0.03254977791411137,0.07961177829272748,-0.863051408435189,-0.0842700358842538,0.18423985070874252,0.9792620887499356,0.19771721183565477,0.0,0.0,0.0,1.0,0.18630009740787243,0.07961177829272749,0.9792620887499357
1783095549352695041,48.1911281,0.01720710136120961,-0.9823421956571764,0.1863000974078724,-4.729819047514042,0.9962943725198952,0.03254977791411137,0.07961177829272748,-0.863051408435189,-0.0842700358842538,0.18423985070874252,0.9792620887499356,0.19771721183565477,0.0,0.0,0.0,1.0,0.18630009740787243,0.07961177829272749,0.9792620887499357
1783095549363203871,48.20163693,0.019278489268421496,-0.981534577835854,0.19031083091647577,-4.7326827300021685,0.9964515863926736,0.03446039203449594,0.0767900863155713,-0.8626418525560684,-0.08193031079552551,0.18815513251947438,0.9787160314818225,0.2063213073965191,0.0,0.0,0.0,1.0,0.19031083091647577,0.0767900863155713,0.9787160314818225
1783095549372436817,48.210869876,0.019278489268421496,-0.981534577835854,0.19031083091647577,-4.7326827300021685,0.9964515863926736,0.03446039203449594,0.0767900863155713,-0.8626418525560684,-0.08193031079552551,0.18815513251947438,0.9787160314818225,0.2063213073965191,0.0,0.0,0.0,1.0,0.19031083091647577,0.0767900863155713,0.9787160314818225
1783095549382127067,48.220560126,0.020123238892711334,-0.981000403279208,0.19295922891247744,-4.7349171294203805,0.9968078796253041,0.034599929676127475,0.07195064963787515,-0.8616564168953976,-0.07725999206168804,0.19089539971523162,0.9785651945548595,0.21477164354944556,0.0,0.0,0.0,1.0,0.19295922891247744,0.07195064963787515,0.9785651945548595
1783095549392944047,48.231377106,0.020123238892711334,-0.981000403279208,0.19295922891247744,-4.7349171294203805,0.9968078796253041,0.034599929676127475,0.07195064963787515,-0.8616564168953976,-0.07725999206168804,0.19089539971523162,0.9785651945548595,0.21477164354944556,0.0,0.0,0.0,1.0,0.19295922891247744,0.07195064963787515,0.9785651945548595
1783095549402570849,48.241003908,0.024206882449314304,-0.980781607998243,0.19360130230570774,-4.733248106052728,0.9969206640246893,0.038131035324740985,0.06852163005676311,-0.8604309882735413,-0.07458697260686764,0.19134644380663113,0.9786844853985877,0.21972417764948787,0.0,0.0,0.0,1.0,0.19360130230570774,0.06852163005676311,0.9786844853985877
1783095549412048067,48.250481126,0.024206882449314304,-0.980781607998243,0.19360130230570774,-4.733248106052728,0.9969206640246893,0.038131035324740985,0.06852163005676311,-0.8604309882735413,-0.07458697260686764,0.19134644380663113,0.9786844853985877,0.21972417764948787,0.0,0.0,0.0,1.0,0.19360130230570774,0.06852163005676311,0.9786844853985877
1783095549422919312,48.261352371,0.0288665558825783,-0.9800452344390886,0.19666738520840124,-4.737100179608537,0.9972265787073594,0.0417381058593833,0.06162046120312529,-0.8507385675519611,-0.06859936348897805,0.1943431732078661,0.9785319914833673,0.22810190200236985,0.0,0.0,0.0,1.0,0.19666738520840119,0.061620461203125275,0.9785319914833671
1783095549437121950,48.275555009,0.0288665558825783,-0.9800452344390886,0.19666738520840124,-4.737100179608537,0.9972265787073594,0.0417381058593833,0.06162046120312529,-0.8507385675519611,-0.06859936348897805,0.1943431732078661,0.9785319914833673,0.22810190200236985,0.0,0.0,0.0,1.0,0.19666738520840119,0.061620461203125275,0.9785319914833671
1783095549442678653,48.281111712,0.031474984116694575,-0.9794346514033289,0.1992914674673597,-4.739291370268942,0.997434542228202,0.04360495530879978,0.05677095949985882,-0.8497411591348398,-0.06429354045991609,0.196993328574745,0.9782944184406716,0.23657713879592462,0.0,0.0,0.0,1.0,0.1992914674673597,0.05677095949985882,0.9782944184406716
1783095549453086621,48.29151968,0.031474984116694575,-0.9794346514033289,0.1992914674673597,-4.739291370268942,0.997434542228202,0.04360495530879978,0.05677095949985882,-0.8497411591348398,-0.06429354045991609,0.196993328574745,0.9782944184406716,0.23657713879592462,0.0,0.0,0.0,1.0,0.1992914674673597,0.05677095949985882,0.9782944184406716
1783095549462963702,48.301396761,0.03581102793445004,-0.9787491957532056,0.2019098365378248,-4.741466611204936,0.9975347756680124,0.04720910703892676,0.05191985694852563,-0.8487407574526298,-0.06034850131731734,0.19955278004838786,0.9780269660718532,0.245062831656152,0.0,0.0,0.0,1.0,0.20190983653782474,0.05191985694852562,0.978026966071853
1783095549472581543,48.311014602,0.03581102793445004,-0.9787491957532056,0.2019098365378248,-4.741466611204936,0.9975347756680124,0.04720910703892676,0.05191985694852563,-0.8487407574526298,-0.06034850131731734,0.19955278004838786,0.9780269660718532,0.245062831656152,0.0,0.0,0.0,1.0,0.20190983653782474,0.05191985694852562,0.978026966071853
1783095549482439860,48.320872919,0.04026058580727033,-0.9783834678688933,0.202841995235932,-4.739838517817877,0.9976158519167847,0.050748102873715034,0.04676795974881743,-0.847062770371301,-0.05605084508554351,0.2004754844252965,0.9780940051496273,0.2500158543240147,0.0,0.0,0.0,1.0,0.202841995235932,0.04676795974881743,0.9780940051496273
1783095549492585910,48.331018969,0.04026058580727033,-0.9783834678688933,0.202841995235932,-4.739838517817877,0.9976158519167847,0.050748102873715034,0.04676795974881743,-0.847062770371301,-0.05605084508554351,0.2004754844252965,0.9780940051496273,0.2500158543240147,0.0,0.0,0.0,1.0,0.202841995235932,0.04676795974881743,0.9780940051496273
1783095549502914751,48.34134781,0.044886069513093436,-0.9772181827472052,0.20743640970648275,-4.742765193462933,0.9976964943803993,0.0544227286177085,0.040495329494466444,-0.8457333318236936,-0.0508620277292195,0.2051409025963698,0.9774099775514974,0.25866615072783083,0.0,0.0,0.0,1.0,0.20743640970648278,0.04049532949446645,0.9774099775514975
1783095549514439430,48.352872489,0.044886069513093436,-0.9772181827472052,0.20743640970648275,-4.742765193462933,0.9976964943803993,0.0544227286177085,0.040495329494466444,-0.8457333318236936,-0.0508620277292195,0.2051409025963698,0.9774099775514974,0.25866615072783083,0.0,0.0,0.0,1.0,0.20743640970648278,0.04049532949446645,0.9774099775514975
1783095549521656082,48.360089141,0.049276304217559595,-0.9764513611412675,0.21003472371973197,-4.744965940106469,0.9976794172078399,0.05801368571061535,0.03563976360884811,-0.8447372408062154,-0.04698538413680519,0.20779112492028032,0.9770441249410802,0.2671078615494336,0.0,0.0,0.0,1.0,0.210034723719732,0.035639763608848116,0.9770441249410803
1783095549531313831,48.36974689,0.049276304217559595,-0.9764513611412675,0.21003472371973197,-4.744965940106469,0.9976794172078399,0.05801368571061535,0.03563976360884811,-0.8447372408062154,-0.04698538413680519,0.20779112492028032,0.9770441249410802,0.2671078615494336,0.0,0.0,0.0,1.0,0.210034723719732,0.035639763608848116,0.9770441249410803
1783095549541463774,48.379896833,0.05372117541234366,-0.9756440167924872,0.21268001271707934,-4.745468326393663,0.9976398439833084,0.061561797404081124,0.0304119515542662,-0.8348966728238046,-0.04276420242768905,0.21054428892135674,0.976648516813149,0.27222910176806836,0.0,0.0,0.0,1.0,0.21268001271707937,0.030411951554266202,0.9766485168131491
1783095549551361856,48.389794915,0.05372117541234366,-0.9756440167924872,0.21268001271707934,-4.745468326393663,0.9976398439833084,0.061561797404081124,0.0304119515542662,-0.8348966728238046,-0.04276420242768905,0.21054428892135674,0.976648516813149,0.27222910176806836,0.0,0.0,0.0,1.0,0.21268001271707937,0.030411951554266202,0.9766485168131491
1783095549561288277,48.399721336,0.058510589421506186,-0.9747371721077078,0.21555499585260512,-4.747650462597122,0.997590746204342,0.06515228957347853,0.023830280124201755,-0.8334313133104277,-0.037272161367597825,0.21364134542452748,0.9762008817411433,0.28076395291277323,0.0,0.0,0.0,1.0,0.21555499585260512,0.023830280124201755,0.9762008817411433
1783095549571477119,48.409910178,0.058510589421506186,-0.9747371721077078,0.21555499585260512,-4.747650462597122,0.997590746204342,0.06515228957347853,0.023830280124201755,-0.8334313133104277,-0.037272161367597825,0.21364134542452748,0.9762008817411433,0.28076395291277323,0.0,0.0,0.0,1.0,0.21555499585260512,0.023830280124201755,0.9762008817411433
1783095549585781384,48.424214443,0.06125448415683144,-0.9739970428839246,0.21812301259621977,-4.748579087638285,0.9975736986490796,0.0669848197965133,0.018967068313893363,-0.8322075727081866,-0.033084799142139895,0.21643196245055574,0.9757369531259568,0.280943441941368,0.0,0.0,0.0,1.0,0.21812301259621977,0.018967068313893363,0.9757369531259568
1783095549591357151,48.42979021,0.06125448415683144,-0.9739970428839246,0.21812301259621977,-4.748579087638285,0.9975736986490796,0.0669848197965133,0.018967068313893363,-0.8322075727081866,-0.033084799142139895,0.21643196245055574,0.9757369531259568,0.280943441941368,0.0,0.0,0.0,1.0,0.21812301259621977,0.018967068313893363,0.9757369531259568
1783095549601749755,48.440182814,0.06401684216449721,-0.9732422054691209,0.22068405790379936,-4.750664714119325,0.9975299317466078,0.06881232520438792,0.014103161687145241,-0.831187980402798,-0.028911575344385047,0.21923611334259496,0.9752433785561114,0.2894932657338063,0.0,0.0,0.0,1.0,0.22068405790379936,0.014103161687145241,0.9752433785561114
1783095549611525676,48.449958735,0.06401684216449721,-0.9732422054691209,0.22068405790379936,-4.750664714119325,0.9975299317466078,0.06881232520438792,0.014103161687145241,-0.831187980402798,-0.028911575344385047,0.21923611334259496,0.9752433785561114,0.2894932657338063,0.0,0.0,0.0,1.0,0.22068405790379936,0.014103161687145241,0.9752433785561114
1783095549621407702,48.459840761,0.06675465916230093,-0.972089481964401,0.22491299325363018,-4.7534292516023235,0.997451902530549,0.07070222396235136,0.009534026692089206,-0.8302882749121601,-0.025169775889208754,0.22370345232239933,0.9743322060779511,0.298214357934646,0.0,0.0,0.0,1.0,0.2249129932536302,0.009534026692089208,0.9743322060779512
1783095549631379216,48.469812275,0.06675465916230093,-0.972089481964401,0.22491299325363018,-4.7534292516023235,0.997451902530549,0.07070222396235136,0.009534026692089206,-0.8302882749121601,-0.025169775889208754,0.22370345232239933,0.9743322060779511,0.298214357934646,0.0,0.0,0.0,1.0,0.2249129932536302,0.009534026692089208,0.9743322060779512
1783095549641505385,48.479938444,0.06956075973541609,-0.9713000909785735,0.22745864232876803,-4.75242000254316,0.9973560193601874,0.07252014832449473,0.004668911328686155,-0.8287233703203715,-0.021030248477694188,0.2265324730629319,0.9737765489561547,0.3033665446021862,0.0,0.0,0.0,1.0,0.22745864232876803,0.004668911328686155,0.9737765489561547
1783095549652086032,48.490519091,0.06956075973541609,-0.9713000909785735,0.22745864232876803,-4.75242000254316,0.9973560193601874,0.07252014832449473,0.004668911328686155,-0.8287233703203715,-0.021030248477694188,0.2265324730629319,0.9737765489561547,0.3033665446021862,0.0,0.0,0.0,1.0,0.22745864232876803,0.004668911328686155,0.9737765489561547
1783095549661802241,48.5002353,0.07240292192097608,-0.9700965416519176,0.23166898103176056,-4.756593806840253,0.9972317830506101,0.07435507535061672,-0.00030601193613551776,-0.8195185800494292,-0.016928903420067882,0.23104982719013953,0.9727946286778114,0.31210742986720186,0.0,0.0,0.0,1.0,0.23166898103176056,-0.00030601193613551776,0.9727946286778114
1783095549671802808,48.510235867,0.07240292192097608,-0.9700965416519176,0.23166898103176056,-4.756593806840253,0.9972317830506101,0.07435507535061672,-0.00030601193613551776,-0.8195185800494292,-0.016928903420067882,0.23104982719013953,0.9727946286778114,0.31210742986720186,0.0,0.0,0.0,1.0,0.23166898103176056,-0.00030601193613551776,0.9727946286778114
1783095549681436020,48.519869079,0.0731152714947296,-0.9686933468129131,0.23724956673226857,-4.7599998003129205,0.9972120692670792,0.07456432425197426,-0.0028723608611029563,-0.8191889953628257,-0.01490791676666907,0.23679814481799408,0.9714444876720615,0.3209393273628152,0.0,0.0,0.0,1.0,0.23724956673226863,-0.0028723608611029568,0.9714444876720617
1783095549691643597,48.530076656,0.0731152714947296,-0.9686933468129131,0.23724956673226857,-4.7599998003129205,0.9972120692670792,0.07456432425197426,-0.0028723608611029563,-0.8191889953628257,-0.01490791676666907,0.23679814481799408,0.9714444876720615,0.3209393273628152,0.0,0.0,0.0,1.0,0.23724956673226863,-0.0028723608611029568,0.9714444876720617
1783095549701395415,48.539828474,0.07387872026625683,-0.9676714432969942,0.241151223341977,-4.762626212150435,0.9971892784328017,0.07470405923127578,-0.005731187751076853,-0.8187234938982662,-0.012469068549343102,0.24089682721422875,0.9704706285960588,0.32968672006088434,0.0,0.0,0.0,1.0,0.24115122334197706,-0.005731187751076854,0.970470628596059
1783095549711496598,48.549929657,0.07387872026625683,-0.9676714432969942,0.241151223341977,-4.762626212150435,0.9971892784328017,0.07470405923127578,-0.005731187751076853,-0.8187234938982662,-0.012469068549343102,0.24089682721422875,0.9704706285960588,0.32968672006088434,0.0,0.0,0.0,1.0,0.24115122334197706,-0.005731187751076854,0.970470628596059
1783095549730239363,48.568672422,0.07297655125267245,-0.9667610248893577,0.2450460032772308,-4.762190825670224,0.9972873696927331,0.07310337400284987,-0.008590632150722704,-0.8177237798026904,-0.00960860128299885,0.24500819876950652,0.9694733917530208,0.3350083375413889,0.0,0.0,0.0,1.0,0.24504600327723083,-0.008590632150722706,0.9694733917530209
1783095549731001533,48.569434592,0.07297655125267245,-0.9667610248893577,0.2450460032772308,-4.762190825670224,0.9972873696927331,0.07310337400284987,-0.008590632150722704,-0.8177237798026904,-0.00960860128299885,0.24500819876950652,0.9694733917530208,0.3350083375413889,0.0,0.0,0.0,1.0,0.24504600327723083,-0.008590632150722706,0.9694733917530209
1783095549741546694,48.579979753,0.07208743172352469,-0.9654034432360027,0.25059847161460586,-4.765481096355554,0.9973725936512134,0.07157765503849994,-0.011160140350420407,-0.8173744546465878,-0.00716321303311267,0.25074455345482527,0.9680267854206218,0.3439469015308557,0.0,0.0,0.0,1.0,0.25059847161460586,-0.011160140350420407,0.9680267854206218
1783095549751462133,48.589895192,0.07208743172352469,-0.9654034432360027,0.25059847161460586,-4.765481096355554,0.9973725936512134,0.07157765503849994,-0.011160140350420407,-0.8173744546465878,-0.00716321303311267,0.25074455345482527,0.9680267854206218,0.3439469015308557,0.0,0.0,0.0,1.0,0.25059847161460586,-0.011160140350420407,0.9680267854206218
1783095549761305819,48.599738878,0.07297329076789391,-0.9638879557339521,0.25611502811339876,-4.770171653591503,0.9973227878743016,0.07173730173849371,-0.014178022637562121,-0.8086978119941681,-0.004706975795064235,0.25646397082300454,0.9665423301897138,0.35290132094558774,0.0,0.0,0.0,1.0,0.25611502811339876,-0.014178022637562121,0.9665423301897138
1783095549771444144,48.609877203,0.07297329076789391,-0.9638879557339521,0.25611502811339876,-4.770171653591503,0.9973227878743016,0.07173730173849371,-0.014178022637562121,-0.8086978119941681,-0.004706975795064235,0.25646397082300454,0.9665423301897138,0.35290132094558774,0.0,0.0,0.0,1.0,0.25611502811339876,-0.014178022637562121,0.9665423301897138
1783095549781414817,48.619847876,0.07215280355522498,-0.9624649145767187,0.26163956342256606,-4.773424348939118,0.9973910739061436,0.0702150404922976,-0.01675988606808146,-0.8083367209206197,-0.002240230227270987,0.2621662379054459,0.9650201267699208,0.36187153853379295,0.0,0.0,0.0,1.0,0.26163956342256606,-0.01675988606808146,0.9650201267699208
1783095549791824659,48.630257718,0.07215280355522498,-0.9624649145767187,0.26163956342256606,-4.773424348939118,0.9973910739061436,0.0702150404922976,-0.01675988606808146,-0.8083367209206197,-0.002240230227270987,0.2621662379054459,0.9650201267699208,0.36187153853379295,0.0,0.0,0.0,1.0,0.26163956342256606,-0.01675988606808146,0.9650201267699208
1783095549801411200,48.639844259,0.07091538625888952,-0.9615747422718781,0.26522636184309345,-4.772871729885455,0.997481852379089,0.06862400092953916,-0.017908117455605242,-0.807779878958461,-0.0009809006747105878,0.2658284437775492,0.9640198526548469,0.36718989280465847,0.0,0.0,0.0,1.0,0.26522636184309345,-0.017908117455605242,0.9640198526548469
1783095549811604118,48.650037177,0.07091538625888952,-0.9615747422718781,0.26522636184309345,-4.772871729885455,0.997481852379089,0.06862400092953916,-0.017908117455605242,-0.807779878958461,-0.0009809006747105878,0.2658284437775492,0.9640198526548469,0.36718989280465847,0.0,0.0,0.0,1.0,0.26522636184309345,-0.017908117455605242,0.9640198526548469
1783095549821622909,48.660055968,0.07014695968282267,-0.9605611896679012,0.2690754633017335,-4.775406969864109,0.9975348134226549,0.06702657136617532,-0.020778227564539016,-0.8072951626593242,0.0019235532447036544,0.2698696715725594,0.9628949373157144,0.375990802501477,0.0,0.0,0.0,1.0,0.26907546330173354,-0.02077822756453902,0.9628949373157145
1783095549831318594,48.669751653,0.07014695968282267,-0.9605611896679012,0.2690754633017335,-4.775406969864109,0.9975348134226549,0.06702657136617532,-0.020778227564539016,-0.8072951626593242,0.0019235532447036544,0.2698696715725594,0.9628949373157144,0.375990802501477,0.0,0.0,0.0,1.0,0.26907546330173354,-0.02077822756453902,0.9628949373157145
1783095549841706250,48.680139309,0.06894538784156884,-0.9591678596161584,0.2743055788253918,-4.778543064976014,0.9976165458055392,0.06551985054682904,-0.021642012830280017,-0.8073756228774073,0.00278586259540405,0.2751439010112322,0.9613990184652368,0.3849637496767457,0.0,0.0,0.0,1.0,0.2743055788253918,-0.021642012830280017,0.9613990184652368
1783095549851493088,48.689926147,0.06894538784156884,-0.9591678596161584,0.2743055788253918,-4.778543064976014,0.9976165458055392,0.06551985054682904,-0.021642012830280017,-0.8073756228774073,0.00278586259540405,0.2751439010112322,0.9613990184652368,0.3849637496767457,0.0,0.0,0.0,1.0,0.2743055788253918,-0.021642012830280017,0.9613990184652368
1783095549861686721,48.70011978,0.06997635186328621,-0.9575201914471598,0.2797470163395846,-4.783131158636818,0.9975346072711663,0.06567944714700429,-0.02471674571669269,-0.798656879331469,0.00529315371639045,0.28078691777477477,0.9597555362331994,0.39398104626002095,0.0,0.0,0.0,1.0,0.27974701633958465,-0.024716745716692697,0.9597555362331996
1783095549871960764,48.710393823,0.06997635186328621,-0.9575201914471598,0.2797470163395846,-4.783131158636818,0.9975346072711663,0.06567944714700429,-0.02471674571669269,-0.798656879331469,0.00529315371639045,0.28078691777477477,0.9597555362331994,0.39398104626002095,0.0,0.0,0.0,1.0,0.27974701633958465,-0.024716745716692697,0.9597555362331996
1783095549881661605,48.720094664,0.06715848481464544,-0.9556924903279549,0.28660356216933625,-4.787877618100466,0.9977226168601413,0.06252156471422408,-0.02531074379461796,-0.7990072737045248,0.00627038460963399,0.2876506872518066,0.9577148659180406,0.411556861520335,0.0,0.0,0.0,1.0,0.2866035621693363,-0.025310743794617962,0.9577148659180407
1783095549891211480,48.729644539,0.06715848481464544,-0.9556924903279549,0.28660356216933625,-4.787877618100466,0.9977226168601413,0.06252156471422408,-0.02531074379461796,-0.7990072737045248,0.00627038460963399,0.2876506872518066,0.9577148659180406,0.411556861520335,0.0,0.0,0.0,1.0,0.2866035621693363,-0.025310743794617962,0.9577148659180407
1783095549901239721,48.73967278,0.06648374430757652,-0.9550888842248978,0.28876484372735606,-4.788696066180196,0.9977410918644407,0.0608442538075629,-0.02847262516443602,-0.7982254997381133,0.009624206356806471,0.2900055172037947,0.9569765799868674,0.41182476665309564,0.0,0.0,0.0,1.0,0.28876484372735606,-0.02847262516443602,0.9569765799868674
1783095549911445470,48.749878529,0.06648374430757652,-0.9550888842248978,0.28876484372735606,-4.788696066180196,0.9977410918644407,0.0608442538075629,-0.02847262516443602,-0.7982254997381133,0.009624206356806471,0.2900055172037947,0.9569765799868674,0.41182476665309564,0.0,0.0,0.0,1.0,0.28876484372735606,-0.02847262516443602,0.9569765799868674
1783095549921063136,48.759496195,0.06540100504005392,-0.9525600842773554,0.29724063379906235,-4.794128963397805,0.9978116202071098,0.05952441123428931,-0.02878914807482152,-0.7986934094557607,0.009730319594629066,0.29847299762077095,0.954368477356549,0.42957185645697704,0.0,0.0,0.0,1.0,0.29724063379906235,-0.02878914807482152,0.954368477356549
1783095549931028102,48.769461161,0.06540100504005392,-0.9525600842773554,0.29724063379906235,-4.794128963397805,0.9978116202071098,0.05952441123428931,-0.02878914807482152,-0.7986934094557607,0.009730319594629066,0.29847299762077095,0.954368477356549,0.42957185645697704,0.0,0.0,0.0,1.0,0.29724063379906235,-0.02878914807482152,0.954368477356549
1783095549941792077,48.780225136,0.06490025866865827,-0.9509015831572142,0.30261218675698576,-4.798610420749665,0.9978094293573434,0.05794377282345015,-0.03191961585854467,-0.7899272848795733,0.012817921450605988,0.30402088471038957,0.9525791319095743,0.43865335960466045,0.0,0.0,0.0,1.0,0.30261218675698576,-0.03191961585854467,0.9525791319095743
1783095549951968672,48.790401731,0.06490025866865827,-0.9509015831572142,0.30261218675698576,-4.798610420749665,0.9978094293573434,0.05794377282345015,-0.03191961585854467,-0.7899272848795733,0.012817921450605988,0.30402088471038957,0.9525791319095743,0.43865335960466045,0.0,0.0,0.0,1.0,0.30261218675698576,-0.03191961585854467,0.9525791319095743
1783095549961658287,48.800091346,0.06269885269848485,-0.9493116078968901,0.30802000743866453,-4.801685786815334,0.9979053096891388,0.0547035687410151,-0.03453277372614251,-0.7895266799887429,0.015932569300574854,0.3095399662066569,0.9507529450684147,0.44775012777346473,0.0,0.0,0.0,1.0,0.3080200074386646,-0.03453277372614252,0.9507529450684148
1783095549971948494,48.810381553,0.06269885269848485,-0.9493116078968901,0.30802000743866453,-4.801685786815334,0.9979053096891388,0.0547035687410151,-0.03453277372614251,-0.7895266799887429,0.015932569300574854,0.3095399662066569,0.9507529450684147,0.44775012777346473,0.0,0.0,0.0,1.0,0.3080200074386646,-0.03453277372614252,0.9507529450684148
1783095549981625619,48.820058678,0.06053842701630102,-0.9476852526216145,0.3134130833546973,-4.801765206921133,0.9979836117454332,0.05146633459567297,-0.03714736990456281,-0.788619628793536,0.01907379201763976,0.3150299642364084,0.9488900421499189,0.4533623629988906,0.0,0.0,0.0,1.0,0.31341308335469736,-0.03714736990456282,0.948890042149919
1783095549991513295,48.829946354,0.06053842701630102,-0.9476852526216145,0.3134130833546973,-4.801765206921133,0.9979836117454332,0.05146633459567297,-0.03714736990456281,-0.788619628793536,0.01907379201763976,0.3150299642364084,0.9488900421499189,0.4533623629988906,0.0,0.0,0.0,1.0,0.31341308335469736,-0.03714736990456282,0.948890042149919
1783095550001463577,48.839896636,0.05845714581054682,-0.9454700374076218,0.32042030283381673,-4.805484655860172,0.9980507688322549,0.048325685722273116,-0.03948785804291284,-0.788328523610435,0.02185005576719707,0.32210407706811534,0.9464520793991991,0.4627080245528158,0.0,0.0,0.0,1.0,0.3204203028338168,-0.03948785804291285,0.9464520793991992
1783095550011530646,48.849963705,0.05845714581054682,-0.9454700374076218,0.32042030283381673,-4.805484655860172,0.9980507688322549,0.048325685722273116,-0.03948785804291284,-0.788328523610435,0.02185005576719707,0.32210407706811534,0.9464520793991991,0.4627080245528158,0.0,0.0,0.0,1.0,0.3204203028338168,-0.03948785804291285,0.9464520793991992
1783095550021538232,48.859971291,0.05478134560675268,-0.9432949040527978,0.3274045328970511,-4.809181384876995,0.9981794823917965,0.04344974785029544,-0.041831093026492475,-0.7880338736029946,0.025233412483428266,0.3291000507440988,0.9439578547237545,0.4720770529338935,0.0,0.0,0.0,1.0,0.3274045328970511,-0.041831093026492475,0.9439578547237545
1783095550031365349,48.869798408,0.05478134560675268,-0.9432949040527978,0.3274045328970511,-4.809181384876995,0.9981794823917965,0.04344974785029544,-0.041831093026492475,-0.7880338736029946,0.025233412483428266,0.3291000507440988,0.9439578547237545,0.4720770529338935,0.0,0.0,0.0,1.0,0.3274045328970511,-0.041831093026492475,0.9439578547237545
1783095550041374260,48.879807319,0.05343104455256915,-0.940267196701416,0.3362182658412273,-4.814428040230805,0.9981411609541162,0.04040531667753788,-0.04562491855726527,-0.787542005138134,0.029314608767482826,0.3380310772568828,0.9406782895981817,0.4901304563705273,0.0,0.0,0.0,1.0,0.3362182658412274,-0.045624918557265276,0.9406782895981818
1783095550051662855,48.890095914,0.05343104455256915,-0.940267196701416,0.3362182658412273,-4.814428040230805,0.9981411609541162,0.04040531667753788,-0.04562491855726527,-0.787542005138134,0.029314608767482826,0.3380310772568828,0.9406782895981817,0.4901304563705273,0.0,0.0,0.0,1.0,0.3362182658412274,-0.045624918557265276,0.9406782895981818
1783095550061254428,48.899687487,0.050478437238720315,-0.9378403933601979,0.34337635905217145,-4.818121518019943,0.9981322865722441,0.03552815558715623,-0.04969596223677068,-0.7867881720686776,0.0344073520631898,0.34524360492638223,0.9378821820364409,0.4995987589697317,0.0,0.0,0.0,1.0,0.34337635905217145,-0.04969596223677068,0.9378821820364409
1783095550071328613,48.909761672,0.050478437238720315,-0.9378403933601979,0.34337635905217145,-4.818121518019943,0.9981322865722441,0.03552815558715623,-0.04969596223677068,-0.7867881720686776,0.0344073520631898,0.34524360492638223,0.9378821820364409,0.4995987589697317,0.0,0.0,0.0,1.0,0.34337635905217145,-0.04969596223677068,0.9378821820364409
1783095550081463004,48.919896063,0.046946099686913184,-0.936070085535357,0.34866726070856713,-4.818115140222659,0.9981622711967715,0.030571795949499943,-0.05232060446635793,-0.7858684977812618,0.03831636834943186,0.3504827531537773,0.9357850691575813,0.505276381512422,0.0,0.0,0.0,1.0,0.34866726070856713,-0.05232060446635793,0.9357850691575813
1783095550091819399,48.930252458,0.046946099686913184,-0.936070085535357,0.34866726070856713,-4.818115140222659,0.9981622711967715,0.030571795949499943,-0.05232060446635793,-0.7858684977812618,0.03831636834943186,0.3504827531537773,0.9357850691575813,0.505276381512422,0.0,0.0,0.0,1.0,0.34866726070856713,-0.05232060446635793,0.9357850691575813
1783095550101786472,48.940219531,0.04577475428082685,-0.9334522300786454,0.3557690346724029,-4.821766793075462,0.9980311243515841,0.0274471666349642,-0.05639616892329838,-0.7851088968758687,0.04287827767113107,0.35765009045842,0.9328707660223045,0.5147855676215146,0.0,0.0,0.0,1.0,0.35576903467240295,-0.056396168923298386,0.9328707660223046
1783095550112302229,48.950735288,0.04577475428082685,-0.9334522300786454,0.3557690346724029,-4.821766793075462,0.9980311243515841,0.0274471666349642,-0.05639616892329838,-0.7851088968758687,0.04287827767113107,0.35765009045842,0.9328707660223045,0.5147855676215146,0.0,0.0,0.0,1.0,0.35576903467240295,-0.056396168923298386,0.9328707660223046
1783095550121936812,48.960369871,0.040890205209765676,-0.9304149193073825,0.36421980869818177,-4.8260731540424455,0.998068144037519,0.020969765985803093,-0.058482892985921214,-0.7849195670455352,0.046775752002563314,0.36590756598454954,0.9294749497322975,0.5244543051445856,0.0,0.0,0.0,1.0,0.3642198086981818,-0.05848289298592122,0.9294749497322976
1783095550131468279,48.969901338,0.040890205209765676,-0.9304149193073825,0.36421980869818177,-4.8260731540424455,0.998068144037519,0.020969765985803093,-0.058482892985921214,-0.7849195670455352,0.046775752002563314,0.36590756598454954,0.9294749497322975,0.5244543051445856,0.0,0.0,0.0,1.0,0.3642198086981818,-0.05848289298592122,0.9294749497322976
1783095550141403001,48.97983606,0.03762348735771468,-0.9278547307773095,0.37103917821870286,-4.829616571454409,0.9980168214672469,0.016137585213080643,-0.060844082801072646,-0.7846015780198345,0.05046679371088587,0.37259250786570713,0.9266217814269669,0.5339662811365963,0.0,0.0,0.0,1.0,0.3710391782187029,-0.06084408280107265,0.926621781426967
1783095550151164100,48.989597159,0.03762348735771468,-0.9278547307773095,0.37103917821870286,-4.829616571454409,0.9980168214672469,0.016137585213080643,-0.060844082801072646,-0.7846015780198345,0.05046679371088587,0.37259250786570713,0.9266217814269669,0.5339662811365963,0.0,0.0,0.0,1.0,0.3710391782187029,-0.06084408280107265,0.926621781426967
1783095550161086408,48.999519467,0.0351665871064499,-0.9244699150694796,0.37962967123594765,-4.833851828983542,0.9978421635523581,0.011405221739153567,-0.0646601697664779,-0.7839426905146998,0.05544662107318599,0.38108436998715906,0.9228761429157526,0.5438178438629343,0.0,0.0,0.0,1.0,0.37962967123594765,-0.0646601697664779,0.9228761429157526
1783095550171503373,49.009936432,0.0351665871064499,-0.9244699150694796,0.37962967123594765,-4.833851828983542,0.9978421635523581,0.011405221739153567,-0.0646601697664779,-0.7839426905146998,0.05544662107318599,0.38108436998715906,0.9228761429157526,0.5438178438629343,0.0,0.0,0.0,1.0,0.37962967123594765,-0.0646601697664779,0.9228761429157526
1783095550181891623,49.020324682,0.032148245263401036,-0.9211120152857959,0.38796796984109927,-4.838074383190294,0.997746501895106,0.006703659531602648,-0.06676060893193904,-0.7837405714823708,0.05889319385602346,0.3892399211861808,0.9192518019957386,0.5535814428383594,0.0,0.0,0.0,1.0,0.38796796984109927,-0.06676060893193904,0.9192518019957386
1783095550191358395,49.029791454,0.032148245263401036,-0.9211120152857959,0.38796796984109927,-4.838074383190294,0.997746501895106,0.006703659531602648,-0.06676060893193904,-0.7837405714823708,0.05889319385602346,0.3892399211861808,0.9192518019957386,0.5535814428383594,0.0,0.0,0.0,1.0,0.38796796984109927,-0.06676060893193904,0.9192518019957386
1783095550201660799,49.040093858,0.03070252181005996,-0.9183011241834517,0.3946902589093271,-4.839344879180787,0.997600827053438,0.0036402374312418,-0.06913276020629254,-0.78303957462929,0.0620479251611152,0.39586587879590357,0.9162097254386398,0.5680048962164295,0.0,0.0,0.0,1.0,0.3946902589093271,-0.06913276020629254,0.9162097254386398
1783095550211683007,49.050116066,0.03070252181005996,-0.9183011241834517,0.3946902589093271,-4.839344879180787,0.997600827053438,0.0036402374312418,-0.06913276020629254,-0.78303957462929,0.0620479251611152,0.39586587879590357,0.9162097254386398,0.5680048962164295,0.0,0.0,0.0,1.0,0.3946902589093271,-0.06913276020629254,0.9162097254386398
1783095550221458063,49.059891122,0.02771458851063826,-0.915490620609161,0.40138363838146063,-4.8428491894144825,0.9974393455868543,-0.0011562964275740313,-0.07150814536707734,-0.7827168279549246,0.06592915484786285,0.4023376524204822,0.9131143192316182,0.5775446865431828,0.0,0.0,0.0,1.0,0.4013836383814607,-0.07150814536707735,0.9131143192316183
1783095550231778303,49.070211362,0.02771458851063826,-0.915490620609161,0.40138363838146063,-4.8428491894144825,0.9974393455868543,-0.0011562964275740313,-0.07150814536707734,-0.7827168279549246,0.06592915484786285,0.4023376524204822,0.9131143192316182,0.5775446865431828,0.0,0.0,0.0,1.0,0.4013836383814607,-0.07150814536707735,0.9131143192316183
1783095550242251017,49.080684076,0.026504042625388087,-0.9118743133595959,0.4096129543355251,-4.846908662417429,0.9972778497970125,-0.004084609870171792,-0.07362205013755037,-0.782488422504371,0.06880716553353364,0.41044920830374837,0.9092837958382779,0.5874590181224125,0.0,0.0,0.0,1.0,0.4096129543355251,-0.07362205013755037,0.9092837958382779
1783095550252089539,49.090522598,0.026504042625388087,-0.9118743133595959,0.4096129543355251,-4.846908662417429,0.9972778497970125,-0.004084609870171792,-0.07362205013755037,-0.782488422504371,0.06880716553353364,0.41044920830374837,0.9092837958382779,0.5874590181224125,0.0,0.0,0.0,1.0,0.4096129543355251,-0.07362205013755037,0.9092837958382779
1783095550261509246,49.099942305,0.024396411034177966,-0.9097257009293315,0.41449241753895566,-4.849661743690902,0.9971911837862489,-0.007224273957270605,-0.07454899626936416,-0.7824967330220027,0.07081354466223828,0.4151469124712681,0.9069942022736102,0.5966990438605357,0.0,0.0,0.0,1.0,0.41449241753895566,-0.07454899626936416,0.9069942022736102
1783095550271377073,49.109810132,0.024396411034177966,-0.9097257009293315,0.41449241753895566,-4.849661743690902,0.9971911837862489,-0.007224273957270605,-0.07454899626936416,-0.7824967330220027,0.07081354466223828,0.4151469124712681,0.9069942022736102,0.5966990438605357,0.0,0.0,0.0,1.0,0.41449241753895566,-0.07454899626936416,0.9069942022736102
1783095550281325340,49.119758399,0.02316789077545244,-0.9067182198031456,0.4211001290833705,-4.853092225210081,0.9969833969933206,-0.010255825918954265,-0.076934544610201,-0.7821626284404571,0.07407668294865533,0.421612248294253,0.9037454050403739,0.6063038422780662,0.0,0.0,0.0,1.0,0.4211001290833706,-0.07693454461020101,0.903745405040374
1783095550291414128,49.129847187,0.02316789077545244,-0.9067182198031456,0.4211001290833705,-4.853092225210081,0.9969833969933206,-0.010255825918954265,-0.076934544610201,-0.7821626284404571,0.07407668294865533,0.421612248294253,0.9037454050403739,0.6063038422780662,0.0,0.0,0.0,1.0,0.4211001290833706,-0.07693454461020101,0.903745405040374
1783095550301745107,49.140178166,0.02357314949542491,-0.9036242163505896,0.42767696015526613,-4.854325231038349,0.9967821307565119,-0.011539690449965263,-0.07932351069403738,-0.7814573231558793,0.07661390492185105,0.4281706565951265,0.9004444449290161,0.6206727903615832,0.0,0.0,0.0,1.0,0.42767696015526613,-0.07932351069403738,0.9004444449290161
1783095550311581029,49.150014088,0.02357314949542491,-0.9036242163505896,0.42767696015526613,-4.854325231038349,0.9967821307565119,-0.011539690449965263,-0.07932351069403738,-0.7814573231558793,0.07661390492185105,0.4281706565951265,0.9004444449290161,0.6206727903615832,0.0,0.0,0.0,1.0,0.42767696015526613,-0.07932351069403738,0.9004444449290161
1783095550321448306,49.159881365,0.023140193863190727,-0.9013370810655967,0.43249970835149,-4.857006521977752,0.9966903661991816,-0.012922871954414095,-0.08025779280662518,-0.7814540803177153,0.07792846305243872,0.4329254735824628,0.8980549476338766,0.6299534355318704,0.0,0.0,0.0,1.0,0.43249970835149,-0.08025779280662518,0.8980549476338766
1783095550331838030,49.170271089,0.023140193863190727,-0.9013370810655967,0.43249970835149,-4.857006521977752,0.9966903661991816,-0.012922871954414095,-0.08025779280662518,-0.7814540803177153,0.07792846305243872,0.4329254735824628,0.8980549476338766,0.6299534355318704,0.0,0.0,0.0,1.0,0.43249970835149,-0.08025779280662518,0.8980549476338766
1783095550341442978,49.179876037,0.02348271536369628,-0.8989199115201394,0.437483205108233,-4.859713822868934,0.9964538399129589,-0.01432141460190655,-0.08291346094886838,-0.7809988587835487,0.08079793934171123,0.43787885283080863,0.8953958919057582,0.6393096250964412,0.0,0.0,0.0,1.0,0.437483205108233,-0.08291346094886838,0.8953958919057582
1783095550351417556,49.189850615,0.02348271536369628,-0.8989199115201394,0.437483205108233,-4.859713822868934,0.9964538399129589,-0.01432141460190655,-0.08291346094886838,-0.7809988587835487,0.08079793934171123,0.43787885283080863,0.8953958919057582,0.6393096250964412,0.0,0.0,0.0,1.0,0.437483205108233,-0.08291346094886838,0.8953958919057582
1783095550361609912,49.200042971,0.023861846990053108,-0.8964781127113864,0.4424450312611207,-4.862399500001612,0.9962081266264591,-0.015715995399780313,-0.08557088250097127,-0.7805404788939989,0.08366588732347398,0.44280921503286824,0.8927037685483079,0.6486796007230923,0.0,0.0,0.0,1.0,0.4424450312611207,-0.08557088250097127,0.8927037685483079
1783095550371435316,49.209868375,0.023861846990053108,-0.8964781127113864,0.4424450312611207,-4.862399500001612,0.9962081266264591,-0.015715995399780313,-0.08557088250097127,-0.7805404788939989,0.08366588732347398,0.44280921503286824,0.8927037685483079,0.6486796007230923,0.0,0.0,0.0,1.0,0.4424450312611207,-0.08557088250097127,0.8927037685483079
1783095550381868881,49.22030194,0.025064392939419356,-0.8940741559410033,0.4472171507052933,-4.862158016310597,0.9961326415345313,-0.015347601774622781,-0.08651133792286794,-0.7800435138892476,0.08421126216852132,0.44765595583902407,0.8902317723637109,0.6543979301460966,0.0,0.0,0.0,1.0,0.4472171507052934,-0.08651133792286796,0.8902317723637111
1783095550391938935,49.230371994,0.025064392939419356,-0.8940741559410033,0.4472171507052933,-4.862158016310597,0.9961326415345313,-0.015347601774622781,-0.08651133792286794,-0.7800435138892476,0.08421126216852132,0.44765595583902407,0.8902317723637109,0.6543979301460966,0.0,0.0,0.0,1.0,0.4472171507052934,-0.08651133792286796,0.8902317723637111
1783095550401828309,49.240261368,0.02550358808450694,-0.8915828754363718,0.4521388539192652,-4.864807302056259,0.9958756005249593,-0.016734277411531048,-0.08917259802521127,-0.7795797482557885,0.0870709783674663,0.4525482738759754,0.8874788473749713,0.6637887934531718,0.0,0.0,0.0,1.0,0.4521388539192652,-0.08917259802521127,0.8874788473749713
1783095550411442599,49.249875658,0.02550358808450694,-0.8915828754363718,0.4521388539192652,-4.864807302056259,0.9958756005249593,-0.016734277411531048,-0.08917259802521127,-0.7795797482557885,0.0870709783674663,0.4525482738759754,0.8874788473749713,0.6637887934531718,0.0,0.0,0.0,1.0,0.4521388539192652,-0.08917259802521127,0.8874788473749713
1783095550421284712,49.259717771,0.025340565393025812,-0.8883849765603183,0.45839937736376163,-4.868574696392008,0.9957924269353161,-0.01796263977349816,-0.08985981321280741,-0.7797612190841455,0.08806417094275557,0.45874772696362226,0.8841918484140617,0.6818345410700248,0.0,0.0,0.0,1.0,0.45839937736376163,-0.08985981321280741,0.8841918484140617
1783095550431408902,49.269841961,0.025340565393025812,-0.8883849765603183,0.45839937736376163,-4.868574696392008,0.9957924269353161,-0.01796263977349816,-0.08985981321280741,-0.7797612190841455,0.08806417094275557,0.45874772696362226,0.8841918484140617,0.6818345410700248,0.0,0.0,0.0,1.0,0.45839937736376163,-0.08985981321280741,0.8841918484140617
1783095550441708169,49.280141228,0.026440941597571585,-0.8866942613477518,0.46159957051583006,-4.867574010502205,0.9956874432194361,-0.01771551982060527,-0.09106412999983932,-0.779136369793431,0.08892351782613925,0.462016717501056,0.8824019269737422,0.6873185138006832,0.0,0.0,0.0,1.0,0.4615995705158301,-0.09106412999983933,0.8824019269737423
1783095550451965549,49.290398608,0.026440941597571585,-0.8866942613477518,0.46159957051583006,-4.867574010502205,0.9956874432194361,-0.01771551982060527,-0.09106412999983932,-0.779136369793431,0.08892351782613925,0.462016717501056,0.8824019269737422,0.6873185138006832,0.0,0.0,0.0,1.0,0.4615995705158301,-0.09106412999983933,0.8824019269737423
1783095550461468483,49.299901542,0.02535399614759281,-0.8843427784527882,0.4661491446712639,-4.8700696961790495,0.9957329224837423,-0.019047996023667472,-0.09029463400151674,-0.7795584796603756,0.08873061456641312,0.46644937993943714,0.8800862764483841,0.6966061051583464,0.0,0.0,0.0,1.0,0.4661491446712638,-0.09029463400151673,0.8800862764483839
1783095550471961025,49.310394084,0.02535399614759281,-0.8843427784527882,0.4661491446712639,-4.8700696961790495,0.9957329224837423,-0.019047996023667472,-0.09029463400151674,-0.7795584796603756,0.08873061456641312,0.46644937993943714,0.8800862764483841,0.6966061051583464,0.0,0.0,0.0,1.0,0.4661491446712638,-0.09029463400151673,0.8800862764483839
1783095550481373613,49.319806672,0.025809497807301202,-0.8819228417267871,0.4706867016004206,-4.8725461620816075,0.9958099641347629,-0.018638698018352474,-0.08952717054672789,-0.7799773387748543,0.08772904395271361,0.4710251587513443,0.8777464979539445,0.7059049375142878,0.0,0.0,0.0,1.0,0.4706867016004206,-0.08952717054672789,0.8777464979539445
1783095550491509444,49.329942503,0.025809497807301202,-0.8819228417267871,0.4706867016004206,-4.8725461620816075,0.9958099641347629,-0.018638698018352474,-0.08952717054672789,-0.7799773387748543,0.08772904395271361,0.4710251587513443,0.8777464979539445,0.7059049375142878,0.0,0.0,0.0,1.0,0.4706867016004206,-0.08952717054672789,0.8777464979539445
1783095550501135521,49.33956858,0.026259822478099,-0.8794793150898703,0.4752121169040952,-4.874929818057494,0.9958861301714701,-0.018225410113888653,-0.08876176067583563,-0.7803805004054062,0.08672506820702122,0.47558802419240254,0.8753826556365247,0.715281575668457,0.0,0.0,0.0,1.0,0.4752121169040952,-0.08876176067583563,0.8753826556365247
1783095550511477440,49.349910499,0.026259822478099,-0.8794793150898703,0.4752121169040952,-4.874929818057494,0.9958861301714701,-0.018225410113888653,-0.08876176067583563,-0.7803805004054062,0.08672506820702122,0.47558802419240254,0.8753826556365247,0.715281575668457,0.0,0.0,0.0,1.0,0.4752121169040952,-0.08876176067583563,0.8753826556365247
1783095550527404165,49.365837224,0.02655715671777643,-0.8778372248809833,0.4782222538112602,-4.873915620218761,0.995936420044715,-0.017947673824413268,-0.08825263867335104,-0.7802089632127482,0.08605442844841889,0.47862269860250706,0.8737934239434797,0.7206392742953822,0.0,0.0,0.0,1.0,0.4782222538112602,-0.08825263867335104,0.8737934239434797
1783095550532860890,49.371293949,0.02655715671777643,-0.8778372248809833,0.4782222538112602,-4.873915620218761,0.995936420044715,-0.017947673824413268,-0.08825263867335104,-0.7802089632127482,0.08605442844841889,0.47862269860250706,0.8737934239434797,0.7206392742953822,0.0,0.0,0.0,1.0,0.4782222538112602,-0.08825263867335104,0.8737934239434797
1783095550542144605,49.380577664,0.026852180960600797,-0.8761847000358055,0.48122690261541357,-4.875715967006796,0.9959863192147265,-0.017668172664074073,-0.08774444490572125,-0.7805134663600005,0.08538274014553432,0.4816515411559254,0.8721935453713023,0.7296275496821353,0.0,0.0,0.0,1.0,0.48122690261541357,-0.08774444490572125,0.8721935453713023
1783095550551378381,49.38981144,0.026852180960600797,-0.8761847000358055,0.48122690261541357,-4.875715967006796,0.9959863192147265,-0.017668172664074073,-0.08774444490572125,-0.7805134663600005,0.08538274014553432,0.4816515411559254,0.8721935453713023,0.7296275496821353,0.0,0.0,0.0,1.0,0.48122690261541357,-0.08774444490572125,0.8721935453713023
1783095550561252813,49.399685872,0.025618523921552106,-0.874567805428875,0.4842260267059198,-4.877573568093454,0.9960039641854758,-0.019125291670843897,-0.08723718556511662,-0.7808276532605382,0.08555579792684012,0.484525930086127,0.8705830394139753,0.7385549886896993,0.0,0.0,0.0,1.0,0.4842260267059198,-0.08723718556511662,0.8705830394139753
1783095550571399920,49.409832979,0.025618523921552106,-0.874567805428875,0.4842260267059198,-4.877573568093454,0.9960039641854758,-0.019125291670843897,-0.08723718556511662,-0.7808276532605382,0.08555579792684012,0.484525930086127,0.8705830394139753,0.7385549886896993,0.0,0.0,0.0,1.0,0.4842260267059198,-0.08723718556511662,0.8705830394139753
1783095550581284201,49.41971726,0.026057631020812058,-0.872054676137068,0.4887142740835966,-4.880394897211769,0.9960782329289168,-0.01870023146361477,-0.08647806212221604,-0.7813048411010531,0.08455266850188606,0.48905106397050285,0.8681473970925266,0.7562844453811883,0.0,0.0,0.0,1.0,0.48871427408359663,-0.08647806212221605,0.8681473970925268
1783095550591824005,49.430257064,0.026057631020812058,-0.872054676137068,0.4887142740835966,-4.880394897211769,0.9960782329289168,-0.01870023146361477,-0.08647806212221604,-0.7813048411010531,0.08455266850188606,0.48905106397050285,0.8681473970925266,0.7562844453811883,0.0,0.0,0.0,1.0,0.48871427408359663,-0.08647806212221605,0.8681473970925268
1783095550602963849,49.441396908,0.026202848463902417,-0.8712117791362683,0.4902075546404766,-4.88158199172991,0.9961027944016012,-0.018557667380262308,-0.08622549487665976,-0.7815056213169883,0.08421777554470967,0.4905564685901324,0.867330223967019,0.764884416327041,0.0,0.0,0.0,1.0,0.4902075546404766,-0.08622549487665976,0.867330223967019
1783095550611506624,49.449939683,0.026202848463902417,-0.8712117791362683,0.4902075546404766,-4.88158199172991,0.9961027944016012,-0.018557667380262308,-0.08622549487665976,-0.7815056213169883,0.08421777554470967,0.4905564685901324,0.867330223967019,0.764884416327041,0.0,0.0,0.0,1.0,0.4902075546404766,-0.08622549487665976,0.867330223967019
1783095550621675739,49.460108798,0.026347489373271162,-0.8703662927897995,0.49169942666131566,-4.8799600373352705,0.9961272583617765,-0.018414665345782406,-0.08597316586501498,-0.7812312907151568,0.08388262604601683,0.49206037889220877,0.8665104088076957,0.7698306639479277,0.0,0.0,0.0,1.0,0.4916994266613157,-0.085973165865015,0.8665104088076958
1783095550631396866,49.469829925,0.026347489373271162,-0.8703662927897995,0.49169942666131566,-4.8799600373352705,0.9961272583617765,-0.018414665345782406,-0.08597316586501498,-0.7812312907151568,0.08388262604601683,0.49206037889220877,0.8665104088076957,0.7698306639479277,0.0,0.0,0.0,1.0,0.4916994266613157,-0.085973165865015,0.8665104088076958
1783095550641528840,49.479961899,0.02649155330831772,-0.8695182196731551,0.4931898856016202,-4.881049828002012,0.9961516247349212,-0.018271225795783358,-0.0857210758559185,-0.7814156133634786,0.08354722102672946,0.4935627902955675,0.8656879541118522,0.7784959389284938,0.0,0.0,0.0,1.0,0.4931898856016203,-0.08572107585591851,0.8656879541118524
1783095550652217349,49.490650408,0.02649155330831772,-0.8695182196731551,0.4931898856016202,-4.881049828002012,0.9961516247349212,-0.018271225795783358,-0.0857210758559185,-0.7814156133634786,0.08354722102672946,0.4935627902955675,0.8656879541118522,0.7784959389284938,0.0,0.0,0.0,1.0,0.4931898856016203,-0.08572107585591851,0.8656879541118524
1783095550661489235,49.499922294,0.026635039830199162,-0.8686675623697087,0.494678926921202,-4.882199151234706,0.9961758934468115,-0.018127349167206108,-0.08546922561727872,-0.7816100051017213,0.08321156150854761,0.49506369822361096,0.8648628623848237,0.7870975608577531,0.0,0.0,0.0,1.0,0.49467892692120213,-0.08546922561727874,0.8648628623848239
1783095550677334076,49.515767135,0.026635039830199162,-0.8686675623697087,0.494678926921202,-4.882199151234706,0.9961758934468115,-0.018127349167206108,-0.08546922561727872,-0.7816100051017213,0.08321156150854761,0.49506369822361096,0.8648628623848237,0.7870975608577531,0.0,0.0,0.0,1.0,0.49467892692120213,-0.08546922561727874,0.8648628623848239
1783095550681552180,49.519985239,0.026920278887890434,-0.8669585055752546,0.49765273855904724,-4.8838794707902835,0.9962241375914193,-0.017838286428736902,-0.08496624751934977,-0.7818942073434575,0.08253948306617424,0.49806098537027327,0.8632047778987099,0.7961134510446459,0.0,0.0,0.0,1.0,0.4976527385590473,-0.08496624751934978,0.86320477789871
1783095550691911270,49.530344329,0.026920278887890434,-0.8669585055752546,0.49765273855904724,-4.8838794707902835,0.9962241375914193,-0.017838286428736902,-0.08496624751934977,-0.7818942073434575,0.08253948306617424,0.49806098537027327,0.8632047778987099,0.7961134510446459,0.0,0.0,0.0,1.0,0.4976527385590473,-0.08496624751934978,0.86320477789871
1783095550701735944,49.540169003,0.026920278887890434,-0.8669585055752547,0.4976527385590471,-4.881603262493693,0.9962241375914193,-0.017838286428736902,-0.08496624751934974,-0.7815092189652634,0.08253948306617429,0.4980609853702732,0.86320477789871,0.8007014154172918,0.0,0.0,0.0,1.0,0.4976527385590471,-0.08496624751934974,0.86320477789871
1783095550711761402,49.550194461,0.026920278887890434,-0.8669585055752547,0.4976527385590471,-4.881603262493693,0.9962241375914193,-0.017838286428736902,-0.08496624751934974,-0.7815092189652634,0.08253948306617429,0.4980609853702732,0.86320477789871,0.8007014154172918,0.0,0.0,0.0,1.0,0.4976527385590471,-0.08496624751934974,0.86320477789871
1783095550721849793,49.560282852,0.02857361715219017,-0.8660515600573083,0.49913749981857963,-4.882640264467623,0.996277475752798,-0.015954295629102857,-0.08471512119221644,-0.7816846131542422,0.08133105010063989,0.4997000658127651,0.8623717901904291,0.8093699471104321,0.0,0.0,0.0,1.0,0.49913749981857963,-0.08471512119221644,0.8623717901904291
1783095550731519042,49.569952101,0.02857361715219017,-0.8660515600573083,0.49913749981857963,-4.882640264467623,0.996277475752798,-0.015954295629102857,-0.08471512119221644,-0.7816846131542422,0.08133105010063989,0.4997000658127651,0.8623717901904291,0.8093699471104321,0.0,0.0,0.0,1.0,0.49913749981857963,-0.08471512119221644,0.8623717901904291
1783095550741857172,49.580290231,0.028713286782454082,-0.8651903469168446,0.5006208253399556,-4.883737130971428,0.9963010988915586,-0.015808633630276448,-0.08446423769984712,-0.7818701325801349,0.08099177433308352,0.5011943242941339,0.8615361755525563,0.8179751285373301,0.0,0.0,0.0,1.0,0.5006208253399557,-0.08446423769984714,0.8615361755525565
1783095550751960323,49.590393382,0.028713286782454082,-0.8651903469168446,0.5006208253399556,-4.883737130971428,0.9963010988915586,-0.015808633630276448,-0.08446423769984712,-0.7818701325801349,0.08099177433308352,0.5011943242941339,0.8615361755525563,0.8179751285373301,0.0,0.0,0.0,1.0,0.5006208253399557,-0.08446423769984714,0.8615361755525565
1783095550761334350,49.599767409,0.028852372345129964,-0.8643265636398405,0.5021027106047157,-4.882287103381915,0.9963246232435632,-0.01566253692927443,-0.08421359780647505,-0.7816248809610893,0.08065225185095336,0.5026870560532507,0.860697936530515,0.8313494915599959,0.0,0.0,0.0,1.0,0.5021027106047157,-0.08421359780647505,0.860697936530515
1783095550771344616,49.609777675,0.028852372345129964,-0.8643265636398405,0.5021027106047157,-4.882287103381915,0.9963246232435632,-0.01566253692927443,-0.08421359780647505,-0.7816248809610893,0.08065225185095336,0.5026870560532507,0.860697936530515,0.8313494915599959,0.0,0.0,0.0,1.0,0.5021027106047157,-0.08421359780647505,0.860697936530515
1783095550781225688,49.619658747,0.030497849590399594,-0.863408299183982,0.5035831510987882,-4.883346594754679,0.9963736117177154,-0.013777029296011621,-0.0839632022755916,-0.7818040789131936,0.07943240549647508,0.5043176601746168,0.8598570756777217,0.8399545438755804,0.0,0.0,0.0,1.0,0.5035831510987882,-0.0839632022755916,0.8598570756777217
1783095550791505447,49.629938506,0.030497849590399594,-0.863408299183982,0.5035831510987882,-4.883346594754679,0.9963736117177154,-0.013777029296011621,-0.0839632022755916,-0.7818040789131936,0.07943240549647508,0.5043176601746168,0.8598570756777217,0.8399545438755804,0.0,0.0,0.0,1.0,0.5035831510987882,-0.0839632022755916,0.8598570756777217
1783095550801319069,49.639752128,0.03213961510161614,-0.862484363651786,0.5050621423125018,-4.884316492537867,0.9964189529959465,-0.011890965355340559,-0.08371305186994374,-0.7819681233792128,0.07820687470792942,0.5059439963069943,0.8590135955555805,0.8486266311819752,0.0,0.0,0.0,1.0,0.5050621423125018,-0.08371305186994374,0.8590135955555805
1783095550811307122,49.649740181,0.03213961510161614,-0.862484363651786,0.5050621423125018,-4.884316492537867,0.9964189529959465,-0.011890965355340559,-0.08371305186994374,-0.7819681233792128,0.07820687470792942,0.5059439963069943,0.8590135955555805,0.8486266311819752,0.0,0.0,0.0,1.0,0.5050621423125018,-0.08371305186994374,0.8590135955555805
1783095550821653065,49.660086124,0.03200473286267759,-0.8633537554234673,0.503583151098788,-4.881367725786817,0.9963961395765885,-0.012038010653741514,-0.08396320227559163,-0.7814693812689852,0.07855208533998423,0.5044555275697715,0.859857075677722,0.8528336287692222,0.0,0.0,0.0,1.0,0.5035831510987879,-0.08396320227559162,0.8598570756777217
1783095550831334967,49.669768026,0.03200473286267759,-0.8633537554234673,0.503583151098788,-4.881367725786817,0.9963961395765885,-0.012038010653741514,-0.08396320227559163,-0.7814693812689852,0.07855208533998423,0.5044555275697715,0.859857075677722,0.8528336287692222,0.0,0.0,0.0,1.0,0.5035831510987879,-0.08396320227559162,0.8598570756777217
1783095550841813936,49.680246995,0.033511518643153486,-0.8632965817421293,0.5035831510987879,-4.881698558475822,0.9964156322451483,-0.010298955341665335,-0.08396320227559165,-0.7815253369302418,0.07767152590062278,0.5045918583085002,0.8598570756777218,0.8611504373629992,0.0,0.0,0.0,1.0,0.5035831510987879,-0.08396320227559165,0.8598570756777218
1783095550851508404,49.689941463,0.033511518643153486,-0.8632965817421293,0.5035831510987879,-4.881698558475822,0.9964156322451483,-0.010298955341665335,-0.08396320227559165,-0.7815253369302418,0.07767152590062278,0.5045918583085002,0.8598570756777218,0.8611504373629992,0.0,0.0,0.0,1.0,0.5035831510987879,-0.08396320227559165,0.8598570756777218
1783095550861822901,49.70025596,0.033511518643153486,-0.8632965817421293,0.5035831510987879,-4.882015189737952,0.9964156322451483,-0.010298955341665335,-0.08396320227559163,-0.7815788906213849,0.07767152590062278,0.5045918583085002,0.859857075677722,0.8694679519692154,0.0,0.0,0.0,1.0,0.5035831510987879,-0.08396320227559163,0.859857075677722
1783095550871603375,49.710036434,0.033511518643153486,-0.8632965817421293,0.5035831510987879,-4.882015189737952,0.9964156322451483,-0.010298955341665335,-0.08396320227559163,-0.7815788906213849,0.07767152590062278,0.5045918583085002,0.859857075677722,0.8694679519692154,0.0,0.0,0.0,1.0,0.5035831510987879,-0.08396320227559163,0.859857075677722
1783095550881306812,49.719739871,0.03475270097841423,-0.8649688081142848,0.5006208253399557,-4.87834863835637,0.9963871838706884,-0.00885281695408099,-0.08446423769984708,-0.7809587454123216,0.07749083554165397,0.5017475347436507,0.8615361755525563,0.873378269681843,0.0,0.0,0.0,1.0,0.5006208253399558,-0.0844642376998471,0.8615361755525565
1783095550891226654,49.729659713,0.03475270097841423,-0.8649688081142848,0.5006208253399557,-4.87834863835637,0.9963871838706884,-0.00885281695408099,-0.08446423769984708,-0.7809587454123216,0.07749083554165397,0.5017475347436507,0.8615361755525563,0.873378269681843,0.0,0.0,0.0,1.0,0.5006208253399558,-0.0844642376998471,0.8615361755525565
1783095550902015101,49.74044816,0.03626230136839629,-0.864906835870436,0.5006208253399557,-4.878718477134893,0.9964011173486692,-0.007113782123957147,-0.0844642376998471,-0.7810212984008814,0.07661500405136722,0.5018820173790685,0.8615361755525565,0.8816276475772725,0.0,0.0,0.0,1.0,0.5006208253399557,-0.0844642376998471,0.8615361755525565
1783095550911629533,49.750062592,0.03626230136839629,-0.864906835870436,0.5006208253399557,-4.878718477134893,0.9964011173486692,-0.007113782123957147,-0.0844642376998471,-0.7810212984008814,0.07661500405136722,0.5018820173790685,0.8615361755525565,0.8816276475772725,0.0,0.0,0.0,1.0,0.5006208253399557,-0.0844642376998471,0.8615361755525565
1783095550921571098,49.760004157,0.036130152457008964,-0.8657692350495543,0.49913749981857974,-4.87838006418099,0.9963787662329338,-0.007259644724415206,-0.08471512119221644,-0.780964060645234,0.0769673065890313,0.5003907764939164,0.8623717901904291,0.8895937013922146,0.0,0.0,0.0,1.0,0.49913749981857974,-0.08471512119221644,0.8623717901904291
1783095550931541911,49.76997497,0.036130152457008964,-0.8657692350495543,0.49913749981857974,-4.87838006418099,0.9963787662329338,-0.007259644724415206,-0.08471512119221644,-0.780964060645234,0.0769673065890313,0.5003907764939164,0.8623717901904291,0.8895937013922146,0.0,0.0,0.0,1.0,0.49913749981857974,-0.08471512119221644,0.8623717901904291
1783095550941431627,49.779864686,0.0376411477556715,-0.8657048574834804,0.4991374998185799,-4.878822617569187,0.9963899191173997,-0.005520627012356228,-0.08471512119221644,-0.7810389122796128,0.07609384388278191,0.5005243474666317,0.8623717901904291,0.9062889588253156,0.0,0.0,0.0,1.0,0.4991374998185799,-0.08471512119221644,0.8623717901904291
1783095550951460133,49.789893192,0.0376411477556715,-0.8657048574834804,0.4991374998185799,-4.878822617569187,0.9963899191173997,-0.005520627012356228,-0.08471512119221644,-0.7810389122796128,0.07609384388278191,0.5005243474666317,0.8623717901904291,0.9062889588253156,0.0,0.0,0.0,1.0,0.4991374998185799,-0.08471512119221644,0.8623717901904291
1783095550961301346,49.799734405,0.039022275589186514,-0.8664981326076371,0.4976527385590471,-4.878440896636105,0.9963760909823968,-0.003927098307827112,-0.08496624751934977,-0.7809743495929861,0.07557742603767563,0.49916486663862714,0.86320477789871,0.9142577517589316,0.0,0.0,0.0,1.0,0.4976527385590471,-0.08496624751934977,0.86320477789871
1783095550971325014,49.809758073,0.039022275589186514,-0.8664981326076371,0.4976527385590471,-4.878440896636105,0.9963760909823968,-0.003927098307827112,-0.08496624751934977,-0.7809743495929861,0.07557742603767563,0.49916486663862714,0.86320477789871,0.9142577517589316,0.0,0.0,0.0,1.0,0.4976527385590471,-0.08496624751934977,0.86320477789871
1783095550985590530,49.824023589,0.039022275589186514,-0.866498132607637,0.4976527385590472,-4.8759626057645225,0.9963760909823968,-0.0039270983078270845,-0.08496624751934975,-0.7805551818108575,0.07557742603767559,0.49916486663862714,0.8632047778987099,0.9188423661248526,0.0,0.0,0.0,1.0,0.49765273855904724,-0.08496624751934977,0.86320477789871
1783095550991837611,49.83027067,0.039022275589186514,-0.866498132607637,0.4976527385590472,-4.8759626057645225,0.9963760909823968,-0.0039270983078270845,-0.08496624751934975,-0.7805551818108575,0.07557742603767559,0.49916486663862714,0.8632047778987099,0.9188423661248526,0.0,0.0,0.0,1.0,0.49765273855904724,-0.08496624751934977,0.86320477789871
1783095551001614225,49.840047284,0.04066278976678901,-0.8655681913074433,0.49913749981857974,-4.876721750570977,0.9964031193475095,-0.002042546435353351,-0.08471512119221643,-0.780683580397353,0.07434622574774326,0.5007869149656572,0.8623717901904289,0.9275661700981891,0.0,0.0,0.0,1.0,0.49913749981857986,-0.08471512119221644,0.8623717901904291
1783095551011538678,49.849971737,0.04066278976678901,-0.8655681913074433,0.49913749981857974,-4.876721750570977,0.9964031193475095,-0.002042546435353351,-0.08471512119221643,-0.780683580397353,0.07434622574774326,0.5007869149656572,0.8623717901904289,0.9275661700981891,0.0,0.0,0.0,1.0,0.49913749981857986,-0.08471512119221644,0.8623717901904291
1783095551021528426,49.859961485,0.04229955233776621,-0.8646326023855253,0.5006208253399558,-4.877541884827263,0.9964264989200773,-0.00015747908050774758,-0.08446423769984705,-0.7808222944850319,0.07310937095818594,0.5024046557232259,0.8615361755525562,0.9362276001307834,0.0,0.0,0.0,1.0,0.5006208253399559,-0.08446423769984707,0.8615361755525563
1783095551031472746,49.869905805,0.04229955233776621,-0.8646326023855253,0.5006208253399558,-4.877541884827263,0.9964264989200773,-0.00015747908050774758,-0.08446423769984705,-0.7808222944850319,0.07310937095818594,0.5024046557232259,0.8615361755525562,0.9362276001307834,0.0,0.0,0.0,1.0,0.5006208253399559,-0.08446423769984707,0.8615361755525563
1783095551041472698,49.879905757,0.04155824755418941,-0.8638947395994941,0.501954969048566,-4.878308661468371,0.9965916438051281,1.0221076703460228e-05,-0.08249300208697921,-0.7814075813409571,0.07126014003647113,0.5036723923224815,0.8609507033820989,0.9448246311866185,0.0,0.0,0.0,1.0,0.501954969048566,-0.08249300208697921,0.8609507033820989
1783095551051225947,49.889659006,0.04155824755418941,-0.8638947395994941,0.501954969048566,-4.878308661468371,0.9965916438051281,1.0221076703460228e-05,-0.08249300208697921,-0.7814075813409571,0.07126014003647113,0.5036723923224815,0.8609507033820989,0.9448246311866185,0.0,0.0,0.0,1.0,0.501954969048566,-0.08249300208697921,0.8609507033820989
1783095551061305200,49.899738259,0.0414492634351704,-0.8632123085107385,0.503136630545067,-4.878944995282284,0.9968885261316973,0.0019379973340434976,-0.0788004481795982,-0.7824268009595938,0.06704643933613581,0.5048373546023457,0.8606067745320456,0.9534229172787774,0.0,0.0,0.0,1.0,0.503136630545067,-0.0788004481795982,0.8606067745320456
1783095551071644425,49.910077484,0.0414492634351704,-0.8632123085107385,0.503136630545067,-4.878944995282284,0.9968885261316973,0.0019379973340434976,-0.0788004481795982,-0.7824268009595938,0.06704643933613581,0.5048373546023457,0.8606067745320456,0.9534229172787774,0.0,0.0,0.0,1.0,0.503136630545067,-0.0788004481795982,0.8606067745320456
1783095551081587639,49.920020698,0.041001040997593254,-0.8651324727479417,0.49986470092830687,-4.875110591115162,0.9971126592745767,0.003425303368108917,-0.07585915904634116,-0.7826903798324218,0.06391603360265205,0.5015317257102171,0.8627749815303155,0.957157132029511,0.0,0.0,0.0,1.0,0.49986470092830687,-0.07585915904634116,0.8627749815303155
1783095551091804045,49.930237104,0.041001040997593254,-0.8651324727479417,0.49986470092830687,-4.875110591115162,0.9971126592745767,0.003425303368108917,-0.07585915904634116,-0.7826903798324218,0.06391603360265205,0.5015317257102171,0.8627749815303155,0.957157132029511,0.0,0.0,0.0,1.0,0.49986470092830687,-0.07585915904634116,0.8627749815303155
1783095551101451822,49.939884881,0.03927634254642876,-0.8653933086414207,0.49955158920258724,-4.875163320937087,0.9973685376621126,0.0034640013026897786,-0.07241547332382622,-0.7836119224535488,0.060937418700782016,0.5010812529456973,0.8632521120440169,0.9737784873004421,0.0,0.0,0.0,1.0,0.49955158920258724,-0.07241547332382622,0.8632521120440169
1783095551111620950,49.950054009,0.03927634254642876,-0.8653933086414207,0.49955158920258724,-4.875163320937087,0.9973685376621126,0.0034640013026897786,-0.07241547332382622,-0.7836119224535488,0.060937418700782016,0.5010812529456973,0.8632521120440169,0.9737784873004421,0.0,0.0,0.0,1.0,0.49955158920258724,-0.07241547332382622,0.8632521120440169
1783095551121229767,49.959662826,0.03820857001239079,-0.8672423710791838,0.4964179438563473,-4.87400402321877,0.9974572059540435,0.0031919813463465647,-0.07119644334822875,-0.7838723435509833,0.06016001552494154,0.49787596955470736,0.8651591133843525,0.9813302123827599,0.0,0.0,0.0,1.0,0.4964179438563473,-0.07119644334822875,0.8651591133843525
1783095551131205888,49.969638947,0.03820857001239079,-0.8672423710791838,0.4964179438563473,-4.87400402321877,0.9974572059540435,0.0031919813463465647,-0.07119644334822875,-0.7838723435509833,0.06016001552494154,0.49787596955470736,0.8651591133843525,0.9813302123827599,0.0,0.0,0.0,1.0,0.4964179438563473,-0.07119644334822875,0.8651591133843525
1783095551141804452,49.980237511,0.03961979164102977,-0.8680300480251153,0.49492838657308547,-4.8734144360829355,0.9974328060590993,0.004788138500174067,-0.07144838085481348,-0.7837726232417438,0.05964955580214087,0.4964885793804518,0.8659913515950307,0.9893566065914479,0.0,0.0,0.0,1.0,0.49492838657308547,-0.07144838085481348,0.8659913515950307
1783095551152184892,49.990617951,0.03961979164102977,-0.8680300480251153,0.49492838657308547,-4.8734144360829355,0.9974328060590993,0.004788138500174067,-0.07144838085481348,-0.7837726232417438,0.05964955580214087,0.4964885793804518,0.8659913515950307,0.9893566065914479,0.0,0.0,0.0,1.0,0.49492838657308547,-0.07144838085481348,0.8659913515950307
1783095551161342970,49.999776029,0.03920425901814776,-0.8714270768768789,0.48895590369751785,-4.8682912213515515,0.9973625246042739,0.004213579207740802,-0.072458541699716,-0.7829061040688144,0.061082080758822974,0.49050697796879345,0.8692938996531003,0.9925826625744784,0.0,0.0,0.0,1.0,0.48895590369751785,-0.072458541699716,0.8692938996531003
1783095551171184311,50.00961737,0.03920425901814776,-0.8714270768768789,0.48895590369751785,-4.8682912213515515,0.9973625246042739,0.004213579207740802,-0.072458541699716,-0.7829061040688144,0.061082080758822974,0.49050697796879345,0.8692938996531003,0.9925826625744784,0.0,0.0,0.0,1.0,0.48895590369751785,-0.072458541699716,0.8692938996531003
1783095551181555574,50.019988633,0.038154536150838386,-0.8732384020572699,0.48579720516238073,-4.867085869412989,0.9974511563215106,0.003947950061817988,-0.07124327647708936,-0.7831588591062651,0.06029446180202598,0.4872772381948241,0.8711632860797273,1.0001458172678688,0.0,0.0,0.0,1.0,0.48579720516238073,-0.07124327647708936,0.8711632860797273
1783095551191463787,50.029896846,0.038154536150838386,-0.8732384020572699,0.48579720516238073,-4.867085869412989,0.9974511563215106,0.003947950061817988,-0.07124327647708936,-0.7831588591062651,0.06029446180202598,0.4872772381948241,0.8711632860797273,1.0001458172678688,0.0,0.0,0.0,1.0,0.48579720516238073,-0.07124327647708936,0.8711632860797273
1783095551202347196,50.040780255,0.039575959762525786,-0.8740079167132379,0.4842973311215547,-4.866435714795455,0.9974253925179731,0.005547181805656883,-0.0714969589170217,-0.7830488946657725,0.05980242277067242,0.4858800163585665,0.8719772244354533,1.0165441769235222,0.0,0.0,0.0,1.0,0.4842973311215547,-0.0714969589170217,0.8719772244354533
1783095551211530981,50.04996404,0.039575959762525786,-0.8740079167132379,0.4842973311215547,-4.866435714795455,0.9974253925179731,0.005547181805656883,-0.0714969589170217,-0.7830488946657725,0.05980242277067242,0.4858800163585665,0.8719772244354533,1.0165441769235222,0.0,0.0,0.0,1.0,0.4842973311215547,-0.0714969589170217,0.8719772244354533
1783095551221527937,50.059960996,0.038437057602000065,-0.8766327900433472,0.4796222930845867,-4.86447910616002,0.9974958513920259,0.0051439498226177735,-0.07053769372413327,-0.7831747072464893,0.059368502243174096,0.48113250898379245,0.8746352895580894,1.023841232571024,0.0,0.0,0.0,1.0,0.47962229308458676,-0.07053769372413328,0.8746352895580896
1783095551231566017,50.069999076,0.038437057602000065,-0.8766327900433472,0.4796222930845867,-4.86447910616002,0.9974958513920259,0.0051439498226177735,-0.07053769372413327,-0.7831747072464893,0.059368502243174096,0.48113250898379245,0.8746352895580894,1.023841232571024,0.0,0.0,0.0,1.0,0.47962229308458676,-0.07053769372413328,0.8746352895580896
1783095551241160761,50.07959382,0.03740959669739279,-0.8784107856594632,0.4764399371505953,-4.8631307101489485,0.9975821402385053,0.004883487879408532,-0.06932550052682629,-0.7834035109503792,0.05856957872566389,0.47788141121334327,0.8764696008787995,1.0314812664234836,0.0,0.0,0.0,1.0,0.4764399371505952,-0.06932550052682628,0.8764696008787993
1783095551251537892,50.089970951,0.03740959669739279,-0.8784107856594632,0.4764399371505953,-4.8631307101489485,0.9975821402385053,0.004883487879408532,-0.06932550052682629,-0.7834035109503792,0.05856957872566389,0.47788141121334327,0.8764696008787995,1.0314812664234836,0.0,0.0,0.0,1.0,0.4764399371505952,-0.06932550052682628,0.8764696008787993
1783095551261541844,50.099974903,0.037828248219269923,-0.8809275191735431,0.4717369283821316,-4.861134772992988,0.9976405915871764,0.006227890016931794,-0.06837004756123573,-0.7835229114304318,0.057291130677007425,0.473210227434577,0.87908464154316,1.0387956098862385,0.0,0.0,0.0,1.0,0.4717369283821316,-0.06837004756123573,0.87908464154316
1783095551291919620,50.130352679,0.037828248219269923,-0.8809275191735431,0.4717369283821316,-4.861134772992988,0.9976405915871764,0.006227890016931794,-0.06837004756123573,-0.7835229114304318,0.057291130677007425,0.473210227434577,0.87908464154316,1.0387956098862385,0.0,0.0,0.0,1.0,0.4717369283821316,-0.06837004756123573,0.87908464154316
1783095551291954956,50.130388015,0.036918687662923645,-0.8818675034545506,0.4700496961514662,-4.86036728325138,0.9977407127424587,0.0061086741045030925,-0.06690406741637879,-0.7838502041755584,0.05612914249672687,0.47145772923086465,0.8801006356724547,1.0550823102174895,0.0,0.0,0.0,1.0,0.47004969615146625,-0.0669040674163788,0.8801006356724548
1783095551291969600,50.130402659,0.036918687662923645,-0.8818675034545506,0.4700496961514662,-4.86036728325138,0.9977407127424587,0.0061086741045030925,-0.06690406741637879,-0.7838502041755584,0.05612914249672687,0.47145772923086465,0.8801006356724547,1.0550823102174895,0.0,0.0,0.0,1.0,0.47004969615146625,-0.0669040674163788,0.8801006356724548
1783095551301620172,50.140053231,0.035021445338525074,-0.8845410232399421,0.4651458659087887,-4.858273293484618,0.9979186803976691,0.005734605334168093,-0.06422944507806545,-0.7844105888060607,0.05414615110767892,0.46642715670005486,0.8829008448364555,1.0623530177424385,0.0,0.0,0.0,1.0,0.46514586590878876,-0.06422944507806547,0.8829008448364556
1783095551311395581,50.14982864,0.035021445338525074,-0.8845410232399421,0.4651458659087887,-4.858273293484618,0.9979186803976691,0.005734605334168093,-0.06422944507806545,-0.7844105888060607,0.05414615110767892,0.46642715670005486,0.8829008448364555,1.0623530177424385,0.0,0.0,0.0,1.0,0.46514586590878876,-0.06422944507806547,0.8829008448364556
1783095551321592207,50.160025266,0.034739192431479216,-0.8869372421986339,0.4605817157793943,-4.856251676149935,0.9978709413181275,0.005329318853099147,-0.06500140639583367,-0.7840686608813733,0.05519758130645744,0.46185920664380403,0.8852340369960212,1.0697491814599964,0.0,0.0,0.0,1.0,0.4605817157793943,-0.06500140639583367,0.8852340369960212
1783095551331362056,50.169795115,0.034739192431479216,-0.8869372421986339,0.4605817157793943,-4.856251676149935,0.9978709413181275,0.005329318853099147,-0.06500140639583367,-0.7840686608813733,0.05519758130645744,0.46185920664380403,0.8852340369960212,1.0697491814599964,0.0,0.0,0.0,1.0,0.4605817157793943,-0.06500140639583367,0.8852340369960212
1783095551341477113,50.179910172,0.0337592364941343,-0.8886451243094257,0.45735124028739504,-4.852071222991589,0.9979500930132307,0.0050788046652314916,-0.06379512205534776,-0.7838190442505357,0.05436842655638847,0.45856738739716074,0.8869949410281461,1.0819632839457796,0.0,0.0,0.0,1.0,0.45735124028739516,-0.06379512205534778,0.8869949410281464
1783095551351665862,50.190098921,0.0337592364941343,-0.8886451243094257,0.45735124028739504,-4.852071222991589,0.9979500930132307,0.0050788046652314916,-0.06379512205534776,-0.7838190442505357,0.05436842655638847,0.45856738739716074,0.8869949410281461,1.0819632839457796,0.0,0.0,0.0,1.0,0.45735124028739516,-0.06379512205534778,0.8869949410281464
1783095551361479464,50.199912523,0.03425055112542165,-0.8910645199120397,0.45258250198337424,-4.8499564937019075,0.9980022991791033,0.00643944367088271,-0.06284858310600663,-0.7839189277605738,0.053087763004556615,0.45383097615647117,0.8895049940838086,1.089314270967952,0.0,0.0,0.0,1.0,0.4525825019833743,-0.06284858310600665,0.8895049940838087
1783095551371578012,50.210011071,0.03425055112542165,-0.8910645199120397,0.45258250198337424,-4.8499564937019075,0.9980022991791033,0.00643944367088271,-0.06284858310600663,-0.7839189277605738,0.053087763004556615,0.45383097615647117,0.8895049940838086,1.089314270967952,0.0,0.0,0.0,1.0,0.4525825019833743,-0.06284858310600665,0.8895049940838087
1783095551381260988,50.219694047,0.03397377237628349,-0.8933956240225015,0.44798442134517324,-4.847870083568808,0.9979554859757999,0.0060451704436772094,-0.06362628328852468,-0.7835660410521855,0.05413530087964028,0.4492301357787032,0.891774441384658,1.096731556847961,0.0,0.0,0.0,1.0,0.44798442134517324,-0.06362628328852468,0.891774441384658
1783095551391431387,50.229864446,0.03397377237628349,-0.8933956240225015,0.44798442134517324,-4.847870083568808,0.9979554859757999,0.0060451704436772094,-0.06362628328852468,-0.7835660410521855,0.05413530087964028,0.4492301357787032,0.891774441384658,1.096731556847961,0.0,0.0,0.0,1.0,0.44798442134517324,-0.06362628328852468,0.891774441384658
1783095551402169410,50.240602469,0.033019453136860395,-0.895057932426469,0.4447257731625153,-4.846356163330411,0.9980328623125873,0.005801834473700452,-0.062423909368799706,-0.7837676537266166,0.05329278993153779,0.44591213968358623,0.8934888036366874,1.1044131294156976,0.0,0.0,0.0,1.0,0.4447257731625153,-0.062423909368799706,0.8934888036366874
1783095551412103938,50.250536997,0.033019453136860395,-0.895057932426469,0.4447257731625153,-4.846356163330411,0.9980328623125873,0.005801834473700452,-0.062423909368799706,-0.7837676537266166,0.05329278993153779,0.44591213968358623,0.8934888036366874,1.1044131294156976,0.0,0.0,0.0,1.0,0.4447257731625153,-0.062423909368799706,0.8934888036366874
1783095551421723927,50.260156986,0.03283483642849015,-0.8965873623276,0.4416480218807181,-4.844659675786905,0.9980016370124907,0.005543153078820915,-0.06294446738461897,-0.7834807168988319,0.053987091393247866,0.4428322201109376,0.8949776638522973,1.12051633884476,0.0,0.0,0.0,1.0,0.4416480218807181,-0.06294446738461897,0.8949776638522973
1783095551431843895,50.270276954,0.03283483642849015,-0.8965873623276,0.4416480218807181,-4.844659675786905,0.9980016370124907,0.005543153078820915,-0.06294446738461897,-0.7834807168988319,0.053987091393247866,0.4428322201109376,0.8949776638522973,1.12051633884476,0.0,0.0,0.0,1.0,0.4416480218807181,-0.06294446738461897,0.8949776638522973
1783095551441657687,50.280090746,0.03245843979423645,-0.8996143745789734,0.43547724020550915,-4.8393933579888,0.9979379748555623,0.005031176850996801,-0.06398816766147337,-0.7825899938700187,0.05537371242117295,0.43665623127395836,0.8979226512692063,1.1237457352019808,0.0,0.0,0.0,1.0,0.43547724020550915,-0.06398816766147337,0.8979226512692063
1783095551451718695,50.290151754,0.03245843979423645,-0.8996143745789734,0.43547724020550915,-4.8393933579888,0.9979379748555623,0.005031176850996801,-0.06398816766147337,-0.7825899938700187,0.05537371242117295,0.43665623127395836,0.8979226512692063,1.1237457352019808,0.0,0.0,0.0,1.0,0.43547724020550915,-0.06398816766147337,0.8979226512692063
1783095551461668279,50.300101338,0.03226666445461938,-0.9011119200460894,0.4323842850009967,-4.837868688965188,0.9979055387744324,0.004777888256310265,-0.0645112972053716,-0.7823321177101076,0.05606601509187695,0.43356023726197535,0.8993787425868243,1.1314956208785507,0.0,0.0,0.0,1.0,0.4323842850009967,-0.0645112972053716,0.8993787425868243
1783095551471610131,50.31004319,0.03226666445461938,-0.9011119200460894,0.4323842850009967,-4.837868688965188,0.9979055387744324,0.004777888256310265,-0.0645112972053716,-0.7823321177101076,0.05606601509187695,0.43356023726197535,0.8993787425868243,1.1314956208785507,0.0,0.0,0.0,1.0,0.4323842850009967,-0.0645112972053716,0.8993787425868243
1783095551481480485,50.319913544,0.032072507539283916,-0.9025988007014659,0.42928633711360753,-4.83606215762454,0.997872699883518,0.004526403463402951,-0.0650352711908293,-0.7820265685334198,0.056757634617034515,0.4304589604642488,0.9008238752768032,1.1476050074770965,0.0,0.0,0.0,1.0,0.42928633711360753,-0.0650352711908293,0.9008238752768032
1783095551491666774,50.330099833,0.032072507539283916,-0.9025988007014659,0.42928633711360753,-4.83606215762454,0.997872699883518,0.004526403463402951,-0.0650352711908293,-0.7820265685334198,0.056757634617034515,0.4304589604642488,0.9008238752768032,1.1476050074770965,0.0,0.0,0.0,1.0,0.42928633711360753,-0.0650352711908293,0.9008238752768032
1783095551502243768,50.340676827,0.03177681189478541,-0.90480908556686,0.42463013659120535,-4.833843356557762,0.9978226871554277,0.004152565099422818,-0.06582280152816798,-0.7816512897746548,0.057793764574778805,0.4257972227231612,0.9029709884030149,1.1550657541154203,0.0,0.0,0.0,1.0,0.42463013659120535,-0.06582280152816798,0.9029709884030149
1783095551511665086,50.350098145,0.03177681189478541,-0.90480908556686,0.42463013659120535,-4.833843356557762,0.9978226871554277,0.004152565099422818,-0.06582280152816798,-0.7816512897746548,0.057793764574778805,0.4257972227231612,0.9029709884030149,1.1550657541154203,0.0,0.0,0.0,1.0,0.42463013659120535,-0.06582280152816798,0.9029709884030149
1783095551521603551,50.36003661,0.03157671145365949,-0.9062692252151986,0.4215198722736759,-4.8322539649030265,0.9977888430013488,0.003905603168920638,-0.06634885866325303,-0.7813824666988454,0.05848363938574391,0.4226829044233166,0.9043886477795195,1.162829765142749,0.0,0.0,0.0,1.0,0.4215198722736759,-0.06634885866325303,0.9043886477795195
1783095551531455099,50.369888158,0.03157671145365949,-0.9062692252151986,0.4215198722736759,-4.8322539649030265,0.9977888430013488,0.003905603168920638,-0.06634885866325303,-0.7813824666988454,0.05848363938574391,0.4226829044233166,0.9043886477795195,1.162829765142749,0.0,0.0,0.0,1.0,0.4215198722736759,-0.06634885866325303,0.9043886477795195
1783095551541289830,50.379722889,0.03137423784366048,-0.9077186372117676,0.41840474765248653,-4.830325261742164,0.9977545974593844,0.0036604556686983887,-0.06687573784982885,-0.7810562538900129,0.05917280159322322,0.41956343587437284,0.9057952874843742,1.1789511179309438,0.0,0.0,0.0,1.0,0.41840474765248653,-0.06687573784982885,0.9057952874843742
1783095551551213564,50.389646623,0.03137423784366048,-0.9077186372117676,0.41840474765248653,-4.830325261742164,0.9977545974593844,0.0036604556686983887,-0.06687573784982885,-0.7810562538900129,0.05917280159322322,0.41956343587437284,0.9057952874843742,1.1789511179309438,0.0,0.0,0.0,1.0,0.41840474765248653,-0.06687573784982885,0.9057952874843742
1783095551561514099,50.399947158,0.031066083141646283,-0.9098726022627904,0.4137230306978019,-4.828038330693413,0.9977024774582672,0.0032961430032351214,-0.06766758393010568,-0.7806694519102383,0.06020519040640924,0.41487465949710656,0.907884547701572,1.1864337721570768,0.0,0.0,0.0,1.0,0.4137230306978019,-0.06766758393010568,0.907884547701572
1783095551571652017,50.410085076,0.031066083141646283,-0.9098726022627904,0.4137230306978019,-4.828038330693413,0.9977024774582672,0.0032961430032351214,-0.06766758393010568,-0.7806694519102383,0.06020519040640924,0.41487465949710656,0.907884547701572,1.1864337721570768,0.0,0.0,0.0,1.0,0.4137230306978019,-0.06766758393010568,0.907884547701572
1783095551581470378,50.419903437,0.030962181014220966,-0.910585207738134,0.4121600693848715,-4.826669763337588,0.9976849038857658,0.0031756158851081015,-0.06793193668813172,-0.7804379781353832,0.06054895461767032,0.41330920013018063,0.9085754394558867,1.2028496074856645,0.0,0.0,0.0,1.0,0.4121600693848715,-0.06793193668813172,0.9085754394558867
1783095551591359660,50.429792719,0.030962181014220966,-0.910585207738134,0.4121600693848715,-4.826669763337588,0.9976849038857658,0.0031756158851081015,-0.06793193668813172,-0.7804379781353832,0.06054895461767032,0.41330920013018063,0.9085754394558867,1.2028496074856645,0.0,0.0,0.0,1.0,0.4121600693848715,-0.06793193668813172,0.9085754394558867
1783095551601279273,50.439712332,0.03075260281555441,-0.9120023313397333,0.40903059182775114,-4.824986126630055,0.9976494567033044,0.002935929509349893,-0.06846124347043096,-0.7801532148443994,0.06123592866667617,0.41017450914069215,0.9099489178473273,1.2106284349689913,0.0,0.0,0.0,1.0,0.40903059182775114,-0.06846124347043096,0.9099489178473273
1783095551611234887,50.449667946,0.03075260281555441,-0.9120023313397333,0.40903059182775114,-4.824986126630055,0.9976494567033044,0.002935929509349893,-0.06846124347043096,-0.7801532148443994,0.06123592866667617,0.41017450914069215,0.9099489178473273,1.2106284349689913,0.0,0.0,0.0,1.0,0.40903059182775114,-0.06846124347043096,0.9099489178473273
1783095551621381756,50.459814815,0.030540661489501495,-0.9134086574335922,0.40589640614465466,-4.823286159091776,0.9976136098313324,0.002698069379019105,-0.06899134656552226,-0.7798656894248118,0.06192215657647654,0.40703482031269594,0.9113113088170965,1.2184111936016433,0.0,0.0,0.0,1.0,0.40589640614465466,-0.06899134656552226,0.9113113088170965
1783095551631821508,50.470254567,0.030540661489501495,-0.9134086574335922,0.40589640614465466,-4.823286159091776,0.9976136098313324,0.002698069379019105,-0.06899134656552226,-0.7798656894248118,0.06192215657647654,0.40703482031269594,0.9113113088170965,1.2184111936016433,0.0,0.0,0.0,1.0,0.40589640614465466,-0.06899134656552226,0.9113113088170965
1783095551641862774,50.480295833,0.030218324293512292,-0.9154978637992451,0.40118638343781143,-4.818032682261095,0.9975590910623333,0.0023447097275184643,-0.06978798016266796,-0.7789771382636752,0.06295008114199205,0.4023159998251525,0.9133340700800033,1.2303646286292205,0.0,0.0,0.0,1.0,0.40118638343781143,-0.06978798016266796,0.9133340700800033
1783095551651654155,50.490087214,0.030218324293512292,-0.9154978637992451,0.40118638343781143,-4.818032682261095,0.9975590910623333,0.0023447097275184643,-0.06978798016266796,-0.7789771382636752,0.06295008114199205,0.4023159998251525,0.9133340700800033,1.2303646286292205,0.0,0.0,0.0,1.0,0.40118638343781143,-0.06978798016266796,0.9133340700800033
1783095551661535709,50.499968768,0.03000048651005061,-0.9168771214437669,0.3980405946409892,-4.816291498679256,0.9975222468881468,0.0021114278418177053,-0.0703200457600232,-0.7786826417343747,0.06363440714254538,0.39916398390318325,0.9146686701654081,1.2381524021488532,0.0,0.0,0.0,1.0,0.3980405946409892,-0.0703200457600232,0.9146686701654081
1783095551671488300,50.509921359,0.03000048651005061,-0.9168771214437669,0.3980405946409892,-4.816291498679256,0.9975222468881468,0.0021114278418177053,-0.0703200457600232,-0.7786826417343747,0.06363440714254538,0.39916398390318325,0.9146686701654081,1.2381524021488532,0.0,0.0,0.0,1.0,0.3980405946409892,-0.0703200457600232,0.9146686701654081
1783095551681545856,50.519978915,0.029780294763486936,-0.9182455221828694,0.3948902316276124,-4.814534052575701,0.9974850045744587,0.0018799822478199643,-0.07085288502128935,-0.7783853946299754,0.06431795777923921,0.3960071043022554,0.9159921253205459,1.24594404093675,0.0,0.0,0.0,1.0,0.3948902316276124,-0.07085288502128935,0.9159921253205459
1783095551691272545,50.529705604,0.029780294763486936,-0.9182455221828694,0.3948902316276124,-4.814534052575701,0.9974850045744587,0.0018799822478199643,-0.07085288502128935,-0.7783853946299754,0.06431795777923921,0.3960071043022554,0.9159921253205459,1.24594404093675,0.0,0.0,0.0,1.0,0.3948902316276124,-0.07085288502128935,0.9159921253205459
1783095551701178081,50.53961114,0.029557751736783665,-0.9196030493430499,0.39173533278379474,-4.812760361292986,0.9974473645750538,0.0016503757656120205,-0.07138649145399927,-0.7780853998837245,0.06500072472323898,0.3928453994878851,0.9173044194195609,1.2537395262948328,0.0,0.0,0.0,1.0,0.39173533278379474,-0.07138649145399927,0.9173044194195609
1783095551711762684,50.550195743,0.029557751736783665,-0.9196030493430499,0.39173533278379474,-4.812760361292986,0.9974473645750538,0.0016503757656120205,-0.07138649145399927,-0.7780853998837245,0.06500072472323898,0.3928453994878851,0.9173044194195609,1.2537395262948328,0.0,0.0,0.0,1.0,0.39173533278379474,-0.07138649145399927,0.9173044194195609
1783095551721867388,50.560300447,0.027952698786147753,-0.919653236649195,0.3917353327837949,-4.811797555903112,0.9974487258239981,-9.049845648130885e-05,-0.07138649145399924,-0.7779225549955306,0.06568626936166659,0.3927313536384498,0.9173044194195608,1.2704209700285838,0.0,0.0,0.0,1.0,0.39173533278379497,-0.07138649145399925,0.9173044194195609
1783095551731654212,50.570087271,0.027952698786147753,-0.919653236649195,0.3917353327837949,-4.811797555903112,0.9974487258239981,-9.049845648130885e-05,-0.07138649145399924,-0.7779225549955306,0.06568626936166659,0.3927313536384498,0.9173044194195608,1.2704209700285838,0.0,0.0,0.0,1.0,0.39173533278379497,-0.07138649145399925,0.9173044194195609
1783095551741516973,50.579950032,0.027725457211606023,-0.9209994791290516,0.3885759365509182,-4.809978931456896,0.9974102911318076,-0.0003181962949228195,-0.07192085855633792,-0.7776149604414017,0.06636271669220808,0.3895636766885917,0.9186055364725907,1.2782185535209958,0.0,0.0,0.0,1.0,0.3885759365509182,-0.07192085855633792,0.9186055364725907
1783095551751314701,50.58974776,0.027725457211606023,-0.9209994791290516,0.3885759365509182,-4.809978931456896,0.9974102911318076,-0.0003181962949228195,-0.07192085855633792,-0.7776149604414017,0.06636271669220808,0.3895636766885917,0.9186055364725907,1.2782185535209958,0.0,0.0,0.0,1.0,0.3885759365509182,-0.07192085855633792,0.9186055364725907
1783095551761356208,50.599789267,0.027610963704197466,-0.9216685099118038,0.38699456394151166,-4.808271475172654,0.9973909261774679,-0.0004313533712763336,-0.07218832532426431,-0.7773261684065552,0.06670063764446499,0.3879780557856647,0.9192518986472629,1.2946254859225603,0.0,0.0,0.0,1.0,0.38699456394151166,-0.07218832532426431,0.9192518986472629
1783095551771354167,50.609787226,0.027610963704197466,-0.9216685099118038,0.38699456394151166,-4.808271475172654,0.9973909261774679,-0.0004313533712763336,-0.07218832532426431,-0.7773261684065552,0.06670063764446499,0.3879780557856647,0.9192518986472629,1.2946254859225603,0.0,0.0,0.0,1.0,0.38699456394151166,-0.07218832532426431,0.9192518986472629
1783095551781664474,50.620097533,0.027380232992936356,-0.922998380373061,0.38382849382238265,-4.806407024974592,0.9973519013472443,-0.000656282114772586,-0.07272382121988978,-0.7770108230758793,0.06737586897613404,0.3848032732741396,0.9205362204482878,1.3024272785555655,0.0,0.0,0.0,1.0,0.3838284938223827,-0.0727238212198898,0.9205362204482879
1783095551791539710,50.629972769,0.027380232992936356,-0.922998380373061,0.38382849382238265,-4.806407024974592,0.9973519013472443,-0.000656282114772586,-0.07272382121988978,-0.7770108230758793,0.06737586897613404,0.3848032732741396,0.9205362204482878,1.3024272785555655,0.0,0.0,0.0,1.0,0.3838284938223827,-0.0727238212198898,0.9205362204482879
1783095551802009530,50.640442589,0.027263996491928306,-0.9236592160005564,0.38224380595704255,-4.8051867770922545,0.9973322415902366,-0.0007680530967445211,-0.07299184871637829,-0.7768044354381924,0.06771317729867789,0.38321412133646326,0.9211741761623803,1.310497263535952,0.0,0.0,0.0,1.0,0.3822438059570426,-0.0729918487163783,0.9211741761623804
1783095551811304277,50.649737336,0.027263996491928306,-0.9236592160005564,0.38224380595704255,-4.8051867770922545,0.9973322415902366,-0.0007680530967445211,-0.07299184871637829,-0.7768044354381924,0.06771317729867789,0.38321412133646326,0.9211741761623803,1.310497263535952,0.0,0.0,0.0,1.0,0.3822438059570426,-0.0729918487163783,0.9211741761623804
1783095551821188680,50.659621739,0.027263996491928323,-0.9236592160005566,0.3822438059570425,-4.804023100433144,0.9973322415902366,-0.0007680530967444937,-0.07299184871637827,-0.7766076160212682,0.06771317729867792,0.38321412133646326,0.9211741761623804,1.3271655326863128,0.0,0.0,0.0,1.0,0.3822438059570425,-0.07299184871637827,0.9211741761623804
1783095551831130943,50.669564002,0.027263996491928323,-0.9236592160005566,0.3822438059570425,-4.804023100433144,0.9973322415902366,-0.0007680530967444937,-0.07299184871637827,-0.7766076160212682,0.06771317729867792,0.38321412133646326,0.9211741761623804,1.3271655326863128,0.0,0.0,0.0,1.0,0.3822438059570425,-0.07299184871637827,0.9211741761623804
1783095551841153370,50.679586429,0.027029782969536145,-0.9249726779842053,0.37907114875092635,-4.802098535287236,0.9972926276918634,-0.0009902065787708852,-0.07352845872442484,-0.7762821030990269,0.06838717411969776,0.3800323203013902,0.9224416675011291,1.3349702652629922,0.0,0.0,0.0,1.0,0.37907114875092635,-0.07352845872442484,0.9224416675011291
1783095551851169925,50.689602984,0.027029782969536145,-0.9249726779842053,0.37907114875092635,-4.802098535287236,0.9972926276918634,-0.0009902065787708852,-0.07352845872442484,-0.7762821030990269,0.06838717411969776,0.3800323203013902,0.9224416675011291,1.3349702652629922,0.0,0.0,0.0,1.0,0.37907114875092635,-0.07352845872442484,0.9224416675011291
1783095551861528187,50.699961246,0.02679325113443157,-0.9262751809498831,0.3758941484645759,-4.797786356470269,0.997252621683747,-0.001210506498202918,-0.07406580330294908,-0.7755527591581782,0.0690603376659904,0.3768458887002474,0.923697919198252,1.3388207422618084,0.0,0.0,0.0,1.0,0.3758941484645759,-0.07406580330294908,0.923697919198252
1783095551871339465,50.709772524,0.02679325113443157,-0.9262751809498831,0.3758941484645759,-4.797786356470269,0.997252621683747,-0.001210506498202918,-0.07406580330294908,-0.7755527591581782,0.0690603376659904,0.3768458887002474,0.923697919198252,1.3388207422618084,0.0,0.0,0.0,1.0,0.3758941484645759,-0.07406580330294908,0.923697919198252
1783095551881409875,50.719842934,0.026674116749153633,-0.9269223178362107,0.3743040317613465,-4.796498961106781,0.9972324717906796,-0.0013199605322252897,-0.0743347490104368,-0.7753350144755733,0.06939660439750482,0.3752509485682082,0.9243218253924097,1.3468871097375754,0.0,0.0,0.0,1.0,0.3743040317613465,-0.0743347490104368,0.9243218253924097
1783095551891268142,50.729701201,0.026674116749153633,-0.9269223178362107,0.3743040317613465,-4.796498961106781,0.9972324717906796,-0.0013199605322252897,-0.0743347490104368,-0.7753350144755733,0.06939660439750482,0.3752509485682082,0.9243218253924097,1.3468871097375754,0.0,0.0,0.0,1.0,0.3743040317613465,-0.0743347490104368,0.9243218253924097
1783095551901610528,50.740043587,0.026793251134431602,-0.9262751809498833,0.37589414846457603,-4.795867745647036,0.997252621683747,-0.001210506498202918,-0.07406580330294908,-0.7752282533252416,0.06906033766599042,0.37684588870024727,0.923697919198252,1.3637959162010906,0.0,0.0,0.0,1.0,0.3758941484645759,-0.07406580330294907,0.9236979191982517
1783095551911220975,50.749654034,0.026793251134431602,-0.9262751809498833,0.37589414846457603,-4.795867745647036,0.997252621683747,-0.001210506498202918,-0.07406580330294908,-0.7752282533252416,0.06906033766599042,0.37684588870024727,0.923697919198252,1.3637959162010906,0.0,0.0,0.0,1.0,0.3758941484645759,-0.07406580330294907,0.9236979191982517
1783095551921737697,50.760170756,0.026674116749153695,-0.9269223178362109,0.3743040317613467,-4.794537373782923,0.9972324717906796,-0.0013199605322252897,-0.07433474901043677,-0.7750032397765573,0.0693966043975048,0.37525094856820834,0.9243218253924097,1.3718588494756074,0.0,0.0,0.0,1.0,0.3743040317613467,-0.07433474901043677,0.9243218253924097
1783095551931763444,50.770196503,0.026674116749153695,-0.9269223178362109,0.3743040317613467,-4.794537373782923,0.9972324717906796,-0.0013199605322252897,-0.07433474901043677,-0.7750032397765573,0.0693966043975048,0.37525094856820834,0.9243218253924097,1.3718588494756074,0.0,0.0,0.0,1.0,0.3743040317613467,-0.07433474901043677,0.9243218253924097
1783095551941988645,50.780421704,0.026674116749153664,-0.9269223178362108,0.3743040317613466,-4.7931580381428684,0.9972324717906796,-0.0013199605322252897,-0.0743347490104368,-0.7747699446990173,0.06939660439750484,0.3752509485682081,0.9243218253924097,1.3885007410104124,0.0,0.0,0.0,1.0,0.3743040317613466,-0.0743347490104368,0.9243218253924097
1783095551951565412,50.789998471,0.026674116749153664,-0.9269223178362108,0.3743040317613466,-4.7931580381428684,0.9972324717906796,-0.0013199605322252897,-0.0743347490104368,-0.7747699446990173,0.06939660439750484,0.3752509485682081,0.9243218253924097,1.3885007410104124,0.0,0.0,0.0,1.0,0.3743040317613466,-0.0743347490104368,0.9243218253924097
1783095551961336421,50.79976948,0.02667411674915366,-0.9269223178362107,0.3743040317613467,-4.792446893332693,0.9972324717906796,-0.0013199605322252621,-0.07433474901043677,-0.7746496646317051,0.06939660439750481,0.3752509485682083,0.9243218253924097,1.3968198302441623,0.0,0.0,0.0,1.0,0.3743040317613467,-0.07433474901043677,0.9243218253924097
1783095551971387009,50.809820068,0.02667411674915366,-0.9269223178362107,0.3743040317613467,-4.792446893332693,0.9972324717906796,-0.0013199605322252621,-0.07433474901043677,-0.7746496646317051,0.06939660439750481,0.3752509485682083,0.9243218253924097,1.3968198302441623,0.0,0.0,0.0,1.0,0.3743040317613467,-0.07433474901043677,0.9243218253924097
1783095551981277256,50.819710315,0.026554403868675445,-0.927566709027028,0.37271284380867264,-4.791058802057858,0.9972122240533468,-0.0014289501707601053,-0.07460387590458784,-0.7744148886626144,0.06973265973528421,0.37365486535863307,0.9249429159467437,1.404879002206346,0.0,0.0,0.0,1.0,0.37271284380867264,-0.07460387590458784,0.9249429159467437
1783095551991655118,50.830088177,0.026554403868675445,-0.927566709027028,0.37271284380867264,-4.791058802057858,0.9972122240533468,-0.0014289501707601053,-0.07460387590458784,-0.7744148886626144,0.06973265973528421,0.37365486535863307,0.9249429159467437,1.404879002206346,0.0,0.0,0.0,1.0,0.37271284380867264,-0.07460387590458784,0.9249429159467437
1783095552001492518,50.839925577,0.026554403868675476,-0.9275667090270281,0.3727128438086728,-4.790319029218329,0.9972122240533468,-0.0014289501707601328,-0.07460387590458782,-0.7742897665698126,0.0697326597352842,0.37365486535863335,0.9249429159467438,1.4131955231449664,0.0,0.0,0.0,1.0,0.37271284380867276,-0.07460387590458781,0.9249429159467436
1783095552011719406,50.850152465,0.026554403868675476,-0.9275667090270281,0.3727128438086728,-4.790319029218329,0.9972122240533468,-0.0014289501707601328,-0.07460387590458782,-0.7742897665698126,0.0697326597352842,0.37365486535863335,0.9249429159467438,1.4131955231449664,0.0,0.0,0.0,1.0,0.37271284380867276,-0.07460387590458781,0.9249429159467436
1783095552021690715,50.860123774,0.027197253915178583,-0.9274660414826269,0.3729169495692301,-4.789618217326035,0.9970821014718053,-0.0014493268057563992,-0.07632288239039718,-0.7737135633394966,0.07132736013649736,0.373904588562853,0.924720371976092,1.4215688059101033,0.0,0.0,0.0,1.0,0.3729169495692301,-0.07632288239039718,0.924720371976092
1783095552031485482,50.869918541,0.027197253915178583,-0.9274660414826269,0.3729169495692301,-4.789618217326035,0.9970821014718053,-0.0014493268057563992,-0.07632288239039718,-0.7737135633394966,0.07132736013649736,0.373904588562853,0.924720371976092,1.4215688059101033,0.0,0.0,0.0,1.0,0.3729169495692301,-0.07632288239039718,0.924720371976092
1783095552041486922,50.879919981,0.027319710173678007,-0.9268212206906447,0.37450775467742903,-4.7887296590201185,0.9971028132126553,-0.0013402645062721879,-0.07605382024896397,-0.7735632762934302,0.0709902339722495,0.3755005040856221,0.9240994308579618,1.4384537425142399,0.0,0.0,0.0,1.0,0.37450775467742903,-0.07605382024896397,0.9240994308579618
1783095552051553006,50.889986065,0.027319710173678007,-0.9268212206906447,0.37450775467742903,-4.7887296590201185,0.9971028132126553,-0.0013402645062721879,-0.07605382024896397,-0.7735632762934302,0.0709902339722495,0.3755005040856221,0.9240994308579618,1.4384537425142399,0.0,0.0,0.0,1.0,0.37450775467742903,-0.07605382024896397,0.9240994308579618
1783095552061231619,50.899664678,0.02796565389697311,-0.9267200686898024,0.37471033677986904,-4.785696311243537,0.9969701906153012,-0.0013610326329610738,-0.07777265981475635,-0.7725926684988313,0.0725834776419849,0.37574999917197627,0.9238742213611416,1.4428162455217166,0.0,0.0,0.0,1.0,0.374710336779869,-0.07777265981475634,0.9238742213611414
1783095552071242928,50.909675987,0.02796565389697311,-0.9267200686898024,0.37471033677986904,-4.785696311243537,0.9969701906153012,-0.0013610326329610738,-0.07777265981475635,-0.7725926684988313,0.0725834776419849,0.37574999917197627,0.9238742213611416,1.4428162455217166,0.0,0.0,0.0,1.0,0.374710336779869,-0.07777265981475634,0.9238742213611414
1783095552081684501,50.92011756,0.028611945951385574,-0.9266188621418093,0.3749117774515672,-4.784944484235074,0.9968346044026082,-0.0013822648490287475,-0.07949126247193956,-0.7720080598326859,0.07417633055342275,0.3759994330672662,0.9236461975879746,1.4511813705828405,0.0,0.0,0.0,1.0,0.3749117774515672,-0.07949126247193956,0.9236461975879746
1783095552091583021,50.93001608,0.028611945951385574,-0.9266188621418093,0.3749117774515672,-4.784944484235074,0.9968346044026082,-0.0013822648490287475,-0.07949126247193956,-0.7720080598326859,0.07417633055342275,0.3759994330672662,0.9236461975879746,1.4511813705828405,0.0,0.0,0.0,1.0,0.3749117774515672,-0.07949126247193956,0.9236461975879746
1783095552101977612,50.940410671,0.0293886808611267,-0.925868747849857,0.3767006333843637,-4.7848398456033125,0.9967180589658311,-0.0012942167140358675,-0.08094094102790766,-0.7715330275238738,0.07542821997521192,0.3778430716025306,0.92279206589206,1.4598054520915928,0.0,0.0,0.0,1.0,0.3767006333843637,-0.08094094102790766,0.92279206589206
1783095552111533293,50.949966352,0.0293886808611267,-0.925868747849857,0.3767006333843637,-4.7848398456033125,0.9967180589658311,-0.0012942167140358675,-0.08094094102790766,-0.7715330275238738,0.07542821997521192,0.3778430716025306,0.92279206589206,1.4598054520915928,0.0,0.0,0.0,1.0,0.3767006333843637,-0.08094094102790766,0.92279206589206
1783095552121438586,50.959871645,0.030038402496062835,-0.9257670042443471,0.3768993874072116,-4.784058736307731,0.9965770100040618,-0.001316304373045746,-0.08265912214729446,-0.7709436947958139,0.07701920219561072,0.37809221255567305,0.9225585733696844,1.4681691061282065,0.0,0.0,0.0,1.0,0.3768993874072116,-0.08265912214729446,0.9225585733696844
1783095552131579499,50.970012558,0.030038402496062835,-0.9257670042443471,0.3768993874072116,-4.784058736307731,0.9965770100040618,-0.001316304373045746,-0.08265912214729446,-0.7709436947958139,0.07701920219561072,0.37809221255567305,0.9225585733696844,1.4681691061282065,0.0,0.0,0.0,1.0,0.3768993874072116,-0.08265912214729446,0.9225585733696844
1783095552141291620,50.979724679,0.03095784238850405,-0.924357560822559,0.3802692621614552,-4.783723274756429,0.9964785597984841,-0.0011176860994586417,-0.08384050715329548,-0.7704298534689422,0.07792362835871577,0.38152568790050306,0.9210678897971966,1.4853543822820732,0.0,0.0,0.0,1.0,0.38026926216145523,-0.0838405071532955,0.9210678897971967
1783095552151381141,50.9898142,0.03095784238850405,-0.924357560822559,0.3802692621614552,-4.783723274756429,0.9964785597984841,-0.0011176860994586417,-0.08384050715329548,-0.7704298534689422,0.07792362835871577,0.38152568790050306,0.9210678897971966,1.4853543822820732,0.0,0.0,0.0,1.0,0.38026926216145523,-0.0838405071532955,0.9210678897971967
1783095552161998568,51.000431627,0.03175024887753436,-0.9235964950940799,0.3820489967872517,-4.783558609651855,0.9963556042014583,-0.0010292045641403565,-0.08529039051565088,-0.7699450177334909,0.0791671123166792,0.38336465015425725,0.920197866406754,1.493977923660213,0.0,0.0,0.0,1.0,0.3820489967872517,-0.08529039051565088,0.920197866406754
1783095552171680269,51.010113328,0.03175024887753436,-0.9235964950940799,0.3820489967872517,-4.783558609651855,0.9963556042014583,-0.0010292045641403565,-0.08529039051565088,-0.7699450177334909,0.0791671123166792,0.38336465015425725,0.920197866406754,1.493977923660213,0.0,0.0,0.0,1.0,0.3820489967872517,-0.08529039051565088,0.920197866406754
1783095552181864697,51.020297756,0.032547858992731285,-0.9228317859244407,0.3838256528197362,-4.783378692634639,0.9962305100154668,-0.0009405795091242133,-0.08674033793172585,-0.7694577215379361,0.08040775950934254,0.38520203815360876,0.9193225669007552,1.5026017156023432,0.0,0.0,0.0,1.0,0.3838256528197362,-0.08674033793172585,0.9193225669007552
1783095552191500544,51.029933603,0.032547858992731285,-0.9228317859244407,0.3838256528197362,-4.783378692634639,0.9962305100154668,-0.0009405795091242133,-0.08674033793172585,-0.7694577215379361,0.08040775950934254,0.38520203815360876,0.9193225669007552,1.5026017156023432,0.0,0.0,0.0,1.0,0.3838256528197362,-0.08674033793172585,0.9193225669007552
1783095552201401956,51.039835015,0.033209860987470474,-0.922728119267556,0.3840181285384213,-4.780283760087175,0.996079461720951,-0.000964233020510936,-0.08845776502027883,-0.7684775123493608,0.08199275011178486,0.38545024084522345,0.919078506310242,1.5069250168933752,0.0,0.0,0.0,1.0,0.3840181285384214,-0.08845776502027884,0.9190785063102421
1783095552211614969,51.050048028,0.033209860987470474,-0.922728119267556,0.3840181285384213,-4.780283760087175,0.996079461720951,-0.000964233020510936,-0.08845776502027883,-0.7684775123493608,0.08199275011178486,0.38545024084522345,0.919078506310242,1.5069250168933752,0.0,0.0,0.0,1.0,0.3840181285384214,-0.08845776502027884,0.9190785063102421
1783095552221628376,51.060061435,0.03401572130465661,-0.921959291525083,0.38579009250457785,-4.780080846503995,0.9959497279077213,-0.0008758564272411923,-0.08990757674442619,-0.7679865691548357,0.08322902249011435,0.3872858087331443,0.91819531264827,1.5155441433361196,0.0,0.0,0.0,1.0,0.38579009250457785,-0.08990757674442619,0.91819531264827
1783095552231667476,51.070100535,0.03401572130465661,-0.921959291525083,0.38579009250457785,-4.780080846503995,0.9959497279077213,-0.0008758564272411923,-0.08990757674442619,-0.7679865691548357,0.08322902249011435,0.3872858087331443,0.91819531264827,1.5155441433361196,0.0,0.0,0.0,1.0,0.38579009250457785,-0.08990757674442619,0.91819531264827
1783095552241525605,51.079958664,0.03415864915252561,-0.9212914514785809,0.38736965307128046,-4.779813280801978,0.9959739021278189,-0.0007629007470509319,-0.0896404164578455,-0.7679413142078987,0.08288047398730591,0.3888720604709725,0.9175561822671676,1.5240983786581819,0.0,0.0,0.0,1.0,0.3873696530712805,-0.08964041645784551,0.9175561822671677
1783095552251621139,51.090054198,0.03415864915252561,-0.9212914514785809,0.38736965307128046,-4.779813280801978,0.9959739021278189,-0.0007629007470509319,-0.0896404164578455,-0.7679413142078987,0.08288047398730591,0.3888720604709725,0.9175561822671676,1.5240983786581819,0.0,0.0,0.0,1.0,0.3873696530712805,-0.08964041645784551,0.9175561822671677
1783095552261179924,51.099612983,0.034300976970525345,-0.9206208826911234,0.3889481113617657,-4.77953099464517,0.995997974861367,-0.0006494835389959049,-0.08937344260566708,-0.7678935695046307,0.0825316730166267,0.3904571276390656,0.916914256855529,1.5326521273293388,0.0,0.0,0.0,1.0,0.3889481113617657,-0.08937344260566708,0.916914256855529
1783095552271372691,51.10980575,0.034300976970525345,-0.9206208826911234,0.3889481113617657,-4.77953099464517,0.995997974861367,-0.0006494835389959049,-0.08937344260566708,-0.7678935695046307,0.0825316730166267,0.3904571276390656,0.916914256855529,1.5326521273293388,0.0,0.0,0.0,1.0,0.3889481113617657,-0.08937344260566708,0.916914256855529
1783095552281382644,51.119815703,0.034300976970525345,-0.9206208826911234,0.3889481113617657,-4.77953099464517,0.995997974861367,-0.0006494835389959049,-0.08937344260566708,-0.7678935695046307,0.0825316730166267,0.3904571276390656,0.916914256855529,1.5326521273293388,0.0,0.0,0.0,1.0,0.3889481113617657,-0.08937344260566708,0.916914256855529
1783095552291611379,51.130044438,0.034300976970525345,-0.9206208826911234,0.3889481113617657,-4.77953099464517,0.995997974861367,-0.0006494835389959049,-0.08937344260566708,-0.7678935695046307,0.0825316730166267,0.3904571276390656,0.916914256855529,1.5326521273293388,0.0,0.0,0.0,1.0,0.3889481113617657,-0.08937344260566708,0.916914256855529
1783095552301115346,51.139548405,0.034583830784528063,-0.9192715670723092,0.39210170188445764,-4.779891019695216,0.9960458155758051,-0.00042126592264790376,-0.08884005745693589,-0.7679544626400852,0.08183331792244763,0.3936236889561443,0.9156220287708026,1.5414752675813124,0.0,0.0,0.0,1.0,0.39210170188445764,-0.08884005745693589,0.9156220287708026
1783095552311740340,51.150173399,0.034583830784528063,-0.9192715670723092,0.39210170188445764,-4.779891019695216,0.9960458155758051,-0.00042126592264790376,-0.08884005745693589,-0.7679544626400852,0.08183331792244763,0.3936236889561443,0.9156220287708026,1.5414752675813124,0.0,0.0,0.0,1.0,0.39210170188445764,-0.08884005745693589,0.9156220287708026
1783095552322292475,51.160725534,0.034864279300186235,-0.9179113611095978,0.3952508256472138,-4.780234927629552,0.9960932494681127,-0.00019120635895205674,-0.08830742779735135,-0.7680126297938058,0.08113396571679911,0.3967854541008956,0.9143186441394551,1.5503013560730496,0.0,0.0,0.0,1.0,0.3952508256472138,-0.08830742779735135,0.9143186441394551
1783095552331425282,51.169858341,0.034864279300186235,-0.9179113611095978,0.3952508256472138,-4.780234927629552,0.9960932494681127,-0.00019120635895205674,-0.08830742779735135,-0.7680126297938058,0.08113396571679911,0.3967854541008956,0.9143186441394551,1.5503013560730496,0.0,0.0,0.0,1.0,0.3952508256472138,-0.08830742779735135,0.9143186441394551
1783095552341858088,51.180291147,0.0350036005021242,-0.9172271794233691,0.39682370050053506,-4.779907548498108,0.9961168136751594,-7.548672197249838e-05,-0.08804139830444871,-0.7679572582528719,0.0807839183596307,0.398364526067276,0.9136627730764012,1.5588558111982769,0.0,0.0,0.0,1.0,0.39682370050053495,-0.0880413983044487,0.913662773076401
1783095552351417916,51.189850975,0.0350036005021242,-0.9172271794233691,0.39682370050053506,-4.779907548498108,0.9961168136751594,-7.548672197249838e-05,-0.08804139830444871,-0.7679572582528719,0.0807839183596307,0.398364526067276,0.9136627730764012,1.5588558111982769,0.0,0.0,0.0,1.0,0.39682370050053495,-0.0880413983044487,0.913662773076401
1783095552361280477,51.199713536,0.03528043467224012,-0.9158506690618224,0.3999660521948709,-4.7780211440952325,0.9961636362521359,0.00015733049974372027,-0.08750991404427336,-0.7676381996795552,0.08008308646811799,0.4015190247374665,0.9123426834449947,1.5636263833520796,0.0,0.0,0.0,1.0,0.3999660521948709,-0.08750991404427336,0.9123426834449947
1783095552371032935,51.209465994,0.03528043467224012,-0.9158506690618224,0.3999660521948709,-4.7780211440952325,0.9961636362521359,0.00015733049974372027,-0.08750991404427336,-0.7676381996795552,0.08008308646811799,0.4015190247374665,0.9123426834449947,1.5636263833520796,0.0,0.0,0.0,1.0,0.3999660521948709,-0.08750991404427336,0.9123426834449947
1783095552381242123,51.219675182,0.03555485505612722,-0.9144633100388707,0.403103841304806,-4.778324568010388,0.9962100505713766,0.00039198261880481357,-0.08697920148059497,-0.7676895195351131,0.0793812787911178,0.40466863103331707,0.9110114772246879,1.5724549246179458,0.0,0.0,0.0,1.0,0.403103841304806,-0.08697920148059497,0.9110114772246879
1783095552391467226,51.229900285,0.03555485505612722,-0.9144633100388707,0.403103841304806,-4.778324568010388,0.9962100505713766,0.00039198261880481357,-0.08697920148059497,-0.7676895195351131,0.0793812787911178,0.40466863103331707,0.9110114772246879,1.5724549246179458,0.0,0.0,0.0,1.0,0.403103841304806,-0.08697920148059497,0.9110114772246879
1783095552401900859,51.240333918,0.03569115903217244,-0.9137655675568673,0.4046710129406557,-4.778977819090665,0.9962331044574193,0.0005099958722254755,-0.08671413660610978,-0.7678000076984003,0.07903001170487664,0.40624158754574413,0.9103417104572551,1.5727341064601579,0.0,0.0,0.0,1.0,0.4046710129406557,-0.08671413660610978,0.9103417104572551
1783095552411764931,51.25019799,0.03569115903217244,-0.9137655675568673,0.4046710129406557,-4.778977819090665,0.9962331044574193,0.0005099958722254755,-0.08671413660610978,-0.7678000076984003,0.07903001170487664,0.40624158754574413,0.9103417104572551,1.5727341064601579,0.0,0.0,0.0,1.0,0.4046710129406557,-0.08671413660610978,0.9103417104572551
1783095552421664413,51.260097472,0.03596195247644326,-0.9123619672790041,0.4078018865047922,-4.779264123893492,0.9962789053312198,0.0007473949694069478,-0.08618459370900597,-0.7678484320986956,0.07832675638700204,0.40938378334216546,0.9089938598089352,1.5815677949886358,0.0,0.0,0.0,1.0,0.4078018865047922,-0.08618459370900597,0.9089938598089352
1783095552431597580,51.270030639,0.03596195247644326,-0.9123619672790041,0.4078018865047922,-4.779264123893492,0.9962789053312198,0.0007473949694069478,-0.08618459370900597,-0.7678484320986956,0.07832675638700204,0.40938378334216546,0.9089938598089352,1.5815677949886358,0.0,0.0,0.0,1.0,0.4078018865047922,-0.08618459370900597,0.9089938598089352
1783095552441612206,51.280045265,0.036230323830419915,-0.9109475608483946,0.4109281020075206,-4.780567238120179,0.9963242965427692,0.0009866217741961321,-0.08565583865698191,-0.7680688354042656,0.07762254668393163,0.412520990934807,0.9076349333760054,1.5821342423004818,0.0,0.0,0.0,1.0,0.4109281020075206,-0.08565583865698191,0.9076349333760054
1783095552451812046,51.290245105,0.036230323830419915,-0.9109475608483946,0.4109281020075206,-4.780567238120179,0.9963242965427692,0.0009866217741961321,-0.08565583865698191,-0.7680688354042656,0.07762254668393163,0.412520990934807,0.9076349333760054,1.5821342423004818,0.0,0.0,0.0,1.0,0.4109281020075206,-0.08565583865698191,0.9076349333760054
1783095552461154788,51.299587847,0.03721037843114016,-0.9094105391714902,0.4142316489367158,-4.7808829195911455,0.9962210089191489,0.0012044551453720556,-0.08684613218742518,-0.7676657285731169,0.07847986445658706,0.4158978486739527,0.9060187030868919,1.5910396114064747,0.0,0.0,0.0,1.0,0.4142316489367158,-0.08684613218742518,0.9060187030868919
1783095552471530232,51.309963291,0.03721037843114016,-0.9094105391714902,0.4142316489367158,-4.7808829195911455,0.9962210089191489,0.0012044551453720556,-0.08684613218742518,-0.7676657285731169,0.07847986445658706,0.4158978486739527,0.9060187030868919,1.5910396114064747,0.0,0.0,0.0,1.0,0.4142316489367158,-0.08684613218742518,0.9060187030868919
1783095552481758969,51.320192028,0.037612800089871695,-0.9072512932097101,0.41890376966399845,-4.781783403547658,0.9962890728401782,0.001569661002056422,-0.08605590917302938,-0.767818032673988,0.07741679797471225,0.42058605199607774,0.9039435890904337,1.6001728792174743,0.0,0.0,0.0,1.0,0.4189037696639985,-0.0860559091730294,0.9039435890904338
1783095552491717409,51.330150468,0.037612800089871695,-0.9072512932097101,0.41890376966399845,-4.781783403547658,0.9962890728401782,0.001569661002056422,-0.08605590917302938,-0.767818032673988,0.07741679797471225,0.42058605199607774,0.9039435890904337,1.6001728792174743,0.0,0.0,0.0,1.0,0.4189037696639985,-0.0860559091730294,0.9039435890904338
1783095552501291542,51.339724601,0.03774572035168299,-0.9065261696375426,0.42045875464475463,-4.782431640670239,0.9963115544189074,0.0016923053788725946,-0.0857929054985614,-0.7679276727973818,0.07706196939160717,0.42214623042826044,0.9032463744785788,1.6004635317957334,0.0,0.0,0.0,1.0,0.42045875464475463,-0.0857929054985614,0.9032463744785788
1783095552511448535,51.349881594,0.03774572035168299,-0.9065261696375426,0.42045875464475463,-4.782431640670239,0.9963115544189074,0.0016923053788725946,-0.0857929054985614,-0.7679276727973818,0.07706196939160717,0.42214623042826044,0.9032463744785788,1.6004635317957334,0.0,0.0,0.0,1.0,0.42045875464475463,-0.0857929054985614,0.9032463744785788
1783095552521864635,51.360297694,0.03800972800648459,-0.9050678733566542,0.42356511328783475,-4.7826651677451695,0.9963562075725775,0.0019389555298921493,-0.08526750895296382,-0.7679671705928937,0.07635160907579959,0.42526272475860877,0.9018436930657218,1.6093146117968349,0.0,0.0,0.0,1.0,0.4235651132878348,-0.08526750895296384,0.9018436930657219
1783095552531430933,51.369863992,0.03800972800648459,-0.9050678733566542,0.42356511328783475,-4.7826651677451695,0.9963562075725775,0.0019389555298921493,-0.08526750895296382,-0.7679671705928937,0.07635160907579959,0.42526272475860877,0.9018436930657218,1.6093146117968349,0.0,0.0,0.0,1.0,0.4235651132878348,-0.08526750895296384,0.9018436930657219
1783095552541696109,51.380129168,0.03814081459526317,-0.9043347050901492,0.4251164774876674,-4.78331189544828,0.9963783790114975,0.002062960552757615,-0.08500511768228053,-0.7680765554193733,0.07599607950697428,0.4268190311634082,0.9011382305375236,1.6096087027398525,0.0,0.0,0.0,1.0,0.42511647748766745,-0.08500511768228054,0.9011382305375237
1783095552551794585,51.390227644,0.03814081459526317,-0.9043347050901492,0.4251164774876674,-4.78331189544828,0.9963783790114975,0.002062960552757615,-0.08500511768228053,-0.7680765554193733,0.07599607950697428,0.4268190311634082,0.9011382305375236,1.6096087027398525,0.0,0.0,0.0,1.0,0.42511647748766745,-0.08500511768228054,0.9011382305375237
1783095552561468064,51.399901123,0.038009728006484604,-0.9050678733566541,0.42356511328783497,-4.780494173449263,0.9963562075725776,0.001938955529892177,-0.08526750895296378,-0.7675999776719726,0.07635160907579953,0.4252627247586091,0.9018436930657218,1.605240141498982,0.0,0.0,0.0,1.0,0.42356511328783497,-0.08526750895296378,0.9018436930657218
1783095552572821617,51.411254676,0.038009728006484604,-0.9050678733566541,0.42356511328783497,-4.780494173449263,0.9963562075725776,0.001938955529892177,-0.08526750895296378,-0.7675999776719726,0.07635160907579953,0.4252627247586091,0.9018436930657218,1.605240141498982,0.0,0.0,0.0,1.0,0.42356511328783497,-0.08526750895296378,0.9018436930657218
1783095552581739932,51.420172991,0.038140814595263195,-0.9043347050901492,0.4251164774876676,-4.780072250660158,0.9963783790114975,0.002062960552757642,-0.08500511768228045,-0.7675286154110829,0.07599607950697419,0.4268190311634085,0.9011382305375236,1.6137948389723227,0.0,0.0,0.0,1.0,0.4251164774876676,-0.08500511768228045,0.9011382305375236
1783095552591615618,51.430048677,0.038140814595263195,-0.9043347050901492,0.4251164774876676,-4.780072250660158,0.9963783790114975,0.002062960552757642,-0.08500511768228045,-0.7675286154110829,0.07599607950697419,0.4268190311634085,0.9011382305375236,1.6137948389723227,0.0,0.0,0.0,1.0,0.4251164774876676,-0.08500511768228045,0.9011382305375236
1783095552601321393,51.439754452,0.038140814595263195,-0.9043347050901492,0.4251164774876676,-4.780072250660158,0.9963783790114975,0.002062960552757642,-0.08500511768228045,-0.7675286154110829,0.07599607950697419,0.4268190311634085,0.9011382305375236,1.6137948389723227,0.0,0.0,0.0,1.0,0.4251164774876676,-0.08500511768228045,0.9011382305375236
1783095552611107039,51.449540098,0.038140814595263195,-0.9043347050901492,0.4251164774876676,-4.780072250660158,0.9963783790114975,0.002062960552757642,-0.08500511768228045,-0.7675286154110829,0.07599607950697419,0.4268190311634085,0.9011382305375236,1.6137948389723227,0.0,0.0,0.0,1.0,0.4251164774876676,-0.08500511768228045,0.9011382305375236
1783095552620929873,51.459362932,0.03840115129901802,-0.9028603394717802,0.42821555201535066,-4.780281318426751,0.9964224112758177,0.002312328604500284,-0.08448095314158219,-0.7675639762611923,0.07528432696249154,0.4299277387484161,0.899719072582369,1.6226451552770018,0.0,0.0,0.0,1.0,0.42821555201535066,-0.08448095314158219,0.899719072582369
1783095552631667319,51.470100378,0.03840115129901802,-0.9028603394717802,0.42821555201535066,-4.780281318426751,0.9964224112758177,0.002312328604500284,-0.08448095314158219,-0.7675639762611923,0.07528432696249154,0.4299277387484161,0.899719072582369,1.6226451552770018,0.0,0.0,0.0,1.0,0.42821555201535066,-0.08448095314158219,0.899719072582369
1783095552641797896,51.480230955,0.03840115129901802,-0.9028603394717802,0.42821555201535066,-4.780281318426751,0.9964224112758177,0.002312328604500284,-0.08448095314158219,-0.7675639762611923,0.07528432696249154,0.4299277387484161,0.899719072582369,1.6226451552770018,0.0,0.0,0.0,1.0,0.42821555201535066,-0.08448095314158219,0.899719072582369
1783095552651712534,51.490145593,0.03840115129901802,-0.9028603394717802,0.42821555201535066,-4.780281318426751,0.9964224112758177,0.002312328604500284,-0.08448095314158219,-0.7675639762611923,0.07528432696249154,0.4299277387484161,0.899719072582369,1.6226451552770018,0.0,0.0,0.0,1.0,0.42821555201535066,-0.08448095314158219,0.899719072582369
1783095552661601267,51.500034326,0.03840115129901802,-0.9028603394717802,0.42821555201535066,-4.780281318426751,0.9964224112758177,0.002312328604500284,-0.08448095314158219,-0.7675639762611923,0.07528432696249154,0.4299277387484161,0.899719072582369,1.6226451552770018,0.0,0.0,0.0,1.0,0.42821555201535066,-0.08448095314158219,0.899719072582369
1783095552671279661,51.50971272,0.03840115129901802,-0.9028603394717802,0.42821555201535066,-4.780281318426751,0.9964224112758177,0.002312328604500284,-0.08448095314158219,-0.7675639762611923,0.07528432696249154,0.4299277387484161,0.899719072582369,1.6226451552770018,0.0,0.0,0.0,1.0,0.42821555201535066,-0.08448095314158219,0.899719072582369
1783095552681333541,51.5197666,0.03865903673071554,-0.901375283390392,0.4313097232522629,-4.780474131490846,0.996466028942205,0.0025635047965726966,-0.08395761792303542,-0.7675965878587124,0.07457165710379272,0.4330312078084538,0.8982889518527687,1.6314981123343744,0.0,0.0,0.0,1.0,0.43130972325226297,-0.08395761792303544,0.8982889518527688
1783095552691847263,51.530280322,0.03865903673071554,-0.901375283390392,0.4313097232522629,-4.780474131490846,0.996466028942205,0.0025635047965726966,-0.08395761792303542,-0.7675965878587124,0.07457165710379272,0.4330312078084538,0.8982889518527687,1.6314981123343744,0.0,0.0,0.0,1.0,0.43130972325226297,-0.08395761792303544,0.8982889518527688
1783095552701403899,51.539836958,0.03891446774810846,-0.8998795549408937,0.4343989534969676,-4.781761959829772,0.9965092314791935,0.0028164860684773965,-0.08343511840330381,-0.7678144057729773,0.07385807861452047,0.436129400528794,0.8968478857742633,1.6320988593124752,0.0,0.0,0.0,1.0,0.4343989534969676,-0.08343511840330381,0.8968478857742633
1783095552711506641,51.5499397,0.03891446774810846,-0.8998795549408937,0.4343989534969676,-4.781761959829772,0.9965092314791935,0.0028164860684773965,-0.08343511840330381,-0.7678144057729773,0.07385807861452047,0.436129400528794,0.8968478857742633,1.6320988593124752,0.0,0.0,0.0,1.0,0.4343989534969676,-0.08343511840330381,0.8968478857742633
1783095552721999263,51.560432322,0.0390412618776648,-0.8991276942683256,0.435941703981993,-4.782405096675241,0.9965306769094625,0.002943652646946321,-0.08317418402041891,-0.7679231832567712,0.07350095135008784,0.4376765064620422,0.8961232537111252,1.6324009415893799,0.0,0.0,0.0,1.0,0.43594170398199306,-0.08317418402041893,0.8961232537111253
1783095552731642648,51.570075707,0.0390412618776648,-0.8991276942683256,0.435941703981993,-4.782405096675241,0.9965306769094625,0.002943652646946321,-0.08317418402041891,-0.7679231832567712,0.07350095135008784,0.4376765064620422,0.8961232537111252,1.6324009415893799,0.0,0.0,0.0,1.0,0.43594170398199306,-0.08317418402041893,0.8961232537111253
1783095552741596649,51.580029708,0.039293005447317376,-0.8976159914790166,0.4390234521800163,-4.782578523570373,0.9965732557669188,0.00319933575206445,-0.08265294998285859,-0.7679525159585247,0.07278602622097494,0.44076671391098426,0.8946658025738281,1.6412633375340777,0.0,0.0,0.0,1.0,0.4390234521800163,-0.08265294998285859,0.8946658025738281
1783095552751545050,51.589978109,0.039293005447317376,-0.8976159914790166,0.4390234521800163,-4.782578523570373,0.9965732557669188,0.00319933575206445,-0.08265294998285859,-0.7679525159585247,0.07278602622097494,0.44076671391098426,0.8946658025738281,1.6412633375340777,0.0,0.0,0.0,1.0,0.4390234521800163,-0.08265294998285859,0.8946658025738281
1783095552761344169,51.599777228,0.039417954120560234,-0.8968561539671764,0.44056244050549015,-4.7832200920589045,0.9965943890644036,0.003327851499859873,-0.08239265191594987,-0.7680610281769671,0.072428230534077,0.4423098060133858,0.8939329879393104,1.641568830934943,0.0,0.0,0.0,1.0,0.4405624405054902,-0.08239265191594988,0.8939329879393105
1783095552771420937,51.609853996,0.039417954120560234,-0.8968561539671764,0.44056244050549015,-4.7832200920589045,0.9965943890644036,0.003327851499859873,-0.08239265191594987,-0.7680610281769671,0.072428230534077,0.4423098060133858,0.8939329879393104,1.641568830934943,0.0,0.0,0.0,1.0,0.4405624405054902,-0.08239265191594988,0.8939329879393105
1783095552781518621,51.61995168,0.03966600334080696,-0.8953285182820825,0.4436366221692907,-4.783460345820184,0.996636343075009,0.003586229428521772,-0.08187269765043119,-0.7681016636961544,0.071711978365124,0.44539194347147415,0.8924591916999136,1.6503840021907017,0.0,0.0,0.0,1.0,0.4436366221692907,-0.08187269765043119,0.8924591916999136
1783095552797998419,51.636431478,0.03966600334080696,-0.8953285182820825,0.4436366221692907,-4.783460345820184,0.996636343075009,0.003586229428521772,-0.08187269765043119,-0.7681016636961544,0.071711978365124,0.44539194347147415,0.8924591916999136,1.6503840021907017,0.0,0.0,0.0,1.0,0.4436366221692907,-0.08187269765043119,0.8924591916999136
1783095552801408356,51.639841415,0.03978910313221108,-0.8945607247622639,0.4451718061431423,-4.784100328362883,0.9966571636603306,0.0037160908223255826,-0.0816130430356895,-0.7682099076743332,0.07135352406489365,0.44693097943845134,0.8917182145844655,1.6506928983402862,0.0,0.0,0.0,1.0,0.44517180614314233,-0.08161304303568952,0.8917182145844657
1783095552811565469,51.649998528,0.03978910313221108,-0.8945607247622639,0.4451718061431423,-4.784100328362883,0.9966571636603306,0.0037160908223255826,-0.0816130430356895,-0.7682099076743332,0.07135352406489365,0.44693097943845134,0.8917182145844655,1.6506928983402862,0.0,0.0,0.0,1.0,0.44517180614314233,-0.08161304303568952,0.8917182145844657
1783095552821218723,51.659651782,0.03991158587719938,-0.8937902839066783,0.4467057126417643,-4.7847397783558305,0.9966778798809947,0.0038463999754600937,-0.0813536044877804,-0.7683180615792679,0.07099485240982172,0.44846865397845626,0.8909745211452791,1.6510029268621482,0.0,0.0,0.0,1.0,0.4467057126417643,-0.0813536044877804,0.8909745211452791
1783095552831360411,51.66979347,0.03991158587719938,-0.8937902839066783,0.4467057126417643,-4.7847397783558305,0.9966778798809947,0.0038463999754600937,-0.0813536044877804,-0.7683180615792679,0.07099485240982172,0.44846865397845626,0.8909745211452791,1.6510029268621482,0.0,0.0,0.0,1.0,0.4467057126417643,-0.0813536044877804,0.8909745211452791
1783095552841138132,51.679571191,0.040154698737396924,-0.8922414695838325,0.44976967452707584,-4.784961750168256,0.9967189989762488,0.0041083599705842595,-0.08083537875297309,-0.768355604965872,0.07027686140610868,0.45153990004564915,0.8894789943656184,1.6598254504586216,0.0,0.0,0.0,1.0,0.44976967452707584,-0.08083537875297309,0.8894789943656184
1783095552851140591,51.68957365,0.040154698737396924,-0.8922414695838325,0.44976967452707584,-4.784961750168256,0.9967189989762488,0.0041083599705842595,-0.08083537875297309,-0.768355604965872,0.07027686140610868,0.45153990004564915,0.8894789943656184,1.6598254504586216,0.0,0.0,0.0,1.0,0.44976967452707584,-0.08083537875297309,0.8894789943656184
1783095552861217579,51.699650638,0.04027532811204347,-0.8914631008345216,0.45129972058042145,-4.78559959083123,0.9967394017255831,0.004240010014599646,-0.08057659314467774,-0.7684634866754467,0.06991754424458906,0.4530734622173045,0.8887271655807707,1.660138870417139,0.0,0.0,0.0,1.0,0.45129972058042145,-0.08057659314467774,0.8887271655807707
1783095552871931229,51.710364288,0.04027532811204347,-0.8914631008345216,0.45129972058042145,-4.78559959083123,0.9967394017255831,0.004240010014599646,-0.08057659314467774,-0.7684634866754467,0.06991754424458906,0.4530734622173045,0.8887271655807707,1.660138870417139,0.0,0.0,0.0,1.0,0.45129972058042145,-0.08057659314467774,0.8887271655807707
1783095552881543923,51.719976982,0.04105365772559173,-0.8913412177743013,0.45147029878384615,-4.785728386287503,0.996598979693495,0.004218020530073643,-0.08229630597233713,-0.7680288954725262,0.07144977859472075,0.45331340350736726,0.8884829133637473,1.660150710430426,0.0,0.0,0.0,1.0,0.4514702987838462,-0.08229630597233714,0.8884829133637474
1783095552891651767,51.730084826,0.04105365772559173,-0.8913412177743013,0.45147029878384615,-4.785728386287503,0.996598979693495,0.004218020530073643,-0.08229630597233713,-0.7680288954725262,0.07144977859472075,0.45331340350736726,0.8884829133637473,1.660150710430426,0.0,0.0,0.0,1.0,0.4514702987838462,-0.08229630597233714,0.8884829133637474
1783095552901295033,51.739728092,0.041298329650118724,-0.8897757438331072,0.45452565786141375,-4.785848609313147,0.9966403624823875,0.004482798263565104,-0.08177953528055294,-0.7680492294936848,0.07072790000477283,0.456375974615195,0.8869715519423077,1.6690300784255987,0.0,0.0,0.0,1.0,0.45452565786141375,-0.08177953528055294,0.8869715519423077
1783095552911187854,51.749620913,0.041298329650118724,-0.8897757438331072,0.45452565786141375,-4.785848609313147,0.9966403624823875,0.004482798263565104,-0.08177953528055294,-0.7680492294936848,0.07072790000477283,0.456375974615195,0.8869715519423077,1.6690300784255987,0.0,0.0,0.0,1.0,0.45452565786141375,-0.08177953528055294,0.8869715519423077
1783095552921134379,51.759567438,0.03968017138716932,-0.8889957586676683,0.4561929691145861,-4.7852210774323325,0.996731669205874,0.003064271741698324,-0.08072539774299631,-0.7765240442075005,0.07036663698626495,0.45790517720330487,0.8862118172816549,1.6692950661556003,0.0,0.0,0.0,1.0,0.4561929691145862,-0.08072539774299632,0.886211817281655
1783095552931580499,51.770013558,0.03968017138716932,-0.8889957586676683,0.4561929691145861,-4.7852210774323325,0.996731669205874,0.003064271741698324,-0.08072539774299631,-0.7765240442075005,0.07036663698626495,0.45790517720330487,0.8862118172816549,1.6692950661556003,0.0,0.0,0.0,1.0,0.4561929691145862,-0.08072539774299632,0.886211817281655
1783095552941725284,51.780158343,0.03968017138716932,-0.8889957586676683,0.4561929691145861,-4.7852210774323325,0.996731669205874,0.003064271741698324,-0.08072539774299631,-0.7765240442075005,0.07036663698626495,0.45790517720330487,0.8862118172816549,1.6692950661556003,0.0,0.0,0.0,1.0,0.4561929691145862,-0.08072539774299632,0.886211817281655
1783095552951689383,51.790122442,0.03968017138716932,-0.8889957586676683,0.4561929691145861,-4.7852210774323325,0.996731669205874,0.003064271741698324,-0.08072539774299631,-0.7765240442075005,0.07036663698626495,0.45790517720330487,0.8862118172816549,1.6692950661556003,0.0,0.0,0.0,1.0,0.4561929691145862,-0.08072539774299632,0.886211817281655
1783095552961768411,51.80020147,0.039921041668697387,-0.8874149644372615,0.4592395794407313,-4.7854083217351056,0.9967728415527294,0.0033344794566080613,-0.08020463571172531,-0.7765560501790613,0.0696434690045178,0.46095939315688866,0.8846842516318745,1.678127673678067,0.0,0.0,0.0,1.0,0.4592395794407313,-0.08020463571172531,0.8846842516318745
1783095552971508531,51.80994159,0.039921041668697387,-0.8874149644372615,0.4592395794407313,-4.7854083217351056,0.9967728415527294,0.0033344794566080613,-0.08020463571172531,-0.7765560501790613,0.0696434690045178,0.46095939315688866,0.8846842516318745,1.678127673678067,0.0,0.0,0.0,1.0,0.4592395794407313,-0.08020463571172531,0.8846842516318745
1783095552981733947,51.820167006,0.039921041668697387,-0.8874149644372615,0.4592395794407313,-4.7854083217351056,0.9967728415527294,0.0033344794566080613,-0.08020463571172531,-0.7765560501790613,0.0696434690045178,0.46095939315688866,0.8846842516318745,1.678127673678067,0.0,0.0,0.0,1.0,0.4592395794407313,-0.08020463571172531,0.8846842516318745
1783095552991384427,51.829817486,0.039921041668697387,-0.8874149644372615,0.4592395794407313,-4.7854083217351056,0.9967728415527294,0.0033344794566080613,-0.08020463571172531,-0.7765560501790613,0.0696434690045178,0.46095939315688866,0.8846842516318745,1.678127673678067,0.0,0.0,0.0,1.0,0.4592395794407313,-0.08020463571172531,0.8846842516318745
1783095553009101309,51.847534368,0.040040543352634496,-0.8866206289326954,0.46076090897451066,-4.786127021509868,0.9967932681688717,0.003470256509327507,-0.0799445923936007,-0.7766788986941366,0.06928156624416978,0.4624843972187072,0.8839164252959687,1.6783961843986674,0.0,0.0,0.0,1.0,0.46076090897451066,-0.0799445923936007,0.8839164252959687
1783095553011464350,51.849897409,0.040040543352634496,-0.8866206289326954,0.46076090897451066,-4.786127021509868,0.9967932681688717,0.003470256509327507,-0.0799445923936007,-0.7766788986941366,0.06928156624416978,0.4624843972187072,0.8839164252959687,1.6783961843986674,0.0,0.0,0.0,1.0,0.46076090897451066,-0.0799445923936007,0.8839164252959687
1783095553021609433,51.860042492,0.04015942224602529,-0.8858236710587951,0.4622809152417877,-4.785579357556219,0.9968135883304186,0.0036064818078791966,-0.07968477526355983,-0.7765852856086334,0.0689194524405124,0.4640079924752256,0.8831459064018873,1.686962994995505,0.0,0.0,0.0,1.0,0.4622809152417877,-0.07968477526355983,0.8831459064018873
1783095553031227436,51.869660495,0.04015942224602529,-0.8858236710587951,0.4622809152417877,-4.785579357556219,0.9968135883304186,0.0036064818078791966,-0.07968477526355983,-0.7765852856086334,0.0689194524405124,0.4640079924752256,0.8831459064018873,1.686962994995505,0.0,0.0,0.0,1.0,0.4622809152417877,-0.07968477526355983,0.8831459064018873
1783095553041396263,51.879829322,0.04015942224602529,-0.8858236710587951,0.4622809152417877,-4.785663873852542,0.9968135883304186,0.0036064818078791966,-0.07968477526355983,-0.7765997321158781,0.0689194524405124,0.4640079924752256,0.8831459064018873,1.6869115334168283,0.0,0.0,0.0,1.0,0.4622809152417877,-0.07968477526355983,0.8831459064018873
1783095553051319546,51.889752605,0.04015942224602529,-0.8858236710587951,0.4622809152417877,-4.785663873852542,0.9968135883304186,0.0036064818078791966,-0.07968477526355983,-0.7765997321158781,0.0689194524405124,0.4640079924752256,0.8831459064018873,1.6869115334168283,0.0,0.0,0.0,1.0,0.4622809152417877,-0.07968477526355983,0.8831459064018873
1783095553061356244,51.899789303,0.04015942224602529,-0.8858236710587951,0.4622809152417877,-4.785663873852542,0.9968135883304186,0.0036064818078791966,-0.07968477526355983,-0.7765997321158781,0.0689194524405124,0.4640079924752256,0.8831459064018873,1.6869115334168283,0.0,0.0,0.0,1.0,0.4622809152417877,-0.07968477526355983,0.8831459064018873
1783095553071715946,51.910149005,0.04015942224602529,-0.8858236710587951,0.4622809152417877,-4.785663873852542,0.9968135883304186,0.0036064818078791966,-0.07968477526355983,-0.7765997321158781,0.0689194524405124,0.4640079924752256,0.8831459064018873,1.6869115334168283,0.0,0.0,0.0,1.0,0.4622809152417877,-0.07968477526355983,0.8831459064018873
1783095553081535928,51.919968987,0.040277677986744656,-0.8850240932432283,0.4637995936123678,-4.785186165709821,0.9968338019754712,0.0037431549372979192,-0.07942518511304941,-0.776518076690298,0.0685571286966052,0.46553017428531607,0.8823726972967603,1.6954261991237654,0.0,0.0,0.0,1.0,0.46379959361236783,-0.07942518511304943,0.8823726972967604
1783095553091245452,51.929678511,0.040277677986744656,-0.8850240932432283,0.4637995936123678,-4.785186165709821,0.9968338019754712,0.0037431549372979192,-0.07942518511304941,-0.776518076690298,0.0685571286966052,0.46553017428531607,0.8823726972967603,1.6954261991237654,0.0,0.0,0.0,1.0,0.46379959361236783,-0.07942518511304943,0.8823726972967604
1783095553101298833,51.939731892,0.03853781579932487,-0.8850292783060408,0.4639375101180178,-4.783823599587542,0.9969025814282427,0.0021984928864324494,-0.07861558223872596,-0.7848686080846586,0.0685571286966052,0.46553017428531607,0.8823726972967603,1.6954261991237654,0.0,0.0,0.0,1.0,0.46393751011801787,-0.07861558223872597,0.8823726972967604
1783095553111068422,51.949501481,0.03853781579932487,-0.8850292783060408,0.4639375101180178,-4.783823599587542,0.9969025814282427,0.0021984928864324494,-0.07861558223872596,-0.7848686080846586,0.0685571286966052,0.46553017428531607,0.8823726972967603,1.6954261991237654,0.0,0.0,0.0,1.0,0.46393751011801787,-0.07861558223872597,0.8823726972967604
1783095553121332327,51.959765386,0.03853781579932487,-0.8850292783060408,0.4639375101180178,-4.783908178919252,0.9969025814282427,0.0021984928864324494,-0.07861558223872596,-0.7848832173438606,0.0685571286966052,0.46553017428531607,0.8823726972967603,1.6953748872714436,0.0,0.0,0.0,1.0,0.46393751011801787,-0.07861558223872597,0.8823726972967604
1783095553131173060,51.969606119,0.03853781579932487,-0.8850292783060408,0.4639375101180178,-4.783908178919252,0.9969025814282427,0.0021984928864324494,-0.07861558223872596,-0.7848832173438606,0.0685571286966052,0.46553017428531607,0.8823726972967603,1.6953748872714436,0.0,0.0,0.0,1.0,0.46393751011801787,-0.07861558223872597,0.8823726972967604
1783095553149542218,51.987975277,0.03853781579932487,-0.8850292783060408,0.4639375101180178,-4.783908178919252,0.9969025814282427,0.0021984928864324494,-0.07861558223872596,-0.7848832173438606,0.0685571286966052,0.46553017428531607,0.8823726972967603,1.6953748872714436,0.0,0.0,0.0,1.0,0.46393751011801787,-0.07861558223872597,0.8823726972967604
1783095553151237566,51.989670625,0.03853781579932487,-0.8850292783060408,0.4639375101180178,-4.783908178919252,0.9969025814282427,0.0021984928864324494,-0.07861558223872596,-0.7848832173438606,0.0685571286966052,0.46553017428531607,0.8823726972967603,1.6953748872714436,0.0,0.0,0.0,1.0,0.46393751011801787,-0.07861558223872597,0.8823726972967604
1783095553161444632,51.999877691,0.03865541275457742,-0.8842273235264398,0.46545440098256863,-4.783416146960239,0.996922893771293,0.0023370133146099637,-0.07835357198901996,-0.7847982294126541,0.06819459611614731,0.4670509380121571,0.881596800335913,1.7038889939257775,0.0,0.0,0.0,1.0,0.46545440098256863,-0.07835357198901996,0.881596800335913
1783095553171595958,52.010029017,0.03865541275457742,-0.8842273235264398,0.46545440098256863,-4.783416146960239,0.996922893771293,0.0023370133146099637,-0.07835357198901996,-0.7847982294126541,0.06819459611614731,0.4670509380121571,0.881596800335913,1.7038889939257775,0.0,0.0,0.0,1.0,0.46545440098256863,-0.07835357198901996,0.881596800335913
1783095553181712372,52.020145431,0.03865541275457742,-0.8842273235264398,0.46545440098256863,-4.783416146960239,0.996922893771293,0.0023370133146099637,-0.07835357198901996,-0.7847982294126541,0.06819459611614731,0.4670509380121571,0.881596800335913,1.7038889939257775,0.0,0.0,0.0,1.0,0.46545440098256863,-0.07835357198901996,0.881596800335913
1783095553191684292,52.030117351,0.03865541275457742,-0.8842273235264398,0.46545440098256863,-4.783416146960239,0.996922893771293,0.0023370133146099637,-0.07835357198901996,-0.7847982294126541,0.06819459611614731,0.4670509380121571,0.881596800335913,1.7038889939257775,0.0,0.0,0.0,1.0,0.46545440098256863,-0.07835357198901996,0.881596800335913
1783095553201558482,52.039991541,0.03865541275457742,-0.8842273235264398,0.46545440098256863,-4.783416146960239,0.996922893771293,0.0023370133146099637,-0.07835357198901996,-0.7847982294126541,0.06819459611614731,0.4670509380121571,0.881596800335913,1.7038889939257775,0.0,0.0,0.0,1.0,0.46545440098256863,-0.07835357198901996,0.881596800335913
1783095553211893585,52.050326644,0.03865541275457742,-0.8842273235264398,0.46545440098256863,-4.783416146960239,0.996922893771293,0.0023370133146099637,-0.07835357198901996,-0.7847982294126541,0.06819459611614731,0.4670509380121571,0.881596800335913,1.7038889939257775,0.0,0.0,0.0,1.0,0.46545440098256863,-0.07835357198901996,0.881596800335913
1783095553222013652,52.060446711,0.03865541275457742,-0.8842273235264398,0.46545440098256863,-4.783500814412296,0.996922893771293,0.0023370133146099637,-0.07835357198901996,-0.7848128538927495,0.06819459611614731,0.4670509380121571,0.881596800335913,1.703837831956115,0.0,0.0,0.0,1.0,0.46545440098256863,-0.07835357198901996,0.881596800335913
1783095553231555685,52.069988744,0.03865541275457742,-0.8842273235264398,0.46545440098256863,-4.783500814412296,0.996922893771293,0.0023370133146099637,-0.07835357198901996,-0.7848128538927495,0.06819459611614731,0.4670509380121571,0.881596800335913,1.703837831956115,0.0,0.0,0.0,1.0,0.46545440098256863,-0.07835357198901996,0.881596800335913
1783095553241639297,52.080072356,0.03865541275457742,-0.8842273235264398,0.46545440098256863,-4.783500814412296,0.996922893771293,0.0023370133146099637,-0.07835357198901996,-0.7848128538927495,0.06819459611614731,0.4670509380121571,0.881596800335913,1.703837831956115,0.0,0.0,0.0,1.0,0.46545440098256863,-0.07835357198901996,0.881596800335913
1783095553251339175,52.089772234,0.03865541275457742,-0.8842273235264398,0.46545440098256863,-4.783500814412296,0.996922893771293,0.0023370133146099637,-0.07835357198901996,-0.7848128538927495,0.06819459611614731,0.4670509380121571,0.881596800335913,1.703837831956115,0.0,0.0,0.0,1.0,0.46545440098256863,-0.07835357198901996,0.881596800335913
1783095553261419665,52.099852724,0.03865541275457742,-0.8842273235264398,0.46545440098256863,-4.783585481864352,0.996922893771293,0.0023370133146099637,-0.07835357198901996,-0.7848274783728446,0.06819459611614731,0.4670509380121571,0.881596800335913,1.7037866699864523,0.0,0.0,0.0,1.0,0.46545440098256863,-0.07835357198901996,0.881596800335913
1783095553271603991,52.11003705,0.03865541275457742,-0.8842273235264398,0.46545440098256863,-4.783585481864352,0.996922893771293,0.0023370133146099637,-0.07835357198901996,-0.7848274783728446,0.06819459611614731,0.4670509380121571,0.881596800335913,1.7037866699864523,0.0,0.0,0.0,1.0,0.46545440098256863,-0.07835357198901996,0.881596800335913
1783095553281393230,52.119826289,0.03785297208160287,-0.8843529822745653,0.46528158704882316,-4.783540377427645,0.9970565172524452,0.002357938175384393,-0.07663381454674936,-0.7852763350652773,0.06667423722108792,0.4668128563671348,0.8818391594964144,1.7037234142455615,0.0,0.0,0.0,1.0,0.4652815870488232,-0.07663381454674938,0.8818391594964146
1783095553291785813,52.130218872,0.03785297208160287,-0.8843529822745653,0.46528158704882316,-4.783540377427645,0.9970565172524452,0.002357938175384393,-0.07663381454674936,-0.7852763350652773,0.06667423722108792,0.4668128563671348,0.8818391594964144,1.7037234142455615,0.0,0.0,0.0,1.0,0.4652815870488232,-0.07663381454674938,0.8818391594964146
1783095553301748604,52.140181663,0.03785297208160288,-0.8843529822745655,0.46528158704882305,-4.782402102482212,0.9970565172524452,0.002357938175384366,-0.07663381454674938,-0.7850797225668723,0.06667423722108795,0.4668128563671349,0.8818391594964147,1.711912480269491,0.0,0.0,0.0,1.0,0.46528158704882305,-0.07663381454674938,0.8818391594964147
1783095553311643371,52.15007643,0.03785297208160288,-0.8843529822745655,0.46528158704882305,-4.782402102482212,0.9970565172524452,0.002357938175384366,-0.07663381454674938,-0.7850797225668723,0.06667423722108795,0.4668128563671349,0.8818391594964147,1.711912480269491,0.0,0.0,0.0,1.0,0.46528158704882305,-0.07663381454674938,0.8818391594964147
1783095553321533273,52.159966332,0.03705083061611807,-0.8844785941680887,0.4651073557890666,-4.7823566281234156,0.9971871751300367,0.0023783986354331426,-0.07491382366498386,-0.7855286401870131,0.06515346273862238,0.4665747096429174,0.8820788324264418,1.711849925634754,0.0,0.0,0.0,1.0,0.4651073557890665,-0.07491382366498385,0.8820788324264416
1783095553331474557,52.169907616,0.03705083061611807,-0.8844785941680887,0.4651073557890666,-4.7823566281234156,0.9971871751300367,0.0023783986354331426,-0.07491382366498386,-0.7855286401870131,0.06515346273862238,0.4665747096429174,0.8820788324264418,1.711849925634754,0.0,0.0,0.0,1.0,0.4651073557890665,-0.07491382366498385,0.8820788324264416
1783095553341021751,52.17945481,0.03693846628811244,-0.8852797295408331,0.4635896355316752,-4.781808745394302,0.9971677666107248,0.0022400197421544575,-0.07517597717445253,-0.7854340052373148,0.06551331880511801,0.4650535267855351,0.8828551536257093,1.711475316306567,0.0,0.0,0.0,1.0,0.4635896355316752,-0.07517597717445253,0.8828551536257093
1783095553351077653,52.189510712,0.03693846628811244,-0.8852797295408331,0.4635896355316752,-4.781808745394302,0.9971677666107248,0.0022400197421544575,-0.07517597717445253,-0.7854340052373148,0.06551331880511801,0.4650535267855351,0.8828551536257093,1.711475316306567,0.0,0.0,0.0,1.0,0.4635896355316752,-0.07517597717445253,0.8828551536257093
1783095553361798665,52.200231724,0.036028880469962485,-0.8862029920288852,0.4618941184851061,-4.7811294946845555,0.9972768476835794,0.002122230607092677,-0.07371828274962051,-0.7857735750656046,0.0643491169044598,0.4632922976440494,0.8838661878911953,1.7110908778887106,0.0,0.0,0.0,1.0,0.4618941184851061,-0.07371828274962051,0.8838661878911953
1783095553371485024,52.209918083,0.036028880469962485,-0.8862029920288852,0.4618941184851061,-4.7811294946845555,0.9972768476835794,0.002122230607092677,-0.07371828274962051,-0.7857735750656046,0.0643491169044598,0.4632922976440494,0.8838661878911953,1.7110908778887106,0.0,0.0,0.0,1.0,0.4618941184851061,-0.07371828274962051,0.8838661878911953
1783095553381508611,52.21994167,0.034288251494229906,-0.8862053462533125,0.4620220774827919,-4.779835510505134,0.9973382109209917,0.0005755134612779518,-0.07291201424437047,-0.7941317997059049,0.0643491169044598,0.4632922976440494,0.8838661878911953,1.7110398659575559,0.0,0.0,0.0,1.0,0.4620220774827919,-0.07291201424437047,0.8838661878911953
1783095553391449243,52.229882302,0.034288251494229906,-0.8862053462533125,0.4620220774827919,-4.779835510505134,0.9973382109209917,0.0005755134612779518,-0.07291201424437047,-0.7941317997059049,0.0643491169044598,0.4632922976440494,0.8838661878911953,1.7110398659575559,0.0,0.0,0.0,1.0,0.4620220774827919,-0.07291201424437047,0.8838661878911953
1783095553401306768,52.239739827,0.03327447492731915,-0.8879171266403092,0.4587984149243854,-4.778520216465029,0.9974245334184088,0.00031798688655735203,-0.07172307173712836,-0.7943594024681591,0.06353825189112851,0.4600033424912882,0.8856409066001086,1.7103368061614652,0.0,0.0,0.0,1.0,0.4587984149243854,-0.07172307173712836,0.8856409066001086
1783095553411323804,52.249756863,0.03327447492731915,-0.8879171266403092,0.4587984149243854,-4.778520216465029,0.9974245334184088,0.00031798688655735203,-0.07172307173712836,-0.7943594024681591,0.06353825189112851,0.4600033424912882,0.8856409066001086,1.7103368061614652,0.0,0.0,0.0,1.0,0.4587984149243854,-0.07172307173712836,0.8856409066001086
1783095553421270752,52.259703811,0.032483520115788256,-0.8880409867520759,0.45861533638691887,-4.778557162601168,0.9975467235663417,0.00033712133666641714,-0.07000300458738257,-0.7948231275541149,0.06201092825417082,0.45976417019772653,0.8858733276148755,1.7102251323454554,0.0,0.0,0.0,1.0,0.45861533638691876,-0.07000300458738255,0.8858733276148753
1783095553431461498,52.269894557,0.032483520115788256,-0.8880409867520759,0.45861533638691887,-4.778557162601168,0.9975467235663417,0.00033712133666641714,-0.07000300458738257,-0.7948231275541149,0.06201092825417082,0.45976417019772653,0.8858733276148755,1.7102251323454554,0.0,0.0,0.0,1.0,0.45861533638691876,-0.07000300458738255,0.8858733276148753
1783095553441419546,52.279852605,0.03158858690132581,-0.8889535633623915,0.4569066899957628,-4.777873938260743,0.9976477453099695,0.00021813077662946988,-0.0685487322778364,-0.7951612831561469,0.060836974411221295,0.4579972866778481,0.8868694086167466,1.7098458561961158,0.0,0.0,0.0,1.0,0.45690668999576267,-0.06854873227783638,0.8868694086167463
1783095553451459453,52.289892512,0.03158858690132581,-0.8889535633623915,0.4569066899957628,-4.777873938260743,0.9976477453099695,0.00021813077662946988,-0.0685487322778364,-0.7951612831561469,0.060836974411221295,0.4579972866778481,0.8868694086167466,1.7098458561961158,0.0,0.0,0.0,1.0,0.45690668999576267,-0.06854873227783638,0.8868694086167463
1783095553461309732,52.299742791,0.030698624136938704,-0.8898626386512319,0.4551945505042497,-4.777274327101575,0.9977466123192028,9.927802476563088e-05,-0.06709461788718825,-0.7955141493662414,0.059659802896531354,0.4562285331679078,0.8878604808424612,1.709417295956952,0.0,0.0,0.0,1.0,0.4551945505042497,-0.06709461788718825,0.8878604808424612
1783095553471277224,52.309710283,0.030698624136938704,-0.8898626386512319,0.4551945505042497,-4.777274327101575,0.9977466123192028,9.927802476563088e-05,-0.06709461788718825,-0.7955141493662414,0.059659802896531354,0.4562285331679078,0.8878604808424612,1.709417295956952,0.0,0.0,0.0,1.0,0.4551945505042497,-0.06709461788718825,0.8878604808424612
1783095553481300085,52.319733144,0.030492262672150796,-0.8914261976022595,0.45213886820921484,-4.7760012378822125,0.9977105967912607,-0.0001736043234373691,-0.0676279151827481,-0.7952919616607996,0.06036378854544047,0.4531658681872634,0.8893800700164837,1.7087841893678106,0.0,0.0,0.0,1.0,0.45213886820921484,-0.0676279151827481,0.8893800700164837
1783095553496706591,52.33513965,0.030492262672150796,-0.8914261976022595,0.45213886820921484,-4.7760012378822125,0.9977105967912607,-0.0001736043234373691,-0.0676279151827481,-0.7952919616607996,0.06036378854544047,0.4531658681872634,0.8893800700164837,1.7087841893678106,0.0,0.0,0.0,1.0,0.45213886820921484,-0.0676279151827481,0.8893800700164837
1783095553502219667,52.340652726,0.02961134592929172,-0.8923256733770488,0.45041987170245085,-4.7753144974885116,0.9978080195866977,-0.0002912550926539171,-0.06617455114273962,-0.7956297380225013,0.059180437990334935,0.4513920776915203,0.8903610885234176,1.708410528900277,0.0,0.0,0.0,1.0,0.45041987170245074,-0.06617455114273961,0.8903610885234173
1783095553511964411,52.35039747,0.02961134592929172,-0.8923256733770488,0.45041987170245085,-4.7753144974885116,0.9978080195866977,-0.0002912550926539171,-0.06617455114273962,-0.7956297380225013,0.059180437990334935,0.4513920776915203,0.8903610885234176,1.708410528900277,0.0,0.0,0.0,1.0,0.45041987170245074,-0.06617455114273961,0.8903610885234173
1783095553521716683,52.360149742,0.0288348448204206,-0.8924472701013239,0.4502292991497522,-4.775349487686674,0.997920641920407,-0.00027361892098228045,-0.06445399570119052,-0.7960935905526177,0.05764498376567793,0.45115163218299553,0.8905836629005015,1.7083014250567032,0.0,0.0,0.0,1.0,0.4502292991497522,-0.06445399570119052,0.8905836629005015
1783095553531486509,52.369919568,0.0288348448204206,-0.8924472701013239,0.4502292991497522,-4.775349487686674,0.997920641920407,-0.00027361892098228045,-0.06445399570119052,-0.7960935905526177,0.05764498376567793,0.45115163218299553,0.8905836629005015,1.7083014250567032,0.0,0.0,0.0,1.0,0.4502292991497522,-0.06445399570119052,0.8905836629005015
1783095553541250725,52.379683784,0.028735433551087933,-0.8932216331906487,0.44869743576140614,-4.774711387180158,0.9979032920273342,-0.0004087657397432919,-0.06472134633626786,-0.7959822251547903,0.057993918816028715,0.44961644421751323,0.8913370622102279,1.7079875951911925,0.0,0.0,0.0,1.0,0.44869743576140614,-0.06472134633626786,0.8913370622102279
1783095553551172167,52.389605226,0.028735433551087933,-0.8932216331906487,0.44869743576140614,-4.774711387180158,0.9979032920273342,-0.0004087657397432919,-0.06472134633626786,-0.7959822251547903,0.057993918816028715,0.44961644421751323,0.8913370622102279,1.7079875951911925,0.0,0.0,0.0,1.0,0.44869743576140614,-0.06472134633626786,0.8913370622102279
1783095553561182474,52.399615533,0.02863542249579164,-0.8939933555931787,0.44716427935797387,-4.774072748065834,0.9978858374557634,-0.0005434516888882808,-0.06498892263664086,-0.7958707657556697,0.05834267720714362,0.44807988664468135,0.89208774635727,1.707674896331682,0.0,0.0,0.0,1.0,0.44716427935797387,-0.06498892263664086,0.89208774635727
1783095553571214302,52.409647361,0.02863542249579164,-0.8939933555931787,0.44716427935797387,-4.774072748065834,0.9978858374557634,-0.0005434516888882808,-0.06498892263664086,-0.7958707657556697,0.05834267720714362,0.44807988664468135,0.89208774635727,1.707674896331682,0.0,0.0,0.0,1.0,0.44716427935797387,-0.06498892263664086,0.89208774635727
1783095553581863731,52.42029679,0.02863542249579164,-0.8939933555931787,0.44716427935797387,-4.774157477700251,0.9978858374557634,-0.0005434516888882808,-0.06498892263664086,-0.795885553315542,0.05834267720714362,0.44807988664468135,0.89208774635727,1.7076238844005263,0.0,0.0,0.0,1.0,0.44716427935797387,-0.06498892263664086,0.89208774635727
1783095553592001059,52.430434118,0.02863542249579164,-0.8939933555931787,0.44716427935797387,-4.774157477700251,0.9978858374557634,-0.0005434516888882808,-0.06498892263664086,-0.795885553315542,0.05834267720714362,0.44807988664468135,0.89208774635727,1.7076238844005263,0.0,0.0,0.0,1.0,0.44716427935797387,-0.06498892263664086,0.89208774635727
1783095553601785023,52.440218082,0.02863542249579164,-0.8939933555931787,0.44716427935797387,-4.774157477700251,0.9978858374557634,-0.0005434516888882808,-0.06498892263664086,-0.795885553315542,0.05834267720714362,0.44807988664468135,0.89208774635727,1.7076238844005263,0.0,0.0,0.0,1.0,0.44716427935797387,-0.06498892263664086,0.89208774635727
1783095553611694804,52.450127863,0.02863542249579164,-0.8939933555931787,0.44716427935797387,-4.774157477700251,0.9978858374557634,-0.0005434516888882808,-0.06498892263664086,-0.795885553315542,0.05834267720714362,0.44807988664468135,0.89208774635727,1.7076238844005263,0.0,0.0,0.0,1.0,0.44716427935797387,-0.06498892263664086,0.89208774635727
1783095553621490352,52.459923411,0.02863542249579164,-0.8939933555931787,0.44716427935797387,-4.774157477700251,0.9978858374557634,-0.0005434516888882808,-0.06498892263664086,-0.795885553315542,0.05834267720714362,0.44807988664468135,0.89208774635727,1.7076238844005263,0.0,0.0,0.0,1.0,0.44716427935797387,-0.06498892263664086,0.89208774635727
1783095553632262050,52.470695109,0.02863542249579164,-0.8939933555931787,0.44716427935797387,-4.774157477700251,0.9978858374557634,-0.0005434516888882808,-0.06498892263664086,-0.795885553315542,0.05834267720714362,0.44807988664468135,0.89208774635727,1.7076238844005263,0.0,0.0,0.0,1.0,0.44716427935797387,-0.06498892263664086,0.89208774635727
1783095553641952135,52.480385194,0.02863542249579164,-0.8939933555931787,0.44716427935797387,-4.774157477700251,0.9978858374557634,-0.0005434516888882808,-0.06498892263664086,-0.795885553315542,0.05834267720714362,0.44807988664468135,0.89208774635727,1.7076238844005263,0.0,0.0,0.0,1.0,0.44716427935797387,-0.06498892263664086,0.89208774635727
1783095553651671956,52.490105015,0.02863542249579164,-0.8939933555931787,0.44716427935797387,-4.774157477700251,0.9978858374557634,-0.0005434516888882808,-0.06498892263664086,-0.795885553315542,0.05834267720714362,0.44807988664468135,0.89208774635727,1.7076238844005263,0.0,0.0,0.0,1.0,0.44716427935797387,-0.06498892263664086,0.89208774635727
1783095553661393063,52.499826122,0.02863542249579164,-0.8939933555931787,0.44716427935797387,-4.774242207334668,0.9978858374557634,-0.0005434516888882808,-0.06498892263664086,-0.7959003408754143,0.05834267720714362,0.44807988664468135,0.89208774635727,1.7075728724693715,0.0,0.0,0.0,1.0,0.44716427935797387,-0.06498892263664086,0.89208774635727
1783095553671388309,52.509821368,0.02863542249579164,-0.8939933555931787,0.44716427935797387,-4.774242207334668,0.9978858374557634,-0.0005434516888882808,-0.06498892263664086,-0.7959003408754143,0.05834267720714362,0.44807988664468135,0.89208774635727,1.7075728724693715,0.0,0.0,0.0,1.0,0.44716427935797387,-0.06498892263664086,0.89208774635727
1783095553681575772,52.520008831,0.02863542249579164,-0.8939933555931787,0.44716427935797387,-4.774242207334668,0.9978858374557634,-0.0005434516888882808,-0.06498892263664086,-0.7959003408754143,0.05834267720714362,0.44807988664468135,0.89208774635727,1.7075728724693715,0.0,0.0,0.0,1.0,0.44716427935797387,-0.06498892263664086,0.89208774635727
1783095553691734743,52.530167802,0.02863542249579164,-0.8939933555931787,0.44716427935797387,-4.774242207334668,0.9978858374557634,-0.0005434516888882808,-0.06498892263664086,-0.7959003408754143,0.05834267720714362,0.44807988664468135,0.89208774635727,1.7075728724693715,0.0,0.0,0.0,1.0,0.44716427935797387,-0.06498892263664086,0.89208774635727
1783095553701763079,52.540196138,0.02853481195918217,-0.8947624349581171,0.4456298346097075,-4.773603031557937,0.9978682782588648,-0.0006776763581410418,-0.06525672378722713,-0.7957887878145246,0.058691257876645926,0.4465419641451123,0.8928357130549173,1.707261305568395,0.0,0.0,0.0,1.0,0.4456298346097075,-0.06525672378722713,0.8928357130549173
1783095553711906622,52.550339681,0.02853481195918217,-0.8947624349581171,0.4456298346097075,-4.773603031557937,0.9978682782588648,-0.0006776763581410418,-0.06525672378722713,-0.7957887878145246,0.058691257876645926,0.4465419641451123,0.8928357130549173,1.707261305568395,0.0,0.0,0.0,1.0,0.4456298346097075,-0.06525672378722713,0.8928357130549173
1783095553721433008,52.559866067,0.02766801123487055,-0.8956487571930197,0.4439006475472932,-4.772912828359887,0.9979621164193089,-0.0007939786174752069,-0.06380426153360493,-0.7961261886531639,0.05749865516862757,0.44476136673114297,0.8938015614873612,1.7068932945932926,0.0,0.0,0.0,1.0,0.4439006475472932,-0.06380426153360493,0.8938015614873612
1783095553731553593,52.569986652,0.02766801123487055,-0.8956487571930197,0.4439006475472932,-4.772912828359887,0.9979621164193089,-0.0007939786174752069,-0.06380426153360493,-0.7961261886531639,0.05749865516862757,0.44476136673114297,0.8938015614873612,1.7068932945932926,0.0,0.0,0.0,1.0,0.4439006475472932,-0.06380426153360493,0.8938015614873612
1783095553741394655,52.579827714,0.027469098941994584,-0.8971728491979157,0.4408245992063157,-4.771631612872737,0.997927400968682,-0.0010599729408104974,-0.06434111324227905,-0.7959025826992868,0.058192362034943566,0.4416783389747099,0.8952842531181566,1.7062757335963676,0.0,0.0,0.0,1.0,0.4408245992063157,-0.06434111324227905,0.8952842531181566
1783095553751177049,52.589610108,0.027469098941994584,-0.8971728491979157,0.4408245992063157,-4.771631612872737,0.997927400968682,-0.0010599729408104974,-0.06434111324227905,-0.7959025826992868,0.058192362034943566,0.4416783389747099,0.8952842531181566,1.7062757335963676,0.0,0.0,0.0,1.0,0.4408245992063157,-0.06434111324227905,0.8952842531181566
1783095553761893385,52.600326444,0.027368748561186783,-0.8979309173044148,0.4392846677850782,-4.769754086043295,0.9979098871758444,-0.0011922758545338794,-0.0646098719622638,-0.7955749046608631,0.058538950100663435,0.44013480460779136,0.8960215092808729,1.7142077572527479,0.0,0.0,0.0,1.0,0.4392846677850782,-0.0646098719622638,0.8960215092808729
1783095553771450468,52.609883527,0.027368748561186783,-0.8979309173044148,0.4392846677850782,-4.769754086043295,0.9979098871758444,-0.0011922758545338794,-0.0646098719622638,-0.7955749046608631,0.058538950100663435,0.44013480460779136,0.8960215092808729,1.7142077572527479,0.0,0.0,0.0,1.0,0.4392846677850782,-0.0646098719622638,0.8960215092808729
1783095553781784843,52.620217902,0.02726780243110614,-0.8986863303986505,0.43774347111657264,-4.769112156911645,0.9978922694090181,-0.0013241153984684456,-0.06487885150132627,-0.7954628710667929,0.05888535984689037,0.4385899295161929,0.8967560360112906,1.7139018169948526,0.0,0.0,0.0,1.0,0.43774347111657264,-0.06487885150132627,0.8967560360112906
1783095553791551958,52.629985017,0.02726780243110614,-0.8986863303986505,0.43774347111657264,-4.769112156911645,0.9978922694090181,-0.0013241153984684456,-0.06487885150132627,-0.7954628710667929,0.05888535984689037,0.4385899295161929,0.8967560360112906,1.7139018169948526,0.0,0.0,0.0,1.0,0.43774347111657264,-0.06487885150132627,0.8967560360112906
1783095553801321001,52.63975406,0.02716626085925148,-0.8994390861795073,0.4362010138955431,-4.768554519955054,0.9978745477218699,-0.001455491171008768,-0.06514805104010961,-0.7953655486843786,0.05923159021840215,0.4370437184058636,0.8974878310719179,1.7135461527768916,0.0,0.0,0.0,1.0,0.43620101389554317,-0.06514805104010962,0.897487831071918
1783095553813099400,52.651532459,0.02716626085925148,-0.8994390861795073,0.4362010138955431,-4.768554519955054,0.9978745477218699,-0.001455491171008768,-0.06514805104010961,-0.7953655486843786,0.05923159021840215,0.4370437184058636,0.8974878310719179,1.7135461527768916,0.0,0.0,0.0,1.0,0.43620101389554317,-0.06514805104010962,0.897487831071918
1783095553821592788,52.660025847,0.027064124154935566,-0.9001891823539643,0.4346573008205743,-4.767911542706284,0.997856722168383,-0.0015864027719621294,-0.06541746975858663,-0.7952533321661781,0.059577640160522645,0.4354961759868233,0.8982168922335836,1.7132424890018583,0.0,0.0,0.0,1.0,0.4346573008205743,-0.06541746975858663,0.8982168922335836
1783095553831275944,52.669709003,0.027064124154935566,-0.9001891823539643,0.4346573008205743,-4.767911542706284,0.997856722168383,-0.0015864027719621294,-0.06541746975858663,-0.7952533321661781,0.059577640160522645,0.4354961759868233,0.8982168922335836,1.7132424890018583,0.0,0.0,0.0,1.0,0.4346573008205743,-0.06541746975858663,0.8982168922335836
1783095553841832730,52.680265789,0.026858066595234216,-0.9016813867521113,0.43156612592226834,-4.76662402680465,0.9978207596799079,-0.0018468318654079059,-0.06595696145117777,-0.7950286266235085,0.060269194540637436,0.43239711608294773,0.8996668039849935,1.7126385812653768,0.0,0.0,0.0,1.0,0.43156612592226834,-0.06595696145117777,0.8996668039849935
1783095553851503502,52.689936561,0.026858066595234216,-0.9016813867521113,0.43156612592226834,-4.76662402680465,0.9978207596799079,-0.0018468318654079059,-0.06595696145117777,-0.7950286266235085,0.060269194540637436,0.43239711608294773,0.8996668039849935,1.7126385812653768,0.0,0.0,0.0,1.0,0.43156612592226834,-0.06595696145117777,0.8996668039849935
1783095553861355127,52.699788186,0.026649632262744177,-0.9031629254110827,0.4284699840865816,-4.765334442106824,0.9977843823817839,-0.002105399505564924,-0.06649732000557475,-0.7948035600212432,0.06096001456087713,0.42929278756556927,0.901105753598833,1.7120392394065636,0.0,0.0,0.0,1.0,0.4284699840865816,-0.06649732000557475,0.901105753598833
1783095553872075852,52.710508911,0.026649632262744177,-0.9031629254110827,0.4284699840865816,-4.765334442106824,0.9977843823817839,-0.002105399505564924,-0.06649732000557475,-0.7948035600212432,0.06096001456087713,0.42929278756556927,0.901105753598833,1.7120392394065636,0.0,0.0,0.0,1.0,0.4284699840865816,-0.06649732000557475,0.901105753598833
1783095553881599290,52.720032349,0.02654452459922993,-0.903899689442029,0.42692006235407143,-4.764688878868721,0.9977660383174203,-0.0022339842952231693,-0.06676782229883352,-0.794690892179579,0.061305146555250906,0.4277386593946963,0.9018211121198412,1.711741282965577,0.0,0.0,0.0,1.0,0.42692006235407143,-0.06676782229883352,0.9018211121198412
1783095553891808157,52.730241216,0.02654452459922993,-0.903899689442029,0.42692006235407143,-4.764688878868721,0.9977660383174203,-0.0022339842952231693,-0.06676782229883352,-0.794690892179579,0.061305146555250906,0.4277386593946963,0.9018211121198412,1.711741282965577,0.0,0.0,0.0,1.0,0.42692006235407143,-0.06676782229883352,0.9018211121198412
1783095553901577830,52.740010889,0.026438823697167664,-0.9046337802788276,0.4253689130389618,-4.764042804325962,0.9977475907172559,-0.0023621025418733947,-0.06703853883769019,-0.7945781351017429,0.06165009180383194,0.4261832282598876,0.9025337235419847,1.7114444707281982,0.0,0.0,0.0,1.0,0.42536891303896185,-0.0670385388376902,0.9025337235419848
1783095553911357331,52.74979039,0.026438823697167664,-0.9046337802788276,0.4253689130389618,-4.764042804325962,0.9977475907172559,-0.0023621025418733947,-0.06703853883769019,-0.7945781351017429,0.06165009180383194,0.4261832282598876,0.9025337235419847,1.7114444707281982,0.0,0.0,0.0,1.0,0.42536891303896185,-0.0670385388376902,0.9025337235419848
1783095553921846953,52.760280012,0.02622564346713626,-0.9060939334334742,0.4222629505649168,-4.762749129200236,0.9977103851346183,-0.002616937846493085,-0.06758061135295464,-0.7943523546117346,0.06233941786114276,0.4230684760548372,0.903950696415115,1.7108542824773365,0.0,0.0,0.0,1.0,0.4222629505649168,-0.06758061135295464,0.903950696415115
1783095553931516003,52.769949062,0.02622564346713626,-0.9060939334334742,0.4222629505649168,-4.762749129200236,0.9977103851346183,-0.002616937846493085,-0.06758061135295464,-0.7943523546117346,0.06233941786114276,0.4230684760548372,0.903950696415115,1.7108542824773365,0.0,0.0,0.0,1.0,0.4222629505649168,-0.06758061135295464,0.903950696415115
1783095553946441980,52.784875039,0.0261181647885499,-0.90681999130345,0.42070814686726565,-4.762101532558021,0.9976916272654793,-0.0027436541281913324,-0.06785196567811833,-0.7942393318873275,0.06268379657006934,0.4215091644726548,0.904655053549764,1.7105609082616668,0.0,0.0,0.0,1.0,0.4207081468672657,-0.06785196567811834,0.9046550535497642
1783095553951606645,52.790039704,0.0261181647885499,-0.90681999130345,0.42070814686726565,-4.762101532558021,0.9976916272654793,-0.0027436541281913324,-0.06785196567811833,-0.7942393318873275,0.06268379657006934,0.4215091644726548,0.904655053549764,1.7105609082616668,0.0,0.0,0.0,1.0,0.4207081468672657,-0.06785196567811834,0.9046550535497642
1783095553961530858,52.799963917,0.026010094170179323,-0.9075433670835471,0.4191521345095553,-4.761453432492642,0.9976727660872082,-0.0028699023143414827,-0.06812353094639671,-0.7941262213022774,0.06302798433360325,0.4199485689026266,0.9053566549528859,1.7102686818452246,0.0,0.0,0.0,1.0,0.41915213450955535,-0.06812353094639673,0.905356654952886
1783095553971455604,52.809888663,0.026010094170179323,-0.9075433670835471,0.4191521345095553,-4.761453432492642,0.9976727660872082,-0.0028699023143414827,-0.06812353094639671,-0.7941262213022774,0.06302798433360325,0.4199485689026266,0.9053566549528859,1.7102686818452246,0.0,0.0,0.0,1.0,0.41915213450955535,-0.06812353094639673,0.905356654952886
1783095553981783862,52.820216921,0.024160160482542516,-0.9082574467632701,0.41771365436686825,-4.759411767590253,0.9976974886122776,-0.004580895143867175,-0.06766636251812978,-0.8023209745500612,0.06337198010329059,0.4183866940985893,0.9060554984872845,1.7099776041181816,0.0,0.0,0.0,1.0,0.41771365436686825,-0.06766636251812978,0.9060554984872845
1783095553991799753,52.830232812,0.024160160482542516,-0.9082574467632701,0.41771365436686825,-4.759411767590253,0.9976974886122776,-0.004580895143867175,-0.06766636251812978,-0.8023209745500612,0.06337198010329059,0.4183866940985893,0.9060554984872845,1.7099776041181816,0.0,0.0,0.0,1.0,0.41771365436686825,-0.06766636251812978,0.9060554984872845
1783095554001470299,52.839903358,0.024050940419648354,-0.9089752319592478,0.4161557159880929,-4.7587628653112075,0.9976782303343749,-0.00470745894920079,-0.06794106672044277,-0.8022065565567871,0.06371578283126242,0.4168235448182759,0.9067515820241651,1.709687675967209,0.0,0.0,0.0,1.0,0.4161557159880929,-0.06794106672044277,0.9067515820241651
1783095554011695561,52.85012862,0.024050940419648354,-0.9089752319592478,0.4161557159880929,-4.7587628653112075,0.9976782303343749,-0.00470745894920079,-0.06794106672044277,-0.8022065565567871,0.06371578283126242,0.4168235448182759,0.9067515820241651,1.709687675967209,0.0,0.0,0.0,1.0,0.4161557159880929,-0.06794106672044277,0.9067515820241651
1783095554021737725,52.860170784,0.023941129590885034,-0.9096903293023917,0.4145965835455216,-4.758113465688539,0.9976588678894079,-0.004833548817645366,-0.06821598146660465,-0.8020920508691696,0.06405939147023768,0.41525912582330277,0.9074449034431398,1.7093988982754769,0.0,0.0,0.0,1.0,0.4145965835455216,-0.06821598146660465,0.9074449034431398
1783095554031796806,52.870229865,0.023941129590885034,-0.9096903293023917,0.4145965835455216,-4.758113465688539,0.9976588678894079,-0.004833548817645366,-0.06821598146660465,-0.8020920508691696,0.06405939147023768,0.41525912582330277,0.9074449034431398,1.7093988982754769,0.0,0.0,0.0,1.0,0.4145965835455216,-0.06821598146660465,0.9074449034431398
1783095554041680430,52.880113489,0.023830728330754773,-0.9104027366143951,0.4130362617885337,-4.757463570700428,0.9976394013363584,-0.004959164365109858,-0.06849110591917888,-0.801977457836012,0.06440280497352674,0.4136934418791531,0.9081354606322349,1.7091112719226509,0.0,0.0,0.0,1.0,0.41303626178853375,-0.0684911059191789,0.908135460632235
1783095554051432667,52.889865726,0.023830728330754773,-0.9104027366143951,0.4130362617885337,-4.757463570700428,0.9976394013363584,-0.004959164365109858,-0.06849110591917888,-0.801977457836012,0.06440280497352674,0.4136934418791531,0.9081354606322349,1.7091112719226509,0.0,0.0,0.0,1.0,0.41303626178853375,-0.0684911059191789,0.908135460632235
1783095554061260224,52.899693283,0.02371973697555842,-0.9111124517251454,0.41147475547013196,-4.756813182326561,0.9976198307345243,-0.0050843052089482735,-0.06876643924009013,-0.801862777806384,0.06474602229503426,0.4121264977551635,0.9088232514878976,1.7088247977848892,0.0,0.0,0.0,1.0,0.41147475547013196,-0.06876643924009013,0.9088232514878976
1783095554071308992,52.909742051,0.02371973697555842,-0.9111124517251454,0.41147475547013196,-4.756813182326561,0.9976198307345243,-0.0050843052089482735,-0.06876643924009013,-0.801862777806384,0.06474602229503426,0.4121264977551635,0.9088232514878976,1.7088247977848892,0.0,0.0,0.0,1.0,0.41147475547013196,-0.06876643924009013,0.9088232514878976
1783095554081370959,52.919804018,0.02360815586339433,-0.911819472472731,0.40991206934692753,-4.756162302548135,0.9976001561435214,-0.005208970967960408,-0.06904198059062665,-0.8017480111296206,0.06508904238926243,0.4105582982245099,0.9095082739150002,1.7085394767348399,0.0,0.0,0.0,1.0,0.4099120693469276,-0.06904198059062666,0.9095082739150003
1783095554091548757,52.929981816,0.02360815586339433,-0.911819472472731,0.40991206934692753,-4.756162302548135,0.9976001561435214,-0.005208970967960408,-0.06904198059062665,-0.8017480111296206,0.06508904238926243,0.4105582982245099,0.9095082739150002,1.7085394767348399,0.0,0.0,0.0,1.0,0.4099120693469276,-0.06904198059062666,0.9095082739150003
1783095554101185273,52.939618332,0.02349598533415731,-0.9125237967034474,0.40834820817912537,-4.755510933347837,0.9975803776232814,-0.005333161262393526,-0.06931772913144318,-0.8016331581553201,0.06543186421131442,0.4089888480641917,0.91019052582685,1.7082553096416393,0.0,0.0,0.0,1.0,0.40834820817912537,-0.06931772913144318,0.91019052582685
1783095554111349213,52.949782272,0.02349598533415731,-0.9125237967034474,0.40834820817912537,-4.755510933347837,0.9975803776232814,-0.005333161262393526,-0.06931772913144318,-0.8016331581553201,0.06543186421131442,0.4089888480641917,0.91019052582685,1.7082553096416393,0.0,0.0,0.0,1.0,0.40834820817912537,-0.06931772913144318,0.91019052582685
1783095554121417471,52.95985053,0.02349598533415731,-0.9125237967034474,0.40834820817912537,-4.755510933347837,0.9975803776232814,-0.005333161262393526,-0.06931772913144318,-0.8016331581553201,0.06543186421131442,0.4089888480641917,0.91019052582685,1.7082553096416393,0.0,0.0,0.0,1.0,0.40834820817912537,-0.06931772913144318,0.91019052582685
1783095554131419947,52.969853006,0.02349598533415731,-0.9125237967034474,0.40834820817912537,-4.755510933347837,0.9975803776232814,-0.005333161262393526,-0.06931772913144318,-0.8016331581553201,0.06543186421131442,0.4089888480641917,0.91019052582685,1.7082553096416393,0.0,0.0,0.0,1.0,0.40834820817912537,-0.06931772913144318,0.91019052582685
1783095554141502751,52.97993581,0.023383225729537698,-0.913225422271805,0.4067831767305093,-4.754859076709847,0.9975604952340534,-0.005456875713942983,-0.06959368402256334,-0.8015182192333441,0.06577448671689728,0.4074181520550181,0.9108700051451925,1.7079722973709082,0.0,0.0,0.0,1.0,0.4067831767305093,-0.06959368402256334,0.9108700051451925
1783095554151817364,52.990250423,0.023383225729537698,-0.913225422271805,0.4067831767305093,-4.754859076709847,0.9975604952340534,-0.005456875713942983,-0.06959368402256334,-0.8015182192333441,0.06577448671689728,0.4074181520550181,0.9108700051451925,1.7079722973709082,0.0,0.0,0.0,1.0,0.4067831767305093,-0.06959368402256334,0.9108700051451925
1783095554161653525,53.000086584,0.023383225729537698,-0.913225422271805,0.4067831767305093,-4.754859076709847,0.9975604952340534,-0.005456875713942983,-0.06959368402256334,-0.8015182192333441,0.06577448671689728,0.4074181520550181,0.9108700051451925,1.7079722973709082,0.0,0.0,0.0,1.0,0.4067831767305093,-0.06959368402256334,0.9108700051451925
1783095554171834350,53.010267409,0.023383225729537698,-0.913225422271805,0.4067831767305093,-4.754859076709847,0.9975604952340534,-0.005456875713942983,-0.06959368402256334,-0.8015182192333441,0.06577448671689728,0.4074181520550181,0.9108700051451925,1.7079722973709082,0.0,0.0,0.0,1.0,0.4067831767305093,-0.06959368402256334,0.9108700051451925
1783095554181515997,53.019949056,0.023269877393020225,-0.9139243470405339,0.405216979768429,-4.75420673461983,0.9975405090364022,-0.005580113945753798,-0.06986984442338194,-0.8014031947138159,0.06611690886232509,0.4058462149815937,0.9115467098002191,1.7076904407847495,0.0,0.0,0.0,1.0,0.405216979768429,-0.06986984442338194,0.9115467098002191
1783095554191285900,53.029718959,0.023269877393020225,-0.9139243470405339,0.405216979768429,-4.75420673461983,0.9975405090364022,-0.005580113945753798,-0.06986984442338194,-0.8014031947138159,0.06611690886232509,0.4058462149815937,0.9115467098002191,1.7076904407847495,0.0,0.0,0.0,1.0,0.405216979768429,-0.06986984442338194,0.9115467098002191
1783095554201381769,53.039814828,0.023269877393020225,-0.9139243470405339,0.405216979768429,-4.75420673461983,0.9975405090364022,-0.005580113945753798,-0.06986984442338194,-0.8014031947138159,0.06611690886232509,0.4058462149815937,0.9115467098002191,1.7076904407847495,0.0,0.0,0.0,1.0,0.405216979768429,-0.06986984442338194,0.9115467098002191
1783095554211424602,53.049857661,0.023269877393020225,-0.9139243470405339,0.405216979768429,-4.75420673461983,0.9975405090364022,-0.005580113945753798,-0.06986984442338194,-0.8014031947138159,0.06611690886232509,0.4058462149815937,0.9115467098002191,1.7076904407847495,0.0,0.0,0.0,1.0,0.405216979768429,-0.06986984442338194,0.9115467098002191
1783095554221264502,53.059697561,0.02315594066988297,-0.914620568880592,0.4036496220637835,-4.753553909064931,0.9975204190912094,-0.00570287558242158,-0.07014620949266807,-0.8012880849471196,0.06645912960452253,0.404273041632303,0.9122206377305743,1.7074097407417455,0.0,0.0,0.0,1.0,0.4036496220637835,-0.07014620949266807,0.9122206377305743
1783095554231669605,53.070102664,0.02315594066988297,-0.914620568880592,0.4036496220637835,-4.753553909064931,0.9975204190912094,-0.00570287558242158,-0.07014620949266807,-0.8012880849471196,0.06645912960452253,0.404273041632303,0.9122206377305743,1.7074097407417455,0.0,0.0,0.0,1.0,0.4036496220637835,-0.07014620949266807,0.9122206377305743
1783095554241315442,53.079748501,0.02315594066988297,-0.914620568880592,0.4036496220637835,-4.753553909064931,0.9975204190912094,-0.00570287558242158,-0.07014620949266807,-0.8012880849471196,0.06645912960452253,0.404273041632303,0.9122206377305743,1.7074097407417455,0.0,0.0,0.0,1.0,0.4036496220637835,-0.07014620949266807,0.9122206377305743
1783095554251123775,53.089556834,0.02315594066988297,-0.914620568880592,0.4036496220637835,-4.753553909064931,0.9975204190912094,-0.00570287558242158,-0.07014620949266807,-0.8012880849471196,0.06645912960452253,0.404273041632303,0.9122206377305743,1.7074097407417455,0.0,0.0,0.0,1.0,0.4036496220637835,-0.07014620949266807,0.9122206377305743
1783095554261315302,53.099748361,0.02315594066988297,-0.914620568880592,0.4036496220637835,-4.753553909064931,0.9975204190912094,-0.00570287558242158,-0.07014620949266807,-0.8012880849471196,0.06645912960452253,0.404273041632303,0.9122206377305743,1.7074097407417455,0.0,0.0,0.0,1.0,0.4036496220637835,-0.07014620949266807,0.9122206377305743
1783095554271203405,53.109636464,0.02315594066988297,-0.914620568880592,0.4036496220637835,-4.753553909064931,0.9975204190912094,-0.00570287558242158,-0.07014620949266807,-0.8012880849471196,0.06645912960452253,0.404273041632303,0.9122206377305743,1.7074097407417455,0.0,0.0,0.0,1.0,0.4036496220637835,-0.07014620949266807,0.9122206377305743
1783095554281530636,53.119963695,0.02315594066988297,-0.914620568880592,0.4036496220637835,-4.753553909064931,0.9975204190912094,-0.00570287558242158,-0.07014620949266807,-0.8012880849471196,0.06645912960452253,0.404273041632303,0.9122206377305743,1.7074097407417455,0.0,0.0,0.0,1.0,0.4036496220637835,-0.07014620949266807,0.9122206377305743
1783095554291570594,53.130003653,0.02315594066988297,-0.914620568880592,0.4036496220637835,-4.753553909064931,0.9975204190912094,-0.00570287558242158,-0.07014620949266807,-0.8012880849471196,0.06645912960452253,0.404273041632303,0.9122206377305743,1.7074097407417455,0.0,0.0,0.0,1.0,0.4036496220637835,-0.07014620949266807,0.9122206377305743
1783095554301355781,53.13978884,0.023041415907196383,-0.9153140856711699,0.40208110839100847,-4.750814893977242,0.997500225459672,-0.005825160249993711,-0.07042277838856717,-0.8008051268500356,0.06680114790102748,0.4026986367992971,0.9128917868833594,1.7030073557552714,0.0,0.0,0.0,1.0,0.40208110839100847,-0.07042277838856717,0.9128917868833594
1783095554312056802,53.150489861,0.023041415907196383,-0.9153140856711699,0.40208110839100847,-4.750814893977242,0.997500225459672,-0.005825160249993711,-0.07042277838856717,-0.8008051268500356,0.06680114790102748,0.4026986367992971,0.9128917868833594,1.7030073557552714,0.0,0.0,0.0,1.0,0.40208110839100847,-0.07042277838856717,0.9128917868833594
1783095554321893970,53.160327029,0.023041415907196383,-0.9153140856711699,0.40208110839100847,-4.750814893977242,0.997500225459672,-0.005825160249993711,-0.07042277838856717,-0.8008051268500356,0.06680114790102748,0.4026986367992971,0.9128917868833594,1.7030073557552714,0.0,0.0,0.0,1.0,0.40208110839100847,-0.07042277838856717,0.9128917868833594
1783095554331508089,53.169941148,0.023041415907196383,-0.9153140856711699,0.40208110839100847,-4.750814893977242,0.997500225459672,-0.005825160249993711,-0.07042277838856717,-0.8008051268500356,0.06680114790102748,0.4026986367992971,0.9128917868833594,1.7030073557552714,0.0,0.0,0.0,1.0,0.40208110839100847,-0.07042277838856717,0.9128917868833594
1783095554341588428,53.180021487,0.023041415907196383,-0.9153140856711699,0.40208110839100847,-4.750814893977242,0.997500225459672,-0.005825160249993711,-0.07042277838856717,-0.8008051268500356,0.06680114790102748,0.4026986367992971,0.9128917868833594,1.7030073557552714,0.0,0.0,0.0,1.0,0.40208110839100847,-0.07042277838856717,0.9128917868833594
1783095554351271740,53.189704799,0.023041415907196383,-0.9153140856711699,0.40208110839100847,-4.750814893977242,0.997500225459672,-0.005825160249993711,-0.07042277838856717,-0.8008051268500356,0.06680114790102748,0.4026986367992971,0.9128917868833594,1.7030073557552714,0.0,0.0,0.0,1.0,0.40208110839100847,-0.07042277838856717,0.9128917868833594
1783095554361516048,53.199949107,0.023041415907196383,-0.9153140856711699,0.40208110839100847,-4.750814893977242,0.997500225459672,-0.005825160249993711,-0.07042277838856717,-0.8008051268500356,0.06680114790102748,0.4026986367992971,0.9128917868833594,1.7030073557552714,0.0,0.0,0.0,1.0,0.40208110839100847,-0.07042277838856717,0.9128917868833594
1783095554371840520,53.210273579,0.023041415907196383,-0.9153140856711699,0.40208110839100847,-4.750814893977242,0.997500225459672,-0.005825160249993711,-0.07042277838856717,-0.8008051268500356,0.06680114790102748,0.4026986367992971,0.9128917868833594,1.7030073557552714,0.0,0.0,0.0,1.0,0.40208110839100847,-0.07042277838856717,0.9128917868833594
1783095554381122869,53.219555928,0.02373490840294752,-0.9152054877376585,0.40228791845887973,-4.750868871404956,0.9973773129940373,-0.005844407811939201,-0.07214110078257659,-0.8003566447051991,0.0683750659809394,0.40294510558164415,0.9126664737130974,1.7030661624927097,0.0,0.0,0.0,1.0,0.40228791845887973,-0.07214110078257659,0.9126664737130974
1783095554391490104,53.229923163,0.02373490840294752,-0.9152054877376585,0.40228791845887973,-4.750868871404956,0.9973773129940373,-0.005844407811939201,-0.07214110078257659,-0.8003566447051991,0.0683750659809394,0.40294510558164415,0.9126664737130974,1.7030661624927097,0.0,0.0,0.0,1.0,0.40228791845887973,-0.07214110078257659,0.9126664737130974
1783095554401959942,53.240393001,0.02373490840294752,-0.9152054877376585,0.40228791845887973,-4.750953575101197,0.9973773129940373,-0.005844407811939201,-0.07214110078257659,-0.8003715801234581,0.0683750659809394,0.40294510558164415,0.9126664737130974,1.703015150561555,0.0,0.0,0.0,1.0,0.40228791845887973,-0.07214110078257659,0.9126664737130974
1783095554411693668,53.250126727,0.02373490840294752,-0.9152054877376585,0.40228791845887973,-4.750953575101197,0.9973773129940373,-0.005844407811939201,-0.07214110078257659,-0.8003715801234581,0.0683750659809394,0.40294510558164415,0.9126664737130974,1.703015150561555,0.0,0.0,0.0,1.0,0.40228791845887973,-0.07214110078257659,0.9126664737130974
1783095554421732937,53.260165996,0.02373490840294752,-0.9152054877376585,0.40228791845887973,-4.750953575101197,0.9973773129940373,-0.005844407811939201,-0.07214110078257659,-0.8003715801234581,0.0683750659809394,0.40294510558164415,0.9126664737130974,1.703015150561555,0.0,0.0,0.0,1.0,0.40228791845887973,-0.07214110078257659,0.9126664737130974
1783095554432023081,53.27045614,0.02373490840294752,-0.9152054877376585,0.40228791845887973,-4.750953575101197,0.9973773129940373,-0.005844407811939201,-0.07214110078257659,-0.8003715801234581,0.0683750659809394,0.40294510558164415,0.9126664737130974,1.703015150561555,0.0,0.0,0.0,1.0,0.40228791845887973,-0.07214110078257659,0.9126664737130974
1783095554441809916,53.280242975,0.02373490840294752,-0.9152054877376585,0.40228791845887973,-4.750953575101197,0.9973773129940373,-0.005844407811939201,-0.07214110078257659,-0.8003715801234581,0.0683750659809394,0.40294510558164415,0.9126664737130974,1.703015150561555,0.0,0.0,0.0,1.0,0.40228791845887973,-0.07214110078257659,0.9126664737130974
1783095554451943556,53.290376615,0.02373490840294752,-0.9152054877376585,0.40228791845887973,-4.750953575101197,0.9973773129940373,-0.005844407811939201,-0.07214110078257659,-0.8003715801234581,0.0683750659809394,0.40294510558164415,0.9126664737130974,1.703015150561555,0.0,0.0,0.0,1.0,0.40228791845887973,-0.07214110078257659,0.9126664737130974
1783095554461750886,53.300183945,0.02373490840294752,-0.9152054877376585,0.40228791845887973,-4.750953575101197,0.9973773129940373,-0.005844407811939201,-0.07214110078257659,-0.8003715801234581,0.0683750659809394,0.40294510558164415,0.9126664737130974,1.703015150561555,0.0,0.0,0.0,1.0,0.40228791845887973,-0.07214110078257659,0.9126664737130974
1783095554471688432,53.310121491,0.02373490840294752,-0.9152054877376585,0.40228791845887973,-4.750953575101197,0.9973773129940373,-0.005844407811939201,-0.07214110078257659,-0.8003715801234581,0.0683750659809394,0.40294510558164415,0.9126664737130974,1.703015150561555,0.0,0.0,0.0,1.0,0.40228791845887973,-0.07214110078257659,0.9126664737130974
1783095554481405637,53.319838696,0.02442875644773096,-0.9150968341267024,0.4024935030900549,-4.7510072326899335,0.9972514377900401,-0.005864119325932749,-0.07385920342265319,-0.7999231553343982,0.06994859315322277,0.40319151314954266,0.9124383804071742,1.703074682914401,0.0,0.0,0.0,1.0,0.4024935030900549,-0.07385920342265319,0.9124383804071742
1783095554491508723,53.329941782,0.02442875644773096,-0.9150968341267024,0.4024935030900549,-4.7510072326899335,0.9972514377900401,-0.005864119325932749,-0.07385920342265319,-0.7999231553343982,0.06994859315322277,0.40319151314954266,0.9124383804071742,1.703074682914401,0.0,0.0,0.0,1.0,0.4024935030900549,-0.07385920342265319,0.9124383804071742
