t_ns,t_offset_s,parent_frame,child_frame,x,y,z,qx,qy,qz,qw,is_static
1783095501164026651,0.00245971,stick,camera_zed,-0.07291,0.326064,-0.025846,-0.00109050162075051,0.004949226072602273,-0.019530658871341717,0.9997964139421328,True
1783095501164026651,0.00245971,grappletong1,grappletong1_tip,-0.458,0.02,-0.458,0.0,0.0,0.0,1.0,True
1783095501164026651,0.00245971,grappletong2,grappletong2_tip,0.454,0.018,-0.454,0.0,0.0,0.0,1.0,True
1783095501164026651,0.00245971,mast_sensor_bracket,lidar_0/os_sensor,-0.043806,0.063314,-0.021948,0.6988499293469069,0.7118468388389062,0.06583629152957725,0.023418731915118052,True
1783095501164026651,0.00245971,mast,mast_sensor_bracket,-0.15,0.0,0.74,0.0012493490817475706,0.04996355159372734,-0.024966155679015008,0.9984381671939551,True
1783095501164026651,0.00245971,base_link,trailer,0.0,2.5525,-1.39,-0.0052357348385281164,0.009599020993509042,5.026093323567493e-05,0.999940219888422,True
1783095501164026651,0.00245971,mast,zed_0_camera_link,-0.144637,0.128801,1.069843,-0.10708498344911213,0.12468332838867147,0.7680425896534592,0.6189486686471135,True
1783095501164026651,0.00245971,camera_zed,zed_1_camera_link,0.0,0.0,0.0,0.0,0.0,0.706825181105366,0.7073882691671998,True
1783095501164044499,0.002477558,zed_0_camera_link,zed_0_camera_center,0.0,0.0,0.016,0.0,0.0,0.0,1.0,True
1783095501164044499,0.002477558,zed_0_camera_center,zed_0_left_camera_frame,-0.01,0.06,0.0,0.0,0.0,0.0,1.0,True
1783095501164044499,0.002477558,zed_0_left_camera_frame,zed_0_left_camera_frame_optical,0.0,0.0,0.0,0.5,-0.4999999999999999,0.5,-0.5000000000000001,True
1783095501164044499,0.002477558,zed_0_camera_center,zed_0_right_camera_frame,-0.01,-0.06,0.0,0.0,0.0,0.0,1.0,True
1783095501164044499,0.002477558,zed_0_right_camera_frame,zed_0_right_camera_frame_optical,0.0,0.0,0.0,0.5,-0.4999999999999999,0.5,-0.5000000000000001,True
1783095545721098138,44.559531197,base_link,ee_command_marker,-4.503507137298584,-1.2419465780258179,1.685267984867096,0.0,0.0,-0.693190289729029,0.7207546199819914,False
1783095545737159628,44.575592687,zed_0_camera_center,zed_0_left_camera_frame,-0.01,0.060116712003946304,0.0,0.0,0.0,0.0,1.0,False
1783095545737189971,44.57562303,zed_0_camera_center,zed_0_right_camera_frame,-0.01,-0.060116712003946304,0.0,0.0,0.0,0.0,1.0,False
1783095545747279610,44.585712669,upperpassive,lowerpassive,0.0,0.0,-0.154,0.0,0.011344387213581346,0.0,0.9999356503689366,False
1783095545747279610,44.585712669,mast,mainboom,0.0,-0.0601374,1.09553,0.1313912309302832,0.0,0.0,0.991330592907646,False
1783095545747279610,44.585712669,lowerpassive,grapplecarrier,0.0,0.0,-0.261,0.0,0.0,-0.0741084277134831,0.9972501897426922,False
1783095545747279610,44.585712669,grapplecarrier,grappletong1,-0.275000000000001,-0.0192847891741644,-0.202,0.0,0.0,0.0,1.0,False
1783095545747279610,44.585712669,grapplecarrier,grappletong2,0.275000000000001,-0.0192847891741644,-0.202,0.0,0.0,0.0,1.0,False
1783095545747279610,44.585712669,telescope,upperpassive,0.0,2.03711,-0.20229,0.4162804625192871,0.0,0.0,0.9092362600142652,False
1783095545747279610,44.585712669,base_link,mast,0.0,0.0,0.26881,0.0,0.0,0.7649209270789442,0.6441241924634475,False
1783095545747279610,44.585712669,mainboom,stick,0.0,3.04904,-0.00649,-0.5202641752691401,0.0,0.0,0.8540053793340657,False
1783095545747279610,44.585712669,stick,telescope,0.0,0.605535517255408,0.18741612188931134,0.0,0.0,0.0,1.0,False
1783095545784330182,44.622763241,zed_0_camera_center,zed_0_left_camera_frame,-0.01,0.060116712003946304,0.0,0.0,0.0,0.0,1.0,False
1783095545784355186,44.622788245,zed_0_camera_center,zed_0_right_camera_frame,-0.01,-0.060116712003946304,0.0,0.0,0.0,0.0,1.0,False
1783095545813726311,44.65215937,upperpassive,lowerpassive,0.0,0.0,-0.154,0.0,0.011344387213581346,0.0,0.9999356503689366,False
1783095545813726311,44.65215937,mast,mainboom,0.0,-0.0601374,1.09553,0.1313912309302832,0.0,0.0,0.991330592907646,False
1783095545813726311,44.65215937,lowerpassive,grapplecarrier,0.0,0.0,-0.261,0.0,0.0,-0.0741084277134831,0.9972501897426922,False
1783095545813726311,44.65215937,grapplecarrier,grappletong1,-0.275000000000001,-0.0192847891741644,-0.202,0.0,0.0,0.0,1.0,False
1783095545813726311,44.65215937,grapplecarrier,grappletong2,0.275000000000001,-0.0192847891741644,-0.202,0.0,0.0,0.0,1.0,False
1783095545813726311,44.65215937,telescope,upperpassive,0.0,2.03711,-0.20229,0.4162804625192871,0.0,0.0,0.9092362600142652,False
1783095545813726311,44.65215937,base_link,mast,0.0,0.0,0.26881,0.0,0.0,0.7649209270789442,0.6441241924634475,False
1783095545813726311,44.65215937,mainboom,stick,0.0,3.04904,-0.00649,-0.5202641752691401,0.0,0.0,0.8540053793340657,False
1783095545813726311,44.65215937,stick,telescope,0.0,0.605535517255408,0.18741612188931134,0.0,0.0,0.0,1.0,False
1783095545868749526,44.707182585,zed_0_camera_center,zed_0_left_camera_frame,-0.01,0.060116712003946304,0.0,0.0,0.0,0.0,1.0,False
1783095545868797639,44.707230698,zed_0_camera_center,zed_0_right_camera_frame,-0.01,-0.060116712003946304,0.0,0.0,0.0,0.0,1.0,False
1783095545871832817,44.710265876,upperpassive,lowerpassive,0.0,0.0,-0.154,0.0,0.013089584515667546,0.0,0.9999143277187338,False
1783095545871832817,44.710265876,mast,mainboom,0.0,-0.0601374,1.09553,0.1313912309302832,0.0,0.0,0.991330592907646,False
1783095545871832817,44.710265876,lowerpassive,grapplecarrier,0.0,0.0,-0.261,0.0,0.0,-0.0741084277134831,0.9972501897426922,False
1783095545871832817,44.710265876,grapplecarrier,grappletong1,-0.275000000000001,-0.0192847891741644,-0.202,0.0,0.0,0.0,1.0,False
1783095545871832817,44.710265876,grapplecarrier,grappletong2,0.275000000000001,-0.0192847891741644,-0.202,0.0,0.0,0.0,1.0,False
1783095545871832817,44.710265876,telescope,upperpassive,0.0,2.03711,-0.20229,0.4162804625192871,0.0,0.0,0.9092362600142652,False
1783095545871832817,44.710265876,base_link,mast,0.0,0.0,0.26881,0.0,0.0,0.7649209270789442,0.6441241924634475,False
1783095545871832817,44.710265876,mainboom,stick,0.0,3.04904,-0.00649,-0.5202641752691401,0.0,0.0,0.8540053793340657,False
1783095545871832817,44.710265876,stick,telescope,0.0,0.605535517255408,0.18741612188931134,0.0,0.0,0.0,1.0,False
1783095545925100761,44.76353382,zed_0_camera_center,zed_0_left_camera_frame,-0.01,0.060116712003946304,0.0,0.0,0.0,0.0,1.0,False
1783095545925140403,44.763573462,zed_0_camera_center,zed_0_right_camera_frame,-0.01,-0.060116712003946304,0.0,0.0,0.0,0.0,1.0,False
1783095545931463661,44.76989672,upperpassive,lowerpassive,0.0,0.0,-0.154,0.0,0.015707304045508543,0.0,0.9998766326900642,False
1783095545931463661,44.76989672,mast,mainboom,0.0,-0.0601374,1.09553,0.1313912309302832,0.0,0.0,0.991330592907646,False
1783095545931463661,44.76989672,lowerpassive,grapplecarrier,0.0,0.0,-0.261,0.0,0.0,-0.0741084277134831,0.9972501897426922,False
1783095545931463661,44.76989672,grapplecarrier,grappletong1,-0.275000000000001,-0.0192847891741644,-0.202,0.0,0.0,0.0,1.0,False
1783095545931463661,44.76989672,grapplecarrier,grappletong2,0.275000000000001,-0.0192847891741644,-0.202,0.0,0.0,0.0,1.0,False
1783095545931463661,44.76989672,telescope,upperpassive,0.0,2.03711,-0.20229,0.41469291399362007,0.0,0.0,0.9099614206566562,False
1783095545931463661,44.76989672,base_link,mast,0.0,0.0,0.26881,0.0,0.0,0.7649209270789442,0.6441241924634475,False
1783095545931463661,44.76989672,mainboom,stick,0.0,3.04904,-0.00649,-0.5202641752691401,0.0,0.0,0.8540053793340657,False
1783095545931463661,44.76989672,stick,telescope,0.0,0.605535517255408,0.18741612188931134,0.0,0.0,0.0,1.0,False
1783095545983442810,44.821875869,upperpassive,lowerpassive,0.0,0.0,-0.154,0.0,0.025304551496234548,0.0,0.999679788569107,False
1783095545983442810,44.821875869,mast,mainboom,0.0,-0.0601374,1.09553,0.13225627920087857,0.0,0.0,0.9912155550696019,False
1783095545983442810,44.821875869,lowerpassive,grapplecarrier,0.0,0.0,-0.261,0.0,0.0,-0.0741084277134831,0.9972501897426922,False
1783095545983442810,44.821875869,grapplecarrier,grappletong1,-0.275000000000001,-0.0192847891741644,-0.202,0.0,0.0,0.0,1.0,False
1783095545983442810,44.821875869,grapplecarrier,grappletong2,0.275000000000001,-0.0192847891741644,-0.202,0.0,0.0,0.0,1.0,False
1783095545983442810,44.821875869,telescope,upperpassive,0.0,2.03711,-0.20229,0.41469291399362007,0.0,0.0,0.9099614206566562,False
1783095545983442810,44.821875869,base_link,mast,0.0,0.0,0.26881,0.0,0.0,0.7649209270789442,0.6441241924634475,False
1783095545983442810,44.821875869,mainboom,stick,0.0,3.04904,-0.00649,-0.5210092367284446,0.0,0.0,0.8535510384526771,False
1783095545983442810,44.821875869,stick,telescope,0.0,0.605535517255408,0.18741612188931134,0.0,0.0,0.0,1.0,False
1783095545986696085,44.825129144,zed_0_camera_center,zed_0_left_camera_frame,-0.01,0.060116712003946304,0.0,0.0,0.0,0.0,1.0,False
1783095545986723760,44.825156819,zed_0_camera_center,zed_0_right_camera_frame,-0.01,-0.060116712003946304,0.0,0.0,0.0,0.0,1.0,False
1783095546041503628,44.879936687,upperpassive,lowerpassive,0.0,0.0,-0.154,0.0,0.0444911671329917,0.0,0.9990097777535233,False
1783095546041503628,44.879936687,mast,mainboom,0.0,-0.0601374,1.09553,0.13225627920087857,0.0,0.0,0.9912155550696019,False
1783095546041503628,44.879936687,lowerpassive,grapplecarrier,0.0,0.0,-0.261,0.0,0.0,-0.0749786636134539,0.9971851382781136,False
1783095546041503628,44.879936687,grapplecarrier,grappletong1,-0.275000000000001,-0.0192847891741644,-0.202,0.0,0.0,0.0,1.0,False
1783095546041503628,44.879936687,grapplecarrier,grappletong2,0.275000000000001,-0.0192847891741644,-0.202,0.0,0.0,0.0,1.0,False
1783095546041503628,44.879936687,telescope,upperpassive,0.0,2.03711,-0.20229,0.4138986657192397,0.0,0.0,0.9103229616547267,False
1783095546041503628,44.879936687,base_link,mast,0.0,0.0,0.26881,0.0,0.0,0.7649209270789442,0.6441241924634475,False
1783095546041503628,44.879936687,mainboom,stick,0.0,3.04904,-0.00649,-0.5210092367284446,0.0,0.0,0.8535510384526771,False
1783095546041503628,44.879936687,stick,telescope,0.0,0.605535517255408,0.18741612188931134,0.0,0.0,0.0,1.0,False
1783095546070651049,44.909084108,zed_0_camera_center,zed_0_left_camera_frame,-0.01,0.060116712003946304,0.0,0.0,0.0,0.0,1.0,False
1783095546070708517,44.909141576,zed_0_camera_center,zed_0_right_camera_frame,-0.01,-0.060116712003946304,0.0,0.0,0.0,0.0,1.0,False
1783095546101949695,44.940382754,upperpassive,lowerpassive,0.0,0.0,-0.154,0.0,0.05407876735093733,0.0,0.9985366727976511,False
1783095546101949695,44.940382754,mast,mainboom,0.0,-0.0601374,1.09553,0.13225627920087857,0.0,0.0,0.9912155550696019,False
1783095546101949695,44.940382754,lowerpassive,grapplecarrier,0.0,0.0,-0.261,0.0,0.0,-0.0741084277134831,0.9972501897426922,False
1783095546101949695,44.940382754,grapplecarrier,grappletong1,-0.275000000000001,-0.0192847891741644,-0.202,0.0,0.0,0.0,1.0,False
1783095546101949695,44.940382754,grapplecarrier,grappletong2,0.275000000000001,-0.0192847891741644,-0.202,0.0,0.0,0.0,1.0,False
1783095546101949695,44.940382754,telescope,upperpassive,0.0,2.03711,-0.20229,0.41548684646184014,0.0,0.0,0.9095991866845503,False
1783095546101949695,44.940382754,base_link,mast,0.0,0.0,0.26881,0.0,0.0,0.7649209270789442,0.6441241924634475,False
1783095546101949695,44.940382754,mainboom,stick,0.0,3.04904,-0.00649,-0.5195187176067034,0.0,0.0,0.8544590698543063,False
1783095546101949695,44.940382754,stick,telescope,0.0,0.6054357338587859,0.1874227001686128,0.0,0.0,0.0,1.0,False
1783095546123004515,44.961437574,zed_0_camera_center,zed_0_left_camera_frame,-0.01,0.060116712003946304,0.0,0.0,0.0,0.0,1.0,False
1783095546123034209,44.961467268,zed_0_camera_center,zed_0_right_camera_frame,-0.01,-0.060116712003946304,0.0,0.0,0.0,0.0,1.0,False
1783095546161932696,45.000365755,upperpassive,lowerpassive,0.0,0.0,-0.154,0.0,0.06366138443185716,0.0,0.9979715567751515,False
1783095546161932696,45.000365755,mast,mainboom,0.0,-0.0601374,1.09553,0.13225627920087857,0.0,0.0,0.9912155550696019,False
1783095546161932696,45.000365755,lowerpassive,grapplecarrier,0.0,0.0,-0.261,0.0,0.0,-0.0749786636134539,0.9971851382781136,False
1783095546161932696,45.000365755,grapplecarrier,grappletong1,-0.275000000000001,-0.0192847891741644,-0.202,0.0,0.0,0.0,1.0,False
1783095546161932696,45.000365755,grapplecarrier,grappletong2,0.275000000000001,-0.0192847891741644,-0.202,0.0,0.0,0.0,1.0,False
1783095546161932696,45.000365755,telescope,upperpassive,0.0,2.03711,-0.20229,0.4138986657192397,0.0,0.0,0.9103229616547267,False
1783095546161932696,45.000365755,base_link,mast,0.0,0.0,0.26881,0.0,0.0,0.7649209270789442,0.6441241924634475,False
1783095546161932696,45.000365755,mainboom,stick,0.0,3.04904,-0.00649,-0.5195187176067034,0.0,0.0,0.8544590698543063,False
1783095546161932696,45.000365755,stick,telescope,0.0,0.6054357338587859,0.1874227001686128,0.0,0.0,0.0,1.0,False
1783095546190199086,45.028632145,zed_0_camera_center,zed_0_left_camera_frame,-0.01,0.060116712003946304,0.0,0.0,0.0,0.0,1.0,False
1783095546190252075,45.028685134,zed_0_camera_center,zed_0_right_camera_frame,-0.01,-0.060116712003946304,0.0,0.0,0.0,0.0,1.0,False
1783095546221989357,45.060422416,upperpassive,lowerpassive,0.0,0.0,-0.154,0.0,0.07932897336914982,0.0,0.9968484909875707,False
1783095546221989357,45.060422416,mast,mainboom,0.0,-0.0601374,1.09553,0.13225627920087857,0.0,0.0,0.9912155550696019,False
1783095546221989357,45.060422416,lowerpassive,grapplecarrier,0.0,0.0,-0.261,0.0,0.0,-0.0749786636134539,0.9971851382781136,False
1783095546221989357,45.060422416,grapplecarrier,grappletong1,-0.275000000000001,-0.0192847891741644,-0.202,0.0,0.0,0.0,1.0,False
1783095546221989357,45.060422416,grapplecarrier,grappletong2,0.275000000000001,-0.0192847891741644,-0.202,0.0,0.0,0.0,1.0,False
1783095546221989357,45.060422416,telescope,upperpassive,0.0,2.03711,-0.20229,0.4170737615615887,0.0,0.0,0.908872640922185,False
1783095546221989357,45.060422416,base_link,mast,0.0,0.0,0.26881,0.0,0.0,0.7649209270789442,0.6441241924634475,False
1783095546221989357,45.060422416,mainboom,stick,0.0,3.04904,-0.00649,-0.5195187176067034,0.0,0.0,0.8544590698543063,False
1783095546221989357,45.060422416,stick,telescope,0.0,0.6054357338587859,0.1874227001686128,0.0,0.0,0.0,1.0,False
1783095546269650512,45.108083571,zed_0_camera_center,zed_0_left_camera_frame,-0.01,0.060116712003946304,0.0,0.0,0.0,0.0,1.0,False
1783095546269824008,45.108257067,zed_0_camera_center,zed_0_right_camera_frame,-0.01,-0.060116712003946304,0.0,0.0,0.0,0.0,1.0,False
1783095546272692651,45.11112571,upperpassive,lowerpassive,0.0,0.0,-0.154,0.0,0.09150154159171651,0.0,0.9958049346565516,False
1783095546272692651,45.11112571,mast,mainboom,0.0,-0.0601374,1.09553,0.13225627920087857,0.0,0.0,0.9912155550696019,False
1783095546272692651,45.11112571,lowerpassive,grapplecarrier,0.0,0.0,-0.261,0.0,0.0,-0.07584884241400716,0.9971193274149565,False
1783095546272692651,45.11112571,grapplecarrier,grappletong1,-0.275000000000001,-0.0192847891741644,-0.202,0.0,0.0,0.0,1.0,False
1783095546272692651,45.11112571,grapplecarrier,grappletong2,0.275000000000001,-0.0192847891741644,-0.202,0.0,0.0,0.0,1.0,False
1783095546272692651,45.11112571,telescope,upperpassive,0.0,2.03711,-0.20229,0.41786674298461424,0.0,0.0,0.908508329685221,False
1783095546272692651,45.11112571,base_link,mast,0.0,0.0,0.26881,0.0,0.0,0.7649209270789442,0.6441241924634475,False
1783095546272692651,45.11112571,mainboom,stick,0.0,3.04904,-0.00649,-0.5195187176067034,0.0,0.0,0.8544590698543063,False
1783095546272692651,45.11112571,stick,telescope,0.0,0.6054357338587859,0.1874227001686128,0.0,0.0,0.0,1.0,False
1783095546320383118,45.158816177,zed_0_camera_center,zed_0_left_camera_frame,-0.01,0.060116712003946304,0.0,0.0,0.0,0.0,1.0,False
1783095546320433739,45.158866798,zed_0_camera_center,zed_0_right_camera_frame,-0.01,-0.060116712003946304,0.0,0.0,0.0,0.0,1.0,False
1783095546331664658,45.170097717,upperpassive,lowerpassive,0.0,0.0,-0.154,0.0,0.10192437000251575,0.0,0.9947921505518579,False
1783095546331664658,45.170097717,mast,mainboom,0.0,-0.0601374,1.09553,0.13225627920087857,0.0,0.0,0.9912155550696019,False
1783095546331664658,45.170097717,lowerpassive,grapplecarrier,0.0,0.0,-0.261,0.0,0.0,-0.07584884241400716,0.9971193274149565,False
1783095546331664658,45.170097717,grapplecarrier,grappletong1,-0.275000000000001,-0.0192847891741644,-0.202,0.0,0.0,0.0,1.0,False
1783095546331664658,45.170097717,grapplecarrier,grappletong2,0.275000000000001,-0.0192847891741644,-0.202,0.0,0.0,0.0,1.0,False
1783095546331664658,45.170097717,telescope,upperpassive,0.0,2.03711,-0.20229,0.41786674298461424,0.0,0.0,0.908508329685221,False
1783095546331664658,45.170097717,base_link,mast,0.0,0.0,0.26881,0.0,0.0,0.7649209270789442,0.6441241924634475,False
1783095546331664658,45.170097717,mainboom,stick,0.0,3.04904,-0.00649,-0.5195187176067034,0.0,0.0,0.8544590698543063,False
1783095546331664658,45.170097717,stick,telescope,0.0,0.6054357338587859,0.1874227001686128,0.0,0.0,0.0,1.0,False
1783095546392219915,45.230652974,upperpassive,lowerpassive,0.0,0.0,-0.154,0.0,0.10973421877628217,0.0,0.99396096564682,False
1783095546392219915,45.230652974,mast,mainboom,0.0,-0.0601374,1.09553,0.1313912309302832,0.0,0.0,0.991330592907646,False
1783095546392219915,45.230652974,lowerpassive,grapplecarrier,0.0,0.0,-0.261,0.0,0.0,-0.07584884241400716,0.9971193274149565,False
1783095546392219915,45.230652974,grapplecarrier,grappletong1,-0.275000000000001,-0.0192847891741644,-0.202,0.0,0.0,0.0,1.0,False
1783095546392219915,45.230652974,grapplecarrier,grappletong2,0.275000000000001,-0.0192847891741644,-0.202,0.0,0.0,0.0,1.0,False
1783095546392219915,45.230652974,telescope,upperpassive,0.0,2.03711,-0.20229,0.4194517505575242,0.0,0.0,0.9077776318869221,False
1783095546392219915,45.230652974,base_link,mast,0.0,0.0,0.26881,0.0,0.0,0.7649209270789442,0.6441241924634475,False
1783095546392219915,45.230652974,mainboom,stick,0.0,3.04904,-0.00649,-0.5195187176067034,0.0,0.0,0.8544590698543063,False
1783095546392219915,45.230652974,stick,telescope,0.0,0.6054357338587859,0.1874227001686128,0.0,0.0,0.0,1.0,False
1783095546401815831,45.24024889,zed_0_camera_center,zed_0_left_camera_frame,-0.01,0.060116712003946304,0.0,0.0,0.0,0.0,1.0,False
1783095546401848822,45.240281881,zed_0_camera_center,zed_0_right_camera_frame,-0.01,-0.060116712003946304,0.0,0.0,0.0,0.0,1.0,False
1783095546451505240,45.289938299,upperpassive,lowerpassive,0.0,0.0,-0.154,0.0,0.11667063900137568,0.0,0.9931706610623428,False
1783095546451505240,45.289938299,mast,mainboom,0.0,-0.0601374,1.09553,0.1313912309302832,0.0,0.0,0.991330592907646,False
1783095546451505240,45.289938299,lowerpassive,grapplecarrier,0.0,0.0,-0.261,0.0,0.0,-0.07671896345246497,0.9970527572033385,False
1783095546451505240,45.289938299,grapplecarrier,grappletong1,-0.275000000000001,-0.0192847891741644,-0.202,0.0,0.0,0.0,1.0,False
1783095546451505240,45.289938299,grapplecarrier,grappletong2,0.275000000000001,-0.0192847891741644,-0.202,0.0,0.0,0.0,1.0,False
1783095546451505240,45.289938299,telescope,upperpassive,0.0,2.03711,-0.20229,0.4194517505575242,0.0,0.0,0.9077776318869221,False
1783095546451505240,45.289938299,base_link,mast,0.0,0.0,0.26881,0.0,0.0,0.7649209270789442,0.6441241924634475,False
1783095546451505240,45.289938299,mainboom,stick,0.0,3.04904,-0.00649,-0.5202641752691401,0.0,0.0,0.8540053793340657,False
1783095546451505240,45.289938299,stick,telescope,0.0,0.605535517255408,0.18741612188931134,0.0,0.0,0.0,1.0,False
1783095546470247155,45.308680214,zed_0_camera_center,zed_0_left_camera_frame,-0.01,0.060116712003946304,0.0,0.0,0.0,0.0,1.0,False
1783095546470297901,45.30873096,zed_0_camera_center,zed_0_right_camera_frame,-0.01,-0.060116712003946304,0.0,0.0,0.0,0.0,1.0,False
1783095546501608649,45.340041708,upperpassive,lowerpassive,0.0,0.0,-0.154,0.0,0.13052608259971893,0.0,0.9914448758055948,False
1783095546501608649,45.340041708,mast,mainboom,0.0,-0.0601374,1.09553,0.1313912309302832,0.0,0.0,0.991330592907646,False
1783095546501608649,45.340041708,lowerpassive,grapplecarrier,0.0,0.0,-0.261,0.0,0.0,-0.0793289733691498,0.9968484909875707,False
1783095546501608649,45.340041708,grapplecarrier,grappletong1,-0.275000000000001,-0.0192847891741644,-0.202,0.0,0.0,0.0,1.0,False
1783095546501608649,45.340041708,grapplecarrier,grappletong2,0.275000000000001,-0.0192847891741644,-0.202,0.0,0.0,0.0,1.0,False
1783095546501608649,45.340041708,telescope,upperpassive,0.0,2.03711,-0.20229,0.42182686468298364,0.0,0.0,0.9066764010559245,False
1783095546501608649,45.340041708,base_link,mast,0.0,0.0,0.26881,0.0,0.0,0.7649209270789442,0.6441241924634475,False
1783095546501608649,45.340041708,mainboom,stick,0.0,3.04904,-0.00649,-0.5202641752691401,0.0,0.0,0.8540053793340657,False
1783095546501608649,45.340041708,stick,telescope,0.0,0.605535517255408,0.18741612188931134,0.0,0.0,0.0,1.0,False
1783095546518807088,45.357240147,zed_0_camera_center,zed_0_left_camera_frame,-0.01,0.060116712003946304,0.0,0.0,0.0,0.0,1.0,False
1783095546518860113,45.357293172,zed_0_camera_center,zed_0_right_camera_frame,-0.01,-0.060116712003946304,0.0,0.0,0.0,0.0,1.0,False
1783095546551923685,45.390356744,upperpassive,lowerpassive,0.0,0.0,-0.154,0.0,0.14090111371733133,0.0,0.9900236745417839,False
1783095546551923685,45.390356744,mast,mainboom,0.0,-0.0601374,1.09553,0.1313912309302832,0.0,0.0,0.991330592907646,False
1783095546551923685,45.390356744,lowerpassive,grapplecarrier,0.0,0.0,-0.261,0.0,0.0,-0.08193843957485213,0.9966373924954042,False
1783095546551923685,45.390356744,grapplecarrier,grappletong1,-0.275000000000001,-0.0192847891741644,-0.202,0.0,0.0,0.0,1.0,False
1783095546551923685,45.390356744,grapplecarrier,grappletong2,0.275000000000001,-0.0192847891741644,-0.202,0.0,0.0,0.0,1.0,False
1783095546551923685,45.390356744,telescope,upperpassive,0.0,2.03711,-0.20229,0.42182686468298364,0.0,0.0,0.9066764010559245,False
1783095546551923685,45.390356744,base_link,mast,0.0,0.0,0.26881,0.0,0.0,0.7643585319677776,0.6447914659857588,False
1783095546551923685,45.390356744,mainboom,stick,0.0,3.04904,-0.00649,-0.5202641752691401,0.0,0.0,0.8540053793340657,False
1783095546551923685,45.390356744,stick,telescope,0.0,0.605535517255408,0.18741612188931134,0.0,0.0,0.0,1.0,False
1783095546583172556,45.421605615,zed_0_camera_center,zed_0_left_camera_frame,-0.01,0.060116712003946304,0.0,0.0,0.0,0.0,1.0,False
1783095546583205999,45.421639058,zed_0_camera_center,zed_0_right_camera_frame,-0.01,-0.060116712003946304,0.0,0.0,0.0,0.0,1.0,False
1783095546611559060,45.449992119,upperpassive,lowerpassive,0.0,0.0,-0.154,0.0,0.1443560799226225,0.0,0.989525806732383,False
1783095546611559060,45.449992119,mast,mainboom,0.0,-0.0601374,1.09553,0.1313912309302832,0.0,0.0,0.991330592907646,False
1783095546611559060,45.449992119,lowerpassive,grapplecarrier,0.0,0.0,-0.261,0.0,0.0,-0.08193843957485213,0.9966373924954042,False
1783095546611559060,45.449992119,grapplecarrier,grappletong1,-0.275000000000001,-0.0192847891741644,-0.202,0.0,0.0,0.0,1.0,False
1783095546611559060,45.449992119,grapplecarrier,grappletong2,0.275000000000001,-0.0192847891741644,-0.202,0.0,0.0,0.0,1.0,False
1783095546611559060,45.449992119,telescope,upperpassive,0.0,2.03711,-0.20229,0.4226179277171855,0.0,0.0,0.9063079427942977,False
1783095546611559060,45.449992119,base_link,mast,0.0,0.0,0.26881,0.0,0.0,0.7637955547653218,0.6454582484721489,False
1783095546611559060,45.449992119,mainboom,stick,0.0,3.04904,-0.00649,-0.5202641752691401,0.0,0.0,0.8540053793340657,False
1783095546611559060,45.449992119,stick,telescope,0.0,0.605535517255408,0.18741612188931134,0.0,0.0,0.0,1.0,False
1783095546661961379,45.500394438,upperpassive,lowerpassive,0.0,0.0,-0.154,0.0,0.1460829060566721,0.0,0.9892723510530542,False
1783095546661961379,45.500394438,mast,mainboom,0.0,-0.0601374,1.09553,0.1313912309302832,0.0,0.0,0.991330592907646,False
1783095546661961379,45.500394438,lowerpassive,grapplecarrier,0.0,0.0,-0.261,0.0,0.0,-0.08193843957485213,0.9966373924954042,False
1783095546661961379,45.500394438,grapplecarrier,grappletong1,-0.275000000000001,-0.0192847891741644,-0.202,0.0,0.0,0.0,1.0,False
1783095546661961379,45.500394438,grapplecarrier,grappletong2,0.275000000000001,-0.0192847891741644,-0.202,0.0,0.0,0.0,1.0,False
1783095546661961379,45.500394438,telescope,upperpassive,0.0,2.03711,-0.20229,0.4226179277171855,0.0,0.0,0.9063079427942977,False
1783095546661961379,45.500394438,base_link,mast,0.0,0.0,0.26881,0.0,0.0,0.7637955547653218,0.6454582484721489,False
1783095546661961379,45.500394438,mainboom,stick,0.0,3.04904,-0.00649,-0.5202641752691401,0.0,0.0,0.8540053793340657,False
1783095546661961379,45.500394438,stick,telescope,0.0,0.605535517255408,0.18741612188931134,0.0,0.0,0.0,1.0,False
1783095546668404381,45.50683744,zed_0_camera_center,zed_0_left_camera_frame,-0.01,0.060116712003946304,0.0,0.0,0.0,0.0,1.0,False
1783095546668442761,45.50687582,zed_0_camera_center,zed_0_right_camera_frame,-0.01,-0.060116712003946304,0.0,0.0,0.0,0.0,1.0,False
1783095546721684800,45.560117859,upperpassive,lowerpassive,0.0,0.0,-0.154,0.0,0.1460829060566721,0.0,0.9892723510530542,False
1783095546721684800,45.560117859,mast,mainboom,0.0,-0.0601374,1.09553,0.1313912309302832,0.0,0.0,0.991330592907646,False
1783095546721684800,45.560117859,lowerpassive,grapplecarrier,0.0,0.0,-0.261,0.0,0.0,-0.08454734418461292,0.9964194631736819,False
1783095546721684800,45.560117859,grapplecarrier,grappletong1,-0.275000000000001,-0.0192847891741644,-0.202,0.0,0.0,0.0,1.0,False
1783095546721684800,45.560117859,grapplecarrier,grappletong2,0.275000000000001,-0.0192847891741644,-0.202,0.0,0.0,0.0,1.0,False
1783095546721684800,45.560117859,telescope,upperpassive,0.0,2.03711,-0.20229,0.4202437755003584,0.0,0.0,0.9074112458820446,False
1783095546721684800,45.560117859,base_link,mast,0.0,0.0,0.26881,0.0,0.0,0.7632319959003075,0.6461245394148352,False
1783095546721684800,45.560117859,mainboom,stick,0.0,3.04904,-0.00649,-0.5202641752691401,0.0,0.0,0.8540053793340657,False
1783095546721684800,45.560117859,stick,telescope,0.0,0.605535517255408,0.18741612188931134,0.0,0.0,0.0,1.0,False
1783095546729241424,45.567674483,zed_0_camera_center,zed_0_left_camera_frame,-0.01,0.060116712003946304,0.0,0.0,0.0,0.0,1.0,False
1783095546729650112,45.568083171,zed_0_camera_center,zed_0_right_camera_frame,-0.01,-0.060116712003946304,0.0,0.0,0.0,0.0,1.0,False
1783095546781974512,45.620407571,upperpassive,lowerpassive,0.0,0.0,-0.154,0.0,0.1478092871976072,0.0,0.989015881883671,False
1783095546781974512,45.620407571,mast,mainboom,0.0,-0.0601374,1.09553,0.1313912309302832,0.0,0.0,0.991330592907646,False
1783095546781974512,45.620407571,lowerpassive,grapplecarrier,0.0,0.0,-0.261,0.0,0.0,-0.08454734418461292,0.9964194631736819,False
1783095546781974512,45.620407571,grapplecarrier,grappletong1,-0.275000000000001,-0.0192847891741644,-0.202,0.0,0.0,0.0,1.0,False
1783095546781974512,45.620407571,grapplecarrier,grappletong2,0.275000000000001,-0.0192847891741644,-0.202,0.0,0.0,0.0,1.0,False
1783095546781974512,45.620407571,telescope,upperpassive,0.0,2.03711,-0.20229,0.418659406184475,0.0,0.0,0.9081433265808116,False
1783095546781974512,45.620407571,base_link,mast,0.0,0.0,0.26881,0.0,0.0,0.7626678558019089,0.6467903383064088,False
1783095546781974512,45.620407571,mainboom,stick,0.0,3.04904,-0.00649,-0.5202641752691401,0.0,0.0,0.8540053793340657,False
1783095546781974512,45.620407571,stick,telescope,0.0,0.605535517255408,0.18741612188931134,0.0,0.0,0.0,1.0,False
1783095546784138542,45.622571601,zed_0_camera_center,zed_0_left_camera_frame,-0.01,0.060116712003946304,0.0,0.0,0.0,0.0,1.0,False
1783095546784162397,45.622595456,zed_0_camera_center,zed_0_right_camera_frame,-0.01,-0.060116712003946304,0.0,0.0,0.0,0.0,1.0,False
1783095546841999685,45.680432744,upperpassive,lowerpassive,0.0,0.0,-0.154,0.0,0.14867230925221359,0.0,0.9888865174839903,False
1783095546841999685,45.680432744,mast,mainboom,0.0,-0.0601374,1.09553,0.1313912309302832,0.0,0.0,0.991330592907646,False
1783095546841999685,45.680432744,lowerpassive,grapplecarrier,0.0,0.0,-0.261,0.0,0.0,-0.08454734418461292,0.9964194631736819,False
1783095546841999685,45.680432744,grapplecarrier,grappletong1,-0.275000000000001,-0.0192847891741644,-0.202,0.0,0.0,0.0,1.0,False
1783095546841999685,45.680432744,grapplecarrier,grappletong2,0.275000000000001,-0.0192847891741644,-0.202,0.0,0.0,0.0,1.0,False
1783095546841999685,45.680432744,telescope,upperpassive,0.0,2.03711,-0.20229,0.4170737615615887,0.0,0.0,0.908872640922185,False
1783095546841999685,45.680432744,base_link,mast,0.0,0.0,0.26881,0.0,0.0,0.7615378336238666,0.6481204579084571,False
1783095546841999685,45.680432744,mainboom,stick,0.0,3.04904,-0.00649,-0.5202641752691401,0.0,0.0,0.8540053793340657,False
1783095546841999685,45.680432744,stick,telescope,0.0,0.605535517255408,0.18741612188931134,0.0,0.0,0.0,1.0,False
1783095546857581367,45.696014426,zed_0_camera_center,zed_0_left_camera_frame,-0.01,0.060116712003946304,0.0,0.0,0.0,0.0,1.0,False
1783095546857634846,45.696067905,zed_0_camera_center,zed_0_right_camera_frame,-0.01,-0.060116712003946304,0.0,0.0,0.0,0.0,1.0,False
1783095546891941569,45.730374628,upperpassive,lowerpassive,0.0,0.0,-0.154,0.0,0.1443560799226225,0.0,0.989525806732383,False
1783095546891941569,45.730374628,mast,mainboom,0.0,-0.0601374,1.09553,0.13052608259971896,0.0,0.0,0.9914448758055948,False
1783095546891941569,45.730374628,lowerpassive,grapplecarrier,0.0,0.0,-0.261,0.0,0.0,-0.08367777281809446,0.9964928651707464,False
1783095546891941569,45.730374628,grapplecarrier,grappletong1,-0.275000000000001,-0.0192847891741644,-0.202,0.0,0.0,0.0,1.0,False
1783095546891941569,45.730374628,grapplecarrier,grappletong2,0.275000000000001,-0.0192847891741644,-0.202,0.0,0.0,0.0,1.0,False
1783095546891941569,45.730374628,telescope,upperpassive,0.0,2.03711,-0.20229,0.4170737615615887,0.0,0.0,0.908872640922185,False
1783095546891941569,45.730374628,base_link,mast,0.0,0.0,0.26881,0.0,0.0,0.7609719524047825,0.6487847776059896,False
1783095546891941569,45.730374628,mainboom,stick,0.0,3.04904,-0.00649,-0.5202641752691401,0.0,0.0,0.8540053793340657,False
1783095546891941569,45.730374628,stick,telescope,0.0,0.605535517255408,0.18741612188931134,0.0,0.0,0.0,1.0,False
1783095546914394566,45.752827625,zed_0_camera_center,zed_0_left_camera_frame,-0.01,0.060116712003946304,0.0,0.0,0.0,0.0,1.0,False
1783095546914431394,45.752864453,zed_0_camera_center,zed_0_right_camera_frame,-0.01,-0.060116712003946304,0.0,0.0,0.0,0.0,1.0,False
1783095546951707171,45.79014023,upperpassive,lowerpassive,0.0,0.0,-0.154,0.0,0.13917298417049823,0.0,0.9902680851552667,False
1783095546951707171,45.79014023,mast,mainboom,0.0,-0.0601374,1.09553,0.13052608259971896,0.0,0.0,0.9914448758055948,False
1783095546951707171,45.79014023,lowerpassive,grapplecarrier,0.0,0.0,-0.261,0.0,0.0,-0.08715566931732228,0.9961947045160647,False
1783095546951707171,45.79014023,grapplecarrier,grappletong1,-0.275000000000001,-0.0192847891741644,-0.202,0.0,0.0,0.0,1.0,False
1783095546951707171,45.79014023,grapplecarrier,grappletong2,0.275000000000001,-0.0192847891741644,-0.202,0.0,0.0,0.0,1.0,False
1783095546951707171,45.79014023,telescope,upperpassive,0.0,2.03711,-0.20229,0.4170737615615887,0.0,0.0,0.908872640922185,False
1783095546951707171,45.79014023,base_link,mast,0.0,0.0,0.26881,0.0,0.0,0.7598384518612004,0.6501119342645344,False
1783095546951707171,45.79014023,mainboom,stick,0.0,3.04904,-0.00649,-0.5202641752691401,0.0,0.0,0.8540053793340657,False
1783095546951707171,45.79014023,stick,telescope,0.0,0.605535517255408,0.18741612188931134,0.0,0.0,0.0,1.0,False
1783095546992531098,45.830964157,zed_0_camera_center,zed_0_left_camera_frame,-0.01,0.060116712003946304,0.0,0.0,0.0,0.0,1.0,False
1783095546992602468,45.831035527,zed_0_camera_center,zed_0_right_camera_frame,-0.01,-0.060116712003946304,0.0,0.0,0.0,0.0,1.0,False
1783095547001696388,45.840129447,upperpassive,lowerpassive,0.0,0.0,-0.154,0.0,0.13657999660003833,0.0,0.990629044864289,False
1783095547001696388,45.840129447,mast,mainboom,0.0,-0.0601374,1.09553,0.13052608259971896,0.0,0.0,0.9914448758055948,False
1783095547001696388,45.840129447,lowerpassive,grapplecarrier,0.0,0.0,-0.261,0.0,0.0,-0.09845127935030612,0.9951418720937673,False
1783095547001696388,45.840129447,grapplecarrier,grappletong1,-0.275000000000001,-0.0192847891741644,-0.202,0.0,0.0,0.0,1.0,False
1783095547001696388,45.840129447,grapplecarrier,grappletong2,0.275000000000001,-0.0192847891741644,-0.202,0.0,0.0,0.0,1.0,False
1783095547001696388,45.840129447,telescope,upperpassive,0.0,2.03711,-0.20229,0.4226179277171855,0.0,0.0,0.9063079427942977,False
1783095547001696388,45.840129447,base_link,mast,0.0,0.0,0.26881,0.0,0.0,0.7598384518612004,0.6501119342645344,False
1783095547001696388,45.840129447,mainboom,stick,0.0,3.04904,-0.00649,-0.5202641752691401,0.0,0.0,0.8540053793340657,False
1783095547001696388,45.840129447,stick,telescope,0.0,0.605535517255408,0.18741612188931134,0.0,0.0,0.0,1.0,False
1783095547052043831,45.89047689,upperpassive,lowerpassive,0.0,0.0,-0.154,0.0,0.14003710226599728,0.0,0.9901462568676118,False
1783095547052043831,45.89047689,mast,mainboom,0.0,-0.0601374,1.09553,0.13052608259971896,0.0,0.0,0.9914448758055948,False
1783095547052043831,45.89047689,lowerpassive,grapplecarrier,0.0,0.0,-0.261,0.0,0.0,-0.09845127935030612,0.9951418720937673,False
1783095547052043831,45.89047689,grapplecarrier,grappletong1,-0.275000000000001,-0.0192847891741644,-0.202,0.0,0.0,0.0,1.0,False
1783095547052043831,45.89047689,grapplecarrier,grappletong2,0.275000000000001,-0.0192847891741644,-0.202,0.0,0.0,0.0,1.0,False
1783095547052043831,45.89047689,telescope,upperpassive,0.0,2.03711,-0.20229,0.4226179277171855,0.0,0.0,0.9063079427942977,False
1783095547052043831,45.89047689,base_link,mast,0.0,0.0,0.26881,0.0,0.0,0.7598384518612004,0.6501119342645344,False
1783095547052043831,45.89047689,mainboom,stick,0.0,3.04904,-0.00649,-0.5202641752691401,0.0,0.0,0.8540053793340657,False
1783095547052043831,45.89047689,stick,telescope,0.0,0.605535517255408,0.18741612188931134,0.0,0.0,0.0,1.0,False
1783095547068028772,45.906461831,zed_0_camera_center,zed_0_left_camera_frame,-0.01,0.060116712003946304,0.0,0.0,0.0,0.0,1.0,False
1783095547068315243,45.906748302,zed_0_camera_center,zed_0_right_camera_frame,-0.01,-0.060116712003946304,0.0,0.0,0.0,0.0,1.0,False
1783095547112273599,45.950706658,upperpassive,lowerpassive,0.0,0.0,-0.154,0.0,0.14003710226599728,0.0,0.9901462568676118,False
1783095547112273599,45.950706658,mast,mainboom,0.0,-0.0601374,1.09553,0.13052608259971896,0.0,0.0,0.9914448758055948,False
1783095547112273599,45.950706658,lowerpassive,grapplecarrier,0.0,0.0,-0.261,0.0,0.0,-0.09671428153031805,0.9953121860743362,False
1783095547112273599,45.950706658,grapplecarrier,grappletong1,-0.275000000000001,-0.0192847891741644,-0.202,0.0,0.0,0.0,1.0,False
1783095547112273599,45.950706658,grapplecarrier,grappletong2,0.275000000000001,-0.0192847891741644,-0.202,0.0,0.0,0.0,1.0,False
1783095547112273599,45.950706658,telescope,upperpassive,0.0,2.03711,-0.20229,0.4202437755003584,0.0,0.0,0.9074112458820446,False
1783095547112273599,45.950706658,base_link,mast,0.0,0.0,0.26881,0.0,0.0,0.7598384518612004,0.6501119342645344,False
1783095547112273599,45.950706658,mainboom,stick,0.0,3.04904,-0.00649,-0.5202641752691401,0.0,0.0,0.8540053793340657,False
1783095547112273599,45.950706658,stick,telescope,0.0,0.605535517255408,0.18741612188931134,0.0,0.0,0.0,1.0,False
1783095547132180930,45.970613989,zed_0_camera_center,zed_0_left_camera_frame,-0.01,0.060116712003946304,0.0,0.0,0.0,0.0,1.0,False
1783095547132583109,45.971016168,zed_0_camera_center,zed_0_right_camera_frame,-0.01,-0.060116712003946304,0.0,0.0,0.0,0.0,1.0,False
1783095547171573669,46.010006728,upperpassive,lowerpassive,0.0,0.0,-0.154,0.0,0.13225627920087857,0.0,0.9912155550696019,False
1783095547171573669,46.010006728,mast,mainboom,0.0,-0.0601374,1.09553,0.13052608259971896,0.0,0.0,0.9914448758055948,False
1783095547171573669,46.010006728,lowerpassive,grapplecarrier,0.0,0.0,-0.261,0.0,0.0,-0.09584567181159835,0.9953962061385322,False
1783095547171573669,46.010006728,grapplecarrier,grappletong1,-0.275000000000001,-0.0192847891741644,-0.202,0.0,0.0,0.0,1.0,False
1783095547171573669,46.010006728,grapplecarrier,grappletong2,0.275000000000001,-0.0192847891741644,-0.202,0.0,0.0,0.0,1.0,False
1783095547171573669,46.010006728,telescope,upperpassive,0.0,2.03711,-0.20229,0.4162804625192871,0.0,0.0,0.9092362600142652,False
1783095547171573669,46.010006728,base_link,mast,0.0,0.0,0.26881,0.0,0.0,0.7598384518612004,0.6501119342645344,False
1783095547171573669,46.010006728,mainboom,stick,0.0,3.04904,-0.00649,-0.5202641752691401,0.0,0.0,0.8540053793340657,False
1783095547171573669,46.010006728,stick,telescope,0.0,0.605535517255408,0.18741612188931134,0.0,0.0,0.0,1.0,False
1783095547204802821,46.04323588,zed_0_camera_center,zed_0_left_camera_frame,-0.01,0.060116712003946304,0.0,0.0,0.0,0.0,1.0,False
1783095547204944515,46.043377574,zed_0_camera_center,zed_0_right_camera_frame,-0.01,-0.060116712003946304,0.0,0.0,0.0,0.0,1.0,False
1783095547231657552,46.070090611,upperpassive,lowerpassive,0.0,0.0,-0.154,0.0,0.11927034872239976,0.0,0.9928618151161002,False
1783095547231657552,46.070090611,mast,mainboom,0.0,-0.0601374,1.09553,0.13052608259971896,0.0,0.0,0.9914448758055948,False
1783095547231657552,46.070090611,lowerpassive,grapplecarrier,0.0,0.0,-0.261,0.0,0.0,-0.09497698910235344,0.9954794681664969,False
1783095547231657552,46.070090611,grapplecarrier,grappletong1,-0.275000000000001,-0.0192847891741644,-0.202,0.0,0.0,0.0,1.0,False
1783095547231657552,46.070090611,grapplecarrier,grappletong2,0.275000000000001,-0.0192847891741644,-0.202,0.0,0.0,0.0,1.0,False
1783095547231657552,46.070090611,telescope,upperpassive,0.0,2.03711,-0.20229,0.4138986657192397,0.0,0.0,0.9103229616547267,False
1783095547231657552,46.070090611,base_link,mast,0.0,0.0,0.26881,0.0,0.0,0.7598384518612004,0.6501119342645344,False
1783095547231657552,46.070090611,mainboom,stick,0.0,3.04904,-0.00649,-0.5202641752691401,0.0,0.0,0.8540053793340657,False
1783095547231657552,46.070090611,stick,telescope,0.0,0.605535517255408,0.18741612188931134,0.0,0.0,0.0,1.0,False
1783095547274061176,46.112494235,zed_0_camera_center,zed_0_left_camera_frame,-0.01,0.060116712003946304,0.0,0.0,0.0,0.0,1.0,False
1783095547274097759,46.112530818,zed_0_camera_center,zed_0_right_camera_frame,-0.01,-0.060116712003946304,0.0,0.0,0.0,0.0,1.0,False
1783095547291425264,46.129858323,upperpassive,lowerpassive,0.0,0.0,-0.154,0.0,0.10713166417134361,0.0,0.9942448423461286,False
1783095547291425264,46.129858323,mast,mainboom,0.0,-0.0601374,1.09553,0.13052608259971896,0.0,0.0,0.9914448758055948,False
1783095547291425264,46.129858323,lowerpassive,grapplecarrier,0.0,0.0,-0.261,0.0,0.0,-0.09584567181159835,0.9953962061385322,False
1783095547291425264,46.129858323,grapplecarrier,grappletong1,-0.275000000000001,-0.0192847891741644,-0.202,0.0,0.0,0.0,1.0,False
1783095547291425264,46.129858323,grapplecarrier,grappletong2,0.275000000000001,-0.0192847891741644,-0.202,0.0,0.0,0.0,1.0,False
1783095547291425264,46.129858323,telescope,upperpassive,0.0,2.03711,-0.20229,0.41469291399362007,0.0,0.0,0.9099614206566562,False
1783095547291425264,46.129858323,base_link,mast,0.0,0.0,0.26881,0.0,0.0,0.7598384518612004,0.6501119342645344,False
1783095547291425264,46.129858323,mainboom,stick,0.0,3.04904,-0.00649,-0.5202641752691401,0.0,0.0,0.8540053793340657,False
1783095547291425264,46.129858323,stick,telescope,0.0,0.605535517255408,0.18741612188931134,0.0,0.0,0.0,1.0,False
1783095547341935913,46.180368972,upperpassive,lowerpassive,0.0,0.0,-0.154,0.0,0.10105621211610871,0.0,0.9948807174695588,False
1783095547341935913,46.180368972,mast,mainboom,0.0,-0.0601374,1.09553,0.13052608259971896,0.0,0.0,0.9914448758055948,False
1783095547341935913,46.180368972,lowerpassive,grapplecarrier,0.0,0.0,-0.261,0.0,0.0,-0.10105621211610871,0.9948807174695588,False
1783095547341935913,46.180368972,grapplecarrier,grappletong1,-0.275000000000001,-0.0192847891741644,-0.202,0.0,0.0,0.0,1.0,False
1783095547341935913,46.180368972,grapplecarrier,grappletong2,0.275000000000001,-0.0192847891741644,-0.202,0.0,0.0,0.0,1.0,False
1783095547341935913,46.180368972,telescope,upperpassive,0.0,2.03711,-0.20229,0.4138986657192397,0.0,0.0,0.9103229616547267,False
1783095547341935913,46.180368972,base_link,mast,0.0,0.0,0.26881,0.0,0.0,0.7598384518612004,0.6501119342645344,False
1783095547341935913,46.180368972,mainboom,stick,0.0,3.04904,-0.00649,-0.5202641752691401,0.0,0.0,0.8540053793340657,False
1783095547341935913,46.180368972,stick,telescope,0.0,0.605535517255408,0.18741612188931134,0.0,0.0,0.0,1.0,False
1783095547343017195,46.181450254,zed_0_camera_center,zed_0_left_camera_frame,-0.01,0.060116712003946304,0.0,0.0,0.0,0.0,1.0,False
1783095547343504210,46.181937269,zed_0_camera_center,zed_0_right_camera_frame,-0.01,-0.060116712003946304,0.0,0.0,0.0,0.0,1.0,False
1783095547409381568,46.247814627,upperpassive,lowerpassive,0.0,0.0,-0.154,0.0,0.09671428153031807,0.0,0.9953121860743362,False
1783095547409381568,46.247814627,mast,mainboom,0.0,-0.0601374,1.09553,0.13052608259971896,0.0,0.0,0.9914448758055948,False
1783095547409381568,46.247814627,lowerpassive,grapplecarrier,0.0,0.0,-0.261,0.0,0.0,-0.1071316641713436,0.9942448423461286,False
1783095547409381568,46.247814627,grapplecarrier,grappletong1,-0.275000000000001,-0.0192847891741644,-0.202,0.0,0.0,0.0,1.0,False
1783095547409381568,46.247814627,grapplecarrier,grappletong2,0.275000000000001,-0.0192847891741644,-0.202,0.0,0.0,0.0,1.0,False
1783095547409381568,46.247814627,telescope,upperpassive,0.0,2.03711,-0.20229,0.41548684646184014,0.0,0.0,0.9095991866845503,False
1783095547409381568,46.247814627,base_link,mast,0.0,0.0,0.26881,0.0,0.0,0.7598384518612004,0.6501119342645344,False
1783095547409381568,46.247814627,mainboom,stick,0.0,3.04904,-0.00649,-0.5202641752691401,0.0,0.0,0.8540053793340657,False
1783095547409381568,46.247814627,stick,telescope,0.0,0.605535517255408,0.18741612188931134,0.0,0.0,0.0,1.0,False
1783095547410114481,46.24854754,zed_0_camera_center,zed_0_left_camera_frame,-0.01,0.060116712003946304,0.0,0.0,0.0,0.0,1.0,False
1783095547410367536,46.248800595,zed_0_camera_center,zed_0_right_camera_frame,-0.01,-0.060116712003946304,0.0,0.0,0.0,0.0,1.0,False
1783095547460090090,46.298523149,zed_0_camera_center,zed_0_left_camera_frame,-0.01,0.060116712003946304,0.0,0.0,0.0,0.0,1.0,False
1783095547460177242,46.298610301,zed_0_camera_center,zed_0_right_camera_frame,-0.01,-0.060116712003946304,0.0,0.0,0.0,0.0,1.0,False
1783095547461923670,46.300356729,upperpassive,lowerpassive,0.0,0.0,-0.154,0.0,0.09671428153031807,0.0,0.9953121860743362,False
1783095547461923670,46.300356729,mast,mainboom,0.0,-0.0601374,1.09553,0.1313912309302832,0.0,0.0,0.991330592907646,False
1783095547461923670,46.300356729,lowerpassive,grapplecarrier,0.0,0.0,-0.261,0.0,0.0,-0.1071316641713436,0.9942448423461286,False
1783095547461923670,46.300356729,grapplecarrier,grappletong1,-0.275000000000001,-0.0192847891741644,-0.202,0.0,0.0,0.0,1.0,False
1783095547461923670,46.300356729,grapplecarrier,grappletong2,0.275000000000001,-0.0192847891741644,-0.202,0.0,0.0,0.0,1.0,False
1783095547461923670,46.300356729,telescope,upperpassive,0.0,2.03711,-0.20229,0.41469291399362007,0.0,0.0,0.9099614206566562,False
1783095547461923670,46.300356729,base_link,mast,0.0,0.0,0.26881,0.0,0.0,0.7598384518612004,0.6501119342645344,False
1783095547461923670,46.300356729,mainboom,stick,0.0,3.04904,-0.00649,-0.5202641752691401,0.0,0.0,0.8540053793340657,False
1783095547461923670,46.300356729,stick,telescope,0.0,0.605535517255408,0.18741612188931134,0.0,0.0,0.0,1.0,False
1783095547512000775,46.350433834,upperpassive,lowerpassive,0.0,0.0,-0.154,0.0,0.09410823406412196,0.0,0.9955619720948228,False
1783095547512000775,46.350433834,mast,mainboom,0.0,-0.0601374,1.09553,0.1313912309302832,0.0,0.0,0.991330592907646,False
1783095547512000775,46.350433834,lowerpassive,grapplecarrier,0.0,0.0,-0.261,0.0,0.0,-0.10799926483920642,0.9941509738436063,False
1783095547512000775,46.350433834,grapplecarrier,grappletong1,-0.275000000000001,-0.0192847891741644,-0.202,0.0,0.0,0.0,1.0,False
1783095547512000775,46.350433834,grapplecarrier,grappletong2,0.275000000000001,-0.0192847891741644,-0.202,0.0,0.0,0.0,1.0,False
1783095547512000775,46.350433834,telescope,upperpassive,0.0,2.03711,-0.20229,0.41469291399362007,0.0,0.0,0.9099614206566562,False
1783095547512000775,46.350433834,base_link,mast,0.0,0.0,0.26881,0.0,0.0,0.7598384518612004,0.6501119342645344,False
1783095547512000775,46.350433834,mainboom,stick,0.0,3.04904,-0.00649,-0.5202641752691401,0.0,0.0,0.8540053793340657,False
1783095547512000775,46.350433834,stick,telescope,0.0,0.605535517255408,0.18741612188931134,0.0,0.0,0.0,1.0,False
1783095547526183417,46.364616476,zed_0_camera_center,zed_0_left_camera_frame,-0.01,0.060116712003946304,0.0,0.0,0.0,0.0,1.0,False
1783095547526234643,46.364667702,zed_0_camera_center,zed_0_right_camera_frame,-0.01,-0.060116712003946304,0.0,0.0,0.0,0.0,1.0,False
1783095547571677511,46.41011057,upperpassive,lowerpassive,0.0,0.0,-0.154,0.0,0.08715566931732228,0.0,0.9961947045160647,False
1783095547571677511,46.41011057,mast,mainboom,0.0,-0.0601374,1.09553,0.1313912309302832,0.0,0.0,0.991330592907646,False
1783095547571677511,46.41011057,lowerpassive,grapplecarrier,0.0,0.0,-0.261,0.0,0.0,-0.10973421877628217,0.99396096564682,False
1783095547571677511,46.41011057,grapplecarrier,grappletong1,-0.275000000000001,-0.0192847891741644,-0.202,0.0,0.0,0.0,1.0,False
1783095547571677511,46.41011057,grapplecarrier,grappletong2,0.275000000000001,-0.0192847891741644,-0.202,0.0,0.0,0.0,1.0,False
1783095547571677511,46.41011057,telescope,upperpassive,0.0,2.03711,-0.20229,0.41469291399362007,0.0,0.0,0.9099614206566562,False
1783095547571677511,46.41011057,base_link,mast,0.0,0.0,0.26881,0.0,0.0,0.7598384518612004,0.6501119342645344,False
1783095547571677511,46.41011057,mainboom,stick,0.0,3.04904,-0.00649,-0.5202641752691401,0.0,0.0,0.8540053793340657,False
1783095547571677511,46.41011057,stick,telescope,0.0,0.605535517255408,0.18741612188931134,0.0,0.0,0.0,1.0,False
1783095547631814314,46.470247373,upperpassive,lowerpassive,0.0,0.0,-0.154,0.0,0.08019885673333436,0.0,0.9967788838948515,False
1783095547631814314,46.470247373,mast,mainboom,0.0,-0.0601374,1.09553,0.13225627920087857,0.0,0.0,0.9912155550696019,False
1783095547631814314,46.470247373,lowerpassive,grapplecarrier,0.0,0.0,-0.261,0.0,0.0,-0.11060157072425444,0.9938648260972555,False
1783095547631814314,46.470247373,grapplecarrier,grappletong1,-0.275000000000001,-0.0192847891741644,-0.202,0.0,0.0,0.0,1.0,False
1783095547631814314,46.470247373,grapplecarrier,grappletong2,0.275000000000001,-0.0192847891741644,-0.202,0.0,0.0,0.0,1.0,False
1783095547631814314,46.470247373,telescope,upperpassive,0.0,2.03711,-0.20229,0.41469291399362007,0.0,0.0,0.9099614206566562,False
1783095547631814314,46.470247373,base_link,mast,0.0,0.0,0.26881,0.0,0.0,0.7604054916734324,0.6494486032265259,False
1783095547631814314,46.470247373,mainboom,stick,0.0,3.04904,-0.00649,-0.5202641752691401,0.0,0.0,0.8540053793340657,False
1783095547631814314,46.470247373,stick,telescope,0.0,0.605535517255408,0.18741612188931134,0.0,0.0,0.0,1.0,False
1783095547647708630,46.486141689,zed_0_camera_center,zed_0_left_camera_frame,-0.01,0.060116712003946304,0.0,0.0,0.0,0.0,1.0,False
1783095547647744354,46.486177413,zed_0_camera_center,zed_0_right_camera_frame,-0.01,-0.060116712003946304,0.0,0.0,0.0,0.0,1.0,False
1783095547653676701,46.49210976,zed_0_camera_center,zed_0_left_camera_frame,-0.01,0.060116712003946304,0.0,0.0,0.0,0.0,1.0,False
1783095547653705516,46.492138575,zed_0_camera_center,zed_0_right_camera_frame,-0.01,-0.060116712003946304,0.0,0.0,0.0,0.0,1.0,False
1783095547691733690,46.530166749,upperpassive,lowerpassive,0.0,0.0,-0.154,0.0,0.07671896345246497,0.0,0.9970527572033385,False
1783095547691733690,46.530166749,mast,mainboom,0.0,-0.0601374,1.09553,0.13225627920087857,0.0,0.0,0.9912155550696019,False
1783095547691733690,46.530166749,lowerpassive,grapplecarrier,0.0,0.0,-0.261,0.0,0.0,-0.11146883844446161,0.99376792967767,False
1783095547691733690,46.530166749,grapplecarrier,grappletong1,-0.275000000000001,-0.0192847891741644,-0.202,0.0,0.0,0.0,1.0,False
1783095547691733690,46.530166749,grapplecarrier,grappletong2,0.275000000000001,-0.0192847891741644,-0.202,0.0,0.0,0.0,1.0,False
1783095547691733690,46.530166749,telescope,upperpassive,0.0,2.03711,-0.20229,0.41469291399362007,0.0,0.0,0.9099614206566562,False
1783095547691733690,46.530166749,base_link,mast,0.0,0.0,0.26881,0.0,0.0,0.7615378336238666,0.6481204579084571,False
1783095547691733690,46.530166749,mainboom,stick,0.0,3.04904,-0.00649,-0.5202641752691401,0.0,0.0,0.8540053793340657,False
1783095547691733690,46.530166749,stick,telescope,0.0,0.605535517255408,0.18741612188931134,0.0,0.0,0.0,1.0,False
1783095547729465755,46.567898814,zed_0_camera_center,zed_0_left_camera_frame,-0.01,0.060116712003946304,0.0,0.0,0.0,0.0,1.0,False
1783095547729504784,46.567937843,zed_0_camera_center,zed_0_right_camera_frame,-0.01,-0.060116712003946304,0.0,0.0,0.0,0.0,1.0,False
1783095547751271860,46.589704919,upperpassive,lowerpassive,0.0,0.0,-0.154,0.0,0.07323813537681613,0.0,0.9973144817591527,False
1783095547751271860,46.589704919,mast,mainboom,0.0,-0.0601374,1.09553,0.13312122675273413,0.0,0.0,0.9910997623790689,False
1783095547751271860,46.589704919,lowerpassive,grapplecarrier,0.0,0.0,-0.261,0.0,0.0,-0.11146883844446161,0.99376792967767,False
1783095547751271860,46.589704919,grapplecarrier,grappletong1,-0.275000000000001,-0.0192847891741644,-0.202,0.0,0.0,0.0,1.0,False
1783095547751271860,46.589704919,grapplecarrier,grappletong2,0.275000000000001,-0.0192847891741644,-0.202,0.0,0.0,0.0,1.0,False
1783095547751271860,46.589704919,telescope,upperpassive,0.0,2.03711,-0.20229,0.4138986657192397,0.0,0.0,0.9103229616547267,False
1783095547751271860,46.589704919,base_link,mast,0.0,0.0,0.26881,0.0,0.0,0.7621031348997422,0.6474556446398357,False
1783095547751271860,46.589704919,mainboom,stick,0.0,3.04904,-0.00649,-0.5202641752691401,0.0,0.0,0.8540053793340657,False
1783095547751271860,46.589704919,stick,telescope,0.0,0.605535517255408,0.18741612188931134,0.0,0.0,0.0,1.0,False
1783095547784497043,46.622930102,zed_0_camera_center,zed_0_left_camera_frame,-0.01,0.060116712003946304,0.0,0.0,0.0,0.0,1.0,False
1783095547784533419,46.622966478,zed_0_camera_center,zed_0_right_camera_frame,-0.01,-0.060116712003946304,0.0,0.0,0.0,0.0,1.0,False
1783095547801598825,46.640031884,upperpassive,lowerpassive,0.0,0.0,-0.154,0.0,0.06801523330394363,0.0,0.997684282746105,False
1783095547801598825,46.640031884,mast,mainboom,0.0,-0.0601374,1.09553,0.1339860729271558,0.0,0.0,0.9909832149242281,False
1783095547801598825,46.640031884,lowerpassive,grapplecarrier,0.0,0.0,-0.261,0.0,0.0,-0.11146883844446161,0.99376792967767,False
1783095547801598825,46.640031884,grapplecarrier,grappletong1,-0.275000000000001,-0.0192847891741644,-0.202,0.0,0.0,0.0,1.0,False
1783095547801598825,46.640031884,grapplecarrier,grappletong2,0.275000000000001,-0.0192847891741644,-0.202,0.0,0.0,0.0,1.0,False
1783095547801598825,46.640031884,telescope,upperpassive,0.0,2.03711,-0.20229,0.4138986657192397,0.0,0.0,0.9103229616547267,False
1783095547801598825,46.640031884,base_link,mast,0.0,0.0,0.26881,0.0,0.0,0.7626678558019089,0.6467903383064088,False
1783095547801598825,46.640031884,mainboom,stick,0.0,3.04904,-0.00649,-0.5202641752691401,0.0,0.0,0.8540053793340657,False
1783095547801598825,46.640031884,stick,telescope,0.0,0.605535517255408,0.18741612188931134,0.0,0.0,0.0,1.0,False
1783095547857424170,46.695857229,zed_0_camera_center,zed_0_left_camera_frame,-0.01,0.060116712003946304,0.0,0.0,0.0,0.0,1.0,False
1783095547857448823,46.695881882,zed_0_camera_center,zed_0_right_camera_frame,-0.01,-0.060116712003946304,0.0,0.0,0.0,0.0,1.0,False
1783095547862038386,46.700471445,upperpassive,lowerpassive,0.0,0.0,-0.154,0.0,0.06104848803351736,0.0,0.9981348015718225,False
1783095547862038386,46.700471445,mast,mainboom,0.0,-0.0601374,1.09553,0.1339860729271558,0.0,0.0,0.9909832149242281,False
1783095547862038386,46.700471445,lowerpassive,grapplecarrier,0.0,0.0,-0.261,0.0,0.0,-0.11146883844446161,0.99376792967767,False
1783095547862038386,46.700471445,grapplecarrier,grappletong1,-0.275000000000001,-0.0192847891741644,-0.202,0.0,0.0,0.0,1.0,False
1783095547862038386,46.700471445,grapplecarrier,grappletong2,0.275000000000001,-0.0192847891741644,-0.202,0.0,0.0,0.0,1.0,False
1783095547862038386,46.700471445,telescope,upperpassive,0.0,2.03711,-0.20229,0.4138986657192397,0.0,0.0,0.9103229616547267,False
1783095547862038386,46.700471445,base_link,mast,0.0,0.0,0.26881,0.0,0.0,0.7637955547653218,0.6454582484721489,False
1783095547862038386,46.700471445,mainboom,stick,0.0,3.04904,-0.00649,-0.5202641752691401,0.0,0.0,0.8540053793340657,False
1783095547862038386,46.700471445,stick,telescope,0.0,0.605535517255408,0.18741612188931134,0.0,0.0,0.0,1.0,False
1783095547922013388,46.760446447,upperpassive,lowerpassive,0.0,0.0,-0.154,0.0,0.05669273972839784,0.0,0.9983916732736147,False
1783095547922013388,46.760446447,mast,mainboom,0.0,-0.0601374,1.09553,0.13485081706552687,0.0,0.0,0.990865912793835,False
1783095547922013388,46.760446447,lowerpassive,grapplecarrier,0.0,0.0,-0.261,0.0,0.0,-0.11146883844446161,0.99376792967767,False
1783095547922013388,46.760446447,grapplecarrier,grappletong1,-0.275000000000001,-0.0192847891741644,-0.202,0.0,0.0,0.0,1.0,False
1783095547922013388,46.760446447,grapplecarrier,grappletong2,0.275000000000001,-0.0192847891741644,-0.202,0.0,0.0,0.0,1.0,False
1783095547922013388,46.760446447,telescope,upperpassive,0.0,2.03711,-0.20229,0.4138986657192397,0.0,0.0,0.9103229616547267,False
1783095547922013388,46.760446447,base_link,mast,0.0,0.0,0.26881,0.0,0.0,0.7643585319677776,0.6447914659857588,False
1783095547922013388,46.760446447,mainboom,stick,0.0,3.04904,-0.00649,-0.5202641752691401,0.0,0.0,0.8540053793340657,False
1783095547922013388,46.760446447,stick,telescope,0.0,0.605535517255408,0.18741612188931134,0.0,0.0,0.0,1.0,False
1783095547935500936,46.773933995,zed_0_camera_center,zed_0_left_camera_frame,-0.01,0.060116712003946304,0.0,0.0,0.0,0.0,1.0,False
1783095547935541588,46.773974647,zed_0_camera_center,zed_0_right_camera_frame,-0.01,-0.060116712003946304,0.0,0.0,0.0,0.0,1.0,False
1783095547972258860,46.810691919,upperpassive,lowerpassive,0.0,0.0,-0.154,0.0,0.05495013354478732,0.0,0.9984891000023036,False
1783095547972258860,46.810691919,mast,mainboom,0.0,-0.0601374,1.09553,0.13485081706552687,0.0,0.0,0.990865912793835,False
1783095547972258860,46.810691919,lowerpassive,grapplecarrier,0.0,0.0,-0.261,0.0,0.0,-0.11146883844446161,0.99376792967767,False
1783095547972258860,46.810691919,grapplecarrier,grappletong1,-0.275000000000001,-0.0192847891741644,-0.202,0.0,0.0,0.0,1.0,False
1783095547972258860,46.810691919,grapplecarrier,grappletong2,0.275000000000001,-0.0192847891741644,-0.202,0.0,0.0,0.0,1.0,False
1783095547972258860,46.810691919,telescope,upperpassive,0.0,2.03711,-0.20229,0.41548684646184014,0.0,0.0,0.9095991866845503,False
1783095547972258860,46.810691919,base_link,mast,0.0,0.0,0.26881,0.0,0.0,0.7649209270789442,0.6441241924634475,False
1783095547972258860,46.810691919,mainboom,stick,0.0,3.04904,-0.00649,-0.5210092367284446,0.0,0.0,0.8535510384526771,False
1783095547972258860,46.810691919,stick,telescope,0.0,0.605535517255408,0.18741612188931134,0.0,0.0,0.0,1.0,False
1783095547989952223,46.828385282,zed_0_camera_center,zed_0_left_camera_frame,-0.01,0.060116712003946304,0.0,0.0,0.0,0.0,1.0,False
1783095547989990084,46.828423143,zed_0_camera_center,zed_0_right_camera_frame,-0.01,-0.060116712003946304,0.0,0.0,0.0,0.0,1.0,False
1783095548031413987,46.869847046,upperpassive,lowerpassive,0.0,0.0,-0.154,0.0,0.05669273972839784,0.0,0.9983916732736147,False
1783095548031413987,46.869847046,mast,mainboom,0.0,-0.0601374,1.09553,0.135715458509308,0.0,0.0,0.9907478560772203,False
1783095548031413987,46.869847046,lowerpassive,grapplecarrier,0.0,0.0,-0.261,0.0,0.0,-0.11060157072425444,0.9938648260972555,False
1783095548031413987,46.869847046,grapplecarrier,grappletong1,-0.275000000000001,-0.0192847891741644,-0.202,0.0,0.0,0.0,1.0,False
1783095548031413987,46.869847046,grapplecarrier,grappletong2,0.275000000000001,-0.0192847891741644,-0.202,0.0,0.0,0.0,1.0,False
1783095548031413987,46.869847046,telescope,upperpassive,0.0,2.03711,-0.20229,0.41786674298461424,0.0,0.0,0.908508329685221,False
1783095548031413987,46.869847046,base_link,mast,0.0,0.0,0.26881,0.0,0.0,0.7649209270789442,0.6441241924634475,False
1783095548031413987,46.869847046,mainboom,stick,0.0,3.04904,-0.00649,-0.5210092367284446,0.0,0.0,0.8535510384526771,False
1783095548031413987,46.869847046,stick,telescope,0.0,0.60563530065203,0.1874095436100099,0.0,0.0,0.0,1.0,False
1783095548068551135,46.906984194,zed_0_camera_center,zed_0_left_camera_frame,-0.01,0.060116712003946304,0.0,0.0,0.0,0.0,1.0,False
1783095548068577988,46.907011047,zed_0_camera_center,zed_0_right_camera_frame,-0.01,-0.060116712003946304,0.0,0.0,0.0,0.0,1.0,False
1783095548081290403,46.919723462,upperpassive,lowerpassive,0.0,0.0,-0.154,0.0,0.05669273972839784,0.0,0.9983916732736147,False
1783095548081290403,46.919723462,mast,mainboom,0.0,-0.0601374,1.09553,0.13657999660003833,0.0,0.0,0.990629044864289,False
1783095548081290403,46.919723462,lowerpassive,grapplecarrier,0.0,0.0,-0.261,0.0,0.0,-0.11060157072425444,0.9938648260972555,False
1783095548081290403,46.919723462,grapplecarrier,grappletong1,-0.275000000000001,-0.0192847891741644,-0.202,0.0,0.0,0.0,1.0,False
1783095548081290403,46.919723462,grapplecarrier,grappletong2,0.275000000000001,-0.0192847891741644,-0.202,0.0,0.0,0.0,1.0,False
1783095548081290403,46.919723462,telescope,upperpassive,0.0,2.03711,-0.20229,0.418659406184475,0.0,0.0,0.9081433265808116,False
1783095548081290403,46.919723462,base_link,mast,0.0,0.0,0.26881,0.0,0.0,0.7654827396705342,0.6434564284133723,False
1783095548081290403,46.919723462,mainboom,stick,0.0,3.04904,-0.00649,-0.5210092367284446,0.0,0.0,0.8535510384526771,False
1783095548081290403,46.919723462,stick,telescope,0.0,0.6059346508418961,0.18738980877210554,0.0,0.0,0.0,1.0,False
1783095548128234664,46.966667723,zed_0_camera_center,zed_0_left_camera_frame,-0.01,0.060116712003946304,0.0,0.0,0.0,0.0,1.0,False
1783095548128292323,46.966725382,zed_0_camera_center,zed_0_right_camera_frame,-0.01,-0.060116712003946304,0.0,0.0,0.0,0.0,1.0,False
1783095548132133592,46.970566651,upperpassive,lowerpassive,0.0,0.0,-0.154,0.0,0.05582145789179091,0.0,0.9984407668153555,False
1783095548132133592,46.970566651,mast,mainboom,0.0,-0.0601374,1.09553,0.13657999660003833,0.0,0.0,0.990629044864289,False
1783095548132133592,46.970566651,lowerpassive,grapplecarrier,0.0,0.0,-0.261,0.0,0.0,-0.11146883844446161,0.99376792967767,False
1783095548132133592,46.970566651,grapplecarrier,grappletong1,-0.275000000000001,-0.0192847891741644,-0.202,0.0,0.0,0.0,1.0,False
1783095548132133592,46.970566651,grapplecarrier,grappletong2,0.275000000000001,-0.0192847891741644,-0.202,0.0,0.0,0.0,1.0,False
1783095548132133592,46.970566651,telescope,upperpassive,0.0,2.03711,-0.20229,0.418659406184475,0.0,0.0,0.9081433265808116,False
1783095548132133592,46.970566651,base_link,mast,0.0,0.0,0.26881,0.0,0.0,0.7654827396705342,0.6434564284133723,False
1783095548132133592,46.970566651,mainboom,stick,0.0,3.04904,-0.00649,-0.5210092367284446,0.0,0.0,0.8535510384526771,False
1783095548132133592,46.970566651,stick,telescope,0.0,0.6062340010317623,0.1873700739342012,0.0,0.0,0.0,1.0,False
1783095548192025526,47.030458585,upperpassive,lowerpassive,0.0,0.0,-0.154,0.0,0.0523359120770581,0.0,0.9986295370692089,False
1783095548192025526,47.030458585,mast,mainboom,0.0,-0.0601374,1.09553,0.1383087600888966,0.0,0.0,0.9903891593119707,False
1783095548192025526,47.030458585,lowerpassive,grapplecarrier,0.0,0.0,-0.261,0.0,0.0,-0.11407012963420633,0.9934726999395782,False
1783095548192025526,47.030458585,grapplecarrier,grappletong1,-0.275000000000001,-0.0192847891741644,-0.202,0.0,0.0,0.0,1.0,False
1783095548192025526,47.030458585,grapplecarrier,grappletong2,0.275000000000001,-0.0192847891741644,-0.202,0.0,0.0,0.0,1.0,False
1783095548192025526,47.030458585,telescope,upperpassive,0.0,2.03711,-0.20229,0.418659406184475,0.0,0.0,0.9081433265808116,False
1783095548192025526,47.030458585,base_link,mast,0.0,0.0,0.26881,0.0,0.0,0.7660439693147032,0.6427881743440634,False
1783095548192025526,47.030458585,mainboom,stick,0.0,3.04904,-0.00649,-0.5210092367284446,0.0,0.0,0.8535510384526771,False
1783095548192025526,47.030458585,stick,telescope,0.0,0.6065333512216284,0.1873503390962968,0.0,0.0,0.0,1.0,False
1783095548197685551,47.03611861,zed_0_camera_center,zed_0_left_camera_frame,-0.01,0.060116712003946304,0.0,0.0,0.0,0.0,1.0,False
1783095548197715752,47.036148811,zed_0_camera_center,zed_0_right_camera_frame,-0.01,-0.060116712003946304,0.0,0.0,0.0,0.0,1.0,False
1783095548251888545,47.090321604,upperpassive,lowerpassive,0.0,0.0,-0.154,0.0,0.04623469799936917,0.0,0.9989306045471364,False
1783095548251888545,47.090321604,mast,mainboom,0.0,-0.0601374,1.09553,0.13917298417049823,0.0,0.0,0.9902680851552667,False
1783095548251888545,47.090321604,lowerpassive,grapplecarrier,0.0,0.0,-0.261,0.0,0.0,-0.11667063900137568,0.9931706610623428,False
1783095548251888545,47.090321604,grapplecarrier,grappletong1,-0.275000000000001,-0.0192847891741644,-0.202,0.0,0.0,0.0,1.0,False
1783095548251888545,47.090321604,grapplecarrier,grappletong2,0.275000000000001,-0.0192847891741644,-0.202,0.0,0.0,0.0,1.0,False
1783095548251888545,47.090321604,telescope,upperpassive,0.0,2.03711,-0.20229,0.418659406184475,0.0,0.0,0.9081433265808116,False
1783095548251888545,47.090321604,base_link,mast,0.0,0.0,0.26881,0.0,0.0,0.7666046155840511,0.6421194307644249,False
1783095548251888545,47.090321604,mainboom,stick,0.0,3.04904,-0.00649,-0.5210092367284446,0.0,0.0,0.8535510384526771,False
1783095548251888545,47.090321604,stick,telescope,0.0,0.6069324848081166,0.187324025979091,0.0,0.0,0.0,1.0,False
1783095548266598494,47.105031553,zed_0_camera_center,zed_0_left_camera_frame,-0.01,0.060116712003946304,0.0,0.0,0.0,0.0,1.0,False
1783095548266633519,47.105066578,zed_0_camera_center,zed_0_right_camera_frame,-0.01,-0.060116712003946304,0.0,0.0,0.0,0.0,1.0,False
1783095548311354346,47.149787405,upperpassive,lowerpassive,0.0,0.0,-0.154,0.0,0.04187561837903767,0.0,0.9991228315804686,False
1783095548311354346,47.149787405,mast,mainboom,0.0,-0.0601374,1.09553,0.14003710226599728,0.0,0.0,0.9901462568676118,False
1783095548311354346,47.149787405,lowerpassive,grapplecarrier,0.0,0.0,-0.261,0.0,0.0,-0.1184038687649596,0.992965519976142,False
1783095548311354346,47.149787405,grapplecarrier,grappletong1,-0.275000000000001,-0.0192847891741644,-0.202,0.0,0.0,0.0,1.0,False
1783095548311354346,47.149787405,grapplecarrier,grappletong2,0.275000000000001,-0.0192847891741644,-0.202,0.0,0.0,0.0,1.0,False
1783095548311354346,47.149787405,telescope,upperpassive,0.0,2.03711,-0.20229,0.4194517505575242,0.0,0.0,0.9077776318869221,False
1783095548311354346,47.149787405,base_link,mast,0.0,0.0,0.26881,0.0,0.0,0.7671646780516226,0.641450198183733,False
1783095548311354346,47.149787405,mainboom,stick,0.0,3.04904,-0.00649,-0.521753901417221,0.0,0.0,0.8530960475561405,False
1783095548311354346,47.149787405,stick,telescope,0.0,0.6072318349979827,0.18730429114118663,0.0,0.0,0.0,1.0,False
1783095548333949657,47.172382716,zed_0_camera_center,zed_0_left_camera_frame,-0.01,0.060116712003946304,0.0,0.0,0.0,0.0,1.0,False
1783095548333978758,47.172411817,zed_0_camera_center,zed_0_right_camera_frame,-0.01,-0.060116712003946304,0.0,0.0,0.0,0.0,1.0,False
1783095548361529472,47.199962531,upperpassive,lowerpassive,0.0,0.0,-0.154,0.0,0.03925978261476894,0.0,0.9992290375429655,False
1783095548361529472,47.199962531,mast,mainboom,0.0,-0.0601374,1.09553,0.14090111371733136,0.0,0.0,0.9900236745417839,False
1783095548361529472,47.199962531,lowerpassive,grapplecarrier,0.0,0.0,-0.261,0.0,0.0,-0.1184038687649596,0.992965519976142,False
1783095548361529472,47.199962531,grapplecarrier,grappletong1,-0.275000000000001,-0.0192847891741644,-0.202,0.0,0.0,0.0,1.0,False
1783095548361529472,47.199962531,grapplecarrier,grappletong2,0.275000000000001,-0.0192847891741644,-0.202,0.0,0.0,0.0,1.0,False
1783095548361529472,47.199962531,telescope,upperpassive,0.0,2.03711,-0.20229,0.4194517505575242,0.0,0.0,0.9077776318869221,False
1783095548361529472,47.199962531,base_link,mast,0.0,0.0,0.26881,0.0,0.0,0.7671646780516226,0.641450198183733,False
1783095548361529472,47.199962531,mainboom,stick,0.0,3.04904,-0.00649,-0.521753901417221,0.0,0.0,0.8530960475561405,False
1783095548361529472,47.199962531,stick,telescope,0.0,0.6076309685844709,0.18727797802398083,0.0,0.0,0.0,1.0,False
1783095548386194771,47.22462783,zed_0_camera_center,zed_0_left_camera_frame,-0.01,0.060116712003946304,0.0,0.0,0.0,0.0,1.0,False
1783095548386241336,47.224674395,zed_0_camera_center,zed_0_right_camera_frame,-0.01,-0.060116712003946304,0.0,0.0,0.0,0.0,1.0,False
1783095548411905674,47.250338733,upperpassive,lowerpassive,0.0,0.0,-0.154,0.0,0.03925978261476894,0.0,0.9992290375429655,False
1783095548411905674,47.250338733,mast,mainboom,0.0,-0.0601374,1.09553,0.1417650178665192,0.0,0.0,0.9899003382711339,False
1783095548411905674,47.250338733,lowerpassive,grapplecarrier,0.0,0.0,-0.261,0.0,0.0,-0.1184038687649596,0.992965519976142,False
1783095548411905674,47.250338733,grapplecarrier,grappletong1,-0.275000000000001,-0.0192847891741644,-0.202,0.0,0.0,0.0,1.0,False
1783095548411905674,47.250338733,grapplecarrier,grappletong2,0.275000000000001,-0.0192847891741644,-0.202,0.0,0.0,0.0,1.0,False
1783095548411905674,47.250338733,telescope,upperpassive,0.0,2.03711,-0.20229,0.4194517505575242,0.0,0.0,0.9077776318869221,False
1783095548411905674,47.250338733,base_link,mast,0.0,0.0,0.26881,0.0,0.0,0.7671646780516226,0.641450198183733,False
1783095548411905674,47.250338733,mainboom,stick,0.0,3.04904,-0.00649,-0.521753901417221,0.0,0.0,0.8530960475561405,False
1783095548411905674,47.250338733,stick,telescope,0.0,0.6080301021709591,0.18725166490677503,0.0,0.0,0.0,1.0,False
1783095548459156601,47.29758966,zed_0_camera_center,zed_0_left_camera_frame,-0.01,0.060116712003946304,0.0,0.0,0.0,0.0,1.0,False
1783095548459182019,47.297615078,zed_0_camera_center,zed_0_right_camera_frame,-0.01,-0.060116712003946304,0.0,0.0,0.0,0.0,1.0,False
1783095548461963443,47.300396502,upperpassive,lowerpassive,0.0,0.0,-0.154,0.0,0.03925978261476894,0.0,0.9992290375429655,False
1783095548461963443,47.300396502,mast,mainboom,0.0,-0.0601374,1.09553,0.14349250162694072,0.0,0.0,0.9896514042716469,False
1783095548461963443,47.300396502,lowerpassive,grapplecarrier,0.0,0.0,-0.261,0.0,0.0,-0.1184038687649596,0.992965519976142,False
1783095548461963443,47.300396502,grapplecarrier,grappletong1,-0.275000000000001,-0.0192847891741644,-0.202,0.0,0.0,0.0,1.0,False
1783095548461963443,47.300396502,grapplecarrier,grappletong2,0.275000000000001,-0.0192847891741644,-0.202,0.0,0.0,0.0,1.0,False
1783095548461963443,47.300396502,telescope,upperpassive,0.0,2.03711,-0.20229,0.4202437755003584,0.0,0.0,0.9074112458820446,False
1783095548461963443,47.300396502,base_link,mast,0.0,0.0,0.26881,0.0,0.0,0.7671646780516226,0.641450198183733,False
1783095548461963443,47.300396502,mainboom,stick,0.0,3.04904,-0.00649,-0.5224981687683758,0.0,0.0,0.8526404069909507,False
1783095548461963443,47.300396502,stick,telescope,0.0,0.6083294523608253,0.18723193006887065,0.0,0.0,0.0,1.0,False
1783095548520423312,47.358856371,zed_0_camera_center,zed_0_left_camera_frame,-0.01,0.060116712003946304,0.0,0.0,0.0,0.0,1.0,False
1783095548520467073,47.358900132,zed_0_camera_center,zed_0_right_camera_frame,-0.01,-0.060116712003946304,0.0,0.0,0.0,0.0,1.0,False
1783095548521635955,47.360069014,upperpassive,lowerpassive,0.0,0.0,-0.154,0.0,0.03838777667866144,0.0,0.9992629176556433,False
1783095548521635955,47.360069014,mast,mainboom,0.0,-0.0601374,1.09553,0.14521954828505548,0.0,0.0,0.989399455627445,False
1783095548521635955,47.360069014,lowerpassive,grapplecarrier,0.0,0.0,-0.261,0.0,0.0,-0.117537298637975,0.9930684686510228,False
1783095548521635955,47.360069014,grapplecarrier,grappletong1,-0.275000000000001,-0.0192847891741644,-0.202,0.0,0.0,0.0,1.0,False
1783095548521635955,47.360069014,grapplecarrier,grappletong2,0.275000000000001,-0.0192847891741644,-0.202,0.0,0.0,0.0,1.0,False
1783095548521635955,47.360069014,telescope,upperpassive,0.0,2.03711,-0.20229,0.4202437755003584,0.0,0.0,0.9074112458820446,False
1783095548521635955,47.360069014,base_link,mast,0.0,0.0,0.26881,0.0,0.0,0.7671646780516226,0.641450198183733,False
1783095548521635955,47.360069014,mainboom,stick,0.0,3.04904,-0.00649,-0.5224981687683758,0.0,0.0,0.8526404069909507,False
1783095548521635955,47.360069014,stick,telescope,0.0,0.6086288025506913,0.1872121952309663,0.0,0.0,0.0,1.0,False
1783095548581617976,47.420051035,upperpassive,lowerpassive,0.0,0.0,-0.154,0.0,0.03751574150864147,0.0,0.9992960367874261,False
1783095548581617976,47.420051035,mast,mainboom,0.0,-0.0601374,1.09553,0.1460829060566721,0.0,0.0,0.9892723510530542,False
1783095548581617976,47.420051035,lowerpassive,grapplecarrier,0.0,0.0,-0.261,0.0,0.0,-0.11667063900137568,0.9931706610623428,False
1783095548581617976,47.420051035,grapplecarrier,grappletong1,-0.275000000000001,-0.0192847891741644,-0.202,0.0,0.0,0.0,1.0,False
1783095548581617976,47.420051035,grapplecarrier,grappletong2,0.275000000000001,-0.0192847891741644,-0.202,0.0,0.0,0.0,1.0,False
1783095548581617976,47.420051035,telescope,upperpassive,0.0,2.03711,-0.20229,0.4202437755003584,0.0,0.0,0.9074112458820446,False
1783095548581617976,47.420051035,base_link,mast,0.0,0.0,0.26881,0.0,0.0,0.7671646780516226,0.641450198183733,False
1783095548581617976,47.420051035,mainboom,stick,0.0,3.04904,-0.00649,-0.5224981687683758,0.0,0.0,0.8526404069909507,False
1783095548581617976,47.420051035,stick,telescope,0.0,0.6089281527405574,0.18719246039306195,0.0,0.0,0.0,1.0,False
1783095548588166454,47.426599513,zed_0_camera_center,zed_0_left_camera_frame,-0.01,0.060116712003946304,0.0,0.0,0.0,0.0,1.0,False
1783095548588202285,47.426635344,zed_0_camera_center,zed_0_right_camera_frame,-0.01,-0.060116712003946304,0.0,0.0,0.0,0.0,1.0,False
1783095548633053456,47.471486515,upperpassive,lowerpassive,0.0,0.0,-0.154,0.0,0.03751574150864147,0.0,0.9992960367874261,False
1783095548633053456,47.471486515,mast,mainboom,0.0,-0.0601374,1.09553,0.14780928719760722,0.0,0.0,0.989015881883671,False
1783095548633053456,47.471486515,lowerpassive,grapplecarrier,0.0,0.0,-0.261,0.0,0.0,-0.11580389051515956,0.9932720971322778,False
1783095548633053456,47.471486515,grapplecarrier,grappletong1,-0.275000000000001,-0.0192847891741644,-0.202,0.0,0.0,0.0,1.0,False
1783095548633053456,47.471486515,grapplecarrier,grappletong2,0.275000000000001,-0.0192847891741644,-0.202,0.0,0.0,0.0,1.0,False
1783095548633053456,47.471486515,telescope,upperpassive,0.0,2.03711,-0.20229,0.42103548040981714,0.0,0.0,0.9070441688451971,False
1783095548633053456,47.471486515,base_link,mast,0.0,0.0,0.26881,0.0,0.0,0.7671646780516226,0.641450198183733,False
1783095548633053456,47.471486515,mainboom,stick,0.0,3.04904,-0.00649,-0.5224981687683758,0.0,0.0,0.8526404069909507,False
1783095548633053456,47.471486515,stick,telescope,0.0,0.6091277195338015,0.18717930383445902,0.0,0.0,0.0,1.0,False
1783095548661106135,47.499539194,zed_0_camera_center,zed_0_left_camera_frame,-0.01,0.060116712003946304,0.0,0.0,0.0,0.0,1.0,False
1783095548661141635,47.499574694,zed_0_camera_center,zed_0_right_camera_frame,-0.01,-0.060116712003946304,0.0,0.0,0.0,0.0,1.0,False
1783095548692160120,47.530593179,upperpassive,lowerpassive,0.0,0.0,-0.154,0.0,0.03664367776880062,0.0,0.9993283949130918,False
1783095548692160120,47.530593179,mast,mainboom,0.0,-0.0601374,1.09553,0.14953521808658035,0.0,0.0,0.9887564000054812,False
1783095548692160120,47.530593179,lowerpassive,grapplecarrier,0.0,0.0,-0.261,0.0,0.0,-0.11320311855980132,0.9935718665241762,False
1783095548692160120,47.530593179,grapplecarrier,grappletong1,-0.275000000000001,-0.0192847891741644,-0.202,0.0,0.0,0.0,1.0,False
1783095548692160120,47.530593179,grapplecarrier,grappletong2,0.275000000000001,-0.0192847891741644,-0.202,0.0,0.0,0.0,1.0,False
1783095548692160120,47.530593179,telescope,upperpassive,0.0,2.03711,-0.20229,0.4226179277171855,0.0,0.0,0.9063079427942977,False
1783095548692160120,47.530593179,base_link,mast,0.0,0.0,0.26881,0.0,0.0,0.7671646780516226,0.641450198183733,False
1783095548692160120,47.530593179,mainboom,stick,0.0,3.04904,-0.00649,-0.5232420382151183,0.0,0.0,0.8521841171040967,False
1783095548692160120,47.530593179,stick,telescope,0.0,0.6093272863270457,0.18716614727585612,0.0,0.0,0.0,1.0,False
1783095548721197901,47.55963096,zed_0_camera_center,zed_0_left_camera_frame,-0.01,0.060116712003946304,0.0,0.0,0.0,0.0,1.0,False
1783095548721254246,47.559687305,zed_0_camera_center,zed_0_right_camera_frame,-0.01,-0.060116712003946304,0.0,0.0,0.0,0.0,1.0,False
1783095548751638122,47.590071181,upperpassive,lowerpassive,0.0,0.0,-0.154,0.0,0.03664367776880062,0.0,0.9993283949130918,False
1783095548751638122,47.590071181,mast,mainboom,0.0,-0.0601374,1.09553,0.15126069346611565,0.0,0.0,0.9884939062089102,False
1783095548751638122,47.590071181,lowerpassive,grapplecarrier,0.0,0.0,-0.261,0.0,0.0,-0.11060157072425444,0.9938648260972555,False
1783095548751638122,47.590071181,grapplecarrier,grappletong1,-0.275000000000001,-0.0192847891741644,-0.202,0.0,0.0,0.0,1.0,False
1783095548751638122,47.590071181,grapplecarrier,grappletong2,0.275000000000001,-0.0192847891741644,-0.202,0.0,0.0,0.0,1.0,False
1783095548751638122,47.590071181,telescope,upperpassive,0.0,2.03711,-0.20229,0.4234086689099947,0.0,0.0,0.9059387943409127,False
1783095548751638122,47.590071181,base_link,mast,0.0,0.0,0.26881,0.0,0.0,0.7671646780516226,0.641450198183733,False
1783095548751638122,47.590071181,mainboom,stick,0.0,3.04904,-0.00649,-0.5232420382151183,0.0,0.0,0.8521841171040967,False
1783095548751638122,47.590071181,stick,telescope,0.0,0.6095268531202898,0.18715299071725322,0.0,0.0,0.0,1.0,False
1783095548802231765,47.640664824,upperpassive,lowerpassive,0.0,0.0,-0.154,0.0,0.03664367776880062,0.0,0.9993283949130918,False
1783095548802231765,47.640664824,mast,mainboom,0.0,-0.0601374,1.09553,0.15384804095791266,0.0,0.0,0.9880945199187234,False
1783095548802231765,47.640664824,lowerpassive,grapplecarrier,0.0,0.0,-0.261,0.0,0.0,-0.10799926483920642,0.9941509738436063,False
1783095548802231765,47.640664824,grapplecarrier,grappletong1,-0.275000000000001,-0.0192847891741644,-0.202,0.0,0.0,0.0,1.0,False
1783095548802231765,47.640664824,grapplecarrier,grappletong2,0.275000000000001,-0.0192847891741644,-0.202,0.0,0.0,0.0,1.0,False
1783095548802231765,47.640664824,telescope,upperpassive,0.0,2.03711,-0.20229,0.42735752618535755,0.0,0.0,0.9040827090552785,False
1783095548802231765,47.640664824,base_link,mast,0.0,0.0,0.26881,0.0,0.0,0.7671646780516226,0.641450198183733,False
1783095548802231765,47.640664824,mainboom,stick,0.0,3.04904,-0.00649,-0.5232420382151183,0.0,0.0,0.8521841171040967,False
1783095548802231765,47.640664824,stick,telescope,0.0,0.6096266365169117,0.18714641243795177,0.0,0.0,0.0,1.0,False
1783095548807603081,47.64603614,zed_0_camera_center,zed_0_left_camera_frame,-0.01,0.060116712003946304,0.0,0.0,0.0,0.0,1.0,False
1783095548807625476,47.646058535,zed_0_camera_center,zed_0_right_camera_frame,-0.01,-0.060116712003946304,0.0,0.0,0.0,0.0,1.0,False
1783095548847905583,47.686338642,zed_0_camera_center,zed_0_left_camera_frame,-0.01,0.060116712003946304,0.0,0.0,0.0,0.0,1.0,False
1783095548847957797,47.686390856,zed_0_camera_center,zed_0_right_camera_frame,-0.01,-0.060116712003946304,0.0,0.0,0.0,0.0,1.0,False
1783095548852351897,47.690784956,upperpassive,lowerpassive,0.0,0.0,-0.154,0.0,0.03664367776880062,0.0,0.9993283949130918,False
1783095548852351897,47.690784956,mast,mainboom,0.0,-0.0601374,1.09553,0.15557235457154134,0.0,0.0,0.9878244998445151,False
1783095548852351897,47.690784956,lowerpassive,grapplecarrier,0.0,0.0,-0.261,0.0,0.0,-0.10626398191819598,0.9943379536892321,False
1783095548852351897,47.690784956,grapplecarrier,grappletong1,-0.275000000000001,-0.0192847891741644,-0.202,0.0,0.0,0.0,1.0,False
1783095548852351897,47.690784956,grapplecarrier,grappletong2,0.275000000000001,-0.0192847891741644,-0.202,0.0,0.0,0.0,1.0,False
1783095548852351897,47.690784956,telescope,upperpassive,0.0,2.03711,-0.20229,0.42972293995208016,0.0,0.0,0.9029607936554835,False
1783095548852351897,47.690784956,base_link,mast,0.0,0.0,0.26881,0.0,0.0,0.7671646780516226,0.641450198183733,False
1783095548852351897,47.690784956,mainboom,stick,0.0,3.04904,-0.00649,-0.5232420382151183,0.0,0.0,0.8521841171040967,False
1783095548852351897,47.690784956,stick,telescope,0.0,0.6097264199135338,0.18713983415865032,0.0,0.0,0.0,1.0,False
1783095548911381719,47.749814778,upperpassive,lowerpassive,0.0,0.0,-0.154,0.0,0.03489946723613097,0.0,0.9993908280480837,False
1783095548911381719,47.749814778,mast,mainboom,0.0,-0.0601374,1.09553,0.1581579347892604,0.0,0.0,0.9874138279683933,False
1783095548911381719,47.749814778,lowerpassive,grapplecarrier,0.0,0.0,-0.261,0.0,0.0,-0.10452837529921469,0.9945219046141249,False
1783095548911381719,47.749814778,grapplecarrier,grappletong1,-0.275000000000001,-0.0192847891741644,-0.202,0.0,0.0,0.0,1.0,False
1783095548911381719,47.749814778,grapplecarrier,grappletong2,0.275000000000001,-0.0192847891741644,-0.202,0.0,0.0,0.0,1.0,False
1783095548911381719,47.749814778,telescope,upperpassive,0.0,2.03711,-0.20229,0.4344449154896407,0.0,0.0,0.9006984042426183,False
1783095548911381719,47.749814778,base_link,mast,0.0,0.0,0.26881,0.0,0.0,0.7671646780516226,0.641450198183733,False
1783095548911381719,47.749814778,mainboom,stick,0.0,3.04904,-0.00649,-0.5232420382151183,0.0,0.0,0.8521841171040967,False
1783095548911381719,47.749814778,stick,telescope,0.0,0.6098262033101559,0.18713325587934887,0.0,0.0,0.0,1.0,False
1783095548934344986,47.772778045,zed_0_camera_center,zed_0_left_camera_frame,-0.01,0.060116712003946304,0.0,0.0,0.0,0.0,1.0,False
1783095548934409054,47.772842113,zed_0_camera_center,zed_0_right_camera_frame,-0.01,-0.060116712003946304,0.0,0.0,0.0,0.0,1.0,False
1783095548961602406,47.800035465,upperpassive,lowerpassive,0.0,0.0,-0.154,0.0,0.03489946723613097,0.0,0.9993908280480837,False
1783095548961602406,47.800035465,mast,mainboom,0.0,-0.0601374,1.09553,0.16074243101203442,0.0,0.0,0.9869963884798877,False
1783095548961602406,47.800035465,lowerpassive,grapplecarrier,0.0,0.0,-0.261,0.0,0.0,-0.10279245026921234,0.9947028260579397,False
1783095548961602406,47.800035465,grapplecarrier,grappletong1,-0.275000000000001,-0.0192847891741644,-0.202,0.0,0.0,0.0,1.0,False
1783095548961602406,47.800035465,grapplecarrier,grappletong2,0.275000000000001,-0.0192847891741644,-0.202,0.0,0.0,0.0,1.0,False
1783095548961602406,47.800035465,telescope,upperpassive,0.0,2.03711,-0.20229,0.4391549805205057,0.0,0.0,0.8984113217697305,False
1783095548961602406,47.800035465,base_link,mast,0.0,0.0,0.26881,0.0,0.0,0.7671646780516226,0.641450198183733,False
1783095548961602406,47.800035465,mainboom,stick,0.0,3.04904,-0.00649,-0.5232420382151183,0.0,0.0,0.8521841171040967,False
1783095548961602406,47.800035465,stick,telescope,0.0,0.6099259867067779,0.18712667760004742,0.0,0.0,0.0,1.0,False
1783095549001753089,47.840186148,zed_0_camera_center,zed_0_left_camera_frame,-0.01,0.060116712003946304,0.0,0.0,0.0,0.0,1.0,False
1783095549001792905,47.840225964,zed_0_camera_center,zed_0_right_camera_frame,-0.01,-0.060116712003946304,0.0,0.0,0.0,0.0,1.0,False
1783095549012253081,47.85068614,upperpassive,lowerpassive,0.0,0.0,-0.154,0.0,0.03489946723613097,0.0,0.9993908280480837,False
1783095549012253081,47.85068614,mast,mainboom,0.0,-0.0601374,1.09553,0.16246481752659617,0.0,0.0,0.9867143371138629,False
1783095549012253081,47.85068614,lowerpassive,grapplecarrier,0.0,0.0,-0.261,0.0,0.0,-0.10279245026921234,0.9947028260579397,False
1783095549012253081,47.85068614,grapplecarrier,grappletong1,-0.275000000000001,-0.0192847891741644,-0.202,0.0,0.0,0.0,1.0,False
1783095549012253081,47.85068614,grapplecarrier,grappletong2,0.275000000000001,-0.0192847891741644,-0.202,0.0,0.0,0.0,1.0,False
1783095549012253081,47.85068614,telescope,upperpassive,0.0,2.03711,-0.20229,0.44150550623038964,0.0,0.0,0.8972585402035733,False
1783095549012253081,47.85068614,base_link,mast,0.0,0.0,0.26881,0.0,0.0,0.7671646780516226,0.641450198183733,False
1783095549012253081,47.85068614,mainboom,stick,0.0,3.04904,-0.00649,-0.5232420382151183,0.0,0.0,0.8521841171040967,False
1783095549012253081,47.85068614,stick,telescope,0.0,0.6100257701034,0.18712009932074597,0.0,0.0,0.0,1.0,False
1783095549069003980,47.907437039,zed_0_camera_center,zed_0_left_camera_frame,-0.01,0.060116712003946304,0.0,0.0,0.0,0.0,1.0,False
1783095549069062596,47.907495655,zed_0_camera_center,zed_0_right_camera_frame,-0.01,-0.060116712003946304,0.0,0.0,0.0,0.0,1.0,False
1783095549071922412,47.910355471,upperpassive,lowerpassive,0.0,0.0,-0.154,0.0,0.03489946723613097,0.0,0.9993908280480837,False
1783095549071922412,47.910355471,mast,mainboom,0.0,-0.0601374,1.09553,0.165047467730813,0.0,0.0,0.9862856246522334,False
1783095549071922412,47.910355471,lowerpassive,grapplecarrier,0.0,0.0,-0.261,0.0,0.0,-0.10279245026921234,0.9947028260579397,False
1783095549071922412,47.910355471,grapplecarrier,grappletong1,-0.275000000000001,-0.0192847891741644,-0.202,0.0,0.0,0.0,1.0,False
1783095549071922412,47.910355471,grapplecarrier,grappletong2,0.275000000000001,-0.0192847891741644,-0.202,0.0,0.0,0.0,1.0,False
1783095549071922412,47.910355471,telescope,upperpassive,0.0,2.03711,-0.20229,0.4454163166357148,0.0,0.0,0.8953235755159542,False
1783095549071922412,47.910355471,base_link,mast,0.0,0.0,0.26881,0.0,0.0,0.7671646780516226,0.641450198183733,False
1783095549071922412,47.910355471,mainboom,stick,0.0,3.04904,-0.00649,-0.5232420382151183,0.0,0.0,0.8521841171040967,False
1783095549071922412,47.910355471,stick,telescope,0.0,0.610125553500022,0.1871135210414445,0.0,0.0,0.0,1.0,False
1783095549131949193,47.970382252,zed_0_camera_center,zed_0_left_camera_frame,-0.01,0.060116712003946304,0.0,0.0,0.0,0.0,1.0,False
1783095549131979113,47.970412172,upperpassive,lowerpassive,0.0,0.0,-0.154,0.0,0.03489946723613097,0.0,0.9993908280480837,False
1783095549131979113,47.970412172,mast,mainboom,0.0,-0.0601374,1.09553,0.168489238610385,0.0,0.0,0.985703493182657,False
1783095549131979113,47.970412172,lowerpassive,grapplecarrier,0.0,0.0,-0.261,0.0,0.0,-0.10279245026921234,0.9947028260579397,False
1783095549131979113,47.970412172,grapplecarrier,grappletong1,-0.275000000000001,-0.0192847891741644,-0.202,0.0,0.0,0.0,1.0,False
1783095549131979113,47.970412172,grapplecarrier,grappletong2,0.275000000000001,-0.0192847891741644,-0.202,0.0,0.0,0.0,1.0,False
1783095549131979113,47.970412172,telescope,upperpassive,0.0,2.03711,-0.20229,0.44931864697075075,0.0,0.0,0.8933715651868341,False
1783095549131979113,47.970412172,base_link,mast,0.0,0.0,0.26881,0.0,0.0,0.7671646780516226,0.641450198183733,False
1783095549131979113,47.970412172,mainboom,stick,0.0,3.04904,-0.00649,-0.5232420382151183,0.0,0.0,0.8521841171040967,False
1783095549131979113,47.970412172,stick,telescope,0.0,0.610125553500022,0.1871135210414445,0.0,0.0,0.0,1.0,False
1783095549131991453,47.970424512,zed_0_camera_center,zed_0_right_camera_frame,-0.01,-0.060116712003946304,0.0,0.0,0.0,0.0,1.0,False
1783095549191357294,48.029790353,upperpassive,lowerpassive,0.0,0.0,-0.154,0.0,0.03402732177159212,0.0,0.9994209030098642,False
1783095549191357294,48.029790353,mast,mainboom,0.0,-0.0601374,1.09553,0.17106922179131773,0.0,0.0,0.9852590123189501,False
1783095549191357294,48.029790353,lowerpassive,grapplecarrier,0.0,0.0,-0.261,0.0,0.0,-0.10192437000251577,0.9947921505518579,False
1783095549191357294,48.029790353,grapplecarrier,grappletong1,-0.275000000000001,-0.0192847891741644,-0.202,0.0,0.0,0.0,1.0,False
1783095549191357294,48.029790353,grapplecarrier,grappletong2,0.275000000000001,-0.0192847891741644,-0.202,0.0,0.0,0.0,1.0,False
1783095549191357294,48.029790353,telescope,upperpassive,0.0,2.03711,-0.20229,0.4532124229408784,0.0,0.0,0.8914025463796131,False
1783095549191357294,48.029790353,base_link,mast,0.0,0.0,0.26881,0.0,0.0,0.7671646780516226,0.641450198183733,False
1783095549191357294,48.029790353,mainboom,stick,0.0,3.04904,-0.00649,-0.52398550919096,0.0,0.0,0.8517271782430629,False
1783095549191357294,48.029790353,stick,telescope,0.0,0.610225336896644,0.18710694276214304,0.0,0.0,0.0,1.0,False
1783095549202070677,48.040503736,zed_0_camera_center,zed_0_left_camera_frame,-0.01,0.060116712003946304,0.0,0.0,0.0,0.0,1.0,False
1783095549202110899,48.040543958,zed_0_camera_center,zed_0_right_camera_frame,-0.01,-0.060116712003946304,0.0,0.0,0.0,0.0,1.0,False
1783095549242173244,48.080606303,upperpassive,lowerpassive,0.0,0.0,-0.154,0.0,0.03141073255532421,0.0,0.999506561199244,False
1783095549242173244,48.080606303,mast,mainboom,0.0,-0.0601374,1.09553,0.17364803248493943,0.0,0.0,0.9848077786116992,False
1783095549242173244,48.080606303,lowerpassive,grapplecarrier,0.0,0.0,-0.261,0.0,0.0,-0.10192437000251577,0.9947921505518579,False
1783095549242173244,48.080606303,grapplecarrier,grappletong1,-0.275000000000001,-0.0192847891741644,-0.202,0.0,0.0,0.0,1.0,False
1783095549242173244,48.080606303,grapplecarrier,grappletong2,0.275000000000001,-0.0192847891741644,-0.202,0.0,0.0,0.0,1.0,False
1783095549242173244,48.080606303,telescope,upperpassive,0.0,2.03711,-0.20229,0.4555445515821708,0.0,0.0,0.8902129866070249,False
1783095549242173244,48.080606303,base_link,mast,0.0,0.0,0.26881,0.0,0.0,0.7671646780516226,0.641450198183733,False
1783095549242173244,48.080606303,mainboom,stick,0.0,3.04904,-0.00649,-0.52398550919096,0.0,0.0,0.8517271782430629,False
1783095549242173244,48.080606303,stick,telescope,0.0,0.6103251202932661,0.1871003644828416,0.0,0.0,0.0,1.0,False
1783095549269762474,48.108195533,zed_0_camera_center,zed_0_left_camera_frame,-0.01,0.060116712003946304,0.0,0.0,0.0,0.0,1.0,False
1783095549269794772,48.108227831,zed_0_camera_center,zed_0_right_camera_frame,-0.01,-0.060116712003946304,0.0,0.0,0.0,0.0,1.0,False
1783095549294957630,48.133390689,upperpassive,lowerpassive,0.0,0.0,-0.154,0.0,0.02792161514530044,0.0,0.9996101156989547,False
1783095549294957630,48.133390689,mast,mainboom,0.0,-0.0601374,1.09553,0.17450737244159817,0.0,0.0,0.9846558672772581,False
1783095549294957630,48.133390689,lowerpassive,grapplecarrier,0.0,0.0,-0.261,0.0,0.0,-0.10279245026921234,0.9947028260579397,False
1783095549294957630,48.133390689,grapplecarrier,grappletong1,-0.275000000000001,-0.0192847891741644,-0.202,0.0,0.0,0.0,1.0,False
1783095549294957630,48.133390689,grapplecarrier,grappletong2,0.275000000000001,-0.0192847891741644,-0.202,0.0,0.0,0.0,1.0,False
1783095549294957630,48.133390689,telescope,upperpassive,0.0,2.03711,-0.20229,0.4563212347521979,0.0,0.0,0.8898151104101512,False
1783095549294957630,48.133390689,base_link,mast,0.0,0.0,0.26881,0.0,0.0,0.7671646780516226,0.641450198183733,False
1783095549294957630,48.133390689,mainboom,stick,0.0,3.04904,-0.00649,-0.5247285811297165,0.0,0.0,0.8512695907558279,False
1783095549294957630,48.133390689,stick,telescope,0.0,0.6104249036898881,0.18709378620354014,0.0,0.0,0.0,1.0,False
1783095549337640494,48.176073553,zed_0_camera_center,zed_0_left_camera_frame,-0.01,0.060116712003946304,0.0,0.0,0.0,0.0,1.0,False
1783095549337687706,48.176120765,zed_0_camera_center,zed_0_right_camera_frame,-0.01,-0.060116712003946304,0.0,0.0,0.0,0.0,1.0,False
1783095549352943105,48.191376164,upperpassive,lowerpassive,0.0,0.0,-0.154,0.0,0.022687314412899024,0.0,0.9997426097574966,False
1783095549352943105,48.191376164,mast,mainboom,0.0,-0.0601374,1.09553,0.17708459232600082,0.0,0.0,0.9841956345974788,False
1783095549352943105,48.191376164,lowerpassive,grapplecarrier,0.0,0.0,-0.261,0.0,0.0,-0.10366045225511872,0.9946127440558282,False
1783095549352943105,48.191376164,grapplecarrier,grappletong1,-0.275000000000001,-0.0192847891741644,-0.202,0.0,0.0,0.0,1.0,False
1783095549352943105,48.191376164,grapplecarrier,grappletong2,0.275000000000001,-0.0192847891741644,-0.202,0.0,0.0,0.0,1.0,False
1783095549352943105,48.191376164,telescope,upperpassive,0.0,2.03711,-0.20229,0.4570975704143412,0.0,0.0,0.8894165565815078,False
1783095549352943105,48.191376164,base_link,mast,0.0,0.0,0.26881,0.0,0.0,0.7671646780516226,0.641450198183733,False
1783095549352943105,48.191376164,mainboom,stick,0.0,3.04904,-0.00649,-0.5254712534655074,0.0,0.0,0.8508113549908632,False
1783095549352943105,48.191376164,stick,telescope,0.0,0.6105246870865102,0.1870872079242387,0.0,0.0,0.0,1.0,False
1783095549400012601,48.23844566,zed_0_camera_center,zed_0_left_camera_frame,-0.01,0.060116712003946304,0.0,0.0,0.0,0.0,1.0,False
1783095549400060367,48.238493426,zed_0_camera_center,zed_0_right_camera_frame,-0.01,-0.060116712003946304,0.0,0.0,0.0,0.0,1.0,False
1783095549412230061,48.25066312,upperpassive,lowerpassive,0.0,0.0,-0.154,0.0,0.016579854184565354,0.0,0.9998625447706394,False
1783095549412230061,48.25066312,mast,mainboom,0.0,-0.0601374,1.09553,0.1796605984944861,0.0,0.0,0.9837286563624154,False
1783095549412230061,48.25066312,lowerpassive,grapplecarrier,0.0,0.0,-0.261,0.0,0.0,-0.10626398191819598,0.9943379536892321,False
1783095549412230061,48.25066312,grapplecarrier,grappletong1,-0.275000000000001,-0.0192847891741644,-0.202,0.0,0.0,0.0,1.0,False
1783095549412230061,48.25066312,grapplecarrier,grappletong2,0.275000000000001,-0.0192847891741644,-0.202,0.0,0.0,0.0,1.0,False
1783095549412230061,48.25066312,telescope,upperpassive,0.0,2.03711,-0.20229,0.4578735579773883,0.0,0.0,0.8890173254246103,False
1783095549412230061,48.25066312,base_link,mast,0.0,0.0,0.26881,0.0,0.0,0.7671646780516226,0.641450198183733,False
1783095549412230061,48.25066312,mainboom,stick,0.0,3.04904,-0.00649,-0.5262135256327563,0.0,0.0,0.8503524712971349,False
1783095549412230061,48.25066312,stick,telescope,0.0,0.6105246870865102,0.1870872079242387,0.0,0.0,0.0,1.0,False
1783095549463333271,48.30176633,upperpassive,lowerpassive,0.0,0.0,-0.154,0.0,0.007853894254941457,0.0,0.9999691576968922,False
1783095549463333271,48.30176633,mast,mainboom,0.0,-0.0601374,1.09553,0.18223537329142606,0.0,0.0,0.9832549357726788,False
1783095549463333271,48.30176633,lowerpassive,grapplecarrier,0.0,0.0,-0.261,0.0,0.0,-0.10973421877628217,0.99396096564682,False
1783095549463333271,48.30176633,grapplecarrier,grappletong1,-0.275000000000001,-0.0192847891741644,-0.202,0.0,0.0,0.0,1.0,False
1783095549463333271,48.30176633,grapplecarrier,grappletong2,0.275000000000001,-0.0192847891741644,-0.202,0.0,0.0,0.0,1.0,False
1783095549463333271,48.30176633,telescope,upperpassive,0.0,2.03711,-0.20229,0.4578735579773883,0.0,0.0,0.8890173254246103,False
1783095549463333271,48.30176633,base_link,mast,0.0,0.0,0.26881,0.0,0.0,0.7666046155840511,0.6421194307644249,False
1783095549463333271,48.30176633,mainboom,stick,0.0,3.04904,-0.00649,-0.5262135256327563,0.0,0.0,0.8503524712971349,False
1783095549463333271,48.30176633,stick,telescope,0.0,0.6106244704831322,0.18708062964493724,0.0,0.0,0.0,1.0,False
1783095549478525559,48.316958618,zed_0_camera_center,zed_0_left_camera_frame,-0.01,0.060116712003946304,0.0,0.0,0.0,0.0,1.0,False
1783095549478575756,48.317008815,zed_0_camera_center,zed_0_right_camera_frame,-0.01,-0.060116712003946304,0.0,0.0,0.0,0.0,1.0,False
1783095549514509415,48.352942474,upperpassive,lowerpassive,0.0,0.0,-0.154,0.0,0.001745326891684002,0.0,0.9999984769158609,False
1783095549514509415,48.352942474,mast,mainboom,0.0,-0.0601374,1.09553,0.18395119701240442,0.0,0.0,0.9829353778950597,False
1783095549514509415,48.352942474,lowerpassive,grapplecarrier,0.0,0.0,-0.261,0.0,0.0,-0.11320311855980132,0.9935718665241762,False
1783095549514509415,48.352942474,grapplecarrier,grappletong1,-0.275000000000001,-0.0192847891741644,-0.202,0.0,0.0,0.0,1.0,False
1783095549514509415,48.352942474,grapplecarrier,grappletong2,0.275000000000001,-0.0192847891741644,-0.202,0.0,0.0,0.0,1.0,False
1783095549514509415,48.352942474,telescope,upperpassive,0.0,2.03711,-0.20229,0.45864919685039224,0.0,0.0,0.8886174172434897,False
1783095549514509415,48.352942474,base_link,mast,0.0,0.0,0.26881,0.0,0.0,0.7666046155840511,0.6421194307644249,False
1783095549514509415,48.352942474,mainboom,stick,0.0,3.04904,-0.00649,-0.5269553970661912,0.0,0.0,0.8498929400241025,False
1783095549514509415,48.352942474,stick,telescope,0.0,0.6106244704831322,0.18708062964493724,0.0,0.0,0.0,1.0,False
1783095549523696939,48.362129998,zed_0_camera_center,zed_0_left_camera_frame,-0.01,0.060116712003946304,0.0,0.0,0.0,0.0,1.0,False
1783095549523725207,48.362158266,zed_0_camera_center,zed_0_right_camera_frame,-0.01,-0.060116712003946304,0.0,0.0,0.0,0.0,1.0,False
1783095549571698837,48.410131896,upperpassive,lowerpassive,0.0,0.0,-0.154,0.0,-0.0069812544012390464,0.0,0.9999756307465624,False
1783095549571698837,48.410131896,mast,mainboom,0.0,-0.0601374,1.09553,0.18652388031168368,0.0,0.0,0.9824504272855058,False
1783095549571698837,48.410131896,lowerpassive,grapplecarrier,0.0,0.0,-0.261,0.0,0.0,-0.117537298637975,0.9930684686510228,False
1783095549571698837,48.410131896,grapplecarrier,grappletong1,-0.275000000000001,-0.0192847891741644,-0.202,0.0,0.0,0.0,1.0,False
1783095549571698837,48.410131896,grapplecarrier,grappletong2,0.275000000000001,-0.0192847891741644,-0.202,0.0,0.0,0.0,1.0,False
1783095549571698837,48.410131896,telescope,upperpassive,0.0,2.03711,-0.20229,0.459424486442671,0.0,0.0,0.8882168323426932,False
1783095549571698837,48.410131896,base_link,mast,0.0,0.0,0.26881,0.0,0.0,0.7660439693147032,0.6427881743440634,False
1783095549571698837,48.410131896,mainboom,stick,0.0,3.04904,-0.00649,-0.5276968672008463,0.0,0.0,0.8494327615217183,False
1783095549571698837,48.410131896,stick,telescope,0.0,0.6107242538797543,0.1870740513656358,0.0,0.0,0.0,1.0,False
1783095549631658845,48.470091904,upperpassive,lowerpassive,0.0,0.0,-0.154,0.0,-0.014834741944676617,0.0,0.9998899591612244,False
1783095549631658845,48.470091904,mast,mainboom,0.0,-0.0601374,1.09553,0.18823829337060785,0.0,0.0,0.9821233857865931,False
1783095549631658845,48.470091904,lowerpassive,grapplecarrier,0.0,0.0,-0.261,0.0,0.0,-0.12013673785043441,0.9927573541498727,False
1783095549631658845,48.470091904,grapplecarrier,grappletong1,-0.275000000000001,-0.0192847891741644,-0.202,0.0,0.0,0.0,1.0,False
1783095549631658845,48.470091904,grapplecarrier,grappletong2,0.275000000000001,-0.0192847891741644,-0.202,0.0,0.0,0.0,1.0,False
1783095549631658845,48.470091904,telescope,upperpassive,0.0,2.03711,-0.20229,0.4609740154236566,0.0,0.0,0.887413633602837,False
1783095549631658845,48.470091904,base_link,mast,0.0,0.0,0.26881,0.0,0.0,0.7660439693147032,0.6427881743440634,False
1783095549631658845,48.470091904,mainboom,stick,0.0,3.04904,-0.00649,-0.5276968672008463,0.0,0.0,0.8494327615217183,False
1783095549631658845,48.470091904,stick,telescope,0.0,0.6107242538797543,0.1870740513656358,0.0,0.0,0.0,1.0,False
1783095549645056451,48.48348951,zed_0_camera_center,zed_0_left_camera_frame,-0.01,0.060116712003946304,0.0,0.0,0.0,0.0,1.0,False
1783095549645109014,48.483542073,zed_0_camera_center,zed_0_right_camera_frame,-0.01,-0.060116712003946304,0.0,0.0,0.0,0.0,1.0,False
1783095549650937649,48.489370708,zed_0_camera_center,zed_0_left_camera_frame,-0.01,0.060116712003946304,0.0,0.0,0.0,0.0,1.0,False
1783095549650986733,48.489419792,zed_0_camera_center,zed_0_right_camera_frame,-0.01,-0.060116712003946304,0.0,0.0,0.0,0.0,1.0,False
1783095549681776368,48.520209427,upperpassive,lowerpassive,0.0,0.0,-0.154,0.0,-0.021814866611239513,0.0,0.9997620274819072,False
1783095549681776368,48.520209427,mast,mainboom,0.0,-0.0601374,1.09553,0.1908088361921277,0.0,0.0,0.9816272143899668,False
1783095549681776368,48.520209427,lowerpassive,grapplecarrier,0.0,0.0,-0.261,0.0,0.0,-0.12100303548927165,0.9926521371570114,False
1783095549681776368,48.520209427,grapplecarrier,grappletong1,-0.275000000000001,-0.0192847891741644,-0.202,0.0,0.0,0.0,1.0,False
1783095549681776368,48.520209427,grapplecarrier,grappletong2,0.275000000000001,-0.0192847891741644,-0.202,0.0,0.0,0.0,1.0,False
1783095549681776368,48.520209427,telescope,upperpassive,0.0,2.03711,-0.20229,0.46406885605650994,0.0,0.0,0.8857991289442557,False
1783095549681776368,48.520209427,base_link,mast,0.0,0.0,0.26881,0.0,0.0,0.7654827396705342,0.6434564284133723,False
1783095549681776368,48.520209427,mainboom,stick,0.0,3.04904,-0.00649,-0.5284379354720603,0.0,0.0,0.8489719361404278,False
1783095549681776368,48.520209427,stick,telescope,0.0,0.6108240372763764,0.1870674730863343,0.0,0.0,0.0,1.0,False
1783095549716339602,48.554772661,zed_0_camera_center,zed_0_left_camera_frame,-0.01,0.060116712003946304,0.0,0.0,0.0,0.0,1.0,False
1783095549716372706,48.554805765,zed_0_camera_center,zed_0_right_camera_frame,-0.01,-0.060116712003946304,0.0,0.0,0.0,0.0,1.0,False
1783095549741780855,48.580213914,upperpassive,lowerpassive,0.0,0.0,-0.154,0.0,-0.02704928097333615,0.0,0.9996341012584682,False
1783095549741780855,48.580213914,mast,mainboom,0.0,-0.0601374,1.09553,0.19337807123345835,0.0,0.0,0.9811243150416911,False
1783095549741780855,48.580213914,lowerpassive,grapplecarrier,0.0,0.0,-0.261,0.0,0.0,-0.11927034872239978,0.9928618151161002,False
1783095549741780855,48.580213914,grapplecarrier,grappletong1,-0.275000000000001,-0.0192847891741644,-0.202,0.0,0.0,0.0,1.0,False
1783095549741780855,48.580213914,grapplecarrier,grappletong2,0.275000000000001,-0.0192847891741644,-0.202,0.0,0.0,0.0,1.0,False
1783095549741780855,48.580213914,telescope,upperpassive,0.0,2.03711,-0.20229,0.4679294507620581,0.0,0.0,0.8837658225511545,False
1783095549741780855,48.580213914,base_link,mast,0.0,0.0,0.26881,0.0,0.0,0.7654827396705342,0.6434564284133723,False
1783095549741780855,48.580213914,mainboom,stick,0.0,3.04904,-0.00649,-0.5291786013154787,0.0,0.0,0.8485104642311689,False
1783095549741780855,48.580213914,stick,telescope,0.0,0.6108240372763764,0.1870674730863343,0.0,0.0,0.0,1.0,False
1783095549792179588,48.630612647,upperpassive,lowerpassive,0.0,0.0,-0.154,0.0,-0.03053848742306578,0.0,0.9995335916245693,False
1783095549792179588,48.630612647,mast,mainboom,0.0,-0.0601374,1.09553,0.19509015935351248,0.0,0.0,0.9807853127588224,False
1783095549792179588,48.630612647,lowerpassive,grapplecarrier,0.0,0.0,-0.261,0.0,0.0,-0.117537298637975,0.9930684686510228,False
1783095549792179588,48.630612647,grapplecarrier,grappletong1,-0.275000000000001,-0.0192847891741644,-0.202,0.0,0.0,0.0,1.0,False
1783095549792179588,48.630612647,grapplecarrier,grappletong2,0.275000000000001,-0.0192847891741644,-0.202,0.0,0.0,0.0,1.0,False
1783095549792179588,48.630612647,telescope,upperpassive,0.0,2.03711,-0.20229,0.4710115157940361,0.0,0.0,0.8821270611365487,False
1783095549792179588,48.630612647,base_link,mast,0.0,0.0,0.26881,0.0,0.0,0.7649209270789442,0.6441241924634475,False
1783095549792179588,48.630612647,mainboom,stick,0.0,3.04904,-0.00649,-0.5291786013154787,0.0,0.0,0.8485104642311689,False
1783095549792179588,48.630612647,stick,telescope,0.0,0.6108240372763764,0.1870674730863343,0.0,0.0,0.0,1.0,False
1783095549805327376,48.643760435,zed_0_camera_center,zed_0_left_camera_frame,-0.01,0.060116712003946304,0.0,0.0,0.0,0.0,1.0,False
1783095549805377533,48.643810592,zed_0_camera_center,zed_0_right_camera_frame,-0.01,-0.060116712003946304,0.0,0.0,0.0,0.0,1.0,False
1783095549851524301,48.68995736,upperpassive,lowerpassive,0.0,0.0,-0.154,0.0,-0.03402732177159212,0.0,0.9994209030098642,False
1783095549851524301,48.68995736,mast,mainboom,0.0,-0.0601374,1.09553,0.19765717563407637,0.0,0.0,0.9802712078401364,False
1783095549851524301,48.68995736,lowerpassive,grapplecarrier,0.0,0.0,-0.261,0.0,0.0,-0.11493705383939222,0.9933727767835804,False
1783095549851524301,48.68995736,grapplecarrier,grappletong1,-0.275000000000001,-0.0192847891741644,-0.202,0.0,0.0,0.0,1.0,False
1783095549851524301,48.68995736,grapplecarrier,grappletong2,0.275000000000001,-0.0192847891741644,-0.202,0.0,0.0,0.0,1.0,False
1783095549851524301,48.68995736,telescope,upperpassive,0.0,2.03711,-0.20229,0.47485602205655275,0.0,0.0,0.8800634967527211,False
1783095549851524301,48.68995736,base_link,mast,0.0,0.0,0.26881,0.0,0.0,0.7649209270789442,0.6441241924634475,False
1783095549851524301,48.68995736,mainboom,stick,0.0,3.04904,-0.00649,-0.5299188641670531,0.0,0.0,0.8480483461453716,False
1783095549851524301,48.68995736,stick,telescope,0.0,0.6108240372763764,0.1870674730863343,0.0,0.0,0.0,1.0,False
1783095549871985090,48.710418149,zed_0_camera_center,zed_0_left_camera_frame,-0.01,0.060116712003946304,0.0,0.0,0.0,0.0,1.0,False
1783095549872164165,48.710597224,zed_0_camera_center,zed_0_right_camera_frame,-0.01,-0.060116712003946304,0.0,0.0,0.0,0.0,1.0,False
1783095549911556774,48.749989833,upperpassive,lowerpassive,0.0,0.0,-0.154,0.0,-0.03838777667866144,0.0,0.9992629176556433,False
1783095549911556774,48.749989833,mast,mainboom,0.0,-0.0601374,1.09553,0.20022283719677858,0.0,0.0,0.9797503842637024,False
1783095549911556774,48.749989833,lowerpassive,grapplecarrier,0.0,0.0,-0.261,0.0,0.0,-0.11146883844446161,0.99376792967767,False
1783095549911556774,48.749989833,grapplecarrier,grappletong1,-0.275000000000001,-0.0192847891741644,-0.202,0.0,0.0,0.0,1.0,False
1783095549911556774,48.749989833,grapplecarrier,grappletong2,0.275000000000001,-0.0192847891741644,-0.202,0.0,0.0,0.0,1.0,False
1783095549911556774,48.749989833,telescope,upperpassive,0.0,2.03711,-0.20229,0.47869148776017223,0.0,0.0,0.8779831772568042,False
1783095549911556774,48.749989833,base_link,mast,0.0,0.0,0.26881,0.0,0.0,0.7643585319677776,0.6447914659857588,False
1783095549911556774,48.749989833,mainboom,stick,0.0,3.04904,-0.00649,-0.5299188641670531,0.0,0.0,0.8480483461453716,False
1783095549911556774,48.749989833,stick,telescope,0.0,0.6108240372763764,0.1870674730863343,0.0,0.0,0.0,1.0,False
1783095549915331291,48.75376435,zed_0_camera_center,zed_0_left_camera_frame,-0.01,0.060116712003946304,0.0,0.0,0.0,0.0,1.0,False
1783095549915366557,48.753799616,zed_0_camera_center,zed_0_right_camera_frame,-0.01,-0.060116712003946304,0.0,0.0,0.0,0.0,1.0,False
1783095549961917203,48.800350262,upperpassive,lowerpassive,0.0,0.0,-0.154,0.0,-0.042747500739032204,0.0,0.9990859078080155,False
1783095549961917203,48.800350262,mast,mainboom,0.0,-0.0601374,1.09553,0.20364158154948211,0.0,0.0,0.979045507759484,False
1783095549961917203,48.800350262,lowerpassive,grapplecarrier,0.0,0.0,-0.261,0.0,0.0,-0.1071316641713436,0.9942448423461286,False
1783095549961917203,48.800350262,grapplecarrier,grappletong1,-0.275000000000001,-0.0192847891741644,-0.202,0.0,0.0,0.0,1.0,False
1783095549961917203,48.800350262,grapplecarrier,grappletong2,0.275000000000001,-0.0192847891741644,-0.202,0.0,0.0,0.0,1.0,False
1783095549961917203,48.800350262,telescope,upperpassive,0.0,2.03711,-0.20229,0.4840458126061417,0.0,0.0,0.8750426568450592,False
1783095549961917203,48.800350262,base_link,mast,0.0,0.0,0.26881,0.0,0.0,0.7637955547653218,0.6454582484721489,False
1783095549961917203,48.800350262,mainboom,stick,0.0,3.04904,-0.00649,-0.5299188641670531,0.0,0.0,0.8480483461453716,False
1783095549961917203,48.800350262,stick,telescope,0.0,0.6109238206729983,0.18706089480703286,0.0,0.0,0.0,1.0,False
1783095549986836538,48.825269597,zed_0_camera_center,zed_0_left_camera_frame,-0.01,0.060116712003946304,0.0,0.0,0.0,0.0,1.0,False
1783095549986875862,48.825308921,zed_0_camera_center,zed_0_right_camera_frame,-0.01,-0.060116712003946304,0.0,0.0,0.0,0.0,1.0,False
1783095550021710663,48.860143722,upperpassive,lowerpassive,0.0,0.0,-0.154,0.0,-0.04797808802707624,0.0,0.9988483884300291,False
1783095550021710663,48.860143722,mast,mainboom,0.0,-0.0601374,1.09553,0.20620401373506358,0.0,0.0,0.9785090212765285,False
1783095550021710663,48.860143722,lowerpassive,grapplecarrier,0.0,0.0,-0.261,0.0,0.0,-0.10105621211610871,0.9948807174695588,False
1783095550021710663,48.860143722,grapplecarrier,grappletong1,-0.275000000000001,-0.0192847891741644,-0.202,0.0,0.0,0.0,1.0,False
1783095550021710663,48.860143722,grapplecarrier,grappletong2,0.275000000000001,-0.0192847891741644,-0.202,0.0,0.0,0.0,1.0,False
1783095550021710663,48.860143722,telescope,upperpassive,0.0,2.03711,-0.20229,0.4909033760138954,0.0,0.0,0.8712140238874487,False
1783095550021710663,48.860143722,base_link,mast,0.0,0.0,0.26881,0.0,0.0,0.7637955547653218,0.6454582484721489,False
1783095550021710663,48.860143722,mainboom,stick,0.0,3.04904,-0.00649,-0.5306587234630421,0.0,0.0,0.8475855822349592,False
1783095550021710663,48.860143722,stick,telescope,0.0,0.6109238206729983,0.18706089480703286,0.0,0.0,0.0,1.0,False
1783095550052572904,48.891005963,zed_0_camera_center,zed_0_left_camera_frame,-0.01,0.060116712003946304,0.0,0.0,0.0,0.0,1.0,False
1783095550052598344,48.891031403,zed_0_camera_center,zed_0_right_camera_frame,-0.01,-0.060116712003946304,0.0,0.0,0.0,0.0,1.0,False
1783095550081478131,48.91991119,upperpassive,lowerpassive,0.0,0.0,-0.154,0.0,-0.05495013354478732,0.0,0.9984891000023036,False
1783095550081478131,48.91991119,mast,mainboom,0.0,-0.0601374,1.09553,0.2096183884866464,0.0,0.0,0.9777832741503925,False
1783095550081478131,48.91991119,lowerpassive,grapplecarrier,0.0,0.0,-0.261,0.0,0.0,-0.09410823406412196,0.9955619720948228,False
1783095550081478131,48.91991119,grapplecarrier,grappletong1,-0.275000000000001,-0.0192847891741644,-0.202,0.0,0.0,0.0,1.0,False
1783095550081478131,48.91991119,grapplecarrier,grappletong2,0.275000000000001,-0.0192847891741644,-0.202,0.0,0.0,0.0,1.0,False
1783095550081478131,48.91991119,telescope,upperpassive,0.0,2.03711,-0.20229,0.49773065824020996,0.0,0.0,0.8673316504358453,False
1783095550081478131,48.91991119,base_link,mast,0.0,0.0,0.26881,0.0,0.0,0.7637955547653218,0.6454582484721489,False
1783095550081478131,48.91991119,mainboom,stick,0.0,3.04904,-0.00649,-0.5313981786400117,0.0,0.0,0.8471221728523449,False
1783095550081478131,48.91991119,stick,telescope,0.0,0.6109238206729983,0.18706089480703286,0.0,0.0,0.0,1.0,False
1783095550120044244,48.958477303,zed_0_camera_center,zed_0_left_camera_frame,-0.01,0.060116712003946304,0.0,0.0,0.0,0.0,1.0,False
1783095550120101268,48.958534327,zed_0_camera_center,zed_0_right_camera_frame,-0.01,-0.060116712003946304,0.0,0.0,0.0,0.0,1.0,False
1783095550131634699,48.970067758,upperpassive,lowerpassive,0.0,0.0,-0.154,0.0,-0.059306323540824525,0.0,0.9982398308963989,False
1783095550131634699,48.970067758,mast,mainboom,0.0,-0.0601374,1.09553,0.2113246206628171,0.0,0.0,0.9774159322937787,False
1783095550131634699,48.970067758,lowerpassive,grapplecarrier,0.0,0.0,-0.261,0.0,0.0,-0.08889422197904978,0.9960410720942885,False
1783095550131634699,48.970067758,grapplecarrier,grappletong1,-0.275000000000001,-0.0192847891741644,-0.202,0.0,0.0,0.0,1.0,False
1783095550131634699,48.970067758,grapplecarrier,grappletong2,0.275000000000001,-0.0192847891741644,-0.202,0.0,0.0,0.0,1.0,False
1783095550131634699,48.970067758,telescope,upperpassive,0.0,2.03711,-0.20229,0.5030195618434632,0.0,0.0,0.8642750259048392,False
1783095550131634699,48.970067758,base_link,mast,0.0,0.0,0.26881,0.0,0.0,0.7637955547653218,0.6454582484721489,False
1783095550131634699,48.970067758,mainboom,stick,0.0,3.04904,-0.00649,-0.5313981786400117,0.0,0.0,0.8471221728523449,False
1783095550131634699,48.970067758,stick,telescope,0.0,0.6110236040696204,0.1870543165277314,0.0,0.0,0.0,1.0,False
1783095550182116872,49.020549931,upperpassive,lowerpassive,0.0,0.0,-0.154,0.0,-0.06540307406538769,0.0,0.997858926854291,False
1783095550182116872,49.020549931,mast,mainboom,0.0,-0.0601374,1.09553,0.21388276030898198,0.0,0.0,0.9768593372858811,False
1783095550182116872,49.020549931,lowerpassive,grapplecarrier,0.0,0.0,-0.261,0.0,0.0,-0.08106867902270391,0.9967085177129338,False
1783095550182116872,49.020549931,grapplecarrier,grappletong1,-0.275000000000001,-0.0192847891741644,-0.202,0.0,0.0,0.0,1.0,False
1783095550182116872,49.020549931,grapplecarrier,grappletong2,0.275000000000001,-0.0192847891741644,-0.202,0.0,0.0,0.0,1.0,False
1783095550182116872,49.020549931,telescope,upperpassive,0.0,2.03711,-0.20229,0.5112926964895189,0.0,0.0,0.8594066432815589,False
1783095550182116872,49.020549931,base_link,mast,0.0,0.0,0.26881,0.0,0.0,0.7637955547653218,0.6454582484721489,False
1783095550182116872,49.020549931,mainboom,stick,0.0,3.04904,-0.00649,-0.5313981786400117,0.0,0.0,0.8471221728523449,False
1783095550182116872,49.020549931,stick,telescope,0.0,0.6111233874662424,0.18704773824842996,0.0,0.0,0.0,1.0,False
1783095550196210195,49.034643254,zed_0_camera_center,zed_0_left_camera_frame,-0.01,0.060116712003946304,0.0,0.0,0.0,0.0,1.0,False
1783095550196260708,49.034693767,zed_0_camera_center,zed_0_right_camera_frame,-0.01,-0.060116712003946304,0.0,0.0,0.0,0.0,1.0,False
1783095550242395750,49.080828809,upperpassive,lowerpassive,0.0,0.0,-0.154,0.0,-0.07062692637449368,0.0,0.9975028006331068,False
1783095550242395750,49.080828809,mast,mainboom,0.0,-0.0601374,1.09553,0.21729132981219937,0.0,0.0,0.9761067964052119,False
1783095550242395750,49.080828809,lowerpassive,grapplecarrier,0.0,0.0,-0.261,0.0,0.0,-0.0749786636134539,0.9971851382781136,False
1783095550242395750,49.080828809,grapplecarrier,grappletong1,-0.275000000000001,-0.0192847891741644,-0.202,0.0,0.0,0.0,1.0,False
1783095550242395750,49.080828809,grapplecarrier,grappletong2,0.275000000000001,-0.0192847891741644,-0.202,0.0,0.0,0.0,1.0,False
1783095550242395750,49.080828809,telescope,upperpassive,0.0,2.03711,-0.20229,0.518772864308832,0.0,0.0,0.8549121096678945,False
1783095550242395750,49.080828809,base_link,mast,0.0,0.0,0.26881,0.0,0.0,0.7637955547653218,0.6454582484721489,False
1783095550242395750,49.080828809,mainboom,stick,0.0,3.04904,-0.00649,-0.5321372291348353,0.0,0.0,0.8466581183504354,False
1783095550242395750,49.080828809,stick,telescope,0.0,0.6112231708628645,0.1870411599691285,0.0,0.0,0.0,1.0,False
1783095550252173836,49.090606895,zed_0_camera_center,zed_0_left_camera_frame,-0.01,0.060116712003946304,0.0,0.0,0.0,0.0,1.0,False
1783095550252198225,49.090631284,zed_0_camera_center,zed_0_right_camera_frame,-0.01,-0.060116712003946304,0.0,0.0,0.0,0.0,1.0,False
1783095550301955709,49.140388768,upperpassive,lowerpassive,0.0,0.0,-0.154,0.0,-0.0749786636134539,0.0,0.9971851382781136,False
1783095550301955709,49.140388768,mast,mainboom,0.0,-0.0601374,1.09553,0.2206972516936086,0.0,0.0,0.9753423619913615,False
1783095550301955709,49.140388768,lowerpassive,grapplecarrier,0.0,0.0,-0.261,0.0,0.0,-0.07062692637449366,0.9975028006331068,False
1783095550301955709,49.140388768,grapplecarrier,grappletong1,-0.275000000000001,-0.0192847891741644,-0.202,0.0,0.0,0.0,1.0,False
1783095550301955709,49.140388768,grapplecarrier,grappletong2,0.275000000000001,-0.0192847891741644,-0.202,0.0,0.0,0.0,1.0,False
1783095550301955709,49.140388768,telescope,upperpassive,0.0,2.03711,-0.20229,0.5247285811297164,0.0,0.0,0.8512695907558279,False
1783095550301955709,49.140388768,base_link,mast,0.0,0.0,0.26881,0.0,0.0,0.7637955547653218,0.6454582484721489,False
1783095550301955709,49.140388768,mainboom,stick,0.0,3.04904,-0.00649,-0.5328758743846951,0.0,0.0,0.8461934190826271,False
1783095550301955709,49.140388768,stick,telescope,0.0,0.6116223044493526,0.1870148468519227,0.0,0.0,0.0,1.0,False
1783095550331856068,49.170289127,zed_0_camera_center,zed_0_left_camera_frame,-0.01,0.060116712003946304,0.0,0.0,0.0,0.0,1.0,False
1783095550331885227,49.170318286,zed_0_camera_center,zed_0_right_camera_frame,-0.01,-0.060116712003946304,0.0,0.0,0.0,0.0,1.0,False
1783095550361675551,49.20010861,upperpassive,lowerpassive,0.0,0.0,-0.154,0.0,-0.07932897336914982,0.0,0.9968484909875707,False
1783095550361675551,49.20010861,mast,mainboom,0.0,-0.0601374,1.09553,0.22324993063677517,0.0,0.0,0.9747612366475573,False
1783095550361675551,49.20010861,lowerpassive,grapplecarrier,0.0,0.0,-0.261,0.0,0.0,-0.06801523330394363,0.997684282746105,False
1783095550361675551,49.20010861,grapplecarrier,grappletong1,-0.275000000000001,-0.0192847891741644,-0.202,0.0,0.0,0.0,1.0,False
1783095550361675551,49.20010861,grapplecarrier,grappletong2,0.275000000000001,-0.0192847891741644,-0.202,0.0,0.0,0.0,1.0,False
1783095550361675551,49.20010861,telescope,upperpassive,0.0,2.03711,-0.20229,0.5291786013154787,0.0,0.0,0.8485104642311689,False
1783095550361675551,49.20010861,base_link,mast,0.0,0.0,0.26881,0.0,0.0,0.7637955547653218,0.6454582484721489,False
1783095550361675551,49.20010861,mainboom,stick,0.0,3.04904,-0.00649,-0.5328758743846951,0.0,0.0,0.8461934190826271,False
1783095550361675551,49.20010861,stick,telescope,0.0,0.6119216546392188,0.18699511201401833,0.0,0.0,0.0,1.0,False
1783095550391883391,49.23031645,zed_0_camera_center,zed_0_left_camera_frame,-0.01,0.060116712003946304,0.0,0.0,0.0,0.0,1.0,False
1783095550391947379,49.230380438,zed_0_camera_center,zed_0_right_camera_frame,-0.01,-0.060116712003946304,0.0,0.0,0.0,0.0,1.0,False
1783095550421321485,49.259754544,upperpassive,lowerpassive,0.0,0.0,-0.154,0.0,-0.08280813772741959,0.0,0.9965655082964274,False
1783095550421321485,49.259754544,mast,mainboom,0.0,-0.0601374,1.09553,0.22665111934030535,0.0,0.0,0.9739760110504708,False
1783095550421321485,49.259754544,lowerpassive,grapplecarrier,0.0,0.0,-0.261,0.0,0.0,-0.0662738445029333,0.9978014720047275,False
1783095550421321485,49.259754544,grapplecarrier,grappletong1,-0.275000000000001,-0.0192847891741644,-0.202,0.0,0.0,0.0,1.0,False
1783095550421321485,49.259754544,grapplecarrier,grappletong2,0.275000000000001,-0.0192847891741644,-0.202,0.0,0.0,0.0,1.0,False
1783095550421321485,49.259754544,telescope,upperpassive,0.0,2.03711,-0.20229,0.5343519468997935,0.0,0.0,0.8452620876653585,False
1783095550421321485,49.259754544,base_link,mast,0.0,0.0,0.26881,0.0,0.0,0.7637955547653218,0.6454582484721489,False
1783095550421321485,49.259754544,mainboom,stick,0.0,3.04904,-0.00649,-0.5336141138270813,0.0,0.0,0.8457280754028085,False
1783095550421321485,49.259754544,stick,telescope,0.0,0.6122210048290849,0.18697537717611398,0.0,0.0,0.0,1.0,False
1783095550472104407,49.310537466,upperpassive,lowerpassive,0.0,0.0,-0.154,0.0,-0.08367777281809446,0.0,0.9964928651707464,False
1783095550472104407,49.310537466,mast,mainboom,0.0,-0.0601374,1.09553,0.22835068065552186,0.0,0.0,0.9735789473094412,False
1783095550472104407,49.310537466,lowerpassive,grapplecarrier,0.0,0.0,-0.261,0.0,0.0,-0.0654030740653877,0.997858926854291,False
1783095550472104407,49.310537466,grapplecarrier,grappletong1,-0.275000000000001,-0.0192847891741644,-0.202,0.0,0.0,0.0,1.0,False
1783095550472104407,49.310537466,grapplecarrier,grappletong2,0.275000000000001,-0.0192847891741644,-0.202,0.0,0.0,0.0,1.0,False
1783095550472104407,49.310537466,telescope,upperpassive,0.0,2.03711,-0.20229,0.5372992042607327,0.0,0.0,0.843391703243981,False
1783095550472104407,49.310537466,base_link,mast,0.0,0.0,0.26881,0.0,0.0,0.7637955547653218,0.6454582484721489,False
1783095550472104407,49.310537466,mainboom,stick,0.0,3.04904,-0.00649,-0.5343519468997936,0.0,0.0,0.8452620876653585,False
1783095550472104407,49.310537466,stick,telescope,0.0,0.612320788225707,0.18696879889681253,0.0,0.0,0.0,1.0,False
1783095550472197941,49.310631,zed_0_camera_center,zed_0_left_camera_frame,-0.01,0.060116712003946304,0.0,0.0,0.0,0.0,1.0,False
1783095550472213228,49.310646287,zed_0_camera_center,zed_0_right_camera_frame,-0.01,-0.060116712003946304,0.0,0.0,0.0,0.0,1.0,False
1783095550511494609,49.349927668,zed_0_camera_center,zed_0_left_camera_frame,-0.01,0.060116712003946304,0.0,0.0,0.0,0.0,1.0,False
1783095550511523929,49.349956988,zed_0_camera_center,zed_0_right_camera_frame,-0.01,-0.060116712003946304,0.0,0.0,0.0,0.0,1.0,False
1783095550527714404,49.366147463,upperpassive,lowerpassive,0.0,0.0,-0.154,0.0,-0.08367777281809446,0.0,0.9964928651707464,False
1783095550527714404,49.366147463,mast,mainboom,0.0,-0.0601374,1.09553,0.23089871677119153,0.0,0.0,0.9729777914183946,False
1783095550527714404,49.366147463,lowerpassive,grapplecarrier,0.0,0.0,-0.261,0.0,0.0,-0.0654030740653877,0.997858926854291,False
1783095550527714404,49.366147463,grapplecarrier,grappletong1,-0.275000000000001,-0.0192847891741644,-0.202,0.0,0.0,0.0,1.0,False
1783095550527714404,49.366147463,grapplecarrier,grappletong2,0.275000000000001,-0.0192847891741644,-0.202,0.0,0.0,0.0,1.0,False
1783095550527714404,49.366147463,telescope,upperpassive,0.0,2.03711,-0.20229,0.541707803832555,0.0,0.0,0.8405668654348148,False
1783095550527714404,49.366147463,base_link,mast,0.0,0.0,0.26881,0.0,0.0,0.7637955547653218,0.6454582484721489,False
1783095550527714404,49.366147463,mainboom,stick,0.0,3.04904,-0.00649,-0.5350893730409407,0.0,0.0,0.8447954562251462,False
1783095550527714404,49.366147463,stick,telescope,0.0,0.6125203550189511,0.18695564233820963,0.0,0.0,0.0,1.0,False
1783095550581432666,49.419865725,upperpassive,lowerpassive,0.0,0.0,-0.154,0.0,-0.08367777281809446,0.0,0.9964928651707464,False
1783095550581432666,49.419865725,mast,mainboom,0.0,-0.0601374,1.09553,0.23429363349542304,0.0,0.0,0.9721658774630553,False
1783095550581432666,49.419865725,lowerpassive,grapplecarrier,0.0,0.0,-0.261,0.0,0.0,-0.06453225382064016,0.9979156217921575,False
1783095550581432666,49.419865725,grapplecarrier,grappletong1,-0.275000000000001,-0.0192847891741644,-0.202,0.0,0.0,0.0,1.0,False
1783095550581432666,49.419865725,grapplecarrier,grappletong2,0.275000000000001,-0.0192847891741644,-0.202,0.0,0.0,0.0,1.0,False
1783095550581432666,49.419865725,telescope,upperpassive,0.0,2.03711,-0.20229,0.5439065419685886,0.0,0.0,0.8391457999679031,False
1783095550581432666,49.419865725,base_link,mast,0.0,0.0,0.26881,0.0,0.0,0.7637955547653218,0.6454582484721489,False
1783095550581432666,49.419865725,mainboom,stick,0.0,3.04904,-0.00649,-0.5350893730409407,0.0,0.0,0.8447954562251462,False
1783095550581432666,49.419865725,stick,telescope,0.0,0.6129194886054392,0.1869293292210038,0.0,0.0,0.0,1.0,False
1783095550587132506,49.425565565,zed_0_camera_center,zed_0_left_camera_frame,-0.01,0.060116712003946304,0.0,0.0,0.0,0.0,1.0,False
1783095550587164833,49.425597892,zed_0_camera_center,zed_0_right_camera_frame,-0.01,-0.060116712003946304,0.0,0.0,0.0,0.0,1.0,False
1783095550631652774,49.470085833,upperpassive,lowerpassive,0.0,0.0,-0.154,0.0,-0.08367777281809446,0.0,0.9964928651707464,False
1783095550631652774,49.470085833,mast,mainboom,0.0,-0.0601374,1.09553,0.2359900238956198,0.0,0.0,0.9717554777935367,False
1783095550631652774,49.470085833,lowerpassive,grapplecarrier,0.0,0.0,-0.261,0.0,0.0,-0.06453225382064016,0.9979156217921575,False
1783095550631652774,49.470085833,grapplecarrier,grappletong1,-0.275000000000001,-0.0192847891741644,-0.202,0.0,0.0,0.0,1.0,False
1783095550631652774,49.470085833,grapplecarrier,grappletong2,0.275000000000001,-0.0192847891741644,-0.202,0.0,0.0,0.0,1.0,False
1783095550631652774,49.470085833,telescope,upperpassive,0.0,2.03711,-0.20229,0.5446386270088918,0.0,0.0,0.8386708329075654,False
1783095550631652774,49.470085833,base_link,mast,0.0,0.0,0.26881,0.0,0.0,0.7637955547653218,0.6454582484721489,False
1783095550631652774,49.470085833,mainboom,stick,0.0,3.04904,-0.00649,-0.5358263916889416,0.0,0.0,0.8443281814375314,False
1783095550631652774,49.470085833,stick,telescope,0.0,0.6133186221919275,0.186903016103798,0.0,0.0,0.0,1.0,False
1783095550652171735,49.490604794,zed_0_camera_center,zed_0_left_camera_frame,-0.01,0.060116712003946304,0.0,0.0,0.0,0.0,1.0,False
1783095550652221877,49.490654936,zed_0_camera_center,zed_0_right_camera_frame,-0.01,-0.060116712003946304,0.0,0.0,0.0,0.0,1.0,False
1783095550692079718,49.530512777,upperpassive,lowerpassive,0.0,0.0,-0.154,0.0,-0.08367777281809446,0.0,0.9964928651707464,False
1783095550692079718,49.530512777,mast,mainboom,0.0,-0.0601374,1.09553,0.23853326000918826,0.0,0.0,0.9711343284373121,False
1783095550692079718,49.530512777,lowerpassive,grapplecarrier,0.0,0.0,-0.261,0.0,0.0,-0.06453225382064016,0.9979156217921575,False
1783095550692079718,49.530512777,grapplecarrier,grappletong1,-0.275000000000001,-0.0192847891741644,-0.202,0.0,0.0,0.0,1.0,False
1783095550692079718,49.530512777,grapplecarrier,grappletong2,0.275000000000001,-0.0192847891741644,-0.202,0.0,0.0,0.0,1.0,False
1783095550692079718,49.530512777,telescope,upperpassive,0.0,2.03711,-0.20229,0.5453702972838889,0.0,0.0,0.838195227163984,False
1783095550692079718,49.530512777,base_link,mast,0.0,0.0,0.26881,0.0,0.0,0.7637955547653218,0.6454582484721489,False
1783095550692079718,49.530512777,mainboom,stick,0.0,3.04904,-0.00649,-0.5358263916889416,0.0,0.0,0.8443281814375314,False
1783095550692079718,49.530512777,stick,telescope,0.0,0.6137177557784156,0.1868767029865922,0.0,0.0,0.0,1.0,False
1783095550716194607,49.554627666,zed_0_camera_center,zed_0_left_camera_frame,-0.01,0.060116712003946304,0.0,0.0,0.0,0.0,1.0,False
1783095550716238951,49.55467201,zed_0_camera_center,zed_0_right_camera_frame,-0.01,-0.060116712003946304,0.0,0.0,0.0,0.0,1.0,False
1783095550742026280,49.580459339,upperpassive,lowerpassive,0.0,0.0,-0.154,0.0,-0.08367777281809446,0.0,0.9964928651707464,False
1783095550742026280,49.580459339,mast,mainboom,0.0,-0.0601374,1.09553,0.2410748612452629,0.0,0.0,0.970506523046382,False
1783095550742026280,49.580459339,lowerpassive,grapplecarrier,0.0,0.0,-0.261,0.0,0.0,-0.0654030740653877,0.997858926854291,False
1783095550742026280,49.580459339,grapplecarrier,grappletong1,-0.275000000000001,-0.0192847891741644,-0.202,0.0,0.0,0.0,1.0,False
1783095550742026280,49.580459339,grapplecarrier,grappletong2,0.275000000000001,-0.0192847891741644,-0.202,0.0,0.0,0.0,1.0,False
1783095550742026280,49.580459339,telescope,upperpassive,0.0,2.03711,-0.20229,0.5453702972838889,0.0,0.0,0.838195227163984,False
1783095550742026280,49.580459339,base_link,mast,0.0,0.0,0.26881,0.0,0.0,0.7637955547653218,0.6454582484721489,False
1783095550742026280,49.580459339,mainboom,stick,0.0,3.04904,-0.00649,-0.5365630022825257,0.0,0.0,0.8438602636583632,False
1783095550742026280,49.580459339,stick,telescope,0.0,0.6142166727615258,0.18684381159008492,0.0,0.0,0.0,1.0,False
1783095550785006150,49.623439209,zed_0_camera_center,zed_0_left_camera_frame,-0.01,0.060116712003946304,0.0,0.0,0.0,0.0,1.0,False
1783095550785054433,49.623487492,zed_0_camera_center,zed_0_right_camera_frame,-0.01,-0.060116712003946304,0.0,0.0,0.0,0.0,1.0,False
1783095550801583814,49.640016873,upperpassive,lowerpassive,0.0,0.0,-0.154,0.0,-0.08367777281809446,0.0,0.9964928651707464,False
1783095550801583814,49.640016873,mast,mainboom,0.0,-0.0601374,1.09553,0.2444610896438908,0.0,0.0,0.9696591028037234,False
1783095550801583814,49.640016873,lowerpassive,grapplecarrier,0.0,0.0,-0.261,0.0,0.0,-0.06714456447014865,0.9977432572872212,False
1783095550801583814,49.640016873,grapplecarrier,grappletong1,-0.275000000000001,-0.0192847891741644,-0.202,0.0,0.0,0.0,1.0,False
1783095550801583814,49.640016873,grapplecarrier,grappletong2,0.275000000000001,-0.0192847891741644,-0.202,0.0,0.0,0.0,1.0,False
1783095550801583814,49.640016873,telescope,upperpassive,0.0,2.03711,-0.20229,0.5453702972838889,0.0,0.0,0.838195227163984,False
1783095550801583814,49.640016873,base_link,mast,0.0,0.0,0.26881,0.0,0.0,0.7637955547653218,0.6454582484721489,False
1783095550801583814,49.640016873,mainboom,stick,0.0,3.04904,-0.00649,-0.5372992042607327,0.0,0.0,0.843391703243981,False
1783095550801583814,49.640016873,stick,telescope,0.0,0.6146158063480139,0.1868174984728791,0.0,0.0,0.0,1.0,False
1783095550851704517,49.690137576,upperpassive,lowerpassive,0.0,0.0,-0.154,0.0,-0.08367777281809446,0.0,0.9964928651707464,False
1783095550851704517,49.690137576,mast,mainboom,0.0,-0.0601374,1.09553,0.246153089416972,0.0,0.0,0.9692309614175975,False
1783095550851704517,49.690137576,lowerpassive,grapplecarrier,0.0,0.0,-0.261,0.0,0.0,-0.06801523330394363,0.997684282746105,False
1783095550851704517,49.690137576,grapplecarrier,grappletong1,-0.275000000000001,-0.0192847891741644,-0.202,0.0,0.0,0.0,1.0,False
1783095550851704517,49.690137576,grapplecarrier,grappletong2,0.275000000000001,-0.0192847891741644,-0.202,0.0,0.0,0.0,1.0,False
1783095550851704517,49.690137576,telescope,upperpassive,0.0,2.03711,-0.20229,0.5439065419685886,0.0,0.0,0.8391457999679031,False
1783095550851704517,49.690137576,base_link,mast,0.0,0.0,0.26881,0.0,0.0,0.7637955547653218,0.6454582484721489,False
1783095550851704517,49.690137576,mainboom,stick,0.0,3.04904,-0.00649,-0.5380349970629138,0.0,0.0,0.8429225005512134,False
1783095550851704517,49.690137576,stick,telescope,0.0,0.6149151565378801,0.18679776363497475,0.0,0.0,0.0,1.0,False
1783095550866466021,49.70489908,zed_0_camera_center,zed_0_left_camera_frame,-0.01,0.060116712003946304,0.0,0.0,0.0,0.0,1.0,False
1783095550866516128,49.704949187,zed_0_camera_center,zed_0_right_camera_frame,-0.01,-0.060116712003946304,0.0,0.0,0.0,0.0,1.0,False
1783095550902390450,49.740823509,upperpassive,lowerpassive,0.0,0.0,-0.154,0.0,-0.08367777281809446,0.0,0.9964928651707464,False
1783095550902390450,49.740823509,mast,mainboom,0.0,-0.0601374,1.09553,0.24868968154705792,0.0,0.0,0.968583213922285,False
1783095550902390450,49.740823509,lowerpassive,grapplecarrier,0.0,0.0,-0.261,0.0,0.0,-0.0697564149191078,0.9975640543732683,False
1783095550902390450,49.740823509,grapplecarrier,grappletong1,-0.275000000000001,-0.0192847891741644,-0.202,0.0,0.0,0.0,1.0,False
1783095550902390450,49.740823509,grapplecarrier,grappletong2,0.275000000000001,-0.0192847891741644,-0.202,0.0,0.0,0.0,1.0,False
1783095550902390450,49.740823509,telescope,upperpassive,0.0,2.03711,-0.20229,0.5409740653093158,0.0,0.0,0.8410392741499723,False
1783095550902390450,49.740823509,base_link,mast,0.0,0.0,0.26881,0.0,0.0,0.7637955547653218,0.6454582484721489,False
1783095550902390450,49.740823509,mainboom,stick,0.0,3.04904,-0.00649,-0.5387703801287316,0.0,0.0,0.842452655937378,False
1783095550902390450,49.740823509,stick,telescope,0.0,0.6153142901243683,0.18677145051776894,0.0,0.0,0.0,1.0,False
1783095550916877601,49.75531066,zed_0_camera_center,zed_0_left_camera_frame,-0.01,0.060116712003946304,0.0,0.0,0.0,0.0,1.0,False
1783095550916943497,49.755376556,zed_0_camera_center,zed_0_right_camera_frame,-0.01,-0.060116712003946304,0.0,0.0,0.0,0.0,1.0,False
1783095550961326726,49.799759785,upperpassive,lowerpassive,0.0,0.0,-0.154,0.0,-0.08367777281809446,0.0,0.9964928651707464,False
1783095550961326726,49.799759785,mast,mainboom,0.0,-0.0601374,1.09553,0.2520691499576278,0.0,0.0,0.9677092247362525,False
1783095550961326726,49.799759785,lowerpassive,grapplecarrier,0.0,0.0,-0.261,0.0,0.0,-0.0714973840444936,0.9974407872524536,False
1783095550961326726,49.799759785,grapplecarrier,grappletong1,-0.275000000000001,-0.0192847891741644,-0.202,0.0,0.0,0.0,1.0,False
1783095550961326726,49.799759785,grapplecarrier,grappletong2,0.275000000000001,-0.0192847891741644,-0.202,0.0,0.0,0.0,1.0,False
1783095550961326726,49.799759785,telescope,upperpassive,0.0,2.03711,-0.20229,0.5365630022825257,0.0,0.0,0.8438602636583632,False
1783095550961326726,49.799759785,base_link,mast,0.0,0.0,0.26881,0.0,0.0,0.7637955547653218,0.6454582484721489,False
1783095550961326726,49.799759785,mainboom,stick,0.0,3.04904,-0.00649,-0.5387703801287316,0.0,0.0,0.842452655937378,False
1783095550961326726,49.799759785,stick,telescope,0.0,0.6156136403142344,0.18675171567986457,0.0,0.0,0.0,1.0,False
1783095550996908007,49.835341066,zed_0_camera_center,zed_0_left_camera_frame,-0.01,0.060116712003946304,0.0,0.0,0.0,0.0,1.0,False
1783095550997009472,49.835442531,zed_0_camera_center,zed_0_right_camera_frame,-0.01,-0.060116712003946304,0.0,0.0,0.0,0.0,1.0,False
1783095551011592999,49.850026058,upperpassive,lowerpassive,0.0,0.0,-0.154,0.0,-0.08367777281809446,0.0,0.9964928651707464,False
1783095551011592999,49.850026058,mast,mainboom,0.0,-0.0601374,1.09553,0.25375773496836634,0.0,0.0,0.967267807767696,False
1783095551011592999,49.850026058,lowerpassive,grapplecarrier,0.0,0.0,-0.261,0.0,0.0,-0.07236778726621734,0.997378014278534,False
1783095551011592999,49.850026058,grapplecarrier,grappletong1,-0.275000000000001,-0.0192847891741644,-0.202,0.0,0.0,0.0,1.0,False
1783095551011592999,49.850026058,grapplecarrier,grappletong2,0.275000000000001,-0.0192847891741644,-0.202,0.0,0.0,0.0,1.0,False
1783095551011592999,49.850026058,telescope,upperpassive,0.0,2.03711,-0.20229,0.5365630022825257,0.0,0.0,0.8438602636583632,False
1783095551011592999,49.850026058,base_link,mast,0.0,0.0,0.26881,0.0,0.0,0.7637955547653218,0.6454582484721489,False
1783095551011592999,49.850026058,mainboom,stick,0.0,3.04904,-0.00649,-0.5395053528981608,0.0,0.0,0.8419821697602811,False
1783095551011592999,49.850026058,stick,telescope,0.0,0.6157134237108564,0.18674513740056312,0.0,0.0,0.0,1.0,False
1783095551072385505,49.910818564,upperpassive,lowerpassive,0.0,0.0,-0.154,0.0,-0.08106867902270393,0.0,0.9967085177129338,False
1783095551072385505,49.910818564,mast,mainboom,0.0,-0.0601374,1.09553,0.2562891615237769,0.0,0.0,0.9666001581240504,False
1783095551072385505,49.910818564,lowerpassive,grapplecarrier,0.0,0.0,-0.261,0.0,0.0,-0.0741084277134831,0.9972501897426922,False
1783095551072385505,49.910818564,grapplecarrier,grappletong1,-0.275000000000001,-0.0192847891741644,-0.202,0.0,0.0,0.0,1.0,False
1783095551072385505,49.910818564,grapplecarrier,grappletong2,0.275000000000001,-0.0192847891741644,-0.202,0.0,0.0,0.0,1.0,False
1783095551072385505,49.910818564,telescope,upperpassive,0.0,2.03711,-0.20229,0.5365630022825257,0.0,0.0,0.8438602636583632,False
1783095551072385505,49.910818564,base_link,mast,0.0,0.0,0.26881,0.0,0.0,0.7637955547653218,0.6454582484721489,False
1783095551072385505,49.910818564,mainboom,stick,0.0,3.04904,-0.00649,-0.5395053528981608,0.0,0.0,0.8419821697602811,False
1783095551072385505,49.910818564,stick,telescope,0.0,0.6159129905041005,0.18673198084196022,0.0,0.0,0.0,1.0,False
1783095551078946990,49.917380049,zed_0_camera_center,zed_0_left_camera_frame,-0.01,0.060116712003946304,0.0,0.0,0.0,0.0,1.0,False
1783095551079038565,49.917471624,zed_0_camera_center,zed_0_right_camera_frame,-0.01,-0.060116712003946304,0.0,0.0,0.0,0.0,1.0,False
1783095551113591777,49.952024836,zed_0_camera_center,zed_0_left_camera_frame,-0.01,0.060116712003946304,0.0,0.0,0.0,0.0,1.0,False
1783095551113629475,49.952062534,zed_0_camera_center,zed_0_right_camera_frame,-0.01,-0.060116712003946304,0.0,0.0,0.0,0.0,1.0,False
1783095551131337674,49.969770733,upperpassive,lowerpassive,0.0,0.0,-0.154,0.0,-0.07671896345246497,0.0,0.9970527572033385,False
1783095551131337674,49.969770733,mast,mainboom,0.0,-0.0601374,1.09553,0.25966166148511066,0.0,0.0,0.9656996539063227,False
1783095551131337674,49.969770733,lowerpassive,grapplecarrier,0.0,0.0,-0.261,0.0,0.0,-0.0749786636134539,0.9971851382781136,False
1783095551131337674,49.969770733,grapplecarrier,grappletong1,-0.275000000000001,-0.0192847891741644,-0.202,0.0,0.0,0.0,1.0,False
1783095551131337674,49.969770733,grapplecarrier,grappletong2,0.275000000000001,-0.0192847891741644,-0.202,0.0,0.0,0.0,1.0,False
1783095551131337674,49.969770733,telescope,upperpassive,0.0,2.03711,-0.20229,0.5313981786400117,0.0,0.0,0.8471221728523449,False
1783095551131337674,49.969770733,base_link,mast,0.0,0.0,0.26881,0.0,0.0,0.7637955547653218,0.6454582484721489,False
1783095551131337674,49.969770733,mainboom,stick,0.0,3.04904,-0.00649,-0.540239914811489,0.0,0.0,0.841511042378218,False
1783095551131337674,49.969770733,stick,telescope,0.0,0.6161125572973446,0.18671882428335732,0.0,0.0,0.0,1.0,False
1783095551181687325,50.020120384,upperpassive,lowerpassive,0.0,0.0,-0.154,0.0,-0.07584884241400715,0.0,0.9971193274149565,False
1783095551181687325,50.020120384,mast,mainboom,0.0,-0.0601374,1.09553,0.26218896239907813,0.0,0.0,0.9650165532238787,False
1783095551181687325,50.020120384,lowerpassive,grapplecarrier,0.0,0.0,-0.261,0.0,0.0,-0.07584884241400716,0.9971193274149565,False
1783095551181687325,50.020120384,grapplecarrier,grappletong1,-0.275000000000001,-0.0192847891741644,-0.202,0.0,0.0,0.0,1.0,False
1783095551181687325,50.020120384,grapplecarrier,grappletong2,0.275000000000001,-0.0192847891741644,-0.202,0.0,0.0,0.0,1.0,False
1783095551181687325,50.020120384,telescope,upperpassive,0.0,2.03711,-0.20229,0.5247285811297164,0.0,0.0,0.8512695907558279,False
1783095551181687325,50.020120384,base_link,mast,0.0,0.0,0.26881,0.0,0.0,0.7637955547653218,0.6454582484721489,False
1783095551181687325,50.020120384,mainboom,stick,0.0,3.04904,-0.00649,-0.5409740653093158,0.0,0.0,0.8410392741499723,False
1783095551181687325,50.020120384,stick,telescope,0.0,0.6162123406939666,0.18671224600405584,0.0,0.0,0.0,1.0,False
1783095551184726784,50.023159843,zed_0_camera_center,zed_0_left_camera_frame,-0.01,0.060116712003946304,0.0,0.0,0.0,0.0,1.0,False
1783095551184776478,50.023209537,zed_0_camera_center,zed_0_right_camera_frame,-0.01,-0.060116712003946304,0.0,0.0,0.0,0.0,1.0,False
1783095551231844960,50.070278019,upperpassive,lowerpassive,0.0,0.0,-0.154,0.0,-0.0749786636134539,0.0,0.9971851382781136,False
1783095551231844960,50.070278019,mast,mainboom,0.0,-0.0601374,1.09553,0.2647144663022904,0.0,0.0,0.9643268384372041,False
1783095551231844960,50.070278019,lowerpassive,grapplecarrier,0.0,0.0,-0.261,0.0,0.0,-0.07671896345246497,0.9970527572033385,False
1783095551231844960,50.070278019,grapplecarrier,grappletong1,-0.275000000000001,-0.0192847891741644,-0.202,0.0,0.0,0.0,1.0,False
1783095551231844960,50.070278019,grapplecarrier,grappletong2,0.275000000000001,-0.0192847891741644,-0.202,0.0,0.0,0.0,1.0,False
1783095551231844960,50.070278019,telescope,upperpassive,0.0,2.03711,-0.20229,0.5195187176067034,0.0,0.0,0.8544590698543063,False
1783095551231844960,50.070278019,base_link,mast,0.0,0.0,0.26881,0.0,0.0,0.7637955547653218,0.6454582484721489,False
1783095551231844960,50.070278019,mainboom,stick,0.0,3.04904,-0.00649,-0.5409740653093158,0.0,0.0,0.8410392741499723,False
1783095551231844960,50.070278019,stick,telescope,0.0,0.6162123406939666,0.18671224600405584,0.0,0.0,0.0,1.0,False
1783095551268723274,50.107156333,zed_0_camera_center,zed_0_left_camera_frame,-0.01,0.060116712003946304,0.0,0.0,0.0,0.0,1.0,False
1783095551268779405,50.107212464,zed_0_camera_center,zed_0_right_camera_frame,-0.01,-0.060116712003946304,0.0,0.0,0.0,0.0,1.0,False
1783095551281893321,50.12032638,upperpassive,lowerpassive,0.0,0.0,-0.154,0.0,-0.07236778726621736,0.0,0.997378014278534,False
1783095551281893321,50.12032638,mast,mainboom,0.0,-0.0601374,1.09553,0.26807897957399146,0.0,0.0,0.9633969382920871,False
1783095551281893321,50.12032638,lowerpassive,grapplecarrier,0.0,0.0,-0.261,0.0,0.0,-0.07758902606619346,0.9969854276939556,False
1783095551281893321,50.12032638,grapplecarrier,grappletong1,-0.275000000000001,-0.0192847891741644,-0.202,0.0,0.0,0.0,1.0,False
1783095551281893321,50.12032638,grapplecarrier,grappletong2,0.275000000000001,-0.0192847891741644,-0.202,0.0,0.0,0.0,1.0,False
1783095551281893321,50.12032638,telescope,upperpassive,0.0,2.03711,-0.20229,0.5120424748523063,0.0,0.0,0.8589601294280924,False
1783095551281893321,50.12032638,base_link,mast,0.0,0.0,0.26881,0.0,0.0,0.7637955547653218,0.6454582484721489,False
1783095551281893321,50.12032638,mainboom,stick,0.0,3.04904,-0.00649,-0.5409740653093158,0.0,0.0,0.8410392741499723,False
1783095551281893321,50.12032638,stick,telescope,0.0,0.6163121240905887,0.1867056677247544,0.0,0.0,0.0,1.0,False
1783095551328064311,50.16649737,zed_0_camera_center,zed_0_left_camera_frame,-0.01,0.060116712003946304,0.0,0.0,0.0,0.0,1.0,False
1783095551328170833,50.166603892,zed_0_camera_center,zed_0_right_camera_frame,-0.01,-0.060116712003946304,0.0,0.0,0.0,0.0,1.0,False
1783095551341678300,50.180111359,upperpassive,lowerpassive,0.0,0.0,-0.154,0.0,-0.0697564149191078,0.0,0.9975640543732683,False
1783095551341678300,50.180111359,mast,mainboom,0.0,-0.0601374,1.09553,0.27144022639344517,0.0,0.0,0.9624552994791368,False
1783095551341678300,50.180111359,lowerpassive,grapplecarrier,0.0,0.0,-0.261,0.0,0.0,-0.07758902606619346,0.9969854276939556,False
1783095551341678300,50.180111359,grapplecarrier,grappletong1,-0.275000000000001,-0.0192847891741644,-0.202,0.0,0.0,0.0,1.0,False
1783095551341678300,50.180111359,grapplecarrier,grappletong2,0.275000000000001,-0.0192847891741644,-0.202,0.0,0.0,0.0,1.0,False
1783095551341678300,50.180111359,telescope,upperpassive,0.0,2.03711,-0.20229,0.5037735918175947,0.0,0.0,0.8638357298625703,False
1783095551341678300,50.180111359,base_link,mast,0.0,0.0,0.26881,0.0,0.0,0.7637955547653218,0.6454582484721489,False
1783095551341678300,50.180111359,mainboom,stick,0.0,3.04904,-0.00649,-0.5417078038325551,0.0,0.0,0.8405668654348147,False
1783095551341678300,50.180111359,stick,telescope,0.0,0.6163121240905887,0.1867056677247544,0.0,0.0,0.0,1.0,False
1783095551400821179,50.239254238,zed_0_camera_center,zed_0_left_camera_frame,-0.01,0.060116712003946304,0.0,0.0,0.0,0.0,1.0,False
1783095551400866521,50.23929958,zed_0_camera_center,zed_0_right_camera_frame,-0.01,-0.060116712003946304,0.0,0.0,0.0,0.0,1.0,False
1783095551402185931,50.24061899,upperpassive,lowerpassive,0.0,0.0,-0.154,0.0,-0.06801523330394363,0.0,0.997684282746105,False
1783095551402185931,50.24061899,mast,mainboom,0.0,-0.0601374,1.09553,0.2739589932598468,0.0,0.0,0.961741373765344,False
1783095551402185931,50.24061899,lowerpassive,grapplecarrier,0.0,0.0,-0.261,0.0,0.0,-0.07845902959260323,0.9969173389380822,False
1783095551402185931,50.24061899,grapplecarrier,grappletong1,-0.275000000000001,-0.0192847891741644,-0.202,0.0,0.0,0.0,1.0,False
1783095551402185931,50.24061899,grapplecarrier,grappletong2,0.275000000000001,-0.0192847891741644,-0.202,0.0,0.0,0.0,1.0,False
1783095551402185931,50.24061899,telescope,upperpassive,0.0,2.03711,-0.20229,0.495458288108726,0.0,0.0,0.868631731370879,False
1783095551402185931,50.24061899,base_link,mast,0.0,0.0,0.26881,0.0,0.0,0.7637955547653218,0.6454582484721489,False
1783095551402185931,50.24061899,mainboom,stick,0.0,3.04904,-0.00649,-0.5417078038325551,0.0,0.0,0.8405668654348147,False
1783095551402185931,50.24061899,stick,telescope,0.0,0.6163121240905887,0.1867056677247544,0.0,0.0,0.0,1.0,False
1783095551461899467,50.300332526,upperpassive,lowerpassive,0.0,0.0,-0.154,0.0,-0.06801523330394363,0.0,0.997684282746105,False
1783095551461899467,50.300332526,mast,mainboom,0.0,-0.0601374,1.09553,0.27731442526252836,0.0,0.0,0.9607792199778853,False
1783095551461899467,50.300332526,lowerpassive,grapplecarrier,0.0,0.0,-0.261,0.0,0.0,-0.07845902959260323,0.9969173389380822,False
1783095551461899467,50.300332526,grapplecarrier,grappletong1,-0.275000000000001,-0.0192847891741644,-0.202,0.0,0.0,0.0,1.0,False
1783095551461899467,50.300332526,grapplecarrier,grappletong2,0.275000000000001,-0.0192847891741644,-0.202,0.0,0.0,0.0,1.0,False
1783095551461899467,50.300332526,telescope,upperpassive,0.0,2.03711,-0.20229,0.48709732994689636,0.0,0.0,0.8733476920211127,False
1783095551461899467,50.300332526,base_link,mast,0.0,0.0,0.26881,0.0,0.0,0.7637955547653218,0.6454582484721489,False
1783095551461899467,50.300332526,mainboom,stick,0.0,3.04904,-0.00649,-0.5424411298224335,0.0,0.0,0.8400938165925053,False
1783095551461899467,50.300332526,stick,telescope,0.0,0.6164119074872108,0.18669908944545294,0.0,0.0,0.0,1.0,False
1783095551474888052,50.313321111,zed_0_camera_center,zed_0_left_camera_frame,-0.01,0.060116712003946304,0.0,0.0,0.0,0.0,1.0,False
1783095551474921622,50.313354681,zed_0_camera_center,zed_0_right_camera_frame,-0.01,-0.060116712003946304,0.0,0.0,0.0,0.0,1.0,False
1783095551507380663,50.345813722,zed_0_camera_center,zed_0_left_camera_frame,-0.01,0.060116712003946304,0.0,0.0,0.0,0.0,1.0,False
1783095551507424274,50.345857333,zed_0_camera_center,zed_0_right_camera_frame,-0.01,-0.060116712003946304,0.0,0.0,0.0,0.0,1.0,False
1783095551511725938,50.350158997,upperpassive,lowerpassive,0.0,0.0,-0.154,0.0,-0.06801523330394363,0.0,0.997684282746105,False
1783095551511725938,50.350158997,mast,mainboom,0.0,-0.0601374,1.09553,0.27982878404125877,0.0,0.0,0.9600499214217927,False
1783095551511725938,50.350158997,lowerpassive,grapplecarrier,0.0,0.0,-0.261,0.0,0.0,-0.07845902959260323,0.9969173389380822,False
1783095551511725938,50.350158997,grapplecarrier,grappletong1,-0.275000000000001,-0.0192847891741644,-0.202,0.0,0.0,0.0,1.0,False
1783095551511725938,50.350158997,grapplecarrier,grappletong2,0.275000000000001,-0.0192847891741644,-0.202,0.0,0.0,0.0,1.0,False
1783095551511725938,50.350158997,telescope,upperpassive,0.0,2.03711,-0.20229,0.48098839732987975,0.0,0.0,0.8767269595683902,False
1783095551511725938,50.350158997,base_link,mast,0.0,0.0,0.26881,0.0,0.0,0.7637955547653218,0.6454582484721489,False
1783095551511725938,50.350158997,mainboom,stick,0.0,3.04904,-0.00649,-0.5424411298224335,0.0,0.0,0.8400938165925053,False
1783095551511725938,50.350158997,stick,telescope,0.0,0.6164119074872108,0.18669908944545294,0.0,0.0,0.0,1.0,False
1783095551561770641,50.4002037,upperpassive,lowerpassive,0.0,0.0,-0.154,0.0,-0.06801523330394363,0.0,0.997684282746105,False
1783095551561770641,50.4002037,mast,mainboom,0.0,-0.0601374,1.09553,0.28317827601769696,0.0,0.0,0.9590672885630315,False
1783095551561770641,50.4002037,lowerpassive,grapplecarrier,0.0,0.0,-0.261,0.0,0.0,-0.07845902959260323,0.9969173389380822,False
1783095551561770641,50.4002037,grapplecarrier,grappletong1,-0.275000000000001,-0.0192847891741644,-0.202,0.0,0.0,0.0,1.0,False
1783095551561770641,50.4002037,grapplecarrier,grappletong2,0.275000000000001,-0.0192847891741644,-0.202,0.0,0.0,0.0,1.0,False
1783095551561770641,50.4002037,telescope,upperpassive,0.0,2.03711,-0.20229,0.47255039848555075,0.0,0.0,0.8813036485180049,False
1783095551561770641,50.4002037,base_link,mast,0.0,0.0,0.26881,0.0,0.0,0.7637955547653218,0.6454582484721489,False
1783095551561770641,50.4002037,mainboom,stick,0.0,3.04904,-0.00649,-0.5424411298224335,0.0,0.0,0.8400938165925053,False
1783095551561770641,50.4002037,stick,telescope,0.0,0.6164119074872108,0.18669908944545294,0.0,0.0,0.0,1.0,False
1783095551621605443,50.460038502,upperpassive,lowerpassive,0.0,0.0,-0.154,0.0,-0.06801523330394363,0.0,0.997684282746105,False
1783095551621605443,50.460038502,mast,mainboom,0.0,-0.0601374,1.09553,0.2865243175620364,0.0,0.0,0.9580729697917636,False
1783095551621605443,50.460038502,lowerpassive,grapplecarrier,0.0,0.0,-0.261,0.0,0.0,-0.07845902959260323,0.9969173389380822,False
1783095551621605443,50.460038502,grapplecarrier,grappletong1,-0.275000000000001,-0.0192847891741644,-0.202,0.0,0.0,0.0,1.0,False
1783095551621605443,50.460038502,grapplecarrier,grappletong2,0.275000000000001,-0.0192847891741644,-0.202,0.0,0.0,0.0,1.0,False
1783095551621605443,50.460038502,telescope,upperpassive,0.0,2.03711,-0.20229,0.4656141582809724,0.0,0.0,0.8849878279435834,False
1783095551621605443,50.460038502,base_link,mast,0.0,0.0,0.26881,0.0,0.0,0.7637955547653218,0.6454582484721489,False
1783095551621605443,50.460038502,mainboom,stick,0.0,3.04904,-0.00649,-0.5424411298224335,0.0,0.0,0.8400938165925053,False
1783095551621605443,50.460038502,stick,telescope,0.0,0.6164119074872108,0.18669908944545294,0.0,0.0,0.0,1.0,False
1783095551631842153,50.470275212,zed_0_camera_center,zed_0_left_camera_frame,-0.01,0.060116712003946304,0.0,0.0,0.0,0.0,1.0,False
1783095551631880819,50.470313878,zed_0_camera_center,zed_0_right_camera_frame,-0.01,-0.060116712003946304,0.0,0.0,0.0,0.0,1.0,False
1783095551649068191,50.48750125,zed_0_camera_center,zed_0_left_camera_frame,-0.01,0.060116712003946304,0.0,0.0,0.0,0.0,1.0,False
1783095551649181945,50.487615004,zed_0_camera_center,zed_0_right_camera_frame,-0.01,-0.060116712003946304,0.0,0.0,0.0,0.0,1.0,False
1783095551671713650,50.510146709,upperpassive,lowerpassive,0.0,0.0,-0.154,0.0,-0.06801523330394363,0.0,0.997684282746105,False
1783095551671713650,50.510146709,mast,mainboom,0.0,-0.0601374,1.09553,0.2890315598466929,0.0,0.0,0.9573195691160751,False
1783095551671713650,50.510146709,lowerpassive,grapplecarrier,0.0,0.0,-0.261,0.0,0.0,-0.07845902959260323,0.9969173389380822,False
1783095551671713650,50.510146709,grapplecarrier,grappletong1,-0.275000000000001,-0.0192847891741644,-0.202,0.0,0.0,0.0,1.0,False
1783095551671713650,50.510146709,grapplecarrier,grappletong2,0.275000000000001,-0.0192847891741644,-0.202,0.0,0.0,0.0,1.0,False
1783095551671713650,50.510146709,telescope,upperpassive,0.0,2.03711,-0.20229,0.4601994261638089,0.0,0.0,0.8878155710272831,False
1783095551671713650,50.510146709,base_link,mast,0.0,0.0,0.26881,0.0,0.0,0.7637955547653218,0.6454582484721489,False
1783095551671713650,50.510146709,mainboom,stick,0.0,3.04904,-0.00649,-0.5431740427204927,0.0,0.0,0.83962012798329,False
1783095551671713650,50.510146709,stick,telescope,0.0,0.6164119074872108,0.18669908944545294,0.0,0.0,0.0,1.0,False
1783095551722054641,50.5604877,upperpassive,lowerpassive,0.0,0.0,-0.154,0.0,-0.06801523330394363,0.0,0.997684282746105,False
1783095551722054641,50.5604877,mast,mainboom,0.0,-0.0601374,1.09553,0.29237146505667655,0.0,0.0,0.9563048292362706,False
1783095551722054641,50.5604877,lowerpassive,grapplecarrier,0.0,0.0,-0.261,0.0,0.0,-0.07758902606619346,0.9969854276939556,False
1783095551722054641,50.5604877,grapplecarrier,grappletong1,-0.275000000000001,-0.0192847891741644,-0.202,0.0,0.0,0.0,1.0,False
1783095551722054641,50.5604877,grapplecarrier,grappletong2,0.275000000000001,-0.0192847891741644,-0.202,0.0,0.0,0.0,1.0,False
1783095551722054641,50.5604877,telescope,upperpassive,0.0,2.03711,-0.20229,0.45399014508463814,0.0,0.0,0.8910067048939807,False
1783095551722054641,50.5604877,base_link,mast,0.0,0.0,0.26881,0.0,0.0,0.7637955547653218,0.6454582484721489,False
1783095551722054641,50.5604877,mainboom,stick,0.0,3.04904,-0.00649,-0.5431740427204927,0.0,0.0,0.83962012798329,False
1783095551722054641,50.5604877,stick,telescope,0.0,0.6164119074872108,0.18669908944545294,0.0,0.0,0.0,1.0,False
1783095551730828437,50.569261496,zed_0_camera_center,zed_0_left_camera_frame,-0.01,0.060116712003946304,0.0,0.0,0.0,0.0,1.0,False
1783095551730869678,50.569302737,zed_0_camera_center,zed_0_right_camera_frame,-0.01,-0.060116712003946304,0.0,0.0,0.0,0.0,1.0,False
1783095551781816242,50.620249301,upperpassive,lowerpassive,0.0,0.0,-0.154,0.0,-0.06801523330394363,0.0,0.997684282746105,False
1783095551781816242,50.620249301,mast,mainboom,0.0,-0.0601374,1.09553,0.2957078078186435,0.0,0.0,0.9552784371035975,False
1783095551781816242,50.620249301,lowerpassive,grapplecarrier,0.0,0.0,-0.261,0.0,0.0,-0.07758902606619346,0.9969854276939556,False
1783095551781816242,50.620249301,grapplecarrier,grappletong1,-0.275000000000001,-0.0192847891741644,-0.202,0.0,0.0,0.0,1.0,False
1783095551781816242,50.620249301,grapplecarrier,grappletong2,0.275000000000001,-0.0192847891741644,-0.202,0.0,0.0,0.0,1.0,False
1783095551781816242,50.620249301,telescope,upperpassive,0.0,2.03711,-0.20229,0.4469782705422942,0.0,0.0,0.8945448147873978,False
1783095551781816242,50.620249301,base_link,mast,0.0,0.0,0.26881,0.0,0.0,0.7637955547653218,0.6454582484721489,False
1783095551781816242,50.620249301,mainboom,stick,0.0,3.04904,-0.00649,-0.5431740427204927,0.0,0.0,0.83962012798329,False
1783095551781816242,50.620249301,stick,telescope,0.0,0.6164119074872108,0.18669908944545294,0.0,0.0,0.0,1.0,False
1783095551788600567,50.627033626,zed_0_camera_center,zed_0_left_camera_frame,-0.01,0.060116712003946304,0.0,0.0,0.0,0.0,1.0,False
1783095551790547047,50.628980106,zed_0_camera_center,zed_0_right_camera_frame,-0.01,-0.060116712003946304,0.0,0.0,0.0,0.0,1.0,False
1783095551841382288,50.679815347,upperpassive,lowerpassive,0.0,0.0,-0.154,0.0,-0.06801523330394363,0.0,0.997684282746105,False
1783095551841382288,50.679815347,mast,mainboom,0.0,-0.0601374,1.09553,0.29904054748037856,0.0,0.0,0.9542404052242994,False
1783095551841382288,50.679815347,lowerpassive,grapplecarrier,0.0,0.0,-0.261,0.0,0.0,-0.07758902606619346,0.9969854276939556,False
1783095551841382288,50.679815347,grapplecarrier,grappletong1,-0.275000000000001,-0.0192847891741644,-0.202,0.0,0.0,0.0,1.0,False
1783095551841382288,50.679815347,grapplecarrier,grappletong2,0.275000000000001,-0.0192847891741644,-0.202,0.0,0.0,0.0,1.0,False
1783095551841382288,50.679815347,telescope,upperpassive,0.0,2.03711,-0.20229,0.44150550623038964,0.0,0.0,0.8972585402035733,False
1783095551841382288,50.679815347,base_link,mast,0.0,0.0,0.26881,0.0,0.0,0.7637955547653218,0.6454582484721489,False
1783095551841382288,50.679815347,mainboom,stick,0.0,3.04904,-0.00649,-0.5431740427204927,0.0,0.0,0.83962012798329,False
1783095551841382288,50.679815347,stick,telescope,0.0,0.6164119074872108,0.18669908944545294,0.0,0.0,0.0,1.0,False
1783095551891440190,50.729873249,upperpassive,lowerpassive,0.0,0.0,-0.154,0.0,-0.06801523330394363,0.0,0.997684282746105,False
1783095551891440190,50.729873249,mast,mainboom,0.0,-0.0601374,1.09553,0.300705553456833,0.0,0.0,0.953717028326652,False
1783095551891440190,50.729873249,lowerpassive,grapplecarrier,0.0,0.0,-0.261,0.0,0.0,-0.07758902606619346,0.9969854276939556,False
1783095551891440190,50.729873249,grapplecarrier,grappletong1,-0.275000000000001,-0.0192847891741644,-0.202,0.0,0.0,0.0,1.0,False
1783095551891440190,50.729873249,grapplecarrier,grappletong2,0.275000000000001,-0.0192847891741644,-0.202,0.0,0.0,0.0,1.0,False
1783095551891440190,50.729873249,telescope,upperpassive,0.0,2.03711,-0.20229,0.4383708022846097,0.0,0.0,0.8987942143251411,False
1783095551891440190,50.729873249,base_link,mast,0.0,0.0,0.26881,0.0,0.0,0.7637955547653218,0.6454582484721489,False
1783095551891440190,50.729873249,mainboom,stick,0.0,3.04904,-0.00649,-0.5439065419685886,0.0,0.0,0.8391457999679031,False
1783095551891440190,50.729873249,stick,telescope,0.0,0.6164119074872108,0.18669908944545294,0.0,0.0,0.0,1.0,False
1783095551901409000,50.739842059,zed_0_camera_center,zed_0_left_camera_frame,-0.01,0.060116712003946304,0.0,0.0,0.0,0.0,1.0,False
1783095551901468693,50.739901752,zed_0_camera_center,zed_0_right_camera_frame,-0.01,-0.060116712003946304,0.0,0.0,0.0,0.0,1.0,False
1783095551929814298,50.768247357,zed_0_camera_center,zed_0_left_camera_frame,-0.01,0.060116712003946304,0.0,0.0,0.0,0.0,1.0,False
1783095551929958252,50.768391311,zed_0_camera_center,zed_0_right_camera_frame,-0.01,-0.060116712003946304,0.0,0.0,0.0,0.0,1.0,False
1783095551942182004,50.780615063,upperpassive,lowerpassive,0.0,0.0,-0.154,0.0,-0.06801523330394363,0.0,0.997684282746105,False
1783095551942182004,50.780615063,mast,mainboom,0.0,-0.0601374,1.09553,0.3048640498113171,0.0,0.0,0.952395879418135,False
1783095551942182004,50.780615063,lowerpassive,grapplecarrier,0.0,0.0,-0.261,0.0,0.0,-0.07758902606619346,0.9969854276939556,False
1783095551942182004,50.780615063,grapplecarrier,grappletong1,-0.275000000000001,-0.0192847891741644,-0.202,0.0,0.0,0.0,1.0,False
1783095551942182004,50.780615063,grapplecarrier,grappletong2,0.275000000000001,-0.0192847891741644,-0.202,0.0,0.0,0.0,1.0,False
1783095551942182004,50.780615063,telescope,upperpassive,0.0,2.03711,-0.20229,0.4344449154896407,0.0,0.0,0.9006984042426183,False
1783095551942182004,50.780615063,base_link,mast,0.0,0.0,0.26881,0.0,0.0,0.7637955547653218,0.6454582484721489,False
1783095551942182004,50.780615063,mainboom,stick,0.0,3.04904,-0.00649,-0.5439065419685886,0.0,0.0,0.8391457999679031,False
1783095551942182004,50.780615063,stick,telescope,0.0,0.6164119074872108,0.18669908944545294,0.0,0.0,0.0,1.0,False
1783095551992167117,50.830600176,zed_0_camera_center,zed_0_left_camera_frame,-0.01,0.060116712003946304,0.0,0.0,0.0,0.0,1.0,False
1783095551992207230,50.830640289,zed_0_camera_center,zed_0_right_camera_frame,-0.01,-0.060116712003946304,0.0,0.0,0.0,0.0,1.0,False
1783095552001773280,50.840206339,upperpassive,lowerpassive,0.0,0.0,-0.154,0.0,-0.06801523330394363,0.0,0.997684282746105,False
1783095552001773280,50.840206339,mast,mainboom,0.0,-0.0601374,1.09553,0.3073563666885329,0.0,0.0,0.9515944849861332,False
1783095552001773280,50.840206339,lowerpassive,grapplecarrier,0.0,0.0,-0.261,0.0,0.0,-0.07758902606619346,0.9969854276939556,False
1783095552001773280,50.840206339,grapplecarrier,grappletong1,-0.275000000000001,-0.0192847891741644,-0.202,0.0,0.0,0.0,1.0,False
1783095552001773280,50.840206339,grapplecarrier,grappletong2,0.275000000000001,-0.0192847891741644,-0.202,0.0,0.0,0.0,1.0,False
1783095552001773280,50.840206339,telescope,upperpassive,0.0,2.03711,-0.20229,0.43129824720318916,0.0,0.0,0.9022094113671486,False
1783095552001773280,50.840206339,base_link,mast,0.0,0.0,0.26881,0.0,0.0,0.7637955547653218,0.6454582484721489,False
1783095552001773280,50.840206339,mainboom,stick,0.0,3.04904,-0.00649,-0.5439065419685886,0.0,0.0,0.8391457999679031,False
1783095552001773280,50.840206339,stick,telescope,0.0,0.6164119074872108,0.18669908944545294,0.0,0.0,0.0,1.0,False
1783095552052680026,50.891113085,zed_0_camera_center,zed_0_left_camera_frame,-0.01,0.060116712003946304,0.0,0.0,0.0,0.0,1.0,False
1783095552052698330,50.891131389,zed_0_camera_center,zed_0_right_camera_frame,-0.01,-0.060116712003946304,0.0,0.0,0.0,0.0,1.0,False
1783095552061467057,50.899900116,upperpassive,lowerpassive,0.0,0.0,-0.154,0.0,-0.0697564149191078,0.0,0.9975640543732683,False
1783095552061467057,50.899900116,mast,mainboom,0.0,-0.0601374,1.09553,0.3106761760015703,0.0,0.0,0.9505158145265344,False
1783095552061467057,50.899900116,lowerpassive,grapplecarrier,0.0,0.0,-0.261,0.0,0.0,-0.07758902606619346,0.9969854276939556,False
1783095552061467057,50.899900116,grapplecarrier,grappletong1,-0.275000000000001,-0.0192847891741644,-0.202,0.0,0.0,0.0,1.0,False
1783095552061467057,50.899900116,grapplecarrier,grappletong2,0.275000000000001,-0.0192847891741644,-0.202,0.0,0.0,0.0,1.0,False
1783095552061467057,50.899900116,telescope,upperpassive,0.0,2.03711,-0.20229,0.42972293995208016,0.0,0.0,0.9029607936554835,False
1783095552061467057,50.899900116,base_link,mast,0.0,0.0,0.26881,0.0,0.0,0.7637955547653218,0.6454582484721489,False
1783095552061467057,50.899900116,mainboom,stick,0.0,3.04904,-0.00649,-0.5446386270088918,0.0,0.0,0.8386708329075654,False
1783095552061467057,50.899900116,stick,telescope,0.0,0.6164119074872108,0.18669908944545294,0.0,0.0,0.0,1.0,False
1783095552111559804,50.949992863,upperpassive,lowerpassive,0.0,0.0,-0.154,0.0,-0.0714973840444936,0.0,0.9974407872524536,False
1783095552111559804,50.949992863,mast,mainboom,0.0,-0.0601374,1.09553,0.3123346636276783,0.0,0.0,0.949972135326392,False
1783095552111559804,50.949992863,lowerpassive,grapplecarrier,0.0,0.0,-0.261,0.0,0.0,-0.07758902606619346,0.9969854276939556,False
1783095552111559804,50.949992863,grapplecarrier,grappletong1,-0.275000000000001,-0.0192847891741644,-0.202,0.0,0.0,0.0,1.0,False
1783095552111559804,50.949992863,grapplecarrier,grappletong2,0.275000000000001,-0.0192847891741644,-0.202,0.0,0.0,0.0,1.0,False
1783095552111559804,50.949992863,telescope,upperpassive,0.0,2.03711,-0.20229,0.42893479514830823,0.0,0.0,0.9033354534784289,False
1783095552111559804,50.949992863,base_link,mast,0.0,0.0,0.26881,0.0,0.0,0.7637955547653218,0.6454582484721489,False
1783095552111559804,50.949992863,mainboom,stick,0.0,3.04904,-0.00649,-0.5446386270088918,0.0,0.0,0.8386708329075654,False
1783095552111559804,50.949992863,stick,telescope,0.0,0.6164119074872108,0.18669908944545294,0.0,0.0,0.0,1.0,False
1783095552115107147,50.953540206,zed_0_camera_center,zed_0_left_camera_frame,-0.01,0.060116712003946304,0.0,0.0,0.0,0.0,1.0,False
1783095552115148501,50.95358156,zed_0_camera_center,zed_0_right_camera_frame,-0.01,-0.060116712003946304,0.0,0.0,0.0,0.0,1.0,False
1783095552162172768,51.000605827,upperpassive,lowerpassive,0.0,0.0,-0.154,0.0,-0.07410842771348308,0.0,0.9972501897426922,False
1783095552162172768,51.000605827,mast,mainboom,0.0,-0.0601374,1.09553,0.315648779558926,0.0,0.0,0.9488760972661081,False
1783095552162172768,51.000605827,lowerpassive,grapplecarrier,0.0,0.0,-0.261,0.0,0.0,-0.07758902606619346,0.9969854276939556,False
1783095552162172768,51.000605827,grapplecarrier,grappletong1,-0.275000000000001,-0.0192847891741644,-0.202,0.0,0.0,0.0,1.0,False
1783095552162172768,51.000605827,grapplecarrier,grappletong2,0.275000000000001,-0.0192847891741644,-0.202,0.0,0.0,0.0,1.0,False
1783095552162172768,51.000605827,telescope,upperpassive,0.0,2.03711,-0.20229,0.4281463236925826,0.0,0.0,0.9037094253732925,False
1783095552162172768,51.000605827,base_link,mast,0.0,0.0,0.26881,0.0,0.0,0.7637955547653218,0.6454582484721489,False
1783095552162172768,51.000605827,mainboom,stick,0.0,3.04904,-0.00649,-0.5446386270088918,0.0,0.0,0.8386708329075654,False
1783095552162172768,51.000605827,stick,telescope,0.0,0.6164119074872108,0.18669908944545294,0.0,0.0,0.0,1.0,False
1783095552177762139,51.016195198,zed_0_camera_center,zed_0_left_camera_frame,-0.01,0.060116712003946304,0.0,0.0,0.0,0.0,1.0,False
1783095552177811566,51.016244625,zed_0_camera_center,zed_0_right_camera_frame,-0.01,-0.060116712003946304,0.0,0.0,0.0,0.0,1.0,False
1783095552221826122,51.060259181,upperpassive,lowerpassive,0.0,0.0,-0.154,0.0,-0.07671896345246497,0.0,0.9970527572033385,False
1783095552221826122,51.060259181,mast,mainboom,0.0,-0.0601374,1.09553,0.3181318447277226,0.0,0.0,0.9480464805958283,False
1783095552221826122,51.060259181,lowerpassive,grapplecarrier,0.0,0.0,-0.261,0.0,0.0,-0.07758902606619346,0.9969854276939556,False
1783095552221826122,51.060259181,grapplecarrier,grappletong1,-0.275000000000001,-0.0192847891741644,-0.202,0.0,0.0,0.0,1.0,False
1783095552221826122,51.060259181,grapplecarrier,grappletong2,0.275000000000001,-0.0192847891741644,-0.202,0.0,0.0,0.0,1.0,False
1783095552221826122,51.060259181,telescope,upperpassive,0.0,2.03711,-0.20229,0.4281463236925826,0.0,0.0,0.9037094253732925,False
1783095552221826122,51.060259181,base_link,mast,0.0,0.0,0.26881,0.0,0.0,0.7637955547653218,0.6454582484721489,False
1783095552221826122,51.060259181,mainboom,stick,0.0,3.04904,-0.00649,-0.545370297283889,0.0,0.0,0.838195227163984,False
1783095552221826122,51.060259181,stick,telescope,0.0,0.6164119074872108,0.18669908944545294,0.0,0.0,0.0,1.0,False
1783095552250335545,51.088768604,zed_0_camera_center,zed_0_left_camera_frame,-0.01,0.060116712003946304,0.0,0.0,0.0,0.0,1.0,False
1783095552250388203,51.088821262,zed_0_camera_center,zed_0_right_camera_frame,-0.01,-0.060116712003946304,0.0,0.0,0.0,0.0,1.0,False
1783095552281501758,51.119934817,upperpassive,lowerpassive,0.0,0.0,-0.154,0.0,-0.07671896345246497,0.0,0.9970527572033385,False
1783095552281501758,51.119934817,mast,mainboom,0.0,-0.0601374,1.09553,0.319786011203306,0.0,0.0,0.947489792577566,False
1783095552281501758,51.119934817,lowerpassive,grapplecarrier,0.0,0.0,-0.261,0.0,0.0,-0.07758902606619346,0.9969854276939556,False
1783095552281501758,51.119934817,grapplecarrier,grappletong1,-0.275000000000001,-0.0192847891741644,-0.202,0.0,0.0,0.0,1.0,False
1783095552281501758,51.119934817,grapplecarrier,grappletong2,0.275000000000001,-0.0192847891741644,-0.202,0.0,0.0,0.0,1.0,False
1783095552281501758,51.119934817,telescope,upperpassive,0.0,2.03711,-0.20229,0.4281463236925826,0.0,0.0,0.9037094253732925,False
1783095552281501758,51.119934817,base_link,mast,0.0,0.0,0.26881,0.0,0.0,0.7637955547653218,0.6454582484721489,False
1783095552281501758,51.119934817,mainboom,stick,0.0,3.04904,-0.00649,-0.545370297283889,0.0,0.0,0.838195227163984,False
1783095552281501758,51.119934817,stick,telescope,0.0,0.6164119074872108,0.18669908944545294,0.0,0.0,0.0,1.0,False
1783095552312470402,51.150903461,zed_0_camera_center,zed_0_left_camera_frame,-0.01,0.060116712003946304,0.0,0.0,0.0,0.0,1.0,False
1783095552312520972,51.150954031,zed_0_camera_center,zed_0_right_camera_frame,-0.01,-0.060116712003946304,0.0,0.0,0.0,0.0,1.0,False
1783095552342010520,51.180443579,upperpassive,lowerpassive,0.0,0.0,-0.154,0.0,-0.07671896345246497,0.0,0.9970527572033385,False
1783095552342010520,51.180443579,mast,mainboom,0.0,-0.0601374,1.09553,0.32226543286408915,0.0,0.0,0.9466493494324714,False
1783095552342010520,51.180443579,lowerpassive,grapplecarrier,0.0,0.0,-0.261,0.0,0.0,-0.07758902606619346,0.9969854276939556,False
1783095552342010520,51.180443579,grapplecarrier,grappletong1,-0.275000000000001,-0.0192847891741644,-0.202,0.0,0.0,0.0,1.0,False
1783095552342010520,51.180443579,grapplecarrier,grappletong2,0.275000000000001,-0.0192847891741644,-0.202,0.0,0.0,0.0,1.0,False
1783095552342010520,51.180443579,telescope,upperpassive,0.0,2.03711,-0.20229,0.42972293995208016,0.0,0.0,0.9029607936554835,False
1783095552342010520,51.180443579,base_link,mast,0.0,0.0,0.26881,0.0,0.0,0.7637955547653218,0.6454582484721489,False
1783095552342010520,51.180443579,mainboom,stick,0.0,3.04904,-0.00649,-0.545370297283889,0.0,0.0,0.838195227163984,False
1783095552342010520,51.180443579,stick,telescope,0.0,0.6164119074872108,0.18669908944545294,0.0,0.0,0.0,1.0,False
1783095552400684398,51.239117457,zed_0_camera_center,zed_0_left_camera_frame,-0.01,0.060116712003946304,0.0,0.0,0.0,0.0,1.0,False
1783095552402050091,51.24048315,upperpassive,lowerpassive,0.0,0.0,-0.154,0.0,-0.07671896345246497,0.0,0.9970527572033385,False
1783095552402050091,51.24048315,mast,mainboom,0.0,-0.0601374,1.09553,0.32391715459327947,0.0,0.0,0.9460854490796238,False
1783095552402050091,51.24048315,lowerpassive,grapplecarrier,0.0,0.0,-0.261,0.0,0.0,-0.07758902606619346,0.9969854276939556,False
1783095552402050091,51.24048315,grapplecarrier,grappletong1,-0.275000000000001,-0.0192847891741644,-0.202,0.0,0.0,0.0,1.0,False
1783095552402050091,51.24048315,grapplecarrier,grappletong2,0.275000000000001,-0.0192847891741644,-0.202,0.0,0.0,0.0,1.0,False
1783095552402050091,51.24048315,telescope,upperpassive,0.0,2.03711,-0.20229,0.43287224064725893,0.0,0.0,0.901455280797124,False
1783095552402050091,51.24048315,base_link,mast,0.0,0.0,0.26881,0.0,0.0,0.7637955547653218,0.6454582484721489,False
1783095552402050091,51.24048315,mainboom,stick,0.0,3.04904,-0.00649,-0.5461015522363819,0.0,0.0,0.8377189830993531,False
1783095552402050091,51.24048315,stick,telescope,0.0,0.6164119074872108,0.18669908944545294,0.0,0.0,0.0,1.0,False
1783095552402209966,51.240643025,zed_0_camera_center,zed_0_right_camera_frame,-0.01,-0.060116712003946304,0.0,0.0,0.0,0.0,1.0,False
1783095552449302371,51.28773543,zed_0_camera_center,zed_0_left_camera_frame,-0.01,0.060116712003946304,0.0,0.0,0.0,0.0,1.0,False
1783095552449334548,51.287767607,zed_0_camera_center,zed_0_right_camera_frame,-0.01,-0.060116712003946304,0.0,0.0,0.0,0.0,1.0,False
1783095552461556653,51.299989712,upperpassive,lowerpassive,0.0,0.0,-0.154,0.0,-0.07758902606619347,0.0,0.9969854276939556,False
1783095552461556653,51.299989712,mast,mainboom,0.0,-0.0601374,1.09553,0.3255678896163084,0.0,0.0,0.9455186667912924,False
1783095552461556653,51.299989712,lowerpassive,grapplecarrier,0.0,0.0,-0.261,0.0,0.0,-0.07758902606619346,0.9969854276939556,False
1783095552461556653,51.299989712,grapplecarrier,grappletong1,-0.275000000000001,-0.0192847891741644,-0.202,0.0,0.0,0.0,1.0,False
1783095552461556653,51.299989712,grapplecarrier,grappletong2,0.275000000000001,-0.0192847891741644,-0.202,0.0,0.0,0.0,1.0,False
1783095552461556653,51.299989712,telescope,upperpassive,0.0,2.03711,-0.20229,0.436016266939702,0.0,0.0,0.8999387840092051,False
1783095552461556653,51.299989712,base_link,mast,0.0,0.0,0.26881,0.0,0.0,0.7637955547653218,0.6454582484721489,False
1783095552461556653,51.299989712,mainboom,stick,0.0,3.04904,-0.00649,-0.5461015522363819,0.0,0.0,0.8377189830993531,False
1783095552461556653,51.299989712,stick,telescope,0.0,0.6164119074872108,0.18669908944545294,0.0,0.0,0.0,1.0,False
1783095552511768953,51.350202012,upperpassive,lowerpassive,0.0,0.0,-0.154,0.0,-0.07758902606619347,0.0,0.9969854276939556,False
1783095552511768953,51.350202012,mast,mainboom,0.0,-0.0601374,1.09553,0.32639288554151435,0.0,0.0,0.9452341954605135,False
1783095552511768953,51.350202012,lowerpassive,grapplecarrier,0.0,0.0,-0.261,0.0,0.0,-0.07758902606619346,0.9969854276939556,False
1783095552511768953,51.350202012,grapplecarrier,grappletong1,-0.275000000000001,-0.0192847891741644,-0.202,0.0,0.0,0.0,1.0,False
1783095552511768953,51.350202012,grapplecarrier,grappletong2,0.275000000000001,-0.0192847891741644,-0.202,0.0,0.0,0.0,1.0,False
1783095552511768953,51.350202012,telescope,upperpassive,0.0,2.03711,-0.20229,0.4383708022846097,0.0,0.0,0.8987942143251411,False
1783095552511768953,51.350202012,base_link,mast,0.0,0.0,0.26881,0.0,0.0,0.7637955547653218,0.6454582484721489,False
1783095552511768953,51.350202012,mainboom,stick,0.0,3.04904,-0.00649,-0.5461015522363819,0.0,0.0,0.8377189830993531,False
1783095552511768953,51.350202012,stick,telescope,0.0,0.6164119074872108,0.18669908944545294,0.0,0.0,0.0,1.0,False
1783095552520038908,51.358471967,zed_0_camera_center,zed_0_left_camera_frame,-0.01,0.060116712003946304,0.0,0.0,0.0,0.0,1.0,False
1783095552520066909,51.358499968,zed_0_camera_center,zed_0_right_camera_frame,-0.01,-0.060116712003946304,0.0,0.0,0.0,0.0,1.0,False
1783095552572872404,51.411305463,upperpassive,lowerpassive,0.0,0.0,-0.154,0.0,-0.07758902606619347,0.0,0.9969854276939556,False
1783095552572872404,51.411305463,mast,mainboom,0.0,-0.0601374,1.09553,0.3272176329047595,0.0,0.0,0.9449490042939915,False
1783095552572872404,51.411305463,lowerpassive,grapplecarrier,0.0,0.0,-0.261,0.0,0.0,-0.07758902606619346,0.9969854276939556,False
1783095552572872404,51.411305463,grapplecarrier,grappletong1,-0.275000000000001,-0.0192847891741644,-0.202,0.0,0.0,0.0,1.0,False
1783095552572872404,51.411305463,grapplecarrier,grappletong2,0.275000000000001,-0.0192847891741644,-0.202,0.0,0.0,0.0,1.0,False
1783095552572872404,51.411305463,telescope,upperpassive,0.0,2.03711,-0.20229,0.4399388243213453,0.0,0.0,0.8980277450361723,False
1783095552572872404,51.411305463,base_link,mast,0.0,0.0,0.26881,0.0,0.0,0.7637955547653218,0.6454582484721489,False
1783095552572872404,51.411305463,mainboom,stick,0.0,3.04904,-0.00649,-0.5468323913094894,0.0,0.0,0.8372421010763527,False
1783095552572872404,51.411305463,stick,telescope,0.0,0.6164119074872108,0.18669908944545294,0.0,0.0,0.0,1.0,False
1783095552584713493,51.423146552,zed_0_camera_center,zed_0_left_camera_frame,-0.01,0.060116712003946304,0.0,0.0,0.0,0.0,1.0,False
1783095552584755827,51.423188886,zed_0_camera_center,zed_0_right_camera_frame,-0.01,-0.060116712003946304,0.0,0.0,0.0,0.0,1.0,False
1783095552631884735,51.470317794,upperpassive,lowerpassive,0.0,0.0,-0.154,0.0,-0.07758902606619347,0.0,0.9969854276939556,False
1783095552631884735,51.470317794,mast,mainboom,0.0,-0.0601374,1.09553,0.3288663794332371,0.0,0.0,0.9443764633230087,False
1783095552631884735,51.470317794,lowerpassive,grapplecarrier,0.0,0.0,-0.261,0.0,0.0,-0.07758902606619346,0.9969854276939556,False
1783095552631884735,51.470317794,grapplecarrier,grappletong1,-0.275000000000001,-0.0192847891741644,-0.202,0.0,0.0,0.0,1.0,False
1783095552631884735,51.470317794,grapplecarrier,grappletong2,0.275000000000001,-0.0192847891741644,-0.202,0.0,0.0,0.0,1.0,False
1783095552631884735,51.470317794,telescope,upperpassive,0.0,2.03711,-0.20229,0.44072233309019815,0.0,0.0,0.8976434844165764,False
1783095552631884735,51.470317794,base_link,mast,0.0,0.0,0.26881,0.0,0.0,0.7637955547653218,0.6454582484721489,False
1783095552631884735,51.470317794,mainboom,stick,0.0,3.04904,-0.00649,-0.5468323913094894,0.0,0.0,0.8372421010763527,False
1783095552631884735,51.470317794,stick,telescope,0.0,0.6164119074872108,0.18669908944545294,0.0,0.0,0.0,1.0,False
1783095552648395355,51.486828414,zed_0_camera_center,zed_0_left_camera_frame,-0.01,0.060116712003946304,0.0,0.0,0.0,0.0,1.0,False
1783095552648438635,51.486871694,zed_0_camera_center,zed_0_right_camera_frame,-0.01,-0.060116712003946304,0.0,0.0,0.0,0.0,1.0,False
1783095552691980062,51.530413121,upperpassive,lowerpassive,0.0,0.0,-0.154,0.0,-0.07758902606619347,0.0,0.9969854276939556,False
1783095552691980062,51.530413121,mast,mainboom,0.0,-0.0601374,1.09553,0.32969037734287937,0.0,0.0,0.9440891139545619,False
1783095552691980062,51.530413121,lowerpassive,grapplecarrier,0.0,0.0,-0.261,0.0,0.0,-0.07758902606619346,0.9969854276939556,False
1783095552691980062,51.530413121,grapplecarrier,grappletong1,-0.275000000000001,-0.0192847891741644,-0.202,0.0,0.0,0.0,1.0,False
1783095552691980062,51.530413121,grapplecarrier,grappletong2,0.275000000000001,-0.0192847891741644,-0.202,0.0,0.0,0.0,1.0,False
1783095552691980062,51.530413121,telescope,upperpassive,0.0,2.03711,-0.20229,0.44150550623038964,0.0,0.0,0.8972585402035733,False
1783095552691980062,51.530413121,base_link,mast,0.0,0.0,0.26881,0.0,0.0,0.7637955547653218,0.6454582484721489,False
1783095552691980062,51.530413121,mainboom,stick,0.0,3.04904,-0.00649,-0.5468323913094894,0.0,0.0,0.8372421010763527,False
1783095552691980062,51.530413121,stick,telescope,0.0,0.6164119074872108,0.18669908944545294,0.0,0.0,0.0,1.0,False
1783095552722791048,51.561224107,zed_0_camera_center,zed_0_left_camera_frame,-0.01,0.060116712003946304,0.0,0.0,0.0,0.0,1.0,False
1783095552722820520,51.561253579,zed_0_camera_center,zed_0_right_camera_frame,-0.01,-0.060116712003946304,0.0,0.0,0.0,0.0,1.0,False
1783095552751591958,51.590025017,upperpassive,lowerpassive,0.0,0.0,-0.154,0.0,-0.07758902606619347,0.0,0.9969854276939556,False
1783095552751591958,51.590025017,mast,mainboom,0.0,-0.0601374,1.09553,0.33051412417938164,0.0,0.0,0.9438010456224004,False
1783095552751591958,51.590025017,lowerpassive,grapplecarrier,0.0,0.0,-0.261,0.0,0.0,-0.07758902606619346,0.9969854276939556,False
1783095552751591958,51.590025017,grapplecarrier,grappletong1,-0.275000000000001,-0.0192847891741644,-0.202,0.0,0.0,0.0,1.0,False
1783095552751591958,51.590025017,grapplecarrier,grappletong2,0.275000000000001,-0.0192847891741644,-0.202,0.0,0.0,0.0,1.0,False
1783095552751591958,51.590025017,telescope,upperpassive,0.0,2.03711,-0.20229,0.44463483057999476,0.0,0.0,0.8957119332883198,False
1783095552751591958,51.590025017,base_link,mast,0.0,0.0,0.26881,0.0,0.0,0.7637955547653218,0.6454582484721489,False
1783095552751591958,51.590025017,mainboom,stick,0.0,3.04904,-0.00649,-0.5468323913094894,0.0,0.0,0.8372421010763527,False
1783095552751591958,51.590025017,stick,telescope,0.0,0.6164119074872108,0.18669908944545294,0.0,0.0,0.0,1.0,False
1783095552782078508,51.620511567,zed_0_camera_center,zed_0_left_camera_frame,-0.01,0.060116712003946304,0.0,0.0,0.0,0.0,1.0,False
1783095552782116249,51.620549308,zed_0_camera_center,zed_0_right_camera_frame,-0.01,-0.060116712003946304,0.0,0.0,0.0,0.0,1.0,False
1783095552811820939,51.650253998,upperpassive,lowerpassive,0.0,0.0,-0.154,0.0,-0.07758902606619347,0.0,0.9969854276939556,False
1783095552811820939,51.650253998,mast,mainboom,0.0,-0.0601374,1.09553,0.3313376193154257,0.0,0.0,0.9435122585459005,False
1783095552811820939,51.650253998,lowerpassive,grapplecarrier,0.0,0.0,-0.261,0.0,0.0,-0.07758902606619346,0.9969854276939556,False
1783095552811820939,51.650253998,grapplecarrier,grappletong1,-0.275000000000001,-0.0192847891741644,-0.202,0.0,0.0,0.0,1.0,False
1783095552811820939,51.650253998,grapplecarrier,grappletong2,0.275000000000001,-0.0192847891741644,-0.202,0.0,0.0,0.0,1.0,False
1783095552811820939,51.650253998,telescope,upperpassive,0.0,2.03711,-0.20229,0.4469782705422942,0.0,0.0,0.8945448147873978,False
1783095552811820939,51.650253998,base_link,mast,0.0,0.0,0.26881,0.0,0.0,0.7637955547653218,0.6454582484721489,False
1783095552811820939,51.650253998,mainboom,stick,0.0,3.04904,-0.00649,-0.5468323913094894,0.0,0.0,0.8372421010763527,False
1783095552811820939,51.650253998,stick,telescope,0.0,0.6165116908838327,0.1866925111661515,0.0,0.0,0.0,1.0,False
1783095552865484246,51.703917305,zed_0_camera_center,zed_0_left_camera_frame,-0.01,0.060116712003946304,0.0,0.0,0.0,0.0,1.0,False
1783095552865557307,51.703990366,zed_0_camera_center,zed_0_right_camera_frame,-0.01,-0.060116712003946304,0.0,0.0,0.0,0.0,1.0,False
1783095552872263403,51.710696462,upperpassive,lowerpassive,0.0,0.0,-0.154,0.0,-0.07758902606619347,0.0,0.9969854276939556,False
1783095552872263403,51.710696462,mast,mainboom,0.0,-0.0601374,1.09553,0.3321608621238855,0.0,0.0,0.9432227529449856,False
1783095552872263403,51.710696462,lowerpassive,grapplecarrier,0.0,0.0,-0.261,0.0,0.0,-0.07758902606619346,0.9969854276939556,False
1783095552872263403,51.710696462,grapplecarrier,grappletong1,-0.275000000000001,-0.0192847891741644,-0.202,0.0,0.0,0.0,1.0,False
1783095552872263403,51.710696462,grapplecarrier,grappletong2,0.275000000000001,-0.0192847891741644,-0.202,0.0,0.0,0.0,1.0,False
1783095552872263403,51.710696462,telescope,upperpassive,0.0,2.03711,-0.20229,0.44931864697075075,0.0,0.0,0.8933715651868341,False
1783095552872263403,51.710696462,base_link,mast,0.0,0.0,0.26881,0.0,0.0,0.7637955547653218,0.6454582484721489,False
1783095552872263403,51.710696462,mainboom,stick,0.0,3.04904,-0.00649,-0.5468323913094894,0.0,0.0,0.8372421010763527,False
1783095552872263403,51.710696462,stick,telescope,0.0,0.6166114742804548,0.18668593288685004,0.0,0.0,0.0,1.0,False
1783095552931866986,51.770300045,upperpassive,lowerpassive,0.0,0.0,-0.154,0.0,-0.07845902959260323,0.0,0.9969173389380822,False
1783095552931866986,51.770300045,mast,mainboom,0.0,-0.0601374,1.09553,0.3329838519778267,0.0,0.0,0.9429325290401264,False
1783095552931866986,51.770300045,lowerpassive,grapplecarrier,0.0,0.0,-0.261,0.0,0.0,-0.07758902606619346,0.9969854276939556,False
1783095552931866986,51.770300045,grapplecarrier,grappletong1,-0.275000000000001,-0.0192847891741644,-0.202,0.0,0.0,0.0,1.0,False
1783095552931866986,51.770300045,grapplecarrier,grappletong2,0.275000000000001,-0.0192847891741644,-0.202,0.0,0.0,0.0,1.0,False
1783095552931866986,51.770300045,telescope,upperpassive,0.0,2.03711,-0.20229,0.45087718803763255,0.0,0.0,0.8925859965892795,False
1783095552931866986,51.770300045,base_link,mast,0.0,0.0,0.26881,0.0,0.0,0.7643585319677776,0.6447914659857588,False
1783095552931866986,51.770300045,mainboom,stick,0.0,3.04904,-0.00649,-0.5468323913094894,0.0,0.0,0.8372421010763527,False
1783095552931866986,51.770300045,stick,telescope,0.0,0.6168110410736989,0.18667277632824714,0.0,0.0,0.0,1.0,False
1783095552932374245,51.770807304,zed_0_camera_center,zed_0_left_camera_frame,-0.01,0.060116712003946304,0.0,0.0,0.0,0.0,1.0,False
1783095552932541977,51.770975036,zed_0_camera_center,zed_0_right_camera_frame,-0.01,-0.060116712003946304,0.0,0.0,0.0,0.0,1.0,False
1783095552982018122,51.820451181,upperpassive,lowerpassive,0.0,0.0,-0.154,0.0,-0.07845902959260323,0.0,0.9969173389380822,False
1783095552982018122,51.820451181,mast,mainboom,0.0,-0.0601374,1.09553,0.3338065882505078,0.0,0.0,0.9426415870523408,False
1783095552982018122,51.820451181,lowerpassive,grapplecarrier,0.0,0.0,-0.261,0.0,0.0,-0.07758902606619346,0.9969854276939556,False
1783095552982018122,51.820451181,grapplecarrier,grappletong1,-0.275000000000001,-0.0192847891741644,-0.202,0.0,0.0,0.0,1.0,False
1783095552982018122,51.820451181,grapplecarrier,grappletong2,0.275000000000001,-0.0192847891741644,-0.202,0.0,0.0,0.0,1.0,False
1783095552982018122,51.820451181,telescope,upperpassive,0.0,2.03711,-0.20229,0.4516559438247133,0.0,0.0,0.892192192527937,False
1783095552982018122,51.820451181,base_link,mast,0.0,0.0,0.26881,0.0,0.0,0.7643585319677776,0.6447914659857588,False
1783095552982018122,51.820451181,mainboom,stick,0.0,3.04904,-0.00649,-0.5468323913094894,0.0,0.0,0.8372421010763527,False
1783095552982018122,51.820451181,stick,telescope,0.0,0.616910824470321,0.1866661980489457,0.0,0.0,0.0,1.0,False
1783095553004454035,51.842887094,zed_0_camera_center,zed_0_left_camera_frame,-0.01,0.060116712003946304,0.0,0.0,0.0,0.0,1.0,False
1783095553004860278,51.843293337,zed_0_camera_center,zed_0_right_camera_frame,-0.01,-0.060116712003946304,0.0,0.0,0.0,0.0,1.0,False
1783095553041584847,51.880017906,upperpassive,lowerpassive,0.0,0.0,-0.154,0.0,-0.07845902959260323,0.0,0.9969173389380822,False
1783095553041584847,51.880017906,mast,mainboom,0.0,-0.0601374,1.09553,0.3346290703153805,0.0,0.0,0.9423499272031934,False
1783095553041584847,51.880017906,lowerpassive,grapplecarrier,0.0,0.0,-0.261,0.0,0.0,-0.07758902606619346,0.9969854276939556,False
1783095553041584847,51.880017906,grapplecarrier,grappletong1,-0.275000000000001,-0.0192847891741644,-0.202,0.0,0.0,0.0,1.0,False
1783095553041584847,51.880017906,grapplecarrier,grappletong2,0.275000000000001,-0.0192847891741644,-0.202,0.0,0.0,0.0,1.0,False
1783095553041584847,51.880017906,telescope,upperpassive,0.0,2.03711,-0.20229,0.45243435565672646,0.0,0.0,0.8917977090245762,False
1783095553041584847,51.880017906,base_link,mast,0.0,0.0,0.26881,0.0,0.0,0.7643585319677776,0.6447914659857588,False
1783095553041584847,51.880017906,mainboom,stick,0.0,3.04904,-0.00649,-0.5468323913094894,0.0,0.0,0.8372421010763527,False
1783095553041584847,51.880017906,stick,telescope,0.0,0.617110391263565,0.18665304149034279,0.0,0.0,0.0,1.0,False
1783095553051578176,51.890011235,zed_0_camera_center,zed_0_left_camera_frame,-0.01,0.060116712003946304,0.0,0.0,0.0,0.0,1.0,False
1783095553051617802,51.890050861,zed_0_camera_center,zed_0_right_camera_frame,-0.01,-0.060116712003946304,0.0,0.0,0.0,0.0,1.0,False
1783095553101651666,51.940084725,upperpassive,lowerpassive,0.0,0.0,-0.154,0.0,-0.07845902959260323,0.0,0.9969173389380822,False
1783095553101651666,51.940084725,mast,mainboom,0.0,-0.0601374,1.09553,0.3354512975460898,0.0,0.0,0.9420575497147956,False
1783095553101651666,51.940084725,lowerpassive,grapplecarrier,0.0,0.0,-0.261,0.0,0.0,-0.07758902606619346,0.9969854276939556,False
1783095553101651666,51.940084725,grapplecarrier,grappletong1,-0.275000000000001,-0.0192847891741644,-0.202,0.0,0.0,0.0,1.0,False
1783095553101651666,51.940084725,grapplecarrier,grappletong2,0.275000000000001,-0.0192847891741644,-0.202,0.0,0.0,0.0,1.0,False
1783095553101651666,51.940084725,telescope,upperpassive,0.0,2.03711,-0.20229,0.45243435565672646,0.0,0.0,0.8917977090245762,False
1783095553101651666,51.940084725,base_link,mast,0.0,0.0,0.26881,0.0,0.0,0.7649209270789442,0.6441241924634475,False
1783095553101651666,51.940084725,mainboom,stick,0.0,3.04904,-0.00649,-0.5468323913094894,0.0,0.0,0.8372421010763527,False
1783095553101651666,51.940084725,stick,telescope,0.0,0.617210174660187,0.18664646321104134,0.0,0.0,0.0,1.0,False
1783095553133093317,51.971526376,zed_0_camera_center,zed_0_left_camera_frame,-0.01,0.060116712003946304,0.0,0.0,0.0,0.0,1.0,False
1783095553133121948,51.971555007,zed_0_camera_center,zed_0_right_camera_frame,-0.01,-0.060116712003946304,0.0,0.0,0.0,0.0,1.0,False
1783095553161775502,52.000208561,upperpassive,lowerpassive,0.0,0.0,-0.154,0.0,-0.07845902959260323,0.0,0.9969173389380822,False
1783095553161775502,52.000208561,mast,mainboom,0.0,-0.0601374,1.09553,0.33627326931647505,0.0,0.0,0.9417644548098051,False
1783095553161775502,52.000208561,lowerpassive,grapplecarrier,0.0,0.0,-0.261,0.0,0.0,-0.07758902606619346,0.9969854276939556,False
1783095553161775502,52.000208561,grapplecarrier,grappletong1,-0.275000000000001,-0.0192847891741644,-0.202,0.0,0.0,0.0,1.0,False
1783095553161775502,52.000208561,grapplecarrier,grappletong2,0.275000000000001,-0.0192847891741644,-0.202,0.0,0.0,0.0,1.0,False
1783095553161775502,52.000208561,telescope,upperpassive,0.0,2.03711,-0.20229,0.45243435565672646,0.0,0.0,0.8917977090245762,False
1783095553161775502,52.000208561,base_link,mast,0.0,0.0,0.26881,0.0,0.0,0.7649209270789442,0.6441241924634475,False
1783095553161775502,52.000208561,mainboom,stick,0.0,3.04904,-0.00649,-0.5468323913094894,0.0,0.0,0.8372421010763527,False
1783095553161775502,52.000208561,stick,telescope,0.0,0.6174097414534312,0.1866333066524384,0.0,0.0,0.0,1.0,False
1783095553181057155,52.019490214,zed_0_camera_center,zed_0_left_camera_frame,-0.01,0.060116712003946304,0.0,0.0,0.0,0.0,1.0,False
1783095553181111018,52.019544077,zed_0_camera_center,zed_0_right_camera_frame,-0.01,-0.060116712003946304,0.0,0.0,0.0,0.0,1.0,False
1783095553211905050,52.050338109,upperpassive,lowerpassive,0.0,0.0,-0.154,0.0,-0.07845902959260323,0.0,0.9969173389380822,False
1783095553211905050,52.050338109,mast,mainboom,0.0,-0.0601374,1.09553,0.33627326931647505,0.0,0.0,0.9417644548098051,False
1783095553211905050,52.050338109,lowerpassive,grapplecarrier,0.0,0.0,-0.261,0.0,0.0,-0.07758902606619346,0.9969854276939556,False
1783095553211905050,52.050338109,grapplecarrier,grappletong1,-0.275000000000001,-0.0192847891741644,-0.202,0.0,0.0,0.0,1.0,False
1783095553211905050,52.050338109,grapplecarrier,grappletong2,0.275000000000001,-0.0192847891741644,-0.202,0.0,0.0,0.0,1.0,False
1783095553211905050,52.050338109,telescope,upperpassive,0.0,2.03711,-0.20229,0.45243435565672646,0.0,0.0,0.8917977090245762,False
1783095553211905050,52.050338109,base_link,mast,0.0,0.0,0.26881,0.0,0.0,0.7649209270789442,0.6441241924634475,False
1783095553211905050,52.050338109,mainboom,stick,0.0,3.04904,-0.00649,-0.5468323913094894,0.0,0.0,0.8372421010763527,False
1783095553211905050,52.050338109,stick,telescope,0.0,0.6174097414534312,0.1866333066524384,0.0,0.0,0.0,1.0,False
1783095553267936970,52.106370029,zed_0_camera_center,zed_0_left_camera_frame,-0.01,0.060116712003946304,0.0,0.0,0.0,0.0,1.0,False
1783095553267984980,52.106418039,zed_0_camera_center,zed_0_right_camera_frame,-0.01,-0.060116712003946304,0.0,0.0,0.0,0.0,1.0,False
1783095553271829342,52.110262401,upperpassive,lowerpassive,0.0,0.0,-0.154,0.0,-0.07845902959260323,0.0,0.9969173389380822,False
1783095553271829342,52.110262401,mast,mainboom,0.0,-0.0601374,1.09553,0.33627326931647505,0.0,0.0,0.9417644548098051,False
1783095553271829342,52.110262401,lowerpassive,grapplecarrier,0.0,0.0,-0.261,0.0,0.0,-0.07758902606619346,0.9969854276939556,False
1783095553271829342,52.110262401,grapplecarrier,grappletong1,-0.275000000000001,-0.0192847891741644,-0.202,0.0,0.0,0.0,1.0,False
1783095553271829342,52.110262401,grapplecarrier,grappletong2,0.275000000000001,-0.0192847891741644,-0.202,0.0,0.0,0.0,1.0,False
1783095553271829342,52.110262401,telescope,upperpassive,0.0,2.03711,-0.20229,0.45243435565672646,0.0,0.0,0.8917977090245762,False
1783095553271829342,52.110262401,base_link,mast,0.0,0.0,0.26881,0.0,0.0,0.7649209270789442,0.6441241924634475,False
1783095553271829342,52.110262401,mainboom,stick,0.0,3.04904,-0.00649,-0.5468323913094894,0.0,0.0,0.8372421010763527,False
1783095553271829342,52.110262401,stick,telescope,0.0,0.6176093082466753,0.1866201500938355,0.0,0.0,0.0,1.0,False
1783095553328588262,52.167021321,zed_0_camera_center,zed_0_left_camera_frame,-0.01,0.060116712003946304,0.0,0.0,0.0,0.0,1.0,False
1783095553328629103,52.167062162,zed_0_camera_center,zed_0_right_camera_frame,-0.01,-0.060116712003946304,0.0,0.0,0.0,0.0,1.0,False
1783095553331763216,52.170196275,upperpassive,lowerpassive,0.0,0.0,-0.154,0.0,-0.07671896345246497,0.0,0.9970527572033385,False
1783095553331763216,52.170196275,mast,mainboom,0.0,-0.0601374,1.09553,0.3370949850005702,0.0,0.0,0.9414706427114259,False
1783095553331763216,52.170196275,lowerpassive,grapplecarrier,0.0,0.0,-0.261,0.0,0.0,-0.07758902606619346,0.9969854276939556,False
1783095553331763216,52.170196275,grapplecarrier,grappletong1,-0.275000000000001,-0.0192847891741644,-0.202,0.0,0.0,0.0,1.0,False
1783095553331763216,52.170196275,grapplecarrier,grappletong2,0.275000000000001,-0.0192847891741644,-0.202,0.0,0.0,0.0,1.0,False
1783095553331763216,52.170196275,telescope,upperpassive,0.0,2.03711,-0.20229,0.4516559438247133,0.0,0.0,0.892192192527937,False
1783095553331763216,52.170196275,base_link,mast,0.0,0.0,0.26881,0.0,0.0,0.7649209270789442,0.6441241924634475,False
1783095553331763216,52.170196275,mainboom,stick,0.0,3.04904,-0.00649,-0.5468323913094894,0.0,0.0,0.8372421010763527,False
1783095553331763216,52.170196275,stick,telescope,0.0,0.6177090916432972,0.18661357181453406,0.0,0.0,0.0,1.0,False
1783095553391827399,52.230260458,upperpassive,lowerpassive,0.0,0.0,-0.154,0.0,-0.07584884241400715,0.0,0.9971193274149565,False
1783095553391827399,52.230260458,mast,mainboom,0.0,-0.0601374,1.09553,0.3370949850005702,0.0,0.0,0.9414706427114259,False
1783095553391827399,52.230260458,lowerpassive,grapplecarrier,0.0,0.0,-0.261,0.0,0.0,-0.07758902606619346,0.9969854276939556,False
1783095553391827399,52.230260458,grapplecarrier,grappletong1,-0.275000000000001,-0.0192847891741644,-0.202,0.0,0.0,0.0,1.0,False
1783095553391827399,52.230260458,grapplecarrier,grappletong2,0.275000000000001,-0.0192847891741644,-0.202,0.0,0.0,0.0,1.0,False
1783095553391827399,52.230260458,telescope,upperpassive,0.0,2.03711,-0.20229,0.45009808888853936,0.0,0.0,0.8929791209087055,False
1783095553391827399,52.230260458,base_link,mast,0.0,0.0,0.26881,0.0,0.0,0.7654827396705342,0.6434564284133723,False
1783095553391827399,52.230260458,mainboom,stick,0.0,3.04904,-0.00649,-0.5468323913094894,0.0,0.0,0.8372421010763527,False
1783095553391827399,52.230260458,stick,telescope,0.0,0.6179086584365414,0.18660041525593116,0.0,0.0,0.0,1.0,False
1783095553395555050,52.233988109,zed_0_camera_center,zed_0_left_camera_frame,-0.01,0.060116712003946304,0.0,0.0,0.0,0.0,1.0,False
1783095553395579237,52.234012296,zed_0_camera_center,zed_0_right_camera_frame,-0.01,-0.060116712003946304,0.0,0.0,0.0,0.0,1.0,False
1783095553441568933,52.280001992,upperpassive,lowerpassive,0.0,0.0,-0.154,0.0,-0.07323813537681613,0.0,0.9973144817591527,False
1783095553441568933,52.280001992,mast,mainboom,0.0,-0.0601374,1.09553,0.3370949850005702,0.0,0.0,0.9414706427114259,False
1783095553441568933,52.280001992,lowerpassive,grapplecarrier,0.0,0.0,-0.261,0.0,0.0,-0.07758902606619346,0.9969854276939556,False
1783095553441568933,52.280001992,grapplecarrier,grappletong1,-0.275000000000001,-0.0192847891741644,-0.202,0.0,0.0,0.0,1.0,False
1783095553441568933,52.280001992,grapplecarrier,grappletong2,0.275000000000001,-0.0192847891741644,-0.202,0.0,0.0,0.0,1.0,False
1783095553441568933,52.280001992,telescope,upperpassive,0.0,2.03711,-0.20229,0.4477587372036596,0.0,0.0,0.8941544124242659,False
1783095553441568933,52.280001992,base_link,mast,0.0,0.0,0.26881,0.0,0.0,0.7654827396705342,0.6434564284133723,False
1783095553441568933,52.280001992,mainboom,stick,0.0,3.04904,-0.00649,-0.5468323913094894,0.0,0.0,0.8372421010763527,False
1783095553441568933,52.280001992,stick,telescope,0.0,0.6180084418331634,0.18659383697662968,0.0,0.0,0.0,1.0,False
1783095553450393859,52.288826918,zed_0_camera_center,zed_0_left_camera_frame,-0.01,0.060116712003946304,0.0,0.0,0.0,0.0,1.0,False
1783095553450441957,52.288875016,zed_0_camera_center,zed_0_right_camera_frame,-0.01,-0.060116712003946304,0.0,0.0,0.0,0.0,1.0,False
1783095553497046886,52.335479945,upperpassive,lowerpassive,0.0,0.0,-0.154,0.0,-0.07236778726621736,0.0,0.997378014278534,False
1783095553497046886,52.335479945,mast,mainboom,0.0,-0.0601374,1.09553,0.3370949850005702,0.0,0.0,0.9414706427114259,False
1783095553497046886,52.335479945,lowerpassive,grapplecarrier,0.0,0.0,-0.261,0.0,0.0,-0.07758902606619346,0.9969854276939556,False
1783095553497046886,52.335479945,grapplecarrier,grappletong1,-0.275000000000001,-0.0192847891741644,-0.202,0.0,0.0,0.0,1.0,False
1783095553497046886,52.335479945,grapplecarrier,grappletong2,0.275000000000001,-0.0192847891741644,-0.202,0.0,0.0,0.0,1.0,False
1783095553497046886,52.335479945,telescope,upperpassive,0.0,2.03711,-0.20229,0.4454163166357148,0.0,0.0,0.8953235755159542,False
1783095553497046886,52.335479945,base_link,mast,0.0,0.0,0.26881,0.0,0.0,0.7654827396705342,0.6434564284133723,False
1783095553497046886,52.335479945,mainboom,stick,0.0,3.04904,-0.00649,-0.5468323913094894,0.0,0.0,0.8372421010763527,False
1783095553497046886,52.335479945,stick,telescope,0.0,0.6181082252297855,0.18658725869732823,0.0,0.0,0.0,1.0,False
1783095553515806861,52.35423992,zed_0_camera_center,zed_0_left_camera_frame,-0.01,0.060116712003946304,0.0,0.0,0.0,0.0,1.0,False
1783095553515838991,52.35427205,zed_0_camera_center,zed_0_right_camera_frame,-0.01,-0.060116712003946304,0.0,0.0,0.0,0.0,1.0,False
1783095553551458775,52.389891834,upperpassive,lowerpassive,0.0,0.0,-0.154,0.0,-0.07062692637449368,0.0,0.9975028006331068,False
1783095553551458775,52.389891834,mast,mainboom,0.0,-0.0601374,1.09553,0.3370949850005702,0.0,0.0,0.9414706427114259,False
1783095553551458775,52.389891834,lowerpassive,grapplecarrier,0.0,0.0,-0.261,0.0,0.0,-0.07758902606619346,0.9969854276939556,False
1783095553551458775,52.389891834,grapplecarrier,grappletong1,-0.275000000000001,-0.0192847891741644,-0.202,0.0,0.0,0.0,1.0,False
1783095553551458775,52.389891834,grapplecarrier,grappletong2,0.275000000000001,-0.0192847891741644,-0.202,0.0,0.0,0.0,1.0,False
1783095553551458775,52.389891834,telescope,upperpassive,0.0,2.03711,-0.20229,0.4438530059160809,0.0,0.0,0.8960996089382359,False
1783095553551458775,52.389891834,base_link,mast,0.0,0.0,0.26881,0.0,0.0,0.7654827396705342,0.6434564284133723,False
1783095553551458775,52.389891834,mainboom,stick,0.0,3.04904,-0.00649,-0.5468323913094894,0.0,0.0,0.8372421010763527,False
1783095553551458775,52.389891834,stick,telescope,0.0,0.6182080086264075,0.18658068041802678,0.0,0.0,0.0,1.0,False
1783095553601871091,52.44030415,upperpassive,lowerpassive,0.0,0.0,-0.154,0.0,-0.07062692637449368,0.0,0.9975028006331068,False
1783095553601871091,52.44030415,mast,mainboom,0.0,-0.0601374,1.09553,0.3370949850005702,0.0,0.0,0.9414706427114259,False
1783095553601871091,52.44030415,lowerpassive,grapplecarrier,0.0,0.0,-0.261,0.0,0.0,-0.07758902606619346,0.9969854276939556,False
1783095553601871091,52.44030415,grapplecarrier,grappletong1,-0.275000000000001,-0.0192847891741644,-0.202,0.0,0.0,0.0,1.0,False
1783095553601871091,52.44030415,grapplecarrier,grappletong2,0.275000000000001,-0.0192847891741644,-0.202,0.0,0.0,0.0,1.0,False
1783095553601871091,52.44030415,telescope,upperpassive,0.0,2.03711,-0.20229,0.443070843239366,0.0,0.0,0.8964866021704715,False
1783095553601871091,52.44030415,base_link,mast,0.0,0.0,0.26881,0.0,0.0,0.7654827396705342,0.6434564284133723,False
1783095553601871091,52.44030415,mainboom,stick,0.0,3.04904,-0.00649,-0.5468323913094894,0.0,0.0,0.8372421010763527,False
1783095553601871091,52.44030415,stick,telescope,0.0,0.6183077920230295,0.18657410213872533,0.0,0.0,0.0,1.0,False
1783095553630290195,52.468723254,zed_0_camera_center,zed_0_left_camera_frame,-0.01,0.060116712003946304,0.0,0.0,0.0,0.0,1.0,False
1783095553630354162,52.468787221,zed_0_camera_center,zed_0_right_camera_frame,-0.01,-0.060116712003946304,0.0,0.0,0.0,0.0,1.0,False
1783095553639351358,52.477784417,zed_0_camera_center,zed_0_left_camera_frame,-0.01,0.060116712003946304,0.0,0.0,0.0,0.0,1.0,False
1783095553639401339,52.477834398,zed_0_camera_center,zed_0_right_camera_frame,-0.01,-0.060116712003946304,0.0,0.0,0.0,0.0,1.0,False
1783095553651819211,52.49025227,upperpassive,lowerpassive,0.0,0.0,-0.154,0.0,-0.07062692637449368,0.0,0.9975028006331068,False
1783095553651819211,52.49025227,mast,mainboom,0.0,-0.0601374,1.09553,0.3370949850005702,0.0,0.0,0.9414706427114259,False
1783095553651819211,52.49025227,lowerpassive,grapplecarrier,0.0,0.0,-0.261,0.0,0.0,-0.07758902606619346,0.9969854276939556,False
1783095553651819211,52.49025227,grapplecarrier,grappletong1,-0.275000000000001,-0.0192847891741644,-0.202,0.0,0.0,0.0,1.0,False
1783095553651819211,52.49025227,grapplecarrier,grappletong2,0.275000000000001,-0.0192847891741644,-0.202,0.0,0.0,0.0,1.0,False
1783095553651819211,52.49025227,telescope,upperpassive,0.0,2.03711,-0.20229,0.443070843239366,0.0,0.0,0.8964866021704715,False
1783095553651819211,52.49025227,base_link,mast,0.0,0.0,0.26881,0.0,0.0,0.7654827396705342,0.6434564284133723,False
1783095553651819211,52.49025227,mainboom,stick,0.0,3.04904,-0.00649,-0.5468323913094894,0.0,0.0,0.8372421010763527,False
1783095553651819211,52.49025227,stick,telescope,0.0,0.6183077920230295,0.18657410213872533,0.0,0.0,0.0,1.0,False
1783095553716689187,52.555122246,upperpassive,lowerpassive,0.0,0.0,-0.154,0.0,-0.07062692637449368,0.0,0.9975028006331068,False
1783095553716689187,52.555122246,mast,mainboom,0.0,-0.0601374,1.09553,0.3370949850005702,0.0,0.0,0.9414706427114259,False
1783095553716689187,52.555122246,lowerpassive,grapplecarrier,0.0,0.0,-0.261,0.0,0.0,-0.07758902606619346,0.9969854276939556,False
1783095553716689187,52.555122246,grapplecarrier,grappletong1,-0.275000000000001,-0.0192847891741644,-0.202,0.0,0.0,0.0,1.0,False
1783095553716689187,52.555122246,grapplecarrier,grappletong2,0.275000000000001,-0.0192847891741644,-0.202,0.0,0.0,0.0,1.0,False
1783095553716689187,52.555122246,telescope,upperpassive,0.0,2.03711,-0.20229,0.44228834314550003,0.0,0.0,0.8968729126903144,False
1783095553716689187,52.555122246,base_link,mast,0.0,0.0,0.26881,0.0,0.0,0.7654827396705342,0.6434564284133723,False
1783095553716689187,52.555122246,mainboom,stick,0.0,3.04904,-0.00649,-0.5468323913094894,0.0,0.0,0.8372421010763527,False
1783095553716689187,52.555122246,stick,telescope,0.0,0.6184075754196516,0.18656752385942388,0.0,0.0,0.0,1.0,False
1783095553737015560,52.575448619,zed_0_camera_center,zed_0_left_camera_frame,-0.01,0.060116712003946304,0.0,0.0,0.0,0.0,1.0,False
1783095553737055256,52.575488315,zed_0_camera_center,zed_0_right_camera_frame,-0.01,-0.060116712003946304,0.0,0.0,0.0,0.0,1.0,False
1783095553771499371,52.60993243,upperpassive,lowerpassive,0.0,0.0,-0.154,0.0,-0.0697564149191078,0.0,0.9975640543732683,False
1783095553771499371,52.60993243,mast,mainboom,0.0,-0.0601374,1.09553,0.33791644397260384,0.0,0.0,0.9411761136434085,False
1783095553771499371,52.60993243,lowerpassive,grapplecarrier,0.0,0.0,-0.261,0.0,0.0,-0.07758902606619346,0.9969854276939556,False
1783095553771499371,52.60993243,grapplecarrier,grappletong1,-0.275000000000001,-0.0192847891741644,-0.202,0.0,0.0,0.0,1.0,False
1783095553771499371,52.60993243,grapplecarrier,grappletong2,0.275000000000001,-0.0192847891741644,-0.202,0.0,0.0,0.0,1.0,False
1783095553771499371,52.60993243,telescope,upperpassive,0.0,2.03711,-0.20229,0.4383708022846097,0.0,0.0,0.8987942143251411,False
1783095553771499371,52.60993243,base_link,mast,0.0,0.0,0.26881,0.0,0.0,0.7654827396705342,0.6434564284133723,False
1783095553771499371,52.60993243,mainboom,stick,0.0,3.04904,-0.00649,-0.5468323913094894,0.0,0.0,0.8372421010763527,False
1783095553771499371,52.60993243,stick,telescope,0.0,0.6184075754196516,0.18656752385942388,0.0,0.0,0.0,1.0,False
1783095553777419335,52.615852394,zed_0_camera_center,zed_0_left_camera_frame,-0.01,0.060116712003946304,0.0,0.0,0.0,0.0,1.0,False
1783095553777461106,52.615894165,zed_0_camera_center,zed_0_right_camera_frame,-0.01,-0.060116712003946304,0.0,0.0,0.0,0.0,1.0,False
1783095553821640494,52.660073553,upperpassive,lowerpassive,0.0,0.0,-0.154,0.0,-0.0697564149191078,0.0,0.9975640543732683,False
1783095553821640494,52.660073553,mast,mainboom,0.0,-0.0601374,1.09553,0.33791644397260384,0.0,0.0,0.9411761136434085,False
1783095553821640494,52.660073553,lowerpassive,grapplecarrier,0.0,0.0,-0.261,0.0,0.0,-0.07758902606619346,0.9969854276939556,False
1783095553821640494,52.660073553,grapplecarrier,grappletong1,-0.275000000000001,-0.0192847891741644,-0.202,0.0,0.0,0.0,1.0,False
1783095553821640494,52.660073553,grapplecarrier,grappletong2,0.275000000000001,-0.0192847891741644,-0.202,0.0,0.0,0.0,1.0,False
1783095553821640494,52.660073553,telescope,upperpassive,0.0,2.03711,-0.20229,0.436016266939702,0.0,0.0,0.8999387840092051,False
1783095553821640494,52.660073553,base_link,mast,0.0,0.0,0.26881,0.0,0.0,0.7654827396705342,0.6434564284133723,False
1783095553821640494,52.660073553,mainboom,stick,0.0,3.04904,-0.00649,-0.5468323913094894,0.0,0.0,0.8372421010763527,False
1783095553821640494,52.660073553,stick,telescope,0.0,0.6185073588162736,0.18656094558012243,0.0,0.0,0.0,1.0,False
1783095553846149036,52.684582095,zed_0_camera_center,zed_0_left_camera_frame,-0.01,0.060116712003946304,0.0,0.0,0.0,0.0,1.0,False
1783095553846194681,52.68462774,zed_0_camera_center,zed_0_right_camera_frame,-0.01,-0.060116712003946304,0.0,0.0,0.0,0.0,1.0,False
1783095553872506983,52.710940042,upperpassive,lowerpassive,0.0,0.0,-0.154,0.0,-0.0697564149191078,0.0,0.9975640543732683,False
1783095553872506983,52.710940042,mast,mainboom,0.0,-0.0601374,1.09553,0.33791644397260384,0.0,0.0,0.9411761136434085,False
1783095553872506983,52.710940042,lowerpassive,grapplecarrier,0.0,0.0,-0.261,0.0,0.0,-0.07758902606619346,0.9969854276939556,False
1783095553872506983,52.710940042,grapplecarrier,grappletong1,-0.275000000000001,-0.0192847891741644,-0.202,0.0,0.0,0.0,1.0,False
1783095553872506983,52.710940042,grapplecarrier,grappletong2,0.275000000000001,-0.0192847891741644,-0.202,0.0,0.0,0.0,1.0,False
1783095553872506983,52.710940042,telescope,upperpassive,0.0,2.03711,-0.20229,0.43287224064725893,0.0,0.0,0.901455280797124,False
1783095553872506983,52.710940042,base_link,mast,0.0,0.0,0.26881,0.0,0.0,0.7654827396705342,0.6434564284133723,False
1783095553872506983,52.710940042,mainboom,stick,0.0,3.04904,-0.00649,-0.5468323913094894,0.0,0.0,0.8372421010763527,False
1783095553872506983,52.710940042,stick,telescope,0.0,0.6185073588162736,0.18656094558012243,0.0,0.0,0.0,1.0,False
1783095553916367323,52.754800382,zed_0_camera_center,zed_0_left_camera_frame,-0.01,0.060116712003946304,0.0,0.0,0.0,0.0,1.0,False
1783095553916392920,52.754825979,zed_0_camera_center,zed_0_right_camera_frame,-0.01,-0.060116712003946304,0.0,0.0,0.0,0.0,1.0,False
1783095553931696346,52.770129405,upperpassive,lowerpassive,0.0,0.0,-0.154,0.0,-0.0697564149191078,0.0,0.9975640543732683,False
1783095553931696346,52.770129405,mast,mainboom,0.0,-0.0601374,1.09553,0.33791644397260384,0.0,0.0,0.9411761136434085,False
1783095553931696346,52.770129405,lowerpassive,grapplecarrier,0.0,0.0,-0.261,0.0,0.0,-0.07758902606619346,0.9969854276939556,False
1783095553931696346,52.770129405,grapplecarrier,grappletong1,-0.275000000000001,-0.0192847891741644,-0.202,0.0,0.0,0.0,1.0,False
1783095553931696346,52.770129405,grapplecarrier,grappletong2,0.275000000000001,-0.0192847891741644,-0.202,0.0,0.0,0.0,1.0,False
1783095553931696346,52.770129405,telescope,upperpassive,0.0,2.03711,-0.20229,0.42972293995208016,0.0,0.0,0.9029607936554835,False
1783095553931696346,52.770129405,base_link,mast,0.0,0.0,0.26881,0.0,0.0,0.7654827396705342,0.6434564284133723,False
1783095553931696346,52.770129405,mainboom,stick,0.0,3.04904,-0.00649,-0.5468323913094894,0.0,0.0,0.8372421010763527,False
1783095553931696346,52.770129405,stick,telescope,0.0,0.6185073588162736,0.18656094558012243,0.0,0.0,0.0,1.0,False
1783095553981829212,52.820262271,upperpassive,lowerpassive,0.0,0.0,-0.154,0.0,-0.0697564149191078,0.0,0.9975640543732683,False
1783095553981829212,52.820262271,mast,mainboom,0.0,-0.0601374,1.09553,0.33791644397260384,0.0,0.0,0.9411761136434085,False
1783095553981829212,52.820262271,lowerpassive,grapplecarrier,0.0,0.0,-0.261,0.0,0.0,-0.07758902606619346,0.9969854276939556,False
1783095553981829212,52.820262271,grapplecarrier,grappletong1,-0.275000000000001,-0.0192847891741644,-0.202,0.0,0.0,0.0,1.0,False
1783095553981829212,52.820262271,grapplecarrier,grappletong2,0.275000000000001,-0.0192847891741644,-0.202,0.0,0.0,0.0,1.0,False
1783095553981829212,52.820262271,telescope,upperpassive,0.0,2.03711,-0.20229,0.42735752618535755,0.0,0.0,0.9040827090552785,False
1783095553981829212,52.820262271,base_link,mast,0.0,0.0,0.26881,0.0,0.0,0.7660439693147032,0.6427881743440634,False
1783095553981829212,52.820262271,mainboom,stick,0.0,3.04904,-0.00649,-0.5468323913094894,0.0,0.0,0.8372421010763527,False
1783095553981829212,52.820262271,stick,telescope,0.0,0.6185073588162736,0.18656094558012243,0.0,0.0,0.0,1.0,False
1783095553987264673,52.825697732,zed_0_camera_center,zed_0_left_camera_frame,-0.01,0.060116712003946304,0.0,0.0,0.0,0.0,1.0,False
1783095553987308095,52.825741154,zed_0_camera_center,zed_0_right_camera_frame,-0.01,-0.060116712003946304,0.0,0.0,0.0,0.0,1.0,False
1783095554031970232,52.870403291,upperpassive,lowerpassive,0.0,0.0,-0.154,0.0,-0.0697564149191078,0.0,0.9975640543732683,False
1783095554031970232,52.870403291,mast,mainboom,0.0,-0.0601374,1.09553,0.33791644397260384,0.0,0.0,0.9411761136434085,False
1783095554031970232,52.870403291,lowerpassive,grapplecarrier,0.0,0.0,-0.261,0.0,0.0,-0.07758902606619346,0.9969854276939556,False
1783095554031970232,52.870403291,grapplecarrier,grappletong1,-0.275000000000001,-0.0192847891741644,-0.202,0.0,0.0,0.0,1.0,False
1783095554031970232,52.870403291,grapplecarrier,grappletong2,0.275000000000001,-0.0192847891741644,-0.202,0.0,0.0,0.0,1.0,False
1783095554031970232,52.870403291,telescope,upperpassive,0.0,2.03711,-0.20229,0.4257789554194669,0.0,0.0,0.9048272106440586,False
1783095554031970232,52.870403291,base_link,mast,0.0,0.0,0.26881,0.0,0.0,0.7660439693147032,0.6427881743440634,False
1783095554031970232,52.870403291,mainboom,stick,0.0,3.04904,-0.00649,-0.5468323913094894,0.0,0.0,0.8372421010763527,False
1783095554031970232,52.870403291,stick,telescope,0.0,0.6185073588162736,0.18656094558012243,0.0,0.0,0.0,1.0,False
1783095554048278970,52.886712029,zed_0_camera_center,zed_0_left_camera_frame,-0.01,0.060116712003946304,0.0,0.0,0.0,0.0,1.0,False
1783095554048315668,52.886748727,zed_0_camera_center,zed_0_right_camera_frame,-0.01,-0.060116712003946304,0.0,0.0,0.0,0.0,1.0,False
1783095554091672132,52.930105191,upperpassive,lowerpassive,0.0,0.0,-0.154,0.0,-0.0697564149191078,0.0,0.9975640543732683,False
1783095554091672132,52.930105191,mast,mainboom,0.0,-0.0601374,1.09553,0.33791644397260384,0.0,0.0,0.9411761136434085,False
1783095554091672132,52.930105191,lowerpassive,grapplecarrier,0.0,0.0,-0.261,0.0,0.0,-0.07758902606619346,0.9969854276939556,False
1783095554091672132,52.930105191,grapplecarrier,grappletong1,-0.275000000000001,-0.0192847891741644,-0.202,0.0,0.0,0.0,1.0,False
1783095554091672132,52.930105191,grapplecarrier,grappletong2,0.275000000000001,-0.0192847891741644,-0.202,0.0,0.0,0.0,1.0,False
1783095554091672132,52.930105191,telescope,upperpassive,0.0,2.03711,-0.20229,0.4234086689099947,0.0,0.0,0.9059387943409127,False
1783095554091672132,52.930105191,base_link,mast,0.0,0.0,0.26881,0.0,0.0,0.7660439693147032,0.6427881743440634,False
1783095554091672132,52.930105191,mainboom,stick,0.0,3.04904,-0.00649,-0.5468323913094894,0.0,0.0,0.8372421010763527,False
1783095554091672132,52.930105191,stick,telescope,0.0,0.6185073588162736,0.18656094558012243,0.0,0.0,0.0,1.0,False
1783095554119694470,52.958127529,zed_0_camera_center,zed_0_left_camera_frame,-0.01,0.060116712003946304,0.0,0.0,0.0,0.0,1.0,False
1783095554119750195,52.958183254,zed_0_camera_center,zed_0_right_camera_frame,-0.01,-0.060116712003946304,0.0,0.0,0.0,0.0,1.0,False
1783095554152000953,52.990434012,upperpassive,lowerpassive,0.0,0.0,-0.154,0.0,-0.0697564149191078,0.0,0.9975640543732683,False
1783095554152000953,52.990434012,mast,mainboom,0.0,-0.0601374,1.09553,0.33791644397260384,0.0,0.0,0.9411761136434085,False
1783095554152000953,52.990434012,lowerpassive,grapplecarrier,0.0,0.0,-0.261,0.0,0.0,-0.07758902606619346,0.9969854276939556,False
1783095554152000953,52.990434012,grapplecarrier,grappletong1,-0.275000000000001,-0.0192847891741644,-0.202,0.0,0.0,0.0,1.0,False
1783095554152000953,52.990434012,grapplecarrier,grappletong2,0.275000000000001,-0.0192847891741644,-0.202,0.0,0.0,0.0,1.0,False
1783095554152000953,52.990434012,telescope,upperpassive,0.0,2.03711,-0.20229,0.42182686468298364,0.0,0.0,0.9066764010559245,False
1783095554152000953,52.990434012,base_link,mast,0.0,0.0,0.26881,0.0,0.0,0.7660439693147032,0.6427881743440634,False
1783095554152000953,52.990434012,mainboom,stick,0.0,3.04904,-0.00649,-0.5468323913094894,0.0,0.0,0.8372421010763527,False
1783095554152000953,52.990434012,stick,telescope,0.0,0.6185073588162736,0.18656094558012243,0.0,0.0,0.0,1.0,False
1783095554180550600,53.018983659,zed_0_camera_center,zed_0_left_camera_frame,-0.01,0.060116712003946304,0.0,0.0,0.0,0.0,1.0,False
1783095554180590849,53.019023908,zed_0_camera_center,zed_0_right_camera_frame,-0.01,-0.060116712003946304,0.0,0.0,0.0,0.0,1.0,False
1783095554211489129,53.049922188,upperpassive,lowerpassive,0.0,0.0,-0.154,0.0,-0.0697564149191078,0.0,0.9975640543732683,False
1783095554211489129,53.049922188,mast,mainboom,0.0,-0.0601374,1.09553,0.33791644397260384,0.0,0.0,0.9411761136434085,False
1783095554211489129,53.049922188,lowerpassive,grapplecarrier,0.0,0.0,-0.261,0.0,0.0,-0.07758902606619346,0.9969854276939556,False
1783095554211489129,53.049922188,grapplecarrier,grappletong1,-0.275000000000001,-0.0192847891741644,-0.202,0.0,0.0,0.0,1.0,False
1783095554211489129,53.049922188,grapplecarrier,grappletong2,0.275000000000001,-0.0192847891741644,-0.202,0.0,0.0,0.0,1.0,False
1783095554211489129,53.049922188,telescope,upperpassive,0.0,2.03711,-0.20229,0.42103548040981714,0.0,0.0,0.9070441688451971,False
1783095554211489129,53.049922188,base_link,mast,0.0,0.0,0.26881,0.0,0.0,0.7660439693147032,0.6427881743440634,False
1783095554211489129,53.049922188,mainboom,stick,0.0,3.04904,-0.00649,-0.5468323913094894,0.0,0.0,0.8372421010763527,False
1783095554211489129,53.049922188,stick,telescope,0.0,0.6185073588162736,0.18656094558012243,0.0,0.0,0.0,1.0,False
1783095554250271788,53.088704847,zed_0_camera_center,zed_0_left_camera_frame,-0.01,0.060116712003946304,0.0,0.0,0.0,0.0,1.0,False
1783095554250303623,53.088736682,zed_0_camera_center,zed_0_right_camera_frame,-0.01,-0.060116712003946304,0.0,0.0,0.0,0.0,1.0,False
1783095554271614083,53.110047142,upperpassive,lowerpassive,0.0,0.0,-0.154,0.0,-0.0697564149191078,0.0,0.9975640543732683,False
1783095554271614083,53.110047142,mast,mainboom,0.0,-0.0601374,1.09553,0.33791644397260384,0.0,0.0,0.9411761136434085,False
1783095554271614083,53.110047142,lowerpassive,grapplecarrier,0.0,0.0,-0.261,0.0,0.0,-0.07758902606619346,0.9969854276939556,False
1783095554271614083,53.110047142,grapplecarrier,grappletong1,-0.275000000000001,-0.0192847891741644,-0.202,0.0,0.0,0.0,1.0,False
1783095554271614083,53.110047142,grapplecarrier,grappletong2,0.275000000000001,-0.0192847891741644,-0.202,0.0,0.0,0.0,1.0,False
1783095554271614083,53.110047142,telescope,upperpassive,0.0,2.03711,-0.20229,0.4202437755003584,0.0,0.0,0.9074112458820446,False
1783095554271614083,53.110047142,base_link,mast,0.0,0.0,0.26881,0.0,0.0,0.7660439693147032,0.6427881743440634,False
1783095554271614083,53.110047142,mainboom,stick,0.0,3.04904,-0.00649,-0.5468323913094894,0.0,0.0,0.8372421010763527,False
1783095554271614083,53.110047142,stick,telescope,0.0,0.6185073588162736,0.18656094558012243,0.0,0.0,0.0,1.0,False
1783095554321947761,53.16038082,upperpassive,lowerpassive,0.0,0.0,-0.154,0.0,-0.0697564149191078,0.0,0.9975640543732683,False
1783095554321947761,53.16038082,mast,mainboom,0.0,-0.0601374,1.09553,0.33791644397260384,0.0,0.0,0.9411761136434085,False
1783095554321947761,53.16038082,lowerpassive,grapplecarrier,0.0,0.0,-0.261,0.0,0.0,-0.07758902606619346,0.9969854276939556,False
1783095554321947761,53.16038082,grapplecarrier,grappletong1,-0.275000000000001,-0.0192847891741644,-0.202,0.0,0.0,0.0,1.0,False
1783095554321947761,53.16038082,grapplecarrier,grappletong2,0.275000000000001,-0.0192847891741644,-0.202,0.0,0.0,0.0,1.0,False
1783095554321947761,53.16038082,telescope,upperpassive,0.0,2.03711,-0.20229,0.4202437755003584,0.0,0.0,0.9074112458820446,False
1783095554321947761,53.16038082,base_link,mast,0.0,0.0,0.26881,0.0,0.0,0.7660439693147032,0.6427881743440634,False
1783095554321947761,53.16038082,mainboom,stick,0.0,3.04904,-0.00649,-0.5475628139466467,0.0,0.0,0.8367645814581482,False
1783095554321947761,53.16038082,stick,telescope,0.0,0.6185073588162736,0.18656094558012243,0.0,0.0,0.0,1.0,False
1783095554332459053,53.170892112,zed_0_camera_center,zed_0_left_camera_frame,-0.01,0.060116712003946304,0.0,0.0,0.0,0.0,1.0,False
1783095554332495970,53.170929029,zed_0_camera_center,zed_0_right_camera_frame,-0.01,-0.060116712003946304,0.0,0.0,0.0,0.0,1.0,False
1783095554376746970,53.215180029,zed_0_camera_center,zed_0_left_camera_frame,-0.01,0.060116712003946304,0.0,0.0,0.0,0.0,1.0,False
1783095554376816830,53.215249889,zed_0_camera_center,zed_0_right_camera_frame,-0.01,-0.060116712003946304,0.0,0.0,0.0,0.0,1.0,False
1783095554381260402,53.219693461,upperpassive,lowerpassive,0.0,0.0,-0.154,0.0,-0.07062692637449368,0.0,0.9975028006331068,False
1783095554381260402,53.219693461,mast,mainboom,0.0,-0.0601374,1.09553,0.33791644397260384,0.0,0.0,0.9411761136434085,False
1783095554381260402,53.219693461,lowerpassive,grapplecarrier,0.0,0.0,-0.261,0.0,0.0,-0.07758902606619346,0.9969854276939556,False
1783095554381260402,53.219693461,grapplecarrier,grappletong1,-0.275000000000001,-0.0192847891741644,-0.202,0.0,0.0,0.0,1.0,False
1783095554381260402,53.219693461,grapplecarrier,grappletong2,0.275000000000001,-0.0192847891741644,-0.202,0.0,0.0,0.0,1.0,False
1783095554381260402,53.219693461,telescope,upperpassive,0.0,2.03711,-0.20229,0.4202437755003584,0.0,0.0,0.9074112458820446,False
1783095554381260402,53.219693461,base_link,mast,0.0,0.0,0.26881,0.0,0.0,0.7660439693147032,0.6427881743440634,False
1783095554381260402,53.219693461,mainboom,stick,0.0,3.04904,-0.00649,-0.5475628139466467,0.0,0.0,0.8367645814581482,False
1783095554381260402,53.219693461,stick,telescope,0.0,0.6185073588162736,0.18656094558012243,0.0,0.0,0.0,1.0,False
1783095554432068269,53.270501328,upperpassive,lowerpassive,0.0,0.0,-0.154,0.0,-0.07062692637449368,0.0,0.9975028006331068,False
1783095554432068269,53.270501328,mast,mainboom,0.0,-0.0601374,1.09553,0.33791644397260384,0.0,0.0,0.9411761136434085,False
1783095554432068269,53.270501328,lowerpassive,grapplecarrier,0.0,0.0,-0.261,0.0,0.0,-0.07758902606619346,0.9969854276939556,False
1783095554432068269,53.270501328,grapplecarrier,grappletong1,-0.275000000000001,-0.0192847891741644,-0.202,0.0,0.0,0.0,1.0,False
1783095554432068269,53.270501328,grapplecarrier,grappletong2,0.275000000000001,-0.0192847891741644,-0.202,0.0,0.0,0.0,1.0,False
1783095554432068269,53.270501328,telescope,upperpassive,0.0,2.03711,-0.20229,0.4202437755003584,0.0,0.0,0.9074112458820446,False
1783095554432068269,53.270501328,base_link,mast,0.0,0.0,0.26881,0.0,0.0,0.7660439693147032,0.6427881743440634,False
1783095554432068269,53.270501328,mainboom,stick,0.0,3.04904,-0.00649,-0.5475628139466467,0.0,0.0,0.8367645814581482,False
1783095554432068269,53.270501328,stick,telescope,0.0,0.6186071422128957,0.18655436730082098,0.0,0.0,0.0,1.0,False
1783095554448945473,53.287378532,zed_0_camera_center,zed_0_left_camera_frame,-0.01,0.060116712003946304,0.0,0.0,0.0,0.0,1.0,False
1783095554448990050,53.287423109,zed_0_camera_center,zed_0_right_camera_frame,-0.01,-0.060116712003946304,0.0,0.0,0.0,0.0,1.0,False
1783095554491665732,53.330098791,upperpassive,lowerpassive,0.0,0.0,-0.154,0.0,-0.0714973840444936,0.0,0.9974407872524536,False
1783095554491665732,53.330098791,mast,mainboom,0.0,-0.0601374,1.09553,0.33791644397260384,0.0,0.0,0.9411761136434085,False
1783095554491665732,53.330098791,lowerpassive,grapplecarrier,0.0,0.0,-0.261,0.0,0.0,-0.07758902606619346,0.9969854276939556,False
1783095554491665732,53.330098791,grapplecarrier,grappletong1,-0.275000000000001,-0.0192847891741644,-0.202,0.0,0.0,0.0,1.0,False
1783095554491665732,53.330098791,grapplecarrier,grappletong2,0.275000000000001,-0.0192847891741644,-0.202,0.0,0.0,0.0,1.0,False
1783095554491665732,53.330098791,telescope,upperpassive,0.0,2.03711,-0.20229,0.4202437755003584,0.0,0.0,0.9074112458820446,False
1783095554491665732,53.330098791,base_link,mast,0.0,0.0,0.26881,0.0,0.0,0.7660439693147032,0.6427881743440634,False
1783095554491665732,53.330098791,mainboom,stick,0.0,3.04904,-0.00649,-0.5475628139466467,0.0,0.0,0.8367645814581482,False
1783095554491665732,53.330098791,stick,telescope,0.0,0.6186071422128957,0.18655436730082098,0.0,0.0,0.0,1.0,False
