time,phase,cycle,ee_x,ee_y,ee_z,target_x,target_y,target_z,pos_error,yaw,yaw_target,yaw_error,gripper,gripper_target
0.40,HOVER_UP,0,-5.5015,0.6481,0.0100,-4.1838,2.6326,1.6174,2.8737,1.4178,1.4178,0.0000,0.1058,0.0500
0.40,HOVER_UP,0,-5.5015,0.6481,0.0100,-4.1838,2.6326,1.6174,2.8737,1.4178,1.4178,0.0000,0.1058,0.0500
0.40,HOVER_UP,0,-5.5006,0.6480,0.0096,-4.1838,2.6326,1.6174,2.8737,1.4178,1.4178,0.0000,0.1058,0.0500
0.50,HOVER_UP,0,-5.4933,0.6471,0.0070,-4.1838,2.6326,1.6174,2.8724,1.4178,1.4178,0.0000,0.1058,0.0500
0.60,HOVER_UP,0,-5.4668,0.6543,0.0128,-4.1838,2.6326,1.6174,2.8521,1.4161,1.4161,0.0000,0.0891,0.0500
0.70,HOVER_UP,0,-5.3918,0.7071,0.0962,-4.1838,2.6326,1.6174,2.7352,1.4053,1.4053,0.0000,0.0742,0.0500
0.80,HOVER_UP,0,-5.3680,0.7561,0.1617,-4.1838,2.6326,1.6174,2.6538,1.3955,1.3955,0.0000,0.0740,0.0500
0.90,HOVER_UP,0,-5.3275,0.8967,0.3132,-4.1838,2.6326,1.6174,2.4541,1.3684,1.3684,0.0000,0.0719,0.0500
1.00,HOVER_UP,0,-5.2992,0.9866,0.3854,-4.1838,2.6326,1.6174,2.3391,1.3510,1.3510,0.0000,0.0687,0.0500
1.10,HOVER_UP,0,-5.2353,1.1888,0.5153,-4.1838,2.6326,1.6174,2.0988,1.3117,1.3117,0.0000,0.0640,0.0500
1.20,HOVER_UP,0,-5.1657,1.3904,0.6367,-4.1838,2.6326,1.6174,1.8626,1.2721,1.2721,0.0000,0.0608,0.0500
1.30,HOVER_UP,0,-5.1335,1.4808,0.6854,-4.1838,2.6326,1.6174,1.7599,1.2542,1.2542,0.0000,0.0597,0.0500
1.40,HOVER_UP,0,-5.0786,1.6200,0.7772,-4.1838,2.6326,1.6174,1.5913,1.2263,1.2263,0.0000,0.0578,0.0500
1.50,HOVER_UP,0,-5.0152,1.7591,0.8781,-4.1838,2.6326,1.6174,1.4145,1.1978,1.1978,0.0000,0.0558,0.0500
1.60,HOVER_UP,0,-4.9652,1.8728,0.9552,-4.1838,2.6326,1.6174,1.2754,1.1746,1.1746,0.0000,0.0546,0.0500
1.70,HOVER_UP,0,-4.9452,1.9162,0.9887,-4.1838,2.6326,1.6174,1.2200,1.1657,1.1657,0.0000,0.0542,0.0500
1.80,HOVER_UP,0,-4.9036,1.9995,1.0531,-4.1838,2.6326,1.6174,1.1124,1.1485,1.1485,0.0000,0.0534,0.0500
1.90,HOVER_UP,0,-4.8767,2.0476,1.0891,-4.1838,2.6326,1.6174,1.0495,1.1383,1.1383,0.0000,0.0529,0.0500
2.00,HOVER_UP,0,-4.8282,2.1358,1.1528,-4.1838,2.6326,1.6174,0.9370,1.1198,1.1198,0.0000,0.0523,0.0500
2.10,HOVER_UP,0,-4.8067,2.1732,1.1817,-4.1838,2.6326,1.6174,0.8882,1.1119,1.1119,0.0000,0.0520,0.0500
2.20,HOVER_UP,0,-4.7674,2.2391,1.2339,-4.1838,2.6326,1.6174,0.8015,1.0979,1.0979,0.0000,0.0515,0.0500
2.30,HOVER_UP,0,-4.7273,2.3007,1.2840,-4.1838,2.6326,1.6174,0.7188,1.0845,1.0845,0.0000,0.0512,0.0500
2.40,HOVER_UP,0,-4.7119,2.3244,1.3033,-4.1838,2.6326,1.6174,0.6874,1.0795,1.0795,0.0000,0.0510,0.0500
2.50,HOVER_UP,0,-4.6830,2.3660,1.3383,-4.1838,2.6326,1.6174,0.6311,1.0704,1.0704,0.0000,0.0508,0.0500
2.60,HOVER_UP,0,-4.6480,2.4128,1.3775,-4.1838,2.6326,1.6174,0.5669,1.0598,1.0598,0.0000,0.0506,0.0500
2.70,HOVER_UP,0,-4.6345,2.4296,1.3921,-4.1838,2.6326,1.6174,0.5432,1.0559,1.0559,0.0000,0.0506,0.0500
2.80,HOVER_UP,0,-4.6092,2.4593,1.4176,-4.1838,2.6326,1.6174,0.5009,1.0489,1.0489,0.0000,0.0505,0.0500
2.90,HOVER_UP,0,-4.5791,2.4927,1.4458,-4.1838,2.6326,1.6174,0.4531,1.0406,1.0406,0.0000,0.0504,0.0500
3.00,HOVER_UP,0,-4.5670,2.5042,1.4559,-4.1838,2.6326,1.6174,0.4352,1.0375,1.0375,0.0000,0.0503,0.0500
3.10,HOVER_UP,0,-4.5439,2.5245,1.4732,-4.1838,2.6326,1.6174,0.4027,1.0319,1.0319,0.0000,0.0503,0.0500
3.20,HOVER_UP,0,-4.5164,2.5470,1.4923,-4.1838,2.6326,1.6174,0.3656,1.0252,1.0252,0.0000,0.0502,0.0500
3.30,HOVER_UP,0,-4.5047,2.5543,1.4987,-4.1838,2.6326,1.6174,0.3510,1.0227,1.0227,0.0000,0.0502,0.0500
3.40,HOVER_UP,0,-4.4815,2.5664,1.5093,-4.1838,2.6326,1.6174,0.3236,1.0181,1.0181,0.0000,0.0501,0.0500
3.50,HOVER_UP,0,-4.4547,2.5799,1.5211,-4.1838,2.6326,1.6174,0.2923,1.0127,1.0127,0.0000,0.0501,0.0500
3.60,HOVER_UP,0,-4.4427,2.5834,1.5249,-4.1838,2.6326,1.6174,0.2794,1.0107,1.0107,0.0000,0.0501,0.0500
3.70,HOVER_UP,0,-4.4186,2.5885,1.5308,-4.1838,2.6326,1.6174,0.2541,1.0070,1.0070,0.0000,0.0501,0.0500
3.80,HOVER_UP,0,-4.3909,2.5944,1.5383,-4.1838,2.6326,1.6174,0.2250,1.0027,1.0027,0.0000,0.0501,0.0500
3.90,HOVER_UP,0,-4.3782,2.5948,1.5403,-4.1838,2.6326,1.6174,0.2125,1.0012,1.0012,0.0000,0.0500,0.0500
4.00,HOVER_UP,0,-4.3521,2.5938,1.5439,-4.1838,2.6326,1.6174,0.1877,0.9983,0.9983,0.0000,0.0500,0.0500
4.10,HOVER_UP,0,-4.3233,2.5933,1.5494,-4.1838,2.6326,1.6174,0.1601,0.9951,0.9951,0.0000,0.0500,0.0500
4.20,HOVER_UP,0,-4.3098,2.5912,1.5513,-4.1838,2.6326,1.6174,0.1482,0.9940,0.9940,0.0000,0.0500,0.0500
4.30,HOVER_UP,0,-4.2827,2.5858,1.5550,-4.1838,2.6326,1.6174,0.1259,0.9919,0.9919,0.0000,0.0500,0.0500
4.40,HOVER_UP,0,-4.2545,2.5815,1.5612,-4.1838,2.6326,1.6174,0.1038,0.9896,0.9896,0.0000,0.0500,0.0500
4.50,HOVER_UP,0,-4.2413,2.5779,1.5637,-4.1838,2.6326,1.6174,0.0958,0.9888,0.9888,0.0000,0.0500,0.0500
4.60,HOVER_UP,0,-4.2156,2.5706,1.5693,-4.1838,2.6326,1.6174,0.0847,0.9875,0.9875,0.0000,0.0500,0.0500
4.70,HOVER_UP,0,-4.1910,2.5632,1.5759,-4.1838,2.6326,1.6174,0.0812,0.9864,0.9864,0.0000,0.0500,0.0500
4.80,HOVER_UP,0,-4.1672,2.5572,1.5839,-4.1838,2.6326,1.6174,0.0842,0.9852,0.9852,0.0000,0.0500,0.0500
4.90,HOVER_UP,0,-4.1563,2.5536,1.5877,-4.1838,2.6326,1.6174,0.0887,0.9849,0.9849,0.0000,0.0500,0.0500
5.00,HOVER_UP,0,-4.1358,2.5468,1.5955,-4.1838,2.6326,1.6174,0.1007,0.9843,0.9843,0.0000,0.0500,0.0500
5.10,HOVER_UP,0,-4.1261,2.5439,1.5998,-4.1838,2.6326,1.6174,0.1073,0.9840,0.9840,0.0000,0.0500,0.0500
5.20,HOVER_UP,0,-4.1082,2.5384,1.6081,-4.1838,2.6326,1.6174,0.1212,0.9836,0.9836,0.0000,0.0500,0.0500
5.30,HOVER_UP,0,-4.0922,2.5336,1.6162,-4.1838,2.6326,1.6174,0.1349,0.9832,0.9832,0.0000,0.0500,0.0500
5.40,HOVER_UP,0,-4.0851,2.5312,1.6199,-4.1838,2.6326,1.6174,0.1415,0.9831,0.9831,0.0000,0.0500,0.0500
5.50,HOVER_UP,0,-4.0726,2.5272,1.6268,-4.1838,2.6326,1.6174,0.1535,0.9829,0.9829,0.0000,0.0500,0.0500
5.60,HOVER_UP,0,-4.0621,2.5247,1.6330,-4.1838,2.6326,1.6174,0.1633,0.9825,0.9825,0.0000,0.0500,0.0500
5.70,HOVER_UP,0,-4.0580,2.5237,1.6356,-4.1838,2.6326,1.6174,0.1674,0.9824,0.9824,0.0000,0.0500,0.0500
5.80,HOVER_UP,0,-4.0516,2.5225,1.6397,-4.1838,2.6326,1.6174,0.1734,0.9821,0.9821,0.0000,0.0500,0.0500
5.90,HOVER_UP,0,-4.0493,2.5226,1.6413,-4.1838,2.6326,1.6174,0.1754,0.9819,0.9819,0.0000,0.0500,0.0500
6.00,HOVER_UP,0,-4.0465,2.5236,1.6433,-4.1838,2.6326,1.6174,0.1772,0.9815,0.9815,0.0000,0.0500,0.0500
6.10,HOVER_UP,0,-4.0462,2.5257,1.6439,-4.1838,2.6326,1.6174,0.1762,0.9810,0.9810,0.0000,0.0500,0.0500
6.20,HOVER_UP,0,-4.0483,2.5291,1.6433,-4.1838,2.6326,1.6174,0.1724,0.9805,0.9805,0.0000,0.0500,0.0500
6.30,HOVER_UP,0,-4.0502,2.5313,1.6424,-4.1838,2.6326,1.6174,0.1695,0.9802,0.9802,0.0000,0.0500,0.0500
6.40,HOVER_UP,0,-4.0559,2.5365,1.6397,-4.1838,2.6326,1.6174,0.1615,0.9795,0.9795,0.0000,0.0501,0.0500
6.50,HOVER_UP,0,-4.0595,2.5397,1.6380,-4.1838,2.6326,1.6174,0.1565,0.9792,0.9792,0.0000,0.0500,0.0500
6.60,HOVER_UP,0,-4.0684,2.5469,1.6342,-4.1838,2.6326,1.6174,0.1447,0.9784,0.9784,0.0000,0.0500,0.0500
6.70,HOVER_UP,0,-4.0793,2.5551,1.6299,-4.1838,2.6326,1.6174,0.1306,0.9777,0.9777,0.0000,0.0500,0.0500
6.80,HOVER_UP,0,-4.0855,2.5595,1.6276,-4.1838,2.6326,1.6174,0.1229,0.9773,0.9773,0.0000,0.0500,0.0500
6.90,HOVER_UP,0,-4.0991,2.5690,1.6231,-4.1838,2.6326,1.6174,0.1060,0.9766,0.9766,0.0000,0.0500,0.0500
7.00,HOVER_UP,0,-4.1141,2.5796,1.6192,-4.1838,2.6326,1.6174,0.0876,0.9759,0.9759,0.0000,0.0500,0.0500
7.10,HOVER_UP,0,-4.1221,2.5852,1.6173,-4.1838,2.6326,1.6174,0.0778,0.9756,0.9756,0.0000,0.0500,0.0500
7.20,HOVER_UP,0,-4.1391,2.5967,1.6141,-4.1838,2.6326,1.6174,0.0574,0.9751,0.9751,0.0000,0.0500,0.0500
7.30,HOVER_UP,0,-4.1572,2.6090,1.6117,-4.1838,2.6326,1.6174,0.0361,0.9747,0.9747,0.0000,0.0500,0.0500
7.40,HOVER_UP,0,-4.1666,2.6152,1.6111,-4.1838,2.6326,1.6174,0.0253,0.9745,0.9745,0.0000,0.0500,0.0500
7.50,HOVER_UP,0,-4.1861,2.6279,1.6105,-4.1838,2.6326,1.6174,0.0086,0.9744,0.9744,0.0000,0.0500,0.0500
7.60,HOVER_UP,0,-4.2057,2.6412,1.6114,-4.1838,2.6326,1.6174,0.0243,0.9743,0.9743,0.0000,0.0500,0.0500
7.70,HOVER_UP,0,-4.2157,2.6476,1.6122,-4.1838,2.6326,1.6174,0.0356,0.9743,0.9743,0.0000,0.0500,0.0500
7.80,HOVER_UP,0,-4.2350,2.6601,1.6149,-4.1838,2.6326,1.6174,0.0582,0.9745,0.9745,0.0000,0.0500,0.0500
7.90,ALIGN_YAW,0,-4.2533,2.6722,1.6187,-4.1838,2.6326,1.6174,0.0800,0.9747,0.9747,0.0000,0.0500,0.0500
8.00,ALIGN_YAW,0,-4.2620,2.6778,1.6209,-4.1838,2.6326,1.6174,0.0904,0.9749,-1.4102,2.3851,0.0500,0.0500
8.10,ALIGN_YAW,0,-4.2780,2.6885,1.6257,-4.1838,2.6326,1.6174,0.1099,0.9752,-1.4102,2.3855,0.0500,0.0500
8.20,ALIGN_YAW,0,-4.2922,2.6977,1.6308,-4.1838,2.6326,1.6174,0.1272,1.0309,-1.4102,2.4411,0.0500,0.0500
8.30,ALIGN_YAW,0,-4.2986,2.7019,1.6334,-4.1838,2.6326,1.6174,0.1350,1.0581,-1.4102,2.4683,0.0500,0.0500
8.40,ALIGN_YAW,0,-4.3100,2.7093,1.6385,-4.1838,2.6326,1.6174,0.1492,1.1112,-1.4102,2.5214,0.0500,0.0500
8.50,ALIGN_YAW,0,-4.3150,2.7126,1.6409,-4.1838,2.6326,1.6174,0.1555,1.1372,-1.4102,2.5474,0.0500,0.0500
8.60,ALIGN_YAW,0,-4.3236,2.7182,1.6454,-4.1838,2.6326,1.6174,0.1663,1.1885,-1.4102,2.5988,0.0500,0.0500
8.70,ALIGN_YAW,0,-4.3302,2.7227,1.6489,-4.1838,2.6326,1.6174,0.1748,1.2394,-1.4102,2.6497,0.0500,0.0500
8.80,ALIGN_YAW,0,-4.3327,2.7243,1.6503,-4.1838,2.6326,1.6174,0.1780,1.2649,-1.4102,2.6752,0.0500,0.0500
8.90,ALIGN_YAW,0,-4.3361,2.7265,1.6523,-4.1838,2.6326,1.6174,0.1823,1.3164,-1.4102,2.7266,0.0500,0.0500
9.00,ALIGN_YAW,0,-4.3368,2.7271,1.6529,-4.1838,2.6326,1.6174,0.1833,1.3424,-1.4102,2.7526,0.0500,0.0500
9.10,ALIGN_YAW,0,-4.3367,2.7272,1.6530,-4.1838,2.6326,1.6174,0.1833,1.3956,-1.4102,2.8058,0.0500,0.0500
9.20,ALIGN_YAW,0,-4.3359,2.7268,1.6526,-4.1838,2.6326,1.6174,0.1824,1.4229,-1.4102,2.8331,0.0500,0.0500
9.30,ALIGN_YAW,0,-4.3328,2.7250,1.6510,-4.1838,2.6326,1.6174,0.1785,1.4735,-1.4102,2.8837,0.0500,0.0500
9.40,ALIGN_YAW,0,-4.3276,2.7220,1.6485,-4.1838,2.6326,1.6174,0.1722,1.5178,-1.4102,2.9280,0.0500,0.0500
9.50,ALIGN_YAW,0,-4.3243,2.7200,1.6467,-4.1838,2.6326,1.6174,0.1681,1.5355,-1.4102,2.9458,0.0500,0.0500
9.60,ALIGN_YAW,0,-4.3163,2.7150,1.6428,-4.1838,2.6326,1.6174,0.1581,1.5687,-1.4102,2.9789,0.0500,0.0500
9.70,ALIGN_YAW,0,-4.3065,2.7089,1.6385,-4.1838,2.6326,1.6174,0.1461,1.5985,-1.4102,3.0087,0.0500,0.0500
9.80,ALIGN_YAW,0,-4.3010,2.7055,1.6363,-4.1838,2.6326,1.6174,0.1393,1.6107,-1.4102,3.0210,0.0500,0.0500
9.90,ALIGN_YAW,0,-4.2888,2.6980,1.6317,-4.1838,2.6326,1.6174,0.1245,1.6337,-1.4102,3.0439,0.0500,0.0500
10.00,ALIGN_YAW,0,-4.2751,2.6894,1.6273,-4.1838,2.6326,1.6174,0.1080,1.6532,-1.4102,3.0635,0.0500,0.0500
10.10,ALIGN_YAW,0,-4.2677,2.6849,1.6250,-4.1838,2.6326,1.6174,0.0992,1.6620,-1.4102,3.0722,0.0500,0.0500
10.20,ALIGN_YAW,0,-4.2523,2.6751,1.6209,-4.1838,2.6326,1.6174,0.0808,1.6777,-1.4102,3.0880,0.0500,0.0500
10.30,ALIGN_YAW,0,-4.2361,2.6650,1.6179,-4.1838,2.6326,1.6174,0.0616,1.6909,-1.4102,3.1011,0.0500,0.0500
10.40,ALIGN_YAW,0,-4.2278,2.6599,1.6165,-4.1838,2.6326,1.6174,0.0519,1.6960,-1.4102,3.1063,0.0500,0.0500
10.50,ALIGN_YAW,0,-4.2112,2.6496,1.6144,-4.1838,2.6326,1.6174,0.0324,1.7050,-1.4102,3.1152,0.0500,0.0500
10.60,ALIGN_YAW,0,-4.1947,2.6392,1.6132,-4.1838,2.6326,1.6174,0.0135,1.7116,-1.4102,3.1219,0.0500,0.0500
10.70,ALIGN_YAW,0,-4.1866,2.6341,1.6131,-4.1838,2.6326,1.6174,0.0053,1.7138,-1.4102,3.1240,0.0500,0.0500
10.80,ALIGN_YAW,0,-4.1705,2.6240,1.6135,-4.1838,2.6326,1.6174,0.0163,1.7165,-1.4102,3.1267,0.0500,0.0500
10.90,ALIGN_YAW,0,-4.1625,2.6190,1.6140,-4.1838,2.6326,1.6174,0.0254,1.7170,-1.4102,3.1272,0.0500,0.0500
11.00,ALIGN_YAW,0,-4.1470,2.6093,1.6159,-4.1838,2.6326,1.6174,0.0435,1.7165,-1.4102,3.1267,0.0500,0.0500
11.10,ALIGN_YAW,0,-4.1320,2.5999,1.6185,-4.1838,2.6326,1.6174,0.0613,1.7141,-1.4102,3.1243,0.0500,0.0500
11.20,ALIGN_YAW,0,-4.1174,2.5907,1.6218,-4.1838,2.6326,1.6174,0.0786,1.7103,-1.4102,3.1205,0.0500,0.0500
11.30,ALIGN_YAW,0,-4.1104,2.5863,1.6236,-4.1838,2.6326,1.6174,0.0869,1.7079,-1.4102,3.1182,0.0500,0.0500
11.40,ALIGN_YAW,0,-4.0970,2.5779,1.6276,-4.1838,2.6326,1.6174,0.1031,1.7029,-1.4102,3.1131,0.0500,0.0500
11.50,ALIGN_YAW,0,-4.0846,2.5702,1.6316,-4.1838,2.6326,1.6174,0.1181,1.6975,-1.4102,3.1078,0.0500,0.0500
11.60,ALIGN_YAW,0,-4.0789,2.5666,1.6338,-4.1838,2.6326,1.6174,0.1250,1.6949,-1.4102,3.1051,0.0500,0.0500
11.70,ALIGN_YAW,0,-4.0687,2.5602,1.6380,-4.1838,2.6326,1.6174,0.1375,1.6897,-1.4102,3.0999,0.0500,0.0500
11.80,ALIGN_YAW,0,-4.0603,2.5549,1.6414,-4.1838,2.6326,1.6174,0.1479,1.6849,-1.4102,3.0951,0.0500,0.0500
11.90,ALIGN_YAW,0,-4.0568,2.5526,1.6431,-4.1838,2.6326,1.6174,0.1522,1.6828,-1.4102,3.0930,0.0500,0.0500
12.00,ALIGN_YAW,0,-4.0512,2.5491,1.6459,-4.1838,2.6326,1.6174,0.1592,1.6792,-1.4102,3.0895,0.0500,0.0500
12.10,ALIGN_YAW,0,-4.0476,2.5470,1.6477,-4.1838,2.6326,1.6174,0.1637,1.6766,-1.4102,3.0869,0.0500,0.0500
12.20,ALIGN_YAW,0,-4.0462,2.5458,1.6486,-4.1838,2.6326,1.6174,0.1657,1.6753,-1.4102,3.0856,0.0500,0.0500
12.30,ALIGN_YAW,0,-4.0459,2.5458,1.6488,-4.1838,2.6326,1.6174,0.1659,1.6752,-1.4102,3.0854,0.0500,0.0500
12.40,ALIGN_YAW,0,-4.0468,2.5465,1.6483,-4.1838,2.6326,1.6174,0.1648,1.6760,-1.4102,3.0862,0.0500,0.0500
12.50,ALIGN_YAW,0,-4.0480,2.5471,1.6478,-4.1838,2.6326,1.6174,0.1633,1.6769,-1.4102,3.0872,0.0500,0.0500
12.60,ALIGN_YAW,0,-4.0516,2.5494,1.6460,-4.1838,2.6326,1.6174,0.1588,1.6797,-1.4102,3.0900,0.0500,0.0500
12.70,ALIGN_YAW,0,-4.0571,2.5528,1.6434,-4.1838,2.6326,1.6174,0.1519,1.6836,-1.4102,3.0939,0.0500,0.0500
12.80,ALIGN_YAW,0,-4.0605,2.5550,1.6419,-4.1838,2.6326,1.6174,0.1477,1.6859,-1.4102,3.0962,0.0500,0.0500
12.90,ALIGN_YAW,0,-4.0686,2.5601,1.6384,-4.1838,2.6326,1.6174,0.1377,1.6912,-1.4102,3.1014,0.0500,0.0500
13.00,ALIGN_YAW,0,-4.0732,2.5631,1.6365,-4.1838,2.6326,1.6174,0.1320,1.6940,-1.4102,3.1043,0.0500,0.0500
13.10,ALIGN_YAW,0,-4.0836,2.5695,1.6325,-4.1838,2.6326,1.6174,0.1194,1.7001,-1.4102,3.1104,0.0500,0.0500
13.20,ALIGN_YAW,0,-4.0952,2.5767,1.6285,-4.1838,2.6326,1.6174,0.1053,1.7064,-1.4102,3.1167,0.0500,0.0500
13.30,ALIGN_YAW,0,-4.1077,2.5847,1.6247,-4.1838,2.6326,1.6174,0.0902,1.7126,-1.4102,3.1228,0.0500,0.0500
13.40,ALIGN_YAW,0,-4.1143,2.5889,1.6229,-4.1838,2.6326,1.6174,0.0823,1.7155,-1.4102,3.1258,0.0500,0.0500
13.50,ALIGN_YAW,0,-4.1281,2.5976,1.6197,-4.1838,2.6326,1.6174,0.0658,1.7208,-1.4102,3.1311,0.0500,0.0500
13.60,ALIGN_YAW,0,-4.1426,2.6067,1.6171,-4.1838,2.6326,1.6174,0.0487,1.7251,-1.4102,3.1354,0.0500,0.0500
13.70,ALIGN_YAW,0,-4.1500,2.6114,1.6160,-4.1838,2.6326,1.6174,0.0399,1.7268,-1.4102,3.1370,0.0500,0.0500
13.80,ALIGN_YAW,0,-4.1654,2.6209,1.6144,-4.1838,2.6326,1.6174,0.0220,1.7291,-1.4102,3.1393,0.0500,0.0500
13.90,ALIGN_YAW,0,-4.1812,2.6309,1.6139,-4.1838,2.6326,1.6174,0.0047,1.7298,-1.4102,3.1400,0.0500,0.0500
14.00,ALIGN_YAW,0,-4.1973,2.6411,1.6142,-4.1838,2.6326,1.6174,0.0163,1.7290,-1.4102,3.1392,0.0500,0.0500
14.10,ALIGN_YAW,0,-4.2055,2.6462,1.6147,-4.1838,2.6326,1.6174,0.0257,1.7281,-1.4102,3.1383,0.0500,0.0500
14.20,ALIGN_YAW,0,-4.2218,2.6565,1.6163,-4.1838,2.6326,1.6174,0.0449,1.7253,-1.4102,3.1355,0.0500,0.0500
14.30,ALIGN_YAW,0,-4.2379,2.6667,1.6187,-4.1838,2.6326,1.6174,0.0640,1.7214,-1.4102,3.1317,0.0500,0.0500
14.40,ALIGN_YAW,0,-4.2458,2.6717,1.6203,-4.1838,2.6326,1.6174,0.0733,1.7192,-1.4102,3.1294,0.0500,0.0500
14.50,ALIGN_YAW,0,-4.2609,2.6811,1.6237,-4.1838,2.6326,1.6174,0.0913,1.7142,-1.4102,3.1244,0.0500,0.0500
14.60,ALIGN_YAW,0,-4.2748,2.6897,1.6276,-4.1838,2.6326,1.6174,0.1079,1.7086,-1.4102,3.1189,0.0500,0.0500
14.70,ALIGN_YAW,0,-4.2811,2.6939,1.6297,-4.1838,2.6326,1.6174,0.1157,1.7057,-1.4102,3.1159,0.0500,0.0500
14.80,ALIGN_YAW,0,-4.2926,2.7012,1.6338,-4.1838,2.6326,1.6174,0.1297,1.6997,-1.4102,3.1100,0.0500,0.0500
14.90,ALIGN_YAW,0,-4.2977,2.7043,1.6358,-4.1838,2.6326,1.6174,0.1359,1.6968,-1.4102,3.1070,0.0500,0.0500
15.00,ALIGN_YAW,0,-4.3065,2.7097,1.6395,-4.1838,2.6326,1.6174,0.1466,1.6910,-1.4102,3.1012,0.0500,0.0500
15.10,ALIGN_YAW,0,-4.3100,2.7120,1.6411,-4.1838,2.6326,1.6174,0.1510,1.6881,-1.4102,3.0983,0.0500,0.0500
15.20,ALIGN_YAW,0,-4.3156,2.7157,1.6439,-4.1838,2.6326,1.6174,0.1581,1.6829,-1.4102,3.0931,0.0500,0.0500
15.30,ALIGN_YAW,0,-4.3178,2.7169,1.6451,-4.1838,2.6326,1.6174,0.1607,1.6806,-1.4102,3.0908,0.0500,0.0500
15.40,ALIGN_YAW,0,-4.3209,2.7188,1.6469,-4.1838,2.6326,1.6174,0.1646,1.6769,-1.4102,3.0872,0.0500,0.0500
15.50,ALIGN_YAW,0,-4.3219,2.7195,1.6475,-4.1838,2.6326,1.6174,0.1659,1.6756,-1.4102,3.0859,0.0500,0.0500
15.60,ALIGN_YAW,0,-4.3229,2.7203,1.6481,-4.1838,2.6326,1.6174,0.1672,1.6743,-1.4102,3.0846,0.0500,0.0500
15.70,ALIGN_YAW,0,-4.3225,2.7198,1.6478,-4.1838,2.6326,1.6174,0.1667,1.6747,-1.4102,3.0850,0.0500,0.0500
15.80,ALIGN_YAW,0,-4.3216,2.7193,1.6474,-4.1838,2.6326,1.6174,0.1656,1.6754,-1.4102,3.0856,0.0500,0.0500
15.90,ALIGN_YAW,0,-4.3184,2.7175,1.6459,-4.1838,2.6326,1.6174,0.1616,1.6777,-1.4102,3.0879,0.0500,0.0500
16.00,ALIGN_YAW,0,-4.3136,2.7142,1.6435,-4.1838,2.6326,1.6174,0.1556,1.6813,-1.4102,3.0915,0.0500,0.0500
16.10,ALIGN_YAW,0,-4.3105,2.7124,1.6421,-4.1838,2.6326,1.6174,0.1518,1.6834,-1.4102,3.0937,0.0500,0.0500
16.20,ALIGN_YAW,0,-4.3032,2.7079,1.6389,-4.1838,2.6326,1.6174,0.1428,1.6885,-1.4102,3.0987,0.0500,0.0500
16.30,ALIGN_YAW,0,-4.2945,2.7023,1.6352,-4.1838,2.6326,1.6174,0.1321,1.6944,-1.4102,3.1046,0.0500,0.0500
16.40,ALIGN_YAW,0,-4.2846,2.6960,1.6314,-4.1838,2.6326,1.6174,0.1199,1.7007,-1.4102,3.1109,0.0500,0.0500
16.50,ALIGN_YAW,0,-4.2791,2.6927,1.6294,-4.1838,2.6326,1.6174,0.1133,1.7039,-1.4102,3.1141,0.0500,0.0500
16.60,ALIGN_YAW,0,-4.2674,2.6854,1.6256,-4.1838,2.6326,1.6174,0.0993,1.7103,-1.4102,3.1205,0.0500,0.0500
16.70,ALIGN_YAW,0,-4.2549,2.6774,1.6220,-4.1838,2.6326,1.6174,0.0841,1.7162,-1.4102,3.1265,0.0500,0.0500
16.80,ALIGN_YAW,0,-4.2482,2.6732,1.6204,-4.1838,2.6326,1.6174,0.0762,1.7189,-1.4102,3.1292,0.0500,0.0500
16.90,ALIGN_YAW,0,-4.2343,2.6644,1.6175,-4.1838,2.6326,1.6174,0.0597,1.7236,-1.4102,3.1338,0.0500,0.0500
17.00,ALIGN_YAW,0,-4.2197,2.6552,1.6154,-4.1838,2.6326,1.6174,0.0424,1.7271,-1.4102,3.1373,0.0500,0.0500
17.10,ALIGN_YAW,0,-4.2120,2.6505,1.6145,-4.1838,2.6326,1.6174,0.0335,1.7282,-1.4102,3.1385,0.0500,0.0500
17.20,ALIGN_YAW,0,-4.1964,2.6406,1.6136,-4.1838,2.6326,1.6174,0.0154,1.7296,-1.4102,3.1398,0.0500,0.0500
17.30,ALIGN_YAW,0,-4.1803,2.6305,1.6135,-4.1838,2.6326,1.6174,0.0057,1.7296,-1.4102,3.1399,0.0500,0.0500
17.40,ALIGN_YAW,0,-4.1641,2.6202,1.6141,-4.1838,2.6326,1.6174,0.0235,1.7283,-1.4102,3.1386,0.0500,0.0500
17.50,ALIGN_YAW,0,-4.1560,2.6151,1.6148,-4.1838,2.6326,1.6174,0.0330,1.7272,-1.4102,3.1375,0.0500,0.0500
17.60,ALIGN_YAW,0,-4.1399,2.6052,1.6170,-4.1838,2.6326,1.6174,0.0517,1.7242,-1.4102,3.1345,0.0500,0.0500
17.70,ALIGN_YAW,0,-4.1322,2.6003,1.6183,-4.1838,2.6326,1.6174,0.0609,1.7224,-1.4102,3.1326,0.0500,0.0500
17.80,ALIGN_YAW,0,-4.1174,2.5908,1.6213,-4.1838,2.6326,1.6174,0.0785,1.7182,-1.4102,3.1284,0.0501,0.0500
17.90,DESCEND,0,-4.1037,2.5824,1.6250,-4.1838,2.6326,1.6174,0.0948,1.7133,-1.4102,3.1235,0.0500,0.0500
18.00,DESCEND,0,-4.0974,2.5784,1.6268,-4.1838,2.6326,-0.2826,1.9121,1.7107,-1.4102,3.1209,0.0500,0.0500
18.10,DESCEND,0,-4.0862,2.5711,1.6305,-4.1838,2.6326,-0.2826,1.9165,1.7080,-1.4102,3.1182,0.0500,0.0500
18.20,DESCEND,0,-4.0977,2.5786,1.5633,-4.1838,2.6326,-0.2826,1.8487,1.6892,-1.4102,3.0995,0.0500,0.0500
18.30,DESCEND,0,-4.1066,2.5841,1.4923,-4.1838,2.6326,-0.2826,1.7772,1.6739,-1.4102,3.0842,0.0500,0.0500
18.40,DESCEND,0,-4.1004,2.5800,1.3152,-4.1838,2.6326,-0.2826,1.6008,1.6467,-1.4102,3.0570,0.0500,0.0500
18.50,DESCEND,0,-4.0900,2.5737,1.1494,-4.1838,2.6326,-0.2826,1.4363,1.6288,-1.4102,3.0390,0.0500,0.0500
18.60,DESCEND,0,-4.0877,2.5723,1.0783,-4.1838,2.6326,-0.2826,1.3656,1.6250,-1.4102,3.0352,0.0500,0.0500
18.70,DESCEND,0,-4.0934,2.5758,0.9619,-4.1838,2.6326,-0.2826,1.2491,1.6272,-1.4102,3.0374,0.0500,0.0500
18.80,DESCEND,0,-4.0943,2.5763,0.8940,-4.1838,2.6326,-0.2826,1.1813,1.6266,-1.4102,3.0369,0.0500,0.0500
18.90,DESCEND,0,-4.0967,2.5778,0.7656,-4.1838,2.6326,-0.2826,1.0532,1.6332,-1.4102,3.0435,0.0500,0.0500
19.00,DESCEND,0,-4.0989,2.5793,0.7071,-4.1838,2.6326,-0.2826,0.9948,1.6405,-1.4102,3.0507,0.0500,0.0500
19.10,DESCEND,0,-4.1071,2.5845,0.5989,-4.1838,2.6326,-0.2826,0.8861,1.6587,-1.4102,3.0689,0.0500,0.0500
19.20,DESCEND,0,-4.1227,2.5941,0.5098,-4.1838,2.6326,-0.2826,0.7957,1.6810,-1.4102,3.0912,0.0500,0.0500
19.30,DESCEND,0,-4.1297,2.5987,0.4599,-4.1838,2.6326,-0.2826,0.7452,1.6909,-1.4102,3.1011,0.0500,0.0500
19.40,DESCEND,0,-4.1453,2.6085,0.3622,-4.1838,2.6326,-0.2826,0.6463,1.7095,-1.4102,3.1197,0.0500,0.0500
19.50,DESCEND,0,-4.1549,2.6145,0.3258,-4.1838,2.6326,-0.2826,0.6093,1.7189,-1.4102,3.1291,0.0500,0.0500
19.60,DESCEND,0,-4.1786,2.6293,0.2641,-4.1838,2.6326,-0.2826,0.5467,1.7338,-1.4102,3.1392,0.0500,0.0500
19.70,DESCEND,0,-4.2007,2.6433,0.1933,-4.1838,2.6326,-0.2826,0.4763,1.7432,-1.4102,3.1297,0.0500,0.0500
19.80,DESCEND,0,-4.2131,2.6511,0.1677,-4.1838,2.6326,-0.2826,0.4516,1.7458,-1.4102,3.1271,0.0500,0.0500
19.90,DESCEND,0,-4.2381,2.6667,0.1239,-4.1838,2.6326,-0.2826,0.4115,1.7471,-1.4102,3.1258,0.0500,0.0500
20.00,DESCEND,0,-4.2501,2.6742,0.1004,-4.1838,2.6326,-0.2826,0.3909,1.7456,-1.4102,3.1273,0.0500,0.0500
20.10,DESCEND,0,-4.2742,2.6895,0.0611,-4.1838,2.6326,-0.2826,0.3599,1.7388,-1.4102,3.1342,0.0500,0.0500
20.20,DESCEND,0,-4.2971,2.7039,0.0284,-4.1838,2.6326,-0.2826,0.3386,1.7270,-1.4102,3.1373,0.0500,0.0500
20.30,DESCEND,0,-4.3081,2.7109,0.0171,-4.1838,2.6326,-0.2826,0.3337,1.7200,-1.4102,3.1302,0.0500,0.0500
20.40,DESCEND,0,-4.3287,2.7237,-0.0016,-4.1838,2.6326,-0.2826,0.3290,1.7038,-1.4102,3.1140,0.0500,0.0500
20.50,DESCEND,0,-4.3381,2.7296,-0.0120,-4.1838,2.6326,-0.2826,0.3263,1.6943,-1.4102,3.1045,0.0500,0.0500
20.60,DESCEND,0,-4.3462,2.7347,-0.0219,-4.1838,2.6326,-0.2826,0.3236,1.6862,-1.4102,3.0965,0.0500,0.0500
20.70,DESCEND,0,-4.3484,2.7363,-0.0300,-4.1838,2.6326,-0.2826,0.3188,1.6857,-1.4102,3.0960,0.0501,0.0500
20.80,DESCEND,0,-4.3514,2.7384,-0.0350,-4.1838,2.6326,-0.2826,0.3171,1.6866,-1.4102,3.0968,0.0500,0.0500
20.90,DESCEND,0,-4.3549,2.7406,-0.0398,-4.1838,2.6326,-0.2826,0.3161,1.6875,-1.4102,3.0977,0.0500,0.0500
21.00,DESCEND,0,-4.3581,2.7427,-0.0444,-4.1838,2.6326,-0.2826,0.3150,1.6885,-1.4102,3.0988,0.0500,0.0500
21.10,DESCEND,0,-4.3605,2.7443,-0.0522,-4.1838,2.6326,-0.2826,0.3111,1.6894,-1.4102,3.0996,0.0500,0.0500
21.20,DESCEND,0,-4.3605,2.7443,-0.0522,-4.1838,2.6326,-0.2826,0.3111,1.6894,-1.4102,3.0996,0.0500,0.0500
21.30,DESCEND,0,-4.3612,2.7446,-0.0614,-4.1838,2.6326,-0.2826,0.3049,1.6897,-1.4102,3.1000,0.0500,0.0500
21.40,DESCEND,0,-4.3634,2.7458,-0.0658,-4.1838,2.6326,-0.2826,0.3034,1.6915,-1.4102,3.1017,0.0500,0.0500
21.50,DESCEND,0,-4.3653,2.7468,-0.0704,-4.1838,2.6326,-0.2826,0.3017,1.6931,-1.4102,3.1033,0.0499,0.0500
21.60,DESCEND,0,-4.3672,2.7478,-0.0737,-4.1838,2.6326,-0.2826,0.3008,1.6959,-1.4102,3.1061,0.0499,0.0500
21.70,DESCEND,0,-4.3674,2.7477,-0.0804,-4.1838,2.6326,-0.2826,0.2964,1.6967,-1.4102,3.1069,0.0498,0.0500
21.80,DESCEND,0,-4.3672,2.7473,-0.0875,-4.1838,2.6326,-0.2826,0.2913,1.6978,-1.4102,3.1081,0.0498,0.0500
21.90,DESCEND,0,-4.3665,2.7467,-0.0948,-4.1838,2.6326,-0.2826,0.2858,1.6988,-1.4102,3.1090,0.0498,0.0500
22.00,DESCEND,0,-4.3660,2.7463,-0.1017,-4.1838,2.6326,-0.2826,0.2808,1.6999,-1.4102,3.1102,0.0498,0.0500
22.10,DESCEND,0,-4.3663,2.7465,-0.1084,-4.1838,2.6326,-0.2826,0.2768,1.7005,-1.4102,3.1108,0.0498,0.0500
22.20,DESCEND,0,-4.3663,2.7465,-0.1084,-4.1838,2.6326,-0.2826,0.2768,1.7005,-1.4102,3.1108,0.0498,0.0500
22.30,DESCEND,0,-4.3658,2.7460,-0.1146,-4.1838,2.6326,-0.2826,0.2724,1.7019,-1.4102,3.1121,0.0498,0.0500
22.40,DESCEND,0,-4.3650,2.7454,-0.1216,-4.1838,2.6326,-0.2826,0.2673,1.7030,-1.4102,3.1133,0.0498,0.0500
22.50,DESCEND,0,-4.3643,2.7448,-0.1295,-4.1838,2.6326,-0.2826,0.2619,1.7037,-1.4102,3.1140,0.0498,0.0500
22.60,DESCEND,0,-4.3635,2.7441,-0.1355,-4.1838,2.6326,-0.2826,0.2576,1.7048,-1.4102,3.1150,0.0498,0.0500
22.70,DESCEND,0,-4.3624,2.7431,-0.1413,-4.1838,2.6326,-0.2826,0.2531,1.7051,-1.4102,3.1154,0.0498,0.0500
22.80,DESCEND,0,-4.3615,2.7424,-0.1459,-4.1838,2.6326,-0.2826,0.2496,1.7053,-1.4102,3.1155,0.0497,0.0500
22.90,DESCEND,0,-4.3615,2.7424,-0.1459,-4.1838,2.6326,-0.2826,0.2496,1.7053,-1.4102,3.1155,0.0497,0.0500
23.00,DESCEND,0,-4.3604,2.7414,-0.1497,-4.1838,2.6326,-0.2826,0.2463,1.7063,-1.4102,3.1165,0.0497,0.0500
23.10,DESCEND,0,-4.3588,2.7400,-0.1537,-4.1838,2.6326,-0.2826,0.2425,1.7075,-1.4102,3.1177,0.0497,0.0500
23.20,DESCEND,0,-4.3578,2.7391,-0.1582,-4.1838,2.6326,-0.2826,0.2389,1.7086,-1.4102,3.1189,0.0497,0.0500
23.30,DESCEND,0,-4.3574,2.7388,-0.1619,-4.1838,2.6326,-0.2826,0.2366,1.7092,-1.4102,3.1195,0.0496,0.0500
23.40,DESCEND,0,-4.3567,2.7381,-0.1657,-4.1838,2.6326,-0.2826,0.2338,1.7099,-1.4102,3.1201,0.0496,0.0500
23.50,DESCEND,0,-4.3563,2.7377,-0.1693,-4.1838,2.6326,-0.2826,0.2316,1.7107,-1.4102,3.1210,0.0496,0.0500
23.60,DESCEND,0,-4.3566,2.7380,-0.1724,-4.1838,2.6326,-0.2826,0.2305,1.7115,-1.4102,3.1217,0.0496,0.0500
23.70,DESCEND,0,-4.3572,2.7384,-0.1751,-4.1838,2.6326,-0.2826,0.2298,1.7120,-1.4102,3.1222,0.0497,0.0500
23.80,DESCEND,0,-4.3572,2.7384,-0.1751,-4.1838,2.6326,-0.2826,0.2298,1.7120,-1.4102,3.1222,0.0497,0.0500
23.90,DESCEND,0,-4.3573,2.7386,-0.1775,-4.1838,2.6326,-0.2826,0.2289,1.7127,-1.4102,3.1229,0.0497,0.0500
24.00,DESCEND,0,-4.3558,2.7375,-0.1811,-4.1838,2.6326,-0.2826,0.2256,1.7134,-1.4102,3.1236,0.0497,0.0500
24.10,DESCEND,0,-4.3550,2.7371,-0.1843,-4.1838,2.6326,-0.2826,0.2234,1.7145,-1.4102,3.1247,0.0497,0.0500
24.20,DESCEND,0,-4.3549,2.7372,-0.1865,-4.1838,2.6326,-0.2826,0.2224,1.7152,-1.4102,3.1255,0.0497,0.0500
24.30,DESCEND,0,-4.3549,2.7374,-0.1889,-4.1838,2.6326,-0.2826,0.2215,1.7156,-1.4102,3.1258,0.0498,0.0500
24.40,DESCEND,0,-4.3549,2.7374,-0.1889,-4.1838,2.6326,-0.2826,0.2215,1.7156,-1.4102,3.1258,0.0498,0.0500
24.50,DESCEND,0,-4.3549,2.7376,-0.1913,-4.1838,2.6326,-0.2826,0.2205,1.7159,-1.4102,3.1261,0.0498,0.0500
24.60,DESCEND,0,-4.3542,2.7374,-0.1945,-4.1838,2.6326,-0.2826,0.2186,1.7158,-1.4102,3.1260,0.0498,0.0500
24.70,DESCEND,0,-4.3533,2.7371,-0.1979,-4.1838,2.6326,-0.2826,0.2164,1.7156,-1.4102,3.1259,0.0499,0.0500
24.80,DESCEND,0,-4.3531,2.7372,-0.2002,-4.1838,2.6326,-0.2826,0.2154,1.7156,-1.4102,3.1258,0.0499,0.0500
24.90,DESCEND,0,-4.3531,2.7372,-0.2002,-4.1838,2.6326,-0.2826,0.2154,1.7156,-1.4102,3.1258,0.0499,0.0500
25.00,DESCEND,0,-4.3538,2.7379,-0.2012,-4.1838,2.6326,-0.2826,0.2159,1.7158,-1.4102,3.1260,0.0499,0.0500
25.10,DESCEND,0,-4.3549,2.7388,-0.2021,-4.1838,2.6326,-0.2826,0.2169,1.7161,-1.4102,3.1264,0.0500,0.0500
25.20,DESCEND,0,-4.3558,2.7394,-0.2028,-4.1838,2.6326,-0.2826,0.2176,1.7163,-1.4102,3.1266,0.0500,0.0500
25.30,DESCEND,0,-4.3558,2.7394,-0.2028,-4.1838,2.6326,-0.2826,0.2176,1.7163,-1.4102,3.1266,0.0500,0.0500
25.40,DESCEND,0,-4.3562,2.7399,-0.2039,-4.1838,2.6326,-0.2826,0.2177,1.7165,-1.4102,3.1267,0.0500,0.0500
25.50,DESCEND,0,-4.3565,2.7403,-0.2047,-4.1838,2.6326,-0.2826,0.2180,1.7166,-1.4102,3.1268,0.0500,0.0500
25.60,DESCEND,0,-4.3571,2.7407,-0.2051,-4.1838,2.6326,-0.2826,0.2185,1.7167,-1.4102,3.1269,0.0500,0.0500
25.70,DESCEND,0,-4.3571,2.7407,-0.2051,-4.1838,2.6326,-0.2826,0.2185,1.7167,-1.4102,3.1269,0.0500,0.0500
25.80,DESCEND,0,-4.3580,2.7415,-0.2053,-4.1838,2.6326,-0.2826,0.2195,1.7169,-1.4102,3.1271,0.0500,0.0500
25.90,DESCEND,0,-4.3587,2.7421,-0.2054,-4.1838,2.6326,-0.2826,0.2203,1.7171,-1.4102,3.1273,0.0500,0.0500
26.00,DESCEND,0,-4.3594,2.7425,-0.2053,-4.1838,2.6326,-0.2826,0.2211,1.7173,-1.4102,3.1275,0.0500,0.0500
26.10,DESCEND,0,-4.3594,2.7425,-0.2053,-4.1838,2.6326,-0.2826,0.2211,1.7173,-1.4102,3.1275,0.0500,0.0500
26.20,DESCEND,0,-4.3598,2.7429,-0.2053,-4.1838,2.6326,-0.2826,0.2217,1.7174,-1.4102,3.1276,0.0500,0.0500
26.30,DESCEND,0,-4.3601,2.7432,-0.2061,-4.1838,2.6326,-0.2826,0.2218,1.7174,-1.4102,3.1277,0.0500,0.0500
26.40,DESCEND,0,-4.3602,2.7434,-0.2067,-4.1838,2.6326,-0.2826,0.2217,1.7175,-1.4102,3.1277,0.0500,0.0500
26.50,DESCEND,0,-4.3602,2.7435,-0.2074,-4.1838,2.6326,-0.2826,0.2215,1.7174,-1.4102,3.1276,0.0500,0.0500
26.60,DESCEND,0,-4.3602,2.7435,-0.2074,-4.1838,2.6326,-0.2826,0.2215,1.7174,-1.4102,3.1276,0.0500,0.0500
26.70,DESCEND,0,-4.3604,2.7437,-0.2079,-4.1838,2.6326,-0.2826,0.2216,1.7175,-1.4102,3.1277,0.0500,0.0500
26.80,DESCEND,0,-4.3606,2.7438,-0.2083,-4.1838,2.6326,-0.2826,0.2217,1.7175,-1.4102,3.1278,0.0500,0.0500
26.90,DESCEND,0,-4.3606,2.7439,-0.2088,-4.1838,2.6326,-0.2826,0.2216,1.7175,-1.4102,3.1278,0.0500,0.0500
27.00,DESCEND,0,-4.3606,2.7440,-0.2091,-4.1838,2.6326,-0.2826,0.2215,1.7175,-1.4102,3.1278,0.0500,0.0500
27.10,DESCEND,0,-4.3606,2.7440,-0.2091,-4.1838,2.6326,-0.2826,0.2215,1.7175,-1.4102,3.1278,0.0500,0.0500
27.20,DESCEND,0,-4.3610,2.7441,-0.2088,-4.1838,2.6326,-0.2826,0.2220,1.7178,-1.4102,3.1280,0.0499,0.0500
27.30,DESCEND,0,-4.3614,2.7443,-0.2085,-4.1838,2.6326,-0.2826,0.2225,1.7179,-1.4102,3.1282,0.0499,0.0500
27.40,DESCEND,0,-4.3615,2.7444,-0.2085,-4.1838,2.6326,-0.2826,0.2227,1.7180,-1.4102,3.1283,0.0499,0.0500
27.50,DESCEND,0,-4.3615,2.7444,-0.2089,-4.1838,2.6326,-0.2826,0.2225,1.7181,-1.4102,3.1283,0.0499,0.0500
27.60,DESCEND,0,-4.3615,2.7444,-0.2089,-4.1838,2.6326,-0.2826,0.2225,1.7181,-1.4102,3.1283,0.0499,0.0500
27.70,DESCEND,0,-4.3615,2.7444,-0.2092,-4.1838,2.6326,-0.2826,0.2224,1.7181,-1.4102,3.1283,0.0499,0.0500
27.80,DESCEND,0,-4.3614,2.7443,-0.2098,-4.1838,2.6326,-0.2826,0.2221,1.7181,-1.4102,3.1283,0.0499,0.0500
27.90,CLOSE,0,-4.3613,2.7443,-0.2100,-4.1838,2.6326,-0.2826,0.2219,1.7181,-1.4102,3.1283,0.0499,0.0500
28.00,CLOSE,0,-4.3613,2.7442,-0.2103,-4.1838,2.6326,-0.2826,0.2218,1.7181,-1.4102,3.1283,0.0499,2.2300
28.10,CLOSE,0,-4.3613,2.7442,-0.2103,-4.1838,2.6326,-0.2826,0.2218,1.7181,-1.4102,3.1283,0.0499,2.2300
28.20,CLOSE,0,-4.3611,2.7440,-0.2109,-4.1838,2.6326,-0.2826,0.2213,1.7180,-1.4102,3.1283,0.0499,2.2300
28.30,CLOSE,0,-4.3608,2.7439,-0.2116,-4.1838,2.6326,-0.2826,0.2208,1.7180,-1.4102,3.1282,0.0499,2.2300
28.40,CLOSE,0,-4.3608,2.7439,-0.2116,-4.1838,2.6326,-0.2826,0.2208,1.7180,-1.4102,3.1282,0.0499,2.2300
28.50,CLOSE,0,-4.3608,2.7439,-0.2116,-4.1838,2.6326,-0.2826,0.2208,1.7180,-1.4102,3.1282,0.0499,2.2300
28.60,CLOSE,0,-4.3609,2.7440,-0.2116,-4.1838,2.6326,-0.2826,0.2209,1.7180,-1.4102,3.1283,0.0499,2.2300
28.70,CLOSE,0,-4.3609,2.7440,-0.2116,-4.1838,2.6326,-0.2826,0.2209,1.7180,-1.4102,3.1283,0.0499,2.2300
28.80,CLOSE,0,-4.3609,2.7440,-0.2116,-4.1838,2.6326,-0.2826,0.2209,1.7180,-1.4102,3.1283,0.0499,2.2300
28.90,CLOSE,0,-4.3609,2.7440,-0.2116,-4.1838,2.6326,-0.2826,0.2209,1.7180,-1.4102,3.1283,0.0499,2.2300
29.00,CLOSE,0,-4.3609,2.7440,-0.2116,-4.1838,2.6326,-0.2826,0.2209,1.7180,-1.4102,3.1283,0.0499,2.2300
29.10,CLOSE,0,-4.3609,2.7440,-0.2116,-4.1838,2.6326,-0.2826,0.2209,1.7180,-1.4102,3.1283,0.0499,2.2300
29.20,CLOSE,0,-4.3610,2.7440,-0.2112,-4.1838,2.6326,-0.2826,0.2212,1.7182,-1.4102,3.1284,0.0499,2.2300
29.30,CLOSE,0,-4.3610,2.7440,-0.2100,-4.1838,2.6326,-0.2826,0.2215,1.7204,-1.4102,3.1306,0.0670,2.2300
29.40,CLOSE,0,-4.3610,2.7440,-0.2100,-4.1838,2.6326,-0.2826,0.2215,1.7204,-1.4102,3.1306,0.0670,2.2300
29.50,CLOSE,0,-4.3606,2.7437,-0.2089,-4.1838,2.6326,-0.2826,0.2215,1.7229,-1.4102,3.1331,0.0874,2.2300
29.60,CLOSE,0,-4.3598,2.7431,-0.2081,-4.1838,2.6326,-0.2826,0.2208,1.7255,-1.4102,3.1358,0.1087,2.2300
29.70,CLOSE,0,-4.3589,2.7425,-0.2083,-4.1838,2.6326,-0.2826,0.2197,1.7275,-1.4102,3.1377,0.1303,2.2300
29.80,CLOSE,0,-4.3596,2.7430,-0.2061,-4.1838,2.6326,-0.2826,0.2212,1.7292,-1.4102,3.1394,0.1539,2.2300
29.90,CLOSE,0,-4.3596,2.7430,-0.2061,-4.1838,2.6326,-0.2826,0.2212,1.7292,-1.4102,3.1394,0.1539,2.2300
30.00,CLOSE,0,-4.3607,2.7437,-0.2029,-4.1838,2.6326,-0.2826,0.2236,1.7310,-1.4102,3.1412,0.1774,2.2300
30.10,CLOSE,0,-4.3617,2.7443,-0.2006,-4.1838,2.6326,-0.2826,0.2255,1.7326,-1.4102,3.1404,0.2009,2.2300
30.20,CLOSE,0,-4.3618,2.7442,-0.1990,-4.1838,2.6326,-0.2826,0.2261,1.7345,-1.4102,3.1385,0.2151,2.2300
30.30,CLOSE,0,-4.3618,2.7442,-0.1990,-4.1838,2.6326,-0.2826,0.2261,1.7345,-1.4102,3.1385,0.2151,2.2300
30.40,CLOSE,0,-4.3615,2.7438,-0.1979,-4.1838,2.6326,-0.2826,0.2261,1.7366,-1.4102,3.1364,0.2335,2.2300
30.50,CLOSE,0,-4.3616,2.7438,-0.1976,-4.1838,2.6326,-0.2826,0.2263,1.7375,-1.4102,3.1355,0.2494,2.2300
30.60,CLOSE,0,-4.3618,2.7439,-0.1973,-4.1838,2.6326,-0.2826,0.2266,1.7379,-1.4102,3.1351,0.2601,2.2300
30.70,CLOSE,0,-4.3618,2.7439,-0.1973,-4.1838,2.6326,-0.2826,0.2266,1.7379,-1.4102,3.1351,0.2601,2.2300
30.80,CLOSE,0,-4.3630,2.7448,-0.1950,-4.1838,2.6326,-0.2826,0.2289,1.7383,-1.4102,3.1347,0.2760,2.2300
30.90,CLOSE,0,-4.3643,2.7457,-0.1925,-4.1838,2.6326,-0.2826,0.2313,1.7386,-1.4102,3.1344,0.2865,2.2300
31.00,CLOSE,0,-4.3643,2.7457,-0.1925,-4.1838,2.6326,-0.2826,0.2313,1.7386,-1.4102,3.1344,0.2865,2.2300
31.10,CLOSE,0,-4.3654,2.7464,-0.1894,-4.1838,2.6326,-0.2826,0.2337,1.7391,-1.4102,3.1339,0.3113,2.2300
31.20,CLOSE,0,-4.3671,2.7477,-0.1865,-4.1838,2.6326,-0.2826,0.2368,1.7387,-1.4102,3.1343,0.3399,2.2300
31.30,CLOSE,0,-4.3692,2.7490,-0.1818,-4.1838,2.6326,-0.2826,0.2410,1.7387,-1.4102,3.1342,0.3616,2.2300
31.40,CLOSE,0,-4.3692,2.7490,-0.1818,-4.1838,2.6326,-0.2826,0.2410,1.7387,-1.4102,3.1342,0.3616,2.2300
31.50,CLOSE,0,-4.3704,2.7498,-0.1775,-4.1838,2.6326,-0.2826,0.2441,1.7388,-1.4102,3.1341,0.3824,2.2300
31.60,CLOSE,0,-4.3714,2.7505,-0.1743,-4.1838,2.6326,-0.2826,0.2466,1.7388,-1.4102,3.1341,0.3996,2.2300
31.70,CLOSE,0,-4.3719,2.7507,-0.1719,-4.1838,2.6326,-0.2826,0.2482,1.7391,-1.4102,3.1338,0.4189,2.2300
31.80,CLOSE,0,-4.3719,2.7507,-0.1719,-4.1838,2.6326,-0.2826,0.2482,1.7391,-1.4102,3.1338,0.4189,2.2300
31.90,CLOSE,0,-4.3725,2.7508,-0.1694,-4.1838,2.6326,-0.2826,0.2498,1.7393,-1.4102,3.1336,0.4422,2.2300
32.00,CLOSE,0,-4.3728,2.7510,-0.1678,-4.1838,2.6326,-0.2826,0.2509,1.7393,-1.4102,3.1336,0.4673,2.2300
32.10,CLOSE,0,-4.3726,2.7508,-0.1680,-4.1838,2.6326,-0.2826,0.2505,1.7393,-1.4102,3.1336,0.4955,2.2300
32.20,CLOSE,0,-4.3726,2.7508,-0.1680,-4.1838,2.6326,-0.2826,0.2505,1.7393,-1.4102,3.1336,0.4955,2.2300
32.30,CLOSE,0,-4.3719,2.7504,-0.1706,-4.1838,2.6326,-0.2826,0.2486,1.7391,-1.4102,3.1339,0.5242,2.2300
32.40,CLOSE,0,-4.3726,2.7508,-0.1678,-4.1838,2.6326,-0.2826,0.2506,1.7388,-1.4102,3.1341,0.5453,2.2300
32.50,CLOSE,0,-4.3726,2.7508,-0.1678,-4.1838,2.6326,-0.2826,0.2506,1.7388,-1.4102,3.1341,0.5453,2.2300
32.60,CLOSE,0,-4.3739,2.7516,-0.1636,-4.1838,2.6326,-0.2826,0.2539,1.7385,-1.4102,3.1345,0.5707,2.2300
32.70,CLOSE,0,-4.3754,2.7526,-0.1586,-4.1838,2.6326,-0.2826,0.2578,1.7379,-1.4102,3.1350,0.5998,2.2300
32.80,CLOSE,0,-4.3754,2.7526,-0.1586,-4.1838,2.6326,-0.2826,0.2578,1.7379,-1.4102,3.1350,0.5998,2.2300
32.90,CLOSE,0,-4.3769,2.7537,-0.1536,-4.1838,2.6326,-0.2826,0.2619,1.7373,-1.4102,3.1356,0.6289,2.2300
33.00,CLOSE,0,-4.3778,2.7542,-0.1489,-4.1838,2.6326,-0.2826,0.2651,1.7371,-1.4102,3.1358,0.6560,2.2300
33.10,CLOSE,0,-4.3787,2.7546,-0.1454,-4.1838,2.6326,-0.2826,0.2678,1.7368,-1.4102,3.1362,0.6806,2.2300
33.20,CLOSE,0,-4.3787,2.7546,-0.1454,-4.1838,2.6326,-0.2826,0.2678,1.7368,-1.4102,3.1362,0.6806,2.2300
33.30,CLOSE,0,-4.3795,2.7552,-0.1416,-4.1838,2.6326,-0.2826,0.2706,1.7363,-1.4102,3.1366,0.7072,2.2300
33.40,CLOSE,0,-4.3800,2.7552,-0.1390,-4.1838,2.6326,-0.2826,0.2723,1.7362,-1.4102,3.1367,0.7274,2.2300
33.50,CLOSE,0,-4.3795,2.7546,-0.1376,-4.1838,2.6326,-0.2826,0.2724,1.7367,-1.4102,3.1363,0.7435,2.2300
33.60,CLOSE,0,-4.3795,2.7546,-0.1376,-4.1838,2.6326,-0.2826,0.2724,1.7367,-1.4102,3.1363,0.7435,2.2300
33.70,CLOSE,0,-4.3789,2.7538,-0.1383,-4.1838,2.6326,-0.2826,0.2712,1.7370,-1.4102,3.1359,0.7562,2.2300
33.80,CLOSE,0,-4.3782,2.7530,-0.1400,-4.1838,2.6326,-0.2826,0.2695,1.7373,-1.4102,3.1356,0.7726,2.2300
33.90,LIFT_HIGH,0,-4.3782,2.7530,-0.1400,-4.1838,2.6326,-0.2826,0.2695,1.7373,-1.4102,3.1356,0.7726,2.2300
34.00,LIFT_HIGH,0,-4.3780,2.7529,-0.1419,-4.1838,2.6326,1.6174,1.7741,1.7372,-1.4102,3.1358,0.7921,2.2300
34.10,LIFT_HIGH,0,-4.3780,2.7526,-0.1420,-4.1838,2.6326,1.6174,1.7742,1.7373,-1.4102,3.1357,0.8120,2.2300
34.20,LIFT_HIGH,0,-4.3780,2.7526,-0.1420,-4.1838,2.6326,1.6174,1.7742,1.7373,-1.4102,3.1357,0.8120,2.2300
34.30,LIFT_HIGH,0,-4.3783,2.7527,-0.1386,-4.1838,2.6326,1.6174,1.7709,1.7374,-1.4102,3.1355,0.8312,2.2300
34.40,LIFT_HIGH,0,-4.3786,2.7526,-0.1343,-4.1838,2.6326,1.6174,1.7666,1.7376,-1.4102,3.1354,0.8494,2.2300
34.51,LIFT_HIGH,0,-4.3786,2.7526,-0.1343,-4.1838,2.6326,1.6174,1.7666,1.7376,-1.4102,3.1354,0.8494,2.2300
34.60,LIFT_HIGH,0,-4.3788,2.7527,-0.1299,-4.1838,2.6326,1.6174,1.7623,1.7377,-1.4102,3.1353,0.8667,2.2300
34.70,LIFT_HIGH,0,-4.3790,2.7529,-0.1261,-4.1838,2.6326,1.6174,1.7585,1.7378,-1.4102,3.1351,0.8814,2.2300
34.80,LIFT_HIGH,0,-4.3790,2.7529,-0.1233,-4.1838,2.6326,1.6174,1.7558,1.7379,-1.4102,3.1350,0.8947,2.2300
34.90,LIFT_HIGH,0,-4.3790,2.7529,-0.1233,-4.1838,2.6326,1.6174,1.7558,1.7379,-1.4102,3.1350,0.8947,2.2300
35.00,LIFT_HIGH,0,-4.3788,2.7529,-0.1202,-4.1838,2.6326,1.6174,1.7527,1.7383,-1.4102,3.1347,0.9028,2.2300
35.10,LIFT_HIGH,0,-4.3786,2.7527,-0.1173,-4.1838,2.6326,1.6174,1.7498,1.7377,-1.4102,3.1353,0.9152,2.2300
35.20,LIFT_HIGH,0,-4.3786,2.7527,-0.1173,-4.1838,2.6326,1.6174,1.7498,1.7377,-1.4102,3.1353,0.9152,2.2300
35.30,LIFT_HIGH,0,-4.3763,2.7511,-0.1039,-4.1838,2.6326,1.6174,1.7361,1.7376,-1.4102,3.1353,0.9280,2.2300
35.40,LIFT_HIGH,0,-4.3721,2.7487,-0.0789,-4.1838,2.6326,1.6174,1.7107,1.7373,-1.4102,3.1357,0.9403,2.2300
35.50,LIFT_HIGH,0,-4.3650,2.7445,-0.0436,-4.1838,2.6326,1.6174,1.6746,1.7364,-1.4102,3.1366,0.9455,2.2300
35.60,LIFT_HIGH,0,-4.3650,2.7445,-0.0436,-4.1838,2.6326,1.6174,1.6746,1.7364,-1.4102,3.1366,0.9455,2.2300
35.70,LIFT_HIGH,0,-4.3546,2.7381,0.0012,-4.1838,2.6326,1.6174,1.6287,1.7351,-1.4102,3.1378,0.9481,2.2300
35.80,LIFT_HIGH,0,-4.3406,2.7292,0.0557,-4.1838,2.6326,1.6174,1.5726,1.7336,-1.4102,3.1394,0.9565,2.2300
35.90,LIFT_HIGH,0,-4.3406,2.7292,0.0557,-4.1838,2.6326,1.6174,1.5726,1.7336,-1.4102,3.1394,0.9565,2.2300
36.00,LIFT_HIGH,0,-4.3224,2.7180,0.1203,-4.1838,2.6326,1.6174,1.5060,1.7313,-1.4102,3.1415,0.9662,2.2300
36.10,LIFT_HIGH,0,-4.3019,2.7048,0.1942,-4.1838,2.6326,1.6174,1.4299,1.7294,-1.4102,3.1397,0.9786,2.2300
36.20,LIFT_HIGH,0,-4.3019,2.7048,0.1942,-4.1838,2.6326,1.6174,1.4299,1.7294,-1.4102,3.1397,0.9786,2.2300
36.30,LIFT_HIGH,0,-4.2839,2.6937,0.2759,-4.1838,2.6326,1.6174,1.3467,1.7291,-1.4102,3.1393,0.9956,2.2300
36.40,LIFT_HIGH,0,-4.2839,2.6937,0.2759,-4.1838,2.6326,1.6174,1.3467,1.7291,-1.4102,3.1393,1.0135,2.2300
36.50,LIFT_HIGH,0,-4.2718,2.6861,0.3656,-4.1838,2.6326,1.6174,1.2561,1.7311,-1.4102,3.1413,1.0135,2.2300
36.60,LIFT_HIGH,0,-4.2579,2.6771,0.4580,-4.1838,2.6326,1.6174,1.1627,1.7332,-1.4102,3.1398,1.0198,2.2300
36.70,LIFT_HIGH,0,-4.2579,2.6771,0.4580,-4.1838,2.6326,1.6174,1.1627,1.7332,-1.4102,3.1398,1.0198,2.2300
36.80,LIFT_HIGH,0,-4.2497,2.6719,0.5498,-4.1838,2.6326,1.6174,1.0704,1.7356,-1.4102,3.1374,1.0214,2.2300
36.90,LIFT_HIGH,0,-4.2372,2.6639,0.6353,-4.1838,2.6326,1.6174,0.9841,1.7355,-1.4102,3.1375,1.0362,2.2300
37.00,LIFT_HIGH,0,-4.2372,2.6639,0.6353,-4.1838,2.6326,1.6174,0.9841,1.7355,-1.4102,3.1375,1.0362,2.2300
37.10,LIFT_HIGH,0,-4.2359,2.6632,0.7205,-4.1838,2.6326,1.6174,0.8990,1.7374,-1.4102,3.1356,1.0525,2.2300
37.20,LIFT_HIGH,0,-4.2299,2.6594,0.8047,-4.1838,2.6326,1.6174,0.8145,1.7368,-1.4102,3.1362,1.0700,2.2300
37.30,LIFT_HIGH,0,-4.2299,2.6594,0.8047,-4.1838,2.6326,1.6174,0.8145,1.7368,-1.4102,3.1362,1.0700,2.2300
37.40,LIFT_HIGH,0,-4.2363,2.6634,0.8859,-4.1838,2.6326,1.6174,0.7340,1.7379,-1.4102,3.1350,1.0780,2.2300
37.50,LIFT_HIGH,0,-4.2384,2.6648,0.9687,-4.1838,2.6326,1.6174,0.6518,1.7377,-1.4102,3.1353,1.0899,2.2300
37.60,LIFT_HIGH,0,-4.2384,2.6648,0.9687,-4.1838,2.6326,1.6174,0.6518,1.7377,-1.4102,3.1353,1.0899,2.2300
37.70,LIFT_HIGH,0,-4.2499,2.6722,1.0437,-4.1838,2.6326,1.6174,0.5789,1.7388,-1.4102,3.1342,1.0955,2.2300
37.80,LIFT_HIGH,0,-4.2571,2.6770,1.1205,-4.1838,2.6326,1.6174,0.5043,1.7389,-1.4102,3.1341,1.1087,2.2300
37.90,LIFT_HIGH,0,-4.2571,2.6770,1.1205,-4.1838,2.6326,1.6174,0.5043,1.7389,-1.4102,3.1341,1.1087,2.2300
38.00,LIFT_HIGH,0,-4.2691,2.6850,1.1885,-4.1838,2.6326,1.6174,0.4404,1.7395,-1.4102,3.1334,1.1193,2.2300
38.10,LIFT_HIGH,0,-4.2691,2.6850,1.1885,-4.1838,2.6326,1.6174,0.4404,1.7395,-1.4102,3.1334,1.1193,2.2300
38.20,LIFT_HIGH,0,-4.2784,2.6911,1.2582,-4.1838,2.6326,1.6174,0.3760,1.7399,-1.4102,3.1330,1.1347,2.2300
38.30,LIFT_HIGH,0,-4.2893,2.6980,1.3166,-4.1838,2.6326,1.6174,0.3254,1.7403,-1.4102,3.1327,1.1492,2.2300
38.40,LIFT_HIGH,0,-4.2893,2.6980,1.3166,-4.1838,2.6326,1.6174,0.3254,1.7403,-1.4102,3.1327,1.1492,2.2300
38.50,LIFT_HIGH,0,-4.2988,2.7041,1.3648,-4.1838,2.6326,1.6174,0.2866,1.7400,-1.4102,3.1329,1.1696,2.2300
38.60,LIFT_HIGH,0,-4.3075,2.7099,1.4179,-4.1838,2.6326,1.6174,0.2472,1.7402,-1.4102,3.1328,1.1868,2.2300
38.70,LIFT_HIGH,0,-4.3075,2.7099,1.4179,-4.1838,2.6326,1.6174,0.2472,1.7402,-1.4102,3.1328,1.1868,2.2300
38.80,LIFT_HIGH,0,-4.3156,2.7152,1.4616,-4.1838,2.6326,1.6174,0.2202,1.7401,-1.4102,3.1329,1.2033,2.2300
38.90,LIFT_HIGH,0,-4.3227,2.7197,1.5063,-4.1838,2.6326,1.6174,0.1981,1.7406,-1.4102,3.1324,1.2185,2.2300
39.00,LIFT_HIGH,0,-4.3227,2.7197,1.5063,-4.1838,2.6326,1.6174,0.1981,1.7406,-1.4102,3.1324,1.2185,2.2300
39.10,LIFT_HIGH,0,-4.3288,2.7236,1.5422,-4.1838,2.6326,1.6174,0.1870,1.7409,-1.4102,3.1320,1.2335,2.2300
39.20,LIFT_HIGH,0,-4.3337,2.7270,1.5789,-4.1838,2.6326,1.6174,0.1813,1.7418,-1.4102,3.1312,1.2404,2.2300
39.30,LIFT_HIGH,0,-4.3337,2.7270,1.5789,-4.1838,2.6326,1.6174,0.1813,1.7418,-1.4102,3.1312,1.2404,2.2300
39.40,LIFT_HIGH,0,-4.3375,2.7297,1.6158,-4.1838,2.6326,1.6174,0.1819,1.7427,-1.4102,3.1303,1.2414,2.2300
39.50,LIFT_HIGH,0,-4.3411,2.7323,1.6444,-4.1838,2.6326,1.6174,0.1882,1.7432,-1.4102,3.1298,1.2469,2.2300
39.60,LIFT_HIGH,0,-4.3411,2.7323,1.6444,-4.1838,2.6326,1.6174,0.1882,1.7432,-1.4102,3.1298,1.2469,2.2300
39.70,LIFT_HIGH,0,-4.3444,2.7346,1.6710,-4.1838,2.6326,1.6174,0.1977,1.7437,-1.4102,3.1293,1.2480,2.2300
39.80,LIFT_HIGH,0,-4.3444,2.7346,1.6710,-4.1838,2.6326,1.6174,0.1977,1.7437,-1.4102,3.1293,1.2480,2.2300
39.90,LIFT_HIGH,0,-4.3471,2.7364,1.6915,-4.1838,2.6326,1.6174,0.2072,1.7440,-1.4102,3.1290,1.2343,2.2300
40.00,LIFT_HIGH,0,-4.3496,2.7381,1.7101,-4.1838,2.6326,1.6174,0.2173,1.7444,-1.4102,3.1285,1.2262,2.2300
40.10,LIFT_HIGH,0,-4.3496,2.7381,1.7101,-4.1838,2.6326,1.6174,0.2173,1.7444,-1.4102,3.1285,1.2262,2.2300
40.20,LIFT_HIGH,0,-4.3505,2.7388,1.7237,-4.1838,2.6326,1.6174,0.2244,1.7444,-1.4102,3.1285,1.2265,2.2300
40.30,LIFT_HIGH,0,-4.3522,2.7401,1.7358,-4.1838,2.6326,1.6174,0.2323,1.7447,-1.4102,3.1283,1.2264,2.2300
40.40,LIFT_HIGH,0,-4.3522,2.7401,1.7358,-4.1838,2.6326,1.6174,0.2323,1.7447,-1.4102,3.1283,1.2264,2.2300
40.50,LIFT_HIGH,0,-4.3526,2.7404,1.7441,-4.1838,2.6326,1.6174,0.2370,1.7446,-1.4102,3.1283,1.2262,2.2300
40.60,LIFT_HIGH,0,-4.3540,2.7413,1.7507,-4.1838,2.6326,1.6174,0.2420,1.7448,-1.4102,3.1282,1.2273,2.2300
40.70,LIFT_HIGH,0,-4.3540,2.7413,1.7507,-4.1838,2.6326,1.6174,0.2420,1.7448,-1.4102,3.1282,1.2273,2.2300
40.80,LIFT_HIGH,0,-4.3545,2.7416,1.7543,-4.1838,2.6326,1.6174,0.2444,1.7446,-1.4102,3.1283,1.2262,2.2300
40.90,LIFT_HIGH,0,-4.3545,2.7416,1.7543,-4.1838,2.6326,1.6174,0.2444,1.7446,-1.4102,3.1283,1.2262,2.2300
41.00,LIFT_HIGH,0,-4.3558,2.7424,1.7574,-4.1838,2.6326,1.6174,0.2475,1.7446,-1.4102,3.1284,1.2249,2.2300
41.10,LIFT_HIGH,0,-4.3570,2.7430,1.7593,-4.1838,2.6326,1.6174,0.2496,1.7445,-1.4102,3.1284,1.2286,2.2300
41.20,LIFT_HIGH,0,-4.3570,2.7430,1.7593,-4.1838,2.6326,1.6174,0.2496,1.7445,-1.4102,3.1284,1.2286,2.2300
41.30,LIFT_HIGH,0,-4.3573,2.7432,1.7596,-4.1838,2.6326,1.6174,0.2501,1.7443,-1.4102,3.1286,1.2268,2.2300
41.40,LIFT_HIGH,0,-4.3583,2.7438,1.7599,-4.1838,2.6326,1.6174,0.2513,1.7442,-1.4102,3.1288,1.2252,2.2300
41.50,LIFT_HIGH,0,-4.3583,2.7438,1.7599,-4.1838,2.6326,1.6174,0.2513,1.7442,-1.4102,3.1288,1.2252,2.2300
41.60,LIFT_HIGH,0,-4.3591,2.7442,1.7589,-4.1838,2.6326,1.6174,0.2514,1.7439,-1.4102,3.1290,1.2242,2.2300
41.70,LIFT_HIGH,0,-4.3600,2.7447,1.7583,-4.1838,2.6326,1.6174,0.2520,1.7436,-1.4102,3.1293,1.2236,2.2300
41.80,LIFT_HIGH,0,-4.3600,2.7447,1.7583,-4.1838,2.6326,1.6174,0.2520,1.7436,-1.4102,3.1293,1.2236,2.2300
41.90,LIFT_HIGH,0,-4.3607,2.7450,1.7567,-4.1838,2.6326,1.6174,0.2517,1.7434,-1.4102,3.1295,1.2221,2.2300
42.00,LIFT_HIGH,0,-4.3607,2.7450,1.7567,-4.1838,2.6326,1.6174,0.2517,1.7434,-1.4102,3.1295,1.2221,2.2300
42.10,LIFT_HIGH,0,-4.3616,2.7455,1.7552,-4.1838,2.6326,1.6174,0.2517,1.7431,-1.4102,3.1299,1.2267,2.2300
42.20,LIFT_HIGH,0,-4.3621,2.7458,1.7529,-4.1838,2.6326,1.6174,0.2509,1.7427,-1.4102,3.1302,1.2262,2.2300
42.30,LIFT_HIGH,0,-4.3621,2.7458,1.7529,-4.1838,2.6326,1.6174,0.2509,1.7427,-1.4102,3.1302,1.2262,2.2300
42.40,LIFT_HIGH,0,-4.3628,2.7462,1.7511,-4.1838,2.6326,1.6174,0.2506,1.7425,-1.4102,3.1305,1.2266,2.2300
42.50,LIFT_HIGH,0,-4.3634,2.7465,1.7492,-4.1838,2.6326,1.6174,0.2502,1.7421,-1.4102,3.1308,1.2288,2.2300
42.60,LIFT_HIGH,0,-4.3634,2.7465,1.7492,-4.1838,2.6326,1.6174,0.2502,1.7421,-1.4102,3.1308,1.2288,2.2300
42.70,LIFT_HIGH,0,-4.3641,2.7469,1.7471,-4.1838,2.6326,1.6174,0.2497,1.7417,-1.4102,3.1312,1.2286,2.2300
42.80,LIFT_HIGH,0,-4.3646,2.7472,1.7451,-4.1838,2.6326,1.6174,0.2493,1.7414,-1.4102,3.1316,1.2291,2.2300
42.90,LIFT_HIGH,0,-4.3646,2.7472,1.7451,-4.1838,2.6326,1.6174,0.2493,1.7414,-1.4102,3.1316,1.2291,2.2300
43.00,LIFT_HIGH,0,-4.3652,2.7475,1.7426,-4.1838,2.6326,1.6174,0.2485,1.7409,-1.4102,3.1320,1.2313,2.2300
43.10,LIFT_HIGH,0,-4.3658,2.7478,1.7405,-4.1838,2.6326,1.6174,0.2481,1.7405,-1.4102,3.1324,1.2279,2.2300
43.20,LIFT_HIGH,0,-4.3658,2.7478,1.7405,-4.1838,2.6326,1.6174,0.2481,1.7405,-1.4102,3.1324,1.2279,2.2300
43.30,LIFT_HIGH,0,-4.3664,2.7482,1.7383,-4.1838,2.6326,1.6174,0.2476,1.7400,-1.4102,3.1329,1.2271,2.2300
43.40,LIFT_HIGH,0,-4.3664,2.7482,1.7383,-4.1838,2.6326,1.6174,0.2476,1.7400,-1.4102,3.1329,1.2271,2.2300
43.50,LIFT_HIGH,0,-4.3670,2.7485,1.7362,-4.1838,2.6326,1.6174,0.2473,1.7395,-1.4102,3.1334,1.2264,2.2300
43.60,LIFT_HIGH,0,-4.3676,2.7488,1.7342,-4.1838,2.6326,1.6174,0.2468,1.7390,-1.4102,3.1339,1.2255,2.2300
43.70,LIFT_HIGH,0,-4.3676,2.7488,1.7342,-4.1838,2.6326,1.6174,0.2468,1.7390,-1.4102,3.1339,1.2255,2.2300
43.80,LIFT_HIGH,0,-4.3681,2.7490,1.7322,-4.1838,2.6326,1.6174,0.2464,1.7385,-1.4102,3.1344,1.2256,2.2300
43.90,CARRY_HOME,0,-4.3686,2.7493,1.7302,-4.1838,2.6326,1.6174,0.2460,1.7380,-1.4102,3.1349,1.2257,2.2300
44.00,CARRY_HOME,0,-4.3686,2.7493,1.7302,0.0000,2.2000,3.0000,4.5825,1.7380,0.0000,1.7380,1.2257,2.2300
44.10,CARRY_HOME,0,-4.3691,2.7496,1.7285,0.0000,2.2000,3.0000,4.5834,1.7375,0.0000,1.7375,1.2237,2.2300
44.20,CARRY_HOME,0,-4.3696,2.7499,1.7266,0.0000,2.2000,3.0000,4.5845,1.7370,0.0000,1.7370,1.2236,2.2300
44.30,CARRY_HOME,0,-4.3696,2.7499,1.7266,0.0000,2.2000,3.0000,4.5845,1.7370,0.0000,1.7370,1.2236,2.2300
44.40,CARRY_HOME,0,-4.3698,2.7499,1.7244,0.0000,2.2000,3.0000,4.5853,1.7365,0.0000,1.7365,1.2239,2.2300
44.50,CARRY_HOME,0,-4.3702,2.7501,1.7228,0.0000,2.2000,3.0000,4.5861,1.7361,0.0000,1.7361,1.2236,2.2300
44.60,CARRY_HOME,0,-4.3702,2.7501,1.7228,0.0000,2.2000,3.0000,4.5861,1.7361,0.0000,1.7361,1.2236,2.2300
44.70,CARRY_HOME,0,-4.3704,2.7502,1.7208,0.0000,2.2000,3.0000,4.5869,1.7356,0.0000,1.7356,1.2259,2.2300
44.80,CARRY_HOME,0,-4.3705,2.7503,1.7190,0.0000,2.2000,3.0000,4.5875,1.7351,0.0000,1.7351,1.2260,2.2300
44.90,CARRY_HOME,0,-4.3705,2.7503,1.7190,0.0000,2.2000,3.0000,4.5875,1.7351,0.0000,1.7351,1.2260,2.2300
45.00,CARRY_HOME,0,-4.3707,2.7504,1.7171,0.0000,2.2000,3.0000,4.5882,1.7346,0.0000,1.7346,1.2259,2.2300
45.10,CARRY_HOME,0,-4.3709,2.7505,1.7157,0.0000,2.2000,3.0000,4.5888,1.7331,0.0000,1.7331,1.2253,2.2300
45.20,CARRY_HOME,0,-4.3709,2.7505,1.7157,0.0000,2.2000,3.0000,4.5888,1.7331,0.0000,1.7331,1.2253,2.2300
45.30,CARRY_HOME,0,-4.3469,2.7421,1.7144,0.0000,2.2000,3.0000,4.5654,1.7368,0.0000,1.7368,1.2190,2.2300
45.40,CARRY_HOME,0,-4.3121,2.7316,1.7247,0.0000,2.2000,3.0000,4.5280,1.7356,0.0000,1.7356,1.2156,2.2300
45.50,CARRY_HOME,0,-4.3121,2.7316,1.7247,0.0000,2.2000,3.0000,4.5280,1.7356,0.0000,1.7356,1.2156,2.2300
45.60,CARRY_HOME,0,-4.2659,2.7190,1.7416,0.0000,2.2000,3.0000,4.4778,1.7305,0.0000,1.7305,1.2163,2.2300
45.70,CARRY_HOME,0,-4.2659,2.7190,1.7416,0.0000,2.2000,3.0000,4.4778,1.7305,0.0000,1.7305,1.2163,2.2300
45.80,CARRY_HOME,0,-4.2154,2.7085,1.7614,0.0000,2.2000,3.0000,4.4229,1.7214,0.0000,1.7214,1.2202,2.2300
45.90,CARRY_HOME,0,-4.2154,2.7085,1.7614,0.0000,2.2000,3.0000,4.4229,1.7214,0.0000,1.7214,1.2202,2.2300
46.00,CARRY_HOME,0,-4.1621,2.6999,1.7827,0.0000,2.2000,3.0000,4.3652,1.7114,0.0000,1.7114,1.2252,2.2300
46.10,CARRY_HOME,0,-4.1061,2.6935,1.8057,0.0000,2.2000,3.0000,4.3046,1.6988,0.0000,1.6988,1.2259,2.2300
46.20,CARRY_HOME,0,-4.1061,2.6935,1.8057,0.0000,2.2000,3.0000,4.3046,1.6988,0.0000,1.6988,1.2259,2.2300
46.30,CARRY_HOME,0,-4.0472,2.6895,1.8312,0.0000,2.2000,3.0000,4.2409,1.6845,0.0000,1.6845,1.2274,2.2300
46.40,CARRY_HOME,0,-3.9848,2.6881,1.8602,0.0000,2.2000,3.0000,4.1733,1.6675,0.0000,1.6675,1.2240,2.2300
46.50,CARRY_HOME,0,-3.9848,2.6881,1.8602,0.0000,2.2000,3.0000,4.1733,1.6675,0.0000,1.6675,1.2240,2.2300
46.60,CARRY_HOME,0,-3.9188,2.6889,1.8920,0.0000,2.2000,3.0000,4.1016,1.6483,0.0000,1.6483,1.2220,2.2300
46.70,CARRY_HOME,0,-3.8489,2.6915,1.9263,0.0000,2.2000,3.0000,4.0260,1.6257,0.0000,1.6257,1.2223,2.2300
46.80,CARRY_HOME,0,-3.8489,2.6915,1.9263,0.0000,2.2000,3.0000,4.0260,1.6257,0.0000,1.6257,1.2223,2.2300
46.90,CARRY_HOME,0,-3.7747,2.6974,1.9647,0.0000,2.2000,3.0000,3.9456,1.6000,0.0000,1.6000,1.2234,2.2300
47.00,CARRY_HOME,0,-3.7747,2.6974,1.9647,0.0000,2.2000,3.0000,3.9456,1.6000,0.0000,1.6000,1.2234,2.2300
47.10,CARRY_HOME,0,-3.6956,2.7065,2.0083,0.0000,2.2000,3.0000,3.8597,1.5710,0.0000,1.5710,1.2262,2.2300
47.20,CARRY_HOME,0,-3.6110,2.7188,2.0564,0.0000,2.2000,3.0000,3.7681,1.5382,0.0000,1.5382,1.2301,2.2300
47.30,CARRY_HOME,0,-3.6110,2.7188,2.0564,0.0000,2.2000,3.0000,3.7681,1.5382,0.0000,1.5382,1.2301,2.2300
47.40,CARRY_HOME,0,-3.5222,2.7349,2.1098,0.0000,2.2000,3.0000,3.6721,1.5018,0.0000,1.5018,1.2309,2.2300
47.50,CARRY_HOME,0,-3.4255,2.7520,2.1643,0.0000,2.2000,3.0000,3.5689,1.4567,0.0000,1.4567,1.2309,2.2300
47.60,CARRY_HOME,0,-3.4255,2.7520,2.1643,0.0000,2.2000,3.0000,3.5689,1.4567,0.0000,1.4567,1.2309,2.2300
47.70,CARRY_HOME,0,-3.3247,2.7725,2.2236,0.0000,2.2000,3.0000,3.4618,1.4131,0.0000,1.4131,1.2333,2.2300
47.80,CARRY_HOME,0,-3.2149,2.7934,2.2824,0.0000,2.2000,3.0000,3.3471,1.3555,0.0000,1.3555,1.2284,2.2300
47.90,CARRY_HOME,0,-3.2149,2.7934,2.2824,0.0000,2.2000,3.0000,3.3471,1.3555,0.0000,1.3555,1.2284,2.2300
48.00,CARRY_HOME,0,-3.1031,2.8194,2.3433,0.0000,2.2000,3.0000,3.2317,1.3002,0.0000,1.3002,1.2284,2.2300
48.10,CARRY_HOME,0,-2.9828,2.8448,2.4012,0.0000,2.2000,3.0000,3.1098,1.2327,0.0000,1.2327,1.2289,2.2300
48.20,CARRY_HOME,0,-2.9828,2.8448,2.4012,0.0000,2.2000,3.0000,3.1098,1.2327,0.0000,1.2327,1.2289,2.2300
48.30,CARRY_HOME,0,-2.8551,2.8713,2.4601,0.0000,2.2000,3.0000,2.9822,1.1604,0.0000,1.1604,1.2262,2.2300
48.40,CARRY_HOME,0,-2.7312,2.9044,2.5161,0.0000,2.2000,3.0000,2.8617,1.0893,0.0000,1.0893,1.2301,2.2300
48.50,CARRY_HOME,0,-2.7312,2.9044,2.5161,0.0000,2.2000,3.0000,2.8617,1.0893,0.0000,1.0893,1.2301,2.2300
48.60,CARRY_HOME,0,-2.6086,2.9383,2.5682,0.0000,2.2000,3.0000,2.7452,1.0187,0.0000,1.0187,1.2335,2.2300
48.70,CARRY_HOME,0,-2.4880,2.9716,2.6173,0.0000,2.2000,3.0000,2.6328,0.9485,0.0000,0.9485,1.2333,2.2300
48.80,CARRY_HOME,0,-2.4880,2.9716,2.6173,0.0000,2.2000,3.0000,2.6328,0.9485,0.0000,0.9485,1.2333,2.2300
48.90,CARRY_HOME,0,-2.3695,3.0033,2.6621,0.0000,2.2000,3.0000,2.5247,0.8767,0.0000,0.8767,1.2329,2.2300
49.00,CARRY_HOME,0,-2.2545,3.0351,2.7039,0.0000,2.2000,3.0000,2.4223,0.8036,0.0000,0.8036,1.2324,2.2300
49.10,CARRY_HOME,0,-2.2545,3.0351,2.7039,0.0000,2.2000,3.0000,2.4223,0.8036,0.0000,0.8036,1.2324,2.2300
49.20,CARRY_HOME,0,-2.1409,3.0644,2.7416,0.0000,2.2000,3.0000,2.3233,0.7252,0.0000,0.7252,1.2320,2.2300
49.30,CARRY_HOME,0,-2.0310,3.0951,2.7769,0.0000,2.2000,3.0000,2.2307,0.6436,0.0000,0.6436,1.2315,2.2300
49.40,CARRY_HOME,0,-2.0310,3.0951,2.7769,0.0000,2.2000,3.0000,2.2307,0.6436,0.0000,0.6436,1.2315,2.2300
49.50,CARRY_HOME,0,-1.9233,3.1255,2.8094,0.0000,2.2000,3.0000,2.1429,0.5569,0.0000,0.5569,1.2322,2.2300
49.60,CARRY_HOME,0,-1.8143,3.1501,2.8397,0.0000,2.2000,3.0000,2.0543,0.4630,0.0000,0.4630,1.2310,2.2300
49.70,CARRY_HOME,0,-1.7076,3.1749,2.8690,0.0000,2.2000,3.0000,1.9706,0.3644,0.0000,0.3644,1.2296,2.2300
49.80,CARRY_HOME,0,-1.7076,3.1749,2.8690,0.0000,2.2000,3.0000,1.9706,0.3644,0.0000,0.3644,1.2296,2.2300
49.90,CARRY_HOME,0,-1.6004,3.1949,2.8964,0.0000,2.2000,3.0000,1.8873,0.2613,0.0000,0.2613,1.2298,2.2300
50.00,CARRY_HOME,0,-1.6004,3.1949,2.8964,0.0000,2.2000,3.0000,1.8873,0.2613,0.0000,0.2613,1.2307,2.2300
50.10,CARRY_HOME,0,-1.4950,3.2149,2.9233,0.0000,2.2000,3.0000,1.8086,0.1555,0.0000,0.1555,1.2307,2.2300
50.20,CARRY_HOME,0,-1.3893,3.2300,2.9485,0.0000,2.2000,3.0000,1.7303,0.0472,0.0000,0.0472,1.2300,2.2300
50.30,CARRY_HOME,0,-1.3893,3.2300,2.9485,0.0000,2.2000,3.0000,1.7303,0.0472,0.0000,0.0472,1.2300,2.2300
50.40,CARRY_HOME,0,-1.2853,3.2452,2.9726,0.0000,2.2000,3.0000,1.6568,-0.0638,0.0000,0.0638,1.2322,2.2300
50.50,CARRY_HOME,0,-1.1812,3.2558,2.9949,0.0000,2.2000,3.0000,1.5842,-0.1748,0.0000,0.1748,1.2325,2.2300
50.60,CARRY_HOME,0,-1.1812,3.2558,2.9949,0.0000,2.2000,3.0000,1.5842,-0.1748,0.0000,0.1748,1.2325,2.2300
50.70,CARRY_HOME,0,-1.0780,3.2646,3.0165,0.0000,2.2000,3.0000,1.5151,-0.2851,0.0000,0.2851,1.2335,2.2300
50.80,CARRY_HOME,0,-0.9753,3.2700,3.0366,0.0000,2.2000,3.0000,1.4482,-0.3929,0.0000,0.3929,1.2347,2.2300
50.90,CARRY_HOME,0,-0.8794,3.2731,3.0553,0.0000,2.2000,3.0000,1.3884,-0.4906,0.0000,0.4906,1.2442,2.2300
51.00,CARRY_HOME,0,-0.8794,3.2731,3.0553,0.0000,2.2000,3.0000,1.3884,-0.4906,0.0000,0.4906,1.2442,2.2300
51.10,CARRY_HOME,0,-0.7794,3.2732,3.0738,0.0000,2.2000,3.0000,1.3284,-0.6010,0.0000,0.6010,1.2343,2.2300
51.20,CARRY_HOME,0,-0.6864,3.2721,3.0898,0.0000,2.2000,3.0000,1.2762,-0.6979,0.0000,0.6979,1.2386,2.2300
51.30,CARRY_HOME,0,-0.6864,3.2721,3.0898,0.0000,2.2000,3.0000,1.2762,-0.6979,0.0000,0.6979,1.2386,2.2300
51.40,CARRY_HOME,0,-0.5936,3.2677,3.1049,0.0000,2.2000,3.0000,1.2261,-0.7974,0.0000,0.7974,1.2360,2.2300
51.50,CARRY_HOME,0,-0.5067,3.2627,3.1183,0.0000,2.2000,3.0000,1.1833,-0.8903,0.0000,0.8903,1.2377,2.2300
51.60,CARRY_HOME,0,-0.5067,3.2627,3.1183,0.0000,2.2000,3.0000,1.1833,-0.8903,0.0000,0.8903,1.2377,2.2300
51.70,CARRY_HOME,0,-0.4268,3.2541,3.1300,0.0000,2.2000,3.0000,1.1447,-0.9776,0.0000,0.9776,1.2456,2.2300
51.80,CARRY_HOME,0,-0.4268,3.2541,3.1300,0.0000,2.2000,3.0000,1.1447,-0.9776,0.0000,0.9776,1.2456,2.2300
51.90,CARRY_HOME,0,-0.3532,3.2456,3.1414,0.0000,2.2000,3.0000,1.1127,-1.0649,0.0000,1.0649,1.2486,2.2300
52.00,CARRY_HOME,0,-0.2871,3.2344,3.1509,0.0000,2.2000,3.0000,1.0841,-1.1454,0.0000,1.1454,1.2540,2.2300
52.10,CARRY_HOME,0,-0.2275,3.2232,3.1612,0.0000,2.2000,3.0000,1.0605,-1.2281,0.0000,1.2281,1.2479,2.2300
52.20,CARRY_HOME,0,-0.2275,3.2232,3.1612,0.0000,2.2000,3.0000,1.0605,-1.2281,0.0000,1.2281,1.2479,2.2300
52.30,CARRY_HOME,0,-0.1751,3.2104,3.1693,0.0000,2.2000,3.0000,1.0393,-1.3056,0.0000,1.3056,1.2488,2.2300
52.40,CARRY_HOME,0,-0.1289,3.1991,3.1763,0.0000,2.2000,3.0000,1.0226,-1.3839,0.0000,1.3839,1.2443,2.2300
52.50,CARRY_HOME,0,-0.1289,3.1991,3.1763,0.0000,2.2000,3.0000,1.0226,-1.3839,0.0000,1.3839,1.2443,2.2300
52.60,CARRY_HOME,0,-0.0898,3.1856,3.1825,0.0000,2.2000,3.0000,1.0064,-1.4578,0.0000,1.4578,1.2387,2.2300
52.70,CARRY_HOME,0,-0.0567,3.1756,3.1861,0.0000,2.2000,3.0000,0.9948,-1.5297,0.0000,1.5297,1.2393,2.2300
52.80,CARRY_HOME,0,-0.0567,3.1756,3.1861,0.0000,2.2000,3.0000,0.9948,-1.5297,0.0000,1.5297,1.2393,2.2300
52.90,CARRY_HOME,0,-0.0287,3.1638,3.1896,0.0000,2.2000,3.0000,0.9827,-1.6017,0.0000,1.6017,1.2379,2.2300
53.00,CARRY_HOME,0,-0.0063,3.1552,3.1910,0.0000,2.2000,3.0000,0.9741,-1.6697,0.0000,1.6697,1.2377,2.2300
53.10,CARRY_HOME,0,-0.0063,3.1552,3.1910,0.0000,2.2000,3.0000,0.9741,-1.6697,0.0000,1.6697,1.2377,2.2300
53.20,CARRY_HOME,0,0.0124,3.1452,3.1924,0.0000,2.2000,3.0000,0.9646,-1.7384,0.0000,1.7384,1.2368,2.2300
53.30,CARRY_HOME,0,0.0251,3.1384,3.1920,0.0000,2.2000,3.0000,0.9582,-1.8016,0.0000,1.8016,1.2356,2.2300
53.40,CARRY_HOME,0,0.0251,3.1384,3.1920,0.0000,2.2000,3.0000,0.9582,-1.8016,0.0000,1.8016,1.2356,2.2300
53.50,CARRY_HOME,0,0.0365,3.1306,3.1912,0.0000,2.2000,3.0000,0.9507,-1.8716,0.0000,1.8716,1.2352,2.2300
53.60,CARRY_HOME,0,0.0417,3.1255,3.1888,0.0000,2.2000,3.0000,0.9455,-1.9354,0.0000,1.9354,1.2338,2.2300
53.70,CARRY_HOME,0,0.0417,3.1255,3.1888,0.0000,2.2000,3.0000,0.9455,-1.9354,0.0000,1.9354,1.2338,2.2300
53.80,CARRY_HOME,0,0.0475,3.1197,3.1860,0.0000,2.2000,3.0000,0.9395,-2.0091,0.0000,2.0091,1.2352,2.2300
53.90,ALIGN_HOME_YAW,0,0.0468,3.1161,3.1819,0.0000,2.2000,3.0000,0.9351,-2.0732,0.0000,2.0732,1.2327,2.2300
54.00,ALIGN_HOME_YAW,0,0.0468,3.1161,3.1819,0.0000,2.2000,3.0000,0.9351,-2.0732,0.0000,2.0732,1.2327,2.2300
54.10,ALIGN_HOME_YAW,0,0.0468,3.1161,3.1819,0.0000,2.2000,3.0000,0.9351,-2.0732,0.0000,2.0732,1.2327,2.2300
54.20,ALIGN_HOME_YAW,0,0.0468,3.1161,3.1819,0.0000,2.2000,3.0000,0.9351,-2.0732,0.0000,2.0732,1.2327,2.2300
54.30,ALIGN_HOME_YAW,0,0.0468,3.1161,3.1819,0.0000,2.2000,3.0000,0.9351,-2.0732,0.0000,2.0732,1.2327,2.2300
54.40,ALIGN_HOME_YAW,0,0.0468,3.1161,3.1819,0.0000,2.2000,3.0000,0.9351,-2.0732,0.0000,2.0732,1.2327,2.2300
54.50,ALIGN_HOME_YAW,0,0.0485,3.1120,3.1771,0.0000,2.2000,3.0000,0.9303,-2.1488,0.0000,2.1488,1.2361,2.2300
54.60,ALIGN_HOME_YAW,0,0.0485,3.1120,3.1771,0.0000,2.2000,3.0000,0.9303,-2.1488,0.0000,2.1488,1.2361,2.2300
54.70,ALIGN_HOME_YAW,0,0.0463,3.1094,3.1716,0.0000,2.2000,3.0000,0.9266,-2.2170,0.0000,2.2170,1.2309,2.2300
54.80,ALIGN_HOME_YAW,0,0.0463,3.1094,3.1716,0.0000,2.2000,3.0000,0.9266,-2.2170,0.0000,2.2170,1.2309,2.2300
54.90,ALIGN_HOME_YAW,0,0.0426,3.1086,3.1645,0.0000,2.2000,3.0000,0.9243,-2.2866,0.0000,2.2866,1.2322,2.2300
55.00,ALIGN_HOME_YAW,0,0.0394,3.1074,3.1567,0.0000,2.2000,3.0000,0.9217,-2.3614,0.0000,2.3614,1.2342,2.2300
55.10,ALIGN_HOME_YAW,0,0.0394,3.1074,3.1567,0.0000,2.2000,3.0000,0.9217,-2.3614,0.0000,2.3614,1.2342,2.2300
55.20,ALIGN_HOME_YAW,0,0.0363,3.1060,3.1492,0.0000,2.2000,3.0000,0.9189,-2.4042,0.0000,2.4042,1.2347,2.2300
55.30,ALIGN_HOME_YAW,0,0.0332,3.1044,3.1422,0.0000,2.2000,3.0000,0.9161,-2.4434,0.0000,2.4434,1.2356,2.2300
55.40,ALIGN_HOME_YAW,0,0.0332,3.1044,3.1422,0.0000,2.2000,3.0000,0.9161,-2.4434,0.0000,2.4434,1.2356,2.2300
55.50,ALIGN_HOME_YAW,0,0.0300,3.1026,3.1357,0.0000,2.2000,3.0000,0.9132,-2.4735,0.0000,2.4735,1.2379,2.2300
55.60,ALIGN_HOME_YAW,0,0.0269,3.1006,3.1290,0.0000,2.2000,3.0000,0.9102,-2.4973,0.0000,2.4973,1.2414,2.2300
55.70,ALIGN_HOME_YAW,0,0.0269,3.1006,3.1290,0.0000,2.2000,3.0000,0.9102,-2.4973,0.0000,2.4973,1.2414,2.2300
55.80,ALIGN_HOME_YAW,0,0.0242,3.0995,3.1222,0.0000,2.2000,3.0000,0.9081,-2.5133,0.0000,2.5133,1.2401,2.2300
55.90,ALIGN_HOME_YAW,0,0.0211,3.0978,3.1154,0.0000,2.2000,3.0000,0.9054,-2.5223,0.0000,2.5223,1.2386,2.2300
56.00,ALIGN_HOME_YAW,0,0.0211,3.0978,3.1154,0.0000,2.2000,3.0000,0.9054,-2.5223,0.0000,2.5223,1.2386,2.2300
56.10,ALIGN_HOME_YAW,0,0.0182,3.0960,3.1086,0.0000,2.2000,3.0000,0.9028,-2.5299,0.0000,2.5299,1.2360,2.2300
56.20,ALIGN_HOME_YAW,0,0.0162,3.0947,3.1009,0.0000,2.2000,3.0000,0.9005,-2.5384,0.0000,2.5384,1.2366,2.2300
56.30,ALIGN_HOME_YAW,0,0.0162,3.0947,3.1009,0.0000,2.2000,3.0000,0.9005,-2.5384,0.0000,2.5384,1.2366,2.2300
56.40,ALIGN_HOME_YAW,0,0.0138,3.0931,3.0930,0.0000,2.2000,3.0000,0.8980,-2.5455,0.0000,2.5455,1.2347,2.2300
56.50,ALIGN_HOME_YAW,0,0.0121,3.0917,3.0841,0.0000,2.2000,3.0000,0.8958,-2.5569,0.0000,2.5569,1.2357,2.2300
56.60,ALIGN_HOME_YAW,0,0.0121,3.0917,3.0841,0.0000,2.2000,3.0000,0.8958,-2.5569,0.0000,2.5569,1.2357,2.2300
56.70,ALIGN_HOME_YAW,0,0.0102,3.0901,3.0749,0.0000,2.2000,3.0000,0.8933,-2.5741,0.0000,2.5741,1.2344,2.2300
56.80,ALIGN_HOME_YAW,0,0.0090,3.0887,3.0647,0.0000,2.2000,3.0000,0.8911,-2.6077,0.0000,2.6077,1.2333,2.2300
56.90,ALIGN_HOME_YAW,0,0.0090,3.0887,3.0647,0.0000,2.2000,3.0000,0.8911,-2.6077,0.0000,2.6077,1.2333,2.2300
57.00,ALIGN_HOME_YAW,0,0.0074,3.0870,3.0539,0.0000,2.2000,3.0000,0.8886,-2.6671,0.0000,2.6671,1.2327,2.2300
57.10,ALIGN_HOME_YAW,0,0.0066,3.0854,3.0424,0.0000,2.2000,3.0000,0.8864,-2.7776,0.0000,2.7776,1.2329,2.2300
57.20,ALIGN_HOME_YAW,0,0.0066,3.0854,3.0424,0.0000,2.2000,3.0000,0.8864,-2.7776,0.0000,2.7776,1.2329,2.2300
57.30,ALIGN_HOME_YAW,0,0.0054,3.0835,3.0302,0.0000,2.2000,3.0000,0.8841,-2.9837,0.0000,2.9837,1.2318,2.2300
57.40,ALIGN_HOME_YAW,0,0.0054,3.0835,3.0302,0.0000,2.2000,3.0000,0.8841,-2.9837,0.0000,2.9837,1.2318,2.2300
57.50,ALIGN_HOME_YAW,0,0.0047,3.0814,3.0170,0.0000,2.2000,3.0000,0.8815,2.9035,0.0000,2.9035,1.2315,2.2300
57.60,ALIGN_HOME_YAW,0,0.0038,3.0786,3.0030,0.0000,2.2000,3.0000,0.8786,2.3267,0.0000,2.3267,1.2302,2.2300
57.70,ALIGN_HOME_YAW,0,0.0038,3.0786,3.0030,0.0000,2.2000,3.0000,0.8786,2.3267,0.0000,2.3267,1.2302,2.2300
57.80,ALIGN_HOME_YAW,0,0.0033,3.0755,2.9880,0.0000,2.2000,3.0000,0.8756,1.8572,0.0000,1.8572,1.2312,2.2300
57.90,ALIGN_HOME_YAW,0,0.0026,3.0717,2.9724,0.0000,2.2000,3.0000,0.8722,1.6010,0.0000,1.6010,1.2311,2.2300
58.00,ALIGN_HOME_YAW,0,0.0026,3.0717,2.9724,0.0000,2.2000,3.0000,0.8722,1.6010,0.0000,1.6010,1.2311,2.2300
58.10,ALIGN_HOME_YAW,0,0.0023,3.0673,2.9562,0.0000,2.2000,3.0000,0.8684,1.4603,0.0000,1.4603,1.2309,2.2300
58.20,ALIGN_HOME_YAW,0,0.0018,3.0620,2.9393,0.0000,2.2000,3.0000,0.8642,1.3792,0.0000,1.3792,1.2311,2.2300
58.30,ALIGN_HOME_YAW,0,0.0018,3.0620,2.9393,0.0000,2.2000,3.0000,0.8642,1.3792,0.0000,1.3792,1.2311,2.2300
58.40,ALIGN_HOME_YAW,0,0.0015,3.0559,2.9221,0.0000,2.2000,3.0000,0.8595,1.3275,0.0000,1.3275,1.2307,2.2300
58.50,ALIGN_HOME_YAW,0,0.0011,3.0489,2.9045,0.0000,2.2000,3.0000,0.8542,1.2919,0.0000,1.2919,1.2312,2.2300
58.60,ALIGN_HOME_YAW,0,0.0011,3.0489,2.9045,0.0000,2.2000,3.0000,0.8542,1.2919,0.0000,1.2919,1.2312,2.2300
58.70,ALIGN_HOME_YAW,0,0.0009,3.0406,2.8866,0.0000,2.2000,3.0000,0.8483,1.2670,0.0000,1.2670,1.2308,2.2300
58.80,ALIGN_HOME_YAW,0,0.0007,3.0315,2.8688,0.0000,2.2000,3.0000,0.8418,1.2457,0.0000,1.2457,1.2303,2.2300
58.90,ALIGN_HOME_YAW,0,0.0007,3.0315,2.8688,0.0000,2.2000,3.0000,0.8418,1.2457,0.0000,1.2457,1.2303,2.2300
59.00,ALIGN_HOME_YAW,0,0.0006,3.0211,2.8514,0.0000,2.2000,3.0000,0.8345,1.2271,0.0000,1.2271,1.2310,2.2300
59.10,ALIGN_HOME_YAW,0,0.0004,3.0101,2.8346,0.0000,2.2000,3.0000,0.8268,1.2090,0.0000,1.2090,1.2296,2.2300
59.20,ALIGN_HOME_YAW,0,0.0004,3.0101,2.8346,0.0000,2.2000,3.0000,0.8268,1.2090,0.0000,1.2090,1.2296,2.2300
59.30,ALIGN_HOME_YAW,0,0.0004,2.9979,2.8183,0.0000,2.2000,3.0000,0.8183,1.1924,0.0000,1.1924,1.2315,2.2300
59.40,ALIGN_HOME_YAW,0,0.0002,2.9851,2.8028,0.0000,2.2000,3.0000,0.8095,1.1764,0.0000,1.1764,1.2315,2.2300
59.50,ALIGN_HOME_YAW,0,0.0002,2.9851,2.8028,0.0000,2.2000,3.0000,0.8095,1.1764,0.0000,1.1764,1.2315,2.2300
59.60,ALIGN_HOME_YAW,0,0.0002,2.9714,2.7882,0.0000,2.2000,3.0000,0.8000,1.1605,0.0000,1.1605,1.2316,2.2300
59.70,ALIGN_HOME_YAW,0,0.0002,2.9714,2.7882,0.0000,2.2000,3.0000,0.8000,1.1605,0.0000,1.1605,1.2316,2.2300
59.80,ALIGN_HOME_YAW,0,0.0002,2.9571,2.7743,0.0000,2.2000,3.0000,0.7900,1.1448,0.0000,1.1448,1.2317,2.2300
59.90,ALIGN_HOME_YAW,0,0.0001,2.9420,2.7613,0.0000,2.2000,3.0000,0.7794,1.1289,0.0000,1.1289,1.2313,2.2300
60.00,ALIGN_HOME_YAW,0,0.0001,2.9420,2.7613,0.0000,2.2000,3.0000,0.7794,1.1289,0.0000,1.1289,1.2313,2.2300
60.10,ALIGN_HOME_YAW,0,0.0001,2.9260,2.7492,0.0000,2.2000,3.0000,0.7681,1.1124,0.0000,1.1124,1.2314,2.2300
60.20,ALIGN_HOME_YAW,0,0.0001,2.9096,2.7381,0.0000,2.2000,3.0000,0.7564,1.0955,0.0000,1.0955,1.2312,2.2300
60.30,ALIGN_HOME_YAW,0,0.0001,2.9096,2.7381,0.0000,2.2000,3.0000,0.7564,1.0955,0.0000,1.0955,1.2312,2.2300
60.40,ALIGN_HOME_YAW,0,0.0001,2.8923,2.7281,0.0000,2.2000,3.0000,0.7438,1.0778,0.0000,1.0778,1.2321,2.2300
60.50,ALIGN_HOME_YAW,0,0.0001,2.8747,2.7190,0.0000,2.2000,3.0000,0.7309,1.0591,0.0000,1.0591,1.2320,2.2300
60.60,ALIGN_HOME_YAW,0,0.0001,2.8747,2.7190,0.0000,2.2000,3.0000,0.7309,1.0591,0.0000,1.0591,1.2320,2.2300
60.70,ALIGN_HOME_YAW,0,0.0001,2.8567,2.7112,0.0000,2.2000,3.0000,0.7174,1.0395,0.0000,1.0395,1.2306,2.2300
60.80,ALIGN_HOME_YAW,0,0.0001,2.8567,2.7112,0.0000,2.2000,3.0000,0.7174,1.0395,0.0000,1.0395,1.2306,2.2300
60.90,ALIGN_HOME_YAW,0,0.0001,2.8383,2.7043,0.0000,2.2000,3.0000,0.7035,1.0191,0.0000,1.0191,1.2313,2.2300
61.00,ALIGN_HOME_YAW,0,0.0002,2.8197,2.6987,0.0000,2.2000,3.0000,0.6891,0.9972,0.0000,0.9972,1.2312,2.2300
61.10,ALIGN_HOME_YAW,0,0.0002,2.8197,2.6987,0.0000,2.2000,3.0000,0.6891,0.9972,0.0000,0.9972,1.2312,2.2300
61.20,ALIGN_HOME_YAW,0,0.0002,2.8011,2.6941,0.0000,2.2000,3.0000,0.6745,0.9740,0.0000,0.9740,1.2316,2.2300
61.30,ALIGN_HOME_YAW,0,0.0003,2.7829,2.6905,0.0000,2.2000,3.0000,0.6599,0.9494,0.0000,0.9494,1.2321,2.2300
61.40,ALIGN_HOME_YAW,0,0.0003,2.7829,2.6905,0.0000,2.2000,3.0000,0.6599,0.9494,0.0000,0.9494,1.2321,2.2300
61.50,ALIGN_HOME_YAW,0,0.0003,2.7648,2.6881,0.0000,2.2000,3.0000,0.6452,0.9235,0.0000,0.9235,1.2317,2.2300
61.60,ALIGN_HOME_YAW,0,0.0003,2.7648,2.6881,0.0000,2.2000,3.0000,0.6452,0.9235,0.0000,0.9235,1.2317,2.2300
61.70,ALIGN_HOME_YAW,0,0.0003,2.7469,2.6865,0.0000,2.2000,3.0000,0.6304,0.8964,0.0000,0.8964,1.2314,2.2300
61.80,ALIGN_HOME_YAW,0,0.0003,2.7290,2.6858,0.0000,2.2000,3.0000,0.6153,0.8683,0.0000,0.8683,1.2331,2.2300
61.90,ALIGN_HOME_YAW,0,0.0003,2.7290,2.6858,0.0000,2.2000,3.0000,0.6153,0.8683,0.0000,0.8683,1.2331,2.2300
62.00,ALIGN_HOME_YAW,0,0.0003,2.7113,2.6859,0.0000,2.2000,3.0000,0.6001,0.8387,0.0000,0.8387,1.2354,2.2300
62.10,ALIGN_HOME_YAW,0,0.0003,2.6945,2.6867,0.0000,2.2000,3.0000,0.5854,0.8080,0.0000,0.8080,1.2336,2.2300
62.20,ALIGN_HOME_YAW,0,0.0003,2.6945,2.6867,0.0000,2.2000,3.0000,0.5854,0.8080,0.0000,0.8080,1.2336,2.2300
62.30,ALIGN_HOME_YAW,0,0.0003,2.6782,2.6882,0.0000,2.2000,3.0000,0.5709,0.7768,0.0000,0.7768,1.2338,2.2300
62.40,ALIGN_HOME_YAW,0,0.0004,2.6622,2.6904,0.0000,2.2000,3.0000,0.5563,0.7490,0.0000,0.7490,1.2340,2.2300
62.50,ALIGN_HOME_YAW,0,0.0004,2.6622,2.6904,0.0000,2.2000,3.0000,0.5563,0.7490,0.0000,0.7490,1.2340,2.2300
62.60,ALIGN_HOME_YAW,0,0.0004,2.6470,2.6931,0.0000,2.2000,3.0000,0.5422,0.7233,0.0000,0.7233,1.2307,2.2300
62.70,ALIGN_HOME_YAW,0,0.0005,2.6320,2.6963,0.0000,2.2000,3.0000,0.5281,0.6956,0.0000,0.6956,1.2307,2.2300
62.80,ALIGN_HOME_YAW,0,0.0005,2.6320,2.6963,0.0000,2.2000,3.0000,0.5281,0.6956,0.0000,0.6956,1.2307,2.2300
62.90,ALIGN_HOME_YAW,0,0.0005,2.6173,2.6999,0.0000,2.2000,3.0000,0.5140,0.6702,0.0000,0.6702,1.2300,2.2300
63.00,ALIGN_HOME_YAW,0,0.0005,2.6173,2.6999,0.0000,2.2000,3.0000,0.5140,0.6702,0.0000,0.6702,1.2300,2.2300
63.10,ALIGN_HOME_YAW,0,0.0005,2.6033,2.7039,0.0000,2.2000,3.0000,0.5003,0.6484,0.0000,0.6484,1.2302,2.2300
63.20,ALIGN_HOME_YAW,0,0.0006,2.5898,2.7084,0.0000,2.2000,3.0000,0.4868,0.6277,0.0000,0.6277,1.2280,2.2300
63.30,ALIGN_HOME_YAW,0,0.0006,2.5898,2.7084,0.0000,2.2000,3.0000,0.4868,0.6277,0.0000,0.6277,1.2280,2.2300
63.40,ALIGN_HOME_YAW,0,0.0006,2.5767,2.7130,0.0000,2.2000,3.0000,0.4735,0.6136,0.0000,0.6136,1.2268,2.2300
63.50,ALIGN_HOME_YAW,0,0.0006,2.5638,2.7182,0.0000,2.2000,3.0000,0.4602,0.5978,0.0000,0.5978,1.2283,2.2300
63.60,ALIGN_HOME_YAW,0,0.0006,2.5638,2.7182,0.0000,2.2000,3.0000,0.4602,0.5978,0.0000,0.5978,1.2283,2.2300
63.70,ALIGN_HOME_YAW,0,0.0006,2.5521,2.7234,0.0000,2.2000,3.0000,0.4478,0.5851,0.0000,0.5851,1.2278,2.2300
63.80,ALIGN_HOME_YAW,0,0.0006,2.5412,2.7287,0.0000,2.2000,3.0000,0.4359,0.5730,0.0000,0.5730,1.2282,2.2300
63.90,OPEN,0,0.0006,2.5412,2.7287,0.0000,2.2000,3.0000,0.4359,0.5730,0.0000,0.5730,1.2282,2.2300
64.00,SETTLE,0,0.0006,2.5306,2.7341,0.0000,2.2000,3.0000,0.4242,0.5658,0.0000,0.5658,1.2284,0.0500
64.10,SETTLE,0,0.0006,2.5209,2.7396,0.0000,2.2000,3.0000,0.4133,0.5573,0.0000,0.5573,1.2282,0.0500
64.20,SETTLE,0,0.0006,2.5209,2.7396,0.0000,2.2000,3.0000,0.4133,0.5573,0.0000,0.5573,1.2282,0.0500
64.30,SETTLE,0,0.0005,2.5118,2.7451,0.0000,2.2000,3.0000,0.4027,0.5502,0.0000,0.5502,1.2291,0.0500
64.40,SETTLE,0,0.0005,2.5034,2.7503,0.0000,2.2000,3.0000,0.3929,0.5450,0.0000,0.5450,1.2282,0.0500
64.50,SETTLE,0,0.0005,2.5034,2.7503,0.0000,2.2000,3.0000,0.3929,0.5450,0.0000,0.5450,1.2282,0.0500
64.60,SETTLE,0,0.0005,2.4952,2.7554,0.0000,2.2000,3.0000,0.3834,0.5410,0.0000,0.5410,1.2281,0.0500
64.70,SETTLE,0,0.0005,2.4876,2.7605,0.0000,2.2000,3.0000,0.3743,0.5368,0.0000,0.5368,1.2287,0.0500
64.80,SETTLE,0,0.0005,2.4876,2.7605,0.0000,2.2000,3.0000,0.3743,0.5368,0.0000,0.5368,1.2287,0.0500
64.90,SETTLE,0,0.0004,2.4806,2.7654,0.0000,2.2000,3.0000,0.3658,0.5332,0.0000,0.5332,1.2294,0.0500
65.00,SETTLE,0,0.0004,2.4741,2.7700,0.0000,2.2000,3.0000,0.3579,0.5305,0.0000,0.5305,1.2309,0.0500
65.10,SETTLE,0,0.0004,2.4741,2.7700,0.0000,2.2000,3.0000,0.3579,0.5305,0.0000,0.5305,1.2309,0.0500
65.20,SETTLE,0,0.0004,2.4682,2.7741,0.0000,2.2000,3.0000,0.3506,0.4983,0.0000,0.4983,1.2018,0.0500
65.30,SETTLE,0,0.0003,2.4625,2.7779,0.0000,2.2000,3.0000,0.3439,0.4674,0.0000,0.4674,1.1727,0.0500
65.40,SETTLE,0,0.0003,2.4625,2.7779,0.0000,2.2000,3.0000,0.3439,0.4674,0.0000,0.4674,1.1727,0.0500
65.50,CLEAR,0,0.0003,2.4575,2.7813,0.0000,2.2000,3.0000,0.3378,0.4381,0.0000,0.4381,1.1437,0.0500
65.60,CLEAR,0,0.0003,2.4530,2.7843,0.0000,2.2000,3.0000,0.3325,0.4104,0.0000,0.4104,1.1146,0.0500
65.70,CLEAR,0,0.0002,2.4493,2.7868,0.0000,2.2000,3.0000,0.3280,0.3840,0.0000,0.3840,1.0855,0.0500
65.80,CLEAR,0,0.0002,2.4493,2.7868,0.0000,2.2000,3.0000,0.3280,0.3840,0.0000,0.3840,1.0855,0.0500
65.90,CLEAR,0,0.0002,2.4462,2.7888,0.0000,2.2000,3.0000,0.3244,0.3590,0.0000,0.3590,1.0564,0.0500
66.00,CLEAR,0,0.0002,2.4436,2.7906,0.0000,2.2000,3.0000,0.3212,0.3349,0.0000,0.3349,1.0312,0.0500
66.10,CLEAR,0,0.0001,2.4408,2.7923,0.0000,2.2000,3.0000,0.3180,0.3115,0.0000,0.3115,1.0038,0.0500
66.20,CLEAR,0,0.0001,2.4408,2.7923,0.0000,2.2000,3.0000,0.3180,0.3115,0.0000,0.3115,1.0038,0.0500
66.30,CLEAR,0,0.0002,2.4382,2.7935,0.0000,2.2000,3.0000,0.3153,0.2902,0.0000,0.2902,0.9750,0.0500
66.40,CLEAR,0,0.0002,2.4358,2.7945,0.0000,2.2000,3.0000,0.3128,0.2697,0.0000,0.2697,0.9475,0.0500
66.50,CLEAR,0,0.0002,2.4358,2.7945,0.0000,2.2000,3.0000,0.3128,0.2697,0.0000,0.2697,0.9475,0.0500
66.60,CLEAR,0,0.0002,2.4343,2.7948,0.0000,2.2000,3.0000,0.3114,0.2498,0.0000,0.2498,0.9184,0.0500
66.70,CLEAR,0,0.0002,2.4336,2.7946,0.0000,2.2000,3.0000,0.3111,0.2307,0.0000,0.2307,0.8899,0.0500
66.80,CLEAR,0,0.0001,2.4340,2.7938,0.0000,2.2000,3.0000,0.3119,0.2112,0.0000,0.2112,0.8633,0.0500
66.90,CLEAR,0,0.0001,2.4340,2.7938,0.0000,2.2000,3.0000,0.3119,0.2112,0.0000,0.2112,0.8633,0.0500
67.00,CLEAR,0,0.0001,2.4353,2.7924,0.0000,2.2000,3.0000,0.3137,0.1918,0.0000,0.1918,0.8352,0.0500
67.10,CLEAR,0,0.0001,2.4373,2.7904,0.0000,2.2000,3.0000,0.3166,0.1743,0.0000,0.1743,0.8106,0.0500
67.20,CLEAR,0,0.0001,2.4373,2.7904,0.0000,2.2000,3.0000,0.3166,0.1743,0.0000,0.1743,0.8106,0.0500
67.30,CLEAR,0,0.0001,2.4400,2.7877,0.0000,2.2000,3.0000,0.3204,0.1561,0.0000,0.1561,0.7816,0.0500
67.40,CLEAR,0,0.0001,2.4436,2.7845,0.0000,2.2000,3.0000,0.3252,0.1397,0.0000,0.1397,0.7529,0.0500
67.50,CLEAR,0,0.0001,2.4478,2.7810,0.0000,2.2000,3.0000,0.3307,0.1217,0.0000,0.1217,0.7256,0.0500
67.60,CLEAR,0,0.0001,2.4478,2.7810,0.0000,2.2000,3.0000,0.3307,0.1217,0.0000,0.1217,0.7256,0.0500
67.70,CLEAR,0,0.0001,2.4527,2.7772,0.0000,2.2000,3.0000,0.3369,0.1065,0.0000,0.1065,0.6965,0.0500
67.80,CLEAR,0,0.0000,2.4583,2.7730,0.0000,2.2000,3.0000,0.3439,0.0955,0.0000,0.0955,0.6681,0.0500
67.90,CLEAR,0,0.0000,2.4647,2.7684,0.0000,2.2000,3.0000,0.3517,0.0828,0.0000,0.0828,0.6412,0.0500
68.00,CLEAR,0,0.0000,2.4718,2.7636,0.0000,2.2000,3.0000,0.3602,0.0757,0.0000,0.0757,0.6121,0.0500
68.10,CLEAR,0,-0.0000,2.4797,2.7585,0.0000,2.2000,3.0000,0.3695,0.0670,0.0000,0.0670,0.5830,0.0500
68.20,CLEAR,0,-0.0000,2.4797,2.7585,0.0000,2.2000,3.0000,0.3695,0.0670,0.0000,0.0670,0.5830,0.0500
68.30,CLEAR,0,-0.0000,2.4883,2.7532,0.0000,2.2000,3.0000,0.3795,0.0615,0.0000,0.0615,0.5539,0.0500
68.40,CLEAR,0,0.0000,2.4978,2.7478,0.0000,2.2000,3.0000,0.3903,0.0581,0.0000,0.0581,0.5248,0.0500
68.50,CLEAR,0,0.0000,2.5082,2.7422,0.0000,2.2000,3.0000,0.4018,0.0566,0.0000,0.0566,0.4957,0.0500
68.60,CLEAR,0,0.0000,2.5195,2.7367,0.0000,2.2000,3.0000,0.4140,0.0575,0.0000,0.0575,0.4666,0.0500
68.70,CLEAR,0,0.0000,2.5318,2.7312,0.0000,2.2000,3.0000,0.4271,0.0602,0.0000,0.0602,0.4375,0.0500
68.80,CLEAR,0,0.0000,2.5452,2.7258,0.0000,2.2000,3.0000,0.4408,0.0641,0.0000,0.0641,0.4085,0.0500
68.90,CLEAR,0,0.0000,2.5596,2.7206,0.0000,2.2000,3.0000,0.4554,0.0673,0.0000,0.0673,0.3794,0.0500
69.00,CLEAR,0,0.0000,2.5749,2.7156,0.0000,2.2000,3.0000,0.4705,0.0730,0.0000,0.0730,0.3503,0.0500
69.10,CLEAR,0,0.0000,2.5908,2.7112,0.0000,2.2000,3.0000,0.4859,0.0795,0.0000,0.0795,0.3212,0.0500
69.20,CLEAR,0,0.0000,2.5908,2.7112,0.0000,2.2000,3.0000,0.4859,0.0795,0.0000,0.0795,0.3212,0.0500
69.30,CLEAR,0,0.0000,2.6073,2.7073,0.0000,2.2000,3.0000,0.5016,0.0872,0.0000,0.0872,0.2921,0.0500
69.40,CLEAR,0,0.0000,2.6245,2.7042,0.0000,2.2000,3.0000,0.5174,0.0954,0.0000,0.0954,0.2630,0.0500
69.50,CLEAR,0,0.0000,2.6420,2.7016,0.0000,2.2000,3.0000,0.5333,0.1039,0.0000,0.1039,0.2339,0.0500
69.60,CLEAR,0,0.0000,2.6600,2.6999,0.0000,2.2000,3.0000,0.5492,0.1123,0.0000,0.1123,0.2048,0.0500
69.70,CLEAR,0,0.0000,2.6783,2.6991,0.0000,2.2000,3.0000,0.5651,0.1204,0.0000,0.1204,0.1757,0.0500
69.80,CLEAR,0,0.0000,2.6783,2.6991,0.0000,2.2000,3.0000,0.5651,0.1204,0.0000,0.1204,0.1757,0.0500
69.90,CLEAR,0,0.0000,2.6967,2.6992,0.0000,2.2000,3.0000,0.5807,0.1279,0.0000,0.1279,0.1466,0.0500
70.00,CLEAR,0,0.0000,2.7152,2.7001,0.0000,2.2000,3.0000,0.5961,0.1346,0.0000,0.1346,0.1175,0.0500
70.10,CLEAR,0,0.0000,2.7337,2.7020,0.0000,2.2000,3.0000,0.6113,0.1406,0.0000,0.1406,0.0884,0.0500
70.20,CLEAR,0,0.0000,2.7520,2.7046,0.0000,2.2000,3.0000,0.6261,0.1455,0.0000,0.1455,0.0593,0.0500
70.30,CLEAR,0,0.0000,2.7699,2.7081,0.0000,2.2000,3.0000,0.6403,0.1492,0.0000,0.1492,0.0302,0.0500
70.40,CLEAR,0,0.0000,2.7874,2.7123,0.0000,2.2000,3.0000,0.6541,0.1517,0.0000,0.1517,0.0027,0.0500
70.50,CLEAR,0,0.0000,2.8040,2.7171,0.0000,2.2000,3.0000,0.6670,0.1534,0.0000,0.1534,0.0000,0.0500
70.60,CLEAR,0,0.0000,2.8040,2.7171,0.0000,2.2000,3.0000,0.6670,0.1534,0.0000,0.1534,0.0000,0.0500
70.70,CLEAR,0,0.0000,2.8200,2.7225,0.0000,2.2000,3.0000,0.6792,0.1535,0.0000,0.1535,0.0000,0.0500
70.80,CLEAR,0,0.0000,2.8352,2.7284,0.0000,2.2000,3.0000,0.6909,0.1526,0.0000,0.1526,0.0000,0.0500
70.90,CLEAR,0,0.0000,2.8497,2.7345,0.0000,2.2000,3.0000,0.7018,0.1508,0.0000,0.1508,0.0000,0.0500
71.00,CLEAR,0,0.0000,2.8633,2.7407,0.0000,2.2000,3.0000,0.7121,0.1482,0.0000,0.1482,0.0000,0.0500
71.10,CLEAR,0,0.0000,2.8760,2.7471,0.0000,2.2000,3.0000,0.7218,0.1450,0.0000,0.1450,0.0000,0.0500
71.20,CLEAR,0,0.0000,2.8879,2.7534,0.0000,2.2000,3.0000,0.7307,0.1408,0.0000,0.1408,0.0036,0.0500
71.30,CLEAR,0,0.0000,2.8879,2.7534,0.0000,2.2000,3.0000,0.7307,0.1408,0.0000,0.1408,0.0036,0.0500
71.40,CLEAR,0,0.0000,2.8988,2.7595,0.0000,2.2000,3.0000,0.7390,0.1363,0.0000,0.1363,0.0111,0.0500
71.50,CLEAR,0,0.0000,2.9089,2.7655,0.0000,2.2000,3.0000,0.7467,0.1324,0.0000,0.1324,0.0137,0.0500
71.60,CLEAR,0,0.0000,2.9181,2.7711,0.0000,2.2000,3.0000,0.7537,0.1282,0.0000,0.1282,0.0246,0.0500
71.70,CLEAR,0,0.0000,2.9181,2.7711,0.0000,2.2000,3.0000,0.7537,0.1282,0.0000,0.1282,0.0246,0.0500
71.80,CLEAR,0,0.0000,2.9265,2.7764,0.0000,2.2000,3.0000,0.7602,0.1237,0.0000,0.1237,0.0313,0.0500
71.90,CLEAR,0,0.0000,2.9342,2.7812,0.0000,2.2000,3.0000,0.7661,0.1196,0.0000,0.1196,0.0380,0.0500
72.00,CLEAR,0,0.0000,2.9342,2.7812,0.0000,2.2000,3.0000,0.7661,0.1196,0.0000,0.1196,0.0380,0.0500
72.10,CLEAR,0,0.0000,2.9411,2.7857,0.0000,2.2000,3.0000,0.7715,0.1156,0.0000,0.1156,0.0446,0.0500
72.20,CLEAR,0,0.0000,2.9472,2.7896,0.0000,2.2000,3.0000,0.7763,0.1121,0.0000,0.1121,0.0513,0.0500
72.30,CLEAR,0,0.0000,2.9526,2.7930,0.0000,2.2000,3.0000,0.7806,0.1092,0.0000,0.1092,0.0569,0.0500
72.40,CLEAR,0,0.0000,2.9526,2.7930,0.0000,2.2000,3.0000,0.7806,0.1092,0.0000,0.1092,0.0569,0.0500
72.50,CLEAR,0,0.0000,2.9573,2.7959,0.0000,2.2000,3.0000,0.7843,0.1067,0.0000,0.1067,0.0608,0.0500
72.60,CLEAR,0,0.0000,2.9611,2.7982,0.0000,2.2000,3.0000,0.7874,0.1046,0.0000,0.1046,0.0652,0.0500
72.70,CLEAR,0,0.0000,2.9611,2.7982,0.0000,2.2000,3.0000,0.7874,0.1046,0.0000,0.1046,0.0652,0.0500
72.80,CLEAR,0,0.0000,2.9641,2.7998,0.0000,2.2000,3.0000,0.7899,0.1030,0.0000,0.1030,0.0668,0.0500
72.90,CLEAR,0,0.0000,2.9660,2.8007,0.0000,2.2000,3.0000,0.7915,0.1018,0.0000,0.1018,0.0682,0.0500
73.00,CLEAR,0,0.0000,2.9660,2.8007,0.0000,2.2000,3.0000,0.7915,0.1018,0.0000,0.1018,0.0682,0.0500
73.10,CLEAR,0,0.0000,2.9669,2.8009,0.0000,2.2000,3.0000,0.7923,0.1011,0.0000,0.1011,0.0687,0.0500
73.20,CLEAR,0,0.0000,2.9666,2.8003,0.0000,2.2000,3.0000,0.7922,0.1007,0.0000,0.1007,0.0683,0.0500
73.30,CLEAR,0,0.0000,2.9666,2.8003,0.0000,2.2000,3.0000,0.7922,0.1007,0.0000,0.1007,0.0683,0.0500
73.40,CLEAR,0,0.0000,2.9652,2.7988,0.0000,2.2000,3.0000,0.7913,0.1008,0.0000,0.1008,0.0670,0.0500
73.50,CLEAR,0,0.0000,2.9629,2.7966,0.0000,2.2000,3.0000,0.7895,0.1012,0.0000,0.1012,0.0651,0.0500
73.60,CLEAR,0,0.0000,2.9629,2.7966,0.0000,2.2000,3.0000,0.7895,0.1012,0.0000,0.1012,0.0651,0.0500
73.70,CLEAR,0,0.0000,2.9596,2.7936,0.0000,2.2000,3.0000,0.7871,0.1019,0.0000,0.1019,0.0637,0.0500
73.80,CLEAR,0,0.0000,2.9553,2.7900,0.0000,2.2000,3.0000,0.7840,0.1030,0.0000,0.1030,0.0609,0.0500
73.90,CLEAR,0,0.0000,2.9501,2.7857,0.0000,2.2000,3.0000,0.7801,0.1045,0.0000,0.1045,0.0584,0.0500
74.00,CLEAR,0,0.0000,2.9501,2.7857,0.0000,2.2000,3.0000,0.7801,0.1045,0.0000,0.1045,0.0584,0.0500
74.10,CLEAR,0,0.0000,2.9438,2.7809,0.0000,2.2000,3.0000,0.7754,0.1063,0.0000,0.1063,0.0558,0.0500
74.20,CLEAR,0,0.0000,2.9366,2.7756,0.0000,2.2000,3.0000,0.7701,0.1084,0.0000,0.1084,0.0532,0.0500
74.30,CLEAR,0,0.0000,2.9285,2.7698,0.0000,2.2000,3.0000,0.7640,0.1106,0.0000,0.1106,0.0507,0.0500
74.40,CLEAR,0,0.0000,2.9285,2.7698,0.0000,2.2000,3.0000,0.7640,0.1106,0.0000,0.1106,0.0507,0.0500
74.50,CLEAR,0,0.0000,2.9194,2.7637,0.0000,2.2000,3.0000,0.7572,0.1132,0.0000,0.1132,0.0486,0.0500
74.60,CLEAR,0,0.0000,2.9194,2.7637,0.0000,2.2000,3.0000,0.7572,0.1132,0.0000,0.1132,0.0486,0.0500
74.70,CLEAR,0,0.0000,2.9094,2.7574,0.0000,2.2000,3.0000,0.7497,0.1158,0.0000,0.1158,0.0464,0.0500
74.80,CLEAR,0,0.0000,2.8985,2.7510,0.0000,2.2000,3.0000,0.7416,0.1187,0.0000,0.1187,0.0448,0.0500
74.90,CLEAR,0,0.0000,2.8985,2.7510,0.0000,2.2000,3.0000,0.7416,0.1187,0.0000,0.1187,0.0448,0.0500
75.00,CLEAR,0,0.0000,2.8868,2.7446,0.0000,2.2000,3.0000,0.7328,0.1217,0.0000,0.1217,0.0433,0.0500
75.10,CLEAR,0,0.0000,2.8743,2.7382,0.0000,2.2000,3.0000,0.7234,0.1248,0.0000,0.1248,0.0426,0.0500
75.20,CLEAR,0,0.0000,2.8611,2.7320,0.0000,2.2000,3.0000,0.7133,0.1278,0.0000,0.1278,0.0423,0.0500
75.30,CLEAR,0,0.0000,2.8611,2.7320,0.0000,2.2000,3.0000,0.7133,0.1278,0.0000,0.1278,0.0423,0.0500
75.40,CLEAR,0,0.0000,2.8472,2.7260,0.0000,2.2000,3.0000,0.7028,0.1307,0.0000,0.1307,0.0419,0.0500
75.50,HOVER_UP,1,0.0000,2.8326,2.7205,0.0000,2.2000,3.0000,0.6916,0.1336,0.0000,0.1336,0.0422,0.0500
75.70,HOVER_UP,1,0.0000,2.8326,2.7205,-4.1178,2.8498,1.8903,4.2007,0.1336,0.1336,0.0000,0.0422,0.0500
75.70,HOVER_UP,1,0.0000,2.8174,2.7153,-4.1178,2.8498,1.8903,4.1998,0.1362,0.1362,0.0000,0.0424,0.0500
75.80,HOVER_UP,1,0.0000,2.8016,2.7107,-4.1178,2.8498,1.8903,4.1990,0.1386,0.1386,0.0000,0.0432,0.0500
75.90,HOVER_UP,1,0.0000,2.8016,2.7107,-4.1178,2.8498,1.8903,4.1990,0.1386,0.1386,0.0000,0.0432,0.0500
76.00,HOVER_UP,1,0.0000,2.7853,2.7066,-4.1178,2.8498,1.8903,4.1984,0.1407,0.1407,0.0000,0.0442,0.0500
76.10,HOVER_UP,1,0.0000,2.7685,2.7032,-4.1178,2.8498,1.8903,4.1981,0.1425,0.1425,0.0000,0.0453,0.0500
76.20,HOVER_UP,1,0.0000,2.7514,2.7005,-4.1178,2.8498,1.8903,4.1979,0.1438,0.1438,0.0000,0.0464,0.0500
76.30,HOVER_UP,1,0.0000,2.7514,2.7005,-4.1178,2.8498,1.8903,4.1979,0.1438,0.1438,0.0000,0.0464,0.0500
76.40,HOVER_UP,1,0.0000,2.7341,2.6986,-4.1178,2.8498,1.8903,4.1980,0.1448,0.1448,0.0000,0.0475,0.0500
76.50,HOVER_UP,1,0.0000,2.7166,2.6974,-4.1178,2.8498,1.8903,4.1983,0.1454,0.1454,0.0000,0.0487,0.0500
76.60,HOVER_UP,1,0.0000,2.7166,2.6974,-4.1178,2.8498,1.8903,4.1983,0.1454,0.1454,0.0000,0.0487,0.0500
76.70,HOVER_UP,1,0.0000,2.7166,2.6974,-4.1178,2.8498,1.8903,4.1983,0.1454,0.1454,0.0000,0.0487,0.0500
76.80,HOVER_UP,1,0.0000,2.7166,2.6974,-4.1178,2.8498,1.8903,4.1983,0.1454,0.1454,0.0000,0.0487,0.0500
76.90,HOVER_UP,1,0.0000,2.7166,2.6974,-4.1178,2.8498,1.8903,4.1983,0.1454,0.1454,0.0000,0.0487,0.0500
77.00,HOVER_UP,1,0.0000,2.7166,2.6974,-4.1178,2.8498,1.8903,4.1983,0.1454,0.1454,0.0000,0.0487,0.0500
77.10,HOVER_UP,1,0.0000,2.6990,2.6970,-4.1178,2.8498,1.8903,4.1988,0.1253,0.1253,0.0000,0.0496,0.0500
77.20,HOVER_UP,1,0.0000,2.6990,2.6970,-4.1178,2.8498,1.8903,4.1988,0.1253,0.1253,0.0000,0.0496,0.0500
77.30,HOVER_UP,1,-0.0221,2.7123,2.6891,-4.1178,2.8498,1.8903,4.1751,0.1331,0.1331,0.0000,0.0503,0.0500
77.40,HOVER_UP,1,-0.0747,2.7584,2.6645,-4.1178,2.8498,1.8903,4.1176,0.1511,0.1511,0.0000,0.0506,0.0500
77.50,HOVER_UP,1,-0.0747,2.7584,2.6645,-4.1178,2.8498,1.8903,4.1176,0.1511,0.1511,0.0000,0.0506,0.0500
77.60,HOVER_UP,1,-0.1544,2.8179,2.6325,-4.1178,2.8498,1.8903,4.0324,0.1773,0.1773,0.0000,0.0509,0.0500
77.70,HOVER_UP,1,-0.2423,2.8837,2.5973,-4.1178,2.8498,1.8903,3.9396,0.2046,0.2046,0.0000,0.0509,0.0500
77.80,HOVER_UP,1,-0.2423,2.8837,2.5973,-4.1178,2.8498,1.8903,3.9396,0.2046,0.2046,0.0000,0.0509,0.0500
77.90,HOVER_UP,1,-0.3347,2.9511,2.5600,-4.1178,2.8498,1.8903,3.8433,0.2316,0.2316,0.0000,0.0511,0.0500
78.00,HOVER_UP,1,-0.4313,3.0169,2.5207,-4.1178,2.8498,1.8903,3.7437,0.2582,0.2582,0.0000,0.0512,0.0500
78.10,HOVER_UP,1,-0.4313,3.0169,2.5207,-4.1178,2.8498,1.8903,3.7437,0.2582,0.2582,0.0000,0.0512,0.0500
78.20,HOVER_UP,1,-0.5322,3.0801,2.4796,-4.1178,2.8498,1.8903,3.6410,0.2847,0.2847,0.0000,0.0514,0.0500
78.30,HOVER_UP,1,-0.6372,3.1404,2.4363,-4.1178,2.8498,1.8903,3.5352,0.3111,0.3111,0.0000,0.0513,0.0500
78.40,HOVER_UP,1,-0.6372,3.1404,2.4363,-4.1178,2.8498,1.8903,3.5352,0.3111,0.3111,0.0000,0.0513,0.0500
78.50,HOVER_UP,1,-0.7462,3.1974,2.3909,-4.1178,2.8498,1.8903,3.4263,0.3375,0.3375,0.0000,0.0513,0.0500
78.60,HOVER_UP,1,-0.8591,3.2510,2.3432,-4.1178,2.8498,1.8903,3.3144,0.3638,0.3638,0.0000,0.0511,0.0500
78.70,HOVER_UP,1,-0.9758,3.3008,2.2931,-4.1178,2.8498,1.8903,3.1997,0.3902,0.3902,0.0000,0.0510,0.0500
78.80,HOVER_UP,1,-0.9758,3.3008,2.2931,-4.1178,2.8498,1.8903,3.1997,0.3902,0.3902,0.0000,0.0510,0.0500
78.90,HOVER_UP,1,-1.0961,3.3466,2.2405,-4.1178,2.8498,1.8903,3.0822,0.4167,0.4167,0.0000,0.0508,0.0500
79.00,HOVER_UP,1,-1.2198,3.3879,2.1854,-4.1178,2.8498,1.8903,2.9622,0.4434,0.4434,0.0000,0.0507,0.0500
79.10,HOVER_UP,1,-1.2198,3.3879,2.1854,-4.1178,2.8498,1.8903,2.9622,0.4434,0.4434,0.0000,0.0507,0.0500
79.20,HOVER_UP,1,-1.3468,3.4247,2.1313,-4.1178,2.8498,1.8903,2.8402,0.4707,0.4707,0.0000,0.0505,0.0500
79.30,HOVER_UP,1,-1.4768,3.4567,2.0803,-4.1178,2.8498,1.8903,2.7165,0.4992,0.4992,0.0000,0.0503,0.0500
79.40,HOVER_UP,1,-1.6097,3.4836,2.0191,-4.1178,2.8498,1.8903,2.5902,0.5265,0.5265,0.0000,0.0501,0.0500
79.50,HOVER_UP,1,-1.6097,3.4836,2.0191,-4.1178,2.8498,1.8903,2.5902,0.5265,0.5265,0.0000,0.0501,0.0500
79.60,HOVER_UP,1,-1.7444,3.5038,1.9704,-4.1178,2.8498,1.8903,2.4632,0.5571,0.5571,0.0000,0.0499,0.0500
79.70,HOVER_UP,1,-1.8826,3.5210,1.9304,-4.1178,2.8498,1.8903,2.3341,0.5891,0.5891,0.0000,0.0498,0.0500
79.80,HOVER_UP,1,-1.8826,3.5210,1.9304,-4.1178,2.8498,1.8903,2.3341,0.5891,0.5891,0.0000,0.0498,0.0500
79.90,HOVER_UP,1,-2.0242,3.5347,1.8966,-4.1178,2.8498,1.8903,2.2027,0.6218,0.6218,0.0000,0.0497,0.0500
80.00,HOVER_UP,1,-2.1693,3.5448,1.8699,-4.1178,2.8498,1.8903,2.0689,0.6549,0.6549,0.0000,0.0496,0.0500
80.10,HOVER_UP,1,-2.3164,3.5491,1.8260,-4.1178,2.8498,1.8903,1.9334,0.6859,0.6859,0.0000,0.0495,0.0500
80.20,HOVER_UP,1,-2.3164,3.5491,1.8260,-4.1178,2.8498,1.8903,1.9334,0.6859,0.6859,0.0000,0.0495,0.0500
80.30,HOVER_UP,1,-2.4639,3.5454,1.7994,-4.1178,2.8498,1.8903,1.7966,0.7190,0.7190,0.0000,0.0495,0.0500
80.40,HOVER_UP,1,-2.6139,3.5372,1.7904,-4.1178,2.8498,1.8903,1.6566,0.7519,0.7519,0.0000,0.0495,0.0500
80.50,HOVER_UP,1,-2.6139,3.5372,1.7904,-4.1178,2.8498,1.8903,1.6566,0.7519,0.7519,0.0000,0.0495,0.0500
80.60,HOVER_UP,1,-2.7629,3.5199,1.7906,-4.1178,2.8498,1.8903,1.5149,0.7843,0.7843,0.0000,0.0495,0.0500
80.70,HOVER_UP,1,-2.9061,3.4982,1.7922,-4.1178,2.8498,1.8903,1.3777,0.8146,0.8146,0.0000,0.0495,0.0500
80.80,HOVER_UP,1,-2.9061,3.4982,1.7922,-4.1178,2.8498,1.8903,1.3777,0.8146,0.8146,0.0000,0.0495,0.0500
80.90,HOVER_UP,1,-3.0403,3.4733,1.7955,-4.1178,2.8498,1.8903,1.2485,0.8424,0.8424,0.0000,0.0496,0.0500
81.00,HOVER_UP,1,-3.1655,3.4466,1.8006,-4.1178,2.8498,1.8903,1.1274,0.8676,0.8676,0.0000,0.0496,0.0500
81.10,HOVER_UP,1,-3.1655,3.4466,1.8006,-4.1178,2.8498,1.8903,1.1274,0.8676,0.8676,0.0000,0.0497,0.0500
81.20,HOVER_UP,1,-3.2813,3.4189,1.8070,-4.1178,2.8498,1.8903,1.0152,0.8901,0.8901,0.0000,0.0497,0.0500
81.30,HOVER_UP,1,-3.3872,3.3906,1.8218,-4.1178,2.8498,1.8903,0.9115,0.9102,0.9102,0.0000,0.0498,0.0500
81.40,HOVER_UP,1,-3.4844,3.3638,1.8356,-4.1178,2.8498,1.8903,0.8175,0.9278,0.9278,0.0000,0.0499,0.0500
81.50,HOVER_UP,1,-3.4844,3.3638,1.8356,-4.1178,2.8498,1.8903,0.8175,0.9278,0.9278,0.0000,0.0499,0.0500
81.60,HOVER_UP,1,-3.5722,3.3387,1.8472,-4.1178,2.8498,1.8903,0.7339,0.9428,0.9428,0.0000,0.0499,0.0500
81.70,HOVER_UP,1,-3.6512,3.3164,1.8578,-4.1178,2.8498,1.8903,0.6607,0.9554,0.9554,0.0000,0.0500,0.0500
81.80,HOVER_UP,1,-3.6512,3.3164,1.8578,-4.1178,2.8498,1.8903,0.6607,0.9554,0.9554,0.0000,0.0500,0.0500
81.90,HOVER_UP,1,-3.7393,3.2867,1.8701,-4.1178,2.8498,1.8903,0.5784,0.9702,0.9702,0.0000,0.0501,0.0500
82.00,HOVER_UP,1,-3.8146,3.2576,1.8818,-4.1178,2.8498,1.8903,0.5082,0.9820,0.9820,0.0000,0.0501,0.0500
82.10,HOVER_UP,1,-3.8945,3.2240,1.8948,-4.1178,2.8498,1.8903,0.4357,0.9950,0.9950,0.0000,0.0501,0.0500
82.20,HOVER_UP,1,-3.8945,3.2240,1.8948,-4.1178,2.8498,1.8903,0.4357,0.9950,0.9950,0.0000,0.0501,0.0500
82.30,HOVER_UP,1,-3.9633,3.1919,1.9076,-4.1178,2.8498,1.8903,0.3758,1.0052,1.0052,0.0000,0.0502,0.0500
82.40,HOVER_UP,1,-4.0196,3.1705,1.9193,-4.1178,2.8498,1.8903,0.3367,1.0117,1.0117,0.0000,0.0502,0.0500
82.50,HOVER_UP,1,-4.0196,3.1705,1.9193,-4.1178,2.8498,1.8903,0.3367,1.0117,1.0117,0.0000,0.0502,0.0500
82.60,HOVER_UP,1,-4.0659,3.1577,1.9315,-4.1178,2.8498,1.8903,0.3150,1.0152,1.0152,0.0000,0.0502,0.0500
82.70,HOVER_UP,1,-4.1076,3.1473,1.9446,-4.1178,2.8498,1.8903,0.3025,1.0175,1.0175,0.0000,0.0502,0.0500
82.80,HOVER_UP,1,-4.1460,3.1375,1.9584,-4.1178,2.8498,1.8903,0.2970,1.0189,1.0189,0.0000,0.0502,0.0500
82.90,HOVER_UP,1,-4.1460,3.1375,1.9584,-4.1178,2.8498,1.8903,0.2970,1.0189,1.0189,0.0000,0.0502,0.0500
83.00,HOVER_UP,1,-4.1766,3.1311,1.9721,-4.1178,2.8498,1.8903,0.2987,1.0184,1.0184,0.0000,0.0501,0.0500
83.10,HOVER_UP,1,-4.2046,3.1263,1.9858,-4.1178,2.8498,1.8903,0.3051,1.0176,1.0176,0.0000,0.0501,0.0500
83.20,HOVER_UP,1,-4.2046,3.1263,1.9858,-4.1178,2.8498,1.8903,0.3051,1.0176,1.0176,0.0000,0.0501,0.0500
83.30,HOVER_UP,1,-4.2265,3.1246,1.9994,-4.1178,2.8498,1.8903,0.3150,1.0152,1.0152,0.0000,0.0501,0.0500
83.40,HOVER_UP,1,-4.2457,3.1246,2.0127,-4.1178,2.8498,1.8903,0.3269,1.0125,1.0125,0.0000,0.0501,0.0500
83.50,HOVER_UP,1,-4.2712,3.1164,2.0253,-4.1178,2.8498,1.8903,0.3359,1.0121,1.0121,0.0000,0.0500,0.0500
83.60,HOVER_UP,1,-4.2712,3.1164,2.0253,-4.1178,2.8498,1.8903,0.3359,1.0121,1.0121,0.0000,0.0500,0.0500
83.70,HOVER_UP,1,-4.2905,3.1121,2.0381,-4.1178,2.8498,1.8903,0.3471,1.0107,1.0107,0.0000,0.0500,0.0500
83.80,HOVER_UP,1,-4.3058,3.1105,2.0504,-4.1178,2.8498,1.8903,0.3591,1.0086,1.0086,0.0000,0.0500,0.0500
83.90,HOVER_UP,1,-4.3058,3.1105,2.0504,-4.1178,2.8498,1.8903,0.3591,1.0086,1.0086,0.0000,0.0500,0.0500
84.00,HOVER_UP,1,-4.3192,3.1093,2.0620,-4.1178,2.8498,1.8903,0.3707,1.0066,1.0066,0.0000,0.0500,0.0500
84.10,HOVER_UP,1,-4.3317,3.1077,2.0727,-4.1178,2.8498,1.8903,0.3814,1.0049,1.0049,0.0000,0.0500,0.0500
84.20,HOVER_UP,1,-4.3463,3.1019,2.0819,-4.1178,2.8498,1.8903,0.3905,1.0044,1.0044,0.0000,0.0500,0.0500
84.30,HOVER_UP,1,-4.3463,3.1019,2.0819,-4.1178,2.8498,1.8903,0.3905,1.0044,1.0044,0.0000,0.0500,0.0500
84.40,HOVER_UP,1,-4.3571,3.0992,2.0905,-4.1178,2.8498,1.8903,0.3995,1.0034,1.0034,0.0000,0.0499,0.0500
84.50,HOVER_UP,1,-4.3667,3.0962,2.0981,-4.1178,2.8498,1.8903,0.4072,1.0028,1.0028,0.0000,0.0499,0.0500
84.60,HOVER_UP,1,-4.3667,3.0962,2.0981,-4.1178,2.8498,1.8903,0.4072,1.0028,1.0028,0.0000,0.0499,0.0500
84.70,HOVER_UP,1,-4.3732,3.0951,2.1047,-4.1178,2.8498,1.8903,0.4140,1.0020,1.0020,0.0000,0.0499,0.0500
84.80,HOVER_UP,1,-4.3792,3.0934,2.1098,-4.1178,2.8498,1.8903,0.4193,1.0015,1.0015,0.0000,0.0499,0.0500
84.90,HOVER_UP,1,-4.3792,3.0934,2.1098,-4.1178,2.8498,1.8903,0.4193,1.0015,1.0015,0.0000,0.0499,0.0500
85.00,HOVER_UP,1,-4.3846,3.0909,2.1134,-4.1178,2.8498,1.8903,0.4232,1.0015,1.0015,0.0000,0.0499,0.0500
85.10,HOVER_UP,1,-4.3891,3.0880,2.1155,-4.1178,2.8498,1.8903,0.4255,1.0017,1.0017,0.0000,0.0499,0.0500
85.20,HOVER_UP,1,-4.3925,3.0851,2.1163,-4.1178,2.8498,1.8903,0.4265,1.0021,1.0021,0.0000,0.0499,0.0500
85.30,HOVER_UP,1,-4.3925,3.0851,2.1163,-4.1178,2.8498,1.8903,0.4265,1.0021,1.0021,0.0000,0.0499,0.0500
85.40,HOVER_UP,1,-4.3941,3.0830,2.1157,-4.1178,2.8498,1.8903,0.4261,1.0027,1.0027,0.0000,0.0499,0.0500
85.50,ALIGN_YAW,1,-4.3952,3.0802,2.1137,-4.1178,2.8498,1.8903,0.4242,1.0037,1.0037,0.0000,0.0500,0.0500
85.60,ALIGN_YAW,1,-4.3966,3.0757,2.1100,-4.1178,2.8498,1.8903,0.4208,1.0053,-1.4246,2.4299,0.0500,0.0500
85.70,ALIGN_YAW,1,-4.3966,3.0757,2.1100,-4.1178,2.8498,1.8903,0.4208,1.0053,-1.4246,2.4299,0.0500,0.0500
85.80,ALIGN_YAW,1,-4.3963,3.0719,2.1052,-4.1178,2.8498,1.8903,0.4160,1.0070,-1.4246,2.4316,0.0500,0.0500
85.90,ALIGN_YAW,1,-4.3958,3.0671,2.0990,-4.1178,2.8498,1.8903,0.4100,1.0093,-1.4246,2.4339,0.0500,0.0500
86.00,ALIGN_YAW,1,-4.3937,3.0631,2.0918,-4.1178,2.8498,1.8903,0.4027,1.0118,-1.4246,2.4364,0.0500,0.0500
86.10,ALIGN_YAW,1,-4.3937,3.0631,2.0918,-4.1178,2.8498,1.8903,0.4027,1.0118,-1.4246,2.4364,0.0500,0.0500
86.20,ALIGN_YAW,1,-4.3907,3.0588,2.0835,-4.1178,2.8498,1.8903,0.3943,1.0146,-1.4246,2.4392,0.0500,0.0500
86.30,ALIGN_YAW,1,-4.3878,3.0535,2.0743,-4.1178,2.8498,1.8903,0.3850,1.0182,-1.4246,2.4428,0.0501,0.0500
86.40,ALIGN_YAW,1,-4.3878,3.0535,2.0743,-4.1178,2.8498,1.8903,0.3850,1.0182,-1.4246,2.4428,0.0501,0.0500
86.50,ALIGN_YAW,1,-4.3837,3.0484,2.0643,-4.1178,2.8498,1.8903,0.3747,1.0220,-1.4246,2.4467,0.0501,0.0500
86.60,ALIGN_YAW,1,-4.3787,3.0430,2.0535,-4.1178,2.8498,1.8903,0.3633,1.0263,-1.4246,2.4509,0.0501,0.0500
86.70,ALIGN_YAW,1,-4.3787,3.0430,2.0535,-4.1178,2.8498,1.8903,0.3633,1.0263,-1.4246,2.4509,0.0501,0.0500
86.80,ALIGN_YAW,1,-4.3724,3.0376,2.0421,-4.1178,2.8498,1.8903,0.3510,1.0464,-1.4246,2.4710,0.0501,0.0500
86.90,ALIGN_YAW,1,-4.3655,3.0315,2.0302,-4.1178,2.8498,1.8903,0.3376,1.0691,-1.4246,2.4937,0.0501,0.0500
87.00,ALIGN_YAW,1,-4.3655,3.0315,2.0302,-4.1178,2.8498,1.8903,0.3376,1.0691,-1.4246,2.4937,0.0501,0.0500
87.10,ALIGN_YAW,1,-4.3575,3.0252,2.0178,-4.1178,2.8498,1.8903,0.3232,1.0943,-1.4246,2.5189,0.0501,0.0500
87.20,ALIGN_YAW,1,-4.3486,3.0181,2.0052,-4.1178,2.8498,1.8903,0.3079,1.1221,-1.4246,2.5467,0.0501,0.0500
87.30,ALIGN_YAW,1,-4.3486,3.0181,2.0052,-4.1178,2.8498,1.8903,0.3079,1.1221,-1.4246,2.5467,0.0501,0.0500
87.40,ALIGN_YAW,1,-4.3388,3.0103,1.9925,-4.1178,2.8498,1.8903,0.2916,1.1525,-1.4246,2.5771,0.0501,0.0500
87.50,ALIGN_YAW,1,-4.3277,3.0022,1.9797,-4.1178,2.8498,1.8903,0.2743,1.1850,-1.4246,2.6096,0.0500,0.0500
87.60,ALIGN_YAW,1,-4.3156,2.9934,1.9674,-4.1178,2.8498,1.8903,0.2563,1.2196,-1.4246,2.6442,0.0500,0.0500
87.70,ALIGN_YAW,1,-4.3156,2.9934,1.9674,-4.1178,2.8498,1.8903,0.2563,1.2196,-1.4246,2.6442,0.0500,0.0500
87.80,ALIGN_YAW,1,-4.3029,2.9841,1.9557,-4.1178,2.8498,1.8903,0.2379,1.2555,-1.4246,2.6801,0.0500,0.0500
87.90,ALIGN_YAW,1,-4.2898,2.9744,1.9448,-4.1178,2.8498,1.8903,0.2193,1.2924,-1.4246,2.7170,0.0500,0.0500
88.00,ALIGN_YAW,1,-4.2764,2.9643,1.9347,-4.1178,2.8498,1.8903,0.2006,1.3298,-1.4246,2.7545,0.0500,0.0500
88.10,ALIGN_YAW,1,-4.2764,2.9643,1.9347,-4.1178,2.8498,1.8903,0.2006,1.3298,-1.4246,2.7545,0.0500,0.0500
88.20,ALIGN_YAW,1,-4.2624,2.9541,1.9256,-4.1178,2.8498,1.8903,0.1817,1.3675,-1.4246,2.7921,0.0500,0.0500
88.30,ALIGN_YAW,1,-4.2479,2.9437,1.9175,-4.1178,2.8498,1.8903,0.1627,1.4051,-1.4246,2.8297,0.0499,0.0500
88.40,ALIGN_YAW,1,-4.2479,2.9437,1.9175,-4.1178,2.8498,1.8903,0.1627,1.4051,-1.4246,2.8297,0.0499,0.0500
88.50,ALIGN_YAW,1,-4.2330,2.9331,1.9102,-4.1178,2.8498,1.8903,0.1436,1.4422,-1.4246,2.8668,0.0499,0.0500
88.60,ALIGN_YAW,1,-4.2179,2.9223,1.9040,-4.1178,2.8498,1.8903,0.1244,1.4786,-1.4246,2.9033,0.0500,0.0500
88.70,ALIGN_YAW,1,-4.2179,2.9223,1.9040,-4.1178,2.8498,1.8903,0.1244,1.4786,-1.4246,2.9033,0.0500,0.0500
88.80,ALIGN_YAW,1,-4.2025,2.9113,1.8987,-4.1178,2.8498,1.8903,0.1050,1.5142,-1.4246,2.9388,0.0500,0.0500
88.90,ALIGN_YAW,1,-4.1870,2.9002,1.8943,-4.1178,2.8498,1.8903,0.0857,1.5485,-1.4246,2.9731,0.0500,0.0500
89.00,ALIGN_YAW,1,-4.1870,2.9002,1.8943,-4.1178,2.8498,1.8903,0.0857,1.5485,-1.4246,2.9731,0.0500,0.0500
89.10,ALIGN_YAW,1,-4.1714,2.8890,1.8910,-4.1178,2.8498,1.8903,0.0664,1.5816,-1.4246,3.0062,0.0500,0.0500
89.20,ALIGN_YAW,1,-4.1556,2.8780,1.8887,-4.1178,2.8498,1.8903,0.0471,1.6131,-1.4246,3.0377,0.0500,0.0500
89.30,ALIGN_YAW,1,-4.1556,2.8780,1.8887,-4.1178,2.8498,1.8903,0.0471,1.6131,-1.4246,3.0377,0.0500,0.0500
89.40,ALIGN_YAW,1,-4.1400,2.8669,1.8874,-4.1178,2.8498,1.8903,0.0281,1.6431,-1.4246,3.0677,0.0500,0.0500
89.50,ALIGN_YAW,1,-4.1245,2.8560,1.8872,-4.1178,2.8498,1.8903,0.0096,1.6716,-1.4246,3.0962,0.0500,0.0500
89.60,ALIGN_YAW,1,-4.1245,2.8560,1.8872,-4.1178,2.8498,1.8903,0.0096,1.6716,-1.4246,3.0962,0.0500,0.0500
89.70,ALIGN_YAW,1,-4.1093,2.8452,1.8878,-4.1178,2.8498,1.8903,0.0100,1.6986,-1.4246,3.1232,0.0500,0.0500
89.80,ALIGN_YAW,1,-4.0943,2.8348,1.8892,-4.1178,2.8498,1.8903,0.0279,1.7241,-1.4246,3.1345,0.0500,0.0500
89.90,ALIGN_YAW,1,-4.0798,2.8245,1.8915,-4.1178,2.8498,1.8903,0.0457,1.7454,-1.4246,3.1132,0.0500,0.0500
90.00,ALIGN_YAW,1,-4.0798,2.8245,1.8915,-4.1178,2.8498,1.8903,0.0457,1.7454,-1.4246,3.1132,0.0500,0.0500
90.10,ALIGN_YAW,1,-4.0657,2.8147,1.8945,-4.1178,2.8498,1.8903,0.0630,1.7626,-1.4246,3.0960,0.0500,0.0500
90.20,ALIGN_YAW,1,-4.0519,2.8052,1.8981,-4.1178,2.8498,1.8903,0.0800,1.7759,-1.4246,3.0827,0.0500,0.0500
90.30,ALIGN_YAW,1,-4.0519,2.8052,1.8981,-4.1178,2.8498,1.8903,0.0800,1.7759,-1.4246,3.0827,0.0500,0.0500
90.40,ALIGN_YAW,1,-4.0388,2.7959,1.9022,-4.1178,2.8498,1.8903,0.0964,1.7897,-1.4246,3.0689,0.0500,0.0500
90.50,ALIGN_YAW,1,-4.0261,2.7871,1.9069,-4.1178,2.8498,1.8903,0.1123,1.7954,-1.4246,3.0631,0.0500,0.0500
90.60,ALIGN_YAW,1,-4.0140,2.7785,1.9119,-4.1178,2.8498,1.8903,0.1277,1.8020,-1.4246,3.0566,0.0500,0.0500
90.70,ALIGN_YAW,1,-4.0140,2.7785,1.9119,-4.1178,2.8498,1.8903,0.1277,1.8020,-1.4246,3.0566,0.0500,0.0500
90.80,ALIGN_YAW,1,-4.0024,2.7704,1.9173,-4.1178,2.8498,1.8903,0.1426,1.7976,-1.4246,3.0609,0.0500,0.0500
90.90,ALIGN_YAW,1,-3.9914,2.7627,1.9230,-4.1178,2.8498,1.8903,0.1570,1.7942,-1.4246,3.0644,0.0500,0.0500
91.00,ALIGN_YAW,1,-3.9914,2.7627,1.9230,-4.1178,2.8498,1.8903,0.1570,1.7942,-1.4246,3.0644,0.0500,0.0500
91.10,ALIGN_YAW,1,-3.9809,2.7554,1.9289,-4.1178,2.8498,1.8903,0.1708,1.7864,-1.4246,3.0722,0.0500,0.0500
91.20,ALIGN_YAW,1,-3.9709,2.7485,1.9349,-4.1178,2.8498,1.8903,0.1840,1.7761,-1.4246,3.0825,0.0500,0.0500
91.30,ALIGN_YAW,1,-3.9709,2.7485,1.9349,-4.1178,2.8498,1.8903,0.1840,1.7761,-1.4246,3.0825,0.0500,0.0500
91.40,ALIGN_YAW,1,-3.9614,2.7419,1.9410,-4.1178,2.8498,1.8903,0.1966,1.7636,-1.4246,3.0949,0.0500,0.0500
91.50,ALIGN_YAW,1,-3.9525,2.7357,1.9471,-4.1178,2.8498,1.8903,0.2087,1.7489,-1.4246,3.1097,0.0500,0.0500
91.60,ALIGN_YAW,1,-3.9525,2.7357,1.9471,-4.1178,2.8498,1.8903,0.2087,1.7489,-1.4246,3.1097,0.0500,0.0500
91.70,ALIGN_YAW,1,-3.9442,2.7299,1.9531,-4.1178,2.8498,1.8903,0.2202,1.7340,-1.4246,3.1246,0.0500,0.0500
91.80,ALIGN_YAW,1,-3.9364,2.7244,1.9591,-4.1178,2.8498,1.8903,0.2310,1.7169,-1.4246,3.1415,0.0500,0.0500
91.90,ALIGN_YAW,1,-3.9364,2.7244,1.9591,-4.1178,2.8498,1.8903,0.2310,1.7169,-1.4246,3.1415,0.0500,0.0500
92.00,ALIGN_YAW,1,-3.9291,2.7194,1.9649,-4.1178,2.8498,1.8903,0.2412,1.7005,-1.4246,3.1252,0.0500,0.0500
92.10,ALIGN_YAW,1,-3.9223,2.7146,1.9704,-4.1178,2.8498,1.8903,0.2508,1.6837,-1.4246,3.1084,0.0500,0.0500
92.20,ALIGN_YAW,1,-3.9223,2.7146,1.9704,-4.1178,2.8498,1.8903,0.2508,1.6837,-1.4246,3.1084,0.0500,0.0500
92.30,ALIGN_YAW,1,-3.9161,2.7104,1.9756,-4.1178,2.8498,1.8903,0.2597,1.6676,-1.4246,3.0922,0.0500,0.0500
92.40,ALIGN_YAW,1,-3.9105,2.7065,1.9805,-4.1178,2.8498,1.8903,0.2677,1.6524,-1.4246,3.0770,0.0500,0.0500
92.50,ALIGN_YAW,1,-3.9105,2.7065,1.9805,-4.1178,2.8498,1.8903,0.2677,1.6524,-1.4246,3.0770,0.0500,0.0500
92.60,ALIGN_YAW,1,-3.9055,2.7031,1.9850,-4.1178,2.8498,1.8903,0.2749,1.6382,-1.4246,3.0628,0.0500,0.0500
92.70,ALIGN_YAW,1,-3.9013,2.7002,1.9891,-4.1178,2.8498,1.8903,0.2811,1.6254,-1.4246,3.0501,0.0500,0.0500
92.80,ALIGN_YAW,1,-3.8978,2.6977,1.9925,-4.1178,2.8498,1.8903,0.2863,1.6140,-1.4246,3.0386,0.0500,0.0500
92.90,ALIGN_YAW,1,-3.8978,2.6977,1.9925,-4.1178,2.8498,1.8903,0.2863,1.6140,-1.4246,3.0386,0.0500,0.0500
93.00,ALIGN_YAW,1,-3.8950,2.6958,1.9952,-4.1178,2.8498,1.8903,0.2905,1.6042,-1.4246,3.0288,0.0500,0.0500
93.10,ALIGN_YAW,1,-3.8930,2.6944,1.9974,-4.1178,2.8498,1.8903,0.2935,1.5959,-1.4246,3.0205,0.0500,0.0500
93.20,ALIGN_YAW,1,-3.8930,2.6944,1.9974,-4.1178,2.8498,1.8903,0.2935,1.5959,-1.4246,3.0205,0.0500,0.0500
93.30,ALIGN_YAW,1,-3.8917,2.6935,1.9988,-4.1178,2.8498,1.8903,0.2955,1.5891,-1.4246,3.0137,0.0500,0.0500
93.40,ALIGN_YAW,1,-3.8911,2.6931,1.9996,-4.1178,2.8498,1.8903,0.2965,1.5845,-1.4246,3.0091,0.0500,0.0500
93.50,ALIGN_YAW,1,-3.8911,2.6931,1.9996,-4.1178,2.8498,1.8903,0.2965,1.5845,-1.4246,3.0091,0.0500,0.0500
93.60,ALIGN_YAW,1,-3.8911,2.6931,1.9997,-4.1178,2.8498,1.8903,0.2965,1.5818,-1.4246,3.0064,0.0500,0.0500
93.70,ALIGN_YAW,1,-3.8917,2.6935,1.9991,-4.1178,2.8498,1.8903,0.2956,1.5810,-1.4246,3.0056,0.0500,0.0500
93.80,ALIGN_YAW,1,-3.8929,2.6944,1.9979,-4.1178,2.8498,1.8903,0.2938,1.5821,-1.4246,3.0068,0.0500,0.0500
93.90,ALIGN_YAW,1,-3.8929,2.6944,1.9979,-4.1178,2.8498,1.8903,0.2938,1.5821,-1.4246,3.0068,0.0500,0.0500
94.00,ALIGN_YAW,1,-3.8946,2.6956,1.9961,-4.1178,2.8498,1.8903,0.2912,1.5851,-1.4246,3.0097,0.0500,0.0500
94.10,ALIGN_YAW,1,-3.8970,2.6972,1.9936,-4.1178,2.8498,1.8903,0.2877,1.5897,-1.4246,3.0144,0.0500,0.0500
94.20,ALIGN_YAW,1,-3.8970,2.6972,1.9936,-4.1178,2.8498,1.8903,0.2877,1.5897,-1.4246,3.0144,0.0500,0.0500
94.30,ALIGN_YAW,1,-3.8999,2.6992,1.9906,-4.1178,2.8498,1.8903,0.2832,1.5959,-1.4246,3.0206,0.0500,0.0500
94.40,ALIGN_YAW,1,-3.9035,2.7017,1.9870,-4.1178,2.8498,1.8903,0.2779,1.6036,-1.4246,3.0282,0.0500,0.0500
94.50,ALIGN_YAW,1,-3.9035,2.7017,1.9870,-4.1178,2.8498,1.8903,0.2779,1.6036,-1.4246,3.0282,0.0500,0.0500
94.60,ALIGN_YAW,1,-3.9076,2.7046,1.9829,-4.1178,2.8498,1.8903,0.2717,1.6125,-1.4246,3.0371,0.0500,0.0500
94.70,ALIGN_YAW,1,-3.9124,2.7079,1.9783,-4.1178,2.8498,1.8903,0.2647,1.6225,-1.4246,3.0471,0.0500,0.0500
94.80,ALIGN_YAW,1,-3.9124,2.7079,1.9783,-4.1178,2.8498,1.8903,0.2647,1.6225,-1.4246,3.0471,0.0500,0.0500
94.90,ALIGN_YAW,1,-3.9178,2.7116,1.9733,-4.1178,2.8498,1.8903,0.2569,1.6334,-1.4246,3.0580,0.0500,0.0500
95.00,ALIGN_YAW,1,-3.9237,2.7157,1.9679,-4.1178,2.8498,1.8903,0.2484,1.6451,-1.4246,3.0697,0.0500,0.0500
95.10,ALIGN_YAW,1,-3.9301,2.7201,1.9622,-4.1178,2.8498,1.8903,0.2392,1.6576,-1.4246,3.0822,0.0500,0.0500
95.20,ALIGN_YAW,1,-3.9301,2.7201,1.9622,-4.1178,2.8498,1.8903,0.2392,1.6576,-1.4246,3.0822,0.0500,0.0500
95.30,ALIGN_YAW,1,-3.9371,2.7249,1.9564,-4.1178,2.8498,1.8903,0.2294,1.6705,-1.4246,3.0951,0.0500,0.0500
95.40,ALIGN_YAW,1,-3.9445,2.7301,1.9504,-4.1178,2.8498,1.8903,0.2190,1.6837,-1.4246,3.1083,0.0500,0.0500
95.50,DESCEND,1,-3.9445,2.7301,1.9504,-4.1178,2.8498,1.8903,0.2190,1.6837,-1.4246,3.1083,0.0500,0.0500
95.60,DESCEND,1,-3.9524,2.7355,1.9443,-4.1178,2.8498,-0.0097,1.9643,1.6970,-1.4246,3.1216,0.0500,0.0500
95.70,DESCEND,1,-3.9607,2.7413,1.9382,-4.1178,2.8498,-0.0097,1.9573,1.7103,-1.4246,3.1349,0.0500,0.0500
95.80,DESCEND,1,-3.9607,2.7413,1.9382,-4.1178,2.8498,-0.0097,1.9573,1.7103,-1.4246,3.1349,0.0500,0.0500
95.90,DESCEND,1,-3.9694,2.7473,1.9322,-4.1178,2.8498,-0.0097,1.9503,1.7232,-1.4246,3.1354,0.0500,0.0500
96.00,DESCEND,1,-3.9786,2.7536,1.9263,-4.1178,2.8498,-0.0097,1.9434,1.7357,-1.4246,3.1229,0.0500,0.0500
96.10,DESCEND,1,-3.9786,2.7536,1.9263,-4.1178,2.8498,-0.0097,1.9434,1.7357,-1.4246,3.1229,0.0500,0.0500
96.20,DESCEND,1,-3.9882,2.7603,1.9206,-4.1178,2.8498,-0.0097,1.9367,1.7475,-1.4246,3.1110,0.0500,0.0500
96.30,DESCEND,1,-3.9984,2.7673,1.9151,-4.1178,2.8498,-0.0097,1.9303,1.7584,-1.4246,3.1002,0.0500,0.0500
96.40,DESCEND,1,-4.0091,2.7748,1.9099,-4.1178,2.8498,-0.0097,1.9242,1.7682,-1.4246,3.0904,0.0500,0.0500
96.50,DESCEND,1,-4.0091,2.7748,1.9099,-4.1178,2.8498,-0.0097,1.9242,1.7682,-1.4246,3.0904,0.0500,0.0500
96.60,DESCEND,1,-4.0204,2.7826,1.9051,-4.1178,2.8498,-0.0097,1.9185,1.7769,-1.4246,3.0816,0.0500,0.0500
96.70,DESCEND,1,-4.0322,2.7908,1.9008,-4.1178,2.8498,-0.0097,1.9133,1.7889,-1.4246,3.0697,0.0500,0.0500
96.80,DESCEND,1,-4.0322,2.7908,1.9008,-4.1178,2.8498,-0.0097,1.9133,1.7889,-1.4246,3.0697,0.0500,0.0500
96.90,DESCEND,1,-4.0522,2.8046,1.8760,-4.1178,2.8498,-0.0097,1.8874,1.7939,-1.4246,3.0647,0.0500,0.0500
97.00,DESCEND,1,-4.0726,2.8187,1.8276,-4.1178,2.8498,-0.0097,1.8382,1.7968,-1.4246,3.0618,0.0500,0.0500
97.10,DESCEND,1,-4.0871,2.8287,1.7573,-4.1178,2.8498,-0.0097,1.7674,1.8000,-1.4246,3.0586,0.0500,0.0500
97.20,DESCEND,1,-4.0871,2.8287,1.7573,-4.1178,2.8498,-0.0097,1.7674,1.8000,-1.4246,3.0586,0.0500,0.0500
97.30,DESCEND,1,-4.0953,2.8344,1.6656,-4.1178,2.8498,-0.0097,1.6755,1.8034,-1.4246,3.0552,0.0500,0.0500
97.40,DESCEND,1,-4.0976,2.8359,1.5556,-4.1178,2.8498,-0.0097,1.5655,1.8072,-1.4246,3.0514,0.0500,0.0500
97.50,DESCEND,1,-4.0976,2.8359,1.5556,-4.1178,2.8498,-0.0097,1.5655,1.8072,-1.4246,3.0514,0.0500,0.0500
97.60,DESCEND,1,-4.0983,2.8365,1.4411,-4.1178,2.8498,-0.0097,1.4510,1.8110,-1.4246,3.0476,0.0500,0.0500
97.70,DESCEND,1,-4.0974,2.8358,1.3262,-4.1178,2.8498,-0.0097,1.3362,1.8149,-1.4246,3.0436,0.0500,0.0500
97.80,DESCEND,1,-4.0974,2.8358,1.3262,-4.1178,2.8498,-0.0097,1.3362,1.8149,-1.4246,3.0436,0.0500,0.0500
97.90,DESCEND,1,-4.0944,2.8337,1.2114,-4.1178,2.8498,-0.0097,1.2214,1.8185,-1.4246,3.0401,0.0500,0.0500
98.00,DESCEND,1,-4.0885,2.8297,1.1013,-4.1178,2.8498,-0.0097,1.1116,1.8225,-1.4246,3.0361,0.0500,0.0500
98.10,DESCEND,1,-4.0885,2.8297,1.1013,-4.1178,2.8498,-0.0097,1.1116,1.8225,-1.4246,3.0361,0.0500,0.0500
98.20,DESCEND,1,-4.0814,2.8247,0.9909,-4.1178,2.8498,-0.0097,1.0015,1.8262,-1.4246,3.0324,0.0500,0.0500
98.30,DESCEND,1,-4.0739,2.8196,0.8951,-4.1178,2.8498,-0.0097,0.9064,1.8297,-1.4246,3.0289,0.0500,0.0500
98.40,DESCEND,1,-4.0685,2.8158,0.8110,-4.1178,2.8498,-0.0097,0.8229,1.8323,-1.4246,3.0262,0.0500,0.0500
98.50,DESCEND,1,-4.0685,2.8158,0.8110,-4.1178,2.8498,-0.0097,0.8229,1.8323,-1.4246,3.0262,0.0500,0.0500
98.60,DESCEND,1,-4.0651,2.8134,0.7368,-4.1178,2.8498,-0.0097,0.7493,1.8343,-1.4246,3.0243,0.0500,0.0500
98.70,DESCEND,1,-4.0628,2.8119,0.6704,-4.1178,2.8498,-0.0097,0.6834,1.8356,-1.4246,3.0229,0.0500,0.0500
98.80,DESCEND,1,-4.0628,2.8119,0.6704,-4.1178,2.8498,-0.0097,0.6834,1.8356,-1.4246,3.0229,0.0500,0.0500
98.90,DESCEND,1,-4.0617,2.8111,0.6109,-4.1178,2.8498,-0.0097,0.6244,1.8364,-1.4246,3.0221,0.0500,0.0500
99.00,DESCEND,1,-4.0617,2.8111,0.5582,-4.1178,2.8498,-0.0097,0.5720,1.8369,-1.4246,3.0217,0.0500,0.0500
99.10,DESCEND,1,-4.0617,2.8111,0.5582,-4.1178,2.8498,-0.0097,0.5720,1.8369,-1.4246,3.0217,0.0500,0.0500
99.20,DESCEND,1,-4.0634,2.8122,0.5110,-4.1178,2.8498,-0.0097,0.5249,1.8369,-1.4246,3.0217,0.0500,0.0500
99.30,DESCEND,1,-4.0663,2.8143,0.4703,-4.1178,2.8498,-0.0097,0.4841,1.8367,-1.4246,3.0219,0.0500,0.0500
99.40,DESCEND,1,-4.0663,2.8143,0.4703,-4.1178,2.8498,-0.0097,0.4841,1.8367,-1.4246,3.0219,0.0500,0.0500
99.50,DESCEND,1,-4.0656,2.8137,0.4182,-4.1178,2.8498,-0.0097,0.4326,1.8364,-1.4246,3.0222,0.0500,0.0500
99.60,DESCEND,1,-4.0673,2.8149,0.3782,-4.1178,2.8498,-0.0097,0.3928,1.8357,-1.4246,3.0228,0.0500,0.0500
99.70,DESCEND,1,-4.0673,2.8149,0.3782,-4.1178,2.8498,-0.0097,0.3928,1.8357,-1.4246,3.0228,0.0500,0.0500
99.80,DESCEND,1,-4.0683,2.8156,0.3338,-4.1178,2.8498,-0.0097,0.3487,1.8350,-1.4246,3.0236,0.0500,0.0500
99.90,DESCEND,1,-4.0721,2.8182,0.3001,-4.1178,2.8498,-0.0097,0.3147,1.8342,-1.4246,3.0244,0.0500,0.0500
100.00,DESCEND,1,-4.0721,2.8182,0.3001,-4.1178,2.8498,-0.0097,0.3147,1.8342,-1.4246,3.0244,0.0500,0.0500
100.10,DESCEND,1,-4.0748,2.8202,0.2621,-4.1178,2.8498,-0.0097,0.2767,1.8333,-1.4246,3.0252,0.0500,0.0500
100.20,DESCEND,1,-4.0798,2.8236,0.2334,-4.1178,2.8498,-0.0097,0.2475,1.8326,-1.4246,3.0259,0.0500,0.0500
100.30,DESCEND,1,-4.0798,2.8236,0.2334,-4.1178,2.8498,-0.0097,0.2475,1.8326,-1.4246,3.0259,0.0500,0.0500
100.40,DESCEND,1,-4.0838,2.8263,0.2002,-4.1178,2.8498,-0.0097,0.2139,1.8318,-1.4246,3.0267,0.0500,0.0500
100.50,DESCEND,1,-4.0892,2.8301,0.1751,-4.1178,2.8498,-0.0097,0.1880,1.8312,-1.4246,3.0273,0.0500,0.0500
100.60,DESCEND,1,-4.0892,2.8301,0.1751,-4.1178,2.8498,-0.0097,0.1880,1.8312,-1.4246,3.0273,0.0500,0.0500
100.70,DESCEND,1,-4.0943,2.8336,0.1466,-4.1178,2.8498,-0.0097,0.1589,1.8306,-1.4246,3.0279,0.0500,0.0500
100.80,DESCEND,1,-4.1001,2.8376,0.1273,-4.1178,2.8498,-0.0097,0.1387,1.8302,-1.4246,3.0284,0.0500,0.0500
100.90,DESCEND,1,-4.1001,2.8376,0.1273,-4.1178,2.8498,-0.0097,0.1387,1.8302,-1.4246,3.0284,0.0500,0.0500
101.00,DESCEND,1,-4.1055,2.8413,0.1045,-4.1178,2.8498,-0.0097,0.1152,1.8298,-1.4246,3.0288,0.0500,0.0500
101.10,DESCEND,1,-4.1109,2.8451,0.0896,-4.1178,2.8498,-0.0097,0.0996,1.8295,-1.4246,3.0291,0.0500,0.0500
101.20,DESCEND,1,-4.1109,2.8451,0.0896,-4.1178,2.8498,-0.0097,0.0996,1.8295,-1.4246,3.0291,0.0500,0.0500
101.30,DESCEND,1,-4.1162,2.8487,0.0716,-4.1178,2.8498,-0.0097,0.0814,1.8292,-1.4246,3.0294,0.0500,0.0500
101.40,DESCEND,1,-4.1209,2.8520,0.0603,-4.1178,2.8498,-0.0097,0.0701,1.8290,-1.4246,3.0296,0.0500,0.0500
101.50,DESCEND,1,-4.1209,2.8520,0.0603,-4.1178,2.8498,-0.0097,0.0701,1.8290,-1.4246,3.0296,0.0500,0.0500
101.60,DESCEND,1,-4.1253,2.8551,0.0525,-4.1178,2.8498,-0.0097,0.0629,1.8288,-1.4246,3.0297,0.0500,0.0500
101.70,DESCEND,1,-4.1295,2.8580,0.0451,-4.1178,2.8498,-0.0097,0.0566,1.8288,-1.4246,3.0298,0.0500,0.0500
101.80,DESCEND,1,-4.1333,2.8606,0.0399,-4.1178,2.8498,-0.0097,0.0531,1.8287,-1.4246,3.0299,0.0500,0.0500
101.90,DESCEND,1,-4.1333,2.8606,0.0399,-4.1178,2.8498,-0.0097,0.0531,1.8287,-1.4246,3.0299,0.0500,0.0500
102.00,CLOSE,1,-4.1368,2.8630,0.0347,-4.1178,2.8498,-0.0097,0.0501,1.8287,-1.4246,3.0299,0.0500,0.0500
102.10,CLOSE,1,-4.1397,2.8650,0.0313,-4.1178,2.8498,-0.0097,0.0490,1.8286,-1.4246,3.0299,0.0500,2.2300
102.20,CLOSE,1,-4.1397,2.8650,0.0313,-4.1178,2.8498,-0.0097,0.0490,1.8286,-1.4246,3.0299,0.0500,2.2300
102.30,CLOSE,1,-4.1424,2.8668,0.0276,-4.1178,2.8498,-0.0097,0.0478,1.8286,-1.4246,3.0299,0.0500,2.2300
102.40,CLOSE,1,-4.1444,2.8683,0.0255,-4.1178,2.8498,-0.0097,0.0479,1.8286,-1.4246,3.0300,0.0500,2.2300
102.50,CLOSE,1,-4.1444,2.8683,0.0255,-4.1178,2.8498,-0.0097,0.0479,1.8286,-1.4246,3.0300,0.0500,2.2300
102.60,CLOSE,1,-4.1465,2.8697,0.0209,-4.1178,2.8498,-0.0097,0.0465,1.8285,-1.4246,3.0300,0.0500,2.2300
102.70,CLOSE,1,-4.1481,2.8708,0.0180,-4.1178,2.8498,-0.0097,0.0461,1.8285,-1.4246,3.0301,0.0500,2.2300
102.80,CLOSE,1,-4.1481,2.8708,0.0180,-4.1178,2.8498,-0.0097,0.0461,1.8285,-1.4246,3.0301,0.0500,2.2300
102.90,CLOSE,1,-4.1495,2.8717,0.0142,-4.1178,2.8498,-0.0097,0.0454,1.8285,-1.4246,3.0301,0.0500,2.2300
103.00,CLOSE,1,-4.1505,2.8725,0.0116,-4.1178,2.8498,-0.0097,0.0451,1.8284,-1.4246,3.0302,0.0500,2.2300
103.10,CLOSE,1,-4.1505,2.8725,0.0116,-4.1178,2.8498,-0.0097,0.0451,1.8284,-1.4246,3.0302,0.0500,2.2300
103.20,CLOSE,1,-4.1514,2.8730,0.0086,-4.1178,2.8498,-0.0097,0.0448,1.8113,-1.4246,3.0472,0.0500,2.2300
103.30,CLOSE,1,-4.1520,2.8735,0.0064,-4.1178,2.8498,-0.0097,0.0446,1.8000,-1.4246,3.0586,0.0791,2.2300
103.40,CLOSE,1,-4.1520,2.8735,0.0064,-4.1178,2.8498,-0.0097,0.0446,1.8000,-1.4246,3.0586,0.0791,2.2300
103.50,CLOSE,1,-4.1524,2.8737,0.0045,-4.1178,2.8498,-0.0097,0.0444,1.7886,-1.4246,3.0699,0.1082,2.2300
103.60,CLOSE,1,-4.1526,2.8739,0.0024,-4.1178,2.8498,-0.0097,0.0440,1.7772,-1.4246,3.0813,0.1373,2.2300
103.70,CLOSE,1,-4.1526,2.8739,0.0010,-4.1178,2.8498,-0.0097,0.0436,1.7659,-1.4246,3.0927,0.1664,2.2300
103.80,CLOSE,1,-4.1526,2.8739,0.0010,-4.1178,2.8498,-0.0097,0.0436,1.7659,-1.4246,3.0927,0.1664,2.2300
103.90,CLOSE,1,-4.1525,2.8738,-0.0005,-4.1178,2.8498,-0.0097,0.0431,1.7545,-1.4246,3.1041,0.1954,2.2300
104.00,CLOSE,1,-4.1522,2.8736,-0.0015,-4.1178,2.8498,-0.0097,0.0426,1.7431,-1.4246,3.1155,0.2245,2.2300
104.10,CLOSE,1,-4.1522,2.8736,-0.0015,-4.1178,2.8498,-0.0097,0.0426,1.7431,-1.4246,3.1155,0.2245,2.2300
104.20,CLOSE,1,-4.1519,2.8734,-0.0033,-4.1178,2.8498,-0.0097,0.0419,1.7317,-1.4246,3.1268,0.2536,2.2300
104.30,CLOSE,1,-4.1515,2.8731,-0.0043,-4.1178,2.8498,-0.0097,0.0413,1.7230,-1.4246,3.1356,0.2827,2.2300
104.40,CLOSE,1,-4.1515,2.8731,-0.0043,-4.1178,2.8498,-0.0097,0.0413,1.7230,-1.4246,3.1356,0.2827,2.2300
104.50,CLOSE,1,-4.1511,2.8728,-0.0050,-4.1178,2.8498,-0.0097,0.0407,1.7150,-1.4246,3.1397,0.3118,2.2300
104.60,CLOSE,1,-4.1507,2.8726,-0.0058,-4.1178,2.8498,-0.0097,0.0402,1.7083,-1.4246,3.1329,0.3409,2.2300
104.70,CLOSE,1,-4.1507,2.8726,-0.0058,-4.1178,2.8498,-0.0097,0.0402,1.7083,-1.4246,3.1329,0.3409,2.2300
104.80,CLOSE,1,-4.1503,2.8723,-0.0065,-4.1178,2.8498,-0.0097,0.0397,1.7027,-1.4246,3.1273,0.3700,2.2300
104.90,CLOSE,1,-4.1500,2.8720,-0.0071,-4.1178,2.8498,-0.0097,0.0392,1.6983,-1.4246,3.1229,0.3991,2.2300
105.00,CLOSE,1,-4.1496,2.8718,-0.0077,-4.1178,2.8498,-0.0097,0.0387,1.6950,-1.4246,3.1196,0.4282,2.2300
105.10,CLOSE,1,-4.1496,2.8718,-0.0077,-4.1178,2.8498,-0.0097,0.0387,1.6950,-1.4246,3.1196,0.4282,2.2300
105.20,CLOSE,1,-4.1495,2.8717,-0.0084,-4.1178,2.8498,-0.0097,0.0386,1.6926,-1.4246,3.1173,0.4538,2.2300
105.30,CLOSE,1,-4.1495,2.8716,-0.0084,-4.1178,2.8498,-0.0097,0.0385,1.6921,-1.4246,3.1167,0.4791,2.2300
105.40,CLOSE,1,-4.1495,2.8716,-0.0084,-4.1178,2.8498,-0.0097,0.0385,1.6921,-1.4246,3.1167,0.4791,2.2300
105.50,CLOSE,1,-4.1495,2.8715,-0.0083,-4.1178,2.8498,-0.0097,0.0384,1.6929,-1.4246,3.1175,0.5047,2.2300
105.60,CLOSE,1,-4.1495,2.8715,-0.0083,-4.1178,2.8498,-0.0097,0.0384,1.6929,-1.4246,3.1175,0.5047,2.2300
105.70,CLOSE,1,-4.1498,2.8716,-0.0081,-4.1178,2.8498,-0.0097,0.0387,1.6942,-1.4246,3.1189,0.5306,2.2300
105.80,CLOSE,1,-4.1500,2.8717,-0.0080,-4.1178,2.8498,-0.0097,0.0390,1.6952,-1.4246,3.1198,0.5569,2.2300
105.90,CLOSE,1,-4.1504,2.8720,-0.0077,-4.1178,2.8498,-0.0097,0.0395,1.6970,-1.4246,3.1216,0.5843,2.2300
106.00,CLOSE,1,-4.1504,2.8720,-0.0077,-4.1178,2.8498,-0.0097,0.0395,1.6970,-1.4246,3.1216,0.5843,2.2300
106.10,CLOSE,1,-4.1506,2.8721,-0.0072,-4.1178,2.8498,-0.0097,0.0397,1.6989,-1.4246,3.1236,0.6118,2.2300
106.20,CLOSE,1,-4.1506,2.8721,-0.0072,-4.1178,2.8498,-0.0097,0.0397,1.6989,-1.4246,3.1236,0.6118,2.2300
106.30,CLOSE,1,-4.1509,2.8723,-0.0068,-4.1178,2.8498,-0.0097,0.0401,1.7013,-1.4246,3.1259,0.6370,2.2300
106.40,CLOSE,1,-4.1503,2.8718,-0.0070,-4.1178,2.8498,-0.0097,0.0393,1.7037,-1.4246,3.1283,0.6661,2.2300
106.50,CLOSE,1,-4.1503,2.8718,-0.0070,-4.1178,2.8498,-0.0097,0.0393,1.7037,-1.4246,3.1283,0.6661,2.2300
106.60,CLOSE,1,-4.1495,2.8714,-0.0072,-4.1178,2.8498,-0.0097,0.0384,1.7061,-1.4246,3.1307,0.6947,2.2300
106.70,CLOSE,1,-4.1490,2.8711,-0.0072,-4.1178,2.8498,-0.0097,0.0379,1.7085,-1.4246,3.1332,0.7218,2.2300
106.80,CLOSE,1,-4.1490,2.8711,-0.0072,-4.1178,2.8498,-0.0097,0.0379,1.7085,-1.4246,3.1332,0.7218,2.2300
106.90,CLOSE,1,-4.1484,2.8707,-0.0072,-4.1178,2.8498,-0.0097,0.0371,1.7108,-1.4246,3.1354,0.7495,2.2300
107.00,CLOSE,1,-4.1473,2.8700,-0.0074,-4.1178,2.8498,-0.0097,0.0358,1.7130,-1.4246,3.1376,0.7770,2.2300
107.10,CLOSE,1,-4.1473,2.8700,-0.0074,-4.1178,2.8498,-0.0097,0.0358,1.7130,-1.4246,3.1376,0.7770,2.2300
107.20,CLOSE,1,-4.1457,2.8690,-0.0079,-4.1178,2.8498,-0.0097,0.0339,1.7148,-1.4246,3.1394,0.8047,2.2300
107.30,CLOSE,1,-4.1439,2.8677,-0.0084,-4.1178,2.8498,-0.0097,0.0316,1.7167,-1.4246,3.1413,0.8322,2.2300
107.40,CLOSE,1,-4.1439,2.8677,-0.0084,-4.1178,2.8498,-0.0097,0.0316,1.7167,-1.4246,3.1413,0.8322,2.2300
107.50,CLOSE,1,-4.1417,2.8662,-0.0088,-4.1178,2.8498,-0.0097,0.0290,1.7183,-1.4246,3.1402,0.8594,2.2300
107.60,CLOSE,1,-4.1393,2.8646,-0.0093,-4.1178,2.8498,-0.0097,0.0261,1.7196,-1.4246,3.1389,0.8871,2.2300
107.70,CLOSE,1,-4.1393,2.8646,-0.0093,-4.1178,2.8498,-0.0097,0.0261,1.7196,-1.4246,3.1389,0.8871,2.2300
107.80,CLOSE,1,-4.1364,2.8626,-0.0101,-4.1178,2.8498,-0.0097,0.0226,1.7208,-1.4246,3.1378,0.9158,2.2300
107.90,CLOSE,1,-4.1328,2.8602,-0.0110,-4.1178,2.8498,-0.0097,0.0183,1.7216,-1.4246,3.1369,0.9449,2.2300
108.00,LIFT_HIGH,1,-4.1291,2.8576,-0.0118,-4.1178,2.8498,-0.0097,0.0139,1.7223,-1.4246,3.1363,0.9740,2.2300
108.10,LIFT_HIGH,1,-4.1291,2.8576,-0.0118,-4.1178,2.8498,1.8903,1.9022,1.7223,-1.4246,3.1363,0.9740,2.2300
108.20,LIFT_HIGH,1,-4.1254,2.8549,-0.0124,-4.1178,2.8498,1.8903,1.9027,1.7227,-1.4246,3.1359,1.0031,2.2300
108.30,LIFT_HIGH,1,-4.1217,2.8524,-0.0130,-4.1178,2.8498,1.8903,1.9033,1.7230,-1.4246,3.1356,1.0322,2.2300
108.40,LIFT_HIGH,1,-4.1217,2.8524,-0.0130,-4.1178,2.8498,1.8903,1.9033,1.7230,-1.4246,3.1356,1.0322,2.2300
108.50,LIFT_HIGH,1,-4.1179,2.8498,-0.0133,-4.1178,2.8498,1.8903,1.9036,1.7230,-1.4246,3.1355,1.0613,2.2300
108.60,LIFT_HIGH,1,-4.1142,2.8472,-0.0135,-4.1178,2.8498,1.8903,1.9038,1.7230,-1.4246,3.1356,1.0904,2.2300
108.70,LIFT_HIGH,1,-4.1142,2.8472,-0.0135,-4.1178,2.8498,1.8903,1.9038,1.7230,-1.4246,3.1356,1.0904,2.2300
108.80,LIFT_HIGH,1,-4.1106,2.8447,-0.0136,-4.1178,2.8498,1.8903,1.9039,1.7228,-1.4246,3.1358,1.1195,2.2300
108.90,LIFT_HIGH,1,-4.1071,2.8423,-0.0136,-4.1178,2.8498,1.8903,1.9039,1.7224,-1.4246,3.1361,1.1485,2.2300
109.00,LIFT_HIGH,1,-4.1071,2.8423,-0.0136,-4.1178,2.8498,1.8903,1.9039,1.7224,-1.4246,3.1361,1.1485,2.2300
109.10,LIFT_HIGH,1,-4.1039,2.8400,-0.0135,-4.1178,2.8498,1.8903,1.9038,1.7221,-1.4246,3.1365,1.1776,2.2300
109.20,LIFT_HIGH,1,-4.1011,2.8381,-0.0133,-4.1178,2.8498,1.8903,1.9037,1.7215,-1.4246,3.1371,1.2067,2.2300
109.30,LIFT_HIGH,1,-4.1011,2.8381,-0.0133,-4.1178,2.8498,1.8903,1.9037,1.7215,-1.4246,3.1371,1.2067,2.2300
109.40,LIFT_HIGH,1,-4.0952,2.8340,0.0039,-4.1178,2.8498,1.8903,1.8866,1.7209,-1.4246,3.1376,1.2195,2.2300
109.50,LIFT_HIGH,1,-4.0854,2.8273,0.0434,-4.1178,2.8498,1.8903,1.8473,1.7204,-1.4246,3.1382,1.2194,2.2300
109.60,LIFT_HIGH,1,-4.0854,2.8273,0.0434,-4.1178,2.8498,1.8903,1.8473,1.7204,-1.4246,3.1382,1.2194,2.2300
109.70,LIFT_HIGH,1,-4.0717,2.8178,0.1054,-4.1178,2.8498,1.8903,1.7858,1.7195,-1.4246,3.1390,1.2193,2.2300
109.80,LIFT_HIGH,1,-4.0622,2.8112,0.1854,-4.1178,2.8498,1.8903,1.7063,1.7187,-1.4246,3.1399,1.2193,2.2300
109.90,LIFT_HIGH,1,-4.0622,2.8112,0.1854,-4.1178,2.8498,1.8903,1.7063,1.7187,-1.4246,3.1399,1.2193,2.2300
110.00,LIFT_HIGH,1,-4.0595,2.8094,0.2818,-4.1178,2.8498,1.8903,1.6101,1.7182,-1.4246,3.1404,1.2193,2.2300
110.10,LIFT_HIGH,1,-4.0628,2.8117,0.3950,-4.1178,2.8498,1.8903,1.4968,1.7180,-1.4246,3.1406,1.2193,2.2300
110.20,LIFT_HIGH,1,-4.0680,2.8153,0.5177,-4.1178,2.8498,1.8903,1.3739,1.7175,-1.4246,3.1410,1.2193,2.2300
110.30,LIFT_HIGH,1,-4.0680,2.8153,0.5177,-4.1178,2.8498,1.8903,1.3739,1.7175,-1.4246,3.1410,1.2193,2.2300
110.40,LIFT_HIGH,1,-4.0720,2.8180,0.6414,-4.1178,2.8498,1.8903,1.2501,1.7169,-1.4246,3.1415,1.2193,2.2300
110.50,LIFT_HIGH,1,-4.0720,2.8180,0.6414,-4.1178,2.8498,1.8903,1.2501,1.7169,-1.4246,3.1415,1.2193,2.2300
110.60,LIFT_HIGH,1,-4.0762,2.8209,0.7617,-4.1178,2.8498,1.8903,1.1298,1.7160,-1.4246,3.1407,1.2193,2.2300
110.70,LIFT_HIGH,1,-4.0811,2.8243,0.8763,-4.1178,2.8498,1.8903,1.0149,1.7149,-1.4246,3.1395,1.2193,2.2300
110.80,LIFT_HIGH,1,-4.0811,2.8243,0.8763,-4.1178,2.8498,1.8903,1.0149,1.7149,-1.4246,3.1395,1.2193,2.2300
110.90,LIFT_HIGH,1,-4.0869,2.8283,0.9837,-4.1178,2.8498,1.8903,0.9073,1.7134,-1.4246,3.1380,1.2193,2.2300
111.00,LIFT_HIGH,1,-4.0921,2.8319,1.0830,-4.1178,2.8498,1.8903,0.8079,1.7116,-1.4246,3.1362,1.2193,2.2300
111.10,LIFT_HIGH,1,-4.0921,2.8319,1.0830,-4.1178,2.8498,1.8903,0.8079,1.7116,-1.4246,3.1362,1.2193,2.2300
111.20,LIFT_HIGH,1,-4.0956,2.8344,1.1661,-4.1178,2.8498,1.8903,0.7246,1.7097,-1.4246,3.1344,1.2192,2.2300
111.30,LIFT_HIGH,1,-4.0955,2.8343,1.2582,-4.1178,2.8498,1.8903,0.6326,1.7088,-1.4246,3.1334,1.2194,2.2300
111.40,LIFT_HIGH,1,-4.0955,2.8343,1.2582,-4.1178,2.8498,1.8903,0.6326,1.7088,-1.4246,3.1334,1.2194,2.2300
111.50,LIFT_HIGH,1,-4.0955,2.8343,1.2582,-4.1178,2.8498,1.8903,0.6326,1.7088,-1.4246,3.1334,1.2194,2.2300
111.60,LIFT_HIGH,1,-4.0955,2.8343,1.2582,-4.1178,2.8498,1.8903,0.6326,1.7088,-1.4246,3.1334,1.2194,2.2300
111.70,LIFT_HIGH,1,-4.0955,2.8343,1.2582,-4.1178,2.8498,1.8903,0.6326,1.7088,-1.4246,3.1334,1.2194,2.2300
111.80,LIFT_HIGH,1,-4.0955,2.8343,1.2582,-4.1178,2.8498,1.8903,0.6326,1.7088,-1.4246,3.1334,1.2194,2.2300
111.90,LIFT_HIGH,1,-4.0987,2.8365,1.3366,-4.1178,2.8498,1.8903,0.5542,1.7068,-1.4246,3.1315,1.2193,2.2300
112.00,LIFT_HIGH,1,-4.0987,2.8365,1.3366,-4.1178,2.8498,1.8903,0.5542,1.7068,-1.4246,3.1315,1.2193,2.2300
112.10,LIFT_HIGH,1,-4.0988,2.8366,1.3987,-4.1178,2.8498,1.8903,0.4922,1.7053,-1.4246,3.1299,1.2193,2.2300
112.20,LIFT_HIGH,1,-4.0983,2.8363,1.4438,-4.1178,2.8498,1.8903,0.4471,1.7033,-1.4246,3.1279,1.2193,2.2300
112.30,LIFT_HIGH,1,-4.0983,2.8363,1.4438,-4.1178,2.8498,1.8903,0.4471,1.7033,-1.4246,3.1279,1.2193,2.2300
112.40,LIFT_HIGH,1,-4.0965,2.8350,1.4710,-4.1178,2.8498,1.8903,0.4201,1.7009,-1.4246,3.1255,1.2193,2.2300
112.50,LIFT_HIGH,1,-4.0927,2.8324,1.5088,-4.1178,2.8498,1.8903,0.3827,1.6999,-1.4246,3.1245,1.2194,2.2300
112.60,LIFT_HIGH,1,-4.0927,2.8324,1.5088,-4.1178,2.8498,1.8903,0.3827,1.6999,-1.4246,3.1245,1.2194,2.2300
112.70,LIFT_HIGH,1,-4.0894,2.8301,1.5508,-4.1178,2.8498,1.8903,0.3412,1.6992,-1.4246,3.1238,1.2194,2.2300
112.80,LIFT_HIGH,1,-4.0861,2.8278,1.5930,-4.1178,2.8498,1.8903,0.2998,1.6987,-1.4246,3.1233,1.2194,2.2300
112.90,LIFT_HIGH,1,-4.0861,2.8278,1.5930,-4.1178,2.8498,1.8903,0.2998,1.6987,-1.4246,3.1233,1.2194,2.2300
113.00,LIFT_HIGH,1,-4.0827,2.8255,1.6351,-4.1178,2.8498,1.8903,0.2587,1.6984,-1.4246,3.1230,1.2194,2.2300
113.10,LIFT_HIGH,1,-4.0809,2.8242,1.6622,-4.1178,2.8498,1.8903,0.2325,1.6966,-1.4246,3.1213,1.2193,2.2300
113.20,LIFT_HIGH,1,-4.0784,2.8225,1.6838,-4.1178,2.8498,1.8903,0.2120,1.6949,-1.4246,3.1195,1.2194,2.2300
113.30,LIFT_HIGH,1,-4.0784,2.8225,1.6838,-4.1178,2.8498,1.8903,0.2120,1.6949,-1.4246,3.1195,1.2194,2.2300
113.40,LIFT_HIGH,1,-4.0752,2.8203,1.7055,-4.1178,2.8498,1.8903,0.1919,1.6936,-1.4246,3.1182,1.2194,2.2300
113.50,LIFT_HIGH,1,-4.0711,2.8174,1.7285,-4.1178,2.8498,1.8903,0.1715,1.6930,-1.4246,3.1176,1.2194,2.2300
113.60,LIFT_HIGH,1,-4.0711,2.8174,1.7285,-4.1178,2.8498,1.8903,0.1715,1.6930,-1.4246,3.1176,1.2194,2.2300
113.70,LIFT_HIGH,1,-4.0675,2.8149,1.7474,-4.1178,2.8498,1.8903,0.1554,1.6920,-1.4246,3.1166,1.2194,2.2300
113.80,LIFT_HIGH,1,-4.0642,2.8127,1.7628,-4.1178,2.8498,1.8903,0.1432,1.6908,-1.4246,3.1154,1.2193,2.2300
113.90,LIFT_HIGH,1,-4.0642,2.8127,1.7628,-4.1178,2.8498,1.8903,0.1432,1.6908,-1.4246,3.1154,1.2193,2.2300
114.00,LIFT_HIGH,1,-4.0600,2.8098,1.7825,-4.1178,2.8498,1.8903,0.1287,1.6907,-1.4246,3.1153,1.2194,2.2300
114.10,LIFT_HIGH,1,-4.0572,2.8079,1.7928,-4.1178,2.8498,1.8903,0.1222,1.6892,-1.4246,3.1138,1.2194,2.2300
114.20,LIFT_HIGH,1,-4.0572,2.8079,1.7928,-4.1178,2.8498,1.8903,0.1222,1.6892,-1.4246,3.1138,1.2194,2.2300
114.30,LIFT_HIGH,1,-4.0532,2.8051,1.8079,-4.1178,2.8498,1.8903,0.1138,1.6892,-1.4246,3.1138,1.2194,2.2300
114.40,LIFT_HIGH,1,-4.0497,2.8027,1.8187,-4.1178,2.8498,1.8903,0.1095,1.6886,-1.4246,3.1133,1.2194,2.2300
114.50,LIFT_HIGH,1,-4.0497,2.8027,1.8187,-4.1178,2.8498,1.8903,0.1095,1.6886,-1.4246,3.1133,1.2194,2.2300
114.60,LIFT_HIGH,1,-4.0459,2.8000,1.8313,-4.1178,2.8498,1.8903,0.1055,1.6888,-1.4246,3.1134,1.2194,2.2300
114.70,LIFT_HIGH,1,-4.0427,2.7978,1.8388,-4.1178,2.8498,1.8903,0.1048,1.6884,-1.4246,3.1130,1.2194,2.2300
114.80,LIFT_HIGH,1,-4.0427,2.7978,1.8388,-4.1178,2.8498,1.8903,0.1048,1.6884,-1.4246,3.1130,1.2194,2.2300
114.90,LIFT_HIGH,1,-4.0393,2.7955,1.8487,-4.1178,2.8498,1.8903,0.1041,1.6887,-1.4246,3.1133,1.2194,2.2300
115.00,LIFT_HIGH,1,-4.0363,2.7934,1.8553,-4.1178,2.8498,1.8903,0.1051,1.6887,-1.4246,3.1133,1.2194,2.2300
115.10,LIFT_HIGH,1,-4.0363,2.7934,1.8553,-4.1178,2.8498,1.8903,0.1051,1.6887,-1.4246,3.1133,1.2194,2.2300
115.20,LIFT_HIGH,1,-4.0334,2.7914,1.8631,-4.1178,2.8498,1.8903,0.1062,1.6891,-1.4246,3.1138,1.2194,2.2300
115.30,LIFT_HIGH,1,-4.0308,2.7895,1.8687,-4.1178,2.8498,1.8903,0.1080,1.6895,-1.4246,3.1141,1.2194,2.2300
115.40,LIFT_HIGH,1,-4.0308,2.7895,1.8687,-4.1178,2.8498,1.8903,0.1080,1.6895,-1.4246,3.1141,1.2194,2.2300
115.50,LIFT_HIGH,1,-4.0285,2.7879,1.8749,-4.1178,2.8498,1.8903,0.1098,1.6901,-1.4246,3.1148,1.2194,2.2300
115.60,LIFT_HIGH,1,-4.0264,2.7865,1.8787,-4.1178,2.8498,1.8903,0.1117,1.6906,-1.4246,3.1153,1.2194,2.2300
115.70,LIFT_HIGH,1,-4.0264,2.7865,1.8787,-4.1178,2.8498,1.8903,0.1117,1.6906,-1.4246,3.1153,1.2194,2.2300
115.80,LIFT_HIGH,1,-4.0250,2.7855,1.8833,-4.1178,2.8498,1.8903,0.1131,1.6913,-1.4246,3.1159,1.2194,2.2300
115.90,LIFT_HIGH,1,-4.0239,2.7848,1.8863,-4.1178,2.8498,1.8903,0.1143,1.6919,-1.4246,3.1165,1.2194,2.2300
116.00,LIFT_HIGH,1,-4.0239,2.7848,1.8863,-4.1178,2.8498,1.8903,0.1143,1.6919,-1.4246,3.1165,1.2194,2.2300
116.10,LIFT_HIGH,1,-4.0235,2.7845,1.8896,-4.1178,2.8498,1.8903,0.1147,1.6926,-1.4246,3.1172,1.2194,2.2300
116.20,LIFT_HIGH,1,-4.0236,2.7845,1.8914,-4.1178,2.8498,1.8903,0.1146,1.6932,-1.4246,3.1178,1.2194,2.2300
116.30,LIFT_HIGH,1,-4.0236,2.7845,1.8914,-4.1178,2.8498,1.8903,0.1146,1.6932,-1.4246,3.1178,1.2194,2.2300
116.40,LIFT_HIGH,1,-4.0236,2.7845,1.8914,-4.1178,2.8498,1.8903,0.1146,1.6932,-1.4246,3.1178,1.2194,2.2300
116.50,LIFT_HIGH,1,-4.0236,2.7845,1.8914,-4.1178,2.8498,1.8903,0.1146,1.6932,-1.4246,3.1178,1.2194,2.2300
116.60,LIFT_HIGH,1,-4.0236,2.7845,1.8914,-4.1178,2.8498,1.8903,0.1146,1.6932,-1.4246,3.1178,1.2194,2.2300
116.70,LIFT_HIGH,1,-4.0236,2.7845,1.8914,-4.1178,2.8498,1.8903,0.1146,1.6932,-1.4246,3.1178,1.2194,2.2300
116.80,LIFT_HIGH,1,-4.0236,2.7845,1.8914,-4.1178,2.8498,1.8903,0.1146,1.6932,-1.4246,3.1178,1.2194,2.2300
116.90,LIFT_HIGH,1,-4.0236,2.7845,1.8914,-4.1178,2.8498,1.8903,0.1146,1.6932,-1.4246,3.1178,1.2194,2.2300
117.00,LIFT_HIGH,1,-4.0236,2.7845,1.8914,-4.1178,2.8498,1.8903,0.1146,1.6932,-1.4246,3.1178,1.2194,2.2300
117.10,LIFT_HIGH,1,-4.0236,2.7845,1.8914,-4.1178,2.8498,1.8903,0.1146,1.6932,-1.4246,3.1178,1.2194,2.2300
117.20,LIFT_HIGH,1,-4.0236,2.7845,1.8914,-4.1178,2.8498,1.8903,0.1146,1.6932,-1.4246,3.1178,1.2194,2.2300
117.30,LIFT_HIGH,1,-4.0236,2.7845,1.8914,-4.1178,2.8498,1.8903,0.1146,1.6932,-1.4246,3.1178,1.2194,2.2300
117.40,LIFT_HIGH,1,-4.0236,2.7845,1.8914,-4.1178,2.8498,1.8903,0.1146,1.6932,-1.4246,3.1178,1.2194,2.2300
117.50,LIFT_HIGH,1,-4.0236,2.7845,1.8914,-4.1178,2.8498,1.8903,0.1146,1.6932,-1.4246,3.1178,1.2194,2.2300
117.60,LIFT_HIGH,1,-4.0236,2.7845,1.8914,-4.1178,2.8498,1.8903,0.1146,1.6932,-1.4246,3.1178,1.2194,2.2300
117.70,LIFT_HIGH,1,-4.0236,2.7845,1.8914,-4.1178,2.8498,1.8903,0.1146,1.6932,-1.4246,3.1178,1.2194,2.2300
117.80,LIFT_HIGH,1,-4.0236,2.7845,1.8914,-4.1178,2.8498,1.8903,0.1146,1.6932,-1.4246,3.1178,1.2194,2.2300
117.90,LIFT_HIGH,1,-4.0236,2.7845,1.8914,-4.1178,2.8498,1.8903,0.1146,1.6932,-1.4246,3.1178,1.2194,2.2300
118.00,CARRY_HOME,1,-4.0236,2.7845,1.8914,-4.1178,2.8498,1.8903,0.1146,1.6932,-1.4246,3.1178,1.2194,2.2300
118.10,CARRY_HOME,1,-4.0236,2.7845,1.8914,0.0000,2.2000,3.0000,4.2142,1.6932,0.0000,1.6932,1.2194,2.2300
118.20,CARRY_HOME,1,-4.0236,2.7845,1.8914,0.0000,2.2000,3.0000,4.2142,1.6932,0.0000,1.6932,1.2194,2.2300
118.30,CARRY_HOME,1,-4.0236,2.7845,1.8914,0.0000,2.2000,3.0000,4.2142,1.6932,0.0000,1.6932,1.2194,2.2300
118.40,CARRY_HOME,1,-4.0236,2.7845,1.8914,0.0000,2.2000,3.0000,4.2142,1.6932,0.0000,1.6932,1.2194,2.2300
118.50,CARRY_HOME,1,-4.0236,2.7845,1.8914,0.0000,2.2000,3.0000,4.2142,1.6932,0.0000,1.6932,1.2194,2.2300
118.60,CARRY_HOME,1,-4.0236,2.7845,1.8914,0.0000,2.2000,3.0000,4.2142,1.6932,0.0000,1.6932,1.2194,2.2300
118.70,CARRY_HOME,1,-4.0236,2.7845,1.8914,0.0000,2.2000,3.0000,4.2142,1.6932,0.0000,1.6932,1.2194,2.2300
118.80,CARRY_HOME,1,-4.0236,2.7845,1.8914,0.0000,2.2000,3.0000,4.2142,1.6932,0.0000,1.6932,1.2194,2.2300
118.90,CARRY_HOME,1,-4.0236,2.7845,1.8914,0.0000,2.2000,3.0000,4.2142,1.6932,0.0000,1.6932,1.2194,2.2300
119.00,CARRY_HOME,1,-4.0236,2.7845,1.8914,0.0000,2.2000,3.0000,4.2142,1.6932,0.0000,1.6932,1.2194,2.2300
119.10,CARRY_HOME,1,-4.0236,2.7845,1.8914,0.0000,2.2000,3.0000,4.2142,1.6932,0.0000,1.6932,1.2194,2.2300
119.20,CARRY_HOME,1,-4.0236,2.7845,1.8914,0.0000,2.2000,3.0000,4.2142,1.6932,0.0000,1.6932,1.2194,2.2300
119.30,CARRY_HOME,1,-4.0236,2.7845,1.8914,0.0000,2.2000,3.0000,4.2142,1.6932,0.0000,1.6932,1.2194,2.2300
119.40,CARRY_HOME,1,-4.0236,2.7845,1.8914,0.0000,2.2000,3.0000,4.2142,1.6932,0.0000,1.6932,1.2194,2.2300
119.50,CARRY_HOME,1,-4.0236,2.7845,1.8914,0.0000,2.2000,3.0000,4.2142,1.6932,0.0000,1.6932,1.2194,2.2300
119.60,CARRY_HOME,1,-4.0236,2.7845,1.8914,0.0000,2.2000,3.0000,4.2142,1.6932,0.0000,1.6932,1.2194,2.2300
119.70,CARRY_HOME,1,-4.0236,2.7845,1.8914,0.0000,2.2000,3.0000,4.2142,1.6932,0.0000,1.6932,1.2194,2.2300
119.80,CARRY_HOME,1,-4.0236,2.7845,1.8914,0.0000,2.2000,3.0000,4.2142,1.6932,0.0000,1.6932,1.2194,2.2300
119.90,CARRY_HOME,1,-4.0236,2.7845,1.8914,0.0000,2.2000,3.0000,4.2142,1.6932,0.0000,1.6932,1.2194,2.2300
120.00,CARRY_HOME,1,-4.0236,2.7845,1.8914,0.0000,2.2000,3.0000,4.2142,1.6932,0.0000,1.6932,1.2194,2.2300
120.10,CARRY_HOME,1,-4.0236,2.7845,1.8914,0.0000,2.2000,3.0000,4.2142,1.6932,0.0000,1.6932,1.2194,2.2300
120.20,CARRY_HOME,1,-4.0236,2.7845,1.8914,0.0000,2.2000,3.0000,4.2142,1.6932,0.0000,1.6932,1.2194,2.2300
120.30,CARRY_HOME,1,-4.0236,2.7845,1.8914,0.0000,2.2000,3.0000,4.2142,1.6932,0.0000,1.6932,1.2194,2.2300
120.40,CARRY_HOME,1,-4.0236,2.7845,1.8914,0.0000,2.2000,3.0000,4.2142,1.6932,0.0000,1.6932,1.2194,2.2300
120.50,CARRY_HOME,1,-4.0236,2.7845,1.8914,0.0000,2.2000,3.0000,4.2142,1.6932,0.0000,1.6932,1.2194,2.2300
120.60,CARRY_HOME,1,-4.0236,2.7845,1.8914,0.0000,2.2000,3.0000,4.2142,1.6932,0.0000,1.6932,1.2194,2.2300
120.70,CARRY_HOME,1,-4.0236,2.7845,1.8914,0.0000,2.2000,3.0000,4.2142,1.6932,0.0000,1.6932,1.2194,2.2300
120.80,CARRY_HOME,1,-4.0236,2.7845,1.8914,0.0000,2.2000,3.0000,4.2142,1.6932,0.0000,1.6932,1.2194,2.2300
120.90,CARRY_HOME,1,-4.0236,2.7845,1.8914,0.0000,2.2000,3.0000,4.2142,1.6932,0.0000,1.6932,1.2194,2.2300
121.00,CARRY_HOME,1,-4.0236,2.7845,1.8914,0.0000,2.2000,3.0000,4.2142,1.6932,0.0000,1.6932,1.2194,2.2300
121.10,CARRY_HOME,1,-4.0236,2.7845,1.8914,0.0000,2.2000,3.0000,4.2142,1.6932,0.0000,1.6932,1.2194,2.2300
121.20,CARRY_HOME,1,-4.0236,2.7845,1.8914,0.0000,2.2000,3.0000,4.2142,1.6932,0.0000,1.6932,1.2194,2.2300
121.30,CARRY_HOME,1,-4.0236,2.7845,1.8914,0.0000,2.2000,3.0000,4.2142,1.6932,0.0000,1.6932,1.2194,2.2300
121.40,CARRY_HOME,1,-4.0236,2.7845,1.8914,0.0000,2.2000,3.0000,4.2142,1.6932,0.0000,1.6932,1.2194,2.2300
121.50,CARRY_HOME,1,-4.0236,2.7845,1.8914,0.0000,2.2000,3.0000,4.2142,1.6932,0.0000,1.6932,1.2194,2.2300
121.60,CARRY_HOME,1,-4.0236,2.7845,1.8914,0.0000,2.2000,3.0000,4.2142,1.6932,0.0000,1.6932,1.2194,2.2300
121.70,CARRY_HOME,1,-4.0236,2.7845,1.8914,0.0000,2.2000,3.0000,4.2142,1.6932,0.0000,1.6932,1.2194,2.2300
121.80,CARRY_HOME,1,-4.0236,2.7845,1.8914,0.0000,2.2000,3.0000,4.2142,1.6932,0.0000,1.6932,1.2194,2.2300
121.90,CARRY_HOME,1,-4.0236,2.7845,1.8914,0.0000,2.2000,3.0000,4.2142,1.6932,0.0000,1.6932,1.2194,2.2300
122.00,CARRY_HOME,1,-4.0236,2.7845,1.8914,0.0000,2.2000,3.0000,4.2142,1.6932,0.0000,1.6932,1.2194,2.2300
122.10,CARRY_HOME,1,-4.0236,2.7845,1.8914,0.0000,2.2000,3.0000,4.2142,1.6932,0.0000,1.6932,1.2194,2.2300
122.20,CARRY_HOME,1,-4.0236,2.7845,1.8914,0.0000,2.2000,3.0000,4.2142,1.6932,0.0000,1.6932,1.2194,2.2300
122.30,CARRY_HOME,1,-4.0236,2.7845,1.8914,0.0000,2.2000,3.0000,4.2142,1.6932,0.0000,1.6932,1.2194,2.2300
122.40,CARRY_HOME,1,-4.0236,2.7845,1.8914,0.0000,2.2000,3.0000,4.2142,1.6932,0.0000,1.6932,1.2194,2.2300
122.50,CARRY_HOME,1,-4.0236,2.7845,1.8914,0.0000,2.2000,3.0000,4.2142,1.6932,0.0000,1.6932,1.2194,2.2300
122.60,CARRY_HOME,1,-4.0236,2.7845,1.8914,0.0000,2.2000,3.0000,4.2142,1.6932,0.0000,1.6932,1.2194,2.2300
122.70,CARRY_HOME,1,-4.0236,2.7845,1.8914,0.0000,2.2000,3.0000,4.2142,1.6932,0.0000,1.6932,1.2194,2.2300
122.80,CARRY_HOME,1,-4.0236,2.7845,1.8914,0.0000,2.2000,3.0000,4.2142,1.6932,0.0000,1.6932,1.2194,2.2300
122.90,CARRY_HOME,1,-4.0236,2.7845,1.8914,0.0000,2.2000,3.0000,4.2142,1.6932,0.0000,1.6932,1.2194,2.2300
123.00,CARRY_HOME,1,-4.0236,2.7845,1.8914,0.0000,2.2000,3.0000,4.2142,1.6932,0.0000,1.6932,1.2194,2.2300
123.10,CARRY_HOME,1,-4.0236,2.7845,1.8914,0.0000,2.2000,3.0000,4.2142,1.6932,0.0000,1.6932,1.2194,2.2300
123.20,CARRY_HOME,1,-4.0236,2.7845,1.8914,0.0000,2.2000,3.0000,4.2142,1.6932,0.0000,1.6932,1.2194,2.2300
123.30,CARRY_HOME,1,-4.0236,2.7845,1.8914,0.0000,2.2000,3.0000,4.2142,1.6932,0.0000,1.6932,1.2194,2.2300
123.40,CARRY_HOME,1,-4.0236,2.7845,1.8914,0.0000,2.2000,3.0000,4.2142,1.6932,0.0000,1.6932,1.2194,2.2300
123.50,CARRY_HOME,1,-4.0236,2.7845,1.8914,0.0000,2.2000,3.0000,4.2142,1.6932,0.0000,1.6932,1.2194,2.2300
123.60,CARRY_HOME,1,-4.0236,2.7845,1.8914,0.0000,2.2000,3.0000,4.2142,1.6932,0.0000,1.6932,1.2194,2.2300
123.70,CARRY_HOME,1,-4.0236,2.7845,1.8914,0.0000,2.2000,3.0000,4.2142,1.6932,0.0000,1.6932,1.2194,2.2300
123.80,CARRY_HOME,1,-4.0236,2.7845,1.8914,0.0000,2.2000,3.0000,4.2142,1.6932,0.0000,1.6932,1.2194,2.2300
123.90,CARRY_HOME,1,-4.0236,2.7845,1.8914,0.0000,2.2000,3.0000,4.2142,1.6932,0.0000,1.6932,1.2194,2.2300
124.00,CARRY_HOME,1,-4.0236,2.7845,1.8914,0.0000,2.2000,3.0000,4.2142,1.6932,0.0000,1.6932,1.2194,2.2300
124.10,CARRY_HOME,1,-4.0236,2.7845,1.8914,0.0000,2.2000,3.0000,4.2142,1.6932,0.0000,1.6932,1.2194,2.2300
124.20,CARRY_HOME,1,-4.0236,2.7845,1.8914,0.0000,2.2000,3.0000,4.2142,1.6932,0.0000,1.6932,1.2194,2.2300
124.30,CARRY_HOME,1,-4.0236,2.7845,1.8914,0.0000,2.2000,3.0000,4.2142,1.6932,0.0000,1.6932,1.2194,2.2300
124.40,CARRY_HOME,1,-4.0236,2.7845,1.8914,0.0000,2.2000,3.0000,4.2142,1.6932,0.0000,1.6932,1.2194,2.2300
124.50,CARRY_HOME,1,-4.0236,2.7845,1.8914,0.0000,2.2000,3.0000,4.2142,1.6932,0.0000,1.6932,1.2194,2.2300
124.60,CARRY_HOME,1,-4.0236,2.7845,1.8914,0.0000,2.2000,3.0000,4.2142,1.6932,0.0000,1.6932,1.2194,2.2300
124.70,CARRY_HOME,1,-4.0236,2.7845,1.8914,0.0000,2.2000,3.0000,4.2142,1.6932,0.0000,1.6932,1.2194,2.2300
124.80,CARRY_HOME,1,-4.0236,2.7845,1.8914,0.0000,2.2000,3.0000,4.2142,1.6932,0.0000,1.6932,1.2194,2.2300
124.90,CARRY_HOME,1,-4.0236,2.7845,1.8914,0.0000,2.2000,3.0000,4.2142,1.6932,0.0000,1.6932,1.2194,2.2300
125.00,CARRY_HOME,1,-4.0236,2.7845,1.8914,0.0000,2.2000,3.0000,4.2142,1.6932,0.0000,1.6932,1.2194,2.2300
125.10,CARRY_HOME,1,-4.0236,2.7845,1.8914,0.0000,2.2000,3.0000,4.2142,1.6932,0.0000,1.6932,1.2194,2.2300
125.20,CARRY_HOME,1,-4.0236,2.7845,1.8914,0.0000,2.2000,3.0000,4.2142,1.6932,0.0000,1.6932,1.2194,2.2300
125.30,CARRY_HOME,1,-4.0236,2.7845,1.8914,0.0000,2.2000,3.0000,4.2142,1.6932,0.0000,1.6932,1.2194,2.2300
125.40,CARRY_HOME,1,-4.0236,2.7845,1.8914,0.0000,2.2000,3.0000,4.2142,1.6932,0.0000,1.6932,1.2194,2.2300
125.50,CARRY_HOME,1,-4.0236,2.7845,1.8914,0.0000,2.2000,3.0000,4.2142,1.6932,0.0000,1.6932,1.2194,2.2300
125.60,CARRY_HOME,1,-4.0236,2.7845,1.8914,0.0000,2.2000,3.0000,4.2142,1.6932,0.0000,1.6932,1.2194,2.2300
125.70,CARRY_HOME,1,-4.0236,2.7845,1.8914,0.0000,2.2000,3.0000,4.2142,1.6932,0.0000,1.6932,1.2194,2.2300
125.80,CARRY_HOME,1,-4.0236,2.7845,1.8914,0.0000,2.2000,3.0000,4.2142,1.6932,0.0000,1.6932,1.2194,2.2300
125.90,CARRY_HOME,1,-4.0236,2.7845,1.8914,0.0000,2.2000,3.0000,4.2142,1.6932,0.0000,1.6932,1.2194,2.2300
126.00,CARRY_HOME,1,-4.0236,2.7845,1.8914,0.0000,2.2000,3.0000,4.2142,1.6932,0.0000,1.6932,1.2194,2.2300
126.10,CARRY_HOME,1,-4.0236,2.7845,1.8914,0.0000,2.2000,3.0000,4.2142,1.6932,0.0000,1.6932,1.2194,2.2300
126.20,CARRY_HOME,1,-4.0236,2.7845,1.8914,0.0000,2.2000,3.0000,4.2142,1.6932,0.0000,1.6932,1.2194,2.2300
126.30,CARRY_HOME,1,-4.0236,2.7845,1.8914,0.0000,2.2000,3.0000,4.2142,1.6932,0.0000,1.6932,1.2194,2.2300
126.40,CARRY_HOME,1,-4.0236,2.7845,1.8914,0.0000,2.2000,3.0000,4.2142,1.6932,0.0000,1.6932,1.2194,2.2300
126.50,CARRY_HOME,1,-4.0236,2.7845,1.8914,0.0000,2.2000,3.0000,4.2142,1.6932,0.0000,1.6932,1.2194,2.2300
126.60,CARRY_HOME,1,-4.0236,2.7845,1.8914,0.0000,2.2000,3.0000,4.2142,1.6932,0.0000,1.6932,1.2194,2.2300
126.70,CARRY_HOME,1,-4.0236,2.7845,1.8914,0.0000,2.2000,3.0000,4.2142,1.6932,0.0000,1.6932,1.2194,2.2300
126.80,CARRY_HOME,1,-4.0236,2.7845,1.8914,0.0000,2.2000,3.0000,4.2142,1.6932,0.0000,1.6932,1.2194,2.2300
126.90,CARRY_HOME,1,-4.0236,2.7845,1.8914,0.0000,2.2000,3.0000,4.2142,1.6932,0.0000,1.6932,1.2194,2.2300
127.00,CARRY_HOME,1,-4.0236,2.7845,1.8914,0.0000,2.2000,3.0000,4.2142,1.6932,0.0000,1.6932,1.2194,2.2300
127.10,CARRY_HOME,1,-4.0236,2.7845,1.8914,0.0000,2.2000,3.0000,4.2142,1.6932,0.0000,1.6932,1.2194,2.2300
127.20,CARRY_HOME,1,-4.0236,2.7845,1.8914,0.0000,2.2000,3.0000,4.2142,1.6932,0.0000,1.6932,1.2194,2.2300
127.30,CARRY_HOME,1,-4.0236,2.7845,1.8914,0.0000,2.2000,3.0000,4.2142,1.6932,0.0000,1.6932,1.2194,2.2300
127.40,CARRY_HOME,1,-4.0236,2.7845,1.8914,0.0000,2.2000,3.0000,4.2142,1.6932,0.0000,1.6932,1.2194,2.2300
127.50,CARRY_HOME,1,-4.0236,2.7845,1.8914,0.0000,2.2000,3.0000,4.2142,1.6932,0.0000,1.6932,1.2194,2.2300
127.60,CARRY_HOME,1,-4.0236,2.7845,1.8914,0.0000,2.2000,3.0000,4.2142,1.6932,0.0000,1.6932,1.2194,2.2300
127.70,CARRY_HOME,1,-4.0236,2.7845,1.8914,0.0000,2.2000,3.0000,4.2142,1.6932,0.0000,1.6932,1.2194,2.2300
127.80,CARRY_HOME,1,-4.0236,2.7845,1.8914,0.0000,2.2000,3.0000,4.2142,1.6932,0.0000,1.6932,1.2194,2.2300
127.90,CARRY_HOME,1,-4.0236,2.7845,1.8914,0.0000,2.2000,3.0000,4.2142,1.6932,0.0000,1.6932,1.2194,2.2300
128.00,ALIGN_HOME_YAW,1,-4.0236,2.7845,1.8914,0.0000,2.2000,3.0000,4.2142,1.6932,0.0000,1.6932,1.2194,2.2300
128.10,ALIGN_HOME_YAW,1,-4.0236,2.7845,1.8914,0.0000,2.2000,3.0000,4.2142,1.6932,0.0000,1.6932,1.2194,2.2300
128.20,ALIGN_HOME_YAW,1,-4.0236,2.7845,1.8914,0.0000,2.2000,3.0000,4.2142,1.6932,0.0000,1.6932,1.2194,2.2300
128.30,ALIGN_HOME_YAW,1,-4.0236,2.7845,1.8914,0.0000,2.2000,3.0000,4.2142,1.6932,0.0000,1.6932,1.2194,2.2300
128.40,ALIGN_HOME_YAW,1,-4.0236,2.7845,1.8914,0.0000,2.2000,3.0000,4.2142,1.6932,0.0000,1.6932,1.2194,2.2300
128.50,ALIGN_HOME_YAW,1,-4.0236,2.7845,1.8914,0.0000,2.2000,3.0000,4.2142,1.6932,0.0000,1.6932,1.2194,2.2300
128.60,ALIGN_HOME_YAW,1,-4.0236,2.7845,1.8914,0.0000,2.2000,3.0000,4.2142,1.6932,0.0000,1.6932,1.2194,2.2300
128.70,ALIGN_HOME_YAW,1,-4.0236,2.7845,1.8914,0.0000,2.2000,3.0000,4.2142,1.6932,0.0000,1.6932,1.2194,2.2300
128.80,ALIGN_HOME_YAW,1,-4.0236,2.7845,1.8914,0.0000,2.2000,3.0000,4.2142,1.6932,0.0000,1.6932,1.2194,2.2300
128.90,ALIGN_HOME_YAW,1,-4.0236,2.7845,1.8914,0.0000,2.2000,3.0000,4.2142,1.6932,0.0000,1.6932,1.2194,2.2300
129.00,ALIGN_HOME_YAW,1,-4.0236,2.7845,1.8914,0.0000,2.2000,3.0000,4.2142,1.6932,0.0000,1.6932,1.2194,2.2300
129.10,ALIGN_HOME_YAW,1,-4.0236,2.7845,1.8914,0.0000,2.2000,3.0000,4.2142,1.6932,0.0000,1.6932,1.2194,2.2300
129.20,ALIGN_HOME_YAW,1,-4.0236,2.7845,1.8914,0.0000,2.2000,3.0000,4.2142,1.6932,0.0000,1.6932,1.2194,2.2300
129.30,ALIGN_HOME_YAW,1,-4.0236,2.7845,1.8914,0.0000,2.2000,3.0000,4.2142,1.6932,0.0000,1.6932,1.2194,2.2300
129.40,ALIGN_HOME_YAW,1,-4.0236,2.7845,1.8914,0.0000,2.2000,3.0000,4.2142,1.6932,0.0000,1.6932,1.2194,2.2300
129.50,ALIGN_HOME_YAW,1,-4.0236,2.7845,1.8914,0.0000,2.2000,3.0000,4.2142,1.6932,0.0000,1.6932,1.2194,2.2300
129.60,ALIGN_HOME_YAW,1,-4.0236,2.7845,1.8914,0.0000,2.2000,3.0000,4.2142,1.6932,0.0000,1.6932,1.2194,2.2300
129.70,ALIGN_HOME_YAW,1,-4.0236,2.7845,1.8914,0.0000,2.2000,3.0000,4.2142,1.6932,0.0000,1.6932,1.2194,2.2300
129.80,ALIGN_HOME_YAW,1,-4.0236,2.7845,1.8914,0.0000,2.2000,3.0000,4.2142,1.6932,0.0000,1.6932,1.2194,2.2300
129.90,ALIGN_HOME_YAW,1,-4.0236,2.7845,1.8914,0.0000,2.2000,3.0000,4.2142,1.6932,0.0000,1.6932,1.2194,2.2300
130.00,ALIGN_HOME_YAW,1,-4.0236,2.7845,1.8914,0.0000,2.2000,3.0000,4.2142,1.6932,0.0000,1.6932,1.2194,2.2300
130.10,ALIGN_HOME_YAW,1,-4.0236,2.7845,1.8914,0.0000,2.2000,3.0000,4.2142,1.6932,0.0000,1.6932,1.2194,2.2300
130.20,ALIGN_HOME_YAW,1,-4.0236,2.7845,1.8914,0.0000,2.2000,3.0000,4.2142,1.6932,0.0000,1.6932,1.2194,2.2300
130.30,ALIGN_HOME_YAW,1,-4.0236,2.7845,1.8914,0.0000,2.2000,3.0000,4.2142,1.6932,0.0000,1.6932,1.2194,2.2300
130.40,ALIGN_HOME_YAW,1,-4.0236,2.7845,1.8914,0.0000,2.2000,3.0000,4.2142,1.6932,0.0000,1.6932,1.2194,2.2300
130.50,ALIGN_HOME_YAW,1,-4.0236,2.7845,1.8914,0.0000,2.2000,3.0000,4.2142,1.6932,0.0000,1.6932,1.2194,2.2300
130.60,ALIGN_HOME_YAW,1,-4.0236,2.7845,1.8914,0.0000,2.2000,3.0000,4.2142,1.6932,0.0000,1.6932,1.2194,2.2300
130.70,ALIGN_HOME_YAW,1,-4.0236,2.7845,1.8914,0.0000,2.2000,3.0000,4.2142,1.6932,0.0000,1.6932,1.2194,2.2300
130.80,ALIGN_HOME_YAW,1,-4.0236,2.7845,1.8914,0.0000,2.2000,3.0000,4.2142,1.6932,0.0000,1.6932,1.2194,2.2300
130.90,ALIGN_HOME_YAW,1,-4.0236,2.7845,1.8914,0.0000,2.2000,3.0000,4.2142,1.6932,0.0000,1.6932,1.2194,2.2300
131.00,ALIGN_HOME_YAW,1,-4.0236,2.7845,1.8914,0.0000,2.2000,3.0000,4.2142,1.6932,0.0000,1.6932,1.2194,2.2300
131.10,ALIGN_HOME_YAW,1,-4.0236,2.7845,1.8914,0.0000,2.2000,3.0000,4.2142,1.6932,0.0000,1.6932,1.2194,2.2300
131.20,ALIGN_HOME_YAW,1,-4.0236,2.7845,1.8914,0.0000,2.2000,3.0000,4.2142,1.6932,0.0000,1.6932,1.2194,2.2300
131.30,ALIGN_HOME_YAW,1,-4.0236,2.7845,1.8914,0.0000,2.2000,3.0000,4.2142,1.6932,0.0000,1.6932,1.2194,2.2300
131.40,ALIGN_HOME_YAW,1,-4.0236,2.7845,1.8914,0.0000,2.2000,3.0000,4.2142,1.6932,0.0000,1.6932,1.2194,2.2300
131.50,ALIGN_HOME_YAW,1,-4.0236,2.7845,1.8914,0.0000,2.2000,3.0000,4.2142,1.6932,0.0000,1.6932,1.2194,2.2300
131.60,ALIGN_HOME_YAW,1,-4.0236,2.7845,1.8914,0.0000,2.2000,3.0000,4.2142,1.6932,0.0000,1.6932,1.2194,2.2300
131.70,ALIGN_HOME_YAW,1,-4.0236,2.7845,1.8914,0.0000,2.2000,3.0000,4.2142,1.6932,0.0000,1.6932,1.2194,2.2300
131.80,ALIGN_HOME_YAW,1,-4.0236,2.7845,1.8914,0.0000,2.2000,3.0000,4.2142,1.6932,0.0000,1.6932,1.2194,2.2300
131.90,ALIGN_HOME_YAW,1,-4.0236,2.7845,1.8914,0.0000,2.2000,3.0000,4.2142,1.6932,0.0000,1.6932,1.2194,2.2300
132.00,ALIGN_HOME_YAW,1,-4.0236,2.7845,1.8914,0.0000,2.2000,3.0000,4.2142,1.6932,0.0000,1.6932,1.2194,2.2300
132.10,ALIGN_HOME_YAW,1,-4.0236,2.7845,1.8914,0.0000,2.2000,3.0000,4.2142,1.6932,0.0000,1.6932,1.2194,2.2300
132.20,ALIGN_HOME_YAW,1,-4.0236,2.7845,1.8914,0.0000,2.2000,3.0000,4.2142,1.6932,0.0000,1.6932,1.2194,2.2300
132.30,ALIGN_HOME_YAW,1,-4.0236,2.7845,1.8914,0.0000,2.2000,3.0000,4.2142,1.6932,0.0000,1.6932,1.2194,2.2300
132.40,ALIGN_HOME_YAW,1,-4.0236,2.7845,1.8914,0.0000,2.2000,3.0000,4.2142,1.6932,0.0000,1.6932,1.2194,2.2300
132.50,ALIGN_HOME_YAW,1,-4.0236,2.7845,1.8914,0.0000,2.2000,3.0000,4.2142,1.6932,0.0000,1.6932,1.2194,2.2300
132.60,ALIGN_HOME_YAW,1,-4.0236,2.7845,1.8914,0.0000,2.2000,3.0000,4.2142,1.6932,0.0000,1.6932,1.2194,2.2300
132.70,ALIGN_HOME_YAW,1,-4.0236,2.7845,1.8914,0.0000,2.2000,3.0000,4.2142,1.6932,0.0000,1.6932,1.2194,2.2300
132.80,ALIGN_HOME_YAW,1,-4.0236,2.7845,1.8914,0.0000,2.2000,3.0000,4.2142,1.6932,0.0000,1.6932,1.2194,2.2300
132.90,ALIGN_HOME_YAW,1,-4.0236,2.7845,1.8914,0.0000,2.2000,3.0000,4.2142,1.6932,0.0000,1.6932,1.2194,2.2300
133.00,ALIGN_HOME_YAW,1,-4.0236,2.7845,1.8914,0.0000,2.2000,3.0000,4.2142,1.6932,0.0000,1.6932,1.2194,2.2300
133.10,ALIGN_HOME_YAW,1,-4.0236,2.7845,1.8914,0.0000,2.2000,3.0000,4.2142,1.6932,0.0000,1.6932,1.2194,2.2300
133.20,ALIGN_HOME_YAW,1,-4.0236,2.7845,1.8914,0.0000,2.2000,3.0000,4.2142,1.6932,0.0000,1.6932,1.2194,2.2300
133.30,ALIGN_HOME_YAW,1,-4.0236,2.7845,1.8914,0.0000,2.2000,3.0000,4.2142,1.6932,0.0000,1.6932,1.2194,2.2300
133.40,ALIGN_HOME_YAW,1,-4.0236,2.7845,1.8914,0.0000,2.2000,3.0000,4.2142,1.6932,0.0000,1.6932,1.2194,2.2300
133.50,ALIGN_HOME_YAW,1,-4.0236,2.7845,1.8914,0.0000,2.2000,3.0000,4.2142,1.6932,0.0000,1.6932,1.2194,2.2300
133.60,ALIGN_HOME_YAW,1,-4.0236,2.7845,1.8914,0.0000,2.2000,3.0000,4.2142,1.6932,0.0000,1.6932,1.2194,2.2300
133.70,ALIGN_HOME_YAW,1,-4.0236,2.7845,1.8914,0.0000,2.2000,3.0000,4.2142,1.6932,0.0000,1.6932,1.2194,2.2300
133.80,ALIGN_HOME_YAW,1,-4.0236,2.7845,1.8914,0.0000,2.2000,3.0000,4.2142,1.6932,0.0000,1.6932,1.2194,2.2300
133.90,ALIGN_HOME_YAW,1,-4.0236,2.7845,1.8914,0.0000,2.2000,3.0000,4.2142,1.6932,0.0000,1.6932,1.2194,2.2300
134.00,ALIGN_HOME_YAW,1,-4.0236,2.7845,1.8914,0.0000,2.2000,3.0000,4.2142,1.6932,0.0000,1.6932,1.2194,2.2300
134.10,ALIGN_HOME_YAW,1,-4.0236,2.7845,1.8914,0.0000,2.2000,3.0000,4.2142,1.6932,0.0000,1.6932,1.2194,2.2300
134.20,ALIGN_HOME_YAW,1,-4.0236,2.7845,1.8914,0.0000,2.2000,3.0000,4.2142,1.6932,0.0000,1.6932,1.2194,2.2300
134.30,ALIGN_HOME_YAW,1,-4.0236,2.7845,1.8914,0.0000,2.2000,3.0000,4.2142,1.6932,0.0000,1.6932,1.2194,2.2300
134.40,ALIGN_HOME_YAW,1,-4.0236,2.7845,1.8914,0.0000,2.2000,3.0000,4.2142,1.6932,0.0000,1.6932,1.2194,2.2300
134.50,ALIGN_HOME_YAW,1,-4.0236,2.7845,1.8914,0.0000,2.2000,3.0000,4.2142,1.6932,0.0000,1.6932,1.2194,2.2300
134.60,ALIGN_HOME_YAW,1,-4.0236,2.7845,1.8914,0.0000,2.2000,3.0000,4.2142,1.6932,0.0000,1.6932,1.2194,2.2300
134.70,ALIGN_HOME_YAW,1,-4.0236,2.7845,1.8914,0.0000,2.2000,3.0000,4.2142,1.6932,0.0000,1.6932,1.2194,2.2300
134.80,ALIGN_HOME_YAW,1,-4.0236,2.7845,1.8914,0.0000,2.2000,3.0000,4.2142,1.6932,0.0000,1.6932,1.2194,2.2300
134.90,ALIGN_HOME_YAW,1,-4.0236,2.7845,1.8914,0.0000,2.2000,3.0000,4.2142,1.6932,0.0000,1.6932,1.2194,2.2300
135.00,ALIGN_HOME_YAW,1,-4.0236,2.7845,1.8914,0.0000,2.2000,3.0000,4.2142,1.6932,0.0000,1.6932,1.2194,2.2300
135.10,ALIGN_HOME_YAW,1,-4.0236,2.7845,1.8914,0.0000,2.2000,3.0000,4.2142,1.6932,0.0000,1.6932,1.2194,2.2300
135.20,ALIGN_HOME_YAW,1,-4.0236,2.7845,1.8914,0.0000,2.2000,3.0000,4.2142,1.6932,0.0000,1.6932,1.2194,2.2300
135.30,ALIGN_HOME_YAW,1,-4.0236,2.7845,1.8914,0.0000,2.2000,3.0000,4.2142,1.6932,0.0000,1.6932,1.2194,2.2300
135.40,ALIGN_HOME_YAW,1,-4.0236,2.7845,1.8914,0.0000,2.2000,3.0000,4.2142,1.6932,0.0000,1.6932,1.2194,2.2300
135.50,ALIGN_HOME_YAW,1,-4.0236,2.7845,1.8914,0.0000,2.2000,3.0000,4.2142,1.6932,0.0000,1.6932,1.2194,2.2300
135.60,ALIGN_HOME_YAW,1,-4.0236,2.7845,1.8914,0.0000,2.2000,3.0000,4.2142,1.6932,0.0000,1.6932,1.2194,2.2300
135.70,ALIGN_HOME_YAW,1,-4.0236,2.7845,1.8914,0.0000,2.2000,3.0000,4.2142,1.6932,0.0000,1.6932,1.2194,2.2300
135.80,ALIGN_HOME_YAW,1,-4.0236,2.7845,1.8914,0.0000,2.2000,3.0000,4.2142,1.6932,0.0000,1.6932,1.2194,2.2300
135.90,ALIGN_HOME_YAW,1,-4.0236,2.7845,1.8914,0.0000,2.2000,3.0000,4.2142,1.6932,0.0000,1.6932,1.2194,2.2300
136.00,ALIGN_HOME_YAW,1,-4.0236,2.7845,1.8914,0.0000,2.2000,3.0000,4.2142,1.6932,0.0000,1.6932,1.2194,2.2300
136.10,ALIGN_HOME_YAW,1,-4.0236,2.7845,1.8914,0.0000,2.2000,3.0000,4.2142,1.6932,0.0000,1.6932,1.2194,2.2300
136.20,ALIGN_HOME_YAW,1,-4.0236,2.7845,1.8914,0.0000,2.2000,3.0000,4.2142,1.6932,0.0000,1.6932,1.2194,2.2300
136.30,ALIGN_HOME_YAW,1,-4.0236,2.7845,1.8914,0.0000,2.2000,3.0000,4.2142,1.6932,0.0000,1.6932,1.2194,2.2300
136.40,ALIGN_HOME_YAW,1,-4.0236,2.7845,1.8914,0.0000,2.2000,3.0000,4.2142,1.6932,0.0000,1.6932,1.2194,2.2300
136.50,ALIGN_HOME_YAW,1,-4.0236,2.7845,1.8914,0.0000,2.2000,3.0000,4.2142,1.6932,0.0000,1.6932,1.2194,2.2300
136.60,ALIGN_HOME_YAW,1,-4.0236,2.7845,1.8914,0.0000,2.2000,3.0000,4.2142,1.6932,0.0000,1.6932,1.2194,2.2300
136.70,ALIGN_HOME_YAW,1,-4.0236,2.7845,1.8914,0.0000,2.2000,3.0000,4.2142,1.6932,0.0000,1.6932,1.2194,2.2300
136.80,ALIGN_HOME_YAW,1,-4.0236,2.7845,1.8914,0.0000,2.2000,3.0000,4.2142,1.6932,0.0000,1.6932,1.2194,2.2300
136.90,ALIGN_HOME_YAW,1,-4.0236,2.7845,1.8914,0.0000,2.2000,3.0000,4.2142,1.6932,0.0000,1.6932,1.2194,2.2300
137.00,ALIGN_HOME_YAW,1,-4.0236,2.7845,1.8914,0.0000,2.2000,3.0000,4.2142,1.6932,0.0000,1.6932,1.2194,2.2300
137.10,ALIGN_HOME_YAW,1,-4.0236,2.7845,1.8914,0.0000,2.2000,3.0000,4.2142,1.6932,0.0000,1.6932,1.2194,2.2300
137.20,ALIGN_HOME_YAW,1,-4.0236,2.7845,1.8914,0.0000,2.2000,3.0000,4.2142,1.6932,0.0000,1.6932,1.2194,2.2300
137.30,ALIGN_HOME_YAW,1,-4.0236,2.7845,1.8914,0.0000,2.2000,3.0000,4.2142,1.6932,0.0000,1.6932,1.2194,2.2300
137.40,ALIGN_HOME_YAW,1,-4.0236,2.7845,1.8914,0.0000,2.2000,3.0000,4.2142,1.6932,0.0000,1.6932,1.2194,2.2300
137.50,ALIGN_HOME_YAW,1,-4.0236,2.7845,1.8914,0.0000,2.2000,3.0000,4.2142,1.6932,0.0000,1.6932,1.2194,2.2300
137.60,ALIGN_HOME_YAW,1,-4.0236,2.7845,1.8914,0.0000,2.2000,3.0000,4.2142,1.6932,0.0000,1.6932,1.2194,2.2300
137.70,ALIGN_HOME_YAW,1,-4.0236,2.7845,1.8914,0.0000,2.2000,3.0000,4.2142,1.6932,0.0000,1.6932,1.2194,2.2300
137.80,ALIGN_HOME_YAW,1,-4.0236,2.7845,1.8914,0.0000,2.2000,3.0000,4.2142,1.6932,0.0000,1.6932,1.2194,2.2300
137.90,ALIGN_HOME_YAW,1,-4.0236,2.7845,1.8914,0.0000,2.2000,3.0000,4.2142,1.6932,0.0000,1.6932,1.2194,2.2300
138.00,OPEN,1,-4.0236,2.7845,1.8914,0.0000,2.2000,3.0000,4.2142,1.6932,0.0000,1.6932,1.2194,2.2300
138.10,SETTLE,1,-4.0236,2.7845,1.8914,0.0000,2.2000,3.0000,4.2142,1.6932,0.0000,1.6932,1.2194,0.0500
138.20,SETTLE,1,-4.0236,2.7845,1.8914,0.0000,2.2000,3.0000,4.2142,1.6932,0.0000,1.6932,1.2194,0.0500
138.30,SETTLE,1,-4.0236,2.7845,1.8914,0.0000,2.2000,3.0000,4.2142,1.6932,0.0000,1.6932,1.2194,0.0500
138.40,SETTLE,1,-4.0236,2.7845,1.8914,0.0000,2.2000,3.0000,4.2142,1.6932,0.0000,1.6932,1.2194,0.0500
138.50,SETTLE,1,-4.0236,2.7845,1.8914,0.0000,2.2000,3.0000,4.2142,1.6932,0.0000,1.6932,1.2194,0.0500
138.60,SETTLE,1,-4.0236,2.7845,1.8914,0.0000,2.2000,3.0000,4.2142,1.6932,0.0000,1.6932,1.2194,0.0500
138.70,SETTLE,1,-4.0236,2.7845,1.8914,0.0000,2.2000,3.0000,4.2142,1.6932,0.0000,1.6932,1.2194,0.0500
138.80,SETTLE,1,-4.0236,2.7845,1.8914,0.0000,2.2000,3.0000,4.2142,1.6932,0.0000,1.6932,1.2194,0.0500
138.90,SETTLE,1,-4.0236,2.7845,1.8914,0.0000,2.2000,3.0000,4.2142,1.6932,0.0000,1.6932,1.2194,0.0500
139.00,SETTLE,1,-4.0236,2.7845,1.8914,0.0000,2.2000,3.0000,4.2142,1.6932,0.0000,1.6932,1.2194,0.0500
139.10,SETTLE,1,-4.0236,2.7845,1.8914,0.0000,2.2000,3.0000,4.2142,1.6932,0.0000,1.6932,1.2194,0.0500
139.20,SETTLE,1,-4.0236,2.7845,1.8914,0.0000,2.2000,3.0000,4.2142,1.6932,0.0000,1.6932,1.2194,0.0500
139.30,SETTLE,1,-4.0236,2.7845,1.8914,0.0000,2.2000,3.0000,4.2142,1.6932,0.0000,1.6932,1.2194,0.0500
139.40,SETTLE,1,-4.0236,2.7845,1.8914,0.0000,2.2000,3.0000,4.2142,1.6932,0.0000,1.6932,1.2194,0.0500
139.50,SETTLE,1,-4.0236,2.7845,1.8914,0.0000,2.2000,3.0000,4.2142,1.6932,0.0000,1.6932,1.2194,0.0500
139.60,CLEAR,1,-4.0236,2.7845,1.8914,0.0000,2.2000,3.0000,4.2142,1.6932,0.0000,1.6932,1.2194,0.0500
139.70,CLEAR,1,-4.0236,2.7845,1.8914,0.0000,2.2000,3.0000,4.2142,1.6932,0.0000,1.6932,1.2194,0.0500
139.80,CLEAR,1,-4.0236,2.7845,1.8914,0.0000,2.2000,3.0000,4.2142,1.6932,0.0000,1.6932,1.2194,0.0500
139.90,CLEAR,1,-4.0236,2.7845,1.8914,0.0000,2.2000,3.0000,4.2142,1.6932,0.0000,1.6932,1.2194,0.0500
140.00,CLEAR,1,-4.0236,2.7845,1.8914,0.0000,2.2000,3.0000,4.2142,1.6932,0.0000,1.6932,1.2194,0.0500
140.10,CLEAR,1,-4.0236,2.7845,1.8914,0.0000,2.2000,3.0000,4.2142,1.6932,0.0000,1.6932,1.2194,0.0500
140.20,CLEAR,1,-4.0236,2.7845,1.8914,0.0000,2.2000,3.0000,4.2142,1.6932,0.0000,1.6932,1.2194,0.0500
140.30,CLEAR,1,-4.0236,2.7845,1.8914,0.0000,2.2000,3.0000,4.2142,1.6932,0.0000,1.6932,1.2194,0.0500
140.40,CLEAR,1,-4.0236,2.7845,1.8914,0.0000,2.2000,3.0000,4.2142,1.6932,0.0000,1.6932,1.2194,0.0500
140.50,CLEAR,1,-4.0236,2.7845,1.8914,0.0000,2.2000,3.0000,4.2142,1.6932,0.0000,1.6932,1.2194,0.0500
140.60,CLEAR,1,-4.0236,2.7845,1.8914,0.0000,2.2000,3.0000,4.2142,1.6932,0.0000,1.6932,1.2194,0.0500
140.70,CLEAR,1,-4.0236,2.7845,1.8914,0.0000,2.2000,3.0000,4.2142,1.6932,0.0000,1.6932,1.2194,0.0500
140.80,CLEAR,1,-4.0236,2.7845,1.8914,0.0000,2.2000,3.0000,4.2142,1.6932,0.0000,1.6932,1.2194,0.0500
140.90,CLEAR,1,-4.0236,2.7845,1.8914,0.0000,2.2000,3.0000,4.2142,1.6932,0.0000,1.6932,1.2194,0.0500
141.00,CLEAR,1,-4.0236,2.7845,1.8914,0.0000,2.2000,3.0000,4.2142,1.6932,0.0000,1.6932,1.2194,0.0500
141.10,CLEAR,1,-4.0236,2.7845,1.8914,0.0000,2.2000,3.0000,4.2142,1.6932,0.0000,1.6932,1.2194,0.0500
141.20,CLEAR,1,-4.0236,2.7845,1.8914,0.0000,2.2000,3.0000,4.2142,1.6932,0.0000,1.6932,1.2194,0.0500
141.30,CLEAR,1,-4.0236,2.7845,1.8914,0.0000,2.2000,3.0000,4.2142,1.6932,0.0000,1.6932,1.2194,0.0500
141.40,CLEAR,1,-4.0236,2.7845,1.8914,0.0000,2.2000,3.0000,4.2142,1.6932,0.0000,1.6932,1.2194,0.0500
141.50,CLEAR,1,-4.0236,2.7845,1.8914,0.0000,2.2000,3.0000,4.2142,1.6932,0.0000,1.6932,1.2194,0.0500
141.60,CLEAR,1,-4.0236,2.7845,1.8914,0.0000,2.2000,3.0000,4.2142,1.6932,0.0000,1.6932,1.2194,0.0500
141.70,CLEAR,1,-4.0236,2.7845,1.8914,0.0000,2.2000,3.0000,4.2142,1.6932,0.0000,1.6932,1.2194,0.0500
141.80,CLEAR,1,-4.0236,2.7845,1.8914,0.0000,2.2000,3.0000,4.2142,1.6932,0.0000,1.6932,1.2194,0.0500
141.90,CLEAR,1,-4.0236,2.7845,1.8914,0.0000,2.2000,3.0000,4.2142,1.6932,0.0000,1.6932,1.2194,0.0500
142.00,CLEAR,1,-4.0236,2.7845,1.8914,0.0000,2.2000,3.0000,4.2142,1.6932,0.0000,1.6932,1.2194,0.0500
142.10,CLEAR,1,-4.0236,2.7845,1.8914,0.0000,2.2000,3.0000,4.2142,1.6932,0.0000,1.6932,1.2194,0.0500
142.20,CLEAR,1,-4.0236,2.7845,1.8914,0.0000,2.2000,3.0000,4.2142,1.6932,0.0000,1.6932,1.2194,0.0500
142.30,CLEAR,1,-4.0236,2.7845,1.8914,0.0000,2.2000,3.0000,4.2142,1.6932,0.0000,1.6932,1.2194,0.0500
142.40,CLEAR,1,-4.0236,2.7845,1.8914,0.0000,2.2000,3.0000,4.2142,1.6932,0.0000,1.6932,1.2194,0.0500
142.50,CLEAR,1,-4.0236,2.7845,1.8914,0.0000,2.2000,3.0000,4.2142,1.6932,0.0000,1.6932,1.2194,0.0500
142.60,CLEAR,1,-4.0236,2.7845,1.8914,0.0000,2.2000,3.0000,4.2142,1.6932,0.0000,1.6932,1.2194,0.0500
142.70,CLEAR,1,-4.0236,2.7845,1.8914,0.0000,2.2000,3.0000,4.2142,1.6932,0.0000,1.6932,1.2194,0.0500
142.80,CLEAR,1,-4.0236,2.7845,1.8914,0.0000,2.2000,3.0000,4.2142,1.6932,0.0000,1.6932,1.2194,0.0500
142.90,CLEAR,1,-4.0236,2.7845,1.8914,0.0000,2.2000,3.0000,4.2142,1.6932,0.0000,1.6932,1.2194,0.0500
143.00,CLEAR,1,-4.0236,2.7845,1.8914,0.0000,2.2000,3.0000,4.2142,1.6932,0.0000,1.6932,1.2194,0.0500
143.10,CLEAR,1,-4.0236,2.7845,1.8914,0.0000,2.2000,3.0000,4.2142,1.6932,0.0000,1.6932,1.2194,0.0500
143.20,CLEAR,1,-4.0236,2.7845,1.8914,0.0000,2.2000,3.0000,4.2142,1.6932,0.0000,1.6932,1.2194,0.0500
143.30,CLEAR,1,-4.0236,2.7845,1.8914,0.0000,2.2000,3.0000,4.2142,1.6932,0.0000,1.6932,1.2194,0.0500
143.40,CLEAR,1,-4.0236,2.7845,1.8914,0.0000,2.2000,3.0000,4.2142,1.6932,0.0000,1.6932,1.2194,0.0500
143.50,CLEAR,1,-4.0236,2.7845,1.8914,0.0000,2.2000,3.0000,4.2142,1.6932,0.0000,1.6932,1.2194,0.0500
143.60,CLEAR,1,-4.0236,2.7845,1.8914,0.0000,2.2000,3.0000,4.2142,1.6932,0.0000,1.6932,1.2194,0.0500
143.70,CLEAR,1,-4.0236,2.7845,1.8914,0.0000,2.2000,3.0000,4.2142,1.6932,0.0000,1.6932,1.2194,0.0500
143.80,CLEAR,1,-4.0236,2.7845,1.8914,0.0000,2.2000,3.0000,4.2142,1.6932,0.0000,1.6932,1.2194,0.0500
143.90,CLEAR,1,-4.0236,2.7845,1.8914,0.0000,2.2000,3.0000,4.2142,1.6932,0.0000,1.6932,1.2194,0.0500
144.00,CLEAR,1,-4.0236,2.7845,1.8914,0.0000,2.2000,3.0000,4.2142,1.6932,0.0000,1.6932,1.2194,0.0500
144.10,CLEAR,1,-4.0236,2.7845,1.8914,0.0000,2.2000,3.0000,4.2142,1.6932,0.0000,1.6932,1.2194,0.0500
144.20,CLEAR,1,-4.0236,2.7845,1.8914,0.0000,2.2000,3.0000,4.2142,1.6932,0.0000,1.6932,1.2194,0.0500
144.30,CLEAR,1,-4.0236,2.7845,1.8914,0.0000,2.2000,3.0000,4.2142,1.6932,0.0000,1.6932,1.2194,0.0500
144.40,CLEAR,1,-4.0236,2.7845,1.8914,0.0000,2.2000,3.0000,4.2142,1.6932,0.0000,1.6932,1.2194,0.0500
144.50,CLEAR,1,-4.0236,2.7845,1.8914,0.0000,2.2000,3.0000,4.2142,1.6932,0.0000,1.6932,1.2194,0.0500
144.60,CLEAR,1,-4.0236,2.7845,1.8914,0.0000,2.2000,3.0000,4.2142,1.6932,0.0000,1.6932,1.2194,0.0500
144.70,CLEAR,1,-4.0236,2.7845,1.8914,0.0000,2.2000,3.0000,4.2142,1.6932,0.0000,1.6932,1.2194,0.0500
144.80,CLEAR,1,-4.0236,2.7845,1.8914,0.0000,2.2000,3.0000,4.2142,1.6932,0.0000,1.6932,1.2194,0.0500
144.90,CLEAR,1,-4.0236,2.7845,1.8914,0.0000,2.2000,3.0000,4.2142,1.6932,0.0000,1.6932,1.2194,0.0500
145.00,CLEAR,1,-4.0236,2.7845,1.8914,0.0000,2.2000,3.0000,4.2142,1.6932,0.0000,1.6932,1.2194,0.0500
145.10,CLEAR,1,-4.0236,2.7845,1.8914,0.0000,2.2000,3.0000,4.2142,1.6932,0.0000,1.6932,1.2194,0.0500
145.20,CLEAR,1,-4.0236,2.7845,1.8914,0.0000,2.2000,3.0000,4.2142,1.6932,0.0000,1.6932,1.2194,0.0500
145.30,CLEAR,1,-4.0236,2.7845,1.8914,0.0000,2.2000,3.0000,4.2142,1.6932,0.0000,1.6932,1.2194,0.0500
145.40,CLEAR,1,-4.0236,2.7845,1.8914,0.0000,2.2000,3.0000,4.2142,1.6932,0.0000,1.6932,1.2194,0.0500
145.50,CLEAR,1,-4.0236,2.7845,1.8914,0.0000,2.2000,3.0000,4.2142,1.6932,0.0000,1.6932,1.2194,0.0500
145.60,CLEAR,1,-4.0236,2.7845,1.8914,0.0000,2.2000,3.0000,4.2142,1.6932,0.0000,1.6932,1.2194,0.0500
145.70,CLEAR,1,-4.0236,2.7845,1.8914,0.0000,2.2000,3.0000,4.2142,1.6932,0.0000,1.6932,1.2194,0.0500
145.80,CLEAR,1,-4.0236,2.7845,1.8914,0.0000,2.2000,3.0000,4.2142,1.6932,0.0000,1.6932,1.2194,0.0500
145.90,CLEAR,1,-4.0236,2.7845,1.8914,0.0000,2.2000,3.0000,4.2142,1.6932,0.0000,1.6932,1.2194,0.0500
146.00,CLEAR,1,-4.0236,2.7845,1.8914,0.0000,2.2000,3.0000,4.2142,1.6932,0.0000,1.6932,1.2194,0.0500
146.10,CLEAR,1,-4.0236,2.7845,1.8914,0.0000,2.2000,3.0000,4.2142,1.6932,0.0000,1.6932,1.2194,0.0500
146.20,CLEAR,1,-4.0236,2.7845,1.8914,0.0000,2.2000,3.0000,4.2142,1.6932,0.0000,1.6932,1.2194,0.0500
146.30,CLEAR,1,-4.0236,2.7845,1.8914,0.0000,2.2000,3.0000,4.2142,1.6932,0.0000,1.6932,1.2194,0.0500
146.40,CLEAR,1,-4.0236,2.7845,1.8914,0.0000,2.2000,3.0000,4.2142,1.6932,0.0000,1.6932,1.2194,0.0500
146.50,CLEAR,1,-4.0236,2.7845,1.8914,0.0000,2.2000,3.0000,4.2142,1.6932,0.0000,1.6932,1.2194,0.0500
146.60,CLEAR,1,-4.0236,2.7845,1.8914,0.0000,2.2000,3.0000,4.2142,1.6932,0.0000,1.6932,1.2194,0.0500
146.70,CLEAR,1,-4.0236,2.7845,1.8914,0.0000,2.2000,3.0000,4.2142,1.6932,0.0000,1.6932,1.2194,0.0500
146.80,CLEAR,1,-4.0236,2.7845,1.8914,0.0000,2.2000,3.0000,4.2142,1.6932,0.0000,1.6932,1.2194,0.0500
146.90,CLEAR,1,-4.0236,2.7845,1.8914,0.0000,2.2000,3.0000,4.2142,1.6932,0.0000,1.6932,1.2194,0.0500
147.00,CLEAR,1,-4.0236,2.7845,1.8914,0.0000,2.2000,3.0000,4.2142,1.6932,0.0000,1.6932,1.2194,0.0500
147.10,CLEAR,1,-4.0236,2.7845,1.8914,0.0000,2.2000,3.0000,4.2142,1.6932,0.0000,1.6932,1.2194,0.0500
147.20,CLEAR,1,-4.0236,2.7845,1.8914,0.0000,2.2000,3.0000,4.2142,1.6932,0.0000,1.6932,1.2194,0.0500
147.30,CLEAR,1,-4.0236,2.7845,1.8914,0.0000,2.2000,3.0000,4.2142,1.6932,0.0000,1.6932,1.2194,0.0500
147.40,CLEAR,1,-4.0236,2.7845,1.8914,0.0000,2.2000,3.0000,4.2142,1.6932,0.0000,1.6932,1.2194,0.0500
147.50,CLEAR,1,-4.0236,2.7845,1.8914,0.0000,2.2000,3.0000,4.2142,1.6932,0.0000,1.6932,1.2194,0.0500
147.60,CLEAR,1,-4.0236,2.7845,1.8914,0.0000,2.2000,3.0000,4.2142,1.6932,0.0000,1.6932,1.2194,0.0500
147.70,CLEAR,1,-4.0236,2.7845,1.8914,0.0000,2.2000,3.0000,4.2142,1.6932,0.0000,1.6932,1.2194,0.0500
147.80,CLEAR,1,-4.0236,2.7845,1.8914,0.0000,2.2000,3.0000,4.2142,1.6932,0.0000,1.6932,1.2194,0.0500
147.90,CLEAR,1,-4.0236,2.7845,1.8914,0.0000,2.2000,3.0000,4.2142,1.6932,0.0000,1.6932,1.2194,0.0500
148.00,CLEAR,1,-4.0236,2.7845,1.8914,0.0000,2.2000,3.0000,4.2142,1.6932,0.0000,1.6932,1.2194,0.0500
148.10,CLEAR,1,-4.0236,2.7845,1.8914,0.0000,2.2000,3.0000,4.2142,1.6932,0.0000,1.6932,1.2194,0.0500
148.20,CLEAR,1,-4.0236,2.7845,1.8914,0.0000,2.2000,3.0000,4.2142,1.6932,0.0000,1.6932,1.2194,0.0500
148.30,CLEAR,1,-4.0236,2.7845,1.8914,0.0000,2.2000,3.0000,4.2142,1.6932,0.0000,1.6932,1.2194,0.0500
148.40,CLEAR,1,-4.0236,2.7845,1.8914,0.0000,2.2000,3.0000,4.2142,1.6932,0.0000,1.6932,1.2194,0.0500
148.50,CLEAR,1,-4.0236,2.7845,1.8914,0.0000,2.2000,3.0000,4.2142,1.6932,0.0000,1.6932,1.2194,0.0500
148.60,CLEAR,1,-4.0236,2.7845,1.8914,0.0000,2.2000,3.0000,4.2142,1.6932,0.0000,1.6932,1.2194,0.0500
148.70,CLEAR,1,-4.0236,2.7845,1.8914,0.0000,2.2000,3.0000,4.2142,1.6932,0.0000,1.6932,1.2194,0.0500
148.80,CLEAR,1,-4.0236,2.7845,1.8914,0.0000,2.2000,3.0000,4.2142,1.6932,0.0000,1.6932,1.2194,0.0500
148.90,CLEAR,1,-4.0236,2.7845,1.8914,0.0000,2.2000,3.0000,4.2142,1.6932,0.0000,1.6932,1.2194,0.0500
149.00,CLEAR,1,-4.0236,2.7845,1.8914,0.0000,2.2000,3.0000,4.2142,1.6932,0.0000,1.6932,1.2194,0.0500
149.10,CLEAR,1,-4.0236,2.7845,1.8914,0.0000,2.2000,3.0000,4.2142,1.6932,0.0000,1.6932,1.2194,0.0500
149.20,CLEAR,1,-4.0236,2.7845,1.8914,0.0000,2.2000,3.0000,4.2142,1.6932,0.0000,1.6932,1.2194,0.0500
149.30,CLEAR,1,-4.0236,2.7845,1.8914,0.0000,2.2000,3.0000,4.2142,1.6932,0.0000,1.6932,1.2194,0.0500
149.40,CLEAR,1,-4.0236,2.7845,1.8914,0.0000,2.2000,3.0000,4.2142,1.6932,0.0000,1.6932,1.2194,0.0500
149.50,CLEAR,1,-4.0236,2.7845,1.8914,0.0000,2.2000,3.0000,4.2142,1.6932,0.0000,1.6932,1.2194,0.0500
149.60,HOVER_UP,2,-4.0236,2.7845,1.8914,0.0000,2.2000,3.0000,4.2142,1.6932,0.0000,1.6932,1.2194,0.0500
149.77,HOVER_UP,2,-4.0236,2.7845,1.8914,-4.1664,2.6951,1.5480,0.3825,1.6932,1.6932,0.0000,1.2194,0.0500
149.80,HOVER_UP,2,-4.0236,2.7845,1.8914,-4.1664,2.6951,1.5480,0.3825,1.6932,1.6932,0.0000,1.2194,0.0500
149.90,HOVER_UP,2,-4.0236,2.7845,1.8914,-4.1664,2.6951,1.5480,0.3825,1.6932,1.6932,0.0000,1.2194,0.0500
150.00,HOVER_UP,2,-4.0236,2.7845,1.8914,-4.1664,2.6951,1.5480,0.3825,1.6932,1.6932,0.0000,1.2194,0.0500
150.10,HOVER_UP,2,-4.0236,2.7845,1.8914,-4.1664,2.6951,1.5480,0.3825,1.6932,1.6932,0.0000,1.2194,0.0500
150.20,HOVER_UP,2,-4.0236,2.7845,1.8914,-4.1664,2.6951,1.5480,0.3825,1.6932,1.6932,0.0000,1.2194,0.0500
150.30,HOVER_UP,2,-4.0236,2.7845,1.8914,-4.1664,2.6951,1.5480,0.3825,1.6932,1.6932,0.0000,1.2194,0.0500
150.40,HOVER_UP,2,-4.0236,2.7845,1.8914,-4.1664,2.6951,1.5480,0.3825,1.6932,1.6932,0.0000,1.2194,0.0500
150.50,HOVER_UP,2,-4.0236,2.7845,1.8914,-4.1664,2.6951,1.5480,0.3825,1.6932,1.6932,0.0000,1.2194,0.0500
150.60,HOVER_UP,2,-4.0236,2.7845,1.8914,-4.1664,2.6951,1.5480,0.3825,1.6932,1.6932,0.0000,1.2194,0.0500
150.70,HOVER_UP,2,-4.0236,2.7845,1.8914,-4.1664,2.6951,1.5480,0.3825,1.6932,1.6932,0.0000,1.2194,0.0500
150.80,HOVER_UP,2,-4.0236,2.7845,1.8914,-4.1664,2.6951,1.5480,0.3825,1.6932,1.6932,0.0000,1.2194,0.0500
150.90,HOVER_UP,2,-4.0236,2.7845,1.8914,-4.1664,2.6951,1.5480,0.3825,1.6932,1.6932,0.0000,1.2194,0.0500
151.00,HOVER_UP,2,-4.0236,2.7845,1.8914,-4.1664,2.6951,1.5480,0.3825,1.6932,1.6932,0.0000,1.2194,0.0500
